REGIAO:;S
UF:;RS
ESTACAO:;SAO VICENTE DO SUL
CODIGO (WMO):;A889
LATITUDE:;-29,70222222
LONGITUDE:;-54,69444444
ALTITUDE:;134
DATA DE FUNDACAO:;06/04/16
Data;Hora UTC;PRECIPITAÇÃO TOTAL, HORÁRIO (mm);PRESSAO ATMOSFERICA AO NIVEL DA ESTACAO, HORARIA (mB);PRESSÃO ATMOSFERICA MAX.NA HORA ANT. (AUT) (mB);PRESSÃO ATMOSFERICA MIN. NA HORA ANT. (AUT) (mB);RADIACAO GLOBAL (Kj/m²);TEMPERATURA DO AR - BULBO SECO, HORARIA (°C);TEMPERATURA DO PONTO DE ORVALHO (°C);TEMPERATURA MÁXIMA NA HORA ANT. (AUT) (°C);TEMPERATURA MÍNIMA NA HORA ANT. (AUT) (°C);TEMPERATURA ORVALHO MAX. NA HORA ANT. (AUT) (°C);TEMPERATURA ORVALHO MIN. NA HORA ANT. (AUT) (°C);UMIDADE REL. MAX. NA HORA ANT. (AUT) (%);UMIDADE REL. MIN. NA HORA ANT. (AUT) (%);UMIDADE RELATIVA DO AR, HORARIA (%);VENTO, DIREÇÃO HORARIA (gr) (° (gr));VENTO, RAJADA MAXIMA (m/s);VENTO, VELOCIDADE HORARIA (m/s);
2026/01/01;0000 UTC;;;;;;;;;;;;;;;;;;
2026/01/01;0100 UTC;;;;;;;;;;;;;;;;;;
2026/01/01;0200 UTC;;;;;;;;;;;;;;;;;;
2026/01/01;0300 UTC;;;;;;;;;;;;;;;;;;
2026/01/01;0400 UTC;;;;;;;;;;;;;;;;;;
2026/01/01;0500 UTC;;;;;;;;;;;;;;;;;;
2026/01/01;0600 UTC;;;;;;;;;;;;;;;;;;
2026/01/01;0700 UTC;;;;;;;;;;;;;;;;;;
2026/01/01;0800 UTC;;;;;;;;;;;;;;;;;;
2026/01/01;0900 UTC;;;;;;;;;;;;;;;;;;
2026/01/01;1000 UTC;;;;;;;;;;;;;;;;;;
2026/01/01;1100 UTC;;;;;;;;;;;;;;;;;;
2026/01/01;1200 UTC;;;;;;;;;;;;;;;;;;
2026/01/01;1300 UTC;;;;;;;;;;;;;;;;;;
2026/01/01;1400 UTC;;;;;;;;;;;;;;;;;;
2026/01/01;1500 UTC;;;;;;;;;;;;;;;;;;
2026/01/01;1600 UTC;;;;;;;;;;;;;;;;;;
2026/01/01;1700 UTC;;;;;;;;;;;;;;;;;;
2026/01/01;1800 UTC;;;;;;;;;;;;;;;;;;
2026/01/01;1900 UTC;;;;;;;;;;;;;;;;;;
2026/01/01;2000 UTC;;;;;;;;;;;;;;;;;;
2026/01/01;2100 UTC;;;;;;;;;;;;;;;;;;
2026/01/01;2200 UTC;;;;;;;;;;;;;;;;;;
2026/01/01;2300 UTC;;;;;;;;;;;;;;;;;;
2026/01/02;0000 UTC;;;;;;;;;;;;;;;;;;
2026/01/02;0100 UTC;;;;;;;;;;;;;;;;;;
2026/01/02;0200 UTC;;;;;;;;;;;;;;;;;;
2026/01/02;0300 UTC;;;;;;;;;;;;;;;;;;
2026/01/02;0400 UTC;;;;;;;;;;;;;;;;;;
2026/01/02;0500 UTC;;;;;;;;;;;;;;;;;;
2026/01/02;0600 UTC;;;;;;;;;;;;;;;;;;
2026/01/02;0700 UTC;;;;;;;;;;;;;;;;;;
2026/01/02;0800 UTC;;;;;;;;;;;;;;;;;;
2026/01/02;0900 UTC;;;;;;;;;;;;;;;;;;
2026/01/02;1000 UTC;;;;;;;;;;;;;;;;;;
2026/01/02;1100 UTC;;;;;;;;;;;;;;;;;;
2026/01/02;1200 UTC;;;;;;;;;;;;;;;;;;
2026/01/02;1300 UTC;;;;;;;;;;;;;;;;;;
2026/01/02;1400 UTC;;;;;;;;;;;;;;;;;;
2026/01/02;1500 UTC;;;;;;;;;;;;;;;;;;
2026/01/02;1600 UTC;;;;;;;;;;;;;;;;;;
2026/01/02;1700 UTC;;;;;;;;;;;;;;;;;;
2026/01/02;1800 UTC;;;;;;;;;;;;;;;;;;
2026/01/02;1900 UTC;;;;;;;;;;;;;;;;;;
2026/01/02;2000 UTC;;;;;;;;;;;;;;;;;;
2026/01/02;2100 UTC;;;;;;;;;;;;;;;;;;
2026/01/02;2200 UTC;;;;;;;;;;;;;;;;;;
2026/01/02;2300 UTC;;;;;;;;;;;;;;;;;;
2026/01/03;0000 UTC;;;;;;;;;;;;;;;;;;
2026/01/03;0100 UTC;;;;;;;;;;;;;;;;;;
2026/01/03;0200 UTC;;;;;;;;;;;;;;;;;;
2026/01/03;0300 UTC;;;;;;;;;;;;;;;;;;
2026/01/03;0400 UTC;;;;;;;;;;;;;;;;;;
2026/01/03;0500 UTC;;;;;;;;;;;;;;;;;;
2026/01/03;0600 UTC;;;;;;;;;;;;;;;;;;
2026/01/03;0700 UTC;;;;;;;;;;;;;;;;;;
2026/01/03;0800 UTC;;;;;;;;;;;;;;;;;;
2026/01/03;0900 UTC;;;;;;;;;;;;;;;;;;
2026/01/03;1000 UTC;;;;;;;;;;;;;;;;;;
2026/01/03;1100 UTC;;;;;;;;;;;;;;;;;;
2026/01/03;1200 UTC;;;;;;;;;;;;;;;;;;
2026/01/03;1300 UTC;;;;;;;;;;;;;;;;;;
2026/01/03;1400 UTC;;;;;;;;;;;;;;;;;;
2026/01/03;1500 UTC;;;;;;;;;;;;;;;;;;
2026/01/03;1600 UTC;;;;;;;;;;;;;;;;;;
2026/01/03;1700 UTC;;;;;;;;;;;;;;;;;;
2026/01/03;1800 UTC;;;;;;;;;;;;;;;;;;
2026/01/03;1900 UTC;;;;;;;;;;;;;;;;;;
2026/01/03;2000 UTC;;;;;;;;;;;;;;;;;;
2026/01/03;2100 UTC;;;;;;;;;;;;;;;;;;
2026/01/03;2200 UTC;;;;;;;;;;;;;;;;;;
2026/01/03;2300 UTC;;;;;;;;;;;;;;;;;;
2026/01/04;0000 UTC;;;;;;;;;;;;;;;;;;
2026/01/04;0100 UTC;;;;;;;;;;;;;;;;;;
2026/01/04;0200 UTC;;;;;;;;;;;;;;;;;;
2026/01/04;0300 UTC;;;;;;;;;;;;;;;;;;
2026/01/04;0400 UTC;;;;;;;;;;;;;;;;;;
2026/01/04;0500 UTC;;;;;;;;;;;;;;;;;;
2026/01/04;0600 UTC;;;;;;;;;;;;;;;;;;
2026/01/04;0700 UTC;;;;;;;;;;;;;;;;;;
2026/01/04;0800 UTC;;;;;;;;;;;;;;;;;;
2026/01/04;0900 UTC;;;;;;;;;;;;;;;;;;
2026/01/04;1000 UTC;;;;;;;;;;;;;;;;;;
2026/01/04;1100 UTC;;;;;;;;;;;;;;;;;;
2026/01/04;1200 UTC;;;;;;;;;;;;;;;;;;
2026/01/04;1300 UTC;;;;;;;;;;;;;;;;;;
2026/01/04;1400 UTC;;;;;;;;;;;;;;;;;;
2026/01/04;1500 UTC;;;;;;;;;;;;;;;;;;
2026/01/04;1600 UTC;;;;;;;;;;;;;;;;;;
2026/01/04;1700 UTC;;;;;;;;;;;;;;;;;;
2026/01/04;1800 UTC;;;;;;;;;;;;;;;;;;
2026/01/04;1900 UTC;;;;;;;;;;;;;;;;;;
2026/01/04;2000 UTC;;;;;;;;;;;;;;;;;;
2026/01/04;2100 UTC;;;;;;;;;;;;;;;;;;
2026/01/04;2200 UTC;;;;;;;;;;;;;;;;;;
2026/01/04;2300 UTC;;;;;;;;;;;;;;;;;;
2026/01/05;0000 UTC;;;;;;;;;;;;;;;;;;
2026/01/05;0100 UTC;;;;;;;;;;;;;;;;;;
2026/01/05;0200 UTC;;;;;;;;;;;;;;;;;;
2026/01/05;0300 UTC;;;;;;;;;;;;;;;;;;
2026/01/05;0400 UTC;;;;;;;;;;;;;;;;;;
2026/01/05;0500 UTC;;;;;;;;;;;;;;;;;;
2026/01/05;0600 UTC;;;;;;;;;;;;;;;;;;
2026/01/05;0700 UTC;;;;;;;;;;;;;;;;;;
2026/01/05;0800 UTC;;;;;;;;;;;;;;;;;;
2026/01/05;0900 UTC;;;;;;;;;;;;;;;;;;
2026/01/05;1000 UTC;;;;;;;;;;;;;;;;;;
2026/01/05;1100 UTC;;;;;;;;;;;;;;;;;;
2026/01/05;1200 UTC;;;;;;;;;;;;;;;;;;
2026/01/05;1300 UTC;;;;;;;;;;;;;;;;;;
2026/01/05;1400 UTC;;;;;;;;;;;;;;;;;;
2026/01/05;1500 UTC;;;;;;;;;;;;;;;;;;
2026/01/05;1600 UTC;;;;;;;;;;;;;;;;;;
2026/01/05;1700 UTC;;;;;;;;;;;;;;;;;;
2026/01/05;1800 UTC;;;;;;;;;;;;;;;;;;
2026/01/05;1900 UTC;;;;;;;;;;;;;;;;;;
2026/01/05;2000 UTC;;;;;;;;;;;;;;;;;;
2026/01/05;2100 UTC;;;;;;;;;;;;;;;;;;
2026/01/05;2200 UTC;;;;;;;;;;;;;;;;;;
2026/01/05;2300 UTC;;;;;;;;;;;;;;;;;;
2026/01/06;0000 UTC;;;;;;;;;;;;;;;;;;
2026/01/06;0100 UTC;;;;;;;;;;;;;;;;;;
2026/01/06;0200 UTC;;;;;;;;;;;;;;;;;;
2026/01/06;0300 UTC;;;;;;;;;;;;;;;;;;
2026/01/06;0400 UTC;;;;;;;;;;;;;;;;;;
2026/01/06;0500 UTC;;;;;;;;;;;;;;;;;;
2026/01/06;0600 UTC;;;;;;;;;;;;;;;;;;
2026/01/06;0700 UTC;;;;;;;;;;;;;;;;;;
2026/01/06;0800 UTC;;;;;;;;;;;;;;;;;;
2026/01/06;0900 UTC;;;;;;;;;;;;;;;;;;
2026/01/06;1000 UTC;;;;;;;;;;;;;;;;;;
2026/01/06;1100 UTC;;;;;;;;;;;;;;;;;;
2026/01/06;1200 UTC;;;;;;;;;;;;;;;;;;
2026/01/06;1300 UTC;;;;;;;;;;;;;;;;;;
2026/01/06;1400 UTC;;;;;;;;;;;;;;;;;;
2026/01/06;1500 UTC;;;;;;;;;;;;;;;;;;
2026/01/06;1600 UTC;;;;;;;;;;;;;;;;;;
2026/01/06;1700 UTC;;;;;;;;;;;;;;;;;;
2026/01/06;1800 UTC;;;;;;;;;;;;;;;;;;
2026/01/06;1900 UTC;;;;;;;;;;;;;;;;;;
2026/01/06;2000 UTC;;;;;;;;;;;;;;;;;;
2026/01/06;2100 UTC;;;;;;;;;;;;;;;;;;
2026/01/06;2200 UTC;;;;;;;;;;;;;;;;;;
2026/01/06;2300 UTC;;;;;;;;;;;;;;;;;;
2026/01/07;0000 UTC;;;;;;;;;;;;;;;;;;
2026/01/07;0100 UTC;;;;;;;;;;;;;;;;;;
2026/01/07;0200 UTC;;;;;;;;;;;;;;;;;;
2026/01/07;0300 UTC;;;;;;;;;;;;;;;;;;
2026/01/07;0400 UTC;;;;;;;;;;;;;;;;;;
2026/01/07;0500 UTC;;;;;;;;;;;;;;;;;;
2026/01/07;0600 UTC;;;;;;;;;;;;;;;;;;
2026/01/07;0700 UTC;;;;;;;;;;;;;;;;;;
2026/01/07;0800 UTC;;;;;;;;;;;;;;;;;;
2026/01/07;0900 UTC;;;;;;;;;;;;;;;;;;
2026/01/07;1000 UTC;;;;;;;;;;;;;;;;;;
2026/01/07;1100 UTC;;;;;;;;;;;;;;;;;;
2026/01/07;1200 UTC;;;;;;;;;;;;;;;;;;
2026/01/07;1300 UTC;;;;;;;;;;;;;;;;;;
2026/01/07;1400 UTC;;;;;;;;;;;;;;;;;;
2026/01/07;1500 UTC;;;;;;;;;;;;;;;;;;
2026/01/07;1600 UTC;;;;;;;;;;;;;;;;;;
2026/01/07;1700 UTC;;;;;;;;;;;;;;;;;;
2026/01/07;1800 UTC;;;;;;;;;;;;;;;;;;
2026/01/07;1900 UTC;;;;;;;;;;;;;;;;;;
2026/01/07;2000 UTC;;;;;;;;;;;;;;;;;;
2026/01/07;2100 UTC;;;;;;;;;;;;;;;;;;
2026/01/07;2200 UTC;;;;;;;;;;;;;;;;;;
2026/01/07;2300 UTC;;;;;;;;;;;;;;;;;;
2026/01/08;0000 UTC;;;;;;;;;;;;;;;;;;
2026/01/08;0100 UTC;;;;;;;;;;;;;;;;;;
2026/01/08;0200 UTC;;;;;;;;;;;;;;;;;;
2026/01/08;0300 UTC;;;;;;;;;;;;;;;;;;
2026/01/08;0400 UTC;;;;;;;;;;;;;;;;;;
2026/01/08;0500 UTC;;;;;;;;;;;;;;;;;;
2026/01/08;0600 UTC;;;;;;;;;;;;;;;;;;
2026/01/08;0700 UTC;;;;;;;;;;;;;;;;;;
2026/01/08;0800 UTC;;;;;;;;;;;;;;;;;;
2026/01/08;0900 UTC;;;;;;;;;;;;;;;;;;
2026/01/08;1000 UTC;;;;;;;;;;;;;;;;;;
2026/01/08;1100 UTC;;;;;;;;;;;;;;;;;;
2026/01/08;1200 UTC;;;;;;;;;;;;;;;;;;
2026/01/08;1300 UTC;;;;;;;;;;;;;;;;;;
2026/01/08;1400 UTC;;;;;;;;;;;;;;;;;;
2026/01/08;1500 UTC;;;;;;;;;;;;;;;;;;
2026/01/08;1600 UTC;;;;;;;;;;;;;;;;;;
2026/01/08;1700 UTC;;;;;;;;;;;;;;;;;;
2026/01/08;1800 UTC;;;;;;;;;;;;;;;;;;
2026/01/08;1900 UTC;;;;;;;;;;;;;;;;;;
2026/01/08;2000 UTC;;;;;;;;;;;;;;;;;;
2026/01/08;2100 UTC;;;;;;;;;;;;;;;;;;
2026/01/08;2200 UTC;;;;;;;;;;;;;;;;;;
2026/01/08;2300 UTC;;;;;;;;;;;;;;;;;;
2026/01/09;0000 UTC;;;;;;;;;;;;;;;;;;
2026/01/09;0100 UTC;;;;;;;;;;;;;;;;;;
2026/01/09;0200 UTC;;;;;;;;;;;;;;;;;;
2026/01/09;0300 UTC;;;;;;;;;;;;;;;;;;
2026/01/09;0400 UTC;;;;;;;;;;;;;;;;;;
2026/01/09;0500 UTC;;;;;;;;;;;;;;;;;;
2026/01/09;0600 UTC;;;;;;;;;;;;;;;;;;
2026/01/09;0700 UTC;;;;;;;;;;;;;;;;;;
2026/01/09;0800 UTC;;;;;;;;;;;;;;;;;;
2026/01/09;0900 UTC;;;;;;;;;;;;;;;;;;
2026/01/09;1000 UTC;;;;;;;;;;;;;;;;;;
2026/01/09;1100 UTC;;;;;;;;;;;;;;;;;;
2026/01/09;1200 UTC;;;;;;;;;;;;;;;;;;
2026/01/09;1300 UTC;;;;;;;;;;;;;;;;;;
2026/01/09;1400 UTC;;;;;;;;;;;;;;;;;;
2026/01/09;1500 UTC;;;;;;;;;;;;;;;;;;
2026/01/09;1600 UTC;;;;;;;;;;;;;;;;;;
2026/01/09;1700 UTC;;;;;;;;;;;;;;;;;;
2026/01/09;1800 UTC;;;;;;;;;;;;;;;;;;
2026/01/09;1900 UTC;;;;;;;;;;;;;;;;;;
2026/01/09;2000 UTC;;;;;;;;;;;;;;;;;;
2026/01/09;2100 UTC;;;;;;;;;;;;;;;;;;
2026/01/09;2200 UTC;;;;;;;;;;;;;;;;;;
2026/01/09;2300 UTC;;;;;;;;;;;;;;;;;;
2026/01/10;0000 UTC;;;;;;;;;;;;;;;;;;
2026/01/10;0100 UTC;;;;;;;;;;;;;;;;;;
2026/01/10;0200 UTC;;;;;;;;;;;;;;;;;;
2026/01/10;0300 UTC;;;;;;;;;;;;;;;;;;
2026/01/10;0400 UTC;;;;;;;;;;;;;;;;;;
2026/01/10;0500 UTC;;;;;;;;;;;;;;;;;;
2026/01/10;0600 UTC;;;;;;;;;;;;;;;;;;
2026/01/10;0700 UTC;;;;;;;;;;;;;;;;;;
2026/01/10;0800 UTC;;;;;;;;;;;;;;;;;;
2026/01/10;0900 UTC;;;;;;;;;;;;;;;;;;
2026/01/10;1000 UTC;;;;;;;;;;;;;;;;;;
2026/01/10;1100 UTC;;;;;;;;;;;;;;;;;;
2026/01/10;1200 UTC;;;;;;;;;;;;;;;;;;
2026/01/10;1300 UTC;;;;;;;;;;;;;;;;;;
2026/01/10;1400 UTC;;;;;;;;;;;;;;;;;;
2026/01/10;1500 UTC;;;;;;;;;;;;;;;;;;
2026/01/10;1600 UTC;;;;;;;;;;;;;;;;;;
2026/01/10;1700 UTC;;;;;;;;;;;;;;;;;;
2026/01/10;1800 UTC;;;;;;;;;;;;;;;;;;
2026/01/10;1900 UTC;;;;;;;;;;;;;;;;;;
2026/01/10;2000 UTC;;;;;;;;;;;;;;;;;;
2026/01/10;2100 UTC;;;;;;;;;;;;;;;;;;
2026/01/10;2200 UTC;;;;;;;;;;;;;;;;;;
2026/01/10;2300 UTC;;;;;;;;;;;;;;;;;;
2026/01/11;0000 UTC;;;;;;;;;;;;;;;;;;
2026/01/11;0100 UTC;;;;;;;;;;;;;;;;;;
2026/01/11;0200 UTC;;;;;;;;;;;;;;;;;;
2026/01/11;0300 UTC;;;;;;;;;;;;;;;;;;
2026/01/11;0400 UTC;;;;;;;;;;;;;;;;;;
2026/01/11;0500 UTC;;;;;;;;;;;;;;;;;;
2026/01/11;0600 UTC;;;;;;;;;;;;;;;;;;
2026/01/11;0700 UTC;;;;;;;;;;;;;;;;;;
2026/01/11;0800 UTC;;;;;;;;;;;;;;;;;;
2026/01/11;0900 UTC;;;;;;;;;;;;;;;;;;
2026/01/11;1000 UTC;;;;;;;;;;;;;;;;;;
2026/01/11;1100 UTC;;;;;;;;;;;;;;;;;;
2026/01/11;1200 UTC;;;;;;;;;;;;;;;;;;
2026/01/11;1300 UTC;;;;;;;;;;;;;;;;;;
2026/01/11;1400 UTC;;;;;;;;;;;;;;;;;;
2026/01/11;1500 UTC;;;;;;;;;;;;;;;;;;
2026/01/11;1600 UTC;;;;;;;;;;;;;;;;;;
2026/01/11;1700 UTC;;;;;;;;;;;;;;;;;;
2026/01/11;1800 UTC;;;;;;;;;;;;;;;;;;
2026/01/11;1900 UTC;;;;;;;;;;;;;;;;;;
2026/01/11;2000 UTC;;;;;;;;;;;;;;;;;;
2026/01/11;2100 UTC;;;;;;;;;;;;;;;;;;
2026/01/11;2200 UTC;;;;;;;;;;;;;;;;;;
2026/01/11;2300 UTC;;;;;;;;;;;;;;;;;;
2026/01/12;0000 UTC;;;;;;;;;;;;;;;;;;
2026/01/12;0100 UTC;;;;;;;;;;;;;;;;;;
2026/01/12;0200 UTC;;;;;;;;;;;;;;;;;;
2026/01/12;0300 UTC;;;;;;;;;;;;;;;;;;
2026/01/12;0400 UTC;;;;;;;;;;;;;;;;;;
2026/01/12;0500 UTC;;;;;;;;;;;;;;;;;;
2026/01/12;0600 UTC;;;;;;;;;;;;;;;;;;
2026/01/12;0700 UTC;;;;;;;;;;;;;;;;;;
2026/01/12;0800 UTC;;;;;;;;;;;;;;;;;;
2026/01/12;0900 UTC;;;;;;;;;;;;;;;;;;
2026/01/12;1000 UTC;;;;;;;;;;;;;;;;;;
2026/01/12;1100 UTC;;;;;;;;;;;;;;;;;;
2026/01/12;1200 UTC;;;;;;;;;;;;;;;;;;
2026/01/12;1300 UTC;;;;;;;;;;;;;;;;;;
2026/01/12;1400 UTC;;;;;;;;;;;;;;;;;;
2026/01/12;1500 UTC;;;;;;;;;;;;;;;;;;
2026/01/12;1600 UTC;;;;;;;;;;;;;;;;;;
2026/01/12;1700 UTC;;;;;;;;;;;;;;;;;;
2026/01/12;1800 UTC;;;;;;;;;;;;;;;;;;
2026/01/12;1900 UTC;;;;;;;;;;;;;;;;;;
2026/01/12;2000 UTC;;;;;;;;;;;;;;;;;;
2026/01/12;2100 UTC;;;;;;;;;;;;;;;;;;
2026/01/12;2200 UTC;;;;;;;;;;;;;;;;;;
2026/01/12;2300 UTC;;;;;;;;;;;;;;;;;;
2026/01/13;0000 UTC;;;;;;;;;;;;;;;;;;
2026/01/13;0100 UTC;;;;;;;;;;;;;;;;;;
2026/01/13;0200 UTC;;;;;;;;;;;;;;;;;;
2026/01/13;0300 UTC;;;;;;;;;;;;;;;;;;
2026/01/13;0400 UTC;;;;;;;;;;;;;;;;;;
2026/01/13;0500 UTC;;;;;;;;;;;;;;;;;;
2026/01/13;0600 UTC;;;;;;;;;;;;;;;;;;
2026/01/13;0700 UTC;;;;;;;;;;;;;;;;;;
2026/01/13;0800 UTC;;;;;;;;;;;;;;;;;;
2026/01/13;0900 UTC;;;;;;;;;;;;;;;;;;
2026/01/13;1000 UTC;;;;;;;;;;;;;;;;;;
2026/01/13;1100 UTC;;;;;;;;;;;;;;;;;;
2026/01/13;1200 UTC;;;;;;;;;;;;;;;;;;
2026/01/13;1300 UTC;;;;;;;;;;;;;;;;;;
2026/01/13;1400 UTC;;;;;;;;;;;;;;;;;;
2026/01/13;1500 UTC;;;;;;;;;;;;;;;;;;
2026/01/13;1600 UTC;;;;;;;;;;;;;;;;;;
2026/01/13;1700 UTC;;;;;;;;;;;;;;;;;;
2026/01/13;1800 UTC;;;;;;;;;;;;;;;;;;
2026/01/13;1900 UTC;;;;;;;;;;;;;;;;;;
2026/01/13;2000 UTC;;;;;;;;;;;;;;;;;;
2026/01/13;2100 UTC;;;;;;;;;;;;;;;;;;
2026/01/13;2200 UTC;;;;;;;;;;;;;;;;;;
2026/01/13;2300 UTC;;;;;;;;;;;;;;;;;;
2026/01/14;0000 UTC;;;;;;;;;;;;;;;;;;
2026/01/14;0100 UTC;;;;;;;;;;;;;;;;;;
2026/01/14;0200 UTC;;;;;;;;;;;;;;;;;;
2026/01/14;0300 UTC;;;;;;;;;;;;;;;;;;
2026/01/14;0400 UTC;;;;;;;;;;;;;;;;;;
2026/01/14;0500 UTC;;;;;;;;;;;;;;;;;;
2026/01/14;0600 UTC;;;;;;;;;;;;;;;;;;
2026/01/14;0700 UTC;;;;;;;;;;;;;;;;;;
2026/01/14;0800 UTC;;;;;;;;;;;;;;;;;;
2026/01/14;0900 UTC;;;;;;;;;;;;;;;;;;
2026/01/14;1000 UTC;;;;;;;;;;;;;;;;;;
2026/01/14;1100 UTC;;;;;;;;;;;;;;;;;;
2026/01/14;1200 UTC;;;;;;;;;;;;;;;;;;
2026/01/14;1300 UTC;;;;;;;;;;;;;;;;;;
2026/01/14;1400 UTC;;;;;;;;;;;;;;;;;;
2026/01/14;1500 UTC;;;;;;;;;;;;;;;;;;
2026/01/14;1600 UTC;;;;;;;;;;;;;;;;;;
2026/01/14;1700 UTC;;;;;;;;;;;;;;;;;;
2026/01/14;1800 UTC;;;;;;;;;;;;;;;;;;
2026/01/14;1900 UTC;;;;;;;;;;;;;;;;;;
2026/01/14;2000 UTC;;;;;;;;;;;;;;;;;;
2026/01/14;2100 UTC;;;;;;;;;;;;;;;;;;
2026/01/14;2200 UTC;;;;;;;;;;;;;;;;;;
2026/01/14;2300 UTC;;;;;;;;;;;;;;;;;;
2026/01/15;0000 UTC;;;;;;;;;;;;;;;;;;
2026/01/15;0100 UTC;;;;;;;;;;;;;;;;;;
2026/01/15;0200 UTC;;;;;;;;;;;;;;;;;;
2026/01/15;0300 UTC;;;;;;;;;;;;;;;;;;
2026/01/15;0400 UTC;;;;;;;;;;;;;;;;;;
2026/01/15;0500 UTC;;;;;;;;;;;;;;;;;;
2026/01/15;0600 UTC;;;;;;;;;;;;;;;;;;
2026/01/15;0700 UTC;;;;;;;;;;;;;;;;;;
2026/01/15;0800 UTC;;;;;;;;;;;;;;;;;;
2026/01/15;0900 UTC;;;;;;;;;;;;;;;;;;
2026/01/15;1000 UTC;;;;;;;;;;;;;;;;;;
2026/01/15;1100 UTC;;;;;;;;;;;;;;;;;;
2026/01/15;1200 UTC;;;;;;;;;;;;;;;;;;
2026/01/15;1300 UTC;;;;;;;;;;;;;;;;;;
2026/01/15;1400 UTC;;;;;;;;;;;;;;;;;;
2026/01/15;1500 UTC;;;;;;;;;;;;;;;;;;
2026/01/15;1600 UTC;;;;;;;;;;;;;;;;;;
2026/01/15;1700 UTC;;;;;;;;;;;;;;;;;;
2026/01/15;1800 UTC;;;;;;;;;;;;;;;;;;
2026/01/15;1900 UTC;;;;;;;;;;;;;;;;;;
2026/01/15;2000 UTC;;;;;;;;;;;;;;;;;;
2026/01/15;2100 UTC;;;;;;;;;;;;;;;;;;
2026/01/15;2200 UTC;;;;;;;;;;;;;;;;;;
2026/01/15;2300 UTC;;;;;;;;;;;;;;;;;;
2026/01/16;0000 UTC;;;;;;;;;;;;;;;;;;
2026/01/16;0100 UTC;;;;;;;;;;;;;;;;;;
2026/01/16;0200 UTC;;;;;;;;;;;;;;;;;;
2026/01/16;0300 UTC;;;;;;;;;;;;;;;;;;
2026/01/16;0400 UTC;;;;;;;;;;;;;;;;;;
2026/01/16;0500 UTC;;;;;;;;;;;;;;;;;;
2026/01/16;0600 UTC;;;;;;;;;;;;;;;;;;
2026/01/16;0700 UTC;;;;;;;;;;;;;;;;;;
2026/01/16;0800 UTC;;;;;;;;;;;;;;;;;;
2026/01/16;0900 UTC;;;;;;;;;;;;;;;;;;
2026/01/16;1000 UTC;;;;;;;;;;;;;;;;;;
2026/01/16;1100 UTC;;;;;;;;;;;;;;;;;;
2026/01/16;1200 UTC;;;;;;;;;;;;;;;;;;
2026/01/16;1300 UTC;;;;;;;;;;;;;;;;;;
2026/01/16;1400 UTC;;;;;;;;;;;;;;;;;;
2026/01/16;1500 UTC;;;;;;;;;;;;;;;;;;
2026/01/16;1600 UTC;;;;;;;;;;;;;;;;;;
2026/01/16;1700 UTC;;;;;;;;;;;;;;;;;;
2026/01/16;1800 UTC;;;;;;;;;;;;;;;;;;
2026/01/16;1900 UTC;;;;;;;;;;;;;;;;;;
2026/01/16;2000 UTC;;;;;;;;;;;;;;;;;;
2026/01/16;2100 UTC;;;;;;;;;;;;;;;;;;
2026/01/16;2200 UTC;;;;;;;;;;;;;;;;;;
2026/01/16;2300 UTC;;;;;;;;;;;;;;;;;;
2026/01/17;0000 UTC;;;;;;;;;;;;;;;;;;
2026/01/17;0100 UTC;;;;;;;;;;;;;;;;;;
2026/01/17;0200 UTC;;;;;;;;;;;;;;;;;;
2026/01/17;0300 UTC;;;;;;;;;;;;;;;;;;
2026/01/17;0400 UTC;;;;;;;;;;;;;;;;;;
2026/01/17;0500 UTC;;;;;;;;;;;;;;;;;;
2026/01/17;0600 UTC;;;;;;;;;;;;;;;;;;
2026/01/17;0700 UTC;;;;;;;;;;;;;;;;;;
2026/01/17;0800 UTC;;;;;;;;;;;;;;;;;;
2026/01/17;0900 UTC;;;;;;;;;;;;;;;;;;
2026/01/17;1000 UTC;;;;;;;;;;;;;;;;;;
2026/01/17;1100 UTC;;;;;;;;;;;;;;;;;;
2026/01/17;1200 UTC;;;;;;;;;;;;;;;;;;
2026/01/17;1300 UTC;;;;;;;;;;;;;;;;;;
2026/01/17;1400 UTC;;;;;;;;;;;;;;;;;;
2026/01/17;1500 UTC;;;;;;;;;;;;;;;;;;
2026/01/17;1600 UTC;;;;;;;;;;;;;;;;;;
2026/01/17;1700 UTC;;;;;;;;;;;;;;;;;;
2026/01/17;1800 UTC;;;;;;;;;;;;;;;;;;
2026/01/17;1900 UTC;;;;;;;;;;;;;;;;;;
2026/01/17;2000 UTC;;;;;;;;;;;;;;;;;;
2026/01/17;2100 UTC;;;;;;;;;;;;;;;;;;
2026/01/17;2200 UTC;;;;;;;;;;;;;;;;;;
2026/01/17;2300 UTC;;;;;;;;;;;;;;;;;;
2026/01/18;0000 UTC;;;;;;;;;;;;;;;;;;
2026/01/18;0100 UTC;;;;;;;;;;;;;;;;;;
2026/01/18;0200 UTC;;;;;;;;;;;;;;;;;;
2026/01/18;0300 UTC;;;;;;;;;;;;;;;;;;
2026/01/18;0400 UTC;;;;;;;;;;;;;;;;;;
2026/01/18;0500 UTC;;;;;;;;;;;;;;;;;;
2026/01/18;0600 UTC;;;;;;;;;;;;;;;;;;
2026/01/18;0700 UTC;;;;;;;;;;;;;;;;;;
2026/01/18;0800 UTC;;;;;;;;;;;;;;;;;;
2026/01/18;0900 UTC;;;;;;;;;;;;;;;;;;
2026/01/18;1000 UTC;;;;;;;;;;;;;;;;;;
2026/01/18;1100 UTC;;;;;;;;;;;;;;;;;;
2026/01/18;1200 UTC;;;;;;;;;;;;;;;;;;
2026/01/18;1300 UTC;;;;;;;;;;;;;;;;;;
2026/01/18;1400 UTC;;;;;;;;;;;;;;;;;;
2026/01/18;1500 UTC;;;;;;;;;;;;;;;;;;
2026/01/18;1600 UTC;;;;;;;;;;;;;;;;;;
2026/01/18;1700 UTC;;;;;;;;;;;;;;;;;;
2026/01/18;1800 UTC;;;;;;;;;;;;;;;;;;
2026/01/18;1900 UTC;;;;;;;;;;;;;;;;;;
2026/01/18;2000 UTC;;;;;;;;;;;;;;;;;;
2026/01/18;2100 UTC;;;;;;;;;;;;;;;;;;
2026/01/18;2200 UTC;;;;;;;;;;;;;;;;;;
2026/01/18;2300 UTC;;;;;;;;;;;;;;;;;;
2026/01/19;0000 UTC;;;;;;;;;;;;;;;;;;
2026/01/19;0100 UTC;;;;;;;;;;;;;;;;;;
2026/01/19;0200 UTC;;;;;;;;;;;;;;;;;;
2026/01/19;0300 UTC;;;;;;;;;;;;;;;;;;
2026/01/19;0400 UTC;;;;;;;;;;;;;;;;;;
2026/01/19;0500 UTC;;;;;;;;;;;;;;;;;;
2026/01/19;0600 UTC;;;;;;;;;;;;;;;;;;
2026/01/19;0700 UTC;;;;;;;;;;;;;;;;;;
2026/01/19;0800 UTC;;;;;;;;;;;;;;;;;;
2026/01/19;0900 UTC;;;;;;;;;;;;;;;;;;
2026/01/19;1000 UTC;;;;;;;;;;;;;;;;;;
2026/01/19;1100 UTC;;;;;;;;;;;;;;;;;;
2026/01/19;1200 UTC;;;;;;;;;;;;;;;;;;
2026/01/19;1300 UTC;;;;;;;;;;;;;;;;;;
2026/01/19;1400 UTC;;;;;;;;;;;;;;;;;;
2026/01/19;1500 UTC;;;;;;;;;;;;;;;;;;
2026/01/19;1600 UTC;;;;;;;;;;;;;;;;;;
2026/01/19;1700 UTC;;;;;;;;;;;;;;;;;;
2026/01/19;1800 UTC;;;;;;;;;;;;;;;;;;
2026/01/19;1900 UTC;;;;;;;;;;;;;;;;;;
2026/01/19;2000 UTC;;;;;;;;;;;;;;;;;;
2026/01/19;2100 UTC;;;;;;;;;;;;;;;;;;
2026/01/19;2200 UTC;;;;;;;;;;;;;;;;;;
2026/01/19;2300 UTC;;;;;;;;;;;;;;;;;;
2026/01/20;0000 UTC;;;;;;;;;;;;;;;;;;
2026/01/20;0100 UTC;;;;;;;;;;;;;;;;;;
2026/01/20;0200 UTC;;;;;;;;;;;;;;;;;;
2026/01/20;0300 UTC;;;;;;;;;;;;;;;;;;
2026/01/20;0400 UTC;;;;;;;;;;;;;;;;;;
2026/01/20;0500 UTC;;;;;;;;;;;;;;;;;;
2026/01/20;0600 UTC;;;;;;;;;;;;;;;;;;
2026/01/20;0700 UTC;;;;;;;;;;;;;;;;;;
2026/01/20;0800 UTC;;;;;;;;;;;;;;;;;;
2026/01/20;0900 UTC;;;;;;;;;;;;;;;;;;
2026/01/20;1000 UTC;;;;;;;;;;;;;;;;;;
2026/01/20;1100 UTC;;;;;;;;;;;;;;;;;;
2026/01/20;1200 UTC;;;;;;;;;;;;;;;;;;
2026/01/20;1300 UTC;;;;;;;;;;;;;;;;;;
2026/01/20;1400 UTC;;;;;;;;;;;;;;;;;;
2026/01/20;1500 UTC;;;;;;;;;;;;;;;;;;
2026/01/20;1600 UTC;;;;;;;;;;;;;;;;;;
2026/01/20;1700 UTC;;;;;;;;;;;;;;;;;;
2026/01/20;1800 UTC;;;;;;;;;;;;;;;;;;
2026/01/20;1900 UTC;;;;;;;;;;;;;;;;;;
2026/01/20;2000 UTC;;;;;;;;;;;;;;;;;;
2026/01/20;2100 UTC;;;;;;;;;;;;;;;;;;
2026/01/20;2200 UTC;;;;;;;;;;;;;;;;;;
2026/01/20;2300 UTC;;;;;;;;;;;;;;;;;;
2026/01/21;0000 UTC;;;;;;;;;;;;;;;;;;
2026/01/21;0100 UTC;;;;;;;;;;;;;;;;;;
2026/01/21;0200 UTC;;;;;;;;;;;;;;;;;;
2026/01/21;0300 UTC;;;;;;;;;;;;;;;;;;
2026/01/21;0400 UTC;;;;;;;;;;;;;;;;;;
2026/01/21;0500 UTC;;;;;;;;;;;;;;;;;;
2026/01/21;0600 UTC;;;;;;;;;;;;;;;;;;
2026/01/21;0700 UTC;;;;;;;;;;;;;;;;;;
2026/01/21;0800 UTC;;;;;;;;;;;;;;;;;;
2026/01/21;0900 UTC;;;;;;;;;;;;;;;;;;
2026/01/21;1000 UTC;;;;;;;;;;;;;;;;;;
2026/01/21;1100 UTC;;;;;;;;;;;;;;;;;;
2026/01/21;1200 UTC;;;;;;;;;;;;;;;;;;
2026/01/21;1300 UTC;;;;;;;;;;;;;;;;;;
2026/01/21;1400 UTC;;;;;;;;;;;;;;;;;;
2026/01/21;1500 UTC;;;;;;;;;;;;;;;;;;
2026/01/21;1600 UTC;;;;;;;;;;;;;;;;;;
2026/01/21;1700 UTC;;;;;;;;;;;;;;;;;;
2026/01/21;1800 UTC;;;;;;;;;;;;;;;;;;
2026/01/21;1900 UTC;;;;;;;;;;;;;;;;;;
2026/01/21;2000 UTC;;;;;;;;;;;;;;;;;;
2026/01/21;2100 UTC;;;;;;;;;;;;;;;;;;
2026/01/21;2200 UTC;;;;;;;;;;;;;;;;;;
2026/01/21;2300 UTC;;;;;;;;;;;;;;;;;;
2026/01/22;0000 UTC;;;;;;;;;;;;;;;;;;
2026/01/22;0100 UTC;;;;;;;;;;;;;;;;;;
2026/01/22;0200 UTC;;;;;;;;;;;;;;;;;;
2026/01/22;0300 UTC;;;;;;;;;;;;;;;;;;
2026/01/22;0400 UTC;;;;;;;;;;;;;;;;;;
2026/01/22;0500 UTC;;;;;;;;;;;;;;;;;;
2026/01/22;0600 UTC;;;;;;;;;;;;;;;;;;
2026/01/22;0700 UTC;;;;;;;;;;;;;;;;;;
2026/01/22;0800 UTC;;;;;;;;;;;;;;;;;;
2026/01/22;0900 UTC;;;;;;;;;;;;;;;;;;
2026/01/22;1000 UTC;;;;;;;;;;;;;;;;;;
2026/01/22;1100 UTC;;;;;;;;;;;;;;;;;;
2026/01/22;1200 UTC;;;;;;;;;;;;;;;;;;
2026/01/22;1300 UTC;;;;;;;;;;;;;;;;;;
2026/01/22;1400 UTC;;;;;;;;;;;;;;;;;;
2026/01/22;1500 UTC;;;;;;;;;;;;;;;;;;
2026/01/22;1600 UTC;;;;;;;;;;;;;;;;;;
2026/01/22;1700 UTC;;;;;;;;;;;;;;;;;;
2026/01/22;1800 UTC;;;;;;;;;;;;;;;;;;
2026/01/22;1900 UTC;;;;;;;;;;;;;;;;;;
2026/01/22;2000 UTC;;;;;;;;;;;;;;;;;;
2026/01/22;2100 UTC;;;;;;;;;;;;;;;;;;
2026/01/22;2200 UTC;;;;;;;;;;;;;;;;;;
2026/01/22;2300 UTC;;;;;;;;;;;;;;;;;;
2026/01/23;0000 UTC;;;;;;;;;;;;;;;;;;
2026/01/23;0100 UTC;;;;;;;;;;;;;;;;;;
2026/01/23;0200 UTC;;;;;;;;;;;;;;;;;;
2026/01/23;0300 UTC;;;;;;;;;;;;;;;;;;
2026/01/23;0400 UTC;;;;;;;;;;;;;;;;;;
2026/01/23;0500 UTC;;;;;;;;;;;;;;;;;;
2026/01/23;0600 UTC;;;;;;;;;;;;;;;;;;
2026/01/23;0700 UTC;;;;;;;;;;;;;;;;;;
2026/01/23;0800 UTC;;;;;;;;;;;;;;;;;;
2026/01/23;0900 UTC;;;;;;;;;;;;;;;;;;
2026/01/23;1000 UTC;;;;;;;;;;;;;;;;;;
2026/01/23;1100 UTC;;;;;;;;;;;;;;;;;;
2026/01/23;1200 UTC;;;;;;;;;;;;;;;;;;
2026/01/23;1300 UTC;;;;;;;;;;;;;;;;;;
2026/01/23;1400 UTC;;;;;;;;;;;;;;;;;;
2026/01/23;1500 UTC;;;;;;;;;;;;;;;;;;
2026/01/23;1600 UTC;;;;;;;;;;;;;;;;;;
2026/01/23;1700 UTC;;;;;;;;;;;;;;;;;;
2026/01/23;1800 UTC;;;;;;;;;;;;;;;;;;
2026/01/23;1900 UTC;;;;;;;;;;;;;;;;;;
2026/01/23;2000 UTC;;;;;;;;;;;;;;;;;;
2026/01/23;2100 UTC;;;;;;;;;;;;;;;;;;
2026/01/23;2200 UTC;;;;;;;;;;;;;;;;;;
2026/01/23;2300 UTC;;;;;;;;;;;;;;;;;;
2026/01/24;0000 UTC;;;;;;;;;;;;;;;;;;
2026/01/24;0100 UTC;;;;;;;;;;;;;;;;;;
2026/01/24;0200 UTC;;;;;;;;;;;;;;;;;;
2026/01/24;0300 UTC;;;;;;;;;;;;;;;;;;
2026/01/24;0400 UTC;;;;;;;;;;;;;;;;;;
2026/01/24;0500 UTC;;;;;;;;;;;;;;;;;;
2026/01/24;0600 UTC;;;;;;;;;;;;;;;;;;
2026/01/24;0700 UTC;;;;;;;;;;;;;;;;;;
2026/01/24;0800 UTC;;;;;;;;;;;;;;;;;;
2026/01/24;0900 UTC;;;;;;;;;;;;;;;;;;
2026/01/24;1000 UTC;;;;;;;;;;;;;;;;;;
2026/01/24;1100 UTC;;;;;;;;;;;;;;;;;;
2026/01/24;1200 UTC;;;;;;;;;;;;;;;;;;
2026/01/24;1300 UTC;;;;;;;;;;;;;;;;;;
2026/01/24;1400 UTC;;;;;;;;;;;;;;;;;;
2026/01/24;1500 UTC;;;;;;;;;;;;;;;;;;
2026/01/24;1600 UTC;;;;;;;;;;;;;;;;;;
2026/01/24;1700 UTC;;;;;;;;;;;;;;;;;;
2026/01/24;1800 UTC;;;;;;;;;;;;;;;;;;
2026/01/24;1900 UTC;;;;;;;;;;;;;;;;;;
2026/01/24;2000 UTC;;;;;;;;;;;;;;;;;;
2026/01/24;2100 UTC;;;;;;;;;;;;;;;;;;
2026/01/24;2200 UTC;;;;;;;;;;;;;;;;;;
2026/01/24;2300 UTC;;;;;;;;;;;;;;;;;;
2026/01/25;0000 UTC;;;;;;;;;;;;;;;;;;
2026/01/25;0100 UTC;;;;;;;;;;;;;;;;;;
2026/01/25;0200 UTC;;;;;;;;;;;;;;;;;;
2026/01/25;0300 UTC;;;;;;;;;;;;;;;;;;
2026/01/25;0400 UTC;;;;;;;;;;;;;;;;;;
2026/01/25;0500 UTC;;;;;;;;;;;;;;;;;;
2026/01/25;0600 UTC;;;;;;;;;;;;;;;;;;
2026/01/25;0700 UTC;;;;;;;;;;;;;;;;;;
2026/01/25;0800 UTC;;;;;;;;;;;;;;;;;;
2026/01/25;0900 UTC;;;;;;;;;;;;;;;;;;
2026/01/25;1000 UTC;;;;;;;;;;;;;;;;;;
2026/01/25;1100 UTC;;;;;;;;;;;;;;;;;;
2026/01/25;1200 UTC;;;;;;;;;;;;;;;;;;
2026/01/25;1300 UTC;;;;;;;;;;;;;;;;;;
2026/01/25;1400 UTC;;;;;;;;;;;;;;;;;;
2026/01/25;1500 UTC;;;;;;;;;;;;;;;;;;
2026/01/25;1600 UTC;;;;;;;;;;;;;;;;;;
2026/01/25;1700 UTC;;;;;;;;;;;;;;;;;;
2026/01/25;1800 UTC;;;;;;;;;;;;;;;;;;
2026/01/25;1900 UTC;;;;;;;;;;;;;;;;;;
2026/01/25;2000 UTC;;;;;;;;;;;;;;;;;;
2026/01/25;2100 UTC;;;;;;;;;;;;;;;;;;
2026/01/25;2200 UTC;;;;;;;;;;;;;;;;;;
2026/01/25;2300 UTC;;;;;;;;;;;;;;;;;;
2026/01/26;0000 UTC;;;;;;;;;;;;;;;;;;
2026/01/26;0100 UTC;;;;;;;;;;;;;;;;;;
2026/01/26;0200 UTC;;;;;;;;;;;;;;;;;;
2026/01/26;0300 UTC;;;;;;;;;;;;;;;;;;
2026/01/26;0400 UTC;;;;;;;;;;;;;;;;;;
2026/01/26;0500 UTC;;;;;;;;;;;;;;;;;;
2026/01/26;0600 UTC;;;;;;;;;;;;;;;;;;
2026/01/26;0700 UTC;;;;;;;;;;;;;;;;;;
2026/01/26;0800 UTC;;;;;;;;;;;;;;;;;;
2026/01/26;0900 UTC;;;;;;;;;;;;;;;;;;
2026/01/26;1000 UTC;;;;;;;;;;;;;;;;;;
2026/01/26;1100 UTC;;;;;;;;;;;;;;;;;;
2026/01/26;1200 UTC;;;;;;;;;;;;;;;;;;
2026/01/26;1300 UTC;;;;;;;;;;;;;;;;;;
2026/01/26;1400 UTC;;;;;;;;;;;;;;;;;;
2026/01/26;1500 UTC;;;;;;;;;;;;;;;;;;
2026/01/26;1600 UTC;;;;;;;;;;;;;;;;;;
2026/01/26;1700 UTC;;;;;;;;;;;;;;;;;;
2026/01/26;1800 UTC;;;;;;;;;;;;;;;;;;
2026/01/26;1900 UTC;;;;;;;;;;;;;;;;;;
2026/01/26;2000 UTC;;;;;;;;;;;;;;;;;;
2026/01/26;2100 UTC;;;;;;;;;;;;;;;;;;
2026/01/26;2200 UTC;;;;;;;;;;;;;;;;;;
2026/01/26;2300 UTC;;;;;;;;;;;;;;;;;;
2026/01/27;0000 UTC;;;;;;;;;;;;;;;;;;
2026/01/27;0100 UTC;;;;;;;;;;;;;;;;;;
2026/01/27;0200 UTC;;;;;;;;;;;;;;;;;;
2026/01/27;0300 UTC;;;;;;;;;;;;;;;;;;
2026/01/27;0400 UTC;;;;;;;;;;;;;;;;;;
2026/01/27;0500 UTC;;;;;;;;;;;;;;;;;;
2026/01/27;0600 UTC;;;;;;;;;;;;;;;;;;
2026/01/27;0700 UTC;;;;;;;;;;;;;;;;;;
2026/01/27;0800 UTC;;;;;;;;;;;;;;;;;;
2026/01/27;0900 UTC;;;;;;;;;;;;;;;;;;
2026/01/27;1000 UTC;;;;;;;;;;;;;;;;;;
2026/01/27;1100 UTC;;;;;;;;;;;;;;;;;;
2026/01/27;1200 UTC;;;;;;;;;;;;;;;;;;
2026/01/27;1300 UTC;;;;;;;;;;;;;;;;;;
2026/01/27;1400 UTC;;;;;;;;;;;;;;;;;;
2026/01/27;1500 UTC;;;;;;;;;;;;;;;;;;
2026/01/27;1600 UTC;;;;;;;;;;;;;;;;;;
2026/01/27;1700 UTC;;;;;;;;;;;;;;;;;;
2026/01/27;1800 UTC;;;;;;;;;;;;;;;;;;
2026/01/27;1900 UTC;;;;;;;;;;;;;;;;;;
2026/01/27;2000 UTC;;;;;;;;;;;;;;;;;;
2026/01/27;2100 UTC;;;;;;;;;;;;;;;;;;
2026/01/27;2200 UTC;;;;;;;;;;;;;;;;;;
2026/01/27;2300 UTC;;;;;;;;;;;;;;;;;;
2026/01/28;0000 UTC;;;;;;;;;;;;;;;;;;
2026/01/28;0100 UTC;;;;;;;;;;;;;;;;;;
2026/01/28;0200 UTC;;;;;;;;;;;;;;;;;;
2026/01/28;0300 UTC;;;;;;;;;;;;;;;;;;
2026/01/28;0400 UTC;;;;;;;;;;;;;;;;;;
2026/01/28;0500 UTC;;;;;;;;;;;;;;;;;;
2026/01/28;0600 UTC;;;;;;;;;;;;;;;;;;
2026/01/28;0700 UTC;;;;;;;;;;;;;;;;;;
2026/01/28;0800 UTC;;;;;;;;;;;;;;;;;;
2026/01/28;0900 UTC;;;;;;;;;;;;;;;;;;
2026/01/28;1000 UTC;;;;;;;;;;;;;;;;;;
2026/01/28;1100 UTC;;;;;;;;;;;;;;;;;;
2026/01/28;1200 UTC;;;;;;;;;;;;;;;;;;
2026/01/28;1300 UTC;;;;;;;;;;;;;;;;;;
2026/01/28;1400 UTC;;;;;;;;;;;;;;;;;;
2026/01/28;1500 UTC;;;;;;;;;;;;;;;;;;
2026/01/28;1600 UTC;;;;;;;;;;;;;;;;;;
2026/01/28;1700 UTC;;;;;;;;;;;;;;;;;;
2026/01/28;1800 UTC;;;;;;;;;;;;;;;;;;
2026/01/28;1900 UTC;;;;;;;;;;;;;;;;;;
2026/01/28;2000 UTC;;;;;;;;;;;;;;;;;;
2026/01/28;2100 UTC;;;;;;;;;;;;;;;;;;
2026/01/28;2200 UTC;;;;;;;;;;;;;;;;;;
2026/01/28;2300 UTC;;;;;;;;;;;;;;;;;;
2026/01/29;0000 UTC;;;;;;;;;;;;;;;;;;
2026/01/29;0100 UTC;;;;;;;;;;;;;;;;;;
2026/01/29;0200 UTC;;;;;;;;;;;;;;;;;;
2026/01/29;0300 UTC;;;;;;;;;;;;;;;;;;
2026/01/29;0400 UTC;;;;;;;;;;;;;;;;;;
2026/01/29;0500 UTC;;;;;;;;;;;;;;;;;;
2026/01/29;0600 UTC;;;;;;;;;;;;;;;;;;
2026/01/29;0700 UTC;;;;;;;;;;;;;;;;;;
2026/01/29;0800 UTC;;;;;;;;;;;;;;;;;;
2026/01/29;0900 UTC;;;;;;;;;;;;;;;;;;
2026/01/29;1000 UTC;;;;;;;;;;;;;;;;;;
2026/01/29;1100 UTC;;;;;;;;;;;;;;;;;;
2026/01/29;1200 UTC;;;;;;;;;;;;;;;;;;
2026/01/29;1300 UTC;;;;;;;;;;;;;;;;;;
2026/01/29;1400 UTC;;;;;;;;;;;;;;;;;;
2026/01/29;1500 UTC;;;;;;;;;;;;;;;;;;
2026/01/29;1600 UTC;;;;;;;;;;;;;;;;;;
2026/01/29;1700 UTC;;;;;;;;;;;;;;;;;;
2026/01/29;1800 UTC;;;;;;;;;;;;;;;;;;
2026/01/29;1900 UTC;;;;;;;;;;;;;;;;;;
2026/01/29;2000 UTC;;;;;;;;;;;;;;;;;;
2026/01/29;2100 UTC;;;;;;;;;;;;;;;;;;
2026/01/29;2200 UTC;;;;;;;;;;;;;;;;;;
2026/01/29;2300 UTC;;;;;;;;;;;;;;;;;;
2026/01/30;0000 UTC;;;;;;;;;;;;;;;;;;
2026/01/30;0100 UTC;;;;;;;;;;;;;;;;;;
2026/01/30;0200 UTC;;;;;;;;;;;;;;;;;;
2026/01/30;0300 UTC;;;;;;;;;;;;;;;;;;
2026/01/30;0400 UTC;;;;;;;;;;;;;;;;;;
2026/01/30;0500 UTC;;;;;;;;;;;;;;;;;;
2026/01/30;0600 UTC;;;;;;;;;;;;;;;;;;
2026/01/30;0700 UTC;;;;;;;;;;;;;;;;;;
2026/01/30;0800 UTC;;;;;;;;;;;;;;;;;;
2026/01/30;0900 UTC;;;;;;;;;;;;;;;;;;
2026/01/30;1000 UTC;;;;;;;;;;;;;;;;;;
2026/01/30;1100 UTC;;;;;;;;;;;;;;;;;;
2026/01/30;1200 UTC;;;;;;;;;;;;;;;;;;
2026/01/30;1300 UTC;;;;;;;;;;;;;;;;;;
2026/01/30;1400 UTC;;;;;;;;;;;;;;;;;;
2026/01/30;1500 UTC;;;;;;;;;;;;;;;;;;
2026/01/30;1600 UTC;;;;;;;;;;;;;;;;;;
2026/01/30;1700 UTC;;;;;;;;;;;;;;;;;;
2026/01/30;1800 UTC;;;;;;;;;;;;;;;;;;
2026/01/30;1900 UTC;;;;;;;;;;;;;;;;;;
2026/01/30;2000 UTC;;;;;;;;;;;;;;;;;;
2026/01/30;2100 UTC;;;;;;;;;;;;;;;;;;
2026/01/30;2200 UTC;;;;;;;;;;;;;;;;;;
2026/01/30;2300 UTC;;;;;;;;;;;;;;;;;;
2026/01/31;0000 UTC;;;;;;;;;;;;;;;;;;
2026/01/31;0100 UTC;;;;;;;;;;;;;;;;;;
2026/01/31;0200 UTC;;;;;;;;;;;;;;;;;;
2026/01/31;0300 UTC;;;;;;;;;;;;;;;;;;
2026/01/31;0400 UTC;;;;;;;;;;;;;;;;;;
2026/01/31;0500 UTC;;;;;;;;;;;;;;;;;;
2026/01/31;0600 UTC;;;;;;;;;;;;;;;;;;
2026/01/31;0700 UTC;;;;;;;;;;;;;;;;;;
2026/01/31;0800 UTC;;;;;;;;;;;;;;;;;;
2026/01/31;0900 UTC;;;;;;;;;;;;;;;;;;
2026/01/31;1000 UTC;;;;;;;;;;;;;;;;;;
2026/01/31;1100 UTC;;;;;;;;;;;;;;;;;;
2026/01/31;1200 UTC;;;;;;;;;;;;;;;;;;
2026/01/31;1300 UTC;;;;;;;;;;;;;;;;;;
2026/01/31;1400 UTC;;;;;;;;;;;;;;;;;;
2026/01/31;1500 UTC;;;;;;;;;;;;;;;;;;
2026/01/31;1600 UTC;;;;;;;;;;;;;;;;;;
2026/01/31;1700 UTC;;;;;;;;;;;;;;;;;;
2026/01/31;1800 UTC;;;;;;;;;;;;;;;;;;
2026/01/31;1900 UTC;;;;;;;;;;;;;;;;;;
2026/01/31;2000 UTC;;;;;;;;;;;;;;;;;;
2026/01/31;2100 UTC;;;;;;;;;;;;;;;;;;
2026/01/31;2200 UTC;;;;;;;;;;;;;;;;;;
2026/01/31;2300 UTC;;;;;;;;;;;;;;;;;;
2026/02/01;0000 UTC;;;;;;;;;;;;;;;;;;
2026/02/01;0100 UTC;;;;;;;;;;;;;;;;;;
2026/02/01;0200 UTC;;;;;;;;;;;;;;;;;;
2026/02/01;0300 UTC;;;;;;;;;;;;;;;;;;
2026/02/01;0400 UTC;;;;;;;;;;;;;;;;;;
2026/02/01;0500 UTC;;;;;;;;;;;;;;;;;;
2026/02/01;0600 UTC;;;;;;;;;;;;;;;;;;
2026/02/01;0700 UTC;;;;;;;;;;;;;;;;;;
2026/02/01;0800 UTC;;;;;;;;;;;;;;;;;;
2026/02/01;0900 UTC;;;;;;;;;;;;;;;;;;
2026/02/01;1000 UTC;;;;;;;;;;;;;;;;;;
2026/02/01;1100 UTC;;;;;;;;;;;;;;;;;;
2026/02/01;1200 UTC;;;;;;;;;;;;;;;;;;
2026/02/01;1300 UTC;;;;;;;;;;;;;;;;;;
2026/02/01;1400 UTC;;;;;;;;;;;;;;;;;;
2026/02/01;1500 UTC;;;;;;;;;;;;;;;;;;
2026/02/01;1600 UTC;;;;;;;;;;;;;;;;;;
2026/02/01;1700 UTC;;;;;;;;;;;;;;;;;;
2026/02/01;1800 UTC;;;;;;;;;;;;;;;;;;
2026/02/01;1900 UTC;;;;;;;;;;;;;;;;;;
2026/02/01;2000 UTC;;;;;;;;;;;;;;;;;;
2026/02/01;2100 UTC;;;;;;;;;;;;;;;;;;
2026/02/01;2200 UTC;;;;;;;;;;;;;;;;;;
2026/02/01;2300 UTC;;;;;;;;;;;;;;;;;;
2026/02/02;0000 UTC;;;;;;;;;;;;;;;;;;
2026/02/02;0100 UTC;;;;;;;;;;;;;;;;;;
2026/02/02;0200 UTC;;;;;;;;;;;;;;;;;;
2026/02/02;0300 UTC;;;;;;;;;;;;;;;;;;
2026/02/02;0400 UTC;;;;;;;;;;;;;;;;;;
2026/02/02;0500 UTC;;;;;;;;;;;;;;;;;;
2026/02/02;0600 UTC;;;;;;;;;;;;;;;;;;
2026/02/02;0700 UTC;;;;;;;;;;;;;;;;;;
2026/02/02;0800 UTC;;;;;;;;;;;;;;;;;;
2026/02/02;0900 UTC;;;;;;;;;;;;;;;;;;
2026/02/02;1000 UTC;;;;;;;;;;;;;;;;;;
2026/02/02;1100 UTC;;;;;;;;;;;;;;;;;;
2026/02/02;1200 UTC;;;;;;;;;;;;;;;;;;
2026/02/02;1300 UTC;;;;;;;;;;;;;;;;;;
2026/02/02;1400 UTC;;;;;;;;;;;;;;;;;;
2026/02/02;1500 UTC;;;;;;;;;;;;;;;;;;
2026/02/02;1600 UTC;;;;;;;;;;;;;;;;;;
2026/02/02;1700 UTC;;;;;;;;;;;;;;;;;;
2026/02/02;1800 UTC;;;;;;;;;;;;;;;;;;
2026/02/02;1900 UTC;;;;;;;;;;;;;;;;;;
2026/02/02;2000 UTC;;;;;;;;;;;;;;;;;;
2026/02/02;2100 UTC;;;;;;;;;;;;;;;;;;
2026/02/02;2200 UTC;;;;;;;;;;;;;;;;;;
2026/02/02;2300 UTC;;;;;;;;;;;;;;;;;;
2026/02/03;0000 UTC;;;;;;;;;;;;;;;;;;
2026/02/03;0100 UTC;;;;;;;;;;;;;;;;;;
2026/02/03;0200 UTC;;;;;;;;;;;;;;;;;;
2026/02/03;0300 UTC;;;;;;;;;;;;;;;;;;
2026/02/03;0400 UTC;;;;;;;;;;;;;;;;;;
2026/02/03;0500 UTC;;;;;;;;;;;;;;;;;;
2026/02/03;0600 UTC;;;;;;;;;;;;;;;;;;
2026/02/03;0700 UTC;;;;;;;;;;;;;;;;;;
2026/02/03;0800 UTC;;;;;;;;;;;;;;;;;;
2026/02/03;0900 UTC;;;;;;;;;;;;;;;;;;
2026/02/03;1000 UTC;;;;;;;;;;;;;;;;;;
2026/02/03;1100 UTC;;;;;;;;;;;;;;;;;;
2026/02/03;1200 UTC;;;;;;;;;;;;;;;;;;
2026/02/03;1300 UTC;;;;;;;;;;;;;;;;;;
2026/02/03;1400 UTC;;;;;;;;;;;;;;;;;;
2026/02/03;1500 UTC;;;;;;;;;;;;;;;;;;
2026/02/03;1600 UTC;;;;;;;;;;;;;;;;;;
2026/02/03;1700 UTC;;;;;;;;;;;;;;;;;;
2026/02/03;1800 UTC;;;;;;;;;;;;;;;;;;
2026/02/03;1900 UTC;;;;;;;;;;;;;;;;;;
2026/02/03;2000 UTC;;;;;;;;;;;;;;;;;;
2026/02/03;2100 UTC;;;;;;;;;;;;;;;;;;
2026/02/03;2200 UTC;;;;;;;;;;;;;;;;;;
2026/02/03;2300 UTC;;;;;;;;;;;;;;;;;;
2026/02/04;0000 UTC;;;;;;;;;;;;;;;;;;
2026/02/04;0100 UTC;;;;;;;;;;;;;;;;;;
2026/02/04;0200 UTC;;;;;;;;;;;;;;;;;;
2026/02/04;0300 UTC;;;;;;;;;;;;;;;;;;
2026/02/04;0400 UTC;;;;;;;;;;;;;;;;;;
2026/02/04;0500 UTC;;;;;;;;;;;;;;;;;;
2026/02/04;0600 UTC;;;;;;;;;;;;;;;;;;
2026/02/04;0700 UTC;;;;;;;;;;;;;;;;;;
2026/02/04;0800 UTC;;;;;;;;;;;;;;;;;;
2026/02/04;0900 UTC;;;;;;;;;;;;;;;;;;
2026/02/04;1000 UTC;;;;;;;;;;;;;;;;;;
2026/02/04;1100 UTC;;;;;;;;;;;;;;;;;;
2026/02/04;1200 UTC;;;;;;;;;;;;;;;;;;
2026/02/04;1300 UTC;;;;;;;;;;;;;;;;;;
2026/02/04;1400 UTC;;;;;;;;;;;;;;;;;;
2026/02/04;1500 UTC;;;;;;;;;;;;;;;;;;
2026/02/04;1600 UTC;;;;;;;;;;;;;;;;;;
2026/02/04;1700 UTC;;;;;;;;;;;;;;;;;;
2026/02/04;1800 UTC;;;;;;;;;;;;;;;;;;
2026/02/04;1900 UTC;;;;;;;;;;;;;;;;;;
2026/02/04;2000 UTC;;;;;;;;;;;;;;;;;;
2026/02/04;2100 UTC;;;;;;;;;;;;;;;;;;
2026/02/04;2200 UTC;;;;;;;;;;;;;;;;;;
2026/02/04;2300 UTC;;;;;;;;;;;;;;;;;;
2026/02/05;0000 UTC;;;;;;;;;;;;;;;;;;
2026/02/05;0100 UTC;;;;;;;;;;;;;;;;;;
2026/02/05;0200 UTC;;;;;;;;;;;;;;;;;;
2026/02/05;0300 UTC;;;;;;;;;;;;;;;;;;
2026/02/05;0400 UTC;;;;;;;;;;;;;;;;;;
2026/02/05;0500 UTC;;;;;;;;;;;;;;;;;;
2026/02/05;0600 UTC;;;;;;;;;;;;;;;;;;
2026/02/05;0700 UTC;;;;;;;;;;;;;;;;;;
2026/02/05;0800 UTC;;;;;;;;;;;;;;;;;;
2026/02/05;0900 UTC;;;;;;;;;;;;;;;;;;
2026/02/05;1000 UTC;;;;;;;;;;;;;;;;;;
2026/02/05;1100 UTC;;;;;;;;;;;;;;;;;;
2026/02/05;1200 UTC;;;;;;;;;;;;;;;;;;
2026/02/05;1300 UTC;;;;;;;;;;;;;;;;;;
2026/02/05;1400 UTC;;;;;;;;;;;;;;;;;;
2026/02/05;1500 UTC;;;;;;;;;;;;;;;;;;
2026/02/05;1600 UTC;;;;;;;;;;;;;;;;;;
2026/02/05;1700 UTC;;;;;;;;;;;;;;;;;;
2026/02/05;1800 UTC;;;;;;;;;;;;;;;;;;
2026/02/05;1900 UTC;;;;;;;;;;;;;;;;;;
2026/02/05;2000 UTC;;;;;;;;;;;;;;;;;;
2026/02/05;2100 UTC;;;;;;;;;;;;;;;;;;
2026/02/05;2200 UTC;;;;;;;;;;;;;;;;;;
2026/02/05;2300 UTC;;;;;;;;;;;;;;;;;;
2026/02/06;0000 UTC;;;;;;;;;;;;;;;;;;
2026/02/06;0100 UTC;;;;;;;;;;;;;;;;;;
2026/02/06;0200 UTC;;;;;;;;;;;;;;;;;;
2026/02/06;0300 UTC;;;;;;;;;;;;;;;;;;
2026/02/06;0400 UTC;;;;;;;;;;;;;;;;;;
2026/02/06;0500 UTC;;;;;;;;;;;;;;;;;;
2026/02/06;0600 UTC;;;;;;;;;;;;;;;;;;
2026/02/06;0700 UTC;;;;;;;;;;;;;;;;;;
2026/02/06;0800 UTC;;;;;;;;;;;;;;;;;;
2026/02/06;0900 UTC;;;;;;;;;;;;;;;;;;
2026/02/06;1000 UTC;;;;;;;;;;;;;;;;;;
2026/02/06;1100 UTC;;;;;;;;;;;;;;;;;;
2026/02/06;1200 UTC;;;;;;;;;;;;;;;;;;
2026/02/06;1300 UTC;;;;;;;;;;;;;;;;;;
2026/02/06;1400 UTC;;;;;;;;;;;;;;;;;;
2026/02/06;1500 UTC;;;;;;;;;;;;;;;;;;
2026/02/06;1600 UTC;;;;;;;;;;;;;;;;;;
2026/02/06;1700 UTC;;;;;;;;;;;;;;;;;;
2026/02/06;1800 UTC;;;;;;;;;;;;;;;;;;
2026/02/06;1900 UTC;;;;;;;;;;;;;;;;;;
2026/02/06;2000 UTC;;;;;;;;;;;;;;;;;;
2026/02/06;2100 UTC;;;;;;;;;;;;;;;;;;
2026/02/06;2200 UTC;;;;;;;;;;;;;;;;;;
2026/02/06;2300 UTC;;;;;;;;;;;;;;;;;;
2026/02/07;0000 UTC;;;;;;;;;;;;;;;;;;
2026/02/07;0100 UTC;;;;;;;;;;;;;;;;;;
2026/02/07;0200 UTC;;;;;;;;;;;;;;;;;;
2026/02/07;0300 UTC;;;;;;;;;;;;;;;;;;
2026/02/07;0400 UTC;;;;;;;;;;;;;;;;;;
2026/02/07;0500 UTC;;;;;;;;;;;;;;;;;;
2026/02/07;0600 UTC;;;;;;;;;;;;;;;;;;
2026/02/07;0700 UTC;;;;;;;;;;;;;;;;;;
2026/02/07;0800 UTC;;;;;;;;;;;;;;;;;;
2026/02/07;0900 UTC;;;;;;;;;;;;;;;;;;
2026/02/07;1000 UTC;;;;;;;;;;;;;;;;;;
2026/02/07;1100 UTC;;;;;;;;;;;;;;;;;;
2026/02/07;1200 UTC;;;;;;;;;;;;;;;;;;
2026/02/07;1300 UTC;;;;;;;;;;;;;;;;;;
2026/02/07;1400 UTC;;;;;;;;;;;;;;;;;;
2026/02/07;1500 UTC;;;;;;;;;;;;;;;;;;
2026/02/07;1600 UTC;;;;;;;;;;;;;;;;;;
2026/02/07;1700 UTC;;;;;;;;;;;;;;;;;;
2026/02/07;1800 UTC;;;;;;;;;;;;;;;;;;
2026/02/07;1900 UTC;;;;;;;;;;;;;;;;;;
2026/02/07;2000 UTC;;;;;;;;;;;;;;;;;;
2026/02/07;2100 UTC;;;;;;;;;;;;;;;;;;
2026/02/07;2200 UTC;;;;;;;;;;;;;;;;;;
2026/02/07;2300 UTC;;;;;;;;;;;;;;;;;;
2026/02/08;0000 UTC;;;;;;;;;;;;;;;;;;
2026/02/08;0100 UTC;;;;;;;;;;;;;;;;;;
2026/02/08;0200 UTC;;;;;;;;;;;;;;;;;;
2026/02/08;0300 UTC;;;;;;;;;;;;;;;;;;
2026/02/08;0400 UTC;;;;;;;;;;;;;;;;;;
2026/02/08;0500 UTC;;;;;;;;;;;;;;;;;;
2026/02/08;0600 UTC;;;;;;;;;;;;;;;;;;
2026/02/08;0700 UTC;;;;;;;;;;;;;;;;;;
2026/02/08;0800 UTC;;;;;;;;;;;;;;;;;;
2026/02/08;0900 UTC;;;;;;;;;;;;;;;;;;
2026/02/08;1000 UTC;;;;;;;;;;;;;;;;;;
2026/02/08;1100 UTC;;;;;;;;;;;;;;;;;;
2026/02/08;1200 UTC;;;;;;;;;;;;;;;;;;
2026/02/08;1300 UTC;;;;;;;;;;;;;;;;;;
2026/02/08;1400 UTC;;;;;;;;;;;;;;;;;;
2026/02/08;1500 UTC;;;;;;;;;;;;;;;;;;
2026/02/08;1600 UTC;;;;;;;;;;;;;;;;;;
2026/02/08;1700 UTC;;;;;;;;;;;;;;;;;;
2026/02/08;1800 UTC;;;;;;;;;;;;;;;;;;
2026/02/08;1900 UTC;;;;;;;;;;;;;;;;;;
2026/02/08;2000 UTC;;;;;;;;;;;;;;;;;;
2026/02/08;2100 UTC;;;;;;;;;;;;;;;;;;
2026/02/08;2200 UTC;;;;;;;;;;;;;;;;;;
2026/02/08;2300 UTC;;;;;;;;;;;;;;;;;;
2026/02/09;0000 UTC;;;;;;;;;;;;;;;;;;
2026/02/09;0100 UTC;;;;;;;;;;;;;;;;;;
2026/02/09;0200 UTC;;;;;;;;;;;;;;;;;;
2026/02/09;0300 UTC;;;;;;;;;;;;;;;;;;
2026/02/09;0400 UTC;;;;;;;;;;;;;;;;;;
2026/02/09;0500 UTC;;;;;;;;;;;;;;;;;;
2026/02/09;0600 UTC;;;;;;;;;;;;;;;;;;
2026/02/09;0700 UTC;;;;;;;;;;;;;;;;;;
2026/02/09;0800 UTC;;;;;;;;;;;;;;;;;;
2026/02/09;0900 UTC;;;;;;;;;;;;;;;;;;
2026/02/09;1000 UTC;;;;;;;;;;;;;;;;;;
2026/02/09;1100 UTC;;;;;;;;;;;;;;;;;;
2026/02/09;1200 UTC;;;;;;;;;;;;;;;;;;
2026/02/09;1300 UTC;;;;;;;;;;;;;;;;;;
2026/02/09;1400 UTC;;;;;;;;;;;;;;;;;;
2026/02/09;1500 UTC;;;;;;;;;;;;;;;;;;
2026/02/09;1600 UTC;;;;;;;;;;;;;;;;;;
2026/02/09;1700 UTC;;;;;;;;;;;;;;;;;;
2026/02/09;1800 UTC;;;;;;;;;;;;;;;;;;
2026/02/09;1900 UTC;;;;;;;;;;;;;;;;;;
2026/02/09;2000 UTC;;;;;;;;;;;;;;;;;;
2026/02/09;2100 UTC;;;;;;;;;;;;;;;;;;
2026/02/09;2200 UTC;;;;;;;;;;;;;;;;;;
2026/02/09;2300 UTC;;;;;;;;;;;;;;;;;;
2026/02/10;0000 UTC;;;;;;;;;;;;;;;;;;
2026/02/10;0100 UTC;;;;;;;;;;;;;;;;;;
2026/02/10;0200 UTC;;;;;;;;;;;;;;;;;;
2026/02/10;0300 UTC;;;;;;;;;;;;;;;;;;
2026/02/10;0400 UTC;;;;;;;;;;;;;;;;;;
2026/02/10;0500 UTC;;;;;;;;;;;;;;;;;;
2026/02/10;0600 UTC;;;;;;;;;;;;;;;;;;
2026/02/10;0700 UTC;;;;;;;;;;;;;;;;;;
2026/02/10;0800 UTC;;;;;;;;;;;;;;;;;;
2026/02/10;0900 UTC;;;;;;;;;;;;;;;;;;
2026/02/10;1000 UTC;;;;;;;;;;;;;;;;;;
2026/02/10;1100 UTC;;;;;;;;;;;;;;;;;;
2026/02/10;1200 UTC;;;;;;;;;;;;;;;;;;
2026/02/10;1300 UTC;;;;;;;;;;;;;;;;;;
2026/02/10;1400 UTC;;;;;;;;;;;;;;;;;;
2026/02/10;1500 UTC;;;;;;;;;;;;;;;;;;
2026/02/10;1600 UTC;;;;;;;;;;;;;;;;;;
2026/02/10;1700 UTC;;;;;;;;;;;;;;;;;;
2026/02/10;1800 UTC;;;;;;;;;;;;;;;;;;
2026/02/10;1900 UTC;;;;;;;;;;;;;;;;;;
2026/02/10;2000 UTC;;;;;;;;;;;;;;;;;;
2026/02/10;2100 UTC;;;;;;;;;;;;;;;;;;
2026/02/10;2200 UTC;;;;;;;;;;;;;;;;;;
2026/02/10;2300 UTC;;;;;;;;;;;;;;;;;;
2026/02/11;0000 UTC;;;;;;;;;;;;;;;;;;
2026/02/11;0100 UTC;;;;;;;;;;;;;;;;;;
2026/02/11;0200 UTC;;;;;;;;;;;;;;;;;;
2026/02/11;0300 UTC;;;;;;;;;;;;;;;;;;
2026/02/11;0400 UTC;;;;;;;;;;;;;;;;;;
2026/02/11;0500 UTC;;;;;;;;;;;;;;;;;;
2026/02/11;0600 UTC;;;;;;;;;;;;;;;;;;
2026/02/11;0700 UTC;;;;;;;;;;;;;;;;;;
2026/02/11;0800 UTC;;;;;;;;;;;;;;;;;;
2026/02/11;0900 UTC;;;;;;;;;;;;;;;;;;
2026/02/11;1000 UTC;;;;;;;;;;;;;;;;;;
2026/02/11;1100 UTC;;;;;;;;;;;;;;;;;;
2026/02/11;1200 UTC;;;;;;;;;;;;;;;;;;
2026/02/11;1300 UTC;;;;;;;;;;;;;;;;;;
2026/02/11;1400 UTC;;;;;;;;;;;;;;;;;;
2026/02/11;1500 UTC;;;;;;;;;;;;;;;;;;
2026/02/11;1600 UTC;;;;;;;;;;;;;;;;;;
2026/02/11;1700 UTC;;;;;;;;;;;;;;;;;;
2026/02/11;1800 UTC;;;;;;;;;;;;;;;;;;
2026/02/11;1900 UTC;;;;;;;;;;;;;;;;;;
2026/02/11;2000 UTC;;;;;;;;;;;;;;;;;;
2026/02/11;2100 UTC;;;;;;;;;;;;;;;;;;
2026/02/11;2200 UTC;;;;;;;;;;;;;;;;;;
2026/02/11;2300 UTC;;;;;;;;;;;;;;;;;;
2026/02/12;0000 UTC;;;;;;;;;;;;;;;;;;
2026/02/12;0100 UTC;;;;;;;;;;;;;;;;;;
2026/02/12;0200 UTC;;;;;;;;;;;;;;;;;;
2026/02/12;0300 UTC;;;;;;;;;;;;;;;;;;
2026/02/12;0400 UTC;;;;;;;;;;;;;;;;;;
2026/02/12;0500 UTC;;;;;;;;;;;;;;;;;;
2026/02/12;0600 UTC;;;;;;;;;;;;;;;;;;
2026/02/12;0700 UTC;;;;;;;;;;;;;;;;;;
2026/02/12;0800 UTC;;;;;;;;;;;;;;;;;;
2026/02/12;0900 UTC;;;;;;;;;;;;;;;;;;
2026/02/12;1000 UTC;;;;;;;;;;;;;;;;;;
2026/02/12;1100 UTC;;;;;;;;;;;;;;;;;;
2026/02/12;1200 UTC;;;;;;;;;;;;;;;;;;
2026/02/12;1300 UTC;;;;;;;;;;;;;;;;;;
2026/02/12;1400 UTC;;;;;;;;;;;;;;;;;;
2026/02/12;1500 UTC;;;;;;;;;;;;;;;;;;
2026/02/12;1600 UTC;;;;;;;;;;;;;;;;;;
2026/02/12;1700 UTC;;;;;;;;;;;;;;;;;;
2026/02/12;1800 UTC;;;;;;;;;;;;;;;;;;
2026/02/12;1900 UTC;;;;;;;;;;;;;;;;;;
2026/02/12;2000 UTC;;;;;;;;;;;;;;;;;;
2026/02/12;2100 UTC;;;;;;;;;;;;;;;;;;
2026/02/12;2200 UTC;;;;;;;;;;;;;;;;;;
2026/02/12;2300 UTC;;;;;;;;;;;;;;;;;;
2026/02/13;0000 UTC;;;;;;;;;;;;;;;;;;
2026/02/13;0100 UTC;;;;;;;;;;;;;;;;;;
2026/02/13;0200 UTC;;;;;;;;;;;;;;;;;;
2026/02/13;0300 UTC;;;;;;;;;;;;;;;;;;
2026/02/13;0400 UTC;;;;;;;;;;;;;;;;;;
2026/02/13;0500 UTC;;;;;;;;;;;;;;;;;;
2026/02/13;0600 UTC;;;;;;;;;;;;;;;;;;
2026/02/13;0700 UTC;;;;;;;;;;;;;;;;;;
2026/02/13;0800 UTC;;;;;;;;;;;;;;;;;;
2026/02/13;0900 UTC;;;;;;;;;;;;;;;;;;
2026/02/13;1000 UTC;;;;;;;;;;;;;;;;;;
2026/02/13;1100 UTC;;;;;;;;;;;;;;;;;;
2026/02/13;1200 UTC;;;;;;;;;;;;;;;;;;
2026/02/13;1300 UTC;;;;;;;;;;;;;;;;;;
2026/02/13;1400 UTC;;;;;;;;;;;;;;;;;;
2026/02/13;1500 UTC;;;;;;;;;;;;;;;;;;
2026/02/13;1600 UTC;;;;;;;;;;;;;;;;;;
2026/02/13;1700 UTC;;;;;;;;;;;;;;;;;;
2026/02/13;1800 UTC;;;;;;;;;;;;;;;;;;
2026/02/13;1900 UTC;;;;;;;;;;;;;;;;;;
2026/02/13;2000 UTC;;;;;;;;;;;;;;;;;;
2026/02/13;2100 UTC;;;;;;;;;;;;;;;;;;
2026/02/13;2200 UTC;;;;;;;;;;;;;;;;;;
2026/02/13;2300 UTC;;;;;;;;;;;;;;;;;;
2026/02/14;0000 UTC;;;;;;;;;;;;;;;;;;
2026/02/14;0100 UTC;;;;;;;;;;;;;;;;;;
2026/02/14;0200 UTC;;;;;;;;;;;;;;;;;;
2026/02/14;0300 UTC;;;;;;;;;;;;;;;;;;
2026/02/14;0400 UTC;;;;;;;;;;;;;;;;;;
2026/02/14;0500 UTC;;;;;;;;;;;;;;;;;;
2026/02/14;0600 UTC;;;;;;;;;;;;;;;;;;
2026/02/14;0700 UTC;;;;;;;;;;;;;;;;;;
2026/02/14;0800 UTC;;;;;;;;;;;;;;;;;;
2026/02/14;0900 UTC;;;;;;;;;;;;;;;;;;
2026/02/14;1000 UTC;;;;;;;;;;;;;;;;;;
2026/02/14;1100 UTC;;;;;;;;;;;;;;;;;;
2026/02/14;1200 UTC;;;;;;;;;;;;;;;;;;
2026/02/14;1300 UTC;;;;;;;;;;;;;;;;;;
2026/02/14;1400 UTC;;;;;;;;;;;;;;;;;;
2026/02/14;1500 UTC;;;;;;;;;;;;;;;;;;
2026/02/14;1600 UTC;;;;;;;;;;;;;;;;;;
2026/02/14;1700 UTC;;;;;;;;;;;;;;;;;;
2026/02/14;1800 UTC;;;;;;;;;;;;;;;;;;
2026/02/14;1900 UTC;;;;;;;;;;;;;;;;;;
2026/02/14;2000 UTC;;;;;;;;;;;;;;;;;;
2026/02/14;2100 UTC;;;;;;;;;;;;;;;;;;
2026/02/14;2200 UTC;;;;;;;;;;;;;;;;;;
2026/02/14;2300 UTC;;;;;;;;;;;;;;;;;;
2026/02/15;0000 UTC;;;;;;;;;;;;;;;;;;
2026/02/15;0100 UTC;;;;;;;;;;;;;;;;;;
2026/02/15;0200 UTC;;;;;;;;;;;;;;;;;;
2026/02/15;0300 UTC;;;;;;;;;;;;;;;;;;
2026/02/15;0400 UTC;;;;;;;;;;;;;;;;;;
2026/02/15;0500 UTC;;;;;;;;;;;;;;;;;;
2026/02/15;0600 UTC;;;;;;;;;;;;;;;;;;
2026/02/15;0700 UTC;;;;;;;;;;;;;;;;;;
2026/02/15;0800 UTC;;;;;;;;;;;;;;;;;;
2026/02/15;0900 UTC;;;;;;;;;;;;;;;;;;
2026/02/15;1000 UTC;;;;;;;;;;;;;;;;;;
2026/02/15;1100 UTC;;;;;;;;;;;;;;;;;;
2026/02/15;1200 UTC;;;;;;;;;;;;;;;;;;
2026/02/15;1300 UTC;;;;;;;;;;;;;;;;;;
2026/02/15;1400 UTC;;;;;;;;;;;;;;;;;;
2026/02/15;1500 UTC;;;;;;;;;;;;;;;;;;
2026/02/15;1600 UTC;;;;;;;;;;;;;;;;;;
2026/02/15;1700 UTC;;;;;;;;;;;;;;;;;;
2026/02/15;1800 UTC;;;;;;;;;;;;;;;;;;
2026/02/15;1900 UTC;;;;;;;;;;;;;;;;;;
2026/02/15;2000 UTC;;;;;;;;;;;;;;;;;;
2026/02/15;2100 UTC;;;;;;;;;;;;;;;;;;
2026/02/15;2200 UTC;;;;;;;;;;;;;;;;;;
2026/02/15;2300 UTC;;;;;;;;;;;;;;;;;;
2026/02/16;0000 UTC;;;;;;;;;;;;;;;;;;
2026/02/16;0100 UTC;;;;;;;;;;;;;;;;;;
2026/02/16;0200 UTC;;;;;;;;;;;;;;;;;;
2026/02/16;0300 UTC;;;;;;;;;;;;;;;;;;
2026/02/16;0400 UTC;;;;;;;;;;;;;;;;;;
2026/02/16;0500 UTC;;;;;;;;;;;;;;;;;;
2026/02/16;0600 UTC;;;;;;;;;;;;;;;;;;
2026/02/16;0700 UTC;;;;;;;;;;;;;;;;;;
2026/02/16;0800 UTC;;;;;;;;;;;;;;;;;;
2026/02/16;0900 UTC;;;;;;;;;;;;;;;;;;
2026/02/16;1000 UTC;;;;;;;;;;;;;;;;;;
2026/02/16;1100 UTC;;;;;;;;;;;;;;;;;;
2026/02/16;1200 UTC;;;;;;;;;;;;;;;;;;
2026/02/16;1300 UTC;;;;;;;;;;;;;;;;;;
2026/02/16;1400 UTC;;;;;;;;;;;;;;;;;;
2026/02/16;1500 UTC;;;;;;;;;;;;;;;;;;
2026/02/16;1600 UTC;;;;;;;;;;;;;;;;;;
2026/02/16;1700 UTC;;;;;;;;;;;;;;;;;;
2026/02/16;1800 UTC;;;;;;;;;;;;;;;;;;
2026/02/16;1900 UTC;;;;;;;;;;;;;;;;;;
2026/02/16;2000 UTC;;;;;;;;;;;;;;;;;;
2026/02/16;2100 UTC;;;;;;;;;;;;;;;;;;
2026/02/16;2200 UTC;;;;;;;;;;;;;;;;;;
2026/02/16;2300 UTC;;;;;;;;;;;;;;;;;;
2026/02/17;0000 UTC;;;;;;;;;;;;;;;;;;
2026/02/17;0100 UTC;;;;;;;;;;;;;;;;;;
2026/02/17;0200 UTC;;;;;;;;;;;;;;;;;;
2026/02/17;0300 UTC;;;;;;;;;;;;;;;;;;
2026/02/17;0400 UTC;;;;;;;;;;;;;;;;;;
2026/02/17;0500 UTC;;;;;;;;;;;;;;;;;;
2026/02/17;0600 UTC;;;;;;;;;;;;;;;;;;
2026/02/17;0700 UTC;;;;;;;;;;;;;;;;;;
2026/02/17;0800 UTC;;;;;;;;;;;;;;;;;;
2026/02/17;0900 UTC;;;;;;;;;;;;;;;;;;
2026/02/17;1000 UTC;;;;;;;;;;;;;;;;;;
2026/02/17;1100 UTC;;;;;;;;;;;;;;;;;;
2026/02/17;1200 UTC;;;;;;;;;;;;;;;;;;
2026/02/17;1300 UTC;;;;;;;;;;;;;;;;;;
2026/02/17;1400 UTC;;;;;;;;;;;;;;;;;;
2026/02/17;1500 UTC;;;;;;;;;;;;;;;;;;
2026/02/17;1600 UTC;;;;;;;;;;;;;;;;;;
2026/02/17;1700 UTC;;;;;;;;;;;;;;;;;;
2026/02/17;1800 UTC;;;;;;;;;;;;;;;;;;
2026/02/17;1900 UTC;;;;;;;;;;;;;;;;;;
2026/02/17;2000 UTC;;;;;;;;;;;;;;;;;;
2026/02/17;2100 UTC;;;;;;;;;;;;;;;;;;
2026/02/17;2200 UTC;;;;;;;;;;;;;;;;;;
2026/02/17;2300 UTC;;;;;;;;;;;;;;;;;;
2026/02/18;0000 UTC;;;;;;;;;;;;;;;;;;
2026/02/18;0100 UTC;;;;;;;;;;;;;;;;;;
2026/02/18;0200 UTC;;;;;;;;;;;;;;;;;;
2026/02/18;0300 UTC;;;;;;;;;;;;;;;;;;
2026/02/18;0400 UTC;;;;;;;;;;;;;;;;;;
2026/02/18;0500 UTC;;;;;;;;;;;;;;;;;;
2026/02/18;0600 UTC;;;;;;;;;;;;;;;;;;
2026/02/18;0700 UTC;;;;;;;;;;;;;;;;;;
2026/02/18;0800 UTC;;;;;;;;;;;;;;;;;;
2026/02/18;0900 UTC;;;;;;;;;;;;;;;;;;
2026/02/18;1000 UTC;;;;;;;;;;;;;;;;;;
2026/02/18;1100 UTC;;;;;;;;;;;;;;;;;;
2026/02/18;1200 UTC;;;;;;;;;;;;;;;;;;
2026/02/18;1300 UTC;;;;;;;;;;;;;;;;;;
2026/02/18;1400 UTC;;;;;;;;;;;;;;;;;;
2026/02/18;1500 UTC;;;;;;;;;;;;;;;;;;
2026/02/18;1600 UTC;;;;;;;;;;;;;;;;;;
2026/02/18;1700 UTC;;;;;;;;;;;;;;;;;;
2026/02/18;1800 UTC;;;;;;;;;;;;;;;;;;
2026/02/18;1900 UTC;;;;;;;;;;;;;;;;;;
2026/02/18;2000 UTC;;;;;;;;;;;;;;;;;;
2026/02/18;2100 UTC;;;;;;;;;;;;;;;;;;
2026/02/18;2200 UTC;;;;;;;;;;;;;;;;;;
2026/02/18;2300 UTC;;;;;;;;;;;;;;;;;;
2026/02/19;0000 UTC;;;;;;;;;;;;;;;;;;
2026/02/19;0100 UTC;;;;;;;;;;;;;;;;;;
2026/02/19;0200 UTC;;;;;;;;;;;;;;;;;;
2026/02/19;0300 UTC;;;;;;;;;;;;;;;;;;
2026/02/19;0400 UTC;;;;;;;;;;;;;;;;;;
2026/02/19;0500 UTC;;;;;;;;;;;;;;;;;;
2026/02/19;0600 UTC;;;;;;;;;;;;;;;;;;
2026/02/19;0700 UTC;;;;;;;;;;;;;;;;;;
2026/02/19;0800 UTC;;;;;;;;;;;;;;;;;;
2026/02/19;0900 UTC;;;;;;;;;;;;;;;;;;
2026/02/19;1000 UTC;;;;;;;;;;;;;;;;;;
2026/02/19;1100 UTC;;;;;;;;;;;;;;;;;;
2026/02/19;1200 UTC;;;;;;;;;;;;;;;;;;
2026/02/19;1300 UTC;;;;;;;;;;;;;;;;;;
2026/02/19;1400 UTC;;;;;;;;;;;;;;;;;;
2026/02/19;1500 UTC;;;;;;;;;;;;;;;;;;
2026/02/19;1600 UTC;;;;;;;;;;;;;;;;;;
2026/02/19;1700 UTC;;;;;;;;;;;;;;;;;;
2026/02/19;1800 UTC;;;;;;;;;;;;;;;;;;
2026/02/19;1900 UTC;;;;;;;;;;;;;;;;;;
2026/02/19;2000 UTC;;;;;;;;;;;;;;;;;;
2026/02/19;2100 UTC;;;;;;;;;;;;;;;;;;
2026/02/19;2200 UTC;;;;;;;;;;;;;;;;;;
2026/02/19;2300 UTC;;;;;;;;;;;;;;;;;;
2026/02/20;0000 UTC;;;;;;;;;;;;;;;;;;
2026/02/20;0100 UTC;;;;;;;;;;;;;;;;;;
2026/02/20;0200 UTC;;;;;;;;;;;;;;;;;;
2026/02/20;0300 UTC;;;;;;;;;;;;;;;;;;
2026/02/20;0400 UTC;;;;;;;;;;;;;;;;;;
2026/02/20;0500 UTC;;;;;;;;;;;;;;;;;;
2026/02/20;0600 UTC;;;;;;;;;;;;;;;;;;
2026/02/20;0700 UTC;;;;;;;;;;;;;;;;;;
2026/02/20;0800 UTC;;;;;;;;;;;;;;;;;;
2026/02/20;0900 UTC;;;;;;;;;;;;;;;;;;
2026/02/20;1000 UTC;;;;;;;;;;;;;;;;;;
2026/02/20;1100 UTC;;;;;;;;;;;;;;;;;;
2026/02/20;1200 UTC;;;;;;;;;;;;;;;;;;
2026/02/20;1300 UTC;;;;;;;;;;;;;;;;;;
2026/02/20;1400 UTC;;;;;;;;;;;;;;;;;;
2026/02/20;1500 UTC;;;;;;;;;;;;;;;;;;
2026/02/20;1600 UTC;;;;;;;;;;;;;;;;;;
2026/02/20;1700 UTC;;;;;;;;;;;;;;;;;;
2026/02/20;1800 UTC;;;;;;;;;;;;;;;;;;
2026/02/20;1900 UTC;;;;;;;;;;;;;;;;;;
2026/02/20;2000 UTC;;;;;;;;;;;;;;;;;;
2026/02/20;2100 UTC;;;;;;;;;;;;;;;;;;
2026/02/20;2200 UTC;;;;;;;;;;;;;;;;;;
2026/02/20;2300 UTC;;;;;;;;;;;;;;;;;;
2026/02/21;0000 UTC;;;;;;;;;;;;;;;;;;
2026/02/21;0100 UTC;;;;;;;;;;;;;;;;;;
2026/02/21;0200 UTC;;;;;;;;;;;;;;;;;;
2026/02/21;0300 UTC;;;;;;;;;;;;;;;;;;
2026/02/21;0400 UTC;;;;;;;;;;;;;;;;;;
2026/02/21;0500 UTC;;;;;;;;;;;;;;;;;;
2026/02/21;0600 UTC;;;;;;;;;;;;;;;;;;
2026/02/21;0700 UTC;;;;;;;;;;;;;;;;;;
2026/02/21;0800 UTC;;;;;;;;;;;;;;;;;;
2026/02/21;0900 UTC;;;;;;;;;;;;;;;;;;
2026/02/21;1000 UTC;;;;;;;;;;;;;;;;;;
2026/02/21;1100 UTC;;;;;;;;;;;;;;;;;;
2026/02/21;1200 UTC;;;;;;;;;;;;;;;;;;
2026/02/21;1300 UTC;;;;;;;;;;;;;;;;;;
2026/02/21;1400 UTC;;;;;;;;;;;;;;;;;;
2026/02/21;1500 UTC;;;;;;;;;;;;;;;;;;
2026/02/21;1600 UTC;;;;;;;;;;;;;;;;;;
2026/02/21;1700 UTC;;;;;;;;;;;;;;;;;;
2026/02/21;1800 UTC;;;;;;;;;;;;;;;;;;
2026/02/21;1900 UTC;;;;;;;;;;;;;;;;;;
2026/02/21;2000 UTC;;;;;;;;;;;;;;;;;;
2026/02/21;2100 UTC;;;;;;;;;;;;;;;;;;
2026/02/21;2200 UTC;;;;;;;;;;;;;;;;;;
2026/02/21;2300 UTC;;;;;;;;;;;;;;;;;;
2026/02/22;0000 UTC;;;;;;;;;;;;;;;;;;
2026/02/22;0100 UTC;;;;;;;;;;;;;;;;;;
2026/02/22;0200 UTC;;;;;;;;;;;;;;;;;;
2026/02/22;0300 UTC;;;;;;;;;;;;;;;;;;
2026/02/22;0400 UTC;;;;;;;;;;;;;;;;;;
2026/02/22;0500 UTC;;;;;;;;;;;;;;;;;;
2026/02/22;0600 UTC;;;;;;;;;;;;;;;;;;
2026/02/22;0700 UTC;;;;;;;;;;;;;;;;;;
2026/02/22;0800 UTC;;;;;;;;;;;;;;;;;;
2026/02/22;0900 UTC;;;;;;;;;;;;;;;;;;
2026/02/22;1000 UTC;;;;;;;;;;;;;;;;;;
2026/02/22;1100 UTC;;;;;;;;;;;;;;;;;;
2026/02/22;1200 UTC;;;;;;;;;;;;;;;;;;
2026/02/22;1300 UTC;;;;;;;;;;;;;;;;;;
2026/02/22;1400 UTC;;;;;;;;;;;;;;;;;;
2026/02/22;1500 UTC;;;;;;;;;;;;;;;;;;
2026/02/22;1600 UTC;;;;;;;;;;;;;;;;;;
2026/02/22;1700 UTC;;;;;;;;;;;;;;;;;;
2026/02/22;1800 UTC;;;;;;;;;;;;;;;;;;
2026/02/22;1900 UTC;;;;;;;;;;;;;;;;;;
2026/02/22;2000 UTC;;;;;;;;;;;;;;;;;;
2026/02/22;2100 UTC;;;;;;;;;;;;;;;;;;
2026/02/22;2200 UTC;;;;;;;;;;;;;;;;;;
2026/02/22;2300 UTC;;;;;;;;;;;;;;;;;;
2026/02/23;0000 UTC;;;;;;;;;;;;;;;;;;
2026/02/23;0100 UTC;;;;;;;;;;;;;;;;;;
2026/02/23;0200 UTC;;;;;;;;;;;;;;;;;;
2026/02/23;0300 UTC;;;;;;;;;;;;;;;;;;
2026/02/23;0400 UTC;;;;;;;;;;;;;;;;;;
2026/02/23;0500 UTC;;;;;;;;;;;;;;;;;;
2026/02/23;0600 UTC;;;;;;;;;;;;;;;;;;
2026/02/23;0700 UTC;;;;;;;;;;;;;;;;;;
2026/02/23;0800 UTC;;;;;;;;;;;;;;;;;;
2026/02/23;0900 UTC;;;;;;;;;;;;;;;;;;
2026/02/23;1000 UTC;;;;;;;;;;;;;;;;;;
2026/02/23;1100 UTC;;;;;;;;;;;;;;;;;;
2026/02/23;1200 UTC;;;;;;;;;;;;;;;;;;
2026/02/23;1300 UTC;;;;;;;;;;;;;;;;;;
2026/02/23;1400 UTC;;;;;;;;;;;;;;;;;;
2026/02/23;1500 UTC;;;;;;;;;;;;;;;;;;
2026/02/23;1600 UTC;;;;;;;;;;;;;;;;;;
2026/02/23;1700 UTC;;;;;;;;;;;;;;;;;;
2026/02/23;1800 UTC;;;;;;;;;;;;;;;;;;
2026/02/23;1900 UTC;;;;;;;;;;;;;;;;;;
2026/02/23;2000 UTC;;;;;;;;;;;;;;;;;;
2026/02/23;2100 UTC;;;;;;;;;;;;;;;;;;
2026/02/23;2200 UTC;;;;;;;;;;;;;;;;;;
2026/02/23;2300 UTC;;;;;;;;;;;;;;;;;;
2026/02/24;0000 UTC;;;;;;;;;;;;;;;;;;
2026/02/24;0100 UTC;;;;;;;;;;;;;;;;;;
2026/02/24;0200 UTC;;;;;;;;;;;;;;;;;;
2026/02/24;0300 UTC;;;;;;;;;;;;;;;;;;
2026/02/24;0400 UTC;;;;;;;;;;;;;;;;;;
2026/02/24;0500 UTC;;;;;;;;;;;;;;;;;;
2026/02/24;0600 UTC;;;;;;;;;;;;;;;;;;
2026/02/24;0700 UTC;;;;;;;;;;;;;;;;;;
2026/02/24;0800 UTC;;;;;;;;;;;;;;;;;;
2026/02/24;0900 UTC;;;;;;;;;;;;;;;;;;
2026/02/24;1000 UTC;;;;;;;;;;;;;;;;;;
2026/02/24;1100 UTC;;;;;;;;;;;;;;;;;;
2026/02/24;1200 UTC;;;;;;;;;;;;;;;;;;
2026/02/24;1300 UTC;;;;;;;;;;;;;;;;;;
2026/02/24;1400 UTC;;;;;;;;;;;;;;;;;;
2026/02/24;1500 UTC;;;;;;;;;;;;;;;;;;
2026/02/24;1600 UTC;;;;;;;;;;;;;;;;;;
2026/02/24;1700 UTC;;;;;;;;;;;;;;;;;;
2026/02/24;1800 UTC;;;;;;;;;;;;;;;;;;
2026/02/24;1900 UTC;;;;;;;;;;;;;;;;;;
2026/02/24;2000 UTC;;;;;;;;;;;;;;;;;;
2026/02/24;2100 UTC;;;;;;;;;;;;;;;;;;
2026/02/24;2200 UTC;;;;;;;;;;;;;;;;;;
2026/02/24;2300 UTC;;;;;;;;;;;;;;;;;;
2026/02/25;0000 UTC;;;;;;;;;;;;;;;;;;
2026/02/25;0100 UTC;;;;;;;;;;;;;;;;;;
2026/02/25;0200 UTC;;;;;;;;;;;;;;;;;;
2026/02/25;0300 UTC;;;;;;;;;;;;;;;;;;
2026/02/25;0400 UTC;;;;;;;;;;;;;;;;;;
2026/02/25;0500 UTC;;;;;;;;;;;;;;;;;;
2026/02/25;0600 UTC;;;;;;;;;;;;;;;;;;
2026/02/25;0700 UTC;;;;;;;;;;;;;;;;;;
2026/02/25;0800 UTC;;;;;;;;;;;;;;;;;;
2026/02/25;0900 UTC;;;;;;;;;;;;;;;;;;
2026/02/25;1000 UTC;;;;;;;;;;;;;;;;;;
2026/02/25;1100 UTC;;;;;;;;;;;;;;;;;;
2026/02/25;1200 UTC;;;;;;;;;;;;;;;;;;
2026/02/25;1300 UTC;;;;;;;;;;;;;;;;;;
2026/02/25;1400 UTC;;;;;;;;;;;;;;;;;;
2026/02/25;1500 UTC;;;;;;;;;;;;;;;;;;
2026/02/25;1600 UTC;;;;;;;;;;;;;;;;;;
2026/02/25;1700 UTC;;;;;;;;;;;;;;;;;;
2026/02/25;1800 UTC;;;;;;;;;;;;;;;;;;
2026/02/25;1900 UTC;;;;;;;;;;;;;;;;;;
2026/02/25;2000 UTC;;;;;;;;;;;;;;;;;;
2026/02/25;2100 UTC;;;;;;;;;;;;;;;;;;
2026/02/25;2200 UTC;;;;;;;;;;;;;;;;;;
2026/02/25;2300 UTC;;;;;;;;;;;;;;;;;;
2026/02/26;0000 UTC;;;;;;;;;;;;;;;;;;
2026/02/26;0100 UTC;;;;;;;;;;;;;;;;;;
2026/02/26;0200 UTC;;;;;;;;;;;;;;;;;;
2026/02/26;0300 UTC;;;;;;;;;;;;;;;;;;
2026/02/26;0400 UTC;;;;;;;;;;;;;;;;;;
2026/02/26;0500 UTC;;;;;;;;;;;;;;;;;;
2026/02/26;0600 UTC;;;;;;;;;;;;;;;;;;
2026/02/26;0700 UTC;;;;;;;;;;;;;;;;;;
2026/02/26;0800 UTC;;;;;;;;;;;;;;;;;;
2026/02/26;0900 UTC;;;;;;;;;;;;;;;;;;
2026/02/26;1000 UTC;;;;;;;;;;;;;;;;;;
2026/02/26;1100 UTC;;;;;;;;;;;;;;;;;;
2026/02/26;1200 UTC;;;;;;;;;;;;;;;;;;
2026/02/26;1300 UTC;;;;;;;;;;;;;;;;;;
2026/02/26;1400 UTC;;;;;;;;;;;;;;;;;;
2026/02/26;1500 UTC;;;;;;;;;;;;;;;;;;
2026/02/26;1600 UTC;;;;;;;;;;;;;;;;;;
2026/02/26;1700 UTC;;;;;;;;;;;;;;;;;;
2026/02/26;1800 UTC;;;;;;;;;;;;;;;;;;
2026/02/26;1900 UTC;;;;;;;;;;;;;;;;;;
2026/02/26;2000 UTC;;;;;;;;;;;;;;;;;;
2026/02/26;2100 UTC;;;;;;;;;;;;;;;;;;
2026/02/26;2200 UTC;;;;;;;;;;;;;;;;;;
2026/02/26;2300 UTC;;;;;;;;;;;;;;;;;;
2026/02/27;0000 UTC;;;;;;;;;;;;;;;;;;
2026/02/27;0100 UTC;;;;;;;;;;;;;;;;;;
2026/02/27;0200 UTC;;;;;;;;;;;;;;;;;;
2026/02/27;0300 UTC;;;;;;;;;;;;;;;;;;
2026/02/27;0400 UTC;;;;;;;;;;;;;;;;;;
2026/02/27;0500 UTC;;;;;;;;;;;;;;;;;;
2026/02/27;0600 UTC;;;;;;;;;;;;;;;;;;
2026/02/27;0700 UTC;;;;;;;;;;;;;;;;;;
2026/02/27;0800 UTC;;;;;;;;;;;;;;;;;;
2026/02/27;0900 UTC;;;;;;;;;;;;;;;;;;
2026/02/27;1000 UTC;;;;;;;;;;;;;;;;;;
2026/02/27;1100 UTC;;;;;;;;;;;;;;;;;;
2026/02/27;1200 UTC;;;;;;;;;;;;;;;;;;
2026/02/27;1300 UTC;;;;;;;;;;;;;;;;;;
2026/02/27;1400 UTC;;;;;;;;;;;;;;;;;;
2026/02/27;1500 UTC;;;;;;;;;;;;;;;;;;
2026/02/27;1600 UTC;;;;;;;;;;;;;;;;;;
2026/02/27;1700 UTC;;;;;;;;;;;;;;;;;;
2026/02/27;1800 UTC;;;;;;;;;;;;;;;;;;
2026/02/27;1900 UTC;;;;;;;;;;;;;;;;;;
2026/02/27;2000 UTC;;;;;;;;;;;;;;;;;;
2026/02/27;2100 UTC;;;;;;;;;;;;;;;;;;
2026/02/27;2200 UTC;;;;;;;;;;;;;;;;;;
2026/02/27;2300 UTC;;;;;;;;;;;;;;;;;;
2026/02/28;0000 UTC;;;;;;;;;;;;;;;;;;
2026/02/28;0100 UTC;;;;;;;;;;;;;;;;;;
2026/02/28;0200 UTC;;;;;;;;;;;;;;;;;;
2026/02/28;0300 UTC;;;;;;;;;;;;;;;;;;
2026/02/28;0400 UTC;;;;;;;;;;;;;;;;;;
2026/02/28;0500 UTC;;;;;;;;;;;;;;;;;;
2026/02/28;0600 UTC;;;;;;;;;;;;;;;;;;
2026/02/28;0700 UTC;;;;;;;;;;;;;;;;;;
2026/02/28;0800 UTC;;;;;;;;;;;;;;;;;;
2026/02/28;0900 UTC;;;;;;;;;;;;;;;;;;
2026/02/28;1000 UTC;;;;;;;;;;;;;;;;;;
2026/02/28;1100 UTC;;;;;;;;;;;;;;;;;;
2026/02/28;1200 UTC;;;;;;;;;;;;;;;;;;
2026/02/28;1300 UTC;;;;;;;;;;;;;;;;;;
2026/02/28;1400 UTC;;;;;;;;;;;;;;;;;;
2026/02/28;1500 UTC;;;;;;;;;;;;;;;;;;
2026/02/28;1600 UTC;;;;;;;;;;;;;;;;;;
2026/02/28;1700 UTC;;;;;;;;;;;;;;;;;;
2026/02/28;1800 UTC;;;;;;;;;;;;;;;;;;
2026/02/28;1900 UTC;;;;;;;;;;;;;;;;;;
2026/02/28;2000 UTC;;;;;;;;;;;;;;;;;;
2026/02/28;2100 UTC;;;;;;;;;;;;;;;;;;
2026/02/28;2200 UTC;;;;;;;;;;;;;;;;;;
2026/02/28;2300 UTC;;;;;;;;;;;;;;;;;;
2026/03/01;0000 UTC;;;;;;;;;;;;;;;;;;
2026/03/01;0100 UTC;;;;;;;;;;;;;;;;;;
2026/03/01;0200 UTC;;;;;;;;;;;;;;;;;;
2026/03/01;0300 UTC;;;;;;;;;;;;;;;;;;
2026/03/01;0400 UTC;;;;;;;;;;;;;;;;;;
2026/03/01;0500 UTC;;;;;;;;;;;;;;;;;;
2026/03/01;0600 UTC;;;;;;;;;;;;;;;;;;
2026/03/01;0700 UTC;;;;;;;;;;;;;;;;;;
2026/03/01;0800 UTC;;;;;;;;;;;;;;;;;;
2026/03/01;0900 UTC;;;;;;;;;;;;;;;;;;
2026/03/01;1000 UTC;;;;;;;;;;;;;;;;;;
2026/03/01;1100 UTC;;;;;;;;;;;;;;;;;;
2026/03/01;1200 UTC;;;;;;;;;;;;;;;;;;
2026/03/01;1300 UTC;;;;;;;;;;;;;;;;;;
2026/03/01;1400 UTC;;;;;;;;;;;;;;;;;;
2026/03/01;1500 UTC;;;;;;;;;;;;;;;;;;
2026/03/01;1600 UTC;;;;;;;;;;;;;;;;;;
2026/03/01;1700 UTC;;;;;;;;;;;;;;;;;;
2026/03/01;1800 UTC;;;;;;;;;;;;;;;;;;
2026/03/01;1900 UTC;;;;;;;;;;;;;;;;;;
2026/03/01;2000 UTC;;;;;;;;;;;;;;;;;;
2026/03/01;2100 UTC;;;;;;;;;;;;;;;;;;
2026/03/01;2200 UTC;;;;;;;;;;;;;;;;;;
2026/03/01;2300 UTC;;;;;;;;;;;;;;;;;;
2026/03/02;0000 UTC;;;;;;;;;;;;;;;;;;
2026/03/02;0100 UTC;;;;;;;;;;;;;;;;;;
2026/03/02;0200 UTC;;;;;;;;;;;;;;;;;;
2026/03/02;0300 UTC;;;;;;;;;;;;;;;;;;
2026/03/02;0400 UTC;;;;;;;;;;;;;;;;;;
2026/03/02;0500 UTC;;;;;;;;;;;;;;;;;;
2026/03/02;0600 UTC;;;;;;;;;;;;;;;;;;
2026/03/02;0700 UTC;;;;;;;;;;;;;;;;;;
2026/03/02;0800 UTC;;;;;;;;;;;;;;;;;;
2026/03/02;0900 UTC;;;;;;;;;;;;;;;;;;
2026/03/02;1000 UTC;;;;;;;;;;;;;;;;;;
2026/03/02;1100 UTC;;;;;;;;;;;;;;;;;;
2026/03/02;1200 UTC;;;;;;;;;;;;;;;;;;
2026/03/02;1300 UTC;;;;;;;;;;;;;;;;;;
2026/03/02;1400 UTC;;;;;;;;;;;;;;;;;;
2026/03/02;1500 UTC;;;;;;;;;;;;;;;;;;
2026/03/02;1600 UTC;;;;;;;;;;;;;;;;;;
2026/03/02;1700 UTC;;;;;;;;;;;;;;;;;;
2026/03/02;1800 UTC;;;;;;;;;;;;;;;;;;
2026/03/02;1900 UTC;;;;;;;;;;;;;;;;;;
2026/03/02;2000 UTC;;;;;;;;;;;;;;;;;;
2026/03/02;2100 UTC;;;;;;;;;;;;;;;;;;
2026/03/02;2200 UTC;;;;;;;;;;;;;;;;;;
2026/03/02;2300 UTC;;;;;;;;;;;;;;;;;;
2026/03/03;0000 UTC;;;;;;;;;;;;;;;;;;
2026/03/03;0100 UTC;;;;;;;;;;;;;;;;;;
2026/03/03;0200 UTC;;;;;;;;;;;;;;;;;;
2026/03/03;0300 UTC;;;;;;;;;;;;;;;;;;
2026/03/03;0400 UTC;;;;;;;;;;;;;;;;;;
2026/03/03;0500 UTC;;;;;;;;;;;;;;;;;;
2026/03/03;0600 UTC;;;;;;;;;;;;;;;;;;
2026/03/03;0700 UTC;;;;;;;;;;;;;;;;;;
2026/03/03;0800 UTC;;;;;;;;;;;;;;;;;;
2026/03/03;0900 UTC;;;;;;;;;;;;;;;;;;
2026/03/03;1000 UTC;;;;;;;;;;;;;;;;;;
2026/03/03;1100 UTC;;;;;;;;;;;;;;;;;;
2026/03/03;1200 UTC;;;;;;;;;;;;;;;;;;
2026/03/03;1300 UTC;;;;;;;;;;;;;;;;;;
2026/03/03;1400 UTC;;;;;;;;;;;;;;;;;;
2026/03/03;1500 UTC;;;;;;;;;;;;;;;;;;
2026/03/03;1600 UTC;;;;;;;;;;;;;;;;;;
2026/03/03;1700 UTC;;;;;;;;;;;;;;;;;;
2026/03/03;1800 UTC;;;;;;;;;;;;;;;;;;
2026/03/03;1900 UTC;;;;;;;;;;;;;;;;;;
2026/03/03;2000 UTC;;;;;;;;;;;;;;;;;;
2026/03/03;2100 UTC;;;;;;;;;;;;;;;;;;
2026/03/03;2200 UTC;;;;;;;;;;;;;;;;;;
2026/03/03;2300 UTC;;;;;;;;;;;;;;;;;;
2026/03/04;0000 UTC;;;;;;;;;;;;;;;;;;
2026/03/04;0100 UTC;;;;;;;;;;;;;;;;;;
2026/03/04;0200 UTC;;;;;;;;;;;;;;;;;;
2026/03/04;0300 UTC;;;;;;;;;;;;;;;;;;
2026/03/04;0400 UTC;;;;;;;;;;;;;;;;;;
2026/03/04;0500 UTC;;;;;;;;;;;;;;;;;;
2026/03/04;0600 UTC;;;;;;;;;;;;;;;;;;
2026/03/04;0700 UTC;;;;;;;;;;;;;;;;;;
2026/03/04;0800 UTC;;;;;;;;;;;;;;;;;;
2026/03/04;0900 UTC;;;;;;;;;;;;;;;;;;
2026/03/04;1000 UTC;;;;;;;;;;;;;;;;;;
2026/03/04;1100 UTC;;;;;;;;;;;;;;;;;;
2026/03/04;1200 UTC;;;;;;;;;;;;;;;;;;
2026/03/04;1300 UTC;;;;;;;;;;;;;;;;;;
2026/03/04;1400 UTC;;;;;;;;;;;;;;;;;;
2026/03/04;1500 UTC;;;;;;;;;;;;;;;;;;
2026/03/04;1600 UTC;;;;;;;;;;;;;;;;;;
2026/03/04;1700 UTC;;;;;;;;;;;;;;;;;;
2026/03/04;1800 UTC;;;;;;;;;;;;;;;;;;
2026/03/04;1900 UTC;;;;;;;;;;;;;;;;;;
2026/03/04;2000 UTC;;;;;;;;;;;;;;;;;;
2026/03/04;2100 UTC;;;;;;;;;;;;;;;;;;
2026/03/04;2200 UTC;;;;;;;;;;;;;;;;;;
2026/03/04;2300 UTC;;;;;;;;;;;;;;;;;;
2026/03/05;0000 UTC;;;;;;;;;;;;;;;;;;
2026/03/05;0100 UTC;;;;;;;;;;;;;;;;;;
2026/03/05;0200 UTC;;;;;;;;;;;;;;;;;;
2026/03/05;0300 UTC;;;;;;;;;;;;;;;;;;
2026/03/05;0400 UTC;;;;;;;;;;;;;;;;;;
2026/03/05;0500 UTC;;;;;;;;;;;;;;;;;;
2026/03/05;0600 UTC;;;;;;;;;;;;;;;;;;
2026/03/05;0700 UTC;;;;;;;;;;;;;;;;;;
2026/03/05;0800 UTC;;;;;;;;;;;;;;;;;;
2026/03/05;0900 UTC;;;;;;;;;;;;;;;;;;
2026/03/05;1000 UTC;;;;;;;;;;;;;;;;;;
2026/03/05;1100 UTC;;;;;;;;;;;;;;;;;;
2026/03/05;1200 UTC;;;;;;;;;;;;;;;;;;
2026/03/05;1300 UTC;;;;;;;;;;;;;;;;;;
2026/03/05;1400 UTC;;;;;;;;;;;;;;;;;;
2026/03/05;1500 UTC;;;;;;;;;;;;;;;;;;
2026/03/05;1600 UTC;;;;;;;;;;;;;;;;;;
2026/03/05;1700 UTC;;;;;;;;;;;;;;;;;;
2026/03/05;1800 UTC;;;;;;;;;;;;;;;;;;
2026/03/05;1900 UTC;;;;;;;;;;;;;;;;;;
2026/03/05;2000 UTC;;;;;;;;;;;;;;;;;;
2026/03/05;2100 UTC;;;;;;;;;;;;;;;;;;
2026/03/05;2200 UTC;;;;;;;;;;;;;;;;;;
2026/03/05;2300 UTC;;;;;;;;;;;;;;;;;;
2026/03/06;0000 UTC;;;;;;;;;;;;;;;;;;
2026/03/06;0100 UTC;;;;;;;;;;;;;;;;;;
2026/03/06;0200 UTC;;;;;;;;;;;;;;;;;;
2026/03/06;0300 UTC;;;;;;;;;;;;;;;;;;
2026/03/06;0400 UTC;;;;;;;;;;;;;;;;;;
2026/03/06;0500 UTC;;;;;;;;;;;;;;;;;;
2026/03/06;0600 UTC;;;;;;;;;;;;;;;;;;
2026/03/06;0700 UTC;;;;;;;;;;;;;;;;;;
2026/03/06;0800 UTC;;;;;;;;;;;;;;;;;;
2026/03/06;0900 UTC;;;;;;;;;;;;;;;;;;
2026/03/06;1000 UTC;;;;;;;;;;;;;;;;;;
2026/03/06;1100 UTC;;;;;;;;;;;;;;;;;;
2026/03/06;1200 UTC;;;;;;;;;;;;;;;;;;
2026/03/06;1300 UTC;;;;;;;;;;;;;;;;;;
2026/03/06;1400 UTC;;;;;;;;;;;;;;;;;;
2026/03/06;1500 UTC;;;;;;;;;;;;;;;;;;
2026/03/06;1600 UTC;;;;;;;;;;;;;;;;;;
2026/03/06;1700 UTC;;;;;;;;;;;;;;;;;;
2026/03/06;1800 UTC;;;;;;;;;;;;;;;;;;
2026/03/06;1900 UTC;;;;;;;;;;;;;;;;;;
2026/03/06;2000 UTC;;;;;;;;;;;;;;;;;;
2026/03/06;2100 UTC;;;;;;;;;;;;;;;;;;
2026/03/06;2200 UTC;;;;;;;;;;;;;;;;;;
2026/03/06;2300 UTC;;;;;;;;;;;;;;;;;;
2026/03/07;0000 UTC;;;;;;;;;;;;;;;;;;
2026/03/07;0100 UTC;;;;;;;;;;;;;;;;;;
2026/03/07;0200 UTC;;;;;;;;;;;;;;;;;;
2026/03/07;0300 UTC;;;;;;;;;;;;;;;;;;
2026/03/07;0400 UTC;;;;;;;;;;;;;;;;;;
2026/03/07;0500 UTC;;;;;;;;;;;;;;;;;;
2026/03/07;0600 UTC;;;;;;;;;;;;;;;;;;
2026/03/07;0700 UTC;;;;;;;;;;;;;;;;;;
2026/03/07;0800 UTC;;;;;;;;;;;;;;;;;;
2026/03/07;0900 UTC;;;;;;;;;;;;;;;;;;
2026/03/07;1000 UTC;;;;;;;;;;;;;;;;;;
2026/03/07;1100 UTC;;;;;;;;;;;;;;;;;;
2026/03/07;1200 UTC;;;;;;;;;;;;;;;;;;
2026/03/07;1300 UTC;;;;;;;;;;;;;;;;;;
2026/03/07;1400 UTC;;;;;;;;;;;;;;;;;;
2026/03/07;1500 UTC;;;;;;;;;;;;;;;;;;
2026/03/07;1600 UTC;;;;;;;;;;;;;;;;;;
2026/03/07;1700 UTC;;;;;;;;;;;;;;;;;;
2026/03/07;1800 UTC;;;;;;;;;;;;;;;;;;
2026/03/07;1900 UTC;;;;;;;;;;;;;;;;;;
2026/03/07;2000 UTC;;;;;;;;;;;;;;;;;;
2026/03/07;2100 UTC;;;;;;;;;;;;;;;;;;
2026/03/07;2200 UTC;;;;;;;;;;;;;;;;;;
2026/03/07;2300 UTC;;;;;;;;;;;;;;;;;;
2026/03/08;0000 UTC;;;;;;;;;;;;;;;;;;
2026/03/08;0100 UTC;;;;;;;;;;;;;;;;;;
2026/03/08;0200 UTC;;;;;;;;;;;;;;;;;;
2026/03/08;0300 UTC;;;;;;;;;;;;;;;;;;
2026/03/08;0400 UTC;;;;;;;;;;;;;;;;;;
2026/03/08;0500 UTC;;;;;;;;;;;;;;;;;;
2026/03/08;0600 UTC;;;;;;;;;;;;;;;;;;
2026/03/08;0700 UTC;;;;;;;;;;;;;;;;;;
2026/03/08;0800 UTC;;;;;;;;;;;;;;;;;;
2026/03/08;0900 UTC;;;;;;;;;;;;;;;;;;
2026/03/08;1000 UTC;;;;;;;;;;;;;;;;;;
2026/03/08;1100 UTC;;;;;;;;;;;;;;;;;;
2026/03/08;1200 UTC;;;;;;;;;;;;;;;;;;
2026/03/08;1300 UTC;;;;;;;;;;;;;;;;;;
2026/03/08;1400 UTC;;;;;;;;;;;;;;;;;;
2026/03/08;1500 UTC;;;;;;;;;;;;;;;;;;
2026/03/08;1600 UTC;;;;;;;;;;;;;;;;;;
2026/03/08;1700 UTC;;;;;;;;;;;;;;;;;;
2026/03/08;1800 UTC;;;;;;;;;;;;;;;;;;
2026/03/08;1900 UTC;;;;;;;;;;;;;;;;;;
2026/03/08;2000 UTC;;;;;;;;;;;;;;;;;;
2026/03/08;2100 UTC;;;;;;;;;;;;;;;;;;
2026/03/08;2200 UTC;;;;;;;;;;;;;;;;;;
2026/03/08;2300 UTC;;;;;;;;;;;;;;;;;;
2026/03/09;0000 UTC;;;;;;;;;;;;;;;;;;
2026/03/09;0100 UTC;;;;;;;;;;;;;;;;;;
2026/03/09;0200 UTC;;;;;;;;;;;;;;;;;;
2026/03/09;0300 UTC;;;;;;;;;;;;;;;;;;
2026/03/09;0400 UTC;;;;;;;;;;;;;;;;;;
2026/03/09;0500 UTC;;;;;;;;;;;;;;;;;;
2026/03/09;0600 UTC;;;;;;;;;;;;;;;;;;
2026/03/09;0700 UTC;;;;;;;;;;;;;;;;;;
2026/03/09;0800 UTC;;;;;;;;;;;;;;;;;;
2026/03/09;0900 UTC;;;;;;;;;;;;;;;;;;
2026/03/09;1000 UTC;;;;;;;;;;;;;;;;;;
2026/03/09;1100 UTC;;;;;;;;;;;;;;;;;;
2026/03/09;1200 UTC;;;;;;;;;;;;;;;;;;
2026/03/09;1300 UTC;;;;;;;;;;;;;;;;;;
2026/03/09;1400 UTC;;;;;;;;;;;;;;;;;;
2026/03/09;1500 UTC;;;;;;;;;;;;;;;;;;
2026/03/09;1600 UTC;;;;;;;;;;;;;;;;;;
2026/03/09;1700 UTC;;;;;;;;;;;;;;;;;;
2026/03/09;1800 UTC;;;;;;;;;;;;;;;;;;
2026/03/09;1900 UTC;;;;;;;;;;;;;;;;;;
2026/03/09;2000 UTC;;;;;;;;;;;;;;;;;;
2026/03/09;2100 UTC;;;;;;;;;;;;;;;;;;
2026/03/09;2200 UTC;;;;;;;;;;;;;;;;;;
2026/03/09;2300 UTC;;;;;;;;;;;;;;;;;;
2026/03/10;0000 UTC;;;;;;;;;;;;;;;;;;
2026/03/10;0100 UTC;;;;;;;;;;;;;;;;;;
2026/03/10;0200 UTC;;;;;;;;;;;;;;;;;;
2026/03/10;0300 UTC;;;;;;;;;;;;;;;;;;
2026/03/10;0400 UTC;;;;;;;;;;;;;;;;;;
2026/03/10;0500 UTC;;;;;;;;;;;;;;;;;;
2026/03/10;0600 UTC;;;;;;;;;;;;;;;;;;
2026/03/10;0700 UTC;;;;;;;;;;;;;;;;;;
2026/03/10;0800 UTC;;;;;;;;;;;;;;;;;;
2026/03/10;0900 UTC;;;;;;;;;;;;;;;;;;
2026/03/10;1000 UTC;;;;;;;;;;;;;;;;;;
2026/03/10;1100 UTC;;;;;;;;;;;;;;;;;;
2026/03/10;1200 UTC;;;;;;;;;;;;;;;;;;
2026/03/10;1300 UTC;;;;;;;;;;;;;;;;;;
2026/03/10;1400 UTC;;;;;;;;;;;;;;;;;;
2026/03/10;1500 UTC;;;;;;;;;;;;;;;;;;
2026/03/10;1600 UTC;;;;;;;;;;;;;;;;;;
2026/03/10;1700 UTC;;;;;;;;;;;;;;;;;;
2026/03/10;1800 UTC;;;;;;;;;;;;;;;;;;
2026/03/10;1900 UTC;;;;;;;;;;;;;;;;;;
2026/03/10;2000 UTC;;;;;;;;;;;;;;;;;;
2026/03/10;2100 UTC;;;;;;;;;;;;;;;;;;
2026/03/10;2200 UTC;;;;;;;;;;;;;;;;;;
2026/03/10;2300 UTC;;;;;;;;;;;;;;;;;;
2026/03/11;0000 UTC;;;;;;;;;;;;;;;;;;
2026/03/11;0100 UTC;;;;;;;;;;;;;;;;;;
2026/03/11;0200 UTC;;;;;;;;;;;;;;;;;;
2026/03/11;0300 UTC;;;;;;;;;;;;;;;;;;
2026/03/11;0400 UTC;;;;;;;;;;;;;;;;;;
2026/03/11;0500 UTC;;;;;;;;;;;;;;;;;;
2026/03/11;0600 UTC;;;;;;;;;;;;;;;;;;
2026/03/11;0700 UTC;;;;;;;;;;;;;;;;;;
2026/03/11;0800 UTC;;;;;;;;;;;;;;;;;;
2026/03/11;0900 UTC;;;;;;;;;;;;;;;;;;
2026/03/11;1000 UTC;;;;;;;;;;;;;;;;;;
2026/03/11;1100 UTC;;;;;;;;;;;;;;;;;;
2026/03/11;1200 UTC;;;;;;;;;;;;;;;;;;
2026/03/11;1300 UTC;;;;;;;;;;;;;;;;;;
2026/03/11;1400 UTC;;;;;;;;;;;;;;;;;;
2026/03/11;1500 UTC;;;;;;;;;;;;;;;;;;
2026/03/11;1600 UTC;;;;;;;;;;;;;;;;;;
2026/03/11;1700 UTC;;;;;;;;;;;;;;;;;;
2026/03/11;1800 UTC;;;;;;;;;;;;;;;;;;
2026/03/11;1900 UTC;;;;;;;;;;;;;;;;;;
2026/03/11;2000 UTC;;;;;;;;;;;;;;;;;;
2026/03/11;2100 UTC;;;;;;;;;;;;;;;;;;
2026/03/11;2200 UTC;;;;;;;;;;;;;;;;;;
2026/03/11;2300 UTC;;;;;;;;;;;;;;;;;;
2026/03/12;0000 UTC;;;;;;;;;;;;;;;;;;
2026/03/12;0100 UTC;;;;;;;;;;;;;;;;;;
2026/03/12;0200 UTC;;;;;;;;;;;;;;;;;;
2026/03/12;0300 UTC;;;;;;;;;;;;;;;;;;
2026/03/12;0400 UTC;;;;;;;;;;;;;;;;;;
2026/03/12;0500 UTC;;;;;;;;;;;;;;;;;;
2026/03/12;0600 UTC;;;;;;;;;;;;;;;;;;
2026/03/12;0700 UTC;;;;;;;;;;;;;;;;;;
2026/03/12;0800 UTC;;;;;;;;;;;;;;;;;;
2026/03/12;0900 UTC;;;;;;;;;;;;;;;;;;
2026/03/12;1000 UTC;;;;;;;;;;;;;;;;;;
2026/03/12;1100 UTC;;;;;;;;;;;;;;;;;;
2026/03/12;1200 UTC;;;;;;;;;;;;;;;;;;
2026/03/12;1300 UTC;;;;;;;;;;;;;;;;;;
2026/03/12;1400 UTC;;;;;;;;;;;;;;;;;;
2026/03/12;1500 UTC;;;;;;;;;;;;;;;;;;
2026/03/12;1600 UTC;;;;;;;;;;;;;;;;;;
2026/03/12;1700 UTC;;;;;;;;;;;;;;;;;;
2026/03/12;1800 UTC;;;;;;;;;;;;;;;;;;
2026/03/12;1900 UTC;;;;;;;;;;;;;;;;;;
2026/03/12;2000 UTC;;;;;;;;;;;;;;;;;;
2026/03/12;2100 UTC;;;;;;;;;;;;;;;;;;
2026/03/12;2200 UTC;;;;;;;;;;;;;;;;;;
2026/03/12;2300 UTC;;;;;;;;;;;;;;;;;;
2026/03/13;0000 UTC;;;;;;;;;;;;;;;;;;
2026/03/13;0100 UTC;;;;;;;;;;;;;;;;;;
2026/03/13;0200 UTC;;;;;;;;;;;;;;;;;;
2026/03/13;0300 UTC;;;;;;;;;;;;;;;;;;
2026/03/13;0400 UTC;;;;;;;;;;;;;;;;;;
2026/03/13;0500 UTC;;;;;;;;;;;;;;;;;;
2026/03/13;0600 UTC;;;;;;;;;;;;;;;;;;
2026/03/13;0700 UTC;;;;;;;;;;;;;;;;;;
2026/03/13;0800 UTC;;;;;;;;;;;;;;;;;;
2026/03/13;0900 UTC;;;;;;;;;;;;;;;;;;
2026/03/13;1000 UTC;;;;;;;;;;;;;;;;;;
2026/03/13;1100 UTC;;;;;;;;;;;;;;;;;;
2026/03/13;1200 UTC;;;;;;;;;;;;;;;;;;
2026/03/13;1300 UTC;;;;;;;;;;;;;;;;;;
2026/03/13;1400 UTC;;;;;;;;;;;;;;;;;;
2026/03/13;1500 UTC;;;;;;;;;;;;;;;;;;
2026/03/13;1600 UTC;;;;;;;;;;;;;;;;;;
2026/03/13;1700 UTC;;;;;;;;;;;;;;;;;;
2026/03/13;1800 UTC;;;;;;;;;;;;;;;;;;
2026/03/13;1900 UTC;;;;;;;;;;;;;;;;;;
2026/03/13;2000 UTC;;;;;;;;;;;;;;;;;;
2026/03/13;2100 UTC;;;;;;;;;;;;;;;;;;
2026/03/13;2200 UTC;;;;;;;;;;;;;;;;;;
2026/03/13;2300 UTC;;;;;;;;;;;;;;;;;;
2026/03/14;0000 UTC;;;;;;;;;;;;;;;;;;
2026/03/14;0100 UTC;;;;;;;;;;;;;;;;;;
2026/03/14;0200 UTC;;;;;;;;;;;;;;;;;;
2026/03/14;0300 UTC;;;;;;;;;;;;;;;;;;
2026/03/14;0400 UTC;;;;;;;;;;;;;;;;;;
2026/03/14;0500 UTC;;;;;;;;;;;;;;;;;;
2026/03/14;0600 UTC;;;;;;;;;;;;;;;;;;
2026/03/14;0700 UTC;;;;;;;;;;;;;;;;;;
2026/03/14;0800 UTC;;;;;;;;;;;;;;;;;;
2026/03/14;0900 UTC;;;;;;;;;;;;;;;;;;
2026/03/14;1000 UTC;;;;;;;;;;;;;;;;;;
2026/03/14;1100 UTC;;;;;;;;;;;;;;;;;;
2026/03/14;1200 UTC;;;;;;;;;;;;;;;;;;
2026/03/14;1300 UTC;;;;;;;;;;;;;;;;;;
2026/03/14;1400 UTC;;;;;;;;;;;;;;;;;;
2026/03/14;1500 UTC;;;;;;;;;;;;;;;;;;
2026/03/14;1600 UTC;;;;;;;;;;;;;;;;;;
2026/03/14;1700 UTC;;;;;;;;;;;;;;;;;;
2026/03/14;1800 UTC;;;;;;;;;;;;;;;;;;
2026/03/14;1900 UTC;;;;;;;;;;;;;;;;;;
2026/03/14;2000 UTC;;;;;;;;;;;;;;;;;;
2026/03/14;2100 UTC;;;;;;;;;;;;;;;;;;
2026/03/14;2200 UTC;;;;;;;;;;;;;;;;;;
2026/03/14;2300 UTC;;;;;;;;;;;;;;;;;;
2026/03/15;0000 UTC;;;;;;;;;;;;;;;;;;
2026/03/15;0100 UTC;;;;;;;;;;;;;;;;;;
2026/03/15;0200 UTC;;;;;;;;;;;;;;;;;;
2026/03/15;0300 UTC;;;;;;;;;;;;;;;;;;
2026/03/15;0400 UTC;;;;;;;;;;;;;;;;;;
2026/03/15;0500 UTC;;;;;;;;;;;;;;;;;;
2026/03/15;0600 UTC;;;;;;;;;;;;;;;;;;
2026/03/15;0700 UTC;;;;;;;;;;;;;;;;;;
2026/03/15;0800 UTC;;;;;;;;;;;;;;;;;;
2026/03/15;0900 UTC;;;;;;;;;;;;;;;;;;
2026/03/15;1000 UTC;;;;;;;;;;;;;;;;;;
2026/03/15;1100 UTC;;;;;;;;;;;;;;;;;;
2026/03/15;1200 UTC;;;;;;;;;;;;;;;;;;
2026/03/15;1300 UTC;;;;;;;;;;;;;;;;;;
2026/03/15;1400 UTC;;;;;;;;;;;;;;;;;;
2026/03/15;1500 UTC;;;;;;;;;;;;;;;;;;
2026/03/15;1600 UTC;;;;;;;;;;;;;;;;;;
2026/03/15;1700 UTC;;;;;;;;;;;;;;;;;;
2026/03/15;1800 UTC;;;;;;;;;;;;;;;;;;
2026/03/15;1900 UTC;;;;;;;;;;;;;;;;;;
2026/03/15;2000 UTC;;;;;;;;;;;;;;;;;;
2026/03/15;2100 UTC;;;;;;;;;;;;;;;;;;
2026/03/15;2200 UTC;;;;;;;;;;;;;;;;;;
2026/03/15;2300 UTC;;;;;;;;;;;;;;;;;;
2026/03/16;0000 UTC;;;;;;;;;;;;;;;;;;
2026/03/16;0100 UTC;;;;;;;;;;;;;;;;;;
2026/03/16;0200 UTC;;;;;;;;;;;;;;;;;;
2026/03/16;0300 UTC;;;;;;;;;;;;;;;;;;
2026/03/16;0400 UTC;;;;;;;;;;;;;;;;;;
2026/03/16;0500 UTC;;;;;;;;;;;;;;;;;;
2026/03/16;0600 UTC;;;;;;;;;;;;;;;;;;
2026/03/16;0700 UTC;;;;;;;;;;;;;;;;;;
2026/03/16;0800 UTC;;;;;;;;;;;;;;;;;;
2026/03/16;0900 UTC;;;;;;;;;;;;;;;;;;
2026/03/16;1000 UTC;;;;;;;;;;;;;;;;;;
2026/03/16;1100 UTC;;;;;;;;;;;;;;;;;;
2026/03/16;1200 UTC;;;;;;;;;;;;;;;;;;
2026/03/16;1300 UTC;;;;;;;;;;;;;;;;;;
2026/03/16;1400 UTC;;;;;;;;;;;;;;;;;;
2026/03/16;1500 UTC;;;;;;;;;;;;;;;;;;
2026/03/16;1600 UTC;;;;;;;;;;;;;;;;;;
2026/03/16;1700 UTC;;;;;;;;;;;;;;;;;;
2026/03/16;1800 UTC;;;;;;;;;;;;;;;;;;
2026/03/16;1900 UTC;;;;;;;;;;;;;;;;;;
2026/03/16;2000 UTC;;;;;;;;;;;;;;;;;;
2026/03/16;2100 UTC;;;;;;;;;;;;;;;;;;
2026/03/16;2200 UTC;;;;;;;;;;;;;;;;;;
2026/03/16;2300 UTC;;;;;;;;;;;;;;;;;;
2026/03/17;0000 UTC;;;;;;;;;;;;;;;;;;
2026/03/17;0100 UTC;;;;;;;;;;;;;;;;;;
2026/03/17;0200 UTC;;;;;;;;;;;;;;;;;;
2026/03/17;0300 UTC;;;;;;;;;;;;;;;;;;
2026/03/17;0400 UTC;;;;;;;;;;;;;;;;;;
2026/03/17;0500 UTC;;;;;;;;;;;;;;;;;;
2026/03/17;0600 UTC;;;;;;;;;;;;;;;;;;
2026/03/17;0700 UTC;;;;;;;;;;;;;;;;;;
2026/03/17;0800 UTC;;;;;;;;;;;;;;;;;;
2026/03/17;0900 UTC;;;;;;;;;;;;;;;;;;
2026/03/17;1000 UTC;;;;;;;;;;;;;;;;;;
2026/03/17;1100 UTC;;;;;;;;;;;;;;;;;;
2026/03/17;1200 UTC;;;;;;;;;;;;;;;;;;
2026/03/17;1300 UTC;;;;;;;;;;;;;;;;;;
2026/03/17;1400 UTC;;;;;;;;;;;;;;;;;;
2026/03/17;1500 UTC;;;;;;;;;;;;;;;;;;
2026/03/17;1600 UTC;;;;;;;;;;;;;;;;;;
2026/03/17;1700 UTC;;;;;;;;;;;;;;;;;;
2026/03/17;1800 UTC;;;;;;;;;;;;;;;;;;
2026/03/17;1900 UTC;;;;;;;;;;;;;;;;;;
2026/03/17;2000 UTC;;;;;;;;;;;;;;;;;;
2026/03/17;2100 UTC;;;;;;;;;;;;;;;;;;
2026/03/17;2200 UTC;;;;;;;;;;;;;;;;;;
2026/03/17;2300 UTC;;;;;;;;;;;;;;;;;;
2026/03/18;0000 UTC;;;;;;;;;;;;;;;;;;
2026/03/18;0100 UTC;;;;;;;;;;;;;;;;;;
2026/03/18;0200 UTC;;;;;;;;;;;;;;;;;;
2026/03/18;0300 UTC;;;;;;;;;;;;;;;;;;
2026/03/18;0400 UTC;;;;;;;;;;;;;;;;;;
2026/03/18;0500 UTC;;;;;;;;;;;;;;;;;;
2026/03/18;0600 UTC;;;;;;;;;;;;;;;;;;
2026/03/18;0700 UTC;;;;;;;;;;;;;;;;;;
2026/03/18;0800 UTC;;;;;;;;;;;;;;;;;;
2026/03/18;0900 UTC;;;;;;;;;;;;;;;;;;
2026/03/18;1000 UTC;;;;;;;;;;;;;;;;;;
2026/03/18;1100 UTC;;;;;;;;;;;;;;;;;;
2026/03/18;1200 UTC;;;;;;;;;;;;;;;;;;
2026/03/18;1300 UTC;;;;;;;;;;;;;;;;;;
2026/03/18;1400 UTC;;;;;;;;;;;;;;;;;;
2026/03/18;1500 UTC;;;;;;;;;;;;;;;;;;
2026/03/18;1600 UTC;;;;;;;;;;;;;;;;;;
2026/03/18;1700 UTC;;;;;;;;;;;;;;;;;;
2026/03/18;1800 UTC;;;;;;;;;;;;;;;;;;
2026/03/18;1900 UTC;;;;;;;;;;;;;;;;;;
2026/03/18;2000 UTC;;;;;;;;;;;;;;;;;;
2026/03/18;2100 UTC;;;;;;;;;;;;;;;;;;
2026/03/18;2200 UTC;;;;;;;;;;;;;;;;;;
2026/03/18;2300 UTC;;;;;;;;;;;;;;;;;;
2026/03/19;0000 UTC;;;;;;;;;;;;;;;;;;
2026/03/19;0100 UTC;;;;;;;;;;;;;;;;;;
2026/03/19;0200 UTC;;;;;;;;;;;;;;;;;;
2026/03/19;0300 UTC;;;;;;;;;;;;;;;;;;
2026/03/19;0400 UTC;;;;;;;;;;;;;;;;;;
2026/03/19;0500 UTC;;;;;;;;;;;;;;;;;;
2026/03/19;0600 UTC;;;;;;;;;;;;;;;;;;
2026/03/19;0700 UTC;;;;;;;;;;;;;;;;;;
2026/03/19;0800 UTC;;;;;;;;;;;;;;;;;;
2026/03/19;0900 UTC;;;;;;;;;;;;;;;;;;
2026/03/19;1000 UTC;;;;;;;;;;;;;;;;;;
2026/03/19;1100 UTC;;;;;;;;;;;;;;;;;;
2026/03/19;1200 UTC;;;;;;;;;;;;;;;;;;
2026/03/19;1300 UTC;;;;;;;;;;;;;;;;;;
2026/03/19;1400 UTC;;;;;;;;;;;;;;;;;;
2026/03/19;1500 UTC;;;;;;;;;;;;;;;;;;
2026/03/19;1600 UTC;;;;;;;;;;;;;;;;;;
2026/03/19;1700 UTC;;;;;;;;;;;;;;;;;;
2026/03/19;1800 UTC;;;;;;;;;;;;;;;;;;
2026/03/19;1900 UTC;;;;;;;;;;;;;;;;;;
2026/03/19;2000 UTC;;;;;;;;;;;;;;;;;;
2026/03/19;2100 UTC;;;;;;;;;;;;;;;;;;
2026/03/19;2200 UTC;;;;;;;;;;;;;;;;;;
2026/03/19;2300 UTC;;;;;;;;;;;;;;;;;;
2026/03/20;0000 UTC;;;;;;;;;;;;;;;;;;
2026/03/20;0100 UTC;;;;;;;;;;;;;;;;;;
2026/03/20;0200 UTC;;;;;;;;;;;;;;;;;;
2026/03/20;0300 UTC;;;;;;;;;;;;;;;;;;
2026/03/20;0400 UTC;;;;;;;;;;;;;;;;;;
2026/03/20;0500 UTC;;;;;;;;;;;;;;;;;;
2026/03/20;0600 UTC;;;;;;;;;;;;;;;;;;
2026/03/20;0700 UTC;;;;;;;;;;;;;;;;;;
2026/03/20;0800 UTC;;;;;;;;;;;;;;;;;;
2026/03/20;0900 UTC;;;;;;;;;;;;;;;;;;
2026/03/20;1000 UTC;;;;;;;;;;;;;;;;;;
2026/03/20;1100 UTC;;;;;;;;;;;;;;;;;;
2026/03/20;1200 UTC;;;;;;;;;;;;;;;;;;
2026/03/20;1300 UTC;;;;;;;;;;;;;;;;;;
2026/03/20;1400 UTC;;;;;;;;;;;;;;;;;;
2026/03/20;1500 UTC;;;;;;;;;;;;;;;;;;
2026/03/20;1600 UTC;;;;;;;;;;;;;;;;;;
2026/03/20;1700 UTC;;;;;;;;;;;;;;;;;;
2026/03/20;1800 UTC;;;;;;;;;;;;;;;;;;
2026/03/20;1900 UTC;;;;;;;;;;;;;;;;;;
2026/03/20;2000 UTC;;;;;;;;;;;;;;;;;;
2026/03/20;2100 UTC;;;;;;;;;;;;;;;;;;
2026/03/20;2200 UTC;;;;;;;;;;;;;;;;;;
2026/03/20;2300 UTC;;;;;;;;;;;;;;;;;;
2026/03/21;0000 UTC;;;;;;;;;;;;;;;;;;
2026/03/21;0100 UTC;;;;;;;;;;;;;;;;;;
2026/03/21;0200 UTC;;;;;;;;;;;;;;;;;;
2026/03/21;0300 UTC;;;;;;;;;;;;;;;;;;
2026/03/21;0400 UTC;;;;;;;;;;;;;;;;;;
2026/03/21;0500 UTC;;;;;;;;;;;;;;;;;;
2026/03/21;0600 UTC;;;;;;;;;;;;;;;;;;
2026/03/21;0700 UTC;;;;;;;;;;;;;;;;;;
2026/03/21;0800 UTC;;;;;;;;;;;;;;;;;;
2026/03/21;0900 UTC;;;;;;;;;;;;;;;;;;
2026/03/21;1000 UTC;;;;;;;;;;;;;;;;;;
2026/03/21;1100 UTC;;;;;;;;;;;;;;;;;;
2026/03/21;1200 UTC;;;;;;;;;;;;;;;;;;
2026/03/21;1300 UTC;;;;;;;;;;;;;;;;;;
2026/03/21;1400 UTC;;;;;;;;;;;;;;;;;;
2026/03/21;1500 UTC;;;;;;;;;;;;;;;;;;
2026/03/21;1600 UTC;;;;;;;;;;;;;;;;;;
2026/03/21;1700 UTC;;;;;;;;;;;;;;;;;;
2026/03/21;1800 UTC;;;;;;;;;;;;;;;;;;
2026/03/21;1900 UTC;;;;;;;;;;;;;;;;;;
2026/03/21;2000 UTC;;;;;;;;;;;;;;;;;;
2026/03/21;2100 UTC;;;;;;;;;;;;;;;;;;
2026/03/21;2200 UTC;;;;;;;;;;;;;;;;;;
2026/03/21;2300 UTC;;;;;;;;;;;;;;;;;;
2026/03/22;0000 UTC;;;;;;;;;;;;;;;;;;
2026/03/22;0100 UTC;;;;;;;;;;;;;;;;;;
2026/03/22;0200 UTC;;;;;;;;;;;;;;;;;;
2026/03/22;0300 UTC;;;;;;;;;;;;;;;;;;
2026/03/22;0400 UTC;;;;;;;;;;;;;;;;;;
2026/03/22;0500 UTC;;;;;;;;;;;;;;;;;;
2026/03/22;0600 UTC;;;;;;;;;;;;;;;;;;
2026/03/22;0700 UTC;;;;;;;;;;;;;;;;;;
2026/03/22;0800 UTC;;;;;;;;;;;;;;;;;;
2026/03/22;0900 UTC;;;;;;;;;;;;;;;;;;
2026/03/22;1000 UTC;;;;;;;;;;;;;;;;;;
2026/03/22;1100 UTC;;;;;;;;;;;;;;;;;;
2026/03/22;1200 UTC;;;;;;;;;;;;;;;;;;
2026/03/22;1300 UTC;;;;;;;;;;;;;;;;;;
2026/03/22;1400 UTC;;;;;;;;;;;;;;;;;;
2026/03/22;1500 UTC;;;;;;;;;;;;;;;;;;
2026/03/22;1600 UTC;;;;;;;;;;;;;;;;;;
2026/03/22;1700 UTC;;;;;;;;;;;;;;;;;;
2026/03/22;1800 UTC;;;;;;;;;;;;;;;;;;
2026/03/22;1900 UTC;;;;;;;;;;;;;;;;;;
2026/03/22;2000 UTC;;;;;;;;;;;;;;;;;;
2026/03/22;2100 UTC;;;;;;;;;;;;;;;;;;
2026/03/22;2200 UTC;;;;;;;;;;;;;;;;;;
2026/03/22;2300 UTC;;;;;;;;;;;;;;;;;;
2026/03/23;0000 UTC;;;;;;;;;;;;;;;;;;
2026/03/23;0100 UTC;;;;;;;;;;;;;;;;;;
2026/03/23;0200 UTC;;;;;;;;;;;;;;;;;;
2026/03/23;0300 UTC;;;;;;;;;;;;;;;;;;
2026/03/23;0400 UTC;;;;;;;;;;;;;;;;;;
2026/03/23;0500 UTC;;;;;;;;;;;;;;;;;;
2026/03/23;0600 UTC;;;;;;;;;;;;;;;;;;
2026/03/23;0700 UTC;;;;;;;;;;;;;;;;;;
2026/03/23;0800 UTC;;;;;;;;;;;;;;;;;;
2026/03/23;0900 UTC;;;;;;;;;;;;;;;;;;
2026/03/23;1000 UTC;;;;;;;;;;;;;;;;;;
2026/03/23;1100 UTC;;;;;;;;;;;;;;;;;;
2026/03/23;1200 UTC;;;;;;;;;;;;;;;;;;
2026/03/23;1300 UTC;;;;;;;;;;;;;;;;;;
2026/03/23;1400 UTC;;;;;;;;;;;;;;;;;;
2026/03/23;1500 UTC;;;;;;;;;;;;;;;;;;
2026/03/23;1600 UTC;;;;;;;;;;;;;;;;;;
2026/03/23;1700 UTC;;;;;;;;;;;;;;;;;;
2026/03/23;1800 UTC;;;;;;;;;;;;;;;;;;
2026/03/23;1900 UTC;;;;;;;;;;;;;;;;;;
2026/03/23;2000 UTC;;;;;;;;;;;;;;;;;;
2026/03/23;2100 UTC;;;;;;;;;;;;;;;;;;
2026/03/23;2200 UTC;;;;;;;;;;;;;;;;;;
2026/03/23;2300 UTC;;;;;;;;;;;;;;;;;;
2026/03/24;0000 UTC;;;;;;;;;;;;;;;;;;
2026/03/24;0100 UTC;;;;;;;;;;;;;;;;;;
2026/03/24;0200 UTC;;;;;;;;;;;;;;;;;;
2026/03/24;0300 UTC;;;;;;;;;;;;;;;;;;
2026/03/24;0400 UTC;;;;;;;;;;;;;;;;;;
2026/03/24;0500 UTC;;;;;;;;;;;;;;;;;;
2026/03/24;0600 UTC;;;;;;;;;;;;;;;;;;
2026/03/24;0700 UTC;;;;;;;;;;;;;;;;;;
2026/03/24;0800 UTC;;;;;;;;;;;;;;;;;;
2026/03/24;0900 UTC;;;;;;;;;;;;;;;;;;
2026/03/24;1000 UTC;;;;;;;;;;;;;;;;;;
2026/03/24;1100 UTC;;;;;;;;;;;;;;;;;;
2026/03/24;1200 UTC;;;;;;;;;;;;;;;;;;
2026/03/24;1300 UTC;;;;;;;;;;;;;;;;;;
2026/03/24;1400 UTC;;;;;;;;;;;;;;;;;;
2026/03/24;1500 UTC;;;;;;;;;;;;;;;;;;
2026/03/24;1600 UTC;;;;;;;;;;;;;;;;;;
2026/03/24;1700 UTC;;;;;;;;;;;;;;;;;;
2026/03/24;1800 UTC;;;;;;;;;;;;;;;;;;
2026/03/24;1900 UTC;;;;;;;;;;;;;;;;;;
2026/03/24;2000 UTC;;;;;;;;;;;;;;;;;;
2026/03/24;2100 UTC;;;;;;;;;;;;;;;;;;
2026/03/24;2200 UTC;;;;;;;;;;;;;;;;;;
2026/03/24;2300 UTC;;;;;;;;;;;;;;;;;;
2026/03/25;0000 UTC;;;;;;;;;;;;;;;;;;
2026/03/25;0100 UTC;;;;;;;;;;;;;;;;;;
2026/03/25;0200 UTC;;;;;;;;;;;;;;;;;;
2026/03/25;0300 UTC;;;;;;;;;;;;;;;;;;
2026/03/25;0400 UTC;;;;;;;;;;;;;;;;;;
2026/03/25;0500 UTC;;;;;;;;;;;;;;;;;;
2026/03/25;0600 UTC;;;;;;;;;;;;;;;;;;
2026/03/25;0700 UTC;;;;;;;;;;;;;;;;;;
2026/03/25;0800 UTC;;;;;;;;;;;;;;;;;;
2026/03/25;0900 UTC;;;;;;;;;;;;;;;;;;
2026/03/25;1000 UTC;;;;;;;;;;;;;;;;;;
2026/03/25;1100 UTC;;;;;;;;;;;;;;;;;;
2026/03/25;1200 UTC;;;;;;;;;;;;;;;;;;
2026/03/25;1300 UTC;;;;;;;;;;;;;;;;;;
2026/03/25;1400 UTC;;;;;;;;;;;;;;;;;;
2026/03/25;1500 UTC;;;;;;;;;;;;;;;;;;
2026/03/25;1600 UTC;;;;;;;;;;;;;;;;;;
2026/03/25;1700 UTC;;;;;;;;;;;;;;;;;;
2026/03/25;1800 UTC;;;;;;;;;;;;;;;;;;
2026/03/25;1900 UTC;;;;;;;;;;;;;;;;;;
2026/03/25;2000 UTC;;;;;;;;;;;;;;;;;;
2026/03/25;2100 UTC;;;;;;;;;;;;;;;;;;
2026/03/25;2200 UTC;;;;;;;;;;;;;;;;;;
2026/03/25;2300 UTC;;;;;;;;;;;;;;;;;;
2026/03/26;0000 UTC;;;;;;;;;;;;;;;;;;
2026/03/26;0100 UTC;;;;;;;;;;;;;;;;;;
2026/03/26;0200 UTC;;;;;;;;;;;;;;;;;;
2026/03/26;0300 UTC;;;;;;;;;;;;;;;;;;
2026/03/26;0400 UTC;;;;;;;;;;;;;;;;;;
2026/03/26;0500 UTC;;;;;;;;;;;;;;;;;;
2026/03/26;0600 UTC;;;;;;;;;;;;;;;;;;
2026/03/26;0700 UTC;;;;;;;;;;;;;;;;;;
2026/03/26;0800 UTC;;;;;;;;;;;;;;;;;;
2026/03/26;0900 UTC;;;;;;;;;;;;;;;;;;
2026/03/26;1000 UTC;;;;;;;;;;;;;;;;;;
2026/03/26;1100 UTC;;;;;;;;;;;;;;;;;;
2026/03/26;1200 UTC;;;;;;;;;;;;;;;;;;
2026/03/26;1300 UTC;;;;;;;;;;;;;;;;;;
2026/03/26;1400 UTC;;;;;;;;;;;;;;;;;;
2026/03/26;1500 UTC;;;;;;;;;;;;;;;;;;
2026/03/26;1600 UTC;;;;;;;;;;;;;;;;;;
2026/03/26;1700 UTC;;;;;;;;;;;;;;;;;;
2026/03/26;1800 UTC;;;;;;;;;;;;;;;;;;
2026/03/26;1900 UTC;;;;;;;;;;;;;;;;;;
2026/03/26;2000 UTC;;;;;;;;;;;;;;;;;;
2026/03/26;2100 UTC;;;;;;;;;;;;;;;;;;
2026/03/26;2200 UTC;;;;;;;;;;;;;;;;;;
2026/03/26;2300 UTC;;;;;;;;;;;;;;;;;;
2026/03/27;0000 UTC;;;;;;;;;;;;;;;;;;
2026/03/27;0100 UTC;;;;;;;;;;;;;;;;;;
2026/03/27;0200 UTC;;;;;;;;;;;;;;;;;;
2026/03/27;0300 UTC;;;;;;;;;;;;;;;;;;
2026/03/27;0400 UTC;;;;;;;;;;;;;;;;;;
2026/03/27;0500 UTC;;;;;;;;;;;;;;;;;;
2026/03/27;0600 UTC;;;;;;;;;;;;;;;;;;
2026/03/27;0700 UTC;;;;;;;;;;;;;;;;;;
2026/03/27;0800 UTC;;;;;;;;;;;;;;;;;;
2026/03/27;0900 UTC;;;;;;;;;;;;;;;;;;
2026/03/27;1000 UTC;;;;;;;;;;;;;;;;;;
2026/03/27;1100 UTC;;;;;;;;;;;;;;;;;;
2026/03/27;1200 UTC;;;;;;;;;;;;;;;;;;
2026/03/27;1300 UTC;;;;;;;;;;;;;;;;;;
2026/03/27;1400 UTC;;;;;;;;;;;;;;;;;;
2026/03/27;1500 UTC;;;;;;;;;;;;;;;;;;
2026/03/27;1600 UTC;;;;;;;;;;;;;;;;;;
2026/03/27;1700 UTC;;;;;;;;;;;;;;;;;;
2026/03/27;1800 UTC;;;;;;;;;;;;;;;;;;
2026/03/27;1900 UTC;;;;;;;;;;;;;;;;;;
2026/03/27;2000 UTC;;;;;;;;;;;;;;;;;;
2026/03/27;2100 UTC;;;;;;;;;;;;;;;;;;
2026/03/27;2200 UTC;;;;;;;;;;;;;;;;;;
2026/03/27;2300 UTC;;;;;;;;;;;;;;;;;;
2026/03/28;0000 UTC;;;;;;;;;;;;;;;;;;
2026/03/28;0100 UTC;;;;;;;;;;;;;;;;;;
2026/03/28;0200 UTC;;;;;;;;;;;;;;;;;;
2026/03/28;0300 UTC;;;;;;;;;;;;;;;;;;
2026/03/28;0400 UTC;;;;;;;;;;;;;;;;;;
2026/03/28;0500 UTC;;;;;;;;;;;;;;;;;;
2026/03/28;0600 UTC;;;;;;;;;;;;;;;;;;
2026/03/28;0700 UTC;;;;;;;;;;;;;;;;;;
2026/03/28;0800 UTC;;;;;;;;;;;;;;;;;;
2026/03/28;0900 UTC;;;;;;;;;;;;;;;;;;
2026/03/28;1000 UTC;;;;;;;;;;;;;;;;;;
2026/03/28;1100 UTC;;;;;;;;;;;;;;;;;;
2026/03/28;1200 UTC;;;;;;;;;;;;;;;;;;
2026/03/28;1300 UTC;;;;;;;;;;;;;;;;;;
2026/03/28;1400 UTC;;;;;;;;;;;;;;;;;;
2026/03/28;1500 UTC;;;;;;;;;;;;;;;;;;
2026/03/28;1600 UTC;;;;;;;;;;;;;;;;;;
2026/03/28;1700 UTC;;;;;;;;;;;;;;;;;;
2026/03/28;1800 UTC;;;;;;;;;;;;;;;;;;
2026/03/28;1900 UTC;;;;;;;;;;;;;;;;;;
2026/03/28;2000 UTC;;;;;;;;;;;;;;;;;;
2026/03/28;2100 UTC;;;;;;;;;;;;;;;;;;
2026/03/28;2200 UTC;;;;;;;;;;;;;;;;;;
2026/03/28;2300 UTC;;;;;;;;;;;;;;;;;;
2026/03/29;0000 UTC;;;;;;;;;;;;;;;;;;
2026/03/29;0100 UTC;;;;;;;;;;;;;;;;;;
2026/03/29;0200 UTC;;;;;;;;;;;;;;;;;;
2026/03/29;0300 UTC;;;;;;;;;;;;;;;;;;
2026/03/29;0400 UTC;;;;;;;;;;;;;;;;;;
2026/03/29;0500 UTC;;;;;;;;;;;;;;;;;;
2026/03/29;0600 UTC;;;;;;;;;;;;;;;;;;
2026/03/29;0700 UTC;;;;;;;;;;;;;;;;;;
2026/03/29;0800 UTC;;;;;;;;;;;;;;;;;;
2026/03/29;0900 UTC;;;;;;;;;;;;;;;;;;
2026/03/29;1000 UTC;;;;;;;;;;;;;;;;;;
2026/03/29;1100 UTC;;;;;;;;;;;;;;;;;;
2026/03/29;1200 UTC;;;;;;;;;;;;;;;;;;
2026/03/29;1300 UTC;;;;;;;;;;;;;;;;;;
2026/03/29;1400 UTC;;;;;;;;;;;;;;;;;;
2026/03/29;1500 UTC;;;;;;;;;;;;;;;;;;
2026/03/29;1600 UTC;;;;;;;;;;;;;;;;;;
2026/03/29;1700 UTC;;;;;;;;;;;;;;;;;;
2026/03/29;1800 UTC;;;;;;;;;;;;;;;;;;
2026/03/29;1900 UTC;;;;;;;;;;;;;;;;;;
2026/03/29;2000 UTC;;;;;;;;;;;;;;;;;;
2026/03/29;2100 UTC;;;;;;;;;;;;;;;;;;
2026/03/29;2200 UTC;;;;;;;;;;;;;;;;;;
2026/03/29;2300 UTC;;;;;;;;;;;;;;;;;;
2026/03/30;0000 UTC;;;;;;;;;;;;;;;;;;
2026/03/30;0100 UTC;;;;;;;;;;;;;;;;;;
2026/03/30;0200 UTC;;;;;;;;;;;;;;;;;;
2026/03/30;0300 UTC;;;;;;;;;;;;;;;;;;
2026/03/30;0400 UTC;;;;;;;;;;;;;;;;;;
2026/03/30;0500 UTC;;;;;;;;;;;;;;;;;;
2026/03/30;0600 UTC;;;;;;;;;;;;;;;;;;
2026/03/30;0700 UTC;;;;;;;;;;;;;;;;;;
2026/03/30;0800 UTC;;;;;;;;;;;;;;;;;;
2026/03/30;0900 UTC;;;;;;;;;;;;;;;;;;
2026/03/30;1000 UTC;;;;;;;;;;;;;;;;;;
2026/03/30;1100 UTC;;;;;;;;;;;;;;;;;;
2026/03/30;1200 UTC;;;;;;;;;;;;;;;;;;
2026/03/30;1300 UTC;;;;;;;;;;;;;;;;;;
2026/03/30;1400 UTC;;;;;;;;;;;;;;;;;;
2026/03/30;1500 UTC;;;;;;;;;;;;;;;;;;
2026/03/30;1600 UTC;;;;;;;;;;;;;;;;;;
2026/03/30;1700 UTC;;;;;;;;;;;;;;;;;;
2026/03/30;1800 UTC;;;;;;;;;;;;;;;;;;
2026/03/30;1900 UTC;;;;;;;;;;;;;;;;;;
2026/03/30;2000 UTC;;;;;;;;;;;;;;;;;;
2026/03/30;2100 UTC;;;;;;;;;;;;;;;;;;
2026/03/30;2200 UTC;;;;;;;;;;;;;;;;;;
2026/03/30;2300 UTC;;;;;;;;;;;;;;;;;;
2026/03/31;0000 UTC;;;;;;;;;;;;;;;;;;
2026/03/31;0100 UTC;;;;;;;;;;;;;;;;;;
2026/03/31;0200 UTC;;;;;;;;;;;;;;;;;;
2026/03/31;0300 UTC;;;;;;;;;;;;;;;;;;
2026/03/31;0400 UTC;;;;;;;;;;;;;;;;;;
2026/03/31;0500 UTC;;;;;;;;;;;;;;;;;;
2026/03/31;0600 UTC;;;;;;;;;;;;;;;;;;
2026/03/31;0700 UTC;;;;;;;;;;;;;;;;;;
2026/03/31;0800 UTC;;;;;;;;;;;;;;;;;;
2026/03/31;0900 UTC;;;;;;;;;;;;;;;;;;
2026/03/31;1000 UTC;;;;;;;;;;;;;;;;;;
2026/03/31;1100 UTC;;;;;;;;;;;;;;;;;;
2026/03/31;1200 UTC;;;;;;;;;;;;;;;;;;
2026/03/31;1300 UTC;;;;;;;;;;;;;;;;;;
2026/03/31;1400 UTC;;;;;;;;;;;;;;;;;;
2026/03/31;1500 UTC;;;;;;;;;;;;;;;;;;
2026/03/31;1600 UTC;;;;;;;;;;;;;;;;;;
2026/03/31;1700 UTC;;;;;;;;;;;;;;;;;;
2026/03/31;1800 UTC;;;;;;;;;;;;;;;;;;
2026/03/31;1900 UTC;;;;;;;;;;;;;;;;;;
2026/03/31;2000 UTC;;;;;;;;;;;;;;;;;;
2026/03/31;2100 UTC;;;;;;;;;;;;;;;;;;
2026/03/31;2200 UTC;;;;;;;;;;;;;;;;;;
2026/03/31;2300 UTC;;;;;;;;;;;;;;;;;;
2026/04/01;0000 UTC;;;;;;;;;;;;;;;;;;
2026/04/01;0100 UTC;;;;;;;;;;;;;;;;;;
2026/04/01;0200 UTC;;;;;;;;;;;;;;;;;;
2026/04/01;0300 UTC;;;;;;;;;;;;;;;;;;
2026/04/01;0400 UTC;;;;;;;;;;;;;;;;;;
2026/04/01;0500 UTC;;;;;;;;;;;;;;;;;;
2026/04/01;0600 UTC;;;;;;;;;;;;;;;;;;
2026/04/01;0700 UTC;;;;;;;;;;;;;;;;;;
2026/04/01;0800 UTC;;;;;;;;;;;;;;;;;;
2026/04/01;0900 UTC;;;;;;;;;;;;;;;;;;
2026/04/01;1000 UTC;;;;;;;;;;;;;;;;;;
2026/04/01;1100 UTC;;;;;;;;;;;;;;;;;;
2026/04/01;1200 UTC;;;;;;;;;;;;;;;;;;
2026/04/01;1300 UTC;;;;;;;;;;;;;;;;;;
2026/04/01;1400 UTC;;;;;;;;;;;;;;;;;;
2026/04/01;1500 UTC;;;;;;;;;;;;;;;;;;
2026/04/01;1600 UTC;;;;;;;;;;;;;;;;;;
2026/04/01;1700 UTC;;;;;;;;;;;;;;;;;;
2026/04/01;1800 UTC;;;;;;;;;;;;;;;;;;
2026/04/01;1900 UTC;;;;;;;;;;;;;;;;;;
2026/04/01;2000 UTC;;;;;;;;;;;;;;;;;;
2026/04/01;2100 UTC;;;;;;;;;;;;;;;;;;
2026/04/01;2200 UTC;;;;;;;;;;;;;;;;;;
2026/04/01;2300 UTC;;;;;;;;;;;;;;;;;;
2026/04/02;0000 UTC;;;;;;;;;;;;;;;;;;
2026/04/02;0100 UTC;;;;;;;;;;;;;;;;;;
2026/04/02;0200 UTC;;;;;;;;;;;;;;;;;;
2026/04/02;0300 UTC;;;;;;;;;;;;;;;;;;
2026/04/02;0400 UTC;;;;;;;;;;;;;;;;;;
2026/04/02;0500 UTC;;;;;;;;;;;;;;;;;;
2026/04/02;0600 UTC;;;;;;;;;;;;;;;;;;
2026/04/02;0700 UTC;;;;;;;;;;;;;;;;;;
2026/04/02;0800 UTC;;;;;;;;;;;;;;;;;;
2026/04/02;0900 UTC;;;;;;;;;;;;;;;;;;
2026/04/02;1000 UTC;;;;;;;;;;;;;;;;;;
2026/04/02;1100 UTC;;;;;;;;;;;;;;;;;;
2026/04/02;1200 UTC;;;;;;;;;;;;;;;;;;
2026/04/02;1300 UTC;;;;;;;;;;;;;;;;;;
2026/04/02;1400 UTC;;;;;;;;;;;;;;;;;;
2026/04/02;1500 UTC;;;;;;;;;;;;;;;;;;
2026/04/02;1600 UTC;;;;;;;;;;;;;;;;;;
2026/04/02;1700 UTC;;;;;;;;;;;;;;;;;;
2026/04/02;1800 UTC;;;;;;;;;;;;;;;;;;
2026/04/02;1900 UTC;;;;;;;;;;;;;;;;;;
2026/04/02;2000 UTC;;;;;;;;;;;;;;;;;;
2026/04/02;2100 UTC;;;;;;;;;;;;;;;;;;
2026/04/02;2200 UTC;;;;;;;;;;;;;;;;;;
2026/04/02;2300 UTC;;;;;;;;;;;;;;;;;;
2026/04/03;0000 UTC;;;;;;;;;;;;;;;;;;
2026/04/03;0100 UTC;;;;;;;;;;;;;;;;;;
2026/04/03;0200 UTC;;;;;;;;;;;;;;;;;;
2026/04/03;0300 UTC;;;;;;;;;;;;;;;;;;
2026/04/03;0400 UTC;;;;;;;;;;;;;;;;;;
2026/04/03;0500 UTC;;;;;;;;;;;;;;;;;;
2026/04/03;0600 UTC;;;;;;;;;;;;;;;;;;
2026/04/03;0700 UTC;;;;;;;;;;;;;;;;;;
2026/04/03;0800 UTC;;;;;;;;;;;;;;;;;;
2026/04/03;0900 UTC;;;;;;;;;;;;;;;;;;
2026/04/03;1000 UTC;;;;;;;;;;;;;;;;;;
2026/04/03;1100 UTC;;;;;;;;;;;;;;;;;;
2026/04/03;1200 UTC;;;;;;;;;;;;;;;;;;
2026/04/03;1300 UTC;;;;;;;;;;;;;;;;;;
2026/04/03;1400 UTC;;;;;;;;;;;;;;;;;;
2026/04/03;1500 UTC;;;;;;;;;;;;;;;;;;
2026/04/03;1600 UTC;;;;;;;;;;;;;;;;;;
2026/04/03;1700 UTC;;;;;;;;;;;;;;;;;;
2026/04/03;1800 UTC;;;;;;;;;;;;;;;;;;
2026/04/03;1900 UTC;;;;;;;;;;;;;;;;;;
2026/04/03;2000 UTC;;;;;;;;;;;;;;;;;;
2026/04/03;2100 UTC;;;;;;;;;;;;;;;;;;
2026/04/03;2200 UTC;;;;;;;;;;;;;;;;;;
2026/04/03;2300 UTC;;;;;;;;;;;;;;;;;;
2026/04/04;0000 UTC;;;;;;;;;;;;;;;;;;
2026/04/04;0100 UTC;;;;;;;;;;;;;;;;;;
2026/04/04;0200 UTC;;;;;;;;;;;;;;;;;;
2026/04/04;0300 UTC;;;;;;;;;;;;;;;;;;
2026/04/04;0400 UTC;;;;;;;;;;;;;;;;;;
2026/04/04;0500 UTC;;;;;;;;;;;;;;;;;;
2026/04/04;0600 UTC;;;;;;;;;;;;;;;;;;
2026/04/04;0700 UTC;;;;;;;;;;;;;;;;;;
2026/04/04;0800 UTC;;;;;;;;;;;;;;;;;;
2026/04/04;0900 UTC;;;;;;;;;;;;;;;;;;
2026/04/04;1000 UTC;;;;;;;;;;;;;;;;;;
2026/04/04;1100 UTC;;;;;;;;;;;;;;;;;;
2026/04/04;1200 UTC;;;;;;;;;;;;;;;;;;
2026/04/04;1300 UTC;;;;;;;;;;;;;;;;;;
2026/04/04;1400 UTC;;;;;;;;;;;;;;;;;;
2026/04/04;1500 UTC;;;;;;;;;;;;;;;;;;
2026/04/04;1600 UTC;;;;;;;;;;;;;;;;;;
2026/04/04;1700 UTC;;;;;;;;;;;;;;;;;;
2026/04/04;1800 UTC;;;;;;;;;;;;;;;;;;
2026/04/04;1900 UTC;;;;;;;;;;;;;;;;;;
2026/04/04;2000 UTC;;;;;;;;;;;;;;;;;;
2026/04/04;2100 UTC;;;;;;;;;;;;;;;;;;
2026/04/04;2200 UTC;;;;;;;;;;;;;;;;;;
2026/04/04;2300 UTC;;;;;;;;;;;;;;;;;;
2026/04/05;0000 UTC;;;;;;;;;;;;;;;;;;
2026/04/05;0100 UTC;;;;;;;;;;;;;;;;;;
2026/04/05;0200 UTC;;;;;;;;;;;;;;;;;;
2026/04/05;0300 UTC;;;;;;;;;;;;;;;;;;
2026/04/05;0400 UTC;;;;;;;;;;;;;;;;;;
2026/04/05;0500 UTC;;;;;;;;;;;;;;;;;;
2026/04/05;0600 UTC;;;;;;;;;;;;;;;;;;
2026/04/05;0700 UTC;;;;;;;;;;;;;;;;;;
2026/04/05;0800 UTC;;;;;;;;;;;;;;;;;;
2026/04/05;0900 UTC;;;;;;;;;;;;;;;;;;
2026/04/05;1000 UTC;;;;;;;;;;;;;;;;;;
2026/04/05;1100 UTC;;;;;;;;;;;;;;;;;;
2026/04/05;1200 UTC;;;;;;;;;;;;;;;;;;
2026/04/05;1300 UTC;;;;;;;;;;;;;;;;;;
2026/04/05;1400 UTC;;;;;;;;;;;;;;;;;;
2026/04/05;1500 UTC;;;;;;;;;;;;;;;;;;
2026/04/05;1600 UTC;;;;;;;;;;;;;;;;;;
2026/04/05;1700 UTC;;;;;;;;;;;;;;;;;;
2026/04/05;1800 UTC;;;;;;;;;;;;;;;;;;
2026/04/05;1900 UTC;;;;;;;;;;;;;;;;;;
2026/04/05;2000 UTC;;;;;;;;;;;;;;;;;;
2026/04/05;2100 UTC;;;;;;;;;;;;;;;;;;
2026/04/05;2200 UTC;;;;;;;;;;;;;;;;;;
2026/04/05;2300 UTC;;;;;;;;;;;;;;;;;;
2026/04/06;0000 UTC;;;;;;;;;;;;;;;;;;
2026/04/06;0100 UTC;;;;;;;;;;;;;;;;;;
2026/04/06;0200 UTC;;;;;;;;;;;;;;;;;;
2026/04/06;0300 UTC;;;;;;;;;;;;;;;;;;
2026/04/06;0400 UTC;;;;;;;;;;;;;;;;;;
2026/04/06;0500 UTC;;;;;;;;;;;;;;;;;;
2026/04/06;0600 UTC;;;;;;;;;;;;;;;;;;
2026/04/06;0700 UTC;;;;;;;;;;;;;;;;;;
2026/04/06;0800 UTC;;;;;;;;;;;;;;;;;;
2026/04/06;0900 UTC;;;;;;;;;;;;;;;;;;
2026/04/06;1000 UTC;;;;;;;;;;;;;;;;;;
2026/04/06;1100 UTC;;;;;;;;;;;;;;;;;;
2026/04/06;1200 UTC;;;;;;;;;;;;;;;;;;
2026/04/06;1300 UTC;;;;;;;;;;;;;;;;;;
2026/04/06;1400 UTC;;;;;;;;;;;;;;;;;;
2026/04/06;1500 UTC;;;;;;;;;;;;;;;;;;
2026/04/06;1600 UTC;;;;;;;;;;;;;;;;;;
2026/04/06;1700 UTC;;;;;;;;;;;;;;;;;;
2026/04/06;1800 UTC;;;;;;;;;;;;;;;;;;
2026/04/06;1900 UTC;;;;;;;;;;;;;;;;;;
2026/04/06;2000 UTC;;;;;;;;;;;;;;;;;;
2026/04/06;2100 UTC;;;;;;;;;;;;;;;;;;
2026/04/06;2200 UTC;;;;;;;;;;;;;;;;;;
2026/04/06;2300 UTC;;;;;;;;;;;;;;;;;;
2026/04/07;0000 UTC;;;;;;;;;;;;;;;;;;
2026/04/07;0100 UTC;;;;;;;;;;;;;;;;;;
2026/04/07;0200 UTC;;;;;;;;;;;;;;;;;;
2026/04/07;0300 UTC;;;;;;;;;;;;;;;;;;
2026/04/07;0400 UTC;;;;;;;;;;;;;;;;;;
2026/04/07;0500 UTC;;;;;;;;;;;;;;;;;;
2026/04/07;0600 UTC;;;;;;;;;;;;;;;;;;
2026/04/07;0700 UTC;;;;;;;;;;;;;;;;;;
2026/04/07;0800 UTC;;;;;;;;;;;;;;;;;;
2026/04/07;0900 UTC;;;;;;;;;;;;;;;;;;
2026/04/07;1000 UTC;;;;;;;;;;;;;;;;;;
2026/04/07;1100 UTC;;;;;;;;;;;;;;;;;;
2026/04/07;1200 UTC;;;;;;;;;;;;;;;;;;
2026/04/07;1300 UTC;;;;;;;;;;;;;;;;;;
2026/04/07;1400 UTC;;;;;;;;;;;;;;;;;;
2026/04/07;1500 UTC;;;;;;;;;;;;;;;;;;
2026/04/07;1600 UTC;;;;;;;;;;;;;;;;;;
2026/04/07;1700 UTC;;;;;;;;;;;;;;;;;;
2026/04/07;1800 UTC;;;;;;;;;;;;;;;;;;
2026/04/07;1900 UTC;;;;;;;;;;;;;;;;;;
2026/04/07;2000 UTC;;;;;;;;;;;;;;;;;;
2026/04/07;2100 UTC;;;;;;;;;;;;;;;;;;
2026/04/07;2200 UTC;;;;;;;;;;;;;;;;;;
2026/04/07;2300 UTC;;;;;;;;;;;;;;;;;;
2026/04/08;0000 UTC;;;;;;;;;;;;;;;;;;
2026/04/08;0100 UTC;;;;;;;;;;;;;;;;;;
2026/04/08;0200 UTC;;;;;;;;;;;;;;;;;;
2026/04/08;0300 UTC;;;;;;;;;;;;;;;;;;
2026/04/08;0400 UTC;;;;;;;;;;;;;;;;;;
2026/04/08;0500 UTC;;;;;;;;;;;;;;;;;;
2026/04/08;0600 UTC;;;;;;;;;;;;;;;;;;
2026/04/08;0700 UTC;;;;;;;;;;;;;;;;;;
2026/04/08;0800 UTC;;;;;;;;;;;;;;;;;;
2026/04/08;0900 UTC;;;;;;;;;;;;;;;;;;
2026/04/08;1000 UTC;;;;;;;;;;;;;;;;;;
2026/04/08;1100 UTC;;;;;;;;;;;;;;;;;;
2026/04/08;1200 UTC;;;;;;;;;;;;;;;;;;
2026/04/08;1300 UTC;;;;;;;;;;;;;;;;;;
2026/04/08;1400 UTC;;;;;;;;;;;;;;;;;;
2026/04/08;1500 UTC;;;;;;;;;;;;;;;;;;
2026/04/08;1600 UTC;;;;;;;;;;;;;;;;;;
2026/04/08;1700 UTC;;;;;;;;;;;;;;;;;;
2026/04/08;1800 UTC;;;;;;;;;;;;;;;;;;
2026/04/08;1900 UTC;;;;;;;;;;;;;;;;;;
2026/04/08;2000 UTC;;;;;;;;;;;;;;;;;;
2026/04/08;2100 UTC;;;;;;;;;;;;;;;;;;
2026/04/08;2200 UTC;;;;;;;;;;;;;;;;;;
2026/04/08;2300 UTC;;;;;;;;;;;;;;;;;;
2026/04/09;0000 UTC;;;;;;;;;;;;;;;;;;
2026/04/09;0100 UTC;;;;;;;;;;;;;;;;;;
2026/04/09;0200 UTC;;;;;;;;;;;;;;;;;;
2026/04/09;0300 UTC;;;;;;;;;;;;;;;;;;
2026/04/09;0400 UTC;;;;;;;;;;;;;;;;;;
2026/04/09;0500 UTC;;;;;;;;;;;;;;;;;;
2026/04/09;0600 UTC;;;;;;;;;;;;;;;;;;
2026/04/09;0700 UTC;;;;;;;;;;;;;;;;;;
2026/04/09;0800 UTC;;;;;;;;;;;;;;;;;;
2026/04/09;0900 UTC;;;;;;;;;;;;;;;;;;
2026/04/09;1000 UTC;;;;;;;;;;;;;;;;;;
2026/04/09;1100 UTC;;;;;;;;;;;;;;;;;;
2026/04/09;1200 UTC;;;;;;;;;;;;;;;;;;
2026/04/09;1300 UTC;;;;;;;;;;;;;;;;;;
2026/04/09;1400 UTC;;;;;;;;;;;;;;;;;;
2026/04/09;1500 UTC;;;;;;;;;;;;;;;;;;
2026/04/09;1600 UTC;;;;;;;;;;;;;;;;;;
2026/04/09;1700 UTC;;;;;;;;;;;;;;;;;;
2026/04/09;1800 UTC;;;;;;;;;;;;;;;;;;
2026/04/09;1900 UTC;;;;;;;;;;;;;;;;;;
2026/04/09;2000 UTC;;;;;;;;;;;;;;;;;;
2026/04/09;2100 UTC;;;;;;;;;;;;;;;;;;
2026/04/09;2200 UTC;;;;;;;;;;;;;;;;;;
2026/04/09;2300 UTC;;;;;;;;;;;;;;;;;;
2026/04/10;0000 UTC;;;;;;;;;;;;;;;;;;
2026/04/10;0100 UTC;;;;;;;;;;;;;;;;;;
2026/04/10;0200 UTC;;;;;;;;;;;;;;;;;;
2026/04/10;0300 UTC;;;;;;;;;;;;;;;;;;
2026/04/10;0400 UTC;;;;;;;;;;;;;;;;;;
2026/04/10;0500 UTC;;;;;;;;;;;;;;;;;;
2026/04/10;0600 UTC;;;;;;;;;;;;;;;;;;
2026/04/10;0700 UTC;;;;;;;;;;;;;;;;;;
2026/04/10;0800 UTC;;;;;;;;;;;;;;;;;;
2026/04/10;0900 UTC;;;;;;;;;;;;;;;;;;
2026/04/10;1000 UTC;;;;;;;;;;;;;;;;;;
2026/04/10;1100 UTC;;;;;;;;;;;;;;;;;;
2026/04/10;1200 UTC;;;;;;;;;;;;;;;;;;
2026/04/10;1300 UTC;;;;;;;;;;;;;;;;;;
2026/04/10;1400 UTC;;;;;;;;;;;;;;;;;;
2026/04/10;1500 UTC;;;;;;;;;;;;;;;;;;
2026/04/10;1600 UTC;;;;;;;;;;;;;;;;;;
2026/04/10;1700 UTC;;;;;;;;;;;;;;;;;;
2026/04/10;1800 UTC;;;;;;;;;;;;;;;;;;
2026/04/10;1900 UTC;;;;;;;;;;;;;;;;;;
2026/04/10;2000 UTC;;;;;;;;;;;;;;;;;;
2026/04/10;2100 UTC;;;;;;;;;;;;;;;;;;
2026/04/10;2200 UTC;;;;;;;;;;;;;;;;;;
2026/04/10;2300 UTC;;;;;;;;;;;;;;;;;;
2026/04/11;0000 UTC;;;;;;;;;;;;;;;;;;
2026/04/11;0100 UTC;;;;;;;;;;;;;;;;;;
2026/04/11;0200 UTC;;;;;;;;;;;;;;;;;;
2026/04/11;0300 UTC;;;;;;;;;;;;;;;;;;
2026/04/11;0400 UTC;;;;;;;;;;;;;;;;;;
2026/04/11;0500 UTC;;;;;;;;;;;;;;;;;;
2026/04/11;0600 UTC;;;;;;;;;;;;;;;;;;
2026/04/11;0700 UTC;;;;;;;;;;;;;;;;;;
2026/04/11;0800 UTC;;;;;;;;;;;;;;;;;;
2026/04/11;0900 UTC;;;;;;;;;;;;;;;;;;
2026/04/11;1000 UTC;;;;;;;;;;;;;;;;;;
2026/04/11;1100 UTC;;;;;;;;;;;;;;;;;;
2026/04/11;1200 UTC;;;;;;;;;;;;;;;;;;
2026/04/11;1300 UTC;;;;;;;;;;;;;;;;;;
2026/04/11;1400 UTC;;;;;;;;;;;;;;;;;;
2026/04/11;1500 UTC;;;;;;;;;;;;;;;;;;
2026/04/11;1600 UTC;;;;;;;;;;;;;;;;;;
2026/04/11;1700 UTC;;;;;;;;;;;;;;;;;;
2026/04/11;1800 UTC;;;;;;;;;;;;;;;;;;
2026/04/11;1900 UTC;;;;;;;;;;;;;;;;;;
2026/04/11;2000 UTC;;;;;;;;;;;;;;;;;;
2026/04/11;2100 UTC;;;;;;;;;;;;;;;;;;
2026/04/11;2200 UTC;;;;;;;;;;;;;;;;;;
2026/04/11;2300 UTC;;;;;;;;;;;;;;;;;;
2026/04/12;0000 UTC;;;;;;;;;;;;;;;;;;
2026/04/12;0100 UTC;;;;;;;;;;;;;;;;;;
2026/04/12;0200 UTC;;;;;;;;;;;;;;;;;;
2026/04/12;0300 UTC;;;;;;;;;;;;;;;;;;
2026/04/12;0400 UTC;;;;;;;;;;;;;;;;;;
2026/04/12;0500 UTC;;;;;;;;;;;;;;;;;;
2026/04/12;0600 UTC;;;;;;;;;;;;;;;;;;
2026/04/12;0700 UTC;;;;;;;;;;;;;;;;;;
2026/04/12;0800 UTC;;;;;;;;;;;;;;;;;;
2026/04/12;0900 UTC;;;;;;;;;;;;;;;;;;
2026/04/12;1000 UTC;;;;;;;;;;;;;;;;;;
2026/04/12;1100 UTC;;;;;;;;;;;;;;;;;;
2026/04/12;1200 UTC;;;;;;;;;;;;;;;;;;
2026/04/12;1300 UTC;;;;;;;;;;;;;;;;;;
2026/04/12;1400 UTC;;;;;;;;;;;;;;;;;;
2026/04/12;1500 UTC;;;;;;;;;;;;;;;;;;
2026/04/12;1600 UTC;;;;;;;;;;;;;;;;;;
2026/04/12;1700 UTC;;;;;;;;;;;;;;;;;;
2026/04/12;1800 UTC;;;;;;;;;;;;;;;;;;
2026/04/12;1900 UTC;;;;;;;;;;;;;;;;;;
2026/04/12;2000 UTC;;;;;;;;;;;;;;;;;;
2026/04/12;2100 UTC;;;;;;;;;;;;;;;;;;
2026/04/12;2200 UTC;;;;;;;;;;;;;;;;;;
2026/04/12;2300 UTC;;;;;;;;;;;;;;;;;;
2026/04/13;0000 UTC;;;;;;;;;;;;;;;;;;
2026/04/13;0100 UTC;;;;;;;;;;;;;;;;;;
2026/04/13;0200 UTC;;;;;;;;;;;;;;;;;;
2026/04/13;0300 UTC;;;;;;;;;;;;;;;;;;
2026/04/13;0400 UTC;;;;;;;;;;;;;;;;;;
2026/04/13;0500 UTC;;;;;;;;;;;;;;;;;;
2026/04/13;0600 UTC;;;;;;;;;;;;;;;;;;
2026/04/13;0700 UTC;;;;;;;;;;;;;;;;;;
2026/04/13;0800 UTC;;;;;;;;;;;;;;;;;;
2026/04/13;0900 UTC;;;;;;;;;;;;;;;;;;
2026/04/13;1000 UTC;;;;;;;;;;;;;;;;;;
2026/04/13;1100 UTC;;;;;;;;;;;;;;;;;;
2026/04/13;1200 UTC;;;;;;;;;;;;;;;;;;
2026/04/13;1300 UTC;;;;;;;;;;;;;;;;;;
2026/04/13;1400 UTC;;;;;;;;;;;;;;;;;;
2026/04/13;1500 UTC;;;;;;;;;;;;;;;;;;
2026/04/13;1600 UTC;;;;;;;;;;;;;;;;;;
2026/04/13;1700 UTC;;;;;;;;;;;;;;;;;;
2026/04/13;1800 UTC;;;;;;;;;;;;;;;;;;
2026/04/13;1900 UTC;;;;;;;;;;;;;;;;;;
2026/04/13;2000 UTC;;;;;;;;;;;;;;;;;;
2026/04/13;2100 UTC;;;;;;;;;;;;;;;;;;
2026/04/13;2200 UTC;;;;;;;;;;;;;;;;;;
2026/04/13;2300 UTC;;;;;;;;;;;;;;;;;;
2026/04/14;0000 UTC;;;;;;;;;;;;;;;;;;
2026/04/14;0100 UTC;;;;;;;;;;;;;;;;;;
2026/04/14;0200 UTC;;;;;;;;;;;;;;;;;;
2026/04/14;0300 UTC;;;;;;;;;;;;;;;;;;
2026/04/14;0400 UTC;;;;;;;;;;;;;;;;;;
2026/04/14;0500 UTC;;;;;;;;;;;;;;;;;;
2026/04/14;0600 UTC;;;;;;;;;;;;;;;;;;
2026/04/14;0700 UTC;;;;;;;;;;;;;;;;;;
2026/04/14;0800 UTC;;;;;;;;;;;;;;;;;;
2026/04/14;0900 UTC;;;;;;;;;;;;;;;;;;
2026/04/14;1000 UTC;;;;;;;;;;;;;;;;;;
2026/04/14;1100 UTC;;;;;;;;;;;;;;;;;;
2026/04/14;1200 UTC;;;;;;;;;;;;;;;;;;
2026/04/14;1300 UTC;;;;;;;;;;;;;;;;;;
2026/04/14;1400 UTC;;;;;;;;;;;;;;;;;;
2026/04/14;1500 UTC;;;;;;;;;;;;;;;;;;
2026/04/14;1600 UTC;;;;;;;;;;;;;;;;;;
2026/04/14;1700 UTC;;;;;;;;;;;;;;;;;;
2026/04/14;1800 UTC;;;;;;;;;;;;;;;;;;
2026/04/14;1900 UTC;;;;;;;;;;;;;;;;;;
2026/04/14;2000 UTC;;;;;;;;;;;;;;;;;;
2026/04/14;2100 UTC;;;;;;;;;;;;;;;;;;
2026/04/14;2200 UTC;;;;;;;;;;;;;;;;;;
2026/04/14;2300 UTC;;;;;;;;;;;;;;;;;;
2026/04/15;0000 UTC;;;;;;;;;;;;;;;;;;
2026/04/15;0100 UTC;;;;;;;;;;;;;;;;;;
2026/04/15;0200 UTC;;;;;;;;;;;;;;;;;;
2026/04/15;0300 UTC;;;;;;;;;;;;;;;;;;
2026/04/15;0400 UTC;;;;;;;;;;;;;;;;;;
2026/04/15;0500 UTC;;;;;;;;;;;;;;;;;;
2026/04/15;0600 UTC;;;;;;;;;;;;;;;;;;
2026/04/15;0700 UTC;;;;;;;;;;;;;;;;;;
2026/04/15;0800 UTC;;;;;;;;;;;;;;;;;;
2026/04/15;0900 UTC;;;;;;;;;;;;;;;;;;
2026/04/15;1000 UTC;;;;;;;;;;;;;;;;;;
2026/04/15;1100 UTC;;;;;;;;;;;;;;;;;;
2026/04/15;1200 UTC;;;;;;;;;;;;;;;;;;
2026/04/15;1300 UTC;;;;;;;;;;;;;;;;;;
2026/04/15;1400 UTC;;;;;;;;;;;;;;;;;;
2026/04/15;1500 UTC;;;;;;;;;;;;;;;;;;
2026/04/15;1600 UTC;;;;;;;;;;;;;;;;;;
2026/04/15;1700 UTC;;;;;;;;;;;;;;;;;;
2026/04/15;1800 UTC;;;;;;;;;;;;;;;;;;
2026/04/15;1900 UTC;;;;;;;;;;;;;;;;;;
2026/04/15;2000 UTC;;;;;;;;;;;;;;;;;;
2026/04/15;2100 UTC;;;;;;;;;;;;;;;;;;
2026/04/15;2200 UTC;;;;;;;;;;;;;;;;;;
2026/04/15;2300 UTC;;;;;;;;;;;;;;;;;;
2026/04/16;0000 UTC;;;;;;;;;;;;;;;;;;
2026/04/16;0100 UTC;;;;;;;;;;;;;;;;;;
2026/04/16;0200 UTC;;;;;;;;;;;;;;;;;;
2026/04/16;0300 UTC;;;;;;;;;;;;;;;;;;
2026/04/16;0400 UTC;;;;;;;;;;;;;;;;;;
2026/04/16;0500 UTC;;;;;;;;;;;;;;;;;;
2026/04/16;0600 UTC;;;;;;;;;;;;;;;;;;
2026/04/16;0700 UTC;;;;;;;;;;;;;;;;;;
2026/04/16;0800 UTC;;;;;;;;;;;;;;;;;;
2026/04/16;0900 UTC;;;;;;;;;;;;;;;;;;
2026/04/16;1000 UTC;;;;;;;;;;;;;;;;;;
2026/04/16;1100 UTC;;;;;;;;;;;;;;;;;;
2026/04/16;1200 UTC;;;;;;;;;;;;;;;;;;
2026/04/16;1300 UTC;;;;;;;;;;;;;;;;;;
2026/04/16;1400 UTC;;;;;;;;;;;;;;;;;;
2026/04/16;1500 UTC;;;;;;;;;;;;;;;;;;
2026/04/16;1600 UTC;;;;;;;;;;;;;;;;;;
2026/04/16;1700 UTC;;;;;;;;;;;;;;;;;;
2026/04/16;1800 UTC;;;;;;;;;;;;;;;;;;
2026/04/16;1900 UTC;;;;;;;;;;;;;;;;;;
2026/04/16;2000 UTC;;;;;;;;;;;;;;;;;;
2026/04/16;2100 UTC;;;;;;;;;;;;;;;;;;
2026/04/16;2200 UTC;;;;;;;;;;;;;;;;;;
2026/04/16;2300 UTC;;;;;;;;;;;;;;;;;;
2026/04/17;0000 UTC;;;;;;;;;;;;;;;;;;
2026/04/17;0100 UTC;;;;;;;;;;;;;;;;;;
2026/04/17;0200 UTC;;;;;;;;;;;;;;;;;;
2026/04/17;0300 UTC;;;;;;;;;;;;;;;;;;
2026/04/17;0400 UTC;;;;;;;;;;;;;;;;;;
2026/04/17;0500 UTC;;;;;;;;;;;;;;;;;;
2026/04/17;0600 UTC;;;;;;;;;;;;;;;;;;
2026/04/17;0700 UTC;;;;;;;;;;;;;;;;;;
2026/04/17;0800 UTC;;;;;;;;;;;;;;;;;;
2026/04/17;0900 UTC;;;;;;;;;;;;;;;;;;
2026/04/17;1000 UTC;;;;;;;;;;;;;;;;;;
2026/04/17;1100 UTC;;;;;;;;;;;;;;;;;;
2026/04/17;1200 UTC;;;;;;;;;;;;;;;;;;
2026/04/17;1300 UTC;;;;;;;;;;;;;;;;;;
2026/04/17;1400 UTC;;;;;;;;;;;;;;;;;;
2026/04/17;1500 UTC;;;;;;;;;;;;;;;;;;
2026/04/17;1600 UTC;;;;;;;;;;;;;;;;;;
2026/04/17;1700 UTC;;;;;;;;;;;;;;;;;;
2026/04/17;1800 UTC;;;;;;;;;;;;;;;;;;
2026/04/17;1900 UTC;;;;;;;;;;;;;;;;;;
2026/04/17;2000 UTC;;;;;;;;;;;;;;;;;;
2026/04/17;2100 UTC;;;;;;;;;;;;;;;;;;
2026/04/17;2200 UTC;;;;;;;;;;;;;;;;;;
2026/04/17;2300 UTC;;;;;;;;;;;;;;;;;;
2026/04/18;0000 UTC;;;;;;;;;;;;;;;;;;
2026/04/18;0100 UTC;;;;;;;;;;;;;;;;;;
2026/04/18;0200 UTC;;;;;;;;;;;;;;;;;;
2026/04/18;0300 UTC;;;;;;;;;;;;;;;;;;
2026/04/18;0400 UTC;;;;;;;;;;;;;;;;;;
2026/04/18;0500 UTC;;;;;;;;;;;;;;;;;;
2026/04/18;0600 UTC;;;;;;;;;;;;;;;;;;
2026/04/18;0700 UTC;;;;;;;;;;;;;;;;;;
2026/04/18;0800 UTC;;;;;;;;;;;;;;;;;;
2026/04/18;0900 UTC;;;;;;;;;;;;;;;;;;
2026/04/18;1000 UTC;;;;;;;;;;;;;;;;;;
2026/04/18;1100 UTC;;;;;;;;;;;;;;;;;;
2026/04/18;1200 UTC;;;;;;;;;;;;;;;;;;
2026/04/18;1300 UTC;;;;;;;;;;;;;;;;;;
2026/04/18;1400 UTC;;;;;;;;;;;;;;;;;;
2026/04/18;1500 UTC;;;;;;;;;;;;;;;;;;
2026/04/18;1600 UTC;;;;;;;;;;;;;;;;;;
2026/04/18;1700 UTC;;;;;;;;;;;;;;;;;;
2026/04/18;1800 UTC;;;;;;;;;;;;;;;;;;
2026/04/18;1900 UTC;;;;;;;;;;;;;;;;;;
2026/04/18;2000 UTC;;;;;;;;;;;;;;;;;;
2026/04/18;2100 UTC;;;;;;;;;;;;;;;;;;
2026/04/18;2200 UTC;;;;;;;;;;;;;;;;;;
2026/04/18;2300 UTC;;;;;;;;;;;;;;;;;;
2026/04/19;0000 UTC;;;;;;;;;;;;;;;;;;
2026/04/19;0100 UTC;;;;;;;;;;;;;;;;;;
2026/04/19;0200 UTC;;;;;;;;;;;;;;;;;;
2026/04/19;0300 UTC;;;;;;;;;;;;;;;;;;
2026/04/19;0400 UTC;;;;;;;;;;;;;;;;;;
2026/04/19;0500 UTC;;;;;;;;;;;;;;;;;;
2026/04/19;0600 UTC;;;;;;;;;;;;;;;;;;
2026/04/19;0700 UTC;;;;;;;;;;;;;;;;;;
2026/04/19;0800 UTC;;;;;;;;;;;;;;;;;;
2026/04/19;0900 UTC;;;;;;;;;;;;;;;;;;
2026/04/19;1000 UTC;;;;;;;;;;;;;;;;;;
2026/04/19;1100 UTC;;;;;;;;;;;;;;;;;;
2026/04/19;1200 UTC;;;;;;;;;;;;;;;;;;
2026/04/19;1300 UTC;;;;;;;;;;;;;;;;;;
2026/04/19;1400 UTC;;;;;;;;;;;;;;;;;;
2026/04/19;1500 UTC;;;;;;;;;;;;;;;;;;
2026/04/19;1600 UTC;;;;;;;;;;;;;;;;;;
2026/04/19;1700 UTC;;;;;;;;;;;;;;;;;;
2026/04/19;1800 UTC;;;;;;;;;;;;;;;;;;
2026/04/19;1900 UTC;;;;;;;;;;;;;;;;;;
2026/04/19;2000 UTC;;;;;;;;;;;;;;;;;;
2026/04/19;2100 UTC;;;;;;;;;;;;;;;;;;
2026/04/19;2200 UTC;;;;;;;;;;;;;;;;;;
2026/04/19;2300 UTC;;;;;;;;;;;;;;;;;;
2026/04/20;0000 UTC;;;;;;;;;;;;;;;;;;
2026/04/20;0100 UTC;;;;;;;;;;;;;;;;;;
2026/04/20;0200 UTC;;;;;;;;;;;;;;;;;;
2026/04/20;0300 UTC;;;;;;;;;;;;;;;;;;
2026/04/20;0400 UTC;;;;;;;;;;;;;;;;;;
2026/04/20;0500 UTC;;;;;;;;;;;;;;;;;;
2026/04/20;0600 UTC;;;;;;;;;;;;;;;;;;
2026/04/20;0700 UTC;;;;;;;;;;;;;;;;;;
2026/04/20;0800 UTC;;;;;;;;;;;;;;;;;;
2026/04/20;0900 UTC;;;;;;;;;;;;;;;;;;
2026/04/20;1000 UTC;;;;;;;;;;;;;;;;;;
2026/04/20;1100 UTC;;;;;;;;;;;;;;;;;;
2026/04/20;1200 UTC;;;;;;;;;;;;;;;;;;
2026/04/20;1300 UTC;;;;;;;;;;;;;;;;;;
2026/04/20;1400 UTC;;;;;;;;;;;;;;;;;;
2026/04/20;1500 UTC;;;;;;;;;;;;;;;;;;
2026/04/20;1600 UTC;;;;;;;;;;;;;;;;;;
2026/04/20;1700 UTC;;;;;;;;;;;;;;;;;;
2026/04/20;1800 UTC;;;;;;;;;;;;;;;;;;
2026/04/20;1900 UTC;;;;;;;;;;;;;;;;;;
2026/04/20;2000 UTC;;;;;;;;;;;;;;;;;;
2026/04/20;2100 UTC;;;;;;;;;;;;;;;;;;
2026/04/20;2200 UTC;;;;;;;;;;;;;;;;;;
2026/04/20;2300 UTC;;;;;;;;;;;;;;;;;;
2026/04/21;0000 UTC;;;;;;;;;;;;;;;;;;
2026/04/21;0100 UTC;;;;;;;;;;;;;;;;;;
2026/04/21;0200 UTC;;;;;;;;;;;;;;;;;;
2026/04/21;0300 UTC;;;;;;;;;;;;;;;;;;
2026/04/21;0400 UTC;;;;;;;;;;;;;;;;;;
2026/04/21;0500 UTC;;;;;;;;;;;;;;;;;;
2026/04/21;0600 UTC;;;;;;;;;;;;;;;;;;
2026/04/21;0700 UTC;;;;;;;;;;;;;;;;;;
2026/04/21;0800 UTC;;;;;;;;;;;;;;;;;;
2026/04/21;0900 UTC;;;;;;;;;;;;;;;;;;
2026/04/21;1000 UTC;;;;;;;;;;;;;;;;;;
2026/04/21;1100 UTC;;;;;;;;;;;;;;;;;;
2026/04/21;1200 UTC;;;;;;;;;;;;;;;;;;
2026/04/21;1300 UTC;;;;;;;;;;;;;;;;;;
2026/04/21;1400 UTC;;;;;;;;;;;;;;;;;;
2026/04/21;1500 UTC;;;;;;;;;;;;;;;;;;
2026/04/21;1600 UTC;;;;;;;;;;;;;;;;;;
2026/04/21;1700 UTC;;;;;;;;;;;;;;;;;;
2026/04/21;1800 UTC;;;;;;;;;;;;;;;;;;
2026/04/21;1900 UTC;;;;;;;;;;;;;;;;;;
2026/04/21;2000 UTC;;;;;;;;;;;;;;;;;;
2026/04/21;2100 UTC;;;;;;;;;;;;;;;;;;
2026/04/21;2200 UTC;;;;;;;;;;;;;;;;;;
2026/04/21;2300 UTC;;;;;;;;;;;;;;;;;;
2026/04/22;0000 UTC;;;;;;;;;;;;;;;;;;
2026/04/22;0100 UTC;;;;;;;;;;;;;;;;;;
2026/04/22;0200 UTC;;;;;;;;;;;;;;;;;;
2026/04/22;0300 UTC;;;;;;;;;;;;;;;;;;
2026/04/22;0400 UTC;;;;;;;;;;;;;;;;;;
2026/04/22;0500 UTC;;;;;;;;;;;;;;;;;;
2026/04/22;0600 UTC;;;;;;;;;;;;;;;;;;
2026/04/22;0700 UTC;;;;;;;;;;;;;;;;;;
2026/04/22;0800 UTC;;;;;;;;;;;;;;;;;;
2026/04/22;0900 UTC;;;;;;;;;;;;;;;;;;
2026/04/22;1000 UTC;;;;;;;;;;;;;;;;;;
2026/04/22;1100 UTC;;;;;;;;;;;;;;;;;;
2026/04/22;1200 UTC;;;;;;;;;;;;;;;;;;
2026/04/22;1300 UTC;;;;;;;;;;;;;;;;;;
2026/04/22;1400 UTC;;;;;;;;;;;;;;;;;;
2026/04/22;1500 UTC;;;;;;;;;;;;;;;;;;
2026/04/22;1600 UTC;;;;;;;;;;;;;;;;;;
2026/04/22;1700 UTC;;;;;;;;;;;;;;;;;;
2026/04/22;1800 UTC;;;;;;;;;;;;;;;;;;
2026/04/22;1900 UTC;;;;;;;;;;;;;;;;;;
2026/04/22;2000 UTC;;;;;;;;;;;;;;;;;;
2026/04/22;2100 UTC;;;;;;;;;;;;;;;;;;
2026/04/22;2200 UTC;;;;;;;;;;;;;;;;;;
2026/04/22;2300 UTC;;;;;;;;;;;;;;;;;;
2026/04/23;0000 UTC;;;;;;;;;;;;;;;;;;
2026/04/23;0100 UTC;;;;;;;;;;;;;;;;;;
2026/04/23;0200 UTC;;;;;;;;;;;;;;;;;;
2026/04/23;0300 UTC;;;;;;;;;;;;;;;;;;
2026/04/23;0400 UTC;;;;;;;;;;;;;;;;;;
2026/04/23;0500 UTC;;;;;;;;;;;;;;;;;;
2026/04/23;0600 UTC;;;;;;;;;;;;;;;;;;
2026/04/23;0700 UTC;;;;;;;;;;;;;;;;;;
2026/04/23;0800 UTC;;;;;;;;;;;;;;;;;;
2026/04/23;0900 UTC;;;;;;;;;;;;;;;;;;
2026/04/23;1000 UTC;;;;;;;;;;;;;;;;;;
2026/04/23;1100 UTC;;;;;;;;;;;;;;;;;;
2026/04/23;1200 UTC;;;;;;;;;;;;;;;;;;
2026/04/23;1300 UTC;;;;;;;;;;;;;;;;;;
2026/04/23;1400 UTC;;;;;;;;;;;;;;;;;;
2026/04/23;1500 UTC;;;;;;;;;;;;;;;;;;
2026/04/23;1600 UTC;;;;;;;;;;;;;;;;;;
2026/04/23;1700 UTC;;;;;;;;;;;;;;;;;;
2026/04/23;1800 UTC;;;;;;;;;;;;;;;;;;
2026/04/23;1900 UTC;;;;;;;;;;;;;;;;;;
2026/04/23;2000 UTC;;;;;;;;;;;;;;;;;;
2026/04/23;2100 UTC;;;;;;;;;;;;;;;;;;
2026/04/23;2200 UTC;;;;;;;;;;;;;;;;;;
2026/04/23;2300 UTC;;;;;;;;;;;;;;;;;;
2026/04/24;0000 UTC;;;;;;;;;;;;;;;;;;
2026/04/24;0100 UTC;;;;;;;;;;;;;;;;;;
2026/04/24;0200 UTC;;;;;;;;;;;;;;;;;;
2026/04/24;0300 UTC;;;;;;;;;;;;;;;;;;
2026/04/24;0400 UTC;;;;;;;;;;;;;;;;;;
2026/04/24;0500 UTC;;;;;;;;;;;;;;;;;;
2026/04/24;0600 UTC;;;;;;;;;;;;;;;;;;
2026/04/24;0700 UTC;;;;;;;;;;;;;;;;;;
2026/04/24;0800 UTC;;;;;;;;;;;;;;;;;;
2026/04/24;0900 UTC;;;;;;;;;;;;;;;;;;
2026/04/24;1000 UTC;;;;;;;;;;;;;;;;;;
2026/04/24;1100 UTC;;;;;;;;;;;;;;;;;;
2026/04/24;1200 UTC;;;;;;;;;;;;;;;;;;
2026/04/24;1300 UTC;;;;;;;;;;;;;;;;;;
2026/04/24;1400 UTC;;;;;;;;;;;;;;;;;;
2026/04/24;1500 UTC;;;;;;;;;;;;;;;;;;
2026/04/24;1600 UTC;;;;;;;;;;;;;;;;;;
2026/04/24;1700 UTC;;;;;;;;;;;;;;;;;;
2026/04/24;1800 UTC;;;;;;;;;;;;;;;;;;
2026/04/24;1900 UTC;;;;;;;;;;;;;;;;;;
2026/04/24;2000 UTC;;;;;;;;;;;;;;;;;;
2026/04/24;2100 UTC;;;;;;;;;;;;;;;;;;
2026/04/24;2200 UTC;;;;;;;;;;;;;;;;;;
2026/04/24;2300 UTC;;;;;;;;;;;;;;;;;;
2026/04/25;0000 UTC;;;;;;;;;;;;;;;;;;
2026/04/25;0100 UTC;;;;;;;;;;;;;;;;;;
2026/04/25;0200 UTC;;;;;;;;;;;;;;;;;;
2026/04/25;0300 UTC;;;;;;;;;;;;;;;;;;
2026/04/25;0400 UTC;;;;;;;;;;;;;;;;;;
2026/04/25;0500 UTC;;;;;;;;;;;;;;;;;;
2026/04/25;0600 UTC;;;;;;;;;;;;;;;;;;
2026/04/25;0700 UTC;;;;;;;;;;;;;;;;;;
2026/04/25;0800 UTC;;;;;;;;;;;;;;;;;;
2026/04/25;0900 UTC;;;;;;;;;;;;;;;;;;
2026/04/25;1000 UTC;;;;;;;;;;;;;;;;;;
2026/04/25;1100 UTC;;;;;;;;;;;;;;;;;;
2026/04/25;1200 UTC;;;;;;;;;;;;;;;;;;
2026/04/25;1300 UTC;;;;;;;;;;;;;;;;;;
2026/04/25;1400 UTC;;;;;;;;;;;;;;;;;;
2026/04/25;1500 UTC;;;;;;;;;;;;;;;;;;
2026/04/25;1600 UTC;;;;;;;;;;;;;;;;;;
2026/04/25;1700 UTC;;;;;;;;;;;;;;;;;;
2026/04/25;1800 UTC;;;;;;;;;;;;;;;;;;
2026/04/25;1900 UTC;;;;;;;;;;;;;;;;;;
2026/04/25;2000 UTC;;;;;;;;;;;;;;;;;;
2026/04/25;2100 UTC;;;;;;;;;;;;;;;;;;
2026/04/25;2200 UTC;;;;;;;;;;;;;;;;;;
2026/04/25;2300 UTC;;;;;;;;;;;;;;;;;;
2026/04/26;0000 UTC;;;;;;;;;;;;;;;;;;
2026/04/26;0100 UTC;;;;;;;;;;;;;;;;;;
2026/04/26;0200 UTC;;;;;;;;;;;;;;;;;;
2026/04/26;0300 UTC;;;;;;;;;;;;;;;;;;
2026/04/26;0400 UTC;;;;;;;;;;;;;;;;;;
2026/04/26;0500 UTC;;;;;;;;;;;;;;;;;;
2026/04/26;0600 UTC;;;;;;;;;;;;;;;;;;
2026/04/26;0700 UTC;;;;;;;;;;;;;;;;;;
2026/04/26;0800 UTC;;;;;;;;;;;;;;;;;;
2026/04/26;0900 UTC;;;;;;;;;;;;;;;;;;
2026/04/26;1000 UTC;;;;;;;;;;;;;;;;;;
2026/04/26;1100 UTC;;;;;;;;;;;;;;;;;;
2026/04/26;1200 UTC;;;;;;;;;;;;;;;;;;
2026/04/26;1300 UTC;;;;;;;;;;;;;;;;;;
2026/04/26;1400 UTC;;;;;;;;;;;;;;;;;;
2026/04/26;1500 UTC;;;;;;;;;;;;;;;;;;
2026/04/26;1600 UTC;;;;;;;;;;;;;;;;;;
2026/04/26;1700 UTC;;;;;;;;;;;;;;;;;;
2026/04/26;1800 UTC;;;;;;;;;;;;;;;;;;
2026/04/26;1900 UTC;;;;;;;;;;;;;;;;;;
2026/04/26;2000 UTC;;;;;;;;;;;;;;;;;;
2026/04/26;2100 UTC;;;;;;;;;;;;;;;;;;
2026/04/26;2200 UTC;;;;;;;;;;;;;;;;;;
2026/04/26;2300 UTC;;;;;;;;;;;;;;;;;;
2026/04/27;0000 UTC;;;;;;;;;;;;;;;;;;
2026/04/27;0100 UTC;;;;;;;;;;;;;;;;;;
2026/04/27;0200 UTC;;;;;;;;;;;;;;;;;;
2026/04/27;0300 UTC;;;;;;;;;;;;;;;;;;
2026/04/27;0400 UTC;;;;;;;;;;;;;;;;;;
2026/04/27;0500 UTC;;;;;;;;;;;;;;;;;;
2026/04/27;0600 UTC;;;;;;;;;;;;;;;;;;
2026/04/27;0700 UTC;;;;;;;;;;;;;;;;;;
2026/04/27;0800 UTC;;;;;;;;;;;;;;;;;;
2026/04/27;0900 UTC;;;;;;;;;;;;;;;;;;
2026/04/27;1000 UTC;;;;;;;;;;;;;;;;;;
2026/04/27;1100 UTC;;;;;;;;;;;;;;;;;;
2026/04/27;1200 UTC;;;;;;;;;;;;;;;;;;
2026/04/27;1300 UTC;;;;;;;;;;;;;;;;;;
2026/04/27;1400 UTC;;;;;;;;;;;;;;;;;;
2026/04/27;1500 UTC;;;;;;;;;;;;;;;;;;
2026/04/27;1600 UTC;;;;;;;;;;;;;;;;;;
2026/04/27;1700 UTC;;;;;;;;;;;;;;;;;;
2026/04/27;1800 UTC;;;;;;;;;;;;;;;;;;
2026/04/27;1900 UTC;;;;;;;;;;;;;;;;;;
2026/04/27;2000 UTC;;;;;;;;;;;;;;;;;;
2026/04/27;2100 UTC;;;;;;;;;;;;;;;;;;
2026/04/27;2200 UTC;;;;;;;;;;;;;;;;;;
2026/04/27;2300 UTC;;;;;;;;;;;;;;;;;;
2026/04/28;0000 UTC;;;;;;;;;;;;;;;;;;
2026/04/28;0100 UTC;;;;;;;;;;;;;;;;;;
2026/04/28;0200 UTC;;;;;;;;;;;;;;;;;;
2026/04/28;0300 UTC;;;;;;;;;;;;;;;;;;
2026/04/28;0400 UTC;;;;;;;;;;;;;;;;;;
2026/04/28;0500 UTC;;;;;;;;;;;;;;;;;;
2026/04/28;0600 UTC;;;;;;;;;;;;;;;;;;
2026/04/28;0700 UTC;;;;;;;;;;;;;;;;;;
2026/04/28;0800 UTC;;;;;;;;;;;;;;;;;;
2026/04/28;0900 UTC;;;;;;;;;;;;;;;;;;
2026/04/28;1000 UTC;;;;;;;;;;;;;;;;;;
2026/04/28;1100 UTC;;;;;;;;;;;;;;;;;;
2026/04/28;1200 UTC;;;;;;;;;;;;;;;;;;
2026/04/28;1300 UTC;;;;;;;;;;;;;;;;;;
2026/04/28;1400 UTC;;;;;;;;;;;;;;;;;;
2026/04/28;1500 UTC;;;;;;;;;;;;;;;;;;
2026/04/28;1600 UTC;;;;;;;;;;;;;;;;;;
2026/04/28;1700 UTC;;;;;;;;;;;;;;;;;;
2026/04/28;1800 UTC;;;;;;;;;;;;;;;;;;
2026/04/28;1900 UTC;;;;;;;;;;;;;;;;;;
2026/04/28;2000 UTC;;;;;;;;;;;;;;;;;;
2026/04/28;2100 UTC;;;;;;;;;;;;;;;;;;
2026/04/28;2200 UTC;;;;;;;;;;;;;;;;;;
2026/04/28;2300 UTC;;;;;;;;;;;;;;;;;;
2026/04/29;0000 UTC;;;;;;;;;;;;;;;;;;
2026/04/29;0100 UTC;;;;;;;;;;;;;;;;;;
2026/04/29;0200 UTC;;;;;;;;;;;;;;;;;;
2026/04/29;0300 UTC;;;;;;;;;;;;;;;;;;
2026/04/29;0400 UTC;;;;;;;;;;;;;;;;;;
2026/04/29;0500 UTC;;;;;;;;;;;;;;;;;;
2026/04/29;0600 UTC;;;;;;;;;;;;;;;;;;
2026/04/29;0700 UTC;;;;;;;;;;;;;;;;;;
2026/04/29;0800 UTC;;;;;;;;;;;;;;;;;;
2026/04/29;0900 UTC;;;;;;;;;;;;;;;;;;
2026/04/29;1000 UTC;;;;;;;;;;;;;;;;;;
2026/04/29;1100 UTC;;;;;;;;;;;;;;;;;;
2026/04/29;1200 UTC;;;;;;;;;;;;;;;;;;
2026/04/29;1300 UTC;;;;;;;;;;;;;;;;;;
2026/04/29;1400 UTC;;;;;;;;;;;;;;;;;;
2026/04/29;1500 UTC;;;;;;;;;;;;;;;;;;
2026/04/29;1600 UTC;;;;;;;;;;;;;;;;;;
2026/04/29;1700 UTC;;;;;;;;;;;;;;;;;;
2026/04/29;1800 UTC;;;;;;;;;;;;;;;;;;
2026/04/29;1900 UTC;;;;;;;;;;;;;;;;;;
2026/04/29;2000 UTC;;;;;;;;;;;;;;;;;;
2026/04/29;2100 UTC;;;;;;;;;;;;;;;;;;
2026/04/29;2200 UTC;;;;;;;;;;;;;;;;;;
2026/04/29;2300 UTC;;;;;;;;;;;;;;;;;;
2026/04/30;0000 UTC;;;;;;;;;;;;;;;;;;
2026/04/30;0100 UTC;;;;;;;;;;;;;;;;;;
2026/04/30;0200 UTC;;;;;;;;;;;;;;;;;;
2026/04/30;0300 UTC;;;;;;;;;;;;;;;;;;
2026/04/30;0400 UTC;;;;;;;;;;;;;;;;;;
2026/04/30;0500 UTC;;;;;;;;;;;;;;;;;;
2026/04/30;0600 UTC;;;;;;;;;;;;;;;;;;
2026/04/30;0700 UTC;;;;;;;;;;;;;;;;;;
2026/04/30;0800 UTC;;;;;;;;;;;;;;;;;;
2026/04/30;0900 UTC;;;;;;;;;;;;;;;;;;
2026/04/30;1000 UTC;;;;;;;;;;;;;;;;;;
2026/04/30;1100 UTC;;;;;;;;;;;;;;;;;;
2026/04/30;1200 UTC;;;;;;;;;;;;;;;;;;
2026/04/30;1300 UTC;;;;;;;;;;;;;;;;;;
2026/04/30;1400 UTC;;;;;;;;;;;;;;;;;;
2026/04/30;1500 UTC;;;;;;;;;;;;;;;;;;
2026/04/30;1600 UTC;;;;;;;;;;;;;;;;;;
2026/04/30;1700 UTC;;;;;;;;;;;;;;;;;;
2026/04/30;1800 UTC;;;;;;;;;;;;;;;;;;
2026/04/30;1900 UTC;;;;;;;;;;;;;;;;;;
2026/04/30;2000 UTC;;;;;;;;;;;;;;;;;;
2026/04/30;2100 UTC;;;;;;;;;;;;;;;;;;
2026/04/30;2200 UTC;;;;;;;;;;;;;;;;;;
2026/04/30;2300 UTC;;;;;;;;;;;;;;;;;;
2026/05/01;0000 UTC;;;;;;;;;;;;;;;;;;
2026/05/01;0100 UTC;;;;;;;;;;;;;;;;;;
2026/05/01;0200 UTC;;;;;;;;;;;;;;;;;;
2026/05/01;0300 UTC;;;;;;;;;;;;;;;;;;
2026/05/01;0400 UTC;;;;;;;;;;;;;;;;;;
2026/05/01;0500 UTC;;;;;;;;;;;;;;;;;;
2026/05/01;0600 UTC;;;;;;;;;;;;;;;;;;
2026/05/01;0700 UTC;;;;;;;;;;;;;;;;;;
2026/05/01;0800 UTC;;;;;;;;;;;;;;;;;;
2026/05/01;0900 UTC;;;;;;;;;;;;;;;;;;
2026/05/01;1000 UTC;;;;;;;;;;;;;;;;;;
2026/05/01;1100 UTC;;;;;;;;;;;;;;;;;;
2026/05/01;1200 UTC;;;;;;;;;;;;;;;;;;
2026/05/01;1300 UTC;;;;;;;;;;;;;;;;;;
2026/05/01;1400 UTC;;;;;;;;;;;;;;;;;;
2026/05/01;1500 UTC;;;;;;;;;;;;;;;;;;
2026/05/01;1600 UTC;;;;;;;;;;;;;;;;;;
2026/05/01;1700 UTC;;;;;;;;;;;;;;;;;;
2026/05/01;1800 UTC;;;;;;;;;;;;;;;;;;
2026/05/01;1900 UTC;;;;;;;;;;;;;;;;;;
2026/05/01;2000 UTC;;;;;;;;;;;;;;;;;;
2026/05/01;2100 UTC;;;;;;;;;;;;;;;;;;
2026/05/01;2200 UTC;;;;;;;;;;;;;;;;;;
2026/05/01;2300 UTC;;;;;;;;;;;;;;;;;;
2026/05/02;0000 UTC;;;;;;;;;;;;;;;;;;
2026/05/02;0100 UTC;;;;;;;;;;;;;;;;;;
2026/05/02;0200 UTC;;;;;;;;;;;;;;;;;;
2026/05/02;0300 UTC;;;;;;;;;;;;;;;;;;
2026/05/02;0400 UTC;;;;;;;;;;;;;;;;;;
2026/05/02;0500 UTC;;;;;;;;;;;;;;;;;;
2026/05/02;0600 UTC;;;;;;;;;;;;;;;;;;
2026/05/02;0700 UTC;;;;;;;;;;;;;;;;;;
2026/05/02;0800 UTC;;;;;;;;;;;;;;;;;;
2026/05/02;0900 UTC;;;;;;;;;;;;;;;;;;
2026/05/02;1000 UTC;;;;;;;;;;;;;;;;;;
2026/05/02;1100 UTC;;;;;;;;;;;;;;;;;;
2026/05/02;1200 UTC;;;;;;;;;;;;;;;;;;
2026/05/02;1300 UTC;;;;;;;;;;;;;;;;;;
2026/05/02;1400 UTC;;;;;;;;;;;;;;;;;;
2026/05/02;1500 UTC;;;;;;;;;;;;;;;;;;
2026/05/02;1600 UTC;;;;;;;;;;;;;;;;;;
2026/05/02;1700 UTC;;;;;;;;;;;;;;;;;;
2026/05/02;1800 UTC;;;;;;;;;;;;;;;;;;
2026/05/02;1900 UTC;;;;;;;;;;;;;;;;;;
2026/05/02;2000 UTC;;;;;;;;;;;;;;;;;;
2026/05/02;2100 UTC;;;;;;;;;;;;;;;;;;
2026/05/02;2200 UTC;;;;;;;;;;;;;;;;;;
2026/05/02;2300 UTC;;;;;;;;;;;;;;;;;;
2026/05/03;0000 UTC;;;;;;;;;;;;;;;;;;
2026/05/03;0100 UTC;;;;;;;;;;;;;;;;;;
2026/05/03;0200 UTC;;;;;;;;;;;;;;;;;;
2026/05/03;0300 UTC;;;;;;;;;;;;;;;;;;
2026/05/03;0400 UTC;;;;;;;;;;;;;;;;;;
2026/05/03;0500 UTC;;;;;;;;;;;;;;;;;;
2026/05/03;0600 UTC;;;;;;;;;;;;;;;;;;
2026/05/03;0700 UTC;;;;;;;;;;;;;;;;;;
2026/05/03;0800 UTC;;;;;;;;;;;;;;;;;;
2026/05/03;0900 UTC;;;;;;;;;;;;;;;;;;
2026/05/03;1000 UTC;;;;;;;;;;;;;;;;;;
2026/05/03;1100 UTC;;;;;;;;;;;;;;;;;;
2026/05/03;1200 UTC;;;;;;;;;;;;;;;;;;
2026/05/03;1300 UTC;;;;;;;;;;;;;;;;;;
2026/05/03;1400 UTC;;;;;;;;;;;;;;;;;;
2026/05/03;1500 UTC;;;;;;;;;;;;;;;;;;
2026/05/03;1600 UTC;;;;;;;;;;;;;;;;;;
2026/05/03;1700 UTC;;;;;;;;;;;;;;;;;;
2026/05/03;1800 UTC;;;;;;;;;;;;;;;;;;
2026/05/03;1900 UTC;;;;;;;;;;;;;;;;;;
2026/05/03;2000 UTC;;;;;;;;;;;;;;;;;;
2026/05/03;2100 UTC;;;;;;;;;;;;;;;;;;
2026/05/03;2200 UTC;;;;;;;;;;;;;;;;;;
2026/05/03;2300 UTC;;;;;;;;;;;;;;;;;;
2026/05/04;0000 UTC;;;;;;;;;;;;;;;;;;
2026/05/04;0100 UTC;;;;;;;;;;;;;;;;;;
2026/05/04;0200 UTC;;;;;;;;;;;;;;;;;;
2026/05/04;0300 UTC;;;;;;;;;;;;;;;;;;
2026/05/04;0400 UTC;;;;;;;;;;;;;;;;;;
2026/05/04;0500 UTC;;;;;;;;;;;;;;;;;;
2026/05/04;0600 UTC;;;;;;;;;;;;;;;;;;
2026/05/04;0700 UTC;;;;;;;;;;;;;;;;;;
2026/05/04;0800 UTC;;;;;;;;;;;;;;;;;;
2026/05/04;0900 UTC;;;;;;;;;;;;;;;;;;
2026/05/04;1000 UTC;;;;;;;;;;;;;;;;;;
2026/05/04;1100 UTC;;;;;;;;;;;;;;;;;;
2026/05/04;1200 UTC;;;;;;;;;;;;;;;;;;
2026/05/04;1300 UTC;;;;;;;;;;;;;;;;;;
2026/05/04;1400 UTC;;;;;;;;;;;;;;;;;;
2026/05/04;1500 UTC;;;;;;;;;;;;;;;;;;
2026/05/04;1600 UTC;;;;;;;;;;;;;;;;;;
2026/05/04;1700 UTC;;;;;;;;;;;;;;;;;;
2026/05/04;1800 UTC;;;;;;;;;;;;;;;;;;
2026/05/04;1900 UTC;;;;;;;;;;;;;;;;;;
2026/05/04;2000 UTC;;;;;;;;;;;;;;;;;;
2026/05/04;2100 UTC;;;;;;;;;;;;;;;;;;
2026/05/04;2200 UTC;;;;;;;;;;;;;;;;;;
2026/05/04;2300 UTC;;;;;;;;;;;;;;;;;;
2026/05/05;0000 UTC;;;;;;;;;;;;;;;;;;
2026/05/05;0100 UTC;;;;;;;;;;;;;;;;;;
2026/05/05;0200 UTC;;;;;;;;;;;;;;;;;;
2026/05/05;0300 UTC;;;;;;;;;;;;;;;;;;
2026/05/05;0400 UTC;;;;;;;;;;;;;;;;;;
2026/05/05;0500 UTC;;;;;;;;;;;;;;;;;;
2026/05/05;0600 UTC;;;;;;;;;;;;;;;;;;
2026/05/05;0700 UTC;;;;;;;;;;;;;;;;;;
2026/05/05;0800 UTC;;;;;;;;;;;;;;;;;;
2026/05/05;0900 UTC;;;;;;;;;;;;;;;;;;
2026/05/05;1000 UTC;;;;;;;;;;;;;;;;;;
2026/05/05;1100 UTC;;;;;;;;;;;;;;;;;;
2026/05/05;1200 UTC;;;;;;;;;;;;;;;;;;
2026/05/05;1300 UTC;;;;;;;;;;;;;;;;;;
2026/05/05;1400 UTC;;;;;;;;;;;;;;;;;;
2026/05/05;1500 UTC;;;;;;;;;;;;;;;;;;
2026/05/05;1600 UTC;;;;;;;;;;;;;;;;;;
2026/05/05;1700 UTC;;;;;;;;;;;;;;;;;;
2026/05/05;1800 UTC;;;;;;;;;;;;;;;;;;
2026/05/05;1900 UTC;;;;;;;;;;;;;;;;;;
2026/05/05;2000 UTC;;;;;;;;;;;;;;;;;;
2026/05/05;2100 UTC;;;;;;;;;;;;;;;;;;
2026/05/05;2200 UTC;;;;;;;;;;;;;;;;;;
2026/05/05;2300 UTC;;;;;;;;;;;;;;;;;;
2026/05/06;0000 UTC;;;;;;;;;;;;;;;;;;
2026/05/06;0100 UTC;;;;;;;;;;;;;;;;;;
2026/05/06;0200 UTC;;;;;;;;;;;;;;;;;;
2026/05/06;0300 UTC;;;;;;;;;;;;;;;;;;
2026/05/06;0400 UTC;;;;;;;;;;;;;;;;;;
2026/05/06;0500 UTC;;;;;;;;;;;;;;;;;;
2026/05/06;0600 UTC;;;;;;;;;;;;;;;;;;
2026/05/06;0700 UTC;;;;;;;;;;;;;;;;;;
2026/05/06;0800 UTC;;;;;;;;;;;;;;;;;;
2026/05/06;0900 UTC;;;;;;;;;;;;;;;;;;
2026/05/06;1000 UTC;;;;;;;;;;;;;;;;;;
2026/05/06;1100 UTC;;;;;;;;;;;;;;;;;;
2026/05/06;1200 UTC;;;;;;;;;;;;;;;;;;
2026/05/06;1300 UTC;;;;;;;;;;;;;;;;;;
2026/05/06;1400 UTC;;;;;;;;;;;;;;;;;;
2026/05/06;1500 UTC;;;;;;;;;;;;;;;;;;
2026/05/06;1600 UTC;;;;;;;;;;;;;;;;;;
2026/05/06;1700 UTC;;;;;;;;;;;;;;;;;;
2026/05/06;1800 UTC;;;;;;;;;;;;;;;;;;
2026/05/06;1900 UTC;;;;;;;;;;;;;;;;;;
2026/05/06;2000 UTC;;;;;;;;;;;;;;;;;;
2026/05/06;2100 UTC;;;;;;;;;;;;;;;;;;
2026/05/06;2200 UTC;;;;;;;;;;;;;;;;;;
2026/05/06;2300 UTC;;;;;;;;;;;;;;;;;;
2026/05/07;0000 UTC;;;;;;;;;;;;;;;;;;
2026/05/07;0100 UTC;;;;;;;;;;;;;;;;;;
2026/05/07;0200 UTC;;;;;;;;;;;;;;;;;;
2026/05/07;0300 UTC;;;;;;;;;;;;;;;;;;
2026/05/07;0400 UTC;;;;;;;;;;;;;;;;;;
2026/05/07;0500 UTC;;;;;;;;;;;;;;;;;;
2026/05/07;0600 UTC;;;;;;;;;;;;;;;;;;
2026/05/07;0700 UTC;;;;;;;;;;;;;;;;;;
2026/05/07;0800 UTC;;;;;;;;;;;;;;;;;;
2026/05/07;0900 UTC;;;;;;;;;;;;;;;;;;
2026/05/07;1000 UTC;;;;;;;;;;;;;;;;;;
2026/05/07;1100 UTC;;;;;;;;;;;;;;;;;;
2026/05/07;1200 UTC;;;;;;;;;;;;;;;;;;
2026/05/07;1300 UTC;;;;;;;;;;;;;;;;;;
2026/05/07;1400 UTC;;;;;;;;;;;;;;;;;;
2026/05/07;1500 UTC;0;985,3;985,4;985,1;2570,2;30,4;19,6;30,5;30,4;19,8;19,6;47;46;46;320;17,4;12,1;
2026/05/07;1600 UTC;0;984,3;985,3;983,3;2766,1;30,9;20;31,4;30,3;20,4;19,7;48;42;46;325;18,5;11,2;
2026/05/07;1700 UTC;0;983,7;984,1;983,1;2488,9;31,5;19,9;31,8;31;20,5;19,4;45;41;42;339;20;10,1;
2026/05/07;1800 UTC;0;982,7;983,3;982,1;1806,2;31,2;19,8;31,9;30,4;20,5;19;46;41;43;333;19,9;10,7;
2026/05/07;1900 UTC;0;982,5;982,8;981,9;332,2;29,6;19;30,5;29,1;19,3;18,7;49;42;47;320;17,4;9,3;
2026/05/07;2000 UTC;0;982,4;982,8;981,7;145,3;28,9;18,8;29,1;28,7;18,9;18,6;51;48;49;212;16,4;7,9;
2026/05/07;2100 UTC;5,1;983,4;984,8;981,9;13,2;25;19,3;28,7;20,7;20;18,5;96;50;72;276;19,1;3,6;
2026/05/07;2200 UTC;;;;;;;;;;;;;;;;;;
2026/05/07;2300 UTC;4,7;985,7;986,8;984,5;0;19,7;19;20,4;18,7;20;18;98;95;97;278;9,7;3,4;
2026/05/08;0000 UTC;2,4;987,1;988,8;984,7;1,1;17,7;16,7;18,7;16,6;18,2;15;98;92;95;246;16;4,9;
2026/05/08;0100 UTC;1,4;987,8;989,6;984,1;0;16,5;15,3;16,7;16,2;15,7;14;96;88;94;255;11,1;5,4;
2026/05/08;0200 UTC;1;990,5;992,5;989,5;0;14,9;13,2;16,1;14,1;14,1;12,2;93;85;91;270;10,5;,2;
2026/05/08;0300 UTC;3,2;991,8;992,6;990,5;0;13,6;12,7;14,2;13,4;13;12,3;98;91;95;270;2,3;;
2026/05/08;0400 UTC;,8;991,6;992,2;991,1;0;13,6;13;13,6;13,4;13,1;12,8;98;96;97;270;;;
2026/05/08;0500 UTC;,4;991,8;992,1;991,5;0;13,5;12,3;13,7;13,3;13,2;11,7;98;91;94;297;5,1;2,8;
2026/05/08;0600 UTC;0;992,2;992,7;991,7;0;13,3;12;13,5;13,2;12,3;11,5;95;91;93;282;5,6;3,2;
2026/05/08;0700 UTC;0;992,8;993,1;992,3;0;12,3;9,7;13,3;11,6;11,4;8,8;91;86;87;286;6,2;2,9;
2026/05/08;0800 UTC;0;993,4;993,8;993,1;0;11,3;9,1;11,6;11,2;9,4;8,9;90;87;89;301;7,6;3,8;
2026/05/08;0900 UTC;0;994;994,2;993,7;0;10,9;8,8;11,2;10,7;9;8,5;90;89;89;308;6,9;3,9;
2026/05/08;1000 UTC;0;994,3;994,5;994,1;0;10,6;8,2;10,7;10,4;8,6;8;89;87;88;308;5,9;3,2;
2026/05/08;1100 UTC;0;994,6;995;994,3;69,2;10,5;8,2;10,9;10,3;8,3;7,9;90;85;89;321;5,9;3,5;
2026/05/08;1200 UTC;;;;;;;;;;;;;;;;;;
2026/05/08;1300 UTC;0;996,1;996,4;995,9;1127;12,7;7,4;13,5;12,1;8;6,4;77;66;73;302;9,7;4,1;
2026/05/08;1400 UTC;0;996,3;996,5;996,1;1641;13,7;6,7;14,4;13,2;7,7;6,1;68;61;65;313;10,5;5,1;
2026/05/08;1500 UTC;0;996,1;996,4;995,6;2164,6;14,8;7,1;15,5;13,9;8,2;6,2;67;54;61;312;10,2;5,7;
2026/05/08;1600 UTC;0;995,3;995,8;994,7;2220,6;15,8;6,3;16,5;15,4;7,3;5,6;57;47;52;294;13;5,8;
2026/05/08;1700 UTC;0;994,7;995,1;994,3;2099,7;16,4;6,2;16,9;15,8;6,9;5,7;52;46;49;307;11,5;6,2;
2026/05/08;1800 UTC;0;994,4;994,6;994,2;1812,2;16,4;5,8;17,1;15,7;6,7;5,2;51;43;47;287;10,6;4,8;
2026/05/08;1900 UTC;0;994,3;994,5;994,1;1208;15,9;5,8;16,6;15,2;6,3;5,4;55;47;50;281;10,8;4,9;
2026/05/08;2000 UTC;0;994,6;994,8;994,4;618,1;15,4;5,8;15,8;15,1;6,3;5,3;55;50;52;280;8,7;3,7;
2026/05/08;2100 UTC;0;994,9;995,2;994,4;143,6;14,3;4,8;15,3;13,4;5,8;4,4;56;49;52;280;7,7;3;
2026/05/08;2200 UTC;0;995,8;996,3;995,2;0;12,5;4,6;13,4;11,7;4,9;4;65;56;61;271;5,2;2,3;
2026/05/08;2300 UTC;0;996,8;997,3;996,3;0;11,1;3,6;11,8;10,4;4;3,2;65;60;62;286;3,5;1,2;
2026/05/09;0000 UTC;0;997,7;998,2;997,3;0;9,4;3,8;10,5;8,9;4,5;3,1;77;64;72;325;3,6;1,6;
2026/05/09;0100 UTC;0;998,4;998,5;998,2;0;8,9;4,1;9,1;8,7;4,5;3,8;79;74;76;304;2,4;1,4;
2026/05/09;0200 UTC;0;999,1;999,3;998,9;0;8,2;4,2;8,3;8;4,6;3,8;83;78;80;302;2,7;1;
2026/05/09;0300 UTC;0;999,1;999,2;999;0;8,1;4,2;8,1;8;4,3;4,1;81;80;81;299;2,7;1;
2026/05/09;0400 UTC;0;1000;1000,1;1000;0;7,5;3,8;7,6;7,5;4;3,7;82;81;81;299;1,8;1,1;
2026/05/09;0500 UTC;0;1000,7;1000,8;1000,6;0;7,2;4,3;7,2;7,2;4,4;4,2;86;85;85;295;2,2;1,4;
2026/05/09;0600 UTC;;;;;;;;;;;;;;;;;;
2026/05/09;0700 UTC;;;;;;;;;;;;;;;;;;
2026/05/09;0800 UTC;;;;;;;;;;;;;;;;;;
2026/05/09;0900 UTC;;;;;;;;;;;;;;;;;;
2026/05/09;1000 UTC;0;1001,3;1001,6;1001;0;7,7;3,9;8,4;7,1;4,6;3;87;73;81;275;4,2;2,2;
2026/05/09;1100 UTC;0;1002,1;1003;1001,4;63,3;8,3;3,8;8,8;7,8;4,9;2,8;85;72;77;330;4,8;2,6;
2026/05/09;1200 UTC;0;1002,8;1003,2;1002,6;694,2;9,2;4,6;11,1;7,9;5,2;4;84;65;77;324;5,9;2,5;
2026/05/09;1300 UTC;0;1003,1;1003,3;1003;1658,4;12,5;4,3;14;11,1;5,2;1,8;69;39;59;318;5,9;3,7;
2026/05/09;1400 UTC;0;1003,5;1003,7;1003,1;2144,3;14,5;3,1;15;13,9;3,8;2,1;47;39;43;267;8,9;4,9;
2026/05/09;1500 UTC;0;1003,6;1004,1;1003,2;2792,3;14,5;3,5;15;14;4,4;2,3;50;41;45;268;10,3;4,7;
2026/05/09;1600 UTC;0;1003,9;1004,1;1003,5;2178,8;14,4;3,8;15,2;13,7;4,6;3,1;50;44;47;274;9,2;4,3;
2026/05/09;1700 UTC;0;1003,5;1003,9;1003,2;2465,5;15,1;4,5;15,6;14,7;5,4;3,8;51;43;47;273;8,6;4,5;
2026/05/09;1800 UTC;0;1003,4;1003,6;1003,2;1992,8;14,9;5;15,2;14,4;5,6;4,3;54;47;51;263;9;4,8;
2026/05/09;1900 UTC;0;1003,8;1004,2;1003,5;1584,5;14,4;5,3;15;13,7;5,8;5;58;51;55;252;9,7;4,7;
2026/05/09;2000 UTC;0;1004,4;1004,7;1004,1;538,1;12,7;5;13,7;12,1;5,4;4,7;66;57;62;252;9,4;5,3;
2026/05/09;2100 UTC;0;1005,2;1005,5;1004,5;42,9;11,7;5,1;12,1;11,4;5,4;4,9;69;64;67;;;;
2026/05/09;2200 UTC;0;1005,7;1005,9;1005,4;0;11,1;5;11,3;11;5,3;4,8;71;69;70;;;;
2026/05/09;2300 UTC;0;1006,2;1006,6;1005,9;0;10,8;5;11;10,7;5,3;4,8;72;69;71;;;;
2026/05/10;0000 UTC;0;1007,1;1007,6;1006,6;0;10,5;5,2;10,7;10,4;5,5;5;75;72;74;;;;
2026/05/10;0100 UTC;0;1007,9;1008,6;1007,5;0;10,1;5,8;10,4;9,5;6;5,5;82;76;79;292;4;1,8;
2026/05/10;0200 UTC;0;1008,8;1008,9;1008,6;0;9,6;6,2;9,9;9,4;6,4;5,9;;82;83;257;;3;
2026/05/10;0300 UTC;0;1009,1;1009,4;1008,8;0;9,3;6,2;9,9;8,6;6,4;6,1;88;82;85;285;4,9;1,5;
2026/05/10;0400 UTC;0;1009,3;1009,7;1009,1;0;8,5;6,3;8,6;8,2;6,6;6,1;92;88;89;311;4,1;2,1;
2026/05/10;0500 UTC;0;1009,5;1009,7;1009,3;0;8,8;6,5;8,9;8,5;6,7;6,2;90;87;88;294;5,2;2,2;
2026/05/10;0600 UTC;;;;;;;;;;;;;;;;;;
2026/05/10;0700 UTC;0;1008,6;1008,8;1008,5;0;8,3;6,6;8,4;8,3;6,7;6,5;92;90;91;279;3,7;1,8;
2026/05/10;0800 UTC;0;1008,3;1008,5;1008,2;0;8,1;6,4;8,4;7,8;6,6;6,3;93;90;92;263;5,1;2,6;
2026/05/10;0900 UTC;0;1008,7;1008,9;1008,5;0;7,8;6,2;8,2;7,6;6,4;6,2;93;91;92;266;5,5;2,6;
2026/05/10;1000 UTC;0;1008,9;1008,9;1008,9;0;7,1;5,8;7,1;7,1;5,8;5,8;93;93;93;295;3;1,6;
2026/05/10;1100 UTC;0;1009;1009,3;1008,9;55,4;7;5,9;7,4;6,8;6,1;5,7;95;93;95;287;3,7;2;
2026/05/10;1200 UTC;0;1009,4;1009,5;1009,2;635,6;8,3;6,2;9,1;7,5;6,6;5,8;93;84;90;281;5,4;2,9;
2026/05/10;1300 UTC;0;1009,7;1009,8;1009,5;947,8;9,4;6,1;9,8;9,1;6,5;5,7;86;81;83;279;5,4;2,5;
2026/05/10;1400 UTC;0;1009,7;1009,9;1009,4;1566,5;10,4;5,8;11,3;9,6;6,3;4,9;82;73;77;259;5,8;2,8;
2026/05/10;1500 UTC;0;1009,1;1009,3;1008,8;2458,6;12;5,5;13;11,3;6,2;4,8;74;62;67;252;1,8;1,8;
2026/05/10;1600 UTC;0;1008,4;1008,8;1008;2019,5;13,1;4,3;13,9;12,5;6,1;2,7;67;50;56;258;5,4;3,4;
2026/05/10;1700 UTC;0;1007,8;1008;1007,4;2237,3;13,9;4;15;13,1;5;3,3;53;47;50;281;7,2;3,7;
2026/05/10;1800 UTC;0;1007,3;1007,5;1007;1720,2;14;4;14,9;13,2;4,7;3,3;54;46;50;;;;
2026/05/10;1900 UTC;0;1007,3;1007,5;1007,1;1377;14,2;4,1;14,9;13,1;4,8;3,5;54;46;49;;;;
2026/05/10;2000 UTC;0;1007,3;1007,5;1007,2;887,2;14,2;4;14,7;13,8;4,7;3,7;51;46;49;;;;
2026/05/10;2100 UTC;0;1007,6;1007,7;1007,3;184,3;12,9;4;13,8;11,6;4,3;3,6;63;50;56;;;;
2026/05/10;2200 UTC;0;1007,9;1008,1;1007,6;0;10,8;4;11,5;10;4,3;3,9;71;62;66;311;2,6;1,6;
2026/05/10;2300 UTC;0;;;;;9,4;;;;;;;;;;;;
2026/05/11;0000 UTC;0;1008,8;1009,1;1008;0;8,6;4,2;9;8,3;4,5;4,1;80;76;78;330;3,1;2;
2026/05/11;0100 UTC;0;1009,4;1009,5;1009,1;0;8,1;4,2;8,6;7,7;4,3;4,1;82;78;81;338;2,6;1,9;
2026/05/11;0200 UTC;0;1009,6;1009,7;1009,4;0;7,4;4,2;7,8;7,1;4,6;4,1;87;81;84;321;2,5;1;
2026/05/11;0300 UTC;;;;;;;;;;;;;;;;;;
2026/05/11;0400 UTC;0;1009,2;1009,2;1009,1;0;6,3;4,3;6,3;6,2;4,3;4,2;90;90;90;322;2,5;1,5;
2026/05/11;0500 UTC;;;;;;;;;;;;;;;;;;
2026/05/11;0600 UTC;;;;;;;;;;;;;;;;;;
2026/05/11;0700 UTC;;;;;;;;;;;;;;;;;;
2026/05/11;0800 UTC;;;;;;;;;;;;;;;;;;
2026/05/11;0900 UTC;;;;;;;;;;;;;;;;;;
2026/05/11;1000 UTC;;;;;;;;;;;;;;;;;;
2026/05/11;1100 UTC;;;;;;;;;;;;;;;;;;
2026/05/11;1200 UTC;;;;;;;;;;;;;;;;;;
2026/05/11;1300 UTC;;;;;;;;;;;;;;;;;;
2026/05/11;1400 UTC;;;;;;;;;;;;;;;;;;
2026/05/11;1500 UTC;;;;;;;;;;;;;;;;;;
2026/05/11;1600 UTC;;;;;;;;;;;;;;;;;;
2026/05/11;1700 UTC;;;;;;;;;;;;;;;;;;
2026/05/11;1800 UTC;;;;;;;;;;;;;;;;;;
2026/05/11;1900 UTC;;;;;;;;;;;;;;;;;;
2026/05/11;2000 UTC;;;;;;;;;;;;;;;;;;
2026/05/11;2100 UTC;;;;;;;;;;;;;;;;;;
2026/05/11;2200 UTC;;;;;;;;;;;;;;;;;;
2026/05/11;2300 UTC;;;;;;;;;;;;;;;;;;
2026/05/12;0000 UTC;;;;;;;;;;;;;;;;;;
2026/05/12;0100 UTC;;;;;;;;;;;;;;;;;;
2026/05/12;0200 UTC;;;;;;;;;;;;;;;;;;
2026/05/12;0300 UTC;;;;;;;;;;;;;;;;;;
2026/05/12;0400 UTC;;;;;;;;;;;;;;;;;;
2026/05/12;0500 UTC;;;;;;;;;;;;;;;;;;
2026/05/12;0600 UTC;;;;;;;;;;;;;;;;;;
2026/05/12;0700 UTC;;;;;;;;;;;;;;;;;;
2026/05/12;0800 UTC;;;;;;;;;;;;;;;;;;
2026/05/12;0900 UTC;;;;;;;;;;;;;;;;;;
2026/05/12;1000 UTC;;;;;;;;;;;;;;;;;;
2026/05/12;1100 UTC;;;;;;;;;;;;;;;;;;
2026/05/12;1200 UTC;;;;;;;;;;;;;;;;;;
2026/05/12;1300 UTC;;;;;;;;;;;;;;;;;;
2026/05/12;1400 UTC;;;;;;;;;;;;;;;;;;
2026/05/12;1500 UTC;;;;;;;;;;;;;;;;;;
2026/05/12;1600 UTC;;;;;;;;;;;;;;;;;;
2026/05/12;1700 UTC;;;;;;;;;;;;;;;;;;
2026/05/12;1800 UTC;;;;;;;;;;;;;;;;;;
2026/05/12;1900 UTC;;;;;;;;;;;;;;;;;;
2026/05/12;2000 UTC;;;;;;;;;;;;;;;;;;
2026/05/12;2100 UTC;;;;;;;;;;;;;;;;;;
2026/05/12;2200 UTC;;;;;;;;;;;;;;;;;;
2026/05/12;2300 UTC;;;;;;;;;;;;;;;;;;
2026/05/13;0000 UTC;;;;;;;;;;;;;;;;;;
2026/05/13;0100 UTC;;;;;;;;;;;;;;;;;;
2026/05/13;0200 UTC;;;;;;;;;;;;;;;;;;
2026/05/13;0300 UTC;;;;;;;;;;;;;;;;;;
2026/05/13;0400 UTC;;;;;;;;;;;;;;;;;;
2026/05/13;0500 UTC;;;;;;;;;;;;;;;;;;
2026/05/13;0600 UTC;;;;;;;;;;;;;;;;;;
2026/05/13;0700 UTC;;;;;;;;;;;;;;;;;;
2026/05/13;0800 UTC;;;;;;;;;;;;;;;;;;
2026/05/13;0900 UTC;;;;;;;;;;;;;;;;;;
2026/05/13;1000 UTC;;;;;;;;;;;;;;;;;;
2026/05/13;1100 UTC;;;;;;;;;;;;;;;;;;
2026/05/13;1200 UTC;;;;;;;;;;;;;;;;;;
2026/05/13;1300 UTC;;;;;;;;;;;;;;;;;;
2026/05/13;1400 UTC;;;;;;;;;;;;;;;;;;
2026/05/13;1500 UTC;;;;;;;;;;;;;;;;;;
2026/05/13;1600 UTC;;;;;;;;;;;;;;;;;;
2026/05/13;1700 UTC;;;;;;;;;;;;;;;;;;
2026/05/13;1800 UTC;;;;;;;;;;;;;;;;;;
2026/05/13;1900 UTC;;;;;;;;;;;;;;;;;;
2026/05/13;2000 UTC;;;;;;;;;;;;;;;;;;
2026/05/13;2100 UTC;;;;;;;;;;;;;;;;;;
2026/05/13;2200 UTC;;;;;;;;;;;;;;;;;;
2026/05/13;2300 UTC;;;;;;;;;;;;;;;;;;
2026/05/14;0000 UTC;;;;;;;;;;;;;;;;;;
2026/05/14;0100 UTC;;;;;;;;;;;;;;;;;;
2026/05/14;0200 UTC;;;;;;;;;;;;;;;;;;
2026/05/14;0300 UTC;;;;;;;;;;;;;;;;;;
2026/05/14;0400 UTC;;;;;;;;;;;;;;;;;;
2026/05/14;0500 UTC;;;;;;;;;;;;;;;;;;
2026/05/14;0600 UTC;;;;;;;;;;;;;;;;;;
2026/05/14;0700 UTC;;;;;;;;;;;;;;;;;;
2026/05/14;0800 UTC;;;;;;;;;;;;;;;;;;
2026/05/14;0900 UTC;;;;;;;;;;;;;;;;;;
2026/05/14;1000 UTC;;;;;;;;;;;;;;;;;;
2026/05/14;1100 UTC;;;;;;;;;;;;;;;;;;
2026/05/14;1200 UTC;;;;;;;;;;;;;;;;;;
2026/05/14;1300 UTC;;;;;;;;;;;;;;;;;;
2026/05/14;1400 UTC;;;;;;;;;;;;;;;;;;
2026/05/14;1500 UTC;;;;;;;;;;;;;;;;;;
2026/05/14;1600 UTC;;;;;;;;;;;;;;;;;;
2026/05/14;1700 UTC;;;;;;;;;;;;;;;;;;
2026/05/14;1800 UTC;;;;;;;;;;;;;;;;;;
2026/05/14;1900 UTC;;;;;;;;;;;;;;;;;;
2026/05/14;2000 UTC;;;;;;;;;;;;;;;;;;
2026/05/14;2100 UTC;;;;;;;;;;;;;;;;;;
2026/05/14;2200 UTC;;;;;;;;;;;;;;;;;;
2026/05/14;2300 UTC;;;;;;;;;;;;;;;;;;
2026/05/15;0000 UTC;;;;;;;;;;;;;;;;;;
2026/05/15;0100 UTC;;;;;;;;;;;;;;;;;;
2026/05/15;0200 UTC;;;;;;;;;;;;;;;;;;
2026/05/15;0300 UTC;;;;;;;;;;;;;;;;;;
2026/05/15;0400 UTC;;;;;;;;;;;;;;;;;;
2026/05/15;0500 UTC;;;;;;;;;;;;;;;;;;
2026/05/15;0600 UTC;;;;;;;;;;;;;;;;;;
2026/05/15;0700 UTC;;;;;;;;;;;;;;;;;;
2026/05/15;0800 UTC;;;;;;;;;;;;;;;;;;
2026/05/15;0900 UTC;;;;;;;;;;;;;;;;;;
2026/05/15;1000 UTC;;;;;;;;;;;;;;;;;;
2026/05/15;1100 UTC;;;;;;;;;;;;;;;;;;
2026/05/15;1200 UTC;;;;;;;;;;;;;;;;;;
2026/05/15;1300 UTC;;;;;;;;;;;;;;;;;;
2026/05/15;1400 UTC;;;;;;;;;;;;;;;;;;
2026/05/15;1500 UTC;;;;;;;;;;;;;;;;;;
2026/05/15;1600 UTC;;;;;;;;;;;;;;;;;;
2026/05/15;1700 UTC;;;;;;;;;;;;;;;;;;
2026/05/15;1800 UTC;;;;;;;;;;;;;;;;;;
2026/05/15;1900 UTC;;;;;;;;;;;;;;;;;;
2026/05/15;2000 UTC;;;;;;;;;;;;;;;;;;
2026/05/15;2100 UTC;;;;;;;;;;;;;;;;;;
2026/05/15;2200 UTC;;;;;;;;;;;;;;;;;;
2026/05/15;2300 UTC;;;;;;;;;;;;;;;;;;
2026/05/16;0000 UTC;;;;;;;;;;;;;;;;;;
2026/05/16;0100 UTC;;;;;;;;;;;;;;;;;;
2026/05/16;0200 UTC;;;;;;;;;;;;;;;;;;
2026/05/16;0300 UTC;;;;;;;;;;;;;;;;;;
2026/05/16;0400 UTC;;;;;;;;;;;;;;;;;;
2026/05/16;0500 UTC;;;;;;;;;;;;;;;;;;
2026/05/16;0600 UTC;;;;;;;;;;;;;;;;;;
2026/05/16;0700 UTC;;;;;;;;;;;;;;;;;;
2026/05/16;0800 UTC;;;;;;;;;;;;;;;;;;
2026/05/16;0900 UTC;;;;;;;;;;;;;;;;;;
2026/05/16;1000 UTC;;;;;;;;;;;;;;;;;;
2026/05/16;1100 UTC;;;;;;;;;;;;;;;;;;
2026/05/16;1200 UTC;;;;;;;;;;;;;;;;;;
2026/05/16;1300 UTC;;;;;;;;;;;;;;;;;;
2026/05/16;1400 UTC;;;;;;;;;;;;;;;;;;
2026/05/16;1500 UTC;;;;;;;;;;;;;;;;;;
2026/05/16;1600 UTC;;;;;;;;;;;;;;;;;;
2026/05/16;1700 UTC;;;;;;;;;;;;;;;;;;
2026/05/16;1800 UTC;;;;;;;;;;;;;;;;;;
2026/05/16;1900 UTC;;;;;;;;;;;;;;;;;;
2026/05/16;2000 UTC;;;;;;;;;;;;;;;;;;
2026/05/16;2100 UTC;;;;;;;;;;;;;;;;;;
2026/05/16;2200 UTC;;;;;;;;;;;;;;;;;;
2026/05/16;2300 UTC;;;;;;;;;;;;;;;;;;
2026/05/17;0000 UTC;;;;;;;;;;;;;;;;;;
2026/05/17;0100 UTC;;;;;;;;;;;;;;;;;;
2026/05/17;0200 UTC;;;;;;;;;;;;;;;;;;
2026/05/17;0300 UTC;;;;;;;;;;;;;;;;;;
2026/05/17;0400 UTC;;;;;;;;;;;;;;;;;;
2026/05/17;0500 UTC;;;;;;;;;;;;;;;;;;
2026/05/17;0600 UTC;;;;;;;;;;;;;;;;;;
2026/05/17;0700 UTC;;;;;;;;;;;;;;;;;;
2026/05/17;0800 UTC;;;;;;;;;;;;;;;;;;
2026/05/17;0900 UTC;;;;;;;;;;;;;;;;;;
2026/05/17;1000 UTC;;;;;;;;;;;;;;;;;;
2026/05/17;1100 UTC;;;;;;;;;;;;;;;;;;
2026/05/17;1200 UTC;;;;;;;;;;;;;;;;;;
2026/05/17;1300 UTC;;;;;;;;;;;;;;;;;;
2026/05/17;1400 UTC;;;;;;;;;;;;;;;;;;
2026/05/17;1500 UTC;;;;;;;;;;;;;;;;;;
2026/05/17;1600 UTC;;;;;;;;;;;;;;;;;;
2026/05/17;1700 UTC;;;;;;;;;;;;;;;;;;
2026/05/17;1800 UTC;;;;;;;;;;;;;;;;;;
2026/05/17;1900 UTC;;;;;;;;;;;;;;;;;;
2026/05/17;2000 UTC;;;;;;;;;;;;;;;;;;
2026/05/17;2100 UTC;;;;;;;;;;;;;;;;;;
2026/05/17;2200 UTC;;;;;;;;;;;;;;;;;;
2026/05/17;2300 UTC;;;;;;;;;;;;;;;;;;
2026/05/18;0000 UTC;;;;;;;;;;;;;;;;;;
2026/05/18;0100 UTC;;;;;;;;;;;;;;;;;;
2026/05/18;0200 UTC;;;;;;;;;;;;;;;;;;
2026/05/18;0300 UTC;;;;;;;;;;;;;;;;;;
2026/05/18;0400 UTC;;;;;;;;;;;;;;;;;;
2026/05/18;0500 UTC;;;;;;;;;;;;;;;;;;
2026/05/18;0600 UTC;;;;;;;;;;;;;;;;;;
2026/05/18;0700 UTC;;;;;;;;;;;;;;;;;;
2026/05/18;0800 UTC;;;;;;;;;;;;;;;;;;
2026/05/18;0900 UTC;;;;;;;;;;;;;;;;;;
2026/05/18;1000 UTC;;;;;;;;;;;;;;;;;;
2026/05/18;1100 UTC;;;;;;;;;;;;;;;;;;
2026/05/18;1200 UTC;;;;;;;;;;;;;;;;;;
2026/05/18;1300 UTC;;;;;;;;;;;;;;;;;;
2026/05/18;1400 UTC;;;;;;;;;;;;;;;;;;
2026/05/18;1500 UTC;;;;;;;;;;;;;;;;;;
2026/05/18;1600 UTC;;;;;;;;;;;;;;;;;;
2026/05/18;1700 UTC;;;;;;;;;;;;;;;;;;
2026/05/18;1800 UTC;;;;;;;;;;;;;;;;;;
2026/05/18;1900 UTC;;;;;;;;;;;;;;;;;;
2026/05/18;2000 UTC;;;;;;;;;;;;;;;;;;
2026/05/18;2100 UTC;;;;;;;;;;;;;;;;;;
2026/05/18;2200 UTC;;;;;;;;;;;;;;;;;;
2026/05/18;2300 UTC;;;;;;;;;;;;;;;;;;
2026/05/19;0000 UTC;;;;;;;;;;;;;;;;;;
2026/05/19;0100 UTC;;;;;;;;;;;;;;;;;;
2026/05/19;0200 UTC;;;;;;;;;;;;;;;;;;
2026/05/19;0300 UTC;;;;;;;;;;;;;;;;;;
2026/05/19;0400 UTC;;;;;;;;;;;;;;;;;;
2026/05/19;0500 UTC;;;;;;;;;;;;;;;;;;
2026/05/19;0600 UTC;;;;;;;;;;;;;;;;;;
2026/05/19;0700 UTC;;;;;;;;;;;;;;;;;;
2026/05/19;0800 UTC;;;;;;;;;;;;;;;;;;
2026/05/19;0900 UTC;;;;;;;;;;;;;;;;;;
2026/05/19;1000 UTC;;;;;;;;;;;;;;;;;;
2026/05/19;1100 UTC;;;;;;;;;;;;;;;;;;
2026/05/19;1200 UTC;;;;;;;;;;;;;;;;;;
2026/05/19;1300 UTC;;;;;;;;;;;;;;;;;;
2026/05/19;1400 UTC;;;;;;;;;;;;;;;;;;
2026/05/19;1500 UTC;;;;;;;;;;;;;;;;;;
2026/05/19;1600 UTC;;;;;;;;;;;;;;;;;;
2026/05/19;1700 UTC;;;;;;;;;;;;;;;;;;
2026/05/19;1800 UTC;;;;;;;;;;;;;;;;;;
2026/05/19;1900 UTC;;;;;;;;;;;;;;;;;;
2026/05/19;2000 UTC;;;;;;;;;;;;;;;;;;
2026/05/19;2100 UTC;;;;;;;;;;;;;;;;;;
2026/05/19;2200 UTC;;;;;;;;;;;;;;;;;;
2026/05/19;2300 UTC;;;;;;;;;;;;;;;;;;
2026/05/20;0000 UTC;;;;;;;;;;;;;;;;;;
2026/05/20;0100 UTC;;;;;;;;;;;;;;;;;;
2026/05/20;0200 UTC;;;;;;;;;;;;;;;;;;
2026/05/20;0300 UTC;;;;;;;;;;;;;;;;;;
2026/05/20;0400 UTC;;;;;;;;;;;;;;;;;;
2026/05/20;0500 UTC;;;;;;;;;;;;;;;;;;
2026/05/20;0600 UTC;;;;;;;;;;;;;;;;;;
2026/05/20;0700 UTC;;;;;;;;;;;;;;;;;;
2026/05/20;0800 UTC;;;;;;;;;;;;;;;;;;
2026/05/20;0900 UTC;;;;;;;;;;;;;;;;;;
2026/05/20;1000 UTC;;;;;;;;;;;;;;;;;;
2026/05/20;1100 UTC;;;;;;;;;;;;;;;;;;
2026/05/20;1200 UTC;;;;;;;;;;;;;;;;;;
2026/05/20;1300 UTC;;;;;;;;;;;;;;;;;;
2026/05/20;1400 UTC;;;;;;;;;;;;;;;;;;
2026/05/20;1500 UTC;;;;;;;;;;;;;;;;;;
2026/05/20;1600 UTC;;;;;;;;;;;;;;;;;;
2026/05/20;1700 UTC;;;;;;;;;;;;;;;;;;
2026/05/20;1800 UTC;;;;;;;;;;;;;;;;;;
2026/05/20;1900 UTC;;;;;;;;;;;;;;;;;;
2026/05/20;2000 UTC;;;;;;;;;;;;;;;;;;
2026/05/20;2100 UTC;;;;;;;;;;;;;;;;;;
2026/05/20;2200 UTC;;;;;;;;;;;;;;;;;;
2026/05/20;2300 UTC;;;;;;;;;;;;;;;;;;
2026/05/21;0000 UTC;;;;;;;;;;;;;;;;;;
2026/05/21;0100 UTC;;;;;;;;;;;;;;;;;;
2026/05/21;0200 UTC;;;;;;;;;;;;;;;;;;
2026/05/21;0300 UTC;;;;;;;;;;;;;;;;;;
2026/05/21;0400 UTC;;;;;;;;;;;;;;;;;;
2026/05/21;0500 UTC;;;;;;;;;;;;;;;;;;
2026/05/21;0600 UTC;;;;;;;;;;;;;;;;;;
2026/05/21;0700 UTC;;;;;;;;;;;;;;;;;;
2026/05/21;0800 UTC;;;;;;;;;;;;;;;;;;
2026/05/21;0900 UTC;;;;;;;;;;;;;;;;;;
2026/05/21;1000 UTC;;;;;;;;;;;;;;;;;;
2026/05/21;1100 UTC;;;;;;;;;;;;;;;;;;
2026/05/21;1200 UTC;;;;;;;;;;;;;;;;;;
2026/05/21;1300 UTC;;;;;;;;;;;;;;;;;;
2026/05/21;1400 UTC;;;;;;;;;;;;;;;;;;
2026/05/21;1500 UTC;;;;;;;;;;;;;;;;;;
2026/05/21;1600 UTC;;;;;;;;;;;;;;;;;;
2026/05/21;1700 UTC;;;;;;;;;;;;;;;;;;
2026/05/21;1800 UTC;;;;;;;;;;;;;;;;;;
2026/05/21;1900 UTC;;;;;;;;;;;;;;;;;;
2026/05/21;2000 UTC;;;;;;;;;;;;;;;;;;
2026/05/21;2100 UTC;;;;;;;;;;;;;;;;;;
2026/05/21;2200 UTC;;;;;;;;;;;;;;;;;;
2026/05/21;2300 UTC;;;;;;;;;;;;;;;;;;
2026/05/22;0000 UTC;;;;;;;;;;;;;;;;;;
2026/05/22;0100 UTC;;;;;;;;;;;;;;;;;;
2026/05/22;0200 UTC;;;;;;;;;;;;;;;;;;
2026/05/22;0300 UTC;;;;;;;;;;;;;;;;;;
2026/05/22;0400 UTC;;;;;;;;;;;;;;;;;;
2026/05/22;0500 UTC;;;;;;;;;;;;;;;;;;
2026/05/22;0600 UTC;;;;;;;;;;;;;;;;;;
2026/05/22;0700 UTC;;;;;;;;;;;;;;;;;;
2026/05/22;0800 UTC;;;;;;;;;;;;;;;;;;
2026/05/22;0900 UTC;;;;;;;;;;;;;;;;;;
2026/05/22;1000 UTC;;;;;;;;;;;;;;;;;;
2026/05/22;1100 UTC;;;;;;;;;;;;;;;;;;
2026/05/22;1200 UTC;;;;;;;;;;;;;;;;;;
2026/05/22;1300 UTC;;;;;;;;;;;;;;;;;;
2026/05/22;1400 UTC;;;;;;;;;;;;;;;;;;
2026/05/22;1500 UTC;;;;;;;;;;;;;;;;;;
2026/05/22;1600 UTC;;;;;;;;;;;;;;;;;;
2026/05/22;1700 UTC;;;;;;;;;;;;;;;;;;
2026/05/22;1800 UTC;;;;;;;;;;;;;;;;;;
2026/05/22;1900 UTC;;;;;;;;;;;;;;;;;;
2026/05/22;2000 UTC;;;;;;;;;;;;;;;;;;
2026/05/22;2100 UTC;;;;;;;;;;;;;;;;;;
2026/05/22;2200 UTC;;;;;;;;;;;;;;;;;;
2026/05/22;2300 UTC;;;;;;;;;;;;;;;;;;
2026/05/23;0000 UTC;;;;;;;;;;;;;;;;;;
2026/05/23;0100 UTC;;;;;;;;;;;;;;;;;;
2026/05/23;0200 UTC;;;;;;;;;;;;;;;;;;
2026/05/23;0300 UTC;;;;;;;;;;;;;;;;;;
2026/05/23;0400 UTC;;;;;;;;;;;;;;;;;;
2026/05/23;0500 UTC;;;;;;;;;;;;;;;;;;
2026/05/23;0600 UTC;;;;;;;;;;;;;;;;;;
2026/05/23;0700 UTC;;;;;;;;;;;;;;;;;;
2026/05/23;0800 UTC;;;;;;;;;;;;;;;;;;
2026/05/23;0900 UTC;;;;;;;;;;;;;;;;;;
2026/05/23;1000 UTC;;;;;;;;;;;;;;;;;;
2026/05/23;1100 UTC;;;;;;;;;;;;;;;;;;
2026/05/23;1200 UTC;;;;;;;;;;;;;;;;;;
2026/05/23;1300 UTC;;;;;;;;;;;;;;;;;;
2026/05/23;1400 UTC;;;;;;;;;;;;;;;;;;
2026/05/23;1500 UTC;;;;;;;;;;;;;;;;;;
2026/05/23;1600 UTC;;;;;;;;;;;;;;;;;;
2026/05/23;1700 UTC;;;;;;;;;;;;;;;;;;
2026/05/23;1800 UTC;;;;;;;;;;;;;;;;;;
2026/05/23;1900 UTC;;;;;;;;;;;;;;;;;;
2026/05/23;2000 UTC;;;;;;;;;;;;;;;;;;
2026/05/23;2100 UTC;;;;;;;;;;;;;;;;;;
2026/05/23;2200 UTC;;;;;;;;;;;;;;;;;;
2026/05/23;2300 UTC;;;;;;;;;;;;;;;;;;
2026/05/24;0000 UTC;;;;;;;;;;;;;;;;;;
2026/05/24;0100 UTC;;;;;;;;;;;;;;;;;;
2026/05/24;0200 UTC;;;;;;;;;;;;;;;;;;
2026/05/24;0300 UTC;;;;;;;;;;;;;;;;;;
2026/05/24;0400 UTC;;;;;;;;;;;;;;;;;;
2026/05/24;0500 UTC;;;;;;;;;;;;;;;;;;
2026/05/24;0600 UTC;;;;;;;;;;;;;;;;;;
2026/05/24;0700 UTC;;;;;;;;;;;;;;;;;;
2026/05/24;0800 UTC;;;;;;;;;;;;;;;;;;
2026/05/24;0900 UTC;;;;;;;;;;;;;;;;;;
2026/05/24;1000 UTC;;;;;;;;;;;;;;;;;;
2026/05/24;1100 UTC;;;;;;;;;;;;;;;;;;
2026/05/24;1200 UTC;;;;;;;;;;;;;;;;;;
2026/05/24;1300 UTC;;;;;;;;;;;;;;;;;;
2026/05/24;1400 UTC;;;;;;;;;;;;;;;;;;
2026/05/24;1500 UTC;;;;;;;;;;;;;;;;;;
2026/05/24;1600 UTC;;;;;;;;;;;;;;;;;;
2026/05/24;1700 UTC;;;;;;;;;;;;;;;;;;
2026/05/24;1800 UTC;;;;;;;;;;;;;;;;;;
2026/05/24;1900 UTC;;;;;;;;;;;;;;;;;;
2026/05/24;2000 UTC;;;;;;;;;;;;;;;;;;
2026/05/24;2100 UTC;;;;;;;;;;;;;;;;;;
2026/05/24;2200 UTC;;;;;;;;;;;;;;;;;;
2026/05/24;2300 UTC;;;;;;;;;;;;;;;;;;
2026/05/25;0000 UTC;;;;;;;;;;;;;;;;;;
2026/05/25;0100 UTC;;;;;;;;;;;;;;;;;;
2026/05/25;0200 UTC;;;;;;;;;;;;;;;;;;
2026/05/25;0300 UTC;;;;;;;;;;;;;;;;;;
2026/05/25;0400 UTC;;;;;;;;;;;;;;;;;;
2026/05/25;0500 UTC;;;;;;;;;;;;;;;;;;
2026/05/25;0600 UTC;;;;;;;;;;;;;;;;;;
2026/05/25;0700 UTC;;;;;;;;;;;;;;;;;;
2026/05/25;0800 UTC;;;;;;;;;;;;;;;;;;
2026/05/25;0900 UTC;;;;;;;;;;;;;;;;;;
2026/05/25;1000 UTC;;;;;;;;;;;;;;;;;;
2026/05/25;1100 UTC;;;;;;;;;;;;;;;;;;
2026/05/25;1200 UTC;;;;;;;;;;;;;;;;;;
2026/05/25;1300 UTC;;;;;;;;;;;;;;;;;;
2026/05/25;1400 UTC;;;;;;;;;;;;;;;;;;
2026/05/25;1500 UTC;;;;;;;;;;;;;;;;;;
2026/05/25;1600 UTC;;;;;;;;;;;;;;;;;;
2026/05/25;1700 UTC;;;;;;;;;;;;;;;;;;
2026/05/25;1800 UTC;;;;;;;;;;;;;;;;;;
2026/05/25;1900 UTC;;;;;;;;;;;;;;;;;;
2026/05/25;2000 UTC;;;;;;;;;;;;;;;;;;
2026/05/25;2100 UTC;;;;;;;;;;;;;;;;;;
2026/05/25;2200 UTC;;;;;;;;;;;;;;;;;;
2026/05/25;2300 UTC;;;;;;;;;;;;;;;;;;
2026/05/26;0000 UTC;;;;;;;;;;;;;;;;;;
2026/05/26;0100 UTC;;;;;;;;;;;;;;;;;;
2026/05/26;0200 UTC;;;;;;;;;;;;;;;;;;
2026/05/26;0300 UTC;;;;;;;;;;;;;;;;;;
2026/05/26;0400 UTC;;;;;;;;;;;;;;;;;;
2026/05/26;0500 UTC;;;;;;;;;;;;;;;;;;
2026/05/26;0600 UTC;;;;;;;;;;;;;;;;;;
2026/05/26;0700 UTC;;;;;;;;;;;;;;;;;;
2026/05/26;0800 UTC;;;;;;;;;;;;;;;;;;
2026/05/26;0900 UTC;;;;;;;;;;;;;;;;;;
2026/05/26;1000 UTC;;;;;;;;;;;;;;;;;;
2026/05/26;1100 UTC;;;;;;;;;;;;;;;;;;
2026/05/26;1200 UTC;;;;;;;;;;;;;;;;;;
2026/05/26;1300 UTC;;;;;;;;;;;;;;;;;;
2026/05/26;1400 UTC;;;;;;;;;;;;;;;;;;
2026/05/26;1500 UTC;;;;;;;;;;;;;;;;;;
2026/05/26;1600 UTC;;;;;;;;;;;;;;;;;;
2026/05/26;1700 UTC;;;;;;;;;;;;;;;;;;
2026/05/26;1800 UTC;;;;;;;;;;;;;;;;;;
2026/05/26;1900 UTC;;;;;;;;;;;;;;;;;;
2026/05/26;2000 UTC;;;;;;;;;;;;;;;;;;
2026/05/26;2100 UTC;;;;;;;;;;;;;;;;;;
2026/05/26;2200 UTC;;;;;;;;;;;;;;;;;;
2026/05/26;2300 UTC;;;;;;;;;;;;;;;;;;
2026/05/27;0000 UTC;;;;;;;;;;;;;;;;;;
2026/05/27;0100 UTC;;;;;;;;;;;;;;;;;;
2026/05/27;0200 UTC;;;;;;;;;;;;;;;;;;
2026/05/27;0300 UTC;;;;;;;;;;;;;;;;;;
2026/05/27;0400 UTC;;;;;;;;;;;;;;;;;;
2026/05/27;0500 UTC;;;;;;;;;;;;;;;;;;
2026/05/27;0600 UTC;;;;;;;;;;;;;;;;;;
2026/05/27;0700 UTC;;;;;;;;;;;;;;;;;;
2026/05/27;0800 UTC;;;;;;;;;;;;;;;;;;
2026/05/27;0900 UTC;;;;;;;;;;;;;;;;;;
2026/05/27;1000 UTC;;;;;;;;;;;;;;;;;;
2026/05/27;1100 UTC;;;;;;;;;;;;;;;;;;
2026/05/27;1200 UTC;;;;;;;;;;;;;;;;;;
2026/05/27;1300 UTC;;;;;;;;;;;;;;;;;;
2026/05/27;1400 UTC;;;;;;;;;;;;;;;;;;
2026/05/27;1500 UTC;;;;;;;;;;;;;;;;;;
2026/05/27;1600 UTC;;;;;;;;;;;;;;;;;;
2026/05/27;1700 UTC;;;;;;;;;;;;;;;;;;
2026/05/27;1800 UTC;;;;;;;;;;;;;;;;;;
2026/05/27;1900 UTC;;;;;;;;;;;;;;;;;;
2026/05/27;2000 UTC;;;;;;;;;;;;;;;;;;
2026/05/27;2100 UTC;;;;;;;;;;;;;;;;;;
2026/05/27;2200 UTC;;;;;;;;;;;;;;;;;;
2026/05/27;2300 UTC;;;;;;;;;;;;;;;;;;
2026/05/28;0000 UTC;;;;;;;;;;;;;;;;;;
2026/05/28;0100 UTC;;;;;;;;;;;;;;;;;;
2026/05/28;0200 UTC;;;;;;;;;;;;;;;;;;
2026/05/28;0300 UTC;;;;;;;;;;;;;;;;;;
2026/05/28;0400 UTC;;;;;;;;;;;;;;;;;;
2026/05/28;0500 UTC;;;;;;;;;;;;;;;;;;
2026/05/28;0600 UTC;;;;;;;;;;;;;;;;;;
2026/05/28;0700 UTC;;;;;;;;;;;;;;;;;;
2026/05/28;0800 UTC;;;;;;;;;;;;;;;;;;
2026/05/28;0900 UTC;;;;;;;;;;;;;;;;;;
2026/05/28;1000 UTC;;;;;;;;;;;;;;;;;;
2026/05/28;1100 UTC;;;;;;;;;;;;;;;;;;
2026/05/28;1200 UTC;;;;;;;;;;;;;;;;;;
2026/05/28;1300 UTC;;;;;;;;;;;;;;;;;;
2026/05/28;1400 UTC;;;;;;;;;;;;;;;;;;
2026/05/28;1500 UTC;;;;;;;;;;;;;;;;;;
2026/05/28;1600 UTC;;;;;;;;;;;;;;;;;;
2026/05/28;1700 UTC;;;;;;;;;;;;;;;;;;
2026/05/28;1800 UTC;;;;;;;;;;;;;;;;;;
2026/05/28;1900 UTC;;;;;;;;;;;;;;;;;;
2026/05/28;2000 UTC;;;;;;;;;;;;;;;;;;
2026/05/28;2100 UTC;;;;;;;;;;;;;;;;;;
2026/05/28;2200 UTC;;;;;;;;;;;;;;;;;;
2026/05/28;2300 UTC;;;;;;;;;;;;;;;;;;
2026/05/29;0000 UTC;;;;;;;;;;;;;;;;;;
2026/05/29;0100 UTC;;;;;;;;;;;;;;;;;;
2026/05/29;0200 UTC;;;;;;;;;;;;;;;;;;
2026/05/29;0300 UTC;;;;;;;;;;;;;;;;;;
2026/05/29;0400 UTC;;;;;;;;;;;;;;;;;;
2026/05/29;0500 UTC;;;;;;;;;;;;;;;;;;
2026/05/29;0600 UTC;;;;;;;;;;;;;;;;;;
2026/05/29;0700 UTC;;;;;;;;;;;;;;;;;;
2026/05/29;0800 UTC;;;;;;;;;;;;;;;;;;
2026/05/29;0900 UTC;;;;;;;;;;;;;;;;;;
2026/05/29;1000 UTC;;;;;;;;;;;;;;;;;;
2026/05/29;1100 UTC;;;;;;;;;;;;;;;;;;
2026/05/29;1200 UTC;;;;;;;;;;;;;;;;;;
2026/05/29;1300 UTC;;;;;;;;;;;;;;;;;;
2026/05/29;1400 UTC;;;;;;;;;;;;;;;;;;
2026/05/29;1500 UTC;;;;;;;;;;;;;;;;;;
2026/05/29;1600 UTC;;;;;;;;;;;;;;;;;;
2026/05/29;1700 UTC;;;;;;;;;;;;;;;;;;
2026/05/29;1800 UTC;;;;;;;;;;;;;;;;;;
2026/05/29;1900 UTC;;;;;;;;;;;;;;;;;;
2026/05/29;2000 UTC;;;;;;;;;;;;;;;;;;
2026/05/29;2100 UTC;;;;;;;;;;;;;;;;;;
2026/05/29;2200 UTC;;;;;;;;;;;;;;;;;;
2026/05/29;2300 UTC;;;;;;;;;;;;;;;;;;
2026/05/30;0000 UTC;;;;;;;;;;;;;;;;;;
2026/05/30;0100 UTC;;;;;;;;;;;;;;;;;;
2026/05/30;0200 UTC;;;;;;;;;;;;;;;;;;
2026/05/30;0300 UTC;;;;;;;;;;;;;;;;;;
2026/05/30;0400 UTC;;;;;;;;;;;;;;;;;;
2026/05/30;0500 UTC;;;;;;;;;;;;;;;;;;
2026/05/30;0600 UTC;;;;;;;;;;;;;;;;;;
2026/05/30;0700 UTC;;;;;;;;;;;;;;;;;;
2026/05/30;0800 UTC;;;;;;;;;;;;;;;;;;
2026/05/30;0900 UTC;;;;;;;;;;;;;;;;;;
2026/05/30;1000 UTC;;;;;;;;;;;;;;;;;;
2026/05/30;1100 UTC;;;;;;;;;;;;;;;;;;
2026/05/30;1200 UTC;;;;;;;;;;;;;;;;;;
2026/05/30;1300 UTC;;;;;;;;;;;;;;;;;;
2026/05/30;1400 UTC;;;;;;;;;;;;;;;;;;
2026/05/30;1500 UTC;;;;;;;;;;;;;;;;;;
2026/05/30;1600 UTC;;;;;;;;;;;;;;;;;;
2026/05/30;1700 UTC;;;;;;;;;;;;;;;;;;
2026/05/30;1800 UTC;;;;;;;;;;;;;;;;;;
2026/05/30;1900 UTC;;;;;;;;;;;;;;;;;;
2026/05/30;2000 UTC;;;;;;;;;;;;;;;;;;
2026/05/30;2100 UTC;;;;;;;;;;;;;;;;;;
2026/05/30;2200 UTC;;;;;;;;;;;;;;;;;;
2026/05/30;2300 UTC;;;;;;;;;;;;;;;;;;
2026/05/31;0000 UTC;;;;;;;;;;;;;;;;;;
2026/05/31;0100 UTC;;;;;;;;;;;;;;;;;;
2026/05/31;0200 UTC;;;;;;;;;;;;;;;;;;
2026/05/31;0300 UTC;;;;;;;;;;;;;;;;;;
2026/05/31;0400 UTC;;;;;;;;;;;;;;;;;;
2026/05/31;0500 UTC;;;;;;;;;;;;;;;;;;
2026/05/31;0600 UTC;;;;;;;;;;;;;;;;;;
2026/05/31;0700 UTC;;;;;;;;;;;;;;;;;;
2026/05/31;0800 UTC;;;;;;;;;;;;;;;;;;
2026/05/31;0900 UTC;;;;;;;;;;;;;;;;;;
2026/05/31;1000 UTC;;;;;;;;;;;;;;;;;;
2026/05/31;1100 UTC;;;;;;;;;;;;;;;;;;
2026/05/31;1200 UTC;;;;;;;;;;;;;;;;;;
2026/05/31;1300 UTC;;;;;;;;;;;;;;;;;;
2026/05/31;1400 UTC;;;;;;;;;;;;;;;;;;
2026/05/31;1500 UTC;;;;;;;;;;;;;;;;;;
2026/05/31;1600 UTC;;;;;;;;;;;;;;;;;;
2026/05/31;1700 UTC;;;;;;;;;;;;;;;;;;
2026/05/31;1800 UTC;;;;;;;;;;;;;;;;;;
2026/05/31;1900 UTC;;;;;;;;;;;;;;;;;;
2026/05/31;2000 UTC;;;;;;;;;;;;;;;;;;
2026/05/31;2100 UTC;;;;;;;;;;;;;;;;;;
2026/05/31;2200 UTC;;;;;;;;;;;;;;;;;;
2026/05/31;2300 UTC;;;;;;;;;;;;;;;;;;
2026/06/01;0000 UTC;;;;;;;;;;;;;;;;;;
2026/06/01;0100 UTC;;;;;;;;;;;;;;;;;;
2026/06/01;0200 UTC;;;;;;;;;;;;;;;;;;
2026/06/01;0300 UTC;;;;;;;;;;;;;;;;;;
2026/06/01;0400 UTC;;;;;;;;;;;;;;;;;;
2026/06/01;0500 UTC;;;;;;;;;;;;;;;;;;
2026/06/01;0600 UTC;;;;;;;;;;;;;;;;;;
2026/06/01;0700 UTC;;;;;;;;;;;;;;;;;;
2026/06/01;0800 UTC;;;;;;;;;;;;;;;;;;
2026/06/01;0900 UTC;;;;;;;;;;;;;;;;;;
2026/06/01;1000 UTC;;;;;;;;;;;;;;;;;;
2026/06/01;1100 UTC;;;;;;;;;;;;;;;;;;
2026/06/01;1200 UTC;;;;;;;;;;;;;;;;;;
2026/06/01;1300 UTC;;;;;;;;;;;;;;;;;;
2026/06/01;1400 UTC;;;;;;;;;;;;;;;;;;
2026/06/01;1500 UTC;;;;;;;;;;;;;;;;;;
2026/06/01;1600 UTC;;;;;;;;;;;;;;;;;;
2026/06/01;1700 UTC;;;;;;;;;;;;;;;;;;
2026/06/01;1800 UTC;;;;;;;;;;;;;;;;;;
2026/06/01;1900 UTC;;;;;;;;;;;;;;;;;;
2026/06/01;2000 UTC;;;;;;;;;;;;;;;;;;
2026/06/01;2100 UTC;;;;;;;;;;;;;;;;;;
2026/06/01;2200 UTC;;;;;;;;;;;;;;;;;;
2026/06/01;2300 UTC;;;;;;;;;;;;;;;;;;
2026/06/02;0000 UTC;;;;;;;;;;;;;;;;;;
2026/06/02;0100 UTC;;;;;;;;;;;;;;;;;;
2026/06/02;0200 UTC;;;;;;;;;;;;;;;;;;
2026/06/02;0300 UTC;;;;;;;;;;;;;;;;;;
2026/06/02;0400 UTC;;;;;;;;;;;;;;;;;;
2026/06/02;0500 UTC;;;;;;;;;;;;;;;;;;
2026/06/02;0600 UTC;;;;;;;;;;;;;;;;;;
2026/06/02;0700 UTC;;;;;;;;;;;;;;;;;;
2026/06/02;0800 UTC;;;;;;;;;;;;;;;;;;
2026/06/02;0900 UTC;;;;;;;;;;;;;;;;;;
2026/06/02;1000 UTC;;;;;;;;;;;;;;;;;;
2026/06/02;1100 UTC;;;;;;;;;;;;;;;;;;
2026/06/02;1200 UTC;;;;;;;;;;;;;;;;;;
2026/06/02;1300 UTC;;;;;;;;;;;;;;;;;;
2026/06/02;1400 UTC;;;;;;;;;;;;;;;;;;
2026/06/02;1500 UTC;;;;;;;;;;;;;;;;;;
2026/06/02;1600 UTC;;;;;;;;;;;;;;;;;;
2026/06/02;1700 UTC;;;;;;;;;;;;;;;;;;
2026/06/02;1800 UTC;;;;;;;;;;;;;;;;;;
2026/06/02;1900 UTC;;;;;;;;;;;;;;;;;;
2026/06/02;2000 UTC;;;;;;;;;;;;;;;;;;
2026/06/02;2100 UTC;;;;;;;;;;;;;;;;;;
2026/06/02;2200 UTC;;;;;;;;;;;;;;;;;;
2026/06/02;2300 UTC;;;;;;;;;;;;;;;;;;
2026/06/03;0000 UTC;;;;;;;;;;;;;;;;;;
2026/06/03;0100 UTC;;;;;;;;;;;;;;;;;;
2026/06/03;0200 UTC;;;;;;;;;;;;;;;;;;
2026/06/03;0300 UTC;;;;;;;;;;;;;;;;;;
2026/06/03;0400 UTC;;;;;;;;;;;;;;;;;;
2026/06/03;0500 UTC;;;;;;;;;;;;;;;;;;
2026/06/03;0600 UTC;;;;;;;;;;;;;;;;;;
2026/06/03;0700 UTC;;;;;;;;;;;;;;;;;;
2026/06/03;0800 UTC;;;;;;;;;;;;;;;;;;
2026/06/03;0900 UTC;;;;;;;;;;;;;;;;;;
2026/06/03;1000 UTC;;;;;;;;;;;;;;;;;;
2026/06/03;1100 UTC;;;;;;;;;;;;;;;;;;
2026/06/03;1200 UTC;;;;;;;;;;;;;;;;;;
2026/06/03;1300 UTC;;;;;;;;;;;;;;;;;;
2026/06/03;1400 UTC;;;;;;;;;;;;;;;;;;
2026/06/03;1500 UTC;;;;;;;;;;;;;;;;;;
2026/06/03;1600 UTC;;;;;;;;;;;;;;;;;;
2026/06/03;1700 UTC;;;;;;;;;;;;;;;;;;
2026/06/03;1800 UTC;;;;;;;;;;;;;;;;;;
2026/06/03;1900 UTC;;;;;;;;;;;;;;;;;;
2026/06/03;2000 UTC;;;;;;;;;;;;;;;;;;
2026/06/03;2100 UTC;;;;;;;;;;;;;;;;;;
2026/06/03;2200 UTC;;;;;;;;;;;;;;;;;;
2026/06/03;2300 UTC;;;;;;;;;;;;;;;;;;
2026/06/04;0000 UTC;;;;;;;;;;;;;;;;;;
2026/06/04;0100 UTC;;;;;;;;;;;;;;;;;;
2026/06/04;0200 UTC;;;;;;;;;;;;;;;;;;
2026/06/04;0300 UTC;;;;;;;;;;;;;;;;;;
2026/06/04;0400 UTC;;;;;;;;;;;;;;;;;;
2026/06/04;0500 UTC;;;;;;;;;;;;;;;;;;
2026/06/04;0600 UTC;;;;;;;;;;;;;;;;;;
2026/06/04;0700 UTC;;;;;;;;;;;;;;;;;;
2026/06/04;0800 UTC;;;;;;;;;;;;;;;;;;
2026/06/04;0900 UTC;;;;;;;;;;;;;;;;;;
2026/06/04;1000 UTC;;;;;;;;;;;;;;;;;;
2026/06/04;1100 UTC;;;;;;;;;;;;;;;;;;
2026/06/04;1200 UTC;;;;;;;;;;;;;;;;;;
2026/06/04;1300 UTC;;;;;;;;;;;;;;;;;;
2026/06/04;1400 UTC;;;;;;;;;;;;;;;;;;
2026/06/04;1500 UTC;;;;;;;;;;;;;;;;;;
2026/06/04;1600 UTC;;;;;;;;;;;;;;;;;;
2026/06/04;1700 UTC;;;;;;;;;;;;;;;;;;
2026/06/04;1800 UTC;;;;;;;;;;;;;;;;;;
2026/06/04;1900 UTC;;;;;;;;;;;;;;;;;;
2026/06/04;2000 UTC;;;;;;;;;;;;;;;;;;
2026/06/04;2100 UTC;;;;;;;;;;;;;;;;;;
2026/06/04;2200 UTC;;;;;;;;;;;;;;;;;;
2026/06/04;2300 UTC;;;;;;;;;;;;;;;;;;
2026/06/05;0000 UTC;;;;;;;;;;;;;;;;;;
2026/06/05;0100 UTC;;;;;;;;;;;;;;;;;;
2026/06/05;0200 UTC;;;;;;;;;;;;;;;;;;
2026/06/05;0300 UTC;;;;;;;;;;;;;;;;;;
2026/06/05;0400 UTC;;;;;;;;;;;;;;;;;;
2026/06/05;0500 UTC;;;;;;;;;;;;;;;;;;
2026/06/05;0600 UTC;;;;;;;;;;;;;;;;;;
2026/06/05;0700 UTC;;;;;;;;;;;;;;;;;;
2026/06/05;0800 UTC;;;;;;;;;;;;;;;;;;
2026/06/05;0900 UTC;;;;;;;;;;;;;;;;;;
2026/06/05;1000 UTC;;;;;;;;;;;;;;;;;;
2026/06/05;1100 UTC;;;;;;;;;;;;;;;;;;
2026/06/05;1200 UTC;;;;;;;;;;;;;;;;;;
2026/06/05;1300 UTC;;;;;;;;;;;;;;;;;;
2026/06/05;1400 UTC;;;;;;;;;;;;;;;;;;
2026/06/05;1500 UTC;;;;;;;;;;;;;;;;;;
2026/06/05;1600 UTC;;;;;;;;;;;;;;;;;;
2026/06/05;1700 UTC;;;;;;;;;;;;;;;;;;
2026/06/05;1800 UTC;;;;;;;;;;;;;;;;;;
2026/06/05;1900 UTC;;;;;;;;;;;;;;;;;;
2026/06/05;2000 UTC;;;;;;;;;;;;;;;;;;
2026/06/05;2100 UTC;;;;;;;;;;;;;;;;;;
2026/06/05;2200 UTC;;;;;;;;;;;;;;;;;;
2026/06/05;2300 UTC;;;;;;;;;;;;;;;;;;
2026/06/06;0000 UTC;;;;;;;;;;;;;;;;;;
2026/06/06;0100 UTC;;;;;;;;;;;;;;;;;;
2026/06/06;0200 UTC;;;;;;;;;;;;;;;;;;
2026/06/06;0300 UTC;;;;;;;;;;;;;;;;;;
2026/06/06;0400 UTC;;;;;;;;;;;;;;;;;;
2026/06/06;0500 UTC;;;;;;;;;;;;;;;;;;
2026/06/06;0600 UTC;;;;;;;;;;;;;;;;;;
2026/06/06;0700 UTC;;;;;;;;;;;;;;;;;;
2026/06/06;0800 UTC;;;;;;;;;;;;;;;;;;
2026/06/06;0900 UTC;;;;;;;;;;;;;;;;;;
2026/06/06;1000 UTC;;;;;;;;;;;;;;;;;;
2026/06/06;1100 UTC;;;;;;;;;;;;;;;;;;
2026/06/06;1200 UTC;;;;;;;;;;;;;;;;;;
2026/06/06;1300 UTC;;;;;;;;;;;;;;;;;;
2026/06/06;1400 UTC;;;;;;;;;;;;;;;;;;
2026/06/06;1500 UTC;;;;;;;;;;;;;;;;;;
2026/06/06;1600 UTC;;;;;;;;;;;;;;;;;;
2026/06/06;1700 UTC;;;;;;;;;;;;;;;;;;
2026/06/06;1800 UTC;;;;;;;;;;;;;;;;;;
2026/06/06;1900 UTC;;;;;;;;;;;;;;;;;;
2026/06/06;2000 UTC;;;;;;;;;;;;;;;;;;
2026/06/06;2100 UTC;;;;;;;;;;;;;;;;;;
2026/06/06;2200 UTC;;;;;;;;;;;;;;;;;;
2026/06/06;2300 UTC;;;;;;;;;;;;;;;;;;
2026/06/07;0000 UTC;;;;;;;;;;;;;;;;;;
2026/06/07;0100 UTC;;;;;;;;;;;;;;;;;;
2026/06/07;0200 UTC;;;;;;;;;;;;;;;;;;
2026/06/07;0300 UTC;;;;;;;;;;;;;;;;;;
2026/06/07;0400 UTC;;;;;;;;;;;;;;;;;;
2026/06/07;0500 UTC;;;;;;;;;;;;;;;;;;
2026/06/07;0600 UTC;;;;;;;;;;;;;;;;;;
2026/06/07;0700 UTC;;;;;;;;;;;;;;;;;;
2026/06/07;0800 UTC;;;;;;;;;;;;;;;;;;
2026/06/07;0900 UTC;;;;;;;;;;;;;;;;;;
2026/06/07;1000 UTC;;;;;;;;;;;;;;;;;;
2026/06/07;1100 UTC;;;;;;;;;;;;;;;;;;
2026/06/07;1200 UTC;;;;;;;;;;;;;;;;;;
2026/06/07;1300 UTC;;;;;;;;;;;;;;;;;;
2026/06/07;1400 UTC;;;;;;;;;;;;;;;;;;
2026/06/07;1500 UTC;;;;;;;;;;;;;;;;;;
2026/06/07;1600 UTC;;;;;;;;;;;;;;;;;;
2026/06/07;1700 UTC;;;;;;;;;;;;;;;;;;
2026/06/07;1800 UTC;;;;;;;;;;;;;;;;;;
2026/06/07;1900 UTC;;;;;;;;;;;;;;;;;;
2026/06/07;2000 UTC;;;;;;;;;;;;;;;;;;
2026/06/07;2100 UTC;;;;;;;;;;;;;;;;;;
2026/06/07;2200 UTC;;;;;;;;;;;;;;;;;;
2026/06/07;2300 UTC;;;;;;;;;;;;;;;;;;
2026/06/08;0000 UTC;;;;;;;;;;;;;;;;;;
2026/06/08;0100 UTC;;;;;;;;;;;;;;;;;;
2026/06/08;0200 UTC;;;;;;;;;;;;;;;;;;
2026/06/08;0300 UTC;;;;;;;;;;;;;;;;;;
2026/06/08;0400 UTC;;;;;;;;;;;;;;;;;;
2026/06/08;0500 UTC;;;;;;;;;;;;;;;;;;
2026/06/08;0600 UTC;;;;;;;;;;;;;;;;;;
2026/06/08;0700 UTC;;;;;;;;;;;;;;;;;;
2026/06/08;0800 UTC;;;;;;;;;;;;;;;;;;
2026/06/08;0900 UTC;;;;;;;;;;;;;;;;;;
2026/06/08;1000 UTC;;;;;;;;;;;;;;;;;;
2026/06/08;1100 UTC;;;;;;;;;;;;;;;;;;
2026/06/08;1200 UTC;;;;;;;;;;;;;;;;;;
2026/06/08;1300 UTC;;;;;;;;;;;;;;;;;;
2026/06/08;1400 UTC;;;;;;;;;;;;;;;;;;
2026/06/08;1500 UTC;;;;;;;;;;;;;;;;;;
2026/06/08;1600 UTC;;;;;;;;;;;;;;;;;;
2026/06/08;1700 UTC;;;;;;;;;;;;;;;;;;
2026/06/08;1800 UTC;;;;;;;;;;;;;;;;;;
2026/06/08;1900 UTC;;;;;;;;;;;;;;;;;;
2026/06/08;2000 UTC;;;;;;;;;;;;;;;;;;
2026/06/08;2100 UTC;;;;;;;;;;;;;;;;;;
2026/06/08;2200 UTC;;;;;;;;;;;;;;;;;;
2026/06/08;2300 UTC;;;;;;;;;;;;;;;;;;
2026/06/09;0000 UTC;;;;;;;;;;;;;;;;;;
2026/06/09;0100 UTC;;;;;;;;;;;;;;;;;;
2026/06/09;0200 UTC;;;;;;;;;;;;;;;;;;
2026/06/09;0300 UTC;;;;;;;;;;;;;;;;;;
2026/06/09;0400 UTC;;;;;;;;;;;;;;;;;;
2026/06/09;0500 UTC;;;;;;;;;;;;;;;;;;
2026/06/09;0600 UTC;;;;;;;;;;;;;;;;;;
2026/06/09;0700 UTC;;;;;;;;;;;;;;;;;;
2026/06/09;0800 UTC;;;;;;;;;;;;;;;;;;
2026/06/09;0900 UTC;;;;;;;;;;;;;;;;;;
2026/06/09;1000 UTC;;;;;;;;;;;;;;;;;;
2026/06/09;1100 UTC;;;;;;;;;;;;;;;;;;
2026/06/09;1200 UTC;;;;;;;;;;;;;;;;;;
2026/06/09;1300 UTC;;;;;;;;;;;;;;;;;;
2026/06/09;1400 UTC;;;;;;;;;;;;;;;;;;
2026/06/09;1500 UTC;;;;;;;;;;;;;;;;;;
2026/06/09;1600 UTC;;;;;;;;;;;;;;;;;;
2026/06/09;1700 UTC;;;;;;;;;;;;;;;;;;
2026/06/09;1800 UTC;;;;;;;;;;;;;;;;;;
2026/06/09;1900 UTC;;;;;;;;;;;;;;;;;;
2026/06/09;2000 UTC;;;;;;;;;;;;;;;;;;
2026/06/09;2100 UTC;;;;;;;;;;;;;;;;;;
2026/06/09;2200 UTC;;;;;;;;;;;;;;;;;;
2026/06/09;2300 UTC;;;;;;;;;;;;;;;;;;
2026/06/10;0000 UTC;;;;;;;;;;;;;;;;;;
2026/06/10;0100 UTC;;;;;;;;;;;;;;;;;;
2026/06/10;0200 UTC;;;;;;;;;;;;;;;;;;
2026/06/10;0300 UTC;;;;;;;;;;;;;;;;;;
2026/06/10;0400 UTC;;;;;;;;;;;;;;;;;;
2026/06/10;0500 UTC;;;;;;;;;;;;;;;;;;
2026/06/10;0600 UTC;;;;;;;;;;;;;;;;;;
2026/06/10;0700 UTC;;;;;;;;;;;;;;;;;;
2026/06/10;0800 UTC;;;;;;;;;;;;;;;;;;
2026/06/10;0900 UTC;;;;;;;;;;;;;;;;;;
2026/06/10;1000 UTC;;;;;;;;;;;;;;;;;;
2026/06/10;1100 UTC;;;;;;;;;;;;;;;;;;
2026/06/10;1200 UTC;;;;;;;;;;;;;;;;;;
2026/06/10;1300 UTC;;;;;;;;;;;;;;;;;;
2026/06/10;1400 UTC;;;;;;;;;;;;;;;;;;
2026/06/10;1500 UTC;;;;;;;;;;;;;;;;;;
2026/06/10;1600 UTC;;;;;;;;;;;;;;;;;;
2026/06/10;1700 UTC;;;;;;;;;;;;;;;;;;
2026/06/10;1800 UTC;;;;;;;;;;;;;;;;;;
2026/06/10;1900 UTC;;;;;;;;;;;;;;;;;;
2026/06/10;2000 UTC;;;;;;;;;;;;;;;;;;
2026/06/10;2100 UTC;;;;;;;;;;;;;;;;;;
2026/06/10;2200 UTC;;;;;;;;;;;;;;;;;;
2026/06/10;2300 UTC;;;;;;;;;;;;;;;;;;
2026/06/11;0000 UTC;;;;;;;;;;;;;;;;;;
2026/06/11;0100 UTC;;;;;;;;;;;;;;;;;;
2026/06/11;0200 UTC;;;;;;;;;;;;;;;;;;
2026/06/11;0300 UTC;;;;;;;;;;;;;;;;;;
2026/06/11;0400 UTC;;;;;;;;;;;;;;;;;;
2026/06/11;0500 UTC;;;;;;;;;;;;;;;;;;
2026/06/11;0600 UTC;;;;;;;;;;;;;;;;;;
2026/06/11;0700 UTC;;;;;;;;;;;;;;;;;;
2026/06/11;0800 UTC;;;;;;;;;;;;;;;;;;
2026/06/11;0900 UTC;;;;;;;;;;;;;;;;;;
2026/06/11;1000 UTC;;;;;;;;;;;;;;;;;;
2026/06/11;1100 UTC;;;;;;;;;;;;;;;;;;
2026/06/11;1200 UTC;;;;;;;;;;;;;;;;;;
2026/06/11;1300 UTC;;;;;;;;;;;;;;;;;;
2026/06/11;1400 UTC;;;;;;;;;;;;;;;;;;
2026/06/11;1500 UTC;;;;;;;;;;;;;;;;;;
2026/06/11;1600 UTC;;;;;;;;;;;;;;;;;;
2026/06/11;1700 UTC;;;;;;;;;;;;;;;;;;
2026/06/11;1800 UTC;;;;;;;;;;;;;;;;;;
2026/06/11;1900 UTC;;;;;;;;;;;;;;;;;;
2026/06/11;2000 UTC;;;;;;;;;;;;;;;;;;
2026/06/11;2100 UTC;;;;;;;;;;;;;;;;;;
2026/06/11;2200 UTC;;;;;;;;;;;;;;;;;;
2026/06/11;2300 UTC;;;;;;;;;;;;;;;;;;
2026/06/12;0000 UTC;;;;;;;;;;;;;;;;;;
2026/06/12;0100 UTC;;;;;;;;;;;;;;;;;;
2026/06/12;0200 UTC;;;;;;;;;;;;;;;;;;
2026/06/12;0300 UTC;;;;;;;;;;;;;;;;;;
2026/06/12;0400 UTC;;;;;;;;;;;;;;;;;;
2026/06/12;0500 UTC;;;;;;;;;;;;;;;;;;
2026/06/12;0600 UTC;;;;;;;;;;;;;;;;;;
2026/06/12;0700 UTC;;;;;;;;;;;;;;;;;;
2026/06/12;0800 UTC;;;;;;;;;;;;;;;;;;
2026/06/12;0900 UTC;;;;;;;;;;;;;;;;;;
2026/06/12;1000 UTC;;;;;;;;;;;;;;;;;;
2026/06/12;1100 UTC;;;;;;;;;;;;;;;;;;
2026/06/12;1200 UTC;;;;;;;;;;;;;;;;;;
2026/06/12;1300 UTC;;;;;;;;;;;;;;;;;;
2026/06/12;1400 UTC;;;;;;;;;;;;;;;;;;
2026/06/12;1500 UTC;;;;;;;;;;;;;;;;;;
2026/06/12;1600 UTC;;;;;;;;;;;;;;;;;;
2026/06/12;1700 UTC;;;;;;;;;;;;;;;;;;
2026/06/12;1800 UTC;;;;;;;;;;;;;;;;;;
2026/06/12;1900 UTC;;;;;;;;;;;;;;;;;;
2026/06/12;2000 UTC;;;;;;;;;;;;;;;;;;
2026/06/12;2100 UTC;;;;;;;;;;;;;;;;;;
2026/06/12;2200 UTC;;;;;;;;;;;;;;;;;;
2026/06/12;2300 UTC;;;;;;;;;;;;;;;;;;
2026/06/13;0000 UTC;;;;;;;;;;;;;;;;;;
2026/06/13;0100 UTC;;;;;;;;;;;;;;;;;;
2026/06/13;0200 UTC;;;;;;;;;;;;;;;;;;
2026/06/13;0300 UTC;;;;;;;;;;;;;;;;;;
2026/06/13;0400 UTC;;;;;;;;;;;;;;;;;;
2026/06/13;0500 UTC;;;;;;;;;;;;;;;;;;
2026/06/13;0600 UTC;;;;;;;;;;;;;;;;;;
2026/06/13;0700 UTC;;;;;;;;;;;;;;;;;;
2026/06/13;0800 UTC;;;;;;;;;;;;;;;;;;
2026/06/13;0900 UTC;;;;;;;;;;;;;;;;;;
2026/06/13;1000 UTC;;;;;;;;;;;;;;;;;;
2026/06/13;1100 UTC;;;;;;;;;;;;;;;;;;
2026/06/13;1200 UTC;;;;;;;;;;;;;;;;;;
2026/06/13;1300 UTC;;;;;;;;;;;;;;;;;;
2026/06/13;1400 UTC;;;;;;;;;;;;;;;;;;
2026/06/13;1500 UTC;;;;;;;;;;;;;;;;;;
2026/06/13;1600 UTC;;;;;;;;;;;;;;;;;;
2026/06/13;1700 UTC;;;;;;;;;;;;;;;;;;
2026/06/13;1800 UTC;;;;;;;;;;;;;;;;;;
2026/06/13;1900 UTC;;;;;;;;;;;;;;;;;;
2026/06/13;2000 UTC;;;;;;;;;;;;;;;;;;
2026/06/13;2100 UTC;;;;;;;;;;;;;;;;;;
2026/06/13;2200 UTC;;;;;;;;;;;;;;;;;;
2026/06/13;2300 UTC;;;;;;;;;;;;;;;;;;
2026/06/14;0000 UTC;;;;;;;;;;;;;;;;;;
2026/06/14;0100 UTC;;;;;;;;;;;;;;;;;;
2026/06/14;0200 UTC;;;;;;;;;;;;;;;;;;
2026/06/14;0300 UTC;;;;;;;;;;;;;;;;;;
2026/06/14;0400 UTC;;;;;;;;;;;;;;;;;;
2026/06/14;0500 UTC;;;;;;;;;;;;;;;;;;
2026/06/14;0600 UTC;;;;;;;;;;;;;;;;;;
2026/06/14;0700 UTC;;;;;;;;;;;;;;;;;;
2026/06/14;0800 UTC;;;;;;;;;;;;;;;;;;
2026/06/14;0900 UTC;;;;;;;;;;;;;;;;;;
2026/06/14;1000 UTC;;;;;;;;;;;;;;;;;;
2026/06/14;1100 UTC;;;;;;;;;;;;;;;;;;
2026/06/14;1200 UTC;;;;;;;;;;;;;;;;;;
2026/06/14;1300 UTC;;;;;;;;;;;;;;;;;;
2026/06/14;1400 UTC;;;;;;;;;;;;;;;;;;
2026/06/14;1500 UTC;;;;;;;;;;;;;;;;;;
2026/06/14;1600 UTC;;;;;;;;;;;;;;;;;;
2026/06/14;1700 UTC;;;;;;;;;;;;;;;;;;
2026/06/14;1800 UTC;;;;;;;;;;;;;;;;;;
2026/06/14;1900 UTC;;;;;;;;;;;;;;;;;;
2026/06/14;2000 UTC;;;;;;;;;;;;;;;;;;
2026/06/14;2100 UTC;;;;;;;;;;;;;;;;;;
2026/06/14;2200 UTC;;;;;;;;;;;;;;;;;;
2026/06/14;2300 UTC;;;;;;;;;;;;;;;;;;
2026/06/15;0000 UTC;;;;;;;;;;;;;;;;;;
2026/06/15;0100 UTC;;;;;;;;;;;;;;;;;;
2026/06/15;0200 UTC;;;;;;;;;;;;;;;;;;
2026/06/15;0300 UTC;;;;;;;;;;;;;;;;;;
2026/06/15;0400 UTC;;;;;;;;;;;;;;;;;;
2026/06/15;0500 UTC;;;;;;;;;;;;;;;;;;
2026/06/15;0600 UTC;;;;;;;;;;;;;;;;;;
2026/06/15;0700 UTC;;;;;;;;;;;;;;;;;;
2026/06/15;0800 UTC;;;;;;;;;;;;;;;;;;
2026/06/15;0900 UTC;;;;;;;;;;;;;;;;;;
2026/06/15;1000 UTC;;;;;;;;;;;;;;;;;;
2026/06/15;1100 UTC;;;;;;;;;;;;;;;;;;
2026/06/15;1200 UTC;;;;;;;;;;;;;;;;;;
2026/06/15;1300 UTC;;;;;;;;;;;;;;;;;;
2026/06/15;1400 UTC;;;;;;;;;;;;;;;;;;
2026/06/15;1500 UTC;;;;;;;;;;;;;;;;;;
2026/06/15;1600 UTC;;;;;;;;;;;;;;;;;;
2026/06/15;1700 UTC;;;;;;;;;;;;;;;;;;
2026/06/15;1800 UTC;;;;;;;;;;;;;;;;;;
2026/06/15;1900 UTC;;;;;;;;;;;;;;;;;;
2026/06/15;2000 UTC;;;;;;;;;;;;;;;;;;
2026/06/15;2100 UTC;;;;;;;;;;;;;;;;;;
2026/06/15;2200 UTC;;;;;;;;;;;;;;;;;;
2026/06/15;2300 UTC;;;;;;;;;;;;;;;;;;
2026/06/16;0000 UTC;;;;;;;;;;;;;;;;;;
2026/06/16;0100 UTC;;;;;;;;;;;;;;;;;;
2026/06/16;0200 UTC;;;;;;;;;;;;;;;;;;
2026/06/16;0300 UTC;;;;;;;;;;;;;;;;;;
2026/06/16;0400 UTC;;;;;;;;;;;;;;;;;;
2026/06/16;0500 UTC;;;;;;;;;;;;;;;;;;
2026/06/16;0600 UTC;;;;;;;;;;;;;;;;;;
2026/06/16;0700 UTC;;;;;;;;;;;;;;;;;;
2026/06/16;0800 UTC;;;;;;;;;;;;;;;;;;
2026/06/16;0900 UTC;;;;;;;;;;;;;;;;;;
2026/06/16;1000 UTC;;;;;;;;;;;;;;;;;;
2026/06/16;1100 UTC;;;;;;;;;;;;;;;;;;
2026/06/16;1200 UTC;;;;;;;;;;;;;;;;;;
2026/06/16;1300 UTC;;;;;;;;;;;;;;;;;;
2026/06/16;1400 UTC;;;;;;;;;;;;;;;;;;
2026/06/16;1500 UTC;;;;;;;;;;;;;;;;;;
2026/06/16;1600 UTC;;;;;;;;;;;;;;;;;;
2026/06/16;1700 UTC;;;;;;;;;;;;;;;;;;
2026/06/16;1800 UTC;;;;;;;;;;;;;;;;;;
2026/06/16;1900 UTC;;;;;;;;;;;;;;;;;;
2026/06/16;2000 UTC;;;;;;;;;;;;;;;;;;
2026/06/16;2100 UTC;;;;;;;;;;;;;;;;;;
2026/06/16;2200 UTC;;;;;;;;;;;;;;;;;;
2026/06/16;2300 UTC;;;;;;;;;;;;;;;;;;
2026/06/17;0000 UTC;;;;;;;;;;;;;;;;;;
2026/06/17;0100 UTC;;;;;;;;;;;;;;;;;;
2026/06/17;0200 UTC;;;;;;;;;;;;;;;;;;
2026/06/17;0300 UTC;;;;;;;;;;;;;;;;;;
2026/06/17;0400 UTC;;;;;;;;;;;;;;;;;;
2026/06/17;0500 UTC;;;;;;;;;;;;;;;;;;
2026/06/17;0600 UTC;;;;;;;;;;;;;;;;;;
2026/06/17;0700 UTC;;;;;;;;;;;;;;;;;;
2026/06/17;0800 UTC;;;;;;;;;;;;;;;;;;
2026/06/17;0900 UTC;;;;;;;;;;;;;;;;;;
2026/06/17;1000 UTC;;;;;;;;;;;;;;;;;;
2026/06/17;1100 UTC;;;;;;;;;;;;;;;;;;
2026/06/17;1200 UTC;;;;;;;;;;;;;;;;;;
2026/06/17;1300 UTC;;;;;;;;;;;;;;;;;;
2026/06/17;1400 UTC;;;;;;;;;;;;;;;;;;
2026/06/17;1500 UTC;;;;;;;;;;;;;;;;;;
2026/06/17;1600 UTC;;;;;;;;;;;;;;;;;;
2026/06/17;1700 UTC;;;;;;;;;;;;;;;;;;
2026/06/17;1800 UTC;;;;;;;;;;;;;;;;;;
2026/06/17;1900 UTC;;;;;;;;;;;;;;;;;;
2026/06/17;2000 UTC;;;;;;;;;;;;;;;;;;
2026/06/17;2100 UTC;;;;;;;;;;;;;;;;;;
2026/06/17;2200 UTC;;;;;;;;;;;;;;;;;;
2026/06/17;2300 UTC;;;;;;;;;;;;;;;;;;
2026/06/18;0000 UTC;;;;;;;;;;;;;;;;;;
2026/06/18;0100 UTC;;;;;;;;;;;;;;;;;;
2026/06/18;0200 UTC;;;;;;;;;;;;;;;;;;
2026/06/18;0300 UTC;;;;;;;;;;;;;;;;;;
2026/06/18;0400 UTC;;;;;;;;;;;;;;;;;;
2026/06/18;0500 UTC;;;;;;;;;;;;;;;;;;
2026/06/18;0600 UTC;;;;;;;;;;;;;;;;;;
2026/06/18;0700 UTC;;;;;;;;;;;;;;;;;;
2026/06/18;0800 UTC;;;;;;;;;;;;;;;;;;
2026/06/18;0900 UTC;;;;;;;;;;;;;;;;;;
2026/06/18;1000 UTC;;;;;;;;;;;;;;;;;;
2026/06/18;1100 UTC;;;;;;;;;;;;;;;;;;
2026/06/18;1200 UTC;;;;;;;;;;;;;;;;;;
2026/06/18;1300 UTC;;;;;;;;;;;;;;;;;;
2026/06/18;1400 UTC;;;;;;;;;;;;;;;;;;
2026/06/18;1500 UTC;;;;;;;;;;;;;;;;;;
2026/06/18;1600 UTC;;;;;;;;;;;;;;;;;;
2026/06/18;1700 UTC;;;;;;;;;;;;;;;;;;
2026/06/18;1800 UTC;;;;;;;;;;;;;;;;;;
2026/06/18;1900 UTC;;;;;;;;;;;;;;;;;;
2026/06/18;2000 UTC;;;;;;;;;;;;;;;;;;
2026/06/18;2100 UTC;;;;;;;;;;;;;;;;;;
2026/06/18;2200 UTC;;;;;;;;;;;;;;;;;;
2026/06/18;2300 UTC;;;;;;;;;;;;;;;;;;
2026/06/19;0000 UTC;;;;;;;;;;;;;;;;;;
2026/06/19;0100 UTC;;;;;;;;;;;;;;;;;;
2026/06/19;0200 UTC;;;;;;;;;;;;;;;;;;
2026/06/19;0300 UTC;;;;;;;;;;;;;;;;;;
2026/06/19;0400 UTC;;;;;;;;;;;;;;;;;;
2026/06/19;0500 UTC;;;;;;;;;;;;;;;;;;
2026/06/19;0600 UTC;;;;;;;;;;;;;;;;;;
2026/06/19;0700 UTC;;;;;;;;;;;;;;;;;;
2026/06/19;0800 UTC;;;;;;;;;;;;;;;;;;
2026/06/19;0900 UTC;;;;;;;;;;;;;;;;;;
2026/06/19;1000 UTC;;;;;;;;;;;;;;;;;;
2026/06/19;1100 UTC;;;;;;;;;;;;;;;;;;
2026/06/19;1200 UTC;;;;;;;;;;;;;;;;;;
2026/06/19;1300 UTC;;;;;;;;;;;;;;;;;;
2026/06/19;1400 UTC;;;;;;;;;;;;;;;;;;
2026/06/19;1500 UTC;;;;;;;;;;;;;;;;;;
2026/06/19;1600 UTC;;;;;;;;;;;;;;;;;;
2026/06/19;1700 UTC;;;;;;;;;;;;;;;;;;
2026/06/19;1800 UTC;;;;;;;;;;;;;;;;;;
2026/06/19;1900 UTC;;;;;;;;;;;;;;;;;;
2026/06/19;2000 UTC;;;;;;;;;;;;;;;;;;
2026/06/19;2100 UTC;;;;;;;;;;;;;;;;;;
2026/06/19;2200 UTC;;;;;;;;;;;;;;;;;;
2026/06/19;2300 UTC;;;;;;;;;;;;;;;;;;
2026/06/20;0000 UTC;;;;;;;;;;;;;;;;;;
2026/06/20;0100 UTC;;;;;;;;;;;;;;;;;;
2026/06/20;0200 UTC;;;;;;;;;;;;;;;;;;
2026/06/20;0300 UTC;;;;;;;;;;;;;;;;;;
2026/06/20;0400 UTC;;;;;;;;;;;;;;;;;;
2026/06/20;0500 UTC;;;;;;;;;;;;;;;;;;
2026/06/20;0600 UTC;;;;;;;;;;;;;;;;;;
2026/06/20;0700 UTC;;;;;;;;;;;;;;;;;;
2026/06/20;0800 UTC;;;;;;;;;;;;;;;;;;
2026/06/20;0900 UTC;;;;;;;;;;;;;;;;;;
2026/06/20;1000 UTC;;;;;;;;;;;;;;;;;;
2026/06/20;1100 UTC;;;;;;;;;;;;;;;;;;
2026/06/20;1200 UTC;;;;;;;;;;;;;;;;;;
2026/06/20;1300 UTC;;;;;;;;;;;;;;;;;;
2026/06/20;1400 UTC;;;;;;;;;;;;;;;;;;
2026/06/20;1500 UTC;;;;;;;;;;;;;;;;;;
2026/06/20;1600 UTC;;;;;;;;;;;;;;;;;;
2026/06/20;1700 UTC;;;;;;;;;;;;;;;;;;
2026/06/20;1800 UTC;;;;;;;;;;;;;;;;;;
2026/06/20;1900 UTC;;;;;;;;;;;;;;;;;;
2026/06/20;2000 UTC;;;;;;;;;;;;;;;;;;
2026/06/20;2100 UTC;;;;;;;;;;;;;;;;;;
2026/06/20;2200 UTC;;;;;;;;;;;;;;;;;;
2026/06/20;2300 UTC;;;;;;;;;;;;;;;;;;
2026/06/21;0000 UTC;;;;;;;;;;;;;;;;;;
2026/06/21;0100 UTC;;;;;;;;;;;;;;;;;;
2026/06/21;0200 UTC;;;;;;;;;;;;;;;;;;
2026/06/21;0300 UTC;;;;;;;;;;;;;;;;;;
2026/06/21;0400 UTC;;;;;;;;;;;;;;;;;;
2026/06/21;0500 UTC;;;;;;;;;;;;;;;;;;
2026/06/21;0600 UTC;;;;;;;;;;;;;;;;;;
2026/06/21;0700 UTC;;;;;;;;;;;;;;;;;;
2026/06/21;0800 UTC;;;;;;;;;;;;;;;;;;
2026/06/21;0900 UTC;;;;;;;;;;;;;;;;;;
2026/06/21;1000 UTC;;;;;;;;;;;;;;;;;;
2026/06/21;1100 UTC;;;;;;;;;;;;;;;;;;
2026/06/21;1200 UTC;;;;;;;;;;;;;;;;;;
2026/06/21;1300 UTC;;;;;;;;;;;;;;;;;;
2026/06/21;1400 UTC;;;;;;;;;;;;;;;;;;
2026/06/21;1500 UTC;;;;;;;;;;;;;;;;;;
2026/06/21;1600 UTC;;;;;;;;;;;;;;;;;;
2026/06/21;1700 UTC;;;;;;;;;;;;;;;;;;
2026/06/21;1800 UTC;;;;;;;;;;;;;;;;;;
2026/06/21;1900 UTC;;;;;;;;;;;;;;;;;;
2026/06/21;2000 UTC;;;;;;;;;;;;;;;;;;
2026/06/21;2100 UTC;;;;;;;;;;;;;;;;;;
2026/06/21;2200 UTC;;;;;;;;;;;;;;;;;;
2026/06/21;2300 UTC;;;;;;;;;;;;;;;;;;
2026/06/22;0000 UTC;;;;;;;;;;;;;;;;;;
2026/06/22;0100 UTC;;;;;;;;;;;;;;;;;;
2026/06/22;0200 UTC;;;;;;;;;;;;;;;;;;
2026/06/22;0300 UTC;;;;;;;;;;;;;;;;;;
2026/06/22;0400 UTC;;;;;;;;;;;;;;;;;;
2026/06/22;0500 UTC;;;;;;;;;;;;;;;;;;
2026/06/22;0600 UTC;;;;;;;;;;;;;;;;;;
2026/06/22;0700 UTC;;;;;;;;;;;;;;;;;;
2026/06/22;0800 UTC;;;;;;;;;;;;;;;;;;
2026/06/22;0900 UTC;;;;;;;;;;;;;;;;;;
2026/06/22;1000 UTC;;;;;;;;;;;;;;;;;;
2026/06/22;1100 UTC;;;;;;;;;;;;;;;;;;
2026/06/22;1200 UTC;;;;;;;;;;;;;;;;;;
2026/06/22;1300 UTC;;;;;;;;;;;;;;;;;;
2026/06/22;1400 UTC;;;;;;;;;;;;;;;;;;
2026/06/22;1500 UTC;;;;;;;;;;;;;;;;;;
2026/06/22;1600 UTC;;;;;;;;;;;;;;;;;;
2026/06/22;1700 UTC;;;;;;;;;;;;;;;;;;
2026/06/22;1800 UTC;;;;;;;;;;;;;;;;;;
2026/06/22;1900 UTC;;;;;;;;;;;;;;;;;;
2026/06/22;2000 UTC;;;;;;;;;;;;;;;;;;
2026/06/22;2100 UTC;;;;;;;;;;;;;;;;;;
2026/06/22;2200 UTC;;;;;;;;;;;;;;;;;;
2026/06/22;2300 UTC;;;;;;;;;;;;;;;;;;
2026/06/23;0000 UTC;;;;;;;;;;;;;;;;;;
2026/06/23;0100 UTC;;;;;;;;;;;;;;;;;;
2026/06/23;0200 UTC;;;;;;;;;;;;;;;;;;
2026/06/23;0300 UTC;;;;;;;;;;;;;;;;;;
2026/06/23;0400 UTC;;;;;;;;;;;;;;;;;;
2026/06/23;0500 UTC;;;;;;;;;;;;;;;;;;
2026/06/23;0600 UTC;;;;;;;;;;;;;;;;;;
2026/06/23;0700 UTC;;;;;;;;;;;;;;;;;;
2026/06/23;0800 UTC;;;;;;;;;;;;;;;;;;
2026/06/23;0900 UTC;;;;;;;;;;;;;;;;;;
2026/06/23;1000 UTC;;;;;;;;;;;;;;;;;;
2026/06/23;1100 UTC;;;;;;;;;;;;;;;;;;
2026/06/23;1200 UTC;;;;;;;;;;;;;;;;;;
2026/06/23;1300 UTC;;;;;;;;;;;;;;;;;;
2026/06/23;1400 UTC;;;;;;;;;;;;;;;;;;
2026/06/23;1500 UTC;;;;;;;;;;;;;;;;;;
2026/06/23;1600 UTC;;;;;;;;;;;;;;;;;;
2026/06/23;1700 UTC;;;;;;;;;;;;;;;;;;
2026/06/23;1800 UTC;;;;;;;;;;;;;;;;;;
2026/06/23;1900 UTC;;;;;;;;;;;;;;;;;;
2026/06/23;2000 UTC;;;;;;;;;;;;;;;;;;
2026/06/23;2100 UTC;;;;;;;;;;;;;;;;;;
2026/06/23;2200 UTC;;;;;;;;;;;;;;;;;;
2026/06/23;2300 UTC;;;;;;;;;;;;;;;;;;
2026/06/24;0000 UTC;;;;;;;;;;;;;;;;;;
2026/06/24;0100 UTC;;;;;;;;;;;;;;;;;;
2026/06/24;0200 UTC;;;;;;;;;;;;;;;;;;
2026/06/24;0300 UTC;;;;;;;;;;;;;;;;;;
2026/06/24;0400 UTC;;;;;;;;;;;;;;;;;;
2026/06/24;0500 UTC;;;;;;;;;;;;;;;;;;
2026/06/24;0600 UTC;;;;;;;;;;;;;;;;;;
2026/06/24;0700 UTC;;;;;;;;;;;;;;;;;;
2026/06/24;0800 UTC;;;;;;;;;;;;;;;;;;
2026/06/24;0900 UTC;;;;;;;;;;;;;;;;;;
2026/06/24;1000 UTC;;;;;;;;;;;;;;;;;;
2026/06/24;1100 UTC;;;;;;;;;;;;;;;;;;
2026/06/24;1200 UTC;;;;;;;;;;;;;;;;;;
2026/06/24;1300 UTC;;;;;;;;;;;;;;;;;;
2026/06/24;1400 UTC;;;;;;;;;;;;;;;;;;
2026/06/24;1500 UTC;;;;;;;;;;;;;;;;;;
2026/06/24;1600 UTC;;;;;;;;;;;;;;;;;;
2026/06/24;1700 UTC;;;;;;;;;;;;;;;;;;
2026/06/24;1800 UTC;;;;;;;;;;;;;;;;;;
2026/06/24;1900 UTC;;;;;;;;;;;;;;;;;;
2026/06/24;2000 UTC;;;;;;;;;;;;;;;;;;
2026/06/24;2100 UTC;;;;;;;;;;;;;;;;;;
2026/06/24;2200 UTC;;;;;;;;;;;;;;;;;;
2026/06/24;2300 UTC;;;;;;;;;;;;;;;;;;
2026/06/25;0000 UTC;;;;;;;;;;;;;;;;;;
2026/06/25;0100 UTC;;;;;;;;;;;;;;;;;;
2026/06/25;0200 UTC;;;;;;;;;;;;;;;;;;
2026/06/25;0300 UTC;;;;;;;;;;;;;;;;;;
2026/06/25;0400 UTC;;;;;;;;;;;;;;;;;;
2026/06/25;0500 UTC;;;;;;;;;;;;;;;;;;
2026/06/25;0600 UTC;;;;;;;;;;;;;;;;;;
2026/06/25;0700 UTC;;;;;;;;;;;;;;;;;;
2026/06/25;0800 UTC;;;;;;;;;;;;;;;;;;
2026/06/25;0900 UTC;;;;;;;;;;;;;;;;;;
2026/06/25;1000 UTC;;;;;;;;;;;;;;;;;;
2026/06/25;1100 UTC;;;;;;;;;;;;;;;;;;
2026/06/25;1200 UTC;;;;;;;;;;;;;;;;;;
2026/06/25;1300 UTC;;;;;;;;;;;;;;;;;;
2026/06/25;1400 UTC;;;;;;;;;;;;;;;;;;
2026/06/25;1500 UTC;;;;;;;;;;;;;;;;;;
2026/06/25;1600 UTC;;;;;;;;;;;;;;;;;;
2026/06/25;1700 UTC;;;;;;;;;;;;;;;;;;
2026/06/25;1800 UTC;;;;;;;;;;;;;;;;;;
2026/06/25;1900 UTC;;;;;;;;;;;;;;;;;;
2026/06/25;2000 UTC;;;;;;;;;;;;;;;;;;
2026/06/25;2100 UTC;;;;;;;;;;;;;;;;;;
2026/06/25;2200 UTC;;;;;;;;;;;;;;;;;;
2026/06/25;2300 UTC;;;;;;;;;;;;;;;;;;
2026/06/26;0000 UTC;;;;;;;;;;;;;;;;;;
2026/06/26;0100 UTC;;;;;;;;;;;;;;;;;;
2026/06/26;0200 UTC;;;;;;;;;;;;;;;;;;
2026/06/26;0300 UTC;;;;;;;;;;;;;;;;;;
2026/06/26;0400 UTC;;;;;;;;;;;;;;;;;;
2026/06/26;0500 UTC;;;;;;;;;;;;;;;;;;
2026/06/26;0600 UTC;;;;;;;;;;;;;;;;;;
2026/06/26;0700 UTC;;;;;;;;;;;;;;;;;;
2026/06/26;0800 UTC;;;;;;;;;;;;;;;;;;
2026/06/26;0900 UTC;;;;;;;;;;;;;;;;;;
2026/06/26;1000 UTC;;;;;;;;;;;;;;;;;;
2026/06/26;1100 UTC;;;;;;;;;;;;;;;;;;
2026/06/26;1200 UTC;;;;;;;;;;;;;;;;;;
2026/06/26;1300 UTC;;;;;;;;;;;;;;;;;;
2026/06/26;1400 UTC;;;;;;;;;;;;;;;;;;
2026/06/26;1500 UTC;;;;;;;;;;;;;;;;;;
2026/06/26;1600 UTC;;;;;;;;;;;;;;;;;;
2026/06/26;1700 UTC;;;;;;;;;;;;;;;;;;
2026/06/26;1800 UTC;;;;;;;;;;;;;;;;;;
2026/06/26;1900 UTC;;;;;;;;;;;;;;;;;;
2026/06/26;2000 UTC;;;;;;;;;;;;;;;;;;
2026/06/26;2100 UTC;;;;;;;;;;;;;;;;;;
2026/06/26;2200 UTC;;;;;;;;;;;;;;;;;;
2026/06/26;2300 UTC;;;;;;;;;;;;;;;;;;
2026/06/27;0000 UTC;;;;;;;;;;;;;;;;;;
2026/06/27;0100 UTC;;;;;;;;;;;;;;;;;;
2026/06/27;0200 UTC;;;;;;;;;;;;;;;;;;
2026/06/27;0300 UTC;;;;;;;;;;;;;;;;;;
2026/06/27;0400 UTC;;;;;;;;;;;;;;;;;;
2026/06/27;0500 UTC;;;;;;;;;;;;;;;;;;
2026/06/27;0600 UTC;;;;;;;;;;;;;;;;;;
2026/06/27;0700 UTC;;;;;;;;;;;;;;;;;;
2026/06/27;0800 UTC;;;;;;;;;;;;;;;;;;
2026/06/27;0900 UTC;;;;;;;;;;;;;;;;;;
2026/06/27;1000 UTC;;;;;;;;;;;;;;;;;;
2026/06/27;1100 UTC;;;;;;;;;;;;;;;;;;
2026/06/27;1200 UTC;;;;;;;;;;;;;;;;;;
2026/06/27;1300 UTC;;;;;;;;;;;;;;;;;;
2026/06/27;1400 UTC;;;;;;;;;;;;;;;;;;
2026/06/27;1500 UTC;;;;;;;;;;;;;;;;;;
2026/06/27;1600 UTC;;;;;;;;;;;;;;;;;;
2026/06/27;1700 UTC;;;;;;;;;;;;;;;;;;
2026/06/27;1800 UTC;;;;;;;;;;;;;;;;;;
2026/06/27;1900 UTC;;;;;;;;;;;;;;;;;;
2026/06/27;2000 UTC;;;;;;;;;;;;;;;;;;
2026/06/27;2100 UTC;;;;;;;;;;;;;;;;;;
2026/06/27;2200 UTC;;;;;;;;;;;;;;;;;;
2026/06/27;2300 UTC;;;;;;;;;;;;;;;;;;
2026/06/28;0000 UTC;;;;;;;;;;;;;;;;;;
2026/06/28;0100 UTC;;;;;;;;;;;;;;;;;;
2026/06/28;0200 UTC;;;;;;;;;;;;;;;;;;
2026/06/28;0300 UTC;;;;;;;;;;;;;;;;;;
2026/06/28;0400 UTC;;;;;;;;;;;;;;;;;;
2026/06/28;0500 UTC;;;;;;;;;;;;;;;;;;
2026/06/28;0600 UTC;;;;;;;;;;;;;;;;;;
2026/06/28;0700 UTC;;;;;;;;;;;;;;;;;;
2026/06/28;0800 UTC;;;;;;;;;;;;;;;;;;
2026/06/28;0900 UTC;;;;;;;;;;;;;;;;;;
2026/06/28;1000 UTC;;;;;;;;;;;;;;;;;;
2026/06/28;1100 UTC;;;;;;;;;;;;;;;;;;
2026/06/28;1200 UTC;;;;;;;;;;;;;;;;;;
2026/06/28;1300 UTC;;;;;;;;;;;;;;;;;;
2026/06/28;1400 UTC;;;;;;;;;;;;;;;;;;
2026/06/28;1500 UTC;;;;;;;;;;;;;;;;;;
2026/06/28;1600 UTC;;;;;;;;;;;;;;;;;;
2026/06/28;1700 UTC;;;;;;;;;;;;;;;;;;
2026/06/28;1800 UTC;;;;;;;;;;;;;;;;;;
2026/06/28;1900 UTC;;;;;;;;;;;;;;;;;;
2026/06/28;2000 UTC;;;;;;;;;;;;;;;;;;
2026/06/28;2100 UTC;;;;;;;;;;;;;;;;;;
2026/06/28;2200 UTC;;;;;;;;;;;;;;;;;;
2026/06/28;2300 UTC;;;;;;;;;;;;;;;;;;
2026/06/29;0000 UTC;;;;;;;;;;;;;;;;;;
2026/06/29;0100 UTC;;;;;;;;;;;;;;;;;;
2026/06/29;0200 UTC;;;;;;;;;;;;;;;;;;
2026/06/29;0300 UTC;;;;;;;;;;;;;;;;;;
2026/06/29;0400 UTC;;;;;;;;;;;;;;;;;;
2026/06/29;0500 UTC;;;;;;;;;;;;;;;;;;
2026/06/29;0600 UTC;;;;;;;;;;;;;;;;;;
2026/06/29;0700 UTC;;;;;;;;;;;;;;;;;;
2026/06/29;0800 UTC;;;;;;;;;;;;;;;;;;
2026/06/29;0900 UTC;;;;;;;;;;;;;;;;;;
2026/06/29;1000 UTC;;;;;;;;;;;;;;;;;;
2026/06/29;1100 UTC;;;;;;;;;;;;;;;;;;
2026/06/29;1200 UTC;;;;;;;;;;;;;;;;;;
2026/06/29;1300 UTC;;;;;;;;;;;;;;;;;;
2026/06/29;1400 UTC;;;;;;;;;;;;;;;;;;
2026/06/29;1500 UTC;;;;;;;;;;;;;;;;;;
2026/06/29;1600 UTC;;;;;;;;;;;;;;;;;;
2026/06/29;1700 UTC;;;;;;;;;;;;;;;;;;
2026/06/29;1800 UTC;;;;;;;;;;;;;;;;;;
2026/06/29;1900 UTC;;;;;;;;;;;;;;;;;;
2026/06/29;2000 UTC;;;;;;;;;;;;;;;;;;
2026/06/29;2100 UTC;;;;;;;;;;;;;;;;;;
2026/06/29;2200 UTC;;;;;;;;;;;;;;;;;;
2026/06/29;2300 UTC;;;;;;;;;;;;;;;;;;
2026/06/30;0000 UTC;;;;;;;;;;;;;;;;;;
2026/06/30;0100 UTC;;;;;;;;;;;;;;;;;;
2026/06/30;0200 UTC;;;;;;;;;;;;;;;;;;
2026/06/30;0300 UTC;;;;;;;;;;;;;;;;;;
2026/06/30;0400 UTC;;;;;;;;;;;;;;;;;;
2026/06/30;0500 UTC;;;;;;;;;;;;;;;;;;
2026/06/30;0600 UTC;;;;;;;;;;;;;;;;;;
2026/06/30;0700 UTC;;;;;;;;;;;;;;;;;;
2026/06/30;0800 UTC;;;;;;;;;;;;;;;;;;
2026/06/30;0900 UTC;;;;;;;;;;;;;;;;;;
2026/06/30;1000 UTC;;;;;;;;;;;;;;;;;;
2026/06/30;1100 UTC;;;;;;;;;;;;;;;;;;
2026/06/30;1200 UTC;;;;;;;;;;;;;;;;;;
2026/06/30;1300 UTC;;;;;;;;;;;;;;;;;;
2026/06/30;1400 UTC;;;;;;;;;;;;;;;;;;
2026/06/30;1500 UTC;;;;;;;;;;;;;;;;;;
2026/06/30;1600 UTC;;;;;;;;;;;;;;;;;;
2026/06/30;1700 UTC;;;;;;;;;;;;;;;;;;
2026/06/30;1800 UTC;;;;;;;;;;;;;;;;;;
2026/06/30;1900 UTC;;;;;;;;;;;;;;;;;;
2026/06/30;2000 UTC;;;;;;;;;;;;;;;;;;
2026/06/30;2100 UTC;;;;;;;;;;;;;;;;;;
2026/06/30;2200 UTC;;;;;;;;;;;;;;;;;;
2026/06/30;2300 UTC;;;;;;;;;;;;;;;;;;
2026/07/01;0000 UTC;;;;;;;;;;;;;;;;;;
2026/07/01;0100 UTC;;;;;;;;;;;;;;;;;;
2026/07/01;0200 UTC;;;;;;;;;;;;;;;;;;
2026/07/01;0300 UTC;;;;;;;;;;;;;;;;;;
2026/07/01;0400 UTC;;;;;;;;;;;;;;;;;;
2026/07/01;0500 UTC;;;;;;;;;;;;;;;;;;
2026/07/01;0600 UTC;;;;;;;;;;;;;;;;;;
2026/07/01;0700 UTC;;;;;;;;;;;;;;;;;;
2026/07/01;0800 UTC;;;;;;;;;;;;;;;;;;
2026/07/01;0900 UTC;;;;;;;;;;;;;;;;;;
2026/07/01;1000 UTC;;;;;;;;;;;;;;;;;;
2026/07/01;1100 UTC;;;;;;;;;;;;;;;;;;
2026/07/01;1200 UTC;;;;;;;;;;;;;;;;;;
2026/07/01;1300 UTC;;;;;;;;;;;;;;;;;;
2026/07/01;1400 UTC;;;;;;;;;;;;;;;;;;
2026/07/01;1500 UTC;;;;;;;;;;;;;;;;;;
2026/07/01;1600 UTC;;;;;;;;;;;;;;;;;;
2026/07/01;1700 UTC;;;;;;;;;;;;;;;;;;
2026/07/01;1800 UTC;;;;;;;;;;;;;;;;;;
2026/07/01;1900 UTC;;;;;;;;;;;;;;;;;;
2026/07/01;2000 UTC;;;;;;;;;;;;;;;;;;
2026/07/01;2100 UTC;;;;;;;;;;;;;;;;;;
2026/07/01;2200 UTC;;;;;;;;;;;;;;;;;;
2026/07/01;2300 UTC;;;;;;;;;;;;;;;;;;
2026/07/02;0000 UTC;;;;;;;;;;;;;;;;;;
2026/07/02;0100 UTC;;;;;;;;;;;;;;;;;;
2026/07/02;0200 UTC;;;;;;;;;;;;;;;;;;
2026/07/02;0300 UTC;;;;;;;;;;;;;;;;;;
2026/07/02;0400 UTC;;;;;;;;;;;;;;;;;;
2026/07/02;0500 UTC;;;;;;;;;;;;;;;;;;
2026/07/02;0600 UTC;;;;;;;;;;;;;;;;;;
2026/07/02;0700 UTC;;;;;;;;;;;;;;;;;;
2026/07/02;0800 UTC;;;;;;;;;;;;;;;;;;
2026/07/02;0900 UTC;;;;;;;;;;;;;;;;;;
2026/07/02;1000 UTC;;;;;;;;;;;;;;;;;;
2026/07/02;1100 UTC;;;;;;;;;;;;;;;;;;
2026/07/02;1200 UTC;;;;;;;;;;;;;;;;;;
2026/07/02;1300 UTC;;;;;;;;;;;;;;;;;;
2026/07/02;1400 UTC;;;;;;;;;;;;;;;;;;
2026/07/02;1500 UTC;;;;;;;;;;;;;;;;;;
2026/07/02;1600 UTC;;;;;;;;;;;;;;;;;;
2026/07/02;1700 UTC;;;;;;;;;;;;;;;;;;
2026/07/02;1800 UTC;;;;;;;;;;;;;;;;;;
2026/07/02;1900 UTC;;;;;;;;;;;;;;;;;;
2026/07/02;2000 UTC;;;;;;;;;;;;;;;;;;
2026/07/02;2100 UTC;;;;;;;;;;;;;;;;;;
2026/07/02;2200 UTC;;;;;;;;;;;;;;;;;;
2026/07/02;2300 UTC;;;;;;;;;;;;;;;;;;
2026/07/03;0000 UTC;;;;;;;;;;;;;;;;;;
2026/07/03;0100 UTC;;;;;;;;;;;;;;;;;;
2026/07/03;0200 UTC;;;;;;;;;;;;;;;;;;
2026/07/03;0300 UTC;;;;;;;;;;;;;;;;;;
2026/07/03;0400 UTC;;;;;;;;;;;;;;;;;;
2026/07/03;0500 UTC;;;;;;;;;;;;;;;;;;
2026/07/03;0600 UTC;;;;;;;;;;;;;;;;;;
2026/07/03;0700 UTC;;;;;;;;;;;;;;;;;;
2026/07/03;0800 UTC;;;;;;;;;;;;;;;;;;
2026/07/03;0900 UTC;;;;;;;;;;;;;;;;;;
2026/07/03;1000 UTC;;;;;;;;;;;;;;;;;;
2026/07/03;1100 UTC;;;;;;;;;;;;;;;;;;
2026/07/03;1200 UTC;;;;;;;;;;;;;;;;;;
2026/07/03;1300 UTC;;;;;;;;;;;;;;;;;;
2026/07/03;1400 UTC;;;;;;;;;;;;;;;;;;
2026/07/03;1500 UTC;;;;;;;;;;;;;;;;;;
2026/07/03;1600 UTC;;;;;;;;;;;;;;;;;;
2026/07/03;1700 UTC;;;;;;;;;;;;;;;;;;
2026/07/03;1800 UTC;;;;;;;;;;;;;;;;;;
2026/07/03;1900 UTC;;;;;;;;;;;;;;;;;;
2026/07/03;2000 UTC;;;;;;;;;;;;;;;;;;
2026/07/03;2100 UTC;;;;;;;;;;;;;;;;;;
2026/07/03;2200 UTC;;;;;;;;;;;;;;;;;;
2026/07/03;2300 UTC;;;;;;;;;;;;;;;;;;
2026/07/04;0000 UTC;;;;;;;;;;;;;;;;;;
2026/07/04;0100 UTC;;;;;;;;;;;;;;;;;;
2026/07/04;0200 UTC;;;;;;;;;;;;;;;;;;
2026/07/04;0300 UTC;;;;;;;;;;;;;;;;;;
2026/07/04;0400 UTC;;;;;;;;;;;;;;;;;;
2026/07/04;0500 UTC;;;;;;;;;;;;;;;;;;
2026/07/04;0600 UTC;;;;;;;;;;;;;;;;;;
2026/07/04;0700 UTC;;;;;;;;;;;;;;;;;;
2026/07/04;0800 UTC;;;;;;;;;;;;;;;;;;
2026/07/04;0900 UTC;;;;;;;;;;;;;;;;;;
2026/07/04;1000 UTC;;;;;;;;;;;;;;;;;;
2026/07/04;1100 UTC;;;;;;;;;;;;;;;;;;
2026/07/04;1200 UTC;;;;;;;;;;;;;;;;;;
2026/07/04;1300 UTC;;;;;;;;;;;;;;;;;;
2026/07/04;1400 UTC;;;;;;;;;;;;;;;;;;
2026/07/04;1500 UTC;;;;;;;;;;;;;;;;;;
2026/07/04;1600 UTC;;;;;;;;;;;;;;;;;;
2026/07/04;1700 UTC;;;;;;;;;;;;;;;;;;
2026/07/04;1800 UTC;;;;;;;;;;;;;;;;;;
2026/07/04;1900 UTC;;;;;;;;;;;;;;;;;;
2026/07/04;2000 UTC;;;;;;;;;;;;;;;;;;
2026/07/04;2100 UTC;;;;;;;;;;;;;;;;;;
2026/07/04;2200 UTC;;;;;;;;;;;;;;;;;;
2026/07/04;2300 UTC;;;;;;;;;;;;;;;;;;
2026/07/05;0000 UTC;;;;;;;;;;;;;;;;;;
2026/07/05;0100 UTC;;;;;;;;;;;;;;;;;;
2026/07/05;0200 UTC;;;;;;;;;;;;;;;;;;
2026/07/05;0300 UTC;;;;;;;;;;;;;;;;;;
2026/07/05;0400 UTC;;;;;;;;;;;;;;;;;;
2026/07/05;0500 UTC;;;;;;;;;;;;;;;;;;
2026/07/05;0600 UTC;;;;;;;;;;;;;;;;;;
2026/07/05;0700 UTC;;;;;;;;;;;;;;;;;;
2026/07/05;0800 UTC;;;;;;;;;;;;;;;;;;
2026/07/05;0900 UTC;;;;;;;;;;;;;;;;;;
2026/07/05;1000 UTC;;;;;;;;;;;;;;;;;;
2026/07/05;1100 UTC;;;;;;;;;;;;;;;;;;
2026/07/05;1200 UTC;;;;;;;;;;;;;;;;;;
2026/07/05;1300 UTC;;;;;;;;;;;;;;;;;;
2026/07/05;1400 UTC;;;;;;;;;;;;;;;;;;
2026/07/05;1500 UTC;;;;;;;;;;;;;;;;;;
2026/07/05;1600 UTC;;;;;;;;;;;;;;;;;;
2026/07/05;1700 UTC;;;;;;;;;;;;;;;;;;
2026/07/05;1800 UTC;;;;;;;;;;;;;;;;;;
2026/07/05;1900 UTC;;;;;;;;;;;;;;;;;;
2026/07/05;2000 UTC;;;;;;;;;;;;;;;;;;
2026/07/05;2100 UTC;;;;;;;;;;;;;;;;;;
2026/07/05;2200 UTC;;;;;;;;;;;;;;;;;;
2026/07/05;2300 UTC;;;;;;;;;;;;;;;;;;
2026/07/06;0000 UTC;;;;;;;;;;;;;;;;;;
2026/07/06;0100 UTC;;;;;;;;;;;;;;;;;;
2026/07/06;0200 UTC;;;;;;;;;;;;;;;;;;
2026/07/06;0300 UTC;;;;;;;;;;;;;;;;;;
2026/07/06;0400 UTC;;;;;;;;;;;;;;;;;;
2026/07/06;0500 UTC;;;;;;;;;;;;;;;;;;
2026/07/06;0600 UTC;;;;;;;;;;;;;;;;;;
2026/07/06;0700 UTC;;;;;;;;;;;;;;;;;;
2026/07/06;0800 UTC;;;;;;;;;;;;;;;;;;
2026/07/06;0900 UTC;;;;;;;;;;;;;;;;;;
2026/07/06;1000 UTC;;;;;;;;;;;;;;;;;;
2026/07/06;1100 UTC;;;;;;;;;;;;;;;;;;
2026/07/06;1200 UTC;;;;;;;;;;;;;;;;;;
2026/07/06;1300 UTC;;;;;;;;;;;;;;;;;;
2026/07/06;1400 UTC;;;;;;;;;;;;;;;;;;
2026/07/06;1500 UTC;;;;;;;;;;;;;;;;;;
2026/07/06;1600 UTC;;;;;;;;;;;;;;;;;;
2026/07/06;1700 UTC;;;;;;;;;;;;;;;;;;
2026/07/06;1800 UTC;;;;;;;;;;;;;;;;;;
2026/07/06;1900 UTC;;;;;;;;;;;;;;;;;;
2026/07/06;2000 UTC;;;;;;;;;;;;;;;;;;
2026/07/06;2100 UTC;;;;;;;;;;;;;;;;;;
2026/07/06;2200 UTC;;;;;;;;;;;;;;;;;;
2026/07/06;2300 UTC;;;;;;;;;;;;;;;;;;
2026/07/07;0000 UTC;;;;;;;;;;;;;;;;;;
2026/07/07;0100 UTC;;;;;;;;;;;;;;;;;;
2026/07/07;0200 UTC;;;;;;;;;;;;;;;;;;
2026/07/07;0300 UTC;;;;;;;;;;;;;;;;;;
2026/07/07;0400 UTC;;;;;;;;;;;;;;;;;;
2026/07/07;0500 UTC;;;;;;;;;;;;;;;;;;
2026/07/07;0600 UTC;;;;;;;;;;;;;;;;;;
2026/07/07;0700 UTC;;;;;;;;;;;;;;;;;;
2026/07/07;0800 UTC;;;;;;;;;;;;;;;;;;
2026/07/07;0900 UTC;;;;;;;;;;;;;;;;;;
2026/07/07;1000 UTC;;;;;;;;;;;;;;;;;;
2026/07/07;1100 UTC;;;;;;;;;;;;;;;;;;
2026/07/07;1200 UTC;;;;;;;;;;;;;;;;;;
2026/07/07;1300 UTC;;;;;;;;;;;;;;;;;;
2026/07/07;1400 UTC;;;;;;;;;;;;;;;;;;
2026/07/07;1500 UTC;;;;;;;;;;;;;;;;;;
2026/07/07;1600 UTC;;;;;;;;;;;;;;;;;;
2026/07/07;1700 UTC;;;;;;;;;;;;;;;;;;
2026/07/07;1800 UTC;;;;;;;;;;;;;;;;;;
2026/07/07;1900 UTC;;;;;;;;;;;;;;;;;;
2026/07/07;2000 UTC;;;;;;;;;;;;;;;;;;
2026/07/07;2100 UTC;;;;;;;;;;;;;;;;;;
2026/07/07;2200 UTC;;;;;;;;;;;;;;;;;;
2026/07/07;2300 UTC;;;;;;;;;;;;;;;;;;
2026/07/08;0000 UTC;;;;;;;;;;;;;;;;;;
2026/07/08;0100 UTC;;;;;;;;;;;;;;;;;;
2026/07/08;0200 UTC;;;;;;;;;;;;;;;;;;
2026/07/08;0300 UTC;;;;;;;;;;;;;;;;;;
2026/07/08;0400 UTC;;;;;;;;;;;;;;;;;;
2026/07/08;0500 UTC;;;;;;;;;;;;;;;;;;
2026/07/08;0600 UTC;;;;;;;;;;;;;;;;;;
2026/07/08;0700 UTC;;;;;;;;;;;;;;;;;;
2026/07/08;0800 UTC;;;;;;;;;;;;;;;;;;
2026/07/08;0900 UTC;;;;;;;;;;;;;;;;;;
2026/07/08;1000 UTC;;;;;;;;;;;;;;;;;;
2026/07/08;1100 UTC;;;;;;;;;;;;;;;;;;
2026/07/08;1200 UTC;;;;;;;;;;;;;;;;;;
2026/07/08;1300 UTC;;;;;;;;;;;;;;;;;;
2026/07/08;1400 UTC;;;;;;;;;;;;;;;;;;
2026/07/08;1500 UTC;;;;;;;;;;;;;;;;;;
2026/07/08;1600 UTC;;;;;;;;;;;;;;;;;;
2026/07/08;1700 UTC;;;;;;;;;;;;;;;;;;
2026/07/08;1800 UTC;;;;;;;;;;;;;;;;;;
2026/07/08;1900 UTC;;;;;;;;;;;;;;;;;;
2026/07/08;2000 UTC;;;;;;;;;;;;;;;;;;
2026/07/08;2100 UTC;;;;;;;;;;;;;;;;;;
2026/07/08;2200 UTC;;;;;;;;;;;;;;;;;;
2026/07/08;2300 UTC;;;;;;;;;;;;;;;;;;
2026/07/09;0000 UTC;;;;;;;;;;;;;;;;;;
2026/07/09;0100 UTC;;;;;;;;;;;;;;;;;;
2026/07/09;0200 UTC;;;;;;;;;;;;;;;;;;
2026/07/09;0300 UTC;;;;;;;;;;;;;;;;;;
2026/07/09;0400 UTC;;;;;;;;;;;;;;;;;;
2026/07/09;0500 UTC;;;;;;;;;;;;;;;;;;
2026/07/09;0600 UTC;;;;;;;;;;;;;;;;;;
2026/07/09;0700 UTC;;;;;;;;;;;;;;;;;;
2026/07/09;0800 UTC;;;;;;;;;;;;;;;;;;
2026/07/09;0900 UTC;;;;;;;;;;;;;;;;;;
2026/07/09;1000 UTC;;;;;;;;;;;;;;;;;;
2026/07/09;1100 UTC;;;;;;;;;;;;;;;;;;
2026/07/09;1200 UTC;;;;;;;;;;;;;;;;;;
2026/07/09;1300 UTC;;;;;;;;;;;;;;;;;;
2026/07/09;1400 UTC;;;;;;;;;;;;;;;;;;
2026/07/09;1500 UTC;;;;;;;;;;;;;;;;;;
2026/07/09;1600 UTC;;;;;;;;;;;;;;;;;;
2026/07/09;1700 UTC;;;;;;;;;;;;;;;;;;
2026/07/09;1800 UTC;;;;;;;;;;;;;;;;;;
2026/07/09;1900 UTC;;;;;;;;;;;;;;;;;;
2026/07/09;2000 UTC;;;;;;;;;;;;;;;;;;
2026/07/09;2100 UTC;;;;;;;;;;;;;;;;;;
2026/07/09;2200 UTC;;;;;;;;;;;;;;;;;;
2026/07/09;2300 UTC;;;;;;;;;;;;;;;;;;
2026/07/10;0000 UTC;;;;;;;;;;;;;;;;;;
2026/07/10;0100 UTC;;;;;;;;;;;;;;;;;;
2026/07/10;0200 UTC;;;;;;;;;;;;;;;;;;
2026/07/10;0300 UTC;;;;;;;;;;;;;;;;;;
2026/07/10;0400 UTC;;;;;;;;;;;;;;;;;;
2026/07/10;0500 UTC;;;;;;;;;;;;;;;;;;
2026/07/10;0600 UTC;;;;;;;;;;;;;;;;;;
2026/07/10;0700 UTC;;;;;;;;;;;;;;;;;;
2026/07/10;0800 UTC;;;;;;;;;;;;;;;;;;
2026/07/10;0900 UTC;;;;;;;;;;;;;;;;;;
2026/07/10;1000 UTC;;;;;;;;;;;;;;;;;;
2026/07/10;1100 UTC;;;;;;;;;;;;;;;;;;
2026/07/10;1200 UTC;;;;;;;;;;;;;;;;;;
2026/07/10;1300 UTC;;;;;;;;;;;;;;;;;;
2026/07/10;1400 UTC;;;;;;;;;;;;;;;;;;
2026/07/10;1500 UTC;;;;;;;;;;;;;;;;;;
2026/07/10;1600 UTC;;;;;;;;;;;;;;;;;;
2026/07/10;1700 UTC;;;;;;;;;;;;;;;;;;
2026/07/10;1800 UTC;;;;;;;;;;;;;;;;;;
2026/07/10;1900 UTC;;;;;;;;;;;;;;;;;;
2026/07/10;2000 UTC;;;;;;;;;;;;;;;;;;
2026/07/10;2100 UTC;;;;;;;;;;;;;;;;;;
2026/07/10;2200 UTC;;;;;;;;;;;;;;;;;;
2026/07/10;2300 UTC;;;;;;;;;;;;;;;;;;
2026/07/11;0000 UTC;;;;;;;;;;;;;;;;;;
2026/07/11;0100 UTC;;;;;;;;;;;;;;;;;;
2026/07/11;0200 UTC;;;;;;;;;;;;;;;;;;
2026/07/11;0300 UTC;;;;;;;;;;;;;;;;;;
2026/07/11;0400 UTC;;;;;;;;;;;;;;;;;;
2026/07/11;0500 UTC;;;;;;;;;;;;;;;;;;
2026/07/11;0600 UTC;;;;;;;;;;;;;;;;;;
2026/07/11;0700 UTC;;;;;;;;;;;;;;;;;;
2026/07/11;0800 UTC;;;;;;;;;;;;;;;;;;
2026/07/11;0900 UTC;;;;;;;;;;;;;;;;;;
2026/07/11;1000 UTC;;;;;;;;;;;;;;;;;;
2026/07/11;1100 UTC;;;;;;;;;;;;;;;;;;
2026/07/11;1200 UTC;;;;;;;;;;;;;;;;;;
2026/07/11;1300 UTC;;;;;;;;;;;;;;;;;;
2026/07/11;1400 UTC;;;;;;;;;;;;;;;;;;
2026/07/11;1500 UTC;;;;;;;;;;;;;;;;;;
2026/07/11;1600 UTC;;;;;;;;;;;;;;;;;;
2026/07/11;1700 UTC;;;;;;;;;;;;;;;;;;
2026/07/11;1800 UTC;;;;;;;;;;;;;;;;;;
2026/07/11;1900 UTC;;;;;;;;;;;;;;;;;;
2026/07/11;2000 UTC;;;;;;;;;;;;;;;;;;
2026/07/11;2100 UTC;;;;;;;;;;;;;;;;;;
2026/07/11;2200 UTC;;;;;;;;;;;;;;;;;;
2026/07/11;2300 UTC;;;;;;;;;;;;;;;;;;
2026/07/12;0000 UTC;;;;;;;;;;;;;;;;;;
2026/07/12;0100 UTC;;;;;;;;;;;;;;;;;;
2026/07/12;0200 UTC;;;;;;;;;;;;;;;;;;
2026/07/12;0300 UTC;;;;;;;;;;;;;;;;;;
2026/07/12;0400 UTC;;;;;;;;;;;;;;;;;;
2026/07/12;0500 UTC;;;;;;;;;;;;;;;;;;
2026/07/12;0600 UTC;;;;;;;;;;;;;;;;;;
2026/07/12;0700 UTC;;;;;;;;;;;;;;;;;;
2026/07/12;0800 UTC;;;;;;;;;;;;;;;;;;
2026/07/12;0900 UTC;;;;;;;;;;;;;;;;;;
2026/07/12;1000 UTC;;;;;;;;;;;;;;;;;;
2026/07/12;1100 UTC;;;;;;;;;;;;;;;;;;
2026/07/12;1200 UTC;;;;;;;;;;;;;;;;;;
2026/07/12;1300 UTC;;;;;;;;;;;;;;;;;;
2026/07/12;1400 UTC;;;;;;;;;;;;;;;;;;
2026/07/12;1500 UTC;;;;;;;;;;;;;;;;;;
2026/07/12;1600 UTC;;;;;;;;;;;;;;;;;;
2026/07/12;1700 UTC;;;;;;;;;;;;;;;;;;
2026/07/12;1800 UTC;;;;;;;;;;;;;;;;;;
2026/07/12;1900 UTC;;;;;;;;;;;;;;;;;;
2026/07/12;2000 UTC;;;;;;;;;;;;;;;;;;
2026/07/12;2100 UTC;;;;;;;;;;;;;;;;;;
2026/07/12;2200 UTC;;;;;;;;;;;;;;;;;;
2026/07/12;2300 UTC;;;;;;;;;;;;;;;;;;
2026/07/13;0000 UTC;;;;;;;;;;;;;;;;;;
2026/07/13;0100 UTC;;;;;;;;;;;;;;;;;;
2026/07/13;0200 UTC;;;;;;;;;;;;;;;;;;
2026/07/13;0300 UTC;;;;;;;;;;;;;;;;;;
2026/07/13;0400 UTC;;;;;;;;;;;;;;;;;;
2026/07/13;0500 UTC;;;;;;;;;;;;;;;;;;
2026/07/13;0600 UTC;;;;;;;;;;;;;;;;;;
2026/07/13;0700 UTC;;;;;;;;;;;;;;;;;;
2026/07/13;0800 UTC;;;;;;;;;;;;;;;;;;
2026/07/13;0900 UTC;;;;;;;;;;;;;;;;;;
2026/07/13;1000 UTC;;;;;;;;;;;;;;;;;;
2026/07/13;1100 UTC;;;;;;;;;;;;;;;;;;
2026/07/13;1200 UTC;;;;;;;;;;;;;;;;;;
2026/07/13;1300 UTC;;;;;;;;;;;;;;;;;;
2026/07/13;1400 UTC;;;;;;;;;;;;;;;;;;
2026/07/13;1500 UTC;;;;;;;;;;;;;;;;;;
2026/07/13;1600 UTC;;;;;;;;;;;;;;;;;;
2026/07/13;1700 UTC;;;;;;;;;;;;;;;;;;
2026/07/13;1800 UTC;;;;;;;;;;;;;;;;;;
2026/07/13;1900 UTC;;;;;;;;;;;;;;;;;;
2026/07/13;2000 UTC;;;;;;;;;;;;;;;;;;
2026/07/13;2100 UTC;;;;;;;;;;;;;;;;;;
2026/07/13;2200 UTC;;;;;;;;;;;;;;;;;;
2026/07/13;2300 UTC;;;;;;;;;;;;;;;;;;
2026/07/14;0000 UTC;;;;;;;;;;;;;;;;;;
2026/07/14;0100 UTC;;;;;;;;;;;;;;;;;;
2026/07/14;0200 UTC;;;;;;;;;;;;;;;;;;
2026/07/14;0300 UTC;;;;;;;;;;;;;;;;;;
2026/07/14;0400 UTC;;;;;;;;;;;;;;;;;;
2026/07/14;0500 UTC;;;;;;;;;;;;;;;;;;
2026/07/14;0600 UTC;;;;;;;;;;;;;;;;;;
2026/07/14;0700 UTC;;;;;;;;;;;;;;;;;;
2026/07/14;0800 UTC;;;;;;;;;;;;;;;;;;
2026/07/14;0900 UTC;;;;;;;;;;;;;;;;;;
2026/07/14;1000 UTC;;;;;;;;;;;;;;;;;;
2026/07/14;1100 UTC;;;;;;;;;;;;;;;;;;
2026/07/14;1200 UTC;;;;;;;;;;;;;;;;;;
2026/07/14;1300 UTC;;;;;;;;;;;;;;;;;;
2026/07/14;1400 UTC;;;;;;;;;;;;;;;;;;
2026/07/14;1500 UTC;;;;;;;;;;;;;;;;;;
2026/07/14;1600 UTC;;;;;;;;;;;;;;;;;;
2026/07/14;1700 UTC;;;;;;;;;;;;;;;;;;
2026/07/14;1800 UTC;;;;;;;;;;;;;;;;;;
2026/07/14;1900 UTC;;;;;;;;;;;;;;;;;;
2026/07/14;2000 UTC;;;;;;;;;;;;;;;;;;
2026/07/14;2100 UTC;;;;;;;;;;;;;;;;;;
2026/07/14;2200 UTC;;;;;;;;;;;;;;;;;;
2026/07/14;2300 UTC;;;;;;;;;;;;;;;;;;
2026/07/15;0000 UTC;;;;;;;;;;;;;;;;;;
2026/07/15;0100 UTC;;;;;;;;;;;;;;;;;;
2026/07/15;0200 UTC;;;;;;;;;;;;;;;;;;
2026/07/15;0300 UTC;;;;;;;;;;;;;;;;;;
2026/07/15;0400 UTC;;;;;;;;;;;;;;;;;;
2026/07/15;0500 UTC;;;;;;;;;;;;;;;;;;
2026/07/15;0600 UTC;;;;;;;;;;;;;;;;;;
2026/07/15;0700 UTC;;;;;;;;;;;;;;;;;;
2026/07/15;0800 UTC;;;;;;;;;;;;;;;;;;
2026/07/15;0900 UTC;;;;;;;;;;;;;;;;;;
2026/07/15;1000 UTC;;;;;;;;;;;;;;;;;;
2026/07/15;1100 UTC;;;;;;;;;;;;;;;;;;
2026/07/15;1200 UTC;;;;;;;;;;;;;;;;;;
2026/07/15;1300 UTC;;;;;;;;;;;;;;;;;;
2026/07/15;1400 UTC;;;;;;;;;;;;;;;;;;
2026/07/15;1500 UTC;;;;;;;;;;;;;;;;;;
2026/07/15;1600 UTC;;;;;;;;;;;;;;;;;;
2026/07/15;1700 UTC;;;;;;;;;;;;;;;;;;
2026/07/15;1800 UTC;;;;;;;;;;;;;;;;;;
2026/07/15;1900 UTC;;;;;;;;;;;;;;;;;;
2026/07/15;2000 UTC;;;;;;;;;;;;;;;;;;
2026/07/15;2100 UTC;;;;;;;;;;;;;;;;;;
2026/07/15;2200 UTC;;;;;;;;;;;;;;;;;;
2026/07/15;2300 UTC;;;;;;;;;;;;;;;;;;
2026/07/16;0000 UTC;;;;;;;;;;;;;;;;;;
2026/07/16;0100 UTC;;;;;;;;;;;;;;;;;;
2026/07/16;0200 UTC;;;;;;;;;;;;;;;;;;
2026/07/16;0300 UTC;;;;;;;;;;;;;;;;;;
2026/07/16;0400 UTC;;;;;;;;;;;;;;;;;;
2026/07/16;0500 UTC;;;;;;;;;;;;;;;;;;
2026/07/16;0600 UTC;;;;;;;;;;;;;;;;;;
2026/07/16;0700 UTC;;;;;;;;;;;;;;;;;;
2026/07/16;0800 UTC;;;;;;;;;;;;;;;;;;
2026/07/16;0900 UTC;;;;;;;;;;;;;;;;;;
2026/07/16;1000 UTC;;;;;;;;;;;;;;;;;;
2026/07/16;1100 UTC;;;;;;;;;;;;;;;;;;
2026/07/16;1200 UTC;;;;;;;;;;;;;;;;;;
2026/07/16;1300 UTC;;;;;;;;;;;;;;;;;;
2026/07/16;1400 UTC;;;;;;;;;;;;;;;;;;
2026/07/16;1500 UTC;;;;;;;;;;;;;;;;;;
2026/07/16;1600 UTC;;;;;;;;;;;;;;;;;;
2026/07/16;1700 UTC;;;;;;;;;;;;;;;;;;
2026/07/16;1800 UTC;;;;;;;;;;;;;;;;;;
2026/07/16;1900 UTC;;;;;;;;;;;;;;;;;;
2026/07/16;2000 UTC;;;;;;;;;;;;;;;;;;
2026/07/16;2100 UTC;;;;;;;;;;;;;;;;;;
2026/07/16;2200 UTC;;;;;;;;;;;;;;;;;;
2026/07/16;2300 UTC;;;;;;;;;;;;;;;;;;
2026/07/17;0000 UTC;;;;;;;;;;;;;;;;;;
2026/07/17;0100 UTC;;;;;;;;;;;;;;;;;;
2026/07/17;0200 UTC;;;;;;;;;;;;;;;;;;
2026/07/17;0300 UTC;;;;;;;;;;;;;;;;;;
2026/07/17;0400 UTC;;;;;;;;;;;;;;;;;;
2026/07/17;0500 UTC;;;;;;;;;;;;;;;;;;
2026/07/17;0600 UTC;;;;;;;;;;;;;;;;;;
2026/07/17;0700 UTC;;;;;;;;;;;;;;;;;;
2026/07/17;0800 UTC;;;;;;;;;;;;;;;;;;
2026/07/17;0900 UTC;;;;;;;;;;;;;;;;;;
2026/07/17;1000 UTC;;;;;;;;;;;;;;;;;;
2026/07/17;1100 UTC;;;;;;;;;;;;;;;;;;
2026/07/17;1200 UTC;;;;;;;;;;;;;;;;;;
2026/07/17;1300 UTC;;;;;;;;;;;;;;;;;;
2026/07/17;1400 UTC;;;;;;;;;;;;;;;;;;
2026/07/17;1500 UTC;;;;;;;;;;;;;;;;;;
2026/07/17;1600 UTC;;;;;;;;;;;;;;;;;;
2026/07/17;1700 UTC;;;;;;;;;;;;;;;;;;
2026/07/17;1800 UTC;;;;;;;;;;;;;;;;;;
2026/07/17;1900 UTC;;;;;;;;;;;;;;;;;;
2026/07/17;2000 UTC;;;;;;;;;;;;;;;;;;
2026/07/17;2100 UTC;;;;;;;;;;;;;;;;;;
2026/07/17;2200 UTC;;;;;;;;;;;;;;;;;;
2026/07/17;2300 UTC;;;;;;;;;;;;;;;;;;
2026/07/18;0000 UTC;;;;;;;;;;;;;;;;;;
2026/07/18;0100 UTC;;;;;;;;;;;;;;;;;;
2026/07/18;0200 UTC;;;;;;;;;;;;;;;;;;
2026/07/18;0300 UTC;;;;;;;;;;;;;;;;;;
2026/07/18;0400 UTC;;;;;;;;;;;;;;;;;;
2026/07/18;0500 UTC;;;;;;;;;;;;;;;;;;
2026/07/18;0600 UTC;;;;;;;;;;;;;;;;;;
2026/07/18;0700 UTC;;;;;;;;;;;;;;;;;;
2026/07/18;0800 UTC;;;;;;;;;;;;;;;;;;
2026/07/18;0900 UTC;;;;;;;;;;;;;;;;;;
2026/07/18;1000 UTC;;;;;;;;;;;;;;;;;;
2026/07/18;1100 UTC;;;;;;;;;;;;;;;;;;
2026/07/18;1200 UTC;;;;;;;;;;;;;;;;;;
2026/07/18;1300 UTC;;;;;;;;;;;;;;;;;;
2026/07/18;1400 UTC;;;;;;;;;;;;;;;;;;
2026/07/18;1500 UTC;;;;;;;;;;;;;;;;;;
2026/07/18;1600 UTC;;;;;;;;;;;;;;;;;;
2026/07/18;1700 UTC;;;;;;;;;;;;;;;;;;
2026/07/18;1800 UTC;;;;;;;;;;;;;;;;;;
2026/07/18;1900 UTC;;;;;;;;;;;;;;;;;;
2026/07/18;2000 UTC;;;;;;;;;;;;;;;;;;
2026/07/18;2100 UTC;;;;;;;;;;;;;;;;;;
2026/07/18;2200 UTC;;;;;;;;;;;;;;;;;;
2026/07/18;2300 UTC;;;;;;;;;;;;;;;;;;
2026/07/19;0000 UTC;;;;;;;;;;;;;;;;;;
2026/07/19;0100 UTC;;;;;;;;;;;;;;;;;;
2026/07/19;0200 UTC;;;;;;;;;;;;;;;;;;
2026/07/19;0300 UTC;;;;;;;;;;;;;;;;;;
2026/07/19;0400 UTC;;;;;;;;;;;;;;;;;;
2026/07/19;0500 UTC;;;;;;;;;;;;;;;;;;
2026/07/19;0600 UTC;;;;;;;;;;;;;;;;;;
2026/07/19;0700 UTC;;;;;;;;;;;;;;;;;;
2026/07/19;0800 UTC;;;;;;;;;;;;;;;;;;
2026/07/19;0900 UTC;;;;;;;;;;;;;;;;;;
2026/07/19;1000 UTC;;;;;;;;;;;;;;;;;;
2026/07/19;1100 UTC;;;;;;;;;;;;;;;;;;
2026/07/19;1200 UTC;;;;;;;;;;;;;;;;;;
2026/07/19;1300 UTC;;;;;;;;;;;;;;;;;;
2026/07/19;1400 UTC;;;;;;;;;;;;;;;;;;
2026/07/19;1500 UTC;;;;;;;;;;;;;;;;;;
2026/07/19;1600 UTC;;;;;;;;;;;;;;;;;;
2026/07/19;1700 UTC;;;;;;;;;;;;;;;;;;
2026/07/19;1800 UTC;;;;;;;;;;;;;;;;;;
2026/07/19;1900 UTC;;;;;;;;;;;;;;;;;;
2026/07/19;2000 UTC;;;;;;;;;;;;;;;;;;
2026/07/19;2100 UTC;;;;;;;;;;;;;;;;;;
2026/07/19;2200 UTC;;;;;;;;;;;;;;;;;;
2026/07/19;2300 UTC;;;;;;;;;;;;;;;;;;
2026/07/20;0000 UTC;;;;;;;;;;;;;;;;;;
2026/07/20;0100 UTC;;;;;;;;;;;;;;;;;;
2026/07/20;0200 UTC;;;;;;;;;;;;;;;;;;
2026/07/20;0300 UTC;;;;;;;;;;;;;;;;;;
2026/07/20;0400 UTC;;;;;;;;;;;;;;;;;;
2026/07/20;0500 UTC;;;;;;;;;;;;;;;;;;
2026/07/20;0600 UTC;;;;;;;;;;;;;;;;;;
2026/07/20;0700 UTC;;;;;;;;;;;;;;;;;;
2026/07/20;0800 UTC;;;;;;;;;;;;;;;;;;
2026/07/20;0900 UTC;;;;;;;;;;;;;;;;;;
2026/07/20;1000 UTC;;;;;;;;;;;;;;;;;;
2026/07/20;1100 UTC;;;;;;;;;;;;;;;;;;
2026/07/20;1200 UTC;;;;;;;;;;;;;;;;;;
2026/07/20;1300 UTC;;;;;;;;;;;;;;;;;;
2026/07/20;1400 UTC;;;;;;;;;;;;;;;;;;
2026/07/20;1500 UTC;;;;;;;;;;;;;;;;;;
2026/07/20;1600 UTC;;;;;;;;;;;;;;;;;;
2026/07/20;1700 UTC;;;;;;;;;;;;;;;;;;
2026/07/20;1800 UTC;;;;;;;;;;;;;;;;;;
2026/07/20;1900 UTC;;;;;;;;;;;;;;;;;;
2026/07/20;2000 UTC;;;;;;;;;;;;;;;;;;
2026/07/20;2100 UTC;;;;;;;;;;;;;;;;;;
2026/07/20;2200 UTC;;;;;;;;;;;;;;;;;;
2026/07/20;2300 UTC;;;;;;;;;;;;;;;;;;
2026/07/21;0000 UTC;;;;;;;;;;;;;;;;;;
2026/07/21;0100 UTC;;;;;;;;;;;;;;;;;;
2026/07/21;0200 UTC;;;;;;;;;;;;;;;;;;
2026/07/21;0300 UTC;;;;;;;;;;;;;;;;;;
2026/07/21;0400 UTC;;;;;;;;;;;;;;;;;;
2026/07/21;0500 UTC;;;;;;;;;;;;;;;;;;
2026/07/21;0600 UTC;;;;;;;;;;;;;;;;;;
2026/07/21;0700 UTC;;;;;;;;;;;;;;;;;;
2026/07/21;0800 UTC;;;;;;;;;;;;;;;;;;
2026/07/21;0900 UTC;;;;;;;;;;;;;;;;;;
2026/07/21;1000 UTC;;;;;;;;;;;;;;;;;;
2026/07/21;1100 UTC;;;;;;;;;;;;;;;;;;
2026/07/21;1200 UTC;;;;;;;;;;;;;;;;;;
2026/07/21;1300 UTC;;;;;;;;;;;;;;;;;;
2026/07/21;1400 UTC;;;;;;;;;;;;;;;;;;
2026/07/21;1500 UTC;;;;;;;;;;;;;;;;;;
2026/07/21;1600 UTC;;;;;;;;;;;;;;;;;;
2026/07/21;1700 UTC;;;;;;;;;;;;;;;;;;
2026/07/21;1800 UTC;;;;;;;;;;;;;;;;;;
2026/07/21;1900 UTC;;;;;;;;;;;;;;;;;;
2026/07/21;2000 UTC;;;;;;;;;;;;;;;;;;
2026/07/21;2100 UTC;;;;;;;;;;;;;;;;;;
2026/07/21;2200 UTC;;;;;;;;;;;;;;;;;;
2026/07/21;2300 UTC;;;;;;;;;;;;;;;;;;
2026/07/22;0000 UTC;;;;;;;;;;;;;;;;;;
2026/07/22;0100 UTC;;;;;;;;;;;;;;;;;;
2026/07/22;0200 UTC;;;;;;;;;;;;;;;;;;
2026/07/22;0300 UTC;;;;;;;;;;;;;;;;;;
2026/07/22;0400 UTC;;;;;;;;;;;;;;;;;;
2026/07/22;0500 UTC;;;;;;;;;;;;;;;;;;
2026/07/22;0600 UTC;;;;;;;;;;;;;;;;;;
2026/07/22;0700 UTC;;;;;;;;;;;;;;;;;;
2026/07/22;0800 UTC;;;;;;;;;;;;;;;;;;
2026/07/22;0900 UTC;;;;;;;;;;;;;;;;;;
2026/07/22;1000 UTC;;;;;;;;;;;;;;;;;;
2026/07/22;1100 UTC;;;;;;;;;;;;;;;;;;
2026/07/22;1200 UTC;;;;;;;;;;;;;;;;;;
2026/07/22;1300 UTC;;;;;;;;;;;;;;;;;;
2026/07/22;1400 UTC;;;;;;;;;;;;;;;;;;
2026/07/22;1500 UTC;;;;;;;;;;;;;;;;;;
2026/07/22;1600 UTC;;;;;;;;;;;;;;;;;;
2026/07/22;1700 UTC;;;;;;;;;;;;;;;;;;
2026/07/22;1800 UTC;;;;;;;;;;;;;;;;;;
2026/07/22;1900 UTC;;;;;;;;;;;;;;;;;;
2026/07/22;2000 UTC;;;;;;;;;;;;;;;;;;
2026/07/22;2100 UTC;;;;;;;;;;;;;;;;;;
2026/07/22;2200 UTC;;;;;;;;;;;;;;;;;;
2026/07/22;2300 UTC;;;;;;;;;;;;;;;;;;
2026/07/23;0000 UTC;;;;;;;;;;;;;;;;;;
2026/07/23;0100 UTC;;;;;;;;;;;;;;;;;;
2026/07/23;0200 UTC;;;;;;;;;;;;;;;;;;
2026/07/23;0300 UTC;;;;;;;;;;;;;;;;;;
2026/07/23;0400 UTC;;;;;;;;;;;;;;;;;;
2026/07/23;0500 UTC;;;;;;;;;;;;;;;;;;
2026/07/23;0600 UTC;;;;;;;;;;;;;;;;;;
2026/07/23;0700 UTC;;;;;;;;;;;;;;;;;;
2026/07/23;0800 UTC;;;;;;;;;;;;;;;;;;
2026/07/23;0900 UTC;;;;;;;;;;;;;;;;;;
2026/07/23;1000 UTC;;;;;;;;;;;;;;;;;;
2026/07/23;1100 UTC;;;;;;;;;;;;;;;;;;
2026/07/23;1200 UTC;;;;;;;;;;;;;;;;;;
2026/07/23;1300 UTC;;;;;;;;;;;;;;;;;;
2026/07/23;1400 UTC;;;;;;;;;;;;;;;;;;
2026/07/23;1500 UTC;;;;;;;;;;;;;;;;;;
2026/07/23;1600 UTC;;;;;;;;;;;;;;;;;;
2026/07/23;1700 UTC;;;;;;;;;;;;;;;;;;
2026/07/23;1800 UTC;;;;;;;;;;;;;;;;;;
2026/07/23;1900 UTC;;;;;;;;;;;;;;;;;;
2026/07/23;2000 UTC;;;;;;;;;;;;;;;;;;
2026/07/23;2100 UTC;;;;;;;;;;;;;;;;;;
2026/07/23;2200 UTC;;;;;;;;;;;;;;;;;;
2026/07/23;2300 UTC;;;;;;;;;;;;;;;;;;
2026/07/24;0000 UTC;;;;;;;;;;;;;;;;;;
2026/07/24;0100 UTC;;;;;;;;;;;;;;;;;;
2026/07/24;0200 UTC;;;;;;;;;;;;;;;;;;
2026/07/24;0300 UTC;;;;;;;;;;;;;;;;;;
2026/07/24;0400 UTC;;;;;;;;;;;;;;;;;;
2026/07/24;0500 UTC;;;;;;;;;;;;;;;;;;
2026/07/24;0600 UTC;;;;;;;;;;;;;;;;;;
2026/07/24;0700 UTC;;;;;;;;;;;;;;;;;;
2026/07/24;0800 UTC;;;;;;;;;;;;;;;;;;
2026/07/24;0900 UTC;;;;;;;;;;;;;;;;;;
2026/07/24;1000 UTC;;;;;;;;;;;;;;;;;;
2026/07/24;1100 UTC;;;;;;;;;;;;;;;;;;
2026/07/24;1200 UTC;;;;;;;;;;;;;;;;;;
2026/07/24;1300 UTC;;;;;;;;;;;;;;;;;;
2026/07/24;1400 UTC;;;;;;;;;;;;;;;;;;
2026/07/24;1500 UTC;;;;;;;;;;;;;;;;;;
2026/07/24;1600 UTC;;;;;;;;;;;;;;;;;;
2026/07/24;1700 UTC;;;;;;;;;;;;;;;;;;
2026/07/24;1800 UTC;;;;;;;;;;;;;;;;;;
2026/07/24;1900 UTC;;;;;;;;;;;;;;;;;;
2026/07/24;2000 UTC;;;;;;;;;;;;;;;;;;
2026/07/24;2100 UTC;;;;;;;;;;;;;;;;;;
2026/07/24;2200 UTC;;;;;;;;;;;;;;;;;;
2026/07/24;2300 UTC;;;;;;;;;;;;;;;;;;
2026/07/25;0000 UTC;;;;;;;;;;;;;;;;;;
2026/07/25;0100 UTC;;;;;;;;;;;;;;;;;;
2026/07/25;0200 UTC;;;;;;;;;;;;;;;;;;
2026/07/25;0300 UTC;;;;;;;;;;;;;;;;;;
2026/07/25;0400 UTC;;;;;;;;;;;;;;;;;;
2026/07/25;0500 UTC;;;;;;;;;;;;;;;;;;
2026/07/25;0600 UTC;;;;;;;;;;;;;;;;;;
2026/07/25;0700 UTC;;;;;;;;;;;;;;;;;;
2026/07/25;0800 UTC;;;;;;;;;;;;;;;;;;
2026/07/25;0900 UTC;;;;;;;;;;;;;;;;;;
2026/07/25;1000 UTC;;;;;;;;;;;;;;;;;;
2026/07/25;1100 UTC;;;;;;;;;;;;;;;;;;
2026/07/25;1200 UTC;;;;;;;;;;;;;;;;;;
2026/07/25;1300 UTC;;;;;;;;;;;;;;;;;;
2026/07/25;1400 UTC;;;;;;;;;;;;;;;;;;
2026/07/25;1500 UTC;;;;;;;;;;;;;;;;;;
2026/07/25;1600 UTC;;;;;;;;;;;;;;;;;;
2026/07/25;1700 UTC;;;;;;;;;;;;;;;;;;
2026/07/25;1800 UTC;;;;;;;;;;;;;;;;;;
2026/07/25;1900 UTC;;;;;;;;;;;;;;;;;;
2026/07/25;2000 UTC;;;;;;;;;;;;;;;;;;
2026/07/25;2100 UTC;;;;;;;;;;;;;;;;;;
2026/07/25;2200 UTC;;;;;;;;;;;;;;;;;;
2026/07/25;2300 UTC;;;;;;;;;;;;;;;;;;
2026/07/26;0000 UTC;;;;;;;;;;;;;;;;;;
2026/07/26;0100 UTC;;;;;;;;;;;;;;;;;;
2026/07/26;0200 UTC;;;;;;;;;;;;;;;;;;
2026/07/26;0300 UTC;;;;;;;;;;;;;;;;;;
2026/07/26;0400 UTC;;;;;;;;;;;;;;;;;;
2026/07/26;0500 UTC;;;;;;;;;;;;;;;;;;
2026/07/26;0600 UTC;;;;;;;;;;;;;;;;;;
2026/07/26;0700 UTC;;;;;;;;;;;;;;;;;;
2026/07/26;0800 UTC;;;;;;;;;;;;;;;;;;
2026/07/26;0900 UTC;;;;;;;;;;;;;;;;;;
2026/07/26;1000 UTC;;;;;;;;;;;;;;;;;;
2026/07/26;1100 UTC;;;;;;;;;;;;;;;;;;
2026/07/26;1200 UTC;;;;;;;;;;;;;;;;;;
2026/07/26;1300 UTC;;;;;;;;;;;;;;;;;;
2026/07/26;1400 UTC;;;;;;;;;;;;;;;;;;
2026/07/26;1500 UTC;;;;;;;;;;;;;;;;;;
2026/07/26;1600 UTC;;;;;;;;;;;;;;;;;;
2026/07/26;1700 UTC;;;;;;;;;;;;;;;;;;
2026/07/26;1800 UTC;;;;;;;;;;;;;;;;;;
2026/07/26;1900 UTC;;;;;;;;;;;;;;;;;;
2026/07/26;2000 UTC;;;;;;;;;;;;;;;;;;
2026/07/26;2100 UTC;;;;;;;;;;;;;;;;;;
2026/07/26;2200 UTC;;;;;;;;;;;;;;;;;;
2026/07/26;2300 UTC;;;;;;;;;;;;;;;;;;
2026/07/27;0000 UTC;;;;;;;;;;;;;;;;;;
2026/07/27;0100 UTC;;;;;;;;;;;;;;;;;;
2026/07/27;0200 UTC;;;;;;;;;;;;;;;;;;
2026/07/27;0300 UTC;;;;;;;;;;;;;;;;;;
2026/07/27;0400 UTC;;;;;;;;;;;;;;;;;;
2026/07/27;0500 UTC;;;;;;;;;;;;;;;;;;
2026/07/27;0600 UTC;;;;;;;;;;;;;;;;;;
2026/07/27;0700 UTC;;;;;;;;;;;;;;;;;;
2026/07/27;0800 UTC;;;;;;;;;;;;;;;;;;
2026/07/27;0900 UTC;;;;;;;;;;;;;;;;;;
2026/07/27;1000 UTC;;;;;;;;;;;;;;;;;;
2026/07/27;1100 UTC;;;;;;;;;;;;;;;;;;
2026/07/27;1200 UTC;;;;;;;;;;;;;;;;;;
2026/07/27;1300 UTC;;;;;;;;;;;;;;;;;;
2026/07/27;1400 UTC;;;;;;;;;;;;;;;;;;
2026/07/27;1500 UTC;;;;;;;;;;;;;;;;;;
2026/07/27;1600 UTC;;;;;;;;;;;;;;;;;;
2026/07/27;1700 UTC;;;;;;;;;;;;;;;;;;
2026/07/27;1800 UTC;;;;;;;;;;;;;;;;;;
2026/07/27;1900 UTC;;;;;;;;;;;;;;;;;;
2026/07/27;2000 UTC;;;;;;;;;;;;;;;;;;
2026/07/27;2100 UTC;;;;;;;;;;;;;;;;;;
2026/07/27;2200 UTC;;;;;;;;;;;;;;;;;;
2026/07/27;2300 UTC;;;;;;;;;;;;;;;;;;
2026/07/28;0000 UTC;;;;;;;;;;;;;;;;;;
2026/07/28;0100 UTC;;;;;;;;;;;;;;;;;;
2026/07/28;0200 UTC;;;;;;;;;;;;;;;;;;
2026/07/28;0300 UTC;;;;;;;;;;;;;;;;;;
2026/07/28;0400 UTC;;;;;;;;;;;;;;;;;;
2026/07/28;0500 UTC;;;;;;;;;;;;;;;;;;
2026/07/28;0600 UTC;;;;;;;;;;;;;;;;;;
2026/07/28;0700 UTC;;;;;;;;;;;;;;;;;;
2026/07/28;0800 UTC;;;;;;;;;;;;;;;;;;
2026/07/28;0900 UTC;;;;;;;;;;;;;;;;;;
2026/07/28;1000 UTC;;;;;;;;;;;;;;;;;;
2026/07/28;1100 UTC;;;;;;;;;;;;;;;;;;
2026/07/28;1200 UTC;;;;;;;;;;;;;;;;;;
2026/07/28;1300 UTC;;;;;;;;;;;;;;;;;;
2026/07/28;1400 UTC;;;;;;;;;;;;;;;;;;
2026/07/28;1500 UTC;;;;;;;;;;;;;;;;;;
2026/07/28;1600 UTC;0;993,7;993,8;993,6;549,8;20;19,5;20;19,9;19,6;19,5;98;97;98;176;;;
2026/07/28;1700 UTC;0;993,3;993,3;993,2;373,1;20,7;19,3;20,7;20,7;19,4;19,1;94;92;93;103;3,9;2,5;
2026/07/28;1800 UTC;0;992,6;992,6;992,6;584,5;21;19,4;21;21;19,6;19,3;93;91;92;103;3,9;2,3;
2026/07/28;1900 UTC;0;992,5;992,7;992,4;563,9;21,3;19,7;21,4;21,3;19,8;19,5;93;91;92;123;7,4;5,5;
2026/07/28;2000 UTC;0;992,4;992,5;992,3;175,7;20,6;18,9;20,7;20,6;19;18,9;92;91;92;98;7,3;3,9;
2026/07/28;2100 UTC;0;991,9;992,4;991,4;151,1;20,4;18,8;20,5;20,2;19,1;18,2;94;89;92;99;7,5;4,4;
2026/07/28;2200 UTC;,6;991,4;992;990,9;;20;17,6;20,5;19,3;18,2;16,4;91;85;88;;;;
2026/07/28;2300 UTC;3;991,3;993,5;989,7;;18,8;15,5;19,3;17,4;16,2;15;89;79;84;;;;
2026/07/29;0000 UTC;3,5;991,8;997,3;989,7;;16,9;14,7;17,3;16,4;15,3;14,2;92;86;89;;;;
2026/07/29;0100 UTC;15,8;996,2;997,6;995,2;0;16,2;15,5;16,6;15,9;15,8;15,2;99;94;97;;;;
2026/07/29;0200 UTC;;;;;;;;;;;;;;;;;;
2026/07/29;0300 UTC;,6;996,8;997;996,6;0;16,1;15,2;16,2;16,1;15,3;15,1;96;95;95;;;;
2026/07/29;0400 UTC;0;994,7;994,9;994,5;0;16;14,6;16;15,9;14,9;14,5;94;93;93;;;;
2026/07/29;0500 UTC;0;994,3;994,4;994,1;0;15,5;13,4;15,6;15,5;13,5;13,2;90;88;89;;;;
2026/07/29;0600 UTC;;;;;;;;;;;;;;;;;;
2026/07/29;0700 UTC;7,3;999,8;1001,2;997;,3;15,2;13,5;16,1;14,7;14,3;12,2;94;86;92;;;;
2026/07/29;0800 UTC;0;992,4;993,3;991,8;0;14,4;13,7;14,5;14,4;13,8;13,7;97;96;97;;;;
2026/07/29;0900 UTC;0;993,6;993,7;993,5;0;14,6;13,5;14,6;14,6;13,5;13,4;95;94;94;;;;
2026/07/29;1000 UTC;0;995,7;995,7;995,7;0;13,8;13,4;13,9;13,8;13,5;13,2;98;97;98;;;;
2026/07/29;1100 UTC;;;;;;;;;;;;;;;;;;
2026/07/29;1200 UTC;;;;;;;;;;;;;;;;;;
2026/07/29;1300 UTC;0;999,5;999,7;999,4;1353,5;17;14,1;17,8;16,4;14,6;13,7;90;81;85;;;;
2026/07/29;1400 UTC;0;1000,2;1000,2;1000,2;1803,6;18,6;14,4;18,6;18,6;14,7;14,2;81;78;79;;;;
2026/07/29;1500 UTC;0;1000,3;1000,3;1000,2;2747,1;18,6;14,3;18,8;18,3;14,5;14,1;80;78;79;;;;
2026/07/29;1600 UTC;0;1000,3;1000,3;1000,2;1237,9;19,1;14,8;19,2;19,1;15,1;14,7;80;77;78;;;;
2026/07/29;1700 UTC;;;;;;;;;;;;;;;;;;
2026/07/29;1800 UTC;0;998,7;998,8;998,7;1588,5;19,8;14,3;20,1;19,6;15;14;75;71;73;;;;
2026/07/29;1900 UTC;0;999,3;999,4;999,2;641,9;19,9;14,4;19,9;19,9;14,8;14,2;75;71;73;;;;
2026/07/29;2000 UTC;0;999,9;999,9;999,9;457,5;19,5;14,9;19,6;19,5;15,1;14,5;78;75;77;;;;
2026/07/29;2100 UTC;0;1000,8;1000,8;1000,7;19,4;18,6;15,3;18,6;18,5;16;15;87;82;84;;;;
2026/07/29;2200 UTC;0;1001,5;1001,5;1001,4;0;18,2;15,1;18,3;18,1;15,1;15;85;84;85;;;;
2026/07/29;2300 UTC;0;1005,7;1007;1004,3;0;17,8;15,6;18,6;17,4;15,8;15,2;91;85;89;;;;
2026/07/30;0000 UTC;0;1006,3;1006,7;1005,4;0;16,9;14,9;17,1;16,6;15;14,7;91;89;90;;;;
2026/07/30;0100 UTC;0;1007;1008;1005,3;0;17,1;14,8;17,4;16,7;15,1;14,3;90;87;88;;;;
2026/07/30;0200 UTC;0;1007,2;1007,5;1007;0;16,6;14,6;16,7;16,5;14,8;14,5;91;90;90;;;;
2026/07/30;0300 UTC;0;1007,5;1008;1007,3;0;15,7;14,4;15,8;15,6;14,5;14,3;94;93;94;;;;
2026/07/30;0400 UTC;0;1008,3;1009,2;1007,5;0;15;14,3;15,4;14,8;14,6;14;98;95;96;;;;
2026/07/30;0500 UTC;0;1008;1008,4;1007,1;0;15,5;14,2;15,6;15,3;14,4;14,1;94;94;94;;;;
2026/07/30;0600 UTC;0;1007,9;1008,2;1007,3;0;14,5;14,2;14,7;14,4;14,3;14;99;98;98;;;;
2026/07/30;0700 UTC;0;1007,5;1008,2;1006,8;0;15;14,8;15,1;14,9;14,9;14,6;99;98;99;;;;
2026/07/30;0800 UTC;0;1008,3;1009;1006,7;0;15,1;15,1;15,3;15;15,2;15;100;100;100;;;;
2026/07/30;0900 UTC;0;1008,4;1009,3;1007,3;0;15,2;14,9;15,4;14,9;15,1;14,6;99;98;98;;;;
2026/07/30;1000 UTC;0;1009,1;1009,4;1008,9;0;15,5;14,7;15,6;15,5;14,8;14,7;96;96;96;;;;
2026/07/30;1100 UTC;0;1009,6;1010,5;1008,4;45,6;15,9;14,8;16,1;15,6;15;14,5;95;94;94;;;;
2026/07/30;1200 UTC;0;1010,7;1010,9;1010,6;294,8;16,2;14,7;16,4;16,1;14,8;14,6;93;92;92;;;;
2026/07/30;1300 UTC;0;1010,3;1010,9;1009,2;592;16,7;14,6;16,8;16,3;14,8;14,1;90;89;90;;;;
2026/07/30;1400 UTC;0;1010,1;1010,8;1008,7;816,3;17,1;14,7;17,4;16,9;15;14,4;89;86;88;;;;
2026/07/30;1500 UTC;0;1009,7;1010,3;1008,4;1656,1;18,2;14,7;18,4;17,9;15;14,3;84;82;83;;;;
2026/07/30;1600 UTC;0;1007,4;1007,6;1007,1;2742,4;19;14,6;19,3;18,8;14,8;14,4;78;77;78;;;;
2026/07/30;1700 UTC;0;1006;1006,4;1005,7;2160,6;19,9;14,9;20,1;19,8;15;14,8;75;74;75;;;;
2026/07/30;1800 UTC;0;1005,5;1005,8;1005,2;1811,9;20,5;15,3;20,8;20,4;15,6;15;75;73;74;;;;
2026/07/30;1900 UTC;0;1005;1005,4;1004,5;1194,2;20,7;15,7;20,8;20,6;16;15,5;77;74;75;;;;
2026/07/30;2000 UTC;0;1006,5;1006,8;1006,2;525,5;20,5;15,9;20,6;20,4;16,1;15,7;77;76;77;;;;
2026/07/30;2100 UTC;0;1006,9;1007,9;1005,1;17,1;19,6;15,9;19,7;19,4;16,1;15,6;82;81;82;;;;
2026/07/30;2200 UTC;0;1006;1006,8;1004,7;0;18,8;15,5;19,1;18,6;15,8;15,3;84;83;83;;;;
2026/07/30;2300 UTC;0;1006,9;1007,3;1006,3;0;18,4;15,5;18,6;18,2;15,7;15,3;86;85;86;;;;
2026/07/31;0000 UTC;0;1006,7;1007,3;1006,3;0;18,1;15,5;18,2;17,9;15,6;15,3;87;87;87;;;;
2026/07/31;0100 UTC;0;1006,5;1007,7;1004,4;0;18;15,6;18,3;17,7;15,9;15,3;89;87;88;;;;
2026/07/31;0200 UTC;0;1007,8;1008,4;1006,3;0;17,6;16;17,7;17,5;16,1;15,9;92;92;92;;;;
2026/07/31;0300 UTC;;;;;;;;;;;;;;;;;;
2026/07/31;0400 UTC;;;;;;;;;;;;;;;;;;
2026/07/31;0500 UTC;0;1007,1;1007,7;1006,4;0;16,7;15,9;16,8;16,5;16,1;15,8;97;96;96;;;;
2026/07/31;0600 UTC;0;1006,2;1006,8;1005,9;0;16,4;15,8;16,5;16,3;15,9;15,7;97;97;97;;;;
2026/07/31;0700 UTC;0;1006,4;1006,5;1006,3;0;16,2;15,9;16,3;16,1;16,1;15,8;99;98;99;;;;
2026/07/31;0800 UTC;0;1005,4;1006,1;1003,9;0;16;15,8;16,2;15,6;16;15,4;99;98;99;;;;
2026/07/31;0900 UTC;0;1005,5;1005,7;1005,2;0;16,1;16;16,3;16;16,2;15,9;100;100;100;;;;
2026/07/31;1000 UTC;0;1005,9;1006,2;1005,5;0;16,3;16;16,5;16,2;16,3;15,9;99;99;99;;;;
2026/07/31;1100 UTC;0;1006,5;1007;1006,1;126,2;16,3;16,1;16,4;16,3;16,1;16;99;99;99;;;;
2026/07/31;1200 UTC;0;1005,9;1006;1005,8;884,2;17,9;16,5;18,1;17,6;16,8;16,2;94;92;93;;;;
2026/07/31;1300 UTC;0;1004,6;1005,1;1004,3;1459,5;21,2;17,7;21,4;21,1;17,9;17,5;83;82;82;;;;
2026/07/31;1400 UTC;0;1000,5;1000,5;1000,4;1738,9;24,1;17,8;24,3;23,8;18;17,6;71;67;69;;;;
2026/07/31;1500 UTC;0;999,4;999,5;999,3;2329,9;25,9;18,5;26;25,9;18,9;18,3;65;62;63;;;;
2026/07/31;1600 UTC;0;998;998;997,8;2403,3;27,5;19,8;27,7;27,4;20,1;19,5;63;59;61;;;;
2026/07/31;1700 UTC;0;996,8;996,8;996,7;2157;28,2;19,8;28,2;28,2;20,2;19,5;60;56;58;;;;
2026/07/31;1800 UTC;0;996;996;995,9;1818,5;28,9;19,4;28,9;28,9;19,6;19,3;54;52;53;;;;
2026/07/31;1900 UTC;0;995,5;995,6;995,5;1234,9;28,6;19,5;28,6;28,6;19,7;19,3;56;53;55;;;;
2026/07/31;2000 UTC;0;995,2;995,2;995,1;600,9;27,9;19,5;28;27,9;19,7;19,3;59;57;58;;;;
2026/07/31;2100 UTC;0;995,2;995,2;995,1;23,9;26;18,5;26,1;26;18,6;18,5;63;62;62;;;;
2026/07/31;2200 UTC;0;995,5;995,5;995,5;0;25,2;18,1;25,3;25,1;18,1;18,1;65;64;65;;;;
2026/07/31;2300 UTC;0;995,6;995,7;995,6;0;24,6;17,8;24,7;24,6;17,9;17,8;66;66;66;;;;
2026/08/01;0000 UTC;0;995,6;995,7;995,6;0;24,4;17,7;24,5;24,3;17,7;17,6;67;66;66;;;;
2026/08/01;0100 UTC;0;995,4;995,8;995,3;0;24,4;17,6;24,7;24,2;17,8;17,5;67;65;66;;;;
2026/08/01;0200 UTC;0;995,5;995,5;995,4;0;24;17,2;24,1;23,8;17,3;17,2;67;66;66;;;;
2026/08/01;0300 UTC;0;995,8;996;995,7;0;24,3;17,3;24,4;24,2;17,4;17,3;65;65;65;;;;
2026/08/01;0400 UTC;0;995,1;995,4;994,8;0;24,4;17,3;24,5;24,3;17,3;17,2;65;64;64;;;;
2026/08/01;0500 UTC;0;995,2;995,4;995,1;0;24,5;16,9;24,5;24,4;17;16,8;63;62;62;;;;
2026/08/01;0600 UTC;0;994,6;994,9;993,8;0;24,1;16,6;24,3;24;16,7;16,5;63;62;62;;;;
2026/08/01;0700 UTC;0;993,7;993,9;993,5;0;24,3;16,4;24,3;24,2;16,4;16,3;61;60;61;;;;
2026/08/01;0800 UTC;0;992,5;992,8;992,2;0;24,1;16,1;24,2;24;16,2;16;60;60;60;;;;
2026/08/01;0900 UTC;0;993,6;993,8;993,1;0;23,7;15,9;23,9;23,6;15,9;15,8;61;60;61;;;;
2026/08/01;1000 UTC;0;993,9;994;993,7;0;23,1;15,7;23,1;23;15,7;15,6;64;63;63;;;;
2026/08/01;1100 UTC;0;993,5;993,9;992,6;114,2;23,1;15,8;23,4;22,8;15,9;15,6;64;62;63;;;;
2026/08/01;1200 UTC;0;993,1;993,5;992,8;897,6;24,2;16,1;24,2;24,1;16,2;16;60;60;60;;;;
2026/08/01;1300 UTC;0;993,1;993,2;992,8;1554,8;24,5;17;24,8;24;17,2;16,7;64;61;62;;;;
2026/08/01;1400 UTC;0;992,2;992,3;991,9;263,9;24,5;17;24,8;24,4;17,1;16,8;63;61;62;;;;
2026/08/01;1500 UTC;2,4;996,3;996,6;996;24,7;16;15,1;16,2;15,9;15,2;15,1;96;95;96;;;;
2026/08/01;1600 UTC;,6;996,4;996,5;996,3;276,1;15,7;15;15,8;15,7;15;14,9;96;96;96;;;;
2026/08/01;1700 UTC;5,3;997,2;997,9;996,6;79;15,6;14,9;15,7;15,5;15,1;14,7;97;96;97;;;;
2026/08/01;1800 UTC;5,1;998;998,7;997,2;110,7;15,5;14,8;15,6;15,5;15;14,5;97;95;96;;;;
2026/08/01;1900 UTC;2,2;998,4;998,8;998;0;;15;;;15,1;14,7;;;;;;;
2026/08/01;2000 UTC;1,2;997,9;998,5;995,6;85;15,6;15;15,7;15,4;15,2;14,7;98;96;97;;;;
2026/08/01;2100 UTC;,2;996,6;997,6;995,2;70,1;16,1;15,2;20;15,4;19,7;14,4;99;93;95;;;;
2026/08/01;2200 UTC;0;998,5;999;997,6;4,8;15,3;14,5;15,6;15,1;14,6;14,3;97;94;96;;;;
2026/08/01;2300 UTC;0;999,4;999,9;999;0;15,1;14,6;15,4;14,8;14,7;14,5;98;96;97;;;;
2026/08/02;0000 UTC;0;1000,2;1000,5;999,9;0;;14,5;;;14,8;14,3;99;96;98;;;;
2026/08/02;0100 UTC;0;1000,9;1001;1000,5;0;18,1;14,5;20,6;15,1;14,6;14,4;100;96;99;;;;
2026/08/02;0200 UTC;0;1001;1001;1001;0;20,3;;20,8;19,7;;;100;100;100;;;;
2026/08/02;0300 UTC;0;1001;1001;1001;0;20,2;;20,8;19,7;;;100;100;100;;;;
2026/08/02;0400 UTC;0;1001;1001;1001;0;19,8;;20,2;19,1;;;100;100;100;;;;
2026/08/02;0500 UTC;0;1001;1001;1001;0;19,9;;20,3;19,6;;;100;100;100;;;;
2026/08/02;0600 UTC;0;1001;1001;1001;0;20;;20,4;19,7;;;100;100;100;;;;
2026/08/02;0700 UTC;0;1001;1001;1001;0;19,5;;20,3;18,3;;;100;100;100;;;;
2026/08/02;0800 UTC;0;1027,8;1029,2;1027;0;18,4;;18,7;18,2;;;100;100;100;;;;
2026/08/02;0900 UTC;0;1027,4;1029,4;1024,9;0;18,2;;18,5;17,9;;;100;100;100;;;;
2026/08/02;1000 UTC;0;1027,9;1028,9;1027,5;0;18,9;;19,2;18,2;;;100;100;100;;;;
2026/08/02;1100 UTC;0;1029,3;1030,1;1027,9;78,9;19,1;;19,6;18,6;;;100;100;100;;;;
2026/08/02;1200 UTC;0;1027,7;1030,4;1022,2;390;19,8;19,2;20,2;18,8;20,2;17,8;100;91;98;;;;
2026/08/02;1300 UTC;0;1002,7;1002,8;1002,6;1654,1;16,4;13,2;16,5;16,4;13,5;13;86;83;84;;;;
2026/08/02;1400 UTC;0;1003;1003,1;1003;1504,1;17;13,1;17,2;16,9;13,3;12,8;82;79;80;;;;
2026/08/02;1500 UTC;0;1002,4;1002,5;1002,4;2451,9;18,2;13,4;18,3;18,2;13,7;13,2;77;74;76;;;;
2026/08/02;1600 UTC;;;;;;;;;;;;;;;;;;
2026/08/02;1700 UTC;0;1000,3;1000,3;1000,3;;19,9;14,2;19,9;19,9;14,2;14,2;72;72;72;;;;
2026/08/02;1800 UTC;0;999,3;999,3;999,3;1855,9;21;14,9;21,1;21;15,4;14,6;72;68;69;;;;
2026/08/02;1900 UTC;0;999,1;999,2;999;891,8;22,6;17,4;24,7;20,7;19,9;15;78;72;74;;;;
2026/08/02;2000 UTC;0;1021,1;1022,5;1018,7;364,1;25,1;21,1;25,4;24,9;21,6;20,7;81;79;80;;;;
2026/08/02;2100 UTC;0;1025,3;1026,1;1023,4;30,5;22,7;21,3;23,5;21,9;22,4;20,5;94;93;93;;;;
2026/08/02;2200 UTC;0;1025,1;1025,3;1024,9;0;22,5;21,6;22,8;22;21,8;21;96;95;95;;;;
2026/08/02;2300 UTC;0;1024,8;1026;1022,4;0;22;21,2;22,3;21,5;21,5;20,6;97;96;96;;;;
2026/08/03;0000 UTC;0;1024,2;1024,3;1023,8;0;21,7;21,2;22;21,4;21,5;20,9;98;97;97;;;;
2026/08/03;0100 UTC;0;1024,9;1027;1023;0;21,5;21,1;21,9;21,1;21,6;20,6;99;97;98;;;;
2026/08/03;0200 UTC;0;1024,2;1025,4;1022,5;0;21,2;21,2;21,4;20,9;21,5;21,1;100;100;100;;;;
2026/08/03;0300 UTC;0;1025,5;1027,1;1022,3;0;20,9;20,9;21,2;20,5;21,3;20,6;100;100;100;;;;
2026/08/03;0400 UTC;0;1025,4;1027,1;1023,5;0;20,8;20,9;21,1;20,4;21,3;20,5;100;100;100;;;;
2026/08/03;0500 UTC;0;1024,7;1026,7;1021,7;0;20,7;21,1;21;20,2;21,1;21,1;100;100;100;;;;
2026/08/03;0600 UTC;0;1024,9;1027,3;1021,2;0;20,6;;21,1;19,8;;;100;100;100;;;;
2026/08/03;0700 UTC;0;1025,6;1027,7;1024,1;0;20,5;;20,9;20,3;;;100;100;100;;;;
2026/08/03;0800 UTC;0;1025,7;1027,7;1024,4;0;20,7;;21,1;20,3;;;100;100;100;;;;
2026/08/03;0900 UTC;0;1025,9;1028,2;1024,5;0;20,7;;21,2;20,3;;;100;100;100;;;;
2026/08/03;1000 UTC;0;1026,9;1028,3;1025,5;0;20,9;;21,1;20,6;;;100;100;100;;;;
2026/08/03;1100 UTC;0;1026,9;1028;1025,5;9,7;20,9;;21,3;20,6;;;100;100;100;;;;
2026/08/03;1200 UTC;0;1027,3;1028,6;1025,6;94,7;20,9;;21,3;20,4;;;100;100;100;;;;
2026/08/03;1300 UTC;0;1026;1028;1023,4;356,7;21,1;;21,4;20,7;;;100;100;100;;;;
2026/08/03;1400 UTC;0;1022,6;1025,6;1018,6;924,4;21,6;21,7;22,5;21,1;22,4;20,9;100;96;99;;;;
2026/08/03;1500 UTC;0;1022,5;1025,3;1018,4;1152,8;23,1;22,1;23,8;21,7;23,2;20,7;97;93;95;;;;
2026/08/03;1600 UTC;0;1022,9;1024,5;1020,3;941,7;24,6;23;24,9;24,5;23,3;22,9;92;92;92;;;;
2026/08/03;1700 UTC;;;;;;;;;;;;;;;;;;
2026/08/03;1800 UTC;;;;;;;;;;;;;;;;;;
2026/08/03;1900 UTC;0;1022,3;1023,3;1020,2;298,9;25,4;24,3;25,7;25,1;24,5;24;95;94;94;;;;
2026/08/03;2000 UTC;;;;;;;;;;;;;;;;;;
2026/08/03;2100 UTC;0;998,6;998,6;997,8;47,8;20,7;17,3;20,8;20,4;18,6;17,3;89;81;81;;;;
2026/08/03;2200 UTC;0;998,8;998,8;998,4;0;20,1;17,1;20,5;20;17,5;16,9;85;81;82;;;;
2026/08/03;2300 UTC;0;998,2;998,9;998,2;0;19,6;17,2;20,1;19,6;17,4;16,8;87;82;86;;;;
2026/08/04;0000 UTC;0;997,8;998,2;997,6;0;19,8;17;19,9;19,3;17,3;16,8;88;83;84;;;;
2026/08/04;0100 UTC;0;998,2;998,2;997,7;0;20,3;17;20,3;19,9;17;16,8;83;81;81;;;;
2026/08/04;0200 UTC;0;998,4;998,4;998,1;0;19,4;16,7;20,4;19,4;17,1;16,4;84;79;84;;;;
2026/08/04;0300 UTC;0;998,6;999,1;998,4;0;19,8;16,4;19,9;18,5;16,9;16,3;89;81;81;;;;
2026/08/04;0400 UTC;0;998,3;998,5;998,1;0;19;16,1;20,5;19;16,3;15,8;84;76;84;;;;
2026/08/04;0500 UTC;0;999;999,2;998,3;0;18,4;16,2;19;17,6;16,5;15,9;93;83;87;;;;
2026/08/04;0600 UTC;0;999;999,3;998,9;0;18,2;16;18,7;18,2;16,1;15,9;87;84;87;;;;
2026/08/04;0700 UTC;0;999,7;1000,1;998,8;0;17,8;16,2;18,1;17,5;16,2;16;91;87;90;;;;
2026/08/04;0800 UTC;0;999;999,7;999;0;17,9;16,2;18;17,7;16,2;16;91;88;90;;;;
2026/08/04;0900 UTC;,2;999,6;999,6;998,5;0;18,3;16,7;18,7;17,8;16,7;16,1;90;85;90;;;;
2026/08/04;1000 UTC;0;999,7;999,9;998,9;0;18,8;16,5;18,8;18;16,9;16,5;93;86;86;;;;
2026/08/04;1100 UTC;0;1000,5;1001;999,7;10,2;18,5;16,6;19,4;17,9;16,8;16,4;93;84;89;;;;
2026/08/04;1200 UTC;0;1000,6;1001;1000,5;346,8;18,6;17;18,6;18;17;16,5;92;89;91;;;;
2026/08/04;1300 UTC;0;1000,8;1000,8;1000,4;930,4;20,9;17;20,9;18,6;17,6;16,8;90;78;78;;;;
2026/08/04;1400 UTC;0;1000,6;1001,1;1000,6;1762,8;22,5;17,4;22,5;21;18,2;17;81;73;73;;;;
2026/08/04;1500 UTC;0;999,8;1000,6;999,8;2083,6;23,3;17,9;23,3;22,1;18,2;17;77;68;72;;;;
2026/08/04;1600 UTC;0;999;999,8;999;1761;23,5;17,6;23,7;23,3;18,1;16,9;71;67;69;;;;
2026/08/04;1700 UTC;0;998;999;998;1768,9;24,2;17;24,5;23,3;17,6;16,4;69;61;64;;;;
2026/08/04;1800 UTC;0;997,3;998;997,3;1303,1;24,5;18,1;24,5;24,1;18,4;16,9;70;64;68;;;;
2026/08/04;1900 UTC;0;997,3;997,3;997,2;1098,4;25,5;18,8;25,5;24,5;19,4;17,6;70;65;67;;;;
2026/08/04;2000 UTC;0;997,4;997,4;997,1;701;24;19,4;25,6;24;19,4;17,9;75;63;75;;;;
2026/08/04;2100 UTC;0;997,9;997,9;997,4;148,3;22,7;19,3;24;22,7;19,9;18,9;82;74;81;;;;
2026/08/04;2200 UTC;0;998,4;998,4;997,9;,3;21,9;19;22,7;20,9;19,4;18,6;91;79;83;;;;
2026/08/04;2300 UTC;0;998,7;998,7;998,4;0;20,5;18,8;22;20,5;19;18,8;90;83;90;;;;
2026/08/05;0000 UTC;0;998,8;998,9;998,7;0;20,1;18,8;20,6;20;18,9;18,7;93;90;92;;;;
2026/08/05;0100 UTC;0;998,8;998,9;998,8;0;19,1;18,3;19,9;19;18,8;18,2;96;92;95;;;;
2026/08/05;0200 UTC;0;998,8;998,9;998,7;0;18,3;17,8;19;18,3;18,2;17,8;96;94;96;;;;
2026/08/05;0300 UTC;0;998,9;999;998,8;0;18,4;18;18,4;18;18;17,7;98;97;97;;;;
2026/08/05;0400 UTC;0;998,5;998,9;998,5;0;18,9;18;19;18,5;18,1;18;97;95;95;;;;
2026/08/05;0500 UTC;0;998,3;998,6;998,3;0;18,8;18,1;18,9;18,6;18,1;18;96;95;96;;;;
2026/08/05;0600 UTC;0;997,6;998,3;997,5;0;18,1;17,8;18,8;18;18,1;17,8;99;96;98;;;;
2026/08/05;0700 UTC;0;997,4;997,6;997,4;0;17,8;17,7;18,1;17,8;17,9;17,6;99;98;99;;;;
2026/08/05;0800 UTC;0;997,1;997,4;997,1;0;17,7;17,7;17,9;17,5;17,8;17,4;100;99;100;;;;
2026/08/05;0900 UTC;0;997,1;997,2;997;0;17,8;17,7;17,8;17,7;17,7;17,6;100;99;99;;;;
2026/08/05;1000 UTC;0;997,7;997,7;997,1;0;17,5;17,5;17,8;17,5;17,7;17,5;100;99;100;;;;
2026/08/05;1100 UTC;0;998,5;998,5;997,7;30,5;17,5;17,5;17,6;17,5;17,6;17,5;100;100;100;;;;
2026/08/05;1200 UTC;0;998,9;998,9;998,5;336,5;18,2;18,2;18,2;17,5;18,2;17,5;100;100;100;;;;
2026/08/05;1300 UTC;0;998,8;998,9;998,8;468,8;18,7;18,6;18,7;18,1;18,7;18,1;100;99;99;;;;
2026/08/05;1400 UTC;0;998,5;998,9;998,5;1701,1;21,3;19,6;21,3;18,6;19,6;18,5;100;89;90;;;;
2026/08/05;1500 UTC;0;997,6;998,4;997,5;2284,3;24,4;18,2;24,5;21,4;19,9;18,2;90;68;68;;;;
2026/08/05;1600 UTC;0;996,5;997,6;996,5;1754,9;24,1;19,4;24,6;23,7;19,4;17,9;75;68;75;;;;
2026/08/05;1700 UTC;0;995,3;996,5;995,3;2124,8;25,4;18,8;25,4;24;19,3;18,4;73;67;67;;;;
2026/08/05;1800 UTC;0;994,4;995,3;994,4;2083,3;25,6;18,2;25,8;24,9;19,9;18,2;72;63;64;;;;
2026/08/05;1900 UTC;0;994,3;994,4;994,3;1413,2;25,7;18,1;26;25;19,1;17,6;68;60;63;;;;
2026/08/05;2000 UTC;0;994,3;994,4;994,2;642,9;24,5;18,5;26;24,5;19;17,7;71;61;69;;;;
2026/08/05;2100 UTC;0;994,4;994,4;994,1;226,5;22,9;19,1;24,8;22,9;19,8;18,4;79;69;79;;;;
2026/08/05;2200 UTC;0;994,9;994,9;994,4;42,6;21,5;19,3;22,9;21,5;19,5;18,7;87;81;87;;;;
2026/08/05;2300 UTC;0;995,1;995,2;994,8;0;21,4;18,4;21,7;21;19,5;18,4;90;83;83;;;;
2026/08/06;0000 UTC;0;995,1;995,1;994,9;0;20,8;19,1;22,4;20,8;19,2;18,2;90;78;90;;;;
2026/08/06;0100 UTC;0;994,9;995,2;994,9;0;19,9;18,4;21,5;19,9;18,9;18,2;91;82;91;;;;
2026/08/06;0200 UTC;0;994,4;994,9;994,3;0;19,2;18,2;19,9;19,2;18,4;18,2;94;91;94;;;;
2026/08/06;0300 UTC;0;994,3;994,9;994,3;0;18,2;17,8;19,2;18,2;18,5;17,7;98;94;98;;;;
2026/08/06;0400 UTC;0;994,1;995;994,1;0;17,8;17,8;18,3;17,3;18,1;16,9;100;97;100;;;;
2026/08/06;0500 UTC;0;993,5;996,7;993,5;0;17,3;17,2;18,3;17,3;18,3;17,2;100;100;100;;;;
2026/08/06;0600 UTC;0;993,1;993,5;993,1;0;17,9;17,9;17,9;17,2;17,9;17,2;100;100;100;;;;
2026/08/06;0700 UTC;0;992,5;996,2;992,3;0;17,9;17,9;18,7;17,8;18,7;17,8;100;100;100;;;;
2026/08/06;0800 UTC;0;991,8;1001,6;991,8;0;18;18;19,7;17,8;19,7;17,8;100;100;100;;;;
2026/08/06;0900 UTC;0;991,8;994,3;991,7;0;17,8;17,7;18,2;17,4;18,2;17,4;100;99;99;;;;
2026/08/06;1000 UTC;0;995,8;1003,8;991,6;0;18;17,9;20;17,2;20;17;100;98;99;;;;
2026/08/06;1100 UTC;0;996,1;1000,8;991,8;51,7;19,3;18,5;19,3;17,4;19,3;17,2;100;95;95;;;;
2026/08/06;1200 UTC;0;995,6;996,3;994,9;578,1;20,9;19,2;21,1;19,3;19,3;18,4;95;88;90;;;;
2026/08/06;1300 UTC;0;994,9;995,8;994,2;788;22,3;20;22,3;20,9;20;18,8;92;85;87;;;;
2026/08/06;1400 UTC;0;995,5;995,9;994,1;1077,6;24,1;20,8;24,2;22,3;21,1;19,6;88;79;82;;;;
2026/08/06;1500 UTC;0;993,7;995,6;993,6;1480,9;25,5;20,9;26,2;24;21,3;20,2;82;71;76;;;;
2026/08/06;1600 UTC;0;992,4;993,6;992;1600,2;27,5;20,8;27,7;26,1;21,6;20,3;74;66;67;;;;
2026/08/06;1700 UTC;0;994;995,9;992;1293,7;27,3;21,5;28,3;26,8;21,8;20,2;72;65;70;;;;
2026/08/06;1800 UTC;0;993,6;994,1;993;1505,2;28;21,2;28,8;27,4;22,3;20,8;71;63;67;;;;
2026/08/06;1900 UTC;0;984;1000,9;984;569;25,2;19,4;29,2;25,2;23,3;19,2;71;66;70;;;;
2026/08/06;2000 UTC;0;983,1;984;983,1;98,5;24,3;18,6;25,3;24,3;19,5;18,3;71;67;71;;;;
2026/08/06;2100 UTC;2;988,7;988,7;982,9;9,9;16,6;15,4;24,2;16,6;19;15,4;93;69;93;;;;
2026/08/06;2200 UTC;16;988;991,7;988;1,3;15,8;15,6;17,4;15,7;17,1;15,3;99;94;99;;;;
2026/08/06;2300 UTC;;;;;;;;;;;;;;;;;;
2026/08/07;0000 UTC;;;;;;;;;;;;;;;;;;
2026/08/07;0100 UTC;;;;;;;;;;;;;;;;;;
2026/08/07;0200 UTC;;;;;;;;;;;;;;;;;;
2026/08/07;0300 UTC;;;;;;;;;;;;;;;;;;
2026/08/07;0400 UTC;;;;;;;;;;;;;;;;;;
2026/08/07;0500 UTC;;;;;;;;;;;;;;;;;;
2026/08/07;0600 UTC;;;;;;;;;;;;;;;;;;
2026/08/07;0700 UTC;;;;;;;;;;;;;;;;;;
2026/08/07;0800 UTC;;;;;;;;;;;;;;;;;;
2026/08/07;0900 UTC;;;;;;;;;;;;;;;;;;
2026/08/07;1000 UTC;;;;;;;;;;;;;;;;;;
2026/08/07;1100 UTC;;;;;;;;;;;;;;;;;;
2026/08/07;1200 UTC;;;;;;;;;;;;;;;;;;
2026/08/07;1300 UTC;;;;;;;;;;;;;;;;;;
2026/08/07;1400 UTC;;;;;;;;;;;;;;;;;;
2026/08/07;1500 UTC;0;1000,3;1000,4;1000,2;2641,2;12,1;5,6;12,4;11,9;6,7;4,7;70;61;64;;;;
2026/08/07;1600 UTC;0;1000,1;1000,3;1000;2363,6;12,4;5,3;12,7;11,6;6,3;4,1;67;59;62;;;;
2026/08/07;1700 UTC;0;999,3;1000;999,3;2018,7;13;6,6;13,2;12,4;6,7;4,7;68;58;65;;;;
2026/08/07;1800 UTC;0;998,5;999,3;998,4;1535,7;12,6;6,5;13,5;12,5;7,7;4,2;70;55;66;;;;
2026/08/07;1900 UTC;0;997,6;998,5;997,6;1237;13,6;5,9;14,2;12,4;7,2;5,4;68;56;60;;;;
2026/08/07;2000 UTC;0;997,3;997,7;997,3;1069,4;14,2;5,2;14,3;13,4;6,9;5;64;54;55;;;;
2026/08/07;2100 UTC;0;997,2;997,4;997;281,7;12,1;5,5;14,3;12,1;6,5;4,3;64;52;64;;;;
2026/08/07;2200 UTC;0;997,3;997,3;997,2;0;10,4;7,1;10,6;10,4;7,1;5,4;80;70;80;;;;
2026/08/07;2300 UTC;0;996,9;997,3;996,9;0;9,2;7,5;10,4;9,1;8,3;6,8;94;80;89;;;;
2026/08/08;0000 UTC;0;996,4;996,9;996,4;0;8,6;7,7;9,2;8,6;7,8;7,2;94;89;94;;;;
2026/08/08;0100 UTC;0;996,4;996,4;996,3;0;8,1;7,1;8,4;8;7,6;7,1;96;93;93;;;;
2026/08/08;0200 UTC;0;995,6;996,4;995,6;0;8;6,3;8,4;7,7;7,4;6,3;96;89;89;;;;
2026/08/08;0300 UTC;0;995;995,7;995;0;7,3;6,3;8;7,3;6,5;5,9;93;89;93;;;;
2026/08/08;0400 UTC;0;994,3;995;994,3;0;6,7;6,3;7,3;6,7;6,5;5,9;97;93;97;;;;
2026/08/08;0500 UTC;0;993,5;994,3;993,5;0;6,6;6,3;6,9;6,3;6,6;6,1;99;97;98;;;;
2026/08/08;0600 UTC;0;993,5;993,8;993,5;0;6,6;6,3;6,8;6,5;6,5;6,1;98;97;98;;;;
2026/08/08;0700 UTC;0;993,3;993,5;993,3;0;6,4;6,4;6,7;6,2;6,4;6,1;100;98;100;;;;
2026/08/08;0800 UTC;0;993,4;993,5;993,2;0;6,2;6,2;6,5;6,2;6,5;6,1;100;99;100;;;;
2026/08/08;0900 UTC;0;993,1;993,7;993,1;0;6,2;6,2;6,5;5,8;6,4;5,6;100;98;100;;;;
2026/08/08;1000 UTC;0;993,4;993,5;993,1;0;6,4;6,2;6,4;5,9;6,3;5,6;100;98;98;;;;
2026/08/08;1100 UTC;0;993,5;993,8;993,3;42,5;7,4;7,2;7,4;6,5;7,2;6,2;100;98;99;;;;
2026/08/08;1200 UTC;0;993,2;993,5;993;478,7;8,5;7,7;8,7;7,4;8,2;7,2;99;94;95;;;;
2026/08/08;1300 UTC;0;993,9;993,9;993,3;340,4;8,7;7,8;8,8;8,5;8,1;7,6;96;93;94;;;;
2026/08/08;1400 UTC;0;993,7;994;993,6;384,1;9,6;8,1;9,6;8,8;8,4;7,8;96;90;91;;;;
2026/08/08;1500 UTC;0;993,3;993,7;993,3;1501,8;11,9;9,3;12;9,6;9,8;7,9;92;82;84;;;;
2026/08/08;1600 UTC;0;993;993,5;992,8;2465,2;14,2;10,8;14,2;11,7;10,8;9,1;86;75;80;;;;
2026/08/08;1700 UTC;0;992,4;993;992,3;2337,5;15,3;9,3;15,8;14,3;10,8;9,2;78;66;67;;;;
2026/08/08;1800 UTC;0;992,5;992,6;992,3;2114,8;15,8;9,3;16,3;15;10,2;8,9;71;64;65;;;;
2026/08/08;1900 UTC;0;993,2;993,2;920,9;1197,2;15,9;8,4;16,7;15,7;9,5;8,2;66;60;61;;;;
2026/08/08;2000 UTC;0;994;994,1;993,2;752,7;15,8;8,7;16,7;15,7;9,1;7,9;65;57;63;;;;
2026/08/08;2100 UTC;0;995,2;995,3;994;229,2;14,6;7,9;15,8;14,6;8,4;7,5;64;59;64;;;;
2026/08/08;2200 UTC;0;996,4;996,4;995,2;3,9;13,1;8,1;14,6;13,1;8,2;7,8;72;64;72;;;;
2026/08/08;2300 UTC;0;997,6;997,7;996,4;0;12,8;8;13,5;12,4;8,1;7,6;75;68;73;;;;
2026/08/09;0000 UTC;0;998,4;998,4;997,6;0;11,8;7,6;12,8;11,5;8,2;7,4;78;70;76;;;;
2026/08/09;0100 UTC;0;999,2;999,2;998,4;0;11,5;7,3;11,8;10,9;7,8;7,2;80;75;75;;;;
2026/08/09;0200 UTC;0;1000,4;1000,4;999,2;0;10,1;7,9;11,5;9,6;7,9;7,3;87;75;86;;;;
2026/08/09;0300 UTC;0;1000,6;1000,9;1000,3;0;9;7,8;10,1;9;8;7,6;92;86;92;;;;
2026/08/09;0400 UTC;0;1001,1;1001,1;1000,5;0;9;7,1;9,8;8,2;7,8;7,1;94;85;88;;;;
2026/08/09;0500 UTC;0;1001,7;1001,8;1001,1;0;9,7;6;10,2;9,1;7,1;6;87;76;78;;;;
2026/08/09;0600 UTC;0;1003,3;1003,3;1000,9;0;8,6;6,1;9,7;8,1;6,2;5,8;86;77;84;;;;
2026/08/09;0700 UTC;0;1004,1;1004,3;1003,3;0;8;6,5;8,6;7,8;7,2;6,1;93;85;91;;;;
2026/08/09;0800 UTC;0;1004,4;1004,4;1004,1;0;7,7;5,3;8,7;7,7;6,5;4,9;90;79;85;;;;
2026/08/09;0900 UTC;0;1004,6;1004,7;1004,4;0;7,5;5,5;7,7;7,1;6,1;5,1;91;84;87;;;;
2026/08/09;1000 UTC;0;1004,3;1004,5;1004,2;0;5,4;4,9;7,5;5,4;5,5;4,8;97;87;97;;;;
2026/08/09;1100 UTC;0;1004;1004,3;1003,8;43;5,6;4,6;5,7;4,8;5,2;4,4;99;93;93;;;;
2026/08/09;1200 UTC;0;1004,1;1004,2;1003,9;617,1;8,1;4,7;8,1;5,7;5,3;4,2;93;78;79;;;;
2026/08/09;1300 UTC;0;1005,6;1005,6;1004,1;1496,7;10,4;3,9;10,5;8,1;5,3;3,3;82;63;64;;;;
2026/08/09;1400 UTC;0;1005,6;1006;1005,5;2104,8;11,6;4,5;11,6;10,4;5;2,5;68;54;62;;;;
2026/08/09;1500 UTC;0;1005,9;1005,9;1005,6;2544,8;13,3;2,3;13,3;11,6;5,4;1,8;63;47;47;;;;
2026/08/09;1600 UTC;0;1005,8;1006,1;1005,7;2725,8;14,1;3;14,3;13;4,4;,7;55;41;47;;;;
2026/08/09;1700 UTC;0;1005,2;1005,8;1005,2;2659,7;14,9;1,4;15,1;13,9;3,7;,4;47;39;40;;;;
2026/08/09;1800 UTC;0;1004,8;1005,2;1004,8;2341,6;15,6;,3;15,6;14,9;3,5;-1,3;46;32;35;;;;
2026/08/09;1900 UTC;0;1005,1;1005,1;1004,8;1813,7;15,4;1,8;15,7;15,4;3,1;-1;43;32;40;;;;
2026/08/09;2000 UTC;0;1005,9;1005,9;1005,1;1117,4;15;,6;15,5;15;2,8;-,3;43;34;38;;;;
2026/08/09;2100 UTC;0;1007;1007;1005,9;316,8;13,2;2,1;15;13,2;2,9;,6;49;38;47;;;;
2026/08/09;2200 UTC;;;;;;;;;;;;;;;;;;
2026/08/09;2300 UTC;;;;;;;;;;;;;;;;;;
2026/08/10;0000 UTC;;;;;;;;;;;;;;;;;;
2026/08/10;0100 UTC;;;;;;;;;;;;;;;;;;
2026/08/10;0200 UTC;;;;;;;;;;;;;;;;;;
2026/08/10;0300 UTC;;;;;;;;;;;;;;;;;;
2026/08/10;0400 UTC;;;;;;;;;;;;;;;;;;
2026/08/10;0500 UTC;;;;;;;;;;;;;;;;;;
2026/08/10;0600 UTC;;;;;;;;;;;;;;;;;;
2026/08/10;0700 UTC;;;;;;;;;;;;;;;;;;
2026/08/10;0800 UTC;;;;;;;;;;;;;;;;;;
2026/08/10;0900 UTC;;;;;;;;;;;;;;;;;;
2026/08/10;1000 UTC;;;;;;;;;;;;;;;;;;
2026/08/10;1100 UTC;;;;;;;;;;;;;;;;;;
2026/08/10;1200 UTC;;;;;;;;;;;;;;;;;;
2026/08/10;1300 UTC;;;;;;;;;;;;;;;;;;
2026/08/10;1400 UTC;;;;;;;;;;;;;;;;;;
2026/08/10;1500 UTC;;;;;;;;;;;;;;;;;;
2026/08/10;1600 UTC;;;;;;;;;;;;;;;;;;
2026/08/10;1700 UTC;;;;;;;;;;;;;;;;;;
2026/08/10;1800 UTC;;;;;;;;;;;;;;;;;;
2026/08/10;1900 UTC;;;;;;;;;;;;;;;;;;
2026/08/10;2000 UTC;;;;;;;;;;;;;;;;;;
2026/08/10;2100 UTC;;;;;;;;;;;;;;;;;;
2026/08/10;2200 UTC;;;;;;;;;;;;;;;;;;
2026/08/10;2300 UTC;;;;;;;;;;;;;;;;;;
2026/08/11;0000 UTC;;;;;;;;;;;;;;;;;;
2026/08/11;0100 UTC;;;;;;;;;;;;;;;;;;
2026/08/11;0200 UTC;;;;;;;;;;;;;;;;;;
2026/08/11;0300 UTC;;;;;;;;;;;;;;;;;;
2026/08/11;0400 UTC;;;;;;;;;;;;;;;;;;
2026/08/11;0500 UTC;;;;;;;;;;;;;;;;;;
2026/08/11;0600 UTC;;;;;;;;;;;;;;;;;;
2026/08/11;0700 UTC;;;;;;;;;;;;;;;;;;
2026/08/11;0800 UTC;;;;;;;;;;;;;;;;;;
2026/08/11;0900 UTC;;;;;;;;;;;;;;;;;;
2026/08/11;1000 UTC;;;;;;;;;;;;;;;;;;
2026/08/11;1100 UTC;;;;;;;;;;;;;;;;;;
2026/08/11;1200 UTC;;;;;;;;;;;;;;;;;;
2026/08/11;1300 UTC;;;;;;;;;;;;;;;;;;
2026/08/11;1400 UTC;;;;;;;;;;;;;;;;;;
2026/08/11;1500 UTC;;;;;;;;;;;;;;;;;;
2026/08/11;1600 UTC;;;;;;;;;;;;;;;;;;
2026/08/11;1700 UTC;;;;;;;;;;;;;;;;;;
2026/08/11;1800 UTC;;;;;;;;;;;;;;;;;;
2026/08/11;1900 UTC;;;;;;;;;;;;;;;;;;
2026/08/11;2000 UTC;;;;;;;;;;;;;;;;;;
2026/08/11;2100 UTC;;;;;;;;;;;;;;;;;;
2026/08/11;2200 UTC;;;;;;;;;;;;;;;;;;
2026/08/11;2300 UTC;;;;;;;;;;;;;;;;;;
2026/08/12;0000 UTC;;;;;;;;;;;;;;;;;;
2026/08/12;0100 UTC;;;;;;;;;;;;;;;;;;
2026/08/12;0200 UTC;;;;;;;;;;;;;;;;;;
2026/08/12;0300 UTC;;;;;;;;;;;;;;;;;;
2026/08/12;0400 UTC;;;;;;;;;;;;;;;;;;
2026/08/12;0500 UTC;;;;;;;;;;;;;;;;;;
2026/08/12;0600 UTC;;;;;;;;;;;;;;;;;;
2026/08/12;0700 UTC;;;;;;;;;;;;;;;;;;
2026/08/12;0800 UTC;;;;;;;;;;;;;;;;;;
2026/08/12;0900 UTC;;;;;;;;;;;;;;;;;;
2026/08/12;1000 UTC;;;;;;;;;;;;;;;;;;
2026/08/12;1100 UTC;;;;;;;;;;;;;;;;;;
2026/08/12;1200 UTC;;;;;;;;;;;;;;;;;;
2026/08/12;1300 UTC;;;;;;;;;;;;;;;;;;
2026/08/12;1400 UTC;;;;;;;;;;;;;;;;;;
2026/08/12;1500 UTC;;;;;;;;;;;;;;;;;;
2026/08/12;1600 UTC;;;;;;;;;;;;;;;;;;
2026/08/12;1700 UTC;;;;;;;;;;;;;;;;;;
2026/08/12;1800 UTC;;;;;;;;;;;;;;;;;;
2026/08/12;1900 UTC;;;;;;;;;;;;;;;;;;
2026/08/12;2000 UTC;;;;;;;;;;;;;;;;;;
2026/08/12;2100 UTC;;;;;;;;;;;;;;;;;;
2026/08/12;2200 UTC;;;;;;;;;;;;;;;;;;
2026/08/12;2300 UTC;;;;;;;;;;;;;;;;;;
2026/08/13;0000 UTC;;;;;;;;;;;;;;;;;;
2026/08/13;0100 UTC;;;;;;;;;;;;;;;;;;
2026/08/13;0200 UTC;;;;;;;;;;;;;;;;;;
2026/08/13;0300 UTC;;;;;;;;;;;;;;;;;;
2026/08/13;0400 UTC;;;;;;;;;;;;;;;;;;
2026/08/13;0500 UTC;;;;;;;;;;;;;;;;;;
2026/08/13;0600 UTC;;;;;;;;;;;;;;;;;;
2026/08/13;0700 UTC;;;;;;;;;;;;;;;;;;
2026/08/13;0800 UTC;;;;;;;;;;;;;;;;;;
2026/08/13;0900 UTC;;;;;;;;;;;;;;;;;;
2026/08/13;1000 UTC;;;;;;;;;;;;;;;;;;
2026/08/13;1100 UTC;;;;;;;;;;;;;;;;;;
2026/08/13;1200 UTC;;;;;;;;;;;;;;;;;;
2026/08/13;1300 UTC;;;;;;;;;;;;;;;;;;
2026/08/13;1400 UTC;;;;;;;;;;;;;;;;;;
2026/08/13;1500 UTC;;;;;;;;;;;;;;;;;;
2026/08/13;1600 UTC;;;;;;;;;;;;;;;;;;
2026/08/13;1700 UTC;;;;;;;;;;;;;;;;;;
2026/08/13;1800 UTC;;;;;;;;;;;;;;;;;;
2026/08/13;1900 UTC;;;;;;;;;;;;;;;;;;
2026/08/13;2000 UTC;;;;;;;;;;;;;;;;;;
2026/08/13;2100 UTC;;;;;;;;;;;;;;;;;;
2026/08/13;2200 UTC;;;;;;;;;;;;;;;;;;
2026/08/13;2300 UTC;;;;;;;;;;;;;;;;;;
2026/08/14;0000 UTC;;;;;;;;;;;;;;;;;;
2026/08/14;0100 UTC;;;;;;;;;;;;;;;;;;
2026/08/14;0200 UTC;;;;;;;;;;;;;;;;;;
2026/08/14;0300 UTC;;;;;;;;;;;;;;;;;;
2026/08/14;0400 UTC;;;;;;;;;;;;;;;;;;
2026/08/14;0500 UTC;;;;;;;;;;;;;;;;;;
2026/08/14;0600 UTC;;;;;;;;;;;;;;;;;;
2026/08/14;0700 UTC;;;;;;;;;;;;;;;;;;
2026/08/14;0800 UTC;;;;;;;;;;;;;;;;;;
2026/08/14;0900 UTC;;;;;;;;;;;;;;;;;;
2026/08/14;1000 UTC;;;;;;;;;;;;;;;;;;
2026/08/14;1100 UTC;;;;;;;;;;;;;;;;;;
2026/08/14;1200 UTC;;;;;;;;;;;;;;;;;;
2026/08/14;1300 UTC;;;;;;;;;;;;;;;;;;
2026/08/14;1400 UTC;;;;;;;;;;;;;;;;;;
2026/08/14;1500 UTC;;;;;;;;;;;;;;;;;;
2026/08/14;1600 UTC;;;;;;;;;;;;;;;;;;
2026/08/14;1700 UTC;;;;;;;;;;;;;;;;;;
2026/08/14;1800 UTC;;;;;;;;;;;;;;;;;;
2026/08/14;1900 UTC;;;;;;;;;;;;;;;;;;
2026/08/14;2000 UTC;;;;;;;;;;;;;;;;;;
2026/08/14;2100 UTC;;;;;;;;;;;;;;;;;;
2026/08/14;2200 UTC;;;;;;;;;;;;;;;;;;
2026/08/14;2300 UTC;;;;;;;;;;;;;;;;;;
2026/08/15;0000 UTC;;;;;;;;;;;;;;;;;;
2026/08/15;0100 UTC;;;;;;;;;;;;;;;;;;
2026/08/15;0200 UTC;;;;;;;;;;;;;;;;;;
2026/08/15;0300 UTC;;;;;;;;;;;;;;;;;;
2026/08/15;0400 UTC;;;;;;;;;;;;;;;;;;
2026/08/15;0500 UTC;;;;;;;;;;;;;;;;;;
2026/08/15;0600 UTC;;;;;;;;;;;;;;;;;;
2026/08/15;0700 UTC;;;;;;;;;;;;;;;;;;
2026/08/15;0800 UTC;;;;;;;;;;;;;;;;;;
2026/08/15;0900 UTC;;;;;;;;;;;;;;;;;;
2026/08/15;1000 UTC;;;;;;;;;;;;;;;;;;
2026/08/15;1100 UTC;;;;;;;;;;;;;;;;;;
2026/08/15;1200 UTC;;;;;;;;;;;;;;;;;;
2026/08/15;1300 UTC;;;;;;;;;;;;;;;;;;
2026/08/15;1400 UTC;;;;;;;;;;;;;;;;;;
2026/08/15;1500 UTC;;;;;;;;;;;;;;;;;;
2026/08/15;1600 UTC;;;;;;;;;;;;;;;;;;
2026/08/15;1700 UTC;;;;;;;;;;;;;;;;;;
2026/08/15;1800 UTC;;;;;;;;;;;;;;;;;;
2026/08/15;1900 UTC;;;;;;;;;;;;;;;;;;
2026/08/15;2000 UTC;;;;;;;;;;;;;;;;;;
2026/08/15;2100 UTC;;;;;;;;;;;;;;;;;;
2026/08/15;2200 UTC;;;;;;;;;;;;;;;;;;
2026/08/15;2300 UTC;;;;;;;;;;;;;;;;;;
2026/08/16;0000 UTC;;;;;;;;;;;;;;;;;;
2026/08/16;0100 UTC;;;;;;;;;;;;;;;;;;
2026/08/16;0200 UTC;;;;;;;;;;;;;;;;;;
2026/08/16;0300 UTC;;;;;;;;;;;;;;;;;;
2026/08/16;0400 UTC;;;;;;;;;;;;;;;;;;
2026/08/16;0500 UTC;;;;;;;;;;;;;;;;;;
2026/08/16;0600 UTC;;;;;;;;;;;;;;;;;;
2026/08/16;0700 UTC;;;;;;;;;;;;;;;;;;
2026/08/16;0800 UTC;;;;;;;;;;;;;;;;;;
2026/08/16;0900 UTC;;;;;;;;;;;;;;;;;;
2026/08/16;1000 UTC;;;;;;;;;;;;;;;;;;
2026/08/16;1100 UTC;;;;;;;;;;;;;;;;;;
2026/08/16;1200 UTC;;;;;;;;;;;;;;;;;;
2026/08/16;1300 UTC;;;;;;;;;;;;;;;;;;
2026/08/16;1400 UTC;;;;;;;;;;;;;;;;;;
2026/08/16;1500 UTC;;;;;;;;;;;;;;;;;;
2026/08/16;1600 UTC;;;;;;;;;;;;;;;;;;
2026/08/16;1700 UTC;;;;;;;;;;;;;;;;;;
2026/08/16;1800 UTC;;;;;;;;;;;;;;;;;;
2026/08/16;1900 UTC;;;;;;;;;;;;;;;;;;
2026/08/16;2000 UTC;;;;;;;;;;;;;;;;;;
2026/08/16;2100 UTC;;;;;;;;;;;;;;;;;;
2026/08/16;2200 UTC;;;;;;;;;;;;;;;;;;
2026/08/16;2300 UTC;;;;;;;;;;;;;;;;;;
2026/08/17;0000 UTC;;;;;;;;;;;;;;;;;;
2026/08/17;0100 UTC;;;;;;;;;;;;;;;;;;
2026/08/17;0200 UTC;;;;;;;;;;;;;;;;;;
2026/08/17;0300 UTC;;;;;;;;;;;;;;;;;;
2026/08/17;0400 UTC;;;;;;;;;;;;;;;;;;
2026/08/17;0500 UTC;;;;;;;;;;;;;;;;;;
2026/08/17;0600 UTC;;;;;;;;;;;;;;;;;;
2026/08/17;0700 UTC;;;;;;;;;;;;;;;;;;
2026/08/17;0800 UTC;;;;;;;;;;;;;;;;;;
2026/08/17;0900 UTC;;;;;;;;;;;;;;;;;;
2026/08/17;1000 UTC;;;;;;;;;;;;;;;;;;
2026/08/17;1100 UTC;;;;;;;;;;;;;;;;;;
2026/08/17;1200 UTC;;;;;;;;;;;;;;;;;;
2026/08/17;1300 UTC;;;;;;;;;;;;;;;;;;
2026/08/17;1400 UTC;;;;;;;;;;;;;;;;;;
2026/08/17;1500 UTC;;;;;;;;;;;;;;;;;;
2026/08/17;1600 UTC;;;;;;;;;;;;;;;;;;
2026/08/17;1700 UTC;;;;;;;;;;;;;;;;;;
2026/08/17;1800 UTC;;;;;;;;;;;;;;;;;;
2026/08/17;1900 UTC;;;;;;;;;;;;;;;;;;
2026/08/17;2000 UTC;;;;;;;;;;;;;;;;;;
2026/08/17;2100 UTC;;;;;;;;;;;;;;;;;;
2026/08/17;2200 UTC;;;;;;;;;;;;;;;;;;
2026/08/17;2300 UTC;;;;;;;;;;;;;;;;;;
2026/08/18;0000 UTC;;;;;;;;;;;;;;;;;;
2026/08/18;0100 UTC;;;;;;;;;;;;;;;;;;
2026/08/18;0200 UTC;;;;;;;;;;;;;;;;;;
2026/08/18;0300 UTC;;;;;;;;;;;;;;;;;;
2026/08/18;0400 UTC;;;;;;;;;;;;;;;;;;
2026/08/18;0500 UTC;;;;;;;;;;;;;;;;;;
2026/08/18;0600 UTC;;;;;;;;;;;;;;;;;;
2026/08/18;0700 UTC;;;;;;;;;;;;;;;;;;
2026/08/18;0800 UTC;;;;;;;;;;;;;;;;;;
2026/08/18;0900 UTC;;;;;;;;;;;;;;;;;;
2026/08/18;1000 UTC;;;;;;;;;;;;;;;;;;
2026/08/18;1100 UTC;;;;;;;;;;;;;;;;;;
2026/08/18;1200 UTC;;;;;;;;;;;;;;;;;;
2026/08/18;1300 UTC;;;;;;;;;;;;;;;;;;
2026/08/18;1400 UTC;;;;;;;;;;;;;;;;;;
2026/08/18;1500 UTC;;;;;;;;;;;;;;;;;;
2026/08/18;1600 UTC;;;;;;;;;;;;;;;;;;
2026/08/18;1700 UTC;;;;;;;;;;;;;;;;;;
2026/08/18;1800 UTC;;;;;;;;;;;;;;;;;;
2026/08/18;1900 UTC;;;;;;;;;;;;;;;;;;
2026/08/18;2000 UTC;;;;;;;;;;;;;;;;;;
2026/08/18;2100 UTC;;;;;;;;;;;;;;;;;;
2026/08/18;2200 UTC;;;;;;;;;;;;;;;;;;
2026/08/18;2300 UTC;;;;;;;;;;;;;;;;;;
2026/08/19;0000 UTC;;;;;;;;;;;;;;;;;;
2026/08/19;0100 UTC;;;;;;;;;;;;;;;;;;
2026/08/19;0200 UTC;;;;;;;;;;;;;;;;;;
2026/08/19;0300 UTC;;;;;;;;;;;;;;;;;;
2026/08/19;0400 UTC;;;;;;;;;;;;;;;;;;
2026/08/19;0500 UTC;;;;;;;;;;;;;;;;;;
2026/08/19;0600 UTC;;;;;;;;;;;;;;;;;;
2026/08/19;0700 UTC;;;;;;;;;;;;;;;;;;
2026/08/19;0800 UTC;;;;;;;;;;;;;;;;;;
2026/08/19;0900 UTC;;;;;;;;;;;;;;;;;;
2026/08/19;1000 UTC;;;;;;;;;;;;;;;;;;
2026/08/19;1100 UTC;;;;;;;;;;;;;;;;;;
2026/08/19;1200 UTC;;;;;;;;;;;;;;;;;;
2026/08/19;1300 UTC;;;;;;;;;;;;;;;;;;
2026/08/19;1400 UTC;;;;;;;;;;;;;;;;;;
2026/08/19;1500 UTC;;;;;;;;;;;;;;;;;;
2026/08/19;1600 UTC;;;;;;;;;;;;;;;;;;
2026/08/19;1700 UTC;;;;;;;;;;;;;;;;;;
2026/08/19;1800 UTC;;;;;;;;;;;;;;;;;;
2026/08/19;1900 UTC;;;;;;;;;;;;;;;;;;
2026/08/19;2000 UTC;;;;;;;;;;;;;;;;;;
2026/08/19;2100 UTC;;;;;;;;;;;;;;;;;;
2026/08/19;2200 UTC;;;;;;;;;;;;;;;;;;
2026/08/19;2300 UTC;;;;;;;;;;;;;;;;;;
2026/08/20;0000 UTC;;;;;;;;;;;;;;;;;;
2026/08/20;0100 UTC;;;;;;;;;;;;;;;;;;
2026/08/20;0200 UTC;;;;;;;;;;;;;;;;;;
2026/08/20;0300 UTC;;;;;;;;;;;;;;;;;;
2026/08/20;0400 UTC;;;;;;;;;;;;;;;;;;
2026/08/20;0500 UTC;;;;;;;;;;;;;;;;;;
2026/08/20;0600 UTC;;;;;;;;;;;;;;;;;;
2026/08/20;0700 UTC;;;;;;;;;;;;;;;;;;
2026/08/20;0800 UTC;;;;;;;;;;;;;;;;;;
2026/08/20;0900 UTC;;;;;;;;;;;;;;;;;;
2026/08/20;1000 UTC;;;;;;;;;;;;;;;;;;
2026/08/20;1100 UTC;;;;;;;;;;;;;;;;;;
2026/08/20;1200 UTC;;;;;;;;;;;;;;;;;;
2026/08/20;1300 UTC;;;;;;;;;;;;;;;;;;
2026/08/20;1400 UTC;;;;;;;;;;;;;;;;;;
2026/08/20;1500 UTC;;;;;;;;;;;;;;;;;;
2026/08/20;1600 UTC;;;;;;;;;;;;;;;;;;
2026/08/20;1700 UTC;;;;;;;;;;;;;;;;;;
2026/08/20;1800 UTC;;;;;;;;;;;;;;;;;;
2026/08/20;1900 UTC;;;;;;;;;;;;;;;;;;
2026/08/20;2000 UTC;;;;;;;;;;;;;;;;;;
2026/08/20;2100 UTC;;;;;;;;;;;;;;;;;;
2026/08/20;2200 UTC;;;;;;;;;;;;;;;;;;
2026/08/20;2300 UTC;;;;;;;;;;;;;;;;;;
2026/08/21;0000 UTC;;;;;;;;;;;;;;;;;;
2026/08/21;0100 UTC;;;;;;;;;;;;;;;;;;
2026/08/21;0200 UTC;;;;;;;;;;;;;;;;;;
2026/08/21;0300 UTC;;;;;;;;;;;;;;;;;;
2026/08/21;0400 UTC;;;;;;;;;;;;;;;;;;
2026/08/21;0500 UTC;;;;;;;;;;;;;;;;;;
2026/08/21;0600 UTC;;;;;;;;;;;;;;;;;;
2026/08/21;0700 UTC;;;;;;;;;;;;;;;;;;
2026/08/21;0800 UTC;;;;;;;;;;;;;;;;;;
2026/08/21;0900 UTC;;;;;;;;;;;;;;;;;;
2026/08/21;1000 UTC;;;;;;;;;;;;;;;;;;
2026/08/21;1100 UTC;;;;;;;;;;;;;;;;;;
2026/08/21;1200 UTC;;;;;;;;;;;;;;;;;;
2026/08/21;1300 UTC;;;;;;;;;;;;;;;;;;
2026/08/21;1400 UTC;;;;;;;;;;;;;;;;;;
2026/08/21;1500 UTC;;;;;;;;;;;;;;;;;;
2026/08/21;1600 UTC;;;;;;;;;;;;;;;;;;
2026/08/21;1700 UTC;;;;;;;;;;;;;;;;;;
2026/08/21;1800 UTC;;;;;;;;;;;;;;;;;;
2026/08/21;1900 UTC;;;;;;;;;;;;;;;;;;
2026/08/21;2000 UTC;;;;;;;;;;;;;;;;;;
2026/08/21;2100 UTC;;;;;;;;;;;;;;;;;;
2026/08/21;2200 UTC;;;;;;;;;;;;;;;;;;
2026/08/21;2300 UTC;;;;;;;;;;;;;;;;;;
2026/08/22;0000 UTC;;;;;;;;;;;;;;;;;;
2026/08/22;0100 UTC;;;;;;;;;;;;;;;;;;
2026/08/22;0200 UTC;;;;;;;;;;;;;;;;;;
2026/08/22;0300 UTC;;;;;;;;;;;;;;;;;;
2026/08/22;0400 UTC;;;;;;;;;;;;;;;;;;
2026/08/22;0500 UTC;;;;;;;;;;;;;;;;;;
2026/08/22;0600 UTC;;;;;;;;;;;;;;;;;;
2026/08/22;0700 UTC;;;;;;;;;;;;;;;;;;
2026/08/22;0800 UTC;;;;;;;;;;;;;;;;;;
2026/08/22;0900 UTC;;;;;;;;;;;;;;;;;;
2026/08/22;1000 UTC;;;;;;;;;;;;;;;;;;
2026/08/22;1100 UTC;;;;;;;;;;;;;;;;;;
2026/08/22;1200 UTC;;;;;;;;;;;;;;;;;;
2026/08/22;1300 UTC;;;;;;;;;;;;;;;;;;
2026/08/22;1400 UTC;;;;;;;;;;;;;;;;;;
2026/08/22;1500 UTC;;;;;;;;;;;;;;;;;;
2026/08/22;1600 UTC;;;;;;;;;;;;;;;;;;
2026/08/22;1700 UTC;;;;;;;;;;;;;;;;;;
2026/08/22;1800 UTC;;;;;;;;;;;;;;;;;;
2026/08/22;1900 UTC;;;;;;;;;;;;;;;;;;
2026/08/22;2000 UTC;;;;;;;;;;;;;;;;;;
2026/08/22;2100 UTC;;;;;;;;;;;;;;;;;;
2026/08/22;2200 UTC;;;;;;;;;;;;;;;;;;
2026/08/22;2300 UTC;;;;;;;;;;;;;;;;;;
2026/08/23;0000 UTC;;;;;;;;;;;;;;;;;;
2026/08/23;0100 UTC;;;;;;;;;;;;;;;;;;
2026/08/23;0200 UTC;;;;;;;;;;;;;;;;;;
2026/08/23;0300 UTC;;;;;;;;;;;;;;;;;;
2026/08/23;0400 UTC;;;;;;;;;;;;;;;;;;
2026/08/23;0500 UTC;;;;;;;;;;;;;;;;;;
2026/08/23;0600 UTC;;;;;;;;;;;;;;;;;;
2026/08/23;0700 UTC;;;;;;;;;;;;;;;;;;
2026/08/23;0800 UTC;;;;;;;;;;;;;;;;;;
2026/08/23;0900 UTC;;;;;;;;;;;;;;;;;;
2026/08/23;1000 UTC;;;;;;;;;;;;;;;;;;
2026/08/23;1100 UTC;;;;;;;;;;;;;;;;;;
2026/08/23;1200 UTC;;;;;;;;;;;;;;;;;;
2026/08/23;1300 UTC;;;;;;;;;;;;;;;;;;
2026/08/23;1400 UTC;;;;;;;;;;;;;;;;;;
2026/08/23;1500 UTC;;;;;;;;;;;;;;;;;;
2026/08/23;1600 UTC;;;;;;;;;;;;;;;;;;
2026/08/23;1700 UTC;;;;;;;;;;;;;;;;;;
2026/08/23;1800 UTC;;;;;;;;;;;;;;;;;;
2026/08/23;1900 UTC;;;;;;;;;;;;;;;;;;
2026/08/23;2000 UTC;;;;;;;;;;;;;;;;;;
2026/08/23;2100 UTC;;;;;;;;;;;;;;;;;;
2026/08/23;2200 UTC;;;;;;;;;;;;;;;;;;
2026/08/23;2300 UTC;;;;;;;;;;;;;;;;;;
2026/08/24;0000 UTC;;;;;;;;;;;;;;;;;;
2026/08/24;0100 UTC;;;;;;;;;;;;;;;;;;
2026/08/24;0200 UTC;;;;;;;;;;;;;;;;;;
2026/08/24;0300 UTC;;;;;;;;;;;;;;;;;;
2026/08/24;0400 UTC;;;;;;;;;;;;;;;;;;
2026/08/24;0500 UTC;;;;;;;;;;;;;;;;;;
2026/08/24;0600 UTC;;;;;;;;;;;;;;;;;;
2026/08/24;0700 UTC;;;;;;;;;;;;;;;;;;
2026/08/24;0800 UTC;;;;;;;;;;;;;;;;;;
2026/08/24;0900 UTC;;;;;;;;;;;;;;;;;;
2026/08/24;1000 UTC;;;;;;;;;;;;;;;;;;
2026/08/24;1100 UTC;;;;;;;;;;;;;;;;;;
2026/08/24;1200 UTC;;;;;;;;;;;;;;;;;;
2026/08/24;1300 UTC;;;;;;;;;;;;;;;;;;
2026/08/24;1400 UTC;;;;;;;;;;;;;;;;;;
2026/08/24;1500 UTC;;;;;;;;;;;;;;;;;;
2026/08/24;1600 UTC;;;;;;;;;;;;;;;;;;
2026/08/24;1700 UTC;;;;;;;;;;;;;;;;;;
2026/08/24;1800 UTC;;;;;;;;;;;;;;;;;;
2026/08/24;1900 UTC;;;;;;;;;;;;;;;;;;
2026/08/24;2000 UTC;;;;;;;;;;;;;;;;;;
2026/08/24;2100 UTC;;;;;;;;;;;;;;;;;;
2026/08/24;2200 UTC;;;;;;;;;;;;;;;;;;
2026/08/24;2300 UTC;;;;;;;;;;;;;;;;;;
2026/08/25;0000 UTC;;;;;;;;;;;;;;;;;;
2026/08/25;0100 UTC;;;;;;;;;;;;;;;;;;
2026/08/25;0200 UTC;;;;;;;;;;;;;;;;;;
2026/08/25;0300 UTC;;;;;;;;;;;;;;;;;;
2026/08/25;0400 UTC;;;;;;;;;;;;;;;;;;
2026/08/25;0500 UTC;;;;;;;;;;;;;;;;;;
2026/08/25;0600 UTC;;;;;;;;;;;;;;;;;;
2026/08/25;0700 UTC;;;;;;;;;;;;;;;;;;
2026/08/25;0800 UTC;;;;;;;;;;;;;;;;;;
2026/08/25;0900 UTC;;;;;;;;;;;;;;;;;;
2026/08/25;1000 UTC;;;;;;;;;;;;;;;;;;
2026/08/25;1100 UTC;;;;;;;;;;;;;;;;;;
2026/08/25;1200 UTC;;;;;;;;;;;;;;;;;;
2026/08/25;1300 UTC;;;;;;;;;;;;;;;;;;
2026/08/25;1400 UTC;;;;;;;;;;;;;;;;;;
2026/08/25;1500 UTC;;;;;;;;;;;;;;;;;;
2026/08/25;1600 UTC;;;;;;;;;;;;;;;;;;
2026/08/25;1700 UTC;;;;;;;;;;;;;;;;;;
2026/08/25;1800 UTC;;;;;;;;;;;;;;;;;;
2026/08/25;1900 UTC;;;;;;;;;;;;;;;;;;
2026/08/25;2000 UTC;;;;;;;;;;;;;;;;;;
2026/08/25;2100 UTC;;;;;;;;;;;;;;;;;;
2026/08/25;2200 UTC;;;;;;;;;;;;;;;;;;
2026/08/25;2300 UTC;;;;;;;;;;;;;;;;;;
2026/08/26;0000 UTC;;;;;;;;;;;;;;;;;;
2026/08/26;0100 UTC;;;;;;;;;;;;;;;;;;
2026/08/26;0200 UTC;;;;;;;;;;;;;;;;;;
2026/08/26;0300 UTC;;;;;;;;;;;;;;;;;;
2026/08/26;0400 UTC;;;;;;;;;;;;;;;;;;
2026/08/26;0500 UTC;;;;;;;;;;;;;;;;;;
2026/08/26;0600 UTC;;;;;;;;;;;;;;;;;;
2026/08/26;0700 UTC;;;;;;;;;;;;;;;;;;
2026/08/26;0800 UTC;;;;;;;;;;;;;;;;;;
2026/08/26;0900 UTC;;;;;;;;;;;;;;;;;;
2026/08/26;1000 UTC;;;;;;;;;;;;;;;;;;
2026/08/26;1100 UTC;;;;;;;;;;;;;;;;;;
2026/08/26;1200 UTC;;;;;;;;;;;;;;;;;;
2026/08/26;1300 UTC;;;;;;;;;;;;;;;;;;
2026/08/26;1400 UTC;;;;;;;;;;;;;;;;;;
2026/08/26;1500 UTC;;;;;;;;;;;;;;;;;;
2026/08/26;1600 UTC;;;;;;;;;;;;;;;;;;
2026/08/26;1700 UTC;;;;;;;;;;;;;;;;;;
2026/08/26;1800 UTC;;;;;;;;;;;;;;;;;;
2026/08/26;1900 UTC;;;;;;;;;;;;;;;;;;
2026/08/26;2000 UTC;;;;;;;;;;;;;;;;;;
2026/08/26;2100 UTC;;;;;;;;;;;;;;;;;;
2026/08/26;2200 UTC;;;;;;;;;;;;;;;;;;
2026/08/26;2300 UTC;;;;;;;;;;;;;;;;;;
2026/08/27;0000 UTC;;;;;;;;;;;;;;;;;;
2026/08/27;0100 UTC;;;;;;;;;;;;;;;;;;
2026/08/27;0200 UTC;;;;;;;;;;;;;;;;;;
2026/08/27;0300 UTC;;;;;;;;;;;;;;;;;;
2026/08/27;0400 UTC;;;;;;;;;;;;;;;;;;
2026/08/27;0500 UTC;;;;;;;;;;;;;;;;;;
2026/08/27;0600 UTC;;;;;;;;;;;;;;;;;;
2026/08/27;0700 UTC;;;;;;;;;;;;;;;;;;
2026/08/27;0800 UTC;;;;;;;;;;;;;;;;;;
2026/08/27;0900 UTC;;;;;;;;;;;;;;;;;;
2026/08/27;1000 UTC;;;;;;;;;;;;;;;;;;
2026/08/27;1100 UTC;;;;;;;;;;;;;;;;;;
2026/08/27;1200 UTC;;;;;;;;;;;;;;;;;;
2026/08/27;1300 UTC;;;;;;;;;;;;;;;;;;
2026/08/27;1400 UTC;;;;;;;;;;;;;;;;;;
2026/08/27;1500 UTC;;;;;;;;;;;;;;;;;;
2026/08/27;1600 UTC;;;;;;;;;;;;;;;;;;
2026/08/27;1700 UTC;;;;;;;;;;;;;;;;;;
2026/08/27;1800 UTC;;;;;;;;;;;;;;;;;;
2026/08/27;1900 UTC;;;;;;;;;;;;;;;;;;
2026/08/27;2000 UTC;;;;;;;;;;;;;;;;;;
2026/08/27;2100 UTC;;;;;;;;;;;;;;;;;;
2026/08/27;2200 UTC;;;;;;;;;;;;;;;;;;
2026/08/27;2300 UTC;;;;;;;;;;;;;;;;;;
2026/08/28;0000 UTC;;;;;;;;;;;;;;;;;;
2026/08/28;0100 UTC;;;;;;;;;;;;;;;;;;
2026/08/28;0200 UTC;;;;;;;;;;;;;;;;;;
2026/08/28;0300 UTC;;;;;;;;;;;;;;;;;;
2026/08/28;0400 UTC;;;;;;;;;;;;;;;;;;
2026/08/28;0500 UTC;;;;;;;;;;;;;;;;;;
2026/08/28;0600 UTC;;;;;;;;;;;;;;;;;;
2026/08/28;0700 UTC;;;;;;;;;;;;;;;;;;
2026/08/28;0800 UTC;;;;;;;;;;;;;;;;;;
2026/08/28;0900 UTC;;;;;;;;;;;;;;;;;;
2026/08/28;1000 UTC;;;;;;;;;;;;;;;;;;
2026/08/28;1100 UTC;;;;;;;;;;;;;;;;;;
2026/08/28;1200 UTC;;;;;;;;;;;;;;;;;;
2026/08/28;1300 UTC;;;;;;;;;;;;;;;;;;
2026/08/28;1400 UTC;;;;;;;;;;;;;;;;;;
2026/08/28;1500 UTC;;;;;;;;;;;;;;;;;;
2026/08/28;1600 UTC;;;;;;;;;;;;;;;;;;
2026/08/28;1700 UTC;;;;;;;;;;;;;;;;;;
2026/08/28;1800 UTC;;;;;;;;;;;;;;;;;;
2026/08/28;1900 UTC;;;;;;;;;;;;;;;;;;
2026/08/28;2000 UTC;;;;;;;;;;;;;;;;;;
2026/08/28;2100 UTC;;;;;;;;;;;;;;;;;;
2026/08/28;2200 UTC;;;;;;;;;;;;;;;;;;
2026/08/28;2300 UTC;;;;;;;;;;;;;;;;;;
2026/08/29;0000 UTC;;;;;;;;;;;;;;;;;;
2026/08/29;0100 UTC;;;;;;;;;;;;;;;;;;
2026/08/29;0200 UTC;;;;;;;;;;;;;;;;;;
2026/08/29;0300 UTC;;;;;;;;;;;;;;;;;;
2026/08/29;0400 UTC;;;;;;;;;;;;;;;;;;
2026/08/29;0500 UTC;;;;;;;;;;;;;;;;;;
2026/08/29;0600 UTC;;;;;;;;;;;;;;;;;;
2026/08/29;0700 UTC;;;;;;;;;;;;;;;;;;
2026/08/29;0800 UTC;;;;;;;;;;;;;;;;;;
2026/08/29;0900 UTC;;;;;;;;;;;;;;;;;;
2026/08/29;1000 UTC;;;;;;;;;;;;;;;;;;
2026/08/29;1100 UTC;;;;;;;;;;;;;;;;;;
2026/08/29;1200 UTC;;;;;;;;;;;;;;;;;;
2026/08/29;1300 UTC;;;;;;;;;;;;;;;;;;
2026/08/29;1400 UTC;;;;;;;;;;;;;;;;;;
2026/08/29;1500 UTC;;;;;;;;;;;;;;;;;;
2026/08/29;1600 UTC;;;;;;;;;;;;;;;;;;
2026/08/29;1700 UTC;;;;;;;;;;;;;;;;;;
2026/08/29;1800 UTC;;;;;;;;;;;;;;;;;;
2026/08/29;1900 UTC;;;;;;;;;;;;;;;;;;
2026/08/29;2000 UTC;;;;;;;;;;;;;;;;;;
2026/08/29;2100 UTC;;;;;;;;;;;;;;;;;;
2026/08/29;2200 UTC;;;;;;;;;;;;;;;;;;
2026/08/29;2300 UTC;;;;;;;;;;;;;;;;;;
2026/08/30;0000 UTC;;;;;;;;;;;;;;;;;;
2026/08/30;0100 UTC;;;;;;;;;;;;;;;;;;
2026/08/30;0200 UTC;;;;;;;;;;;;;;;;;;
2026/08/30;0300 UTC;;;;;;;;;;;;;;;;;;
2026/08/30;0400 UTC;;;;;;;;;;;;;;;;;;
2026/08/30;0500 UTC;;;;;;;;;;;;;;;;;;
2026/08/30;0600 UTC;;;;;;;;;;;;;;;;;;
2026/08/30;0700 UTC;;;;;;;;;;;;;;;;;;
2026/08/30;0800 UTC;;;;;;;;;;;;;;;;;;
2026/08/30;0900 UTC;;;;;;;;;;;;;;;;;;
2026/08/30;1000 UTC;;;;;;;;;;;;;;;;;;
2026/08/30;1100 UTC;;;;;;;;;;;;;;;;;;
2026/08/30;1200 UTC;;;;;;;;;;;;;;;;;;
2026/08/30;1300 UTC;;;;;;;;;;;;;;;;;;
2026/08/30;1400 UTC;;;;;;;;;;;;;;;;;;
2026/08/30;1500 UTC;;;;;;;;;;;;;;;;;;
2026/08/30;1600 UTC;;;;;;;;;;;;;;;;;;
2026/08/30;1700 UTC;;;;;;;;;;;;;;;;;;
2026/08/30;1800 UTC;;;;;;;;;;;;;;;;;;
2026/08/30;1900 UTC;;;;;;;;;;;;;;;;;;
2026/08/30;2000 UTC;;;;;;;;;;;;;;;;;;
2026/08/30;2100 UTC;;;;;;;;;;;;;;;;;;
2026/08/30;2200 UTC;;;;;;;;;;;;;;;;;;
2026/08/30;2300 UTC;;;;;;;;;;;;;;;;;;
2026/08/31;0000 UTC;;;;;;;;;;;;;;;;;;
2026/08/31;0100 UTC;;;;;;;;;;;;;;;;;;
2026/08/31;0200 UTC;;;;;;;;;;;;;;;;;;
2026/08/31;0300 UTC;;;;;;;;;;;;;;;;;;
2026/08/31;0400 UTC;;;;;;;;;;;;;;;;;;
2026/08/31;0500 UTC;;;;;;;;;;;;;;;;;;
2026/08/31;0600 UTC;;;;;;;;;;;;;;;;;;
2026/08/31;0700 UTC;;;;;;;;;;;;;;;;;;
2026/08/31;0800 UTC;;;;;;;;;;;;;;;;;;
2026/08/31;0900 UTC;;;;;;;;;;;;;;;;;;
2026/08/31;1000 UTC;;;;;;;;;;;;;;;;;;
2026/08/31;1100 UTC;;;;;;;;;;;;;;;;;;
2026/08/31;1200 UTC;;;;;;;;;;;;;;;;;;
2026/08/31;1300 UTC;;;;;;;;;;;;;;;;;;
2026/08/31;1400 UTC;;;;;;;;;;;;;;;;;;
2026/08/31;1500 UTC;;;;;;;;;;;;;;;;;;
2026/08/31;1600 UTC;;;;;;;;;;;;;;;;;;
2026/08/31;1700 UTC;;;;;;;;;;;;;;;;;;
2026/08/31;1800 UTC;;;;;;;;;;;;;;;;;;
2026/08/31;1900 UTC;;;;;;;;;;;;;;;;;;
2026/08/31;2000 UTC;;;;;;;;;;;;;;;;;;
2026/08/31;2100 UTC;;;;;;;;;;;;;;;;;;
2026/08/31;2200 UTC;;;;;;;;;;;;;;;;;;
2026/08/31;2300 UTC;;;;;;;;;;;;;;;;;;
