REGIAO:;S
UF:;RS
ESTACAO:;DILERMANDO DE AGUIAR
CODIGO (WMO):;B852
LATITUDE:;-29,72555554
LONGITUDE:;-54,18805555
ALTITUDE:;143
DATA DE FUNDACAO:;04/02/26
Data;Hora UTC;PRECIPITAÇÃO TOTAL, HORÁRIO (mm);PRESSAO ATMOSFERICA AO NIVEL DA ESTACAO, HORARIA (mB);PRESSÃO ATMOSFERICA MAX.NA HORA ANT. (AUT) (mB);PRESSÃO ATMOSFERICA MIN. NA HORA ANT. (AUT) (mB);RADIACAO GLOBAL (Kj/m²);TEMPERATURA DO AR - BULBO SECO, HORARIA (°C);TEMPERATURA DO PONTO DE ORVALHO (°C);TEMPERATURA MÁXIMA NA HORA ANT. (AUT) (°C);TEMPERATURA MÍNIMA NA HORA ANT. (AUT) (°C);TEMPERATURA ORVALHO MAX. NA HORA ANT. (AUT) (°C);TEMPERATURA ORVALHO MIN. NA HORA ANT. (AUT) (°C);UMIDADE REL. MAX. NA HORA ANT. (AUT) (%);UMIDADE REL. MIN. NA HORA ANT. (AUT) (%);UMIDADE RELATIVA DO AR, HORARIA (%);VENTO, DIREÇÃO HORARIA (gr) (° (gr));VENTO, RAJADA MAXIMA (m/s);VENTO, VELOCIDADE HORARIA (m/s);
2026/02/04;0000 UTC;;;;;;;;;;;;;;;;;;
2026/02/04;0100 UTC;;;;;;;;;;;;;;;;;;
2026/02/04;0200 UTC;;;;;;;;;;;;;;;;;;
2026/02/04;0300 UTC;;;;;;;;;;;;;;;;;;
2026/02/04;0400 UTC;;;;;;;;;;;;;;;;;;
2026/02/04;0500 UTC;;;;;;;;;;;;;;;;;;
2026/02/04;0600 UTC;;;;;;;;;;;;;;;;;;
2026/02/04;0700 UTC;;;;;;;;;;;;;;;;;;
2026/02/04;0800 UTC;;;;;;;;;;;;;;;;;;
2026/02/04;0900 UTC;;;;;;;;;;;;;;;;;;
2026/02/04;1000 UTC;;;;;;;;;;;;;;;;;;
2026/02/04;1100 UTC;;;;;;;;;;;;;;;;;;
2026/02/04;1200 UTC;;;;;;;;;;;;;;;;;;
2026/02/04;1300 UTC;;;;;;;;;;;;;;;;;;
2026/02/04;1400 UTC;;;;;;;;;;;;;;;;;;
2026/02/04;1500 UTC;;;;;;;;;;;;;;;;;;
2026/02/04;1600 UTC;;;;;;;;;;;;;;;;;;
2026/02/04;1700 UTC;;;;;;;;;;;;;;;;;;
2026/02/04;1800 UTC;;;;;;;;;;;;;;;;;;
2026/02/04;1900 UTC;;;;;;;;;;;;;;;;;;
2026/02/04;2000 UTC;;;;;;;;;;;;;;;;;;
2026/02/04;2100 UTC;;;;;;;;;;;;;;;;;;
2026/02/04;2200 UTC;;;;;;;;;;;;;;;;;;
2026/02/04;2300 UTC;;;;;;;;;;;;;;;;;;
2026/02/05;0000 UTC;;;;;;;;;;;;;;;;;;
2026/02/05;0100 UTC;;;;;;;;;;;;;;;;;;
2026/02/05;0200 UTC;;;;;;;;;;;;;;;;;;
2026/02/05;0300 UTC;;;;;;;;;;;;;;;;;;
2026/02/05;0400 UTC;;;;;;;;;;;;;;;;;;
2026/02/05;0500 UTC;;;;;;;;;;;;;;;;;;
2026/02/05;0600 UTC;;;;;;;;;;;;;;;;;;
2026/02/05;0700 UTC;;;;;;;;;;;;;;;;;;
2026/02/05;0800 UTC;;;;;;;;;;;;;;;;;;
2026/02/05;0900 UTC;;;;;;;;;;;;;;;;;;
2026/02/05;1000 UTC;;;;;;;;;;;;;;;;;;
2026/02/05;1100 UTC;;;;;;;;;;;;;;;;;;
2026/02/05;1200 UTC;;;;;;;;;;;;;;;;;;
2026/02/05;1300 UTC;;;;;;;;;;;;;;;;;;
2026/02/05;1400 UTC;;;;;;;;;;;;;;;;;;
2026/02/05;1500 UTC;;;;;;;;;;;;;;;;;;
2026/02/05;1600 UTC;;;;;;;;;;;;;;;;;;
2026/02/05;1700 UTC;;;;;;;;;;;;;;;;;;
2026/02/05;1800 UTC;;;;;;;;;;;;;;;;;;
2026/02/05;1900 UTC;;;;;;;;;;;;;;;;;;
2026/02/05;2000 UTC;;;;;;;;;;;;;;;;;;
2026/02/05;2100 UTC;;;;;;;;;;;;;;;;;;
2026/02/05;2200 UTC;;;;;;;;;;;;;;;;;;
2026/02/05;2300 UTC;;;;;;;;;;;;;;;;;;
2026/02/06;0000 UTC;;;;;;;;;;;;;;;;;;
2026/02/06;0100 UTC;;;;;;;;;;;;;;;;;;
2026/02/06;0200 UTC;;;;;;;;;;;;;;;;;;
2026/02/06;0300 UTC;;;;;;;;;;;;;;;;;;
2026/02/06;0400 UTC;;;;;;;;;;;;;;;;;;
2026/02/06;0500 UTC;;;;;;;;;;;;;;;;;;
2026/02/06;0600 UTC;;;;;;;;;;;;;;;;;;
2026/02/06;0700 UTC;;;;;;;;;;;;;;;;;;
2026/02/06;0800 UTC;;;;;;;;;;;;;;;;;;
2026/02/06;0900 UTC;;;;;;;;;;;;;;;;;;
2026/02/06;1000 UTC;;;;;;;;;;;;;;;;;;
2026/02/06;1100 UTC;;;;;;;;;;;;;;;;;;
2026/02/06;1200 UTC;;;;;;;;;;;;;;;;;;
2026/02/06;1300 UTC;;;;;;;;;;;;;;;;;;
2026/02/06;1400 UTC;;;;;;;;;;;;;;;;;;
2026/02/06;1500 UTC;;;;;;;;;;;;;;;;;;
2026/02/06;1600 UTC;;;;;;;;;;;;;;;;;;
2026/02/06;1700 UTC;;;;;;;;;;;;;;;;;;
2026/02/06;1800 UTC;;;;;;;;;;;;;;;;;;
2026/02/06;1900 UTC;;;;;;;;;;;;;;;;;;
2026/02/06;2000 UTC;;;;;;;;;;;;;;;;;;
2026/02/06;2100 UTC;;;;;;;;;;;;;;;;;;
2026/02/06;2200 UTC;;;;;;;;;;;;;;;;;;
2026/02/06;2300 UTC;;;;;;;;;;;;;;;;;;
2026/02/07;0000 UTC;;;;;;;;;;;;;;;;;;
2026/02/07;0100 UTC;;;;;;;;;;;;;;;;;;
2026/02/07;0200 UTC;;;;;;;;;;;;;;;;;;
2026/02/07;0300 UTC;;;;;;;;;;;;;;;;;;
2026/02/07;0400 UTC;;;;;;;;;;;;;;;;;;
2026/02/07;0500 UTC;;;;;;;;;;;;;;;;;;
2026/02/07;0600 UTC;;;;;;;;;;;;;;;;;;
2026/02/07;0700 UTC;;;;;;;;;;;;;;;;;;
2026/02/07;0800 UTC;;;;;;;;;;;;;;;;;;
2026/02/07;0900 UTC;;;;;;;;;;;;;;;;;;
2026/02/07;1000 UTC;;;;;;;;;;;;;;;;;;
2026/02/07;1100 UTC;;;;;;;;;;;;;;;;;;
2026/02/07;1200 UTC;;;;;;;;;;;;;;;;;;
2026/02/07;1300 UTC;;;;;;;;;;;;;;;;;;
2026/02/07;1400 UTC;;;;;;;;;;;;;;;;;;
2026/02/07;1500 UTC;;;;;;;;;;;;;;;;;;
2026/02/07;1600 UTC;;;;;;;;;;;;;;;;;;
2026/02/07;1700 UTC;;;;;;;;;;;;;;;;;;
2026/02/07;1800 UTC;;;;;;;;;;;;;;;;;;
2026/02/07;1900 UTC;;;;;;;;;;;;;;;;;;
2026/02/07;2000 UTC;;;;;;;;;;;;;;;;;;
2026/02/07;2100 UTC;;;;;;;;;;;;;;;;;;
2026/02/07;2200 UTC;;;;;;;;;;;;;;;;;;
2026/02/07;2300 UTC;;;;;;;;;;;;;;;;;;
2026/02/08;0000 UTC;;;;;;;;;;;;;;;;;;
2026/02/08;0100 UTC;;;;;;;;;;;;;;;;;;
2026/02/08;0200 UTC;;;;;;;;;;;;;;;;;;
2026/02/08;0300 UTC;;;;;;;;;;;;;;;;;;
2026/02/08;0400 UTC;;;;;;;;;;;;;;;;;;
2026/02/08;0500 UTC;;;;;;;;;;;;;;;;;;
2026/02/08;0600 UTC;;;;;;;;;;;;;;;;;;
2026/02/08;0700 UTC;;;;;;;;;;;;;;;;;;
2026/02/08;0800 UTC;;;;;;;;;;;;;;;;;;
2026/02/08;0900 UTC;;;;;;;;;;;;;;;;;;
2026/02/08;1000 UTC;;;;;;;;;;;;;;;;;;
2026/02/08;1100 UTC;;;;;;;;;;;;;;;;;;
2026/02/08;1200 UTC;;;;;;;;;;;;;;;;;;
2026/02/08;1300 UTC;;;;;;;;;;;;;;;;;;
2026/02/08;1400 UTC;;;;;;;;;;;;;;;;;;
2026/02/08;1500 UTC;;;;;;;;;;;;;;;;;;
2026/02/08;1600 UTC;;;;;;;;;;;;;;;;;;
2026/02/08;1700 UTC;;;;;;;;;;;;;;;;;;
2026/02/08;1800 UTC;;;;;;;;;;;;;;;;;;
2026/02/08;1900 UTC;;;;;;;;;;;;;;;;;;
2026/02/08;2000 UTC;;;;;;;;;;;;;;;;;;
2026/02/08;2100 UTC;;;;;;;;;;;;;;;;;;
2026/02/08;2200 UTC;;;;;;;;;;;;;;;;;;
2026/02/08;2300 UTC;;;;;;;;;;;;;;;;;;
2026/02/09;0000 UTC;;;;;;;;;;;;;;;;;;
2026/02/09;0100 UTC;;;;;;;;;;;;;;;;;;
2026/02/09;0200 UTC;;;;;;;;;;;;;;;;;;
2026/02/09;0300 UTC;;;;;;;;;;;;;;;;;;
2026/02/09;0400 UTC;;;;;;;;;;;;;;;;;;
2026/02/09;0500 UTC;;;;;;;;;;;;;;;;;;
2026/02/09;0600 UTC;;;;;;;;;;;;;;;;;;
2026/02/09;0700 UTC;;;;;;;;;;;;;;;;;;
2026/02/09;0800 UTC;;;;;;;;;;;;;;;;;;
2026/02/09;0900 UTC;;;;;;;;;;;;;;;;;;
2026/02/09;1000 UTC;;;;;;;;;;;;;;;;;;
2026/02/09;1100 UTC;;;;;;;;;;;;;;;;;;
2026/02/09;1200 UTC;;;;;;;;;;;;;;;;;;
2026/02/09;1300 UTC;;;;;;;;;;;;;;;;;;
2026/02/09;1400 UTC;;;;;;;;;;;;;;;;;;
2026/02/09;1500 UTC;;;;;;;;;;;;;;;;;;
2026/02/09;1600 UTC;;;;;;;;;;;;;;;;;;
2026/02/09;1700 UTC;;;;;;;;;;;;;;;;;;
2026/02/09;1800 UTC;;;;;;;;;;;;;;;;;;
2026/02/09;1900 UTC;;;;;;;;;;;;;;;;;;
2026/02/09;2000 UTC;;;;;;;;;;;;;;;;;;
2026/02/09;2100 UTC;;;;;;;;;;;;;;;;;;
2026/02/09;2200 UTC;;;;;;;;;;;;;;;;;;
2026/02/09;2300 UTC;;;;;;;;;;;;;;;;;;
2026/02/10;0000 UTC;;;;;;;;;;;;;;;;;;
2026/02/10;0100 UTC;;;;;;;;;;;;;;;;;;
2026/02/10;0200 UTC;;;;;;;;;;;;;;;;;;
2026/02/10;0300 UTC;;;;;;;;;;;;;;;;;;
2026/02/10;0400 UTC;;;;;;;;;;;;;;;;;;
2026/02/10;0500 UTC;;;;;;;;;;;;;;;;;;
2026/02/10;0600 UTC;;;;;;;;;;;;;;;;;;
2026/02/10;0700 UTC;;;;;;;;;;;;;;;;;;
2026/02/10;0800 UTC;;;;;;;;;;;;;;;;;;
2026/02/10;0900 UTC;;;;;;;;;;;;;;;;;;
2026/02/10;1000 UTC;;;;;;;;;;;;;;;;;;
2026/02/10;1100 UTC;;;;;;;;;;;;;;;;;;
2026/02/10;1200 UTC;;;;;;;;;;;;;;;;;;
2026/02/10;1300 UTC;;;;;;;;;;;;;;;;;;
2026/02/10;1400 UTC;;;;;;;;;;;;;;;;;;
2026/02/10;1500 UTC;;;;;;;;;;;;;;;;;;
2026/02/10;1600 UTC;;;;;;;;;;;;;;;;;;
2026/02/10;1700 UTC;;;;;;;;;;;;;;;;;;
2026/02/10;1800 UTC;;;;;;;;;;;;;;;;;;
2026/02/10;1900 UTC;;;;;;;;;;;;;;;;;;
2026/02/10;2000 UTC;;;;;;;;;;;;;;;;;;
2026/02/10;2100 UTC;;;;;;;;;;;;;;;;;;
2026/02/10;2200 UTC;;;;;;;;;;;;;;;;;;
2026/02/10;2300 UTC;;;;;;;;;;;;;;;;;;
2026/02/11;0000 UTC;;;;;;;;;;;;;;;;;;
2026/02/11;0100 UTC;;;;;;;;;;;;;;;;;;
2026/02/11;0200 UTC;;;;;;;;;;;;;;;;;;
2026/02/11;0300 UTC;;;;;;;;;;;;;;;;;;
2026/02/11;0400 UTC;;;;;;;;;;;;;;;;;;
2026/02/11;0500 UTC;;;;;;;;;;;;;;;;;;
2026/02/11;0600 UTC;;;;;;;;;;;;;;;;;;
2026/02/11;0700 UTC;;;;;;;;;;;;;;;;;;
2026/02/11;0800 UTC;;;;;;;;;;;;;;;;;;
2026/02/11;0900 UTC;;;;;;;;;;;;;;;;;;
2026/02/11;1000 UTC;;;;;;;;;;;;;;;;;;
2026/02/11;1100 UTC;;;;;;;;;;;;;;;;;;
2026/02/11;1200 UTC;;;;;;;;;;;;;;;;;;
2026/02/11;1300 UTC;;;;;;;;;;;;;;;;;;
2026/02/11;1400 UTC;;;;;;;;;;;;;;;;;;
2026/02/11;1500 UTC;;;;;;;;;;;;;;;;;;
2026/02/11;1600 UTC;;;;;;;;;;;;;;;;;;
2026/02/11;1700 UTC;;;;;;;;;;;;;;;;;;
2026/02/11;1800 UTC;;;;;;;;;;;;;;;;;;
2026/02/11;1900 UTC;;;;;;;;;;;;;;;;;;
2026/02/11;2000 UTC;;;;;;;;;;;;;;;;;;
2026/02/11;2100 UTC;;;;;;;;;;;;;;;;;;
2026/02/11;2200 UTC;;;;;;;;;;;;;;;;;;
2026/02/11;2300 UTC;;;;;;;;;;;;;;;;;;
2026/02/12;0000 UTC;;;;;;;;;;;;;;;;;;
2026/02/12;0100 UTC;;;;;;;;;;;;;;;;;;
2026/02/12;0200 UTC;;;;;;;;;;;;;;;;;;
2026/02/12;0300 UTC;;;;;;;;;;;;;;;;;;
2026/02/12;0400 UTC;;;;;;;;;;;;;;;;;;
2026/02/12;0500 UTC;;;;;;;;;;;;;;;;;;
2026/02/12;0600 UTC;;;;;;;;;;;;;;;;;;
2026/02/12;0700 UTC;;;;;;;;;;;;;;;;;;
2026/02/12;0800 UTC;;;;;;;;;;;;;;;;;;
2026/02/12;0900 UTC;;;;;;;;;;;;;;;;;;
2026/02/12;1000 UTC;;;;;;;;;;;;;;;;;;
2026/02/12;1100 UTC;;;;;;;;;;;;;;;;;;
2026/02/12;1200 UTC;;;;;;;;;;;;;;;;;;
2026/02/12;1300 UTC;;;;;;;;;;;;;;;;;;
2026/02/12;1400 UTC;;;;;;;;;;;;;;;;;;
2026/02/12;1500 UTC;;;;;;;;;;;;;;;;;;
2026/02/12;1600 UTC;;;;;;;;;;;;;;;;;;
2026/02/12;1700 UTC;;;;;;;;;;;;;;;;;;
2026/02/12;1800 UTC;;;;;;;;;;;;;;;;;;
2026/02/12;1900 UTC;;;;;;;;;;;;;;;;;;
2026/02/12;2000 UTC;;;;;;;;;;;;;;;;;;
2026/02/12;2100 UTC;;;;;;;;;;;;;;;;;;
2026/02/12;2200 UTC;;;;;;;;;;;;;;;;;;
2026/02/12;2300 UTC;;;;;;;;;;;;;;;;;;
2026/02/13;0000 UTC;;;;;;;;;;;;;;;;;;
2026/02/13;0100 UTC;;;;;;;;;;;;;;;;;;
2026/02/13;0200 UTC;;;;;;;;;;;;;;;;;;
2026/02/13;0300 UTC;;;;;;;;;;;;;;;;;;
2026/02/13;0400 UTC;;;;;;;;;;;;;;;;;;
2026/02/13;0500 UTC;;;;;;;;;;;;;;;;;;
2026/02/13;0600 UTC;;;;;;;;;;;;;;;;;;
2026/02/13;0700 UTC;;;;;;;;;;;;;;;;;;
2026/02/13;0800 UTC;;;;;;;;;;;;;;;;;;
2026/02/13;0900 UTC;;;;;;;;;;;;;;;;;;
2026/02/13;1000 UTC;;;;;;;;;;;;;;;;;;
2026/02/13;1100 UTC;;;;;;;;;;;;;;;;;;
2026/02/13;1200 UTC;;;;;;;;;;;;;;;;;;
2026/02/13;1300 UTC;;;;;;;;;;;;;;;;;;
2026/02/13;1400 UTC;;;;;;;;;;;;;;;;;;
2026/02/13;1500 UTC;;;;;;;;;;;;;;;;;;
2026/02/13;1600 UTC;;;;;;;;;;;;;;;;;;
2026/02/13;1700 UTC;;;;;;;;;;;;;;;;;;
2026/02/13;1800 UTC;;;;;;;;;;;;;;;;;;
2026/02/13;1900 UTC;;;;;;;;;;;;;;;;;;
2026/02/13;2000 UTC;;;;;;;;;;;;;;;;;;
2026/02/13;2100 UTC;;;;;;;;;;;;;;;;;;
2026/02/13;2200 UTC;;;;;;;;;;;;;;;;;;
2026/02/13;2300 UTC;;;;;;;;;;;;;;;;;;
2026/02/14;0000 UTC;;;;;;;;;;;;;;;;;;
2026/02/14;0100 UTC;;;;;;;;;;;;;;;;;;
2026/02/14;0200 UTC;;;;;;;;;;;;;;;;;;
2026/02/14;0300 UTC;;;;;;;;;;;;;;;;;;
2026/02/14;0400 UTC;;;;;;;;;;;;;;;;;;
2026/02/14;0500 UTC;;;;;;;;;;;;;;;;;;
2026/02/14;0600 UTC;;;;;;;;;;;;;;;;;;
2026/02/14;0700 UTC;;;;;;;;;;;;;;;;;;
2026/02/14;0800 UTC;;;;;;;;;;;;;;;;;;
2026/02/14;0900 UTC;;;;;;;;;;;;;;;;;;
2026/02/14;1000 UTC;;;;;;;;;;;;;;;;;;
2026/02/14;1100 UTC;;;;;;;;;;;;;;;;;;
2026/02/14;1200 UTC;;;;;;;;;;;;;;;;;;
2026/02/14;1300 UTC;;;;;;;;;;;;;;;;;;
2026/02/14;1400 UTC;;;;;;;;;;;;;;;;;;
2026/02/14;1500 UTC;;;;;;;;;;;;;;;;;;
2026/02/14;1600 UTC;;;;;;;;;;;;;;;;;;
2026/02/14;1700 UTC;;;;;;;;;;;;;;;;;;
2026/02/14;1800 UTC;;;;;;;;;;;;;;;;;;
2026/02/14;1900 UTC;;;;;;;;;;;;;;;;;;
2026/02/14;2000 UTC;;;;;;;;;;;;;;;;;;
2026/02/14;2100 UTC;;;;;;;;;;;;;;;;;;
2026/02/14;2200 UTC;;;;;;;;;;;;;;;;;;
2026/02/14;2300 UTC;;;;;;;;;;;;;;;;;;
2026/02/15;0000 UTC;;;;;;;;;;;;;;;;;;
2026/02/15;0100 UTC;;;;;;;;;;;;;;;;;;
2026/02/15;0200 UTC;;;;;;;;;;;;;;;;;;
2026/02/15;0300 UTC;;;;;;;;;;;;;;;;;;
2026/02/15;0400 UTC;;;;;;;;;;;;;;;;;;
2026/02/15;0500 UTC;;;;;;;;;;;;;;;;;;
2026/02/15;0600 UTC;;;;;;;;;;;;;;;;;;
2026/02/15;0700 UTC;;;;;;;;;;;;;;;;;;
2026/02/15;0800 UTC;;;;;;;;;;;;;;;;;;
2026/02/15;0900 UTC;;;;;;;;;;;;;;;;;;
2026/02/15;1000 UTC;;;;;;;;;;;;;;;;;;
2026/02/15;1100 UTC;;;;;;;;;;;;;;;;;;
2026/02/15;1200 UTC;;;;;;;;;;;;;;;;;;
2026/02/15;1300 UTC;;;;;;;;;;;;;;;;;;
2026/02/15;1400 UTC;;;;;;;;;;;;;;;;;;
2026/02/15;1500 UTC;;;;;;;;;;;;;;;;;;
2026/02/15;1600 UTC;;;;;;;;;;;;;;;;;;
2026/02/15;1700 UTC;;;;;;;;;;;;;;;;;;
2026/02/15;1800 UTC;;;;;;;;;;;;;;;;;;
2026/02/15;1900 UTC;;;;;;;;;;;;;;;;;;
2026/02/15;2000 UTC;;;;;;;;;;;;;;;;;;
2026/02/15;2100 UTC;;;;;;;;;;;;;;;;;;
2026/02/15;2200 UTC;;;;;;;;;;;;;;;;;;
2026/02/15;2300 UTC;;;;;;;;;;;;;;;;;;
2026/02/16;0000 UTC;;;;;;;;;;;;;;;;;;
2026/02/16;0100 UTC;;;;;;;;;;;;;;;;;;
2026/02/16;0200 UTC;;;;;;;;;;;;;;;;;;
2026/02/16;0300 UTC;;;;;;;;;;;;;;;;;;
2026/02/16;0400 UTC;;;;;;;;;;;;;;;;;;
2026/02/16;0500 UTC;;;;;;;;;;;;;;;;;;
2026/02/16;0600 UTC;;;;;;;;;;;;;;;;;;
2026/02/16;0700 UTC;;;;;;;;;;;;;;;;;;
2026/02/16;0800 UTC;;;;;;;;;;;;;;;;;;
2026/02/16;0900 UTC;;;;;;;;;;;;;;;;;;
2026/02/16;1000 UTC;;;;;;;;;;;;;;;;;;
2026/02/16;1100 UTC;;;;;;;;;;;;;;;;;;
2026/02/16;1200 UTC;;;;;;;;;;;;;;;;;;
2026/02/16;1300 UTC;;;;;;;;;;;;;;;;;;
2026/02/16;1400 UTC;;;;;;;;;;;;;;;;;;
2026/02/16;1500 UTC;;;;;;;;;;;;;;;;;;
2026/02/16;1600 UTC;;;;;;;;;;;;;;;;;;
2026/02/16;1700 UTC;;;;;;;;;;;;;;;;;;
2026/02/16;1800 UTC;;;;;;;;;;;;;;;;;;
2026/02/16;1900 UTC;;;;;;;;;;;;;;;;;;
2026/02/16;2000 UTC;;;;;;;;;;;;;;;;;;
2026/02/16;2100 UTC;;;;;;;;;;;;;;;;;;
2026/02/16;2200 UTC;;;;;;;;;;;;;;;;;;
2026/02/16;2300 UTC;;;;;;;;;;;;;;;;;;
2026/02/17;0000 UTC;;;;;;;;;;;;;;;;;;
2026/02/17;0100 UTC;;;;;;;;;;;;;;;;;;
2026/02/17;0200 UTC;;;;;;;;;;;;;;;;;;
2026/02/17;0300 UTC;;;;;;;;;;;;;;;;;;
2026/02/17;0400 UTC;;;;;;;;;;;;;;;;;;
2026/02/17;0500 UTC;;;;;;;;;;;;;;;;;;
2026/02/17;0600 UTC;;;;;;;;;;;;;;;;;;
2026/02/17;0700 UTC;;;;;;;;;;;;;;;;;;
2026/02/17;0800 UTC;;;;;;;;;;;;;;;;;;
2026/02/17;0900 UTC;;;;;;;;;;;;;;;;;;
2026/02/17;1000 UTC;;;;;;;;;;;;;;;;;;
2026/02/17;1100 UTC;;;;;;;;;;;;;;;;;;
2026/02/17;1200 UTC;;;;;;;;;;;;;;;;;;
2026/02/17;1300 UTC;;;;;;;;;;;;;;;;;;
2026/02/17;1400 UTC;;;;;;;;;;;;;;;;;;
2026/02/17;1500 UTC;;;;;;;;;;;;;;;;;;
2026/02/17;1600 UTC;;;;;;;;;;;;;;;;;;
2026/02/17;1700 UTC;;;;;;;;;;;;;;;;;;
2026/02/17;1800 UTC;;;;;;;;;;;;;;;;;;
2026/02/17;1900 UTC;;;;;;;;;;;;;;;;;;
2026/02/17;2000 UTC;;;;;;;;;;;;;;;;;;
2026/02/17;2100 UTC;;;;;;;;;;;;;;;;;;
2026/02/17;2200 UTC;;;;;;;;;;;;;;;;;;
2026/02/17;2300 UTC;;;;;;;;;;;;;;;;;;
2026/02/18;0000 UTC;;;;;;;;;;;;;;;;;;
2026/02/18;0100 UTC;;;;;;;;;;;;;;;;;;
2026/02/18;0200 UTC;;;;;;;;;;;;;;;;;;
2026/02/18;0300 UTC;;;;;;;;;;;;;;;;;;
2026/02/18;0400 UTC;;;;;;;;;;;;;;;;;;
2026/02/18;0500 UTC;;;;;;;;;;;;;;;;;;
2026/02/18;0600 UTC;;;;;;;;;;;;;;;;;;
2026/02/18;0700 UTC;;;;;;;;;;;;;;;;;;
2026/02/18;0800 UTC;;;;;;;;;;;;;;;;;;
2026/02/18;0900 UTC;;;;;;;;;;;;;;;;;;
2026/02/18;1000 UTC;;;;;;;;;;;;;;;;;;
2026/02/18;1100 UTC;;;;;;;;;;;;;;;;;;
2026/02/18;1200 UTC;;;;;;;;;;;;;;;;;;
2026/02/18;1300 UTC;;;;;;;;;;;;;;;;;;
2026/02/18;1400 UTC;;;;;;;;;;;;;;;;;;
2026/02/18;1500 UTC;;;;;;;;;;;;;;;;;;
2026/02/18;1600 UTC;;;;;;;;;;;;;;;;;;
2026/02/18;1700 UTC;;;;;;;;;;;;;;;;;;
2026/02/18;1800 UTC;;;;;;;;;;;;;;;;;;
2026/02/18;1900 UTC;;;;;;;;;;;;;;;;;;
2026/02/18;2000 UTC;;;;;;;;;;;;;;;;;;
2026/02/18;2100 UTC;;;;;;;;;;;;;;;;;;
2026/02/18;2200 UTC;;;;;;;;;;;;;;;;;;
2026/02/18;2300 UTC;;;;;;;;;;;;;;;;;;
2026/02/19;0000 UTC;;;;;;;;;;;;;;;;;;
2026/02/19;0100 UTC;;;;;;;;;;;;;;;;;;
2026/02/19;0200 UTC;;;;;;;;;;;;;;;;;;
2026/02/19;0300 UTC;;;;;;;;;;;;;;;;;;
2026/02/19;0400 UTC;;;;;;;;;;;;;;;;;;
2026/02/19;0500 UTC;;;;;;;;;;;;;;;;;;
2026/02/19;0600 UTC;;;;;;;;;;;;;;;;;;
2026/02/19;0700 UTC;;;;;;;;;;;;;;;;;;
2026/02/19;0800 UTC;;;;;;;;;;;;;;;;;;
2026/02/19;0900 UTC;;;;;;;;;;;;;;;;;;
2026/02/19;1000 UTC;;;;;;;;;;;;;;;;;;
2026/02/19;1100 UTC;;;;;;;;;;;;;;;;;;
2026/02/19;1200 UTC;;;;;;;;;;;;;;;;;;
2026/02/19;1300 UTC;;;;;;;;;;;;;;;;;;
2026/02/19;1400 UTC;;;;;;;;;;;;;;;;;;
2026/02/19;1500 UTC;;;;;;;;;;;;;;;;;;
2026/02/19;1600 UTC;;;;;;;;;;;;;;;;;;
2026/02/19;1700 UTC;;;;;;;;;;;;;;;;;;
2026/02/19;1800 UTC;;;;;;;;;;;;;;;;;;
2026/02/19;1900 UTC;;;;;;;;;;;;;;;;;;
2026/02/19;2000 UTC;;;;;;;;;;;;;;;;;;
2026/02/19;2100 UTC;;;;;;;;;;;;;;;;;;
2026/02/19;2200 UTC;;;;;;;;;;;;;;;;;;
2026/02/19;2300 UTC;;;;;;;;;;;;;;;;;;
2026/02/20;0000 UTC;;;;;;;;;;;;;;;;;;
2026/02/20;0100 UTC;;;;;;;;;;;;;;;;;;
2026/02/20;0200 UTC;;;;;;;;;;;;;;;;;;
2026/02/20;0300 UTC;;;;;;;;;;;;;;;;;;
2026/02/20;0400 UTC;;;;;;;;;;;;;;;;;;
2026/02/20;0500 UTC;;;;;;;;;;;;;;;;;;
2026/02/20;0600 UTC;;;;;;;;;;;;;;;;;;
2026/02/20;0700 UTC;;;;;;;;;;;;;;;;;;
2026/02/20;0800 UTC;;;;;;;;;;;;;;;;;;
2026/02/20;0900 UTC;;;;;;;;;;;;;;;;;;
2026/02/20;1000 UTC;;;;;;;;;;;;;;;;;;
2026/02/20;1100 UTC;;;;;;;;;;;;;;;;;;
2026/02/20;1200 UTC;;;;;;;;;;;;;;;;;;
2026/02/20;1300 UTC;;;;;;;;;;;;;;;;;;
2026/02/20;1400 UTC;;;;;;;;;;;;;;;;;;
2026/02/20;1500 UTC;;;;;;;;;;;;;;;;;;
2026/02/20;1600 UTC;;;;;;;;;;;;;;;;;;
2026/02/20;1700 UTC;;;;;;;;;;;;;;;;;;
2026/02/20;1800 UTC;;;;;;;;;;;;;;;;;;
2026/02/20;1900 UTC;;;;;;;;;;;;;;;;;;
2026/02/20;2000 UTC;;;;;;;;;;;;;;;;;;
2026/02/20;2100 UTC;;;;;;;;;;;;;;;;;;
2026/02/20;2200 UTC;;;;;;;;;;;;;;;;;;
2026/02/20;2300 UTC;;;;;;;;;;;;;;;;;;
2026/02/21;0000 UTC;;;;;;;;;;;;;;;;;;
2026/02/21;0100 UTC;;;;;;;;;;;;;;;;;;
2026/02/21;0200 UTC;;;;;;;;;;;;;;;;;;
2026/02/21;0300 UTC;;;;;;;;;;;;;;;;;;
2026/02/21;0400 UTC;;;;;;;;;;;;;;;;;;
2026/02/21;0500 UTC;;;;;;;;;;;;;;;;;;
2026/02/21;0600 UTC;;;;;;;;;;;;;;;;;;
2026/02/21;0700 UTC;;;;;;;;;;;;;;;;;;
2026/02/21;0800 UTC;;;;;;;;;;;;;;;;;;
2026/02/21;0900 UTC;;;;;;;;;;;;;;;;;;
2026/02/21;1000 UTC;;;;;;;;;;;;;;;;;;
2026/02/21;1100 UTC;;;;;;;;;;;;;;;;;;
2026/02/21;1200 UTC;;;;;;;;;;;;;;;;;;
2026/02/21;1300 UTC;;;;;;;;;;;;;;;;;;
2026/02/21;1400 UTC;;;;;;;;;;;;;;;;;;
2026/02/21;1500 UTC;;;;;;;;;;;;;;;;;;
2026/02/21;1600 UTC;;;;;;;;;;;;;;;;;;
2026/02/21;1700 UTC;;;;;;;;;;;;;;;;;;
2026/02/21;1800 UTC;;;;;;;;;;;;;;;;;;
2026/02/21;1900 UTC;;;;;;;;;;;;;;;;;;
2026/02/21;2000 UTC;;;;;;;;;;;;;;;;;;
2026/02/21;2100 UTC;;;;;;;;;;;;;;;;;;
2026/02/21;2200 UTC;;;;;;;;;;;;;;;;;;
2026/02/21;2300 UTC;;;;;;;;;;;;;;;;;;
2026/02/22;0000 UTC;;;;;;;;;;;;;;;;;;
2026/02/22;0100 UTC;;;;;;;;;;;;;;;;;;
2026/02/22;0200 UTC;;;;;;;;;;;;;;;;;;
2026/02/22;0300 UTC;;;;;;;;;;;;;;;;;;
2026/02/22;0400 UTC;;;;;;;;;;;;;;;;;;
2026/02/22;0500 UTC;;;;;;;;;;;;;;;;;;
2026/02/22;0600 UTC;;;;;;;;;;;;;;;;;;
2026/02/22;0700 UTC;;;;;;;;;;;;;;;;;;
2026/02/22;0800 UTC;;;;;;;;;;;;;;;;;;
2026/02/22;0900 UTC;;;;;;;;;;;;;;;;;;
2026/02/22;1000 UTC;;;;;;;;;;;;;;;;;;
2026/02/22;1100 UTC;;;;;;;;;;;;;;;;;;
2026/02/22;1200 UTC;;;;;;;;;;;;;;;;;;
2026/02/22;1300 UTC;;;;;;;;;;;;;;;;;;
2026/02/22;1400 UTC;;;;;;;;;;;;;;;;;;
2026/02/22;1500 UTC;;;;;;;;;;;;;;;;;;
2026/02/22;1600 UTC;;;;;;;;;;;;;;;;;;
2026/02/22;1700 UTC;;;;;;;;;;;;;;;;;;
2026/02/22;1800 UTC;;;;;;;;;;;;;;;;;;
2026/02/22;1900 UTC;;;;;;;;;;;;;;;;;;
2026/02/22;2000 UTC;;;;;;;;;;;;;;;;;;
2026/02/22;2100 UTC;;;;;;;;;;;;;;;;;;
2026/02/22;2200 UTC;;;;;;;;;;;;;;;;;;
2026/02/22;2300 UTC;;;;;;;;;;;;;;;;;;
2026/02/23;0000 UTC;;;;;;;;;;;;;;;;;;
2026/02/23;0100 UTC;;;;;;;;;;;;;;;;;;
2026/02/23;0200 UTC;;;;;;;;;;;;;;;;;;
2026/02/23;0300 UTC;;;;;;;;;;;;;;;;;;
2026/02/23;0400 UTC;;;;;;;;;;;;;;;;;;
2026/02/23;0500 UTC;;;;;;;;;;;;;;;;;;
2026/02/23;0600 UTC;;;;;;;;;;;;;;;;;;
2026/02/23;0700 UTC;;;;;;;;;;;;;;;;;;
2026/02/23;0800 UTC;;;;;;;;;;;;;;;;;;
2026/02/23;0900 UTC;;;;;;;;;;;;;;;;;;
2026/02/23;1000 UTC;;;;;;;;;;;;;;;;;;
2026/02/23;1100 UTC;;;;;;;;;;;;;;;;;;
2026/02/23;1200 UTC;;;;;;;;;;;;;;;;;;
2026/02/23;1300 UTC;;;;;;;;;;;;;;;;;;
2026/02/23;1400 UTC;;;;;;;;;;;;;;;;;;
2026/02/23;1500 UTC;;;;;;;;;;;;;;;;;;
2026/02/23;1600 UTC;;;;;;;;;;;;;;;;;;
2026/02/23;1700 UTC;;;;;;;;;;;;;;;;;;
2026/02/23;1800 UTC;;;;;;;;;;;;;;;;;;
2026/02/23;1900 UTC;;;;;;;;;;;;;;;;;;
2026/02/23;2000 UTC;;;;;;;;;;;;;;;;;;
2026/02/23;2100 UTC;;;;;;;;;;;;;;;;;;
2026/02/23;2200 UTC;;;;;;;;;;;;;;;;;;
2026/02/23;2300 UTC;;;;;;;;;;;;;;;;;;
2026/02/24;0000 UTC;;;;;;;;;;;;;;;;;;
2026/02/24;0100 UTC;;;;;;;;;;;;;;;;;;
2026/02/24;0200 UTC;;;;;;;;;;;;;;;;;;
2026/02/24;0300 UTC;;;;;;;;;;;;;;;;;;
2026/02/24;0400 UTC;;;;;;;;;;;;;;;;;;
2026/02/24;0500 UTC;;;;;;;;;;;;;;;;;;
2026/02/24;0600 UTC;;;;;;;;;;;;;;;;;;
2026/02/24;0700 UTC;;;;;;;;;;;;;;;;;;
2026/02/24;0800 UTC;;;;;;;;;;;;;;;;;;
2026/02/24;0900 UTC;;;;;;;;;;;;;;;;;;
2026/02/24;1000 UTC;;;;;;;;;;;;;;;;;;
2026/02/24;1100 UTC;;;;;;;;;;;;;;;;;;
2026/02/24;1200 UTC;;;;;;;;;;;;;;;;;;
2026/02/24;1300 UTC;;;;;;;;;;;;;;;;;;
2026/02/24;1400 UTC;;;;;;;;;;;;;;;;;;
2026/02/24;1500 UTC;;;;;;;;;;;;;;;;;;
2026/02/24;1600 UTC;;;;;;;;;;;;;;;;;;
2026/02/24;1700 UTC;;;;;;;;;;;;;;;;;;
2026/02/24;1800 UTC;;;;;;;;;;;;;;;;;;
2026/02/24;1900 UTC;;;;;;;;;;;;;;;;;;
2026/02/24;2000 UTC;;;;;;;;;;;;;;;;;;
2026/02/24;2100 UTC;;;;;;;;;;;;;;;;;;
2026/02/24;2200 UTC;;;;;;;;;;;;;;;;;;
2026/02/24;2300 UTC;;;;;;;;;;;;;;;;;;
2026/02/25;0000 UTC;;;;;;;;;;;;;;;;;;
2026/02/25;0100 UTC;;;;;;;;;;;;;;;;;;
2026/02/25;0200 UTC;;;;;;;;;;;;;;;;;;
2026/02/25;0300 UTC;;;;;;;;;;;;;;;;;;
2026/02/25;0400 UTC;;;;;;;;;;;;;;;;;;
2026/02/25;0500 UTC;;;;;;;;;;;;;;;;;;
2026/02/25;0600 UTC;;;;;;;;;;;;;;;;;;
2026/02/25;0700 UTC;;;;;;;;;;;;;;;;;;
2026/02/25;0800 UTC;;;;;;;;;;;;;;;;;;
2026/02/25;0900 UTC;;;;;;;;;;;;;;;;;;
2026/02/25;1000 UTC;;;;;;;;;;;;;;;;;;
2026/02/25;1100 UTC;;;;;;;;;;;;;;;;;;
2026/02/25;1200 UTC;;;;;;;;;;;;;;;;;;
2026/02/25;1300 UTC;;;;;;;;;;;;;;;;;;
2026/02/25;1400 UTC;;;;;;;;;;;;;;;;;;
2026/02/25;1500 UTC;;;;;;;;;;;;;;;;;;
2026/02/25;1600 UTC;;;;;;;;;;;;;;;;;;
2026/02/25;1700 UTC;;;;;;;;;;;;;;;;;;
2026/02/25;1800 UTC;;;;;;;;;;;;;;;;;;
2026/02/25;1900 UTC;;;;;;;;;;;;;;;;;;
2026/02/25;2000 UTC;;;;;;;;;;;;;;;;;;
2026/02/25;2100 UTC;;;;;;;;;;;;;;;;;;
2026/02/25;2200 UTC;;;;;;;;;;;;;;;;;;
2026/02/25;2300 UTC;;;;;;;;;;;;;;;;;;
2026/02/26;0000 UTC;;;;;;;;;;;;;;;;;;
2026/02/26;0100 UTC;;;;;;;;;;;;;;;;;;
2026/02/26;0200 UTC;;;;;;;;;;;;;;;;;;
2026/02/26;0300 UTC;;;;;;;;;;;;;;;;;;
2026/02/26;0400 UTC;;;;;;;;;;;;;;;;;;
2026/02/26;0500 UTC;;;;;;;;;;;;;;;;;;
2026/02/26;0600 UTC;;;;;;;;;;;;;;;;;;
2026/02/26;0700 UTC;;;;;;;;;;;;;;;;;;
2026/02/26;0800 UTC;;;;;;;;;;;;;;;;;;
2026/02/26;0900 UTC;;;;;;;;;;;;;;;;;;
2026/02/26;1000 UTC;;;;;;;;;;;;;;;;;;
2026/02/26;1100 UTC;;;;;;;;;;;;;;;;;;
2026/02/26;1200 UTC;;;;;;;;;;;;;;;;;;
2026/02/26;1300 UTC;;;;;;;;;;;;;;;;;;
2026/02/26;1400 UTC;;;;;;;;;;;;;;;;;;
2026/02/26;1500 UTC;;;;;;;;;;;;;;;;;;
2026/02/26;1600 UTC;;;;;;;;;;;;;;;;;;
2026/02/26;1700 UTC;;;;;;;;;;;;;;;;;;
2026/02/26;1800 UTC;;;;;;;;;;;;;;;;;;
2026/02/26;1900 UTC;;;;;;;;;;;;;;;;;;
2026/02/26;2000 UTC;;;;;;;;;;;;;;;;;;
2026/02/26;2100 UTC;;;;;;;;;;;;;;;;;;
2026/02/26;2200 UTC;;;;;;;;;;;;;;;;;;
2026/02/26;2300 UTC;;;;;;;;;;;;;;;;;;
2026/02/27;0000 UTC;;;;;;;;;;;;;;;;;;
2026/02/27;0100 UTC;;;;;;;;;;;;;;;;;;
2026/02/27;0200 UTC;;;;;;;;;;;;;;;;;;
2026/02/27;0300 UTC;;;;;;;;;;;;;;;;;;
2026/02/27;0400 UTC;;;;;;;;;;;;;;;;;;
2026/02/27;0500 UTC;;;;;;;;;;;;;;;;;;
2026/02/27;0600 UTC;;;;;;;;;;;;;;;;;;
2026/02/27;0700 UTC;;;;;;;;;;;;;;;;;;
2026/02/27;0800 UTC;;;;;;;;;;;;;;;;;;
2026/02/27;0900 UTC;;;;;;;;;;;;;;;;;;
2026/02/27;1000 UTC;;;;;;;;;;;;;;;;;;
2026/02/27;1100 UTC;;;;;;;;;;;;;;;;;;
2026/02/27;1200 UTC;;;;;;;;;;;;;;;;;;
2026/02/27;1300 UTC;;;;;;;;;;;;;;;;;;
2026/02/27;1400 UTC;;;;;;;;;;;;;;;;;;
2026/02/27;1500 UTC;;;;;;;;;;;;;;;;;;
2026/02/27;1600 UTC;;;;;;;;;;;;;;;;;;
2026/02/27;1700 UTC;;;;;;;;;;;;;;;;;;
2026/02/27;1800 UTC;;;;;;;;;;;;;;;;;;
2026/02/27;1900 UTC;;;;;;;;;;;;;;;;;;
2026/02/27;2000 UTC;;;;;;;;;;;;;;;;;;
2026/02/27;2100 UTC;;;;;;;;;;;;;;;;;;
2026/02/27;2200 UTC;;;;;;;;;;;;;;;;;;
2026/02/27;2300 UTC;;;;;;;;;;;;;;;;;;
2026/02/28;0000 UTC;;;;;;;;;;;;;;;;;;
2026/02/28;0100 UTC;;;;;;;;;;;;;;;;;;
2026/02/28;0200 UTC;;;;;;;;;;;;;;;;;;
2026/02/28;0300 UTC;;;;;;;;;;;;;;;;;;
2026/02/28;0400 UTC;;;;;;;;;;;;;;;;;;
2026/02/28;0500 UTC;;;;;;;;;;;;;;;;;;
2026/02/28;0600 UTC;;;;;;;;;;;;;;;;;;
2026/02/28;0700 UTC;;;;;;;;;;;;;;;;;;
2026/02/28;0800 UTC;;;;;;;;;;;;;;;;;;
2026/02/28;0900 UTC;;;;;;;;;;;;;;;;;;
2026/02/28;1000 UTC;;;;;;;;;;;;;;;;;;
2026/02/28;1100 UTC;;;;;;;;;;;;;;;;;;
2026/02/28;1200 UTC;;;;;;;;;;;;;;;;;;
2026/02/28;1300 UTC;;;;;;;;;;;;;;;;;;
2026/02/28;1400 UTC;;;;;;;;;;;;;;;;;;
2026/02/28;1500 UTC;;;;;;;;;;;;;;;;;;
2026/02/28;1600 UTC;;;;;;;;;;;;;;;;;;
2026/02/28;1700 UTC;;;;;;;;;;;;;;;;;;
2026/02/28;1800 UTC;;;;;;;;;;;;;;;;;;
2026/02/28;1900 UTC;;;;;;;;;;;;;;;;;;
2026/02/28;2000 UTC;;;;;;;;;;;;;;;;;;
2026/02/28;2100 UTC;;;;;;;;;;;;;;;;;;
2026/02/28;2200 UTC;;;;;;;;;;;;;;;;;;
2026/02/28;2300 UTC;;;;;;;;;;;;;;;;;;
2026/03/01;0000 UTC;;;;;;;;;;;;;;;;;;
2026/03/01;0100 UTC;;;;;;;;;;;;;;;;;;
2026/03/01;0200 UTC;;;;;;;;;;;;;;;;;;
2026/03/01;0300 UTC;;;;;;;;;;;;;;;;;;
2026/03/01;0400 UTC;;;;;;;;;;;;;;;;;;
2026/03/01;0500 UTC;;;;;;;;;;;;;;;;;;
2026/03/01;0600 UTC;;;;;;;;;;;;;;;;;;
2026/03/01;0700 UTC;;;;;;;;;;;;;;;;;;
2026/03/01;0800 UTC;;;;;;;;;;;;;;;;;;
2026/03/01;0900 UTC;;;;;;;;;;;;;;;;;;
2026/03/01;1000 UTC;;;;;;;;;;;;;;;;;;
2026/03/01;1100 UTC;;;;;;;;;;;;;;;;;;
2026/03/01;1200 UTC;;;;;;;;;;;;;;;;;;
2026/03/01;1300 UTC;;;;;;;;;;;;;;;;;;
2026/03/01;1400 UTC;;;;;;;;;;;;;;;;;;
2026/03/01;1500 UTC;;;;;;;;;;;;;;;;;;
2026/03/01;1600 UTC;;;;;;;;;;;;;;;;;;
2026/03/01;1700 UTC;;;;;;;;;;;;;;;;;;
2026/03/01;1800 UTC;;;;;;;;;;;;;;;;;;
2026/03/01;1900 UTC;;;;;;;;;;;;;;;;;;
2026/03/01;2000 UTC;;;;;;;;;;;;;;;;;;
2026/03/01;2100 UTC;;;;;;;;;;;;;;;;;;
2026/03/01;2200 UTC;;;;;;;;;;;;;;;;;;
2026/03/01;2300 UTC;;;;;;;;;;;;;;;;;;
2026/03/02;0000 UTC;;;;;;;;;;;;;;;;;;
2026/03/02;0100 UTC;;;;;;;;;;;;;;;;;;
2026/03/02;0200 UTC;;;;;;;;;;;;;;;;;;
2026/03/02;0300 UTC;;;;;;;;;;;;;;;;;;
2026/03/02;0400 UTC;;;;;;;;;;;;;;;;;;
2026/03/02;0500 UTC;;;;;;;;;;;;;;;;;;
2026/03/02;0600 UTC;;;;;;;;;;;;;;;;;;
2026/03/02;0700 UTC;;;;;;;;;;;;;;;;;;
2026/03/02;0800 UTC;;;;;;;;;;;;;;;;;;
2026/03/02;0900 UTC;;;;;;;;;;;;;;;;;;
2026/03/02;1000 UTC;;;;;;;;;;;;;;;;;;
2026/03/02;1100 UTC;;;;;;;;;;;;;;;;;;
2026/03/02;1200 UTC;;;;;;;;;;;;;;;;;;
2026/03/02;1300 UTC;;;;;;;;;;;;;;;;;;
2026/03/02;1400 UTC;;;;;;;;;;;;;;;;;;
2026/03/02;1500 UTC;;;;;;;;;;;;;;;;;;
2026/03/02;1600 UTC;;;;;;;;;;;;;;;;;;
2026/03/02;1700 UTC;;;;;;;;;;;;;;;;;;
2026/03/02;1800 UTC;;;;;;;;;;;;;;;;;;
2026/03/02;1900 UTC;;;;;;;;;;;;;;;;;;
2026/03/02;2000 UTC;;;;;;;;;;;;;;;;;;
2026/03/02;2100 UTC;;;;;;;;;;;;;;;;;;
2026/03/02;2200 UTC;;;;;;;;;;;;;;;;;;
2026/03/02;2300 UTC;;;;;;;;;;;;;;;;;;
2026/03/03;0000 UTC;;;;;;;;;;;;;;;;;;
2026/03/03;0100 UTC;;;;;;;;;;;;;;;;;;
2026/03/03;0200 UTC;;;;;;;;;;;;;;;;;;
2026/03/03;0300 UTC;;;;;;;;;;;;;;;;;;
2026/03/03;0400 UTC;;;;;;;;;;;;;;;;;;
2026/03/03;0500 UTC;;;;;;;;;;;;;;;;;;
2026/03/03;0600 UTC;;;;;;;;;;;;;;;;;;
2026/03/03;0700 UTC;;;;;;;;;;;;;;;;;;
2026/03/03;0800 UTC;;;;;;;;;;;;;;;;;;
2026/03/03;0900 UTC;;;;;;;;;;;;;;;;;;
2026/03/03;1000 UTC;;;;;;;;;;;;;;;;;;
2026/03/03;1100 UTC;;;;;;;;;;;;;;;;;;
2026/03/03;1200 UTC;;;;;;;;;;;;;;;;;;
2026/03/03;1300 UTC;;;;;;;;;;;;;;;;;;
2026/03/03;1400 UTC;;;;;;;;;;;;;;;;;;
2026/03/03;1500 UTC;;;;;;;;;;;;;;;;;;
2026/03/03;1600 UTC;;;;;;;;;;;;;;;;;;
2026/03/03;1700 UTC;;;;;;;;;;;;;;;;;;
2026/03/03;1800 UTC;;;;;;;;;;;;;;;;;;
2026/03/03;1900 UTC;;;;;;;;;;;;;;;;;;
2026/03/03;2000 UTC;;;;;;;;;;;;;;;;;;
2026/03/03;2100 UTC;;;;;;;;;;;;;;;;;;
2026/03/03;2200 UTC;;;;;;;;;;;;;;;;;;
2026/03/03;2300 UTC;;;;;;;;;;;;;;;;;;
2026/03/04;0000 UTC;;;;;;;;;;;;;;;;;;
2026/03/04;0100 UTC;;;;;;;;;;;;;;;;;;
2026/03/04;0200 UTC;;;;;;;;;;;;;;;;;;
2026/03/04;0300 UTC;;;;;;;;;;;;;;;;;;
2026/03/04;0400 UTC;;;;;;;;;;;;;;;;;;
2026/03/04;0500 UTC;;;;;;;;;;;;;;;;;;
2026/03/04;0600 UTC;;;;;;;;;;;;;;;;;;
2026/03/04;0700 UTC;;;;;;;;;;;;;;;;;;
2026/03/04;0800 UTC;;;;;;;;;;;;;;;;;;
2026/03/04;0900 UTC;;;;;;;;;;;;;;;;;;
2026/03/04;1000 UTC;;;;;;;;;;;;;;;;;;
2026/03/04;1100 UTC;;;;;;;;;;;;;;;;;;
2026/03/04;1200 UTC;;;;;;;;;;;;;;;;;;
2026/03/04;1300 UTC;;;;;;;;;;;;;;;;;;
2026/03/04;1400 UTC;;;;;;;;;;;;;;;;;;
2026/03/04;1500 UTC;;;;;;;;;;;;;;;;;;
2026/03/04;1600 UTC;;;;;;;;;;;;;;;;;;
2026/03/04;1700 UTC;;;;;;;;;;;;;;;;;;
2026/03/04;1800 UTC;;;;;;;;;;;;;;;;;;
2026/03/04;1900 UTC;;;;;;;;;;;;;;;;;;
2026/03/04;2000 UTC;;;;;;;;;;;;;;;;;;
2026/03/04;2100 UTC;;;;;;;;;;;;;;;;;;
2026/03/04;2200 UTC;;;;;;;;;;;;;;;;;;
2026/03/04;2300 UTC;;;;;;;;;;;;;;;;;;
2026/03/05;0000 UTC;;;;;;;;;;;;;;;;;;
2026/03/05;0100 UTC;;;;;;;;;;;;;;;;;;
2026/03/05;0200 UTC;;;;;;;;;;;;;;;;;;
2026/03/05;0300 UTC;;;;;;;;;;;;;;;;;;
2026/03/05;0400 UTC;;;;;;;;;;;;;;;;;;
2026/03/05;0500 UTC;;;;;;;;;;;;;;;;;;
2026/03/05;0600 UTC;;;;;;;;;;;;;;;;;;
2026/03/05;0700 UTC;;;;;;;;;;;;;;;;;;
2026/03/05;0800 UTC;;;;;;;;;;;;;;;;;;
2026/03/05;0900 UTC;;;;;;;;;;;;;;;;;;
2026/03/05;1000 UTC;;;;;;;;;;;;;;;;;;
2026/03/05;1100 UTC;;;;;;;;;;;;;;;;;;
2026/03/05;1200 UTC;;;;;;;;;;;;;;;;;;
2026/03/05;1300 UTC;;;;;;;;;;;;;;;;;;
2026/03/05;1400 UTC;;;;;;;;;;;;;;;;;;
2026/03/05;1500 UTC;;;;;;;;;;;;;;;;;;
2026/03/05;1600 UTC;;;;;;;;;;;;;;;;;;
2026/03/05;1700 UTC;;;;;;;;;;;;;;;;;;
2026/03/05;1800 UTC;;;;;;;;;;;;;;;;;;
2026/03/05;1900 UTC;;;;;;;;;;;;;;;;;;
2026/03/05;2000 UTC;;;;;;;;;;;;;;;;;;
2026/03/05;2100 UTC;;;;;;;;;;;;;;;;;;
2026/03/05;2200 UTC;;;;;;;;;;;;;;;;;;
2026/03/05;2300 UTC;;;;;;;;;;;;;;;;;;
2026/03/06;0000 UTC;;;;;;;;;;;;;;;;;;
2026/03/06;0100 UTC;;;;;;;;;;;;;;;;;;
2026/03/06;0200 UTC;;;;;;;;;;;;;;;;;;
2026/03/06;0300 UTC;;;;;;;;;;;;;;;;;;
2026/03/06;0400 UTC;;;;;;;;;;;;;;;;;;
2026/03/06;0500 UTC;;;;;;;;;;;;;;;;;;
2026/03/06;0600 UTC;;;;;;;;;;;;;;;;;;
2026/03/06;0700 UTC;;;;;;;;;;;;;;;;;;
2026/03/06;0800 UTC;;;;;;;;;;;;;;;;;;
2026/03/06;0900 UTC;;;;;;;;;;;;;;;;;;
2026/03/06;1000 UTC;;;;;;;;;;;;;;;;;;
2026/03/06;1100 UTC;;;;;;;;;;;;;;;;;;
2026/03/06;1200 UTC;;;;;;;;;;;;;;;;;;
2026/03/06;1300 UTC;;;;;;;;;;;;;;;;;;
2026/03/06;1400 UTC;;;;;;;;;;;;;;;;;;
2026/03/06;1500 UTC;;;;;;;;;;;;;;;;;;
2026/03/06;1600 UTC;;;;;;;;;;;;;;;;;;
2026/03/06;1700 UTC;;;;;;;;;;;;;;;;;;
2026/03/06;1800 UTC;;;;;;;;;;;;;;;;;;
2026/03/06;1900 UTC;;;;;;;;;;;;;;;;;;
2026/03/06;2000 UTC;;;;;;;;;;;;;;;;;;
2026/03/06;2100 UTC;;;;;;;;;;;;;;;;;;
2026/03/06;2200 UTC;;;;;;;;;;;;;;;;;;
2026/03/06;2300 UTC;;;;;;;;;;;;;;;;;;
2026/03/07;0000 UTC;;;;;;;;;;;;;;;;;;
2026/03/07;0100 UTC;;;;;;;;;;;;;;;;;;
2026/03/07;0200 UTC;;;;;;;;;;;;;;;;;;
2026/03/07;0300 UTC;;;;;;;;;;;;;;;;;;
2026/03/07;0400 UTC;;;;;;;;;;;;;;;;;;
2026/03/07;0500 UTC;;;;;;;;;;;;;;;;;;
2026/03/07;0600 UTC;;;;;;;;;;;;;;;;;;
2026/03/07;0700 UTC;;;;;;;;;;;;;;;;;;
2026/03/07;0800 UTC;;;;;;;;;;;;;;;;;;
2026/03/07;0900 UTC;;;;;;;;;;;;;;;;;;
2026/03/07;1000 UTC;;;;;;;;;;;;;;;;;;
2026/03/07;1100 UTC;;;;;;;;;;;;;;;;;;
2026/03/07;1200 UTC;;;;;;;;;;;;;;;;;;
2026/03/07;1300 UTC;;;;;;;;;;;;;;;;;;
2026/03/07;1400 UTC;;;;;;;;;;;;;;;;;;
2026/03/07;1500 UTC;;;;;;;;;;;;;;;;;;
2026/03/07;1600 UTC;;;;;;;;;;;;;;;;;;
2026/03/07;1700 UTC;;;;;;;;;;;;;;;;;;
2026/03/07;1800 UTC;;;;;;;;;;;;;;;;;;
2026/03/07;1900 UTC;;;;;;;;;;;;;;;;;;
2026/03/07;2000 UTC;;;;;;;;;;;;;;;;;;
2026/03/07;2100 UTC;;;;;;;;;;;;;;;;;;
2026/03/07;2200 UTC;;;;;;;;;;;;;;;;;;
2026/03/07;2300 UTC;;;;;;;;;;;;;;;;;;
2026/03/08;0000 UTC;;;;;;;;;;;;;;;;;;
2026/03/08;0100 UTC;;;;;;;;;;;;;;;;;;
2026/03/08;0200 UTC;;;;;;;;;;;;;;;;;;
2026/03/08;0300 UTC;;;;;;;;;;;;;;;;;;
2026/03/08;0400 UTC;;;;;;;;;;;;;;;;;;
2026/03/08;0500 UTC;;;;;;;;;;;;;;;;;;
2026/03/08;0600 UTC;;;;;;;;;;;;;;;;;;
2026/03/08;0700 UTC;;;;;;;;;;;;;;;;;;
2026/03/08;0800 UTC;;;;;;;;;;;;;;;;;;
2026/03/08;0900 UTC;;;;;;;;;;;;;;;;;;
2026/03/08;1000 UTC;;;;;;;;;;;;;;;;;;
2026/03/08;1100 UTC;;;;;;;;;;;;;;;;;;
2026/03/08;1200 UTC;;;;;;;;;;;;;;;;;;
2026/03/08;1300 UTC;;;;;;;;;;;;;;;;;;
2026/03/08;1400 UTC;;;;;;;;;;;;;;;;;;
2026/03/08;1500 UTC;;;;;;;;;;;;;;;;;;
2026/03/08;1600 UTC;;;;;;;;;;;;;;;;;;
2026/03/08;1700 UTC;;;;;;;;;;;;;;;;;;
2026/03/08;1800 UTC;;;;;;;;;;;;;;;;;;
2026/03/08;1900 UTC;;;;;;;;;;;;;;;;;;
2026/03/08;2000 UTC;;;;;;;;;;;;;;;;;;
2026/03/08;2100 UTC;;;;;;;;;;;;;;;;;;
2026/03/08;2200 UTC;;;;;;;;;;;;;;;;;;
2026/03/08;2300 UTC;;;;;;;;;;;;;;;;;;
2026/03/09;0000 UTC;;;;;;;;;;;;;;;;;;
2026/03/09;0100 UTC;;;;;;;;;;;;;;;;;;
2026/03/09;0200 UTC;;;;;;;;;;;;;;;;;;
2026/03/09;0300 UTC;;;;;;;;;;;;;;;;;;
2026/03/09;0400 UTC;;;;;;;;;;;;;;;;;;
2026/03/09;0500 UTC;;;;;;;;;;;;;;;;;;
2026/03/09;0600 UTC;;;;;;;;;;;;;;;;;;
2026/03/09;0700 UTC;;;;;;;;;;;;;;;;;;
2026/03/09;0800 UTC;;;;;;;;;;;;;;;;;;
2026/03/09;0900 UTC;;;;;;;;;;;;;;;;;;
2026/03/09;1000 UTC;;;;;;;;;;;;;;;;;;
2026/03/09;1100 UTC;;;;;;;;;;;;;;;;;;
2026/03/09;1200 UTC;;;;;;;;;;;;;;;;;;
2026/03/09;1300 UTC;;;;;;;;;;;;;;;;;;
2026/03/09;1400 UTC;;;;;;;;;;;;;;;;;;
2026/03/09;1500 UTC;;;;;;;;;;;;;;;;;;
2026/03/09;1600 UTC;;;;;;;;;;;;;;;;;;
2026/03/09;1700 UTC;;;;;;;;;;;;;;;;;;
2026/03/09;1800 UTC;;;;;;;;;;;;;;;;;;
2026/03/09;1900 UTC;;;;;;;;;;;;;;;;;;
2026/03/09;2000 UTC;;;;;;;;;;;;;;;;;;
2026/03/09;2100 UTC;;;;;;;;;;;;;;;;;;
2026/03/09;2200 UTC;;;;;;;;;;;;;;;;;;
2026/03/09;2300 UTC;;;;;;;;;;;;;;;;;;
2026/03/10;0000 UTC;;;;;;;;;;;;;;;;;;
2026/03/10;0100 UTC;;;;;;;;;;;;;;;;;;
2026/03/10;0200 UTC;;;;;;;;;;;;;;;;;;
2026/03/10;0300 UTC;;;;;;;;;;;;;;;;;;
2026/03/10;0400 UTC;;;;;;;;;;;;;;;;;;
2026/03/10;0500 UTC;;;;;;;;;;;;;;;;;;
2026/03/10;0600 UTC;;;;;;;;;;;;;;;;;;
2026/03/10;0700 UTC;;;;;;;;;;;;;;;;;;
2026/03/10;0800 UTC;;;;;;;;;;;;;;;;;;
2026/03/10;0900 UTC;;;;;;;;;;;;;;;;;;
2026/03/10;1000 UTC;;;;;;;;;;;;;;;;;;
2026/03/10;1100 UTC;;;;;;;;;;;;;;;;;;
2026/03/10;1200 UTC;;;;;;;;;;;;;;;;;;
2026/03/10;1300 UTC;;;;;;;;;;;;;;;;;;
2026/03/10;1400 UTC;;;;;;;;;;;;;;;;;;
2026/03/10;1500 UTC;;;;;;;;;;;;;;;;;;
2026/03/10;1600 UTC;;;;;;;;;;;;;;;;;;
2026/03/10;1700 UTC;;;;;;;;;;;;;;;;;;
2026/03/10;1800 UTC;;;;;;;;;;;;;;;;;;
2026/03/10;1900 UTC;;;;;;;;;;;;;;;;;;
2026/03/10;2000 UTC;;;;;;;;;;;;;;;;;;
2026/03/10;2100 UTC;;;;;;;;;;;;;;;;;;
2026/03/10;2200 UTC;;;;;;;;;;;;;;;;;;
2026/03/10;2300 UTC;;;;;;;;;;;;;;;;;;
2026/03/11;0000 UTC;;;;;;;;;;;;;;;;;;
2026/03/11;0100 UTC;;;;;;;;;;;;;;;;;;
2026/03/11;0200 UTC;;;;;;;;;;;;;;;;;;
2026/03/11;0300 UTC;;;;;;;;;;;;;;;;;;
2026/03/11;0400 UTC;;;;;;;;;;;;;;;;;;
2026/03/11;0500 UTC;;;;;;;;;;;;;;;;;;
2026/03/11;0600 UTC;;;;;;;;;;;;;;;;;;
2026/03/11;0700 UTC;;;;;;;;;;;;;;;;;;
2026/03/11;0800 UTC;;;;;;;;;;;;;;;;;;
2026/03/11;0900 UTC;;;;;;;;;;;;;;;;;;
2026/03/11;1000 UTC;;;;;;;;;;;;;;;;;;
2026/03/11;1100 UTC;;;;;;;;;;;;;;;;;;
2026/03/11;1200 UTC;;;;;;;;;;;;;;;;;;
2026/03/11;1300 UTC;;;;;;;;;;;;;;;;;;
2026/03/11;1400 UTC;;;;;;;;;;;;;;;;;;
2026/03/11;1500 UTC;;;;;;;;;;;;;;;;;;
2026/03/11;1600 UTC;;;;;;;;;;;;;;;;;;
2026/03/11;1700 UTC;;;;;;;;;;;;;;;;;;
2026/03/11;1800 UTC;;;;;;;;;;;;;;;;;;
2026/03/11;1900 UTC;;;;;;;;;;;;;;;;;;
2026/03/11;2000 UTC;;;;;;;;;;;;;;;;;;
2026/03/11;2100 UTC;;;;;;;;;;;;;;;;;;
2026/03/11;2200 UTC;;;;;;;;;;;;;;;;;;
2026/03/11;2300 UTC;;;;;;;;;;;;;;;;;;
2026/03/12;0000 UTC;;;;;;;;;;;;;;;;;;
2026/03/12;0100 UTC;;;;;;;;;;;;;;;;;;
2026/03/12;0200 UTC;;;;;;;;;;;;;;;;;;
2026/03/12;0300 UTC;;;;;;;;;;;;;;;;;;
2026/03/12;0400 UTC;;;;;;;;;;;;;;;;;;
2026/03/12;0500 UTC;;;;;;;;;;;;;;;;;;
2026/03/12;0600 UTC;;;;;;;;;;;;;;;;;;
2026/03/12;0700 UTC;;;;;;;;;;;;;;;;;;
2026/03/12;0800 UTC;;;;;;;;;;;;;;;;;;
2026/03/12;0900 UTC;;;;;;;;;;;;;;;;;;
2026/03/12;1000 UTC;;;;;;;;;;;;;;;;;;
2026/03/12;1100 UTC;;;;;;;;;;;;;;;;;;
2026/03/12;1200 UTC;;;;;;;;;;;;;;;;;;
2026/03/12;1300 UTC;;;;;;;;;;;;;;;;;;
2026/03/12;1400 UTC;;;;;;;;;;;;;;;;;;
2026/03/12;1500 UTC;;;;;;;;;;;;;;;;;;
2026/03/12;1600 UTC;;;;;;;;;;;;;;;;;;
2026/03/12;1700 UTC;;;;;;;;;;;;;;;;;;
2026/03/12;1800 UTC;;;;;;;;;;;;;;;;;;
2026/03/12;1900 UTC;;;;;;;;;;;;;;;;;;
2026/03/12;2000 UTC;;;;;;;;;;;;;;;;;;
2026/03/12;2100 UTC;;;;;;;;;;;;;;;;;;
2026/03/12;2200 UTC;;;;;;;;;;;;;;;;;;
2026/03/12;2300 UTC;;;;;;;;;;;;;;;;;;
2026/03/13;0000 UTC;;;;;;;;;;;;;;;;;;
2026/03/13;0100 UTC;;;;;;;;;;;;;;;;;;
2026/03/13;0200 UTC;;;;;;;;;;;;;;;;;;
2026/03/13;0300 UTC;;;;;;;;;;;;;;;;;;
2026/03/13;0400 UTC;;;;;;;;;;;;;;;;;;
2026/03/13;0500 UTC;;;;;;;;;;;;;;;;;;
2026/03/13;0600 UTC;;;;;;;;;;;;;;;;;;
2026/03/13;0700 UTC;;;;;;;;;;;;;;;;;;
2026/03/13;0800 UTC;;;;;;;;;;;;;;;;;;
2026/03/13;0900 UTC;;;;;;;;;;;;;;;;;;
2026/03/13;1000 UTC;;;;;;;;;;;;;;;;;;
2026/03/13;1100 UTC;;;;;;;;;;;;;;;;;;
2026/03/13;1200 UTC;;;;;;;;;;;;;;;;;;
2026/03/13;1300 UTC;;;;;;;;;;;;;;;;;;
2026/03/13;1400 UTC;;;;;;;;;;;;;;;;;;
2026/03/13;1500 UTC;;;;;;;;;;;;;;;;;;
2026/03/13;1600 UTC;;;;;;;;;;;;;;;;;;
2026/03/13;1700 UTC;;;;;;;;;;;;;;;;;;
2026/03/13;1800 UTC;;;;;;;;;;;;;;;;;;
2026/03/13;1900 UTC;;;;;;;;;;;;;;;;;;
2026/03/13;2000 UTC;;;;;;;;;;;;;;;;;;
2026/03/13;2100 UTC;;;;;;;;;;;;;;;;;;
2026/03/13;2200 UTC;;;;;;;;;;;;;;;;;;
2026/03/13;2300 UTC;;;;;;;;;;;;;;;;;;
2026/03/14;0000 UTC;;;;;;;;;;;;;;;;;;
2026/03/14;0100 UTC;;;;;;;;;;;;;;;;;;
2026/03/14;0200 UTC;;;;;;;;;;;;;;;;;;
2026/03/14;0300 UTC;;;;;;;;;;;;;;;;;;
2026/03/14;0400 UTC;;;;;;;;;;;;;;;;;;
2026/03/14;0500 UTC;;;;;;;;;;;;;;;;;;
2026/03/14;0600 UTC;;;;;;;;;;;;;;;;;;
2026/03/14;0700 UTC;;;;;;;;;;;;;;;;;;
2026/03/14;0800 UTC;;;;;;;;;;;;;;;;;;
2026/03/14;0900 UTC;;;;;;;;;;;;;;;;;;
2026/03/14;1000 UTC;;;;;;;;;;;;;;;;;;
2026/03/14;1100 UTC;;;;;;;;;;;;;;;;;;
2026/03/14;1200 UTC;;;;;;;;;;;;;;;;;;
2026/03/14;1300 UTC;;;;;;;;;;;;;;;;;;
2026/03/14;1400 UTC;;;;;;;;;;;;;;;;;;
2026/03/14;1500 UTC;;;;;;;;;;;;;;;;;;
2026/03/14;1600 UTC;;;;;;;;;;;;;;;;;;
2026/03/14;1700 UTC;;;;;;;;;;;;;;;;;;
2026/03/14;1800 UTC;;;;;;;;;;;;;;;;;;
2026/03/14;1900 UTC;;;;;;;;;;;;;;;;;;
2026/03/14;2000 UTC;;;;;;;;;;;;;;;;;;
2026/03/14;2100 UTC;;;;;;;;;;;;;;;;;;
2026/03/14;2200 UTC;;;;;;;;;;;;;;;;;;
2026/03/14;2300 UTC;;;;;;;;;;;;;;;;;;
2026/03/15;0000 UTC;;;;;;;;;;;;;;;;;;
2026/03/15;0100 UTC;;;;;;;;;;;;;;;;;;
2026/03/15;0200 UTC;;;;;;;;;;;;;;;;;;
2026/03/15;0300 UTC;;;;;;;;;;;;;;;;;;
2026/03/15;0400 UTC;;;;;;;;;;;;;;;;;;
2026/03/15;0500 UTC;;;;;;;;;;;;;;;;;;
2026/03/15;0600 UTC;;;;;;;;;;;;;;;;;;
2026/03/15;0700 UTC;;;;;;;;;;;;;;;;;;
2026/03/15;0800 UTC;;;;;;;;;;;;;;;;;;
2026/03/15;0900 UTC;;;;;;;;;;;;;;;;;;
2026/03/15;1000 UTC;;;;;;;;;;;;;;;;;;
2026/03/15;1100 UTC;;;;;;;;;;;;;;;;;;
2026/03/15;1200 UTC;;;;;;;;;;;;;;;;;;
2026/03/15;1300 UTC;;;;;;;;;;;;;;;;;;
2026/03/15;1400 UTC;;;;;;;;;;;;;;;;;;
2026/03/15;1500 UTC;;;;;;;;;;;;;;;;;;
2026/03/15;1600 UTC;;;;;;;;;;;;;;;;;;
2026/03/15;1700 UTC;;;;;;;;;;;;;;;;;;
2026/03/15;1800 UTC;;;;;;;;;;;;;;;;;;
2026/03/15;1900 UTC;;;;;;;;;;;;;;;;;;
2026/03/15;2000 UTC;;;;;;;;;;;;;;;;;;
2026/03/15;2100 UTC;;;;;;;;;;;;;;;;;;
2026/03/15;2200 UTC;;;;;;;;;;;;;;;;;;
2026/03/15;2300 UTC;;;;;;;;;;;;;;;;;;
2026/03/16;0000 UTC;;;;;;;;;;;;;;;;;;
2026/03/16;0100 UTC;;;;;;;;;;;;;;;;;;
2026/03/16;0200 UTC;;;;;;;;;;;;;;;;;;
2026/03/16;0300 UTC;;;;;;;;;;;;;;;;;;
2026/03/16;0400 UTC;;;;;;;;;;;;;;;;;;
2026/03/16;0500 UTC;;;;;;;;;;;;;;;;;;
2026/03/16;0600 UTC;;;;;;;;;;;;;;;;;;
2026/03/16;0700 UTC;;;;;;;;;;;;;;;;;;
2026/03/16;0800 UTC;;;;;;;;;;;;;;;;;;
2026/03/16;0900 UTC;;;;;;;;;;;;;;;;;;
2026/03/16;1000 UTC;;;;;;;;;;;;;;;;;;
2026/03/16;1100 UTC;;;;;;;;;;;;;;;;;;
2026/03/16;1200 UTC;;;;;;;;;;;;;;;;;;
2026/03/16;1300 UTC;;;;;;;;;;;;;;;;;;
2026/03/16;1400 UTC;;;;;;;;;;;;;;;;;;
2026/03/16;1500 UTC;;;;;;;;;;;;;;;;;;
2026/03/16;1600 UTC;;;;;;;;;;;;;;;;;;
2026/03/16;1700 UTC;;;;;;;;;;;;;;;;;;
2026/03/16;1800 UTC;;;;;;;;;;;;;;;;;;
2026/03/16;1900 UTC;;;;;;;;;;;;;;;;;;
2026/03/16;2000 UTC;;;;;;;;;;;;;;;;;;
2026/03/16;2100 UTC;;;;;;;;;;;;;;;;;;
2026/03/16;2200 UTC;;;;;;;;;;;;;;;;;;
2026/03/16;2300 UTC;;;;;;;;;;;;;;;;;;
2026/03/17;0000 UTC;;;;;;;;;;;;;;;;;;
2026/03/17;0100 UTC;;;;;;;;;;;;;;;;;;
2026/03/17;0200 UTC;;;;;;;;;;;;;;;;;;
2026/03/17;0300 UTC;;;;;;;;;;;;;;;;;;
2026/03/17;0400 UTC;;;;;;;;;;;;;;;;;;
2026/03/17;0500 UTC;;;;;;;;;;;;;;;;;;
2026/03/17;0600 UTC;;;;;;;;;;;;;;;;;;
2026/03/17;0700 UTC;;;;;;;;;;;;;;;;;;
2026/03/17;0800 UTC;;;;;;;;;;;;;;;;;;
2026/03/17;0900 UTC;;;;;;;;;;;;;;;;;;
2026/03/17;1000 UTC;;;;;;;;;;;;;;;;;;
2026/03/17;1100 UTC;;;;;;;;;;;;;;;;;;
2026/03/17;1200 UTC;;;;;;;;;;;;;;;;;;
2026/03/17;1300 UTC;;;;;;;;;;;;;;;;;;
2026/03/17;1400 UTC;;;;;;;;;;;;;;;;;;
2026/03/17;1500 UTC;;;;;;;;;;;;;;;;;;
2026/03/17;1600 UTC;;;;;;;;;;;;;;;;;;
2026/03/17;1700 UTC;;;;;;;;;;;;;;;;;;
2026/03/17;1800 UTC;;;;;;;;;;;;;;;;;;
2026/03/17;1900 UTC;;;;;;;;;;;;;;;;;;
2026/03/17;2000 UTC;;;;;;;;;;;;;;;;;;
2026/03/17;2100 UTC;;;;;;;;;;;;;;;;;;
2026/03/17;2200 UTC;;;;;;;;;;;;;;;;;;
2026/03/17;2300 UTC;;;;;;;;;;;;;;;;;;
2026/03/18;0000 UTC;;;;;;;;;;;;;;;;;;
2026/03/18;0100 UTC;;;;;;;;;;;;;;;;;;
2026/03/18;0200 UTC;;;;;;;;;;;;;;;;;;
2026/03/18;0300 UTC;;;;;;;;;;;;;;;;;;
2026/03/18;0400 UTC;;;;;;;;;;;;;;;;;;
2026/03/18;0500 UTC;;;;;;;;;;;;;;;;;;
2026/03/18;0600 UTC;;;;;;;;;;;;;;;;;;
2026/03/18;0700 UTC;;;;;;;;;;;;;;;;;;
2026/03/18;0800 UTC;;;;;;;;;;;;;;;;;;
2026/03/18;0900 UTC;;;;;;;;;;;;;;;;;;
2026/03/18;1000 UTC;;;;;;;;;;;;;;;;;;
2026/03/18;1100 UTC;;;;;;;;;;;;;;;;;;
2026/03/18;1200 UTC;;;;;;;;;;;;;;;;;;
2026/03/18;1300 UTC;;;;;;;;;;;;;;;;;;
2026/03/18;1400 UTC;;;;;;;;;;;;;;;;;;
2026/03/18;1500 UTC;;;;;;;;;;;;;;;;;;
2026/03/18;1600 UTC;;;;;;;;;;;;;;;;;;
2026/03/18;1700 UTC;;;;;;;;;;;;;;;;;;
2026/03/18;1800 UTC;;;;;;;;;;;;;;;;;;
2026/03/18;1900 UTC;;;;;;;;;;;;;;;;;;
2026/03/18;2000 UTC;;;;;;;;;;;;;;;;;;
2026/03/18;2100 UTC;;;;;;;;;;;;;;;;;;
2026/03/18;2200 UTC;;;;;;;;;;;;;;;;;;
2026/03/18;2300 UTC;;;;;;;;;;;;;;;;;;
2026/03/19;0000 UTC;;;;;;;;;;;;;;;;;;
2026/03/19;0100 UTC;;;;;;;;;;;;;;;;;;
2026/03/19;0200 UTC;;;;;;;;;;;;;;;;;;
2026/03/19;0300 UTC;;;;;;;;;;;;;;;;;;
2026/03/19;0400 UTC;;;;;;;;;;;;;;;;;;
2026/03/19;0500 UTC;;;;;;;;;;;;;;;;;;
2026/03/19;0600 UTC;;;;;;;;;;;;;;;;;;
2026/03/19;0700 UTC;;;;;;;;;;;;;;;;;;
2026/03/19;0800 UTC;;;;;;;;;;;;;;;;;;
2026/03/19;0900 UTC;;;;;;;;;;;;;;;;;;
2026/03/19;1000 UTC;;;;;;;;;;;;;;;;;;
2026/03/19;1100 UTC;;;;;;;;;;;;;;;;;;
2026/03/19;1200 UTC;;;;;;;;;;;;;;;;;;
2026/03/19;1300 UTC;;;;;;;;;;;;;;;;;;
2026/03/19;1400 UTC;;;;;;;;;;;;;;;;;;
2026/03/19;1500 UTC;;;;;;;;;;;;;;;;;;
2026/03/19;1600 UTC;;;;;;;;;;;;;;;;;;
2026/03/19;1700 UTC;;;;;;;;;;;;;;;;;;
2026/03/19;1800 UTC;;;;;;;;;;;;;;;;;;
2026/03/19;1900 UTC;;;;;;;;;;;;;;;;;;
2026/03/19;2000 UTC;;;;;;;;;;;;;;;;;;
2026/03/19;2100 UTC;;;;;;;;;;;;;;;;;;
2026/03/19;2200 UTC;;;;;;;;;;;;;;;;;;
2026/03/19;2300 UTC;;;;;;;;;;;;;;;;;;
2026/03/20;0000 UTC;;;;;;;;;;;;;;;;;;
2026/03/20;0100 UTC;;;;;;;;;;;;;;;;;;
2026/03/20;0200 UTC;;;;;;;;;;;;;;;;;;
2026/03/20;0300 UTC;;;;;;;;;;;;;;;;;;
2026/03/20;0400 UTC;;;;;;;;;;;;;;;;;;
2026/03/20;0500 UTC;;;;;;;;;;;;;;;;;;
2026/03/20;0600 UTC;;;;;;;;;;;;;;;;;;
2026/03/20;0700 UTC;;;;;;;;;;;;;;;;;;
2026/03/20;0800 UTC;;;;;;;;;;;;;;;;;;
2026/03/20;0900 UTC;;;;;;;;;;;;;;;;;;
2026/03/20;1000 UTC;;;;;;;;;;;;;;;;;;
2026/03/20;1100 UTC;;;;;;;;;;;;;;;;;;
2026/03/20;1200 UTC;;;;;;;;;;;;;;;;;;
2026/03/20;1300 UTC;;;;;;;;;;;;;;;;;;
2026/03/20;1400 UTC;;;;;;;;;;;;;;;;;;
2026/03/20;1500 UTC;;;;;;;;;;;;;;;;;;
2026/03/20;1600 UTC;;;;;;;;;;;;;;;;;;
2026/03/20;1700 UTC;;;;;;;;;;;;;;;;;;
2026/03/20;1800 UTC;;;;;;;;;;;;;;;;;;
2026/03/20;1900 UTC;;;;;;;;;;;;;;;;;;
2026/03/20;2000 UTC;;;;;;;;;;;;;;;;;;
2026/03/20;2100 UTC;;;;;;;;;;;;;;;;;;
2026/03/20;2200 UTC;;;;;;;;;;;;;;;;;;
2026/03/20;2300 UTC;;;;;;;;;;;;;;;;;;
2026/03/21;0000 UTC;;;;;;;;;;;;;;;;;;
2026/03/21;0100 UTC;;;;;;;;;;;;;;;;;;
2026/03/21;0200 UTC;;;;;;;;;;;;;;;;;;
2026/03/21;0300 UTC;;;;;;;;;;;;;;;;;;
2026/03/21;0400 UTC;;;;;;;;;;;;;;;;;;
2026/03/21;0500 UTC;;;;;;;;;;;;;;;;;;
2026/03/21;0600 UTC;;;;;;;;;;;;;;;;;;
2026/03/21;0700 UTC;;;;;;;;;;;;;;;;;;
2026/03/21;0800 UTC;;;;;;;;;;;;;;;;;;
2026/03/21;0900 UTC;;;;;;;;;;;;;;;;;;
2026/03/21;1000 UTC;;;;;;;;;;;;;;;;;;
2026/03/21;1100 UTC;;;;;;;;;;;;;;;;;;
2026/03/21;1200 UTC;;;;;;;;;;;;;;;;;;
2026/03/21;1300 UTC;;;;;;;;;;;;;;;;;;
2026/03/21;1400 UTC;;;;;;;;;;;;;;;;;;
2026/03/21;1500 UTC;;;;;;;;;;;;;;;;;;
2026/03/21;1600 UTC;;;;;;;;;;;;;;;;;;
2026/03/21;1700 UTC;;;;;;;;;;;;;;;;;;
2026/03/21;1800 UTC;;;;;;;;;;;;;;;;;;
2026/03/21;1900 UTC;;;;;;;;;;;;;;;;;;
2026/03/21;2000 UTC;;;;;;;;;;;;;;;;;;
2026/03/21;2100 UTC;;;;;;;;;;;;;;;;;;
2026/03/21;2200 UTC;;;;;;;;;;;;;;;;;;
2026/03/21;2300 UTC;;;;;;;;;;;;;;;;;;
2026/03/22;0000 UTC;;;;;;;;;;;;;;;;;;
2026/03/22;0100 UTC;;;;;;;;;;;;;;;;;;
2026/03/22;0200 UTC;;;;;;;;;;;;;;;;;;
2026/03/22;0300 UTC;;;;;;;;;;;;;;;;;;
2026/03/22;0400 UTC;;;;;;;;;;;;;;;;;;
2026/03/22;0500 UTC;;;;;;;;;;;;;;;;;;
2026/03/22;0600 UTC;;;;;;;;;;;;;;;;;;
2026/03/22;0700 UTC;;;;;;;;;;;;;;;;;;
2026/03/22;0800 UTC;;;;;;;;;;;;;;;;;;
2026/03/22;0900 UTC;;;;;;;;;;;;;;;;;;
2026/03/22;1000 UTC;;;;;;;;;;;;;;;;;;
2026/03/22;1100 UTC;;;;;;;;;;;;;;;;;;
2026/03/22;1200 UTC;;;;;;;;;;;;;;;;;;
2026/03/22;1300 UTC;;;;;;;;;;;;;;;;;;
2026/03/22;1400 UTC;;;;;;;;;;;;;;;;;;
2026/03/22;1500 UTC;;;;;;;;;;;;;;;;;;
2026/03/22;1600 UTC;;;;;;;;;;;;;;;;;;
2026/03/22;1700 UTC;;;;;;;;;;;;;;;;;;
2026/03/22;1800 UTC;;;;;;;;;;;;;;;;;;
2026/03/22;1900 UTC;;;;;;;;;;;;;;;;;;
2026/03/22;2000 UTC;;;;;;;;;;;;;;;;;;
2026/03/22;2100 UTC;;;;;;;;;;;;;;;;;;
2026/03/22;2200 UTC;;;;;;;;;;;;;;;;;;
2026/03/22;2300 UTC;;;;;;;;;;;;;;;;;;
2026/03/23;0000 UTC;;;;;;;;;;;;;;;;;;
2026/03/23;0100 UTC;;;;;;;;;;;;;;;;;;
2026/03/23;0200 UTC;;;;;;;;;;;;;;;;;;
2026/03/23;0300 UTC;;;;;;;;;;;;;;;;;;
2026/03/23;0400 UTC;;;;;;;;;;;;;;;;;;
2026/03/23;0500 UTC;;;;;;;;;;;;;;;;;;
2026/03/23;0600 UTC;;;;;;;;;;;;;;;;;;
2026/03/23;0700 UTC;;;;;;;;;;;;;;;;;;
2026/03/23;0800 UTC;;;;;;;;;;;;;;;;;;
2026/03/23;0900 UTC;;;;;;;;;;;;;;;;;;
2026/03/23;1000 UTC;;;;;;;;;;;;;;;;;;
2026/03/23;1100 UTC;;;;;;;;;;;;;;;;;;
2026/03/23;1200 UTC;;;;;;;;;;;;;;;;;;
2026/03/23;1300 UTC;;;;;;;;;;;;;;;;;;
2026/03/23;1400 UTC;;;;;;;;;;;;;;;;;;
2026/03/23;1500 UTC;;;;;;;;;;;;;;;;;;
2026/03/23;1600 UTC;;;;;;;;;;;;;;;;;;
2026/03/23;1700 UTC;;;;;;;;;;;;;;;;;;
2026/03/23;1800 UTC;;;;;;;;;;;;;;;;;;
2026/03/23;1900 UTC;;;;;;;;;;;;;;;;;;
2026/03/23;2000 UTC;;;;;;;;;;;;;;;;;;
2026/03/23;2100 UTC;;;;;;;;;;;;;;;;;;
2026/03/23;2200 UTC;;;;;;;;;;;;;;;;;;
2026/03/23;2300 UTC;;;;;;;;;;;;;;;;;;
2026/03/24;0000 UTC;;;;;;;;;;;;;;;;;;
2026/03/24;0100 UTC;;;;;;;;;;;;;;;;;;
2026/03/24;0200 UTC;;;;;;;;;;;;;;;;;;
2026/03/24;0300 UTC;;;;;;;;;;;;;;;;;;
2026/03/24;0400 UTC;;;;;;;;;;;;;;;;;;
2026/03/24;0500 UTC;;;;;;;;;;;;;;;;;;
2026/03/24;0600 UTC;;;;;;;;;;;;;;;;;;
2026/03/24;0700 UTC;;;;;;;;;;;;;;;;;;
2026/03/24;0800 UTC;;;;;;;;;;;;;;;;;;
2026/03/24;0900 UTC;;;;;;;;;;;;;;;;;;
2026/03/24;1000 UTC;;;;;;;;;;;;;;;;;;
2026/03/24;1100 UTC;;;;;;;;;;;;;;;;;;
2026/03/24;1200 UTC;;;;;;;;;;;;;;;;;;
2026/03/24;1300 UTC;;;;;;;;;;;;;;;;;;
2026/03/24;1400 UTC;;;;;;;;;;;;;;;;;;
2026/03/24;1500 UTC;;;;;;;;;;;;;;;;;;
2026/03/24;1600 UTC;;;;;;;;;;;;;;;;;;
2026/03/24;1700 UTC;;;;;;;;;;;;;;;;;;
2026/03/24;1800 UTC;;;;;;;;;;;;;;;;;;
2026/03/24;1900 UTC;;;;;;;;;;;;;;;;;;
2026/03/24;2000 UTC;;;;;;;;;;;;;;;;;;
2026/03/24;2100 UTC;;;;;;;;;;;;;;;;;;
2026/03/24;2200 UTC;;;;;;;;;;;;;;;;;;
2026/03/24;2300 UTC;;;;;;;;;;;;;;;;;;
2026/03/25;0000 UTC;;;;;;;;;;;;;;;;;;
2026/03/25;0100 UTC;;;;;;;;;;;;;;;;;;
2026/03/25;0200 UTC;;;;;;;;;;;;;;;;;;
2026/03/25;0300 UTC;;;;;;;;;;;;;;;;;;
2026/03/25;0400 UTC;;;;;;;;;;;;;;;;;;
2026/03/25;0500 UTC;;;;;;;;;;;;;;;;;;
2026/03/25;0600 UTC;;;;;;;;;;;;;;;;;;
2026/03/25;0700 UTC;;;;;;;;;;;;;;;;;;
2026/03/25;0800 UTC;;;;;;;;;;;;;;;;;;
2026/03/25;0900 UTC;;;;;;;;;;;;;;;;;;
2026/03/25;1000 UTC;;;;;;;;;;;;;;;;;;
2026/03/25;1100 UTC;;;;;;;;;;;;;;;;;;
2026/03/25;1200 UTC;;;;;;;;;;;;;;;;;;
2026/03/25;1300 UTC;;;;;;;;;;;;;;;;;;
2026/03/25;1400 UTC;;;;;;;;;;;;;;;;;;
2026/03/25;1500 UTC;;;;;;;;;;;;;;;;;;
2026/03/25;1600 UTC;;;;;;;;;;;;;;;;;;
2026/03/25;1700 UTC;;;;;;;;;;;;;;;;;;
2026/03/25;1800 UTC;;;;;;;;;;;;;;;;;;
2026/03/25;1900 UTC;;;;;;;;;;;;;;;;;;
2026/03/25;2000 UTC;;;;;;;;;;;;;;;;;;
2026/03/25;2100 UTC;;;;;;;;;;;;;;;;;;
2026/03/25;2200 UTC;;;;;;;;;;;;;;;;;;
2026/03/25;2300 UTC;;;;;;;;;;;;;;;;;;
2026/03/26;0000 UTC;;;;;;;;;;;;;;;;;;
2026/03/26;0100 UTC;;;;;;;;;;;;;;;;;;
2026/03/26;0200 UTC;;;;;;;;;;;;;;;;;;
2026/03/26;0300 UTC;;;;;;;;;;;;;;;;;;
2026/03/26;0400 UTC;;;;;;;;;;;;;;;;;;
2026/03/26;0500 UTC;;;;;;;;;;;;;;;;;;
2026/03/26;0600 UTC;;;;;;;;;;;;;;;;;;
2026/03/26;0700 UTC;;;;;;;;;;;;;;;;;;
2026/03/26;0800 UTC;;;;;;;;;;;;;;;;;;
2026/03/26;0900 UTC;;;;;;;;;;;;;;;;;;
2026/03/26;1000 UTC;;;;;;;;;;;;;;;;;;
2026/03/26;1100 UTC;;;;;;;;;;;;;;;;;;
2026/03/26;1200 UTC;;;;;;;;;;;;;;;;;;
2026/03/26;1300 UTC;;;;;;;;;;;;;;;;;;
2026/03/26;1400 UTC;;;;;;;;;;;;;;;;;;
2026/03/26;1500 UTC;;;;;;;;;;;;;;;;;;
2026/03/26;1600 UTC;;;;;;;;;;;;;;;;;;
2026/03/26;1700 UTC;;;;;;;;;;;;;;;;;;
2026/03/26;1800 UTC;;;;;;;;;;;;;;;;;;
2026/03/26;1900 UTC;;;;;;;;;;;;;;;;;;
2026/03/26;2000 UTC;;;;;;;;;;;;;;;;;;
2026/03/26;2100 UTC;;;;;;;;;;;;;;;;;;
2026/03/26;2200 UTC;;;;;;;;;;;;;;;;;;
2026/03/26;2300 UTC;;;;;;;;;;;;;;;;;;
2026/03/27;0000 UTC;;;;;;;;;;;;;;;;;;
2026/03/27;0100 UTC;;;;;;;;;;;;;;;;;;
2026/03/27;0200 UTC;;;;;;;;;;;;;;;;;;
2026/03/27;0300 UTC;;;;;;;;;;;;;;;;;;
2026/03/27;0400 UTC;;;;;;;;;;;;;;;;;;
2026/03/27;0500 UTC;;;;;;;;;;;;;;;;;;
2026/03/27;0600 UTC;;;;;;;;;;;;;;;;;;
2026/03/27;0700 UTC;;;;;;;;;;;;;;;;;;
2026/03/27;0800 UTC;;;;;;;;;;;;;;;;;;
2026/03/27;0900 UTC;;;;;;;;;;;;;;;;;;
2026/03/27;1000 UTC;;;;;;;;;;;;;;;;;;
2026/03/27;1100 UTC;;;;;;;;;;;;;;;;;;
2026/03/27;1200 UTC;;;;;;;;;;;;;;;;;;
2026/03/27;1300 UTC;;;;;;;;;;;;;;;;;;
2026/03/27;1400 UTC;;;;;;;;;;;;;;;;;;
2026/03/27;1500 UTC;;;;;;;;;;;;;;;;;;
2026/03/27;1600 UTC;;;;;;;;;;;;;;;;;;
2026/03/27;1700 UTC;;;;;;;;;;;;;;;;;;
2026/03/27;1800 UTC;;;;;;;;;;;;;;;;;;
2026/03/27;1900 UTC;;;;;;;;;;;;;;;;;;
2026/03/27;2000 UTC;;;;;;;;;;;;;;;;;;
2026/03/27;2100 UTC;;;;;;;;;;;;;;;;;;
2026/03/27;2200 UTC;;;;;;;;;;;;;;;;;;
2026/03/27;2300 UTC;;;;;;;;;;;;;;;;;;
2026/03/28;0000 UTC;;;;;;;;;;;;;;;;;;
2026/03/28;0100 UTC;;;;;;;;;;;;;;;;;;
2026/03/28;0200 UTC;;;;;;;;;;;;;;;;;;
2026/03/28;0300 UTC;;;;;;;;;;;;;;;;;;
2026/03/28;0400 UTC;;;;;;;;;;;;;;;;;;
2026/03/28;0500 UTC;;;;;;;;;;;;;;;;;;
2026/03/28;0600 UTC;;;;;;;;;;;;;;;;;;
2026/03/28;0700 UTC;;;;;;;;;;;;;;;;;;
2026/03/28;0800 UTC;;;;;;;;;;;;;;;;;;
2026/03/28;0900 UTC;;;;;;;;;;;;;;;;;;
2026/03/28;1000 UTC;;;;;;;;;;;;;;;;;;
2026/03/28;1100 UTC;;;;;;;;;;;;;;;;;;
2026/03/28;1200 UTC;;;;;;;;;;;;;;;;;;
2026/03/28;1300 UTC;;;;;;;;;;;;;;;;;;
2026/03/28;1400 UTC;;;;;;;;;;;;;;;;;;
2026/03/28;1500 UTC;;;;;;;;;;;;;;;;;;
2026/03/28;1600 UTC;;;;;;;;;;;;;;;;;;
2026/03/28;1700 UTC;;;;;;;;;;;;;;;;;;
2026/03/28;1800 UTC;;;;;;;;;;;;;;;;;;
2026/03/28;1900 UTC;;;;;;;;;;;;;;;;;;
2026/03/28;2000 UTC;;;;;;;;;;;;;;;;;;
2026/03/28;2100 UTC;;;;;;;;;;;;;;;;;;
2026/03/28;2200 UTC;;;;;;;;;;;;;;;;;;
2026/03/28;2300 UTC;;;;;;;;;;;;;;;;;;
2026/03/29;0000 UTC;;;;;;;;;;;;;;;;;;
2026/03/29;0100 UTC;;;;;;;;;;;;;;;;;;
2026/03/29;0200 UTC;;;;;;;;;;;;;;;;;;
2026/03/29;0300 UTC;;;;;;;;;;;;;;;;;;
2026/03/29;0400 UTC;;;;;;;;;;;;;;;;;;
2026/03/29;0500 UTC;;;;;;;;;;;;;;;;;;
2026/03/29;0600 UTC;;;;;;;;;;;;;;;;;;
2026/03/29;0700 UTC;;;;;;;;;;;;;;;;;;
2026/03/29;0800 UTC;;;;;;;;;;;;;;;;;;
2026/03/29;0900 UTC;;;;;;;;;;;;;;;;;;
2026/03/29;1000 UTC;;;;;;;;;;;;;;;;;;
2026/03/29;1100 UTC;;;;;;;;;;;;;;;;;;
2026/03/29;1200 UTC;;;;;;;;;;;;;;;;;;
2026/03/29;1300 UTC;;;;;;;;;;;;;;;;;;
2026/03/29;1400 UTC;;;;;;;;;;;;;;;;;;
2026/03/29;1500 UTC;;;;;;;;;;;;;;;;;;
2026/03/29;1600 UTC;;;;;;;;;;;;;;;;;;
2026/03/29;1700 UTC;;;;;;;;;;;;;;;;;;
2026/03/29;1800 UTC;;;;;;;;;;;;;;;;;;
2026/03/29;1900 UTC;;;;;;;;;;;;;;;;;;
2026/03/29;2000 UTC;;;;;;;;;;;;;;;;;;
2026/03/29;2100 UTC;;;;;;;;;;;;;;;;;;
2026/03/29;2200 UTC;;;;;;;;;;;;;;;;;;
2026/03/29;2300 UTC;;;;;;;;;;;;;;;;;;
2026/03/30;0000 UTC;;;;;;;;;;;;;;;;;;
2026/03/30;0100 UTC;;;;;;;;;;;;;;;;;;
2026/03/30;0200 UTC;;;;;;;;;;;;;;;;;;
2026/03/30;0300 UTC;;;;;;;;;;;;;;;;;;
2026/03/30;0400 UTC;;;;;;;;;;;;;;;;;;
2026/03/30;0500 UTC;;;;;;;;;;;;;;;;;;
2026/03/30;0600 UTC;;;;;;;;;;;;;;;;;;
2026/03/30;0700 UTC;;;;;;;;;;;;;;;;;;
2026/03/30;0800 UTC;;;;;;;;;;;;;;;;;;
2026/03/30;0900 UTC;;;;;;;;;;;;;;;;;;
2026/03/30;1000 UTC;;;;;;;;;;;;;;;;;;
2026/03/30;1100 UTC;;;;;;;;;;;;;;;;;;
2026/03/30;1200 UTC;;;;;;;;;;;;;;;;;;
2026/03/30;1300 UTC;;;;;;;;;;;;;;;;;;
2026/03/30;1400 UTC;;;;;;;;;;;;;;;;;;
2026/03/30;1500 UTC;;;;;;;;;;;;;;;;;;
2026/03/30;1600 UTC;;;;;;;;;;;;;;;;;;
2026/03/30;1700 UTC;;;;;;;;;;;;;;;;;;
2026/03/30;1800 UTC;;;;;;;;;;;;;;;;;;
2026/03/30;1900 UTC;;;;;;;;;;;;;;;;;;
2026/03/30;2000 UTC;;;;;;;;;;;;;;;;;;
2026/03/30;2100 UTC;;;;;;;;;;;;;;;;;;
2026/03/30;2200 UTC;;;;;;;;;;;;;;;;;;
2026/03/30;2300 UTC;;;;;;;;;;;;;;;;;;
2026/03/31;0000 UTC;;;;;;;;;;;;;;;;;;
2026/03/31;0100 UTC;;;;;;;;;;;;;;;;;;
2026/03/31;0200 UTC;;;;;;;;;;;;;;;;;;
2026/03/31;0300 UTC;;;;;;;;;;;;;;;;;;
2026/03/31;0400 UTC;;;;;;;;;;;;;;;;;;
2026/03/31;0500 UTC;;;;;;;;;;;;;;;;;;
2026/03/31;0600 UTC;;;;;;;;;;;;;;;;;;
2026/03/31;0700 UTC;;;;;;;;;;;;;;;;;;
2026/03/31;0800 UTC;;;;;;;;;;;;;;;;;;
2026/03/31;0900 UTC;;;;;;;;;;;;;;;;;;
2026/03/31;1000 UTC;;;;;;;;;;;;;;;;;;
2026/03/31;1100 UTC;;;;;;;;;;;;;;;;;;
2026/03/31;1200 UTC;;;;;;;;;;;;;;;;;;
2026/03/31;1300 UTC;;;;;;;;;;;;;;;;;;
2026/03/31;1400 UTC;;;;;;;;;;;;;;;;;;
2026/03/31;1500 UTC;;;;;;;;;;;;;;;;;;
2026/03/31;1600 UTC;;;;;;;;;;;;;;;;;;
2026/03/31;1700 UTC;;;;;;;;;;;;;;;;;;
2026/03/31;1800 UTC;;;;;;;;;;;;;;;;;;
2026/03/31;1900 UTC;;;;;;;;;;;;;;;;;;
2026/03/31;2000 UTC;;;;;;;;;;;;;;;;;;
2026/03/31;2100 UTC;;;;;;;;;;;;;;;;;;
2026/03/31;2200 UTC;;;;;;;;;;;;;;;;;;
2026/03/31;2300 UTC;;;;;;;;;;;;;;;;;;
2026/04/01;0000 UTC;;;;;;;;;;;;;;;;;;
2026/04/01;0100 UTC;;;;;;;;;;;;;;;;;;
2026/04/01;0200 UTC;;;;;;;;;;;;;;;;;;
2026/04/01;0300 UTC;;;;;;;;;;;;;;;;;;
2026/04/01;0400 UTC;;;;;;;;;;;;;;;;;;
2026/04/01;0500 UTC;;;;;;;;;;;;;;;;;;
2026/04/01;0600 UTC;;;;;;;;;;;;;;;;;;
2026/04/01;0700 UTC;;;;;;;;;;;;;;;;;;
2026/04/01;0800 UTC;;;;;;;;;;;;;;;;;;
2026/04/01;0900 UTC;;;;;;;;;;;;;;;;;;
2026/04/01;1000 UTC;;;;;;;;;;;;;;;;;;
2026/04/01;1100 UTC;;;;;;;;;;;;;;;;;;
2026/04/01;1200 UTC;;;;;;;;;;;;;;;;;;
2026/04/01;1300 UTC;;;;;;;;;;;;;;;;;;
2026/04/01;1400 UTC;;;;;;;;;;;;;;;;;;
2026/04/01;1500 UTC;;;;;;;;;;;;;;;;;;
2026/04/01;1600 UTC;;;;;;;;;;;;;;;;;;
2026/04/01;1700 UTC;;;;;;;;;;;;;;;;;;
2026/04/01;1800 UTC;;;;;;;;;;;;;;;;;;
2026/04/01;1900 UTC;;;;;;;;;;;;;;;;;;
2026/04/01;2000 UTC;;;;;;;;;;;;;;;;;;
2026/04/01;2100 UTC;;;;;;;;;;;;;;;;;;
2026/04/01;2200 UTC;;;;;;;;;;;;;;;;;;
2026/04/01;2300 UTC;;;;;;;;;;;;;;;;;;
2026/04/02;0000 UTC;;;;;;;;;;;;;;;;;;
2026/04/02;0100 UTC;;;;;;;;;;;;;;;;;;
2026/04/02;0200 UTC;;;;;;;;;;;;;;;;;;
2026/04/02;0300 UTC;;;;;;;;;;;;;;;;;;
2026/04/02;0400 UTC;;;;;;;;;;;;;;;;;;
2026/04/02;0500 UTC;;;;;;;;;;;;;;;;;;
2026/04/02;0600 UTC;;;;;;;;;;;;;;;;;;
2026/04/02;0700 UTC;;;;;;;;;;;;;;;;;;
2026/04/02;0800 UTC;;;;;;;;;;;;;;;;;;
2026/04/02;0900 UTC;;;;;;;;;;;;;;;;;;
2026/04/02;1000 UTC;;;;;;;;;;;;;;;;;;
2026/04/02;1100 UTC;;;;;;;;;;;;;;;;;;
2026/04/02;1200 UTC;;;;;;;;;;;;;;;;;;
2026/04/02;1300 UTC;;;;;;;;;;;;;;;;;;
2026/04/02;1400 UTC;;;;;;;;;;;;;;;;;;
2026/04/02;1500 UTC;;;;;;;;;;;;;;;;;;
2026/04/02;1600 UTC;;;;;;;;;;;;;;;;;;
2026/04/02;1700 UTC;;;;;;;;;;;;;;;;;;
2026/04/02;1800 UTC;;;;;;;;;;;;;;;;;;
2026/04/02;1900 UTC;;;;;;;;;;;;;;;;;;
2026/04/02;2000 UTC;;;;;;;;;;;;;;;;;;
2026/04/02;2100 UTC;;;;;;;;;;;;;;;;;;
2026/04/02;2200 UTC;;;;;;;;;;;;;;;;;;
2026/04/02;2300 UTC;;;;;;;;;;;;;;;;;;
2026/04/03;0000 UTC;;;;;;;;;;;;;;;;;;
2026/04/03;0100 UTC;;;;;;;;;;;;;;;;;;
2026/04/03;0200 UTC;;;;;;;;;;;;;;;;;;
2026/04/03;0300 UTC;;;;;;;;;;;;;;;;;;
2026/04/03;0400 UTC;;;;;;;;;;;;;;;;;;
2026/04/03;0500 UTC;;;;;;;;;;;;;;;;;;
2026/04/03;0600 UTC;;;;;;;;;;;;;;;;;;
2026/04/03;0700 UTC;;;;;;;;;;;;;;;;;;
2026/04/03;0800 UTC;;;;;;;;;;;;;;;;;;
2026/04/03;0900 UTC;;;;;;;;;;;;;;;;;;
2026/04/03;1000 UTC;;;;;;;;;;;;;;;;;;
2026/04/03;1100 UTC;;;;;;;;;;;;;;;;;;
2026/04/03;1200 UTC;;;;;;;;;;;;;;;;;;
2026/04/03;1300 UTC;;;;;;;;;;;;;;;;;;
2026/04/03;1400 UTC;;;;;;;;;;;;;;;;;;
2026/04/03;1500 UTC;;;;;;;;;;;;;;;;;;
2026/04/03;1600 UTC;;;;;;;;;;;;;;;;;;
2026/04/03;1700 UTC;;;;;;;;;;;;;;;;;;
2026/04/03;1800 UTC;;;;;;;;;;;;;;;;;;
2026/04/03;1900 UTC;;;;;;;;;;;;;;;;;;
2026/04/03;2000 UTC;;;;;;;;;;;;;;;;;;
2026/04/03;2100 UTC;;;;;;;;;;;;;;;;;;
2026/04/03;2200 UTC;;;;;;;;;;;;;;;;;;
2026/04/03;2300 UTC;;;;;;;;;;;;;;;;;;
2026/04/04;0000 UTC;;;;;;;;;;;;;;;;;;
2026/04/04;0100 UTC;;;;;;;;;;;;;;;;;;
2026/04/04;0200 UTC;;;;;;;;;;;;;;;;;;
2026/04/04;0300 UTC;;;;;;;;;;;;;;;;;;
2026/04/04;0400 UTC;;;;;;;;;;;;;;;;;;
2026/04/04;0500 UTC;;;;;;;;;;;;;;;;;;
2026/04/04;0600 UTC;;;;;;;;;;;;;;;;;;
2026/04/04;0700 UTC;;;;;;;;;;;;;;;;;;
2026/04/04;0800 UTC;;;;;;;;;;;;;;;;;;
2026/04/04;0900 UTC;;;;;;;;;;;;;;;;;;
2026/04/04;1000 UTC;;;;;;;;;;;;;;;;;;
2026/04/04;1100 UTC;;;;;;;;;;;;;;;;;;
2026/04/04;1200 UTC;;;;;;;;;;;;;;;;;;
2026/04/04;1300 UTC;;;;;;;;;;;;;;;;;;
2026/04/04;1400 UTC;;;;;;;;;;;;;;;;;;
2026/04/04;1500 UTC;;;;;;;;;;;;;;;;;;
2026/04/04;1600 UTC;;;;;;;;;;;;;;;;;;
2026/04/04;1700 UTC;;;;;;;;;;;;;;;;;;
2026/04/04;1800 UTC;;;;;;;;;;;;;;;;;;
2026/04/04;1900 UTC;;;;;;;;;;;;;;;;;;
2026/04/04;2000 UTC;;;;;;;;;;;;;;;;;;
2026/04/04;2100 UTC;;;;;;;;;;;;;;;;;;
2026/04/04;2200 UTC;;;;;;;;;;;;;;;;;;
2026/04/04;2300 UTC;;;;;;;;;;;;;;;;;;
2026/04/05;0000 UTC;;;;;;;;;;;;;;;;;;
2026/04/05;0100 UTC;;;;;;;;;;;;;;;;;;
2026/04/05;0200 UTC;;;;;;;;;;;;;;;;;;
2026/04/05;0300 UTC;;;;;;;;;;;;;;;;;;
2026/04/05;0400 UTC;;;;;;;;;;;;;;;;;;
2026/04/05;0500 UTC;;;;;;;;;;;;;;;;;;
2026/04/05;0600 UTC;;;;;;;;;;;;;;;;;;
2026/04/05;0700 UTC;;;;;;;;;;;;;;;;;;
2026/04/05;0800 UTC;;;;;;;;;;;;;;;;;;
2026/04/05;0900 UTC;;;;;;;;;;;;;;;;;;
2026/04/05;1000 UTC;;;;;;;;;;;;;;;;;;
2026/04/05;1100 UTC;;;;;;;;;;;;;;;;;;
2026/04/05;1200 UTC;;;;;;;;;;;;;;;;;;
2026/04/05;1300 UTC;;;;;;;;;;;;;;;;;;
2026/04/05;1400 UTC;;;;;;;;;;;;;;;;;;
2026/04/05;1500 UTC;;;;;;;;;;;;;;;;;;
2026/04/05;1600 UTC;;;;;;;;;;;;;;;;;;
2026/04/05;1700 UTC;;;;;;;;;;;;;;;;;;
2026/04/05;1800 UTC;;;;;;;;;;;;;;;;;;
2026/04/05;1900 UTC;;;;;;;;;;;;;;;;;;
2026/04/05;2000 UTC;;;;;;;;;;;;;;;;;;
2026/04/05;2100 UTC;;;;;;;;;;;;;;;;;;
2026/04/05;2200 UTC;;;;;;;;;;;;;;;;;;
2026/04/05;2300 UTC;;;;;;;;;;;;;;;;;;
2026/04/06;0000 UTC;;;;;;;;;;;;;;;;;;
2026/04/06;0100 UTC;;;;;;;;;;;;;;;;;;
2026/04/06;0200 UTC;;;;;;;;;;;;;;;;;;
2026/04/06;0300 UTC;;;;;;;;;;;;;;;;;;
2026/04/06;0400 UTC;;;;;;;;;;;;;;;;;;
2026/04/06;0500 UTC;;;;;;;;;;;;;;;;;;
2026/04/06;0600 UTC;;;;;;;;;;;;;;;;;;
2026/04/06;0700 UTC;;;;;;;;;;;;;;;;;;
2026/04/06;0800 UTC;;;;;;;;;;;;;;;;;;
2026/04/06;0900 UTC;;;;;;;;;;;;;;;;;;
2026/04/06;1000 UTC;;;;;;;;;;;;;;;;;;
2026/04/06;1100 UTC;;;;;;;;;;;;;;;;;;
2026/04/06;1200 UTC;;;;;;;;;;;;;;;;;;
2026/04/06;1300 UTC;;;;;;;;;;;;;;;;;;
2026/04/06;1400 UTC;;;;;;;;;;;;;;;;;;
2026/04/06;1500 UTC;;;;;;;;;;;;;;;;;;
2026/04/06;1600 UTC;;;;;;;;;;;;;;;;;;
2026/04/06;1700 UTC;;;;;;;;;;;;;;;;;;
2026/04/06;1800 UTC;;;;;;;;;;;;;;;;;;
2026/04/06;1900 UTC;;;;;;;;;;;;;;;;;;
2026/04/06;2000 UTC;;;;;;;;;;;;;;;;;;
2026/04/06;2100 UTC;;;;;;;;;;;;;;;;;;
2026/04/06;2200 UTC;;;;;;;;;;;;;;;;;;
2026/04/06;2300 UTC;;;;;;;;;;;;;;;;;;
2026/04/07;0000 UTC;;;;;;;;;;;;;;;;;;
2026/04/07;0100 UTC;;;;;;;;;;;;;;;;;;
2026/04/07;0200 UTC;;;;;;;;;;;;;;;;;;
2026/04/07;0300 UTC;;;;;;;;;;;;;;;;;;
2026/04/07;0400 UTC;;;;;;;;;;;;;;;;;;
2026/04/07;0500 UTC;;;;;;;;;;;;;;;;;;
2026/04/07;0600 UTC;;;;;;;;;;;;;;;;;;
2026/04/07;0700 UTC;;;;;;;;;;;;;;;;;;
2026/04/07;0800 UTC;;;;;;;;;;;;;;;;;;
2026/04/07;0900 UTC;;;;;;;;;;;;;;;;;;
2026/04/07;1000 UTC;;;;;;;;;;;;;;;;;;
2026/04/07;1100 UTC;;;;;;;;;;;;;;;;;;
2026/04/07;1200 UTC;;;;;;;;;;;;;;;;;;
2026/04/07;1300 UTC;;;;;;;;;;;;;;;;;;
2026/04/07;1400 UTC;;;;;;;;;;;;;;;;;;
2026/04/07;1500 UTC;;;;;;;;;;;;;;;;;;
2026/04/07;1600 UTC;;;;;;;;;;;;;;;;;;
2026/04/07;1700 UTC;;;;;;;;;;;;;;;;;;
2026/04/07;1800 UTC;;;;;;;;;;;;;;;;;;
2026/04/07;1900 UTC;;;;;;;;;;;;;;;;;;
2026/04/07;2000 UTC;;;;;;;;;;;;;;;;;;
2026/04/07;2100 UTC;;;;;;;;;;;;;;;;;;
2026/04/07;2200 UTC;;;;;;;;;;;;;;;;;;
2026/04/07;2300 UTC;;;;;;;;;;;;;;;;;;
2026/04/08;0000 UTC;;;;;;;;;;;;;;;;;;
2026/04/08;0100 UTC;;;;;;;;;;;;;;;;;;
2026/04/08;0200 UTC;;;;;;;;;;;;;;;;;;
2026/04/08;0300 UTC;;;;;;;;;;;;;;;;;;
2026/04/08;0400 UTC;;;;;;;;;;;;;;;;;;
2026/04/08;0500 UTC;;;;;;;;;;;;;;;;;;
2026/04/08;0600 UTC;;;;;;;;;;;;;;;;;;
2026/04/08;0700 UTC;;;;;;;;;;;;;;;;;;
2026/04/08;0800 UTC;;;;;;;;;;;;;;;;;;
2026/04/08;0900 UTC;;;;;;;;;;;;;;;;;;
2026/04/08;1000 UTC;;;;;;;;;;;;;;;;;;
2026/04/08;1100 UTC;;;;;;;;;;;;;;;;;;
2026/04/08;1200 UTC;;;;;;;;;;;;;;;;;;
2026/04/08;1300 UTC;;;;;;;;;;;;;;;;;;
2026/04/08;1400 UTC;;;;;;;;;;;;;;;;;;
2026/04/08;1500 UTC;;;;;;;;;;;;;;;;;;
2026/04/08;1600 UTC;;;;;;;;;;;;;;;;;;
2026/04/08;1700 UTC;;;;;;;;;;;;;;;;;;
2026/04/08;1800 UTC;;;;;;;;;;;;;;;;;;
2026/04/08;1900 UTC;;;;;;;;;;;;;;;;;;
2026/04/08;2000 UTC;;;;;;;;;;;;;;;;;;
2026/04/08;2100 UTC;;;;;;;;;;;;;;;;;;
2026/04/08;2200 UTC;;;;;;;;;;;;;;;;;;
2026/04/08;2300 UTC;;;;;;;;;;;;;;;;;;
2026/04/09;0000 UTC;;;;;;;;;;;;;;;;;;
2026/04/09;0100 UTC;;;;;;;;;;;;;;;;;;
2026/04/09;0200 UTC;;;;;;;;;;;;;;;;;;
2026/04/09;0300 UTC;;;;;;;;;;;;;;;;;;
2026/04/09;0400 UTC;;;;;;;;;;;;;;;;;;
2026/04/09;0500 UTC;;;;;;;;;;;;;;;;;;
2026/04/09;0600 UTC;;;;;;;;;;;;;;;;;;
2026/04/09;0700 UTC;;;;;;;;;;;;;;;;;;
2026/04/09;0800 UTC;;;;;;;;;;;;;;;;;;
2026/04/09;0900 UTC;;;;;;;;;;;;;;;;;;
2026/04/09;1000 UTC;;;;;;;;;;;;;;;;;;
2026/04/09;1100 UTC;;;;;;;;;;;;;;;;;;
2026/04/09;1200 UTC;;;;;;;;;;;;;;;;;;
2026/04/09;1300 UTC;;;;;;;;;;;;;;;;;;
2026/04/09;1400 UTC;;;;;;;;;;;;;;;;;;
2026/04/09;1500 UTC;;;;;;;;;;;;;;;;;;
2026/04/09;1600 UTC;;;;;;;;;;;;;;;;;;
2026/04/09;1700 UTC;;;;;;;;;;;;;;;;;;
2026/04/09;1800 UTC;;;;;;;;;;;;;;;;;;
2026/04/09;1900 UTC;;;;;;;;;;;;;;;;;;
2026/04/09;2000 UTC;;;;;;;;;;;;;;;;;;
2026/04/09;2100 UTC;;;;;;;;;;;;;;;;;;
2026/04/09;2200 UTC;;;;;;;;;;;;;;;;;;
2026/04/09;2300 UTC;;;;;;;;;;;;;;;;;;
2026/04/10;0000 UTC;;;;;;;;;;;;;;;;;;
2026/04/10;0100 UTC;;;;;;;;;;;;;;;;;;
2026/04/10;0200 UTC;;;;;;;;;;;;;;;;;;
2026/04/10;0300 UTC;;;;;;;;;;;;;;;;;;
2026/04/10;0400 UTC;;;;;;;;;;;;;;;;;;
2026/04/10;0500 UTC;;;;;;;;;;;;;;;;;;
2026/04/10;0600 UTC;;;;;;;;;;;;;;;;;;
2026/04/10;0700 UTC;;;;;;;;;;;;;;;;;;
2026/04/10;0800 UTC;;;;;;;;;;;;;;;;;;
2026/04/10;0900 UTC;;;;;;;;;;;;;;;;;;
2026/04/10;1000 UTC;;;;;;;;;;;;;;;;;;
2026/04/10;1100 UTC;;;;;;;;;;;;;;;;;;
2026/04/10;1200 UTC;;;;;;;;;;;;;;;;;;
2026/04/10;1300 UTC;;;;;;;;;;;;;;;;;;
2026/04/10;1400 UTC;;;;;;;;;;;;;;;;;;
2026/04/10;1500 UTC;;;;;;;;;;;;;;;;;;
2026/04/10;1600 UTC;;;;;;;;;;;;;;;;;;
2026/04/10;1700 UTC;;;;;;;;;;;;;;;;;;
2026/04/10;1800 UTC;;;;;;;;;;;;;;;;;;
2026/04/10;1900 UTC;;;;;;;;;;;;;;;;;;
2026/04/10;2000 UTC;;;;;;;;;;;;;;;;;;
2026/04/10;2100 UTC;;;;;;;;;;;;;;;;;;
2026/04/10;2200 UTC;;;;;;;;;;;;;;;;;;
2026/04/10;2300 UTC;;;;;;;;;;;;;;;;;;
2026/04/11;0000 UTC;;;;;;;;;;;;;;;;;;
2026/04/11;0100 UTC;;;;;;;;;;;;;;;;;;
2026/04/11;0200 UTC;;;;;;;;;;;;;;;;;;
2026/04/11;0300 UTC;;;;;;;;;;;;;;;;;;
2026/04/11;0400 UTC;;;;;;;;;;;;;;;;;;
2026/04/11;0500 UTC;;;;;;;;;;;;;;;;;;
2026/04/11;0600 UTC;;;;;;;;;;;;;;;;;;
2026/04/11;0700 UTC;;;;;;;;;;;;;;;;;;
2026/04/11;0800 UTC;;;;;;;;;;;;;;;;;;
2026/04/11;0900 UTC;;;;;;;;;;;;;;;;;;
2026/04/11;1000 UTC;;;;;;;;;;;;;;;;;;
2026/04/11;1100 UTC;;;;;;;;;;;;;;;;;;
2026/04/11;1200 UTC;;;;;;;;;;;;;;;;;;
2026/04/11;1300 UTC;;;;;;;;;;;;;;;;;;
2026/04/11;1400 UTC;;;;;;;;;;;;;;;;;;
2026/04/11;1500 UTC;;;;;;;;;;;;;;;;;;
2026/04/11;1600 UTC;;;;;;;;;;;;;;;;;;
2026/04/11;1700 UTC;;;;;;;;;;;;;;;;;;
2026/04/11;1800 UTC;;;;;;;;;;;;;;;;;;
2026/04/11;1900 UTC;;;;;;;;;;;;;;;;;;
2026/04/11;2000 UTC;;;;;;;;;;;;;;;;;;
2026/04/11;2100 UTC;;;;;;;;;;;;;;;;;;
2026/04/11;2200 UTC;;;;;;;;;;;;;;;;;;
2026/04/11;2300 UTC;;;;;;;;;;;;;;;;;;
2026/04/12;0000 UTC;;;;;;;;;;;;;;;;;;
2026/04/12;0100 UTC;;;;;;;;;;;;;;;;;;
2026/04/12;0200 UTC;;;;;;;;;;;;;;;;;;
2026/04/12;0300 UTC;;;;;;;;;;;;;;;;;;
2026/04/12;0400 UTC;;;;;;;;;;;;;;;;;;
2026/04/12;0500 UTC;;;;;;;;;;;;;;;;;;
2026/04/12;0600 UTC;;;;;;;;;;;;;;;;;;
2026/04/12;0700 UTC;;;;;;;;;;;;;;;;;;
2026/04/12;0800 UTC;;;;;;;;;;;;;;;;;;
2026/04/12;0900 UTC;;;;;;;;;;;;;;;;;;
2026/04/12;1000 UTC;;;;;;;;;;;;;;;;;;
2026/04/12;1100 UTC;;;;;;;;;;;;;;;;;;
2026/04/12;1200 UTC;;;;;;;;;;;;;;;;;;
2026/04/12;1300 UTC;;;;;;;;;;;;;;;;;;
2026/04/12;1400 UTC;;;;;;;;;;;;;;;;;;
2026/04/12;1500 UTC;;;;;;;;;;;;;;;;;;
2026/04/12;1600 UTC;;;;;;;;;;;;;;;;;;
2026/04/12;1700 UTC;;;;;;;;;;;;;;;;;;
2026/04/12;1800 UTC;;;;;;;;;;;;;;;;;;
2026/04/12;1900 UTC;;;;;;;;;;;;;;;;;;
2026/04/12;2000 UTC;;;;;;;;;;;;;;;;;;
2026/04/12;2100 UTC;;;;;;;;;;;;;;;;;;
2026/04/12;2200 UTC;;;;;;;;;;;;;;;;;;
2026/04/12;2300 UTC;;;;;;;;;;;;;;;;;;
2026/04/13;0000 UTC;;;;;;;;;;;;;;;;;;
2026/04/13;0100 UTC;;;;;;;;;;;;;;;;;;
2026/04/13;0200 UTC;;;;;;;;;;;;;;;;;;
2026/04/13;0300 UTC;;;;;;;;;;;;;;;;;;
2026/04/13;0400 UTC;;;;;;;;;;;;;;;;;;
2026/04/13;0500 UTC;;;;;;;;;;;;;;;;;;
2026/04/13;0600 UTC;;;;;;;;;;;;;;;;;;
2026/04/13;0700 UTC;;;;;;;;;;;;;;;;;;
2026/04/13;0800 UTC;;;;;;;;;;;;;;;;;;
2026/04/13;0900 UTC;;;;;;;;;;;;;;;;;;
2026/04/13;1000 UTC;;;;;;;;;;;;;;;;;;
2026/04/13;1100 UTC;;;;;;;;;;;;;;;;;;
2026/04/13;1200 UTC;;;;;;;;;;;;;;;;;;
2026/04/13;1300 UTC;;;;;;;;;;;;;;;;;;
2026/04/13;1400 UTC;;;;;;;;;;;;;;;;;;
2026/04/13;1500 UTC;;;;;;;;;;;;;;;;;;
2026/04/13;1600 UTC;;;;;;;;;;;;;;;;;;
2026/04/13;1700 UTC;;;;;;;;;;;;;;;;;;
2026/04/13;1800 UTC;;;;;;;;;;;;;;;;;;
2026/04/13;1900 UTC;;;;;;;;;;;;;;;;;;
2026/04/13;2000 UTC;;;;;;;;;;;;;;;;;;
2026/04/13;2100 UTC;;;;;;;;;;;;;;;;;;
2026/04/13;2200 UTC;;;;;;;;;;;;;;;;;;
2026/04/13;2300 UTC;;;;;;;;;;;;;;;;;;
2026/04/14;0000 UTC;;;;;;;;;;;;;;;;;;
2026/04/14;0100 UTC;;;;;;;;;;;;;;;;;;
2026/04/14;0200 UTC;;;;;;;;;;;;;;;;;;
2026/04/14;0300 UTC;;;;;;;;;;;;;;;;;;
2026/04/14;0400 UTC;;;;;;;;;;;;;;;;;;
2026/04/14;0500 UTC;;;;;;;;;;;;;;;;;;
2026/04/14;0600 UTC;;;;;;;;;;;;;;;;;;
2026/04/14;0700 UTC;;;;;;;;;;;;;;;;;;
2026/04/14;0800 UTC;;;;;;;;;;;;;;;;;;
2026/04/14;0900 UTC;;;;;;;;;;;;;;;;;;
2026/04/14;1000 UTC;;;;;;;;;;;;;;;;;;
2026/04/14;1100 UTC;;;;;;;;;;;;;;;;;;
2026/04/14;1200 UTC;;;;;;;;;;;;;;;;;;
2026/04/14;1300 UTC;;;;;;;;;;;;;;;;;;
2026/04/14;1400 UTC;;;;;;;;;;;;;;;;;;
2026/04/14;1500 UTC;;;;;;;;;;;;;;;;;;
2026/04/14;1600 UTC;;;;;;;;;;;;;;;;;;
2026/04/14;1700 UTC;;;;;;;;;;;;;;;;;;
2026/04/14;1800 UTC;;;;;;;;;;;;;;;;;;
2026/04/14;1900 UTC;;;;;;;;;;;;;;;;;;
2026/04/14;2000 UTC;;;;;;;;;;;;;;;;;;
2026/04/14;2100 UTC;;;;;;;;;;;;;;;;;;
2026/04/14;2200 UTC;;;;;;;;;;;;;;;;;;
2026/04/14;2300 UTC;;;;;;;;;;;;;;;;;;
2026/04/15;0000 UTC;;;;;;;;;;;;;;;;;;
2026/04/15;0100 UTC;;;;;;;;;;;;;;;;;;
2026/04/15;0200 UTC;;;;;;;;;;;;;;;;;;
2026/04/15;0300 UTC;;;;;;;;;;;;;;;;;;
2026/04/15;0400 UTC;;;;;;;;;;;;;;;;;;
2026/04/15;0500 UTC;;;;;;;;;;;;;;;;;;
2026/04/15;0600 UTC;;;;;;;;;;;;;;;;;;
2026/04/15;0700 UTC;;;;;;;;;;;;;;;;;;
2026/04/15;0800 UTC;;;;;;;;;;;;;;;;;;
2026/04/15;0900 UTC;;;;;;;;;;;;;;;;;;
2026/04/15;1000 UTC;;;;;;;;;;;;;;;;;;
2026/04/15;1100 UTC;;;;;;;;;;;;;;;;;;
2026/04/15;1200 UTC;;;;;;;;;;;;;;;;;;
2026/04/15;1300 UTC;;;;;;;;;;;;;;;;;;
2026/04/15;1400 UTC;;;;;;;;;;;;;;;;;;
2026/04/15;1500 UTC;;;;;;;;;;;;;;;;;;
2026/04/15;1600 UTC;;;;;;;;;;;;;;;;;;
2026/04/15;1700 UTC;;;;;;;;;;;;;;;;;;
2026/04/15;1800 UTC;;;;;;;;;;;;;;;;;;
2026/04/15;1900 UTC;;;;;;;;;;;;;;;;;;
2026/04/15;2000 UTC;;;;;;;;;;;;;;;;;;
2026/04/15;2100 UTC;;;;;;;;;;;;;;;;;;
2026/04/15;2200 UTC;;;;;;;;;;;;;;;;;;
2026/04/15;2300 UTC;;;;;;;;;;;;;;;;;;
2026/04/16;0000 UTC;;;;;;;;;;;;;;;;;;
2026/04/16;0100 UTC;;;;;;;;;;;;;;;;;;
2026/04/16;0200 UTC;;;;;;;;;;;;;;;;;;
2026/04/16;0300 UTC;;;;;;;;;;;;;;;;;;
2026/04/16;0400 UTC;;;;;;;;;;;;;;;;;;
2026/04/16;0500 UTC;;;;;;;;;;;;;;;;;;
2026/04/16;0600 UTC;;;;;;;;;;;;;;;;;;
2026/04/16;0700 UTC;;;;;;;;;;;;;;;;;;
2026/04/16;0800 UTC;;;;;;;;;;;;;;;;;;
2026/04/16;0900 UTC;;;;;;;;;;;;;;;;;;
2026/04/16;1000 UTC;;;;;;;;;;;;;;;;;;
2026/04/16;1100 UTC;;;;;;;;;;;;;;;;;;
2026/04/16;1200 UTC;;;;;;;;;;;;;;;;;;
2026/04/16;1300 UTC;;;;;;;;;;;;;;;;;;
2026/04/16;1400 UTC;;;;;;;;;;;;;;;;;;
2026/04/16;1500 UTC;;;;;;;;;;;;;;;;;;
2026/04/16;1600 UTC;;;;;;;;;;;;;;;;;;
2026/04/16;1700 UTC;;;;;;;;;;;;;;;;;;
2026/04/16;1800 UTC;;;;;;;;;;;;;;;;;;
2026/04/16;1900 UTC;;;;;;;;;;;;;;;;;;
2026/04/16;2000 UTC;;;;;;;;;;;;;;;;;;
2026/04/16;2100 UTC;;;;;;;;;;;;;;;;;;
2026/04/16;2200 UTC;;;;;;;;;;;;;;;;;;
2026/04/16;2300 UTC;;;;;;;;;;;;;;;;;;
2026/04/17;0000 UTC;;;;;;;;;;;;;;;;;;
2026/04/17;0100 UTC;;;;;;;;;;;;;;;;;;
2026/04/17;0200 UTC;;;;;;;;;;;;;;;;;;
2026/04/17;0300 UTC;;;;;;;;;;;;;;;;;;
2026/04/17;0400 UTC;;;;;;;;;;;;;;;;;;
2026/04/17;0500 UTC;;;;;;;;;;;;;;;;;;
2026/04/17;0600 UTC;;;;;;;;;;;;;;;;;;
2026/04/17;0700 UTC;;;;;;;;;;;;;;;;;;
2026/04/17;0800 UTC;;;;;;;;;;;;;;;;;;
2026/04/17;0900 UTC;;;;;;;;;;;;;;;;;;
2026/04/17;1000 UTC;;;;;;;;;;;;;;;;;;
2026/04/17;1100 UTC;;;;;;;;;;;;;;;;;;
2026/04/17;1200 UTC;;;;;;;;;;;;;;;;;;
2026/04/17;1300 UTC;;;;;;;;;;;;;;;;;;
2026/04/17;1400 UTC;;;;;;;;;;;;;;;;;;
2026/04/17;1500 UTC;;;;;;;;;;;;;;;;;;
2026/04/17;1600 UTC;;;;;;;;;;;;;;;;;;
2026/04/17;1700 UTC;;;;;;;;;;;;;;;;;;
2026/04/17;1800 UTC;;;;;;;;;;;;;;;;;;
2026/04/17;1900 UTC;;;;;;;;;;;;;;;;;;
2026/04/17;2000 UTC;;;;;;;;;;;;;;;;;;
2026/04/17;2100 UTC;;;;;;;;;;;;;;;;;;
2026/04/17;2200 UTC;;;;;;;;;;;;;;;;;;
2026/04/17;2300 UTC;;;;;;;;;;;;;;;;;;
2026/04/18;0000 UTC;;;;;;;;;;;;;;;;;;
2026/04/18;0100 UTC;;;;;;;;;;;;;;;;;;
2026/04/18;0200 UTC;;;;;;;;;;;;;;;;;;
2026/04/18;0300 UTC;;;;;;;;;;;;;;;;;;
2026/04/18;0400 UTC;;;;;;;;;;;;;;;;;;
2026/04/18;0500 UTC;;;;;;;;;;;;;;;;;;
2026/04/18;0600 UTC;;;;;;;;;;;;;;;;;;
2026/04/18;0700 UTC;;;;;;;;;;;;;;;;;;
2026/04/18;0800 UTC;;;;;;;;;;;;;;;;;;
2026/04/18;0900 UTC;;;;;;;;;;;;;;;;;;
2026/04/18;1000 UTC;;;;;;;;;;;;;;;;;;
2026/04/18;1100 UTC;;;;;;;;;;;;;;;;;;
2026/04/18;1200 UTC;;;;;;;;;;;;;;;;;;
2026/04/18;1300 UTC;;;;;;;;;;;;;;;;;;
2026/04/18;1400 UTC;;;;;;;;;;;;;;;;;;
2026/04/18;1500 UTC;;;;;;;;;;;;;;;;;;
2026/04/18;1600 UTC;;;;;;;;;;;;;;;;;;
2026/04/18;1700 UTC;;;;;;;;;;;;;;;;;;
2026/04/18;1800 UTC;;;;;;;;;;;;;;;;;;
2026/04/18;1900 UTC;;;;;;;;;;;;;;;;;;
2026/04/18;2000 UTC;;;;;;;;;;;;;;;;;;
2026/04/18;2100 UTC;;;;;;;;;;;;;;;;;;
2026/04/18;2200 UTC;;;;;;;;;;;;;;;;;;
2026/04/18;2300 UTC;;;;;;;;;;;;;;;;;;
2026/04/19;0000 UTC;;;;;;;;;;;;;;;;;;
2026/04/19;0100 UTC;;;;;;;;;;;;;;;;;;
2026/04/19;0200 UTC;;;;;;;;;;;;;;;;;;
2026/04/19;0300 UTC;;;;;;;;;;;;;;;;;;
2026/04/19;0400 UTC;;;;;;;;;;;;;;;;;;
2026/04/19;0500 UTC;;;;;;;;;;;;;;;;;;
2026/04/19;0600 UTC;;;;;;;;;;;;;;;;;;
2026/04/19;0700 UTC;;;;;;;;;;;;;;;;;;
2026/04/19;0800 UTC;;;;;;;;;;;;;;;;;;
2026/04/19;0900 UTC;;;;;;;;;;;;;;;;;;
2026/04/19;1000 UTC;;;;;;;;;;;;;;;;;;
2026/04/19;1100 UTC;;;;;;;;;;;;;;;;;;
2026/04/19;1200 UTC;;;;;;;;;;;;;;;;;;
2026/04/19;1300 UTC;;;;;;;;;;;;;;;;;;
2026/04/19;1400 UTC;;;;;;;;;;;;;;;;;;
2026/04/19;1500 UTC;;;;;;;;;;;;;;;;;;
2026/04/19;1600 UTC;;;;;;;;;;;;;;;;;;
2026/04/19;1700 UTC;;;;;;;;;;;;;;;;;;
2026/04/19;1800 UTC;;;;;;;;;;;;;;;;;;
2026/04/19;1900 UTC;;;;;;;;;;;;;;;;;;
2026/04/19;2000 UTC;;;;;;;;;;;;;;;;;;
2026/04/19;2100 UTC;;;;;;;;;;;;;;;;;;
2026/04/19;2200 UTC;;;;;;;;;;;;;;;;;;
2026/04/19;2300 UTC;;;;;;;;;;;;;;;;;;
2026/04/20;0000 UTC;;;;;;;;;;;;;;;;;;
2026/04/20;0100 UTC;;;;;;;;;;;;;;;;;;
2026/04/20;0200 UTC;;;;;;;;;;;;;;;;;;
2026/04/20;0300 UTC;;;;;;;;;;;;;;;;;;
2026/04/20;0400 UTC;;;;;;;;;;;;;;;;;;
2026/04/20;0500 UTC;;;;;;;;;;;;;;;;;;
2026/04/20;0600 UTC;;;;;;;;;;;;;;;;;;
2026/04/20;0700 UTC;;;;;;;;;;;;;;;;;;
2026/04/20;0800 UTC;;;;;;;;;;;;;;;;;;
2026/04/20;0900 UTC;;;;;;;;;;;;;;;;;;
2026/04/20;1000 UTC;;;;;;;;;;;;;;;;;;
2026/04/20;1100 UTC;;;;;;;;;;;;;;;;;;
2026/04/20;1200 UTC;;;;;;;;;;;;;;;;;;
2026/04/20;1300 UTC;;;;;;;;;;;;;;;;;;
2026/04/20;1400 UTC;;;;;;;;;;;;;;;;;;
2026/04/20;1500 UTC;;;;;;;;;;;;;;;;;;
2026/04/20;1600 UTC;;;;;;;;;;;;;;;;;;
2026/04/20;1700 UTC;;;;;;;;;;;;;;;;;;
2026/04/20;1800 UTC;;;;;;;;;;;;;;;;;;
2026/04/20;1900 UTC;;;;;;;;;;;;;;;;;;
2026/04/20;2000 UTC;;;;;;;;;;;;;;;;;;
2026/04/20;2100 UTC;;;;;;;;;;;;;;;;;;
2026/04/20;2200 UTC;;;;;;;;;;;;;;;;;;
2026/04/20;2300 UTC;;;;;;;;;;;;;;;;;;
2026/04/21;0000 UTC;;;;;;;;;;;;;;;;;;
2026/04/21;0100 UTC;;;;;;;;;;;;;;;;;;
2026/04/21;0200 UTC;;;;;;;;;;;;;;;;;;
2026/04/21;0300 UTC;;;;;;;;;;;;;;;;;;
2026/04/21;0400 UTC;;;;;;;;;;;;;;;;;;
2026/04/21;0500 UTC;;;;;;;;;;;;;;;;;;
2026/04/21;0600 UTC;;;;;;;;;;;;;;;;;;
2026/04/21;0700 UTC;;;;;;;;;;;;;;;;;;
2026/04/21;0800 UTC;;;;;;;;;;;;;;;;;;
2026/04/21;0900 UTC;;;;;;;;;;;;;;;;;;
2026/04/21;1000 UTC;;;;;;;;;;;;;;;;;;
2026/04/21;1100 UTC;;;;;;;;;;;;;;;;;;
2026/04/21;1200 UTC;;;;;;;;;;;;;;;;;;
2026/04/21;1300 UTC;;;;;;;;;;;;;;;;;;
2026/04/21;1400 UTC;;;;;;;;;;;;;;;;;;
2026/04/21;1500 UTC;;;;;;;;;;;;;;;;;;
2026/04/21;1600 UTC;;;;;;;;;;;;;;;;;;
2026/04/21;1700 UTC;;;;;;;;;;;;;;;;;;
2026/04/21;1800 UTC;;;;;;;;;;;;;;;;;;
2026/04/21;1900 UTC;;;;;;;;;;;;;;;;;;
2026/04/21;2000 UTC;;;;;;;;;;;;;;;;;;
2026/04/21;2100 UTC;;;;;;;;;;;;;;;;;;
2026/04/21;2200 UTC;;;;;;;;;;;;;;;;;;
2026/04/21;2300 UTC;;;;;;;;;;;;;;;;;;
2026/04/22;0000 UTC;;;;;;;;;;;;;;;;;;
2026/04/22;0100 UTC;;;;;;;;;;;;;;;;;;
2026/04/22;0200 UTC;;;;;;;;;;;;;;;;;;
2026/04/22;0300 UTC;;;;;;;;;;;;;;;;;;
2026/04/22;0400 UTC;;;;;;;;;;;;;;;;;;
2026/04/22;0500 UTC;;;;;;;;;;;;;;;;;;
2026/04/22;0600 UTC;;;;;;;;;;;;;;;;;;
2026/04/22;0700 UTC;;;;;;;;;;;;;;;;;;
2026/04/22;0800 UTC;;;;;;;;;;;;;;;;;;
2026/04/22;0900 UTC;;;;;;;;;;;;;;;;;;
2026/04/22;1000 UTC;;;;;;;;;;;;;;;;;;
2026/04/22;1100 UTC;;;;;;;;;;;;;;;;;;
2026/04/22;1200 UTC;;;;;;;;;;;;;;;;;;
2026/04/22;1300 UTC;;;;;;;;;;;;;;;;;;
2026/04/22;1400 UTC;;;;;;;;;;;;;;;;;;
2026/04/22;1500 UTC;;;;;;;;;;;;;;;;;;
2026/04/22;1600 UTC;;;;;;;;;;;;;;;;;;
2026/04/22;1700 UTC;;;;;;;;;;;;;;;;;;
2026/04/22;1800 UTC;;;;;;;;;;;;;;;;;;
2026/04/22;1900 UTC;;;;;;;;;;;;;;;;;;
2026/04/22;2000 UTC;;;;;;;;;;;;;;;;;;
2026/04/22;2100 UTC;;;;;;;;;;;;;;;;;;
2026/04/22;2200 UTC;;;;;;;;;;;;;;;;;;
2026/04/22;2300 UTC;;;;;;;;;;;;;;;;;;
2026/04/23;0000 UTC;;;;;;;;;;;;;;;;;;
2026/04/23;0100 UTC;;;;;;;;;;;;;;;;;;
2026/04/23;0200 UTC;;;;;;;;;;;;;;;;;;
2026/04/23;0300 UTC;;;;;;;;;;;;;;;;;;
2026/04/23;0400 UTC;;;;;;;;;;;;;;;;;;
2026/04/23;0500 UTC;;;;;;;;;;;;;;;;;;
2026/04/23;0600 UTC;;;;;;;;;;;;;;;;;;
2026/04/23;0700 UTC;;;;;;;;;;;;;;;;;;
2026/04/23;0800 UTC;;;;;;;;;;;;;;;;;;
2026/04/23;0900 UTC;;;;;;;;;;;;;;;;;;
2026/04/23;1000 UTC;;;;;;;;;;;;;;;;;;
2026/04/23;1100 UTC;;;;;;;;;;;;;;;;;;
2026/04/23;1200 UTC;;;;;;;;;;;;;;;;;;
2026/04/23;1300 UTC;;;;;;;;;;;;;;;;;;
2026/04/23;1400 UTC;;;;;;;;;;;;;;;;;;
2026/04/23;1500 UTC;;;;;;;;;;;;;;;;;;
2026/04/23;1600 UTC;;;;;;;;;;;;;;;;;;
2026/04/23;1700 UTC;;;;;;;;;;;;;;;;;;
2026/04/23;1800 UTC;;;;;;;;;;;;;;;;;;
2026/04/23;1900 UTC;;;;;;;;;;;;;;;;;;
2026/04/23;2000 UTC;;;;;;;;;;;;;;;;;;
2026/04/23;2100 UTC;;;;;;;;;;;;;;;;;;
2026/04/23;2200 UTC;;;;;;;;;;;;;;;;;;
2026/04/23;2300 UTC;;;;;;;;;;;;;;;;;;
2026/04/24;0000 UTC;;;;;;;;;;;;;;;;;;
2026/04/24;0100 UTC;;;;;;;;;;;;;;;;;;
2026/04/24;0200 UTC;;;;;;;;;;;;;;;;;;
2026/04/24;0300 UTC;;;;;;;;;;;;;;;;;;
2026/04/24;0400 UTC;;;;;;;;;;;;;;;;;;
2026/04/24;0500 UTC;;;;;;;;;;;;;;;;;;
2026/04/24;0600 UTC;;;;;;;;;;;;;;;;;;
2026/04/24;0700 UTC;;;;;;;;;;;;;;;;;;
2026/04/24;0800 UTC;;;;;;;;;;;;;;;;;;
2026/04/24;0900 UTC;;;;;;;;;;;;;;;;;;
2026/04/24;1000 UTC;;;;;;;;;;;;;;;;;;
2026/04/24;1100 UTC;;;;;;;;;;;;;;;;;;
2026/04/24;1200 UTC;;;;;;;;;;;;;;;;;;
2026/04/24;1300 UTC;;;;;;;;;;;;;;;;;;
2026/04/24;1400 UTC;;;;;;;;;;;;;;;;;;
2026/04/24;1500 UTC;;;;;;;;;;;;;;;;;;
2026/04/24;1600 UTC;;;;;;;;;;;;;;;;;;
2026/04/24;1700 UTC;;;;;;;;;;;;;;;;;;
2026/04/24;1800 UTC;;;;;;;;;;;;;;;;;;
2026/04/24;1900 UTC;;;;;;;;;;;;;;;;;;
2026/04/24;2000 UTC;;;;;;;;;;;;;;;;;;
2026/04/24;2100 UTC;;;;;;;;;;;;;;;;;;
2026/04/24;2200 UTC;;;;;;;;;;;;;;;;;;
2026/04/24;2300 UTC;;;;;;;;;;;;;;;;;;
2026/04/25;0000 UTC;;;;;;;;;;;;;;;;;;
2026/04/25;0100 UTC;;;;;;;;;;;;;;;;;;
2026/04/25;0200 UTC;;;;;;;;;;;;;;;;;;
2026/04/25;0300 UTC;;;;;;;;;;;;;;;;;;
2026/04/25;0400 UTC;;;;;;;;;;;;;;;;;;
2026/04/25;0500 UTC;;;;;;;;;;;;;;;;;;
2026/04/25;0600 UTC;;;;;;;;;;;;;;;;;;
2026/04/25;0700 UTC;;;;;;;;;;;;;;;;;;
2026/04/25;0800 UTC;;;;;;;;;;;;;;;;;;
2026/04/25;0900 UTC;;;;;;;;;;;;;;;;;;
2026/04/25;1000 UTC;;;;;;;;;;;;;;;;;;
2026/04/25;1100 UTC;;;;;;;;;;;;;;;;;;
2026/04/25;1200 UTC;;;;;;;;;;;;;;;;;;
2026/04/25;1300 UTC;;;;;;;;;;;;;;;;;;
2026/04/25;1400 UTC;;;;;;;;;;;;;;;;;;
2026/04/25;1500 UTC;;;;;;;;;;;;;;;;;;
2026/04/25;1600 UTC;;;;;;;;;;;;;;;;;;
2026/04/25;1700 UTC;;;;;;;;;;;;;;;;;;
2026/04/25;1800 UTC;;;;;;;;;;;;;;;;;;
2026/04/25;1900 UTC;;;;;;;;;;;;;;;;;;
2026/04/25;2000 UTC;;;;;;;;;;;;;;;;;;
2026/04/25;2100 UTC;;;;;;;;;;;;;;;;;;
2026/04/25;2200 UTC;;;;;;;;;;;;;;;;;;
2026/04/25;2300 UTC;;;;;;;;;;;;;;;;;;
2026/04/26;0000 UTC;;;;;;;;;;;;;;;;;;
2026/04/26;0100 UTC;;;;;;;;;;;;;;;;;;
2026/04/26;0200 UTC;;;;;;;;;;;;;;;;;;
2026/04/26;0300 UTC;;;;;;;;;;;;;;;;;;
2026/04/26;0400 UTC;;;;;;;;;;;;;;;;;;
2026/04/26;0500 UTC;;;;;;;;;;;;;;;;;;
2026/04/26;0600 UTC;;;;;;;;;;;;;;;;;;
2026/04/26;0700 UTC;;;;;;;;;;;;;;;;;;
2026/04/26;0800 UTC;;;;;;;;;;;;;;;;;;
2026/04/26;0900 UTC;;;;;;;;;;;;;;;;;;
2026/04/26;1000 UTC;;;;;;;;;;;;;;;;;;
2026/04/26;1100 UTC;;;;;;;;;;;;;;;;;;
2026/04/26;1200 UTC;;;;;;;;;;;;;;;;;;
2026/04/26;1300 UTC;;;;;;;;;;;;;;;;;;
2026/04/26;1400 UTC;;;;;;;;;;;;;;;;;;
2026/04/26;1500 UTC;;;;;;;;;;;;;;;;;;
2026/04/26;1600 UTC;;;;;;;;;;;;;;;;;;
2026/04/26;1700 UTC;;;;;;;;;;;;;;;;;;
2026/04/26;1800 UTC;;;;;;;;;;;;;;;;;;
2026/04/26;1900 UTC;;;;;;;;;;;;;;;;;;
2026/04/26;2000 UTC;;;;;;;;;;;;;;;;;;
2026/04/26;2100 UTC;;;;;;;;;;;;;;;;;;
2026/04/26;2200 UTC;;;;;;;;;;;;;;;;;;
2026/04/26;2300 UTC;;;;;;;;;;;;;;;;;;
2026/04/27;0000 UTC;;;;;;;;;;;;;;;;;;
2026/04/27;0100 UTC;;;;;;;;;;;;;;;;;;
2026/04/27;0200 UTC;;;;;;;;;;;;;;;;;;
2026/04/27;0300 UTC;;;;;;;;;;;;;;;;;;
2026/04/27;0400 UTC;;;;;;;;;;;;;;;;;;
2026/04/27;0500 UTC;;;;;;;;;;;;;;;;;;
2026/04/27;0600 UTC;;;;;;;;;;;;;;;;;;
2026/04/27;0700 UTC;;;;;;;;;;;;;;;;;;
2026/04/27;0800 UTC;;;;;;;;;;;;;;;;;;
2026/04/27;0900 UTC;;;;;;;;;;;;;;;;;;
2026/04/27;1000 UTC;;;;;;;;;;;;;;;;;;
2026/04/27;1100 UTC;;;;;;;;;;;;;;;;;;
2026/04/27;1200 UTC;;;;;;;;;;;;;;;;;;
2026/04/27;1300 UTC;;;;;;;;;;;;;;;;;;
2026/04/27;1400 UTC;;;;;;;;;;;;;;;;;;
2026/04/27;1500 UTC;;;;;;;;;;;;;;;;;;
2026/04/27;1600 UTC;;;;;;;;;;;;;;;;;;
2026/04/27;1700 UTC;;;;;;;;;;;;;;;;;;
2026/04/27;1800 UTC;;;;;;;;;;;;;;;;;;
2026/04/27;1900 UTC;;;;;;;;;;;;;;;;;;
2026/04/27;2000 UTC;;;;;;;;;;;;;;;;;;
2026/04/27;2100 UTC;;;;;;;;;;;;;;;;;;
2026/04/27;2200 UTC;;;;;;;;;;;;;;;;;;
2026/04/27;2300 UTC;;;;;;;;;;;;;;;;;;
2026/04/28;0000 UTC;;;;;;;;;;;;;;;;;;
2026/04/28;0100 UTC;;;;;;;;;;;;;;;;;;
2026/04/28;0200 UTC;;;;;;;;;;;;;;;;;;
2026/04/28;0300 UTC;;;;;;;;;;;;;;;;;;
2026/04/28;0400 UTC;;;;;;;;;;;;;;;;;;
2026/04/28;0500 UTC;;;;;;;;;;;;;;;;;;
2026/04/28;0600 UTC;;;;;;;;;;;;;;;;;;
2026/04/28;0700 UTC;;;;;;;;;;;;;;;;;;
2026/04/28;0800 UTC;;;;;;;;;;;;;;;;;;
2026/04/28;0900 UTC;;;;;;;;;;;;;;;;;;
2026/04/28;1000 UTC;;;;;;;;;;;;;;;;;;
2026/04/28;1100 UTC;;;;;;;;;;;;;;;;;;
2026/04/28;1200 UTC;;;;;;;;;;;;;;;;;;
2026/04/28;1300 UTC;;;;;;;;;;;;;;;;;;
2026/04/28;1400 UTC;;;;;;;;;;;;;;;;;;
2026/04/28;1500 UTC;;;;;;;;;;;;;;;;;;
2026/04/28;1600 UTC;;;;;;;;;;;;;;;;;;
2026/04/28;1700 UTC;;;;;;;;;;;;;;;;;;
2026/04/28;1800 UTC;;;;;;;;;;;;;;;;;;
2026/04/28;1900 UTC;;;;;;;;;;;;;;;;;;
2026/04/28;2000 UTC;;;;;;;;;;;;;;;;;;
2026/04/28;2100 UTC;;;;;;;;;;;;;;;;;;
2026/04/28;2200 UTC;;;;;;;;;;;;;;;;;;
2026/04/28;2300 UTC;;;;;;;;;;;;;;;;;;
2026/04/29;0000 UTC;;;;;;;;;;;;;;;;;;
2026/04/29;0100 UTC;0;1000,3;1000,3;1000,1;0;11,3;7;11,5;10,5;7,6;6,3;85;74;79;36;2,1;1,6;
2026/04/29;0200 UTC;0;1000,1;1000,2;999,9;0;10;7,8;10,5;8,9;8,3;7,4;94;86;89;42;3,1;2,2;
2026/04/29;0300 UTC;0;999,7;1000,1;999,4;0;8,8;7,8;9,1;8,2;8,1;7,6;98;93;95;41;2,5;1,9;
2026/04/29;0400 UTC;0;998,8;999,4;998,4;0;8,5;7,9;8,7;8,2;8,3;7,2;99;93;97;150;1,3;,5;
2026/04/29;0500 UTC;0;998,4;998,6;998,2;0;9;6,8;9,5;8,5;8,2;6,1;97;84;89;209;1,1;,6;
2026/04/29;0600 UTC;0;997,8;998,2;997,5;0;8,5;6,6;8,7;8,3;7,3;6,3;93;88;91;133;2,8;1,7;
2026/04/29;0700 UTC;0;997,5;997,8;997,4;0;8,6;6,1;9,1;7,8;6,4;5,9;93;85;87;47;1,8;1,2;
2026/04/29;0800 UTC;0;997,4;997,7;997,1;0;7,8;6,2;8;7,5;6,4;6;95;90;92;88;1,9;1;
2026/04/29;0900 UTC;0;997,5;998;997;0;7,7;6,3;7,9;7,6;6,5;6,1;95;91;93;152;1,2;,6;
2026/04/29;1000 UTC;0;998,2;998,4;997,9;0;7,4;6,3;7,6;7,2;6,8;6;97;93;94;126;1,5;,9;
2026/04/29;1100 UTC;0;998,6;998,9;998,4;84,2;8,2;6,2;9,4;7,6;6,7;5,9;93;86;90;148;2,7;1,6;
2026/04/29;1200 UTC;0;999,3;999,7;998,9;785,9;10,7;7,4;12,1;9,5;8,9;6,1;88;79;84;68;2,6;1,4;
2026/04/29;1300 UTC;0;999,9;1000,1;999,6;1564,3;13,6;8,7;14,9;11,8;9,7;7,6;86;67;76;147;3,6;1,6;
2026/04/29;1400 UTC;0;1000;1000,1;999,6;2158,1;17,3;8,9;18,9;15,1;9,5;8,2;69;48;58;82;5,7;2,9;
2026/04/29;1500 UTC;0;999,4;999,7;999,2;2514,4;20;8,9;21,1;18,9;9,7;8,2;51;38;44;102;4,8;2,5;
2026/04/29;1600 UTC;0;999,2;999,3;999;2692;21,7;9,6;22,4;20,9;10,5;8,8;43;34;39;130;3,8;2;
2026/04/29;1700 UTC;0;998,8;999;998,7;2587,6;22,6;9,6;23,1;22,1;10,3;8,9;39;30;35;194;4,3;2,3;
2026/04/29;1800 UTC;0;998,6;998,7;998,5;2234,8;23,2;10,3;23,5;22,7;11,4;9,3;40;31;35;156;3,4;2;
2026/04/29;1900 UTC;0;998,5;998,7;998,3;1616,4;23,4;10,5;24;23,2;11,4;9,9;38;33;35;183;3,2;1,9;
2026/04/29;2000 UTC;0;998,8;999;998,7;970,6;23,1;10,2;23,5;22,8;10,9;9,7;38;34;35;135;2,4;1,2;
2026/04/29;2100 UTC;0;998,6;998,9;998,2;205;21,4;9,9;22,9;19,9;10,6;9,1;48;36;42;125;1,9;1,1;
2026/04/29;2200 UTC;0;998,1;998,2;998;,1;18,3;9,1;19,9;17,2;9,9;8,5;57;49;54;93;1,7;1;
2026/04/29;2300 UTC;0;997,9;998,1;997,8;0;16,6;8,3;17,2;15,8;8,8;7,9;64;54;58;95;1,7;1,1;
2026/04/30;0000 UTC;0;998,3;998,7;997,9;0;15,9;7,7;16,3;15,6;8,5;7,3;63;55;59;101;1,4;,7;
2026/04/30;0100 UTC;0;999;999,4;998,6;0;14,8;7,8;15,8;13,8;8,4;7,3;72;58;65;213;1;,6;
2026/04/30;0200 UTC;0;999,7;1000;999,5;0;13,5;8,2;13,8;12,9;9,6;7,4;81;68;74;39;1,2;,9;
2026/04/30;0300 UTC;0;1000;1000,1;999,9;0;12,4;9,5;12,9;12;10,2;8,9;90;81;86;53;1,9;1,5;
2026/04/30;0400 UTC;0;999,9;1000;999,6;0;11,3;10,2;12,5;10,7;10,4;9,9;98;89;94;48;2,3;1,9;
2026/04/30;0500 UTC;0;999,7;999,8;999,6;0;10,6;10,1;10,8;10,3;10,5;9,6;99;95;98;29;2;1,4;
2026/04/30;0600 UTC;0;999,4;999,6;999,3;0;10,7;9,8;11;10,3;10,4;9,5;99;93;95;39;1,1;,9;
2026/04/30;0700 UTC;0;999,4;999,5;999,3;0;10,5;9,9;10,6;10,2;10,2;9,5;99;96;97;75;,4;,2;
2026/04/30;0800 UTC;0;999,5;999,6;999,4;0;10,1;9,8;10,3;9,9;10,1;9,5;99;97;98;168;1,1;,6;
2026/04/30;0900 UTC;0;999,6;999,7;999,5;0;9,9;9,3;10,2;9,5;9,8;8,7;99;95;97;107;1,4;,6;
2026/04/30;1000 UTC;0;999,9;1000,2;999,5;0;9,7;9,2;9,9;9,2;9,5;8,4;99;95;97;50;1,5;1;
2026/04/30;1100 UTC;0;1000,4;1000,5;1000,2;96,2;9,5;8,7;10,3;9,3;9,1;8,4;98;93;96;55;2,2;1,2;
2026/04/30;1200 UTC;0;1000,9;1001,3;1000,5;1211,5;12,8;9,5;14,8;10,5;10,8;8,7;91;78;84;61;2,1;1,1;
2026/04/30;1300 UTC;;;;;;;;;;;;;;;;;;
2026/04/30;1400 UTC;0;1001,9;1002,1;1001,7;2147,4;20,3;11,9;21,6;18,4;13,1;10,6;69;52;58;151;2,6;1,3;
2026/04/30;1500 UTC;0;1001,9;1002;1001,8;2496,2;23,3;11,7;24,4;21,7;12,5;10,8;53;36;42;108;2,8;1,2;
2026/04/30;1600 UTC;0;1001,3;1001,8;1000,8;2670,6;24,6;12,7;25,1;24;13,4;12,1;45;37;41;140;4,7;2,2;
2026/04/30;1700 UTC;;;;;;;;;;;;;;;;;;
2026/04/30;1800 UTC;0;1000,1;1000,3;1000;2204,5;26,3;14,1;26,8;25,8;14,8;13,3;42;36;39;120;4,1;2,1;
2026/04/30;1900 UTC;0;999,9;1000;999,7;1615,4;26,3;14,3;26,9;26;15;13,9;43;38;40;138;4,2;2,3;
2026/04/30;2000 UTC;0;999,8;1000;999,7;955,1;25,7;13,9;26,1;25;14,4;13,5;44;38;41;118;4;1,9;
2026/04/30;2100 UTC;0;999,8;999,9;999,6;205,8;23,5;13;25;21,9;13,8;12,3;53;43;48;129;3,1;1,5;
2026/04/30;2200 UTC;0;999,3;999,6;999,1;,1;20,6;12,1;21,9;19,3;12,6;11,9;64;53;58;108;3,2;1,6;
2026/04/30;2300 UTC;0;999;999,1;998,7;0;17,9;11,7;19,3;17,2;12;11,4;72;63;69;98;4,4;2,8;
2026/05/01;0000 UTC;0;999;999,1;998,7;0;17;11;17,3;16,7;11,4;10,8;71;69;70;100;4,6;2,6;
2026/05/01;0100 UTC;0;998,9;999,2;998,8;0;17;10,7;17,4;16,1;10,9;10,5;72;66;68;72;4,4;1,4;
2026/05/01;0200 UTC;0;999,5;999,6;999,2;0;15,5;10,7;16;14,9;10,9;10,5;79;73;76;115;,9;,5;
2026/05/01;0300 UTC;0;999,5;999,6;999,3;0;14,7;10,7;15,1;14,4;10,9;10,4;81;77;80;132;1,9;1,2;
2026/05/01;0400 UTC;0;999,3;999,4;999;0;14,4;10,6;15,2;13,4;11;10,4;87;77;81;67;1,4;1;
2026/05/01;0500 UTC;0;998,6;999;998,3;0;12,9;10,7;13,4;12,1;11;10,3;94;86;89;172;1,9;1,2;
2026/05/01;0600 UTC;0;997,9;998,3;997,6;0;13,2;10,8;14,2;12,4;10,9;10,5;92;83;88;121;3,8;1,7;
2026/05/01;0700 UTC;0;997,3;997,6;997;0;13,1;10,7;14,3;11,8;11,1;10,3;94;82;88;243;,9;,6;
2026/05/01;0800 UTC;0;997,1;997,2;996,9;0;12,7;11,1;13;11,8;11,4;10,5;96;90;92;155;2,6;1,2;
2026/05/01;0900 UTC;0;997,3;997,5;997;0;13,5;11,6;13,9;13;11,8;11,3;92;89;90;126;3,3;1,9;
2026/05/01;1000 UTC;0;997,3;997,6;997;,1;14,3;12,2;14,6;13,8;12,7;11,8;91;88;89;132;2,2;1,4;
2026/05/01;1100 UTC;0;997,6;997,8;997,4;152,3;14,9;12,8;15,6;14,5;13,5;12,4;92;87;90;140;2,7;1,6;
2026/05/01;1200 UTC;0;998;998,4;997,8;266,9;15,2;13,7;15,8;14,8;14,3;13,1;96;87;92;146;3,8;2,3;
2026/05/01;1300 UTC;0;998;998,6;997,7;254,8;15,5;14,1;16,1;15,1;14,7;13,8;95;91;93;111;5,3;2,8;
2026/05/01;1400 UTC;0;997,2;997,7;996,7;192,9;16,7;14,5;17,2;16,1;15;14,1;91;87;89;71;4,6;2,1;
2026/05/01;1500 UTC;0;996,2;996,6;995,7;130;17,8;15,4;18,5;17,2;16;14,7;89;87;88;61;3,3;2,1;
2026/05/01;1600 UTC;0;995,5;996,8;995;117,6;19;16,4;20,6;17,5;17,3;15,4;91;81;87;197;11;6,7;
2026/05/01;1700 UTC;,8;996;997;994,6;363,8;17,3;16,3;18,3;16,9;16,9;15,6;96;89;95;124;6;3,2;
2026/05/01;1800 UTC;0;995,5;996,1;994,9;399,6;19,1;16,9;19,6;18,3;17,2;16,6;93;86;89;100;5,4;3,2;
2026/05/01;1900 UTC;,2;995,4;995,8;994,9;75,2;17,9;17,2;18;17,7;17,3;17,2;97;96;97;95;5,8;3,5;
2026/05/01;2000 UTC;,2;994,4;995;993,8;119,6;17,7;17;17,8;17,6;17,3;16,8;98;96;97;81;7,7;3,4;
2026/05/01;2100 UTC;9;994;994,8;993,3;15,2;17,9;17,3;18,3;17,7;18,1;16,8;100;95;97;140;4,4;1;
2026/05/01;2200 UTC;8;994,7;996,6;993,7;,1;18,3;18,1;18,5;17,7;18,5;17,6;100;97;99;170;12,5;4,5;
2026/05/01;2300 UTC;,2;995;995,4;994,5;0;18;17,7;18,2;17,7;17,8;17,6;99;98;99;116;5,7;2,3;
2026/05/02;0000 UTC;7,4;995,7;997,1;995;0;18,4;18;18,6;18,2;18,2;17,8;99;96;98;180;4,6;2,9;
2026/05/02;0100 UTC;4,1;995,7;996,3;994,9;0;18,2;18,3;18,3;18,2;18,4;18,2;100;100;100;104;2,7;1,7;
2026/05/02;0200 UTC;1,6;995,5;995,8;995,1;0;18,3;18,4;18,4;18,3;18,4;18,3;100;100;100;98;1,8;,8;
2026/05/02;0300 UTC;,8;995,8;996,3;995,3;0;18,4;18,4;18,4;18,3;18,5;18,4;100;100;100;147;2,2;,8;
2026/05/02;0400 UTC;;;;;;;;;;;;;;;;;;
2026/05/02;0500 UTC;0;996,1;996,8;995,6;0;18,3;18,4;18,3;18,3;18,4;18,3;100;100;100;294;3,7;1,4;
2026/05/02;0600 UTC;,2;996,2;996,4;996;0;18,2;18,3;18,3;18,2;18,3;18,3;100;100;100;234;2,8;1,6;
2026/05/02;0700 UTC;;;;;;;;;;;;;;;;;;
2026/05/02;0800 UTC;0;997,2;997,6;996,6;0;18,1;18,1;18,2;18;18,2;18,1;100;100;100;247;2,3;1,7;
2026/05/02;0900 UTC;0;997,9;998,6;997,4;0;18,1;18,1;18,2;18;18,2;18;100;100;100;223;5;3,4;
2026/05/02;1000 UTC;0;999,4;1000;998,6;0;18,2;18,2;18,2;18;18,3;18,1;100;100;100;205;5,1;2,9;
2026/05/02;1100 UTC;0;1000,2;1000,5;999,9;87,3;17,9;17,7;18,3;17,5;18,1;17,3;100;98;99;230;1,6;,9;
2026/05/02;1200 UTC;0;1000,9;1001,3;1000,3;460,7;18,3;17,5;18,8;17,9;18,1;17,4;99;93;96;226;2,9;1;
2026/05/02;1300 UTC;;;;;;;;;;;;;;;;;;
2026/05/02;1400 UTC;0;1004,1;1004,5;1003,5;763,8;19,5;17,2;19,8;19,3;18;16;92;83;89;207;7,9;5,3;
2026/05/02;1500 UTC;0;1004,5;1004,6;1004,4;1190,5;20;16,3;20,5;19,5;17,1;15,8;86;79;82;202;7,3;4,2;
2026/05/02;1600 UTC;0;1004,8;1005,2;1004,4;577,8;19,4;15,9;20,1;18,7;16,8;15,4;86;80;82;216;7,7;5,2;
2026/05/02;1700 UTC;0;1005,1;1005,4;1004,7;409,3;18,4;15,8;18,7;18,2;16,2;15,4;89;84;87;222;3,6;2;
2026/05/02;1800 UTC;0;1004,8;1005,2;1004,6;1111,2;19,8;15,3;21,3;18,6;16;14,7;85;70;78;226;8,4;5;
2026/05/02;1900 UTC;0;1005,2;1005,5;1005,1;1558,9;20,5;13,2;20,8;19,9;14,4;12,4;72;59;63;214;8,2;5,5;
2026/05/02;2000 UTC;0;1005,7;1006;1005,5;951,4;19,8;12,1;20,4;19;12,9;11,2;64;59;62;216;7,5;5,1;
2026/05/02;2100 UTC;0;1006,1;1006,2;1005,9;214,8;17,8;9,7;19;16,4;11,7;8,8;64;55;60;208;7;3,6;
2026/05/02;2200 UTC;0;1006,3;1006,6;1006;,1;15,6;8,1;16,6;14,9;9;7,2;67;60;63;204;6,4;3,3;
2026/05/02;2300 UTC;0;1006,8;1007,1;1006,5;0;14,1;7;14,9;13,5;7,5;6,6;68;61;64;195;5,2;2,5;
2026/05/03;0000 UTC;0;1007,3;1007,7;1007;0;12,8;6,6;13,5;12,1;7;6,1;71;66;69;151;2,2;,9;
2026/05/03;0100 UTC;0;1007,9;1008,1;1007,6;0;11,5;6,2;12;10,4;6,7;5,9;79;72;73;88;1,7;,7;
2026/05/03;0200 UTC;0;1008,2;1008,3;1008;0;9,9;6,7;10,4;9,6;7,7;5,9;89;79;84;127;1,5;,6;
2026/05/03;0300 UTC;0;1008,5;1008,7;1008,3;0;9,6;6,1;10,3;9;6,8;5,5;86;77;83;148;1,3;,5;
2026/05/03;0400 UTC;0;1008,5;1008,6;1008,4;0;9,1;5,3;9,4;8,6;6,4;4,6;86;77;81;186;2,1;,6;
2026/05/03;0500 UTC;0;1008,3;1008,5;1008;0;8,7;4,8;9;8,4;6;4,3;85;77;81;184;1,8;,7;
2026/05/03;0600 UTC;0;1007,8;1008;1007,6;0;7,9;4,9;8,7;7,3;5,5;4,3;90;78;85;149;2,1;1;
2026/05/03;0700 UTC;0;1007,6;1007,7;1007,5;0;7,4;4,7;7,9;6,9;5,6;4,1;93;81;87;168;1,8;,6;
2026/05/03;0800 UTC;0;1007,5;1007,6;1007,4;0;6,9;4;7,9;5,9;5,2;3,5;93;78;85;122;1,5;,8;
2026/05/03;0900 UTC;0;1007,3;1007,5;1007,1;0;6,3;3,7;6,8;5,9;4,3;3,3;92;83;87;131;2,9;1,3;
2026/05/03;1000 UTC;0;1007,5;1007,6;1007,2;0;6,7;3,5;7;5,1;3,8;3,2;92;82;84;68;3,2;1,8;
2026/05/03;1100 UTC;0;1007,7;1007,9;1007,6;59,1;5,7;4,5;7,2;5;5,4;3,6;96;90;94;47;1,7;1;
2026/05/03;1200 UTC;0;1008,4;1009;1007,9;831,1;9,6;5,3;10,9;7,4;6,3;4,7;89;70;79;95;3,7;2,2;
2026/05/03;1300 UTC;0;1008,8;1009;1008,5;1609,8;11,7;5,4;12,6;10,8;6,2;4,5;76;61;69;107;5,4;3,2;
2026/05/03;1400 UTC;0;1008,3;1008,5;1008;2215,2;13,5;5,3;14,2;12,7;6,1;4,4;66;53;59;90;8,2;4,6;
2026/05/03;1500 UTC;0;1007,7;1008,1;1007,1;2581,3;15,3;5,6;16;14;6,2;4,5;57;45;51;96;7,8;3,8;
2026/05/03;1600 UTC;0;1006,7;1007,1;1006,3;2679,5;16,4;5,8;16,9;15,4;6,7;5;51;43;47;107;6,7;3,1;
2026/05/03;1700 UTC;0;1005,7;1006,3;1005,2;2638,9;17,3;6,5;17,8;16,7;7,7;5,7;50;43;46;98;5,9;2,9;
2026/05/03;1800 UTC;0;1004,9;1005,2;1004,6;2210,3;17,9;6,8;18,4;17,5;7,9;6,2;48;42;44;107;5,8;2,3;
2026/05/03;1900 UTC;0;1004,2;1004,6;1003,7;1682;18,1;7,3;18,3;17,9;7,8;6,8;49;43;46;122;5,3;2,6;
2026/05/03;2000 UTC;0;1003,5;1003,7;1003,1;974,4;17,7;7,3;18,1;17,2;7,8;6,8;52;45;48;114;4,7;2,2;
2026/05/03;2100 UTC;0;1002,9;1003,1;1002,3;208,7;15,9;7,3;17,2;14,6;7,7;7,1;65;51;57;119;3,8;2;
2026/05/03;2200 UTC;0;1002,1;1002,4;1001,8;0;13,5;7,6;14,5;12,5;8,1;7,3;78;64;71;110;3,5;1,7;
2026/05/03;2300 UTC;0;1001,9;1002;1001,7;0;12,3;7,7;12,5;12,1;8,2;6,9;79;73;77;115;4;2,1;
2026/05/04;0000 UTC;0;1001,9;1002,1;1001,8;0;12,4;6,6;12,7;11,9;7;6,2;75;68;71;114;4,6;2,3;
2026/05/04;0100 UTC;0;1001,5;1001,8;1001,2;0;11,3;7,1;11,8;11,1;7,3;6,8;81;75;79;118;3,6;1,9;
2026/05/04;0200 UTC;0;1001,3;1001,5;1001,2;0;10,5;7,1;11,1;10;7,5;6,8;87;80;83;106;2,5;1,5;
2026/05/04;0300 UTC;0;1000,9;1001,2;1000,7;0;9,5;7,3;10;9,2;7,5;7;91;86;89;118;3;1,5;
2026/05/04;0400 UTC;0;1000,4;1000,7;1000,2;0;9,5;7,2;10;9,1;7,4;7,1;91;86;89;95;4,4;2,5;
2026/05/04;0500 UTC;0;1000;1000,3;999,7;0;8,7;7,4;9;8,5;7,6;7;95;91;93;134;2,4;1,1;
2026/05/04;0600 UTC;0;999,5;999,7;999,2;0;9;7,9;9,3;8,9;8,4;7,4;96;92;94;100;3,4;1,4;
2026/05/04;0700 UTC;0;998,8;999,2;998,6;0;8,4;8;8,8;8,3;8,3;7,5;100;95;98;92;2,7;1,6;
2026/05/04;0800 UTC;0;998,4;998,7;998,1;0;8,2;8,2;8,4;7,8;8,4;7,6;100;99;100;112;1,7;1,1;
2026/05/04;0900 UTC;0;998,2;998,3;998;0;8,3;8,4;8,5;8;8,6;8,1;100;100;100;123;3;1,2;
2026/05/04;1000 UTC;0;998,3;998,5;998,2;0;8,5;8,6;8,7;8,5;8,7;8,5;100;100;100;97;3,1;1,8;
2026/05/04;1100 UTC;0;998,5;998,8;998,3;79,7;9;9,1;9,5;8,6;9,6;8,6;100;100;100;94;3,3;1,4;
2026/05/04;1200 UTC;0;999,2;999,5;998,9;532,8;10;10;10,9;9,4;10,8;9,5;100;98;100;151;2,1;1,2;
2026/05/04;1300 UTC;0;999,8;1000;999,6;1435,3;12,3;10,8;14,6;10,6;11,7;10,2;99;83;93;107;2,8;1,1;
2026/05/04;1400 UTC;;;;;;;;;;;;;;;;;;
2026/05/04;1500 UTC;0;1000,1;1000,3;999,9;1810,5;19,6;13,6;21;17,9;14,7;12,6;76;66;70;116;1,9;1;
2026/05/04;1600 UTC;0;999,8;999,9;999,6;880,3;21,3;15;21,5;20,8;15,7;14,3;71;67;69;93;1,5;,8;
2026/05/04;1700 UTC;0;999,2;999,6;998,7;500,4;21,1;15,9;21,6;20,7;16,2;15,5;77;69;74;163;1,3;,8;
2026/05/04;1800 UTC;0;998,2;998,7;997,9;536,4;21,5;16,5;21,8;21,1;17,4;15,9;79;73;75;56;2,4;1,3;
2026/05/04;1900 UTC;0;997,8;998;997,5;661,7;21,9;17,1;22,2;21,6;17,6;16,8;79;74;76;49;2,2;1,4;
2026/05/04;2000 UTC;0;997,7;997,9;997,4;386,9;21,8;17,2;22,3;21,4;17,6;16,8;80;74;77;61;2,4;1,5;
2026/05/04;2100 UTC;;;;;;;;;;;;;;;;;;
2026/05/04;2200 UTC;0;997,8;997,9;997,7;0;20,2;17,9;20,6;19,8;18;17,7;90;86;88;46;2,4;1,6;
2026/05/04;2300 UTC;0;997,8;998;997,7;0;19,6;18,1;19,8;19,5;18,4;17,8;94;90;93;76;2;1;
2026/05/05;0000 UTC;0;998,2;998,3;998;0;19,7;18,7;19,9;19,5;19;18,3;96;94;95;53;1,9;1,4;
2026/05/05;0100 UTC;0;998,3;998,4;998,1;0;20,2;19,2;20,4;19,8;19,3;19;96;94;95;55;2,9;1,7;
2026/05/05;0200 UTC;0;998,6;998,8;998,3;0;20,2;19,3;20,3;20,1;19,4;19,1;96;94;95;134;1,1;,5;
2026/05/05;0300 UTC;0;999;999,1;998,9;0;20,1;19,2;20,2;20;19,3;19,1;96;95;96;96;1,4;1;
2026/05/05;0400 UTC;0;999;999,1;999;0;20;19,1;20,1;19,8;19,2;18,9;96;95;96;100;1,6;1,1;
2026/05/05;0500 UTC;0;998,9;999;998,9;0;19,9;19,1;20;19,9;19,2;18,9;96;95;96;53;1,9;,5;
2026/05/05;0600 UTC;0;998,9;999;998,7;0;19,1;18,5;19,9;18,1;19,2;17,7;99;95;97;170;,9;,5;
2026/05/05;0700 UTC;;;;;;;;;;;;;;;;;;
2026/05/05;0800 UTC;0;998,4;998,5;998,4;0;19,5;19;20,4;18,9;19,3;18,7;99;95;97;131;2,1;,8;
2026/05/05;0900 UTC;0;998,7;998,9;998,4;0;20,1;19;20,6;19,5;19,4;18,3;97;92;94;158;,8;,3;
2026/05/05;1000 UTC;0;999,1;999,4;998,9;0;18,8;18,2;19,5;18,1;18,9;17,6;99;94;97;202;1,5;,7;
2026/05/05;1100 UTC;0;999,7;1000,1;999,4;85,2;19,4;19,1;20,5;18,3;19,9;18,2;100;96;98;201;,8;,2;
2026/05/05;1200 UTC;0;1000,6;1001;1000,1;775,7;23,2;19,9;24,6;20,6;20,3;19,5;96;77;84;155;2,7;1,4;
2026/05/05;1300 UTC;0;1001,5;1001,9;1001;1374,8;25;20;26,1;24,1;20,6;19,7;80;71;75;298;3,9;2,1;
2026/05/05;1400 UTC;;;;;;;;;;;;;;;;;;
2026/05/05;1500 UTC;0;1001,9;1002;1001,7;2317,9;29;21,5;29,9;28,2;22,3;20,9;67;58;63;318;6,9;3,6;
2026/05/05;1600 UTC;0;1001,5;1001,7;1001,2;2356;30,4;21,8;30,9;29,7;22,3;21,3;61;54;57;294;5,6;3,3;
2026/05/05;1700 UTC;0;1000,9;1001,2;1000,6;2231,9;31,3;22,1;31,6;30,7;22,6;21,4;57;52;54;286;4,9;2,7;
2026/05/05;1800 UTC;0;1000,5;1000,7;1000,3;1719,3;31,4;21,9;31,8;30,5;22,4;21,3;56;50;52;261;3,4;1,5;
2026/05/05;1900 UTC;0;1000,2;1000,4;1000;1254,7;31,3;21,8;31,6;30,5;22,2;21,3;56;50;52;223;4,4;2;
2026/05/05;2000 UTC;0;1000;1000;999,9;823,2;31,3;21,8;31,6;30,9;22,2;21,4;56;50;53;215;2,6;1;
2026/05/05;2100 UTC;0;999,9;1000,1;999,7;137,4;29,6;21,5;30,9;28,4;22,3;21;63;54;59;92;1,3;,8;
2026/05/05;2200 UTC;0;999,6;999,7;999,5;0;26,9;20,9;28,4;26,1;21,3;20,6;74;64;70;62;2,1;1,2;
2026/05/05;2300 UTC;0;999,6;999,7;999,5;0;25,2;20,5;26,2;24,3;20,6;20,4;81;72;77;71;2,8;1,2;
2026/05/06;0000 UTC;0;999,6;999,8;999,5;0;23,6;20,4;24,6;23;20,5;20,2;86;79;84;48;2,4;1,8;
2026/05/06;0100 UTC;0;999,5;999,7;999,4;0;22,4;20,2;22,8;22,3;20,3;20,1;90;87;89;64;2;1;
2026/05/06;0200 UTC;0;999,5;999,7;999,3;0;22,2;19,9;22,4;21,8;20,2;19,7;91;87;89;50;2,2;1,6;
2026/05/06;0300 UTC;0;999,2;999,4;999,1;0;21,8;19,4;22,4;21,6;19,7;19,2;90;86;88;60;2,6;1,7;
2026/05/06;0400 UTC;0;999,4;999,6;999,2;0;22,1;19;22,3;21,9;19,2;18,9;87;84;85;67;1,7;,9;
2026/05/06;0500 UTC;0;999,9;1000,2;999,5;0;22;18,8;22,3;21,8;19;18,6;85;82;84;81;2;1,1;
2026/05/06;0600 UTC;0;1000,4;1000,6;1000,1;0;21,7;18,9;22,2;21,2;19;18,7;89;83;86;92;1,6;,8;
2026/05/06;0700 UTC;;;;;;;;;;;;;;;;;;
2026/05/06;0800 UTC;0;999,5;999,9;999,2;0;21,4;18,4;21,7;21,2;18,5;18,2;86;83;85;70;2,1;1,2;
2026/05/06;0900 UTC;0;999;999,2;998,9;0;21;18,2;21,4;20;18,3;18,1;92;84;86;172;1,5;,8;
2026/05/06;1000 UTC;0;999,2;999,4;999;0;20,8;18,3;21,1;20;18,3;18,2;92;86;87;60;2,1;1;
2026/05/06;1100 UTC;0;999,6;999,8;999,4;85;21;18,5;22,4;20,7;18,9;18,2;89;83;87;57;4;2,5;
2026/05/06;1200 UTC;0;1000,3;1000,6;999,9;571,9;23,8;19,5;25;22,4;20,2;18,9;83;74;78;58;2,4;1,4;
2026/05/06;1300 UTC;0;1000,8;1001;1000,6;1195,9;26,2;20,4;27,6;25;21,3;19,9;78;67;71;169;2,9;1,4;
2026/05/06;1400 UTC;0;1001,1;1001,2;1000,9;1562,3;28,3;21;29,2;27,5;21,6;20,5;66;61;63;219;5,2;1,6;
2026/05/06;1500 UTC;0;1000,8;1001,1;1000,5;1477,8;29,1;21,6;29,6;28,5;22,5;21,1;65;60;62;159;3,8;1,7;
2026/05/06;1600 UTC;0;999,9;1000,6;999,4;1948,7;29,9;22;31;28,9;22,8;21,3;63;56;60;100;6,5;2,7;
2026/05/06;1700 UTC;0;998,9;999,4;998,4;2051,3;31;22,3;31,3;30,5;22,7;22;59;54;56;257;6,5;3,2;
2026/05/06;1800 UTC;0;998;998,4;997,7;1929,1;31,5;22,3;32,3;30,6;22,8;21,7;57;49;54;216;4,7;2,2;
2026/05/06;1900 UTC;0;997,3;997,7;996,8;1286,8;31,5;21,9;32;31;22,3;21,4;54;49;52;125;5;2,6;
2026/05/06;2000 UTC;0;996,6;996,9;996,4;747,6;30,9;21,7;31,2;30;22,1;20,9;55;52;54;81;6,5;3,1;
2026/05/06;2100 UTC;;;;;;;;;;;;;;;;;;
2026/05/06;2200 UTC;0;996;996;995,9;0;27,9;20,4;28,8;26,6;20,7;20,1;68;59;62;35;3,9;2,1;
2026/05/06;2300 UTC;0;995,7;996;995,5;0;25,6;20,1;26,6;24,5;20,3;19,9;79;68;72;54;3,2;2,2;
2026/05/07;0000 UTC;0;995,5;995,7;995,3;0;24,3;20,1;24,5;24,1;20,4;20;80;78;79;42;3,8;2,6;
2026/05/07;0100 UTC;0;995;995,3;994,8;0;24,8;20,2;25,4;24,1;20,3;20,1;80;75;77;43;5,2;3,5;
2026/05/07;0200 UTC;0;994,8;995;994,7;0;24,3;20,1;25,2;23,8;20,2;19,9;82;75;79;50;3,8;2,4;
2026/05/07;0300 UTC;0;994,5;994,7;994,2;0;24;19,8;24,1;23,9;20;19,6;80;78;79;44;3,7;2,3;
2026/05/07;0400 UTC;0;994;994,3;993,8;0;24,5;19,6;25,5;24;19,7;19,5;78;70;76;33;5,5;3,1;
2026/05/07;0500 UTC;0;993,6;993,8;993;0;25,5;19,3;25,7;25,2;19,6;19;71;68;69;28;5,4;3,4;
2026/05/07;0600 UTC;0;992,5;993;992;0;26;19;27;25,3;19,3;18,9;69;61;65;113;7,5;3,7;
2026/05/07;0700 UTC;;;;;;;;;;;;;;;;;;
2026/05/07;0800 UTC;0;990,8;991,2;990,2;0;27,2;18,8;27,4;27;19;18,6;59;57;58;163;10;5,3;
2026/05/07;0900 UTC;0;989,9;990,4;989,3;0;27,2;18,5;27,3;27;18,7;18,4;58;56;57;186;9,8;5,3;
2026/05/07;1000 UTC;0;989;989,4;988,6;0;27,3;18,4;27,6;27,1;18,5;18,3;57;54;55;189;13,3;5,7;
2026/05/07;1100 UTC;0;989,6;989,9;989;26,2;27,2;18,3;27,4;26,9;18,4;18,1;57;54;55;182;11,2;4,7;
2026/05/07;1200 UTC;0;990,1;990,4;989,4;228,1;26,9;18,4;27,1;26,7;18,7;18,2;59;56;58;199;12;6,1;
2026/05/07;1300 UTC;0;989,5;989,9;988,9;645,7;26,9;18,8;27,3;26,8;19,1;18,6;60;58;59;146;10,8;5,6;
2026/05/07;1400 UTC;0;988,6;989,1;988;1701,9;28,7;19,5;29,8;27,3;20;18,9;59;50;54;231;13,4;5,6;
2026/05/07;1500 UTC;0;987,4;988;986,8;2198,2;30,3;19,9;31;29,8;20,2;19,5;51;44;48;215;12,9;6,3;
2026/05/07;1600 UTC;0;986,5;987,3;985,9;2516,4;31,2;20,1;31,6;30,7;20,4;19,8;47;42;44;212;14,5;7,1;
2026/05/07;1700 UTC;0;985,9;986,1;985,5;2703,3;31,9;20,2;32,2;31,5;20,8;19,9;45;40;42;278;13,3;6,7;
2026/05/07;1800 UTC;0;985;985,6;984,5;2283,1;31,7;20,1;32;31,3;20,6;19,6;45;39;42;223;13,8;6,7;
2026/05/07;1900 UTC;0;984,6;984,8;984,2;1496,4;31,2;19,6;31,6;30,2;20,2;18,8;44;39;42;284;15,1;6,5;
2026/05/07;2000 UTC;0;984,4;984,6;983,7;222,1;29,7;18,8;30,2;29,3;19,1;18,5;48;44;46;197;13,5;5,8;
2026/05/07;2100 UTC;0;983,4;983,8;982,8;43,3;28,9;18,7;29,4;28,1;18,9;18,5;52;47;49;160;9,7;5,5;
2026/05/07;2200 UTC;1,6;983,8;984,5;982,9;1,9;24,2;19,5;28,2;21,1;20,3;18,5;96;52;77;280;7,1;3,7;
2026/05/07;2300 UTC;8,2;984,3;986;983,6;0;20,8;20,2;21,1;20,4;20,4;19,9;99;95;97;289;11,9;5,5;
2026/05/08;0000 UTC;3,5;985,4;986,7;984,5;,1;19,5;19;20,4;18,9;20;18,4;98;96;97;295;7,5;3,4;
2026/05/08;0100 UTC;4,7;986,5;988,3;982,2;1,4;17,4;16,4;18,9;16,1;18,5;15,1;98;92;95;158;10,6;6;
2026/05/08;0200 UTC;2,1;988,2;988,8;985,3;0;16,4;15,7;16,6;16,2;16,3;14,8;99;91;96;280;7,7;3,2;
2026/05/08;0300 UTC;3,1;989,7;991;988,3;,9;14,8;13,3;16,1;13,9;14,9;12,5;97;87;93;268;11,5;6,6;
2026/05/08;0400 UTC;1;990,3;991,2;989,6;0;13,8;13,2;14;13,7;13,5;13;98;96;97;303;4,8;2,9;
2026/05/08;0500 UTC;,8;989,9;990,3;989,3;0;13,7;13,1;13,8;13,6;13,4;12,6;98;94;97;287;6,9;3;
2026/05/08;0600 UTC;,2;990,2;990,5;989,9;0;13,7;12,4;13,8;13,6;12,8;11,9;95;91;93;288;8;3,3;
2026/05/08;0700 UTC;0;990,6;991,1;990,2;0;13,6;11,5;13,8;13,3;12,3;10,4;93;85;90;275;8;5,4;
2026/05/08;0800 UTC;0;991,5;991,8;991,1;0;12,4;10;13,3;11,7;11,2;9,1;90;85;88;289;6,4;3,1;
2026/05/08;0900 UTC;0;991,9;992,2;991,6;0;11,2;9,3;11,6;11;9,7;9;92;90;91;292;6,6;2,3;
2026/05/08;1000 UTC;0;992,2;992,5;992,1;0;10,9;8,6;11,1;10,7;9,1;8,3;90;87;89;300;6,8;3,2;
2026/05/08;1100 UTC;0;992,6;992,7;992,4;52,6;11;8;11,5;10,7;8,3;7,7;88;82;85;309;7,8;4,7;
2026/05/08;1200 UTC;0;993,3;994,1;992,7;768,3;12,2;8,3;12,9;11,5;8,8;7,9;84;76;80;303;10;5,1;
2026/05/08;1300 UTC;0;994,6;995;994,1;1480,3;13,7;8,2;14,4;12,9;9,5;7,3;79;67;73;296;10,1;4,4;
2026/05/08;1400 UTC;0;995,2;995,4;994,6;2186,7;15;6,3;15,8;14,2;8,2;4,7;70;46;57;297;10,5;4,8;
2026/05/08;1500 UTC;0;994,9;995,3;994,6;1822,3;15,2;5,6;16,2;14,3;6,6;4,6;58;49;52;309;11,3;6,1;
2026/05/08;1600 UTC;0;994,4;994,8;994;1942,1;15,8;6,2;16,8;14,9;7,5;5,2;58;48;52;288;11,2;5,2;
2026/05/08;1700 UTC;0;993,7;994,1;993,2;2353,5;16,9;7,1;17,7;15,9;8,4;6,3;56;48;51;297;13;6;
2026/05/08;1800 UTC;0;993,3;993,5;993,1;1967,1;17,1;7,3;17,6;16,5;8,4;6,3;56;47;51;283;10;6,6;
2026/05/08;1900 UTC;0;993,2;993,4;993;1366,7;16,6;6,7;17;16,2;7,2;6,1;53;47;50;284;11,4;6,2;
2026/05/08;2000 UTC;0;993,5;993,6;993,2;794,3;15,9;6,6;16,5;15,2;7,3;5,9;58;49;54;268;8,5;6,2;
2026/05/08;2100 UTC;;;;;;;;;;;;;;;;;;
2026/05/08;2200 UTC;0;994,1;994,4;993,8;0;12,4;6,7;13,3;11,9;7,2;6,1;77;66;71;270;3,5;2,6;
2026/05/08;2300 UTC;0;994,8;995,2;994,4;0;11,1;6,7;11,9;10,2;7,5;5,9;83;73;78;275;4,6;3,3;
2026/05/09;0000 UTC;0;995,6;995,9;995,3;0;9,7;6,3;10,8;8,9;6,5;5,8;87;77;83;273;3,1;2,2;
2026/05/09;0100 UTC;0;996,1;996,3;995,8;0;8,8;5,4;9;8,3;6;5;86;80;83;261;3;2,3;
2026/05/09;0200 UTC;0;996,5;997,1;996,3;0;8,2;5,3;8,6;7,6;6;4,9;90;83;86;257;2,3;1,9;
2026/05/09;0300 UTC;0;996,7;997;996,5;0;7,5;5,1;7,7;7,4;5,3;4,6;89;86;88;255;3,6;2,7;
2026/05/09;0400 UTC;0;996,8;997,3;996,1;0;7,9;4,8;8,2;7,6;5,1;4,3;87;81;85;265;4;3;
2026/05/09;0500 UTC;0;997,8;998,4;997,3;0;8,1;4,9;8,2;7,9;5,3;4,3;87;80;84;282;3,7;1,9;
2026/05/09;0600 UTC;0;998,4;998,6;998,1;0;7,9;4,9;8;7,7;5,2;4,6;87;84;85;275;3,1;1,6;
2026/05/09;0700 UTC;0;998,6;998,9;998,2;0;8,5;4,9;8,7;7,8;5,3;4,4;87;78;82;279;3,7;2,2;
2026/05/09;0800 UTC;0;998,8;999;998,5;0;8,5;5;8,7;8,2;5,5;4,5;86;79;83;274;4,2;2,8;
2026/05/09;0900 UTC;0;998,5;998,8;998,3;0;7,6;5,1;8,4;7,1;5,5;4,6;92;82;88;307;2,7;1,7;
2026/05/09;1000 UTC;0;999;999,3;998,8;0;7;4,9;7,7;6,4;5,5;4,1;93;82;90;321;2,6;1,4;
2026/05/09;1100 UTC;0;999,8;1000,5;999,3;76,6;8,2;4,2;9,2;7,7;4,8;3,7;83;75;80;325;3,8;2,3;
2026/05/09;1200 UTC;0;1001;1001,3;1000,6;661,5;10,3;4;11,6;9,2;4,8;3,4;76;61;69;318;4,8;2,5;
2026/05/09;1300 UTC;0;1001,5;1001,8;1001,1;1481,8;12,9;3,8;14,3;11,6;4,7;2,9;60;43;54;318;6,3;3,9;
2026/05/09;1400 UTC;0;1001,9;1002,1;1001,6;1990,8;15;3;15,9;14,3;3,7;2,1;47;35;40;289;6,7;3,6;
2026/05/09;1500 UTC;0;1002,2;1002,8;1001,7;1299,5;14,7;3,6;15,5;14,3;5,5;2,1;55;36;44;262;10,4;7,1;
2026/05/09;1600 UTC;;;;;;;;;;;;;;;;;;
2026/05/09;1700 UTC;0;1002,3;1002,5;1002,2;2563,1;15,4;4,8;15,9;14,6;5,6;3,9;51;42;47;279;9,2;5,7;
2026/05/09;1800 UTC;0;1002,1;1002,3;1001,9;2040,9;15,5;5,1;15,8;15,2;5,9;4,4;52;45;48;264;9;6,1;
2026/05/09;1900 UTC;0;1002,3;1002,6;1001,9;1511,5;15,2;5,8;15,8;14,7;6,2;5,3;56;49;53;264;9,6;7,1;
2026/05/09;2000 UTC;0;1002,5;1002,8;1002,2;871,4;13,7;5,6;14,7;12,9;6,3;5;63;55;59;237;10,9;6,7;
2026/05/09;2100 UTC;;;;;;;;;;;;;;;;;;
2026/05/09;2200 UTC;0;1003,6;1003,9;1003,4;0;11,2;5,3;11,3;11,2;5,7;4,8;72;68;70;261;6,5;4,8;
2026/05/09;2300 UTC;0;1004,2;1004,6;1003,9;0;11,1;5,9;11,2;11;6,3;5,3;76;71;74;277;5,9;3,9;
2026/05/10;0000 UTC;0;1005,1;1005,5;1004,4;0;10,8;5,8;11;10,7;6,1;5,4;77;73;75;298;4,6;1,9;
2026/05/10;0100 UTC;0;1005,9;1006,5;1005,5;0;10,6;6;10,7;10,5;6,4;5,5;79;74;77;274;6,1;4;
2026/05/10;0200 UTC;0;1006,7;1006,9;1006,5;0;10,4;6,4;10,5;10,2;6,9;6;83;77;80;270;5,8;4,1;
2026/05/10;0300 UTC;0;1006,8;1007;1006,4;0;10,1;6,7;10,2;9,7;7;6,4;86;81;83;276;5,5;3,8;
2026/05/10;0400 UTC;0;1007;1007,1;1006,9;0;9;7;9,6;8,4;7,5;6,7;95;85;90;303;5;2,2;
2026/05/10;0500 UTC;0;1007,1;1007,2;1007;0;8,9;7;9,1;8,8;7,3;6,7;92;90;91;281;5,2;2,9;
2026/05/10;0600 UTC;0;1006,8;1007;1006,7;0;9;6,9;9;8,9;7,3;6,6;92;88;90;293;5;2;
2026/05/10;0700 UTC;0;1006,5;1006,7;1006,2;0;9;6,9;9,1;9;7,2;6,7;91;88;89;284;5,9;3;
2026/05/10;0800 UTC;0;1005,8;1006,2;1005,6;0;8,8;6,9;9,1;8,6;7,1;6,6;92;88;90;263;6,4;4,9;
2026/05/10;0900 UTC;0;1006,2;1006,4;1005,8;0;8,5;7;8,8;8,1;7,2;6,8;94;90;92;271;6,3;4,5;
2026/05/10;1000 UTC;0;1006,5;1006,7;1006,4;0;8;6,7;8,2;7,6;7,1;6,4;95;92;94;289;5,6;1,8;
2026/05/10;1100 UTC;0;1006,6;1006,8;1006,4;90,6;7,6;6,6;8;7,4;7;6,3;97;92;95;291;4,9;2,6;
2026/05/10;1200 UTC;0;1007,2;1007,4;1006,8;529,7;8,6;6,5;9,2;8;6,9;6,1;93;86;89;276;6,2;3,9;
2026/05/10;1300 UTC;0;1007,7;1007,9;1007,5;1067,2;9,4;6,2;10,1;8,7;6,9;5,9;87;80;84;275;6,4;3,5;
2026/05/10;1400 UTC;0;1007,9;1007,9;1007,7;1422,2;10,7;6,1;11,7;10;6,8;4,8;83;70;77;263;6,2;2,9;
2026/05/10;1500 UTC;0;1007,6;1007,9;1007,4;2053,7;12,3;5,6;13,7;11,2;6,4;4,8;74;60;67;287;6;3;
2026/05/10;1600 UTC;;;;;;;;;;;;;;;;;;
2026/05/10;1700 UTC;0;1006,6;1006,8;1006,4;2624,4;14,4;5,1;15,3;13,5;6;4,2;59;50;54;287;7,2;3,4;
2026/05/10;1800 UTC;0;1006,2;1006,4;1006;1394;13,9;4,9;15,1;13,1;5,8;4,3;60;48;55;282;5,8;3;
2026/05/10;1900 UTC;0;1006,1;1006,2;1006;1521,3;14,5;4,7;15,5;13,4;6;3,9;56;48;51;284;7;4,2;
2026/05/10;2000 UTC;0;1006,1;1006,2;1005,9;870;14;4,6;14,9;13,5;5,3;4,1;55;48;53;283;6,9;3,7;
2026/05/10;2100 UTC;;;;;;;;;;;;;;;;;;
2026/05/10;2200 UTC;0;1006;1006,1;1005,9;0;9,7;5,1;11;8,5;5,6;4,6;84;68;77;301;2,8;1,1;
2026/05/10;2300 UTC;0;1006,2;1006,5;1005,8;0;8,3;5;8,4;8,1;5,3;4,9;85;83;84;285;2,2;,9;
2026/05/11;0000 UTC;0;1006,5;1006,7;1006,4;0;7,8;4,8;8,1;7,7;5,3;4,5;87;83;85;273;2,2;1,5;
2026/05/11;0100 UTC;0;1006,8;1006,9;1006,7;0;7,5;4,6;7,9;7,2;4,7;4,4;88;83;86;280;3,8;1,8;
2026/05/11;0200 UTC;0;1007;1007,2;1006,8;0;7,1;4,6;7,9;6,6;4,8;4,4;90;83;87;282;3;1,7;
2026/05/11;0300 UTC;0;1006,8;1007;1006,7;0;6,6;4,6;7,2;6,2;5;4,3;92;86;90;282;3;1,5;
2026/05/11;0400 UTC;0;1006,6;1006,7;1006,4;0;6,1;4,5;6,6;5,8;4,7;4,1;93;90;92;324;2,3;1,5;
2026/05/11;0500 UTC;0;1006,5;1006,5;1006,4;0;5,7;4,4;5,9;5,6;4,7;4,1;94;92;93;309;2,1;1,4;
2026/05/11;0600 UTC;0;1006,2;1006,4;1006;0;5,3;4,2;5,8;5;4,7;3,9;97;92;95;314;1,8;,8;
2026/05/11;0700 UTC;0;1005,7;1006;1005,3;0;5;4,4;5,3;4,7;4,7;4,1;98;96;97;285;1,4;,5;
2026/05/11;0800 UTC;0;1005,3;1005,5;1005,2;0;5;4,5;5,2;4,8;4,8;4,1;98;96;98;325;1,7;,7;
2026/05/11;0900 UTC;0;1005,4;1005,5;1005,3;0;5;4,2;5,2;4,9;4,5;3,7;97;94;96;331;1,9;1,3;
2026/05/11;1000 UTC;0;1005,6;1005,7;1005,4;0;5,1;3,7;5,2;4,8;4,1;3,4;96;91;93;313;2,2;1,1;
2026/05/11;1100 UTC;0;1005,7;1006;1005,6;41,8;5,4;3,4;6,5;4,8;3,8;3,1;94;84;90;327;2,9;1,8;
2026/05/11;1200 UTC;0;1006,4;1006,8;1006;834,5;7,8;4,4;9,1;6,5;5,5;3,4;87;79;83;325;3,6;2,5;
2026/05/11;1300 UTC;0;1007;1007,3;1006,8;1515,5;10,9;5,2;12;9,2;6;4,4;80;65;71;300;5,7;2,9;
2026/05/11;1400 UTC;0;1007,3;1007,4;1007,2;2038,3;12,8;5,3;14,1;11,9;5,9;4,7;69;55;62;298;5,7;3;
2026/05/11;1500 UTC;0;1007,4;1007,4;1007,3;2408,9;14,3;5,1;14,9;13,8;5,8;4,5;58;49;54;276;6;4;
2026/05/11;1600 UTC;0;1007,1;1007,3;1006,8;2552,7;15,2;5,3;16;14,6;6,1;4,6;55;47;51;277;8,1;3,5;
2026/05/11;1700 UTC;0;1006,5;1006,9;1006,1;2457,5;16,3;5,8;16,7;15,8;7;5;52;45;48;285;6,6;3,4;
2026/05/11;1800 UTC;0;1005,9;1006,1;1005,8;2106;16,7;5,8;17,4;16,3;6,7;5,1;49;43;45;290;6,7;3,1;
2026/05/11;1900 UTC;0;1005,8;1005,9;1005,7;1529,4;17,3;6,2;17,5;16,9;6,9;5,3;49;41;45;285;5,5;3,4;
2026/05/11;2000 UTC;0;1005,8;1006;1005,7;855;16,8;5,8;17,2;16,2;6,6;5;48;42;45;282;5,4;2,8;
2026/05/11;2100 UTC;0;1005,7;1005,8;1005,4;153,9;14,5;6;16,2;12,6;6,6;5,4;68;46;58;266;1,7;1,1;
2026/05/11;2200 UTC;0;1005,3;1005,4;1005,1;0;11,8;6;12,5;11,2;7,2;5,3;77;66;71;232;1,1;,6;
2026/05/11;2300 UTC;0;1005,2;1005,2;1005,1;0;10,7;5,2;11,2;10,4;5,7;4,8;76;70;73;212;1,2;,6;
2026/05/12;0000 UTC;0;1005,3;1005,4;1005,2;0;9,6;6;10,4;9,2;7,3;5,1;89;76;82;46;2,6;1,5;
2026/05/12;0100 UTC;0;1005,4;1005,5;1005,3;0;9;6,1;9,2;8,3;6,4;5,7;89;83;86;36;2,2;1,3;
2026/05/12;0200 UTC;0;1005,3;1005,4;1005,2;0;8,3;6,1;8,9;7,8;6,5;5,7;93;84;89;48;1,8;1,4;
2026/05/12;0300 UTC;0;1005,1;1005,2;1004,9;0;7,9;6,2;8,2;7,6;6,5;5,9;93;91;92;21;1,7;1,2;
2026/05/12;0400 UTC;0;1004,8;1004,9;1004,7;0;7,3;6;7,8;6,7;6,4;5,6;98;91;94;35;1,2;,8;
2026/05/12;0500 UTC;0;1004,6;1004,7;1004,5;0;7,1;5,9;7,5;6,7;6,4;5,6;97;91;94;106;1,5;,8;
2026/05/12;0600 UTC;0;1004,3;1004,5;1004;0;6,8;5,7;7,2;6,4;6;5,4;96;92;95;57;1,2;,8;
2026/05/12;0700 UTC;0;1003,7;1004;1003,3;0;6,4;5,3;6,7;5,7;5,6;5,1;97;94;95;43;2,1;1,8;
2026/05/12;0800 UTC;0;1003,3;1003,4;1003,2;0;5,3;5;5,8;5;5,5;4,6;100;97;98;40;1,9;1;
2026/05/12;0900 UTC;0;1003,2;1003,3;1003,1;0;5,6;5;5,9;5,2;5,4;4,6;99;96;97;123;1,7;1;
2026/05/12;1000 UTC;0;1003,3;1003,4;1003,2;0;5,3;4,5;5,7;4,7;4,8;3,9;98;95;96;33;2,2;1,3;
2026/05/12;1100 UTC;0;1003,5;1003,7;1003,3;40,3;5,4;4,5;6,4;4,7;4,9;4;98;91;96;41;2,7;1,4;
2026/05/12;1200 UTC;0;1004,1;1004,3;1003,7;643,5;8,1;4,9;9,4;6,5;5,6;3,8;91;77;84;323;2,8;1,8;
2026/05/12;1300 UTC;0;1004,5;1004,7;1004,3;1823,2;11,1;5,6;12,4;9,5;6,7;4,6;81;66;72;298;3,9;2,4;
2026/05/12;1400 UTC;0;1004,5;1004,6;1004,2;2001,4;14;6,3;15,3;12,5;7;5,5;68;56;62;316;6,3;3,7;
2026/05/12;1500 UTC;0;1004,1;1004,3;1004;2394,6;16,4;6,8;17,2;15,2;7,6;6,2;56;47;52;310;4,9;2,7;
2026/05/12;1600 UTC;;;;;;;;;;;;;;;;;;
2026/05/12;1700 UTC;0;1002,9;1003,5;1002,3;2424,1;19,2;8,1;19,8;18,7;8,9;7,1;48;41;44;288;7;2,9;
2026/05/12;1800 UTC;0;1002,1;1002,4;1001,8;2061,2;19,9;8,3;20,3;19,5;9;7,8;45;40;42;286;5,5;2,8;
2026/05/12;1900 UTC;0;1001,6;1001,8;1001,4;1481,6;20,3;8,9;20,6;19,9;9,5;8,3;46;40;43;297;6;2,7;
2026/05/12;2000 UTC;0;1001,1;1001,4;1000,9;814,2;20;9,2;20,6;19,1;10;8,6;51;41;46;262;3,6;2,5;
2026/05/12;2100 UTC;0;1000,6;1000,9;1000,3;149,2;17;8,8;19;14,9;9,4;8;66;49;59;247;2,1;1,4;
2026/05/12;2200 UTC;;;;;;;;;;;;;;;;;;
2026/05/12;2300 UTC;0;1000,1;1000,3;1000;0;12,4;7,5;13;11,9;8,3;7,1;81;72;75;263;1,7;,8;
2026/05/13;0000 UTC;0;1000,3;1000,5;1000,1;0;11,7;6,9;12,5;11,3;7,8;6,5;82;73;76;324;1,4;1;
2026/05/13;0100 UTC;0;1000,8;1001;1000,5;0;11,3;6,9;11,6;10,8;7,1;6,8;81;76;78;204;2,5;1,1;
2026/05/13;0200 UTC;0;1001,1;1001,3;1001;0;11,1;7,1;11,5;10,7;7,2;7;82;78;80;256;1,5;,8;
2026/05/13;0300 UTC;0;1001,2;1001,4;1001;0;9,7;7,1;10,7;8,9;7,5;6,9;91;82;87;109;1;,3;
2026/05/13;0400 UTC;0;1001;1001,2;1000,9;0;9,5;6,9;9,7;9,2;7,4;6,3;91;84;87;306;2,6;1,3;
2026/05/13;0500 UTC;0;1001,5;1001,6;1001,2;0;8,5;6,7;9,4;7,9;7,2;6,2;96;85;91;249;1,1;,9;
2026/05/13;0600 UTC;0;1001,1;1001,4;1000,9;0;8,5;6,3;8,6;8,1;6,5;6;91;88;89;245;1,5;,5;
2026/05/13;0700 UTC;0;1000,7;1001;1000,5;0;8,1;6,3;8,6;7,5;6,8;6,1;95;88;91;45;1,1;,7;
2026/05/13;0800 UTC;0;1000,6;1000,7;1000,5;0;7,2;6,6;7,5;7;7;6,3;99;95;97;36;1,7;,8;
2026/05/13;0900 UTC;0;1000,9;1001,2;1000,7;0;7,2;6,3;7,4;6,7;6,9;5,8;97;94;95;48;1,6;,7;
2026/05/13;1000 UTC;0;1001,4;1001,5;1001,1;0;6,2;5,9;6,6;5,9;6,3;5,5;99;96;98;39;2,3;1,8;
2026/05/13;1100 UTC;0;1001,7;1002;1001,3;46,1;6;5,8;6,6;5,8;6,4;5,4;100;98;99;28;1,6;1,2;
2026/05/13;1200 UTC;0;1002,3;1002,5;1002;530,6;9,2;7;10,8;6,7;7,9;6,4;99;81;89;131;2;1,1;
2026/05/13;1300 UTC;0;1002,7;1002,9;1002,5;1368,7;12,6;8,2;14,2;10,8;9,4;7;84;72;78;323;2,7;1,9;
2026/05/13;1400 UTC;0;1003;1003,2;1002,9;1923,5;15,8;9;17,1;14,3;9,7;8,3;75;59;66;293;3,3;2;
2026/05/13;1500 UTC;0;1002,8;1003;1002,4;2328,8;17,9;9;18,8;16,9;10,1;7,9;63;48;56;272;3,9;2,1;
2026/05/13;1600 UTC;0;1002,3;1002,4;1002,1;2486,9;19;8,8;20;18,3;10;8,1;55;46;49;234;2,6;1,3;
2026/05/13;1700 UTC;0;1001,9;1002,1;1001,8;2371,4;20,1;9,4;20,5;19,6;10,3;8,8;53;44;47;253;2,5;1,3;
2026/05/13;1800 UTC;0;1001,4;1001,8;1001,1;2019,6;20,5;9,1;20,7;20,3;9,9;8,4;47;39;43;259;3,8;1,5;
2026/05/13;1900 UTC;0;1001;1001,1;1000,9;1460,7;21;9,2;21,5;20,7;9,8;8,7;45;37;41;285;2,7;1,4;
2026/05/13;2000 UTC;0;1001;1001;1000,9;795,4;20,6;8,9;21,1;20;9,6;8,2;47;36;41;257;2;1,4;
2026/05/13;2100 UTC;0;1000,7;1001;1000,4;133;18,4;8,9;20;16,2;9,8;8;60;44;52;196;1,4;,9;
2026/05/13;2200 UTC;0;1000,3;1000,4;1000,2;0;15,4;7,3;16,2;14,9;7,9;7;61;58;59;179;1,6;1,1;
2026/05/13;2300 UTC;0;1000,3;1000,5;1000,2;0;14,8;7,2;15,7;12,9;8,5;6,5;77;55;62;91;1,1;,7;
2026/05/14;0000 UTC;0;1000,5;1000,6;1000,4;0;11,8;8,6;13,1;11,3;9;7,3;88;72;84;106;2,4;1,1;
2026/05/14;0100 UTC;0;1000,4;1000,5;1000,3;0;11,4;8,6;12,2;10,4;9;8,3;92;81;86;39;2,4;1,9;
2026/05/14;0200 UTC;0;1000,2;1000,4;1000,1;0;10,4;8,9;10,7;10,1;9,1;8,6;94;91;92;40;1,5;1,2;
2026/05/14;0300 UTC;0;999,8;1000,1;999,5;0;9,7;8,6;10,4;9,1;8,9;8,1;97;92;94;51;2,5;1,8;
2026/05/14;0400 UTC;0;999,6;999,7;999,5;0;8,9;8,4;9,1;8,8;8,8;8,1;99;96;98;126;1,7;1;
2026/05/14;0500 UTC;0;999,8;999,8;999,6;0;8,6;8,2;9,1;8,4;8,5;7,9;99;96;98;70;,7;,4;
2026/05/14;0600 UTC;0;999,6;999,9;999,5;0;8;7,6;9,1;7,3;8,3;6,9;100;95;98;62;1,3;,8;
2026/05/14;0700 UTC;0;999,9;1000,1;999,7;0;7,4;7,5;7,6;7,1;7,7;7,2;100;100;100;42;1,9;1,1;
2026/05/14;0800 UTC;0;1000,1;1000,1;1000;0;7,2;7,3;7,6;6,9;7,6;7;100;100;100;199;,9;,7;
2026/05/14;0900 UTC;0;1000,2;1000,4;1000,1;0;7;7,1;7,6;6,5;7,6;6,6;100;100;100;55;1,5;1;
2026/05/14;1000 UTC;0;1000,8;1000,9;1000,4;0;6,7;6,8;7,3;6,3;7,4;6,4;100;100;100;75;2,1;1,2;
2026/05/14;1100 UTC;0;1001,5;1001,9;1000,9;47,6;6,1;6,2;6,9;5,7;7;5,8;100;100;100;94;1,7;1,1;
2026/05/14;1200 UTC;0;1002,2;1002,6;1001,9;564,8;8,5;7,7;10;6,9;8,5;7;100;90;96;191;4,1;1,9;
2026/05/14;1300 UTC;0;1002,8;1003;1002,5;1429,6;11,4;9,4;13,6;9,9;10,5;8,4;95;81;90;56;2,7;1,5;
2026/05/14;1400 UTC;0;1003,2;1003,6;1003;1983,9;14,7;10,3;16;13,6;10,9;9,8;84;73;78;130;4,4;1,6;
2026/05/14;1500 UTC;0;1002,8;1003,2;1002,5;2087,4;17,3;11,1;18,5;16;12,1;9,9;78;58;69;117;4,9;2,3;
2026/05/14;1600 UTC;;;;;;;;;;;;;;;;;;
2026/05/14;1700 UTC;0;1002;1002,3;1001,7;2251,6;19,7;11,4;20,1;19,2;11,9;10,8;63;56;58;169;5,6;2,6;
2026/05/14;1800 UTC;0;1001,7;1001,8;1001,7;2043,6;20,1;11;20,4;19,6;11,9;10,5;60;52;55;160;3,2;1,7;
2026/05/14;1900 UTC;0;1001,8;1001,9;1001,7;1460,5;20,3;11;20,6;20;11,6;10,4;56;50;54;165;5;2,4;
2026/05/14;2000 UTC;0;1001,9;1002;1001,7;758,6;19,8;10,7;20,2;19,3;11,1;10,4;57;51;54;153;4;1,9;
2026/05/14;2100 UTC;0;1002,1;1002,2;1002;126,6;18;10,6;19,3;16,7;10,8;10,5;69;56;63;142;1,2;,6;
2026/05/14;2200 UTC;0;1002;1002,1;1001,9;0;16;10,5;16,6;15,4;10,9;10,3;75;70;72;130;2,4;1,1;
2026/05/14;2300 UTC;0;1002,3;1002,5;1002;0;15,3;10,7;15,9;14,8;11;10,3;80;73;77;189;3,3;1,7;
2026/05/15;0000 UTC;0;1002,8;1003;1002,5;0;14,5;10,9;14,8;13,7;11,2;10,8;86;80;82;173;2,6;1;
2026/05/15;0100 UTC;0;1003,1;1003,1;1002,9;0;13,6;10,8;13,9;13,1;11,1;10,5;88;85;86;116;3;1,3;
2026/05/15;0200 UTC;0;1003,1;1003,2;1003;0;12,8;10,8;13,1;12,5;11,1;10,6;93;88;90;180;4,7;2,5;
2026/05/15;0300 UTC;0;1003,2;1003,3;1003,1;0;11,4;9,6;12,5;10,8;11;8,5;93;88;91;172;4,3;1,7;
2026/05/15;0400 UTC;0;1003,4;1003,5;1003,3;0;10,6;8,3;10,8;10,5;8,9;8;91;87;88;142;3,7;1,3;
2026/05/15;0500 UTC;0;1003,3;1003,5;1003,1;0;10,8;8,2;11;10,7;8,5;8;89;85;87;135;4,5;2,3;
2026/05/15;0600 UTC;0;1003,4;1003,5;1003,3;0;11,1;8,8;11,3;10,8;9;8,5;90;87;89;135;4,5;2,1;
2026/05/15;0700 UTC;0;1003,1;1003,4;1003;0;11,1;8,6;11,2;10,9;9;8,1;89;86;87;120;4,9;2,2;
2026/05/15;0800 UTC;0;1002,8;1003;1002,6;0;10,7;8;10,9;10,5;8,3;7,8;88;85;87;125;4,4;2,1;
2026/05/15;0900 UTC;0;1002,8;1003;1002,6;0;9,7;7,4;10,5;9,1;7,7;7,1;90;86;89;138;4,2;2,1;
2026/05/15;1000 UTC;0;1003;1003,1;1002,8;0;8,8;7;9,1;8,4;7,2;6,9;93;90;91;118;3;1,3;
2026/05/15;1100 UTC;0;1003,3;1003,5;1003;88,8;8,5;7;8,8;8,3;7,2;6,9;93;91;93;131;2,7;1,6;
2026/05/15;1200 UTC;0;1003,6;1003,8;1003,5;416,2;9,7;7,8;10,8;8,9;8,3;7,2;92;86;90;107;5,8;2,6;
2026/05/15;1300 UTC;0;1004;1004,3;1003,7;1364,7;11,8;8,6;12,8;10,3;9,2;8,1;90;80;84;103;6,1;3,3;
2026/05/15;1400 UTC;0;1004,1;1004,2;1003,9;1876,7;13,5;9;14,4;12,7;9,5;8,6;82;73;77;105;5,8;2,6;
2026/05/15;1500 UTC;0;1003,6;1003,9;1003,3;2217,5;15,2;9,4;16,3;14,3;10,1;9,1;76;67;71;119;5,1;2,7;
2026/05/15;1600 UTC;;;;;;;;;;;;;;;;;;
2026/05/15;1700 UTC;0;1002,1;1002,7;1001,6;2327,8;17,5;10,3;18;16,7;10,8;9,9;67;61;64;111;7,8;3,6;
2026/05/15;1800 UTC;0;1001,3;1001,7;1001;2003,6;18;10,6;18,3;17,7;11;10,2;65;61;63;117;6,9;3,2;
2026/05/15;1900 UTC;0;1000,8;1001;1000,6;1459,8;18;10,6;18,5;17,7;11,1;10,2;65;62;63;105;6,2;3,4;
2026/05/15;2000 UTC;0;1000,5;1000,6;1000,3;784,9;17,5;10,6;18,1;17;10,8;10,3;68;62;65;117;5,8;2,7;
2026/05/15;2100 UTC;;;;;;;;;;;;;;;;;;
2026/05/15;2200 UTC;0;999,9;1000,1;999,7;0;13,7;10,3;14,2;13;10,4;10,2;87;81;83;113;2,7;1,5;
2026/05/15;2300 UTC;0;999,7;999,8;999,7;0;12,8;10,2;13;12,5;10,4;10,1;88;87;87;114;2,7;1,3;
2026/05/16;0000 UTC;0;999,8;999,9;999,7;0;12,3;10,1;12,6;12,1;10,2;10;90;88;89;111;2,8;1,4;
2026/05/16;0100 UTC;0;999,8;999,9;999,8;0;11,9;9,9;12,1;11,8;10;9,6;91;89;90;122;3;1,5;
2026/05/16;0200 UTC;0;1000;1000,5;999,6;0;11,7;9,8;12;11,4;9,9;9,6;92;89;90;125;3,7;1,5;
2026/05/16;0300 UTC;0;1000,3;1000,6;1000,2;0;11;9,7;11,3;10,7;9,9;9,5;96;92;94;131;4,4;2,1;
2026/05/16;0400 UTC;0;1000;1000,3;999,6;0;10,5;9,7;10,8;10,1;9,9;9,5;97;95;96;104;4;2,3;
2026/05/16;0500 UTC;0;999,5;999,7;999,4;0;9,7;9,3;10,1;9,4;9,6;8,9;100;97;98;125;2,4;1,4;
2026/05/16;0600 UTC;0;999,2;999,4;998,9;0;9,6;9,2;9,7;9,5;9,4;9;99;97;98;119;3,8;1,7;
2026/05/16;0700 UTC;0;998,7;998,9;998,6;0;8,9;8,6;9,5;8,2;9;7,8;100;97;98;115;1,3;,6;
2026/05/16;0800 UTC;0;998,6;998,7;998,3;0;7,6;7,6;8,3;7;8,3;7,1;100;100;100;63;1,5;,8;
2026/05/16;0900 UTC;0;998,2;998,5;998,1;0;7,9;8;8,7;7,2;8,7;7,2;100;100;100;86;2;,9;
2026/05/16;1000 UTC;0;998,8;999,1;998,5;0;8,5;8,5;9;7,8;9;7,9;100;100;100;73;2,3;,9;
2026/05/16;1100 UTC;0;999,3;999,7;999,1;44,6;9,1;9,2;9,4;9;9,4;9;100;100;100;98;3,1;1,6;
2026/05/16;1200 UTC;0;999,9;1000,1;999,7;260,9;9,5;9,6;9,9;9,2;10;9,3;100;100;100;93;3,1;1,6;
2026/05/16;1300 UTC;0;1000,2;1000,3;1000,1;383,5;10;10,1;10,4;9,8;10,4;9,8;100;100;100;119;3,6;2,1;
2026/05/16;1400 UTC;0;1000,4;1000,6;1000,1;697,9;10,9;11;11,5;10,4;11,6;10,4;100;100;100;97;2,7;1,3;
2026/05/16;1500 UTC;0;1000,1;1000,4;999,9;885,9;12;11,7;12,7;11,5;12,3;11,4;100;95;98;117;3,3;1,7;
2026/05/16;1600 UTC;0;999,6;999,8;999,4;1053,8;13,1;11,8;13,7;12,5;12,3;11,5;97;91;93;111;3,2;1,8;
2026/05/16;1700 UTC;0;998,9;999,3;998,6;1170;14,1;12;14,7;13,5;12,4;11,7;93;86;89;129;3,2;1,7;
2026/05/16;1800 UTC;0;998,3;998,6;998,2;1032,4;14,7;12,4;15,4;14,2;12,9;12,1;90;86;88;128;3,1;1,9;
2026/05/16;1900 UTC;0;998,2;998,3;998;891,4;15,5;12,7;15,9;15,1;13,1;12,5;88;84;86;89;3,7;1,7;
2026/05/16;2000 UTC;0;998,1;998,2;998;631,7;16,1;13;16,5;15,6;13,3;12,7;87;83;85;73;2,7;1,4;
2026/05/16;2100 UTC;;;;;;;;;;;;;;;;;;
2026/05/16;2200 UTC;0;998,2;998,5;997,9;0;13,5;13,1;14;13,1;13,4;12,9;100;96;98;201;1;,7;
2026/05/16;2300 UTC;0;998,7;998,9;998,4;0;13,4;13,5;13,8;13,1;13,8;13,1;100;100;100;96;1,6;,9;
2026/05/17;0000 UTC;0;999,1;999,6;998,9;0;13,3;13,2;13,7;12,8;13,7;12,8;100;99;100;267;1,8;,9;
2026/05/17;0100 UTC;0;999,7;1000;999,5;0;13,3;13,3;13,4;13;13,5;13,1;100;100;100;141;1,5;,7;
2026/05/17;0200 UTC;0;1000;1000,1;999,9;0;13,6;13,6;13,8;13,2;13,8;13,1;100;99;100;107;2,4;1,2;
2026/05/17;0300 UTC;0;1000,1;1000,5;999,8;0;13,4;13,4;13,6;13,1;13,6;13,1;100;99;100;167;1;,6;
2026/05/17;0400 UTC;0;1000,2;1000,4;1000,1;0;13,6;13,4;13,8;13,4;13,5;13,2;100;98;99;164;2,4;1,1;
2026/05/17;0500 UTC;0;1000;1000,4;999,6;0;13,8;13,2;14;13,6;13,3;13,1;98;96;97;96;2,4;1,4;
2026/05/17;0600 UTC;0;999,3;999,7;999,1;0;13,5;13;13,6;13,5;13,2;12,9;98;97;97;113;1,9;1;
2026/05/17;0700 UTC;0;999,1;999,3;998,9;0;13,8;13,1;13,9;13,6;13,1;13;97;96;96;148;2,8;1,6;
2026/05/17;0800 UTC;0;999,1;999,4;998,9;0;13,4;13;13,8;13;13,2;12,8;100;96;98;145;3,9;1,3;
2026/05/17;0900 UTC;0;998,7;998,9;998,4;0;13,1;13,2;13,2;13;13,3;13,1;100;100;100;122;4,2;1,5;
2026/05/17;1000 UTC;0;998,7;998,9;998,5;0;13,5;13,6;13,7;13,2;13,8;13,3;100;100;100;109;3,8;2,1;
2026/05/17;1100 UTC;0;999,4;999,9;998,6;9;13,9;13,9;14;13,7;14;13,8;100;99;100;165;2,1;1,1;
2026/05/17;1200 UTC;0;1000;1000,1;999,8;73,8;13,8;13,9;13,9;13,8;13,9;13,8;100;100;100;178;4,8;2,7;
2026/05/17;1300 UTC;0;1000,4;1001,1;999,8;139,5;13,9;14;14;13,8;14,1;13,9;100;100;100;187;4,2;1,5;
2026/05/17;1400 UTC;0;1001;1001,3;1000,8;187;14,1;14,2;14,3;14;14,3;14;100;100;100;145;3,5;1,8;
2026/05/17;1500 UTC;,2;1000,6;1000,8;1000,5;452;14,5;14,2;14,8;14,3;14,4;14,1;100;97;99;143;4;2,2;
2026/05/17;1600 UTC;0;1000,7;1000,9;1000,5;233;15;14,1;15,1;14,9;14,4;13,8;97;94;95;194;3,1;1,4;
2026/05/17;1700 UTC;0;1000,7;1000,9;1000,5;99,2;15;14;15,1;14,9;14,3;13,8;97;94;95;200;2,6;1,6;
2026/05/17;1800 UTC;0;1000,5;1000,6;1000,4;210,1;14,8;14,3;15;14,7;14,5;14,1;98;96;97;193;4;1,8;
2026/05/17;1900 UTC;0;1000,6;1000,7;1000,5;284,3;15,2;14;15,5;14,9;14,5;13,5;98;90;94;189;4,9;2,7;
2026/05/17;2000 UTC;0;1001;1001,3;1000,7;150,6;15,1;12,8;15,5;14,8;13,4;12,4;90;87;89;186;5,5;3;
2026/05/17;2100 UTC;0;1001,5;1001,9;1001,2;18,7;14,6;12,4;14,8;14,4;12,5;12,2;91;87;89;170;3,4;1,6;
2026/05/17;2200 UTC;0;1002,4;1002,8;1002;0;14,2;12,6;14,5;13,8;13,2;12,3;97;89;92;202;5,3;3;
2026/05/17;2300 UTC;0;1003;1003,2;1002,8;0;13,6;12,8;13,8;13,5;13,2;12,5;98;95;96;137;4,5;2,3;
2026/05/18;0000 UTC;0;1003,5;1003,9;1003,2;0;13,6;12,3;13,7;13,5;12,5;12;95;92;94;143;2,8;1,2;
2026/05/18;0100 UTC;0;1004,4;1004,5;1004;0;13,4;12,6;13,5;13,3;12,8;12,5;97;95;96;146;1,5;,7;
2026/05/18;0200 UTC;0;1004,8;1005,1;1004,4;0;13,3;12,9;13,4;13,3;13,1;12,6;99;96;98;206;3,5;1,7;
2026/05/18;0300 UTC;0;1005,5;1005,8;1005,1;0;13,2;11,9;13,4;13;12,6;11,3;96;92;93;185;5,9;3,1;
2026/05/18;0400 UTC;0;1005,9;1006,1;1005,8;0;12,6;10,8;13;12,4;11,4;10,3;93;89;91;182;6,3;3,7;
2026/05/18;0500 UTC;0;1005,9;1006,1;1005,6;0;12,2;10,1;12,4;12,1;10,5;9,9;90;89;90;152;5;2,5;
2026/05/18;0600 UTC;0;1005,9;1006;1005,7;0;12;9,9;12,2;11,7;10;9,8;91;88;90;146;3,4;1,7;
2026/05/18;0700 UTC;0;1005,8;1006;1005,6;0;11,4;9,7;11,7;11,3;9,8;9,6;92;90;91;149;2,1;1,3;
2026/05/18;0800 UTC;0;1005,9;1006,3;1005,6;0;11,1;9,6;11,4;10,7;9,9;9,4;96;90;92;191;2,8;1,5;
2026/05/18;0900 UTC;0;1006,7;1006,9;1006,4;0;10,5;9,7;10,7;10,3;10;9;98;93;96;181;4,5;2,3;
2026/05/18;1000 UTC;0;1007,2;1007,5;1006,9;0;9,6;8,6;10,3;9,1;9;8,1;96;94;95;203;4,6;2,2;
2026/05/18;1100 UTC;0;1007,6;1007,9;1007,5;49;8,5;7,4;9,1;8,3;8,1;6,9;96;91;94;191;3,1;1,5;
2026/05/18;1200 UTC;0;1008,3;1008,8;1007,9;580,6;9,3;6,7;9,9;8,6;7,2;6,3;92;84;87;182;4,6;2,2;
2026/05/18;1300 UTC;0;1009;1009,3;1008,8;1342,9;11,1;6,8;11,9;10;7,8;6,2;87;72;79;175;3,9;2,1;
2026/05/18;1400 UTC;0;1009,5;1009,6;1009,3;1894,7;12,5;6,5;13,1;11,8;7,4;5,8;76;64;70;140;3,8;2;
2026/05/18;1500 UTC;0;1009,5;1009,5;1009,4;2239,9;13,7;6;14,8;13,1;6,8;5,2;67;55;61;185;4,5;2,1;
2026/05/18;1600 UTC;0;1009,2;1009,4;1008,9;2427;14,5;5,5;15,2;13,9;6,7;4,6;60;50;55;152;4,1;1,9;
2026/05/18;1700 UTC;0;1008,7;1009;1008,3;2306,4;15,3;5,2;16,1;14,7;6,3;4;57;41;49;181;3,4;1,4;
2026/05/18;1800 UTC;0;1008,2;1008,4;1008;1957;16;4,5;16,3;15,6;5,4;3,5;47;39;42;188;4,5;2,4;
2026/05/18;1900 UTC;0;1007,8;1008;1007,6;1404,8;16,3;5,1;16,8;16;5,9;4,4;48;40;44;201;3,8;2,4;
2026/05/18;2000 UTC;0;1007,6;1007,7;1007,5;760,3;16,1;4,7;16,6;15,7;5,4;4,1;46;41;43;201;3,5;1,8;
2026/05/18;2100 UTC;;;;;;;;;;;;;;;;;;
2026/05/18;2200 UTC;0;1007,5;1007,7;1007,3;0;12,5;4,8;13,1;11,6;5,4;4,3;68;57;61;218;2,2;1,4;
2026/05/18;2300 UTC;0;1007,7;1007,8;1007,7;0;11,2;4,9;11,5;10,9;5,4;4,5;72;65;69;208;3,2;2;
2026/05/19;0000 UTC;0;1007,8;1007,9;1007,7;0;10,8;4,8;11,1;10,5;5,1;4,5;72;68;70;209;3,8;2,3;
2026/05/19;0100 UTC;0;1007,9;1007,9;1007,8;0;10,1;4,7;10,7;9,6;5;4,5;75;70;73;214;3,4;2,3;
2026/05/19;0200 UTC;0;1008;1008;1007,9;0;8,1;4,7;9,6;7,3;5;4,4;88;75;83;307;,6;,3;
2026/05/19;0300 UTC;0;1008;1008;1007,8;0;6,9;5,3;7,3;6,5;5,8;4,8;95;88;92;280;,9;,4;
2026/05/19;0400 UTC;0;1007,6;1007,8;1007,4;0;6,5;5,7;6,7;6,1;6;5,2;98;93;96;224;,5;,3;
2026/05/19;0500 UTC;0;1007,3;1007,4;1007,2;0;5,9;5,7;6,1;5,8;6,1;5,3;100;97;99;164;,8;,3;
2026/05/19;0600 UTC;0;1007,2;1007,4;1006,9;0;5,7;5,7;6;5,5;6;5,5;100;99;100;302;,7;,5;
2026/05/19;0700 UTC;0;1006,9;1007;1006,7;0;5,4;5,4;5,7;5;5,7;5,1;100;100;100;235;,8;,5;
2026/05/19;0800 UTC;0;1006,6;1006,7;1006,4;0;4,6;4,7;5;4,2;5,1;4,2;100;100;100;299;,7;,4;
2026/05/19;0900 UTC;0;1006,4;1006,5;1006,3;0;4,2;4,3;4,4;4;4,4;4,1;100;100;100;268;,7;,5;
2026/05/19;1000 UTC;0;1006,8;1006,9;1006,6;0;3,6;3,7;4,2;3,1;4,2;3,1;100;100;100;222;,6;,3;
2026/05/19;1100 UTC;0;1007,1;1007,3;1006,9;50,2;2,8;2,9;3,4;2,5;3,5;2,6;100;100;100;247;,4;,1;
2026/05/19;1200 UTC;0;1007,7;1008,1;1007,3;1013,2;5,3;5,1;6,6;3,5;5,8;3,6;100;93;99;318;2,3;1,7;
2026/05/19;1300 UTC;0;1008,5;1008,8;1008,2;1254,5;8,5;6,2;9,8;6,6;7;5,4;95;83;89;291;2,5;1,4;
2026/05/19;1400 UTC;0;1009,1;1009,3;1008,8;1905,9;11;6,4;12,2;9,7;7,1;5,4;85;68;77;266;2,9;1,4;
2026/05/19;1500 UTC;0;1008,9;1009,3;1008,5;2265,5;13,4;6,3;14,2;12;7,1;5,3;73;59;64;237;3,4;1,7;
2026/05/19;1600 UTC;;;;;;;;;;;;;;;;;;
2026/05/19;1700 UTC;0;1007,6;1008,1;1007,2;2296,4;15,5;6,2;16;14,7;6,9;3,9;57;41;53;180;5,8;2,2;
2026/05/19;1800 UTC;0;1007;1007,2;1006,9;1966,6;16;4,6;16,4;15,5;5,5;3,7;46;40;43;222;4,7;2,5;
2026/05/19;1900 UTC;0;1006,6;1006,9;1006,3;1415,6;16,2;4,8;16,6;15,9;5,7;4,1;47;40;43;217;4,3;2,1;
2026/05/19;2000 UTC;0;1006,3;1006,4;1006,2;755,6;15,8;4,7;16,2;15,4;5,4;4,2;48;42;45;193;2,8;1,7;
2026/05/19;2100 UTC;;;;;;;;;;;;;;;;;;
2026/05/19;2200 UTC;0;1006,1;1006,2;1006;0;11,5;4,3;12,3;10,6;4,9;3,7;68;62;64;174;,5;,4;
2026/05/19;2300 UTC;0;1006,1;1006,2;1006,1;0;10;5,1;10,6;9,2;6,5;3,8;83;66;75;60;1,2;,7;
2026/05/20;0000 UTC;0;1006,3;1006,4;1006,3;0;8,7;5,6;9,2;8,2;6,3;4,5;88;78;84;54;1,7;1,3;
2026/05/20;0100 UTC;0;1006,5;1006,5;1006,3;0;7,3;5,6;8,2;6,5;6;5,2;95;89;91;51;2,2;1,5;
2026/05/20;0200 UTC;0;1006,7;1006,9;1006,6;0;6,4;5,6;6,7;6,1;6,1;5,3;98;94;96;44;2,1;1,8;
2026/05/20;0300 UTC;0;1006,9;1007;1006,7;0;6,3;5,9;6,7;6;6,3;5,5;99;97;98;26;1,8;1,3;
2026/05/20;0400 UTC;0;1006,7;1006,8;1006,6;0;5,9;5,7;6,2;5,6;6,1;5,1;100;97;99;140;1,8;1;
2026/05/20;0500 UTC;0;1006,6;1006,8;1006,5;0;5,6;5,5;5,8;5,3;5,8;5,1;100;99;99;315;1,9;1,4;
2026/05/20;0600 UTC;0;1006,3;1006,5;1006,2;0;5,5;5,5;5,8;5,2;5,8;5,3;100;100;100;305;1,5;,7;
2026/05/20;0700 UTC;0;1006,1;1006,2;1006,1;0;5,2;5,2;5,4;4,9;5,4;5;100;100;100;290;1,6;1;
2026/05/20;0800 UTC;0;1006,1;1006,2;1006;0;5,1;5,1;5,3;4,9;5,3;5;100;99;100;307;1,9;1,6;
2026/05/20;0900 UTC;0;1006,2;1006,3;1006,1;0;4,6;4,7;5;4,4;5,1;4,5;100;100;100;321;1,9;1,4;
2026/05/20;1000 UTC;0;1006,7;1007;1006,3;0;4,4;4,5;4,5;4,2;4,6;4,2;100;100;100;307;2,3;1,2;
2026/05/20;1100 UTC;0;1007,3;1007,6;1007;40,9;4,6;4,5;5,3;4,2;4,7;4,2;100;97;99;323;1,9;1,2;
2026/05/20;1200 UTC;0;1008,1;1008,4;1007,7;490;6,9;5,1;8,3;5,3;5,8;4,7;98;86;91;288;1,8;,9;
2026/05/20;1300 UTC;0;1008,8;1009,1;1008,4;1526,3;9,5;6,1;10,9;8,3;7,2;5,2;87;79;83;310;3,3;2,1;
2026/05/20;1400 UTC;0;1009,3;1009,5;1009,1;1879,8;12,6;7,2;13,8;11;8,1;6,4;82;65;73;281;5,1;2,5;
2026/05/20;1500 UTC;0;1009,3;1009,5;1009;2247,1;14,7;7,1;15,5;13,7;7,7;6,5;68;58;62;263;6;2,9;
2026/05/20;1600 UTC;0;1008,9;1009,1;1008,7;2392,3;16;7,4;16,7;15,4;8;6,7;62;52;57;257;5,7;3,6;
2026/05/20;1700 UTC;0;1008,3;1008,7;1007,9;2287,9;16,8;7,1;17,2;16,3;7,8;6,4;56;49;52;254;7,6;4,1;
2026/05/20;1800 UTC;0;1007,8;1008;1007,6;1942,2;17,3;7,4;18;16,7;8,1;6,6;54;45;50;256;6,5;3,9;
2026/05/20;1900 UTC;0;1007,6;1007,7;1007,5;1395,9;17,5;7,3;17,8;17,3;7,9;6,4;51;45;49;258;5,7;3,5;
2026/05/20;2000 UTC;0;1007,5;1007,6;1007,4;735,1;17,2;7,1;17,6;16,8;7,6;6,5;53;45;49;271;4,5;2,7;
2026/05/20;2100 UTC;0;1007,6;1007,8;1007,5;116,4;15,1;6,6;16,7;13,4;7,9;5,1;62;53;58;240;2,1;1,7;
2026/05/20;2200 UTC;0;1007,5;1007,6;1007,4;0;12,3;5;13,4;11,6;5,7;4,6;69;59;63;215;,9;,7;
2026/05/20;2300 UTC;0;1007,5;1007,6;1007,4;0;11,3;4,8;12,2;10,6;5,7;4,2;74;61;68;304;1,6;,9;
2026/05/21;0000 UTC;0;1007,6;1007,8;1007,6;0;10,3;6,3;10,9;9,4;7,2;5,1;87;73;80;185;1,1;,5;
2026/05/21;0100 UTC;0;1008;1008,2;1007,8;0;9,7;6,2;10,2;9,4;6,8;5,6;85;79;82;165;1,4;,5;
2026/05/21;0200 UTC;0;1008,4;1008,6;1008,1;0;10,4;5,2;11,7;9,2;5,7;4,9;81;68;74;207;3;1,9;
2026/05/21;0300 UTC;0;1008,8;1009;1008,6;0;9,7;5,1;10,4;8,5;5,5;4,8;83;74;77;164;3,1;1,1;
2026/05/21;0400 UTC;0;1009,3;1009,4;1009;0;6,9;5,7;8,3;6,2;6,2;5;98;84;94;310;1,6;1;
2026/05/21;0500 UTC;0;1009,3;1009,5;1009,3;0;6,5;5,4;6,8;6,2;5,9;5;97;92;94;261;1,1;,6;
2026/05/21;0600 UTC;;;;;;;;;;;;;;;;;;
2026/05/21;0700 UTC;0;1008,8;1008,8;1008,7;0;5,9;5,2;6,1;5,6;5,6;5;98;95;97;278;,9;,5;
2026/05/21;0800 UTC;0;1008,9;1009;1008,8;0;5,3;5;5,7;5;5,4;4,5;100;97;98;236;1,3;,6;
2026/05/21;0900 UTC;0;1009;1009,1;1008,9;0;6,7;5,5;7,4;5,3;6,4;5,1;100;90;94;176;2,8;1,5;
2026/05/21;1000 UTC;0;1009,3;1009,6;1009,1;0;6;5;7,3;4,9;5,6;4,3;99;91;95;218;,8;,4;
2026/05/21;1100 UTC;0;1010;1010,5;1009,6;59,5;5,1;4,9;5,8;4,6;5,3;4,4;100;97;99;152;2,3;,8;
2026/05/21;1200 UTC;0;1011;1011,5;1010,5;645,4;7,2;5,5;8,3;5,7;6;5,1;97;86;92;138;2,7;1,6;
2026/05/21;1300 UTC;0;1011,7;1012,1;1011,5;1231,6;9,2;5,8;10,2;8,2;6,5;5,3;89;76;83;138;4,5;2,5;
2026/05/21;1400 UTC;0;1012,3;1012,4;1012,1;1386,2;10,7;5,3;11,4;10,1;6,2;4,6;79;67;73;138;5,4;2,8;
2026/05/21;1500 UTC;0;1012,1;1012,3;1011,7;2078,2;12,1;4,5;13;11,4;6;3,1;71;56;62;128;5,3;2,7;
2026/05/21;1600 UTC;0;1011,5;1011,8;1011,3;2138,7;13,1;4,1;13,6;12,4;4,8;3,2;60;51;55;129;4;2;
2026/05/21;1700 UTC;0;1011;1011,2;1010,8;2352,7;13,8;4,3;14,4;13,3;4,7;3,8;54;50;52;160;5;2,3;
2026/05/21;1800 UTC;0;1010,5;1010,8;1010,1;1840,1;14;4,4;14,3;13,6;4,8;3,9;54;50;52;104;4,4;2,2;
2026/05/21;1900 UTC;0;1010,1;1010,2;1009,9;1452,2;14,1;4,7;14,5;13,7;5,5;4,2;56;51;53;136;4;2,2;
2026/05/21;2000 UTC;0;1010;1010,1;1009,9;582,2;13,5;4,5;14,3;12,7;5,2;4;58;52;55;142;2,7;1,5;
2026/05/21;2100 UTC;0;1009,9;1010;1009,8;107,9;12;4,4;12,7;10,9;4,8;3,9;68;57;62;139;1,8;1;
2026/05/21;2200 UTC;0;1009,7;1009,8;1009,6;0;10,4;4,2;11;10;4,6;3,7;71;67;69;151;3;1,5;
2026/05/21;2300 UTC;0;1010,4;1010,8;1009,7;0;9,5;4,7;10,3;9,1;5,8;3,8;82;69;76;161;1;,6;
2026/05/22;0000 UTC;0;1010,6;1010,7;1010,4;0;8,1;4,6;9,4;7,1;5,5;4;88;75;83;112;1,3;,7;
2026/05/22;0100 UTC;0;1010,3;1010,4;1010,1;0;8,2;3,9;8,6;7,3;4,6;3,6;86;76;78;120;2,6;1,2;
2026/05/22;0200 UTC;0;1010;1010,2;1009,9;0;8,2;3,4;8,5;8;3,8;3,1;79;75;76;117;4;2;
2026/05/22;0300 UTC;0;1010,1;1010,2;1009,9;0;6,8;3,1;8,2;6;3,4;2,7;86;75;82;114;2,7;1,3;
2026/05/22;0400 UTC;0;1010,1;1010,2;1010;0;6,1;3,3;6,6;5,4;3,6;2,9;90;84;86;122;2,7;1,4;
2026/05/22;0500 UTC;0;1010,2;1010,4;1010;0;6,6;3,4;6,9;5,3;3,7;3,1;90;83;84;87;2,2;1;
2026/05/22;0600 UTC;0;1010;1010,3;1009,7;0;5,5;3,4;5,9;4,9;3,7;3,2;92;88;89;147;3,9;2,5;
2026/05/22;0700 UTC;0;1009,5;1009,7;1009,3;0;5,4;3,1;5,9;4,9;3,3;3;91;87;89;143;4,8;3,2;
2026/05/22;0800 UTC;0;1009,4;1009,6;1009,3;0;4,6;3,1;5,1;3,5;3,4;2,4;96;90;92;82;2,5;1,2;
2026/05/22;0900 UTC;0;1009,3;1009,5;1009,2;0;4;3,3;4,4;3,4;3,6;2,6;98;95;96;142;3,5;2;
2026/05/22;1000 UTC;0;1009,4;1009,8;1009,1;0;3,8;3,3;4,2;3,5;3,7;2,9;99;96;97;107;2,7;1,2;
2026/05/22;1100 UTC;0;1010,3;1010,6;1009,8;43,1;3,9;3,6;4,1;3,6;3,9;3,2;100;98;99;256;,9;,4;
2026/05/22;1200 UTC;0;1010,8;1011;1010,6;486,7;5,6;4,9;7;4,1;5,7;4;99;91;97;142;2,9;1,6;
2026/05/22;1300 UTC;0;1010,7;1010,9;1010,6;1028,5;8,8;6,5;10,1;7;7,3;5,7;94;84;88;112;6,7;3,4;
2026/05/22;1400 UTC;0;1010,7;1010,8;1010,5;1013,9;10,5;7,3;11,1;9,9;7,8;6,8;86;82;84;103;9,6;4,6;
2026/05/22;1500 UTC;0;1010,1;1010,5;1009,6;1079,3;11,6;7,5;12,2;11;7,8;7,2;83;77;79;104;9,1;4,8;
2026/05/22;1600 UTC;0;1009,6;1009,8;1009,3;783,2;12,4;7,7;12,7;11,9;8,1;7,2;78;75;77;109;7;3;
2026/05/22;1700 UTC;0;1008,8;1009,3;1008,4;748;12,9;8,1;13,3;12,6;8,4;7,7;77;74;76;116;6,8;3,3;
2026/05/22;1800 UTC;0;1008,6;1008,8;1008,3;458,1;13,1;8,2;13,3;12,9;8,4;8;76;74;75;104;6,5;2,8;
2026/05/22;1900 UTC;0;1008,3;1008,6;1008,2;338,7;13,2;8,3;13,6;13;8,5;8,1;77;74;75;122;6;2,7;
2026/05/22;2000 UTC;0;1008,7;1009;1008,3;270,3;13;8,2;13,2;12,7;8,5;8;78;74;76;102;4,8;2,6;
2026/05/22;2100 UTC;0;1008,9;1009,1;1008,7;46,3;12,4;8,5;12,7;12;8,7;8,3;83;79;81;104;2,3;1,2;
2026/05/22;2200 UTC;0;1008,9;1009,1;1008,6;0;11,6;8,8;11,9;11,4;9;8,5;87;83;86;133;2,7;1,4;
2026/05/22;2300 UTC;0;1008,8;1009;1008,6;0;11,8;8,9;12,1;11,3;9,1;8,8;89;84;86;173;3,5;1,9;
2026/05/23;0000 UTC;0;1009;1009,2;1008,8;0;11;9;11,4;10,6;9,2;8,8;92;89;90;116;2,3;1,1;
2026/05/23;0100 UTC;0;1009,1;1009,2;1009,1;0;9,8;8,6;10,6;8,8;9,1;7,9;98;91;94;126;1,5;,8;
2026/05/23;0200 UTC;0;1009,3;1009,4;1009,2;0;9,1;8,8;9,5;8,8;9,2;8,2;99;96;98;59;1,4;,9;
2026/05/23;0300 UTC;0;1009,2;1009,3;1008,9;0;9,2;8,8;9,5;9;9,1;8,6;99;97;98;119;1,6;1;
2026/05/23;0400 UTC;0;1008,8;1009;1008,5;0;9,5;9,1;9,9;9,2;9,3;8,8;99;96;98;132;3,4;1,6;
2026/05/23;0500 UTC;0;1008,6;1008,7;1008,5;0;9,7;9,1;10;9,5;9,4;8,8;98;96;97;124;2,5;1;
2026/05/23;0600 UTC;0;1008,5;1008,7;1008,2;0;8;7,8;9,4;7,1;8,7;7;100;97;99;58;1,1;,7;
2026/05/23;0700 UTC;0;1008,1;1008,2;1007,9;0;6,9;6,9;7,4;5,9;7,4;5,9;100;100;100;41;1,6;1,1;
2026/05/23;0800 UTC;0;1007,9;1008;1007,8;0;6,1;6,1;6,6;5,7;6,6;5,7;100;100;100;78;,7;,4;
2026/05/23;0900 UTC;0;1008;1008,2;1007,8;0;6,7;6,7;7;6,5;7;6,5;100;100;100;79;,9;,6;
2026/05/23;1000 UTC;0;1008,4;1008,6;1008,2;0;7,3;7,3;7,7;6,9;7,7;6,9;100;100;100;220;1;,7;
2026/05/23;1100 UTC;0;1008,7;1008,8;1008,6;22,5;8;8;9,1;7,6;9,1;7,6;100;100;100;154;2,2;,9;
2026/05/23;1200 UTC;0;1008,8;1009;1008,8;158;9,4;9,3;9,9;8,6;9,9;8,6;100;100;100;49;2,5;1,6;
2026/05/23;1300 UTC;0;1009;1009,1;1008,8;350,3;10,1;10,1;11;9,7;11;9,7;100;100;100;61;3,3;1,8;
2026/05/23;1400 UTC;0;1008,9;1009,1;1008,8;674,5;12,1;11,7;13,2;10,9;12,3;10,9;100;91;98;106;6,3;3,1;
2026/05/23;1500 UTC;0;1008,8;1008,9;1008,7;788,6;13,8;11,2;14,2;13,2;11,9;10,7;92;83;87;102;6,9;3,8;
2026/05/23;1600 UTC;0;1008,6;1008,9;1008,3;896;14,4;10,7;14,9;13,9;10,9;10,3;85;78;81;97;6,7;3,8;
2026/05/23;1700 UTC;0;1008;1008,3;1007,5;1240,3;15,4;10,6;15,9;14,9;11,1;10,2;79;73;76;111;4,9;2,5;
2026/05/23;1800 UTC;;;;;;;;;;;;;;;;;;
2026/05/23;1900 UTC;0;1007,2;1007,3;1006,9;1117,3;17,3;10,8;18,4;16,5;11,2;10,3;71;63;67;127;5,4;2,6;
2026/05/23;2000 UTC;;;;;;;;;;;;;;;;;;
2026/05/23;2100 UTC;0;1006,7;1006,9;1006,5;112,6;15,4;10,6;16,8;14,3;10,8;10,4;81;69;76;123;3,1;1,3;
2026/05/23;2200 UTC;0;1006,4;1006,5;1006,4;0;13,9;10,3;14,4;13,6;10,6;10;84;80;82;126;3,2;1,8;
2026/05/23;2300 UTC;0;1006,6;1006,8;1006,4;0;13,6;10;13,9;13,1;10,2;9,9;85;81;82;110;3;1,6;
2026/05/24;0000 UTC;0;1006,8;1006,9;1006,7;0;12,9;10,8;13,2;12,6;11,5;10;94;85;90;121;5,7;2,1;
2026/05/24;0100 UTC;0;1007;1007,1;1006,9;0;12,3;11,6;12,6;12,1;11,8;11,4;97;94;96;131;4,3;2;
2026/05/24;0200 UTC;0;1006,9;1007;1006,8;0;12,2;11,5;12,7;11,5;12;11,1;99;95;96;124;2,5;1,1;
2026/05/24;0300 UTC;;;;;;;;;;;;;;;;;;
2026/05/24;0400 UTC;0;1006,5;1006,6;1006,3;0;12,4;11,5;12,5;12,2;11,8;11,3;97;95;96;112;3,8;1,9;
2026/05/24;0500 UTC;0;1006,3;1006,4;1006,2;0;12,6;11,7;12,8;12,5;11,8;11,6;96;95;96;112;3,2;1,5;
2026/05/24;0600 UTC;0;1005,8;1006,2;1005,5;0;12,5;11,7;12,7;12,5;11,8;11,6;96;95;96;101;5,5;3,2;
2026/05/24;0700 UTC;0;1005,4;1005,5;1005,3;0;12,6;11,7;12,8;12,5;11,9;11,6;96;95;96;96;4,6;2,2;
2026/05/24;0800 UTC;0;1005,2;1005,3;1005,1;0;12,6;11,8;12,8;12,6;11,9;11,7;96;96;96;106;3,5;1,9;
2026/05/24;0900 UTC;0;1005,1;1005,3;1005;0;12,6;11,7;12,7;12,5;11,9;11,7;96;96;96;103;4,1;2,1;
2026/05/24;1000 UTC;0;1005,5;1005,6;1005,3;0;12,5;11,7;12,7;12,5;11,9;11,6;96;96;96;90;3,9;2;
2026/05/24;1100 UTC;0;1005,6;1005,8;1005,4;19,9;12,8;11,7;13;12,6;11,9;11,6;96;94;95;89;2,6;1;
2026/05/24;1200 UTC;0;1005,8;1005,9;1005,8;361,5;13,4;11,9;14,4;12,9;12,3;11,6;95;86;93;105;3,7;2,1;
2026/05/24;1300 UTC;0;1006,1;1006,4;1005,9;1182,3;14,9;11,7;15,9;14,1;12,1;11,3;88;77;84;136;4,5;2,7;
2026/05/24;1400 UTC;0;1006,4;1006,4;1006,3;1702,6;16,1;11,7;16,4;15,8;12;11,3;81;76;78;118;6,4;2,9;
2026/05/24;1500 UTC;;;;;;;;;;;;;;;;;;
2026/05/24;1600 UTC;0;1005,7;1006;1005,5;1197,9;16,9;11,9;17,6;15,9;12,2;11,7;80;71;75;124;5,9;3;
2026/05/24;1700 UTC;0;1005,1;1005,5;1004,8;1347,9;17,2;12,1;18;16,8;12,7;11,7;78;73;75;112;8,1;3,7;
2026/05/24;1800 UTC;0;1004,7;1004,8;1004,4;1486,1;17,7;12,4;18,5;17,1;12,9;12,1;78;70;74;118;6,1;3;
2026/05/24;1900 UTC;0;1004,2;1004,4;1004;767,3;17,4;12,4;18,1;17,1;12,9;11,4;78;70;75;106;6,4;3,1;
2026/05/24;2000 UTC;;;;;;;;;;;;;;;;;;
2026/05/24;2100 UTC;0;1003,6;1003,8;1003,3;116,6;16,2;11,4;17,4;14,9;11,9;11,2;84;72;76;115;3,8;2;
2026/05/24;2200 UTC;0;1003,5;1003,7;1003,3;0;14,5;11,9;15;13,8;12;11,8;90;84;87;109;2,7;1,3;
2026/05/24;2300 UTC;0;1003,7;1003,8;1003,6;0;13,3;11,5;13,9;12,8;11,9;11,1;92;90;91;100;2,9;1,7;
2026/05/25;0000 UTC;0;1003,6;1003,7;1003,5;0;12,4;11,3;12,8;12;11,6;11;96;91;94;108;2,7;1,5;
2026/05/25;0100 UTC;0;1003,5;1003,6;1003,3;0;12;11,5;12,5;11,3;11,9;10,9;100;96;97;124;2,1;,9;
2026/05/25;0200 UTC;0;1003,3;1003,4;1003,2;0;11,9;11,8;12,3;11,5;12,2;11,4;100;99;100;127;2,7;1,3;
2026/05/25;0300 UTC;0;1003,3;1003,4;1003,1;0;12,1;12;12,3;11,9;12,2;11,8;100;99;100;122;3,8;2;
2026/05/25;0400 UTC;0;1003,2;1003,4;1003;0;12,3;12,3;12,5;12,1;12,5;12,1;100;99;100;111;2,8;1,6;
2026/05/25;0500 UTC;0;1003,2;1003,4;1003;0;12,7;12,6;13;12,2;13;12,2;100;100;100;111;4,8;2,4;
2026/05/25;0600 UTC;0;1002,9;1003;1002,7;0;12,9;12,9;13,1;12,8;13;12,8;100;100;100;109;5;2,5;
2026/05/25;0700 UTC;0;1002,8;1003;1002,7;0;12,8;12,8;13;12,6;13;12,6;100;100;100;111;5,3;2,1;
2026/05/25;0800 UTC;0;1002,5;1002,9;1001,9;0;12,6;12,6;12,7;12,5;12,7;12,5;100;100;100;97;6,1;3,9;
2026/05/25;0900 UTC;0;1002,2;1002,3;1002,1;0;12,4;12,4;12,6;12,4;12,6;12,3;100;100;100;118;4,9;2;
2026/05/25;1000 UTC;0;1002,6;1002,9;1002,1;0;12,4;12,4;12,5;12,3;12,5;12,3;100;100;100;105;4,9;1,7;
2026/05/25;1100 UTC;0;1003,2;1003,3;1002,9;31;12,6;12,6;12,7;12,5;12,7;12,4;100;100;100;102;4,6;2,4;
2026/05/25;1200 UTC;0;1003,6;1003,9;1003,2;185,3;12,8;12,8;13;12,6;13;12,6;100;100;100;115;3;1,7;
2026/05/25;1300 UTC;0;1003,8;1004,2;1003,5;401,1;13,1;13;13,3;12,8;13,3;12,8;100;100;100;98;4,3;2,4;
2026/05/25;1400 UTC;0;1004,3;1004,6;1003,9;705,8;13,6;13,4;14;13,3;13,7;13,2;100;97;99;111;3,5;1,9;
2026/05/25;1500 UTC;0;1003,9;1004,1;1003,5;757,4;14,3;13,3;14,6;13,9;13,6;13;98;93;95;99;3;1,5;
2026/05/25;1600 UTC;0;1003,6;1004;1003,3;630;14,7;13,2;15;14,5;13,5;13;94;91;92;106;5,1;1,9;
2026/05/25;1700 UTC;0;1003;1003,3;1002,8;260,9;14,6;13,4;14,7;14,4;13,5;13,2;95;93;94;125;2,7;1,6;
2026/05/25;1800 UTC;0;1002,2;1002,8;1001,9;368,4;14,5;13,6;14,7;14,3;13,9;13,4;97;94;96;142;3,8;2,1;
2026/05/25;1900 UTC;0;1001,7;1002;1001,3;595,6;15,3;14;15,7;14,7;14,4;13,7;96;91;93;114;4,7;2,3;
2026/05/25;2000 UTC;0;1001,3;1001,6;1001;197,6;15,4;14,1;15,7;15,2;14,3;13,9;95;92;94;104;5;2,2;
2026/05/25;2100 UTC;,8;1002,1;1003,3;1001,4;28,6;15,3;14,3;15,6;15;14,7;14;98;93;95;253;3,6;1,9;
2026/05/25;2200 UTC;;;;;;;;;;;;;;;;;;
2026/05/25;2300 UTC;0;1002;1002,1;1001,5;0;14,8;14,7;14,9;14,7;14,8;14,6;100;99;100;111;2,2;1,2;
2026/05/26;0000 UTC;0;1002,1;1002,2;1001,9;0;14,7;14,7;14,9;14,6;14,9;14,6;100;100;100;139;2,1;1;
2026/05/26;0100 UTC;0;1002,3;1002,4;1002,1;0;14,6;14,6;14,7;14,5;14,7;14,5;100;100;100;174;1,8;1;
2026/05/26;0200 UTC;0;1002,5;1002,7;1002,4;0;14,5;14,5;14,6;14,4;14,6;14,4;100;100;100;150;2,4;1,3;
2026/05/26;0300 UTC;0;1002,4;1002,6;1002,3;0;14,5;14,5;14,7;14,4;14,7;14,4;100;100;100;144;2,5;1,3;
2026/05/26;0400 UTC;0;1002;1002,3;1001,7;0;14,6;14,6;14,7;14,5;14,7;14,5;100;100;100;117;1,7;,8;
2026/05/26;0500 UTC;0;1002;1002,2;1001,8;0;14,6;14,6;14,7;14,5;14,7;14,5;100;100;100;175;1,8;,9;
2026/05/26;0600 UTC;0;1001,9;1002;1001,8;0;14,6;14,6;14,7;14,5;14,7;14,5;100;100;100;203;1,6;,9;
2026/05/26;0700 UTC;,2;1002,1;1002,2;1001,9;0;14,5;14,5;14,7;14,4;14,7;14,4;100;100;100;214;1,5;,8;
2026/05/26;0800 UTC;,2;1002;1002,1;1001,9;0;14,6;14,6;14,8;14,5;14,8;14,5;100;100;100;230;1,5;1;
2026/05/26;0900 UTC;0;1001,9;1002,1;1001,7;0;14,7;14,7;14,9;14,6;14,9;14,6;100;100;100;238;2,8;1,8;
2026/05/26;1000 UTC;0;1002,3;1002,7;1002,1;0;14,8;14,8;14,9;14,7;14,9;14,7;100;100;100;217;2;1,3;
2026/05/26;1100 UTC;0;1002,9;1003,3;1002,6;12,9;15;15;15,1;14,8;15,1;14,8;100;100;100;194;2,6;1,5;
2026/05/26;1200 UTC;0;1003,5;1003,7;1003,2;126,2;15,2;15,2;15,6;15;15,6;15;100;100;100;230;1,1;,6;
2026/05/26;1300 UTC;0;1004,1;1004,4;1003,6;348,7;15,8;15,8;16,2;15,4;16,2;15,4;100;100;100;257;1,7;,8;
2026/05/26;1400 UTC;0;1004,7;1004,8;1004,4;655,2;16,7;16,2;17,6;16,1;16,7;15,8;100;92;98;215;3,5;1,9;
2026/05/26;1500 UTC;0;1004,6;1004,7;1004,5;1589;18,4;15,8;19,5;17,5;16,8;14,8;94;78;87;220;3,8;1,5;
2026/05/26;1600 UTC;0;1004,5;1004,6;1004,3;2079,4;20;14,8;20,8;19,1;15,6;14,2;80;69;74;148;3,6;2;
2026/05/26;1700 UTC;0;1004,1;1004,3;1003,9;1953,9;21,1;14,9;21,8;20,1;15,7;14,1;75;63;69;213;6,2;3,7;
2026/05/26;1800 UTC;0;1003,9;1003,9;1003,8;1761,7;21,7;14,5;22,4;20,8;15,1;13,8;67;60;64;206;6,5;2,8;
2026/05/26;1900 UTC;0;1003,7;1003,8;1003,6;1262,8;20,8;14,8;21,5;20;15,4;14,2;73;66;70;217;7,6;5,3;
2026/05/26;2000 UTC;0;1003,8;1004;1003,6;666,6;19,4;14,1;20;18,4;14,5;13,6;77;71;74;208;7,2;4,2;
2026/05/26;2100 UTC;0;1004,2;1004,3;1004,1;105,5;17;13,6;18,4;15,9;14;13,3;88;77;83;214;4,8;2,6;
2026/05/26;2200 UTC;;;;;;;;;;;;;;;;;;
2026/05/26;2300 UTC;0;1004,7;1004,9;1004,5;0;13,4;12,5;14,3;12,8;12,9;12,2;98;92;96;276;2,3;1,5;
2026/05/27;0000 UTC;0;1005,1;1005,2;1004,9;0;12,4;12,2;12,9;12,1;12,5;11,8;100;98;99;264;1,4;,5;
2026/05/27;0100 UTC;0;1005,3;1005,3;1005,2;0;12;12;12,2;11,7;12,2;11,7;100;100;100;319;2;1,2;
2026/05/27;0200 UTC;0;1005,2;1005,4;1005,1;0;11,4;11,4;11,9;10,9;11,9;10,9;100;100;100;77;,7;,3;
2026/05/27;0300 UTC;0;1005,5;1005,5;1005,4;0;10,9;10,9;11,4;10,7;11,4;10,7;100;100;100;189;,6;,2;
2026/05/27;0400 UTC;0;1005,3;1005,5;1005,2;0;11,3;11,3;11,6;10,9;11,6;10,9;100;100;100;285;1,2;,5;
2026/05/27;0500 UTC;0;1005,3;1005,5;1005,2;0;10,8;10,9;11,2;10,2;11,3;10,3;100;100;100;207;1,1;,7;
2026/05/27;0600 UTC;0;1005,3;1005,5;1005,2;0;11,4;11,4;11,8;10,4;11,8;10,4;100;100;100;175;1,5;,7;
2026/05/27;0700 UTC;0;1005,2;1005,3;1005,1;0;11,1;11,1;11,7;10,8;11,8;10,8;100;100;100;129;1,2;,8;
2026/05/27;0800 UTC;0;1005;1005,1;1004,8;0;11,9;12;12,3;11,6;12,3;11,7;100;100;100;289;1,6;,7;
2026/05/27;0900 UTC;0;1005,2;1005,4;1005,1;0;12,2;12,2;12,3;12,1;12,4;12,1;100;100;100;134;1,2;,6;
2026/05/27;1000 UTC;0;1005,6;1005,7;1005,4;0;12,2;12,3;12,4;12;12,4;12;100;100;100;275;1,1;,8;
2026/05/27;1100 UTC;0;1006,1;1006,4;1005,7;20;12,3;12,4;12,6;12;12,6;12;100;100;100;134;1,5;,8;
2026/05/27;1200 UTC;0;1006,7;1006,9;1006,3;194,7;13;13,1;13,5;12,4;13,6;12,5;100;100;100;123;3,1;1,4;
2026/05/27;1300 UTC;0;1007,2;1007,5;1006,9;358;14,1;13,7;14,7;13,5;14,1;13,5;100;96;98;101;3,6;1,6;
2026/05/27;1400 UTC;0;1007,8;1007,9;1007,5;535,7;15,1;13,8;15,5;14,7;14,1;13,5;96;91;94;112;3,1;1,5;
2026/05/27;1500 UTC;0;1007,6;1007,8;1007,4;953,1;16,3;13,4;17;15,5;14;12,9;91;79;85;86;3,5;1,7;
2026/05/27;1600 UTC;0;1007,2;1007,4;1006,8;1045,2;17,5;13,3;17,8;17;13,8;12,9;83;76;79;124;3,4;1,6;
2026/05/27;1700 UTC;0;1006,4;1006,8;1006,1;807,9;17,7;13;18;17,4;13,4;12,7;79;74;77;104;4,1;1,9;
2026/05/27;1800 UTC;0;1005,8;1006;1005,6;891,6;18,5;12,8;18,8;18;13,3;12,4;75;68;71;107;6,5;3,1;
2026/05/27;1900 UTC;0;1005,5;1005,6;1005,3;1019,5;19,2;12,9;19,7;18,7;13,2;12,5;71;65;69;120;5,4;2,9;
2026/05/27;2000 UTC;;;;;;;;;;;;;;;;;;
2026/05/27;2100 UTC;0;1005;1005,2;1004,9;113,6;17,2;12,8;18,4;16,1;13;12,5;82;72;78;118;3,5;1,5;
2026/05/27;2200 UTC;0;1004,9;1005,1;1004,8;0;15,2;12,1;16;14,2;12,5;11,8;89;82;85;112;2,2;1,1;
2026/05/27;2300 UTC;0;1005;1005,1;1005;0;13,2;11,9;14,2;12,8;12,2;11,3;96;89;93;152;1,3;,8;
2026/05/28;0000 UTC;0;1005,1;1005,2;1005,1;0;12,7;11,9;12,9;12,4;12,2;11,3;98;93;96;144;1,7;1,1;
2026/05/28;0100 UTC;0;1005,3;1005,4;1005;0;13,4;12,1;13,9;12,7;12,2;11,9;97;90;94;124;3,1;2,1;
2026/05/28;0200 UTC;0;1005,1;1005,3;1004,9;0;13,5;11,4;13,9;12,2;11,9;10,6;92;87;90;119;2,1;1,1;
2026/05/28;0300 UTC;0;1005,2;1005,4;1005,1;0;11,1;10,7;12,2;10,8;11,1;10,2;100;92;98;119;1,9;1;
2026/05/28;0400 UTC;0;1005;1005,2;1004,8;0;11,1;11,1;11,4;10,8;11,4;10,9;100;100;100;113;2;1,1;
2026/05/28;0500 UTC;0;1004,7;1004,8;1004,6;0;11,2;11,2;11,4;10,9;11,4;11;100;99;100;106;3,3;1,7;
2026/05/28;0600 UTC;0;1004,5;1004,6;1004,4;0;11,5;11,5;11,7;11,3;11,8;11,2;100;99;100;102;4,3;2,5;
2026/05/28;0700 UTC;0;1004,4;1004,5;1004,2;0;12,2;12,2;12,4;11,6;12,5;11,7;100;100;100;100;4,9;3,1;
2026/05/28;0800 UTC;0;1004,2;1004,3;1004,1;0;12,4;12,4;12,5;12,3;12,5;12,4;100;100;100;106;5,9;3,1;
2026/05/28;0900 UTC;0;1004,1;1004,3;1004;0;12,7;12,6;12,9;12,5;12,7;12,3;100;97;99;104;6,5;2,8;
2026/05/28;1000 UTC;0;1004,5;1004,6;1004,3;0;13;12,5;13,1;12,9;12,6;12,4;98;97;97;106;3,6;2;
2026/05/28;1100 UTC;0;1004,8;1004,9;1004,6;24,2;13,2;12,5;13,3;13,1;12,6;12,3;97;95;97;102;5,8;3,1;
2026/05/28;1200 UTC;0;1005,1;1005,2;1004,9;213;13,6;12,5;13,9;13,3;12,9;12,2;96;92;95;96;6,2;2,7;
2026/05/28;1300 UTC;0;1005,3;1005,6;1005,2;560,3;14,3;12,6;14,8;14;12,9;12,1;94;88;91;108;6,2;3;
2026/05/28;1400 UTC;0;1005,7;1005,8;1005,6;723,4;14,7;12,5;14,9;14,5;13;12,1;92;87;89;123;5;2,8;
2026/05/28;1500 UTC;;;;;;;;;;;;;;;;;;
2026/05/28;1600 UTC;,2;1005,1;1005,6;1004,8;1488,6;16,2;12,3;17,1;15,5;12,8;11,9;85;77;81;105;6,2;3,3;
2026/05/28;1700 UTC;0;1004,4;1004,8;1003,9;1842,1;17,8;12,8;18,9;17;13,3;12,3;78;70;75;111;6,2;2,9;
2026/05/28;1800 UTC;0;1003,9;1004,2;1003,8;1604,9;18,7;13;19,1;18,1;13,4;12,7;74;69;71;127;6,1;2,9;
2026/05/28;1900 UTC;0;1003,8;1003,9;1003,6;1097,9;18,2;12,8;18,8;17,6;13,3;12,4;76;71;73;117;6,8;2,9;
2026/05/28;2000 UTC;0;1003,7;1003,8;1003,6;634,2;17,6;12,5;17,9;17;12,7;12,2;77;72;74;119;5,8;2,4;
2026/05/28;2100 UTC;0;1003,7;1003,8;1003,5;61,6;15,8;12,2;17;15;12,4;12;86;77;82;124;3,5;1,8;
2026/05/28;2200 UTC;0;1003,7;1003,9;1003,5;0;14,6;12,1;14,9;14,3;12,1;12;89;86;87;113;3,7;1,9;
2026/05/28;2300 UTC;0;1004,3;1004,5;1003,9;0;14,1;11,9;14,4;13,9;12;11,7;90;88;89;110;3,4;1,7;
2026/05/29;0000 UTC;0;1004,5;1004,6;1004,4;0;13,9;11,7;14;13,8;11,8;11,5;90;88;89;112;4,7;2,4;
2026/05/29;0100 UTC;0;1004,5;1004,6;1004,4;0;13,9;11,7;14;13,8;11,8;11,6;90;88;89;110;4,5;2,4;
2026/05/29;0200 UTC;0;1004,4;1004,6;1004,2;0;13,9;11,7;14,1;13,8;11,8;11,6;90;88;89;102;5,6;2,9;
2026/05/29;0300 UTC;0;1004,6;1004,8;1004,4;0;13,7;11,7;13,8;13,5;11,9;11,6;92;89;90;103;5,4;2,6;
2026/05/29;0400 UTC;0;1004,5;1004,6;1004,5;0;13,4;12;13,5;13,2;12,1;11,8;94;92;93;113;5,4;2,5;
2026/05/29;0500 UTC;0;1004,4;1004,6;1004,1;0;13;12;13,2;12,9;12,1;12;96;94;95;111;4,9;2,7;
2026/05/29;0600 UTC;0;1004,3;1004,4;1004,1;0;13;12,4;13,2;12,9;12,6;12,1;97;96;97;109;4,3;2,5;
2026/05/29;0700 UTC;0;1003,8;1004,1;1003,7;0;13,3;12,9;13,4;13,2;13,1;12,6;98;97;98;115;4,3;2,4;
2026/05/29;0800 UTC;0;1004,2;1004,3;1003,8;0;13,6;13,2;13,6;13,4;13,5;13,1;99;98;98;117;3,9;1,7;
2026/05/29;0900 UTC;0;1004,1;1004,3;1004;0;13,6;13,6;13,7;13,6;13,7;13,4;100;99;100;94;4,9;3;
2026/05/29;1000 UTC;1,2;1004;1004,1;1003,9;0;13,7;13,8;13,7;13,7;13,8;13,7;100;100;100;106;5,4;2,5;
2026/05/29;1100 UTC;,2;1004,4;1004,7;1004,1;3,4;13,7;13,8;13,8;13,7;13,8;13,8;100;100;100;103;4,9;2,8;
2026/05/29;1200 UTC;0;1005;1005,4;1004,6;58,5;13,8;13,8;13,8;13,7;13,8;13,7;100;100;100;112;6;2,8;
2026/05/29;1300 UTC;0;1005,2;1005,6;1004,8;167,3;13,9;13,8;14,1;13,7;13,9;13,7;100;99;100;116;5,6;2,7;
2026/05/29;1400 UTC;1,2;1005,5;1005,8;1005,3;153,1;14,2;14,1;14,5;14,1;14,3;13,8;100;98;99;105;4,8;2,8;
2026/05/29;1500 UTC;1;1005,7;1005,8;1005,5;262,7;14,6;14,4;14,9;14,4;14,7;14,2;99;98;99;103;5,5;2,9;
2026/05/29;1600 UTC;1;1005,4;1005,6;1005,2;282,1;15;14,6;15,1;14,9;14,8;14,4;99;98;98;118;4;2;
2026/05/29;1700 UTC;1;1004,7;1005,3;1003,8;189,4;15;14,6;15,1;14,9;14,8;14,4;98;97;98;114;4,9;2,5;
2026/05/29;1800 UTC;,8;1003,3;1003,9;1002,7;250,7;15,1;14,6;15,1;15;14,9;14,4;99;97;98;79;7;2,8;
2026/05/29;1900 UTC;0;1003,1;1004;1002,5;85,4;15,1;14,5;15,1;15;14,7;14,3;98;96;97;164;5;2,2;
2026/05/29;2000 UTC;,2;1004;1004,2;1003,8;57,1;15;14,4;15,1;15;14,6;14,2;98;96;97;103;4,5;2,8;
2026/05/29;2100 UTC;0;1003,8;1004;1003,6;12,1;15;14,3;15;14,9;14,4;14,2;97;96;97;111;5,7;2,5;
2026/05/29;2200 UTC;0;1003,9;1004,1;1003,6;0;14,9;14,3;15;14,7;14,4;14,2;98;96;97;85;2,8;1,2;
2026/05/29;2300 UTC;0;1004;1004,2;1003,8;0;14,6;14,3;14,7;14,4;14,5;14,2;100;98;99;75;2,8;1,4;
2026/05/30;0000 UTC;0;1004,1;1004,2;1003,9;0;14,2;14,3;14,4;14,1;14,4;14,1;100;100;100;114;2,3;1,4;
2026/05/30;0100 UTC;0;1004,1;1004,3;1004,1;0;14,2;14,2;14,3;14,1;14,3;14,1;100;100;100;169;3,5;1,4;
2026/05/30;0200 UTC;0;1004,4;1004,7;1004,2;0;14,2;14,3;14,4;14,1;14,4;14,2;100;100;100;137;3;1,5;
2026/05/30;0300 UTC;,2;1004,6;1004,7;1004,4;0;14,4;14,3;14,5;14,3;14,4;14,3;100;99;100;108;3,2;1,4;
2026/05/30;0400 UTC;0;1004,4;1004,6;1004,3;0;14,3;14,3;14,4;14,2;14,4;14,2;100;100;100;106;2,6;1;
2026/05/30;0500 UTC;0;1004,2;1004,3;1004,1;0;14;14,1;14,2;13,8;14,2;13,8;100;100;100;164;2;,5;
2026/05/30;0600 UTC;0;1004,3;1004,4;1004,1;0;13,9;13,9;14;13,7;14,1;13,8;100;100;100;86;1,4;,7;
2026/05/30;0700 UTC;0;1004,1;1004,2;1003,9;0;14;14,1;14,1;13,9;14,2;14;100;100;100;96;1,8;,5;
2026/05/30;0800 UTC;0;1004;1004,1;1003,9;0;14,1;14,2;14,2;14;14,3;14,1;100;100;100;122;1,6;,7;
2026/05/30;0900 UTC;0;1004,3;1004,4;1004,1;0;14,5;14,5;14,5;14,2;14,6;14,3;100;100;100;98;3,7;2,3;
2026/05/30;1000 UTC;0;1004,5;1004,7;1004,3;0;14,5;14,6;14,5;14,4;14,6;14,5;100;100;100;101;3,2;1,9;
2026/05/30;1100 UTC;0;1005,2;1005,6;1004,8;13,9;14,4;14,5;14,5;14,4;14,6;14,4;100;100;100;65;1,6;,8;
2026/05/30;1200 UTC;0;1005,9;1006,2;1005,7;149;14,5;14,6;14,6;14,5;14,7;14,5;100;100;100;45;1,3;,8;
2026/05/30;1300 UTC;0;1006,4;1006,7;1006,2;446,4;14,8;14,9;15,2;14,5;15,3;14,6;100;99;100;171;1,4;,7;
2026/05/30;1400 UTC;0;1006,7;1006,7;1006,7;869,1;16,3;15;16,7;15,2;15,6;14,5;100;90;93;90;1,6;,8;
2026/05/30;1500 UTC;;;;;;;;;;;;;;;;;;
2026/05/30;1600 UTC;0;1006,2;1006,6;1005,8;699,8;17,1;15,1;17,4;16,9;15,5;14,8;92;88;90;255;2,4;1;
2026/05/30;1700 UTC;0;1005,4;1005,7;1005;765,4;17,7;15,4;17,9;17,4;15,9;14,9;91;87;89;293;3,6;1,8;
2026/05/30;1800 UTC;0;1004,8;1005;1004,7;415,8;17,7;15,5;17,9;17,6;15,9;15,2;91;88;89;302;3,2;1,6;
2026/05/30;1900 UTC;0;1004,6;1004,7;1004,5;401,9;17,7;15,4;17,8;17,5;15,7;15,1;90;87;89;262;2,6;1,6;
2026/05/30;2000 UTC;0;1004,4;1004,5;1004,3;156,9;17,5;15,3;17,7;17,3;15,6;15;91;87;89;227;2,9;2;
2026/05/30;2100 UTC;0;1004,7;1004,9;1004,4;13,1;17,1;15,3;17,3;17;15,6;15,1;93;90;91;188;1,5;,6;
2026/05/30;2200 UTC;0;1005;1005,2;1004,8;0;16,9;15,6;17;16,8;15,9;15,3;95;91;94;307;1;,6;
2026/05/30;2300 UTC;0;1005,3;1005,4;1005,2;0;16,7;15,8;16,8;16,5;15,9;15,6;97;95;96;288;1,2;,5;
2026/05/31;0000 UTC;0;1005,4;1005,4;1005,3;0;16,4;15,7;16,5;16,4;15,8;15,7;97;96;97;255;,8;,6;
2026/05/31;0100 UTC;0;1005,4;1005,5;1005,3;0;16,4;15,8;16,4;16,3;15,9;15,6;98;96;97;282;1,5;,6;
2026/05/31;0200 UTC;0;1005,4;1005,5;1005,3;0;16,2;15,8;16,3;16,1;15,9;15,8;99;98;98;306;2,6;1,6;
2026/05/31;0300 UTC;0;1005,4;1005,5;1005,3;0;16;15,7;16,1;15,9;15,9;15,6;99;98;98;272;2,1;1,4;
2026/05/31;0400 UTC;0;1005,4;1005,4;1005,3;0;15,8;15,6;15,9;15,8;15,7;15,4;99;98;99;263;2,6;1,9;
2026/05/31;0500 UTC;0;1005,2;1005,4;1005,1;0;15,8;15,4;15,9;15,8;15,5;15,3;98;97;98;316;1,7;1,2;
2026/05/31;0600 UTC;0;1005;1005,2;1004,8;0;15,8;15,3;15,8;15,8;15,4;15,3;98;97;98;175;,9;,5;
2026/05/31;0700 UTC;0;1004,7;1004,8;1004,7;0;15,7;15,2;15,8;15,6;15,4;14,9;98;96;97;249;1,2;,9;
2026/05/31;0800 UTC;0;1004,6;1004,7;1004,5;0;15,5;15;15,6;15,3;15,1;14,9;99;97;97;295;1,7;,8;
2026/05/31;0900 UTC;0;1004,6;1004,8;1004,5;0;15;15;15,3;14,8;15,1;14,8;100;99;100;288;2,2;1;
2026/05/31;1000 UTC;0;1005,1;1005,3;1004,8;0;14,3;14,4;14,8;14;14,8;14,1;100;100;100;288;2,2;,8;
2026/05/31;1100 UTC;0;1005,6;1005,8;1005,3;32,1;13,7;13,8;14;13,4;14,1;13,4;100;100;100;292;2,8;1,4;
2026/05/31;1200 UTC;0;1006,1;1006,3;1005,8;419,5;13,9;14;14,2;13,4;14,3;13,4;100;100;100;290;3;1,4;
2026/05/31;1300 UTC;0;1006,6;1006,9;1006,3;411,8;14,1;14,1;14,4;13,8;14,4;13,9;100;100;100;292;3,8;1,8;
2026/05/31;1400 UTC;0;1007,1;1007,2;1006,8;559,6;14,3;14,2;14,7;14;14,6;13,7;100;96;99;274;3,9;2,3;
2026/05/31;1500 UTC;0;1006,9;1007,2;1006,6;1012,8;15,2;13,9;16,2;14,7;14,3;13,1;97;85;93;227;4,4;3,1;
2026/05/31;1600 UTC;0;1006,4;1006,6;1006,1;2049;16,7;12,8;17,4;16,2;13,9;12;88;74;80;273;2,8;1,3;
2026/05/31;1700 UTC;0;1005,8;1006,1;1005,5;2371,9;18,6;12,4;19,7;17,3;13,4;11,6;79;63;69;300;3,7;2;
2026/05/31;1800 UTC;0;1005,1;1005,5;1004,8;1495,5;18,7;11,7;19,3;17,7;12,7;10,7;74;57;65;272;4,1;2,2;
2026/05/31;1900 UTC;;;;;;;;;;;;;;;;;;
2026/05/31;2000 UTC;0;1004,7;1004,8;1004,7;710,2;18,7;11,6;19,4;18,3;12,3;11;70;60;65;253;2,1;1,6;
2026/05/31;2100 UTC;0;1004,6;1004,7;1004,5;110,4;17,2;11,7;18,5;15,5;12,2;10,9;83;63;73;174;1,7;,9;
2026/05/31;2200 UTC;0;1004,5;1004,6;1004,4;0;14,9;11,8;15,5;14,4;12,2;11,5;87;83;85;154;1,4;,8;
2026/05/31;2300 UTC;0;1004,6;1004,8;1004,5;0;14,1;11,7;14,5;13,3;11,9;10,9;90;86;88;105;2;1;
2026/06/01;0000 UTC;0;1004,7;1004,8;1004,7;0;12,4;11,6;12,9;12;11,9;10,8;97;90;96;63;1,7;1,2;
2026/06/01;0100 UTC;0;1004,7;1004,7;1004,6;0;12,1;11,7;12,3;11,8;11,9;11,6;99;97;98;73;1,6;,9;
2026/06/01;0200 UTC;0;1004,4;1004,7;1004,2;0;11,2;11,2;11,8;10,8;11,7;10,9;100;99;100;91;1,4;,8;
2026/06/01;0300 UTC;0;1004,6;1004,7;1004,3;0;10,6;10,7;10,9;10,4;11;10,5;100;100;100;73;,9;,3;
2026/06/01;0400 UTC;0;1004,8;1004,9;1004,6;0;9,9;10;10,4;9,6;10,5;9,6;100;100;100;305;1,1;,6;
2026/06/01;0500 UTC;0;1004,9;1005;1004,7;0;9,1;9,2;9,6;8,7;9,6;8,8;100;100;100;91;1,1;,8;
2026/06/01;0600 UTC;0;1004,8;1004,9;1004,7;0;8,9;8,9;9,2;8,6;9,3;8,7;100;100;100;230;,7;,4;
2026/06/01;0700 UTC;0;1004,8;1004,9;1004,6;0;8,5;8,5;8,7;8,1;8,7;8,1;100;100;100;313;1,6;1;
2026/06/01;0800 UTC;0;1004,8;1004,9;1004,7;0;8,1;8,2;8,6;7,6;8,6;7,7;100;100;100;274;2;1,3;
2026/06/01;0900 UTC;;;;;;;;;;;;;;;;;;
2026/06/01;1000 UTC;0;1005,5;1005,8;1005;0;8,8;8,9;8,9;8,6;9;8,7;100;100;100;188;1,1;,7;
2026/06/01;1100 UTC;0;1006,2;1006,5;1005,8;20,7;8,6;8,7;9,1;8,4;9,2;8,4;100;100;100;161;2;,9;
2026/06/01;1200 UTC;0;1006,9;1007,1;1006,5;183,1;8,9;9;9,2;8,5;9,3;8,6;100;100;100;103;1,8;,9;
2026/06/01;1300 UTC;0;1007,4;1007,7;1007,1;445,9;9,8;9,8;10,5;9,2;10,6;9,3;100;100;100;54;2,5;1,3;
2026/06/01;1400 UTC;0;1007,9;1008;1007,7;798,5;11;11;11,8;10,4;11,7;10,5;100;98;100;251;1,9;,9;
2026/06/01;1500 UTC;0;1008;1008;1007,9;1199,1;12,7;11,5;13,9;11,8;12,1;10,8;99;85;94;90;2,6;,9;
2026/06/01;1600 UTC;0;1007,6;1007,9;1007,3;2322,9;15,2;11,4;16,4;13,9;12,1;10,7;87;71;81;103;3;1,4;
2026/06/01;1700 UTC;0;1006,9;1007,3;1006,6;1514,6;15,7;11,2;16,5;14,9;11,7;10,8;82;73;77;95;3,4;1,9;
2026/06/01;1800 UTC;0;1006,4;1006,6;1006,1;1755;16,2;11,1;17,2;15,4;11,7;10,6;79;69;75;151;2,9;1,4;
2026/06/01;1900 UTC;;;;;;;;;;;;;;;;;;
2026/06/01;2000 UTC;0;1006;1006,1;1005,9;390,1;16;10,8;16,1;15,9;11,1;10,4;76;72;74;171;1,7;,8;
2026/06/01;2100 UTC;;;;;;;;;;;;;;;;;;
2026/06/01;2200 UTC;0;1006,1;1006,3;1005,9;0;14;11,1;14,2;13,7;11,4;10,9;88;84;86;145;3,3;1,2;
2026/06/01;2300 UTC;0;1006,5;1006,6;1006,3;0;13,5;11,4;13,9;13,2;11,7;11,1;92;86;90;124;2,6;1,3;
2026/06/02;0000 UTC;0;1006,8;1007;1006,5;0;13;11,6;13,2;12,8;11,7;11,3;95;91;93;118;2,6;1,4;
2026/06/02;0100 UTC;0;1006,9;1007;1006,8;0;12,7;11,5;13,1;12,6;11,8;11,3;96;92;94;128;3,2;1,5;
2026/06/02;0200 UTC;0;1007,1;1007,4;1006,8;0;11,8;11,3;12,8;11,2;12;10,8;100;94;98;153;2,9;1,1;
2026/06/02;0300 UTC;0;1007,4;1007,5;1007,3;0;13;12,2;13,4;12,1;12,3;11,9;99;94;96;133;4,2;2,1;
2026/06/02;0400 UTC;0;1007,2;1007,4;1007;0;13,5;11,7;13,7;13,2;12,3;11;94;89;91;114;7,2;3,8;
2026/06/02;0500 UTC;0;1007,2;1007,3;1007;0;13;10,7;13,2;12,6;11;10,4;89;88;88;107;5,3;2,8;
2026/06/02;0600 UTC;0;1007,3;1007,4;1007,1;0;12,5;10;12,7;12,2;10,4;9,8;89;87;88;109;5;2,4;
2026/06/02;0700 UTC;0;1007;1007,2;1006,8;0;11,9;9,8;12,2;11,6;10;9,7;91;88;89;116;3,5;1,7;
2026/06/02;0800 UTC;0;1007;1007;1006,8;0;11;9,7;11,5;10,7;9,8;9,6;95;91;94;113;2,9;1,4;
2026/06/02;0900 UTC;0;1007;1007,2;1006,7;0;10,5;9,6;10,7;10,4;9,7;9,5;96;94;96;136;3,8;2;
2026/06/02;1000 UTC;0;1007,5;1007,9;1007,2;0;10,8;9,6;10,9;10,6;9,7;9,5;95;94;94;121;4,1;1,7;
2026/06/02;1100 UTC;0;1008,3;1008,7;1007,9;43,2;10,2;9,5;10,6;10;9,8;9,2;98;94;96;78;2,8;1,2;
2026/06/02;1200 UTC;0;1009;1009,3;1008,6;354,7;11,6;10,5;12,4;10,3;11;9,9;98;91;95;97;6,8;4,4;
2026/06/02;1300 UTC;0;1009,5;1009,8;1009,2;825,6;13;10,9;13,8;12,2;11,3;10,6;93;84;89;103;5,4;3;
2026/06/02;1400 UTC;0;1009,9;1010;1009,8;1488,5;14,5;11;15,8;13,5;11,8;10,5;87;77;82;115;5,5;3;
2026/06/02;1500 UTC;;;;;;;;;;;;;;;;;;
2026/06/02;1600 UTC;0;1009,2;1009,7;1008,7;2027,7;16,3;11,3;16,9;15,6;11,7;10,7;77;72;75;119;6,5;3,3;
2026/06/02;1700 UTC;0;1008,4;1008,7;1008;1735,8;17,2;11,5;17,5;16,8;12;11,1;74;69;72;106;6,7;3,3;
2026/06/02;1800 UTC;0;1008,1;1008,3;1008;1398,8;17,6;11,7;17,8;17,4;12,2;11,2;73;68;70;106;6,9;3,6;
2026/06/02;1900 UTC;0;1007,8;1008;1007,4;770,2;17,2;11,7;17,8;16,7;12,1;11,3;75;69;72;121;6,6;3;
2026/06/02;2000 UTC;0;1007,9;1008,1;1007,5;637,6;16,9;11,5;17,3;16,6;11,8;11,3;75;71;73;114;5,9;3,1;
2026/06/02;2100 UTC;0;1008;1008,1;1007,8;111,3;15,6;11,2;16,5;14,6;11,5;11;82;74;78;118;4,6;2,1;
2026/06/02;2200 UTC;0;1007,9;1008;1007,8;0;13,7;11;14,6;12,7;11,1;10,8;91;82;86;100;3,4;1,8;
2026/06/02;2300 UTC;0;1007,9;1008;1007,8;0;12,3;10,8;12,7;11,9;11;10,5;94;90;92;121;2,9;1,3;
2026/06/03;0000 UTC;0;1007,8;1008;1007,7;0;12,3;10,9;12,6;12,2;10,9;10,8;94;91;93;116;3;1,6;
2026/06/03;0100 UTC;0;1008;1008,3;1007,8;0;12,2;10,9;12,4;12,1;11;10,8;94;92;93;121;2,6;1,5;
2026/06/03;0200 UTC;0;1008,3;1008,7;1008,2;0;12,1;10,9;12,3;11,7;11;10,6;96;93;94;160;3,2;1;
2026/06/03;0300 UTC;0;1008,7;1008,9;1008,5;0;11,8;10,8;12,1;11,7;10,9;10,6;96;94;95;124;2,4;1,5;
2026/06/03;0400 UTC;0;1008,8;1009;1008,5;0;11,9;10,6;12,2;11,2;10,8;10,2;95;92;94;100;3,4;2,2;
2026/06/03;0500 UTC;;;;;;;;;;;;;;;;;;
2026/06/03;0600 UTC;0;1007,6;1007,9;1007,3;0;12,1;12,1;12,3;11,4;12,4;11,5;100;100;100;99;5;3,2;
2026/06/03;0700 UTC;0;1007,4;1007,5;1007,2;0;12,2;12,3;12,3;12,1;12,4;12,2;100;100;100;100;4,1;2,5;
2026/06/03;0800 UTC;0;1007,4;1007,5;1007,1;0;12,3;12,3;12,5;12,1;12,5;12,2;100;100;100;110;4,4;1,9;
2026/06/03;0900 UTC;0;1007,4;1007,6;1007,2;0;12,6;12,7;12,8;12,5;12,8;12,5;100;100;100;100;5,4;3,3;
2026/06/03;1000 UTC;0;1007,4;1007,6;1007,2;0;12,5;12,6;12,6;12,4;12,7;12,4;100;100;100;77;4,5;2;
2026/06/03;1100 UTC;0;1008;1008,4;1007,6;12;12,3;12,4;12,5;12,2;12,6;12,2;100;100;100;90;4,7;1,7;
2026/06/03;1200 UTC;0;1008,6;1008,7;1008,4;122,8;12,5;12,5;12,7;12,4;12,7;12,4;100;100;100;101;4,4;2,1;
2026/06/03;1300 UTC;0;1009,1;1009,6;1008,7;265,5;12,8;12,9;13,1;12,6;13,1;12,6;100;100;100;105;4,1;2,3;
2026/06/03;1400 UTC;0;1009,6;1009,7;1009,5;458,4;13,2;13,1;13,8;12,9;13,3;12,8;100;96;99;77;3,7;1,9;
2026/06/03;1500 UTC;;;;;;;;;;;;;;;;;;
2026/06/03;1600 UTC;0;1009,3;1009,4;1009,1;881,7;15,1;12,7;15,3;14,6;12,9;12,3;91;86;88;108;2,6;1,2;
2026/06/03;1700 UTC;0;1008,6;1009,1;1008,2;1614,5;16,9;13;18,8;15,3;13,9;12,5;88;74;81;118;3,7;2,1;
2026/06/03;1800 UTC;0;1008;1008,3;1007,9;1775;18,7;13,8;19,5;17,8;14,5;13,3;79;72;76;122;3,8;1,6;
2026/06/03;1900 UTC;0;1007,8;1007,9;1007,7;1251,5;19,8;14,4;20,1;19,5;14,9;13,9;75;71;73;123;3,4;1,9;
2026/06/03;2000 UTC;0;1007,7;1007,8;1007,6;627,8;19,7;14,5;20,1;19,2;14,9;14,4;77;72;74;124;3,5;1,7;
2026/06/03;2100 UTC;0;1007,9;1008;1007,9;89,1;18;14,4;19,2;16,7;14,6;14,1;88;77;82;149;3,1;1,7;
2026/06/03;2200 UTC;0;1008;1008;1007,8;0;16,4;14,1;16,8;15,7;14,3;13,8;91;87;89;143;4,8;2,4;
2026/06/03;2300 UTC;0;1008,1;1008,4;1007,9;0;14,9;13,8;15,7;14,4;13,9;13,6;97;91;94;149;4,1;2,6;
2026/06/04;0000 UTC;0;1008,5;1008,6;1008,3;0;14,3;13,5;14,4;14,2;13,6;13,2;96;95;96;132;3;1,5;
2026/06/04;0100 UTC;0;1008,5;1008,6;1008,4;0;13,1;12,8;14,2;12,6;13,5;12,1;100;92;99;118;1,6;,9;
2026/06/04;0200 UTC;0;1008,5;1008,8;1008,4;0;12,6;12,7;12,9;12,4;13;12,5;100;100;100;184;1;,6;
2026/06/04;0300 UTC;0;1008,8;1009;1008,7;0;11,7;11,7;12,4;11,1;12,4;11,2;100;100;100;135;2;1,2;
2026/06/04;0400 UTC;0;1008,8;1008,9;1008,7;0;11;11,1;12;10,4;12;10,5;100;100;100;97;,6;,2;
2026/06/04;0500 UTC;;;;;;;;;;;;;;;;;;
2026/06/04;0600 UTC;,2;1008,8;1008,9;1008,7;0;10,7;10,8;11;10,5;11;10,6;100;100;100;108;,9;,5;
2026/06/04;0700 UTC;0;1008,8;1008,9;1008,7;0;11,2;11,3;11,3;11;11,4;11;100;100;100;108;1,7;,9;
2026/06/04;0800 UTC;0;1008,5;1008,7;1008,3;0;10,9;11;11;10,8;11,1;10,9;100;100;100;108;1,2;,6;
2026/06/04;0900 UTC;0;1008,6;1008,8;1008,4;0;10,7;10,7;11;10,4;11,1;10,5;100;100;100;149;2,7;1,7;
2026/06/04;1000 UTC;0;1009;1009,2;1008,9;0;10,5;10,6;10,7;10,2;10,8;10,3;100;100;100;141;2;1;
2026/06/04;1100 UTC;0;1009,4;1009,6;1009,2;26;9,8;9,9;10,3;9,4;10,4;9,5;100;100;100;138;1,9;1,1;
2026/06/04;1200 UTC;0;1009,9;1010,3;1009,6;363,3;10,7;10,7;11,7;10,1;11,7;10,1;100;100;100;154;2,6;1,4;
2026/06/04;1300 UTC;0;1010,4;1010,6;1010,3;978,5;12,7;12,7;14;11,5;13,9;11,5;100;98;100;139;2,6;1,5;
2026/06/04;1400 UTC;0;1010,6;1010,7;1010,5;1638,5;15,7;13,5;17,1;14;14,3;12,7;99;80;89;110;2,6;1,4;
2026/06/04;1500 UTC;0;1010,7;1010,9;1010,5;2021,1;17,5;13,7;17,9;17;14,4;13;86;77;81;159;4;2,1;
2026/06/04;1600 UTC;0;1010;1010,4;1009,7;2165,3;19,3;13,8;20,6;17,7;14,5;13,4;84;67;73;82;3,9;1,9;
2026/06/04;1700 UTC;0;1009,4;1009,7;1009;2083,4;21,1;14,2;21,5;20,4;14,7;13,6;69;63;65;108;3,8;1,7;
2026/06/04;1800 UTC;0;1008,7;1009;1008,5;1793,4;21,7;14,5;22,2;21,2;15,1;14,2;67;61;64;117;4,4;2,1;
2026/06/04;1900 UTC;0;1008,2;1008,5;1008,1;1052,6;21,7;14,7;22,2;20,8;15,1;14,5;70;62;65;120;3,6;1,8;
2026/06/04;2000 UTC;0;1008;1008,1;1007,9;534,5;20,6;14,7;20,9;19,9;15,2;14,5;74;69;70;118;4,8;2,2;
2026/06/04;2100 UTC;0;1007,8;1007,9;1007,7;90;18,8;14,3;19,9;18;14,6;14,1;81;73;78;120;4;2;
2026/06/04;2200 UTC;0;1007,4;1007,7;1007,3;0;17,5;13,8;17,9;17,2;14,1;13,5;83;81;82;114;4,1;1,7;
2026/06/04;2300 UTC;0;1007,4;1007,4;1007,3;0;16,9;13,5;17,4;16,3;13,6;13,4;86;80;83;105;2,6;1,7;
2026/06/05;0000 UTC;0;1007,4;1007,4;1007,3;0;15,9;13,4;16,4;15,5;13,6;13,2;89;86;87;109;2,5;1,1;
2026/06/05;0100 UTC;0;1007,3;1007,4;1007,2;0;15,2;13,2;15,4;15;13,3;12,9;91;89;90;112;2,5;1,2;
2026/06/05;0200 UTC;;;;;;;;;;;;;;;;;;
2026/06/05;0300 UTC;0;1006,9;1007,1;1006,7;0;14,1;12,6;14,5;13,8;12,7;12,3;94;90;92;104;3;1,7;
2026/06/05;0400 UTC;0;1006,5;1006,7;1006,2;0;13,3;12,3;14,1;12,7;12,5;12,1;98;92;95;96;1,2;,4;
2026/06/05;0500 UTC;;;;;;;;;;;;;;;;;;
2026/06/05;0600 UTC;0;1005,8;1005,9;1005,7;0;12,7;12,4;12,9;12,1;12,9;11,4;100;96;99;173;1,9;1,2;
2026/06/05;0700 UTC;0;1005,7;1005,8;1005,6;0;12,2;12,1;12,5;11,7;12,6;10,9;100;95;99;167;2,3;1;
2026/06/05;0800 UTC;0;1005,8;1005,9;1005,6;0;11,2;11;12,4;10;12,5;10,1;100;96;99;261;1;,5;
2026/06/05;0900 UTC;0;1005,9;1006;1005,8;0;10,3;10,4;10,5;10,1;10,6;10,2;100;100;100;102;1,1;,7;
2026/06/05;1000 UTC;0;1005,9;1006;1005,9;0;11,1;11,2;11,7;10,2;11,8;10,3;100;100;100;97;2,1;1,5;
2026/06/05;1100 UTC;,2;1006;1006,2;1005,9;45,8;11,8;11,8;12,4;11;12,5;11;100;99;100;121;1,2;,7;
2026/06/05;1200 UTC;0;1006,5;1006,8;1006,2;427,2;13,8;12,8;15,2;12,2;13,5;12;100;87;95;127;1,8;1;
2026/06/05;1300 UTC;0;1007,2;1007,4;1006,7;676;16;13,5;16,7;15,3;14,5;12,7;91;85;88;116;1,6;,8;
2026/06/05;1400 UTC;0;1007,1;1007,3;1007;1207,1;18,7;14,4;20,6;16,7;15,1;13,9;88;68;78;67;3,6;1,7;
2026/06/05;1500 UTC;0;1007,1;1007,2;1006,9;1823,8;21,7;14,7;22,6;20,6;15,4;14,1;70;62;65;38;3,2;1,9;
2026/06/05;1600 UTC;0;1006,6;1006,9;1006,3;1713,7;23,2;15,4;24;22,7;16,3;15;64;56;61;77;3,5;1,6;
2026/06/05;1700 UTC;0;1005,8;1006,3;1005,4;2023;24,7;16,3;25,4;24;17;15,5;60;56;58;196;4,8;2,6;
2026/06/05;1800 UTC;0;1005,1;1005,5;1004,8;1665,7;25,4;16,6;25,9;25;17;16,2;59;54;56;262;4,8;2,2;
2026/06/05;1900 UTC;0;1004,4;1004,8;1004,2;1214,9;25,7;16,6;25,8;25,5;17;16,2;56;53;55;128;4;1,9;
2026/06/05;2000 UTC;;;;;;;;;;;;;;;;;;
2026/06/05;2100 UTC;0;1004,1;1004,3;1003,9;69;22,2;16,1;23,3;21,1;16,5;16;75;65;70;246;1;,7;
2026/06/05;2200 UTC;0;1003,7;1004;1003,5;0;20,5;15,6;21,1;19,9;16,1;15,3;78;74;76;110;1,3;,6;
2026/06/05;2300 UTC;0;1003,6;1003,6;1003,5;0;19,4;15,7;20;19;16,3;15,4;83;78;81;;;;
2026/06/06;0000 UTC;0;1003,4;1003,6;1003,2;0;18,4;15,7;19;17,8;16;15,5;89;83;86;;;;
2026/06/06;0100 UTC;0;1003,3;1003,4;1003,2;0;17,7;15,7;18;17,3;15,9;15,5;93;88;90;25;1,2;1;
2026/06/06;0200 UTC;0;1003,1;1003,3;1003;0;16,7;15,7;17,2;16,4;15,9;15,4;97;92;95;44;1,3;1,2;
2026/06/06;0300 UTC;0;1003,2;1003,2;1003,1;0;16,2;15,4;16,7;15,7;15,7;15;99;95;96;208;1,1;,5;
2026/06/06;0400 UTC;0;1003;1003,1;1002,9;0;15,5;15,3;15,7;15,3;15,5;15,1;100;98;99;272;1,3;,6;
2026/06/06;0500 UTC;0;1002,9;1003;1002,8;0;15,2;14,8;15,3;15;15,2;14,4;99;96;98;321;1,5;,8;
2026/06/06;0600 UTC;0;1002,7;1002,8;1002,4;0;14,7;14,4;15;14,5;14,7;14,2;100;97;99;322;1,2;,7;
2026/06/06;0700 UTC;0;1002,2;1002,4;1002,1;0;14,5;14,5;14,6;14,3;14,6;14,3;100;99;100;241;,7;,3;
2026/06/06;0800 UTC;0;1002;1002,2;1001,8;0;14,1;14,1;14,4;13,8;14,5;13,8;100;100;100;39;1,7;1,1;
2026/06/06;0900 UTC;0;1001,6;1001,8;1001,5;0;13,5;13,5;13,8;13,3;13,8;13,4;100;100;100;41;2,1;1,7;
2026/06/06;1000 UTC;0;1001,8;1002;1001,6;0;13,3;13,4;13,4;13,2;13,5;13,3;100;100;100;41;1,8;1,6;
2026/06/06;1100 UTC;0;1002,1;1002,5;1001,9;22,8;13,6;13,6;13,8;13,4;13,9;13,5;100;100;100;49;1,4;,9;
2026/06/06;1200 UTC;0;1002,5;1002,5;1002,3;234,8;14,5;14,4;15,3;13,9;14,9;13,9;100;97;99;53;1,7;1,2;
2026/06/06;1300 UTC;0;1002,7;1003;1002,3;841,8;16,8;15;18,6;15,3;15,8;14,4;97;84;91;105;2,2;1,3;
2026/06/06;1400 UTC;0;1003,1;1003,2;1002,9;1266,3;19,6;15,9;20,6;18,7;16,4;15,4;86;77;82;313;2,4;1,5;
2026/06/06;1500 UTC;0;1003;1003,2;1002,8;1687,2;21,5;16,2;22,3;20,6;16,7;15,9;79;70;74;280;3;1,5;
2026/06/06;1600 UTC;0;1002,3;1002,8;1002;1781;22,8;16,2;23,3;22,2;16,8;15,7;72;65;67;295;3,8;2;
2026/06/06;1700 UTC;0;1001,6;1002;1001,1;1663,6;23,5;16,7;23,7;23,2;17,2;16,3;69;64;66;275;3,9;2;
2026/06/06;1800 UTC;0;1001;1001,2;1000,8;1265,3;23,4;16,7;23,7;23,1;17;16,2;69;63;66;263;3,4;2,1;
2026/06/06;1900 UTC;0;1000,9;1001;1000,9;909,4;23,4;16,7;23,8;23,1;17,2;16,3;69;64;66;273;3,3;2;
2026/06/06;2000 UTC;;;;;;;;;;;;;;;;;;
2026/06/06;2100 UTC;0;1000,7;1000,8;1000,6;62,6;21,6;16,6;22,2;20,9;17,2;16,1;78;72;75;199;1,5;1,1;
2026/06/06;2200 UTC;0;1000,6;1000,7;1000,6;0;20,1;16,1;20,8;19,9;16,4;16;82;76;80;171;,9;,5;
2026/06/06;2300 UTC;0;1000,7;1000,8;1000,6;0;19,1;16,3;19,9;18,5;16,5;16;88;81;86;62;,8;,4;
2026/06/07;0000 UTC;0;1000,7;1000,8;1000,7;0;18,4;16,7;18,6;18,1;17;16,2;94;88;91;50;1,7;1,4;
2026/06/07;0100 UTC;0;1000,7;1000,7;1000,6;0;17,9;16,9;18,2;17,6;17;16,8;96;94;95;87;1,4;,7;
2026/06/07;0200 UTC;0;1000,8;1000,9;1000,7;0;17,8;16,8;17,9;17,7;16,8;16,7;96;94;95;105;1;,7;
2026/06/07;0300 UTC;0;1000,8;1000,9;1000,7;0;17,5;16,8;17,9;17,2;16,9;16,6;97;95;96;88;1,2;,8;
2026/06/07;0400 UTC;0;1000,6;1000,7;1000,5;0;16,8;16,5;17,2;16,3;16,8;16,2;100;97;99;114;1,2;,3;
2026/06/07;0500 UTC;0;1000,6;1000,8;1000,4;0;16;16;16,4;15,7;16,4;15,8;100;100;100;196;1;,8;
2026/06/07;0600 UTC;0;1000,4;1000,7;1000;0;16;16,1;16,3;15,8;16,3;15,8;100;100;100;171;,8;,5;
2026/06/07;0700 UTC;0;999,8;1000;999,5;0;16,1;16,1;16,4;15,5;16,4;15,5;100;100;100;217;2;1;
2026/06/07;0800 UTC;0;999,6;999,7;999,4;0;15,4;15,5;15,8;15,2;15,9;15,2;100;100;100;80;1,6;,9;
2026/06/07;0900 UTC;0;999,6;999,9;999,4;0;15,4;15,5;15,8;15,2;15,8;15,3;100;100;100;115;1;,5;
2026/06/07;1000 UTC;0;1000,3;1000,8;999,9;0;16;16,1;16,2;15,6;16,2;15,7;100;100;100;175;2,1;1,1;
2026/06/07;1100 UTC;11,9;1001,5;1001,8;1000,8;0;15,8;15,9;16,2;15,4;16,3;15,5;100;100;100;249;1,4;,8;
2026/06/07;1200 UTC;5,1;1001,3;1001,8;1001;21,3;16,1;16,2;16,4;16;16,5;16;100;100;100;77;3,6;1,6;
2026/06/07;1300 UTC;,8;1001;1001,2;1000,7;190,4;16,6;16,7;16,8;16,4;16,8;16,5;100;100;100;66;2,7;1,4;
2026/06/07;1400 UTC;,2;1001,4;1001,6;1001,1;325,8;17;17;17,2;16,7;17,3;16,8;100;100;100;120;5,1;2,7;
2026/06/07;1500 UTC;0;1001,8;1002;1001,5;513,2;16,8;16,8;16,9;16,7;16,9;16,7;100;100;100;98;4,3;2,2;
2026/06/07;1600 UTC;0;1001,7;1002,1;1001,2;363;16,7;16,8;16,9;16,6;17;16,7;100;100;100;106;3,8;1,9;
2026/06/07;1700 UTC;0;1000,6;1001,1;1000,4;322,1;16,7;16,7;16,8;16,6;16,8;16,6;100;100;100;109;3,9;1,9;
2026/06/07;1800 UTC;0;1000,4;1000,5;1000,3;286,7;16,5;16,6;16,8;16,4;16,8;16,4;100;100;100;123;4,1;2,1;
2026/06/07;1900 UTC;0;1000,3;1000,5;1000,2;237,2;16,5;16,4;16,6;16,4;16,6;16,3;100;99;100;109;5,6;2,6;
2026/06/07;2000 UTC;0;1000,2;1000,5;1000,1;88;16,3;16,2;16,4;16,2;16,4;16,1;100;100;100;111;5,7;2,5;
2026/06/07;2100 UTC;;;;;;;;;;;;;;;;;;
2026/06/07;2200 UTC;0;1001;1001,3;1000,8;0;16,3;15,8;16,3;16,2;15,9;15,7;98;97;98;118;5,9;2,6;
2026/06/07;2300 UTC;0;1001,2;1001,5;1000,9;0;16,2;15,6;16,2;16,2;15,8;15,4;98;96;97;105;5,2;2,8;
2026/06/08;0000 UTC;0;1001,7;1001,9;1001,5;0;16,2;15,3;16,2;16,2;15,5;15;97;94;96;103;5,6;2,9;
2026/06/08;0100 UTC;,8;1002;1002,3;1001,7;0;16,1;14,8;16,2;15,7;15;14,6;96;93;94;140;4,8;3;
2026/06/08;0200 UTC;11,3;1002;1002,4;1001,7;0;15,5;15,2;15,7;15,3;15,3;14,9;100;96;99;104;7;3,6;
2026/06/08;0300 UTC;1,2;1001,7;1001,8;1001,5;0;15,2;15;15,3;15;15,2;14,8;100;99;99;106;7,2;3,2;
2026/06/08;0400 UTC;1;1001,8;1001,9;1001,6;0;14,9;14,8;15;14,8;14,8;14,7;100;99;99;113;5,8;2,1;
2026/06/08;0500 UTC;,4;1001,6;1001,7;1001,4;0;14,7;14,6;14,8;14,7;14,7;14,5;100;99;99;124;4,6;2,1;
2026/06/08;0600 UTC;,4;1001,2;1001,8;1000,8;0;14,5;14,5;14,7;14,4;14,6;14,4;100;100;100;111;5,5;2,3;
2026/06/08;0700 UTC;0;1000,8;1001,2;1000,6;0;14,4;14,4;14,4;14,4;14,5;14,4;100;100;100;107;5,1;2,8;
2026/06/08;0800 UTC;0;1000,6;1000,8;1000,4;0;14,4;14,4;14,4;14,3;14,4;14,3;100;100;100;116;4,6;1,7;
2026/06/08;0900 UTC;0;1000,5;1000,6;1000,4;0;14,4;14,3;14,4;14,3;14,3;14,2;100;99;99;100;4,7;2,6;
2026/06/08;1000 UTC;1,6;1000,9;1001,2;1000,5;0;14,4;14,3;14,4;14,4;14,4;14,2;100;99;99;105;3,8;2,1;
2026/06/08;1100 UTC;,4;1000,9;1001;1000,7;4;14,3;14,4;14,4;14,3;14,4;14,3;100;100;100;91;4,3;2,4;
2026/06/08;1200 UTC;0;1001,1;1001,2;1000,9;181,8;14,6;14,5;14,8;14,4;14,6;14,4;100;99;100;109;3,5;1,6;
2026/06/08;1300 UTC;0;1001,5;1001,9;1001,2;533,6;15,2;14,7;15,6;14,8;15,1;14,2;99;95;97;104;4,4;2;
2026/06/08;1400 UTC;;;;;;;;;;;;;;;;;;
2026/06/08;1500 UTC;0;1002,1;1002,3;1001,9;703,7;16,3;14,9;16,5;16;15,4;14,6;96;91;93;271;3,2;1,6;
2026/06/08;1600 UTC;0;1001,6;1001,9;1001,4;816,4;16,9;15,1;17,4;16,4;15,8;14,7;94;87;91;270;3,4;1,9;
2026/06/08;1700 UTC;0;1001;1001,4;1000,8;514,5;17,1;15,4;17,2;16,9;15,7;15,2;93;90;92;270;4,3;3,3;
2026/06/08;1800 UTC;0;1000,8;1000,8;1000,7;457,7;17,2;15,5;17,3;17;15,8;15,2;94;90;92;282;5;2,7;
2026/06/08;1900 UTC;,2;1000,7;1000,8;1000,4;715,6;17,1;15,5;17,4;16,7;16;15;95;89;92;240;6;3,5;
2026/06/08;2000 UTC;0;1000,5;1000,7;1000,3;628,4;17,7;14,9;18,3;16,9;15,5;14,3;93;82;86;309;2,8;1,7;
2026/06/08;2100 UTC;0;1000,6;1000,7;1000,5;84,2;16,7;15;17,8;15,8;15,3;14,7;97;87;91;117;,6;,2;
2026/06/08;2200 UTC;0;1000,6;1000,7;1000,5;0;16;15,3;16,3;15,8;15,6;15,1;98;94;96;321;1;,5;
2026/06/08;2300 UTC;0;1000,8;1000,9;1000,6;0;16,3;15,1;16,4;16,3;15,4;14,9;96;93;94;307;3,8;2,5;
2026/06/09;0000 UTC;0;1001,1;1001,3;1000,9;0;16,2;14,8;16,4;16,1;15,2;14,2;95;90;93;279;4,6;2,8;
2026/06/09;0100 UTC;0;1001,3;1001,4;1001,2;0;15,8;14,3;16,1;15,4;14,6;13,9;95;90;92;315;3,7;2,8;
2026/06/09;0200 UTC;;;;;;;;;;;;;;;;;;
2026/06/09;0300 UTC;0;1001,5;1001,6;1001,4;0;14,5;13,9;14,7;14,2;14,1;13,7;98;96;97;283;2,6;1,2;
2026/06/09;0400 UTC;0;1001,5;1001,5;1001,4;0;14;13,6;14,6;13,5;14;13,3;99;97;98;291;1,8;,8;
2026/06/09;0500 UTC;0;1001,2;1001,4;1001,1;0;13,2;13;13,5;13;13,4;12,6;100;97;99;267;2,9;2,3;
2026/06/09;0600 UTC;0;1001;1001,2;1000,9;0;13,1;13;13,5;12,6;13,6;12,6;100;98;99;280;2,5;1,4;
2026/06/09;0700 UTC;0;1000,9;1001;1000,8;0;13,7;13,7;13,9;13,5;13,8;13,5;100;99;100;294;1,8;,9;
2026/06/09;0800 UTC;0;1000,8;1001;1000,6;0;14,3;14,3;14,6;13,8;14,6;13,8;100;99;100;282;3,8;1,1;
2026/06/09;0900 UTC;0;1001,2;1001,3;1001;0;14,6;14,2;14,7;14,6;14,4;13,9;99;97;98;284;3,5;1,4;
2026/06/09;1000 UTC;0;1001,5;1001,8;1001,3;0;14,5;13,9;14,6;14,4;14,1;13,6;98;96;97;279;5;3,1;
2026/06/09;1100 UTC;0;1002,2;1002,5;1001,8;5,1;14,2;13,4;14,4;14,1;13,7;13;97;95;96;284;5,2;2,7;
2026/06/09;1200 UTC;0;1002,8;1003;1002,5;72;13,9;13,1;14,1;13,6;13,3;12,7;98;95;96;262;6;4,1;
2026/06/09;1300 UTC;0;1003,1;1003,6;1002,9;333,7;13,9;12,6;14,2;13,6;12,9;12,2;97;91;93;268;4,8;3,3;
2026/06/09;1400 UTC;,2;1003,6;1003,7;1003,3;496,8;13,8;12,9;14,1;13,6;13,3;12,5;98;93;95;272;4,3;2,8;
2026/06/09;1500 UTC;0;1003;1003,3;1002,8;1262,4;14,8;12,9;15,9;14;13,4;12,4;96;84;91;294;3,5;2;
2026/06/09;1600 UTC;0;1002,6;1002,8;1002,2;1913,7;16,3;12,3;16,9;15,8;13,2;11,4;85;75;80;280;2,9;1,6;
2026/06/09;1700 UTC;0;1001,8;1002,2;1001,6;841,4;16,3;11,7;16,9;15,9;12,6;10,7;83;71;77;290;2,9;1,4;
2026/06/09;1800 UTC;0;1001,2;1001,5;1001;310,1;15,8;11,9;16;15,5;12,6;11,4;84;78;80;286;2,8;1,5;
2026/06/09;1900 UTC;;;;;;;;;;;;;;;;;;
2026/06/09;2000 UTC;0;1001,1;1001,3;1001;271,6;15;12;15,2;14,7;12,5;11,6;88;83;85;228;1,9;1,1;
2026/06/09;2100 UTC;0;1001,5;1001,6;1001,3;37,3;14,8;12,5;15,2;13,9;13;11,9;95;84;89;180;2,2;1,3;
2026/06/09;2200 UTC;0;1001,6;1001,7;1001,4;0;13,3;12,9;13,9;12,9;13,2;12,6;99;95;98;156;2,1;1,1;
2026/06/09;2300 UTC;0;1001,1;1001,4;1000,9;0;12,4;12,4;12,9;12;12,7;12,1;100;99;100;156;1,4;,6;
2026/06/10;0000 UTC;0;1001,6;1002,3;1001,1;0;11,8;11,9;12,1;11,4;12,2;11,4;100;100;100;320;1,9;1,1;
2026/06/10;0100 UTC;0;1002,4;1002,6;1002,2;0;11,6;11,7;12,1;11,2;12,2;11,2;100;100;100;241;,8;,3;
2026/06/10;0200 UTC;0;1001,9;1002,2;1001,6;0;11,4;11,5;11,6;11,1;11,7;11,1;100;100;100;142;1,6;,5;
2026/06/10;0300 UTC;0;1001,6;1001,9;1001,2;0;11,4;11,5;11,7;10,8;11,7;10,8;100;100;100;96;1,6;,8;
2026/06/10;0400 UTC;0;1001;1001,1;1000,9;0;10,7;10,8;11,3;10,2;11,4;10,3;100;100;100;45;1,8;1,1;
2026/06/10;0500 UTC;0;1000,6;1001;1000,3;0;10,3;10,4;10,4;10,2;10,5;10,2;100;100;100;84;1,2;,7;
2026/06/10;0600 UTC;0;1000,1;1000,3;999,8;0;10,1;10,1;10,3;9,7;10,4;9,8;100;100;100;81;,8;,1;
2026/06/10;0700 UTC;0;999,8;999,9;999,5;0;9,7;9,8;9,9;9,5;10;9,6;100;100;100;103;1,1;,7;
2026/06/10;0800 UTC;0;999,5;999,7;999,3;0;9,2;9,2;9,5;8,9;9,6;8,9;100;100;100;145;2;1,3;
2026/06/10;0900 UTC;0;999,5;999,7;999,4;0;9;9,1;9,3;8,8;9,3;8,9;100;100;100;116;2;,9;
2026/06/10;1000 UTC;0;999,8;1000,1;999,5;0;9,6;9,6;10;9,3;10,1;9,3;100;100;100;86;2,4;1;
2026/06/10;1100 UTC;,2;999,8;1000;999,6;11,7;10,8;10,8;11,4;10;11,4;10,1;100;100;100;97;4,8;2,9;
2026/06/10;1200 UTC;0;1000;1000,2;999,7;132,9;11,8;11,8;11,9;11,4;12;11,4;100;100;100;102;6,5;3,7;
2026/06/10;1300 UTC;0;1000,6;1000,9;1000,2;396,2;12,2;12,3;12,5;11,9;12,6;12;100;100;100;101;5,5;3,1;
2026/06/10;1400 UTC;0;1000,9;1001,1;1000,7;944;13,1;12,4;14,2;12,4;12,9;11,7;100;90;96;99;4,9;2;
2026/06/10;1500 UTC;0;1000,8;1001,1;1000,4;1100,1;14,3;12,2;14,8;14;12,8;11,6;93;86;89;107;4,4;2,3;
2026/06/10;1600 UTC;0;1000,3;1000,5;1000,1;1495,9;15,5;12,3;16,3;14,8;13;11,7;89;81;84;107;4,7;2,3;
2026/06/10;1700 UTC;0;999,7;1000,1;999,3;1866,4;16,7;12,2;17,6;15,7;12,8;11,5;83;74;77;107;4,7;2,1;
2026/06/10;1800 UTC;0;998,9;999,2;998,5;1706,8;17,6;12,9;17,9;17,3;13,3;12,4;79;73;76;108;4,6;2,4;
2026/06/10;1900 UTC;;;;;;;;;;;;;;;;;;
2026/06/10;2000 UTC;0;998,1;998,2;997,9;612,4;17,6;13,1;18,2;16,8;13,5;12,8;80;75;78;122;5,3;2,9;
2026/06/10;2100 UTC;0;998,1;998,2;997,8;91,1;15,6;12,7;16,7;14,7;13;12,3;88;81;85;128;5,6;2,6;
2026/06/10;2200 UTC;0;998,5;998,6;998,2;0;14,2;12,2;14,7;13,9;12,4;12,1;92;88;90;123;4,8;2,4;
2026/06/10;2300 UTC;0;998,7;998,8;998,5;0;13,6;12,1;13,9;13,2;12,2;11,9;94;91;92;112;4,1;2;
2026/06/11;0000 UTC;0;998,5;998,7;998,2;0;12,9;11,9;13,2;12,7;12;11,8;96;94;95;104;4,5;2,3;
2026/06/11;0100 UTC;0;998,5;998,8;998,2;0;12,8;11,9;12,9;12,7;12;11,9;96;95;96;112;3,9;2,1;
2026/06/11;0200 UTC;0;998,8;999;998,7;0;12,7;11,9;12,7;12,6;12;11,9;97;96;96;98;5,4;3,2;
2026/06/11;0300 UTC;0;998,8;998,9;998,6;0;12,3;11,8;12,6;12,1;11,9;11,7;98;97;97;142;4,6;2,8;
2026/06/11;0400 UTC;0;998,7;998,8;998,5;0;12;11,8;12,1;11,9;12;11,7;100;98;99;113;4,3;1,9;
2026/06/11;0500 UTC;0;998,8;998,9;998,6;0;12,1;12,1;12,1;12;12,2;12;100;100;100;107;3,6;2,1;
2026/06/11;0600 UTC;0;998,7;998,9;998,6;0;11,9;12;12;11,8;12,1;11,9;100;100;100;114;4,1;2;
2026/06/11;0700 UTC;0;998,4;998,7;998;0;11,9;11,9;11,9;11,8;12;11,9;100;100;100;114;4,3;1,8;
2026/06/11;0800 UTC;0;998,2;998,7;998;0;11,8;11,9;11,8;11,7;11,9;11,8;100;100;100;110;3,7;2,2;
2026/06/11;0900 UTC;0;998,9;999,2;998,6;0;11,8;11,8;11,8;11,7;11,9;11,8;100;100;100;144;3,3;1,7;
2026/06/11;1000 UTC;0;999,1;999,3;999;0;11,7;11,8;11,8;11,6;11,8;11,7;100;100;100;102;5;2,1;
2026/06/11;1100 UTC;0;999,5;999,7;999,1;16,9;11,8;11,9;11,9;11,7;11,9;11,8;100;100;100;121;4;2;
2026/06/11;1200 UTC;0;1000,1;1000,5;999,6;145,9;12,1;12,1;12,4;11,9;12,4;11,9;100;100;100;110;2,9;1,3;
2026/06/11;1300 UTC;0;1000,6;1000,9;1000,4;276,4;12,5;12,6;12,7;12,3;12,8;12,4;100;100;100;118;4,4;1,8;
2026/06/11;1400 UTC;0;1000,8;1001;1000,5;415,4;12,9;13;13,1;12,7;13,2;12,8;100;100;100;103;5;2,5;
2026/06/11;1500 UTC;0;1000,7;1000,9;1000,4;373,8;13,3;13,1;13,6;13;13,3;12,9;100;97;99;118;4,6;2,2;
2026/06/11;1600 UTC;0;1000,2;1000,4;999,9;313,4;13,6;13;13,8;13,5;13,2;12,8;98;96;97;161;4,3;2,1;
2026/06/11;1700 UTC;0;999,6;999,9;999,1;168,6;13,5;12,8;13,6;13,4;13;12,6;97;96;96;143;4,4;2,6;
2026/06/11;1800 UTC;0;998,5;999,1;998,3;182,8;13,7;12,6;14;13,5;12,9;12,5;97;93;95;121;5,2;2,6;
2026/06/11;1900 UTC;0;998,2;998,5;997,8;130;14,1;12,6;14,1;14;12,7;12,4;94;92;93;132;5,1;2,3;
2026/06/11;2000 UTC;0;998,1;998,5;997,6;47,8;13,9;12,5;14;13,9;12,7;12,4;94;92;93;145;5,2;2,8;
2026/06/11;2100 UTC;0;998,2;998,4;998,1;7,9;13,9;12,6;13,9;13,8;12,7;12,5;94;93;94;140;4,9;2,4;
2026/06/11;2200 UTC;0;997,8;998,2;997,4;0;13,9;12,7;14;13,8;12,7;12,5;94;93;94;127;6,7;3,1;
2026/06/11;2300 UTC;0;997,3;997,7;996,9;0;14,1;12,7;14,2;14;12,8;12,6;94;93;93;119;5,6;2,5;
2026/06/12;0000 UTC;,8;997,3;997,6;997,1;0;14,1;12,7;14,2;13,8;13,1;12,6;96;92;93;125;5,6;2,9;
2026/06/12;0100 UTC;2,1;997,2;997,4;996,9;0;13,6;13,3;13,7;13,4;13,4;13,1;100;97;98;185;6,8;3,4;
2026/06/12;0200 UTC;6;997,2;998;996,7;0;13,3;13,3;13,5;13,2;13,5;13,3;100;100;100;185;8,2;3,8;
2026/06/12;0300 UTC;1,6;996,5;997,1;996,1;0;13,3;13,4;13,5;13,2;13,5;13,2;100;100;100;165;6,6;2,8;
2026/06/12;0400 UTC;5,5;995,9;996,2;995,6;0;13,5;13,5;13,6;13,5;13,6;13,5;100;100;100;181;6,9;3,7;
2026/06/12;0500 UTC;3,9;995;995,6;994,5;0;13,4;13,5;13,5;13,4;13,5;13,4;100;100;100;177;5,1;2,9;
2026/06/12;0600 UTC;0;994,4;994,6;994,1;0;13,4;13,5;13,5;13,3;13,5;13,3;100;100;100;165;6,3;2,2;
2026/06/12;0700 UTC;,2;993,7;994,1;993,3;0;13,3;13,3;13,3;13,3;13,4;13,2;100;100;100;174;6;2,2;
2026/06/12;0800 UTC;,6;993,2;993,4;993;0;13,3;13,3;13,3;13,2;13,4;13,3;100;100;100;182;6;3,3;
2026/06/12;0900 UTC;1,4;993,1;993,4;993;0;13,3;13,4;13,4;13,3;13,5;13,4;100;100;100;203;5,1;3;
2026/06/12;1000 UTC;1,8;993,7;994,1;993,3;0;13,2;13,2;13,4;13;13,4;12,9;100;100;100;217;9,2;5,8;
2026/06/12;1100 UTC;,6;994,1;994,2;993,8;8,1;13,1;13;13,2;13;13,1;12,9;100;99;99;206;9,1;5,1;
2026/06/12;1200 UTC;0;994,6;994,9;994,2;132,2;13,4;12,9;13,5;13,2;13,1;12,7;99;96;98;203;8,7;4,8;
2026/06/12;1300 UTC;0;995,2;995,5;994,8;312,2;13,7;12,9;14;13,5;13,1;12,7;98;94;96;201;8,4;4,3;
2026/06/12;1400 UTC;;;;;;;;;;;;;;;;;;
2026/06/12;1500 UTC;0;996;996,3;995,7;805,1;15,2;13,3;15,4;14,9;13,9;12,6;93;88;91;212;6,3;3,8;
2026/06/12;1600 UTC;,4;996,2;996,3;996,1;588,7;15,4;13,9;15,9;15;14,6;13,5;95;89;93;241;7,2;5,1;
2026/06/12;1700 UTC;0;996;996,1;995,9;370,3;14,3;13,6;15;13,9;14,2;13,2;98;94;96;229;7,8;4,7;
2026/06/12;1800 UTC;,2;995,9;996,1;995,7;446,2;14,4;13,5;14,7;14,1;13,9;13,2;97;94;96;223;4,2;2,7;
2026/06/12;1900 UTC;;;;;;;;;;;;;;;;;;
2026/06/12;2000 UTC;0;996,6;996,9;996,5;255,2;15,1;13,4;15,3;14,9;13,9;12,9;94;89;91;234;4,6;3,2;
2026/06/12;2100 UTC;;;;;;;;;;;;;;;;;;
2026/06/12;2200 UTC;0;998;998,4;997,6;0;14,2;13,5;14,8;14;13,7;13,3;98;93;97;259;5;2,9;
2026/06/12;2300 UTC;0;998,8;999,3;998,4;0;14,1;13,3;14,1;13,9;13,4;13,2;97;96;96;231;4,5;2,7;
2026/06/13;0000 UTC;0;999,5;999,8;999,3;0;14;12,9;14,1;13,8;13,2;12,6;96;94;95;212;3,7;2,2;
2026/06/13;0100 UTC;0;999,8;999,9;999,8;0;13,8;12,7;14;13,7;12,8;12,3;96;92;94;217;2,3;1,6;
2026/06/13;0200 UTC;0;999,7;999,8;999,5;0;13,8;12,5;14;13,6;12,8;12,3;95;92;93;190;2,9;1,8;
2026/06/13;0300 UTC;0;999,6;999,7;999,5;0;13,2;12,4;13,7;12,9;12,6;12,1;98;94;96;190;3,8;2,2;
2026/06/13;0400 UTC;0;999,7;999,9;999,6;0;12,7;12,3;13,2;12,4;12,6;11,9;99;96;98;275;1,2;,6;
2026/06/13;0500 UTC;0;999,6;999,8;999,6;0;12,5;12,4;12,6;12,5;12,5;12,3;100;99;100;323;1,5;,6;
2026/06/13;0600 UTC;0;999,6;999,7;999,4;0;12,6;12,6;12,6;12,5;12,6;12,5;100;99;100;79;1,5;,9;
2026/06/13;0700 UTC;0;999,2;999,3;999,1;0;12,5;12,5;12,6;12,1;12,6;12,2;100;100;100;99;1,2;,6;
2026/06/13;0800 UTC;0;999,4;999,6;999,2;0;12;12,1;12,2;11,9;12,2;11,9;100;100;100;283;1,5;,4;
2026/06/13;0900 UTC;0;999,7;999,8;999,6;0;12;12;12,2;11,6;12,2;11,6;100;100;100;313;2;1,5;
2026/06/13;1000 UTC;0;1000,2;1000,5;999,8;0;11;11;11,6;10,6;11,6;10,6;100;100;100;296;1,4;,9;
2026/06/13;1100 UTC;0;1000,9;1001,4;1000,6;23,4;10,4;10,4;10,5;10,2;10,6;10,2;100;100;100;277;1;,5;
2026/06/13;1200 UTC;0;1002;1002,6;1001,4;381,3;11,3;11,4;12;10,3;12;10,4;100;100;100;315;3,2;2,4;
2026/06/13;1300 UTC;0;1002,9;1003,1;1002,6;676,9;12,7;12,3;13,5;12;12,6;12;100;94;98;323;3,5;2,4;
2026/06/13;1400 UTC;0;1003,5;1003,8;1003,1;967;14,2;12,6;14,7;13,5;13,1;12,1;95;90;92;292;4,6;1,8;
2026/06/13;1500 UTC;;;;;;;;;;;;;;;;;;
2026/06/13;1600 UTC;0;1003;1003,4;1002,5;1193,4;14,8;12,9;15,3;14,3;13,5;12,5;94;87;91;277;3,9;1,9;
2026/06/13;1700 UTC;0;1002,2;1002,6;1001,7;1314,2;15,7;12,8;16,1;15,2;13,5;12,3;90;82;86;266;2,9;1,3;
2026/06/13;1800 UTC;0;1001,5;1001,7;1001,3;1380;16,7;12,5;17,1;15,8;13,1;11,8;86;75;79;275;3,2;1,3;
2026/06/13;1900 UTC;0;1001,3;1001,5;1001,1;606;16,8;12,1;17,1;16,7;12,9;11,5;80;74;76;204;2,7;1,4;
2026/06/13;2000 UTC;0;1001;1001,2;1000,9;298,8;16,6;11,9;16,8;16,5;12,6;11,2;80;73;76;202;1,3;,7;
2026/06/13;2100 UTC;0;1001,1;1001,3;1001;47,5;16,1;12,3;16,4;15,7;13;11,7;85;76;81;184;1;,6;
2026/06/13;2200 UTC;0;1001,2;1001,4;1001,1;0;15,4;12,4;15,7;15,2;12,9;12;88;81;85;169;1,7;,7;
2026/06/13;2300 UTC;0;1001,8;1001,9;1001,4;0;14,9;12,4;15,2;14,4;12,9;12;91;84;88;254;1;,7;
2026/06/14;0000 UTC;0;1002;1002,4;1001,7;0;14,2;12,7;14,4;14;12,9;12,4;94;91;93;275;1,5;,9;
2026/06/14;0100 UTC;0;1002,6;1002,8;1002,4;0;14,3;12,7;14,5;14;12,9;12,4;94;90;92;216;2,8;1,9;
2026/06/14;0200 UTC;0;1002,9;1003,1;1002,7;0;14;12,4;14,3;13,9;12,7;12,1;93;90;92;223;2,4;1,7;
2026/06/14;0300 UTC;0;1002,8;1002,8;1002,7;0;13,7;12,3;14;13,3;12,5;12,1;96;91;93;270;1,8;1,4;
2026/06/14;0400 UTC;0;1002,8;1003;1002,7;0;13,3;12,3;13,4;13,2;12,6;12,1;96;94;95;275;2,7;1,8;
2026/06/14;0500 UTC;0;1003,1;1003,3;1002,9;0;13,2;12,3;13,3;13,2;12,5;12,2;96;95;95;260;3,4;2,6;
2026/06/14;0600 UTC;0;1003,1;1003,3;1003;0;13;11,7;13,2;12,8;12,2;11,5;95;92;93;246;3,2;2,3;
2026/06/14;0700 UTC;0;1003;1003,2;1002,9;0;12,5;11,4;12,8;12,3;11,6;11,1;96;93;94;228;1,7;1,3;
2026/06/14;0800 UTC;0;1002,9;1003;1002,9;0;12,3;11,3;12,4;12,2;11,6;11,2;96;94;95;253;,8;,6;
2026/06/14;0900 UTC;0;1002,9;1003;1002,8;0;12,1;11,2;12,2;12,1;11,4;10,9;96;94;95;314;2,2;1,3;
2026/06/14;1000 UTC;0;1003,3;1003,5;1003,1;0;11,5;11,1;12,1;10,7;11,6;10,4;99;96;98;298;1,8;,9;
2026/06/14;1100 UTC;0;1003,7;1004;1003,4;19,5;10,5;10,5;10,7;10,3;10,8;10,3;100;98;100;262;1;,5;
2026/06/14;1200 UTC;0;1004,2;1004,4;1004;413,1;11,6;11,2;13;10,7;11,9;10,8;100;91;98;297;1,9;1,1;
2026/06/14;1300 UTC;0;1004,8;1005,3;1004,3;702,2;13,4;11,4;13,7;12,9;12,1;10,9;94;87;90;270;2,2;1,4;
2026/06/14;1400 UTC;0;1005,4;1005,6;1005,3;1027,8;14,6;10,1;15,3;13,7;11,7;9,1;89;71;77;208;5,4;2,9;
2026/06/14;1500 UTC;0;1005,5;1005,6;1005,4;1378,8;15,3;9,7;16;15;10,3;9,1;75;68;72;206;6,2;3,8;
2026/06/14;1600 UTC;,2;1005,5;1005,6;1005,3;572,6;14,6;10,1;15,2;13,8;10,7;9,6;83;72;78;212;7,6;5,2;
2026/06/14;1700 UTC;0;1005;1005,4;1004,8;425,1;13,6;10,2;13,8;13,4;10,6;9,8;85;81;83;202;5,5;3,4;
2026/06/14;1800 UTC;0;1004,6;1004,9;1004,4;637,7;13,7;9,5;14,1;13,4;10,2;9;84;75;79;204;4,3;2,5;
2026/06/14;1900 UTC;;;;;;;;;;;;;;;;;;
2026/06/14;2000 UTC;0;1004,6;1004,7;1004,4;215,7;13,4;9,6;13,5;13,2;10;9,2;83;78;81;186;4,2;2,6;
2026/06/14;2100 UTC;0;1004,8;1005,1;1004,6;24,4;13;9,3;13,3;12,8;10;8,7;83;79;81;196;5,2;2,6;
2026/06/14;2200 UTC;0;1005,2;1005,4;1005,1;0;12,6;8,7;12,8;12,4;9;8,4;82;79;80;189;5;3,1;
2026/06/14;2300 UTC;0;1005,6;1005,8;1005,4;0;12,1;8,5;12,4;11,6;8,7;8,2;86;80;82;207;4,6;2,6;
2026/06/15;0000 UTC;0;1005,9;1006;1005,8;0;11,4;8,1;11,7;11,2;8,9;7,8;86;81;83;195;3,8;1,8;
2026/06/15;0100 UTC;0;1006,3;1006,6;1005,9;0;10,7;7,7;11,1;10,4;8,1;7,5;88;83;85;238;1,7;,7;
2026/06/15;0200 UTC;0;1006,5;1006,6;1006,4;0;10,1;6,9;10,4;9,5;7,9;6,3;88;81;84;197;2,8;,7;
2026/06/15;0300 UTC;;;;;;;;;;;;;;;;;;
2026/06/15;0400 UTC;0;1006,4;1006,6;1006,3;0;8,2;6,1;8,4;8;6,7;5,5;92;86;89;195;2,8;1,5;
2026/06/15;0500 UTC;0;1006,5;1006,6;1006,4;0;8,1;5,8;8,4;8;6,2;5,4;90;86;88;186;3,8;1,6;
2026/06/15;0600 UTC;0;1006,3;1006,5;1006,1;0;7,9;5,5;8,2;7,8;5,8;5,2;90;85;88;175;2,3;,8;
2026/06/15;0700 UTC;0;1006;1006,1;1005,8;0;7,2;5,4;7,8;6,6;5,8;4,6;96;84;91;75;1,1;,7;
2026/06/15;0800 UTC;0;1005,8;1006;1005,6;0;6,3;5,6;6,6;5,9;5,8;5,2;98;95;97;123;,7;,3;
2026/06/15;0900 UTC;0;1005,6;1005,7;1005,5;0;5,7;5,6;5,9;5,5;5,8;5,4;100;98;99;82;,3;,1;
2026/06/15;1000 UTC;0;1006;1006,2;1005,6;0;5,4;5,4;5,6;5,1;5,6;4,8;100;98;100;117;1,2;,5;
2026/06/15;1100 UTC;0;1006,5;1006,7;1006,2;18,8;4,9;4,9;5,1;4,8;5,2;4,6;100;99;100;305;,6;,4;
2026/06/15;1200 UTC;0;1007,2;1007,7;1006,7;345,1;5,6;5,4;6,5;5;5,9;5;100;95;99;325;1,7;1,2;
2026/06/15;1300 UTC;0;1008,1;1008,5;1007,7;1313,7;7,8;5,9;9,3;6,4;6,5;5,3;97;82;91;230;1,6;,7;
2026/06/15;1400 UTC;0;1008,4;1008,6;1008,3;1634,6;10,3;5,8;11,5;9,2;6,4;4,7;85;67;78;103;2,6;1,3;
2026/06/15;1500 UTC;0;1007,9;1008,4;1007,6;1643,9;11,6;5,6;12,6;11,1;6,5;5,2;74;64;70;156;3;1,3;
2026/06/15;1600 UTC;0;1007,2;1007,6;1006,8;1752,8;12,4;5,3;14,1;11,2;6,2;4,5;72;55;64;151;4;1,8;
2026/06/15;1700 UTC;0;1006,3;1006,8;1006;1808,4;13,2;5,1;14;12,5;5,9;4,5;65;55;59;225;3,6;2;
2026/06/15;1800 UTC;;;;;;;;;;;;;;;;;;
2026/06/15;1900 UTC;0;1005,6;1005,7;1005,5;1311,1;14;5,1;14,3;13,3;6;4,6;59;53;55;316;2,6;1,4;
2026/06/15;2000 UTC;0;1005,7;1005,9;1005,4;650,3;13,5;5,2;14,4;13;5,7;4,6;61;55;58;208;2,2;1,4;
2026/06/15;2100 UTC;0;1005,8;1006;1005,7;55,7;11,7;5,3;13;10,6;6,3;4,8;74;61;68;156;1,1;,8;
2026/06/15;2200 UTC;0;1005,7;1005,8;1005,6;0;10,2;4,6;10,6;9,4;6;3,9;83;68;72;140;,9;,4;
2026/06/15;2300 UTC;0;1005,7;1005,9;1005,6;0;8,8;5,1;9,4;8,4;6,3;4;88;75;82;178;1,8;1,2;
2026/06/16;0000 UTC;0;1005,8;1006;1005,6;0;8,9;4,5;9,4;8,6;5;3,9;81;76;78;170;2,5;1,1;
2026/06/16;0100 UTC;0;1006;1006,2;1005,7;0;8,7;3,8;9,3;6,6;4,5;3,6;90;71;76;197;1,4;,5;
2026/06/16;0200 UTC;0;1006,2;1006,3;1006,1;0;6,2;5;6,6;6,1;5,4;4,5;96;90;94;168;,9;,5;
2026/06/16;0300 UTC;0;1006,1;1006,2;1005,9;0;5,6;5,3;6,1;4,8;5,7;4,8;100;95;99;45;2,2;1,8;
2026/06/16;0400 UTC;0;1005,8;1006;1005,6;0;5;5,1;5,1;4,8;5,2;4,9;100;100;100;82;1,5;,9;
2026/06/16;0500 UTC;0;1005,6;1005,7;1005,5;0;4,9;4,9;5,1;4,5;5,1;4,5;100;100;100;54;1,9;1,3;
2026/06/16;0600 UTC;0;1005,3;1005,6;1005;0;4,4;4,4;4,5;4,1;4,6;4,2;100;100;100;24;1,3;,9;
2026/06/16;0700 UTC;0;1004,9;1005;1004,8;0;3,9;4;4,4;3,5;4,5;3,5;100;100;100;25;1,4;1;
2026/06/16;0800 UTC;0;1004,5;1004,8;1004,3;0;3,3;3,3;4;2,8;4,1;2,9;100;100;100;22;1,4;1;
2026/06/16;0900 UTC;0;1004,5;1004,8;1004,2;0;2,7;2,7;3,3;2,1;3,4;2,1;100;100;100;86;,5;,3;
2026/06/16;1000 UTC;0;1005;1005,2;1004,7;0;2,6;2,7;2,9;2,2;3;2,3;100;100;100;204;1,2;,7;
2026/06/16;1100 UTC;0;1005,5;1005,6;1005,3;16,5;2,5;2,6;3;2,2;3;2,3;100;100;100;264;1,9;,9;
2026/06/16;1200 UTC;0;1005,9;1006,3;1005,6;373,2;3,7;3,7;4,8;2,7;4,6;2,8;100;99;100;313;2,1;1;
2026/06/16;1300 UTC;0;1006,7;1007;1006,3;1180,5;6,6;5,2;7,7;4,8;5,7;4,5;99;86;93;281;3,1;1,7;
2026/06/16;1400 UTC;0;1007,2;1007,4;1007;1664,4;9;5,7;10,2;7,7;6,7;5,1;89;79;83;279;2,6;1,6;
2026/06/16;1500 UTC;0;1007;1007,3;1006,6;2059,2;11,3;6,6;12,5;10,3;7,6;5,7;84;69;77;315;3,2;2,2;
2026/06/16;1600 UTC;0;1006,1;1006,6;1005,7;2203,5;13,4;6,3;14,5;12,6;7,1;5,2;72;53;64;312;4,2;2,5;
2026/06/16;1700 UTC;0;1005,3;1005,7;1004,9;2152,5;15,1;5,8;15,8;14,2;7,1;4,7;63;45;54;312;5,4;2,5;
2026/06/16;1800 UTC;0;1004,7;1005;1004,5;1826,3;16,2;5,6;16,5;15,5;6,6;4,9;53;43;47;290;3,7;1,6;
2026/06/16;1900 UTC;0;1004,3;1004,5;1004,2;1325,8;16,8;6,2;17,3;16,2;7,1;5,4;50;43;47;298;3,8;1,7;
2026/06/16;2000 UTC;0;1004,2;1004,4;1004,1;637;16,8;6,9;17,3;15,7;7,5;5,8;58;44;51;275;1,6;,6;
2026/06/16;2100 UTC;0;1003,9;1004,1;1003,8;68,9;13,9;6,4;15,8;12,2;7,7;5,1;69;55;62;222;1,8;1,1;
2026/06/16;2200 UTC;0;1003,8;1004;1003,6;0;11,4;5,8;12,2;10,9;6,8;5,1;77;66;72;254;1,2;,9;
2026/06/16;2300 UTC;0;1004,3;1004,5;1004;0;10,7;6,1;11,3;10,2;8,1;5,6;84;74;77;284;1,2;,5;
2026/06/17;0000 UTC;0;1004,7;1005,1;1004,4;0;9,5;6,5;10,2;8,9;7,3;5,8;92;78;85;54;1,6;1,2;
2026/06/17;0100 UTC;0;1005,1;1005,1;1005;0;8,2;6,9;9;7,9;7;6,7;95;90;93;37;1,8;1,4;
2026/06/17;0200 UTC;0;1005,1;1005,2;1005;0;7,7;6,7;8,2;7,2;6,9;6,3;98;92;95;35;2,2;1,6;
2026/06/17;0300 UTC;0;1005,1;1005,2;1005;0;7,1;6,7;7,4;6,8;7;6,4;99;96;98;42;1,6;1;
2026/06/17;0400 UTC;0;1005;1005,1;1004,8;0;6,6;6,4;6,8;6,3;6,6;6,1;100;98;99;34;1,7;1,2;
2026/06/17;0500 UTC;0;1005;1005,1;1004,9;0;6,6;5,8;6,8;6,5;6,4;5,3;99;94;96;51;1,8;1,1;
2026/06/17;0600 UTC;0;1005,4;1005,8;1005,1;0;5,9;5,3;6,6;5,4;5,8;4,8;100;93;97;187;2,9;1,7;
2026/06/17;0700 UTC;0;1006;1006,2;1005,8;0;5,9;5,1;6,4;5,2;5,9;4,5;100;94;96;149;1,3;,5;
2026/06/17;0800 UTC;0;1006,1;1006,2;1005,8;0;4,9;4,8;6;4,5;5,1;4,4;100;95;99;28;1,4;1;
2026/06/17;0900 UTC;0;1005,8;1005,9;1005,7;0;4,8;4,9;5,1;4,6;5,2;4,6;100;100;100;104;1,3;,8;
2026/06/17;1000 UTC;0;1006,3;1006,7;1005,9;0;4,8;4,8;5,1;4,4;5,2;4,4;100;100;100;166;1,5;,8;
2026/06/17;1100 UTC;0;1007,1;1007,4;1006,7;27;4,9;4,9;5;4,6;5,1;4,7;100;100;100;35;1,4;,9;
2026/06/17;1200 UTC;0;1007,4;1007,7;1007,2;388;6,1;5,7;8,2;4,9;6,7;5;100;89;98;39;1,6;1,1;
2026/06/17;1300 UTC;0;1007,9;1008,3;1007,7;1093,9;9;6,3;10,5;8,2;7,2;5,5;90;81;86;328;2,7;1,8;
2026/06/17;1400 UTC;;;;;;;;;;;;;;;;;;
2026/06/17;1500 UTC;0;1009;1009,1;1008,7;2007,4;14,5;8,4;15,4;13,2;9,4;7,6;75;66;70;273;2,5;1,3;
2026/06/17;1600 UTC;0;1009;1009,2;1008,9;2105,1;15,8;8,8;16,6;15,1;9,5;8,3;69;61;65;208;3,4;1,9;
2026/06/17;1700 UTC;0;1008,6;1008,9;1008,3;2078,9;16,7;9,2;17,4;16,1;9,8;8,8;68;60;62;114;3,1;1,1;
2026/06/17;1800 UTC;0;1008,1;1008,3;1007,9;1709,9;17,7;9,7;18,4;16,9;10,4;9,1;65;58;60;157;2;,8;
2026/06/17;1900 UTC;;;;;;;;;;;;;;;;;;
2026/06/17;2000 UTC;0;1007,9;1008;1007,8;519,2;17,7;9,9;18,6;16,8;10,6;9,3;67;56;61;173;1,6;1;
2026/06/17;2100 UTC;0;1007,8;1007,9;1007,7;59,9;15,5;10;16,8;14,5;10,5;9,6;75;67;72;147;1,6;1,1;
2026/06/17;2200 UTC;0;1007,6;1007,7;1007,6;0;14,1;9;14,5;13,7;9,6;8,7;78;72;75;124;3,3;1,3;
2026/06/17;2300 UTC;0;1007,6;1007,6;1007,5;0;12,6;8,5;13,6;11,6;9,1;8,1;83;76;80;89;2,4;1,2;
2026/06/18;0000 UTC;0;1007,8;1007,9;1007,6;0;11;8,5;11,5;10,7;8,6;8,1;89;83;88;93;1,6;1;
2026/06/18;0100 UTC;0;1007,7;1007,8;1007,4;0;10,4;8,3;10,7;10,1;8,5;8;91;88;90;110;3,7;1,7;
2026/06/18;0200 UTC;0;1007,2;1007,5;1006,9;0;10;8,3;10,5;9,5;8,6;7,9;95;89;92;103;1,2;,8;
2026/06/18;0300 UTC;0;1006,7;1006,9;1006,4;0;9,1;8,3;9,6;8,6;8,5;7,7;98;93;96;113;2,6;1,4;
2026/06/18;0400 UTC;0;1006,3;1006,5;1005,9;0;8,8;8;9,1;8,7;8,5;7,5;98;93;96;110;2,3;1,3;
2026/06/18;0500 UTC;0;1005,9;1005,9;1005,7;0;8,9;7,9;9,2;8,4;8,1;7,6;97;94;95;103;3,3;1,8;
2026/06/18;0600 UTC;0;1005,5;1005,9;1005,1;0;7,9;7,6;8,7;7,4;8,3;6,9;100;95;99;116;3,6;1,6;
2026/06/18;0700 UTC;0;1005,2;1005,4;1005,1;0;8,3;7,9;8,7;7,9;8,2;7,3;100;96;98;94;4,3;2,2;
2026/06/18;0800 UTC;0;1005,2;1005,4;1005;0;8;8,1;8,1;7,9;8,2;7,9;100;100;100;104;4,4;1,6;
2026/06/18;0900 UTC;0;1005;1005,3;1004,9;0;7,9;7,9;8;7,7;8;7,8;100;100;100;97;4,5;2,9;
2026/06/18;1000 UTC;0;1005,5;1005,7;1005,3;0;8,2;8,3;8,3;7,9;8,4;8;100;100;100;95;6;3,8;
2026/06/18;1100 UTC;0;1005,4;1005,6;1005,3;11,9;8,4;8,4;8,4;8,3;8,5;8,4;100;100;100;97;6,5;4,3;
2026/06/18;1200 UTC;0;1005,3;1005,4;1005,2;181,9;8,5;8,6;8,8;8,3;8,9;8,4;100;100;100;98;6,5;4,2;
2026/06/18;1300 UTC;0;1005,3;1005,4;1005,2;664,7;9,5;9,3;10,2;8,8;9,9;8,9;100;95;98;98;5,5;3;
2026/06/18;1400 UTC;;;;;;;;;;;;;;;;;;
2026/06/18;1500 UTC;0;1004,8;1005,1;1004,6;2086,4;13,3;9,7;14,6;11,9;10,4;9,1;89;75;82;107;6;3,4;
2026/06/18;1600 UTC;0;1003,9;1004,6;1003,4;1567,9;15,1;10,1;16;14,6;10,6;9,5;78;69;75;104;5,6;3,1;
2026/06/18;1700 UTC;0;1003,2;1003,5;1002,8;1428;16;10,5;16,9;15,5;11;10;75;68;72;108;5;3,1;
2026/06/18;1800 UTC;0;1002,5;1002,7;1002,1;961,3;16,1;10,4;16,5;15,8;10,8;10,2;74;69;72;104;6,4;2,8;
2026/06/18;1900 UTC;0;1001,5;1002;1000,9;745,4;15,9;10,3;16,1;15,8;10,8;10;74;70;72;107;6,8;3,1;
2026/06/18;2000 UTC;0;1000,4;1001,2;999,7;321,8;15,3;10,5;15,8;14,6;10,8;10,1;80;72;76;92;6;3,4;
2026/06/18;2100 UTC;0;999,4;999,9;998,9;34,1;14;10,6;14,6;13,5;10,7;10,5;86;80;83;116;4,6;2,3;
2026/06/18;2200 UTC;0;998,8;999,4;998,1;0;13,2;10,3;13,5;13,1;10,6;10,1;86;85;85;103;7,8;4,4;
2026/06/18;2300 UTC;0;998,1;998,8;997,3;0;13,1;10;13,7;12,8;10,2;9,5;86;79;84;90;6,4;3,1;
2026/06/19;0000 UTC;0;997,3;997,5;997;0;14,3;9,3;15,1;13,6;9,6;9;80;71;75;90;3,8;2,1;
2026/06/19;0100 UTC;0;996,3;997;995,7;0;15,9;9,2;16,6;15,1;9,4;8,9;71;62;67;118;5;1,5;
2026/06/19;0200 UTC;0;996,1;996,3;995,8;0;16,7;9;17,2;16,2;9,3;8,7;65;58;61;46;4,4;2,3;
2026/06/19;0300 UTC;0;995,6;996,3;994,9;0;17,5;8,8;18;17,1;9;8,5;59;53;56;40;8,8;3,9;
2026/06/19;0400 UTC;0;998;999,3;995,6;,4;15,7;9,3;18,1;13,1;9,9;8,4;84;52;68;216;8,5;5,8;
2026/06/19;0500 UTC;,6;1000,1;1000,7;999,4;0;12,5;10,4;13,1;12,1;10,9;9,8;94;84;90;210;7,6;5,3;
2026/06/19;0600 UTC;4,1;1001;1001,3;1000,4;0;11,9;11,2;12,2;11,7;11,5;10,6;99;92;96;112;2,1;,7;
2026/06/19;0700 UTC;6,6;1000;1000,7;998,7;0;11,7;11,7;11,7;11,5;11,7;11,5;100;99;100;58;7,6;3,7;
2026/06/19;0800 UTC;3,7;998;998,8;996,9;0;11,7;11,8;12,2;11,5;12,3;11,6;100;100;100;40;7,5;5,5;
2026/06/19;0900 UTC;,4;995,7;996,7;994,9;0;13,6;12,5;14,3;12,3;12,7;12,3;100;91;94;209;7,6;4,2;
2026/06/19;1000 UTC;,2;997,6;998,5;996,4;0;14,3;12,7;14,4;14,1;12,9;12,4;93;90;92;282;5,3;2,5;
2026/06/19;1100 UTC;0;998,5;998,7;998,3;,8;13,8;13,1;14,3;13,6;13,2;12,9;98;93;96;313;2;1,4;
2026/06/19;1200 UTC;0;998,7;998,9;998,5;52,2;14,1;13,2;14,8;13,7;13,3;13;97;91;95;328;3,4;1,7;
2026/06/19;1300 UTC;0;999,3;999,9;998,9;101,2;15,2;12,9;15,5;14,8;13,1;12,7;91;87;88;323;5,9;3,7;
2026/06/19;1400 UTC;0;1000,2;1000,4;999,9;210,8;15,1;13,6;15,4;14,8;13,8;13,2;94;89;92;324;6,6;4,3;
2026/06/19;1500 UTC;0;1000,1;1000,3;1000;245,3;15,3;13,6;15,3;15,2;13,8;13,4;92;91;92;327;6,4;3,7;
2026/06/19;1600 UTC;0;1000,2;1000,3;1000;281,1;15,3;13,9;15,4;15,1;14,4;13,6;96;91;93;313;7,2;4,8;
2026/06/19;1700 UTC;,2;999,8;1000,2;999,5;376,5;14,4;13,7;15,4;13,9;14,2;13,1;99;93;96;259;9,7;6,9;
2026/06/19;1800 UTC;0;999,8;1000,1;999,6;238,3;13,5;12,7;14,1;12,8;13,2;12;98;94;96;253;9,1;5,8;
2026/06/19;1900 UTC;0;1000,1;1000,4;999,7;418,3;13,3;12,2;13,7;12,9;12,4;11,7;96;92;94;260;8,9;6,3;
2026/06/19;2000 UTC;0;1000,5;1001,1;999,9;95,4;12,7;11,2;13,3;12;11,7;10,9;96;91;92;246;8,6;6;
2026/06/19;2100 UTC;0;1001,3;1001,7;1001;27,1;12,1;10,9;12,3;11,9;11,3;10,6;97;92;94;243;3,8;2,3;
2026/06/19;2200 UTC;0;1002;1002,3;1001,7;0;12,2;10,7;12,3;12,1;10,9;10,4;94;91;93;240;3;2,3;
2026/06/19;2300 UTC;,4;1002,7;1003,1;1002,4;0;11,4;10,5;12,1;10,8;11,1;10;99;92;96;200;4,5;2,6;
2026/06/20;0000 UTC;;;;;;;;;;;;;;;;;;
2026/06/20;0100 UTC;0;1003,3;1003,5;1003,2;0;10,9;10;10,9;10,8;10,6;9,6;99;94;96;219;3,4;2,2;
2026/06/20;0200 UTC;0;1003,3;1003,5;1003,2;0;10,8;9,4;10,9;10,6;10;8,4;96;89;93;200;3,9;1,9;
2026/06/20;0300 UTC;0;1003,6;1003,9;1003,4;0;10,3;8;10,7;9,9;8,3;7,7;90;87;89;202;4,7;2,4;
2026/06/20;0400 UTC;0;1003,7;1003,9;1003,4;0;9,4;7,1;9,9;8,9;7,8;6,4;91;85;88;180;3,7;2;
2026/06/20;0500 UTC;0;1003,2;1003,5;1002,9;0;8,9;6,3;9,3;8,3;6,6;6;90;84;87;188;2,3;1,3;
2026/06/20;0600 UTC;0;1002,7;1003;1002,5;0;8,2;6,2;8,4;7,9;6,4;5,9;93;88;90;158;1,8;,6;
2026/06/20;0700 UTC;0;1002,1;1002,5;1001,8;0;6,7;6,4;7,8;6,3;6,8;5,9;100;92;98;68;1,4;,8;
2026/06/20;0800 UTC;0;1002,1;1002,4;1001,9;0;5,8;5,9;6,4;5,3;6,5;5,4;100;100;100;188;,9;,3;
2026/06/20;0900 UTC;0;1002,1;1002,3;1002;0;5,9;5,9;6,6;5,4;6,7;5,5;100;100;100;197;1,5;,8;
2026/06/20;1000 UTC;0;1002,3;1002,5;1002,2;0;7,4;7,5;7,6;6,7;7,6;6,7;100;100;100;206;1,8;1;
2026/06/20;1100 UTC;0;1002,5;1002,6;1002,4;12,2;7;7,1;7,4;6,7;7,5;6,8;100;100;100;112;1,3;,6;
2026/06/20;1200 UTC;0;1002,6;1003,1;1002,4;212,2;7;7;7,3;6,7;7,3;6,8;100;100;100;73;2;1;
2026/06/20;1300 UTC;0;1003,3;1003,6;1003,1;639,8;7,4;7,4;8;7;8,1;7,1;100;99;100;150;2,5;1,2;
2026/06/20;1400 UTC;0;1003,7;1003,8;1003,5;1326,2;8,7;7,4;10;7,8;8,4;6,6;100;86;94;135;3;1,3;
2026/06/20;1500 UTC;0;1003,2;1003,5;1002,7;1392,2;10,3;6,9;11,5;9,6;8,1;5,8;88;71;83;155;3,5;1,5;
2026/06/20;1600 UTC;0;1002;1002,7;1001,4;2424,1;12,2;5,5;13,1;11;7;4,4;79;59;66;124;3,1;1,3;
2026/06/20;1700 UTC;0;1000,4;1001,3;1000;1759,4;12,3;5,2;12,8;11,7;6,2;4,5;70;60;65;121;3,9;1,4;
2026/06/20;1800 UTC;0;999,7;999,9;999,6;1803,3;13,2;5,3;13,7;12,5;6,2;4,5;64;57;60;115;4,8;1,9;
2026/06/20;1900 UTC;0;999,7;999,8;999,6;932,7;12,9;5,4;13,5;11,9;6,1;4,8;70;59;63;92;4;1,8;
2026/06/20;2000 UTC;0;999,9;1000;999,7;636,2;13;5,3;13,4;11,9;6;4,8;68;58;62;97;3,6;2;
2026/06/20;2100 UTC;0;999,8;999,9;999,7;79,1;11,3;5,7;12,5;10,2;6,2;5,3;79;66;72;177;1,6;,6;
2026/06/20;2200 UTC;0;999,5;999,7;999,4;0;9,6;5,7;10,1;9;6;5,5;84;77;80;128;2;,9;
2026/06/20;2300 UTC;0;999,5;999,6;999,3;0;9,1;5,3;9,4;8,9;5,7;5,1;84;79;81;128;3,1;1,4;
2026/06/21;0000 UTC;0;1000;1000,3;999,5;0;7,8;5,2;9;7,2;5,6;4,8;91;80;87;117;1,4;,9;
2026/06/21;0100 UTC;0;1000;1000,2;999,7;0;7,1;5,3;7,3;6,9;5,6;4,9;92;88;91;117;1,2;,7;
2026/06/21;0200 UTC;0;999,9;1000,1;999,8;0;7,1;5,4;7,4;6,7;5,8;4,8;94;89;92;101;1,6;1;
2026/06/21;0300 UTC;0;999,8;1000,3;999,2;0;6,4;5,7;6,9;6,1;6,1;5;99;91;97;65;2;1,2;
2026/06/21;0400 UTC;0;998,9;999,2;998,6;0;6;5,9;6,1;5,7;6,1;5,7;100;98;100;65;2,5;1,3;
2026/06/21;0500 UTC;0;998,6;998,8;998,4;0;5,5;5,5;5,7;5,3;5,8;5,3;100;100;100;59;3,2;1,8;
2026/06/21;0600 UTC;0;998,7;998,8;998,5;0;5,4;5,4;5,6;5,2;5,7;5,1;100;100;100;84;,9;,6;
2026/06/21;0700 UTC;0;998,9;999,1;998,7;0;6;6;6,5;5,5;6,3;5,5;100;98;100;186;2,4;1,3;
2026/06/21;0800 UTC;0;998,9;999,2;998,8;0;6,2;5,8;6,5;6;6,1;5,6;99;97;98;185;2,2;1,1;
2026/06/21;0900 UTC;0;998,8;998,9;998,7;0;6,4;5,7;6,6;6,2;6;5,5;98;95;97;95;1,8;,9;
2026/06/21;1000 UTC;0;999,1;999,3;998,9;0;6,7;6,2;7;6,4;6,5;5,8;98;96;97;151;2,2;,8;
2026/06/21;1100 UTC;0;999,9;1000,3;999,4;13,8;6,9;6,2;7,2;6,7;6,5;5,9;98;95;96;215;2,6;1,2;
2026/06/21;1200 UTC;0;1000,4;1000,6;1000,1;312;7,3;6,5;8,4;6,8;7;6;98;92;96;85;2,5;1,3;
2026/06/21;1300 UTC;0;1000,5;1000,7;1000,2;881,3;9,2;7;10,2;8,4;7,6;6,5;93;84;89;89;3,8;2,2;
2026/06/21;1400 UTC;0;1000,7;1000,9;1000,6;1583,1;11,6;7,5;13,1;10,3;8,3;6,8;86;74;79;81;4;2;
2026/06/21;1500 UTC;0;1000,1;1000,5;999,8;1844,7;13,6;7,9;14,5;12,7;8,4;7,4;77;66;71;103;4;2;
2026/06/21;1600 UTC;0;999,9;1000,1;999,7;1262,8;14,5;7,8;14,9;14,1;8,5;7,3;72;64;67;265;2;1,3;
2026/06/21;1700 UTC;0;999,5;999,8;999,3;1025,4;14,6;8,4;15;14,3;9;7,7;72;66;69;179;2,7;1,3;
2026/06/21;1800 UTC;;;;;;;;;;;;;;;;;;
2026/06/21;1900 UTC;0;998,7;998,8;998,5;770,1;14,6;8,8;15,3;14,3;9,7;8,3;74;68;71;127;3,1;1,6;
2026/06/21;2000 UTC;0;998,2;998,5;998,1;310,1;14;8,9;14,4;13,3;9,3;8,5;79;71;75;109;2,1;1,1;
2026/06/21;2100 UTC;0;997,6;998,1;996,9;54,8;12,3;9,3;13,3;11,7;9,6;9;88;79;85;104;4,2;1,5;
2026/06/21;2200 UTC;0;997,6;997,9;997,3;0;11,9;9,8;11,9;11,8;10;9,4;91;87;89;101;4,8;2,9;
2026/06/21;2300 UTC;0;997,7;998,1;997,2;0;11,8;9,8;11,9;11,8;10;9,7;91;89;90;103;5,3;3;
2026/06/22;0000 UTC;0;997,6;997,9;997,3;0;11,8;9,8;11,8;11,8;9,9;9,6;91;89;90;114;3,9;2;
2026/06/22;0100 UTC;;;;;;;;;;;;;;;;;;
2026/06/22;0200 UTC;0;997,4;997,7;996,9;0;11,6;9,9;11,7;11,5;10;9,8;92;91;92;117;5,4;2,5;
2026/06/22;0300 UTC;0;997,8;998,3;997,4;0;11,4;10;11,5;11,3;10,1;9,9;94;92;93;149;5,1;2;
2026/06/22;0400 UTC;0;997,6;998,4;997,3;0;11,2;10,2;11,3;11,1;10,3;10,1;96;94;95;116;4,3;1,8;
2026/06/22;0500 UTC;0;997,6;997,9;997,2;0;11,3;10,1;11,3;11,2;10,2;10;95;93;94;113;3,4;1,3;
2026/06/22;0600 UTC;0;997,4;997,9;996,6;0;11,1;10,3;11,2;11;10,4;10,2;97;95;96;103;4,3;2,5;
2026/06/22;0700 UTC;0;996,6;997,1;995,9;0;10,9;10,3;11,1;10,8;10,4;10,1;98;95;97;120;4,4;2,3;
2026/06/22;0800 UTC;,2;995,7;996,2;995;0;10,7;10,3;10,9;10,4;10,4;10,2;99;97;98;174;4,7;2,4;
2026/06/22;0900 UTC;,6;996;996,7;995,2;0;10,3;10;10,4;10,2;10,2;9,9;99;98;99;165;4,4;2,1;
2026/06/22;1000 UTC;,6;995,6;996,3;995;0;10,1;10,1;10,3;10;10,2;10;100;99;100;142;4,1;2;
2026/06/22;1100 UTC;2,5;995,8;996,3;995,2;,8;10,1;10,1;10,3;10;10,2;10,1;100;99;100;149;5,3;2,7;
2026/06/22;1200 UTC;1,9;996,5;997,5;995,2;12,6;10;9,9;10;10;10,1;9,8;100;99;100;191;3,3;1,5;
2026/06/22;1300 UTC;1;997;997,7;995,8;139,9;10,1;10;10,2;10;10,2;9,8;100;99;100;188;6,3;3,5;
2026/06/22;1400 UTC;0;996,5;997,1;995,8;450,7;10,4;10;10,7;10,1;10,3;9,6;100;95;98;201;5,3;3;
2026/06/22;1500 UTC;0;997,3;997,5;996,9;193,8;10,8;9,9;10,8;10,6;10,2;9,6;97;94;96;233;3,6;2,4;
2026/06/22;1600 UTC;0;997;997,4;996,3;446;11,1;9,9;11,6;10,8;10,5;8,8;97;86;94;279;3,5;1,8;
2026/06/22;1700 UTC;0;996,7;997,1;996,4;338,1;11,5;9,4;11,7;11,3;10,1;8,2;94;83;90;266;5,8;4,1;
2026/06/22;1800 UTC;0;996,9;997,4;996,7;253,7;11,4;9,4;11,5;11,3;9,9;9;93;88;90;247;5,7;3,9;
2026/06/22;1900 UTC;0;997,7;997,9;997,4;496,2;11,7;8,9;12;11,4;9,5;8,4;90;83;86;223;5,4;3,5;
2026/06/22;2000 UTC;0;998,3;998,5;997,9;238,2;11,8;8,6;12,1;11,5;9,1;8,2;87;81;84;245;5,4;2,7;
2026/06/22;2100 UTC;0;999,1;999,5;998,5;70,3;10,8;8;11,5;9,8;8,9;6,5;89;82;86;234;4,6;3,5;
2026/06/22;2200 UTC;0;999,7;1000,2;999,4;0;9;5,9;9,9;8,5;6,5;5,3;86;81;84;226;3,2;2,4;
2026/06/22;2300 UTC;0;1000,5;1000,8;1000,1;0;8,3;5,1;8,8;7,9;5,8;4,5;87;83;84;251;2,7;1,8;
2026/06/23;0000 UTC;0;1001;1001,3;1000,8;0;7,3;5,1;7,9;7;5,6;4,5;92;83;89;244;1,3;,6;
2026/06/23;0100 UTC;0;1001,4;1001,5;1001,2;0;6,8;5,7;7,3;6,3;5,9;5,4;98;91;94;315;1,4;,9;
2026/06/23;0200 UTC;0;1001,4;1001,5;1001,2;0;6,3;6;6,4;6,1;6,4;5,6;100;97;99;234;1;,4;
2026/06/23;0300 UTC;0;1001,2;1001,8;1000,9;0;5,9;5,9;6,2;5,5;6,2;5,5;100;99;100;126;2,5;1,1;
2026/06/23;0400 UTC;0;1001,9;1002;1001,7;0;5,3;5,3;5,9;5;5,9;4,7;100;98;100;252;2;1,3;
2026/06/23;0500 UTC;0;1001,8;1001,9;1001,7;0;5,1;5,1;5,4;4,7;5,5;4,6;100;99;100;312;2,4;1,8;
2026/06/23;0600 UTC;0;1002,1;1002,4;1001,7;0;4,9;4,6;5,8;4,3;5,3;4;100;95;98;288;3,2;,9;
2026/06/23;0700 UTC;0;1002,4;1002,5;1002,2;0;4,3;4,1;5,1;4;4,5;3,9;100;95;99;310;2,8;2,3;
2026/06/23;0800 UTC;0;1002,3;1002,4;1002,2;0;4,6;4,1;5,1;3,9;4,7;3,4;100;96;97;301;3;1,2;
2026/06/23;0900 UTC;0;1002,2;1002,4;1002,1;0;3,8;3,6;4,5;3,5;4,2;3,3;100;96;99;285;3;1,2;
2026/06/23;1000 UTC;0;1002,7;1002,8;1002,4;0;3,7;3,3;4,5;3,4;3,8;3,1;100;96;98;284;3,1;1,1;
2026/06/23;1100 UTC;0;1003;1003,2;1002,8;15;3,4;3,1;3,7;3;3,8;2,7;100;98;99;303;3,3;1,5;
2026/06/23;1200 UTC;0;1003,4;1003,8;1003,1;672,1;5;4,3;7;3,3;5;3,2;100;89;96;304;3,9;1,8;
2026/06/23;1300 UTC;;;;;;;;;;;;;;;;;;
2026/06/23;1400 UTC;0;1004,2;1004,3;1004,1;1644,2;9,4;4,6;10;8,8;5,2;4,1;81;71;76;281;6,9;4,3;
2026/06/23;1500 UTC;0;1004,3;1004,5;1004,2;2049,5;10,7;4,7;11,2;10,1;5,6;3,9;76;64;70;273;8,2;5,5;
2026/06/23;1600 UTC;0;1003,9;1004,3;1003,4;2094,9;11,7;4,3;12,6;11;4,9;3,6;68;58;63;265;7,5;5,6;
2026/06/23;1700 UTC;0;1003,2;1003,5;1002,9;1577,6;12;3,6;12,9;11,4;4,4;2,8;63;53;58;279;8,1;4,6;
2026/06/23;1800 UTC;0;1002,9;1003;1002,7;1730,1;12,7;3,3;13,4;11,9;4,2;2,3;57;48;53;264;10,1;6,4;
2026/06/23;1900 UTC;0;1002,8;1003;1002,6;948,3;12,3;3,1;13,4;11,5;4,7;2,4;59;50;54;270;7,3;5,6;
2026/06/23;2000 UTC;0;1002,8;1003;1002,6;706,9;12,2;2,7;12,7;11,4;3,3;2,2;57;48;53;274;6,2;4,3;
2026/06/23;2100 UTC;0;1003;1003;1002,9;103;9,6;2,5;11,3;7,7;2,8;2,2;75;56;65;256;3,1;1,9;
2026/06/23;2200 UTC;;;;;;;;;;;;;;;;;;
2026/06/23;2300 UTC;0;1003,4;1003,6;1003,1;0;6,3;2,8;6,6;5,9;3,5;2,1;88;78;83;328;1,8;1;
2026/06/24;0000 UTC;0;1003,8;1004;1003,6;0;5,4;2,6;5,9;5,1;3,2;2,1;90;84;86;287;1,1;,4;
2026/06/24;0100 UTC;0;1003,9;1004;1003,8;0;5;2,6;5,2;4,7;2,9;2,4;90;86;88;278;1,8;1,3;
2026/06/24;0200 UTC;0;1003,9;1004,1;1003,8;0;5;2,2;5,4;4,6;2,5;2;89;83;86;311;2,1;1,8;
2026/06/24;0300 UTC;0;1004,1;1004,2;1004;0;4,8;2,8;5,3;4,4;3,7;2,3;95;85;90;54;1,5;1,1;
2026/06/24;0400 UTC;0;1004,1;1004,2;1003,9;0;4,4;3;4,6;4,2;3,7;2,6;95;91;93;40;1,8;1,2;
2026/06/24;0500 UTC;0;1003,9;1004;1003,8;0;4,2;2,8;4,7;3,5;3;2,6;96;90;93;26;1,8;1,3;
2026/06/24;0600 UTC;0;1003,7;1003,9;1003,6;0;3,5;2,6;3,7;3,3;2,9;2,4;97;94;95;35;1,8;1,6;
2026/06/24;0700 UTC;0;1003,4;1003,7;1003,2;0;3,4;2,4;3,7;3,1;2,6;2;97;93;95;25;2;1,3;
2026/06/24;0800 UTC;0;1003;1003,3;1002,9;0;3,6;1,9;3,8;3,3;2,2;1,7;94;91;92;321;1,4;,9;
2026/06/24;0900 UTC;0;1002,9;1003;1002,8;0;3,6;1,7;3,9;3,2;2,1;1,5;94;88;91;293;1,4;,7;
2026/06/24;1000 UTC;0;1003,2;1003,5;1002,9;0;3,8;1,3;3,9;3,6;1,6;,9;89;85;88;294;2;,6;
2026/06/24;1100 UTC;0;1003,9;1004,2;1003,5;15,2;3,3;,9;3,9;2,7;1,3;,5;92;85;88;320;3;1,9;
2026/06/24;1200 UTC;0;1004,4;1004,6;1004,2;418,1;5,7;2;7,4;4;2,9;1,2;87;75;81;323;5,2;3,1;
2026/06/24;1300 UTC;0;1004,7;1004,8;1004,5;867,2;8,2;2,9;9,4;7,5;3,9;2,3;77;68;73;324;5,2;3,3;
2026/06/24;1400 UTC;0;1004,9;1005;1004,8;1529;10,6;3,4;12;8,9;4;2,8;72;56;64;321;6,1;3,8;
2026/06/24;1500 UTC;0;1004,7;1005;1004,3;2005,2;13;3,8;14;11,7;4,4;3,1;62;47;54;308;8,2;4,6;
2026/06/24;1600 UTC;0;1003,9;1004,4;1003,4;2179,2;14,2;3,8;14,6;14;4,4;3,1;51;45;48;309;9,3;4,7;
2026/06/24;1700 UTC;0;1002,9;1003,4;1002,4;2118,5;14,8;4,2;15,1;14,4;4,8;3,6;50;44;47;313;8,3;5,5;
2026/06/24;1800 UTC;;;;;;;;;;;;;;;;;;
2026/06/24;1900 UTC;0;1002,1;1002,3;1001,9;1066,2;14,7;4;15,4;14;4,8;3,1;51;42;47;295;9,6;3,4;
2026/06/24;2000 UTC;;;;;;;;;;;;;;;;;;
2026/06/24;2100 UTC;0;1002,4;1002,6;1002,3;76,2;11,5;4,3;12,9;9,8;4,6;3,9;73;57;64;294;2,3;1,3;
2026/06/24;2200 UTC;0;1002,6;1002,8;1002,4;0;9,4;4,3;9,8;9;5;3,7;78;72;74;289;1,7;,8;
2026/06/24;2300 UTC;0;1002,8;1002,9;1002,6;0;9;3,8;9,4;8,7;4,7;3,2;79;69;74;147;1,7;,8;
2026/06/25;0000 UTC;0;1003,1;1003,3;1002,7;0;8,7;3,7;9,6;8,2;4,1;3,3;78;69;75;40;1,6;1;
2026/06/25;0100 UTC;0;1003,5;1003,7;1003,3;0;8;3,8;8,5;7,5;4,3;3,4;83;76;79;32;1,6;,8;
2026/06/25;0200 UTC;0;1003,9;1004,2;1003,7;0;7,3;3,7;7,9;6,9;4,1;3,5;85;79;82;75;1,9;1;
2026/06/25;0300 UTC;0;1004,4;1004,5;1004,3;0;7,2;3,7;7,6;6,9;4;3,5;85;80;82;22;1,3;,9;
2026/06/25;0400 UTC;0;1004,7;1004,8;1004,5;0;7,1;3,8;7,3;6,9;4,3;3,6;86;81;83;46;1,8;1,1;
2026/06/25;0500 UTC;0;1004,3;1004,6;1004;0;6,6;4,2;7;6,4;4,6;3,7;90;84;88;43;3,1;2;
2026/06/25;0600 UTC;0;1004,6;1005,1;1004,2;0;7,5;4,2;8,1;6,8;4,5;3,9;88;80;83;301;1,9;,8;
2026/06/25;0700 UTC;0;1005,5;1005,9;1005,2;0;8,1;4,2;8,3;7,7;4,6;3,9;84;79;81;319;1,5;,7;
2026/06/25;0800 UTC;0;1005,8;1005,9;1005,3;0;7,9;4,2;8,2;7,7;4,5;3,8;84;78;81;33;2,4;1,3;
2026/06/25;0900 UTC;0;1005,5;1005,9;1005,3;0;8;4,1;8,5;7,7;4,5;3,4;84;75;80;273;1,9;,9;
2026/06/25;1000 UTC;0;1006,5;1007;1005,9;0;7;3,6;8,5;6,3;3,9;3,3;86;74;83;319;2;1,6;
2026/06/25;1100 UTC;0;1007,5;1007,6;1007;30,6;6,7;3,5;7,8;6,2;3,8;3,2;88;78;84;309;2,3;1,3;
2026/06/25;1200 UTC;0;1007,9;1008,4;1007,6;245,8;8,1;3,5;9,2;7,7;4,6;3,2;79;74;77;93;2;1,1;
2026/06/25;1300 UTC;0;1008,8;1009;1008,4;814,4;10,1;4,3;11,4;9,2;5,5;3,6;76;68;71;124;2,6;1,1;
2026/06/25;1400 UTC;0;1009;1009,5;1008,7;1171,2;12,7;4,8;13,4;11,3;5,4;4,3;70;55;60;289;5,3;2,3;
2026/06/25;1500 UTC;0;1009,4;1009,6;1009,2;1554,1;14;5;15,2;13;5,8;4,4;60;50;55;320;6,4;3,7;
2026/06/25;1600 UTC;0;1008,9;1009,3;1008,5;2095,4;15,7;5,7;16,8;14,8;6,5;4,9;53;45;50;302;5;2,7;
2026/06/25;1700 UTC;0;1007,9;1008,5;1007,5;2045,3;17,2;6,1;17,6;16,6;6,6;5,6;48;42;45;307;5,5;3,5;
2026/06/25;1800 UTC;0;1007,3;1007,5;1007,1;1775,6;17,7;6,5;18;17,6;7,3;6,1;47;42;44;317;6,8;3,8;
2026/06/25;1900 UTC;0;1007;1007,1;1006,9;1272,5;17,7;7;18;17,4;7,7;6,4;49;42;46;306;5,2;2,6;
2026/06/25;2000 UTC;0;1007;1007,2;1006,9;649,2;17,2;6,9;17,6;16,5;7,3;6,5;54;45;49;319;4,2;2,5;
2026/06/25;2100 UTC;0;1007,2;1007,3;1007;103,4;14,8;6,9;16,5;12,9;7,6;6,1;67;53;60;328;2,6;1,7;
2026/06/25;2200 UTC;0;1007,4;1007,5;1007,1;0;11,3;6,1;12,9;10,1;6,4;5,7;80;66;74;263;2,4;1,9;
2026/06/25;2300 UTC;0;1007,5;1007,6;1007,4;0;10;5,9;10,4;9,6;6,3;5,6;82;76;80;182;1,9;,9;
2026/06/26;0000 UTC;0;1007,7;1007,9;1007,5;0;10,5;5,6;10,8;10,3;5,7;5,4;77;74;75;189;2,7;,9;
2026/06/26;0100 UTC;0;1007,8;1007,9;1007,6;0;10,1;5,3;10,6;9,1;5,5;5,2;81;74;76;35;2,8;1,9;
2026/06/26;0200 UTC;0;1007,5;1007,6;1007,3;0;8,8;5,2;9,1;8,4;5,3;5;83;81;82;38;2,3;1,7;
2026/06/26;0300 UTC;0;1007,4;1007,6;1007,2;0;8,1;5,1;8,4;7,7;5,2;5;87;83;85;40;2,1;1,6;
2026/06/26;0400 UTC;0;1007,2;1007,3;1007;0;8,1;4,8;8,5;7,7;5;4,6;85;81;83;38;2,3;1,4;
2026/06/26;0500 UTC;0;1006,8;1007;1006,4;0;7,4;4,9;7,8;6,9;5,4;4,5;90;85;87;29;2,4;1,9;
2026/06/26;0600 UTC;0;1006,2;1006,4;1005,9;0;6,5;4,6;6,9;6,3;5,3;4,3;93;88;90;33;2,4;1,8;
2026/06/26;0700 UTC;0;1005,7;1005,8;1005,6;0;6,4;4,3;6,6;6,1;4,5;4,2;91;88;90;50;1,7;1,4;
2026/06/26;0800 UTC;0;1005,6;1005,7;1005,6;0;6,4;4,3;6,6;5,9;4,7;4,1;93;88;90;49;1,4;1,1;
2026/06/26;0900 UTC;0;1005,6;1005,7;1005,5;0;6;4,5;6,5;5,7;4,8;4,3;95;90;92;94;1,6;,9;
2026/06/26;1000 UTC;0;1005,8;1006;1005,6;0;5,1;4,3;5,6;4,6;4,7;3,8;98;93;96;42;2,5;1,4;
2026/06/26;1100 UTC;0;1006,5;1006,9;1006,1;15,9;4,8;4;5,2;4,3;4,5;3,4;99;94;96;170;1,1;,8;
2026/06/26;1200 UTC;0;1007,2;1007,4;1006,9;379,2;6,8;4,5;9,4;4,7;5,1;4,1;98;76;88;69;1,8;,9;
2026/06/26;1300 UTC;;;;;;;;;;;;;;;;;;
2026/06/26;1400 UTC;0;1008,6;1008,7;1008,4;1640,2;13,2;5,5;14,6;11,9;7,1;4,4;70;56;61;139;1,8;,8;
2026/06/26;1500 UTC;0;1008,4;1008,6;1008;2039,8;14,5;6,8;15,8;13,9;7,9;5,1;69;53;61;109;2,5;1,1;
2026/06/26;1600 UTC;0;1007,6;1008;1007,4;2209,5;16,7;6,9;17,4;15,9;8;6,3;57;46;51;67;4,1;1,7;
2026/06/26;1700 UTC;0;1007,1;1007,3;1006,9;2119,9;17,6;6,6;18;17,3;7,3;5,8;49;40;45;132;3,5;1,8;
2026/06/26;1800 UTC;;;;;;;;;;;;;;;;;;
2026/06/26;1900 UTC;0;1005,7;1006;1005,5;1308,3;18;7,8;18,5;17,6;8,1;7,4;53;46;49;104;5,3;2,8;
2026/06/26;2000 UTC;0;1005,6;1005,7;1005,4;680,5;17,1;7,4;17,7;16,3;7,8;7;55;49;52;118;4;1,8;
2026/06/26;2100 UTC;0;1005,4;1005,7;1005,1;114,3;14,5;7,3;16,3;13;7,7;7;70;54;64;115;4;2;
2026/06/26;2200 UTC;0;1005,5;1005,8;1005,2;0;12,7;6,5;13;12,4;7,2;6,2;71;68;69;127;3,9;2;
2026/06/26;2300 UTC;0;1005,9;1006,2;1005,7;0;12,1;6,9;12,5;11,5;7,1;6,5;78;71;74;135;3,1;1,3;
2026/06/27;0000 UTC;0;1006,4;1006,6;1006,2;0;10,9;7,1;11,5;10,5;7,2;7;83;78;81;110;3,5;1,7;
2026/06/27;0100 UTC;0;1006,5;1006,6;1006,3;0;9,5;6,8;10,6;9;7;6,5;89;82;86;113;3,5;1,8;
2026/06/27;0200 UTC;0;1006,4;1006,6;1006,2;0;9,4;6,4;9,9;8,7;6,8;6;87;83;85;80;2,8;1;
2026/06/27;0300 UTC;0;1006,2;1006,3;1006;0;7,8;6,4;8,8;7,2;6,6;6,1;96;87;93;76;2,2;,9;
2026/06/27;0400 UTC;0;1005,8;1006;1005,6;0;6,7;6,2;7,2;6,4;6,6;5,8;99;96;98;96;1,7;1,2;
2026/06/27;0500 UTC;0;1005,5;1005,6;1005,5;0;7,2;6,4;7,3;6,7;6,7;5,9;99;94;96;136;1,4;,7;
2026/06/27;0600 UTC;0;1005,3;1005,5;1005,1;0;6,2;5,6;6,9;5,7;6,3;4,7;99;93;97;125;1,8;,6;
2026/06/27;0700 UTC;0;1004,9;1005,2;1004,6;0;5,4;5,2;6,2;5;6,3;4,2;100;95;99;76;1,8;,9;
2026/06/27;0800 UTC;0;1004,5;1004,6;1004,3;0;5,4;5,5;5,6;5,2;5,7;5,3;100;100;100;94;1,4;,7;
2026/06/27;0900 UTC;0;1004,2;1004,2;1004,1;0;5,4;5,4;5,8;4,8;5,8;4,9;100;100;100;92;1,2;,7;
2026/06/27;1000 UTC;0;1004,4;1004,6;1004,2;0;4,7;4,7;5,4;4,1;5,5;4,2;100;100;100;181;1,8;,5;
2026/06/27;1100 UTC;0;1004,6;1004,9;1004,5;15,6;4,7;4,8;5,5;4,2;5,6;4,3;100;100;100;94;1,4;,8;
2026/06/27;1200 UTC;0;1005;1005,3;1004,9;252,5;5,2;5,3;6,9;4,3;6,9;4,4;100;100;100;94;1,1;,5;
2026/06/27;1300 UTC;0;1005,3;1005,5;1005,2;862,6;8,4;7;10;6,8;8,1;6,2;99;89;93;130;2,7;1,6;
2026/06/27;1400 UTC;0;1005,6;1005,8;1005,4;1508;12;8,3;13,8;9,8;9,3;7,1;91;74;82;72;2,6;1,4;
2026/06/27;1500 UTC;0;1005,2;1005,7;1004,7;1058,3;14,1;9;14,8;13,8;9,8;8,6;78;70;74;168;4,1;,8;
2026/06/27;1600 UTC;0;1004,8;1005,2;1004,3;545,9;14,6;9,3;14,8;14,3;9,8;8,9;77;71;74;94;2;1,2;
2026/06/27;1700 UTC;0;1003,5;1004,3;1003,2;678,7;14,7;9,7;15,3;14,4;10,3;9,2;77;73;75;88;2,9;1,5;
2026/06/27;1800 UTC;0;1002,8;1003,2;1002,5;875,7;16,1;10,7;16,4;15,3;11,1;10;74;70;73;92;3;1,8;
2026/06/27;1900 UTC;0;1002;1002,5;1001,7;145,2;15,8;11,2;16,1;15,6;11,6;10,7;80;73;77;97;2,3;1,1;
2026/06/27;2000 UTC;0;1001,8;1002;1001,6;104,4;15,4;11,4;15,6;15,2;11,8;11,2;82;79;80;118;2,6;1,3;
2026/06/27;2100 UTC;0;1001,5;1001,6;1001,3;32,8;15,1;11,7;15,2;14,9;12;11,4;85;81;83;87;3,8;1,8;
2026/06/27;2200 UTC;0;1001,2;1001,5;1000,9;0;15,1;12,1;15,2;15;12,2;12;86;84;85;107;3,6;2;
2026/06/27;2300 UTC;0;1001,1;1001,3;1001;0;15,1;12,1;15,2;14,9;12,3;12;86;84;85;115;2,6;1,5;
2026/06/28;0000 UTC;0;1001,1;1001,2;1000,8;0;14,7;12,3;15,2;14,1;12,4;12,1;91;86;88;133;2,1;1,4;
2026/06/28;0100 UTC;0;1000,7;1000,9;1000,5;0;13,9;12,2;14,2;13,6;12,4;11,8;94;89;92;92;2,4;1,3;
2026/06/28;0200 UTC;0;1000,6;1000,9;1000,3;0;13,6;12,2;14;13,2;12,4;12,1;95;91;93;116;2,4;1,4;
2026/06/28;0300 UTC;0;1000,5;1000,8;1000,2;0;14,3;12,8;14,7;13,9;13,1;12,4;93;91;92;131;2,6;1,2;
2026/06/28;0400 UTC;0;999,9;1000,2;999,7;0;14,6;13,3;15;14,2;13,7;12,7;95;91;93;179;2,7;1,6;
2026/06/28;0500 UTC;0;999,4;999,8;998,7;0;13,6;12,6;14,3;13,2;13,2;12,1;98;93;95;140;3,2;1,8;
2026/06/28;0600 UTC;3,7;999;999,7;998,6;0;13,4;12,8;14,1;13,2;13,5;12,2;100;92;97;246;1,8;1,1;
2026/06/28;0700 UTC;6,8;997,9;998,6;997,3;,3;13,8;13,9;14,4;13,2;14,4;13,1;100;98;100;60;3,5;2,1;
2026/06/28;0800 UTC;5,9;997,9;998,6;997,5;0;14,2;14,2;14,5;13,5;14,6;13,6;100;100;100;230;2,6;1,2;
2026/06/28;0900 UTC;16,2;998,5;999;998;0;15,3;15,3;16,1;14,5;16,1;14,5;100;100;100;136;4;,9;
2026/06/28;1000 UTC;7,4;998,9;999,3;998,4;,1;15,9;15,9;16,2;15,3;16,3;15,4;100;100;100;55;4,2;2,7;
2026/06/28;1100 UTC;1,9;999;999,3;998,5;,1;16;16;16,1;15,9;16,2;15,9;100;100;100;203;2,8;1,5;
2026/06/28;1200 UTC;1;999,5;999,8;999,1;12,3;16,3;16,4;16,4;16;16,5;16,1;100;100;100;205;2,3;1,2;
2026/06/28;1300 UTC;;;;;;;;;;;;;;;;;;
2026/06/28;1400 UTC;,2;1000,1;1000,5;999,8;100,1;16,1;16,1;16,5;15,7;16,5;15,8;100;100;100;189;2,6;,6;
2026/06/28;1500 UTC;,2;999,6;1000,1;999;92,7;15,8;15,9;15,9;15,7;16;15,8;100;100;100;41;4,2;2,9;
2026/06/28;1600 UTC;,4;999,4;999,6;999;101,2;16;16;16,1;15,8;16,2;15,8;100;100;100;282;5,1;2,1;
2026/06/28;1700 UTC;0;998,8;999,1;998,6;208,1;15,7;15,8;15,9;15,6;16;15,7;100;100;100;272;5,9;4,3;
2026/06/28;1800 UTC;0;998,7;998,9;998,5;309,3;15,6;15,6;15,7;15,5;15,7;15,5;100;99;100;272;5,8;4,3;
2026/06/28;1900 UTC;0;998,8;999;998,6;408,6;16;15,2;16,3;15,7;15,7;14,6;99;93;96;260;6,1;4;
2026/06/28;2000 UTC;0;999;999,2;998,8;325,3;16,1;14,7;16,6;16;14,9;14,2;94;90;93;263;4,5;3,1;
2026/06/28;2100 UTC;0;999,3;999,3;999,1;136,5;15,5;14,3;16,6;14,1;14,7;13,7;99;89;94;282;2,4;1;
2026/06/28;2200 UTC;0;999,6;999,9;999,3;0;13,2;13,1;14;12,5;13,7;12,6;100;98;100;300;1,6;,8;
2026/06/28;2300 UTC;0;1000,3;1000,5;999,9;0;12,6;12,7;13,4;12;13,4;12,1;100;100;100;293;2,2;,7;
2026/06/29;0000 UTC;0;1001;1001,3;1000,5;0;11,8;11,9;12,1;11,3;12,1;11,4;100;100;100;294;2;,8;
2026/06/29;0100 UTC;0;1001,8;1002,1;1001,3;0;11,1;11,1;11,5;10,4;11,5;10,5;100;100;100;274;2,7;1,9;
2026/06/29;0200 UTC;0;1002,3;1002,4;1002,1;0;10,4;10,2;10,8;10,2;10,9;9,5;100;96;99;243;3,5;2,7;
2026/06/29;0300 UTC;0;1002,5;1002,5;1002,4;0;10,3;8,3;10,8;9,8;9,8;7,7;95;87;90;260;1,9;1;
2026/06/29;0400 UTC;0;1002,4;1002,5;1002,4;0;9;7,8;9,8;8,4;8,5;7,4;98;90;94;303;1,7;,9;
2026/06/29;0500 UTC;0;1002,4;1002,5;1002,3;0;8,3;8,1;8,6;8,1;8,3;7,7;100;96;99;282;1;,6;
2026/06/29;0600 UTC;0;1002,5;1002,6;1002,4;0;8,2;7,2;8,8;6,9;8,6;5,9;100;87;95;66;1,9;1,2;
2026/06/29;0700 UTC;0;1002,6;1002,8;1002,5;0;7,1;7,1;7,3;6,7;7,3;6,7;100;99;100;308;1,2;,8;
2026/06/29;0800 UTC;0;1002,9;1003,1;1002,8;0;6,2;6,3;6,8;5,2;6,9;5,3;100;100;100;44;3,2;1,6;
2026/06/29;0900 UTC;,2;1003,1;1003,3;1003;0;5,9;5,9;6,4;5,3;6,4;5,3;100;100;100;32;1,6;,9;
2026/06/29;1000 UTC;0;1003,6;1003,7;1003,4;0;6,1;6,1;6,3;5,7;6,4;5,7;100;100;100;88;1;,4;
2026/06/29;1100 UTC;0;1003,9;1004,2;1003,7;15,8;6;6,1;6,4;5,7;6,5;5,7;100;100;100;162;,5;,2;
2026/06/29;1200 UTC;0;1004,6;1004,8;1004,2;231,5;6,1;6,2;7,1;5,5;7,2;5,6;100;100;100;138;,9;,3;
2026/06/29;1300 UTC;0;1005,3;1005,9;1004,8;530;8,3;8;9,1;7,1;8,9;7,2;100;92;99;192;2,8;1,4;
2026/06/29;1400 UTC;0;1005,8;1006;1005,7;844,7;9,7;8,1;10,4;9;9;7,6;95;89;92;86;3,4;1,4;
2026/06/29;1500 UTC;0;1005,7;1005,8;1005,5;1185,2;11;8,9;11,5;10,4;9,9;8,1;94;86;90;101;3,4;1,6;
2026/06/29;1600 UTC;0;1005,1;1005,5;1004,7;1554,5;12;9;13,2;11,3;10,4;8,3;89;79;85;155;3,2;1,6;
2026/06/29;1700 UTC;;;;;;;;;;;;;;;;;;
2026/06/29;1800 UTC;0;1003,5;1003,7;1003,3;1647,2;13,5;9;14,4;12,7;9,8;8,5;82;71;78;158;4,3;1,6;
2026/06/29;1900 UTC;0;1003,4;1003,7;1003,3;1049,3;14;8,7;14,6;13,5;9,3;8,3;76;71;73;98;3,5;2;
2026/06/29;2000 UTC;0;1003,7;1003,8;1003,6;636;13,9;8,6;14,1;13,6;9,3;8,2;78;71;74;141;2,9;1,3;
2026/06/29;2100 UTC;0;1003,5;1003,7;1003,4;109,9;12,3;9;13,5;10,9;9,4;8,6;92;76;83;133;1,2;,6;
2026/06/29;2200 UTC;0;1003,2;1003,4;1003,1;0;10,2;9;10,9;9,5;9,3;8,5;96;91;94;106;3;1,5;
2026/06/29;2300 UTC;0;1003,4;1003,6;1003,2;0;8,6;8,3;9,5;8,3;8,8;7,9;100;94;98;107;2,8;1,5;
2026/06/30;0000 UTC;0;1003,7;1004;1003,5;0;9,1;8,3;9,6;8,6;8,8;7,7;100;91;96;208;2,6;1,6;
2026/06/30;0100 UTC;0;1003,9;1004;1003,8;0;8,6;8,5;8,9;8,4;8,9;8,2;100;98;99;169;2,4;1,1;
2026/06/30;0200 UTC;0;1003,8;1004;1003,6;0;8,2;8,2;8,4;8;8,3;8;100;99;100;183;1,4;,7;
2026/06/30;0300 UTC;0;1003,8;1003,8;1003,7;0;7,4;7,4;8;6,9;8;7;100;100;100;184;2,4;1,3;
2026/06/30;0400 UTC;0;1003,6;1003,8;1003,5;0;6,5;6,5;7,5;5,6;7,6;5,5;100;99;100;211;,4;,2;
2026/06/30;0500 UTC;0;1003,4;1003,6;1003,1;0;6,8;6,8;7,1;6,2;7,1;6,3;100;100;100;164;,7;,4;
2026/06/30;0600 UTC;0;1002,8;1003,3;1002,6;0;6,8;6,9;6,9;6,7;7;6,8;100;100;100;146;1,3;,6;
2026/06/30;0700 UTC;0;1002,6;1002,7;1002,4;0;6,7;6,8;7;6,5;7;6,6;100;100;100;133;2,2;1,2;
2026/06/30;0800 UTC;0;1002,2;1002,4;1002;0;7,1;7,1;7,5;6,6;7,6;6,7;100;100;100;125;2,7;1,4;
2026/06/30;0900 UTC;,2;1001,9;1002,1;1001,8;0;7,7;7,8;7,8;7,5;7,9;7,6;100;100;100;107;3,7;1,9;
2026/06/30;1000 UTC;0;1002;1002,2;1001,8;0;7,9;8;8;7,8;8,1;7,9;100;100;100;101;6,8;3,7;
2026/06/30;1100 UTC;0;1002,5;1002,9;1002,1;5,9;7,9;8;8,1;7,8;8,1;7,8;100;100;100;112;4;1,8;
2026/06/30;1200 UTC;0;1002,9;1003,1;1002,8;100,4;8,3;8,3;8,6;8;8,6;8,1;100;100;100;118;4,6;2,3;
2026/06/30;1300 UTC;0;1003,1;1003,3;1002,9;327,8;9;9;9,4;8,5;9,4;8,6;100;100;100;105;5,4;2,5;
2026/06/30;1400 UTC;0;1002,8;1003;1002,5;422,2;9,5;9,4;9,6;9,3;9,6;9,1;100;98;99;105;6,3;3,3;
2026/06/30;1500 UTC;0;1002,3;1002,6;1002,2;617,1;10,1;9,3;10,8;9,6;9,8;8,8;99;90;96;83;5,7;2;
2026/06/30;1600 UTC;0;1001,9;1002,3;1001,5;1037,5;11,2;9,4;12,2;10,5;10;8,9;96;85;91;141;3,9;2,1;
2026/06/30;1700 UTC;0;1001,2;1001,8;1000,7;702,5;11,6;9,5;11,8;11,4;9,9;9,3;91;89;90;133;3,8;1,9;
2026/06/30;1800 UTC;0;1000,2;1000,8;999,7;515,1;11,7;9,6;12;11,5;9,9;9,4;91;88;89;118;4,7;1,9;
2026/06/30;1900 UTC;0;999,4;999,8;999;345,1;11,9;9,8;12;11,8;10;9,6;91;89;90;129;4,5;2,3;
2026/06/30;2000 UTC;0;999,1;999,4;998,9;165,9;12;9,9;12;11,8;10,1;9,7;91;89;90;101;6,8;3,6;
2026/06/30;2100 UTC;0;999,2;999,5;998,8;21,4;11,7;10,2;11,8;11,6;10,4;10;94;91;92;104;5,2;2,8;
2026/06/30;2200 UTC;0;999,3;999,6;999,1;0;11,7;10,4;11,7;11,6;10,5;10,3;94;93;94;125;3,6;1,8;
2026/06/30;2300 UTC;0;999,5;999,7;999,4;0;11,7;10,6;11,7;11,7;10,7;10,5;95;94;94;135;3,5;2;
2026/07/01;0000 UTC;0;999,5;999,7;999,4;0;11,8;10,8;11,9;11,7;11;10,7;96;95;95;120;5;2,3;
2026/07/01;0100 UTC;0;999,7;1000;999,5;0;12;11,3;12,1;11,9;11,5;11;97;95;96;130;4,4;1,9;
2026/07/01;0200 UTC;0;1000;1000,1;1000;0;12,1;11,7;12,1;12;11,8;11,5;99;97;98;109;4,3;2,3;
2026/07/01;0300 UTC;0;1000,2;1000,3;1000;0;12;11,9;12;11,9;12;11,8;100;99;100;96;6,3;3,3;
2026/07/01;0400 UTC;0;1000,1;1000,3;999,6;0;11,9;11,9;11,9;11,8;12;11,9;100;100;100;104;5,4;2,7;
2026/07/01;0500 UTC;0;1000;1000,2;999,8;0;11,8;11,9;11,8;11,7;11,9;11,8;100;100;100;101;5;3,4;
2026/07/01;0600 UTC;0;999,7;1000;999,2;0;11,7;11,7;11,7;11,6;11,8;11,6;100;100;100;98;5,6;3,4;
2026/07/01;0700 UTC;0;999,5;999,9;998,9;0;11,6;11,6;11,6;11,5;11,7;11,6;100;100;100;118;4;2,2;
2026/07/01;0800 UTC;0;999,1;999,4;998,7;0;11,4;11,5;11,5;11,4;11,6;11,4;100;100;100;109;4,2;2,1;
2026/07/01;0900 UTC;0;999,2;999,6;998,6;0;11,3;11,4;11,4;11,3;11,4;11,3;100;100;100;110;3,3;1,5;
2026/07/01;1000 UTC;0;999,6;999,9;999,1;0;11,3;11,4;11,4;11,3;11,4;11,4;100;100;100;119;3,2;1,5;
2026/07/01;1100 UTC;0;1000,1;1000,6;999,7;10;11,4;11,5;11,5;11,4;11,5;11,4;100;100;100;113;3,7;1,7;
2026/07/01;1200 UTC;;;;;;;;;;;;;;;;;;
2026/07/01;1300 UTC;5,1;1001,3;1001,7;1001,1;239,8;11,8;11,8;12;11,6;12,1;11,6;100;100;100;105;6;3,1;
2026/07/01;1400 UTC;0;1001,4;1001,5;1001,1;;12,1;11,8;12,2;11,9;12;11,7;100;98;98;101;7,5;3,8;
2026/07/01;1500 UTC;0;1001,2;1001,5;1001;;12,6;11,7;12,7;12,2;12;11,4;98;94;96;117;6,6;2,6;
2026/07/01;1600 UTC;0;1001;1001,4;1000,6;;12,7;11,7;12,8;12,6;11,8;11,6;96;95;95;102;6,6;3,3;
2026/07/01;1700 UTC;0;1000,3;1001,1;999,7;;12,6;11,8;12,7;12,6;12,1;11,7;97;95;96;103;6,5;2,9;
2026/07/01;1800 UTC;0;1000,3;1000,6;999,8;;12,7;12,1;12,8;12,6;12,3;12;98;97;97;117;5,6;2,3;
2026/07/01;1900 UTC;0;1000;1000,9;999,5;;12,7;12,4;12,8;12,6;12,5;12,3;99;98;99;124;4,6;1,8;
2026/07/01;2000 UTC;0;1000,7;1001,3;1000,3;;12,9;12,5;13;12,8;12,6;12,4;98;97;98;161;4,5;1,1;
2026/07/01;2100 UTC;0;1001,4;1001,7;1001,1;;13;12,7;13;13;13;12,6;100;98;99;156;3,7;1,3;
2026/07/01;2200 UTC;0;1002;1002,2;1001,7;;13;13,1;13,1;13;13,1;13;100;100;100;143;4,9;2,7;
2026/07/01;2300 UTC;0;1002,5;1003,2;1001,8;;13,1;13,2;13,2;13;13,3;13,1;100;100;100;147;4,5;1,9;
2026/07/02;0000 UTC;0;1002,9;1003,2;1002,6;;13,3;13,3;13,3;13,2;13,3;13,3;100;100;100;153;3,9;1,6;
2026/07/02;0100 UTC;0;1003,6;1003,8;1003,3;;13,3;13,3;13,3;13,2;13,4;13,3;100;100;100;157;3,3;1,3;
2026/07/02;0200 UTC;0;1004,2;1004,3;1004,2;;13,4;13,5;13,4;13,4;13,5;13,5;100;100;100;145;2,6;1,5;
2026/07/02;0300 UTC;0;1004,2;1004,2;1004,1;;13,4;13,4;13,4;13,4;13,4;13,4;100;100;100;187;3,5;1,9;
2026/07/02;0400 UTC;0;1004,4;1004,6;1004,3;;13,3;13,4;13,3;13,3;13,4;13,4;100;100;100;193;3,5;2;
2026/07/02;0500 UTC;0;1004,7;1004,7;1004,6;;13,3;13,4;13,3;13,3;13,4;13,3;100;100;100;210;3,3;2,3;
2026/07/02;0600 UTC;0;1004,8;1004,9;1004,7;;13,3;13,1;13,3;13,3;13,1;13,1;99;99;99;211;2,5;1,7;
2026/07/02;0700 UTC;0;1004,9;1004,9;1004,8;;13,2;13,2;13,2;13,2;13,2;13,2;100;100;100;196;4,7;2,8;
2026/07/02;0800 UTC;0;1004,1;1004,2;1004;;13,2;13,2;13,2;13,2;13,2;13,2;100;100;100;185;5,7;3,6;
2026/07/02;0900 UTC;0;1004,4;1004,5;1004,4;;12,8;12,9;12,8;12,8;12,9;12,9;100;100;100;198;4,7;2,9;
2026/07/02;1000 UTC;0;1004,8;1005,1;1004,7;;12,6;12,5;12,6;12,6;12,5;12,5;100;100;100;189;5,9;3,9;
2026/07/02;1100 UTC;,2;1006,3;1006,4;1006,2;;11,4;11,3;11,5;11,3;11,3;11,2;99;99;99;197;7,6;4,5;
2026/07/02;1200 UTC;0;1006,7;1006,8;1006,6;;10,7;10,6;10,7;10,7;10,7;10,6;100;100;100;191;8,8;5,3;
2026/07/02;1300 UTC;,2;1007,8;1007,9;1007,8;;10,1;9,8;10,1;10;9,9;9,7;99;98;99;188;8,8;5,5;
2026/07/02;1400 UTC;0;1008,7;1008,8;1008,7;;9,8;9,6;9,8;9,8;9,6;9,5;99;99;99;194;8;4,4;
2026/07/02;1500 UTC;0;1008,8;1008,9;1008,7;;10;9,6;10;10;9,7;9,4;98;97;98;195;7;3,9;
2026/07/02;1600 UTC;0;1008,4;1008,4;1008,3;;10;9,7;10;10;9,8;9,6;99;98;99;200;6,5;4,2;
2026/07/02;1700 UTC;0;1008,2;1008,3;1008,2;;9,9;9,4;9,9;9,8;9,6;9,3;98;97;98;201;6;3,6;
2026/07/02;1800 UTC;0;1008,1;1008,2;1008,1;;10;9,5;10,1;10;9,6;9,4;98;97;97;201;4,9;3,2;
2026/07/02;1900 UTC;0;1008,4;1008,4;1008,3;;9,8;8,2;9,9;9,8;8,3;8,1;92;91;92;206;6,2;3,7;
2026/07/02;2000 UTC;0;1009;1009,1;1009;;9,4;7,2;9,4;9,3;7,6;7,1;91;89;89;210;6,3;4,3;
2026/07/02;2100 UTC;0;1009,8;1009,8;1009,6;;8,5;7,5;8,6;8,4;7,6;7,3;95;94;95;212;6,2;3,3;
2026/07/02;2200 UTC;0;1010,5;1010,5;1010,4;;8,4;6,4;8,4;8,4;6,6;6,3;91;89;90;213;4,4;2,7;
2026/07/02;2300 UTC;0;1011;1011;1011;;8,2;6,5;8,3;8,2;6,7;6,5;92;91;91;235;2,9;2,1;
2026/07/03;0000 UTC;0;1011,6;1011,6;1011,6;;7,7;4,9;7,8;7,7;5,1;4,8;87;85;86;230;4,7;3,5;
2026/07/03;0100 UTC;0;1011,7;1011,8;1011,6;;7,3;4,6;7,6;7,1;4,8;4,3;88;85;87;231;4,4;2,6;
2026/07/03;0200 UTC;0;1011,8;1011,8;1011,8;;5,7;3,5;5,8;5,6;3,6;3,5;89;89;89;234;2,7;2,1;
2026/07/03;0300 UTC;0;1011,9;1012;1011,9;;4,8;2,8;4,9;4,8;2,9;2,8;90;90;90;230;3,2;2,1;
2026/07/03;0400 UTC;0;1012,3;1012,3;1012,3;;4,4;2,1;4,5;4,4;2,2;2;89;88;88;218;4,7;3,4;
2026/07/03;0500 UTC;0;1012;1012,1;1012;;3,7;,4;3,7;3,7;,5;,2;84;83;84;204;4,9;2,9;
2026/07/03;0600 UTC;0;1012;1012;1011,9;;2,7;-,9;2,8;2,7;-,7;-1,1;83;81;82;195;6,4;3,1;
2026/07/03;0700 UTC;0;1012,1;1012,1;1012;;2,2;-1,7;2,3;2,2;-1,7;-1,8;80;80;80;199;4;2,3;
2026/07/03;0800 UTC;0;1012;1012;1012;;1,5;-1,7;1,5;1,4;-1,6;-1,9;85;83;84;200;3,8;2;
2026/07/03;0900 UTC;0;1012,1;1012,1;1012,1;;,7;-2;,9;,4;-1,9;-2;88;86;87;207;1,9;1,1;
2026/07/03;1000 UTC;0;1012,4;1012,4;1012,4;;-,4;-1,6;-,2;-,5;-1,6;-1,7;95;93;94;42;2;1,8;
2026/07/03;1100 UTC;0;1012,9;1012,9;1012,9;;,5;-2,2;,6;,3;-2,1;-2,3;87;86;87;292;1,8;1,1;
2026/07/03;1200 UTC;0;1013,1;1013,1;1013,1;;2;-,6;2,1;2;-,4;-,9;88;85;87;316;2,5;2,1;
2026/07/03;1300 UTC;0;1013,7;1013,7;1013,6;;4,2;0;4,4;4,1;,3;-,3;80;78;79;332;2,1;1;
2026/07/03;1400 UTC;0;1013,6;1013,7;1013,6;;5,8;,4;5,9;5,6;,6;,2;74;72;73;184;4,4;2,9;
2026/07/03;1500 UTC;0;1013,3;1013,3;1013,2;;6,8;,8;7;6,7;,9;,7;71;69;70;210;5,6;3;
2026/07/03;1600 UTC;0;1012,6;1012,6;1012,5;;7,9;1,1;8;7,6;1,6;,7;69;63;66;221;5,1;3,9;
2026/07/03;1700 UTC;0;1011,7;1011,7;1011,7;;8,4;,7;8,5;8,2;1,3;,1;64;59;62;228;5,5;2,9;
2026/07/03;1800 UTC;0;1011;1011,1;1011;;9,4;1,6;9,5;9,2;1,9;1,2;63;59;61;254;4,3;2,5;
2026/07/03;1900 UTC;0;1010,6;1010,7;1010,5;;10,3;1,7;10,3;10,2;2,7;1,2;63;54;57;215;3,3;2;
2026/07/03;2000 UTC;0;1010,5;1010,5;1010,5;;9,9;2;10;9,8;2,3;1,9;62;59;60;222;4,9;3,6;
2026/07/03;2100 UTC;0;1010,4;1010,5;1010,4;;7,1;2,4;7,3;7;2,5;2,4;77;75;76;247;2,6;2,1;
2026/07/03;2200 UTC;0;1010,7;1010,8;1010,7;;7,4;2,5;7,5;7,3;2,7;2,4;76;75;76;221;2,9;2,1;
2026/07/03;2300 UTC;0;1011,1;1011,2;1011,1;;7,4;3,4;7,4;7,4;3,5;3,1;81;78;80;221;2,1;1,7;
2026/07/04;0000 UTC;0;1011,4;1011,4;1011,4;;7,7;3,2;7,8;7,7;3,4;3,1;78;77;77;187;1,9;1,2;
2026/07/04;0100 UTC;0;1011,2;1011,4;1011;;7,6;3,5;7,7;7,5;3,9;3,1;81;77;79;186;2,5;1,3;
2026/07/04;0200 UTC;0;1010,9;1011;1010,9;;7,4;4,2;7,5;7,4;4,3;4;85;83;84;186;1,8;1,2;
2026/07/04;0300 UTC;;;;;;;;;;;;;;;;;;
2026/07/04;0400 UTC;0;1010,8;1010,8;1010,7;;7,1;5,3;7,1;7,1;5,5;5,2;92;91;91;28;2,4;1,8;
2026/07/04;0500 UTC;0;1010,3;1010,4;1010,3;;7,2;5,7;7,2;7,2;5,8;5,6;93;92;93;52;2,4;1,5;
2026/07/04;0600 UTC;0;1009,7;1009,7;1009,6;;7,1;5,2;7,1;7,1;5,3;5,1;91;90;91;95;,8;,5;
2026/07/04;0700 UTC;0;1009,1;1009,2;1009;;6,3;5,1;6,3;6,2;5,2;5,1;95;94;94;147;1,8;1;
2026/07/04;0800 UTC;0;1009;1009;1009;;5,7;4,8;5,7;5,7;4,8;4,6;95;95;95;114;1,3;,9;
2026/07/04;0900 UTC;0;1008,9;1009;1008,9;;4,8;4,6;4,8;4,8;4,7;4,6;100;99;99;79;1,3;,5;
2026/07/04;1000 UTC;0;1009,1;1009,1;1009,1;;6,5;4,8;6,5;6,4;4,9;4,8;92;92;92;139;3,9;2,1;
2026/07/04;1100 UTC;0;1009,7;1009,8;1009,7;;6,6;5,1;6,6;6,6;5,2;5;93;92;93;113;2,8;1,6;
2026/07/04;1200 UTC;0;1010,2;1010,2;1010,1;;7,2;5,2;7,2;7,2;5,3;5,1;91;90;90;117;3,7;2,2;
2026/07/04;1300 UTC;;;;;;;;;;;;;;;;;;
2026/07/04;1400 UTC;0;1010,6;1010,9;1010,4;;8,1;4,3;8,3;7,9;5,1;3,7;86;78;81;97;7,3;2,8;
2026/07/04;1500 UTC;0;1010,5;1010,9;1010,2;;8,5;4,4;8,7;8,3;4,7;4,1;82;78;79;;;;
2026/07/04;1600 UTC;0;1010,3;1010,9;1009,7;;8,8;4,1;9,3;8,6;4,6;3,6;79;72;76;;;;
2026/07/04;1700 UTC;0;1008,6;1009,6;1007,9;;9,4;4;9,9;9,1;4,4;3,6;74;70;73;76;5;2,4;
2026/07/04;1800 UTC;0;1007,3;1008;1007;;9,8;3,9;10,5;9,4;4,3;3,5;74;67;71;94;5,3;2,5;
2026/07/04;1900 UTC;0;1007,4;1007,5;1007,2;;10,1;4,2;10,2;10;4,8;3,8;73;68;70;121;3,8;1,8;
2026/07/04;2000 UTC;0;1007,2;1007,4;1007;;9,9;4,6;10,2;9,5;5,1;4,1;77;70;73;132;3,2;2,3;
2026/07/04;2100 UTC;0;1007,2;1007,3;1007;;9;5;9,5;8,5;5,3;4,6;83;76;80;;;;
2026/07/04;2200 UTC;0;1006,9;1007,2;1006,2;;8,5;5,2;8,7;8,3;5,6;4,8;86;81;84;;;;
2026/07/04;2300 UTC;0;1006,1;1007,1;1005,5;;8,3;5,5;8,4;7,8;5,8;5,3;88;85;86;;;;
2026/07/05;0000 UTC;0;1007,1;1007,4;1006,7;;7,9;5,6;8,1;7,6;5,8;5,4;91;87;89;;;;
2026/07/05;0100 UTC;0;1007,1;1007,4;1006,5;;7,7;5,6;7,9;7,6;5,7;5,5;90;88;89;;;;
2026/07/05;0200 UTC;0;1006,6;1007;1006,1;;8,1;5,7;8,3;7,9;5,9;5,6;89;87;88;;;;
2026/07/05;0300 UTC;;;;;;;;;;;;;;;;;;
2026/07/05;0400 UTC;0;1006,1;1006,4;1006;;8,1;6;8,1;7,9;6,1;5,9;91;89;90;;;;
2026/07/05;0500 UTC;0;1005,8;1006;1005,7;;7,4;6,2;7,9;7,1;6,5;6,1;96;91;94;;;;
2026/07/05;0600 UTC;0;1005,6;1005,8;1005,5;;7,6;6,3;7,7;7,4;6,4;6,3;95;93;94;;;;
2026/07/05;0700 UTC;0;1005,4;1005,5;1005,2;;7,4;6,5;7,7;7,3;6,9;6,3;96;95;96;;;;
2026/07/05;0800 UTC;0;1004,7;1005,2;1004,5;;8,2;7,1;8,5;7,7;7,3;6,9;96;93;94;;;;
2026/07/05;0900 UTC;0;1004,3;1004,7;1004;;8,5;7,3;8,6;8,4;7,4;7,2;94;94;94;;;;
2026/07/05;1000 UTC;0;1004,3;1004,5;1004,1;;8,8;7,5;8,8;8,6;7,6;7,3;94;93;93;;;;
2026/07/05;1100 UTC;0;1004,4;1004,7;1004,1;;8,9;7,6;9;8,8;7,7;7,5;94;93;93;;;;
2026/07/05;1200 UTC;0;1004,5;1004,7;1004,4;;9,1;7,7;9,4;9;8;7,6;94;91;93;;;;
2026/07/05;1300 UTC;0;1005;1005,3;1004,6;;9,7;7,8;10,3;9,4;8,2;7,6;92;88;91;;;;
2026/07/05;1400 UTC;0;1005,1;1005,4;1004,7;;10,8;8;11,8;10,3;8,6;7,7;89;81;86;98;5,2;2,8;
2026/07/05;1500 UTC;0;1004,1;1004,2;1004,1;;12,7;8,4;12,8;12,6;8,5;8,2;79;78;78;105;5,2;3;
2026/07/05;1600 UTC;0;1003,1;1003,1;1003,1;;13,7;8,8;13,8;13,6;8,9;8,6;76;75;75;111;4,6;2,5;
2026/07/05;1700 UTC;0;1002,6;1002,6;1002,6;;14,2;9,2;14,2;14,1;9,5;9;76;74;75;109;4,2;2;
2026/07/05;1800 UTC;0;1002,1;1002,1;1002;;13,5;9,5;13,5;13,5;9,6;9,4;81;79;80;123;2,8;1,4;
2026/07/05;1900 UTC;0;1001,8;1001,8;1001,8;;13,2;9,6;13,2;13,2;9,8;9,5;83;81;82;117;3,2;2;
2026/07/05;2000 UTC;0;1002,1;1002,2;1002,1;;13,1;9,9;13,1;13;10;9,8;85;84;84;160;3,2;1,8;
2026/07/05;2100 UTC;0;1002;1002;1002;;12,5;10,1;12,5;12,5;10,1;10;88;88;88;118;2,3;1,3;
2026/07/05;2200 UTC;0;1001,9;1001,9;1001,9;;12,1;10;12,2;12,1;10,1;10;90;89;90;150;3,2;1,9;
2026/07/05;2300 UTC;0;1001,9;1001,9;1001,8;;11,7;10,4;11,7;11,7;10,5;10,4;94;94;94;141;2,6;1,7;
2026/07/06;0000 UTC;0;1002,6;1002,6;1002,5;;11,6;10,7;11,6;11,6;10,8;10,7;96;95;95;208;2;1,2;
2026/07/06;0100 UTC;0;1002,5;1002,6;1002,3;;11,5;10,7;11,6;11,4;10,8;10,6;96;95;96;345;1,8;,6;
2026/07/06;0200 UTC;0;1002,5;1002,6;1002,5;;11,5;10,9;11,5;11,5;11;10,9;97;97;97;352;1,3;,8;
2026/07/06;0300 UTC;0;1003;1003,1;1003;;11,5;10,9;11,5;11,5;11;10,9;97;97;97;254;2,6;2;
2026/07/06;0400 UTC;0;1003;1003;1003;;11,3;10,8;11,4;11,3;10,9;10,8;98;97;97;266;4;3;
2026/07/06;0500 UTC;0;1003,4;1003,4;1003,3;;11,3;10,6;11,3;11,3;10,6;10,6;97;96;97;271;5,1;4,1;
2026/07/06;0600 UTC;0;1003,4;1003,4;1003,3;;11;10,2;11,1;11;10,3;10,2;96;96;96;274;5;3,5;
2026/07/06;0700 UTC;0;1003,1;1003,2;1003,1;;10,8;10,2;10,8;10,8;10,2;10,2;97;97;97;290;2,1;1,1;
2026/07/06;0800 UTC;0;1002,8;1002,9;1002,8;;10,9;9,7;10,9;10,9;9,8;9,6;95;94;94;265;7;4,9;
2026/07/06;0900 UTC;0;1003,3;1003,3;1003,2;;10,5;9,1;10,5;10,5;9,2;9,1;93;93;93;264;6,6;5,2;
2026/07/06;1000 UTC;0;1003,7;1003,8;1003,6;;10,2;8,3;10,2;10,2;8,4;8,2;91;90;91;248;3,7;2,7;
2026/07/06;1100 UTC;0;1004,4;1004,4;1004,4;;10,1;8,6;10,1;10;8,9;8,3;94;91;93;265;4,7;2,6;
2026/07/06;1200 UTC;0;1005,3;1005,3;1005,3;;10;7,7;10;10;7,9;7,6;89;88;89;250;5,2;4,1;
2026/07/06;1300 UTC;0;1006,1;1006,2;1006,1;;10,4;7,7;10,4;10,4;7,9;7,5;87;85;87;273;7;4,2;
2026/07/06;1400 UTC;0;1006,4;1006,5;1006,4;;10,8;7,3;10,8;10,7;7,5;7,1;84;82;83;264;6,3;4,9;
2026/07/06;1500 UTC;0;1006,1;1006,2;1006,1;;11,3;5,7;11,6;11,2;6,1;5,5;74;69;72;266;6,1;4,6;
2026/07/06;1600 UTC;0;1005,7;1005,7;1005,6;;11,4;5,3;11,5;11,4;5,5;5;71;68;69;272;6,8;4;
2026/07/06;1700 UTC;0;1005,4;1005,5;1005,3;;12,2;5,2;12,4;12,1;5,5;5,1;67;64;65;280;6;3,3;
2026/07/06;1800 UTC;0;1004,9;1004,9;1004,9;;14,1;6,1;14,2;13,9;6,3;5,9;61;59;60;298;6,7;2,9;
2026/07/06;1900 UTC;0;1004,8;1004,9;1004,8;;13,6;4,6;13,6;13,5;4,8;4,4;56;54;55;270;6,5;4,8;
2026/07/06;2000 UTC;0;1005,1;1005,1;1005,1;;12,1;3,7;12,2;12;3,8;3,5;59;57;58;270;5,9;4,4;
2026/07/06;2100 UTC;0;1005,2;1005,2;1005,2;;9,2;4,6;9,3;9;4,7;4,5;77;76;77;286;1,7;,6;
2026/07/06;2200 UTC;0;1005,3;1005,5;1005,2;;7,9;4,5;9;6,8;5,1;3,9;87;77;83;286;2,1;,9;
2026/07/06;2300 UTC;0;1005,7;1006;1005,4;;6,6;3,7;7;6,1;4;3,4;87;83;85;;;;
2026/07/07;0000 UTC;0;1005,9;1005,9;1005,9;;5,3;3,7;5,4;5,2;3,9;3,6;93;91;92;288;1,4;,6;
2026/07/07;0100 UTC;0;1006,3;1006,6;1006;;5,5;3,4;5,6;5,2;3,6;3,2;91;89;90;274;3;2,5;
2026/07/07;0200 UTC;0;1006,7;1006,7;1006,6;;4,4;3,6;4,6;4,3;3,7;3,4;96;95;96;303;2,6;1,4;
2026/07/07;0300 UTC;0;1006,5;1006,5;1006,5;;4,1;3,5;4,1;4,1;3,5;3,4;97;97;97;327;2;1,4;
2026/07/07;0400 UTC;0;1006,2;1006,2;1006,2;;4,2;3,2;4,3;4,2;3,3;3,2;95;95;95;339;1,1;,6;
2026/07/07;0500 UTC;0;1006,1;1006,1;1006,1;;4,4;3,2;4,4;4,3;3,3;3,1;95;94;94;350;1,6;,8;
2026/07/07;0600 UTC;0;1006,1;1006,2;1006,1;;3,9;3,6;3,9;3,9;3,6;3,6;99;99;99;357;1,6;,9;
2026/07/07;0700 UTC;0;1005,6;1005,6;1005,5;;2,8;2,3;2,9;2,8;2,3;2,1;98;97;97;44;2,7;2,3;
2026/07/07;0800 UTC;0;1005;1005;1004,9;;3,1;2,4;3,1;3,1;2,5;2,3;97;96;96;326;1,7;,8;
2026/07/07;0900 UTC;0;1004,8;1004,8;1004,8;;3,7;2,1;3,8;3,6;2,1;2;92;92;92;349;1,9;1,1;
2026/07/07;1000 UTC;0;1005,2;1005,3;1005,2;;3,4;1,9;3,4;3,3;1,9;1,8;93;92;92;334;2,5;1,4;
2026/07/07;1100 UTC;0;1005,6;1005,7;1005,6;;2,6;1,7;2,7;2,5;1,7;1,6;96;95;95;307;2,7;1,7;
2026/07/07;1200 UTC;0;1006,3;1006,3;1006,2;;5,7;2,9;5,8;5,5;3,1;2,6;88;84;86;310;3,5;2,7;
2026/07/07;1300 UTC;0;1006,8;1007,1;1006,4;;7,5;3,3;9;5,9;3,9;2,9;86;71;79;319;4,1;3,2;
2026/07/07;1400 UTC;0;1007,3;1007,5;1007;;10,1;3,7;11,3;9;4,6;3;72;63;68;;;;
2026/07/07;1500 UTC;0;1007,5;1007,6;1007,3;;12,4;4,4;13;11,2;5;3,7;65;56;60;;;;
2026/07/07;1600 UTC;0;1007,1;1007,5;1006,8;;13,8;4,6;14,4;13;5,5;3,9;61;51;54;;;;
2026/07/07;1700 UTC;0;1006,7;1006,9;1006,3;;14,3;5,1;15,1;13,9;5,7;4,4;56;51;54;;;;
2026/07/07;1800 UTC;0;1006,1;1006,4;1005,6;;14,9;4,9;15,3;14,5;5,5;4,2;53;47;50;;;;
2026/07/07;1900 UTC;0;1005,3;1005,6;1005,1;;15;4,7;15,4;14,8;5,4;4,1;52;46;49;;;;
2026/07/07;2000 UTC;0;1005,1;1005,3;1004,9;;14,3;4,8;15,2;12,9;5,3;4,4;61;47;53;;;;
2026/07/07;2100 UTC;0;1004,9;1005;1004,7;;11,8;5,1;12,8;10,4;5,6;4,6;73;61;67;;;;
2026/07/07;2200 UTC;0;1004,3;1004,6;1004,2;;9,6;4,5;10,3;9;6;4;83;71;75;;;;
2026/07/07;2300 UTC;0;1004,4;1004,6;1004,2;;9,1;4,7;9,4;8,8;5;4,5;80;77;78;;;;
2026/07/08;0000 UTC;0;1004,5;1004,7;1004,3;;7,9;5;9,1;6,8;5,4;4,7;92;78;86;;;;
2026/07/08;0100 UTC;0;1004,1;1004,2;1004;;6,4;4,8;6,7;6,2;5,1;4,6;93;90;92;36;2,1;1,3;
2026/07/08;0200 UTC;0;1004,6;1004,6;1004,5;;6,1;4,6;6,2;6,1;4,6;4,5;93;92;92;121;,7;,5;
2026/07/08;0300 UTC;0;1004,6;1004,6;1004,6;;6,2;4,4;6,3;6,1;4,5;4,4;92;90;91;13;,6;,3;
2026/07/08;0400 UTC;0;1004,1;1004,2;1004;;5,1;4,4;5,1;5;4,6;4,2;97;96;96;32;1,8;1,4;
2026/07/08;0500 UTC;0;1003,6;1003,6;1003,5;;4,8;4;4,8;4,8;4,1;4;96;96;96;83;1,2;,7;
2026/07/08;0600 UTC;0;1003,5;1003,5;1003,4;;4,8;3,7;4,9;4,7;3,8;3,6;95;94;95;92;1,3;1;
2026/07/08;0700 UTC;0;1003,4;1003,5;1003,4;;4,6;3,9;4,6;4,6;4,2;3,6;98;95;96;348;1,3;,7;
2026/07/08;0800 UTC;0;1002,8;1002,9;1002,8;;4;3,9;4,1;4;4,2;3,8;100;99;99;13;1,6;1,4;
2026/07/08;0900 UTC;0;1003,2;1003,2;1003,2;;3,5;3,5;3,6;3,4;3,6;3,4;100;100;100;199;,6;,5;
2026/07/08;1000 UTC;0;1004;1004;1003,9;;4,2;4;4,3;4,1;4,2;3,8;100;98;99;25;,7;,5;
2026/07/08;1100 UTC;0;1004,3;1004,3;1004,2;;3,7;3,3;3,7;3,6;3,3;3,2;98;98;98;52;1,1;,7;
2026/07/08;1200 UTC;;;;;;;;;;;;;;;;;;
2026/07/08;1300 UTC;0;1005;1005,3;1004,7;;9,5;5;11,1;7,8;5,8;3,9;84;69;77;78;2,1;1,2;
2026/07/08;1400 UTC;0;1005,2;1005,3;1005,1;;12,2;5,8;13,4;11,1;6,7;4,9;73;64;68;;;;
2026/07/08;1500 UTC;0;1005,1;1005,3;1004,8;;14,3;6,7;15,7;13,4;7,6;6,1;66;58;62;;;;
2026/07/08;1600 UTC;0;1004,5;1004,8;1004,2;;16,8;7,1;17,8;15,8;7,8;6,6;56;46;51;113;,9;,5;
2026/07/08;1700 UTC;0;1003,2;1003,2;1003,1;;18,8;7,7;18,9;18,7;7,8;7,4;45;44;44;52;2;,9;
2026/07/08;1800 UTC;0;1002,6;1002,6;1002,5;;20,1;8,2;20,2;20,1;8,5;8;42;39;40;30;1,3;,6;
2026/07/08;1900 UTC;0;1002,2;1002,2;1002,2;;20,3;8,4;20,3;20,2;8,5;8,2;42;40;40;115;2,1;1,1;
2026/07/08;2000 UTC;0;1002,1;1002,1;1002;;20,3;9,2;20,4;20,1;9,3;9;46;43;45;113;2,9;1,5;
2026/07/08;2100 UTC;0;1002,1;1002,1;1002,1;;15,7;8,7;15,8;15,6;8,8;8,7;66;65;65;143;3,2;2,3;
2026/07/08;2200 UTC;0;1003;1003;1003;;13,3;8,3;13,3;13,3;8,4;8,3;75;75;75;158;3,8;2;
2026/07/08;2300 UTC;0;1002,6;1002,7;1002,6;;11,9;7,4;12,2;11,8;7,5;7,3;78;76;77;81;4;1,9;
2026/07/09;0000 UTC;;;;;;;;;;;;;;;;;;
2026/07/09;0100 UTC;0;1001,4;1001,5;1001,3;;11,2;7,5;11,5;10,8;7,6;7,4;83;80;82;105;5;1,8;
2026/07/09;0200 UTC;0;1001,3;1001,3;1001,3;;9,3;7,3;9,3;9,2;7,4;7,3;91;90;90;130;2;,7;
2026/07/09;0300 UTC;0;1000,8;1000,8;1000,8;;8,7;7,2;8,9;8,6;7,3;7,1;94;91;92;166;1;,6;
2026/07/09;0400 UTC;0;1000,7;1000,7;1000,6;;8,4;7,3;8,6;8,3;7,4;7,3;95;93;94;142;1,8;1,5;
2026/07/09;0500 UTC;0;1000,5;1000,5;1000,4;;7,6;6,6;7,7;7,5;7;6,3;96;94;95;138;1,7;1,3;
2026/07/09;0600 UTC;0;1000,1;1000,1;1000,1;;8,1;6,7;8,2;7,8;6,9;6,6;95;92;93;139;3;2;
2026/07/09;0700 UTC;0;999,8;1000,2;999,6;;7,4;6,2;8,3;6;6,8;4,8;100;90;94;145;3,1;,9;
2026/07/09;0800 UTC;0;999,6;999,7;999,6;;5,9;5,8;7,1;5,3;7,2;5,1;100;97;99;121;2,5;1,8;
2026/07/09;0900 UTC;0;1000;1000;1000;;5,8;5,9;6,2;5,7;6,2;5,7;100;100;100;75;1,6;,8;
2026/07/09;1000 UTC;0;1000,3;1000,3;1000,3;;4,7;4,7;4,7;4,6;4,8;4,7;100;100;100;215;2,6;1,9;
2026/07/09;1100 UTC;0;1000,5;1000,5;1000,5;;4,3;4,4;4,4;4,3;4,5;4,3;100;100;100;156;1,3;,8;
2026/07/09;1200 UTC;;;;;;;;;;;;;;;;;;
2026/07/09;1300 UTC;0;1001,6;1001,8;1001,3;;11,2;7,5;13,2;7,9;8,7;6,3;95;71;81;;;;
2026/07/09;1400 UTC;0;1002,1;1002,2;1001,7;;15,2;8,5;17,2;13,3;9,7;7,3;75;57;66;;;;
2026/07/09;1500 UTC;0;1002,1;1002,1;1001,9;;17,5;9,9;18;17;11,1;8,1;69;54;62;;;;
2026/07/09;1600 UTC;0;1001,7;1002;1001,3;;19;10,5;19,7;17,9;11,9;9,8;64;52;58;;;;
2026/07/09;1700 UTC;0;1000,8;1001,3;1000,3;;18,1;11,9;19,1;17,5;12,3;11,4;73;62;69;;;;
2026/07/09;1800 UTC;0;1000,2;1000,4;1000;;18,9;12,3;19,2;18,4;12,7;11,8;69;65;67;;;;
2026/07/09;1900 UTC;0;999,6;999,9;999,4;;19,2;12,8;19,4;19,1;13,3;12,4;71;66;68;;;;
2026/07/09;2000 UTC;0;999,1;999,4;999;;18,9;13,1;19,1;18,6;13,3;12,8;73;69;71;;;;
2026/07/09;2100 UTC;0;998,8;999,1;998,6;;18;13,1;18,8;16,8;13,5;12,8;81;72;76;;;;
2026/07/09;2200 UTC;0;998,7;998,7;998,5;;16,3;12,5;17,1;15,6;12,9;12,1;84;79;81;;;;
2026/07/09;2300 UTC;0;998,6;998,8;998,4;;15,1;12,1;15,6;14,8;12,3;11,9;86;84;85;;;;
2026/07/10;0000 UTC;0;999,1;999,3;998,8;;14,6;11,9;15,1;14,1;12,3;11,7;91;84;87;;;;
2026/07/10;0100 UTC;0;999,8;1000,2;999,4;;14,8;12,1;15,1;14;12,4;11,7;92;84;87;;;;
2026/07/10;0200 UTC;0;1000;1000,2;999,5;;13,8;12,2;14;13,3;12,5;11,9;95;91;92;;;;
2026/07/10;0300 UTC;0;999,7;1000;999,5;;13,9;12,2;14,2;13,6;12,5;11,8;94;89;92;;;;
2026/07/10;0400 UTC;0;999,3;999,6;999,1;;13,6;12,2;13,9;13,4;12,4;12,1;94;92;93;;;;
2026/07/10;0500 UTC;0;998,6;999,1;998,3;;13,3;12,2;13,6;13;12,3;12;96;92;95;;;;
2026/07/10;0600 UTC;0;998,2;998,3;998;;13,1;12,3;13,4;12,7;12,6;12;98;95;96;;;;
2026/07/10;0700 UTC;0;998,2;998,3;997,9;;13,9;12,5;14,5;13,5;12,8;12,2;95;90;93;;;;
2026/07/10;0800 UTC;0;998,2;998,6;997,8;;13,8;12;14,2;13,3;12,3;11,2;94;86;91;;;;
2026/07/10;0900 UTC;0;998,4;998,6;998,1;;13,5;11,2;13,7;12,9;11,6;10,7;94;85;89;;;;
2026/07/10;1000 UTC;0;998,1;998,4;997,8;;12,9;11,8;13,1;12,7;12,3;11,6;96;94;95;;;;
2026/07/10;1100 UTC;0;998,2;998,4;998,1;;12,9;12,4;13,1;12,8;12,7;12,2;99;96;98;;;;
2026/07/10;1200 UTC;1;998,7;999;998,2;;13,6;13,2;13,9;13;13,7;12,7;99;97;98;;;;
2026/07/10;1300 UTC;;;;;;;;;;;;;;;;;;
2026/07/10;1400 UTC;0;999,1;999,3;999;;14,9;13,8;16,1;14;14,5;13,3;98;89;95;;;;
2026/07/10;1500 UTC;0;998,9;999,2;998,6;;16,9;14,2;17,9;16,1;15;13,7;90;82;86;;;;
2026/07/10;1600 UTC;0;998,2;998,6;997,6;;18,4;14,7;19;18;15,5;14,2;86;77;81;98;4,9;3,4;
2026/07/10;1700 UTC;0;997,1;997,6;996,8;;18,9;14,9;19,5;18,4;15,3;14,5;82;78;80;;;;
2026/07/10;1800 UTC;0;996,7;996,8;996,5;;20,2;15,5;20,7;19,3;16;14,9;80;74;76;113;2,8;2,2;
2026/07/10;1900 UTC;;;;;;;;;;;;;;;;;;
2026/07/10;2000 UTC;0;996,5;996,6;996,5;;18,7;13,8;18,8;18,6;14;13,7;76;75;76;118;4;2,2;
2026/07/10;2100 UTC;0;995,9;996;995,9;;17,7;13,9;17,7;17,6;13,9;13,9;82;81;81;108;4,5;2,6;
2026/07/10;2200 UTC;0;996,2;996,5;995,9;;17,4;13,7;17,6;17,1;13,9;13,5;84;80;82;122;4,5;2,2;
2026/07/10;2300 UTC;;;;;;;;;;;;;;;;;;
2026/07/11;0000 UTC;0;996,2;996,3;996,1;;15,8;13,7;15,8;15,8;13,8;13,7;90;90;90;107;4,4;2,6;
2026/07/11;0100 UTC;0;996,4;996,6;996,2;;15,9;13;15,9;15,8;13,7;12;89;80;86;110;4,5;2,8;
2026/07/11;0200 UTC;0;995,9;995,9;995,9;;15,2;10,4;15,2;15,1;10,5;10,3;77;76;76;111;4,4;2,6;
2026/07/11;0300 UTC;0;995,5;995,6;995,5;;14,9;10,7;14,9;14,9;10,8;10,7;79;79;79;92;4,4;2,6;
2026/07/11;0400 UTC;0;995,9;995,9;995,8;;14,9;10,2;14,9;14,8;10,4;10,1;77;76;77;153;4,6;2,3;
2026/07/11;0500 UTC;0;995,5;995,5;995,5;;14,5;9,5;14,6;14,5;9,6;9,4;75;74;75;114;4,8;2,6;
2026/07/11;0600 UTC;0;995,3;995,3;995,2;;14,3;9,2;14,4;14,3;9,3;9,1;75;74;74;105;4,6;2,3;
2026/07/11;0700 UTC;0;995,1;995,1;995;;14,1;9,1;14,1;14;9,2;9;76;75;75;150;2,2;1,4;
2026/07/11;0800 UTC;0;995;995,1;995;;14;9,4;14;13,9;9,5;9,4;77;77;77;121;4,1;1,8;
2026/07/11;0900 UTC;0;995;995,2;994,7;;13,9;10,5;13,9;13,9;10,6;10,4;83;83;83;148;2,3;1,4;
2026/07/11;1000 UTC;0;995,8;995,9;995,7;;13,6;13;13,6;13,5;13,1;13;98;97;97;107;3;1,7;
2026/07/11;1100 UTC;0;996,2;996,2;996,1;;13,8;13,2;13,8;13,8;13,3;13,2;97;97;97;102;3,4;2;
2026/07/11;1200 UTC;,4;997,1;997,2;997;;13,9;13,4;13,9;13,9;13,4;13,3;98;97;97;117;2,8;1,7;
2026/07/11;1300 UTC;0;997;997,1;996,8;;14,8;13,6;14,8;14,7;13,7;13,4;95;94;94;99;4;2,4;
2026/07/11;1400 UTC;0;996,4;996,8;996;;15,5;13,9;15,6;14,9;14,3;13,5;95;89;92;79;4;3,2;
2026/07/11;1500 UTC;0;996;996,6;995,7;;16,2;14;16,7;15,5;14,7;13,6;93;87;89;;;;
2026/07/11;1600 UTC;0;996,6;997,3;996;;16,1;14;16,6;15,7;14,5;13,7;92;87;90;;;;
2026/07/11;1700 UTC;0;997,2;997,6;996,5;;16;14,1;16,4;15,9;14,5;14;92;88;90;;;;
2026/07/11;1800 UTC;0;997,1;997,6;996,9;;15,9;14,2;16;15,7;14,5;14,1;93;90;92;;;;
2026/07/11;1900 UTC;0;997,3;997,6;997;;16,1;14,2;16,3;15,9;14,4;13,9;93;88;90;;;;
2026/07/11;2000 UTC;0;997,7;997,9;997,4;;16,1;14,2;16,2;16;14,4;14;91;90;90;;;;
2026/07/11;2100 UTC;0;998;998,2;997,9;;15,9;14,3;16;15,8;14,5;14;93;90;92;;;;
2026/07/11;2200 UTC;0;998,3;998,4;998,1;;15,7;13,9;16;15,4;14,2;13,6;92;90;91;;;;
2026/07/11;2300 UTC;0;998,8;999,1;998,5;;15,2;13,5;15,4;15;13,7;13,4;92;91;92;;;;
2026/07/12;0000 UTC;0;999,2;999,3;999,1;;14,4;13,4;15;14,2;13,5;13,3;96;92;95;;;;
2026/07/12;0100 UTC;0;999,3;999,5;999,3;;13,9;13,4;14,2;13,7;13,6;13;99;95;98;;;;
2026/07/12;0200 UTC;0;999,4;999,6;999,3;;13,5;13,2;14,1;13;13,6;12,9;100;98;99;;;;
2026/07/12;0300 UTC;0;999,8;999,9;999,6;;12,7;12,6;13,1;12,3;13;12,2;100;96;99;225;2,7;1,8;
2026/07/12;0400 UTC;0;999,7;999,8;999,6;;12,7;11,7;13,2;11,7;12,2;10,9;99;93;95;;;;
2026/07/12;0500 UTC;0;1000;1000,1;999,7;;12,4;11,7;12,7;11,9;11,8;11,6;99;95;96;;;;
2026/07/12;0600 UTC;0;1000,4;1000,5;1000;;12,7;11,9;12,8;12,6;12,1;11,7;97;95;96;;;;
2026/07/12;0700 UTC;0;1000,7;1000,8;1000,5;;12,7;11,7;12,9;12,7;12;11,4;96;94;95;;;;
2026/07/12;0800 UTC;0;1000,8;1000,9;1000,7;;12,6;11,2;12,7;12,4;11,5;10,9;94;92;93;;;;
2026/07/12;0900 UTC;0;1001;1001,2;1000,7;;12,3;10,6;12,5;12,2;11;10;94;89;91;;;;
2026/07/12;1000 UTC;0;1001,7;1002,3;1001,2;;11,7;9,7;12,2;11,4;10,3;9,4;91;88;90;;;;
2026/07/12;1100 UTC;0;1002,7;1003,1;1002,2;;11,1;9,1;11,4;10,8;9,5;8,6;91;89;90;;;;
2026/07/12;1200 UTC;0;1003,6;1004,2;1003,1;;10,6;8,3;10,8;10,5;8,8;7,8;90;86;88;;;;
2026/07/12;1300 UTC;0;1004,5;1005;1004,2;;10,6;7,5;10,8;10,4;8,1;7;87;82;84;;;;
2026/07/12;1400 UTC;0;1005,1;1005,3;1004,9;;10,8;7,2;11;10,6;7,6;6,7;85;79;82;;;;
2026/07/12;1500 UTC;0;1005,5;1005,5;1005,3;;11,1;7,1;11,4;10,9;7,6;6,6;82;78;80;;;;
2026/07/12;1600 UTC;0;1005,3;1005,5;1005,1;;11;6,8;11,4;10,8;7,2;6,6;81;77;79;;;;
2026/07/12;1700 UTC;0;1004,8;1005;1004,7;;11,5;6,7;11,9;11;7,2;6,1;80;72;76;;;;
2026/07/12;1800 UTC;0;1004,8;1005;1004,7;;12,2;6,7;12,4;11,8;7,4;6,4;76;70;73;;;;
2026/07/12;1900 UTC;0;1004,8;1005;1004,8;;12,4;6,7;12,6;12,3;7,1;6,4;74;69;71;;;;
2026/07/12;2000 UTC;0;1005;1005,3;1004,8;;12,8;6,7;13;12,6;7,3;6,1;74;66;69;;;;
2026/07/12;2100 UTC;0;1005,7;1006;1005,3;;12,1;7,1;12,7;11,6;7,7;6,6;79;70;75;;;;
2026/07/12;2200 UTC;0;1006;1006,2;1005,9;;11,3;6,5;11,5;11;7;6;78;74;76;;;;
2026/07/12;2300 UTC;0;1006,3;1006,5;1006,1;;11;6,4;11,3;10,6;6,7;6;79;73;77;;;;
2026/07/13;0000 UTC;0;1006,7;1006,9;1006,4;;11,2;6,8;11,4;11;7,2;6,4;81;76;78;;;;
2026/07/13;0100 UTC;0;1006,9;1007;1006,8;;10,8;7,5;10,9;10,7;7,9;7;85;81;83;;;;
2026/07/13;0200 UTC;0;1007,2;1007,3;1007;;10,7;7,8;10,8;10,4;8,1;7,6;87;85;86;;;;
2026/07/13;0300 UTC;0;1007,2;1007,2;1007,1;;10;7,7;10,4;9,5;7,9;7,6;90;87;88;;;;
2026/07/13;0400 UTC;0;1006,9;1007,1;1006,8;;9,3;7,7;9,5;9,1;7,9;7,4;94;90;92;;;;
2026/07/13;0500 UTC;0;1006,9;1007;1006,7;;9,4;7,7;9,5;9,3;7,9;7,4;93;90;92;;;;
2026/07/13;0600 UTC;0;1006,6;1006,8;1006,5;;9,4;7,9;9,5;9,3;8,1;7,7;94;91;92;;;;
2026/07/13;0700 UTC;0;1006,5;1006,7;1006,3;;9,5;7,8;9,6;9,5;7,9;7,6;92;90;91;;;;
2026/07/13;0800 UTC;0;1006,4;1006,7;1006,3;;9,6;7,5;9,7;9,6;7,7;7,2;90;87;89;;;;
2026/07/13;0900 UTC;0;1006,6;1006,7;1006,5;;9,5;7,7;9,7;9,4;7,9;7,4;92;89;91;;;;
2026/07/13;1000 UTC;0;1006,7;1007;1006,6;;9,4;7,4;9,4;9,3;7,8;6,9;92;88;90;;;;
2026/07/13;1100 UTC;0;1007,3;1007,6;1007;;9,3;7;9,3;9,3;7,2;6,7;90;87;88;;;;
2026/07/13;1200 UTC;0;1008;1008,3;1007,6;;9,5;6,7;9,6;9,3;7,2;6,3;88;84;86;;;;
2026/07/13;1300 UTC;0;1008,7;1009,1;1008,3;;9,9;7,2;10,2;9,6;7,7;6,8;88;84;87;;;;
2026/07/13;1400 UTC;0;1009,3;1009,5;1009,1;;10,6;6,3;10,9;10,2;7,5;5,4;86;74;79;;;;
2026/07/13;1500 UTC;0;1009,1;1009,5;1008,9;;11;6,2;11,3;10,6;6,7;5,7;79;74;76;;;;
2026/07/13;1600 UTC;0;1008,6;1008,9;1008,3;;11,4;6,4;11,7;11;6,9;6;78;74;75;;;;
2026/07/13;1700 UTC;0;1008,2;1008,3;1008;;11,7;6,5;11,9;11,4;7;6,2;76;72;74;;;;
2026/07/13;1800 UTC;0;1007,7;1008,1;1007,4;;11,9;6,7;12,1;11,5;7,1;6,2;76;72;74;;;;
2026/07/13;1900 UTC;0;1007,2;1007,4;1006,9;;12;6,7;12,2;11,6;7,1;6,3;76;72;74;;;;
2026/07/13;2000 UTC;0;1006,9;1007;1006,7;;11,9;7;12,1;11,8;7,4;6,7;78;73;76;;;;
2026/07/13;2100 UTC;0;1007,1;1007,2;1007;;11,5;7,4;11,8;11,1;7,9;7,1;82;77;80;;;;
2026/07/13;2200 UTC;0;1007,2;1007,4;1007,1;;10,9;7,5;11,1;10,7;7,7;7,4;85;82;83;;;;
2026/07/13;2300 UTC;0;1007,4;1007,6;1007,2;;10,5;7,5;10,7;10,3;7,8;7,2;87;83;85;;;;
2026/07/14;0000 UTC;0;1007,5;1007,7;1007,2;;10,2;7,6;10,3;9,9;7,8;7,4;88;86;87;;;;
2026/07/14;0100 UTC;0;1007,3;1007,5;1006,9;;9,5;7,2;9,9;9;7,5;6,9;90;87;88;;;;
2026/07/14;0200 UTC;0;1007,1;1007,2;1006,9;;8,5;6,8;9,1;8;6,9;6,6;94;89;91;;;;
2026/07/14;0300 UTC;0;1006,7;1007,1;1006,3;;7,8;6,6;8,2;7,2;6,8;6,5;97;92;94;;;;
2026/07/14;0400 UTC;0;1006,2;1006,5;1006;;7,3;6,6;7,5;7;6,8;6,5;99;95;97;;;;
2026/07/14;0500 UTC;0;1005,8;1006,1;1005,5;;6,8;6,3;7,4;6,2;6,6;5,9;100;96;98;;;;
2026/07/14;0600 UTC;0;1005,3;1005,6;1004,9;;6,6;6,6;6,8;6;6,9;5,9;100;99;100;;;;
2026/07/14;0700 UTC;0;1004,9;1005;1004,5;;6,7;6,7;7;6,5;7;6,4;100;99;100;;;;
2026/07/14;0800 UTC;0;1004,3;1004,5;1004,2;;6,1;6,1;6,5;5,7;6,4;5,7;100;99;100;;;;
2026/07/14;0900 UTC;0;1004,1;1004,2;1004;;5,3;5,3;6,1;4,6;6,2;4,7;100;100;100;;;;
2026/07/14;1000 UTC;0;1004,5;1004,6;1004,5;;5,1;5,1;5,1;5;5,2;5,1;100;100;100;132;2,5;1,4;
2026/07/14;1100 UTC;0;1005,2;1005,2;1005,2;;5,1;5,1;5,1;5,1;5,2;5,1;100;100;100;138;2;1,2;
2026/07/14;1200 UTC;0;1005,5;1005,7;1005,1;;6,1;6,1;7,6;5,1;7,5;5,2;100;100;100;122;2,3;1,2;
2026/07/14;1300 UTC;0;1006;1006,2;1005,7;;9,4;7,6;11,3;7,7;8,3;7;99;83;91;;;;
2026/07/14;1400 UTC;0;1006,2;1006,3;1006,1;;12,4;8;13,9;11,3;8,6;7,3;84;69;78;;;;
2026/07/14;1500 UTC;0;1005,9;1006,2;1005,7;;15,1;8,9;16,3;13,8;9,7;8,1;74;65;69;;;;
2026/07/14;1600 UTC;;;;;;;;;;;;;;;;;;
2026/07/14;1700 UTC;0;1004,4;1005;1003,8;;19,2;9,5;19,8;18,2;10,4;8,4;58;50;52;;;;
2026/07/14;1800 UTC;0;1003,5;1003,8;1003,3;;19,9;10,2;20,3;19,3;10,8;9,6;54;50;52;78;4;2,1;
2026/07/14;1900 UTC;0;1003,2;1003,4;1003,1;;20,2;10,5;20,6;19,9;10,9;10;53;49;51;67;5,1;2,1;
2026/07/14;2000 UTC;0;1002,8;1003,1;1002,6;;19,9;10,7;20,4;19,2;11,1;10,2;58;50;54;;;;
2026/07/14;2100 UTC;0;1002,5;1002,7;1002,2;;18,1;10,4;19,5;15,9;10,9;9,8;70;55;61;84;2,4;,8;
2026/07/14;2200 UTC;0;1002,1;1002,1;1002,1;;13,6;9,2;13,6;13,5;9,2;9,1;78;78;78;75;2,2;1;
2026/07/14;2300 UTC;0;1002,3;1002,4;1002,1;;13,2;9;13,7;12,6;9,1;8,8;81;77;79;63;3;1,5;
2026/07/15;0000 UTC;0;1002,4;1002,6;1002,3;;12,3;8,6;12,7;11,7;8,9;8,1;83;80;81;;;;
2026/07/15;0100 UTC;0;1002,2;1002,4;1002,1;;11,3;8,2;11,6;10,9;8,3;8;86;83;85;;;;
2026/07/15;0200 UTC;0;1001,9;1002,1;1001,8;;10,8;8,2;11,3;10,5;8,4;7,9;89;84;87;;;;
2026/07/15;0300 UTC;0;1001,4;1001,9;1001,1;;10,2;7,8;10,8;9,7;8,1;7,6;91;86;88;;;;
2026/07/15;0400 UTC;0;1001;1001,1;1000,8;;10,7;7,5;11,4;10,2;7,7;7,3;87;81;84;;;;
2026/07/15;0500 UTC;0;1000,9;1000,9;1000,8;;10,7;7,5;11,4;10,1;7,6;7,3;87;81;84;;;;
2026/07/15;0600 UTC;0;1000,9;1001;1000,8;;11;7,7;11,5;10,4;7,9;7,5;86;81;84;;;;
2026/07/15;0700 UTC;0;1000,9;1000,9;1000,8;;10,9;7,7;11,2;10,6;7,9;7,5;85;83;84;;;;
2026/07/15;0800 UTC;0;1000,8;1001;1000,6;;10,2;7,4;10,8;9,6;7,7;6,4;90;80;86;;;;
2026/07/15;0900 UTC;0;1000,8;1001,1;1000,6;;9,3;7,3;10,6;7,8;7,8;5,6;97;84;90;;;;
2026/07/15;1000 UTC;0;1001,3;1001,5;1001,1;;10,4;7,5;10,9;9,9;7,7;7,2;87;82;85;;;;
2026/07/15;1100 UTC;0;1001,7;1001,8;1001,5;;10,2;7,3;10,9;9,4;7,4;6,9;89;82;86;;;;
2026/07/15;1200 UTC;0;1001,9;1002;1001,8;;12;7,9;14;10,6;8,9;7,2;84;74;79;;;;
2026/07/15;1300 UTC;0;1002,3;1002,5;1002;;15,3;9,3;16,4;14;9,8;8,9;75;64;70;;;;
2026/07/15;1400 UTC;0;1002,5;1002,6;1002,4;;17,2;9,5;18,2;16,3;10;9;65;57;61;;;;
2026/07/15;1500 UTC;0;1002,3;1002,4;1002;;19,1;10,3;19,9;18,1;11,2;9,7;59;54;56;;;;
2026/07/15;1600 UTC;0;1001,6;1002;1001,2;;20,5;11,1;21,3;19,6;11,8;10,5;56;50;53;;;;
2026/07/15;1700 UTC;0;1000,6;1001,2;1000,2;;21,8;12;22,4;21,2;12,7;11,2;54;49;51;;;;
2026/07/15;1800 UTC;0;999,7;1000,1;999,3;;22,7;12,6;23;22,3;13,1;12,1;52;46;49;49;4,9;3,5;
2026/07/15;1900 UTC;0;998,9;998,9;998,8;;23,2;12,7;23,3;23,1;13;12,5;50;47;48;45;5,5;3,8;
2026/07/15;2000 UTC;0;998,6;998,7;998,6;;22,3;12,6;22,3;22,2;12,7;12,5;52;51;51;56;3,4;2,1;
2026/07/15;2100 UTC;0;998,1;998,2;998,1;;18,7;11,5;19;18,5;11,6;11,4;65;63;64;92;2,6;1,6;
2026/07/15;2200 UTC;0;997,8;998,1;997,5;;17,1;11,1;18,4;16,4;11,5;10,9;73;66;70;99;5,1;3;
2026/07/15;2300 UTC;0;997,8;997,9;997,6;;16,5;10,7;17,3;15,6;11;10,4;75;68;71;;;;
2026/07/16;0000 UTC;0;997,9;997,9;997,8;;15,4;10,2;16,2;14,9;10,5;10,1;77;71;74;;;;
2026/07/16;0100 UTC;0;997,8;997,9;997,7;;15,3;10;15,9;14,5;10,2;9,9;77;71;74;;;;
2026/07/16;0200 UTC;0;997,6;997,7;997,4;;14,6;10;15;14;10,1;9,8;80;75;77;;;;
2026/07/16;0300 UTC;0;997,4;997,5;997,3;;15;9,7;16,3;14;10;9,2;80;66;74;;;;
2026/07/16;0400 UTC;0;997,3;997,4;997,2;;16,6;9,5;17,5;15,4;9,9;9,3;70;60;65;;;;
2026/07/16;0500 UTC;0;997,3;997,5;997,2;;17,7;9,7;18;17,3;10;9,5;62;58;60;;;;
2026/07/16;0600 UTC;0;997,2;997,4;996,9;;17,6;9,8;17,9;17,3;9,9;9,6;62;59;61;;;;
2026/07/16;0700 UTC;0;997;997,2;996,8;;17,4;9,6;18,1;13,8;9,8;9,3;78;58;61;;;;
2026/07/16;0800 UTC;0;996,9;997,2;996,7;;12,2;9,8;13,7;11,4;10,1;9,3;93;78;88;;;;
2026/07/16;0900 UTC;0;996,9;997,4;996,6;;12,5;9,8;14,7;11,4;10;9,5;92;75;86;;;;
2026/07/16;1000 UTC;0;997,3;997,4;997,1;;12,1;9,8;14;11,6;10;9,6;92;78;88;;;;
2026/07/16;1100 UTC;0;997,3;997,5;997,1;;15,6;9,6;17,3;14,1;9,9;9,3;77;62;70;;;;
2026/07/16;1200 UTC;0;997,7;997,9;997,5;;19,1;10,4;20;17,5;11;9,8;62;53;57;;;;
2026/07/16;1300 UTC;0;998,1;998,3;997,8;;21,3;11,2;22,8;19,9;12,1;10,5;55;46;49;;;;
2026/07/16;1400 UTC;0;998;998,3;997,7;;23,6;12,6;24,2;22,9;13,2;12,1;47;44;45;43;6;4,8;
2026/07/16;1500 UTC;0;997,4;997,7;997;;25,4;14,2;26,5;24,2;15,1;13,2;46;42;44;21;9,8;5,1;
2026/07/16;1600 UTC;0;995,9;995,9;995,9;;28,3;16,5;28,4;28,3;16,7;16,3;42;40;41;15;8,6;5,5;
2026/07/16;1700 UTC;0;995;995;994,9;;29,2;17,2;29,2;29,1;17,4;17,1;41;40;40;22;7,8;5,3;
2026/07/16;1800 UTC;0;994;994,1;993,9;;29,6;17,3;29,7;29,5;17,4;17,2;39;38;39;21;10;5,4;
2026/07/16;1900 UTC;0;993,2;993,2;993,1;;29,5;17,4;29,5;29,5;17,4;17,3;40;39;40;27;7;4,6;
2026/07/16;2000 UTC;0;992,4;992,4;992,4;;28,1;16,9;28,2;28;16,9;16,8;44;43;44;33;6,9;4,3;
2026/07/16;2100 UTC;0;991,9;991,9;991,8;;26,7;15,9;26,7;26,5;15,9;15,8;47;46;46;32;9,1;5,4;
2026/07/16;2200 UTC;0;991,5;991,6;991,5;;24,8;15;24,9;24,7;15;15;52;51;51;37;7,1;4,5;
2026/07/16;2300 UTC;0;991,4;991,5;991,4;;24,1;14,9;24,1;24,1;15;14,9;55;54;54;35;7;4,2;
2026/07/17;0000 UTC;;;;;;;;;;;;;;;;;;
2026/07/17;0100 UTC;0;991,4;991,5;991,1;;25,5;15;25,7;25,3;15,1;14,8;48;47;47;24;10,1;5,9;
2026/07/17;0200 UTC;0;991,5;991,5;991,5;;24,5;14,6;24,7;24,5;14,7;14,5;50;50;50;35;7,5;5,1;
2026/07/17;0300 UTC;0;991,6;991,6;991,5;;23,6;14,3;23,6;23,5;14,3;14,2;54;53;54;38;8,1;5,1;
2026/07/17;0400 UTC;0;991,3;991,3;991,2;;23,7;14,3;23,7;23,6;14,3;14,2;53;53;53;37;9;5,7;
2026/07/17;0500 UTC;0;991,1;991,2;991,1;;24,1;14,4;24,1;24;14,5;14,4;52;52;52;29;9,3;6,3;
2026/07/17;0600 UTC;0;991;991,1;990,9;;24,3;14,7;24,4;24,3;14,8;14,7;52;52;52;28;6,7;4,3;
2026/07/17;0700 UTC;0;990,6;990,7;990,6;;25,1;15,2;25,2;24,9;15,2;15,2;51;50;51;28;11,1;6;
2026/07/17;0800 UTC;0;990,2;990,3;990,1;;24,5;15,2;24,6;24,4;15,2;15,2;54;53;54;30;8,1;5,3;
2026/07/17;0900 UTC;0;990,3;990,3;990,2;;24,4;15,4;24,5;24,4;15,4;15,4;55;55;55;13;10,8;4,6;
2026/07/17;1000 UTC;0;990,7;990,7;990,6;;24,3;15,5;24,5;24,2;15,6;15,5;56;56;56;21;8,5;5,4;
2026/07/17;1100 UTC;0;990,8;990,9;990,8;;24,3;15,5;24,4;24,1;15,6;15,5;57;56;56;28;10,1;6;
2026/07/17;1200 UTC;0;990,9;991;990,8;;24,5;15,7;24,5;24,5;15,8;15,7;57;56;56;26;10,4;5,9;
2026/07/17;1300 UTC;0;991;991;990,9;;26,4;16,8;26,7;26,3;17;16,7;53;52;52;12;12;6,1;
2026/07/17;1400 UTC;0;990,7;990,8;990,6;;28,4;18;28,5;28,2;18,1;17,8;48;48;48;6;11,5;5,7;
2026/07/17;1500 UTC;0;990,1;990,1;990;;29,2;18,6;29,2;29,1;18,7;18,6;48;47;47;6;12,7;7,3;
2026/07/17;1600 UTC;0;988,9;989;988,9;;30,1;19,6;30,2;30,1;19,7;19,5;47;47;47;10;9,7;5,7;
2026/07/17;1700 UTC;0;988;988,1;987,9;;31,1;20,3;31,2;31;20,3;20,2;46;46;46;3;10,6;5,2;
2026/07/17;1800 UTC;0;987,1;987,2;987;;31,8;20,9;31,8;31,7;21,1;20,8;46;45;46;6;11,6;6,2;
2026/07/17;1900 UTC;0;986,8;986,9;986,6;;32,3;21,2;32,3;32,2;21,3;21,2;45;45;45;349;14,5;6,8;
2026/07/17;2000 UTC;0;986,6;986,7;986,5;;31,1;20,7;31,2;31;20,8;20,6;49;48;48;351;9,8;5,2;
2026/07/17;2100 UTC;0;987;987,1;987;;29,8;20,4;29,8;29,8;20,5;20,3;53;53;53;15;8,4;4,5;
2026/07/17;2200 UTC;0;987,9;987,9;987,9;;29,1;20,1;29,1;29;20,2;20,1;55;55;55;26;5,6;3,1;
2026/07/17;2300 UTC;0;987,9;987,9;987,8;;28,4;19,9;28,5;28,3;19,9;19,8;57;57;57;9;5,8;3,7;
2026/07/18;0000 UTC;0;988,7;988,7;988,6;;27,4;19,6;27,7;27,1;19,7;19,5;62;60;61;35;4,1;2,7;
2026/07/18;0100 UTC;0;989,1;989,4;988,7;;27,1;19,4;27,5;26,8;19,6;19,2;63;60;61;26;5,6;2,9;
2026/07/18;0200 UTC;;;;;;;;;;;;;;;;;;
2026/07/18;0300 UTC;0;989,8;989,8;989,7;;27,2;19,1;27,3;27,2;19,1;19,1;59;59;59;7;8,3;4,7;
2026/07/18;0400 UTC;0;989,6;989,7;989,6;;27;18,9;27;27;18,9;18,9;60;60;60;5;10;5,4;
2026/07/18;0500 UTC;0;989,3;989,4;989,3;;26,6;18,7;26,7;26,4;18,8;18,7;61;60;61;11;9,1;5;
2026/07/18;0600 UTC;0;988,9;989,3;988,5;;26;18,5;26,7;25,2;18,7;18,2;65;60;62;25;10,1;6,2;
2026/07/18;0700 UTC;0;988,2;988,5;988;;25,1;18;25,3;25;18,2;17,9;65;63;64;;;;
2026/07/18;0800 UTC;0;987,8;988,3;987,5;;25,9;18;26,3;25,3;18,1;17,9;63;59;60;19;11,7;6,5;
2026/07/18;0900 UTC;0;987,7;987,9;987,4;;25,7;17,8;26,2;25;18;17,5;63;59;60;;;;
2026/07/18;1000 UTC;0;988,3;988,6;987,8;;25,3;17,5;25,7;24,7;17,6;17,4;64;59;61;;;;
2026/07/18;1100 UTC;0;988,9;989,2;988,6;;25,4;17,3;25,7;25,2;17,5;17,2;60;59;60;;;;
2026/07/18;1200 UTC;;;;;;;;;;;;;;;;;;
2026/07/18;1300 UTC;0;989,3;989,5;989,2;;25,3;17,2;25,5;25,2;17,4;17,1;60;59;60;;;;
2026/07/18;1400 UTC;0;989,1;989,4;988,9;;26,2;17,6;26,9;25,6;18;17,3;59;54;57;;;;
2026/07/18;1500 UTC;0;988,7;989;988,4;;27,1;18,1;27,7;26,6;18,6;17,7;56;54;55;359;10,8;5,2;
2026/07/18;1600 UTC;0;988,2;988,3;988,1;;29,4;19,8;29,5;29,4;19,9;19,7;52;51;52;353;11,1;5,6;
2026/07/18;1700 UTC;0;987,3;987,4;987,3;;30,7;20,9;30,8;30,6;21,1;20,8;52;50;51;347;12;5,4;
2026/07/18;1800 UTC;0;987,1;987,2;987;;30,8;21,1;30,9;30,8;21,2;21;52;51;51;336;12,8;7;
2026/07/18;1900 UTC;0;986,8;986,9;986,8;;31;21,1;31,1;30,8;21,2;21;51;50;51;336;8,7;5;
2026/07/18;2000 UTC;0;987,2;987,3;987,2;;30,3;20,7;30,4;30,2;20,9;20,5;53;51;52;356;6,6;3,3;
2026/07/18;2100 UTC;0;987,4;987,5;987,4;;29;20;29;29;20,1;20;56;55;55;360;8;3,5;
2026/07/18;2200 UTC;0;988,1;988,1;988,1;;28,3;19,4;28,3;28,2;19,4;19,3;56;56;56;353;6,5;2,7;
2026/07/18;2300 UTC;0;988,5;988,5;988,4;;27,6;19,1;27,8;27,5;19,2;19;58;57;57;15;5,6;3,4;
2026/07/19;0000 UTC;0;988,9;988,9;988,8;;26,8;19;27,1;26,5;19,1;18,9;62;60;61;47;3,6;2,2;
2026/07/19;0100 UTC;0;989;989,1;988,8;;25,8;18,9;26,2;25,3;19;18,7;68;63;65;38;6,2;3,7;
2026/07/19;0200 UTC;0;988,7;989;988,4;;25,7;18,5;26,1;25,5;18,8;18;66;60;64;36;6,6;4,6;
2026/07/19;0300 UTC;0;988,6;988,8;988,5;;26,2;17,7;26,4;26;18;17,4;60;56;58;;;;
2026/07/19;0400 UTC;0;988,1;988,5;987,8;;26;17,2;26,1;25,9;17,4;17;57;55;56;;;;
2026/07/19;0500 UTC;0;987,6;987,8;987,1;;25,8;16,8;26;25,6;17,1;16,5;56;55;55;;;;
2026/07/19;0600 UTC;0;987;987,4;986,4;;25,6;16,3;25,7;25,4;16,5;16,1;55;53;54;;;;
2026/07/19;0700 UTC;0;986,5;986,8;986,2;;25,5;16;25,7;25,2;16,2;15,9;54;51;53;;;;
2026/07/19;0800 UTC;0;986,1;986,4;985,6;;25,4;15,8;25,6;25,1;16;15,6;53;51;52;;;;
2026/07/19;0900 UTC;0;985,8;986,2;985,4;;25,4;15,6;25,6;25,2;15,7;15,4;52;49;51;;;;
2026/07/19;1000 UTC;0;986,2;986,6;985,9;;25,6;15,3;25,8;25,2;15,5;15,2;50;48;49;;;;
2026/07/19;1100 UTC;0;986,4;986,9;986;;24,7;15;25,3;23,8;15,1;14,8;56;49;52;;;;
2026/07/19;1200 UTC;7,4;989,5;991,6;986,7;;21;16,2;24,4;17,8;17,2;14,8;97;53;76;219;20,5;10,6;
2026/07/19;1300 UTC;2,1;991,5;991,8;991,3;;17,3;17,2;17,3;17,3;17,2;17,1;99;99;99;170;6,7;3,1;
2026/07/19;1400 UTC;,2;990,6;990,7;990,6;;17,4;17,3;17,4;17,4;17,3;17,2;99;99;99;75;3,4;1,6;
2026/07/19;1500 UTC;0;989,6;989,7;989,5;;17,6;17,6;17,6;17,5;17,6;17,5;100;100;100;79;3,2;1,6;
2026/07/19;1600 UTC;;;;;;;;;;;;;;;;;;
2026/07/19;1700 UTC;0;987,8;987,9;987,7;;18,6;17,4;18,6;18,6;17,5;17,4;95;94;94;112;5,1;2,7;
2026/07/19;1800 UTC;0;987,7;987,7;987,7;;18,3;17,1;18,3;18,3;17,2;17;94;94;94;150;9,1;5;
2026/07/19;1900 UTC;0;988,5;988,7;988,4;;18,1;17,2;18,1;18,1;17,3;17,2;96;96;96;151;10,5;5,2;
2026/07/19;2000 UTC;,2;989,1;989,2;989;;16,9;16,4;17;16,9;16,5;16,4;98;97;97;118;6;3,1;
2026/07/19;2100 UTC;,2;989,4;989,7;989,3;;16,8;16,7;16,8;16,8;16,7;16,7;99;99;99;85;7,3;4,2;
2026/07/19;2200 UTC;0;988,9;989;988,8;;16,8;16,7;16,8;16,8;16,7;16,7;100;100;100;65;8,7;4,9;
2026/07/19;2300 UTC;,2;988,9;989;988,8;;17;17;17;17;17;17;100;100;100;85;8,2;3,2;
2026/07/20;0000 UTC;0;990,1;990,2;990,1;;16,9;17;16,9;16,9;17;17;100;100;100;84;5,1;2,4;
2026/07/20;0100 UTC;0;990;990,4;989,2;;17;16,7;17,2;16,9;17;16,5;100;97;99;79;8;3,8;
2026/07/20;0200 UTC;0;990,5;990,6;990,5;;17,5;16,8;17,5;17,4;16,8;16,7;97;96;97;58;5,3;3,7;
2026/07/20;0300 UTC;0;991,1;991,1;991,1;;17,9;17,3;18;17,9;17,4;17,3;97;97;97;50;4,2;3,1;
2026/07/20;0400 UTC;0;991,4;991,5;991,3;;18,3;17,6;18,4;18,3;17,6;17,6;97;96;97;93;1,5;,7;
2026/07/20;0500 UTC;0;990,7;990,8;990,6;;18,2;16,9;18,3;18,2;16,9;16,8;93;93;93;71;4;2,4;
2026/07/20;0600 UTC;0;990,4;990,5;990,3;;18,1;16,9;18,1;18;17;16,9;94;94;94;50;4,4;3,3;
2026/07/20;0700 UTC;0;989,8;989,8;989,8;;18,3;17,4;18,3;18,3;17,5;17,4;96;95;96;68;5,8;3,6;
2026/07/20;0800 UTC;0;988,8;988,9;988,6;;18,2;17,5;18,2;18,1;17,5;17,5;97;97;97;95;4,7;3;
2026/07/20;0900 UTC;,2;989,7;990,1;989,5;;18;17,6;18,1;18;17,6;17,5;98;97;98;95;1,7;,8;
2026/07/20;1000 UTC;0;989,5;989,7;989,4;;18;17,7;18,1;17,9;17,7;17,6;98;98;98;54;4,7;3,3;
2026/07/20;1100 UTC;0;989;989,3;988,8;;19,9;17,1;20;19,7;17,3;16,9;87;85;86;341;6,5;2,7;
2026/07/20;1200 UTC;,4;990,6;990,7;990,5;;19,1;18,8;19,1;19;18,8;18,8;99;99;99;205;1,8;1;
2026/07/20;1300 UTC;2,1;990,7;990,8;990,5;;19,3;18,5;19,4;19,2;18,5;18,4;97;95;96;33;5,2;3,5;
2026/07/20;1400 UTC;,2;990,5;990,6;990,3;;19,3;18,5;19,4;19,2;18,7;18,3;97;95;96;47;4,3;2,6;
2026/07/20;1500 UTC;0;990;990;989,9;;20,2;19;20,2;20,2;19,1;19;94;94;94;50;3,3;2,3;
2026/07/20;1600 UTC;;;;;;;;;;;;;;;;;;
2026/07/20;1700 UTC;0;988,9;989;988,8;;23,3;19;23,4;23,3;19,2;18,8;80;78;78;327;4,5;2,5;
2026/07/20;1800 UTC;0;988,9;989;988,9;;23;20;23,1;22,9;20,2;19,9;86;85;85;262;2,2;1,7;
2026/07/20;1900 UTC;0;989,2;989,3;989,1;;22,5;20,3;22,6;22,5;20,4;20,2;89;88;89;228;1,6;1,2;
2026/07/20;2000 UTC;,2;989,6;989,6;989,5;;21,5;20,9;21,5;21,5;20,9;20,8;97;97;97;276;1,6;,9;
2026/07/20;2100 UTC;0;989,9;989,9;989,8;;21,6;21,1;21,6;21,6;21,2;21,1;98;97;97;311;4,4;2,7;
2026/07/20;2200 UTC;0;990,2;990,3;990,2;;21,1;21;21,1;21;21;20,9;100;99;100;263;1,4;,9;
2026/07/20;2300 UTC;0;990,7;990,8;990,7;;20,8;20,7;20,8;20,7;20,7;20,6;100;99;100;252;3,8;2,6;
2026/07/21;0000 UTC;0;991,1;991,6;990,7;;20,6;20,4;20,7;20,5;20,6;20,1;99;98;99;259;4,2;3;
2026/07/21;0100 UTC;0;991,6;991,9;991,4;;20,2;20;20,4;20,1;20,1;19,8;100;98;99;258;4,7;3,5;
2026/07/21;0200 UTC;;;;;;;;;;;;;;;;;;
2026/07/21;0300 UTC;0;992,1;992,2;992;;19,3;19,2;19,3;19,3;19,2;19,2;100;99;99;317;2,9;2,1;
2026/07/21;0400 UTC;0;992,7;992,7;992,5;;19,2;18,9;19,2;19,1;18,9;18,9;99;98;99;286;1,5;,5;
2026/07/21;0500 UTC;0;992,8;992,9;992,7;;18,9;18,8;18,9;18,9;18,8;18,7;99;99;99;296;1,9;,7;
2026/07/21;0600 UTC;0;992,8;993,1;992,6;;18,7;18,4;18,9;18,5;18,7;18,1;99;98;98;283;4;1,8;
2026/07/21;0700 UTC;0;992,6;992,8;992,4;;18,1;17,9;18,5;17,4;18,2;17,5;100;98;99;273;3,9;3,3;
2026/07/21;0800 UTC;0;992;992,7;991,5;;17,2;17,3;17,4;16,9;17,5;17;100;100;100;265;4,7;2,8;
2026/07/21;0900 UTC;0;991,2;991,3;991,1;;16,6;16,7;16,7;16,6;16,7;16,6;100;100;100;267;2,4;1,4;
2026/07/21;1000 UTC;0;992,1;992,2;992;;16,7;16,7;16,7;16,7;16,7;16,7;100;100;100;253;4,4;3,3;
2026/07/21;1100 UTC;,6;993,2;993,3;993,2;;16,4;16,5;16,4;16,4;16,5;16,4;100;100;100;262;3,7;2,9;
2026/07/21;1200 UTC;,6;994,7;994,8;994,6;;16,4;16,5;16,4;16,4;16,5;16,5;100;100;100;270;1,4;,9;
2026/07/21;1300 UTC;0;993,8;993,9;993,5;;16,4;16,5;16,5;16,4;16,5;16,5;100;100;100;228;1,2;,5;
2026/07/21;1400 UTC;0;993,3;993,4;993,2;;16,6;16,7;16,6;16,6;16,7;16,7;100;100;100;77;2,5;1,3;
2026/07/21;1500 UTC;0;991,6;991,7;991,6;;16,8;16,9;16,9;16,8;16,9;16,9;100;100;100;73;3,5;1,7;
2026/07/21;1600 UTC;,4;992,6;992,9;992,3;;17;17;17;16,9;17;17;100;100;100;218;4,4;3,2;
2026/07/21;1700 UTC;,4;991,7;991,9;991,4;;16,7;16,8;16,8;16,7;16,9;16,8;100;100;100;198;2,5;1,4;
2026/07/21;1800 UTC;0;990,2;990,3;990;;16,5;16,6;16,5;16,5;16,6;16,6;100;100;100;100;2,8;1,9;
2026/07/21;1900 UTC;0;990,3;990,6;990,1;;16,8;16,9;16,8;16,8;16,9;16,8;100;100;100;230;2,4;1,7;
2026/07/21;2000 UTC;0;991,2;991,4;991,1;;17;17;17;17;17,1;17;100;100;100;200;3;1,7;
2026/07/21;2100 UTC;0;992;992;992;;16,9;17;16,9;16,9;17;17;100;100;100;195;3,2;2;
2026/07/21;2200 UTC;0;991,7;991,8;991,7;;16,6;16,7;16,7;16,6;16,7;16,7;100;100;100;183;6,4;4,1;
2026/07/21;2300 UTC;,2;992;992,2;991,9;;16,8;16,8;16,8;16,7;16,9;16,8;100;100;100;187;4,3;2,6;
2026/07/22;0000 UTC;0;992,1;992,2;992;;16,8;16,9;16,9;16,8;16,9;16,9;100;100;100;191;4,9;3;
2026/07/22;0100 UTC;0;992,5;993,2;992,2;;16,8;16,9;16,8;16,7;16,9;16,8;100;100;100;171;5,7;1,1;
2026/07/22;0200 UTC;0;994,2;994,3;994,1;;16,7;16,7;16,7;16,6;16,7;16,7;100;100;100;265;1,7;1,1;
2026/07/22;0300 UTC;0;993,7;993,8;993,5;;16,3;16,2;16,4;16,3;16,3;16,2;100;99;99;193;4,9;2,8;
2026/07/22;0400 UTC;0;993,7;993,7;993,6;;15,8;15,9;15,8;15,8;15,9;15,9;100;100;100;167;3;1,8;
2026/07/22;0500 UTC;0;993,7;993,8;993,6;;15,7;15,7;15,7;15,7;15,8;15,7;100;100;100;139;2,1;1,4;
2026/07/22;0600 UTC;0;993,7;993,7;993,7;;15,9;15,9;15,9;15,9;16;15,9;100;100;100;201;1,3;,8;
2026/07/22;0700 UTC;0;994,4;994,4;994,4;;15,9;16;15,9;15,9;16;16;100;100;100;200;2,9;1,7;
2026/07/22;0800 UTC;0;994,3;994,4;994,2;;15,8;15,8;15,8;15,8;15,8;15,8;100;100;100;188;2,3;1,5;
2026/07/22;0900 UTC;0;993,8;994,1;993,6;;15,6;15,7;15,6;15,6;15,7;15,7;100;100;100;174;3,3;1,9;
2026/07/22;1000 UTC;0;994,9;994,9;994,8;;15,7;15,7;15,7;15,7;15,7;15,7;100;100;100;135;3,5;2;
2026/07/22;1100 UTC;0;995,6;995,7;995,6;;15,7;15,7;15,7;15,7;15,7;15,7;100;100;100;159;3,2;1,6;
2026/07/22;1200 UTC;0;996,6;996,6;996,5;;15,9;15,7;15,9;15,9;15,7;15,7;99;99;99;165;2,7;1,4;
2026/07/22;1300 UTC;0;997,3;997,3;997,2;;15,8;15,6;15,8;15,8;15,6;15,5;99;99;99;179;3,5;2;
2026/07/22;1400 UTC;0;997,2;997,2;997,1;;16,2;15,8;16,2;16,1;15,9;15,7;98;98;98;159;2,8;1,7;
2026/07/22;1500 UTC;0;997,2;997,2;997,2;;16,2;15,9;16,2;16,2;16;15,8;99;98;98;182;4,1;2,1;
2026/07/22;1600 UTC;;;;;;;;;;;;;;;;;;
2026/07/22;1700 UTC;0;995,4;995,5;995,4;;17,2;16;17,2;17,2;16,2;15,8;95;93;94;159;3,2;2;
2026/07/22;1800 UTC;0;996,1;996,1;996,1;;17,2;15,5;17,2;17,2;15,7;15,3;92;90;91;178;3,3;1,9;
2026/07/22;1900 UTC;0;996,8;996,8;996,7;;17,4;16,2;17,5;17,4;16,3;16,1;94;93;94;230;3;2,2;
2026/07/22;2000 UTC;0;997,1;997,1;997;;18,1;15,4;18,2;18,1;15,6;15,2;87;85;86;234;2,4;1,8;
2026/07/22;2100 UTC;0;997,3;997,3;997,3;;17;16;17,1;17;16;15,9;95;94;95;249;1,5;1,3;
2026/07/22;2200 UTC;0;997,9;998;997,8;;16,5;16;16,6;16,5;16;15,9;97;97;97;261;4,6;3,3;
2026/07/22;2300 UTC;0;999,1;999,1;999,1;;16,6;16;16,6;16,6;16;15,9;97;97;97;263;5;3,7;
2026/07/23;0000 UTC;0;999,6;999,7;999,5;;13,8;11,2;13,8;13,7;11,4;11;88;86;87;207;10,2;6,9;
2026/07/23;0100 UTC;0;999,9;1000,4;999,5;;14;12,8;14,4;13,6;13,8;11,7;98;90;94;147;11,8;6,4;
2026/07/23;0200 UTC;0;1000,9;1000,9;1000,8;;13,9;12,7;14;13,9;12,8;12,7;94;94;94;132;5,8;3,3;
2026/07/23;0300 UTC;0;1001;1001;1000,9;;13,3;12,1;13,3;13,2;12,1;12,1;94;94;94;107;5;2,9;
2026/07/23;0400 UTC;0;1001,1;1001,1;1001;;13;11,9;13;12,9;12;11,9;95;95;95;106;3,9;1,9;
2026/07/23;0500 UTC;0;1001,5;1001,6;1001,5;;12,1;11,4;12,2;12,1;11,4;11,3;97;96;96;101;3;1,7;
2026/07/23;0600 UTC;0;1001,9;1002;1001,9;;12;11,7;12;12;11,8;11,6;99;98;98;210;1,8;1,2;
2026/07/23;0700 UTC;0;1002,6;1002,6;1002,6;;12,1;11,6;12,2;12,1;11,7;11,6;98;97;97;188;3,2;1,7;
2026/07/23;0800 UTC;0;1002,6;1002,7;1002,6;;12,6;12,3;12,6;12,5;12,3;12,2;99;98;99;193;3,1;2;
2026/07/23;0900 UTC;0;1002,3;1002,4;1002,2;;12,4;11,9;12,5;12,3;11,9;11,8;97;97;97;160;5;2,9;
2026/07/23;1000 UTC;0;1002,7;1002,8;1002,6;;12,1;11;12,1;12;11;10,9;95;94;94;140;4;2,4;
2026/07/23;1100 UTC;0;1003,8;1003,8;1003,7;;12,7;11,5;12,7;12,6;11,6;11,4;95;94;94;96;4;2,2;
2026/07/23;1200 UTC;0;1003,8;1003,8;1003,8;;13,4;11,8;13,4;13,4;12;11,6;93;91;92;112;3,8;1,9;
2026/07/23;1300 UTC;0;1004,6;1004,6;1004,5;;14,5;11,9;14,5;14,4;12,2;11,7;89;86;87;99;7,4;3,7;
2026/07/23;1400 UTC;0;1004,7;1004,7;1004,7;;14;13;14;14;13,1;12,9;95;94;95;99;5;2,8;
2026/07/23;1500 UTC;0;1004,1;1004,1;1004;;15,1;12,6;15,3;14,9;12,8;12,4;90;87;88;104;6;3,2;
2026/07/23;1600 UTC;;;;;;;;;;;;;;;;;;
2026/07/23;1700 UTC;0;1003,1;1003,1;1003,1;;17;11,6;17,2;16,8;12;11,2;75;72;73;104;7,4;4;
2026/07/23;1800 UTC;0;1003,1;1003,2;1003,1;;16,8;12,2;17,7;16,5;12,8;11,1;81;69;77;120;7,4;3;
2026/07/23;1900 UTC;;;;;;;;;;;;;;;;;;
2026/07/23;2000 UTC;;;;;;;;;;;;;;;;;;
2026/07/23;2100 UTC;0;1002,7;1002,9;1002,5;;15,6;12,6;15,6;15,4;12,8;12,3;86;84;85;;;;
2026/07/23;2200 UTC;0;1002,8;1003;1002,5;;15;12,7;15,4;14,6;13,2;12,3;93;85;88;;;;
2026/07/23;2300 UTC;0;1003,1;1003,4;1002,9;;14,5;13,1;14,6;14,5;13,2;12,8;94;91;93;;;;
2026/07/24;0000 UTC;0;1003,5;1003,7;1003,4;;14,5;13;14,6;14,4;13,1;12,7;93;91;92;;;;
2026/07/24;0100 UTC;0;1003,3;1003,5;1003,1;;14,5;12,7;14,5;14,3;12,9;12,5;92;91;91;;;;
2026/07/24;0200 UTC;0;1003;1003,3;1002,8;;14,2;12,7;14,4;14;13;12,5;94;91;93;;;;
2026/07/24;0300 UTC;0;1002,8;1003;1002,5;;14,1;12,5;14,4;13,9;13;12,2;93;91;92;;;;
2026/07/24;0400 UTC;0;1002,6;1002,7;1002,4;;14,2;12,6;14,3;14,2;12,8;12,5;93;92;92;;;;
2026/07/24;0500 UTC;0;1002,4;1002,7;1001,9;;14,1;12,6;14,2;14,1;12,8;12,3;93;91;93;;;;
2026/07/24;0600 UTC;0;1001,6;1001,9;1001,3;;13,9;12,3;14,1;13,8;12,5;12,1;93;92;92;;;;
2026/07/24;0700 UTC;0;1001,2;1001,4;1001;;13,7;12,2;13,8;13,5;12,4;12,1;94;92;93;;;;
2026/07/24;0800 UTC;0;1001,2;1001,3;1000,9;;13,4;12,3;13,5;13,4;12,4;12,2;95;94;94;;;;
2026/07/24;0900 UTC;0;1000,9;1001,2;1000,7;;13,2;12,2;13,4;13,1;12,3;12,1;96;94;95;;;;
2026/07/24;1000 UTC;0;1001,1;1001,3;1001;;13;12,2;13,1;12,9;12,3;12;96;95;96;;;;
2026/07/24;1100 UTC;;;;;;;;;;;;;;;;;;
2026/07/24;1200 UTC;0;1002,1;1002,4;1001,9;;13;12;13,5;12,8;12,2;11,9;96;93;95;;;;
2026/07/24;1300 UTC;0;1002,9;1003,3;1002,4;;14,3;12,1;14,9;13,5;12,5;11,9;94;86;89;88;3,9;2,6;
2026/07/24;1400 UTC;0;1003,2;1003,5;1003;;15,6;12,2;16,5;14,6;12,6;11,8;88;79;83;;;;
2026/07/24;1500 UTC;0;1003,2;1003,2;1003,1;;17,3;12,8;17,5;17,1;13;12,6;78;77;77;114;3;1,6;
2026/07/24;1600 UTC;0;1002,8;1003,2;1002;;18;13,1;18,3;17,6;13,9;12,5;79;72;75;107;3,4;1,6;
2026/07/24;1700 UTC;0;1001,2;1002;1000,6;;18;13,6;18,2;17,8;14,1;13,2;81;76;78;;;;
2026/07/24;1800 UTC;0;1001,3;1001,4;1001;;17,9;13,7;18,2;17,7;14,3;13,4;82;77;79;;;;
2026/07/24;1900 UTC;0;1001,5;1002,3;1000,8;;17,7;13,9;17,9;17,4;14,4;13,5;83;79;81;;;;
2026/07/24;2000 UTC;0;1001,8;1002,3;1001,5;;17,2;13,7;17,5;16,9;14,1;13,4;86;80;82;;;;
2026/07/24;2100 UTC;0;1001,6;1001,8;1001,2;;16,6;14,3;17,2;16;14,5;14,2;91;86;88;;;;
2026/07/24;2200 UTC;0;1000,7;1001,2;999,9;;15,7;14,2;16;15,3;14,3;14,1;94;91;93;;;;
2026/07/24;2300 UTC;0;1001,1;1001,4;1000,8;;15,2;14;15,4;15,1;14,2;13,7;95;92;94;;;;
2026/07/25;0000 UTC;0;1001,9;1002,2;1001,5;;14,4;13,8;15,1;14,1;14;13,6;98;93;97;;;;
2026/07/25;0100 UTC;0;1002;1002,1;1001,9;;13,2;13,1;14;12,9;13,5;12,8;100;97;99;;;;
2026/07/25;0200 UTC;0;1002;1002,1;1001,9;;12,9;13;13,2;12,6;13,2;12,7;100;100;100;;;;
2026/07/25;0300 UTC;0;1002,4;1002,8;1001,9;;13,1;13,1;13,3;12,8;13,4;12,9;100;100;100;186;4,2;2,8;
2026/07/25;0400 UTC;0;1002,5;1002,7;1002,3;;12,3;12,3;12,8;11,6;12,9;11,6;100;100;100;;;;
2026/07/25;0500 UTC;0;1002,3;1002,6;1002,2;;12,2;12,2;12,5;11,8;12,6;11,9;100;100;100;;;;
2026/07/25;0600 UTC;0;1001,7;1002,2;1001,3;;12,2;12,3;12,6;12;12,7;12;100;100;100;;;;
2026/07/25;0700 UTC;0;1001,2;1001,3;1001,1;;11,7;11,8;12;11,5;12,1;11,5;100;100;100;214;,7;,7;
2026/07/25;0800 UTC;0;1000,7;1001,2;1000,5;;12,1;12,2;12,7;11,5;12,8;11,5;100;100;100;;;;
2026/07/25;0900 UTC;0;1000,9;1001,1;1000,7;;12,8;12,8;12,9;12,6;13;12,7;100;100;100;;;;
2026/07/25;1000 UTC;0;1001,1;1001,7;1000,8;;12,8;12,8;12,9;12,6;13;12,6;100;100;100;;;;
2026/07/25;1100 UTC;0;1002;1002,1;1001,7;;12,6;12,7;12,8;12,5;12,9;12,5;100;100;100;;;;
2026/07/25;1200 UTC;;;;;;;;;;;;;;;;;;
2026/07/25;1300 UTC;0;1002,6;1002,8;1002,3;;13,1;13,1;13,5;12,7;13,6;12,8;100;100;100;;;;
2026/07/25;1400 UTC;0;1002,9;1003;1002,7;;14,4;14,4;15,2;13,5;15,2;13,6;100;99;100;;;;
2026/07/25;1500 UTC;0;1002,6;1002,7;1002,4;;16,1;15,2;16,9;15,2;15,8;14,7;100;89;95;;;;
2026/07/25;1600 UTC;0;1002,4;1002,6;1002,1;;17,4;15,1;17,8;16,9;15,6;14,7;91;86;88;;;;
2026/07/25;1700 UTC;0;1001,8;1002,1;1001,5;;17,7;15,4;17,9;17,5;15,7;15,2;90;87;88;;;;
2026/07/25;1800 UTC;0;1001,5;1002;1001,2;;17,8;15,6;18;17,7;15,8;15,2;91;87;89;;;;
2026/07/25;1900 UTC;0;1001;1001,3;1000,7;;18,1;15,7;18,2;18;15,9;15,5;89;87;88;;;;
2026/07/25;2000 UTC;0;1000,6;1000,7;1000,5;;18,1;15,8;18,3;17,9;16;15,6;90;87;88;;;;
2026/07/25;2100 UTC;0;1001,2;1001,7;1000,6;;18;15,5;18,1;17,6;15,9;15,2;90;86;88;;;;
2026/07/25;2200 UTC;0;1001,6;1001,6;1001,4;;17,5;15,5;17,6;17,4;15,8;15,2;92;89;90;;;;
2026/07/25;2300 UTC;0;1001,3;1001,5;1001,1;;17,1;15,4;17,5;16,7;15,7;15,2;95;88;91;;;;
2026/07/26;0000 UTC;0;1001,2;1001,5;1000,9;;16,6;15,4;16,7;16,4;15,6;15,3;95;93;94;;;;
2026/07/26;0100 UTC;0;1001,1;1001,2;1000,9;;16,5;15,4;16,6;16,4;15,5;15,4;95;94;95;;;;
2026/07/26;0200 UTC;0;1000,9;1001;1000,7;;16,6;15,5;16,7;16,4;15,5;15,4;95;93;94;;;;
2026/07/26;0300 UTC;0;1000,7;1000,8;1000,6;;16,1;15,4;16,4;15,9;15,5;15,3;98;95;97;;;;
2026/07/26;0400 UTC;0;1000,4;1000,7;1000,1;;16;15,5;16,1;15,7;15,6;15,4;98;97;98;;;;
2026/07/26;0500 UTC;0;1000,1;1000,2;1000;;15,5;15,5;15,7;15,2;15,8;14,9;100;98;100;;;;
2026/07/26;0600 UTC;0;999,8;1000;999,6;;15,6;15,6;15,8;15,4;15,8;15,4;100;99;100;;;;
2026/07/26;0700 UTC;0;999,5;999,7;999,2;;15,3;15,3;15,7;15;15,5;15;100;98;100;;;;
2026/07/26;0800 UTC;0;999,2;999,3;998,9;;15,1;15,1;15,4;14,7;15,4;14,7;100;100;100;;;;
2026/07/26;0900 UTC;0;999,2;999,3;999,1;;14,8;14,9;15;14,6;15;14,7;100;100;100;;;;
2026/07/26;1000 UTC;0;999,7;1000;999,3;;15,1;15,1;15,3;14,9;15,3;15;100;100;100;;;;
2026/07/26;1100 UTC;0;1000;1000,2;999,9;;15,3;15,3;15,6;15,1;15,6;15,1;100;100;100;;;;
2026/07/26;1200 UTC;;;;;;;;;;;;;;;;;;
2026/07/26;1300 UTC;0;1001,1;1001,5;1000,8;;17;16,3;17,5;16,6;16,6;16,1;98;95;96;;;;
2026/07/26;1400 UTC;0;1001,4;1001,6;1001,1;;18,1;16,9;18,8;17,5;17,3;16,5;95;92;94;;;;
2026/07/26;1500 UTC;;;;;;;;;;;;;;;;;;
2026/07/26;1600 UTC;0;999,8;999,8;999,7;;22,4;18,9;22,4;22,3;19,1;18,7;84;82;83;309;2,1;1,3;
2026/07/26;1700 UTC;0;999,1;999,1;999;;22,8;18,9;22,8;22,7;19,1;18,8;82;80;81;298;5,4;2,7;
2026/07/26;1800 UTC;0;998,5;998,6;998,5;;21,2;19,1;21,2;21,2;19,2;19,1;90;89;90;244;4,1;3,1;
2026/07/26;1900 UTC;0;998,6;998,9;998,4;;20,5;18,8;21,1;19,9;19,1;18,7;94;89;92;227;5;3,8;
2026/07/26;2000 UTC;0;998,5;998,7;998,4;;19,7;18,7;19,9;19,6;18,8;18,5;96;93;95;;;;
2026/07/26;2100 UTC;0;998,6;998,7;998,5;;19,5;18,9;19,6;19,3;19;18,7;98;96;97;;;;
2026/07/26;2200 UTC;0;998,8;999;998,7;;19,1;18,9;19,3;18,9;19;18,8;100;98;99;;;;
2026/07/26;2300 UTC;0;999,2;999,3;998,9;;18,8;18,9;18,9;18,8;18,9;18,8;100;100;100;;;;
2026/07/27;0000 UTC;0;999,2;999,3;998,9;;18,7;18,8;18,8;18,5;18,9;18,6;100;100;100;;;;
2026/07/27;0100 UTC;0;999,3;999,5;999,2;;18,5;18,6;18,5;18,5;18,6;18,5;100;100;100;;;;
2026/07/27;0200 UTC;0;999,3;999,4;999,2;;18,4;18,4;18,5;18,2;18,6;18,3;100;100;100;;;;
2026/07/27;0300 UTC;0;999,1;999,2;999;;18,2;18,3;18,3;18,1;18,3;18,2;100;100;100;;;;
2026/07/27;0400 UTC;0;998,7;999;998,5;;18;18,1;18,2;17,9;18,2;17,9;100;100;100;;;;
2026/07/27;0500 UTC;0;998,4;998,7;998,3;;17,9;18;18;17,8;18;17,9;100;100;100;;;;
2026/07/27;0600 UTC;0;998,2;998,4;998;;18;18;18;17,9;18,1;17,9;100;100;100;;;;
2026/07/27;0700 UTC;0;997,8;998,1;997,5;;17,8;17,9;17,9;17,7;18;17,8;100;100;100;;;;
2026/07/27;0800 UTC;0;997,2;997,5;996,8;;17,6;17,7;17,7;17,6;17,8;17,7;100;100;100;;;;
2026/07/27;0900 UTC;0;996,7;997;996,6;;17,6;17,7;17,6;17,6;17,7;17,6;100;100;100;;;;
2026/07/27;1000 UTC;0;996,9;997,2;996,6;;17,6;17,7;17,6;17,6;17,7;17,6;100;100;100;;;;
2026/07/27;1100 UTC;0;997,1;997,2;996,9;;17,5;17,6;17,6;17,4;17,7;17,5;100;100;100;;;;
2026/07/27;1200 UTC;0;997,2;997,4;997,1;;17,9;18;18,3;17,6;18,4;17,7;100;100;100;;;;
2026/07/27;1300 UTC;0;997,3;997,5;997,2;;18,6;18,7;19,4;18,2;19,3;18,3;100;98;100;;;;
2026/07/27;1400 UTC;0;996,5;996,7;996,5;;20,7;19,1;20,7;20,7;19,2;19;93;92;92;99;4,7;2,7;
2026/07/27;1500 UTC;0;996,2;996,3;996,1;;20,3;19,4;20,3;20,3;19,4;19,3;95;95;95;121;2,1;1,3;
2026/07/27;1600 UTC;0;994,7;994,7;994,6;;19,5;19,2;19,6;19,5;19,3;19,2;99;98;99;144;3,9;2,3;
2026/07/27;1700 UTC;0;994,3;994,3;994,2;;19,1;19,2;19,1;19,1;19,2;19,2;100;100;100;143;3,7;2,4;
2026/07/27;1800 UTC;,2;993,9;994,2;993,6;;18,5;18,2;18,5;18,5;18,2;18,1;99;98;98;163;6,2;3,9;
2026/07/27;1900 UTC;0;994,4;994,6;994,3;;18,4;18,4;18,4;18,4;18,4;18,4;100;100;100;22;2,3;1,5;
2026/07/27;2000 UTC;0;994,3;994,6;994,1;;18,9;18,8;18,9;18,9;18,8;18,7;99;99;99;169;2,4;1,5;
2026/07/27;2100 UTC;0;993,6;993,7;993,6;;18,4;18,3;18,4;18,3;18,3;18,3;100;99;99;112;3,4;1,8;
2026/07/27;2200 UTC;0;993,5;993,6;993,5;;18,3;18,4;18,3;18,3;18,4;18,3;100;100;100;93;5,2;2,9;
2026/07/27;2300 UTC;0;993,5;993,6;993,2;;18,1;18,1;18,4;17,9;18,4;17,9;100;100;100;105;5,4;2,8;
2026/07/28;0000 UTC;0;993,5;993,5;993,5;;18,1;18,2;18,1;18,1;18,2;18,2;100;100;100;95;5,1;3,6;
2026/07/28;0100 UTC;0;992,9;993,4;992,5;;18,1;18,2;18,2;18,1;18,2;18,2;100;100;100;102;5,7;2,5;
2026/07/28;0200 UTC;0;991,6;991,8;991,4;;17,9;18;18;17,9;18;18;100;100;100;49;3,5;2,9;
2026/07/28;0300 UTC;0;991,7;992,4;991,2;;18,5;18,1;18,7;18,3;18,2;18;99;98;98;271;4;2,4;
2026/07/28;0400 UTC;0;991,6;992;991,4;;21,1;16,6;21,2;21,1;16,8;16,6;78;77;78;339;7,2;3,1;
2026/07/28;0500 UTC;0;992,5;992,8;992,2;;19,7;18,1;19,7;19,6;18,2;18,1;93;92;92;331;5,7;4;
2026/07/28;0600 UTC;0;991,8;991,9;991,7;;19;17,9;19;19;17,9;17,9;95;94;94;346;1,5;,9;
2026/07/28;0700 UTC;1;991,7;991,8;991,5;;19,5;17;19,7;19,3;17,3;16,7;89;85;88;320;9,4;5,9;
2026/07/28;0800 UTC;0;991,9;991,9;991,8;;18,8;17,4;19;18,6;17,5;17,3;94;93;93;190;4,4;3;
2026/07/28;0900 UTC;0;992;992,1;991,9;;18,5;18;18,6;18,5;18,1;18;98;97;97;169;4,2;2,4;
2026/07/28;1000 UTC;0;992,5;992,6;992,4;;18,1;18,1;18,1;18;18,2;18,1;100;100;100;52;3,9;2,5;
2026/07/28;1100 UTC;0;993,8;993,9;993,7;;18,4;18,4;18,4;18,4;18,4;18,4;100;100;100;53;1,9;1,2;
2026/07/28;1200 UTC;;;;;;;;;;;;;;;;;;
2026/07/28;1300 UTC;,2;993,6;993,8;993,4;;19,1;18,9;19,1;19,1;19;18,9;99;99;99;60;4,6;2,7;
2026/07/28;1400 UTC;0;994,9;995;994,7;;20,1;19,2;20,1;20,1;19,3;19,2;96;96;96;347;2,4;,7;
2026/07/28;1500 UTC;0;993,8;994,1;993,5;;20,2;19,5;20,2;20,1;19,6;19,5;97;96;97;84;2,6;1,6;
2026/07/28;1600 UTC;;;;;;;;;;;;;;;;;;
2026/07/28;1700 UTC;0;993,1;993,2;993;;20,1;19,3;20,1;20,1;19,5;19,2;97;95;96;154;2,2;1,4;
2026/07/28;1800 UTC;0;992,9;992,9;992,8;;20,3;19;20,3;20,3;19;18,9;93;93;93;120;1,8;1,2;
2026/07/28;1900 UTC;0;993,5;993,6;993,4;;20,3;19,7;20,3;20,3;19,7;19,6;97;97;97;128;5,6;2,8;
2026/07/28;2000 UTC;0;993,1;993,3;993,1;;19,9;18,7;20;19,9;18,8;18,7;94;94;94;94;6;3,7;
2026/07/28;2100 UTC;0;992,8;992,9;992,8;;19,6;18;19,6;19,6;18,2;17,7;93;91;92;92;8,9;5,5;
2026/07/28;2200 UTC;,2;991,7;991,8;991,6;;17,9;16,1;18;17,8;16,3;16;92;90;91;81;7,1;4,4;
2026/07/28;2300 UTC;,2;992,5;992,7;992,3;;17,8;16,4;17,9;17,8;16,5;16,3;93;93;93;183;4,2;2,6;
2026/07/29;0000 UTC;,6;991,7;992,2;991,3;;16,9;16,2;16,9;16,8;16,2;16,2;97;97;97;107;5,8;3,3;
2026/07/29;0100 UTC;11,9;994,8;998;992,1;;17;16,3;17,3;16,7;16,6;15,9;98;93;96;205;10,4;4,8;
2026/07/29;0200 UTC;,8;996,2;996,4;996,1;;16;15,4;16;16;15,5;15,3;97;96;97;128;8,1;4,4;
2026/07/29;0300 UTC;,6;995,6;995,7;995,5;;15,8;14,9;15,8;15,8;14,9;14,8;96;95;96;116;11,8;5,5;
2026/07/29;0400 UTC;0;997,2;997,8;996,7;;15,6;14,2;15,7;15,6;14,3;14,1;93;93;93;144;10,2;5,5;
2026/07/29;0500 UTC;,2;993,8;994,1;993,4;;15,1;14,2;15,1;15;14,3;14;96;95;95;79;11,4;6,2;
2026/07/29;0600 UTC;0;994,2;994,2;994,1;;15,2;12,6;15,2;15,2;12,8;12,5;88;87;87;130;4,3;2,9;
2026/07/29;0700 UTC;1,6;995,5;996;995;;14,9;13,2;14,9;14,8;13,4;13;93;91;92;24;5,2;2,3;
2026/07/29;0800 UTC;,4;997,7;997,9;997,4;;14,2;14,1;14,3;14,2;14,1;14;100;99;99;131;5,8;3,3;
2026/07/29;0900 UTC;0;990,5;990,7;990,1;;14,1;13,9;14,1;14;13,9;13,9;99;99;99;87;10,6;5,2;
2026/07/29;1000 UTC;0;993,7;993,9;993,5;;14,9;13,5;14,9;14,8;13,6;13,4;94;93;93;337;1,7;,9;
2026/07/29;1100 UTC;0;995,9;996;995,7;;13,8;13,2;13,8;13,7;13,3;13,2;98;97;97;282;1,9;1,4;
2026/07/29;1200 UTC;;;;;;;;;;;;;;;;;;
2026/07/29;1300 UTC;0;998,9;998,9;998,9;;17,3;14,3;17,3;17,2;14,6;13,8;87;83;85;221;4;2,8;
2026/07/29;1400 UTC;0;999,9;999,9;999,8;;18,7;14;18,8;18,6;14,7;13,5;80;74;77;218;3,4;2,2;
2026/07/29;1500 UTC;;;;;;;;;;;;;;;;;;
2026/07/29;1600 UTC;0;1000,1;1000,1;1000,1;;19,9;14,3;19,9;19,7;14,7;13,8;74;70;72;208;3,9;2,7;
2026/07/29;1700 UTC;0;999,4;999,4;999,3;;19,9;14;20;19,8;14,4;13,7;73;69;70;182;5,4;3,4;
2026/07/29;1800 UTC;0;999,3;999,3;999,3;;20;13,9;20;19,9;14,2;13,7;71;69;70;184;4,9;3,3;
2026/07/29;1900 UTC;0;999,5;999,5;999,5;;19,9;14,2;19,9;19,8;14,3;14;72;71;71;158;4,2;2,3;
2026/07/29;2000 UTC;0;1000;1000;999,9;;20;14,3;20,1;19,8;14,5;14,1;73;71;72;109;5;2,1;
2026/07/29;2100 UTC;0;1000,7;1000,7;1000,6;;18,3;14,1;18,4;18,3;14,2;14;79;79;79;133;3;1,7;
2026/07/29;2200 UTC;0;1001,1;1001,1;1001;;17,5;13,6;17,5;17,4;13,7;13,5;81;80;81;122;3,1;1,7;
2026/07/29;2300 UTC;0;1001,5;1001,6;1001,5;;16,8;13,6;16,8;16,8;13,7;13,5;84;84;84;104;4;2,3;
2026/07/30;0000 UTC;0;1001,9;1002;1001,9;;15,9;13,6;15,9;15,8;13,7;13,6;89;89;89;123;2,7;1,5;
2026/07/30;0100 UTC;0;1002,1;1002,3;1002;;15,1;13,3;15,7;14,7;13,4;13,1;93;88;91;110;3,3;1,6;
2026/07/30;0200 UTC;0;1002;1002;1002;;15,5;13,7;15,5;15,4;13,7;13,6;92;91;91;108;2,7;1,7;
2026/07/30;0300 UTC;0;1002,1;1002,1;1002;;14,4;13,5;14,5;14,4;13,5;13,4;96;95;95;119;2,5;1,5;
2026/07/30;0400 UTC;0;1002,7;1002,7;1002,6;;14,6;13,8;14,7;14,6;13,8;13,7;96;95;96;149;5,3;2,9;
2026/07/30;0500 UTC;0;1002;1002;1001,9;;13,7;13,3;13,7;13,6;13,3;13,2;98;98;98;117;2,9;1,7;
2026/07/30;0600 UTC;0;1001,7;1001,8;1001,7;;13,7;13,6;13,7;13,7;13,6;13,6;99;99;99;117;3,9;2,3;
2026/07/30;0700 UTC;0;1002,1;1002,1;1002;;14,2;13,9;14,3;14,2;14;13,9;99;98;99;115;6,7;2,7;
2026/07/30;0800 UTC;0;1002,2;1002,2;1002,2;;14,2;14;14,2;14,2;14;14;99;99;99;108;6,2;3,1;
2026/07/30;0900 UTC;0;1002,4;1002,4;1002,3;;14,3;13,9;14,3;14,3;14;13,9;98;98;98;105;7,3;3,5;
2026/07/30;1000 UTC;0;1003,3;1003,3;1003,2;;14,5;13,7;14,5;14,5;13,8;13,7;97;96;96;101;6,8;4;
2026/07/30;1100 UTC;0;1003,5;1003,6;1003,4;;14,8;13,4;14,8;14,7;13,5;13,3;93;93;93;95;8,6;5,5;
2026/07/30;1200 UTC;;;;;;;;;;;;;;;;;;
2026/07/30;1300 UTC;0;1004,7;1004,8;1004,6;;16,7;13,6;16,7;16,7;13,7;13,5;85;84;85;96;7,7;5,3;
2026/07/30;1400 UTC;0;1005;1005;1005;;17,2;13,5;17,3;17,1;13,6;13,4;82;81;82;106;7;4,1;
2026/07/30;1500 UTC;;;;;;;;;;;;;;;;;;
2026/07/30;1600 UTC;0;1004,5;1004,6;1004,5;;18,5;14,1;18,6;18,5;14,2;13,8;78;76;78;109;7,6;3,5;
2026/07/30;1700 UTC;0;1003,4;1003,5;1003,2;;19,6;14,3;19,7;19,4;14,6;14,1;74;73;74;107;9,9;4,8;
2026/07/30;1800 UTC;0;1002,6;1002,7;1002,6;;19,9;14,4;20;19,9;14,5;14,3;73;72;72;89;9,5;5,7;
2026/07/30;1900 UTC;0;1001,9;1002;1001,8;;19,9;14,4;20;19,9;14,6;14,2;74;72;73;104;7;4,5;
2026/07/30;2000 UTC;0;1001,6;1001,7;1001,5;;19,6;14,6;19,6;19,5;14,8;14,4;76;74;75;108;8,1;3,9;
2026/07/30;2100 UTC;0;1002,4;1002,4;1002,3;;18,2;14,4;18,2;18,2;14,5;14,3;81;81;81;129;5,2;3,1;
2026/07/30;2200 UTC;0;1001,8;1001,8;1001,8;;17,6;14,4;17,6;17,5;14,4;14,3;84;84;84;110;6,1;3,5;
2026/07/30;2300 UTC;0;1001,5;1001,5;1001,3;;17,1;14,2;17,1;17;14,2;14,2;86;86;86;100;7,6;5,2;
2026/07/31;0000 UTC;0;1001,4;1001,5;1001,4;;16,9;14,5;16,9;16,8;14,6;14,5;89;88;88;106;7,2;4,2;
2026/07/31;0100 UTC;0;1001;1001,2;1000,7;;16,7;14,6;16,8;16,5;14,6;14,5;90;89;89;104;8,2;3,4;
2026/07/31;0200 UTC;0;1002,2;1002,2;1002,2;;16,2;14,5;16,3;16,2;14,6;14,5;92;91;92;119;4,2;2,6;
2026/07/31;0300 UTC;0;1001,9;1002;1001,9;;15,7;14,5;15,8;15,7;14,5;14,5;94;94;94;118;5,1;2,6;
2026/07/31;0400 UTC;0;1001,6;1001,6;1001,5;;15,4;14,5;15,4;15,3;14,5;14,4;96;95;96;107;4,8;2,8;
2026/07/31;0500 UTC;0;1001,1;1001,1;1001;;15,1;14,5;15,1;15,1;14,5;14,4;97;97;97;104;4,6;2,9;
2026/07/31;0600 UTC;0;1000,6;1000,6;1000,5;;14,8;14,4;14,9;14,8;14,4;14,4;98;98;98;107;4,6;2,3;
2026/07/31;0700 UTC;0;1000;1000;1000;;14,6;14,4;14,7;14,6;14,4;14,4;99;99;99;137;3,3;1,9;
2026/07/31;0800 UTC;0;999,6;999,7;999,6;;14,5;14,5;14,5;14,5;14,5;14,5;100;100;100;115;3,4;2;
2026/07/31;0900 UTC;0;1000;1000;1000;;14,5;14,5;14,5;14,5;14,6;14,5;100;100;100;112;3,9;2,4;
2026/07/31;1000 UTC;0;1000,4;1000,4;1000,4;;14,4;14,5;14,4;14,4;14,5;14,5;100;100;100;110;3,7;2,5;
2026/07/31;1100 UTC;0;1000,6;1000,6;1000,5;;14,6;14,7;14,6;14,6;14,7;14,6;100;100;100;107;4,2;2,6;
2026/07/31;1200 UTC;0;1001,4;1001,5;1001,3;;17,2;15,5;17,3;17,2;15,7;15,3;92;90;91;137;3,3;2,1;
2026/07/31;1300 UTC;0;1001,4;1001,5;1001,4;;20,5;16,5;20,7;20,4;16,9;16,2;81;78;80;76;4,4;2,4;
2026/07/31;1400 UTC;0;1001,6;1001,6;1001,6;;23,7;17,2;23,8;23,5;17,3;17;69;66;68;85;4;2,7;
2026/07/31;1500 UTC;0;1000,9;1000,9;1000,8;;26;18,2;26;25,9;18,4;18;62;60;61;73;4,3;2,4;
2026/07/31;1600 UTC;0;1000;1000,1;1000;;27,2;18,8;27,4;27,1;18,9;18,6;59;57;58;34;7,4;4,7;
2026/07/31;1700 UTC;0;998,7;998,8;998,7;;28;19,4;28,1;27,9;19,7;19;59;55;57;48;6,7;4,8;
2026/07/31;1800 UTC;0;997,9;998;997,9;;28,8;19,9;28,9;28,8;20,1;19,7;56;55;55;39;6,2;4,3;
2026/07/31;1900 UTC;0;997,4;997,5;997,4;;28,5;20,1;28,6;28,5;20,1;20;58;57;58;38;7;5,3;
2026/07/31;2000 UTC;0;997,1;997,1;997,1;;27,7;19,6;27,7;27,6;19,7;19,5;60;59;60;38;6,4;4,3;
2026/07/31;2100 UTC;0;996,7;996,7;996,6;;25,2;19;25,3;25,1;19,1;19;70;69;69;44;5,5;4,3;
2026/07/31;2200 UTC;0;996,6;996,6;996,5;;23,3;18,5;23,3;23,2;18,5;18,5;76;76;76;52;3,6;2,4;
2026/07/31;2300 UTC;0;996,4;996,5;996,4;;23,2;18,4;23,2;23;18,4;18,4;77;76;76;54;5,6;4;
2026/08/01;0000 UTC;0;996,4;996,5;996,4;;22,5;18,2;22,6;22,5;18,2;18,1;78;78;78;48;5,4;3,8;
2026/08/01;0100 UTC;0;996,4;996,6;996,1;;23,6;18;24,1;22,8;18,1;17,9;76;70;72;39;8,2;5,7;
2026/08/01;0200 UTC;0;995,7;995,7;995,6;;23,9;17,6;23,9;23,8;17,6;17,6;69;68;69;28;9,3;5,8;
2026/08/01;0300 UTC;0;995,7;995,7;995,7;;23,3;17,1;23,4;23,3;17,2;17,1;69;69;69;18;6,1;3,5;
2026/08/01;0400 UTC;0;995,1;995,2;995,1;;23,3;16,5;23,3;23,2;16,6;16,4;66;66;66;36;9,8;6,3;
2026/08/01;0500 UTC;0;994,6;994,7;994,4;;23,3;16,1;23,3;23,3;16,1;16;64;63;64;33;9,5;6,3;
2026/08/01;0600 UTC;0;993,6;993,6;993,5;;23,5;15,7;23,6;23,5;15,8;15,7;61;61;61;18;10,9;7,2;
2026/08/01;0700 UTC;0;992,8;992,9;992,8;;23,7;15,4;23,8;23,6;15,4;15,3;59;58;58;17;10,2;6;
2026/08/01;0800 UTC;0;992,4;992,5;992,3;;24,2;15,3;24,3;24,2;15,4;15,2;56;55;55;15;12,2;7,5;
2026/08/01;0900 UTC;0;991,9;991,9;991,8;;24,3;15,3;24,3;24,3;15,3;15,2;55;55;55;15;12,7;8,2;
2026/08/01;1000 UTC;0;992,9;993;992,8;;24,1;15,5;24,2;24;15,5;15,4;57;56;57;357;8,9;4,6;
2026/08/01;1100 UTC;0;992,6;992,6;992,5;;23,9;15,5;24;23,8;15,6;15,5;58;58;58;10;11,7;6,2;
2026/08/01;1200 UTC;0;992,4;992,5;992,3;;25,3;16,2;25,3;25,2;16,2;16,1;55;54;55;12;10,8;6,1;
2026/08/01;1300 UTC;0;993;993,1;992,8;;27,1;17,1;27,2;27;17,3;17;51;49;50;3;11,8;7,5;
2026/08/01;1400 UTC;0;992,4;992,5;992,3;;28,6;17,9;28,7;28,6;18,1;17,7;47;46;46;356;14,8;7,9;
2026/08/01;1500 UTC;0;993,1;993,4;992,7;;27,9;18,3;28;27,8;18,7;18;54;51;52;309;9,5;5,5;
2026/08/01;1600 UTC;0;994,4;994,5;994,3;;17,3;16;17,4;17,3;16,1;15,9;94;93;93;218;11,2;7,9;
2026/08/01;1700 UTC;0;995,5;995,5;995,4;;16,9;15,5;16,9;16,9;15,6;15,2;93;92;93;257;10,4;7,2;
2026/08/01;1800 UTC;,6;996,1;996,3;995,7;;16,3;15,2;16,3;16,3;15,3;15,1;95;94;94;239;10,6;7,2;
2026/08/01;1900 UTC;,2;997,4;997,5;997,3;;15,9;15;15,9;15,9;15;14,9;96;95;95;245;5,8;3,7;
2026/08/01;2000 UTC;0;997,5;997,7;997,4;;15,8;15,3;15,8;15,8;15,4;15,2;98;97;98;11;2,4;1,6;
2026/08/01;2100 UTC;0;996,3;996,5;996,2;;15,7;14,9;15,7;15,7;15;14,8;96;95;96;48;3,8;2,4;
2026/08/01;2200 UTC;0;997,2;997,3;997,1;;15,2;14,6;15,2;15,1;14,7;14,6;97;97;97;49;3,2;2,2;
2026/08/01;2300 UTC;0;998,5;998,6;998,5;;15,4;14,9;15,4;15,4;15;14,9;98;98;98;307;1,8;1,1;
2026/08/02;0000 UTC;0;999,5;999,5;999,4;;15,2;14,8;15,2;15,1;14,8;14,8;98;98;98;300;1,2;,8;
2026/08/02;0100 UTC;;;;;;;;;;;;;;;;;;
2026/08/02;0200 UTC;0;1000,8;1001;1000,8;;15,2;14,5;15,2;15,2;14,6;14,5;97;96;97;247;5;2,8;
2026/08/02;0300 UTC;0;1000,9;1001;1000,9;;14,6;14,5;14,6;14,5;14,6;14,4;100;99;99;347;2;1,2;
2026/08/02;0400 UTC;0;1000,7;1000,7;1000,6;;14,6;14,7;14,6;14,5;14,7;14,6;100;100;100;0;,6;,4;
2026/08/02;0500 UTC;0;1001,1;1001,1;1001;;14,5;14,6;14,5;14,5;14,6;14,5;100;100;100;9;1,2;,5;
2026/08/02;0600 UTC;0;1000,9;1000,9;1000,8;;14,7;14,7;14,7;14,7;14,8;14,7;100;100;100;82;1,4;,8;
2026/08/02;0700 UTC;;;;;;;;;;;;;;;;;;
2026/08/02;0800 UTC;0;1000,6;1000,6;1000,6;;14,8;14,9;14,8;14,8;14,9;14,8;100;100;100;34;2,3;1,5;
2026/08/02;0900 UTC;0;1001,1;1001,1;1001,1;;15;13,9;15;14,9;13,9;13,8;95;94;95;44;2,9;2,1;
2026/08/02;1000 UTC;0;1001,2;1001,2;1001,2;;14,7;13,5;14,8;14,7;13,6;13,5;94;94;94;74;3,2;1,3;
2026/08/02;1100 UTC;;;;;;;;;;;;;;;;;;
2026/08/02;1200 UTC;0;1001,7;1001,7;1001,7;;15,8;13,8;15,9;15,7;13,9;13,6;91;89;90;79;3,9;1,9;
2026/08/02;1300 UTC;0;1002,5;1002,5;1002,4;;17;13,7;17;16,9;13,9;13,5;84;82;83;80;5,1;2,1;
2026/08/02;1400 UTC;0;1002,6;1002,8;1002,5;;17,8;13,4;18;17,7;13,9;13;80;77;78;98;7,7;5,7;
2026/08/02;1500 UTC;0;1002,8;1002,9;1002,8;;19,7;13,9;19,9;19,6;14,1;13,5;73;68;71;94;5,8;3,1;
2026/08/02;1600 UTC;0;1002,1;1002,2;1002,1;;21;14,9;21,1;20,7;15,1;14,7;71;68;69;57;5,7;3,1;
2026/08/02;1700 UTC;0;1000,8;1000,9;1000,8;;21,3;14,6;21,4;21,3;15;14,2;68;64;67;84;5,3;3,1;
2026/08/02;1800 UTC;0;1000,3;1000,3;1000,3;;21,8;15,4;21,9;21,7;15,7;15,1;70;66;68;106;6;2,9;
2026/08/02;1900 UTC;0;999,6;999,6;999,5;;21,1;16,1;21,1;21;16,3;15,9;76;74;75;105;5,7;3,3;
2026/08/02;2000 UTC;0;999,5;999,5;999,4;;20,2;16,3;20,2;20,1;16,3;16,2;81;80;80;106;4,1;2,5;
2026/08/02;2100 UTC;0;999,7;999,7;999,6;;18,4;16;18,4;18,3;16,1;15,9;89;88;88;109;2,9;1,8;
2026/08/02;2200 UTC;0;1000;1000;999,9;;17,6;15,4;17,7;17,6;15,4;15,3;89;89;89;118;4,6;2,9;
2026/08/02;2300 UTC;0;1000,3;1000,3;1000,2;;17,2;15,4;17,3;17,2;15,4;15,4;91;91;91;113;4,9;3;
2026/08/03;0000 UTC;0;1000,9;1000,9;1000,9;;16,7;15,3;16,8;16,7;15,3;15,3;93;93;93;117;5,9;2,8;
2026/08/03;0100 UTC;0;1000,9;1001;1000,5;;16,4;15,3;16,6;16,2;15,3;15,3;96;94;94;102;6,5;4,3;
2026/08/03;0200 UTC;0;1000,6;1000,6;1000,5;;16,1;15,1;16,1;16,1;15,1;15,1;95;95;95;132;3,6;2,1;
2026/08/03;0300 UTC;0;1000,3;1000,4;1000,3;;15,8;14,9;15,8;15,8;14,9;14,9;95;95;95;112;6;2,9;
2026/08/03;0400 UTC;0;1000,1;1000,1;1000;;15,5;15;15,5;15,5;15;15;98;98;98;81;5,2;2,3;
2026/08/03;0500 UTC;0;1000;1000;999,9;;15,7;15,3;15,7;15,7;15,4;15,3;98;98;98;125;4,3;2;
2026/08/03;0600 UTC;0;999,8;999,8;999,8;;15,6;15,5;15,6;15,6;15,6;15,5;100;100;100;106;5,9;3,7;
2026/08/03;0700 UTC;;;;;;;;;;;;;;;;;;
2026/08/03;0800 UTC;0;1000;1000;999,9;;15,7;15,7;15,7;15,7;15,7;15,7;100;100;100;99;6,2;3,8;
2026/08/03;0900 UTC;0;1000,2;1000,2;1000,1;;15,5;15,6;15,5;15,5;15,6;15,6;100;100;100;103;5,1;3,4;
2026/08/03;1000 UTC;0;1000,2;1000,2;1000,1;;15,5;15,6;15,5;15,5;15,6;15,6;100;100;100;97;6,1;3,8;
2026/08/03;1100 UTC;;;;;;;;;;;;;;;;;;
2026/08/03;1200 UTC;0;1000,7;1000,7;1000,7;;15,8;15,9;15,9;15,8;15,9;15,9;100;100;100;93;5,2;3,5;
2026/08/03;1300 UTC;0;1000,4;1000,4;1000,4;;16,2;16,3;16,2;16,2;16,3;16,3;100;100;100;98;5,8;4,3;
2026/08/03;1400 UTC;0;1000,1;1000,1;1000;;17,9;16,7;18,1;17,9;17,2;16,6;95;93;94;99;5,2;3,4;
2026/08/03;1500 UTC;0;1000,3;1000,5;1000,2;;20,2;17,7;20,2;19,6;18;17,5;90;85;85;110;3,6;1,8;
2026/08/03;1600 UTC;0;999,9;1000,3;999,7;;20,4;18,9;20,5;19,8;20,5;18,1;100;88;91;131;3,9;1,5;
2026/08/03;1700 UTC;0;999,5;999,9;999,5;;21;18,6;21;20,4;21;18,6;100;86;86;66;3;1,1;
2026/08/03;1800 UTC;0;998,8;999,6;998,8;281,9;20,8;18,9;21,1;20,8;19;18,6;89;86;89;138;3,3;2;
2026/08/03;1900 UTC;0;997,8;998,8;997,8;363;20,7;19,1;21,1;20,5;19,3;18,7;91;87;91;174;7;1,6;
2026/08/03;2000 UTC;0;998,3;998,3;997,7;190,3;20,4;18,8;20,7;20,2;19,1;18,8;93;89;90;48;3,5;2,2;
2026/08/03;2100 UTC;0;998,3;998,9;998,3;62,7;20,9;17,8;21;20,3;18,9;17,6;91;81;83;54;4,7;2;
2026/08/03;2200 UTC;0;998,3;998,5;998;0;21,2;17,7;21,2;20,1;17,9;17,3;85;80;80;37;5,4;2,2;
2026/08/03;2300 UTC;0;998,5;998,6;998,3;0;20,3;17,4;21,2;18,9;17,8;17,4;93;80;84;348;3,3;1,3;
2026/08/04;0000 UTC;0;997,7;998,5;997,7;0;20;17,2;20,3;19,3;17,5;17,1;88;83;84;22;3,5;2,1;
2026/08/04;0100 UTC;0;998;998;997,4;0;19,3;16,5;20,2;19,2;17,5;16,5;87;82;84;45;3,7;1,4;
2026/08/04;0200 UTC;0;998,2;998,4;998;0;20,3;15,9;20,5;19,2;16,8;15,8;85;75;76;66;3,8;1,2;
2026/08/04;0300 UTC;0;998;998,3;997,9;0;20,5;15,8;20,7;19,2;16,5;15,4;82;73;74;4;3,6;2;
2026/08/04;0400 UTC;0;997,7;998,1;997,4;0;19,2;16,5;21,1;19,1;16,7;15,6;85;72;84;238;5,8;,6;
2026/08/04;0500 UTC;0;997,7;998,3;997,6;0;19,2;16;19,5;18,8;16,6;16;85;82;82;227;4,3;,9;
2026/08/04;0600 UTC;0;998,3;998,4;997,8;0;18,3;16,5;19,2;17,8;16,6;16,1;92;83;89;284;2,7;1;
2026/08/04;0700 UTC;;;;;;;;;;;;;;;;;;
2026/08/04;0800 UTC;0;998,4;999,1;998,4;0;18,7;;18,9;18,2;;;;;;321;5,8;2,1;
2026/08/04;0900 UTC;0;998,5;998,7;998,4;0;19,1;;19,1;18;;;;;;348;5,2;2,3;
2026/08/04;1000 UTC;0;1000,4;1000,4;998,4;0;19,7;;19,9;19,1;;;;;;306;7,8;2,5;
2026/08/04;1100 UTC;0;1001,1;1001,1;1000,5;7,7;18,4;;19,7;18,4;;;;;;104;9,4;1,5;
2026/08/04;1200 UTC;0;1001,1;1001,5;1001,1;134,5;18,3;;18,4;17,9;;;;;;127;4,8;2,5;
2026/08/04;1300 UTC;0;1000,6;1001;1000,6;410,2;19,5;;19,5;18,4;;;;;;106;5,2;1,9;
2026/08/04;1400 UTC;0;1001,1;1001,3;1000,6;894,6;20,6;;21,1;19,6;;;;;;50;5,2;3,3;
2026/08/04;1500 UTC;0;1000,4;1001,1;1000,4;1168,9;22,6;;22,7;20,2;;;;;;55;5,2;3;
2026/08/04;1600 UTC;0;999,7;1000,5;999,7;1566;24,2;;24,2;22,4;;;;;;53;5,8;2,9;
2026/08/04;1700 UTC;0;998,9;999,7;998,9;2026,1;25,9;;26;24;;;;;;50;5,4;3,6;
2026/08/04;1800 UTC;0;998,2;998,9;998,2;1447,4;24,8;;25,8;24,4;;;;;;29;5,5;2,9;
2026/08/04;1900 UTC;0;998,1;998,2;998,1;1146,8;25,1;;25,3;24,8;;;;;;26;5,5;2,7;
2026/08/04;2000 UTC;0;998,1;998,2;998,1;588,2;23,6;;25,2;23,6;;;;;;50;3,9;2,2;
2026/08/04;2100 UTC;0;998,4;998,4;998,1;140,8;22,4;;23,6;22,4;;;;;;110;3,5;,6;
2026/08/04;2200 UTC;0;998,4;998,4;998,3;,5;21,1;;22,4;20,7;;;;;;104;3,5;1,7;
2026/08/04;2300 UTC;0;998,6;998,6;998,4;0;20,4;;21,2;20,4;;;;;;61;3,4;1,5;
2026/08/05;0000 UTC;0;998,8;998,8;998,6;0;19,9;;20,3;19,7;;;;;;144;2,3;1,1;
2026/08/05;0100 UTC;0;998,6;998,7;998,6;0;19,2;;20;19,2;;;;;;129;3,2;1;
2026/08/05;0200 UTC;0;998,4;998,7;998,3;0;18,9;;19,5;18,9;;;;;;122;3;1,2;
2026/08/05;0300 UTC;0;998,8;998,9;998,4;0;18,4;;19;18,4;;;;;;181;3,2;1,4;
2026/08/05;0400 UTC;0;998,4;998,8;998,3;0;17,9;;18,4;17,9;;;;;;109;2,4;,6;
2026/08/05;0500 UTC;0;998,1;998,4;998,1;0;17,7;;18;17,7;;;;;;82;2,3;,7;
2026/08/05;0600 UTC;0;997,1;998;997,1;0;17,8;;17,9;17,6;;;;;;104;2,8;1,4;
2026/08/05;0700 UTC;0;996,9;997,2;996,8;0;17,9;;17,9;17,5;;;;;;135;3,8;1,7;
2026/08/05;0800 UTC;0;996,7;996,9;996,6;0;17,9;;18;17,9;;;;;;98;5,2;1,9;
2026/08/05;0900 UTC;0;996,7;996,7;996,4;0;17,6;;17,9;17,6;;;;;;92;4;1,4;
2026/08/05;1000 UTC;0;997,2;997,2;996,7;0;17,5;;17,6;17,4;;;;;;98;3,5;2,1;
2026/08/05;1100 UTC;0;998;998;997,2;26,9;17,5;;17,5;17,4;;;;;;104;3,6;1;
2026/08/05;1200 UTC;0;998,4;998,4;997,9;253,7;17,8;;17,8;17,4;;;;;;81;3,4;1,3;
2026/08/05;1300 UTC;0;998,6;998,7;998,4;527,1;18,2;;18,3;17,7;;;;;;13;3;,8;
2026/08/05;1400 UTC;0;998,7;998,7;998,6;1449,9;21,1;;21,1;18,2;;;;;;18;3;1,6;
2026/08/05;1500 UTC;0;998,2;998,7;998,2;2055,9;24,1;;24,4;21,2;;;;;;346;3,6;1,7;
2026/08/05;1600 UTC;0;997,3;998,2;997,3;1576,9;24,1;;24,5;23,4;;;;;;336;4,8;1,4;
2026/08/05;1700 UTC;0;996,4;997,3;996,4;2157,1;25,3;;25,9;24;;;;;;341;5,1;2;
2026/08/05;1800 UTC;0;995,5;996,4;995,5;1890,6;26,1;;26,2;25;;;;;;11;4,9;2,2;
2026/08/05;1900 UTC;0;995,3;995,6;995,3;1273,9;26;;26,3;24,9;;;;;;299;4,3;1,1;
2026/08/05;2000 UTC;0;995,2;995,4;995,2;933,9;24,7;;26,6;24,7;;;;;;318;4,1;1,1;
2026/08/05;2100 UTC;0;995;995,2;994,8;106,3;23,3;;24,6;23,3;;;;;;253;2,8;,5;
2026/08/05;2200 UTC;0;994,9;995,1;994,9;,3;21,4;;23,3;21,4;;;;;;109;2,3;1,2;
2026/08/05;2300 UTC;0;994,9;995;994,7;0;20,5;;21,3;20,5;;;;;;84;3,9;,9;
2026/08/06;0000 UTC;0;994,9;995;994,8;0;20,2;;20,4;20,2;;;;;;72;2,3;,9;
2026/08/06;0100 UTC;;;;;;;;;;;;;;;;;;
2026/08/06;0200 UTC;0;994,1;994,4;993,8;0;19;;19,8;18,9;;;;;;73;3,6;,9;
2026/08/06;0300 UTC;0;994,1;994,3;994,1;0;19,3;;19,6;18,9;;;;;;140;1,9;1,4;
2026/08/06;0400 UTC;0;993,9;994,1;993,9;0;19,4;;19,5;19,2;;;;;;52;3,5;2,5;
2026/08/06;0500 UTC;0;993,3;993,9;993,3;0;19,2;;19,4;18,9;;;;;;46;3,5;2,6;
2026/08/06;0600 UTC;0;992,4;993,3;992,4;0;18,5;;19,4;18,4;;;;;;43;3,3;1,9;
2026/08/06;0700 UTC;0;991,6;992,4;991,6;0;17,9;;18,9;17,9;;;;;;208;1,8;,5;
2026/08/06;0800 UTC;0;991,3;991,6;991,1;0;17,7;;18,4;17,7;;;;;;339;2;,8;
2026/08/06;0900 UTC;0;991,1;991,3;991,1;0;17,2;;18;17,2;;;;;;41;2,6;1,5;
2026/08/06;1000 UTC;0;991,1;991,3;990,9;0;16,9;;17,3;16,9;;;;;;34;2,8;1,7;
2026/08/06;1100 UTC;0;991;991,2;991;109,5;18,1;;18,1;16,7;;;;;;46;3,2;2;
2026/08/06;1200 UTC;0;991;991,1;991;501,9;20,3;;20,3;18;;;;;;41;3,8;2,9;
2026/08/06;1300 UTC;0;991,1;991,3;990,7;1078,8;21,9;;22,2;20,3;;;;;;19;4,2;2,2;
2026/08/06;1400 UTC;0;990,7;991,2;990,7;1255,6;24,5;;24,5;21,8;;;;;;357;4,9;2,4;
2026/08/06;1500 UTC;;;;;;;;;;;;;;;;;;
2026/08/06;1600 UTC;0;988,2;989,8;988,1;1658,9;26,6;;26,8;25;;;;;;341;9,3;4,2;
2026/08/06;1700 UTC;0;986,9;988,3;986,9;1387,3;25,9;;27,2;25,7;;;;;;354;9,7;2,8;
2026/08/06;1800 UTC;0;986,2;986,9;986,1;1488,8;26,7;;27,5;25,9;;;;;;353;9;4,3;
2026/08/06;1900 UTC;0;985,2;986,3;985,2;788,6;25,9;;26,7;25,9;;;;;;351;9,5;4,6;
2026/08/06;2000 UTC;0;984;985,1;984;144,9;24,9;;25,8;24,9;;;;;;355;12,5;5,8;
2026/08/06;2100 UTC;0;984,4;984,4;983,6;0;21,8;;23,5;21,8;;;;;;340;14,6;5,5;
2026/08/06;2200 UTC;20,7;989,2;990,4;984,2;5,6;15,9;;21,6;15,5;;;;;;285;23,1;5,3;
2026/08/06;2300 UTC;3,7;988,7;989,2;988,7;0;15,8;;15,9;15,8;;;;;;339;8,6;3,4;
2026/08/07;0000 UTC;;;;;;;;;;;;;;;;;;
2026/08/07;0100 UTC;0;990,4;990,4;988,9;0;17,3;;17,3;16,9;;;;;;287;10,7;4,9;
2026/08/07;0200 UTC;0;991,6;991,6;990,4;0;16,1;;17,3;16,1;;;;;;259;14,2;8,4;
2026/08/07;0300 UTC;0;992,5;992,5;991,7;0;14,4;;16,1;14,4;;;;;;266;13,1;4,6;
2026/08/07;0400 UTC;0;992,9;992,9;992,4;0;14,2;;14,4;13,5;;;;;;266;10,4;6,2;
2026/08/07;0500 UTC;0;993,3;993,3;992,9;0;13,1;;14,2;13;;;;;;262;12,2;8,4;
2026/08/07;0600 UTC;0;993,7;993,7;993,2;0;12,3;;13,1;12,3;;;;;;276;10,5;5;
2026/08/07;0700 UTC;0;993,9;994;993,6;0;11,1;;12,2;11,1;;;;;;280;9,1;4,8;
2026/08/07;0800 UTC;0;994,7;994,7;994;0;10,8;;11;10,6;;;;;;272;9,9;5,6;
2026/08/07;0900 UTC;0;995,8;995,8;994,6;0;10,5;;10,9;10,4;;;;;;255;12,2;7,5;
2026/08/07;1000 UTC;0;996,8;996,8;995,9;0;9,7;;10,6;9,5;;;;;;246;11,5;5,2;
2026/08/07;1100 UTC;0;997,5;997,5;996,8;57,7;9,6;;9,7;9,4;;;;;;243;8,6;3,4;
2026/08/07;1200 UTC;0;998,1;998,1;997,5;420,6;10;;10,1;9,6;;;;;;222;7,9;4,6;
2026/08/07;1300 UTC;0;998,9;999;998,1;728,5;10,7;;10,7;10;;;;;;206;7,5;3,5;
2026/08/07;1400 UTC;0;999,4;999,7;998,9;1795,7;11,6;;11,7;10,8;;;;;;230;7,2;4,7;
2026/08/07;1500 UTC;0;999;999,4;999;2171,9;12,1;;12,4;11,5;;;;;;242;7,1;2,9;
2026/08/07;1600 UTC;0;998,9;999,2;998,7;1736,7;12,2;;12,6;11,8;;;;;;227;5;1,8;
2026/08/07;1700 UTC;0;998,1;998,9;998,1;1646,1;12,9;;13,1;12,1;;;;;;233;5,1;1,8;
2026/08/07;1800 UTC;0;997,7;998,2;997,7;1663;13,1;;14,2;12,7;;;;;;266;5,4;2,6;
2026/08/07;1900 UTC;;;;;;;;;;;;;;;;;;
2026/08/07;2000 UTC;0;996,9;997,2;996,8;1284,2;13,6;;14,4;13,6;;;;;;240;3,2;2,2;
2026/08/07;2100 UTC;0;996,2;996,9;996,2;291,4;12;;13,5;12;;;;;;270;2,8;,3;
2026/08/07;2200 UTC;0;995,6;996,3;995,6;,6;9,8;;11,9;9,8;;;;;;149;1,2;,9;
2026/08/07;2300 UTC;0;995,5;995,7;995,5;0;10;;10,6;9,6;;;;;;118;1,6;1,1;
2026/08/08;0000 UTC;0;994,5;995,4;994,5;0;8,9;;10,5;8,9;;;;;;57;1,8;1,1;
2026/08/08;0100 UTC;0;994,7;994,7;994,4;0;8,1;;8,8;8,1;;;;;;83;2,2;,9;
2026/08/08;0200 UTC;0;993,8;994,7;993,8;0;7,6;;8,2;7,6;;;;;;100;1,9;,8;
2026/08/08;0300 UTC;0;993,3;993,8;993,3;0;7,3;;7,6;7,3;;;;;;69;2,2;1,1;
2026/08/08;0400 UTC;0;992,4;993,3;992,4;0;6,9;;7,4;6,6;;;;;;69;3,4;1,5;
2026/08/08;0500 UTC;0;991,6;992,4;991,6;0;6,8;;7,2;6,7;;;;;;90;3;1,1;
2026/08/08;0600 UTC;0;991,4;991,7;991,3;0;7;;7,3;6,8;;;;;;106;2,6;1;
2026/08/08;0700 UTC;0;991,1;991,7;991,1;0;6,4;;7;5,9;;;;;;103;2,8;1,4;
2026/08/08;0800 UTC;0;991,4;991,5;991,1;0;6,7;;6,7;6,5;;;;;;145;4,3;2;
2026/08/08;0900 UTC;0;991,5;991,7;991,3;0;6,2;;6,9;6,2;;;;;;113;4,5;1;
2026/08/08;1000 UTC;0;991,6;991,6;991,1;0;7;;7;5,7;;;;;;103;4,6;3,1;
2026/08/08;1100 UTC;0;991,7;991,8;991,4;31,9;7,9;;7,9;7;;;;;;103;3;3,1;
2026/08/08;1200 UTC;0;991,6;991,7;991,4;307,3;9,1;;9,1;7,9;;;;;;55;4,8;3,1;
2026/08/08;1300 UTC;0;991,8;991,8;991,6;432,2;9,2;;9,3;8,9;;;;;;32;4,8;1,7;
2026/08/08;1400 UTC;0;991,9;992,2;991,7;391;10,3;;10,3;9,2;;;;;;240;2,3;,6;
2026/08/08;1500 UTC;0;992;992;991,6;740,6;11,8;;11,8;10,3;;;;;;322;4,4;3,1;
2026/08/08;1600 UTC;0;991,4;992;991,4;1761,3;14,6;;15,1;11,9;;;;;;298;5,8;2,5;
2026/08/08;1700 UTC;0;991;991,5;991;2404,8;16;;16,2;14,7;;;;;;275;7,8;5,3;
2026/08/08;1800 UTC;0;991,6;991,7;991;2089,7;16,3;;16,4;15,2;;;;;;252;10;6,7;
2026/08/08;1900 UTC;0;992,4;992,4;991,5;1797,9;16,4;;16,7;15,3;;;;;;254;10,4;6,4;
2026/08/08;2000 UTC;0;993,3;993,3;992,4;1367,5;16,6;;17;16,5;;;;;;226;7,3;4,8;
2026/08/08;2100 UTC;0;994,3;994,3;993,3;227,5;14,5;;16,6;14,5;;;;;;222;8,5;3,1;
2026/08/08;2200 UTC;0;994,9;995;994,3;1,9;12,4;;14,4;12,4;;;;;;236;3,8;1,7;
2026/08/08;2300 UTC;0;996,1;996,1;994,9;0;11,6;;13;11,5;;;;;;54;3,3;,5;
2026/08/09;0000 UTC;0;996,7;996,7;996,1;0;9,9;;11,6;9,9;;;;;;23;1,9;1,5;
2026/08/09;0100 UTC;0;997,4;997,4;996,7;0;9,9;;10,2;9,6;;;;;;267;1,1;,2;
2026/08/09;0200 UTC;0;998,5;998,5;997,4;0;9,1;;10,1;9;;;;;;33;1,6;,5;
2026/08/09;0300 UTC;0;999;999,1;998,4;0;8,8;;9,3;8,8;;;;;;184;2;,6;
2026/08/09;0400 UTC;0;998,9;999,2;998,6;0;8,3;;9,7;8,3;;;;;;220;2,8;,7;
2026/08/09;0500 UTC;0;999,6;999,7;998,8;0;7,7;;8,3;7,3;;;;;;318;1,3;,7;
2026/08/09;0600 UTC;0;1000,4;1000,4;998,9;0;7,4;;8,1;7,3;;;;;;259;3;1,7;
2026/08/09;0700 UTC;0;1002;1002;1000,5;0;8;;8,5;7,4;;;;;;243;4,2;2,6;
2026/08/09;0800 UTC;0;1002,2;1002,3;1001,9;0;7,8;;8,1;7,5;;;;;;214;2,8;1,9;
2026/08/09;0900 UTC;0;1002,2;1002,5;1002,2;0;7;;7,8;6,3;;;;;;191;3,7;1,9;
2026/08/09;1000 UTC;0;1002,5;1002,6;1002,2;0;5,2;;7,3;5,2;;;;;;92;4,7;1,1;
2026/08/09;1100 UTC;0;1002;1002,5;1002;43,7;6,3;;6,3;5,1;;;;;;131;3,9;2;
2026/08/09;1200 UTC;0;1002,4;1002,4;1001,9;646,6;8,9;;8,9;6,4;;;;;;117;4,8;2,3;
2026/08/09;1300 UTC;0;1003,6;1003,6;1002,4;1704,8;10,7;;10,7;8,9;;;;;;96;7,4;3,7;
2026/08/09;1400 UTC;0;1004,5;1004,7;1003,7;2048,5;12,2;;12,3;10,7;;;;;;115;6,4;2,5;
2026/08/09;1500 UTC;0;1004,8;1004,8;1004,4;2484;13,2;;13,2;12;;;;;;125;5,7;2,3;
2026/08/09;1600 UTC;0;1004,9;1005;1004,8;2570,7;14,4;;14,5;12,6;;;;;;74;5,5;1,5;
2026/08/09;1700 UTC;0;1004,6;1004,9;1004,6;2609,8;14,8;;14,8;13,8;;;;;;148;4,7;2,1;
2026/08/09;1800 UTC;0;1004,4;1004,6;1004,4;2221,6;15;;15,3;14,6;;;;;;184;6;2,6;
2026/08/09;1900 UTC;0;1004,6;1004,7;1004,4;1766,9;14,8;;15,3;14,8;;;;;;175;6,3;3,2;
2026/08/09;2000 UTC;0;1005,2;1005,2;1004,6;1080,3;14,8;;15,2;14,8;;;;;;177;7,1;3;
2026/08/09;2100 UTC;0;1005,9;1005,9;1005,3;308,6;13,3;;14,8;13,3;;;;;;157;4,3;,8;
2026/08/09;2200 UTC;0;1006,4;1006,4;1005,9;1,1;10,4;;13,2;10,2;;;;;;199;2,4;1,1;
2026/08/09;2300 UTC;0;1007,1;1007,1;1006,4;0;10,5;;12,1;10,5;;;;;;179;5,3;2,4;
2026/08/10;0000 UTC;0;1007,7;1007,7;1007,1;0;9,5;;10,5;9,2;;;;;;178;5,4;2,5;
2026/08/10;0100 UTC;0;1008,3;1008,4;1007,8;0;8,7;;9,5;8,4;;;;;;132;5,4;1,9;
2026/08/10;0200 UTC;0;1009,2;1009,2;1008,3;0;8,6;;9;8,5;;;;;;147;4,1;2,2;
2026/08/10;0300 UTC;0;1010;1010;1009,3;0;8;;8,5;8;;;;;;123;4;1,4;
2026/08/10;0400 UTC;0;1009,9;1010;1009,8;0;7,6;;7,9;7,4;;;;;;148;3,7;2,2;
2026/08/10;0500 UTC;0;1010,3;1010,3;1009,8;0;6,6;;7,6;6,6;;;;;;166;3,3;,9;
2026/08/10;0600 UTC;0;1011;1011;1010,3;0;6,5;;6,9;6,5;;;;;;182;3,6;1,2;
2026/08/10;0700 UTC;0;1011,1;1011,1;1010,9;0;6,1;;6,7;6,1;;;;;;182;5,5;2,8;
2026/08/10;0800 UTC;0;1012;1012;1011,1;0;5,4;;6;5,4;;;;;;183;5,2;1,3;
2026/08/10;0900 UTC;0;1012,6;1012,6;1012,1;0;4,5;;5,4;4,1;;;;;;136;3,4;1,9;
2026/08/10;1000 UTC;0;1013,3;1013,4;1012,6;0;5,3;;5,3;4,3;;;;;;141;5,8;2,9;
2026/08/10;1100 UTC;0;1014,1;1014,1;1013,2;24;5,1;;5,9;5;;;;;;148;6,4;2,7;
2026/08/10;1200 UTC;0;1015,2;1015,2;1014,2;273,3;8,3;;8,3;5,1;;;;;;120;6,2;2,3;
2026/08/10;1300 UTC;0;1015,2;1015,4;1015,1;1426;9,8;;9,8;8,4;;;;;;130;8,5;4,3;
2026/08/10;1400 UTC;0;1015,2;1015,4;1015,2;2089,6;11,3;;11,4;9,8;;;;;;116;9,6;3,9;
2026/08/10;1500 UTC;0;1014,9;1015,3;1014,7;2346,8;11,7;;12,2;11,4;;;;;;123;10,1;4,4;
2026/08/10;1600 UTC;0;1014,1;1014,9;1014,1;2519,9;13,2;;13,6;11,9;;;;;;134;8,4;4;
2026/08/10;1700 UTC;0;1013,8;1014,2;1013,7;2419,3;13,9;;14,2;13,2;;;;;;129;9,9;3,9;
2026/08/10;1800 UTC;0;1013,5;1013,9;1013,5;1971;14,2;;14,3;13,3;;;;;;139;8,7;3,7;
2026/08/10;1900 UTC;0;1013,2;1013,5;1013,1;1529,7;14;;14,3;13,8;;;;;;114;7;3,3;
2026/08/10;2000 UTC;0;1012,9;1013,3;1012,9;786,5;13,3;;13,9;13,3;;;;;;133;8,8;3;
2026/08/10;2100 UTC;0;1013,1;1013,2;1012,9;251,5;11,7;;13,2;11,7;;;;;;122;6,2;1,4;
2026/08/10;2200 UTC;0;1013;1013,3;1012,9;,8;10,3;;11,6;10,3;;;;;;116;4;1,6;
2026/08/10;2300 UTC;0;1013,3;1013,5;1012,8;0;10,5;;10,9;10,3;;;;;;145;5,9;3,2;
2026/08/11;0000 UTC;0;1013,2;1013,5;1013,2;0;10,1;;10,5;10;;;;;;117;7,4;3,8;
2026/08/11;0100 UTC;0;1013,4;1013,5;1013,3;0;9,2;;10;9,2;;;;;;108;8,9;3,3;
2026/08/11;0200 UTC;0;1013,2;1013,4;1013,2;0;8,8;;9,3;8,8;;;;;;111;8,6;3;
2026/08/11;0300 UTC;0;1013;1013,3;1013;0;8,3;;8,8;8,3;;;;;;117;8,1;3,7;
2026/08/11;0400 UTC;0;1012,9;1013,1;1012,7;0;7,8;;8,3;7,8;;;;;;108;9,3;4,1;
2026/08/11;0500 UTC;0;1012,4;1012,9;1012,4;0;7,5;;7,8;7,5;;;;;;113;8,4;3,4;
2026/08/11;0600 UTC;0;1011,5;1012,4;1011,4;0;7,2;;7,5;7,2;;;;;;115;8;3,4;
2026/08/11;0700 UTC;0;1011,1;1011,5;1011;0;7;;7,2;6,9;;;;;;118;8;3;
2026/08/11;0800 UTC;0;1010,4;1011,1;1010,3;0;6,8;;7;6,8;;;;;;115;7,2;3;
2026/08/11;0900 UTC;0;1010,1;1010,5;1010;0;6,9;;7;6,8;;;;;;118;7,9;3,7;
2026/08/11;1000 UTC;0;1010,9;1010,9;1010,2;0;6,7;;6,9;6,7;;;;;;114;8,4;3;
2026/08/11;1100 UTC;0;1010,9;1011;1010,5;64,3;6,8;;6,8;6,7;;;;;;107;7,8;3,8;
2026/08/11;1200 UTC;0;1011,1;1011,2;1010,8;435,9;7,9;;7,9;6,8;;;;;;111;8,9;3,7;
2026/08/11;1300 UTC;0;1011,4;1011,5;1011,1;795,7;9,2;;9,2;7,9;;;;;;105;9,7;4;
2026/08/11;1400 UTC;0;1011,3;1011,5;1011,2;739,2;10,1;;10,1;9,2;;;;;;113;9;4,2;
2026/08/11;1500 UTC;0;1010,3;1011,3;1010,3;907;11,4;;11,5;10,1;;;;;;104;12,5;6;
2026/08/11;1600 UTC;0;1009,9;1010,5;1009,9;711,3;11,7;;11,7;11,4;;;;;;104;10,9;3,9;
2026/08/11;1700 UTC;0;1009,1;1009,9;1009,1;458;11,6;;11,9;11,5;;;;;;111;9,8;3,4;
2026/08/11;1800 UTC;0;1008,5;1009,1;1008,4;393,7;11,7;;11,7;11,6;;;;;;108;7,9;3,7;
2026/08/11;1900 UTC;0;1007,8;1008,6;1007,8;230,2;11,5;;11,8;11,5;;;;;;103;7,7;3,7;
2026/08/11;2000 UTC;0;1007,3;1007,8;1007,3;108,4;11,7;;11,7;11,5;;;;;;105;7,7;3,1;
2026/08/11;2100 UTC;0;1007,1;1007,3;1006,8;36;11,6;;11,7;11,6;;;;;;105;8,4;3,9;
2026/08/11;2200 UTC;0;1007,2;1007,3;1007;0;11,5;;11,8;11,5;;;;;;106;8,2;3;
2026/08/11;2300 UTC;,6;1007,4;1007,5;1007,1;0;11,5;;11,8;11,5;;;;;;104;7,1;3,5;
2026/08/12;0000 UTC;,4;1007,2;1007,4;1007,1;0;11,4;;11,4;11,3;;;;;;103;7,8;3,3;
2026/08/12;0100 UTC;0;1006,2;1007,2;1006,2;0;11,6;;11,6;11,4;;;;;;103;7,8;4,2;
2026/08/12;0200 UTC;,6;1005,8;1006,2;1005,8;0;11,4;;11,6;11,4;;;;;;106;9,3;3,8;
2026/08/12;0300 UTC;2,5;1005,2;1005,8;1005,2;0;11,1;;11,4;11,1;;;;;;106;9,5;4,1;
2026/08/12;0400 UTC;6;1004,5;1005,5;1004,5;0;11;;11,1;11;;;;;;98;9,7;4,8;
2026/08/12;0500 UTC;2,1;1004,2;1004,5;1003,5;0;11;;11;10,9;;;;;;109;9,6;3,6;
2026/08/12;0600 UTC;1,6;1004,1;1004,3;1004;0;11,1;;11,1;11;;;;;;128;7,4;2,8;
2026/08/12;0700 UTC;,6;1003,2;1004,1;1003,2;0;11,1;;11,1;11;;;;;;108;6,5;2,7;
2026/08/12;0800 UTC;3,3;1002,1;1003,2;1002,1;0;11,1;;11,1;11,1;;;;;;110;6,4;2,7;
2026/08/12;0900 UTC;3,1;1002,1;1002,3;1001,8;0;11,2;;11,2;11,1;;;;;;102;6,6;3,8;
2026/08/12;1000 UTC;4,3;1002,1;1002,2;1001,7;0;11,3;;11,3;11,2;;;;;;105;6,8;2,9;
2026/08/12;1100 UTC;;;;;;;;;;;;;;;;;;
2026/08/12;1200 UTC;7;1002,3;1002,3;1001,8;42,9;11,7;;11,7;11,6;;;;;;97;8,9;3,9;
2026/08/12;1300 UTC;3,9;1002,1;1002,4;1001,9;106,9;11,9;;11,9;11,7;;;;;;96;6,4;3,8;
2026/08/12;1400 UTC;1,8;1001,7;1002,2;1001,7;241,1;12,3;;12,3;11,9;;;;;;92;7,4;4,3;
2026/08/12;1500 UTC;0;1001;1001,7;1001;382,6;12,7;;12,8;12,3;;;;;;100;7,9;3,9;
2026/08/12;1600 UTC;0;999,7;1000,9;999,7;329,3;12,9;;12,9;12,7;;;;;;99;7,5;4,2;
2026/08/12;1700 UTC;0;998,6;999,7;998,6;220,9;13,1;;13,1;12,9;;;;;;101;6,2;2,5;
2026/08/12;1800 UTC;0;998;998,6;998;205,2;13,3;;13,4;13;;;;;;124;5,9;1,2;
2026/08/12;1900 UTC;0;997,6;998,1;997,6;146,2;13,1;;13,4;13,1;;;;;;145;4,3;2,3;
2026/08/12;2000 UTC;0;997,4;997,6;997,3;122,8;13,3;;13,3;13,1;;;;;;112;3,9;1,4;
2026/08/12;2100 UTC;;;;;;;;;;;;;;;;;;
2026/08/12;2200 UTC;0;998;998,1;997,8;0;13,1;;13,2;13,1;;;;;;117;2,6;1,2;
2026/08/12;2300 UTC;,4;998,7;998,7;998;0;13,1;;13,1;13,1;;;;;;117;2,9;1,1;
2026/08/13;0000 UTC;,2;998,9;999;998,6;0;13,1;;13,1;13,1;;;;;;97;3,5;1,7;
2026/08/13;0100 UTC;,4;998,8;999,3;998,7;0;13,2;;13,2;13,1;;;;;;110;2,3;1,1;
2026/08/13;0200 UTC;1,4;999,7;999,8;998,9;0;13,2;;13,2;13,2;;;;;;175;1,9;,9;
2026/08/13;0300 UTC;,4;999,2;1000;999,2;0;13,2;;13,3;13,2;;;;;;113;2,6;1,3;
2026/08/13;0400 UTC;0;999,5;999,8;998,9;0;13,4;;13,4;13,2;;;;;;130;4;1,4;
2026/08/13;0500 UTC;,4;999,5;999,7;999;0;13,3;;13,4;13,3;;;;;;112;4,7;1,2;
2026/08/13;0600 UTC;0;999,1;999,9;999,1;0;13,5;;13,5;13,3;;;;;;123;4,7;2;
2026/08/13;0700 UTC;,2;998,2;999,2;998,2;0;13,4;;13,5;13,4;;;;;;115;4,8;2,4;
2026/08/13;0800 UTC;,6;999,1;999,1;997,7;0;13,5;;13,5;13,4;;;;;;200;5,4;2,5;
2026/08/13;0900 UTC;,6;999,7;999,8;999,1;0;13,5;;13,5;13,5;;;;;;127;5;1,8;
2026/08/13;1000 UTC;1,6;999,5;999,8;998,8;0;13,6;;13,6;13,4;;;;;;83;7,4;1,7;
2026/08/13;1100 UTC;0;1000,9;1001,2;999,6;8;13,9;;13,9;13,6;;;;;;108;5,1;2,3;
2026/08/13;1200 UTC;0;1000,3;1001;1000;234,8;14,1;;14,2;13,7;;;;;;105;6,9;3,5;
2026/08/13;1300 UTC;0;1001,4;1001,4;1000,2;484,4;14,5;;14,5;14;;;;;;99;9,2;4,9;
2026/08/13;1400 UTC;0;1001,7;1001,7;1001,3;723,4;15,5;;15,5;14,5;;;;;;102;8,2;3,7;
2026/08/13;1500 UTC;0;1001,8;1001,9;1001,6;1499,5;16;;16,6;15,5;;;;;;112;10;2,7;
2026/08/13;1600 UTC;0;1001,6;1002;1001,6;825,8;16,2;;16,2;16;;;;;;123;6;2,1;
2026/08/13;1700 UTC;0;1000,9;1001,6;1000,9;784,8;16,4;;16,6;16,1;;;;;;118;5,5;2,8;
2026/08/13;1800 UTC;0;1000,8;1000,9;1000,6;1083,8;16,1;;16,7;15,8;;;;;;125;7,1;3,1;
2026/08/13;1900 UTC;0;1001,2;1001,2;1000,8;638;15,9;;16,3;15,8;;;;;;113;6,2;2,5;
2026/08/13;2000 UTC;0;1001,5;1001,5;1001,2;151,6;15;;15,8;15;;;;;;136;6,4;2,8;
2026/08/13;2100 UTC;0;1002;1002;1001,5;23,5;14,3;;14,9;14,2;;;;;;128;7,4;3,3;
2026/08/13;2200 UTC;0;1003;1003,1;1002;,4;13,7;;14,3;13,7;;;;;;134;8,2;3,1;
2026/08/13;2300 UTC;0;1003,7;1003,7;1003;0;13,6;;13,8;13,6;;;;;;120;8;3,7;
2026/08/14;0000 UTC;,2;1003,9;1003,9;1003,7;0;13,2;;13,6;13,2;;;;;;130;9;3,9;
2026/08/14;0100 UTC;0;1003,8;1004;1003,7;0;12,8;;13,2;12,7;;;;;;122;8,2;3,8;
2026/08/14;0200 UTC;0;1004;1004;1003,7;0;12,9;;13;12,7;;;;;;111;9,6;4,1;
2026/08/14;0300 UTC;0;1004,5;1004,5;1004;0;12,7;;12,9;12,7;;;;;;109;8,3;3,4;
2026/08/14;0400 UTC;0;1004,3;1004,7;1004,3;0;12,5;;12,7;12,5;;;;;;108;9,1;2,7;
2026/08/14;0500 UTC;0;1003,7;1004,3;1003,7;0;12;;12,5;12;;;;;;118;7,4;3;
2026/08/14;0600 UTC;0;1003,2;1003,7;1003,2;0;11,8;;12;11,8;;;;;;121;7;2,6;
2026/08/14;0700 UTC;0;1003,3;1003,4;1003,1;0;11,9;;11,9;11,8;;;;;;110;6,1;2,9;
2026/08/14;0800 UTC;,2;1003,4;1003,5;1003,3;0;11,9;;11,9;11,9;;;;;;109;5,7;2,3;
2026/08/14;0900 UTC;0;1003,3;1003,4;1003,2;0;12,1;;12,1;11,9;;;;;;110;6,3;3,1;
2026/08/14;1000 UTC;0;1004;1004,1;1003,3;0;12,3;;12,3;12,1;;;;;;100;7;3,8;
2026/08/14;1100 UTC;;;;;;;;;;;;;;;;;;
2026/08/14;1200 UTC;0;1005,2;1005,2;1004,5;207,1;12,9;;12,9;12,3;;;;;;111;5,3;2,5;
2026/08/14;1300 UTC;0;1005,1;1005,3;1005,1;409,1;13,4;;13,5;12,8;;;;;;106;6,8;3;
2026/08/14;1400 UTC;0;1005,1;1005,3;1005,1;478,8;14;;14;13,5;;;;;;112;7,4;2,9;
2026/08/14;1500 UTC;0;1004,6;1005,2;1004,6;589,2;14,7;;14,7;14;;;;;;106;7,7;3,7;
2026/08/14;1600 UTC;,2;1004,3;1004,7;1004,2;608,5;15,3;;15,3;14,7;;;;;;98;9,3;4,2;
2026/08/14;1700 UTC;0;1003,5;1004,3;1003,5;432,5;15,8;;15,8;15,3;;;;;;92;8,4;3,4;
2026/08/14;1800 UTC;0;1002,8;1003,6;1002,8;492;16,2;;16,2;15,8;;;;;;98;8;3,9;
2026/08/14;1900 UTC;0;1002,6;1003,3;1002,6;307,8;16;;16,3;16;;;;;;91;6,9;3,3;
2026/08/14;2000 UTC;0;1001,8;1002,8;1001,6;269,6;15,8;;16,2;15,8;;;;;;89;6,8;3;
2026/08/14;2100 UTC;0;1001,9;1002,4;1001,8;76,4;15,4;;15,8;15,4;;;;;;111;4,9;2,1;
2026/08/14;2200 UTC;0;1001,5;1002,1;1001,4;3,2;15,4;;15,5;15,3;;;;;;111;7,1;2,8;
2026/08/14;2300 UTC;0;1002,5;1002,5;1001,3;0;15,2;;15,3;15,2;;;;;;120;7,7;2;
2026/08/15;0000 UTC;0;1002,4;1002,6;1002,1;0;14,9;;15,2;14,9;;;;;;107;6,6;2,3;
2026/08/15;0100 UTC;0;1002,9;1002,9;1002;0;15;;15,1;14,9;;;;;;106;7,4;2,4;
2026/08/15;0200 UTC;0;1002,6;1003;1002,5;0;14,9;;15;14,9;;;;;;104;6,7;2,8;
2026/08/15;0300 UTC;0;1002,5;1002,8;1002,4;0;14,9;;14,9;14,9;;;;;;104;6,4;2,4;
2026/08/15;0400 UTC;0;1002,6;1002,8;1002,5;0;14,9;;15;14,9;;;;;;113;4,7;2;
2026/08/15;0500 UTC;0;1002,4;1002,7;1002,4;0;14,8;;14,9;14,7;;;;;;109;4,7;2,2;
2026/08/15;0600 UTC;0;1002,1;1002,3;1002,1;0;14,7;;14,7;14,6;;;;;;126;5,3;2,5;
2026/08/15;0700 UTC;0;1001,4;1002,1;1001,3;0;14,6;;14,7;14,6;;;;;;108;6,2;2,6;
2026/08/15;0800 UTC;0;1000,8;1001,4;1000,8;0;14,5;;14,6;14,5;;;;;;103;5,7;2,8;
2026/08/15;0900 UTC;0;1000,7;1000,8;1000,6;0;14,4;;14,5;14,4;;;;;;103;6,2;3;
2026/08/15;1000 UTC;0;1001,1;1001,1;1000,6;0;14,4;;14,4;14,4;;;;;;107;5,6;2,3;
2026/08/15;1100 UTC;0;1001,3;1001,4;1001,1;43,6;14,6;;14,6;14,4;;;;;;100;5,6;3,4;
2026/08/15;1200 UTC;0;1001,5;1001,6;1001,3;364,8;15,6;;15,6;14,6;;;;;;100;7,1;4,3;
2026/08/15;1300 UTC;0;1001,6;1001,7;1001,5;991;17,4;;17,5;15,6;;;;;;103;6,2;3,1;
2026/08/15;1400 UTC;0;1001,7;1001,8;1001,5;2025,2;19,4;;19,4;17,4;;;;;;114;6;2,7;
2026/08/15;1500 UTC;0;1001,2;1001,7;1001,2;1843,2;20;;20,2;19,3;;;;;;113;6,5;2,9;
2026/08/15;1600 UTC;0;1000,5;1001,2;1000,5;1548,6;20,9;;20,9;20;;;;;;109;6,5;2,2;
2026/08/15;1700 UTC;0;999,4;1000,4;999,4;1113,4;21,3;;21,3;20,9;;;;;;114;5;2,4;
2026/08/15;1800 UTC;0;998,7;999,4;998,7;931,5;21,5;;21,6;21,3;;;;;;107;5,3;2,3;
2026/08/15;1900 UTC;0;998;998,8;998;442;21;;21,5;21;;;;;;110;4,7;2,1;
2026/08/15;2000 UTC;0;997,6;998;997,4;442,4;21,3;;21,4;20,8;;;;;;107;5,1;2,7;
2026/08/15;2100 UTC;0;997,2;997,6;997,2;222,9;19,9;;21,2;19,9;;;;;;105;6;2,9;
2026/08/15;2200 UTC;0;996,9;997,2;996,7;2,4;19,1;;19,9;19,1;;;;;;115;5,9;1,4;
2026/08/15;2300 UTC;0;997,2;997,2;996,9;0;19,4;;19,4;19,1;;;;;;110;5,2;2,1;
2026/08/16;0000 UTC;;;;;;;;;;;;;;;;;;
2026/08/16;0100 UTC;0;997,2;997,4;997,2;0;19,3;;19,3;19;;;;;;117;4,3;1,7;
2026/08/16;0200 UTC;0;997,5;997,5;997,2;0;19,3;;19,4;19,3;;;;;;124;4,1;2,1;
2026/08/16;0300 UTC;0;997,2;997,6;997,2;0;18,9;;19,3;18,9;;;;;;105;4,6;,8;
2026/08/16;0400 UTC;0;997,3;997,4;997,2;0;18,8;;18,9;18,7;;;;;;128;4,7;2;
2026/08/16;0500 UTC;0;997;997,5;996,9;0;18,8;;18,9;18,7;;;;;;131;3,4;1,7;
2026/08/16;0600 UTC;0;996,1;996,9;996;0;18,8;;18,8;18,7;;;;;;116;2,9;1,4;
2026/08/16;0700 UTC;0;995,6;996,2;995,6;0;20,3;;20,3;18,7;;;;;;77;3,5;1,8;
2026/08/16;0800 UTC;0;995,2;995,6;995;0;18,5;;21,2;18,5;;;;;;150;4,1;1,4;
2026/08/16;0900 UTC;0;994,2;995,3;994,2;0;19,5;;19,5;18,2;;;;;;99;3,9;2,4;
2026/08/16;1000 UTC;0;995;995;994;0;21,5;;21,6;19,5;;;;;;69;6,5;1,7;
2026/08/16;1100 UTC;,2;996,9;996,9;995;3,4;17,8;;21,4;17,8;;;;;;213;6,2;3,9;
2026/08/16;1200 UTC;1,8;996,9;997,6;996,7;52;19,3;;19,3;17,5;;;;;;29;5,1;,9;
2026/08/16;1300 UTC;,2;996,4;997,2;995,5;255,5;21,2;;21,3;19;;;;;;348;4;1,3;
2026/08/16;1400 UTC;,4;995,6;996,4;995,3;428,9;22,4;;22,4;20,6;;;;;;101;3,9;1,5;
2026/08/16;1500 UTC;0;995,5;996;995,4;576,2;21,5;;23,1;21,5;;;;;;124;6,1;2,9;
2026/08/16;1600 UTC;0;995,6;996,1;995,5;714,7;19,9;;21,4;19,9;;;;;;122;7,9;3,8;
2026/08/16;1700 UTC;,2;994,8;996,2;994,6;505,3;19,5;;19,9;19;;;;;;100;11,9;5,9;
2026/08/16;1800 UTC;0;994,7;995;994,5;598,7;20,1;;20,1;19,5;;;;;;110;11,6;3,3;
2026/08/16;1900 UTC;0;994,4;994,8;994,4;804,1;20,8;;20,9;20,1;;;;;;109;7;2,8;
2026/08/16;2000 UTC;0;994,4;994,4;994,2;695,6;21,7;;21,7;20,8;;;;;;133;6,2;2,6;
2026/08/16;2100 UTC;0;994,2;994,5;994,2;252,8;20,2;;21,6;20,2;;;;;;132;5,4;2,5;
2026/08/16;2200 UTC;0;994,3;994,3;994;5,5;19,5;;20,2;19,4;;;;;;130;5,6;2,3;
2026/08/16;2300 UTC;0;994,5;994,5;994,3;0;18,8;;19,5;18,7;;;;;;125;4;1,6;
2026/08/17;0000 UTC;0;994,8;994,8;994,5;0;18,7;;19;18,6;;;;;;120;4,1;1,6;
2026/08/17;0100 UTC;0;995;995;994,8;0;18,4;;18,9;18,4;;;;;;95;4,2;3;
2026/08/17;0200 UTC;0;995;995;994,9;0;18,3;;18,5;18,1;;;;;;97;3,9;2,1;
2026/08/17;0300 UTC;0;995,2;995,2;995;0;18,1;;18,3;17,9;;;;;;107;3,5;1,5;
2026/08/17;0400 UTC;0;995,3;995,4;995,1;0;17,7;;18,2;17,6;;;;;;149;2,8;1,5;
2026/08/17;0500 UTC;0;995,3;995,4;995,2;0;17,6;;18,1;17,6;;;;;;118;2,6;,9;
2026/08/17;0600 UTC;;;;;;;;;;;;;;;;;;
2026/08/17;0700 UTC;0;993,8;994,8;993,8;0;18;;18;17,2;;;;;;92;2;1,1;
2026/08/17;0800 UTC;0;993,2;993,8;993,2;0;19,1;;19,1;16,8;;;;;;57;3,4;1,9;
2026/08/17;0900 UTC;0;992,9;993,2;992,8;0;23;;23;19,4;;;;;;26;8;4,1;
2026/08/17;1000 UTC;0;994;994;992,9;0;22,9;;23,3;22,8;;;;;;9;8,4;,8;
2026/08/17;1100 UTC;0;994,5;994,5;994;89,1;21,9;;22,9;21,3;;;;;;72;2,6;1,3;
2026/08/17;1200 UTC;0;995,3;995,3;994,5;266,3;24,6;;24,6;22,1;;;;;;18;6,8;3,1;
2026/08/17;1300 UTC;0;995,6;995,6;995,3;398,5;25,3;;25,4;24,4;;;;;;4;4,7;2,2;
2026/08/17;1400 UTC;0;995,9;996;995,6;932,3;28,1;;28,1;25,4;;;;;;345;7,5;2,9;
2026/08/17;1500 UTC;0;996,6;996,6;995,9;2325,9;30,8;;30,9;28,2;;;;;;338;9,5;3,4;
2026/08/17;1600 UTC;0;996,4;996,7;996,4;1320,8;29,6;;30,8;29,3;;;;;;336;7,3;,9;
2026/08/17;1700 UTC;0;995,5;996,4;995,5;762,2;25,8;;29,7;25,7;;;;;;156;4,4;1,9;
2026/08/17;1800 UTC;0;995,1;995,4;995,1;1021,1;25,4;;26,1;25,4;;;;;;133;6,7;3,4;
2026/08/17;1900 UTC;0;994,9;995,1;994,7;1595,3;25,6;;26,4;25,6;;;;;;114;7,3;3,8;
2026/08/17;2000 UTC;0;995,1;995,3;994,9;1072,1;24,1;;25,7;24,1;;;;;;106;7,9;4,2;
2026/08/17;2100 UTC;0;995,3;995,3;995,1;287,9;22,1;;24,1;22,1;;;;;;111;7,1;3,3;
2026/08/17;2200 UTC;0;995,7;995,7;995,3;5,4;21,1;;22;21,1;;;;;;119;7,4;2,8;
2026/08/17;2300 UTC;0;996,2;996,2;995,6;0;20,7;;21,1;20,6;;;;;;116;7,3;2,9;
2026/08/18;0000 UTC;0;996,2;996,5;996,1;0;20,2;;20,7;20,2;;;;;;113;7;2,7;
2026/08/18;0100 UTC;0;995,8;996,2;995,8;0;19,6;;20;19,6;;;;;;114;4,7;2,4;
2026/08/18;0200 UTC;0;995,6;995,9;995,6;0;19,4;;19,7;19,2;;;;;;115;4,6;2,1;
2026/08/18;0300 UTC;0;996;996,3;995,5;0;18,7;;19,5;18,7;;;;;;98;4,8;3;
2026/08/18;0400 UTC;0;996,2;996,4;996;0;18,7;;18,9;18,6;;;;;;133;3,5;1,6;
2026/08/18;0500 UTC;0;997,4;997,4;996,2;0;18,4;;18,8;18,3;;;;;;213;7,7;2,4;
2026/08/18;0600 UTC;0;996,9;997,4;996,6;0;17,9;;18,3;17,9;;;;;;153;7,4;2,3;
2026/08/18;0700 UTC;0;996,8;997,2;996,6;0;17,3;;18;17,3;;;;;;65;4,3;1,7;
2026/08/18;0800 UTC;0;996,2;996,8;996,2;0;17,5;;17,5;17,3;;;;;;69;3,6;2,1;
2026/08/18;0900 UTC;0;996,8;996,8;996,2;0;18;;18;17,5;;;;;;77;4,6;2,2;
2026/08/18;1000 UTC;;;;;;;;;;;;;;;;;;
2026/08/18;1100 UTC;0;998;998,2;997,6;44,8;18,6;;18,7;18,2;;;;;;88;5,2;3,1;
2026/08/18;1200 UTC;0;998,5;998,5;997,9;335,3;19,7;;19,7;18,7;;;;;;119;5,8;1,7;
2026/08/18;1300 UTC;0;999,2;999,2;998,4;807,8;20,9;;21,1;19,7;;;;;;92;5,1;2,1;
2026/08/18;1400 UTC;0;999,2;999,3;998,9;1201,5;21,3;;21,7;20,7;;;;;;108;4,4;1,9;
2026/08/18;1500 UTC;0;999,7;999,7;998,9;1218,2;21,6;;22,2;21,2;;;;;;211;4;2,1;
2026/08/18;1600 UTC;0;999,5;999,8;999,5;2001;23;;23,2;21,7;;;;;;187;3,8;1,8;
2026/08/18;1700 UTC;0;998,5;999,5;998,5;1391,3;23,5;;23,5;22,6;;;;;;128;3,6;1,1;
2026/08/18;1800 UTC;0;998,4;999,6;997,8;963,2;22,8;;24,3;22,7;;;;;;177;3,3;1,2;
2026/08/18;1900 UTC;0;999,3;999,3;998,3;671,2;23,3;;23,3;22,7;;;;;;269;3,2;1,8;
2026/08/18;2000 UTC;0;1000,4;1000,4;999,3;481,4;22,4;;23,2;22,4;;;;;;244;6,2;3,2;
2026/08/18;2100 UTC;0;1000,3;1000,6;999,9;87,8;21,7;;22,5;21,7;;;;;;27;4,7;1;
2026/08/18;2200 UTC;0;999,5;1000,4;999,5;1,6;21;;21,6;20,8;;;;;;91;1,8;1,1;
2026/08/18;2300 UTC;0;1000,8;1000,8;999,6;0;20,5;;21;20,4;;;;;;226;1,8;,7;
2026/08/19;0000 UTC;0;1002;1002,1;1000,6;0;19,5;;20,9;19,5;;;;;;258;11;7,6;
2026/08/19;0100 UTC;0;1002,1;1002,2;1001,8;0;18,7;;19,4;18,7;;;;;;271;9,6;3,4;
2026/08/19;0200 UTC;0;1001,5;1002,1;1001,4;0;18,1;;18,7;17,9;;;;;;0;4;1,2;
2026/08/19;0300 UTC;0;1001,8;1002,3;1001,3;0;17,4;;18,2;17,4;;;;;;315;8,2;1,2;
2026/08/19;0400 UTC;0;1002,1;1002,1;1001,1;0;17,3;;17,5;17,1;;;;;;268;5,7;3,9;
2026/08/19;0500 UTC;0;1002,1;1002,2;1001,7;0;17;;17,4;17;;;;;;283;5,6;2,1;
2026/08/19;0600 UTC;0;1002;1002,2;1001,7;0;17,1;;17,1;16,9;;;;;;267;4,2;2,3;
2026/08/19;0700 UTC;0;1002,2;1002,3;1002;0;16,8;;17,1;16,8;;;;;;288;4,1;1,5;
2026/08/19;0800 UTC;0;1002,2;1002,2;1001,7;0;16,4;;16,9;16,4;;;;;;290;3,9;1,7;
2026/08/19;0900 UTC;0;1002,6;1002,6;1002,2;0;16,4;;16,5;16,3;;;;;;278;3,4;,9;
2026/08/19;1000 UTC;0;1003,4;1003,6;1002,6;0;16,5;;16,6;16,4;;;;;;253;4,6;2,6;
2026/08/19;1100 UTC;0;1003,9;1004;1003,2;34,2;16,5;;16,5;16,3;;;;;;264;3,9;2,1;
2026/08/19;1200 UTC;0;1003,4;1004,1;1003,4;141,2;16,9;;16,9;16,4;;;;;;85;3,5;1,6;
2026/08/19;1300 UTC;0;1003,6;1004,2;1003,4;241,6;17,1;;17,1;16,6;;;;;;162;4,7;2;
2026/08/19;1400 UTC;;;;;;;;;;;;;;;;;;
2026/08/19;1500 UTC;0;1004;1004,8;1004;313,1;17,7;;17,9;17,5;;;;;;55;2,6;1;
2026/08/19;1600 UTC;,2;1004;1004,2;1003,8;431,5;18,3;;18,3;17,6;;;;;;94;2,2;,9;
2026/08/19;1700 UTC;,2;1003,5;1004;1003,5;187,6;17,7;;18,3;17,5;;;;;;104;3,6;,8;
2026/08/19;1800 UTC;0;1002,5;1003,5;1002,5;252,1;18;;18,1;17,7;;;;;;100;3,9;2,4;
2026/08/19;1900 UTC;0;1001,7;1002,5;1001,7;275,2;17,9;;18,2;17,8;;;;;;112;4,8;2;
2026/08/19;2000 UTC;;;;;;;;;;;;;;;;;;
2026/08/19;2100 UTC;1,6;1001,6;1002,4;1001,5;8,3;17,1;;17,5;17,1;;;;;;124;3,8;2,1;
2026/08/19;2200 UTC;1,2;1000;1001,6;1000;0;16,8;;17,1;16,8;;;;;;130;6,5;3,2;
2026/08/19;2300 UTC;,2;1000;1000,2;999,9;0;16,8;;16,8;16,7;;;;;;109;8,1;3,6;
2026/08/20;0000 UTC;0;1000,8;1000,8;1000,1;0;16,6;;16,8;16,6;;;;;;106;7,5;2,6;
2026/08/20;0100 UTC;0;1000,2;1000,8;1000,2;0;16,4;;16,7;16,4;;;;;;113;8,8;2,4;
2026/08/20;0200 UTC;0;999,6;1000,3;999,6;0;16,3;;16,5;16,3;;;;;;121;6,8;2,5;
2026/08/20;0300 UTC;,4;998,5;999,6;998,4;0;16,1;;16,3;16;;;;;;112;7,3;3,4;
2026/08/20;0400 UTC;0;997,6;998,6;997,6;0;16,2;;16,3;16,1;;;;;;110;8,7;3,6;
2026/08/20;0500 UTC;0;997,3;997,8;997;0;16,3;;16,4;16,2;;;;;;103;9,9;2,4;
2026/08/20;0600 UTC;,2;996,6;997,3;996,6;0;16,3;;16,4;16,2;;;;;;87;5,8;2,3;
2026/08/20;0700 UTC;,4;996,2;996,7;996,1;0;16,3;;16,5;16,3;;;;;;282;4,8;,9;
2026/08/20;0800 UTC;1,9;994,9;996,4;994,7;,2;14,9;;16,5;14,9;;;;;;338;3,1;,7;
2026/08/20;0900 UTC;1,4;995,4;996;994,8;0;14,7;;15;14,7;;;;;;313;9,6;2,7;
2026/08/20;1000 UTC;3,7;996,5;996,6;995,4;0;14,6;;14,9;14,6;;;;;;308;7,8;4;
2026/08/20;1100 UTC;,8;996,5;997,1;996,5;27,4;14,5;;14,8;14,5;;;;;;313;8,6;5,1;
2026/08/20;1200 UTC;1;997,1;997,6;996,5;141,3;14,1;;14,5;14,1;;;;;;310;9,7;4,9;
2026/08/20;1300 UTC;,2;997,8;997,9;997;401,8;14;;14,2;13,7;;;;;;309;12,9;6,7;
2026/08/20;1400 UTC;;;;;;;;;;;;;;;;;;
2026/08/20;1500 UTC;0;997,5;997,8;997,5;991,1;15,5;;15,8;15,1;;;;;;319;10,1;5,8;
2026/08/20;1600 UTC;0;996,8;997,5;996,8;751,2;15,4;;15,5;15;;;;;;312;9,6;5,8;
2026/08/20;1700 UTC;0;996,2;996,8;996,1;919,7;16;;16,1;15,3;;;;;;312;10,7;6,8;
2026/08/20;1800 UTC;0;995,7;996,2;995,6;1156,7;15,5;;16,1;15,2;;;;;;314;12,4;7,1;
2026/08/20;1900 UTC;,2;995,7;995,7;995,4;779,6;15,3;;15,8;15,3;;;;;;309;12,1;6,6;
2026/08/20;2000 UTC;0;996;996;995,5;695,2;14,2;;16,1;14,2;;;;;;302;12,4;6,8;
2026/08/20;2100 UTC;0;996,6;996,6;995,8;138,9;13,9;;14,2;13,7;;;;;;313;13,2;6,2;
2026/08/20;2200 UTC;0;997,1;997,1;996,5;,4;13,4;;13,9;13,4;;;;;;308;13,3;6;
2026/08/20;2300 UTC;0;997,7;997,7;997,1;0;13;;13,4;12,9;;;;;;316;11,7;6;
2026/08/21;0000 UTC;0;998,2;998,2;997,7;0;12,6;;13;12,6;;;;;;319;9,5;5,7;
2026/08/21;0100 UTC;0;998,5;998,5;998,1;0;12,4;;12,7;12,3;;;;;;319;11,2;6,4;
2026/08/21;0200 UTC;0;999,1;999,2;998,4;0;12;;12,5;12;;;;;;311;10,8;6;
2026/08/21;0300 UTC;0;999,6;999,6;999;0;11,7;;12,1;11,7;;;;;;302;9,4;2,9;
2026/08/21;0400 UTC;,2;1000,3;1000,3;999,6;0;11,8;;12;11,7;;;;;;261;10,1;7;
2026/08/21;0500 UTC;0;1000,5;1000,5;1000,1;0;10,2;;11,9;10,2;;;;;;275;9,8;5,2;
2026/08/21;0600 UTC;0;1000,7;1000,8;1000,3;0;9;;10,2;9;;;;;;275;8,1;4,3;
2026/08/21;0700 UTC;0;1000,2;1000,7;1000,2;0;8;;9;8;;;;;;299;6,1;1,8;
2026/08/21;0800 UTC;0;1000,6;1000,6;999,9;0;7,4;;8;7,4;;;;;;301;6,1;2,6;
2026/08/21;0900 UTC;0;1000,9;1000,9;1000,6;0;7,5;;7,5;7,3;;;;;;312;6,1;3,9;
2026/08/21;1000 UTC;0;1002;1002;1000,9;0;7,1;;7,5;7;;;;;;303;4,9;2;
2026/08/21;1100 UTC;0;1002,2;1002,4;1002;89,9;8,4;;8,4;6,9;;;;;;313;4,6;3,3;
2026/08/21;1200 UTC;0;1003,3;1003,3;1002,2;767,2;10,6;;10,6;8,4;;;;;;277;6;3,2;
2026/08/21;1300 UTC;0;1004,3;1004,3;1003,3;1360,4;11,3;;11,7;10,6;;;;;;231;8,2;5,2;
2026/08/21;1400 UTC;0;1004,6;1004,7;1004,2;873,6;11;;11,5;11;;;;;;222;7,7;3,9;
2026/08/21;1500 UTC;0;1004,8;1004,8;1004,5;926,2;11,7;;11,7;10,9;;;;;;250;6,1;2,4;
2026/08/21;1600 UTC;0;1004,8;1005;1004,7;1645,4;12,7;;12,7;11,6;;;;;;233;5,1;3;
2026/08/21;1700 UTC;0;1004,5;1004,9;1004,5;1960,9;13,9;;14;12,9;;;;;;250;6,3;3,4;
2026/08/21;1800 UTC;0;1004,3;1004,7;1004,3;1361,4;14,8;;15,1;13,5;;;;;;241;6,3;3,3;
2026/08/21;1900 UTC;0;1004,9;1004,9;1004,3;1435,4;15,5;;15,9;14,4;;;;;;280;7,3;1,9;
2026/08/21;2000 UTC;0;1005,3;1005,3;1004,9;1170,8;15,6;;16;15,1;;;;;;242;5,3;3,3;
2026/08/21;2100 UTC;0;1005,6;1005,7;1005,4;240;13,8;;15,6;13,8;;;;;;207;5,7;3,1;
2026/08/21;2200 UTC;0;1006,1;1006,1;1005,6;6,1;11,9;;13,7;11,9;;;;;;194;4,5;1,6;
2026/08/21;2300 UTC;0;1006,3;1006,4;1006,1;0;11;;11,9;11;;;;;;188;4,8;2,8;
2026/08/22;0000 UTC;;;;;;;;;;;;;;;;;;
2026/08/22;0100 UTC;0;1007,4;1007,4;1007;0;9,7;;10,8;9,6;;;;;;190;5,3;2,7;
2026/08/22;0200 UTC;0;1007,7;1007,7;1007,3;0;8,8;;9,7;8,8;;;;;;193;7,2;1,8;
2026/08/22;0300 UTC;0;1007,5;1007,8;1007,4;0;8,2;;8,8;8,2;;;;;;187;5;2,5;
2026/08/22;0400 UTC;0;1007,6;1007,6;1007,4;0;7,6;;8,3;7,5;;;;;;192;5,8;2,8;
2026/08/22;0500 UTC;0;1007,5;1007,7;1007,5;0;6,8;;7,6;6,8;;;;;;199;4,4;2,2;
2026/08/22;0600 UTC;0;1007,6;1007,6;1007,4;0;6,2;;6,9;6,1;;;;;;209;3,3;1,4;
2026/08/22;0700 UTC;0;1008;1008;1007,6;0;5,5;;6,2;5,3;;;;;;209;3,1;1,7;
2026/08/22;0800 UTC;0;1007,8;1008;1007,7;0;4,9;;5,4;4,6;;;;;;208;3,7;1,9;
2026/08/22;0900 UTC;;;;;;;;;;;;;;;;;;
2026/08/22;1000 UTC;0;1008,8;1008,8;1008,3;0;2,9;;4,2;2,8;;;;;;199;3,8;,6;
2026/08/22;1100 UTC;0;1009,4;1009,4;1008,8;45,7;4;;4;2,9;;;;;;234;1,7;1;
2026/08/22;1200 UTC;0;1010;1010,1;1009,4;482,1;6,3;;6,4;4;;;;;;193;2,7;1,3;
2026/08/22;1300 UTC;0;1010,7;1010,7;1010,1;1718,8;7,9;;8,1;6,3;;;;;;192;3,8;2;
2026/08/22;1400 UTC;0;1010,6;1010,8;1010,6;2325,7;9,5;;9,5;7,9;;;;;;199;4,7;2,3;
2026/08/22;1500 UTC;0;1009,8;1010,6;1009,8;2775,1;9,9;;10,3;9;;;;;;218;4,3;1,9;
2026/08/22;1600 UTC;0;1009;1009,8;1009;2809,3;11,2;;11,5;9,9;;;;;;165;4;1,2;
2026/08/22;1700 UTC;0;1008,2;1009;1008,2;2861,7;12,1;;12,4;10,7;;;;;;258;4,4;1,6;
2026/08/22;1800 UTC;0;1007,5;1008,2;1007,5;2447,9;13;;13,2;11,8;;;;;;349;4,3;1,7;
2026/08/22;1900 UTC;0;1006,9;1007,4;1006,9;1977,3;13;;13,5;12,6;;;;;;290;4,4;2,5;
2026/08/22;2000 UTC;0;1006,7;1006,9;1006,6;1223;13;;13,3;12,7;;;;;;292;4,5;2;
2026/08/22;2100 UTC;0;1006,6;1006,7;1006,6;318;11,6;;13,1;11,5;;;;;;297;3,6;,7;
2026/08/22;2200 UTC;0;1006,5;1006,6;1006,3;5,7;9,2;;11,4;9,2;;;;;;286;1,5;,5;
2026/08/22;2300 UTC;0;1006,9;1006,9;1006,5;0;8,1;;9,3;8,1;;;;;;199;1,8;,7;
2026/08/23;0000 UTC;0;1007,3;1007,3;1006,9;0;7,6;;8,8;7,6;;;;;;244;1,1;,7;
2026/08/23;0100 UTC;0;1007,4;1007,4;1007,3;0;6,6;;7,8;6,6;;;;;;74;2;,7;
2026/08/23;0200 UTC;0;1007,2;1007,5;1007,2;0;5,8;;6,6;5,6;;;;;;55;2,5;1,4;
2026/08/23;0300 UTC;0;1007,2;1007,2;1007;0;4,9;;5,9;4,8;;;;;;47;2,7;1,7;
2026/08/23;0400 UTC;0;1006,8;1007,2;1006,8;0;4,3;;5,2;4,2;;;;;;38;2,7;1,7;
2026/08/23;0500 UTC;0;1007,1;1007,1;1006,9;0;4,3;;4,5;4,1;;;;;;33;2;1,2;
2026/08/23;0600 UTC;0;1006,4;1007,1;1006,4;0;4,1;;4,4;4;;;;;;33;1,2;1,2;
2026/08/23;0700 UTC;0;1006,3;1006,5;1006,3;0;3,5;;4,2;3,4;;;;;;49;1,7;1,2;
2026/08/23;0800 UTC;0;1006,2;1006,5;1006,2;0;3,5;;3,7;3,2;;;;;;29;1,2;1;
2026/08/23;0900 UTC;;;;;;;;;;;;;;;;;;
2026/08/23;1000 UTC;0;1007,7;1007,7;1007;0;2,6;;3,2;2,3;;;;;;21;1,7;1,6;
2026/08/23;1100 UTC;0;1008,4;1008,4;1007,7;120,4;3,7;;3,7;2,4;;;;;;56;1,7;,8;
2026/08/23;1200 UTC;0;1009,1;1009,1;1008,4;667,5;7,6;;7,6;3,9;;;;;;24;2,3;1,4;
2026/08/23;1300 UTC;0;1009,7;1009,7;1009,1;1708,9;10,2;;10,2;7,6;;;;;;101;2,8;1,3;
2026/08/23;1400 UTC;0;1010,1;1010,1;1009,7;2309,5;12;;12;10,2;;;;;;169;5,5;2,5;
2026/08/23;1500 UTC;0;1009,6;1010;1009,6;2706,7;12,6;;12,8;11,8;;;;;;184;5,5;2,2;
2026/08/23;1600 UTC;0;1008,8;1009,6;1008,8;2928,4;13,3;;13,5;12,5;;;;;;173;8,4;2,7;
2026/08/23;1700 UTC;0;1008,2;1008,8;1008,2;2856,7;14,3;;14,5;13,3;;;;;;104;6,3;1,8;
2026/08/23;1800 UTC;0;1007,8;1008,1;1007,8;2483,5;14,6;;15,5;14,1;;;;;;173;4,3;1,7;
2026/08/23;1900 UTC;0;1007,4;1007,8;1007,3;1953,5;15;;15,6;14,6;;;;;;187;3,9;1,7;
2026/08/23;2000 UTC;;;;;;;;;;;;;;;;;;
2026/08/23;2100 UTC;;;;;;;;;;;;;;;;;;
2026/08/23;2200 UTC;0;1007,7;1007,7;1007,5;3,8;10,7;;13,2;10,6;;;;;;129;1,7;,9;
2026/08/23;2300 UTC;0;1008,2;1008,2;1007,7;0;10,2;;10,8;10;;;;;;121;1,5;,9;
2026/08/24;0000 UTC;0;1008,4;1008,5;1008,2;0;8,5;;10,8;8,5;;;;;;90;1,8;,3;
2026/08/24;0100 UTC;0;1007,8;1008,4;1007,8;0;8,6;;8,9;8,1;;;;;;130;2;,9;
2026/08/24;0200 UTC;0;1008;1008;1007,7;0;7;;8,8;7;;;;;;46;2,1;1,1;
2026/08/24;0300 UTC;0;1007,9;1008;1007,8;0;8,2;;8,4;6,7;;;;;;185;2,5;1;
2026/08/24;0400 UTC;0;1007,9;1008;1007,9;0;5,7;;8,2;5,1;;;;;;161;3,4;1;
2026/08/24;0500 UTC;0;1007,5;1007,9;1007,5;0;5,5;;6,7;5,5;;;;;;108;3,1;1;
2026/08/24;0600 UTC;0;1007,3;1007,5;1007,2;0;4,3;;5,4;4,3;;;;;;72;2,4;1;
2026/08/24;0700 UTC;0;1007,1;1007,3;1007;0;5,6;;5,6;4,1;;;;;;129;2,4;1,3;
2026/08/24;0800 UTC;0;1006,9;1007,2;1006,8;0;5,6;;5,9;5,5;;;;;;119;3,6;1,5;
2026/08/24;0900 UTC;0;1007,9;1007,9;1006,9;0;4,7;;5,6;4,4;;;;;;92;3,6;2;
2026/08/24;1000 UTC;0;1008,1;1008,1;1007,8;0;4,8;;4,9;4,6;;;;;;117;4,2;1,8;
2026/08/24;1100 UTC;0;1009,1;1009,1;1008,1;114,7;5,7;;5,7;4,8;;;;;;104;4,2;2,1;
2026/08/24;1200 UTC;0;1009,5;1009,5;1009;900,1;8;;8,7;5,7;;;;;;90;6,1;2,4;
2026/08/24;1300 UTC;0;1010,1;1010,1;1009,5;1199,3;9;;9;7,8;;;;;;101;5,7;2,9;
2026/08/24;1400 UTC;0;1009,7;1010,1;1009,7;2182,8;11,3;;11,6;9;;;;;;121;6;3;
2026/08/24;1500 UTC;0;1009,4;1010;1009,4;2683,6;12,3;;12,8;10,9;;;;;;113;7,3;3,1;
2026/08/24;1600 UTC;0;1007,7;1009,4;1007,7;2564,8;13,2;;13,3;12,1;;;;;;113;7,5;3,3;
2026/08/24;1700 UTC;0;1006,5;1007,7;1006,5;2386,5;14,3;;14,3;13,1;;;;;;115;7,8;3,4;
2026/08/24;1800 UTC;0;1005,7;1006,5;1005,7;2144,6;14,3;;14,5;13,8;;;;;;107;7,5;3,5;
2026/08/24;1900 UTC;0;1005,3;1005,7;1005,2;1526,5;13,5;;14,8;13,5;;;;;;131;6,8;3;
2026/08/24;2000 UTC;0;1005,3;1005,6;1005,3;592,9;12,7;;13,4;12,7;;;;;;131;6,9;2,9;
2026/08/24;2100 UTC;0;1005,5;1005,5;1005,2;235,9;11,8;;12,7;11,8;;;;;;138;6;2,4;
2026/08/24;2200 UTC;0;1004,8;1005,5;1004,8;9;10,3;;11,8;10,3;;;;;;122;4;1,3;
2026/08/24;2300 UTC;0;1004,8;1004,8;1004,4;0;9,7;;10,3;9,6;;;;;;124;3,3;1,5;
2026/08/25;0000 UTC;0;1005,6;1005,6;1004,8;0;9,6;;9,9;9,5;;;;;;145;3,9;1,5;
2026/08/25;0100 UTC;0;1005;1005,5;1004,9;0;8,8;;9,3;8,6;;;;;;120;3,3;1,2;
2026/08/25;0200 UTC;0;1005,1;1005,1;1004,8;0;8,5;;8,8;7,6;;;;;;121;3;1,4;
2026/08/25;0300 UTC;0;1004,7;1005,1;1004,7;0;8;;8,4;7,9;;;;;;121;4,9;2,1;
2026/08/25;0400 UTC;0;1004,5;1004,7;1004,4;0;7,5;;7,9;7,4;;;;;;120;5,5;2,7;
2026/08/25;0500 UTC;0;1003,5;1004,5;1003,5;0;6,8;;7,5;6,7;;;;;;109;5,9;2;
2026/08/25;0600 UTC;0;1003,8;1003,9;1003,4;0;6,4;;6,8;6,3;;;;;;128;7,8;3;
2026/08/25;0700 UTC;0;1003,4;1003,8;1003,3;0;6,2;;6,4;6,1;;;;;;111;7,2;2,3;
2026/08/25;0800 UTC;0;1003,3;1003,7;1003,3;0;5,8;;6,4;5,8;;;;;;105;6,4;3;
2026/08/25;0900 UTC;0;1002,8;1003,4;1002,8;0;5,6;;5,9;5,6;;;;;;97;7,3;4,1;
2026/08/25;1000 UTC;0;1003,8;1003,8;1002,5;,1;6,2;;6,2;5,5;;;;;;110;7;2,7;
2026/08/25;1100 UTC;0;1003,4;1003,9;1003,2;107,4;6,4;;6,4;6,1;;;;;;110;6,2;2,5;
2026/08/25;1200 UTC;0;1003,8;1004,5;1003,5;483,3;6,8;;6,9;6,3;;;;;;104;6,9;3,5;
2026/08/25;1300 UTC;0;1004,5;1004,5;1003,4;636;7,6;;7,6;6,8;;;;;;111;7,5;2,2;
2026/08/25;1400 UTC;0;1004,3;1004,7;1004,3;1677;11,3;;11,3;7,6;;;;;;94;6,7;3;
2026/08/25;1500 UTC;0;1003,5;1004,4;1003,5;2544;12,8;;12,8;10,9;;;;;;106;6,2;3;
2026/08/25;1600 UTC;0;1002,4;1003,5;1002,1;2471,5;14;;14;12,7;;;;;;106;6,3;2,8;
2026/08/25;1700 UTC;0;1001,5;1002,4;1001,5;2791,5;15,4;;15,5;14,1;;;;;;107;6,2;2,8;
2026/08/25;1800 UTC;0;1000,6;1001,6;1000,6;2461,9;16,8;;16,8;15,4;;;;;;106;5,6;2,9;
2026/08/25;1900 UTC;0;1000,4;1000,6;1000,4;1557,1;16,9;;17,1;16,3;;;;;;114;5,7;2,3;
2026/08/25;2000 UTC;0;999,8;1000,4;999,8;1199,7;16;;17,1;16;;;;;;127;4,9;2,4;
2026/08/25;2100 UTC;0;999,6;999,9;999,4;353;13,9;;15,8;13,9;;;;;;116;5,4;1,8;
2026/08/25;2200 UTC;0;999,6;999,8;999,4;6;13;;13,9;12,9;;;;;;122;4,8;1,9;
2026/08/25;2300 UTC;0;999,8;1000,1;999,6;0;12,6;;12,9;12,6;;;;;;118;5,6;2,5;
2026/08/26;0000 UTC;0;1000,3;1000,3;999,9;0;12,1;;12,5;11,9;;;;;;127;4,9;2,1;
2026/08/26;0100 UTC;0;1000;1000,3;999,9;0;11,7;;12,1;11,6;;;;;;104;5,5;2,5;
2026/08/26;0200 UTC;0;999,6;1000;999,2;0;11,4;;11,7;11,3;;;;;;118;6,4;2,2;
2026/08/26;0300 UTC;0;999,4;999,8;999,4;0;10,9;;11,4;10,9;;;;;;100;6,7;3,3;
2026/08/26;0400 UTC;0;1000;1000,1;999,2;0;11;;11;10,7;;;;;;123;6,2;2,8;
2026/08/26;0500 UTC;0;999,3;1000,1;999,3;0;10,7;;11;10,7;;;;;;109;7,1;3,5;
2026/08/26;0600 UTC;0;998,5;999,3;998,4;0;10,7;;10,8;10,7;;;;;;105;7,6;3;
2026/08/26;0700 UTC;0;997,7;998,5;997,7;0;10,7;;10,7;10,5;;;;;;103;7,4;3,8;
2026/08/26;0800 UTC;0;997,1;997,8;997;0;10,6;;10,7;10,6;;;;;;96;7,3;4,1;
2026/08/26;0900 UTC;0;997,2;997,2;996,9;0;10,8;;10,8;10,6;;;;;;117;6,5;1,7;
2026/08/26;1000 UTC;0;997,8;997,8;997,2;0;10,7;;10,8;10,7;;;;;;109;5,1;2,3;
2026/08/26;1100 UTC;0;998,1;998,1;997,8;45,8;10,9;;10,9;10,6;;;;;;94;7,2;3,6;
2026/08/26;1200 UTC;0;998,2;998,4;998;346,8;11,6;;11,6;10,9;;;;;;92;6,5;3;
2026/08/26;1300 UTC;0;997,9;998,4;997,9;840,4;13,7;;13,7;11,5;;;;;;87;5,6;2,4;
2026/08/26;1400 UTC;0;998,1;998,2;997,8;1908,2;16;;16,2;13,1;;;;;;115;5,1;2,5;
2026/08/26;1500 UTC;0;997,2;998,1;997,2;2602,1;17,8;;18,2;16,1;;;;;;103;5,9;3,3;
2026/08/26;1600 UTC;0;996;997,2;996;2263;19;;19,2;17,9;;;;;;119;6,9;3,1;
2026/08/26;1700 UTC;0;994,4;995,9;994,4;1995,6;20,6;;20,7;18,4;;;;;;122;6,6;2,4;
2026/08/26;1800 UTC;0;993,4;994,5;993,4;2155,8;21,5;;21,7;20,6;;;;;;113;5,4;2,5;
2026/08/26;1900 UTC;0;993;993,4;992,8;1628,5;21,9;;22,1;21,3;;;;;;126;5,8;2,7;
2026/08/26;2000 UTC;0;992,8;993;992,8;942,6;20,5;;22,1;20,5;;;;;;113;5,9;2,4;
2026/08/26;2100 UTC;0;992,5;992,8;992,5;355,4;19,6;;21;19,5;;;;;;118;6;2,3;
2026/08/26;2200 UTC;0;992,2;992,5;992,2;15,6;18,6;;19,6;18,5;;;;;;113;4,7;1,9;
2026/08/26;2300 UTC;0;992,6;992,7;992,2;0;18,1;;18,6;17,9;;;;;;108;3,9;2,2;
2026/08/27;0000 UTC;0;992,9;992,9;992,6;0;17,9;;18,2;17,7;;;;;;119;5,2;2,5;
2026/08/27;0100 UTC;0;992,7;992,8;992,7;0;17,5;;17,9;17,4;;;;;;100;5,1;2,8;
2026/08/27;0200 UTC;0;992,5;992,7;992,5;0;17,4;;17,5;17;;;;;;122;3,7;1,4;
2026/08/27;0300 UTC;0;992,3;992,5;992,3;0;17;;17,5;16,9;;;;;;117;3,1;1;
2026/08/27;0400 UTC;0;992,1;992,3;992,1;0;16,2;;17;16,2;;;;;;140;3,4;2,2;
2026/08/27;0500 UTC;0;991,6;992,1;991,6;0;16,6;;17;16,3;;;;;;126;3,7;1,4;
2026/08/27;0600 UTC;0;990,9;991,6;990,9;0;16,7;;16,9;16,4;;;;;;61;2,5;1,2;
2026/08/27;0700 UTC;0;990,8;990,9;990,8;0;20,3;;20,3;16,8;;;;;;16;4,8;2,1;
2026/08/27;0800 UTC;0;991,2;991,2;990,8;0;21,2;;21,3;20,4;;;;;;352;5,7;1,9;
2026/08/27;0900 UTC;0;991,6;991,6;991,2;0;21,5;;21,6;21,1;;;;;;11;6,7;3,3;
2026/08/27;1000 UTC;;;;;;;;;;;;;;;;;;
2026/08/27;1100 UTC;0;991,4;991,8;991,4;181,5;21,8;;21,9;21;;;;;;16;7,3;3,9;
2026/08/27;1200 UTC;0;991,4;991,6;991,3;622,8;23,3;;23,3;21,8;;;;;;6;10,6;4;
2026/08/27;1300 UTC;0;991,4;991,7;991,2;1584,5;25,1;;25,1;23,2;;;;;;5;9,8;5;
2026/08/27;1400 UTC;0;991,3;991,6;991,3;1932;25,9;;26,3;25,1;;;;;;354;10,7;4,7;
2026/08/27;1500 UTC;0;990,4;991,3;990,4;2452,9;27,6;;27,8;25,9;;;;;;357;11,6;4,3;
2026/08/27;1600 UTC;0;989,2;990,4;989,2;2308,5;28,9;;28,9;27;;;;;;344;9,9;4,4;
2026/08/27;1700 UTC;0;987,9;989,2;987,9;2597,4;29,6;;29,7;28,1;;;;;;349;11,4;5,7;
2026/08/27;1800 UTC;0;987,3;987,9;987,2;2317,2;30,1;;30,2;29,6;;;;;;345;11,8;5,1;
2026/08/27;1900 UTC;0;987;987,2;986,8;1769,7;30,2;;30,6;30,1;;;;;;338;11,4;5;
2026/08/27;2000 UTC;0;986,8;986,9;986,7;1108,1;29,8;;30,4;29,8;;;;;;345;9,8;2,9;
2026/08/27;2100 UTC;0;987;987;986,8;312,5;27,6;;29,8;27,6;;;;;;8;7,2;1,3;
2026/08/27;2200 UTC;0;987,4;987,4;986,9;7;26;;27,5;25,9;;;;;;358;2,2;,8;
2026/08/27;2300 UTC;0;988,2;988,2;987,5;0;25,3;;26,1;25,3;;;;;;11;2,8;1,4;
2026/08/28;0000 UTC;0;988,5;988,5;988,2;0;23,2;;25,3;22,6;;;;;;48;2,8;1,7;
2026/08/28;0100 UTC;0;988,4;988,6;988,4;0;22;;23,3;22;;;;;;47;2,7;2;
2026/08/28;0200 UTC;0;987,6;988,4;987,6;0;22,3;;22,4;21,3;;;;;;352;3,4;1,3;
2026/08/28;0300 UTC;0;988,1;988,1;987,6;0;21,2;;22,6;20,9;;;;;;342;2,9;,9;
2026/08/28;0400 UTC;0;987,9;988,1;987,9;0;21,7;;21,8;21,3;;;;;;353;2,8;,7;
2026/08/28;0500 UTC;0;987,5;988;987,5;0;22,4;;22,9;21,7;;;;;;197;5;2,2;
2026/08/28;0600 UTC;0;987;987,5;986,9;0;22,6;;23,2;21,4;;;;;;289;5,3;1,2;
2026/08/28;0700 UTC;0;985,7;987,2;985,7;0;24,2;;24,2;22,6;;;;;;348;6,2;2,4;
2026/08/28;0800 UTC;0;985,1;985,6;985,1;0;23,7;;24,3;23,6;;;;;;328;6,3;3,3;
2026/08/28;0900 UTC;0;985;985,1;984,8;0;24,9;;24,9;23,5;;;;;;338;9;4;
2026/08/28;1000 UTC;0;986,1;986,5;985;,5;20,7;;24,8;20,7;;;;;;199;14;3,7;
2026/08/28;1100 UTC;0;987,8;987,8;986,1;15,9;18,6;;20,5;18,5;;;;;;186;7,1;3,9;
2026/08/28;1200 UTC;1,2;988,3;988,7;987,6;32,6;18,8;;19,1;18,5;;;;;;110;7,3;3,2;
2026/08/28;1300 UTC;,2;988,6;989;988,2;290;17,1;;18,8;17;;;;;;98;11;5,7;
2026/08/28;1400 UTC;0;989,5;989,5;988,1;211,7;17,1;;17,1;16,9;;;;;;112;9,7;3,1;
2026/08/28;1500 UTC;0;990,4;990,8;989,5;129,7;16,9;;17,3;16,8;;;;;;153;10;4,8;
2026/08/28;1600 UTC;0;989,2;990,6;989;219,5;17,6;;17,6;16,9;;;;;;107;11,1;5,6;
2026/08/28;1700 UTC;0;988;989,9;987,1;248,6;17,3;;17,6;17;;;;;;91;14;7,2;
2026/08/28;1800 UTC;,4;987,3;990,5;987,3;76,2;16,6;;17,5;16,6;;;;;;111;12,7;3,7;
2026/08/28;1900 UTC;8;988,5;989,2;987,4;114,6;16;;16,6;16;;;;;;103;10,8;4,1;
2026/08/28;2000 UTC;1,9;988,7;988,7;988;102,8;15,9;;16,1;15,9;;;;;;100;9,7;4,9;
2026/08/28;2100 UTC;0;989,3;989,4;988,7;28,1;16,4;;16,4;15,9;;;;;;116;8,4;3;
2026/08/28;2200 UTC;0;990;990;989,3;1,4;16,2;;16,5;16,2;;;;;;123;8,2;2,9;
2026/08/28;2300 UTC;0;990,8;991;990;0;16,4;;16,4;16,1;;;;;;98;8,8;5,4;
2026/08/29;0000 UTC;0;991,1;991,3;990,6;0;15,8;;16,4;15,8;;;;;;95;7,8;3,3;
2026/08/29;0100 UTC;0;992,1;992,1;991;0;15,4;;15,7;15,4;;;;;;159;6,2;2,3;
2026/08/29;0200 UTC;0;992,8;992,8;992,1;0;15;;15,5;14,9;;;;;;166;5,6;2,3;
2026/08/29;0300 UTC;0;993,4;993,4;992,7;0;15,5;;15,6;15,1;;;;;;150;7,9;3,8;
2026/08/29;0400 UTC;0;993,3;993,7;993;0;15,6;;15,7;15,4;;;;;;138;7,5;4;
2026/08/29;0500 UTC;0;993;993,5;992,6;0;15,6;;15,7;15,5;;;;;;130;8,3;3;
2026/08/29;0600 UTC;0;992,6;993,6;992,6;0;15,6;;15,8;15,6;;;;;;121;6,4;3,1;
2026/08/29;0700 UTC;0;992,1;993,2;992;0;15,1;;15,6;15;;;;;;120;8,1;3,4;
2026/08/29;0800 UTC;0;991,5;992,1;991,4;0;14,6;;15,1;14,6;;;;;;143;9,6;4,3;
2026/08/29;0900 UTC;,2;992,5;992,6;991,6;0;14,5;;14,7;14,5;;;;;;130;8,3;3,4;
2026/08/29;1000 UTC;0;993;993;992,3;0;14,3;;14,5;14,3;;;;;;120;7,1;2,8;
2026/08/29;1100 UTC;0;996,2;996,2;992,9;25,4;14,5;;14,5;14,3;;;;;;173;7,6;1,8;
2026/08/29;1200 UTC;,2;995,1;996,4;994,7;115,9;14,8;;14,8;14,5;;;;;;142;8,3;4,4;
2026/08/29;1300 UTC;0;995;995,9;994,9;593,9;15,6;;15,6;14,8;;;;;;127;8;4,1;
2026/08/29;1400 UTC;0;995,6;996,5;995,1;442,4;15,9;;16,1;15,6;;;;;;123;8,7;3,9;
2026/08/29;1500 UTC;0;995,7;995,7;995,2;420,4;16;;16,1;15,9;;;;;;120;8,9;3,4;
2026/08/29;1600 UTC;,2;994,9;995,9;994,6;1359,2;18;;18,2;16;;;;;;115;9,5;4;
2026/08/29;1700 UTC;0;994,7;995,4;994,6;1117,2;17,8;;18;17,6;;;;;;111;9,9;4,1;
2026/08/29;1800 UTC;0;994,5;994,8;994,4;1152,7;18;;18,5;17,7;;;;;;120;8,9;3,3;
2026/08/29;1900 UTC;0;994,8;994,8;994,4;883,3;18,1;;18,3;18;;;;;;117;8,4;3,4;
2026/08/29;2000 UTC;0;995,4;995,4;994,4;421,1;17,6;;18,1;17,6;;;;;;116;8,6;3;
2026/08/29;2100 UTC;0;995,5;995,7;995;140,3;17,1;;17,6;17,1;;;;;;119;6,6;2,6;
2026/08/29;2200 UTC;0;996,1;996,1;995,5;3,1;16,8;;17,2;16,7;;;;;;114;7,1;2,5;
2026/08/29;2300 UTC;0;996,6;996,6;996;0;16,2;;16,8;16,2;;;;;;117;7,1;3,1;
2026/08/30;0000 UTC;0;997,5;997,5;996,7;0;16;;16,3;15,7;;;;;;128;6,8;2,9;
2026/08/30;0100 UTC;0;997,6;997,8;997,5;0;16,1;;16,1;15,8;;;;;;128;7,7;3,3;
2026/08/30;0200 UTC;0;997,6;997,8;997,5;0;15,7;;16,1;15,7;;;;;;129;8;3,8;
2026/08/30;0300 UTC;0;998,1;998,4;997,6;0;15,1;;15,7;15,1;;;;;;140;8,4;3,2;
2026/08/30;0400 UTC;0;998,2;998,3;998,1;0;15,1;;15,2;14,9;;;;;;132;7,8;2,9;
2026/08/30;0500 UTC;0;998,2;998,3;998,1;0;15;;15,2;15;;;;;;126;7,3;2,7;
2026/08/30;0600 UTC;0;997,8;998,3;997,8;0;14,9;;15;14,7;;;;;;122;7,7;2,9;
2026/08/30;0700 UTC;0;997,7;998,1;997,6;0;14,9;;14,9;14,7;;;;;;115;7,6;3;
2026/08/30;0800 UTC;0;997,5;997,8;997,4;0;15;;15;14,8;;;;;;117;8,1;3,2;
2026/08/30;0900 UTC;0;997,8;997,8;997,3;0;14,8;;15;14,7;;;;;;123;7,3;3,2;
2026/08/30;1000 UTC;0;998;998,1;997,9;1;14,6;;14,8;14,5;;;;;;120;7,3;3,2;
2026/08/30;1100 UTC;0;997,9;998,1;997,8;124,6;14,8;;14,9;14,6;;;;;;118;8,4;3,5;
2026/08/30;1200 UTC;0;998;998;997,4;568,2;16,3;;16,3;14,9;;;;;;116;10,6;4,7;
2026/08/30;1300 UTC;0;998,7;998,8;998;968,4;17,3;;17,3;16,3;;;;;;108;10,6;5,3;
2026/08/30;1400 UTC;0;998,8;998,8;998,1;681,7;17,1;;17,4;16,9;;;;;;111;11,1;4,6;
2026/08/30;1500 UTC;0;998,7;999;998,5;710,6;17,8;;17,9;17,1;;;;;;115;10,7;4,6;
2026/08/30;1600 UTC;0;998,3;998,8;998,2;962,8;18,6;;18,7;17,7;;;;;;110;10,7;4,3;
2026/08/30;1700 UTC;0;997,5;998,5;997,4;1286,8;19,6;;19,9;18,5;;;;;;107;13,5;5,2;
2026/08/30;1800 UTC;0;996,5;997,4;996,5;1158,9;19,1;;20,8;19;;;;;;108;11,2;4,8;
2026/08/30;1900 UTC;0;995,7;996,5;995,7;645;19,7;;19,8;19;;;;;;106;9,6;4,2;
2026/08/30;2000 UTC;0;995,7;996,1;995,7;418,9;19,5;;19,8;19,5;;;;;;110;9,9;5,1;
2026/08/30;2100 UTC;;;;;;;;;;;;;;;;;;
2026/08/30;2200 UTC;0;995,1;997,4;994,6;,1;18,4;;19,1;18,3;;;;;;102;11,4;6,2;
2026/08/30;2300 UTC;,4;996,7;997,7;994,8;0;17,3;;18,4;17,2;;;;;;112;11,5;3;
2026/08/31;0000 UTC;0;996,8;996,9;996,3;0;17,2;;17,4;17,2;;;;;;112;9;4;
2026/08/31;0100 UTC;0;997,1;997,5;996,6;0;16,9;;17,2;16,8;;;;;;107;10,1;3,6;
2026/08/31;0200 UTC;0;996,3;997,1;996,3;0;16,7;;16,8;16,5;;;;;;108;9,4;4,3;
2026/08/31;0300 UTC;0;996,4;997;996,3;0;16,4;;16,7;16,3;;;;;;113;9,3;3,4;
2026/08/31;0400 UTC;0;996,4;996,8;996,3;0;16,1;;16,5;16,1;;;;;;114;7,3;3,6;
2026/08/31;0500 UTC;0;996;996,7;996;0;15,9;;16,1;15,9;;;;;;105;8,9;3,7;
2026/08/31;0600 UTC;0;995,7;996;995,4;0;15,8;;16;15,8;;;;;;106;8,1;3,5;
2026/08/31;0700 UTC;0;994,8;995,8;994,7;0;15,7;;15,9;15,7;;;;;;113;8,4;3,2;
2026/08/31;0800 UTC;0;994;994,9;994;0;15,8;;15,8;15,6;;;;;;115;7,8;3,6;
2026/08/31;0900 UTC;0;993,4;994,1;993,4;0;15,8;;15,8;15,7;;;;;;119;8,7;4;
2026/08/31;1000 UTC;0;993,3;993,5;993,3;,5;15,9;;15,9;15,8;;;;;;110;9,9;4,2;
2026/08/31;1100 UTC;,2;994,9;994,9;993,3;29,7;16;;16;15,8;;;;;;97;10,8;6,2;
2026/08/31;1200 UTC;0;995;995;994,6;271,9;16,5;;16,5;15,8;;;;;;103;9,9;4,3;
2026/08/31;1300 UTC;0;994,3;995,2;994,3;431,2;16,8;;17;16,4;;;;;;115;9;4,1;
2026/08/31;1400 UTC;0;993,7;994,3;993,7;448,6;17;;17,1;16,7;;;;;;106;8,7;4,4;
2026/08/31;1500 UTC;0;994,5;994,5;993,2;335,6;17;;17,2;16,9;;;;;;110;8,9;3;
2026/08/31;1600 UTC;0;993,2;994,5;993,2;328;17,3;;17,3;16,8;;;;;;93;9,4;5,7;
2026/08/31;1700 UTC;0;993,3;993,8;993,1;377,3;17,4;;17,5;17,1;;;;;;92;9,9;4;
2026/08/31;1800 UTC;0;993,3;993,5;993,2;372;17,9;;17,9;17,4;;;;;;113;5,7;2,6;
2026/08/31;1900 UTC;0;993,8;993,8;992,8;625,7;18,2;;18,7;17,8;;;;;;107;7,2;2,4;
2026/08/31;2000 UTC;0;993,8;994;992,8;475,2;18,4;;18,9;18,2;;;;;;105;7,4;2,9;
2026/08/31;2100 UTC;0;994,2;994,4;993,3;116,7;17,9;;18,4;17,9;;;;;;85;6,5;2,2;
2026/08/31;2200 UTC;0;994,5;994,5;994,2;14,1;16,6;;17,9;16,6;;;;;;94;5,3;1,6;
2026/08/31;2300 UTC;0;995,1;995,1;994,5;0;16,2;;16,6;16,2;;;;;;141;4,2;1,3;
