REGIAO:;S
UF:;RS
ESTACAO:;CACHOEIRINHA
CODIGO (WMO):;B808
LATITUDE:;-29,95138888
LONGITUDE:;-51,12416666
ALTITUDE:;72
DATA DE FUNDACAO:;18/02/25
Data;Hora UTC;PRECIPITAÇÃO TOTAL, HORÁRIO (mm);PRESSAO ATMOSFERICA AO NIVEL DA ESTACAO, HORARIA (mB);PRESSÃO ATMOSFERICA MAX.NA HORA ANT. (AUT) (mB);PRESSÃO ATMOSFERICA MIN. NA HORA ANT. (AUT) (mB);RADIACAO GLOBAL (Kj/m²);TEMPERATURA DO AR - BULBO SECO, HORARIA (°C);TEMPERATURA DO PONTO DE ORVALHO (°C);TEMPERATURA MÁXIMA NA HORA ANT. (AUT) (°C);TEMPERATURA MÍNIMA NA HORA ANT. (AUT) (°C);TEMPERATURA ORVALHO MAX. NA HORA ANT. (AUT) (°C);TEMPERATURA ORVALHO MIN. NA HORA ANT. (AUT) (°C);UMIDADE REL. MAX. NA HORA ANT. (AUT) (%);UMIDADE REL. MIN. NA HORA ANT. (AUT) (%);UMIDADE RELATIVA DO AR, HORARIA (%);VENTO, DIREÇÃO HORARIA (gr) (° (gr));VENTO, RAJADA MAXIMA (m/s);VENTO, VELOCIDADE HORARIA (m/s);
2026/01/01;0000 UTC;0;1008,5;1008,8;1008,1;0;27,7;23,9;28,2;27,1;24,2;23,7;84;80;81;128;4,6;2,7;
2026/01/01;0100 UTC;0;1008,7;1008,8;1008,5;0;26,8;23,7;27,1;26,6;23,9;23,6;86;83;85;119;4,6;1,8;
2026/01/01;0200 UTC;0;1008,5;1008,9;1008,2;0;26,1;23,7;26,6;25,7;23,8;23,7;90;86;88;143;2;1,2;
2026/01/01;0300 UTC;0;1008,3;1008,5;1008,1;0;25,4;23,5;25,7;25,2;23,7;23,4;91;90;90;103;2,7;1,4;
2026/01/01;0400 UTC;0;1008,3;1008,4;1008,1;0;24,7;23,4;25,2;24,2;23,5;23,2;96;91;93;137;2;1,4;
2026/01/01;0500 UTC;0;1007,8;1008,1;1007,6;0;24,3;23,6;24,4;24,3;23,6;23,5;96;96;96;137;3;1,7;
2026/01/01;0600 UTC;0;1007,4;1007,8;1007,1;0;24,5;23,5;24,6;24,4;23,6;23,2;96;93;95;147;3,2;1,8;
2026/01/01;0700 UTC;0;1006,8;1007,2;1006,6;0;24,6;23,3;24,7;24,6;23,4;23,2;94;93;93;76;2,2;1,2;
2026/01/01;0800 UTC;0;1006,6;1006,7;1006,4;0;24,5;23,3;24,7;24,2;23,4;23,2;96;93;94;196;,7;,4;
2026/01/01;0900 UTC;0;1006,8;1007,3;1006,4;44,8;24;23,3;24,3;23,8;23,5;23,1;97;95;96;242;1,8;1;
2026/01/01;1000 UTC;0;1007,6;1008;1007,3;263,1;24,9;23,6;25,3;24,1;23,9;23,4;97;92;94;284;1,3;,6;
2026/01/01;1100 UTC;0;1008;1008,1;1007,9;640;25,6;24;26;25,3;24,2;23,8;93;89;92;272;3,6;1,9;
2026/01/01;1200 UTC;0;1007,7;1007,9;1007,5;1430,8;26,8;23,8;27,8;26,1;24,2;23,5;90;81;85;274;4,5;2,1;
2026/01/01;1300 UTC;0;1007,2;1007,5;1007;2509,5;28,3;23,8;29,8;27,4;24,7;23,4;82;71;77;300;5,6;2,9;
2026/01/01;1400 UTC;0;1007;1007,1;1006,9;2577,3;29,5;24;30,1;29;24,9;23,3;76;69;72;258;6;2,8;
2026/01/01;1500 UTC;0;1006,5;1006,9;1006,1;3329,3;30,5;23,9;31,3;29,7;25,3;23,1;73;62;67;266;6,1;2,9;
2026/01/01;1600 UTC;0;1005,6;1006,1;1005,3;3906;31,9;24;32,4;31;24,9;23,4;66;57;61;261;6,1;3,2;
2026/01/01;1700 UTC;0;1004,9;1005,3;1004,6;3699,7;32,4;23,8;33;31,8;24,9;23,2;61;51;57;252;6,2;3,2;
2026/01/01;1800 UTC;0;1003,9;1003,9;1003,9;3205,8;33,5;22,9;33,5;33,5;22,9;22,9;47;47;47;255;4,7;3,5;
2026/01/01;1900 UTC;0;1003,4;1003,4;1003,4;2544,1;34;23,4;34;34;23,4;23,4;47;47;47;286;3,8;1,8;
2026/01/01;2000 UTC;0;1002,9;1003,4;1002,6;2127;33,9;22,9;34,4;33,6;23,5;22,3;47;42;45;246;4,6;2,3;
2026/01/01;2100 UTC;0;1002,5;1002,7;1002,4;1307,9;33,8;22,9;34,1;33,6;23,7;22,3;48;43;45;247;2,9;1,4;
2026/01/01;2200 UTC;0;1003,2;1003,7;1002,5;418,8;32;21,5;33,6;30,7;23;19,2;50;42;47;187;4,9;2,5;
2026/01/01;2300 UTC;0;1004,2;1004,5;1003,7;16,4;28,8;19,8;30,8;27,2;20,9;19;67;41;55;91;1,2;,7;
2026/01/02;0000 UTC;0;1004,8;1005;1004,5;0;26,8;20,8;27,7;26;21,9;19,7;78;65;70;91;2,9;1;
2026/01/02;0100 UTC;0;1005,2;1005,8;1004,8;0;26;22,1;27,7;24;22,7;21,5;90;71;80;185;1,7;1;
2026/01/02;0200 UTC;0;1006,5;1006,7;1005,8;0;25,4;22,9;26;23,9;23,3;22,1;95;83;88;221;2,4;1,5;
2026/01/02;0300 UTC;0;1006,5;1006,7;1006,1;0;25,2;21,8;25,7;24,6;22,1;21,5;86;79;83;137;2,2;1,2;
2026/01/02;0400 UTC;0;1005,8;1006,1;1005,5;0;25,1;22,5;25,3;24,9;22,9;21,8;90;82;87;140;2,1;1,1;
2026/01/02;0500 UTC;0;1005,7;1005,8;1005,5;0;24,1;22,9;24,9;23,6;23,1;22,6;95;90;94;201;,9;,4;
2026/01/02;0600 UTC;0;1005,3;1005,7;1004,9;0;23,5;22,6;23,7;23,4;22,8;22,3;96;94;95;87;1,8;,9;
2026/01/02;0700 UTC;0;1005;1005,2;1004,9;0;23,3;22,6;23,5;23,1;22,8;22,3;97;95;96;303;1,1;,6;
2026/01/02;0800 UTC;0;1005;1005,2;1004,8;0;22,7;22,1;23;22,3;22,4;21,8;98;96;97;321;,8;,6;
2026/01/02;0900 UTC;0;1005,5;1005,8;1005,2;40,6;22,4;22;22,7;22,2;22,2;21,7;98;97;98;299;1,2;,8;
2026/01/02;1000 UTC;0;1005,9;1006,1;1005,7;362,9;23,9;22,7;25,1;22,7;23,4;22,1;98;91;94;323;2,6;1,5;
2026/01/02;1100 UTC;0;1006,6;1006,9;1006,2;751,3;25,5;23,4;26,3;25;23,8;23;92;84;89;300;3,5;1,6;
2026/01/02;1200 UTC;0;1006,9;1007;1006,8;1810;27,1;22,9;28;26,3;23,5;22,2;85;73;79;254;3,8;1,4;
2026/01/02;1300 UTC;0;1006,8;1007;1006,6;2515,5;28,1;22,2;29;27;23,3;21,1;79;61;70;232;4,5;1,8;
2026/01/02;1400 UTC;0;1006,6;1006,7;1006,4;3375,1;29,5;21,9;30;28,8;23,2;21;70;58;62;255;4,9;2,4;
2026/01/02;1500 UTC;0;1006,1;1006,4;1005,9;3634,6;30,3;21,7;30,9;29,2;22,9;20,2;65;49;57;243;4,3;1,9;
2026/01/02;1600 UTC;0;1005,5;1005,9;1005,2;4065,3;30,7;21,8;31,5;30,1;22,8;20,7;60;50;55;243;4,4;2,3;
2026/01/02;1700 UTC;0;1004,6;1005,2;1004,1;3826,6;31,3;21,9;31,7;30,8;23,2;21,2;62;50;53;253;4,8;1,9;
2026/01/02;1800 UTC;0;1003,6;1004,2;1003,1;3523;32;22;32,6;31,5;23,2;21,2;57;45;50;288;4,7;2,2;
2026/01/02;1900 UTC;0;1002,3;1002,3;1002,3;2636,6;32,9;20,7;32,9;32,9;20,7;20,7;39;39;39;257;4,2;2,9;
2026/01/02;2000 UTC;0;1002,4;1002,4;1002,4;1740,8;30,3;21,3;30,3;30,3;21,3;21,3;55;55;55;159;5,2;3,8;
2026/01/02;2100 UTC;0;1002,7;1003,1;1002,3;1319,4;28,4;21,8;30,3;27,4;22,6;20,6;72;55;67;151;7,6;3,7;
2026/01/02;2200 UTC;0;1003,2;1003,5;1003;577,9;26,8;20,5;27,8;26,1;22;19,8;72;64;69;127;5,4;2,8;
2026/01/02;2300 UTC;0;1003;1003,1;1002,9;32,3;25,7;18,8;26,1;25,1;19,9;17,8;69;60;66;137;5,5;2,5;
2026/01/03;0000 UTC;0;1003,2;1003,7;1003;0;24,8;19,1;25,1;24,7;19,6;18,3;75;66;72;98;5,3;2,2;
2026/01/03;0100 UTC;0;1003,9;1004,2;1003,6;0;24,3;19,5;24,7;23,6;19,9;19,3;81;73;76;145;3,4;1,8;
2026/01/03;0200 UTC;0;1003,9;1004,1;1003,8;0;23,7;19,6;24;23,4;19,9;19,4;82;77;80;62;5,6;3,3;
2026/01/03;0300 UTC;0;1004,1;1004,1;1003,8;0;23,1;19,8;23,9;22,5;20,2;19,5;88;78;83;143;2,6;1,3;
2026/01/03;0400 UTC;0;1003,5;1003,8;1003;0;22,2;19,9;22,6;21,9;20,3;19,7;91;86;89;144;1,5;,7;
2026/01/03;0500 UTC;0;1002,8;1003;1002,6;0;20,8;19,5;22,1;20,2;19,9;19,3;96;89;93;324;1;,5;
2026/01/03;0600 UTC;0;1002,4;1002,7;1002,2;0;20,1;19,3;20,3;19,9;19,5;19,1;97;95;96;310;1,4;,9;
2026/01/03;0700 UTC;0;1002,3;1002,4;1002,1;0;20,7;19,6;21,2;20,2;19,8;19,2;96;93;94;295;1,6;,6;
2026/01/03;0800 UTC;0;1002,5;1002,7;1002,4;0;21,4;20;21,8;21,1;20,1;19,8;95;92;93;289;2,4;1;
2026/01/03;0900 UTC;0;1003;1003,2;1002,7;24,1;21,9;20,1;22;21,8;20,2;20;92;90;91;311;3,2;1,4;
2026/01/03;1000 UTC;0;1003,4;1003,6;1003,1;426,6;22,8;20,3;24,2;22;20,8;20;90;82;87;279;4,5;2;
2026/01/03;1100 UTC;0;1003,9;1004,5;1003,6;1268,5;25,4;20,8;25,9;24,2;21,2;20,4;81;74;77;254;8,5;5,1;
2026/01/03;1200 UTC;0;1004,6;1005;1004,3;1451,9;26,1;21,3;26,7;25,7;21,6;21;78;73;76;262;7;4;
2026/01/03;1300 UTC;0;1005,6;1006;1005,1;1684,7;26,9;20;27,4;26,6;21,6;19,3;73;63;66;248;6,2;4,1;
2026/01/03;1400 UTC;0;1006,2;1006,4;1005,9;2592,4;27,7;19,7;28,5;27;20,9;18,5;66;52;60;250;8,2;4,2;
2026/01/03;1500 UTC;0;1006,7;1007;1006,4;2875,1;28,2;17,2;29,1;27,8;19,6;15,9;59;37;45;250;7,7;3,8;
2026/01/03;1600 UTC;0;1007,5;1008,2;1007;2990,9;27,1;17,7;29,2;25,3;19;16;64;35;53;196;10,4;6,3;
2026/01/03;1700 UTC;0;1008,6;1009,1;1008,2;2903,3;25;16,9;25,9;24,1;17,8;16;63;56;60;193;10,3;5,4;
2026/01/03;1800 UTC;0;1009,4;1009,9;1009;2188,3;24;15,3;24,4;23,2;16,2;14,2;61;53;57;198;11,2;5,4;
2026/01/03;1900 UTC;0;1010,3;1010,7;1009,8;556,1;22,6;13,7;23,3;22,2;15;12,7;59;51;56;176;11;5,4;
2026/01/03;2000 UTC;0;1010,6;1010,8;1010,4;1514,6;22,5;12,6;23,2;21,9;13,3;12;54;47;50;194;11,9;6,2;
2026/01/03;2100 UTC;0;1011,1;1011,5;1010,7;687,1;21,9;12,5;22,8;21,5;13,1;11,7;56;49;53;186;8,5;4,5;
2026/01/03;2200 UTC;0;1011,8;1012,3;1011,2;294,3;21,3;11,7;21,8;20,9;12,4;11,1;56;47;52;196;6,6;3,9;
2026/01/03;2300 UTC;0;1012,6;1013;1012,3;22,3;20,7;10,7;20,9;20,4;11,2;10;52;48;50;195;7,2;3,3;
2026/01/04;0000 UTC;0;1013,3;1013,6;1013;0;20,2;9,8;20,5;19,9;10,4;9;51;44;48;201;4,6;2,6;
2026/01/04;0100 UTC;0;1014;1014,3;1013,6;0;19,9;10,1;20,2;19,6;11;9;57;44;51;206;5;2,5;
2026/01/04;0200 UTC;0;1014,6;1014,9;1014,3;0;19;10,1;19,6;18,3;10,6;9,8;59;51;56;223;4,4;2,1;
2026/01/04;0300 UTC;0;1014,8;1014,9;1014,6;0;18,2;10,2;18,5;17,3;10,5;9,9;65;57;60;238;2,2;1,1;
2026/01/04;0400 UTC;0;1014,7;1014,7;1014,6;0;16,5;10,2;17,2;15,4;10,8;9,8;77;65;69;261;2,5;1,6;
2026/01/04;0500 UTC;0;1014,7;1014,9;1014,6;0;14,6;10,8;15,4;13,5;11,3;10,3;89;75;81;286;1,8;1,3;
2026/01/04;0600 UTC;0;1014,8;1015;1014,7;0;14;10,8;14,6;13,5;11,2;10,2;89;78;84;246;2,8;1,3;
2026/01/04;0700 UTC;0;1014,8;1015;1014,7;0;14,6;10;15,4;14,1;10,5;9;81;69;77;236;4,5;2,3;
2026/01/04;0800 UTC;0;1015,2;1015,5;1014,9;0;15,1;9,4;15,5;14,6;9,9;9;76;68;71;250;4,2;2;
2026/01/04;0900 UTC;0;1016;1016,3;1015,6;31,2;14,4;9,9;14,9;13,9;10,1;9,4;81;72;77;263;2,4;1,1;
2026/01/04;1000 UTC;0;1016,7;1016,9;1016,3;510,8;15,4;10,3;16,5;14,4;10,7;9,9;79;68;74;276;4,7;2,2;
2026/01/04;1100 UTC;0;1017,2;1017,5;1016,9;1371,6;17,1;10;17,6;16,6;10,5;9,4;69;59;64;271;6,1;3,1;
2026/01/04;1200 UTC;0;1017,4;1017,5;1017,2;2261;18,2;9,8;19,1;17,5;10,7;9,2;62;54;58;258;6;3,2;
2026/01/04;1300 UTC;0;1017,5;1017,6;1017,2;3057,7;19,5;9,9;20,2;18,8;11;9;59;49;52;269;6,7;3,9;
2026/01/04;1400 UTC;0;1017,5;1017,6;1017,4;3569,6;20,4;10,4;21,1;19,8;11,3;9,8;56;46;50;279;7,3;4,1;
2026/01/04;1500 UTC;0;1017,3;1017,5;1017,2;3873,3;21,3;10,7;21,6;20,4;11,5;10,2;51;44;47;255;7,3;3,4;
2026/01/04;1600 UTC;0;1017,2;1017,4;1016,9;3676,5;22,2;10,8;23,4;21,2;11,9;9,8;48;38;43;275;8,2;4,5;
2026/01/04;1700 UTC;0;1016,9;1017,2;1016,7;4154,7;23,3;11,1;24;22,3;12;10,4;46;35;39;283;7,5;3,4;
2026/01/04;1800 UTC;0;1016,6;1016,7;1016,5;2888,8;23,8;11,2;24,5;23,1;12,2;10,2;41;34;37;243;6,7;3,5;
2026/01/04;1900 UTC;0;1016,4;1016,6;1016,2;2524,8;23,9;11,2;24,9;22,9;12,2;10,3;41;33;36;260;6,8;3,4;
2026/01/04;2000 UTC;0;1016,2;1016,3;1016,1;1703;24,1;11,8;25,2;23,3;12,5;11;43;33;38;209;5,8;2,4;
2026/01/04;2100 UTC;0;1016,5;1016,7;1016,3;948;22,9;11,7;23,5;22;12,3;11,3;48;41;44;169;6,1;3,3;
2026/01/04;2200 UTC;0;1017;1017,3;1016,7;396,6;21,9;11,5;22,5;21,3;12,1;11;51;44;48;161;5,5;2,5;
2026/01/04;2300 UTC;0;1017,6;1017,9;1017,2;25,2;20,9;11,4;21,3;20,5;11,6;11,1;55;50;52;151;5,2;2,9;
2026/01/05;0000 UTC;0;1018,2;1018,4;1017,9;0;19,6;11,5;20,5;18,4;12,4;11,2;68;54;60;189;2,5;,9;
2026/01/05;0100 UTC;0;1018,7;1018,9;1018,5;0;17,3;11,8;18,4;16,3;12,2;11,4;78;67;72;209;,6;,3;
2026/01/05;0200 UTC;0;1019,1;1019,2;1018,9;0;15,7;11,9;17,3;15,2;12,7;11,5;88;74;81;85;3,6;1,5;
2026/01/05;0300 UTC;0;1019,2;1019,4;1019,2;0;18;12;18,4;17;12,5;11,8;77;67;70;47;2,1;1,2;
2026/01/05;0400 UTC;0;1019,2;1019,4;1019,1;0;16;12,4;17,1;15,5;12,9;11,9;86;74;82;80;1,6;,9;
2026/01/05;0500 UTC;0;1018,9;1019,1;1018,7;0;15;12,6;16,3;14,5;13,2;12,4;91;81;88;82;1,5;,6;
2026/01/05;0600 UTC;0;1018,6;1018,7;1018,5;0;15,6;12,8;15,9;15,1;13,5;12,4;90;83;86;287;1,3;,8;
2026/01/05;0700 UTC;0;1018,5;1018,6;1018,4;0;16;14,1;16,3;15,7;14,9;13;93;86;90;82;1,1;,7;
2026/01/05;0800 UTC;0;1018,7;1018,9;1018,5;0;16;14,8;16,4;15,4;15,2;14,2;95;92;94;315;1,4;,7;
2026/01/05;0900 UTC;0;1019,3;1019,7;1018,9;23,9;15,6;14,4;15,8;15,4;14,8;14,1;95;92;94;258;,9;,5;
2026/01/05;1000 UTC;0;1019,7;1020;1019,6;659,7;16,8;14,6;17,9;15,4;15;14,1;95;84;89;297;1,8;,8;
2026/01/05;1100 UTC;0;1020,2;1020,3;1020;1130,5;18,7;14;19,6;17,9;15;13;85;69;77;214;2,6;1,3;
2026/01/05;1200 UTC;0;1020,4;1020,6;1020,3;2356,7;20,4;13,5;21,4;19,5;14,7;13;74;58;65;176;3,5;1,8;
2026/01/05;1300 UTC;0;1020,6;1020,6;1020,5;3044;21,5;13,1;22,4;20,7;14,4;12;63;52;58;211;3,9;1,5;
2026/01/05;1400 UTC;0;1020,3;1020,5;1020;2693,2;22;13;22,8;21,3;14,8;12;64;48;55;170;6;3,2;
2026/01/05;1500 UTC;0;1019,8;1020,1;1019,5;4081,9;23,6;12,8;24,3;22,8;13,9;11,8;54;39;46;82;4,7;2,4;
2026/01/05;1600 UTC;0;1019,1;1019,5;1018,8;3709,5;24,3;13,9;24,8;23,8;15,1;12,5;55;42;48;131;5,1;2,7;
2026/01/05;1700 UTC;0;1018,5;1018,8;1018,2;3948,6;25,1;13,9;25,8;24,1;15,2;12,8;52;38;44;123;5,3;2;
2026/01/05;1800 UTC;0;1018;1018,2;1017,7;3639,1;25,6;14,2;26;25,1;15,7;12,6;49;36;43;122;5,7;2,9;
2026/01/05;1900 UTC;0;1017,5;1017,8;1017,2;3005,6;25,9;14;26,4;25,2;15,2;12,9;47;36;40;120;6,4;3,2;
2026/01/05;2000 UTC;0;1017;1017,2;1016,7;2247;26;13,8;26,2;25,8;15,1;13,1;46;36;39;108;6,4;3;
2026/01/05;2100 UTC;0;1016,7;1016,8;1016,6;1393,5;25,4;13,8;25,9;24,7;14,9;13;51;36;42;113;7;4,1;
2026/01/05;2200 UTC;0;1017;1017,3;1016,7;558,4;23,6;15;24,7;22,4;15,4;14,7;62;51;57;135;7,1;4;
2026/01/05;2300 UTC;0;1017,5;1017,7;1017,3;37,6;21,7;14,4;22,4;21;14,9;13,7;65;62;63;107;8,4;4,5;
2026/01/06;0000 UTC;0;1017,6;1017,7;1017,5;0;20,4;13,9;21;19,9;14;13,7;70;64;67;108;6,3;3,4;
2026/01/06;0100 UTC;0;1017,7;1017,9;1017,5;0;19,6;14,2;19,9;19,2;14,4;13,9;76;70;73;118;5,3;2,9;
2026/01/06;0200 UTC;0;1017,8;1017,9;1017,7;0;18,8;14,5;19,2;18,5;14,6;14,4;80;76;78;106;3,8;1,9;
2026/01/06;0300 UTC;0;1017,7;1017,9;1017,4;0;18,3;14,5;18,5;18,2;14,7;14,4;82;80;81;104;5,2;2,2;
2026/01/06;0400 UTC;0;1017,1;1017,4;1016,8;0;18,1;14,6;18,3;17,8;14,9;14,4;85;80;83;112;3,9;1,9;
2026/01/06;0500 UTC;0;1016,6;1016,8;1016,4;0;17,5;14,8;17,9;17,3;14,9;14,7;88;85;86;116;2,8;1,5;
2026/01/06;0600 UTC;0;1016;1016;1016;0;17,1;15;17,1;17,1;15;15;89;89;89;126;1,8;,7;
2026/01/06;0700 UTC;0;1015,7;1015,7;1015,7;0;16,1;14,8;16,1;16,1;14,8;14,8;93;93;93;90;,7;,4;
2026/01/06;0800 UTC;0;1015,8;1015,8;1015,8;0;15,7;15;15,7;15,7;15;15;97;97;97;135;1,4;,8;
2026/01/06;0900 UTC;0;1015,9;1015,9;1015,9;199,3;16,6;14,9;16,6;16,6;14,9;14,9;91;91;91;107;1,8;1,1;
2026/01/06;1000 UTC;0;1016,5;1016,5;1016,5;864,5;19,5;14,8;19,5;19,5;14,8;14,8;76;76;76;102;2,1;1,2;
2026/01/06;1100 UTC;0;1016,6;1016,6;1016,6;1759,8;21,6;15,4;21,6;21,6;15,4;15,4;69;69;69;98;2,8;1,8;
2026/01/06;1200 UTC;;;;;;;;;;;;;;;;;;
2026/01/06;1300 UTC;0;1016,4;1016,5;1016,3;2919,7;24,9;15,4;25,4;24,2;16,3;14,8;56;50;53;187;2,9;,8;
2026/01/06;1400 UTC;0;1016;1016,4;1015,7;3490,9;25,7;16,2;26,6;25,2;17,8;15,3;62;48;52;119;3,6;1,9;
2026/01/06;1500 UTC;0;1015,2;1015,7;1014,7;3821,2;27;17,3;27,8;26,3;18,5;15,9;57;47;52;165;5,2;2,3;
2026/01/06;1600 UTC;0;1014,4;1014,8;1014;3938;28,4;18,1;29,6;28;19,4;17,1;54;45;48;155;4,4;2,4;
2026/01/06;1700 UTC;0;1013,5;1014;1013,2;3794,4;29,5;18,7;30,3;28,8;20;17,6;50;42;46;159;4,8;3;
2026/01/06;1800 UTC;0;1012,8;1013,1;1012,4;3483,8;30,3;19,2;30,8;29,7;20,7;18,4;50;41;44;205;3,2;1,5;
2026/01/06;1900 UTC;0;1012,1;1012,4;1011,8;2472,8;30,8;19,4;31,3;30,1;20,3;18,5;48;39;43;194;4,5;1,4;
2026/01/06;2000 UTC;0;1011,5;1011,8;1011,1;1992,4;31;19,4;31,4;30,5;20,5;18,7;48;38;42;95;4,8;2,1;
2026/01/06;2100 UTC;0;1011,2;1011,4;1011,1;1327,5;29,8;19,8;30,8;28,9;20,5;19,4;55;43;50;109;7,6;3,5;
2026/01/06;2200 UTC;0;1011,3;1011,4;1011,2;519,4;28,1;19,5;28,9;27,2;19,8;19,2;62;53;57;116;7,3;3,4;
2026/01/06;2300 UTC;0;1011,5;1011,6;1011,4;32,5;26,1;19,7;27,2;25,1;19,8;19,5;73;62;68;118;4,9;2,6;
2026/01/07;0000 UTC;0;1011,7;1011,9;1011,6;0;24,4;19,8;25,1;23,8;19,9;19,7;80;73;77;126;4,2;2,4;
2026/01/07;0100 UTC;0;1012;1012,1;1011,8;0;23,4;19,8;23,8;23;19,8;19,7;84;80;82;128;4,3;2,2;
2026/01/07;0200 UTC;0;1012,2;1012,2;1012;0;22,8;19,8;23;22,5;19,8;19,8;86;84;85;126;3,1;1,5;
2026/01/07;0300 UTC;0;1012,1;1012,2;1012;0;22,1;19,7;22,5;21,9;19,8;19,7;89;86;88;128;2,7;1,8;
2026/01/07;0400 UTC;0;1011,9;1012,1;1011,6;0;21,7;19,7;21,9;21,3;19,8;19,7;92;89;90;125;1,5;,6;
2026/01/07;0500 UTC;0;1011,4;1011,6;1011,2;0;20,8;19,6;21,3;20,4;19,9;19,3;96;92;94;130;1,5;,9;
2026/01/07;0600 UTC;0;1011,4;1011,5;1011,3;0;20,3;19,2;20,8;19,5;19,8;18,5;96;93;95;172;,9;,2;
2026/01/07;0700 UTC;0;1011,7;1011,9;1011,5;0;19,1;18,2;19,5;18,7;18,6;18;97;95;96;214;,4;,3;
2026/01/07;0800 UTC;0;1012,1;1012,3;1011,9;0;18,5;17,9;18,8;18,3;18,2;17,7;98;96;97;214;1,1;,5;
2026/01/07;0900 UTC;0;1012,8;1013,3;1012,4;26,8;18,3;17,8;18,5;18;18,3;17,5;99;97;98;201;,7;,4;
2026/01/07;1000 UTC;0;1013,6;1013,8;1013,3;454;20,5;19;23,9;18,6;19,7;18,1;98;78;93;179;,8;,3;
2026/01/07;1100 UTC;0;1013,8;1013,9;1013,8;1241,8;25,2;18,3;26,5;23,7;19,3;17,4;78;58;65;245;6,2;3;
2026/01/07;1200 UTC;0;1013,9;1014;1013,7;2092,5;27,6;18,7;28,8;26,5;19,7;18;59;52;55;201;6,8;2,4;
2026/01/07;1300 UTC;0;1013,7;1013,8;1013,5;2824,9;29,4;19,8;30,5;28,6;20,8;19;56;49;52;282;5,8;2,9;
2026/01/07;1400 UTC;0;1013,4;1013,6;1013;3416,1;30,8;20,6;31,7;30;21,7;19,9;52;46;49;311;6,1;2,9;
2026/01/07;1500 UTC;0;1012,7;1013;1012,4;3749,9;32;21,6;32,4;31,7;22,6;21;51;46;48;265;6;2,8;
2026/01/07;1600 UTC;0;1012,1;1012,4;1011,8;3858,5;32,6;22,2;33,2;32,2;23,2;21,8;54;44;48;261;5,7;3;
2026/01/07;1700 UTC;0;1011,3;1011,8;1010,8;3809,3;33,7;22,5;34,4;32,5;23,1;21,9;49;40;44;291;7,3;2,8;
2026/01/07;1800 UTC;0;1010,5;1010,8;1010,3;2301,9;33,5;22,3;34,4;32,2;23,2;21,3;48;40;44;258;5,2;2,7;
2026/01/07;1900 UTC;0;1010,5;1010,7;1010,2;1680,3;31,9;22,4;32,8;31,4;23,6;21,6;58;48;53;233;5,5;2,7;
2026/01/07;2000 UTC;0;1009,6;1009,6;1009,6;1373,6;33,6;21,8;33,6;33,6;21,8;21,8;41;41;41;236;2,8;1,8;
2026/01/07;2100 UTC;0;1009,8;1010;1009,6;715,4;32,4;21,5;33,6;31,4;22;21;51;40;45;241;2,7;1,5;
2026/01/07;2200 UTC;0;1010;1010,2;1009,8;267,3;30,7;21,4;31,3;30;22,3;20,7;62;50;54;282;,9;,5;
2026/01/07;2300 UTC;0;1010,7;1011,9;1010,2;17,2;28,3;21,4;30;27,1;22,5;19,9;76;60;66;206;13;5,7;
2026/01/08;0000 UTC;0;1012,4;1013,8;1011,8;1;25,8;18,5;27,7;24,7;19,4;17,7;69;58;63;203;7,4;3,5;
2026/01/08;0100 UTC;;;;;;;;;;;;;;;;;;
2026/01/08;0200 UTC;0;1014,8;1015,6;1014;0;22,4;20;23,1;22;20,3;19,6;91;84;88;87;4,9;1,4;
2026/01/08;0300 UTC;0;1014,5;1014,7;1014;0;22,7;20,2;23,1;22,4;20,5;19,6;89;85;88;114;5;2,6;
2026/01/08;0400 UTC;0;1014,2;1014,3;1013,8;0;22,3;19,7;22,5;22,1;19,9;19,6;89;85;87;189;1,1;,5;
2026/01/08;0500 UTC;0;1013,7;1013,9;1013,6;0;21,8;20;22,2;21,6;20,4;19,7;94;88;91;218;3,5;2,1;
2026/01/08;0600 UTC;0;1013,5;1013,7;1013,4;0;21,3;20;21,6;21;20,1;19,9;95;92;93;270;1,4;,9;
2026/01/08;0700 UTC;0;1013,5;1013,7;1013,4;0;21,1;20,1;21,5;20,9;20,4;19,8;95;94;95;176;1,5;,7;
2026/01/08;0800 UTC;0;1013,5;1013,8;1013,4;0;21;20;21,5;20,5;20,4;19,7;96;94;95;49;1,6;,8;
2026/01/08;0900 UTC;0;1014,1;1014,6;1013,7;11,2;20,6;19,9;21,2;20,3;20,1;19,6;98;94;96;119;2,1;1,3;
2026/01/08;1000 UTC;0;1015;1015,3;1014,6;442,4;22,3;20,2;23,4;21;20,7;19,7;94;85;90;126;3;1,4;
2026/01/08;1100 UTC;0;1015,8;1016,2;1015,4;1287,6;24,3;20,4;25,2;23,5;20,9;19,9;85;77;80;209;2,4;,9;
2026/01/08;1200 UTC;0;1016,2;1016,3;1016,1;1912,5;25,5;20,2;26,1;25,1;20,9;19,6;78;70;74;154;5,2;2,3;
2026/01/08;1300 UTC;0;1016,1;1016,2;1016;1821;25,9;20,2;26,6;25,1;21,3;19,8;76;67;71;147;4,4;1,7;
2026/01/08;1400 UTC;0;1016,1;1016,2;1016;1494,1;26,6;20,4;27;26;21,1;19,8;73;66;69;146;4,9;2,8;
2026/01/08;1500 UTC;0;1016,1;1016,3;1015,8;1977,7;26,6;20,8;27,6;25,9;21,5;20,2;74;67;71;154;6,9;3,5;
2026/01/08;1600 UTC;0;1015,7;1015,9;1015,5;1795,4;27,1;20,3;27,4;26,7;21,1;19,7;72;61;66;165;4,8;2,7;
2026/01/08;1700 UTC;0;1015,3;1015,6;1015,1;1679,4;27,4;19,8;27,8;27;20,6;19;68;57;62;153;6,1;3,2;
2026/01/08;1800 UTC;0;1014,8;1015,1;1014,3;2349;28;20,5;28,6;27,5;21,1;19,8;66;57;63;140;7,2;4,4;
2026/01/08;1900 UTC;0;1014,3;1014,5;1014,2;1940;27,9;20,6;28,4;27,5;21,3;19,9;67;60;64;126;6,2;3,6;
2026/01/08;2000 UTC;;;;;;;;;;;;;;;;;;
2026/01/08;2100 UTC;0;1014,6;1014,7;1014,5;579,2;26,5;20;27,1;26,2;20,3;19,7;69;64;67;131;7;5,3;
2026/01/08;2200 UTC;0;1014,8;1015,1;1014,7;251;25,8;19,7;26,2;25,4;20,2;19,2;72;68;69;126;6,3;4,5;
2026/01/08;2300 UTC;0;1015,5;1016,1;1015,1;25,7;24,9;19,8;25,4;24,4;20,1;19,5;76;72;75;113;7,5;4,2;
2026/01/09;0000 UTC;0;1016,3;1016,5;1016,1;0;24,1;20;24,4;23,9;20,3;19,6;82;76;79;118;5;3;
2026/01/09;0100 UTC;0;1016,7;1017,2;1016,5;0;23,6;20,2;23,9;23,1;20,4;20;86;81;83;110;5,5;2;
2026/01/09;0200 UTC;0;1017,1;1017,3;1016,9;0;22,9;20,4;23,1;22,7;20,5;20,3;89;86;88;129;5,8;2,9;
2026/01/09;0300 UTC;0;1016,6;1016,9;1016,3;0;22,5;20,4;22,7;22,4;20,6;20,3;91;88;90;114;5,9;3,1;
2026/01/09;0400 UTC;0;1016;1016,4;1015,6;0;22,3;20,8;22,4;22,3;20,9;20,6;93;91;92;110;4,9;2,5;
2026/01/09;0500 UTC;0;1015,6;1015,9;1015,5;0;22,3;21;22,3;22,2;21;20,9;94;93;93;120;4,7;2,2;
2026/01/09;0600 UTC;0;1015,7;1016;1015,3;0;22,4;21,1;22,5;22,3;21,2;21;94;93;93;130;4,7;2,4;
2026/01/09;0700 UTC;0;1015;1015,3;1014,5;0;22,6;21,2;22,7;22,5;21,3;21,2;94;93;93;128;3,6;2;
2026/01/09;0800 UTC;0;1015;1015,1;1014,9;0;22,6;21,4;22,7;22,5;21,6;21,2;95;94;94;113;4,4;1,9;
2026/01/09;0900 UTC;0;1015,1;1015,3;1015;27;22,7;21,7;22,8;22,6;21,8;21,6;96;95;95;106;2,8;1,5;
2026/01/09;1000 UTC;0;1015,6;1015,9;1015,3;427,7;23,3;21,9;24,3;22,7;22,2;21,8;95;89;93;114;4,1;2;
2026/01/09;1100 UTC;0;1015,7;1015,9;1015,5;1253,2;24,9;22;26,2;24,2;22,7;21,6;89;79;85;115;4,9;3,1;
2026/01/09;1200 UTC;0;1015,5;1015,6;1015,4;1658,6;26,1;21,9;26,9;25,2;22,7;21,5;83;74;79;115;5;2,7;
2026/01/09;1300 UTC;0;1015,2;1015,4;1015,1;2550,1;27,7;22;28,7;26,9;22,8;21,5;76;66;72;107;5,5;2,8;
2026/01/09;1400 UTC;0;1014,9;1015,2;1014,5;3311,3;28,8;22;29,2;28,2;22,5;21,4;70;62;66;138;7,6;4;
2026/01/09;1500 UTC;0;1014,3;1014,6;1013,9;3363,9;29,8;22,1;30,5;29;22,6;21,5;66;57;61;119;8,2;4,1;
2026/01/09;1600 UTC;0;1013,6;1014,1;1013,2;3884,1;30,6;22,6;31;30,1;23,7;21,8;66;57;60;135;8,5;3,9;
2026/01/09;1700 UTC;0;1013,3;1013,5;1012,9;3422,1;30,9;23;31,4;30,1;23,7;22,4;65;59;61;120;8;4,2;
2026/01/09;1800 UTC;0;1012,5;1013;1012,1;3272,8;31,2;23,3;31,6;30,9;23,9;22,9;63;58;61;121;8,7;3,9;
2026/01/09;1900 UTC;0;1011,8;1012,2;1011,3;2088,7;30,5;22,8;31,1;29,7;23,6;22,2;63;59;61;117;9;4,8;
2026/01/09;2000 UTC;0;1011,4;1011,4;1011,4;638,8;28,6;22,3;28,6;28,6;22,3;22,3;69;69;69;112;8,7;5,5;
2026/01/09;2100 UTC;0;1009,8;1009,8;1009,8;426,1;27,9;22,6;27,9;27,9;22,6;22,6;73;73;73;147;7,1;4,3;
2026/01/09;2200 UTC;0;1010,5;1011,1;1009,8;234,7;27,2;22,2;27,9;26,5;22,6;22;80;72;75;124;7,2;4;
2026/01/09;2300 UTC;0;1010,7;1011;1010,5;12,2;25,8;22,7;26,5;25,5;22,8;22,5;86;80;84;115;6,2;3,4;
2026/01/10;0000 UTC;0;1011,7;1012,2;1011;0;25,5;22,8;25,6;25,5;22,8;22,6;87;85;86;105;5,5;2,1;
2026/01/10;0100 UTC;3,2;1013,1;1013,5;1012,3;1;24,8;23,1;25,8;24,1;23,5;22,5;96;84;91;210;2,4;1,5;
2026/01/10;0200 UTC;1,6;1013;1014;1012,4;0;24;23,5;24,2;23,9;23,6;23,3;98;96;97;241;4,1;2,4;
2026/01/10;0300 UTC;1,6;1014,4;1015,4;1013,3;,6;23,6;22,9;23,9;23,3;23,5;22,4;98;95;97;313;3,8;2,1;
2026/01/10;0400 UTC;1,2;1013,7;1015,2;1012,9;0;23,1;22,5;23,3;22,9;22,7;22,3;98;96;97;220;3;1;
2026/01/10;0500 UTC;,6;1012,6;1012,9;1012,3;0;22,9;22,6;23,1;22,8;22,7;22,5;99;98;98;102;1,1;,6;
2026/01/10;0600 UTC;,2;1012;1012,3;1011,8;0;22,9;22,6;23,1;22,7;22,7;22,2;99;97;98;80;3,5;1,6;
2026/01/10;0700 UTC;,6;1010,9;1011,8;1010;0;22,6;21,8;22,9;22,3;22,3;21,4;97;95;96;78;4,8;2,1;
2026/01/10;0800 UTC;0;1009,3;1009,9;1009;0;22,2;21,2;22,3;22,1;21,4;21,1;96;94;95;88;2,4;1;
2026/01/10;0900 UTC;0;1009,1;1009,3;1008,9;5,2;22;21,4;22,1;22;21,5;21,2;97;96;97;134;1,4;,5;
2026/01/10;1000 UTC;0;1009,6;1009,8;1009,3;131,7;22;21,6;22,2;21,9;21,8;21,4;98;97;98;146;1,8;1,1;
2026/01/10;1100 UTC;0;1009,8;1010;1009,7;432,5;22,6;21,6;23,1;22,2;21,8;21,2;98;91;95;100;2,7;1,1;
2026/01/10;1200 UTC;0;1009,9;1010,1;1009,8;1177,8;24,2;21,6;25,2;23,1;22,2;21,2;92;81;87;97;1,8;1;
2026/01/10;1300 UTC;0;1009,6;1009,9;1009,2;1698;26,1;22;27,1;25,2;22,7;21,5;85;72;79;312;4,5;2,2;
2026/01/10;1400 UTC;0;1008,8;1009,2;1008,6;2348,7;28,1;22;28,8;27,1;23;21,3;75;65;69;305;4,9;2,4;
2026/01/10;1500 UTC;0;1008,5;1008,6;1008,4;1805,8;29,2;22,5;29,6;28,7;23,4;22;70;63;66;311;4;1,9;
2026/01/10;1600 UTC;0;1008,1;1008,4;1007,8;2524,6;30,2;22,6;31;29,5;23,3;21,8;66;59;62;253;5,7;3;
2026/01/10;1700 UTC;0;1007,6;1007,8;1007,4;2443,4;31,2;23,2;31,8;30,9;24,3;22,4;63;56;60;308;5,9;3;
2026/01/10;1800 UTC;0;1007;1007,4;1006,7;1639,1;31,2;23,1;31,7;30,8;23,9;22,6;62;57;60;310;6,2;2,9;
2026/01/10;1900 UTC;0;1006,4;1006,7;1006;1533,4;31;23,2;31,5;30,8;23,7;22,8;64;58;61;303;6,2;3;
2026/01/10;2000 UTC;0;1005,6;1005,6;1005,6;1294,7;31,1;24,1;31,1;31,1;24,1;24,1;65;65;65;270;5,2;2,3;
2026/01/10;2100 UTC;1;1007,2;1007,2;1007,2;58;22,4;21,9;22,4;22,4;21,9;21,9;98;98;98;268;4,6;2,9;
2026/01/10;2200 UTC;0;1006,8;1006,8;1006,8;64,4;23,3;23,1;23,3;23,3;23,1;23,1;99;99;99;321;1,8;1,1;
2026/01/10;2300 UTC;0;1007,1;1007,4;1006,8;13,3;23,7;23,1;23,9;23,4;23,6;22,6;99;94;97;289;4,4;1,7;
2026/01/11;0000 UTC;0;1007,9;1008,3;1007,5;0;23,5;22,5;23,6;23,3;22,7;22,1;97;93;95;292;5,1;1,4;
2026/01/11;0100 UTC;,2;1008,5;1008,7;1008,2;0;23,6;22,2;23,8;23,5;22,5;21,9;95;91;93;321;3,8;2;
2026/01/11;0200 UTC;,8;1008,9;1009,1;1008,8;0;23,2;22;23,6;23;22,2;21,8;95;92;94;284;5,2;2,8;
2026/01/11;0300 UTC;1;1008,9;1009;1008,6;0;22,8;22;23;22,6;22,1;21,8;97;94;96;288;4,6;2,5;
2026/01/11;0400 UTC;0;1008,2;1008,7;1007,7;0;22,5;21,8;22,8;22,4;21,9;21,2;97;93;96;270;3,3;1,7;
2026/01/11;0500 UTC;0;1007,6;1007,8;1007,3;0;22,5;21,7;22,6;22,4;21,8;21,5;97;95;96;256;1,2;,3;
2026/01/11;0600 UTC;0;1007,2;1007,4;1007,1;0;22,4;21,6;22,6;22,4;21,8;21,4;97;94;96;281;3,1;1,4;
2026/01/11;0700 UTC;0;1007,1;1007,2;1007;0;22,5;21;22,6;22,3;21,4;20,7;95;91;93;301;5,8;3,5;
2026/01/11;0800 UTC;0;1007;1007,3;1006,8;0;22,3;20,3;22,5;22;20,7;20;91;89;90;323;4,9;2,6;
2026/01/11;0900 UTC;0;1007,6;1007,9;1007,3;19,7;21,5;20,1;22;21,2;20,2;20;94;91;93;233;2,6;1,2;
2026/01/11;1000 UTC;0;1008,4;1008,7;1008;294,9;22;20,3;23;21,5;20,7;20;93;88;92;292;3,9;1,9;
2026/01/11;1100 UTC;,2;1009;1009,2;1008,7;714,7;23,6;20,5;24;23;20,8;20,2;89;82;84;312;4,6;2,5;
2026/01/11;1200 UTC;0;1009,2;1009,4;1009;1466,7;24,3;20,5;25,5;23,6;20,9;20,1;85;74;81;322;6;3,2;
2026/01/11;1300 UTC;0;1009,2;1009,3;1009;2736,5;26,4;20,6;26,9;25,6;21,4;20,1;77;67;71;312;9,6;4,6;
2026/01/11;1400 UTC;0;1009,2;1009,3;1009;2016,2;25,7;20,5;26,3;25,3;21;20,2;78;72;74;317;6,5;3,2;
2026/01/11;1500 UTC;0;1008,9;1009,2;1008,6;3703,1;27;20,4;28,1;25,8;21,5;19,7;74;63;67;277;5,9;3,4;
2026/01/11;1600 UTC;0;1008,3;1008,6;1007,8;3853,4;28,5;21;29,1;28,1;21,6;20,1;66;58;62;157;7,1;3,9;
2026/01/11;1700 UTC;0;1007,8;1007,9;1007,5;3116,6;29,5;21,2;30;28,9;22,1;20,4;64;55;59;279;5;2,7;
2026/01/11;1800 UTC;0;1007,2;1007,6;1007;1578,6;29,3;21,2;30,2;27,8;21,9;20,5;68;54;59;262;6,4;3,6;
2026/01/11;1900 UTC;0;1007,3;1007,7;1006,8;1855,6;27,4;21,8;28,4;25,5;22,9;21,1;81;68;72;303;7,1;2,6;
2026/01/11;2000 UTC;0;1007,3;1007,5;1007,1;1974,5;27,2;21,3;28,2;25,4;22,1;20,8;83;65;71;306;4,2;2,4;
2026/01/11;2100 UTC;0;1007,3;1007,5;1007,2;1075,4;27,8;21,6;28,3;26,7;22;21;73;65;69;281;5,1;2,1;
2026/01/11;2200 UTC;0;1007,7;1008;1007,5;519,6;27,1;21;27,5;26,6;21,6;20,3;74;67;70;274;4,1;2,2;
2026/01/11;2300 UTC;0;1008,3;1008,6;1008;36,6;25,5;20,2;26,6;24,6;20,6;19,9;80;69;73;312;1,5;,7;
2026/01/12;0000 UTC;;;;;;;;;;;;;;;;;;
2026/01/12;0100 UTC;0;1009,9;1010,3;1009,6;0;24,4;19,7;24,6;24;20,2;19,1;81;72;76;322;4,8;2;
2026/01/12;0200 UTC;0;1010,3;1010,4;1010,2;0;24,2;19;24,8;23,5;19,3;18,5;77;71;74;292;3,9;1,5;
2026/01/12;0300 UTC;0;1010,3;1010,4;1010,2;0;23,3;18,3;23,5;23,1;18,5;18;76;73;75;325;3,1;1,5;
2026/01/12;0400 UTC;0;1010,5;1010,6;1010,3;0;22,9;18,2;23;22,8;18,4;18;78;75;76;289;4,9;2,5;
2026/01/12;0500 UTC;0;1010,4;1010,6;1010,3;0;22,5;18,6;22,9;22,1;19,3;18,4;85;78;80;305;1,6;1;
2026/01/12;0600 UTC;0;1010,2;1010,3;1010;0;21,9;19,1;22,1;21,6;19,3;18,9;88;84;86;321;1,7;,8;
2026/01/12;0700 UTC;0;1010,1;1010,2;1009,9;0;20,9;19,1;21,6;20,5;19,3;18,9;92;88;91;310;2,4;1,1;
2026/01/12;0800 UTC;0;1010,5;1010,8;1010,1;0;20,2;18,7;20,6;19,8;18,9;18,6;94;91;93;314;1,5;,8;
2026/01/12;0900 UTC;0;1011,2;1011,6;1010,8;16,3;19,8;18,7;19,9;19,7;18,8;18,6;95;94;94;285;2;,9;
2026/01/12;1000 UTC;0;1011,9;1012,2;1011,6;336,1;20,8;19,1;21,5;19,9;19,3;18,8;95;88;91;274;4,6;2,1;
2026/01/12;1100 UTC;0;1012,4;1012,6;1012,2;932,9;22;19,1;23;21,5;19,7;18,7;88;81;85;267;4,3;2,3;
2026/01/12;1200 UTC;0;1012,6;1012,7;1012,5;1836,6;23,6;19,1;24,8;22,4;19,7;18,6;84;71;78;307;5,5;2,7;
2026/01/12;1300 UTC;0;1012,5;1012,6;1012,5;2444,1;25,1;19,3;25,6;24,5;20,2;18,9;74;69;71;267;4,5;2,1;
2026/01/12;1400 UTC;0;1012,4;1012,6;1012,3;2619,5;26,1;19,3;27;25;20,2;18,6;72;60;66;316;5,1;2,8;
2026/01/12;1500 UTC;0;1012,4;1012,5;1012,2;1078,7;25,1;19,4;26,3;24,7;20,2;18,6;77;63;71;269;4,3;1,7;
2026/01/12;1600 UTC;0;1012;1012,4;1011,8;2688,8;26,1;19,1;26,8;24,8;19,9;18,4;73;60;65;291;3,7;2;
2026/01/12;1700 UTC;0;1011,5;1011,8;1011;2396,6;27,2;19,2;28,4;26,2;20,1;18,6;67;55;60;221;3,5;1,8;
2026/01/12;1800 UTC;0;1011;1011,1;1010,7;1541,7;27,4;19,3;28,2;27;20,3;18,5;64;55;59;270;5,3;2,3;
2026/01/12;1900 UTC;0;1010,6;1010,7;1010,5;2431,6;28,1;19,4;28,9;27,4;20,3;17,9;64;48;57;256;6,4;2,4;
2026/01/12;2000 UTC;0;1010,6;1010,7;1010,5;1332,9;27,5;19,1;28,1;27,1;19,9;18,5;63;54;58;246;4,2;1,8;
2026/01/12;2100 UTC;0;1010,7;1010,8;1010,6;572,4;26,7;19,4;27;26,5;20,5;18,5;70;59;63;248;2,1;1,1;
2026/01/12;2200 UTC;0;1010,9;1010,9;1010,9;94,2;25,4;20,3;25,4;25,4;20,3;20,3;75;75;75;211;2,1;1,5;
2026/01/12;2300 UTC;0;1011,5;1011,5;1011,5;0;24,3;20,2;24,3;24,3;20,2;20,2;79;79;79;150;1,5;,8;
2026/01/13;0000 UTC;0;1012;1012;1012;0;24;20,7;24;24;20,7;20,7;83;83;83;124;2,8;1,6;
2026/01/13;0100 UTC;0;1012,3;1012,5;1012,1;0;23,8;20,9;24;23,7;21;20,7;86;84;85;110;4,6;2,4;
2026/01/13;0200 UTC;0;1012,6;1012,7;1012,4;0;23,6;20,8;23,9;23,4;21;20,5;87;85;86;108;2,4;1;
2026/01/13;0300 UTC;0;1012,1;1012,4;1011,7;0;23,2;20,7;23,5;22,6;21,1;20,4;92;85;87;199;1;,6;
2026/01/13;0400 UTC;0;1011,4;1011,7;1011,3;0;22,1;21;22,6;21,6;21,2;20,7;97;92;95;91;2,1;,9;
2026/01/13;0500 UTC;0;1011,5;1011,6;1011,3;0;22,1;20,6;22,2;21,6;21;20,3;97;91;93;118;1,1;,6;
2026/01/13;0600 UTC;0;1011,2;1011,4;1011,1;0;21,2;20,5;21,7;21,1;20,8;20,3;98;93;96;56;1;,6;
2026/01/13;0700 UTC;0;1010,9;1011,1;1010,8;0;21;20,4;21,3;20,7;20,8;20,1;98;97;97;175;,8;,4;
2026/01/13;0800 UTC;0;1011,2;1011,4;1010,9;0;20,6;20,1;20,9;20,2;20,6;19,8;99;97;98;251;,5;,3;
2026/01/13;0900 UTC;0;1011,9;1012,2;1011,4;16,3;20,5;20,2;21;20,1;20,6;19,7;99;98;98;128;1,8;,8;
2026/01/13;1000 UTC;0;1012,4;1012,6;1012,2;432;22;20,7;22,9;21;21,1;20,4;98;88;94;205;1,4;,8;
2026/01/13;1100 UTC;0;1012,6;1012,7;1012,4;1157,3;23,8;20,7;24,7;22,7;21,2;20,4;91;78;85;77;2;,9;
2026/01/13;1200 UTC;0;1012,9;1013,1;1012,7;1722,7;25,6;20,6;26,7;24,8;21,3;19,9;80;69;75;174;2,3;,6;
2026/01/13;1300 UTC;0;1013,1;1013,2;1013;2947,2;27,3;20,6;28,2;26,5;21,7;20;71;60;67;118;3,1;1,4;
2026/01/13;1400 UTC;0;1013;1013;1012,9;3181,4;28,6;20,7;29,7;27,6;21,9;19,9;69;52;61;310;4,2;2,3;
2026/01/13;1500 UTC;0;1012,8;1012,9;1012,6;3723,6;30,1;20,8;30,6;29,5;22,3;19,4;59;48;54;291;4,3;2,3;
2026/01/13;1600 UTC;0;1012,5;1012,7;1012,2;3607,9;30,6;21,5;31,1;30;22,7;21;59;50;54;265;5,4;2,2;
2026/01/13;1700 UTC;0;1012;1012,3;1011,8;3828,1;31,1;21,9;31,7;30,2;23,2;21,1;59;50;54;249;3,9;1,6;
2026/01/13;1800 UTC;0;1011,5;1011,8;1011,2;2840,4;31,7;21,9;32,2;31,3;23,1;20,9;57;45;51;250;3;1,6;
2026/01/13;1900 UTC;0;1010,5;1010,5;1010,5;2756,2;31,8;22;31,8;31,8;22;22;51;51;51;237;2,6;1,8;
2026/01/13;2000 UTC;0;1010,4;1010,4;1010,4;1905,9;31,3;21,7;31,3;31,3;21,7;21,7;52;52;52;255;3,5;2,5;
2026/01/13;2100 UTC;0;1010,4;1010,7;1010,3;787,7;30,7;21,8;32,1;29,9;22,4;21,3;62;51;55;233;1,9;1,1;
2026/01/13;2200 UTC;0;1011,1;1011,5;1010,8;176,2;29,2;22,2;29,8;28,1;23,2;20,9;74;56;65;104;6,8;3,5;
2026/01/13;2300 UTC;0;1011,8;1011,9;1011,5;39,3;26,4;21,9;28;25,6;22,6;21,7;82;72;78;121;5,2;3,1;
2026/01/14;0000 UTC;0;1012;1012,3;1011,8;0;25,4;22,1;25,6;25,3;22,3;21,9;85;82;83;126;3,1;1,6;
2026/01/14;0100 UTC;0;1012,7;1012,8;1012,3;0;24,7;22,4;25,3;24,1;22,6;22,3;91;85;89;155;1,8;1,3;
2026/01/14;0200 UTC;0;1012,9;1013,1;1012,8;0;24,2;22,2;24,3;23,9;22,5;22,1;92;89;90;143;2,6;1,1;
2026/01/14;0300 UTC;0;1013,2;1013,3;1013;0;24;21,9;24,1;23,9;22,2;21,6;92;88;89;120;2,7;1,6;
2026/01/14;0400 UTC;0;1012,8;1013,2;1012,7;0;23,7;21,6;23,9;23,5;21,7;21,5;90;89;89;92;1,6;,6;
2026/01/14;0500 UTC;0;1012,5;1012,8;1012,2;0;23,3;21,3;23,6;22,5;21,5;21,2;94;89;90;261;1,3;,5;
2026/01/14;0600 UTC;0;1012,2;1012,3;1012,2;0;22,1;21,2;22,6;21,8;21,4;21;97;93;96;208;,4;,2;
2026/01/14;0700 UTC;0;1012;1012,2;1011,9;0;21,4;20,8;21,8;20,9;21,1;20,3;98;96;97;259;1,2;,8;
2026/01/14;0800 UTC;0;1012,2;1012,5;1011,9;0;20,8;20,3;21;20,6;20,6;20;98;97;98;165;1;,5;
2026/01/14;0900 UTC;0;1012,7;1012,9;1012,5;15,6;21;20,6;21,2;20,8;20,8;20,3;99;97;98;169;,6;,3;
2026/01/14;1000 UTC;0;1013,2;1013,4;1012,9;412,2;22,2;21,2;24,1;20,9;22;20,4;98;89;95;246;1,5;,8;
2026/01/14;1100 UTC;0;1013,5;1013,6;1013,3;1154,9;25,4;22;26,2;24,2;22,5;21,3;89;76;83;270;1,8;,8;
2026/01/14;1200 UTC;0;1013,6;1013,6;1013,5;2016,7;27,4;21,6;28,5;26,4;22,2;21;78;65;71;303;4,3;2,5;
2026/01/14;1300 UTC;0;1013,6;1013,7;1013,5;2766,7;29;22;30;28,4;24,1;21;72;63;65;259;3,2;1,4;
2026/01/14;1400 UTC;0;1013,4;1013,5;1013,3;3346,1;30,4;22,9;31,2;29,7;23,9;22,1;67;58;63;260;4,5;1,8;
2026/01/14;1500 UTC;0;1013,1;1013,3;1012,7;3727,5;31,8;23,3;32,2;31;24,6;22,6;64;53;57;242;4,5;2,5;
2026/01/14;1600 UTC;0;1012,3;1012,7;1012,1;3971,5;33,1;22,5;33,7;32,2;24,3;21,1;60;40;47;249;5;2,7;
2026/01/14;1700 UTC;0;1011,9;1012,1;1011,7;2759,3;33,2;21,3;33,6;32,7;23,3;20;50;36;41;257;6,3;3,1;
2026/01/14;1800 UTC;0;1011,4;1011,7;1011,1;2826;33,5;21,6;34,3;33,1;23,1;20,5;45;36;40;259;5,6;2,2;
2026/01/14;1900 UTC;0;1010,7;1011,1;1010,3;2589,2;34,1;21,9;34,6;33,2;22,9;21,2;43;36;39;262;5;2;
2026/01/14;2000 UTC;0;1010,4;1010,4;1010,2;1354,3;33,2;21,6;34,2;32,5;22,4;20,7;46;39;42;273;4,5;2;
2026/01/14;2100 UTC;0;1010,2;1010,3;1010,1;864,6;32,9;22;33,8;32,1;22,9;21,1;52;39;45;217;1,7;,7;
2026/01/14;2200 UTC;0;1010,2;1010,4;1010,1;540;32,6;23;34,6;30,4;24,3;21,3;69;37;52;120;7,4;3,9;
2026/01/14;2300 UTC;0;1010,7;1010,8;1010,4;40,5;29,3;23,7;30,4;28,2;24,3;22,9;74;69;72;114;6,6;3,6;
2026/01/15;0000 UTC;0;1011;1011,2;1010,7;0;27,5;22,6;28,2;27;22,9;22,3;77;73;75;113;5,3;2,7;
2026/01/15;0100 UTC;0;1011,5;1011,8;1011,2;0;26,5;22,2;26,9;26,1;22,3;22,1;80;77;79;108;4,2;2,1;
2026/01/15;0200 UTC;0;1011,9;1012,1;1011,7;0;25,8;22,1;26,1;25,4;22,2;21,9;84;80;82;126;2,6;1,4;
2026/01/15;0300 UTC;0;1011,9;1012,1;1011,8;0;24,9;22;25,4;24,1;22,1;21,8;90;83;85;169;1,9;1,4;
2026/01/15;0400 UTC;0;1011,6;1011,8;1011,4;0;24,4;21,6;24,5;24,1;22;21,4;89;85;86;109;1,7;1;
2026/01/15;0500 UTC;0;1011,1;1011,4;1010,9;0;23,5;21,4;24,2;23,1;21,6;21,1;93;86;90;129;1,3;,8;
2026/01/15;0600 UTC;0;1010,9;1011;1010,8;0;22,1;20,9;22,9;21,7;21,2;20,7;96;91;94;95;,6;,2;
2026/01/15;0700 UTC;0;1010,8;1010,8;1010,7;0;21,4;20,5;21,7;20,9;20,8;20,1;96;94;95;294;,6;,4;
2026/01/15;0800 UTC;0;1011,1;1011,5;1010,8;0;20,6;20;20,9;20,3;20,2;19,7;98;96;97;320;,9;,6;
2026/01/15;0900 UTC;0;1011,7;1011,9;1011,5;21;20,5;20;20,8;20,2;20,4;19,6;98;97;98;264;,7;,4;
2026/01/15;1000 UTC;0;1012,1;1012,3;1011,9;395,2;22,7;21,2;24,8;20,9;22,4;20,4;98;86;93;78;1,6;,9;
2026/01/15;1100 UTC;0;1012,3;1012,4;1012,2;1122,6;27,1;21,8;28,6;24,9;22,5;21,2;87;65;73;106;2;,8;
2026/01/15;1200 UTC;0;1012,3;1012,3;1012,2;2001,3;29,6;21,7;30,8;28,1;22,2;21,2;69;54;60;186;4,3;2,4;
2026/01/15;1300 UTC;0;1012,2;1012,3;1012,1;2734,3;31,2;22,1;31,7;30,8;22,6;21,4;57;52;54;298;4,6;2,6;
2026/01/15;1400 UTC;0;1011,9;1012,1;1011,8;3333,3;32,6;23;33,7;31,6;23,8;22,3;55;47;52;291;5,3;2,3;
2026/01/15;1500 UTC;0;1011,5;1011,8;1011,2;3675,1;34,3;23,7;35,1;33,5;24,9;22,8;52;41;47;289;3,3;1,9;
2026/01/15;1600 UTC;0;1011;1011,3;1010,7;3856,5;35,2;23,3;35,9;34,7;24,1;22,3;47;32;40;282;4,8;1,9;
2026/01/15;1700 UTC;0;1010,3;1010,7;1009,9;3759,2;35,3;23,5;36;34,9;24,4;22,6;45;36;41;222;6,2;4;
2026/01/15;1800 UTC;0;1009,5;1009,9;1009;3260,9;35,6;23,6;36;35,2;24,6;22,7;44;35;40;212;6,2;3,3;
2026/01/15;1900 UTC;0;1008,5;1008,5;1008,5;2555,4;35,8;23,8;35,8;35,8;23,8;23,8;40;40;40;204;5,2;2,8;
2026/01/15;2000 UTC;0;1009,6;1009,6;1009,6;401,9;27,9;19,9;27,9;27,9;19,9;19,9;60;60;60;45;8,7;5,9;
2026/01/15;2100 UTC;0;1009,9;1010,4;1009,5;1121,1;27,9;20,3;28,9;27,2;21,2;19,2;67;58;62;89;9,4;3,5;
2026/01/15;2200 UTC;0;1010,2;1010,3;1010;421,6;27,8;19,7;28,2;27,4;20,1;19,4;63;56;59;109;4,1;1,7;
2026/01/15;2300 UTC;0;1010,4;1010,8;1010,1;15,1;26,8;19,9;27,8;25,7;20,8;19,6;73;59;66;88;3;1,3;
2026/01/16;0000 UTC;0;1011,2;1011,5;1010,8;0;25,1;20,7;26,3;23,5;21,3;20,2;89;69;78;182;1,8;1,1;
2026/01/16;0100 UTC;0;1011,7;1011,9;1011,5;0;24,1;20,6;24,5;23,9;21;20,4;85;81;82;146;2;1,1;
2026/01/16;0200 UTC;0;1011,6;1011,7;1011,4;0;23,6;20,7;24,3;22,5;21,1;20,6;92;81;86;181;1,2;,6;
2026/01/16;0300 UTC;0;1011,6;1011,7;1011,5;0;22,5;20,6;23,1;21,8;20,9;20,4;94;88;91;263;,8;,5;
2026/01/16;0400 UTC;0;1011,6;1011,7;1011,4;0;21,6;20,4;22;21,3;20,5;20,2;96;92;94;71;1;,5;
2026/01/16;0500 UTC;0;1011,1;1011,4;1010,8;0;21,2;20,1;21,9;20,8;20,6;19,8;96;93;95;196;,6;,3;
2026/01/16;0600 UTC;0;1010,7;1010,8;1010,6;0;20,9;20;21,1;20,7;20,3;19,8;97;95;96;299;1,3;,8;
2026/01/16;0700 UTC;0;1010,5;1010,7;1010,3;0;20,7;19,9;21;20,6;20,4;19,7;97;95;96;309;1,1;,6;
2026/01/16;0800 UTC;0;1010,2;1010,4;1010;0;21,1;20,3;21,4;20,7;20,4;20;98;94;96;32;,6;,5;
2026/01/16;0900 UTC;0;1010,1;1010,3;1009,9;13,2;20,8;20;21,4;20,4;20,6;19,7;97;94;96;29;1,3;,9;
2026/01/16;1000 UTC;0;1010,8;1011,3;1010,2;431,9;22,4;20,7;24,3;20,8;21,7;19,9;96;85;92;245;1,3;,5;
2026/01/16;1100 UTC;0;1011,7;1012,1;1011,3;1161,5;25,7;21,6;27,1;24,4;22,2;20,9;86;70;79;284;3,4;1,7;
2026/01/16;1200 UTC;0;1011,9;1012,1;1011,8;1761,5;28,5;21,3;29,2;27,2;21,8;20,9;73;60;64;323;4,4;2,5;
2026/01/16;1300 UTC;0;1011,5;1011,8;1011,3;2652,9;30,5;22,3;31,5;29;23,3;21,5;64;56;59;300;5,1;2,1;
2026/01/16;1400 UTC;0;1011,6;1011,8;1011,4;2257,8;31,3;23,2;31,7;31;24;22,7;62;57;60;258;5,4;3;
2026/01/16;1500 UTC;0;1011,6;1011,7;1011,5;2612,3;31,3;23,8;31,8;30,9;24,7;23,2;66;60;63;269;5,9;2,4;
2026/01/16;1600 UTC;0;1011,7;1011,8;1011,6;2272,7;32,1;24;32,7;31,6;24,9;22,8;65;55;60;262;6,8;3,2;
2026/01/16;1700 UTC;0;1011,1;1011,6;1010,7;2735,8;33;23,1;33,5;31,8;24,2;22;56;46;50;250;5,1;2,2;
2026/01/16;1800 UTC;0;1010,8;1010,9;1010,6;1783,3;32,3;23,8;33,3;30,4;25;23;72;48;58;194;6,7;2,9;
2026/01/16;1900 UTC;0;1010,9;1010,9;1010,9;219,1;26,6;24,4;26,6;26,6;24,4;24,4;89;89;89;190;5,2;3,4;
2026/01/16;2000 UTC;0;1012,1;1012,1;1012,1;106,5;26,6;24,3;26,6;26,6;24,3;24,3;88;88;88;186;6,5;4,3;
2026/01/16;2100 UTC;;;;;;;;;;;;;;;;;;
2026/01/16;2200 UTC;2,4;1013,5;1014,3;1012,9;48,4;23,6;22;23,9;23,4;22,4;21,6;95;89;92;200;2,8;1,3;
2026/01/16;2300 UTC;,6;1014,2;1014,4;1013,8;5,7;23,3;22;23,7;22,6;22,3;21,3;95;91;93;108;5,1;2,2;
2026/01/17;0000 UTC;,4;1013,7;1014,3;1013,1;0;22,6;21,5;22,7;22,6;21,7;21,3;95;93;94;66;7,4;4,6;
2026/01/17;0100 UTC;0;1013,6;1014;1013,1;0;22,6;21,6;22,9;22,3;21,9;21,3;97;93;95;195;2,4;1,1;
2026/01/17;0200 UTC;0;1013,8;1013,9;1013,6;0;22,5;21,9;22,6;22,5;22,1;21,8;98;97;97;302;2;1,3;
2026/01/17;0300 UTC;0;1013,7;1013,9;1013,3;0;22,4;22;22,5;22,2;22,1;21,8;98;97;98;224;,9;,5;
2026/01/17;0400 UTC;0;1013,2;1013,6;1012,8;0;22,2;22;22,4;22,1;22,2;21,8;99;98;99;150;,9;,3;
2026/01/17;0500 UTC;0;1012,7;1012,8;1012,6;0;22;21,8;22,1;21,9;22;21,6;99;98;99;312;2,5;1,3;
2026/01/17;0600 UTC;0;1012,2;1012,6;1011,9;0;21,9;21,7;22,1;21,7;21,9;21,4;99;98;99;305;1,4;,8;
2026/01/17;0700 UTC;0;1011,8;1012;1011,6;0;22,4;22,2;22,5;22,1;22,3;21,9;99;99;99;211;1,7;,5;
2026/01/17;0800 UTC;0;1011,8;1011,9;1011,7;0;22,7;22,4;22,9;22,4;22,6;22,1;99;98;99;306;1,1;,6;
2026/01/17;0900 UTC;0;1012;1012,3;1011,8;14,7;22,6;22,3;22,8;22,5;22,5;22,2;99;98;98;302;2;1,1;
2026/01/17;1000 UTC;0;1012,4;1012,4;1012,3;370,6;23;22,6;23,6;22,7;23;22,4;98;96;98;218;1,4;,8;
2026/01/17;1100 UTC;0;1012,5;1012,7;1012,4;1044,9;24,6;22,9;25,2;23,7;23,4;22,6;96;87;92;97;1,2;,6;
2026/01/17;1200 UTC;0;1012,5;1012,7;1012,3;1531,4;25,9;23;27;25,1;23,7;22,5;89;80;85;102;4,4;2,3;
2026/01/17;1300 UTC;0;1012,3;1012,4;1012,2;2839,7;27,6;22,7;28,6;26,9;23,5;22;83;70;76;115;4,2;2;
2026/01/17;1400 UTC;0;1012,1;1012,2;1012;2734,2;28,8;22,8;29,6;28;23,7;22;75;63;70;109;3,9;1,8;
2026/01/17;1500 UTC;0;1011,8;1012;1011,5;2265,3;29,2;22,5;30,5;28,2;23,6;21,6;76;59;67;192;5,4;2,9;
2026/01/17;1600 UTC;0;1011,3;1011,5;1011,1;3368,7;29,3;23,3;30;28,7;24,5;22,5;77;65;70;172;4,5;2,8;
2026/01/17;1700 UTC;0;1010,8;1011,1;1010,5;1882,1;29,7;22,9;30,2;28,8;23,8;22,1;73;60;66;150;4,7;2,8;
2026/01/17;1800 UTC;1;1010,3;1010,5;1010,1;457,6;28;23,6;28,9;26,1;24,2;23,2;90;72;78;226;4;1,4;
2026/01/17;1900 UTC;1,2;1009,6;1010,2;1009,2;1843;27,7;24,2;28,9;26,1;25,1;23,4;91;73;82;155;5,6;3,3;
2026/01/17;2000 UTC;0;1008,5;1008,5;1008,5;503,8;27,6;23,4;27,6;27,6;23,4;23,4;79;79;79;120;7,3;3,2;
2026/01/17;2100 UTC;0;1008,8;1008,8;1008,8;207,2;27,6;23;27,6;27,6;23;23;77;77;77;108;6,6;4;
2026/01/17;2200 UTC;;;;;;;;;;;;;;;;;;
2026/01/17;2300 UTC;0;1008,8;1009;1008,6;22,2;26,6;23,2;27,1;26,1;23,3;23,1;85;80;83;114;4,5;2,4;
2026/01/18;0000 UTC;0;1009;1009,2;1008,9;0;25,7;23,2;26,1;25,3;23,3;23,1;89;85;87;120;3,8;2;
2026/01/18;0100 UTC;0;1009,2;1009,4;1009;0;25;23,1;25,3;24,8;23,2;23,1;92;89;90;126;3,7;2;
2026/01/18;0200 UTC;0;1009,5;1009,7;1009,3;0;24,6;23,1;24,8;24,4;23,1;23,1;93;92;93;126;3,2;1,8;
2026/01/18;0300 UTC;0;1009,3;1009,5;1009,1;0;24,3;23,2;24,4;24,2;23,3;23,1;95;93;94;132;2,6;1,5;
2026/01/18;0400 UTC;0;1008,8;1009,1;1008,5;0;24,3;23,2;24,4;24,2;23,3;23,2;95;94;95;117;2,9;1,4;
2026/01/18;0500 UTC;0;1008,2;1008,6;1007,9;0;24,4;23,4;24,4;24,3;23,5;23,3;96;95;95;126;2;1,2;
2026/01/18;0600 UTC;0;1008;1008,1;1007,7;0;24,3;23,5;24,3;24,3;23,5;23,4;96;96;96;126;1,9;1,1;
2026/01/18;0700 UTC;0;1007,4;1007,6;1007,2;0;24,2;23,5;24,3;24,2;23,6;23,4;97;96;96;62;1,7;1,1;
2026/01/18;0800 UTC;0;1007,4;1007,6;1007,2;0;24,2;23,5;24,2;24,2;23,6;23,5;97;96;96;109;1,8;,8;
2026/01/18;0900 UTC;0;1007,7;1007,9;1007,5;14,7;24,1;23,6;24,2;24,1;23,7;23,5;98;97;97;93;1;,4;
2026/01/18;1000 UTC;,2;1007,8;1008,1;1007,5;172,7;24,5;23,9;24,8;24,2;24,2;23,6;98;96;97;147;2,8;1,3;
2026/01/18;1100 UTC;,4;1008,2;1008,4;1007,9;61,9;24,7;24,1;24,8;24,6;24,3;24;98;96;97;165;1,2;,7;
2026/01/18;1200 UTC;1,8;1008,7;1009,1;1008,2;67,4;24;23,5;24,7;22,5;24,3;22,1;98;93;97;131;9,2;3,5;
2026/01/18;1300 UTC;1;1009;1009,2;1008,8;414,8;22,7;22,3;23,1;22,5;22,7;22;98;97;98;121;2,1;1,1;
2026/01/18;1400 UTC;2,4;1009,4;1009,6;1009,2;696,3;23,3;22,3;23,7;23;22,7;21,8;98;92;95;197;1,2;,4;
2026/01/18;1500 UTC;0;1009,1;1009,2;1008,9;1372,4;24,2;22,4;25;23,6;23,1;21,8;94;87;91;110;1,7;,8;
2026/01/18;1600 UTC;0;1008,9;1009;1008,5;1602;25,5;22,8;26,6;24,6;23,5;22,2;91;81;87;179;6,8;3,4;
2026/01/18;1700 UTC;,4;1008,7;1008,9;1008,5;917,4;25,5;21,8;26;25;22,7;21,2;84;79;82;169;5,7;3,2;
2026/01/18;1800 UTC;0;1008,6;1008,8;1008,3;2047,4;26,8;22,2;27,6;25,9;23;21,6;81;72;77;180;9,2;4,7;
2026/01/18;1900 UTC;0;1008,2;1008,4;1007,9;1323,4;26,7;20,3;27,4;26,2;22,5;18,4;78;58;68;182;11,1;5,8;
2026/01/18;2000 UTC;0;1008,4;1008,6;1008,3;1657,6;27,2;19,2;28;26,7;19,8;18,4;64;56;60;177;8;4,3;
2026/01/18;2100 UTC;0;1008,9;1009,2;1008,5;895;26,5;18,9;26,8;26,2;19,9;18;66;57;62;173;9,4;4,4;
2026/01/18;2200 UTC;0;1009,7;1010,4;1009,2;486,1;26;19,1;26,6;25,1;19,8;18,4;68;63;66;164;7,3;3,8;
2026/01/18;2300 UTC;0;1010,7;1011;1010,4;16,6;24,4;18,5;25,1;23,7;18,9;18,1;73;68;71;146;3,5;2;
2026/01/19;0000 UTC;0;1012,1;1012,1;1012,1;0;22,7;18,6;22,7;22,7;18,6;18,6;79;79;79;136;2,4;1,4;
2026/01/19;0100 UTC;0;1012,8;1013,2;1012,2;0;22,3;18,7;22,8;21,9;19;18,5;85;79;82;130;2,4;1,2;
2026/01/19;0200 UTC;0;1013,4;1013,8;1013,2;0;20,9;19;21,9;19,9;19,1;18,8;95;84;90;295;1,2;,7;
2026/01/19;0300 UTC;0;1014;1014,1;1013,8;0;19,8;18,9;19,9;19,6;19,1;18,8;97;95;96;40;1,4;,8;
2026/01/19;0400 UTC;0;1014;1014,1;1013,7;0;19,5;18,8;19,9;19,1;19,1;18,4;98;95;97;89;1,4;,7;
2026/01/19;0500 UTC;0;1013,7;1013,8;1013,4;0;20;18,8;20,9;19,5;19,3;18,6;96;89;94;251;1,8;,9;
2026/01/19;0600 UTC;2,6;1013,6;1013,8;1013,4;1,5;20,2;19,1;21;19,7;19,6;18,6;97;91;95;170;6,8;3;
2026/01/19;0700 UTC;,4;1013,8;1014;1013,6;0;20;18,6;20,2;19,7;18,9;18,5;96;92;93;177;5,9;2,4;
2026/01/19;0800 UTC;,2;1014;1014,1;1013,8;0;19,6;19;19,7;19,6;19,2;18,9;97;96;97;87;1,7;,9;
2026/01/19;0900 UTC;0;1014,4;1014,7;1014;7,5;19,6;18,4;19,8;19,4;19;17;97;86;94;161;4,1;1,9;
2026/01/19;1000 UTC;,2;1015,1;1015,6;1014,7;183,7;20;17;20,2;19,6;17,4;16,7;89;83;85;193;5,1;2,2;
2026/01/19;1100 UTC;0;1015,9;1016,2;1015,6;795,4;21,3;16,7;22,4;20,3;17,2;16,1;84;69;77;166;7,2;3,9;
2026/01/19;1200 UTC;0;1016,5;1016,8;1016,2;1312,2;22,3;15,4;22,6;22,1;16,2;14,5;70;60;65;159;9,2;5,1;
2026/01/19;1300 UTC;0;1017;1017,3;1016,6;1314,9;22,9;15;23,6;22,5;15,6;14,5;65;56;61;161;7,5;4,1;
2026/01/19;1400 UTC;0;1017,4;1017,7;1017,3;1202,6;22,8;14,4;23,3;22,5;15,2;13,9;61;55;58;165;8,8;4;
2026/01/19;1500 UTC;0;1017,5;1017,7;1017,3;2594,5;24;14,5;25,3;22,9;15,5;13,8;58;47;52;161;7,3;4,1;
2026/01/19;1600 UTC;0;1017,5;1017,6;1017,2;2950,8;24,5;14,8;25,2;23,6;15,4;14;56;47;51;154;9,6;4,9;
2026/01/19;1700 UTC;0;1017,4;1017,5;1017,2;3522,1;25,1;14,6;25,9;23,9;15,5;13,9;53;42;48;158;8,1;4,3;
2026/01/19;1800 UTC;0;1017,5;1017,6;1017,3;2289,4;24,7;14,5;25,3;23,7;15,6;13,8;55;45;49;144;7,8;4;
2026/01/19;1900 UTC;0;1017,4;1017,5;1017,2;1321,9;23,9;14,2;25,1;23,4;15;13,7;54;46;51;141;5,8;3,2;
2026/01/19;2000 UTC;0;1016,8;1017,2;1016,5;2349,3;24,7;14,1;25,2;23,9;14,9;13,4;55;44;47;138;7,1;4,3;
2026/01/19;2100 UTC;0;1016,5;1016,6;1016,4;777;23,7;13,4;24,7;23,2;13,9;12,9;51;45;48;134;5,5;3,2;
2026/01/19;2200 UTC;0;1016,6;1016,7;1016,4;255;22,7;13,2;23,7;21,8;13,7;12,6;58;47;53;140;5,6;3;
2026/01/19;2300 UTC;0;1016,9;1017,1;1016,7;18,2;21,1;13,6;21,8;20,7;14,5;12,7;69;55;63;145;4,3;2,4;
2026/01/20;0000 UTC;0;1017,4;1017,6;1017,1;0;20,4;14,5;20,8;19,9;14,6;14,3;73;68;70;124;3,2;1,8;
2026/01/20;0100 UTC;0;1017,9;1018,2;1017,7;0;19,1;14,7;19,9;17,8;15,3;14,4;86;73;78;151;1,5;,9;
2026/01/20;0200 UTC;0;1018,3;1018,4;1018,2;0;17,4;15;17,8;16,6;15,3;14,7;91;85;88;84;1;,4;
2026/01/20;0300 UTC;0;1018,4;1018,5;1018,1;0;16,6;14,6;16,8;16,3;15,1;14,2;93;87;90;46;1,9;1,3;
2026/01/20;0400 UTC;0;1018,1;1018,2;1017,8;0;15,9;14,2;16,6;14,9;14,7;13,9;96;88;91;203;,8;,6;
2026/01/20;0500 UTC;0;1017,5;1017,8;1017,3;0;14,8;14,1;15,1;14,4;14,5;13,7;98;96;97;85;,5;,1;
2026/01/20;0600 UTC;0;1017,3;1017,3;1017,2;0;13,9;13,5;14,4;13,6;14;13,2;99;97;98;325;,8;,5;
2026/01/20;0700 UTC;0;1017,2;1017,3;1017,1;0;13,6;13,3;13,8;13,4;13,6;13,2;99;98;99;282;,4;,2;
2026/01/20;0800 UTC;0;1017,2;1017,3;1017,1;0;13,3;13,1;13,6;13,2;13,4;12,9;99;99;99;153;,6;,3;
2026/01/20;0900 UTC;0;1017,4;1017,6;1017,2;6,9;13;12,9;13,3;12,9;13,1;12,7;99;99;99;337;,9;,6;
2026/01/20;1000 UTC;0;1017,8;1018;1017,6;146,7;14,4;14,2;15,6;12,9;15,4;12,8;100;98;99;273;1,4;,8;
2026/01/20;1100 UTC;0;1018,4;1018,5;1018,1;879,1;17;15,5;19;15,6;16,3;14,6;98;78;92;276;1,6;,9;
2026/01/20;1200 UTC;0;1018,5;1018,6;1018,4;2094,5;21;14,9;22,7;19,1;16,3;13,7;81;58;69;140;3,5;1,6;
2026/01/20;1300 UTC;0;1018,5;1018,6;1018,4;2903,3;23,6;14,5;24,3;22,8;15,3;13,6;61;50;54;94;5,2;2,8;
2026/01/20;1400 UTC;0;1018,4;1018,5;1018,2;3628,6;24,4;14,8;24,8;24,1;15,9;14,1;57;48;52;101;6,6;2,9;
2026/01/20;1500 UTC;0;1018,2;1018,3;1018,1;3096,7;24,9;15;26,1;24,1;17;14;55;46;51;154;4,7;2,9;
2026/01/20;1600 UTC;0;1017,9;1018,1;1017,4;3242,1;25,3;14;26,2;24,4;15,2;13,1;53;37;44;127;7,2;3,5;
2026/01/20;1700 UTC;0;1017,4;1017,5;1017,2;2859,1;25,9;13,8;26,5;25,1;15;13;45;35;39;109;6,7;3,6;
2026/01/20;1800 UTC;0;1017,1;1017,3;1016,9;3545,1;26,3;14,3;27;25,5;15,3;13;44;33;40;110;6,9;3,8;
2026/01/20;1900 UTC;0;1016,5;1016,8;1016,1;3184,8;26,5;14,6;27;25,8;15,6;13,9;45;38;41;134;8,7;3,7;
2026/01/20;2000 UTC;0;1016,1;1016,3;1016;1792,5;25,6;14,6;26,8;24,7;15,6;14;49;40;45;116;7,5;3,7;
2026/01/20;2100 UTC;0;1016,2;1016,3;1016,1;1330,8;25,1;14,4;25,6;24,7;15;13,8;49;45;46;110;7,3;3,5;
2026/01/20;2200 UTC;0;1016,3;1016,6;1016,2;495,3;23,9;14,7;24,8;23;15,2;13,9;59;46;54;125;6,7;3,3;
2026/01/20;2300 UTC;0;1016,8;1016,9;1016,6;25,9;22,1;14,7;23;21,2;14,9;14,7;67;59;63;120;5,8;3;
2026/01/21;0000 UTC;0;1017,2;1017,4;1016,9;0;20,8;14,2;21,2;20,3;14,7;13,7;68;66;67;120;5;2,4;
2026/01/21;0100 UTC;0;1017,6;1017,6;1017,4;0;19,9;13,6;20,3;19,6;13,8;13,5;70;67;68;116;4,4;2,3;
2026/01/21;0200 UTC;0;1017,5;1017,6;1017,5;0;19,4;13,8;19,6;19,1;14,3;13,6;76;70;72;129;4;2,2;
2026/01/21;0300 UTC;0;1017,7;1018;1017,6;0;18,7;14;19;18,3;14,4;13,8;80;75;76;82;3,1;1,3;
2026/01/21;0400 UTC;0;1017,9;1018;1017,6;0;18,2;14,3;18,4;18;14,5;14;82;79;81;122;2,6;1,4;
2026/01/21;0500 UTC;0;1017,4;1017,6;1017,2;0;18;14,6;18,1;17,8;14,8;14,5;85;82;83;130;2,8;1,7;
2026/01/21;0600 UTC;0;1017;1017,2;1016,7;0;17,8;14,6;18,1;17,7;14,7;14,4;85;82;84;100;2,2;1,1;
2026/01/21;0700 UTC;0;1016,7;1016,8;1016,7;0;18,2;14,7;18,3;18,1;14,9;14,5;83;82;83;116;2,6;1,6;
2026/01/21;0800 UTC;0;1016,8;1017;1016,7;0;17,8;15,1;18,2;17,3;15,4;14,8;91;83;87;105;1,6;,9;
2026/01/21;0900 UTC;0;1017,3;1017,6;1017;8,1;16,9;15,3;17,3;16,3;15,5;15;95;90;92;46;1,2;,5;
2026/01/21;1000 UTC;0;1017,9;1018,1;1017,6;296;17,8;16;19,6;16,3;16,5;15,3;97;85;91;107;2,4;1,3;
2026/01/21;1100 UTC;0;1018,3;1018,4;1018,1;998,2;20,5;16,3;21,4;19,6;16,7;15,9;84;72;79;110;4,8;2,5;
2026/01/21;1200 UTC;0;1018,4;1018,5;1018,4;2022,9;22,4;16,1;23,3;21,4;16,8;15,5;74;61;68;110;5,6;3;
2026/01/21;1300 UTC;0;1018,3;1018,4;1018,2;2798;23,8;16,1;24,4;23,1;17;15,4;67;58;62;127;6,8;3,7;
2026/01/21;1400 UTC;0;1018;1018,2;1017,8;3473;24,9;16,8;25,5;24,2;17,7;16,2;64;56;59;103;6,9;3,7;
2026/01/21;1500 UTC;0;1017,7;1017,9;1017,5;3896,8;25,8;17,2;26,4;25,3;17,9;16,6;61;52;57;101;7,9;3,9;
2026/01/21;1600 UTC;0;1017,4;1017,7;1017;4022,7;26,1;17,6;26,6;25,9;18,3;17,1;61;55;57;125;8,1;4,5;
2026/01/21;1700 UTC;0;1017;1017,2;1016,7;3550,1;26,5;17,6;27,1;25,7;18,2;17,1;59;51;55;120;8,7;4,7;
2026/01/21;1800 UTC;0;1016,5;1016,7;1016,3;3625,9;26,9;17,6;27,2;26,6;18,3;17,1;58;50;54;121;10,5;4,9;
2026/01/21;1900 UTC;0;1016,1;1016,4;1015,7;2997,9;26,3;17,4;26,9;25,9;17,9;16,8;58;52;55;123;9,5;5,3;
2026/01/21;2000 UTC;0;1015,7;1015,9;1015,5;2206,1;25,9;17;26,2;25,5;17,7;16,6;58;54;56;116;10,5;5,6;
2026/01/21;2100 UTC;0;1015,6;1015,7;1015,3;1345,3;25,2;16,6;25,8;24,7;17;16,2;59;55;57;111;10,3;5,3;
2026/01/21;2200 UTC;0;1015,8;1016,1;1015,6;527,1;24;15,9;24,7;23,2;16,5;15,5;62;58;60;115;9,7;4,3;
2026/01/21;2300 UTC;0;1016,2;1016,4;1016;31,1;22,4;15,2;23,2;21,7;15,6;15;67;62;64;116;8,4;3,8;
2026/01/22;0000 UTC;0;1016,6;1016,9;1016,4;0;21,2;14,9;21,7;20,8;15,1;14,8;71;66;68;116;6,3;3;
2026/01/22;0100 UTC;0;1017;1017,1;1016,9;0;20,5;15;20,8;20,2;15,1;14,9;75;71;73;109;5,4;2,7;
2026/01/22;0200 UTC;0;1017,2;1017,3;1017;0;19,8;15,2;20,2;19,4;15,3;15,1;79;75;77;97;4;1,6;
2026/01/22;0300 UTC;0;1017,2;1017,3;1017,1;0;19,4;15,3;19,5;19,2;15,4;15,1;81;78;80;121;4,1;2,3;
2026/01/22;0400 UTC;0;1016,8;1016,8;1016,8;0;18,7;15,5;18,7;18,7;15,5;15,5;84;84;84;120;2,4;1,8;
2026/01/22;0500 UTC;0;1016,5;1016,5;1016,5;0;18;15,4;18;18;15,4;15,4;87;87;87;111;1,6;1,1;
2026/01/22;0600 UTC;0;1016,5;1016,5;1016,5;0;17,4;15,5;17,4;17,4;15,5;15,5;90;90;90;78;,9;,2;
2026/01/22;0700 UTC;0;1016,6;1016,6;1016,6;0;17,1;15,7;17,1;17,1;15,7;15,7;93;93;93;117;1,3;1;
2026/01/22;0800 UTC;0;1017;1017;1017;0;16,2;15,6;16,2;16,2;15,6;15,6;97;97;97;169;,6;,3;
2026/01/22;0900 UTC;0;1017,6;1017,6;1017,6;49,9;17,4;15,8;17,4;17,4;15,8;15,8;92;92;92;95;1,6;1,2;
2026/01/22;1000 UTC;0;1018,2;1018,2;1018,2;876,2;20;16,1;20;20;16,1;16,1;81;81;81;271;,2;,1;
2026/01/22;1100 UTC;;;;;;;;;;;;;;;;;;
2026/01/22;1200 UTC;0;1018,6;1018,7;1018,5;1994,8;23,5;16,3;24,6;22,3;17;15,8;71;60;64;91;3,1;1,3;
2026/01/22;1300 UTC;0;1018,5;1018,6;1018,3;2797,7;24,9;16,2;25,5;24,3;17,2;15,6;63;53;57;119;4;2,1;
2026/01/22;1400 UTC;0;1018,2;1018,3;1018;3419,2;25,7;16,3;26,3;25;17,2;15,7;58;49;53;139;4,5;2,3;
2026/01/22;1500 UTC;0;1017,9;1018,1;1017,7;3796,3;26,7;17,1;27,2;25,8;18,1;16;56;47;52;121;8,3;2,6;
2026/01/22;1600 UTC;0;1017,5;1017,8;1017,2;3872,9;27,4;18;28,3;26,8;19,4;17,2;57;50;53;139;7,6;3,8;
2026/01/22;1700 UTC;0;1017;1017,2;1016,8;3768;27,9;18,8;28,2;26,9;19,7;17,9;61;50;55;114;7,8;4,1;
2026/01/22;1800 UTC;0;1016,5;1016,8;1016,3;3551,9;27,8;18,8;28,2;27,6;19,8;18,1;59;52;55;129;8,3;5,1;
2026/01/22;1900 UTC;0;1016,2;1016,3;1015,9;2910,4;27,6;18,4;28,1;26,9;19,2;18;57;52;54;113;10,2;5,5;
2026/01/22;2000 UTC;0;1016;1016,2;1015,8;2211,3;26,9;18;27,4;26,4;18,8;17,4;58;53;56;112;9,2;4,7;
2026/01/22;2100 UTC;0;1015,9;1016,1;1015,5;1344,3;25,9;17,3;26,8;25,4;17,9;16,8;59;54;57;118;10;5,2;
2026/01/22;2200 UTC;0;1016,2;1016,5;1015,9;525,3;24,6;16,7;25,3;23,8;17;16,2;63;58;61;111;10,5;5;
2026/01/22;2300 UTC;0;1016,7;1016,9;1016,4;26,8;23;16;23,8;22,4;16,3;15,9;68;62;65;114;10,8;4,3;
2026/01/23;0000 UTC;0;1017;1017,3;1016,8;0;21,8;16;22,4;21,4;16,1;15,9;73;68;71;111;8,1;3,3;
2026/01/23;0100 UTC;0;1017,5;1017,7;1017,2;0;21;16,1;21,4;20,6;16,1;16;77;73;76;117;6,2;2,5;
2026/01/23;0200 UTC;0;1017,7;1017,9;1017,5;0;20,4;16,2;20,6;20,2;16,3;16,1;80;77;79;113;5,5;3;
2026/01/23;0300 UTC;0;1017,5;1017,6;1017,4;0;19,8;16,3;20,2;19,4;16,3;16,2;84;81;82;116;3;1,6;
2026/01/23;0400 UTC;0;1017,6;1017,6;1017,4;0;19,2;16,3;19,5;19;16,4;16,3;87;84;86;138;2,9;1,7;
2026/01/23;0500 UTC;0;1017,3;1017,4;1017,2;0;18,8;16,2;19;18,6;16,4;16,2;89;86;87;106;2,3;1,1;
2026/01/23;0600 UTC;0;1017,1;1017,2;1017;0;18,3;16,3;18,6;18;16,4;16,2;92;89;90;76;1,2;,7;
2026/01/23;0700 UTC;0;1017;1017,1;1016,9;0;17,6;16,3;18;17,3;16,4;15,8;94;92;93;75;1,4;,8;
2026/01/23;0800 UTC;0;1017,1;1017,3;1016,9;0;16,8;16;17,2;16,6;16,4;15,6;97;93;96;109;1,4;,8;
2026/01/23;0900 UTC;0;1017,5;1017,8;1017,2;6;16,2;15,7;16,7;15,7;16,3;14,9;98;95;97;109;1,3;,9;
2026/01/23;1000 UTC;0;1018,1;1018,5;1017,8;393,4;17,2;16;19,3;16,1;16,6;15,5;98;83;94;108;2,9;1,4;
2026/01/23;1100 UTC;0;1018,9;1019,1;1018,5;1136,1;20,5;16,1;21,7;19,3;16,6;15,7;83;71;78;117;2,8;1,5;
2026/01/23;1200 UTC;0;1019,2;1019,4;1019,1;2015,7;23,1;16,4;24,2;21,7;17,4;15,9;75;61;66;126;4,4;2,3;
2026/01/23;1300 UTC;0;1019,3;1019,4;1019,2;2849,6;24,7;16,6;25,5;24;17,7;15,8;64;55;60;131;5,9;2,7;
2026/01/23;1400 UTC;0;1019,1;1019,3;1018,9;3457;26,1;16,9;26,7;25,4;17,7;16,3;60;51;54;139;6,9;3,7;
2026/01/23;1500 UTC;0;1018,6;1018,9;1018,3;3883,5;27,2;17,4;27,8;26,6;18,6;16,8;58;46;51;120;6,4;3,4;
2026/01/23;1600 UTC;0;1018;1018,3;1017,8;3906,3;27,8;17,6;28,2;27;19,2;16,8;57;45;49;132;8,9;4,9;
2026/01/23;1700 UTC;0;1017,5;1017,8;1017,2;3926,1;27,9;18,7;28,4;27,4;19,5;17,9;58;50;54;129;8,9;5,2;
2026/01/23;1800 UTC;0;1017,1;1017,3;1016,9;3276,1;27,7;18,3;28,4;27,2;19,4;17,7;56;51;53;122;9,4;5,4;
2026/01/23;1900 UTC;0;1016,9;1017,1;1016,7;2915,7;27,1;18,7;27,9;26,5;19,3;17,7;61;50;58;123;9,6;5,8;
2026/01/23;2000 UTC;0;1016,6;1016,9;1016,4;2261,5;26,7;18,4;27;26,3;18,9;17,9;61;57;58;125;9,3;5,5;
2026/01/23;2100 UTC;0;1016,4;1016,5;1016,2;1323,8;25,9;17,5;26,4;25,4;18;17;59;57;58;121;10;5,4;
2026/01/23;2200 UTC;0;1016,6;1016,8;1016,4;503,4;24,7;17,1;25,4;23,9;17,4;16,7;64;59;62;109;9;4,6;
2026/01/23;2300 UTC;0;1016,9;1017,3;1016,7;29,6;23;16,6;23,9;22,3;16,8;16,3;70;64;68;123;8,1;4;
2026/01/24;0000 UTC;0;1017,5;1017,8;1017,2;0;21,9;16,2;22,3;21,6;16,4;16,1;73;70;72;128;7,7;4,1;
2026/01/24;0100 UTC;0;1017,8;1018;1017,6;0;21,6;16,1;21,7;21,4;16,2;15,9;73;72;72;119;7,5;4;
2026/01/24;0200 UTC;0;1018,1;1018,1;1018;0;21,2;16,1;21,4;21;16,2;16,1;76;73;75;124;5,9;2,7;
2026/01/24;0300 UTC;0;1018,1;1018,3;1017,8;0;20,7;16,2;20,9;20,5;16,2;16,1;78;76;77;110;5,9;2,8;
2026/01/24;0400 UTC;0;1017,5;1017,8;1017,1;0;20,3;16,2;20,6;20;16,3;16,1;81;78;80;118;4,5;2,5;
2026/01/24;0500 UTC;0;1016,8;1017;1016,6;0;19,7;16,3;20;19,4;16,4;16,2;85;81;83;117;3,7;2;
2026/01/24;0600 UTC;0;1016,5;1016,7;1016,2;0;19,2;16,4;19,4;18,9;16,4;16,3;88;85;86;117;2,7;1,6;
2026/01/24;0700 UTC;0;1016,2;1016,4;1016,2;0;18,8;16,5;18,9;18,5;16,7;16,4;91;87;89;133;2,4;1,4;
2026/01/24;0800 UTC;0;1016,4;1016,5;1016,3;0;18,5;16,7;18,6;18,5;16,8;16,6;91;90;91;125;2,8;1,7;
2026/01/24;0900 UTC;0;1016,8;1017;1016,5;6,4;18,3;16,8;18,5;18;16,9;16,7;94;91;93;112;1,2;,7;
2026/01/24;1000 UTC;0;1017,1;1017,2;1017;335,7;19;17;20,2;17,8;17,4;16,3;95;85;90;112;3;1,7;
2026/01/24;1100 UTC;0;1017,4;1017,5;1017,2;1115,5;21,3;17,5;22,4;20,2;17,9;17,2;86;75;81;116;2,8;1,7;
2026/01/24;1200 UTC;0;1017,6;1017,8;1017,5;1982,3;23,6;17,7;24,7;22,5;18,4;17,4;77;64;70;122;3,5;2;
2026/01/24;1300 UTC;0;1017,6;1017,7;1017,4;2754,9;25,6;18,1;26,3;24,5;19,1;17,4;67;58;63;97;4,4;1,7;
2026/01/24;1400 UTC;0;1017,3;1017,4;1017,1;3373,2;26,9;18,6;27,6;26,4;19,8;17,9;63;54;59;150;5,9;2,6;
2026/01/24;1500 UTC;0;1016,7;1017;1016,4;3765,4;27,9;18,7;28,5;27,4;20,1;18,1;61;50;54;157;5,2;2,7;
2026/01/24;1600 UTC;0;1016,2;1016,4;1016;3932,2;28,7;19;29,3;28,1;19,7;18,3;55;48;51;155;5;2,6;
2026/01/24;1700 UTC;0;1015,7;1016;1015,4;3819,4;29,7;19,3;30,5;29,1;20,1;18,5;53;43;48;243;3,8;1,6;
2026/01/24;1800 UTC;0;1015;1015,4;1014,7;3272,4;30,6;19,7;31,1;29,9;20,9;18,5;51;43;46;171;5,2;2,6;
2026/01/24;1900 UTC;0;1014,5;1014,6;1014,4;2680,1;30,4;20,5;31,1;29,6;21,4;19,8;56;44;50;122;8,7;4,9;
2026/01/24;2000 UTC;0;1014,5;1014,7;1014,3;2186,2;29,3;20,4;29,8;28,9;21,1;20;57;54;55;117;8,2;4,2;
2026/01/24;2100 UTC;0;1014,7;1014,8;1014,6;1337;28,2;19,9;29;27,5;20,3;19,7;62;56;59;120;9,2;4,9;
2026/01/24;2200 UTC;0;1015,5;1015,5;1015,5;169,4;25,8;19,1;25,8;25,8;19,1;19,1;67;67;67;111;6,8;3,9;
2026/01/24;2300 UTC;0;1015,9;1015,9;1015,9;0;24;19;24;24;19;19;75;75;75;126;6,7;3,4;
2026/01/25;0000 UTC;;;;;;;;;;;;;;;;;;
2026/01/25;0100 UTC;0;1016,9;1017,1;1016,7;0;22,8;19,3;23;22,5;19,6;19,1;85;80;83;113;6,2;3,2;
2026/01/25;0200 UTC;0;1017,2;1017,2;1017,1;0;22,3;19,6;22,5;22,1;19,6;19,5;87;85;86;121;5,7;2,6;
2026/01/25;0300 UTC;0;1017,2;1017,3;1017,1;0;21,9;19,6;22,1;21,7;19,7;19,6;90;87;89;120;4,2;2,1;
2026/01/25;0400 UTC;0;1017;1017,2;1016,8;0;21,5;19,6;21,7;21,3;19,7;19,5;91;90;91;120;3,4;1,8;
2026/01/25;0500 UTC;0;1016,5;1016,8;1016,2;0;21;19,4;21,3;20,8;19,5;19,3;93;91;92;117;3,1;1,7;
2026/01/25;0600 UTC;0;1015,9;1016,2;1015,8;0;20,7;19,5;20,8;20,5;19,5;19,4;95;93;94;119;2,6;1,3;
2026/01/25;0700 UTC;0;1015,9;1016;1015,8;0;20,4;19,4;20,5;20,1;19,5;19,3;96;95;95;117;1,5;,8;
2026/01/25;0800 UTC;0;1016,1;1016,4;1015,8;0;20;19,2;20,1;19,8;19,4;18,9;96;96;96;115;1,4;,7;
2026/01/25;0900 UTC;0;1016,8;1017,1;1016,5;6,3;19,1;18,4;19,8;18,6;19,1;17,9;97;96;97;77;,8;,3;
2026/01/25;1000 UTC;0;1017,4;1017,6;1017,2;323;19,6;18,8;21,7;18,4;19,8;17,8;98;91;96;123;1,8;1;
2026/01/25;1100 UTC;0;1017,7;1017,8;1017,6;1051,7;22,8;19,8;24,1;21,7;20,2;19,4;90;77;85;106;2,3;1,2;
2026/01/25;1200 UTC;0;1017,8;1017,9;1017,7;1925,2;25,2;19,4;25,9;24,1;20,1;18,8;77;67;71;156;2,9;1,4;
2026/01/25;1300 UTC;0;1017,7;1017,8;1017,6;2715,3;26,5;19,6;27,8;25,6;20,7;18,6;73;58;66;147;3,4;1,6;
2026/01/25;1400 UTC;0;1017,5;1017,7;1017,3;3339,8;28,4;19,6;29,2;27,6;20,5;18,9;61;52;56;117;4,1;2,2;
2026/01/25;1500 UTC;0;1017,1;1017,3;1016,8;3710;29,5;20,5;30,2;29;21,3;19,7;59;50;55;136;5;2,1;
2026/01/25;1600 UTC;0;1016,5;1016,8;1016,2;3887,6;30,5;20,9;31,1;29,9;22;20,1;56;48;52;82;5,3;2,1;
2026/01/25;1700 UTC;0;1015,8;1016,2;1015,5;3822,5;31,2;21,9;31,8;30,8;23;21,1;57;50;53;105;5,9;2,8;
2026/01/25;1800 UTC;0;1015,3;1015,6;1014,9;3512,8;31,5;22,2;31,9;31,1;22,8;21,5;57;50;53;117;8;4,6;
2026/01/25;1900 UTC;0;1014,9;1015;1014,7;2910;31;22,3;31,5;30,5;22,9;21,9;59;55;57;110;9;4,6;
2026/01/25;2000 UTC;0;1014,7;1014,7;1014,7;1798;29,4;21,4;29,4;29,4;21,4;21,4;60;60;60;108;9,1;5,3;
2026/01/25;2100 UTC;0;1014,9;1014,9;1014,9;894,6;27,9;21,4;27,9;27,9;21,4;21,4;68;68;68;122;6,2;4,1;
2026/01/25;2200 UTC;;;;;;;;;;;;;;;;;;
2026/01/25;2300 UTC;0;1015,5;1015,7;1015,2;33,2;25,1;20,5;26;24,4;20,7;20,4;80;73;77;123;7,5;4,2;
2026/01/26;0000 UTC;0;1015,8;1016;1015,7;0;24;20,3;24,4;23,7;20,4;20,1;82;80;81;117;6,8;3,3;
2026/01/26;0100 UTC;0;1016,2;1016,3;1015,9;0;23,4;20;23,6;23,2;20,1;19,9;84;82;83;117;6,7;3;
2026/01/26;0200 UTC;0;1016,3;1016,3;1016,2;0;23;19,9;23,2;22,7;19,9;19,8;86;83;85;121;4,8;2,2;
2026/01/26;0300 UTC;0;1016,2;1016,3;1016;0;22,5;19,8;22,7;22,3;19,9;19,8;87;86;86;124;4,6;2,6;
2026/01/26;0400 UTC;0;1015,7;1016;1015,4;0;22,1;19,8;22,3;21,9;19,9;19,8;90;87;89;113;4,8;2,2;
2026/01/26;0500 UTC;0;1015,2;1015,4;1015;0;21,7;19,8;21,9;21,5;19,9;19,8;91;90;91;110;2,8;1,5;
2026/01/26;0600 UTC;0;1014,8;1015;1014,7;0;21,4;19,7;21,5;21,2;19,8;19,6;92;91;92;110;2,5;1,3;
2026/01/26;0700 UTC;0;1014,8;1014,9;1014,7;0;21;19,5;21,2;20,9;19,6;19,4;93;92;93;125;1,8;1;
2026/01/26;0800 UTC;0;1015;1015,2;1014,8;0;21;19,4;21;20,9;19,5;19,3;93;92;92;116;2,1;1,3;
2026/01/26;0900 UTC;0;1015,6;1015,9;1015,3;4,8;20,7;19,2;20,9;20,6;19,3;19,1;93;92;92;110;1,5;,9;
2026/01/26;1000 UTC;0;1016,2;1016,3;1015,9;305,3;21,6;19,2;22,7;20,6;19,5;19;93;83;88;111;1,9;1,3;
2026/01/26;1100 UTC;0;1016,8;1017,2;1016,3;1055,1;23,7;19,5;24,6;22,8;20,1;19,2;84;74;79;151;1,8;,9;
2026/01/26;1200 UTC;0;1017,2;1017,3;1017,1;1937,3;25,8;19,4;27,3;24,6;20,7;17,8;80;54;68;82;3,2;1,8;
2026/01/26;1300 UTC;0;1017,2;1017,3;1017,1;2711,2;27,9;19,3;28,8;26,8;20,6;18,1;64;52;57;159;3;1,5;
2026/01/26;1400 UTC;0;1017,1;1017,2;1016,8;3171,3;29,4;19,5;30,3;28,4;21;18,2;57;47;50;178;4,4;2,5;
2026/01/26;1500 UTC;0;1016,5;1016,8;1016,2;3727,5;30,9;20,1;31,8;30;21;19,4;50;43;46;139;4,9;2,6;
2026/01/26;1600 UTC;0;1016;1016,2;1015,7;3856,9;31,9;20,6;32,5;31,1;21,8;19,8;49;39;43;173;4,7;2,3;
2026/01/26;1700 UTC;0;1015,4;1015,8;1014,9;3721,8;33,3;21;34;32,6;22;20,2;42;36;39;137;5,3;2,3;
2026/01/26;1800 UTC;0;1014,5;1014,9;1014,2;3431,5;33,9;21,4;34,2;33,4;22,1;20,9;41;35;38;115;5,5;2,6;
2026/01/26;1900 UTC;0;1014,1;1014,1;1014,1;2550,5;33;22,3;33;33;22,3;22,3;47;47;47;130;8,3;4,8;
2026/01/26;2000 UTC;0;1013,6;1013,6;1013,6;1745,1;31,5;21,4;31,5;31,5;21,4;21,4;49;49;49;106;7,7;5,6;
2026/01/26;2100 UTC;0;1013,7;1013,8;1013,6;1199,8;30,7;21,5;31,6;29,5;22,1;21,1;61;48;54;120;9,1;3,9;
2026/01/26;2200 UTC;0;1013,9;1014;1013,6;550;28,8;21,4;29,5;27,7;21,9;21,2;68;59;63;112;8,6;4,2;
2026/01/26;2300 UTC;0;1014,3;1014,5;1014;21,8;26,5;21,5;27,6;25,6;21,6;21,3;79;68;75;118;6,4;3,7;
2026/01/27;0000 UTC;0;1014,8;1015,1;1014,5;0;25,1;21,4;25,6;24,6;21,5;21,3;84;79;81;112;5,8;2,7;
2026/01/27;0100 UTC;0;1015,2;1015,3;1015;0;24,2;21,5;24,6;23,9;21,5;21,4;88;84;87;104;5,7;1,9;
2026/01/27;0200 UTC;0;1015,3;1015,4;1015,2;0;23,6;21,5;23,9;23,3;21,6;21,4;91;88;89;141;3,8;2,1;
2026/01/27;0300 UTC;0;1015,2;1015,4;1015,1;0;23;21,2;23,3;22,8;21,4;21,1;92;90;91;126;2,5;1,6;
2026/01/27;0400 UTC;0;1014,9;1015,1;1014,6;0;22,7;21,1;22,9;22,4;21,1;21;93;91;92;97;1,9;,7;
2026/01/27;0500 UTC;0;1014,5;1014,7;1014,2;0;22,2;21;22,4;22;21,1;20,8;95;93;94;137;1,9;1,1;
2026/01/27;0600 UTC;0;1014,1;1014,2;1014;0;21,8;20,7;22,1;21,5;20,8;20,5;95;93;94;121;1,6;,5;
2026/01/27;0700 UTC;0;1014,1;1014,2;1013,9;0;20,9;19,9;21,6;20,1;20,7;19,4;97;92;95;148;1,3;,8;
2026/01/27;0800 UTC;0;1014,3;1014,5;1014,1;0;20,6;20;21,1;20;20,6;19,4;98;95;97;130;1,4;,5;
2026/01/27;0900 UTC;0;1014,8;1015,1;1014,5;4,5;20,9;20,4;21,1;20;20,6;19,4;98;97;98;108;2,2;1,4;
2026/01/27;1000 UTC;0;1015,4;1015,6;1015,1;325,1;21,7;20,6;22,6;21;20,8;20,4;98;90;95;114;2,5;1,2;
2026/01/27;1100 UTC;0;1015,6;1015,8;1015,5;1047,4;23,6;20,8;24,9;22,6;21,3;20,6;90;80;86;121;1,4;,7;
2026/01/27;1200 UTC;0;1015,7;1015,8;1015,6;1995,6;25,7;21,4;27,1;24,6;22,3;20,8;84;70;79;145;2,6;1,5;
2026/01/27;1300 UTC;0;1015,5;1015,6;1015,3;2627,6;28,2;21;29,4;26,9;22,1;20,3;74;58;64;187;2,8;1,4;
2026/01/27;1400 UTC;0;1015,3;1015,4;1015,1;3263,2;30,2;21,2;31;29,1;22,6;20,4;61;51;55;209;3,4;1,9;
2026/01/27;1500 UTC;0;1014,9;1015,1;1014,6;3622,8;31,4;21,3;32,4;30,6;22;20,7;54;45;49;231;3,6;2,4;
2026/01/27;1600 UTC;0;1014,5;1014,7;1014,1;3764,9;32,9;21,5;33,4;32,2;22,2;21,1;49;39;43;184;4,2;1,7;
2026/01/27;1700 UTC;0;1013,8;1014,1;1013,4;3677,8;34,4;21,9;35,3;33,6;23,2;21,1;45;33;38;125;4,5;2,3;
2026/01/27;1800 UTC;0;1012,9;1013,4;1012,4;3381,8;35,2;22,2;35,7;34,7;23,3;20,8;40;30;35;141;4,5;2,5;
2026/01/27;1900 UTC;0;1011,7;1011,7;1011,7;1421,3;34,7;23;34,7;34,7;23;23;42;42;42;122;3,2;2,4;
2026/01/27;2000 UTC;0;1011,5;1011,7;1011,3;1980,2;34,4;23,1;34,9;33,9;23,6;22,7;46;41;43;96;6,9;3;
2026/01/27;2100 UTC;0;1011,1;1011,3;1011;1236,5;33,4;22,8;34,1;32,4;23,3;22,5;51;44;47;99;6,7;3,5;
2026/01/27;2200 UTC;0;1011,5;1011,9;1011,1;275,1;31,4;21,6;32,4;30,7;22,5;21,1;53;50;51;106;6,4;3;
2026/01/27;2300 UTC;0;1012,3;1012,8;1011,8;13,5;29,5;20,9;30,6;28,7;21,1;20,7;61;52;57;123;3,8;1,9;
2026/01/28;0000 UTC;0;1012,9;1013,2;1012,8;0;27,9;20,8;28,7;27;21,1;20,5;70;60;65;104;4,4;1,9;
2026/01/28;0100 UTC;0;1013,5;1013,7;1013,2;0;26,6;21,2;27;26,1;21,5;21;76;71;73;132;2,9;1,8;
2026/01/28;0200 UTC;0;1013,5;1013,6;1013,4;0;25,8;21,6;26,1;25,4;21,8;21,4;82;76;79;99;3,5;1,3;
2026/01/28;0300 UTC;0;1013,4;1013,6;1013,3;0;25;21,9;25,4;24,6;22;21,8;87;82;84;99;2,6;1,4;
2026/01/28;0400 UTC;0;1013,3;1013,4;1013,2;0;24,3;22;24,5;23,9;22,1;22;91;87;89;128;1,7;,9;
2026/01/28;0500 UTC;0;1013,1;1013,4;1013;0;23;21,7;23,9;22,6;22,1;21,5;95;90;93;155;1,2;,5;
2026/01/28;0600 UTC;0;1012,7;1013;1012,5;0;23;22;23,4;22,6;22,2;21,6;96;94;95;112;1,6;,9;
2026/01/28;0700 UTC;0;1012,4;1012,5;1012,3;0;23,4;22,1;23,5;23,4;22,2;22;94;93;94;94;1,5;,8;
2026/01/28;0800 UTC;0;1012,7;1012,9;1012,5;0;22,5;21,4;23,4;21,8;22,2;20,7;96;91;95;59;1,1;,4;
2026/01/28;0900 UTC;0;1012,9;1013,2;1012,7;4,4;22,1;21,5;22,5;21,6;22;20,6;98;95;97;102;1,8;1;
2026/01/28;1000 UTC;0;1013,4;1013,6;1013,2;378,5;23;22;24,3;22,5;22,5;21,6;97;90;95;91;1,7;,8;
2026/01/28;1100 UTC;0;1013,8;1014;1013,5;964,6;25,1;22,3;26,6;24,4;23,1;21,9;90;79;86;156;1,7;,7;
2026/01/28;1200 UTC;0;1013,9;1014;1013,8;1838,6;27,4;22,8;28,4;26,5;23,4;22,4;84;71;77;172;2,5;1,2;
2026/01/28;1300 UTC;0;1013,9;1014;1013,8;2171,4;28,8;22,5;29,5;27,9;23,3;21,8;74;62;68;189;2,6;1,4;
2026/01/28;1400 UTC;0;1013,9;1014;1013,8;3280,3;30,8;22,2;31,7;29,5;23;20,2;65;42;57;205;3,7;2,2;
2026/01/28;1500 UTC;0;1013,6;1013,9;1013,3;3441,6;32,6;21,8;33,2;31,7;23,8;19,8;53;39;46;235;3,5;2,1;
2026/01/28;1600 UTC;0;1012,9;1013,3;1012,6;3662,5;33,7;23,5;34,4;33,1;24,4;22,7;55;45;49;184;4,2;2,5;
2026/01/28;1700 UTC;0;1012,3;1012,6;1011,7;3623,4;34,7;23,1;35,2;34,2;23,8;22,4;48;37;42;171;5,3;2,6;
2026/01/28;1800 UTC;0;1011,4;1011,4;1011,4;739,3;33,6;22,9;33,6;33,6;22,9;22,9;46;46;46;124;3,4;2,2;
2026/01/28;1900 UTC;0;1011,5;1011,6;1011,2;808,1;32,8;21,6;33,7;32;22,7;20,9;50;40;44;149;5,8;2,9;
2026/01/28;2000 UTC;0;1010,9;1011,2;1010,7;1753,1;32,4;22,4;33,3;31,2;23,2;21,1;54;47;50;140;5,9;3,9;
2026/01/28;2100 UTC;0;1011,3;1011,6;1010,9;428,9;30,4;23;31,2;29,8;23,5;21,9;69;54;63;145;4,4;2,1;
2026/01/28;2200 UTC;0;1012,2;1012,8;1011,6;249,2;29,8;22,8;29,9;29,4;23,5;22,3;68;63;65;98;4,4;2;
2026/01/28;2300 UTC;0;1012,8;1013;1012,6;22,4;28,9;22,3;29,4;28,1;22,6;22,1;71;65;67;127;2,8;,9;
2026/01/29;0000 UTC;0;1012,7;1012,8;1012,6;0;27,6;22,4;28,1;27,3;22,7;22,1;76;71;74;128;2,4;1,3;
2026/01/29;0100 UTC;0;1012,9;1013,1;1012,7;0;26,8;22,3;27,4;26,4;22,6;22,1;81;74;77;143;2,7;1,5;
2026/01/29;0200 UTC;0;1013,2;1013,3;1013;0;25,9;22,6;26,3;25,7;22,7;22,5;84;81;83;132;1,9;1,1;
2026/01/29;0300 UTC;0;1013,3;1013,3;1013,2;0;25,6;22,9;25,9;25,1;23,1;22,6;90;84;86;132;2,4;1,4;
2026/01/29;0400 UTC;0;1013;1013,3;1012,8;0;24,8;23,2;25;24,6;23,3;23;93;90;92;171;2,1;,7;
2026/01/29;0500 UTC;0;1012,6;1012,8;1012,5;0;24,7;23,4;24,8;24,5;23,5;23,1;94;92;93;134;2,9;1,6;
2026/01/29;0600 UTC;0;1012,5;1012,6;1012,4;0;24,6;23,1;24,7;24,2;23,2;22,9;93;91;92;100;2,4;,7;
2026/01/29;0700 UTC;0;1012,4;1012,7;1012,1;0;23,7;22,5;24,3;23,1;22,9;22,2;96;92;94;136;,7;,4;
2026/01/29;0800 UTC;0;1012,3;1012,4;1012,2;0;22,5;22;23;22,2;22,3;21,6;98;96;97;89;,8;,4;
2026/01/29;0900 UTC;0;1012,8;1013;1012,3;3,2;22,1;21,5;22,4;21,9;21,8;21,3;98;96;97;30;,6;,3;
2026/01/29;1000 UTC;0;1013,3;1013,6;1013;256,8;22,6;21,8;24,1;21,9;22,5;21,2;98;92;96;111;1,7;,8;
2026/01/29;1100 UTC;0;1013,7;1013,8;1013,5;832,8;25,1;22,6;26,3;24,1;23;22,4;92;82;88;257;1,4;,6;
2026/01/29;1200 UTC;0;1013,5;1013,6;1013,3;1533,9;26,7;22,6;28,1;25,7;23,3;22,2;84;73;80;80;2,2;1,1;
2026/01/29;1300 UTC;0;1013,2;1013,3;1013,1;2363,2;28,5;22,7;29,3;28;23,9;22,2;77;66;71;161;3,5;1,6;
2026/01/29;1400 UTC;0;1013;1013,2;1012,6;3283,1;29,6;22,7;30,3;28,9;23,4;22;70;61;66;181;3,1;1,4;
2026/01/29;1500 UTC;0;1012,9;1013,1;1012,6;2668,6;30,3;23,3;31;29,9;24;22,4;69;62;65;245;6,5;3,8;
2026/01/29;1600 UTC;0;1013,5;1013,9;1012,9;630,6;25,4;20;29,9;21,8;22,9;18,4;88;60;73;229;10,7;5,4;
2026/01/29;1700 UTC;0;1013,2;1013,6;1012,8;479,6;22,8;19;23,8;21,8;19,8;18,3;85;76;81;257;3,1;1;
2026/01/29;1800 UTC;0;1013;1013,3;1012,1;490,7;24,3;19,9;24,6;23,8;20,3;19,5;81;76;78;94;2,8;1;
2026/01/29;1900 UTC;0;1012;1012,2;1011,7;1054,1;25,1;19,9;25,5;24,5;20,4;19,5;78;71;74;57;3,3;1,8;
2026/01/29;2000 UTC;0;1011,5;1012;1011;1325,6;26;20,1;26,6;25,4;20,8;19,5;73;68;71;52;5,3;3,3;
2026/01/29;2100 UTC;0;1011;1011,2;1010,7;1373,2;26,4;20,8;27,1;25,7;21,1;20,4;76;68;72;85;4,8;1,9;
2026/01/29;2200 UTC;0;1011,4;1011,7;1011,2;160,6;25,2;20,6;25,7;25;20,8;20,5;79;75;77;116;1,6;,9;
2026/01/29;2300 UTC;0;1012,3;1012,5;1011,8;16,2;24,2;20,7;24,9;23,7;20,9;20,5;86;78;82;76;1,2;,8;
2026/01/30;0000 UTC;0;1012,5;1012,6;1012,3;0;23,6;20,8;24;23;21,2;20,6;89;83;86;149;1,1;,6;
2026/01/30;0100 UTC;0;1012,5;1012,7;1012,4;0;22,4;20,6;23;21,6;20,8;20,3;95;88;91;221;,9;,4;
2026/01/30;0200 UTC;0;1012,6;1012,8;1012,4;0;21,7;20,4;22,1;21,4;20,7;20,1;95;91;93;50;1,1;,5;
2026/01/30;0300 UTC;0;1012,7;1012,8;1012,6;0;21,1;20,1;21,4;20,9;20,4;19,8;96;94;95;237;1;,2;
2026/01/30;0400 UTC;0;1012,5;1012,7;1012,2;0;20,8;20;21;20,7;20,2;19,8;96;95;96;65;1,3;,6;
2026/01/30;0500 UTC;0;1011,9;1012,3;1011,6;0;21,1;20,1;21,3;20,9;20,3;19,8;96;93;95;226;,8;,4;
2026/01/30;0600 UTC;0;1011,3;1011,6;1011;0;20,8;19,8;21,1;20,4;20;19,5;97;94;95;63;1,4;,8;
2026/01/30;0700 UTC;0;1010,9;1011,1;1010,7;0;20,7;19,9;20,9;20,4;20,2;19,5;97;94;96;297;1,7;1,3;
2026/01/30;0800 UTC;0;1010,8;1010,9;1010,8;0;20,6;19,9;20,8;20,5;20,2;19,7;98;96;96;89;1,2;,4;
2026/01/30;0900 UTC;0;1011,2;1011,5;1010,9;2,8;20,7;19,9;21,1;20,4;20,2;19,6;97;95;96;270;1,5;,7;
2026/01/30;1000 UTC;0;1011,9;1012,3;1011,5;277,5;21,1;20,2;22,4;20,4;20,7;19,7;97;90;95;281;2,6;1,3;
2026/01/30;1100 UTC;6,8;1012,5;1012,8;1012,3;364,2;22,8;20,9;23,2;22,2;21,5;20,4;96;87;90;113;1,6;,7;
2026/01/30;1200 UTC;7,4;1012,9;1013;1012,7;242,7;22,3;21,7;22,5;22,1;21,9;21,4;98;96;97;49;3,3;2;
2026/01/30;1300 UTC;,8;1012,9;1013,1;1012,8;1129,7;23,3;22,3;24,3;22,5;23,3;21,7;97;91;95;174;2,2;1,1;
2026/01/30;1400 UTC;0;1012,5;1012,8;1012,2;2452,5;25,5;22,7;26,9;24,2;23,8;21,3;92;78;86;92;7,2;3;
2026/01/30;1500 UTC;3,6;1012,3;1012,5;1012,2;602,2;23,7;21,8;25,3;22,8;22,6;21,2;96;81;90;154;3,3;1,5;
2026/01/30;1600 UTC;,6;1012,1;1012,3;1011,9;653,6;23,7;22,7;23,9;23,5;23;22,3;96;93;95;201;3,4;1,7;
2026/01/30;1700 UTC;3,6;1011,6;1011,9;1011,2;510,6;23,6;22,6;24;23,4;23,1;22,1;96;93;95;116;4,7;2,6;
2026/01/30;1800 UTC;0;1010,8;1011,2;1010,6;724,4;24,9;22,3;26,2;23,6;23;21,4;95;76;87;151;2,3;,9;
2026/01/30;1900 UTC;0;1010,5;1010,7;1010,3;575;25,1;22,9;25,9;24,7;23,5;21,2;93;77;89;214;3,4;2;
2026/01/30;2000 UTC;0;1010;1010,3;1009,9;832,3;25,6;22,7;26,2;25;23,3;21,4;90;76;85;51;2,6;1,6;
2026/01/30;2100 UTC;0;1010,1;1010,2;1010;319,5;26,1;21,1;26,3;25,6;22,7;20,7;85;72;75;125;5,2;2,6;
2026/01/30;2200 UTC;0;1010,1;1010,3;1010;270,1;26;20,3;26,4;25,7;21;19,9;74;68;71;123;5,9;3,2;
2026/01/30;2300 UTC;0;1010,4;1010,7;1010,2;26;25,2;20,3;25,8;24,6;20,6;20,1;78;72;75;131;5;2,7;
2026/01/31;0000 UTC;0;1011;1011,1;1010,8;0;24;20,3;24,6;23,4;20,4;20,1;85;78;82;131;3,3;1,9;
2026/01/31;0100 UTC;0;1011,3;1011,5;1011,1;0;23,1;20,4;23,4;22,9;20,5;20,3;88;85;86;118;2,1;1,4;
2026/01/31;0200 UTC;0;1011,2;1011,4;1010,8;0;22,1;20,5;22,9;21,4;20,7;20,4;96;88;92;149;1,7;1,1;
2026/01/31;0300 UTC;0;1010,6;1010,9;1010,2;0;21,1;20,4;21,4;20,9;20,6;20,2;97;96;96;128;1,3;,6;
2026/01/31;0400 UTC;0;1009,7;1010,2;1009,4;0;20,8;20,2;21;20,5;20,4;19,8;98;96;97;90;1,3;,6;
2026/01/31;0500 UTC;0;1009,4;1009,5;1009,3;0;19,9;19,5;20,6;19,5;20,1;19,1;99;97;98;331;1,5;1;
2026/01/31;0600 UTC;0;1009,1;1009,3;1009;0;19,5;19,3;19,9;19,4;19,7;19,1;99;99;99;84;1,2;,2;
2026/01/31;0700 UTC;0;1008,9;1009;1008,8;0;19,4;19,2;19,6;19,2;19,4;19;99;99;99;314;1,5;,6;
2026/01/31;0800 UTC;0;1008,8;1009;1008,7;0;18,9;18,7;19,3;18,6;19,2;18,4;99;99;99;293;,6;,3;
2026/01/31;0900 UTC;0;1008,9;1009,1;1008,9;2,5;18,8;18,7;19;18,5;18,9;18,4;100;99;99;329;1,4;,9;
2026/01/31;1000 UTC;0;1009,3;1009,5;1009,1;155,6;19,4;19,3;20,3;18,5;20,3;18,4;100;99;100;313;2,8;1,6;
2026/01/31;1100 UTC;0;1009,5;1009,6;1009,4;727;21;20,8;22;20,3;21,5;20,3;100;97;99;324;3;1,8;
2026/01/31;1200 UTC;0;1009,7;1009,8;1009,4;1175,5;23,1;21,2;23,8;22;21,7;20,7;97;85;91;289;5,8;2;
2026/01/31;1300 UTC;2,8;1010;1010,1;1009,8;693,9;21,9;20,8;23,2;21,4;21,8;20,2;97;87;94;223;1,4;,6;
2026/01/31;1400 UTC;1,6;1009,9;1010;1009,8;661;22,7;20,7;23;22,2;21,5;20,1;93;87;90;139;3,4;,8;
2026/01/31;1500 UTC;1,2;1009,7;1010;1009,5;1308,6;23,4;20,4;24,5;22,4;21,6;19,3;91;76;85;191;5,8;2,7;
2026/01/31;1600 UTC;4,6;1009,5;1009,9;1009,1;1080,1;21,8;19,8;22,9;20,8;20,4;19,2;94;83;90;63;2,9;1,4;
2026/01/31;1700 UTC;0;1008,9;1009,1;1008,7;2219,4;23,7;20,3;24,5;22,8;21,3;19,6;87;79;83;184;2;,7;
2026/01/31;1800 UTC;0;1008,3;1008,7;1008;1816,1;24,7;20,5;25,4;23,9;21,6;19,1;84;72;79;138;7,5;1,9;
2026/01/31;1900 UTC;0;1007,4;1008;1007;2634,3;25,9;19,7;27,1;24,5;20,9;18,3;79;58;69;175;5;2,6;
2026/01/31;2000 UTC;0;1006,7;1007;1006,3;1922,4;26,8;18,4;27,3;25,9;19,3;16,9;64;54;58;190;5;2,8;
2026/01/31;2100 UTC;0;1006,3;1006,5;1006,2;1105,7;26,3;17,8;26,9;25,8;18,4;17,2;60;55;57;157;5;2,8;
2026/01/31;2200 UTC;0;1006,4;1006,6;1006,3;231,1;24,9;18,1;26,1;23,6;19,2;17,6;75;60;66;155;3;1,5;
2026/01/31;2300 UTC;0;1006,7;1007;1006,5;10;23,1;18;23,6;22,6;18,7;17,6;79;70;74;183;2;,7;
2026/02/01;0000 UTC;0;1006,7;1006,8;1006,4;0;21,8;18,8;22,9;21,3;19,3;18,1;89;79;85;52;1;,7;
2026/02/01;0100 UTC;0;1006,9;1007,1;1006,7;0;20,3;18,5;21,3;19,7;19,1;18,2;93;88;91;318;1,1;,6;
2026/02/01;0200 UTC;0;1007,2;1007,3;1007;0;19,5;18,5;19,8;19,2;18,7;18,3;96;93;95;335;1,1;,6;
2026/02/01;0300 UTC;0;1007;1007,1;1006,9;0;19;18,3;19,3;18,7;18,5;18,1;97;95;96;313;1,6;1;
2026/02/01;0400 UTC;0;1006,7;1006,9;1006,5;0;18,6;18;18,8;18,3;18,3;17,8;98;97;97;300;1,9;1,2;
2026/02/01;0500 UTC;0;1006,3;1006,5;1006;0;18,3;17,9;18,5;18,2;18,1;17,7;98;97;98;272;1,9;,8;
2026/02/01;0600 UTC;0;1005,4;1005,4;1005,4;0;18,4;18,1;18,4;18,4;18,1;18,1;98;98;98;290;1,2;,9;
2026/02/01;0700 UTC;0;1005,2;1005,2;1005,2;0;19,1;18,7;19,1;19,1;18,7;18,7;98;98;98;297;2;1,2;
2026/02/01;0800 UTC;0;1005,3;1005,3;1005,3;0;18,9;18,6;18,9;18,9;18,6;18,6;98;98;98;281;1,8;1,1;
2026/02/01;0900 UTC;0;1005,9;1005,9;1005,9;16,3;18,8;18,4;18,8;18,8;18,4;18,4;98;98;98;271;1,8;,7;
2026/02/01;1000 UTC;0;1006,6;1006,6;1006,6;618,4;19,7;18,7;19,7;19,7;18,7;18,7;95;95;95;292;4,5;2,1;
2026/02/01;1100 UTC;0;1007,2;1007,2;1007,2;788,7;20,5;19,1;20,5;20,5;19,1;19,1;93;93;93;293;3,7;2,2;
2026/02/01;1200 UTC;;;;;;;;;;;;;;;;;;
2026/02/01;1300 UTC;0;1007,3;1007,4;1007,1;2711,8;24,2;19;24,7;23,3;19,7;18,4;80;69;74;277;8,3;3,8;
2026/02/01;1400 UTC;0;1007;1007,2;1006,7;3015,2;25,2;18,9;26;24,6;19,6;18,2;73;65;69;270;6,6;3,4;
2026/02/01;1500 UTC;0;1006,6;1006,8;1006,5;3040,8;26;19;26,8;25,3;19,9;18,4;70;61;65;269;8,2;3,7;
2026/02/01;1600 UTC;0;1006,3;1006,6;1006,1;3414,2;27;19,2;27,6;25,9;20;18,5;65;54;61;280;8,2;4,1;
2026/02/01;1700 UTC;0;1006,2;1006,4;1006;3740,5;28;19,4;28,6;27,5;20,3;18,8;62;53;57;281;7,3;3,9;
2026/02/01;1800 UTC;0;1005,9;1006,2;1005,6;3461,8;28,9;19,5;29,4;28,5;20,2;18,9;57;49;53;256;7,7;3,7;
2026/02/01;1900 UTC;0;1005,8;1005,9;1005,6;2072;28,1;19,4;29,4;26,1;20,1;18,6;63;51;57;202;9;5,2;
2026/02/01;2000 UTC;0;1006,2;1006,4;1005,9;2011,8;27,6;19,4;28,3;27;20,4;18,7;64;53;59;221;5,2;2,5;
2026/02/01;2100 UTC;0;1006,6;1006,8;1006,4;532,4;26,7;19;26,9;26,6;19,6;18,6;64;59;62;206;3,1;1,7;
2026/02/01;2200 UTC;,6;1007,1;1007,5;1006,7;139,9;25,3;19,1;26,8;22,7;20,6;18,3;90;61;69;188;2,2;,7;
2026/02/01;2300 UTC;,8;1007,8;1007,9;1007,6;3,1;22,6;21,1;22,8;22,4;21,9;20,1;95;88;92;233;2,7;1,4;
2026/02/02;0000 UTC;0;1008,1;1008,3;1007,9;0;22,1;20,7;22,5;21,6;21,4;20,1;97;89;93;207;2,7;1,5;
2026/02/02;0100 UTC;0;1008,8;1009;1008,4;0;22;20,2;22,5;21,8;20,5;19,9;93;88;91;211;1,9;1,4;
2026/02/02;0200 UTC;0;1008,8;1009,1;1008,7;0;22;20,3;22,4;20,9;20,7;20;96;89;92;248;1,3;,6;
2026/02/02;0300 UTC;0;1008,8;1009;1008,5;0;20,8;20,1;21,1;20,3;20,5;19,7;98;96;97;222;1,4;,7;
2026/02/02;0400 UTC;0;1008,7;1009;1008,4;0;20,1;19,6;20,5;19,8;20;19,3;98;97;97;317;1,2;,6;
2026/02/02;0500 UTC;0;1008,2;1008,4;1008,1;0;20,1;19,7;20,8;19,7;20;19,3;99;96;98;309;2;1,3;
2026/02/02;0600 UTC;4,8;1008,3;1008,5;1008,1;0;21;20,4;21,4;20,6;20,9;19,8;98;96;97;53;2,2;1,3;
2026/02/02;0700 UTC;4;1008,3;1008,5;1008,2;0;21,3;20,9;21,4;21,2;20,9;20,8;99;97;98;291;3,6;1,8;
2026/02/02;0800 UTC;,2;1008,3;1008,4;1008,2;0;21;20,6;21,2;20,8;21;20,4;99;98;98;265;3,8;2;
2026/02/02;0900 UTC;0;1008,6;1008,9;1008,3;3,6;20,9;20,5;21;20,8;20,6;20,4;98;98;98;266;1,6;,9;
2026/02/02;1000 UTC;0;1009,2;1009,4;1008,9;288,1;21,1;20,7;21,7;20,8;21,3;20,4;98;97;98;292;2;,8;
2026/02/02;1100 UTC;0;1009,5;1009,7;1009,4;1007,3;22,3;20,9;23;21,7;21,3;20,6;97;89;93;276;1,6;,8;
2026/02/02;1200 UTC;0;1009,8;1010;1009,7;1975,7;24;21;25,4;22,9;21,9;20,6;91;78;85;234;2,6;1;
2026/02/02;1300 UTC;0;1009,9;1010,2;1009,8;1542,6;24,7;20,6;25,4;24,3;21,7;20,1;85;74;80;287;3;1,7;
2026/02/02;1400 UTC;0;1010;1010,2;1009,7;2785,6;26,1;20,2;27;24,8;21,2;19,2;79;63;70;249;5,2;2,2;
2026/02/02;1500 UTC;0;1009,7;1009,8;1009,4;2884,3;27,1;19,9;28;26,4;21,2;18,9;71;57;64;219;3,8;1,7;
2026/02/02;1600 UTC;0;1009,2;1009,5;1008,9;3523,4;28,1;19,7;28,7;26,9;21;19;66;51;58;245;5;2,5;
2026/02/02;1700 UTC;0;1008,9;1009;1008,7;3361,5;28,9;19,5;29,6;28,3;21;18,7;61;48;53;210;3,6;2;
2026/02/02;1800 UTC;0;1008,3;1008,7;1007,8;3545,7;29,8;19,6;30,2;29,5;20,6;19;54;46;49;190;3,8;2,1;
2026/02/02;1900 UTC;0;1007,4;1007,8;1007,1;2808,5;30,6;19,3;31,2;29,8;21,5;18;55;36;43;132;4,8;1,7;
2026/02/02;2000 UTC;0;1006,8;1007,1;1006,6;1858,9;30;20,7;30,4;29,4;21,6;20;57;50;54;170;4,7;2,3;
2026/02/02;2100 UTC;0;1006,8;1006,8;1006,8;894,9;28,7;20,6;28,7;28,7;20,6;20,6;60;60;60;106;7,8;4,6;
2026/02/02;2200 UTC;0;1007,8;1007,8;1007,8;54,4;26,8;18,2;26,8;26,8;18,2;18,2;57;57;57;120;4,8;3;
2026/02/02;2300 UTC;0;1007,9;1008,1;1007,8;10,1;26;19;26,8;25;21;18,2;80;57;65;100;7,4;3;
2026/02/03;0000 UTC;0;1008,4;1008,6;1008,1;0;24,5;20,8;25;24,1;21;20,7;84;80;82;99;6,4;2,4;
2026/02/03;0100 UTC;0;1008,8;1008,9;1008,6;0;23,9;20,5;24,1;23,6;20,7;20,3;84;82;83;130;3,1;1,8;
2026/02/03;0200 UTC;0;1008,8;1008,9;1008,7;0;22,9;20,5;23,5;22,7;20,6;20,4;89;85;88;123;3,6;1,7;
2026/02/03;0300 UTC;0;1008,9;1009;1008,7;0;22,3;20,5;22,7;22,1;20,5;20,3;92;89;91;121;3,5;2,1;
2026/02/03;0400 UTC;0;1008,4;1008,7;1008,2;0;21,9;20,3;22,1;21,7;20,4;20,3;93;91;92;121;2,6;1,6;
2026/02/03;0500 UTC;0;1007,9;1008,1;1007,7;0;21,4;20,3;21,6;21,2;20,4;20,2;96;93;94;101;2,4;1;
2026/02/03;0600 UTC;0;1007,5;1007,7;1007,3;0;21,1;20,4;21,2;20,7;20,5;20,2;97;96;96;141;2,9;1,4;
2026/02/03;0700 UTC;0;1007,4;1007,5;1007,3;0;20,8;20,2;20,8;20,7;20,3;20,1;98;97;97;121;1,7;1;
2026/02/03;0800 UTC;0;1007,7;1007,8;1007,4;0;20,3;19,8;20,8;19,5;20,3;19;98;97;98;239;,8;,3;
2026/02/03;0900 UTC;0;1008,2;1008,5;1007,8;1,2;19,3;19;19,6;19;19,3;18,6;99;98;98;322;1,3;,6;
2026/02/03;1000 UTC;0;1008,7;1008,8;1008,5;249,2;19,9;19,7;21;19;20,6;18,7;99;98;99;119;1;,6;
2026/02/03;1100 UTC;0;1009;1009,2;1008,8;966;22,7;20,9;24,3;21,1;21,4;20,5;97;83;91;119;2,2;,9;
2026/02/03;1200 UTC;0;1009,2;1009,3;1009,1;1802,3;25,3;20,9;26,4;24,4;21,6;20,2;84;70;78;205;3,4;1,4;
2026/02/03;1300 UTC;0;1009,1;1009,2;1009;2574,2;27,4;21;28,2;26,4;22,1;20,5;75;63;68;263;3,6;1,8;
2026/02/03;1400 UTC;0;1008,8;1009;1008,6;3197,5;28,9;21,2;29,4;28;22,3;20,5;66;58;61;237;4,5;2,3;
2026/02/03;1500 UTC;0;1008,2;1008,6;1008;3506,3;29,8;21,6;30,3;29,1;23,1;20,9;67;55;59;223;4,8;2,9;
2026/02/03;1600 UTC;0;1007,9;1008,1;1007,4;3769,9;30,7;21,9;31,4;29,9;23,2;21;62;52;56;221;4,2;2,5;
2026/02/03;1700 UTC;0;1007,1;1007,4;1006,7;3194,9;31,3;21,7;32,1;30,7;22,7;20,5;58;43;52;250;2,8;1,4;
2026/02/03;1800 UTC;0;1006,5;1006,8;1006,3;2551,6;32,3;21,7;32,8;31,2;23,2;21;60;43;47;102;6,3;3,1;
2026/02/03;1900 UTC;0;1006,7;1006,9;1006,3;1022,2;30,1;22,1;31;29,6;23,1;21,1;63;57;60;118;4,1;2,2;
2026/02/03;2000 UTC;0;1006,9;1006,9;1006,9;676,9;29,2;19,2;29,2;29,2;19,2;19,2;50;50;50;137;5,8;3,1;
2026/02/03;2100 UTC;0;1007,2;1007,2;1007,2;574,9;29;19,8;29;29;19,8;19,8;54;54;54;125;2,7;2,1;
2026/02/03;2200 UTC;0;1007,3;1007,6;1007,1;467,1;28,8;21,8;29,6;27,6;22,6;19,9;73;53;65;110;6,8;3,2;
2026/02/03;2300 UTC;0;1007,9;1008,1;1007,6;16,9;26,7;22,2;27,6;25,9;22,3;22;81;74;77;141;3,1;1,9;
2026/02/04;0000 UTC;0;1008,4;1008,7;1008;0;25,6;21,9;25,9;25,4;22,1;21,8;82;81;82;135;3,7;2,1;
2026/02/04;0100 UTC;0;1009,1;1009,5;1008,7;0;24,9;22;25,3;24,6;22,3;21,9;88;83;86;134;2,7;1,2;
2026/02/04;0200 UTC;0;1009,7;1009,8;1009,6;0;24,2;22,3;24,6;23,6;22,4;22;92;88;90;44;1,3;,6;
2026/02/04;0300 UTC;0;1009,7;1009,8;1009,5;0;23;22,1;23,6;22,5;22,3;21,5;97;92;95;131;1,9;1,2;
2026/02/04;0400 UTC;0;1009,5;1009,6;1009,3;0;22,3;21,9;23;21,5;22,4;20,7;99;95;98;114;1,9;1,1;
2026/02/04;0500 UTC;0;1009,1;1009,4;1008,8;0;21,8;21,4;22,4;21,4;22;20,9;98;97;98;58;1,7;,9;
2026/02/04;0600 UTC;0;1008,8;1008,9;1008,7;0;20,9;20,6;22;20,2;21,9;19,8;100;97;98;145;2,2;1,4;
2026/02/04;0700 UTC;0;1009;1009,1;1008,9;,1;22,2;22,1;22,3;22;22,3;21,9;100;100;100;129;2,1;1,2;
2026/02/04;0800 UTC;0;1009,1;1009,3;1008,9;0;22,2;22,2;22,2;22,1;22,2;22,1;100;100;100;162;1,6;1;
2026/02/04;0900 UTC;0;1009,6;1009,8;1009,3;,6;22,1;22,1;22,1;22;22,1;22;100;100;100;129;1,1;,6;
2026/02/04;1000 UTC;0;1010,1;1010,4;1009,8;53;22,1;22,1;22,2;22;22,2;22;100;100;100;286;1,4;,9;
2026/02/04;1100 UTC;0;1010,6;1010,8;1010,3;238,7;22,2;22,1;22,3;22;22,3;22;100;100;100;102;1,4;,7;
2026/02/04;1200 UTC;0;1010,9;1011;1010,8;386,2;22,5;22,4;22,7;22,4;22,5;22,2;100;99;99;269;2,1;1,2;
2026/02/04;1300 UTC;0;1011;1011,1;1010,9;1615,6;24;22,1;25,2;22,6;22,8;21,4;98;83;90;282;3,1;1,3;
2026/02/04;1400 UTC;0;1010,8;1011;1010,6;3073,2;26,7;22;27,7;25,4;22,8;21,5;85;70;77;216;3,6;2;
2026/02/04;1500 UTC;0;1010,5;1010,7;1010,3;3684,5;28,9;21,9;30,1;27,7;23,3;19,4;75;49;65;185;2,7;1,3;
2026/02/04;1600 UTC;0;1010,1;1010,3;1009,9;3706,4;30,4;22;30,8;30;22,9;19,9;63;49;58;257;3,3;1,9;
2026/02/04;1700 UTC;0;1009,7;1009,9;1009,4;3752,1;31,2;22,4;31,9;30,6;23,8;21,3;62;48;56;226;4,7;2,7;
2026/02/04;1800 UTC;0;1009,3;1009,5;1009,1;3056,9;32,1;22,2;32,5;31,5;23;21,2;54;47;51;122;7,2;2,9;
2026/02/04;1900 UTC;0;1009;1009,1;1008,8;2625,7;32,3;22;32,7;31,9;23,1;20,9;53;42;48;104;7;3,4;
2026/02/04;2000 UTC;0;1009,2;1009,2;1009,2;1691,4;31,5;22,3;31,5;31,5;22,3;22,3;54;54;54;123;6,6;4,9;
2026/02/04;2100 UTC;0;1009,6;1009,6;1009,6;843,7;29,9;22,9;29,9;29,9;22,9;22,9;65;65;65;112;7,8;5,5;
2026/02/04;2200 UTC;0;1009,9;1010,2;1009,5;400,5;29;22,5;29,8;28,1;23,1;21,9;69;66;68;118;5,9;3,1;
2026/02/04;2300 UTC;0;1010,5;1010,9;1010,2;11,5;27,2;21,7;28,1;26,4;22,1;21,4;76;69;73;113;4,9;2,3;
2026/02/05;0000 UTC;0;1011,2;1011,6;1010,9;0;25,7;21,8;26,4;25,1;22,2;21,6;85;76;80;127;4,3;2,4;
2026/02/05;0100 UTC;0;1011,9;1012,1;1011,6;0;24,7;22,4;25;24,3;22,6;22,2;91;86;89;103;4,1;1,9;
2026/02/05;0200 UTC;0;1012;1012,1;1011,9;0;24,1;22,7;24,3;23,7;22,7;22,6;95;91;93;118;3,9;2,2;
2026/02/05;0300 UTC;0;1011,8;1011,9;1011,8;0;23,5;22,6;23,7;23,4;22,7;22,4;96;95;95;121;4,7;2,4;
2026/02/05;0400 UTC;0;1011,9;1012,1;1011,8;0;23,3;22,3;23,4;23,1;22,4;22,2;96;95;95;116;3,5;1,8;
2026/02/05;0500 UTC;0;1011,9;1012,1;1011,7;0;22,9;22,3;23,1;22,8;22,3;22,2;97;96;97;117;1,6;,9;
2026/02/05;0600 UTC;0;1011,7;1011,8;1011,5;0;22,6;22,1;22,8;22,3;22,2;21,9;98;97;98;101;2,1;,6;
2026/02/05;0700 UTC;0;1011,5;1011,7;1011,4;0;21,2;20,8;22,2;20,5;21,6;20;98;97;98;162;2;1,2;
2026/02/05;0800 UTC;0;1011,7;1012;1011,5;0;20,5;20,2;20,8;20,2;20,7;19,8;99;98;99;207;2,2;1,4;
2026/02/05;0900 UTC;0;1012;1012,2;1011,8;1,2;20,2;20,1;21;19,7;20,9;19,5;100;99;99;91;,5;,2;
2026/02/05;1000 UTC;0;1012,2;1012,4;1012,1;253,8;20,3;20,1;21,6;19,5;21;19,3;100;97;99;47;1,6;1,2;
2026/02/05;1100 UTC;0;1012,3;1012,7;1012;1014,3;23,6;20,4;25,3;21,7;21,1;19,5;97;72;84;85;1,9;,8;
2026/02/05;1200 UTC;0;1012,7;1013;1012,6;1756;26,3;20,4;27;25,3;21,8;19,4;78;64;71;176;2,9;1,5;
2026/02/05;1300 UTC;0;1012,9;1013,1;1012,8;2586;27,7;20,8;29,1;26,5;21,9;20,2;73;57;65;148;2,4;,8;
2026/02/05;1400 UTC;0;1012,6;1012,9;1012,2;3204,8;29,6;20,9;30,2;28,6;22,1;20,2;65;53;57;132;2,5;1,3;
2026/02/05;1500 UTC;0;1012;1012,2;1011,8;3604,4;30,9;20,7;31,4;30,2;21,9;19,8;57;43;49;247;4;2;
2026/02/05;1600 UTC;0;1011,4;1011,8;1011;3760,1;31,7;20,7;32,1;31,1;22,1;20,1;52;41;45;189;4,3;2,9;
2026/02/05;1700 UTC;0;1010,7;1011;1010,3;3703,2;32,6;21;33,4;32;23,2;19,9;50;37;42;127;6,2;2,9;
2026/02/05;1800 UTC;0;1010;1010,2;1009,7;3362,4;33,1;21,7;33,6;32,8;23;21,1;50;38;43;137;6,1;2,5;
2026/02/05;1900 UTC;0;1009,3;1009,3;1009,3;2483,8;33;23,1;33;33;23,1;23,1;50;50;50;113;6,4;5,1;
2026/02/05;2000 UTC;0;1009,3;1009,3;1009,3;1645,3;31,3;22,6;31,3;31,3;22,6;22,6;56;56;56;115;7,3;4,5;
2026/02/05;2100 UTC;0;1009,6;1009,9;1009,3;1205,6;30,7;22,7;31,4;29,9;23,1;22,3;64;56;60;121;7,4;4,2;
2026/02/05;2200 UTC;0;1010,2;1010,7;1009,9;409,5;28,8;22,1;29,9;27,8;22,7;21,9;71;63;66;109;7,7;3,5;
2026/02/05;2300 UTC;0;1011;1011,4;1010,6;11,5;26,8;21,9;27,8;26,1;22,1;21,8;80;72;76;123;6,5;3,8;
2026/02/06;0000 UTC;0;1011,7;1012,1;1011,4;0;25,5;22;26,1;25,1;22,1;21,9;84;80;82;122;6,2;3,2;
2026/02/06;0100 UTC;0;1012,2;1012,3;1012;0;24,6;22;25;24,3;22;21,9;89;85;87;121;5,8;2,4;
2026/02/06;0200 UTC;0;1011,8;1012;1011,4;0;24;22;24,3;23,7;22,1;22;92;89;90;103;4,2;1,8;
2026/02/06;0300 UTC;0;1011,2;1011,5;1011,1;0;23,7;22;23,8;23,6;22,1;22;92;91;92;118;4,4;2,1;
2026/02/06;0400 UTC;0;1010,9;1011,1;1010,7;0;23,1;21,9;23,6;22,9;22,1;21,8;95;92;94;124;2,3;1,3;
2026/02/06;0500 UTC;0;1010,5;1010,7;1010,1;0;22,9;21,9;23;22,7;22;21,8;96;95;95;121;1,6;,9;
2026/02/06;0600 UTC;0;1010,2;1010,3;1009,9;0;22,5;21,8;22,8;22,3;21,9;21,7;97;96;96;102;2,4;,9;
2026/02/06;0700 UTC;0;1009,7;1009,9;1009,6;0;21,8;21,3;22,3;21,3;21,7;20,8;99;96;97;178;2,3;1;
2026/02/06;0800 UTC;0;1009,9;1010,2;1009,6;0;20,7;20,3;21,6;20;21,3;19,7;99;98;98;306;,8;,5;
2026/02/06;0900 UTC;0;1010,3;1010,6;1010,1;1,2;19,8;19,6;20,1;19,4;19,9;19,1;99;98;99;311;,9;,4;
2026/02/06;1000 UTC;0;1010,7;1011,1;1010,5;231,6;20;19,7;21,3;19,3;21,1;19;99;99;99;326;1;,6;
2026/02/06;1100 UTC;0;1011,7;1012;1011,1;1013,6;23,1;21,8;24,7;21,4;22,2;21,2;99;86;93;287;3,5;1,5;
2026/02/06;1200 UTC;0;1011,9;1012;1011,8;1744,9;25,9;21,5;27,2;24,7;22,4;21;87;70;78;287;3,3;1,6;
2026/02/06;1300 UTC;0;1011,8;1012;1011,7;2588,8;28,1;21,5;29;27,2;22,3;20,9;72;62;67;284;3,7;1,6;
2026/02/06;1400 UTC;0;1011,7;1011,9;1011,6;3193,3;29,7;21,8;30,9;28,7;22,6;21;67;56;61;282;4,4;1,8;
2026/02/06;1500 UTC;0;1011,5;1011,8;1011,1;3616,1;31,1;22,3;31,9;30,7;23,4;21,5;63;48;56;259;4,6;2,6;
2026/02/06;1600 UTC;0;1010,8;1011,1;1010,5;3758,9;32,4;22,2;33,2;31,7;23,2;19,9;54;35;49;223;5,6;3,5;
2026/02/06;1700 UTC;0;1010,3;1010,5;1009,9;3688,3;33,2;21,8;33,8;32,5;23;20,4;50;35;43;242;4,6;2;
2026/02/06;1800 UTC;0;1009,5;1009,9;1009,1;3312,9;34;22,9;34,6;33;23,9;21,8;50;40;45;244;4,8;2,3;
2026/02/06;1900 UTC;0;1008,8;1008,8;1008,8;2615,4;32,9;23,3;32,9;32,9;23,3;23,3;52;52;52;168;8,2;5,9;
2026/02/06;2000 UTC;0;1009,8;1009,8;1009,8;453,6;29,9;19,4;29,9;29,9;19,4;19,4;47;47;47;194;5,9;4,6;
2026/02/06;2100 UTC;0;1010;1010,5;1009,8;607,1;30;19,7;30,6;28,9;21,6;19;64;43;49;169;6,7;3,9;
2026/02/06;2200 UTC;0;1011,1;1011,8;1010,5;85,3;28,2;23;28,8;27,8;23,5;21,7;78;65;74;149;7,6;4,1;
2026/02/06;2300 UTC;0;1012,1;1012,3;1011,6;,8;27,2;22,8;27,8;26,6;23,1;22,6;80;76;78;143;7,3;3,5;
2026/02/07;0000 UTC;0;1012,4;1012,7;1012;0;26,1;22,5;26,6;25,8;22,8;22,3;84;80;82;119;6,5;3,4;
2026/02/07;0100 UTC;0;1013;1013,2;1012,8;0;25,5;22,2;25,7;25,2;22,5;22;86;82;84;153;4,6;2,1;
2026/02/07;0200 UTC;0;1013,4;1013,8;1013,2;0;25,3;22,4;25,3;25,2;22,6;22,2;87;84;85;137;4,5;2,1;
2026/02/07;0300 UTC;0;1013,9;1014,1;1013,8;0;25,3;22,7;25,3;25,2;22,8;22,5;88;86;87;145;4,1;2,2;
2026/02/07;0400 UTC;0;1013,7;1013,9;1013,4;0;25;22,2;25,2;24,7;22,8;21,8;88;85;86;143;5,5;2,5;
2026/02/07;0500 UTC;0;1013,2;1013,5;1013;0;24,5;21,1;24,6;24,3;21,8;20,1;86;79;83;143;6,8;4;
2026/02/07;0600 UTC;0;1012,9;1013,1;1012,7;0;24;19,9;24,2;23,9;20,1;19,8;80;79;80;137;6;3,8;
2026/02/07;0700 UTC;0;1012,8;1013;1012,7;0;23,8;20,1;23,9;23,7;20,3;20;83;81;82;128;6,9;3,2;
2026/02/07;0800 UTC;0;1012,9;1013,3;1012,7;0;23,6;19,7;23,7;23,4;20,1;19,5;82;80;80;140;5,1;2,6;
2026/02/07;0900 UTC;0;1013,5;1013,6;1013,2;,3;23,3;19,4;23,4;23,2;19,6;19,2;81;80;80;133;4,2;2,4;
2026/02/07;1000 UTC;0;1014,1;1014,7;1013,6;24,7;23,2;19,2;23,2;23,1;19,4;19;81;79;80;145;4,6;2,5;
2026/02/07;1100 UTC;16,7;1015,4;1015,9;1014,7;12,5;21,3;19,8;23,1;20,3;20,3;19;98;80;93;138;4,7;3;
2026/02/07;1200 UTC;1,6;1016,2;1016,9;1015,3;38,1;20,3;20;20,3;20,1;20,1;19,7;99;98;99;126;3,4;1,9;
2026/02/07;1300 UTC;,4;1016,8;1017;1016,7;405,3;20,2;19,5;20,6;20;19,8;19,1;98;94;96;135;4,7;2,3;
2026/02/07;1400 UTC;,2;1016,3;1016,8;1016,1;1121,8;21,4;18,7;21,9;20,6;19,8;17,8;95;81;86;129;4,6;2,2;
2026/02/07;1500 UTC;0;1016,4;1017;1015,2;508,3;21,5;17,9;21,9;21,2;18,9;16,9;87;77;82;141;5,2;2,8;
2026/02/07;1600 UTC;0;1016,6;1017;1016,4;584;21,9;18,3;22,2;21,6;19;17,7;86;78;82;125;5,8;2,4;
2026/02/07;1700 UTC;0;1016,3;1016,6;1016,1;436,9;21,9;17,8;22;21,8;18,4;16,7;82;74;80;151;4,7;2,5;
2026/02/07;1800 UTC;0;1016,2;1016,6;1015,5;1169,6;21,8;16,6;22,5;21,3;18;15,5;79;71;74;132;6,1;3,4;
2026/02/07;1900 UTC;0;1015,1;1015,5;1014,9;1990,4;22,5;18;23,6;21,7;18,9;17,3;83;70;77;138;4,8;2,8;
2026/02/07;2000 UTC;0;1015;1015,2;1014,8;1637,1;23,7;17,7;24,3;23,2;18,5;17,1;73;66;70;101;4,9;2,7;
2026/02/07;2100 UTC;0;1014,7;1014,8;1014,5;1324,1;24,1;17,5;24,7;23,8;18,4;17,1;70;65;67;126;6,6;3,2;
2026/02/07;2200 UTC;0;1014,9;1015,2;1014,6;505,5;23,5;17,2;24,1;22,9;17,5;16,9;73;65;69;110;5,6;3,1;
2026/02/07;2300 UTC;0;1015,4;1015,7;1015,1;11,2;22;17,6;22,9;21,4;17,8;17,4;81;73;78;97;3,7;1,7;
2026/02/08;0000 UTC;0;1016,1;1016,2;1015,7;0;21;17,7;21,4;20,7;17,9;17,6;86;81;84;128;2,1;1,1;
2026/02/08;0100 UTC;0;1016,7;1016,9;1016,3;0;20;18;20,6;19,8;18,2;17,8;92;86;90;147;2,6;1,5;
2026/02/08;0200 UTC;0;1016,9;1017;1016,9;0;19,6;17,9;20;19;18;17,5;93;90;92;140;1,9;1,2;
2026/02/08;0300 UTC;0;1016,9;1017;1016,8;0;19,2;17,3;19,3;19,2;17,6;17,1;92;89;90;123;2,6;1,7;
2026/02/08;0400 UTC;0;1016,8;1016,9;1016,7;0;18,4;16,9;19,1;17,1;17,3;16,2;97;90;93;230;,6;,3;
2026/02/08;0500 UTC;0;1016,4;1016,7;1016,2;0;16,9;16,4;17,1;16,7;16,6;16,2;99;97;98;130;1;,4;
2026/02/08;0600 UTC;0;1016;1016,2;1015,8;0;16,6;16,4;16,9;16,4;16,7;16;99;98;99;77;1;,6;
2026/02/08;0700 UTC;0;1015,6;1015,6;1015,6;0;15,6;15,4;15,6;15,6;15,4;15,4;99;99;99;144;,8;,5;
2026/02/08;0800 UTC;0;1015,5;1015,5;1015,5;0;15,4;15,3;15,4;15,4;15,3;15,3;99;99;99;336;,3;,1;
2026/02/08;0900 UTC;0;1016,1;1016,1;1016,1;12,5;15,1;15;15,1;15,1;15;15;99;99;99;57;,4;,2;
2026/02/08;1000 UTC;0;1016,5;1016,5;1016,5;619,5;17,7;17,6;17,7;17,7;17,6;17,6;99;99;99;111;1;,6;
2026/02/08;1100 UTC;0;1016,8;1016,8;1016,8;1270,4;21,8;17,5;21,8;21,8;17,5;17,5;79;79;79;113;1,9;1;
2026/02/08;1200 UTC;0;1016,9;1016,9;1016,9;2423;23,5;18,2;23,5;23,5;18,2;18,2;73;73;73;110;2,9;1,8;
2026/02/08;1300 UTC;0;1016,9;1017;1016,7;2599,1;24,6;18,4;25,7;23,6;19,1;17,7;74;64;69;114;5,9;3,1;
2026/02/08;1400 UTC;0;1016,4;1016,7;1016,2;2791,5;26;18,6;26,5;25,4;19,3;18,1;68;59;63;127;6,8;3,6;
2026/02/08;1500 UTC;0;1015,9;1016,2;1015,5;3710;27,1;18,5;27,7;26,4;19,6;16,9;64;47;57;109;7,1;3,9;
2026/02/08;1600 UTC;0;1015,6;1015,7;1015,4;3913,3;28,2;17,2;28,6;27,6;18,8;15,8;53;38;45;123;8,1;4,7;
2026/02/08;1700 UTC;0;1015,1;1015,4;1014,8;3874;28,8;17,2;29,1;28,5;18;15,9;46;36;42;106;9,3;4,3;
2026/02/08;1800 UTC;0;1014,6;1014,9;1014,4;3440,2;28,7;17,5;29;28,3;18,4;16,5;49;39;44;120;10,1;5,3;
2026/02/08;1900 UTC;0;1014,1;1014,5;1013,7;2858,2;28,4;17,4;28,9;27,9;17,9;16,7;48;40;45;107;11,2;4,5;
2026/02/08;2000 UTC;0;1013,7;1013,8;1013,5;2108,5;27,6;17,4;28;27;17,9;16,8;53;45;49;121;10,7;5,5;
2026/02/08;2100 UTC;0;1013,6;1013,7;1013,4;1244,7;26,5;17,5;27;25,9;17,9;17,1;58;52;55;114;10,2;5,4;
2026/02/08;2200 UTC;0;1013,7;1013,8;1013,6;410;25,2;17,1;25,9;24,4;17,4;16,8;63;57;59;111;7,9;4,4;
2026/02/08;2300 UTC;0;1013,9;1014,1;1013,7;10,9;23,6;16,8;24,3;22,8;17;16,6;70;63;66;116;6,4;3,2;
2026/02/09;0000 UTC;0;1014,4;1014,5;1014,2;0;22,3;17,1;22,8;21,9;17,4;16,8;77;70;74;111;6;3,1;
2026/02/09;0100 UTC;0;1014,7;1014,9;1014,5;0;21,6;17,4;21,9;21,3;17,5;17,3;81;77;79;110;4,3;2,4;
2026/02/09;0200 UTC;0;1014,8;1014,9;1014,7;0;21;17,5;21,3;20,8;17,6;17,4;84;81;83;113;4,8;2,2;
2026/02/09;0300 UTC;0;1014,4;1014,7;1014,3;0;20,5;17,7;20,8;20,2;17,7;17,6;87;84;86;100;3,1;1,5;
2026/02/09;0400 UTC;0;1014,2;1014,4;1014;0;20;17,6;20,2;19,9;17,7;17,5;89;87;88;103;3;1,3;
2026/02/09;0500 UTC;0;1013,7;1014;1013,4;0;19,7;17,6;19,9;19,5;17,7;17,6;91;89;90;111;2,5;1,5;
2026/02/09;0600 UTC;0;1013,4;1013,5;1013,3;0;19,3;17,6;19,5;19;17,7;17,5;93;90;91;119;1,5;,9;
2026/02/09;0700 UTC;0;1013,2;1013,3;1013;0;19;17,6;19,1;18,8;17,8;17,3;94;92;93;123;1,6;,9;
2026/02/09;0800 UTC;0;1013;1013,1;1012,9;0;19,5;17,6;19,6;19,1;17,7;17,5;93;90;91;113;1,4;,8;
2026/02/09;0900 UTC;0;1013,2;1013,3;1013,1;,6;18,7;17,6;19,3;18,3;17,9;17,4;97;91;94;123;1,1;,6;
2026/02/09;1000 UTC;0;1013,2;1013,4;1013,1;126,8;19,5;17,9;20,1;18,5;18;17,8;97;89;92;118;2,3;1;
2026/02/09;1100 UTC;0;1013,5;1013,6;1013,4;759,8;21,4;18,2;22,3;20,1;18,8;17,9;89;81;84;106;3,8;1,7;
2026/02/09;1200 UTC;0;1013,5;1013,8;1013,4;1106,1;23,6;19,1;24,5;22,3;19,6;18,5;82;75;78;117;4,5;2,2;
2026/02/09;1300 UTC;0;1013,6;1013,8;1013,5;1641,2;25,4;19,7;27,2;24,5;20,2;19,3;77;63;72;102;4,9;2,3;
2026/02/09;1400 UTC;0;1013,2;1013,5;1012,9;3096;27,8;20,2;28,5;27,2;21;19,5;66;58;62;118;5,6;2,9;
2026/02/09;1500 UTC;0;1012,8;1013;1012,5;3306,1;28,9;20,7;29,6;28,1;22,1;20;66;56;59;136;5,4;2,9;
2026/02/09;1600 UTC;0;1012,2;1012,5;1011,8;3784,9;29,8;21,3;30,3;29,4;22,1;20,6;62;54;58;132;6,2;3,5;
2026/02/09;1700 UTC;0;1011,5;1011,8;1011,2;3741,9;30,4;21,6;30,8;30,1;22,5;20,9;61;52;56;145;4,9;2,7;
2026/02/09;1800 UTC;0;1010,8;1011,2;1010,4;3160,8;30,9;22;31,7;30,2;22,9;21,3;59;51;56;135;6,6;3,4;
2026/02/09;1900 UTC;0;1010,1;1010,4;1009,8;2830,8;30,8;22,6;31,2;30,5;23,1;22;62;55;59;100;7,9;4,3;
2026/02/09;2000 UTC;0;1009,5;1009,8;1009,3;2040,3;30,3;22,2;30,5;29,9;22,8;21,8;63;58;60;121;8;3,7;
2026/02/09;2100 UTC;0;1009,5;1009,7;1009,3;1190,8;29,6;22,5;30,1;28,8;22,8;22,1;69;61;65;126;7,4;4,1;
2026/02/09;2200 UTC;0;1009,9;1009,9;1009,9;61,6;27,2;22,3;27,2;27,2;22,3;22,3;75;75;75;129;4,9;3,3;
2026/02/09;2300 UTC;0;1010,8;1010,8;1010,8;0;25,4;21,6;25,4;25,4;21,6;21,6;81;81;81;114;3;2,2;
2026/02/10;0000 UTC;;;;;;;;;;;;;;;;;;
2026/02/10;0100 UTC;0;1011,4;1011,6;1011,3;0;24,2;21,2;24,5;23,8;21,4;21;86;84;85;117;4,6;2,2;
2026/02/10;0200 UTC;0;1011,3;1011,4;1011,1;0;23,6;21,1;23,8;23,4;21,2;21;89;86;87;114;3,7;1,7;
2026/02/10;0300 UTC;0;1010,9;1011,1;1010,8;0;23,1;21,1;23,4;22,9;21,2;21;91;89;90;128;3,2;1,9;
2026/02/10;0400 UTC;0;1010,7;1010,9;1010,5;0;22,7;20,9;22,9;22,6;21;20,7;91;90;91;121;2,9;1,5;
2026/02/10;0500 UTC;0;1010,2;1010,5;1010;0;22,6;20,6;22,7;22,5;20,7;20,6;91;90;90;118;2,7;1,2;
2026/02/10;0600 UTC;0;1009,7;1010;1009,5;0;22,3;20,6;22,5;22,1;20,6;20,4;92;90;91;110;2,7;1,5;
2026/02/10;0700 UTC;0;1009,6;1009,7;1009,5;0;22;20,4;22,2;21,8;20,4;20,3;93;91;92;124;2;,9;
2026/02/10;0800 UTC;0;1009,7;1010;1009,6;0;21,9;20,2;21,9;21,8;20,4;20,2;93;91;92;116;1,7;,6;
2026/02/10;0900 UTC;0;1010,1;1010,3;1009,9;,1;21,7;20,4;21,8;21,5;20,5;20;94;92;93;123;1,6;1;
2026/02/10;1000 UTC;0;1010,4;1010,5;1010,3;125,9;22,2;20,6;22,6;21,8;20,7;20,4;93;90;92;116;1,8;,9;
2026/02/10;1100 UTC;0;1010,6;1010,6;1010,5;551,2;23,7;21;24,6;22,6;21,3;20,7;90;82;87;98;1,7;,8;
2026/02/10;1200 UTC;0;1010,7;1010,8;1010,6;1131,9;25,9;20,9;27;24,6;21,4;20,5;83;68;75;111;2;1,3;
2026/02/10;1300 UTC;0;1010,7;1010,8;1010,6;2201;28,4;21;29,5;27;22;20,2;73;55;63;120;3,7;1,9;
2026/02/10;1400 UTC;0;1010,4;1010,7;1010,1;2870,1;30,7;21,7;31,7;29,4;22,8;20,9;63;50;55;280;5;2,6;
2026/02/10;1500 UTC;0;1009,8;1010,1;1009,5;3585,7;32,4;22,5;33,7;31,4;23,9;21,7;54;47;51;301;5,4;2,7;
2026/02/10;1600 UTC;0;1009,5;1009,6;1009,3;2734,9;32,7;23,1;33,4;32,1;23,6;22,6;56;47;52;255;7,2;3,8;
2026/02/10;1700 UTC;0;1009,4;1009,5;1009,3;2429,2;31,6;23,3;32,7;30,1;24,5;22;62;52;59;262;11,2;5;
2026/02/10;1800 UTC;0;1009,1;1009,5;1008,7;1011,5;28,6;22;30;28;22,5;21,6;72;61;67;258;3,5;1,5;
2026/02/10;1900 UTC;0;1008,1;1008,6;1007,9;1367,9;29,1;22,3;30,3;28;23,5;21,7;73;61;66;243;1,8;,9;
2026/02/10;2000 UTC;0;1007,7;1007,7;1007,7;722,1;31,8;23,1;31,8;31,8;23,1;23,1;57;57;57;206;1,1;,6;
2026/02/10;2100 UTC;0;1007,6;1007,6;1007,6;785,9;31,3;23,2;31,3;31,3;23,2;23,2;59;59;59;32;1,8;1,3;
2026/02/10;2200 UTC;0;1007,7;1007,8;1007,5;185,3;30,4;23,1;31,3;29,3;23,6;22,4;66;59;63;84;2,4;1,2;
2026/02/10;2300 UTC;0;1008,1;1008,5;1007,8;7,3;28,4;21,1;29,2;27,4;22,5;20,4;67;61;64;72;2,4;1,4;
2026/02/11;0000 UTC;0;1008,5;1008,7;1008,2;0;26,6;20,3;27,4;26,1;20,8;20;71;65;68;43;3,9;1,8;
2026/02/11;0100 UTC;0;1008,6;1008,8;1008,4;0;25;20,2;26,1;23,6;20,6;19,6;83;70;76;252;1,1;,6;
2026/02/11;0200 UTC;0;1008,8;1008,9;1008,7;0;23,2;20,1;23,9;22,5;20,5;19,8;90;81;85;189;1,5;,9;
2026/02/11;0300 UTC;0;1008,7;1008,7;1008,6;0;22,4;20,1;22,8;21,9;20,4;19,9;91;87;89;133;1,1;,4;
2026/02/11;0400 UTC;0;1008,5;1008,7;1008,3;0;21,6;20;22,1;21,1;20,3;19,7;94;90;92;328;1;,7;
2026/02/11;0500 UTC;0;1008,1;1008,4;1007,8;0;20,9;19,7;21,2;20,6;19,9;19,5;95;93;94;280;1,1;,5;
2026/02/11;0600 UTC;0;1007,7;1007,9;1007,6;0;21,1;19,9;21,7;20,7;20,3;19,5;96;91;94;184;1;,7;
2026/02/11;0700 UTC;0;1007,5;1007,7;1007,5;0;20,8;20;21,1;20,6;20,2;19,6;97;94;96;149;,5;,1;
2026/02/11;0800 UTC;0;1007,6;1007,8;1007,5;0;20,3;19,7;20,6;19,8;19,9;19;97;96;97;298;,8;,4;
2026/02/11;0900 UTC;0;1008,3;1008,8;1007,8;,3;19,6;19,2;19,8;19,5;19,4;19;98;97;98;258;,7;,4;
2026/02/11;1000 UTC;0;1009,2;1009,7;1008,8;166,4;20,2;19,7;21,6;19,5;20,7;19;98;95;97;236;,8;,3;
2026/02/11;1100 UTC;0;1010,2;1010,4;1009,7;877,9;23,8;21,1;25,8;21,6;21,9;20,4;95;80;87;234;1,6;,7;
2026/02/11;1200 UTC;0;1010,6;1010,7;1010,4;1713,1;27,6;21,7;29,3;25,9;22,4;21,1;80;60;70;315;5,4;2,7;
2026/02/11;1300 UTC;0;1010,6;1010,7;1010,4;2516;30,2;22,2;30,9;29,4;23,1;21,5;62;57;60;302;4,3;2,5;
2026/02/11;1400 UTC;0;1010,5;1010,7;1010,2;3133,9;31,9;23,2;32,5;31,1;24,3;22,5;63;53;57;275;5,6;2,8;
2026/02/11;1500 UTC;0;1010,1;1010,2;1010;3559,8;32,8;23,6;33,3;32,4;24,3;23,2;58;51;54;271;5,7;3,7;
2026/02/11;1600 UTC;0;1009,7;1010;1009,2;3713,9;33,8;24,3;34,5;32,7;25,3;23,6;58;49;53;270;6,4;2,7;
2026/02/11;1700 UTC;0;1009;1009,2;1008,8;3636,2;34,5;24,9;35,3;34,1;25,7;24,1;57;49;52;265;6,3;2,5;
2026/02/11;1800 UTC;0;1008,8;1008,9;1008,6;3306,9;35;25;35,4;34,5;26,1;24,5;57;47;50;257;5,1;2,5;
2026/02/11;1900 UTC;0;1008,4;1008,4;1008,4;2388,9;35,3;24,3;35,3;35,3;24,3;24,3;45;45;45;241;5;3,8;
2026/02/11;2000 UTC;0;1008,2;1008,4;1007,9;1975,7;35,5;24,3;35,9;35,2;25;23,8;47;41;44;246;3,9;1,8;
2026/02/11;2100 UTC;0;1008,1;1008,4;1007,9;1206,6;35,1;24,5;35,6;34,7;25,2;23,8;51;44;47;217;3,3;2;
2026/02/11;2200 UTC;0;1008,5;1008,8;1008,3;354,3;34,1;24,9;34,7;33;25,3;24,4;59;50;54;221;1,1;,5;
2026/02/11;2300 UTC;0;1009,1;1009,5;1008,8;2,3;30,6;24,5;32,9;29,7;25,6;23,8;76;59;70;121;4,2;2,3;
2026/02/12;0000 UTC;0;1009,9;1010,3;1009,5;0;30,2;23,7;30,6;28,4;24;23,5;77;65;68;149;3,2;1,6;
2026/02/12;0100 UTC;0;1010,4;1010,6;1010,3;0;28,2;23,4;28,7;26,7;23,7;23,3;84;73;76;158;1,4;,8;
2026/02/12;0200 UTC;0;1010,5;1010,5;1010,4;0;27,2;23,3;27,5;26,3;23,8;23,1;86;78;81;116;2,3;1,2;
2026/02/12;0300 UTC;0;1010,3;1010,5;1010,1;0;26,9;23,1;27,4;26,3;23,3;23;84;78;81;124;2,7;,8;
2026/02/12;0400 UTC;0;1010,1;1010,2;1009,9;0;26;23;26,3;25,6;23,2;22,8;86;84;85;141;2,1;1,2;
2026/02/12;0500 UTC;0;1010,2;1010,3;1010;0;25,1;22,6;25,7;24,1;22,9;22,3;92;85;87;56;1,2;,6;
2026/02/12;0600 UTC;0;1010,3;1010,4;1010,2;0;23,3;22;24;22,7;22,5;21,7;96;91;94;293;,9;,5;
2026/02/12;0700 UTC;0;1010,5;1010,6;1010,4;0;22,3;21,6;22,6;22;21,9;21,2;97;96;96;145;,9;,5;
2026/02/12;0800 UTC;0;1010,4;1010,5;1010,3;0;21,9;21,2;22,4;21,5;21,7;20,8;98;95;96;97;,9;,4;
2026/02/12;0900 UTC;0;1010,5;1010,6;1010,4;,2;21,7;21,2;21,9;21,5;21,5;20,9;98;97;98;126;,7;,2;
2026/02/12;1000 UTC;0;1010,7;1010,8;1010,5;151,7;21,8;21,4;23,2;21,3;22,7;20,7;98;97;98;145;1;,5;
2026/02/12;1100 UTC;0;1010,8;1010,8;1010,7;888;25,4;22,9;27,2;23,3;23,7;22,5;96;80;87;174;1,8;1,2;
2026/02/12;1200 UTC;0;1010,6;1010,8;1010,4;1689,1;28,9;23;30,8;26,9;23,9;22,1;83;58;70;234;1,5;,7;
2026/02/12;1300 UTC;0;1010,1;1010,4;1009,9;2458,9;31,8;22,8;33,5;30,6;24,1;21,6;65;41;55;116;3,2;1,7;
2026/02/12;1400 UTC;0;1009,8;1010;1009,6;2915,7;34,2;22,7;35,2;33,4;23,9;21,5;50;39;42;79;4,1;2,2;
2026/02/12;1500 UTC;0;1009,5;1009,7;1009,2;3207,5;35,9;24;37;35;25;23,1;44;36;40;266;4,5;2,4;
2026/02/12;1600 UTC;0;1008,9;1009,2;1008,6;3591,1;37,4;24,7;38,1;36,9;26;24,2;41;34;37;271;5,4;2,8;
2026/02/12;1700 UTC;0;1008,1;1008,1;1008,1;3115,3;37,1;25,4;37,1;37,1;25,4;25,4;42;42;42;238;4,1;2,9;
2026/02/12;1800 UTC;0;1007,8;1008,1;1007,4;3119,9;36,2;25,3;37,8;32,8;26,5;23,8;57;39;45;195;13,9;6,5;
2026/02/12;1900 UTC;0;1008,1;1008,6;1007,4;1691,8;31,4;23,9;32,9;29,9;24,4;23,5;70;56;62;151;6,2;2,8;
2026/02/12;2000 UTC;10,7;1010;1012,2;1008;31,1;25,7;23,1;29,7;22,5;24,2;21,6;98;71;87;208;7,2;3,1;
2026/02/12;2100 UTC;,2;1010,3;1011,1;1009,4;26,4;24,8;23,7;25,5;22,9;24,8;22,4;99;87;95;181;7,9;3,4;
2026/02/12;2200 UTC;12,7;1012,7;1013,6;1011,1;17,7;23,4;22;25,5;22;23,1;21;97;87;93;258;3,5;1,9;
2026/02/12;2300 UTC;0;1013,4;1014,3;1012,5;1,2;22,4;20,7;22,7;21,9;21,3;20,4;96;89;91;210;3,7;1,1;
2026/02/13;0000 UTC;0;1014,4;1014,7;1014;0;22,4;21,3;22,7;22,2;21,6;21,1;96;92;94;92;2,5;1,2;
2026/02/13;0100 UTC;0;1014,3;1014,5;1014;0;22,5;21,6;22,6;22,3;21,9;21,3;97;94;96;298;2,2;,7;
2026/02/13;0200 UTC;0;1015;1015,4;1014,6;0;22,7;21,9;22,8;22,6;22,1;21,6;97;94;96;323;2,5;1,5;
2026/02/13;0300 UTC;0;1014,6;1015,1;1013,8;0;22,6;21,6;22,7;22,5;21,8;21,5;96;94;95;83;1,6;,8;
2026/02/13;0400 UTC;0;1013,9;1014,1;1013,8;0;22,3;21,5;22,5;22,2;21,6;21,3;97;95;96;289;2,4;1,1;
2026/02/13;0500 UTC;0;1013,3;1013,9;1013;0;22,2;21,2;22,3;22,1;21,4;21,2;96;94;95;286;2,2;,9;
2026/02/13;0600 UTC;0;1012,6;1013,1;1012,1;0;22,2;21,3;22,3;22,1;21,4;21,2;96;95;95;291;2,7;1,1;
2026/02/13;0700 UTC;0;1011,9;1012,5;1011,2;0;22,4;21,4;22,5;22,3;21,7;21,3;96;94;95;225;3,8;2,3;
2026/02/13;0800 UTC;0;1012,6;1013;1012,1;0;22,4;21,5;22,6;22,2;21,8;21,3;97;94;96;234;2,9;1,6;
2026/02/13;0900 UTC;0;1013,5;1013,8;1013;0;23;21,3;23,1;22,6;21,7;20,7;95;88;92;211;3,8;1,6;
2026/02/13;1000 UTC;0;1014;1014,5;1013,7;60,7;22,9;20,9;23;22,7;21,6;20,5;93;88;90;126;1,8;,8;
2026/02/13;1100 UTC;0;1014,6;1015,2;1014,4;270,9;23,2;21,3;23,7;22,8;21,6;21;93;88;90;104;2,7;1,2;
2026/02/13;1200 UTC;0;1015,4;1015,7;1015,2;989,5;24,4;21,4;25,9;23,7;21,8;21,1;89;78;85;125;1,6;,7;
2026/02/13;1300 UTC;0;1016;1016,3;1015,7;1153,9;25,8;21,9;26,3;25,5;22,7;21,6;83;78;81;217;2,1;1,3;
2026/02/13;1400 UTC;,2;1016,3;1016,4;1016,2;2356;26,8;21,9;27,6;25,6;22,8;21,3;82;70;76;276;2,7;1,2;
2026/02/13;1500 UTC;0;1016,3;1016,4;1016,2;2720,3;28;21,9;28,4;27,6;22,7;21,3;74;66;69;249;3,1;1,5;
2026/02/13;1600 UTC;0;1016,1;1016,3;1015,9;2466,4;28,7;21,6;29,7;27,9;23;20,4;74;55;65;195;6;3,6;
2026/02/13;1700 UTC;0;1015,7;1015,9;1015,5;3102,5;29,2;20,7;30,1;28,8;22;19,6;64;52;57;183;8,4;4,1;
2026/02/13;1800 UTC;0;1015,5;1015,6;1015,4;1869,5;28,7;20,9;29,8;28,3;21,9;20,1;64;57;61;172;8,3;4,2;
2026/02/13;1900 UTC;0;1015,5;1015,7;1015,1;1607,3;28,3;21;29,1;27,8;21,8;20,1;67;57;63;174;8,3;4,3;
2026/02/13;2000 UTC;0;1015,2;1015,5;1015,1;2002,5;28,4;20,9;28,7;28,1;21,8;20,3;67;59;63;165;8,4;4;
2026/02/13;2100 UTC;0;1016,3;1016,3;1016,3;293,2;27,6;20,4;27,6;27,6;20,4;20,4;64;64;64;134;5,7;4,1;
2026/02/13;2200 UTC;0;1017;1017;1017;33,8;26,3;20,5;26,3;26,3;20,5;20,5;71;71;71;114;5,9;3,5;
2026/02/13;2300 UTC;0;1017,9;1017,9;1017,9;0;25,2;20,3;25,2;25,2;20,3;20,3;76;76;76;117;3,1;1,7;
2026/02/14;0000 UTC;0;1018,5;1019,1;1017,9;0;24,7;20,4;25,1;24,5;20,6;20,2;81;75;78;127;2,8;1,7;
2026/02/14;0100 UTC;0;1019,4;1019,6;1019,1;0;24,5;20,7;24,6;24,2;20,8;20,5;83;80;81;112;3;1,7;
2026/02/14;0200 UTC;0;1019,6;1019,7;1019,4;0;23,9;20,9;24,2;23,7;21,2;20,7;87;83;85;124;2,7;1,7;
2026/02/14;0300 UTC;0;1019,4;1019,6;1019,2;0;23,7;21,2;23,7;23,6;21,3;21,1;89;87;88;124;3,7;1,8;
2026/02/14;0400 UTC;0;1018,9;1019,2;1018,8;0;23,4;21,4;23,5;23,2;21,5;21,3;91;89;90;120;4,3;1,7;
2026/02/14;0500 UTC;0;1018,4;1018,8;1017,8;0;23,2;21,3;23,3;23,1;21,5;21,1;91;90;91;133;3,9;2;
2026/02/14;0600 UTC;0;1017,7;1017,9;1017,6;0;23;21,1;23,2;22,8;21,2;20,9;92;90;90;132;4,5;2,1;
2026/02/14;0700 UTC;0;1017,6;1017,8;1017,4;0;23,1;20,9;23,2;23;21,2;20,4;90;87;89;136;5,8;3,3;
2026/02/14;0800 UTC;0;1017,6;1017,8;1017,5;0;23;20,2;23,1;23;20,4;20;87;85;86;121;4,2;2,3;
2026/02/14;0900 UTC;0;1017,8;1018,1;1017,6;,1;22,9;20,1;23;22,8;20,3;19,9;87;85;86;139;4,2;1,8;
2026/02/14;1000 UTC;0;1018,2;1018,3;1018,1;97,3;22,8;20,2;23,1;22,7;20,4;20,1;88;86;87;135;5,3;2,8;
2026/02/14;1100 UTC;0;1018,3;1018,5;1018,1;497,3;23,6;20,4;24,1;23,1;20,6;20,2;86;81;84;134;7,6;4,4;
2026/02/14;1200 UTC;0;1018,7;1019,1;1018,2;391,3;24,2;20,5;24,3;24,2;20,6;20,3;82;80;81;126;6,5;4;
2026/02/14;1300 UTC;0;1019,3;1019,7;1019;341,3;24,3;20,4;24,5;23,9;20,6;20,2;83;79;80;125;7,7;4;
2026/02/14;1400 UTC;0;1019,5;1019,6;1019,4;773,4;24,5;20,3;24,8;24;20,7;19,9;82;76;79;123;7,1;4,2;
2026/02/14;1500 UTC;0;1019,4;1019,5;1019,1;1192,5;24,8;20,2;25,1;24,3;20,7;19,8;81;74;77;125;8,3;4,9;
2026/02/14;1600 UTC;0;1019;1019,2;1018,9;1326,9;25,3;20;25,9;24,9;20,5;19,4;76;71;74;128;8,3;4,9;
2026/02/14;1700 UTC;0;1018,8;1018,9;1018,6;575,5;24,5;20,1;25,2;23,8;20,4;19,7;82;73;78;145;8,1;4,8;
2026/02/14;1800 UTC;0;1018,4;1018,6;1017,9;1539,3;24,2;20,4;25,2;23,5;20,9;20;87;76;81;146;8,8;5,2;
2026/02/14;1900 UTC;0;1017,9;1018;1017,6;559,6;24,6;19,7;24,8;24,4;20,3;19,4;77;74;76;124;8,1;4,6;
2026/02/14;2000 UTC;0;1017,7;1017,8;1017,5;680,9;24,1;19,8;24,6;23,7;20,1;19,3;82;74;78;132;8,3;5;
2026/02/14;2100 UTC;0;1017,5;1017,6;1017,3;631,5;24,7;19,3;24,9;24,5;19,5;19,1;75;72;73;126;8,4;4,6;
2026/02/14;2200 UTC;0;1017,7;1017,8;1017,4;140;24;19,4;24,5;23,4;19,5;19,2;80;74;77;114;7,2;3,6;
2026/02/14;2300 UTC;0;1017,9;1018,1;1017,7;4,2;23,4;19,3;23,4;23,3;19,4;19,2;81;79;80;109;6,4;3,5;
2026/02/15;0000 UTC;0;1018,3;1018,4;1018,1;0;23,2;19,6;23,3;23;20;19,4;84;80;82;107;5,7;3;
2026/02/15;0100 UTC;0;1018,4;1018,5;1018,3;0;22,9;20,1;23;22,9;20,3;20;87;85;86;111;6,1;3,1;
2026/02/15;0200 UTC;0;1018,1;1018,4;1017,9;0;22,9;20,3;22,9;22,8;20,4;20,2;88;87;87;123;4,8;2,6;
2026/02/15;0300 UTC;0;1017,6;1018;1017,3;0;23;20,4;23,1;22,9;20,5;20,3;87;86;87;107;3,8;1,9;
2026/02/15;0400 UTC;0;1016,5;1016,5;1016,5;0;22,7;20,5;22,7;22,7;20,5;20,5;89;89;89;113;4,9;3;
2026/02/15;0500 UTC;0;1016,2;1016,2;1016,2;0;22,4;20,7;22,4;22,4;20,7;20,7;92;92;92;115;3,9;2,6;
2026/02/15;0600 UTC;0;1015,5;1015,5;1015,5;0;22,2;20,8;22,2;22,2;20,8;20,8;93;93;93;108;4;2,4;
2026/02/15;0700 UTC;0;1015;1015;1015;0;21,8;20,8;21,8;21,8;20,8;20,8;95;95;95;98;3;1,2;
2026/02/15;0800 UTC;0;1015,4;1015,4;1015,4;0;21,9;20,9;21,9;21,9;20,9;20,9;95;95;95;68;1,8;1,2;
2026/02/15;0900 UTC;;;;;;;;;;;;;;;;;;
2026/02/15;1000 UTC;0;1015,8;1016,1;1015,6;94,2;22;21,2;22,5;21,8;21,4;20,9;97;95;96;114;3,7;1,9;
2026/02/15;1100 UTC;0;1016,1;1016,2;1016,1;888;23,9;21,7;25,5;22,6;22,3;21,5;95;83;89;95;5;2,1;
2026/02/15;1200 UTC;0;1016,1;1016,3;1016;1374,7;26,2;22,1;27,2;25,2;22,6;21,7;84;76;80;101;6,6;2,7;
2026/02/15;1300 UTC;0;1015,9;1016;1015,8;2224,1;27,8;22,5;28,4;27,2;23;22;77;70;74;101;6,4;2,5;
2026/02/15;1400 UTC;0;1015,6;1015,8;1015,3;3121;29,2;22,6;29,8;28,3;23,6;21,8;72;64;67;73;6,1;2,8;
2026/02/15;1500 UTC;0;1014,9;1015,3;1014,5;2519;30,1;23;30,7;29,4;23,7;22,2;69;62;64;94;5,8;2,9;
2026/02/15;1600 UTC;0;1014,1;1014,5;1013,5;1766,1;30,4;22,7;31,3;29,8;23,7;22,1;66;57;62;103;3,7;2,2;
2026/02/15;1700 UTC;0;1013,3;1013,5;1013;2722,1;31,4;23,1;32,3;30,9;24,3;22,5;64;55;58;135;5,2;2,3;
2026/02/15;1800 UTC;0;1012,6;1013,1;1012,1;3282,9;32,1;23,6;33,1;31,2;24,2;22,9;63;51;57;205;4,1;1,8;
2026/02/15;1900 UTC;0;1012,1;1012,1;1011,9;1161,8;31,6;23,9;33,1;31,1;24,7;23;67;51;62;130;3,1;1,3;
2026/02/15;2000 UTC;0;1012,8;1013,4;1012,1;304,1;26,9;22,3;31,4;24,4;24,1;21,1;90;62;77;263;8,5;3,8;
2026/02/15;2100 UTC;,8;1012,7;1013,2;1012,4;279,2;24,2;22,5;24,6;23,9;22,8;21,8;94;86;91;66;3,4;1,8;
2026/02/15;2200 UTC;0;1012,7;1012,9;1012,2;161,2;24,7;21,7;24,7;24,5;22,3;21,1;88;82;85;59;3,9;2,4;
2026/02/15;2300 UTC;0;1012,3;1012,5;1012,1;3,7;23,9;21,9;24,6;23,4;22,2;21,2;94;83;90;155;2,8;1,6;
2026/02/16;0000 UTC;0;1013;1013,4;1012,5;0;23,5;22,1;23,8;23,4;22,3;22,1;94;92;93;131;3;1,6;
2026/02/16;0100 UTC;0;1013,8;1014;1013,4;0;23,8;22,5;23,8;23,7;22,7;22,3;95;93;94;89;2,8;,9;
2026/02/16;0200 UTC;0;1014;1014,1;1013,9;0;23,8;22,7;23,9;23,7;22,7;22,6;95;94;94;115;2,7;1,5;
2026/02/16;0300 UTC;0;1013,7;1013,9;1013,4;0;24;22,7;24,1;23,9;22,8;22,6;94;94;94;98;2;,8;
2026/02/16;0400 UTC;0;1013,2;1013,4;1012,8;0;23,8;22,9;24;23,6;23;22,8;97;94;96;100;1,2;,5;
2026/02/16;0500 UTC;0;1012,6;1012,9;1012,3;0;23,5;22,9;23,6;23,4;23,1;22,8;98;96;97;162;1,6;1,1;
2026/02/16;0600 UTC;0;1011,9;1012,2;1011,5;0;23,6;23;23,8;23,5;23,1;22,8;98;96;97;198;1,7;,6;
2026/02/16;0700 UTC;0;1011,7;1011,8;1011,4;0;23,4;22,8;23,5;23,1;22,9;22,6;98;96;97;62;,9;,5;
2026/02/16;0800 UTC;0;1011,4;1011,6;1011,3;0;23,1;22,8;23,2;23,1;22,8;22,6;98;97;98;230;,6;,3;
2026/02/16;0900 UTC;0;1011,6;1011,8;1011,4;0;23;22,7;23,2;22,9;22,9;22,6;99;98;98;134;,9;,6;
2026/02/16;1000 UTC;0;1012,1;1012,6;1011,8;118,8;23,1;22,7;23,8;22,7;23,3;22,3;99;97;98;58;,8;,3;
2026/02/16;1100 UTC;0;1012,8;1012,9;1012,6;825,4;25,3;22,8;26,6;23,9;23,4;22,3;97;80;87;188;1,8;,9;
2026/02/16;1200 UTC;0;1013,1;1013,4;1012,9;1293,2;27,5;23;28,2;26,3;23,8;22,5;85;71;77;251;3,4;1,9;
2026/02/16;1300 UTC;0;1013,4;1013,6;1013,1;934,6;28;22,8;28,2;27,8;23,4;22,2;77;71;74;265;2,8;1,5;
2026/02/16;1400 UTC;2;1014,1;1014,6;1013,5;298,6;26,3;23,5;27,9;24,9;24,1;22,9;95;75;86;293;5,5;2,4;
2026/02/16;1500 UTC;,4;1013,7;1014,1;1013,2;738,1;24,8;23,4;25;24,6;23,8;22,9;95;90;93;298;4,3;1,7;
2026/02/16;1600 UTC;0;1013,1;1013,4;1012,7;1777,1;25,9;23;27;25;23,7;21,9;93;77;85;303;4,7;2,4;
2026/02/16;1700 UTC;0;1012,3;1012,7;1011,9;2402,8;27,3;22,8;28,2;26,3;23,8;21,9;83;73;78;286;5,7;2,3;
2026/02/16;1800 UTC;0;1011,6;1011,9;1011,3;2259,4;28,1;23;29,1;27,4;23,8;22,4;79;71;75;315;5,8;3,2;
2026/02/16;1900 UTC;0;1011,3;1011,4;1011;2191,8;29,1;22,9;30,2;28,4;23,5;22,5;74;62;69;293;6,8;3,3;
2026/02/16;2000 UTC;0;1010,9;1011,1;1010,7;2000,1;30,2;22,7;30,5;30;23,2;22,2;64;60;62;284;7,8;3,5;
2026/02/16;2100 UTC;0;1011,6;1011,6;1011,6;848,1;30;23,1;30;30;23,1;23,1;66;66;66;283;2,4;1,2;
2026/02/16;2200 UTC;0;1012,1;1012,1;1012,1;21,5;27,7;22,6;27,7;27,7;22,6;22,6;75;75;75;255;1,1;,7;
2026/02/16;2300 UTC;;;;;;;;;;;;;;;;;;
2026/02/17;0000 UTC;0;1012,6;1012,8;1012,4;0;25,8;23,2;26,7;25;23,5;22,8;92;81;87;64;1,1;,5;
2026/02/17;0100 UTC;0;1013,3;1013,6;1012,8;0;24,6;23,1;25,3;24,1;23,4;22,8;95;90;92;103;1,6;,9;
2026/02/17;0200 UTC;0;1013,5;1013,8;1013,3;0;23,8;22,7;24,7;23,3;23;22,4;96;91;94;270;1,4;,8;
2026/02/17;0300 UTC;0;1013,6;1013,9;1013,4;0;23,4;22,6;23,7;23,1;22,9;22,4;97;95;96;217;,9;,4;
2026/02/17;0400 UTC;0;1013,1;1013,4;1013;0;22,8;22,3;23,1;22,6;22,5;22,1;98;96;97;157;,6;,2;
2026/02/17;0500 UTC;0;1012,6;1013;1012,3;0;22,6;22,2;22,8;22,3;22,4;21,9;98;97;98;144;,7;,3;
2026/02/17;0600 UTC;0;1011,9;1012,3;1011,5;0;22,2;21,9;22,5;22;22,1;21,7;99;98;98;271;,5;,3;
2026/02/17;0700 UTC;0;1011,7;1012;1011,5;0;21,6;21,3;22;21,3;21,7;21;99;98;99;302;1,1;,6;
2026/02/17;0800 UTC;0;1012,1;1012,2;1012;0;21,5;21,3;21,9;21,1;21,7;20,9;99;98;99;316;1,4;,6;
2026/02/17;0900 UTC;0;1012,4;1012,8;1012,2;0;21,6;21,4;21,8;21,2;21,6;21;99;99;99;223;1,1;,4;
2026/02/17;1000 UTC;0;1013,1;1013,6;1012,8;96,7;21,9;21,7;22,9;21,5;22,8;21,4;99;99;99;212;1,3;,3;
2026/02/17;1100 UTC;0;1013,7;1013,9;1013,5;911,1;24,7;23,2;26,3;23;23,7;22,8;99;85;93;183;1,4;,6;
2026/02/17;1200 UTC;0;1013,9;1014,1;1013,8;1646,5;27;23,3;28,2;26;24;22,8;88;75;82;226;2,2;1,2;
2026/02/17;1300 UTC;0;1013,6;1013,8;1013,5;2225,1;29;23,5;29,9;27,9;24,2;23;79;67;73;215;2,6;1,2;
2026/02/17;1400 UTC;0;1013,4;1013,6;1013,2;2607,7;29,8;23,5;30,6;29,2;24,3;22,9;73;64;69;252;2,2;1;
2026/02/17;1500 UTC;0;1012,8;1013,2;1012,4;2924,6;31;23,6;32;30,3;24,2;23;69;57;63;263;3,7;1,3;
2026/02/17;1600 UTC;0;1012;1012,4;1011,5;3212;32,1;23,7;32,9;31,2;25;22,8;66;53;58;249;3,4;1,7;
2026/02/17;1700 UTC;0;1011;1011,5;1010,7;2787,2;32,6;24;33,3;32,3;24,9;23,4;61;53;57;185;3,6;1,2;
2026/02/17;1800 UTC;0;1010,3;1010,3;1010,3;1204,7;32,6;24,5;32,6;32,6;24,5;24,5;60;60;60;215;3,6;2,2;
2026/02/17;1900 UTC;0;1010,8;1010,8;1010,8;78,2;27,3;24,8;27,3;27,3;24,8;24,8;88;88;88;160;7,3;5,5;
2026/02/17;2000 UTC;,8;1011,2;1012,1;1010,5;31,7;26,3;25;27,2;25,6;25,3;24,7;97;89;93;235;4,6;2,7;
2026/02/17;2100 UTC;1;1011,4;1011,8;1011,1;264,2;25,6;25;26,1;25,3;25,5;24,7;98;97;97;306;3,1;1,4;
2026/02/17;2200 UTC;0;1011,6;1011,9;1011,5;171,3;25,8;25;26;25,7;25,2;24,5;97;93;96;152;1,5;,7;
2026/02/17;2300 UTC;0;1011,8;1012,1;1011,6;10,1;25,5;24,6;25,8;25,1;24,9;24,3;97;94;96;139;1,7;1;
2026/02/18;0000 UTC;0;1012,1;1012,2;1012;0;25;24,3;25,1;24,9;24,4;24,2;97;96;96;132;1,4;,5;
2026/02/18;0100 UTC;0;1012,2;1012,4;1012;0;24,8;24,3;25;24,6;24,6;24,1;98;97;98;227;,8;,4;
2026/02/18;0200 UTC;0;1012,4;1012,6;1012,2;0;24,6;24,3;24,6;24,5;24,3;24,1;99;98;98;275;,9;,6;
2026/02/18;0300 UTC;0;1012,3;1012,5;1012;0;24,6;24,3;24,6;24,5;24,3;24,2;99;98;98;269;1,2;,6;
2026/02/18;0400 UTC;0;1012,1;1012,2;1012;0;24,4;24,1;24,5;24,3;24,2;23,9;99;98;98;266;1,6;,8;
2026/02/18;0500 UTC;0;1011,9;1012,1;1011,7;0;24,3;24;24,4;24,2;24,1;23,9;99;98;98;179;1,2;,5;
2026/02/18;0600 UTC;0;1011,4;1011,7;1011,1;0;24,3;24,1;24,4;24,3;24,2;24;99;99;99;293;2;,9;
2026/02/18;0700 UTC;1,4;1011,1;1011,2;1011;0;24,4;24;24,5;24,3;24,2;23,6;99;97;98;148;2,6;1,3;
2026/02/18;0800 UTC;,6;1011,4;1011,6;1011,2;0;24,2;23,5;24,3;24,1;23,8;23,1;97;95;97;150;3,3;1,9;
2026/02/18;0900 UTC;,2;1012;1012,4;1011,6;0;24;23,1;24,1;23,7;23,4;22,7;97;95;96;195;2,4;1;
2026/02/18;1000 UTC;0;1012,8;1013,1;1012,4;60,8;23,8;22,8;23,9;23,7;23,2;22,5;97;93;95;105;1,7;1,1;
2026/02/18;1100 UTC;0;1013,4;1013,7;1013,1;327,4;24,2;22,3;24,7;23,8;22,5;21,9;93;86;91;139;2,3;1,3;
2026/02/18;1200 UTC;0;1014;1014,1;1013,7;652,2;25,1;22,1;25,5;24,7;22,7;21,6;88;82;85;136;2;1,2;
2026/02/18;1300 UTC;0;1014,1;1014,2;1014;1092,2;25,9;22,3;26,5;25,4;23,1;21,6;86;77;82;191;3;1,7;
2026/02/18;1400 UTC;0;1014,1;1014,2;1013,9;1117,5;26,6;22,1;26,8;26,2;23;21,3;82;73;77;183;4,2;2,2;
2026/02/18;1500 UTC;0;1013,7;1013,9;1013,6;1631,4;27,4;22,1;28,1;26,7;23,3;21,6;78;68;74;198;4,2;2,2;
2026/02/18;1600 UTC;0;1013,6;1013,7;1013,6;1995,2;27,7;22;28,5;27,1;23;21,4;76;66;72;227;5,2;2,3;
2026/02/18;1700 UTC;0;1013,4;1013,7;1013,1;3043,9;28,8;21,8;29,6;27,9;22,9;20,9;70;59;65;220;4,7;2,4;
2026/02/18;1800 UTC;0;1012,7;1013,1;1012,4;3469,2;29,7;21,1;30,3;28,9;22,8;20,3;65;52;57;194;6,2;3,6;
2026/02/18;1900 UTC;0;1012;1012,4;1011,6;2742,9;30,1;19,4;30,4;29,8;21,4;17,9;58;38;46;145;6,2;3;
2026/02/18;2000 UTC;0;1011,3;1011,7;1011;2015,6;30,3;18,1;30,5;30,1;18,8;17,2;42;35;39;165;4,5;2,3;
2026/02/18;2100 UTC;0;1010,8;1010,8;1010,8;726,5;28,9;20,8;28,9;28,9;20,8;20,8;59;59;59;142;4,2;2,6;
2026/02/18;2200 UTC;;;;;;;;;;;;;;;;;;
2026/02/18;2300 UTC;0;1011,3;1011,6;1011,2;2,1;25,3;20,4;26,1;24,9;20,6;20;79;70;75;132;3,6;1,9;
2026/02/19;0000 UTC;0;1011,9;1012,4;1011,6;0;24,4;20,4;24,9;23,9;20,6;20,2;83;78;80;115;5,1;2,4;
2026/02/19;0100 UTC;0;1012,8;1013,1;1012,4;0;23,4;20,6;23,9;23;20,7;20,4;88;83;86;122;4,2;2,1;
2026/02/19;0200 UTC;0;1013;1013,2;1012,7;0;22,8;20,5;23,1;22,4;20,7;20,4;91;88;89;104;3;1,5;
2026/02/19;0300 UTC;0;1012,7;1012,8;1012,6;0;22,2;20,4;22,5;21,9;20,5;20,2;92;90;91;129;2;1,1;
2026/02/19;0400 UTC;0;1012,6;1012,8;1012,4;0;21,7;20,2;21,9;21,6;20,3;20;93;91;92;110;2,7;1,4;
2026/02/19;0500 UTC;0;1012,3;1012,6;1011,8;0;21,2;19,9;21,7;20,7;20,1;19,7;96;92;93;106;1,4;,7;
2026/02/19;0600 UTC;0;1011,6;1011,8;1011,3;0;20,7;19,9;20,7;20,6;20;19,8;97;96;96;88;1,5;,8;
2026/02/19;0700 UTC;0;1010,8;1011,3;1010,1;0;20,3;19,7;20,7;20,1;19,9;19,4;97;96;97;115;2,2;1,2;
2026/02/19;0800 UTC;0;1010;1010,2;1009,9;0;20,4;19,6;20,5;20,1;19,8;19,4;97;96;96;100;2,7;1,2;
2026/02/19;0900 UTC;0;1010,2;1010,5;1009,9;,1;20;19,3;20,1;19,3;19,6;18,7;97;96;97;117;,6;,2;
2026/02/19;1000 UTC;0;1010,8;1010,9;1010,6;95,6;19,4;19;19,9;18,9;19,6;18,5;99;97;98;290;,6;,2;
2026/02/19;1100 UTC;0;1011;1011,4;1010,8;1008,1;21,5;20;23,7;19,8;20,6;19,2;98;82;92;107;1,7;,7;
2026/02/19;1200 UTC;0;1011,2;1011,4;1010,9;1752,4;23,9;20,4;24,8;23,1;21,3;19,9;88;78;83;211;2,3;1,1;
2026/02/19;1300 UTC;0;1011,2;1011,5;1010,8;2454,1;25,6;20,3;26,6;24,6;21,1;19,6;80;65;73;112;2,3;1,4;
2026/02/19;1400 UTC;0;1011,1;1011,3;1010,9;3100,8;27,2;19,8;28,1;26,3;21,5;18,5;72;54;63;183;3,3;2;
2026/02/19;1500 UTC;0;1011,1;1011,3;1010,8;3315,7;28,7;19,5;29,4;27,5;21;18,6;61;50;54;216;2,6;1;
2026/02/19;1600 UTC;0;1010,4;1010,9;1010,1;3503,8;29,7;19,7;30,3;28,7;21,1;17,8;58;39;50;213;3,9;2;
2026/02/19;1700 UTC;0;1010,2;1010,4;1009,6;3578,2;30,2;20,2;30,7;29,6;21,9;18,5;58;43;50;228;5;3;
2026/02/19;1800 UTC;0;1009;1009,7;1008,3;3049,6;30,4;21;31,1;29,6;22;20,4;60;48;53;178;3,2;1,8;
2026/02/19;1900 UTC;0;1008,4;1008,7;1008,1;2239,1;30,9;20,6;31,7;30,2;21,9;19,8;53;43;48;100;4,8;2;
2026/02/19;2000 UTC;0;1008,6;1008,6;1008,6;584;30,1;20,7;30,1;30,1;20,7;20,7;53;53;53;125;2,8;1,8;
2026/02/19;2100 UTC;0;1009,5;1009,5;1009,5;371,6;29;21,3;29;29;21,3;21,3;62;62;62;116;5,8;2,9;
2026/02/19;2200 UTC;0;1009,9;1010,3;1009,6;161,2;27,3;21,5;28,7;26,4;21,7;21,3;75;63;71;135;4,1;2,3;
2026/02/19;2300 UTC;0;1009,9;1010,2;1009,6;,3;26,1;21,2;26,4;25,9;21,4;21;77;74;75;131;4,6;2,2;
2026/02/20;0000 UTC;0;1009,6;1010,1;1008,9;0;25,5;21,1;25,8;25;21,3;21;81;77;78;107;6,5;3,1;
2026/02/20;0100 UTC;0;1009,4;1010;1008,9;0;24,6;21,4;24,9;24,4;21,6;21,3;86;82;84;121;3,8;1,8;
2026/02/20;0200 UTC;0;1010;1010,2;1009,8;0;24,1;21,6;24,4;24;21,7;21,5;89;86;87;128;4,7;2,2;
2026/02/20;0300 UTC;0;1010,1;1010,3;1009,7;0;23,9;21,6;24;23,9;21,7;21,5;89;88;88;116;5,2;2,3;
2026/02/20;0400 UTC;0;1009,7;1009,9;1009,4;0;23,7;21,6;23,8;23,6;21,7;21,5;90;89;89;141;2,3;1,2;
2026/02/20;0500 UTC;0;1009,2;1009,4;1008,9;0;23,4;21,6;23,6;23,3;21,7;21,5;92;90;91;126;2,4;1,4;
2026/02/20;0600 UTC;0;1009,3;1009,4;1009;0;23,8;21,5;23,8;23,6;21,6;21,4;89;88;89;128;3,1;1,9;
2026/02/20;0700 UTC;0;1009,3;1009,4;1009,2;0;23,7;21,4;23,8;23,6;21,5;21,3;89;88;89;125;2,9;1,5;
2026/02/20;0800 UTC;0;1009,4;1009,5;1009,2;0;23,7;21,4;23,8;23,6;21,5;21,4;89;88;89;112;2,1;1;
2026/02/20;0900 UTC;0;1009,3;1009,5;1009,3;0;23,4;21,5;23,6;23,2;21,5;21,4;91;89;91;129;2,5;1,5;
2026/02/20;1000 UTC;0;1009,8;1010;1009,6;79,7;23,4;21,4;23,8;23,1;21,5;21,4;92;88;90;120;3,8;2;
2026/02/20;1100 UTC;0;1010,4;1010,5;1010,1;651,3;24,2;21,4;24,9;23,7;21,7;21,2;89;82;86;121;4,1;2,2;
2026/02/20;1200 UTC;0;1010,7;1010,9;1010,4;1128;25;21,2;25,8;24,6;22;20,7;82;78;81;110;6,3;2,7;
2026/02/20;1300 UTC;0;1010,9;1011,1;1010,6;1295,2;26;21,9;26,7;25,6;22,2;21,5;81;75;79;96;5;2,2;
2026/02/20;1400 UTC;0;1010,7;1011;1010,2;3069,2;28,1;22,1;29;26,7;23;21,4;79;65;70;81;5,2;2,3;
2026/02/20;1500 UTC;,2;1010,7;1011,2;1010,2;638,2;25,6;21,6;29;23,2;22,8;20,8;91;64;80;159;5,6;2,7;
2026/02/20;1600 UTC;0;1011,4;1011,9;1011,2;1235,5;25,9;20,7;26,9;24,4;22;19,5;87;65;74;161;10,1;5,7;
2026/02/20;1700 UTC;0;1012,1;1012,2;1011,9;969,4;24,6;19,2;25,3;24,3;19,7;18,6;76;69;73;148;7,2;3,3;
2026/02/20;1800 UTC;0;1012,3;1012,5;1012,1;967,8;25,6;18,9;25,8;25,3;19,5;18,2;71;62;67;128;9,3;4,6;
2026/02/20;1900 UTC;0;1012,7;1012,9;1012,5;716,7;24,1;19,3;25,2;23,5;20,1;18,7;80;72;76;126;5,2;2,4;
2026/02/20;2000 UTC;0;1012,4;1012,6;1012,2;873,5;24,5;19,2;24,6;24;20;18,4;78;70;73;137;6;3;
2026/02/20;2100 UTC;0;1012,2;1012,3;1012,1;390,8;24,3;20,2;24,5;24,1;20,6;19,8;82;77;80;116;3,9;2,1;
2026/02/20;2200 UTC;0;1012,4;1012,7;1012,2;214,7;24,2;20,1;24,4;23,7;20,5;19,7;84;76;79;110;4,5;2,4;
2026/02/20;2300 UTC;0;1013,1;1013,5;1012,7;2,3;23,4;20,6;23,7;23,1;20,7;20,4;87;84;86;112;3,6;1,8;
2026/02/21;0000 UTC;0;1014;1014,5;1013,5;0;22,9;20,5;23,2;22,5;20,6;20,4;90;86;88;132;2,1;1,3;
2026/02/21;0100 UTC;0;1014,7;1014,8;1014,6;0;22,2;20,5;22,5;22,1;20,7;20,4;92;90;91;136;2,2;1,2;
2026/02/21;0200 UTC;0;1014,8;1014,9;1014,8;0;22,4;20,5;22,5;22,2;20,8;20,1;92;89;91;125;3,7;1,9;
2026/02/21;0300 UTC;0;1014,9;1015;1014,8;0;22,2;20;22,3;22,1;20,1;19,9;90;88;89;127;3,8;2,1;
2026/02/21;0400 UTC;0;1014,9;1015;1014,8;0;22,2;20,1;22,3;22,2;20,2;19,9;90;88;89;130;2,5;1,4;
2026/02/21;0500 UTC;0;1014,6;1014,8;1014,4;0;22,1;20,3;22,2;21,8;20,6;20,2;94;90;91;112;4,2;1,8;
2026/02/21;0600 UTC;0;1014,3;1014,4;1014,2;0;21,7;20,4;21,8;21,5;20,6;20,2;95;92;94;119;4,7;2,3;
2026/02/21;0700 UTC;0;1014,1;1014,2;1014;0;21,8;19,8;22;21,7;20,2;19,5;93;88;90;118;2,9;1,7;
2026/02/21;0800 UTC;0;1014,3;1014,5;1014,1;0;21,4;19,7;21,8;21,2;20;19,6;93;89;92;97;1,3;,9;
2026/02/21;0900 UTC;0;1014,6;1014,8;1014,5;0;21,7;20,3;21,8;21,3;20,5;20;94;93;93;137;2,7;1,3;
2026/02/21;1000 UTC;0;1015,1;1015,4;1014,8;71,2;21,7;20,2;21,8;21,6;20,4;20,1;93;92;92;130;2,6;1,3;
2026/02/21;1100 UTC;0;1015,8;1016,1;1015,4;740,8;23,2;20,5;24,3;21,8;21;20,2;92;82;87;126;4,4;2;
2026/02/21;1200 UTC;0;1016,2;1016,3;1016,1;1630,4;25,2;20,7;26;23,9;21,1;20,2;84;72;77;109;7,1;3,9;
2026/02/21;1300 UTC;0;1016,5;1016,7;1016,3;2228,7;26,7;20,2;27,5;25,5;20,9;19,4;75;60;67;88;6,7;3,5;
2026/02/21;1400 UTC;0;1016,6;1016,7;1016,5;2774,1;27,7;19,9;28,3;27,2;20,5;19,2;64;57;61;108;7,3;3,7;
2026/02/21;1500 UTC;0;1016,3;1016,6;1016;3315,4;28,4;19,5;29,1;27,6;20,7;17,8;62;45;56;112;7,8;4,2;
2026/02/21;1600 UTC;0;1015,9;1016,1;1015,7;3802,8;29,4;18,6;29,9;28,9;20,4;17,3;54;40;46;97;7,9;3,5;
2026/02/21;1700 UTC;0;1015,6;1015,8;1015,3;3685,4;29,8;19;30,3;29,5;19,6;18,5;50;44;46;119;8,7;4;
2026/02/21;1800 UTC;0;1015,3;1015,5;1015,1;3204,9;29,6;19,2;30,1;29,2;19,8;18,6;53;45;48;117;9,9;5,1;
2026/02/21;1900 UTC;0;1014,8;1015,1;1014,5;2719,9;29,6;19,6;30;29,3;20,1;19;52;47;50;113;9,1;4,8;
2026/02/21;2000 UTC;0;1014,4;1014,6;1014,2;1959,8;28,9;19;29,5;28,2;19,7;18,5;53;48;50;117;9,4;5,8;
2026/02/21;2100 UTC;0;1014,4;1014,4;1014,4;669,2;27;18,3;27;27;18,3;18,3;56;56;56;102;8,2;5,3;
2026/02/21;2200 UTC;0;1015;1015;1015;24,7;25,2;17,7;25,2;25,2;17,7;17,7;63;63;63;119;8,2;4,7;
2026/02/21;2300 UTC;0;1015,6;1015,6;1015,6;0;23,8;18,7;23,8;23,8;18,7;18,7;74;74;74;127;7,1;4;
2026/02/22;0000 UTC;0;1016,4;1016,4;1016,4;0;22,8;18,7;22,8;22,8;18,7;18,7;80;80;80;107;6,4;3,7;
2026/02/22;0100 UTC;0;1016,8;1017,2;1016,4;0;22,4;18,7;22,8;22,1;18,8;18,5;82;79;81;97;5,7;2,4;
2026/02/22;0200 UTC;0;1017,2;1017,4;1017,1;0;22;18,2;22,2;21,9;18,5;17,9;82;79;81;105;4,9;2,3;
2026/02/22;0300 UTC;0;1017,2;1017,4;1017,1;0;21,7;17,9;22,1;21,3;18;17,8;84;79;81;122;2,7;1,7;
2026/02/22;0400 UTC;0;1017,3;1017,5;1017,2;0;20,8;17,9;21,3;20,4;18;17,9;88;84;85;91;2,1;,9;
2026/02/22;0500 UTC;0;1017,2;1017,3;1017,1;0;20,1;17,8;20,4;19,9;17,9;17,7;90;88;89;113;1,6;,8;
2026/02/22;0600 UTC;0;1016,8;1017,1;1016,5;0;20;17,6;20,1;19,8;17,8;17,3;89;86;88;125;2,4;1,2;
2026/02/22;0700 UTC;0;1016,3;1016,5;1016,2;0;19,6;17,3;20,1;18,6;17,5;16,9;91;86;88;48;,9;,5;
2026/02/22;0800 UTC;0;1016,2;1016,2;1016,1;0;18,3;17,3;18,6;18;17,7;16,9;97;92;95;135;1,5;,6;
2026/02/22;0900 UTC;0;1016,3;1016,6;1016,2;0;17,9;17,1;18;17,5;17,3;16,5;97;95;96;41;1,2;,7;
2026/02/22;1000 UTC;0;1016,9;1017,1;1016,7;59,9;17,1;16,5;17,9;16,7;17,3;16,1;98;95;97;43;1,1;,7;
2026/02/22;1100 UTC;0;1017,2;1017,3;1017;860,9;20,6;18,3;22,6;18;19;17,4;97;81;89;95;3,3;1,5;
2026/02/22;1200 UTC;0;1017,4;1017,5;1017,3;1720,2;23,5;18,7;24,7;22,6;19,3;18,3;81;68;76;105;3,7;2,1;
2026/02/22;1300 UTC;0;1017,4;1017,5;1017,3;2524,3;25,6;18,5;26,9;24,7;19,3;17,6;72;56;65;106;5,6;2,4;
2026/02/22;1400 UTC;0;1017,2;1017,4;1016,8;3147,3;27,2;18,6;28,1;26,4;19,7;17,7;61;54;57;111;7,5;4;
2026/02/22;1500 UTC;0;1016,5;1016,8;1016,1;3547,6;28,6;19,5;29;28,1;20,5;18,7;59;51;54;109;7,1;3,8;
2026/02/22;1600 UTC;0;1015,9;1016,2;1015,4;3707,8;29,1;19,6;29,4;28,6;20,3;19,1;58;49;52;118;8,8;4,9;
2026/02/22;1700 UTC;0;1015,4;1015,6;1015,1;3604,7;29,5;19,2;29,9;29,1;20,3;18,7;54;46;49;102;10,1;4,1;
2026/02/22;1800 UTC;0;1014,8;1015,1;1014,3;3278,1;29,8;19,8;30,2;29,3;20,4;19,1;52;46;50;107;10,5;6;
2026/02/22;1900 UTC;0;1014,2;1014,5;1013,9;2682;29,3;20;29,6;29;20,4;19,4;56;50;53;107;11,9;5,3;
2026/02/22;2000 UTC;0;1013,6;1013,9;1013,3;1918,4;28,7;19,9;29,3;27,9;20,5;19,3;60;52;56;116;12,1;6,7;
2026/02/22;2100 UTC;0;1013,5;1013,7;1013,2;1071,6;27,5;19,8;28;26,6;20,1;19,5;66;58;62;116;12,5;6,5;
2026/02/22;2200 UTC;0;1013,6;1013,8;1013,2;267,7;25,8;19,7;26,6;25,1;19,9;19,5;72;66;69;111;11,2;5,8;
2026/02/22;2300 UTC;0;1014,3;1014,3;1014,3;0;24;19,5;24;24;19,5;19,5;77;77;77;108;5,8;3,2;
2026/02/23;0000 UTC;0;1015;1015;1015;0;23,6;19,5;23,6;23,6;19,5;19,5;80;80;80;111;8,4;4;
2026/02/23;0100 UTC;0;1015,2;1015,3;1014,9;0;23,4;19,6;23,6;23,3;19,7;19,5;82;80;81;104;8,2;3,9;
2026/02/23;0200 UTC;0;1015,3;1015,4;1015,2;0;23,3;19,6;23,3;23,2;19,7;19,5;82;81;82;104;8,9;3,8;
2026/02/23;0300 UTC;0;1015,1;1015,3;1015;0;23;19,4;23,2;22,8;19,6;19,3;83;81;82;104;7,9;2,8;
2026/02/23;0400 UTC;0;1014,8;1015,2;1014,5;0;22,7;19,2;22,9;22,6;19,4;19,1;83;82;83;108;5,4;2,5;
2026/02/23;0500 UTC;0;1014,5;1014,9;1014,2;0;22,4;19,1;22,6;22,2;19,1;19;85;83;83;122;3,9;2;
2026/02/23;0600 UTC;0;1014;1014,2;1013,9;0;21,9;19,2;22,2;21,7;19,3;19,1;88;85;86;81;1,6;,7;
2026/02/23;0700 UTC;0;1013,7;1013,8;1013,5;0;21,4;19,2;21,6;21;19,3;19,1;91;88;89;134;1,2;,7;
2026/02/23;0800 UTC;0;1013,7;1013,8;1013,5;0;20,4;19,2;21;19,9;19,3;18,9;96;91;94;186;1,4;,4;
2026/02/23;0900 UTC;0;1013,9;1014,1;1013,7;0;20,5;19,1;20,8;19,7;19,4;18,9;97;90;93;132;2;1,1;
2026/02/23;1000 UTC;0;1014,3;1014,5;1014,1;43,3;20,7;18,9;20,9;20,6;19;18,8;92;90;91;114;2,5;1,4;
2026/02/23;1100 UTC;0;1014,7;1015;1014,5;219,9;21,6;19,2;22,4;20,9;19,7;18,9;90;86;88;103;2,1;1,1;
2026/02/23;1200 UTC;0;1014,9;1015;1014,7;1641,8;24,3;19,8;25,8;22,4;20,2;19,3;86;69;77;100;5,1;3;
2026/02/23;1300 UTC;0;1014,5;1014,7;1014,4;2290,3;27,5;19,5;28,4;26;20,7;19;70;53;60;87;6,2;3,2;
2026/02/23;1400 UTC;0;1014,5;1014,7;1014,2;2990,9;28,4;19,8;28,8;27,9;20,8;19,3;61;53;57;87;6,3;2,9;
2026/02/23;1500 UTC;0;1013,7;1014,2;1013,2;3511,5;29,2;19,7;29,7;28,6;20,6;18,8;58;49;53;114;6,2;3,6;
2026/02/23;1600 UTC;0;1012,9;1013,2;1012,5;3668,2;30,1;20,1;30,7;29,4;20,8;19;55;45;50;91;7,4;4,2;
2026/02/23;1700 UTC;0;1012;1012,5;1011,5;3454,1;30,7;20,4;31;30,2;21,5;19,8;54;45;48;135;7,8;4,5;
2026/02/23;1800 UTC;0;1011,2;1011,6;1010,7;3033;30,8;20,8;31,2;30,4;21,7;20,3;54;47;50;118;7;4,4;
2026/02/23;1900 UTC;0;1010,1;1010,7;1009,6;2534;30,3;21;30,9;29,4;21,5;20,5;57;50;54;118;10,1;6;
2026/02/23;2000 UTC;0;1009,3;1009,5;1009,1;1714,5;29,1;20,8;29,7;28,8;21,2;20,5;60;57;58;108;10,1;5,2;
2026/02/23;2100 UTC;0;1009,4;1009,4;1009,4;378,4;26,8;20,2;26,8;26,8;20,2;20,2;67;67;67;112;11,9;6,4;
2026/02/23;2200 UTC;0;1009,4;1009,4;1009,4;5,5;25,5;20,5;25,5;25,5;20,5;20,5;75;75;75;117;10,3;4,4;
2026/02/23;2300 UTC;0;1010,1;1010,1;1010,1;0;24,9;20,4;24,9;24,9;20,4;20,4;77;77;77;103;5,8;2,5;
2026/02/24;0000 UTC;;;;;;;;;;;;;;;;;;
2026/02/24;0100 UTC;0;1010,8;1010,9;1010,7;0;24,3;20,5;24,5;24,3;20,6;20,4;82;80;81;99;5,2;2,7;
2026/02/24;0200 UTC;0;1010,7;1010,8;1010,7;0;24,2;20,4;24,3;24;20,5;20,2;81;81;81;102;4,8;2,3;
2026/02/24;0300 UTC;0;1010,5;1010,7;1010,3;0;23,8;20,3;24;23,5;20,5;20,1;85;81;82;97;2,7;1,4;
2026/02/24;0400 UTC;0;1009,9;1010,3;1009,6;0;23,5;20,2;23,6;23,5;20,4;20;84;83;84;95;2;,8;
2026/02/24;0500 UTC;0;1009,5;1009,6;1009,3;0;23,4;20,2;23,5;23,1;20,3;20;85;83;84;126;2,9;1,9;
2026/02/24;0600 UTC;,2;1009,2;1009,3;1008,9;0;23;20,2;23,2;22,6;20,6;19,9;89;84;86;123;2,7;1,5;
2026/02/24;0700 UTC;0;1008,7;1008,9;1008,5;0;22,6;20,2;22,7;22,5;20,3;19,8;89;86;88;111;3,8;1,8;
2026/02/24;0800 UTC;0;1008,5;1008,6;1008,4;0;22,6;19,9;22,7;22,5;20;19,8;88;86;87;99;2,5;1,1;
2026/02/24;0900 UTC;0;1008,7;1009,2;1008,4;0;22,5;20;22,6;22,4;20,1;19,8;89;87;87;106;,9;,3;
2026/02/24;1000 UTC;0;1009,4;1009,6;1009,2;95,2;22,5;20,1;23;22,4;20,5;20;89;86;88;95;1,1;,5;
2026/02/24;1100 UTC;0;1009,6;1009,7;1009,5;404,3;23,8;20,2;24,2;23;20,6;19,9;87;79;82;151;1,7;,7;
2026/02/24;1200 UTC;0;1009,8;1010;1009,7;1043,3;24,9;20,5;25,9;24,2;21,3;19,9;81;75;78;101;2,1;,8;
2026/02/24;1300 UTC;0;1009,9;1010,1;1009,9;809,5;26,1;20,5;26,5;25,8;21,6;19,3;77;65;72;143;2,2;1,3;
2026/02/24;1400 UTC;0;1010,2;1010,3;1010;490,3;25,7;20,5;26,3;25,4;21,3;19,5;79;68;74;173;1,4;,4;
2026/02/24;1500 UTC;,6;1010,4;1010,5;1010,3;520,7;25,1;21,5;26,3;24,2;22,5;20;90;69;82;235;1,8;1,2;
2026/02/24;1600 UTC;1,2;1010,3;1010,5;1010;293,2;23,3;21,8;24,1;23,1;22,2;21,3;95;87;92;223;2,2;1,2;
2026/02/24;1700 UTC;3;1009,9;1010,3;1009,5;149,3;22,8;21,8;23,2;22,4;22,1;21,2;96;94;95;115;1;,5;
2026/02/24;1800 UTC;1,4;1009,4;1009,7;1009;392,9;22,7;21,7;22,9;22,4;22,2;21,1;97;93;95;317;2,1;1,2;
2026/02/24;1900 UTC;,4;1009,2;1009,3;1009;458,7;22,8;21,6;23;22,6;22,1;21;96;91;94;154;1,4;,8;
2026/02/24;2000 UTC;,4;1008,7;1009,1;1007,9;266,2;22,9;21,8;23,1;22,7;22,3;21,2;97;91;94;44;2,3;1,6;
2026/02/24;2100 UTC;1;1007,5;1007,9;1007,3;119,7;22,6;21,6;23;22,2;22,2;21,1;96;94;95;36;3;1,8;
2026/02/24;2200 UTC;,4;1007,3;1007,7;1006,8;30,7;22;21,3;22,2;21,7;21,5;21;97;96;96;201;1,6;,6;
2026/02/24;2300 UTC;0;1007;1007,3;1006,4;1,3;21,6;21,1;21,7;21,3;21,4;20,8;98;97;98;190;1,3;,5;
2026/02/25;0000 UTC;0;1006,8;1007,6;1006,4;0;21,2;20,8;21,4;21;21;20,6;98;98;98;267;,8;,5;
2026/02/25;0100 UTC;0;1007,5;1007,7;1007,3;0;21;20,7;21,2;20,9;20,9;20,5;99;98;99;164;1,7;,9;
2026/02/25;0200 UTC;0;1007,4;1007,5;1007,3;0;20,5;20,2;20,8;20;20,6;19,8;99;98;99;286;1;,6;
2026/02/25;0300 UTC;0;1007,4;1007,6;1007,2;0;19,9;19,7;20,2;19,6;20;19,4;99;99;99;330;1,6;,7;
2026/02/25;0400 UTC;0;1007,3;1007,5;1007,1;0;19,6;19,5;19,9;19,3;19,8;19,1;100;99;99;232;1,5;,4;
2026/02/25;0500 UTC;0;1006,8;1007,1;1006,7;0;19,3;19,2;19,5;19;19,4;18,9;100;99;100;313;1,7;,9;
2026/02/25;0600 UTC;0;1006,6;1006,8;1006,4;0;18,9;18,8;19;18,6;19;18,5;100;100;100;313;1,3;,6;
2026/02/25;0700 UTC;0;1006,3;1006,6;1006,2;0;19,4;19,3;19,8;18,6;19,8;18,5;100;100;100;317;1,9;,9;
2026/02/25;0800 UTC;0;1006,5;1006,7;1006,2;0;19,9;19,9;20;19,7;20,1;19,7;100;100;100;327;3,8;1,8;
2026/02/25;0900 UTC;0;1006,9;1007,5;1006,6;0;20;20;20,2;19,9;20,2;19,9;100;100;100;271;3,6;1,6;
2026/02/25;1000 UTC;0;1007,9;1008,2;1007,5;28,6;20,4;20,4;20,6;20,1;20,6;20,2;100;100;100;274;3,2;1,7;
2026/02/25;1100 UTC;0;1008,4;1008,8;1008,2;255;20,9;20,9;21,3;20,6;21,2;20,6;100;100;100;263;3,2;2;
2026/02/25;1200 UTC;0;1008,9;1009,1;1008,7;857,4;21,9;21,3;23,1;21,3;21,5;20,9;99;89;97;273;4,9;2,6;
2026/02/25;1300 UTC;0;1009,4;1009,6;1009,1;903,1;23,1;21,2;23,6;22,9;21,5;20,6;93;87;90;281;4,8;2,5;
2026/02/25;1400 UTC;0;1009,5;1009,6;1009,3;1080,3;24;21,4;24,8;23,6;22;20,9;90;82;87;253;4,6;2,6;
2026/02/25;1500 UTC;0;1009,2;1009,3;1009;1457,4;25,2;21,5;26,1;24,4;22,5;21;86;75;81;195;3,3;1,6;
2026/02/25;1600 UTC;0;1008,9;1009;1008,6;1891,8;26,2;21,6;27;25,6;22,7;21,1;81;71;77;218;7,2;4,3;
2026/02/25;1700 UTC;0;1008,4;1008,7;1008,1;3023;27,4;21,4;28,3;26,5;22,1;20,8;75;66;70;209;6,3;4,3;
2026/02/25;1800 UTC;0;1007,8;1008,2;1007,3;3287,5;28,2;21,2;28,7;27;22,3;20,5;73;60;65;214;6,8;4;
2026/02/25;1900 UTC;0;1007,7;1007,9;1007,4;1113;26;21,1;28,6;24,3;22,3;19,9;87;61;76;193;9,4;5;
2026/02/25;2000 UTC;0;1007,9;1008,1;1007,8;1021,6;25,2;20,4;26,1;24,8;21,2;19,6;79;72;76;191;10,1;5;
2026/02/25;2100 UTC;0;1008,1;1008,3;1007,8;667,9;24,5;19,6;25,1;23,9;20;19,3;78;72;75;185;8,9;3,6;
2026/02/25;2200 UTC;0;1008,6;1008,9;1008,3;99;23,7;19;23,9;23,5;19,5;18,6;78;75;76;174;7,8;4,1;
2026/02/25;2300 UTC;0;1009,3;1009,7;1008,8;4,3;23,2;18,3;23,5;22,9;18,6;17,9;77;75;76;186;7,3;4,3;
2026/02/26;0000 UTC;0;1010,3;1010,8;1009,7;0;22,7;17,7;22,9;22,5;18,1;17,2;76;73;75;184;5,7;3,1;
2026/02/26;0100 UTC;0;1011,1;1011,3;1010,8;0;22,1;16,5;22,6;21,7;17,3;15,6;74;69;72;194;5,4;2,8;
2026/02/26;0200 UTC;0;1011,2;1011,3;1011,2;0;21;15,2;21,6;20,2;15,9;14,8;74;69;71;216;4,2;1,7;
2026/02/26;0300 UTC;0;1011,1;1011,3;1011;0;20;15,2;20,9;19,4;15,7;14,8;82;70;76;217;1,7;1,1;
2026/02/26;0400 UTC;0;1010,9;1011,1;1010,8;0;18,7;15,8;19,3;18,3;16,1;15,6;88;81;86;233;2,2;1,4;
2026/02/26;0500 UTC;0;1010,4;1010,8;1010,2;0;17,7;15,5;18,3;17,3;16;15,1;92;87;89;257;2;1,1;
2026/02/26;0600 UTC;0;1010,1;1010,2;1010,1;0;17,3;15,3;17,7;17,1;15,6;15,2;92;88;90;258;1,3;,7;
2026/02/26;0700 UTC;0;1010,1;1010,2;1010;0;16,5;15,3;17;16,2;15,5;15,1;95;92;94;315;1,8;1;
2026/02/26;0800 UTC;0;1010,2;1010,4;1010,1;0;16,1;15;16,2;15,8;15,2;14,8;95;94;94;312;1,8;1;
2026/02/26;0900 UTC;0;1010,6;1011;1010,4;0;15,7;15;15,8;15,6;15,3;14,8;98;95;97;304;1,6;,7;
2026/02/26;1000 UTC;0;1011,4;1011,6;1011,1;84,6;16,4;15,6;17,2;15,7;15,9;15,3;98;93;96;282;1,5;,7;
2026/02/26;1100 UTC;0;1011,9;1012,1;1011,6;593,6;18,3;16,1;19,4;17,2;16,7;15,8;94;85;89;284;2,7;1,3;
2026/02/26;1200 UTC;0;1012,3;1012,5;1012,1;1677,9;20,4;16;21,2;19,4;16,5;15,4;85;74;78;251;3,8;2,1;
2026/02/26;1300 UTC;0;1012,6;1012,6;1012,5;2598,8;22,1;16,4;23,6;20,9;17,7;15,7;76;66;71;225;4,6;1,9;
2026/02/26;1400 UTC;0;1012,6;1012,7;1012,5;2790,8;23,4;16,7;24,3;22,7;18,2;16,1;72;63;67;202;4,7;2;
2026/02/26;1500 UTC;0;1012,4;1012,6;1012,2;2721,4;24,1;16,5;25;23,3;17,3;15,8;67;56;62;234;5,7;2,9;
2026/02/26;1600 UTC;0;1011,9;1012,2;1011,6;3052,9;24,9;16,3;25,9;23,8;17,5;15,4;63;50;57;211;6,2;3,5;
2026/02/26;1700 UTC;0;1011,4;1011,6;1011,2;2977,3;25,4;16,3;26,4;24,5;17,4;15,5;59;49;54;185;4;2,5;
2026/02/26;1800 UTC;0;1010,9;1011,1;1010,7;2698,9;25,7;15,9;26,5;24,8;17;15;58;46;51;200;5,3;2,5;
2026/02/26;1900 UTC;0;1010,5;1010,7;1010,4;2374,9;26,1;15,6;26,6;24,8;16,8;14,7;53;42;47;216;6,2;3,1;
2026/02/26;2000 UTC;0;1010,4;1010,5;1010,3;2209,9;26,2;15,9;26,7;25,5;16,9;15;53;43;49;177;7,4;3,5;
2026/02/26;2100 UTC;0;1010,6;1010,9;1010,4;1106,2;25;15,8;25,7;24,1;16,5;15,3;58;49;54;173;5,5;3,4;
2026/02/26;2200 UTC;0;1011;1011,3;1010,8;243,2;23,1;15,5;24,1;22,2;15,8;14,9;68;56;62;175;6;3;
2026/02/26;2300 UTC;0;1011,5;1011,8;1011,3;,5;21,7;15,8;22,3;21,1;16;15,7;74;67;71;135;4,7;1,6;
2026/02/27;0000 UTC;0;1012,1;1012,3;1011,8;0;20,8;15,9;21,2;20,4;16;15,8;78;73;76;119;4,1;1,9;
2026/02/27;0100 UTC;0;1012,5;1012,6;1012,3;0;20,4;15,9;20,6;20,1;16;15,8;79;76;78;108;2,9;1,9;
2026/02/27;0200 UTC;0;1012,7;1012,9;1012,5;0;19,5;15,8;20;18,5;16;15,7;87;79;82;132;1,3;,8;
2026/02/27;0300 UTC;0;1012,9;1013;1012,8;0;17,7;15,9;18,5;16,8;16,1;15,7;94;86;91;225;,6;,3;
2026/02/27;0400 UTC;0;1012,8;1012,9;1012,8;0;16,2;15,3;16,8;15,9;15,7;15,1;97;94;96;287;,6;,5;
2026/02/27;0500 UTC;0;1012,8;1012,9;1012,6;0;16,4;15,7;16,6;16,1;15,9;15,4;97;96;97;59;,9;,5;
2026/02/27;0600 UTC;0;1012,2;1012,6;1012;0;16,2;15,6;16,6;15,9;15,9;15,3;97;96;97;40;,8;,4;
2026/02/27;0700 UTC;0;1011,8;1011,8;1011,8;0;15,5;15,1;15,5;15,5;15,1;15,1;98;98;98;340;1,4;1,1;
2026/02/27;0800 UTC;0;1012,2;1012,2;1012,2;0;14,8;14,4;14,8;14,8;14,4;14,4;98;98;98;301;1,4;,9;
2026/02/27;0900 UTC;0;1012,7;1012,7;1012,7;0;14,7;14,4;14,7;14,7;14,4;14,4;99;99;99;330;,6;,5;
2026/02/27;1000 UTC;0;1013,2;1013,2;1013,2;161,8;15,4;15,2;15,4;15,4;15,2;15,2;99;99;99;88;,4;,3;
2026/02/27;1100 UTC;0;1013,5;1013,5;1013,5;1425,8;19,6;16,8;19,6;19,6;16,8;16,8;86;86;86;253;1,4;1;
2026/02/27;1200 UTC;0;1014,2;1014,2;1014,2;2042,9;21,6;16,6;21,6;21,6;16,6;16,6;75;75;75;212;1,6;,7;
2026/02/27;1300 UTC;;;;;;;;;;;;;;;;;;
2026/02/27;1400 UTC;0;1014,6;1014,8;1014,3;2101,5;23,6;17,4;24,9;22,7;18,3;16,8;74;61;69;250;4,3;1,9;
2026/02/27;1500 UTC;0;1014,2;1014,4;1013,7;2039,7;24,6;17,2;25,3;23,7;18,2;16,5;69;60;63;212;2,9;1,6;
2026/02/27;1600 UTC;0;1013,3;1013,8;1013;2532,4;25,7;17,5;26,6;25,1;18,5;16,7;65;53;59;179;5,5;2,3;
2026/02/27;1700 UTC;0;1012,6;1013,1;1012,3;2818,2;26,5;17,8;27,4;26,1;18,7;17;60;51;56;124;7,6;2,9;
2026/02/27;1800 UTC;0;1012,1;1012,3;1011,8;2015,1;26,7;17,7;27,6;26,1;18,8;17,2;58;52;55;131;6,8;3,1;
2026/02/27;1900 UTC;0;1011,6;1011,9;1011,3;2109,6;27,1;18,1;27,7;26,3;18,9;17,4;57;53;55;143;7,5;4,2;
2026/02/27;2000 UTC;0;1011,6;1011,8;1011,3;1248,4;26,3;17,7;27,5;25,4;18,4;17,3;60;53;57;131;7,9;4;
2026/02/27;2100 UTC;0;1012;1012,2;1011,7;675;25,3;17,5;26,2;24,8;17,9;17,2;63;58;61;132;8,2;4,4;
2026/02/27;2200 UTC;0;1012,4;1012,8;1012,1;165,6;24,1;17;25,1;23,4;17,5;16,8;67;61;65;130;5,7;3,3;
2026/02/27;2300 UTC;0;1013,2;1013,6;1012,8;,3;22,8;16,7;23,4;22,2;16,8;16,6;73;67;69;134;4,9;2,4;
2026/02/28;0000 UTC;0;1013,8;1014,1;1013,6;0;21,9;16,8;22,2;21,5;16,8;16,7;76;73;74;129;5;2,8;
2026/02/28;0100 UTC;0;1014,2;1014,2;1014,1;0;21,1;16,8;21,5;20,7;16,9;16,8;81;76;78;120;4;2,3;
2026/02/28;0200 UTC;0;1014;1014,2;1013,8;0;20,5;16,8;20,8;20,4;16,9;16,6;82;81;81;121;5,2;2,7;
2026/02/28;0300 UTC;0;1013,9;1013,9;1013,8;0;20,1;16,5;20,4;19,8;16,7;16,4;83;81;82;116;3,5;2;
2026/02/28;0400 UTC;0;1013,7;1013,9;1013,4;0;19,4;16,3;19,9;18,9;16,4;16,2;87;82;84;97;1,9;,8;
2026/02/28;0500 UTC;0;1013,2;1013,4;1013;0;18,7;16;18,9;18,4;16,2;15,9;88;86;87;92;1,6;,6;
2026/02/28;0600 UTC;0;1013;1013,1;1012,8;0;18,3;15,9;18,4;18,2;16;15,8;88;87;88;111;2,2;1;
2026/02/28;0700 UTC;0;1012,7;1012,9;1012,5;0;17,9;15,8;18,3;17,4;15,9;15,6;92;87;89;120;2,1;1,3;
2026/02/28;0800 UTC;0;1012,6;1012,9;1012,5;0;17,3;15,7;17,8;16,3;15,9;15,2;95;90;92;175;1,1;,6;
2026/02/28;0900 UTC;0;1013;1013,2;1012,9;0;16,9;15,7;17,3;16,2;16;15,3;97;91;94;135;3;1,5;
2026/02/28;1000 UTC;0;1013,6;1013,8;1013,2;62,7;17;15,4;17,3;16,8;15,7;15,3;93;91;92;98;1,5;,5;
2026/02/28;1100 UTC;0;1014;1014,3;1013,8;708,4;19,6;15,6;20,9;17,4;16,1;15,3;91;72;80;111;3,8;2,4;
2026/02/28;1200 UTC;0;1014,6;1014,7;1014,4;1144,2;21,9;15,9;23;20,9;16,5;15,3;74;65;70;109;5,3;3,1;
2026/02/28;1300 UTC;0;1014,7;1014,8;1014,6;1891,3;23,9;16,6;25,3;23;17,4;16,1;67;58;64;101;6,2;3,7;
2026/02/28;1400 UTC;0;1014,6;1014,8;1014,5;3045,2;25,9;17,4;26,6;25;18,1;16,5;61;55;58;97;6,7;3,3;
2026/02/28;1500 UTC;0;1014,2;1014,5;1013,8;3491,7;26,8;17,9;27,4;26;18,5;17,4;60;52;56;132;6,8;3,5;
2026/02/28;1600 UTC;0;1013,6;1013,8;1013,2;3678,6;27,7;18,1;28,3;27,2;19,5;17,5;58;48;52;133;6,8;3,7;
2026/02/28;1700 UTC;0;1013;1013,2;1012,7;2386,6;27,8;18;28,3;27,2;18,8;17,6;56;49;51;110;6,7;3,1;
2026/02/28;1800 UTC;0;1012,5;1012,7;1012,2;2837,9;28,3;18,3;28,8;27,4;18,9;17,5;54;48;50;113;8,1;3,5;
2026/02/28;1900 UTC;0;1012,1;1012,2;1012;2715,5;28,5;18,3;28,8;28,2;18,9;17,8;53;46;49;115;8,5;4;
2026/02/28;2000 UTC;0;1012,2;1012,4;1012;1471,3;27,6;17,9;28,4;27,3;18,3;17,5;54;48;52;109;7,9;3,9;
2026/02/28;2100 UTC;0;1012,7;1012,8;1012,4;565,6;26,1;17,1;27,3;25,7;17,9;16,8;57;52;55;117;9,2;4,8;
2026/02/28;2200 UTC;0;1013;1013,2;1012,8;226,1;24,9;16,8;25,7;24;17,1;16,5;63;56;59;114;7,2;3,9;
2026/02/28;2300 UTC;0;1013,4;1013,8;1013,1;,6;23,2;16,5;23,9;22,6;16,6;16,3;69;63;66;123;5,1;2,8;
2026/03/01;0000 UTC;0;1013,9;1014,2;1013,7;0;22,2;16,1;22,5;21,9;16,3;16;71;69;70;121;5,4;3,1;
2026/03/01;0100 UTC;0;1014,4;1014,5;1014,2;0;21,6;16;21,9;21,3;16,1;15,9;74;71;72;122;4,3;2,8;
2026/03/01;0200 UTC;0;1014,4;1014,5;1014,2;0;20,8;16,1;21,3;20,3;16,2;16,1;79;74;77;97;2,1;,8;
2026/03/01;0300 UTC;0;1014,4;1014,4;1014,3;0;20;16,2;20,3;19,7;16,4;16,1;83;79;81;120;3,9;2,3;
2026/03/01;0400 UTC;0;1014,3;1014,4;1014,3;0;19,9;16,2;20,3;19,4;16,4;16,1;84;79;81;92;1,4;,7;
2026/03/01;0500 UTC;0;1014,1;1014,3;1013,8;0;19;16,3;19,4;18,3;16,4;16,2;90;84;87;113;2,8;1,5;
2026/03/01;0600 UTC;0;1013,8;1013,8;1013,7;0;19;16,4;19,2;18,7;16,5;16,3;89;85;87;97;1,9;1;
2026/03/01;0700 UTC;0;1013,8;1013,9;1013,7;0;19,1;16,6;19,3;18,8;16,7;16,5;89;86;87;77;1,8;,8;
2026/03/01;0800 UTC;0;1013,8;1013,8;1013,7;0;18,8;16,7;19;18,6;16,8;16,6;91;88;90;120;2,9;1,9;
2026/03/01;0900 UTC;0;1013,8;1014;1013,7;0;19,1;16,5;19,3;19;16,7;16,4;88;85;87;118;4,2;2,1;
2026/03/01;1000 UTC;0;1014,4;1014,7;1014;67,8;19;16,5;19,3;18,9;16,7;16,3;88;86;87;102;1,9;1;
2026/03/01;1100 UTC;0;1014,8;1015,1;1014,6;690,9;20,9;17;22,4;19,4;17,7;16,6;87;75;80;105;3,9;2;
2026/03/01;1200 UTC;0;1015,1;1015,1;1015;1619,6;23,8;17,5;24,8;22,5;18,1;17,1;74;64;69;117;6,8;3,7;
2026/03/01;1300 UTC;0;1015,1;1015,1;1014,9;2433,8;25,6;18;26,4;24,7;18,6;17,3;67;59;62;119;7,5;4,5;
2026/03/01;1400 UTC;0;1014,9;1015;1014,8;2981,4;26,6;18,1;27,3;25,9;18,9;17,5;62;54;58;113;7,7;3,9;
2026/03/01;1500 UTC;0;1014,7;1014,9;1014,4;2249,9;26,7;18,1;27,6;26,1;19,2;17,5;60;53;57;111;7,8;4,6;
2026/03/01;1600 UTC;0;1014,2;1014,4;1013,9;3772;27,7;18,6;28,1;27,2;19,4;18;58;52;55;132;8,7;5,4;
2026/03/01;1700 UTC;0;1013,7;1013,9;1013,3;3448,3;27,9;18,6;28,4;27,1;19,4;18;57;51;54;109;7,8;4,3;
2026/03/01;1800 UTC;0;1013,2;1013,4;1012,9;3066,8;28;18,5;28,5;27,6;19,3;18;56;50;53;121;9,1;4,9;
2026/03/01;1900 UTC;0;1012,8;1012,9;1012,6;2449,4;27,7;18,2;28,2;26,9;18,7;17,8;55;51;53;117;7,3;4,1;
2026/03/01;2000 UTC;0;1012,7;1012,8;1012,5;1774,5;27,1;17,8;28;26,3;18,4;17,3;56;51;53;114;9,9;5,4;
2026/03/01;2100 UTC;0;1012,8;1013;1012,6;700,2;25,6;17,2;26,6;24,8;17,6;16,9;61;54;58;117;10,2;5,4;
2026/03/01;2200 UTC;0;1012,9;1013,1;1012,7;156,4;24,3;17;24,8;23,6;17,2;16,8;66;61;63;119;7,4;4;
2026/03/01;2300 UTC;0;1013;1013;1012,8;,3;22,9;16,9;23,6;22,4;17,1;16,7;72;67;70;123;8;4,2;
2026/03/02;0000 UTC;0;1013,2;1013,4;1013;0;22;16,6;22,4;21,7;16,7;16,4;74;72;73;117;6;3,8;
2026/03/02;0100 UTC;0;1013,4;1013,5;1013,3;0;21,4;16,4;21,7;21,2;16,5;16,2;76;74;75;118;6,2;2,8;
2026/03/02;0200 UTC;0;1013,3;1013,5;1013,2;0;21,1;16,2;21,2;20,9;16,3;16,1;76;75;76;114;7,1;3,2;
2026/03/02;0300 UTC;0;1013,3;1013,3;1013,2;0;20,7;16,1;20,9;20,4;16,2;16;79;76;77;114;4,7;2,5;
2026/03/02;0400 UTC;0;1013,2;1013,2;1013;0;20,1;16,3;20,4;19,8;16,4;16,2;82;79;81;112;4,5;2,7;
2026/03/02;0500 UTC;0;1012,9;1013,1;1012,7;0;19,6;16,2;20;19,3;16,3;16,1;84;81;83;101;3;1,4;
2026/03/02;0600 UTC;0;1012,7;1012,8;1012,6;0;19,1;16,1;19,3;18,9;16,2;16;86;84;85;99;2,6;1,1;
2026/03/02;0700 UTC;0;1012,5;1012,6;1012,3;0;18,9;16,1;19,1;18,6;16,2;16;88;85;86;97;2,6;1,2;
2026/03/02;0800 UTC;0;1012,3;1012,4;1012,3;0;18,2;16,1;18,6;18;16,2;16,1;90;88;90;92;1,8;,8;
2026/03/02;0900 UTC;0;1012,5;1012,7;1012,3;0;18,1;16,2;18,2;17,9;16,2;16,1;91;90;90;101;2;1,1;
2026/03/02;1000 UTC;0;1012,9;1013,1;1012,7;63,6;18,2;16,3;18,8;17,9;16,6;16,1;91;89;91;84;1,6;,7;
2026/03/02;1100 UTC;0;1013,2;1013,2;1013,1;660,1;20,4;16,9;21,6;18,9;17,5;16,5;88;78;83;121;4;2,2;
2026/03/02;1200 UTC;0;1013,3;1013,4;1013,2;1563,1;23;17,5;24,5;21,6;17,9;17,1;79;64;72;118;3,8;2,3;
2026/03/02;1300 UTC;0;1013,4;1013,5;1013,3;2361,1;25,5;17,6;26,6;24,5;18,5;17;67;55;60;69;6;2,7;
2026/03/02;1400 UTC;0;1013,1;1013,4;1012,9;2984,5;27,3;18;27,9;26,6;19,2;17,4;61;50;54;89;5,6;2,5;
2026/03/02;1500 UTC;0;1012,6;1012,9;1012,2;3396,3;28,4;18,6;29;27,7;19,7;17,9;57;47;51;119;6,1;2,2;
2026/03/02;1600 UTC;0;1011,8;1012,2;1011,4;3559,6;29,3;19;30,1;28,8;19,9;18,4;52;45;48;128;7;2,7;
2026/03/02;1700 UTC;0;1011,1;1011,4;1010,7;3466,6;30,1;19,5;30,7;29,7;20,6;18,8;51;44;47;119;7,9;4,4;
2026/03/02;1800 UTC;0;1010,5;1010,8;1010,2;3120,5;30,1;19,6;30,6;29,5;20,1;19,2;52;45;48;109;8,8;4;
2026/03/02;1900 UTC;0;1009,9;1010,2;1009,6;2556,1;29,3;19,5;29,8;28,6;20;19;54;49;51;100;9,8;5,2;
2026/03/02;2000 UTC;0;1009,7;1009,8;1009,6;1798,7;28,2;19,5;28,6;27,7;19,9;19;59;52;56;106;10,4;5,2;
2026/03/02;2100 UTC;0;1009,7;1009,8;1009,6;950,8;27;19,1;27,7;26,2;19,3;18,9;64;57;60;117;9,4;5,5;
2026/03/02;2200 UTC;0;1009,8;1009,9;1009,6;192,6;25,4;18,8;26,2;24,4;19;18,4;70;63;67;119;7,2;3,9;
2026/03/02;2300 UTC;0;1010,1;1010,5;1009,8;,2;23,7;18;24,4;23,1;18,3;17,8;73;70;71;113;6,8;3,7;
2026/03/03;0000 UTC;0;1011,3;1011,3;1011,3;0;22,2;17,9;22,2;22,2;17,9;17,9;79;79;79;123;3,4;2,8;
2026/03/03;0100 UTC;0;1011,4;1011,6;1011,2;0;21,9;17,9;22,2;21,5;18;17,8;81;79;80;113;4,6;2,4;
2026/03/03;0200 UTC;0;1011,6;1011,8;1011,5;0;21,3;17,8;21,6;21;17,8;17,7;84;81;82;101;3,8;1,8;
2026/03/03;0300 UTC;0;1011,7;1011,8;1011,6;0;20,9;17,9;21;20,8;17,9;17,8;85;84;85;109;4,8;2,4;
2026/03/03;0400 UTC;0;1011,7;1011,8;1011,6;0;20,6;17,9;20,9;20,3;18;17,9;88;85;87;105;3;1,8;
2026/03/03;0500 UTC;0;1011,5;1011,7;1011,3;0;20,2;17,7;20,4;19,9;17,9;17,4;88;87;88;107;2,2;1,3;
2026/03/03;0600 UTC;0;1011,4;1011,4;1011,3;0;19,6;17,4;19,9;19,4;17,4;17,3;90;87;89;115;2;1;
2026/03/03;0700 UTC;0;1011,4;1011,5;1011,3;0;19,2;17,2;19,3;19;17,4;17,1;91;90;90;134;1,6;1;
2026/03/03;0800 UTC;0;1011,5;1011,7;1011,4;0;18,8;17;19;18,5;17,2;16,9;92;91;91;112;2,1;1,2;
2026/03/03;0900 UTC;0;1011,9;1012,2;1011,7;0;18,7;16,8;18,8;18,5;17;16,6;92;90;90;124;2,7;1,7;
2026/03/03;1000 UTC;0;1012,4;1012,8;1012,1;50,3;18,7;16,5;19,1;18,5;16,6;16,5;90;88;89;120;2,5;1,3;
2026/03/03;1100 UTC;0;1013;1013,2;1012,8;656,4;20,4;16,8;21,8;19,1;17,2;16,5;88;75;82;90;3,2;1,4;
2026/03/03;1200 UTC;0;1013,2;1013,4;1013;1547,3;23,4;17,6;25,2;21,8;18,8;17;77;64;71;98;3;1,5;
2026/03/03;1300 UTC;0;1012,9;1013;1012,6;2328,3;26,5;18,8;28,1;25,2;19,5;18,1;68;55;61;97;5,4;2,1;
2026/03/03;1400 UTC;0;1012,6;1012,7;1012,5;2949,4;28,4;19,3;29,1;27,6;20,3;18,5;59;51;54;145;4,9;2,9;
2026/03/03;1500 UTC;0;1012,3;1012,6;1011,8;3345,5;29,1;19,7;30;28,4;20,5;19,1;59;49;53;130;5,6;2,6;
2026/03/03;1600 UTC;0;1011,4;1011,8;1011;3508,8;30,3;20,3;31,3;29,4;21,3;19,6;55;46;50;100;4,5;2,2;
2026/03/03;1700 UTC;0;1010,6;1011;1010,3;3420,6;31,2;20,6;31,7;30,5;21,6;19,8;51;44;47;148;4,9;2,3;
2026/03/03;1800 UTC;0;1010;1010,3;1009,7;3054,2;32,2;20,9;32,6;31,6;21,7;20,1;46;40;44;142;5;2,7;
2026/03/03;1900 UTC;0;1009,5;1009,8;1009,3;2483,1;32,2;21,4;32,7;31,6;21,8;20,9;49;42;46;123;7,3;4,3;
2026/03/03;2000 UTC;0;1009,5;1009,8;1009,2;1736,3;31;21,1;32;30,2;21,7;20,6;54;47;50;108;9,2;4,5;
2026/03/03;2100 UTC;0;1009,9;1009,9;1009,9;481,4;28,2;20;28,2;28,2;20;20;59;59;59;122;8,3;4,9;
2026/03/03;2200 UTC;0;1010,5;1010,5;1010,5;,6;25,6;19,8;25,6;25,6;19,8;19,8;71;71;71;128;4,8;3,2;
2026/03/03;2300 UTC;0;1011,2;1011,2;1011,2;0;24;19,4;24;24;19,4;19,4;77;77;77;127;4,5;2,9;
2026/03/04;0000 UTC;0;1011,7;1012,1;1011,2;0;23,5;19,4;24;23,1;19,4;19,3;81;77;79;129;4,3;2,5;
2026/03/04;0100 UTC;0;1012,2;1012,4;1012;0;22,7;19,4;23;22,5;19,4;19,3;84;82;83;129;4;2,1;
2026/03/04;0200 UTC;0;1011,8;1012,1;1011,6;0;22,3;19,3;22,6;22;19,4;19,3;86;84;85;114;4,5;2,3;
2026/03/04;0300 UTC;0;1011,5;1011,6;1011,3;0;21,8;19,4;22;21,4;19,4;19,3;90;86;88;140;3,2;1,3;
2026/03/04;0400 UTC;0;1011,5;1011,7;1011,4;0;21,3;19,4;21,4;21,1;19,5;19,3;92;90;91;131;3,4;2,1;
2026/03/04;0500 UTC;0;1011,5;1011,7;1011,4;0;21,2;19,3;21,4;21;19,5;19,2;92;90;91;128;3,2;2,1;
2026/03/04;0600 UTC;0;1011,5;1011,6;1011,3;0;20,7;19,2;21;20,3;19,3;18,9;93;92;92;83;1,9;1,1;
2026/03/04;0700 UTC;0;1011,5;1011,6;1011,4;0;19,9;18,7;20,5;19,1;19,1;18;97;92;94;78;1,8;,9;
2026/03/04;0800 UTC;0;1011,5;1011,6;1011,4;0;19,4;18,5;19,6;18,9;18,9;17,9;97;95;96;118;1,3;,8;
2026/03/04;0900 UTC;0;1011,7;1012;1011,5;0;18,6;17,9;19,3;17,9;18,7;17,3;97;95;96;215;,6;,2;
2026/03/04;1000 UTC;0;1012,4;1012,7;1012;50,3;17,5;17;17,9;17,2;17,5;16,7;98;97;98;289;,6;,3;
2026/03/04;1100 UTC;0;1012,8;1012,8;1012,7;669,8;20,1;18,9;22;17,9;19,5;17,6;99;85;94;150;1,8;1,1;
2026/03/04;1200 UTC;0;1012,8;1012,9;1012,6;1522,3;23,3;19,6;25,1;22,1;20,4;19,1;87;74;82;120;2,4;1,4;
2026/03/04;1300 UTC;0;1012,7;1012,8;1012,6;2306,6;25,9;19,5;26,9;25,1;20,6;18,9;73;64;68;120;4,8;2,6;
2026/03/04;1400 UTC;0;1012,6;1012,6;1012,3;2886,8;27,9;20,1;28,9;26,6;21,1;19,5;69;56;61;121;4,5;2,1;
2026/03/04;1500 UTC;0;1011,9;1012,3;1011,7;3277,1;30;20,8;31;29;21,7;20,2;61;50;54;118;4,6;2,1;
2026/03/04;1600 UTC;0;1011,5;1011,7;1011,2;3416,2;31,7;21,4;32,4;31,1;22,2;20,9;53;43;48;147;4,7;2,6;
2026/03/04;1700 UTC;0;1011;1011,3;1010,7;3295,5;32,9;21,1;33,6;32,3;22,1;20,6;49;37;41;174;3,7;1,5;
2026/03/04;1800 UTC;0;1010,3;1010,7;1010;2966,4;33,9;21,7;34,4;33;22,9;20,6;43;36;39;115;5;2,7;
2026/03/04;1900 UTC;0;1009,8;1010;1009,7;2356,3;33,8;22,4;34,1;33;23;21,9;49;40;43;122;7,6;4,5;
2026/03/04;2000 UTC;0;1009,9;1010,1;1009,7;1653,8;32,1;22,2;33;31,4;22,8;21,4;51;48;50;114;9,5;4,8;
2026/03/04;2100 UTC;0;1010,1;1010,1;1010,1;163,9;28,6;20,5;28,6;28,6;20,5;20,5;60;60;60;98;9,4;5,3;
2026/03/04;2200 UTC;;;;;;;;;;;;;;;;;;
2026/03/04;2300 UTC;0;1011,8;1012,5;1011,1;0;25,7;20,6;26,4;25,2;20,7;20,5;76;71;75;131;7,5;3,7;
2026/03/05;0000 UTC;0;1013,2;1014;1012,5;0;24,8;20,5;25,2;23,7;21;20,3;86;77;79;205;3,6;1,7;
2026/03/05;0100 UTC;,4;1013,7;1014,1;1013,2;0;23,1;21,5;23,6;22,8;21,8;20,8;94;86;92;169;3,2;1,7;
2026/03/05;0200 UTC;0;1012,8;1013,3;1012,4;0;23,3;21;23,3;23;21,7;20,7;92;88;89;149;3,2;1,6;
2026/03/05;0300 UTC;,2;1012,8;1012,9;1012,7;0;22,7;20,7;23;22,6;20,8;20,6;91;89;90;134;3,1;1,8;
2026/03/05;0400 UTC;0;1012,8;1012,9;1012,5;0;22,4;20,7;22,8;22,3;20,8;20,6;92;90;91;125;2,2;1;
2026/03/05;0500 UTC;0;1012,4;1012,6;1012,2;0;22;20,6;22,3;21,7;20,8;20,3;95;92;93;79;1,4;,6;
2026/03/05;0600 UTC;0;1012,1;1012,2;1012;0;21,9;20,6;22;21,7;20,9;20,4;95;93;94;127;1,9;1;
2026/03/05;0700 UTC;0;1012,1;1012,2;1011,9;0;21,8;20,4;21,8;21,7;20,5;20,3;94;92;93;108;2;,9;
2026/03/05;0800 UTC;0;1012,1;1012,3;1011,9;0;21,5;20,2;21,7;21,3;20,3;20;94;93;93;127;1,8;1,1;
2026/03/05;0900 UTC;0;1012,6;1012,8;1012,2;0;21,4;20,1;21,5;21,2;20,2;20;94;93;94;109;2,2;1,2;
2026/03/05;1000 UTC;0;1013,2;1013,7;1012,8;55,5;21,2;19,9;21,3;21,1;20;19,8;94;93;94;72;1,7;,8;
2026/03/05;1100 UTC;0;1013,9;1014,2;1013,7;636,9;22,4;20,1;23,7;21,4;20,4;19,9;93;83;89;109;1,7;1;
2026/03/05;1200 UTC;0;1013,9;1014;1013,8;1391,9;25,2;20,4;26,1;23,7;21,1;19,7;84;70;76;89;2,2;1,1;
2026/03/05;1300 UTC;0;1014,1;1014,1;1014;2062,7;26,8;20,3;27,8;25,6;21,8;19,4;72;63;67;159;2,6;1,5;
2026/03/05;1400 UTC;0;1014;1014,1;1013,8;2875,9;28,1;20,3;28,8;27,6;21,4;19,5;67;57;61;182;3,1;1,5;
2026/03/05;1500 UTC;0;1013,5;1013,8;1013,2;3262,7;29,5;20,8;30,5;28,8;21,7;20,3;62;51;56;181;4;1,1;
2026/03/05;1600 UTC;0;1012,7;1013,2;1012,3;3413,2;31,2;21,7;32,1;30,4;22,9;20,8;57;49;52;102;3,1;1,1;
2026/03/05;1700 UTC;0;1012;1012,3;1011,7;3311,2;32;22,6;32,6;31,6;23,7;21,4;57;49;53;239;5,6;3;
2026/03/05;1800 UTC;0;1011,3;1011,7;1010,9;2332,8;32,3;22,6;32,9;31,5;23,8;22,1;57;50;52;132;5,7;3;
2026/03/05;1900 UTC;0;1011,3;1011,5;1011;622,2;30,7;22,1;31,7;29,6;22,7;21,6;60;53;57;109;8,2;3,9;
2026/03/05;2000 UTC;0;1011,8;1011,8;1011,8;816,9;29,6;20,7;29,6;29,6;20,7;20,7;55;55;55;117;6,1;4,1;
2026/03/05;2100 UTC;0;1012,5;1012,5;1012,5;447;27,7;20,5;27,7;27,7;20,5;20,5;64;64;64;110;5,4;3,3;
2026/03/05;2200 UTC;;;;;;;;;;;;;;;;;;
2026/03/05;2300 UTC;0;1013;1013,7;1012,5;,1;25,1;19,6;25,8;24,5;19,8;19,5;76;70;72;142;5,7;2,9;
2026/03/06;0000 UTC;0;1013,9;1014,2;1013,6;0;24,2;19,9;24,5;23,8;20,2;19,6;82;76;78;140;3,8;1,7;
2026/03/06;0100 UTC;0;1014,1;1014,2;1014;0;23,7;20,3;23,8;23,6;20,4;20,2;84;82;83;136;4,3;2,5;
2026/03/06;0200 UTC;0;1014,1;1014,3;1014,1;0;23,4;20,5;23,6;23,2;20,5;20,4;87;84;85;119;4,5;2,5;
2026/03/06;0300 UTC;0;1014,1;1014,2;1014;0;23,1;20,6;23,2;23;20,8;20,5;89;87;88;106;5,3;2,3;
2026/03/06;0400 UTC;0;1014,1;1014,3;1014;0;22,7;20,7;22,9;22,6;20,8;20,7;91;89;90;115;2,6;1,2;
2026/03/06;0500 UTC;0;1013,8;1014,1;1013,6;0;22,4;20,8;22,6;22,2;20,8;20,7;93;91;92;140;2;1,3;
2026/03/06;0600 UTC;0;1013,3;1013,6;1013,1;0;22,2;20,5;22,3;22;20,7;20,4;92;92;92;120;2,2;1,2;
2026/03/06;0700 UTC;0;1013,1;1013,2;1013;0;21,8;20,4;22;21,6;20,4;20,3;94;92;93;121;1,8;,9;
2026/03/06;0800 UTC;0;1013,1;1013,3;1012,9;0;21,3;20,2;21,6;20,8;20,4;19,8;95;94;95;71;,8;,4;
2026/03/06;0900 UTC;0;1013,4;1013,8;1013,2;0;20,4;19,7;20,8;19,9;20,2;19,2;97;95;96;112;,6;,2;
2026/03/06;1000 UTC;0;1014,2;1014,4;1013,8;40,2;19,6;19;20,1;19,1;19,6;18,5;98;97;97;68;1,3;,8;
2026/03/06;1100 UTC;0;1014,6;1014,8;1014,4;494,7;21,8;20,3;22,8;20,1;20,8;19,6;98;88;93;103;3,2;1,4;
2026/03/06;1200 UTC;0;1014,7;1014,8;1014,5;1375,7;24,1;20,4;25,7;22,9;21;20;88;73;82;94;2,6;1,1;
2026/03/06;1300 UTC;0;1014,3;1014,6;1014;2164;26,4;20,2;27,2;25,4;20,7;19,8;75;65;69;72;3,3;1,5;
2026/03/06;1400 UTC;0;1014,1;1014,2;1013,9;2822,1;27,7;20,2;28,4;27;21,3;19,4;69;57;62;197;3,4;1,9;
2026/03/06;1500 UTC;0;1013,4;1013,9;1012,9;3268,4;29,3;20,8;30;28,3;21,5;19,9;62;54;57;193;4,7;2,1;
2026/03/06;1600 UTC;0;1012,4;1012,9;1011,9;3414,6;30,6;21,2;31,2;29,5;22,2;20,3;59;48;53;193;4,1;1,7;
2026/03/06;1700 UTC;0;1011,4;1011,8;1011,1;2928,9;31,5;21,8;31,9;30,9;23;21,2;58;48;52;172;4,3;1,5;
2026/03/06;1800 UTC;0;1010,8;1011,3;1010,4;2583;31,3;22,8;32,1;30,5;23,5;21,5;63;49;58;238;4,9;2;
2026/03/06;1900 UTC;0;1010,2;1010,5;1010;1848,9;31,7;22,2;32,6;31;23,7;21,1;59;47;52;115;6,4;3,3;
2026/03/06;2000 UTC;0;1009,7;1009,7;1009,7;1255,5;30;21,4;30;30;21,4;21,4;57;57;57;110;7,3;5,6;
2026/03/06;2100 UTC;0;1009,6;1009,6;1009,6;447,5;27,9;20,9;27,9;27,9;20,9;20,9;65;65;65;101;6,3;4;
2026/03/06;2200 UTC;;;;;;;;;;;;;;;;;;
2026/03/06;2300 UTC;0;1010,4;1010,9;1010,1;0;25,2;19,6;25,8;24,7;19,7;19,5;75;69;72;125;7,9;3,9;
2026/03/07;0000 UTC;0;1011,2;1011,5;1010,8;0;24,5;19,9;24,7;24,2;20,2;19,7;80;75;77;119;7;3,4;
2026/03/07;0100 UTC;0;1011,2;1011,4;1010,9;0;24;20,3;24,2;23,9;20,5;20,2;83;80;82;114;5,8;2,9;
2026/03/07;0200 UTC;0;1011,4;1011,6;1011,2;0;23,8;20,6;23,9;23,8;20,7;20,5;85;83;84;115;6,6;3;
2026/03/07;0300 UTC;0;1011,9;1012,3;1011,4;0;23,8;20,7;24;23,8;20,8;20,5;85;83;84;127;4,2;1,5;
2026/03/07;0400 UTC;1,6;1012,1;1012,6;1011,6;,1;23,1;21,2;24;22,5;21,9;20,5;97;82;91;224;1,6;,8;
2026/03/07;0500 UTC;1;1011;1011,6;1010,7;0;22,4;21,6;22,5;22,3;21,9;21,3;97;94;96;89;1,6;1;
2026/03/07;0600 UTC;5,4;1011;1011,4;1010,7;0;22,1;21,5;22,3;21,9;21,7;21,4;98;96;97;242;2;,8;
2026/03/07;0700 UTC;3,4;1011,3;1011,5;1010,9;0;21,7;21,4;21,9;21,6;21,5;21,3;99;98;99;201;1,8;,6;
2026/03/07;0800 UTC;1;1010,4;1011;1009,7;0;21,8;21,5;21,8;21,7;21,6;21,5;99;98;99;79;3,5;1,9;
2026/03/07;0900 UTC;,2;1009,5;1009,7;1009;0;21,9;21,5;22;21,8;21,6;21,4;98;97;98;70;3,6;1,9;
2026/03/07;1000 UTC;0;1009,1;1009,5;1008,9;35,9;22;21,5;22;21,9;21,5;21,4;98;97;98;210;1,4;,9;
2026/03/07;1100 UTC;0;1009,4;1009,6;1009,2;247,1;22,1;21,8;22,5;22;22;21,6;98;97;98;144;1,1;,6;
2026/03/07;1200 UTC;0;1009,2;1009,3;1009,1;1119,6;23,3;21,8;25;22,4;22,3;21,4;97;84;92;153;1,7;,6;
2026/03/07;1300 UTC;0;1008,9;1009,1;1008,8;2039,5;25,7;22,1;26,6;24,9;22,8;21,7;88;76;82;282;3;1,5;
2026/03/07;1400 UTC;0;1008,7;1008,9;1008,5;2633,4;27,4;22,2;28;26,7;23,2;21,8;80;71;74;280;5,1;2,6;
2026/03/07;1500 UTC;0;1008,4;1008,6;1008;2753,4;28,2;23;28,8;27,6;23,8;22,2;78;70;74;276;6,3;3,4;
2026/03/07;1600 UTC;0;1007,9;1008;1007,7;3008,7;29,7;23;30,3;29;23,7;22,4;72;62;67;270;8;4;
2026/03/07;1700 UTC;0;1007,4;1007,9;1007,1;2458,8;29,9;22,5;30,6;28,9;23,5;21,7;67;60;63;274;9;4,3;
2026/03/07;1800 UTC;0;1006,9;1007,2;1006,7;2424,1;29,8;22,5;30,6;28,9;23,2;21,8;66;60;64;266;9,5;5,2;
2026/03/07;1900 UTC;0;1007;1007,7;1006,5;1259,2;27,5;21,6;30,7;25,6;23,3;20,6;77;60;71;205;13,8;6,8;
2026/03/07;2000 UTC;0;1007,8;1008,2;1007,3;1123,1;25,3;21,1;26,3;24,8;21,6;20,5;83;72;79;197;9,1;4,5;
2026/03/07;2100 UTC;0;1008,4;1008,8;1008;418,7;24,8;19,9;25;24,6;20,6;19,5;79;74;75;197;7,5;3,1;
2026/03/07;2200 UTC;0;1009,2;1009,2;1009,2;0;24,3;19,9;24,3;24,3;19,9;19,9;78;78;78;215;4,4;2,6;
2026/03/07;2300 UTC;0;1010,2;1010,2;1010,2;0;23,9;19,9;23,9;23,9;19,9;19,9;80;80;80;209;2,6;1,9;
2026/03/08;0000 UTC;0;1011,1;1011,1;1011,1;0;23,9;19,7;23,9;23,9;19,7;19,7;79;79;79;187;2,6;1,2;
2026/03/08;0100 UTC;0;1011,3;1011,5;1011,1;0;23,8;19,9;23,9;23,5;20;19,8;82;80;81;178;4,4;2,3;
2026/03/08;0200 UTC;0;1011,4;1011,5;1011,3;0;22,9;19,6;23,5;22,3;20;19,5;86;82;84;199;3,2;1,2;
2026/03/08;0300 UTC;0;1011,5;1011,6;1011,3;0;22,4;19,6;22,6;22,2;19,8;19,4;87;84;86;197;2,8;1,4;
2026/03/08;0400 UTC;0;1011,9;1012,1;1011,6;0;22,2;20;22,5;21,9;20,1;19,8;91;86;89;178;1,9;,9;
2026/03/08;0500 UTC;0;1012,1;1012,3;1012;0;22,1;20,1;22,3;21,7;20,3;19,8;93;88;90;292;,7;,4;
2026/03/08;0600 UTC;0;1012,1;1012,3;1011,8;0;21,3;20,1;21,6;20,9;20,3;19,9;96;92;94;188;1,5;,8;
2026/03/08;0700 UTC;0;1011,9;1012;1011,8;0;21,5;19,9;21,6;21;20,3;19,8;96;91;92;130;1,2;,6;
2026/03/08;0800 UTC;0;1012,3;1012,6;1012;0;20,4;19,6;21,3;19,9;19,9;19,4;97;93;96;139;,5;,3;
2026/03/08;0900 UTC;0;1012,8;1013,2;1012,6;0;19,5;19,1;19,9;19,3;19,4;18,9;99;97;98;73;,6;,4;
2026/03/08;1000 UTC;0;1013,5;1013,8;1013,2;68,7;20,2;19,9;21;19,6;20,2;19,3;99;94;98;142;2,4;,9;
2026/03/08;1100 UTC;0;1014,3;1014,7;1013,8;515,5;21,7;19,7;23,3;21;20,3;19,5;94;83;90;135;3,6;2;
2026/03/08;1200 UTC;0;1015,1;1015,4;1014,6;919,7;23,3;19,7;23,5;23;20;19,3;84;80;82;95;3,8;1,7;
2026/03/08;1300 UTC;0;1015,6;1015,7;1015,4;1254,2;24,1;19,3;24,7;23,5;20,3;18,3;83;69;76;128;5,8;3,5;
2026/03/08;1400 UTC;0;1015,5;1015,6;1015,3;1981,8;25,3;18,5;26,8;24,7;19,4;17,8;71;60;66;129;6,3;3,4;
2026/03/08;1500 UTC;0;1015,2;1015,4;1015,1;2812,6;26,7;18,5;27,7;26,1;19,6;17,8;63;55;59;137;7,9;4,1;
2026/03/08;1600 UTC;0;1015,1;1015,2;1014,9;2766,5;27,2;18;28;26,5;18,9;17,1;59;52;54;139;8,9;4,3;
2026/03/08;1700 UTC;0;1014,8;1015;1014,6;3020,7;27,6;18,5;28,2;26,8;19,5;17,7;61;52;55;154;8,7;4,3;
2026/03/08;1800 UTC;0;1014,6;1014,8;1014,5;2008,9;26,9;18,5;27,6;26,3;19,4;17,8;61;55;58;143;7,7;4;
2026/03/08;1900 UTC;0;1014,3;1014,6;1014;1586,7;26,5;18,1;27,4;25,7;19,1;17,3;61;54;58;134;9;4,7;
2026/03/08;2000 UTC;0;1014,1;1014,3;1013,9;1381,2;26,2;17,3;26,9;25,3;17,9;17;59;54;56;120;10,3;5,7;
2026/03/08;2100 UTC;0;1014,7;1014,9;1014,3;401,5;24,9;17,1;25,3;24,4;17,5;16,8;65;59;61;130;9,3;5,4;
2026/03/08;2200 UTC;0;1015,1;1015,3;1014,9;116,8;23,6;17,2;24,3;22,9;17,7;17;71;65;68;131;7,8;4,6;
2026/03/08;2300 UTC;0;1015,6;1015,9;1015,3;0;22,4;16,8;22,9;21,9;17,1;16,6;73;70;72;121;7,9;3,4;
2026/03/09;0000 UTC;0;1016,5;1017;1015,8;0;21,5;16,5;21,9;21,1;16,6;16,2;76;73;75;131;5,2;3;
2026/03/09;0100 UTC;0;1017,4;1017,7;1017;0;21;15,6;21,2;20,8;16,1;15,2;75;71;73;129;5,2;2,7;
2026/03/09;0200 UTC;0;1018;1018,2;1017,7;0;20,7;15,3;20,8;20,5;15,4;15,1;74;72;73;133;4;2,3;
2026/03/09;0300 UTC;0;1018,1;1018,3;1017,9;0;20,1;15,4;20,5;19,9;15,5;15,3;78;74;76;126;4,2;2,4;
2026/03/09;0400 UTC;0;1017,6;1018;1017,4;0;19,8;15,7;19,9;19,8;15,9;15,4;81;78;79;123;3,9;2,3;
2026/03/09;0500 UTC;0;1017,5;1017,6;1017,4;0;19,8;15,8;19,9;19,7;15,9;15,6;81;79;80;126;3,1;1,9;
2026/03/09;0600 UTC;0;1017,1;1017,5;1016,8;0;19,8;15,4;19,9;19,6;15,7;15,2;80;77;78;122;3,8;2,4;
2026/03/09;0700 UTC;0;1016,8;1017;1016,7;0;19,5;15;19,7;19,5;15,2;14,9;78;77;77;120;4,8;2,3;
2026/03/09;0800 UTC;0;1017,1;1017,2;1016,8;0;19,6;15,3;19,9;19,4;15,6;15;79;78;78;122;4,2;2,5;
2026/03/09;0900 UTC;0;1017,3;1017,7;1017;0;19,8;15,6;19,8;19,7;15,7;15,4;80;78;79;118;3,5;2,1;
2026/03/09;1000 UTC;0;1017,9;1018,3;1017,6;39,5;19,9;15,7;20,2;19,7;15,8;15,6;79;78;79;125;3,6;1,9;
2026/03/09;1100 UTC;0;1018,4;1018,8;1018,1;444,5;20,8;15,9;21,5;20,2;16,3;15,6;79;70;76;120;5,6;3;
2026/03/09;1200 UTC;0;1018,9;1019;1018,7;906,1;22,1;15,4;22,8;21,5;16;15,1;71;62;67;118;7,6;4,1;
2026/03/09;1300 UTC;0;1019,2;1019,8;1018,8;1063,2;22,9;15,3;23,3;22,6;15,5;15,1;64;60;62;131;7,2;3,7;
2026/03/09;1400 UTC;0;1019,6;1019,9;1019;758,7;22,8;15,5;23,3;22,6;15,9;15,2;65;62;63;124;9,9;5,3;
2026/03/09;1500 UTC;0;1019;1019,1;1018,8;656,7;23;16;23,2;22,9;16,3;15,7;66;64;65;124;8,1;4,7;
2026/03/09;1600 UTC;0;1018,9;1019,1;1018,7;512,7;22,9;16,3;23,1;22,7;16,6;16;69;65;67;131;7,3;4,2;
2026/03/09;1700 UTC;0;1018,6;1018,8;1018,4;606,1;22,7;16,5;22,9;22,5;17;16,2;71;68;69;122;7,2;4,1;
2026/03/09;1800 UTC;0;1018,1;1018,6;1017,7;731,2;22,9;16,8;23,2;22,6;17,1;16,5;70;68;69;108;10,1;4,7;
2026/03/09;1900 UTC;2,2;1017,9;1018;1017,8;339,6;21,2;17,4;22,6;20,2;18,3;16,6;90;70;81;126;6,7;3,3;
2026/03/09;2000 UTC;,2;1017,9;1017,9;1017,8;375,3;20,6;18,1;20,7;20,3;18,4;17,8;90;85;88;103;5,9;2,9;
2026/03/09;2100 UTC;1,2;1018;1018,2;1017,9;162,1;20,2;18,1;20,7;19,7;18,3;17,7;92;85;89;102;5,4;2,2;
2026/03/09;2200 UTC;,2;1018,1;1018,2;1017,8;29,1;19,7;18,3;19,7;19,6;18,6;17,9;95;91;93;117;4,9;2,5;
2026/03/09;2300 UTC;0;1018;1018,2;1017,6;0;19,7;18,4;19,8;19,6;18,6;18,1;94;92;93;131;4,6;2,4;
2026/03/10;0000 UTC;0;1018,2;1018,3;1018,1;0;19,9;18,6;20;19,8;18,7;18,3;94;92;93;133;5,3;3,3;
2026/03/10;0100 UTC;0;1018,2;1018,3;1018;0;20,1;18,1;20,2;20;18,4;18;92;89;90;117;5,9;3,1;
2026/03/10;0200 UTC;0;1018,2;1018,3;1018,1;0;20,2;18,3;20,2;20,1;18,5;18,1;91;90;91;113;3,8;2,2;
2026/03/10;0300 UTC;0;1018,1;1018,3;1018,1;0;20,2;18,3;20,3;20,1;18,4;18,2;91;89;90;107;5,1;2;
2026/03/10;0400 UTC;0;1018,3;1018,4;1018,2;0;20,2;18,2;20,3;20,2;18,3;18,2;91;90;90;116;4,6;2,4;
2026/03/10;0500 UTC;0;1017,9;1018,2;1017,6;0;20,2;18,4;20,2;20;18,5;18,2;92;90;91;114;5;2,5;
2026/03/10;0600 UTC;,2;1017,4;1017,6;1017,2;0;19,6;18,6;20;19,5;18,7;18,4;96;92;95;120;5,5;3;
2026/03/10;0700 UTC;0;1017,1;1017,3;1017;0;19,5;18,8;19,5;19,4;18,9;18,7;97;96;97;118;4,9;2,2;
2026/03/10;0800 UTC;0;1017,3;1017,4;1017,2;0;19,6;19;19,7;19,5;19,1;18,8;97;97;97;128;2,9;1,7;
2026/03/10;0900 UTC;0;1017,4;1017,5;1017,3;0;19,9;19,2;20;19,7;19,3;19,1;97;96;97;123;4;2,3;
2026/03/10;1000 UTC;0;1017,8;1018,2;1017,4;23,3;20,1;19,4;20,2;20;19,5;19,3;97;96;96;126;3,3;1,7;
2026/03/10;1100 UTC;0;1018,6;1018,8;1018,3;146,3;20,4;19,6;20,6;20,2;19,7;19,4;97;95;96;128;3,6;2;
2026/03/10;1200 UTC;0;1018,9;1018,9;1018,8;460,3;21;19,8;21,5;20,6;20,1;19,6;95;92;94;126;4,8;2,3;
2026/03/10;1300 UTC;0;1018,9;1019;1018,7;1087,8;22,3;20,1;23,1;21,5;20,5;19,8;92;83;89;106;7,4;3,5;
2026/03/10;1400 UTC;0;1018,6;1018,8;1018,5;2426,9;24,3;19,7;25,4;23,1;20,4;19,2;83;70;77;119;6,2;3,3;
2026/03/10;1500 UTC;0;1018,2;1018,5;1017,8;1612,5;25;19,1;25,4;24,6;19,7;18,6;74;67;70;119;6,5;3;
2026/03/10;1600 UTC;0;1017,5;1017,8;1017,2;2157,8;25,8;19,3;27,2;25;20,3;18,6;71;62;67;112;4,8;2,5;
2026/03/10;1700 UTC;0;1016,8;1017,2;1016,5;2462,3;26,7;19,6;27,1;26,5;20,2;19,2;67;61;64;106;5,6;3;
2026/03/10;1800 UTC;0;1016;1016,5;1015,6;3076,1;27,7;20,1;28,1;27,2;21;19,4;65;59;62;97;5,6;2,8;
2026/03/10;1900 UTC;0;1015,5;1015,7;1015,4;2405,1;27,5;20,3;28,1;27,1;21;19,5;69;61;64;106;6,4;3,4;
2026/03/10;2000 UTC;0;1015,3;1015,4;1015,2;1571,1;27;20,5;27,4;26,4;21,2;19,9;72;64;68;130;6,7;3,4;
2026/03/10;2100 UTC;0;1015,6;1015,8;1015,4;715,4;25,2;20,1;26,4;23,9;20,7;19,7;80;70;74;117;7;3,9;
2026/03/10;2200 UTC;0;1015,7;1015,9;1015,6;73,9;23,2;19,8;23,9;22,4;20;19,6;86;80;83;121;7,4;3,9;
2026/03/10;2300 UTC;0;1015,8;1015,9;1015,7;0;22;19,5;22,4;21,7;19,7;19,4;89;86;88;118;6,5;3,9;
2026/03/11;0000 UTC;0;1016,1;1016,3;1015,8;0;21,5;19,3;21,7;21,3;19,4;19,2;90;89;89;118;6;3,2;
2026/03/11;0100 UTC;0;1016,5;1016,7;1016,3;0;21,1;19,3;21,3;21;19,4;19,1;91;90;91;120;6,3;3,4;
2026/03/11;0200 UTC;0;1016,6;1016,7;1016,5;0;21,1;19,1;21,2;21;19,2;19;91;89;90;118;6,1;3,5;
2026/03/11;0300 UTC;0;1016,6;1016,7;1016,5;0;21,1;18,4;21,2;21;19;17,7;89;84;87;124;5,1;3;
2026/03/11;0400 UTC;0;1016,2;1016,6;1015,8;0;20,9;17,8;21;20,9;17,9;17,7;85;84;84;104;5,5;2,6;
2026/03/11;0500 UTC;0;1015,4;1015,4;1015,4;0;20,7;17,8;20,7;20,7;17,8;17,8;85;85;85;109;3,1;1,5;
2026/03/11;0600 UTC;0;1015,1;1015,1;1015,1;0;20,5;17,9;20,5;20,5;17,9;17,9;87;87;87;112;2;1,3;
2026/03/11;0700 UTC;0;1014,8;1014,8;1014,8;0;20,6;18,1;20,6;20,6;18,1;18,1;88;88;88;82;1,8;1;
2026/03/11;0800 UTC;0;1015;1015;1015;0;19,9;18,2;19,9;19,9;18,2;18,2;92;92;92;128;2,1;1,7;
2026/03/11;0900 UTC;0;1015,3;1015,3;1015,3;0;20,1;17,9;20,1;20,1;17,9;17,9;89;89;89;124;2,5;1,5;
2026/03/11;1000 UTC;0;1015,5;1015,5;1015,5;145,1;20,3;17,9;20,3;20,3;17,9;17,9;88;88;88;111;1,6;1;
2026/03/11;1100 UTC;;;;;;;;;;;;;;;;;;
2026/03/11;1200 UTC;0;1015,9;1016;1015,8;1061,5;23,6;18,7;24;22,7;19,3;18,2;80;73;75;123;4,4;1,8;
2026/03/11;1300 UTC;0;1015,9;1016;1015,8;2160,4;25,5;19,1;26,4;24,1;19,6;18,6;74;63;68;136;4,6;2,2;
2026/03/11;1400 UTC;0;1015,6;1015,8;1015,2;2174,8;26,8;19,1;27,4;26;20,1;18,7;66;58;62;122;4,9;2,7;
2026/03/11;1500 UTC;0;1014,9;1015,2;1014,6;2079,3;27,6;19,3;28,2;27;20,1;18,5;63;57;59;152;4,5;2,5;
2026/03/11;1600 UTC;0;1014,3;1014,7;1014;1980,7;27,9;19,7;28,5;27,6;20,5;19,2;63;57;59;160;4,6;3;
2026/03/11;1700 UTC;0;1013,8;1014;1013,3;1323,5;28;19,8;28,5;27,7;20,5;19,3;62;56;59;168;3,1;1,7;
2026/03/11;1800 UTC;0;1012,8;1013,3;1012,4;1491,3;28,7;20;29;28,5;20,6;19,5;60;55;57;145;4,2;2,2;
2026/03/11;1900 UTC;0;1012,2;1012,4;1012,1;1459,6;28,9;20,3;29,4;28,2;20,8;19,7;62;53;57;120;4,9;2,2;
2026/03/11;2000 UTC;0;1012,1;1012,3;1011,9;402,4;27,4;20,3;28,1;26,8;20,6;20;67;62;64;112;6,2;3;
2026/03/11;2100 UTC;0;1012,1;1012,4;1011,9;215,9;26,3;19,8;26,8;25,7;20,3;19,6;70;66;68;118;6,2;2,9;
2026/03/11;2200 UTC;0;1012,2;1012,5;1012;37,6;25;19,7;25,7;24,4;19,8;19,6;77;70;74;117;5,1;2,4;
2026/03/11;2300 UTC;0;1012,7;1012,9;1012,4;0;24;19,9;24,4;23,4;20,2;19,8;84;77;80;165;2,1;1,4;
2026/03/12;0000 UTC;0;1012,8;1013;1012,6;0;23,3;20,1;23,4;23,2;20,4;19,9;86;83;84;111;3,1;1,6;
2026/03/12;0100 UTC;0;1012,9;1013,1;1012,7;0;23;20,2;23,4;22,4;20,4;20;90;83;86;154;5,3;2,4;
2026/03/12;0200 UTC;0;1012,7;1012,8;1012,6;0;22,7;19,9;22,9;22,5;20,1;19,8;87;85;86;112;3,8;1,9;
2026/03/12;0300 UTC;0;1013;1013,2;1012,8;0;22,1;19,8;22,5;21,8;20;19,6;89;87;88;135;2,5;1,7;
2026/03/12;0400 UTC;0;1012,9;1013,1;1012,7;0;21,4;19,4;21,8;21,2;19,6;19,2;91;89;90;84;,9;,5;
2026/03/12;0500 UTC;0;1012,6;1012,8;1012,5;0;21,1;19,4;21,2;20,8;19,6;19,3;93;91;92;72;,7;,3;
2026/03/12;0600 UTC;0;1012,5;1012,6;1012,4;0;20,4;19,4;20,8;20,2;19,5;19,1;96;93;95;192;1,2;,3;
2026/03/12;0700 UTC;0;1012,4;1012,5;1012,2;0;20;19;20,4;19,7;19,4;18,8;96;94;95;30;1,9;1,5;
2026/03/12;0800 UTC;0;1012,5;1012,6;1012,3;0;19,5;18,8;19,7;19,3;19;18,6;97;96;97;42;1,7;1,2;
2026/03/12;0900 UTC;0;1013;1013,4;1012,6;0;19,2;18,6;19,5;19;18,9;18,3;98;96;97;105;1,4;,4;
2026/03/12;1000 UTC;0;1013,8;1014,2;1013,4;33,5;19;18,5;19,2;18,8;18,9;18,3;98;97;98;161;,6;,3;
2026/03/12;1100 UTC;0;1014,3;1014,5;1014,2;350,8;20,5;19,5;22;19,2;19,8;18,8;99;88;95;80;2,3;1,2;
2026/03/12;1200 UTC;0;1014,1;1014,2;1014;1183,9;23,3;19,7;25,1;22;20,4;19,3;88;74;82;191;1,4;,5;
2026/03/12;1300 UTC;0;1013,7;1014;1013,5;2118,6;26;20;27;24,8;20,6;19,4;77;62;70;127;2,7;1;
2026/03/12;1400 UTC;0;1013,2;1013,4;1012,9;2271,6;27,5;19,8;27,9;27;20,7;19,4;68;58;61;116;4,2;2,3;
2026/03/12;1500 UTC;0;1012,4;1012,9;1012;3215,3;28,7;19,8;29,3;28;20,5;19,3;60;52;56;168;2,8;1,2;
2026/03/12;1600 UTC;0;1011,6;1012;1011,2;3124,4;30;20,1;30,4;29;20,9;19,5;57;48;51;110;2,7;1,2;
2026/03/12;1700 UTC;0;1010,9;1011,2;1010,4;2786,5;30,3;20,8;30,8;29,9;21,8;20,2;57;50;53;238;5,7;2,2;
2026/03/12;1800 UTC;0;1010;1010,4;1009,9;1587,4;29,4;20,8;30,2;28;21,4;20,3;64;53;57;223;5,4;2,4;
2026/03/12;1900 UTC;0;1010,2;1010,5;1009,9;1985,6;25,6;19,3;29,1;23,9;21,1;18,1;77;59;68;162;11,1;4,1;
2026/03/12;2000 UTC;0;1010,1;1010,3;1009,9;1349;26,3;21,1;27,3;25,7;21,5;20,4;77;70;74;143;6,8;3,2;
2026/03/12;2100 UTC;0;1010,6;1010,8;1010,3;448,8;25,4;20,7;26,5;24,9;21,6;20,3;79;75;77;111;7,2;3,2;
2026/03/12;2200 UTC;0;1010,9;1011,4;1010,6;80,4;24,7;20,8;25,3;24,2;20,9;20,6;84;76;80;133;4,7;2,1;
2026/03/12;2300 UTC;0;1011,7;1012;1011,4;0;24,2;20,8;24,3;24,1;20,9;20,6;84;82;83;116;4,4;2,2;
2026/03/13;0000 UTC;0;1012,1;1012,2;1012;0;24;21;24,2;23,6;21,1;20,9;87;83;85;126;4,6;2,1;
2026/03/13;0100 UTC;0;1012,3;1012,5;1012,2;0;23;20,7;23,5;22,7;20,9;20,6;90;87;89;121;3;1,6;
2026/03/13;0200 UTC;0;1012,3;1012,6;1012;0;22,5;20,6;22,8;22,3;20,7;20,4;91;89;90;114;1,9;1;
2026/03/13;0300 UTC;0;1011,8;1011,9;1011,6;0;21,4;20,2;22,2;20,8;20,4;19,9;96;91;94;127;,8;,4;
2026/03/13;0400 UTC;0;1011,5;1011,7;1011,2;0;20,6;19,8;20,8;20,4;20;19,6;97;95;96;88;,6;,3;
2026/03/13;0500 UTC;0;1010,8;1011,2;1010,7;0;20,6;19,9;20,9;20,3;20,2;19,6;97;96;97;313;,7;,5;
2026/03/13;0600 UTC;0;1010,6;1010,7;1010,6;0;21,1;20,4;21,5;20,8;20,7;20,1;97;95;96;308;,7;,4;
2026/03/13;0700 UTC;0;1010,6;1010,7;1010,5;0;21,5;20,6;21,7;21,3;20,7;20,5;96;94;95;274;,4;,3;
2026/03/13;0800 UTC;0;1010,7;1010,8;1010,6;0;21,9;20,8;22;21,6;20,9;20,7;96;94;95;203;2,1;1,4;
2026/03/13;0900 UTC;0;1010,9;1011,2;1010,8;0;21,8;20,6;22;21,5;20,9;20,1;95;93;94;199;4,1;2;
2026/03/13;1000 UTC;0;1011,5;1011,8;1011,2;42,2;21,2;19,5;21,5;21;20,1;19,2;94;90;92;189;3,6;1,5;
2026/03/13;1100 UTC;0;1011,9;1012;1011,7;305,8;21,4;19,1;22;21,1;19,4;18,9;91;85;89;191;1,7;,7;
2026/03/13;1200 UTC;0;1012,2;1012,3;1012;957,1;22,9;19;24,4;22,1;19,6;18,6;85;75;81;201;3,7;2,1;
2026/03/13;1300 UTC;0;1012,6;1012,9;1012,4;1660,1;24,1;18,8;25;23,4;19,5;18,3;80;67;73;171;2,5;1,2;
2026/03/13;1400 UTC;0;1012,8;1012,9;1012,7;2078,8;25,3;18,9;25,9;24,6;19,5;18,4;71;64;68;258;4,1;1,9;
2026/03/13;1500 UTC;0;1012,5;1012,7;1012,2;1980,9;25,8;19;26,3;25,3;19,8;18,6;70;63;66;212;4,6;2,4;
2026/03/13;1600 UTC;0;1011,8;1012,2;1011,4;2914,6;26,9;18,8;28;25,8;19,4;18;66;52;60;219;7,1;1,8;
2026/03/13;1700 UTC;0;1011,1;1011,4;1010,9;2975,1;28;18,9;29,1;27,2;19,9;18,3;61;50;55;233;5,3;2,6;
2026/03/13;1800 UTC;0;1010,4;1010,9;1009,9;2402;28,1;18,8;28,9;27,3;19,7;18,3;57;50;54;209;4,3;1,7;
2026/03/13;1900 UTC;0;1009,8;1009,9;1009,6;1821,1;28,5;19;29,1;27,8;19,7;18,2;57;48;52;248;4,7;2,1;
2026/03/13;2000 UTC;0;1009,6;1009,7;1009,4;1795,9;29;19,5;29,3;28,7;20,1;18,9;55;50;52;208;4,4;2,4;
2026/03/13;2100 UTC;0;1009,5;1009,6;1009,4;880,7;28,3;19,3;28,7;27,4;19,7;18,9;59;52;55;171;3,8;2,4;
2026/03/13;2200 UTC;0;1009,9;1010,2;1009,6;93,9;25,9;19;27,4;24,6;19,3;18,6;70;58;66;180;5,6;3,2;
2026/03/13;2300 UTC;0;1010,5;1010,7;1010,2;0;23,9;18,4;24,6;23,4;18,9;17,9;77;70;73;162;4,8;2,3;
2026/03/14;0000 UTC;0;1011,1;1011,5;1010,7;0;23,1;19,3;23,4;22,8;19,7;18,8;84;77;81;156;3,3;1,7;
2026/03/14;0100 UTC;0;1011,5;1011,7;1011,4;0;22,5;19,8;22,9;22,2;19,9;19,7;88;84;86;135;1,9;1,4;
2026/03/14;0200 UTC;0;1011,1;1011,4;1010,9;0;21,9;19,8;22,3;21,1;19,9;19,4;91;88;90;67;,9;,4;
2026/03/14;0300 UTC;0;1010,9;1011;1010,7;0;20,2;19,2;21;19,9;19,5;19;97;92;95;110;1,1;,5;
2026/03/14;0400 UTC;0;1010,6;1010,9;1010,5;0;19,4;18,5;19,9;18,8;19,1;18;96;95;96;338;,9;,5;
2026/03/14;0500 UTC;0;1010,3;1010,3;1010,3;0;18,2;17,8;18,2;18,2;17,8;17,8;98;98;98;332;1;,8;
2026/03/14;0600 UTC;0;1010,3;1010,3;1010,3;0;18;17,8;18;18;17,8;17,8;99;99;99;181;,6;,2;
2026/03/14;0700 UTC;0;1010,1;1010,1;1010,1;0;18,4;18,2;18,4;18,4;18,2;18,2;99;99;99;280;,4;,3;
2026/03/14;0800 UTC;0;1010,1;1010,2;1009,9;0;18;17,6;18,4;17,5;18,1;17;99;97;98;121;,5;,3;
2026/03/14;0900 UTC;0;1010,4;1010,6;1010,2;0;17,3;16,9;17,8;17,1;17,5;16,7;99;98;98;50;1,2;,6;
2026/03/14;1000 UTC;0;1010,9;1011,2;1010,6;52,7;17,3;17;17,9;17;17,7;16,7;99;98;99;300;1,5;,3;
2026/03/14;1100 UTC;0;1011,4;1011,6;1011,3;586,2;19,6;19;21,2;18;20;17,8;99;92;97;284;2,1;1,1;
2026/03/14;1200 UTC;0;1011,6;1011,6;1011,6;900,5;22,8;19,7;22,8;22,8;19,7;19,7;85;85;85;283;2,8;1;
2026/03/14;1300 UTC;0;1011,6;1011,6;1011,5;1706,2;23,5;19,4;24,9;22,6;20,1;18,7;86;71;79;159;2,7;1,3;
2026/03/14;1400 UTC;0;1011,3;1011,5;1011,1;2656,5;25,3;19,1;26,1;24,1;20,1;18,6;76;64;69;256;4,7;2,3;
2026/03/14;1500 UTC;0;1010,4;1010,4;1010,4;3411,9;26,8;19,1;26,8;26,8;19,1;19,1;61;61;61;292;4,1;2;
2026/03/14;1600 UTC;0;1010,1;1010,4;1009,7;3453,2;27,7;19,8;28,6;26,8;20,8;19;66;56;61;242;4,9;2,4;
2026/03/14;1700 UTC;0;1009,5;1009,8;1009,1;3031,8;28,2;19,6;28,9;27,2;20,5;18,4;63;50;57;174;4,5;2,3;
2026/03/14;1800 UTC;0;1008,3;1008,3;1008,3;2759,2;29,9;18,3;29,9;29,9;18,3;18,3;42;42;42;298;2,3;1,3;
2026/03/14;1900 UTC;0;1007,7;1007,7;1007,7;2086;29,8;19,8;29,8;29,8;19,8;19,8;50;50;50;224;2,9;1,7;
2026/03/14;2000 UTC;0;1007,6;1007,7;1007,5;1642;29,5;19,3;30,1;29,3;20;18,8;51;47;49;170;3,6;1,4;
2026/03/14;2100 UTC;0;1007,8;1008;1007,6;754,1;29,4;19,2;29,9;28;20,2;18,7;60;46;49;151;5,1;1,9;
2026/03/14;2200 UTC;0;1008,2;1008,5;1008;82,4;26,1;19,4;27,7;25;20;19;70;61;67;96;4,9;2,1;
2026/03/14;2300 UTC;0;1008,9;1009,2;1008,5;0;24,2;18,9;24,9;23,6;19,1;18,7;76;71;74;110;5,2;2,5;
2026/03/15;0000 UTC;0;1009,5;1009,7;1009,3;0;23,2;18,8;23,6;22,9;18,9;18,7;80;76;78;108;3,5;2;
2026/03/15;0100 UTC;0;1009,9;1010,1;1009,7;0;22,6;18,7;23;21,7;18,8;18,6;85;79;81;151;2,2;1,2;
2026/03/15;0200 UTC;0;1009,8;1010,1;1009,6;0;21,7;18,7;21,8;21,5;18,8;18,6;86;84;85;124;2,7;1,4;
2026/03/15;0300 UTC;0;1009,9;1010;1009,8;0;21,2;18,7;21,5;20,8;18,9;18,6;90;86;88;120;1,8;1;
2026/03/15;0400 UTC;0;1009,6;1009,9;1009,2;0;20,6;19;20,8;20,5;19,2;18,9;93;91;92;111;2,6;1,4;
2026/03/15;0500 UTC;0;1009,2;1009,4;1009,1;0;20,4;19,2;20,6;19,9;19,2;18,7;95;93;94;112;1,8;,6;
2026/03/15;0600 UTC;0;1009,1;1009,4;1008,8;0;19,3;18,4;19,9;19;18,9;18,1;97;93;95;67;1,2;,8;
2026/03/15;0700 UTC;0;1008,9;1009;1008,7;0;19,5;18,8;19,7;18,9;19,1;18;97;95;97;42;1,3;,6;
2026/03/15;0800 UTC;0;1008,6;1008,8;1008,3;0;18,5;17,9;18,9;18;18,4;17,2;98;95;97;104;,6;,2;
2026/03/15;0900 UTC;0;1008,4;1008,7;1008,3;0;17,4;16,9;18;17,1;17,4;16,6;99;96;98;312;,9;,5;
2026/03/15;1000 UTC;0;1009,2;1009,6;1008,7;36,8;17,1;16,9;17,3;16,9;17,1;16,6;99;99;99;318;1,2;,7;
2026/03/15;1100 UTC;0;1009,4;1009,7;1009,2;629,3;19,5;19;21,1;17,3;20,4;17;99;93;97;275;1,5;,7;
2026/03/15;1200 UTC;0;1009,8;1010,1;1009,6;1498,9;22,7;19,5;23,9;21,2;20,1;18,9;94;77;84;310;3,3;1,6;
2026/03/15;1300 UTC;0;1010;1010,1;1009,8;2170,2;25,3;19,6;26,3;23,8;20,1;19;78;65;72;93;2,8;1,6;
2026/03/15;1400 UTC;0;1009,8;1010;1009,7;2658,6;27,2;19,8;27,8;26,1;20,8;19,1;68;60;63;231;2,8;1,3;
2026/03/15;1500 UTC;0;1009,5;1009,8;1009,1;3171;28,6;20,4;29,7;27,9;21,2;19,6;64;54;59;169;2,6;1,3;
2026/03/15;1600 UTC;0;1009;1009,1;1008,8;3344;30,3;20,5;31,1;29,7;21,4;20;57;45;51;237;3,8;1,8;
2026/03/15;1700 UTC;0;1008,6;1008,8;1008,4;3229,1;31,1;20,9;31,5;30,7;21,6;19,7;53;43;49;206;5,1;3;
2026/03/15;1800 UTC;0;1008,2;1008,4;1008;2908,1;31,9;20,2;32,9;31,5;21,2;19,5;45;38;42;275;3,9;2,2;
2026/03/15;1900 UTC;0;1008,2;1008,3;1008,1;2285,9;32,2;20,5;32,5;31,9;20,9;19,9;44;39;42;179;3,9;1,8;
2026/03/15;2000 UTC;0;1007,9;1008,1;1007,7;1543,8;32,7;20,1;33,8;31,9;22;18,6;49;28;37;138;5,8;2,4;
2026/03/15;2100 UTC;0;1008,1;1008,3;1007,9;705,4;31;21;32,1;30,1;21,8;20,4;53;48;50;112;6,9;3;
2026/03/15;2200 UTC;0;1008,8;1009,3;1008,3;59,8;28,3;21,5;30;27;22,5;20,6;77;53;66;117;7,6;4,3;
2026/03/15;2300 UTC;0;1009,5;1009,9;1009,2;0;26;22,4;27;25,3;22,4;22,3;86;77;82;123;6,4;3,1;
2026/03/16;0000 UTC;0;1010,3;1010,7;1009,8;0;24,8;22,4;25,3;24,5;22,5;22,4;90;86;88;113;5,5;2,9;
2026/03/16;0100 UTC;0;1011;1011,2;1010,7;0;24,1;22,5;24,4;24;22,5;22,4;93;90;92;117;5;2,9;
2026/03/16;0200 UTC;0;1010,9;1011;1010,6;0;23,8;22,5;24;23,7;22,6;22,5;94;93;94;117;5,6;2,7;
2026/03/16;0300 UTC;0;1010,5;1010,6;1010,4;0;23,7;22,6;23,7;23,7;22,7;22,6;95;94;95;106;4,2;2;
2026/03/16;0400 UTC;0;1010,5;1010,6;1010,4;0;23,8;22,7;23,8;23,7;22,7;22,7;95;95;95;107;4,5;2,2;
2026/03/16;0500 UTC;0;1010,2;1010,4;1010,1;0;23,7;22,7;23,8;23,6;22,8;22,7;96;95;95;117;4,8;2;
2026/03/16;0600 UTC;0;1010,1;1010,2;1010;0;23,5;22,6;23,6;23,3;22,7;22,4;95;95;95;120;3;1,6;
2026/03/16;0700 UTC;0;1010,1;1010,2;1010;0;23,2;22,4;23,3;23;22,5;22,3;97;95;96;101;3,5;1,5;
2026/03/16;0800 UTC;0;1010,4;1010,5;1010,2;0;22,9;22,5;23;22,8;22,6;22,4;98;97;98;141;2,7;1,6;
2026/03/16;0900 UTC;0;1010,7;1010,9;1010,4;0;22,6;22,3;22,7;22,5;22,4;22,3;99;98;98;101;2,1;1,1;
2026/03/16;1000 UTC;0;1011,3;1011,7;1010,9;46,2;22,5;22,2;22,7;22,5;22,3;22,2;99;98;99;129;1,8;,6;
2026/03/16;1100 UTC;0;1012;1012,3;1011,7;343,5;22,7;22,2;22,8;22,6;22,3;22;98;96;97;158;2,5;1,3;
2026/03/16;1200 UTC;0;1012,3;1012,4;1012,3;893,9;23,9;22,1;25,4;22,8;22,4;21,9;97;83;91;111;2,9;1,4;
2026/03/16;1300 UTC;0;1012,3;1012,4;1012,2;1683,8;25,8;22;27,2;24,8;22,6;21,6;86;74;81;123;2,3;1,1;
2026/03/16;1400 UTC;0;1012,1;1012,3;1011,7;2739,4;28,2;22,1;29,7;27;22,9;21,6;80;64;70;92;2,6;1,1;
2026/03/16;1500 UTC;0;1011,4;1011,7;1011,1;3085,9;30,3;22,8;31,7;29,5;23,4;22,2;67;57;62;85;2,9;1,4;
2026/03/16;1600 UTC;0;1010,7;1011;1010,4;3090,8;32,3;23;33,3;31,7;23,6;21,8;58;45;54;150;4;1,9;
2026/03/16;1700 UTC;0;1010;1010,4;1009,5;3118,6;33,6;22,9;34,3;32,8;24,2;21,7;52;44;47;110;3,8;2,3;
2026/03/16;1800 UTC;0;1009,4;1009,6;1009,1;2695,1;34,6;23,3;35,2;34;24,1;22,5;46;41;43;114;5,6;2,3;
2026/03/16;1900 UTC;0;1008,8;1009,1;1008,6;2039,3;34,9;23,5;35,1;34,7;24,1;23,1;46;40;43;96;6,4;2,9;
2026/03/16;2000 UTC;0;1008,6;1008,9;1008,5;1096,1;33,5;24,2;34,8;31,9;24,6;23,9;61;46;53;110;8,3;4,1;
2026/03/16;2100 UTC;0;1009,7;1009,7;1009,7;122,1;29,2;22,8;29,2;29,2;22,8;22,8;68;68;68;119;8,2;3,8;
2026/03/16;2200 UTC;0;1010,4;1010,4;1010,4;0;27,1;23,1;27,1;27,1;23,1;23,1;80;80;80;125;5,5;3,1;
2026/03/16;2300 UTC;0;1010,8;1011,1;1010,4;0;26,5;23;27,1;26;23,1;22,9;85;80;82;117;6,5;3,7;
2026/03/17;0000 UTC;0;1011,3;1011,3;1011,3;0;25,4;23,1;25,4;25,4;23,1;23,1;89;89;89;127;5,7;3,4;
2026/03/17;0100 UTC;0;1011,4;1011,7;1011,2;0;25,2;23,2;25,4;25,1;23,2;23,1;90;89;90;82;2,9;1,3;
2026/03/17;0200 UTC;0;1011,3;1011,7;1011,1;0;24,9;23,1;25,1;24,7;23,1;23;92;90;91;118;5;2,3;
2026/03/17;0300 UTC;0;1011,2;1011,3;1011,1;0;24,5;23;24,7;24,4;23;22,9;93;92;92;109;3,5;1,8;
2026/03/17;0400 UTC;0;1011;1011,3;1010,8;0;24,2;22,9;24,4;24;23;22,8;94;93;93;109;2,6;1,3;
2026/03/17;0500 UTC;0;1010,8;1011;1010,5;0;24;22,8;24,1;23,9;22,9;22,7;94;94;94;120;3,3;1,9;
2026/03/17;0600 UTC;0;1010,3;1010,5;1009,9;0;23,8;22,6;24;23,6;22,7;22,5;95;94;94;119;3,5;1,8;
2026/03/17;0700 UTC;0;1009,7;1009,9;1009,6;0;23,6;22,5;23,6;23,6;22,6;22,3;95;94;95;101;2,3;1,1;
2026/03/17;0800 UTC;0;1009,7;1009,8;1009,5;0;23,5;22,3;23,6;23,5;22,4;22,2;94;94;94;114;3,9;1,9;
2026/03/17;0900 UTC;0;1009,9;1010,1;1009,8;0;23,3;22,2;23,5;23,1;22,3;22,1;95;94;94;106;1,8;,8;
2026/03/17;1000 UTC;0;1010,3;1010,5;1010,1;26,8;23,1;22,2;23,2;23;22,3;22;95;95;95;107;3,2;1,5;
2026/03/17;1100 UTC;0;1010,7;1010,8;1010,5;605,2;24,2;22,5;25,1;23,2;23;22,3;95;88;92;121;3,9;2,3;
2026/03/17;1200 UTC;0;1011,1;1011,3;1010,7;1305;26,2;22,7;27,4;25;23,3;22,5;89;76;83;125;3,5;1,9;
2026/03/17;1300 UTC;0;1011,1;1011,2;1011;1410,1;28;23;28,8;27,2;23,4;22,6;80;71;75;119;2,9;1,5;
2026/03/17;1400 UTC;0;1010,8;1011,2;1010,6;1956,1;29,8;23,5;30,5;28,9;24,1;23,1;73;63;69;116;4,3;2,1;
2026/03/17;1500 UTC;0;1010,3;1010,6;1010;1965,7;31,1;23,1;31,8;30,3;24,6;22,3;66;56;60;150;3,2;1,4;
2026/03/17;1600 UTC;,2;1010,2;1010,4;1010;504,7;28,7;24,2;30,3;27;25,4;22,7;89;63;77;235;5,3;2,6;
2026/03/17;1700 UTC;0;1009,8;1010;1009,5;1728,9;29,1;24,8;29,9;27,5;25,4;24,4;88;72;79;233;4;2,2;
2026/03/17;1800 UTC;0;1009,4;1009,6;1009,1;1577,6;30,1;24,1;30,5;29,5;24,7;23,5;74;66;70;219;3,6;2,2;
2026/03/17;1900 UTC;0;1009,1;1009,2;1009;541;29,5;23,8;30,7;28,7;24,5;23,5;78;67;72;175;3,6;1,3;
2026/03/17;2000 UTC;,2;1009,1;1009,4;1009;538,5;27,9;24,6;28,7;27,6;25;23,5;86;79;83;149;4,4;1,5;
2026/03/17;2100 UTC;4;1010;1011;1009,4;27,4;26,8;24,2;27,6;25,6;24,8;23,5;96;80;87;72;5,2;2,4;
2026/03/17;2200 UTC;8;1011,3;1011,5;1011;6,3;24,2;23,8;25,6;23,8;24,9;23,3;99;95;98;105;2,7;1,5;
2026/03/17;2300 UTC;,4;1011,3;1011,4;1011,1;0;24,3;24;24,6;24,1;24,2;23,7;99;97;98;49;3,6;2,2;
2026/03/18;0000 UTC;0;1011,5;1011,7;1011,4;0;24,3;23,5;24,4;24,1;23,8;23,3;97;96;96;94;2,6;,9;
2026/03/18;0100 UTC;,2;1011,6;1011,9;1011,5;0;24;23,5;24,2;23,8;23,7;23,4;98;97;97;111;2,3;1;
2026/03/18;0200 UTC;0;1012;1012,2;1011,9;0;23,9;23,4;24,1;23,7;23,5;23;98;96;97;172;2,8;1,4;
2026/03/18;0300 UTC;,8;1011,7;1012,2;1011,1;0;23,6;22,6;23,8;23,5;22,9;22,4;96;94;95;68;5,2;3,5;
2026/03/18;0400 UTC;0;1010,9;1011,1;1010,7;0;23,6;22,7;23,8;23,2;23;22,5;97;94;96;296;3,8;1,3;
2026/03/18;0500 UTC;0;1010,4;1010,9;1010,1;0;23,2;22,8;23,3;23,1;22,8;22,7;98;97;98;202;1,2;,6;
2026/03/18;0600 UTC;0;1010;1010,3;1009,7;0;23;22,7;23,1;22,9;22,8;22,6;99;98;99;149;,8;,4;
2026/03/18;0700 UTC;0;1009,4;1009,7;1009,2;0;22,9;22,7;23,1;22,8;22,8;22,5;99;98;99;127;2;1,2;
2026/03/18;0800 UTC;0;1009,6;1009,8;1009,3;0;22,7;22,4;22,8;22,6;22,5;22,3;99;99;99;118;1,4;1;
2026/03/18;0900 UTC;0;1009,9;1010,1;1009,7;0;22,4;22,2;22,7;21,9;22,5;21,6;99;99;99;324;,8;,3;
2026/03/18;1000 UTC;0;1010,4;1010,8;1010;29,4;21,7;21,5;22;21,4;21,8;21,2;100;99;99;173;1,2;,4;
2026/03/18;1100 UTC;0;1010,9;1011;1010,8;590,2;22,8;22,6;23,8;21,8;23,4;21,7;100;96;99;197;1,8;,9;
2026/03/18;1200 UTC;0;1010,8;1010,9;1010,7;1408,1;25,3;23,1;26,2;23,8;23,8;22,5;97;83;89;236;2,2;1,1;
2026/03/18;1300 UTC;0;1010,9;1011;1010,8;1954,7;26,9;23,2;27,9;25,8;23,7;22,4;88;72;81;273;3;1,3;
2026/03/18;1400 UTC;0;1010,8;1010,9;1010,5;2640,7;28,7;22,7;29,4;27,8;23,9;22,1;75;65;70;255;3,9;2,1;
2026/03/18;1500 UTC;0;1010,2;1010,5;1009,9;1982,3;29,5;23,1;29,8;29,3;23,8;22,6;71;65;68;264;3,5;1,9;
2026/03/18;1600 UTC;0;1009,7;1009,9;1009,5;2120,4;30,1;23,3;30,5;29,6;23,9;22,8;69;63;66;268;4,9;2,4;
2026/03/18;1700 UTC;0;1009,3;1009,5;1009;1855,1;30,2;23,6;30,8;29,8;24,4;23;71;65;67;252;4;1,9;
2026/03/18;1800 UTC;0;1008,7;1009;1008,6;1486,9;30,5;23,7;30,6;30,1;24,4;23,3;70;64;66;261;4,4;2;
2026/03/18;1900 UTC;0;1008,4;1008,6;1008,1;1236,2;30,6;23,9;31,2;30,3;24,5;23,4;70;63;67;253;3,6;2,1;
2026/03/18;2000 UTC;1,2;1008,5;1009;1008,2;852,7;29,1;23,2;31,4;24,9;24,6;21,6;86;60;71;197;8,1;4,2;
2026/03/18;2100 UTC;0;1009,1;1009,4;1008,7;333,3;24,9;22;25,4;24;23,1;20,7;90;81;86;162;2,4;,8;
2026/03/18;2200 UTC;,4;1009,3;1009,5;1009;29;24,6;23,1;25,1;24,3;23,5;22;94;88;93;167;2,5;,9;
2026/03/18;2300 UTC;0;1009,8;1010,2;1009,3;0;24,6;23,1;24,7;24,4;23,6;22,8;96;90;92;260;1,1;,4;
2026/03/19;0000 UTC;0;1010,3;1010,6;1009,8;0;24,4;23,4;24,8;24,1;23,6;22,8;97;91;95;116;3,4;1,5;
2026/03/19;0100 UTC;0;1010,6;1010,8;1010,3;0;24,1;23,2;24,6;23,5;23,5;22,8;97;94;95;280;,9;,6;
2026/03/19;0200 UTC;0;1011;1011,1;1010,8;0;23,9;23,1;24,2;23,5;23,4;22,9;98;94;96;195;2,3;1,1;
2026/03/19;0300 UTC;0;1010,8;1010,9;1010,7;0;23,6;22,4;24,3;23,1;23;22,2;95;92;94;241;2,7;1,4;
2026/03/19;0400 UTC;0;1010,8;1010,9;1010,7;0;23,1;22,1;23,2;23,1;22,3;21,4;96;91;95;219;3,7;1,9;
2026/03/19;0500 UTC;0;1010,7;1010,9;1010,6;0;23;21,3;23,2;22,9;21,5;21,2;93;91;92;238;3,5;2;
2026/03/19;0600 UTC;0;1010,6;1010,7;1010,4;0;22,8;21,6;23,1;22,5;21,7;21,4;96;92;94;250;3,4;1,9;
2026/03/19;0700 UTC;0;1010,2;1010,5;1010;0;22,4;21,5;22,6;22,4;21,7;21,2;96;93;95;255;3,5;1,6;
2026/03/19;0800 UTC;0;1009,9;1010;1009,9;0;22,6;21,1;22,8;22,4;21,3;21;93;92;93;281;2,8;1,3;
2026/03/19;0900 UTC;0;1010,1;1010,2;1009,9;0;22,3;20,9;22,4;22,3;21,1;20,8;94;92;93;277;2,3;1,1;
2026/03/19;1000 UTC;0;1010,4;1010,5;1010,2;11;22,5;21,1;22,6;22,4;21,4;20,9;94;92;93;276;3,7;1,3;
2026/03/19;1100 UTC;0;1010,8;1011;1010,5;213,7;23,2;21,7;23,5;22,7;22;21,5;94;90;93;277;3;1,4;
2026/03/19;1200 UTC;0;1011,1;1011,2;1011;394,1;23,5;21,8;23,7;23,3;22;21,6;93;89;91;276;4,3;2,4;
2026/03/19;1300 UTC;0;1011,2;1011,3;1011;492;23,5;22,3;23,7;23,2;23;21,6;97;90;94;288;3,9;1,5;
2026/03/19;1400 UTC;,4;1011,3;1011,3;1011,2;869,9;24,6;23,1;25,6;23,6;23,7;22,6;97;85;92;227;4,2;1,8;
2026/03/19;1500 UTC;,2;1011,2;1011,4;1011;1298,4;26,1;22,8;27,9;24,7;23,6;21,9;93;73;83;165;6,5;3,4;
2026/03/19;1600 UTC;0;1010,7;1011;1010,3;1958,6;27,5;22,7;28,5;27;23,7;22,2;80;72;76;191;7,3;4,1;
2026/03/19;1700 UTC;0;1010;1010,4;1009,7;2720,5;27,8;22,5;28,6;27;23,2;22,1;78;69;74;182;7,5;4,4;
2026/03/19;1800 UTC;0;1009,7;1009,8;1009,6;2312,2;27,3;22,5;28,3;26,4;23,3;21,8;80;72;76;173;6,5;4;
2026/03/19;1900 UTC;0;1009,6;1009,8;1009,3;1800,1;26;22,1;27;24,5;22,5;21,6;90;76;80;144;6,5;3,5;
2026/03/19;2000 UTC;0;1009,2;1009,3;1009;1208,5;26,6;21,5;27,4;25,9;22,1;20,8;79;71;75;144;7;3,8;
2026/03/19;2100 UTC;0;1009;1009,2;1008,9;513,3;26;20,3;26,3;25,7;21;20;75;69;72;135;5,1;3,1;
2026/03/19;2200 UTC;0;1009,3;1009,5;1009,1;56;25,4;20,3;26,1;24,7;20,6;20,1;79;70;75;122;3,9;1,9;
2026/03/19;2300 UTC;0;1009,9;1010,3;1009,5;0;24;20,5;24,6;23,5;20,6;20,3;85;78;82;122;2;1,2;
2026/03/20;0000 UTC;0;1010,6;1010,8;1010,3;0;23,1;20,5;23,4;22,9;20,6;20,4;88;86;87;115;3,2;1,4;
2026/03/20;0100 UTC;0;1010,8;1010,9;1010,8;0;22,7;20,6;22,9;22,3;20,7;20,6;91;88;90;109;3;1,7;
2026/03/20;0200 UTC;0;1010,9;1011;1010,8;0;22,5;20,8;22,6;22,3;20,9;20,6;92;91;91;118;2,9;1,7;
2026/03/20;0300 UTC;0;1010,7;1010,8;1010,6;0;22,2;20,8;22,5;21,9;20,9;20,8;95;92;93;77;1,2;,5;
2026/03/20;0400 UTC;0;1010,6;1010,7;1010,5;0;21,9;21;22,3;21,6;21,2;20,6;97;94;95;123;2,1;1;
2026/03/20;0500 UTC;0;1010,3;1010,6;1010;0;22,5;21,4;22,6;22,3;21,6;21,1;95;94;94;132;3,8;1,8;
2026/03/20;0600 UTC;0;1010;1010,1;1009,9;0;22,5;21,7;22,7;22,4;21,8;21,6;96;95;96;126;3,2;1,6;
2026/03/20;0700 UTC;0;1009,9;1010;1009,8;0;22,7;21,9;22,8;22,6;22,1;21,7;97;95;96;117;2,4;1,4;
2026/03/20;0800 UTC;0;1009,9;1010;1009,9;0;22,6;22,1;22,7;22,6;22,2;22,1;98;97;98;146;2,4;1,1;
2026/03/20;0900 UTC;0;1010,3;1010,5;1010;0;22,5;22,1;22,6;22,4;22,2;22;98;98;98;139;1,8;1,1;
2026/03/20;1000 UTC;0;1010,8;1011,2;1010,5;13,9;22,5;22,2;22,7;22,4;22,2;22,1;98;98;98;94;2,5;1,2;
2026/03/20;1100 UTC;0;1011,4;1011,5;1011,2;260,4;23;21,9;23,4;22,6;22,1;21,5;98;92;94;68;2,9;1,5;
2026/03/20;1200 UTC;0;1011,8;1011,9;1011,5;621,2;23,7;22;24,3;23,3;22,4;21,8;93;90;92;88;4,4;1,7;
2026/03/20;1300 UTC;0;1011,9;1012;1011,8;1177;25,3;22,4;26,1;24,3;23;22;91;82;85;104;4,5;2,2;
2026/03/20;1400 UTC;0;1011,8;1011,9;1011,6;2178,9;27;22,4;27,8;26,3;23,6;22;85;73;77;118;5,8;3,3;
2026/03/20;1500 UTC;;;;;;;;;;;;;;;;;;
2026/03/20;1600 UTC;0;1010,5;1011;1010;3318,7;29,8;22,7;30,5;29;23,7;21,9;100;60;65;103;7;3,7;
2026/03/20;1700 UTC;0;1009,7;1010;1009,4;2954,4;30,2;22,5;30,9;29,4;23,2;21,9;65;58;61;118;7;3,7;
2026/03/20;1800 UTC;0;1009,1;1009,4;1008,9;2583,4;30;22,5;30,6;29,4;23;22,1;65;60;62;114;9,4;4,7;
2026/03/20;1900 UTC;0;1008,8;1009,1;1008,6;2090,9;29,7;22,5;30,4;28,8;23,1;21,7;66;61;64;115;8,8;4,7;
2026/03/20;2000 UTC;0;1008,5;1008,7;1008,3;1508,3;28,7;21,9;29,3;28,1;22,1;21,6;69;63;66;109;10,4;4,9;
2026/03/20;2100 UTC;0;1008,7;1009;1008,3;655,1;27,4;21,5;28,1;26,5;22;21,1;73;69;71;113;10,1;4,4;
2026/03/20;2200 UTC;0;1009,1;1009,3;1008,9;49;25,6;21,1;26,5;24,9;21,3;21;81;73;77;119;9,8;4,5;
2026/03/20;2300 UTC;0;1009,4;1009,5;1009,2;0;24,4;21,2;24,8;24;21,3;21,1;87;81;84;116;7,7;3,9;
2026/03/21;0000 UTC;0;1009,7;1009,9;1009,4;0;23,7;21,3;24;23,5;21,3;21,3;89;87;88;116;6,4;3,1;
2026/03/21;0100 UTC;0;1010;1010,1;1009,9;0;23,2;21,2;23,4;23;21,3;21,2;91;89;90;120;4,9;2,5;
2026/03/21;0200 UTC;0;1009,9;1010,1;1009,8;0;22,9;21,2;23;22,8;21,2;21,1;92;91;91;114;5,8;2,7;
2026/03/21;0300 UTC;0;1009,7;1009,9;1009,5;0;22,6;21,2;22,8;22,5;21,3;21,2;94;92;93;119;4,2;2,2;
2026/03/21;0400 UTC;0;1009,6;1009,7;1009,5;0;22,4;21,3;22,5;22,3;21,3;21,2;95;94;94;116;4,1;2,4;
2026/03/21;0500 UTC;0;1009,2;1009,5;1008,9;0;22,1;21,3;22,3;22;21,3;21,2;96;95;96;112;3,1;1,6;
2026/03/21;0600 UTC;0;1008,5;1008,9;1008,3;0;21,8;21,1;22;21,7;21,2;21;97;96;96;120;2,6;1,3;
2026/03/21;0700 UTC;0;1008,2;1008,3;1008;0;21,4;20,8;21,7;21,3;21;20,7;98;97;97;124;1,8;1;
2026/03/21;0800 UTC;0;1008,1;1008,3;1008;0;21,3;20,9;21,4;21,1;21;20,7;98;97;98;123;1,1;,3;
2026/03/21;0900 UTC;0;1008,5;1008,9;1008,3;0;20,4;20,1;21;20,2;20,5;19,9;99;98;98;135;1,1;,6;
2026/03/21;1000 UTC;0;1009,3;1009,6;1008,9;29,8;20,1;19,8;20,3;19,8;20,1;19,6;99;98;99;97;1,4;,7;
2026/03/21;1100 UTC;0;1009,6;1009,7;1009,5;569,9;21,9;20,9;23,6;20,4;21,7;20,2;99;86;95;101;2,8;1,4;
2026/03/21;1200 UTC;0;1009,5;1009,6;1009,3;1367;24,9;21,1;26,1;23,5;21,8;20,7;87;75;81;109;3,1;1,8;
2026/03/21;1300 UTC;0;1009,1;1009,4;1008,9;2127,5;27,5;21,4;28,6;26,1;22,2;20,6;77;63;70;87;5,4;2,2;
2026/03/21;1400 UTC;0;1008,6;1009;1008,2;2708;29,6;21,7;30,4;28,6;22,4;21,1;67;56;61;53;4,1;2,3;
2026/03/21;1500 UTC;0;1008;1008,1;1007,8;3066,6;31,3;22,7;32,2;30,4;23,5;22,1;61;53;57;105;4,1;1,8;
2026/03/21;1600 UTC;0;1007,5;1007,8;1007,2;2946,7;32,7;23,4;33,4;32,1;24,7;22,8;59;51;54;142;4,3;2,2;
2026/03/21;1700 UTC;0;1006,7;1007,2;1006,4;3045,7;33,7;24;34,4;32,5;25,1;23,2;57;47;52;185;4,3;2,5;
2026/03/21;1800 UTC;0;1006,2;1006,4;1005,8;2710,3;34,6;24,5;35,3;34,1;25,4;23,8;54;47;50;128;3,8;2,2;
2026/03/21;1900 UTC;0;1005,4;1005,8;1005,2;1533,8;34,2;24,5;35,3;33,2;25,1;24,2;56;47;51;110;7,4;3,6;
2026/03/21;2000 UTC;0;1005,1;1005,5;1004,7;919,9;32,3;24,2;33,3;30,8;24,8;23,5;64;55;60;105;9,2;3,2;
2026/03/21;2100 UTC;0;1005,4;1005,7;1004,8;189,4;29,5;22,7;30,7;28,3;23,5;22,1;69;63;66;120;6,7;3,3;
2026/03/21;2200 UTC;0;1006,4;1007;1005,6;7,1;27,6;22;28,3;27,1;22,2;21,8;74;69;72;123;4,6;2,7;
2026/03/21;2300 UTC;0;1010,7;1010,7;1010,7;0;22,4;21,6;22,4;22,4;21,6;21,6;96;96;96;234;3,4;2,4;
2026/03/22;0000 UTC;1,4;1010,7;1011,1;1010,2;,1;22,4;21,9;22,5;22,3;22,1;21,7;98;96;97;310;3,9;1,3;
2026/03/22;0100 UTC;,4;1011,1;1011,6;1010,7;0;22,9;22,5;23,2;22,4;22,8;21,9;98;97;98;69;3,2;1,5;
2026/03/22;0200 UTC;1,2;1011,9;1012,7;1010,8;0;23,1;22,7;23,2;22,9;22,8;22,5;98;97;98;244;3,5;2;
2026/03/22;0300 UTC;,8;1011,7;1012,6;1010,6;0;22,9;22,6;23,1;22,8;22,9;22,5;99;98;99;71;3;1;
2026/03/22;0400 UTC;0;1010,7;1011;1010,2;0;23;22,7;23,1;22,9;22,7;22,6;99;98;98;37;3,8;1,8;
2026/03/22;0500 UTC;0;1009,6;1010,1;1009,2;0;23,5;22,4;23,7;23,1;22,7;22,2;98;93;94;295;4;1,5;
2026/03/22;0600 UTC;,2;1008,7;1009,2;1008,3;0;23,5;22,4;23,6;23,3;22,5;22,2;96;93;95;308;3,9;1,9;
2026/03/22;0700 UTC;0;1008,3;1008,5;1008;0;23,2;22,5;23,5;23,1;22,6;22,4;97;95;96;258;4,8;2,3;
2026/03/22;0800 UTC;0;1008,9;1009,3;1008,5;0;23;22,6;23,1;22,9;22,7;22,5;98;97;98;247;2,9;1,5;
2026/03/22;0900 UTC;0;1010,1;1010,8;1009,4;0;22,9;22,6;23,1;22,8;22,8;22,4;99;98;98;102;,7;,3;
2026/03/22;1000 UTC;0;1011,5;1011,9;1010,9;3,9;23,2;22,9;23,4;23,1;23,1;22,8;99;98;98;187;3,1;1,5;
2026/03/22;1100 UTC;0;1012,4;1012,9;1011,8;107;23,8;23;24,2;23,3;23,4;22,8;98;94;96;96;1,6;,6;
2026/03/22;1200 UTC;,2;1013,3;1013,4;1013;110,7;24;22,9;24,2;23,3;23,3;22,6;97;94;95;212;3,6;1,9;
2026/03/22;1300 UTC;,4;1013,5;1013,7;1013,4;349,9;23,4;22,9;23,7;23,2;23,3;22,7;98;96;98;151;3,1;1,3;
2026/03/22;1400 UTC;,2;1013,8;1014;1013,7;477,1;23,5;22,5;23,6;23,2;22,9;22,1;96;93;95;137;4,6;2,8;
2026/03/22;1500 UTC;0;1014;1014,1;1013,9;688;23,4;22;23,6;23,2;22,4;21,7;96;91;93;151;5,1;2,7;
2026/03/22;1600 UTC;0;1013,8;1014,1;1013,4;1086,4;24;21,7;25;23,4;22,6;20,9;93;80;89;154;5,5;2,7;
2026/03/22;1700 UTC;0;1013,2;1013,5;1013;756,7;25,2;21,2;25,4;25;22;20,7;84;78;80;161;4,8;2,9;
2026/03/22;1800 UTC;0;1013,1;1013,1;1013;407,8;24,8;21,4;25,4;24,3;21,8;21,2;86;80;83;174;6,1;2,8;
2026/03/22;1900 UTC;0;1012,6;1013;1012,2;506,7;24,3;21,2;24,7;24,1;21,4;21;86;83;84;164;5,9;3,3;
2026/03/22;2000 UTC;0;1012,3;1012,5;1012;305;24,7;21,3;24,7;24,6;21,6;21;85;81;83;137;3,4;1,7;
2026/03/22;2100 UTC;0;1012,7;1012,9;1012,4;71,5;24,4;21,2;24,6;24,2;21,4;21;85;82;84;141;2,9;1,6;
2026/03/22;2200 UTC;0;1013,3;1013,7;1012,9;12,9;24,1;21,2;24,3;24;21,3;21;86;84;85;149;1,2;,7;
2026/03/22;2300 UTC;0;1014;1014,2;1013,7;0;24;21,3;24;23,9;21,5;21,1;88;86;87;138;4;1,9;
2026/03/23;0000 UTC;0;1014,5;1014,7;1014,2;0;24;21,5;24;23,9;21,6;21,3;89;87;87;103;2,6;1,4;
2026/03/23;0100 UTC;0;1014,6;1014,8;1014,4;0;23,7;21,6;23,8;23,6;21,6;21,5;90;88;89;110;4,2;2,1;
2026/03/23;0200 UTC;0;1014,3;1014,7;1013,9;0;23,5;21,7;23,6;23,4;21,8;21,6;92;90;91;140;2,3;1,2;
2026/03/23;0300 UTC;0;1013,2;1014;1012,3;0;23,1;21,8;23,4;22,9;21,8;21,7;94;92;93;133;5,3;2,6;
2026/03/23;0400 UTC;0;1011,9;1012,2;1011,6;0;23;21,8;23,2;22,9;21,8;21,7;94;93;94;112;4;1,9;
2026/03/23;0500 UTC;0;1012,2;1012,6;1011,8;0;23,3;22;23,3;23,2;22,1;21,9;94;93;94;102;4,3;2,1;
2026/03/23;0600 UTC;0;1011,5;1011,9;1011,1;0;23,2;22,1;23,3;23,1;22,2;22,1;95;94;95;106;2,4;1,1;
2026/03/23;0700 UTC;0;1010,7;1011,1;1010,3;0;23,1;22,3;23,1;23;22,4;22,1;96;95;96;133;2,1;1,2;
2026/03/23;0800 UTC;0;1010,3;1010,4;1010,1;0;23,4;22,6;23,7;23,1;22,7;22,4;96;95;96;98;3,6;1,8;
2026/03/23;0900 UTC;0;1010,2;1010,3;1010;0;23,7;22,7;23,7;23,7;22,8;22,7;95;95;95;65;3,5;1,6;
2026/03/23;1000 UTC;0;1010,2;1010,5;1010,1;15,9;23,8;22,6;23,9;23,7;22,7;22,5;95;93;94;81;2,3;,9;
2026/03/23;1100 UTC;0;1010,7;1010,9;1010,5;197,3;24;22,6;24,1;23,9;22,7;22,4;94;92;93;191;2,8;1,1;
2026/03/23;1200 UTC;0;1010,6;1010,9;1010,2;1221;24,9;22,4;26,1;23,9;22,9;22,2;93;81;87;98;2,2;,9;
2026/03/23;1300 UTC;0;1009,8;1010,2;1009,5;2018,7;27,2;22,8;28,1;26,2;23,5;22,3;84;73;78;71;3,2;1,9;
2026/03/23;1400 UTC;0;1009,1;1009,5;1008,6;2507,5;29,3;23,1;30,2;28,1;23,9;22,4;74;64;69;174;4,7;2,6;
2026/03/23;1500 UTC;0;1008,3;1008,6;1007,9;2827,4;30,7;23,7;31,7;29,8;24,3;23,1;69;59;65;89;5,6;3;
2026/03/23;1600 UTC;0;1007,7;1008;1007,4;2679,5;32,3;24,4;32,8;31,7;25;23,8;63;57;60;307;5,4;2,7;
2026/03/23;1700 UTC;0;1007;1007,4;1006,8;1876,6;32,7;25,1;33,3;32,5;25,7;24,6;65;58;62;268;4,1;2;
2026/03/23;1800 UTC;0;1006,2;1006,8;1005,7;1879,5;33,7;25,3;34,2;32,9;26,5;24,7;65;54;58;294;4,7;2,5;
2026/03/23;1900 UTC;0;1005,5;1005,7;1005,4;1049,1;33,4;25;33,9;32,5;26,2;24,4;62;55;58;314;3,7;1,9;
2026/03/23;2000 UTC;8,4;1007,4;1008,8;1005,4;88,1;27,3;23,4;32,4;23,2;25;22,4;97;60;80;259;9,1;3,5;
2026/03/23;2100 UTC;5,4;1008,5;1008,8;1008,2;7,9;23,2;22,8;23,3;23,1;23;22,7;99;97;98;310;2,7;1,3;
2026/03/23;2200 UTC;1,2;1008,8;1009;1008,7;1,5;23,2;22,9;23,3;23,1;23;22,8;99;98;98;56;2,4;1,3;
2026/03/23;2300 UTC;0;1009,3;1009,3;1009,3;0;23,4;22,9;23,4;23,4;22,9;22,9;97;97;97;41;2;1,4;
2026/03/24;0000 UTC;0;1009,6;1009,6;1009,6;0;22,9;22,7;22,9;22,9;22,7;22,7;99;99;99;204;,3;,2;
2026/03/24;0100 UTC;0;1009,5;1009,6;1009,4;0;22,9;22,7;23;22,8;22,9;22,6;99;99;99;158;1,4;,6;
2026/03/24;0200 UTC;0;1009,1;1009,4;1008,8;0;23;22,8;23;22,9;22,9;22,7;99;99;99;141;1,4;,7;
2026/03/24;0300 UTC;0;1008,3;1008,9;1007,8;0;23,1;23;23,2;23;23,1;22,9;99;99;99;132;1,5;,9;
2026/03/24;0400 UTC;0;1007,7;1007,9;1007,5;0;23,1;22,9;23,2;23;23;22,8;99;99;99;163;2,3;1,2;
2026/03/24;0500 UTC;0;1007,8;1007,9;1007,7;0;23,2;23;23,3;23;23,1;22,8;99;99;99;248;1,1;,7;
2026/03/24;0600 UTC;0;1007,9;1008,2;1007,6;0;22,8;22,6;23;22,5;22,8;22,4;99;99;99;324;1,5;,8;
2026/03/24;0700 UTC;0;1008,3;1008,5;1008,2;0;22,8;22,7;23,1;22,6;23;22,5;100;99;100;168;1;,5;
2026/03/24;0800 UTC;0;1008,7;1009,2;1008,4;0;23,2;23,1;23,5;23,1;23,4;23;100;99;100;270;4,3;1,7;
2026/03/24;0900 UTC;,4;1010;1010,5;1009,2;1,5;22,3;21,5;23,5;21,6;23,4;20,6;99;94;96;204;6,8;3;
2026/03/24;1000 UTC;,4;1010,9;1011,3;1010,5;14,9;21,3;20,1;21,6;21,1;20,6;19,8;95;93;94;190;6;2,8;
2026/03/24;1100 UTC;0;1011,6;1012,3;1011,2;108,7;21,2;19,7;21,3;21,1;20;19,4;94;91;93;203;6,1;3,3;
2026/03/24;1200 UTC;,2;1012,9;1013,5;1012,3;244,2;20,9;19,7;21,1;20,8;20;19,3;95;92;94;223;4,9;2,3;
2026/03/24;1300 UTC;0;1013,8;1014,1;1013,6;513,8;20,9;19,3;21;20,9;19,8;18,8;94;90;92;213;2,9;1,5;
2026/03/24;1400 UTC;0;1014,2;1014,3;1014,1;698,8;21;19,7;21,2;20,9;20,3;19,1;96;91;93;219;2,4;1,5;
2026/03/24;1500 UTC;0;1014,2;1014,4;1014,1;715,5;21,3;19,9;21,9;21;20,5;19,4;95;87;93;188;4,2;2,1;
2026/03/24;1600 UTC;0;1014;1014,1;1013,8;699,5;22,1;19,7;22,8;21,8;20,4;19,3;91;85;88;186;4,1;1,9;
2026/03/24;1700 UTC;0;1013,7;1013,8;1013,5;490,5;22,6;19,5;22,9;21,9;20;19;88;82;85;144;3,6;1,8;
2026/03/24;1800 UTC;0;1012,8;1012,9;1012,7;815,1;23,1;19,5;23,2;23,1;19,6;19,3;83;80;82;171;5,8;3;
2026/03/24;1900 UTC;0;1012,5;1012,5;1012,4;429,9;23,3;19;23,4;23,3;19,2;18,9;79;78;79;164;4,3;2,3;
2026/03/24;2000 UTC;0;1012,3;1012,4;1012,2;338,5;23,4;19,2;23,5;23,4;19,6;18,8;81;77;79;150;4,8;2,1;
2026/03/24;2100 UTC;0;1012,6;1012,9;1012,5;145,1;23,3;19,1;23,4;23,1;19,4;18,8;81;78;79;147;3,9;2;
2026/03/24;2200 UTC;0;1013;1013,3;1012,9;12,8;22,9;19;23,1;22,7;19,1;18,8;82;79;80;149;3,9;1,7;
2026/03/24;2300 UTC;0;1013,4;1013,6;1013,2;0;22,6;19;22,7;22,4;19,1;18,8;83;81;82;141;3,3;1,8;
2026/03/25;0000 UTC;0;1013,8;1014;1013,5;0;22,4;19,1;22,5;22,2;19,3;18,7;85;82;84;123;5,2;2,5;
2026/03/25;0100 UTC;0;1014,3;1014,5;1014;0;21,9;18;22,2;21,6;18,7;17,6;83;79;81;120;4,2;1,9;
2026/03/25;0200 UTC;0;1014,4;1014,5;1014,3;0;21,4;17,7;21,5;21,3;17,8;17,6;82;81;81;123;3,6;1,8;
2026/03/25;0300 UTC;0;1014,3;1014,4;1014,2;0;21,2;17,8;21,3;21,2;18,1;17,6;84;82;83;115;2,5;1,3;
2026/03/25;0400 UTC;0;1014,4;1014,5;1014,2;0;21,1;18,3;21,2;21;18,4;18;87;84;86;126;3,2;1,6;
2026/03/25;0500 UTC;0;1014,1;1014,2;1014;0;21,1;18,5;21,2;21;18,7;18,3;87;86;87;105;1,8;,9;
2026/03/25;0600 UTC;0;1013,8;1014;1013,8;0;21,3;18,6;21,3;21,2;18,8;18,5;87;86;87;133;2;1,1;
2026/03/25;0700 UTC;0;1013,7;1013,8;1013,6;0;21,3;19,4;21,4;21,2;19,8;18,8;93;88;90;127;3,2;1,9;
2026/03/25;0800 UTC;0;1013,6;1013,7;1013,5;0;21,2;20,2;21,3;21,2;20,5;19,8;96;93;95;120;4,7;2,5;
2026/03/25;0900 UTC;0;1013,7;1013,8;1013,6;0;21,3;20,7;21,6;21,3;20,8;20,5;97;96;97;132;3,6;1,9;
2026/03/25;1000 UTC;0;1014;1014,1;1013,8;7,1;21,8;21;22;21,6;21,2;20,8;96;96;96;129;3,4;1,8;
2026/03/25;1100 UTC;0;1014,4;1014,7;1014,1;75,5;22,3;21,6;22,6;22;22;21,2;97;96;96;91;3,5;1,4;
2026/03/25;1200 UTC;0;1014,8;1014,9;1014,7;295,3;22,8;22,1;23,5;22,5;22,3;22;97;94;96;96;3,5;1,7;
2026/03/25;1300 UTC;0;1014,9;1015;1014,7;518;24;22,3;24,4;23,5;22,6;22,1;94;89;92;104;3,5;1,8;
2026/03/25;1400 UTC;0;1014,9;1015;1014,8;1044,9;25,4;22,7;26,4;24,5;23,3;22,4;90;83;86;146;4;1,9;
2026/03/25;1500 UTC;0;1014,9;1015;1014,8;1326,3;26,2;23;27;25,7;23,7;22,6;87;80;84;164;3,8;2,1;
2026/03/25;1600 UTC;0;1014,5;1014,8;1014,2;1272,8;27,2;23,2;27,6;27;23,9;22,8;82;78;80;183;4,3;2,4;
2026/03/25;1700 UTC;0;1013,9;1014,2;1013,7;506,5;26,8;23,3;27,2;26,1;23,6;22,9;86;79;83;202;5,2;3;
2026/03/25;1800 UTC;0;1013,8;1013,9;1013,7;607,4;25,5;23,1;26,2;24,4;23,5;22,4;91;85;88;213;7,5;4,1;
2026/03/25;1900 UTC;0;1013,7;1013,9;1013,5;445,1;24,3;22,4;24,5;24,1;22,6;22,3;91;89;91;201;5,9;3,1;
2026/03/25;2000 UTC;0;1013,7;1013,9;1013,5;140,4;23,9;22,2;24,2;23,8;22,5;22,1;92;91;92;189;4,7;2,2;
2026/03/25;2100 UTC;0;1013,7;1013,9;1013,5;78,4;24;22,3;24,1;23,9;22,5;22;92;91;91;165;4,9;2,4;
2026/03/25;2200 UTC;0;1013,9;1014,2;1013,6;10,8;24;22,7;24,1;23,9;22,8;22,5;94;92;93;193;3,9;2,4;
2026/03/25;2300 UTC;0;1014,5;1014,7;1014,2;0;23,6;22,7;23,9;23,4;22,8;22,6;97;94;96;196;3,3;1,8;
2026/03/26;0000 UTC;0;1014,8;1015;1014,6;0;23,5;22,6;23,6;23,4;22,8;22,4;97;94;96;182;4,6;2,2;
2026/03/26;0100 UTC;0;1015,3;1015,6;1015,1;0;23,4;22;23,6;23,2;22,4;21,7;94;92;93;186;4,7;1,9;
2026/03/26;0200 UTC;0;1015,6;1015,7;1015,5;0;23,1;21,7;23,2;22,9;21,8;21,6;94;92;93;207;4,4;2,1;
2026/03/26;0300 UTC;0;1015,6;1015,7;1015,5;0;22,5;21,4;22,9;22,3;21,8;20,9;95;93;94;212;5,4;2,5;
2026/03/26;0400 UTC;0;1015,5;1015,6;1015,3;0;22,4;20,9;22,4;22,3;21;20,7;93;92;92;215;4,5;2,3;
2026/03/26;0500 UTC;0;1015,2;1015,3;1015,1;0;22,2;20,9;22,3;22,2;21;20,7;94;93;93;206;3,3;1,3;
2026/03/26;0600 UTC;0;1015,3;1015,4;1015,1;0;22,2;21,2;22,2;22,2;21,3;21;95;94;95;208;4,1;1,6;
2026/03/26;0700 UTC;0;1015,1;1015,2;1015;0;22,1;21,2;22,2;21,9;21,3;21,1;96;95;96;246;2,5;1,5;
2026/03/26;0800 UTC;0;1015;1015,1;1014,9;0;21,9;21,1;22;21,9;21,2;21;96;96;96;293;1,8;1;
2026/03/26;0900 UTC;0;1015,2;1015,5;1015;0;21,8;21,2;21,9;21,8;21,3;21,1;97;96;97;273;2,1;1;
2026/03/26;1000 UTC;0;1015,8;1016;1015,5;5,6;21,7;21,2;21,8;21,7;21,2;21,1;97;97;97;269;1,7;,9;
2026/03/26;1100 UTC;0;1016,4;1016,7;1016;57,5;21,9;21,3;22,1;21,8;21,4;21,2;97;96;97;261;1,9;1,3;
2026/03/26;1200 UTC;0;1016,9;1017,1;1016,7;146,8;22,3;21,4;22,4;22,1;21,5;21,2;96;95;96;328;2;1,3;
2026/03/26;1300 UTC;0;1017,2;1017,3;1017;411,7;22,5;21,8;22,8;22,3;22,2;21,4;98;96;97;297;2,9;1,3;
2026/03/26;1400 UTC;0;1017,1;1017,3;1017,1;1127,8;23,7;22,2;24,3;22,7;22,7;21,9;97;89;92;245;2,4;1,1;
2026/03/26;1500 UTC;0;1016,9;1017,1;1016,8;754,4;24,6;22,2;25,2;24,3;22,6;22;90;85;88;232;1;,4;
2026/03/26;1600 UTC;0;1016,4;1016,8;1016,1;1052,8;25,5;22,6;25,9;25,2;23,1;22,2;87;84;86;305;2,6;1,3;
2026/03/26;1700 UTC;0;1015,9;1016,1;1015,6;1028,4;25,9;22,8;26,5;25,5;23,4;22,4;87;82;85;279;2,1;,9;
2026/03/26;1800 UTC;0;1015,3;1015,6;1015,1;1323,8;26,8;23,2;27,4;26,4;23,9;22,7;84;79;82;217;2,4;1;
2026/03/26;1900 UTC;0;1014,7;1015,1;1014,4;1478,5;27,6;23,5;28,2;26,8;24,1;23,1;84;76;80;219;2,4;1,2;
2026/03/26;2000 UTC;0;1014,2;1014,4;1014,1;956,2;28,3;23,6;29,2;27,6;24;23,1;81;72;76;228;2,3;1,2;
2026/03/26;2100 UTC;0;1014,2;1014,3;1014,1;430,6;28,2;23,9;29,6;27;24,2;23,4;85;71;78;160;3;1,6;
2026/03/26;2200 UTC;0;1014,6;1014,9;1014,3;14,7;26,5;23,9;27;26,1;24,1;23,7;88;85;87;144;2,9;1,7;
2026/03/26;2300 UTC;0;1015,1;1015,4;1014,9;0;25,9;23,9;26,1;25,8;24,1;23,8;91;88;90;148;3,4;1,7;
2026/03/27;0000 UTC;0;1015,6;1015,8;1015,3;0;25,5;24;25,8;25,3;24,1;24;94;91;93;131;2,3;1,4;
2026/03/27;0100 UTC;0;1015,9;1016;1015,8;0;25,1;23,9;25,3;25;24;23,8;94;94;94;127;3,5;2,1;
2026/03/27;0200 UTC;0;1015,8;1015,9;1015,8;0;24,5;23,4;25;24,3;23,8;23,2;95;94;94;127;4;2,1;
2026/03/27;0300 UTC;0;1015,7;1015,8;1015,6;0;24,3;23,2;24,3;24,2;23,3;23,2;95;95;95;117;4,5;2,1;
2026/03/27;0400 UTC;0;1015,6;1015,7;1015,5;0;24;23;24,2;23,8;23,2;22,9;96;94;95;118;2,1;1,2;
2026/03/27;0500 UTC;0;1015,5;1015,6;1015,4;0;23,9;23;23,9;23,8;23,1;22,9;96;95;96;159;2,6;1,6;
2026/03/27;0600 UTC;0;1015,3;1015,4;1015,1;0;23,7;23,1;23,8;23,7;23,2;23;97;96;97;95;1,4;,7;
2026/03/27;0700 UTC;0;1015,2;1015,4;1015;0;23,7;23,2;23,7;23,7;23,3;23,1;98;97;97;166;1,5;,9;
2026/03/27;0800 UTC;0;1015,2;1015,3;1014,9;0;23,6;23,3;23,7;23,6;23,3;23,3;98;98;98;192;1;,6;
2026/03/27;0900 UTC;0;1015,5;1015,8;1015,4;0;23,7;23,3;23,7;23,6;23,4;23,3;98;98;98;177;1,9;,8;
2026/03/27;1000 UTC;0;1016,1;1016,4;1015,8;13,2;23,8;23,2;23,9;23,7;23,3;23,1;98;97;97;130;1,1;,4;
2026/03/27;1100 UTC;0;1016,7;1017,1;1016,4;209,8;24,1;23,1;24,4;23,9;23,2;23;97;93;95;73;1,8;1,1;
2026/03/27;1200 UTC;0;1017,3;1017,5;1017,1;758,5;24,8;23,1;25,7;24,3;23,6;23;94;87;91;76;2,2;1,1;
2026/03/27;1300 UTC;0;1017,3;1017,4;1017,1;1813,7;26,9;23,5;28,1;25,7;24;22,9;89;77;83;131;2,4;1,1;
2026/03/27;1400 UTC;0;1017,1;1017,2;1017;2467,8;28,2;23,9;29;27,7;24,7;23,4;83;75;79;150;3,1;1,4;
2026/03/27;1500 UTC;0;1016,7;1017;1016,4;2865,3;29,8;24,3;30,9;29,1;25,3;23,8;77;69;73;145;3,6;1,9;
2026/03/27;1600 UTC;0;1015,9;1016,3;1015,4;2988,3;31,5;25;32,7;30,5;25,8;24,1;72;63;67;69;3,7;1,9;
2026/03/27;1700 UTC;0;1015,1;1015,4;1014,7;2877,5;32,7;25,1;33;32,3;26,1;24,6;66;60;62;172;3,7;2,1;
2026/03/27;1800 UTC;0;1014,4;1014,7;1014,2;2546,8;33,5;25,2;33,9;33,1;26,4;24,8;66;55;59;118;3,1;1,4;
2026/03/27;1900 UTC;0;1013,9;1014,2;1013,7;1908,4;34,2;25;34,6;33,8;26;24,1;58;49;54;207;2,8;1,6;
2026/03/27;2000 UTC;0;1013,7;1013,8;1013,6;1236,1;34,2;24,8;34,5;33,7;25,5;24,2;59;49;53;161;4,2;2,1;
2026/03/27;2100 UTC;0;1014,6;1014,6;1014,6;111,9;31,3;25,2;31,3;31,3;25,2;25,2;70;70;70;124;6,3;3,2;
2026/03/27;2200 UTC;0;1015,1;1015,1;1015,1;0;29,1;24,2;29,1;29,1;24,2;24,2;75;75;75;131;3,5;2,3;
2026/03/27;2300 UTC;0;1015,9;1015,9;1015,9;0;27,9;24;27,9;27,9;24;24;81;81;81;95;3,4;1,7;
2026/03/28;0000 UTC;0;1016,2;1016,2;1016,2;0;26,9;24,1;26,9;26,9;24,1;24,1;86;86;86;124;2,6;1,8;
2026/03/28;0100 UTC;0;1016,5;1016,6;1016,3;0;26,4;24,1;26,9;26,1;24,2;24;89;86;88;119;3,2;1,4;
2026/03/28;0200 UTC;0;1016,7;1016,8;1016,4;0;25,8;23,9;26,1;25,5;24,1;23,8;92;89;91;125;2,5;1,5;
2026/03/28;0300 UTC;0;1016,5;1016,8;1016,4;0;25,3;23,7;25,6;25,1;23,9;23,6;93;91;92;116;3;1,6;
2026/03/28;0400 UTC;0;1016,4;1016,5;1016,3;0;24,7;23,6;25,1;24,3;23,7;23,4;96;93;94;148;1,4;,7;
2026/03/28;0500 UTC;0;1016,2;1016,6;1015,9;0;24,2;23,5;24,3;24,1;23,6;23,3;97;96;96;74;1,3;,7;
2026/03/28;0600 UTC;0;1015,8;1015,9;1015,6;0;23,7;23,1;24,2;23,2;23,6;22,6;98;96;97;168;1,8;,9;
2026/03/28;0700 UTC;0;1015,5;1015,7;1015,4;0;23,5;23,3;23,6;23,2;23,4;22,8;99;98;99;96;1,2;,4;
2026/03/28;0800 UTC;0;1015,8;1015,9;1015,6;0;23,2;23;23,5;23,1;23,2;22,8;99;99;99;52;1,1;,7;
2026/03/28;0900 UTC;0;1016,1;1016,4;1015,8;0;23;22,8;23,3;22,9;23;22,6;99;99;99;66;2,4;1,5;
2026/03/28;1000 UTC;0;1016,7;1017,1;1016,4;18,4;23,3;23,1;23,4;23,1;23,3;22,8;99;98;99;61;1,9;,9;
2026/03/28;1100 UTC;0;1017,5;1017,8;1017,1;239,9;23,5;23,3;23,8;23,3;23,6;23,1;99;99;99;175;1;,5;
2026/03/28;1200 UTC;0;1018,1;1018,3;1017,8;1213,9;24,9;24;26,6;23,7;24,5;23,5;99;87;96;279;2;,9;
2026/03/28;1300 UTC;0;1018,2;1018,3;1018,1;1930;29,1;24,1;30,6;26,6;25,3;23,2;86;63;75;301;4,4;2,2;
2026/03/28;1400 UTC;0;1018;1018,2;1017,9;2521,6;31,3;23,5;32;30,6;24,4;22,9;65;58;61;304;4,7;2,5;
2026/03/28;1500 UTC;0;1017,8;1018;1017,6;2891,7;32,6;24;33,6;32;25;23,5;62;52;57;283;4;1,7;
2026/03/28;1600 UTC;0;1017,2;1017,7;1016,7;3022,8;33,7;24,2;34,2;32,8;24,9;23,5;57;50;52;280;4,2;1,8;
2026/03/28;1700 UTC;0;1016,3;1016,7;1015,9;2904,5;34,5;24,3;35;33,7;25,2;23,5;55;46;49;239;3,9;2,2;
2026/03/28;1800 UTC;0;1015,7;1015,9;1015,5;2434;34,9;24,8;35,5;34,5;26;23,9;55;45;49;206;4,4;2,3;
2026/03/28;1900 UTC;0;1015,2;1015,5;1015,1;1873,9;35,3;24,8;36;34,5;25,8;24,1;55;45;48;242;3,2;1,6;
2026/03/28;2000 UTC;0;1015,3;1015,3;1015,3;953;33;26,3;33;33;26,3;26,3;67;67;67;148;5,6;3,2;
2026/03/28;2100 UTC;0;1015,9;1015,9;1015,9;100,7;31,5;25,3;31,5;31,5;25,3;25,3;69;69;69;140;4;2,5;
2026/03/28;2200 UTC;0;1016,3;1016,3;1016,3;0;29,8;23,8;29,8;29,8;23,8;23,8;70;70;70;118;5;2,8;
2026/03/28;2300 UTC;0;1017,1;1017,1;1017,1;0;28,5;23,8;28,5;28,5;23,8;23,8;77;77;77;130;3;2,1;
2026/03/29;0000 UTC;0;1017,2;1017,2;1017,2;0;27,6;23,7;27,6;27,6;23,7;23,7;81;81;81;118;2,1;1,5;
2026/03/29;0100 UTC;0;1017,2;1017,3;1017,1;0;27,3;23,8;27,6;27;23,9;23,6;84;81;82;123;2,2;1,3;
2026/03/29;0200 UTC;0;1017,2;1017,4;1017,1;0;26,4;23,6;27,2;26;23,8;23,3;89;83;86;128;2;1;
2026/03/29;0300 UTC;0;1017;1017,2;1016,9;0;26,4;23,1;26,6;26,1;23,3;23;86;82;84;78;2;,9;
2026/03/29;0400 UTC;0;1017;1017,2;1016,8;0;25,3;23,1;26,2;24,8;23,4;22,9;93;84;89;93;1,1;,4;
2026/03/29;0500 UTC;0;1016,8;1016,9;1016,6;0;24,2;23,1;24,8;24;23,2;22,9;95;92;94;274;1,2;,6;
2026/03/29;0600 UTC;0;1016,8;1017;1016,5;0;23,7;22,8;24;23,5;23;22,6;96;95;96;85;2,1;1,1;
2026/03/29;0700 UTC;0;1016,3;1016,5;1016,1;0;24,2;23,1;24,6;23,9;23,4;22,6;95;93;94;89;2,2;1;
2026/03/29;0800 UTC;0;1016,3;1016,6;1016,2;0;24,2;23;24,6;23,9;23,3;22,9;95;93;94;69;2;1,1;
2026/03/29;0900 UTC;0;1016,8;1016,9;1016,6;0;23,6;22,8;23,9;23,5;23;22,7;96;95;96;67;1,5;1;
2026/03/29;1000 UTC;0;1017;1017,2;1016,8;22;23;22,4;23,5;22,7;22,8;22,2;98;96;97;106;,8;,3;
2026/03/29;1100 UTC;0;1017,7;1018,1;1017,2;332,2;23,4;23;24,6;22,5;24;22,1;98;97;98;212;,8;,3;
2026/03/29;1200 UTC;0;1018,1;1018,3;1018,1;1149;26,2;24;28,2;24,6;24,6;23,8;97;80;89;189;2,2;1,3;
2026/03/29;1300 UTC;0;1018,1;1018,3;1017,8;1894;28,1;24,2;29;26,8;24,9;23,8;88;75;81;239;1,9;,9;
2026/03/29;1400 UTC;0;1017,5;1017,8;1017,1;2466;29,6;24,1;30,4;28,8;24,8;23,4;78;69;73;279;3,6;1,5;
2026/03/29;1500 UTC;0;1016,9;1017,1;1016,5;2846,7;31,1;24,7;31,4;30,6;25,6;24,1;72;66;68;246;3,7;1,5;
2026/03/29;1600 UTC;0;1016,4;1016,6;1016,1;2994,7;32;24,7;32,8;31,4;25,6;24;68;58;63;275;3,9;1,9;
2026/03/29;1700 UTC;0;1015,6;1016,1;1015,2;2914,5;33,1;24,7;33,8;32,5;25,8;23,4;62;50;58;245;4,7;2;
2026/03/29;1800 UTC;0;1014,6;1015,2;1014,2;2579;33,8;25,3;34,2;33,3;26,1;24,6;60;55;58;143;4,2;2,3;
2026/03/29;1900 UTC;0;1014,5;1015,1;1014,1;1188,5;33;24,9;34,1;31,7;26,1;23,5;62;57;59;168;6,8;4,2;
2026/03/29;2000 UTC;0;1015,5;1015,5;1015,5;193,4;29,6;22,3;29,6;29,6;22,3;22,3;64;64;64;140;3,6;2,2;
2026/03/29;2100 UTC;0;1016,3;1016,3;1016,3;33,4;28,3;24,1;28,3;28,3;24,1;24,1;79;79;79;143;3,7;2,5;
2026/03/29;2200 UTC;0;1016,6;1016,6;1016,6;0;27,4;24;27,4;27,4;24;24;83;83;83;143;3,2;1,8;
2026/03/29;2300 UTC;0;1017,4;1017,4;1017,4;0;26,7;24;26,7;26,7;24;24;86;86;86;156;2,8;1,5;
2026/03/30;0000 UTC;0;1017,5;1017,5;1017,5;0;26,2;24;26,2;26,2;24;24;89;89;89;128;4,3;2,7;
2026/03/30;0100 UTC;0;1017,9;1018,1;1017,6;0;26;23,9;26,2;25,8;24;23,8;90;89;89;125;3,4;2;
2026/03/30;0200 UTC;0;1017,6;1018;1017,1;0;25,6;23,9;25,9;25,4;23,9;23,8;93;90;91;142;2,5;1,6;
2026/03/30;0300 UTC;0;1016,9;1017,1;1016,7;0;25,2;23,8;25,3;24,8;23,9;23,7;94;93;93;193;1,8;,7;
2026/03/30;0400 UTC;0;1016;1016,6;1015,7;0;24,9;23,8;25;24,8;23,9;23,7;95;94;94;142;1,3;,9;
2026/03/30;0500 UTC;0;1015,9;1016;1015,8;0;24,4;23,6;24,8;24,1;23,8;23,4;97;94;96;177;1,4;,9;
2026/03/30;0600 UTC;0;1015,8;1015,9;1015,5;0;24,2;23,6;24,6;24;23,8;23,4;98;96;97;104;2,6;1,5;
2026/03/30;0700 UTC;0;1015,3;1015,5;1015,1;0;24,7;23,6;24,8;24,6;23,7;23,6;96;94;95;118;1,3;,8;
2026/03/30;0800 UTC;0;1015,2;1015,4;1014,9;0;24,7;23,7;24,8;24,5;23,8;23,6;96;95;95;110;1,4;,7;
2026/03/30;0900 UTC;0;1015,5;1015,9;1014,9;0;24,2;23,6;24,7;24;23,7;23,4;98;95;97;50;1,8;1;
2026/03/30;1000 UTC;0;1016,2;1016,4;1016;5,4;24,3;23,8;24,6;24,1;23,9;23,6;98;96;97;98;1,4;,6;
2026/03/30;1100 UTC;0;1016,8;1017,1;1016,4;128,7;24,9;23,9;25,3;24,6;24;23,8;96;93;95;124;1,5;,8;
2026/03/30;1200 UTC;0;1017,4;1017,5;1017,1;242,7;25,5;24,1;25,7;25,3;24,3;23,9;94;92;93;137;2;1,2;
2026/03/30;1300 UTC;0;1017,4;1017,5;1017;374,3;25,8;24,3;25,9;25,7;24,6;24,1;94;91;93;80;2,5;1,2;
2026/03/30;1400 UTC;,2;1016,8;1017;1016,5;1250,1;26,5;24,3;27,7;25,8;24,8;23,8;94;82;89;105;2,9;1,6;
2026/03/30;1500 UTC;0;1016,7;1016,9;1016,6;1912,1;28;23,8;28,9;27,4;24,6;23,3;84;74;79;148;4,1;2,5;
2026/03/30;1600 UTC;0;1015,9;1016,5;1015,6;2620,4;29,4;23,7;30,1;28,5;24,8;23,2;77;66;71;125;5,1;2,5;
2026/03/30;1700 UTC;0;1015,4;1015,6;1015,3;1070,2;28,9;23,2;29,2;28,7;23,8;22,9;74;70;72;110;5,3;3;
2026/03/30;1800 UTC;0;1015,3;1015,5;1015,2;708,3;27,4;22,9;29;26,4;23,8;22,2;87;70;77;87;3,6;1,4;
2026/03/30;1900 UTC;0;1015;1015,3;1014,8;1144,4;27;23,5;27,5;26,5;24,2;22,4;87;78;82;113;6,9;3;
2026/03/30;2000 UTC;0;1014,6;1014,8;1014,4;776,7;27,1;23,1;27,8;26,8;23,8;22,5;84;76;80;99;5,5;2,7;
2026/03/30;2100 UTC;0;1014,6;1014,7;1014,4;427,7;27,3;22,9;28,1;26,5;23,3;22,6;82;73;78;123;5,9;3,2;
2026/03/30;2200 UTC;0;1014,8;1014,9;1014,6;9,4;26;23;26,5;25,7;23,2;22,9;87;82;85;129;4,8;2,6;
2026/03/30;2300 UTC;0;1014,9;1015;1014,7;0;25,3;22,6;25,7;24,9;22,9;22,3;87;85;86;126;5,5;2,7;
2026/03/31;0000 UTC;0;1015;1015,1;1014,9;0;24,6;22,3;24,9;24,4;22,4;22,2;89;87;88;109;4,7;2,4;
2026/03/31;0100 UTC;0;1015,1;1015,2;1014,9;0;24,1;22,2;24,3;23,9;22,2;22,1;92;89;90;115;3,7;2;
2026/03/31;0200 UTC;0;1015;1015,1;1014,8;0;23,6;22,2;23,8;23,4;22,2;22,1;94;92;93;108;4,6;2,3;
2026/03/31;0300 UTC;0;1014,7;1015;1014,4;0;23,2;22,1;23,4;23;22,2;22;95;94;95;120;4,1;2,2;
2026/03/31;0400 UTC;0;1014;1014;1014;0;22,7;21,8;22,7;22,7;21,8;21,8;96;96;96;108;2,6;1,7;
2026/03/31;0500 UTC;0;1013,7;1013,7;1013,7;0;22,4;21,5;22,4;22,4;21,5;21,5;95;95;95;105;3,3;2,1;
2026/03/31;0600 UTC;0;1013,3;1013,3;1013,3;0;22;20,9;22;22;20,9;20,9;95;95;95;115;4;2,2;
2026/03/31;0700 UTC;0;1013,4;1013,4;1013,4;0;21,5;20,5;21,5;21,5;20,5;20,5;95;95;95;99;3,3;1,7;
2026/03/31;0800 UTC;0;1013,5;1013,5;1013,5;0;20,8;20,2;20,8;20,8;20,2;20,2;97;97;97;145;1,9;1,2;
2026/03/31;0900 UTC;0;1014;1014;1014;0;20,6;20;20,6;20,6;20;20;97;97;97;129;2,2;1,5;
2026/03/31;1000 UTC;0;1014,7;1014,7;1014,7;75,3;20,9;20;20,9;20,9;20;20;96;96;96;101;3,6;2,2;
2026/03/31;1100 UTC;0;1015;1015;1015;895,8;23,1;20,1;23,1;23,1;20,1;20,1;85;85;85;105;3,2;1,9;
2026/03/31;1200 UTC;0;1015,3;1015,3;1015,3;1675,5;25,3;20,1;25,3;25,3;20,1;20,1;74;74;74;123;4,4;3;
2026/03/31;1300 UTC;0;1015,2;1015,2;1015,2;2362;26,8;20,5;26,8;26,8;20,5;20,5;69;69;69;124;3,5;2,4;
2026/03/31;1400 UTC;0;1014,6;1014,6;1014,6;3276,4;28,4;20,5;28,4;28,4;20,5;20,5;60;60;60;74;6,3;3,9;
2026/03/31;1500 UTC;0;1013,8;1013,8;1013,8;3254,2;29,3;20,5;29,3;29,3;20,5;20,5;56;56;56;67;6;4,2;
2026/03/31;1600 UTC;0;1012,8;1012,8;1012,8;3399,3;30;21,1;30;30;21,1;21,1;55;55;55;71;6,8;3,7;
2026/03/31;1700 UTC;0;1012;1012;1012;3250,1;30,8;21;30,8;30,8;21;21;51;51;51;109;9,5;5,6;
2026/03/31;1800 UTC;0;1011,2;1011,2;1011,2;2416,2;30,6;21,4;30,6;30,6;21,4;21,4;54;54;54;125;6,9;4,3;
2026/03/31;1900 UTC;0;1011;1011;1011;1635,4;29,2;20,7;29,2;29,2;20,7;20,7;57;57;57;123;9,2;4,1;
2026/03/31;2000 UTC;0;1011;1011;1011;859,4;28,1;19,7;28,1;28,1;19,7;19,7;58;58;58;112;7,7;4,3;
2026/03/31;2100 UTC;0;1010,9;1010,9;1010,9;73,4;26,1;19,4;26,1;26,1;19,4;19,4;67;67;67;108;8,5;4,8;
2026/03/31;2200 UTC;0;1011,3;1011,3;1011,3;0;24,6;20;24,6;24,6;20;20;77;77;77;121;7;4;
2026/03/31;2300 UTC;0;1012;1012;1012;0;23,8;20,2;23,8;23,8;20,2;20,2;82;82;82;108;4,6;3,3;
2026/04/01;0000 UTC;0;1012,6;1012,6;1012,6;0;23;19,7;23;23;19,7;19,7;83;83;83;117;5,9;4,3;
2026/04/01;0100 UTC;0;1012,9;1013,1;1012,6;0;22,7;19,9;23;22,6;20;19,7;87;84;86;113;6,7;3,3;
2026/04/01;0200 UTC;0;1013;1013,1;1013;0;22,4;20;22,6;22,2;20;19,8;89;87;88;114;5,1;2,8;
2026/04/01;0300 UTC;0;1012,7;1013;1012,6;0;22;19,7;22,2;21,8;19,8;19,6;89;88;88;115;5,3;3;
2026/04/01;0400 UTC;0;1012,5;1012,6;1012,3;0;21,6;19,5;21,8;21,3;19,6;19,4;90;89;90;110;4,1;2,3;
2026/04/01;0500 UTC;0;1012,1;1012,3;1011,8;0;21;19,3;21,3;20,7;19,4;19,2;93;90;91;129;1,8;1;
2026/04/01;0600 UTC;0;1011,5;1011,8;1011,2;0;20,5;19,1;20,6;20,4;19,3;19;94;92;93;130;3;1,6;
2026/04/01;0700 UTC;0;1011;1011,2;1010,8;0;20,3;18,9;20,5;20;19;18,8;94;92;93;130;2,5;1,3;
2026/04/01;0800 UTC;0;1010,6;1010,8;1010,5;0;19,8;18,8;20;19,7;18,9;18,7;95;94;95;115;2,4;1,2;
2026/04/01;0900 UTC;0;1010,8;1011,1;1010,6;0;19,4;18,5;19,8;18,8;18,7;18,1;97;95;96;142;,8;,3;
2026/04/01;1000 UTC;0;1011,4;1011,8;1011,1;26,3;18,3;17,8;18,7;18,1;18;17,6;98;96;97;318;,8;,2;
2026/04/01;1100 UTC;0;1012,2;1012,4;1011,9;538,8;20,4;19,2;22,9;18,3;19,7;18;99;82;94;72;1,4;,5;
2026/04/01;1200 UTC;0;1012,5;1012,7;1012,4;1242,3;23,8;19,6;25,1;22,7;20,1;19,1;85;71;79;106;3,1;1,6;
2026/04/01;1300 UTC;0;1012,3;1012,6;1012;1990,6;25,5;19,2;26,9;24,8;20,1;18,5;76;60;69;134;3,1;1,1;
2026/04/01;1400 UTC;0;1011,9;1012,1;1011,8;2402;26,9;19;27,9;26,2;19,8;18,4;67;56;60;130;3,4;1,9;
2026/04/01;1500 UTC;0;1011,5;1011,7;1011,3;2885,1;28;19,3;28,6;27,2;20;18,8;60;52;57;102;4,8;1,8;
2026/04/01;1600 UTC;0;1010,8;1011,3;1010,2;3310,9;29,2;20,2;30,6;28;21,4;19,1;62;50;55;90;3,9;1,8;
2026/04/01;1700 UTC;0;1010;1010,2;1009,7;1744,1;29,3;20,2;30,1;28,7;21;19,6;57;51;54;129;3,3;1,5;
2026/04/01;1800 UTC;0;1009,4;1009,7;1009,2;1501;29,4;20,3;30;29,1;21,1;19,6;59;51;54;169;3,1;1,5;
2026/04/01;1900 UTC;0;1008,9;1009,2;1008,6;1670,7;30,1;20,5;30,8;29,7;21,2;19,8;56;49;52;149;4,3;1,9;
2026/04/01;2000 UTC;0;1008,5;1008,7;1008,3;1289,8;30,5;20,6;30,8;30,2;21,2;20,1;53;49;51;110;5,2;2,8;
2026/04/01;2100 UTC;0;1008,6;1009;1008,4;300,5;28,9;20,6;30,2;27,8;21,1;20;64;50;58;106;7,6;3,4;
2026/04/01;2200 UTC;0;1009,2;1009,5;1008,9;15,6;26,8;19,9;27,8;25,7;20,3;19,8;71;62;66;129;4,5;2,2;
2026/04/01;2300 UTC;0;1009,7;1009,9;1009,5;0;25,1;19,8;25,7;24,5;19,9;19,7;76;70;73;116;4,4;2,3;
2026/04/02;0000 UTC;0;1010,2;1010,6;1009,9;0;24;19,6;24,5;23,4;19,8;19,5;81;76;78;110;3,2;1,8;
2026/04/02;0100 UTC;0;1010,8;1011;1010,5;0;23;19,4;23,3;22,6;19,6;19,3;84;81;82;120;2,4;1,5;
2026/04/02;0200 UTC;0;1010,7;1010,9;1010,5;0;22,3;19,4;22,6;22,1;19,4;19,3;87;84;85;121;3,4;1,7;
2026/04/02;0300 UTC;0;1010,4;1010,5;1010,2;0;21,8;19,6;22,1;21,7;19,8;19,4;90;87;89;119;2,6;1,5;
2026/04/02;0400 UTC;0;1010,5;1010,6;1010,3;0;21,4;19,8;21,7;21,1;19,9;19,7;94;90;92;140;2;1;
2026/04/02;0500 UTC;0;1010,3;1010,5;1010,2;0;20,7;19,6;21,2;20,1;20;19,3;96;94;95;67;1;,4;
2026/04/02;0600 UTC;0;1010,3;1010,5;1010,2;0;20,2;19,5;20,5;20,1;19,7;19,3;97;96;97;297;1,1;,3;
2026/04/02;0700 UTC;0;1010,3;1010,4;1010,2;0;19,8;19,3;20,1;19,5;19,6;19;98;97;97;272;1,6;,3;
2026/04/02;0800 UTC;0;1010,2;1010,3;1010;0;19,5;19,1;19,8;19,2;19,5;18,7;99;98;98;53;1,8;1,1;
2026/04/02;0900 UTC;0;1010,4;1010,7;1010,2;0;19,8;19,4;19,9;19,6;19,5;19,1;98;97;98;232;1,3;,4;
2026/04/02;1000 UTC;0;1010,8;1011;1010,6;20,1;19,7;19,3;19,9;19,6;19,5;19,1;99;98;98;97;,8;,3;
2026/04/02;1100 UTC;0;1011,2;1011,4;1010,9;461,2;21,1;20,1;23,2;19,8;20,7;19,4;98;87;95;35;1,2;,7;
2026/04/02;1200 UTC;0;1011,4;1011,6;1011,3;1165,9;25;21,1;26,1;23,3;21,8;20,4;87;77;80;139;1,4;,7;
2026/04/02;1300 UTC;0;1011,6;1011,7;1011,6;1875,4;26,9;21;27,9;26,3;21,6;20,5;76;64;71;213;3;1,1;
2026/04/02;1400 UTC;0;1011,5;1011,7;1011,4;2441,5;28,5;20,5;29,2;27,8;21,2;20,1;66;56;60;298;4,9;2,5;
2026/04/02;1500 UTC;0;1011,6;1011,8;1011,4;2671;29,5;21,2;30,2;28,6;22,3;20,2;64;54;59;262;4,2;1,7;
2026/04/02;1600 UTC;0;1011;1011,4;1010,5;2997,5;30,3;21,5;30,9;29,6;22,2;20,9;60;52;56;224;6;3,2;
2026/04/02;1700 UTC;0;1010,1;1010,6;1009,6;2877,7;30,6;21,7;31,1;30;22,5;21,1;59;52;56;220;4;1,9;
2026/04/02;1800 UTC;0;1009,6;1009,7;1009,5;2558;31,1;22;31,8;30,7;22,8;21,4;57;52;54;261;5;1,8;
2026/04/02;1900 UTC;0;1009,7;1009,8;1009,5;2033,5;31,4;22,3;32,1;30,9;23,4;21,6;59;52;54;138;7,1;3;
2026/04/02;2000 UTC;0;1010,1;1010,4;1009,8;953,9;29,4;22,3;31,2;28,9;23,3;20,8;68;60;64;162;6,8;4;
2026/04/02;2100 UTC;0;1010,6;1010,7;1010,4;259,4;27,9;20,2;28,8;27,2;20,9;19,6;64;60;61;163;4,7;1,8;
2026/04/02;2200 UTC;0;1010,9;1011,1;1010,7;9,5;26,7;19,8;27,3;26,2;20,2;19,4;68;64;65;133;2,8;1,6;
2026/04/02;2300 UTC;0;1011,5;1011,8;1011,1;0;25,4;20,4;26,2;24,9;21,3;19,8;81;68;75;142;2,7;1,4;
2026/04/03;0000 UTC;0;1012,3;1012,3;1012,3;0;24,7;21,9;24,7;24,7;21,9;21,9;86;86;86;121;1,4;,9;
2026/04/03;0100 UTC;0;1012,5;1012,7;1012,3;0;24,2;21,8;24,7;23,2;22,1;21,4;92;86;88;174;,6;,3;
2026/04/03;0200 UTC;0;1012,8;1012,9;1012,7;0;23,3;21,9;23,8;22,8;22,2;21,4;95;91;93;121;2,6;1,8;
2026/04/03;0300 UTC;0;1013,1;1013,3;1012,9;0;23,7;22;23,9;23,6;22,1;21,9;92;91;92;120;2;1;
2026/04/03;0400 UTC;0;1013;1013,1;1012,8;0;23,4;22;23,7;23,1;22,1;21,8;94;92;93;136;1,5;,9;
2026/04/03;0500 UTC;0;1012,7;1012,8;1012,5;0;22,9;21,7;23,1;22,7;21,9;21,5;94;93;94;84;1,7;,9;
2026/04/03;0600 UTC;0;1012,6;1012,6;1012,5;0;22,4;21,4;22,8;21,9;21,7;20,9;96;94;95;187;1,9;1,1;
2026/04/03;0700 UTC;0;1012,5;1012,6;1012,3;0;21,5;20,9;22;20,9;21,3;20,3;98;96;97;191;1,1;,5;
2026/04/03;0800 UTC;0;1012,3;1012,5;1012,2;0;21,1;20,9;21,6;20,5;21,5;19,9;99;97;99;238;1,5;,9;
2026/04/03;0900 UTC;0;1012,3;1012,5;1012,3;0;21,2;20,9;21,3;20,9;21,1;20,7;99;99;99;37;1,8;1,3;
2026/04/03;1000 UTC;0;1012,9;1013,3;1012,5;19,3;21,3;21,1;21,8;20,6;21,7;20,3;99;98;99;111;2,1;,7;
2026/04/03;1100 UTC;0;1013,7;1014;1013,3;303,6;22,2;22;23;21,8;22,3;21,7;99;96;99;58;2,1;1,4;
2026/04/03;1200 UTC;0;1014,2;1014,3;1014;1065,5;24,4;22;25,4;23,1;22,3;21,6;95;83;88;152;2,9;1,8;
2026/04/03;1300 UTC;0;1014,3;1014,3;1014,2;1577,2;25,3;21,8;26,2;24,7;22,3;21,2;87;77;82;110;2,7;1,5;
2026/04/03;1400 UTC;0;1014,2;1014,3;1014,1;1695,5;26,7;21,2;27,7;26;21,9;20,4;77;68;72;108;2,7;,9;
2026/04/03;1500 UTC;0;1014;1014,2;1013,6;2670,2;28,1;21,5;28,9;26,9;22;21,1;71;63;67;113;3,4;1,1;
2026/04/03;1600 UTC;0;1013,5;1013,6;1013,3;2246,7;28,9;21,9;29,6;28,2;23,3;21,3;71;62;65;191;3;1,6;
2026/04/03;1700 UTC;0;1012,9;1013,3;1012,5;2105;29,7;21,9;30,7;29;23,2;21,2;65;57;61;151;2;1;
2026/04/03;1800 UTC;0;1012,2;1012,5;1012;1987,6;30,2;22,6;31;29,5;23,5;21,8;66;58;62;174;4,3;2,1;
2026/04/03;1900 UTC;0;1012;1012,1;1011,9;1479,3;29,7;22,7;30,4;29;23,4;21,9;69;58;65;162;3,8;1,4;
2026/04/03;2000 UTC;0;1011,9;1012,1;1011,8;918,9;29,7;22,7;30,4;29,2;23,4;22,2;68;61;65;108;5;2,6;
2026/04/03;2100 UTC;0;1012,1;1012,3;1012;299,1;28,6;22;29,4;27,6;23,1;21,4;70;64;67;138;4,1;1,9;
2026/04/03;2200 UTC;0;1012,6;1012,9;1012,2;11,5;26,9;20,3;27,6;26,1;21,6;19,1;71;65;67;125;4,4;2,3;
2026/04/03;2300 UTC;0;1013,2;1013,5;1012,9;0;25,5;18,7;26,1;25;19,1;18,6;69;64;66;116;3,4;1,9;
2026/04/04;0000 UTC;0;1013,8;1014,1;1013,6;0;24,4;20,1;25;24;20,9;18,9;85;69;78;112;4,4;2,6;
2026/04/04;0100 UTC;0;1014,4;1014,6;1014,2;0;23,5;20,8;24;23,1;20,9;20,7;88;84;86;109;4,4;2;
2026/04/04;0200 UTC;0;1014,6;1014,7;1014,5;0;23;21;23,1;22,8;21,1;20,8;91;89;90;121;3,5;1,7;
2026/04/04;0300 UTC;0;1014,6;1014,7;1014,5;0;22,7;21,3;22,8;22,6;21,5;21,1;94;92;93;119;2,5;1,4;
2026/04/04;0400 UTC;0;1014,5;1014,7;1014,3;0;22,4;21,4;22,7;21,9;21,5;20,9;96;94;95;56;2,1;1,4;
2026/04/04;0500 UTC;0;1014,3;1014,5;1014;0;22,1;21,3;22,1;22;21,4;21,2;97;96;96;110;1;,5;
2026/04/04;0600 UTC;0;1013,9;1014;1013,7;0;21,5;21;21,9;20,9;21,2;20,3;98;96;98;42;1;,7;
2026/04/04;0700 UTC;0;1013,5;1013,9;1013,3;0;20,9;20,6;21,2;20,7;20,9;20,2;99;97;98;79;1,5;,7;
2026/04/04;0800 UTC;0;1013,2;1013,4;1013,1;0;20,2;19,8;21,1;19,7;20,7;19,3;99;98;98;187;,8;,5;
2026/04/04;0900 UTC;0;1013,2;1013,4;1013,1;0;19,8;19,5;20,2;19,5;20,1;19,2;99;98;99;54;1,2;,4;
2026/04/04;1000 UTC;0;1013,5;1014;1013,2;18,1;19,3;19;19,6;19,1;19,4;18,7;99;98;99;310;1,7;1;
2026/04/04;1100 UTC;0;1014,3;1014,6;1014;448,4;20,3;19,9;21,9;19,2;21,3;18,9;99;96;98;281;1;,6;
2026/04/04;1200 UTC;0;1014,7;1014,8;1014,6;1225,6;23,5;21,3;24,8;21,9;21,9;21;96;83;89;247;2,4;1,2;
2026/04/04;1300 UTC;0;1014,8;1014,8;1014,7;1969;25,8;21,5;27,1;24,7;22,1;21;84;72;78;254;3,2;1,2;
2026/04/04;1400 UTC;0;1014,7;1014,9;1014,6;1356,6;27;21,7;27,9;26,6;22,1;21,4;77;69;74;245;2,9;,9;
2026/04/04;1500 UTC;0;1014,5;1014,8;1014,1;2744,9;28,8;22,3;29,9;27,2;23,5;21,7;73;61;67;273;3,6;2;
2026/04/04;1600 UTC;0;1013,9;1014,1;1013,8;2999,2;30,4;22,4;30,9;29,9;23;21,8;65;57;60;262;4,7;2,4;
2026/04/04;1700 UTC;0;1013,7;1013,9;1013,3;2528,3;31;22,6;31,6;30,4;23,2;21,8;63;54;58;268;4,7;2,4;
2026/04/04;1800 UTC;0;1013;1013,3;1012,8;2355,2;31,7;22,4;32,6;31;23,1;22;57;48;53;258;6,2;2,6;
2026/04/04;1900 UTC;0;1012,9;1013,3;1012,6;1789,9;31,8;22,6;32,4;31;23,1;22,2;59;51;54;265;5,8;2,9;
2026/04/04;2000 UTC;0;1013;1013,1;1012,8;617,5;30,1;22,3;30,8;29,3;23;21,9;64;58;61;220;4,4;2,3;
2026/04/04;2100 UTC;0;1013,2;1013,9;1012,8;204,6;28,6;21,5;29,4;27,8;22,2;21,1;68;62;65;224;3,4;1,7;
2026/04/04;2200 UTC;0;1014,6;1015;1013,9;4,2;26,8;22,1;27,8;25,8;22,8;21,1;82;67;77;170;7,7;4,7;
2026/04/04;2300 UTC;0;1015,2;1015,7;1015;0;25,5;22;25,8;25,1;22,4;21,6;85;79;83;126;8,5;3,2;
2026/04/05;0000 UTC;0;1016,3;1017;1015,7;1,5;24,4;21,6;25,1;23,2;21,9;20,4;89;82;86;159;8,2;3,9;
2026/04/05;0100 UTC;0;1017,2;1017,6;1016,7;0;22,5;20;23,1;22,3;20,7;19,7;88;86;87;137;3;1,7;
2026/04/05;0200 UTC;0;1017,6;1017,8;1017,5;0;22,1;19,9;22,3;22;20;19,8;90;87;89;152;2,6;,6;
2026/04/05;0300 UTC;0;1017,9;1017,9;1017,8;0;22,2;20,3;22,7;22;20,4;20,1;92;89;90;153;3,4;1,6;
2026/04/05;0400 UTC;1;1018;1018,1;1017,8;0;22,1;20,8;22,7;21,5;21,1;20,5;98;89;94;146;4;2;
2026/04/05;0500 UTC;,8;1018,2;1018,3;1018,1;0;21,5;21,1;21,6;21,4;21,2;20,7;98;97;98;167;5,8;3,1;
2026/04/05;0600 UTC;,4;1018,4;1018,6;1018,3;0;21,2;20,4;21,4;21;20,7;20,2;97;95;96;165;5,4;2,7;
2026/04/05;0700 UTC;0;1018,5;1018,6;1018,3;0;21;20,2;21;20,9;20,3;19,8;96;94;96;157;4,6;2,4;
2026/04/05;0800 UTC;0;1018,5;1018,6;1018,3;0;20,8;19,9;21;20,6;20;19,7;97;93;96;149;4,3;2,5;
2026/04/05;0900 UTC;0;1018,9;1019,4;1018,5;0;20,5;19,7;20,6;20,4;20;19,5;97;95;96;152;4,6;2,1;
2026/04/05;1000 UTC;0;1019,9;1020,2;1019,4;7,1;20,5;19,4;20,6;20,5;19,6;19,2;95;93;94;165;4,4;2,3;
2026/04/05;1100 UTC;0;1020,5;1020,9;1020,2;83,9;20,4;19,1;20,5;20,4;19,4;18,6;95;91;93;162;6,5;3,8;
2026/04/05;1200 UTC;,2;1021,4;1021,6;1021;298,8;20,2;18,8;20,4;19,9;19,2;18,5;95;91;93;145;6,7;2,8;
2026/04/05;1300 UTC;0;1021,7;1021,8;1021,6;704,2;20,5;18,6;21,2;20,1;19,2;17,9;95;85;90;155;7,1;3,7;
2026/04/05;1400 UTC;0;1021,5;1021,7;1021,4;1123;21,9;17,7;22,3;21,2;18,6;17;86;74;79;140;6;3,3;
2026/04/05;1500 UTC;0;1021,5;1021,7;1021,4;696,5;22,2;16,7;22,7;22,1;17,2;16,2;76;70;72;146;6,3;3,2;
2026/04/05;1600 UTC;0;1021,1;1021,4;1020,8;1211,4;22,9;16,7;23,5;22,5;17,2;16,1;72;66;69;139;6,3;3,2;
2026/04/05;1700 UTC;0;1020,6;1020,8;1020,4;1000,9;23,1;16,3;23,4;22,8;16,9;15,9;68;63;66;143;7,4;3,8;
2026/04/05;1800 UTC;0;1020,3;1020,5;1020,1;618,9;23;16;23,2;22,7;16,4;15,6;67;64;65;135;8,4;4,5;
2026/04/05;1900 UTC;0;1020,3;1020,5;1020,2;475,8;22,4;15,7;22,7;22,3;16,4;15,1;69;64;67;122;8,1;4,4;
2026/04/05;2000 UTC;0;1020,4;1020,5;1020,2;380,1;22,3;15,3;22,4;22,2;15,5;15;66;63;65;125;6;2,9;
2026/04/05;2100 UTC;0;1020,4;1020,6;1020,2;100,9;22;15,2;22,2;21,7;15,6;15;67;65;66;125;4,9;2,9;
2026/04/05;2200 UTC;0;1020,6;1020,7;1020,3;4,3;21,4;15,1;21,7;21,1;15,3;14,9;71;66;68;117;4,9;2,3;
2026/04/05;2300 UTC;0;1020,8;1021;1020,6;0;21;15;21,2;20,9;15,2;14,7;71;69;70;123;5,2;2,1;
2026/04/06;0000 UTC;0;1020,8;1020,9;1020,7;0;20,7;14,8;20,9;20,5;15,1;14,6;73;69;70;118;4,3;1,9;
2026/04/06;0100 UTC;0;1020,8;1021;1020,7;0;20,2;15,2;20,4;20;15,4;15;77;73;75;132;3,4;1,9;
2026/04/06;0200 UTC;0;1020,7;1020,8;1020,5;0;20,1;15,5;20,2;20;15,9;15,4;79;76;77;92;2,9;1,1;
2026/04/06;0300 UTC;0;1020,7;1020,9;1020,4;0;20,4;15,6;20,6;20,2;15,9;15,4;79;74;76;109;3,8;1,9;
2026/04/06;0400 UTC;0;1020,4;1020,6;1020,3;0;20,6;15,8;20,6;20,6;16,2;15,5;78;74;76;101;3,3;1,4;
2026/04/06;0500 UTC;0;1019,9;1020,4;1019,4;0;20,5;16,4;20,6;20,3;16,6;16,1;82;78;80;120;5,2;2,4;
2026/04/06;0600 UTC;0;1019,3;1019,7;1019;0;20,1;16,9;20,3;20,1;17;16,7;85;82;84;132;5,9;2,9;
2026/04/06;0700 UTC;0;1019;1019,3;1018,8;0;20,5;17;20,6;20,1;17,2;16,9;84;82;83;106;6,1;2,6;
2026/04/06;0800 UTC;0;1019;1019,3;1018,7;0;20,6;17,3;20,7;20,5;17,4;17,2;85;83;84;103;5,1;2,4;
2026/04/06;0900 UTC;0;1018,8;1019,1;1018,6;0;20,4;17,6;20,5;20,3;17,6;17,4;86;85;86;138;4,2;2,2;
2026/04/06;1000 UTC;0;1018,8;1019,1;1018,6;8,7;20,2;17,8;20,3;20,2;18;17,6;88;87;88;117;3,5;1,8;
2026/04/06;1100 UTC;0;1019,1;1019,2;1019;233,4;20,7;18,3;21,3;20,4;18,6;18;89;86;88;104;4,8;2,2;
2026/04/06;1200 UTC;0;1019,1;1019,3;1019;704;22;18,7;22,6;21,3;19;18,6;87;80;83;111;6,5;3,1;
2026/04/06;1300 UTC;0;1019,2;1019,4;1018,9;1842,4;24,1;19,2;25,7;22,7;19,8;18,8;81;68;75;110;7,6;3,3;
2026/04/06;1400 UTC;0;1018,6;1019;1018,2;2486,1;25,8;19,3;26,6;25,2;19,8;18,9;70;63;67;125;7;4,7;
2026/04/06;1500 UTC;0;1017,9;1018,2;1017,4;2488,2;26,5;19,6;27,3;25,9;20,2;19,2;68;63;65;122;6,2;3,2;
2026/04/06;1600 UTC;0;1016,7;1017,4;1016;2817,3;27,6;20;28,4;27;20,6;19,4;65;59;62;121;7,8;4,1;
2026/04/06;1700 UTC;0;1015,5;1016;1015,1;2867,7;28,3;20,4;28,6;28;20,9;20;62;58;60;123;8,4;4,5;
2026/04/06;1800 UTC;0;1014,8;1015;1014,5;2469,3;28,3;20,3;28,8;28;20,8;20,1;63;59;60;122;8,9;5,9;
2026/04/06;1900 UTC;0;1014,6;1014,8;1014,5;1869,4;28,1;20,4;28,3;27,8;20,8;20,2;64;61;62;107;9,7;4,8;
2026/04/06;2000 UTC;0;1014,1;1014,5;1013,8;1071,3;27,2;20,2;27,9;26,8;20,5;20,1;68;63;65;113;9,5;5,2;
2026/04/06;2100 UTC;0;1013,9;1014;1013,6;198,1;26;20,1;26,8;25,3;20,3;19,9;73;67;71;113;7,2;3,8;
2026/04/06;2200 UTC;0;1014,1;1014,4;1013,7;6,3;24,7;19,8;25,3;24,2;20;19,7;77;73;76;110;8;4;
2026/04/06;2300 UTC;0;1014,8;1015,1;1014,3;0;24;19,6;24,2;23,9;19,7;19,5;78;77;78;107;6,4;3,4;
2026/04/07;0000 UTC;0;1015,3;1015,5;1015,1;0;23,8;19,6;23,9;23,3;20,2;19,4;84;78;79;112;5;2;
2026/04/07;0100 UTC;,2;1015,7;1016,1;1015,4;0;23,1;20,4;23,3;23;20,6;20,2;88;85;87;103;3,6;1,6;
2026/04/07;0200 UTC;,2;1016,5;1016,8;1016,2;0;23;20,7;23,2;22,5;21,1;20,6;93;87;89;117;3;1,5;
2026/04/07;0300 UTC;1;1015,8;1016,5;1015,1;0;22,2;21;22,5;22,1;21,1;20,9;95;93;94;96;5,1;1,9;
2026/04/07;0400 UTC;0;1014,4;1015,1;1014;0;22,1;20,7;22,2;22;20,9;20,4;94;92;93;109;5,7;2,8;
2026/04/07;0500 UTC;0;1013,8;1014;1013,6;0;21,9;20,3;22;21,9;20,4;20,2;93;91;92;110;4,8;2,1;
2026/04/07;0600 UTC;,2;1013,5;1013,8;1013,1;0;21,9;20,4;22;21,8;20,5;20,3;93;92;93;118;4,3;2,1;
2026/04/07;0700 UTC;0;1012,4;1013,1;1011,6;0;21,8;20,5;21,9;21,8;20,6;20,4;94;93;93;111;4,2;2;
2026/04/07;0800 UTC;0;1011,6;1011,8;1011,5;0;21,9;20,5;22;21,8;20,6;20,5;94;93;93;106;2;1;
2026/04/07;0900 UTC;0;1011,3;1011,6;1011;0;22,1;20,7;22,3;22;20,9;20,6;93;93;93;101;2,4;,9;
2026/04/07;1000 UTC;0;1011,3;1011,5;1011;2,8;22,3;20,9;22,5;22,2;20,9;20,8;93;92;93;103;3,2;1,3;
2026/04/07;1100 UTC;0;1011,7;1012,6;1011,2;47,1;22,7;21;23;22,4;21,4;20,9;95;90;92;265;2,3;1,3;
2026/04/07;1200 UTC;,6;1012,9;1013,2;1012,7;184,7;22,6;21,6;22,8;22,4;21,8;21,4;96;93;95;279;3,6;1,2;
2026/04/07;1300 UTC;,2;1013,2;1013,4;1012,9;253,6;22,3;21,4;22,5;22;21,7;21,1;96;94;95;299;6,3;2;
2026/04/07;1400 UTC;,8;1013,4;1013,6;1013,3;176,6;21,9;21,1;22,1;21,5;21,4;20,7;97;95;96;301;3,8;1,9;
2026/04/07;1500 UTC;,4;1012,6;1013,3;1011,7;272,1;21,5;20,7;21,6;21,4;20,9;20,6;97;96;96;69;1,3;,5;
2026/04/07;1600 UTC;0;1010,9;1011,7;1010,3;648,3;22,1;20,8;22,6;21,6;21,1;20,4;96;89;93;282;2,5;1,2;
2026/04/07;1700 UTC;,6;1010,4;1010,6;1009,9;347,4;22,6;21,1;22,7;22,3;21,4;20,9;94;91;93;229;2,2;,7;
2026/04/07;1800 UTC;,8;1009,2;1010;1008,6;721,7;22,6;21,2;23;22,2;21,9;20,7;95;90;93;183;1,9;,9;
2026/04/07;1900 UTC;0;1007,7;1008,6;1007,2;873,9;23,2;21;23,5;22,9;21,7;20,6;92;87;89;101;2,9;1,4;
2026/04/07;2000 UTC;5,6;1007,7;1009,4;1006,6;198,8;22,8;21;23,5;21,3;21,5;20,6;97;88;91;185;7,8;1,9;
2026/04/07;2100 UTC;1,2;1007,1;1007,8;1006,5;25,4;21,5;21;21,8;21,3;21,2;20,6;98;97;98;51;5;3,3;
2026/04/07;2200 UTC;0;1006;1006,4;1005,1;,8;22;21;22,2;21,8;21,3;20,6;97;92;95;42;4,7;3,2;
2026/04/07;2300 UTC;,2;1005,3;1006;1004,6;0;22,2;20,2;22,6;21,8;20,7;19,9;93;86;90;71;5;2,8;
2026/04/08;0000 UTC;0;1006;1006,7;1005;0;22,1;20,1;22,6;21,7;20,3;19,8;93;86;90;314;5,1;2,7;
2026/04/08;0100 UTC;0;1006,9;1007,1;1006,7;0;22,3;19,9;22,5;22,2;20,2;19,6;90;86;88;324;5,1;2,9;
2026/04/08;0200 UTC;0;1007,1;1007,2;1006,9;0;22,3;19,4;22,5;22,2;19,6;19,2;86;84;85;326;5,3;2,9;
2026/04/08;0300 UTC;0;1006,8;1006,9;1006,5;0;22,4;19,2;22,7;22,2;19,4;19;86;81;84;314;5,7;3,2;
2026/04/08;0400 UTC;0;1006,5;1006,7;1006,4;0;22,5;19,1;22,8;22,3;19,3;18,9;85;81;83;326;4,9;2,4;
2026/04/08;0500 UTC;0;1006,3;1006,5;1006,1;,1;22,3;19,3;22,6;21,7;19,8;19,1;90;83;85;289;7,5;2,7;
2026/04/08;0600 UTC;0;1006;1006,2;1005,9;0;21,7;19,5;21,8;21,6;19,8;19,3;91;88;89;326;3,8;2,2;
2026/04/08;0700 UTC;0;1005,9;1006;1005,8;0;21,8;19,5;22;21,5;19,7;19,4;90;88;89;323;6;2,8;
2026/04/08;0800 UTC;0;1006,2;1006,5;1006;0;21,9;19,7;22,1;21,3;20;19,6;94;87;89;306;6,6;3,3;
2026/04/08;0900 UTC;,2;1006,7;1006,9;1006,5;0;21,2;19,7;21,3;21,1;20;19,4;94;90;93;310;6,9;3,1;
2026/04/08;1000 UTC;0;1007,1;1007,4;1006,9;10,8;21;19,4;21,3;20,8;19,6;19,2;93;91;92;287;5,2;2,2;
2026/04/08;1100 UTC;0;1007,8;1008,3;1007,4;197,4;21,2;19,3;21,8;20,7;19,5;19,1;93;87;91;284;5,2;2,6;
2026/04/08;1200 UTC;0;1008,9;1009,2;1008,3;485,4;21,3;19,1;22,2;21;19,4;18,7;91;84;89;295;6,8;3,6;
2026/04/08;1300 UTC;0;1009;1009,2;1008,8;1307,8;22,6;18,4;23,7;22,2;19;17,9;84;73;79;290;11,4;6;
2026/04/08;1400 UTC;0;1009,3;1009,5;1009;1964,8;23,3;17,8;24,2;22,1;18,5;17,1;80;67;73;282;11,5;5,7;
2026/04/08;1500 UTC;0;1009,4;1009,6;1009,2;1610,4;23,6;17,6;24,2;23,2;18,1;17,2;72;67;70;282;11,5;5,8;
2026/04/08;1600 UTC;0;1009,2;1009,4;1008,7;2283,4;24,4;17,8;24,8;23,9;18,5;17,2;69;64;67;271;12,5;6;
2026/04/08;1700 UTC;0;1009;1009,2;1008,7;2770,4;24,7;17,4;25,2;24,3;17,9;16,9;66;61;63;264;12,5;6,3;
2026/04/08;1800 UTC;0;1008,9;1009,1;1008,7;2254,2;24,6;17,5;25,2;24;18;17;67;61;64;270;10,5;5,4;
2026/04/08;1900 UTC;0;1008,9;1009,1;1008,5;1807;24,7;17,2;25;24,2;17,5;16,8;64;60;62;281;11,3;5,9;
2026/04/08;2000 UTC;0;1008,9;1009,1;1008,7;1064,4;24,3;17;24,6;23,9;17,4;16,8;65;62;64;288;10,9;4,6;
2026/04/08;2100 UTC;0;1009,4;1009,7;1009;346,6;23,4;17;24,1;22,6;17,1;16,9;72;64;68;281;7,6;3,5;
2026/04/08;2200 UTC;0;1010;1010,4;1009,7;6,4;22,4;17;22,7;22,2;17,2;16,9;74;71;73;287;7,7;2,4;
2026/04/08;2300 UTC;0;1010,8;1011,3;1010,4;0;21,8;17,1;22,2;21,3;17,2;17;78;74;76;286;6,6;3,2;
2026/04/09;0000 UTC;0;1011,5;1011,8;1011,3;0;20,9;17,1;21,4;20,5;17,2;17;84;78;81;294;4,2;1,9;
2026/04/09;0100 UTC;0;1012;1012,2;1011,8;0;21;17,2;21,1;20,6;17,3;17,1;83;80;81;289;5;2,6;
2026/04/09;0200 UTC;0;1012,3;1012,5;1012,2;0;20,7;17,3;21,1;20,3;17,3;17,2;85;81;83;279;3,7;2,1;
2026/04/09;0300 UTC;0;1012,6;1012,7;1012,5;0;20,2;17,5;20,4;20;17,7;17,3;89;85;87;286;4,5;2,1;
2026/04/09;0400 UTC;0;1012,9;1013;1012,6;0;19,9;17,9;20;19,8;18,1;17,7;91;89;90;275;4,3;1,8;
2026/04/09;0500 UTC;0;1013,1;1013,3;1012,9;0;19,3;17,9;19,8;18,8;18;17,8;95;91;93;298;3;1,7;
2026/04/09;0600 UTC;0;1013,4;1013,4;1013,3;0;18,5;17,6;18,8;18,1;17,9;17,4;96;95;96;286;3,7;1,7;
2026/04/09;0700 UTC;0;1013,3;1013,4;1013,2;0;18;17,4;18,1;17,8;17,5;17,2;97;96;97;282;2,8;1,4;
2026/04/09;0800 UTC;0;1013,6;1014;1013,3;0;17,6;17,1;18;17,4;17,3;16,9;98;97;97;296;3;1,1;
2026/04/09;0900 UTC;0;1014,4;1015;1014;0;17,1;16,7;17,4;16,8;17;16,4;98;98;98;290;2;1;
2026/04/09;1000 UTC;0;1015,5;1016;1015;13,5;16,5;16,3;16,8;16,4;16,5;16,1;99;98;99;304;2,5;1;
2026/04/09;1100 UTC;0;1016,6;1017,1;1016,1;465,8;17,2;16,7;18,2;16,5;17,1;16,2;99;94;97;276;4,6;1,9;
2026/04/09;1200 UTC;0;1017,4;1017,7;1017,1;1202;19,2;16;19,7;18,3;17;15,1;94;77;84;259;6,5;2,9;
2026/04/09;1300 UTC;0;1017,8;1017,9;1017,6;1766,3;20,4;15,1;20,9;19,7;15,8;14,5;81;70;74;257;6,7;3,8;
2026/04/09;1400 UTC;0;1017,8;1018;1017,6;2269,3;21,3;15;22,1;20,2;15,6;14,5;74;63;68;283;7,3;4;
2026/04/09;1500 UTC;0;1017,5;1017,7;1017,2;2730,6;22,6;15,2;23,5;21,8;15,8;14,5;66;55;63;265;7,3;4,1;
2026/04/09;1600 UTC;0;1017,1;1017,3;1016,9;2986,2;23,6;15,1;24,1;23,2;15,8;14,4;62;53;57;264;6,8;3,6;
2026/04/09;1700 UTC;0;1016,6;1017;1016,2;2854,4;24,1;14,8;24,9;23,3;15,9;14,1;57;49;53;275;8,4;3,6;
2026/04/09;1800 UTC;0;1016;1016,3;1015,7;2405,2;24,5;14,7;25;23,5;15,3;14,1;55;49;51;254;6,9;4,1;
2026/04/09;1900 UTC;0;1015,6;1015,8;1015,5;1904,1;24,8;14,9;25,1;24,4;15,3;14,3;53;49;51;266;6,4;2,9;
2026/04/09;2000 UTC;0;1015,8;1016;1015,7;1119,1;24,6;14,9;25;23,8;15,5;14,5;55;49;52;285;5,1;2,2;
2026/04/09;2100 UTC;0;1016,2;1016,3;1015,9;106,5;22,9;14,7;23,8;21,9;15;14,1;65;53;59;244;2,4;1,4;
2026/04/09;2200 UTC;0;1016,5;1016,8;1016,3;2,9;21,2;15,4;21,9;20,4;16,3;14,2;78;65;71;160;2,7;1;
2026/04/09;2300 UTC;0;1017;1017,2;1016,8;0;20,4;16;20,8;19,9;16,2;15,5;81;74;78;122;2,7;1,5;
2026/04/10;0000 UTC;0;1017,4;1017,7;1017,2;0;19;16;20;17,7;16,3;15,8;92;80;85;104;1,5;,6;
2026/04/10;0100 UTC;1,2;1017,9;1018,2;1017,7;0;17,4;16;18,2;17;16,9;15,8;97;91;93;233;2,9;1,1;
2026/04/10;0200 UTC;0;1018,1;1018,3;1018;0;18,1;17,2;18,4;17,4;17,6;16,8;97;92;96;272;1;,5;
2026/04/10;0300 UTC;0;1018,3;1018,4;1018,2;0;18;17,2;18,5;17,4;17,6;16,9;98;93;96;79;2,2;1;
2026/04/10;0400 UTC;0;1018,4;1018,5;1018,2;0;18,4;17,1;18,7;17,8;17,3;16,6;97;90;93;225;,7;,4;
2026/04/10;0500 UTC;0;1018,5;1018,6;1018,4;0;17,6;17,1;17,7;17,4;17,2;17;98;97;98;306;1,3;,8;
2026/04/10;0600 UTC;0;1018,5;1018,6;1018,3;0;16,9;16,6;17,5;16,4;17,2;16,1;99;98;98;266;1;,6;
2026/04/10;0700 UTC;0;1018,3;1018,4;1018,2;0;16,4;16,2;16,6;16,2;16,5;16;99;99;99;308;1,7;1,1;
2026/04/10;0800 UTC;0;1018,6;1018,8;1018,4;0;16,9;16,8;17,2;16,7;17;16,5;99;99;99;203;,8;,3;
2026/04/10;0900 UTC;0;1019,2;1019,7;1018,8;0;16,6;16,3;17;16,2;16,8;15,9;99;98;99;293;1,8;,9;
2026/04/10;1000 UTC;0;1020;1020,3;1019,7;8;16;15,7;16,2;15,9;15,9;15,6;99;98;99;283;1,2;,8;
2026/04/10;1100 UTC;0;1020,5;1020,9;1020,2;294,1;16,1;15,8;17;15,7;16,5;15,5;99;97;98;313;1,6;,8;
2026/04/10;1200 UTC;0;1021,1;1021,2;1020,9;1221,7;18,6;16,4;19,7;17;16,9;15,9;97;82;89;276;1,9;,9;
2026/04/10;1300 UTC;0;1021,3;1021,4;1021,2;1892,6;20,4;16,2;21;19,6;17,1;15,6;84;75;79;269;2,4;1,3;
2026/04/10;1400 UTC;0;1021,3;1021,3;1021,2;1900,4;21,2;15,3;22;20,7;16,5;14,2;77;62;71;229;3,1;1,5;
2026/04/10;1500 UTC;0;1021,1;1021,2;1020,9;2708,1;22,7;14,8;23,5;22;16,5;14;66;55;60;209;3,8;1,8;
2026/04/10;1600 UTC;0;1020,5;1020,9;1020,2;2452,2;23,3;14,3;23,8;22,6;15,4;13,5;61;50;55;167;5,4;2,7;
2026/04/10;1700 UTC;0;1019,9;1020,2;1019,6;1511,4;23,2;14;24,3;22,7;14,9;13,2;58;50;54;169;4,4;2,1;
2026/04/10;1800 UTC;0;1019,5;1019,6;1019,3;1022,4;23,2;13,6;23,8;23;14,9;13;56;49;52;183;3,5;1,6;
2026/04/10;1900 UTC;0;1019,2;1019,4;1019,1;1904,1;24,2;13,9;24,5;23,4;14,9;13,2;54;45;49;156;4,3;2;
2026/04/10;2000 UTC;0;1019,1;1019,3;1019;1124,6;23,7;13,6;24,3;23,2;14,2;13;52;46;49;155;5,3;3,3;
2026/04/10;2100 UTC;0;1019,4;1019,5;1019,3;363,7;22,3;12,7;23,2;21;13,4;12,2;58;48;52;151;4,2;2,5;
2026/04/10;2200 UTC;0;1019,6;1019,9;1019,3;3,9;20,1;12,6;20,9;19,5;12,7;12,4;66;57;63;99;2,6;1,3;
2026/04/10;2300 UTC;0;1020,2;1020,4;1019,9;0;19,1;12,5;19,5;18,5;12,9;12,4;70;65;67;99;2,4;1,3;
2026/04/11;0000 UTC;0;1020,7;1020,7;1020,4;0;18,2;12,3;18,5;17,8;12,5;12,1;72;70;71;113;3,2;1,6;
2026/04/11;0100 UTC;0;1020,8;1021;1020,7;0;17,2;12,1;17,8;16,9;12,4;11,9;77;71;74;124;2,7;1,6;
2026/04/11;0200 UTC;0;1021;1021,1;1021;0;16,1;12,5;16,8;15,4;13;11,9;88;75;82;129;2,2;1,3;
2026/04/11;0300 UTC;0;1020,8;1021;1020,7;0;15,9;12,8;16,1;15,6;13,1;12,6;86;84;85;120;2,2;1,5;
2026/04/11;0400 UTC;0;1020,5;1020,7;1020,3;0;15,7;12,9;15,9;15,6;13,1;12,7;88;84;86;124;2,1;1,2;
2026/04/11;0500 UTC;0;1020,3;1020,4;1020,1;0;14,5;13;15,5;13,7;13,2;12,7;96;88;92;159;1,3;,8;
2026/04/11;0600 UTC;0;1019,9;1020,1;1019,8;0;13,6;13,1;13,9;13,3;13,5;12,7;98;96;97;117;1,8;,9;
2026/04/11;0700 UTC;0;1019,8;1019,9;1019,8;0;13,5;12,8;13,9;13,2;13,3;12,6;97;96;96;60;1,4;,7;
2026/04/11;0800 UTC;0;1019,7;1019,8;1019,7;0;13,5;12,9;13,8;13,1;13,3;12,2;98;95;97;61;,7;,4;
2026/04/11;0900 UTC;0;1020;1020,2;1019,8;0;12,8;12,3;13,3;12,4;12,7;12;99;97;98;212;,9;,3;
2026/04/11;1000 UTC;0;1020,4;1020,5;1020,2;10,7;12,5;12,2;13,2;11,9;13;11,5;99;98;98;91;1;,7;
2026/04/11;1100 UTC;0;1020,6;1020,8;1020,4;463,4;14,9;14;17,2;13,2;15,2;13;99;85;96;113;2,3;1,1;
2026/04/11;1200 UTC;0;1020,9;1021;1020,7;1175,4;18,2;14,5;19,4;17,3;15,1;14;85;76;81;79;3,3;1,7;
2026/04/11;1300 UTC;0;1020,9;1021;1020,7;1895,6;21,2;14,9;22,4;19,5;15,5;14,2;77;61;69;125;4,7;2,6;
2026/04/11;1400 UTC;0;1020,5;1020,8;1020,3;2451,8;23,6;15,6;24,6;22,5;16,5;14,8;65;54;60;108;4,9;2,6;
2026/04/11;1500 UTC;0;1020,2;1020,4;1020;2823;25,4;16,1;26,2;24,6;17,1;15,2;58;49;53;65;4,4;2,2;
2026/04/11;1600 UTC;0;1019,6;1019,9;1019,1;2912,4;26,7;16,8;27,5;26;18,1;16;54;48;50;66;5,5;2,5;
2026/04/11;1700 UTC;0;1018,4;1019,1;1017,8;2785,3;27,7;17,5;28,2;27,1;18,6;16,8;54;45;49;113;5,5;2,9;
2026/04/11;1800 UTC;0;1017,3;1017,7;1017;2417,5;28,7;18,1;29,1;28,2;18,6;17,5;50;43;47;112;5,3;2,7;
2026/04/11;1900 UTC;0;1016,9;1017,1;1016,8;1792,1;28,8;18,3;29,3;28,2;19;17,7;53;43;48;114;7,2;3,7;
2026/04/11;2000 UTC;0;1016,9;1017;1016,8;1049,2;27,4;18,6;28,2;26,7;19;18,4;60;52;56;124;9,1;4,3;
2026/04/11;2100 UTC;0;1017;1017,1;1016,8;297;25,6;18,5;26,6;24,3;18,9;18,3;70;60;65;120;6,2;3,3;
2026/04/11;2200 UTC;0;1017,1;1017,2;1016,9;3,3;23,3;18,2;24,2;22,4;18,4;18,1;79;70;75;118;6,1;2,7;
2026/04/11;2300 UTC;0;1017,5;1017,7;1017,2;0;22;18,1;22,4;21,6;18,2;18;82;79;80;119;5,6;3,2;
2026/04/12;0000 UTC;0;1017,8;1017,9;1017,7;0;21,1;17,9;21,6;20,8;18;17,8;85;82;84;114;5,2;2,6;
2026/04/12;0100 UTC;0;1018;1018,3;1017,8;0;20,5;17,7;20,8;20,4;17,8;17,5;86;85;86;119;4,2;1,9;
2026/04/12;0200 UTC;0;1018,4;1018,5;1018,3;0;20;17,5;20,4;19,8;17,7;17,4;89;86;88;130;3;2;
2026/04/12;0300 UTC;0;1018;1018,4;1017,8;0;20,2;17,2;20,3;19,9;17,4;17,1;87;84;85;122;3;1,7;
2026/04/12;0400 UTC;0;1018;1018,2;1017,8;0;20,1;17,2;20,2;20;17,3;17,1;86;85;86;117;3,3;1,8;
2026/04/12;0500 UTC;0;1018,1;1018,2;1017,8;0;20,1;17,2;20,1;20;17,3;17,2;87;85;86;124;2,3;,9;
2026/04/12;0600 UTC;0;1018,5;1018,9;1018,2;0;19,7;17,5;20,2;19,3;17,7;17,2;92;85;89;250;,9;,6;
2026/04/12;0700 UTC;1;1019,3;1020;1018,9;0;19,5;17,8;19,7;19,3;18,3;17,6;93;90;92;312;6,8;2,6;
2026/04/12;0800 UTC;1,6;1019,9;1020,1;1019,6;0;19,2;18,5;19,4;19,1;18,7;18,2;98;94;96;69;2;1,2;
2026/04/12;0900 UTC;1,2;1018,7;1019,6;1018;0;19,3;18,5;19,5;19,2;18,8;17,9;98;92;96;50;6,6;4,4;
2026/04/12;1000 UTC;0;1018,4;1019;1018;,5;19,4;18;19,5;19,3;18,2;17,8;94;92;93;112;2,2;,8;
2026/04/12;1100 UTC;,2;1019,5;1020;1019,1;76,8;19,2;18,4;19,4;19,2;18,6;18,1;96;94;96;151;2,5;1,5;
2026/04/12;1200 UTC;0;1020,3;1020,6;1019,8;346,4;19,8;18,7;20,4;19,4;19,1;18,5;96;90;94;113;2,7;1,3;
2026/04/12;1300 UTC;0;1019,7;1020,1;1019,2;1290,2;21,5;18,3;22,5;20,5;18,8;17,5;91;75;84;76;3,4;1,7;
2026/04/12;1400 UTC;0;1019,3;1019,6;1019;1576,2;23,2;17,3;24;22,5;18,2;16,1;76;61;70;208;3,6;1,3;
2026/04/12;1500 UTC;0;1019;1019,5;1018,6;1511,6;24,2;16,9;24,6;23,8;17,7;16;68;60;64;306;4,5;2,1;
2026/04/12;1600 UTC;0;1017,8;1018,6;1017,2;1329,2;24,6;17,1;25;24,4;17,8;16,1;66;58;63;58;2,8;1,3;
2026/04/12;1700 UTC;0;1017,1;1017,5;1016,9;1380,9;25,2;17,8;25,5;24,9;18,5;16,9;65;59;63;287;2,8;1,3;
2026/04/12;1800 UTC;0;1016,6;1016,9;1016,4;1189,9;25,7;18,1;25,9;25,6;18,9;17,6;66;59;62;284;3,8;1,4;
2026/04/12;1900 UTC;0;1016,4;1016,5;1016,3;1119,7;25,9;18,2;26,1;25,7;19;17,5;65;59;62;305;4,1;1,8;
2026/04/12;2000 UTC;0;1016,5;1016,6;1016,4;586,3;25,5;18,5;25,9;25,1;18,9;17,9;69;60;65;302;2;,9;
2026/04/12;2100 UTC;0;1016,8;1017;1016,5;189,3;24,5;19,1;25,6;23;19,9;18,3;81;65;73;252;1;,4;
2026/04/12;2200 UTC;0;1017,1;1017,3;1017;1;22,2;19,5;23;21,7;19,9;18,9;90;80;87;53;1;,3;
2026/04/12;2300 UTC;0;1017,5;1017,7;1017,2;0;21,5;19,6;21,8;21,2;19,8;19,4;93;89;91;66;1,8;,8;
2026/04/13;0000 UTC;0;1017,7;1017,7;1017,6;0;21,4;19,3;21,9;21;19,7;18,8;93;85;90;143;2;1,5;
2026/04/13;0100 UTC;0;1017,7;1017,7;1017,6;0;21,6;18,7;21,9;21,3;19,1;18,5;87;84;86;120;2,1;1,2;
2026/04/13;0200 UTC;0;1017,6;1017,6;1017,5;0;21,2;18,5;21,5;20,8;18,6;18,4;89;85;86;109;1,6;,8;
2026/04/13;0300 UTC;0;1017,4;1017,6;1017,1;0;20,8;18,7;21;20,7;18,8;18,6;91;88;89;109;1,6;,8;
2026/04/13;0400 UTC;0;1017,3;1017,4;1017,2;0;20,4;18,7;20,9;20;18,8;18,6;94;89;92;113;2,3;1,5;
2026/04/13;0500 UTC;0;1017,1;1017,2;1017,1;0;19,6;18,4;20,1;18,6;18,7;17,7;96;93;94;299;1;,6;
2026/04/13;0600 UTC;0;1016,8;1017,1;1016,6;0;18,1;17,5;18,5;17,9;17,7;17,4;98;96;97;285;,9;,5;
2026/04/13;0700 UTC;0;1016,4;1016,6;1016,2;0;18,2;17,9;18,6;17,9;18,3;17,5;99;98;98;272;1,3;,7;
2026/04/13;0800 UTC;0;1016,3;1016,5;1016,1;0;18,8;18,5;19,2;18,6;18,8;18,2;99;98;98;315;1,4;,8;
2026/04/13;0900 UTC;0;1016,9;1017,1;1016,6;0;19,4;18,7;19,6;19,2;18,8;18,6;98;96;97;301;1,4;,5;
2026/04/13;1000 UTC;0;1017,3;1017,4;1017,1;7;19,6;18,7;19,7;19,5;18,9;18,1;96;93;95;241;2,5;1,3;
2026/04/13;1100 UTC;0;1017,4;1017,5;1017,2;286,8;20;18,2;21,1;19,5;18,5;17,8;93;84;91;167;1,9;1,1;
2026/04/13;1200 UTC;0;1017,8;1018,3;1017,5;1105,5;22,3;18;23,4;21,1;18,6;17,5;85;71;78;213;2,7;1,5;
2026/04/13;1300 UTC;0;1018,3;1018,4;1018,1;1812,8;24,2;18;24,9;23,4;18,6;17,3;73;65;69;63;2,6;1,5;
2026/04/13;1400 UTC;0;1018,4;1018,6;1018,2;2338,5;25,6;18,3;26,4;24,7;19,5;17,8;66;59;63;195;2,6;1,1;
2026/04/13;1500 UTC;0;1018,4;1018,6;1018,1;2638,8;26,9;19;27,8;26,3;20,3;18,3;64;57;60;126;3,6;1,8;
2026/04/13;1600 UTC;0;1017,7;1018,1;1017,2;2384,5;27,5;19,4;28,3;26,8;20,3;18,7;64;55;59;113;5,3;2,6;
2026/04/13;1700 UTC;0;1016,7;1017,2;1016,4;2868,7;28,3;19,6;28,8;27,5;20,6;18,8;60;53;56;145;4,9;2,3;
2026/04/13;1800 UTC;0;1016,1;1016,4;1015,9;2249,5;28,7;20;29,3;28;20,7;19,4;62;52;56;114;5,7;2,4;
2026/04/13;1900 UTC;0;1016;1016;1015,9;1171,7;27,9;19,9;28,4;27,4;20,8;19,2;63;55;60;132;5,1;2,7;
2026/04/13;2000 UTC;0;1016,2;1016,3;1016,1;663,4;27,1;19,8;27,5;26,6;20,1;19,6;66;61;64;143;5,7;3,3;
2026/04/13;2100 UTC;0;1016,3;1016,3;1016,2;268,7;25,8;19,5;26,7;24,7;20;19,2;74;65;69;140;5,4;3,1;
2026/04/13;2200 UTC;0;1016,5;1016,8;1016,2;3,5;24,1;19,4;24,7;23,6;19,6;19,3;79;74;76;132;5,2;2,9;
2026/04/13;2300 UTC;0;1017,2;1017,6;1016,8;0;23,3;19,7;23,6;23,2;19,8;19,5;83;79;82;120;6,1;3,3;
2026/04/14;0000 UTC;0;1017,7;1017,8;1017,5;0;22,6;19,6;23,3;22,1;19,8;19,4;87;82;85;121;4,4;2,4;
2026/04/14;0100 UTC;0;1017,9;1018,1;1017,7;0;21,8;19,6;22;21,5;19,8;19,4;91;87;89;125;2,9;1,4;
2026/04/14;0200 UTC;0;1017,9;1018;1017,7;0;21,4;19,9;21,5;21,2;20;19,7;94;91;93;127;4,7;2,4;
2026/04/14;0300 UTC;0;1017,7;1017,8;1017,5;0;21,2;20,2;21,2;21,1;20,3;20;96;94;95;112;3,7;1,8;
2026/04/14;0400 UTC;0;1017,6;1017,7;1017,5;0;20,8;20,2;21,1;20,7;20,3;20,1;98;96;97;98;2,5;1,2;
2026/04/14;0500 UTC;0;1017,4;1017,5;1017,3;0;20,9;20,4;20,9;20,8;20,6;20,3;98;97;98;102;3,3;1,5;
2026/04/14;0600 UTC;0;1017;1017,3;1016,6;0;20,8;20,5;20,9;20,7;20,6;20,5;99;98;99;106;3,2;1,3;
2026/04/14;0700 UTC;0;1016,4;1016,6;1016,1;0;20,7;20,6;20,8;20,5;20,6;20,4;100;99;99;130;2,7;1,6;
2026/04/14;0800 UTC;0;1015,7;1016;1015,5;0;20,4;20,3;20,5;20,3;20,5;20,2;100;100;100;111;5,1;2,4;
2026/04/14;0900 UTC;0;1015,7;1015,8;1015,5;0;20,4;20,4;20,5;20,3;20,5;20,2;100;100;100;111;2,9;1,4;
2026/04/14;1000 UTC;0;1015,8;1015,9;1015,6;4,2;20,5;20,5;20,5;20,4;20,5;20,4;100;100;100;142;2,9;1,4;
2026/04/14;1100 UTC;0;1016,3;1016,6;1015,9;133,6;20,5;20,5;20,7;20,3;20,7;20,3;100;100;100;103;3,9;1,9;
2026/04/14;1200 UTC;0;1017;1017,3;1016,6;443,5;21;21;21,5;20,7;21,2;20,7;100;97;100;99;4,2;1,9;
2026/04/14;1300 UTC;0;1017,4;1017,5;1017,3;1255,2;22,5;20,2;24,1;21,4;20,7;19,9;96;80;88;109;3,6;1,6;
2026/04/14;1400 UTC;0;1016,8;1017,4;1016,2;2346;25;20,5;25,8;24;21;20;83;73;77;149;3,5;1,6;
2026/04/14;1500 UTC;0;1015,8;1016,2;1015,1;2584,9;26,8;20,5;27,8;25,4;21,9;19,7;77;63;68;147;2,8;1,1;
2026/04/14;1600 UTC;0;1014,5;1015,1;1014;2449,2;28,1;20,4;29;27,5;21,4;19,8;67;58;61;98;3,7;2,1;
2026/04/14;1700 UTC;0;1013,6;1014;1013,4;2266,2;29,2;20,8;29,7;28,6;21,7;20,2;63;55;58;151;3,7;2,1;
2026/04/14;1800 UTC;0;1012,9;1013,4;1012,7;1895,1;29,5;21;30,3;28,7;21,7;20,5;62;54;57;93;2,6;1,2;
2026/04/14;1900 UTC;0;1012,7;1012,8;1012,6;1180,4;30,1;21,1;30,6;29,7;21,5;20,6;58;52;55;100;2,6;1,1;
2026/04/14;2000 UTC;0;1013;1013,3;1012,6;422,5;28,5;21,4;29,7;27,6;22,1;20,4;70;54;64;218;4,4;2,2;
2026/04/14;2100 UTC;0;1013,4;1013,5;1013,2;206,2;27,3;21;27,7;26,2;21,4;20,6;72;67;69;129;5,6;3,1;
2026/04/14;2200 UTC;0;1013,7;1013,9;1013,5;1,4;25,1;20,5;26,1;24,2;20,7;20,4;81;73;77;130;4,3;2,4;
2026/04/14;2300 UTC;0;1013,8;1014;1013,7;0;23,8;20,6;24,2;23,3;20,6;20,5;86;82;84;115;3,8;1,7;
2026/04/15;0000 UTC;0;1013,8;1014;1013,4;0;22,9;20,5;23,3;22,6;20,6;20,4;89;86;88;126;4;1,9;
2026/04/15;0100 UTC;0;1013,5;1013,8;1013,3;0;22,4;20,2;22,6;22,2;20,4;19,8;89;88;89;110;5,5;2,7;
2026/04/15;0200 UTC;0;1013,7;1013,9;1013,5;0;21,9;19,7;22,2;21,6;19,8;19,5;90;88;89;118;3,8;1,7;
2026/04/15;0300 UTC;0;1013,7;1013,9;1013,4;0;21,4;19,5;21,6;21,3;19,5;19,4;91;89;90;114;4,3;1,9;
2026/04/15;0400 UTC;0;1014,2;1014,7;1013,9;0;21,3;19,5;21,4;21,1;19,5;19,4;92;90;91;131;2,7;1,6;
2026/04/15;0500 UTC;0;1014,8;1014,9;1014,7;0;21,2;19,5;21,3;21,1;19,6;19,5;92;91;92;126;3,1;1,8;
2026/04/15;0600 UTC;0;1014,9;1015;1014,8;0;20,9;19,5;21,2;20,5;19,6;19,4;95;91;93;109;3,4;1,4;
2026/04/15;0700 UTC;0;1014,6;1014,8;1014,4;0;20,5;19,6;20,6;20,5;19,8;19,4;96;95;95;106;3,9;1,9;
2026/04/15;0800 UTC;0;1014,6;1014,8;1014,3;0;20,3;19,6;20,6;20,1;19,8;19,4;97;96;96;106;2,8;1,4;
2026/04/15;0900 UTC;0;1015;1015,2;1014,7;0;19,9;19,3;20,1;19,7;19,5;19,1;97;97;97;117;2,4;1;
2026/04/15;1000 UTC;0;1015,4;1015,6;1015,2;18;18,8;18,3;19,7;18,2;19,1;17,8;99;97;98;184;1,9;1,3;
2026/04/15;1100 UTC;0;1015,7;1016;1015,5;287,8;19,3;18,9;19,9;18,7;19,1;18,5;99;96;98;151;1,9;1,3;
2026/04/15;1200 UTC;0;1016,1;1016,2;1016;680;20,9;19,1;22;20;19,4;18,6;96;83;91;118;3,5;1,8;
2026/04/15;1300 UTC;0;1015,9;1016;1015,8;1000,8;22,9;19,1;23,6;22;19,7;18,7;85;77;81;125;3;1,7;
2026/04/15;1400 UTC;0;1015,7;1015,8;1015,6;1247,8;24,4;19,6;25,1;23,6;20,1;19,1;80;72;76;86;4,5;1,9;
2026/04/15;1500 UTC;0;1015,2;1015,6;1014,6;2326,9;26,3;19,8;27,2;24,8;20,9;18,9;75;60;68;80;4,2;2,3;
2026/04/15;1600 UTC;0;1014,1;1014,6;1013,6;2431,2;27,8;19,9;28,3;27,3;21,1;19,1;67;56;60;86;5,1;2,4;
2026/04/15;1700 UTC;0;1013,1;1013,5;1012,7;2094,5;28,6;20,1;29,3;28,3;20,9;19,5;61;54;57;96;5,4;1,8;
2026/04/15;1800 UTC;0;1012,2;1012,7;1011,6;2050,8;29,4;20,4;29,8;28,4;21;20;60;52;55;100;5,1;2;
2026/04/15;1900 UTC;0;1011,6;1011,8;1011,5;1455,5;29,2;20,4;30;28,7;21;19,9;59;52;56;125;6,3;3,9;
2026/04/15;2000 UTC;0;1011,5;1011,7;1011,3;945,5;27,9;20,4;29,1;26,6;20,8;20,2;69;57;63;118;8,5;4,9;
2026/04/15;2100 UTC;0;1011,5;1011,6;1011,3;150,6;25,5;20,2;26,6;24,6;20,5;20;77;69;73;114;7,9;4;
2026/04/15;2200 UTC;0;1011,6;1011,9;1011,3;1,6;24,1;19,7;24,6;23,7;20;19,4;79;77;78;120;5,1;2,7;
2026/04/15;2300 UTC;0;1012;1012,1;1011,8;0;23,3;19,3;23,7;23;19,4;19,2;81;79;80;114;4,9;3,1;
2026/04/16;0000 UTC;0;1011,8;1011,9;1011,7;0;23,1;19,2;23,4;23;19,3;19,1;82;79;81;95;5,9;2,2;
2026/04/16;0100 UTC;0;1011,6;1011,9;1011,3;0;23,6;19,1;23,7;23,5;19,2;18,8;79;76;78;76;6,7;3,3;
2026/04/16;0200 UTC;0;1012;1012,2;1011,8;0;23,6;18,5;23,8;23,3;18,9;18,3;76;74;75;102;4,2;1,8;
2026/04/16;0300 UTC;0;1012;1012,2;1011,9;0;22,8;18,5;23,3;22,5;18,8;18,3;81;75;78;103;5,1;2,5;
2026/04/16;0400 UTC;0;1011,9;1012,1;1011,7;0;22,7;19,1;22,8;22,6;19,4;18,8;83;80;82;94;4,4;1,8;
2026/04/16;0500 UTC;0;1011,7;1012;1011,5;0;22,4;19,6;22,7;22,3;19,7;19,4;87;84;86;103;4,4;2,1;
2026/04/16;0600 UTC;0;1011,4;1011,6;1011,2;0;22,4;19,5;22,4;22,3;19,6;19,4;86;85;85;102;3,8;1,7;
2026/04/16;0700 UTC;0;1010,9;1011,3;1010,5;0;22,1;19,7;22,3;21,9;19,9;19,5;90;86;88;98;3;1,4;
2026/04/16;0800 UTC;0;1010,5;1010,6;1010,4;0;21,9;20;21,9;21,9;20,1;19,9;91;90;90;120;1,9;,9;
2026/04/16;0900 UTC;0;1010,7;1010,9;1010,5;0;21,7;20;21,8;21,7;20,1;19,9;92;91;91;98;2,9;1,2;
2026/04/16;1000 UTC;0;1010,7;1010,9;1010,6;2,4;21,7;19,8;21,8;21,7;19,9;19,7;91;89;90;84;3,2;1;
2026/04/16;1100 UTC;,2;1010,7;1010,9;1010,6;182,4;21,8;19,7;22,4;21,6;19,9;19,5;91;86;90;81;4,8;1,7;
2026/04/16;1200 UTC;0;1011;1011,2;1010,7;751,5;23,3;19,6;23,8;22,3;20,1;19,3;87;80;82;99;3,3;1,9;
2026/04/16;1300 UTC;0;1011;1011,3;1010,8;1089,8;24,8;19,8;25,4;23,9;20,2;19,4;81;71;75;101;4,4;1,4;
2026/04/16;1400 UTC;0;1010,9;1011,4;1010,5;1249;25,2;20,1;26;24,4;21;19,5;81;70;75;121;2,8;1,7;
2026/04/16;1500 UTC;0;1010,2;1010,5;1009,6;1330,6;26,3;20,1;26,8;25,6;20,7;19,3;75;63;69;120;3,9;2;
2026/04/16;1600 UTC;0;1009;1009,6;1008,4;2094,5;27,5;20,8;28;26,7;21,5;20,1;70;63;67;107;5;2,7;
2026/04/16;1700 UTC;0;1007,9;1008,4;1007,3;2658,2;29;21,5;29,8;27,9;22,3;21;67;58;62;119;5,1;2,6;
2026/04/16;1800 UTC;0;1006,9;1007,3;1006,6;1672,3;30;21,7;30,5;29,5;22,3;21;62;56;58;68;5,7;2,4;
2026/04/16;1900 UTC;0;1006,2;1006,6;1005,8;961,3;30,3;21,3;30,6;29,9;21,9;20,7;58;52;55;57;2,8;1,6;
2026/04/16;2000 UTC;0;1005,5;1005,8;1005,3;281,7;29,7;20,8;30,5;29,1;21,3;20,4;59;52;55;59;3,6;2,1;
2026/04/16;2100 UTC;,2;1005,4;1006,3;1005;57,6;28,2;21,2;29,3;24,4;21,8;20,7;84;58;65;240;8,3;4,4;
2026/04/16;2200 UTC;4,4;1006,3;1006,7;1005,8;10,5;22,8;22,1;24,1;22,6;22,3;21,4;98;87;96;63;2,5;,8;
2026/04/16;2300 UTC;0;1006,7;1006,9;1006,5;0;22,8;22,4;22,9;22,7;22,5;22,3;98;97;98;210;1,2;,6;
2026/04/17;0000 UTC;,2;1007,3;1007,8;1006,9;0;22,8;22,5;23;22,6;22,7;22,2;99;98;98;113;1,6;,7;
2026/04/17;0100 UTC;1,4;1007,9;1008;1007,7;0;22,9;22,6;23;22,8;22,8;22,5;99;98;99;79;1,3;,7;
2026/04/17;0200 UTC;,2;1008,1;1008,1;1008;0;23;22,7;23,1;22,8;22,8;22,5;99;98;99;111;1,8;1;
2026/04/17;0300 UTC;0;1007,9;1008,1;1007,5;0;22,5;22,3;22,8;22,2;22,5;21,9;99;98;99;197;,8;,5;
2026/04/17;0400 UTC;0;1007,7;1007,8;1007,6;0;22,1;21,9;22,2;21,9;22,1;21,8;99;99;99;223;1,7;,6;
2026/04/17;0500 UTC;0;1007,7;1007,8;1007,5;0;22;21,8;22,2;21,8;22;21,3;99;97;99;300;3,3;1,4;
2026/04/17;0600 UTC;0;1007,3;1007,5;1007,1;0;21,8;21,1;21,9;21,7;21,3;20,5;97;93;96;318;3,6;1,8;
2026/04/17;0700 UTC;0;1006,9;1007,1;1006,8;0;21,9;19,9;22,1;21,7;20,4;19,2;92;87;90;314;4,8;2,6;
2026/04/17;0800 UTC;0;1006,9;1007;1006,7;0;21,8;19,1;22;21,7;19,2;19;88;86;87;319;4,1;2,2;
2026/04/17;0900 UTC;0;1007,2;1007,4;1007;0;21,7;19,3;21,8;21,6;19,4;19;89;86;88;327;3,1;1,5;
2026/04/17;1000 UTC;0;1007,7;1008;1007,4;2,1;21,9;19,1;22,1;21,7;19,4;18,9;88;85;86;316;3,1;1,6;
2026/04/17;1100 UTC;0;1008;1008,4;1007,9;166,6;22,6;19;22,9;22;19,2;18,7;85;80;82;323;4,4;2,2;
2026/04/17;1200 UTC;0;1009;1009,4;1008,4;251,1;21,8;19,3;23;20,9;19,6;19;93;80;88;309;5,6;2,6;
2026/04/17;1300 UTC;0;1009,3;1009,4;1009,2;875,6;22,3;19,3;23,5;21,2;19,7;18,9;90;79;85;316;7;3,5;
2026/04/17;1400 UTC;0;1009,2;1009,4;1008,8;2027,7;24,7;19,3;25,7;23,5;19,8;18,9;80;66;73;300;7,5;3,9;
2026/04/17;1500 UTC;0;1008,6;1008,9;1008,3;2275,8;26,1;19,1;27;25,7;19,8;18,5;69;58;65;299;7,1;4;
2026/04/17;1600 UTC;0;1008;1008,4;1007,4;2141,4;26,9;18,8;27,7;26,1;19,4;18,3;63;57;59;288;8,6;4,1;
2026/04/17;1700 UTC;0;1007;1007,6;1006,7;1797,9;27,3;19;27,8;26,5;19,7;18,5;64;55;58;280;8,2;3,9;
2026/04/17;1800 UTC;0;1006,5;1006,8;1006,3;1518,7;27,2;19,1;27,9;26,2;19,8;18,7;66;56;60;275;7,5;3,3;
2026/04/17;1900 UTC;0;1006,3;1006,4;1006,2;1159,7;27,4;18,8;28,1;26,8;19,4;18,4;60;54;57;271;6,2;3,2;
2026/04/17;2000 UTC;0;1006,4;1006,5;1006,3;932,2;27,9;18,8;28,1;27,5;19,3;18,2;57;53;54;290;7,5;3,4;
2026/04/17;2100 UTC;0;1006,6;1006,8;1006,5;236,5;26,6;18,1;27,5;25,1;18,5;17,9;64;54;58;291;2,4;1,1;
2026/04/17;2200 UTC;0;1007,1;1007,3;1006,9;,5;23,5;17,8;25,1;22,4;18,2;17,5;76;64;72;299;2;1,1;
2026/04/17;2300 UTC;0;1007,5;1007,7;1007,3;0;21,9;17,5;22,5;21,1;18;17,2;83;75;78;301;1,6;,9;
2026/04/18;0000 UTC;0;1008;1008,2;1007,7;0;21,7;17,6;22,7;21;18,2;17,4;83;74;80;324;2,7;1,4;
2026/04/18;0100 UTC;0;1008,4;1008,7;1008,1;0;22,7;17,6;22,9;22,4;17,9;17,3;77;72;75;284;2,4;1,3;
2026/04/18;0200 UTC;0;1009;1009,2;1008,7;0;21,9;17,6;22,4;21,6;17,7;17,4;80;76;78;295;2,1;1;
2026/04/18;0300 UTC;0;1008,9;1009,1;1008,8;0;21,2;17,8;21,6;20,9;17,9;17,7;84;80;83;295;2,5;1;
2026/04/18;0400 UTC;0;1008,9;1008,9;1008,7;0;20,9;17,7;21;20,8;17,9;17,4;85;83;84;292;2,4;1,2;
2026/04/18;0500 UTC;0;1008,8;1008,9;1008,6;0;21;17,3;21,3;20,5;17,6;17,1;84;79;81;302;2,4;,6;
2026/04/18;0600 UTC;0;1008,7;1008,8;1008,6;0;20;17,2;20,5;19,7;17,4;17,1;88;83;86;282;4,6;2,2;
2026/04/18;0700 UTC;0;1008,7;1008,8;1008,5;0;20,3;17,1;20,5;20,1;17,3;17;85;84;84;274;4,7;2;
2026/04/18;0800 UTC;0;1008,9;1009,1;1008,8;0;20,2;17,3;20,2;20,1;17,4;17,1;87;85;85;285;5,1;2,2;
2026/04/18;0900 UTC;0;1009,3;1009,6;1009;0;19,9;17,4;20,1;19,7;17,5;17,2;88;87;87;282;4,3;2,1;
2026/04/18;1000 UTC;0;1009,9;1010,1;1009,7;4,4;19,6;17,3;19,8;19,2;17,3;17,2;90;87;88;301;4,7;1,8;
2026/04/18;1100 UTC;0;1010,4;1010,7;1010,1;329,4;19,5;17,2;20,2;19,1;17,2;17,1;90;85;88;290;5,5;2,9;
2026/04/18;1200 UTC;0;1010,7;1010,9;1010,6;1133,7;21;17,2;21,9;20,2;17,4;17;85;76;81;296;6;2,8;
2026/04/18;1300 UTC;0;1011,1;1011,2;1010,9;1483,9;22;16,8;22,8;21,4;17,3;16,2;77;70;74;286;6,8;3,1;
2026/04/18;1400 UTC;0;1010,8;1011;1010,6;2020,1;22,8;16,9;24;21,7;17,6;16,3;74;67;70;287;6,8;2,9;
2026/04/18;1500 UTC;0;1010,6;1010,8;1010,4;2486,5;24,2;17,3;24,9;23;17,8;16,8;71;61;66;300;8,6;4,3;
2026/04/18;1600 UTC;0;1010,1;1010,4;1009,6;2687,7;25,2;17,2;25,8;24,4;17,8;16,6;63;56;60;281;7,3;3,7;
2026/04/18;1700 UTC;0;1009,3;1009,6;1009;2687,9;26,2;17,1;26,9;25,9;17,7;16,5;58;52;54;276;9,9;3,9;
2026/04/18;1800 UTC;0;1009;1009,1;1008,9;2314,2;26,7;17;27;26,4;17,4;16,4;54;48;51;284;8,2;4;
2026/04/18;1900 UTC;0;1009;1009;1008,8;1703,8;26,8;16,9;27;26,6;17,4;16,6;53;49;51;268;6,7;3,3;
2026/04/18;2000 UTC;0;1009;1009,2;1008,9;960,8;26,7;16,7;26,9;26,3;17,3;16,4;53;48;50;274;5,8;2,5;
2026/04/18;2100 UTC;0;1009,3;1009,3;1009,2;230,1;25,3;16,1;26,3;23,7;16,4;15,8;62;49;54;294;2,3;1,2;
2026/04/18;2200 UTC;0;1009,6;1009,8;1009,3;,3;21,6;16,1;23,6;20,2;16,4;15,8;81;62;73;306;1,4;,8;
2026/04/18;2300 UTC;0;1010,3;1010,6;1009,8;0;19,4;16,3;20,2;18,9;16,6;16,2;88;80;84;87;,7;,3;
2026/04/19;0000 UTC;0;1010,9;1011,2;1010,6;0;18,7;16,5;19,1;18,2;17;16,1;91;86;89;44;1;,7;
2026/04/19;0100 UTC;0;1011,4;1011,5;1011,2;0;17,6;15,8;18,3;17,3;16,3;15,5;93;89;91;52;1,1;,8;
2026/04/19;0200 UTC;0;1011,6;1011,7;1011,5;0;17,3;16;17,5;16,9;16,2;15,6;94;92;93;59;1;,5;
2026/04/19;0300 UTC;0;1011,7;1011,8;1011,6;0;16;15,2;16,9;15,5;15,6;14,8;97;93;96;328;1,4;,9;
2026/04/19;0400 UTC;0;1011,6;1011,7;1011,5;0;15,6;15,1;15,8;15,3;15,3;14,7;98;97;97;320;1;,6;
2026/04/19;0500 UTC;0;1011,6;1011,6;1011,5;0;15,1;14,7;15,3;15;14,9;14,5;98;98;98;225;,6;,3;
2026/04/19;0600 UTC;0;1011,5;1011,6;1011,4;0;14,4;14;15;13,9;14,5;13,5;99;98;98;292;1,3;1;
2026/04/19;0700 UTC;0;1011,5;1011,5;1011,4;0;14,1;13,8;14,5;13,9;14,3;13,5;99;98;99;335;1;,6;
2026/04/19;0800 UTC;0;1011,6;1011,7;1011,4;0;13,6;13,4;14,1;13,2;13,8;13;99;98;99;298;1;,7;
2026/04/19;0900 UTC;0;1012,1;1012,4;1011,8;0;13,3;13,1;13,6;12,8;13,4;12,5;99;99;99;298;1,5;,9;
2026/04/19;1000 UTC;0;1012,9;1013,4;1012,5;6,3;12,7;12,5;13;12,5;12,8;12,2;99;99;99;291;1,6;1,2;
2026/04/19;1100 UTC;0;1013,7;1014,1;1013,4;417;14,2;13,7;16,4;12,5;15,3;12,3;99;94;98;272;1,9;,9;
2026/04/19;1200 UTC;0;1014,4;1014,7;1014,1;1248,3;18,2;15,1;19,4;16,5;15,8;14,6;94;77;85;276;3;1,5;
2026/04/19;1300 UTC;0;1015;1015,2;1014,7;1810,5;20,6;15,4;21,7;19,3;16,2;14,7;80;69;74;274;4,4;2,1;
2026/04/19;1400 UTC;0;1015,2;1015,3;1015,1;2328,5;22,9;15,9;24;21,6;16,7;15,3;71;60;65;256;3,5;1,8;
2026/04/19;1500 UTC;0;1014,8;1015,2;1014,5;2696;24,7;16,6;25,7;23,6;17,4;16;64;55;59;220;3,5;1,3;
2026/04/19;1600 UTC;0;1014,2;1014,5;1013,9;2774,2;26,4;16,8;26,8;25,8;17,6;16,2;58;49;52;199;4,3;1,8;
2026/04/19;1700 UTC;0;1013,6;1013,9;1013,4;2641,6;27,3;16,7;27,9;26,5;17,5;16;52;43;47;252;3,3;1,8;
2026/04/19;1800 UTC;0;1013,2;1013,5;1013;2250;28,1;17;28,4;27,7;17,8;16,5;48;42;45;150;4,3;2,5;
2026/04/19;1900 UTC;0;1013,1;1013,2;1013;1661,1;28,2;17,2;28,6;27,7;17,8;16,4;49;41;45;143;5;3,2;
2026/04/19;2000 UTC;0;1013,2;1013,4;1013,1;915,9;27,4;17,7;27,7;26,8;18,2;17,2;56;47;52;160;3,6;2,1;
2026/04/19;2100 UTC;0;1013,8;1014,2;1013,3;217,2;25,7;17,3;26,8;24,4;18;16,6;61;54;58;131;3,3;2;
2026/04/19;2200 UTC;0;1014,7;1015,2;1014,2;,2;23,6;16,2;24,3;23;16,6;16;66;61;63;123;3,6;1,8;
2026/04/19;2300 UTC;0;1015,6;1016;1015,3;0;22,1;16,1;22,9;21,6;16,2;16;73;66;70;113;3,7;2,1;
2026/04/20;0000 UTC;0;1016,2;1016,5;1015,9;0;21;16,3;21,6;20,5;16,8;16,1;81;73;77;95;3,3;1;
2026/04/20;0100 UTC;0;1016,4;1016,5;1016,3;0;20,2;16,4;20,6;19,8;16,8;15,9;82;80;81;95;2,4;,7;
2026/04/20;0200 UTC;0;1016,5;1016,6;1016,3;0;18,2;15,9;19,8;17;16,2;15,8;96;80;89;155;1,1;,9;
2026/04/20;0300 UTC;0;1016,4;1016,6;1016,3;0;16,6;15,8;17;16;16,2;15,2;97;95;96;147;1,2;,6;
2026/04/20;0400 UTC;0;1016,2;1016,5;1015,9;0;15,7;14,9;16,1;15,3;15,4;14,5;97;95;96;147;1,2;,4;
2026/04/20;0500 UTC;0;1015,9;1016;1015,7;0;15;14,5;15,3;14,8;15;14,1;98;96;97;119;2;1;
2026/04/20;0600 UTC;0;1015,7;1015,8;1015,5;0;15,9;15,5;16,2;15,3;15,7;15;99;97;98;111;2,3;1,4;
2026/04/20;0700 UTC;0;1015,4;1015,6;1015,2;0;15,8;15,3;16,1;15,5;15,5;15;98;97;97;117;1,7;1;
2026/04/20;0800 UTC;0;1015,4;1015,6;1015,3;0;15,4;15;15,7;14,9;15,3;14,5;99;98;98;152;2;1;
2026/04/20;0900 UTC;0;1015,7;1015,9;1015,4;0;14,4;14;15,2;13,5;14,9;13,1;99;97;98;53;1,3;,6;
2026/04/20;1000 UTC;0;1015,5;1015,7;1015,2;5,6;13,9;13,6;14,4;13,1;14,2;12,7;99;98;99;85;1,5;,5;
2026/04/20;1100 UTC;0;1015,6;1016,1;1015,2;329,2;14,8;14,3;15,9;14;15,2;13,6;99;96;97;239;1,8;1;
2026/04/20;1200 UTC;0;1016,2;1016,3;1016,1;971,8;17,4;15,3;19,5;15,9;16,3;14,8;96;81;90;144;2,5;1,4;
2026/04/20;1300 UTC;0;1016,5;1016,8;1016,3;1661,7;20,8;16,5;22,2;19,6;17,1;15,7;83;72;78;143;4,4;2,6;
2026/04/20;1400 UTC;0;1016,5;1016,8;1016,2;2200,2;23,4;17,1;24,1;22,2;17,8;16,5;73;65;68;119;4,6;2,2;
2026/04/20;1500 UTC;0;1016,1;1016,2;1015,8;2263,1;24,7;17,3;25,7;23,5;18,4;16,7;67;60;63;126;3,4;1,4;
2026/04/20;1600 UTC;0;1015,4;1015,8;1015,1;2774,8;26,7;18;27,8;25,6;19;17,5;62;49;56;115;3,2;1,5;
2026/04/20;1700 UTC;0;1014,9;1015,1;1014,7;2392,4;28,2;18,3;29;27,5;19,5;17;58;45;51;267;5,2;2,4;
2026/04/20;1800 UTC;0;1014,5;1014,7;1014,2;1737,1;28;19,5;28,7;27,7;20,1;19;60;55;58;282;2,9;1,4;
2026/04/20;1900 UTC;0;1014,2;1014,3;1014,1;1022,7;28,2;18,3;28,9;27,3;20,2;17,7;58;45;51;136;4,8;2,8;
2026/04/20;2000 UTC;0;1014,6;1014,9;1014,2;645,6;26,5;18,4;27,3;25,8;18,7;18,1;64;55;59;130;6,2;3,6;
2026/04/20;2100 UTC;0;1014,7;1014,9;1014,6;145,4;24,7;18,5;25,7;23,7;18,7;18,4;74;64;69;117;5,3;2,5;
2026/04/20;2200 UTC;0;1014,9;1015,2;1014,8;0;22,8;18,4;23,7;22,1;18,5;18,3;81;74;78;112;5,9;2,7;
2026/04/20;2300 UTC;0;1015,3;1015,4;1015,1;0;21,6;18,5;22,1;21,2;18,7;18,3;88;81;84;108;4,9;2,6;
2026/04/21;0000 UTC;0;1015,3;1015,6;1015,1;0;20,9;18,8;21,1;20,8;19,1;18,7;91;88;90;117;4,6;2,5;
2026/04/21;0100 UTC;0;1015,1;1015,3;1015;0;20,7;19,2;20,8;20,6;19,3;19;93;91;92;109;3,8;1,9;
2026/04/21;0200 UTC;0;1015,3;1015,4;1015,1;0;20,5;19,2;20,7;20,3;19,3;19,1;94;93;94;122;3,2;1,8;
2026/04/21;0300 UTC;0;1015,4;1015,6;1015,2;0;20,1;19;20,4;19,9;19,2;18,8;95;94;95;129;2;1,4;
2026/04/21;0400 UTC;0;1015,4;1015,5;1015,1;0;19,5;18,6;19,9;19;19;18,2;96;95;95;128;1,1;,6;
2026/04/21;0500 UTC;0;1015,6;1015,8;1015,4;0;18,7;18;19,1;18,2;18,5;17,5;98;96;97;312;1,7;,8;
2026/04/21;0600 UTC;0;1015,6;1015,7;1015,5;0;18,3;17,9;18,5;18;18,2;17,5;98;97;98;322;1,8;1,4;
2026/04/21;0700 UTC;0;1015,6;1015,7;1015,5;0;18,5;18,1;18,6;18,1;18,3;17,6;98;97;98;244;2;1,3;
2026/04/21;0800 UTC;0;1015,6;1015,8;1015,4;0;18,7;18,3;18,8;18,4;18,5;18;99;98;98;303;2,7;1,2;
2026/04/21;0900 UTC;0;1016,4;1016,9;1015,9;0;19,1;18,9;19,4;18,8;19,1;18,5;99;98;99;273;2,8;1,2;
2026/04/21;1000 UTC;0;1016,7;1017;1016,4;2,9;19,5;19,1;19,6;19,4;19,1;19;98;97;98;316;3,1;1,3;
2026/04/21;1100 UTC;0;1016,8;1017;1016,5;104,2;19,8;19,2;20,2;19,6;19,5;19;97;96;97;161;1,6;,6;
2026/04/21;1200 UTC;0;1017,5;1018;1017;178,6;20,4;19,4;20,5;20,2;19,7;19,4;96;95;95;256;3,5;1,1;
2026/04/21;1300 UTC;0;1017,7;1018;1017,2;641,8;21;19,5;21,6;20,5;19,8;19,1;96;88;93;310;2,7;1,1;
2026/04/21;1400 UTC;0;1017,4;1017,7;1017,2;758;21,7;19,4;21,9;21,5;19,6;19,1;90;86;88;175;2,1;,5;
2026/04/21;1500 UTC;0;1017,5;1017,7;1017,4;738;22,3;19,6;22,7;21,9;19,9;19,2;89;83;86;277;2,8;1;
2026/04/21;1600 UTC;0;1016,8;1017,4;1016,4;604,5;23;19,4;23,2;22,7;19,9;18,7;85;78;82;317;1,3;,9;
2026/04/21;1700 UTC;,4;1016,5;1016,6;1016,3;746,1;22,5;20,1;22,9;22,2;20,7;19,5;91;83;88;317;2,9;1,4;
2026/04/21;1800 UTC;0;1015,8;1016,3;1015,5;1095,1;23,6;19,3;24,1;22,9;20;18,4;84;75;78;210;1,8;,9;
2026/04/21;1900 UTC;0;1015,4;1015,5;1015,3;640,2;24,1;19;24,2;23,9;19,6;18,2;79;70;74;69;1,9;1,2;
2026/04/21;2000 UTC;0;1015,1;1015,3;1015;258,5;23,5;19,1;23,8;23,5;19,6;18,5;80;75;78;166;1;,4;
2026/04/21;2100 UTC;0;1014,9;1015;1014,7;88;23,3;19,3;23,5;23,1;19,6;19,1;82;79;80;86;2,9;1;
2026/04/21;2200 UTC;0;1015,3;1015,5;1014,9;0;22,9;19,8;23,1;22,8;20,2;19,4;87;82;84;77;2,2;,9;
2026/04/21;2300 UTC;0;1015,6;1015,8;1015,5;0;22,3;19,9;22,9;22,1;20,3;19,7;90;85;88;126;2,1;1,2;
2026/04/22;0000 UTC;0;1015,6;1015,7;1015,6;0;22,1;19,5;22,2;22;19,8;19,2;88;86;87;100;1,9;,8;
2026/04/22;0100 UTC;0;1015,8;1015,9;1015,7;0;21,3;19,3;22,1;20,5;19,5;19,1;93;86;90;125;,7;,4;
2026/04/22;0200 UTC;0;1015,8;1015,9;1015,6;0;20,3;19,3;20,5;20,3;19,4;19,1;95;93;95;37;1,8;1,3;
2026/04/22;0300 UTC;0;1015,5;1015,6;1015,4;0;19,7;18,8;20,3;19;19,1;18,3;97;94;95;287;1;,6;
2026/04/22;0400 UTC;0;1015,4;1015,5;1015,3;0;18,6;18,1;19;18,2;18,5;17,8;98;97;97;284;1,1;,7;
2026/04/22;0500 UTC;0;1015,4;1015,5;1015,3;0;18,2;17,9;18,4;18;18,1;17,7;99;98;98;333;,8;,5;
2026/04/22;0600 UTC;0;1015,1;1015,3;1014,9;0;18;17,8;18,2;17,9;17,9;17,6;99;98;99;288;1,3;,8;
2026/04/22;0700 UTC;0;1014,7;1014,9;1014,5;0;18,1;17,9;18,5;18;18,3;17,7;99;99;99;38;1,5;,7;
2026/04/22;0800 UTC;0;1014,5;1014,6;1014,5;0;18,6;18,4;18,8;18,2;18,6;17,9;99;99;99;312;1,2;,8;
2026/04/22;0900 UTC;0;1014,6;1014,8;1014,5;0;18,8;18,6;19;18,5;18,9;18,2;99;99;99;298;,8;,5;
2026/04/22;1000 UTC;0;1015,2;1015,6;1014,8;4,8;18,6;18,5;18,8;18,4;18,7;18,2;100;99;99;236;1,9;1,2;
2026/04/22;1100 UTC;0;1016;1016,2;1015,6;110,7;19,5;19,4;20;18,8;19,9;18,8;100;99;99;281;1,5;,6;
2026/04/22;1200 UTC;0;1016,6;1016,8;1016,3;473,5;20,6;20;21,7;20;20,3;19,8;99;92;97;310;2,2;1,2;
2026/04/22;1300 UTC;0;1016,9;1017;1016,7;1069,2;22,9;19,7;23,9;21,8;20,2;19,3;92;77;84;280;3,2;1,5;
2026/04/22;1400 UTC;0;1016,8;1017;1016,6;1853,9;24,9;20,1;26,1;23,9;20,8;19,5;79;72;76;317;4,3;2,4;
2026/04/22;1500 UTC;0;1016,3;1016,7;1015,8;2561,2;26,9;21,1;28;26,2;21,8;20,5;73;68;71;262;4,6;1,7;
2026/04/22;1600 UTC;0;1015,5;1015,8;1015,2;2544,6;28,4;21,3;28,9;28;21,9;20,5;69;61;65;307;4,9;2,3;
2026/04/22;1700 UTC;0;1015;1015,2;1014,8;2482,4;29,2;21,5;30;28,7;22;20,9;66;58;61;253;6,9;3,3;
2026/04/22;1800 UTC;0;1014,8;1014,9;1014,7;2102,3;29,2;21,4;29,6;29;22;20,9;65;58;61;240;5,8;2,9;
2026/04/22;1900 UTC;0;1014,7;1014,8;1014,6;1555,8;29,4;21;29,6;29,1;21,5;20,5;61;55;58;222;3,7;2,1;
2026/04/22;2000 UTC;0;1014,8;1015;1014,7;836,4;29,5;21;29,8;29,1;21,5;20,7;60;55;58;227;2,4;1,4;
2026/04/22;2100 UTC;0;1015,2;1015,4;1014,9;200,2;28,6;21,1;29,5;27,4;21,4;20,8;69;58;63;152;3,8;1,9;
2026/04/22;2200 UTC;0;1015,9;1016,5;1015,5;,2;26,3;21,1;27,3;25,6;21,4;20,9;76;70;74;134;4,3;1,9;
2026/04/22;2300 UTC;0;1016,9;1017,1;1016,5;0;24,8;20,4;25,6;24,3;20,9;19,8;79;76;78;110;2,5;1,4;
2026/04/23;0000 UTC;0;1017,5;1017,9;1017,2;0;23,7;19,4;24,3;23,4;19,9;19,1;79;78;79;79;2,3;,9;
2026/04/23;0100 UTC;0;1018;1018,1;1017,9;0;23,2;19,4;23,6;22,7;19,6;19,1;85;78;81;89;2,3;,9;
2026/04/23;0200 UTC;0;1018,3;1018,3;1018,1;0;22,1;19,5;22,7;21;19,6;19,4;92;84;87;141;1,8;1,2;
2026/04/23;0300 UTC;0;1018,4;1018,4;1018,3;0;21,3;19,6;21,5;21;19,7;19,4;94;90;92;116;1,8;,9;
2026/04/23;0400 UTC;0;1018,3;1018,4;1018,2;0;20,9;19,6;21,1;20,7;19,8;19,5;95;93;93;87;2;,9;
2026/04/23;0500 UTC;0;1018,1;1018,3;1017,9;0;20,6;19,4;21;20,2;19,5;19,1;95;93;94;112;1,6;,8;
2026/04/23;0600 UTC;0;1018;1018,1;1017,8;0;19,9;19;20,4;19,5;19,4;18,6;97;94;95;89;1,2;,6;
2026/04/23;0700 UTC;0;1018;1018,2;1017,8;0;19,2;18,5;19,7;18,7;19,1;18;97;95;96;148;1,2;,7;
2026/04/23;0800 UTC;0;1018,2;1018,5;1018;0;19;18,5;19,1;18,9;18,6;18,3;98;97;98;67;,4;,2;
2026/04/23;0900 UTC;0;1018,6;1018,8;1018,5;0;20,1;19,4;20,4;19,1;19,6;18,7;98;95;96;76;1,5;,8;
2026/04/23;1000 UTC;0;1019,3;1019,8;1018,8;4,6;19,5;18,8;20,4;18,9;19,4;18,4;98;94;96;180;1,4;,6;
2026/04/23;1100 UTC;0;1020;1020,4;1019,8;133,3;19,6;19,3;20,6;18,7;20,2;18,2;99;98;98;97;1,7;,7;
2026/04/23;1200 UTC;0;1020,5;1020,9;1020,2;284,5;21,4;20,4;22;20,6;20,7;20,2;98;93;95;105;1,6;,6;
2026/04/23;1300 UTC;0;1020,8;1021;1020,7;434,7;22,6;20,9;23,3;22;21,2;20,6;93;88;91;118;3,2;1,3;
2026/04/23;1400 UTC;0;1020,6;1020,9;1020,3;770,1;23,9;20,9;24,5;23,3;21,3;20,5;89;81;85;114;4,7;2,3;
2026/04/23;1500 UTC;0;1020,3;1020,5;1019,8;640,9;24,3;20,6;24,6;24;21;20,2;84;78;81;103;4,8;2,3;
2026/04/23;1600 UTC;0;1019,3;1019,7;1018,9;1034,3;24,9;20,7;25,6;24,4;21,4;20,3;82;75;79;108;4,3;2,2;
2026/04/23;1700 UTC;0;1018,8;1019,1;1018,3;790,3;25,3;20,4;25,5;25,1;20,8;20,1;78;74;76;152;6,3;3,2;
2026/04/23;1800 UTC;0;1018,4;1018,7;1018,3;367,4;24,1;20;25,1;23,7;20,3;19,7;82;75;79;154;6,1;3,6;
2026/04/23;1900 UTC;0;1018,2;1018,4;1018;299,6;23,1;19,4;23,7;22,6;19,8;19;83;81;81;153;7,4;4;
2026/04/23;2000 UTC;0;1018,5;1018,7;1018,1;161,8;22,2;18,7;22,6;21,9;19,1;18,6;84;82;83;146;6,2;3,4;
2026/04/23;2100 UTC;0;1018,6;1018,7;1018,4;63,6;21,9;18,5;22;21,8;18,7;18,4;84;82;83;135;6,1;2,7;
2026/04/23;2200 UTC;0;1019;1019,6;1018,6;0;21,7;18,2;21,8;21,7;18,3;18,1;83;82;82;143;4,4;2,7;
2026/04/23;2300 UTC;0;1019,7;1020;1019,4;0;21,6;18,2;21,7;21,6;18,3;18;83;82;83;148;5,7;2,8;
2026/04/24;0000 UTC;0;1019,9;1020;1019,7;0;21,6;18,1;21,7;21,5;18,3;18;83;82;82;140;5,6;3,3;
2026/04/24;0100 UTC;0;1020;1020,2;1019,9;0;21,4;18,5;21,7;21,2;18,8;18,3;88;83;85;122;4,5;2,1;
2026/04/24;0200 UTC;0;1020;1020,2;1019,6;0;21,2;18,9;21,2;21,2;19,1;18,8;90;88;89;98;4,3;1,6;
2026/04/24;0300 UTC;0;1019,5;1019,7;1019,2;0;21,1;19,2;21,2;21;19,3;19,1;91;90;90;137;3,5;1,9;
2026/04/24;0400 UTC;0;1018,6;1019,2;1018,2;0;21,1;19,2;21,2;21,1;19,3;19,1;91;90;90;126;4,8;2,7;
2026/04/24;0500 UTC;0;1018,2;1018,4;1018;0;21;19,5;21,1;20,8;19,8;19,3;95;91;92;120;4,1;2,2;
2026/04/24;0600 UTC;3,6;1017,9;1018,1;1017,5;0;20,6;20;20,8;20,5;20,1;19,8;98;95;97;138;4,7;2,6;
2026/04/24;0700 UTC;3,6;1017,5;1017,8;1017,3;0;20,5;20,2;20,6;20,5;20,3;20,1;99;98;99;157;3,4;1,5;
2026/04/24;0800 UTC;,2;1017,7;1017,8;1017,4;0;20,8;20,3;20,8;20,7;20,4;20,3;98;98;98;159;3,6;2,1;
2026/04/24;0900 UTC;,2;1017,5;1017,9;1017,2;0;20,5;19,9;20,8;20,2;20,3;19,4;98;96;97;150;4;1,4;
2026/04/24;1000 UTC;3,2;1018,3;1018,5;1017,9;,1;20;19,3;20,2;19,8;19,4;19,2;98;96;97;121;2,1;1,1;
2026/04/24;1100 UTC;4;1018,4;1018,8;1017,9;39,1;19,8;19,5;19,9;19,8;19,7;19,4;99;98;98;100;3,2;1,4;
2026/04/24;1200 UTC;,8;1018,8;1019,1;1018,5;148;20;19,6;20;19,9;19,7;19,5;99;98;98;120;3,6;1,8;
2026/04/24;1300 UTC;,4;1018,5;1019;1018,1;205,7;20,1;19,7;20,4;19,9;20;19,5;98;98;98;112;6,1;3,1;
2026/04/24;1400 UTC;,2;1018,1;1018,4;1017,9;373,4;20,7;20,2;21;20,4;20,4;19,9;98;96;97;115;4,8;2,3;
2026/04/24;1500 UTC;0;1017,9;1018,1;1017,6;177,9;20,9;20,1;21,1;20,8;20,4;19,9;97;95;96;124;4,3;2,5;
2026/04/24;1600 UTC;,4;1017;1017,6;1016,4;354,5;21;20,2;21,2;20,9;20,4;20;97;95;96;109;6,3;2,4;
2026/04/24;1700 UTC;2,8;1015,7;1016,5;1015,1;215,4;21;20,3;21,1;20,9;20,4;20,3;98;96;97;111;7,6;3;
2026/04/24;1800 UTC;1;1014,6;1015,1;1014,4;158,3;20,8;20,2;20,9;20,4;20,5;19,7;98;96;97;116;8,7;3,8;
2026/04/24;1900 UTC;4,2;1014,7;1014,9;1014,5;80,8;20,4;20;20,5;20,4;20,1;19,8;98;97;98;113;6,1;3;
2026/04/24;2000 UTC;3,4;1014,9;1015;1014,6;69,8;19,8;19,2;20,2;19,7;19,7;19;98;96;97;111;6,4;3,4;
2026/04/24;2100 UTC;,2;1014,8;1015;1014,5;21,9;19,7;19,3;19,8;19,7;19,4;19,2;98;97;98;114;3,9;2;
2026/04/24;2200 UTC;,2;1014,3;1014,9;1013,9;0;19,8;19,4;19,9;19,8;19,5;19,4;98;98;98;123;4,4;2,8;
2026/04/24;2300 UTC;0;1013,8;1014,1;1013,5;0;20;19,6;20,1;19,9;19,8;19,5;98;98;98;123;3,8;2,3;
2026/04/25;0000 UTC;,6;1014,2;1014,5;1013,8;0;20,2;19,9;20,3;20,1;20;19,8;99;98;98;79;4;1,6;
2026/04/25;0100 UTC;,4;1013,5;1014,1;1012,8;0;20,3;20;20,3;20,3;20,1;20;99;98;99;81;4,6;2;
2026/04/25;0200 UTC;,2;1013,9;1014,2;1013,3;0;20,4;20,1;20,4;20,3;20,2;20;99;98;99;121;1,8;,7;
2026/04/25;0300 UTC;,4;1013,8;1014,2;1012,7;0;20,4;20,2;20,4;20,4;20,3;20,2;99;99;99;271;1,4;,7;
2026/04/25;0400 UTC;,2;1012,7;1013,4;1011,8;0;20,3;20,2;20,4;20,2;20,2;20,1;100;99;99;58;3,9;2,2;
2026/04/25;0500 UTC;,2;1012,1;1012,7;1011,2;0;20,2;20,1;20,3;20,2;20,2;20;99;99;99;255;4,8;1,7;
2026/04/25;0600 UTC;0;1012,1;1012,5;1011,5;0;20,3;20,2;20,4;20,2;20,2;20,1;99;99;99;267;3,1;1,6;
2026/04/25;0700 UTC;0;1011,9;1012,2;1011,7;0;20,2;20,1;20,3;20;20,2;19,9;99;99;99;251;3,5;1,9;
2026/04/25;0800 UTC;0;1011,9;1012,2;1011,7;0;20,3;20,2;20,4;20,2;20,3;20,1;99;99;99;283;2,7;1;
2026/04/25;0900 UTC;0;1012,5;1012,7;1012,2;0;20,4;20,3;20,5;20,4;20,3;20,2;99;99;99;273;3,4;1,6;
2026/04/25;1000 UTC;,2;1012,9;1013;1012,7;2;20,4;20,2;20,4;20,3;20,2;20,2;99;99;99;267;2,8;1,4;
2026/04/25;1100 UTC;0;1013,3;1013,7;1013;82,2;20,3;20,2;20,4;20,3;20,3;20,1;99;99;99;275;3;1,2;
2026/04/25;1200 UTC;0;1013,9;1014,3;1013,7;136,1;20,4;20,2;20,5;20,4;20,2;20,1;99;98;99;281;2,5;1,3;
2026/04/25;1300 UTC;0;1014,4;1014,6;1014,3;261;20,6;20,2;20,8;20,5;20,4;20;98;97;98;279;2,4;1,3;
2026/04/25;1400 UTC;,4;1014,4;1014,6;1014,2;476;21;20,1;21,3;20,7;20,7;19,6;97;94;96;263;3,8;1,7;
2026/04/25;1500 UTC;,2;1014;1014,3;1013,6;988,9;21,4;19,9;21,9;20,8;20,6;19;97;86;92;246;3,2;1,7;
2026/04/25;1600 UTC;0;1013,2;1013,6;1012,6;1236,4;22,1;19,6;22,9;21,4;20,3;18,9;91;80;88;240;3,8;2,1;
2026/04/25;1700 UTC;0;1012,2;1012,6;1011,8;1772,8;23,5;19,6;24,2;22,9;20,1;19,1;84;75;80;309;4;2;
2026/04/25;1800 UTC;,2;1011,7;1011,8;1011,6;716,8;23,2;19,7;23,9;21,7;20,3;19,2;92;77;83;260;3,4;1,8;
2026/04/25;1900 UTC;0;1011,8;1011,9;1011,7;635,7;22,2;19,9;22,9;21,6;20,3;18,9;92;80;89;208;1,1;,6;
2026/04/25;2000 UTC;0;1011,6;1011,7;1011,5;732,5;23,7;19,8;24,5;23;20,7;19;86;76;81;192;1;,4;
2026/04/25;2100 UTC;0;1011,6;1011,7;1011,4;106,9;23;19,9;24,6;21,2;20,3;19,2;94;74;84;335;,9;,7;
2026/04/25;2200 UTC;0;1011,7;1011,9;1011,7;0;20,5;19,8;21,2;19,9;20;19,4;98;94;96;301;1,5;,9;
2026/04/25;2300 UTC;0;1012,2;1012,4;1011,9;0;20;19,5;20,1;19,8;19,7;19,4;98;97;98;132;2,3;1,3;
2026/04/26;0000 UTC;0;1012,4;1012,6;1012,3;0;19,8;19,3;20,1;19,5;19,7;19;98;97;98;24;1,2;,7;
2026/04/26;0100 UTC;0;1012,3;1012,5;1012,2;0;19,4;19,1;19,5;19,2;19,3;18,9;99;98;99;118;1,3;,8;
2026/04/26;0200 UTC;0;1011,9;1012,2;1011,5;0;19,1;18,9;19,3;18,9;19,1;18,7;99;99;99;82;1,4;,8;
2026/04/26;0300 UTC;0;1011,6;1011,8;1011,4;0;19,1;19;19,4;19;19,3;18,8;99;99;99;149;1,9;,7;
2026/04/26;0400 UTC;0;1011,7;1011,9;1011,6;0;19;18,8;19,2;18,7;19;18,5;99;99;99;228;1;,6;
2026/04/26;0500 UTC;0;1011,2;1011,7;1010,9;0;18,6;18,4;18,7;18,3;18,6;18,2;100;99;99;209;1,2;,8;
2026/04/26;0600 UTC;0;1010,8;1011,3;1010,3;0;18,3;18,2;18,5;18;18,4;17,9;100;100;100;33;1;,6;
2026/04/26;0700 UTC;0;1010;1010,5;1009,8;0;18;17,9;18,2;17,7;18,2;17,6;100;100;100;208;,8;,4;
2026/04/26;0800 UTC;0;1009,7;1009,8;1009,5;0;17,4;17,3;17,7;17,1;17,7;17,1;100;100;100;182;,5;,4;
2026/04/26;0900 UTC;0;1009,8;1010;1009,6;0;17;17;17,3;16,8;17,3;16,8;100;100;100;329;1,2;,7;
2026/04/26;1000 UTC;0;1010,2;1010,6;1010;2;17,2;17,3;17,5;16,8;17,5;16,8;100;100;100;313;1,6;,9;
2026/04/26;1100 UTC;0;1010,5;1010,6;1010,4;84,3;18;18;18,5;17,5;18,6;17,6;100;100;100;302;1,1;,5;
2026/04/26;1200 UTC;0;1010,7;1010,8;1010,6;344,7;18,9;18,9;19,1;18,5;19,2;18,6;100;100;100;318;2,6;1,2;
2026/04/26;1300 UTC;0;1010,8;1010,9;1010,7;681,2;19,4;19,4;19,7;19,1;19,7;19,2;100;100;100;325;3,4;1,9;
2026/04/26;1400 UTC;0;1010,7;1010,8;1010,6;859,4;20;19,6;20,5;19,5;19,9;19,3;100;94;98;295;3,4;1,6;
2026/04/26;1500 UTC;0;1010,4;1010,6;1010,2;733;21;19,4;21,4;20,5;19,7;19,1;94;90;92;285;4,3;2,2;
2026/04/26;1600 UTC;0;1009,9;1010,2;1009,5;951,3;21,5;19,2;21,9;21,1;19,6;19;91;86;89;265;6;2,8;
2026/04/26;1700 UTC;0;1009,1;1009,5;1008,7;1396,1;22,7;18,9;23,8;21,8;19,8;18,3;87;75;81;269;4,1;2,2;
2026/04/26;1800 UTC;0;1008,3;1008,7;1008;1992,3;24,7;18,9;25,5;23,5;19,5;18,4;79;67;71;257;5,7;3,1;
2026/04/26;1900 UTC;0;1007,9;1008;1007,9;1593,3;25,5;18,7;26;24,9;19,3;18;70;62;66;279;6,5;3;
2026/04/26;2000 UTC;0;1008;1008,1;1007,9;831;25,1;18,2;25,6;24,6;18,8;17,9;68;63;65;269;4,8;2;
2026/04/26;2100 UTC;0;1008,5;1008,9;1008,2;89,3;23,6;18;24,6;22;18,3;17,8;80;67;72;304;2,1;1;
2026/04/26;2200 UTC;0;1009,3;1009,7;1008,9;0;20,9;17,9;21,9;20,3;18,2;17,7;88;80;85;281;1,6;,6;
2026/04/26;2300 UTC;0;1009,9;1010,4;1009,7;0;19,9;18,2;20,2;19,5;18,7;17,9;93;88;91;335;2,5;1,5;
2026/04/27;0000 UTC;0;1010,4;1010,4;1010,3;0;20,1;17,8;20,7;19,5;18,2;17,4;93;86;89;323;2,6;1,4;
2026/04/27;0100 UTC;0;1010,5;1010,6;1010,4;0;19,9;17,2;20,2;19,5;17,5;17,1;90;85;87;322;2,5;1,4;
2026/04/27;0200 UTC;0;1010,8;1011,1;1010,7;0;19,6;17;19,8;19,5;17,1;16,9;88;86;87;308;3,2;1,4;
2026/04/27;0300 UTC;0;1011,2;1011,4;1011,1;0;19,6;16,7;19,8;19,4;16,9;16,5;87;84;85;311;3,7;1,8;
2026/04/27;0400 UTC;0;1011,2;1011,4;1011;0;18,9;16,1;19,5;17,6;16,5;15,8;93;84;86;231;2,5;1,4;
2026/04/27;0500 UTC;0;1011,7;1011,9;1011,4;0;17,4;15,6;17,7;17;16,1;15,2;94;88;91;280;3,8;1,8;
2026/04/27;0600 UTC;0;1012,1;1012,2;1011,9;0;17,3;14,8;17,6;16,9;15,2;14,3;88;86;87;294;4,3;2;
2026/04/27;0700 UTC;0;1012,4;1012,5;1012,2;0;16,3;12,4;16,8;15,7;14,2;10,9;88;76;81;287;6,5;2,5;
2026/04/27;0800 UTC;0;1012,8;1013,3;1012,4;0;15,1;10,2;15,7;14,6;11;9,6;77;75;76;292;4,6;2,3;
2026/04/27;0900 UTC;0;1013,8;1014,2;1013,3;0;14,3;9,5;14,7;13,8;9,7;9,2;78;74;76;294;4,4;2,2;
2026/04/27;1000 UTC;0;1014,9;1015,6;1014,3;2,6;13,5;7,7;13,8;13;9,3;6,8;77;68;71;277;5,6;2,5;
2026/04/27;1100 UTC;0;1016,2;1016,6;1015,6;301;13,2;6,5;13,7;13;6,8;5,9;69;61;66;269;7,6;4;
2026/04/27;1200 UTC;0;1017,1;1017,5;1016,6;1017,8;13,8;4,6;13,9;13,7;6,4;3,8;63;50;54;276;11;5,7;
2026/04/27;1300 UTC;0;1017,9;1018,1;1017,4;1764,2;14,5;5;15,3;14;6,1;4,1;56;47;53;291;10,5;4,7;
2026/04/27;1400 UTC;0;1017,7;1018;1017,4;2333,8;15,5;4,5;16,1;15,2;5,3;3,8;50;42;45;282;10,2;5,1;
2026/04/27;1500 UTC;0;1017,2;1017,4;1017;2721,3;16,6;5,5;17,1;16;6;4,8;46;42;44;283;10,3;4,7;
2026/04/27;1600 UTC;0;1016,4;1017;1016;2774,2;17,4;6,3;18;16,8;7,2;5,5;46;43;45;294;9,7;5,8;
2026/04/27;1700 UTC;0;1015,9;1016,2;1015,6;2622,4;18,1;6,9;18,6;17,6;7,6;6,3;46;42;44;289;11,7;5,1;
2026/04/27;1800 UTC;0;1015,7;1015,9;1015,5;2236;18,6;7,2;18,9;18,2;7,9;6,7;45;41;43;277;9,5;4,6;
2026/04/27;1900 UTC;0;1016;1016,3;1015,6;1618,8;18,8;7,3;19,1;18,5;7,7;6,7;44;39;42;279;8,3;4;
2026/04/27;2000 UTC;0;1016,4;1016,6;1016,1;863,7;18,3;7;18,7;17,9;7,4;6,6;46;42;44;288;7,2;3,5;
2026/04/27;2100 UTC;0;1017,1;1017,4;1016,6;83,7;16,6;6,7;17,9;14,8;6,9;6,6;60;44;51;276;3,2;1,3;
2026/04/27;2200 UTC;0;1017,7;1017,9;1017,5;0;13,7;6,9;14,7;12,9;7,1;6,6;70;60;66;297;3;1,4;
2026/04/27;2300 UTC;0;1018,1;1018,4;1017,8;0;12;6,7;12,9;11,4;7,5;6,1;78;69;74;303;2,3;1,3;
2026/04/28;0000 UTC;0;1018,8;1019,1;1018,5;0;10,7;7;11,5;10,3;7,6;6,3;86;74;82;321;2,3;1,4;
2026/04/28;0100 UTC;0;1019,2;1019,5;1019;0;10,3;6,6;10,7;9,9;7,1;6,1;85;78;81;316;2;1,1;
2026/04/28;0200 UTC;0;1019,5;1019,7;1019,4;0;9,5;6,9;9,9;9,2;7,3;6,3;90;84;87;236;1;,7;
2026/04/28;0300 UTC;0;1019,6;1019,8;1019,5;0;8,8;7,2;9,1;8,5;7,5;6,9;94;90;92;146;1;,4;
2026/04/28;0400 UTC;0;1019,5;1019,6;1019,3;0;7,7;6,8;8,6;7,1;7,4;6,2;97;93;95;307;2;1,3;
2026/04/28;0500 UTC;0;1019,3;1019,4;1019,2;0;6,9;6,2;7,2;6,6;6,5;5,9;97;95;96;319;1,5;,9;
2026/04/28;0600 UTC;0;1018,9;1019,2;1018,8;0;6,9;6,2;7,1;6,7;6,4;5,9;97;96;97;333;2,4;1,6;
2026/04/28;0700 UTC;0;1018,7;1018,8;1018,7;0;6,5;5,8;6,8;6,3;6,1;5,7;97;96;97;334;1,7;1,3;
2026/04/28;0800 UTC;0;1018,9;1019,1;1018,8;0;6,2;5,8;6,5;6;6,1;5,4;99;97;98;167;,9;,5;
2026/04/28;0900 UTC;0;1019,1;1019,5;1019;0;6,2;6;6,5;5,9;6,3;5,7;99;98;99;201;,8;,4;
2026/04/28;1000 UTC;0;1019,9;1020,4;1019,5;2,7;5,6;5,4;6;5,3;5,8;5,1;99;99;99;57;,4;,2;
2026/04/28;1100 UTC;0;1020,7;1021;1020,4;357,5;6,5;6,3;8,5;5,3;7,9;5,1;99;97;99;225;1,1;,7;
2026/04/28;1200 UTC;0;1021,3;1021,6;1021;978,2;10,1;7,5;11,8;8,5;8,5;6,9;97;81;87;234;2,1;1,1;
2026/04/28;1300 UTC;0;1021,6;1021,7;1021,4;1671,8;13,2;7,8;14,9;11,8;9,1;6,5;83;60;73;279;3,2;1,3;
2026/04/28;1400 UTC;0;1021,5;1021,6;1021,4;2237,5;15,7;7,2;16,5;14,8;8,1;6,1;66;53;57;288;3,6;2;
2026/04/28;1500 UTC;0;1021;1021,5;1020,6;2664;17,2;7,9;17,8;16,3;8,9;7,3;60;48;54;241;4,9;1,9;
2026/04/28;1600 UTC;0;1020,2;1020,6;1019,8;2709,9;18,2;7,5;18,6;17,4;8,7;6,7;54;41;47;290;4,2;2,3;
2026/04/28;1700 UTC;0;1019,1;1019,8;1018,4;2549,8;18,8;7,9;19,3;18,3;9,1;6,6;53;41;45;232;4;1,9;
2026/04/28;1800 UTC;0;1018,1;1018,5;1017,8;2168,3;19,2;8;19,7;18,6;9;7,3;50;40;44;198;4,6;1,8;
2026/04/28;1900 UTC;0;1017,6;1017,9;1017,3;1557,2;19,6;8,1;20,4;19;9;7,5;46;40;43;261;3,1;1,3;
2026/04/28;2000 UTC;0;1017,3;1017,4;1017;816,8;19,5;8,3;19,9;18,7;8,8;7,8;50;41;44;228;2,7;1,4;
2026/04/28;2100 UTC;0;1017;1017,1;1016,9;66,5;16,9;8,3;18,7;14,6;9;7,7;72;48;57;246;1,6;1,1;
2026/04/28;2200 UTC;0;1017,2;1017,4;1017;0;13,1;9;14,4;12,1;9,5;8,2;84;71;79;79;1,7;,9;
2026/04/28;2300 UTC;0;1017,5;1017,8;1017,3;0;11,1;8,9;12;10,6;9,2;8,7;92;84;89;314;1,2;,9;
2026/04/29;0000 UTC;0;1018;1018,2;1017,8;0;10,2;8,9;10,6;10;9,2;8,7;95;92;93;65;1;,6;
2026/04/29;0100 UTC;0;1017,9;1018,1;1017,7;0;9,8;8,8;10,1;9,3;9,1;8,3;96;94;95;45;1,2;,4;
2026/04/29;0200 UTC;0;1017,7;1018;1017,5;0;9,2;8,5;9,6;8,8;9,1;8,2;98;95;97;189;1;,7;
2026/04/29;0300 UTC;0;1018,1;1018,3;1017,7;0;8,9;8,4;9,3;8,7;9;8;98;96;97;62;1,2;,5;
2026/04/29;0400 UTC;0;1017,3;1017,7;1016,9;0;8,5;8;8,8;8,1;8,4;7,6;98;96;98;262;,8;,4;
2026/04/29;0500 UTC;0;1016,8;1017;1016,6;0;7,4;7;8;7;7,5;6,7;99;97;98;224;,9;,4;
2026/04/29;0600 UTC;0;1016,2;1016,6;1015,8;0;7,4;7,2;7,6;7,3;7,4;7;99;98;99;84;,8;,5;
2026/04/29;0700 UTC;0;1015,5;1015,7;1015,5;0;7,1;6,9;7,5;6,7;7,3;6,5;99;98;99;275;,8;,4;
2026/04/29;0800 UTC;0;1015,6;1015,8;1015,4;0;6,8;6,6;7;6,5;6,9;6,3;100;99;99;155;,5;,3;
2026/04/29;0900 UTC;0;1015,9;1016;1015,7;0;6,4;6,2;6,7;6;6,5;5,7;100;99;99;140;1,3;,6;
2026/04/29;1000 UTC;0;1016,3;1016,6;1015,9;,5;6,3;6,2;6,9;5,9;6,8;5,7;100;99;99;226;,8;,2;
2026/04/29;1100 UTC;0;1017,2;1017,8;1016,7;84,2;6,2;6,2;6,5;5,9;6,4;5,8;100;99;100;296;1;,6;
2026/04/29;1200 UTC;0;1018,1;1018,3;1017,8;481,7;8,4;8,3;10,1;6,4;9,8;6,3;100;98;99;135;1;,4;
2026/04/29;1300 UTC;0;1018;1018,2;1017,8;1034,9;11,5;10,1;12,8;10,2;10,6;9,6;98;86;93;256;2,2;1,1;
2026/04/29;1400 UTC;0;1017,6;1018,1;1017,2;1492,7;14,8;10,7;16;12,9;11,7;9,9;87;73;80;180;1,4;,8;
2026/04/29;1500 UTC;0;1016,8;1017,2;1016,1;2441,8;18,2;9,8;19,8;15,9;11,2;8,7;75;45;58;101;4,1;2,2;
2026/04/29;1600 UTC;0;1015,7;1016,1;1015,2;2635,3;20,6;9,6;21,2;19,7;10,5;8,7;50;38;45;111;5,3;2,7;
2026/04/29;1700 UTC;0;1014,6;1015,2;1014,2;2493,1;21,7;10;22,2;21,1;11;9,1;47;37;42;100;3,4;1,8;
2026/04/29;1800 UTC;0;1014,2;1014,4;1013,8;2093,2;22,3;10,6;22,6;21,9;11,6;9,8;45;37;41;148;4,6;2,3;
2026/04/29;1900 UTC;0;1013,8;1013,9;1013,7;1495,1;22,6;11,2;23,1;22,3;11,9;10,5;46;39;43;121;2,6;1,2;
2026/04/29;2000 UTC;0;1014;1014,3;1013,8;780,6;22,6;11,1;23;22,4;11,6;10,5;46;39;43;98;2,3;1,2;
2026/04/29;2100 UTC;0;1014,7;1015,1;1014,4;54;20,3;11,4;22,4;17,1;12,2;10,8;71;43;56;67;,8;,4;
2026/04/29;2200 UTC;0;1015,5;1015,9;1015,1;0;14,9;11,8;16,9;13,9;12,2;10,8;91;70;85;149;1,3;,5;
2026/04/29;2300 UTC;0;1015,7;1015,8;1015,5;0;13,6;11,4;14,2;12,7;11,9;10,9;91;87;89;30;1,2;,9;
2026/04/30;0000 UTC;0;1015,5;1015,7;1015,4;0;12,4;10,9;12,7;11,9;11,2;10,7;95;91;93;223;,9;,3;
2026/04/30;0100 UTC;0;1015,9;1016,1;1015,7;0;11,5;10,7;11,8;11,2;11;10,4;97;95;96;35;1;,5;
2026/04/30;0200 UTC;0;1016,2;1016,3;1016;0;10,6;10,2;11,2;10,3;10,4;9,8;99;96;98;161;1,1;,7;
2026/04/30;0300 UTC;0;1016,5;1016,7;1016,3;0;9,9;9,4;10,5;9,1;10,1;8,6;99;97;98;303;1,2;,8;
2026/04/30;0400 UTC;0;1017;1017,2;1016,7;0;9,1;8,8;9,3;8,8;9,1;8,5;99;98;99;319;1,5;,8;
2026/04/30;0500 UTC;0;1017;1017,2;1016,9;0;9;8,7;9,3;8,6;9,1;8,4;99;98;99;320;1,2;,4;
2026/04/30;0600 UTC;0;1017,1;1017,2;1016,9;0;8,6;8,4;8,9;8,4;8,7;8,2;99;99;99;210;,3;,2;
2026/04/30;0700 UTC;0;1016,9;1017,1;1016,7;0;8,9;8,7;9,2;8,4;9,1;8,2;100;99;99;262;1,4;,9;
2026/04/30;0800 UTC;0;1017,2;1017,4;1017;0;8,5;8,3;8,8;8,2;8,7;8;99;99;99;280;1,1;,2;
2026/04/30;0900 UTC;0;1017,4;1017,7;1017,3;0;8;7,8;8,3;7,3;8,2;7,1;100;99;99;316;1,2;,8;
2026/04/30;1000 UTC;0;1018;1018,1;1017,7;2,3;7,5;7,4;8;7,2;8;7;100;99;100;336;1,1;,8;
2026/04/30;1100 UTC;0;1018,5;1018,7;1018,2;305,7;9,3;9,2;11,4;7,6;11,2;7,5;100;99;100;335;1,3;,9;
2026/04/30;1200 UTC;0;1018,8;1018,9;1018,6;974,7;13,2;11,5;14,9;11,5;12,2;11,1;99;83;92;304;1,6;,9;
2026/04/30;1300 UTC;0;1019,2;1019,4;1018,9;1601,7;16,4;12;17,5;14,9;12,7;11,2;84;69;78;283;2,6;1,5;
2026/04/30;1400 UTC;0;1019,2;1019,4;1019;2121,6;19,2;12,1;20,4;17,6;12,9;11,7;71;59;64;283;3,4;1,6;
2026/04/30;1500 UTC;0;1018,5;1019;1018,1;2538,8;21,4;12,8;22,4;20,5;13,6;12,3;61;52;57;265;2,2;,7;
2026/04/30;1600 UTC;0;1017,7;1018,1;1017,4;2589,7;23,4;13,2;24,3;22,5;14,4;12,5;54;45;49;145;2,8;1,5;
2026/04/30;1700 UTC;0;1016,8;1017,4;1016,2;2434,4;24,7;12,6;25,8;23,8;13,7;11,6;48;32;39;197;2,4;,9;
2026/04/30;1800 UTC;0;1016,1;1016,3;1016;2069,8;26;12,8;26,4;25,6;13,9;12;39;31;34;104;3,7;1,6;
2026/04/30;1900 UTC;0;1016,1;1016,2;1015,9;1487,1;26,2;13;26,4;26;13,6;12,1;37;30;34;114;4;2,2;
2026/04/30;2000 UTC;0;1016,2;1016,5;1016;760,3;25,8;13,5;26,2;24,7;14,2;12,9;47;34;39;129;5,1;3;
2026/04/30;2100 UTC;0;1016,5;1016,7;1016,4;57,2;23,2;13,8;24,7;21,6;14,2;13,4;60;47;53;137;3,5;2;
2026/04/30;2200 UTC;0;1017;1017,3;1016,7;0;20,8;13,4;21,5;19,8;13,6;13,1;69;60;63;116;4;1,9;
2026/04/30;2300 UTC;0;1017,9;1018,2;1017,3;0;19;13,1;19,8;18,1;13,8;12,7;73;68;70;108;3,6;1,9;
2026/05/01;0000 UTC;0;1018,2;1018,3;1018,1;0;17,5;12,4;18,1;17;12,7;12,2;77;72;74;109;3,4;1,9;
2026/05/01;0100 UTC;0;1018,2;1018,3;1018,1;0;16,4;12,5;16,9;16;12,7;12,4;83;77;80;90;2,6;,7;
2026/05/01;0200 UTC;0;1018,4;1018,5;1018,3;0;16;13,2;16,3;15,7;13,5;12,6;89;83;86;120;2,3;1,1;
2026/05/01;0300 UTC;0;1018,3;1018,4;1018,1;0;14,9;13,5;15,7;14,5;13,8;13,2;96;88;93;94;1,9;1,1;
2026/05/01;0400 UTC;0;1017,9;1018,2;1017,5;0;14,5;13,8;14,8;14,4;14,2;13,5;97;95;96;86;2;,8;
2026/05/01;0500 UTC;0;1017,5;1017,6;1017,4;0;13,5;12,8;14,4;12,4;13,9;11,7;98;96;97;55;1;,6;
2026/05/01;0600 UTC;0;1017,3;1017,5;1017,1;0;11,8;11,4;12,3;11,5;11,8;11;99;97;98;50;1,4;1,1;
2026/05/01;0700 UTC;0;1017;1017,1;1016,8;0;11,6;11,2;12;11,3;11,7;10,9;99;98;98;53;,8;,4;
2026/05/01;0800 UTC;0;1016,6;1017;1016,4;0;11,9;11,6;12,1;11,3;11,9;10,9;99;98;99;96;1,4;,8;
2026/05/01;0900 UTC;0;1016,6;1016,8;1016,4;0;12,4;12,2;13;12,1;12,9;11,9;99;99;99;105;2,1;1;
2026/05/01;1000 UTC;0;1017,1;1017,4;1016,7;1,6;12,7;12,4;13,2;12,1;13;11,8;99;98;99;88;1,7;,9;
2026/05/01;1100 UTC;0;1017,2;1017,2;1017;261,5;13;12,6;14,2;12;13,4;11,7;99;95;98;114;1,9;1;
2026/05/01;1200 UTC;0;1017;1017,1;1016,8;1024,5;16,3;13,6;18,5;14,2;14,7;13;94;80;87;88;3,4;1,3;
2026/05/01;1300 UTC;0;1016,5;1016,8;1016,3;1622,5;20,6;15,4;22,5;18,4;16,6;14,4;82;68;74;131;2,6;1,6;
2026/05/01;1400 UTC;0;1016,3;1016,5;1016,1;1765,5;24,1;16,4;25,2;22,5;17,3;15,8;69;53;62;45;4,2;1,9;
2026/05/01;1500 UTC;0;1015,5;1016,2;1014,9;1869,6;25,8;16,3;26,6;25,1;17,1;15,4;57;49;53;54;3,4;1,7;
2026/05/01;1600 UTC;0;1014,5;1015;1013,6;1628,6;26,8;16,8;27,2;26,3;17,7;16,2;54;48;50;100;2,5;1,2;
2026/05/01;1700 UTC;0;1012,8;1013,5;1012,1;788,8;26,2;17,2;26,8;25,8;17,8;16,8;60;50;55;115;3,7;1,8;
2026/05/01;1800 UTC;0;1011,6;1012,1;1011,1;408,6;25,5;17,6;25,7;25,2;18;17,3;62;58;60;137;4;1,8;
2026/05/01;1900 UTC;11,7;1012,4;1014,8;1010,8;94;23,3;17,4;25,1;19;18,3;16,6;97;59;70;198;15,4;5,8;
2026/05/01;2000 UTC;,2;1014,4;1015,4;1013,7;46,6;19,4;18,2;19,6;19;18,5;17,8;96;93;94;163;8,2;3,7;
2026/05/01;2100 UTC;4,2;1015,1;1015,7;1014,5;3,8;19,2;18,3;19,6;18,9;18,6;18,1;98;94;96;130;6,8;2,9;
2026/05/01;2200 UTC;8,6;1014,9;1016,5;1014;,1;18,8;18,4;19;18,7;18,6;18,3;98;98;98;124;6;3,2;
2026/05/01;2300 UTC;,4;1015;1015,8;1014,4;0;18,9;18,5;19;18,8;18,5;18,4;98;98;98;82;6,4;2,5;
2026/05/02;0000 UTC;5,2;1015,4;1015,9;1014,9;0;19,1;18,8;19,2;19;19;18,5;99;98;98;113;6,2;3,6;
2026/05/02;0100 UTC;8,2;1015;1015,7;1014,2;,4;19;18,7;19,2;18,9;19;18,6;99;98;99;85;6,2;3,2;
2026/05/02;0200 UTC;4;1014,5;1015,3;1013,7;,1;19,1;18,6;19,2;19;18,7;18,4;99;96;97;64;8,8;3,8;
2026/05/02;0300 UTC;6,4;1014,6;1015,3;1013,2;,1;19,1;18,5;19,2;19;18,6;18,4;98;96;97;58;8,2;5,6;
2026/05/02;0400 UTC;4;1013,1;1013,6;1012,8;,1;19,1;18,3;19,2;19;18,5;18,1;97;95;96;53;9,1;5,6;
2026/05/02;0500 UTC;5,8;1012,5;1013,7;1010,4;,1;19,1;18,3;19,2;19;18,4;18,2;97;95;96;52;9;4,7;
2026/05/02;0600 UTC;,6;1011,4;1012;1010,3;0;19,2;18,6;19,5;19;18,8;18,3;97;96;97;231;5,2;2,3;
2026/05/02;0700 UTC;0;1010,5;1011,1;1010,2;0;19,1;18,8;19,4;18,9;18,9;18,6;99;97;98;243;2;1,2;
2026/05/02;0800 UTC;,2;1010,7;1010,9;1010,4;0;18,7;18,5;18,9;18,6;18,6;18,5;99;99;99;284;2,6;1,4;
2026/05/02;0900 UTC;0;1011,2;1011,7;1010,6;0;18,6;18,5;18,7;18,5;18,7;18,4;100;100;100;264;3,3;1,7;
2026/05/02;1000 UTC;0;1012,2;1012,7;1011,7;,3;18,8;18,8;19;18,8;18,9;18,7;100;100;100;274;3,8;1,3;
2026/05/02;1100 UTC;0;1013,1;1013,6;1012,7;62,4;19,3;19,2;19,8;19;19,6;19;100;99;100;284;5,2;1,9;
2026/05/02;1200 UTC;0;1014,6;1015,4;1013,7;133,1;20,1;19,8;20,3;19,8;19,9;19,6;99;97;98;275;5,9;2,9;
2026/05/02;1300 UTC;0;1016,1;1016,8;1015,5;801,4;20,7;19,6;21,5;20,3;19,8;19,3;97;90;94;274;6,2;2,8;
2026/05/02;1400 UTC;0;1016,9;1017;1016,8;1208,2;21,9;19,5;22,3;21,5;19,9;19,2;90;85;88;305;5,3;2,6;
2026/05/02;1500 UTC;0;1017;1017,1;1016,8;1043,2;22,5;19,4;22,9;22,1;20;18,2;87;80;84;229;6,8;3,4;
2026/05/02;1600 UTC;0;1017,3;1017,6;1017;1297,9;22;17,2;22,9;21,5;18,3;16,7;81;72;76;202;9,7;5,1;
2026/05/02;1700 UTC;0;1017,9;1018,3;1017,5;805;21,1;16;21,7;20,8;16,8;15,4;78;72;75;222;7,8;4,1;
2026/05/02;1800 UTC;0;1018,2;1018,6;1018;838,6;21,1;15,7;21,5;20,4;16;15,4;77;70;73;200;6,7;3,7;
2026/05/02;1900 UTC;0;1019;1019,5;1018,6;564,6;19,7;15;20,4;19,1;15,8;14,1;78;74;76;198;8,4;4,7;
2026/05/02;2000 UTC;0;1019,8;1020,5;1019,4;316,6;18,8;13,8;19,1;18,6;14,3;13,4;76;74;75;195;6,4;3,1;
2026/05/02;2100 UTC;0;1020,7;1021;1020,4;72,6;18,3;13,5;18,6;18;13,7;13,2;77;74;76;190;4,9;2,3;
2026/05/02;2200 UTC;0;1021,3;1021,6;1021;0;17,8;13,3;18,1;17,1;13,7;13;81;76;78;186;2,9;1,4;
2026/05/02;2300 UTC;0;1022,1;1022,6;1021,6;0;16,9;12,6;17,2;16,1;13,2;11,9;81;76;79;204;3,7;1,4;
2026/05/03;0000 UTC;0;1023,1;1023,5;1022,6;0;15,9;10;16,3;15,5;12,2;8,3;82;62;70;201;7,2;3,1;
2026/05/03;0100 UTC;0;1023,9;1024,2;1023,4;0;15,3;8,2;15,7;14,9;8,6;7,7;66;63;64;199;6,6;2,4;
2026/05/03;0200 UTC;0;1024,7;1025,1;1024,2;0;14,5;7,7;15,1;14,2;8;7,1;67;64;66;208;5,4;2,6;
2026/05/03;0300 UTC;0;1025,4;1025,5;1025,1;0;13,5;7,7;14,5;12,4;8,5;7,3;80;65;71;271;2,5;,9;
2026/05/03;0400 UTC;0;1025,5;1025,6;1025,3;0;11,2;8;12,3;10,3;8,5;6,7;89;78;84;258;2,6;1,1;
2026/05/03;0500 UTC;0;1025,7;1025,8;1025,6;0;11,3;6;11,8;10,8;7,4;5,3;82;69;74;243;3,6;1,5;
2026/05/03;0600 UTC;0;1025,7;1025,8;1025,5;0;10,3;6,2;11,5;8,7;7;5,1;90;68;80;251;1,7;,9;
2026/05/03;0700 UTC;0;1025,5;1025,6;1025,4;0;8;6,7;9;7,3;7;6,5;97;89;94;274;1,6;,5;
2026/05/03;0800 UTC;0;1025,3;1025,5;1025,2;0;8,7;5,9;10;7,2;6,8;5;97;75;86;66;1,6;,9;
2026/05/03;0900 UTC;0;1025,4;1025,5;1025,3;0;9;5,7;9,7;8,3;6,5;4,5;90;76;83;239;2;,6;
2026/05/03;1000 UTC;0;1025,7;1025,9;1025,5;1,4;7,2;6,1;8,3;6,4;6,4;5,8;97;90;94;292;1,8;1;
2026/05/03;1100 UTC;0;1025,9;1026;1025,8;282,6;7,9;6,3;10,3;6,3;6,8;5,7;98;81;92;333;1,7;1,1;
2026/05/03;1200 UTC;0;1025,9;1026;1025,9;950,4;12,2;7,1;13,7;10,4;7,9;6,2;84;66;75;300;2,5;1,3;
2026/05/03;1300 UTC;0;1026;1026;1025,9;1644,6;14,2;7,5;15,1;13,5;8,6;6,8;73;63;66;293;2,8;1,4;
2026/05/03;1400 UTC;0;1025,9;1026,1;1025,6;2196,5;15,6;8,2;16,8;15;9,4;7,6;68;59;63;203;3;1,2;
2026/05/03;1500 UTC;0;1025,2;1025,6;1024,7;2594,8;16,9;8,8;18,1;16,3;10,3;8,2;66;57;60;128;2,5;1;
2026/05/03;1600 UTC;0;1024,4;1024,7;1023,9;2159,9;17,5;8,8;18;17;9,6;8;60;54;57;135;1,9;,7;
2026/05/03;1700 UTC;0;1023,4;1023,9;1022,8;2508,8;18,4;8,8;18,9;17,3;9,7;8,1;58;47;52;84;3,3;1,6;
2026/05/03;1800 UTC;0;1022,5;1022,8;1022,3;2066,8;18,9;9;19,3;18,4;10,5;7,9;57;47;51;131;3,5;1,6;
2026/05/03;1900 UTC;0;1022;1022,3;1021,7;1463,2;19,2;9,4;19,4;18,8;10;8,7;54;48;51;122;4,3;1,9;
2026/05/03;2000 UTC;0;1021,5;1021,8;1021,2;733,8;18,6;9,4;19,1;18,2;10,2;9;58;52;54;111;4,4;2;
2026/05/03;2100 UTC;0;1021,3;1021,4;1021,2;50,4;16,8;10;18,1;15,8;10,5;9;73;55;66;122;3,8;2;
2026/05/03;2200 UTC;0;1021,1;1021,4;1020,9;0;15,2;10,2;15,8;14,6;10,4;10,1;78;73;75;122;3,2;1,7;
2026/05/03;2300 UTC;0;1020,9;1021,2;1020,7;0;13,9;10,1;14,5;13,6;10,3;9,8;82;78;81;114;4,3;2;
2026/05/04;0000 UTC;0;1020,6;1020,8;1020,5;0;13,2;9,7;13,6;12,8;9,8;9,6;84;80;82;118;3,2;1,8;
2026/05/04;0100 UTC;0;1020,9;1021,1;1020,6;0;12,4;9,5;12,8;12,1;9,7;9,2;86;84;86;106;3,1;1,6;
2026/05/04;0200 UTC;0;1020,6;1020,8;1020,3;0;11,9;9,1;12,3;11,5;9,3;8,8;88;84;86;94;2,7;,9;
2026/05/04;0300 UTC;0;1020;1020,4;1019,8;0;11,1;9,1;11,6;10;9,4;8,8;94;87;90;142;1,5;,6;
2026/05/04;0400 UTC;0;1019,7;1020;1019,5;0;9,8;9,2;10,1;9,7;9,5;8,7;98;94;97;79;1,5;,6;
2026/05/04;0500 UTC;0;1019,3;1019,5;1018,8;0;8,9;8,4;9,6;8,4;8,9;8;99;96;98;50;1,4;1;
2026/05/04;0600 UTC;0;1018,3;1018,8;1017,9;0;8,9;8,6;9,1;8,6;8,8;8,3;99;98;99;135;,6;,3;
2026/05/04;0700 UTC;0;1018;1018,2;1017,6;0;8,4;8,2;8,8;8,1;8,7;7,8;99;99;99;63;1,1;,7;
2026/05/04;0800 UTC;0;1017,5;1017,6;1017,4;0;8,4;8,3;8,7;8,2;8,6;8;100;99;99;61;1,2;,8;
2026/05/04;0900 UTC;0;1017,4;1017,6;1017,3;0;9,1;9;9,9;8,5;9,7;8,4;100;99;100;67;2;1,3;
2026/05/04;1000 UTC;0;1017,5;1017,6;1017,4;1,4;9,1;8,7;9,9;8,4;9,7;8;99;97;98;89;,8;,5;
2026/05/04;1100 UTC;0;1017,6;1017,7;1017,4;284,6;10,1;9,6;12,3;8,6;10,7;8,3;99;90;97;120;1,2;,5;
2026/05/04;1200 UTC;0;1017,6;1017,8;1017,5;943,7;13,9;10,1;15,6;12,4;11;9,7;89;73;81;100;1,4;,6;
2026/05/04;1300 UTC;0;1017,6;1017,7;1017,5;1466;16,6;11,6;17,9;15,2;12,7;10,3;79;70;75;95;2,4;,9;
2026/05/04;1400 UTC;0;1017,7;1017,8;1017,4;1756,8;19,1;12,6;21;17,8;14;11,8;78;62;68;139;1,7;,7;
2026/05/04;1500 UTC;0;1016,9;1017,4;1016,5;2393;22;14;23,2;20,8;15;13,2;64;57;60;210;3,4;1,7;
2026/05/04;1600 UTC;0;1015,9;1016,5;1015,4;2458,9;24,4;15,6;25,2;23,4;16,4;14,6;60;54;56;243;4,2;2,4;
2026/05/04;1700 UTC;0;1015,3;1015,5;1015;1798,6;25,3;16,9;26;24,6;17,4;16,3;64;54;58;295;3,1;1,7;
2026/05/04;1800 UTC;0;1014,3;1015,1;1013,8;1693,9;25,9;17,5;26,9;24,9;18,4;16,9;61;55;58;253;2,1;1,1;
2026/05/04;1900 UTC;0;1013,9;1014,1;1013,7;872,2;25,7;18,1;26,4;25,3;18,5;17,6;65;57;62;317;3,8;2,3;
2026/05/04;2000 UTC;0;1014;1014,4;1013,9;264,5;24,3;18;25,3;23,1;18,4;17,5;74;65;68;263;7,1;3,6;
2026/05/04;2100 UTC;0;1014,7;1015,1;1014,4;33,8;22,3;18,1;23,1;21,9;18,3;17,8;82;74;79;131;3,3;1,3;
2026/05/04;2200 UTC;0;1015,1;1015,2;1015;0;21,2;18,8;21,8;20,7;19,2;18,3;92;82;88;37;,7;,4;
2026/05/04;2300 UTC;0;1015,2;1015,3;1015;0;20,2;19,2;20,7;20;19,4;18,9;96;92;95;142;,6;,3;
2026/05/05;0000 UTC;0;1015,6;1015,8;1015,3;0;19,9;19,2;20;19,9;19,3;19;97;96;96;78;1,4;,4;
2026/05/05;0100 UTC;0;1015,7;1015,8;1015,6;0;19,5;18,9;19,9;19,1;19,2;18,5;98;96;97;211;,7;,2;
2026/05/05;0200 UTC;0;1015,8;1016;1015,7;0;18,8;18,4;19,2;18,5;18,7;18,1;99;97;98;131;,4;,2;
2026/05/05;0300 UTC;0;1016;1016,1;1015,8;0;18,4;18,1;18,5;18,1;18,3;17,8;99;98;99;221;,8;,4;
2026/05/05;0400 UTC;0;1015,9;1016,1;1015,8;0;18,1;17,9;18,2;17,9;18;17,6;99;99;99;163;1;,2;
2026/05/05;0500 UTC;0;1015,8;1015,9;1015,7;0;18;17,9;18,1;18;18;17,8;99;99;99;229;,6;,2;
2026/05/05;0600 UTC;0;1015,5;1015,6;1015,4;0;18,2;18;18,5;17,9;18,2;17,7;100;98;99;210;3,6;1,8;
2026/05/05;0700 UTC;0;1015,4;1015,6;1015,2;0;18,3;18;18,6;18;18,2;17,6;98;98;98;281;2,1;,8;
2026/05/05;0800 UTC;0;1015,3;1015,5;1015,2;0;18,2;18;18,5;18;18,3;17,7;99;98;99;47;1,2;,9;
2026/05/05;0900 UTC;0;1015,6;1015,8;1015,5;0;18,1;17,9;18,3;17,9;18;17,7;99;99;99;158;,7;,4;
2026/05/05;1000 UTC;0;1016,2;1016,4;1015,8;1,3;18;17,8;18,2;17,8;18;17,6;99;99;99;15;1,6;1,1;
2026/05/05;1100 UTC;0;1016,8;1017,1;1016,4;184,4;18;17,8;19,2;17,6;18,9;17,4;99;98;99;143;1,1;,4;
2026/05/05;1200 UTC;0;1017,2;1017,4;1017,1;686,6;21,1;19;22;19,3;19,7;18,6;98;86;90;203;1,5;,8;
2026/05/05;1300 UTC;0;1017,8;1018,1;1017,5;1178,2;23,4;19,9;25,6;21,9;20,8;19,3;89;74;83;88;1,7;,7;
2026/05/05;1400 UTC;0;1017,9;1018,1;1017,7;1841,6;26,8;20,3;27,6;25,7;20,8;19,9;75;62;68;279;4,5;2,3;
2026/05/05;1500 UTC;0;1017,7;1017,9;1017,4;2351,1;28,2;20,8;28,8;27,4;21,4;20,2;66;60;63;320;4,9;2,7;
2026/05/05;1600 UTC;0;1016,9;1017,4;1016,5;2411,7;29,5;21,2;30,2;28,9;21,6;20,9;62;56;59;298;5,2;2,5;
2026/05/05;1700 UTC;0;1016,3;1016,6;1015,9;2247,8;30,3;21,6;30,6;29,9;22,1;21,2;59;55;57;286;5,7;2,1;
2026/05/05;1800 UTC;0;1015,6;1015,8;1015,4;1873;30,7;22;31;30,2;22,4;21,3;59;54;56;298;3,6;1,8;
2026/05/05;1900 UTC;0;1015,5;1015,6;1015,4;1053,7;30,5;22;31,1;30,1;22,5;21,5;60;55;58;252;2,3;1,3;
2026/05/05;2000 UTC;0;1015,7;1015,8;1015,6;613,7;30,1;21,9;30,9;29,3;22,4;21,5;63;54;59;237;2,2;1,1;
2026/05/05;2100 UTC;0;1015,9;1016,1;1015,7;44,2;27;21,9;29,3;24,7;22,3;21,6;86;63;74;206;1,7;,9;
2026/05/05;2200 UTC;0;1016,3;1016,5;1016,1;0;23,7;21,8;24,7;22,9;22,3;21,3;92;86;90;35;1;,6;
2026/05/05;2300 UTC;0;1016,7;1016,8;1016,5;0;22,3;21;22,8;22;21,4;20,8;95;93;94;84;1,5;,9;
2026/05/06;0000 UTC;0;1016,7;1016,8;1016,6;0;22,3;20,9;22,9;21,9;21,2;20,6;95;90;93;138;1,7;1;
2026/05/06;0100 UTC;0;1016,8;1016,9;1016,7;0;22,1;20,7;22,4;21,9;21;20,4;95;91;93;114;2,4;1,4;
2026/05/06;0200 UTC;0;1016,8;1016,9;1016,7;0;22,1;20,4;22,3;21,8;20,5;20,2;92;91;91;117;2,2;1,2;
2026/05/06;0300 UTC;0;1016,9;1017,2;1016,6;0;21,3;19,9;21,8;21;20,2;19,6;94;92;93;104;1,8;1;
2026/05/06;0400 UTC;0;1017,2;1017,5;1017;0;21,1;19,6;21,3;20,9;19,8;19,5;94;91;92;100;1,8;1;
2026/05/06;0500 UTC;0;1017,3;1017,4;1017,1;0;20,8;19,5;21;20,7;19,6;19,4;94;92;93;65;1,8;,8;
2026/05/06;0600 UTC;0;1017,3;1017,5;1017,1;0;19,8;19;20,7;19,2;19,4;18,6;98;93;96;213;,8;,5;
2026/05/06;0700 UTC;0;1017;1017,1;1016,8;0;18,7;18,3;19,3;18,5;18,8;18;99;97;98;101;,9;,4;
2026/05/06;0800 UTC;0;1016,6;1016,9;1016,2;0;18;17,7;18,6;17,7;18,4;17,4;99;98;98;144;1,1;,4;
2026/05/06;0900 UTC;0;1016,3;1016,5;1016,1;0;17,7;17,6;18;17,5;17,9;17,3;99;99;99;165;1;,4;
2026/05/06;1000 UTC;0;1016,5;1016,7;1016,3;1;17,9;17,8;18,2;17,7;18,1;17,5;100;99;99;127;1,2;,6;
2026/05/06;1100 UTC;0;1017;1017,4;1016,7;105,9;18,5;18,3;18,9;17,9;18,6;17,8;100;99;99;141;,8;,2;
2026/05/06;1200 UTC;0;1017,5;1017,6;1017,4;476,7;20,2;19,7;21,9;18,9;20,6;18,7;99;92;97;241;,8;,3;
2026/05/06;1300 UTC;0;1017,6;1017,7;1017,4;925,8;23,4;20,3;25,6;22;21,2;19,7;91;74;84;130;,9;,3;
2026/05/06;1400 UTC;0;1017;1017,4;1016,5;1834;27,2;20,8;29,1;25,6;21,6;19,6;72;62;68;185;3,7;1,8;
2026/05/06;1500 UTC;0;1016,2;1016,5;1015,9;2207,7;30,3;21,7;31,1;29,1;22,6;20,9;63;54;57;300;6,6;2,7;
2026/05/06;1600 UTC;0;1015,3;1015,8;1014,8;2310;31,4;22,2;32;30,8;22,8;21,9;58;50;54;300;7,2;3,3;
2026/05/06;1700 UTC;0;1014,2;1014,7;1013,7;2239,5;32,3;22,4;32,9;31,9;23,1;22;52;49;51;319;4,8;2,8;
2026/05/06;1800 UTC;0;1013,3;1013,7;1012,9;1749,1;32,9;22,9;33,1;32,6;23,3;22,6;52;49;50;324;4,4;2,5;
2026/05/06;1900 UTC;0;1012,7;1012,9;1012,6;1224,5;33;23,1;33,2;32,7;23,5;22,7;53;49;51;314;2,8;1,3;
2026/05/06;2000 UTC;0;1012,7;1012,7;1012,6;501,4;32,6;23,4;33,2;31,7;24,9;22,8;62;49;54;222;,6;,2;
2026/05/06;2100 UTC;0;1012,5;1012,6;1012,4;40,7;28,7;23,6;32,1;26,6;24,1;23,1;85;60;75;55;1,1;,8;
2026/05/06;2200 UTC;0;1012,7;1012,9;1012,5;0;26,2;22,3;26,6;25,5;23;21,8;86;77;81;102;3,9;1,9;
2026/05/06;2300 UTC;0;1012,8;1012,9;1012,8;0;25,1;22,1;25,7;24,8;22,2;22;87;82;85;127;3,2;1,6;
2026/05/07;0000 UTC;0;1013;1013,1;1012,8;0;24,4;22;24,8;24;22,1;21,9;90;86;88;117;2,2;1,3;
2026/05/07;0100 UTC;0;1012,8;1013;1012,6;0;23,6;21,8;24;23,4;21,9;21,7;92;89;91;105;2,3;1,4;
2026/05/07;0200 UTC;0;1012,5;1012,7;1012,1;0;23,1;21,6;23,4;22,8;21,7;21,4;93;91;92;106;1,5;,8;
2026/05/07;0300 UTC;0;1012;1012,2;1011,7;0;22,2;21,2;22,8;21,8;21,5;21;97;93;95;96;1,8;,8;
2026/05/07;0400 UTC;0;1011,4;1011,7;1011,1;0;21,7;20,8;21,8;21,5;21;20,5;97;95;96;97;,8;,4;
2026/05/07;0500 UTC;0;1010,2;1010,2;1010,2;0;20,8;20,3;20,8;20,8;20,3;20,3;98;98;98;95;1,2;,6;
2026/05/07;0600 UTC;0;1009,7;1009,7;1009,7;0;19,6;19,2;19,6;19,6;19,2;19,2;98;98;98;261;,7;,7;
2026/05/07;0700 UTC;0;1008,6;1008,6;1008,6;0;19,5;19,2;19,5;19,5;19,2;19,2;98;98;98;48;1,5;1,4;
2026/05/07;0800 UTC;0;1008,4;1008,4;1008,4;0;19,1;18,8;19,1;19,1;18,8;18,8;98;98;98;105;1;,3;
2026/05/07;0900 UTC;0;1008,1;1008,1;1008,1;0;19;18,7;19;19;18,7;18,7;99;99;99;106;,9;,7;
2026/05/07;1000 UTC;0;1008,3;1008,3;1008,3;21,7;18,1;17,8;18,1;18,1;17,8;17,8;98;98;98;221;,8;,7;
2026/05/07;1100 UTC;0;1008,2;1008,2;1008,2;570,3;21,6;19,7;21,6;21,6;19,7;19,7;91;91;91;102;1,2;,6;
2026/05/07;1200 UTC;0;1007,9;1007,9;1007,9;527,6;26,2;22;26,2;26,2;22;22;79;79;79;40;1,1;,7;
2026/05/07;1300 UTC;0;1007,8;1007,8;1007,8;1247;29;21,4;29;29;21,4;21,4;62;62;62;18;2;1,3;
2026/05/07;1400 UTC;0;1006,1;1006,1;1006,1;2387,9;30,7;20,7;30,7;30,7;20,7;20,7;50;50;50;50;7,5;5,3;
2026/05/07;1500 UTC;0;1004,2;1004,2;1004,2;2477,1;31,4;20,4;31,4;31,4;20,4;20,4;45;45;45;255;11,7;6,2;
2026/05/07;1600 UTC;0;1002,6;1002,6;1002,6;2550,1;32,2;20,8;32,2;32,2;20,8;20,8;43;43;43;133;10,6;6,2;
2026/05/07;1700 UTC;0;1001,5;1001,5;1001,5;1066,4;31,9;20,2;31,9;31,9;20,2;20,2;41;41;41;326;10;6,3;
2026/05/07;1800 UTC;0;1001,5;1001,5;1001,5;565,6;31,1;19,8;31,1;31,1;19,8;19,8;43;43;43;329;5,6;3,6;
2026/05/07;1900 UTC;0;1001,8;1001,8;1001,8;233,2;31;19,3;31;31;19,3;19,3;42;42;42;339;7,4;4,3;
2026/05/07;2000 UTC;0;1001,6;1001,6;1001,6;117,3;29,7;19,1;29,7;29,7;19,1;19,1;47;47;47;55;3,3;2,2;
2026/05/07;2100 UTC;0;1002;1002;1002;0;27,6;18,6;27,6;27,6;18,6;18,6;55;55;55;40;2,8;1,7;
2026/05/07;2200 UTC;0;1001,8;1001,8;1001,8;0;27,2;18,5;27,2;27,2;18,5;18,5;57;57;57;109;3;1,9;
2026/05/07;2300 UTC;0;1001,4;1001,4;1001,4;0;24,6;18;24,6;24,6;18;18;67;67;67;19;3,7;2,1;
2026/05/08;0000 UTC;0;1001;1001;1001;0;27,1;17,7;27,1;27,1;17,7;17,7;53;53;53;109;4;2,4;
2026/05/08;0100 UTC;0;1000,9;1001,1;1000,7;0;28,1;17,9;28,7;27,1;18,1;17,7;54;47;49;48;6,2;3;
2026/05/08;0200 UTC;0;1000,6;1000,9;1000,2;0;28,8;18,2;29,2;28,7;18,3;18,1;48;45;47;169;9,1;4,3;
2026/05/08;0300 UTC;0;1002,4;1003,9;1000,4;6,1;25,6;17,7;29,3;21,3;18,5;16,9;81;45;61;269;8,9;4,1;
2026/05/08;0400 UTC;,2;1003,1;1003,4;1002,5;0;20,9;17,5;21,2;20,7;17,9;17,2;85;81;83;274;6,6;3,3;
2026/05/08;0500 UTC;0;1002,4;1002,6;1002,2;0;21;17,4;21,1;20,8;17,6;17,3;83;81;82;311;5,9;3;
2026/05/08;0600 UTC;1,6;1003,6;1004,7;1002,5;2,2;20;17,8;21,3;18,1;18,4;16,4;93;81;89;284;11,3;4,9;
2026/05/08;0700 UTC;,6;1004,4;1005,2;1003,7;1,1;16,9;15,3;18;16;16,7;14,4;95;89;92;286;8,5;3,6;
2026/05/08;0800 UTC;0;1004,8;1005,5;1004,3;0;16,1;13,9;16,2;16;14,5;13,6;93;87;89;314;6,2;3,2;
2026/05/08;0900 UTC;0;1006;1006,4;1005,6;0;16;12,5;16,2;15,8;13,8;11,8;89;80;82;282;9,9;4,4;
2026/05/08;1000 UTC;0;1006,7;1007,2;1006,3;,2;15,8;11,5;15,9;15,7;12,1;10,8;82;75;78;276;13,2;5,5;
2026/05/08;1100 UTC;0;1008,1;1009;1007,2;23,2;15,6;11,3;15,8;15,4;11,6;10,9;81;75;79;269;7,5;4;
2026/05/08;1200 UTC;0;1009,3;1009,5;1009;377,2;15,3;9,5;16;15,1;11,5;8,6;80;64;71;275;8,7;4,6;
2026/05/08;1300 UTC;0;1009,3;1009,4;1009;1248,8;16,3;9;17;16;9,7;8,4;67;61;64;288;8,3;4,3;
2026/05/08;1400 UTC;0;1008,9;1009,2;1008,5;2079,8;18,2;10,2;18,9;17,2;10,8;9,3;63;56;60;314;9,9;4,4;
2026/05/08;1500 UTC;0;1008,4;1008,8;1007,9;2468,9;19,3;9,8;19,9;19;10,7;9,3;58;47;52;298;11,5;5;
2026/05/08;1600 UTC;0;1007,9;1008,1;1007,5;2548,9;20,1;9,2;20,5;19,7;9,7;8,7;48;43;45;286;9,8;4,6;
2026/05/08;1700 UTC;0;1007;1007,6;1006,7;2372,7;20,4;9,5;20,8;19,7;10,2;9;48;43;46;283;11,4;5,4;
2026/05/08;1800 UTC;0;1007;1007,2;1006,8;1985,4;20,7;9,5;20,9;20,5;10,1;9;47;42;44;276;8,7;4,4;
2026/05/08;1900 UTC;0;1007,2;1007,3;1007;1392,5;20,7;9,5;20,9;20,5;9,9;9,2;47;42;44;277;8;4,2;
2026/05/08;2000 UTC;0;1007,4;1007,7;1007,2;646,5;20,3;9,3;20,6;19,5;9,6;9,1;50;44;45;281;6,8;2,8;
2026/05/08;2100 UTC;0;1007,9;1008,3;1007,6;45,5;17,9;9,3;19,5;16,7;9,8;9;63;48;57;258;5;2,8;
2026/05/08;2200 UTC;0;1008,9;1009,5;1008,3;0;16;8,6;16,7;15,3;9,1;7,6;66;61;63;253;5,7;2,8;
2026/05/08;2300 UTC;0;1010,1;1010,5;1009,5;0;14,5;7,6;15,2;14;8;7,4;70;62;66;285;2,1;,7;
2026/05/09;0000 UTC;0;1011;1011,6;1010,5;0;14,6;7,4;14,8;13,9;8,2;7,1;71;62;64;271;7,2;3;
2026/05/09;0100 UTC;0;1011,9;1012,2;1011,5;0;14,2;7,1;14,7;13,9;7,4;6,7;67;63;65;269;4,9;2,4;
2026/05/09;0200 UTC;0;1012,3;1013;1012,1;0;13,1;6,7;13,9;12,6;7;6;71;65;68;278;4,2;2,1;
2026/05/09;0300 UTC;0;1013;1013,8;1012,8;0;11,9;6,2;12,6;11,1;6,7;5,7;78;67;71;310;2,1;1,1;
2026/05/09;0400 UTC;0;1013,8;1014,1;1013,5;0;10,7;6,2;11,1;10,4;6,6;5,8;80;76;78;315;2,1;1,1;
2026/05/09;0500 UTC;0;1014,3;1014,8;1013,9;0;10,2;5,4;10,5;9,8;6,1;5;79;73;76;318;2,9;1,4;
2026/05/09;0600 UTC;0;1014,6;1015,1;1014,3;0;10,2;5;10,5;9,9;5,2;4,9;76;72;74;288;3,3;1,5;
2026/05/09;0700 UTC;0;1015,4;1015,9;1015;0;9,8;4,9;10;9,4;5,2;4,6;79;73;75;298;4;1,4;
2026/05/09;0800 UTC;0;1015,9;1016,1;1015,6;0;9;4,9;9,3;8,6;5,3;4,5;81;79;80;294;1,8;1;
2026/05/09;0900 UTC;0;1016,2;1016,4;1016;0;8,1;4,6;8,5;7,8;4,9;4,2;85;79;82;297;2,4;,7;
2026/05/09;1000 UTC;0;1016,9;1017,3;1016,3;,1;8;4,1;8,2;7,8;4,5;3,9;83;79;81;301;1,7;,8;
2026/05/09;1100 UTC;0;1017,6;1017,9;1017,3;211,1;8,7;4,4;10,7;7,5;5;4;85;69;78;317;4;2;
2026/05/09;1200 UTC;0;1018,1;1018,4;1017,8;868,2;12;4,6;13,2;10,8;5,3;4,3;69;59;63;301;3,9;1,7;
2026/05/09;1300 UTC;0;1018,3;1018,5;1018,2;1553,5;13,9;4,5;14,7;13,2;5,6;3,9;62;48;53;292;6,9;3;
2026/05/09;1400 UTC;0;1018,2;1018,5;1017,6;2044,9;15,3;4,4;16;14,4;5;3,7;51;40;45;304;8,2;3,5;
2026/05/09;1500 UTC;0;1018;1018,2;1017,6;1468,8;15,6;4,3;16,1;15,2;4,7;3,5;45;41;43;312;8,8;4,1;
2026/05/09;1600 UTC;0;1017;1017,7;1016,7;1389,9;16,1;4,3;16,4;15,7;5,1;3,4;46;37;41;309;6,9;3,7;
2026/05/09;1700 UTC;0;1016,7;1016,9;1016,5;864,6;16;4;16,5;15,8;4,6;3,5;42;37;40;309;6,9;3,6;
2026/05/09;1800 UTC;0;1016,4;1016,6;1016,2;1045,9;16,5;4,9;16,7;16,2;5,8;4,2;46;39;42;314;6,2;3,2;
2026/05/09;1900 UTC;0;1016,2;1016,5;1016;816,7;16,5;6,1;17;16,3;6,7;5,3;50;45;48;311;7,9;3,8;
2026/05/09;2000 UTC;0;1016,5;1016,8;1016,3;617;16,7;6,6;16,9;16,2;7;6,3;53;48;50;316;6,4;2,1;
2026/05/09;2100 UTC;0;1016,9;1017,2;1016,7;45,2;15,1;6,8;16,1;13,5;7,8;6,5;70;53;59;325;1,7;,8;
2026/05/09;2200 UTC;0;1017,7;1018,6;1017;0;12,1;7,3;13,2;11,6;8;6,5;81;69;76;296;2,9;1,5;
2026/05/09;2300 UTC;0;1019,1;1019,4;1018,6;0;12,7;5,4;13,1;11,4;6,6;5;76;60;64;285;4,9;2,4;
2026/05/10;0000 UTC;0;1019,9;1020,3;1019,4;0;12;5,4;12,6;11,3;5,6;5,3;71;63;67;296;4,9;1,9;
2026/05/10;0100 UTC;0;1020,7;1021;1020,2;0;11,3;5,8;11,4;11;6,1;5,5;74;71;73;285;6;2,6;
2026/05/10;0200 UTC;0;1021,3;1021,4;1021;0;10,6;5,8;11,1;9,9;6;5,5;78;74;76;295;5,6;2,4;
2026/05/10;0300 UTC;0;1021,9;1022,2;1021,4;0;9,7;5,4;10;9,4;5,6;5,2;80;78;79;285;5,4;1,9;
2026/05/10;0400 UTC;0;1022,1;1022,3;1021,9;0;9,3;5,4;9,5;9,1;5,5;5,3;82;80;80;308;3,2;1,4;
2026/05/10;0500 UTC;0;1022,2;1022,4;1022,1;0;8,5;5,6;9,2;8,1;5,7;5,4;88;81;85;323;2,7;1,8;
2026/05/10;0600 UTC;0;1022,2;1022,4;1022,1;0;9;5,7;9,3;8,4;5,8;5,5;87;82;83;321;4,2;2,4;
2026/05/10;0700 UTC;0;1022,3;1022,4;1021,9;0;9,2;5,8;10;8,7;6,1;5,4;84;80;83;297;4,7;2,2;
2026/05/10;0800 UTC;0;1021,8;1022;1021,7;0;10,1;6,2;10,3;9,7;6,5;5,9;83;79;81;287;6,8;3,4;
2026/05/10;0900 UTC;0;1022;1022,3;1021,7;0;10;7,2;10,4;9,6;7,9;6,4;91;80;86;277;6,9;3,1;
2026/05/10;1000 UTC;0;1022,4;1022,9;1022;,1;9,6;7,2;10;9,4;7,3;7;90;86;88;303;4,9;2,3;
2026/05/10;1100 UTC;0;1023,2;1023,4;1022,9;57,7;9,7;7,2;9,9;9,5;7,5;6,9;90;86;88;310;5,1;2,6;
2026/05/10;1200 UTC;0;1023,5;1023,7;1023,2;279,7;10,1;7,3;10,3;9,7;7,8;7;89;83;86;295;5,5;2,3;
2026/05/10;1300 UTC;0;1023,5;1023,7;1023,1;549;10,9;6,9;11,5;10,1;8;6,1;90;73;80;277;7,4;3,8;
2026/05/10;1400 UTC;0;1023,3;1023,5;1023,1;714,5;11,7;6,4;12,9;11,3;7,1;5,8;77;66;74;287;8;3,7;
2026/05/10;1500 UTC;0;1022,8;1023,2;1022,4;1525,9;13;5,7;14;12,1;6,5;5,2;67;58;64;282;9,1;5;
2026/05/10;1600 UTC;0;1022,1;1022,5;1021,6;1966,1;14,1;5,5;15;13,4;6,2;4,8;62;55;57;268;10;5,1;
2026/05/10;1700 UTC;0;1021,1;1021,7;1020,5;1933,5;14,6;5,4;15,9;13,5;6,1;5;59;49;54;284;10,6;4,7;
2026/05/10;1800 UTC;0;1020,5;1020,9;1020,2;1169,6;14,4;5,1;15,6;13,8;5,6;4,7;56;47;53;279;11;4,7;
2026/05/10;1900 UTC;0;1020,5;1020,7;1020,2;1066,4;14,5;5;14,9;13,7;5,5;4,6;57;49;53;280;8,3;4,5;
2026/05/10;2000 UTC;0;1020,9;1021,1;1020,6;643,1;14,2;4,7;14,9;13,5;5,2;4,4;57;50;52;277;9,2;3,8;
2026/05/10;2100 UTC;0;1020,9;1021,2;1020,8;41,9;12,8;4,7;13,4;12;4,8;4,5;63;56;59;283;5,6;2,8;
2026/05/10;2200 UTC;0;1021,5;1021,8;1021,2;0;11,6;4,7;12,1;11;4,8;4,6;69;63;65;289;3,8;2;
2026/05/10;2300 UTC;0;1022,2;1022,7;1021,7;0;10,6;4,7;11;10,3;4,7;4,6;72;68;70;295;4,5;2,1;
2026/05/11;0000 UTC;0;1023;1023,2;1022,7;0;10;4,7;10,4;9,6;4,8;4,5;75;71;73;314;3,5;1,8;
2026/05/11;0100 UTC;0;1023,3;1023,4;1023,2;0;10,3;4,9;10,4;10,1;5,1;4,7;75;72;73;323;5,5;2,8;
2026/05/11;0200 UTC;0;1023,3;1023,4;1023,1;0;10,2;5;10,3;10;5,2;4,9;75;74;74;314;4,6;2;
2026/05/11;0300 UTC;0;1023;1023,2;1022,7;0;9,6;4,9;10;9,4;5,1;4,8;78;74;76;324;4,4;2,2;
2026/05/11;0400 UTC;0;1022,4;1022,7;1022,3;0;9,4;4,8;9,6;9,1;4,9;4,7;78;76;77;321;4,6;2,2;
2026/05/11;0500 UTC;0;1022,2;1022,3;1022,2;0;9,2;4,7;9,4;8,9;4,8;4,6;79;76;78;318;5,4;2,6;
2026/05/11;0600 UTC;0;1022,2;1022,2;1022;0;8,5;4,7;8,9;8;4,8;4,6;83;79;81;324;3,7;1,7;
2026/05/11;0700 UTC;0;1021,9;1022;1021,9;0;7,9;4,7;8,1;7,6;4,7;4,5;85;83;84;317;2,9;1,2;
2026/05/11;0800 UTC;0;1022;1022,2;1021,9;0;6,8;4,5;7,6;5,4;4,7;4,1;95;85;89;312;2,3;1,1;
2026/05/11;0900 UTC;0;1022,2;1022,3;1022;0;6,2;4,5;6,9;5,3;4,8;4,1;96;88;92;311;3,2;1,6;
2026/05/11;1000 UTC;0;1022,3;1022,6;1022,1;,1;7,4;4,4;7,6;6,9;4,5;4,2;88;83;85;306;3,6;1,6;
2026/05/11;1100 UTC;0;1022,7;1022,9;1022,6;209,6;8,1;4,3;8,9;7,3;4,5;4,1;84;78;81;310;4,2;2,2;
2026/05/11;1200 UTC;0;1023,1;1023,2;1022,9;855,2;10;4,7;11,1;8,9;5,1;4,4;78;69;74;310;6,8;3,1;
2026/05/11;1300 UTC;0;1023,1;1023,2;1022,9;1552;12,1;4,9;13;11,2;5,4;4,5;69;60;64;302;8;3,8;
2026/05/11;1400 UTC;0;1022,8;1022,9;1022,6;2107,4;13,8;4,9;14,7;13,1;5,6;4,4;60;52;55;272;8,5;4,5;
2026/05/11;1500 UTC;0;1022,3;1022,7;1021,9;2459,4;14,9;5,3;15,6;14,2;5,8;4,7;55;49;52;295;9,9;4,3;
2026/05/11;1600 UTC;0;1021,7;1022;1021,3;2537,8;16;5,7;16,8;15,5;6,5;5,3;51;47;48;285;8,5;4,3;
2026/05/11;1700 UTC;0;1020,9;1021,3;1020,6;2374,2;17;6;17,5;16,6;6,8;5,3;48;42;45;283;10,3;5;
2026/05/11;1800 UTC;0;1020,6;1020,7;1020,5;1993,5;17,3;6,1;17,7;16,9;6,7;5,3;46;40;44;265;9,1;4,5;
2026/05/11;1900 UTC;0;1020,7;1020,9;1020,5;1392;17,6;6,3;18,1;17,4;6,9;5,7;46;41;43;278;8,6;4,3;
2026/05/11;2000 UTC;0;1021;1021,1;1020,8;635,4;17;5,9;17,6;16,3;6,2;5,6;48;41;44;273;7,1;3,3;
2026/05/11;2100 UTC;0;1021,3;1021,5;1021;34,5;15;5,7;16,2;13,7;6;5,3;58;48;53;297;3,9;1,8;
2026/05/11;2200 UTC;0;1021,7;1021,9;1021,5;0;12,4;5,4;13,6;10,7;5,8;5,1;74;59;65;295;1,9;,9;
2026/05/11;2300 UTC;0;1022,1;1022,3;1021,9;0;10,1;5,5;10,7;9,4;5,9;5,2;81;73;77;305;1,9;1,1;
2026/05/12;0000 UTC;0;1022,5;1022,6;1022,3;0;8,7;5,8;9,7;8,3;6,2;5,4;89;79;85;330;1,8;1,1;
2026/05/12;0100 UTC;0;1022,7;1022,8;1022,6;0;8,6;5,7;9,2;8,1;6,2;5,4;90;82;86;312;2,2;1,1;
2026/05/12;0200 UTC;0;1022,7;1022,8;1022,6;0;8,7;5,2;9,1;8,4;5,5;5;85;80;83;318;3,3;1,3;
2026/05/12;0300 UTC;0;1022,4;1022,6;1022,3;0;8,8;5,3;9,3;8,3;5,4;5,1;85;80;82;312;1,8;1;
2026/05/12;0400 UTC;0;1022,1;1022,3;1021,9;0;8,3;5,4;8,7;7,8;5,6;5,2;88;83;86;297;1,2;,8;
2026/05/12;0500 UTC;0;1021,9;1022;1021,8;0;7;5,6;7,8;6,6;5,8;5,4;96;89;93;245;,7;,4;
2026/05/12;0600 UTC;0;1021,6;1021,9;1021,4;0;6,3;5,7;6,6;6;5,9;5,6;98;96;97;213;1,9;1,2;
2026/05/12;0700 UTC;0;1021,2;1021,4;1021;0;5,4;4,8;6;5;5,6;4,3;98;97;97;274;1,4;,7;
2026/05/12;0800 UTC;0;1021;1021;1020,9;0;5,2;4,8;5,7;4,8;5,3;4,4;99;97;98;289;1,6;,9;
2026/05/12;0900 UTC;0;1021,1;1021,2;1020,9;0;5;4,6;5,6;4,7;5,1;4,2;99;97;98;260;1,9;1;
2026/05/12;1000 UTC;0;1021,6;1021,9;1021,2;,2;4,3;4;5;3,7;4,6;3,4;99;98;99;258;1,1;,8;
2026/05/12;1100 UTC;0;1021,8;1021,9;1021,8;275,7;4,7;4,4;6,3;4;5,6;3,8;99;97;98;279;1,4;,9;
2026/05/12;1200 UTC;0;1021,8;1021,9;1021,6;940,6;8,8;6,3;11,3;6,3;7,1;5,6;96;75;88;298;3,9;1,8;
2026/05/12;1300 UTC;0;1021,6;1021,7;1021,4;1618,3;12,9;6,5;14,5;11,3;7,1;6;76;60;68;308;5,6;2,9;
2026/05/12;1400 UTC;0;1021;1021,4;1020,7;2101;16;7,1;17;14,6;7,6;6,8;63;50;56;318;6,2;3,3;
2026/05/12;1500 UTC;0;1020,1;1020,6;1019,6;2475;17,5;7,2;18,1;16,9;7,5;6,7;52;44;48;292;7,8;3,9;
2026/05/12;1600 UTC;0;1019;1019,6;1018,3;2530,7;18,8;7,8;19,6;18,1;8,7;7,2;47;42;45;304;7;2,8;
2026/05/12;1700 UTC;0;1017,9;1018,3;1017,5;2375,4;20,1;7,7;20,5;19,6;8,4;7,2;42;35;38;296;6,8;3,2;
2026/05/12;1800 UTC;0;1017,1;1017,2;1016,9;1814,5;20,2;8,2;20,4;20,1;8,6;8,1;41;39;40;278;6,7;3,5;
2026/05/12;1900 UTC;0;1016,6;1016,9;1016,3;1381,7;20,5;8,2;20,8;20,2;8,6;7,8;42;36;39;293;7,8;3,5;
2026/05/12;2000 UTC;0;1016,2;1016,3;1016,1;611,6;20;8,4;20,5;18,8;8,7;8,2;48;39;42;276;6,7;2,1;
2026/05/12;2100 UTC;0;1016,1;1016,2;1016;31;17,1;8;18,7;15,1;8,2;7,6;66;48;54;294;4,3;,9;
2026/05/12;2200 UTC;0;1016,3;1016,4;1016,1;0;13;8,1;15;11,5;8,4;7,7;84;65;75;302;1,3;,8;
2026/05/12;2300 UTC;0;1016,5;1016,6;1016,4;0;10,5;8;11,6;9,7;8,4;7,6;91;83;87;318;2,2;1,3;
2026/05/13;0000 UTC;0;1016,6;1016,8;1016,5;0;10,1;7,8;10,7;9,6;8;7,5;91;84;88;166;2,5;,9;
2026/05/13;0100 UTC;0;1017,1;1017,3;1016,9;0;8,9;7,4;9,4;8,4;7,8;7;95;90;93;16;1,6;,7;
2026/05/13;0200 UTC;0;1017,6;1017,9;1017,3;0;7,6;6,8;8,4;7,2;7,4;6,4;97;94;96;150;1;,6;
2026/05/13;0300 UTC;0;1017,8;1017,9;1017,6;0;7,4;6,8;7,8;7,1;7,2;6,3;98;96;97;304;2,7;1,2;
2026/05/13;0400 UTC;0;1018;1018,2;1017,8;0;7,4;6,9;8,1;6,9;7,8;6,4;99;97;98;300;2,3;1,3;
2026/05/13;0500 UTC;0;1018;1018,1;1018;0;8,6;7,3;9,4;7,5;7,8;6,9;98;89;94;302;3,1;1,5;
2026/05/13;0600 UTC;0;1018;1018,1;1017,9;0;9,6;7,4;10,1;9;7,6;7,1;92;86;89;255;3,2;1,4;
2026/05/13;0700 UTC;0;1018,1;1018,2;1018;0;7,9;6,8;9;7,2;7,3;6,4;97;92;94;273;2,7;1,5;
2026/05/13;0800 UTC;0;1018,2;1018,4;1018;0;7,2;6,5;7,4;7;6,9;6,3;98;96;97;301;2,9;1,4;
2026/05/13;0900 UTC;0;1018,1;1018,4;1018;0;7,4;6,5;8;6,9;7,1;6;98;93;95;277;3,7;1;
2026/05/13;1000 UTC;0;1018,7;1019,2;1018,2;0;6,3;5,9;6,8;5,6;6,3;5,3;98;96;98;219;1,9;,6;
2026/05/13;1100 UTC;0;1019,4;1019,6;1019,2;171,7;5,9;5,7;7,7;5,5;7,3;5,2;99;98;99;259;1,5;,4;
2026/05/13;1200 UTC;0;1019,7;1020;1019,6;943,9;10,5;7,8;12,6;7,8;8,8;7,2;97;79;86;234;2,2;1,2;
2026/05/13;1300 UTC;0;1020;1020,1;1019,8;1599,6;14,3;7,9;15,6;12,6;8,8;7,2;80;61;68;303;4,3;2,1;
2026/05/13;1400 UTC;0;1019,4;1019,8;1019,1;2016,1;16,8;8,5;18,1;15,6;9,2;7,9;63;53;58;285;5,7;2,6;
2026/05/13;1500 UTC;0;1018,8;1019,2;1018,4;2365,8;18,8;9,2;19,6;17,9;10;8,7;57;48;52;296;7,7;2,7;
2026/05/13;1600 UTC;0;1018,1;1018,4;1017,6;2424,7;19,9;10,1;20,4;19,2;10,9;9,4;54;48;51;253;8,1;4,1;
2026/05/13;1700 UTC;0;1017,3;1017,7;1017,1;2257,9;20,5;10,4;20,9;20,1;10,9;9,9;53;48;50;267;6,8;3,2;
2026/05/13;1800 UTC;0;1016,9;1017,2;1016,8;1899,1;20,5;10,5;20,8;20,2;10,9;10,2;52;48;50;265;7,2;3;
2026/05/13;1900 UTC;0;1016,9;1017;1016,8;1308,9;20,6;10,8;21;20,3;11,2;10,4;52;49;51;257;6,6;3,3;
2026/05/13;2000 UTC;0;1017;1017,1;1016,7;588,1;19,9;10,6;20,4;19;10,8;10,3;57;51;53;267;5,8;1,8;
2026/05/13;2100 UTC;0;1017,1;1017,3;1017;35,1;17,3;10,4;18,9;15,3;10,7;10,2;75;57;65;271;3,6;,8;
2026/05/13;2200 UTC;0;1017,3;1017,5;1017,3;0;13,6;10,1;15,2;12,6;10,4;9,7;86;76;82;19;3,2;,9;
2026/05/13;2300 UTC;0;1017,7;1017,9;1017,4;0;11,8;9,6;12,7;11,2;9,9;9,3;92;85;89;14;2,4;1,1;
2026/05/14;0000 UTC;0;1018,1;1018,3;1017,9;0;10,7;9,4;11,2;10,3;9,6;9,2;96;91;94;67;2;,4;
2026/05/14;0100 UTC;0;1018,1;1018,2;1018;0;9,9;9,2;10,3;9,4;9,5;8,7;97;95;96;324;1,3;,7;
2026/05/14;0200 UTC;0;1018;1018,1;1017,9;0;9,1;8,5;9,5;8,3;9;7,6;98;96;97;343;1,6;,9;
2026/05/14;0300 UTC;0;1017,7;1017,9;1017,6;0;8,9;8,3;9,3;8,4;8,9;7,8;98;96;97;164;2,6;1;
2026/05/14;0400 UTC;0;1017,3;1017,6;1017,1;0;8;7,5;8,9;7;8,4;6,4;98;97;98;328;1,6;,8;
2026/05/14;0500 UTC;0;1017,3;1017,5;1017,2;0;6,9;6,7;7,1;6,7;6,9;6,4;99;97;99;101;1,1;,4;
2026/05/14;0600 UTC;0;1017,6;1017,8;1017,4;0;6,2;6;6,9;5,7;6,7;5,4;99;98;99;317;1,2;,6;
2026/05/14;0700 UTC;0;1017,8;1018;1017,7;0;6,1;5,9;6,4;5,6;6,2;5,3;99;99;99;311;1,2;,5;
2026/05/14;0800 UTC;0;1018;1018,1;1017,9;0;6,1;5,9;6,4;5,8;6,3;5,6;100;99;99;44;1,2;,7;
2026/05/14;0900 UTC;0;1018,2;1018,6;1018;0;6,2;6,1;7;5,6;6,9;5,4;100;99;99;271;2,8;,5;
2026/05/14;1000 UTC;0;1019,1;1019,6;1018,6;,1;6;5,9;6,3;5,8;6,2;5,7;100;99;100;187;1,4;,8;
2026/05/14;1100 UTC;0;1019,9;1020,1;1019,6;199,9;6,3;6,2;8;5,8;7,8;5,7;100;99;100;246;1,3;,4;
2026/05/14;1200 UTC;0;1020,2;1020,3;1020;679,7;10,2;8,9;12,2;7,9;10;7,6;99;85;93;301;2,5;1,2;
2026/05/14;1300 UTC;0;1020,4;1020,6;1020,3;1529,9;13,3;9,4;14,7;12,1;10,1;8,9;87;74;81;295;3,2;1,4;
2026/05/14;1400 UTC;0;1020,3;1020,4;1020;2014,6;15,7;10,5;16,7;14,6;12,2;9,5;80;72;74;193;4,1;1,7;
2026/05/14;1500 UTC;0;1019,6;1020;1019,2;2431,1;17,5;11,8;18,5;16,7;13;11,3;77;66;72;198;3,6;1,6;
2026/05/14;1600 UTC;0;1018,8;1019,2;1018,5;2129,8;18,6;12,4;19,2;18,2;13;11,8;72;66;69;252;4,7;2,1;
2026/05/14;1700 UTC;0;1018,1;1018,5;1017,7;1869,3;19,2;12,8;19,9;18,4;13,6;12,4;73;64;68;202;3,3;1,7;
2026/05/14;1800 UTC;0;1017,7;1017,8;1017,6;1933;20,3;12,8;20,9;19,6;13,6;11,9;69;58;62;151;6;2,8;
2026/05/14;1900 UTC;0;1017,8;1018;1017,6;979,9;19,2;12,8;20,5;18,6;13,6;12,2;70;65;68;170;6,5;3,7;
2026/05/14;2000 UTC;0;1018,1;1018,5;1017,9;501,3;18,2;12,2;18,7;17,6;12,8;11,8;73;68;70;163;5,7;2,9;
2026/05/14;2100 UTC;0;1019,1;1019,5;1018,5;39,4;16,5;12,3;17,6;15,4;12,4;12;84;73;79;145;5,7;1,6;
2026/05/14;2200 UTC;0;1019,9;1020,2;1019,5;0;14,8;12;15,4;14,3;12,3;11,8;88;85;86;132;4;1,7;
2026/05/14;2300 UTC;0;1020,5;1020,7;1020,2;0;13,9;11,6;14,3;13,3;11,8;11,5;91;87;89;98;3,2;1,3;
2026/05/15;0000 UTC;0;1020,8;1021;1020,7;0;13,3;11,4;13,5;13;11,7;11,2;91;89;90;116;3,1;1,2;
2026/05/15;0100 UTC;0;1021,1;1021,3;1020,9;0;12;10,8;13;11,3;11,2;10,4;97;91;94;130;2,2;1,3;
2026/05/15;0200 UTC;0;1021,4;1021,5;1021,3;0;10,7;9,9;11,7;9,9;11;9,1;97;95;96;89;1,9;,8;
2026/05/15;0300 UTC;0;1021,6;1021,6;1021,5;0;9,9;9,4;10,7;9,3;10,3;8,7;98;97;97;55;2,4;,7;
2026/05/15;0400 UTC;0;1021,4;1021,6;1021,3;0;9,9;9,5;10,3;9,3;10;8,8;99;97;98;83;1,4;,4;
2026/05/15;0500 UTC;0;1021,2;1021,3;1021,1;0;11,4;10,9;12,5;10,3;11,4;10;99;92;97;121;1,7;1;
2026/05/15;0600 UTC;0;1021,4;1021,5;1021,3;0;11,8;10,8;12,3;11,4;11,2;10,6;97;92;95;188;1,8;,6;
2026/05/15;0700 UTC;0;1021,3;1021,4;1021,1;0;12,4;10,8;12,9;11,8;11,2;10,4;97;89;92;47;2,1;,5;
2026/05/15;0800 UTC;0;1021;1021,1;1020,9;0;12,8;11,1;13;12,7;11,4;10,6;93;88;91;139;1,9;1,2;
2026/05/15;0900 UTC;0;1021;1021,1;1020,9;0;13;10,7;13;12,9;10,9;10,6;90;88;89;113;4,2;2,4;
2026/05/15;1000 UTC;0;1021,1;1021,3;1021;0;12,5;10,9;12,8;12,2;11;10,8;94;90;92;152;3;1;
2026/05/15;1100 UTC;0;1021,4;1021,7;1021,2;119,2;12;10,9;12,2;11,9;11;10,8;95;94;94;156;2,5;1,4;
2026/05/15;1200 UTC;0;1021,9;1022,1;1021,7;600,6;12,7;11,3;13,3;12,2;12,2;10,9;95;91;93;135;3,7;1,1;
2026/05/15;1300 UTC;0;1021,9;1022,1;1021,7;1479,5;15,3;11,7;16,4;13,4;12,3;11;94;73;82;154;5,3;3,2;
2026/05/15;1400 UTC;0;1021,6;1021,8;1021,3;1510,8;17;10,9;17,7;16,4;11,6;10,3;73;66;69;110;5,8;3;
2026/05/15;1500 UTC;0;1020,9;1021,3;1020,6;2101,6;17,9;10,7;18,9;17;11,6;10,3;67;60;64;116;6,3;2,7;
2026/05/15;1600 UTC;0;1020,1;1020,7;1019,5;2306,4;18,8;10,7;19,7;18,1;11,4;10,1;64;54;59;106;6,5;2,5;
2026/05/15;1700 UTC;0;1019;1019,5;1018,6;2278,6;19,5;10,8;19,9;19,2;11,5;10,3;60;54;57;123;6,1;3,6;
2026/05/15;1800 UTC;0;1018,2;1018,6;1018,1;1425,6;19,2;10,6;19,7;18,6;11,2;10,1;61;53;57;150;6,3;3,1;
2026/05/15;1900 UTC;0;1018;1018,1;1017,8;1077,9;19;10,8;19,4;18,6;11,1;10,4;63;57;59;146;6,4;3,1;
2026/05/15;2000 UTC;0;1018;1018,3;1017,8;524,7;17,9;10,8;18,6;17,1;11,1;10,4;67;62;64;143;6,7;2,9;
2026/05/15;2100 UTC;0;1018,4;1018,6;1018,3;44,9;16,3;9,9;17,1;15,5;10,5;9,8;72;66;68;147;6,5;2,4;
2026/05/15;2200 UTC;0;1018,6;1018,8;1018,4;0;14,9;10,1;15,5;14,7;10,4;9,8;78;72;76;136;4;1,3;
2026/05/15;2300 UTC;0;1018,8;1018,9;1018,7;0;14,6;10,7;14,8;14,4;10,8;10,4;82;78;80;132;4,3;2,1;
2026/05/16;0000 UTC;0;1018,7;1018,8;1018,5;0;13,9;10,7;14,3;13,6;10,8;10,6;85;82;84;120;4,4;2,5;
2026/05/16;0100 UTC;0;1018,5;1018,6;1018,3;0;13,3;10,5;13,5;12,8;10,6;10,4;88;85;86;108;4,2;1,9;
2026/05/16;0200 UTC;0;1018,3;1018,4;1018,2;0;12,5;10,4;12,8;12,4;10,5;10,3;90;88;89;117;3;1,3;
2026/05/16;0300 UTC;0;1018,4;1018,5;1018,3;0;12,5;10,6;12,7;11,8;10,7;10,5;94;90;91;164;2,4;,5;
2026/05/16;0400 UTC;0;1018;1018,3;1017,6;0;11,3;10,3;11,7;10,7;10,6;10;97;94;95;196;,7;,2;
2026/05/16;0500 UTC;0;1017,6;1017,8;1017,4;0;10,4;9,8;10,7;10,1;10,3;9,5;98;96;97;88;1,6;1;
2026/05/16;0600 UTC;0;1017,3;1017,7;1017;0;10,9;10,3;11,3;10,4;10,8;9,8;98;96;97;319;1,7;,7;
2026/05/16;0700 UTC;0;1016,9;1017,2;1016,7;0;10,3;9,8;10,6;9,9;10,1;9,4;98;97;98;258;1,7;,8;
2026/05/16;0800 UTC;0;1016,5;1016,7;1016,3;0;9,6;9,3;9,9;9;9,7;8,7;99;98;99;261;1,2;,3;
2026/05/16;0900 UTC;0;1016,6;1016,8;1016,4;0;8,9;8,7;9,1;8,4;9;8,2;99;99;99;154;1,3;,6;
2026/05/16;1000 UTC;0;1017;1017,3;1016,7;,3;8,4;8,2;8,5;8,2;8,4;8;100;99;99;291;1,1;,4;
2026/05/16;1100 UTC;0;1017,5;1017,6;1017,2;126;8,5;8,3;9,5;8,1;9,3;7,9;99;99;99;36;1,6;,4;
2026/05/16;1200 UTC;0;1017,8;1017,9;1017,6;833,2;12,4;11,1;13,8;9,5;11,6;9,4;100;87;93;277;1,6;,8;
2026/05/16;1300 UTC;0;1017,9;1018,1;1017,6;1484,5;15,1;11,8;16,5;13,8;12,4;11;87;78;83;246;2,4;1,1;
2026/05/16;1400 UTC;0;1017,7;1017,9;1017,3;1879,5;17,4;12,5;18,4;16;13,2;12;81;71;76;200;2,4;1,1;
2026/05/16;1500 UTC;0;1016,8;1017,3;1016,3;2292,3;19,5;13,2;20,6;18,2;13,9;12,4;75;63;68;180;2,9;1,3;
2026/05/16;1600 UTC;0;1015,8;1016,3;1015,3;2202;21,4;13,8;22,1;20,4;14,4;13,2;67;58;62;170;3;1,1;
2026/05/16;1700 UTC;0;1014,9;1015,3;1014,4;1755,4;22,5;14,1;23;22,1;14,6;13,7;61;56;58;85;3,1;1,4;
2026/05/16;1800 UTC;0;1014,1;1014,5;1013,9;1509,7;23,1;14,2;23,6;22,7;15;13,8;59;54;56;133;3,6;1,1;
2026/05/16;1900 UTC;0;1013,9;1014;1013,8;894,8;23;14,5;23,5;22,7;15,1;14,2;60;55;58;119;3,8;1,9;
2026/05/16;2000 UTC;0;1014,3;1014,6;1014;440,8;22,1;15,2;22,8;21,2;15,8;14,4;72;58;65;138;4,3;2,1;
2026/05/16;2100 UTC;0;1014,6;1014,7;1014,5;75,4;20,4;15,7;21,1;19,5;15,8;15,6;80;72;77;132;5,1;2,3;
2026/05/16;2200 UTC;0;1014,9;1015,1;1014,6;0;18,7;15,5;19,5;18;15,6;15,4;87;80;84;117;4,4;1,7;
2026/05/16;2300 UTC;0;1015,7;1016;1015,1;0;17,3;15,3;17,9;16,9;15,4;15,2;92;87;90;132;2,9;1,8;
2026/05/17;0000 UTC;0;1016,1;1016,5;1015,8;0;16,8;15,4;16,9;16,5;15,5;15,3;94;92;93;130;3,3;1,3;
2026/05/17;0100 UTC;0;1016,6;1016,6;1016,4;0;16,9;15,9;17,1;16,5;16,1;15,5;95;94;95;138;3,9;1,3;
2026/05/17;0200 UTC;0;1016,7;1016,8;1016,5;0;17,5;16,4;17,7;17,1;16,4;16,1;95;94;94;114;3,1;1,2;
2026/05/17;0300 UTC;0;1016,6;1016,7;1016,6;0;17,7;16,4;17,7;17,6;16,5;16,3;94;93;94;146;2,7;1;
2026/05/17;0400 UTC;0;1016,6;1016,7;1016,3;0;17,6;16,6;17,7;17,5;16,7;16,4;95;94;95;129;2,3;1,4;
2026/05/17;0500 UTC;0;1016,4;1016,6;1016,3;0;17,5;16,7;17,7;17,4;16,7;16,6;96;95;96;143;2,2;,9;
2026/05/17;0600 UTC;0;1016;1016,4;1015,7;0;17,5;16,8;17,5;17,4;16,9;16,7;97;96;97;170;1,9;,6;
2026/05/17;0700 UTC;0;1015,6;1015,7;1015,5;0;17,5;17;17,7;17,3;17,1;16,7;98;97;98;148;2,1;1;
2026/05/17;0800 UTC;0;1015,4;1015,7;1015,2;0;17,7;17,2;17,7;17,5;17,4;17,1;99;97;98;140;2,7;1,3;
2026/05/17;0900 UTC;0;1014,9;1015,3;1014,5;0;17,5;17,2;17,6;17,5;17,3;17;99;98;99;140;4;1,1;
2026/05/17;1000 UTC;0;1015,3;1015,6;1015;0;17,5;16,9;17,5;17,5;17;16,7;98;96;97;122;2,2;,7;
2026/05/17;1100 UTC;0;1015,9;1016;1015,6;30,4;17,6;16,8;17,7;17,5;16,8;16,7;96;96;96;149;2,8;1,5;
2026/05/17;1200 UTC;0;1016,2;1016,5;1015,9;82,7;17,6;16,6;17,7;17,3;16,8;16,3;96;95;95;191;3,8;1,9;
2026/05/17;1300 UTC;0;1016,6;1016,8;1016,5;178,9;17,2;16,3;17,5;17,1;16,4;16,2;96;94;95;213;4,1;2,1;
2026/05/17;1400 UTC;0;1016,6;1016,8;1016,5;302,4;17,3;16,2;17,5;17,1;16,5;16;96;93;95;213;3,7;2,4;
2026/05/17;1500 UTC;0;1016,2;1016,5;1016;322,2;17,8;16,1;18,1;17,5;16,2;15,9;93;90;91;205;5,6;3;
2026/05/17;1600 UTC;0;1016;1016,2;1015,8;345,5;17,7;15,9;18,1;17,1;16,1;15,4;92;90;91;210;7,2;3,7;
2026/05/17;1700 UTC;0;1015,7;1015,8;1015,5;284,4;17,1;15,3;17,2;17;15,5;15,1;92;90;91;203;6,2;3,6;
2026/05/17;1800 UTC;0;1016;1016,1;1015,7;285,2;17,2;15,1;17,3;17,1;15,5;15;92;89;90;203;8,3;4;
2026/05/17;1900 UTC;0;1016,3;1016,6;1016,1;163,6;17,1;15,3;17,3;16,8;15,4;15,1;92;90;91;204;6,4;3,7;
2026/05/17;2000 UTC;0;1016,9;1017,2;1016,6;37,8;16,4;14,4;16,8;15,8;15,3;13,8;93;88;90;202;9,1;4,7;
2026/05/17;2100 UTC;0;1017,6;1017,9;1017,3;2,9;15,7;13,9;15,8;15,6;14,1;13,7;93;90;91;194;8,5;2,4;
2026/05/17;2200 UTC;,2;1018,3;1018,7;1017,8;0;15,6;14,2;15,7;15,5;14,3;13,9;94;91;93;189;5,8;2;
2026/05/17;2300 UTC;,2;1019;1019,3;1018,7;0;15,4;13,6;15,6;15,1;14,1;13,2;93;89;91;189;6,2;2,2;
2026/05/18;0000 UTC;,2;1019,5;1019,7;1019,3;0;15,2;13,4;15,3;15,1;13,6;13;92;89;91;185;5,5;1,8;
2026/05/18;0100 UTC;0;1019,9;1020,1;1019,6;0;15,2;13,2;15,3;15,1;13,5;13;91;89;90;192;4,9;2,6;
2026/05/18;0200 UTC;0;1020,3;1020,7;1020,1;0;15,1;12,8;15,1;15;13;12,6;90;87;89;200;5,9;2,8;
2026/05/18;0300 UTC;,4;1021;1021,3;1020,7;0;14,6;12,9;15,1;14;13;12,8;95;89;92;225;4,1;1,5;
2026/05/18;0400 UTC;0;1021,3;1021,5;1021,1;0;14;12,2;14,1;13,8;12,9;11,6;94;88;91;212;6,4;3;
2026/05/18;0500 UTC;0;1021,4;1021,6;1021,2;0;13,5;11,1;13,9;12,9;11,5;10,8;92;87;88;218;8,2;2,9;
2026/05/18;0600 UTC;,8;1021,9;1022,7;1021,4;0;12,5;10,9;12,8;12,1;11,2;10,6;94;89;92;246;6,7;3,7;
2026/05/18;0700 UTC;1,6;1022,3;1022,6;1022,1;0;11,8;10,8;12,1;11,7;11;10,6;96;93;95;232;7,3;1,6;
2026/05/18;0800 UTC;,4;1022,4;1022,7;1022,1;0;11,6;10,4;11,8;11,4;10,8;10,2;95;93;94;295;4,8;,9;
2026/05/18;0900 UTC;0;1022,6;1023,1;1022,5;0;11,3;10,3;11,5;11,1;10,5;9,9;96;93;95;288;4,1;1,2;
2026/05/18;1000 UTC;0;1023,5;1023,9;1023;0;11,2;10,2;11,4;11,1;10,5;9,8;96;94;95;267;2,9;1,1;
2026/05/18;1100 UTC;,4;1024;1024,1;1023,8;34,6;11,1;10,4;11,2;11;10,7;10,2;97;96;97;320;1,8;,5;
2026/05/18;1200 UTC;0;1024,5;1024,9;1024,2;280,3;11,6;10,7;11,9;11,2;10,9;10,6;97;95;96;281;1,8;,5;
2026/05/18;1300 UTC;0;1025,1;1025,3;1024,9;793,1;12,7;10,1;13;11,9;10,9;9,2;95;83;87;278;3;1,4;
2026/05/18;1400 UTC;0;1025,4;1025,6;1025,3;1081,3;13,4;9,5;14;12,9;10,4;8,8;86;76;81;173;3;,8;
2026/05/18;1500 UTC;0;1025,2;1025,4;1024,9;1582,7;14,6;9,6;16,2;13,8;10,4;8,8;81;68;75;163;2,6;,9;
2026/05/18;1600 UTC;0;1024,7;1025;1024,4;2104,9;15,8;9,7;17,2;14,5;10,9;8,9;78;63;69;212;3,7;1,2;
2026/05/18;1700 UTC;0;1024;1024,4;1023,6;1335,5;16,4;9,7;17,4;15,7;10,5;9;73;61;67;227;3,4;1,8;
2026/05/18;1800 UTC;0;1023,6;1023,6;1023,5;796,9;16,5;9,6;16,8;16,3;10,4;8,9;70;61;65;236;2,9;,8;
2026/05/18;1900 UTC;0;1023,5;1023,6;1023,4;396,4;16,5;9,4;16,7;16,1;10,2;8,4;68;60;65;184;3,8;2,1;
2026/05/18;2000 UTC;0;1023,7;1024;1023,6;108,4;15,8;9,5;16,1;15,3;10,2;9;74;65;68;151;3,5;1,9;
2026/05/18;2100 UTC;0;1024,3;1024,5;1024;5,8;15;9,8;15,3;14,7;10,3;9,3;76;72;74;155;4;1,1;
2026/05/18;2200 UTC;0;1024,6;1024,8;1024,5;0;14,5;10;14,8;14,1;11;9,5;84;74;78;112;2,1;,6;
2026/05/18;2300 UTC;0;1024,8;1024,9;1024,8;0;13,7;11,2;14,2;13,4;11,6;10,7;91;83;87;34;1,1;,2;
2026/05/19;0000 UTC;0;1024,9;1025;1024,8;0;13,1;11,6;13,5;12,4;12;11,1;95;89;93;23;1;,6;
2026/05/19;0100 UTC;0;1025;1025,2;1024,9;0;11,3;10,6;12,3;10,5;11,2;10,1;98;94;97;262;,9;,6;
2026/05/19;0200 UTC;0;1025,2;1025,2;1025,1;0;10,2;9,9;10,7;9,7;10,4;9,4;99;98;99;299;1;,3;
2026/05/19;0300 UTC;0;1025,1;1025,2;1025;0;9,3;9,1;9,6;9,1;9,4;8,9;100;99;99;41;1;,3;
2026/05/19;0400 UTC;0;1024,8;1025;1024,7;0;10,1;10,1;10,6;9,5;10,6;9,5;100;99;100;122;1,7;,9;
2026/05/19;0500 UTC;0;1024,4;1024,7;1024,2;0;11;10,8;11,2;10,6;11;10,5;100;99;99;282;1,9;,6;
2026/05/19;0600 UTC;0;1024,1;1024,2;1023,9;0;11,5;11,2;11,7;11,1;11,3;10,8;99;98;98;64;1,4;,4;
2026/05/19;0700 UTC;0;1023,9;1024;1023,8;0;11,6;11,3;11,7;11,5;11,4;11,2;99;98;98;307;1,3;,6;
2026/05/19;0800 UTC;0;1023,8;1023,8;1023,7;0;11,7;11,2;11,7;11,6;11,3;11,1;99;98;98;317;2;,5;
2026/05/19;0900 UTC;0;1023,6;1023,7;1023,5;0;11,7;11,3;11,8;11,5;11,4;11,1;98;98;98;200;1,3;,8;
2026/05/19;1000 UTC;0;1023,8;1024,1;1023,5;0;10,7;10,4;11,5;10,3;11,1;10;99;97;98;307;1,1;,4;
2026/05/19;1100 UTC;0;1024,4;1024,6;1024,1;85,4;10,7;10,5;11,2;10,3;11,1;10,1;100;99;99;264;1,4;,8;
2026/05/19;1200 UTC;0;1024,8;1025;1024,6;520,8;11,9;11,1;12,8;11,2;11,4;10,5;99;89;96;315;3,2;1,7;
2026/05/19;1300 UTC;0;1024,9;1025,1;1024,9;1225,5;13,7;10,5;14,2;12,8;11,2;10,1;90;81;84;276;4,1;1,7;
2026/05/19;1400 UTC;0;1024,9;1024,9;1024,8;2612,8;15;10,6;15,1;14,9;10,8;10,4;78;77;78;277;3,7;2,3;
2026/05/19;1500 UTC;0;1024,8;1024,9;1024,7;2104;13,8;10,3;14,5;13,4;11;9,9;86;80;83;257;5,3;3;
2026/05/19;1600 UTC;0;1024,4;1024,8;1023,9;2255;14,1;10,1;15,3;13,5;11;9,5;84;74;80;274;5,5;2,8;
2026/05/19;1700 UTC;0;1023,5;1023,8;1023,1;1975,4;15;10,2;15,9;14,4;10,8;9,7;81;71;76;262;5,7;2,7;
2026/05/19;1800 UTC;0;1022,8;1023,1;1022,6;1314,7;15,8;9,2;16,7;14,7;10,1;8,4;76;60;67;281;6,9;2,8;
2026/05/19;1900 UTC;0;1022,5;1022,7;1022,3;1234,1;16,6;8,2;16,9;16,3;9,1;7,3;63;53;58;278;6,5;3;
2026/05/19;2000 UTC;0;1022,2;1022,4;1022,1;547,2;16,3;7,9;16,8;15,4;8,4;7,5;61;54;58;289;5,9;2,1;
2026/05/19;2100 UTC;0;1022,3;1022,5;1022,2;26,1;14;7,9;15,3;12,7;8,4;7,5;78;62;70;274;4,2;1,2;
2026/05/19;2200 UTC;0;1022,6;1022,9;1022,3;0;11,1;8,4;12,7;9,8;8,7;8;91;78;86;326;1,9;1;
2026/05/19;2300 UTC;0;1023;1023,2;1022,8;0;9,6;8,2;10,1;8,7;8,6;7,9;96;91;93;225;1,6;1,1;
2026/05/20;0000 UTC;0;1023,3;1023,4;1023,1;0;8,3;7,7;8,7;7,8;8;7,1;98;96;97;273;1,5;,7;
2026/05/20;0100 UTC;0;1023,5;1023,6;1023,4;0;7,7;7,4;8;7,5;7,7;7,1;99;98;98;201;1,1;,2;
2026/05/20;0200 UTC;0;1023,6;1023,8;1023,5;0;7;6,7;7,4;6,6;7,1;6,2;99;98;99;126;1,2;,3;
2026/05/20;0300 UTC;0;1023,8;1023,9;1023,7;0;6,3;6;6,9;5,7;6,7;5,5;99;98;99;336;1,1;,5;
2026/05/20;0400 UTC;0;1023,9;1024;1023,7;0;5,4;5,2;5,8;5;5,6;4,8;99;99;99;256;1,2;,8;
2026/05/20;0500 UTC;0;1023,6;1023,7;1023,5;0;4,9;4,8;5,3;4,6;5,2;4,4;100;99;99;202;1,4;1;
2026/05/20;0600 UTC;0;1023,4;1023,5;1023,4;0;4,6;4,5;5,1;4;5;3,8;100;99;99;312;1,8;,9;
2026/05/20;0700 UTC;0;1023,3;1023,4;1023,2;0;3,9;3,8;4,2;3,7;4,2;3,6;100;99;100;296;1,6;1;
2026/05/20;0800 UTC;0;1023,1;1023,3;1023;0;4;4;4,6;3,6;4,6;3,6;100;100;100;309;2;,8;
2026/05/20;0900 UTC;0;1023,2;1023,5;1023;0;4,1;4,1;4,8;3,5;4,8;3,4;100;99;100;260;2,4;1;
2026/05/20;1000 UTC;0;1023,9;1024,2;1023,5;0;3,8;3,8;4,3;3,4;4,4;3,4;100;100;100;276;1,7;1;
2026/05/20;1100 UTC;0;1024,6;1025;1024,2;201,7;4;4;5,8;3,1;5,8;3;100;100;100;227;1,6;1,1;
2026/05/20;1200 UTC;0;1025,1;1025,1;1025;695,3;7,9;7,2;9,5;6;7,8;5,9;100;90;96;257;2,5;1,2;
2026/05/20;1300 UTC;0;1025,1;1025,2;1025;1395,4;10,8;7,6;12;9,6;8,1;7;90;76;84;281;6;2,8;
2026/05/20;1400 UTC;0;1025;1025,1;1024,7;1872,2;13,1;7,5;14,2;12;8,3;6,9;77;67;72;281;6,3;3,3;
2026/05/20;1500 UTC;0;1024,5;1024,8;1024,1;2283,7;15,3;7,7;15,9;14,1;8,4;7,3;68;58;62;289;8,1;4,2;
2026/05/20;1600 UTC;0;1023,7;1024,2;1023,3;2388,4;16,6;7,7;17,2;15,9;8,2;7,3;60;52;56;287;8,4;4,4;
2026/05/20;1700 UTC;0;1023,1;1023,3;1022,8;2220;17,3;7,7;17,5;17;8,5;7,1;57;48;52;273;8,5;4,2;
2026/05/20;1800 UTC;0;1022,6;1023;1022,4;1837,3;17,5;7,5;17,8;17,2;8;6,4;52;45;50;275;10,2;4,5;
2026/05/20;1900 UTC;0;1022,5;1022,6;1022,3;1260,2;17,7;7,3;18,1;17,4;7,9;6,7;51;45;48;281;8,4;4,2;
2026/05/20;2000 UTC;0;1022,7;1022,9;1022,4;539,3;17,1;7;17,7;16,4;7,3;6,7;53;47;50;279;6,9;3,1;
2026/05/20;2100 UTC;0;1023,1;1023,3;1022,8;27,5;15,1;6,7;16,3;13,7;7,1;6,5;64;54;58;293;5,6;1,2;
2026/05/20;2200 UTC;0;1023,5;1023,7;1023,3;0;12,6;6,5;13,6;11,7;6,7;6,4;74;64;70;291;3,4;1,5;
2026/05/20;2300 UTC;0;1023,9;1024,1;1023,7;0;11,4;6,3;11,6;10,5;6,6;6,2;80;73;75;302;2,8;,7;
2026/05/21;0000 UTC;0;1024,4;1024,7;1024,1;0;10,3;7;10,6;9,9;7,3;6,4;86;80;83;239;2,7;,6;
2026/05/21;0100 UTC;0;1024,9;1025,1;1024,7;0;8,8;7,1;9,9;7,9;7,6;6,7;95;86;91;306;1,6;,8;
2026/05/21;0200 UTC;0;1025,3;1025,5;1025,1;0;7,4;6,6;7,9;7,3;7;6,1;97;93;96;322;1,4;,8;
2026/05/21;0300 UTC;0;1025,6;1025,7;1025,5;0;7,4;6,9;8,2;7;7,8;6,4;98;97;97;315;1,6;,8;
2026/05/21;0400 UTC;0;1025,6;1025,7;1025,5;0;10,1;8,2;12,1;8,2;8,6;7,9;98;81;91;232;3,6;1,5;
2026/05/21;0500 UTC;0;1025,6;1025,7;1025,5;0;11,5;8,5;11,9;10,8;8,7;8,3;89;82;85;262;3,1;1,1;
2026/05/21;0600 UTC;0;1025,8;1025,9;1025,7;0;11;8,2;11,2;10,6;8,5;8;89;85;86;242;4,7;2;
2026/05/21;0700 UTC;0;1026;1026,1;1025,9;0;9,4;7,8;10,6;8,7;8;7,5;96;87;92;284;3,3;,6;
2026/05/21;0800 UTC;0;1026,1;1026,1;1026;0;8,4;7,4;9;8;8;7;96;93;95;264;2,3;1,3;
2026/05/21;0900 UTC;0;1026,3;1026,6;1026,1;0;7,6;6,8;8,3;6,7;7,3;6,2;97;94;96;304;1,9;1,2;
2026/05/21;1000 UTC;0;1027;1027,3;1026,6;0;6,6;6,2;6,9;6,5;6,6;6;99;97;98;289;2,1;,9;
2026/05/21;1100 UTC;0;1027,7;1028,1;1027,3;83,5;6,8;6,3;7,3;6,5;6,6;6,1;99;96;98;302;2,5;1,1;
2026/05/21;1200 UTC;0;1028,2;1028,3;1028,1;844,8;9,5;7,4;10,8;7,3;7,9;6,5;96;82;90;285;4,1;1,8;
2026/05/21;1300 UTC;0;1028,5;1028,7;1028,3;1486,1;11,8;6,7;12,6;10,8;8,1;5,7;84;67;74;250;4,6;1,9;
2026/05/21;1400 UTC;0;1028,8;1028,9;1028,6;1927,2;13,2;6;14;12,3;7,1;4,9;72;57;64;245;4,5;2,5;
2026/05/21;1500 UTC;0;1028,8;1028,9;1028,7;1994,1;13,9;5,3;14,9;13,4;6,1;4,3;61;53;57;233;4,9;2,3;
2026/05/21;1600 UTC;0;1028,3;1028,8;1027,9;2355,9;14,8;5,2;15,3;14,1;6,6;4,4;58;47;52;244;5,3;2,1;
2026/05/21;1700 UTC;0;1027,6;1028;1027,4;2021,9;15;5,5;15,4;14,4;6,2;4,9;57;50;53;211;4,7;2,5;
2026/05/21;1800 UTC;0;1027,2;1027,4;1027,1;1243,3;15;5,6;16;14,2;6,6;4,8;56;50;53;199;3,7;2;
2026/05/21;1900 UTC;0;1027;1027,1;1026,9;1213,5;15,3;5,6;15,7;14,7;6,5;5,1;57;49;51;199;3,6;1,6;
2026/05/21;2000 UTC;0;1027;1027,2;1026,8;543,2;15,1;5,7;15,6;14,3;6;5,3;57;50;53;246;3,2;1,6;
2026/05/21;2100 UTC;0;1027,5;1027,8;1027,2;47,7;13,3;5,3;14,3;11,8;6,3;4,6;71;56;60;143;3,3;,6;
2026/05/21;2200 UTC;0;1028;1028,3;1027,8;0;9,4;5,9;11,7;8,1;6,2;5,6;91;72;83;121;1,8;,8;
2026/05/21;2300 UTC;0;1028,5;1028,8;1028,2;0;7,5;5,8;8,1;6,9;6,2;5,4;94;90;91;65;1,9;,8;
2026/05/22;0000 UTC;0;1028,7;1028,9;1028,6;0;6,7;5,5;7;6,2;5,7;5,1;95;93;94;105;1,3;,4;
2026/05/22;0100 UTC;0;1029,1;1029,3;1028,9;0;5,8;5;6,3;5,4;5,3;4,6;97;95;96;38;1,3;,5;
2026/05/22;0200 UTC;0;1029,3;1029,4;1029,2;0;5,8;5,4;6,4;5,4;6,1;4,9;99;97;98;227;1,6;,3;
2026/05/22;0300 UTC;0;1029,3;1029,5;1028,8;0;6,7;6,1;6,9;6,4;6,2;5,9;99;96;97;99;1,4;,5;
2026/05/22;0400 UTC;0;1028,5;1028,8;1028,1;0;7,1;6,3;7,6;6,5;6,8;5,6;97;94;96;51;,8;,4;
2026/05/22;0500 UTC;0;1028,1;1028,2;1027,9;0;5,9;5,3;6,7;5,2;6,1;4,8;98;96;97;334;1,4;1;
2026/05/22;0600 UTC;0;1028,3;1028,4;1028,2;0;4,9;4,6;5,2;4,6;5,1;4,4;99;98;99;266;1,4;,8;
2026/05/22;0700 UTC;0;1028,3;1028,4;1028,1;0;5,1;5;5,7;4,7;5,6;4,4;100;99;99;273;1,7;,5;
2026/05/22;0800 UTC;0;1028,2;1028,3;1028,1;0;4,8;4,6;5,3;4,5;5,2;4,3;99;99;99;233;1,6;,9;
2026/05/22;0900 UTC;0;1028,6;1028,7;1028,3;0;5,5;5,4;6;4,8;5,9;4,7;100;99;100;146;1,7;,5;
2026/05/22;1000 UTC;0;1028,7;1028,9;1028,5;0;5,4;5,2;5,9;4,9;5,8;4,6;99;99;99;77;2;,8;
2026/05/22;1100 UTC;0;1028,9;1029,2;1028,7;129,2;5,3;5,1;6;4,8;5,8;4,6;99;99;99;95;1,4;,7;
2026/05/22;1200 UTC;0;1029,2;1029,4;1029;466,8;7,9;7,2;9,2;6;7,9;5,8;99;91;96;299;2;1,2;
2026/05/22;1300 UTC;0;1029,5;1029,6;1029,3;933,7;10,6;8,3;12,1;9,3;9,1;7,6;92;84;88;124;2,2;,6;
2026/05/22;1400 UTC;0;1029,1;1029,3;1028,8;1388,6;12,8;9,4;13,7;12,1;9,9;8,8;87;80;83;164;3,3;1,4;
2026/05/22;1500 UTC;0;1028,3;1028,8;1027,9;1923,5;15,4;10,6;16,8;13,8;11,4;9,7;81;71;76;133;4,2;1,8;
2026/05/22;1600 UTC;0;1027,4;1027,9;1026,8;1873,6;17,3;11,1;18,5;16,5;12;10,5;73;64;69;153;5,7;2,9;
2026/05/22;1700 UTC;0;1026,4;1026,9;1025,9;1249,8;17,3;11,3;18,8;16,7;11,9;10,7;75;61;70;121;5,3;2,8;
2026/05/22;1800 UTC;0;1025,4;1025,8;1025;1129,6;18,2;10,9;19;17,7;11,5;10,4;67;59;64;123;7,3;2,5;
2026/05/22;1900 UTC;0;1025,3;1025,6;1024,8;489,6;17,9;11,4;18,3;17,4;11,7;11,1;71;64;68;135;6;3;
2026/05/22;2000 UTC;0;1025,9;1026,3;1025,5;116,4;17,1;11,2;17,4;16,5;11,5;10,9;73;69;70;99;5,7;2,2;
2026/05/22;2100 UTC;0;1026,2;1026,4;1026;14,1;16;11,4;16,5;15,5;11,6;11,2;80;73;77;126;5,1;2,6;
2026/05/22;2200 UTC;0;1026,2;1026,4;1026;0;15,2;11,6;15,5;14,9;11,7;11,5;84;80;82;109;5,9;2,6;
2026/05/22;2300 UTC;0;1026,6;1026,9;1026,2;0;14,7;11,8;14,9;14,4;12;11,6;88;84;86;107;6,3;1,4;
2026/05/23;0000 UTC;0;1026,6;1027;1026,4;0;14,3;12,2;14,4;14,2;12,4;12;91;88;90;79;3;1,2;
2026/05/23;0100 UTC;0;1027;1027,1;1026,8;0;14,3;12,7;14,4;14,2;12,9;12,4;93;91;92;94;3;1;
2026/05/23;0200 UTC;0;1027;1027,4;1026,6;0;14,2;13,1;14,3;14,1;13,2;12,9;95;93;94;120;3,6;1,4;
2026/05/23;0300 UTC;,2;1026,5;1026,7;1026,4;0;13,9;13,2;14,1;13,7;13,3;13,2;98;95;97;117;2,6;,8;
2026/05/23;0400 UTC;0;1026,3;1026,4;1026,1;0;13,6;13,2;13,7;13,6;13,3;13,1;98;98;98;132;2,5;1,1;
2026/05/23;0500 UTC;0;1026,4;1026,4;1026,2;0;13,3;13;13,6;13,1;13,2;12,8;99;98;98;83;1,7;,6;
2026/05/23;0600 UTC;0;1026,2;1026,3;1026;0;13;12,8;13,2;12,8;13;12,6;99;99;99;178;,9;,2;
2026/05/23;0700 UTC;0;1025,8;1026;1025,7;0;13;12,9;13,3;12,8;13,2;12,6;100;99;99;136;1,7;1;
2026/05/23;0800 UTC;0;1025,9;1026;1025,7;0;13,3;13,2;13,3;13,3;13,2;13,1;99;99;99;125;1,6;,8;
2026/05/23;0900 UTC;0;1025,8;1025,9;1025,8;0;13,4;13,2;13,5;13,3;13,2;13,2;99;98;99;132;2,1;,9;
2026/05/23;1000 UTC;0;1026,1;1026,2;1025,9;0;13,5;13,1;13,5;13,5;13,2;13;98;98;98;105;2,1;1;
2026/05/23;1100 UTC;,4;1026,4;1026,6;1026,2;34,5;13,5;13,1;13,5;13,4;13,1;13;98;98;98;101;2,8;1,4;
2026/05/23;1200 UTC;0;1026,6;1026,7;1026,6;149,8;13,6;12,8;13,7;13,5;13;12,5;97;95;96;112;3,4;1,1;
2026/05/23;1300 UTC;0;1026,7;1026,8;1026,5;391;13,9;13,1;14,3;13,7;13,5;12,9;97;95;96;127;3,3;1,9;
2026/05/23;1400 UTC;0;1026,8;1026,8;1026,5;626,5;15;13,7;15,3;14,3;14,1;13,2;95;91;93;117;4,3;1,5;
2026/05/23;1500 UTC;,2;1026,2;1026,5;1025,8;798,3;15,6;14,2;16,5;15,1;14,6;13,8;95;87;93;139;5,3;2,5;
2026/05/23;1600 UTC;0;1025,5;1025,8;1025,1;721,9;16,5;14;16,7;16,2;14,5;13,7;89;85;87;127;5,3;2,7;
2026/05/23;1700 UTC;0;1024,7;1025,1;1024,3;535,8;16,8;14,2;17;16,2;15,1;13,9;94;85;87;109;4,8;2;
2026/05/23;1800 UTC;0;1024,2;1024,3;1024,1;542,4;16,5;15;16,7;16,3;15,4;14,7;94;91;92;126;5,2;2,8;
2026/05/23;1900 UTC;0;1024,2;1024,3;1024,1;406,1;16;14,8;16,7;15;15,2;13,8;96;91;94;113;9,9;3,8;
2026/05/23;2000 UTC;0;1024,4;1024,6;1024,2;195;15,2;13,6;15,3;15;14,1;12,8;95;88;92;102;8,5;4;
2026/05/23;2100 UTC;0;1024,5;1024,7;1024,3;19,1;14,6;13,2;15;14,4;13,3;13;94;90;93;107;6,4;3,2;
2026/05/23;2200 UTC;,2;1024,4;1024,5;1024,2;0;14,6;13,2;14,6;14,5;13,3;13,1;94;92;93;104;6;2,4;
2026/05/23;2300 UTC;0;1024,6;1024,7;1024,5;0;14,5;13,3;14,6;14,4;13,4;13,2;94;93;94;111;5;2,7;
2026/05/24;0000 UTC;0;1024,7;1024,8;1024,6;0;14,4;13,3;14,4;14,3;13,3;13,2;95;94;95;122;5;2,5;
2026/05/24;0100 UTC;0;1024,7;1024,8;1024,6;0;14,1;13,3;14,3;14;13,4;13,3;97;95;96;115;3,7;1,5;
2026/05/24;0200 UTC;0;1024,4;1024,6;1024,3;0;14;13,4;14;13,9;13,4;13,3;97;97;97;121;2,8;1,2;
2026/05/24;0300 UTC;0;1024,3;1024,4;1024,2;0;13,8;13,3;13,9;13,8;13,4;13,2;98;97;98;124;2,1;1,3;
2026/05/24;0400 UTC;0;1023,9;1024,3;1023,7;0;13,8;13,2;13,9;13,7;13,3;13;97;96;97;109;3;,9;
2026/05/24;0500 UTC;0;1023,7;1023,8;1023,5;0;13,7;13,1;13,8;13,7;13,2;13,1;97;97;97;150;1,4;,9;
2026/05/24;0600 UTC;0;1023,4;1023,5;1023,2;0;13,6;13,1;13,7;13,4;13,2;13;98;97;98;127;1,6;,4;
2026/05/24;0700 UTC;0;1023,1;1023,3;1023;0;13,7;13,3;13,9;13,5;13,4;13,1;99;97;98;111;1,7;,8;
2026/05/24;0800 UTC;0;1022,8;1023;1022,6;0;14,1;13,3;14,3;13,9;13,4;13,3;97;95;96;132;2,4;,9;
2026/05/24;0900 UTC;0;1022,7;1022,9;1022,6;0;14,2;13,7;14,3;14,2;13,8;13,4;98;96;97;43;1,4;,4;
2026/05/24;1000 UTC;0;1023;1023,3;1022,9;0;14;13,6;14,2;13,7;13,8;13,4;99;98;98;219;,8;,1;
2026/05/24;1100 UTC;0;1023,7;1024,1;1023,3;87,5;14;13,8;14,5;13,7;14,3;13,4;99;99;99;215;,8;,2;
2026/05/24;1200 UTC;0;1024;1024,1;1023,9;346,8;15,1;14,5;15,6;14,5;14,7;14,3;99;94;97;119;3,3;1,8;
2026/05/24;1300 UTC;0;1023,9;1024;1023,8;1258,4;17;14,5;18,3;15,5;14,9;13,9;95;80;87;77;4,5;2,1;
2026/05/24;1400 UTC;0;1023,8;1024,1;1023,6;1358,5;18,2;13,9;18,6;17,7;14,5;13,4;81;76;79;110;5,7;3;
2026/05/24;1500 UTC;0;1023,3;1023,6;1022,9;1477;18,7;14;19,3;18,3;14,7;13,5;79;75;77;123;6,6;2,7;
2026/05/24;1600 UTC;0;1022,7;1022,9;1022,5;986;19,2;14,4;19,7;18,8;15,2;14,2;79;73;76;115;7,7;3,5;
2026/05/24;1700 UTC;0;1022,4;1022,6;1022,1;855,4;18,7;14,2;19,4;18,1;14,6;13,8;81;73;77;99;7,5;3,2;
2026/05/24;1800 UTC;0;1021,9;1022,1;1021,6;1625;19,6;14;20,3;19,1;15;13,2;75;69;72;131;7,9;3,5;
2026/05/24;1900 UTC;0;1021,5;1021,7;1021,3;938,7;19,2;14,6;20;18,7;15;14,4;79;73;77;133;6,7;3,5;
2026/05/24;2000 UTC;0;1021,2;1021,4;1021,1;466,1;19,3;14,6;19,5;18,9;14,9;14,3;79;74;76;100;6,2;2,5;
2026/05/24;2100 UTC;0;1021,4;1021,6;1021,3;28,3;18;14,4;18,8;17,3;14,5;14,2;84;78;82;110;5,8;2,9;
2026/05/24;2200 UTC;0;1021,6;1021,8;1021,4;0;16,6;14;17,3;16,1;14,1;13,9;89;84;87;116;5;2,7;
2026/05/24;2300 UTC;0;1021,9;1022,1;1021,7;0;15,8;13,9;16,1;15,6;13,9;13,8;91;89;90;116;5,8;2,7;
2026/05/25;0000 UTC;0;1021,9;1022,1;1021,8;0;15,1;13,8;15,6;14,6;14;13,6;95;92;93;108;4,8;1,8;
2026/05/25;0100 UTC;0;1021,8;1022;1021,6;0;14,5;13,6;14,7;14,1;13,8;13,3;96;95;95;88;3,7;,9;
2026/05/25;0200 UTC;0;1022,1;1022,3;1021,9;0;13,9;13,1;14,1;13,4;13,3;12,6;97;96;96;60;3,6;1,5;
2026/05/25;0300 UTC;0;1022,1;1022,3;1022;0;13,3;12,8;13,4;13,2;13;12,6;98;96;97;116;3,4;1,7;
2026/05/25;0400 UTC;0;1021,8;1022;1021,6;0;13,1;12,6;13,4;12,8;12,8;12,4;98;97;98;104;4,1;1,7;
2026/05/25;0500 UTC;0;1021,6;1021,6;1021,5;0;12,7;12,3;12,9;12,3;12,6;12;99;98;98;106;4,2;,9;
2026/05/25;0600 UTC;0;1021,3;1021,5;1021;0;12,1;11,9;12,3;11,8;12,1;11,6;99;99;99;91;2;,8;
2026/05/25;0700 UTC;0;1021,1;1021,2;1021;0;11,9;11,8;12,1;11,6;12;11,6;100;99;100;53;2,6;1;
2026/05/25;0800 UTC;0;1020,9;1021,1;1020,8;0;11,7;11,7;11,9;11,5;12;11,5;100;100;100;66;1,8;1,1;
2026/05/25;0900 UTC;0;1020,9;1021,1;1020,8;0;11,8;11,9;11,9;11,7;12;11,7;100;100;100;45;1,8;1,1;
2026/05/25;1000 UTC;0;1021,2;1021,4;1021,1;0;11,6;11,6;11,7;11,4;11,8;11,5;100;100;100;88;2,3;,8;
2026/05/25;1100 UTC;0;1021,6;1022;1021,3;77,3;11,6;11,7;11,9;11,4;11,9;11,5;100;100;100;51;2,1;,9;
2026/05/25;1200 UTC;0;1022,2;1022,3;1022;425;12,3;12,3;12,8;11,9;12,8;11,9;100;100;100;84;1,9;1,1;
2026/05/25;1300 UTC;0;1022,4;1022,7;1022,2;1002;13,6;13,6;14,7;12,7;14,7;12,8;100;99;100;210;2;1;
2026/05/25;1400 UTC;0;1022,2;1022,7;1021,7;1888,5;16,3;13,9;18,7;14,5;14,5;13,3;99;75;88;81;3,4;1,6;
2026/05/25;1500 UTC;0;1021,3;1021,8;1020,9;2147,9;19,8;14,1;20,8;18,7;14,9;13,5;77;68;72;128;3,7;1,8;
2026/05/25;1600 UTC;0;1020,7;1021,1;1020;1509,2;21,1;14,6;21,7;20,7;15,4;14,1;71;64;67;83;3,6;1,3;
2026/05/25;1700 UTC;0;1020,1;1020,5;1019,8;593,2;20,9;14,5;21,1;20,6;15,2;14,2;73;66;68;109;2,5;1,1;
2026/05/25;1800 UTC;0;1019,9;1020;1019,7;358,9;21;14,8;21,1;20,6;16,1;14,3;77;66;69;155;2,1;,7;
2026/05/25;1900 UTC;0;1019,3;1019,8;1019;158,8;20,2;15,1;20,6;19,9;16,1;14,6;78;71;74;161;2,1;,9;
2026/05/25;2000 UTC;0;1018,8;1019,1;1018,4;84,7;19,8;15,2;20;19,6;15,8;14,8;80;75;77;133;3,3;2,2;
2026/05/25;2100 UTC;0;1018,8;1019,1;1018,5;3,2;19;16;19,6;18,3;16,4;15,6;91;80;85;102;4,6;1,3;
2026/05/25;2200 UTC;,8;1019,9;1020,3;1019,2;0;17,9;16,5;18,2;17,5;16,8;16,3;96;90;93;137;3,1;1,9;
2026/05/25;2300 UTC;0;1019,9;1020,1;1019,7;0;17,4;16,6;17,5;17,2;16,6;16,5;97;96;96;135;3,1;1,7;
2026/05/26;0000 UTC;,2;1020,1;1020,5;1019,8;0;17,1;16,4;17,2;17;16,5;16,3;97;96;97;63;3,3;1,2;
2026/05/26;0100 UTC;4,4;1019,9;1020,8;1019,1;,2;16,9;16,5;17;16,7;16,7;16,3;98;97;98;171;5,9;2,9;
2026/05/26;0200 UTC;0;1019,7;1019,9;1019,5;0;16,6;16,3;16,8;16,2;16,5;15,9;99;98;98;209;3,4;1,3;
2026/05/26;0300 UTC;0;1019,6;1019,9;1019,5;0;16,2;16;16,3;16,1;16,1;15,9;99;99;99;296;2,4;1,2;
2026/05/26;0400 UTC;,2;1019,4;1019,8;1018,9;0;16,1;16;16,2;16,1;16,1;16;100;99;100;91;2,1;1,1;
2026/05/26;0500 UTC;0;1018,5;1018,8;1018,1;0;16,3;16,3;16,5;16,1;16,4;16,1;100;100;100;104;3,3;1,2;
2026/05/26;0600 UTC;0;1017,9;1018,2;1017,4;0;16,1;16;16,3;15,8;16,2;15,7;100;100;100;108;1,9;,9;
2026/05/26;0700 UTC;0;1017,6;1018,5;1017,2;0;15,7;15,6;15,8;15,2;15,8;15,1;100;100;100;324;1,9;1,2;
2026/05/26;0800 UTC;0;1018,4;1018,8;1017,9;0;15,6;15,6;15,9;15,2;15,9;15,1;100;100;100;81;2,2;1,2;
2026/05/26;0900 UTC;0;1017,6;1018;1017,2;0;15,9;15,9;16;15,7;16;15,7;100;100;100;59;1,9;,9;
2026/05/26;1000 UTC;0;1017,6;1018;1017,1;0;15,5;15,5;16;15,3;16;15,3;100;100;100;285;1,7;,8;
2026/05/26;1100 UTC;0;1018,3;1018,9;1017,9;19,1;15,7;15,8;15,9;15,5;16;15,5;100;100;100;241;2,3;1;
2026/05/26;1200 UTC;0;1019,1;1019,3;1018,8;112,5;16,2;16,2;16,4;15,9;16,5;15,9;100;100;100;263;2,5;,9;
2026/05/26;1300 UTC;,2;1019,3;1019,6;1018,9;191;16,5;16,6;16,8;16,4;16,8;16,4;100;100;100;261;2,8;1,5;
2026/05/26;1400 UTC;1,4;1019,7;1020,2;1019,4;305,7;16,6;16,7;17,1;16,4;17,1;16,5;100;100;100;253;5,3;1,6;
2026/05/26;1500 UTC;,2;1019,1;1019,5;1018,7;766;17,4;17,2;18,3;17,1;17,8;17,1;100;97;99;283;3,7;1,7;
2026/05/26;1600 UTC;0;1018,5;1018,7;1018,3;704,5;18,5;17,4;18,6;18,3;17,8;17;97;93;95;271;5,3;1,9;
2026/05/26;1700 UTC;0;1018;1018,3;1017,9;297,2;18,4;17,2;18,8;18,1;17,7;17;95;93;94;259;4,5;2,4;
2026/05/26;1800 UTC;0;1017,8;1017,9;1017,7;220,8;18,3;17,1;18,4;18,1;17,3;16,9;95;93;94;263;4,2;1,3;
2026/05/26;1900 UTC;,2;1017,9;1018,2;1017,8;105,6;18,2;17,4;18,3;18;17,7;17,2;98;95;96;266;3,7;1,5;
2026/05/26;2000 UTC;,4;1018,5;1019;1018,2;70,7;17,6;16,9;18;17,2;17,7;16,1;99;95;97;214;6,7;3,4;
2026/05/26;2100 UTC;0;1019;1019,2;1018,8;20;17;15,9;17,2;16,7;16,2;15,9;96;94;95;233;5,7;2,2;
2026/05/26;2200 UTC;0;1019,5;1019,9;1019,2;0;17;15,8;17,2;16,8;16,1;15,5;96;92;94;198;6,3;1,9;
2026/05/26;2300 UTC;0;1020;1020,2;1019,9;0;16,5;15,6;16,8;16,3;15,7;15,5;97;94;95;290;2,6;1;
2026/05/27;0000 UTC;0;1020,7;1021,1;1020,3;0;16;15,3;16,4;15,6;15,6;15;97;96;97;297;3,5;1;
2026/05/27;0100 UTC;0;1021,3;1021,5;1021,1;0;15,7;15,4;15,8;15,5;15,5;15,1;99;98;98;263;2,6;1,2;
2026/05/27;0200 UTC;0;1021,6;1021,8;1021,5;0;15,9;15,3;16,1;15,8;15,6;14,9;99;94;97;213;4,1;1,7;
2026/05/27;0300 UTC;0;1021,8;1021,9;1021,6;0;15,7;14,7;16,1;15,2;14,9;14,5;97;93;95;249;4,2;1,1;
2026/05/27;0400 UTC;0;1021,9;1022,1;1021,8;0;15,5;14,8;16;15,1;15;14,5;98;94;97;207;4,8;2,3;
2026/05/27;0500 UTC;0;1021,9;1022;1021,8;0;15,7;14,8;15,8;15,5;14,9;14,6;96;94;96;231;3,4;,9;
2026/05/27;0600 UTC;0;1021,8;1022;1021,7;0;15,6;14,9;15,7;15,5;15;14,9;97;96;97;244;2;,9;
2026/05/27;0700 UTC;0;1021,8;1021,8;1021,7;0;15,6;14,8;15,7;15,5;15;14,6;97;95;96;183;4,8;2,4;
2026/05/27;0800 UTC;0;1021,7;1021,8;1021,6;0;15,5;14,7;15,5;15,5;14,8;14,6;96;96;96;223;3,9;1,5;
2026/05/27;0900 UTC;0;1022;1022,3;1021,8;0;15,3;14,8;15,5;15,2;14,9;14,7;98;96;97;271;2,3;,7;
2026/05/27;1000 UTC;0;1022,6;1022,8;1022,3;0;15,2;14,9;15,2;15,2;15;14,9;99;98;99;319;1;,6;
2026/05/27;1100 UTC;0;1023,1;1023,4;1022,8;46,9;15,2;15;15,4;15,2;15,2;15;99;99;99;293;1,9;1;
2026/05/27;1200 UTC;0;1023,7;1023,9;1023,4;380,2;15,9;15,3;16,5;15,4;15,6;14,8;99;91;97;212;2,5;1,1;
2026/05/27;1300 UTC;0;1024;1024,2;1023,9;969,5;17,3;14,5;17,9;16,5;15,1;13,9;92;80;86;192;4;2,2;
2026/05/27;1400 UTC;0;1024,4;1024,5;1024,2;692,6;17,8;14,1;18,1;17,4;14,6;13,8;85;79;82;215;4;1,7;
2026/05/27;1500 UTC;0;1024,2;1024,4;1024;867,1;18,3;14,4;19;18,1;15,1;13,9;84;76;81;261;3,4;1,2;
2026/05/27;1600 UTC;0;1023,8;1024,1;1023,4;933,2;18,4;14,9;18,8;18,1;15,3;14,6;85;81;83;264;4,2;2,4;
2026/05/27;1700 UTC;0;1023;1023,4;1022,6;620;18,5;14,6;18,9;18,2;15,4;13,6;85;74;81;218;3,9;,9;
2026/05/27;1800 UTC;0;1022,4;1022,6;1022,2;1392,1;19,9;13,9;20,6;18,9;14,9;13,3;75;67;70;154;4,7;2,3;
2026/05/27;1900 UTC;0;1022,4;1022,5;1022,3;777,5;19,8;14,1;20,7;19;14,7;13,5;76;66;71;161;4;2,1;
2026/05/27;2000 UTC;0;1022,3;1022,4;1022,3;427,6;19,6;14;19,8;19,1;14,4;13,7;75;71;72;139;3,5;1,6;
2026/05/27;2100 UTC;0;1022,7;1022,9;1022,4;35,7;17,8;14,1;19;16,8;14,2;13,9;87;75;81;160;3,9;2,2;
2026/05/27;2200 UTC;0;1023,1;1023,3;1022,9;0;16,1;14;16,8;15,3;14,2;13,9;93;87;90;134;3,4;1,1;
2026/05/27;2300 UTC;0;1023,6;1024;1023,3;0;15,1;14,1;15,4;14,9;14,2;13,9;96;94;95;118;3;1,9;
2026/05/28;0000 UTC;0;1024,1;1024,3;1024;0;15,2;14,1;15,4;15;14,2;14,1;96;94;95;122;4,2;2,4;
2026/05/28;0100 UTC;0;1024,5;1024,6;1024,4;0;14,8;14,2;15;14,7;14,3;14;97;96;97;124;4,4;2,4;
2026/05/28;0200 UTC;0;1024,3;1024,5;1024,2;0;14,9;14,3;15;14,8;14,4;14,2;98;96;97;133;5;2,2;
2026/05/28;0300 UTC;0;1024,1;1024,4;1023,7;0;15,2;14,3;15,2;15;14,4;14,2;96;95;96;114;4,8;2,4;
2026/05/28;0400 UTC;0;1023,7;1023,8;1023,5;0;15,2;14,2;15,2;15,1;14,4;14,1;96;94;95;96;5,8;1,9;
2026/05/28;0500 UTC;0;1023,4;1023,5;1023,2;0;15,2;14;15,2;15,1;14,2;13,9;95;94;94;76;4,7;1,5;
2026/05/28;0600 UTC;0;1023;1023,2;1022,7;0;15,2;14,2;15,2;15;14,3;14;96;94;95;129;3,1;1,2;
2026/05/28;0700 UTC;0;1022,7;1022,7;1022,6;0;14,9;13,8;15,1;14,7;14,3;13,4;96;93;94;122;3,7;2;
2026/05/28;0800 UTC;0;1022,5;1022,6;1022,4;0;14,5;13,4;14,7;14,5;13,6;13,3;95;94;94;112;3,1;1,1;
2026/05/28;0900 UTC;0;1022,4;1022,6;1022,3;0;14,4;13,5;14,5;14,3;13,7;13,4;97;94;96;168;2,4;1,6;
2026/05/28;1000 UTC;0;1022,8;1023,1;1022,6;0;14,3;13,7;14,3;14,2;13,8;13,7;98;97;97;128;3;1,6;
2026/05/28;1100 UTC;0;1023,4;1023,7;1023,1;26,9;14,4;13,3;14,7;14,2;13,6;13;97;93;94;111;4,6;1,2;
2026/05/28;1200 UTC;0;1023,8;1023,9;1023,7;194,5;14,9;13,5;15,1;14,7;13,8;13,3;95;91;93;127;4,4;2,8;
2026/05/28;1300 UTC;0;1024;1024,1;1023,8;473,9;15,6;13,5;16,3;15,1;13,7;13,2;92;86;89;95;5,4;2,1;
2026/05/28;1400 UTC;0;1024;1024,1;1023,7;664,1;16,5;13,5;17;16,2;14,1;13,1;87;83;85;121;4,3;1,4;
2026/05/28;1500 UTC;0;1023,5;1023,8;1023,2;863,2;17,4;13,3;18,3;16,9;13,6;12,9;83;75;79;83;4;1,4;
2026/05/28;1600 UTC;0;1022,8;1023,2;1022,4;1183,8;18,7;13,6;19,1;18,4;14,2;13;77;72;74;126;4,6;2,1;
2026/05/28;1700 UTC;0;1021,9;1022,4;1021,4;1166,9;19,2;13,5;19,5;18,7;14,2;13;75;69;72;116;4,4;2;
2026/05/28;1800 UTC;0;1021,1;1021,4;1020,9;1116,4;19,7;13,6;20;19,3;14;13,2;71;67;70;117;4,6;2,2;
2026/05/28;1900 UTC;0;1020,7;1020,9;1020,6;1127,8;20,5;13,9;20,8;19,5;14,6;13,2;73;63;67;111;5,4;2,8;
2026/05/28;2000 UTC;0;1020,9;1021;1020,8;299,4;19;14,3;19,4;18,3;14,7;14;80;73;77;144;5,3;2,6;
2026/05/28;2100 UTC;0;1021,3;1021,6;1021,1;35,2;17,8;14,3;18,3;17,1;14,5;14,1;85;80;82;132;5,1;2,4;
2026/05/28;2200 UTC;0;1022;1022,5;1021,6;0;16,5;13,8;17,1;16,3;14,1;13,6;89;85;87;130;5,6;2,6;
2026/05/28;2300 UTC;0;1022,6;1022,8;1022,5;0;16,3;14,3;16,3;16,2;14,4;14;91;89;90;132;5,5;2,7;
2026/05/29;0000 UTC;0;1023;1023,2;1022,7;0;16,1;14,2;16,3;16;14,4;14;91;90;90;134;5,2;1,6;
2026/05/29;0100 UTC;0;1023,3;1023,4;1023,2;0;15,7;13,8;15,9;15,3;14,1;13,5;91;90;90;135;3,9;2,2;
2026/05/29;0200 UTC;0;1023,2;1023,3;1023,1;0;14,9;13,5;15,3;14,7;13,6;13,4;94;91;93;135;3,9;2,2;
2026/05/29;0300 UTC;0;1023;1023,1;1022,9;0;15,2;13,7;15,4;14,9;13,9;13,6;93;92;93;125;4,6;1,6;
2026/05/29;0400 UTC;0;1022,9;1023;1022,8;0;15,5;14,1;15,6;15,4;14,3;13,9;94;93;93;135;3,3;1,7;
2026/05/29;0500 UTC;0;1022,9;1023;1022,8;0;15,7;14,3;15,8;15,6;14,6;14,2;94;93;93;115;4,8;2,2;
2026/05/29;0600 UTC;0;1022,9;1023,1;1022,8;0;15,6;14,6;15,7;15,6;14,7;14,5;96;94;95;129;4,1;1;
2026/05/29;0700 UTC;0;1022,6;1022,9;1022,4;0;15,5;14,8;15,6;15,5;14,9;14,7;97;96;96;150;2,5;1,4;
2026/05/29;0800 UTC;0;1022,4;1022,4;1022,3;0;15,5;14,7;15,5;15,4;14,9;14,3;97;94;96;122;3,6;1,6;
2026/05/29;0900 UTC;0;1022,3;1022,4;1022,2;0;15,5;14,2;15,6;15,4;14,3;13,9;94;92;93;96;4,7;1,7;
2026/05/29;1000 UTC;0;1022,7;1022,8;1022,5;0;15,4;14;15,5;15,3;14,1;13,9;94;92;93;118;4,5;2,7;
2026/05/29;1100 UTC;0;1023,3;1023,7;1022,8;58,3;15,1;14,1;15,3;15;14,2;14;96;94;95;87;6,5;2,3;
2026/05/29;1200 UTC;0;1023,8;1024;1023,7;255,7;15,3;14,1;15,6;15;14,3;13,9;95;93;94;100;5,1;2,6;
2026/05/29;1300 UTC;0;1023,8;1024;1023,6;914,5;16,4;14,2;17,4;15,6;14,5;14;93;84;89;78;5,7;2,5;
2026/05/29;1400 UTC;0;1024;1024,1;1023,7;1559,5;18,3;14,4;19,1;17,2;14,8;13,9;86;77;80;112;7,7;3,4;
2026/05/29;1500 UTC;0;1023;1023,7;1022,6;1239,3;19,6;14,4;20,1;19,1;14,9;13,9;78;71;74;80;6,2;2,4;
2026/05/29;1600 UTC;0;1022,2;1022,7;1021,9;1975,5;21,2;13,9;22,2;19,9;14,3;13,5;71;59;64;110;6,3;3,4;
2026/05/29;1700 UTC;0;1021,5;1021,9;1021,1;1725,4;21,9;13,9;22,2;21,4;14,5;13,5;63;58;60;116;7;3,3;
2026/05/29;1800 UTC;0;1021;1021,2;1020,7;869,9;21,3;13,7;21,7;21;14,1;13,4;64;59;62;118;7,8;3,2;
2026/05/29;1900 UTC;0;1020,5;1020,7;1020,3;837,7;21,1;13,6;21,6;20,4;14;13,2;65;60;63;108;8,1;3,2;
2026/05/29;2000 UTC;0;1020,9;1021,2;1020,7;194,1;19,5;13,9;20,5;18,8;14,3;13,3;77;64;72;105;7,4;3,2;
2026/05/29;2100 UTC;0;1021,1;1021,5;1020,7;22,6;18,2;13,8;18,8;17,6;14,1;13,5;82;76;78;124;8,2;2,9;
2026/05/29;2200 UTC;0;1021,7;1022;1021,5;0;17,2;14,1;17,6;16,8;14,3;13,9;87;82;85;120;6,2;2,8;
2026/05/29;2300 UTC;0;1022;1022,1;1021,9;0;16,5;14,3;16,8;16,3;14,4;14,2;90;87;89;117;6,8;3;
2026/05/30;0000 UTC;0;1022,2;1022,4;1022;0;16,3;14,5;16,4;16,3;14,6;14,4;91;90;91;115;5,5;3;
2026/05/30;0100 UTC;0;1022,4;1022,6;1022,2;0;16,2;14,8;16,3;16,2;14,9;14,6;94;91;93;127;5,5;1,7;
2026/05/30;0200 UTC;0;1022,6;1022,9;1022,5;0;16,2;14,9;16,3;16,2;15;14,9;94;94;94;111;4,4;2,1;
2026/05/30;0300 UTC;,4;1023,1;1023,3;1022,9;0;16,2;15,2;16,3;16,1;15,4;15;97;94;95;76;3,7;1;
2026/05/30;0400 UTC;,4;1022,5;1023,2;1021,7;0;16,1;15,5;16,2;16;15,6;15,4;97;97;97;61;5,8;3,6;
2026/05/30;0500 UTC;,2;1021,5;1022,2;1021;0;16,1;15,4;16,2;15,9;15,6;15;98;95;96;237;6,9;2,7;
2026/05/30;0600 UTC;0;1021,9;1022,4;1020,8;0;15,7;15,3;16;15,4;15,6;15;98;98;98;119;5,6;2,4;
2026/05/30;0700 UTC;0;1021,3;1021,5;1021,2;0;15,2;14,9;15,3;15,1;15;14,9;99;98;98;224;1,8;,3;
2026/05/30;0800 UTC;0;1021,2;1021,3;1021,1;0;15,1;14,9;15,2;15;15;14,9;99;99;99;258;1,6;,6;
2026/05/30;0900 UTC;0;1021,2;1021,3;1021,1;0;15,1;14,9;15,1;15;15;14,9;99;99;99;177;1,3;,3;
2026/05/30;1000 UTC;,2;1021,9;1022,5;1021,3;0;15,2;15,1;15,6;15,1;15,5;15;100;99;100;71;2,4;1,3;
2026/05/30;1100 UTC;0;1022,8;1023;1022,5;26,8;15,7;15,5;15,8;15,6;15,6;15,4;100;99;99;83;2,9;,9;
2026/05/30;1200 UTC;0;1023;1023,1;1022,9;249,1;16;15,6;16,2;15,8;15,8;15,5;99;98;98;122;2,5;,8;
2026/05/30;1300 UTC;0;1023,2;1023,4;1023,1;883,8;16,8;15,8;18;16,3;16,3;15,4;98;89;95;158;2;1;
2026/05/30;1400 UTC;0;1023,5;1023,6;1023,3;962,2;18,5;15,3;19,5;18;16,2;14,5;90;76;84;154;2,2;,6;
2026/05/30;1500 UTC;0;1023;1023,4;1022,6;1301,1;20,1;14,9;20,9;19,5;15,5;14;79;65;74;115;2,9;1,2;
2026/05/30;1600 UTC;0;1022,1;1022,6;1021,7;1575,5;21,1;14,5;21,7;20,5;15,4;13,9;73;62;67;86;2,3;1,1;
2026/05/30;1700 UTC;0;1021,1;1021,6;1020,7;2055,1;22,4;14,6;22,9;21,6;15,4;13,9;67;57;61;73;3,6;1,5;
2026/05/30;1800 UTC;0;1020,5;1020,7;1020,3;1732,6;23;14,7;23,6;22,6;15,4;13,8;63;55;58;154;3,2;1,1;
2026/05/30;1900 UTC;0;1020,3;1020,3;1020,2;1059,4;22,7;14;23,1;22,4;14,9;13,7;60;55;57;146;5;1,5;
2026/05/30;2000 UTC;0;1020,3;1020,5;1020,2;384,1;22;14,1;22,8;19,9;14,8;13,6;74;54;61;188;2;,4;
2026/05/30;2100 UTC;0;1020,8;1021,1;1020,5;20,6;18,4;15;19,8;17,4;15,7;14,4;90;74;83;177;2,4;1,4;
2026/05/30;2200 UTC;0;1021,3;1021,4;1021,1;0;18,2;15;18,9;17,7;15,2;14,8;87;80;84;132;3,5;1,9;
2026/05/30;2300 UTC;0;1021,4;1021,5;1021,4;0;17,3;15,2;17,8;16,8;15,3;15,2;92;87;90;121;3,4;1,4;
2026/05/31;0000 UTC;0;1021,5;1021,6;1021,4;0;15,9;14,8;16,8;15,3;15,2;14,3;97;92;94;124;1,9;,8;
2026/05/31;0100 UTC;0;1021,7;1021,8;1021,6;0;15,5;14,9;16;15,2;15,4;14,6;98;97;97;75;,8;,5;
2026/05/31;0200 UTC;0;1021,5;1021,6;1021,3;0;16;15,2;16,2;15,5;15,5;14,8;97;96;96;162;1,2;,3;
2026/05/31;0300 UTC;0;1021,4;1021,4;1021,3;0;15,6;15,1;15,9;15,4;15,4;14,9;98;97;98;138;,8;,5;
2026/05/31;0400 UTC;0;1021,1;1021,3;1021;0;15,4;14,9;15,9;15;15,4;14,7;98;97;98;206;1,3;,8;
2026/05/31;0500 UTC;0;1020,9;1021,1;1020,8;0;15;14,7;15,2;14,7;15;14,4;99;98;99;189;1,4;,3;
2026/05/31;0600 UTC;0;1020,6;1020,8;1020,5;0;14,6;14,4;14,8;14,5;14,6;14,3;99;99;99;292;1,4;,6;
2026/05/31;0700 UTC;0;1020,4;1020,4;1020,3;0;14,3;14,1;14,5;13,9;14,3;13,8;99;99;99;305;1,3;,7;
2026/05/31;0800 UTC;0;1020,3;1020,4;1020,3;0;13,8;13,7;14;13,6;13,9;13,4;100;99;99;146;1,5;,6;
2026/05/31;0900 UTC;0;1020,6;1020,8;1020,4;0;13,1;13;13,6;12,6;13,5;12,4;100;99;99;207;1;,6;
2026/05/31;1000 UTC;0;1021,1;1021,3;1020,9;0;13,4;13,3;13,5;13,1;13,5;13,1;100;100;100;320;1,1;,6;
2026/05/31;1100 UTC;0;1021,5;1021,8;1021,3;48,4;13,8;13,8;14,4;13,3;14,4;13,3;100;100;100;293;1,2;,7;
2026/05/31;1200 UTC;0;1022;1022,1;1021,8;301,6;15,5;15,5;16,7;14,4;16,6;14,4;100;100;100;306;3;1,3;
2026/05/31;1300 UTC;0;1022,3;1022,5;1022,1;511,7;17,4;16,4;17,8;16,6;16,7;16,1;99;91;95;308;3,5;1,8;
2026/05/31;1400 UTC;0;1022,4;1022,5;1022,1;584,6;18,4;16,4;18,8;17,7;16,7;16,1;93;87;90;264;3,7;2,1;
2026/05/31;1500 UTC;0;1022;1022,1;1021,8;599,1;19;16,3;19,2;18,8;16,7;16;88;85;87;261;5,5;2,4;
2026/05/31;1600 UTC;0;1021,5;1021,8;1021,1;516,1;18,8;16,1;19;18,6;16,4;15,9;88;85;87;250;5,1;2,4;
2026/05/31;1700 UTC;0;1020,5;1021,1;1020,1;584,3;19;15,8;19,7;18,8;16,2;15,4;86;79;84;271;5,4;2,5;
2026/05/31;1800 UTC;0;1019,7;1020,1;1019,5;1310,7;20,4;15,8;20,9;19,6;16,3;15,3;81;74;77;252;4,9;1,4;
2026/05/31;1900 UTC;0;1019,5;1019,5;1019,4;482,9;20,3;15,9;20,6;20;16,2;15,6;80;76;78;225;3,5;1,2;
2026/05/31;2000 UTC;0;1019,6;1019,8;1019,5;394,8;20,4;15,4;20,6;19,9;15,8;15,1;79;73;75;202;3,5;1,2;
2026/05/31;2100 UTC;0;1020,2;1020,6;1019,8;30,3;18;15,4;20,1;16,8;15,7;15,1;92;77;87;117;5,2;1,6;
2026/05/31;2200 UTC;0;1020,8;1021,1;1020,6;0;16,7;15;16,8;16,4;15,1;14,9;92;91;92;128;4,8;1,4;
2026/05/31;2300 UTC;0;1021,2;1021,4;1021,1;0;16,2;14,7;16,4;15,8;14,9;14,5;94;92;93;105;3,3;1,1;
2026/06/01;0000 UTC;0;1021,6;1021,8;1021,4;0;15,7;14,7;15,8;15,6;14,8;14,6;96;94;95;90;1,6;,8;
2026/06/01;0100 UTC;0;1021,7;1021,8;1021,5;0;15,2;14,5;15,6;14,8;14,8;14,1;98;96;97;115;1,8;,9;
2026/06/01;0200 UTC;0;1021,7;1021,7;1021,6;0;15,4;14,8;15,8;14,9;15;14,5;98;96;97;115;2,5;1,2;
2026/06/01;0300 UTC;0;1021,7;1021,8;1021,6;0;15,9;15,1;16;15,7;15,2;15;97;96;96;148;2,8;1,4;
2026/06/01;0400 UTC;0;1021,6;1021,7;1021,4;0;15,7;15;15,8;15,5;15,2;14,6;97;95;97;92;2,7;1,2;
2026/06/01;0500 UTC;0;1021,5;1021,6;1021,4;0;15,5;14,5;15,6;15,4;14,6;14,4;95;95;95;123;1,8;,9;
2026/06/01;0600 UTC;0;1021,3;1021,4;1021,3;0;15,4;14,5;15,7;15;14,8;14,2;96;95;96;115;2,1;,9;
2026/06/01;0700 UTC;0;1021,4;1021,5;1021,3;0;14,4;13,9;15;14;14,4;13,5;99;96;97;69;2;,7;
2026/06/01;0800 UTC;0;1021,4;1021,5;1021,4;0;14,5;14,1;14,8;14,3;14,4;13,9;99;98;98;83;1,2;,4;
2026/06/01;0900 UTC;;;;;;;;;;;;;;;;;;
2026/06/01;1000 UTC;0;1022,4;1022,7;1021,9;0;13,5;13,3;13,7;13,2;13,7;13;100;99;99;52;,6;,2;
2026/06/01;1100 UTC;0;1023;1023,3;1022,7;40,7;13,9;13,9;14,5;13,6;14,4;13,5;100;99;100;136;1,2;,3;
2026/06/01;1200 UTC;0;1023,6;1023,8;1023,4;205;15,1;14,9;15,5;14,5;15,2;14,4;100;96;99;176;1,5;,7;
2026/06/01;1300 UTC;0;1024,1;1024,5;1023,8;402,1;16,1;14,2;16,5;15,5;14,8;13,8;96;88;90;148;2,4;1,1;
2026/06/01;1400 UTC;0;1024,4;1024,6;1024,3;586,3;16,9;13,8;17,1;16,5;14,4;13,4;88;82;85;123;3;1,6;
2026/06/01;1500 UTC;0;1024,3;1024,4;1024,1;622,2;17,2;13,5;17,4;17;13,9;13;84;78;81;157;3,5;2;
2026/06/01;1600 UTC;0;1023,8;1024,1;1023,5;777,3;17,3;13,3;17,7;16,9;13,9;12,7;83;75;80;128;4,9;2;
2026/06/01;1700 UTC;0;1023,2;1023,5;1022,9;1193,5;18,2;13,1;18,9;17,7;13,8;12,7;78;72;75;108;3,7;2;
2026/06/01;1800 UTC;0;1022,8;1022,9;1022,7;718;17,8;12,8;18,2;17,6;13,4;12,4;77;72;75;130;4,8;2,3;
2026/06/01;1900 UTC;0;1022,7;1022,7;1022,6;604,8;18;12,6;18,5;17,8;13,1;12,4;75;70;73;127;4,2;2,1;
2026/06/01;2000 UTC;0;1022,8;1023,2;1022,6;254,2;17,4;12,7;18;16,8;12,9;12,3;79;73;76;166;4,9;2,4;
2026/06/01;2100 UTC;0;1023,5;1023,8;1023,2;30,2;16,3;12,3;16,7;15,8;12,5;12;83;78;80;159;6,3;3;
2026/06/01;2200 UTC;0;1024,1;1024,4;1023,8;0;15,4;12,1;15,8;15;12,6;11,8;84;83;84;136;4,5;1,2;
2026/06/01;2300 UTC;0;1024,7;1025;1024,4;0;15;11,7;15;14,9;12;11,5;85;83;83;142;3,3;1,4;
2026/06/02;0000 UTC;0;1025,2;1025,4;1024,9;0;14,9;12,2;15;14,9;12,6;11,8;88;85;86;124;3,2;1,3;
2026/06/02;0100 UTC;0;1025,4;1025,5;1025,3;0;14,9;12,5;15;14,7;12,7;12,2;89;87;88;114;4;1,9;
2026/06/02;0200 UTC;0;1025,6;1025,8;1025,4;0;14,5;11,9;14,7;14,4;12,2;11,7;88;86;87;116;3,2;1,4;
2026/06/02;0300 UTC;0;1025,7;1025,8;1025,7;0;14,3;11,7;14,5;14,1;11,8;11,6;88;86;87;100;2,8;1,2;
2026/06/02;0400 UTC;0;1025,7;1025,8;1025,6;0;13,5;11,5;14,1;12,7;11,7;11,2;93;88;90;104;1,8;,6;
2026/06/02;0500 UTC;0;1025,9;1026;1025,7;0;11,8;11;12,6;11,1;11,3;10,6;98;93;96;130;1,2;,6;
2026/06/02;0600 UTC;0;1025,7;1025,8;1025,6;0;10,8;10,5;11,3;10,1;10,9;9,7;98;98;98;256;1;,6;
2026/06/02;0700 UTC;0;1025,6;1025,7;1025,4;0;9,5;9,2;10,1;8,9;9,7;8,7;99;98;99;116;,9;,4;
2026/06/02;0800 UTC;0;1025,3;1025,4;1025,1;0;9;8,8;9,2;8,6;9,1;8,4;99;99;99;129;,7;,3;
2026/06/02;0900 UTC;0;1025,3;1025,6;1025,1;0;8,4;8,3;8,6;8,2;8,5;8,1;100;99;100;70;,7;,4;
2026/06/02;1000 UTC;0;1026;1026,2;1025,6;0;7,9;7,9;8,4;7,7;8,4;7,6;100;99;100;55;1,2;,8;
2026/06/02;1100 UTC;0;1026,8;1027,2;1026,3;117,8;8;8;9,6;7,7;9,6;7,6;100;100;100;304;1,3;,9;
2026/06/02;1200 UTC;0;1027,3;1027,5;1027,2;543;11,8;11;13,9;9,7;12,1;9,7;100;87;96;56;1,7;,8;
2026/06/02;1300 UTC;0;1027,9;1028,1;1027,5;558,7;13,1;12,3;13,7;12,8;13;11,4;98;89;96;110;2,4;1,1;
2026/06/02;1400 UTC;0;1028,3;1028,4;1028,1;1143,7;14,1;13;15,6;13,2;13,5;12,7;98;87;94;142;2,2;,9;
2026/06/02;1500 UTC;0;1027,6;1028,2;1027,1;1843,5;17,1;13,2;18,4;15,7;14;12,7;88;73;80;80;3,6;1,6;
2026/06/02;1600 UTC;0;1026,8;1027,2;1026,3;1140,1;18,1;13,2;18,5;17,5;13,7;12,5;80;71;76;137;4,7;1,7;
2026/06/02;1700 UTC;0;1025,9;1026,2;1025,6;1267,3;18,1;13,8;18,9;17,6;14,5;13,4;81;75;79;211;3;1,8;
2026/06/02;1800 UTC;0;1025,4;1025,6;1025,2;1331;19,1;14;20,1;18,2;15;13,6;80;70;75;127;3,5;1,9;
2026/06/02;1900 UTC;0;1025,1;1025,3;1024,9;815,6;19,4;13,8;20,1;18,5;14,7;13,2;76;67;72;83;5,6;1,7;
2026/06/02;2000 UTC;0;1025,1;1025,4;1025;442,7;19,1;13;19,4;18,4;13,4;12,5;74;67;70;107;6;2,3;
2026/06/02;2100 UTC;0;1025,8;1025,9;1025,4;29,3;17,7;13,5;18,4;17;14,2;12,7;86;71;79;135;4,2;2,2;
2026/06/02;2200 UTC;0;1026;1026,1;1025,8;0;16,5;14,4;16,9;16,2;14,5;14,2;91;86;90;113;5;2,6;
2026/06/02;2300 UTC;0;1026,1;1026,3;1025,9;0;15,8;14;16,2;15,5;14,2;13,9;92;90;91;122;5;2,4;
2026/06/03;0000 UTC;0;1026,4;1026,6;1026,2;0;15,1;13,6;15,5;14,8;13,9;13,5;94;92;93;129;4;2,1;
2026/06/03;0100 UTC;0;1026,5;1026,6;1026,4;0;14,5;13,4;14,8;14,2;13,5;13,4;96;94;95;95;3,3;1;
2026/06/03;0200 UTC;0;1026,6;1026,6;1026,5;0;14;13,5;14,2;13,9;13,8;13,3;99;96;97;102;2,6;1,1;
2026/06/03;0300 UTC;0;1026,7;1026,7;1026,6;0;14,2;13,9;14,3;13,8;14,1;13,6;99;98;99;92;3,7;,7;
2026/06/03;0400 UTC;0;1026,7;1026,8;1026,6;0;13,5;13,3;13,8;13,1;13,6;13;99;99;99;101;2;,8;
2026/06/03;0500 UTC;0;1026,5;1026,6;1026,4;0;12,8;12,7;13,1;12,3;13;12,2;99;99;99;126;1,7;,7;
2026/06/03;0600 UTC;0;1026,3;1026,5;1026;0;11,4;11,2;12,3;10,9;12,2;10,7;100;99;99;129;1,6;1,2;
2026/06/03;0700 UTC;0;1026,1;1026,2;1026;0;11,3;11,2;12;10,6;12;10,6;100;99;100;222;1,6;,4;
2026/06/03;0800 UTC;0;1025,9;1026,2;1025,5;0;10,6;10,6;10,7;10,4;10,7;10,4;100;100;100;39;1,6;1,1;
2026/06/03;0900 UTC;0;1025,7;1025,9;1025,5;0;10,9;10,9;11,2;10,6;11,3;10,7;100;100;100;64;1,6;,9;
2026/06/03;1000 UTC;0;1026,1;1026,4;1025,8;0;10,1;10,1;11,1;9,7;11,1;9,7;100;100;100;90;1,5;,7;
2026/06/03;1100 UTC;0;1026,4;1027;1026,2;82,6;10,4;10,4;11,5;9,7;11,5;9,7;100;100;100;121;1,7;,5;
2026/06/03;1200 UTC;0;1026,8;1027;1026,6;484,8;12,6;12,3;14,2;11;13,5;11;100;93;99;108;2,5;1,3;
2026/06/03;1300 UTC;0;1027,1;1027,3;1026,9;1026,6;15,4;12,7;16,8;14,2;13,1;12,3;92;79;87;109;3;,7;
2026/06/03;1400 UTC;0;1027,1;1027,3;1026,7;1821,8;17,7;12,8;18,9;16,8;13,8;12,3;81;69;75;96;2,5;1,1;
2026/06/03;1500 UTC;0;1026,7;1026,8;1026,5;2023,6;19,7;13,2;20,6;18,9;13,9;12,7;73;62;68;153;3,1;1,1;
2026/06/03;1600 UTC;0;1026,1;1026,5;1025,6;2126,6;21,3;13,9;22,1;20,4;15,1;12,8;68;59;63;67;3,9;1,7;
2026/06/03;1700 UTC;0;1025,3;1025,6;1025;1893;22,3;14,1;22,7;21,8;14,8;13,7;62;56;59;162;4,2;1,3;
2026/06/03;1800 UTC;0;1024,8;1025;1024,6;1669,3;23;14,1;23,4;22,6;14,9;13,5;58;53;55;138;3,2;1,6;
2026/06/03;1900 UTC;0;1024,5;1024,6;1024,5;1061,3;23,3;14,1;23,5;23;14,6;13,7;57;53;54;119;3,9;2;
2026/06/03;2000 UTC;0;1024,6;1024,9;1024,5;457,2;22,6;14;23,1;21,8;14,3;13,6;62;53;57;116;4;1,8;
2026/06/03;2100 UTC;0;1025,2;1025,5;1024,9;24,8;20,3;14,2;21,7;19;14,2;14;76;62;69;115;6,4;2,7;
2026/06/03;2200 UTC;0;1025,6;1025,9;1025,4;0;18;14,2;19;17,2;14,3;14,2;86;76;81;116;5,8;1,9;
2026/06/03;2300 UTC;0;1026,2;1026,4;1025,8;0;16,6;14,4;17,1;16,3;14,6;14,2;92;86;89;124;4,1;2,3;
2026/06/04;0000 UTC;0;1026,5;1026,7;1026,4;0;15,9;14,6;16,3;15,6;14,6;14,5;95;92;93;118;4,4;1,8;
2026/06/04;0100 UTC;0;1026,9;1027,1;1026,8;0;15,3;14,4;15,6;15,1;14,6;14,3;96;95;95;115;3,5;1,5;
2026/06/04;0200 UTC;0;1027,4;1027,6;1027;0;14,9;14,2;15,1;14,8;14,3;14;96;96;96;113;3,5;1,5;
2026/06/04;0300 UTC;0;1027,5;1027,6;1027,3;0;14,5;13,9;14,8;14,3;14;13,7;97;96;97;111;2,9;1,5;
2026/06/04;0400 UTC;0;1027,7;1027,8;1027,5;0;14,3;13,8;14,4;14,1;13,9;13,7;98;97;97;99;2,9;1,2;
2026/06/04;0500 UTC;0;1027,7;1027,8;1027,4;0;14,3;14;14,5;14,1;14,2;13,7;98;98;98;100;3,1;1,3;
2026/06/04;0600 UTC;0;1027,3;1027,4;1027,1;0;14;13,8;14,3;13,6;14;13,4;99;98;99;116;3,3;,9;
2026/06/04;0700 UTC;0;1027;1027,1;1027;0;13,5;13,3;13,8;13,2;13,8;13,1;100;99;99;116;2;1,2;
2026/06/04;0800 UTC;0;1027;1027,1;1027;0;13,3;13,2;13,7;13;13,7;13;100;100;100;96;2,2;,8;
2026/06/04;0900 UTC;0;1027,5;1027,9;1027;0;12;12;13,1;11,5;13,1;11,4;100;100;100;303;1,9;1;
2026/06/04;1000 UTC;0;1028,3;1028,5;1027,9;0;13;13;13,7;12,2;13,7;12,3;100;100;100;112;1,9;,3;
2026/06/04;1100 UTC;0;1028,7;1029;1028,4;57,4;13,7;13,8;13,9;13,6;14;13,6;100;100;100;108;1,8;1;
2026/06/04;1200 UTC;0;1029;1029,1;1028,9;367,7;13,8;13,9;14,4;13,5;14,4;13,6;100;100;100;99;3,2;1,4;
2026/06/04;1300 UTC;0;1029,1;1029,1;1029;1166,6;15;15;16,2;14,1;16,1;14,2;100;99;100;96;2,4;1,2;
2026/06/04;1400 UTC;0;1028,6;1029,1;1028,3;2031;18,6;15,7;20,4;16,3;16,3;15,1;99;75;85;126;3;1,6;
2026/06/04;1500 UTC;0;1027,8;1028,3;1027,3;2069,8;21,2;15,6;22,2;20,2;16,3;15,1;79;67;72;121;3,9;1,8;
2026/06/04;1600 UTC;0;1026,9;1027,3;1026,5;2142,5;22,6;15,9;22,9;22,2;16,5;15,2;71;63;67;136;4,7;2,4;
2026/06/04;1700 UTC;0;1026;1026,5;1025,6;1910,5;23,3;15,7;23,6;22,8;16,5;15,2;66;59;62;100;4,4;2,1;
2026/06/04;1800 UTC;0;1025,3;1025,6;1025,1;1688,5;23,9;15,5;24,4;23,5;16;15;60;55;58;124;4,3;1,6;
2026/06/04;1900 UTC;0;1024,9;1025,1;1024,7;1069,9;24,1;15,4;24,3;24;16,1;14,7;60;53;56;124;3,8;2,2;
2026/06/04;2000 UTC;0;1024,8;1024,9;1024,7;453;23,2;16,2;24;22,3;16,5;16;69;60;65;133;5,9;2,1;
2026/06/04;2100 UTC;0;1024,9;1025,1;1024,8;23,3;21;16,3;22,2;19,9;16,4;16;82;69;77;129;5,6;2,1;
2026/06/04;2200 UTC;0;1024,9;1025,1;1024,8;0;19,1;16,3;19,9;18,4;16,4;16,2;89;82;86;120;4,2;1,6;
2026/06/04;2300 UTC;0;1025,1;1025,2;1025;0;17,9;16,2;18,4;17,5;16,3;16,1;93;89;91;131;3,4;1,9;
2026/06/05;0000 UTC;0;1025,2;1025,3;1025;0;17,1;16;17,5;16,9;16,1;15,8;96;93;94;117;3,1;1,5;
2026/06/05;0100 UTC;0;1025,1;1025,2;1025;0;16,4;15,7;16,9;16,2;16;15,6;97;95;97;118;2,8;1,4;
2026/06/05;0200 UTC;0;1025,3;1025,4;1025,2;0;16;15,4;16,2;15,6;15,7;15,1;98;97;97;105;2,6;1,1;
2026/06/05;0300 UTC;0;1025,4;1025,5;1025,1;0;15,3;14,9;15,6;14,9;15,2;14,4;98;98;98;79;2,1;,9;
2026/06/05;0400 UTC;0;1025;1025,1;1024,9;0;14,5;14,2;14,9;13,7;14,5;13,3;99;98;98;108;1,7;,8;
2026/06/05;0500 UTC;0;1024,9;1025;1024,7;0;13,6;13,4;14,4;12,6;14,2;12,3;99;98;99;50;1,5;,8;
2026/06/05;0600 UTC;0;1024,4;1024,7;1024,1;0;12,2;12;13;11,5;12,8;11,2;99;99;99;75;1,2;,6;
2026/06/05;0700 UTC;0;1023,9;1024,1;1023,8;0;11,6;11,5;11,9;11,3;11,8;11,1;99;99;99;42;1,2;,6;
2026/06/05;0800 UTC;0;1023,8;1023,9;1023,7;0;11;10,8;11,3;10,6;11,2;10,5;100;99;99;55;1,2;,8;
2026/06/05;0900 UTC;0;1023,8;1024;1023,8;0;10,9;10,8;11,6;10,5;11,5;10,4;100;99;100;65;1,4;,8;
2026/06/05;1000 UTC;0;1024,4;1024,8;1024;0;10,8;10,7;11,3;10,4;11,2;10,4;100;99;100;61;1,4;,9;
2026/06/05;1100 UTC;0;1024,9;1025,1;1024,8;79,4;11,8;11,8;12,8;10,4;12,8;10,4;100;100;100;82;1,8;,8;
2026/06/05;1200 UTC;0;1025,1;1025,2;1025;496,1;14,5;14;15,7;12,8;14,7;12,8;100;89;97;95;2,4;1,2;
2026/06/05;1300 UTC;0;1025,1;1025,2;1025;1048,1;17,2;14,1;18,6;15,8;14,6;13,4;89;78;84;133;2;1;
2026/06/05;1400 UTC;0;1024,9;1025,2;1024,5;2054,8;20,4;15,1;22,3;18,6;15,9;14,3;81;63;73;86;2,1;1,1;
2026/06/05;1500 UTC;0;1024,1;1024,5;1023,7;1914,1;23,2;15,5;24;22,4;16,4;14,9;66;55;61;198;3,9;2;
2026/06/05;1600 UTC;0;1022,9;1023,7;1022,2;2162,5;24,7;15,7;25,3;24,1;16,4;15,1;60;52;55;77;4,6;2,8;
2026/06/05;1700 UTC;0;1021,7;1022,2;1021,3;1627,7;25,1;16,2;25,5;24,7;16,9;15,7;58;53;55;235;5,6;1,6;
2026/06/05;1800 UTC;0;1021,1;1021,3;1021;1099,3;25,2;16,1;25,3;25;16,6;15,7;57;53;55;311;3,4;1,4;
2026/06/05;1900 UTC;0;1020,9;1021,1;1020,8;884,7;25,2;16,6;25,7;24,7;17,2;15,9;62;53;57;251;3,3;1,6;
2026/06/05;2000 UTC;0;1020,7;1020,8;1020,6;443,1;24,2;16,9;24,7;23;17,2;16,6;69;60;64;226;2,9;1,1;
2026/06/05;2100 UTC;0;1020,4;1020,5;1020,3;20,1;20,7;16,9;22,9;18,5;17,3;16,4;90;69;81;327;1,6;,9;
2026/06/05;2200 UTC;0;1020,3;1020,3;1020,2;0;17,3;16,2;18,4;16,8;16,5;15,8;96;90;94;53;1,2;,9;
2026/06/05;2300 UTC;0;1020,4;1020,6;1020,3;0;16,4;15,6;17,1;15,8;16,2;15;97;95;96;117;1,3;,3;
2026/06/06;0000 UTC;0;1020,3;1020,5;1020,2;0;15,6;15;16;15,3;15,4;14,8;97;96;97;102;1,6;,8;
2026/06/06;0100 UTC;0;1020,2;1020,4;1020;0;14,9;14,3;15,5;14,5;15;13,8;98;96;97;70;1,2;,8;
2026/06/06;0200 UTC;0;1019,9;1020;1019,7;0;14,4;13,9;15,2;13,8;14,9;13,3;98;97;98;337;1,4;,5;
2026/06/06;0300 UTC;0;1019,7;1019,8;1019,6;0;13,8;13,4;14;13,7;13,7;13,3;99;98;98;287;1,4;,8;
2026/06/06;0400 UTC;0;1019,5;1019,8;1019,4;0;13,9;13,6;14,2;13,6;13,9;13,2;99;98;99;186;1,5;,2;
2026/06/06;0500 UTC;0;1019,2;1019,5;1019,2;0;13,8;13,5;14;13,4;13,8;13,1;99;98;99;287;1,7;1;
2026/06/06;0600 UTC;0;1018,9;1019,3;1018,8;0;14;13,8;14,4;13,6;14,1;13,3;99;98;99;274;1,7;,5;
2026/06/06;0700 UTC;0;1018,8;1018,9;1018,7;0;13,3;13,1;13,7;13;13,4;12,7;99;99;99;235;1,4;,9;
2026/06/06;0800 UTC;0;1018,5;1018,7;1018,3;0;12,7;12,5;13,2;12,1;13,1;11,9;100;99;99;294;2;1,1;
2026/06/06;0900 UTC;0;1018,5;1018,7;1018,3;0;12,4;12,3;12,8;11,9;12,7;11,7;100;99;100;290;2,4;1,5;
2026/06/06;1000 UTC;0;1018,8;1018,9;1018,7;0;12,8;12,9;13,2;12,4;13,2;12,4;100;100;100;312;2,6;,8;
2026/06/06;1100 UTC;0;1019;1019,1;1018,8;69,2;12,6;12,6;13,2;12,2;13,2;12,2;100;100;100;283;1,7;1;
2026/06/06;1200 UTC;0;1018,9;1019,1;1018,8;503,4;14,6;14,6;16,2;12,9;16,1;12,9;100;99;100;260;2,6;1,1;
2026/06/06;1300 UTC;0;1019,2;1019,6;1018,8;1091,5;17,8;15,2;19,1;16,1;16,2;14,4;99;77;87;261;3,9;2,2;
2026/06/06;1400 UTC;0;1019,4;1019,6;1019,1;858,7;19;15,2;19,6;18,8;16;14,6;84;78;81;256;3,7;1,4;
2026/06/06;1500 UTC;0;1018,7;1019,1;1018;1940,1;20,8;15,5;21,7;19,7;16,5;15,2;83;69;74;298;5,7;1,9;
2026/06/06;1600 UTC;0;1017,6;1018,1;1017,2;2024,1;22,1;16;22,7;21,6;16,7;15,5;72;68;70;275;4,8;2,2;
2026/06/06;1700 UTC;0;1016,9;1017,1;1016,6;1527,7;22,8;16,7;23,2;22,4;17,4;16,2;72;68;70;269;5,2;2,5;
2026/06/06;1800 UTC;0;1016,6;1016,8;1016,4;1404,8;23;17,1;23,6;22,3;17,8;16,8;73;68;70;253;4,5;1,2;
2026/06/06;1900 UTC;0;1016,2;1016,4;1016;916,8;23,5;17,3;23,9;23,2;17,7;16,9;71;67;69;239;3,7;1,5;
2026/06/06;2000 UTC;0;1016,3;1016,4;1016,2;302;22,4;17,3;23,2;21,5;17,6;17,1;80;70;75;192;3,4;1,1;
2026/06/06;2100 UTC;0;1016,7;1017,1;1016,4;30;19,9;16,9;21,5;18,6;17,5;16,3;89;80;85;145;4,7;2,3;
2026/06/06;2200 UTC;0;1017,6;1018;1017,1;0;17,8;16;18,5;17,5;16,3;15,8;92;89;91;121;4,7;2,3;
2026/06/06;2300 UTC;0;1018,1;1018,2;1018;0;17,4;15,8;17,5;17,2;15,9;15,7;93;91;92;111;4;2,3;
2026/06/07;0000 UTC;0;1018,2;1018,4;1018;0;17;15,7;17,2;16,8;15,8;15,6;95;93;94;156;4;2;
2026/06/07;0100 UTC;0;1018,3;1018,4;1018,1;0;16,5;15,6;16,8;16,4;15,8;15,4;96;95;96;140;4;1,7;
2026/06/07;0200 UTC;0;1018,4;1018,6;1018,3;0;16,4;15,3;16,5;16,3;15,5;15,1;95;94;94;101;4,7;2;
2026/06/07;0300 UTC;0;1018,6;1018,8;1018,4;0;16,3;15,2;16,3;16,2;15,4;15,2;95;94;95;142;4,3;2,1;
2026/06/07;0400 UTC;0;1018,4;1018,6;1018,3;0;16,1;15,3;16,2;16;15,4;15,2;97;95;96;162;3,8;1,4;
2026/06/07;0500 UTC;0;1018,2;1018,4;1018,1;0;16;15,3;16,1;16;15,5;15,2;97;96;97;141;2,3;1,3;
2026/06/07;0600 UTC;0;1018,1;1018,2;1017,9;0;16;15,5;16;15,9;15,6;15,5;98;97;98;159;2,4;1,4;
2026/06/07;0700 UTC;0;1017,6;1017,9;1017,5;0;15,7;15,4;15,9;15,6;15,6;15,3;99;98;98;151;3,7;1,5;
2026/06/07;0800 UTC;0;1017,4;1017,6;1017,2;0;15,5;15,2;15,6;15,4;15,3;14,9;98;97;98;153;3,6;1,4;
2026/06/07;0900 UTC;0;1017,5;1017,8;1017,3;0;15,6;14,4;15,7;15,5;14,8;14,2;97;93;94;127;3,4;1,2;
2026/06/07;1000 UTC;0;1018,1;1018,5;1017,8;0;15,7;14,3;15,7;15,7;14,3;14,2;93;93;93;132;2,7;1,2;
2026/06/07;1100 UTC;0;1018,7;1018,8;1018,5;17,9;15,8;14,4;16;15,7;14,5;14,3;93;93;93;101;2,2;1;
2026/06/07;1200 UTC;0;1019;1019,1;1018,9;114,6;16,1;14,5;16,4;16;14,6;14,4;92;91;92;108;2,9;1,7;
2026/06/07;1300 UTC;0;1019,4;1019,6;1019;284,7;16,6;14,3;16,9;16,4;14,6;14,1;91;87;88;114;5,1;2,1;
2026/06/07;1400 UTC;0;1019,6;1019,7;1019,5;772,4;17,3;14,2;18,1;16,9;14,5;13,7;87;78;85;105;5,1;2,2;
2026/06/07;1500 UTC;0;1019,6;1019,7;1019,5;546,8;17,7;14;18;17,6;14,3;13,8;83;80;82;122;4;2;
2026/06/07;1600 UTC;0;1019,1;1019,5;1018,9;719,7;18,1;14;18,3;17,9;14,4;13,7;81;78;79;123;4,7;2,6;
2026/06/07;1700 UTC;0;1018,7;1019;1018,5;478,8;18,2;14,1;18,5;18;14,4;13,9;81;77;80;116;4,1;1,8;
2026/06/07;1800 UTC;0;1018,3;1018,5;1018,1;655,9;18,3;14,2;19;18;14,7;14;82;76;79;116;4,7;2,6;
2026/06/07;1900 UTC;0;1018,1;1018,2;1017,9;485,1;18,4;14,2;19,1;18,1;14,6;13,9;81;76;79;141;5,4;2,7;
2026/06/07;2000 UTC;0;1018,4;1018,9;1018,1;141,4;18;14,3;18,1;17,8;14,5;13,9;83;79;81;131;5,2;2,2;
2026/06/07;2100 UTC;0;1019,1;1019,2;1018,9;10,6;17,5;14,4;17,8;17,2;14,6;14,2;86;82;85;133;3,8;1,8;
2026/06/07;2200 UTC;0;1019,3;1019,4;1019,2;0;17,1;14,5;17,2;17;14,6;14,4;88;86;87;123;4,3;2,1;
2026/06/07;2300 UTC;0;1019,6;1020;1019,3;0;16,6;14,5;16,9;16,3;14,5;14,5;91;88;90;145;3,2;1,3;
2026/06/08;0000 UTC;0;1020;1020,2;1019,9;0;16,1;14,3;16,3;15,6;14,5;14,1;93;90;91;143;3,6;1,4;
2026/06/08;0100 UTC;0;1019,9;1020,1;1019,7;0;15,4;14;15,6;15,2;14,1;13,9;94;93;93;119;3,2;1,6;
2026/06/08;0200 UTC;0;1019,6;1019,8;1019,4;0;14,9;13,8;15,2;14,6;13,9;13,7;96;93;95;118;3;1;
2026/06/08;0300 UTC;0;1020;1020,1;1019,7;0;14,2;13,5;14,6;13,8;13,8;13,2;98;96;97;105;1,4;,4;
2026/06/08;0400 UTC;0;1019,6;1020;1019,3;0;14,5;13,8;14,7;14,1;14;13,6;98;95;96;114;3,3;1,4;
2026/06/08;0500 UTC;0;1019,4;1019,8;1019;0;14,7;13,8;14,8;14,6;13,9;13,7;96;95;95;61;2,5;1,6;
2026/06/08;0600 UTC;0;1018,6;1019;1018,3;0;14,9;14;15,1;14,8;14,2;13,9;96;95;95;83;2,4;,7;
2026/06/08;0700 UTC;0;1018,2;1018,5;1017,7;0;15,3;14,4;15,5;15,1;14,5;14,2;96;95;95;116;2,7;1,4;
2026/06/08;0800 UTC;0;1017,8;1018;1017,7;0;15,6;14,8;15,8;15,5;15,2;14,5;97;95;96;58;2,5;1,3;
2026/06/08;0900 UTC;2,8;1018,2;1018,3;1018;0;15,7;15,4;15,8;15,6;15,4;15,3;99;98;98;151;2,8;,5;
2026/06/08;1000 UTC;,2;1018,4;1018,6;1018;0;15,6;15,4;15,6;15,5;15,5;15,3;99;99;99;252;1,7;,2;
2026/06/08;1100 UTC;,4;1018,5;1018,7;1018,3;12,7;15,7;15,5;15,7;15,6;15,6;15,5;100;99;99;90;1,7;,6;
2026/06/08;1200 UTC;,2;1018,5;1018,7;1018,3;98,5;15,9;15,8;16,2;15,7;16,1;15,6;100;99;100;82;1,5;,7;
2026/06/08;1300 UTC;0;1018,7;1018,8;1018,5;184,3;16,2;15,9;16,4;16,1;16,1;15,8;99;98;98;64;2,6;,8;
2026/06/08;1400 UTC;0;1018,4;1018,8;1018;606,1;16,7;15,8;17;16,3;16,1;15,3;98;92;95;44;3,1;1,5;
2026/06/08;1500 UTC;0;1017,6;1018;1017,3;823,7;17,6;15,6;18;17;16,1;15,3;92;87;90;269;2,4;,7;
2026/06/08;1600 UTC;,6;1017,1;1017,5;1016,7;540;17,3;16;17,7;17;16,6;15,3;96;89;94;260;3,2;1,5;
2026/06/08;1700 UTC;0;1016,3;1016,6;1016;1165,6;18,1;16,2;18,9;17,5;16,8;15,5;95;86;90;293;3,6;1,6;
2026/06/08;1800 UTC;0;1015,9;1016,1;1015,6;870,4;18,6;16,1;19,1;18,3;16,4;15,6;90;84;87;289;3,5;1,3;
2026/06/08;1900 UTC;0;1015,7;1015,8;1015,5;685,4;19,1;16,2;19,6;18,9;16,5;15,8;88;82;86;284;3,8;1,7;
2026/06/08;2000 UTC;0;1015,8;1015,9;1015,7;247;18,7;16,1;18,9;18,3;16,5;15,8;88;86;87;268;3,2;1,7;
2026/06/08;2100 UTC;0;1016;1016,2;1015,9;26,7;17,4;16;18,3;16,2;16,2;15,4;97;88;93;298;2,3;,9;
2026/06/08;2200 UTC;0;1016,5;1016,7;1016,2;0;16,1;15,8;16,5;15,8;16,2;15,3;99;97;98;326;1,8;,9;
2026/06/08;2300 UTC;0;1016,7;1016,9;1016,6;0;16,6;16,2;16,7;16,4;16,3;16;99;98;98;273;1,7;,7;
2026/06/09;0000 UTC;0;1016,8;1017;1016,8;0;16,6;16,3;16,7;16,5;16,4;16,2;99;98;98;295;1,3;,8;
2026/06/09;0100 UTC;0;1017,1;1017,3;1017;0;16,8;16,4;16,9;16,7;16,5;16,4;99;98;98;302;2,2;,8;
2026/06/09;0200 UTC;0;1017,3;1017,4;1017,2;0;16,9;16,4;16,9;16,8;16,5;16,3;98;97;98;289;2,8;1;
2026/06/09;0300 UTC;0;1017,3;1017,4;1017;0;16,7;16,2;16,9;16,4;16,4;15,9;98;97;98;257;2,9;1,2;
2026/06/09;0400 UTC;0;1017;1017,1;1016,9;0;16,3;16;16,4;16,2;16,1;15,9;99;98;98;323;2,5;1,4;
2026/06/09;0500 UTC;0;1016,7;1016,9;1016,5;0;16,1;15,9;16,3;15,9;16;15,7;99;99;99;301;2,8;,7;
2026/06/09;0600 UTC;0;1016,4;1016,6;1016,3;0;16;15,7;16;15,9;15,8;15,6;99;98;99;306;3,1;1,3;
2026/06/09;0700 UTC;0;1016,5;1016,6;1016,3;0;15,8;15,4;16;15,6;15,6;15,2;98;98;98;280;3,8;1;
2026/06/09;0800 UTC;0;1016,4;1016,5;1016,3;0;15,5;15,1;15,7;15,4;15,3;15;98;98;98;291;3,2;1,3;
2026/06/09;0900 UTC;0;1016,6;1016,9;1016,3;0;15,8;15,2;16;15,5;15,2;15,1;98;96;97;283;5,1;2,5;
2026/06/09;1000 UTC;0;1017,3;1017,5;1016,9;0;16;14,9;16,1;15,9;15,2;14,6;96;93;94;279;5,8;2,4;
2026/06/09;1100 UTC;0;1017,8;1018;1017,5;42,2;15,8;14,5;15,9;15,7;14,6;14,3;94;93;93;280;5,2;2,3;
2026/06/09;1200 UTC;0;1018,2;1018,4;1017,9;207,6;16;14,3;16,3;15,8;14,6;14,2;93;90;92;275;6,6;3,2;
2026/06/09;1300 UTC;0;1018,7;1018,8;1018,4;273,3;16,3;14,5;16,6;16,2;14,7;14,1;93;88;91;265;5,4;2,3;
2026/06/09;1400 UTC;0;1018,9;1019,1;1018,7;457,7;17;14,1;17,2;16,6;14,4;13,9;88;85;86;275;6,5;3,1;
2026/06/09;1500 UTC;0;1018,5;1018,7;1018,3;417,9;16,5;13,9;17,4;15,8;14,4;13,6;91;84;87;227;6,6;2;
2026/06/09;1600 UTC;,2;1018,1;1018,3;1017,7;446;15,5;14,4;15,8;15,3;14,9;13,8;96;90;94;227;3,7;1,8;
2026/06/09;1700 UTC;0;1017,4;1017,8;1017,2;975;16,4;14,5;17;15,7;15,4;13,8;96;86;90;216;4,9;2,8;
2026/06/09;1800 UTC;,4;1017,3;1017,4;1017,2;711;16,1;14,2;16,6;15,5;14,7;13,8;95;87;91;219;4,5;,8;
2026/06/09;1900 UTC;0;1017,1;1017,2;1017;423;16,3;14,2;16,6;16;14,6;13,6;92;86;89;215;5,6;1,3;
2026/06/09;2000 UTC;0;1017,2;1017,3;1017;122,4;16,2;13,7;16,5;15,8;14,6;13;92;85;88;193;4,3;1,8;
2026/06/09;2100 UTC;0;1017,5;1017,7;1017,3;11,5;15,5;14;15,8;15,1;14,3;13,2;95;87;92;333;2,4;1,3;
2026/06/09;2200 UTC;0;1018,1;1018,6;1017,7;0;14,7;13,9;15,1;14,5;14;13,7;98;95;96;315;1,7;,8;
2026/06/09;2300 UTC;0;1018,7;1018,8;1018,6;0;14,2;13,8;14,5;13,9;14;13,5;99;98;98;171;1,3;,4;
2026/06/10;0000 UTC;0;1018,7;1018,8;1018,6;0;13,5;13,2;14;12,5;13,8;12,3;99;99;99;258;1,1;,2;
2026/06/10;0100 UTC;0;1018,8;1018,9;1018,6;0;12,2;12;12,5;12;12,3;11,9;100;99;99;70;1,1;,6;
2026/06/10;0200 UTC;0;1019,1;1019,5;1018,7;0;11,8;11,8;12,2;11,2;12,3;11,1;100;99;100;74;2,4;,8;
2026/06/10;0300 UTC;0;1019,4;1019,6;1019,3;0;11;11;11,6;10,7;11,5;10,7;100;100;100;192;1,5;,6;
2026/06/10;0400 UTC;0;1019;1019,5;1018,8;0;11,5;11,5;11,7;11,2;11,8;11,2;100;100;100;215;1,5;,8;
2026/06/10;0500 UTC;0;1018,8;1019;1018,3;0;11,5;11,5;11,8;11,2;11,8;11,3;100;100;100;109;1,4;,7;
2026/06/10;0600 UTC;0;1018;1018,3;1017,5;0;10,6;10,6;11,3;9,9;11,3;9,9;100;100;100;177;1,4;,3;
2026/06/10;0700 UTC;0;1017,8;1017,9;1017,6;0;10;10;10,3;9,5;10,4;9,5;100;100;100;61;1,5;,6;
2026/06/10;0800 UTC;0;1017,7;1017,9;1017,4;0;9,2;9,3;9,8;8,7;9,9;8,8;100;100;100;275;1,5;,6;
2026/06/10;0900 UTC;0;1017,6;1017,7;1017,5;0;8,7;8,7;8,8;8,5;8,9;8,5;100;100;100;116;,7;,5;
2026/06/10;1000 UTC;0;1018,2;1018,8;1017,6;0;8,6;8,7;8,9;8,4;9;8,4;100;100;100;117;1,5;,5;
2026/06/10;1100 UTC;0;1019,2;1019,4;1018,9;55,5;8,5;8,5;9,2;8,1;9,2;8,1;100;100;100;94;1,5;,6;
2026/06/10;1200 UTC;0;1019,6;1020;1019,2;364,8;10,5;10,5;11,8;9,2;11,9;9,3;100;100;100;56;2,3;,7;
2026/06/10;1300 UTC;0;1019,6;1020;1019,3;507,9;12,3;12,3;12,7;11,8;12,7;11,9;100;99;100;156;2,6;1,6;
2026/06/10;1400 UTC;0;1019,4;1019,7;1019;762,6;12,9;12,6;13,6;12,3;13,1;12,2;100;96;98;111;3,3;1,8;
2026/06/10;1500 UTC;0;1018,6;1018,9;1018,3;1122,1;14,2;12,8;15,2;13,5;13,2;12,5;96;87;93;109;3,5;1,8;
2026/06/10;1600 UTC;0;1017,8;1018,2;1017,7;1230,6;15,9;12,6;16,5;15,2;13,1;11,9;89;77;84;94;4,1;1,6;
2026/06/10;1700 UTC;0;1017,4;1017,6;1017,1;984,9;16,6;12;16,8;16,3;12,7;11,3;81;73;77;98;3,7;1,6;
2026/06/10;1800 UTC;0;1016,9;1017;1016,8;633,7;16,7;11,7;16,9;16,6;12,2;11,2;77;72;75;110;3,3;1,1;
2026/06/10;1900 UTC;0;1016,5;1016,8;1016,4;438,6;16,4;12;16,7;16,3;12,4;11,7;80;75;78;117;2,8;1,3;
2026/06/10;2000 UTC;0;1016,4;1016,6;1016,3;191,7;15,9;12,2;16,2;15,5;12,4;11,8;84;78;82;120;3,1;1,4;
2026/06/10;2100 UTC;0;1016,1;1016,3;1015,9;13,6;14,9;12,4;15,5;14,5;12,5;12,3;90;84;88;117;2,7;1,2;
2026/06/10;2200 UTC;0;1016,4;1016,7;1016,2;0;14,2;12,4;14,7;13,9;12,6;12,2;92;89;91;134;2,5;1,1;
2026/06/10;2300 UTC;0;1016,8;1017,1;1016,6;0;13,5;12,2;13,9;13,3;12,2;12;94;92;93;113;2,1;1,1;
2026/06/11;0000 UTC;0;1017,1;1017,3;1016,9;0;13,2;11,9;13,4;13;12,1;11,8;94;93;94;124;2,3;1,3;
2026/06/11;0100 UTC;0;1017;1017,2;1016,8;0;12,8;11,7;13;12,7;11,8;11,6;95;94;94;120;2,6;1,2;
2026/06/11;0200 UTC;0;1017,3;1017,4;1017,2;0;12,3;11,6;12,7;12;11,7;11,4;97;95;96;104;2,1;1,1;
2026/06/11;0300 UTC;0;1017,5;1017,7;1017,3;0;11,1;10,6;12;10,1;11,5;9,7;98;97;98;242;1,4;,3;
2026/06/11;0400 UTC;0;1017,4;1017,5;1017,2;0;9,6;9,4;10,1;9,2;9,8;9;99;98;99;215;1;,4;
2026/06/11;0500 UTC;0;1017,1;1017,5;1016,8;0;9,5;9,4;10,1;9;10;8,8;100;99;100;72;1,4;,9;
2026/06/11;0600 UTC;0;1016,5;1016,8;1016,2;0;9,5;9,4;10,1;8,7;10,1;8,7;100;100;100;194;1,2;,8;
2026/06/11;0700 UTC;0;1016,2;1016,4;1016;0;9,6;9,7;10;9,1;10,1;9,1;100;100;100;66;1,7;,2;
2026/06/11;0800 UTC;0;1016,3;1016,5;1016,1;0;10;10,1;10,4;9,8;10,4;9,8;100;100;100;225;1,2;,3;
2026/06/11;0900 UTC;0;1016,4;1016,6;1016,3;0;11;11;12;10,2;12,1;10,3;100;100;100;72;1,8;,9;
2026/06/11;1000 UTC;0;1016,9;1017,3;1016,6;0;12,2;12,3;12,3;12,1;12,4;12,1;100;100;100;61;2,3;1,2;
2026/06/11;1100 UTC;0;1017,5;1017,7;1017,3;25;12,4;12,5;12,5;12,2;12,6;12,2;100;100;100;241;3,4;,8;
2026/06/11;1200 UTC;0;1017,7;1018;1017,5;235,7;12,8;12,8;13,1;12,5;13,1;12,6;100;100;100;310;3,4;1,4;
2026/06/11;1300 UTC;0;1018;1018,3;1017,9;509,2;13,4;13,5;14;13;13,9;13;100;99;100;149;2,4;,7;
2026/06/11;1400 UTC;0;1018,1;1018,2;1018;439;14,5;13,3;15;13,9;13,9;12,8;99;90;94;173;2,2;,9;
2026/06/11;1500 UTC;0;1017,6;1018;1017,1;761;15,4;13;16,1;14,9;13,6;12,5;90;86;88;124;2,4;1,5;
2026/06/11;1600 UTC;0;1016,8;1017,1;1016,4;915,9;16,4;13,3;16,8;16,1;13,9;12,9;87;82;84;78;2,8;1,2;
2026/06/11;1700 UTC;0;1016;1016,4;1015,7;1027;17,3;13,7;17,8;16,6;14,2;13,3;85;79;82;143;2,6;1,2;
2026/06/11;1800 UTC;0;1015,4;1015,7;1015,2;380,2;17,6;14,1;17,8;17,5;14,5;13,8;84;81;82;75;2,4;1,4;
2026/06/11;1900 UTC;0;1015,1;1015,2;1015;218,3;17,5;14,2;17,5;17,4;14,4;14,1;85;83;84;112;3,4;,9;
2026/06/11;2000 UTC;0;1014,8;1015,1;1014,5;145,9;17,3;14,3;17,5;17,1;14,5;14,1;86;84;85;122;3,6;1,6;
2026/06/11;2100 UTC;0;1015,1;1015,6;1014,7;19;16,9;14,3;17,1;16,7;14,4;14,2;88;86;87;123;2,2;,8;
2026/06/11;2200 UTC;0;1015,5;1015,6;1015,4;0;16,3;14,4;16,7;16;14,6;14,3;92;88;90;94;1,7;,3;
2026/06/11;2300 UTC;0;1015,8;1016;1015,6;0;16,2;14,6;16,3;16,1;14,8;14,3;93;91;92;112;1,5;,7;
2026/06/12;0000 UTC;;1015,2;1015,8;1014,7;0;16,3;14,4;16,4;16,1;14,5;14,2;91;89;90;127;3,5;1,9;
2026/06/12;0100 UTC;;1014,4;1014,7;1014;0;16,3;14,5;16,3;16,2;14,6;14,5;92;91;91;126;5;2,2;
2026/06/12;0200 UTC;;1014,1;1014,4;1013,7;0;16,2;14,6;16,3;16,2;14,6;14,5;92;92;92;119;4,4;2,2;
2026/06/12;0300 UTC;;1013,6;1013,9;1013,3;0;16,1;14,6;16,2;16,1;14,7;14,6;93;92;92;120;3,2;1,1;
2026/06/12;0400 UTC;;1013,2;1013,5;1012,9;0;16,1;14,7;16,1;16,1;14,7;14,6;93;92;93;139;3,4;1,3;
2026/06/12;0500 UTC;;1012,6;1013;1012,3;0;16,1;14,7;16,1;16;14,8;14,7;94;93;93;114;2,3;1,2;
2026/06/12;0600 UTC;;1011,3;1012,2;1010,7;0;15,8;15,2;16,1;15,8;15,3;14,8;98;94;97;138;4;2,4;
2026/06/12;0700 UTC;;1010,4;1010,7;1010;0;15,8;15,3;15,9;15,8;15,3;15,2;98;97;97;128;5,8;1,5;
2026/06/12;0800 UTC;;1009,6;1010;1009,2;0;15,8;15,3;15,8;15,7;15,4;15,3;98;97;98;169;4,1;1,1;
2026/06/12;0900 UTC;;1009,4;1010,6;1009;0;15,7;15,5;15,8;15,7;15,6;15,4;99;98;99;260;5;2,1;
2026/06/12;1000 UTC;;1010;1010,6;1009,4;0;15,7;15,6;15,8;15,7;15,7;15,5;100;99;99;168;4,7;1,1;
2026/06/12;1100 UTC;;1009,3;1009,6;1009;17,5;15,8;15,8;15,8;15,8;15,8;15,7;100;100;100;91;3,7;1,3;
2026/06/12;1200 UTC;;1009,1;1009,2;1009;170,3;16;15,9;16,2;15,8;16,1;15,8;100;99;100;72;4,8;1,9;
2026/06/12;1300 UTC;;1009,2;1009,5;1009,1;312,5;16,4;15,9;16,7;16,2;16,1;15,8;99;96;98;70;4,2;2,1;
2026/06/12;1400 UTC;;1009,1;1009,2;1008,9;471,5;16,9;15,9;17,1;16,6;16,1;15,7;96;94;95;323;4,3;1;
2026/06/12;1500 UTC;;1008,5;1008,9;1008,2;233,6;16,8;16,2;16,9;16,7;16,5;15,9;98;96;97;253;1,8;1,1;
2026/06/12;1600 UTC;;1007,8;1008,1;1007,5;304;16,9;16,4;17,2;16,5;16,8;16;98;97;98;319;4,4;2,1;
2026/06/12;1700 UTC;;1007,3;1007,6;1007,1;150,2;16,4;16,2;16,6;16,4;16,5;16;99;98;99;265;4,8;,9;
2026/06/12;1800 UTC;;1007,4;1007,6;1007,1;137,2;16,6;16,4;16,7;16,5;16,5;16,3;99;99;99;292;5,6;2;
2026/06/12;1900 UTC;;1007,7;1007,8;1007,6;142;16,5;16,2;16,6;16,5;16,2;16,1;98;98;98;313;4,1;2,1;
2026/06/12;2000 UTC;;1008;1008,3;1007,7;126;16,5;16,1;16,6;16,4;16,2;15,9;98;98;98;301;6,1;2,3;
2026/06/12;2100 UTC;;1008,6;1009;1008,3;12,4;16,3;15,8;16,4;16;15,9;15,6;98;97;98;255;6,7;2,9;
2026/06/12;2200 UTC;;1009,5;1010;1009;0;15,9;15,3;16;15,7;15,7;14,5;99;94;97;261;7,1;3,1;
2026/06/12;2300 UTC;;1010,5;1011,1;1010;0;15,5;14,6;15,7;15,2;14,8;14,3;98;94;95;270;7,6;3,1;
2026/06/13;0000 UTC;;1011,6;1012,2;1011,1;,1;15;14,6;15,1;14,6;14,8;14,3;99;98;98;274;7,6;3,9;
2026/06/13;0100 UTC;;1012,7;1013;1012,2;0;14,3;14,1;14,5;14,3;14,3;14;99;99;99;272;7,5;3,8;
2026/06/13;0200 UTC;;1013,5;1013,5;1013,4;0;14,1;13,8;14,1;14,1;13,8;13,8;99;99;99;274;6,8;4;
2026/06/13;0300 UTC;;1013,8;1013,9;1013,7;0;14,1;13,5;14,1;14;13,5;13,5;97;97;97;272;6;3,8;
2026/06/13;0400 UTC;;1014,2;1014,2;1014,1;0;13,9;13,6;13,9;13,9;13,6;13,5;98;98;98;278;4,7;3,4;
2026/06/13;0500 UTC;;1014,2;1014,3;1014,2;0;13,9;13,5;13,9;13,9;13,5;13,4;98;98;98;279;4,7;3;
2026/06/13;0600 UTC;;1014,5;1014,5;1014,5;0;13,8;13,4;13,8;13,8;13,4;13,4;98;98;98;286;3,6;2;
2026/06/13;0700 UTC;;1014,8;1014,8;1014,8;0;13,7;13,3;13,7;13,7;13,4;13,3;98;98;98;295;5,1;2,5;
2026/06/13;0800 UTC;;1015,3;1015,3;1015,2;0;13,4;12,9;13,4;13,4;12,9;12,9;97;97;97;293;5,4;2,5;
2026/06/13;0900 UTC;;1015,8;1015,8;1015,8;0;13,1;12,5;13,1;13,1;12,5;12,5;97;97;97;287;5,5;2,1;
2026/06/13;1000 UTC;;1016,6;1016,6;1016,6;0;13;12,2;13,1;13;12,3;12,2;96;96;96;261;2,8;1,7;
2026/06/13;1100 UTC;;1017,1;1017,2;1017,1;115,6;12,6;12;12,7;12,6;12,1;11,9;97;97;97;299;2;,9;
2026/06/13;1200 UTC;;1018,1;1018,1;1018;972,8;14,2;12,1;14,4;14,2;12,3;12;90;89;89;301;4,7;2;
2026/06/13;1300 UTC;;1019,2;1019,2;1019,1;496,3;14,8;12,3;14,8;14,8;12,4;12,2;88;87;88;297;6,1;2,7;
2026/06/13;1400 UTC;;1019,6;1019,6;1019,6;1067,1;15,3;12,1;15,4;15,1;12,3;11,8;85;83;84;287;6,1;4,1;
2026/06/13;1500 UTC;;1019,1;1019,1;1019;1869,5;16,4;12,4;16,5;16,4;12,6;12,2;81;79;80;292;5,5;2,8;
2026/06/13;1600 UTC;;1018,5;1018,5;1018,4;547,7;16,4;12;16,4;16,4;12,1;11,9;79;78;78;276;4,5;2,3;
2026/06/13;1700 UTC;;1017,9;1017,9;1017,9;1656,1;18;11,7;18,3;17,9;12,3;11,4;70;67;69;275;5;3;
2026/06/13;1800 UTC;;1017,4;1017,4;1017,4;859,1;17,3;11,6;17,4;17,2;11,8;11,1;73;69;71;273;4,6;2,3;
2026/06/13;1900 UTC;;1017,5;1017,5;1017,5;281,4;17,2;11,9;17,4;17;12;11,7;75;72;73;272;2,2;,9;
2026/06/13;2000 UTC;;1017,6;1017,6;1017,5;106,2;16,4;11,9;16,5;16,3;12;11,8;78;78;78;282;3,2;1,2;
2026/06/13;2100 UTC;;1017,8;1017,8;1017,7;0;14;11,9;14,1;13,8;12;11,8;90;89;90;332;,6;,4;
2026/06/13;2200 UTC;;1018,2;1018,2;1018,1;0;12,3;11,7;12,5;12,2;11,8;11,6;97;97;97;344;,9;,7;
2026/06/13;2300 UTC;;1018,5;1018,5;1018,4;0;11,7;11,5;11,7;11,7;11,5;11,4;99;99;99;7;1,9;,9;
2026/06/14;0000 UTC;;1018,7;1018,7;1018,7;0;11,3;11,2;11,4;11,3;11,3;11,2;100;99;99;15;,9;,6;
2026/06/14;0100 UTC;;1018,5;1018,6;1018,4;0;12;11,8;12,2;11,7;12;11,6;100;99;99;16;1,3;,4;
2026/06/14;0200 UTC;;1018,8;1018,8;1018,7;0;12,5;12,3;12,5;12,5;12,3;12,3;99;99;99;65;,8;,5;
2026/06/14;0300 UTC;;1018,8;1018,8;1018,7;0;11,7;11,5;11,8;11,7;11,6;11,5;99;99;99;80;1;,4;
2026/06/14;0400 UTC;;1019,1;1019,2;1019,1;0;10,3;10,1;10,5;10;10,4;9,8;99;99;99;281;1,3;,8;
2026/06/14;0500 UTC;;1018,8;1018,9;1018,8;0;9,1;9;9,2;8,9;9,1;8,9;100;100;100;297;,6;,4;
2026/06/14;0600 UTC;;1018,4;1018,5;1018,4;0;9,8;9,9;9,9;9,8;9,9;9,8;100;100;100;336;,6;,4;
2026/06/14;0700 UTC;;1018,3;1018,3;1018,3;0;11;11,1;11,1;10,9;11,2;11;100;100;100;259;1;,6;
2026/06/14;0800 UTC;;1018,4;1018,4;1018,4;0;11,5;11,5;11,5;11,4;11,5;11,5;100;100;100;278;,6;,2;
2026/06/14;0900 UTC;;1018,7;1018,7;1018,6;0;11,8;11,9;11,8;11,8;11,9;11,9;100;100;100;295;1;,5;
2026/06/14;1000 UTC;;1019,1;1019,1;1019,1;0;12,2;12,2;12,2;12,2;12,3;12,2;100;100;100;324;,8;,5;
2026/06/14;1100 UTC;;1019,7;1019,7;1019,7;113,2;12,7;12,8;12,8;12,7;12,9;12,8;100;100;100;293;2,1;,7;
2026/06/14;1200 UTC;;1020,2;1020,3;1020,2;178,5;13,4;13,4;13,5;13,4;13,4;13,4;100;100;100;275;3,2;1,5;
2026/06/14;1300 UTC;;1020,9;1020,9;1020,8;520,9;14,6;13,2;14,6;14,6;13,3;13,1;94;93;93;273;4,3;2,7;
2026/06/14;1400 UTC;;1020,9;1021;1020,9;1387,6;15,9;11,3;16;15,8;11,7;11;79;76;77;264;7,2;3,9;
2026/06/14;1500 UTC;;1020,7;1020,8;1020,7;1237;16,3;10,2;16,4;16,2;10,3;10;70;68;69;255;6,6;3,9;
2026/06/14;1600 UTC;;1020,4;1020,4;1020,3;1897,9;16,3;9,1;16,7;16,2;9,2;9;65;62;64;251;4,4;2;
2026/06/14;1700 UTC;;1020;1020;1019,9;284,3;15,9;9;16;15,9;9,1;8,7;66;64;65;249;3,3;2,1;
2026/06/14;1800 UTC;;1020,4;1020,4;1020,4;76,2;14,6;9,6;14,6;14,5;9,8;9,4;76;74;75;199;3,9;1,9;
2026/06/14;1900 UTC;;1020,6;1020,7;1020,6;117,3;14,7;9,5;14,7;14,7;9,6;9,3;75;73;74;207;3,6;2,3;
2026/06/14;2000 UTC;;1021;1021;1021;92,8;14,3;9,4;14,3;14,2;9,5;9,4;76;75;76;192;4,4;2,4;
2026/06/14;2100 UTC;;1021,6;1021,7;1021,6;0;13,2;9,4;13,3;13,2;9,4;9,4;81;81;81;179;3,5;2;
2026/06/14;2200 UTC;;1022,1;1022,2;1022,1;0;12;9,1;12;12;9,1;9,1;86;86;86;191;1,9;1,2;
2026/06/14;2300 UTC;;1022,8;1022,8;1022,8;0;11,2;9;11,2;11,1;9,1;8,9;90;88;89;194;2,1;,9;
2026/06/15;0000 UTC;;1023,1;1023,1;1023,1;0;9;8,3;9;8,9;8,4;8,1;97;96;97;48;1,2;,7;
2026/06/15;0100 UTC;;1023,4;1023,6;1023,2;0;8,3;7,8;8,9;7,7;8,4;7,1;98;97;97;316;1,3;,2;
2026/06/15;0200 UTC;;1023,7;1023,7;1023,6;0;7,9;7,7;8;7,9;7,7;7,7;99;99;99;347;,4;,2;
2026/06/15;0300 UTC;;1023,8;1023,8;1023,8;0;8,2;8;8,3;8,2;8,2;8;99;99;99;327;,7;,3;
2026/06/15;0400 UTC;;1023,4;1023,4;1023,4;0;9,7;8,5;9,7;9,7;8,6;8,4;94;94;94;138;,9;,6;
2026/06/15;0500 UTC;;1023,6;1023,6;1023,6;0;10,1;8,7;10,2;10;8,7;8,7;93;93;93;54;1,8;,9;
2026/06/15;0600 UTC;;1023,4;1023,4;1023,4;0;10;9,2;10;10;9,2;9,2;96;96;96;254;,9;,7;
2026/06/15;0700 UTC;;1023,3;1023,3;1023,3;0;10,6;8,1;10,6;10,5;8,3;7,9;89;87;88;182;1,6;,9;
2026/06/15;0800 UTC;;1023,1;1023,2;1023,1;0;10,5;7,8;10,5;10,4;8;7,7;88;86;87;197;2,2;1,2;
2026/06/15;0900 UTC;;1023,3;1023,3;1023,3;0;10,4;8,6;10,4;10,4;8,6;8,4;91;90;91;119;,6;,3;
2026/06/15;1000 UTC;;1023,7;1023,7;1023,7;0;9,8;8,6;9,9;9,8;8,7;8,6;94;94;94;327;2;1,3;
2026/06/15;1100 UTC;;1024,2;1024,3;1024,2;116,1;10;9,3;10;10;9,3;9,3;97;97;97;231;,7;,3;
2026/06/15;1200 UTC;;1024,6;1024,6;1024,5;472,1;11,2;8,8;11,3;11,2;9,1;8,6;89;87;88;341;1,2;,9;
2026/06/15;1300 UTC;;1025,1;1025,2;1025,1;795,8;12,2;6,4;12,2;12,1;6,8;6,3;73;71;71;149;1,4;,7;
2026/06/15;1400 UTC;;1025,3;1025,3;1025,3;930,1;12,7;6,9;12,7;12,6;7,2;6,7;73;70;71;130;2,5;1,5;
2026/06/15;1500 UTC;;1024,5;1024,5;1024,4;745,2;13,3;5,9;13,4;13,3;6,1;5,6;64;61;63;176;4,2;1,6;
2026/06/15;1600 UTC;;1023,4;1023,5;1023,3;1058,9;13,7;6,1;13,7;13,6;6,3;5,7;63;60;62;102;2;1,4;
2026/06/15;1700 UTC;;1022,2;1022,3;1022,2;1776,6;14,9;5,8;15,1;14,7;6,7;5,3;59;52;54;73;2,8;1,4;
2026/06/15;1800 UTC;;1021,9;1022;1021,9;403,5;13,9;5,5;13,9;13,9;5,8;5;59;56;58;53;1,3;,8;
2026/06/15;1900 UTC;;1021,8;1021,9;1021,7;581,6;14,2;6,1;14,2;14,2;6,4;5,7;61;58;59;15;1,7;1,3;
2026/06/15;2000 UTC;;1022,2;1022,3;1022,1;146,9;12,9;7,4;13,2;12,7;7,5;7,2;73;70;72;352;1,2;,5;
2026/06/15;2100 UTC;;1022,8;1022,8;1022,7;0;9,6;8,1;9,7;9,6;8,1;8;92;92;92;332;,4;,3;
2026/06/15;2200 UTC;;1023,2;1023,2;1023,1;0;8,8;7,9;9;8,7;8;7,7;97;93;96;93;1,9;1;
2026/06/15;2300 UTC;;1023,5;1023,6;1023,5;0;8,2;7,2;8,3;8,1;7,3;7;95;95;95;76;1,3;,8;
2026/06/16;0000 UTC;;1023,4;1023,5;1023,4;0;6,9;6,4;6,9;6,8;6,5;6,2;98;97;98;21;,7;,3;
2026/06/16;0100 UTC;;1023,4;1023,5;1023,3;0;6,5;6,2;6,8;6,1;6,6;5,8;99;97;98;127;2,2;,5;
2026/06/16;0200 UTC;;1023,6;1023,6;1023,6;0;5,7;5,6;5,7;5,7;5,6;5,5;99;99;99;249;,3;,2;
2026/06/16;0300 UTC;;1023,6;1023,6;1023,6;0;4,2;4,1;4,3;4,2;4,1;4;99;99;99;318;1,1;,8;
2026/06/16;0400 UTC;;1023,6;1023,7;1023,6;0;4,3;4,3;4,4;4,2;4,4;4,2;100;100;100;17;,6;,4;
2026/06/16;0500 UTC;;1023,5;1023,5;1023,5;0;3,9;3,9;3,9;3,8;3,9;3,8;100;100;100;67;,4;,2;
2026/06/16;0600 UTC;;1022,9;1023;1022,9;0;3,5;3,5;3,5;3,4;3,5;3,4;100;100;100;124;,4;,3;
2026/06/16;0700 UTC;;1022,9;1022,9;1022,8;0;2,8;2,8;2,9;2,8;2,9;2,8;100;100;100;139;,4;,2;
2026/06/16;0800 UTC;;1022,9;1022,9;1022,9;0;2,3;2,4;2,3;2,3;2,4;2,3;100;100;100;299;1;,4;
2026/06/16;0900 UTC;;1022,8;1022,8;1022,8;0;2,3;2,4;2,4;2,3;2,5;2,3;100;100;100;309;,5;,3;
2026/06/16;1000 UTC;;1023,4;1023,5;1023,3;0;2,3;2,4;2,4;2,2;2,5;2,2;100;100;100;175;,4;,2;
2026/06/16;1100 UTC;;1023,8;1023,8;1023,8;287;2,5;2,6;2,6;2,5;2,6;2,5;100;100;100;292;1,9;1;
2026/06/16;1200 UTC;;1023,3;1023,4;1023,3;705,8;6,8;6,8;7,1;6,5;7,1;6,5;100;100;100;304;1,4;,6;
2026/06/16;1300 UTC;;1023,7;1023,7;1023,6;1331,7;9,5;6,7;9,6;9,4;6,8;6,4;86;85;86;301;4,5;2;
2026/06/16;1400 UTC;;1023,5;1023,5;1023,5;1578,7;11;6,9;11,4;10,8;7,5;6,6;82;78;80;283;4,8;2,3;
2026/06/16;1500 UTC;;1022,9;1022,9;1022,8;2294,7;10,2;7,4;10,4;10;7,5;7,1;87;84;86;268;4,2;2,7;
2026/06/16;1600 UTC;;1022,1;1022,2;1022;2198,9;10,5;7,4;10,8;10,2;7,4;7,3;86;83;84;264;5,7;3,7;
2026/06/16;1700 UTC;;1021;1021,1;1020,9;1887,6;13,1;8;13,2;12,9;8,4;7,9;77;74;75;285;5,7;3;
2026/06/16;1800 UTC;;1020,6;1020,6;1020,6;1472,9;14,6;8,1;14,7;14,6;8,3;8;68;67;67;274;6;3,6;
2026/06/16;1900 UTC;;1020,5;1020,6;1020,5;816,7;14,7;7,9;14,7;14,7;8;7,7;67;65;66;266;6;3,5;
2026/06/16;2000 UTC;;1020,3;1020,4;1020,3;119,4;13,7;7,5;13,9;13,6;7,6;7,5;70;69;69;277;3,2;1,7;
2026/06/16;2100 UTC;;1020,7;1020,7;1020,6;0;10,3;7,8;10,3;10,2;7,8;7,7;88;87;88;257;1,6;1,2;
2026/06/16;2200 UTC;;1020,9;1020,9;1020,8;0;8;7,1;8;8;7,2;7;96;95;96;358;,8;,7;
2026/06/16;2300 UTC;;1021,1;1021,1;1021,1;0;7,5;7;7,5;7,4;7;6,9;98;97;98;324;1,5;1;
2026/06/17;0000 UTC;;1021,2;1021,2;1021,1;0;6,2;5,8;6,3;6,2;5,9;5,7;98;97;98;324;2,4;1,5;
2026/06/17;0100 UTC;;1021,3;1021,4;1021,2;0;6,5;6,2;6,9;6,2;6,6;5,9;99;98;99;309;2,3;,8;
2026/06/17;0200 UTC;;1021,6;1021,6;1021,5;0;6,9;6,7;7;6,9;6,8;6,7;99;99;99;334;2,8;1,2;
2026/06/17;0300 UTC;;1021,7;1021,8;1021,7;0;8,7;8,1;8,8;8,6;8,3;7,9;98;96;97;302;2,8;1,4;
2026/06/17;0400 UTC;;1021,7;1021,7;1021,6;0;8,9;7,6;9;8,8;7,7;7,5;94;93;93;303;2,9;1,4;
2026/06/17;0500 UTC;;1022,2;1022,3;1022,1;0;8;7,1;8;8;7,2;7,1;96;96;96;270;2,1;1,2;
2026/06/17;0600 UTC;;1022,2;1022,3;1022,1;0;7,4;6,7;7,4;7,4;6,7;6,6;97;96;96;272;1,9;1,1;
2026/06/17;0700 UTC;;1022,6;1022,7;1022,5;0;6,5;6,1;6,6;6,5;6,1;6;98;98;98;251;1,3;,9;
2026/06/17;0800 UTC;;1022,9;1022,9;1022,9;0;5,8;5,7;5,9;5,8;5,8;5,6;99;99;99;309;1,3;,9;
2026/06/17;0900 UTC;;1023,4;1023,4;1023,4;0;4,5;4,4;4,5;4,4;4,4;4,3;99;99;99;293;1;,7;
2026/06/17;1000 UTC;;1024;1024,1;1023,9;0;3,8;3,6;4;3,6;3,8;3,5;99;99;99;262;2;1,5;
2026/06/17;1100 UTC;;1024,6;1024,6;1024,6;251,9;4,9;4,8;4,9;4,7;4,9;4,7;100;100;100;260;,7;,5;
2026/06/17;1200 UTC;;1024,7;1024,7;1024,7;531,8;9,2;7,7;9,4;9,1;7,9;7,6;93;91;92;260;2,6;1,5;
2026/06/17;1300 UTC;;1025,1;1025,2;1025,1;1405,1;12;7,8;12,1;11,9;8,1;7,5;81;77;79;250;5;3,3;
2026/06/17;1400 UTC;;1025,1;1025,1;1025;1902;14,1;7,9;14,2;14;8,1;7,7;71;68;69;295;7;3,2;
2026/06/17;1500 UTC;;1025,1;1025,1;1025;2123,8;15,2;8,3;15,3;15;8,4;8,1;66;65;66;285;5,3;3,4;
2026/06/17;1600 UTC;;1024,7;1024,7;1024,7;2111,9;16,2;8,9;16,2;16,1;9;8,8;64;63;64;260;4,2;2,6;
2026/06/17;1700 UTC;;1024,6;1024,6;1024,5;1802;17,4;9,1;17,6;17,1;9,5;8,7;60;57;58;272;3,9;2,3;
2026/06/17;1800 UTC;;1024,4;1024,5;1024,4;1474,3;17,4;8,4;17,6;17,3;8,7;8,2;56;54;55;254;3,1;1,9;
2026/06/17;1900 UTC;;1024,6;1024,7;1024,6;484,5;17,1;8,6;17,4;16,9;8,7;8,4;59;56;57;249;3,5;2,2;
2026/06/17;2000 UTC;;1025,2;1025,3;1025,2;109,3;14,9;9;15,1;14,8;9,2;8,9;71;70;70;250;2;1,3;
2026/06/17;2100 UTC;;1025,7;1025,8;1025,7;0;13,3;8,4;13,4;13,3;8,4;8,3;76;75;75;143;2,2;1,1;
2026/06/17;2200 UTC;;1026,1;1026,2;1026,1;0;10,7;8,7;10,9;10,6;8,8;8,7;91;90;90;114;1,2;,7;
2026/06/17;2300 UTC;;1026,3;1026,4;1026,3;0;9,5;8,5;9,6;9,4;8,6;8,4;95;95;95;41;1,4;,9;
2026/06/18;0000 UTC;;1026,5;1026,5;1026,4;0;8,1;7,7;8,2;8;7,8;7,5;98;98;98;46;1,5;1,1;
2026/06/18;0100 UTC;;1026,7;1026,8;1026,6;0;8,1;7,6;8,3;7,6;7,9;7,1;98;97;98;9;1,5;,7;
2026/06/18;0200 UTC;;1026,9;1026,9;1026,8;0;7,5;7,2;7,6;7,5;7,2;7,2;98;98;98;142;,9;,7;
2026/06/18;0300 UTC;;1026,9;1026,9;1026,9;0;7,5;7,3;7,6;7,4;7,5;7,1;99;99;99;132;1;,8;
2026/06/18;0400 UTC;;1026,6;1026,6;1026,6;0;6,8;6,7;6,9;6,8;6,7;6,6;99;99;99;126;1,2;,6;
2026/06/18;0500 UTC;;1026,1;1026,1;1026,1;0;6,3;6,2;6,3;6,3;6,2;6,2;100;99;100;114;1,1;,8;
2026/06/18;0600 UTC;;1025,8;1025,8;1025,7;0;5,3;5,3;5,5;5,2;5,4;5,1;100;100;100;148;1,4;1;
2026/06/18;0700 UTC;;1025,6;1025,7;1025,6;0;7,3;7,3;7,3;7,3;7,4;7,3;100;100;100;124;1,8;,7;
2026/06/18;0800 UTC;;1025,4;1025,4;1025,4;0;7,1;7,1;7,1;7;7,1;7,1;100;100;100;118;1,3;,9;
2026/06/18;0900 UTC;;1025,3;1025,3;1025,3;0;6,6;6,7;6,6;6,6;6,7;6,6;100;100;100;145;1,4;,9;
2026/06/18;1000 UTC;;1025,6;1025,6;1025,5;0;6,8;6,8;6,8;6,8;6,9;6,8;100;100;100;44;1,6;1,1;
2026/06/18;1100 UTC;;1025,2;1025,2;1025,2;144,8;7,4;7,4;7,4;7,4;7,4;7,4;100;100;100;117;2,6;1,4;
2026/06/18;1200 UTC;;1025,9;1025,9;1025,9;451,8;7,9;8;8;7,9;8,1;7,9;100;100;100;124;,8;,4;
2026/06/18;1300 UTC;;1026;1026;1025,9;1037,1;8,6;8,7;8,7;8,6;8,7;8,6;100;100;100;288;1,5;,7;
2026/06/18;1400 UTC;;1025,5;1025,5;1025,5;1887,3;10,7;10,6;10,8;10,5;10,7;10,4;100;99;100;53;1,8;1,2;
2026/06/18;1500 UTC;;1024,1;1024,1;1024;1316,4;14,9;10,4;15;14,7;10,7;10;80;75;77;171;2,3;1,2;
2026/06/18;1600 UTC;;1022,5;1022,6;1022,5;1170,4;17,2;10,3;17,3;17,1;10,4;10,2;66;65;65;114;3,9;2,2;
2026/06/18;1700 UTC;;1022,2;1022,2;1022,1;840,7;17,8;11;17,9;17,8;11,5;10,6;68;64;66;177;1,8;1,1;
2026/06/18;1800 UTC;;1021,4;1021,4;1021,4;1274,3;18,6;10,7;18,7;18,4;11;10,3;62;59;61;122;3;1,7;
2026/06/18;1900 UTC;;1021,2;1021,2;1021,1;603;19,2;11;19,2;19,1;11,2;10,9;60;59;59;128;3,4;2;
2026/06/18;2000 UTC;;1020,4;1020,5;1020,4;123,4;17,4;10,9;17,5;17,3;11;10,9;68;67;68;109;4,1;2,4;
2026/06/18;2100 UTC;;1019,9;1020;1019,8;0;15,4;10,6;15,5;15,3;10,7;10,5;76;76;76;112;3,4;1,9;
2026/06/18;2200 UTC;;1019,3;1019,4;1019,2;0;14,4;10,5;14,4;14,4;10,5;10,5;81;81;81;92;3,1;1,7;
2026/06/18;2300 UTC;;1018,8;1018,9;1018,7;0;14,8;10,6;14,9;14,8;10,6;10,5;79;78;79;78;5,5;2,5;
2026/06/19;0000 UTC;;1018,6;1018,7;1018,6;0;14,5;10,6;14,5;14,5;10,6;10,6;80;80;80;94;3,9;1,9;
2026/06/19;0100 UTC;;1018,4;1018,8;1017,5;0;14,3;10,7;14,4;14,1;10,8;10,6;84;81;82;92;4,2;1,5;
2026/06/19;0200 UTC;;1015,7;1015,8;1015,6;0;14,2;10,7;14,2;14,2;10,8;10,7;83;82;83;86;3,4;1,5;
2026/06/19;0300 UTC;;1015,1;1015,3;1015;0;13;10,8;13,1;13;10,9;10,8;89;89;89;150;3,4;2,1;
2026/06/19;0400 UTC;;1015,6;1015,6;1015,5;0;12,5;10,5;12,6;12,5;10,6;10,5;90;90;90;76;2,1;1;
2026/06/19;0500 UTC;;1015,3;1015,4;1015,1;0;12;10,5;12,1;11,9;10,7;10,4;94;92;93;132;1,8;1,3;
2026/06/19;0600 UTC;;1013,7;1013,9;1013,4;0;11,5;10,7;11,6;11,4;10,7;10,7;96;96;96;92;3,1;1,6;
2026/06/19;0700 UTC;;1015;1015,1;1014,9;0;12,4;10,5;12,4;12,4;10,6;10,4;91;90;90;252;3,6;2;
2026/06/19;0800 UTC;;1016,2;1016,2;1016,1;0;12,8;10,3;12,9;12,8;10,4;10,3;88;87;88;295;2,8;1,9;
2026/06/19;0900 UTC;;1017,2;1017,3;1017,1;0;11,5;10;11,6;11,4;10;10;93;92;93;305;2,1;1,2;
2026/06/19;1000 UTC;;1018,1;1018,2;1018;0;13;9;13,5;12,5;9;8,9;82;77;80;313;3,6;1,8;
2026/06/19;1100 UTC;;1017,6;1017,6;1017,5;74,6;14,4;9,9;14,4;14,4;10,1;9,8;78;77;78;342;1,5;,7;
2026/06/19;1200 UTC;;1015,9;1016;1015,8;428,8;15,1;10,6;15,1;15;10,7;10,5;78;77;78;14;5,6;2,9;
2026/06/19;1300 UTC;;1015,3;1015,4;1015,2;159,1;16,8;9,5;16,9;16,8;9,8;9,4;65;63;63;3;8,1;4;
2026/06/19;1400 UTC;;1015,6;1015,7;1015,5;172,8;16,8;10,9;16,8;16,7;11;10,8;71;71;71;319;7,4;3,7;
2026/06/19;1500 UTC;;1015,5;1015,6;1015,4;364,2;14,6;12,3;14,7;14,5;12,4;12,3;89;88;89;324;2,5;1,3;
2026/06/19;1600 UTC;;1015;1015,2;1015;419,7;15,8;12,6;15,9;15,8;12,6;12,5;84;84;84;296;4,8;2,3;
2026/06/19;1700 UTC;;1014,3;1014,4;1014,3;326,5;16,4;12,8;16,4;16,4;12,8;12,7;82;82;82;309;4,2;2,1;
2026/06/19;1800 UTC;;1014,6;1014,6;1014,5;270,1;16,7;12,8;16,8;16,7;13;12,8;82;80;81;317;4,6;1,9;
2026/06/19;1900 UTC;;1015,1;1015,2;1015;132,1;16,8;12,6;16,8;16,7;12,7;12,5;80;79;79;296;3,9;1,9;
2026/06/19;2000 UTC;;1015,7;1015,8;1015,7;14,2;16;13;16;15,9;13,1;13;86;85;85;272;2,8;1,6;
2026/06/19;2100 UTC;;1015,9;1016;1015,8;0;15,3;13,6;15,3;15,3;13,6;13,6;91;91;91;260;1;,5;
2026/06/19;2200 UTC;;1016,6;1016,7;1016,5;0;15,1;13,8;15,1;15;13,8;13,7;94;94;94;249;1;,6;
2026/06/19;2300 UTC;;1017,3;1017,4;1017,2;0;14,8;14,3;14,8;14,7;14,4;14,3;98;98;98;246;3,6;2,1;
2026/06/20;0000 UTC;;1017,8;1017,9;1017,7;0;14,7;14,2;14,7;14,7;14,2;14,2;97;97;97;309;4,4;1,9;
2026/06/20;0100 UTC;;1018;1018,4;1017,7;0;14,6;14,1;14,7;14,5;14,2;13,9;97;97;97;282;5,2;2,1;
2026/06/20;0200 UTC;;1018,7;1018,7;1018,6;0;13,7;12,6;13,7;13,6;12,7;12,6;95;95;95;213;3;1,6;
2026/06/20;0300 UTC;;1019,4;1019,5;1019,3;0;12,7;11,4;12,8;12,6;11,7;11,3;95;93;94;239;3,5;2,3;
2026/06/20;0400 UTC;;1019,6;1019,7;1019,5;0;12,1;10,7;12,1;12,1;10,7;10,7;93;93;93;269;3,2;1,8;
2026/06/20;0500 UTC;;1019,8;1019,8;1019,7;0;12;11,2;12;11,9;11,2;11,1;96;96;96;318;2,6;1,4;
2026/06/20;0600 UTC;;1019,6;1019,6;1019,5;0;11,4;10,3;11,4;11,4;10,3;10,3;94;94;94;264;2,5;1,6;
2026/06/20;0700 UTC;;1019,5;1019,5;1019,5;0;11,2;10,2;11,2;11,2;10,3;10,2;95;95;95;263;3,1;1,7;
2026/06/20;0800 UTC;;1019,2;1019,2;1019,1;0;10,9;9,9;10,9;10,9;9,9;9,9;95;95;95;265;3;1,6;
2026/06/20;0900 UTC;;1018,8;1018,9;1018,8;0;10,6;9,9;10,6;10,6;9,9;9,9;97;96;96;278;2;1,1;
2026/06/20;1000 UTC;;1019,5;1019,5;1019,5;0;10,6;9,9;10,6;10,6;9,9;9,8;96;96;96;243;1,3;,5;
2026/06/20;1100 UTC;;1019,8;1019,8;1019,8;50,8;10,7;9,7;10,7;10,6;9,8;9,6;95;95;95;321;,6;,5;
2026/06/20;1200 UTC;;1020,2;1020,2;1020,2;235,6;11,2;8,3;11,3;11,1;9,1;7,8;89;83;85;194;2;1,3;
2026/06/20;1300 UTC;;1020,5;1020,5;1020,5;292,6;11,3;8,4;11,4;11,3;8,5;8,3;86;85;85;351;1,1;,6;
2026/06/20;1400 UTC;;1020,2;1020,2;1020,1;984,5;12,1;8,1;12,1;12;8,3;7,9;81;79;80;327;1,7;,9;
2026/06/20;1500 UTC;;1018,7;1018,9;1018,6;791,1;12,7;7,9;12,8;12,7;8,1;7,4;77;74;76;198;1,3;,7;
2026/06/20;1600 UTC;;1018,4;1018,5;1018,4;950,6;12,6;7,5;12,7;12,6;7,7;7,3;76;73;74;146;2,2;1,6;
2026/06/20;1700 UTC;;1017,3;1017,4;1017,3;689;13,2;7,9;13,3;13,2;8,1;7,5;74;71;73;72;3;1,6;
2026/06/20;1800 UTC;;1016,9;1017;1016,9;364,9;13,5;7,5;13,5;13,4;7,7;7,4;71;70;70;50;1,8;1,2;
2026/06/20;1900 UTC;;1017;1017;1017;104,4;13,1;8;13,1;13,1;8,1;7,8;75;74;74;68;2,1;1,3;
2026/06/20;2000 UTC;;1016,7;1016,7;1016,7;24,4;12,4;7,7;12,4;12,4;7,8;7,7;77;76;76;171;3,5;1,5;
2026/06/20;2100 UTC;;1017,7;1017,7;1017,7;0;12,1;8;12,1;12,1;8,1;8;80;79;80;143;1,7;1;
2026/06/20;2200 UTC;;1017,5;1017,5;1017,4;0;11,8;8,2;11,8;11,8;8,2;8,1;82;82;82;83;,9;,4;
2026/06/20;2300 UTC;;1017,6;1017,6;1017,6;0;11,5;9,1;11,6;11,4;9,2;9;89;87;88;295;,4;,2;
2026/06/21;0000 UTC;;1017,8;1017,8;1017,8;0;11,6;9,4;11,6;11,6;9,5;9,2;90;88;89;80;1;,7;
2026/06/21;0100 UTC;;1018;1018,1;1017,8;0;11,6;9,1;11,7;11,4;9,6;8,3;91;83;88;6;1,3;,3;
2026/06/21;0200 UTC;;1018,2;1018,3;1018,2;0;11,2;9,7;11,2;11,2;9,8;9,7;93;92;93;306;,4;,2;
2026/06/21;0300 UTC;;1018;1018;1018;0;11,2;9,6;11,2;11,2;9,6;9,5;92;92;92;156;,7;,3;
2026/06/21;0400 UTC;;1017,8;1017,9;1017,7;0;10,9;9,1;11;10,9;9,2;9;92;90;91;305;,7;,4;
2026/06/21;0500 UTC;;1017,4;1017,4;1017,3;0;8,5;7,9;8,6;8,5;7,9;7,9;97;97;97;319;1,7;1,1;
2026/06/21;0600 UTC;;1016,8;1016,8;1016,8;0;7,2;6,8;7,2;7,2;6,9;6,8;98;98;98;302;,3;,2;
2026/06/21;0700 UTC;;1017;1017;1017;0;6,6;6,5;6,7;6,5;6,6;6,3;99;99;99;12;,7;,5;
2026/06/21;0800 UTC;;1016,7;1016,8;1016,7;0;5,9;5,8;5,9;5,9;5,8;5,8;100;100;100;137;1,7;1,2;
2026/06/21;0900 UTC;;1017,4;1017,4;1017,3;0;5;4,9;5;5;4,9;4,9;100;100;100;352;1,5;,8;
2026/06/21;1000 UTC;;1018,3;1018,3;1018,2;0;5,6;5,6;5,6;5,6;5,6;5,6;100;100;100;21;1;,4;
2026/06/21;1100 UTC;;1019;1019,1;1018,9;313,2;5,8;5,8;5,9;5,7;5,9;5,6;100;100;100;312;1,2;,6;
2026/06/21;1200 UTC;;1018,8;1018,9;1018,8;780,7;9,5;8,3;9,7;9,2;8,3;8,2;96;93;94;75;1,2;,7;
2026/06/21;1300 UTC;;1019,1;1019,2;1019,1;1375,9;12,3;8,4;12,5;12,1;8,5;8,2;81;78;80;10;1,6;,8;
2026/06/21;1400 UTC;;1018,7;1018,8;1018,6;1140;13,9;8,5;13,9;13,8;8,9;8,3;75;72;73;33;2,2;1,2;
2026/06/21;1500 UTC;;1017,9;1018;1017,9;2009,8;15,4;9;15,5;15,3;9,2;8,8;69;67;68;337;2,2;1,2;
2026/06/21;1600 UTC;;1017,2;1017,3;1017,1;1363;15,3;9,6;15,4;15,3;9,8;9,5;72;71;71;288;2,8;1,5;
2026/06/21;1700 UTC;;1016;1016,1;1015,9;1558;16,6;9,8;16,7;16,5;10;9,6;67;65;66;89;2,4;1,1;
2026/06/21;1800 UTC;;1015;1015;1014,9;1730,8;17,8;10,2;18;17,5;10,5;10;65;61;62;325;1,5;,8;
2026/06/21;1900 UTC;;1014,8;1014,8;1014,7;480,8;16,8;10,6;16,8;16,7;10,6;10,4;69;68;69;156;2;1,3;
2026/06/21;2000 UTC;;1015,8;1015,8;1015,8;33,5;15,2;10,6;15,3;15,2;10,7;10,5;77;76;77;234;5;3;
2026/06/21;2100 UTC;;1016,4;1016,4;1016,3;0;14,8;11,1;14,9;14,8;11,2;11,1;82;81;81;211;2,5;1,5;
2026/06/21;2200 UTC;;1016,9;1017;1016,9;0;14,5;11;14,5;14,5;11;11;83;82;82;167;3;1,8;
2026/06/21;2300 UTC;;1016,5;1016,6;1016,5;0;13,6;10,9;13,7;13,5;11;10,9;87;86;87;108;3,1;1,7;
2026/06/22;0000 UTC;;1016,5;1016,6;1016,5;0;12,6;10,6;12,7;12,5;10,6;10,5;91;90;90;132;1,9;1,3;
2026/06/22;0100 UTC;;1015,9;1016,4;1015,4;0;12,1;10,5;12,4;11,7;10,7;10,3;94;91;92;88;3,4;,7;
2026/06/22;0200 UTC;;1014,5;1014,8;1014,4;0;11,5;9,9;11,6;11,3;10,1;9,8;93;92;92;187;2,8;1,9;
2026/06/22;0300 UTC;;1015,1;1015,2;1015,1;0;11;9,9;11,1;11;10;9,9;95;94;94;215;2,5;1,7;
2026/06/22;0400 UTC;;1015,1;1015,2;1015;0;10,3;9,6;10,4;10,3;9,7;9,6;97;96;96;357;,8;,3;
2026/06/22;0500 UTC;;1014,6;1014,7;1014,6;0;12,6;11,1;12,6;12,5;11,1;11;93;92;93;207;1,4;,8;
2026/06/22;0600 UTC;;1014,5;1014,6;1014,4;0;11,8;11,1;11,8;11,6;11,2;11;97;97;97;340;2;,8;
2026/06/22;0700 UTC;;1013,4;1013,5;1013,4;0;12,2;11,4;12,3;12,2;11,5;11,4;96;96;96;330;2;1,2;
2026/06/22;0800 UTC;;1014;1014,1;1013,8;0;12,2;11,8;12,2;12,2;11,8;11,7;98;98;98;35;1,8;1,1;
2026/06/22;0900 UTC;;1013,1;1013,2;1012,9;0;12,1;11,8;12,1;12,1;11,8;11,8;98;98;98;11;1,2;,5;
2026/06/22;1000 UTC;;1012,6;1012,8;1012,4;0;12,2;12;12,2;12,2;12;12;99;99;99;91;1,6;,6;
2026/06/22;1100 UTC;;1012,8;1013,1;1012,6;,8;12,2;12,1;12,2;12,2;12,1;12,1;100;99;99;253;3;1,8;
2026/06/22;1200 UTC;;1011,5;1011,9;1011,3;18,6;12,3;12,3;12,3;12,3;12,3;12,3;100;100;100;126;2,5;1,6;
2026/06/22;1300 UTC;;1012,4;1012,6;1012,3;39,4;12,3;12,3;12,3;12,3;12,3;12,3;100;100;100;244;5,6;3,2;
2026/06/22;1400 UTC;;1012,1;1012,1;1012;263,4;12,7;12,7;12,7;12,7;12,7;12,6;100;100;100;206;,8;,5;
2026/06/22;1500 UTC;;1010,4;1010,5;1010,3;251,3;13,1;12,8;13,1;13;12,9;12,8;99;99;99;44;2,7;1,9;
2026/06/22;1600 UTC;;1009,8;1009,8;1009,8;132,4;13,2;12,9;13,2;13,2;13;12,9;99;99;99;253;4;2;
2026/06/22;1700 UTC;;1009,4;1009,4;1009,3;122,9;13,1;12,9;13,1;13,1;12,9;12,9;99;99;99;246;5,3;3,2;
2026/06/22;1800 UTC;;1010,4;1010,4;1010,4;132,3;12,5;12,1;12,5;12,4;12,1;12,1;98;98;98;241;5,2;2,8;
2026/06/22;1900 UTC;;1011,3;1011,3;1011,2;113,2;12,1;11,6;12,1;12,1;11,6;11,5;98;97;98;239;3,8;2,3;
2026/06/22;2000 UTC;;1012,3;1012,4;1012,2;26,2;12,1;12;12,1;12,1;12;12;99;99;99;236;2,6;1,7;
2026/06/22;2100 UTC;;1013,1;1013,2;1013;0;11,8;11,7;11,8;11,8;11,8;11,7;100;100;100;260;2,3;1,3;
2026/06/22;2200 UTC;;1014,5;1014,6;1014,4;0;11,6;11;11,6;11,6;11;11;97;97;97;263;5,3;2,9;
2026/06/22;2300 UTC;;1015,4;1015,5;1015,4;0;11,1;10,3;11,1;11;10,4;10,3;96;96;96;270;6,5;3,6;
2026/06/23;0000 UTC;;1016,3;1016,4;1016,2;0;10,7;8,8;10,7;10,6;8,9;8,8;92;90;91;270;6,6;3,1;
2026/06/23;0100 UTC;;1016,8;1017,1;1016,5;0;10,4;8,8;10,7;10,1;9,2;8,7;93;90;92;283;8,6;4;
2026/06/23;0200 UTC;;1017,6;1017,6;1017,6;0;9,3;8;9,3;9,3;8,1;8;94;94;94;280;6;3,2;
2026/06/23;0300 UTC;;1017,7;1017,8;1017,6;0;9,1;7,4;9,1;9,1;7,4;7,4;92;91;92;313;4,9;2,6;
2026/06/23;0400 UTC;;1017,2;1017,2;1017,1;0;8,1;7,3;8,2;8,1;7,4;7,3;96;96;96;292;4;1,9;
2026/06/23;0500 UTC;;1017,6;1017,6;1017,5;0;7,5;6,9;7,5;7,4;6,9;6,7;97;97;97;286;1;,5;
2026/06/23;0600 UTC;;1017,4;1017,5;1017,4;0;7,3;6,8;7,4;7,1;7;6,6;98;97;98;297;1,7;,8;
2026/06/23;0700 UTC;;1018,3;1018,4;1018,2;0;7,8;6,2;7,8;7,8;6,3;6,2;93;92;92;294;4,5;1,9;
2026/06/23;0800 UTC;;1018,5;1018,6;1018,5;0;7,6;5,7;7,7;7,6;5,8;5,7;91;90;90;302;4,3;2,1;
2026/06/23;0900 UTC;;1018,6;1018,6;1018,6;0;6,4;5,3;6,4;6,3;5,3;5,2;95;94;94;293;2;,8;
2026/06/23;1000 UTC;;1019,2;1019,2;1019,2;0;5,7;5;5,8;5,7;5;4,9;96;96;96;289;2,1;1,2;
2026/06/23;1100 UTC;;1019,4;1019,4;1019,4;79,7;6;5;6;5,9;5;5;95;95;95;271;1,2;,8;
2026/06/23;1200 UTC;;1019,6;1019,6;1019,6;632,4;8,4;6;8,4;8,3;6,1;5,8;89;87;88;267;4,2;2,5;
2026/06/23;1300 UTC;;1019,9;1020;1019,9;1463,5;9,9;5,9;10;9,9;6,4;5,7;82;78;80;275;6,8;4,2;
2026/06/23;1400 UTC;;1019,9;1019,9;1019,8;1827,4;11,4;5,9;11,5;11,4;6,4;5,4;75;70;72;278;7,8;4,3;
2026/06/23;1500 UTC;;1020,1;1020,1;1020;1120,3;11,8;4,4;12;11,7;4,6;4,1;64;61;63;273;9,3;4,2;
2026/06/23;1600 UTC;;1019,5;1019,5;1019,4;848,1;12,3;4;12,4;12,2;4,2;3,8;60;58;59;275;9,5;4,5;
2026/06/23;1700 UTC;;1018,9;1019,1;1018,8;2162,6;13,5;3,9;13,6;13,4;4;3,7;52;51;52;277;8,4;5,1;
2026/06/23;1800 UTC;;1018,5;1018,5;1018,4;1746;14;3,7;14,1;14;4;3,3;50;47;48;288;9,3;5,2;
2026/06/23;1900 UTC;;1018,4;1018,5;1018,4;982,6;13,5;3;13,6;13,5;3,2;2,8;48;47;47;285;9,4;5,5;
2026/06/23;2000 UTC;;1018,9;1018,9;1018,9;153,7;12,2;3,6;12,3;12;3,7;3,5;58;57;57;276;5,9;3,2;
2026/06/23;2100 UTC;;1019,8;1019,8;1019,8;0;9,5;3,4;9,7;9,3;3,5;3,4;71;68;70;282;2,4;1,4;
2026/06/23;2200 UTC;;1020,7;1020,7;1020,6;0;8,8;3,9;8,8;8,8;3,9;3,8;75;75;75;268;3,7;2,1;
2026/06/23;2300 UTC;;1020,9;1020,9;1020,9;0;8,1;3,8;8,3;7,9;3,8;3,7;79;77;78;266;4,3;2,3;
2026/06/24;0000 UTC;;1021;1021;1020,9;0;6,1;4,4;6,2;6,1;4,5;4,3;92;91;91;332;1,3;,9;
2026/06/24;0100 UTC;;1021,1;1021,4;1020,9;0;5,1;4,2;5,8;4,6;4,5;3,8;97;92;95;326;1,5;1;
2026/06/24;0200 UTC;;1021,6;1021,7;1021,6;0;4,1;3,7;4,1;4;3,7;3,5;98;98;98;340;1;,3;
2026/06/24;0300 UTC;;1022;1022;1022;0;3,4;3;3,5;3,2;3,1;2,8;98;98;98;319;1,4;,9;
2026/06/24;0400 UTC;;1022,1;1022,1;1022,1;0;3,3;3,2;3,3;3,3;3,2;3,1;99;99;99;179;1,2;,9;
2026/06/24;0500 UTC;;1022,2;1022,3;1022,2;0;2,2;2;2,2;2,1;2,1;2;99;99;99;194;,6;,4;
2026/06/24;0600 UTC;;1021,9;1021,9;1021,9;0;1,4;1,3;1,4;1,4;1,3;1,3;100;100;100;272;,7;,5;
2026/06/24;0700 UTC;;1021,5;1021,5;1021,5;0;1,1;1,1;1,1;1,1;1,1;1;100;100;100;343;,9;,7;
2026/06/24;0800 UTC;;1021;1021;1021;0;,7;,7;,8;,6;,8;,6;100;100;100;296;1,6;1,2;
2026/06/24;0900 UTC;;1021,2;1021,3;1021,2;0;,7;,7;,7;,7;,8;,7;100;100;100;322;1,3;,9;
2026/06/24;1000 UTC;;1021,9;1021,9;1021,8;0;,7;,7;,8;,6;,8;,7;100;100;100;334;1,1;,9;
2026/06/24;1100 UTC;;1022,3;1022,3;1022,2;281,2;1,5;1,5;1,6;1,4;1,6;1,4;100;100;100;284;,6;,4;
2026/06/24;1200 UTC;;1022,5;1022,5;1022,5;641,5;5,5;5;5,7;5,3;5,1;4,9;98;97;98;284;1,9;1,2;
2026/06/24;1300 UTC;;1023;1023;1022,9;702,3;8,3;4,1;8,4;8,3;4,4;3,9;80;78;79;303;3;1,2;
2026/06/24;1400 UTC;;1022,9;1023;1022,9;2066,2;10,1;4,6;10,7;9,6;5,1;4,2;73;68;72;288;3,5;1,6;
2026/06/24;1500 UTC;;1021,9;1022;1021,8;1717,8;11,4;4;11,7;11,3;4,2;3,8;63;63;63;322;4;2,3;
2026/06/24;1600 UTC;;1020,4;1020,5;1020,4;2140,6;13,8;4,1;13,9;13,8;4,3;3,9;52;50;51;294;6,6;3,8;
2026/06/24;1700 UTC;;1019,8;1019,8;1019,8;1919,5;14,7;3,5;14,8;14,6;3,9;3,2;46;43;44;277;7,2;4,5;
2026/06/24;1800 UTC;;1019,3;1019,3;1019,2;1053,9;14,2;3,6;14,3;14;3,7;3,4;48;46;47;276;5,7;3,6;
2026/06/24;1900 UTC;;1019,1;1019,1;1019;880,2;14,9;4,3;14,9;14,8;4,5;4,1;48;46;47;275;4,8;3;
2026/06/24;2000 UTC;;1019,5;1019,5;1019,4;163;13,3;3,6;13,5;13,2;3,6;3,5;52;51;51;297;3,7;1,2;
2026/06/24;2100 UTC;;1020,2;1020,2;1020,1;0;8,8;5;8,8;8,8;5,4;4,6;83;79;81;327;1,5;1,1;
2026/06/24;2200 UTC;;1020,6;1020,7;1020,6;0;7,1;5,1;7,1;7;5,1;5;90;90;90;342;1,4;1;
2026/06/24;2300 UTC;;1021,3;1021,3;1021,2;0;5,4;4,4;5,5;5,4;4,5;4,4;95;95;95;70;,5;,3;
2026/06/25;0000 UTC;;1021,7;1021,7;1021,7;0;5,3;4,7;5,4;5,3;4,8;4,7;97;97;97;68;,8;,4;
2026/06/25;0100 UTC;;1021,6;1021,8;1021,5;0;5,2;4,7;5,6;4,8;5;4,2;98;97;97;175;1,6;,6;
2026/06/25;0200 UTC;;1022,3;1022,4;1022,3;0;4,2;3,9;4,2;4,2;3,9;3,9;99;98;99;73;1,3;,6;
2026/06/25;0300 UTC;;1022,8;1022,8;1022,8;0;4,4;4,2;4,4;4,4;4,3;4,2;99;99;99;105;,5;,3;
2026/06/25;0400 UTC;;1023;1023;1022,9;0;5,5;5,4;5,6;5,5;5,4;5,4;99;99;99;172;1,7;1,2;
2026/06/25;0500 UTC;;1023,2;1023,2;1023,1;0;4,6;4,4;4,7;4,6;4,5;4,3;99;99;99;194;,6;,5;
2026/06/25;0600 UTC;;1023,7;1023,7;1023,6;0;3,5;3,4;3,5;3,5;3,4;3,4;99;99;99;272;1,3;,8;
2026/06/25;0700 UTC;;1024,2;1024,2;1024,2;0;3,1;3;3,2;3,1;3,1;3;100;99;100;286;1;,6;
2026/06/25;0800 UTC;;1024,5;1024,5;1024,5;0;3,3;3,2;3,3;3,3;3,3;3,2;100;100;100;25;,8;,2;
2026/06/25;0900 UTC;;1024,8;1024,8;1024,7;0;3,9;3,9;3,9;3,9;3,9;3,9;100;100;100;308;,7;,4;
2026/06/25;1000 UTC;;1025,8;1025,8;1025,8;0;4,5;4,4;4,5;4,5;4,5;4,4;100;100;100;260;1,9;1,2;
2026/06/25;1100 UTC;;1025,9;1025,9;1025,8;155,2;5,3;5,1;5,3;5,2;5,1;5,1;99;99;99;35;1,2;,8;
2026/06/25;1200 UTC;;1026,5;1026,6;1026,5;488,2;8,2;6,3;8,2;8,1;6,5;6,2;92;90;91;317;1;,4;
2026/06/25;1300 UTC;;1026,9;1026,9;1026,9;1343,6;12,3;5,7;12,4;12,3;5,8;5,4;68;65;67;351;3,4;1,9;
2026/06/25;1400 UTC;;1026,8;1026,9;1026,8;1837,9;14,5;5,4;14,7;14,4;5,6;5,2;56;53;54;330;4,3;2,1;
2026/06/25;1500 UTC;;1026;1026,1;1026;1953,1;15,5;6,1;15,6;15,4;6,3;5,8;55;52;53;311;5,3;3,1;
2026/06/25;1600 UTC;;1025,4;1025,5;1025,3;2004,7;17;6;17,1;16,9;6,4;5,7;46;44;45;288;5,4;2,8;
2026/06/25;1700 UTC;;1024,7;1024,7;1024,6;1826,2;17,4;6,3;17,5;17,3;6,4;6,2;46;44;45;279;6,1;3,2;
2026/06/25;1800 UTC;;1024,5;1024,5;1024,5;1341,6;17,7;6,6;17,8;17,6;6,9;6,2;45;43;44;318;3;1,4;
2026/06/25;1900 UTC;;1024,2;1024,2;1024,2;804,9;17,7;6,7;17,7;17,6;6,8;6,6;46;45;45;322;2,8;1,7;
2026/06/25;2000 UTC;;1024,1;1024,1;1024,1;148,5;16,3;6,5;16,5;16,1;6,9;6,2;52;50;51;2;1,8;1,3;
2026/06/25;2100 UTC;;1024,5;1024,5;1024,5;0;11,4;7,6;11,5;11,3;7,7;7,5;82;80;81;7;1,8;1,1;
2026/06/25;2200 UTC;;1024,9;1024,9;1024,9;0;8,6;7,1;8,7;8,5;7,2;7;92;92;92;65;,8;,6;
2026/06/25;2300 UTC;;1025,4;1025,4;1025,3;0;7,2;6,3;7,3;7,1;6,5;6,1;96;95;95;355;,4;,2;
2026/06/26;0000 UTC;;1025,7;1025,7;1025,6;0;6,5;5,8;6,6;6,4;5,9;5,7;97;96;96;29;1,7;1,4;
2026/06/26;0100 UTC;;1025,6;1025,7;1025,5;0;5,9;5,4;6,3;5,4;5,8;4,7;98;96;97;162;1,9;,9;
2026/06/26;0200 UTC;;1026;1026;1025,9;0;4,8;4,4;4,9;4,7;4,5;4,3;98;98;98;333;1,2;,7;
2026/06/26;0300 UTC;;1025,9;1025,9;1025,8;0;4,1;3,9;4,2;4,1;4;3,8;99;99;99;15;1,2;,6;
2026/06/26;0400 UTC;;1025,7;1025,8;1025,6;0;3,4;3,3;3,5;3,4;3,3;3,2;99;99;99;329;1,5;,5;
2026/06/26;0500 UTC;;1025,7;1025,7;1025,6;0;2,8;2,6;2,8;2,7;2,7;2,6;99;99;99;209;,9;,7;
2026/06/26;0600 UTC;;1024,9;1024,9;1024,9;0;2;1,9;2,2;2;2,1;1,8;99;99;99;328;,8;,6;
2026/06/26;0700 UTC;;1024,6;1024,6;1024,6;0;2,2;2,2;2,2;2,1;2,2;2,1;100;100;100;335;,6;,2;
2026/06/26;0800 UTC;;1024,5;1024,5;1024,5;0;1,7;1,7;1,7;1,6;1,8;1,6;100;100;100;329;1,2;1;
2026/06/26;0900 UTC;;1024,8;1024,8;1024,8;0;2,1;2,1;2,1;2;2,2;2;100;100;100;153;,5;,2;
2026/06/26;1000 UTC;;1025,6;1025,6;1025,5;0;1,2;1,1;1,2;1;1,3;1;100;100;100;228;,5;,4;
2026/06/26;1100 UTC;;1026,1;1026,2;1026,1;267;2;2;2,3;1,7;2,4;1,7;100;100;100;339;,6;,4;
2026/06/26;1200 UTC;;1026,5;1026,5;1026,5;624;6,3;5,8;6,5;6,1;5,9;5,7;98;97;98;283;2,3;1,3;
2026/06/26;1300 UTC;;1026,8;1026,8;1026,8;1394,6;10,1;6,3;10,3;9,8;6,9;5,9;84;78;81;321;2,1;1,1;
2026/06/26;1400 UTC;;1026,4;1026,5;1026,4;1713,9;13,5;6,4;13,6;13,3;6,6;6,3;66;64;65;311;1,5;1;
2026/06/26;1500 UTC;;1025,9;1025,9;1025,8;2086,5;16;6,7;16,1;15,8;6,9;6,4;55;52;54;289;3,2;1,7;
2026/06/26;1600 UTC;;1024,8;1024,8;1024,7;2105,8;17,4;7,5;17,6;17,2;8;7,1;53;48;51;247;3,2;2;
2026/06/26;1700 UTC;;1024,1;1024,1;1024,1;1841,5;17,8;7,5;18;17,5;7,7;7,2;50;48;48;178;3,8;2;
2026/06/26;1800 UTC;;1023,7;1023,7;1023,7;1482,2;18;7,2;18,1;18;7,5;7;47;45;46;194;2,9;1,8;
2026/06/26;1900 UTC;;1023,3;1023,3;1023,3;823,8;18,7;6,8;19;18,3;7,3;6,6;42;38;41;215;1,2;,5;
2026/06/26;2000 UTC;;1023,4;1023,4;1023,3;145,5;18,2;7,9;18,3;18,1;8;7,9;49;48;48;4;,4;,2;
2026/06/26;2100 UTC;;1023,8;1023,8;1023,8;0;14,5;7,6;14,7;14,3;7,7;7,6;67;65;66;115;2,5;1,6;
2026/06/26;2200 UTC;;1024,5;1024,5;1024,4;0;12,3;7,9;12,4;12,2;7,9;7,9;79;78;78;110;2;1,3;
2026/06/26;2300 UTC;;1025;1025;1025;0;10,8;7,5;11;10,7;7,6;7,4;84;83;83;121;1,9;1,1;
2026/06/27;0000 UTC;;1025,4;1025,4;1025,4;0;10,7;7,6;10,7;10,7;7,7;7,6;85;85;85;116;3,1;1,8;
2026/06/27;0100 UTC;;1025,5;1025,6;1025,4;0;9,9;7,5;10,6;9,5;7,6;7,3;89;85;88;96;3,1;,8;
2026/06/27;0200 UTC;;1025,3;1025,3;1025,3;0;7,4;6,4;7,5;7,4;6,5;6,4;95;94;95;149;,8;,6;
2026/06/27;0300 UTC;;1025,3;1025,3;1025,2;0;6,7;5,8;6,9;6,6;5,9;5,7;96;95;96;119;1,7;,9;
2026/06/27;0400 UTC;;1025;1025;1024,9;0;4,4;4,1;4,4;4,4;4,1;4;98;98;98;22;1;,8;
2026/06/27;0500 UTC;;1024,5;1024,5;1024,5;0;3,9;3,5;4;3,8;3,6;3,4;98;98;98;353;1,4;1,1;
2026/06/27;0600 UTC;;1024;1024;1024;0;3,9;3,7;4;3,8;3,8;3,6;99;99;99;136;,6;,3;
2026/06/27;0700 UTC;;1023,9;1023,9;1023,9;0;2,6;2,5;2,6;2,5;2,5;2,4;99;99;99;318;1,2;,9;
2026/06/27;0800 UTC;;1023,5;1023,5;1023,5;0;3,1;3,1;3,2;3;3,1;3;100;100;100;21;,7;,5;
2026/06/27;0900 UTC;;1023,7;1023,8;1023,7;0;2,8;2,8;2,9;2,7;2,9;2,7;100;100;100;40;,9;,7;
2026/06/27;1000 UTC;;1024,2;1024,2;1024,1;0;2,5;2,6;2,6;2,5;2,6;2,5;100;100;100;354;,5;,3;
2026/06/27;1100 UTC;;1024,2;1024,2;1024,2;209,1;2,7;2,8;2,8;2,7;2,8;2,7;100;100;100;323;,4;,2;
2026/06/27;1200 UTC;;1024,4;1024,5;1024,4;633,8;6,7;6,6;7;6,5;6,8;6,4;99;99;99;241;1;,5;
2026/06/27;1300 UTC;;1024,1;1024,2;1024,1;1046,3;10,6;7,8;10,9;10,4;8;7,6;87;85;86;313;1,9;1,1;
2026/06/27;1400 UTC;;1023,6;1023,6;1023,6;1660,7;13,7;8,3;13,8;13,4;8,8;7,8;76;71;73;221;3,1;1,6;
2026/06/27;1500 UTC;;1023;1023,2;1023;2042,1;15,7;8,2;15,8;15,6;8,6;7,7;65;60;62;233;3,1;1,9;
2026/06/27;1600 UTC;;1021,5;1021,6;1021,4;2042,1;17,7;9,1;17,9;17,6;9,2;8,9;58;55;57;187;2,5;1,7;
2026/06/27;1700 UTC;;1020,7;1020,7;1020,6;1799,6;19,9;10;20,1;19,9;10,4;9,9;52;49;50;23;1,8;1,1;
2026/06/27;1800 UTC;;1019,8;1019,9;1019,6;1404,5;20,9;10,8;21;20,9;11,1;10,5;50;48;49;174;2;1,2;
2026/06/27;1900 UTC;;1019,4;1019,4;1019,4;661,8;21,3;11,7;21,4;21,3;11,9;11,6;53;52;52;100;2,7;1,4;
2026/06/27;2000 UTC;;1019,6;1019,6;1019,6;169,2;19,4;10,7;19,5;19,4;10,9;10,6;58;56;56;81;2,5;1,5;
2026/06/27;2100 UTC;;1019,9;1020;1019,9;0;17,2;12,5;17,3;17,2;12,5;12,4;77;76;76;101;3,6;1,6;
2026/06/27;2200 UTC;;1020;1020,1;1020;0;16,2;11,5;16,2;16,1;11,5;11,5;77;76;77;82;1,9;,8;
2026/06/27;2300 UTC;;1019,6;1019,7;1019,6;0;15,7;11,3;15,7;15,7;11,3;11,3;78;78;78;102;2,8;1,6;
2026/06/28;0000 UTC;;1020;1020,1;1020;0;15,3;11,7;15,4;15,2;11,7;11,6;82;82;82;118;2,9;1,9;
2026/06/28;0100 UTC;;1019,9;1020,1;1019,6;0;14,6;12,1;15,1;14,4;12,3;12;88;85;87;117;2,7;1,2;
2026/06/28;0200 UTC;;1019,3;1019,3;1019,2;0;14,3;11,8;14,3;14,2;11,8;11,8;88;87;88;112;3,2;1,3;
2026/06/28;0300 UTC;;1018,8;1018,8;1018,7;0;14;11,7;14;13,9;11,7;11,6;89;88;89;85;2;1,1;
2026/06/28;0400 UTC;;1018,4;1018,4;1018,4;0;13,7;11,6;13,7;13,7;11,6;11,5;89;89;89;111;2,4;1,4;
2026/06/28;0500 UTC;;1017,5;1017,5;1017,5;0;13,5;11,8;13,5;13,5;11,8;11,8;91;91;91;117;1,7;1,1;
2026/06/28;0600 UTC;;1016,8;1016,8;1016,8;0;13,1;11,7;13,2;13,1;11,7;11,6;93;92;93;120;1,5;,9;
2026/06/28;0700 UTC;;1015,8;1015,9;1015,8;0;13,1;11,7;13,1;13,1;11,8;11,7;93;93;93;129;2,1;1,2;
2026/06/28;0800 UTC;;1015,6;1015,7;1015,5;0;13,1;11,8;13,2;13,1;11,8;11,8;94;93;93;23;1,3;,9;
2026/06/28;0900 UTC;;1016,2;1016,2;1016,1;0;12,8;11,9;12,8;12,8;12;11,9;96;96;96;265;,9;,3;
2026/06/28;1000 UTC;;1017,4;1017,4;1017,4;0;13;12,4;13;13;12,4;12,4;97;97;97;355;1,9;1,2;
2026/06/28;1100 UTC;;1017,1;1017,1;1017,1;16,7;13,3;13;13,3;13,3;13;13;99;99;99;159;1,2;,8;
2026/06/28;1200 UTC;;1018;1018;1017,9;94;13,7;13,5;13,8;13,7;13,6;13,5;99;99;99;292;2,3;1,4;
2026/06/28;1300 UTC;;1017,4;1017,4;1017,4;171,5;14,9;14,7;15;14,8;14,7;14,6;99;99;99;336;1,1;,7;
2026/06/28;1400 UTC;;1017;1017,1;1017;73,3;15,7;15,4;15,7;15,6;15,5;15,4;99;99;99;26;1,7;1,1;
2026/06/28;1500 UTC;;1015,3;1015,4;1015,3;155,5;16,2;15,9;16,2;16,1;15,9;15,9;99;99;99;68;2,2;1,4;
2026/06/28;1600 UTC;;1014,4;1014,4;1014,3;175,6;16,8;16,4;16,9;16,7;16,5;16,4;98;98;98;308;1,2;,5;
2026/06/28;1700 UTC;;1014,6;1014,6;1014,5;183,4;17;16,7;17,1;17;16,7;16,6;98;98;98;301;2,9;1,8;
2026/06/28;1800 UTC;;1014,2;1014,3;1014,2;164,2;17,4;16,7;17,5;17,4;16,7;16,6;97;96;96;350;6,2;3,6;
2026/06/28;1900 UTC;;1013,8;1014;1013,6;104,1;17,8;16,3;17,8;17,8;16,3;16,2;93;92;92;8;5,8;3,5;
2026/06/28;2000 UTC;;1013,5;1013,6;1013,5;27,3;17,2;16,2;17,2;17,1;16,3;16,2;96;95;95;324;1,4;,9;
2026/06/28;2100 UTC;;1013,2;1013,3;1013,2;0;16,5;16;16,5;16,4;16;15,9;98;98;98;309;1,9;,9;
2026/06/28;2200 UTC;;1014,2;1014,4;1014,1;0;15,9;15,6;15,9;15,8;15,6;15,6;99;99;99;321;2,6;1,3;
2026/06/28;2300 UTC;;1015,4;1015,5;1015,4;0;15,6;15,2;15,6;15,5;15,3;15,2;98;98;98;285;2,8;1,5;
2026/06/29;0000 UTC;;1015,8;1015,9;1015,8;0;16;15,4;16;16;15,5;15,4;97;97;97;283;3,4;2;
2026/06/29;0100 UTC;;1016,7;1017,2;1015,9;0;16,4;15,9;16,5;16,1;16,1;15,6;98;97;98;284;5,5;1,7;
2026/06/29;0200 UTC;;1017,7;1017,7;1017,7;0;16;15,8;16;16;15,8;15,8;99;99;99;297;3,8;1,8;
2026/06/29;0300 UTC;;1018,3;1018,3;1018,3;0;15,8;15,4;15,8;15,8;15,4;15,3;98;98;98;280;4,7;2,1;
2026/06/29;0400 UTC;;1018,4;1018,4;1018,3;0;15,4;14,9;15,4;15,4;14,9;14,9;97;97;97;278;2,6;1,6;
2026/06/29;0500 UTC;;1018,4;1018,5;1018,4;0;15,1;14,7;15,1;15;14,7;14,6;98;98;98;249;1,8;1,2;
2026/06/29;0600 UTC;;1019;1019;1018,9;0;14,8;14,4;14,8;14,7;14,5;14,4;98;98;98;248;1,5;1;
2026/06/29;0700 UTC;;1019,2;1019,2;1019,2;0;14,4;14,2;14,4;14,4;14,2;14,2;99;99;99;153;1,3;,9;
2026/06/29;0800 UTC;;1019,4;1019,5;1019,4;0;13,2;11,8;13,3;13,2;11,8;11,8;93;93;93;144;2,2;1,3;
2026/06/29;0900 UTC;;1020,3;1020,3;1020,2;0;11,9;10,2;11,9;11,8;10,3;10,2;92;92;92;183;2,5;1,5;
2026/06/29;1000 UTC;;1021,4;1021,4;1021,3;0;11,5;9,3;11,6;11,5;9,3;9,2;89;89;89;186;4,6;2,2;
2026/06/29;1100 UTC;;1022,2;1022,2;1022,1;316,8;10,8;9,2;10,8;10,8;9,4;9;93;91;92;215;,9;,4;
2026/06/29;1200 UTC;;1022,5;1022,5;1022,5;793,8;13,1;9,4;13,2;13;9,7;9;83;79;82;158;,9;,6;
2026/06/29;1300 UTC;;1022,8;1022,9;1022,8;1491,1;13,9;9,5;14,4;13,6;10;9,1;80;77;78;121;1,3;,6;
2026/06/29;1400 UTC;;1022,2;1022,2;1022,1;1629,5;14,9;9,5;15;14,9;9,9;9,3;75;72;73;119;2,6;1,6;
2026/06/29;1500 UTC;;1021,8;1021,8;1021,7;2169,7;15,7;10,1;15,8;15,5;10,6;9,7;75;70;72;169;2,6;1,3;
2026/06/29;1600 UTC;;1021,1;1021,1;1021;1770,3;17,1;10,4;17,3;16,9;11;9,9;68;64;66;246;2,4;1,1;
2026/06/29;1700 UTC;;1020,5;1020,6;1020,5;519,6;16,1;9,5;16,2;16,1;9,7;9,3;68;66;67;130;1,8;1,1;
2026/06/29;1800 UTC;;1020;1020,1;1020;1358,4;17,2;9,7;17,2;17,1;10,1;9,4;65;61;62;157;2,6;1,5;
2026/06/29;1900 UTC;;1019,9;1019,9;1019,9;460,8;16,2;9,9;16,4;16,1;10;9,9;69;68;68;157;4,7;2,3;
2026/06/29;2000 UTC;;1020,2;1020,2;1020,2;177,2;15,2;9,7;15,3;15;9,8;9,6;73;72;72;132;4,2;2,6;
2026/06/29;2100 UTC;;1020,9;1020,9;1020,9;0;13;9,3;13,1;12,9;9,3;9,3;82;81;81;99;3,4;1,9;
2026/06/29;2200 UTC;;1021,5;1021,5;1021,5;0;11,4;9;11,5;11,4;9;8,9;88;87;88;123;3;2,1;
2026/06/29;2300 UTC;;1021,7;1021,7;1021,6;0;10,5;8,6;10,5;10,5;8,6;8,5;90;90;90;117;2,4;1,6;
2026/06/30;0000 UTC;;1021,4;1021,4;1021,4;0;10;8,3;10;9,9;8,4;8,3;92;92;92;131;2,6;1,7;
2026/06/30;0100 UTC;;1021,8;1021,9;1021,6;0;9,8;8,4;10;9,7;8,5;8,2;93;92;93;106;2,9;1,4;
2026/06/30;0200 UTC;;1022,2;1022,2;1022,1;0;9,1;8,4;9,1;9,1;8,5;8,4;97;97;97;108;2;1,2;
2026/06/30;0300 UTC;;1021,4;1021,4;1021,4;0;9;8,5;9;9;8,5;8,5;98;98;98;136;1,5;1;
2026/06/30;0400 UTC;;1021,4;1021,5;1021,3;0;8,2;7,7;8,3;8,2;7,7;7,6;97;97;97;28;1;,7;
2026/06/30;0500 UTC;;1021,2;1021,2;1021,1;0;9,3;9,2;9,5;9;9,4;8,9;100;100;100;86;1,7;,8;
2026/06/30;0600 UTC;;1020,5;1020,5;1020,5;0;10,3;9,4;10,3;10,3;9,4;9,4;96;95;95;85;1;,6;
2026/06/30;0700 UTC;;1020,1;1020,1;1020,1;0;10,4;9,8;10,5;10,4;9,8;9,8;97;97;97;227;,9;,3;
2026/06/30;0800 UTC;;1019,6;1019,6;1019,6;0;11,3;10,3;11,3;11,2;10,3;10,3;95;95;95;97;1,9;1,1;
2026/06/30;0900 UTC;;1019,9;1019,9;1019,8;0;11,5;10,4;11,5;11,4;10,5;10,4;95;95;95;111;1;,5;
2026/06/30;1000 UTC;;1020,1;1020,1;1020;0;11,8;10,6;11,8;11,8;10,6;10,6;94;94;94;122;1,6;1,1;
2026/06/30;1100 UTC;;1020,5;1020,5;1020,5;47,6;12,1;11;12,1;12,1;11;11;95;95;95;151;1,6;,7;
2026/06/30;1200 UTC;;1020,5;1020,6;1020,5;75,4;12,5;11,3;12,5;12,5;11,3;11,2;94;94;94;157;2,3;1,3;
2026/06/30;1300 UTC;;1021,3;1021,3;1021,2;146,8;13,1;11,5;13,1;13,1;11,6;11,5;92;92;92;160;2,1;1,2;
2026/06/30;1400 UTC;;1020,8;1020,8;1020,7;410,3;14,3;11,7;14,3;14,3;11,8;11,7;88;87;87;148;5,2;2,7;
2026/06/30;1500 UTC;;1020,2;1020,3;1020,2;471,8;14,8;12,1;14,9;14,8;12,2;12,1;87;86;87;100;2,2;1,2;
2026/06/30;1600 UTC;;1019,2;1019,3;1019,2;395,2;15,5;11,8;15,5;15,5;11,9;11,7;82;81;82;107;3,8;1,9;
2026/06/30;1700 UTC;;1018,2;1018,2;1018,1;484,6;15,2;12;15,3;15,2;12;11,9;84;83;84;132;3,7;2,3;
2026/06/30;1800 UTC;;1017,7;1017,7;1017,7;279,1;15;12,2;15;14,9;12,4;12,1;87;86;86;143;2,8;1,7;
2026/06/30;1900 UTC;;1017,6;1017,6;1017,5;126;14;12,1;14;14;12,2;12,1;91;91;91;212;2,8;2;
2026/06/30;2000 UTC;;1017,3;1017,4;1017,2;49,1;14,1;12;14,2;14,1;12,1;11,9;90;89;89;164;3,9;2,9;
2026/06/30;2100 UTC;;1017,1;1017,1;1016,9;0;14,3;12,5;14,4;14,3;12,5;12,5;91;91;91;132;3,1;2,1;
2026/06/30;2200 UTC;;1017,1;1017,1;1017,1;0;13,9;12,3;14;13,9;12,3;12,2;92;91;92;142;2,4;1,4;
2026/06/30;2300 UTC;;1017,4;1017,5;1017,2;0;14;12,2;14;14;12,3;12,2;91;91;91;184;3,1;1,5;
2026/07/01;0000 UTC;;1017,6;1017,6;1017,6;0;14;12,1;14;14;12,1;12;90;90;90;123;1,8;1,1;
2026/07/01;0100 UTC;;1017,3;1017,7;1016,9;0;13,8;12,2;13,9;13,7;12,3;12,1;93;91;92;82;2,4;,9;
2026/07/01;0200 UTC;;1017,4;1017,5;1017,4;0;13,9;12,6;13,9;13,9;12,6;12,5;94;93;93;54;2,5;1,5;
2026/07/01;0300 UTC;;1017,3;1017,4;1017,2;0;13,6;12,8;13,6;13,5;12,8;12,8;96;96;96;184;1,2;,5;
2026/07/01;0400 UTC;;1017,3;1017,3;1017,2;0;13,5;12,9;13,5;13,5;13;12,9;97;97;97;144;,9;,4;
2026/07/01;0500 UTC;;1017,3;1017,4;1017,2;0;13,5;13;13,5;13,5;13;13;98;98;98;279;1,6;,8;
2026/07/01;0600 UTC;;1016,7;1016,7;1016,6;0;13,2;12,8;13,3;13,2;12,8;12,8;98;98;98;193;,9;,6;
2026/07/01;0700 UTC;;1017,1;1017,1;1017;0;13;12,7;13,1;13;12,7;12,7;98;98;98;267;1,1;,7;
2026/07/01;0800 UTC;;1017,1;1017,1;1017;0;13;12,7;13;13;12,7;12,7;98;98;98;222;,6;,2;
2026/07/01;0900 UTC;;1017,4;1017,4;1017,4;0;12,9;12,5;12,9;12,9;12,5;12,5;98;98;98;137;2,1;1,2;
2026/07/01;1000 UTC;;1018;1018;1017,9;0;12,7;12,5;12,7;12,7;12,5;12,5;99;99;99;120;1,6;1;
2026/07/01;1100 UTC;;1018,7;1018,7;1018,6;52,5;12,9;12,8;12,9;12,9;12,8;12,7;99;99;99;149;,9;,6;
2026/07/01;1200 UTC;;1019,3;1019,3;1019,2;165,3;13,2;13;13,3;13,2;13,1;13;99;99;99;113;1,2;,8;
2026/07/01;1300 UTC;;1019,7;1019,8;1019,7;355,7;13,7;13,3;13,7;13,6;13,3;13,2;98;98;98;164;2;1,3;
2026/07/01;1400 UTC;;1019,8;1019,8;1019,7;549,8;14,6;13,3;14,6;14,5;13,4;13,2;94;93;94;55;2;1,5;
2026/07/01;1500 UTC;;1019,4;1019,5;1019,3;257,9;15;13,7;15,1;15;13,8;13,6;93;93;93;130;1,9;1,1;
2026/07/01;1600 UTC;;1018,5;1018,6;1018,5;306;15,7;14;15,7;15,7;14;13,9;91;91;91;77;2,4;1,4;
2026/07/01;1700 UTC;;1018,1;1018,2;1018,1;182,9;16;14;16;16;14;13,9;90;90;90;79;2,4;,7;
2026/07/01;1800 UTC;;1017;1017,2;1017;154,1;16,3;13,9;16,3;16,2;14;13,8;88;88;88;108;2,6;1,6;
2026/07/01;1900 UTC;;1017,8;1017,9;1017,7;32,4;15,7;14,7;15,8;15,7;14,7;14,7;95;95;95;39;2;1;
2026/07/01;2000 UTC;;1017,1;1017,5;1016,8;11;15,3;14,9;15,3;15,3;15;14,9;98;98;98;142;1,8;1;
2026/07/01;2100 UTC;;1017,9;1018,1;1017,8;0;15,2;15;15,2;15,2;15;15;99;99;99;191;1;,8;
2026/07/01;2200 UTC;;1017,9;1018;1017,8;0;15,2;15,1;15,2;15,2;15,2;15,1;100;100;100;64;1,2;,8;
2026/07/01;2300 UTC;;1018,7;1018,7;1018,7;0;15,2;15,2;15,2;15,2;15,2;15,2;100;100;100;212;,9;,5;
2026/07/02;0000 UTC;;1019,3;1019,3;1019,2;0;14,8;14,6;14,8;14,8;14,7;14,6;99;99;99;190;1,6;,8;
2026/07/02;0100 UTC;;1019,4;1019,7;1019,1;0;14,8;14,7;14,8;14,8;14,7;14,6;99;99;99;108;1,8;,7;
2026/07/02;0200 UTC;;1020,8;1020,8;1020,7;0;14,8;14,7;14,9;14,8;14,7;14,7;99;99;99;326;1;,8;
2026/07/02;0300 UTC;;1020,6;1020,8;1020,6;0;14,8;14,8;14,9;14,8;14,8;14,8;100;100;100;65;1,2;,7;
2026/07/02;0400 UTC;;1020,6;1020,7;1020,5;0;14,8;14,7;14,8;14,8;14,8;14,7;100;100;100;290;,9;,5;
2026/07/02;0500 UTC;;1020,9;1021;1020,9;0;14,8;14,8;14,8;14,8;14,8;14,8;100;100;100;355;2,3;1,3;
2026/07/02;0600 UTC;;1020;1020,2;1019,8;0;14,9;14,9;14,9;14,8;14,9;14,8;100;100;100;78;1,2;,7;
2026/07/02;0700 UTC;;1019,9;1019,9;1019,9;0;14,8;14,8;14,8;14,8;14,8;14,8;100;100;100;193;1,3;,9;
2026/07/02;0800 UTC;;1020;1020;1020;0;14,9;14,9;14,9;14,8;14,9;14,9;100;100;100;258;1,3;,9;
2026/07/02;0900 UTC;;1020,6;1020,6;1020,5;0;14,9;15;15;14,9;15;15;100;100;100;338;2,1;1,5;
2026/07/02;1000 UTC;;1020,7;1020,8;1020,6;0;15;15;15;15;15;15;100;100;100;264;1,1;,5;
2026/07/02;1100 UTC;;1021;1021,1;1020,9;26,2;15;15;15;14,9;15;15;100;100;100;246;3;1,9;
2026/07/02;1200 UTC;;1021,6;1021,6;1021,5;62,5;14,9;15;15;14,9;15;15;100;100;100;253;3;1,9;
2026/07/02;1300 UTC;;1021,8;1021,9;1021,7;126,4;15;14,9;15;15;14,9;14,9;100;99;99;251;3,2;2;
2026/07/02;1400 UTC;;1021,8;1021,9;1021,8;171,6;14,7;14;14,8;14,7;14,2;13,8;98;95;96;221;7,4;4,1;
2026/07/02;1500 UTC;;1021,5;1021,6;1021,4;353,8;14,8;13,7;14,8;14,7;13,8;13,6;95;94;94;198;4,9;2,2;
2026/07/02;1600 UTC;;1021,3;1021,5;1021,2;153,5;14,3;13,4;14,3;14,2;13,4;13,4;96;95;96;229;5,4;3;
2026/07/02;1700 UTC;;1021,4;1021,4;1021,3;71;13,7;12,7;13,7;13,7;12,8;12,7;95;95;95;229;5,2;3;
2026/07/02;1800 UTC;;1021,6;1021,6;1021,5;105,6;13,3;12,1;13,3;13,2;12,2;12;95;94;94;241;6,1;3,5;
2026/07/02;1900 UTC;;1022,6;1022,6;1022,5;48,2;12,5;11,4;12,5;12,5;11,5;11,3;95;94;95;230;7,2;4;
2026/07/02;2000 UTC;;1023,5;1023,6;1023,5;11,9;11,8;11;11,8;11,8;11,1;11;96;96;96;248;5,5;2,6;
2026/07/02;2100 UTC;;1024;1024;1023,9;0;11,4;10,2;11,4;11,3;10,3;10,2;95;94;94;234;6,8;3,9;
2026/07/02;2200 UTC;;1024,7;1024,8;1024,7;0;10,7;9,9;10,7;10,7;10;9,9;96;96;96;238;5;3,3;
2026/07/02;2300 UTC;;1025,5;1025,5;1025,4;0;10,3;9,6;10,4;10,3;9,7;9,5;97;96;96;240;5,3;3,2;
2026/07/03;0000 UTC;;1026;1026;1025,9;0;10;9,8;10,1;10;9,8;9,8;99;99;99;250;4,1;2,4;
2026/07/03;0100 UTC;;1026,1;1026,3;1025,9;,1;9,7;9,3;10;9,5;9,7;8,8;99;97;98;244;7,2;2;
2026/07/03;0200 UTC;;1026,7;1026,8;1026,7;,9;8,8;8,2;8,9;8,7;8,3;8,1;97;97;97;216;6,7;4,5;
2026/07/03;0300 UTC;;1027,1;1027,1;1027;0;8,1;6,7;8,1;8,1;6,8;6,6;94;93;93;227;5,7;3,1;
2026/07/03;0400 UTC;;1027;1027;1027;0;8,3;4,8;8,4;8,3;5,2;4,6;84;81;82;234;7,1;4,5;
2026/07/03;0500 UTC;;1026,9;1027;1026,9;0;8,2;2,7;8,3;8,1;2,9;2,3;74;71;72;226;7,5;4;
2026/07/03;0600 UTC;;1027,2;1027,2;1027,1;0;7,7;2,6;7,7;7,7;2,8;2,4;75;74;74;240;5,2;3,2;
2026/07/03;0700 UTC;;1027,3;1027,3;1027,3;0;7,3;2,3;7,3;7,3;2,4;2,1;75;74;75;249;5,4;3,1;
2026/07/03;0800 UTC;;1027,6;1027,6;1027,6;0;6,7;2,2;6,7;6,6;2,6;2;80;76;78;253;5;2,5;
2026/07/03;0900 UTC;;1028;1028;1028;0;5,1;2,9;5,2;5,1;3;2,8;89;88;89;287;3,9;1,8;
2026/07/03;1000 UTC;;1028,6;1028,6;1028,5;0;4,2;1,3;4,2;4,1;1,4;1,3;86;85;86;285;4,2;2,4;
2026/07/03;1100 UTC;;1028,7;1028,7;1028,6;241,7;4;,8;4,1;3,8;,9;,7;85;84;84;290;4,9;2,4;
2026/07/03;1200 UTC;;1028,8;1028,8;1028,7;885;5,5;,3;5,7;5,4;,7;0;75;72;74;282;6,7;3,2;
2026/07/03;1300 UTC;;1029,1;1029,2;1029;1477;6,5;,2;6,6;6,5;,4;,1;69;68;69;294;8,3;4,4;
2026/07/03;1400 UTC;;1028,7;1028,8;1028,7;1949,9;7,9;1,1;8;7,7;1,4;,9;68;65;66;293;8;4,7;
2026/07/03;1500 UTC;;1028;1028;1027,9;2166,4;9,4;1,9;9,6;9,2;2,4;1,4;65;59;63;302;6,2;3,5;
2026/07/03;1600 UTC;;1027;1027;1026,9;2231,9;9,8;1,8;9,9;9,7;2;1,5;61;59;60;265;8,2;4,7;
2026/07/03;1700 UTC;;1026;1026,1;1025,9;1839,9;10,3;2,1;10,3;10,2;2,3;1,9;60;58;59;278;7,8;4,7;
2026/07/03;1800 UTC;;1025,9;1026;1025,9;1556,4;11;2,8;11,1;11;3,1;2,5;61;58;59;292;8,6;4,4;
2026/07/03;1900 UTC;;1025,8;1025,8;1025,7;874,9;10,8;2,9;10,8;10,7;2,9;2,8;61;60;60;296;8,2;4,6;
2026/07/03;2000 UTC;;1026,1;1026,2;1026,1;189,7;10;3;10,1;9,9;3,1;3;66;65;65;295;7,1;3,6;
2026/07/03;2100 UTC;;1026,5;1026,5;1026,4;0;9;3,4;9;8,9;3,5;3,3;73;72;72;293;5,8;2,5;
2026/07/03;2200 UTC;;1027,1;1027,1;1027;0;8,6;3,3;8,6;8,6;3,4;3,3;74;73;74;295;4,9;2,2;
2026/07/03;2300 UTC;;1027,7;1027,7;1027,7;0;8,6;3,5;8,6;8,6;3,5;3,4;75;74;74;314;3,8;1,8;
2026/07/04;0000 UTC;;1027,9;1027,9;1027,8;0;8,6;3,6;8,7;8,6;3,7;3,5;75;74;75;305;5,2;2,3;
2026/07/04;0100 UTC;;1027,9;1028;1027,9;0;8,6;3,4;8,7;8,6;3,6;3,2;75;73;74;288;7,3;2,5;
2026/07/04;0200 UTC;;1027,9;1027,9;1027,8;0;8,6;3,7;8,6;8,5;3,8;3,6;76;75;76;296;4,9;2,2;
2026/07/04;0300 UTC;;1027,7;1027,7;1027,6;0;8,5;3,9;8,6;8,5;4;3,9;77;77;77;304;4;2;
2026/07/04;0400 UTC;;1027,7;1027,7;1027,7;0;8,5;4,1;8,5;8,5;4,1;4;78;78;78;305;4,7;1,8;
2026/07/04;0500 UTC;;1027,5;1027,6;1027,5;0;8,3;4,3;8,3;8,3;4,4;4,3;80;80;80;312;5,1;2,4;
2026/07/04;0600 UTC;;1027,3;1027,3;1027,2;0;8,2;4,8;8,2;8,2;4,9;4,8;83;83;83;321;5,1;2,6;
2026/07/04;0700 UTC;;1027,3;1027,3;1027,3;0;8,1;5,3;8,1;8,1;5,3;5,3;86;86;86;334;2,8;1,4;
2026/07/04;0800 UTC;;1026,8;1026,9;1026,8;0;7,9;6;7,9;7,9;6;6;91;90;91;336;2,1;1,1;
2026/07/04;0900 UTC;;1027,1;1027,1;1027,1;0;8;6;8;7,9;6;5,9;90;90;90;347;1,2;,5;
2026/07/04;1000 UTC;;1027,2;1027,3;1027,2;0;7,9;6;7,9;7,9;6,1;6;91;91;91;320;1,4;,7;
2026/07/04;1100 UTC;;1027,7;1027,8;1027,6;57,3;8,1;6,1;8,1;8,1;6,2;6;90;90;90;333;1,5;,8;
2026/07/04;1200 UTC;;1028;1028,1;1028;172,5;8,7;6,2;8,7;8,7;6,2;6,1;88;87;87;316;1,8;1;
2026/07/04;1300 UTC;;1028,6;1028,6;1028,6;484;9,5;6,3;9,6;9,4;6,5;6,2;85;83;84;326;2,6;1,5;
2026/07/04;1400 UTC;;1028,3;1028,4;1028,3;565,4;10,2;5,5;10,3;10,2;5,8;5,1;78;74;76;295;2,5;1,7;
2026/07/04;1500 UTC;;1027,8;1027,9;1027,7;586;10,4;5,5;10,5;10,4;5,8;5,4;77;75;75;250;3,3;1,5;
2026/07/04;1600 UTC;;1026,7;1026,8;1026,7;935,5;11;5,6;11,1;10,9;5,8;5,5;73;72;73;280;1,4;,7;
2026/07/04;1700 UTC;;1026,7;1026,7;1026,7;411,6;11,3;6;11,3;11,2;6,1;6;74;73;74;297;2,9;1,6;
2026/07/04;1800 UTC;;1025,5;1025,6;1025,4;478,7;11,4;6,1;11,5;11,3;6,3;5,9;74;72;73;241;3,3;1,5;
2026/07/04;1900 UTC;;1025;1025,1;1025;155,5;11,2;6,3;11,3;11,2;6,5;6,2;76;75;75;336;1,6;1,1;
2026/07/04;2000 UTC;;1024,7;1024,8;1024,7;69,8;11,2;6,5;11,2;11,2;6,7;6,3;77;75;76;356;,7;,4;
2026/07/04;2100 UTC;;1025;1025;1024,9;0;10,5;7,7;10,6;10,5;7,9;7,6;87;85;86;311;,9;,6;
2026/07/04;2200 UTC;;1025,4;1025,5;1025,4;0;10,4;8,3;10,4;10,4;8,4;8,2;90;89;89;15;1,1;,7;
2026/07/04;2300 UTC;;1026,1;1026,1;1026,1;0;10,2;8,5;10,2;10,2;8,6;8,3;92;91;91;306;1,6;,9;
2026/07/05;0000 UTC;;1025,9;1026;1025,8;0;10,4;8,2;10,4;10,4;8,4;8,1;90;89;89;173;1;,9;
2026/07/05;0100 UTC;;1024,9;1025,6;1024,6;0;10,1;7,7;10,3;9,9;8,1;7,3;90;86;88;21;2,1;,4;
2026/07/05;0200 UTC;;1025,2;1025,3;1025,1;0;10,2;8;10,2;10,1;8,2;7,8;90;89;89;168;1,6;,9;
2026/07/05;0300 UTC;;1025,3;1025,4;1025,3;0;10,5;8,2;10,5;10,5;8,3;8,1;89;88;89;91;1,2;,8;
2026/07/05;0400 UTC;;1024,9;1025;1024,9;0;10,5;8,6;10,5;10,4;8,6;8,6;91;90;91;43;1,5;1,1;
2026/07/05;0500 UTC;;1024,8;1024,8;1024,7;0;10,4;8,8;10,4;10,3;8,9;8,7;92;91;92;218;1,8;1,2;
2026/07/05;0600 UTC;;1024,4;1024,4;1024,3;0;9,9;9,5;9,9;9,9;9,5;9,5;98;98;98;51;,8;,5;
2026/07/05;0700 UTC;;1024;1024;1024;0;10;9,8;10;10;9,8;9,8;99;99;99;75;,9;,6;
2026/07/05;0800 UTC;;1023,8;1023,9;1023,7;0;10,1;10;10,1;10,1;10;10;100;100;100;54;1;,7;
2026/07/05;0900 UTC;;1023,5;1023,6;1023,5;0;10,3;10,3;10,3;10,3;10,3;10,2;100;100;100;26;2,1;1,3;
2026/07/05;1000 UTC;;1023,6;1023,7;1023,6;0;10,2;10,2;10,2;10,1;10,2;10,1;100;100;100;33;1,4;,9;
2026/07/05;1100 UTC;;1023,3;1023,4;1023,3;54,6;10,3;10,3;10,3;10,3;10,4;10,3;100;100;100;185;1,2;,8;
2026/07/05;1200 UTC;;1023,9;1023,9;1023,8;147,6;10,6;10,4;10,6;10,5;10,5;10,3;99;99;99;160;1,6;,8;
2026/07/05;1300 UTC;;1023,5;1023,6;1023,5;427,8;11,2;10,5;11,3;11,2;10,7;10,5;97;96;97;120;2,5;1,4;
2026/07/05;1400 UTC;;1023,5;1023,5;1023,5;693,2;11,9;10,7;12;11,8;10,8;10,6;94;94;94;128;2,2;1,1;
2026/07/05;1500 UTC;;1022,7;1022,8;1022,7;940,5;13,2;10,4;13,2;13,2;10,6;10,3;87;86;86;108;4;2,2;
2026/07/05;1600 UTC;;1021,2;1021,2;1021,1;734,5;13,7;10,5;13,7;13,6;10,7;10,3;85;83;84;60;2,5;1,4;
2026/07/05;1700 UTC;;1020,3;1020,3;1020,3;1445,4;14,7;10,5;14,7;14,6;10,7;10,3;80;78;79;134;2,4;1,5;
2026/07/05;1800 UTC;;1019,9;1020;1019,9;616,8;14,8;10,9;14,9;14,8;11;10,8;81;80;80;152;2,7;1,5;
2026/07/05;1900 UTC;;1019,4;1019,5;1019,4;402,6;15,7;11,6;15,7;15,6;11,7;11,6;80;79;80;78;3,5;1,3;
2026/07/05;2000 UTC;;1019,7;1019,7;1019,6;110,5;15,3;11,8;15,3;15,2;11,8;11,8;83;82;83;110;2,4;1,4;
2026/07/05;2100 UTC;;1019,9;1020;1019,9;0;13,9;12;13,9;13,9;12,1;12;91;91;91;124;1,6;1,1;
2026/07/05;2200 UTC;;1020;1020,1;1020;0;12,5;11,5;12,6;12,4;11,6;11,5;95;95;95;142;,6;,3;
2026/07/05;2300 UTC;;1020,2;1020,2;1020,1;0;12,6;12;12,7;12,6;12;11,9;97;96;97;219;1;,4;
2026/07/06;0000 UTC;;1019,6;1019,7;1019,6;0;12,9;12;13;12,9;12;11,9;96;95;95;108;2,5;1,6;
2026/07/06;0100 UTC;;1019,4;1019,6;1019,2;0;13,2;11,7;13,3;13,1;11,8;11,7;93;92;93;130;2,4;,7;
2026/07/06;0200 UTC;;1019,1;1019,1;1019,1;0;12,6;11,7;12,6;12,5;11,8;11,7;96;96;96;42;,7;,2;
2026/07/06;0300 UTC;;1019,1;1019,1;1019,1;0;12,1;11,7;12,2;12,1;11,7;11,6;98;98;98;221;,3;,2;
2026/07/06;0400 UTC;;1018,7;1018,7;1018,7;0;12,2;11,9;12,2;12,2;11,9;11,9;98;98;98;290;1;,5;
2026/07/06;0500 UTC;;1018,5;1018,7;1018,3;0;12,3;12;12,3;12,3;12;12;99;99;99;342;1,9;,8;
2026/07/06;0600 UTC;;1017,2;1017,2;1017,1;0;12,5;12,3;12,5;12,5;12,3;12,3;99;99;99;166;1,7;1,2;
2026/07/06;0700 UTC;;1017,5;1017,6;1017,5;0;12,4;12,3;12,4;12,4;12,3;12,3;100;100;100;247;3,3;1,9;
2026/07/06;0800 UTC;;1017,8;1017,9;1017,7;0;12,6;12,5;12,6;12,6;12,5;12,5;100;100;100;286;2,8;1,7;
2026/07/06;0900 UTC;;1018,5;1018,6;1018,4;0;12,7;12,6;12,7;12,7;12,6;12,6;99;99;99;303;3,3;1,5;
2026/07/06;1000 UTC;;1018,8;1018,8;1018,7;0;12,8;12,2;12,8;12,8;12,2;12,2;97;97;97;302;3,9;1,9;
2026/07/06;1100 UTC;;1019,5;1019,6;1019,4;15,5;12,9;12;12,9;12,9;12,1;12;96;96;96;284;5,1;2,4;
2026/07/06;1200 UTC;;1020;1020,1;1019,9;45,9;12,8;11,9;12,8;12,8;11,9;11,9;96;96;96;297;4,1;1,9;
2026/07/06;1300 UTC;;1020,7;1020,7;1020,7;122,7;13;11,7;13;13;11,7;11,7;94;94;94;282;4,7;2,3;
2026/07/06;1400 UTC;;1021,2;1021,3;1021;168,8;12,7;11,6;12,8;12,7;11,6;11,5;94;94;94;268;5,8;3,3;
2026/07/06;1500 UTC;;1021,6;1021,6;1021,4;96,6;12,2;11,4;12,2;12,2;11,4;11,3;96;96;96;277;4,2;2,3;
2026/07/06;1600 UTC;;1021;1021,1;1020,9;228,6;12,2;11,2;12,2;12,2;11,3;11,2;95;95;95;302;4,3;2,5;
2026/07/06;1700 UTC;;1020,3;1020,4;1020,2;278,6;12,2;10,5;12,2;12,2;10,7;10,4;92;91;92;313;4,8;2,2;
2026/07/06;1800 UTC;;1020,3;1020,3;1020,3;503,7;12,8;9,8;12,8;12,8;9,9;9,7;86;85;85;274;5,9;3,4;
2026/07/06;1900 UTC;;1020,6;1020,6;1020,5;216,8;12;8,9;12;11,9;9,1;8,8;85;84;85;269;5,9;2,9;
2026/07/06;2000 UTC;;1020,6;1020,6;1020,6;319,5;12,8;8,6;12,9;12,7;8,6;8,4;79;78;79;310;5;2,3;
2026/07/06;2100 UTC;;1021;1021,1;1021;0;10,3;7,9;10,4;10,1;8;7,9;89;88;88;313;2,4;1,2;
2026/07/06;2200 UTC;;1021,6;1021,7;1021,6;0;10,3;8,4;10,4;10,3;8,4;8,4;91;90;90;322;2,9;1,7;
2026/07/06;2300 UTC;;1021,9;1021,9;1021,9;0;10,2;7,9;10,3;10,2;7,9;7,9;89;88;89;317;3,4;1,9;
2026/07/07;0000 UTC;;1022,3;1022,3;1022,3;0;7,7;6,4;7,8;7,7;6,4;6,3;94;93;93;291;1,6;,9;
2026/07/07;0100 UTC;;1022,5;1022,7;1022,3;0;7,3;6,4;7,7;6,9;6,6;6,1;97;93;95;323;1,9;1,1;
2026/07/07;0200 UTC;;1023,3;1023,3;1023,3;0;7,8;7,1;7,8;7,8;7,2;7,1;97;96;96;320;2;1,1;
2026/07/07;0300 UTC;;1023,6;1023,7;1023,6;0;6,6;5,7;6,6;6,6;5,8;5,7;96;96;96;267;1,5;,7;
2026/07/07;0400 UTC;;1023,7;1023,7;1023,7;0;5,9;5,3;6;5,8;5,4;5,2;97;97;97;303;2,3;1,3;
2026/07/07;0500 UTC;;1023,6;1023,7;1023,6;0;5,6;4,9;5,6;5,6;5;4,9;97;97;97;313;2,1;1,1;
2026/07/07;0600 UTC;;1023,1;1023,2;1023,1;0;6;4,8;6;6;4,9;4,7;94;94;94;299;2,3;1,1;
2026/07/07;0700 UTC;;1023,2;1023,2;1023,1;0;5,6;4,7;5,6;5,5;4,8;4,6;96;95;96;285;1,5;,9;
2026/07/07;0800 UTC;;1022,8;1022,9;1022,8;0;5;4,4;5,1;4,9;4,4;4,3;97;97;97;317;1,7;,9;
2026/07/07;0900 UTC;;1022,7;1022,8;1022,7;0;4,7;4;4,8;4,6;4;3,9;97;96;97;195;2;1,4;
2026/07/07;1000 UTC;;1023,5;1023,5;1023,4;0;3,6;3,4;3,6;3,6;3,4;3,3;99;99;99;276;1,9;1,3;
2026/07/07;1100 UTC;;1024;1024;1023,9;292,7;4,4;4,1;4,4;4,3;4,1;4;99;98;99;269;1,5;,7;
2026/07/07;1200 UTC;;1024;1024,1;1024;682,5;7,7;5,5;7,9;7,6;5,6;5,4;89;88;89;306;4,3;1,8;
2026/07/07;1300 UTC;;1024;1024;1024;1319,4;10,3;5,9;10,5;10,1;6;5,8;79;77;78;324;4,6;2,4;
2026/07/07;1400 UTC;;1023,5;1023,6;1023,5;1910,6;12,2;4,8;12,3;12,2;5;4,6;64;62;63;304;5,8;3;
2026/07/07;1500 UTC;;1022,9;1022,9;1022,8;2161;13,5;5,2;13,7;13,5;5,6;5;60;57;58;324;5,2;2,7;
2026/07/07;1600 UTC;;1022;1022,1;1021,9;2143,6;14,8;4,6;14,9;14,6;5;4,3;52;47;49;299;7,5;4,1;
2026/07/07;1700 UTC;;1021,5;1021,6;1021,5;1899,3;15,2;5;15,2;15,1;5,4;4,7;51;48;49;272;7,5;5,2;
2026/07/07;1800 UTC;;1021,2;1021,2;1021,1;1559,9;15,2;5,3;15,3;15,1;5,4;5,1;51;50;50;286;9,8;5,2;
2026/07/07;1900 UTC;;1021,2;1021,2;1021,1;887,5;15,1;4,9;15,1;15;5;4,6;49;48;49;280;9,3;4,5;
2026/07/07;2000 UTC;;1021;1021;1021;219,2;14,2;4,7;14,4;14,1;4,8;4,6;53;52;53;283;6,8;3;
2026/07/07;2100 UTC;;1021,2;1021,2;1021,2;0;11,3;4,6;11,6;11,2;4,7;4,5;67;66;66;307;3,1;1,3;
2026/07/07;2200 UTC;;1021,7;1021,8;1021,7;0;7,7;4,9;7,8;7,6;5,1;4,9;88;86;86;336;1;,7;
2026/07/07;2300 UTC;;1022;1022;1022;0;7,1;5,1;7,2;7;5,1;5,1;90;90;90;328;1,5;1,1;
2026/07/08;0000 UTC;;1022,3;1022,4;1022,3;0;6,1;4,9;6,2;6;5,1;4,8;94;94;94;322;2,3;1,4;
2026/07/08;0100 UTC;;1022,6;1022,7;1022,4;0;5,9;4,7;6,3;5,6;5,2;4,2;96;91;94;334;3,1;1,7;
2026/07/08;0200 UTC;;1022,4;1022,4;1022,3;0;6,9;4,4;7;6,9;4,6;4,1;88;86;87;288;1,8;1,1;
2026/07/08;0300 UTC;;1022,9;1022,9;1022,9;0;4,8;4;4,8;4,7;4;4;96;96;96;238;,6;,4;
2026/07/08;0400 UTC;;1022,1;1022,1;1022;0;4,5;4,2;4,5;4,5;4,2;4,1;98;98;98;350;1,1;,6;
2026/07/08;0500 UTC;;1022,4;1022,4;1022,4;0;3,9;3,6;4;3,8;3,9;3,5;99;99;99;211;2;1,5;
2026/07/08;0600 UTC;;1021,8;1021,9;1021,8;0;3,1;2,9;3,1;3;2,9;2,8;99;99;99;222;1,7;1,2;
2026/07/08;0700 UTC;;1022,2;1022,2;1022,2;0;3,9;3,8;4;3,7;3,9;3,6;100;99;99;232;1,8;1,5;
2026/07/08;0800 UTC;;1022;1022;1021,9;0;3,4;3,3;3,4;3,3;3,3;3,2;99;99;99;327;,9;,7;
2026/07/08;0900 UTC;;1022,3;1022,4;1022,3;0;2,7;2,7;2,8;2,7;2,7;2,7;100;100;100;253;1,8;1,3;
2026/07/08;1000 UTC;;1022,8;1022,9;1022,8;0;2,7;2,7;2,7;2,7;2,7;2,6;100;99;100;298;1,6;1,3;
2026/07/08;1100 UTC;;1023;1023;1022,9;222,9;2,9;2,8;3;2,7;3;2,6;100;100;100;289;1,4;1;
2026/07/08;1200 UTC;;1022,9;1022,9;1022,8;667,9;6,7;5,6;6,9;6,5;5,8;5,5;95;95;95;268;2,2;1;
2026/07/08;1300 UTC;;1023,4;1023,4;1023,4;1591,3;10,5;5,9;10,6;10,4;6,3;5,7;79;76;77;292;3,7;1,8;
2026/07/08;1400 UTC;;1023,1;1023,1;1023;1875,9;12,5;6,4;12,6;12,3;6,6;6,2;71;68;70;283;2,8;1,3;
2026/07/08;1500 UTC;;1022,5;1022,5;1022,5;2123,7;15,7;6,2;15,7;15,5;6,8;5,6;56;50;53;304;2,7;1,5;
2026/07/08;1600 UTC;;1021,3;1021,4;1021,2;2131;17,1;6,4;17,1;16,9;6,7;6,1;48;45;47;276;2,5;1,1;
2026/07/08;1700 UTC;;1020,1;1020,1;1020;1858;18,5;7,4;18,8;18,2;7,6;7,1;46;44;45;287;2,8;1,4;
2026/07/08;1800 UTC;;1019,1;1019,1;1019;1518,6;19,7;7,6;19,9;19,5;7,9;7,1;40;38;39;355;1,8;,8;
2026/07/08;1900 UTC;;1019,2;1019,2;1019,2;867,7;19,4;7;19,5;19,3;7,1;6,9;39;37;38;195;2,3;1,6;
2026/07/08;2000 UTC;;1019,5;1019,6;1019,5;65,4;15,1;8,1;15,4;14,9;8,3;7,9;67;63;65;227;1,3;,9;
2026/07/08;2100 UTC;;1020,4;1020,4;1020,4;0;11,9;9,2;12;11,9;9,4;9;87;85;86;71;,8;,5;
2026/07/08;2200 UTC;;1021;1021;1021;0;12,2;6,8;12,3;12,2;6,8;6,8;73;72;73;104;2,2;1,2;
2026/07/08;2300 UTC;;1021,7;1021,7;1021,6;0;9,7;7,2;9,8;9,5;7,3;7,2;88;87;88;117;1,6;1,1;
2026/07/09;0000 UTC;;1021,2;1021,2;1021,2;0;8,8;7,2;8,8;8,8;7,3;7,1;92;91;92;112;1,8;1,2;
2026/07/09;0100 UTC;;1020,6;1021;1020,2;0;8,5;7,1;9;7,8;7,8;6,3;96;90;93;148;2,3;1,2;
2026/07/09;0200 UTC;;1020,2;1020,2;1020,1;0;7,2;6,6;7,3;7,2;6,7;6,5;97;97;97;125;2;1,2;
2026/07/09;0300 UTC;;1020,1;1020,1;1020;0;5,8;5,3;5,8;5,8;5,4;5,3;98;97;97;45;1,1;,9;
2026/07/09;0400 UTC;;1019,8;1019,8;1019,8;0;6,2;5,8;6,2;6,1;5,8;5,6;98;98;98;75;1,4;1;
2026/07/09;0500 UTC;;1019,8;1019,8;1019,8;0;5,1;4,8;5,2;5;5;4,6;99;98;98;189;,6;,4;
2026/07/09;0600 UTC;;1019,3;1019,3;1019,2;0;4,5;4,1;4,7;4,3;4,4;3,9;98;98;98;300;1,1;,7;
2026/07/09;0700 UTC;;1018,9;1019;1018,9;0;4,4;4,2;4,6;4,2;4,5;4,1;100;99;99;348;,8;,6;
2026/07/09;0800 UTC;;1018,9;1019;1018,9;0;4;3,8;4,1;3,9;3,9;3,8;99;99;99;297;,9;,7;
2026/07/09;0900 UTC;;1018,9;1018,9;1018,8;0;4,4;4,3;4,5;4,3;4,4;4,2;100;100;100;52;,9;,7;
2026/07/09;1000 UTC;;1019;1019;1018,9;0;4,1;3,9;4,6;3,7;4,4;3,5;99;99;99;313;,9;,4;
2026/07/09;1100 UTC;;1019,2;1019,3;1019,2;265,6;5,1;5;5,3;4,9;5,2;4,8;100;100;100;67;1,6;1,2;
2026/07/09;1200 UTC;;1019,1;1019,2;1019,1;824;9,5;7,6;9,6;9,3;7,6;7,5;91;90;90;326;,4;,2;
2026/07/09;1300 UTC;;1019,4;1019,4;1019,4;1416,8;12,4;8,4;12,9;12,2;8,9;7,9;80;78;80;213;,9;,5;
2026/07/09;1400 UTC;;1018,6;1018,6;1018,6;1674,4;15,5;9,3;15,6;15,5;9,6;9,1;71;68;69;84;1,5;,6;
2026/07/09;1500 UTC;;1018,3;1018,3;1018,3;2068;18,5;9,5;18,6;18,3;9,8;9,3;57;54;55;302;3,2;1,9;
2026/07/09;1600 UTC;;1017,5;1017,5;1017,5;1126,3;19,9;10,6;19,9;19,9;10,8;10,3;55;52;54;299;3,4;1,4;
2026/07/09;1700 UTC;;1016,9;1016,9;1016,8;1435,3;19,6;11,5;19,7;19,6;11,8;11,4;61;59;59;242;3,6;2,1;
2026/07/09;1800 UTC;;1015,9;1015,9;1015,8;1839,2;21,1;12,4;21,2;21,1;12,7;12,3;58;56;57;301;2,9;1,5;
2026/07/09;1900 UTC;;1015,5;1015,5;1015,4;938,5;21,5;12,7;21,6;21,4;12,9;12,5;57;55;56;205;2,3;1;
2026/07/09;2000 UTC;;1015,3;1015,4;1015,3;194;20,6;13;20,8;20,3;13,1;12,8;64;60;62;253;1,3;,9;
2026/07/09;2100 UTC;;1015,4;1015,4;1015,3;0;14,8;12,4;14,9;14,6;12,5;12,3;89;88;88;66;,7;,2;
2026/07/09;2200 UTC;;1015,6;1015,6;1015,6;0;12,8;11,8;12,9;12,8;11,9;11,8;95;95;95;31;1;,7;
2026/07/09;2300 UTC;;1015,5;1015,5;1015,4;0;11,8;11,2;11,8;11,7;11,3;11,1;97;97;97;19;1;,6;
2026/07/10;0000 UTC;;1015,7;1015,7;1015,6;0;10,8;10,3;10,8;10,7;10,4;10,2;98;97;97;9;1,6;1;
2026/07/10;0100 UTC;;1015,9;1016,1;1015,7;0;10,7;10,2;11;10,4;10,5;9,9;98;97;98;297;1,6;,7;
2026/07/10;0200 UTC;;1016,2;1016,2;1016,1;0;11,9;11,5;11,9;11,8;11,6;11,5;99;98;98;18;1,2;,9;
2026/07/10;0300 UTC;;1016;1016;1016;0;13;12;13;13;12;11,9;95;95;95;309;1;,6;
2026/07/10;0400 UTC;;1016,2;1016,3;1016,2;0;13,1;12,1;13,1;13,1;12,1;12;95;95;95;226;,8;,6;
2026/07/10;0500 UTC;;1015,4;1015,4;1015,4;0;13,5;12,3;13,5;13,4;12,3;12,3;94;94;94;219;1,4;1;
2026/07/10;0600 UTC;;1014,8;1014,9;1014,8;0;12,8;12,1;12,9;12,8;12,1;12;96;96;96;271;,7;,5;
2026/07/10;0700 UTC;;1014,2;1014,3;1014,2;0;12,9;12,3;12,9;12,9;12,3;12,3;97;97;97;169;,4;,2;
2026/07/10;0800 UTC;;1015;1015,1;1014,9;0;13,2;12,6;13,2;13,1;12,6;12,5;97;97;97;203;1,4;,8;
2026/07/10;0900 UTC;;1014,7;1014,7;1014,6;0;13,2;12,6;13,2;13,1;12,6;12,5;97;97;97;27;1,4;,9;
2026/07/10;1000 UTC;;1015,7;1015,7;1015,7;0;12,6;12,4;12,7;12,6;12,5;12,4;99;99;99;13;2,2;1,7;
2026/07/10;1100 UTC;;1016;1016,2;1015,9;57,4;12,8;12,6;12,8;12,8;12,7;12,6;99;99;99;6;1,4;,8;
2026/07/10;1200 UTC;;1016,5;1016,5;1016,5;585,8;14,1;13,8;14,2;14;13,8;13,7;99;98;98;278;1;,7;
2026/07/10;1300 UTC;;1017,2;1017,2;1017,2;885,4;15,9;13,6;15,9;15,8;13,9;13,5;90;88;89;199;2,3;1,6;
2026/07/10;1400 UTC;;1017,3;1017,4;1017,3;1076,9;17,3;10,8;17,5;17,2;11,5;10,2;71;65;68;158;2,1;1,2;
2026/07/10;1500 UTC;;1016,4;1016,5;1016,3;903,5;18,1;10,2;18,2;18,1;10,5;9,9;62;59;60;127;2,5;1,8;
2026/07/10;1600 UTC;;1015,4;1015,4;1015,3;1308,5;19,3;10,1;19,4;19,2;10,4;9,7;56;52;54;131;2,9;1,9;
2026/07/10;1700 UTC;;1014,5;1014,5;1014,5;1155,3;19,6;10,6;19,6;19,5;10,8;10,3;56;54;55;71;2,8;1,7;
2026/07/10;1800 UTC;;1014;1014;1013,9;956,9;19,7;10,7;19,8;19,7;10,9;10,6;55;54;55;94;3;1,3;
2026/07/10;1900 UTC;;1014,3;1014,4;1014,3;450,2;19,4;10,3;19,4;19,3;10,5;10,1;56;54;55;126;1,8;1;
2026/07/10;2000 UTC;;1014,7;1014,8;1014,7;100,6;18,2;8,4;18,2;18,2;8,5;8,1;52;50;51;126;2,8;1,8;
2026/07/10;2100 UTC;;1015,1;1015,1;1015,1;0;16,8;7,8;16,8;16,7;8;7,7;56;55;55;121;4;2,3;
2026/07/10;2200 UTC;;1015,3;1015,4;1015,3;0;15,3;8,2;15,3;15,2;8,3;8,1;65;64;65;101;2,8;1,2;
2026/07/10;2300 UTC;;1015,4;1015,5;1015,3;0;15;9,1;15,1;14,9;9,1;9;71;70;70;116;3,2;2,1;
2026/07/11;0000 UTC;;1015,3;1015,4;1015,3;0;14,6;10,2;14,6;14,5;10,2;10,1;78;78;78;93;3,8;1,6;
2026/07/11;0100 UTC;;1015,2;1015,4;1015;0;14,4;10,7;14,6;14,3;11,2;10,3;85;79;81;111;5,3;2,6;
2026/07/11;0200 UTC;;1015,1;1015,1;1015;0;14,5;12,2;14,6;14,5;12,3;12,2;89;88;89;117;4,8;2,4;
2026/07/11;0300 UTC;;1014,4;1014,4;1014,4;0;14,9;12,9;14,9;14,9;12,9;12,9;90;90;90;86;3,3;1,6;
2026/07/11;0400 UTC;;1013,8;1013,8;1013,7;0;14,9;13;14,9;14,9;13;13;90;90;90;108;3,3;1,5;
2026/07/11;0500 UTC;;1013,7;1013,7;1013,7;0;15,2;12,8;15,2;15,2;12,9;12,8;88;88;88;123;2,8;1,8;
2026/07/11;0600 UTC;;1012,8;1012,8;1012,8;0;15,5;12,9;15,5;15,5;13;12,9;87;87;87;89;3,1;1,3;
2026/07/11;0700 UTC;;1012,5;1012,5;1012,5;0;15,6;12,7;15,6;15,6;12,8;12,6;86;85;86;118;2,3;1,4;
2026/07/11;0800 UTC;;1010,9;1010,9;1010,8;0;15,1;12,8;15,2;15;12,8;12,7;88;88;88;109;3,2;1,6;
2026/07/11;0900 UTC;;1010;1010;1010;0;15,1;12,8;15,1;15,1;12,9;12,7;89;88;89;107;3,9;1,9;
2026/07/11;1000 UTC;;1012,4;1012,5;1012,3;0;14,4;13,7;14,4;14,4;13,8;13,7;97;97;97;169;2,7;1,2;
2026/07/11;1100 UTC;;1012,6;1012,7;1012,6;117,4;14,8;14,3;14,8;14,8;14,3;14,3;98;97;97;110;5,9;3,4;
2026/07/11;1200 UTC;;1014,4;1014,4;1014,4;27,3;15,3;14,1;15,3;15,2;14,2;14;95;93;94;123;3,3;1,4;
2026/07/11;1300 UTC;;1013;1013;1012,9;270,5;14,6;13,8;14,6;14,5;13,8;13,8;96;96;96;83;4,6;2;
2026/07/11;1400 UTC;;1013,6;1013,6;1013,6;237,1;15,1;14,3;15,1;15;14,5;14,2;97;96;96;286;1,8;1,1;
2026/07/11;1500 UTC;;1012,3;1012,5;1012,2;546,1;15,3;14,7;15,4;15,3;14,8;14,6;97;97;97;198;2,3;,9;
2026/07/11;1600 UTC;;1011,1;1011,1;1010,9;853,1;16;14,3;16;15,9;14,6;14;93;90;92;38;2,1;1,1;
2026/07/11;1700 UTC;;1011,8;1011,9;1011,6;266,7;16;14,4;16;15,9;14,4;14,2;93;91;92;245;4,2;2,5;
2026/07/11;1800 UTC;;1009,7;1009,9;1009,5;719,9;16,4;14,4;16,5;16,3;14,6;14,4;91;89;90;51;2,1;1,3;
2026/07/11;1900 UTC;;1012;1012,1;1012;128,8;16,3;14,8;16,4;16,3;14,9;14,8;93;92;93;222;3,2;1,9;
2026/07/11;2000 UTC;;1012,5;1012,5;1012,4;23,4;16,2;15;16,2;16,2;15;14,9;94;93;94;216;3,4;2;
2026/07/11;2100 UTC;;1012,9;1012,9;1012,9;0;15,9;15;15,9;15,9;15;15;96;95;96;277;1,7;1,1;
2026/07/11;2200 UTC;;1013,8;1013,8;1013,7;0;15,5;15;15,5;15,5;15;14,9;97;97;97;273;1,8;1,3;
2026/07/11;2300 UTC;;1013,9;1013,9;1013,9;0;15,1;14,9;15,1;15,1;14,9;14,8;99;99;99;267;2,1;1;
2026/07/12;0000 UTC;;1013,8;1013,8;1013,8;0;14,9;14,8;14,9;14,9;14,8;14,8;100;100;100;286;1,5;,7;
2026/07/12;0100 UTC;;1013,9;1014,1;1013,8;0;14,8;14,7;14,9;14,6;14,8;14,6;100;100;100;261;2,6;1,5;
2026/07/12;0200 UTC;;1014,1;1014,1;1014;0;14,6;14,5;14,6;14,6;14,5;14,5;100;100;100;258;2,4;1,3;
2026/07/12;0300 UTC;;1014,3;1014,3;1014,3;0;14,6;14,5;14,6;14,6;14,5;14,5;100;100;100;264;2,5;1,5;
2026/07/12;0400 UTC;;1014,3;1014,4;1014,3;0;14,6;14,5;14,6;14,6;14,5;14,5;100;100;100;253;1,8;1;
2026/07/12;0500 UTC;;1014,5;1014,6;1014,5;0;14,5;14,3;14,5;14,5;14,3;14,2;99;99;99;280;1,3;,6;
2026/07/12;0600 UTC;;1014,1;1014,2;1014,1;0;14,3;14,2;14,3;14,3;14,2;14,2;99;99;99;281;1,4;,7;
2026/07/12;0700 UTC;;1014,3;1014,3;1014,2;0;14,1;14,1;14,2;14,1;14,1;14;100;100;100;253;4,2;2,6;
2026/07/12;0800 UTC;;1014,6;1014,6;1014,5;0;13,6;13,5;13,6;13,6;13,5;13,4;99;99;99;280;2,4;1,5;
2026/07/12;0900 UTC;;1015,6;1015,6;1015,6;0;13,5;13,2;13,5;13,5;13,2;13,2;98;98;98;252;2,7;1,4;
2026/07/12;1000 UTC;;1016,6;1016,6;1016,6;0;13,3;13,1;13,3;13,3;13,1;13,1;99;99;99;275;2,6;1,4;
2026/07/12;1100 UTC;;1017,3;1017,4;1017,3;75,4;13,2;13,1;13,3;13,2;13,1;13,1;99;99;99;255;3,4;2,2;
2026/07/12;1200 UTC;;1018,2;1018,2;1018,1;372;13,4;12,8;13,4;13,3;12,9;12,7;98;97;97;249;3,5;2,2;
2026/07/12;1300 UTC;;1018,8;1018,8;1018,7;709,4;14,9;11,8;15,2;14,6;12,7;11,2;87;83;84;238;4,8;3,1;
2026/07/12;1400 UTC;;1018,8;1018,9;1018,8;1171,9;14,9;11,1;15;14,8;11,7;10,5;83;78;81;235;4,2;2,4;
2026/07/12;1500 UTC;;1018,8;1018,8;1018,8;546,8;14,9;11,2;14,9;14,9;11,4;11,1;83;81;82;247;2,6;1,7;
2026/07/12;1600 UTC;;1018,2;1018,3;1018,2;197,1;14,7;11,3;14,8;14,6;11,5;11,2;85;83;83;189;3,8;2,3;
2026/07/12;1700 UTC;;1018,4;1018,4;1018,3;220,2;13,7;12;13,7;13,6;12,3;11,9;93;91;92;159;1,9;1,2;
2026/07/12;1800 UTC;;1018,6;1018,7;1018,6;621,2;14,4;12,3;14,5;14,3;12,7;12,1;92;89;90;247;2,8;1,7;
2026/07/12;1900 UTC;;1019,1;1019,1;1019;1177,2;15,5;9,5;15,6;15,4;9,8;9,2;71;69;70;274;8,8;4,5;
2026/07/12;2000 UTC;;1020;1020,1;1020;291,8;14,1;8,3;14,1;14;8,4;8,2;71;71;71;285;6,5;3,6;
2026/07/12;2100 UTC;;1020,8;1020,8;1020,7;0;12,8;7,6;12,8;12,8;7,7;7,5;74;73;74;274;6,3;3,1;
2026/07/12;2200 UTC;;1021,7;1021,7;1021,7;0;12,6;7,5;12,6;12,6;7,6;7,3;75;74;74;273;6,2;3,1;
2026/07/12;2300 UTC;;1022,1;1022,2;1022,1;0;12,3;7,9;12,3;12,3;8;7,9;78;78;78;296;4,4;2,1;
2026/07/13;0000 UTC;;1022,7;1022,7;1022,7;0;12;8,6;12;12;8,6;8,5;83;82;83;276;3,1;1,9;
2026/07/13;0100 UTC;;1022,6;1022,8;1022,6;0;12;8,8;12,1;11,9;9,1;8,7;86;83;84;335;4,8;2,1;
2026/07/13;0200 UTC;;1022,9;1022,9;1022,8;0;11,7;8,7;11,7;11,6;8,7;8,6;85;85;85;302;2,7;1,2;
2026/07/13;0300 UTC;;1022,9;1022,9;1022,9;0;11,4;8,5;11,4;11,3;8,5;8,4;86;85;86;310;2;1,2;
2026/07/13;0400 UTC;;1022,9;1022,9;1022,9;0;10,8;9,3;10,8;10,7;9,3;9,2;93;92;92;326;2,8;1,2;
2026/07/13;0500 UTC;;1022,7;1022,7;1022,6;0;10,5;9,5;10,5;10,5;9,5;9,4;95;95;95;301;2,9;1,4;
2026/07/13;0600 UTC;;1022,3;1022,3;1022,2;0;10,6;9,1;10,7;10,6;9,2;9,1;93;92;93;285;4,5;2,4;
2026/07/13;0700 UTC;;1022,5;1022,6;1022,5;0;10,6;9,5;10,6;10,6;9,5;9,4;94;94;94;294;3,5;1,7;
2026/07/13;0800 UTC;;1022,7;1022,7;1022,6;0;10,7;9,6;10,7;10,7;9,6;9,6;94;94;94;286;2,8;1;
2026/07/13;0900 UTC;;1023;1023;1023;0;10,8;9,8;10,8;10,8;9,8;9,7;95;95;95;320;2,2;1;
2026/07/13;1000 UTC;;1023,6;1023,6;1023,5;0;10,9;9,9;10,9;10,9;9,9;9,9;95;95;95;314;1,8;,8;
2026/07/13;1100 UTC;;1024,1;1024,2;1024,1;58,7;11;10,1;11;11;10,1;10,1;96;95;96;284;1,7;,9;
2026/07/13;1200 UTC;;1024,8;1024,8;1024,8;348,8;11,7;10,2;11,7;11,7;10,2;10,1;93;92;92;283;2,5;1,3;
2026/07/13;1300 UTC;;1025,6;1025,7;1025,6;836,6;12,5;9,8;12,5;12,4;9,9;9,7;87;86;87;280;3,4;2,4;
2026/07/13;1400 UTC;;1025,7;1025,7;1025,6;968,2;13,5;9,5;13,5;13,4;9,9;9,2;82;79;80;277;3,8;1,8;
2026/07/13;1500 UTC;;1025,5;1025,5;1025,5;666,4;13,6;9,5;13,6;13,5;9,7;9,3;81;79;80;256;3,5;2,4;
2026/07/13;1600 UTC;;1024,8;1024,8;1024,7;1018,8;13,8;9,3;13,9;13,8;9,5;9,1;79;77;77;252;4,3;2,2;
2026/07/13;1700 UTC;;1024,4;1024,4;1024,4;951,9;14,5;8,4;14,5;14,5;8,8;8;72;68;69;266;4,2;2;
2026/07/13;1800 UTC;;1024,4;1024,4;1024,4;429,4;14,6;8,7;14,6;14,6;8,8;8,5;71;70;70;220;2,7;1,5;
2026/07/13;1900 UTC;;1024;1024,1;1024;340,6;14,7;8,6;14,7;14,6;8,9;8,5;71;69;70;263;1,7;1,2;
2026/07/13;2000 UTC;;1024,3;1024,3;1024,3;88,1;14,3;9,6;14,4;14,3;9,8;9,3;77;75;76;257;,8;,5;
2026/07/13;2100 UTC;;1024,6;1024,6;1024,6;0;13,3;10,4;13,4;13,2;10,6;10,2;87;84;86;259;1,1;,9;
2026/07/13;2200 UTC;;1024,9;1024,9;1024,8;0;13,1;10,3;13,1;13;10,5;10,2;87;86;86;226;1,1;,9;
2026/07/13;2300 UTC;;1025,4;1025,5;1025,4;0;13,3;10,5;13,4;13,2;10,7;10,3;87;86;86;31;2,1;1;
2026/07/14;0000 UTC;;1026;1026;1025,9;0;12,7;10,8;12,8;12,6;10,9;10,7;92;90;90;342;,7;,5;
2026/07/14;0100 UTC;;1026;1026,1;1025,8;0;12,2;10,8;12,4;12,2;11;10,7;94;91;93;75;1,8;1;
2026/07/14;0200 UTC;;1025,7;1025,7;1025,6;0;11,9;10,7;11,9;11,9;10,8;10,6;94;94;94;90;1,6;,8;
2026/07/14;0300 UTC;;1025,2;1025,2;1025,2;0;11,5;10,5;11,6;11,4;10,6;10,4;95;95;95;101;1,5;,7;
2026/07/14;0400 UTC;;1024,8;1024,8;1024,7;0;8,6;8,1;8,8;8,4;8,4;7,9;98;98;98;299;1,1;,8;
2026/07/14;0500 UTC;;1025,1;1025,2;1025,1;0;7,8;7,6;7,8;7,6;7,7;7,4;99;99;99;203;1,1;,8;
2026/07/14;0600 UTC;;1025;1025;1025;0;7,1;7;7,1;7;7;6,9;100;100;100;352;,5;,3;
2026/07/14;0700 UTC;;1024,7;1024,7;1024,7;0;6,3;6,3;6,4;6,3;6,3;6,3;100;100;100;358;,8;,4;
2026/07/14;0800 UTC;;1024,4;1024,5;1024,4;0;7,8;7,8;7,8;7,7;7,9;7,7;100;100;100;343;1,6;1,1;
2026/07/14;0900 UTC;;1024,4;1024,5;1024,4;0;7,8;7,9;7,8;7,8;7,9;7,8;100;100;100;339;,8;,5;
2026/07/14;1000 UTC;;1024,4;1024,4;1024,4;0;8,1;8,2;8,2;8,1;8,2;8,1;100;100;100;93;1,7;,9;
2026/07/14;1100 UTC;;1024,9;1024,9;1024,9;263,2;8,9;8,9;8,9;8,9;8,9;8,9;100;100;100;117;2;1,2;
2026/07/14;1200 UTC;;1025,2;1025,3;1025,2;681,4;10,1;10;10,2;10;10,1;9,9;100;99;100;108;2,3;1,5;
2026/07/14;1300 UTC;;1025,8;1025,8;1025,7;675,9;10,8;10,1;11;10,7;10,2;10;97;96;97;161;2,8;1,7;
2026/07/14;1400 UTC;;1024,8;1024,8;1024,8;1956,3;13,5;10,4;13,7;13,2;11,1;10;88;82;84;37;1,8;,8;
2026/07/14;1500 UTC;;1024,4;1024,4;1024,3;2206,2;14,7;11,1;15;14,6;11,6;10,5;83;80;82;219;3,2;2;
2026/07/14;1600 UTC;;1023,5;1023,6;1023,4;2208,9;16,8;11,2;16,9;16,6;11,6;10,9;73;70;72;192;2,2;1,5;
2026/07/14;1700 UTC;;1021,9;1021,9;1021,9;1919,5;18,8;11,8;18,9;18,6;12,2;11,4;67;63;65;189;2,2;1,3;
2026/07/14;1800 UTC;;1020,8;1020,8;1020,7;1588,7;19,9;11,9;20;19,8;12,2;11,7;62;59;60;108;4;1,1;
2026/07/14;1900 UTC;;1020,2;1020,2;1020,2;957,6;20,2;12,1;20,2;20,1;12,4;12;61;59;60;166;3,6;2,4;
2026/07/14;2000 UTC;;1020,4;1020,5;1020,4;247,8;20;12,4;20;19,9;12,7;12,2;63;61;62;133;1,8;1,2;
2026/07/14;2100 UTC;;1020,6;1020,6;1020,5;0;17,6;12,6;17,7;17,6;12,6;12,6;75;75;75;121;3,7;2,1;
2026/07/14;2200 UTC;;1020,9;1020,9;1020,9;0;15,7;12,1;15,8;15,6;12,2;12,1;83;82;82;109;2,6;1,7;
2026/07/14;2300 UTC;;1021,4;1021,4;1021,4;0;14,1;12,1;14,1;14;12,2;12,1;91;90;90;114;1,9;1,2;
2026/07/15;0000 UTC;;1021,8;1021,8;1021,8;0;12,7;11,9;12,8;12,7;12;11,9;96;96;96;120;1,6;1,1;
2026/07/15;0100 UTC;;1021,8;1021,9;1021,7;0;12,3;11,7;12,6;11,7;12;11,2;97;96;97;100;2,2;1,1;
2026/07/15;0200 UTC;;1021,9;1021,9;1021,9;0;11,1;10,9;11,2;11;11,1;10,7;99;99;99;94;2,1;1,1;
2026/07/15;0300 UTC;;1021,4;1021,5;1021,4;0;10,5;10,4;10,5;10,4;10,4;10,3;99;99;99;118;1;,8;
2026/07/15;0400 UTC;;1020,9;1020,9;1020,9;0;9,4;9,3;9,4;9,3;9,3;9,2;100;99;100;110;,9;,5;
2026/07/15;0500 UTC;;1020,7;1020,7;1020,7;0;7,8;7,7;7,8;7,8;7,7;7,7;99;99;99;96;1;,5;
2026/07/15;0600 UTC;;1020,2;1020,2;1020,2;0;7,7;7,6;7,7;7,6;7,6;7,5;100;100;100;81;1,3;1;
2026/07/15;0700 UTC;;1020,2;1020,2;1020,2;0;7,5;7,5;7,6;7,5;7,5;7,5;100;100;100;84;,9;,6;
2026/07/15;0800 UTC;;1020,3;1020,3;1020,3;0;7,2;7,1;7,2;7,1;7,2;7,1;100;100;100;60;1,5;1,1;
2026/07/15;0900 UTC;;1020,9;1020,9;1020,9;0;5,8;5,7;5,9;5,7;5,9;5,6;100;100;100;43;,9;,6;
2026/07/15;1000 UTC;;1021,5;1021,6;1021,5;0;5,8;5,8;5,8;5,8;5,8;5,7;100;100;100;50;1,2;,8;
2026/07/15;1100 UTC;;1021,7;1021,7;1021,7;303,4;7,1;7,1;7,3;6,8;7,2;6,9;100;100;100;70;,8;,6;
2026/07/15;1200 UTC;;1021,9;1021,9;1021,9;654,8;11,5;10,2;11,6;11,4;10,3;10,1;94;93;94;185;1;,6;
2026/07/15;1300 UTC;;1021,8;1021,8;1021,8;1662,2;15,2;10,2;15,3;15,1;10,5;9,8;77;72;75;109;2,4;1,7;
2026/07/15;1400 UTC;;1021,3;1021,3;1021,2;1962,8;18,1;10,1;18,2;18,1;10,4;9,9;61;59;60;106;2,6;1,4;
2026/07/15;1500 UTC;;1020,2;1020,2;1020,1;2304;19,9;10,9;20,1;19,7;11,2;10,6;56;54;55;70;3,7;2;
2026/07/15;1600 UTC;;1019;1019,1;1018,9;2283,6;21,4;12,1;21,6;21,1;12,8;11,6;57;51;54;55;3,9;2,3;
2026/07/15;1700 UTC;;1017,8;1017,9;1017,8;1977,9;22,8;12,3;23;22,8;12,6;11,8;49;45;47;355;3,4;1,6;
2026/07/15;1800 UTC;;1016,7;1016,8;1016,7;1633,2;23,3;12,3;23,3;23,2;12,6;12;47;44;45;29;2,4;1;
2026/07/15;1900 UTC;;1016,2;1016,3;1016,2;909,6;23,8;12,7;24,1;23,7;12,9;12,4;45;43;44;9;1,1;,5;
2026/07/15;2000 UTC;;1016,5;1016,5;1016,5;204,2;21,5;12,5;21,6;21,3;12,5;12,4;56;54;55;122;3;1,8;
2026/07/15;2100 UTC;;1016,7;1016,7;1016,7;0;18,6;11,6;18,8;18,4;11,7;11,5;65;64;65;111;1,7;1;
2026/07/15;2200 UTC;;1017,1;1017,1;1017,1;0;16,9;11,6;17;16,8;11,6;11,6;74;73;74;115;3;1,7;
2026/07/15;2300 UTC;;1017,3;1017,3;1017,3;0;15,5;11,5;15,5;15,4;11,5;11,5;80;80;80;120;2,6;1,6;
2026/07/16;0000 UTC;;1017,4;1017,4;1017,4;0;14,3;11,3;14,4;14,3;11,3;11,2;85;84;85;117;2,2;1,3;
2026/07/16;0100 UTC;;1017,4;1017,4;1017,3;0;13,3;11;14;11,6;11,3;9,9;91;86;88;80;2,4;,5;
2026/07/16;0200 UTC;;1017,3;1017,3;1017,3;0;10,4;9,6;10,5;10,2;9,8;9,4;97;96;96;72;,8;,5;
2026/07/16;0300 UTC;;1017;1017;1017;0;9,2;8,8;9,2;9,2;8,8;8,8;98;98;98;109;1;,5;
2026/07/16;0400 UTC;;1016,7;1016,7;1016,7;0;8,6;8,2;8,8;8,5;8,4;8,1;98;98;98;8;,9;,6;
2026/07/16;0500 UTC;;1016,7;1016,7;1016,7;0;7,7;7,4;7,7;7,7;7,4;7,4;99;98;98;69;,3;,1;
2026/07/16;0600 UTC;;1016,8;1016,8;1016,8;0;7,6;7,4;7,6;7,5;7,4;7,3;99;99;99;46;1,5;1,2;
2026/07/16;0700 UTC;;1017;1017;1017;0;6,8;6,5;6,9;6,8;6,7;6,5;99;99;99;32;1;,7;
2026/07/16;0800 UTC;;1017,2;1017,2;1017,1;0;7,3;7,1;7,3;7,2;7,2;7,1;99;99;99;135;,8;,5;
2026/07/16;0900 UTC;;1017,7;1017,7;1017,6;0;6,4;6,2;6,4;6,4;6,3;6,2;99;99;99;218;,7;,4;
2026/07/16;1000 UTC;;1018;1018;1017,9;0;7;7;7,1;7;7;6,9;100;100;100;67;1;,8;
2026/07/16;1100 UTC;;1017,8;1017,8;1017,7;67,8;7,4;7,3;7,5;7,2;7,4;7,1;100;99;100;167;1,4;,8;
2026/07/16;1200 UTC;;1017,8;1017,8;1017,8;811,3;12,9;10,3;13,1;12,5;10,6;10,1;88;86;87;183;1,1;,3;
2026/07/16;1300 UTC;;1017,9;1017,9;1017,8;1483;16,9;11,9;17,2;16,6;12,1;11,8;78;73;75;293;1,2;,5;
2026/07/16;1400 UTC;;1017,3;1017,4;1017,3;1854,2;21,3;12,5;21,5;21,1;12,7;12,3;57;55;56;52;1,4;,8;
2026/07/16;1500 UTC;;1016,1;1016,2;1016,1;2202,4;25,1;14,5;25,3;24,9;14,8;14,1;48;45;47;5;2;1;
2026/07/16;1600 UTC;;1014,5;1014,5;1014,4;2199;27;15,5;27,1;27;16;15;45;40;42;10;5;2,7;
2026/07/16;1700 UTC;;1013,1;1013,1;1013,1;1885,5;28,4;16,5;28,5;28,4;16,8;16,1;42;39;40;18;4,4;2,1;
2026/07/16;1800 UTC;;1012,1;1012,1;1012,1;1558,6;28,8;17,3;28,9;28,8;17,9;16,9;45;40;42;46;2,8;2,2;
2026/07/16;1900 UTC;;1011,4;1011,5;1011,4;937,4;29;15,4;29;28,9;16;14,4;46;41;44;59;4,4;2,2;
2026/07/16;2000 UTC;;1011,1;1011,4;1011,1;582,4;27;16,8;29,1;27;16,9;15,3;54;44;54;110;4;2,2;
2026/07/16;2100 UTC;;1011;1011,1;1010,9;38,1;23;17;26,9;23;17,1;16,6;69;54;69;97;3,8;,8;
2026/07/16;2200 UTC;;1011;1011;1010,9;0;20,9;16,8;22,9;20,9;17;16,6;77;69;77;130;2,5;1,2;
2026/07/16;2300 UTC;;1011,4;1011,4;1011;0;19,1;16,2;21;19,1;16,9;16,2;84;76;83;123;2,7;1,6;
2026/07/17;0000 UTC;;1011,1;1011,4;1011,1;0;18;15,7;19,2;17,5;16,2;15,5;88;82;86;81;3;,9;
2026/07/17;0100 UTC;;1010,8;1011;1010,8;0;17,5;15,2;17,9;17,3;15,6;15;89;85;86;102;2,5;1,3;
2026/07/17;0200 UTC;;1010,6;1010,7;1010,6;0;16,2;14,5;17,6;16,2;15,2;14,5;91;85;90;55;3;1,5;
2026/07/17;0300 UTC;;1010,5;1010,7;1010,5;0;16,3;14,2;16,3;15,5;14,6;14,2;93;87;87;111;2,6;1,8;
2026/07/17;0400 UTC;;1010,7;1010,8;1010,5;0;14,6;13,7;16,5;14,6;14,3;13,7;94;85;94;90;2,5;,8;
2026/07/17;0500 UTC;;1010,8;1010,9;1010,7;0;13,9;13,2;14,6;13,8;13,7;13;96;94;96;325;2,1;,4;
2026/07/17;0600 UTC;;1010,5;1010,9;1010,5;0;13;12,4;13,6;12,7;12,9;12,1;97;96;96;76;1,6;,6;
2026/07/17;0700 UTC;;1009,8;1010,5;1009,8;0;13,2;12,6;13,3;12,7;12,8;12,1;97;95;97;104;2,2;1,4;
2026/07/17;0800 UTC;;1009,8;1009,9;1009,7;0;12,2;11,6;13,5;12,2;12,8;11,6;97;94;97;259;2;,7;
2026/07/17;0900 UTC;;1010,1;1010,1;1009,7;0;12,4;12;12,4;12;12,1;11,5;98;96;97;24;1,8;,7;
2026/07/17;1000 UTC;;1010,6;1010,6;1010;0;13,4;12,8;13,4;12,4;12,8;12;97;96;96;66;2,1;1,3;
2026/07/17;1100 UTC;;1011,1;1011,1;1010,6;47,3;14,7;13,4;14,7;13,5;13,5;12,8;96;92;92;46;2,2;,9;
2026/07/17;1200 UTC;;1011,1;1011,3;1011,1;428,8;18,8;14,2;18,8;14,8;14,9;13,5;92;74;75;52;1,8;1;
2026/07/17;1300 UTC;0;1011;1011,1;1010,9;1142,2;22,8;15,8;23,5;18,9;16,7;14,2;77;57;64;198;2;1;
2026/07/17;1400 UTC;0;1010,6;1011;1010,6;885,1;25;17;25;22,7;17,2;15,6;66;59;61;158;1,7;1;
2026/07/17;1500 UTC;0;1009,4;1010,6;1009,4;1432;30,6;17,3;30,6;25,1;18,9;16,7;65;45;45;74;1,8;,8;
2026/07/17;1600 UTC;0;1008;1009,4;1008;1813,3;32,5;16,2;32,6;30,5;18,9;15,6;50;36;38;359;7,3;3,3;
2026/07/17;1700 UTC;0;1006,7;1008;1006,7;1690,7;33,7;16,7;33,7;32,5;16,9;15,5;39;34;37;354;8,1;3,9;
2026/07/17;1800 UTC;0;1005,8;1006,7;1005,8;1743,2;33,7;15,7;34;33,7;16,7;15,6;36;34;34;348;10,6;5,6;
2026/07/17;1900 UTC;0;1005,1;1005,8;1005,1;1162;33,3;16,6;33,8;33,3;17,2;15,7;38;34;37;13;9,1;2,9;
2026/07/17;2000 UTC;0;1005;1005,2;1005;454,7;31,5;16,4;33,2;31,5;17,7;15,9;41;37;40;8;7,7;3,4;
2026/07/17;2100 UTC;0;1005;1005,1;1004,9;40,8;28,5;16,6;31,4;28,5;17,1;16,3;49;40;48;13;5,3;1,9;
2026/07/17;2200 UTC;0;1005,1;1005,2;1005;0;27,9;16,6;28,5;27,1;18;16,2;56;48;50;25;4,7;1,8;
2026/07/17;2300 UTC;0;1005,1;1005,2;1005;0;27,4;16,4;28,3;27;16,7;15,8;52;48;51;15;4,9;1,7;
2026/07/18;0000 UTC;0;1005,8;1005,8;1005;0;24,9;16,9;27,8;24,6;17,2;15,8;63;49;61;8;4;1,3;
2026/07/18;0100 UTC;0;1006,6;1006,6;1005,9;0;21,5;17,1;23,3;21,4;17,6;16,5;78;68;76;90;1,5;,7;
2026/07/18;0200 UTC;0;1007,6;1007,6;1006,6;0;20,8;16,9;21,6;20,5;17,3;16,7;81;75;78;16;1,7;,7;
2026/07/18;0300 UTC;0;1007,9;1007,9;1007,6;0;25,3;16,6;25,3;20,2;17,2;16,3;83;59;59;13;4,1;2,3;
2026/07/18;0400 UTC;0;1008,2;1008,2;1008;0;25,5;16,9;26,6;25,5;17,2;16,2;59;55;59;32;4,3;2,2;
2026/07/18;0500 UTC;0;1007,7;1008,1;1007,7;0;26,5;16,6;26,5;25,4;17,1;16,4;60;54;55;9;8;3,9;
2026/07/18;0600 UTC;0;1007;1007,7;1007;0;26,4;16,3;26,6;26,3;16,6;16,3;55;54;54;9;7,9;4,4;
2026/07/18;0700 UTC;0;1006,6;1007;1006,6;0;26,1;16,4;26,6;26,1;16,5;16,3;55;54;55;5;8,1;2,6;
2026/07/18;0800 UTC;0;1006;1006,6;1006;0;25,9;16,4;26,1;25,6;16,5;16,2;57;55;56;0;5,4;2,3;
2026/07/18;0900 UTC;0;1006;1006,1;1005,9;0;26,3;16,5;26,3;25,9;16,5;16,2;56;54;55;2;7,7;3,2;
2026/07/18;1000 UTC;0;1006,4;1006,4;1006;0;26,7;16,4;26,9;26,2;16,5;16,3;55;53;53;351;7,8;3,6;
2026/07/18;1100 UTC;0;1006,7;1006,8;1006,4;91,5;27,1;16,6;27,1;26,6;16,7;16,4;54;52;53;347;9,9;4,4;
2026/07/18;1200 UTC;0;1006,8;1006,8;1006,5;426,5;27,9;16,5;27,9;27,1;16,8;16,3;53;50;50;346;11,2;6;
2026/07/18;1300 UTC;0;1007,2;1007,3;1006,8;1149,9;28,6;16,7;28,8;27,9;17;16,4;50;48;49;345;12,8;6,1;
2026/07/18;1400 UTC;0;1006,9;1007,3;1006,9;1145,1;29,3;17;29,6;28,7;17,2;16,6;49;46;47;348;13;6;
2026/07/18;1500 UTC;0;1006,2;1006,9;1006,1;1504,5;31,1;17,2;31,2;29,2;17,4;16,8;48;42;43;340;13,4;7,6;
2026/07/18;1600 UTC;0;1005;1006,2;1005;1763,6;31,9;17,5;31,9;31,1;17,6;16,9;44;41;42;343;13,5;6,1;
2026/07/18;1700 UTC;0;1004,2;1004,9;1004,2;1439,4;31,6;17,3;32;31,5;17,6;17;43;41;42;339;11,7;6,5;
2026/07/18;1800 UTC;0;1003,4;1004,2;1003,4;1719,5;32,7;17,9;32,7;31,6;18;17,2;42;41;41;335;11,1;5,7;
2026/07/18;1900 UTC;0;1003,5;1003,5;1003;1096,6;32,4;18,2;32,8;32,4;18,2;17,5;43;40;43;335;13,1;4,9;
2026/07/18;2000 UTC;0;1003,9;1003,9;1003,5;403,8;31,5;18,1;32,3;31,5;18,3;17,7;45;43;45;326;8;3,4;
2026/07/18;2100 UTC;0;1004,1;1004,1;1003,7;57,1;30,2;18,3;31,5;30,2;18,5;18;49;45;49;351;6,9;2,7;
2026/07/18;2200 UTC;0;1005,4;1005,4;1004,1;0;25,4;18,8;30,2;25,4;19,3;18,2;68;49;67;296;4,8;,9;
2026/07/18;2300 UTC;0;1005,7;1005,7;1005,4;0;23,6;19,2;25,4;23,6;19,6;18,8;77;67;76;4;2;,9;
2026/07/19;0000 UTC;0;1005,8;1005,8;1005,7;0;29,4;17,3;29,5;23,4;19,3;17,1;78;48;48;353;7,1;3,6;
2026/07/19;0100 UTC;0;1006;1006;1005,7;0;27,9;17,4;29,6;27,9;17,5;17;53;47;53;353;8,2;1,6;
2026/07/19;0200 UTC;0;1006,5;1006,5;1006;0;24,5;18,1;27,9;24,5;18,5;17,4;68;53;67;283;3,4;,7;
2026/07/19;0300 UTC;0;1006,7;1006,7;1006,4;0;27,7;16,7;28;24,8;17,5;16,5;62;50;51;352;6,6;2,9;
2026/07/19;0400 UTC;0;1006,3;1006,7;1006,3;0;26,3;16,6;27,7;26,3;16,9;16,4;55;51;55;4;6;1,3;
2026/07/19;0500 UTC;0;1005,8;1006,4;1005,8;0;25,3;16;26,2;24,3;17,2;15,9;63;55;57;339;3;1,4;
2026/07/19;0600 UTC;0;1005,2;1005,8;1005,2;0;25,9;15,6;26,3;25,4;16,2;15,6;56;52;53;339;5,2;1,7;
2026/07/19;0700 UTC;0;1005,2;1005,4;1004,8;0;22,9;16,2;26,6;22,9;16,9;15,4;68;51;66;92;5,3;1;
2026/07/19;0800 UTC;0;1004,9;1005,2;1004,4;0;22,5;16,2;23,8;21,9;16,6;15,4;70;60;67;203;3,8;1,3;
2026/07/19;0900 UTC;0;1004,8;1005,2;1004,7;0;21,4;16,4;22,8;21,4;16,6;15,2;73;64;73;77;3,3;,5;
2026/07/19;1000 UTC;0;1004,8;1004,8;1004,5;0;20,1;16,6;21,3;19,9;16,6;15,7;80;73;80;196;2,1;1,4;
2026/07/19;1100 UTC;0;1004,4;1004,8;1004,4;65,1;25,7;14,2;25,7;19,9;16,4;13,7;79;49;49;348;7,1;3,3;
2026/07/19;1200 UTC;0;1004,1;1004,4;1004;661,2;28;14,2;28,2;25,7;14,7;13,8;49;42;43;347;9,8;5,1;
2026/07/19;1300 UTC;0;1003,9;1004,2;1003,7;1208,3;29,8;14,9;30,1;28,2;15,4;14,1;43;39;40;341;10,9;4,7;
2026/07/19;1400 UTC;0;1003,9;1004;1003,7;561,1;29,6;14;29,8;29,6;14,6;13,9;40;38;38;338;13,4;6,3;
2026/07/19;1500 UTC;0;1007;1007;1003,8;399,7;24,4;16,6;29,8;24,4;16,6;14;62;38;62;243;12,9;6,8;
2026/07/19;1600 UTC;,4;1006,9;1007,3;1006,8;700,4;22,1;17,9;24,2;20,9;18,2;16,6;84;63;77;255;12,2;3,9;
2026/07/19;1700 UTC;0;1005,8;1006,9;1005,8;683;21,9;17,9;22,7;21,8;18,4;17,6;79;75;78;270;6,2;1,3;
2026/07/19;1800 UTC;0;1005,4;1005,8;1005;660,3;22,9;18;22,9;22;18,7;16,8;81;69;74;319;2,8;,9;
2026/07/19;1900 UTC;0;1007,3;1007,3;1005,3;230,8;21,8;18,3;22,9;21,8;18,4;17,6;81;73;81;233;4;2;
2026/07/19;2000 UTC;,2;1008,5;1008,5;1007,1;39,3;19,6;17;21,7;19,6;18,8;17;89;81;85;196;10,5;4,1;
2026/07/19;2100 UTC;,2;1009,2;1009,5;1008,5;2;19,1;15,1;19,6;19,1;17,2;14,9;86;76;78;173;6,3;2,2;
2026/07/19;2200 UTC;1,4;1010,4;1010,4;1009,1;0;17,7;15,9;19,1;17,7;16,1;15,1;90;78;90;130;6,2;1,3;
2026/07/19;2300 UTC;,8;1010,9;1010,9;1010;0;17,4;16,5;17,6;17,3;16,5;16;95;90;95;96;2,8;,4;
2026/07/20;0000 UTC;0;1010,6;1011,1;1010,6;0;17,6;16,5;17,6;17,3;16,6;16,4;96;93;93;64;2,9;1,9;
2026/07/20;0100 UTC;0;1010,2;1010,7;1009,9;0;17,8;16,5;17,8;17,6;16,7;16,4;94;92;92;51;4,8;3;
2026/07/20;0200 UTC;0;1011,6;1011,9;1010,3;0;17,2;16,7;17,9;17,1;16,7;16,4;97;91;97;199;3,6;,7;
2026/07/20;0300 UTC;,6;1011;1012;1010,7;0;17,4;17;17,4;17,2;17;16,8;98;97;98;134;3,2;1,6;
2026/07/20;0400 UTC;7,6;1012,6;1014;1011,1;0;17,2;17;17,4;17,2;17,1;16,9;99;98;99;64;4,8;3;
2026/07/20;0500 UTC;1,8;1010,4;1012,7;1010,4;0;17,4;17;17,4;17,2;17,1;17;99;98;98;75;6,2;3,6;
2026/07/20;0600 UTC;0;1010,1;1010,9;1010,1;0;17,6;17,1;17,7;17,4;17,2;17;98;96;97;135;5,5;2,4;
2026/07/20;0700 UTC;,6;1010,1;1010,3;1009,9;0;17,8;17,2;17,8;17,5;17,2;17,1;98;96;96;132;4,4;2,5;
2026/07/20;0800 UTC;0;1010,3;1010,5;1009,6;0;17,5;17,1;17,8;17,5;17,2;17;97;96;97;124;6,1;2,1;
2026/07/20;0900 UTC;,4;1009,8;1010,2;1009,8;0;17,8;17,1;17,8;17,5;17,1;17;97;96;96;58;6,2;3,6;
2026/07/20;1000 UTC;0;1009,7;1009,8;1008,5;0;17,9;17;17,9;17,7;17,2;17;96;94;94;58;6,8;3;
2026/07/20;1100 UTC;0;1009,3;1009,8;1009;22,5;17,7;17,1;17,9;17,7;17,1;17;97;95;97;144;3,3;,8;
2026/07/20;1200 UTC;1,2;1011,4;1011,4;1009,3;32;17,5;17,3;17,6;17,5;17,3;17,1;99;97;99;239;2,6;,5;
2026/07/20;1300 UTC;3,6;1012,9;1013;1011,4;27,1;17,7;17,6;17,7;17,5;17,6;17,3;99;99;99;359;2,9;1,3;
2026/07/20;1400 UTC;2,2;1009;1012,8;1008,2;168,1;19,6;18,1;19,6;17,7;18,2;17,6;99;91;91;27;9,7;5,7;
2026/07/20;1500 UTC;7,2;1010,4;1011,3;1008,5;139;19,3;18,8;20,3;19,3;18,9;18,1;97;88;97;310;9,6;1,8;
2026/07/20;1600 UTC;5,2;1008,1;1010,6;1007,9;154,3;19,4;19,2;19,4;19,1;19,3;18,8;99;97;99;91;4,5;1,8;
2026/07/20;1700 UTC;,6;1007;1008,1;1006,9;249,7;19,5;19,1;19,6;19,4;19,3;19,1;99;97;97;68;4,5;2,1;
2026/07/20;1800 UTC;11,5;1007,6;1008,2;1006,6;55,1;19,2;18,9;19,7;19,1;19,2;18,9;99;96;98;78;6;2,7;
2026/07/20;1900 UTC;1,2;1006,9;1007,7;1006,8;84,8;19,2;18,9;19,2;19,1;19;18,9;99;98;98;98;5,7;2;
2026/07/20;2000 UTC;,8;1006,9;1007,1;1006,4;92,2;19;18,8;19,2;18,9;18,9;18,8;99;98;99;96;5,8;1,3;
2026/07/20;2100 UTC;2,6;1007,6;1008,1;1006,8;7,5;19;18,9;19;18,9;18,9;18,8;99;99;99;84;3,3;1,2;
2026/07/20;2200 UTC;0;1007,6;1007,8;1007,3;0;18,8;18,7;19;18,8;18,9;18,7;99;99;99;80;3,6;1,1;
2026/07/20;2300 UTC;,2;1007,7;1007,8;1007,5;0;18,7;18,6;18,8;18,7;18,7;18,6;99;99;99;114;4;2,1;
2026/07/21;0000 UTC;0;1007,9;1008;1007,7;0;18,4;18,3;18,7;18,4;18,6;18,3;99;99;99;114;4;1,9;
2026/07/21;0100 UTC;2,6;1008,3;1009,3;1007,9;0;18,4;18,4;18,4;18,3;18,4;18,2;100;99;100;124;4,1;1;
2026/07/21;0200 UTC;0;1008,5;1008,5;1008,3;0;18,5;18,4;18,6;18,4;18,6;18,3;100;100;100;169;2,8;1,1;
2026/07/21;0300 UTC;0;1008,4;1008,8;1008,3;0;18,6;18,6;18,6;18,5;18,6;18,4;100;100;100;106;1,6;,9;
2026/07/21;0400 UTC;,2;1008,4;1008,4;1007,6;0;18,5;18,5;18,6;18,5;18,6;18,5;100;100;100;78;2,8;,4;
2026/07/21;0500 UTC;0;1008,3;1008,5;1008;0;18,3;18,3;18,3;18,1;18,3;18,1;100;100;100;198;3,1;2;
2026/07/21;0600 UTC;0;1008,6;1008,7;1007,8;0;18,2;18,2;18,4;18,2;18,4;18,2;100;100;100;57;2,9;,7;
2026/07/21;0700 UTC;0;1008,2;1008,7;1008,2;0;18,5;18,5;18,6;18,2;18,6;18,2;100;100;100;163;2,6;,9;
2026/07/21;0800 UTC;0;1007,6;1008,4;1007,6;0;18,4;18,4;18,5;18,3;18,5;18,3;100;100;100;98;1,4;,6;
2026/07/21;0900 UTC;0;1007,7;1007,8;1007,5;0;18,2;18,2;18,4;18,1;18,4;18,1;100;100;100;165;1,9;,7;
2026/07/21;1000 UTC;,6;1007,8;1008;1007,5;0;18,2;18,2;18,3;18,1;18,3;18,1;100;100;100;254;1,4;,8;
2026/07/21;1100 UTC;,2;1008,1;1008,1;1007,7;1;18,4;18,4;18,4;18,2;18,4;18,2;100;100;100;189;1,7;1;
2026/07/21;1200 UTC;4,8;1009,5;1009,8;1008,2;2,6;20,1;20,1;20,1;18,5;20,1;18,5;100;100;100;344;10,3;3;
2026/07/21;1300 UTC;3,4;1010;1010,4;1008,9;22,8;20,2;20,1;20,2;20;20,1;19,9;100;99;99;329;5,1;1,2;
2026/07/21;1400 UTC;3;1010,5;1010,5;1009,7;41,8;20,4;20,2;20,6;20,1;20,2;20;99;97;98;321;7,5;1,1;
2026/07/21;1500 UTC;3;1010,2;1010,8;1010,2;56,6;20,3;20,1;20,4;20,3;20,2;20,1;99;98;99;322;4,8;2,1;
2026/07/21;1600 UTC;2,6;1008,4;1010,2;1008,4;151,1;20,2;20,1;20,4;20,2;20,3;20;100;99;100;311;4;1,1;
2026/07/21;1700 UTC;2;1008,3;1008,8;1007,8;75;20,1;20,1;20,2;20,1;20,1;20,1;100;100;100;347;2,5;,5;
2026/07/21;1800 UTC;2,8;1007,1;1008,2;1006,2;46,9;20;20;20,1;20;20,1;20;100;100;100;163;3,7;1,3;
2026/07/21;1900 UTC;2,4;1008,5;1008,5;1006,9;50;19,9;19,9;20;19,9;20;19,9;100;100;100;248;2,2;1,2;
2026/07/21;2000 UTC;3,2;1009,7;1009,7;1008,4;11,7;20;20;20;19,9;20;19,9;100;100;100;200;3,2;,6;
2026/07/21;2100 UTC;5,6;1005,4;1010,5;1005,4;1,2;19,7;19,7;20;19,7;20;19,7;100;100;100;59;12,2;8,2;
2026/07/21;2200 UTC;,6;1006,4;1006,7;1004,9;,9;18,8;18,2;19,7;18,8;19,7;18,1;100;93;96;221;12,2;2,2;
2026/07/21;2300 UTC;,2;1006,8;1007,6;1006,5;0;18,5;18,3;19;18,5;18,4;18,2;99;96;99;298;3,3;1,1;
2026/07/22;0000 UTC;0;1007,1;1007,6;1006,5;0;18,4;18,4;18,5;18,3;18,4;18,1;100;99;100;205;2,7;1,2;
2026/07/22;0100 UTC;0;1007,9;1008,3;1006,5;0;18,7;18,7;18,8;18,4;18,7;18,3;100;100;100;232;5,3;1,7;
2026/07/22;0200 UTC;0;1009,5;1009,7;1008;0;18,3;18,2;18,8;18,3;18,7;18,2;100;99;99;222;3,9;,9;
2026/07/22;0300 UTC;0;1009,6;1009,6;1008,8;0;17,7;17,5;18,3;17,7;18,2;17,5;99;98;99;218;3,6;1,6;
2026/07/22;0400 UTC;0;1010,1;1010,7;1009,5;0;16,8;16,4;17,7;16,8;17,6;16,4;99;97;97;186;4,4;2,3;
2026/07/22;0500 UTC;,2;1009,7;1010;1009,6;0;16,5;16,3;16,8;16,5;16,4;16,1;98;97;98;194;4;,8;
2026/07/22;0600 UTC;,6;1010,5;1010,6;1009,8;0;16,3;16,2;16,5;16,3;16,3;16,2;99;98;99;112;2,5;1,2;
2026/07/22;0700 UTC;,6;1010,3;1010,6;1010,3;0;16,2;16,1;16,3;16,2;16,2;16,1;100;99;100;124;3,2;1,3;
2026/07/22;0800 UTC;,4;1010,3;1010,5;1010,2;0;16;16;16,2;16;16,1;16;100;100;100;93;2,3;,7;
2026/07/22;0900 UTC;,6;1010,6;1010,7;1010,3;0;16;16;16,1;16;16,1;16;100;100;100;71;1,8;,3;
2026/07/22;1000 UTC;0;1011,4;1011,5;1010,7;0;16,1;16,1;16,1;16;16,1;16;100;100;100;357;,9;,6;
2026/07/22;1100 UTC;0;1011,9;1011,9;1011,4;22,2;16,3;16,3;16,3;16,1;16,3;16,1;100;100;100;356;1,2;,7;
2026/07/22;1200 UTC;0;1013,2;1013,2;1011,9;97,9;16,4;16,4;16,4;16,2;16,4;16,2;100;100;100;347;2,2;1;
2026/07/22;1300 UTC;,2;1013,2;1013,6;1013;161;16,7;16,7;16,7;16,4;16,7;16,4;100;100;100;160;1,5;,8;
2026/07/22;1400 UTC;0;1013,3;1013,7;1013,2;141,6;16,8;16,8;16,8;16,6;16,8;16,6;100;100;100;186;1,3;,8;
2026/07/22;1500 UTC;,4;1013,3;1013,3;1013;272,8;16,9;16,8;17,1;16,8;17;16,8;100;99;99;141;2,3;,8;
2026/07/22;1600 UTC;,2;1012,1;1013,3;1012;399,1;17,3;17,2;17,4;16,9;17,2;16,8;99;99;99;136;2,6;1,2;
2026/07/22;1700 UTC;0;1011,5;1012;1011,2;302,7;17,4;17;17,5;17,3;17,3;17;99;98;98;144;2,6;1;
2026/07/22;1800 UTC;,6;1011;1011,5;1011;284,9;17,4;17;17,7;17,3;17,4;16,9;98;97;97;164;2,6;1,7;
2026/07/22;1900 UTC;,2;1011;1011,1;1010,7;256,3;17,5;17,3;17,6;17,4;17,4;17;99;97;98;174;2,8;1,6;
2026/07/22;2000 UTC;2;1011,5;1012;1011,1;52,7;17,2;17,1;17,5;17,2;17,3;17,1;99;98;99;180;4,8;2;
2026/07/22;2100 UTC;1;1012,2;1012,5;1011,1;14,5;17;16,6;17,2;17;17;16,6;99;98;98;160;5,9;1,6;
2026/07/22;2200 UTC;,8;1012,8;1012,9;1012,1;0;16,6;16,1;17;16,6;16,7;16,1;98;97;97;176;4,9;2,4;
2026/07/22;2300 UTC;,6;1013,5;1013,5;1012,8;0;16,3;16,1;16,6;16,3;16,1;16;99;96;99;166;5,2;2,8;
2026/07/23;0000 UTC;1,6;1014,5;1014,5;1013,5;0;16,2;16,1;16,3;16,2;16,2;16,1;99;99;99;213;4,7;1,9;
2026/07/23;0100 UTC;2,4;1014,7;1014,7;1014,4;,1;15,8;15,6;16,1;15,8;16;15,6;100;98;98;190;5,5;2,5;
2026/07/23;0200 UTC;1,4;1015,4;1015,4;1014,7;0;16;15,3;16;15,8;15,6;15,3;98;96;96;187;6,5;3,6;
2026/07/23;0300 UTC;3,6;1016,7;1016,7;1015,5;,1;15,6;15;16;15,6;15,4;15;97;95;96;197;7,9;4;
2026/07/23;0400 UTC;4,4;1017,6;1017,7;1016,6;,4;15,2;14,3;15,7;15,2;15;14,3;96;94;95;179;10,4;4,9;
2026/07/23;0500 UTC;1,2;1017,8;1017,8;1017,5;,1;15;13,9;15,2;14,9;14,4;13,9;95;93;94;164;10;3,7;
2026/07/23;0600 UTC;,4;1017,8;1017,9;1017,7;0;14,3;13,4;14,7;14,3;13,4;13,2;94;92;94;120;8,4;2,4;
2026/07/23;0700 UTC;,2;1018,2;1018,2;1017,8;0;13,9;13,4;14,3;13,9;13,5;13,3;97;95;97;84;5,4;,7;
2026/07/23;0800 UTC;0;1018,8;1018,8;1018,3;0;13,6;13,5;13,9;13,6;13,5;13,3;99;97;99;271;2,1;1,1;
2026/07/23;0900 UTC;,2;1019,3;1019,3;1018,8;0;13,9;13,9;13,9;13,6;13,9;13,5;100;99;100;270;2,1;1,2;
2026/07/23;1000 UTC;,4;1020,2;1020,2;1019,3;0;14;14;14,1;13,9;14,1;13,9;100;100;100;224;3,3;1,6;
2026/07/23;1100 UTC;,2;1020,8;1020,8;1020,2;25,1;14,1;14,1;14,1;13,9;14,1;13,9;100;100;100;304;3;,5;
2026/07/23;1200 UTC;,2;1021,3;1021,3;1020,8;120,1;14,7;14,7;14,7;14,1;14,7;14,1;100;100;100;290;2,1;,6;
2026/07/23;1300 UTC;,2;1021,5;1021,6;1021,3;458;15,3;15,1;15,3;14,7;15,1;14,7;100;99;99;176;2;1,2;
2026/07/23;1400 UTC;0;1021,5;1021,6;1021,4;642,3;16,4;14,4;16,4;15,3;15,6;14,2;99;87;87;153;5,4;3,1;
2026/07/23;1500 UTC;0;1020,8;1021,5;1020,8;1130,3;16,8;15,3;17,8;16,5;15,4;14,5;91;83;91;146;6,7;3,8;
2026/07/23;1600 UTC;0;1020,2;1020,8;1020,2;1626,7;17,6;14,4;18,5;16,6;15,5;14,4;91;79;82;133;8,2;3,8;
2026/07/23;1700 UTC;0;1019,7;1020,2;1019,7;522,4;17,1;15,6;17,7;17,1;15,6;14,2;91;81;91;83;5,5;1,7;
2026/07/23;1800 UTC;,6;1019,7;1019,8;1019,6;737,1;17,2;15,2;17,3;16,2;15,8;14,9;94;87;88;163;6,5;1,8;
2026/07/23;1900 UTC;0;1020;1020;1019,7;388,3;17,4;15;17,8;17,2;15,8;14,3;90;80;86;154;5,8;2,1;
2026/07/23;2000 UTC;0;1020,6;1020,6;1020;275,2;17,1;14,5;17,7;17,1;15;14,3;86;80;85;157;6,7;3,7;
2026/07/23;2100 UTC;0;1020,7;1020,7;1020,4;45,1;16,1;14,1;17,1;16,1;14,6;14,1;88;83;88;150;7,2;2,8;
2026/07/23;2200 UTC;0;1020,9;1021;1020,7;0;15,4;13,8;16,1;15,4;14,2;13,8;90;88;90;130;4,8;2,4;
2026/07/23;2300 UTC;0;1021,1;1021,2;1020,9;0;14,8;13,8;15,4;14,8;13,9;13,8;94;90;94;124;4,3;1,9;
2026/07/24;0000 UTC;0;1021,4;1021,4;1021,1;0;14,5;13,6;14,7;14,5;13,9;13,6;95;94;94;123;3,5;2,1;
2026/07/24;0100 UTC;0;1022;1022;1021,5;0;13,8;13,2;14,5;13,8;13,6;13,2;96;94;96;86;3,2;,7;
2026/07/24;0200 UTC;0;1022,1;1022,2;1021,9;0;14,1;13,7;14,1;13,8;13,8;13,3;98;96;98;134;2,6;1,4;
2026/07/24;0300 UTC;0;1022;1022,2;1022;0;13,8;13,7;14,2;13,7;13,8;13,3;99;97;99;111;2;1,4;
2026/07/24;0400 UTC;0;1021,6;1022;1021,3;0;14;13,8;14,1;13,9;14;13,7;99;99;99;128;3,2;1,2;
2026/07/24;0500 UTC;0;1020,7;1021,5;1020,7;0;14,1;13,8;14,1;13,9;13,8;13,7;99;98;98;126;3,4;1,9;
2026/07/24;0600 UTC;0;1020;1020,4;1020;0;13,8;13,6;13,9;13,7;13,7;13,5;99;98;98;134;3,2;1,8;
2026/07/24;0700 UTC;0;1019,9;1020,3;1019,9;0;13,3;13,2;13,9;13,1;13,7;12,8;99;98;99;107;4;1,5;
2026/07/24;0800 UTC;0;1019,8;1020;1019,7;0;12,7;12,5;13,5;12,6;13,3;12,4;99;99;99;28;3,1;,5;
2026/07/24;0900 UTC;0;1019,7;1019,8;1019,6;0;13,2;13,2;13,2;12,2;13,2;12,1;100;99;100;125;2,8;1,9;
2026/07/24;1000 UTC;0;1019,7;1019,8;1019,5;0;13,5;13,3;13,6;13,2;13,6;13,2;100;98;98;113;3,7;1,7;
2026/07/24;1100 UTC;0;1020,7;1020,7;1019,7;56,5;12,6;12,4;13,5;12,6;13,3;12,4;99;98;98;342;3,5;,3;
2026/07/24;1200 UTC;0;1020,9;1020,9;1020,6;315,2;14,8;14,3;14,8;12,6;14,5;12,4;100;97;97;96;3;1,3;
2026/07/24;1300 UTC;0;1020,8;1021;1020,8;879,1;16,5;14,8;16,5;14,8;14,9;14,1;97;89;90;83;4,8;2,1;
2026/07/24;1400 UTC;0;1020,6;1020,8;1020,5;1659,8;18,7;14,6;18,7;16,5;15,4;13,9;92;74;77;122;5,2;2,5;
2026/07/24;1500 UTC;0;1019,7;1020,6;1019,7;1903,3;20,2;14,4;20,2;18,8;15,2;13,4;78;66;70;120;5,7;2,8;
2026/07/24;1600 UTC;0;1019,2;1019,8;1019,2;1291,8;19,9;13,9;20,7;19,8;14,7;13,6;71;65;68;147;4,8;2,6;
2026/07/24;1700 UTC;0;1017,8;1019,2;1017,8;1620,3;21,1;14,7;21,3;19,8;14,7;13;70;60;67;136;5,2;2,5;
2026/07/24;1800 UTC;0;1017,7;1017,8;1017,5;1042,7;21,1;13,8;21,8;20,9;14,9;13,1;66;59;63;122;5,5;2;
2026/07/24;1900 UTC;0;1017,4;1017,7;1017,4;579,1;20,6;14,8;21,1;20,6;14,8;13,6;70;62;70;123;4,8;3;
2026/07/24;2000 UTC;0;1017,6;1017,6;1017,2;239,6;19,6;15,2;20,6;19,6;15,3;14,7;76;69;76;126;5,1;2,4;
2026/07/24;2100 UTC;0;1018;1018,2;1017,6;33,5;18,6;15,1;19,6;18,6;15,2;15;80;75;80;129;4,5;2,4;
2026/07/24;2200 UTC;0;1018,6;1018,6;1017,8;0;18,1;15,1;18,6;18,1;15,2;15;83;80;83;128;4,3;2,2;
2026/07/24;2300 UTC;0;1018,9;1019,2;1018,6;0;17,5;15,1;18,1;17,5;15,1;15;86;83;86;110;3,7;2,2;
2026/07/25;0000 UTC;0;1018,5;1019,3;1018,3;0;17;15,2;17,5;17;15,2;15;89;86;89;112;4,3;1,9;
2026/07/25;0100 UTC;0;1018,8;1019;1018,3;0;16,6;15,2;17;16,6;15,3;15,1;92;89;92;64;4,5;1,1;
2026/07/25;0200 UTC;0;1018,9;1019;1018,8;0;16,7;15,3;16,7;16,3;15,4;15,1;93;91;91;140;2,9;1,5;
2026/07/25;0300 UTC;0;1018,5;1018,8;1018,5;0;15,7;14,9;16,7;15,7;15,4;14,9;95;91;95;82;3,4;,4;
2026/07/25;0400 UTC;0;1018,8;1018,8;1018,4;0;15;14,7;15,7;14,7;14,9;14,3;98;95;98;102;1,9;1;
2026/07/25;0500 UTC;0;1019,1;1019,1;1018,9;0;14,1;13,8;15;14,1;14,7;13,8;99;98;98;25;1,4;1;
2026/07/25;0600 UTC;0;1018,6;1019;1018,4;0;12,5;12,4;13,5;12,5;13,3;12,4;99;99;99;321;1,6;,9;
2026/07/25;0700 UTC;0;1018,6;1018,6;1018,3;0;11,8;11,7;12,4;11,8;12,3;11,7;100;99;100;341;1,5;,9;
2026/07/25;0800 UTC;0;1018,3;1018,7;1018,3;0;11,2;11,2;11,8;11,2;11,7;11,2;100;100;100;61;1,7;1,4;
2026/07/25;0900 UTC;0;1018,4;1018,4;1017,9;0;11,4;11,4;11,7;11,2;11,7;11,2;100;100;100;99;1,8;,3;
2026/07/25;1000 UTC;0;1019,7;1019,7;1018,4;0;11,6;11,6;11,6;11,3;11,6;11,3;100;100;100;284;,9;,2;
2026/07/25;1100 UTC;0;1020,3;1020,3;1019,7;49,5;12,8;12,8;12,8;11,6;12,8;11,6;100;100;100;308;1,3;,7;
2026/07/25;1200 UTC;0;1020,6;1020,6;1020,4;313,1;14;14;14;12,8;14;12,8;100;100;100;281;2,5;1;
2026/07/25;1300 UTC;0;1020,8;1020,8;1020,4;566,5;14,5;14,5;14,5;14;14,5;14;100;100;100;205;1,6;,6;
2026/07/25;1400 UTC;0;1020,3;1020,8;1020,3;1038,9;15,1;15,1;15,3;14,4;15,3;14,4;100;100;100;192;1,6;,6;
2026/07/25;1500 UTC;0;1020;1020,3;1019,6;2062,8;19;14,9;19;15,3;16,4;14,8;100;77;77;206;2,5;1,7;
2026/07/25;1600 UTC;0;1019,2;1020;1019,2;2367,5;21,1;15;21,2;19;15,8;14,4;78;67;68;174;2,6;1,6;
2026/07/25;1700 UTC;0;1018,1;1019,1;1018,1;2128,1;23,3;15,2;23,5;21,1;16,5;14,5;71;60;60;320;2,8;,9;
2026/07/25;1800 UTC;0;1017,8;1018,1;1017,8;1857,1;23,1;14,9;23,3;22,5;16,1;14,4;64;58;60;165;4,4;2,3;
2026/07/25;1900 UTC;0;1017,8;1017,9;1017,6;1312,4;23;15,4;23,4;22,9;16,4;14,7;66;59;63;130;5,9;3,1;
2026/07/25;2000 UTC;0;1018,2;1018,3;1017,8;720,6;21,5;17;23,2;21,5;17,4;15,4;76;62;76;114;6,1;3;
2026/07/25;2100 UTC;0;1018,5;1018,5;1018,2;57,1;19,7;16,4;21,5;19,7;17,2;16,3;81;76;81;115;5,3;2,9;
2026/07/25;2200 UTC;0;1018,9;1019,1;1018,5;0;17,7;16;19,7;17,7;16,4;16;90;81;90;112;6;2,3;
2026/07/25;2300 UTC;0;1019,4;1019,4;1018,9;0;16,6;15,6;17,7;16,6;16,1;15,6;94;90;94;116;4,6;2,4;
2026/07/26;0000 UTC;0;1019,1;1019,4;1019;0;15,8;15,2;16,6;15,8;15,6;15,2;96;94;96;110;4,4;1,6;
2026/07/26;0100 UTC;0;1018,6;1019,1;1018,6;0;15,5;15;15,7;15,4;15,2;15;97;97;97;122;4,4;2,2;
2026/07/26;0200 UTC;0;1018,3;1018,7;1018,3;0;15,4;15;15,6;15,4;15,2;15;98;97;98;125;4,5;2;
2026/07/26;0300 UTC;0;1018,6;1018,8;1018,3;0;15;14,8;15,4;15;15,1;14,7;98;98;98;93;3;,9;
2026/07/26;0400 UTC;0;1017,9;1018,6;1017,9;0;14,5;14,4;15;14,3;14,8;14,1;99;98;99;105;2,1;1,2;
2026/07/26;0500 UTC;0;1017,7;1017,9;1017,7;0;14,2;14,1;14,6;14,2;14,5;14,1;99;99;99;83;1,9;,2;
2026/07/26;0600 UTC;0;1017,3;1017,6;1017,2;0;13,4;13,3;13,9;13,4;13,9;13,3;100;99;100;323;1,8;1;
2026/07/26;0700 UTC;0;1017;1017,3;1017;0;13,7;13,7;13,8;13,3;13,8;13,3;100;100;100;305;1,7;,6;
2026/07/26;0800 UTC;0;1016,8;1017;1016,7;0;13,9;13,9;13,9;13,7;13,9;13,7;100;100;100;359;1,4;,7;
2026/07/26;0900 UTC;0;1016,9;1016,9;1016,7;0;13,4;13,4;14;13,4;14;13,4;100;100;100;10;1,2;,6;
2026/07/26;1000 UTC;0;1017,1;1017,1;1016,9;0;13,1;13,1;13,7;13,1;13,7;13,1;100;100;100;25;1,3;,6;
2026/07/26;1100 UTC;0;1017,9;1017,9;1017,2;73;13,4;13,4;13,4;12,9;13,4;12,9;100;100;100;293;1,3;,7;
2026/07/26;1200 UTC;0;1018;1018,1;1017,9;449,4;15,7;15,6;15,7;13,5;15,6;13,5;100;99;99;288;1,2;,8;
2026/07/26;1300 UTC;0;1017,8;1018;1017,6;1105;18,6;16,6;19,1;15,7;16,9;15,6;99;84;88;240;2,1;,8;
2026/07/26;1400 UTC;1,2;1017,9;1017,9;1017,7;316,7;17,7;16,9;18,4;17,5;17,2;16;97;88;96;250;2,4;1,1;
2026/07/26;1500 UTC;0;1017,1;1017,9;1017,1;355,5;18,1;17,2;18,1;17,7;17,4;16,9;97;94;94;285;2;,5;
2026/07/26;1600 UTC;0;1015,7;1017,1;1015,7;1009,2;19,2;17,6;20,1;18,2;18,4;17,1;94;87;91;214;2;1;
2026/07/26;1700 UTC;0;1015,2;1015,7;1015,2;597,9;20,4;18,5;20,4;19,2;18,6;17,8;92;87;89;230;2,1;1;
2026/07/26;1800 UTC;0;1014,9;1015,2;1014,9;358,4;20;18,4;20,6;20;18,7;18;90;86;90;280;1,9;,6;
2026/07/26;1900 UTC;0;1015,1;1015,1;1014,8;158,2;20,1;18,2;20,4;20;18,5;17,9;91;86;89;249;1,6;,5;
2026/07/26;2000 UTC;0;1015,1;1015,1;1014,8;164,4;20,3;17,9;20,4;19,8;18,5;17,8;91;85;86;77;3,2;1,2;
2026/07/26;2100 UTC;0;1015,3;1015,5;1015,2;37,1;18,7;17,1;20,2;18,7;17,9;17;91;86;91;131;4,4;1,7;
2026/07/26;2200 UTC;0;1015,5;1015,9;1015,3;0;18,2;16,6;18,7;18,2;17,1;16,4;91;89;90;137;3,3;1,4;
2026/07/26;2300 UTC;0;1015,9;1016;1015,5;0;17,8;16,8;18,2;17,8;16,9;16,6;94;90;94;115;3,3;1,8;
2026/07/27;0000 UTC;0;1015,6;1015,9;1015,5;0;17,5;16,7;17,9;17,5;16,8;16,7;95;93;95;66;2,8;1,4;
2026/07/27;0100 UTC;0;1015,7;1015,9;1015,6;0;17,2;16,7;17,5;17;16,8;16,5;98;95;97;147;2,2;1,4;
2026/07/27;0200 UTC;0;1015,9;1016,2;1015,7;0;17,1;16,7;17,4;17,1;16,9;16,7;97;97;97;103;2,3;1;
2026/07/27;0300 UTC;0;1015,8;1016,1;1015,8;0;16,7;16,6;17,1;16,5;16,6;16,2;99;97;99;92;2,3;,6;
2026/07/27;0400 UTC;0;1015,6;1015,7;1015,4;0;16,5;16,4;16,7;16,4;16,6;16,2;99;99;99;253;1,5;,2;
2026/07/27;0500 UTC;0;1015,3;1015,6;1015,3;0;16,3;16,2;16,5;16,3;16,3;16,2;99;99;99;176;1,6;1;
2026/07/27;0600 UTC;0;1014,7;1015,2;1014,5;0;15,4;15,4;16;15,2;16;15,1;100;99;100;67;1,7;,9;
2026/07/27;0700 UTC;0;1014,9;1015,1;1014,6;0;15,4;15,4;15,7;14,5;15,7;14,4;100;100;100;87;1,6;,6;
2026/07/27;0800 UTC;0;1014,7;1014,9;1014,5;0;16,5;16,5;16,5;15,5;16,5;15,5;100;100;100;116;4;1,7;
2026/07/27;0900 UTC;0;1014,7;1014,9;1014,5;0;16,4;16,4;16,5;16,4;16,5;16,4;100;100;100;98;3,1;1,5;
2026/07/27;1000 UTC;0;1015,3;1015,6;1014,5;0;16,2;16,2;16,4;16,2;16,4;16,2;100;100;100;103;3,9;1,7;
2026/07/27;1100 UTC;0;1015,9;1015,9;1015,1;20,4;16,2;16,2;16,2;16,2;16,2;16,2;100;100;100;140;3,8;1,7;
2026/07/27;1200 UTC;0;1016,1;1016,1;1015,8;204,3;16,4;16,4;16,4;16,2;16,4;16,2;100;100;100;100;3,8;2,1;
2026/07/27;1300 UTC;0;1015,8;1016,2;1015,8;302,9;16,9;16,8;16,9;16,4;16,8;16,4;100;99;99;95;4,3;1,7;
2026/07/27;1400 UTC;0;1015,6;1015,9;1015,5;482,3;17,5;16,9;17,5;16,8;16,9;16,7;99;96;97;106;3,8;1,9;
2026/07/27;1500 UTC;0;1014,2;1015,6;1014,2;630;18,2;17,1;18,2;17,3;17,2;16,8;97;93;93;126;4,9;2,3;
2026/07/27;1600 UTC;0;1013,1;1014,2;1013;906,7;19,1;17,5;19,2;18,2;17,6;16,9;93;89;90;93;5;2,3;
2026/07/27;1700 UTC;0;1011,2;1013,1;1011,1;862,7;19,3;17,6;19,4;19;17,7;17,3;91;88;90;117;5,3;3;
2026/07/27;1800 UTC;0;1011;1011,6;1011;494,5;19,4;17,9;19,4;19,2;17,9;17,5;92;90;91;127;4,7;1,6;
2026/07/27;1900 UTC;0;1010,4;1011;1010,3;207,9;19,4;18,1;19,6;19,4;18,1;17,8;92;90;92;112;3,6;2;
2026/07/27;2000 UTC;0;1009,4;1010,6;1009,4;34,1;19,3;18,3;19,4;19,3;18,3;18,1;94;92;94;111;3,9;1,8;
2026/07/27;2100 UTC;22,1;1012,5;1013,8;1008,9;2,2;18,5;18,2;19,4;18,3;18,7;18,1;99;94;98;219;22,5;6,4;
2026/07/27;2200 UTC;2;1012,2;1013;1012;0;18,1;18;18,5;18,1;18,2;17,9;99;96;99;131;9,3;1,7;
2026/07/27;2300 UTC;1;1013,2;1013,3;1010,1;0;18,1;17,9;18,3;18,1;18;17,9;99;98;99;31;5,2;,9;
2026/07/28;0000 UTC;0;1012,9;1013,3;1012,7;0;18;17,9;18,1;17,9;18;17,8;99;99;99;183;3,2;1,4;
2026/07/28;0100 UTC;0;1012,3;1012,6;1012,1;0;17,5;17,4;18;17,5;17,9;17,4;100;99;100;67;1,7;,8;
2026/07/28;0200 UTC;0;1010,5;1012,2;1010,5;0;17,3;17,3;17,6;17;17,6;16,9;100;100;100;47;3,3;1,8;
2026/07/28;0300 UTC;0;1009,6;1010,5;1009,6;0;16,9;16,8;17,5;16,9;17,4;16,8;100;99;99;176;3,1;,7;
2026/07/28;0400 UTC;0;1008,3;1009,5;1008,3;0;16,5;16,5;17,2;16,5;17,2;16,5;100;100;100;103;2,1;,9;
2026/07/28;0500 UTC;0;1007,5;1008,6;1007,5;0;17,2;17,2;17,3;16,5;17,3;16,5;100;100;100;147;3,4;1,1;
2026/07/28;0600 UTC;,2;1006,9;1007,6;1006,5;0;17,3;17,3;17,3;17,2;17,3;17,2;100;100;100;78;3,2;1;
2026/07/28;0700 UTC;3;1009,9;1011,3;1007;,1;18,5;18,1;19,2;17,3;18,4;17,3;100;93;97;183;12,3;3,4;
2026/07/28;0800 UTC;4,6;1009,6;1010,6;1009;,2;18;17,8;18,5;18;18,1;17,8;99;97;99;111;6,2;3,9;
2026/07/28;0900 UTC;3,4;1011,1;1011,7;1009,1;0;17,9;17,8;18;17,9;17,9;17,8;99;99;99;95;5,8;1,3;
2026/07/28;1000 UTC;3,8;1010,5;1011,8;1010,5;0;18;17,9;18;17,9;17,9;17,8;100;99;99;43;5,6;3,6;
2026/07/28;1100 UTC;2,2;1010,9;1011,3;1010,5;7,5;18;17,9;18,1;18;18;17,9;100;99;100;43;5;1,5;
2026/07/28;1200 UTC;,4;1011,1;1011,3;1010,5;90,4;18,2;18,2;18,2;18;18,2;17,9;100;100;100;207;2,4;,9;
2026/07/28;1300 UTC;,8;1010,9;1012,7;1010,8;48,6;18,2;18,2;18,2;18;18,2;18;100;100;100;74;7,1;3,9;
2026/07/28;1400 UTC;,4;1012,1;1012,4;1010,7;117,3;19,5;19;19,5;18,3;19;18,3;100;97;97;336;5,5;2,6;
2026/07/28;1500 UTC;,2;1012,1;1012,6;1011,8;57,8;19,7;19;19,7;19,5;19,1;18,9;98;95;96;340;8,9;3,2;
2026/07/28;1600 UTC;2,4;1008,8;1013,1;1008,4;118;19,3;18,6;19,7;19,3;19;18,6;97;95;96;26;9,5;5,4;
2026/07/28;1700 UTC;0;1008,3;1009,9;1007,9;257,9;20,3;18,2;20,3;19,3;18,6;18,2;96;88;88;8;11,1;3,5;
2026/07/28;1800 UTC;0;1009,5;1010,7;1008,5;195,6;19,8;18,1;20,3;19,7;18,5;18,1;91;88;90;296;6,3;2;
2026/07/28;1900 UTC;0;1010,5;1010,7;1008,9;75,1;19,6;17,9;19,8;19,3;18,3;17,9;94;89;90;299;4;2;
2026/07/28;2000 UTC;,2;1011,3;1012,1;1009,7;90,3;19,4;17,9;19,9;19,4;18,1;17,9;91;88;91;313;10,1;4,5;
2026/07/28;2100 UTC;0;1011,7;1011,7;1009,4;22,3;19,2;18;19,8;19;18,2;17,4;94;86;93;244;9,2;3,1;
2026/07/28;2200 UTC;0;1011,4;1011,7;1010,5;0;18,5;18;19,2;18,4;18;17,9;97;93;97;205;4,9;2;
2026/07/28;2300 UTC;0;1011,1;1011,4;1010,8;0;18,1;17,8;18,7;18,1;18,1;17,8;98;96;98;207;4,9;1,5;
2026/07/29;0000 UTC;,2;1011,2;1011,2;1010,2;0;18;17,9;18,3;17,9;18,1;17,6;99;98;99;51;3,6;1,3;
2026/07/29;0100 UTC;,2;1010,7;1010,9;1010,1;0;17,8;17,7;18;17,5;17,9;17,4;100;99;99;122;2,5;1,1;
2026/07/29;0200 UTC;1,2;1012;1012;1009,4;0;18,1;17,9;18,1;17,7;18;17,6;100;99;99;348;9,1;2,6;
2026/07/29;0300 UTC;3,2;1010,9;1012,8;1010,7;0;17,9;17,8;18,1;17,9;17,9;17,8;100;99;100;136;3,6;2;
2026/07/29;0400 UTC;6,2;1013,4;1013,4;1010,9;1,2;17,3;17;18,1;17,3;18;17;100;98;98;225;10,8;4,9;
2026/07/29;0500 UTC;6;1014,3;1014,4;1013,4;2,2;16,4;14,9;17,3;16,4;17;14,9;98;91;91;211;14,4;6,3;
2026/07/29;0600 UTC;4,6;1014,6;1015,3;1014,3;,2;15,6;14,7;16,4;15,6;15;14,6;95;91;94;192;11;3,2;
2026/07/29;0700 UTC;2;1014,2;1014,5;1013,8;0;15,3;14,7;15,7;15,3;14,8;14,6;96;94;96;112;7,8;1,1;
2026/07/29;0800 UTC;,4;1007,4;1013,9;1007,4;0;15,2;14,4;15,4;15,2;14,8;14,4;97;95;95;57;13,8;8,5;
2026/07/29;0900 UTC;0;1011,8;1011,8;1006,3;0;15,7;14,2;15,9;15,2;14,4;13,9;95;88;91;246;14,3;1,6;
2026/07/29;1000 UTC;0;1014,6;1014,6;1011,9;0;15,3;14,8;15,8;15,3;14,8;14,3;97;92;97;278;5,6;1,9;
2026/07/29;1100 UTC;0;1014;1015,8;1014;17,6;15,5;14,8;15,8;15,3;14,9;14,8;97;94;95;344;6,4;1,4;
2026/07/29;1200 UTC;0;1008,1;1014;1007,5;147,4;15,9;14,6;15,9;15,4;14,8;14,5;96;92;92;50;8,5;5,9;
2026/07/29;1300 UTC;0;1013,4;1013,5;1008,3;604,1;17,3;15,1;17,3;16;15,3;14,5;91;87;87;216;8,3;3,3;
2026/07/29;1400 UTC;0;1014,5;1014,5;1013,3;1092,4;18,6;15,2;18,9;17,3;16;15;88;79;81;194;5,3;2,1;
2026/07/29;1500 UTC;0;1014,5;1014,9;1014,4;1428,7;20,5;16,1;20,5;18,3;16,3;14,6;83;75;76;16;3,4;,7;
2026/07/29;1600 UTC;0;1014,6;1014,7;1014;1295,2;19,8;15,1;20,6;18,9;16,4;14,6;79;72;74;266;4;1,5;
2026/07/29;1700 UTC;0;1015,1;1015,1;1014,6;889,2;19,2;14,6;19,7;19,2;15,3;14,3;78;71;75;258;5,3;2,8;
2026/07/29;1800 UTC;0;1015,4;1015,4;1015;685,9;19,8;14,5;19,8;18,8;15,3;14,3;78;72;72;202;4,6;1,8;
2026/07/29;1900 UTC;0;1015,7;1015,8;1015,4;765,8;19,3;15,1;19,7;19,2;15,3;14;77;69;77;180;4,7;2,3;
2026/07/29;2000 UTC;0;1016,4;1016,4;1015,7;338,6;18,8;14,5;19,5;18,8;15,3;14,2;78;74;76;145;4,6;1,1;
2026/07/29;2100 UTC;0;1016,8;1017;1016,3;40,6;17,7;15;18,8;17,6;15,8;14,3;88;76;84;179;1,5;,7;
2026/07/29;2200 UTC;0;1017,5;1017,5;1016,7;0;16,5;14,9;17,8;16,5;15,8;14,9;92;85;90;234;1,2;,5;
2026/07/29;2300 UTC;0;1018,5;1018,5;1017,5;0;15,4;14,7;16,4;15,2;15,1;14,5;97;90;96;33;2,6;1,3;
2026/07/30;0000 UTC;0;1019,4;1019,4;1018,5;0;15,7;14,8;15,8;15,5;14,9;14,6;96;93;94;262;2,4;,6;
2026/07/30;0100 UTC;0;1019,7;1019,7;1019,4;0;15,1;14,7;15,7;15,1;14,9;14,7;98;95;98;34;1,6;1,1;
2026/07/30;0200 UTC;0;1019,7;1019,9;1019,6;0;15,7;15,6;15,7;14,5;15,6;14,3;100;98;99;137;2,7;1,3;
2026/07/30;0300 UTC;0;1020;1020;1019,7;0;15,5;14,9;16,7;15,5;15,8;14,9;99;93;96;171;2,9;1;
2026/07/30;0400 UTC;0;1020,4;1020,4;1019,9;0;13,6;13,4;15,5;13,6;14,9;13,4;99;96;99;210;1,5;,5;
2026/07/30;0500 UTC;0;1020,6;1020,6;1020,3;0;13,5;13,5;14,4;13,3;14,4;13,2;100;99;100;129;2,4;1,1;
2026/07/30;0600 UTC;0;1020,9;1020,9;1020,6;0;15,1;15,1;15,2;15;15,2;15;100;100;100;146;2,9;1,6;
2026/07/30;0700 UTC;0;1020,5;1020,8;1020,5;0;14,9;14,9;15,1;14,9;15,1;14,9;100;100;100;55;4,1;1,9;
2026/07/30;0800 UTC;0;1021,1;1021,3;1020,6;0;14,7;14,7;15;14,7;15;14,7;100;100;100;128;3;1;
2026/07/30;0900 UTC;0;1021,7;1021,8;1021,1;0;15,2;15,2;15,2;14,7;15,2;14,7;100;100;100;83;1,7;,9;
2026/07/30;1000 UTC;0;1022,4;1022,4;1021,7;0;15,2;15,2;15,3;15,2;15,3;15,2;100;100;100;126;3,4;2;
2026/07/30;1100 UTC;0;1023,1;1023,1;1022,2;25,9;15,9;15,4;15,9;15,2;15,4;14,8;100;94;97;69;4,3;1,2;
2026/07/30;1200 UTC;0;1023,7;1023,8;1023,1;276;16,4;15,6;16,4;15,9;15,6;15,4;97;95;95;87;3,6;1,3;
2026/07/30;1300 UTC;0;1024,1;1024,1;1023,7;633;17,5;15,5;17,5;16,5;15,8;15,4;95;88;88;105;4,3;2;
2026/07/30;1400 UTC;0;1024,2;1024,4;1024,1;1098,4;18,2;15,6;18,4;17,5;16,2;15,5;89;85;85;119;5,8;2,7;
2026/07/30;1500 UTC;0;1023,6;1024,3;1023,5;1519,8;19,2;15,9;19,4;18,2;16,3;15,6;86;79;81;102;8,1;3,9;
2026/07/30;1600 UTC;0;1022,7;1023,7;1022,7;1824,6;20;15,5;20,5;19,1;16,4;15,5;83;74;76;109;9,2;4,5;
2026/07/30;1700 UTC;0;1021,7;1022,7;1021,7;1686,3;19,7;15,1;20,6;19,6;16;15;78;72;75;111;8,9;4,6;
2026/07/30;1800 UTC;0;1021,5;1021,7;1021,4;1569,1;20,5;15,2;20,8;19,7;15,7;14,8;75;70;72;121;9,2;5,1;
2026/07/30;1900 UTC;0;1021,3;1021,6;1021,2;1397;20,1;14,6;20,6;20;15,3;14,5;72;69;71;114;9,7;5,2;
2026/07/30;2000 UTC;0;1020,5;1021,2;1019,8;750,1;19,1;14,7;20;19,1;14,9;14,4;76;71;75;99;10,8;4,2;
2026/07/30;2100 UTC;0;1020,8;1020,8;1020,4;75,8;17,6;14,6;19,1;17,6;14,8;14,4;83;75;83;115;8,8;2,5;
2026/07/30;2200 UTC;0;1020,9;1020,9;1020,5;0;17;14,5;17,6;17;14,7;14,5;86;83;86;127;6,7;3,5;
2026/07/30;2300 UTC;0;1021,3;1021,4;1020,9;0;16,6;14,9;16,9;16,5;14,9;14,5;90;86;90;123;7;3,6;
2026/07/31;0000 UTC;0;1022;1022,1;1021,3;0;16,4;15,3;16,5;16,3;15,3;14,9;93;90;93;113;6,5;3,2;
2026/07/31;0100 UTC;0;1021,9;1022,1;1021,9;0;16,5;15,5;16,5;16,4;15,5;15,3;94;93;94;84;7,8;2,2;
2026/07/31;0200 UTC;0;1020,9;1021,9;1020,9;0;15,7;15;16,5;15,7;15,5;15;96;94;96;94;5,5;1,9;
2026/07/31;0300 UTC;0;1020,6;1021,3;1020,6;0;15,6;15;15,7;15,6;15,1;14,9;97;96;96;123;4,8;2,4;
2026/07/31;0400 UTC;0;1020,7;1021;1020,6;0;15,7;15;15,7;15,4;15;14,6;96;95;96;129;4;2,1;
2026/07/31;0500 UTC;0;1020,9;1020,9;1020,7;0;14,9;14,5;15,7;14,9;15;14,5;97;96;97;311;2,9;,7;
2026/07/31;0600 UTC;0;1019,9;1020,9;1019,9;0;13,9;13,8;14,2;13,8;14,1;13,7;100;99;99;58;2;1;
2026/07/31;0700 UTC;0;1019,5;1019,8;1019,5;0;13,7;13,7;14,3;13,7;14,3;13,7;100;99;100;81;2,2;,5;
2026/07/31;0800 UTC;0;1019,3;1019,5;1019,2;0;13,5;13,5;13,8;13,4;13,8;13,4;100;99;100;58;1,6;1,1;
2026/07/31;0900 UTC;0;1019,3;1019,4;1019,2;0;13,7;13,7;13,7;13,4;13,7;13,4;100;100;100;67;1,5;,8;
2026/07/31;1000 UTC;0;1019,6;1019,6;1019,3;0;13,5;13,5;13,7;13,5;13,7;13,5;100;100;100;88;1,6;,5;
2026/07/31;1100 UTC;0;1020;1020;1019,6;120,7;14,5;14,5;14,5;13,5;14,5;13,5;100;100;100;28;1,4;,9;
2026/07/31;1200 UTC;0;1020,6;1020,6;1020;616,1;17,3;15,5;17,3;14,5;15,7;14,5;100;90;90;158;1,4;,4;
2026/07/31;1300 UTC;0;1020,6;1020,7;1020,5;1256,9;18,8;16,1;18,9;17,5;16,5;15,5;90;84;84;135;2,8;1,3;
2026/07/31;1400 UTC;0;1020,2;1020,7;1020,2;1714,3;21,2;16;21,3;19;17,1;15,7;84;72;72;147;3,1;1,5;
2026/07/31;1500 UTC;0;1019,2;1020,2;1019,2;2190,5;22,6;16,2;22,8;21,1;16,9;15,4;77;64;67;191;2,7;,9;
2026/07/31;1600 UTC;0;1017,9;1019,2;1017,9;2333,3;23,6;17;24,4;22,6;17,4;15,9;71;61;66;179;3,3;2,4;
2026/07/31;1700 UTC;0;1016,6;1017,9;1016,6;2127,3;24,8;16,9;24,9;23,5;17,7;15,6;66;59;61;162;4,7;2,8;
2026/07/31;1800 UTC;0;1015,7;1016,5;1015,7;1863,9;25,9;18,1;26;24,7;18,8;16,9;66;59;62;112;5,4;2,3;
2026/07/31;1900 UTC;0;1015,1;1015,7;1015,1;1325,4;25,4;17,9;26;25,4;19,2;17,6;67;61;63;117;6,1;3,1;
2026/07/31;2000 UTC;0;1014,6;1015;1014,6;700,1;24,3;18,2;25,4;24,3;18,5;17,8;69;63;69;110;5,3;3,1;
2026/07/31;2100 UTC;0;1014,7;1014,7;1014,6;79;22,1;18,1;24,3;22,1;18,2;18;78;69;78;113;6;2,9;
2026/07/31;2200 UTC;0;1015,1;1015,1;1014,7;0;20,6;18,1;22,1;20,6;18,2;18,1;85;78;85;106;5,2;1,9;
2026/07/31;2300 UTC;0;1015,4;1015,4;1015,1;0;19,5;17,7;20,6;19,5;18,1;17,7;89;86;89;130;4,2;1,6;
2026/08/01;0000 UTC;0;1015,5;1015,5;1015,3;0;18,4;17,2;19,5;18,4;17,7;17,2;93;89;93;108;3,5;1,7;
2026/08/01;0100 UTC;0;1015,4;1015,5;1015,4;0;17,3;16,6;18,4;17,3;17,3;16,6;96;93;95;118;2,9;1;
2026/08/01;0200 UTC;0;1015,5;1015,6;1015,4;0;16,6;16,4;17,2;16,6;16,7;16,3;99;95;99;159;1,9;,9;
2026/08/01;0300 UTC;0;1015,5;1015,7;1015,4;0;15,8;15,6;16,6;15,8;16,4;15,6;99;99;99;131;2,1;,6;
2026/08/01;0400 UTC;0;1015;1015,4;1014,9;0;14,9;14,8;15,8;14,6;15,7;14,5;100;99;100;78;1,7;1;
2026/08/01;0500 UTC;0;1014,7;1015;1014,6;0;14,3;14,2;15;14,3;14,9;14,2;99;99;99;187;1,8;,6;
2026/08/01;0600 UTC;0;1013,7;1014,5;1013,6;0;13,6;13,5;14,3;13,6;14,2;13,5;100;99;99;83;1,7;1,1;
2026/08/01;0700 UTC;0;1013,4;1013,7;1013,4;0;13,9;13,9;14,6;13,3;14,6;13,2;100;99;100;31;2;,7;
2026/08/01;0800 UTC;0;1012,3;1013,4;1012,3;0;14,1;14;14,1;13,4;14;13,4;100;99;100;128;3,1;,9;
2026/08/01;0900 UTC;0;1012,4;1012,4;1012,1;0;14,2;14,1;15,1;13,5;15,1;13,4;100;98;99;204;3,5;1;
2026/08/01;1000 UTC;0;1012,7;1012,8;1012,4;0;14;13;14,6;13,2;14,5;12,8;100;93;94;45;3,2;1,8;
2026/08/01;1100 UTC;0;1012,8;1012,8;1012,6;118,4;15,3;13,7;15,3;13,8;13,8;12,7;96;90;90;118;3;1,2;
2026/08/01;1200 UTC;0;1012,7;1012,9;1012,7;648,2;18,8;14,5;18,9;15,3;15;13,6;91;73;76;62;3;1,4;
2026/08/01;1300 UTC;0;1012,2;1012,7;1012,2;1265;24,5;15,8;24,5;18,9;17,4;14,3;76;58;58;79;2,5;1,2;
2026/08/01;1400 UTC;0;1011,4;1012,4;1011,4;1802,2;27,5;15,3;27,5;23,5;16,8;13,7;64;46;47;83;2,8;1,2;
2026/08/01;1500 UTC;0;1009,9;1011,4;1009,9;2271,2;30,2;15;30,2;27,5;16,2;13,5;47;38;40;357;8,2;3,9;
2026/08/01;1600 UTC;0;1009;1009,9;1009;2394,9;31,8;15,4;31,8;30,3;16;14,1;40;36;37;323;8,5;2,1;
2026/08/01;1700 UTC;0;1007;1008,9;1007;2196,2;33;16;33;31,8;16,5;14,7;40;34;36;343;8,8;3,9;
2026/08/01;1800 UTC;0;1006,4;1007;1006,4;1753,9;32,8;15,3;33,3;32,7;16,6;14,7;37;34;35;355;9;4,9;
2026/08/01;1900 UTC;0;1006,4;1006,5;1006,1;933,6;31,6;15,7;32,7;31,6;16;14,5;38;33;38;341;10,9;4,2;
2026/08/01;2000 UTC;0;1007,5;1007,6;1006,3;396,9;29,4;16,9;31,5;29,4;16,9;15,2;47;38;47;263;9,3;5,2;
2026/08/01;2100 UTC;0;1008,9;1008,9;1007,6;87,9;26,6;17,8;29,3;26,6;18;16,9;59;47;59;263;9,3;3,3;
2026/08/01;2200 UTC;0;1011,5;1011,5;1008,9;0;24;18;26,6;24;18,3;17,7;69;58;69;265;11,7;4,1;
2026/08/01;2300 UTC;0;1013,2;1013,2;1011,5;,1;21,8;18,2;24;21,8;18,3;18,1;80;69;80;287;10,4;4,8;
2026/08/02;0000 UTC;0;1014,5;1014,7;1013,2;,2;20,6;17,7;21,8;20,6;18,2;17,7;84;80;84;259;9,5;2,4;
2026/08/02;0100 UTC;,6;1013,9;1014,7;1013,9;0;19,2;18,3;20,5;19,2;18,4;17,7;95;84;95;252;3,3;1,3;
2026/08/02;0200 UTC;0;1014,3;1014,5;1013,6;0;18,8;18,2;19,2;18,8;18,5;18,2;97;95;96;331;2,3;,9;
2026/08/02;0300 UTC;0;1016;1016;1014,3;0;18,2;17;18,7;18,2;18,2;17;98;93;93;263;7,6;4,1;
2026/08/02;0400 UTC;0;1016,7;1016,7;1016;0;17,5;16,8;18,1;17,5;17;16,8;96;93;96;260;6,2;1,6;
2026/08/02;0500 UTC;0;1017,5;1017,5;1016,7;0;17,4;16,2;17,6;17,4;16,8;16,2;96;93;93;252;6,6;3,7;
2026/08/02;0600 UTC;0;1017,5;1017,8;1017,4;0;17,1;15,9;17,4;17,1;16,2;15,9;93;92;93;246;7,3;2;
2026/08/02;0700 UTC;0;1017,9;1017,9;1017,5;0;16,8;15,6;17,1;16,8;16;15,6;94;92;92;247;4;2,2;
2026/08/02;0800 UTC;0;1018,1;1018,1;1017,7;0;16,2;15,5;16,8;16,2;15,5;15,4;95;92;95;293;3,5;1,1;
2026/08/02;0900 UTC;0;1018,4;1018,4;1018;0;15,8;15,4;16,2;15,8;15,5;15,3;97;95;97;319;2,5;,7;
2026/08/02;1000 UTC;0;1019,1;1019,1;1018,4;0;15,6;15,2;15,9;15,6;15,4;15,2;98;97;98;254;1,7;,7;
2026/08/02;1100 UTC;0;1019,4;1019,5;1019,1;49;16;15,6;16;15,5;15,6;15,2;98;97;97;252;1,6;,6;
2026/08/02;1200 UTC;0;1019,9;1020;1019,4;303,3;16,6;15,8;16,6;16;15,8;15,5;97;95;95;16;1,9;,4;
2026/08/02;1300 UTC;0;1020,4;1020,4;1020;610,3;17,9;15,7;17,9;16,6;15,9;15,4;95;86;87;221;1,2;,4;
2026/08/02;1400 UTC;0;1020,5;1020,9;1020,4;589,5;18,4;15,5;18,4;17,7;16;15,1;89;81;83;105;2,4;1,1;
2026/08/02;1500 UTC;0;1020,3;1020,5;1020,3;1232,2;19,2;15,8;19,2;18,5;16,1;15,1;83;78;81;147;4,1;2,1;
2026/08/02;1600 UTC;0;1019,6;1020,3;1019,6;1172,8;19,9;15,2;19,9;18,9;16,1;15;83;74;74;119;5,7;3;
2026/08/02;1700 UTC;0;1018,9;1019,6;1018,8;1908,6;20,8;15,2;21,1;20;15,7;14,8;75;68;70;135;5,7;3,1;
2026/08/02;1800 UTC;0;1018;1018,9;1017,9;2084,8;21,5;15,3;21,6;20,7;15,7;14,4;72;65;68;105;5,2;2,8;
2026/08/02;1900 UTC;0;1017,9;1018,1;1017,8;1488,1;21,3;15,2;21,7;21,2;15,6;14,8;70;65;68;125;6,2;2,9;
2026/08/02;2000 UTC;0;1018,2;1018,2;1017,9;642;20,2;15,5;21,3;20,2;15,8;15,2;75;69;75;117;6,7;3,9;
2026/08/02;2100 UTC;0;1018,4;1018,4;1018,1;102,3;18,7;15,2;20,2;18,7;15,6;15,2;80;75;80;98;6,8;2,5;
2026/08/02;2200 UTC;0;1019;1019;1018,4;0;17,8;15,2;18,7;17,8;15,3;15,1;85;80;84;107;7,8;3,1;
2026/08/02;2300 UTC;0;1018,9;1019,2;1018,9;0;17,6;15,5;17,9;17,6;15,5;15,2;87;85;87;109;7,1;3,1;
2026/08/03;0000 UTC;0;1019,2;1019,2;1018,9;0;17,5;15,7;17,7;17,5;15,7;15,5;89;87;89;120;7,6;3,3;
2026/08/03;0100 UTC;0;1019,4;1019,5;1019,2;0;17,4;15,7;17,4;17,4;15,8;15,6;90;89;90;121;6,2;3;
2026/08/03;0200 UTC;0;1019,4;1019,6;1019,3;0;17,1;15,7;17,4;17,1;15,8;15,7;91;90;91;126;5,8;2,8;
2026/08/03;0300 UTC;0;1019,2;1019,5;1019,2;0;16,9;15,8;17,1;16,8;15,8;15,7;93;92;93;141;4,4;1,7;
2026/08/03;0400 UTC;0;1019;1019,4;1018,9;0;16,9;15,9;16,9;16,7;15,9;15,8;94;93;94;129;3,4;1,8;
2026/08/03;0500 UTC;0;1018,6;1019;1018,6;0;16,3;15,7;16,9;16,3;15,9;15,7;96;94;96;111;3,2;,7;
2026/08/03;0600 UTC;0;1018,1;1018,7;1018,1;0;15,3;15;16,3;15,3;15,7;15;98;96;98;8;1,3;,5;
2026/08/03;0700 UTC;0;1017,8;1018,1;1017,7;0;14,8;14,6;15,3;14,7;15;14,5;99;98;99;352;1,6;,5;
2026/08/03;0800 UTC;0;1017,3;1017,8;1017,2;0;14,7;14,7;14,8;14,6;14,7;14,5;99;99;99;6;1,7;1;
2026/08/03;0900 UTC;0;1017,5;1017,5;1017,2;0;14,7;14,6;14,9;14,6;14,8;14,5;100;99;100;294;2;,5;
2026/08/03;1000 UTC;0;1018,3;1018,3;1017,6;0;15,4;15,3;15,4;14,7;15,3;14,6;100;100;100;257;1,7;,8;
2026/08/03;1100 UTC;0;1018,7;1018,7;1018,3;42,3;15,4;15,4;15,5;15,4;15,5;15,3;100;100;100;340;1,6;1;
2026/08/03;1200 UTC;0;1019,2;1019,3;1018,8;212,5;15,7;15,7;15,7;15,4;15,7;15,4;100;100;100;270;2,2;,7;
2026/08/03;1300 UTC;0;1019,4;1019,4;1019,2;423,4;16,1;16,1;16,2;15,7;16,2;15,7;100;100;100;5;2,1;1;
2026/08/03;1400 UTC;0;1018,7;1019,4;1018,7;706,2;17,4;16,2;17,4;16,1;16,3;16;100;92;93;30;2,5;1,4;
2026/08/03;1500 UTC;0;1017,8;1018,7;1017,8;1379,1;19,5;16,8;19,5;17,4;16,8;16;93;83;84;33;2,4;,8;
2026/08/03;1600 UTC;0;1016,6;1017,8;1016,6;1532,7;20,6;16,9;20,7;19;17,3;16,4;88;79;80;184;2,5;1,4;
2026/08/03;1700 UTC;0;1015,8;1016,6;1015,8;1918,8;23,4;18;23,4;20,4;18,3;16,6;81;71;72;136;3,4;1,3;
2026/08/03;1800 UTC;0;1015,6;1015,8;1015,5;1455,7;24,2;18,3;24,4;23,4;18,6;17,6;73;68;70;123;3,4;1,6;
2026/08/03;1900 UTC;0;1015,3;1015,6;1015,3;805;23,8;18,7;24,2;23,8;19;18,1;74;69;73;148;3,6;1,8;
2026/08/03;2000 UTC;0;1015;1015,3;1014,9;463,7;23;19,2;23,8;23;19,4;18,6;79;73;79;154;3,4;1,7;
2026/08/03;2100 UTC;0;1015,4;1015,4;1014,9;70,9;21,4;19,2;23;21,4;19,4;19;88;79;88;78;2,5;,7;
2026/08/03;2200 UTC;0;1015,7;1015,7;1015,4;0;19,6;18,7;21,4;19,6;19,3;18,7;94;88;94;121;1,5;,4;
2026/08/03;2300 UTC;0;1016;1016;1015,7;0;18,9;18,5;19,6;18,9;18,7;18,2;97;95;97;81;1,1;,3;
2026/08/04;0000 UTC;0;1015,8;1016,1;1015,8;0;18,5;18,2;18,9;18,3;18,5;18;98;97;98;201;2,3;1;
2026/08/04;0100 UTC;0;1015,9;1016,3;1015,9;0;17,7;17,3;18,5;17,7;18,2;17,3;98;98;98;46;1,4;,8;
2026/08/04;0200 UTC;0;1015,7;1016;1015,7;0;17,6;17,4;17,9;17,5;17,7;17,1;99;98;98;90;2,1;,6;
2026/08/04;0300 UTC;0;1015,4;1015,8;1015,4;0;18,3;18,2;18,3;17,3;18,2;17,1;100;98;99;122;2,8;1,3;
2026/08/04;0400 UTC;0;1015,1;1015,4;1015,1;0;17,2;17;18,3;17,1;18,1;17;99;99;99;115;1,6;,4;
2026/08/04;0500 UTC;0;1014,6;1015,2;1014,6;0;17,5;17,5;17,6;16,9;17,6;16,8;100;99;100;104;2,2;,6;
2026/08/04;0600 UTC;0;1014,4;1014,6;1014,1;0;17,9;17,8;17,9;16,9;17,9;16,8;100;99;100;67;2,9;1,1;
2026/08/04;0700 UTC;0;1014,3;1014,5;1014,2;0;18;17,9;18,1;17,8;18;17,8;100;99;99;102;2,4;,7;
2026/08/04;0800 UTC;0;1014,5;1014,5;1014,1;0;18,2;18;18,3;18;18,2;17,9;99;99;99;79;2,3;,6;
2026/08/04;0900 UTC;0;1015,4;1015,4;1014,5;0;17,4;17,3;18,2;17,4;18;17,3;99;99;99;326;2;,4;
2026/08/04;1000 UTC;0;1017,1;1017,1;1015,5;0;18;17,9;18,2;17,4;18,1;17,3;100;99;100;281;2,5;1;
2026/08/04;1100 UTC;,2;1017;1017,1;1016,8;73;18,5;18,4;18,5;17,7;18,4;17,6;100;99;99;26;2,3;,6;
2026/08/04;1200 UTC;0;1017,4;1017,5;1017,1;306,6;19,7;19,2;19,7;18,5;19,2;18,4;99;97;97;337;2,4;,6;
2026/08/04;1300 UTC;0;1017,7;1017,8;1017,3;367;20,5;19,9;20,5;19,4;19,9;18,8;97;95;96;320;2,2;1,2;
2026/08/04;1400 UTC;0;1017,8;1017,9;1017,7;418,7;20,9;19;20,9;20,6;19,9;18,9;96;89;89;294;5,7;2,4;
2026/08/04;1500 UTC;0;1017,1;1017,8;1017,1;1207,9;23,5;18,3;23,5;20,9;19,3;18,2;89;73;73;271;6,6;2,8;
2026/08/04;1600 UTC;0;1015,8;1017;1015,8;1300,5;23,9;17,6;23,9;23,3;18,2;17,2;72;68;68;280;7,2;1,5;
2026/08/04;1700 UTC;0;1014,6;1015,8;1014,6;1659,1;25,1;17,6;25,4;23,8;18,5;16,9;68;60;63;325;6;2,7;
2026/08/04;1800 UTC;0;1013,8;1014,6;1013,8;1858;26,1;17;26,7;25,2;18,2;16,9;63;57;57;332;5,1;2,2;
2026/08/04;1900 UTC;0;1013,7;1013,9;1013,7;1150;26,7;17,1;26,8;25,3;18,4;17;64;55;56;348;3,3;,9;
2026/08/04;2000 UTC;0;1014,4;1014,4;1013,7;438,5;24,1;18,1;26,7;24,1;18,4;17,1;69;56;69;231;3,6;1,8;
2026/08/04;2100 UTC;0;1014,7;1014,8;1014,4;55,6;22,9;18,3;24,1;22,9;18,5;17,9;76;69;75;119;3,6;,9;
2026/08/04;2200 UTC;0;1015,4;1015,4;1014,7;0;21,3;18,8;22,8;21,3;19;17,9;86;75;85;68;2,9;,8;
2026/08/04;2300 UTC;,2;1015,8;1015,9;1015,4;0;20,6;18,6;21,3;20,4;19,3;18,6;92;86;88;100;3;1;
2026/08/05;0000 UTC;0;1016,2;1016,3;1015,8;0;20,2;18,9;20,9;20,2;19;18,5;92;87;92;107;3,5;1,1;
2026/08/05;0100 UTC;0;1015,9;1016,3;1015,9;0;20,1;18,5;20,2;20,1;18,8;18,5;92;90;91;115;3,7;1,5;
2026/08/05;0200 UTC;0;1016,2;1016,2;1015,9;0;19,8;18,3;20;19,8;18,6;18,3;92;91;91;149;3,5;1,8;
2026/08/05;0300 UTC;0;1016,2;1016,2;1016;0;19,7;18,1;19,8;19,7;18,3;18;91;90;90;103;4,4;1,5;
2026/08/05;0400 UTC;0;1016;1016,2;1016;0;19,1;18,1;19,7;19,1;18,2;18,1;94;90;94;99;3,1;,9;
2026/08/05;0500 UTC;0;1015,7;1016;1015,7;0;18,9;18,1;19,1;18,9;18,2;18,1;95;94;95;109;3,3;1,6;
2026/08/05;0600 UTC;0;1015,1;1015,7;1015,1;0;18,7;17,8;18,9;18,6;18,1;17,8;96;95;95;115;3;1,7;
2026/08/05;0700 UTC;0;1014,7;1015;1014,6;0;18,5;17,7;18,7;18,5;17,9;17,7;95;95;95;121;3;1,3;
2026/08/05;0800 UTC;,2;1014,5;1014,8;1014,5;0;18,4;17,8;18,5;18,4;17,8;17,7;97;95;97;93;3,3;,9;
2026/08/05;0900 UTC;0;1015;1015;1014,4;0;18,4;17,7;18,5;18,3;18;17,7;97;96;96;158;3,1;,9;
2026/08/05;1000 UTC;0;1014,8;1015,2;1014,8;0;18,3;17,6;18,4;18,3;17,7;17,6;96;96;96;128;4;2,1;
2026/08/05;1100 UTC;0;1014,4;1014,8;1014,3;17,1;18,1;17,8;18,3;18,1;17,8;17,5;98;95;98;115;4,3;2,5;
2026/08/05;1200 UTC;0;1014,3;1014,6;1014,2;120,7;18,6;18,1;18,6;18,1;18,1;17,8;98;96;96;67;6,5;3,6;
2026/08/05;1300 UTC;0;1015;1015,2;1014,3;353,4;19,4;18,5;19,4;18,6;18,5;18;96;93;94;215;5,8;1,3;
2026/08/05;1400 UTC;0;1015,3;1015,8;1015;464,6;19,7;18,3;19,7;19,4;18,8;18,3;95;92;92;178;3,8;2,6;
2026/08/05;1500 UTC;0;1014,7;1015,3;1014,7;1120,2;21,2;18,8;21,2;19,7;18,8;18,3;92;85;86;182;3,8;1,5;
2026/08/05;1600 UTC;0;1013,3;1014,6;1013,3;1613;22,1;18,7;22,1;20,8;19,3;18,5;88;81;81;127;3,4;1,5;
2026/08/05;1700 UTC;0;1011,9;1013,3;1011,9;1321,5;22,1;18,8;23,1;22,1;19,4;18,6;84;77;82;175;3,4;2,2;
2026/08/05;1800 UTC;0;1011,9;1012,1;1011,8;849,7;22,6;19,1;22,9;22,1;19,6;18,6;83;78;81;191;3,1;1,2;
2026/08/05;1900 UTC;0;1011,6;1011,9;1011,5;703,5;23,1;19,2;23,2;22,6;19,5;18,8;81;77;78;188;2;,7;
2026/08/05;2000 UTC;0;1011,5;1011,6;1011,5;570;23,5;19,7;23,8;23,1;19,7;18,9;79;75;79;47;1,5;1;
2026/08/05;2100 UTC;0;1011,1;1011,5;1011;95,8;21,9;19,4;23,6;21,9;19,8;19,2;86;78;86;77;3,8;1,6;
2026/08/05;2200 UTC;0;1011,6;1011,6;1011,1;0;20,9;19,2;21,9;20,9;19,5;19,2;90;86;90;126;3,4;,8;
2026/08/05;2300 UTC;0;1012;1012,1;1011,7;0;19,6;19,1;20,9;19,6;19,2;18,7;97;90;97;119;2,1;1,4;
2026/08/06;0000 UTC;0;1011,5;1012;1011,5;0;18,7;18,3;19,7;18,6;19,1;18,2;98;95;98;101;1,9;1;
2026/08/06;0100 UTC;0;1011;1011,5;1011;0;17,8;17,5;18,8;17,8;18,5;17,5;98;97;98;103;1,9;,6;
2026/08/06;0200 UTC;0;1011,6;1011,6;1011;0;16,5;16,3;17,8;16,5;17,4;16,3;99;98;99;127;1;,4;
2026/08/06;0300 UTC;0;1011,2;1011,6;1011,2;0;16;15,9;16,6;16;16,5;15,9;99;99;99;109;1,2;,4;
2026/08/06;0400 UTC;0;1010,7;1011,2;1010,5;0;15,5;15,5;16,1;15,4;16;15,4;100;99;100;219;1,8;,8;
2026/08/06;0500 UTC;0;1010,7;1010,7;1010,6;0;15,5;15,5;15,7;15,5;15,7;15,5;100;100;100;307;1,2;,6;
2026/08/06;0600 UTC;0;1009,3;1010,6;1009,3;0;15,1;15,1;15,3;15,1;15,3;15,1;100;100;100;304;1,7;,9;
2026/08/06;0700 UTC;0;1008,5;1009,2;1008,4;0;15,5;15,5;15,6;15,1;15,6;15,1;100;100;100;188;1,4;,7;
2026/08/06;0800 UTC;0;1008,2;1008,7;1008,1;,1;16;16;16,8;15,4;16,8;15,4;100;100;100;74;2,7;,9;
2026/08/06;0900 UTC;0;1008,4;1008,4;1008,2;0;15,3;15,3;16,1;15,3;16,1;15,3;100;100;100;51;1,5;,5;
2026/08/06;1000 UTC;0;1008,5;1008,7;1008,3;0;15,2;15,2;15,3;15,1;15,3;15,1;100;100;100;96;1,1;,7;
2026/08/06;1100 UTC;0;1008,4;1008,6;1008,3;124,6;16;16;16;15,1;16;15,1;100;100;100;191;1;,3;
2026/08/06;1200 UTC;0;1008,4;1008,7;1008,4;509,7;18,7;18,7;18,8;16,1;18,8;16,1;100;100;100;165;1,1;,5;
2026/08/06;1300 UTC;0;1008,1;1008,5;1008,1;1316,4;23,5;19;23,5;18,5;19,7;18,2;100;73;76;85;3,5;,8;
2026/08/06;1400 UTC;0;1007,7;1008,2;1007,7;1709,1;25;18,4;25;23,4;19,4;17,9;76;67;67;343;5,2;1,7;
2026/08/06;1500 UTC;0;1006,6;1007,6;1006,6;1975,6;25,9;18,8;26,1;24,8;19,3;18,1;68;64;65;326;5,1;2,2;
2026/08/06;1600 UTC;0;1004,8;1006,6;1004,8;1937,7;27;18,9;27,1;25,4;19,6;18,6;69;60;61;359;5,8;2,8;
2026/08/06;1700 UTC;0;1004,6;1004,7;1004,3;1029,7;25,4;19,4;27,3;25,4;19,8;18,6;70;59;69;330;6,2;2,8;
2026/08/06;1800 UTC;0;1003,9;1004,6;1003,7;187,7;23,1;18,7;25,4;23,1;19,6;18,3;76;69;76;352;10,5;4,7;
2026/08/06;1900 UTC;0;1003;1003,9;1002,8;210,3;22,6;19,8;23;22,6;20;18,8;85;77;84;311;5,3;1,5;
2026/08/06;2000 UTC;,2;1002;1003,1;1002;490,1;23,9;18,9;24;22,5;20,8;18,8;86;73;74;350;4,8;1,8;
2026/08/06;2100 UTC;0;1001;1002;1001;79,6;23,2;18;24,2;23,2;18,9;17,8;74;71;72;358;6,1;2,8;
2026/08/06;2200 UTC;0;999,7;1001;999,7;0;23,4;17;23,4;22,9;18;16,9;73;67;67;358;6,6;3,1;
2026/08/06;2300 UTC;0;998,6;999,7;998,6;0;24,3;16,7;24,5;23,4;17;16,5;67;62;63;341;8,3;3,9;
2026/08/07;0000 UTC;1,2;1006,5;1006,5;998,6;9;17,8;16,6;24,5;17,8;17,7;16,3;93;62;93;260;17,3;7,5;
2026/08/07;0100 UTC;2,2;1007;1007,8;1006,9;,2;16,5;15,9;17,6;16,5;16,5;15,8;96;94;96;317;10,7;2,9;
2026/08/07;0200 UTC;,8;1003,8;1006,9;1002,9;0;16,8;15,9;16,8;16,4;15,9;15,8;96;94;94;356;9,9;5,2;
2026/08/07;0300 UTC;0;1004;1004,1;1003,4;0;17;15,9;17;16,8;16;15,8;94;93;93;315;7,6;2,1;
2026/08/07;0400 UTC;0;1004,3;1004,3;1004;,2;18,2;15,8;18,3;17;16;15,5;93;85;86;291;11,3;3,7;
2026/08/07;0500 UTC;0;1004,8;1004,8;1004,3;0;18;15;18,3;17,9;15,9;15;87;82;83;272;11,8;5,4;
2026/08/07;0600 UTC;0;1006,2;1006,2;1004,8;0;16,5;13;18;16,5;15;13;83;78;80;272;12,1;5,7;
2026/08/07;0700 UTC;0;1007,1;1007,1;1006,2;0;15,1;11,6;16,5;15,1;13,1;11,3;81;76;80;264;13,6;5,1;
2026/08/07;0800 UTC;0;1007,8;1007,8;1007,1;0;15;11,8;15,1;14,7;12,1;11,6;83;80;81;286;8;3,6;
2026/08/07;0900 UTC;0;1009,1;1009,1;1007,8;0;14,1;10,9;15;14,1;11,9;10,7;81;76;81;271;11,9;3,9;
2026/08/07;1000 UTC;0;1010,7;1010,7;1009,1;,2;14,1;10,5;14,3;14;10,9;10,3;81;77;79;260;9,6;5,7;
2026/08/07;1100 UTC;0;1011,8;1011,8;1010,8;112;13,9;10,2;14,2;13,8;10,6;9,9;79;77;79;268;11,7;4,9;
2026/08/07;1200 UTC;0;1013;1013;1011,8;418,4;13,8;9,8;13,9;13,6;10,5;9,3;80;75;77;268;10,6;4,6;
2026/08/07;1300 UTC;0;1013,7;1013,8;1012,9;747,7;13,5;9,1;14;13,5;10;8,9;78;73;75;276;10,6;5,1;
2026/08/07;1400 UTC;0;1014,2;1014,5;1013,7;664,1;13,4;8,5;13,6;13,2;9,2;8,4;75;72;72;287;10,3;4,4;
2026/08/07;1500 UTC;0;1014,2;1014,5;1014;1196,9;13,9;8,1;14;13,3;9;8,1;74;68;68;285;10,7;5,6;
2026/08/07;1600 UTC;0;1013,5;1014,2;1013,4;2111,4;14,4;8,7;15;13,9;9,5;8,1;72;67;68;279;10,6;4,7;
2026/08/07;1700 UTC;0;1013,1;1013,5;1013;2256,2;15;7,2;15,3;13,9;9;6,9;72;58;60;281;9,4;5,2;
2026/08/07;1800 UTC;0;1012,6;1013,1;1012,5;2165,3;15,4;8,1;15,9;14,9;8,4;7,2;64;59;62;268;9,2;5,1;
2026/08/07;1900 UTC;0;1012,6;1012,7;1012,4;1335;15,2;7,4;15,7;14,7;8,2;7,3;63;58;60;266;9,4;3,9;
2026/08/07;2000 UTC;0;1012,9;1013;1012,5;721,4;14,3;7,4;15,3;14,3;8;7;64;58;63;262;8,5;2,7;
2026/08/07;2100 UTC;0;1013,1;1013,1;1012,8;147;12,6;7,2;14,4;12,6;7,5;6,7;70;61;70;267;7,2;2,1;
2026/08/07;2200 UTC;0;1013,2;1013,2;1012,8;0;11,5;7,6;12,5;11,3;8,1;7,1;80;70;77;256;4,1;1,8;
2026/08/07;2300 UTC;0;1013,4;1013,4;1013,1;0;11;7,9;11,4;10,9;8,1;7,6;83;77;82;280;4,1;1,5;
2026/08/08;0000 UTC;0;1013,2;1013,5;1013,2;0;8,7;7,7;10,9;8,7;8,1;7,7;93;82;93;338;2,3;1,2;
2026/08/08;0100 UTC;0;1012,9;1013,2;1012,9;0;8,2;7,7;8,9;8,1;7,9;7,5;97;93;97;28;1,8;1;
2026/08/08;0200 UTC;0;1012,8;1012,9;1012,7;0;7,7;7,4;8,2;7,5;7,7;7,1;99;97;98;353;1,7;1,2;
2026/08/08;0300 UTC;0;1012,5;1012,8;1012,5;0;6,7;6,4;7,8;6,7;7,5;6,4;98;97;98;35;1,6;,6;
2026/08/08;0400 UTC;0;1012,1;1012,5;1012,1;0;7;6,9;7,3;6,7;7,2;6,4;99;98;99;108;1,3;,9;
2026/08/08;0500 UTC;0;1011,5;1011,9;1011,4;0;6,8;6,6;6,9;6,5;6,8;6,3;99;99;99;40;1,6;1,3;
2026/08/08;0600 UTC;0;1011;1011,6;1010,9;0;6,5;6,4;6,7;6,3;6,6;6,1;99;99;99;70;1,8;1,3;
2026/08/08;0700 UTC;0;1010,6;1011;1010,5;0;7;6,8;7,4;6,6;7,4;6,5;100;99;99;57;2,2;,8;
2026/08/08;0800 UTC;0;1009,9;1010,6;1009,9;0;8;7,8;8,2;6,9;8,1;6,7;100;99;99;110;2,9;1,7;
2026/08/08;0900 UTC;0;1010,2;1010,3;1009,9;0;6,8;6,6;8,1;6,8;7,8;6,6;99;97;99;285;2,6;,4;
2026/08/08;1000 UTC;0;1009,9;1010,4;1009,9;,1;8;7,9;8;6,8;7,9;6,6;100;99;100;79;2,2;,8;
2026/08/08;1100 UTC;0;1009,8;1010,2;1009,8;64,3;9,3;9,1;9,3;8;9,1;7,9;100;99;99;7;2,3;,7;
2026/08/08;1200 UTC;0;1009,1;1009,8;1009,1;548,5;11,3;9,1;11,3;9,3;9,9;8,8;99;85;86;325;2;,9;
2026/08/08;1300 UTC;0;1008,2;1009,1;1008,2;1415,7;14,7;9,9;14,9;11,4;10,6;9,1;89;73;73;25;2,6;,7;
2026/08/08;1400 UTC;0;1007,8;1008,2;1007,8;1361,1;15,6;10,9;15,6;14,3;11,3;10;80;71;74;257;2,6;1,3;
2026/08/08;1500 UTC;0;1005,8;1007,8;1005,8;959,3;15,9;10,5;16;15;11,3;10,3;78;69;70;196;3;2;
2026/08/08;1600 UTC;0;1006,2;1006,7;1005,8;746,5;16,3;11,7;16,6;15,9;11,7;10,4;75;68;74;277;2,6;1,2;
2026/08/08;1700 UTC;0;1005,5;1006,2;1005,2;495,7;15,9;11,9;16,6;15,9;12,2;11,5;77;72;77;276;4,4;1,9;
2026/08/08;1800 UTC;,6;1005,4;1006;1005,2;399,9;14,8;13,7;15,9;14;13,9;12,1;96;78;94;287;4,9;1,3;
2026/08/08;1900 UTC;0;1006;1006;1005,4;688,5;15,3;13,7;15,4;14,8;14,1;13,4;94;89;90;303;5,3;2,3;
2026/08/08;2000 UTC;,2;1007;1007;1006;749;16;13;16,5;15,4;13,8;12,8;90;81;82;287;7;2,9;
2026/08/08;2100 UTC;0;1008,4;1008,4;1007,1;117,6;14,6;12,1;16,1;14,6;13;12;85;79;85;313;7,3;2;
2026/08/08;2200 UTC;0;1010,4;1010,4;1008,4;0;13,8;12,1;14,6;13,6;12,2;11,9;90;85;90;299;5,3;1,6;
2026/08/08;2300 UTC;0;1011,6;1011,6;1010,4;0;14;12;14;13,8;12,2;12;90;87;88;286;3,3;1,2;
2026/08/09;0000 UTC;0;1012,8;1012,8;1011,7;0;14,1;11,5;14,5;14;12;11,5;88;83;85;283;4,2;1,7;
2026/08/09;0100 UTC;0;1013,6;1013,6;1012,8;0;11,7;10,4;13,8;11,7;11,5;10,4;92;86;92;285;3,7;1;
2026/08/09;0200 UTC;0;1014,7;1014,7;1013,6;0;10,8;10,1;11,7;10,7;10,5;9,9;95;92;95;309;2,8;1,2;
2026/08/09;0300 UTC;0;1015,4;1015,4;1014,7;0;10,4;9,6;11,7;10,3;10,4;9,4;95;91;95;288;3;1,7;
2026/08/09;0400 UTC;0;1016;1016,1;1015,4;0;10;9,1;10,5;10;9,6;9;95;92;94;306;3,5;1,1;
2026/08/09;0500 UTC;0;1016,1;1016,2;1016;0;8,9;8,3;9,9;8,9;9;8,3;96;94;96;278;2,7;,9;
2026/08/09;0600 UTC;0;1015,8;1016,1;1015,6;0;7,9;7,8;8,7;7,9;8,4;7,8;99;98;99;355;1,5;1;
2026/08/09;0700 UTC;0;1016,3;1016,4;1015,7;0;7,2;7,2;7,9;7,1;7,7;7;100;99;100;309;1,6;,8;
2026/08/09;0800 UTC;0;1018,2;1018,2;1016;0;7,4;7,3;7,7;7,1;7,7;7,1;100;100;100;268;2,4;1,1;
2026/08/09;0900 UTC;0;1019,4;1019,6;1018,2;0;10,5;3,9;10,5;7,2;8,3;3,8;100;64;64;221;5,7;3;
2026/08/09;1000 UTC;0;1020,2;1020,2;1019,4;0;9,9;4,1;10,6;9,9;4,7;3,7;68;63;67;224;6,2;2,8;
2026/08/09;1100 UTC;0;1021,2;1021,2;1020,3;165,7;10,3;3,7;10,3;9,2;4,5;2,9;71;61;64;243;3,9;1,4;
2026/08/09;1200 UTC;0;1021,5;1021,6;1021,2;800,4;11,7;2,4;11,7;10,3;4,6;1,2;64;49;53;203;3,9;2,1;
2026/08/09;1300 UTC;0;1020,4;1021,6;1020,4;1521,1;12,4;,9;12,5;11,7;3,4;,3;55;44;45;174;5,8;3,3;
2026/08/09;1400 UTC;0;1020,9;1021,3;1020,4;2086,3;13,4;,5;13,8;12,3;3,9;,5;53;41;41;205;5,1;1,4;
2026/08/09;1500 UTC;0;1021,1;1021,1;1020,9;2532,3;14,4;-,2;14,7;13,3;3;-,7;48;35;37;359;3,2;1,7;
2026/08/09;1600 UTC;0;1021;1021,3;1021;2674,9;15,1;-,7;15,4;14,2;2,3;-1,9;43;32;34;180;3,8;2,1;
2026/08/09;1700 UTC;0;1020,9;1021;1020,8;2441,4;15,9;1,6;16;14,9;2,7;-1,7;42;31;38;210;3,4;2,2;
2026/08/09;1800 UTC;0;1020,8;1020,9;1020,7;2101,6;16,4;,8;16,7;15,7;4,3;-,3;44;32;35;141;3,2;1,2;
2026/08/09;1900 UTC;0;1021,1;1021,1;1020,7;1510,7;16,5;-,5;17,2;16,1;3,8;-1,1;43;30;31;172;3,7;1,1;
2026/08/09;2000 UTC;0;1021,6;1021,6;1021;840,3;15,9;1,6;16,9;15,9;1,8;-1,9;38;28;38;170;3,2;1,8;
2026/08/09;2100 UTC;0;1022,7;1022,7;1021,6;104,1;13,7;3,8;15,8;13,7;4,3;,4;52;35;51;131;3,1;1,3;
2026/08/09;2200 UTC;0;1023,6;1023,6;1022,8;0;12,4;5,8;13,6;12,4;5,8;3,7;64;51;64;158;4;1,2;
2026/08/09;2300 UTC;0;1024,7;1024,7;1023,6;0;10,4;6,6;12,3;10,4;6,8;5,2;78;63;78;79;2,8;,5;
2026/08/10;0000 UTC;0;1025,4;1025,4;1024,8;0;7,5;6;10,3;7,5;6,6;5,9;90;78;90;89;2,2;,2;
2026/08/10;0100 UTC;0;1025,8;1025,8;1025,4;0;6,3;5,5;7,3;6,2;5,9;5,4;95;90;95;72;1;,4;
2026/08/10;0200 UTC;0;1026,7;1026,7;1025,8;0;5,6;5,1;6,3;5,6;5,6;5,1;96;95;96;333;1;,8;
2026/08/10;0300 UTC;0;1027,4;1027,4;1026,7;0;4,8;4,5;5,6;4,8;5,1;4,4;98;96;97;344;1,1;,7;
2026/08/10;0400 UTC;0;1027,7;1027,7;1027,4;0;4,7;4,4;5;4,6;4,7;4,4;98;98;98;329;1,4;,3;
2026/08/10;0500 UTC;0;1028;1028;1027,7;0;4,4;4,2;4,7;4,3;4,6;4;99;98;98;21;1;,7;
2026/08/10;0600 UTC;0;1027,8;1028,1;1027,8;0;4,3;4,2;4,7;4;4,5;3,8;99;98;99;354;1,6;1,3;
2026/08/10;0700 UTC;0;1028,5;1028,5;1027,8;0;3,8;3,6;4,3;3,8;4,2;3,6;99;98;99;298;2,6;1,8;
2026/08/10;0800 UTC;0;1029,7;1029,7;1028,5;0;4,2;4;4,7;3,8;4,5;3,6;99;99;99;260;2,8;,4;
2026/08/10;0900 UTC;0;1030,4;1030,4;1029,7;0;4,6;4,4;4,8;4,1;4,7;3,9;100;98;99;332;2,2;1,2;
2026/08/10;1000 UTC;0;1031,4;1031,4;1030,4;,9;3,8;3,6;4,6;3,5;4,4;3,3;99;98;99;290;3,1;2,3;
2026/08/10;1100 UTC;0;1033;1033;1031,4;193,6;6,3;5,4;6,3;3,8;5,4;3,5;99;94;94;291;3,1;1,7;
2026/08/10;1200 UTC;0;1033,5;1033,5;1033;745;10,1;6,3;10,1;6,4;6,7;5,4;93;77;77;341;2,9;1,4;
2026/08/10;1300 UTC;0;1033,4;1033,6;1033,4;1493;12;5,5;12,2;10,2;6,9;4,6;78;62;64;239;3,9;1,9;
2026/08/10;1400 UTC;0;1033,4;1033,5;1033,3;2073,3;13,3;5,8;13,3;11,9;6,8;4,8;67;59;60;192;4,7;1,3;
2026/08/10;1500 UTC;0;1032,6;1033,4;1032,5;2485;14,1;5,9;14,4;13,2;6,6;5;62;54;58;166;4,2;1,9;
2026/08/10;1600 UTC;0;1032;1032,6;1031,8;2578,9;15;5,3;15,3;14,1;6,7;4,6;60;51;52;158;5,4;2,9;
2026/08/10;1700 UTC;0;1031,2;1031,9;1031,1;2323,9;15,2;6,3;15,4;14,7;6,8;4,6;58;49;55;157;6,8;3,3;
2026/08/10;1800 UTC;0;1030,9;1031,2;1030,8;1834,1;14,6;6,1;15,5;14,1;7;5,3;60;52;56;160;6,9;3,1;
2026/08/10;1900 UTC;0;1030,7;1030,9;1030,7;826,2;13,7;6,1;15,2;13,6;6,8;5,5;62;53;60;153;6,4;3,2;
2026/08/10;2000 UTC;0;1031,4;1031,5;1030,7;314,2;13;7,2;14;12,9;7,5;6,2;69;60;68;165;6,8;3,6;
2026/08/10;2100 UTC;0;1031,8;1031,9;1031,3;78,9;12,7;6,9;13;12,7;7,5;6,6;70;65;68;150;6,6;2,3;
2026/08/10;2200 UTC;0;1032,6;1032,6;1031,8;0;12,6;7,4;12,7;12,6;7,4;6,1;71;64;71;156;4,6;1,9;
2026/08/10;2300 UTC;0;1032,9;1032,9;1032,5;0;12,4;7,8;12,7;12,4;7,9;7,2;74;70;74;147;5;2,4;
2026/08/11;0000 UTC;0;1033,6;1033,6;1032,9;0;10,9;6,8;12,4;10,9;7,8;6,8;76;71;76;125;6;2,6;
2026/08/11;0100 UTC;0;1033,7;1033,8;1033,5;0;9,9;6,5;10,8;9,9;6,9;6,5;79;76;79;116;4,7;2,1;
2026/08/11;0200 UTC;0;1033,3;1033,8;1033,3;0;8,5;6;9,9;8,5;6,5;6;84;79;84;98;4,6;1,1;
2026/08/11;0300 UTC;0;1033,4;1033,7;1033,3;0;7,9;5,8;8,5;7,9;5,9;5,5;87;84;87;93;2,1;,8;
2026/08/11;0400 UTC;0;1032,9;1033,4;1032,9;0;7,1;5,2;8;7,1;5,8;5,2;90;84;87;84;2,8;,7;
2026/08/11;0500 UTC;0;1032,3;1032,9;1032,3;0;5,4;5,1;7;5,2;5,1;4,6;98;88;98;132;1,7;1,1;
2026/08/11;0600 UTC;0;1031,8;1032,3;1031,8;0;5,5;5,2;5,9;5,2;5,6;4,8;98;97;98;123;2;,9;
2026/08/11;0700 UTC;0;1031,2;1031,8;1031,1;0;6;5,5;6;5,3;5,5;4,9;98;96;96;114;2,8;1,2;
2026/08/11;0800 UTC;0;1030,6;1031,2;1030,5;0;6,3;5,8;6,5;5,5;5,9;4,9;97;95;97;103;2,8;,7;
2026/08/11;0900 UTC;0;1030,6;1030,7;1030,5;0;5,8;5,6;6,3;5,6;5,8;5,2;99;96;98;95;1,9;,9;
2026/08/11;1000 UTC;0;1030,7;1030,8;1030,5;0;6;5,5;6,1;5,8;5,7;5,5;99;96;96;94;2,4;,8;
2026/08/11;1100 UTC;0;1031,1;1031,1;1030,7;184,8;8,2;6,4;8,2;5,8;6,4;5,2;96;88;89;64;3;1;
2026/08/11;1200 UTC;0;1031,2;1031,4;1031,1;699,5;10,6;7,8;10,7;8,2;8,3;6,2;89;82;82;93;3;1,4;
2026/08/11;1300 UTC;0;1030,9;1031,3;1030,9;1291,9;13,2;9,9;13,2;10,5;9,9;7,8;84;80;80;125;5,8;3,2;
2026/08/11;1400 UTC;0;1030,1;1030,9;1030;1726,2;14,6;10,2;15;13,3;10,6;9,7;80;73;75;102;8,6;4,1;
2026/08/11;1500 UTC;0;1029,7;1030,2;1029,7;1319,9;15;9,7;15,3;14,6;10,3;9,3;75;68;71;114;9,8;3,6;
2026/08/11;1600 UTC;0;1028,7;1029,7;1028,7;1816,3;16,3;9,7;16,4;15;10,2;9,4;71;64;65;127;8,1;4,4;
2026/08/11;1700 UTC;0;1027,4;1028,6;1027,4;1578,8;16,7;9,5;17,1;16,3;10;9,2;65;60;63;124;8,2;3,8;
2026/08/11;1800 UTC;0;1026,8;1027,4;1026,8;644,5;16,3;9,5;16,7;16,3;9,9;8,9;65;60;64;120;7,6;3,4;
2026/08/11;1900 UTC;0;1026,3;1026,8;1026,2;461,1;16;9;16,4;16;9,8;8,9;65;62;63;121;7,7;3,7;
2026/08/11;2000 UTC;0;1026,1;1026,3;1026;333,7;15,5;8,7;16;15,5;9,4;8,5;65;63;64;117;9;4,1;
2026/08/11;2100 UTC;0;1026,2;1026,2;1025,8;60,6;14,7;9,3;15,4;14,7;9,3;8,6;70;64;70;111;7,8;3,4;
2026/08/11;2200 UTC;0;1026,6;1026,6;1025,9;0;14,5;9,9;14,7;14,5;10,1;9,3;75;70;74;121;7,1;3,5;
2026/08/11;2300 UTC;0;1027;1027,2;1026,5;0;14,4;10,4;14,5;14,4;10,4;10;77;74;77;123;6,9;3,1;
2026/08/12;0000 UTC;0;1026;1027,2;1026;0;13,5;11,4;14,4;13,5;11,4;10,4;87;77;87;107;6,3;3,2;
2026/08/12;0100 UTC;0;1026,2;1026,3;1025,9;0;13,7;11,5;13,7;13,5;11,6;11,3;88;86;87;113;7,7;2,4;
2026/08/12;0200 UTC;,8;1025,8;1026,3;1025,7;0;13,1;12,1;13,7;13;12,1;11,5;94;86;94;118;5,5;2,3;
2026/08/12;0300 UTC;,2;1025;1025,8;1024,9;0;13;12,3;13,1;13;12,3;12,1;95;94;95;108;6,1;2,3;
2026/08/12;0400 UTC;,8;1024,4;1025,1;1024,4;0;13;12,4;13,1;12,9;12,4;12,3;97;95;97;106;4,7;2,1;
2026/08/12;0500 UTC;,2;1023,3;1024,3;1023,3;0;13;12,5;13;12,9;12,5;12,4;97;96;96;111;5,4;3;
2026/08/12;0600 UTC;0;1022;1023,3;1021,9;0;13,1;12,5;13,1;13;12,5;12,4;97;96;97;108;6,2;2,7;
2026/08/12;0700 UTC;,4;1021,1;1022,1;1021,1;0;13;12,5;13,1;13;12,6;12,5;97;97;97;127;5,6;3;
2026/08/12;0800 UTC;1,2;1020,3;1021;1020,3;0;12,9;12,5;13;12,9;12,5;12,4;97;97;97;121;6,1;3,2;
2026/08/12;0900 UTC;1,6;1020,5;1020,6;1020,1;0;12,9;12,6;12,9;12,9;12,6;12,5;98;97;98;133;6,8;2,3;
2026/08/12;1000 UTC;1;1019,8;1020,7;1019,8;0;12,9;12,6;12,9;12,9;12,6;12,5;98;98;98;104;5,7;2,9;
2026/08/12;1100 UTC;,6;1020,2;1020,2;1019,7;19,7;13,1;12,9;13,1;12,9;12,9;12,6;99;98;99;74;5,4;1;
2026/08/12;1200 UTC;1;1020,7;1020,8;1020,1;58,6;13,3;13,2;13,3;13,1;13,2;12,9;99;98;99;217;2,7;,9;
2026/08/12;1300 UTC;2;1021,2;1021,3;1020,6;94,3;13,4;13,3;13,5;13,3;13,4;13,2;99;99;99;240;1,9;1;
2026/08/12;1400 UTC;1;1019,7;1021,2;1019,7;239,5;13,7;13,5;13,7;13,4;13,5;13,3;99;98;99;99;2,6;1,4;
2026/08/12;1500 UTC;1;1019,7;1019,8;1019,3;370,6;14;13,6;14,1;13,7;13,7;13,3;99;97;97;199;2,2;1,3;
2026/08/12;1600 UTC;1,8;1018,6;1019,8;1018,6;343,6;14,1;13,5;14,3;13,8;13,9;13,3;97;96;96;2;2,1;,8;
2026/08/12;1700 UTC;3,4;1018,1;1018,9;1017,6;230,8;14,2;13,9;14,3;14,1;13,9;13,4;98;96;98;327;2,2;,6;
2026/08/12;1800 UTC;1;1016,5;1018,1;1016,5;402,4;14,6;14,2;14,7;14;14,3;13,7;98;97;97;77;2,2;1;
2026/08/12;1900 UTC;,4;1015,5;1016,5;1015,5;265;14,8;14,3;14,9;14,6;14,4;14;98;96;96;89;3;1;
2026/08/12;2000 UTC;,2;1015,3;1015,6;1015;118,4;14,7;14,3;14,9;14,6;14,4;14,2;98;96;98;154;2,3;1,3;
2026/08/12;2100 UTC;1,4;1015,3;1015,6;1015;13,8;14,6;14,4;14,7;14,6;14,4;14,2;98;98;98;151;2,7;1,6;
2026/08/12;2200 UTC;,8;1015,9;1016;1015;0;14,5;14,3;14,6;14,5;14,4;14,3;99;98;99;156;3;1,4;
2026/08/12;2300 UTC;0;1015,9;1016,3;1015,9;0;14,5;14,2;14,5;14,5;14,3;14,2;99;99;99;118;2,8;1,2;
2026/08/13;0000 UTC;0;1015,8;1016,2;1015,8;0;14,5;14,3;14,5;14,4;14,3;14,2;99;99;99;114;2,6;,9;
2026/08/13;0100 UTC;,2;1015,9;1016;1015,5;0;14,5;14,4;14,5;14,5;14,4;14,3;99;99;99;316;2,4;,4;
2026/08/13;0200 UTC;0;1016,5;1016,5;1015,7;0;14,5;14,4;14,6;14,5;14,5;14,4;99;99;99;250;2,3;1,4;
2026/08/13;0300 UTC;1,2;1016,9;1017,4;1015,7;0;14,5;14,4;14,5;14,5;14,4;14,4;100;99;100;210;4;1,1;
2026/08/13;0400 UTC;,4;1017,2;1017,3;1015,9;0;14,5;14,5;14,6;14,5;14,5;14,4;100;100;100;290;3,1;,7;
2026/08/13;0500 UTC;2;1016,2;1017,2;1015,9;0;14,6;14,6;14,7;14,6;14,7;14,6;100;100;100;48;1,7;,9;
2026/08/13;0600 UTC;1;1016,1;1016,3;1015,5;0;14,6;14,6;14,6;14,6;14,6;14,6;100;100;100;314;1,2;,7;
2026/08/13;0700 UTC;1,6;1016,1;1016,3;1015,9;0;14,6;14,6;14,6;14,6;14,6;14,6;100;100;100;302;2,1;,6;
2026/08/13;0800 UTC;2,6;1015,1;1016,9;1015,1;0;14,5;14,5;14,7;14,5;14,7;14,5;100;100;100;84;3;1,1;
2026/08/13;0900 UTC;,8;1016,1;1016,1;1014,6;0;14,6;14,6;14,6;14,5;14,6;14,5;100;100;100;323;2,4;1;
2026/08/13;1000 UTC;4,8;1015,8;1016,4;1015,7;0;14,6;14,6;14,6;14,5;14,6;14,5;100;100;100;164;1,9;1,2;
2026/08/13;1100 UTC;2,4;1016,9;1016,9;1015,4;5,5;15;15;15;14,6;15;14,6;100;100;100;154;3,5;,9;
2026/08/13;1200 UTC;2,6;1017,4;1017,4;1016,7;36,8;15,5;15,4;15,5;15,1;15,4;15,1;100;99;99;127;6,4;3;
2026/08/13;1300 UTC;3;1018,8;1018,8;1017,4;206,7;15,6;15,4;15,6;15,5;15,5;15,3;99;98;99;137;5,7;2,7;
2026/08/13;1400 UTC;,8;1018,6;1019,1;1018,6;332,8;15,7;15,4;15,8;15,6;15,5;15,4;99;98;98;139;5,3;2,8;
2026/08/13;1500 UTC;0;1018,3;1018,8;1018;320;15,8;15,6;15,8;15,7;15,6;15,4;98;98;98;121;5,8;2,8;
2026/08/13;1600 UTC;,4;1018,2;1019;1018,2;487,1;16;15,7;16;15,8;15,7;15,4;98;97;98;128;7,9;4;
2026/08/13;1700 UTC;0;1018,3;1018,3;1018;593,7;15,1;14,6;16,2;15,1;15,9;14,6;98;96;97;134;7,2;3,9;
2026/08/13;1800 UTC;0;1018,2;1018,3;1017,8;413,5;14,8;14,4;15,1;14,7;14,6;14,2;97;96;97;134;8,4;3,5;
2026/08/13;1900 UTC;0;1018,5;1018,5;1018,2;227;14,7;14,1;14,9;14,6;14,7;14;98;96;96;123;9,1;4,3;
2026/08/13;2000 UTC;0;1019;1019,1;1018,5;124,7;14,8;14,3;14,9;14,7;14,3;14;97;94;97;131;8,1;3;
2026/08/13;2100 UTC;,2;1019,7;1019,7;1019;30,8;14,7;14,5;14,8;14,7;14,5;14,3;98;97;98;127;7,3;3,5;
2026/08/13;2200 UTC;,2;1020,6;1020,6;1019,7;,5;14,2;13,8;14,8;14,2;14,5;13,8;99;97;97;123;8,4;4,5;
2026/08/13;2300 UTC;,2;1021,7;1021,7;1020,6;0;13,9;13,4;14,2;13,9;13,8;13,4;98;97;97;122;9,2;4,9;
2026/08/14;0000 UTC;0;1022;1022;1021,7;0;14,1;13,8;14,1;13,9;13,8;13,4;98;97;98;130;6,9;3,2;
2026/08/14;0100 UTC;,2;1022,4;1022,4;1022;,1;13,9;13,6;14,2;13,9;13,9;13,6;98;98;98;134;9,1;4,1;
2026/08/14;0200 UTC;0;1022,5;1022,6;1022,3;,5;13,5;12,8;13,9;13,3;13,5;12,8;98;95;95;115;9,6;3,9;
2026/08/14;0300 UTC;0;1022,2;1022,5;1022,2;0;13,7;12,5;13,7;13,5;12,8;12,5;95;93;93;121;7,6;4,1;
2026/08/14;0400 UTC;0;1022,2;1022,4;1022;0;13,9;12,8;13,9;13,7;12,8;12,5;93;92;93;115;8,2;4,2;
2026/08/14;0500 UTC;0;1022;1022,3;1022;0;14;13;14;13,9;13;12,8;94;93;94;110;6,6;2,6;
2026/08/14;0600 UTC;0;1021,4;1022;1021,4;0;14,1;12,9;14,1;14;13;12,8;94;92;93;117;6,1;2,6;
2026/08/14;0700 UTC;0;1021,2;1021,4;1021,1;0;14,1;13;14,1;14,1;13;12,9;93;93;93;128;5,8;2,9;
2026/08/14;0800 UTC;0;1021,3;1021,4;1021,2;0;14,1;13,1;14,1;14;13,2;13;95;93;94;126;5,7;2,5;
2026/08/14;0900 UTC;0;1021,4;1021,4;1021,2;0;14,4;13;14,4;14,1;13,1;13;94;92;92;116;5,1;2,7;
2026/08/14;1000 UTC;0;1022;1022;1021,4;,8;14,5;13;14,5;14,4;13;12,9;92;90;91;121;6,5;3,5;
2026/08/14;1100 UTC;0;1022,4;1022,4;1021,9;153,9;14,7;13,4;14,7;14,4;13,4;13;92;91;92;120;6,4;2,8;
2026/08/14;1200 UTC;0;1022,8;1022,8;1022,3;600,7;16;14,2;16;14,7;14,2;13,4;92;88;89;120;7,9;3,8;
2026/08/14;1300 UTC;0;1023,2;1023,3;1022,8;834,1;16,9;14,5;16,9;16,1;14,6;14;89;85;86;108;8,9;4,2;
2026/08/14;1400 UTC;0;1023,2;1023,3;1023,2;1201,4;17,6;14,7;17,6;17;14,9;14,4;86;83;83;105;9,8;4,5;
2026/08/14;1500 UTC;0;1022,6;1023,2;1022,6;1055,5;18,3;15,2;18,3;17,5;15,3;14,5;85;82;82;108;10,1;4,6;
2026/08/14;1600 UTC;0;1022;1022,7;1022;915,8;17,8;15;18,2;17,3;15,1;14,7;86;81;84;109;10,7;5,1;
2026/08/14;1700 UTC;0;1021,2;1022;1021,2;1101,8;18;15,3;18,1;17,6;15,5;14,9;86;83;84;117;10;5,5;
2026/08/14;1800 UTC;0;1020,9;1021,2;1020,8;898,1;17,7;15;18,3;17,6;15,5;14,8;85;83;84;117;12,1;5,6;
2026/08/14;1900 UTC;0;1020,6;1020,9;1020,5;662,9;17,3;14,6;17,9;17,3;15;14,5;84;83;84;113;12;6,3;
2026/08/14;2000 UTC;0;1020,1;1020,6;1020,1;356,2;16,8;14,5;17,3;16,8;14,7;14,4;86;84;86;107;11,9;5,3;
2026/08/14;2100 UTC;0;1020,2;1020,4;1020;98,1;16,3;14,3;16,8;16,3;14,5;14,3;88;85;88;113;10,8;5,2;
2026/08/14;2200 UTC;0;1020,3;1020,4;1020,1;,1;16,5;14,2;16,5;16,3;14,3;13,9;87;85;86;106;11,2;4,7;
2026/08/14;2300 UTC;0;1020,5;1020,8;1020,3;0;16,6;14,3;16,6;16,4;14,3;14,1;87;86;86;104;11;4,2;
2026/08/15;0000 UTC;0;1021;1021;1020,4;0;16,7;14,3;16,7;16,6;14,4;14,2;86;86;86;114;10,9;4;
2026/08/15;0100 UTC;0;1020,3;1021,1;1020,2;0;16,7;14,2;16,8;16,7;14,3;14,1;86;85;85;108;10,8;4,8;
2026/08/15;0200 UTC;0;1020,6;1020,7;1020,2;0;16,9;14,1;16,9;16,7;14,3;14,1;85;83;84;105;9,9;3,9;
2026/08/15;0300 UTC;0;1020,7;1020,8;1020,5;0;16,7;14,4;16,9;16,7;14,4;14,1;86;84;86;115;7,8;3,2;
2026/08/15;0400 UTC;0;1020,7;1021;1020,6;0;16,7;14,6;16,8;16,7;14,6;14,3;87;86;87;118;7,6;3,8;
2026/08/15;0500 UTC;0;1021;1021;1020,6;0;16,4;14,7;16,7;16,4;14,8;14,6;90;87;90;99;7,1;1,9;
2026/08/15;0600 UTC;0;1020,7;1021,2;1020,6;0;16,4;14,7;16,4;16,3;14,8;14,6;90;89;89;114;5,8;2,7;
2026/08/15;0700 UTC;0;1020;1020,7;1020;0;16,2;14,5;16,4;16,2;14,7;14,5;91;89;90;100;6;2,3;
2026/08/15;0800 UTC;0;1019,9;1020,2;1019,9;0;16,4;14,7;16,5;16,2;14,7;14,5;90;89;90;114;5,6;2,7;
2026/08/15;0900 UTC;0;1019,7;1019,9;1019,6;0;16,5;15,1;16,5;16,3;15,1;14,7;91;90;91;113;6,2;2,9;
2026/08/15;1000 UTC;0;1020,2;1020,2;1019,7;,5;16,7;15,4;16,7;16,5;15,4;15,1;92;91;92;98;6,4;2;
2026/08/15;1100 UTC;0;1020,3;1020,4;1020,1;83,6;17,1;15,6;17,1;16,6;15,6;15,3;92;91;91;105;5,3;2,6;
2026/08/15;1200 UTC;0;1020,7;1020,7;1020,3;373,9;18,1;15,9;18,1;17,1;15,9;15,5;91;87;87;108;6,1;2,8;
2026/08/15;1300 UTC;0;1020,5;1020,9;1020,5;983,7;19,9;16,1;19,9;18,2;16,5;15,8;86;78;79;111;5,6;2,7;
2026/08/15;1400 UTC;0;1019,8;1020,5;1019,8;1543,7;21,8;16,8;21,8;20;17,4;16;81;73;73;122;6,7;3,7;
2026/08/15;1500 UTC;0;1019,1;1019,8;1019,1;2466,7;22,7;17,1;22,7;21,5;17,4;16,6;75;71;71;125;8,7;4,7;
2026/08/15;1600 UTC;0;1018;1019,1;1018;2580,4;23,5;17,9;23,5;22,7;17,9;17;73;69;71;134;8,8;4,3;
2026/08/15;1700 UTC;0;1016,7;1018;1016,7;2504,2;23,7;18;24,3;23,1;18,4;17,5;73;67;70;126;9,1;4,3;
2026/08/15;1800 UTC;0;1016,2;1016,7;1016,2;1363,7;22,8;17,9;23,9;22,8;18,3;17,6;75;69;74;127;10;4,1;
2026/08/15;1900 UTC;0;1015,7;1016,2;1015,7;1161,8;22,2;17,6;23,2;22,2;18,1;17,5;76;71;75;120;8,9;4,8;
2026/08/15;2000 UTC;0;1015,8;1015,8;1015,6;471,2;21,1;17,3;22,2;21,1;17,7;17,3;79;75;79;115;9;3,9;
2026/08/15;2100 UTC;0;1015,6;1015,8;1015,6;88,2;19,9;16,9;21,1;19,9;17,4;16,9;83;79;82;112;9,4;4,2;
2026/08/15;2200 UTC;0;1015,8;1015,9;1015,6;,2;19,4;16,5;19,9;19,4;16,9;16,5;83;82;83;111;7;2,8;
2026/08/15;2300 UTC;0;1016,5;1016,5;1015,8;0;19,1;16,3;19,4;19,1;16,5;16,2;84;83;84;106;6,7;2,9;
2026/08/16;0000 UTC;0;1016,5;1016,6;1016,4;0;18,7;16,3;19,1;18,7;16,3;16,2;86;84;86;102;6,6;2,9;
2026/08/16;0100 UTC;0;1016,6;1016,7;1016,5;0;18,3;16,4;18,7;18,3;16,5;16,3;89;86;89;106;6,8;2,8;
2026/08/16;0200 UTC;0;1016,4;1016,6;1016,3;0;18,4;16,6;18,4;18,3;16,6;16,4;89;89;89;99;7,4;2,3;
2026/08/16;0300 UTC;0;1016,4;1016,5;1016,2;0;18,4;16,7;18,4;18,3;16,8;16,6;90;89;90;108;6,3;2,1;
2026/08/16;0400 UTC;0;1016,8;1016,9;1015,9;0;18,5;16,9;18,5;18,4;16,9;16,7;91;90;91;110;5;1,5;
2026/08/16;0500 UTC;,2;1016,1;1016,4;1015,8;0;18,1;17,2;18,5;18;17,2;16,9;95;91;95;128;4,1;1,5;
2026/08/16;0600 UTC;,2;1015;1016,2;1015;0;17,9;17,2;18,1;17,9;17,3;17,2;96;95;96;92;3,5;1,3;
2026/08/16;0700 UTC;1,6;1015,7;1017,1;1015;0;18;17,5;18;17,8;17,5;17,2;97;96;97;117;6,4;1,4;
2026/08/16;0800 UTC;,4;1014,1;1015,7;1014,1;0;17,9;17,5;18;17,9;17,5;17,4;97;97;97;93;6;1,4;
2026/08/16;0900 UTC;5,2;1014,2;1015,1;1013,8;0;17,9;17,6;17,9;17,8;17,7;17,4;99;97;98;145;5,7;2,8;
2026/08/16;1000 UTC;1,2;1014;1014,8;1013,6;,1;18,1;17,7;18,1;17,8;17,7;17,6;99;98;98;83;6,7;2,1;
2026/08/16;1100 UTC;0;1015,1;1015,1;1013,9;42,7;18,1;17,9;18,1;18,1;17,9;17,7;98;98;98;115;4,8;2,6;
2026/08/16;1200 UTC;0;1015,5;1015,5;1015,1;165,1;18,4;18;18,4;18,1;18;17,9;98;97;97;125;5,2;2,9;
2026/08/16;1300 UTC;0;1015,5;1015,7;1015,4;381,8;19,1;18,2;19,1;18,4;18,2;17,9;97;94;95;123;6,1;3,2;
2026/08/16;1400 UTC;,2;1015,5;1016,2;1015;693;19,8;18,4;20,1;19,1;18,7;18,2;95;90;92;132;7,7;2,7;
2026/08/16;1500 UTC;0;1016,3;1017,4;1015,4;383;19,8;18,8;19,8;19,5;18,9;18,4;95;92;94;131;6,9;3,3;
2026/08/16;1600 UTC;,2;1015,6;1016,3;1015,5;702,3;20,4;19,1;20,4;19,8;19,2;18,8;94;92;92;119;6,7;2,8;
2026/08/16;1700 UTC;,2;1015,1;1016;1015;366,7;19,7;19;20,5;19,7;19,2;18,8;95;91;95;112;6,6;3,3;
2026/08/16;1800 UTC;0;1014,5;1015,1;1014,5;412,4;19,9;19;19,9;19,6;19,1;18,9;96;94;94;104;7,1;2,8;
2026/08/16;1900 UTC;0;1014,3;1014,7;1014,3;714,3;20,3;19;20,5;20;19,3;19;94;92;92;118;6,9;3,3;
2026/08/16;2000 UTC;0;1013,8;1014,3;1013,8;439,3;20;18,8;20,3;20;19,1;18,8;93;92;93;124;6,6;3,7;
2026/08/16;2100 UTC;0;1012,7;1013,8;1012,6;153,9;19,7;18,8;20;19,7;18,9;18,8;94;93;94;95;7;1,7;
2026/08/16;2200 UTC;0;1012,4;1012,7;1012,3;,7;19,5;18,6;19,7;19,5;18,8;18,6;94;94;94;93;4,8;1,2;
2026/08/16;2300 UTC;0;1012,4;1012,4;1012,3;0;19;18,3;19,5;19;18,6;18,3;96;94;96;155;4;1,1;
2026/08/17;0000 UTC;0;1012,6;1012,7;1012,3;0;18,6;18,2;18,9;18,6;18,3;18,1;97;96;97;123;3;1,3;
2026/08/17;0100 UTC;0;1013,1;1013,1;1012,7;0;18,4;18,1;18,6;18,2;18,2;17,8;98;97;98;120;2,4;1,6;
2026/08/17;0200 UTC;0;1013,4;1013,4;1013,1;0;18,2;17,8;18,5;18,2;18,1;17,7;98;96;97;115;2,6;1,4;
2026/08/17;0300 UTC;0;1013,6;1013,6;1013,4;0;17,8;17,5;18,2;17,8;17,8;17,5;98;97;98;103;2,7;,7;
2026/08/17;0400 UTC;0;1013,7;1013,7;1013,4;0;17,6;17,5;17,8;17,3;17,5;17,1;99;98;99;122;2,3;1,2;
2026/08/17;0500 UTC;0;1013,7;1013,8;1013,7;0;17,6;17,5;17,6;17,6;17,5;17,4;99;99;99;110;1,8;1,1;
2026/08/17;0600 UTC;0;1013,3;1013,7;1013,3;0;17,8;17,6;17,8;17,6;17,6;17,5;99;99;99;107;2,4;,8;
2026/08/17;0700 UTC;0;1012,8;1013,4;1012,8;0;17,5;17,3;17,8;17,5;17,6;17,2;99;99;99;124;1,9;,9;
2026/08/17;0800 UTC;0;1012,5;1012,7;1012,4;0;17,1;17;17,6;17,1;17,4;17;99;99;99;119;1,9;,7;
2026/08/17;0900 UTC;0;1012;1012,5;1012;0;16,3;16,3;17,1;16,3;16,9;16,3;100;99;100;66;1,4;,7;
2026/08/17;1000 UTC;0;1012;1012;1011,8;1,4;15,7;15,7;16,3;15,6;16,3;15,6;100;100;100;63;1,5;,4;
2026/08/17;1100 UTC;0;1012;1012;1011,9;188,8;17;16,9;17;15,4;16,9;15,4;100;100;100;75;1,8;,8;
2026/08/17;1200 UTC;0;1012,6;1012,7;1012;742,3;21,1;18,9;21,1;17,1;19,3;17;100;87;88;46;2,2;1,3;
2026/08/17;1300 UTC;0;1013,1;1013,1;1012,6;1414,4;24,2;19,5;24,6;21,1;20,4;18,8;89;73;75;159;3,6;1,3;
2026/08/17;1400 UTC;0;1013;1013,2;1012,9;1870,4;28,8;19,7;28,8;24;21,5;19,4;79;57;58;324;5,3;3;
2026/08/17;1500 UTC;0;1014;1014;1012,8;2073,2;27,2;19,8;29,8;27,2;21,7;19,4;67;56;64;223;10,1;5,6;
2026/08/17;1600 UTC;0;1014,2;1014,5;1014,1;1936,4;25;19,6;27,1;24,9;20,1;19,1;72;64;72;194;11;4,6;
2026/08/17;1700 UTC;0;1013,5;1014,2;1013,5;2520,1;24;18,9;25,1;24;19,8;18,6;74;70;74;162;8,2;4,6;
2026/08/17;1800 UTC;0;1013;1013,5;1013;2022,8;24,8;19,2;25;24;19,8;18,7;74;70;71;153;7;2,9;
2026/08/17;1900 UTC;0;1013;1013,2;1013;1432,3;25,2;19,5;25,5;24,9;19,7;19;71;68;71;134;5,5;3;
2026/08/17;2000 UTC;0;1012,9;1013;1012,8;751,2;24,2;19,1;25,1;24,2;19,6;18,9;75;69;73;138;5,5;2,5;
2026/08/17;2100 UTC;0;1013,3;1013,3;1012,8;166;22,2;19;24,2;22,2;19,4;19;82;74;82;152;4,3;1,8;
2026/08/17;2200 UTC;0;1013,7;1013,7;1013,2;,7;20,4;18,5;22,1;20,4;18,9;18,5;89;82;89;163;4,1;1,6;
2026/08/17;2300 UTC;0;1014,1;1014,1;1013,7;0;20;18,3;20,4;20;18,6;18,3;90;89;90;112;2,7;1,1;
2026/08/18;0000 UTC;0;1013,5;1014,1;1013,5;0;19,4;18;20;19,4;18,3;18;92;89;91;107;2,9;1;
2026/08/18;0100 UTC;0;1013,5;1013,7;1013,5;0;19;18,2;19,4;18,9;18,2;17,9;95;92;95;162;2,1;1;
2026/08/18;0200 UTC;0;1013;1013,5;1013;0;18,4;17,9;19;18,4;18,2;17,7;96;95;96;334;1,6;,5;
2026/08/18;0300 UTC;0;1012,6;1013;1012,6;0;18;17,6;18,4;18;17,9;17,5;97;96;97;322;1,2;,6;
2026/08/18;0400 UTC;0;1012,6;1012,7;1012,5;0;17,8;17,5;18;17,8;17,6;17,5;98;97;98;314;1,1;,9;
2026/08/18;0500 UTC;0;1012,3;1012,7;1012,3;0;17,3;17,1;17,6;17,3;17,3;17,1;99;98;99;281;1,4;1;
2026/08/18;0600 UTC;0;1012,2;1012,3;1012,1;0;17,3;17,1;17,4;17,1;17,2;16,9;99;99;99;260;1,9;,9;
2026/08/18;0700 UTC;0;1013;1013;1011,9;0;17,4;17,2;17,4;17,3;17,2;17;99;99;99;269;4,6;1,9;
2026/08/18;0800 UTC;0;1014,7;1014,8;1012,9;0;18,3;17,3;18,7;17,4;18;17,2;99;93;94;194;11,6;3,5;
2026/08/18;0900 UTC;0;1015,7;1015,8;1014,6;0;18,2;17,3;18,7;18,1;17,3;17;94;91;94;139;7,7;3,2;
2026/08/18;1000 UTC;0;1016;1016;1015,7;,8;18,2;17,6;18,2;18,1;17,6;17,3;96;94;96;54;4,7;2,2;
2026/08/18;1100 UTC;0;1016,3;1016,3;1015,7;56,3;18,3;17,8;18,4;18,2;17,8;17,6;97;95;96;63;5,5;1,7;
2026/08/18;1200 UTC;0;1016,4;1016,4;1016;295,1;19;18;19;18,3;18;17,8;96;93;94;142;4,1;1,4;
2026/08/18;1300 UTC;0;1015,7;1016,5;1015,7;1156,8;20,7;18,3;20,7;19,1;18,5;17,8;94;85;86;103;3,3;1,6;
2026/08/18;1400 UTC;0;1015,3;1015,8;1014,9;1913,3;22,9;19;23,4;20,8;19,5;18,2;87;76;79;125;4,5;2;
2026/08/18;1500 UTC;0;1015,2;1015,6;1015,1;1917,1;23,9;19,8;24,1;21,7;20,1;18,7;84;75;78;172;5,5;3,3;
2026/08/18;1600 UTC;0;1014,9;1015,2;1014,8;2098;24,4;19,9;24,5;23,6;20,3;19,4;80;75;76;136;5,8;2,7;
2026/08/18;1700 UTC;0;1014,3;1014,9;1014,3;1969,6;24,6;20,3;25,3;24,3;20,9;19,4;77;72;77;115;5,8;2,3;
2026/08/18;1800 UTC;0;1013,9;1014,3;1013,6;1634,9;25;19,8;25,6;24,7;20,7;19,7;76;70;73;106;5,8;2,5;
2026/08/18;1900 UTC;0;1013,9;1014,1;1013,9;825,1;24,6;20,5;25,1;24,4;20,8;19,7;79;72;78;128;4;2,4;
2026/08/18;2000 UTC;0;1013,9;1014,1;1013,9;530,1;24,3;20,9;24,7;24,1;20,9;20,5;82;78;81;117;5,3;2,1;
2026/08/18;2100 UTC;0;1014,6;1014,6;1013,9;163;23,1;20,9;24,3;23,1;21,2;20,9;88;81;88;142;3,4;1,9;
2026/08/18;2200 UTC;0;1015,1;1015,1;1014,6;,2;22,3;20,6;23,1;22,3;20,9;20,6;90;88;90;124;3,6;1,6;
2026/08/18;2300 UTC;0;1015,7;1015,7;1015,1;0;21,5;20,3;22,3;21,5;20,6;20,3;93;90;93;108;2,9;1,3;
2026/08/19;0000 UTC;0;1016,4;1016,5;1015,7;0;20;19,1;21,5;20;20,3;19,1;96;93;94;298;2,7;1,4;
2026/08/19;0100 UTC;0;1016,8;1016,8;1016,4;0;19,2;18,7;19,9;19,2;19,1;18,7;97;95;97;352;2,3;,9;
2026/08/19;0200 UTC;0;1017,2;1017,5;1016,8;0;19,5;19;19,5;19,1;19,1;18,7;98;97;97;105;3,1;1,4;
2026/08/19;0300 UTC;0;1017,9;1017,9;1017,2;0;19,5;19,1;19,5;19,4;19,1;18,9;97;97;97;223;3,3;1,5;
2026/08/19;0400 UTC;0;1018,2;1018,2;1017,9;0;19,3;18,4;19,5;19,3;19,1;18,4;97;94;94;223;4,5;1,7;
2026/08/19;0500 UTC;0;1018,1;1018,5;1018,1;0;19,3;18;19,5;19,3;18,5;18;94;92;92;189;5,6;3,2;
2026/08/19;0600 UTC;0;1017,8;1018,5;1017,8;0;19;17,8;19,3;19;18,2;17,8;94;92;93;117;5,4;1,3;
2026/08/19;0700 UTC;0;1017,6;1017,9;1017,6;0;18,5;17,7;19;18,4;17,8;17,5;95;93;95;88;4,3;1;
2026/08/19;0800 UTC;0;1017,8;1017,8;1017,5;0;18,5;17,8;18,5;18,5;17,8;17,7;96;95;96;158;3;1,7;
2026/08/19;0900 UTC;0;1018,8;1018,8;1017,7;0;18,2;17,6;18,5;18,1;17,8;17,5;97;96;96;173;4,4;2,3;
2026/08/19;1000 UTC;0;1020,1;1020,1;1018,8;,4;17,1;16,6;18,2;17,1;17,6;16,6;97;96;97;194;5,2;2,4;
2026/08/19;1100 UTC;0;1021,2;1021,2;1019,9;27,6;17,2;16,6;17,3;16,9;16,6;16,2;97;95;96;342;4,9;1;
2026/08/19;1200 UTC;0;1021,1;1021,3;1020,6;199,7;17,3;16,6;17,3;16,9;16,7;16,4;97;95;96;88;4,7;1,1;
2026/08/19;1300 UTC;0;1021,6;1021,9;1021,1;231,6;17,7;16,4;17,7;17,4;16,7;16,2;96;92;92;121;4;2;
2026/08/19;1400 UTC;0;1022,2;1022,2;1021,5;306;17,9;16,3;18;17,7;16,5;16,2;92;90;91;162;4;1,6;
2026/08/19;1500 UTC;0;1021,3;1022,3;1021,3;282,3;18,2;16,6;18,2;17,8;16,7;16,2;91;89;90;148;3,8;1,8;
2026/08/19;1600 UTC;0;1020,7;1021,3;1020,6;323;17,7;16,3;18,2;17,6;16,8;16,2;93;90;91;151;4,8;1,5;
2026/08/19;1700 UTC;0;1020,2;1020,6;1019,9;323,4;17,7;16,4;18;17,7;16,5;16,2;93;91;92;150;4,1;2;
2026/08/19;1800 UTC;0;1020,1;1020,3;1020;369,3;17,8;16,3;17,9;17,6;16,5;16,1;93;90;91;155;4,3;2,5;
2026/08/19;1900 UTC;,2;1020,1;1020,3;1020,1;217,8;17,4;16,6;17,8;17,4;16,8;16,2;95;91;95;127;3,7;1,8;
2026/08/19;2000 UTC;0;1019,5;1020;1019,5;151,8;17,4;16,7;17,5;17,4;16,8;16,6;96;95;96;135;3,6;1,3;
2026/08/19;2100 UTC;0;1019,3;1019,9;1019,3;35,4;17,5;17;17,5;17,4;17;16,7;97;96;96;144;3,5;2;
2026/08/19;2200 UTC;0;1018,8;1019,5;1018,8;,3;17;16,5;17,6;17;17;16,5;97;96;97;165;5,2;3;
2026/08/19;2300 UTC;0;1019,5;1019,5;1018,8;0;17,7;16,8;17,7;17;16,8;16,3;97;95;95;159;5,2;1,7;
2026/08/20;0000 UTC;0;1019,4;1019,6;1019,2;0;17,5;16,8;17,8;17,4;16,9;16,7;96;94;96;145;3,9;1,4;
2026/08/20;0100 UTC;0;1019,3;1019,5;1019,2;0;17,8;17,6;17,8;17,5;17,6;16,9;99;96;99;132;3,2;1,5;
2026/08/20;0200 UTC;0;1019;1019,4;1018,7;0;18,2;18,2;18,3;17,8;18,2;17,6;100;99;100;120;3,7;1,5;
2026/08/20;0300 UTC;0;1018;1019;1018;0;18,5;18,4;18,5;18,2;18,4;18,2;100;100;100;117;4,4;2,5;
2026/08/20;0400 UTC;0;1016,8;1018;1016,8;0;18,6;18,4;18,6;18,5;18,5;18,4;100;99;99;111;5,1;2,5;
2026/08/20;0500 UTC;0;1015,8;1016,7;1015,8;0;18,6;18,3;18,6;18,6;18,4;18,2;99;98;98;90;6,6;2,3;
2026/08/20;0600 UTC;0;1014,5;1015,8;1014,5;0;18,6;18,3;18,6;18,6;18,3;18,3;98;98;98;105;5,6;2,1;
2026/08/20;0700 UTC;0;1013;1014,5;1012,9;0;18,7;18,3;18,7;18,6;18,3;18,3;98;97;97;107;7;2,2;
2026/08/20;0800 UTC;0;1012,4;1013,1;1012,4;0;18,7;18,2;18,7;18,7;18,3;18,2;97;97;97;104;5,4;1,9;
2026/08/20;0900 UTC;0;1011,7;1012,4;1011,5;0;18,7;18,2;18,7;18,7;18,2;18,2;97;97;97;85;4,3;1,4;
2026/08/20;1000 UTC;0;1011,5;1011,8;1011,5;1,1;18,5;18;18,7;18,5;18,2;18;97;97;97;100;3,4;,5;
2026/08/20;1100 UTC;0;1011,6;1012;1011,5;180,8;19;18,4;19;18,4;18,4;17,9;98;97;97;114;2,7;,9;
2026/08/20;1200 UTC;0;1012,1;1012,3;1011,6;309,5;19,6;18,5;19,6;19;18,6;18,2;96;94;94;68;3,7;1,3;
2026/08/20;1300 UTC;0;1012,3;1012,4;1012;326,9;20;18,6;20;19,6;18,7;18,5;94;91;92;16;2,2;,5;
2026/08/20;1400 UTC;0;1012,2;1012,3;1012;286,2;19,8;19;20,1;19,8;19,1;18,6;95;92;95;269;4;2,3;
2026/08/20;1500 UTC;4,2;1012,1;1012,7;1012;80,4;18,7;18,5;19,8;18,7;19;18,4;99;95;99;338;4,4;1,1;
2026/08/20;1600 UTC;7;1011,3;1012,6;1011;293,7;19,2;19;19,3;18,6;19,1;18,4;99;99;99;341;4;,9;
2026/08/20;1700 UTC;,6;1009,9;1011,3;1009,8;251,6;19,1;18,8;19,3;19,1;19,1;18,8;99;98;98;268;4,9;2,4;
2026/08/20;1800 UTC;0;1009,7;1010;1009,5;511,3;19,1;17,6;19,3;18,9;18,8;17,4;98;90;91;281;6,6;3,4;
2026/08/20;1900 UTC;0;1009,7;1009,9;1009,7;246,7;19,3;17,5;19,3;19;17,6;17,3;91;89;89;281;6,7;3,2;
2026/08/20;2000 UTC;0;1009,6;1009,7;1009,4;698;19,9;17,1;21;19,3;18,2;16,9;89;79;84;271;7,4;2,8;
2026/08/20;2100 UTC;0;1009,5;1009,6;1009,3;192,4;18,4;15,8;19,8;18,4;17,1;15,8;85;80;85;256;8,3;3,9;
2026/08/20;2200 UTC;0;1010,2;1010,2;1009,5;1,2;17,9;14,6;18,4;17,7;15,8;14,6;86;80;81;272;7,4;4;
2026/08/20;2300 UTC;0;1011,5;1011,5;1010,2;0;17,3;14,2;18;17;14,6;14,2;85;80;82;274;7,8;4,2;
2026/08/21;0000 UTC;0;1011,9;1011,9;1011,4;0;16,8;13,7;17,4;16,8;14,3;13,7;83;81;82;279;7,8;4;
2026/08/21;0100 UTC;0;1012,5;1012,5;1011,9;0;16,3;12,9;16,9;16,2;13,7;12,9;82;80;81;280;9,6;3,4;
2026/08/21;0200 UTC;0;1012,7;1012,7;1012,4;0;15,7;11,7;16,4;15,7;12,9;11,6;81;77;77;276;10,9;5,1;
2026/08/21;0300 UTC;0;1013;1013;1012,7;0;15,4;10,8;15,6;15;11,7;10,8;80;74;74;296;9,2;3,6;
2026/08/21;0400 UTC;0;1012,9;1013,2;1012,9;0;15,3;10,3;15,4;15,2;10,8;10,1;75;71;72;308;11;4,8;
2026/08/21;0500 UTC;0;1012,8;1012,9;1012,7;0;15,3;10;15,4;15,1;10,4;9,9;73;70;71;296;13,1;6;
2026/08/21;0600 UTC;0;1013,4;1013,4;1013;0;13,7;11,2;14;13,7;11,2;10,9;84;82;84;317;11,8;4,8;
2026/08/21;0700 UTC;0;1014,3;1014,3;1013,4;0;13,3;9,7;13,7;12,9;12;9,7;94;79;79;273;9,7;5,4;
2026/08/21;0800 UTC;0;1014,7;1014,8;1014,1;0;13,2;9,3;13,4;13,1;9,4;7,8;77;70;77;271;12,1;4,3;
2026/08/21;0900 UTC;0;1015,5;1015,5;1014,7;0;12,6;10,5;13,2;12,6;10,7;9,4;88;77;87;279;7,8;3,2;
2026/08/21;1000 UTC;0;1016,4;1016,4;1015,5;2,2;11,9;9,4;12,7;11,9;10,5;9,3;87;84;84;285;7,1;3,5;
2026/08/21;1100 UTC;0;1017,5;1017,6;1016,4;279,3;12,6;9,1;12,6;11,8;9,4;8,9;85;79;79;279;10;4,9;
2026/08/21;1200 UTC;0;1018,7;1018,7;1017,5;382,8;12;8,6;12,9;12;9,4;8,5;81;77;80;260;11,3;3,8;
2026/08/21;1300 UTC;0;1019,2;1019,3;1018,7;279,4;11,7;8;12;11,7;8,6;8;80;78;78;265;9;4,4;
2026/08/21;1400 UTC;0;1020,1;1020,1;1019,2;458,8;11,7;8,1;12,2;11,6;8,4;7,8;80;76;79;270;9,5;4,1;
2026/08/21;1500 UTC;0;1020,1;1020,2;1020;413,4;12,2;8,3;12,2;11,6;8,5;7,9;80;77;77;281;8,4;4,3;
2026/08/21;1600 UTC;0;1019,8;1020,1;1019,8;679,1;12,4;8,2;12,4;12;8,5;8;78;76;76;307;7,8;3,3;
2026/08/21;1700 UTC;0;1019,5;1019,8;1019,4;1233,9;13,4;8,7;13,7;12,4;9;8,2;76;71;73;288;7,9;3,3;
2026/08/21;1800 UTC;0;1019,2;1019,7;1019,2;1264,5;15;8,8;15,4;13,2;9,5;8,5;77;64;66;310;9;3,9;
2026/08/21;1900 UTC;0;1019,7;1019,9;1019,2;848,3;15;9,3;15,1;14,3;9,3;8,5;71;65;68;296;9;3,6;
2026/08/21;2000 UTC;0;1020,1;1020,1;1019,7;935,5;15,5;9,1;16;15,1;9,7;8,8;68;63;66;291;8;3,5;
2026/08/21;2100 UTC;0;1020,6;1020,6;1020,1;154,1;14,6;9,2;15,4;14,5;9,5;8,9;72;66;70;307;8,1;3,1;
2026/08/21;2200 UTC;0;1021,6;1021,6;1020,6;2,3;13,6;9,6;14,5;13,6;9,8;9,1;77;70;77;111;5,3;,9;
2026/08/21;2300 UTC;0;1022,4;1022,4;1021,7;0;13;8,6;13,6;13;9,7;8,6;78;73;74;182;5;2,1;
2026/08/22;0000 UTC;0;1023,1;1023,2;1022,3;0;11,7;6,8;13;11,7;8,8;6,4;76;69;71;196;7,4;3,9;
2026/08/22;0100 UTC;0;1023,6;1023,7;1023,3;0;11,3;6,6;11,6;11,3;7,1;6,3;74;71;73;209;7,4;3;
2026/08/22;0200 UTC;0;1023,9;1024;1023,6;0;11;5,2;11,3;11;6,6;5,2;73;67;67;212;6,5;3,4;
2026/08/22;0300 UTC;0;1023,9;1024;1023,9;0;11;4,7;11;10,8;5,6;4,5;69;64;65;220;6,5;2,6;
2026/08/22;0400 UTC;0;1024;1024;1023,8;0;10,2;4,8;10,9;10,2;5,2;4,3;70;64;69;225;7;2,4;
2026/08/22;0500 UTC;0;1024;1024,1;1023,9;0;9,9;5,1;10,3;9,9;5,4;4,9;72;69;72;238;5,4;2,4;
2026/08/22;0600 UTC;0;1024;1024,1;1024;0;9,8;5,4;9,9;9,7;5,5;5,1;75;72;74;236;4,7;2,1;
2026/08/22;0700 UTC;0;1023,9;1024,1;1023,9;0;9,3;5,8;9,8;9,3;6,1;5,4;80;74;79;258;3,6;1;
2026/08/22;0800 UTC;0;1024;1024;1023,8;0;9,6;4,9;9,6;9,2;6,1;4,8;80;72;73;215;6,2;3,6;
2026/08/22;0900 UTC;0;1024,4;1024,4;1024;0;9,4;3,9;9,6;9,2;5,1;3,7;75;68;68;233;6;2,4;
2026/08/22;1000 UTC;0;1025,2;1025,2;1024,5;2,6;8,8;4;9,4;8,8;4,3;3,6;73;68;72;239;5;2,7;
2026/08/22;1100 UTC;0;1025,7;1025,7;1025,2;226,4;8,9;5,3;8,9;8,3;5,3;3,7;80;71;78;271;5;1,3;
2026/08/22;1200 UTC;0;1026,3;1026,3;1025,7;1034,1;10,8;2;11;9;4,8;2;75;54;54;245;5,7;2,8;
2026/08/22;1300 UTC;0;1026,5;1026,5;1026,3;1608,9;11,2;1,7;11,3;10,1;3,1;,7;60;50;52;255;6,8;3,6;
2026/08/22;1400 UTC;0;1026,3;1026,6;1026,3;1916,2;11,9;1,6;12;10,7;2,8;1,6;57;49;49;282;6,9;3,9;
2026/08/22;1500 UTC;0;1025,6;1026,3;1025,5;2750,7;12,5;1,6;12,7;11,9;3;,6;52;44;47;264;9,5;4,6;
2026/08/22;1600 UTC;0;1024,5;1025,6;1024,5;2605,3;13,1;1,4;13,5;11,8;2,7;,6;51;43;45;275;9,2;4,2;
2026/08/22;1700 UTC;0;1023,6;1024,6;1023,6;2717,8;13,4;2,5;13,8;12,9;2,8;,3;49;42;48;271;9,2;4,3;
2026/08/22;1800 UTC;0;1022,9;1023,6;1022,8;2402,6;13,8;2,4;14,1;13,4;3,6;1,7;50;44;46;268;8,5;4,2;
2026/08/22;1900 UTC;0;1022,5;1022,9;1022,5;1755,4;14,1;3,1;14,3;13,7;3,9;2,3;50;45;47;264;8,5;3,8;
2026/08/22;2000 UTC;0;1022,6;1022,6;1022,5;1027,8;13,4;3;14,2;13,4;3,8;2,7;50;46;49;261;7,8;3,7;
2026/08/22;2100 UTC;0;1022,8;1022,8;1022,5;275;11,5;3,3;13,6;11,5;3,6;2,4;57;47;57;268;6,2;1,8;
2026/08/22;2200 UTC;0;1023,1;1023,1;1022,8;,7;9,3;4,1;11,5;9,3;4,8;2,8;72;56;70;323;4,6;1,3;
2026/08/22;2300 UTC;0;1023,5;1023,5;1023,1;0;8;4,4;9,3;7,3;5,2;4,2;85;70;78;295;3,1;1,6;
2026/08/23;0000 UTC;0;1024;1024;1023,6;0;7,5;4,5;8,2;7,4;5;4,3;83;78;82;299;3,2;1,5;
2026/08/23;0100 UTC;0;1024,4;1024,4;1024,1;0;6,1;4,7;7,2;6,1;4,9;4,6;90;84;90;320;2,6;1,4;
2026/08/23;0200 UTC;0;1024,5;1024,6;1024,4;0;5,4;4,7;6,4;5,4;4,7;4,4;95;87;95;311;2,6;1,2;
2026/08/23;0300 UTC;0;1024,6;1024,6;1024,4;0;5;4,5;5,4;5;4,7;4,5;97;95;96;314;2,1;1,2;
2026/08/23;0400 UTC;0;1024,6;1024,7;1024,6;0;4,5;4,2;5;4,3;4,5;3,9;98;96;98;323;2;1,1;
2026/08/23;0500 UTC;0;1024,5;1024,6;1024,3;0;4,3;4;4,6;4,3;4,4;4;98;97;98;313;1,5;,8;
2026/08/23;0600 UTC;0;1024,2;1024,5;1024,2;0;3,9;3,7;4,4;3,8;4,1;3,5;99;98;98;296;1,9;,7;
2026/08/23;0700 UTC;0;1024,4;1024,4;1024,2;0;3,9;3,7;4;3,7;3,9;3,5;99;98;99;162;1,4;,5;
2026/08/23;0800 UTC;0;1024,5;1024,5;1024,3;0;4,4;4,1;4,6;3,8;4,4;3,6;99;97;97;304;2,6;1,3;
2026/08/23;0900 UTC;0;1025;1025;1024,3;0;4,1;3,7;4,4;4;4;3,6;98;97;97;293;2,2;,7;
2026/08/23;1000 UTC;0;1025,6;1025,6;1025,1;2,9;3,6;3,4;4,2;3,6;3,8;3,4;99;97;99;254;1,1;,9;
2026/08/23;1100 UTC;0;1026,1;1026,1;1025,6;388,8;6,8;5,5;6,8;3,6;5,6;3,4;99;92;92;232;1,7;1,1;
2026/08/23;1200 UTC;0;1026,3;1026,3;1026;1036,9;9,4;5,5;9,4;6,8;6,2;5,2;91;75;77;291;5,7;3;
2026/08/23;1300 UTC;0;1026,5;1026,5;1026,1;1870;11,6;5,4;11,6;9,5;6,2;5;77;66;66;303;5,4;2,2;
2026/08/23;1400 UTC;0;1026,2;1026,5;1026,2;2355,3;12,8;3,5;13,1;11,4;6,5;3,1;69;51;53;291;5,2;2,6;
2026/08/23;1500 UTC;0;1025,7;1026,2;1025,7;2745;13,8;2,9;14,1;12,7;4,7;2,2;56;47;48;249;6,3;3;
2026/08/23;1600 UTC;0;1024,7;1025,6;1024,7;2858,9;14,7;1,7;14,8;13,8;4,2;-1,2;52;34;41;291;5,4;2,5;
2026/08/23;1700 UTC;0;1024,2;1024,8;1024,2;2730,7;15,8;1,3;15,8;14,3;3,3;,8;46;37;38;267;6,5;2,8;
2026/08/23;1800 UTC;0;1023,9;1024,2;1023,9;2411,3;16,1;1,7;16,1;15,4;3,1;,5;43;36;38;277;6,7;2,2;
2026/08/23;1900 UTC;0;1023,6;1023,9;1023,5;1754,1;16,5;2,5;16,5;15,6;3;1,4;42;37;39;276;6,6;2,2;
2026/08/23;2000 UTC;0;1023,7;1023,8;1023,6;1037,5;16,4;2,3;16,5;15,7;3,6;1,8;43;38;39;310;5,6;1,5;
2026/08/23;2100 UTC;0;1024,1;1024,1;1023,7;276,3;13,4;4,6;16,3;13,4;4,7;2,1;55;38;55;291;3,8;,8;
2026/08/23;2200 UTC;0;1025,2;1025,2;1024,1;,6;12,6;7,1;13,3;10,4;7,1;4,4;77;55;69;164;4,9;2,9;
2026/08/23;2300 UTC;0;1026,1;1026,1;1025,2;0;11,4;7,1;12,5;11,4;7,1;6,8;75;69;75;149;3,9;1,1;
2026/08/24;0000 UTC;0;1026,6;1026,6;1026,1;0;8,5;6,9;11,4;8,4;7,5;6,7;90;75;90;67;1,8;1;
2026/08/24;0100 UTC;0;1026,7;1026,8;1026,7;0;8,2;6,8;9,7;8,2;7,3;6,8;91;83;91;128;1,8;,8;
2026/08/24;0200 UTC;0;1026,6;1026,7;1026,5;0;8,5;6,8;9,1;7,9;7,3;6,8;94;87;89;98;2,6;,8;
2026/08/24;0300 UTC;0;1026,6;1026,6;1026,4;0;9,8;7,9;9,8;8,1;8;6,7;93;87;88;83;2,4;,9;
2026/08/24;0400 UTC;0;1026,3;1026,6;1026,3;0;9,3;7,4;9,9;9,3;8;7,4;89;86;88;92;2;,8;
2026/08/24;0500 UTC;0;1026,3;1026,4;1026,3;0;7;6,5;9,3;7;7,5;6,5;96;88;96;68;1,8;,3;
2026/08/24;0600 UTC;0;1026,1;1026,3;1026;0;5,8;5,4;7,1;5,8;6,7;5,4;98;97;98;14;1;,2;
2026/08/24;0700 UTC;0;1025,9;1026,1;1025,9;0;5,6;5,4;5,8;5,4;5,6;5,2;99;98;99;324;,8;,3;
2026/08/24;0800 UTC;0;1026;1026;1025,6;0;6,7;6,5;6,7;5,6;6,5;5,4;99;99;99;341;1,5;1;
2026/08/24;0900 UTC;0;1026,4;1026,4;1025,9;0;7,1;7;7,4;6,7;7,4;6,5;100;99;99;295;1,4;,4;
2026/08/24;1000 UTC;0;1027,2;1027,2;1026,4;2,5;7,9;7,7;7,9;7,1;7,7;7;99;99;99;46;1,1;,2;
2026/08/24;1100 UTC;0;1027,5;1027,5;1027,2;151,8;9,3;8,6;9,3;7,9;8,6;7,7;99;96;96;51;1,3;,4;
2026/08/24;1200 UTC;0;1028,1;1028,1;1027,5;414,3;10,9;7,5;10,9;9,4;8,6;6,7;95;76;79;183;2,4;,8;
2026/08/24;1300 UTC;0;1028;1028,3;1028;1069,4;11,2;7;12,1;11;8,4;6,8;83;72;75;140;3,8;2,5;
2026/08/24;1400 UTC;0;1027,9;1028,1;1027,9;2297,3;12,4;6,8;12,9;11,3;8,4;6,7;76;67;69;110;5,3;1,8;
2026/08/24;1500 UTC;0;1027;1027,9;1027;1555,6;13,5;7,5;13,5;12,1;8;6,4;74;64;67;158;4,4;2,4;
2026/08/24;1600 UTC;0;1026,2;1027;1026,2;2295,4;14,4;6,9;14,6;12,8;8,3;6,2;71;58;61;74;5;2,2;
2026/08/24;1700 UTC;0;1024,7;1026,2;1024,7;2426,5;14,5;6,8;15,2;13,7;7,8;6;64;56;60;131;4,9;2,8;
2026/08/24;1800 UTC;0;1024;1024,7;1023,9;1581,1;15,2;7,1;15,2;13,9;7,9;6,1;63;55;58;130;6,9;2,3;
2026/08/24;1900 UTC;0;1023,7;1023,9;1023,7;1200;14,3;6,9;15,2;13,9;7,7;6,7;64;58;61;123;6,8;2,8;
2026/08/24;2000 UTC;0;1024,1;1024,1;1023,6;753,2;12,8;6,8;14,5;12,8;7,4;6,5;68;60;67;137;6,5;3,3;
2026/08/24;2100 UTC;0;1024,3;1024,5;1024,1;155,2;11,3;6,2;12,8;11,3;7;6,1;71;67;71;141;7,3;3,8;
2026/08/24;2200 UTC;0;1024,3;1024,5;1024,2;,5;10,5;6;11,3;10,5;6,4;5,7;74;70;74;127;6,4;2,8;
2026/08/24;2300 UTC;0;1024,3;1024,4;1024,1;0;9,8;6,1;10,4;9,8;6,1;5,8;78;73;78;121;5,6;2,1;
2026/08/25;0000 UTC;0;1024,2;1024,4;1024;0;9,3;6,7;9,8;9,3;6,7;6;84;78;84;111;4,5;2,4;
2026/08/25;0100 UTC;0;1024,3;1024,3;1023,9;0;9,2;6,6;9,4;9,2;6,8;6,5;85;83;84;128;5,9;2,7;
2026/08/25;0200 UTC;0;1024,2;1024,4;1024,2;0;8,9;6,3;9,1;8,8;6,5;6,3;85;83;84;130;6,8;3,4;
2026/08/25;0300 UTC;0;1024,3;1024,4;1024,1;0;8,5;6,4;8,9;8,4;6,5;6,2;88;84;87;129;6;2,6;
2026/08/25;0400 UTC;0;1024;1024,2;1024;0;8,2;6,2;8,5;8,2;6,5;6,2;88;87;88;151;5;2;
2026/08/25;0500 UTC;0;1023,4;1024,2;1023,4;0;8,2;6,3;8,2;8;6,3;6,2;88;87;88;153;4,5;2,5;
2026/08/25;0600 UTC;0;1022,5;1023,4;1022,4;0;8,4;6,1;8,5;8,2;6,3;6,1;88;85;85;147;4,4;2,2;
2026/08/25;0700 UTC;0;1022,4;1022,7;1022,3;0;9,3;6,4;9,3;8,5;6,4;6,1;85;81;82;158;6,4;2,8;
2026/08/25;0800 UTC;0;1022,6;1022,6;1022,1;0;9,1;6,1;9,3;9;6,4;6,1;83;81;82;113;4,5;1,7;
2026/08/25;0900 UTC;0;1022,3;1022,6;1022,1;0;8,8;6,3;9,1;8,8;6,7;6,1;86;82;84;151;3,2;,8;
2026/08/25;1000 UTC;0;1022,2;1022,5;1022,2;4;8,6;6,8;9,1;8,6;7,1;6;90;81;88;50;2,6;,8;
2026/08/25;1100 UTC;0;1022,8;1022,8;1022,1;302,1;10,5;6,6;10,5;8,7;7;6,3;88;77;77;180;1,8;,5;
2026/08/25;1200 UTC;0;1023,1;1023,1;1022,7;795,8;10,8;7,2;11,4;10,4;7,6;6,6;81;76;79;159;3,8;2;
2026/08/25;1300 UTC;0;1022,4;1023,1;1022,2;774,5;12,3;8,3;12,3;10,8;8,6;7,3;81;76;77;120;4,2;2,1;
2026/08/25;1400 UTC;0;1022,4;1022,6;1022,4;811,9;13,5;8,9;13,6;12;9,4;8,2;80;74;74;91;4,6;2;
2026/08/25;1500 UTC;0;1021,5;1022,3;1021,5;1293,3;14,8;9,3;14,8;13,5;9,8;8,8;76;70;70;119;4,8;1,4;
2026/08/25;1600 UTC;0;1020,1;1021,5;1020,1;1586,4;15,9;10,8;15,9;14,6;10,8;9,2;75;68;71;157;3,7;1,8;
2026/08/25;1700 UTC;0;1018,8;1020,1;1018,8;1928,8;16,8;10,7;16,9;15,8;11,1;9,9;73;65;67;93;4,4;1,6;
2026/08/25;1800 UTC;0;1018,5;1018,9;1018,4;1625,3;17;10,6;17,4;16,5;11,5;10,5;71;65;66;157;4,5;2,2;
2026/08/25;1900 UTC;0;1017,6;1018,5;1017,6;1452,7;17,3;11,5;17,9;17;12,1;10,7;70;63;69;133;6;3,3;
2026/08/25;2000 UTC;0;1017,4;1017,5;1017,2;978,8;17;11,9;17,6;17;12,2;11,6;72;69;72;135;6;3,5;
2026/08/25;2100 UTC;0;1017,5;1017,5;1017,4;177,7;16,1;12,1;16,9;16,1;12,1;11,7;77;72;77;125;5,1;2,4;
2026/08/25;2200 UTC;0;1017,8;1017,8;1017,4;1,1;14,4;11,7;16,1;14,4;12,1;11,6;83;77;83;121;6,6;2,4;
2026/08/25;2300 UTC;0;1018,6;1018,7;1017,9;0;13,6;11,4;14,5;13,6;11,7;11,4;87;83;87;131;5,6;2,4;
2026/08/26;0000 UTC;0;1018,9;1018,9;1018,6;0;13,3;11,4;13,6;13,3;11,5;11,4;88;87;88;151;4,6;2,3;
2026/08/26;0100 UTC;0;1019,2;1019,3;1018,7;0;13,3;11,6;13,3;13,1;11,6;11,4;90;88;89;145;4,2;1,8;
2026/08/26;0200 UTC;0;1018,9;1019,2;1018,8;0;13,1;11,6;13,4;13,1;11,7;11,6;91;89;91;121;4;1,9;
2026/08/26;0300 UTC;0;1017,9;1018,9;1017,9;0;12,4;11,5;13,1;12,4;11,6;11,4;95;91;95;73;3,2;,9;
2026/08/26;0400 UTC;0;1017,9;1018,3;1017,9;0;12,4;11,8;12,4;12,2;11,8;11,5;96;95;96;133;2,7;1,5;
2026/08/26;0500 UTC;0;1017,6;1018,1;1017,6;0;12,4;11,9;12,5;12,3;11,9;11,7;97;96;97;92;2,5;,9;
2026/08/26;0600 UTC;0;1017,1;1017,6;1017,1;0;12,7;12;12,7;12,5;12;11,9;97;95;95;87;2,2;,9;
2026/08/26;0700 UTC;0;1016,2;1017,1;1016,2;0;12,4;11,9;12,7;12,4;12;11,9;97;95;97;66;2,7;,9;
2026/08/26;0800 UTC;0;1015,8;1016,2;1015,7;0;11,8;11,7;12,4;11,8;11,9;11,5;99;97;99;341;3,3;1,1;
2026/08/26;0900 UTC;0;1016,1;1016,1;1015,7;0;11,9;11,6;11,9;11,8;11,7;11,6;99;98;98;298;2,5;,9;
2026/08/26;1000 UTC;0;1016,2;1016,4;1016;1,6;12;11,7;12;11,9;11,7;11,6;98;98;98;309;2;,4;
2026/08/26;1100 UTC;0;1016,3;1016,5;1016,2;79,2;12;11,7;12,1;12;11,9;11,7;99;98;98;332;1,9;,4;
2026/08/26;1200 UTC;0;1016,8;1016,9;1016,1;269,1;12,3;11,8;12,5;12;12,1;11,7;99;96;97;347;2,7;1,5;
2026/08/26;1300 UTC;0;1016,9;1017,2;1016,8;467,4;12,8;12;12,9;12,3;12,1;11,7;97;95;95;200;2,6;1;
2026/08/26;1400 UTC;0;1017;1017;1016,9;886,3;14,2;12,6;14,2;12,9;12,6;12;95;88;90;157;3,6;1,9;
2026/08/26;1500 UTC;0;1015,8;1017;1015,8;2255,8;17,5;14,1;17,5;14,3;14,1;12,4;90;77;80;157;4,5;2,6;
2026/08/26;1600 UTC;0;1014,1;1015,8;1014,1;2667;19,7;14,2;19,7;17,5;14,5;13,3;79;67;71;115;5,9;3,4;
2026/08/26;1700 UTC;0;1012,4;1014,1;1012,4;2498,9;22,1;15,7;22,1;19,8;15,7;13,7;71;63;67;91;5,6;2,8;
2026/08/26;1800 UTC;0;1010,8;1012,4;1010,8;2228,8;23,4;16;23,4;22,1;16,1;14,8;66;61;63;128;6;3,1;
2026/08/26;1900 UTC;0;1010;1010,8;1010;1603,2;24,4;16,3;24,4;23,5;16,6;15,6;64;60;61;115;5,8;2,6;
2026/08/26;2000 UTC;0;1009,8;1010;1009,7;910,8;23;16,5;24,4;23;16,8;16,1;67;61;67;125;6,2;3,5;
2026/08/26;2100 UTC;0;1010,3;1010,3;1009,8;208,3;20,9;16,2;23;20,9;16,5;16;75;67;75;109;6,3;1,9;
2026/08/26;2200 UTC;0;1010,7;1010,7;1010,3;1,7;19;15,7;20,8;19;16,2;15,7;81;75;81;133;4,7;2,2;
2026/08/26;2300 UTC;0;1010,9;1010,9;1010,7;0;17,8;15,5;19;17,8;15,7;15,5;86;81;86;109;5;2,5;
2026/08/27;0000 UTC;0;1011,3;1011,3;1010,9;0;16,9;15,5;17,8;16,9;15,6;15,5;91;86;91;101;4,4;1,8;
2026/08/27;0100 UTC;0;1011,7;1011,9;1011,3;0;16,6;15,5;17;16,6;15,6;15,4;93;91;93;128;3,8;1,4;
2026/08/27;0200 UTC;0;1011,6;1011,7;1011,6;0;16,2;15,3;16,6;16,2;15,4;15,2;95;93;95;97;3;1,2;
2026/08/27;0300 UTC;0;1011,1;1011,6;1011,1;0;16;15,2;16,2;15,9;15,4;15,1;96;95;95;119;2,6;1,6;
2026/08/27;0400 UTC;0;1010,8;1011,2;1010,8;0;15,6;15,1;16;15,6;15,2;15,1;97;95;97;111;3;1;
2026/08/27;0500 UTC;0;1010,5;1010,9;1010,5;0;15,7;15,1;15,7;15,4;15,1;14,9;97;96;96;113;2,6;1,6;
2026/08/27;0600 UTC;0;1009,9;1010,4;1009,9;0;15,2;14,7;15,4;15,2;14,9;14,7;97;96;97;103;2,7;1,2;
2026/08/27;0700 UTC;0;1009,5;1009,9;1009,5;0;14,9;14,5;15,2;14,9;14,8;14,5;97;97;97;88;2,7;,4;
2026/08/27;0800 UTC;0;1009,5;1009,6;1009,5;0;15;14,6;15,1;14,8;14,8;14,4;98;97;98;104;2,7;1,4;
2026/08/27;0900 UTC;0;1010;1010;1009,5;0;14,9;14,5;15;14,8;14,6;14,5;98;98;98;83;2,6;,4;
2026/08/27;1000 UTC;0;1010,3;1010,3;1010;5,8;14,5;14,3;14,9;14,4;14,5;14,1;98;98;98;115;1,6;,7;
2026/08/27;1100 UTC;0;1010,3;1010,4;1010,3;261,4;16,8;15,1;16,8;14,5;15,2;14,2;99;90;90;109;2;1,3;
2026/08/27;1200 UTC;0;1010,5;1010,6;1010,3;784,4;19;16,2;19,2;16,8;16,4;15,1;90;81;84;135;2,6;1,2;
2026/08/27;1300 UTC;0;1009,9;1010,5;1009,9;1366,7;22,8;17,4;22,8;18,9;17,6;16;85;71;71;61;2,2;1,1;
2026/08/27;1400 UTC;0;1008,8;1009,9;1008,8;1719,9;24,7;18,7;25,6;22,7;19,3;17;76;62;69;164;3,2;,9;
2026/08/27;1500 UTC;0;1007,4;1008,8;1007,4;2320,1;28,6;17,7;28,6;24,7;19,1;16,6;70;49;52;19;7,1;3,5;
2026/08/27;1600 UTC;0;1006;1007,4;1006;2324,9;29,5;17,4;29,8;28,6;18,9;17,1;55;47;48;22;6,5;2,5;
2026/08/27;1700 UTC;0;1004,7;1006;1004,7;1561,5;30,5;18,5;31;29,4;18,9;16,9;53;43;49;8;6,7;2,5;
2026/08/27;1800 UTC;0;1003,4;1004,7;1003,4;1273,6;31,1;18,3;31,1;30,5;18,9;16,9;49;43;46;341;4,6;1,3;
2026/08/27;1900 UTC;0;1002,6;1003,4;1002,6;1050,4;30,9;19,7;31,3;30,6;20,4;17,3;55;44;51;95;4,2;1,3;
2026/08/27;2000 UTC;0;1002,8;1002,8;1002,5;550,6;28,1;20,6;30,5;28,1;20,9;20;64;53;64;107;6;1,6;
2026/08/27;2100 UTC;0;1003;1003,1;1002,5;196,4;26,7;20,9;28,1;26,7;21,6;20,6;71;64;71;98;2,7;,9;
2026/08/27;2200 UTC;0;1003,2;1003,2;1002,9;5,3;24,5;20,5;26,6;24;21,7;20,5;83;72;79;146;2,6;1,1;
2026/08/27;2300 UTC;0;1003,6;1003,6;1003,2;0;23,9;20,5;24,8;23,9;20,6;20,4;81;77;81;117;3,2;1,2;
2026/08/28;0000 UTC;0;1003,7;1003,9;1003,6;0;22,3;20,3;23,9;22,3;20,5;20,3;88;81;88;104;2,5;,9;
2026/08/28;0100 UTC;0;1003,4;1003,7;1003,4;0;21;19,8;22,3;21;20,2;19,7;93;87;93;72;2,2;,9;
2026/08/28;0200 UTC;0;1003,3;1003,4;1003,2;0;19,1;18,6;21;19;19,7;18,3;97;92;97;264;1,4;1;
2026/08/28;0300 UTC;0;1003,8;1003,8;1003,4;0;18,6;18;19,5;18,6;18,9;17,9;97;95;97;285;1,8;1;
2026/08/28;0400 UTC;0;1004,7;1004,7;1003,8;0;19,5;18,4;19,6;18,6;18,7;18;97;93;93;270;2,8;1,3;
2026/08/28;0500 UTC;0;1005,2;1005,4;1004,7;0;22,8;19,1;22,8;19,1;19,3;17,8;95;80;80;242;4,1;1,8;
2026/08/28;0600 UTC;0;1005;1005,3;1004,9;0;20,7;18,2;22,9;20,7;19,3;18,2;86;80;86;126;6,6;2,2;
2026/08/28;0700 UTC;0;1003,5;1005;1003,5;0;20,2;18,4;20,7;20,2;18,4;18,2;89;86;89;81;5,2;1,5;
2026/08/28;0800 UTC;0;1002,3;1003,5;1002,2;0;19,7;18,3;20,2;19,7;18,4;18,2;91;89;91;122;5,1;1,7;
2026/08/28;0900 UTC;0;1001,5;1002,2;1001,3;0;19,2;18,2;19,7;19,2;18,3;18,1;94;91;94;164;3,5;1,3;
2026/08/28;1000 UTC;0;1001,9;1001,9;1001,1;1,1;19,1;18,1;19,3;19,1;18,3;18;95;93;94;172;2,6;1,2;
2026/08/28;1100 UTC;0;1004,2;1004,3;1002;39,8;19,5;16,8;20,5;19,1;18,4;16,7;94;83;85;197;12,8;4,1;
2026/08/28;1200 UTC;1,2;1007;1007;1004;18,9;18,1;17,1;19,4;18,1;17,2;16,6;94;84;94;156;12,1;4,7;
2026/08/28;1300 UTC;7;1007,3;1008,3;1006,8;14,1;17,3;16,6;18,2;17,3;17,2;16,6;96;93;96;121;11,2;5;
2026/08/28;1400 UTC;2,8;1008,4;1008,8;1006,8;63,2;17,3;16,5;17,3;17,2;16,6;16,5;96;95;95;118;9,8;3,7;
2026/08/28;1500 UTC;1,2;1007,9;1008,4;1006,9;331;17,7;17;17,7;17,3;17,1;16,5;96;95;96;111;7,9;1,3;
2026/08/28;1600 UTC;8,8;1009,3;1009,7;1007,5;69,2;17,4;17,2;17,7;17,4;17,2;17;99;96;99;250;4,7;2,4;
2026/08/28;1700 UTC;4,6;1008,6;1009,5;1007;142,2;17,4;17,2;17,6;17,4;17,4;17,2;99;99;99;162;6,5;2,9;
2026/08/28;1800 UTC;1,8;1006,5;1008,7;1006,5;200,1;17,3;16,8;17,5;17,3;17,2;16,8;99;97;97;122;6,2;3,6;
2026/08/28;1900 UTC;,2;1006,6;1007,2;1006,3;291,2;17,4;16,7;17,4;17,2;16,8;16,6;98;96;96;89;6;2;
2026/08/28;2000 UTC;0;1005,5;1006,7;1005,4;65;17,3;16,7;17,4;17,3;16,7;16,5;96;95;96;88;6,5;2,1;
2026/08/28;2100 UTC;0;1006,2;1007,9;1005,1;9,5;17,4;17;17,8;17,3;17;16,7;97;94;97;41;5,9;2,5;
2026/08/28;2200 UTC;0;1006,8;1007;1005,7;0;17,6;17,1;17,6;17,4;17,1;16,9;98;96;97;194;4,2;2,1;
2026/08/28;2300 UTC;0;1006,4;1007,3;1005,3;0;17,5;17;17,6;17,4;17,1;16,9;97;96;97;179;4,2;1,6;
2026/08/29;0000 UTC;1,6;1008,3;1008,6;1006,3;0;17,5;17;17,6;17,5;17;16,9;97;96;97;110;5;,9;
2026/08/29;0100 UTC;,6;1008,1;1008,7;1007,1;0;17,3;16,9;17,5;17,3;17;16,9;98;97;98;144;4,4;1,7;
2026/08/29;0200 UTC;,2;1008,7;1009,8;1008,3;0;17;16,8;17,3;17;17;16,8;99;98;99;125;3,6;1,2;
2026/08/29;0300 UTC;0;1010,2;1010,4;1008,7;0;17,1;17;17,1;16,9;17;16,7;99;99;99;220;3,8;,9;
2026/08/29;0400 UTC;0;1010,4;1010,6;1009,7;0;17,1;16,5;17,2;17,1;17;16,4;99;96;96;139;4,9;2,2;
2026/08/29;0500 UTC;1,2;1010;1012,1;1010;,1;16,9;16,4;17,2;16,9;16,5;16,4;97;96;97;128;6,6;2;
2026/08/29;0600 UTC;,2;1010,8;1011;1009,9;0;16,4;15,9;16,7;16,3;16,1;15,9;97;96;97;149;6,4;1,9;
2026/08/29;0700 UTC;0;1009,7;1011,2;1009,7;0;16,3;15,9;16,4;16,3;16;15,9;98;97;97;78;4;1,8;
2026/08/29;0800 UTC;0;1009,8;1010,1;1009,3;0;16,1;15,6;16,3;16,1;15,9;15,6;98;97;97;77;4,6;2,4;
2026/08/29;0900 UTC;0;1009,9;1010,9;1009,5;0;16,1;15,8;16,2;16,1;15,8;15,6;98;97;98;149;4;1,9;
2026/08/29;1000 UTC;0;1010,1;1010,4;1009,6;10,2;16,1;15,6;16,1;16;15,8;15,6;98;97;97;116;4;1,6;
2026/08/29;1100 UTC;0;1013,1;1013,1;1010;78,3;16,3;15,9;16,3;16,1;15,9;15,6;97;97;97;209;3,3;1,2;
2026/08/29;1200 UTC;0;1012;1013,8;1012;208,3;16,7;15,7;16,7;16,3;16;15,7;98;94;94;167;4,3;2,4;
2026/08/29;1300 UTC;0;1012,9;1012,9;1011,4;258,6;16,9;15,6;17;16,7;15,9;15,4;94;91;92;151;6;1,6;
2026/08/29;1400 UTC;0;1013,9;1014,1;1012,5;169,8;16,6;15,5;17,1;16,6;15,9;15,5;94;92;93;204;7,2;4,6;
2026/08/29;1500 UTC;0;1013,2;1014,5;1012,5;627,1;16,9;15,3;16,9;16,5;15,7;15,2;94;90;90;172;7,4;2,6;
2026/08/29;1600 UTC;0;1013;1013,4;1012,3;760,5;17,4;15,7;18;16,9;16;15,2;90;85;90;174;4,6;1,7;
2026/08/29;1700 UTC;1;1011,8;1012,9;1011,6;214,7;16,7;15,9;17,5;16,7;16,3;15,5;95;88;95;169;5,6;3;
2026/08/29;1800 UTC;,2;1011,2;1013;1011,1;240,1;16,4;15,7;16,7;16,2;15,9;15,5;96;95;96;149;6,7;3,2;
2026/08/29;1900 UTC;,4;1012,7;1012,9;1011,2;190,7;16;15,4;16,4;15,9;15,7;15,3;97;95;96;179;6,9;3,1;
2026/08/29;2000 UTC;,4;1012,3;1012,8;1011,6;150;15,9;15,5;16;15,7;15,5;15,2;98;96;98;157;7,2;2,1;
2026/08/29;2100 UTC;0;1013,4;1013,7;1012,2;30,4;15,9;15,5;15,9;15,9;15,5;15,4;98;97;98;173;3,8;1,3;
2026/08/29;2200 UTC;0;1014;1014,2;1013,3;,4;15,8;15,7;15,9;15,8;15,7;15,5;99;98;99;155;2,9;1,5;
2026/08/29;2300 UTC;0;1014,1;1014,3;1013,7;0;16;16;16;15,8;16;15,7;100;99;100;165;2,8;1;
2026/08/30;0000 UTC;0;1014,9;1014,9;1013,9;0;16,2;16,2;16,2;16;16,2;16;100;100;100;145;2,5;1,1;
2026/08/30;0100 UTC;0;1015,4;1015,4;1014,9;0;16,3;16,3;16,3;16,2;16,3;16,2;100;100;100;184;3,9;1,9;
2026/08/30;0200 UTC;0;1015,8;1015,8;1015,3;0;16,1;15,9;16,3;16,1;16,3;15,9;100;99;99;184;5,3;3;
2026/08/30;0300 UTC;0;1015,9;1016,2;1015,7;0;16,2;15,8;16,2;16,1;15,9;15,7;99;97;98;122;4,9;2,2;
2026/08/30;0400 UTC;,2;1015,5;1015,9;1015,4;0;16,3;16,1;16,3;16,2;16,1;15,8;99;98;99;125;4,5;2,4;
2026/08/30;0500 UTC;0;1016;1016,1;1015,6;0;16,4;16,2;16,4;16,3;16,2;16,1;99;99;99;119;3,6;1,8;
2026/08/30;0600 UTC;0;1015,5;1015,7;1015,3;0;16,4;16,4;16,4;16,3;16,4;16,2;100;99;100;133;3,7;1,7;
2026/08/30;0700 UTC;0;1015,3;1015,6;1015,2;0;16,4;16,4;16,5;16,4;16,4;16,4;100;100;100;127;4;2,1;
2026/08/30;0800 UTC;0;1015,1;1015,3;1014,9;0;16,4;16,4;16,4;16,4;16,4;16,4;100;100;100;123;5;2,4;
2026/08/30;0900 UTC;0;1015,8;1015,8;1015,1;0;16,4;16,1;16,5;16,4;16,4;16,1;100;98;98;127;5,7;2,3;
2026/08/30;1000 UTC;0;1015,9;1016;1015,8;2,9;16,6;16,4;16,6;16,4;16,4;16,1;99;98;99;131;5;2,7;
2026/08/30;1100 UTC;0;1016,6;1016,6;1015,9;106,3;16,8;16,6;16,8;16,6;16,6;16,4;99;99;99;110;5,8;2,5;
2026/08/30;1200 UTC;0;1016,8;1016,9;1016,6;310,9;17,5;16,7;17,5;16,8;16,7;16,5;99;95;95;118;8,1;3,9;
2026/08/30;1300 UTC;0;1016,4;1016,8;1016,4;1006,3;19,5;16,7;19,5;17,4;17,3;16,7;96;84;84;104;10,4;4,6;
2026/08/30;1400 UTC;0;1016,6;1016,7;1015,9;1574,5;20,4;16,9;20,6;19,6;17,7;16,7;85;79;80;95;10,2;4,4;
2026/08/30;1500 UTC;0;1015,5;1016,9;1015,5;1389,7;20,9;16,7;21,1;20,3;17,3;16,6;83;76;77;113;9,8;5,1;
2026/08/30;1600 UTC;0;1015;1015,8;1015;1127,1;20,9;16,6;21;20,6;16,8;16,3;78;75;77;116;10,3;5,6;
2026/08/30;1700 UTC;0;1014,7;1015,4;1014,6;1017,2;20,8;17,2;20,9;20,7;17,2;16,5;80;77;80;116;9,9;4,6;
2026/08/30;1800 UTC;0;1014,7;1014,8;1014,3;578,6;19,5;16,6;20,8;19,5;17,2;16,4;84;77;83;117;12,2;5;
2026/08/30;1900 UTC;0;1014,5;1014,7;1014;269,8;19,2;16,2;19,5;19,2;16,5;16,1;83;82;83;111;11,3;4,9;
2026/08/30;2000 UTC;0;1014,3;1014,4;1013,9;347;18,9;16,2;19,3;18,9;16,4;16,1;84;82;84;115;12,2;5,2;
2026/08/30;2100 UTC;0;1013,7;1014,5;1013,7;85,7;18,1;15,9;18,9;18,1;16,2;15,8;87;84;86;109;10,7;4,4;
2026/08/30;2200 UTC;0;1014,3;1015,5;1013,6;1,1;17,9;15,8;18,1;17,9;15,9;15,7;87;87;87;121;8,6;4,2;
2026/08/30;2300 UTC;0;1014,9;1015,2;1013,8;0;17,7;15,6;17,9;17,7;15,8;15,6;88;87;88;117;9,7;3,6;
2026/08/31;0000 UTC;0;1021,3;1021,3;1014,1;0;18;15,7;18;17,6;15,8;15,6;89;87;87;207;10,8;3,6;
2026/08/31;0100 UTC;0;1016,6;1020,1;1015,3;0;17,4;15,6;18;17,4;15,7;15,5;90;86;89;113;9,7;4,2;
2026/08/31;0200 UTC;0;1015,1;1016,6;1014,7;0;17,3;15,9;17,5;17,1;15,9;15,6;92;89;91;104;10,1;4,4;
2026/08/31;0300 UTC;0;1014,9;1015,2;1014,8;0;17,4;16,1;17,4;17,3;16,1;15,9;92;91;92;111;8,4;3,7;
2026/08/31;0400 UTC;0;1014,2;1015,3;1014,1;0;17,2;16;17,4;17,2;16,1;16;93;92;93;103;8,5;3;
2026/08/31;0500 UTC;0;1014,1;1014,2;1013,9;0;17,1;16;17,2;17,1;16;16;93;93;93;111;7,7;3,3;
2026/08/31;0600 UTC;0;1013,4;1014,3;1012,5;0;16,9;15,6;17;16,8;15,8;15,5;93;91;92;108;9,3;3,1;
2026/08/31;0700 UTC;0;1013,3;1014;1013,2;0;16,7;15,4;17;16,7;15,6;15,4;92;91;92;102;8,6;3;
2026/08/31;0800 UTC;0;1013;1013,2;1012,7;0;16,5;15,3;16,7;16,5;15,4;15,3;93;92;92;117;8,2;3,1;
2026/08/31;0900 UTC;0;1011,9;1013;1011,9;0;16,4;15,1;16,5;16,3;15,3;15;93;91;92;109;8,2;3,7;
2026/08/31;1000 UTC;0;1012,5;1012,6;1011,5;9,3;16,9;15,3;16,9;16,4;15,3;15;92;91;91;104;10,4;4,6;
2026/08/31;1100 UTC;0;1013,1;1013,5;1012,6;310,1;17,6;15,7;17,7;16,9;15,8;15,3;91;88;89;110;8,7;4,7;
2026/08/31;1200 UTC;0;1013,1;1013,4;1013;680,7;18,6;16,1;18,6;17,6;16,2;15,7;88;85;86;106;10,3;4,6;
2026/08/31;1300 UTC;0;1012,8;1013,1;1012,6;1039,7;19,4;16,7;19,4;18,6;16,8;16;86;84;85;106;11,8;5,5;
2026/08/31;1400 UTC;0;1012,8;1013,1;1012,7;710,8;19;16,6;19,7;19;17;16,6;87;84;86;113;11,5;5,9;
2026/08/31;1500 UTC;0;1011,6;1012,8;1011,6;558,1;19,1;16,9;19,1;18,9;16,9;16,6;88;86;87;107;11,5;5;
2026/08/31;1600 UTC;0;1011;1011,5;1010,7;327,7;18,7;16,9;19;18,7;17;16,8;89;87;89;117;11,5;4,5;
2026/08/31;1700 UTC;0;1010,2;1011;1010,2;180,1;18,5;17,2;18,7;18,5;17,2;16,7;92;88;92;111;10,1;4,7;
2026/08/31;1800 UTC;0;1010,3;1010,3;1009,9;153;18,3;16,9;18,5;18,3;17,2;16,9;92;91;91;109;9,6;4,4;
2026/08/31;1900 UTC;0;1010,9;1011;1010,3;135,5;18,3;16,6;18,4;18,3;16,9;16,5;91;89;89;105;8,3;3,2;
2026/08/31;2000 UTC;0;1009,5;1010,9;1009,5;127,1;18;16,7;18,3;18;16,7;16,5;92;89;92;108;8,1;3,6;
2026/08/31;2100 UTC;0;1009,2;1009,5;1008,3;60,6;18;16,7;18;17,8;16,7;16,6;93;92;92;132;9,5;4;
2026/08/31;2200 UTC;0;1009,8;1009,9;1008,9;1,4;17,8;16,8;18;17,8;16,8;16,7;94;92;94;136;8,6;2,6;
2026/08/31;2300 UTC;0;1010,9;1010,9;1009,8;0;17,7;16,9;17,8;17,7;16,9;16,8;95;94;95;125;5,4;2,1;
