REGIAO:;S
UF:;RS
ESTACAO:;GARRUCHOS
CODIGO (WMO):;B834
LATITUDE:;-28,19694444
LONGITUDE:;-55,62972221
ALTITUDE:;0
DATA DE FUNDACAO:;13/10/25
Data;Hora UTC;PRECIPITAÇÃO TOTAL, HORÁRIO (mm);PRESSAO ATMOSFERICA AO NIVEL DA ESTACAO, HORARIA (mB);PRESSÃO ATMOSFERICA MAX.NA HORA ANT. (AUT) (mB);PRESSÃO ATMOSFERICA MIN. NA HORA ANT. (AUT) (mB);RADIACAO GLOBAL (Kj/m²);TEMPERATURA DO AR - BULBO SECO, HORARIA (°C);TEMPERATURA DO PONTO DE ORVALHO (°C);TEMPERATURA MÁXIMA NA HORA ANT. (AUT) (°C);TEMPERATURA MÍNIMA NA HORA ANT. (AUT) (°C);TEMPERATURA ORVALHO MAX. NA HORA ANT. (AUT) (°C);TEMPERATURA ORVALHO MIN. NA HORA ANT. (AUT) (°C);UMIDADE REL. MAX. NA HORA ANT. (AUT) (%);UMIDADE REL. MIN. NA HORA ANT. (AUT) (%);UMIDADE RELATIVA DO AR, HORARIA (%);VENTO, DIREÇÃO HORARIA (gr) (° (gr));VENTO, RAJADA MAXIMA (m/s);VENTO, VELOCIDADE HORARIA (m/s);
2026/01/01;0000 UTC;;;;;;;;;;;;;;;;;;
2026/01/01;0100 UTC;;;;;;;;;;;;;;;;;;
2026/01/01;0200 UTC;;;;;;;;;;;;;;;;;;
2026/01/01;0300 UTC;;;;;;;;;;;;;;;;;;
2026/01/01;0400 UTC;;;;;;;;;;;;;;;;;;
2026/01/01;0500 UTC;;;;;;;;;;;;;;;;;;
2026/01/01;0600 UTC;;;;;;;;;;;;;;;;;;
2026/01/01;0700 UTC;;;;;;;;;;;;;;;;;;
2026/01/01;0800 UTC;;;;;;;;;;;;;;;;;;
2026/01/01;0900 UTC;;;;;;;;;;;;;;;;;;
2026/01/01;1000 UTC;;;;;;;;;;;;;;;;;;
2026/01/01;1100 UTC;;;;;;;;;;;;;;;;;;
2026/01/01;1200 UTC;;;;;;;;;;;;;;;;;;
2026/01/01;1300 UTC;;;;;;;;;;;;;;;;;;
2026/01/01;1400 UTC;;;;;;;;;;;;;;;;;;
2026/01/01;1500 UTC;;;;;;;;;;;;;;;;;;
2026/01/01;1600 UTC;;;;;;;;;;;;;;;;;;
2026/01/01;1700 UTC;;;;;;;;;;;;;;;;;;
2026/01/01;1800 UTC;;;;;;;;;;;;;;;;;;
2026/01/01;1900 UTC;;;;;;;;;;;;;;;;;;
2026/01/01;2000 UTC;;;;;;;;;;;;;;;;;;
2026/01/01;2100 UTC;;;;;;;;;;;;;;;;;;
2026/01/01;2200 UTC;;;;;;;;;;;;;;;;;;
2026/01/01;2300 UTC;;;;;;;;;;;;;;;;;;
2026/01/02;0000 UTC;;;;;;;;;;;;;;;;;;
2026/01/02;0100 UTC;;;;;;;;;;;;;;;;;;
2026/01/02;0200 UTC;;;;;;;;;;;;;;;;;;
2026/01/02;0300 UTC;;;;;;;;;;;;;;;;;;
2026/01/02;0400 UTC;;;;;;;;;;;;;;;;;;
2026/01/02;0500 UTC;;;;;;;;;;;;;;;;;;
2026/01/02;0600 UTC;;;;;;;;;;;;;;;;;;
2026/01/02;0700 UTC;;;;;;;;;;;;;;;;;;
2026/01/02;0800 UTC;;;;;;;;;;;;;;;;;;
2026/01/02;0900 UTC;;;;;;;;;;;;;;;;;;
2026/01/02;1000 UTC;;;;;;;;;;;;;;;;;;
2026/01/02;1100 UTC;;;;;;;;;;;;;;;;;;
2026/01/02;1200 UTC;;;;;;;;;;;;;;;;;;
2026/01/02;1300 UTC;;;;;;;;;;;;;;;;;;
2026/01/02;1400 UTC;;;;;;;;;;;;;;;;;;
2026/01/02;1500 UTC;;;;;;;;;;;;;;;;;;
2026/01/02;1600 UTC;;;;;;;;;;;;;;;;;;
2026/01/02;1700 UTC;;;;;;;;;;;;;;;;;;
2026/01/02;1800 UTC;;;;;;;;;;;;;;;;;;
2026/01/02;1900 UTC;;;;;;;;;;;;;;;;;;
2026/01/02;2000 UTC;;;;;;;;;;;;;;;;;;
2026/01/02;2100 UTC;;;;;;;;;;;;;;;;;;
2026/01/02;2200 UTC;;;;;;;;;;;;;;;;;;
2026/01/02;2300 UTC;;;;;;;;;;;;;;;;;;
2026/01/03;0000 UTC;;;;;;;;;;;;;;;;;;
2026/01/03;0100 UTC;;;;;;;;;;;;;;;;;;
2026/01/03;0200 UTC;;;;;;;;;;;;;;;;;;
2026/01/03;0300 UTC;;;;;;;;;;;;;;;;;;
2026/01/03;0400 UTC;;;;;;;;;;;;;;;;;;
2026/01/03;0500 UTC;;;;;;;;;;;;;;;;;;
2026/01/03;0600 UTC;;;;;;;;;;;;;;;;;;
2026/01/03;0700 UTC;;;;;;;;;;;;;;;;;;
2026/01/03;0800 UTC;;;;;;;;;;;;;;;;;;
2026/01/03;0900 UTC;;;;;;;;;;;;;;;;;;
2026/01/03;1000 UTC;;;;;;;;;;;;;;;;;;
2026/01/03;1100 UTC;;;;;;;;;;;;;;;;;;
2026/01/03;1200 UTC;;;;;;;;;;;;;;;;;;
2026/01/03;1300 UTC;;;;;;;;;;;;;;;;;;
2026/01/03;1400 UTC;;;;;;;;;;;;;;;;;;
2026/01/03;1500 UTC;;;;;;;;;;;;;;;;;;
2026/01/03;1600 UTC;;;;;;;;;;;;;;;;;;
2026/01/03;1700 UTC;;;;;;;;;;;;;;;;;;
2026/01/03;1800 UTC;;;;;;;;;;;;;;;;;;
2026/01/03;1900 UTC;;;;;;;;;;;;;;;;;;
2026/01/03;2000 UTC;;;;;;;;;;;;;;;;;;
2026/01/03;2100 UTC;;;;;;;;;;;;;;;;;;
2026/01/03;2200 UTC;;;;;;;;;;;;;;;;;;
2026/01/03;2300 UTC;;;;;;;;;;;;;;;;;;
2026/01/04;0000 UTC;;;;;;;;;;;;;;;;;;
2026/01/04;0100 UTC;;;;;;;;;;;;;;;;;;
2026/01/04;0200 UTC;;;;;;;;;;;;;;;;;;
2026/01/04;0300 UTC;;;;;;;;;;;;;;;;;;
2026/01/04;0400 UTC;;;;;;;;;;;;;;;;;;
2026/01/04;0500 UTC;;;;;;;;;;;;;;;;;;
2026/01/04;0600 UTC;;;;;;;;;;;;;;;;;;
2026/01/04;0700 UTC;;;;;;;;;;;;;;;;;;
2026/01/04;0800 UTC;;;;;;;;;;;;;;;;;;
2026/01/04;0900 UTC;;;;;;;;;;;;;;;;;;
2026/01/04;1000 UTC;;;;;;;;;;;;;;;;;;
2026/01/04;1100 UTC;;;;;;;;;;;;;;;;;;
2026/01/04;1200 UTC;;;;;;;;;;;;;;;;;;
2026/01/04;1300 UTC;;;;;;;;;;;;;;;;;;
2026/01/04;1400 UTC;;;;;;;;;;;;;;;;;;
2026/01/04;1500 UTC;;;;;;;;;;;;;;;;;;
2026/01/04;1600 UTC;;;;;;;;;;;;;;;;;;
2026/01/04;1700 UTC;;;;;;;;;;;;;;;;;;
2026/01/04;1800 UTC;;;;;;;;;;;;;;;;;;
2026/01/04;1900 UTC;;;;;;;;;;;;;;;;;;
2026/01/04;2000 UTC;;;;;;;;;;;;;;;;;;
2026/01/04;2100 UTC;;;;;;;;;;;;;;;;;;
2026/01/04;2200 UTC;;;;;;;;;;;;;;;;;;
2026/01/04;2300 UTC;;;;;;;;;;;;;;;;;;
2026/01/05;0000 UTC;;;;;;;;;;;;;;;;;;
2026/01/05;0100 UTC;;;;;;;;;;;;;;;;;;
2026/01/05;0200 UTC;;;;;;;;;;;;;;;;;;
2026/01/05;0300 UTC;;;;;;;;;;;;;;;;;;
2026/01/05;0400 UTC;;;;;;;;;;;;;;;;;;
2026/01/05;0500 UTC;;;;;;;;;;;;;;;;;;
2026/01/05;0600 UTC;;;;;;;;;;;;;;;;;;
2026/01/05;0700 UTC;;;;;;;;;;;;;;;;;;
2026/01/05;0800 UTC;;;;;;;;;;;;;;;;;;
2026/01/05;0900 UTC;;;;;;;;;;;;;;;;;;
2026/01/05;1000 UTC;;;;;;;;;;;;;;;;;;
2026/01/05;1100 UTC;;;;;;;;;;;;;;;;;;
2026/01/05;1200 UTC;;;;;;;;;;;;;;;;;;
2026/01/05;1300 UTC;;;;;;;;;;;;;;;;;;
2026/01/05;1400 UTC;;;;;;;;;;;;;;;;;;
2026/01/05;1500 UTC;;;;;;;;;;;;;;;;;;
2026/01/05;1600 UTC;;;;;;;;;;;;;;;;;;
2026/01/05;1700 UTC;;;;;;;;;;;;;;;;;;
2026/01/05;1800 UTC;;;;;;;;;;;;;;;;;;
2026/01/05;1900 UTC;;;;;;;;;;;;;;;;;;
2026/01/05;2000 UTC;;;;;;;;;;;;;;;;;;
2026/01/05;2100 UTC;;;;;;;;;;;;;;;;;;
2026/01/05;2200 UTC;;;;;;;;;;;;;;;;;;
2026/01/05;2300 UTC;;;;;;;;;;;;;;;;;;
2026/01/06;0000 UTC;;;;;;;;;;;;;;;;;;
2026/01/06;0100 UTC;;;;;;;;;;;;;;;;;;
2026/01/06;0200 UTC;;;;;;;;;;;;;;;;;;
2026/01/06;0300 UTC;;;;;;;;;;;;;;;;;;
2026/01/06;0400 UTC;;;;;;;;;;;;;;;;;;
2026/01/06;0500 UTC;;;;;;;;;;;;;;;;;;
2026/01/06;0600 UTC;;;;;;;;;;;;;;;;;;
2026/01/06;0700 UTC;;;;;;;;;;;;;;;;;;
2026/01/06;0800 UTC;;;;;;;;;;;;;;;;;;
2026/01/06;0900 UTC;;;;;;;;;;;;;;;;;;
2026/01/06;1000 UTC;;;;;;;;;;;;;;;;;;
2026/01/06;1100 UTC;;;;;;;;;;;;;;;;;;
2026/01/06;1200 UTC;;;;;;;;;;;;;;;;;;
2026/01/06;1300 UTC;;;;;;;;;;;;;;;;;;
2026/01/06;1400 UTC;;;;;;;;;;;;;;;;;;
2026/01/06;1500 UTC;;;;;;;;;;;;;;;;;;
2026/01/06;1600 UTC;;;;;;;;;;;;;;;;;;
2026/01/06;1700 UTC;;;;;;;;;;;;;;;;;;
2026/01/06;1800 UTC;;;;;;;;;;;;;;;;;;
2026/01/06;1900 UTC;;;;;;;;;;;;;;;;;;
2026/01/06;2000 UTC;;;;;;;;;;;;;;;;;;
2026/01/06;2100 UTC;;;;;;;;;;;;;;;;;;
2026/01/06;2200 UTC;;;;;;;;;;;;;;;;;;
2026/01/06;2300 UTC;;;;;;;;;;;;;;;;;;
2026/01/07;0000 UTC;;;;;;;;;;;;;;;;;;
2026/01/07;0100 UTC;;;;;;;;;;;;;;;;;;
2026/01/07;0200 UTC;;;;;;;;;;;;;;;;;;
2026/01/07;0300 UTC;;;;;;;;;;;;;;;;;;
2026/01/07;0400 UTC;;;;;;;;;;;;;;;;;;
2026/01/07;0500 UTC;;;;;;;;;;;;;;;;;;
2026/01/07;0600 UTC;;;;;;;;;;;;;;;;;;
2026/01/07;0700 UTC;;;;;;;;;;;;;;;;;;
2026/01/07;0800 UTC;;;;;;;;;;;;;;;;;;
2026/01/07;0900 UTC;;;;;;;;;;;;;;;;;;
2026/01/07;1000 UTC;;;;;;;;;;;;;;;;;;
2026/01/07;1100 UTC;;;;;;;;;;;;;;;;;;
2026/01/07;1200 UTC;;;;;;;;;;;;;;;;;;
2026/01/07;1300 UTC;;;;;;;;;;;;;;;;;;
2026/01/07;1400 UTC;;;;;;;;;;;;;;;;;;
2026/01/07;1500 UTC;;;;;;;;;;;;;;;;;;
2026/01/07;1600 UTC;;;;;;;;;;;;;;;;;;
2026/01/07;1700 UTC;;;;;;;;;;;;;;;;;;
2026/01/07;1800 UTC;;;;;;;;;;;;;;;;;;
2026/01/07;1900 UTC;;;;;;;;;;;;;;;;;;
2026/01/07;2000 UTC;;;;;;;;;;;;;;;;;;
2026/01/07;2100 UTC;;;;;;;;;;;;;;;;;;
2026/01/07;2200 UTC;;;;;;;;;;;;;;;;;;
2026/01/07;2300 UTC;;;;;;;;;;;;;;;;;;
2026/01/08;0000 UTC;;;;;;;;;;;;;;;;;;
2026/01/08;0100 UTC;;;;;;;;;;;;;;;;;;
2026/01/08;0200 UTC;;;;;;;;;;;;;;;;;;
2026/01/08;0300 UTC;;;;;;;;;;;;;;;;;;
2026/01/08;0400 UTC;;;;;;;;;;;;;;;;;;
2026/01/08;0500 UTC;;;;;;;;;;;;;;;;;;
2026/01/08;0600 UTC;;;;;;;;;;;;;;;;;;
2026/01/08;0700 UTC;;;;;;;;;;;;;;;;;;
2026/01/08;0800 UTC;;;;;;;;;;;;;;;;;;
2026/01/08;0900 UTC;;;;;;;;;;;;;;;;;;
2026/01/08;1000 UTC;;;;;;;;;;;;;;;;;;
2026/01/08;1100 UTC;;;;;;;;;;;;;;;;;;
2026/01/08;1200 UTC;;;;;;;;;;;;;;;;;;
2026/01/08;1300 UTC;;;;;;;;;;;;;;;;;;
2026/01/08;1400 UTC;;;;;;;;;;;;;;;;;;
2026/01/08;1500 UTC;;;;;;;;;;;;;;;;;;
2026/01/08;1600 UTC;;;;;;;;;;;;;;;;;;
2026/01/08;1700 UTC;;;;;;;;;;;;;;;;;;
2026/01/08;1800 UTC;;;;;;;;;;;;;;;;;;
2026/01/08;1900 UTC;;;;;;;;;;;;;;;;;;
2026/01/08;2000 UTC;;;;;;;;;;;;;;;;;;
2026/01/08;2100 UTC;;;;;;;;;;;;;;;;;;
2026/01/08;2200 UTC;;;;;;;;;;;;;;;;;;
2026/01/08;2300 UTC;;;;;;;;;;;;;;;;;;
2026/01/09;0000 UTC;;;;;;;;;;;;;;;;;;
2026/01/09;0100 UTC;;;;;;;;;;;;;;;;;;
2026/01/09;0200 UTC;;;;;;;;;;;;;;;;;;
2026/01/09;0300 UTC;;;;;;;;;;;;;;;;;;
2026/01/09;0400 UTC;;;;;;;;;;;;;;;;;;
2026/01/09;0500 UTC;;;;;;;;;;;;;;;;;;
2026/01/09;0600 UTC;;;;;;;;;;;;;;;;;;
2026/01/09;0700 UTC;;;;;;;;;;;;;;;;;;
2026/01/09;0800 UTC;;;;;;;;;;;;;;;;;;
2026/01/09;0900 UTC;;;;;;;;;;;;;;;;;;
2026/01/09;1000 UTC;;;;;;;;;;;;;;;;;;
2026/01/09;1100 UTC;;;;;;;;;;;;;;;;;;
2026/01/09;1200 UTC;;;;;;;;;;;;;;;;;;
2026/01/09;1300 UTC;;;;;;;;;;;;;;;;;;
2026/01/09;1400 UTC;;;;;;;;;;;;;;;;;;
2026/01/09;1500 UTC;;;;;;;;;;;;;;;;;;
2026/01/09;1600 UTC;;;;;;;;;;;;;;;;;;
2026/01/09;1700 UTC;;;;;;;;;;;;;;;;;;
2026/01/09;1800 UTC;;;;;;;;;;;;;;;;;;
2026/01/09;1900 UTC;;;;;;;;;;;;;;;;;;
2026/01/09;2000 UTC;;;;;;;;;;;;;;;;;;
2026/01/09;2100 UTC;;;;;;;;;;;;;;;;;;
2026/01/09;2200 UTC;;;;;;;;;;;;;;;;;;
2026/01/09;2300 UTC;;;;;;;;;;;;;;;;;;
2026/01/10;0000 UTC;;;;;;;;;;;;;;;;;;
2026/01/10;0100 UTC;;;;;;;;;;;;;;;;;;
2026/01/10;0200 UTC;;;;;;;;;;;;;;;;;;
2026/01/10;0300 UTC;;;;;;;;;;;;;;;;;;
2026/01/10;0400 UTC;;;;;;;;;;;;;;;;;;
2026/01/10;0500 UTC;;;;;;;;;;;;;;;;;;
2026/01/10;0600 UTC;;;;;;;;;;;;;;;;;;
2026/01/10;0700 UTC;;;;;;;;;;;;;;;;;;
2026/01/10;0800 UTC;;;;;;;;;;;;;;;;;;
2026/01/10;0900 UTC;;;;;;;;;;;;;;;;;;
2026/01/10;1000 UTC;;;;;;;;;;;;;;;;;;
2026/01/10;1100 UTC;;;;;;;;;;;;;;;;;;
2026/01/10;1200 UTC;;;;;;;;;;;;;;;;;;
2026/01/10;1300 UTC;;;;;;;;;;;;;;;;;;
2026/01/10;1400 UTC;;;;;;;;;;;;;;;;;;
2026/01/10;1500 UTC;;;;;;;;;;;;;;;;;;
2026/01/10;1600 UTC;;;;;;;;;;;;;;;;;;
2026/01/10;1700 UTC;;;;;;;;;;;;;;;;;;
2026/01/10;1800 UTC;;;;;;;;;;;;;;;;;;
2026/01/10;1900 UTC;;;;;;;;;;;;;;;;;;
2026/01/10;2000 UTC;;;;;;;;;;;;;;;;;;
2026/01/10;2100 UTC;;;;;;;;;;;;;;;;;;
2026/01/10;2200 UTC;;;;;;;;;;;;;;;;;;
2026/01/10;2300 UTC;;;;;;;;;;;;;;;;;;
2026/01/11;0000 UTC;;;;;;;;;;;;;;;;;;
2026/01/11;0100 UTC;;;;;;;;;;;;;;;;;;
2026/01/11;0200 UTC;;;;;;;;;;;;;;;;;;
2026/01/11;0300 UTC;;;;;;;;;;;;;;;;;;
2026/01/11;0400 UTC;;;;;;;;;;;;;;;;;;
2026/01/11;0500 UTC;;;;;;;;;;;;;;;;;;
2026/01/11;0600 UTC;;;;;;;;;;;;;;;;;;
2026/01/11;0700 UTC;;;;;;;;;;;;;;;;;;
2026/01/11;0800 UTC;;;;;;;;;;;;;;;;;;
2026/01/11;0900 UTC;;;;;;;;;;;;;;;;;;
2026/01/11;1000 UTC;;;;;;;;;;;;;;;;;;
2026/01/11;1100 UTC;;;;;;;;;;;;;;;;;;
2026/01/11;1200 UTC;;;;;;;;;;;;;;;;;;
2026/01/11;1300 UTC;;;;;;;;;;;;;;;;;;
2026/01/11;1400 UTC;;;;;;;;;;;;;;;;;;
2026/01/11;1500 UTC;;;;;;;;;;;;;;;;;;
2026/01/11;1600 UTC;;;;;;;;;;;;;;;;;;
2026/01/11;1700 UTC;;;;;;;;;;;;;;;;;;
2026/01/11;1800 UTC;;;;;;;;;;;;;;;;;;
2026/01/11;1900 UTC;;;;;;;;;;;;;;;;;;
2026/01/11;2000 UTC;;;;;;;;;;;;;;;;;;
2026/01/11;2100 UTC;;;;;;;;;;;;;;;;;;
2026/01/11;2200 UTC;;;;;;;;;;;;;;;;;;
2026/01/11;2300 UTC;;;;;;;;;;;;;;;;;;
2026/01/12;0000 UTC;;;;;;;;;;;;;;;;;;
2026/01/12;0100 UTC;;;;;;;;;;;;;;;;;;
2026/01/12;0200 UTC;;;;;;;;;;;;;;;;;;
2026/01/12;0300 UTC;;;;;;;;;;;;;;;;;;
2026/01/12;0400 UTC;;;;;;;;;;;;;;;;;;
2026/01/12;0500 UTC;;;;;;;;;;;;;;;;;;
2026/01/12;0600 UTC;;;;;;;;;;;;;;;;;;
2026/01/12;0700 UTC;;;;;;;;;;;;;;;;;;
2026/01/12;0800 UTC;;;;;;;;;;;;;;;;;;
2026/01/12;0900 UTC;;;;;;;;;;;;;;;;;;
2026/01/12;1000 UTC;;;;;;;;;;;;;;;;;;
2026/01/12;1100 UTC;;;;;;;;;;;;;;;;;;
2026/01/12;1200 UTC;;;;;;;;;;;;;;;;;;
2026/01/12;1300 UTC;;;;;;;;;;;;;;;;;;
2026/01/12;1400 UTC;;;;;;;;;;;;;;;;;;
2026/01/12;1500 UTC;;;;;;;;;;;;;;;;;;
2026/01/12;1600 UTC;;;;;;;;;;;;;;;;;;
2026/01/12;1700 UTC;;;;;;;;;;;;;;;;;;
2026/01/12;1800 UTC;;;;;;;;;;;;;;;;;;
2026/01/12;1900 UTC;;;;;;;;;;;;;;;;;;
2026/01/12;2000 UTC;;;;;;;;;;;;;;;;;;
2026/01/12;2100 UTC;;;;;;;;;;;;;;;;;;
2026/01/12;2200 UTC;;;;;;;;;;;;;;;;;;
2026/01/12;2300 UTC;;;;;;;;;;;;;;;;;;
2026/01/13;0000 UTC;;;;;;;;;;;;;;;;;;
2026/01/13;0100 UTC;;;;;;;;;;;;;;;;;;
2026/01/13;0200 UTC;;;;;;;;;;;;;;;;;;
2026/01/13;0300 UTC;;;;;;;;;;;;;;;;;;
2026/01/13;0400 UTC;;;;;;;;;;;;;;;;;;
2026/01/13;0500 UTC;;;;;;;;;;;;;;;;;;
2026/01/13;0600 UTC;;;;;;;;;;;;;;;;;;
2026/01/13;0700 UTC;;;;;;;;;;;;;;;;;;
2026/01/13;0800 UTC;;;;;;;;;;;;;;;;;;
2026/01/13;0900 UTC;;;;;;;;;;;;;;;;;;
2026/01/13;1000 UTC;;;;;;;;;;;;;;;;;;
2026/01/13;1100 UTC;;;;;;;;;;;;;;;;;;
2026/01/13;1200 UTC;;;;;;;;;;;;;;;;;;
2026/01/13;1300 UTC;;;;;;;;;;;;;;;;;;
2026/01/13;1400 UTC;;;;;;;;;;;;;;;;;;
2026/01/13;1500 UTC;;;;;;;;;;;;;;;;;;
2026/01/13;1600 UTC;;;;;;;;;;;;;;;;;;
2026/01/13;1700 UTC;;;;;;;;;;;;;;;;;;
2026/01/13;1800 UTC;;;;;;;;;;;;;;;;;;
2026/01/13;1900 UTC;;;;;;;;;;;;;;;;;;
2026/01/13;2000 UTC;;;;;;;;;;;;;;;;;;
2026/01/13;2100 UTC;;;;;;;;;;;;;;;;;;
2026/01/13;2200 UTC;;;;;;;;;;;;;;;;;;
2026/01/13;2300 UTC;;;;;;;;;;;;;;;;;;
2026/01/14;0000 UTC;;;;;;;;;;;;;;;;;;
2026/01/14;0100 UTC;;;;;;;;;;;;;;;;;;
2026/01/14;0200 UTC;;;;;;;;;;;;;;;;;;
2026/01/14;0300 UTC;;;;;;;;;;;;;;;;;;
2026/01/14;0400 UTC;;;;;;;;;;;;;;;;;;
2026/01/14;0500 UTC;;;;;;;;;;;;;;;;;;
2026/01/14;0600 UTC;;;;;;;;;;;;;;;;;;
2026/01/14;0700 UTC;;;;;;;;;;;;;;;;;;
2026/01/14;0800 UTC;;;;;;;;;;;;;;;;;;
2026/01/14;0900 UTC;;;;;;;;;;;;;;;;;;
2026/01/14;1000 UTC;;;;;;;;;;;;;;;;;;
2026/01/14;1100 UTC;;;;;;;;;;;;;;;;;;
2026/01/14;1200 UTC;;;;;;;;;;;;;;;;;;
2026/01/14;1300 UTC;;;;;;;;;;;;;;;;;;
2026/01/14;1400 UTC;;;;;;;;;;;;;;;;;;
2026/01/14;1500 UTC;;;;;;;;;;;;;;;;;;
2026/01/14;1600 UTC;;;;;;;;;;;;;;;;;;
2026/01/14;1700 UTC;;;;;;;;;;;;;;;;;;
2026/01/14;1800 UTC;;;;;;;;;;;;;;;;;;
2026/01/14;1900 UTC;;;;;;;;;;;;;;;;;;
2026/01/14;2000 UTC;;;;;;;;;;;;;;;;;;
2026/01/14;2100 UTC;;;;;;;;;;;;;;;;;;
2026/01/14;2200 UTC;;;;;;;;;;;;;;;;;;
2026/01/14;2300 UTC;;;;;;;;;;;;;;;;;;
2026/01/15;0000 UTC;;;;;;;;;;;;;;;;;;
2026/01/15;0100 UTC;;;;;;;;;;;;;;;;;;
2026/01/15;0200 UTC;;;;;;;;;;;;;;;;;;
2026/01/15;0300 UTC;;;;;;;;;;;;;;;;;;
2026/01/15;0400 UTC;;;;;;;;;;;;;;;;;;
2026/01/15;0500 UTC;;;;;;;;;;;;;;;;;;
2026/01/15;0600 UTC;;;;;;;;;;;;;;;;;;
2026/01/15;0700 UTC;;;;;;;;;;;;;;;;;;
2026/01/15;0800 UTC;;;;;;;;;;;;;;;;;;
2026/01/15;0900 UTC;;;;;;;;;;;;;;;;;;
2026/01/15;1000 UTC;;;;;;;;;;;;;;;;;;
2026/01/15;1100 UTC;;;;;;;;;;;;;;;;;;
2026/01/15;1200 UTC;;;;;;;;;;;;;;;;;;
2026/01/15;1300 UTC;;;;;;;;;;;;;;;;;;
2026/01/15;1400 UTC;;;;;;;;;;;;;;;;;;
2026/01/15;1500 UTC;;;;;;;;;;;;;;;;;;
2026/01/15;1600 UTC;;;;;;;;;;;;;;;;;;
2026/01/15;1700 UTC;;;;;;;;;;;;;;;;;;
2026/01/15;1800 UTC;;;;;;;;;;;;;;;;;;
2026/01/15;1900 UTC;;;;;;;;;;;;;;;;;;
2026/01/15;2000 UTC;;;;;;;;;;;;;;;;;;
2026/01/15;2100 UTC;;;;;;;;;;;;;;;;;;
2026/01/15;2200 UTC;;;;;;;;;;;;;;;;;;
2026/01/15;2300 UTC;;;;;;;;;;;;;;;;;;
2026/01/16;0000 UTC;;;;;;;;;;;;;;;;;;
2026/01/16;0100 UTC;;;;;;;;;;;;;;;;;;
2026/01/16;0200 UTC;;;;;;;;;;;;;;;;;;
2026/01/16;0300 UTC;;;;;;;;;;;;;;;;;;
2026/01/16;0400 UTC;;;;;;;;;;;;;;;;;;
2026/01/16;0500 UTC;;;;;;;;;;;;;;;;;;
2026/01/16;0600 UTC;;;;;;;;;;;;;;;;;;
2026/01/16;0700 UTC;;;;;;;;;;;;;;;;;;
2026/01/16;0800 UTC;;;;;;;;;;;;;;;;;;
2026/01/16;0900 UTC;;;;;;;;;;;;;;;;;;
2026/01/16;1000 UTC;;;;;;;;;;;;;;;;;;
2026/01/16;1100 UTC;;;;;;;;;;;;;;;;;;
2026/01/16;1200 UTC;;;;;;;;;;;;;;;;;;
2026/01/16;1300 UTC;;;;;;;;;;;;;;;;;;
2026/01/16;1400 UTC;;;;;;;;;;;;;;;;;;
2026/01/16;1500 UTC;;;;;;;;;;;;;;;;;;
2026/01/16;1600 UTC;;;;;;;;;;;;;;;;;;
2026/01/16;1700 UTC;;;;;;;;;;;;;;;;;;
2026/01/16;1800 UTC;;;;;;;;;;;;;;;;;;
2026/01/16;1900 UTC;;;;;;;;;;;;;;;;;;
2026/01/16;2000 UTC;;;;;;;;;;;;;;;;;;
2026/01/16;2100 UTC;;;;;;;;;;;;;;;;;;
2026/01/16;2200 UTC;;;;;;;;;;;;;;;;;;
2026/01/16;2300 UTC;;;;;;;;;;;;;;;;;;
2026/01/17;0000 UTC;;;;;;;;;;;;;;;;;;
2026/01/17;0100 UTC;;;;;;;;;;;;;;;;;;
2026/01/17;0200 UTC;;;;;;;;;;;;;;;;;;
2026/01/17;0300 UTC;;;;;;;;;;;;;;;;;;
2026/01/17;0400 UTC;;;;;;;;;;;;;;;;;;
2026/01/17;0500 UTC;;;;;;;;;;;;;;;;;;
2026/01/17;0600 UTC;;;;;;;;;;;;;;;;;;
2026/01/17;0700 UTC;;;;;;;;;;;;;;;;;;
2026/01/17;0800 UTC;;;;;;;;;;;;;;;;;;
2026/01/17;0900 UTC;;;;;;;;;;;;;;;;;;
2026/01/17;1000 UTC;;;;;;;;;;;;;;;;;;
2026/01/17;1100 UTC;;;;;;;;;;;;;;;;;;
2026/01/17;1200 UTC;;;;;;;;;;;;;;;;;;
2026/01/17;1300 UTC;;;;;;;;;;;;;;;;;;
2026/01/17;1400 UTC;;;;;;;;;;;;;;;;;;
2026/01/17;1500 UTC;;;;;;;;;;;;;;;;;;
2026/01/17;1600 UTC;;;;;;;;;;;;;;;;;;
2026/01/17;1700 UTC;;;;;;;;;;;;;;;;;;
2026/01/17;1800 UTC;;;;;;;;;;;;;;;;;;
2026/01/17;1900 UTC;;;;;;;;;;;;;;;;;;
2026/01/17;2000 UTC;;;;;;;;;;;;;;;;;;
2026/01/17;2100 UTC;;;;;;;;;;;;;;;;;;
2026/01/17;2200 UTC;;;;;;;;;;;;;;;;;;
2026/01/17;2300 UTC;;;;;;;;;;;;;;;;;;
2026/01/18;0000 UTC;;;;;;;;;;;;;;;;;;
2026/01/18;0100 UTC;;;;;;;;;;;;;;;;;;
2026/01/18;0200 UTC;;;;;;;;;;;;;;;;;;
2026/01/18;0300 UTC;;;;;;;;;;;;;;;;;;
2026/01/18;0400 UTC;;;;;;;;;;;;;;;;;;
2026/01/18;0500 UTC;;;;;;;;;;;;;;;;;;
2026/01/18;0600 UTC;;;;;;;;;;;;;;;;;;
2026/01/18;0700 UTC;;;;;;;;;;;;;;;;;;
2026/01/18;0800 UTC;;;;;;;;;;;;;;;;;;
2026/01/18;0900 UTC;;;;;;;;;;;;;;;;;;
2026/01/18;1000 UTC;;;;;;;;;;;;;;;;;;
2026/01/18;1100 UTC;;;;;;;;;;;;;;;;;;
2026/01/18;1200 UTC;;;;;;;;;;;;;;;;;;
2026/01/18;1300 UTC;;;;;;;;;;;;;;;;;;
2026/01/18;1400 UTC;;;;;;;;;;;;;;;;;;
2026/01/18;1500 UTC;;;;;;;;;;;;;;;;;;
2026/01/18;1600 UTC;;;;;;;;;;;;;;;;;;
2026/01/18;1700 UTC;;;;;;;;;;;;;;;;;;
2026/01/18;1800 UTC;;;;;;;;;;;;;;;;;;
2026/01/18;1900 UTC;;;;;;;;;;;;;;;;;;
2026/01/18;2000 UTC;;;;;;;;;;;;;;;;;;
2026/01/18;2100 UTC;;;;;;;;;;;;;;;;;;
2026/01/18;2200 UTC;;;;;;;;;;;;;;;;;;
2026/01/18;2300 UTC;;;;;;;;;;;;;;;;;;
2026/01/19;0000 UTC;;;;;;;;;;;;;;;;;;
2026/01/19;0100 UTC;;;;;;;;;;;;;;;;;;
2026/01/19;0200 UTC;;;;;;;;;;;;;;;;;;
2026/01/19;0300 UTC;;;;;;;;;;;;;;;;;;
2026/01/19;0400 UTC;;;;;;;;;;;;;;;;;;
2026/01/19;0500 UTC;;;;;;;;;;;;;;;;;;
2026/01/19;0600 UTC;;;;;;;;;;;;;;;;;;
2026/01/19;0700 UTC;;;;;;;;;;;;;;;;;;
2026/01/19;0800 UTC;;;;;;;;;;;;;;;;;;
2026/01/19;0900 UTC;;;;;;;;;;;;;;;;;;
2026/01/19;1000 UTC;;;;;;;;;;;;;;;;;;
2026/01/19;1100 UTC;;;;;;;;;;;;;;;;;;
2026/01/19;1200 UTC;;;;;;;;;;;;;;;;;;
2026/01/19;1300 UTC;;;;;;;;;;;;;;;;;;
2026/01/19;1400 UTC;;;;;;;;;;;;;;;;;;
2026/01/19;1500 UTC;;;;;;;;;;;;;;;;;;
2026/01/19;1600 UTC;;;;;;;;;;;;;;;;;;
2026/01/19;1700 UTC;;;;;;;;;;;;;;;;;;
2026/01/19;1800 UTC;;;;;;;;;;;;;;;;;;
2026/01/19;1900 UTC;;;;;;;;;;;;;;;;;;
2026/01/19;2000 UTC;;;;;;;;;;;;;;;;;;
2026/01/19;2100 UTC;;;;;;;;;;;;;;;;;;
2026/01/19;2200 UTC;;;;;;;;;;;;;;;;;;
2026/01/19;2300 UTC;;;;;;;;;;;;;;;;;;
2026/01/20;0000 UTC;;;;;;;;;;;;;;;;;;
2026/01/20;0100 UTC;;;;;;;;;;;;;;;;;;
2026/01/20;0200 UTC;;;;;;;;;;;;;;;;;;
2026/01/20;0300 UTC;;;;;;;;;;;;;;;;;;
2026/01/20;0400 UTC;;;;;;;;;;;;;;;;;;
2026/01/20;0500 UTC;;;;;;;;;;;;;;;;;;
2026/01/20;0600 UTC;;;;;;;;;;;;;;;;;;
2026/01/20;0700 UTC;;;;;;;;;;;;;;;;;;
2026/01/20;0800 UTC;;;;;;;;;;;;;;;;;;
2026/01/20;0900 UTC;;;;;;;;;;;;;;;;;;
2026/01/20;1000 UTC;;;;;;;;;;;;;;;;;;
2026/01/20;1100 UTC;;;;;;;;;;;;;;;;;;
2026/01/20;1200 UTC;;;;;;;;;;;;;;;;;;
2026/01/20;1300 UTC;;;;;;;;;;;;;;;;;;
2026/01/20;1400 UTC;;;;;;;;;;;;;;;;;;
2026/01/20;1500 UTC;;;;;;;;;;;;;;;;;;
2026/01/20;1600 UTC;;;;;;;;;;;;;;;;;;
2026/01/20;1700 UTC;;;;;;;;;;;;;;;;;;
2026/01/20;1800 UTC;;;;;;;;;;;;;;;;;;
2026/01/20;1900 UTC;;;;;;;;;;;;;;;;;;
2026/01/20;2000 UTC;;;;;;;;;;;;;;;;;;
2026/01/20;2100 UTC;;;;;;;;;;;;;;;;;;
2026/01/20;2200 UTC;;;;;;;;;;;;;;;;;;
2026/01/20;2300 UTC;;;;;;;;;;;;;;;;;;
2026/01/21;0000 UTC;;;;;;;;;;;;;;;;;;
2026/01/21;0100 UTC;;;;;;;;;;;;;;;;;;
2026/01/21;0200 UTC;;;;;;;;;;;;;;;;;;
2026/01/21;0300 UTC;;;;;;;;;;;;;;;;;;
2026/01/21;0400 UTC;;;;;;;;;;;;;;;;;;
2026/01/21;0500 UTC;;;;;;;;;;;;;;;;;;
2026/01/21;0600 UTC;;;;;;;;;;;;;;;;;;
2026/01/21;0700 UTC;;;;;;;;;;;;;;;;;;
2026/01/21;0800 UTC;;;;;;;;;;;;;;;;;;
2026/01/21;0900 UTC;;;;;;;;;;;;;;;;;;
2026/01/21;1000 UTC;;;;;;;;;;;;;;;;;;
2026/01/21;1100 UTC;;;;;;;;;;;;;;;;;;
2026/01/21;1200 UTC;;;;;;;;;;;;;;;;;;
2026/01/21;1300 UTC;;;;;;;;;;;;;;;;;;
2026/01/21;1400 UTC;;;;;;;;;;;;;;;;;;
2026/01/21;1500 UTC;;;;;;;;;;;;;;;;;;
2026/01/21;1600 UTC;;;;;;;;;;;;;;;;;;
2026/01/21;1700 UTC;;;;;;;;;;;;;;;;;;
2026/01/21;1800 UTC;;;;;;;;;;;;;;;;;;
2026/01/21;1900 UTC;;;;;;;;;;;;;;;;;;
2026/01/21;2000 UTC;;;;;;;;;;;;;;;;;;
2026/01/21;2100 UTC;;;;;;;;;;;;;;;;;;
2026/01/21;2200 UTC;;;;;;;;;;;;;;;;;;
2026/01/21;2300 UTC;;;;;;;;;;;;;;;;;;
2026/01/22;0000 UTC;;;;;;;;;;;;;;;;;;
2026/01/22;0100 UTC;;;;;;;;;;;;;;;;;;
2026/01/22;0200 UTC;;;;;;;;;;;;;;;;;;
2026/01/22;0300 UTC;;;;;;;;;;;;;;;;;;
2026/01/22;0400 UTC;;;;;;;;;;;;;;;;;;
2026/01/22;0500 UTC;;;;;;;;;;;;;;;;;;
2026/01/22;0600 UTC;;;;;;;;;;;;;;;;;;
2026/01/22;0700 UTC;;;;;;;;;;;;;;;;;;
2026/01/22;0800 UTC;;;;;;;;;;;;;;;;;;
2026/01/22;0900 UTC;;;;;;;;;;;;;;;;;;
2026/01/22;1000 UTC;;;;;;;;;;;;;;;;;;
2026/01/22;1100 UTC;;;;;;;;;;;;;;;;;;
2026/01/22;1200 UTC;;;;;;;;;;;;;;;;;;
2026/01/22;1300 UTC;;;;;;;;;;;;;;;;;;
2026/01/22;1400 UTC;;;;;;;;;;;;;;;;;;
2026/01/22;1500 UTC;;;;;;;;;;;;;;;;;;
2026/01/22;1600 UTC;;;;;;;;;;;;;;;;;;
2026/01/22;1700 UTC;;;;;;;;;;;;;;;;;;
2026/01/22;1800 UTC;;;;;;;;;;;;;;;;;;
2026/01/22;1900 UTC;;;;;;;;;;;;;;;;;;
2026/01/22;2000 UTC;;;;;;;;;;;;;;;;;;
2026/01/22;2100 UTC;;;;;;;;;;;;;;;;;;
2026/01/22;2200 UTC;;;;;;;;;;;;;;;;;;
2026/01/22;2300 UTC;;;;;;;;;;;;;;;;;;
2026/01/23;0000 UTC;;;;;;;;;;;;;;;;;;
2026/01/23;0100 UTC;;;;;;;;;;;;;;;;;;
2026/01/23;0200 UTC;;;;;;;;;;;;;;;;;;
2026/01/23;0300 UTC;;;;;;;;;;;;;;;;;;
2026/01/23;0400 UTC;;;;;;;;;;;;;;;;;;
2026/01/23;0500 UTC;;;;;;;;;;;;;;;;;;
2026/01/23;0600 UTC;;;;;;;;;;;;;;;;;;
2026/01/23;0700 UTC;;;;;;;;;;;;;;;;;;
2026/01/23;0800 UTC;;;;;;;;;;;;;;;;;;
2026/01/23;0900 UTC;;;;;;;;;;;;;;;;;;
2026/01/23;1000 UTC;;;;;;;;;;;;;;;;;;
2026/01/23;1100 UTC;;;;;;;;;;;;;;;;;;
2026/01/23;1200 UTC;;;;;;;;;;;;;;;;;;
2026/01/23;1300 UTC;;;;;;;;;;;;;;;;;;
2026/01/23;1400 UTC;;;;;;;;;;;;;;;;;;
2026/01/23;1500 UTC;;;;;;;;;;;;;;;;;;
2026/01/23;1600 UTC;;;;;;;;;;;;;;;;;;
2026/01/23;1700 UTC;;;;;;;;;;;;;;;;;;
2026/01/23;1800 UTC;;;;;;;;;;;;;;;;;;
2026/01/23;1900 UTC;;;;;;;;;;;;;;;;;;
2026/01/23;2000 UTC;;;;;;;;;;;;;;;;;;
2026/01/23;2100 UTC;;;;;;;;;;;;;;;;;;
2026/01/23;2200 UTC;;;;;;;;;;;;;;;;;;
2026/01/23;2300 UTC;;;;;;;;;;;;;;;;;;
2026/01/24;0000 UTC;;;;;;;;;;;;;;;;;;
2026/01/24;0100 UTC;;;;;;;;;;;;;;;;;;
2026/01/24;0200 UTC;;;;;;;;;;;;;;;;;;
2026/01/24;0300 UTC;;;;;;;;;;;;;;;;;;
2026/01/24;0400 UTC;;;;;;;;;;;;;;;;;;
2026/01/24;0500 UTC;;;;;;;;;;;;;;;;;;
2026/01/24;0600 UTC;;;;;;;;;;;;;;;;;;
2026/01/24;0700 UTC;;;;;;;;;;;;;;;;;;
2026/01/24;0800 UTC;;;;;;;;;;;;;;;;;;
2026/01/24;0900 UTC;;;;;;;;;;;;;;;;;;
2026/01/24;1000 UTC;;;;;;;;;;;;;;;;;;
2026/01/24;1100 UTC;;;;;;;;;;;;;;;;;;
2026/01/24;1200 UTC;;;;;;;;;;;;;;;;;;
2026/01/24;1300 UTC;;;;;;;;;;;;;;;;;;
2026/01/24;1400 UTC;;;;;;;;;;;;;;;;;;
2026/01/24;1500 UTC;;;;;;;;;;;;;;;;;;
2026/01/24;1600 UTC;;;;;;;;;;;;;;;;;;
2026/01/24;1700 UTC;;;;;;;;;;;;;;;;;;
2026/01/24;1800 UTC;;;;;;;;;;;;;;;;;;
2026/01/24;1900 UTC;;;;;;;;;;;;;;;;;;
2026/01/24;2000 UTC;;;;;;;;;;;;;;;;;;
2026/01/24;2100 UTC;;;;;;;;;;;;;;;;;;
2026/01/24;2200 UTC;;;;;;;;;;;;;;;;;;
2026/01/24;2300 UTC;;;;;;;;;;;;;;;;;;
2026/01/25;0000 UTC;;;;;;;;;;;;;;;;;;
2026/01/25;0100 UTC;;;;;;;;;;;;;;;;;;
2026/01/25;0200 UTC;;;;;;;;;;;;;;;;;;
2026/01/25;0300 UTC;;;;;;;;;;;;;;;;;;
2026/01/25;0400 UTC;;;;;;;;;;;;;;;;;;
2026/01/25;0500 UTC;;;;;;;;;;;;;;;;;;
2026/01/25;0600 UTC;;;;;;;;;;;;;;;;;;
2026/01/25;0700 UTC;;;;;;;;;;;;;;;;;;
2026/01/25;0800 UTC;;;;;;;;;;;;;;;;;;
2026/01/25;0900 UTC;;;;;;;;;;;;;;;;;;
2026/01/25;1000 UTC;;;;;;;;;;;;;;;;;;
2026/01/25;1100 UTC;;;;;;;;;;;;;;;;;;
2026/01/25;1200 UTC;;;;;;;;;;;;;;;;;;
2026/01/25;1300 UTC;;;;;;;;;;;;;;;;;;
2026/01/25;1400 UTC;;;;;;;;;;;;;;;;;;
2026/01/25;1500 UTC;;;;;;;;;;;;;;;;;;
2026/01/25;1600 UTC;;;;;;;;;;;;;;;;;;
2026/01/25;1700 UTC;;;;;;;;;;;;;;;;;;
2026/01/25;1800 UTC;;;;;;;;;;;;;;;;;;
2026/01/25;1900 UTC;;;;;;;;;;;;;;;;;;
2026/01/25;2000 UTC;;;;;;;;;;;;;;;;;;
2026/01/25;2100 UTC;;;;;;;;;;;;;;;;;;
2026/01/25;2200 UTC;;;;;;;;;;;;;;;;;;
2026/01/25;2300 UTC;;;;;;;;;;;;;;;;;;
2026/01/26;0000 UTC;;;;;;;;;;;;;;;;;;
2026/01/26;0100 UTC;;;;;;;;;;;;;;;;;;
2026/01/26;0200 UTC;;;;;;;;;;;;;;;;;;
2026/01/26;0300 UTC;;;;;;;;;;;;;;;;;;
2026/01/26;0400 UTC;;;;;;;;;;;;;;;;;;
2026/01/26;0500 UTC;;;;;;;;;;;;;;;;;;
2026/01/26;0600 UTC;;;;;;;;;;;;;;;;;;
2026/01/26;0700 UTC;;;;;;;;;;;;;;;;;;
2026/01/26;0800 UTC;;;;;;;;;;;;;;;;;;
2026/01/26;0900 UTC;;;;;;;;;;;;;;;;;;
2026/01/26;1000 UTC;;;;;;;;;;;;;;;;;;
2026/01/26;1100 UTC;;;;;;;;;;;;;;;;;;
2026/01/26;1200 UTC;;;;;;;;;;;;;;;;;;
2026/01/26;1300 UTC;;;;;;;;;;;;;;;;;;
2026/01/26;1400 UTC;;;;;;;;;;;;;;;;;;
2026/01/26;1500 UTC;;;;;;;;;;;;;;;;;;
2026/01/26;1600 UTC;;;;;;;;;;;;;;;;;;
2026/01/26;1700 UTC;;;;;;;;;;;;;;;;;;
2026/01/26;1800 UTC;;;;;;;;;;;;;;;;;;
2026/01/26;1900 UTC;;;;;;;;;;;;;;;;;;
2026/01/26;2000 UTC;;;;;;;;;;;;;;;;;;
2026/01/26;2100 UTC;;;;;;;;;;;;;;;;;;
2026/01/26;2200 UTC;;;;;;;;;;;;;;;;;;
2026/01/26;2300 UTC;;;;;;;;;;;;;;;;;;
2026/01/27;0000 UTC;;;;;;;;;;;;;;;;;;
2026/01/27;0100 UTC;;;;;;;;;;;;;;;;;;
2026/01/27;0200 UTC;;;;;;;;;;;;;;;;;;
2026/01/27;0300 UTC;;;;;;;;;;;;;;;;;;
2026/01/27;0400 UTC;;;;;;;;;;;;;;;;;;
2026/01/27;0500 UTC;;;;;;;;;;;;;;;;;;
2026/01/27;0600 UTC;;;;;;;;;;;;;;;;;;
2026/01/27;0700 UTC;;;;;;;;;;;;;;;;;;
2026/01/27;0800 UTC;;;;;;;;;;;;;;;;;;
2026/01/27;0900 UTC;;;;;;;;;;;;;;;;;;
2026/01/27;1000 UTC;;;;;;;;;;;;;;;;;;
2026/01/27;1100 UTC;;;;;;;;;;;;;;;;;;
2026/01/27;1200 UTC;;;;;;;;;;;;;;;;;;
2026/01/27;1300 UTC;;;;;;;;;;;;;;;;;;
2026/01/27;1400 UTC;;;;;;;;;;;;;;;;;;
2026/01/27;1500 UTC;;;;;;;;;;;;;;;;;;
2026/01/27;1600 UTC;;;;;;;;;;;;;;;;;;
2026/01/27;1700 UTC;;;;;;;;;;;;;;;;;;
2026/01/27;1800 UTC;;;;;;;;;;;;;;;;;;
2026/01/27;1900 UTC;;;;;;;;;;;;;;;;;;
2026/01/27;2000 UTC;;;;;;;;;;;;;;;;;;
2026/01/27;2100 UTC;;;;;;;;;;;;;;;;;;
2026/01/27;2200 UTC;;;;;;;;;;;;;;;;;;
2026/01/27;2300 UTC;;;;;;;;;;;;;;;;;;
2026/01/28;0000 UTC;;;;;;;;;;;;;;;;;;
2026/01/28;0100 UTC;;;;;;;;;;;;;;;;;;
2026/01/28;0200 UTC;;;;;;;;;;;;;;;;;;
2026/01/28;0300 UTC;;;;;;;;;;;;;;;;;;
2026/01/28;0400 UTC;;;;;;;;;;;;;;;;;;
2026/01/28;0500 UTC;;;;;;;;;;;;;;;;;;
2026/01/28;0600 UTC;;;;;;;;;;;;;;;;;;
2026/01/28;0700 UTC;;;;;;;;;;;;;;;;;;
2026/01/28;0800 UTC;;;;;;;;;;;;;;;;;;
2026/01/28;0900 UTC;;;;;;;;;;;;;;;;;;
2026/01/28;1000 UTC;;;;;;;;;;;;;;;;;;
2026/01/28;1100 UTC;;;;;;;;;;;;;;;;;;
2026/01/28;1200 UTC;;;;;;;;;;;;;;;;;;
2026/01/28;1300 UTC;;;;;;;;;;;;;;;;;;
2026/01/28;1400 UTC;;;;;;;;;;;;;;;;;;
2026/01/28;1500 UTC;;;;;;;;;;;;;;;;;;
2026/01/28;1600 UTC;;;;;;;;;;;;;;;;;;
2026/01/28;1700 UTC;;;;;;;;;;;;;;;;;;
2026/01/28;1800 UTC;;;;;;;;;;;;;;;;;;
2026/01/28;1900 UTC;;;;;;;;;;;;;;;;;;
2026/01/28;2000 UTC;;;;;;;;;;;;;;;;;;
2026/01/28;2100 UTC;;;;;;;;;;;;;;;;;;
2026/01/28;2200 UTC;;;;;;;;;;;;;;;;;;
2026/01/28;2300 UTC;;;;;;;;;;;;;;;;;;
2026/01/29;0000 UTC;;;;;;;;;;;;;;;;;;
2026/01/29;0100 UTC;;;;;;;;;;;;;;;;;;
2026/01/29;0200 UTC;;;;;;;;;;;;;;;;;;
2026/01/29;0300 UTC;;;;;;;;;;;;;;;;;;
2026/01/29;0400 UTC;;;;;;;;;;;;;;;;;;
2026/01/29;0500 UTC;;;;;;;;;;;;;;;;;;
2026/01/29;0600 UTC;;;;;;;;;;;;;;;;;;
2026/01/29;0700 UTC;;;;;;;;;;;;;;;;;;
2026/01/29;0800 UTC;;;;;;;;;;;;;;;;;;
2026/01/29;0900 UTC;;;;;;;;;;;;;;;;;;
2026/01/29;1000 UTC;;;;;;;;;;;;;;;;;;
2026/01/29;1100 UTC;;;;;;;;;;;;;;;;;;
2026/01/29;1200 UTC;;;;;;;;;;;;;;;;;;
2026/01/29;1300 UTC;;;;;;;;;;;;;;;;;;
2026/01/29;1400 UTC;;;;;;;;;;;;;;;;;;
2026/01/29;1500 UTC;;;;;;;;;;;;;;;;;;
2026/01/29;1600 UTC;;;;;;;;;;;;;;;;;;
2026/01/29;1700 UTC;;;;;;;;;;;;;;;;;;
2026/01/29;1800 UTC;;;;;;;;;;;;;;;;;;
2026/01/29;1900 UTC;;;;;;;;;;;;;;;;;;
2026/01/29;2000 UTC;;;;;;;;;;;;;;;;;;
2026/01/29;2100 UTC;;;;;;;;;;;;;;;;;;
2026/01/29;2200 UTC;;;;;;;;;;;;;;;;;;
2026/01/29;2300 UTC;;;;;;;;;;;;;;;;;;
2026/01/30;0000 UTC;;;;;;;;;;;;;;;;;;
2026/01/30;0100 UTC;;;;;;;;;;;;;;;;;;
2026/01/30;0200 UTC;;;;;;;;;;;;;;;;;;
2026/01/30;0300 UTC;;;;;;;;;;;;;;;;;;
2026/01/30;0400 UTC;;;;;;;;;;;;;;;;;;
2026/01/30;0500 UTC;;;;;;;;;;;;;;;;;;
2026/01/30;0600 UTC;;;;;;;;;;;;;;;;;;
2026/01/30;0700 UTC;;;;;;;;;;;;;;;;;;
2026/01/30;0800 UTC;;;;;;;;;;;;;;;;;;
2026/01/30;0900 UTC;;;;;;;;;;;;;;;;;;
2026/01/30;1000 UTC;;;;;;;;;;;;;;;;;;
2026/01/30;1100 UTC;;;;;;;;;;;;;;;;;;
2026/01/30;1200 UTC;;;;;;;;;;;;;;;;;;
2026/01/30;1300 UTC;;;;;;;;;;;;;;;;;;
2026/01/30;1400 UTC;;;;;;;;;;;;;;;;;;
2026/01/30;1500 UTC;;;;;;;;;;;;;;;;;;
2026/01/30;1600 UTC;;;;;;;;;;;;;;;;;;
2026/01/30;1700 UTC;;;;;;;;;;;;;;;;;;
2026/01/30;1800 UTC;;;;;;;;;;;;;;;;;;
2026/01/30;1900 UTC;;;;;;;;;;;;;;;;;;
2026/01/30;2000 UTC;;;;;;;;;;;;;;;;;;
2026/01/30;2100 UTC;;;;;;;;;;;;;;;;;;
2026/01/30;2200 UTC;;;;;;;;;;;;;;;;;;
2026/01/30;2300 UTC;;;;;;;;;;;;;;;;;;
2026/01/31;0000 UTC;;;;;;;;;;;;;;;;;;
2026/01/31;0100 UTC;;;;;;;;;;;;;;;;;;
2026/01/31;0200 UTC;;;;;;;;;;;;;;;;;;
2026/01/31;0300 UTC;;;;;;;;;;;;;;;;;;
2026/01/31;0400 UTC;;;;;;;;;;;;;;;;;;
2026/01/31;0500 UTC;;;;;;;;;;;;;;;;;;
2026/01/31;0600 UTC;;;;;;;;;;;;;;;;;;
2026/01/31;0700 UTC;;;;;;;;;;;;;;;;;;
2026/01/31;0800 UTC;;;;;;;;;;;;;;;;;;
2026/01/31;0900 UTC;;;;;;;;;;;;;;;;;;
2026/01/31;1000 UTC;;;;;;;;;;;;;;;;;;
2026/01/31;1100 UTC;;;;;;;;;;;;;;;;;;
2026/01/31;1200 UTC;;;;;;;;;;;;;;;;;;
2026/01/31;1300 UTC;;;;;;;;;;;;;;;;;;
2026/01/31;1400 UTC;;;;;;;;;;;;;;;;;;
2026/01/31;1500 UTC;;;;;;;;;;;;;;;;;;
2026/01/31;1600 UTC;;;;;;;;;;;;;;;;;;
2026/01/31;1700 UTC;;;;;;;;;;;;;;;;;;
2026/01/31;1800 UTC;;;;;;;;;;;;;;;;;;
2026/01/31;1900 UTC;;;;;;;;;;;;;;;;;;
2026/01/31;2000 UTC;;;;;;;;;;;;;;;;;;
2026/01/31;2100 UTC;;;;;;;;;;;;;;;;;;
2026/01/31;2200 UTC;;;;;;;;;;;;;;;;;;
2026/01/31;2300 UTC;;;;;;;;;;;;;;;;;;
2026/02/01;0000 UTC;;;;;;;;;;;;;;;;;;
2026/02/01;0100 UTC;;;;;;;;;;;;;;;;;;
2026/02/01;0200 UTC;;;;;;;;;;;;;;;;;;
2026/02/01;0300 UTC;;;;;;;;;;;;;;;;;;
2026/02/01;0400 UTC;;;;;;;;;;;;;;;;;;
2026/02/01;0500 UTC;;;;;;;;;;;;;;;;;;
2026/02/01;0600 UTC;;;;;;;;;;;;;;;;;;
2026/02/01;0700 UTC;;;;;;;;;;;;;;;;;;
2026/02/01;0800 UTC;;;;;;;;;;;;;;;;;;
2026/02/01;0900 UTC;;;;;;;;;;;;;;;;;;
2026/02/01;1000 UTC;;;;;;;;;;;;;;;;;;
2026/02/01;1100 UTC;;;;;;;;;;;;;;;;;;
2026/02/01;1200 UTC;;;;;;;;;;;;;;;;;;
2026/02/01;1300 UTC;;;;;;;;;;;;;;;;;;
2026/02/01;1400 UTC;;;;;;;;;;;;;;;;;;
2026/02/01;1500 UTC;;;;;;;;;;;;;;;;;;
2026/02/01;1600 UTC;;;;;;;;;;;;;;;;;;
2026/02/01;1700 UTC;;;;;;;;;;;;;;;;;;
2026/02/01;1800 UTC;;;;;;;;;;;;;;;;;;
2026/02/01;1900 UTC;;;;;;;;;;;;;;;;;;
2026/02/01;2000 UTC;;;;;;;;;;;;;;;;;;
2026/02/01;2100 UTC;;;;;;;;;;;;;;;;;;
2026/02/01;2200 UTC;;;;;;;;;;;;;;;;;;
2026/02/01;2300 UTC;;;;;;;;;;;;;;;;;;
2026/02/02;0000 UTC;;;;;;;;;;;;;;;;;;
2026/02/02;0100 UTC;;;;;;;;;;;;;;;;;;
2026/02/02;0200 UTC;;;;;;;;;;;;;;;;;;
2026/02/02;0300 UTC;;;;;;;;;;;;;;;;;;
2026/02/02;0400 UTC;;;;;;;;;;;;;;;;;;
2026/02/02;0500 UTC;;;;;;;;;;;;;;;;;;
2026/02/02;0600 UTC;;;;;;;;;;;;;;;;;;
2026/02/02;0700 UTC;;;;;;;;;;;;;;;;;;
2026/02/02;0800 UTC;;;;;;;;;;;;;;;;;;
2026/02/02;0900 UTC;;;;;;;;;;;;;;;;;;
2026/02/02;1000 UTC;;;;;;;;;;;;;;;;;;
2026/02/02;1100 UTC;;;;;;;;;;;;;;;;;;
2026/02/02;1200 UTC;;;;;;;;;;;;;;;;;;
2026/02/02;1300 UTC;;;;;;;;;;;;;;;;;;
2026/02/02;1400 UTC;;;;;;;;;;;;;;;;;;
2026/02/02;1500 UTC;;;;;;;;;;;;;;;;;;
2026/02/02;1600 UTC;;;;;;;;;;;;;;;;;;
2026/02/02;1700 UTC;;;;;;;;;;;;;;;;;;
2026/02/02;1800 UTC;;;;;;;;;;;;;;;;;;
2026/02/02;1900 UTC;;;;;;;;;;;;;;;;;;
2026/02/02;2000 UTC;;;;;;;;;;;;;;;;;;
2026/02/02;2100 UTC;;;;;;;;;;;;;;;;;;
2026/02/02;2200 UTC;;;;;;;;;;;;;;;;;;
2026/02/02;2300 UTC;;;;;;;;;;;;;;;;;;
2026/02/03;0000 UTC;;;;;;;;;;;;;;;;;;
2026/02/03;0100 UTC;;;;;;;;;;;;;;;;;;
2026/02/03;0200 UTC;;;;;;;;;;;;;;;;;;
2026/02/03;0300 UTC;;;;;;;;;;;;;;;;;;
2026/02/03;0400 UTC;;;;;;;;;;;;;;;;;;
2026/02/03;0500 UTC;;;;;;;;;;;;;;;;;;
2026/02/03;0600 UTC;;;;;;;;;;;;;;;;;;
2026/02/03;0700 UTC;;;;;;;;;;;;;;;;;;
2026/02/03;0800 UTC;;;;;;;;;;;;;;;;;;
2026/02/03;0900 UTC;;;;;;;;;;;;;;;;;;
2026/02/03;1000 UTC;;;;;;;;;;;;;;;;;;
2026/02/03;1100 UTC;;;;;;;;;;;;;;;;;;
2026/02/03;1200 UTC;;;;;;;;;;;;;;;;;;
2026/02/03;1300 UTC;;;;;;;;;;;;;;;;;;
2026/02/03;1400 UTC;;;;;;;;;;;;;;;;;;
2026/02/03;1500 UTC;;;;;;;;;;;;;;;;;;
2026/02/03;1600 UTC;;;;;;;;;;;;;;;;;;
2026/02/03;1700 UTC;;;;;;;;;;;;;;;;;;
2026/02/03;1800 UTC;;;;;;;;;;;;;;;;;;
2026/02/03;1900 UTC;;;;;;;;;;;;;;;;;;
2026/02/03;2000 UTC;;;;;;;;;;;;;;;;;;
2026/02/03;2100 UTC;;;;;;;;;;;;;;;;;;
2026/02/03;2200 UTC;;;;;;;;;;;;;;;;;;
2026/02/03;2300 UTC;;;;;;;;;;;;;;;;;;
2026/02/04;0000 UTC;;;;;;;;;;;;;;;;;;
2026/02/04;0100 UTC;;;;;;;;;;;;;;;;;;
2026/02/04;0200 UTC;;;;;;;;;;;;;;;;;;
2026/02/04;0300 UTC;;;;;;;;;;;;;;;;;;
2026/02/04;0400 UTC;;;;;;;;;;;;;;;;;;
2026/02/04;0500 UTC;;;;;;;;;;;;;;;;;;
2026/02/04;0600 UTC;;;;;;;;;;;;;;;;;;
2026/02/04;0700 UTC;;;;;;;;;;;;;;;;;;
2026/02/04;0800 UTC;;;;;;;;;;;;;;;;;;
2026/02/04;0900 UTC;;;;;;;;;;;;;;;;;;
2026/02/04;1000 UTC;;;;;;;;;;;;;;;;;;
2026/02/04;1100 UTC;;;;;;;;;;;;;;;;;;
2026/02/04;1200 UTC;;;;;;;;;;;;;;;;;;
2026/02/04;1300 UTC;;;;;;;;;;;;;;;;;;
2026/02/04;1400 UTC;;;;;;;;;;;;;;;;;;
2026/02/04;1500 UTC;;;;;;;;;;;;;;;;;;
2026/02/04;1600 UTC;;;;;;;;;;;;;;;;;;
2026/02/04;1700 UTC;;;;;;;;;;;;;;;;;;
2026/02/04;1800 UTC;;;;;;;;;;;;;;;;;;
2026/02/04;1900 UTC;;;;;;;;;;;;;;;;;;
2026/02/04;2000 UTC;;;;;;;;;;;;;;;;;;
2026/02/04;2100 UTC;;;;;;;;;;;;;;;;;;
2026/02/04;2200 UTC;;;;;;;;;;;;;;;;;;
2026/02/04;2300 UTC;;;;;;;;;;;;;;;;;;
2026/02/05;0000 UTC;;;;;;;;;;;;;;;;;;
2026/02/05;0100 UTC;;;;;;;;;;;;;;;;;;
2026/02/05;0200 UTC;;;;;;;;;;;;;;;;;;
2026/02/05;0300 UTC;;;;;;;;;;;;;;;;;;
2026/02/05;0400 UTC;;;;;;;;;;;;;;;;;;
2026/02/05;0500 UTC;;;;;;;;;;;;;;;;;;
2026/02/05;0600 UTC;;;;;;;;;;;;;;;;;;
2026/02/05;0700 UTC;;;;;;;;;;;;;;;;;;
2026/02/05;0800 UTC;;;;;;;;;;;;;;;;;;
2026/02/05;0900 UTC;;;;;;;;;;;;;;;;;;
2026/02/05;1000 UTC;;;;;;;;;;;;;;;;;;
2026/02/05;1100 UTC;;;;;;;;;;;;;;;;;;
2026/02/05;1200 UTC;;;;;;;;;;;;;;;;;;
2026/02/05;1300 UTC;;;;;;;;;;;;;;;;;;
2026/02/05;1400 UTC;;;;;;;;;;;;;;;;;;
2026/02/05;1500 UTC;;;;;;;;;;;;;;;;;;
2026/02/05;1600 UTC;;;;;;;;;;;;;;;;;;
2026/02/05;1700 UTC;;;;;;;;;;;;;;;;;;
2026/02/05;1800 UTC;;;;;;;;;;;;;;;;;;
2026/02/05;1900 UTC;;;;;;;;;;;;;;;;;;
2026/02/05;2000 UTC;;;;;;;;;;;;;;;;;;
2026/02/05;2100 UTC;;;;;;;;;;;;;;;;;;
2026/02/05;2200 UTC;;;;;;;;;;;;;;;;;;
2026/02/05;2300 UTC;;;;;;;;;;;;;;;;;;
2026/02/06;0000 UTC;;;;;;;;;;;;;;;;;;
2026/02/06;0100 UTC;;;;;;;;;;;;;;;;;;
2026/02/06;0200 UTC;;;;;;;;;;;;;;;;;;
2026/02/06;0300 UTC;;;;;;;;;;;;;;;;;;
2026/02/06;0400 UTC;;;;;;;;;;;;;;;;;;
2026/02/06;0500 UTC;;;;;;;;;;;;;;;;;;
2026/02/06;0600 UTC;;;;;;;;;;;;;;;;;;
2026/02/06;0700 UTC;;;;;;;;;;;;;;;;;;
2026/02/06;0800 UTC;;;;;;;;;;;;;;;;;;
2026/02/06;0900 UTC;;;;;;;;;;;;;;;;;;
2026/02/06;1000 UTC;;;;;;;;;;;;;;;;;;
2026/02/06;1100 UTC;;;;;;;;;;;;;;;;;;
2026/02/06;1200 UTC;;;;;;;;;;;;;;;;;;
2026/02/06;1300 UTC;;;;;;;;;;;;;;;;;;
2026/02/06;1400 UTC;;;;;;;;;;;;;;;;;;
2026/02/06;1500 UTC;;;;;;;;;;;;;;;;;;
2026/02/06;1600 UTC;;;;;;;;;;;;;;;;;;
2026/02/06;1700 UTC;;;;;;;;;;;;;;;;;;
2026/02/06;1800 UTC;;;;;;;;;;;;;;;;;;
2026/02/06;1900 UTC;;;;;;;;;;;;;;;;;;
2026/02/06;2000 UTC;;;;;;;;;;;;;;;;;;
2026/02/06;2100 UTC;;;;;;;;;;;;;;;;;;
2026/02/06;2200 UTC;;;;;;;;;;;;;;;;;;
2026/02/06;2300 UTC;;;;;;;;;;;;;;;;;;
2026/02/07;0000 UTC;;;;;;;;;;;;;;;;;;
2026/02/07;0100 UTC;;;;;;;;;;;;;;;;;;
2026/02/07;0200 UTC;;;;;;;;;;;;;;;;;;
2026/02/07;0300 UTC;;;;;;;;;;;;;;;;;;
2026/02/07;0400 UTC;;;;;;;;;;;;;;;;;;
2026/02/07;0500 UTC;;;;;;;;;;;;;;;;;;
2026/02/07;0600 UTC;;;;;;;;;;;;;;;;;;
2026/02/07;0700 UTC;;;;;;;;;;;;;;;;;;
2026/02/07;0800 UTC;;;;;;;;;;;;;;;;;;
2026/02/07;0900 UTC;;;;;;;;;;;;;;;;;;
2026/02/07;1000 UTC;;;;;;;;;;;;;;;;;;
2026/02/07;1100 UTC;;;;;;;;;;;;;;;;;;
2026/02/07;1200 UTC;;;;;;;;;;;;;;;;;;
2026/02/07;1300 UTC;;;;;;;;;;;;;;;;;;
2026/02/07;1400 UTC;;;;;;;;;;;;;;;;;;
2026/02/07;1500 UTC;;;;;;;;;;;;;;;;;;
2026/02/07;1600 UTC;;;;;;;;;;;;;;;;;;
2026/02/07;1700 UTC;;;;;;;;;;;;;;;;;;
2026/02/07;1800 UTC;;;;;;;;;;;;;;;;;;
2026/02/07;1900 UTC;;;;;;;;;;;;;;;;;;
2026/02/07;2000 UTC;;;;;;;;;;;;;;;;;;
2026/02/07;2100 UTC;;;;;;;;;;;;;;;;;;
2026/02/07;2200 UTC;;;;;;;;;;;;;;;;;;
2026/02/07;2300 UTC;;;;;;;;;;;;;;;;;;
2026/02/08;0000 UTC;;;;;;;;;;;;;;;;;;
2026/02/08;0100 UTC;;;;;;;;;;;;;;;;;;
2026/02/08;0200 UTC;;;;;;;;;;;;;;;;;;
2026/02/08;0300 UTC;;;;;;;;;;;;;;;;;;
2026/02/08;0400 UTC;;;;;;;;;;;;;;;;;;
2026/02/08;0500 UTC;;;;;;;;;;;;;;;;;;
2026/02/08;0600 UTC;;;;;;;;;;;;;;;;;;
2026/02/08;0700 UTC;;;;;;;;;;;;;;;;;;
2026/02/08;0800 UTC;;;;;;;;;;;;;;;;;;
2026/02/08;0900 UTC;;;;;;;;;;;;;;;;;;
2026/02/08;1000 UTC;;;;;;;;;;;;;;;;;;
2026/02/08;1100 UTC;;;;;;;;;;;;;;;;;;
2026/02/08;1200 UTC;;;;;;;;;;;;;;;;;;
2026/02/08;1300 UTC;;;;;;;;;;;;;;;;;;
2026/02/08;1400 UTC;;;;;;;;;;;;;;;;;;
2026/02/08;1500 UTC;;;;;;;;;;;;;;;;;;
2026/02/08;1600 UTC;;;;;;;;;;;;;;;;;;
2026/02/08;1700 UTC;;;;;;;;;;;;;;;;;;
2026/02/08;1800 UTC;;;;;;;;;;;;;;;;;;
2026/02/08;1900 UTC;;;;;;;;;;;;;;;;;;
2026/02/08;2000 UTC;;;;;;;;;;;;;;;;;;
2026/02/08;2100 UTC;;;;;;;;;;;;;;;;;;
2026/02/08;2200 UTC;;;;;;;;;;;;;;;;;;
2026/02/08;2300 UTC;;;;;;;;;;;;;;;;;;
2026/02/09;0000 UTC;;;;;;;;;;;;;;;;;;
2026/02/09;0100 UTC;;;;;;;;;;;;;;;;;;
2026/02/09;0200 UTC;;;;;;;;;;;;;;;;;;
2026/02/09;0300 UTC;;;;;;;;;;;;;;;;;;
2026/02/09;0400 UTC;;;;;;;;;;;;;;;;;;
2026/02/09;0500 UTC;;;;;;;;;;;;;;;;;;
2026/02/09;0600 UTC;;;;;;;;;;;;;;;;;;
2026/02/09;0700 UTC;;;;;;;;;;;;;;;;;;
2026/02/09;0800 UTC;;;;;;;;;;;;;;;;;;
2026/02/09;0900 UTC;;;;;;;;;;;;;;;;;;
2026/02/09;1000 UTC;;;;;;;;;;;;;;;;;;
2026/02/09;1100 UTC;;;;;;;;;;;;;;;;;;
2026/02/09;1200 UTC;;;;;;;;;;;;;;;;;;
2026/02/09;1300 UTC;;;;;;;;;;;;;;;;;;
2026/02/09;1400 UTC;;;;;;;;;;;;;;;;;;
2026/02/09;1500 UTC;;;;;;;;;;;;;;;;;;
2026/02/09;1600 UTC;;;;;;;;;;;;;;;;;;
2026/02/09;1700 UTC;;;;;;;;;;;;;;;;;;
2026/02/09;1800 UTC;;;;;;;;;;;;;;;;;;
2026/02/09;1900 UTC;;;;;;;;;;;;;;;;;;
2026/02/09;2000 UTC;;;;;;;;;;;;;;;;;;
2026/02/09;2100 UTC;;;;;;;;;;;;;;;;;;
2026/02/09;2200 UTC;;;;;;;;;;;;;;;;;;
2026/02/09;2300 UTC;;;;;;;;;;;;;;;;;;
2026/02/10;0000 UTC;;;;;;;;;;;;;;;;;;
2026/02/10;0100 UTC;;;;;;;;;;;;;;;;;;
2026/02/10;0200 UTC;;;;;;;;;;;;;;;;;;
2026/02/10;0300 UTC;;;;;;;;;;;;;;;;;;
2026/02/10;0400 UTC;;;;;;;;;;;;;;;;;;
2026/02/10;0500 UTC;;;;;;;;;;;;;;;;;;
2026/02/10;0600 UTC;;;;;;;;;;;;;;;;;;
2026/02/10;0700 UTC;;;;;;;;;;;;;;;;;;
2026/02/10;0800 UTC;;;;;;;;;;;;;;;;;;
2026/02/10;0900 UTC;;;;;;;;;;;;;;;;;;
2026/02/10;1000 UTC;;;;;;;;;;;;;;;;;;
2026/02/10;1100 UTC;;;;;;;;;;;;;;;;;;
2026/02/10;1200 UTC;;;;;;;;;;;;;;;;;;
2026/02/10;1300 UTC;;;;;;;;;;;;;;;;;;
2026/02/10;1400 UTC;;;;;;;;;;;;;;;;;;
2026/02/10;1500 UTC;;;;;;;;;;;;;;;;;;
2026/02/10;1600 UTC;;;;;;;;;;;;;;;;;;
2026/02/10;1700 UTC;;;;;;;;;;;;;;;;;;
2026/02/10;1800 UTC;;;;;;;;;;;;;;;;;;
2026/02/10;1900 UTC;;;;;;;;;;;;;;;;;;
2026/02/10;2000 UTC;;;;;;;;;;;;;;;;;;
2026/02/10;2100 UTC;;;;;;;;;;;;;;;;;;
2026/02/10;2200 UTC;;;;;;;;;;;;;;;;;;
2026/02/10;2300 UTC;;;;;;;;;;;;;;;;;;
2026/02/11;0000 UTC;;;;;;;;;;;;;;;;;;
2026/02/11;0100 UTC;;;;;;;;;;;;;;;;;;
2026/02/11;0200 UTC;;;;;;;;;;;;;;;;;;
2026/02/11;0300 UTC;;;;;;;;;;;;;;;;;;
2026/02/11;0400 UTC;;;;;;;;;;;;;;;;;;
2026/02/11;0500 UTC;;;;;;;;;;;;;;;;;;
2026/02/11;0600 UTC;;;;;;;;;;;;;;;;;;
2026/02/11;0700 UTC;;;;;;;;;;;;;;;;;;
2026/02/11;0800 UTC;;;;;;;;;;;;;;;;;;
2026/02/11;0900 UTC;;;;;;;;;;;;;;;;;;
2026/02/11;1000 UTC;;;;;;;;;;;;;;;;;;
2026/02/11;1100 UTC;;;;;;;;;;;;;;;;;;
2026/02/11;1200 UTC;;;;;;;;;;;;;;;;;;
2026/02/11;1300 UTC;;;;;;;;;;;;;;;;;;
2026/02/11;1400 UTC;;;;;;;;;;;;;;;;;;
2026/02/11;1500 UTC;;;;;;;;;;;;;;;;;;
2026/02/11;1600 UTC;;;;;;;;;;;;;;;;;;
2026/02/11;1700 UTC;;;;;;;;;;;;;;;;;;
2026/02/11;1800 UTC;;;;;;;;;;;;;;;;;;
2026/02/11;1900 UTC;;;;;;;;;;;;;;;;;;
2026/02/11;2000 UTC;;;;;;;;;;;;;;;;;;
2026/02/11;2100 UTC;;;;;;;;;;;;;;;;;;
2026/02/11;2200 UTC;;;;;;;;;;;;;;;;;;
2026/02/11;2300 UTC;;;;;;;;;;;;;;;;;;
2026/02/12;0000 UTC;;;;;;;;;;;;;;;;;;
2026/02/12;0100 UTC;;;;;;;;;;;;;;;;;;
2026/02/12;0200 UTC;;;;;;;;;;;;;;;;;;
2026/02/12;0300 UTC;;;;;;;;;;;;;;;;;;
2026/02/12;0400 UTC;;;;;;;;;;;;;;;;;;
2026/02/12;0500 UTC;;;;;;;;;;;;;;;;;;
2026/02/12;0600 UTC;;;;;;;;;;;;;;;;;;
2026/02/12;0700 UTC;;;;;;;;;;;;;;;;;;
2026/02/12;0800 UTC;;;;;;;;;;;;;;;;;;
2026/02/12;0900 UTC;;;;;;;;;;;;;;;;;;
2026/02/12;1000 UTC;;;;;;;;;;;;;;;;;;
2026/02/12;1100 UTC;;;;;;;;;;;;;;;;;;
2026/02/12;1200 UTC;;;;;;;;;;;;;;;;;;
2026/02/12;1300 UTC;;;;;;;;;;;;;;;;;;
2026/02/12;1400 UTC;;;;;;;;;;;;;;;;;;
2026/02/12;1500 UTC;;;;;;;;;;;;;;;;;;
2026/02/12;1600 UTC;;;;;;;;;;;;;;;;;;
2026/02/12;1700 UTC;;;;;;;;;;;;;;;;;;
2026/02/12;1800 UTC;;;;;;;;;;;;;;;;;;
2026/02/12;1900 UTC;;;;;;;;;;;;;;;;;;
2026/02/12;2000 UTC;;;;;;;;;;;;;;;;;;
2026/02/12;2100 UTC;;;;;;;;;;;;;;;;;;
2026/02/12;2200 UTC;;;;;;;;;;;;;;;;;;
2026/02/12;2300 UTC;;;;;;;;;;;;;;;;;;
2026/02/13;0000 UTC;;;;;;;;;;;;;;;;;;
2026/02/13;0100 UTC;;;;;;;;;;;;;;;;;;
2026/02/13;0200 UTC;;;;;;;;;;;;;;;;;;
2026/02/13;0300 UTC;;;;;;;;;;;;;;;;;;
2026/02/13;0400 UTC;;;;;;;;;;;;;;;;;;
2026/02/13;0500 UTC;;;;;;;;;;;;;;;;;;
2026/02/13;0600 UTC;;;;;;;;;;;;;;;;;;
2026/02/13;0700 UTC;;;;;;;;;;;;;;;;;;
2026/02/13;0800 UTC;;;;;;;;;;;;;;;;;;
2026/02/13;0900 UTC;;;;;;;;;;;;;;;;;;
2026/02/13;1000 UTC;;;;;;;;;;;;;;;;;;
2026/02/13;1100 UTC;;;;;;;;;;;;;;;;;;
2026/02/13;1200 UTC;;;;;;;;;;;;;;;;;;
2026/02/13;1300 UTC;;;;;;;;;;;;;;;;;;
2026/02/13;1400 UTC;;;;;;;;;;;;;;;;;;
2026/02/13;1500 UTC;;;;;;;;;;;;;;;;;;
2026/02/13;1600 UTC;;;;;;;;;;;;;;;;;;
2026/02/13;1700 UTC;;;;;;;;;;;;;;;;;;
2026/02/13;1800 UTC;;;;;;;;;;;;;;;;;;
2026/02/13;1900 UTC;;;;;;;;;;;;;;;;;;
2026/02/13;2000 UTC;;;;;;;;;;;;;;;;;;
2026/02/13;2100 UTC;;;;;;;;;;;;;;;;;;
2026/02/13;2200 UTC;;;;;;;;;;;;;;;;;;
2026/02/13;2300 UTC;;;;;;;;;;;;;;;;;;
2026/02/14;0000 UTC;;;;;;;;;;;;;;;;;;
2026/02/14;0100 UTC;;;;;;;;;;;;;;;;;;
2026/02/14;0200 UTC;;;;;;;;;;;;;;;;;;
2026/02/14;0300 UTC;;;;;;;;;;;;;;;;;;
2026/02/14;0400 UTC;;;;;;;;;;;;;;;;;;
2026/02/14;0500 UTC;;;;;;;;;;;;;;;;;;
2026/02/14;0600 UTC;;;;;;;;;;;;;;;;;;
2026/02/14;0700 UTC;;;;;;;;;;;;;;;;;;
2026/02/14;0800 UTC;;;;;;;;;;;;;;;;;;
2026/02/14;0900 UTC;;;;;;;;;;;;;;;;;;
2026/02/14;1000 UTC;;;;;;;;;;;;;;;;;;
2026/02/14;1100 UTC;;;;;;;;;;;;;;;;;;
2026/02/14;1200 UTC;;;;;;;;;;;;;;;;;;
2026/02/14;1300 UTC;;;;;;;;;;;;;;;;;;
2026/02/14;1400 UTC;;;;;;;;;;;;;;;;;;
2026/02/14;1500 UTC;;;;;;;;;;;;;;;;;;
2026/02/14;1600 UTC;;;;;;;;;;;;;;;;;;
2026/02/14;1700 UTC;;;;;;;;;;;;;;;;;;
2026/02/14;1800 UTC;;;;;;;;;;;;;;;;;;
2026/02/14;1900 UTC;;;;;;;;;;;;;;;;;;
2026/02/14;2000 UTC;;;;;;;;;;;;;;;;;;
2026/02/14;2100 UTC;;;;;;;;;;;;;;;;;;
2026/02/14;2200 UTC;;;;;;;;;;;;;;;;;;
2026/02/14;2300 UTC;;;;;;;;;;;;;;;;;;
2026/02/15;0000 UTC;;;;;;;;;;;;;;;;;;
2026/02/15;0100 UTC;;;;;;;;;;;;;;;;;;
2026/02/15;0200 UTC;;;;;;;;;;;;;;;;;;
2026/02/15;0300 UTC;;;;;;;;;;;;;;;;;;
2026/02/15;0400 UTC;;;;;;;;;;;;;;;;;;
2026/02/15;0500 UTC;;;;;;;;;;;;;;;;;;
2026/02/15;0600 UTC;;;;;;;;;;;;;;;;;;
2026/02/15;0700 UTC;;;;;;;;;;;;;;;;;;
2026/02/15;0800 UTC;;;;;;;;;;;;;;;;;;
2026/02/15;0900 UTC;;;;;;;;;;;;;;;;;;
2026/02/15;1000 UTC;;;;;;;;;;;;;;;;;;
2026/02/15;1100 UTC;;;;;;;;;;;;;;;;;;
2026/02/15;1200 UTC;;;;;;;;;;;;;;;;;;
2026/02/15;1300 UTC;;;;;;;;;;;;;;;;;;
2026/02/15;1400 UTC;;;;;;;;;;;;;;;;;;
2026/02/15;1500 UTC;;;;;;;;;;;;;;;;;;
2026/02/15;1600 UTC;;;;;;;;;;;;;;;;;;
2026/02/15;1700 UTC;;;;;;;;;;;;;;;;;;
2026/02/15;1800 UTC;;;;;;;;;;;;;;;;;;
2026/02/15;1900 UTC;;;;;;;;;;;;;;;;;;
2026/02/15;2000 UTC;;;;;;;;;;;;;;;;;;
2026/02/15;2100 UTC;;;;;;;;;;;;;;;;;;
2026/02/15;2200 UTC;;;;;;;;;;;;;;;;;;
2026/02/15;2300 UTC;;;;;;;;;;;;;;;;;;
2026/02/16;0000 UTC;;;;;;;;;;;;;;;;;;
2026/02/16;0100 UTC;;;;;;;;;;;;;;;;;;
2026/02/16;0200 UTC;;;;;;;;;;;;;;;;;;
2026/02/16;0300 UTC;;;;;;;;;;;;;;;;;;
2026/02/16;0400 UTC;;;;;;;;;;;;;;;;;;
2026/02/16;0500 UTC;;;;;;;;;;;;;;;;;;
2026/02/16;0600 UTC;;;;;;;;;;;;;;;;;;
2026/02/16;0700 UTC;;;;;;;;;;;;;;;;;;
2026/02/16;0800 UTC;;;;;;;;;;;;;;;;;;
2026/02/16;0900 UTC;;;;;;;;;;;;;;;;;;
2026/02/16;1000 UTC;;;;;;;;;;;;;;;;;;
2026/02/16;1100 UTC;;;;;;;;;;;;;;;;;;
2026/02/16;1200 UTC;;;;;;;;;;;;;;;;;;
2026/02/16;1300 UTC;;;;;;;;;;;;;;;;;;
2026/02/16;1400 UTC;;;;;;;;;;;;;;;;;;
2026/02/16;1500 UTC;;;;;;;;;;;;;;;;;;
2026/02/16;1600 UTC;;;;;;;;;;;;;;;;;;
2026/02/16;1700 UTC;;;;;;;;;;;;;;;;;;
2026/02/16;1800 UTC;;;;;;;;;;;;;;;;;;
2026/02/16;1900 UTC;;;;;;;;;;;;;;;;;;
2026/02/16;2000 UTC;;;;;;;;;;;;;;;;;;
2026/02/16;2100 UTC;;;;;;;;;;;;;;;;;;
2026/02/16;2200 UTC;;;;;;;;;;;;;;;;;;
2026/02/16;2300 UTC;;;;;;;;;;;;;;;;;;
2026/02/17;0000 UTC;;;;;;;;;;;;;;;;;;
2026/02/17;0100 UTC;;;;;;;;;;;;;;;;;;
2026/02/17;0200 UTC;;;;;;;;;;;;;;;;;;
2026/02/17;0300 UTC;;;;;;;;;;;;;;;;;;
2026/02/17;0400 UTC;;;;;;;;;;;;;;;;;;
2026/02/17;0500 UTC;;;;;;;;;;;;;;;;;;
2026/02/17;0600 UTC;;;;;;;;;;;;;;;;;;
2026/02/17;0700 UTC;;;;;;;;;;;;;;;;;;
2026/02/17;0800 UTC;;;;;;;;;;;;;;;;;;
2026/02/17;0900 UTC;;;;;;;;;;;;;;;;;;
2026/02/17;1000 UTC;;;;;;;;;;;;;;;;;;
2026/02/17;1100 UTC;;;;;;;;;;;;;;;;;;
2026/02/17;1200 UTC;;;;;;;;;;;;;;;;;;
2026/02/17;1300 UTC;;;;;;;;;;;;;;;;;;
2026/02/17;1400 UTC;;;;;;;;;;;;;;;;;;
2026/02/17;1500 UTC;;;;;;;;;;;;;;;;;;
2026/02/17;1600 UTC;;;;;;;;;;;;;;;;;;
2026/02/17;1700 UTC;;;;;;;;;;;;;;;;;;
2026/02/17;1800 UTC;;;;;;;;;;;;;;;;;;
2026/02/17;1900 UTC;;;;;;;;;;;;;;;;;;
2026/02/17;2000 UTC;;;;;;;;;;;;;;;;;;
2026/02/17;2100 UTC;;;;;;;;;;;;;;;;;;
2026/02/17;2200 UTC;;;;;;;;;;;;;;;;;;
2026/02/17;2300 UTC;;;;;;;;;;;;;;;;;;
2026/02/18;0000 UTC;;;;;;;;;;;;;;;;;;
2026/02/18;0100 UTC;;;;;;;;;;;;;;;;;;
2026/02/18;0200 UTC;;;;;;;;;;;;;;;;;;
2026/02/18;0300 UTC;;;;;;;;;;;;;;;;;;
2026/02/18;0400 UTC;;;;;;;;;;;;;;;;;;
2026/02/18;0500 UTC;;;;;;;;;;;;;;;;;;
2026/02/18;0600 UTC;;;;;;;;;;;;;;;;;;
2026/02/18;0700 UTC;;;;;;;;;;;;;;;;;;
2026/02/18;0800 UTC;;;;;;;;;;;;;;;;;;
2026/02/18;0900 UTC;;;;;;;;;;;;;;;;;;
2026/02/18;1000 UTC;;;;;;;;;;;;;;;;;;
2026/02/18;1100 UTC;;;;;;;;;;;;;;;;;;
2026/02/18;1200 UTC;;;;;;;;;;;;;;;;;;
2026/02/18;1300 UTC;;;;;;;;;;;;;;;;;;
2026/02/18;1400 UTC;;;;;;;;;;;;;;;;;;
2026/02/18;1500 UTC;;;;;;;;;;;;;;;;;;
2026/02/18;1600 UTC;;;;;;;;;;;;;;;;;;
2026/02/18;1700 UTC;;;;;;;;;;;;;;;;;;
2026/02/18;1800 UTC;;;;;;;;;;;;;;;;;;
2026/02/18;1900 UTC;;;;;;;;;;;;;;;;;;
2026/02/18;2000 UTC;;;;;;;;;;;;;;;;;;
2026/02/18;2100 UTC;;;;;;;;;;;;;;;;;;
2026/02/18;2200 UTC;;;;;;;;;;;;;;;;;;
2026/02/18;2300 UTC;;;;;;;;;;;;;;;;;;
2026/02/19;0000 UTC;;;;;;;;;;;;;;;;;;
2026/02/19;0100 UTC;;;;;;;;;;;;;;;;;;
2026/02/19;0200 UTC;;;;;;;;;;;;;;;;;;
2026/02/19;0300 UTC;;;;;;;;;;;;;;;;;;
2026/02/19;0400 UTC;;;;;;;;;;;;;;;;;;
2026/02/19;0500 UTC;;;;;;;;;;;;;;;;;;
2026/02/19;0600 UTC;;;;;;;;;;;;;;;;;;
2026/02/19;0700 UTC;;;;;;;;;;;;;;;;;;
2026/02/19;0800 UTC;;;;;;;;;;;;;;;;;;
2026/02/19;0900 UTC;;;;;;;;;;;;;;;;;;
2026/02/19;1000 UTC;;;;;;;;;;;;;;;;;;
2026/02/19;1100 UTC;;;;;;;;;;;;;;;;;;
2026/02/19;1200 UTC;;;;;;;;;;;;;;;;;;
2026/02/19;1300 UTC;;;;;;;;;;;;;;;;;;
2026/02/19;1400 UTC;;;;;;;;;;;;;;;;;;
2026/02/19;1500 UTC;;;;;;;;;;;;;;;;;;
2026/02/19;1600 UTC;;;;;;;;;;;;;;;;;;
2026/02/19;1700 UTC;;;;;;;;;;;;;;;;;;
2026/02/19;1800 UTC;;;;;;;;;;;;;;;;;;
2026/02/19;1900 UTC;;;;;;;;;;;;;;;;;;
2026/02/19;2000 UTC;;;;;;;;;;;;;;;;;;
2026/02/19;2100 UTC;;;;;;;;;;;;;;;;;;
2026/02/19;2200 UTC;;;;;;;;;;;;;;;;;;
2026/02/19;2300 UTC;;;;;;;;;;;;;;;;;;
2026/02/20;0000 UTC;;;;;;;;;;;;;;;;;;
2026/02/20;0100 UTC;;;;;;;;;;;;;;;;;;
2026/02/20;0200 UTC;;;;;;;;;;;;;;;;;;
2026/02/20;0300 UTC;;;;;;;;;;;;;;;;;;
2026/02/20;0400 UTC;;;;;;;;;;;;;;;;;;
2026/02/20;0500 UTC;;;;;;;;;;;;;;;;;;
2026/02/20;0600 UTC;;;;;;;;;;;;;;;;;;
2026/02/20;0700 UTC;;;;;;;;;;;;;;;;;;
2026/02/20;0800 UTC;;;;;;;;;;;;;;;;;;
2026/02/20;0900 UTC;;;;;;;;;;;;;;;;;;
2026/02/20;1000 UTC;;;;;;;;;;;;;;;;;;
2026/02/20;1100 UTC;;;;;;;;;;;;;;;;;;
2026/02/20;1200 UTC;;;;;;;;;;;;;;;;;;
2026/02/20;1300 UTC;;;;;;;;;;;;;;;;;;
2026/02/20;1400 UTC;;;;;;;;;;;;;;;;;;
2026/02/20;1500 UTC;;;;;;;;;;;;;;;;;;
2026/02/20;1600 UTC;;;;;;;;;;;;;;;;;;
2026/02/20;1700 UTC;;;;;;;;;;;;;;;;;;
2026/02/20;1800 UTC;;;;;;;;;;;;;;;;;;
2026/02/20;1900 UTC;;;;;;;;;;;;;;;;;;
2026/02/20;2000 UTC;;;;;;;;;;;;;;;;;;
2026/02/20;2100 UTC;;;;;;;;;;;;;;;;;;
2026/02/20;2200 UTC;;;;;;;;;;;;;;;;;;
2026/02/20;2300 UTC;;;;;;;;;;;;;;;;;;
2026/02/21;0000 UTC;;;;;;;;;;;;;;;;;;
2026/02/21;0100 UTC;;;;;;;;;;;;;;;;;;
2026/02/21;0200 UTC;;;;;;;;;;;;;;;;;;
2026/02/21;0300 UTC;;;;;;;;;;;;;;;;;;
2026/02/21;0400 UTC;;;;;;;;;;;;;;;;;;
2026/02/21;0500 UTC;;;;;;;;;;;;;;;;;;
2026/02/21;0600 UTC;;;;;;;;;;;;;;;;;;
2026/02/21;0700 UTC;;;;;;;;;;;;;;;;;;
2026/02/21;0800 UTC;;;;;;;;;;;;;;;;;;
2026/02/21;0900 UTC;;;;;;;;;;;;;;;;;;
2026/02/21;1000 UTC;;;;;;;;;;;;;;;;;;
2026/02/21;1100 UTC;;;;;;;;;;;;;;;;;;
2026/02/21;1200 UTC;;;;;;;;;;;;;;;;;;
2026/02/21;1300 UTC;;;;;;;;;;;;;;;;;;
2026/02/21;1400 UTC;;;;;;;;;;;;;;;;;;
2026/02/21;1500 UTC;;;;;;;;;;;;;;;;;;
2026/02/21;1600 UTC;;;;;;;;;;;;;;;;;;
2026/02/21;1700 UTC;;;;;;;;;;;;;;;;;;
2026/02/21;1800 UTC;;;;;;;;;;;;;;;;;;
2026/02/21;1900 UTC;;;;;;;;;;;;;;;;;;
2026/02/21;2000 UTC;;;;;;;;;;;;;;;;;;
2026/02/21;2100 UTC;;;;;;;;;;;;;;;;;;
2026/02/21;2200 UTC;;;;;;;;;;;;;;;;;;
2026/02/21;2300 UTC;;;;;;;;;;;;;;;;;;
2026/02/22;0000 UTC;;;;;;;;;;;;;;;;;;
2026/02/22;0100 UTC;;;;;;;;;;;;;;;;;;
2026/02/22;0200 UTC;;;;;;;;;;;;;;;;;;
2026/02/22;0300 UTC;;;;;;;;;;;;;;;;;;
2026/02/22;0400 UTC;;;;;;;;;;;;;;;;;;
2026/02/22;0500 UTC;;;;;;;;;;;;;;;;;;
2026/02/22;0600 UTC;;;;;;;;;;;;;;;;;;
2026/02/22;0700 UTC;;;;;;;;;;;;;;;;;;
2026/02/22;0800 UTC;;;;;;;;;;;;;;;;;;
2026/02/22;0900 UTC;;;;;;;;;;;;;;;;;;
2026/02/22;1000 UTC;;;;;;;;;;;;;;;;;;
2026/02/22;1100 UTC;;;;;;;;;;;;;;;;;;
2026/02/22;1200 UTC;;;;;;;;;;;;;;;;;;
2026/02/22;1300 UTC;;;;;;;;;;;;;;;;;;
2026/02/22;1400 UTC;;;;;;;;;;;;;;;;;;
2026/02/22;1500 UTC;;;;;;;;;;;;;;;;;;
2026/02/22;1600 UTC;;;;;;;;;;;;;;;;;;
2026/02/22;1700 UTC;;;;;;;;;;;;;;;;;;
2026/02/22;1800 UTC;;;;;;;;;;;;;;;;;;
2026/02/22;1900 UTC;;;;;;;;;;;;;;;;;;
2026/02/22;2000 UTC;;;;;;;;;;;;;;;;;;
2026/02/22;2100 UTC;;;;;;;;;;;;;;;;;;
2026/02/22;2200 UTC;;;;;;;;;;;;;;;;;;
2026/02/22;2300 UTC;;;;;;;;;;;;;;;;;;
2026/02/23;0000 UTC;;;;;;;;;;;;;;;;;;
2026/02/23;0100 UTC;;;;;;;;;;;;;;;;;;
2026/02/23;0200 UTC;;;;;;;;;;;;;;;;;;
2026/02/23;0300 UTC;;;;;;;;;;;;;;;;;;
2026/02/23;0400 UTC;;;;;;;;;;;;;;;;;;
2026/02/23;0500 UTC;;;;;;;;;;;;;;;;;;
2026/02/23;0600 UTC;;;;;;;;;;;;;;;;;;
2026/02/23;0700 UTC;;;;;;;;;;;;;;;;;;
2026/02/23;0800 UTC;;;;;;;;;;;;;;;;;;
2026/02/23;0900 UTC;;;;;;;;;;;;;;;;;;
2026/02/23;1000 UTC;;;;;;;;;;;;;;;;;;
2026/02/23;1100 UTC;;;;;;;;;;;;;;;;;;
2026/02/23;1200 UTC;;;;;;;;;;;;;;;;;;
2026/02/23;1300 UTC;;;;;;;;;;;;;;;;;;
2026/02/23;1400 UTC;;;;;;;;;;;;;;;;;;
2026/02/23;1500 UTC;;;;;;;;;;;;;;;;;;
2026/02/23;1600 UTC;;;;;;;;;;;;;;;;;;
2026/02/23;1700 UTC;;;;;;;;;;;;;;;;;;
2026/02/23;1800 UTC;;;;;;;;;;;;;;;;;;
2026/02/23;1900 UTC;;;;;;;;;;;;;;;;;;
2026/02/23;2000 UTC;;;;;;;;;;;;;;;;;;
2026/02/23;2100 UTC;;;;;;;;;;;;;;;;;;
2026/02/23;2200 UTC;;;;;;;;;;;;;;;;;;
2026/02/23;2300 UTC;;;;;;;;;;;;;;;;;;
2026/02/24;0000 UTC;;;;;;;;;;;;;;;;;;
2026/02/24;0100 UTC;;;;;;;;;;;;;;;;;;
2026/02/24;0200 UTC;;;;;;;;;;;;;;;;;;
2026/02/24;0300 UTC;;;;;;;;;;;;;;;;;;
2026/02/24;0400 UTC;;;;;;;;;;;;;;;;;;
2026/02/24;0500 UTC;;;;;;;;;;;;;;;;;;
2026/02/24;0600 UTC;;;;;;;;;;;;;;;;;;
2026/02/24;0700 UTC;;;;;;;;;;;;;;;;;;
2026/02/24;0800 UTC;;;;;;;;;;;;;;;;;;
2026/02/24;0900 UTC;;;;;;;;;;;;;;;;;;
2026/02/24;1000 UTC;;;;;;;;;;;;;;;;;;
2026/02/24;1100 UTC;;;;;;;;;;;;;;;;;;
2026/02/24;1200 UTC;;;;;;;;;;;;;;;;;;
2026/02/24;1300 UTC;;;;;;;;;;;;;;;;;;
2026/02/24;1400 UTC;;;;;;;;;;;;;;;;;;
2026/02/24;1500 UTC;;;;;;;;;;;;;;;;;;
2026/02/24;1600 UTC;;;;;;;;;;;;;;;;;;
2026/02/24;1700 UTC;;;;;;;;;;;;;;;;;;
2026/02/24;1800 UTC;;;;;;;;;;;;;;;;;;
2026/02/24;1900 UTC;;;;;;;;;;;;;;;;;;
2026/02/24;2000 UTC;;;;;;;;;;;;;;;;;;
2026/02/24;2100 UTC;;;;;;;;;;;;;;;;;;
2026/02/24;2200 UTC;;;;;;;;;;;;;;;;;;
2026/02/24;2300 UTC;;;;;;;;;;;;;;;;;;
2026/02/25;0000 UTC;;;;;;;;;;;;;;;;;;
2026/02/25;0100 UTC;;;;;;;;;;;;;;;;;;
2026/02/25;0200 UTC;;;;;;;;;;;;;;;;;;
2026/02/25;0300 UTC;;;;;;;;;;;;;;;;;;
2026/02/25;0400 UTC;;;;;;;;;;;;;;;;;;
2026/02/25;0500 UTC;;;;;;;;;;;;;;;;;;
2026/02/25;0600 UTC;;;;;;;;;;;;;;;;;;
2026/02/25;0700 UTC;;;;;;;;;;;;;;;;;;
2026/02/25;0800 UTC;;;;;;;;;;;;;;;;;;
2026/02/25;0900 UTC;;;;;;;;;;;;;;;;;;
2026/02/25;1000 UTC;;;;;;;;;;;;;;;;;;
2026/02/25;1100 UTC;;;;;;;;;;;;;;;;;;
2026/02/25;1200 UTC;;;;;;;;;;;;;;;;;;
2026/02/25;1300 UTC;;;;;;;;;;;;;;;;;;
2026/02/25;1400 UTC;;;;;;;;;;;;;;;;;;
2026/02/25;1500 UTC;;;;;;;;;;;;;;;;;;
2026/02/25;1600 UTC;;;;;;;;;;;;;;;;;;
2026/02/25;1700 UTC;;;;;;;;;;;;;;;;;;
2026/02/25;1800 UTC;;;;;;;;;;;;;;;;;;
2026/02/25;1900 UTC;;;;;;;;;;;;;;;;;;
2026/02/25;2000 UTC;;;;;;;;;;;;;;;;;;
2026/02/25;2100 UTC;;;;;;;;;;;;;;;;;;
2026/02/25;2200 UTC;;;;;;;;;;;;;;;;;;
2026/02/25;2300 UTC;;;;;;;;;;;;;;;;;;
2026/02/26;0000 UTC;;;;;;;;;;;;;;;;;;
2026/02/26;0100 UTC;;;;;;;;;;;;;;;;;;
2026/02/26;0200 UTC;;;;;;;;;;;;;;;;;;
2026/02/26;0300 UTC;;;;;;;;;;;;;;;;;;
2026/02/26;0400 UTC;;;;;;;;;;;;;;;;;;
2026/02/26;0500 UTC;;;;;;;;;;;;;;;;;;
2026/02/26;0600 UTC;;;;;;;;;;;;;;;;;;
2026/02/26;0700 UTC;;;;;;;;;;;;;;;;;;
2026/02/26;0800 UTC;;;;;;;;;;;;;;;;;;
2026/02/26;0900 UTC;;;;;;;;;;;;;;;;;;
2026/02/26;1000 UTC;;;;;;;;;;;;;;;;;;
2026/02/26;1100 UTC;;;;;;;;;;;;;;;;;;
2026/02/26;1200 UTC;;;;;;;;;;;;;;;;;;
2026/02/26;1300 UTC;;;;;;;;;;;;;;;;;;
2026/02/26;1400 UTC;;;;;;;;;;;;;;;;;;
2026/02/26;1500 UTC;;;;;;;;;;;;;;;;;;
2026/02/26;1600 UTC;;;;;;;;;;;;;;;;;;
2026/02/26;1700 UTC;;;;;;;;;;;;;;;;;;
2026/02/26;1800 UTC;;;;;;;;;;;;;;;;;;
2026/02/26;1900 UTC;;;;;;;;;;;;;;;;;;
2026/02/26;2000 UTC;;;;;;;;;;;;;;;;;;
2026/02/26;2100 UTC;;;;;;;;;;;;;;;;;;
2026/02/26;2200 UTC;;;;;;;;;;;;;;;;;;
2026/02/26;2300 UTC;;;;;;;;;;;;;;;;;;
2026/02/27;0000 UTC;;;;;;;;;;;;;;;;;;
2026/02/27;0100 UTC;;;;;;;;;;;;;;;;;;
2026/02/27;0200 UTC;;;;;;;;;;;;;;;;;;
2026/02/27;0300 UTC;;;;;;;;;;;;;;;;;;
2026/02/27;0400 UTC;;;;;;;;;;;;;;;;;;
2026/02/27;0500 UTC;;;;;;;;;;;;;;;;;;
2026/02/27;0600 UTC;;;;;;;;;;;;;;;;;;
2026/02/27;0700 UTC;;;;;;;;;;;;;;;;;;
2026/02/27;0800 UTC;;;;;;;;;;;;;;;;;;
2026/02/27;0900 UTC;;;;;;;;;;;;;;;;;;
2026/02/27;1000 UTC;;;;;;;;;;;;;;;;;;
2026/02/27;1100 UTC;;;;;;;;;;;;;;;;;;
2026/02/27;1200 UTC;;;;;;;;;;;;;;;;;;
2026/02/27;1300 UTC;;;;;;;;;;;;;;;;;;
2026/02/27;1400 UTC;;;;;;;;;;;;;;;;;;
2026/02/27;1500 UTC;;;;;;;;;;;;;;;;;;
2026/02/27;1600 UTC;;;;;;;;;;;;;;;;;;
2026/02/27;1700 UTC;;;;;;;;;;;;;;;;;;
2026/02/27;1800 UTC;;;;;;;;;;;;;;;;;;
2026/02/27;1900 UTC;;;;;;;;;;;;;;;;;;
2026/02/27;2000 UTC;;;;;;;;;;;;;;;;;;
2026/02/27;2100 UTC;;;;;;;;;;;;;;;;;;
2026/02/27;2200 UTC;;;;;;;;;;;;;;;;;;
2026/02/27;2300 UTC;;;;;;;;;;;;;;;;;;
2026/02/28;0000 UTC;;;;;;;;;;;;;;;;;;
2026/02/28;0100 UTC;;;;;;;;;;;;;;;;;;
2026/02/28;0200 UTC;;;;;;;;;;;;;;;;;;
2026/02/28;0300 UTC;;;;;;;;;;;;;;;;;;
2026/02/28;0400 UTC;;;;;;;;;;;;;;;;;;
2026/02/28;0500 UTC;;;;;;;;;;;;;;;;;;
2026/02/28;0600 UTC;;;;;;;;;;;;;;;;;;
2026/02/28;0700 UTC;;;;;;;;;;;;;;;;;;
2026/02/28;0800 UTC;;;;;;;;;;;;;;;;;;
2026/02/28;0900 UTC;;;;;;;;;;;;;;;;;;
2026/02/28;1000 UTC;;;;;;;;;;;;;;;;;;
2026/02/28;1100 UTC;;;;;;;;;;;;;;;;;;
2026/02/28;1200 UTC;;;;;;;;;;;;;;;;;;
2026/02/28;1300 UTC;;;;;;;;;;;;;;;;;;
2026/02/28;1400 UTC;;;;;;;;;;;;;;;;;;
2026/02/28;1500 UTC;;;;;;;;;;;;;;;;;;
2026/02/28;1600 UTC;;;;;;;;;;;;;;;;;;
2026/02/28;1700 UTC;;;;;;;;;;;;;;;;;;
2026/02/28;1800 UTC;;;;;;;;;;;;;;;;;;
2026/02/28;1900 UTC;;;;;;;;;;;;;;;;;;
2026/02/28;2000 UTC;;;;;;;;;;;;;;;;;;
2026/02/28;2100 UTC;;;;;;;;;;;;;;;;;;
2026/02/28;2200 UTC;;;;;;;;;;;;;;;;;;
2026/02/28;2300 UTC;;;;;;;;;;;;;;;;;;
2026/03/01;0000 UTC;;;;;;;;;;;;;;;;;;
2026/03/01;0100 UTC;;;;;;;;;;;;;;;;;;
2026/03/01;0200 UTC;;;;;;;;;;;;;;;;;;
2026/03/01;0300 UTC;;;;;;;;;;;;;;;;;;
2026/03/01;0400 UTC;;;;;;;;;;;;;;;;;;
2026/03/01;0500 UTC;;;;;;;;;;;;;;;;;;
2026/03/01;0600 UTC;;;;;;;;;;;;;;;;;;
2026/03/01;0700 UTC;;;;;;;;;;;;;;;;;;
2026/03/01;0800 UTC;;;;;;;;;;;;;;;;;;
2026/03/01;0900 UTC;;;;;;;;;;;;;;;;;;
2026/03/01;1000 UTC;;;;;;;;;;;;;;;;;;
2026/03/01;1100 UTC;;;;;;;;;;;;;;;;;;
2026/03/01;1200 UTC;;;;;;;;;;;;;;;;;;
2026/03/01;1300 UTC;;;;;;;;;;;;;;;;;;
2026/03/01;1400 UTC;;;;;;;;;;;;;;;;;;
2026/03/01;1500 UTC;;;;;;;;;;;;;;;;;;
2026/03/01;1600 UTC;;;;;;;;;;;;;;;;;;
2026/03/01;1700 UTC;;;;;;;;;;;;;;;;;;
2026/03/01;1800 UTC;;;;;;;;;;;;;;;;;;
2026/03/01;1900 UTC;;;;;;;;;;;;;;;;;;
2026/03/01;2000 UTC;;;;;;;;;;;;;;;;;;
2026/03/01;2100 UTC;;;;;;;;;;;;;;;;;;
2026/03/01;2200 UTC;;;;;;;;;;;;;;;;;;
2026/03/01;2300 UTC;;;;;;;;;;;;;;;;;;
2026/03/02;0000 UTC;;;;;;;;;;;;;;;;;;
2026/03/02;0100 UTC;;;;;;;;;;;;;;;;;;
2026/03/02;0200 UTC;;;;;;;;;;;;;;;;;;
2026/03/02;0300 UTC;;;;;;;;;;;;;;;;;;
2026/03/02;0400 UTC;;;;;;;;;;;;;;;;;;
2026/03/02;0500 UTC;;;;;;;;;;;;;;;;;;
2026/03/02;0600 UTC;;;;;;;;;;;;;;;;;;
2026/03/02;0700 UTC;;;;;;;;;;;;;;;;;;
2026/03/02;0800 UTC;;;;;;;;;;;;;;;;;;
2026/03/02;0900 UTC;;;;;;;;;;;;;;;;;;
2026/03/02;1000 UTC;;;;;;;;;;;;;;;;;;
2026/03/02;1100 UTC;;;;;;;;;;;;;;;;;;
2026/03/02;1200 UTC;;;;;;;;;;;;;;;;;;
2026/03/02;1300 UTC;;;;;;;;;;;;;;;;;;
2026/03/02;1400 UTC;;;;;;;;;;;;;;;;;;
2026/03/02;1500 UTC;;;;;;;;;;;;;;;;;;
2026/03/02;1600 UTC;;;;;;;;;;;;;;;;;;
2026/03/02;1700 UTC;;;;;;;;;;;;;;;;;;
2026/03/02;1800 UTC;;;;;;;;;;;;;;;;;;
2026/03/02;1900 UTC;;;;;;;;;;;;;;;;;;
2026/03/02;2000 UTC;;;;;;;;;;;;;;;;;;
2026/03/02;2100 UTC;;;;;;;;;;;;;;;;;;
2026/03/02;2200 UTC;;;;;;;;;;;;;;;;;;
2026/03/02;2300 UTC;;;;;;;;;;;;;;;;;;
2026/03/03;0000 UTC;;;;;;;;;;;;;;;;;;
2026/03/03;0100 UTC;;;;;;;;;;;;;;;;;;
2026/03/03;0200 UTC;;;;;;;;;;;;;;;;;;
2026/03/03;0300 UTC;;;;;;;;;;;;;;;;;;
2026/03/03;0400 UTC;;;;;;;;;;;;;;;;;;
2026/03/03;0500 UTC;;;;;;;;;;;;;;;;;;
2026/03/03;0600 UTC;;;;;;;;;;;;;;;;;;
2026/03/03;0700 UTC;;;;;;;;;;;;;;;;;;
2026/03/03;0800 UTC;;;;;;;;;;;;;;;;;;
2026/03/03;0900 UTC;;;;;;;;;;;;;;;;;;
2026/03/03;1000 UTC;;;;;;;;;;;;;;;;;;
2026/03/03;1100 UTC;;;;;;;;;;;;;;;;;;
2026/03/03;1200 UTC;;;;;;;;;;;;;;;;;;
2026/03/03;1300 UTC;;;;;;;;;;;;;;;;;;
2026/03/03;1400 UTC;;;;;;;;;;;;;;;;;;
2026/03/03;1500 UTC;;;;;;;;;;;;;;;;;;
2026/03/03;1600 UTC;;;;;;;;;;;;;;;;;;
2026/03/03;1700 UTC;;;;;;;;;;;;;;;;;;
2026/03/03;1800 UTC;;;;;;;;;;;;;;;;;;
2026/03/03;1900 UTC;;;;;;;;;;;;;;;;;;
2026/03/03;2000 UTC;;;;;;;;;;;;;;;;;;
2026/03/03;2100 UTC;;;;;;;;;;;;;;;;;;
2026/03/03;2200 UTC;;;;;;;;;;;;;;;;;;
2026/03/03;2300 UTC;;;;;;;;;;;;;;;;;;
2026/03/04;0000 UTC;;;;;;;;;;;;;;;;;;
2026/03/04;0100 UTC;;;;;;;;;;;;;;;;;;
2026/03/04;0200 UTC;;;;;;;;;;;;;;;;;;
2026/03/04;0300 UTC;;;;;;;;;;;;;;;;;;
2026/03/04;0400 UTC;;;;;;;;;;;;;;;;;;
2026/03/04;0500 UTC;;;;;;;;;;;;;;;;;;
2026/03/04;0600 UTC;;;;;;;;;;;;;;;;;;
2026/03/04;0700 UTC;;;;;;;;;;;;;;;;;;
2026/03/04;0800 UTC;;;;;;;;;;;;;;;;;;
2026/03/04;0900 UTC;;;;;;;;;;;;;;;;;;
2026/03/04;1000 UTC;;;;;;;;;;;;;;;;;;
2026/03/04;1100 UTC;;;;;;;;;;;;;;;;;;
2026/03/04;1200 UTC;;;;;;;;;;;;;;;;;;
2026/03/04;1300 UTC;;;;;;;;;;;;;;;;;;
2026/03/04;1400 UTC;;;;;;;;;;;;;;;;;;
2026/03/04;1500 UTC;;;;;;;;;;;;;;;;;;
2026/03/04;1600 UTC;;;;;;;;;;;;;;;;;;
2026/03/04;1700 UTC;;;;;;;;;;;;;;;;;;
2026/03/04;1800 UTC;;;;;;;;;;;;;;;;;;
2026/03/04;1900 UTC;;;;;;;;;;;;;;;;;;
2026/03/04;2000 UTC;;;;;;;;;;;;;;;;;;
2026/03/04;2100 UTC;;;;;;;;;;;;;;;;;;
2026/03/04;2200 UTC;;;;;;;;;;;;;;;;;;
2026/03/04;2300 UTC;;;;;;;;;;;;;;;;;;
2026/03/05;0000 UTC;;;;;;;;;;;;;;;;;;
2026/03/05;0100 UTC;;;;;;;;;;;;;;;;;;
2026/03/05;0200 UTC;;;;;;;;;;;;;;;;;;
2026/03/05;0300 UTC;;;;;;;;;;;;;;;;;;
2026/03/05;0400 UTC;;;;;;;;;;;;;;;;;;
2026/03/05;0500 UTC;;;;;;;;;;;;;;;;;;
2026/03/05;0600 UTC;;;;;;;;;;;;;;;;;;
2026/03/05;0700 UTC;;;;;;;;;;;;;;;;;;
2026/03/05;0800 UTC;;;;;;;;;;;;;;;;;;
2026/03/05;0900 UTC;;;;;;;;;;;;;;;;;;
2026/03/05;1000 UTC;;;;;;;;;;;;;;;;;;
2026/03/05;1100 UTC;;;;;;;;;;;;;;;;;;
2026/03/05;1200 UTC;;;;;;;;;;;;;;;;;;
2026/03/05;1300 UTC;;;;;;;;;;;;;;;;;;
2026/03/05;1400 UTC;;;;;;;;;;;;;;;;;;
2026/03/05;1500 UTC;;;;;;;;;;;;;;;;;;
2026/03/05;1600 UTC;;;;;;;;;;;;;;;;;;
2026/03/05;1700 UTC;;;;;;;;;;;;;;;;;;
2026/03/05;1800 UTC;;;;;;;;;;;;;;;;;;
2026/03/05;1900 UTC;;;;;;;;;;;;;;;;;;
2026/03/05;2000 UTC;;;;;;;;;;;;;;;;;;
2026/03/05;2100 UTC;;;;;;;;;;;;;;;;;;
2026/03/05;2200 UTC;;;;;;;;;;;;;;;;;;
2026/03/05;2300 UTC;;;;;;;;;;;;;;;;;;
2026/03/06;0000 UTC;;;;;;;;;;;;;;;;;;
2026/03/06;0100 UTC;;;;;;;;;;;;;;;;;;
2026/03/06;0200 UTC;;;;;;;;;;;;;;;;;;
2026/03/06;0300 UTC;;;;;;;;;;;;;;;;;;
2026/03/06;0400 UTC;;;;;;;;;;;;;;;;;;
2026/03/06;0500 UTC;;;;;;;;;;;;;;;;;;
2026/03/06;0600 UTC;;;;;;;;;;;;;;;;;;
2026/03/06;0700 UTC;;;;;;;;;;;;;;;;;;
2026/03/06;0800 UTC;;;;;;;;;;;;;;;;;;
2026/03/06;0900 UTC;;;;;;;;;;;;;;;;;;
2026/03/06;1000 UTC;;;;;;;;;;;;;;;;;;
2026/03/06;1100 UTC;;;;;;;;;;;;;;;;;;
2026/03/06;1200 UTC;;;;;;;;;;;;;;;;;;
2026/03/06;1300 UTC;;;;;;;;;;;;;;;;;;
2026/03/06;1400 UTC;;;;;;;;;;;;;;;;;;
2026/03/06;1500 UTC;;;;;;;;;;;;;;;;;;
2026/03/06;1600 UTC;;;;;;;;;;;;;;;;;;
2026/03/06;1700 UTC;;;;;;;;;;;;;;;;;;
2026/03/06;1800 UTC;;;;;;;;;;;;;;;;;;
2026/03/06;1900 UTC;;;;;;;;;;;;;;;;;;
2026/03/06;2000 UTC;;;;;;;;;;;;;;;;;;
2026/03/06;2100 UTC;;;;;;;;;;;;;;;;;;
2026/03/06;2200 UTC;;;;;;;;;;;;;;;;;;
2026/03/06;2300 UTC;;;;;;;;;;;;;;;;;;
2026/03/07;0000 UTC;;;;;;;;;;;;;;;;;;
2026/03/07;0100 UTC;;;;;;;;;;;;;;;;;;
2026/03/07;0200 UTC;;;;;;;;;;;;;;;;;;
2026/03/07;0300 UTC;;;;;;;;;;;;;;;;;;
2026/03/07;0400 UTC;;;;;;;;;;;;;;;;;;
2026/03/07;0500 UTC;;;;;;;;;;;;;;;;;;
2026/03/07;0600 UTC;;;;;;;;;;;;;;;;;;
2026/03/07;0700 UTC;;;;;;;;;;;;;;;;;;
2026/03/07;0800 UTC;;;;;;;;;;;;;;;;;;
2026/03/07;0900 UTC;;;;;;;;;;;;;;;;;;
2026/03/07;1000 UTC;;;;;;;;;;;;;;;;;;
2026/03/07;1100 UTC;;;;;;;;;;;;;;;;;;
2026/03/07;1200 UTC;;;;;;;;;;;;;;;;;;
2026/03/07;1300 UTC;;;;;;;;;;;;;;;;;;
2026/03/07;1400 UTC;;;;;;;;;;;;;;;;;;
2026/03/07;1500 UTC;;;;;;;;;;;;;;;;;;
2026/03/07;1600 UTC;;;;;;;;;;;;;;;;;;
2026/03/07;1700 UTC;;;;;;;;;;;;;;;;;;
2026/03/07;1800 UTC;;;;;;;;;;;;;;;;;;
2026/03/07;1900 UTC;;;;;;;;;;;;;;;;;;
2026/03/07;2000 UTC;;;;;;;;;;;;;;;;;;
2026/03/07;2100 UTC;;;;;;;;;;;;;;;;;;
2026/03/07;2200 UTC;;;;;;;;;;;;;;;;;;
2026/03/07;2300 UTC;;;;;;;;;;;;;;;;;;
2026/03/08;0000 UTC;;;;;;;;;;;;;;;;;;
2026/03/08;0100 UTC;;;;;;;;;;;;;;;;;;
2026/03/08;0200 UTC;;;;;;;;;;;;;;;;;;
2026/03/08;0300 UTC;;;;;;;;;;;;;;;;;;
2026/03/08;0400 UTC;;;;;;;;;;;;;;;;;;
2026/03/08;0500 UTC;;;;;;;;;;;;;;;;;;
2026/03/08;0600 UTC;;;;;;;;;;;;;;;;;;
2026/03/08;0700 UTC;;;;;;;;;;;;;;;;;;
2026/03/08;0800 UTC;;;;;;;;;;;;;;;;;;
2026/03/08;0900 UTC;;;;;;;;;;;;;;;;;;
2026/03/08;1000 UTC;;;;;;;;;;;;;;;;;;
2026/03/08;1100 UTC;;;;;;;;;;;;;;;;;;
2026/03/08;1200 UTC;;;;;;;;;;;;;;;;;;
2026/03/08;1300 UTC;;;;;;;;;;;;;;;;;;
2026/03/08;1400 UTC;;;;;;;;;;;;;;;;;;
2026/03/08;1500 UTC;;;;;;;;;;;;;;;;;;
2026/03/08;1600 UTC;;;;;;;;;;;;;;;;;;
2026/03/08;1700 UTC;;;;;;;;;;;;;;;;;;
2026/03/08;1800 UTC;;;;;;;;;;;;;;;;;;
2026/03/08;1900 UTC;;;;;;;;;;;;;;;;;;
2026/03/08;2000 UTC;;;;;;;;;;;;;;;;;;
2026/03/08;2100 UTC;;;;;;;;;;;;;;;;;;
2026/03/08;2200 UTC;;;;;;;;;;;;;;;;;;
2026/03/08;2300 UTC;;;;;;;;;;;;;;;;;;
2026/03/09;0000 UTC;;;;;;;;;;;;;;;;;;
2026/03/09;0100 UTC;;;;;;;;;;;;;;;;;;
2026/03/09;0200 UTC;;;;;;;;;;;;;;;;;;
2026/03/09;0300 UTC;;;;;;;;;;;;;;;;;;
2026/03/09;0400 UTC;;;;;;;;;;;;;;;;;;
2026/03/09;0500 UTC;;;;;;;;;;;;;;;;;;
2026/03/09;0600 UTC;;;;;;;;;;;;;;;;;;
2026/03/09;0700 UTC;;;;;;;;;;;;;;;;;;
2026/03/09;0800 UTC;;;;;;;;;;;;;;;;;;
2026/03/09;0900 UTC;;;;;;;;;;;;;;;;;;
2026/03/09;1000 UTC;;;;;;;;;;;;;;;;;;
2026/03/09;1100 UTC;;;;;;;;;;;;;;;;;;
2026/03/09;1200 UTC;;;;;;;;;;;;;;;;;;
2026/03/09;1300 UTC;;;;;;;;;;;;;;;;;;
2026/03/09;1400 UTC;;;;;;;;;;;;;;;;;;
2026/03/09;1500 UTC;;;;;;;;;;;;;;;;;;
2026/03/09;1600 UTC;;;;;;;;;;;;;;;;;;
2026/03/09;1700 UTC;;;;;;;;;;;;;;;;;;
2026/03/09;1800 UTC;;;;;;;;;;;;;;;;;;
2026/03/09;1900 UTC;;;;;;;;;;;;;;;;;;
2026/03/09;2000 UTC;;;;;;;;;;;;;;;;;;
2026/03/09;2100 UTC;;;;;;;;;;;;;;;;;;
2026/03/09;2200 UTC;;;;;;;;;;;;;;;;;;
2026/03/09;2300 UTC;;;;;;;;;;;;;;;;;;
2026/03/10;0000 UTC;;;;;;;;;;;;;;;;;;
2026/03/10;0100 UTC;;;;;;;;;;;;;;;;;;
2026/03/10;0200 UTC;;;;;;;;;;;;;;;;;;
2026/03/10;0300 UTC;;;;;;;;;;;;;;;;;;
2026/03/10;0400 UTC;;;;;;;;;;;;;;;;;;
2026/03/10;0500 UTC;;;;;;;;;;;;;;;;;;
2026/03/10;0600 UTC;;;;;;;;;;;;;;;;;;
2026/03/10;0700 UTC;;;;;;;;;;;;;;;;;;
2026/03/10;0800 UTC;;;;;;;;;;;;;;;;;;
2026/03/10;0900 UTC;;;;;;;;;;;;;;;;;;
2026/03/10;1000 UTC;;;;;;;;;;;;;;;;;;
2026/03/10;1100 UTC;;;;;;;;;;;;;;;;;;
2026/03/10;1200 UTC;;;;;;;;;;;;;;;;;;
2026/03/10;1300 UTC;;;;;;;;;;;;;;;;;;
2026/03/10;1400 UTC;;;;;;;;;;;;;;;;;;
2026/03/10;1500 UTC;;;;;;;;;;;;;;;;;;
2026/03/10;1600 UTC;;;;;;;;;;;;;;;;;;
2026/03/10;1700 UTC;;;;;;;;;;;;;;;;;;
2026/03/10;1800 UTC;;;;;;;;;;;;;;;;;;
2026/03/10;1900 UTC;;;;;;;;;;;;;;;;;;
2026/03/10;2000 UTC;;;;;;;;;;;;;;;;;;
2026/03/10;2100 UTC;;;;;;;;;;;;;;;;;;
2026/03/10;2200 UTC;;;;;;;;;;;;;;;;;;
2026/03/10;2300 UTC;;;;;;;;;;;;;;;;;;
2026/03/11;0000 UTC;;;;;;;;;;;;;;;;;;
2026/03/11;0100 UTC;;;;;;;;;;;;;;;;;;
2026/03/11;0200 UTC;;;;;;;;;;;;;;;;;;
2026/03/11;0300 UTC;;;;;;;;;;;;;;;;;;
2026/03/11;0400 UTC;;;;;;;;;;;;;;;;;;
2026/03/11;0500 UTC;;;;;;;;;;;;;;;;;;
2026/03/11;0600 UTC;;;;;;;;;;;;;;;;;;
2026/03/11;0700 UTC;;;;;;;;;;;;;;;;;;
2026/03/11;0800 UTC;;;;;;;;;;;;;;;;;;
2026/03/11;0900 UTC;;;;;;;;;;;;;;;;;;
2026/03/11;1000 UTC;;;;;;;;;;;;;;;;;;
2026/03/11;1100 UTC;;;;;;;;;;;;;;;;;;
2026/03/11;1200 UTC;;;;;;;;;;;;;;;;;;
2026/03/11;1300 UTC;;;;;;;;;;;;;;;;;;
2026/03/11;1400 UTC;;;;;;;;;;;;;;;;;;
2026/03/11;1500 UTC;;;;;;;;;;;;;;;;;;
2026/03/11;1600 UTC;;;;;;;;;;;;;;;;;;
2026/03/11;1700 UTC;;;;;;;;;;;;;;;;;;
2026/03/11;1800 UTC;;;;;;;;;;;;;;;;;;
2026/03/11;1900 UTC;;;;;;;;;;;;;;;;;;
2026/03/11;2000 UTC;;;;;;;;;;;;;;;;;;
2026/03/11;2100 UTC;;;;;;;;;;;;;;;;;;
2026/03/11;2200 UTC;;;;;;;;;;;;;;;;;;
2026/03/11;2300 UTC;;;;;;;;;;;;;;;;;;
2026/03/12;0000 UTC;;;;;;;;;;;;;;;;;;
2026/03/12;0100 UTC;;;;;;;;;;;;;;;;;;
2026/03/12;0200 UTC;;;;;;;;;;;;;;;;;;
2026/03/12;0300 UTC;;;;;;;;;;;;;;;;;;
2026/03/12;0400 UTC;;;;;;;;;;;;;;;;;;
2026/03/12;0500 UTC;;;;;;;;;;;;;;;;;;
2026/03/12;0600 UTC;;;;;;;;;;;;;;;;;;
2026/03/12;0700 UTC;;;;;;;;;;;;;;;;;;
2026/03/12;0800 UTC;;;;;;;;;;;;;;;;;;
2026/03/12;0900 UTC;;;;;;;;;;;;;;;;;;
2026/03/12;1000 UTC;;;;;;;;;;;;;;;;;;
2026/03/12;1100 UTC;;;;;;;;;;;;;;;;;;
2026/03/12;1200 UTC;;;;;;;;;;;;;;;;;;
2026/03/12;1300 UTC;;;;;;;;;;;;;;;;;;
2026/03/12;1400 UTC;;;;;;;;;;;;;;;;;;
2026/03/12;1500 UTC;;;;;;;;;;;;;;;;;;
2026/03/12;1600 UTC;;;;;;;;;;;;;;;;;;
2026/03/12;1700 UTC;;;;;;;;;;;;;;;;;;
2026/03/12;1800 UTC;;;;;;;;;;;;;;;;;;
2026/03/12;1900 UTC;;;;;;;;;;;;;;;;;;
2026/03/12;2000 UTC;;;;;;;;;;;;;;;;;;
2026/03/12;2100 UTC;;;;;;;;;;;;;;;;;;
2026/03/12;2200 UTC;;;;;;;;;;;;;;;;;;
2026/03/12;2300 UTC;;;;;;;;;;;;;;;;;;
2026/03/13;0000 UTC;;;;;;;;;;;;;;;;;;
2026/03/13;0100 UTC;;;;;;;;;;;;;;;;;;
2026/03/13;0200 UTC;;;;;;;;;;;;;;;;;;
2026/03/13;0300 UTC;;;;;;;;;;;;;;;;;;
2026/03/13;0400 UTC;;;;;;;;;;;;;;;;;;
2026/03/13;0500 UTC;;;;;;;;;;;;;;;;;;
2026/03/13;0600 UTC;;;;;;;;;;;;;;;;;;
2026/03/13;0700 UTC;;;;;;;;;;;;;;;;;;
2026/03/13;0800 UTC;;;;;;;;;;;;;;;;;;
2026/03/13;0900 UTC;;;;;;;;;;;;;;;;;;
2026/03/13;1000 UTC;;;;;;;;;;;;;;;;;;
2026/03/13;1100 UTC;;;;;;;;;;;;;;;;;;
2026/03/13;1200 UTC;;;;;;;;;;;;;;;;;;
2026/03/13;1300 UTC;;;;;;;;;;;;;;;;;;
2026/03/13;1400 UTC;;;;;;;;;;;;;;;;;;
2026/03/13;1500 UTC;;;;;;;;;;;;;;;;;;
2026/03/13;1600 UTC;;;;;;;;;;;;;;;;;;
2026/03/13;1700 UTC;;;;;;;;;;;;;;;;;;
2026/03/13;1800 UTC;;;;;;;;;;;;;;;;;;
2026/03/13;1900 UTC;;;;;;;;;;;;;;;;;;
2026/03/13;2000 UTC;;;;;;;;;;;;;;;;;;
2026/03/13;2100 UTC;;;;;;;;;;;;;;;;;;
2026/03/13;2200 UTC;;;;;;;;;;;;;;;;;;
2026/03/13;2300 UTC;;;;;;;;;;;;;;;;;;
2026/03/14;0000 UTC;;;;;;;;;;;;;;;;;;
2026/03/14;0100 UTC;;;;;;;;;;;;;;;;;;
2026/03/14;0200 UTC;;;;;;;;;;;;;;;;;;
2026/03/14;0300 UTC;;;;;;;;;;;;;;;;;;
2026/03/14;0400 UTC;;;;;;;;;;;;;;;;;;
2026/03/14;0500 UTC;;;;;;;;;;;;;;;;;;
2026/03/14;0600 UTC;;;;;;;;;;;;;;;;;;
2026/03/14;0700 UTC;;;;;;;;;;;;;;;;;;
2026/03/14;0800 UTC;;;;;;;;;;;;;;;;;;
2026/03/14;0900 UTC;;;;;;;;;;;;;;;;;;
2026/03/14;1000 UTC;;;;;;;;;;;;;;;;;;
2026/03/14;1100 UTC;;;;;;;;;;;;;;;;;;
2026/03/14;1200 UTC;;;;;;;;;;;;;;;;;;
2026/03/14;1300 UTC;;;;;;;;;;;;;;;;;;
2026/03/14;1400 UTC;;;;;;;;;;;;;;;;;;
2026/03/14;1500 UTC;;;;;;;;;;;;;;;;;;
2026/03/14;1600 UTC;;;;;;;;;;;;;;;;;;
2026/03/14;1700 UTC;;;;;;;;;;;;;;;;;;
2026/03/14;1800 UTC;;;;;;;;;;;;;;;;;;
2026/03/14;1900 UTC;;;;;;;;;;;;;;;;;;
2026/03/14;2000 UTC;;;;;;;;;;;;;;;;;;
2026/03/14;2100 UTC;;;;;;;;;;;;;;;;;;
2026/03/14;2200 UTC;;;;;;;;;;;;;;;;;;
2026/03/14;2300 UTC;;;;;;;;;;;;;;;;;;
2026/03/15;0000 UTC;;;;;;;;;;;;;;;;;;
2026/03/15;0100 UTC;;;;;;;;;;;;;;;;;;
2026/03/15;0200 UTC;;;;;;;;;;;;;;;;;;
2026/03/15;0300 UTC;;;;;;;;;;;;;;;;;;
2026/03/15;0400 UTC;;;;;;;;;;;;;;;;;;
2026/03/15;0500 UTC;;;;;;;;;;;;;;;;;;
2026/03/15;0600 UTC;;;;;;;;;;;;;;;;;;
2026/03/15;0700 UTC;;;;;;;;;;;;;;;;;;
2026/03/15;0800 UTC;;;;;;;;;;;;;;;;;;
2026/03/15;0900 UTC;;;;;;;;;;;;;;;;;;
2026/03/15;1000 UTC;;;;;;;;;;;;;;;;;;
2026/03/15;1100 UTC;;;;;;;;;;;;;;;;;;
2026/03/15;1200 UTC;;;;;;;;;;;;;;;;;;
2026/03/15;1300 UTC;;;;;;;;;;;;;;;;;;
2026/03/15;1400 UTC;;;;;;;;;;;;;;;;;;
2026/03/15;1500 UTC;;;;;;;;;;;;;;;;;;
2026/03/15;1600 UTC;;;;;;;;;;;;;;;;;;
2026/03/15;1700 UTC;;;;;;;;;;;;;;;;;;
2026/03/15;1800 UTC;;;;;;;;;;;;;;;;;;
2026/03/15;1900 UTC;;;;;;;;;;;;;;;;;;
2026/03/15;2000 UTC;;;;;;;;;;;;;;;;;;
2026/03/15;2100 UTC;;;;;;;;;;;;;;;;;;
2026/03/15;2200 UTC;;;;;;;;;;;;;;;;;;
2026/03/15;2300 UTC;;;;;;;;;;;;;;;;;;
2026/03/16;0000 UTC;;;;;;;;;;;;;;;;;;
2026/03/16;0100 UTC;;;;;;;;;;;;;;;;;;
2026/03/16;0200 UTC;;;;;;;;;;;;;;;;;;
2026/03/16;0300 UTC;;;;;;;;;;;;;;;;;;
2026/03/16;0400 UTC;;;;;;;;;;;;;;;;;;
2026/03/16;0500 UTC;;;;;;;;;;;;;;;;;;
2026/03/16;0600 UTC;;;;;;;;;;;;;;;;;;
2026/03/16;0700 UTC;;;;;;;;;;;;;;;;;;
2026/03/16;0800 UTC;;;;;;;;;;;;;;;;;;
2026/03/16;0900 UTC;;;;;;;;;;;;;;;;;;
2026/03/16;1000 UTC;;;;;;;;;;;;;;;;;;
2026/03/16;1100 UTC;;;;;;;;;;;;;;;;;;
2026/03/16;1200 UTC;;;;;;;;;;;;;;;;;;
2026/03/16;1300 UTC;;;;;;;;;;;;;;;;;;
2026/03/16;1400 UTC;;;;;;;;;;;;;;;;;;
2026/03/16;1500 UTC;;;;;;;;;;;;;;;;;;
2026/03/16;1600 UTC;;;;;;;;;;;;;;;;;;
2026/03/16;1700 UTC;;;;;;;;;;;;;;;;;;
2026/03/16;1800 UTC;;;;;;;;;;;;;;;;;;
2026/03/16;1900 UTC;;;;;;;;;;;;;;;;;;
2026/03/16;2000 UTC;;;;;;;;;;;;;;;;;;
2026/03/16;2100 UTC;;;;;;;;;;;;;;;;;;
2026/03/16;2200 UTC;;;;;;;;;;;;;;;;;;
2026/03/16;2300 UTC;;;;;;;;;;;;;;;;;;
2026/03/17;0000 UTC;;;;;;;;;;;;;;;;;;
2026/03/17;0100 UTC;;;;;;;;;;;;;;;;;;
2026/03/17;0200 UTC;;;;;;;;;;;;;;;;;;
2026/03/17;0300 UTC;;;;;;;;;;;;;;;;;;
2026/03/17;0400 UTC;;;;;;;;;;;;;;;;;;
2026/03/17;0500 UTC;;;;;;;;;;;;;;;;;;
2026/03/17;0600 UTC;;;;;;;;;;;;;;;;;;
2026/03/17;0700 UTC;;;;;;;;;;;;;;;;;;
2026/03/17;0800 UTC;;;;;;;;;;;;;;;;;;
2026/03/17;0900 UTC;;;;;;;;;;;;;;;;;;
2026/03/17;1000 UTC;;;;;;;;;;;;;;;;;;
2026/03/17;1100 UTC;;;;;;;;;;;;;;;;;;
2026/03/17;1200 UTC;;;;;;;;;;;;;;;;;;
2026/03/17;1300 UTC;;;;;;;;;;;;;;;;;;
2026/03/17;1400 UTC;;;;;;;;;;;;;;;;;;
2026/03/17;1500 UTC;;;;;;;;;;;;;;;;;;
2026/03/17;1600 UTC;;;;;;;;;;;;;;;;;;
2026/03/17;1700 UTC;;;;;;;;;;;;;;;;;;
2026/03/17;1800 UTC;;;;;;;;;;;;;;;;;;
2026/03/17;1900 UTC;;;;;;;;;;;;;;;;;;
2026/03/17;2000 UTC;;;;;;;;;;;;;;;;;;
2026/03/17;2100 UTC;;;;;;;;;;;;;;;;;;
2026/03/17;2200 UTC;;;;;;;;;;;;;;;;;;
2026/03/17;2300 UTC;;;;;;;;;;;;;;;;;;
2026/03/18;0000 UTC;;;;;;;;;;;;;;;;;;
2026/03/18;0100 UTC;;;;;;;;;;;;;;;;;;
2026/03/18;0200 UTC;;;;;;;;;;;;;;;;;;
2026/03/18;0300 UTC;;;;;;;;;;;;;;;;;;
2026/03/18;0400 UTC;;;;;;;;;;;;;;;;;;
2026/03/18;0500 UTC;;;;;;;;;;;;;;;;;;
2026/03/18;0600 UTC;;;;;;;;;;;;;;;;;;
2026/03/18;0700 UTC;;;;;;;;;;;;;;;;;;
2026/03/18;0800 UTC;;;;;;;;;;;;;;;;;;
2026/03/18;0900 UTC;;;;;;;;;;;;;;;;;;
2026/03/18;1000 UTC;;;;;;;;;;;;;;;;;;
2026/03/18;1100 UTC;;;;;;;;;;;;;;;;;;
2026/03/18;1200 UTC;;;;;;;;;;;;;;;;;;
2026/03/18;1300 UTC;;;;;;;;;;;;;;;;;;
2026/03/18;1400 UTC;;;;;;;;;;;;;;;;;;
2026/03/18;1500 UTC;;;;;;;;;;;;;;;;;;
2026/03/18;1600 UTC;;;;;;;;;;;;;;;;;;
2026/03/18;1700 UTC;;;;;;;;;;;;;;;;;;
2026/03/18;1800 UTC;;;;;;;;;;;;;;;;;;
2026/03/18;1900 UTC;;;;;;;;;;;;;;;;;;
2026/03/18;2000 UTC;;;;;;;;;;;;;;;;;;
2026/03/18;2100 UTC;;;;;;;;;;;;;;;;;;
2026/03/18;2200 UTC;;;;;;;;;;;;;;;;;;
2026/03/18;2300 UTC;;;;;;;;;;;;;;;;;;
2026/03/19;0000 UTC;;;;;;;;;;;;;;;;;;
2026/03/19;0100 UTC;;;;;;;;;;;;;;;;;;
2026/03/19;0200 UTC;;;;;;;;;;;;;;;;;;
2026/03/19;0300 UTC;;;;;;;;;;;;;;;;;;
2026/03/19;0400 UTC;;;;;;;;;;;;;;;;;;
2026/03/19;0500 UTC;;;;;;;;;;;;;;;;;;
2026/03/19;0600 UTC;;;;;;;;;;;;;;;;;;
2026/03/19;0700 UTC;;;;;;;;;;;;;;;;;;
2026/03/19;0800 UTC;;;;;;;;;;;;;;;;;;
2026/03/19;0900 UTC;;;;;;;;;;;;;;;;;;
2026/03/19;1000 UTC;;;;;;;;;;;;;;;;;;
2026/03/19;1100 UTC;;;;;;;;;;;;;;;;;;
2026/03/19;1200 UTC;;;;;;;;;;;;;;;;;;
2026/03/19;1300 UTC;;;;;;;;;;;;;;;;;;
2026/03/19;1400 UTC;;;;;;;;;;;;;;;;;;
2026/03/19;1500 UTC;;;;;;;;;;;;;;;;;;
2026/03/19;1600 UTC;;;;;;;;;;;;;;;;;;
2026/03/19;1700 UTC;;;;;;;;;;;;;;;;;;
2026/03/19;1800 UTC;;;;;;;;;;;;;;;;;;
2026/03/19;1900 UTC;;;;;;;;;;;;;;;;;;
2026/03/19;2000 UTC;;;;;;;;;;;;;;;;;;
2026/03/19;2100 UTC;;;;;;;;;;;;;;;;;;
2026/03/19;2200 UTC;;;;;;;;;;;;;;;;;;
2026/03/19;2300 UTC;;;;;;;;;;;;;;;;;;
2026/03/20;0000 UTC;;;;;;;;;;;;;;;;;;
2026/03/20;0100 UTC;;;;;;;;;;;;;;;;;;
2026/03/20;0200 UTC;;;;;;;;;;;;;;;;;;
2026/03/20;0300 UTC;;;;;;;;;;;;;;;;;;
2026/03/20;0400 UTC;;;;;;;;;;;;;;;;;;
2026/03/20;0500 UTC;;;;;;;;;;;;;;;;;;
2026/03/20;0600 UTC;;;;;;;;;;;;;;;;;;
2026/03/20;0700 UTC;;;;;;;;;;;;;;;;;;
2026/03/20;0800 UTC;;;;;;;;;;;;;;;;;;
2026/03/20;0900 UTC;;;;;;;;;;;;;;;;;;
2026/03/20;1000 UTC;;;;;;;;;;;;;;;;;;
2026/03/20;1100 UTC;;;;;;;;;;;;;;;;;;
2026/03/20;1200 UTC;;;;;;;;;;;;;;;;;;
2026/03/20;1300 UTC;;;;;;;;;;;;;;;;;;
2026/03/20;1400 UTC;;;;;;;;;;;;;;;;;;
2026/03/20;1500 UTC;;;;;;;;;;;;;;;;;;
2026/03/20;1600 UTC;;;;;;;;;;;;;;;;;;
2026/03/20;1700 UTC;;;;;;;;;;;;;;;;;;
2026/03/20;1800 UTC;;;;;;;;;;;;;;;;;;
2026/03/20;1900 UTC;;;;;;;;;;;;;;;;;;
2026/03/20;2000 UTC;;;;;;;;;;;;;;;;;;
2026/03/20;2100 UTC;;;;;;;;;;;;;;;;;;
2026/03/20;2200 UTC;;;;;;;;;;;;;;;;;;
2026/03/20;2300 UTC;;;;;;;;;;;;;;;;;;
2026/03/21;0000 UTC;;;;;;;;;;;;;;;;;;
2026/03/21;0100 UTC;;;;;;;;;;;;;;;;;;
2026/03/21;0200 UTC;;;;;;;;;;;;;;;;;;
2026/03/21;0300 UTC;;;;;;;;;;;;;;;;;;
2026/03/21;0400 UTC;;;;;;;;;;;;;;;;;;
2026/03/21;0500 UTC;;;;;;;;;;;;;;;;;;
2026/03/21;0600 UTC;;;;;;;;;;;;;;;;;;
2026/03/21;0700 UTC;;;;;;;;;;;;;;;;;;
2026/03/21;0800 UTC;;;;;;;;;;;;;;;;;;
2026/03/21;0900 UTC;;;;;;;;;;;;;;;;;;
2026/03/21;1000 UTC;;;;;;;;;;;;;;;;;;
2026/03/21;1100 UTC;;;;;;;;;;;;;;;;;;
2026/03/21;1200 UTC;;;;;;;;;;;;;;;;;;
2026/03/21;1300 UTC;;;;;;;;;;;;;;;;;;
2026/03/21;1400 UTC;;;;;;;;;;;;;;;;;;
2026/03/21;1500 UTC;;;;;;;;;;;;;;;;;;
2026/03/21;1600 UTC;;;;;;;;;;;;;;;;;;
2026/03/21;1700 UTC;;;;;;;;;;;;;;;;;;
2026/03/21;1800 UTC;;;;;;;;;;;;;;;;;;
2026/03/21;1900 UTC;;;;;;;;;;;;;;;;;;
2026/03/21;2000 UTC;;;;;;;;;;;;;;;;;;
2026/03/21;2100 UTC;;;;;;;;;;;;;;;;;;
2026/03/21;2200 UTC;;;;;;;;;;;;;;;;;;
2026/03/21;2300 UTC;;;;;;;;;;;;;;;;;;
2026/03/22;0000 UTC;;;;;;;;;;;;;;;;;;
2026/03/22;0100 UTC;;;;;;;;;;;;;;;;;;
2026/03/22;0200 UTC;;;;;;;;;;;;;;;;;;
2026/03/22;0300 UTC;;;;;;;;;;;;;;;;;;
2026/03/22;0400 UTC;;;;;;;;;;;;;;;;;;
2026/03/22;0500 UTC;;;;;;;;;;;;;;;;;;
2026/03/22;0600 UTC;;;;;;;;;;;;;;;;;;
2026/03/22;0700 UTC;;;;;;;;;;;;;;;;;;
2026/03/22;0800 UTC;;;;;;;;;;;;;;;;;;
2026/03/22;0900 UTC;;;;;;;;;;;;;;;;;;
2026/03/22;1000 UTC;;;;;;;;;;;;;;;;;;
2026/03/22;1100 UTC;;;;;;;;;;;;;;;;;;
2026/03/22;1200 UTC;;;;;;;;;;;;;;;;;;
2026/03/22;1300 UTC;;;;;;;;;;;;;;;;;;
2026/03/22;1400 UTC;;;;;;;;;;;;;;;;;;
2026/03/22;1500 UTC;;;;;;;;;;;;;;;;;;
2026/03/22;1600 UTC;;;;;;;;;;;;;;;;;;
2026/03/22;1700 UTC;;;;;;;;;;;;;;;;;;
2026/03/22;1800 UTC;;;;;;;;;;;;;;;;;;
2026/03/22;1900 UTC;;;;;;;;;;;;;;;;;;
2026/03/22;2000 UTC;;;;;;;;;;;;;;;;;;
2026/03/22;2100 UTC;;;;;;;;;;;;;;;;;;
2026/03/22;2200 UTC;;;;;;;;;;;;;;;;;;
2026/03/22;2300 UTC;;;;;;;;;;;;;;;;;;
2026/03/23;0000 UTC;;;;;;;;;;;;;;;;;;
2026/03/23;0100 UTC;;;;;;;;;;;;;;;;;;
2026/03/23;0200 UTC;;;;;;;;;;;;;;;;;;
2026/03/23;0300 UTC;;;;;;;;;;;;;;;;;;
2026/03/23;0400 UTC;;;;;;;;;;;;;;;;;;
2026/03/23;0500 UTC;;;;;;;;;;;;;;;;;;
2026/03/23;0600 UTC;;;;;;;;;;;;;;;;;;
2026/03/23;0700 UTC;;;;;;;;;;;;;;;;;;
2026/03/23;0800 UTC;;;;;;;;;;;;;;;;;;
2026/03/23;0900 UTC;;;;;;;;;;;;;;;;;;
2026/03/23;1000 UTC;;;;;;;;;;;;;;;;;;
2026/03/23;1100 UTC;;;;;;;;;;;;;;;;;;
2026/03/23;1200 UTC;;;;;;;;;;;;;;;;;;
2026/03/23;1300 UTC;;;;;;;;;;;;;;;;;;
2026/03/23;1400 UTC;;;;;;;;;;;;;;;;;;
2026/03/23;1500 UTC;;;;;;;;;;;;;;;;;;
2026/03/23;1600 UTC;;;;;;;;;;;;;;;;;;
2026/03/23;1700 UTC;;;;;;;;;;;;;;;;;;
2026/03/23;1800 UTC;;;;;;;;;;;;;;;;;;
2026/03/23;1900 UTC;;;;;;;;;;;;;;;;;;
2026/03/23;2000 UTC;;;;;;;;;;;;;;;;;;
2026/03/23;2100 UTC;;;;;;;;;;;;;;;;;;
2026/03/23;2200 UTC;;;;;;;;;;;;;;;;;;
2026/03/23;2300 UTC;;;;;;;;;;;;;;;;;;
2026/03/24;0000 UTC;;;;;;;;;;;;;;;;;;
2026/03/24;0100 UTC;;;;;;;;;;;;;;;;;;
2026/03/24;0200 UTC;;;;;;;;;;;;;;;;;;
2026/03/24;0300 UTC;;;;;;;;;;;;;;;;;;
2026/03/24;0400 UTC;;;;;;;;;;;;;;;;;;
2026/03/24;0500 UTC;;;;;;;;;;;;;;;;;;
2026/03/24;0600 UTC;;;;;;;;;;;;;;;;;;
2026/03/24;0700 UTC;;;;;;;;;;;;;;;;;;
2026/03/24;0800 UTC;;;;;;;;;;;;;;;;;;
2026/03/24;0900 UTC;;;;;;;;;;;;;;;;;;
2026/03/24;1000 UTC;;;;;;;;;;;;;;;;;;
2026/03/24;1100 UTC;;;;;;;;;;;;;;;;;;
2026/03/24;1200 UTC;;;;;;;;;;;;;;;;;;
2026/03/24;1300 UTC;;;;;;;;;;;;;;;;;;
2026/03/24;1400 UTC;;;;;;;;;;;;;;;;;;
2026/03/24;1500 UTC;;;;;;;;;;;;;;;;;;
2026/03/24;1600 UTC;;;;;;;;;;;;;;;;;;
2026/03/24;1700 UTC;;;;;;;;;;;;;;;;;;
2026/03/24;1800 UTC;;;;;;;;;;;;;;;;;;
2026/03/24;1900 UTC;;;;;;;;;;;;;;;;;;
2026/03/24;2000 UTC;;;;;;;;;;;;;;;;;;
2026/03/24;2100 UTC;;;;;;;;;;;;;;;;;;
2026/03/24;2200 UTC;;;;;;;;;;;;;;;;;;
2026/03/24;2300 UTC;;;;;;;;;;;;;;;;;;
2026/03/25;0000 UTC;;;;;;;;;;;;;;;;;;
2026/03/25;0100 UTC;;;;;;;;;;;;;;;;;;
2026/03/25;0200 UTC;;;;;;;;;;;;;;;;;;
2026/03/25;0300 UTC;;;;;;;;;;;;;;;;;;
2026/03/25;0400 UTC;;;;;;;;;;;;;;;;;;
2026/03/25;0500 UTC;;;;;;;;;;;;;;;;;;
2026/03/25;0600 UTC;;;;;;;;;;;;;;;;;;
2026/03/25;0700 UTC;;;;;;;;;;;;;;;;;;
2026/03/25;0800 UTC;;;;;;;;;;;;;;;;;;
2026/03/25;0900 UTC;;;;;;;;;;;;;;;;;;
2026/03/25;1000 UTC;;;;;;;;;;;;;;;;;;
2026/03/25;1100 UTC;;;;;;;;;;;;;;;;;;
2026/03/25;1200 UTC;;;;;;;;;;;;;;;;;;
2026/03/25;1300 UTC;;;;;;;;;;;;;;;;;;
2026/03/25;1400 UTC;;;;;;;;;;;;;;;;;;
2026/03/25;1500 UTC;;;;;;;;;;;;;;;;;;
2026/03/25;1600 UTC;;;;;;;;;;;;;;;;;;
2026/03/25;1700 UTC;;;;;;;;;;;;;;;;;;
2026/03/25;1800 UTC;;;;;;;;;;;;;;;;;;
2026/03/25;1900 UTC;;;;;;;;;;;;;;;;;;
2026/03/25;2000 UTC;;;;;;;;;;;;;;;;;;
2026/03/25;2100 UTC;;;;;;;;;;;;;;;;;;
2026/03/25;2200 UTC;;;;;;;;;;;;;;;;;;
2026/03/25;2300 UTC;;;;;;;;;;;;;;;;;;
2026/03/26;0000 UTC;;;;;;;;;;;;;;;;;;
2026/03/26;0100 UTC;;;;;;;;;;;;;;;;;;
2026/03/26;0200 UTC;;;;;;;;;;;;;;;;;;
2026/03/26;0300 UTC;;;;;;;;;;;;;;;;;;
2026/03/26;0400 UTC;;;;;;;;;;;;;;;;;;
2026/03/26;0500 UTC;;;;;;;;;;;;;;;;;;
2026/03/26;0600 UTC;;;;;;;;;;;;;;;;;;
2026/03/26;0700 UTC;;;;;;;;;;;;;;;;;;
2026/03/26;0800 UTC;;;;;;;;;;;;;;;;;;
2026/03/26;0900 UTC;;;;;;;;;;;;;;;;;;
2026/03/26;1000 UTC;;;;;;;;;;;;;;;;;;
2026/03/26;1100 UTC;;;;;;;;;;;;;;;;;;
2026/03/26;1200 UTC;;;;;;;;;;;;;;;;;;
2026/03/26;1300 UTC;;;;;;;;;;;;;;;;;;
2026/03/26;1400 UTC;;;;;;;;;;;;;;;;;;
2026/03/26;1500 UTC;;;;;;;;;;;;;;;;;;
2026/03/26;1600 UTC;;;;;;;;;;;;;;;;;;
2026/03/26;1700 UTC;;;;;;;;;;;;;;;;;;
2026/03/26;1800 UTC;;;;;;;;;;;;;;;;;;
2026/03/26;1900 UTC;;;;;;;;;;;;;;;;;;
2026/03/26;2000 UTC;;;;;;;;;;;;;;;;;;
2026/03/26;2100 UTC;;;;;;;;;;;;;;;;;;
2026/03/26;2200 UTC;;;;;;;;;;;;;;;;;;
2026/03/26;2300 UTC;;;;;;;;;;;;;;;;;;
2026/03/27;0000 UTC;;;;;;;;;;;;;;;;;;
2026/03/27;0100 UTC;;;;;;;;;;;;;;;;;;
2026/03/27;0200 UTC;;;;;;;;;;;;;;;;;;
2026/03/27;0300 UTC;;;;;;;;;;;;;;;;;;
2026/03/27;0400 UTC;;;;;;;;;;;;;;;;;;
2026/03/27;0500 UTC;;;;;;;;;;;;;;;;;;
2026/03/27;0600 UTC;;;;;;;;;;;;;;;;;;
2026/03/27;0700 UTC;;;;;;;;;;;;;;;;;;
2026/03/27;0800 UTC;;;;;;;;;;;;;;;;;;
2026/03/27;0900 UTC;;;;;;;;;;;;;;;;;;
2026/03/27;1000 UTC;;;;;;;;;;;;;;;;;;
2026/03/27;1100 UTC;;;;;;;;;;;;;;;;;;
2026/03/27;1200 UTC;;;;;;;;;;;;;;;;;;
2026/03/27;1300 UTC;;;;;;;;;;;;;;;;;;
2026/03/27;1400 UTC;;;;;;;;;;;;;;;;;;
2026/03/27;1500 UTC;;;;;;;;;;;;;;;;;;
2026/03/27;1600 UTC;;;;;;;;;;;;;;;;;;
2026/03/27;1700 UTC;;;;;;;;;;;;;;;;;;
2026/03/27;1800 UTC;;;;;;;;;;;;;;;;;;
2026/03/27;1900 UTC;;;;;;;;;;;;;;;;;;
2026/03/27;2000 UTC;;;;;;;;;;;;;;;;;;
2026/03/27;2100 UTC;;;;;;;;;;;;;;;;;;
2026/03/27;2200 UTC;;;;;;;;;;;;;;;;;;
2026/03/27;2300 UTC;;;;;;;;;;;;;;;;;;
2026/03/28;0000 UTC;;;;;;;;;;;;;;;;;;
2026/03/28;0100 UTC;;;;;;;;;;;;;;;;;;
2026/03/28;0200 UTC;;;;;;;;;;;;;;;;;;
2026/03/28;0300 UTC;;;;;;;;;;;;;;;;;;
2026/03/28;0400 UTC;;;;;;;;;;;;;;;;;;
2026/03/28;0500 UTC;;;;;;;;;;;;;;;;;;
2026/03/28;0600 UTC;;;;;;;;;;;;;;;;;;
2026/03/28;0700 UTC;;;;;;;;;;;;;;;;;;
2026/03/28;0800 UTC;;;;;;;;;;;;;;;;;;
2026/03/28;0900 UTC;;;;;;;;;;;;;;;;;;
2026/03/28;1000 UTC;;;;;;;;;;;;;;;;;;
2026/03/28;1100 UTC;;;;;;;;;;;;;;;;;;
2026/03/28;1200 UTC;;;;;;;;;;;;;;;;;;
2026/03/28;1300 UTC;;;;;;;;;;;;;;;;;;
2026/03/28;1400 UTC;;;;;;;;;;;;;;;;;;
2026/03/28;1500 UTC;;;;;;;;;;;;;;;;;;
2026/03/28;1600 UTC;;;;;;;;;;;;;;;;;;
2026/03/28;1700 UTC;;;;;;;;;;;;;;;;;;
2026/03/28;1800 UTC;;;;;;;;;;;;;;;;;;
2026/03/28;1900 UTC;;;;;;;;;;;;;;;;;;
2026/03/28;2000 UTC;;;;;;;;;;;;;;;;;;
2026/03/28;2100 UTC;;;;;;;;;;;;;;;;;;
2026/03/28;2200 UTC;;;;;;;;;;;;;;;;;;
2026/03/28;2300 UTC;;;;;;;;;;;;;;;;;;
2026/03/29;0000 UTC;;;;;;;;;;;;;;;;;;
2026/03/29;0100 UTC;;;;;;;;;;;;;;;;;;
2026/03/29;0200 UTC;;;;;;;;;;;;;;;;;;
2026/03/29;0300 UTC;;;;;;;;;;;;;;;;;;
2026/03/29;0400 UTC;;;;;;;;;;;;;;;;;;
2026/03/29;0500 UTC;;;;;;;;;;;;;;;;;;
2026/03/29;0600 UTC;;;;;;;;;;;;;;;;;;
2026/03/29;0700 UTC;;;;;;;;;;;;;;;;;;
2026/03/29;0800 UTC;;;;;;;;;;;;;;;;;;
2026/03/29;0900 UTC;;;;;;;;;;;;;;;;;;
2026/03/29;1000 UTC;;;;;;;;;;;;;;;;;;
2026/03/29;1100 UTC;;;;;;;;;;;;;;;;;;
2026/03/29;1200 UTC;;;;;;;;;;;;;;;;;;
2026/03/29;1300 UTC;;;;;;;;;;;;;;;;;;
2026/03/29;1400 UTC;;;;;;;;;;;;;;;;;;
2026/03/29;1500 UTC;;;;;;;;;;;;;;;;;;
2026/03/29;1600 UTC;;;;;;;;;;;;;;;;;;
2026/03/29;1700 UTC;;;;;;;;;;;;;;;;;;
2026/03/29;1800 UTC;;;;;;;;;;;;;;;;;;
2026/03/29;1900 UTC;;;;;;;;;;;;;;;;;;
2026/03/29;2000 UTC;;;;;;;;;;;;;;;;;;
2026/03/29;2100 UTC;;;;;;;;;;;;;;;;;;
2026/03/29;2200 UTC;;;;;;;;;;;;;;;;;;
2026/03/29;2300 UTC;;;;;;;;;;;;;;;;;;
2026/03/30;0000 UTC;;;;;;;;;;;;;;;;;;
2026/03/30;0100 UTC;;;;;;;;;;;;;;;;;;
2026/03/30;0200 UTC;;;;;;;;;;;;;;;;;;
2026/03/30;0300 UTC;;;;;;;;;;;;;;;;;;
2026/03/30;0400 UTC;;;;;;;;;;;;;;;;;;
2026/03/30;0500 UTC;;;;;;;;;;;;;;;;;;
2026/03/30;0600 UTC;;;;;;;;;;;;;;;;;;
2026/03/30;0700 UTC;;;;;;;;;;;;;;;;;;
2026/03/30;0800 UTC;;;;;;;;;;;;;;;;;;
2026/03/30;0900 UTC;;;;;;;;;;;;;;;;;;
2026/03/30;1000 UTC;;;;;;;;;;;;;;;;;;
2026/03/30;1100 UTC;;;;;;;;;;;;;;;;;;
2026/03/30;1200 UTC;;;;;;;;;;;;;;;;;;
2026/03/30;1300 UTC;;;;;;;;;;;;;;;;;;
2026/03/30;1400 UTC;;;;;;;;;;;;;;;;;;
2026/03/30;1500 UTC;;;;;;;;;;;;;;;;;;
2026/03/30;1600 UTC;;;;;;;;;;;;;;;;;;
2026/03/30;1700 UTC;;;;;;;;;;;;;;;;;;
2026/03/30;1800 UTC;;;;;;;;;;;;;;;;;;
2026/03/30;1900 UTC;;;;;;;;;;;;;;;;;;
2026/03/30;2000 UTC;;;;;;;;;;;;;;;;;;
2026/03/30;2100 UTC;;;;;;;;;;;;;;;;;;
2026/03/30;2200 UTC;;;;;;;;;;;;;;;;;;
2026/03/30;2300 UTC;;;;;;;;;;;;;;;;;;
2026/03/31;0000 UTC;;;;;;;;;;;;;;;;;;
2026/03/31;0100 UTC;;;;;;;;;;;;;;;;;;
2026/03/31;0200 UTC;;;;;;;;;;;;;;;;;;
2026/03/31;0300 UTC;;;;;;;;;;;;;;;;;;
2026/03/31;0400 UTC;;;;;;;;;;;;;;;;;;
2026/03/31;0500 UTC;;;;;;;;;;;;;;;;;;
2026/03/31;0600 UTC;;;;;;;;;;;;;;;;;;
2026/03/31;0700 UTC;;;;;;;;;;;;;;;;;;
2026/03/31;0800 UTC;;;;;;;;;;;;;;;;;;
2026/03/31;0900 UTC;;;;;;;;;;;;;;;;;;
2026/03/31;1000 UTC;;;;;;;;;;;;;;;;;;
2026/03/31;1100 UTC;;;;;;;;;;;;;;;;;;
2026/03/31;1200 UTC;;;;;;;;;;;;;;;;;;
2026/03/31;1300 UTC;;;;;;;;;;;;;;;;;;
2026/03/31;1400 UTC;;;;;;;;;;;;;;;;;;
2026/03/31;1500 UTC;;;;;;;;;;;;;;;;;;
2026/03/31;1600 UTC;;;;;;;;;;;;;;;;;;
2026/03/31;1700 UTC;;;;;;;;;;;;;;;;;;
2026/03/31;1800 UTC;;;;;;;;;;;;;;;;;;
2026/03/31;1900 UTC;;;;;;;;;;;;;;;;;;
2026/03/31;2000 UTC;;;;;;;;;;;;;;;;;;
2026/03/31;2100 UTC;;;;;;;;;;;;;;;;;;
2026/03/31;2200 UTC;;;;;;;;;;;;;;;;;;
2026/03/31;2300 UTC;;;;;;;;;;;;;;;;;;
2026/04/01;0000 UTC;;;;;;;;;;;;;;;;;;
2026/04/01;0100 UTC;;;;;;;;;;;;;;;;;;
2026/04/01;0200 UTC;;;;;;;;;;;;;;;;;;
2026/04/01;0300 UTC;;;;;;;;;;;;;;;;;;
2026/04/01;0400 UTC;;;;;;;;;;;;;;;;;;
2026/04/01;0500 UTC;;;;;;;;;;;;;;;;;;
2026/04/01;0600 UTC;;;;;;;;;;;;;;;;;;
2026/04/01;0700 UTC;;;;;;;;;;;;;;;;;;
2026/04/01;0800 UTC;;;;;;;;;;;;;;;;;;
2026/04/01;0900 UTC;;;;;;;;;;;;;;;;;;
2026/04/01;1000 UTC;;;;;;;;;;;;;;;;;;
2026/04/01;1100 UTC;;;;;;;;;;;;;;;;;;
2026/04/01;1200 UTC;;;;;;;;;;;;;;;;;;
2026/04/01;1300 UTC;;;;;;;;;;;;;;;;;;
2026/04/01;1400 UTC;;;;;;;;;;;;;;;;;;
2026/04/01;1500 UTC;;;;;;;;;;;;;;;;;;
2026/04/01;1600 UTC;;;;;;;;;;;;;;;;;;
2026/04/01;1700 UTC;;;;;;;;;;;;;;;;;;
2026/04/01;1800 UTC;;;;;;;;;;;;;;;;;;
2026/04/01;1900 UTC;;;;;;;;;;;;;;;;;;
2026/04/01;2000 UTC;;;;;;;;;;;;;;;;;;
2026/04/01;2100 UTC;;;;;;;;;;;;;;;;;;
2026/04/01;2200 UTC;;;;;;;;;;;;;;;;;;
2026/04/01;2300 UTC;;;;;;;;;;;;;;;;;;
2026/04/02;0000 UTC;;;;;;;;;;;;;;;;;;
2026/04/02;0100 UTC;;;;;;;;;;;;;;;;;;
2026/04/02;0200 UTC;;;;;;;;;;;;;;;;;;
2026/04/02;0300 UTC;;;;;;;;;;;;;;;;;;
2026/04/02;0400 UTC;;;;;;;;;;;;;;;;;;
2026/04/02;0500 UTC;;;;;;;;;;;;;;;;;;
2026/04/02;0600 UTC;;;;;;;;;;;;;;;;;;
2026/04/02;0700 UTC;;;;;;;;;;;;;;;;;;
2026/04/02;0800 UTC;;;;;;;;;;;;;;;;;;
2026/04/02;0900 UTC;;;;;;;;;;;;;;;;;;
2026/04/02;1000 UTC;;;;;;;;;;;;;;;;;;
2026/04/02;1100 UTC;;;;;;;;;;;;;;;;;;
2026/04/02;1200 UTC;;;;;;;;;;;;;;;;;;
2026/04/02;1300 UTC;;;;;;;;;;;;;;;;;;
2026/04/02;1400 UTC;;;;;;;;;;;;;;;;;;
2026/04/02;1500 UTC;;;;;;;;;;;;;;;;;;
2026/04/02;1600 UTC;;;;;;;;;;;;;;;;;;
2026/04/02;1700 UTC;;;;;;;;;;;;;;;;;;
2026/04/02;1800 UTC;;;;;;;;;;;;;;;;;;
2026/04/02;1900 UTC;;;;;;;;;;;;;;;;;;
2026/04/02;2000 UTC;;;;;;;;;;;;;;;;;;
2026/04/02;2100 UTC;;;;;;;;;;;;;;;;;;
2026/04/02;2200 UTC;;;;;;;;;;;;;;;;;;
2026/04/02;2300 UTC;;;;;;;;;;;;;;;;;;
2026/04/03;0000 UTC;;;;;;;;;;;;;;;;;;
2026/04/03;0100 UTC;;;;;;;;;;;;;;;;;;
2026/04/03;0200 UTC;;;;;;;;;;;;;;;;;;
2026/04/03;0300 UTC;;;;;;;;;;;;;;;;;;
2026/04/03;0400 UTC;;;;;;;;;;;;;;;;;;
2026/04/03;0500 UTC;;;;;;;;;;;;;;;;;;
2026/04/03;0600 UTC;;;;;;;;;;;;;;;;;;
2026/04/03;0700 UTC;;;;;;;;;;;;;;;;;;
2026/04/03;0800 UTC;;;;;;;;;;;;;;;;;;
2026/04/03;0900 UTC;;;;;;;;;;;;;;;;;;
2026/04/03;1000 UTC;;;;;;;;;;;;;;;;;;
2026/04/03;1100 UTC;;;;;;;;;;;;;;;;;;
2026/04/03;1200 UTC;;;;;;;;;;;;;;;;;;
2026/04/03;1300 UTC;;;;;;;;;;;;;;;;;;
2026/04/03;1400 UTC;;;;;;;;;;;;;;;;;;
2026/04/03;1500 UTC;;;;;;;;;;;;;;;;;;
2026/04/03;1600 UTC;;;;;;;;;;;;;;;;;;
2026/04/03;1700 UTC;;;;;;;;;;;;;;;;;;
2026/04/03;1800 UTC;;;;;;;;;;;;;;;;;;
2026/04/03;1900 UTC;;;;;;;;;;;;;;;;;;
2026/04/03;2000 UTC;;;;;;;;;;;;;;;;;;
2026/04/03;2100 UTC;;;;;;;;;;;;;;;;;;
2026/04/03;2200 UTC;;;;;;;;;;;;;;;;;;
2026/04/03;2300 UTC;;;;;;;;;;;;;;;;;;
2026/04/04;0000 UTC;;;;;;;;;;;;;;;;;;
2026/04/04;0100 UTC;;;;;;;;;;;;;;;;;;
2026/04/04;0200 UTC;;;;;;;;;;;;;;;;;;
2026/04/04;0300 UTC;;;;;;;;;;;;;;;;;;
2026/04/04;0400 UTC;;;;;;;;;;;;;;;;;;
2026/04/04;0500 UTC;;;;;;;;;;;;;;;;;;
2026/04/04;0600 UTC;;;;;;;;;;;;;;;;;;
2026/04/04;0700 UTC;;;;;;;;;;;;;;;;;;
2026/04/04;0800 UTC;;;;;;;;;;;;;;;;;;
2026/04/04;0900 UTC;;;;;;;;;;;;;;;;;;
2026/04/04;1000 UTC;;;;;;;;;;;;;;;;;;
2026/04/04;1100 UTC;;;;;;;;;;;;;;;;;;
2026/04/04;1200 UTC;;;;;;;;;;;;;;;;;;
2026/04/04;1300 UTC;;;;;;;;;;;;;;;;;;
2026/04/04;1400 UTC;;;;;;;;;;;;;;;;;;
2026/04/04;1500 UTC;;;;;;;;;;;;;;;;;;
2026/04/04;1600 UTC;;;;;;;;;;;;;;;;;;
2026/04/04;1700 UTC;;;;;;;;;;;;;;;;;;
2026/04/04;1800 UTC;;;;;;;;;;;;;;;;;;
2026/04/04;1900 UTC;;;;;;;;;;;;;;;;;;
2026/04/04;2000 UTC;;;;;;;;;;;;;;;;;;
2026/04/04;2100 UTC;;;;;;;;;;;;;;;;;;
2026/04/04;2200 UTC;;;;;;;;;;;;;;;;;;
2026/04/04;2300 UTC;;;;;;;;;;;;;;;;;;
2026/04/05;0000 UTC;;;;;;;;;;;;;;;;;;
2026/04/05;0100 UTC;;;;;;;;;;;;;;;;;;
2026/04/05;0200 UTC;;;;;;;;;;;;;;;;;;
2026/04/05;0300 UTC;;;;;;;;;;;;;;;;;;
2026/04/05;0400 UTC;;;;;;;;;;;;;;;;;;
2026/04/05;0500 UTC;;;;;;;;;;;;;;;;;;
2026/04/05;0600 UTC;;;;;;;;;;;;;;;;;;
2026/04/05;0700 UTC;;;;;;;;;;;;;;;;;;
2026/04/05;0800 UTC;;;;;;;;;;;;;;;;;;
2026/04/05;0900 UTC;;;;;;;;;;;;;;;;;;
2026/04/05;1000 UTC;;;;;;;;;;;;;;;;;;
2026/04/05;1100 UTC;;;;;;;;;;;;;;;;;;
2026/04/05;1200 UTC;;;;;;;;;;;;;;;;;;
2026/04/05;1300 UTC;;;;;;;;;;;;;;;;;;
2026/04/05;1400 UTC;;;;;;;;;;;;;;;;;;
2026/04/05;1500 UTC;;;;;;;;;;;;;;;;;;
2026/04/05;1600 UTC;;;;;;;;;;;;;;;;;;
2026/04/05;1700 UTC;;;;;;;;;;;;;;;;;;
2026/04/05;1800 UTC;;;;;;;;;;;;;;;;;;
2026/04/05;1900 UTC;;;;;;;;;;;;;;;;;;
2026/04/05;2000 UTC;;;;;;;;;;;;;;;;;;
2026/04/05;2100 UTC;;;;;;;;;;;;;;;;;;
2026/04/05;2200 UTC;;;;;;;;;;;;;;;;;;
2026/04/05;2300 UTC;;;;;;;;;;;;;;;;;;
2026/04/06;0000 UTC;;;;;;;;;;;;;;;;;;
2026/04/06;0100 UTC;;;;;;;;;;;;;;;;;;
2026/04/06;0200 UTC;;;;;;;;;;;;;;;;;;
2026/04/06;0300 UTC;;;;;;;;;;;;;;;;;;
2026/04/06;0400 UTC;;;;;;;;;;;;;;;;;;
2026/04/06;0500 UTC;;;;;;;;;;;;;;;;;;
2026/04/06;0600 UTC;;;;;;;;;;;;;;;;;;
2026/04/06;0700 UTC;;;;;;;;;;;;;;;;;;
2026/04/06;0800 UTC;;;;;;;;;;;;;;;;;;
2026/04/06;0900 UTC;;;;;;;;;;;;;;;;;;
2026/04/06;1000 UTC;;;;;;;;;;;;;;;;;;
2026/04/06;1100 UTC;;;;;;;;;;;;;;;;;;
2026/04/06;1200 UTC;;;;;;;;;;;;;;;;;;
2026/04/06;1300 UTC;;;;;;;;;;;;;;;;;;
2026/04/06;1400 UTC;;;;;;;;;;;;;;;;;;
2026/04/06;1500 UTC;;;;;;;;;;;;;;;;;;
2026/04/06;1600 UTC;;;;;;;;;;;;;;;;;;
2026/04/06;1700 UTC;;;;;;;;;;;;;;;;;;
2026/04/06;1800 UTC;;;;;;;;;;;;;;;;;;
2026/04/06;1900 UTC;;;;;;;;;;;;;;;;;;
2026/04/06;2000 UTC;;;;;;;;;;;;;;;;;;
2026/04/06;2100 UTC;;;;;;;;;;;;;;;;;;
2026/04/06;2200 UTC;;;;;;;;;;;;;;;;;;
2026/04/06;2300 UTC;;;;;;;;;;;;;;;;;;
2026/04/07;0000 UTC;;;;;;;;;;;;;;;;;;
2026/04/07;0100 UTC;;;;;;;;;;;;;;;;;;
2026/04/07;0200 UTC;;;;;;;;;;;;;;;;;;
2026/04/07;0300 UTC;;;;;;;;;;;;;;;;;;
2026/04/07;0400 UTC;;;;;;;;;;;;;;;;;;
2026/04/07;0500 UTC;;;;;;;;;;;;;;;;;;
2026/04/07;0600 UTC;;;;;;;;;;;;;;;;;;
2026/04/07;0700 UTC;;;;;;;;;;;;;;;;;;
2026/04/07;0800 UTC;;;;;;;;;;;;;;;;;;
2026/04/07;0900 UTC;;;;;;;;;;;;;;;;;;
2026/04/07;1000 UTC;;;;;;;;;;;;;;;;;;
2026/04/07;1100 UTC;;;;;;;;;;;;;;;;;;
2026/04/07;1200 UTC;;;;;;;;;;;;;;;;;;
2026/04/07;1300 UTC;;;;;;;;;;;;;;;;;;
2026/04/07;1400 UTC;;;;;;;;;;;;;;;;;;
2026/04/07;1500 UTC;;;;;;;;;;;;;;;;;;
2026/04/07;1600 UTC;;;;;;;;;;;;;;;;;;
2026/04/07;1700 UTC;;;;;;;;;;;;;;;;;;
2026/04/07;1800 UTC;;;;;;;;;;;;;;;;;;
2026/04/07;1900 UTC;;;;;;;;;;;;;;;;;;
2026/04/07;2000 UTC;;;;;;;;;;;;;;;;;;
2026/04/07;2100 UTC;;;;;;;;;;;;;;;;;;
2026/04/07;2200 UTC;;;;;;;;;;;;;;;;;;
2026/04/07;2300 UTC;;;;;;;;;;;;;;;;;;
2026/04/08;0000 UTC;;;;;;;;;;;;;;;;;;
2026/04/08;0100 UTC;;;;;;;;;;;;;;;;;;
2026/04/08;0200 UTC;;;;;;;;;;;;;;;;;;
2026/04/08;0300 UTC;;;;;;;;;;;;;;;;;;
2026/04/08;0400 UTC;;;;;;;;;;;;;;;;;;
2026/04/08;0500 UTC;;;;;;;;;;;;;;;;;;
2026/04/08;0600 UTC;;;;;;;;;;;;;;;;;;
2026/04/08;0700 UTC;;;;;;;;;;;;;;;;;;
2026/04/08;0800 UTC;;;;;;;;;;;;;;;;;;
2026/04/08;0900 UTC;;;;;;;;;;;;;;;;;;
2026/04/08;1000 UTC;;;;;;;;;;;;;;;;;;
2026/04/08;1100 UTC;;;;;;;;;;;;;;;;;;
2026/04/08;1200 UTC;;;;;;;;;;;;;;;;;;
2026/04/08;1300 UTC;;;;;;;;;;;;;;;;;;
2026/04/08;1400 UTC;;;;;;;;;;;;;;;;;;
2026/04/08;1500 UTC;;;;;;;;;;;;;;;;;;
2026/04/08;1600 UTC;;;;;;;;;;;;;;;;;;
2026/04/08;1700 UTC;;;;;;;;;;;;;;;;;;
2026/04/08;1800 UTC;;;;;;;;;;;;;;;;;;
2026/04/08;1900 UTC;;;;;;;;;;;;;;;;;;
2026/04/08;2000 UTC;;;;;;;;;;;;;;;;;;
2026/04/08;2100 UTC;;;;;;;;;;;;;;;;;;
2026/04/08;2200 UTC;;;;;;;;;;;;;;;;;;
2026/04/08;2300 UTC;;;;;;;;;;;;;;;;;;
2026/04/09;0000 UTC;;;;;;;;;;;;;;;;;;
2026/04/09;0100 UTC;;;;;;;;;;;;;;;;;;
2026/04/09;0200 UTC;;;;;;;;;;;;;;;;;;
2026/04/09;0300 UTC;;;;;;;;;;;;;;;;;;
2026/04/09;0400 UTC;;;;;;;;;;;;;;;;;;
2026/04/09;0500 UTC;;;;;;;;;;;;;;;;;;
2026/04/09;0600 UTC;;;;;;;;;;;;;;;;;;
2026/04/09;0700 UTC;;;;;;;;;;;;;;;;;;
2026/04/09;0800 UTC;;;;;;;;;;;;;;;;;;
2026/04/09;0900 UTC;;;;;;;;;;;;;;;;;;
2026/04/09;1000 UTC;;;;;;;;;;;;;;;;;;
2026/04/09;1100 UTC;;;;;;;;;;;;;;;;;;
2026/04/09;1200 UTC;;;;;;;;;;;;;;;;;;
2026/04/09;1300 UTC;;;;;;;;;;;;;;;;;;
2026/04/09;1400 UTC;;;;;;;;;;;;;;;;;;
2026/04/09;1500 UTC;;;;;;;;;;;;;;;;;;
2026/04/09;1600 UTC;;;;;;;;;;;;;;;;;;
2026/04/09;1700 UTC;;;;;;;;;;;;;;;;;;
2026/04/09;1800 UTC;;;;;;;;;;;;;;;;;;
2026/04/09;1900 UTC;;;;;;;;;;;;;;;;;;
2026/04/09;2000 UTC;;;;;;;;;;;;;;;;;;
2026/04/09;2100 UTC;;;;;;;;;;;;;;;;;;
2026/04/09;2200 UTC;;;;;;;;;;;;;;;;;;
2026/04/09;2300 UTC;;;;;;;;;;;;;;;;;;
2026/04/10;0000 UTC;;;;;;;;;;;;;;;;;;
2026/04/10;0100 UTC;;;;;;;;;;;;;;;;;;
2026/04/10;0200 UTC;;;;;;;;;;;;;;;;;;
2026/04/10;0300 UTC;;;;;;;;;;;;;;;;;;
2026/04/10;0400 UTC;;;;;;;;;;;;;;;;;;
2026/04/10;0500 UTC;;;;;;;;;;;;;;;;;;
2026/04/10;0600 UTC;;;;;;;;;;;;;;;;;;
2026/04/10;0700 UTC;;;;;;;;;;;;;;;;;;
2026/04/10;0800 UTC;;;;;;;;;;;;;;;;;;
2026/04/10;0900 UTC;;;;;;;;;;;;;;;;;;
2026/04/10;1000 UTC;;;;;;;;;;;;;;;;;;
2026/04/10;1100 UTC;;;;;;;;;;;;;;;;;;
2026/04/10;1200 UTC;;;;;;;;;;;;;;;;;;
2026/04/10;1300 UTC;;;;;;;;;;;;;;;;;;
2026/04/10;1400 UTC;;;;;;;;;;;;;;;;;;
2026/04/10;1500 UTC;;;;;;;;;;;;;;;;;;
2026/04/10;1600 UTC;;;;;;;;;;;;;;;;;;
2026/04/10;1700 UTC;;;;;;;;;;;;;;;;;;
2026/04/10;1800 UTC;;;;;;;;;;;;;;;;;;
2026/04/10;1900 UTC;;;;;;;;;;;;;;;;;;
2026/04/10;2000 UTC;;;;;;;;;;;;;;;;;;
2026/04/10;2100 UTC;;;;;;;;;;;;;;;;;;
2026/04/10;2200 UTC;;;;;;;;;;;;;;;;;;
2026/04/10;2300 UTC;;;;;;;;;;;;;;;;;;
2026/04/11;0000 UTC;;;;;;;;;;;;;;;;;;
2026/04/11;0100 UTC;;;;;;;;;;;;;;;;;;
2026/04/11;0200 UTC;;;;;;;;;;;;;;;;;;
2026/04/11;0300 UTC;;;;;;;;;;;;;;;;;;
2026/04/11;0400 UTC;;;;;;;;;;;;;;;;;;
2026/04/11;0500 UTC;;;;;;;;;;;;;;;;;;
2026/04/11;0600 UTC;;;;;;;;;;;;;;;;;;
2026/04/11;0700 UTC;;;;;;;;;;;;;;;;;;
2026/04/11;0800 UTC;;;;;;;;;;;;;;;;;;
2026/04/11;0900 UTC;;;;;;;;;;;;;;;;;;
2026/04/11;1000 UTC;;;;;;;;;;;;;;;;;;
2026/04/11;1100 UTC;;;;;;;;;;;;;;;;;;
2026/04/11;1200 UTC;;;;;;;;;;;;;;;;;;
2026/04/11;1300 UTC;;;;;;;;;;;;;;;;;;
2026/04/11;1400 UTC;;;;;;;;;;;;;;;;;;
2026/04/11;1500 UTC;;;;;;;;;;;;;;;;;;
2026/04/11;1600 UTC;;;;;;;;;;;;;;;;;;
2026/04/11;1700 UTC;;;;;;;;;;;;;;;;;;
2026/04/11;1800 UTC;;;;;;;;;;;;;;;;;;
2026/04/11;1900 UTC;;;;;;;;;;;;;;;;;;
2026/04/11;2000 UTC;;;;;;;;;;;;;;;;;;
2026/04/11;2100 UTC;;;;;;;;;;;;;;;;;;
2026/04/11;2200 UTC;;;;;;;;;;;;;;;;;;
2026/04/11;2300 UTC;;;;;;;;;;;;;;;;;;
2026/04/12;0000 UTC;;;;;;;;;;;;;;;;;;
2026/04/12;0100 UTC;;;;;;;;;;;;;;;;;;
2026/04/12;0200 UTC;;;;;;;;;;;;;;;;;;
2026/04/12;0300 UTC;;;;;;;;;;;;;;;;;;
2026/04/12;0400 UTC;;;;;;;;;;;;;;;;;;
2026/04/12;0500 UTC;;;;;;;;;;;;;;;;;;
2026/04/12;0600 UTC;;;;;;;;;;;;;;;;;;
2026/04/12;0700 UTC;;;;;;;;;;;;;;;;;;
2026/04/12;0800 UTC;;;;;;;;;;;;;;;;;;
2026/04/12;0900 UTC;;;;;;;;;;;;;;;;;;
2026/04/12;1000 UTC;;;;;;;;;;;;;;;;;;
2026/04/12;1100 UTC;;;;;;;;;;;;;;;;;;
2026/04/12;1200 UTC;;;;;;;;;;;;;;;;;;
2026/04/12;1300 UTC;;;;;;;;;;;;;;;;;;
2026/04/12;1400 UTC;;;;;;;;;;;;;;;;;;
2026/04/12;1500 UTC;;;;;;;;;;;;;;;;;;
2026/04/12;1600 UTC;;;;;;;;;;;;;;;;;;
2026/04/12;1700 UTC;;;;;;;;;;;;;;;;;;
2026/04/12;1800 UTC;;;;;;;;;;;;;;;;;;
2026/04/12;1900 UTC;;;;;;;;;;;;;;;;;;
2026/04/12;2000 UTC;;;;;;;;;;;;;;;;;;
2026/04/12;2100 UTC;;;;;;;;;;;;;;;;;;
2026/04/12;2200 UTC;;;;;;;;;;;;;;;;;;
2026/04/12;2300 UTC;;;;;;;;;;;;;;;;;;
2026/04/13;0000 UTC;;;;;;;;;;;;;;;;;;
2026/04/13;0100 UTC;;;;;;;;;;;;;;;;;;
2026/04/13;0200 UTC;;;;;;;;;;;;;;;;;;
2026/04/13;0300 UTC;;;;;;;;;;;;;;;;;;
2026/04/13;0400 UTC;;;;;;;;;;;;;;;;;;
2026/04/13;0500 UTC;;;;;;;;;;;;;;;;;;
2026/04/13;0600 UTC;;;;;;;;;;;;;;;;;;
2026/04/13;0700 UTC;;;;;;;;;;;;;;;;;;
2026/04/13;0800 UTC;;;;;;;;;;;;;;;;;;
2026/04/13;0900 UTC;;;;;;;;;;;;;;;;;;
2026/04/13;1000 UTC;;;;;;;;;;;;;;;;;;
2026/04/13;1100 UTC;;;;;;;;;;;;;;;;;;
2026/04/13;1200 UTC;;;;;;;;;;;;;;;;;;
2026/04/13;1300 UTC;;;;;;;;;;;;;;;;;;
2026/04/13;1400 UTC;;;;;;;;;;;;;;;;;;
2026/04/13;1500 UTC;;;;;;;;;;;;;;;;;;
2026/04/13;1600 UTC;;;;;;;;;;;;;;;;;;
2026/04/13;1700 UTC;;;;;;;;;;;;;;;;;;
2026/04/13;1800 UTC;;;;;;;;;;;;;;;;;;
2026/04/13;1900 UTC;;;;;;;;;;;;;;;;;;
2026/04/13;2000 UTC;;;;;;;;;;;;;;;;;;
2026/04/13;2100 UTC;;;;;;;;;;;;;;;;;;
2026/04/13;2200 UTC;;;;;;;;;;;;;;;;;;
2026/04/13;2300 UTC;;;;;;;;;;;;;;;;;;
2026/04/14;0000 UTC;;;;;;;;;;;;;;;;;;
2026/04/14;0100 UTC;;;;;;;;;;;;;;;;;;
2026/04/14;0200 UTC;;;;;;;;;;;;;;;;;;
2026/04/14;0300 UTC;;;;;;;;;;;;;;;;;;
2026/04/14;0400 UTC;;;;;;;;;;;;;;;;;;
2026/04/14;0500 UTC;;;;;;;;;;;;;;;;;;
2026/04/14;0600 UTC;;;;;;;;;;;;;;;;;;
2026/04/14;0700 UTC;;;;;;;;;;;;;;;;;;
2026/04/14;0800 UTC;;;;;;;;;;;;;;;;;;
2026/04/14;0900 UTC;;;;;;;;;;;;;;;;;;
2026/04/14;1000 UTC;;;;;;;;;;;;;;;;;;
2026/04/14;1100 UTC;;;;;;;;;;;;;;;;;;
2026/04/14;1200 UTC;;;;;;;;;;;;;;;;;;
2026/04/14;1300 UTC;;;;;;;;;;;;;;;;;;
2026/04/14;1400 UTC;;;;;;;;;;;;;;;;;;
2026/04/14;1500 UTC;;;;;;;;;;;;;;;;;;
2026/04/14;1600 UTC;;;;;;;;;;;;;;;;;;
2026/04/14;1700 UTC;;;;;;;;;;;;;;;;;;
2026/04/14;1800 UTC;;;;;;;;;;;;;;;;;;
2026/04/14;1900 UTC;;;;;;;;;;;;;;;;;;
2026/04/14;2000 UTC;;;;;;;;;;;;;;;;;;
2026/04/14;2100 UTC;;;;;;;;;;;;;;;;;;
2026/04/14;2200 UTC;;;;;;;;;;;;;;;;;;
2026/04/14;2300 UTC;;;;;;;;;;;;;;;;;;
2026/04/15;0000 UTC;;;;;;;;;;;;;;;;;;
2026/04/15;0100 UTC;;;;;;;;;;;;;;;;;;
2026/04/15;0200 UTC;;;;;;;;;;;;;;;;;;
2026/04/15;0300 UTC;;;;;;;;;;;;;;;;;;
2026/04/15;0400 UTC;;;;;;;;;;;;;;;;;;
2026/04/15;0500 UTC;;;;;;;;;;;;;;;;;;
2026/04/15;0600 UTC;;;;;;;;;;;;;;;;;;
2026/04/15;0700 UTC;;;;;;;;;;;;;;;;;;
2026/04/15;0800 UTC;;;;;;;;;;;;;;;;;;
2026/04/15;0900 UTC;;;;;;;;;;;;;;;;;;
2026/04/15;1000 UTC;;;;;;;;;;;;;;;;;;
2026/04/15;1100 UTC;;;;;;;;;;;;;;;;;;
2026/04/15;1200 UTC;;;;;;;;;;;;;;;;;;
2026/04/15;1300 UTC;;;;;;;;;;;;;;;;;;
2026/04/15;1400 UTC;;;;;;;;;;;;;;;;;;
2026/04/15;1500 UTC;;;;;;;;;;;;;;;;;;
2026/04/15;1600 UTC;;;;;;;;;;;;;;;;;;
2026/04/15;1700 UTC;;;;;;;;;;;;;;;;;;
2026/04/15;1800 UTC;;;;;;;;;;;;;;;;;;
2026/04/15;1900 UTC;;;;;;;;;;;;;;;;;;
2026/04/15;2000 UTC;;;;;;;;;;;;;;;;;;
2026/04/15;2100 UTC;;;;;;;;;;;;;;;;;;
2026/04/15;2200 UTC;;;;;;;;;;;;;;;;;;
2026/04/15;2300 UTC;;;;;;;;;;;;;;;;;;
2026/04/16;0000 UTC;;;;;;;;;;;;;;;;;;
2026/04/16;0100 UTC;;;;;;;;;;;;;;;;;;
2026/04/16;0200 UTC;;;;;;;;;;;;;;;;;;
2026/04/16;0300 UTC;;;;;;;;;;;;;;;;;;
2026/04/16;0400 UTC;;;;;;;;;;;;;;;;;;
2026/04/16;0500 UTC;;;;;;;;;;;;;;;;;;
2026/04/16;0600 UTC;;;;;;;;;;;;;;;;;;
2026/04/16;0700 UTC;;;;;;;;;;;;;;;;;;
2026/04/16;0800 UTC;;;;;;;;;;;;;;;;;;
2026/04/16;0900 UTC;;;;;;;;;;;;;;;;;;
2026/04/16;1000 UTC;;;;;;;;;;;;;;;;;;
2026/04/16;1100 UTC;;;;;;;;;;;;;;;;;;
2026/04/16;1200 UTC;;;;;;;;;;;;;;;;;;
2026/04/16;1300 UTC;;;;;;;;;;;;;;;;;;
2026/04/16;1400 UTC;;;;;;;;;;;;;;;;;;
2026/04/16;1500 UTC;;;;;;;;;;;;;;;;;;
2026/04/16;1600 UTC;;;;;;;;;;;;;;;;;;
2026/04/16;1700 UTC;;;;;;;;;;;;;;;;;;
2026/04/16;1800 UTC;;;;;;;;;;;;;;;;;;
2026/04/16;1900 UTC;;;;;;;;;;;;;;;;;;
2026/04/16;2000 UTC;;;;;;;;;;;;;;;;;;
2026/04/16;2100 UTC;;;;;;;;;;;;;;;;;;
2026/04/16;2200 UTC;;;;;;;;;;;;;;;;;;
2026/04/16;2300 UTC;;;;;;;;;;;;;;;;;;
2026/04/17;0000 UTC;;;;;;;;;;;;;;;;;;
2026/04/17;0100 UTC;;;;;;;;;;;;;;;;;;
2026/04/17;0200 UTC;;;;;;;;;;;;;;;;;;
2026/04/17;0300 UTC;;;;;;;;;;;;;;;;;;
2026/04/17;0400 UTC;;;;;;;;;;;;;;;;;;
2026/04/17;0500 UTC;;;;;;;;;;;;;;;;;;
2026/04/17;0600 UTC;;;;;;;;;;;;;;;;;;
2026/04/17;0700 UTC;;;;;;;;;;;;;;;;;;
2026/04/17;0800 UTC;;;;;;;;;;;;;;;;;;
2026/04/17;0900 UTC;;;;;;;;;;;;;;;;;;
2026/04/17;1000 UTC;;;;;;;;;;;;;;;;;;
2026/04/17;1100 UTC;;;;;;;;;;;;;;;;;;
2026/04/17;1200 UTC;;;;;;;;;;;;;;;;;;
2026/04/17;1300 UTC;;;;;;;;;;;;;;;;;;
2026/04/17;1400 UTC;;;;;;;;;;;;;;;;;;
2026/04/17;1500 UTC;;;;;;;;;;;;;;;;;;
2026/04/17;1600 UTC;;;;;;;;;;;;;;;;;;
2026/04/17;1700 UTC;;;;;;;;;;;;;;;;;;
2026/04/17;1800 UTC;;;;;;;;;;;;;;;;;;
2026/04/17;1900 UTC;;;;;;;;;;;;;;;;;;
2026/04/17;2000 UTC;;;;;;;;;;;;;;;;;;
2026/04/17;2100 UTC;;;;;;;;;;;;;;;;;;
2026/04/17;2200 UTC;;;;;;;;;;;;;;;;;;
2026/04/17;2300 UTC;;;;;;;;;;;;;;;;;;
2026/04/18;0000 UTC;;;;;;;;;;;;;;;;;;
2026/04/18;0100 UTC;;;;;;;;;;;;;;;;;;
2026/04/18;0200 UTC;;;;;;;;;;;;;;;;;;
2026/04/18;0300 UTC;;;;;;;;;;;;;;;;;;
2026/04/18;0400 UTC;;;;;;;;;;;;;;;;;;
2026/04/18;0500 UTC;;;;;;;;;;;;;;;;;;
2026/04/18;0600 UTC;;;;;;;;;;;;;;;;;;
2026/04/18;0700 UTC;;;;;;;;;;;;;;;;;;
2026/04/18;0800 UTC;;;;;;;;;;;;;;;;;;
2026/04/18;0900 UTC;;;;;;;;;;;;;;;;;;
2026/04/18;1000 UTC;;;;;;;;;;;;;;;;;;
2026/04/18;1100 UTC;;;;;;;;;;;;;;;;;;
2026/04/18;1200 UTC;;;;;;;;;;;;;;;;;;
2026/04/18;1300 UTC;;;;;;;;;;;;;;;;;;
2026/04/18;1400 UTC;;;;;;;;;;;;;;;;;;
2026/04/18;1500 UTC;;;;;;;;;;;;;;;;;;
2026/04/18;1600 UTC;;;;;;;;;;;;;;;;;;
2026/04/18;1700 UTC;;;;;;;;;;;;;;;;;;
2026/04/18;1800 UTC;;;;;;;;;;;;;;;;;;
2026/04/18;1900 UTC;;;;;;;;;;;;;;;;;;
2026/04/18;2000 UTC;;;;;;;;;;;;;;;;;;
2026/04/18;2100 UTC;;;;;;;;;;;;;;;;;;
2026/04/18;2200 UTC;;;;;;;;;;;;;;;;;;
2026/04/18;2300 UTC;;;;;;;;;;;;;;;;;;
2026/04/19;0000 UTC;;;;;;;;;;;;;;;;;;
2026/04/19;0100 UTC;;;;;;;;;;;;;;;;;;
2026/04/19;0200 UTC;;;;;;;;;;;;;;;;;;
2026/04/19;0300 UTC;;;;;;;;;;;;;;;;;;
2026/04/19;0400 UTC;;;;;;;;;;;;;;;;;;
2026/04/19;0500 UTC;;;;;;;;;;;;;;;;;;
2026/04/19;0600 UTC;;;;;;;;;;;;;;;;;;
2026/04/19;0700 UTC;;;;;;;;;;;;;;;;;;
2026/04/19;0800 UTC;;;;;;;;;;;;;;;;;;
2026/04/19;0900 UTC;;;;;;;;;;;;;;;;;;
2026/04/19;1000 UTC;;;;;;;;;;;;;;;;;;
2026/04/19;1100 UTC;;;;;;;;;;;;;;;;;;
2026/04/19;1200 UTC;;;;;;;;;;;;;;;;;;
2026/04/19;1300 UTC;;;;;;;;;;;;;;;;;;
2026/04/19;1400 UTC;;;;;;;;;;;;;;;;;;
2026/04/19;1500 UTC;;;;;;;;;;;;;;;;;;
2026/04/19;1600 UTC;;;;;;;;;;;;;;;;;;
2026/04/19;1700 UTC;;;;;;;;;;;;;;;;;;
2026/04/19;1800 UTC;;;;;;;;;;;;;;;;;;
2026/04/19;1900 UTC;;;;;;;;;;;;;;;;;;
2026/04/19;2000 UTC;;;;;;;;;;;;;;;;;;
2026/04/19;2100 UTC;;;;;;;;;;;;;;;;;;
2026/04/19;2200 UTC;;;;;;;;;;;;;;;;;;
2026/04/19;2300 UTC;;;;;;;;;;;;;;;;;;
2026/04/20;0000 UTC;;;;;;;;;;;;;;;;;;
2026/04/20;0100 UTC;;;;;;;;;;;;;;;;;;
2026/04/20;0200 UTC;;;;;;;;;;;;;;;;;;
2026/04/20;0300 UTC;;;;;;;;;;;;;;;;;;
2026/04/20;0400 UTC;;;;;;;;;;;;;;;;;;
2026/04/20;0500 UTC;;;;;;;;;;;;;;;;;;
2026/04/20;0600 UTC;;;;;;;;;;;;;;;;;;
2026/04/20;0700 UTC;;;;;;;;;;;;;;;;;;
2026/04/20;0800 UTC;;;;;;;;;;;;;;;;;;
2026/04/20;0900 UTC;;;;;;;;;;;;;;;;;;
2026/04/20;1000 UTC;;;;;;;;;;;;;;;;;;
2026/04/20;1100 UTC;;;;;;;;;;;;;;;;;;
2026/04/20;1200 UTC;;;;;;;;;;;;;;;;;;
2026/04/20;1300 UTC;;;;;;;;;;;;;;;;;;
2026/04/20;1400 UTC;;;;;;;;;;;;;;;;;;
2026/04/20;1500 UTC;;;;;;;;;;;;;;;;;;
2026/04/20;1600 UTC;;;;;;;;;;;;;;;;;;
2026/04/20;1700 UTC;;;;;;;;;;;;;;;;;;
2026/04/20;1800 UTC;;;;;;;;;;;;;;;;;;
2026/04/20;1900 UTC;;;;;;;;;;;;;;;;;;
2026/04/20;2000 UTC;;;;;;;;;;;;;;;;;;
2026/04/20;2100 UTC;;;;;;;;;;;;;;;;;;
2026/04/20;2200 UTC;;;;;;;;;;;;;;;;;;
2026/04/20;2300 UTC;;;;;;;;;;;;;;;;;;
2026/04/21;0000 UTC;;;;;;;;;;;;;;;;;;
2026/04/21;0100 UTC;;;;;;;;;;;;;;;;;;
2026/04/21;0200 UTC;;;;;;;;;;;;;;;;;;
2026/04/21;0300 UTC;;;;;;;;;;;;;;;;;;
2026/04/21;0400 UTC;;;;;;;;;;;;;;;;;;
2026/04/21;0500 UTC;;;;;;;;;;;;;;;;;;
2026/04/21;0600 UTC;;;;;;;;;;;;;;;;;;
2026/04/21;0700 UTC;;;;;;;;;;;;;;;;;;
2026/04/21;0800 UTC;;;;;;;;;;;;;;;;;;
2026/04/21;0900 UTC;;;;;;;;;;;;;;;;;;
2026/04/21;1000 UTC;;;;;;;;;;;;;;;;;;
2026/04/21;1100 UTC;;;;;;;;;;;;;;;;;;
2026/04/21;1200 UTC;;;;;;;;;;;;;;;;;;
2026/04/21;1300 UTC;;;;;;;;;;;;;;;;;;
2026/04/21;1400 UTC;;;;;;;;;;;;;;;;;;
2026/04/21;1500 UTC;;;;;;;;;;;;;;;;;;
2026/04/21;1600 UTC;;;;;;;;;;;;;;;;;;
2026/04/21;1700 UTC;;;;;;;;;;;;;;;;;;
2026/04/21;1800 UTC;;;;;;;;;;;;;;;;;;
2026/04/21;1900 UTC;;;;;;;;;;;;;;;;;;
2026/04/21;2000 UTC;;;;;;;;;;;;;;;;;;
2026/04/21;2100 UTC;;;;;;;;;;;;;;;;;;
2026/04/21;2200 UTC;;;;;;;;;;;;;;;;;;
2026/04/21;2300 UTC;;;;;;;;;;;;;;;;;;
2026/04/22;0000 UTC;;;;;;;;;;;;;;;;;;
2026/04/22;0100 UTC;;;;;;;;;;;;;;;;;;
2026/04/22;0200 UTC;;;;;;;;;;;;;;;;;;
2026/04/22;0300 UTC;;;;;;;;;;;;;;;;;;
2026/04/22;0400 UTC;;;;;;;;;;;;;;;;;;
2026/04/22;0500 UTC;;;;;;;;;;;;;;;;;;
2026/04/22;0600 UTC;;;;;;;;;;;;;;;;;;
2026/04/22;0700 UTC;;;;;;;;;;;;;;;;;;
2026/04/22;0800 UTC;;;;;;;;;;;;;;;;;;
2026/04/22;0900 UTC;;;;;;;;;;;;;;;;;;
2026/04/22;1000 UTC;;;;;;;;;;;;;;;;;;
2026/04/22;1100 UTC;;;;;;;;;;;;;;;;;;
2026/04/22;1200 UTC;;;;;;;;;;;;;;;;;;
2026/04/22;1300 UTC;;;;;;;;;;;;;;;;;;
2026/04/22;1400 UTC;;;;;;;;;;;;;;;;;;
2026/04/22;1500 UTC;;;;;;;;;;;;;;;;;;
2026/04/22;1600 UTC;;;;;;;;;;;;;;;;;;
2026/04/22;1700 UTC;;;;;;;;;;;;;;;;;;
2026/04/22;1800 UTC;;;;;;;;;;;;;;;;;;
2026/04/22;1900 UTC;;;;;;;;;;;;;;;;;;
2026/04/22;2000 UTC;;;;;;;;;;;;;;;;;;
2026/04/22;2100 UTC;;;;;;;;;;;;;;;;;;
2026/04/22;2200 UTC;;;;;;;;;;;;;;;;;;
2026/04/22;2300 UTC;;;;;;;;;;;;;;;;;;
2026/04/23;0000 UTC;;;;;;;;;;;;;;;;;;
2026/04/23;0100 UTC;;;;;;;;;;;;;;;;;;
2026/04/23;0200 UTC;;;;;;;;;;;;;;;;;;
2026/04/23;0300 UTC;;;;;;;;;;;;;;;;;;
2026/04/23;0400 UTC;;;;;;;;;;;;;;;;;;
2026/04/23;0500 UTC;;;;;;;;;;;;;;;;;;
2026/04/23;0600 UTC;;;;;;;;;;;;;;;;;;
2026/04/23;0700 UTC;;;;;;;;;;;;;;;;;;
2026/04/23;0800 UTC;;;;;;;;;;;;;;;;;;
2026/04/23;0900 UTC;;;;;;;;;;;;;;;;;;
2026/04/23;1000 UTC;;;;;;;;;;;;;;;;;;
2026/04/23;1100 UTC;;;;;;;;;;;;;;;;;;
2026/04/23;1200 UTC;;;;;;;;;;;;;;;;;;
2026/04/23;1300 UTC;;;;;;;;;;;;;;;;;;
2026/04/23;1400 UTC;;;;;;;;;;;;;;;;;;
2026/04/23;1500 UTC;;;;;;;;;;;;;;;;;;
2026/04/23;1600 UTC;;;;;;;;;;;;;;;;;;
2026/04/23;1700 UTC;;;;;;;;;;;;;;;;;;
2026/04/23;1800 UTC;;;;;;;;;;;;;;;;;;
2026/04/23;1900 UTC;;;;;;;;;;;;;;;;;;
2026/04/23;2000 UTC;24,9;1003,6;1004;1003,1;25,8;21;20,5;21,7;20,7;21;19,7;100;94;98;177;8,2;5,7;
2026/04/23;2100 UTC;12,1;1003,6;1004,4;1003,2;21;20,7;20,6;21;20,4;21,1;20,1;100;98;99;150;9,7;5,6;
2026/04/23;2200 UTC;0;1003,5;1003,7;1003,3;1,6;20,7;20,2;21,1;20,4;20,7;19,6;99;96;98;162;8;6;
2026/04/23;2300 UTC;0;1003,8;1004,2;1003,5;0;21,1;20,7;21,3;20,8;21;20,1;99;97;98;154;7,3;4,5;
2026/04/24;0000 UTC;0;1004,1;1004,4;1003,9;0;20,6;19,8;20,8;20,5;20,1;19,5;97;95;96;160;7,8;5,6;
2026/04/24;0100 UTC;,8;1004,4;1004,5;1004,3;0;20,4;19,9;20,6;20,3;20;19,7;98;96;97;141;4,5;2,3;
2026/04/24;0200 UTC;4,4;1004,8;1005,1;1004,4;0;20,2;20;20,3;20,2;20,1;19,9;100;98;99;126;4,6;1,8;
2026/04/24;0300 UTC;,4;1004,9;1005,1;1004,7;0;20,3;19,8;20,4;20,2;19,9;19,6;99;97;98;154;6,9;3,8;
2026/04/24;0400 UTC;3,4;1004,8;1005,2;1004,3;0;20;19,9;20,4;19,8;20;19,8;100;97;99;177;6,4;4,6;
2026/04/24;0500 UTC;1;1004;1004,4;1003,7;0;19,8;19,7;19,8;19,7;19,8;19,5;100;99;99;169;4,7;2,6;
2026/04/24;0600 UTC;4,8;1004,2;1004,5;1003,8;0;19,7;19,6;19,8;19,6;19,7;19,5;100;99;100;178;4,5;2,1;
2026/04/24;0700 UTC;6;1003,6;1004,2;1003,2;0;19,6;19,6;19,7;19,5;19,6;19,5;100;100;100;142;3,1;1,6;
2026/04/24;0800 UTC;,4;1003,2;1003,3;1003;0;19,1;18,8;19,5;19;19,4;18,6;100;97;98;160;4,1;2,9;
2026/04/24;0900 UTC;,4;1003;1003,2;1002,8;0;19,1;18,9;19,1;19;19;18,8;100;99;99;195;3,4;2;
2026/04/24;1000 UTC;9,2;1003,5;1003,7;1003,2;0;19,2;19,2;19,2;19,1;19,3;19;100;99;100;159;5,7;3,8;
2026/04/24;1100 UTC;2,6;1003,2;1003,5;1002,9;36,7;19,2;19,3;19,3;19,2;19,4;19,2;100;100;100;130;4,8;1,6;
2026/04/24;1200 UTC;12,3;1003,5;1003,8;1003,1;90,8;19,5;19,6;19,6;19,4;19,6;19,4;100;100;100;92;4,5;2,6;
2026/04/24;1300 UTC;5,6;1003,8;1004,4;1003,3;129;19,7;19,8;20;19,5;20;19,6;100;100;100;130;2,9;1,4;
2026/04/24;1400 UTC;,2;1003,8;1004;1003,5;1552;20,9;20,5;22,2;19,9;21,3;20;100;93;98;103;4,6;2,6;
2026/04/24;1500 UTC;0;1003,3;1003,5;1003;1042,3;22,1;20,8;22,6;21,5;21,3;20,2;95;89;93;177;4,8;3,1;
2026/04/24;1600 UTC;0;1002,5;1002,9;1002;779;21,8;20,7;22,2;21,4;21,1;20,4;96;92;94;166;4,1;2,9;
2026/04/24;1700 UTC;0;1001,7;1002,1;1001,3;879,4;22,2;20,8;22,6;21,9;21,2;20,6;95;90;93;166;4,8;3,1;
2026/04/24;1800 UTC;0;1001,2;1001,4;1000,9;482,1;22,2;20,7;22,5;21,9;21;20,5;94;91;93;172;4,9;3,4;
2026/04/24;1900 UTC;2,8;1001;1001,3;1000,8;124;21,1;20,7;21,8;20,7;20,9;20,5;100;94;98;188;5,7;3,2;
2026/04/24;2000 UTC;3,2;1001;1001,6;1000,3;110;20,6;20,5;20,8;20,5;20,7;20,4;100;99;100;161;5,4;3,4;
2026/04/24;2100 UTC;,2;1000,5;1001,1;1000,3;48,7;20,6;20,6;20,6;20,5;20,7;20,5;100;100;100;183;4,6;2,4;
2026/04/24;2200 UTC;5,2;1001,3;1001,5;1001,1;0;20,5;20,5;20,6;20,4;20,6;20,5;100;100;100;181;1,4;,5;
2026/04/24;2300 UTC;4,6;1001,5;1002,4;1001,2;0;20,4;20,5;20,5;20,4;20,5;20,4;100;100;100;230;2;1,2;
2026/04/25;0000 UTC;5,8;1002,2;1002,4;1002;0;20,4;20,4;20,5;20,2;20,6;20,3;100;100;100;94;1,3;,7;
2026/04/25;0100 UTC;1,8;1002,2;1002,6;1001,6;0;20,3;20,4;20,4;20,2;20,4;20,3;100;100;100;72;2,5;1,4;
2026/04/25;0200 UTC;0;1001,8;1002;1001,6;0;20,3;20,3;20,3;20,2;20,4;20,2;100;100;100;49;4;1,8;
2026/04/25;0300 UTC;0;1001,7;1002,1;1001,1;0;20;20;20,2;19,9;20,2;19,9;100;100;100;51;2,5;1,3;
2026/04/25;0400 UTC;0;1001;1001,1;1000,9;0;19,9;19,9;19,9;19,8;20;19,8;100;100;100;26;3,3;2;
2026/04/25;0500 UTC;0;1000,8;1001;1000,5;0;19,7;19,7;19,8;19,6;19,8;19,5;100;100;100;34;3,4;2,3;
2026/04/25;0600 UTC;,2;1000,7;1000,9;1000,5;0;19,6;19,5;19,6;19,5;19,5;19,4;100;99;99;39;2;1,3;
2026/04/25;0700 UTC;1,8;1000,5;1000,7;1000,4;0;19,5;19,5;19,6;19,4;19,6;19,4;100;99;100;118;1,2;,8;
2026/04/25;0800 UTC;2,8;1000,5;1000,6;1000,4;0;19,5;19,5;19,5;19,4;19,6;19,5;100;100;100;175;1,3;1;
2026/04/25;0900 UTC;0;1000,6;1000,8;1000,4;0;19,5;19,6;19,6;19,5;19,7;19,6;100;100;100;151;1,5;,6;
2026/04/25;1000 UTC;0;1000,8;1001,1;1000,6;0;19,6;19,7;19,7;19,6;19,8;19,6;100;100;100;82;1,4;,4;
2026/04/25;1100 UTC;0;1001,4;1001,7;1001;25,7;19,8;19,9;20;19,7;20;19,8;100;100;100;161;1,8;1,1;
2026/04/25;1200 UTC;,2;1002,1;1002,3;1001,8;191,9;20,1;20,1;20,3;20;20,3;20;100;99;100;139;1,5;,9;
2026/04/25;1300 UTC;0;1002,4;1002,6;1002,3;368;20,5;20,1;20,7;20,3;20,3;19,7;99;95;98;164;1,5;,7;
2026/04/25;1400 UTC;0;1002,4;1002,7;1002,2;512,8;21;20,2;21,3;20,7;20,6;19,8;98;94;96;170;3,4;2,3;
2026/04/25;1500 UTC;0;1001,9;1002,2;1001,7;1117,8;21,7;20,1;22,1;21,3;20,9;19,2;97;86;92;138;1,4;,5;
2026/04/25;1600 UTC;0;1001,1;1001,6;1000,5;1304;22,4;20;23,3;22;20,7;19,3;91;84;88;212;1,9;,7;
2026/04/25;1700 UTC;0;1000;1000,5;999,6;1277,1;23,4;19,8;23,6;23,1;20,5;19,2;86;78;82;241;3,6;2,5;
2026/04/25;1800 UTC;0;999,3;999,6;999,1;1436,8;23,9;19,9;24,2;23,4;20,5;19,2;84;75;80;281;3,6;1,8;
2026/04/25;1900 UTC;0;999,1;999,2;999;994,8;24,4;19,2;24,8;24,1;20,1;18,6;78;71;74;272;1,8;1;
2026/04/25;2000 UTC;0;998,9;999;998,8;492,6;24,5;19,6;24,9;24,2;20,3;18,9;80;71;76;289;1,6;,7;
2026/04/25;2100 UTC;0;998,6;998,8;998,4;157,4;24;20,2;24,3;23,6;21,1;19,6;86;77;81;204;1,1;,7;
2026/04/25;2200 UTC;0;998,3;998,4;998,2;3;23,1;20,8;23,6;22,8;21,1;20,4;91;84;88;220;1,3;,8;
2026/04/25;2300 UTC;0;998,5;998,7;998,2;0;22,5;21,2;22,8;22,3;21,4;20,9;94;92;93;176;1,3;,8;
2026/04/26;0000 UTC;0;998,9;999,2;998,6;0;22,1;20,8;22,3;22;21;20,7;95;92;94;251;1,8;,9;
2026/04/26;0100 UTC;0;999;999,3;998,9;0;21,9;20,9;22;21,8;21,1;20,7;96;94;95;216;2,1;1,3;
2026/04/26;0200 UTC;1,2;999,5;999,8;999;0;21,6;21,1;21,8;21,4;21,2;20,9;99;96;98;258;1,5;,8;
2026/04/26;0300 UTC;,8;999,5;999,8;999,3;0;21,3;21,1;21,4;21;21,3;20,8;100;98;99;218;1,6;1;
2026/04/26;0400 UTC;0;998,9;999,3;998,3;0;20,9;20,7;21,1;20,6;20,9;20,4;100;99;99;170;2,9;2,2;
2026/04/26;0500 UTC;0;998,3;998,5;997,7;0;20,4;20,2;20,6;20,4;20,4;20,1;99;99;99;204;2,6;1,5;
2026/04/26;0600 UTC;0;998;998,3;997,8;0;20,2;20;20,4;20;20,2;19,9;100;99;99;211;2,7;1,2;
2026/04/26;0700 UTC;,2;997,9;998;997,8;0;19,9;19,7;20;19,7;20;19,4;100;99;99;228;2,9;1,6;
2026/04/26;0800 UTC;0;997,7;997,9;997,5;0;19,5;19,1;19,7;19,3;19,4;18,9;99;98;98;176;2,3;1,5;
2026/04/26;0900 UTC;0;997,7;997,9;997,6;0;19;18,8;19,3;18,8;19;18,6;99;98;99;188;2,1;1,5;
2026/04/26;1000 UTC;0;998,4;998,9;997,9;0;18,7;18,5;18,8;18,6;18,7;18,3;99;99;99;202;1,8;1,2;
2026/04/26;1100 UTC;0;999,1;999,3;998,9;91,5;18,4;18,4;19;18,2;19;18;100;99;100;260;1,2;,6;
2026/04/26;1200 UTC;0;999,4;999,5;999,2;964,9;19,9;19;20,7;19;19,4;18,6;99;91;96;236;1,7;1,1;
2026/04/26;1300 UTC;0;999,7;999,9;999,5;1527,2;21,9;19,1;22,9;20,7;19,7;18,5;93;79;86;177;2,3;1,6;
2026/04/26;1400 UTC;0;999,9;1000;999,8;1986,4;23,7;18,6;24,5;22,8;19,5;17,7;81;66;74;188;2,6;1;
2026/04/26;1500 UTC;0;999,4;999,9;999;2341,7;25;18,2;26,1;24;19,3;17,5;72;61;66;153;3,4;1,7;
2026/04/26;1600 UTC;0;998,9;999,1;998,6;2709,3;25,9;18,2;26,3;25,4;19;17,2;66;56;61;177;4,2;2;
2026/04/26;1700 UTC;0;998,1;998,6;997,6;2482,7;26,2;18,3;26,5;25,8;19,1;17,6;64;56;61;236;4,2;2,4;
2026/04/26;1800 UTC;0;997,3;997,6;997,1;2248,1;26,8;18,5;27,6;26,2;19,4;17,6;65;54;59;204;4,3;2,1;
2026/04/26;1900 UTC;0;997,3;997,5;997,1;2054,3;27,4;18,3;27,7;27,1;19,3;17,2;60;50;55;231;5,6;3,2;
2026/04/26;2000 UTC;0;997,9;998,2;997,5;964,5;26,8;17,4;27,3;26,4;18,1;16,6;59;48;53;227;3,8;1,8;
2026/04/26;2100 UTC;0;998,4;998,6;998,2;294,7;25,7;17,7;26,4;24,7;19;16,8;71;52;60;244;1,6;1;
2026/04/26;2200 UTC;0;998,8;999,1;998,6;4,6;23,6;17,8;24,6;23;19;17,1;74;67;71;221;2,6;1,1;
2026/04/26;2300 UTC;0;999,6;1000,1;999,1;0;21,9;17,4;22,9;21,1;18;17;82;72;78;239;1,4;,9;
2026/04/27;0000 UTC;0;1000,4;1000,7;1000,1;0;20,8;17,9;21,4;20,5;18,5;17,1;90;79;86;255;1,3;,9;
2026/04/27;0100 UTC;0;1001;1001,2;1000,7;0;20,2;18,1;20,6;19,5;18,5;17,8;95;87;90;282;1,2;,8;
2026/04/27;0200 UTC;0;1001,5;1002,2;1001,2;0;19,4;18,1;19,7;18,8;18,9;15,4;97;82;93;187;12,3;6,6;
2026/04/27;0300 UTC;0;1002,8;1003,1;1002,2;0;18,2;13,5;18,8;17,8;15,3;10,9;83;65;76;183;10,5;6,7;
2026/04/27;0400 UTC;0;1003,4;1003,7;1003,1;0;17,2;10,3;17,9;16,4;10,8;9,9;70;61;66;192;6,6;3,6;
2026/04/27;0500 UTC;0;1004,1;1004,1;1004,1;0;15,1;10,1;15,1;15,1;10,1;10,1;75;75;75;200;3;1,9;
2026/04/27;0600 UTC;0;1004,4;1004,4;1004,4;0;14,5;7,9;14,5;14,5;7,9;7,9;67;67;67;187;6,5;4,8;
2026/04/27;0700 UTC;0;1004,9;1004,9;1004,9;0;12,9;6,7;12,9;12,9;6,7;6,7;69;69;69;187;5,5;3,7;
2026/04/27;0800 UTC;0;1005,5;1005,5;1005,5;0;12,3;5;12,3;12,3;5;5;63;63;63;185;6,3;5,2;
2026/04/27;0900 UTC;0;1006,4;1006,4;1006,4;0;11,8;5,1;11,8;11,8;5,1;5,1;67;67;67;189;6,8;4,8;
2026/04/27;1000 UTC;0;1007,6;1007,6;1007,6;0;9,8;5,6;9,8;9,8;5,6;5,6;79;79;79;191;3,6;3;
2026/04/27;1100 UTC;0;1008,2;1008,2;1008,2;518,5;10,3;2,1;10,3;10,3;2,1;2,1;59;59;59;204;6,1;3,5;
2026/04/27;1200 UTC;0;1008,6;1008,6;1008,6;1324,5;11,2;2,3;11,2;11,2;2,3;2,3;55;55;55;188;7;4,5;
2026/04/27;1300 UTC;0;1008,5;1008,5;1008,5;2062,6;12,5;3,4;12,5;12,5;3,4;3,4;55;55;55;181;7,9;6;
2026/04/27;1400 UTC;0;1008,4;1008,4;1008,4;2555,7;14,4;5;14,4;14,4;5;5;53;53;53;165;3,9;3;
2026/04/27;1500 UTC;0;1007,8;1007,8;1007,8;2825,5;15,8;5,6;15,8;15,8;5,6;5,6;49;49;49;182;6,4;4,9;
2026/04/27;1600 UTC;0;1006,8;1006,8;1006,8;2865,9;16,7;6,2;16,7;16,7;6,2;6,2;48;48;48;211;6,6;4;
2026/04/27;1700 UTC;0;1006,3;1006,3;1006,3;2612,8;17,1;6,2;17,1;17,1;6,2;6,2;45;45;45;158;3,8;2,3;
2026/04/27;1800 UTC;0;1006,2;1006,2;1006,2;2126,9;17,9;6,8;17,9;17,9;6,8;6,8;45;45;45;166;4,6;3,1;
2026/04/27;1900 UTC;0;1006,1;1006,1;1006,1;1510,9;18,3;7,3;18,3;18,3;7,3;7,3;45;45;45;184;3,6;2,4;
2026/04/27;2000 UTC;0;1006,1;1006,1;1006,1;698,6;18;6,6;18;18;6,6;6,6;43;43;43;204;1,8;1,3;
2026/04/27;2100 UTC;0;1006,1;1006,1;1006,1;48,8;16,5;7,1;16,5;16,5;7,1;7,1;53;53;53;228;1,9;1,3;
2026/04/27;2200 UTC;0;1006,3;1006,3;1006,3;0;14,3;7,3;14,3;14,3;7,3;7,3;65;65;65;234;2,2;1,6;
2026/04/27;2300 UTC;0;1006,8;1006,8;1006,8;0;13,3;6,5;13,3;13,3;6,5;6,5;66;66;66;211;2,8;1,8;
2026/04/28;0000 UTC;0;1007;1007;1007;0;11,1;7,7;11,1;11,1;7,7;7,7;83;83;83;169;2,9;2,5;
2026/04/28;0100 UTC;0;1007;1007,1;1006,9;0;11,1;8;11,3;10,9;8,2;7,6;86;83;85;166;2,7;1,9;
2026/04/28;0200 UTC;0;1006,9;1007;1006,7;0;10,9;7,2;11,1;10,5;8,1;6,7;87;79;82;180;1,2;,9;
2026/04/28;0300 UTC;0;1006,8;1006,9;1006,7;0;10;7,4;10,4;9,6;8,2;6,8;90;84;87;240;,9;,5;
2026/04/28;0400 UTC;0;1006,5;1006,7;1006,4;0;9,6;7,3;10;9;7,7;6,9;94;85;88;219;1,7;,7;
2026/04/28;0500 UTC;0;1006;1006,4;1005,6;0;9;8,4;9,3;8,8;9;7,8;100;95;97;165;1,2;,5;
2026/04/28;0600 UTC;0;1005,3;1005,6;1005,1;0;8,8;7,7;9,1;8,3;9,2;6,4;100;88;94;156;2;1,4;
2026/04/28;0700 UTC;0;1005;1005,1;1005;0;8;6,6;8,5;7,8;7;5,9;96;87;93;81;;,9;
2026/04/28;0800 UTC;0;1005,2;1005,3;1005,1;0;8,2;6;8,6;7,7;6,7;5,6;93;86;89;94;,6;,4;
2026/04/28;0900 UTC;0;1005,6;1006;1005,4;0;8;6,1;8,4;7,5;6,6;5,5;95;87;91;181;,7;,2;
2026/04/28;1000 UTC;0;1006,4;1006,9;1006,1;0;7,7;5,9;7,9;7,6;6,4;5,1;93;87;91;93;,8;,4;
2026/04/28;1100 UTC;0;1007,2;1007,5;1006,9;116,8;7,7;6;9,1;6,9;7;5,4;97;88;91;140;1,5;,6;
2026/04/28;1200 UTC;0;1007,4;1007,7;1007,3;878;11;6,6;12,6;9,3;7,3;6;89;69;78;97;4;2,3;
2026/04/28;1300 UTC;0;1007,8;1007,9;1007,6;1610,4;14,4;6,9;16;12,6;7,6;6,1;69;52;62;111;5,8;3,1;
2026/04/28;1400 UTC;0;1007,8;1007,9;1007,7;2258,8;17;6,5;17,6;16;7,4;5,7;55;40;48;111;6,3;3,6;
2026/04/28;1500 UTC;0;1007,3;1007,9;1006,9;2634,3;18,4;6,6;18,9;17,6;7,2;5,8;45;39;41;108;6,6;4;
2026/04/28;1600 UTC;0;1006,4;1006,8;1005,9;2783,5;19,1;7,1;19,8;18,5;8;6,1;44;36;40;111;6,4;3,2;
2026/04/28;1700 UTC;0;1005,4;1005,9;1005;2680,3;20,2;7,5;20,7;19,5;8,3;6,9;42;31;37;118;6,4;2,5;
2026/04/28;1800 UTC;0;1004,6;1005;1004,3;2325,9;21;7,8;21,4;20,6;8,7;6,9;38;29;34;116;5,9;2,5;
2026/04/28;1900 UTC;0;1004,2;1004,4;1004;1791,1;21,4;8,1;21,8;21,1;9,1;7,3;39;30;33;118;3,7;1,6;
2026/04/28;2000 UTC;0;1003,8;1003,9;1003,6;1083,7;21,6;8,3;21,8;21,5;9,1;7,5;37;30;33;139;2,5;1,2;
2026/04/28;2100 UTC;0;1003,3;1003,5;1003,2;331,3;20,6;9,1;21,5;18,5;9,6;8,4;52;35;42;158;2,7;1,9;
2026/04/28;2200 UTC;0;1003,2;1003,4;1003,1;4,2;16,8;8,4;18,4;15,7;8,9;7,9;63;52;58;169;1,9;1,6;
2026/04/28;2300 UTC;0;1003,6;1003,7;1003,5;0;15,5;7,5;15,7;15,1;7,9;7,1;62;58;60;125;1,5;1,1;
2026/04/29;0000 UTC;0;1003,7;1003,9;1003,6;0;14,9;6,8;15,1;14,5;7,7;6,1;64;56;60;133;1,4;1;
2026/04/29;0100 UTC;0;1003,8;1004;1003,7;0;12,8;7,8;14,4;11,8;9;6,8;83;62;75;310;1;,5;
2026/04/29;0200 UTC;0;1003,6;1003,7;1003,4;0;12,8;7;13,6;12,1;8,8;5,9;81;63;71;88;2;1;
2026/04/29;0300 UTC;0;1003,1;1003,4;1002,8;0;12,1;6,8;12,8;11,4;7,7;5,8;81;67;73;84;1,3;,8;
2026/04/29;0400 UTC;0;1002,5;1002,8;1002,2;0;12;9,7;12,5;11,3;11,8;7,8;97;78;89;90;1,7;,8;
2026/04/29;0500 UTC;0;1002,4;1002,5;1002,2;0;10,7;8,9;11,8;9,4;10,7;7,7;99;84;91;181;2,1;1,7;
2026/04/29;0600 UTC;0;1001,8;1002,1;1001,5;0;10;6,7;10,5;9,1;7,7;6,2;92;80;84;160;2,8;1,9;
2026/04/29;0700 UTC;0;1001,6;1001,8;1001,3;0;9,8;6,6;10,1;9,5;7,7;6,2;89;81;84;136;1,6;,6;
2026/04/29;0800 UTC;0;1001,3;1001,6;1001,2;0;9,8;6,6;10,5;9,2;7,4;6,1;90;78;84;33;1,8;1,1;
2026/04/29;0900 UTC;0;1001,1;1001,3;1000,8;0;9,5;7,4;10,2;8,9;8,2;6,8;94;84;90;104;2,1;1,5;
2026/04/29;1000 UTC;0;1000,9;1001,1;1000,7;0;9,1;7,2;9,4;8,6;7,7;6,7;94;87;90;70;3;1,4;
2026/04/29;1100 UTC;0;1001,4;1001,9;1000,9;131,7;9,4;7,4;10,3;8,8;8,5;6,8;92;89;90;40;3;1,7;
2026/04/29;1200 UTC;0;1001,7;1002;1001,3;853,2;12,1;10;14,2;10,4;11,1;8,6;92;81;90;55;10,7;2,1;
2026/04/29;1300 UTC;0;1001,6;1002;1001,3;1578,3;15,8;10,4;16,9;14,2;11,2;9,6;83;67;73;55;2,1;2,1;
2026/04/29;1400 UTC;0;1002,2;1002,3;1002;2204,2;18,5;11,5;19,7;16,9;12,6;10,6;72;60;65;120;1,1;,3;
2026/04/29;1500 UTC;0;1002,1;1002,3;1002;2558,2;20,5;12,4;21,1;19,6;13,6;11,8;64;56;59;301;3,6;1,9;
2026/04/29;1600 UTC;0;1002,1;1002,3;1001,8;2713,4;21,9;13,4;22,6;21,1;14,6;12,9;64;53;58;296;3;1,9;
2026/04/29;1700 UTC;0;1001,5;1001,8;1001;2624,2;23,2;13,7;23,8;22,5;14,8;13;58;48;52;219;4,1;1,3;
2026/04/29;1800 UTC;0;1000,7;1001;1000,4;2299,9;24,3;14,1;25;23,7;15,3;13,1;54;43;49;187;4,9;2,6;
2026/04/29;1900 UTC;0;1000,2;1000,5;1000;1768,8;25,1;14,4;25,4;24,8;15,2;13,4;50;43;47;188;5;2,6;
2026/04/29;2000 UTC;0;1000,2;1000,3;1000,1;1074,4;25;14,1;25,3;24,7;14,7;13,4;50;42;46;192;3,8;2,1;
2026/04/29;2100 UTC;0;1000,5;1000,6;1000,3;321,5;23,8;14,4;24,7;22,3;14,8;14,1;59;49;53;193;1,8;1;
2026/04/29;2200 UTC;0;1000,9;1001,2;1000,6;3,2;20,8;13,7;22,2;19,2;14,1;13,1;70;60;65;172;2,1;1,4;
2026/04/29;2300 UTC;0;1001,2;1001,3;1001,2;0;18,3;13,3;19,3;16,7;13,9;13;84;70;75;46;2,8;1,6;
2026/04/30;0000 UTC;0;1001,8;1002;1001,3;0;17;14;17,7;16,6;15,3;13,3;91;80;85;240;,7;,3;
2026/04/30;0100 UTC;0;1002,2;1002,6;1002;0;16,5;14,2;17,7;15,7;15,2;12,8;96;77;89;244;1,1;,9;
2026/04/30;0200 UTC;0;1002,8;1003,2;1002,6;0;15,4;14,3;15,8;15,1;14,9;13,3;97;91;94;224;1,3;,5;
2026/04/30;0300 UTC;0;1003,4;1003,5;1003,2;0;14,7;14,6;15,3;14;15,1;13,9;100;97;99;38;,6;,4;
2026/04/30;0400 UTC;0;1003,5;1003,6;1003,4;0;14,1;14,2;14,4;13,5;14,5;13,5;100;100;100;128;,8;,4;
2026/04/30;0500 UTC;0;1003,4;1003,5;1003,3;0;13,2;13,2;13,9;12,6;13,9;12,7;100;100;100;275;1;,4;
2026/04/30;0600 UTC;0;1003,3;1003,3;1003,2;0;13;12,8;13,8;11,9;13,9;7,3;100;95;99;45;1,2;,9;
2026/04/30;0700 UTC;0;1003,1;1003,3;1002,9;0;12,3;12,3;12,7;11,8;12,7;11,8;100;100;100;81;1,6;,9;
2026/04/30;0800 UTC;0;1002,9;1003;1002,8;0;12,5;11;13;12,1;12,4;10,5;100;89;92;105;1,5;,9;
2026/04/30;0900 UTC;0;1002,8;1002,9;1002,7;0;11,9;10;12,8;11,3;10,8;9,6;94;85;90;159;2;1,4;
2026/04/30;1000 UTC;0;1003,2;1003,4;1002,9;0;11,3;9,7;11,8;10,8;10;9,4;95;88;92;48;1,2;,8;
2026/04/30;1100 UTC;0;1003,8;1004,1;1003,4;106,9;11,4;10;12,4;10,2;10,7;9,3;98;90;93;23;4,2;2,9;
2026/04/30;1200 UTC;0;1004,1;1004,3;1003,9;793,6;13,5;11,2;14,7;12,5;11,8;10,5;92;81;88;33;4,6;2,5;
2026/04/30;1300 UTC;0;1004,4;1004,7;1004,2;1428,5;16;12,2;17,5;14,6;13,2;11;85;76;81;31;1,1;1,1;
2026/04/30;1400 UTC;0;1004,3;1004,7;1004;2097,8;18,8;13,6;20,4;17,2;14,4;12,6;80;67;74;136;4,3;1,4;
2026/04/30;1500 UTC;0;1003,8;1004,1;1003,3;2557,2;21,3;14,6;22,8;20,4;15,9;13,6;71;62;66;56;4,9;2,1;
2026/04/30;1600 UTC;0;1003;1003,4;1002,6;2630,6;23,8;15,6;24,5;22,8;16,3;15;64;55;59;58;5;2,1;
2026/04/30;1700 UTC;0;1002,1;1002,6;1001,6;2528,9;25;16,3;25,6;24,4;17,2;15,2;60;51;56;63;6,1;3,4;
2026/04/30;1800 UTC;0;1001,4;1001,6;1001,1;2141,9;25,7;16,4;26,1;25,2;17,3;15,8;57;51;54;54;4,1;2,3;
2026/04/30;1900 UTC;0;1000,8;1001,1;1000,6;1763,5;26,2;17;26,7;25,9;17,6;16,2;57;50;54;57;4,2;2,2;
2026/04/30;2000 UTC;0;1000,6;1000,7;1000,4;1048,5;26,4;16,8;26,6;26,1;17,3;16,4;54;50;52;76;2,9;1,2;
2026/04/30;2100 UTC;0;1000,5;1000,7;1000,4;299,4;25,3;17,2;26,2;23,7;17,9;16,7;67;53;60;47;1,7;,9;
2026/04/30;2200 UTC;0;1000,5;1000,7;1000,4;1,2;22,2;16;23,6;21,2;17,7;15,3;73;66;69;37;2,1;1,2;
2026/04/30;2300 UTC;0;1000,6;1000,8;1000,5;0;20,2;15,8;21,1;19,4;16,2;15,6;82;73;78;83;3,4;1,8;
2026/05/01;0000 UTC;0;1001;1001,3;1000,8;0;20,3;15,8;20,9;20;15,9;15,7;79;74;77;77;2,3;1,1;
2026/05/01;0100 UTC;0;1001,4;1001,6;1001,3;0;19,9;15,9;20,1;19,7;16,2;15,8;82;79;80;83;2,8;1,3;
2026/05/01;0200 UTC;0;1001,4;1001,6;1001,1;0;20;16,4;20,5;19,4;16,8;16;86;79;82;70;2,1;1;
2026/05/01;0300 UTC;0;1000,9;1001,1;1000,7;0;20,2;15,8;20,6;19,4;16,1;15,7;83;76;78;27;4,4;2,6;
2026/05/01;0400 UTC;0;1000,7;1000,8;1000,6;0;19,5;16,1;19,7;19,3;16,5;15,8;84;82;83;60;2,8;1,4;
2026/05/01;0500 UTC;0;1000,3;1000,6;999,9;0;19,8;16,5;20,1;19,6;16,6;16,3;85;82;83;47;4,2;2;
2026/05/01;0600 UTC;0;999,9;1000,2;999,6;0;19,8;16,7;19,9;19,7;16,9;16,5;86;84;85;90;2,6;1;
2026/05/01;0700 UTC;0;999,5;999,6;999,4;0;19,8;16,8;20;19,8;17;16,6;86;84;85;84;2,2;1;
2026/05/01;0800 UTC;0;999,2;999,4;999,1;0;20,1;17;20,3;20;17,1;16,9;86;84;85;87;2,4;1;
2026/05/01;0900 UTC;0;999,3;999,5;999,1;0;20,4;17,3;20,4;20,2;17,4;17;86;84;85;61;2,8;1,3;
2026/05/01;1000 UTC;0;999,6;999,7;999,5;0;20,3;17,7;20,5;20,1;18;17,4;88;86;87;48;3,9;1,9;
2026/05/01;1100 UTC;0;999,7;999,9;999,5;49,7;20,8;18,1;21;20,5;18,5;17,9;88;86;87;49;4,3;2,3;
2026/05/01;1200 UTC;0;1000;1000,3;999,8;228;21,2;18,7;21,6;21;19;18,4;88;87;87;42;5,4;2,7;
2026/05/01;1300 UTC;0;1000,4;1000,5;1000,3;392,8;22;19,4;22,4;21,6;19,9;19;88;85;87;40;4,8;2,7;
2026/05/01;1400 UTC;0;1000,3;1000,5;1000,2;1036,1;23,7;20,3;24,9;22,4;20,9;19,7;87;79;83;33;5,2;3;
2026/05/01;1500 UTC;0;999,7;1000,2;999,1;2095;26,4;21,7;27,6;24,9;22,4;20,9;80;74;76;42;5,2;3;
2026/05/01;1600 UTC;0;998,8;999,1;998,4;2607,1;29,5;22,9;30,3;27,6;23,5;22,5;75;64;67;289;9,6;5,9;
2026/05/01;1700 UTC;0;997,9;998,4;997,4;2436,3;30,6;23,5;31,4;29,9;24,2;23,1;67;62;65;302;9,5;5,7;
2026/05/01;1800 UTC;0;997;997,4;996,7;1508,1;31;24;31,5;30,6;24,6;23,3;68;62;65;315;5,5;3;
2026/05/01;1900 UTC;0;996,5;996,8;996,2;1519,3;31,8;24;32,4;30,7;24,4;23,6;68;58;61;327;8,5;5,2;
2026/05/01;2000 UTC;0;996,2;996,4;996;973,8;31,7;23,8;32,3;31,3;24,2;23,4;63;58;60;326;8,8;4,2;
2026/05/01;2100 UTC;0;996,5;996,6;996,1;227,7;30,4;23,6;31,6;29,5;24;23,5;70;62;66;331;5,4;3;
2026/05/01;2200 UTC;0;996,5;996,6;996,4;4,2;28,2;23,3;29,5;26,9;23,6;23,2;81;70;76;317;2,8;1,6;
2026/05/01;2300 UTC;0;996,7;996,9;996,5;0;26,7;23,3;27,4;26,1;23,4;23,2;86;80;83;304;3,7;2,2;
2026/05/02;0000 UTC;0;996,9;997,3;996,5;0;26,1;23,3;26,5;25,6;23,3;23,1;88;84;86;135;1,2;,5;
2026/05/02;0100 UTC;0;997,8;998,6;997,4;3,3;25,3;23;26,3;22,6;23,4;21,3;95;82;89;201;14,7;6,9;
2026/05/02;0200 UTC;7,8;999;999,8;997,9;1,7;21,5;20,8;22,6;20,9;21,7;20;98;94;96;219;5,9;2,2;
2026/05/02;0300 UTC;7,6;999,1;1000,9;997,8;,2;20,7;20;20,9;20,3;20,4;19,5;99;94;96;206;7,6;4,1;
2026/05/02;0400 UTC;16,3;999,4;1000,1;998,7;0;21;21;21,2;20,6;21,2;20,4;100;99;100;266;2,4;,7;
2026/05/02;0500 UTC;1,8;999,3;999,8;998,9;0;21,5;21,6;21,8;21,1;21,8;21,2;100;100;100;191;6,3;3,3;
2026/05/02;0600 UTC;1;999,4;999,9;999;0;21,5;21,5;21,6;21,4;21,7;21,5;100;100;100;209;5,5;2,1;
2026/05/02;0700 UTC;,4;1000,1;1000,5;999,4;0;21,6;21,7;21,6;21,6;21,7;21,6;100;100;100;232;3,1;1,8;
2026/05/02;0800 UTC;0;1000,5;1000,6;1000,4;0;21,5;21,5;21,6;21,4;21,6;21,3;100;99;100;195;5,3;3,2;
2026/05/02;0900 UTC;,2;1001,2;1001,7;1000,5;0;21,4;21,1;21,4;21,3;21,3;21;100;98;99;183;5,7;3,4;
2026/05/02;1000 UTC;0;1002,2;1002,8;1001,6;0;21,2;20,8;21,3;21;21,1;20,5;99;97;98;182;8,3;4,7;
2026/05/02;1100 UTC;0;1003,8;1004,6;1002,8;23,6;20,8;20,1;21;20,5;20,6;19,6;98;95;97;170;7,6;4,3;
2026/05/02;1200 UTC;0;1004,9;1005,5;1004,3;158;20,5;19,7;20,5;20,5;19,8;19,5;96;95;96;180;5,6;3,7;
2026/05/02;1300 UTC;0;1006,2;1006,6;1005,5;408,6;20,7;19,5;21;20,5;19,7;19,2;96;91;94;174;5,2;3,7;
2026/05/02;1400 UTC;0;1006,8;1007,3;1006,4;859,5;21,5;19,1;22,3;21;19,5;18,7;91;83;88;169;6,8;4,5;
2026/05/02;1500 UTC;0;1007,6;1007,9;1007,3;1769,6;22,6;18,6;23,3;22,1;19,2;17,8;85;76;80;151;7,7;4,7;
2026/05/02;1600 UTC;0;1008;1008,2;1007,8;1450;22,8;18,3;23,5;22,4;19,1;17,3;81;73;77;174;9,4;6,8;
2026/05/02;1700 UTC;0;1007,6;1008,1;1007,3;2058;23;17,5;23,6;22,5;18,2;17;76;67;73;168;9,3;6,8;
2026/05/02;1800 UTC;0;1007,2;1007,5;1007;2134,3;23,8;17,6;24,2;23,2;18,3;16,9;73;64;69;166;9;6,2;
2026/05/02;1900 UTC;0;1007,2;1007,4;1007;1719,9;24,2;17;24,4;23,8;17,9;16;69;59;64;172;9;6,1;
2026/05/02;2000 UTC;0;1007,7;1008,1;1007,3;1057,8;23,8;17,2;24,4;22,8;17,8;16,7;72;63;67;165;7,8;5,6;
2026/05/02;2100 UTC;0;1008,2;1008,3;1008;185,7;21,3;16,1;22,6;20,4;17,1;14,5;76;71;74;166;7,5;5;
2026/05/02;2200 UTC;0;1008,5;1008,8;1008,2;3,2;19;15,1;20,4;18,4;15,4;14,6;85;71;80;144;3,7;1,8;
2026/05/02;2300 UTC;0;1009,2;1009,5;1008,8;0;18;14,5;18,5;17;15,4;13,2;85;78;82;154;6,1;3,8;
2026/05/03;0000 UTC;0;1010;1010,4;1009,5;0;16;13,3;17;15,6;13,6;13;89;81;86;131;2,8;1,5;
2026/05/03;0100 UTC;0;1010,9;1011,2;1010,4;0;15,3;11;15,7;14,9;12,7;9,4;86;72;79;144;6,1;3,3;
2026/05/03;0200 UTC;0;1011,5;1011,9;1011,2;0;14,3;8,5;14,9;13,6;9,4;8;73;69;71;137;4,1;2;
2026/05/03;0300 UTC;0;1012;1012,2;1011,9;0;13,1;7,7;13,6;12,8;8,1;7,2;75;70;73;142;4,7;2,2;
2026/05/03;0400 UTC;0;1012,1;1012,3;1011,9;0;12,1;7,4;12,8;11,5;7,6;7,3;80;73;77;148;4,8;2,7;
2026/05/03;0500 UTC;0;1011,8;1012;1011,7;0;11,4;6,9;11,6;11,1;7,4;6,4;80;75;77;141;4,7;2,2;
2026/05/03;0600 UTC;0;1011,7;1011,9;1011,6;0;10,3;6,6;11,2;9,7;6,8;6,3;84;76;81;144;3,3;1,4;
2026/05/03;0700 UTC;0;1011,5;1011,7;1011,4;0;9,5;6,2;9,9;9,1;6,5;6,1;85;83;84;150;2,8;1,8;
2026/05/03;0800 UTC;0;1011,1;1011,5;1010,7;0;8,4;6,3;9,1;8,1;6,5;6,1;91;85;89;155;5;3,9;
2026/05/03;0900 UTC;0;1010,7;1010,8;1010,5;0;8;6,3;8,3;7,7;6,4;6,2;93;89;92;156;4,2;3,2;
2026/05/03;1000 UTC;0;1010,4;1010,5;1010,3;0;7,8;6,2;8;7,7;6,4;5,9;93;90;92;164;4,3;2,5;
2026/05/03;1100 UTC;0;1010,3;1010,5;1010,2;95,5;7,9;5,6;8,9;7,5;5,9;5,5;91;84;88;137;4,5;2,3;
2026/05/03;1200 UTC;0;1010,5;1010,6;1010,2;853,5;10,4;6,1;12;8,9;6,9;5,5;84;71;78;113;6,7;3,3;
2026/05/03;1300 UTC;0;1010,4;1010,6;1010,2;1592,8;13,2;6,9;14,4;12,1;7,8;6;73;65;68;97;7,8;4,5;
2026/05/03;1400 UTC;0;1010,1;1010,3;1009,8;2243,8;15,5;8,5;16,6;14,2;9,6;7,4;68;61;65;84;6,5;3,2;
2026/05/03;1500 UTC;0;1009,2;1009,8;1008,5;2606,7;18;10,1;19,1;16,5;11,2;9;65;56;61;99;6,2;3,8;
2026/05/03;1600 UTC;0;1008;1008,5;1007,3;2747,5;20,1;10,4;20,8;19,1;12;9,2;61;45;51;93;6,8;3,7;
2026/05/03;1700 UTC;0;1006,7;1007,3;1006,1;2641,2;21,2;10,4;21,7;20,6;11,6;9,6;52;42;46;98;7,2;3,5;
2026/05/03;1800 UTC;0;1005,4;1006,1;1004,9;2297,8;22,2;11;22,6;21,6;11,8;10,3;48;40;44;104;7,2;3,9;
2026/05/03;1900 UTC;0;1004,8;1005,1;1004,5;1753,1;22,6;11,3;22,9;22,2;11,9;10,8;46;41;44;105;5,5;2,7;
2026/05/03;2000 UTC;0;1004,2;1004,5;1004;1038,2;22,8;11,5;23;22,5;12,3;10,8;48;40;44;114;4,8;2,6;
2026/05/03;2100 UTC;0;1004,1;1004,2;1004;277,3;21,2;11,2;22,5;18,8;11,8;10,7;60;44;50;118;2,3;1,2;
2026/05/03;2200 UTC;0;1003,9;1004;1003,8;1,3;17,3;9,9;18,7;16,6;11,2;9,2;73;59;63;126;1,8;1,3;
2026/05/03;2300 UTC;0;1003,7;1004,1;1003,4;0;16,2;9,2;17;15,2;10,8;8,9;71;60;65;123;2,3;1,3;
2026/05/04;0000 UTC;0;1003,8;1004;1003,5;0;15,7;9,4;16;15,2;10,5;8,9;73;66;69;111;2,4;1,2;
2026/05/04;0100 UTC;0;1003,5;1003,8;1003,4;0;14,9;9,5;15,7;14,3;9,8;9,3;76;68;73;111;1,9;1,2;
2026/05/04;0200 UTC;0;1003,5;1003,7;1003,4;0;14,4;9,7;14,6;14,1;10,2;9,2;80;74;77;95;2,4;1,2;
2026/05/04;0300 UTC;0;1003;1003,4;1002,7;0;14,4;9,8;14,6;14,3;10,2;9,5;80;75;77;94;2,1;,8;
2026/05/04;0400 UTC;0;1002,6;1002,7;1002,6;0;14,5;9,6;14,7;14,4;9,8;9,5;76;74;75;121;1,8;,8;
2026/05/04;0500 UTC;0;;;;0;;;;;;;;;;80;2,5;1,2;
2026/05/04;0600 UTC;0;;;;0;;;;;;;;;;93;2,1;1,2;
2026/05/04;0700 UTC;0;;;;0;;;;;;;;;;128;1,1;,7;
2026/05/04;0800 UTC;0;;;;0;;;;;;;;;;65;2,5;1,3;
2026/05/04;0900 UTC;0;;;;0;;;;;;;;;;57;1,7;,9;
2026/05/04;1000 UTC;0;;;;0;;;;;;;;;;74;1,9;,8;
2026/05/04;1100 UTC;0;;;;35,3;;;;;;;;;;52;2,6;1;
2026/05/04;1200 UTC;0;;;;174,3;;;;;;;;;;59;3,8;1,6;
2026/05/04;1300 UTC;;;;;;;;;;;;;;;;;;
2026/05/04;1400 UTC;,4;;;;420,7;;;;;;;;;;55;2,9;1,7;
2026/05/04;1500 UTC;,2;;;;666,5;;;;;;;;;;74;1,7;,3;
2026/05/04;1600 UTC;0;;;;1442;;;;;;;;;;96;4;2,4;
2026/05/04;1700 UTC;0;;;;2023,8;;;;;;;;;;95;2,3;1;
2026/05/04;1800 UTC;0;;;;1182,7;;;;;;;;;;159;1,5;,8;
2026/05/04;1900 UTC;0;;;;1479;;;;;;;;;;107;2,4;1,2;
2026/05/04;2000 UTC;0;;;;727,7;;;;;;;;;;113;2,2;1,1;
2026/05/04;2100 UTC;0;;;;233,1;;;;;;;;;;88;2,2;1,2;
2026/05/04;2200 UTC;0;;;;1,2;;;;;;;;;;122;2;1;
2026/05/04;2300 UTC;0;;;;0;;;;;;;;;;131;1,3;,8;
2026/05/05;0000 UTC;0;;;;0;;;;;;;;;;94;2,8;1,6;
2026/05/05;0100 UTC;0;;;;0;;;;;;;;;;80;2,5;1,2;
2026/05/05;0200 UTC;0;;;;0;;;;;;;;;;68;2,2;1;
2026/05/05;0300 UTC;0;;;;0;;;;;;;;;;76;2,4;,9;
2026/05/05;0400 UTC;0;;;;0;;;;;;;;;;46;2,8;1,3;
2026/05/05;0500 UTC;0;;;;0;;;;;;;;;;75;2,3;,9;
2026/05/05;0600 UTC;0;;;;0;;;;;;;;;;64;2,5;1,1;
2026/05/05;0700 UTC;0;;;;0;;;;;;;;;;51;2,9;1,2;
2026/05/05;0800 UTC;0;;;;0;;;;;;;;;;56;3,8;1,6;
2026/05/05;0900 UTC;0;;;;0;;;;;;;;;;77;2,4;,9;
2026/05/05;1000 UTC;0;;;;0;;;;;;;;;;52;2,7;1,6;
2026/05/05;1100 UTC;0;;;;381,3;;;;;;;;;;82;2,3;,9;
2026/05/05;1200 UTC;0;;;;1070,6;;;;;;;;;;64;3,6;2,2;
2026/05/05;1300 UTC;0;;;;1722,8;;;;;;;;;;23;5,6;3,7;
2026/05/05;1400 UTC;0;;;;2235,4;;;;;;;;;;22;5,2;4,1;
2026/05/05;1500 UTC;0;;;;2457,1;;;;;;;;;;128;6,8;5,5;
2026/05/05;1600 UTC;0;;;;2458,6;;;;;;;;;;67;6,8;5,8;
2026/05/05;1700 UTC;0;;;;2302,2;;;;;;;;;;207;7;5,4;
2026/05/05;1800 UTC;0;;;;1847,7;;;;;;;;;;26;7,3;6,3;
2026/05/05;1900 UTC;0;;;;1278,5;;;;;;;;;;198;6,1;3,6;
2026/05/05;2000 UTC;0;;;;592,2;;;;;;;;;;46;3,3;2,4;
2026/05/05;2100 UTC;0;;;;19,4;;;;;;;;;;41;1,8;1;
2026/05/05;2200 UTC;0;;;;0;;;;;;;;;;41;2,6;1,4;
2026/05/05;2300 UTC;0;;;;0;;;;;;;;;;49;2,4;1,2;
2026/05/06;0000 UTC;0;;;;0;;;;;;;;;;53;2,5;1,3;
2026/05/06;0100 UTC;0;;;;0;;;;;;;;;;41;1,9;1,2;
2026/05/06;0200 UTC;0;;;;0;;;;;;;;;;17;2,2;1,8;
2026/05/06;0300 UTC;0;;;;0;;;;;;;;;;36;2,2;1,6;
2026/05/06;0400 UTC;0;;;;0;;;;;;;;;;70;2,1;1,2;
2026/05/06;0500 UTC;0;;;;0;;;;;;;;;;73;2,1;1,2;
2026/05/06;0600 UTC;0;;;;0;;;;;;;;;;77;2,8;1,7;
2026/05/06;0700 UTC;0;;;;0;;;;;;;;;;52;2,6;1,2;
2026/05/06;0800 UTC;0;;;;0;;;;;;;;;;37;2,1;1,4;
2026/05/06;0900 UTC;0;;;;0;;;;;;;;;;54;2,8;1,8;
2026/05/06;1000 UTC;0;;;;0;;;;;;;;;;45;3,1;1,6;
2026/05/06;1100 UTC;0;;;;277,9;;;;;;;;;;77;4;1,4;
2026/05/06;1200 UTC;0;;;;1097,2;;;;;;;;;;29;3;2,3;
2026/05/06;1300 UTC;0;;;;1735,5;;;;;;;;;;20;6;4,4;
2026/05/06;1400 UTC;0;;;;1493,3;;;;;;;;;;38;5,3;3,3;
2026/05/06;1500 UTC;0;;;;1631,1;;;;;;;;;;35;5,8;3,6;
2026/05/06;1600 UTC;0;;;;2148;;;;;;;;;;56;5,2;3,7;
2026/05/06;1700 UTC;0;;;;1582,7;;;;;;;;;;65;5,9;4,8;
2026/05/06;1800 UTC;0;;;;1129,5;;;;;;;;;;12;7,8;5,9;
2026/05/06;1900 UTC;0;;;;643,6;;;;;;;;;;67;6;4,5;
2026/05/06;2000 UTC;0;;;;296,5;;;;;;;;;;30;2,6;1,7;
2026/05/06;2100 UTC;0;;;;17;;;;;;;;;;42;3,1;2,2;
2026/05/06;2200 UTC;0;;;;0;;;;;;;;;;36;3;2;
2026/05/06;2300 UTC;0;;;;0;;;;;;;;;;62;2,3;1,4;
2026/05/07;0000 UTC;0;;;;0;;;;;;;;;;48;3;2,1;
2026/05/07;0100 UTC;0;;;;0;;;;;;;;;;30;3,1;2;
2026/05/07;0200 UTC;0;;;;0;;;;;;;;;;36;2,5;1,4;
2026/05/07;0300 UTC;0;;;;0;;;;;;;;;;41;3,7;2;
2026/05/07;0400 UTC;0;;;;0;;;;;;;;;;109;1,8;1;
2026/05/07;0500 UTC;0;;;;0;;;;;;;;;;27;3,7;2,4;
2026/05/07;0600 UTC;0;;;;0;;;;;;;;;;23;7,7;6;
2026/05/07;0700 UTC;0;;;;0;;;;;;;;;;20;7,3;5,1;
2026/05/07;0800 UTC;0;;;;0;;;;;;;;;;45;7,6;4,8;
2026/05/07;0900 UTC;0;;;;0;;;;;;;;;;121;7,3;5,3;
2026/05/07;1000 UTC;0;;;;0;;;;;;;;;;61;8,9;6,5;
2026/05/07;1100 UTC;0;;;;177,1;;;;;;;;;;311;9,3;6,7;
2026/05/07;1200 UTC;0;;;;400;;;;;;;;;;335;6,2;4,6;
2026/05/07;1300 UTC;0;;;;1066;;;;;;;;;;320;6,5;4,3;
2026/05/07;1400 UTC;0;;;;1090,2;;;;;;;;;;287;16,6;11,3;
2026/05/07;1500 UTC;0;;;;1884;;;;;;;;;;155;11,8;7,9;
2026/05/07;1600 UTC;0;;;;1152;;;;;;;;;;289;12,3;9,2;
2026/05/07;1700 UTC;0;;;;1131,4;;;;;;;;;;240;12;8,5;
2026/05/07;1800 UTC;0;;;;601,9;;;;;;;;;;316;12,4;7,5;
2026/05/07;1900 UTC;0;;;;273,3;;;;;;;;;;329;6,9;4,6;
2026/05/07;2000 UTC;0;;;;17,8;;;;;;;;;;330;9,5;4,7;
2026/05/07;2100 UTC;0;;;;0;;;;;;;;;;317;5,6;3,9;
2026/05/07;2200 UTC;,2;;;;4,4;;;;;;;;;;219;10,7;6,9;
2026/05/07;2300 UTC;0;;;;0;;;;;;;;;;232;7,9;5,8;
2026/05/08;0000 UTC;0;;;;1;;;;;;;;;;223;9,3;6,6;
2026/05/08;0100 UTC;,2;;;;0;;;;;;;;;;236;10;5;
2026/05/08;0200 UTC;0;;;;0;;;;;;;;;;219;4,7;2,6;
2026/05/08;0300 UTC;0;;;;0;;;;;;;;;;70;2,1;2;
2026/05/08;0400 UTC;0;;;;0;;;;;;;;;;271;2,9;2,1;
2026/05/08;0500 UTC;0;;;;0;;;;;;;;;;246;5,2;4;
2026/05/08;0600 UTC;0;;;;0;;;;;;;;;;251;5,1;3,5;
2026/05/08;0700 UTC;0;;;;0;;;;;;;;;;235;5,4;4,2;
2026/05/08;0800 UTC;0;;;;0;;;;;;;;;;241;4,4;3,1;
2026/05/08;0900 UTC;0;;;;0;;;;;;;;;;266;3,2;1,9;
2026/05/08;1000 UTC;0;;;;0;;;;;;;;;;309;2,1;1,9;
2026/05/08;1100 UTC;0;;;;610,2;;;;;;;;;;308;2,5;1,8;
2026/05/08;1200 UTC;0;;;;1348,1;;;;;;;;;;270;5,3;4,1;
2026/05/08;1300 UTC;0;;;;1876,4;;;;;;;;;;267;4,5;3,6;
2026/05/08;1400 UTC;0;;;;2431,6;;;;;;;;;;252;4,5;3,4;
2026/05/08;1500 UTC;0;;;;2665,4;;;;;;;;;;290;6,5;5,5;
2026/05/08;1600 UTC;0;;;;2610,5;;;;;;;;;;256;5,2;3,6;
2026/05/08;1700 UTC;0;;;;2390;;;;;;;;;;267;5,8;3,9;
2026/05/08;1800 UTC;0;;;;1914,4;;;;;;;;;;283;4,6;2,8;
2026/05/08;1900 UTC;0;;;;1335,2;;;;;;;;;;257;6,6;4;
2026/05/08;2000 UTC;0;;;;580,5;;;;;;;;;;262;4,8;3,7;
2026/05/08;2100 UTC;0;;;;14,2;;;;;;;;;;267;3,7;2,2;
2026/05/08;2200 UTC;0;;;;0;;;;;;;;;;264;2,2;1,8;
2026/05/08;2300 UTC;0;;;;0;;;;;;;;;;249;2,6;1,9;
2026/05/09;0000 UTC;0;;;;0;;;;;;;;;;254;2,7;2,1;
2026/05/09;0100 UTC;0;;;;0;;;;;;;;;;221;2,4;1,6;
2026/05/09;0200 UTC;0;;;;0;;;;;;;;;;227;1,8;1,6;
2026/05/09;0300 UTC;0;;;;0;;;;;;;;;;237;2,5;2,1;
2026/05/09;0400 UTC;0;1002,6;1002,7;1002,5;0;9,2;7;9,5;8,9;7,4;6,6;93;86;89;219;1,7;,9;
2026/05/09;0500 UTC;0;1003,1;1003,4;1002,6;0;9,8;6,3;10;9,5;7;5,6;86;78;82;221;1,6;,9;
2026/05/09;0600 UTC;0;1003,5;1003,8;1003,3;0;9,5;6,7;9,8;8,8;7,4;5,9;93;81;86;276;1,2;,5;
2026/05/09;0700 UTC;0;1003,6;1003,9;1003,4;0;8,5;6,5;9,1;7,6;7,5;6;95;85;90;177;2;1,1;
2026/05/09;0800 UTC;0;1003,3;1003,5;1003,1;0;7,6;6;7,9;7,4;6,4;5,7;94;89;92;176;3,5;2,3;
2026/05/09;0900 UTC;0;1003,9;1004,5;1003,2;0;7,1;6,3;7,6;6,7;6,6;6,1;98;93;96;18;1,6;1,2;
2026/05/09;1000 UTC;0;1005,2;1005,5;1004,6;0;8,2;6,8;8,8;7;7,6;6,1;98;87;93;49;1,7;1;
2026/05/09;1100 UTC;0;1006;1006,5;1005,4;28,4;8,9;7,7;9,2;8,6;8,5;6,8;97;90;94;291;,6;,4;
2026/05/09;1200 UTC;0;1006,8;1007,2;1006,5;223,8;9,6;8,6;10,1;9,2;9;8,1;97;92;95;192;3,3;2,1;
2026/05/09;1300 UTC;0;1007,7;1008,5;1006,9;453;10,7;7,5;11,4;10,2;9,1;5,2;94;70;84;297;2,2;1,2;
2026/05/09;1400 UTC;0;1008,5;1008,6;1008,3;955,2;12,3;5,7;12,8;11,4;7,8;4,1;77;59;67;286;2;1,1;
2026/05/09;1500 UTC;0;1008,5;1008,6;1008,3;1140,1;13,4;5,6;14,2;12,7;6,4;4,1;68;52;61;311;2,7;1,8;
2026/05/09;1600 UTC;0;1008,4;1008,6;1008,1;1763,1;15;5,4;16,2;14,3;6,5;4,5;57;47;52;269;5,1;2,6;
2026/05/09;1700 UTC;0;1008;1008,3;1007,6;2316,4;16,3;6,3;17;15,4;7,6;4,6;54;45;50;253;7;4,1;
2026/05/09;1800 UTC;0;1007,5;1007,7;1007,2;1831,6;16,7;7;17,2;16,2;7,6;6,3;55;48;51;247;7,8;4,6;
2026/05/09;1900 UTC;0;1007,2;1007,5;1007,1;1595,7;16,7;7,1;17,1;16,4;7,7;6,4;56;49;52;232;8,1;4,5;
2026/05/09;2000 UTC;0;1007,3;1007,6;1006,9;941,5;15,9;6,5;16,4;15,3;7,2;6,1;56;51;53;220;7,4;4,1;
2026/05/09;2100 UTC;0;1008,1;1008,6;1007,6;254,3;14,5;6,6;15,2;13,4;7,2;6,1;66;56;60;232;6;2,9;
2026/05/09;2200 UTC;0;1009,1;1009,6;1008,6;1,3;13;6,9;13,3;12,8;7,4;6,5;72;66;69;214;6,4;2,5;
2026/05/09;2300 UTC;0;1010,1;1010,4;1009,6;0;12,5;7,1;12,8;11,7;7,7;6,5;76;71;73;209;3,4;1,4;
2026/05/10;0000 UTC;0;1010,9;1011,4;1010,4;0;11,4;7,3;11,7;11,2;8;6,8;83;76;80;220;1,7;,7;
2026/05/10;0100 UTC;0;1011,9;1012,4;1011,5;0;11,3;7,9;11,4;11,1;8,8;7,1;88;79;83;261;1,7;1;
2026/05/10;0200 UTC;0;1012,6;1012,9;1012,3;0;11;7,9;11,3;10,6;8,8;7,2;89;80;84;247;3,4;2,1;
2026/05/10;0300 UTC;0;1013,2;1013,6;1012,9;0;10,6;7,4;10,7;10,4;8,2;6,7;88;80;84;249;5,6;2,3;
2026/05/10;0400 UTC;0;1013,5;1013,7;1013,3;0;9,6;7,5;10,4;9,3;7,7;7,3;91;85;89;251;3,4;2,3;
2026/05/10;0500 UTC;0;1013,3;1013,4;1013,1;0;9;7,3;9,3;8,5;7,6;6,9;95;89;92;255;3,5;2,3;
2026/05/10;0600 UTC;0;1012,9;1013,2;1012,5;0;8,9;7,3;9;8,8;7,6;7;93;90;92;256;3,6;2,5;
2026/05/10;0700 UTC;0;1012,4;1012,6;1012,2;0;8,7;6,7;8,8;8,5;7,2;6,4;92;89;90;263;4,6;2,8;
2026/05/10;0800 UTC;0;1012;1012,2;1011,9;0;8,3;6,5;8,5;8,2;6,7;6,4;92;90;91;256;3,6;2,5;
2026/05/10;0900 UTC;0;1012;1012,2;1011,9;0;8;6,4;8,2;7,9;6,6;6,2;93;91;92;249;3,1;1,7;
2026/05/10;1000 UTC;0;1012,3;1012,7;1012,1;0;8,2;6,9;8,3;8;7,2;6,4;95;92;94;244;3,4;2,1;
2026/05/10;1100 UTC;;;;;;;;;;;;;;;;;;
2026/05/10;1200 UTC;;;;;;;;;;;;;;;;;;
2026/05/10;1300 UTC;;;;;;;;;;;;;;;;;;
2026/05/10;1400 UTC;0;1013,3;1013,4;1013,3;980,5;12,3;5,9;12,4;12,2;6,2;5,6;70;67;68;236;5,2;3,2;
2026/05/10;1500 UTC;0;1013;1013,4;1012,5;1393,6;12,5;5,6;13;12;6,4;4,9;70;60;65;243;3,2;1,6;
2026/05/10;1600 UTC;0;1012,5;1012,6;1012,3;1947,7;13,5;5,7;14,6;12,8;6,5;5,1;67;55;61;240;4,6;1,8;
2026/05/10;1700 UTC;0;1012;1012,4;1011,7;2115,5;14,5;6,1;15,2;14;6,9;5,5;61;55;58;263;4,7;2,7;
2026/05/10;1800 UTC;0;1011,3;1011,7;1011;1397;14,6;6,1;15,2;14,2;6,8;5,4;60;54;57;262;4;2,2;
2026/05/10;1900 UTC;0;1011;1011,1;1010,9;849,9;14,9;5,9;15,6;14,4;6,8;5;61;51;55;248;5,6;2,9;
2026/05/10;2000 UTC;0;1011,2;1011,3;1011,2;281,3;14,5;5,8;14,5;14,4;6;5,7;58;56;57;219;3,7;2,3;
2026/05/10;2100 UTC;0;1011,3;1011,4;1011,2;143,6;13,9;6,1;14,4;13,2;6,5;5,7;66;57;61;227;2,8;1,4;
2026/05/10;2200 UTC;0;1011,5;1011,6;1011,4;,2;12,1;6,3;13,2;11,3;7,3;5,7;77;66;71;215;2,8;1,2;
2026/05/10;2300 UTC;0;1011,8;1012;1011,5;0;10,6;6,2;11,5;10;6,5;5,8;82;72;78;249;2,1;1,1;
2026/05/11;0000 UTC;0;1012,1;1012,4;1011,9;0;10;6,7;10,5;9,5;7;6,2;86;81;84;253;1,6;,9;
2026/05/11;0100 UTC;0;1012,5;1012,7;1012,3;0;9,1;6,8;9,4;8,6;7;6,6;91;87;88;281;1,5;,7;
2026/05/11;0200 UTC;0;1012,8;1012,9;1012,7;0;8,4;6,8;8,8;7,9;7;6,6;95;90;92;276;,8;,6;
2026/05/11;0300 UTC;0;1012,7;1012,8;1012,7;0;7,7;7,3;7,8;7,6;7,5;7,1;98;97;98;43;,9;,7;
2026/05/11;0400 UTC;0;1012,6;1012,7;1012,4;0;7,1;7;7,5;6,8;7,3;6,5;100;97;99;38;1,9;1,1;
2026/05/11;0500 UTC;0;1012,1;1012,4;1011,9;0;6,8;6,7;7;6,3;7;6,2;100;98;100;12;2,3;1,9;
2026/05/11;0600 UTC;0;1011,6;1012;1011,5;0;6,2;6,3;6,6;6;6,7;6;100;100;100;305;,5;,4;
2026/05/11;0700 UTC;0;1011,4;1011,6;1011,2;0;5,8;5,8;6,2;5,3;6,2;5,4;100;100;100;261;,5;,3;
2026/05/11;0800 UTC;0;1011,2;1011,3;1011,1;0;5,3;5,4;5,9;4,6;5,9;4,7;100;100;100;23;1,2;,8;
2026/05/11;0900 UTC;0;1011,2;1011,4;1011;0;5,1;5,2;5,6;4,6;5,6;4,7;100;100;100;71;1,5;,7;
2026/05/11;1000 UTC;;;;;;;;;;;;;;;;;;
2026/05/11;1100 UTC;0;1012,2;1012,3;1012;56,5;4,9;5;5,2;4,5;5,2;4,6;100;100;100;38;1,6;1;
2026/05/11;1200 UTC;0;1012,5;1012,7;1012,3;383,6;5,8;5,9;6,4;5,1;6,4;5,2;100;100;100;29;2,3;1,4;
2026/05/11;1300 UTC;0;1012,8;1012,9;1012,7;1322,4;7,9;7,8;9,4;6,4;9,2;6,5;100;94;99;58;2;1,2;
2026/05/11;1400 UTC;0;1012,8;1013;1012,6;2104,4;11,3;7,2;12,7;9,4;8,6;5,5;95;65;79;235;4,1;2,9;
2026/05/11;1500 UTC;0;1012,5;1012,6;1012,2;2478,1;13,9;4,8;14,6;12,8;6,7;3,2;69;47;55;225;4,5;1,8;
2026/05/11;1600 UTC;0;1011,9;1012,2;1011,5;2616,3;15,3;5,3;16,2;14,4;6,4;4,1;56;42;50;270;3,7;1,8;
2026/05/11;1700 UTC;0;1011,1;1011,4;1010,6;2516,3;16,2;5,4;17,1;15,6;6,7;4,4;51;43;46;286;8,4;2,2;
2026/05/11;1800 UTC;0;1010,6;1010,8;1010,3;2179,8;17;5,6;17,4;16,6;6,6;4,9;47;39;43;202;2,6;1,3;
2026/05/11;1900 UTC;0;1010,1;1010,3;1010;1649,1;17,7;5,8;18,2;17,2;7,2;4,9;47;36;41;274;3,6;1,7;
2026/05/11;2000 UTC;0;1009,9;1010;1009,8;946,1;17,8;5,7;18;17,6;6,5;5;43;36;39;286;2;1,2;
2026/05/11;2100 UTC;0;1009,7;1009,8;1009,6;232,7;17,2;6,4;18,1;15,3;7,8;5,6;58;39;46;314;,9;,5;
2026/05/11;2200 UTC;0;1009,7;1009,8;1009,6;,2;14,1;5,8;15,2;13,4;6,6;5,3;65;52;58;178;1,8;1;
2026/05/11;2300 UTC;0;1009,9;1010;1009,8;0;13,5;5,1;13,7;12,8;6;4,6;61;55;58;132;1,4;,6;
2026/05/12;0000 UTC;0;1010;1010,1;1009,9;0;11,3;5,1;12,7;9,8;6,6;4,2;79;60;69;320;1,3;,9;
2026/05/12;0100 UTC;0;1010;1010,1;1009,9;0;10,1;5,3;11;9;7,1;3,9;90;66;76;33;2,1;1,8;
2026/05/12;0200 UTC;0;1009,9;1010;1009,8;0;9,7;8,2;10;9,5;9,4;6,3;99;82;92;60;2,6;1,2;
2026/05/12;0300 UTC;0;1009,8;1009,8;1009,7;0;9,1;6,9;9,5;8,7;8;6,4;94;85;89;46;2;1,2;
2026/05/12;0400 UTC;0;1009,8;1009,9;1009,8;0;7,8;6,2;8,7;7;6,6;5,7;96;89;92;16;2,4;1,8;
2026/05/12;0500 UTC;0;1009,7;1009,9;1009,5;0;7,6;7,3;7,9;7,2;7,9;5,9;100;93;98;30;1,9;1,2;
2026/05/12;0600 UTC;0;1009,1;1009,1;1009,1;0;5,7;5,8;5,9;5,4;6;5,5;100;100;100;230;,7;,5;
2026/05/12;0700 UTC;0;1008,9;1009,1;1008,7;0;5,1;5,2;5,4;4,9;5,5;4,9;100;100;100;39;1,7;1,2;
2026/05/12;0800 UTC;0;1008,6;1008,7;1008,5;0;5;5;5,3;4,7;5,4;4,8;100;100;100;48;3,1;1,8;
2026/05/12;0900 UTC;,2;1008,5;1008,6;1008,4;0;5,3;5,4;5,7;5,2;5,7;5,2;100;100;100;38;2,9;1,9;
2026/05/12;1000 UTC;0;1008,8;1009;1008,6;0;5,9;5,9;6;5,7;6,1;5,8;100;100;100;43;1,9;1,1;
2026/05/12;1100 UTC;0;1009,1;1009,4;1008,9;58,4;5,5;5,6;5,9;5,3;6;5,4;100;100;100;45;2,1;1,1;
2026/05/12;1200 UTC;0;1009,6;1009,7;1009,4;432,2;6,2;6,2;6,9;5,5;7;5,6;100;100;100;43;3,3;1,4;
2026/05/12;1300 UTC;0;1009,7;1009,8;1009,6;1271;8,2;8,2;9,8;6,9;9,9;7;100;100;100;67;2,6;1,5;
2026/05/12;1400 UTC;0;1009,4;1009,8;1009,1;2112,2;11,9;9;13,9;9,9;10,3;7,6;100;74;86;182;4,3;2,4;
2026/05/12;1500 UTC;0;1008,9;1009,2;1008,5;2475,5;15,2;8,6;16,4;13,9;9,6;7,9;78;60;67;180;3,8;1,9;
2026/05/12;1600 UTC;0;1007,8;1008,5;1007,3;2623,4;17,9;8,4;19;16,6;9,6;7,3;64;43;53;303;3,9;2,4;
2026/05/12;1700 UTC;0;1006,7;1007,2;1006,2;2513;19,7;9;20,3;18,9;9,9;8,3;51;40;47;286;4,3;2,7;
2026/05/12;1800 UTC;0;1005,9;1006,2;1005,5;2175;20,7;9;21,1;20,4;9,8;8,4;45;39;42;247;4,2;1,9;
2026/05/12;1900 UTC;0;1005,1;1005,5;1004,8;1635,8;21,2;9,4;21,5;20,8;10,7;8,9;47;38;41;276;3,3;1,8;
2026/05/12;2000 UTC;0;1004,6;1004,8;1004,5;937,2;21,3;9,3;21,5;21,1;10,4;8,7;44;37;40;277;2,2;1,1;
2026/05/12;2100 UTC;0;1004,4;1004,5;1004,4;222,8;20,2;9,9;21,2;18,1;10,5;9,2;60;41;49;233;1,2;,8;
2026/05/12;2200 UTC;0;1004,6;1004,7;1004,4;,1;17,1;9;18;16,5;9,6;8,6;64;56;60;213;1,1;,7;
2026/05/12;2300 UTC;0;1004,8;1005;1004,7;0;15,6;8,4;16,6;14,4;8,9;7,9;71;59;64;52;1,2;,5;
2026/05/13;0000 UTC;0;1005,1;1005,2;1004,9;0;13,8;10,3;14,6;12,4;12;8,4;91;70;82;16;3,3;2,6;
2026/05/13;0100 UTC;0;1005,5;1005,8;1005,3;0;12,1;10,8;12,6;11,3;11,3;10,2;96;88;93;331;1,6;,5;
2026/05/13;0200 UTC;0;1005,8;1005,9;1005,7;0;11,1;10,7;11,3;10,7;11,1;10,4;100;96;98;48;1;,6;
2026/05/13;0300 UTC;0;1005,8;1006;1005,7;0;10,7;10,7;11;10,1;11;9,9;100;98;100;24;2,2;1,5;
2026/05/13;0400 UTC;0;1006;1006,1;1005,8;0;10,4;10,3;10,8;10;10,8;9,7;100;98;99;42;2;1,1;
2026/05/13;0500 UTC;0;1006;1006,3;1005,8;0;9,6;9,7;10,1;8,6;10,2;8,7;100;100;100;22;3;1,9;
2026/05/13;0600 UTC;0;1005,9;1006;1005,8;0;9;9,1;9,7;8,3;9,8;8,3;100;100;100;58;1,3;,6;
2026/05/13;0700 UTC;0;1005,8;1005,9;1005,7;0;7,9;8;8,5;7,3;8,5;7,4;100;100;100;41;,9;,6;
2026/05/13;0800 UTC;0;1005,9;1006,1;1005,7;0;7,4;7,5;7,8;6,8;7,9;6,8;100;100;100;26;3,3;2,2;
2026/05/13;0900 UTC;0;1006,1;1006,2;1005,9;0;7,2;7,2;7,8;6,9;7,8;7;100;100;100;71;3;1,8;
2026/05/13;1000 UTC;0;1006,2;1006,4;1006,1;0;7;7,1;7,7;6,7;7,8;6,8;100;100;100;37;4,1;2,6;
2026/05/13;1100 UTC;0;1006,6;1006,8;1006,4;23,4;6,8;6,9;7,2;6,4;7,2;6,5;100;100;100;68;1,8;,8;
2026/05/13;1200 UTC;;;;;;;;;;;;;;;;;;
2026/05/13;1300 UTC;0;1007;1007,2;1006,8;968,9;9,3;9,3;10,4;8,1;10,5;8,1;100;100;100;35;3,5;2,1;
2026/05/13;1400 UTC;0;1006,9;1007,2;1006,5;1869;12,5;11,5;14,6;10,4;12,5;10,5;100;82;95;8;13,4;11,4;
2026/05/13;1500 UTC;0;1006,3;1006,6;1005,9;2390,4;16,9;11,4;18,4;14,8;12,6;9,4;85;56;72;0;13,8;13,8;
2026/05/13;1600 UTC;0;1005,8;1006;1005,4;2540,4;19,2;10,8;19,9;18,2;11,6;9,1;64;53;58;133;2,1;1,2;
2026/05/13;1700 UTC;0;1005;1005,5;1004,6;2440,6;20,6;11;21,2;19,9;11,9;10,4;58;48;52;246;2,7;1;
2026/05/13;1800 UTC;0;1004,1;1004,6;1003,9;2123,2;21,4;11,1;21,9;20,8;12,3;10,4;56;44;48;255;3,4;1,4;
2026/05/13;1900 UTC;0;1003,7;1003,9;1003,6;1585,2;21,9;11;22,4;21,5;11,8;10,2;49;43;45;159;1,8;,6;
2026/05/13;2000 UTC;0;1003,5;1003,6;1003,4;887,1;22,1;11,2;22,5;21,6;12;10,8;51;43;46;329;1,7;1,2;
2026/05/13;2100 UTC;0;1003,3;1003,4;1003,2;210;20,7;11,8;21,9;18,8;13;10,8;64;47;55;305;,5;,3;
2026/05/13;2200 UTC;0;1003,4;1003,7;1003,2;,1;17,5;10,3;18,7;16;10,7;9,8;73;58;64;173;2,2;1,2;
2026/05/13;2300 UTC;0;1003,7;1003,9;1003,6;0;16,6;10,1;17,5;15,4;10,6;9,7;73;63;68;163;2,5;2;
2026/05/14;0000 UTC;0;1003,9;1004;1003,9;0;15,2;9,9;16,2;14,3;10,3;9,4;76;70;73;145;2,1;1,1;
2026/05/14;0100 UTC;0;1004;1004,1;1003,9;0;14,2;9,6;15,1;13,3;9,9;9,3;82;72;77;72;1,4;,9;
2026/05/14;0200 UTC;0;1004,1;1004,1;1004;0;12,6;10,8;13,6;11,8;12;9,3;99;79;91;54;,5;,2;
2026/05/14;0300 UTC;0;1003,8;1004,1;1003,6;0;12;11,8;12,3;11,7;12,4;11,1;100;96;99;29;1,6;1;
2026/05/14;0400 UTC;0;1003,6;1003,7;1003,4;0;11,5;11,5;12;11;12,1;11;100;100;100;28;2,8;2;
2026/05/14;0500 UTC;0;1003,3;1003,4;1003,3;0;10,9;10,9;11,2;10,3;11,3;10,4;100;99;100;28;1,7;1,2;
2026/05/14;0600 UTC;0;1003,4;1003,6;1003,2;0;10,5;10,3;11;10,1;10,8;9,8;100;98;99;47;1,8;1;
2026/05/14;0700 UTC;0;1003,3;1003,4;1003,2;0;10,4;10,3;10,9;10,1;10,9;9,7;100;96;99;107;2,2;1,3;
2026/05/14;0800 UTC;0;1003,6;1004;1003,4;0;9,4;9;10,2;8,6;10;8;100;95;98;181;1,9;1,3;
2026/05/14;0900 UTC;0;988,4;1004,1;;0;8,5;8,2;9;7,6;9;7;100;95;99;108;1,1;,4;
2026/05/14;1000 UTC;0;1004,3;1004,7;1004;0;8,1;8;8,9;7,5;9;7,2;100;95;99;88;1,1;,6;
2026/05/14;1100 UTC;0;1005;1005,3;1004,6;12,5;8,2;8,3;8,8;7,7;8,9;7,8;100;100;100;28;2,1;1,5;
2026/05/14;1200 UTC;0;1005,4;1005,6;1005,3;;0;9,2;;;9,9;8,6;100;88;95;;;;
2026/05/14;1300 UTC;0;1005,9;1006,2;1005,5;;12,5;10,1;14,1;11,7;11;9,2;93;81;88;;;;
2026/05/14;1400 UTC;0;1006,2;1006,3;1006,1;;15,6;11,1;16,7;14,1;11,9;10,2;84;73;77;;;;
2026/05/14;1500 UTC;0;1005,6;1006,1;1005,1;;17,5;12,1;19;16,7;13;11,5;77;66;73;;;;
2026/05/14;1600 UTC;0;1004,9;1005,2;1004,4;;20;12,2;20,9;19;13,1;11,4;69;55;61;;;;
2026/05/14;1700 UTC;0;1004,2;1004,5;1004;;21,1;12,6;21,6;20,5;13,4;12;63;55;58;;;;
2026/05/14;1800 UTC;0;1004,1;1004,2;1004;;21,1;13,2;21,6;20,5;14,2;12,7;65;58;61;;;;
2026/05/14;1900 UTC;0;1003,8;1004;1003,6;;22;13,3;22,3;21,5;14,3;12,5;62;52;56;;;;
2026/05/14;2000 UTC;0;1003,7;1003,8;1003,6;;21,4;13,2;22,1;20,9;14,1;12,5;66;54;59;;;;
2026/05/14;2100 UTC;0;1004;1004,3;1003,8;;20,2;13,4;21;19,4;13,9;12,8;69;62;66;;;;
2026/05/14;2200 UTC;0;1004,4;1004,6;1004,2;;18,6;13;19,4;18,1;13,6;12,4;74;69;72;;;;
2026/05/14;2300 UTC;0;1004,8;1004,9;1004,6;;17,5;12,8;18,2;16,9;13;12,6;80;73;76;;;;
2026/05/15;0000 UTC;0;1005,2;1005,3;1004,9;;16,3;12,7;16,9;15,7;13,1;12,6;85;80;82;;;;
2026/05/15;0100 UTC;0;1005,3;1005,4;1005,1;0;15,6;12,6;15,9;15;13,1;12,2;88;84;85;149;4,4;2,8;
2026/05/15;0200 UTC;0;1005,6;1005,7;1005,4;0;14,5;12;15;14,1;12,2;11,7;89;86;87;164;6,3;4,3;
2026/05/15;0300 UTC;0;1006,1;1006,4;1005,6;0;14;11,7;14,4;13,7;11,8;11,6;90;87;89;160;5,1;3,1;
2026/05/15;0400 UTC;0;1006,5;1006,6;1006,2;0;13,4;11,5;13,7;13;11,7;11,4;92;90;91;164;2,6;1,6;
2026/05/15;0500 UTC;0;1006,1;1006,2;1006;0;13;11,4;13,1;12,9;11,4;11,2;92;91;92;188;3;2,1;
2026/05/15;0600 UTC;0;1005,8;1006;1005,6;0;12,7;11,2;12,9;12,4;11,4;11;93;92;92;185;3,1;1,8;
2026/05/15;0700 UTC;0;1005,5;1005,8;1005,1;0;12;10,9;12,4;11,3;11;10,7;97;92;94;121;1;,2;
2026/05/15;0800 UTC;0;1005,2;1005,5;1004,9;0;11;10,6;11,4;10,5;11;10,2;99;97;98;183;3,7;2,7;
2026/05/15;0900 UTC;0;1005,4;1005,5;1005,3;0;10,1;9,9;10,6;9,9;10,3;9,7;99;98;99;174;4,4;3;
2026/05/15;1000 UTC;0;1005,6;1005,7;1005,5;0;9,6;9,5;10;9,2;9,9;9,2;100;99;99;170;4,5;3,4;
2026/05/15;1100 UTC;0;1006,1;1006,4;1005,7;61;9,1;9,1;9,4;9;9,5;9;100;100;100;169;2,8;1,5;
2026/05/15;1200 UTC;0;1006,6;1006,8;1006,4;713,6;10,8;10,2;12,4;9,5;11,1;9,4;100;92;97;152;2,9;1,8;
2026/05/15;1300 UTC;0;1006,4;1006,5;1006,2;1278,5;14,4;11,3;15,7;12,5;11,8;10,7;93;78;85;113;5,9;2,9;
2026/05/15;1400 UTC;0;1006,4;1006,5;1006;;16,8;11,8;17,6;15,6;12,3;11,4;81;71;75;;;;
2026/05/15;1500 UTC;0;1005,6;1006,1;1005,1;;18,5;12,3;19,3;17,5;13;11,9;72;65;69;;;;
2026/05/15;1600 UTC;0;1004,5;1005,1;1004,1;;20,2;12,9;21;19,4;13,9;12,4;67;59;63;;;;
2026/05/15;1700 UTC;0;1003,5;1004,1;1003;;21,6;13,4;22,4;21;14,1;12,8;63;54;59;;;;
2026/05/15;1800 UTC;0;1002,7;1003;1002,4;;22,3;13,5;22,8;22;14;13,1;59;54;56;;;;
2026/05/15;1900 UTC;0;1002,3;1002,4;1002,1;;22,6;13,6;23;22,3;14,1;13,2;57;52;55;;;;
2026/05/15;2000 UTC;0;1002;1002,1;1001,8;;22,1;13,6;22,6;21,4;14,1;13,2;61;53;58;;;;
2026/05/15;2100 UTC;0;1001,9;1001,9;1001,8;;20,1;13,3;21,4;18,5;13,8;12,7;71;60;66;;;;
2026/05/15;2200 UTC;0;1001,8;1001,9;1001,7;;17,8;12,3;18,5;17,2;12,7;12,1;74;71;73;;;;
2026/05/15;2300 UTC;0;1001,8;1002;1001,7;;16,1;11,9;17;15,8;12,1;11,7;80;75;79;;;;
2026/05/16;0000 UTC;0;1002,1;1002,3;1002;;15,8;11,5;16;15,6;11,7;11,3;79;78;78;;;;
2026/05/16;0100 UTC;0;1002,5;1002,8;1002,3;0;15;11,3;15,6;14,1;11,4;11,2;87;79;82;141;2,7;1;
2026/05/16;0200 UTC;0;1002,8;1002,9;1002,7;0;13,7;11,5;14,1;13,6;11,6;11,4;90;87;89;137;1,8;1,2;
2026/05/16;0300 UTC;0;1002,9;1003;1002,8;0;13,1;11,5;13,6;12,9;11,5;11,4;93;90;92;140;2,1;1,3;
2026/05/16;0400 UTC;0;1002,6;1002,8;1002,3;0;12,6;11,3;12,8;12,2;11,5;11,1;95;93;93;155;1,5;,7;
2026/05/16;0500 UTC;0;1002;1002,3;1001,8;0;12,1;11,1;12,3;11,8;11,3;10,8;97;94;95;132;3;,6;
2026/05/16;0600 UTC;0;1001,9;1002;1001,9;0;11,7;11;12;11,4;11,4;10,6;99;95;96;97;1;,7;
2026/05/16;0700 UTC;0;1001,7;1002;1001,5;0;11,2;10,8;11,7;10,8;11,2;10,4;100;95;98;80;2;,8;
2026/05/16;0800 UTC;0;1001,5;1001,7;1001,3;0;11,3;10,7;11,5;11;11;10,5;98;96;97;92;2,9;1,5;
2026/05/16;0900 UTC;0;1001,4;1001,8;1001,2;0;11,1;10,6;11,2;11;10,8;10,5;98;97;98;96;2,6;,9;
2026/05/16;1000 UTC;0;1002;1002,2;1001,8;0;10,5;10,2;11;9,7;10,7;9,6;100;97;99;157;1,9;1,3;
2026/05/16;1100 UTC;0;1002,5;1002,5;1002,5;133,3;10,4;10,5;10,7;10,3;10,6;10,4;100;100;100;98;1,8;,5;
2026/05/16;1200 UTC;;;;;;;;;;;;;;;;;;
2026/05/16;1300 UTC;0;1003,2;1003,3;1003,1;1109,1;14,2;12;15;13,2;12,5;11,5;93;86;89;42;3;1,7;
2026/05/16;1400 UTC;0;1003,2;1003,3;1003,1;1616,8;15,9;12,9;16,8;15,1;13,9;12,3;88;83;85;123;3,7;2,6;
2026/05/16;1500 UTC;0;1002,8;1003,1;1002,5;1509,2;18,1;14,2;18,9;17;15,2;13,5;85;78;81;0;2,2;2,2;
2026/05/16;1600 UTC;0;1002,2;1002,5;1001,7;1166,3;19,2;14,9;19,9;18,6;15,5;14,7;82;76;79;265;,9;,5;
2026/05/16;1700 UTC;0;1001,3;1001,7;1000,9;1636,8;20,9;15,7;21,4;20;16,4;15,1;78;71;74;196;1,9;1,1;
2026/05/16;1800 UTC;0;1000,6;1000,9;1000,3;1950,4;22,3;15,7;23;21,3;16,6;14,6;73;61;67;209;2,7;1,6;
2026/05/16;1900 UTC;0;1000,2;1000,3;1000;1258,5;22,9;15,8;23,4;22,4;16,2;15,4;69;61;64;167;2,9;1;
2026/05/16;2000 UTC;0;1000;1000,1;999,9;771,4;23,2;15,8;23,7;22,8;16,4;15,3;66;60;63;197;2,8;1,4;
2026/05/16;2100 UTC;0;1000,3;1000,6;1000,1;187,3;21,8;15,8;22,9;20,6;16,1;15,5;76;64;70;208;2,1;,9;
2026/05/16;2200 UTC;0;1001;1001,3;1000,6;0;20,3;15,4;20,6;20,1;15,8;15,2;77;74;75;208;3,1;1,7;
2026/05/16;2300 UTC;0;1001,4;1001,7;1001,1;0;19,3;15;20,3;18,7;15,3;14,8;81;74;78;195;1,9;1,5;
2026/05/17;0000 UTC;0;1001,8;1002;1001,7;0;18,5;14,8;18,8;18;15,1;14,6;85;80;81;181;1,9;1,5;
2026/05/17;0100 UTC;0;1002;1002,1;1001,9;0;18;14,9;18,3;17,5;15,3;14,6;88;82;85;180;3,2;2,1;
2026/05/17;0200 UTC;0;1002,3;1002,5;1002;0;17,1;14,5;17,5;16,7;15,1;14;89;85;87;174;4,1;3,1;
2026/05/17;0300 UTC;0;1002,7;1003,1;1002,5;0;16,7;13,9;16,9;16,5;14;13,8;87;85;86;181;4,6;2,6;
2026/05/17;0400 UTC;0;1003;1003,2;1002,6;0;16,4;14;16,7;15,8;14,1;13,8;91;86;88;172;5;3,3;
2026/05/17;0500 UTC;0;1002,6;1002,7;1002,4;0;15,3;13,9;15,7;15,1;14;13,8;94;91;93;193;4;2,4;
2026/05/17;0600 UTC;0;1002,7;1003;1002,3;0;14,9;13,6;15,1;14,6;13,8;13,5;96;92;94;251;1,9;1,3;
2026/05/17;0700 UTC;0;1002,3;1002,9;1001,9;0;14,9;13,8;15,2;14,4;13,9;13,7;97;93;95;257;1,8;1;
2026/05/17;0800 UTC;0;1001,8;1002,1;1001,5;0;14,4;13,8;14,4;14,3;14;13,8;98;97;97;221;1,7;,9;
2026/05/17;0900 UTC;0;1001,7;1002,1;1001,5;0;14,6;14;14,7;14,4;14,1;13,9;98;96;97;230;2,1;1,4;
2026/05/17;1000 UTC;0;1002,1;1002,4;1001,9;0;14,2;13,9;14,5;14;14;13,8;99;98;99;174;1,8;1,2;
2026/05/17;1100 UTC;0;1002,6;1003;1002,2;43,5;14,3;14,1;14,7;14,1;14,3;13,9;99;98;99;197;3,8;2;
2026/05/17;1200 UTC;0;1003,1;1003,4;1002,9;307,7;15;14,1;15,4;14,7;14,4;14;98;94;96;201;4,8;2,6;
2026/05/17;1300 UTC;0;1003,7;1004;1003,4;661,9;15,6;14,1;16,6;14,9;14,6;13,9;96;89;92;204;5,4;2,7;
2026/05/17;1400 UTC;0;1004,1;1004,3;1004;1369,9;17,1;14,3;18,5;16,2;14,9;13,9;90;81;86;180;3;3;
2026/05/17;1500 UTC;0;1004,3;1004,4;1004,2;962,8;17,8;14,4;18,8;17,4;14,8;14,2;85;78;83;220;5,9;3,3;
2026/05/17;1600 UTC;0;1004,2;1004,4;1004,1;707,9;17;14;17,7;16,7;14,4;13,6;86;83;85;221;6,2;3,3;
2026/05/17;1700 UTC;0;1004,1;1004,2;1004;437,2;16,8;13,9;16,8;16,7;14,1;13,7;87;85;86;192;6,2;3,8;
2026/05/17;1800 UTC;0;1004,3;1004,4;1004,2;270,5;16,7;13,7;16,9;16,6;13,9;13,5;86;83;85;220;5,3;2,6;
2026/05/17;1900 UTC;0;1004,5;1004,6;1004,4;219,8;16,6;13,6;16,7;16,5;13,8;13,5;86;84;85;195;6,2;3,6;
2026/05/17;2000 UTC;0;1004,9;1005;1004,5;198,5;16,8;13,6;16,8;16,7;13,8;13,4;85;83;84;189;5,8;3,7;
2026/05/17;2100 UTC;0;1005,5;1005,9;1005;31;16,7;13,6;16,8;16,5;13,8;13,4;86;83;85;193;4,7;2,5;
2026/05/17;2200 UTC;0;1006,1;1006,3;1005,9;0;16,3;13,8;16,5;16,1;14;13,7;89;86;88;198;2,7;1,1;
2026/05/17;2300 UTC;0;1006,5;1006,8;1006,3;0;15,9;14;16,1;15,8;14,3;13,8;92;89;90;209;1,9;,9;
2026/05/18;0000 UTC;0;1007,2;1007,7;1006,8;0;16;14,1;16,1;15,8;14,3;14;92;90;91;220;3,4;2;
2026/05/18;0100 UTC;0;1007,9;1008,1;1007,7;0;15,9;13,9;16;15,7;14,4;13,6;92;89;90;188;5;3,1;
2026/05/18;0200 UTC;0;1008,1;1008,4;1007,9;0;15,4;13,5;15,7;15,2;13,8;13,1;91;89;90;183;6,8;3,9;
2026/05/18;0300 UTC;0;1008,8;1009,1;1008,3;0;15,1;12,3;15,5;14,3;13,3;11,2;90;83;86;183;7,7;4,8;
2026/05/18;0400 UTC;0;1009,1;1009,3;1009;0;13,7;10,8;14,3;12,8;11,2;10,4;88;84;85;180;4,9;2,7;
2026/05/18;0500 UTC;0;1009,4;1009,6;1009,1;0;12,2;10,3;12,7;11,7;10,4;10,2;93;89;91;192;4,2;2,3;
2026/05/18;0600 UTC;0;1009,6;1009,8;1009,5;0;11,8;10,6;11,9;11,6;10,7;10,3;95;93;94;221;2,7;1;
2026/05/18;0700 UTC;0;1009,7;1009,8;1009,5;0;11,9;10,8;12,2;11,7;11,1;10,6;96;94;95;193;5,3;3,2;
2026/05/18;0800 UTC;0;1010;1010,2;1009,7;0;12;10,8;12,2;11,3;11;10,3;95;93;94;213;3,4;1,8;
2026/05/18;0900 UTC;0;1010,1;1010,4;1010;0;10,6;10;11,3;10,2;10,3;9,8;99;95;97;192;4,7;3;
2026/05/18;1000 UTC;0;1010,7;1011,2;1010,4;0;10,2;9,9;10,3;10,1;9,9;9,8;99;98;98;182;6,2;4,2;
2026/05/18;1100 UTC;0;1011,6;1012;1011,2;40,3;10;9,7;10,3;9,9;10;9,6;99;98;99;182;5,4;3,6;
2026/05/18;1200 UTC;0;1012,3;1012,6;1012;665,9;11,6;10,4;12,7;10,3;10,8;10;99;88;94;178;8,2;5,3;
2026/05/18;1300 UTC;0;1012,8;1013,1;1012,5;1211,9;13,5;10,2;14,2;12,7;10,8;9,8;89;79;84;172;7,9;4,9;
2026/05/18;1400 UTC;0;1013,4;1013,5;1013,1;1014,8;14,2;9,7;14,9;13,5;10,2;9;83;72;78;150;7,2;3,6;
2026/05/18;1500 UTC;0;1013,3;1013,5;1013;1775,7;15,1;9,5;15,9;14,5;10,3;8,9;77;67;72;157;6,4;3,8;
2026/05/18;1600 UTC;0;1012,7;1013;1012,4;2162,5;16,5;9,5;17,1;15,4;10,3;8,9;70;61;65;177;6;3,6;
2026/05/18;1700 UTC;0;1011,9;1012,4;1011,5;2107,8;17,5;9,5;18,3;16,9;10,3;8,8;65;55;60;183;6,5;3,2;
2026/05/18;1800 UTC;0;1011,1;1011,5;1010,8;1612,9;18,2;9,6;18,7;17,4;10,5;8,8;61;53;57;188;5,8;3,4;
2026/05/18;1900 UTC;0;1010,7;1010,9;1010,5;1279,9;18,2;9;18,8;17,7;9,6;8,3;58;50;54;184;7;4,1;
2026/05/18;2000 UTC;0;1010,6;1010,7;1010,5;643,6;17,9;8,9;18,8;17,2;9,5;8,1;59;50;55;207;6;2,9;
2026/05/18;2100 UTC;0;1010,8;1010,9;1010,7;225,2;16,5;8,3;18;14,5;8,6;7,9;68;51;59;189;3,8;2,4;
2026/05/18;2200 UTC;0;1011,2;1011,5;1010,9;,1;12,8;7,7;14,4;11,8;8;7,1;77;68;74;176;3,6;2,4;
2026/05/18;2300 UTC;0;1011,6;1011,9;1011,5;0;11;6,9;11,8;10,6;7,2;6,7;82;77;80;176;3,6;2,5;
2026/05/19;0000 UTC;0;1011,9;1012,1;1011,8;0;10,4;6,8;10,7;10;6,9;6,6;83;81;82;170;4,1;2,9;
2026/05/19;0100 UTC;0;1012,1;1012,2;1012,1;0;9,6;6,3;10;9,1;6,7;6;84;82;84;171;3,8;2,7;
2026/05/19;0200 UTC;0;1012,3;1012,3;1012,1;0;9,2;5,4;9,4;8,9;6;5,2;85;79;81;181;2,7;1,8;
2026/05/19;0300 UTC;0;1012,4;1012,5;1012,3;0;8,8;5,2;9,1;8,1;5,6;5,1;87;80;82;188;1;,6;
2026/05/19;0400 UTC;0;1012,3;1012,5;1012,1;0;8;5,3;8,3;7,3;5,6;5,2;91;85;87;211;1,3;,8;
2026/05/19;0500 UTC;0;1012,1;1012,2;1012;0;7,2;5,2;7,7;6,5;5,5;4,9;92;88;90;183;2;1,5;
2026/05/19;0600 UTC;0;1011,8;1012;1011,6;0;6,7;5,3;7;6,3;5,9;4,7;96;91;93;118;,8;,5;
2026/05/19;0700 UTC;0;1011,5;1011,7;1011,3;0;6,9;4,9;7,6;6,2;5,4;4,6;93;85;90;97;1,1;,7;
2026/05/19;0800 UTC;0;1011,3;1011,4;1011,3;0;5,5;4,7;6,4;4,9;5,2;4,1;99;90;96;252;1,1;,8;
2026/05/19;0900 UTC;0;1011,3;1011,5;1011,2;0;4,6;4,4;4,9;4;4,7;4;100;98;99;252;1,4;,7;
2026/05/19;1000 UTC;0;1011,6;1011,8;1011,4;0;4,1;4,1;4,4;3,9;4,5;3,9;100;100;100;207;1,3;,8;
2026/05/19;1100 UTC;0;1012,3;1012,5;1011,8;29,5;4,1;4,2;4,7;3,8;4,8;3,9;100;100;100;212;1,2;,8;
2026/05/19;1200 UTC;0;1012,7;1012,9;1012,5;624,7;6,4;6,2;7,9;4,9;6,9;4,9;100;93;98;227;1,4;,7;
2026/05/19;1300 UTC;0;1012,8;1013;1012,7;1362,1;9,3;7,2;10,8;8;8,2;6,2;96;79;90;176;2,9;1,5;
2026/05/19;1400 UTC;0;1013;1013,1;1012,8;1925,6;12,5;7,6;14,2;11;8,7;6,7;84;68;75;161;3,4;2;
2026/05/19;1500 UTC;0;1012,7;1012,8;1012,6;2272,5;15,1;7;16,2;14,1;8;5,8;68;49;60;168;5;3;
2026/05/19;1600 UTC;0;1012,1;1012,6;1011,6;2399,5;16,4;6,7;16,9;15,9;7,6;5,9;56;46;52;192;5,3;3,1;
2026/05/19;1700 UTC;0;1011,1;1011,5;1010,6;2333,7;17,4;6,7;17,9;16,8;7,4;6;50;44;47;194;5,8;2,7;
2026/05/19;1800 UTC;0;1010,2;1010,6;1010;2015,7;17,9;7,2;18,1;17,4;7,8;6,7;50;45;46;190;5,7;3,2;
2026/05/19;1900 UTC;0;1009,9;1010,1;1009,7;1524,9;18;7,4;18,3;17,8;7,9;7,1;49;45;47;193;5;3;
2026/05/19;2000 UTC;0;1009,7;1009,8;1009,7;862,8;18;7,3;18,3;17,4;8;6,9;49;45;47;196;5,2;2,9;
2026/05/19;2100 UTC;0;1009,9;1010,2;1009,7;201,4;16,5;7,3;17,5;14,3;7,7;7;64;47;54;197;2,1;1;
2026/05/19;2200 UTC;0;1010,3;1010,5;1010,1;0;13;6,7;14,2;12;7,2;6,4;72;65;68;172;2,5;2;
2026/05/19;2300 UTC;0;1010,6;1010,6;1010,5;0;11,4;6,5;12;10,4;6,7;6,5;81;72;76;171;2,3;1,9;
2026/05/20;0000 UTC;0;1010,8;1011,1;1010,6;0;10,1;6,8;10,5;9,9;7;6,5;85;81;83;174;2,3;1,5;
2026/05/20;0100 UTC;0;1011,2;1011,5;1011;0;9,7;6,9;9,9;9,4;7,1;6,6;88;85;86;206;1,6;,9;
2026/05/20;0200 UTC;0;1011,6;1011,7;1011,5;0;9,5;6,6;9,7;9,3;6,9;6,5;87;84;86;216;1,5;1,1;
2026/05/20;0300 UTC;0;1011,9;1012,2;1011,7;0;8,6;6,9;9,3;8;7,9;6,2;98;86;91;239;1,5;1,2;
2026/05/20;0400 UTC;0;1012,1;1012,2;1012,1;0;7,8;7,7;8,2;7,6;8,2;6,9;100;96;99;245;,6;,3;
2026/05/20;0500 UTC;0;1012;1012,1;1011,8;0;6,8;6,9;7,5;6,2;7,6;6,3;100;100;100;32;1,2;,8;
2026/05/20;0600 UTC;0;1011,7;1011,8;1011,6;0;6,4;6,5;6,8;5,9;6,9;6;100;100;100;267;,6;,3;
2026/05/20;0700 UTC;0;1011,4;1011,6;1011,3;0;4,9;5;5,8;4,3;5,9;4,4;100;100;100;204;1,1;,5;
2026/05/20;0800 UTC;0;1011,4;1011,6;1011,2;0;4,4;4,5;5;4;5;4,1;100;100;100;205;1;,6;
2026/05/20;0900 UTC;0;1011,6;1011,7;1011,4;0;3,9;4;4,6;3,6;4,6;3,6;100;100;100;175;1,3;,8;
2026/05/20;1000 UTC;0;1012,1;1012,4;1011,7;0;3,9;4;4,2;3,6;4,3;3,7;100;100;100;91;,7;,4;
2026/05/20;1100 UTC;0;1013,3;1013,3;1013,2;138,9;3,4;3,5;3,4;3,4;3,5;3,4;100;100;100;21;,9;,8;
2026/05/20;1200 UTC;0;1013,8;1014,2;1013,4;331;5,2;5,3;5,9;3,5;6;3,6;100;100;100;39;4;1,5;
2026/05/20;1300 UTC;0;1014,5;1014,8;1014,2;974,8;7;7;8,4;5,7;8,5;5,7;100;100;100;256;1,5;,7;
2026/05/20;1400 UTC;0;1014,7;1014,8;1014,6;1925,9;10,3;9,7;12,6;8,4;10,5;8,5;100;83;97;100;9,5;1,6;
2026/05/20;1500 UTC;0;1014,4;1014,6;1014,1;2247,6;15,1;8,1;16,7;12,9;9,2;7;78;56;65;166;5,2;2,9;
2026/05/20;1600 UTC;0;1013,6;1014,1;1013,1;2356,5;16,9;7,8;17,8;16,2;8,6;7,2;59;50;55;177;5,9;2,4;
2026/05/20;1700 UTC;0;1012,7;1013,1;1012,1;2299,8;17,6;8,1;18,1;17,1;8,7;7,3;55;49;52;189;6,1;3,6;
2026/05/20;1800 UTC;0;1011,9;1012,1;1011,6;1979,8;18,2;8,2;18,9;17,6;9;7,6;55;46;50;205;5,9;2,8;
2026/05/20;1900 UTC;0;1011,6;1011,7;1011,5;1489,6;18,4;8;18,6;18,1;8,4;7,6;50;46;48;189;6;2,8;
2026/05/20;2000 UTC;0;1011,6;1011,6;1011,5;841,8;18,3;7,9;18,6;17,8;8,3;7,5;51;46;48;186;5,1;3,1;
2026/05/20;2100 UTC;0;1011,7;1011,7;1011,6;189,2;16,8;7,6;17,8;15,5;7,9;7,1;59;49;54;224;1,8;1,1;
2026/05/20;2200 UTC;0;1011,9;1012,2;1011,7;0;14,4;7,2;15,4;13,3;7,5;7;69;60;64;221;1,8;,6;
2026/05/20;2300 UTC;0;1012,3;1012,4;1012,1;0;12,7;7,1;13,2;12,3;7,4;7;75;69;72;199;1,4;1;
2026/05/21;0000 UTC;0;1012,6;1012,9;1012,4;0;11,3;6,8;12,8;9,9;7,1;6,6;85;71;78;256;1,9;1,5;
2026/05/21;0100 UTC;0;1013,1;1013,2;1012,9;0;10,4;7,8;11;9,8;9,1;7;92;80;87;229;1,7;1,1;
2026/05/21;0200 UTC;0;1013,3;1013,4;1013,2;0;9,4;8,5;10;8,7;9,2;8;100;92;96;245;1,1;,8;
2026/05/21;0300 UTC;0;1013,6;1013,8;1013,4;0;8,7;8,7;9;8,5;9,1;8;100;97;100;239;1,7;1,3;
2026/05/21;0400 UTC;0;1013,6;1013,8;1013,4;0;8,2;7,9;8,5;7,8;8,2;7,5;100;97;99;213;1,4;,9;
2026/05/21;0500 UTC;0;1013,2;1013,4;1013;0;8;7,9;8,2;7,6;8,3;7,4;100;98;100;231;1,4;1,2;
2026/05/21;0600 UTC;0;1013;1013,2;1012,7;0;7,2;7,3;8,1;6,6;8,1;6,7;100;100;100;186;2;1,4;
2026/05/21;0700 UTC;0;1012,7;1012,8;1012,6;0;7,2;7;7,8;6,4;7,7;6,5;100;95;99;145;3,9;2,1;
2026/05/21;0800 UTC;0;1012,8;1013;1012,6;0;7;6,2;7,5;6,8;6,7;5,8;97;94;96;153;3,3;2;
2026/05/21;0900 UTC;0;1013,1;1013,3;1012,9;0;6,3;5,4;7,1;6;5,8;5,1;97;93;95;173;2,1;1,4;
2026/05/21;1000 UTC;0;1013,8;1014,3;1013,3;0;5,7;5,4;6;5,3;5,8;5;100;96;98;231;1,5;,9;
2026/05/21;1100 UTC;0;1014,5;1014,7;1014,3;32,3;5,3;5,1;5,6;5;5,6;4,8;100;98;99;170;2,6;2,1;
2026/05/21;1200 UTC;0;1014,7;1014,9;1014,6;671,8;7,5;6,4;9,1;5,7;7,5;5,4;99;90;95;165;3,4;2,6;
2026/05/21;1300 UTC;0;1014,9;1015,1;1014,6;1273,5;10,6;7,2;11,7;9,1;7,8;6,6;92;75;83;114;4,9;2,3;
2026/05/21;1400 UTC;0;1015;1015,1;1014,8;1745,7;12,8;7,6;13,9;11,8;8,2;6,7;78;70;74;131;3,1;1,7;
2026/05/21;1500 UTC;0;1014,5;1014,8;1014,2;2187,5;15,1;8;16,1;14,1;8,6;7,4;70;59;64;109;4,9;1,7;
2026/05/21;1600 UTC;0;1014,1;1014,3;1013,7;2283;16,4;8,3;17,2;15,8;9,1;7,6;65;55;59;187;3,5;1,7;
2026/05/21;1700 UTC;0;1013,1;1013,7;1012,5;2233,1;17,4;7,9;18,2;16,8;8,6;7,1;57;48;52;171;4,8;2,9;
2026/05/21;1800 UTC;0;1012,1;1012,4;1011,9;1929,1;18,2;8,1;18,6;17,6;8,6;7,2;53;46;50;149;5,1;2,2;
2026/05/21;1900 UTC;0;1011,7;1011,9;1011,5;1394,9;18,3;8,4;18,8;18;8,9;7,9;53;47;50;192;6,4;3,2;
2026/05/21;2000 UTC;0;1011,5;1011,7;1011,4;837,8;17,9;8,5;18,3;17,4;9;8,1;56;50;53;175;5,4;3,5;
2026/05/21;2100 UTC;0;1011,8;1011,9;1011,7;209,1;16,1;8,2;17,5;14,3;8,6;7,8;68;54;61;143;3,3;1,5;
2026/05/21;2200 UTC;0;1011,8;1012,1;1011,7;0;12,9;7,6;14,2;11,1;7,8;7,4;82;68;73;173;3,2;2,4;
2026/05/21;2300 UTC;0;1012,6;1012,9;1012,1;0;11,5;7,7;12,1;11;7,8;7,5;83;78;81;168;5,9;4,3;
2026/05/22;0000 UTC;0;1013,3;1013,7;1012,8;0;10,7;7,1;11,4;10,3;7,5;6,6;83;80;82;145;5,3;2,4;
2026/05/22;0100 UTC;0;1013,9;1014,4;1013,6;0;9,9;6,2;10,2;9,4;6,6;5,8;83;81;81;129;3;1,2;
2026/05/22;0200 UTC;0;1014,2;1014,4;1014;0;8,7;5,7;9,4;8,2;5,9;5,5;88;82;85;160;2,7;2,1;
2026/05/22;0300 UTC;0;1014;1014,1;1013,8;0;8;5,7;8,3;7,7;5,9;5,5;90;88;89;158;1,7;,6;
2026/05/22;0400 UTC;0;1014;1014,1;1013,8;0;6,9;5,4;7,7;6,3;5,6;5,2;95;89;92;177;2,3;1,9;
2026/05/22;0500 UTC;0;1013,7;1014,1;1013,3;0;6,1;5;6,4;5,8;5,4;4,7;96;93;95;157;2,6;2,1;
2026/05/22;0600 UTC;0;1012,9;1013,3;1012,6;0;5,9;4,9;6,1;5,5;5;4,8;96;94;95;174;2,7;1,7;
2026/05/22;0700 UTC;0;1012,6;1012,8;1012,3;0;5,3;4,9;5,5;5,1;5;4,6;99;96;98;163;3,3;2,5;
2026/05/22;0800 UTC;0;1012,1;1012,2;1011,9;0;5,3;4,8;5,4;5,2;4,8;4,7;98;97;97;166;3,4;2,5;
2026/05/22;0900 UTC;0;1012,4;1012,7;1012,1;0;5,2;4,7;5,3;5;4,8;4,5;98;97;98;177;4;2,4;
2026/05/22;1000 UTC;0;1012,9;1013,1;1012,7;0;5,3;4,8;5,3;5,1;4,9;4,7;98;97;98;171;3,9;2,7;
2026/05/22;1100 UTC;0;1013,3;1013,6;1012,8;36,6;5,1;4,7;5,3;5;4,8;4,6;98;97;98;176;4,4;2,5;
2026/05/22;1200 UTC;0;1013,7;1014;1013,4;320;6,4;5,3;7;5,3;5,9;4,8;97;93;95;172;4;2,8;
2026/05/22;1300 UTC;0;1013,4;1013,7;1013,2;1002,1;8,7;6,1;10,3;7;6,7;5,5;94;77;87;134;4,2;1,7;
2026/05/22;1400 UTC;0;1013,4;1013,6;1013,2;1237,6;11,1;6,5;12,2;10,1;7,4;5,7;81;72;77;147;4,1;2,4;
2026/05/22;1500 UTC;0;1013;1013,3;1012,7;1413,7;13,1;6,7;13,6;12,2;7,5;5,9;75;65;68;134;3,4;1,5;
2026/05/22;1600 UTC;0;1012,3;1012,7;1011,9;1106,9;13,6;7,1;14,1;13;7,7;6,6;70;65;68;156;4,3;2,4;
2026/05/22;1700 UTC;0;1011,9;1012,1;1011,5;942,2;14,2;7,5;14,5;13,8;8;7,1;69;64;66;173;3,2;1,5;
2026/05/22;1800 UTC;0;1011,4;1011,5;1011,3;629;14,6;7,7;15;14,4;8,2;7,4;67;64;65;164;3,3;1,9;
2026/05/22;1900 UTC;0;1011,4;1011,5;1011,3;506,7;14,7;8,5;15;14,4;8,9;7,9;72;65;69;224;3,4;2;
2026/05/22;2000 UTC;0;1011,5;1011,7;1011,4;263,8;14,4;8,8;14,7;14,3;9,1;8,5;74;70;72;225;2,6;1,6;
2026/05/22;2100 UTC;0;1011,8;1012;1011,6;232,5;14,4;8,8;15,3;12,5;9,2;8,5;80;68;72;166;2,9;2,1;
2026/05/22;2200 UTC;0;1012;1012,3;1011,9;0;12,1;8,5;12,5;11,6;8,8;8,4;85;80;82;171;1,7;1,3;
2026/05/22;2300 UTC;0;1012,4;1012,4;1012,3;0;10,8;8,2;11,7;10,5;8,5;8;89;84;87;172;1,7;1,3;
2026/05/23;0000 UTC;0;1012,5;1012,8;1012,4;0;9,7;8,1;10,9;9,3;8,4;7,6;94;86;92;172;3,1;2,2;
2026/05/23;0100 UTC;0;1012,9;1013,1;1012,8;0;9,6;8,3;9,9;9,2;8,5;7,9;95;92;94;151;3,4;2,8;
2026/05/23;0200 UTC;0;1012,8;1012,9;1012,7;0;9;8,3;9,5;8,6;8,6;8,1;98;94;96;124;1,5;1,1;
2026/05/23;0300 UTC;0;1012,7;1012,8;1012,6;0;8,5;8;9,1;7,6;8,4;6,8;100;94;97;50;1,4;,6;
2026/05/23;0400 UTC;0;1012,7;1012,8;1012,6;0;8,2;8;8,7;7,5;8,7;7,2;100;98;99;58;1,3;,5;
2026/05/23;0500 UTC;0;1012,7;1012,9;1012,5;0;7,5;7,6;8;6,3;8,1;6,4;100;99;100;58;1,3;,7;
2026/05/23;0600 UTC;0;1012,4;1012,6;1012,2;0;6,2;6,3;6,8;5,8;6,9;5,8;100;100;100;32;2,4;1,7;
2026/05/23;0700 UTC;0;1012,2;1012,4;1012,1;0;5,7;5,8;6;5,5;6,1;5,6;100;100;100;170;1,5;1;
2026/05/23;0800 UTC;0;1012;1012,1;1012;0;5,8;5,8;6,1;5,6;6,1;5,6;100;100;100;124;1,4;,8;
2026/05/23;0900 UTC;0;1012;1012,1;1011,9;0;6,2;6,3;6,5;6;6,6;6,1;100;100;100;58;2;1;
2026/05/23;1000 UTC;,2;1012,1;1012,3;1011,9;0;6,3;6,3;6,6;6;6,6;6,1;100;100;100;75;1,3;,6;
2026/05/23;1100 UTC;0;1012,2;1012,3;1012,1;30;6,1;6,2;6,4;6;6,5;6,1;100;100;100;54;2,3;1,1;
2026/05/23;1200 UTC;0;1012,3;1012,5;1012,2;260;6,6;6,7;6,8;6,4;6,9;6,4;100;100;100;56;2,2;1,3;
2026/05/23;1300 UTC;0;1012,7;1012,8;1012,5;543,9;7,5;7,6;8,1;6,8;8,2;6,9;100;100;100;63;2;1;
2026/05/23;1400 UTC;0;;;;875,9;8,9;8,9;9,6;8;9,6;8,1;100;100;100;119;2,1;1;
2026/05/23;1500 UTC;0;1012,4;1012,7;1011,9;1225,9;10,2;10,3;11,2;9,4;11,2;9,4;100;99;100;218;8,4;6,5;
2026/05/23;1600 UTC;0;1011,5;1012,1;1011;2189,2;13,2;11,6;14,9;11,3;12,1;11;100;82;92;81;15,6;13,6;
2026/05/23;1700 UTC;0;1010,6;1011;1010,1;2157,8;16,7;11,3;17,7;15;12,4;10,6;87;64;73;168;18,8;16,2;
2026/05/23;1800 UTC;0;1009,6;1010,1;1009,4;1809,2;18,6;11,1;19,1;17,8;11,7;10,7;67;60;63;157;2,1;1,5;
2026/05/23;1900 UTC;0;1009,2;1009,4;1009;1349,7;19,3;11,5;19,6;19;12,1;11,1;64;60;61;187;1,8;1;
2026/05/23;2000 UTC;0;1008,9;1009;1008,8;703,7;19,4;11,9;19,8;19,1;12,5;11,3;65;58;62;276;1,8;1,3;
2026/05/23;2100 UTC;0;1008,9;1009;1008,8;176,8;18,1;12;19,2;16,4;12,4;1,6;78;64;70;261;1,7;1;
2026/05/23;2200 UTC;0;1009,1;1009,2;1009;0;15,6;11,9;16,3;14,8;12;11,8;86;78;82;213;1,4;,9;
2026/05/23;2300 UTC;0;1009,3;1009,5;1009,2;0;14,5;12,1;14,9;13,1;12,6;11,7;93;84;88;214;2,3;1,3;
2026/05/24;0000 UTC;0;1009,6;1009,8;1009,5;0;12,9;12;13,1;12,3;12,5;11,6;99;93;96;219;2,1;1,3;
2026/05/24;0100 UTC;0;1009,9;1009,9;1009,8;0;12,1;11,4;12,3;11,9;12,1;11;99;94;96;227;1,4;,8;
2026/05/24;0200 UTC;0;1009,7;1009,9;1009,6;0;11,6;11,6;11,9;11,4;11,8;11,3;100;98;100;257;,9;,5;
2026/05/24;0300 UTC;0;1009,7;1009,8;1009,7;0;10,9;11;11,4;9,8;11,5;9,9;100;100;100;213;,7;,4;
2026/05/24;0400 UTC;0;1009,4;1009,7;1009,2;0;10;10,1;10,5;9,4;10,6;9,4;100;100;100;167;2;1,7;
2026/05/24;0500 UTC;0;1009,1;1009,2;1008,9;0;9,4;9,5;9,9;8,6;9,9;8,7;100;100;100;170;2;1,7;
2026/05/24;0600 UTC;0;1008,7;1008,9;1008,5;0;9,1;9,2;9,3;8,9;9,4;9;100;100;100;132;1,8;,6;
2026/05/24;0700 UTC;0;1008,2;1008,5;1008;0;8,8;8,9;9,2;8,1;9,3;8,2;100;100;100;155;1,2;,7;
2026/05/24;0800 UTC;0;1008;1008,1;1007,8;0;8,5;8,6;8,8;8,2;8,8;8,2;100;100;100;146;1,8;,8;
2026/05/24;0900 UTC;0;1007,8;1007,9;1007,7;0;8,1;8,1;8,5;7,8;8,6;7,9;100;100;100;132;,8;,4;
2026/05/24;1000 UTC;0;1008,2;1008,4;1008;0;8,3;8,4;8,6;7,8;8,7;7,9;100;100;100;50;1,5;,7;
2026/05/24;1100 UTC;,2;1008,7;1008,8;1008,4;38;7,4;7,5;8,4;6,5;8,4;6,5;100;100;100;45;1,3;,9;
2026/05/24;1200 UTC;0;1008,7;1008,8;1008,6;533,9;9,1;9,1;11,2;7,4;11,2;7,5;100;100;100;37;5,1;2,8;
2026/05/24;1300 UTC;0;1008,8;1008,9;1008,6;1286,2;12,1;11,2;13,5;11,2;12;10,5;100;88;96;15;10,5;8,5;
2026/05/24;1400 UTC;0;1009,1;1009,3;1008,6;646,9;12,1;11,3;13,3;11,5;11,6;11,1;98;89;96;74;3,9;2;
2026/05/24;1500 UTC;0;1008,9;1009,2;1008,5;731,6;12,4;11,9;13,4;11,8;12,5;11,3;99;94;97;13;12,2;10,3;
2026/05/24;1600 UTC;0;1008,3;1008,6;1007,9;1220,7;14,3;12,4;15,7;13,4;13,1;12,1;95;85;91;32;16,8;13,7;
2026/05/24;1700 UTC;0;1007;1007,9;1006,4;2149,1;16,9;13,1;18;15,7;13,9;12,6;86;76;81;5;21;18,4;
2026/05/24;1800 UTC;0;1006,4;1006,5;1006,3;1691,5;17,5;13,3;18,1;17,2;14;12,9;81;76;79;;;;
2026/05/24;1900 UTC;0;1006,1;1006,3;1005,9;878,2;17,6;13,4;18;17,2;13,7;13,1;81;77;79;;;;
2026/05/24;2000 UTC;0;1005,5;1005,9;1005,3;693,2;18,5;13,8;18,8;17,9;14,3;13,4;80;75;77;;;;
2026/05/24;2100 UTC;0;1005,5;1005,8;1005,4;85,3;17,7;14;18,6;16,8;14,4;13,7;87;75;82;10;16,1;9,3;
2026/05/24;2200 UTC;0;1005,6;1005,7;1005,5;0;16,3;13,9;17;15,3;14,1;13,5;92;85;88;70;2,5;1,4;
2026/05/24;2300 UTC;0;1005,8;1005,9;1005,6;0;14,6;13,4;15,3;13,7;13,7;12,6;98;91;94;31;2;1,4;
2026/05/25;0000 UTC;0;1005,8;1006;1005,7;0;14;13,2;14,2;13,8;13,5;12,7;98;94;96;55;2,5;1,3;
2026/05/25;0100 UTC;0;1005,9;1006,1;1005,8;0;13,4;12,8;14;12,9;13,2;12,4;99;94;97;38;2,4;1,3;
2026/05/25;0200 UTC;0;1006;1006,2;1005,9;0;12,9;12,9;13,5;12,4;13,3;12,2;100;98;99;39;3,1;1,6;
2026/05/25;0300 UTC;0;1005,8;1006;1005,4;0;13,6;13,2;13,7;13,5;13,3;13;99;97;98;105;3,4;2,1;
2026/05/25;0400 UTC;0;1005,5;1005,7;1005,3;0;13,8;13,4;14;13,6;13,6;13,2;99;97;98;;;;
2026/05/25;0500 UTC;0;1005,2;1005,4;1004,9;0;13,6;13,3;13,9;13,4;13,3;13,1;99;97;98;;;;
2026/05/25;0600 UTC;0;1004,8;1005;1004,5;0;13,8;13,4;13,9;13,4;13,5;13,2;100;98;98;;;;
2026/05/25;0700 UTC;0;1004,5;1004,7;1004,3;0;13,6;13,3;13,9;13,3;13,5;13;99;97;98;;;;
2026/05/25;0800 UTC;0;1004,4;1004,6;1004,3;0;13,5;13,1;13,6;13,3;13,3;12,8;99;97;98;;;;
2026/05/25;0900 UTC;,2;1004,6;1004,8;1004,3;0;13,9;13,2;14;13,6;13,4;13,1;98;96;97;;;;
2026/05/25;1000 UTC;0;1005,2;1005,7;1004,7;0;13,7;13,3;13,9;13,6;13,4;13,1;99;97;98;;;;
2026/05/25;1100 UTC;0;1005,9;1006,1;1005,6;14,7;13,8;13,5;13,9;13,6;13,7;13,3;99;98;98;;;;
2026/05/25;1200 UTC;0;1006,3;1006,6;1005,9;140,7;14,3;13,9;15;13,9;14,2;13,7;99;95;98;;;;
2026/05/25;1300 UTC;0;1006,6;1006,9;1006,3;367,6;15,6;14,3;16,3;15;14,9;13,7;96;92;94;;;;
2026/05/25;1400 UTC;0;1006,8;1007;1006,5;948,1;17,3;15;18,2;16,4;16;14,4;92;85;89;;;;
2026/05/25;1500 UTC;0;1006,3;1006,5;1005,8;742;18,2;15,5;18,8;17,6;15,9;14,9;91;83;87;;;;
2026/05/25;1600 UTC;0;1005,7;1006;1005,4;516,4;18;15,7;18,2;17,7;16,1;15,3;91;86;89;;;;
2026/05/25;1700 UTC;0;1005;1005,4;1004,7;289,4;18,2;16,1;18,5;17,4;16,5;15,7;94;87;89;;;;
2026/05/25;1800 UTC;1;1004,5;1004,9;1004;314,5;17,1;16,8;17,4;16,9;17,4;16,2;100;94;98;;;;
2026/05/25;1900 UTC;0;1004;1004,3;1003,7;612,3;17,9;17,7;18,4;17,3;18,1;17,3;100;96;99;;;;
2026/05/25;2000 UTC;0;1004,5;1004,7;1004,2;214,3;18,1;17,7;18,3;17,9;18;17,5;99;96;98;;;;
2026/05/25;2100 UTC;0;1004,7;1004,8;1004,6;34,8;17,8;17,7;17,9;17,7;17,8;17,5;100;98;99;;;;
2026/05/25;2200 UTC;,2;1004,8;1005;1004,4;0;17,6;17,6;17,7;17,4;17,7;17,5;100;100;100;;;;
2026/05/25;2300 UTC;0;1005,1;1005,3;1004,8;0;17,4;17,4;17,4;17,3;17,5;17,4;100;100;100;;;;
2026/05/26;0000 UTC;0;1005,4;1005,6;1005,2;0;17,3;17,4;17,5;17,2;17,5;17,3;100;100;100;;;;
2026/05/26;0100 UTC;0;1005,8;1006,1;1005,3;0;17,2;17,2;17,2;17,1;17,3;17,2;100;100;100;;;;
2026/05/26;0200 UTC;,6;1005,8;1006,1;1005,5;0;17,1;17,2;17,2;17,1;17,3;17,1;100;100;100;;;;
2026/05/26;0300 UTC;2,2;1005,8;1006,3;1005,3;0;17,1;17,1;17,1;17;17,2;17;100;100;100;;;;
2026/05/26;0400 UTC;8;1005,9;1006,4;1005,7;0;17;17,1;17,1;17;17,1;17;100;100;100;;;;
2026/05/26;0500 UTC;0;1006;1006,1;1005,8;0;16,9;17;17;16,8;17;16,9;100;100;100;;;;
2026/05/26;0600 UTC;,4;1006;1006,2;1005,8;0;16,8;16,8;16,8;16,7;16,9;16,8;100;100;100;;;;
2026/05/26;0700 UTC;0;1005,8;1006,2;1005,6;0;16,7;16,7;16,7;16,6;16,8;16,6;100;100;100;;;;
2026/05/26;0800 UTC;0;1005,8;1006;1005,5;0;16,5;16,6;16,6;16,5;16,6;16,5;100;100;100;;;;
2026/05/26;0900 UTC;0;1006;1006,1;1005,9;0;16,4;16,4;16,5;16,2;16,5;16,3;100;100;100;;;;
2026/05/26;1000 UTC;0;1006,3;1006,6;1006,1;0;16,1;16,2;16,2;16;16,3;16,1;100;100;100;;;;
2026/05/26;1100 UTC;0;1006,9;1007,2;1006,6;34,2;15,9;15,9;16;15,8;16,1;15,9;100;100;100;;;;
2026/05/26;1200 UTC;0;1007,6;1008;1007,2;118,9;15,8;15,8;15,8;15,6;15,9;15,7;100;100;100;;;;
2026/05/26;1300 UTC;0;1008,3;1008,6;1007,9;229,8;15,7;15,8;15,9;15,6;16;15,7;100;100;100;;;;
2026/05/26;1400 UTC;0;1008,8;1008,9;1008,6;417,8;15,9;15,9;16,2;15,7;16,2;15,6;100;99;100;;;;
2026/05/26;1500 UTC;0;1008,7;1008,9;1008,6;556,9;16;15,9;16,2;15,9;16,3;15,7;100;98;99;;;;
2026/05/26;1600 UTC;0;1008,4;1008,6;1008,3;567,1;16,2;15,9;16,6;16;16,2;15,7;100;97;98;;;;
2026/05/26;1700 UTC;0;1008;1008,3;1007,7;465,4;16,5;16,1;16,6;16,4;16,3;15,9;99;97;98;;;;
2026/05/26;1800 UTC;0;1007,5;1007,7;1007,4;594,7;17;16,1;17,5;16,5;16,4;15,9;98;92;95;;;;
2026/05/26;1900 UTC;0;1007,3;1007,4;1007,3;548,4;17,8;16,1;18;17,5;16,4;15,8;94;90;92;;;;
2026/05/26;2000 UTC;0;1007,4;1007,5;1007,3;223,4;17,9;16,3;18;17,9;16,5;16,1;93;91;92;;;;
2026/05/26;2100 UTC;0;1007,5;1007,6;1007,5;26,6;17,7;16,5;17,9;17,5;16,6;16,3;95;92;94;;;;
2026/05/26;2200 UTC;0;1007,6;1007,7;1007,5;0;17;16,4;17,5;16,3;16,6;16,2;100;95;97;;;;
2026/05/26;2300 UTC;0;1008;1008,3;1007,8;0;16;16,1;16,3;15,7;16,3;15,8;100;100;100;;;;
2026/05/27;0000 UTC;0;1008,4;1008,6;1008,3;0;15,4;15,5;15,8;14,9;15,9;15;100;100;100;;;;
2026/05/27;0100 UTC;0;1008,6;1008,8;1008,5;0;14,4;14,5;15,2;13,7;15,3;13,7;100;100;100;;;;
2026/05/27;0200 UTC;0;1009;1009,2;1008,8;0;13,9;14;14,9;12,9;15;12,9;100;100;100;;;;
2026/05/27;0300 UTC;0;1009,2;1009,2;1009,1;0;15,2;15,3;15,5;14,9;15,5;15;100;100;100;;;;
2026/05/27;0400 UTC;0;1008,9;1009,1;1008,8;0;14,8;14,8;15,5;13,9;15,6;13,9;100;100;100;;;;
2026/05/27;0500 UTC;0;1008,8;1008,9;1008,7;0;13,3;13,4;13,9;12,6;13,9;12,6;100;100;100;164;10;9,2;
2026/05/27;0600 UTC;0;1008,6;1008,7;1008,6;0;12,5;12,6;12,9;12,2;12,9;12,2;100;100;100;204;7,8;7,5;
2026/05/27;0700 UTC;0;1008,5;1008,7;1008,3;0;12,1;12,1;12,4;11,6;12,5;11,7;100;100;100;5;9,5;8,5;
2026/05/27;0800 UTC;0;1008,4;1008,4;1008,3;0;11,8;11,9;12,6;10,8;12,6;10,9;100;100;100;79;5,9;5,3;
2026/05/27;0900 UTC;0;1008,4;1008,6;1008,3;0;10,9;11;11,6;10;11,7;10,1;100;100;100;126;4,7;,8;
2026/05/27;1000 UTC;0;1008,8;1009;1008,6;0;10,9;11;11,1;10,7;11,2;10,8;100;100;100;160;2,1;1,4;
2026/05/27;1100 UTC;0;1009,3;1009,5;1009;27,7;11,3;11,3;11,4;11,1;11,5;11,1;100;100;100;114;3,2;1,3;
2026/05/27;1200 UTC;0;1009,8;1010;1009,6;223,1;11,2;11,3;11,9;10,6;11,9;10,7;100;100;100;142;1,5;,4;
2026/05/27;1300 UTC;0;1010,1;1010,3;1009,9;335,6;12,4;12,5;12,7;11,8;12,8;11,9;100;100;100;11;9;7,7;
2026/05/27;1400 UTC;0;1010,5;1010,7;1010,3;391,8;13,2;13,3;13,6;12,8;13,7;12,8;100;100;100;8;11,3;9,9;
2026/05/27;1500 UTC;0;1010,3;1010,5;1010,1;511,3;14;14;14,4;13,6;14,4;13,7;100;100;100;8;13,9;12,1;
2026/05/27;1600 UTC;0;1009,7;1010,1;1009,2;394,4;14,7;14,6;14,9;14,3;14,8;14,3;100;98;99;5;15,3;14;
2026/05/27;1700 UTC;0;1008,7;1009,2;1008,2;363,5;15,3;14,8;15,7;14,9;15,2;14,6;99;95;98;8;16;14,6;
2026/05/27;1800 UTC;0;1008;1008,2;1007,7;518;16,2;14,6;16,6;15,7;15,2;14;97;87;92;13;17,2;15,2;
2026/05/27;1900 UTC;0;1007,7;1007,8;1007,6;605;17,1;13,8;17,6;16,6;14,3;13,2;88;79;83;8;18,2;16,9;
2026/05/27;2000 UTC;0;1007,3;1007,6;1007,2;647,5;18,2;13,7;18,7;17,6;14,3;13,1;83;74;78;;;;
2026/05/27;2100 UTC;0;1007,2;1007,2;1007;159,7;17,1;13,7;18,4;15,3;14,1;13,4;91;77;83;;;;
2026/05/27;2200 UTC;0;1007,4;1007,6;1007;0;14,6;13,3;15,3;13,8;13,5;13,1;98;91;94;;;;
2026/05/27;2300 UTC;0;1007,5;1007,6;1007,4;0;13,6;13,1;14;13,2;13,5;12,6;99;95;98;;;;
2026/05/28;0000 UTC;0;1007,5;1007,6;1007,5;0;13,2;13;13,4;12,9;13,3;12,4;100;98;99;;;;
2026/05/28;0100 UTC;0;1007,6;1007,6;1007,5;0;12,6;12,6;13,2;12,3;13,2;12,2;100;99;100;;;;
2026/05/28;0200 UTC;0;1007,5;1007,5;1007,4;0;12,3;12,3;12,6;12,1;12,7;12;100;98;100;;;;
2026/05/28;0300 UTC;0;1007,5;1007,6;1007,4;0;12,8;12,7;13;12,6;13;12,5;100;99;99;;;;
2026/05/28;0400 UTC;0;1007,4;1007,5;1007,4;0;12,3;12,2;12,7;12,2;12,4;12,1;100;99;99;3;9,5;5,5;
2026/05/28;0500 UTC;0;1007,3;1007,4;1007,2;0;12,2;12,1;12,4;12;12,3;11,9;100;99;99;7;9,8;8,8;
2026/05/28;0600 UTC;;;;;;;;;;;;;;;;;;
2026/05/28;0700 UTC;0;1006,6;1006,8;1006,4;0;12,1;11,6;12,3;11,8;11,9;11,4;99;97;98;7;9,2;8,6;
2026/05/28;0800 UTC;0;1006,2;1006,4;1006;0;12,7;12;13,1;12,3;12,2;11,9;98;95;97;9;10,1;9,4;
2026/05/28;0900 UTC;0;1006,1;1006,1;1006;0;13;12,1;13,2;12,5;12,2;11,9;98;95;96;9;10,1;9,5;
2026/05/28;1000 UTC;0;1006,2;1006,4;1006,1;0;12,6;12;12,8;12,4;12,1;11,9;98;96;97;8;10,2;9,1;
2026/05/28;1100 UTC;0;1006,5;1006,6;1006,4;23,7;12,9;12,1;13;12,8;12,3;12;97;95;96;8;10,5;9,3;
2026/05/28;1200 UTC;0;1006,8;1006,9;1006,6;209,8;13,5;12,4;13,9;13,1;12,6;12,2;96;93;95;8;12;10,8;
2026/05/28;1300 UTC;0;1007,3;1007,6;1007;643,4;14,7;12,8;15,5;14;13,2;12,4;93;86;90;8;15,4;13,8;
2026/05/28;1400 UTC;0;1007,7;1007,8;1007,5;1075,3;16,6;13,5;17,3;15,5;14,1;12,9;88;81;85;8;18,4;16,4;
2026/05/28;1500 UTC;0;1007,5;1007,9;1007,2;1547,5;18,5;14,3;19,5;17,3;15,1;13,7;83;75;79;188;1,2;,3;
2026/05/28;1600 UTC;0;1006,9;1007,3;1006,6;2040,6;20,4;15,1;21,2;19,6;16;14,4;77;70;74;142;3,2;,8;
2026/05/28;1700 UTC;0;1006,1;1006,7;1005,5;1627,8;21,8;16;22,3;21,2;16,8;15,3;73;69;71;109;3,2;1,6;
2026/05/28;1800 UTC;0;1005,3;1005,5;1005,1;1160,7;22,5;16,7;22,7;22,1;17,4;16,2;74;69;71;148;3,3;1,5;
2026/05/28;1900 UTC;0;1004,9;1005,2;1004,5;899,5;22,9;16,9;23,6;22,6;17,6;16,5;73;68;70;115;3;1,6;
2026/05/28;2000 UTC;0;1004,5;1004,7;1004,4;510,6;23;17,1;23,6;22,4;17,6;16,7;75;66;70;97;2;,9;
2026/05/28;2100 UTC;0;1004,6;1004,7;1004,5;160,8;21,7;17,3;22,5;20,2;17,9;16,9;83;74;78;132;,9;,6;
2026/05/28;2200 UTC;0;1005,1;1005,4;1004,7;0;19,3;16,5;20,1;18,8;16,9;16,3;88;83;86;135;1,4;1;
2026/05/28;2300 UTC;0;1005,6;1005,7;1005,4;0;18,4;16,1;18,8;18,2;16,4;16;89;87;88;134;1,8;1,2;
2026/05/29;0000 UTC;0;1005,8;1005,8;1005,7;0;18;15,8;18,5;17,7;16;15,7;91;88;89;129;1;,3;
2026/05/29;0100 UTC;0;1005,8;1005,9;1005,8;0;18,4;16;19,2;17,7;16,2;15,8;91;85;88;94;3,8;2,2;
2026/05/29;0200 UTC;0;1006;1006,2;1005,8;0;18,7;16,2;19;18,5;16,3;16,1;89;86;87;87;2,7;1;
2026/05/29;0300 UTC;0;1006,2;1006,3;1006,1;0;18,5;16,2;18,8;18,1;16,3;16,1;91;87;89;;;;
2026/05/29;0400 UTC;0;1006,3;1006,3;1006,2;0;17,7;15,9;18,1;17,5;16,2;15,8;92;90;91;;;;
2026/05/29;0500 UTC;0;1006,2;1006,3;1006,1;0;17,6;15,7;17,8;17,4;15,8;15,6;92;89;90;;;;
2026/05/29;0600 UTC;0;1005,9;1006,1;1005,7;0;17,2;15,6;17,5;16,8;15,7;15,6;94;91;92;;;;
2026/05/29;0700 UTC;0;1005,3;1005,7;1005,1;0;16,5;15,6;16,9;16,3;15,7;15,5;96;94;95;;;;
2026/05/29;0800 UTC;0;1004,9;1005,2;1004,5;0;16,6;15,6;16,7;16,4;15,7;15,6;96;95;95;;;;
2026/05/29;0900 UTC;0;1004,7;1005,1;1004,5;0;17;15,6;17,1;16,7;15,7;15,6;95;92;93;;;;
2026/05/29;1000 UTC;;;;;;;;;;;;;;;;;;
2026/05/29;1100 UTC;0;1006,3;1007,1;1005,4;7,6;16,7;15,7;17;16,3;15,8;15,6;96;93;95;;;;
2026/05/29;1200 UTC;0;1007,1;1007,4;1007;46,7;16,1;15,5;16,3;16;15,6;15,3;97;96;97;;;;
2026/05/29;1300 UTC;,8;1007,5;1007,8;1007,2;77,9;16;15,4;16;15,9;15,7;15,2;98;96;97;;;;
2026/05/29;1400 UTC;1;1008,2;1008,6;1007,7;80,4;15,8;15,6;15,9;15,8;15,7;15,5;99;98;99;;;;
2026/05/29;1500 UTC;1,8;1008,6;1009,2;1008,2;24,6;15,7;15,6;15,8;15,6;15,8;15,5;100;98;100;;;;
2026/05/29;1600 UTC;2,4;1007,6;1008,2;1006,1;92,1;15,7;15,7;15,8;15,6;15,8;15,7;100;100;100;;;;
2026/05/29;1700 UTC;,6;1005,3;1006;1003,9;237,9;16,2;16,2;16,9;15,8;16,9;15,8;100;99;100;;;;
2026/05/29;1800 UTC;0;1006;1006,4;1005,6;220;16,7;16,5;17,1;16,5;17;16,2;100;98;99;;;;
2026/05/29;1900 UTC;0;1006;1006,5;1005,4;187,1;16,7;16,5;16,8;16,6;16,7;16,3;99;98;99;;;;
2026/05/29;2000 UTC;0;1005,8;1006,2;1005,6;233,6;17;16,7;17,1;16,8;16,9;16,5;99;98;99;;;;
2026/05/29;2100 UTC;0;1006,3;1006,4;1006,2;44,8;17;16,9;17;16,9;17;16,8;100;99;99;;;;
2026/05/29;2200 UTC;0;1006,5;1006,9;1006,3;,8;16,3;16,3;16,9;15,9;16,8;15,9;100;99;100;;;;
2026/05/29;2300 UTC;,2;1007,1;1007,2;1007;0;16;16,1;16,1;15,8;16,2;15,9;100;100;100;;;;
2026/05/30;0000 UTC;0;1007,1;1007,2;1007;0;16;16,1;16,2;15,7;16,3;15,8;100;100;100;;;;
2026/05/30;0100 UTC;0;1006,9;1007;1006,8;0;15,5;15,6;15,7;15,4;15,8;15,5;100;100;100;;;;
2026/05/30;0200 UTC;0;1007,1;1007,3;1006,8;0;15,1;15,2;15,6;14,7;15,7;14,8;100;100;100;;;;
2026/05/30;0300 UTC;0;1007,4;1007,6;1007,2;0;15;15,1;15,3;14,7;15,3;14,8;100;100;100;;;;
2026/05/30;0400 UTC;0;1007,5;1007,7;1007,3;0;14,5;14,5;15,2;14,1;15,3;14,2;100;100;100;;;;
2026/05/30;0500 UTC;0;1007,7;1007,7;1007,6;0;15;15;15,2;14,6;15,3;14,7;100;100;100;;;;
2026/05/30;0600 UTC;0;1007,8;1007,9;1007,7;0;15,3;15,3;15,3;15,2;15,4;15,3;100;100;100;;;;
2026/05/30;0700 UTC;0;1007,6;1007,7;1007,5;0;15,3;15,3;15,4;15,1;15,4;15,1;100;100;100;;;;
2026/05/30;0800 UTC;0;1007,6;1007,7;1007,5;0;14,9;14,9;15,1;14,7;15,1;14,8;100;100;100;;;;
2026/05/30;0900 UTC;0;1007,8;1008;1007,6;0;14,7;14,8;14,7;14,7;14,8;14,7;100;100;100;;;;
2026/05/30;1000 UTC;0;1008,5;1008,9;1008;0;14,7;14,7;14,7;14,6;14,8;14,7;100;100;100;;;;
2026/05/30;1100 UTC;,2;1009,4;1009,7;1008,9;12,2;14,6;14,7;14,7;14,5;14,7;14,6;100;100;100;;;;
2026/05/30;1200 UTC;0;1009,9;1010;1009,7;134,5;14,7;14,8;15;14,6;15;14,7;100;100;100;;;;
2026/05/30;1300 UTC;0;1010,1;1010,3;1010;327,6;15,3;15,4;15,7;15;15,8;15,1;100;100;100;;;;
2026/05/30;1400 UTC;0;1010,5;1010,7;1010,3;390,6;15,8;15,8;16;15,5;16;15,6;100;98;100;;;;
2026/05/30;1500 UTC;0;1010,4;1010,5;1010,2;444,2;16;15,7;16,2;15,9;16;15,5;99;97;98;;;;
2026/05/30;1600 UTC;0;1009,7;1010,2;1009,3;442,2;16,2;15,9;16,5;16;16,3;15,6;99;97;99;;;;
2026/05/30;1700 UTC;0;1009;1009,3;1008,7;460,2;16,7;15,9;17,2;16,5;16,2;15,6;98;94;96;;;;
2026/05/30;1800 UTC;0;1008,5;1008,8;1008,3;280,3;17,4;16;17,5;17,2;16,3;15,8;95;92;93;;;;
2026/05/30;1900 UTC;0;1008,3;1008,3;1008,2;182,1;17,5;16,2;17,7;17,3;16,4;15,9;95;92;93;;;;
2026/05/30;2000 UTC;0;1008,3;1008,4;1008,2;86,8;17,6;16,3;17,7;17,4;16,6;15,9;95;91;94;;;;
2026/05/30;2100 UTC;0;1008,4;1008,5;1008,3;14,1;17,3;16,4;17,4;17,2;16,6;16,2;97;94;95;;;;
2026/05/30;2200 UTC;0;1008,6;1008,8;1008,4;0;16,9;16,7;17,2;16,8;16,8;16,6;99;98;99;;;;
2026/05/30;2300 UTC;0;1008,9;1009,2;1008,8;0;16,4;16,4;16,7;15,9;16,6;16;100;99;100;;;;
2026/05/31;0000 UTC;0;1009,2;1009,3;1009,1;0;16,2;16,3;16,3;15,9;16,3;16;100;100;100;;;;
2026/05/31;0100 UTC;0;1009,3;1009,4;1009,2;0;16;16,1;16,2;15,8;16,3;15,8;100;100;100;;;;
2026/05/31;0200 UTC;0;1009,3;1009,4;1009,2;0;15,8;15,8;16;15,6;16;15,6;100;100;100;;;;
2026/05/31;0300 UTC;0;1009,5;1009,6;1009,4;0;16;16,1;16;16;16,1;16;100;100;100;;;;
2026/05/31;0400 UTC;0;1009,5;1009,6;1009,4;0;16;16;16;15,8;16,1;15,8;100;100;100;;;;
2026/05/31;0500 UTC;0;1009,5;1009,6;1009,4;0;15,7;15,8;15,8;15,7;15,8;15,7;100;100;100;;;;
2026/05/31;0600 UTC;0;1009,3;1009,5;1009,2;0;15,7;15,8;15,8;15,7;15,8;15,8;100;100;100;;;;
2026/05/31;0700 UTC;0;1009;1009,2;1008,8;0;15,7;15,8;15,8;15,6;15,8;15,7;100;100;100;;;;
2026/05/31;0800 UTC;0;1008,8;1008,9;1008,7;0;15,7;15,7;15,7;15,6;15,8;15,7;100;100;100;;;;
2026/05/31;0900 UTC;0;1008,8;1008,9;1008,7;0;15,4;15,5;15,6;15,2;15,7;15,2;100;100;100;;;;
2026/05/31;1000 UTC;0;1009,2;1009,4;1008,9;0;15,1;15,2;15,5;15;15,5;15,1;100;100;100;;;;
2026/05/31;1100 UTC;0;1009,7;1009,9;1009,4;31,3;15;15,1;15,2;14,9;15,3;15;100;100;100;;;;
2026/05/31;1200 UTC;0;1010,2;1010,4;1009,9;250;15,5;15,6;15,8;15,2;15,9;15,3;100;100;100;;;;
2026/05/31;1300 UTC;0;1010,5;1010,6;1010,3;900,6;16,1;16,2;16,8;15,6;16,7;15,7;100;98;100;;;;
2026/05/31;1400 UTC;0;1010,4;1010,6;1010,2;1239,9;18,5;15,5;19,1;16,9;16,4;14,8;97;80;85;358;,3;,3;
2026/05/31;1500 UTC;0;1009,9;1010,2;1009,6;1448,8;19,4;15;20,4;18,6;15,5;14,2;83;71;78;205;2,4;,8;
2026/05/31;1600 UTC;0;1009,2;1009,6;1008,9;1752,6;20,4;14,4;21;19,6;15,1;13,3;77;62;70;181;2,5;1,3;
2026/05/31;1700 UTC;0;1008,4;1008,9;1007,9;1353,8;20,7;14,3;21,2;20,2;15;13,7;72;64;68;184;2,4;1,6;
2026/05/31;1800 UTC;0;1007,5;1007,9;1007,2;1678,4;21;13,9;21,8;20,2;14,6;12,9;71;58;64;176;2,6;1,4;
2026/05/31;1900 UTC;0;1007;1007,2;1006,8;1349,8;21,6;13,7;22,1;21,1;14,3;12,9;64;55;60;156;2,5;1,3;
2026/05/31;2000 UTC;0;1006,7;1006,8;1006,7;767,9;21,7;13,1;21,9;21,5;13,8;12,7;60;54;57;192;1,6;,8;
2026/05/31;2100 UTC;0;1006,8;1007,1;1006,6;119;20,2;13,2;21,5;18,6;14,1;12,5;70;57;65;139;1;,5;
2026/05/31;2200 UTC;0;1007,6;1007,9;1007,1;0;17,2;12,9;18,6;16,3;13,5;12,6;84;70;79;;;;
2026/05/31;2300 UTC;0;1008,1;1008,4;1007,9;0;15,4;13,2;16,3;14,2;13,4;12,8;94;84;89;;;;
2026/06/01;0000 UTC;0;1008,5;1008,6;1008,4;0;14,4;13,2;15,2;14,1;13,7;12,6;96;88;94;;;;
2026/06/01;0100 UTC;0;1008,5;1008,7;1008,4;0;13,8;13,6;14,4;13,4;14;13,1;100;96;99;;;;
2026/06/01;0200 UTC;0;1008,3;1008,6;1007,9;0;13,1;13,1;13,5;12,8;13,4;12,6;100;95;100;;;;
2026/06/01;0300 UTC;0;1008,1;1008,3;1007,9;0;12,5;12,1;13,5;11,4;12,8;10,8;100;94;98;7;11;9,4;
2026/06/01;0400 UTC;0;1008,2;1008,5;1007,9;0;11,8;11,4;13;10,5;12,6;10,3;100;94;98;331;8,1;6,2;
2026/06/01;0500 UTC;0;1008,7;1008,8;1008,6;0;10,9;11;11,1;10,3;11,2;10,4;100;100;100;8;5,7;4,5;
2026/06/01;0600 UTC;0;1008,8;1008,9;1008,7;0;11,1;11;11,4;10,7;11,3;10,5;100;99;100;10;5,1;4,6;
2026/06/01;0700 UTC;0;1008,6;1008,8;1008,4;0;10,2;10,2;10,7;9,7;10,8;9,7;100;99;100;18;7,3;5,9;
2026/06/01;0800 UTC;0;1008,6;1008,8;1008,4;0;9,8;9,9;10,5;9,4;10,5;9,4;100;100;100;8;7,1;6,3;
2026/06/01;0900 UTC;;;;;;;;;;;;;;;;;;
2026/06/01;1000 UTC;,2;1008,7;1009,2;1008,4;0;9,3;9,4;9,6;8,4;9,7;8,4;100;100;100;177;5,1;,7;
2026/06/01;1100 UTC;0;1009,5;1009,8;1009,2;26,9;8,1;8,2;8,3;7,9;8,4;8;100;100;100;240;,9;,3;
2026/06/01;1200 UTC;0;1010,1;1010,3;1009,8;505,2;9,4;9,4;10,7;8,3;10,7;8,4;100;100;100;241;3,8;,5;
2026/06/01;1300 UTC;0;1010,6;1010,9;1010,3;1184,8;12,9;12,3;14,8;10,8;13,1;10,8;100;87;97;5;12,8;11,4;
2026/06/01;1400 UTC;0;1010,8;1011;1010,7;0;16,2;12,8;17,5;14,9;13,7;12,1;90;77;83;5;17;15,1;
2026/06/01;1500 UTC;0;1010,7;1010,8;1010,6;1853,4;18,3;13,3;19,1;17,4;14,2;12,6;83;68;75;172;4,5;,1;
2026/06/01;1600 UTC;0;1010,4;1010,7;1009,9;2031,8;19,3;13,3;19,9;18,4;14,1;12,5;76;65;70;245;2,5;,5;
2026/06/01;1700 UTC;0;1009,4;1009,9;1008,9;2143,8;20,3;13,4;20,9;19,7;14,4;12,8;69;62;65;105;1,7;,7;
2026/06/01;1800 UTC;0;1008,6;1008,9;1008,4;1844,3;21;13,5;21,5;20,5;14,2;12,9;67;57;62;147;3,8;1,8;
2026/06/01;1900 UTC;0;1008,3;1008,5;1008,1;1134,2;21,4;13,4;21,6;21,2;14,3;12,7;66;56;60;127;3,8;1,4;
2026/06/01;2000 UTC;0;1007,9;1008,1;1007,9;522,5;20,9;13,8;21,2;20,4;14,7;13,2;68;61;64;139;2;,6;
2026/06/01;2100 UTC;0;1008,2;1008,3;1008;122,8;19,3;13,8;20,4;18,1;14,5;13,3;79;66;73;140;1,2;,5;
2026/06/01;2200 UTC;0;1008,5;1008,8;1008,3;0;16,9;13,3;18,1;15,7;13,9;12,9;89;78;82;176;,4;,4;
2026/06/01;2300 UTC;0;1008,9;1009,2;1008,8;0;15,8;12,9;16,4;15,4;13,1;12,7;88;82;85;176;0;0;
2026/06/02;0000 UTC;0;1009,4;1009,7;1009,2;0;14,4;12;15,5;13,5;12,9;11,5;90;87;88;176;0;0;
2026/06/02;0100 UTC;0;1009,8;1009,9;1009,7;0;12,9;11,2;13,3;12,6;11,6;11,1;93;90;92;18;6,5;5,2;
2026/06/02;0200 UTC;0;1010,1;1010,3;1009,9;0;12,3;11;12,6;12,1;11,1;10,9;94;92;94;51;6,4;4,9;
2026/06/02;0300 UTC;0;1010,4;1010,4;1010,2;0;11,8;10,6;12,4;11,1;10,9;10,3;97;93;94;7;5,5;5,2;
2026/06/02;0400 UTC;0;1010,3;1010,4;1010,2;0;10,8;10,4;11,1;10,4;10,5;10,1;99;97;98;289;5,2;4,9;
2026/06/02;0500 UTC;0;1010,2;1010,3;1010,1;0;10,1;10;10,3;9,7;10,3;9,7;100;99;100;269;4,4;1,7;
2026/06/02;0600 UTC;0;1010;1010,1;1009,9;0;9,6;9,7;9,7;9,5;9,8;9,6;100;100;100;156;2,8;1,8;
2026/06/02;0700 UTC;0;1009,9;1010;1009,8;0;9,5;9,6;9,6;9,3;9,7;9,4;100;100;100;343;2,8;2,5;
2026/06/02;0800 UTC;0;1009,8;1009,9;1009,6;0;9,4;9,4;9,6;9;9,7;9,1;100;100;100;22;3,7;2,3;
2026/06/02;0900 UTC;0;1009,6;1009,7;1009,6;0;9,2;9,2;9,5;9;9,6;9,1;100;100;100;4;4,2;3,3;
2026/06/02;1000 UTC;0;1009,9;1010,1;1009,7;0;9,4;9,4;9,6;9,1;9,7;9,2;100;100;100;21;4,8;3,6;
2026/06/02;1100 UTC;0;1010,5;1011;1010,1;24,2;9,6;9,7;10,1;9,4;10,2;9,5;100;100;100;22;5,2;4,4;
2026/06/02;1200 UTC;0;1011,1;1011,2;1011;477,7;11,6;11,4;13,1;10,2;12,1;10,2;100;93;99;10;9,4;8;
2026/06/02;1300 UTC;0;1011,4;1011,6;1011,2;1112,5;14,2;11,9;15,2;13,2;12,5;11,5;94;85;89;10;13,7;11,6;
2026/06/02;1400 UTC;0;1011,7;1011,8;1011,6;1679,7;16,3;12,6;17,1;15,3;13,1;12,2;87;78;82;10;18,2;15,2;
2026/06/02;1500 UTC;0;1011,4;1011,6;1011,2;2113,4;18,2;13,4;19,2;17,3;14,1;12,7;79;72;76;24;,9;,3;
2026/06/02;1600 UTC;0;1010,9;1011,2;1010,6;2080,1;19,8;14,3;20,3;19;15;13,6;75;70;72;94;3,6;1,4;
2026/06/02;1700 UTC;0;1010,1;1010,6;1009,7;1687,7;20,5;14,7;21;20,1;15,4;14,3;74;67;71;77;3,3;1,6;
2026/06/02;1800 UTC;0;1009,5;1009,7;1009,3;856,7;20,6;15;20,7;20,3;15,4;14,5;74;70;72;89;3,1;1,5;
2026/06/02;1900 UTC;0;1009,3;1009,4;1009,2;645,1;20,7;15;20,9;20,6;15,3;14,6;73;69;71;99;2,8;1,4;
2026/06/02;2000 UTC;0;1009,2;1009,4;1009,1;646,6;21,1;15;21,4;20,6;15,4;14,7;73;68;70;77;2;,9;
2026/06/02;2100 UTC;0;1009,7;1009,8;1009,4;120,6;19,9;15,3;21;18,7;15,8;15;82;70;77;73;1,6;1;
2026/06/02;2200 UTC;0;1010;1010,1;1009,8;0;17,5;14,8;18,7;16,4;15,3;14,2;89;83;86;;;;
2026/06/02;2300 UTC;0;1010,1;1010,3;1010;0;15,8;13,9;16,3;15,5;14,2;13,7;92;89;91;;;;
2026/06/03;0000 UTC;0;1010,4;1010,5;1010,3;0;15,4;13,6;15,7;15,2;13,7;13,4;92;90;91;;;;
2026/06/03;0100 UTC;0;1010,7;1010,7;1010,6;0;15,5;13,9;15,7;15,1;13,9;13,7;93;91;92;;;;
2026/06/03;0200 UTC;0;1010,8;1011,1;1010,6;0;15,2;13,7;15,7;14,7;13,9;13,5;95;91;92;;;;
2026/06/03;0300 UTC;0;1011,3;1011,5;1011,2;0;14,3;13,3;15;13,9;13,7;12,9;96;92;95;;;;
2026/06/03;0400 UTC;0;1011,3;1011,4;1011,3;0;13,9;13,2;14;13,7;13,4;12,8;98;95;96;;;;
2026/06/03;0500 UTC;0;1011;1011,3;1010,7;0;13,5;12,9;14,2;13;13,4;12,5;99;94;97;;;;
2026/06/03;0600 UTC;0;1010,5;1010,7;1010,3;0;12,8;12,5;13,3;12,3;13;12;100;96;99;;;;
2026/06/03;0700 UTC;0;1010,1;1010,3;1009,9;0;12,5;12,5;12,7;12,4;12,7;12,3;100;99;100;;;;
2026/06/03;0800 UTC;0;1009,9;1010;1009,6;0;12,1;12,2;12,4;11,6;12,5;11,5;100;100;100;2;9;,9;
2026/06/03;0900 UTC;0;1009,6;1009,7;1009,6;0;11,4;11,5;11,8;10,9;11,9;10,9;100;100;100;6;8,3;7,3;
2026/06/03;1000 UTC;0;1010;1010,4;1009,7;0;11,1;11,2;11,4;10,6;11,5;10,7;100;100;100;4;7,2;6,3;
2026/06/03;1100 UTC;0;1010,8;1011,1;1010,4;22,5;10,8;10,9;11,3;10;11,3;10;100;100;100;7;6,6;5,8;
2026/06/03;1200 UTC;0;1011,4;1011,6;1011,1;369,6;12,4;12,3;13,8;11,1;13,3;11,2;100;94;99;6;11,3;10,3;
2026/06/03;1300 UTC;0;1011,9;1012,2;1011,6;890,2;14,9;13,3;15,9;13,9;13,9;12,5;95;89;92;4;16,6;14,9;
2026/06/03;1400 UTC;0;1012;1012,2;1011,9;1726,1;16,8;14,2;18;15,7;15,2;13,6;93;82;87;5;21,5;19,2;
2026/06/03;1500 UTC;0;1011,8;1011,9;1011,6;2067,8;19,4;15,3;21;18,1;16,3;14,7;85;74;80;108;3,4;1,1;
2026/06/03;1600 UTC;0;1011,1;1011,6;1010,7;2197,3;21,8;16,3;22,8;20,9;17;15,9;77;68;73;143;3,4;1,6;
2026/06/03;1700 UTC;0;1010,5;1010,8;1010,2;2130,3;23,5;17;24,2;22,8;17,7;16,5;71;62;68;269;2,5;1,3;
2026/06/03;1800 UTC;0;1010;1010,2;1009,7;1828,6;24,6;16,6;25,1;24;18;15,8;67;54;60;182;1,8;1;
2026/06/03;1900 UTC;0;1009,6;1009,7;1009,5;1352,2;25,3;16,2;25,7;24,9;16,7;15,7;58;52;54;169;2,1;1,2;
2026/06/03;2000 UTC;0;1009,5;1009,5;1009,4;740,7;25,2;16,4;26,1;24,7;17,2;15,5;62;48;56;276;1,8;1;
2026/06/03;2100 UTC;0;1009,6;1009,7;1009,4;101,3;23,2;15;25,1;21,9;17,2;14;61;55;59;75;1,6;1;
2026/06/03;2200 UTC;0;1009,8;1009,9;1009,6;0;21,1;14,9;21,9;19,8;15,3;14,3;74;62;69;104;2,8;2;
2026/06/03;2300 UTC;0;1010,1;1010,3;1009,8;0;20,4;14,6;20,7;19,9;14,7;14,5;73;70;71;100;2,4;1,9;
2026/06/04;0000 UTC;0;1010,6;1010,9;1010,3;0;19,9;14,9;20,5;18,6;15,1;14,7;81;73;75;142;1,6;,5;
2026/06/04;0100 UTC;0;1011;1011,1;1010,9;0;17,9;14,7;18,5;17,5;15;14,4;85;82;84;109;1,7;,9;
2026/06/04;0200 UTC;0;1011,2;1011,6;1011;0;17,1;14,3;17,4;16,4;14,5;13,9;88;84;86;159;1,1;,4;
2026/06/04;0300 UTC;0;1011,6;1011,7;1011,6;0;15,9;14;16,9;14,8;14,4;13,6;97;85;91;131;1,4;,8;
2026/06/04;0400 UTC;0;1011,7;1011,8;1011,6;0;14,7;14;15,9;14;14,7;13,1;100;90;97;134;,9;,3;
2026/06/04;0500 UTC;0;1011,8;1011,8;1011,6;0;14,8;14,5;14,9;14,4;14,9;13,9;100;97;99;66;1;,5;
2026/06/04;0600 UTC;0;1011,6;1011,7;1011,5;0;14;14,1;14,8;13,1;14,9;12,9;100;99;100;165;2;1,7;
2026/06/04;0700 UTC;0;1011,7;1011,8;1011,6;0;13,4;13,3;13,8;12,8;13,8;12,7;100;97;99;119;1,6;,8;
2026/06/04;0800 UTC;0;1011,6;1011,7;1011,5;0;13,4;13,3;13,7;13,1;13,7;12,9;100;99;100;30;1,6;1,2;
2026/06/04;0900 UTC;0;1011,6;1011,7;1011,6;0;12,8;12,9;13,6;12,2;13,7;12,2;100;100;100;29;2,1;1,6;
2026/06/04;1000 UTC;0;1011,8;1012,1;1011,6;0;12,3;12,4;12,6;12;12,7;12,1;100;100;100;34;2,1;1,3;
2026/06/04;1100 UTC;0;1012,3;1012,6;1012;21,5;11,8;11,8;12,2;11,4;12,2;11,5;100;100;100;26;8,3;3,4;
2026/06/04;1200 UTC;0;1012,9;1013,2;1012,6;396,5;13,1;12,8;14,4;11,8;13,4;11,8;100;95;99;;;;
2026/06/04;1300 UTC;0;1013,2;1013,4;1013,1;1148;15,1;13,4;16,2;14,4;13,9;13,1;95;87;92;;;;
2026/06/04;1400 UTC;0;1013,4;1013,4;1013,3;1746,2;17,2;14,1;18,4;16,1;14,7;13,5;88;80;85;;;;
2026/06/04;1500 UTC;0;1012,9;1013,3;1012,4;2089;19,5;14,9;20,4;18,4;15,6;14,4;82;74;77;110;4,9;1,7;
2026/06/04;1600 UTC;0;1011,8;1012,4;1011,3;2239,9;21,2;15,6;21,9;20,4;16,3;15;76;68;72;49;5,2;2,6;
2026/06/04;1700 UTC;0;1010,9;1011,3;1010,5;2173,9;22,4;16,3;23,2;21,6;17,1;15,8;73;67;69;63;3,5;1,9;
2026/06/04;1800 UTC;0;1010,1;1010,5;1009,7;1864,8;23,6;16,7;24;23,1;17,2;16,4;69;63;66;92;3,5;1,8;
2026/06/04;1900 UTC;0;1009,4;1009,7;1009,3;1407,9;24,1;16,9;24,2;23,8;17,4;16,4;66;62;64;71;3,4;1,7;
2026/06/04;2000 UTC;0;1009,3;1009,3;1009,2;650;23,7;16,9;24,1;23,1;17,3;16,6;69;63;66;72;3;1,3;
2026/06/04;2100 UTC;0;1009,3;1009,4;1009,2;115,1;21,7;16,7;23,1;20,5;17,1;16,3;80;69;75;96;2;1,1;
2026/06/04;2200 UTC;0;1009,4;1009,5;1009,3;0;19,8;15,8;20,5;18,8;16,3;15,4;83;78;80;100;3,1;2;
2026/06/04;2300 UTC;0;1009,4;1009,6;1009,3;0;18,3;15,2;18,8;18,2;15,4;15;84;83;84;91;2,9;1,6;
2026/06/05;0000 UTC;0;1009,3;1009,4;1009,3;0;18,3;14,8;18,6;17,8;15;14,7;85;81;83;78;3,4;1,3;
2026/06/05;0100 UTC;0;1009,2;1009,3;1009,1;0;17,5;14,8;18,6;16,4;15;14,5;92;81;87;16;1,8;1,3;
2026/06/05;0200 UTC;0;1009,2;1009,2;1009,1;0;16,5;14,8;17,1;15,8;15,1;14,3;94;89;92;79;1,7;,8;
2026/06/05;0300 UTC;0;1009,1;1009,2;1008,9;0;16,2;14,6;16,5;15,7;14,8;14,4;95;90;92;80;2,7;1,5;
2026/06/05;0400 UTC;0;1008,7;1008,8;1008,4;0;15,9;14,3;16,3;14,8;14,5;13,8;95;91;92;48;1,4;,7;
2026/06/05;0500 UTC;0;1008,3;1008,4;1008,2;0;14,6;14,1;14,7;14,4;14,4;13,9;99;97;98;34;2,1;1,1;
2026/06/05;0600 UTC;0;1008,4;1008,4;1008,3;0;14,3;14,1;14,5;13,9;14,4;13,7;100;97;99;64;1,7;,8;
2026/06/05;0700 UTC;0;1008,5;1008,7;1008,3;0;14,3;14;14,5;14,1;14,4;13,6;100;97;99;120;1,3;,8;
2026/06/05;0800 UTC;0;1008,7;1008,7;1008,6;0;14;13,5;14,3;13,8;14;13;99;95;98;99;2,7;1,5;
2026/06/05;0900 UTC;0;1008,8;1008,9;1008,6;0;14,3;13,2;14,4;14;13,4;13,1;96;94;94;84;3,1;1,4;
2026/06/05;1000 UTC;0;1009,1;1009,3;1008,9;0;14;13,1;14,7;13,3;13,3;12,9;99;93;96;55;1,6;1;
2026/06/05;1100 UTC;0;1009,4;1009,5;1009,3;45,9;13,9;13,3;14,3;13,3;13,6;13;99;96;97;52;2,5;1,4;
2026/06/05;1200 UTC;0;1009,6;1009,9;1009,4;295,1;15,1;14,1;15,7;14,3;14,5;13,6;96;94;95;31;2;2;
2026/06/05;1300 UTC;0;1010;1010,1;1009,9;874,7;16,8;14,9;18;15,7;15,5;14,4;94;86;90;31;2;2;
2026/06/05;1400 UTC;0;1009,9;1010;1009,8;1503;19;15,5;20;18;15,9;15,1;87;78;83;28;5,1;2,9;
2026/06/05;1500 UTC;0;1009,5;1009,9;1009,1;2033,8;21,4;16,2;22,4;20,1;16,8;15,6;80;69;74;44;7,2;3,6;
2026/06/05;1600 UTC;0;1008,8;1009,2;1008,1;2204,5;23,4;16,9;24,8;22,4;17,3;16,3;73;60;67;158;8,3;4,9;
2026/06/05;1700 UTC;0;1007,8;1008,2;1007,5;2122,9;24,8;16,9;25,1;24,5;17,4;16,6;64;57;60;320;7,1;4,4;
2026/06/05;1800 UTC;0;1007,5;1007,6;1007,3;1820,8;24,9;17;25,2;24,7;17,7;16,6;64;57;60;321;6,4;4;
2026/06/05;1900 UTC;0;1007,2;1007,4;1007,1;1219,4;25,2;17,3;25,7;24,8;17,7;16,6;63;57;61;316;4,6;2,7;
2026/06/05;2000 UTC;0;1007;1007,1;1006,9;636,2;24,9;17,2;25,3;24,5;17,6;16,7;65;57;61;329;2,1;1,2;
2026/06/05;2100 UTC;0;1006,9;1007;1006,8;116,3;23,1;17,3;24,5;21,6;18,1;16,9;76;65;71;148;,9;,6;
2026/06/05;2200 UTC;0;1006,9;1007;1006,8;0;21,2;16,7;21,9;20;16,9;16,4;82;74;78;85;2;1,6;
2026/06/05;2300 UTC;0;1007;1007,1;1006,9;0;20;16,2;20,7;19,4;16,5;16;84;78;81;100;1,7;1,2;
2026/06/06;0000 UTC;0;1007,1;1007,1;1007;0;18,2;15,9;19,6;17,4;16,2;15,5;93;83;89;60;1,6;1,1;
2026/06/06;0100 UTC;0;1007;1007,1;1007;0;18,1;16,3;18,9;17,2;16,6;16,1;96;86;91;30;2,5;1,4;
2026/06/06;0200 UTC;0;1007,1;1007,2;1007;0;17,8;16,3;18,3;17,2;16,5;15,9;96;90;92;82;1,9;1,3;
2026/06/06;0300 UTC;0;1007,2;1007,3;1007,1;0;17,7;16,1;18;17;16,2;15,9;96;90;92;51;1,4;,8;
2026/06/06;0400 UTC;0;1007,1;1007,2;1006,9;0;16,5;16;17,1;16,1;16,3;15,4;100;94;98;33;2,3;1,3;
2026/06/06;0500 UTC;0;1006,7;1006,9;1006,6;0;15,5;15,5;16;14,9;15,9;15;100;99;100;28;2,3;1,3;
2026/06/06;0600 UTC;0;1006,4;1006,6;1006,2;0;14,7;14,8;15;14,4;15,1;14,4;100;100;100;34;2,1;1,4;
2026/06/06;0700 UTC;0;1005,9;1006,2;1005,8;0;14,2;14,3;14,7;13,8;14,7;13,9;100;100;100;32;2,4;1,3;
2026/06/06;0800 UTC;0;1005,7;1005,8;1005,6;0;13,7;13,8;14;13,4;14;13,5;100;100;100;91;2,5;1,8;
2026/06/06;0900 UTC;0;1005,5;1005,6;1005,3;0;14;14,1;14,6;13,3;14,7;13,3;100;100;100;60;1,4;,7;
2026/06/06;1000 UTC;0;1005,7;1005,9;1005,4;0;13,4;13,5;13,9;13;14;13;100;100;100;30;2,8;1,8;
2026/06/06;1100 UTC;0;1006,1;1006,3;1005,8;44,3;14;14;14,4;13,7;14,4;13,8;100;100;100;56;3,1;1,4;
2026/06/06;1200 UTC;,2;1006,4;1006,6;1006,3;332;15,1;15,1;15,6;14,4;15,7;14,4;100;100;100;68;1,7;1,7;
2026/06/06;1300 UTC;0;1006,6;1006,8;1006,5;977,9;16,8;16,1;18,6;15,6;16,6;15,7;100;90;96;0;,6;0;
2026/06/06;1400 UTC;0;1006,6;1006,7;1006,4;1547,4;19,5;16,5;20,3;18,5;17,3;16;89;80;85;113;4,1;3;
2026/06/06;1500 UTC;0;1006,1;1006,4;1005,7;1640;21,2;17;22,3;20,3;17,8;16,2;84;76;79;303;3,1;1,6;
2026/06/06;1600 UTC;0;1005,3;1005,7;1004,9;1583,2;23,2;17,8;24;22,4;18,6;17,2;76;70;73;291;2,2;1,2;
2026/06/06;1700 UTC;0;1004,3;1004,9;1003,9;1412,8;24,3;18,3;24,7;23,8;18,8;17,9;72;67;70;279;2,7;1,6;
2026/06/06;1800 UTC;0;1003,6;1003,9;1003,4;1543,9;25,1;18,3;25,4;24,5;18,9;17,8;70;64;66;270;4,1;1,7;
2026/06/06;1900 UTC;0;1003,4;1003,5;1003,2;910,4;25,1;18,4;25,3;24,8;18,9;18;69;65;67;260;2,2;1,2;
2026/06/06;2000 UTC;0;1003,3;1003,4;1003,2;444,2;24,7;18,4;25,2;24,3;18,7;18,1;71;65;69;227;1,2;,7;
2026/06/06;2100 UTC;0;1003,2;1003,3;1003,1;107,8;23;18,5;24,2;22;19;18,1;81;71;78;157;2;1,6;
2026/06/06;2200 UTC;0;1003,5;1003,6;1003,3;,2;21,3;17,9;22;21,1;18,2;17,7;85;80;83;139;3,2;1,2;
2026/06/06;2300 UTC;0;1003,7;1003,8;1003,6;0;21;18,1;21,2;20,6;18,2;18;87;85;86;105;2,6;1,6;
2026/06/07;0000 UTC;0;1003,8;1003,9;1003,8;0;20,2;18;20,5;20;18,1;17,9;90;87;89;64;1,4;,8;
2026/06/07;0100 UTC;0;1003,8;1003,9;1003,8;0;19,2;18,1;20;18,8;18,3;17,6;98;90;94;37;1,8;1,4;
2026/06/07;0200 UTC;0;1003,8;1004;1003,7;0;19,2;18,2;19,5;18,9;18,3;18;96;93;95;48;1,8;1,1;
2026/06/07;0300 UTC;0;1004;1004,1;1004;0;18,7;17,9;19,1;18,5;18,2;17,4;97;93;96;35;1,9;,9;
2026/06/07;0400 UTC;0;1004,2;1004,3;1004;0;18;17,6;18,7;17,6;18,1;17,2;100;94;98;113;,8;,4;
2026/06/07;0500 UTC;0;1004,2;1004,3;1004;0;17,8;17,5;18,1;17,5;17,9;17,2;100;97;99;79;1,5;1;
2026/06/07;0600 UTC;0;1003,8;1004,1;1003,6;0;17,7;17,4;18,2;17,2;17,6;17;100;96;98;66;1,8;,9;
2026/06/07;0700 UTC;0;1003,4;1003,6;1003,2;0;17,4;17,3;17,8;17,2;17,5;17;100;98;99;77;1,4;,7;
2026/06/07;0800 UTC;0;1002,9;1003,2;1002,8;0;17,1;17,1;17,4;16,8;17,4;16,8;100;100;100;66;1,5;,6;
2026/06/07;0900 UTC;0;1003,1;1003,4;1002,9;0;16,6;16,6;16,9;16,2;16,9;16,3;100;100;100;45;1,8;1,1;
2026/06/07;1000 UTC;0;1003,6;1004;1003,3;0;16,3;16,4;16,6;15,7;16,6;15,8;100;100;100;153;1,9;1,3;
2026/06/07;1100 UTC;0;1003,9;1004,1;1003,8;18;16,7;16,8;16,8;16,4;16,9;16,5;100;100;100;185;1,4;,7;
2026/06/07;1200 UTC;0;1004,2;1004,3;1004,1;214,4;17;17,1;17,2;16,7;17,3;16,8;100;100;100;99;,5;,2;
2026/06/07;1300 UTC;0;1004,4;1004,6;1004,2;519,2;18,1;17,8;19,1;17,2;18,1;17,3;100;92;98;129;2,4;1,1;
2026/06/07;1400 UTC;0;1004,5;1004,6;1004,3;959,5;20;17,7;20,7;19,1;18,2;17,2;93;84;88;42;3,4;2;
2026/06/07;1500 UTC;0;1004,3;1004,6;1003,9;1198;20,7;17,5;21,1;20;18,1;17;89;81;84;35;4,5;2,6;
2026/06/07;1600 UTC;0;1003,3;1003,9;1002,7;1695,4;22,1;17,7;23,4;21,1;18,4;17,1;82;69;78;63;3,3;1,7;
2026/06/07;1700 UTC;0;1002,3;1002,7;1001,7;1202,8;23,3;17,8;23,7;23,1;18,4;17;75;69;72;71;3,7;1,6;
2026/06/07;1800 UTC;0;1001,5;1001,7;1001,3;872;23,5;17,8;23,6;23,3;18,3;17,2;74;68;72;70;2,5;1,3;
2026/06/07;1900 UTC;0;1001,6;1001,7;1001,6;702,6;23,7;17,8;23,8;23,4;18,2;17,3;72;69;70;81;2,1;1,1;
2026/06/07;2000 UTC;0;1001,8;1002,2;1001,6;306,7;23,3;18,3;23,8;22,4;18,9;17,7;82;70;75;163;1,6;,9;
2026/06/07;2100 UTC;0;1002,4;1002,6;1002,2;39,3;21,4;18,2;22,3;20,5;19,2;17,9;87;80;84;166;2,8;2,1;
2026/06/07;2200 UTC;0;1002,7;1002,8;1002,6;0;20,6;17,4;20,9;20,4;17,8;17,2;85;82;84;140;1,8;1,1;
2026/06/07;2300 UTC;0;1003,3;1003,8;1002,8;0;20,1;17,6;20,5;19,6;18,2;17,3;93;84;87;234;4,1;2,5;
2026/06/08;0000 UTC;4,4;1004,1;1005;1003,7;,7;19,5;18,1;19,8;18,6;18,7;17,8;96;91;93;230;5,7;3,2;
2026/06/08;0100 UTC;,6;1004,2;1005,1;1003,7;,2;17,6;17,1;18,5;17;17,8;16,6;99;95;98;142;3,8;2,3;
2026/06/08;0200 UTC;,2;1003,6;1003,9;1003,3;0;17;16,8;17,1;16,9;16,8;16,7;100;98;99;83;3,7;1,4;
2026/06/08;0300 UTC;0;1004;1004,2;1003,6;0;16,9;16,8;17,1;16,8;16,8;16,7;100;98;99;262;2,1;1;
2026/06/08;0400 UTC;0;1004,3;1004,5;1004,1;0;16,6;16,6;16,8;16,5;16,9;16,4;100;100;100;216;3;1,4;
2026/06/08;0500 UTC;0;1004,4;1004,6;1004,1;0;16,5;16,5;16,6;16,4;16,6;16,5;100;100;100;246;2;1;
2026/06/08;0600 UTC;0;1004,2;1004,5;1003,8;0;16,4;16,5;16,5;16,3;16,6;16,4;100;100;100;213;1,8;1,1;
2026/06/08;0700 UTC;0;1003,6;1003,7;1003,5;0;16,2;16,3;16,4;15,9;16,4;16;100;100;100;209;1,4;,9;
2026/06/08;0800 UTC;0;1003,7;1003,8;1003,6;0;15,9;15,9;16;15,7;16,1;15,8;100;100;100;190;1,7;1,3;
2026/06/08;0900 UTC;0;1004;1004,1;1003,7;0;15,9;16;16;15,6;16,1;15,7;100;100;100;191;1,7;1,2;
2026/06/08;1000 UTC;0;1004,3;1004,7;1004,1;0;16;16,1;16,1;15,9;16,1;16;100;100;100;258;1,2;,6;
2026/06/08;1100 UTC;0;1004,9;1005;1004,7;4,6;16,2;16,3;16,4;16,1;16,5;16,2;100;100;100;274;2,1;1,1;
2026/06/08;1200 UTC;0;1005,4;1005,7;1005,1;86,6;16,5;16,6;16,7;16,4;16,7;16,5;100;100;100;251;1,3;1,3;
2026/06/08;1300 UTC;0;1006;1006,4;1005,7;333,6;16,8;16,8;17;16,6;17,1;16,7;100;100;100;270;1,8;1,8;
2026/06/08;1400 UTC;0;1006,5;1006,6;1006,3;456,2;17;17,1;17,1;16,8;17,2;16,8;100;100;100;270;1,8;1,8;
2026/06/08;1500 UTC;0;1006,4;1006,6;1006,3;442,6;17,4;16,9;17,5;17,2;17,3;16,4;100;95;97;270;1,1;,1;
2026/06/08;1600 UTC;0;1006,1;1006,4;1005,9;597,6;18;16,4;18,6;17,5;16,9;15,7;97;87;92;270;1,6;,4;
2026/06/08;1700 UTC;0;1005,5;1005,9;1005,1;1036,9;19,2;16,1;19,6;18,7;16,9;15,5;89;81;85;268;2,6;1,3;
2026/06/08;1800 UTC;0;1004,9;1005,1;1004,8;1019,7;19,9;15,9;20,5;19,3;16,4;15,4;83;77;80;260;1,9;1,3;
2026/06/08;1900 UTC;0;1004,6;1004,8;1004,5;414,8;19,9;16;20,4;19,8;16,3;15,7;82;77;80;207;2,9;1,5;
2026/06/08;2000 UTC;0;1004,6;1004,7;1004,6;352;19,9;15,9;20;19,8;16,5;15,5;83;78;80;270;2,8;1,4;
2026/06/08;2100 UTC;0;1004,8;1005;1004,6;111,7;19,1;15,7;20;18,2;16,1;15,3;89;79;83;256;3;1,8;
2026/06/08;2200 UTC;0;1005,3;1005,5;1005;0;17,7;15,3;18,3;16,8;16;14,9;91;86;88;239;5,3;3,1;
2026/06/08;2300 UTC;0;1005,8;1006,1;1005,6;0;16,4;14,3;16,7;16,3;14,9;14,2;91;89;90;237;5,5;3,1;
2026/06/09;0000 UTC;0;1006,2;1006,4;1006;0;16,3;14,1;16,4;15,9;14,3;14;91;88;89;240;4,6;2,5;
2026/06/09;0100 UTC;0;1006,6;1006,7;1006,4;0;15,9;14,1;16;15,6;14,2;14;92;90;91;246;3,5;2,2;
2026/06/09;0200 UTC;0;1006,8;1007;1006,6;0;14,6;13,8;15,6;14,2;13,9;13,4;98;91;96;259;2,1;1,5;
2026/06/09;0300 UTC;0;1006,9;1007;1006,9;0;13,9;13,4;14,1;13,6;13,5;13,2;99;96;97;252;2,2;,6;
2026/06/09;0400 UTC;0;1006,8;1006,9;1006,6;0;13,4;13,3;13,6;13,1;13,6;13,1;100;99;100;244;1,9;1,2;
2026/06/09;0500 UTC;0;1006,7;1006,8;1006,6;0;13,1;13,2;13,5;12,6;13,4;12,7;100;99;100;267;1,6;1,1;
2026/06/09;0600 UTC;0;1006,5;1006,6;1006,4;0;12,4;12,5;12,5;12,4;12,6;12,4;100;100;100;296;1,7;1,1;
2026/06/09;0700 UTC;0;1006,3;1006,4;1006,3;0;12,3;12,4;12,5;12,1;12,6;12,1;100;100;100;278;1,3;,9;
2026/06/09;0800 UTC;0;1006,4;1006,5;1006,3;0;12,6;12,7;12,8;12,2;12,9;12,2;100;100;100;226;3;1,7;
2026/06/09;0900 UTC;0;1006,5;1006,6;1006,3;0;13;13,1;13,2;12,8;13,3;12,8;100;100;100;232;3;1,6;
2026/06/09;1000 UTC;0;1006,9;1007,1;1006,6;0;13,2;13,2;13,3;13,1;13,3;13,2;100;100;100;229;2,4;1,4;
2026/06/09;1100 UTC;0;1007,3;1007,4;1007,1;4;13,2;13,3;13,3;13,2;13,4;13,2;100;100;100;215;2,2;1,4;
2026/06/09;1200 UTC;,2;1007,7;1007,9;1007,4;81,3;13,4;13,4;13,4;13,3;13,5;13,4;100;100;100;189;3,3;2;
2026/06/09;1300 UTC;0;1007,9;1008;1007,7;589,3;13,9;13;15,2;13,4;13,5;12;100;84;95;64;,2;,2;
2026/06/09;1400 UTC;0;1007,8;1008;1007,6;727,4;15,3;12,3;15,8;15,1;12,8;11,9;87;82;85;264;2,4;1,5;
2026/06/09;1500 UTC;0;1007,4;1007,6;1007,1;508,2;15,3;12,2;15,5;15,1;12,6;11,8;87;82;84;316;1,9;,8;
2026/06/09;1600 UTC;0;1006,7;1007,1;1006,3;838,7;15,9;12,1;16,3;15,5;12,7;11,8;85;78;81;230;2,9;1,9;
2026/06/09;1700 UTC;0;1005,6;1006,3;1005;881,6;16,3;12,1;16,6;16,1;12,6;11,7;81;76;79;199;2,4;1,2;
2026/06/09;1800 UTC;0;1004,7;1004,9;1004,5;949,4;16,7;12,1;17,1;16,5;12,6;11,7;79;73;77;223;1,6;,9;
2026/06/09;1900 UTC;0;1004,7;1004,8;1004,6;828,3;17,1;12,1;17,3;16,9;12,9;11,2;80;70;75;238;2,4;1,6;
2026/06/09;2000 UTC;0;1004,3;1004,6;1004,2;547,4;16,9;12,4;17,2;16,5;12,8;12,1;80;75;78;212;2,7;1,5;
2026/06/09;2100 UTC;0;1004,2;1004,8;1004;74,1;15,9;12,7;16,7;15,4;13;12,1;87;77;84;224;2,6;1,2;
2026/06/09;2200 UTC;0;1005;1005,6;1004,7;0;14,8;12,6;15,3;14,4;12,9;12,3;91;87;89;236;2,5;1,7;
2026/06/09;2300 UTC;0;1006;1006,2;1005,5;0;13,8;12,2;14,3;13,2;12,4;12;95;90;92;192;2,2;1,8;
2026/06/10;0000 UTC;0;1005,6;1006;1005,2;0;12,8;11,9;13,3;12,3;12,2;11,4;98;93;95;167;3,5;2,4;
2026/06/10;0100 UTC;0;1005,4;1005,6;1005,2;0;12,2;11,7;12,5;11,8;12,1;11,2;99;97;98;169;2,9;2,4;
2026/06/10;0200 UTC;0;1005,3;1005,5;1005,1;0;11,9;11,5;12;11,7;11,6;11,3;99;97;98;92;2,1;1,1;
2026/06/10;0300 UTC;0;1005;1005,2;1004,7;0;11,7;11,5;11,8;11,5;11,7;11,3;100;98;99;93;2,8;1,5;
2026/06/10;0400 UTC;0;1004,2;1004,8;1003,8;0;11,7;11;11,8;11,6;11,4;10,6;99;95;96;109;3,1;2,1;
2026/06/10;0500 UTC;0;1004;1004,1;1003,8;0;11,4;10,6;11,6;11,1;10,8;10,2;98;94;96;101;1,4;,9;
2026/06/10;0600 UTC;0;1003,3;1003,8;1002,9;0;10,9;10,6;11,1;10,8;10,7;10,3;99;97;99;79;2;,8;
2026/06/10;0700 UTC;0;1002,5;1002,7;1002,4;0;10,5;10,3;10,6;10,4;10,4;10,1;99;98;99;117;2,8;1,4;
2026/06/10;0800 UTC;0;1002,8;1002,9;1002,6;0;10,5;10,3;10,7;10,4;10,4;10,1;99;97;99;124;2,2;1;
2026/06/10;0900 UTC;0;1002,7;1002,9;1002,6;0;10,5;10,1;10,7;10,3;10,3;9,8;99;97;98;97;3,1;1,8;
2026/06/10;1000 UTC;0;1002,3;1002,6;1002,1;0;10,7;10,2;11;10,5;10,3;10,1;98;96;97;105;4;2,2;
2026/06/10;1100 UTC;0;1002,5;1002,8;1002,1;16,7;10,9;10,1;11;10,8;10,2;9,9;97;95;96;80;2,2;,9;
2026/06/10;1200 UTC;0;1002,6;1003;1002,3;228,2;11,3;10,4;11,8;10,9;10,7;10;98;93;95;92;4,1;2;
2026/06/10;1300 UTC;0;1002,8;1003,1;1002,6;0;12,8;10,9;14;11,8;11,5;10,5;95;87;91;91;3,4;1,9;
2026/06/10;1400 UTC;0;1003;1003,2;1002,6;1428,1;15,2;11,7;16,3;14;12,5;11,1;88;77;82;68;4,7;1,5;
2026/06/10;1500 UTC;0;1002,5;1002,7;1002,3;1869,6;17,5;13;18,4;17;13,8;12,4;79;75;77;77;1,4;1,1;
2026/06/10;1600 UTC;0;1002,1;1002,5;1001,7;1751,2;18,8;13,9;19,7;18;14,6;13,3;79;72;75;87;1,8;,5;
2026/06/10;1700 UTC;0;1000,9;1001,7;1000,4;1531,9;19,9;15;20,6;19,2;15,6;14,3;79;73;76;68;4,4;2,3;
2026/06/10;1800 UTC;0;999,8;1000,4;999,5;1752;20,8;15,8;21,1;20,4;16,3;15,3;78;72;75;47;5,2;3;
2026/06/10;1900 UTC;0;999,4;999,6;999,3;718,3;20,3;16;21;20;16,3;15,7;81;75;79;50;2,9;1,3;
2026/06/10;2000 UTC;0;999,5;999,6;999,4;165,4;19,8;16,2;20;19,6;16,4;15,9;84;80;82;62;2,6;1,1;
2026/06/10;2100 UTC;,8;999,6;999,7;999,4;34,7;18,7;16,8;19,5;17,6;17,2;16,4;98;84;91;68;2,6;1;
2026/06/10;2200 UTC;0;999,8;1000;999,6;0;17,5;17,1;17,6;17,5;17,3;16,9;99;97;98;70;2,3;1,1;
2026/06/10;2300 UTC;0;1000;1000,1;999,7;0;17,6;17,1;17,8;17,3;17,3;16,9;99;96;98;98;2;,8;
2026/06/11;0000 UTC;0;1000,4;1000,6;1000,1;0;17,8;17,3;18;17,5;17,4;17,1;99;95;98;87;,7;,1;
2026/06/11;0100 UTC;0;1000,7;1000,8;1000,6;0;18;17,2;18;17,9;17,2;16,9;97;94;96;66;1,2;,1;
2026/06/11;0200 UTC;0;1001;1001;1000,8;0;17,7;17,1;18;17,5;17,2;16,9;98;94;97;93;1,9;,7;
2026/06/11;0300 UTC;0;1001;1001,1;1000,9;0;17,6;17;17,6;17,4;17,1;16,8;98;97;97;77;,7;,3;
2026/06/11;0400 UTC;0;1001,1;1001,2;1001;0;17,4;17;17,5;17,2;17,1;16,8;99;97;98;222;,7;,1;
2026/06/11;0500 UTC;0;1001;1001,1;1001;0;17;16,9;17,2;16,9;17;16,8;100;99;100;129;0;0;
2026/06/11;0600 UTC;0;1001,1;1001,1;1001;0;16,9;16,9;17;16,9;17;16,8;100;100;100;22;,6;,3;
2026/06/11;0700 UTC;0;1000,9;1001;1000,8;0;16,7;16,7;16,9;16,2;17;16,3;100;99;100;168;1,4;,9;
2026/06/11;0800 UTC;0;1001,2;1001,3;1001;0;16,5;16,6;16,8;16,4;16,8;16,4;100;100;100;112;2,5;1,5;
2026/06/11;0900 UTC;0;1001;1001,2;1000,9;0;16,2;16,3;16,5;16,1;16,5;16,1;100;100;100;92;2,1;,7;
2026/06/11;1000 UTC;0;1001,5;1001,8;1001;0;16;16,1;16,2;15,8;16,3;15,8;100;100;100;20;2,7;2;
2026/06/11;1100 UTC;0;1002,1;1002,6;1001,7;6,9;15,9;15,9;16;15,7;16;15,8;100;100;100;132;1,4;,5;
2026/06/11;1200 UTC;0;1002,9;1003;1002,6;58;16,2;16,2;16,4;15,8;16,4;15,9;100;100;100;108;,1;,1;
2026/06/11;1300 UTC;0;1003,3;1003,5;1003;170;16,6;16,6;16,9;16,3;17;16,4;100;100;100;108;,1;,1;
2026/06/11;1400 UTC;0;1003,4;1003,6;1003,1;574,6;17,7;16,9;17,9;17,5;17,2;16,6;97;95;96;127;0;0;
2026/06/11;1500 UTC;0;1002,9;1003,1;1002,4;833,4;18,5;17;19;17,9;17,4;16,6;96;89;92;149;2,3;,6;
2026/06/11;1600 UTC;0;1001,8;1002,4;1001,5;981,9;19,3;17;19,8;19;17,3;16,6;91;85;88;135;3,4;2,4;
2026/06/11;1700 UTC;0;1001,2;1001,5;1000,8;554,3;19,2;16,9;19,5;19;17,3;16,6;91;86;89;159;2;1,4;
2026/06/11;1800 UTC;0;1000,1;1000,8;999,8;327,7;19,3;17;19,6;19,1;17,3;16,7;90;87;89;77;,8;,5;
2026/06/11;1900 UTC;1;999,6;1000,1;999,1;287,3;18,9;17,8;19,2;18,7;18,4;17,1;97;90;94;63;1,9;,7;
2026/06/11;2000 UTC;0;998,7;999,1;998,2;367,5;19;17,9;19,4;18,7;18,2;17,5;97;92;94;94;2,4;,9;
2026/06/11;2100 UTC;,2;998,3;998,5;998;30,5;18,7;18,1;18,8;18,4;18,4;17,7;99;95;97;48;1,2;,6;
2026/06/11;2200 UTC;9,2;998,3;999;998;3,1;18,1;18;18,4;15,3;18,3;14,3;100;93;99;243;9;3,7;
2026/06/11;2300 UTC;5,6;999,6;1000,3;998,8;2,5;14,1;13,9;15;13,8;14,1;13,6;99;95;99;209;8;3,8;
2026/06/12;0000 UTC;,2;1000,4;1000,6;1000,1;0;13,4;13,1;13,8;13,1;13,6;12,6;99;97;98;194;9,9;5,7;
2026/06/12;0100 UTC;0;1000,5;1000,7;1000,2;0;13,1;12,3;13,2;13;12,7;12,1;98;94;96;231;7,6;3,3;
2026/06/12;0200 UTC;,4;1000,3;1001,2;998,8;0;13,2;12,1;13,4;12,7;12,2;11,8;97;92;94;148;13,6;7,8;
2026/06/12;0300 UTC;,2;998,7;999,1;998,3;0;12,8;12,3;12,9;12,7;12,4;12,2;98;97;98;161;10;6,6;
2026/06/12;0400 UTC;0;999;999,2;998,6;0;13,1;12,3;13,3;12,8;12,5;12,2;97;95;96;190;4,6;2,5;
2026/06/12;0500 UTC;0;999,3;999,9;999,1;0;13,4;11,9;13,5;13,3;12,3;11,3;95;89;92;228;6,3;3,2;
2026/06/12;0600 UTC;0;999,4;999,9;998,8;0;13;12;13,5;12,7;12,4;11,4;99;90;95;215;7,2;3,4;
2026/06/12;0700 UTC;,2;999;999,4;998,7;0;12,8;12,4;12,9;12,7;12,5;12,3;99;97;98;220;7,8;4,2;
2026/06/12;0800 UTC;0;999,2;999,4;999;0;12,8;12,5;12,9;12,8;12,6;12,4;99;98;99;214;6,1;2,8;
2026/06/12;0900 UTC;,2;999,5;999,8;999,4;0;12,8;12,5;12,8;12,7;12,6;12,4;99;98;99;215;6,2;2,7;
2026/06/12;1000 UTC;0;1000;1000,4;999,7;0;12,8;12,4;12,8;12,7;12,6;12,2;99;97;98;218;4,9;2,6;
2026/06/12;1100 UTC;0;1000,8;1001,1;1000,4;9,6;12,8;12,3;12,9;12,8;12,4;12;98;96;97;217;4,5;2,6;
2026/06/12;1200 UTC;0;1001,5;1001,8;1001,1;126,5;12,9;12,1;13;12,8;12,4;11,9;98;95;96;226;6,8;2,6;
2026/06/12;1300 UTC;0;1002,2;1002,7;1001,7;287,5;13,1;12,1;13,3;13;12,4;11,7;97;92;95;246;6,7;3,5;
2026/06/12;1400 UTC;0;1003;1003,2;1002,7;278,4;13,1;12,2;13,2;13;12,5;12;97;94;95;236;6,3;4,2;
2026/06/12;1500 UTC;0;1002,9;1003,2;1002,5;675,2;13,6;12,2;14,2;13,2;12,6;11,9;95;89;93;255;5,2;3,1;
2026/06/12;1600 UTC;0;1002,4;1002,6;1002;1356;15;12,3;16;14,2;13,1;11,8;91;82;87;261;4,4;2,5;
2026/06/12;1700 UTC;0;1002,3;1002,5;1002,2;378,7;15,5;12,6;15,7;15,4;13,1;12;87;83;85;278;4,5;2,8;
2026/06/12;1800 UTC;0;1002;1002,2;1002;262,1;15,5;12,7;15,8;14,8;13,1;12,4;90;84;86;272;6,8;3,6;
2026/06/12;1900 UTC;0;1002;1002;1001,9;373,5;14,7;12,5;14,9;14,5;12,8;12,2;91;87;89;271;5,6;3,5;
2026/06/12;2000 UTC;0;1002;1002,2;1001,9;417,3;15,1;12,4;15,6;14,8;12,8;12,1;89;83;86;263;5;3;
2026/06/12;2100 UTC;0;1002,3;1002,6;1002,2;204,4;14,9;12,4;15,6;14,3;12,7;12,1;92;84;87;254;2,6;1,2;
2026/06/12;2200 UTC;0;1002,8;1003,2;1002,5;0;13,8;12,5;14,3;13,2;12,7;12,2;96;92;94;223;2,6;1,5;
2026/06/12;2300 UTC;0;1003,6;1003,8;1003,2;0;12,5;12,1;13,2;12,1;12,5;11,8;100;95;98;212;1,4;,8;
2026/06/13;0000 UTC;0;1003,9;1004,2;1003,7;0;12,8;12,7;13,1;12,5;12,9;12,5;100;98;100;227;2,5;1,1;
2026/06/13;0100 UTC;0;1004,3;1004,5;1004,1;0;13,3;12,5;13,4;13;12,8;12,1;99;94;96;265;2,7;1,5;
2026/06/13;0200 UTC;0;1004,6;1004,7;1004,4;0;13;12,6;13,2;12,9;12,8;12,4;99;97;98;286;1,5;,9;
2026/06/13;0300 UTC;0;1004,5;1004,7;1004,4;0;12,8;12,6;12,9;12,7;12,8;12,5;100;98;99;246;1,2;,8;
2026/06/13;0400 UTC;,2;1004,6;1004,7;1004,5;0;12,6;12,7;12,8;12,4;12,8;12,4;100;100;100;275;3,3;2,3;
2026/06/13;0500 UTC;0;1004,7;1004,9;1004,5;0;12,2;12,3;12,4;12,1;12,5;12,2;100;100;100;255;2,7;2;
2026/06/13;0600 UTC;0;1004,6;1004,9;1004,5;0;12,2;12,2;12,2;12,1;12,3;12,1;100;100;100;287;2,4;1,6;
2026/06/13;0700 UTC;0;1004,4;1004,5;1004,4;0;12,2;12,2;12,2;12,2;12,3;12,1;100;100;100;251;1,8;1,1;
2026/06/13;0800 UTC;0;1004,4;1004,6;1004,2;0;12,2;12,1;12,3;12,1;12,2;12,1;100;99;100;258;1,9;,9;
2026/06/13;0900 UTC;0;1004,6;1004,9;1004,4;0;12,2;12;12,3;12,2;12,2;12;100;99;99;196;1,1;,7;
2026/06/13;1000 UTC;0;1005,2;1005,7;1004,8;0;12,3;12,3;12,4;12,3;12,4;12,1;100;99;100;234;1,5;,8;
2026/06/13;1100 UTC;0;1006,1;1006,5;1005,8;5,6;12,4;12,3;12,6;12,4;12,4;12,1;100;99;99;277;1,1;,7;
2026/06/13;1200 UTC;0;1006,8;1007,1;1006,5;140,9;12,8;12,4;13,1;12,6;12,7;12,2;99;96;98;124;1,3;,7;
2026/06/13;1300 UTC;0;1007,3;1007,5;1007;472;13,4;12,3;13,9;13;12,9;12;97;91;95;161;2;1;
2026/06/13;1400 UTC;0;1007,5;1007,5;1007,4;992,9;14,6;12;15,2;13,9;12,5;11,4;93;81;87;121;2,6;1,2;
2026/06/13;1500 UTC;0;1007,2;1007,5;1006,9;1138,3;15,7;12;16,2;15,3;12,5;11,3;84;76;81;125;2,5;1,3;
2026/06/13;1600 UTC;0;1006,4;1006,9;1006;604,2;16;11,9;16,3;15,9;12,5;11,3;82;76;80;205;1,6;,6;
2026/06/13;1700 UTC;0;1005,4;1006;1004,9;797,9;16,3;11,9;17,1;16;12,5;11,5;80;74;78;150;1,9;,8;
2026/06/13;1800 UTC;0;1004,5;1004,6;1004,4;517,9;17;12,1;17;16,9;12,5;11,8;78;74;76;90;4;1,5;
2026/06/13;1900 UTC;0;1004,2;1004,4;1004,1;468,6;17;11,8;17,1;16,9;12,4;11,4;77;72;74;128;2,4;1;
2026/06/13;2000 UTC;0;1004,2;1004,2;1004,1;238,3;17;12,3;17,1;16,7;12,9;11,5;80;72;77;147;1,2;,7;
2026/06/13;2100 UTC;0;1004,3;1004,6;1004,1;36,8;16,4;12,8;16,7;16;13,4;12,4;87;79;82;150;1,5;,7;
2026/06/13;2200 UTC;0;1004,6;1004,8;1004,4;0;15,7;13,2;16;15,4;13,4;13;89;87;88;137;1;,7;
2026/06/13;2300 UTC;0;1005,1;1005,6;1004,8;0;15,3;13,4;15,4;15;13,6;13,2;93;89;91;163;2,4;1,7;
2026/06/14;0000 UTC;,2;1005,8;1005,9;1005,6;0;14,9;13,6;15;14,6;13,8;13,4;95;92;94;156;3,5;2,5;
2026/06/14;0100 UTC;0;1006,1;1006,3;1005,8;0;14,6;13,4;14,7;14,5;13,5;13,2;95;93;94;158;3,7;2,5;
2026/06/14;0200 UTC;0;1006,4;1006,5;1006,2;0;14,6;13,3;14,7;14,4;13,4;13,1;95;92;94;181;3,9;2,3;
2026/06/14;0300 UTC;0;1006,8;1007,1;1006,5;0;14,4;13,4;14,5;14,3;13,6;13,2;96;94;95;176;4,7;3,1;
2026/06/14;0400 UTC;0;1007,1;1007,2;1007;0;14,3;13,5;14,5;14,2;13,6;13,5;97;95;96;173;4,9;2,9;
2026/06/14;0500 UTC;0;1007,1;1007,2;1007;0;13,9;13,3;14,2;13,7;13,5;13,1;97;96;97;170;5,7;3,8;
2026/06/14;0600 UTC;0;1007,1;1007,2;1007;0;13,5;12,5;13,7;12,8;13,1;11,9;97;94;95;174;5;3,2;
2026/06/14;0700 UTC;0;1007,1;1007,2;1006,9;0;12,3;11,6;12,7;11,8;11,9;11,2;98;96;97;187;3,3;2,3;
2026/06/14;0800 UTC;0;1007,1;1007,2;1007;0;12,2;11,5;12,7;12;11,6;11,4;97;95;96;177;5;3,4;
2026/06/14;0900 UTC;0;1007;1007,1;1007;0;12,9;11,6;13;12,6;11,7;11,5;95;93;94;159;4,9;3,4;
2026/06/14;1000 UTC;0;1007,3;1007,6;1007;0;12,7;11,6;12,9;12,3;11,9;11,2;95;94;95;151;3,4;2,3;
2026/06/14;1100 UTC;0;1007,8;1008;1007,6;15;11,5;10,8;12,2;11,2;11,1;10,4;98;94;96;150;3,6;2;
2026/06/14;1200 UTC;0;1008,3;1008,7;1008,1;458,1;12,4;11;13,7;11,3;11,7;10,4;96;88;93;169;2,6;1,9;
2026/06/14;1300 UTC;0;1009,3;1009,9;1008,7;1118,5;14,8;11,4;15,7;13,8;11,9;10,8;88;77;83;167;4,4;2,2;
2026/06/14;1400 UTC;0;1009,9;1010;1009,8;1700,3;16,6;10,9;17,2;15,6;11,6;10,1;79;65;72;182;5,5;3,3;
2026/06/14;1500 UTC;0;1009,6;1009,9;1009,1;1999,6;17,7;10,5;18,5;17,1;11,5;9,6;70;57;64;161;6,8;3,7;
2026/06/14;1600 UTC;0;1008,9;1009,1;1008,6;2279,3;18,7;10,4;19,4;18,3;11,2;9,8;62;55;58;165;6,9;4,2;
2026/06/14;1700 UTC;0;1008,4;1008,6;1008,1;984,1;18,1;10,4;19,4;17,5;11;9,9;67;54;62;171;6,3;4,3;
2026/06/14;1800 UTC;0;1007,8;1008;1007,7;781,7;17,6;10,5;17,9;17,3;11,2;9,8;69;61;64;163;6;3,6;
2026/06/14;1900 UTC;0;1007,7;1007,8;1007,6;497;17,2;10,9;17,3;17,2;11,3;10,4;70;66;68;162;4,1;2,8;
2026/06/14;2000 UTC;0;1007,6;1007,8;1007,5;440,8;17,1;11;17,4;16,8;11,4;10,5;72;65;70;183;4,4;2,5;
2026/06/14;2100 UTC;0;1007,9;1008,1;1007,6;36,7;16,1;11,4;16,8;15,7;11,9;10,5;81;69;76;184;4,1;2,6;
2026/06/14;2200 UTC;0;1008,4;1008,6;1008,2;0;15,4;12;15,8;15,2;12,2;11,7;85;80;83;186;5,2;3;
2026/06/14;2300 UTC;0;1008,7;1009,1;1008,5;0;14,7;12,3;15,2;13,9;12,4;12,1;92;84;88;181;3,7;2,4;
2026/06/15;0000 UTC;0;1009,3;1009,4;1009,1;0;13,4;12,2;13,9;12,9;12,4;12,1;97;92;94;177;4,4;3,1;
2026/06/15;0100 UTC;0;1009,7;1010;1009,5;0;12,6;12;12,9;12,4;12,3;11,7;98;96;97;172;4;2,5;
2026/06/15;0200 UTC;0;1010,1;1010,3;1010;0;12;11,2;12,5;11,7;11,8;10,5;98;93;96;198;3,9;1,7;
2026/06/15;0300 UTC;0;1010,3;1010,4;1010,2;0;11,1;10,4;11,9;10,5;11,1;9,8;99;95;97;168;3,6;2,5;
2026/06/15;0400 UTC;0;1010,3;1010,4;1010,1;0;10,5;9,7;10,9;10,2;10;9,5;97;95;96;139;3,1;1,3;
2026/06/15;0500 UTC;0;1010,2;1010,3;1010,2;0;9,8;9,2;10,3;9,3;9,5;8,8;99;96;97;165;1,4;,9;
2026/06/15;0600 UTC;0;1010,2;1010,3;1010,1;0;9,1;9,1;9,4;8,4;9,4;8,4;100;99;100;228;1,2;,8;
2026/06/15;0700 UTC;0;1010,1;1010,3;1010,1;0;8;8;8,8;7,2;8,8;7,3;100;100;100;0;2,1;0;
2026/06/15;0800 UTC;0;1010,3;1010,4;1010,1;0;7,2;7,3;7,5;6,7;7,6;6,7;100;100;100;181;2,6;1,9;
2026/06/15;0900 UTC;0;1010,4;1010,5;1010,1;0;6,6;6,7;7;6,4;7,1;6,4;100;100;100;174;1,7;,8;
2026/06/15;1000 UTC;0;1010,5;1010,7;1010,4;0;6,2;6,3;6,4;6;6,5;6,1;100;100;100;258;,7;,3;
2026/06/15;1100 UTC;0;1011;1011,3;1010,7;21,6;6;6;6,2;5,8;6,3;5,8;100;100;100;215;1,9;1,3;
2026/06/15;1200 UTC;0;1011,4;1011,5;1011,2;415,3;6,9;7;8;6,2;8;6,3;100;100;100;215;1,9;1,1;
2026/06/15;1300 UTC;0;1011,7;1012;1011,4;905,1;8,9;7,9;9,7;8,1;8,6;7,4;100;92;95;;;;
2026/06/15;1400 UTC;0;1012,2;1012,4;1011,9;1317,9;10,8;8,3;12;9,8;9,1;7,8;95;82;88;;;;
2026/06/15;1500 UTC;0;1011,9;1012,1;1011,4;1639,3;12,6;8;13,3;11,9;8,9;6,9;83;70;77;;;;
2026/06/15;1600 UTC;0;1011;1011,4;1010,5;1790,9;13,4;6,9;13,9;12,9;7,8;5,9;74;62;67;;;;
2026/06/15;1700 UTC;0;1010;1010,5;1009,6;1676,5;13,9;6,4;14,6;13,6;7,6;5,6;66;59;62;;;;
2026/06/15;1800 UTC;0;1009,3;1009,6;1009,1;1561,6;14,6;6,3;14,8;14,3;7,3;5,8;64;56;59;;;;
2026/06/15;1900 UTC;0;1008,9;1009,1;1008,7;1443,3;15,1;6,7;15,4;14,5;7,7;6;62;55;58;;;;
2026/06/15;2000 UTC;0;1009;1009,1;1008,8;913,3;14,9;6,9;15,3;14,6;7,5;6,5;63;58;60;;;;
2026/06/15;2100 UTC;0;1009,3;1009,4;1009;199,6;13,4;7,1;14,7;12;7,8;6,5;76;60;69;;;;
2026/06/15;2200 UTC;0;1009,6;1009,9;1009,4;0;11;6,5;12;10;7;6,1;81;74;78;;;;
2026/06/15;2300 UTC;;;;;;;;;;;;;;;;;;
2026/06/16;0000 UTC;0;1010,2;1010,4;1010,1;0;8,2;6,2;8,8;8;6,3;5,9;91;86;90;172;2,8;2,2;
2026/06/16;0100 UTC;0;1010,4;1010,5;1010,3;0;8;5,9;8,5;7,5;6,5;5,5;91;88;89;170;3,4;2,4;
2026/06/16;0200 UTC;0;1010,5;1010,7;1010,3;0;7,1;5,6;7,5;6,9;5,7;5,5;94;90;92;156;4,2;3,4;
2026/06/16;0300 UTC;0;1010,4;1010,6;1010,3;0;7;5,6;7,2;6,9;5,8;5,5;94;92;93;149;4;2,2;
2026/06/16;0400 UTC;0;1010,3;1010,4;1010,2;0;6,5;5,6;6,9;6,2;5,7;5,4;97;93;95;134;1,6;1;
2026/06/16;0500 UTC;0;1010,1;1010,3;1010,1;0;6,2;5,3;6,6;5,8;5,7;4,9;98;94;96;131;1,1;,8;
2026/06/16;0600 UTC;0;1010;1010,1;1009,7;0;5,8;5,5;6,6;5,3;6,3;4,9;100;97;98;25;1,2;,8;
2026/06/16;0700 UTC;0;1009,7;1009,9;1009,6;0;5,4;5,1;6,6;4,9;6,2;4,7;100;94;99;256;,8;,4;
2026/06/16;0800 UTC;0;1010,1;1010,2;1009,9;0;4,6;4,7;5,3;4,2;5,3;4,2;100;100;100;144;,4;,3;
2026/06/16;0900 UTC;0;1009,8;1010;1009,7;0;3,6;3,7;4,2;3,3;4,3;3,4;100;100;100;68;,6;,2;
2026/06/16;1000 UTC;0;1010;1010,2;1009,7;0;3,2;3,3;3,6;2,8;3,6;2,9;100;100;100;76;,5;,2;
2026/06/16;1100 UTC;0;1010,8;1011,2;1010,3;14,3;4,3;4,4;4,7;3,1;4,8;3,2;100;100;100;67;2,4;1,5;
2026/06/16;1200 UTC;,2;1011,5;1011,7;1011,2;218;4,4;4,5;4,8;4,2;4,8;4,2;100;100;100;98;1,6;,8;
2026/06/16;1300 UTC;0;1011,8;1011,9;1011,7;721,2;5,5;5,6;6,3;4,7;6,4;4,8;100;100;100;87;2,5;1,2;
2026/06/16;1400 UTC;0;1011,8;1011,9;1011,7;1123,8;7,3;7,3;8,6;6,2;8,7;6,3;100;100;100;80;3,1;1,3;
2026/06/16;1500 UTC;0;1011,4;1011,7;1010,9;1690,1;9;8,8;10,1;8,1;9,7;8,2;100;93;99;211;6,8;1,4;
2026/06/16;1600 UTC;0;1010,4;1010,9;1009,8;2223,4;12,3;8,5;14;10,2;9,7;7,3;94;66;81;97;11,1;9,6;
2026/06/16;1700 UTC;0;1009,2;1009,8;1008,8;2059,4;14,7;7,6;15,4;13,9;8,5;7,1;71;59;65;116;2,7;1,3;
2026/06/16;1800 UTC;0;1008,5;1008,7;1008,3;1752;15,8;7,2;16,4;15,2;8,1;6;63;52;57;226;3,3;1,8;
2026/06/16;1900 UTC;0;1008,2;1008,5;1008;1323,7;16,4;6,3;16,7;15,9;8,2;4,1;60;37;50;126;2,6;1,3;
2026/06/16;2000 UTC;0;1008;1008,1;1007,9;648,4;16,5;6,1;16,7;16;7,4;4,3;55;38;48;90;1,1;,7;
2026/06/16;2100 UTC;0;1008,2;1008,4;1008;132,3;14,8;7,3;16;13,4;8,6;6,1;69;54;62;131;,6;,4;
2026/06/16;2200 UTC;0;1008,5;1008,7;1008,4;0;12,9;6,3;13,6;11,9;7,1;5,5;74;61;67;147;,9;,8;
2026/06/16;2300 UTC;0;1008,8;1009;1008,7;0;11,9;6,7;12,7;11,1;7,4;6,3;78;69;74;93;1;,6;
2026/06/17;0000 UTC;0;1009,2;1009,2;1009,1;0;9,8;6,2;9,8;9,7;6,2;6,2;82;82;82;133;1;,7;
2026/06/17;0100 UTC;0;1009,2;1009,3;1009,1;0;9,9;6,1;10,6;8,8;6,4;5,8;87;78;81;241;1,1;,7;
2026/06/17;0200 UTC;0;1009,6;1009,7;1009,4;0;8,8;6,9;9,2;8,3;7,8;6,1;94;87;90;222;,8;,4;
2026/06/17;0300 UTC;0;1009,8;1010,1;1009,6;0;7,9;6,9;9,2;6,6;7,6;6,1;100;91;95;69;,8;,4;
2026/06/17;0400 UTC;0;1010;1010,2;1009,9;0;7,1;7,1;7,5;6,4;7,6;6,4;100;100;100;28;1,3;,7;
2026/06/17;0500 UTC;0;1010,4;1010,6;1010,2;0;6,9;7;7,4;6,6;7,5;6,6;100;100;100;99;1,3;1;
2026/06/17;0600 UTC;0;1010,4;1010,6;1010,3;0;6,7;6,8;7,3;5,9;7,4;6;100;100;100;25;2,2;1,4;
2026/06/17;0700 UTC;0;1010,3;1010,5;1010,3;0;6,6;6,6;7;5,9;7,1;6;100;100;100;78;1,8;1,1;
2026/06/17;0800 UTC;0;1010,4;1010,5;1010,2;0;5,9;5,9;6,7;5,1;6,8;5,2;100;100;100;41;1,4;,7;
2026/06/17;0900 UTC;0;1010,5;1010,8;1010,2;0;4,9;5;5,8;4,5;5,8;4,5;100;100;100;30;1,5;,9;
2026/06/17;1000 UTC;0;1011,1;1011,6;1010,8;0;5;5;5,2;4,6;5,2;4,7;100;100;100;30;2,5;1,5;
2026/06/17;1100 UTC;0;;;;23,1;4,5;4,6;4,9;4,4;4,9;4,4;100;100;100;34;3,3;1,9;
2026/06/17;1200 UTC;0;1012,3;1012,5;1011,5;315,1;5,3;5,4;6;4,9;6,1;4,9;100;100;100;38;3,5;1,7;
2026/06/17;1300 UTC;0;1012,6;1012,9;1012,3;854,6;7,1;7,1;8;6;8,1;6,1;100;100;100;32;3,1;1,8;
2026/06/17;1400 UTC;0;1013,2;1013,3;1012,9;1605,3;9,6;8,9;11,8;7,9;9,9;8;100;85;96;20;8,8;7;
2026/06/17;1500 UTC;0;1012,9;1013,2;1012,6;2104,5;13;8,9;14,4;11,8;9,8;8,4;87;72;80;15;13,1;11,2;
2026/06/17;1600 UTC;0;1012,3;1012,7;1011,9;2209,7;15,8;9,5;16,9;14,5;10,5;8,4;74;66;69;2;12,9;12,9;
2026/06/17;1700 UTC;0;1011,4;1011,9;1011;2151,9;18;10;18,8;16,6;11;8,9;67;51;60;0;,5;,1;
2026/06/17;1800 UTC;0;1010,7;1011;1010,5;1634,6;18,3;10,2;18,6;18,1;10,9;9,7;63;58;60;321;3,7;2,5;
2026/06/17;1900 UTC;0;1010,3;1010,5;1010,2;1151,4;18,4;9,8;18,7;18,1;10,6;9,4;60;55;57;329;3,1;1,9;
2026/06/17;2000 UTC;0;1010,1;1010,2;1010,1;505,2;18,2;9,7;18,6;17,3;11,2;8,8;69;51;57;122;1,2;,5;
2026/06/17;2100 UTC;0;1010,3;1010,4;1010,1;87,5;16,3;9,6;17,3;15,3;10,9;8,9;72;63;66;129;1,2;,6;
2026/06/17;2200 UTC;0;1010,4;1010,5;1010,3;0;14,7;9;15,2;13,7;9,7;8,4;76;69;71;125;1;,7;
2026/06/17;2300 UTC;0;1010,4;1010,5;1010,4;0;13,6;8,9;14;13,1;9,1;8,6;79;74;76;81;2;1,1;
2026/06/18;0000 UTC;0;1010,4;1010,6;1010,2;0;13,4;7,3;13,8;13,1;8,5;6,4;75;66;69;80;2,4;1,2;
2026/06/18;0100 UTC;0;1009,9;1010,2;1009,7;0;12,8;6,7;13;12,5;7,1;6,4;72;67;70;78;3;1,5;
2026/06/18;0200 UTC;0;1009,5;1009,7;1009,4;0;12,1;6,6;12,5;11,5;6,9;6,2;75;70;72;87;3,7;2;
2026/06/18;0300 UTC;0;1009,3;1009,5;1009,2;0;11,5;6;12,3;9,8;6,4;5,6;83;67;73;39;2,7;1,4;
2026/06/18;0400 UTC;0;1009;1009,2;1008,9;0;10,1;6,5;10,7;9,5;6,7;6,1;85;77;82;67;1,9;,8;
2026/06/18;0500 UTC;0;1008,5;1008,9;1008,2;0;9,9;6,2;10,5;9,3;6,7;5,9;86;78;82;49;3,7;1,6;
2026/06/18;0600 UTC;0;1008;1008,3;1007,7;0;10,1;6,2;10,4;9,7;6,5;5,9;83;78;80;46;2,2;1,3;
2026/06/18;0700 UTC;0;1007,7;1007,8;1007,5;0;9,6;6,2;9,9;9,3;6,4;6;85;81;83;58;2,6;1,4;
2026/06/18;0800 UTC;0;1007,6;1007,8;1007,3;0;9,2;6,2;10;8,4;6,5;6;90;81;85;40;2,6;1,3;
2026/06/18;0900 UTC;0;1007,1;1007,3;1006,9;0;8,9;6,7;9,3;8,6;7;6,5;92;86;89;43;2,2;1,2;
2026/06/18;1000 UTC;0;1007;1007,1;1006,9;0;9,1;7,2;9,6;8,6;7,5;6,9;93;89;91;72;3,5;1,5;
2026/06/18;1100 UTC;0;1007;1007,2;1006,9;13,9;9,5;7,6;9,8;9,3;7,9;7,5;92;90;91;71;4,1;1,9;
2026/06/18;1200 UTC;0;1007;1007,1;1006,9;236,9;10;7,9;10,6;9,8;8;7,8;90;86;89;54;4,5;2;
2026/06/18;1300 UTC;0;1007;1007,1;1006,9;671,9;11,4;8,2;12,2;10,7;9,2;7,6;86;82;84;28;5,7;3,5;
2026/06/18;1400 UTC;0;1006,7;1007;1006,2;1012,5;13,5;9,4;14,7;12,2;10;8,7;84;74;80;46;5,8;3;
2026/06/18;1500 UTC;0;1005,9;1006,2;1005,7;1411,9;16;10;17,3;14,7;10,5;9,5;76;63;70;29;3,2;3;
2026/06/18;1600 UTC;0;1005,2;1005,9;1004,5;1179,1;17,3;10,5;17,9;16,9;11,2;9,9;68;64;66;55;3,6;1,7;
2026/06/18;1700 UTC;0;1003,8;1004,4;1003,3;1449;18,8;11,4;19,4;18;12;10,8;65;60;63;77;5,7;2,3;
2026/06/18;1800 UTC;0;1003;1003,3;1002,7;1054,9;19,3;11,7;19,6;19,1;12,2;11,2;64;60;62;74;5,3;2,4;
2026/06/18;1900 UTC;0;1002,5;1002,8;1002,2;488,4;19,1;12;19,3;18,8;12,8;11,5;70;62;65;68;3,2;1;
2026/06/18;2000 UTC;0;1001,9;1002,1;1001,6;249,9;18,4;12,7;18,8;18;13,1;12,4;74;69;71;68;3,8;1,4;
2026/06/18;2100 UTC;0;1001,2;1001,6;1001;76,3;17,7;12,8;18;17,3;12,9;12,6;78;73;75;44;3,2;1,5;
2026/06/18;2200 UTC;0;1000,7;1001,3;1000;0;16,7;12,5;17,3;16,5;12,8;12,3;81;77;79;46;4,7;2,2;
2026/06/18;2300 UTC;0;999,9;1000,2;999,2;0;16,5;11,8;16,7;16,2;12,3;11,5;79;75;77;34;5,9;3;
2026/06/19;0000 UTC;0;999;999,3;998,3;0;16,6;11,7;16,8;16,3;11,8;11,6;76;75;76;32;8,5;4,9;
2026/06/19;0100 UTC;0;999,1;999,8;998,5;0;16,5;11,4;16,7;16,4;11,7;11,1;76;72;74;36;6,9;3,5;
2026/06/19;0200 UTC;0;998,9;999,2;998,5;0;16,5;11;16,7;16,2;11,1;10,9;74;71;72;37;3,2;1,8;
2026/06/19;0300 UTC;0;999,5;1001,7;998,9;0;16,4;10,8;16,9;15,9;11,2;10,4;76;69;72;247;7,3;3,6;
2026/06/19;0400 UTC;,8;1002,3;1003,3;1001,3;,8;15,8;12,3;16,7;14,5;13,9;11,1;97;72;83;220;7,3;3,8;
2026/06/19;0500 UTC;2,4;1003,8;1004,3;1003,1;0;14,5;14,2;14,6;14,5;14,4;13,9;99;97;98;222;2,8;1,2;
2026/06/19;0600 UTC;1,6;1004,3;1004,5;1004,1;0;14,4;14,4;14,5;14,4;14,5;14,4;100;99;100;237;,6;,6;
2026/06/19;0700 UTC;3;1003,8;1004,5;1003,2;0;14,3;14,4;14,4;14,3;14,5;14,3;100;100;100;237;,6;,6;
2026/06/19;0800 UTC;2,4;1002,7;1003,1;1002;0;14,3;14,3;14,3;14,2;14,4;14,3;100;100;100;237;,6;,6;
2026/06/19;0900 UTC;3,8;1001,9;1002,3;1001,4;0;14,2;14,3;14,3;14,2;14,3;14,2;100;100;100;237;,6;,6;
2026/06/19;1000 UTC;1,2;1002,7;1003,1;1001,8;0;14,2;14,3;14,2;14,2;14,3;14,2;100;100;100;237;,6;,6;
2026/06/19;1100 UTC;,4;1003,4;1003,6;1003,1;2,8;14,2;14,2;14,2;14,1;14,3;14,2;100;100;100;237;,6;,6;
2026/06/19;1200 UTC;0;1003,8;1004,1;1003,1;54,6;14,2;14,3;14,3;14,1;14,3;14,2;100;100;100;237;,6;,6;
2026/06/19;1300 UTC;,2;1004,7;1005,1;1004,1;79,8;14,4;14,4;14,5;14,2;14,6;14,3;100;100;100;237;,6;,6;
2026/06/19;1400 UTC;,2;1005,1;1005,4;1004,9;272,2;14,6;14,7;14,8;14,5;14,8;14,6;100;100;100;237;,6;,6;
2026/06/19;1500 UTC;0;1005,4;1005,8;1005,1;495,4;15;14,7;15,2;14,8;14,9;14,3;100;96;99;237;,6;,6;
2026/06/19;1600 UTC;0;1005,6;1005,8;1005,3;191;14,3;14;15;13,7;14,5;13;99;97;98;237;,6;,6;
2026/06/19;1700 UTC;0;1005,5;1005,8;1005,1;191,6;13,5;12,8;13,7;13,5;13,1;12,5;97;95;96;223;6,5;2,7;
2026/06/19;1800 UTC;0;1005,4;1005,8;1004,7;184,3;13,1;12,4;13,4;12,9;12,8;12,1;97;95;96;197;5,4;3,2;
2026/06/19;1900 UTC;0;1005,4;1005,5;1005,4;257,4;13,3;11,3;13,5;13,3;11,5;11,1;91;89;90;224;5,9;2,5;
2026/06/19;2000 UTC;0;1005,8;1006,1;1005,4;77,9;13,3;11,4;13,5;13;11,8;11,1;92;89;91;215;6,7;3,1;
2026/06/19;2100 UTC;0;1006,4;1006,9;1005,9;9,5;12,9;10,8;13;12,6;11;10,6;91;88;90;218;4,5;2,3;
2026/06/19;2200 UTC;0;1007,2;1007,6;1006,7;0;12,5;11;12,7;12,4;11,3;10,7;94;91;92;238;2,7;1,4;
2026/06/19;2300 UTC;0;1007,6;1007,7;1007,4;0;12,3;11,2;12,4;12,2;11,5;11;96;94;95;186;2,1;1,4;
2026/06/20;0000 UTC;0;1007,7;1007,8;1007,6;0;12,2;11,2;12,2;12,2;11,5;11,1;96;94;95;243;1,3;,8;
2026/06/20;0100 UTC;0;1007,8;1007,9;1007,7;0;12,2;11,2;12,2;12,2;11,5;11;97;94;95;208;1,2;,7;
2026/06/20;0200 UTC;0;1008;1008,1;1007,9;0;12,2;11,2;12,2;12,1;11,4;10,9;96;94;95;209;1,2;,8;
2026/06/20;0300 UTC;0;1008,1;1008,2;1008;0;12,1;11,3;12,1;12;11,4;11,1;97;95;96;193;1,7;,9;
2026/06/20;0400 UTC;0;1008,1;1008,3;1008;0;11,9;11,3;12;11,8;11,5;11;98;96;97;179;3;2;
2026/06/20;0500 UTC;0;1007,8;1008,1;1007,6;0;11,8;11;11,9;11,7;11,2;10,7;97;95;96;183;3,6;2,2;
2026/06/20;0600 UTC;0;1007,5;1007,7;1007,4;0;11,5;10,7;11,7;11,4;11;10,3;97;95;96;180;3,3;1,7;
2026/06/20;0700 UTC;0;1007,1;1007,4;1006,8;0;11,2;10,3;11,3;11,2;10,5;10,1;96;94;95;212;2,4;1,2;
2026/06/20;0800 UTC;0;1006,6;1006,9;1006,4;0;11,1;10,1;11,2;10,9;10,2;9,9;96;94;95;176;2,5;1,6;
2026/06/20;0900 UTC;0;1006,1;1006,4;1005,9;0;10,9;9,9;10,9;10,8;10;9,7;96;94;95;186;2,5;1,7;
2026/06/20;1000 UTC;0;1005,9;1006;1005,9;0;10,6;9,6;10,7;10,5;9,9;9,4;97;94;95;178;3,7;2,1;
2026/06/20;1100 UTC;0;1006;1006,1;1006;20,3;10,5;9,9;10,5;10,5;10;9,9;97;97;97;185;3,2;1,9;
2026/06/20;1200 UTC;0;1006;1006,1;1005,9;110,6;10,8;9,9;11,2;10,5;10,1;9,6;98;93;96;118;2,8;1,1;
2026/06/20;1300 UTC;0;1006,5;1006,8;1006;309,1;11,4;9,5;11,7;11,2;10;9,1;94;88;90;143;3,7;1,5;
2026/06/20;1400 UTC;0;1006,7;1006,8;1006,6;519,3;11,9;9,3;12,2;11,7;9,8;8,9;90;84;87;155;3,6;2;
2026/06/20;1500 UTC;0;1006,1;1006,3;1006;1098,7;13;9,1;13,4;12,7;9,7;8,8;82;78;80;157;3,7;2,2;
2026/06/20;1600 UTC;0;1005,1;1005,9;1004;1494,3;13,7;8,7;14,6;13;9,3;7,8;80;68;75;100;7,2;1,9;
2026/06/20;1700 UTC;0;1003,7;1004,1;1003,2;1006,8;13,9;7,8;14,5;13,6;8,7;7,1;73;67;70;151;2,5;1,1;
2026/06/20;1800 UTC;0;1003;1003,3;1002,9;866,7;14;7,3;14,3;13,8;8,1;6,8;71;65;67;154;2,5;1;
2026/06/20;1900 UTC;0;1002,8;1003;1002,7;794,9;14,3;7,5;14,6;14;8,4;6,8;72;62;66;134;2,1;1,1;
2026/06/20;2000 UTC;0;1002,9;1003;1002,8;390,5;14;7,6;14,1;13,9;8;7;70;65;68;66;2,8;1,2;
2026/06/20;2100 UTC;0;1003,3;1003,4;1003,1;55,1;13,5;7,9;13,9;13;9;6,9;79;65;72;90;2,2;1,5;
2026/06/20;2200 UTC;0;1003,4;1003,5;1003,3;0;12,8;8,7;13,1;12,6;9,5;7,6;83;73;80;77;1,4;,7;
2026/06/20;2300 UTC;0;1003,2;1003,4;1002,9;0;12,6;8,5;12,8;12,5;9,3;7,4;84;74;79;55;2,4;1,2;
2026/06/21;0000 UTC;0;1003,5;1003,8;1003,1;0;12,3;8,3;12,6;11,9;8,9;7,5;85;75;80;165;1,3;,6;
2026/06/21;0100 UTC;0;1003,5;1003,8;1003,4;0;11,6;8,9;12,1;10,9;9,3;8,3;91;81;87;81;2,1;,9;
2026/06/21;0200 UTC;0;1003,5;1003,6;1003,3;0;10,4;8,9;11;9,8;9,2;8,4;95;90;92;113;1,5;,8;
2026/06/21;0300 UTC;0;1003,4;1003,5;1003,2;0;9,8;8,9;10,3;9,3;9,2;8,6;98;92;95;80;1,7;1,1;
2026/06/21;0400 UTC;0;1003,3;1003,6;1003;0;9,3;8,9;9,5;9,1;9;8,7;99;97;98;95;2,4;1,6;
2026/06/21;0500 UTC;0;1003,2;1003,6;1002,9;0;9;8,9;9,2;8,7;9,1;8,6;100;99;99;83;2,8;1,3;
2026/06/21;0600 UTC;0;1002,8;1002,9;1002,7;0;9;9,1;9,2;8,7;9,2;8,7;100;100;100;28;3;1,7;
2026/06/21;0700 UTC;0;1002,4;1002,8;1002;0;8,9;9;8,9;8,8;9;8,9;100;100;100;64;3,4;1,7;
2026/06/21;0800 UTC;0;1002,1;1002,4;1001,9;0;9;9;9,1;8,8;9,1;8,9;100;100;100;58;2,6;1,4;
2026/06/21;0900 UTC;,2;1002,4;1002,6;1002,3;0;9,1;9,1;9,1;8,9;9,2;9;100;100;100;102;2,2;1,4;
2026/06/21;1000 UTC;0;1002,7;1003,1;1002,4;0;8,6;8,7;8,9;8,4;9;8,5;100;100;100;73;2,5;1;
2026/06/21;1100 UTC;0;1003,2;1003,6;1002,9;0;8,9;9;9,5;8,5;9,5;8,5;100;100;100;46;3,3;1,7;
2026/06/21;1200 UTC;0;1003,9;1004,3;1003,6;138,5;9,8;9,9;10;9,5;10,1;9,6;100;100;100;66;3,3;1,5;
2026/06/21;1300 UTC;0;1004,2;1004,5;1004;434,2;10,3;10,3;10,6;10;10,7;10,1;100;100;100;37;4,7;2,5;
2026/06/21;1400 UTC;0;1004,6;1004,8;1004,4;1023,9;11,1;10,7;12;10,4;11,2;10,1;100;91;98;19;10,7;9,1;
2026/06/21;1500 UTC;0;1004,1;1004,4;1003,8;1866,5;13,1;10,4;14,3;11,9;11,2;9,9;94;78;86;141;13,9;12;
2026/06/21;1600 UTC;0;1003,3;1003,8;1002,9;2138,8;14,9;10,4;15,6;14,3;10,8;9,9;81;74;77;194;3,3;2,3;
2026/06/21;1700 UTC;0;1002,5;1002,9;1001,9;1964;16,4;10,3;17,1;15,6;11,1;9,6;75;65;70;181;3,6;,6;
2026/06/21;1800 UTC;0;1001,2;1002;1000,4;1805,3;17,1;9,8;17,4;16,7;10,3;9,4;67;61;63;189;2,6;1,7;
2026/06/21;1900 UTC;0;1000,3;1000,4;1000,2;929,6;17,1;10,1;17,4;16,9;10,8;9,5;68;62;65;179;3,2;1,9;
2026/06/21;2000 UTC;0;999,7;1000,2;999,2;384,7;16,3;11,3;17;15,8;12,1;9,8;81;64;75;154;4,8;3,1;
2026/06/21;2100 UTC;0;999,7;999,9;999,4;58,1;15,1;11,2;15,8;14,6;11,7;10,8;82;78;80;144;3,1;1,4;
2026/06/21;2200 UTC;0;1000;1000,4;999,8;0;14,3;11;14,6;14,1;11,2;10,6;85;82;83;155;4,5;2,7;
2026/06/21;2300 UTC;0;1000,3;1000,8;1000;0;13,9;10,5;14,1;13,9;10,8;10,4;84;82;83;118;3,4;1,8;
2026/06/22;0000 UTC;0;1000,1;1000,4;999,7;0;13,9;10,5;13,9;13,9;10,8;10;85;81;83;111;4,7;2,9;
2026/06/22;0100 UTC;0;999,4;999,8;998,9;0;13,9;10,2;14;13,9;10,4;9,9;83;80;81;100;5,3;3,4;
2026/06/22;0200 UTC;0;999,6;1000,6;999,1;0;13,8;10,8;14;13,7;11,3;10,2;88;81;85;218;2,7;1,8;
2026/06/22;0300 UTC;0;1000,2;1000,7;999,7;0;13,5;11,3;13,7;13,3;11,8;10,9;92;87;89;225;3,3;1,8;
2026/06/22;0400 UTC;0;1000,5;1000,9;1000,2;0;13,1;11,4;13,4;12,7;11,7;11,1;94;89;91;185;4,6;3,3;
2026/06/22;0500 UTC;,4;1000;1000,3;999,5;0;12,4;11,8;12,7;12,2;11,9;11,6;98;94;97;175;5,7;4,2;
2026/06/22;0600 UTC;3,2;1000,1;1000,5;998,9;0;12,1;11,9;12,3;11,9;11,9;11,8;100;98;99;164;6,4;3,4;
2026/06/22;0700 UTC;,8;999,2;999,5;998,7;0;12;11,9;12,1;11,9;12,1;11,8;100;99;100;79;5,8;4;
2026/06/22;0800 UTC;,4;998,8;999,5;998,4;0;12,1;12,2;12,1;12,1;12,2;12,1;100;100;100;84;6,5;4,9;
2026/06/22;0900 UTC;3;998,8;999,3;998,4;0;11,9;12;12,1;11,8;12,2;11,8;100;100;100;185;6,9;4,7;
2026/06/22;1000 UTC;,6;999,2;1000,5;998;0;11,8;11,9;12;11,7;12;11,8;100;100;100;6;9,6;8,7;
2026/06/22;1100 UTC;4,2;1000,3;1002,3;997,9;0;11,9;11,9;12;11,9;12;11,8;100;99;100;263;8,9;7,8;
2026/06/22;1200 UTC;,8;1001,3;1002,3;1000;81,2;11,9;11,9;12;11,8;12,1;11,7;100;100;100;354;9,8;8,1;
2026/06/22;1300 UTC;,6;1001,7;1002,4;999,9;115,7;12,1;12;12,1;12;12,2;11,9;100;99;100;343;7,7;6,3;
2026/06/22;1400 UTC;0;1002,1;1002,2;1001,8;1043,3;12,6;11,8;13,3;12,1;12,4;11,4;99;92;96;339;9,1;7;
2026/06/22;1500 UTC;0;1002,3;1002,6;1002;914,7;13,1;11,3;13,6;12,8;12,2;10,8;94;88;91;239;4,9;2,5;
2026/06/22;1600 UTC;0;1002,5;1002,7;1002,3;1135;13,4;10,9;14,2;12,9;11,5;10,1;91;81;87;273;8,6;5,5;
2026/06/22;1700 UTC;0;1002,2;1002,4;1002;1144,1;13,9;10,6;15;13,3;11,3;10,2;88;77;84;238;6,1;5;
2026/06/22;1800 UTC;0;1002,6;1002,8;1002,3;831,8;14,6;9,4;15,4;14,2;10;8,4;78;67;74;219;6,4;3,4;
2026/06/22;1900 UTC;0;1003,1;1003,5;1002,8;378,8;14,1;8,9;14,9;13,8;9,6;8,2;78;67;74;219;7,7;3,9;
2026/06/22;2000 UTC;0;1003,8;1004,2;1003,4;632,2;14;8,5;14,7;13,5;9,2;7,8;79;68;73;228;3,8;1,7;
2026/06/22;2100 UTC;0;1004,6;1004,9;1004,2;102,6;12,9;8,7;13,4;12;9,3;8;80;77;79;231;3,9;2,3;
2026/06/22;2200 UTC;0;1005,3;1005,8;1004,9;0;11,2;7,7;12;10,7;8;7,3;84;80;82;239;3,6;,8;
2026/06/22;2300 UTC;0;1006,1;1006,3;1005,8;0;10,2;7,1;10,7;9,6;7,4;6,9;87;83;85;239;3,6;2,3;
2026/06/23;0000 UTC;0;1006,6;1006,8;1006,3;0;9;6,9;9,6;8,6;7;6,7;91;87;89;219;2;1,2;
2026/06/23;0100 UTC;0;1006,8;1006,9;1006,6;0;8;6,6;8,4;7,5;6,8;6,2;95;91;93;241;1,9;1,3;
2026/06/23;0200 UTC;0;1007,2;1007,6;1006,9;0;7,8;6,3;8;7,5;6,8;5,9;95;90;92;232;4;2;
2026/06/23;0300 UTC;0;1007,8;1007,9;1007,6;0;7;5,8;7,6;6;6,2;5,3;98;92;94;222;4,9;2;
2026/06/23;0400 UTC;0;1007,6;1008,3;1007,4;0;7,5;5,8;7,7;7;5,9;5,6;93;90;91;243;3,5;1,8;
2026/06/23;0500 UTC;;;;;;;;;;;;;;;;;;
2026/06/23;0600 UTC;0;1009,3;1009,5;1009,1;0;5,9;5,3;6,4;5,5;5,7;5,1;100;95;97;266;,8;,7;
2026/06/23;0700 UTC;0;1009;1009,2;1008,9;0;5,7;5,7;5,9;5,5;5,9;5,4;100;99;100;294;1,4;1,1;
2026/06/23;0800 UTC;0;1008,7;1008,9;1008,5;0;5,3;5,2;5,6;5;5,4;5,1;100;99;100;262;1,5;,7;
2026/06/23;0900 UTC;0;1008,5;1008,6;1008,4;0;5;5;5,1;4,7;5,2;4,7;100;100;100;235;1,1;,8;
2026/06/23;1000 UTC;0;1009;1009,4;1008,6;0;4,5;4,6;4,8;4,1;4,9;4,1;100;100;100;290;1,3;,9;
2026/06/23;1100 UTC;0;1009,6;1010,1;1009,3;10,5;3,8;3,9;4,2;3,5;4,3;3,5;100;100;100;264;1,1;,8;
2026/06/23;1200 UTC;0;1010,3;1010,5;1010;262,7;5,2;5,1;6,5;4,1;5,9;4,2;100;96;99;108;1,9;1,1;
2026/06/23;1300 UTC;0;1010,5;1010,5;1010,4;0;7,7;5,3;8,8;6,4;5,9;4,7;97;80;88;264;3;1,8;
2026/06/23;1400 UTC;0;1010,5;1010,6;1010,3;1711,2;9,9;5,5;11;8,8;6,3;5;84;72;78;244;3,3;1,7;
2026/06/23;1500 UTC;0;1010;1010,3;1009,5;2106,8;12,1;6;13,2;11;6,9;5;77;60;69;255;4,8;2,1;
2026/06/23;1600 UTC;0;1009,3;1009,6;1008,9;2193,3;13,7;4,7;14,2;13,1;6,7;2,8;67;44;55;256;6,9;3,8;
2026/06/23;1700 UTC;;;;;;;;;;;;;;;;;;
2026/06/23;1800 UTC;;;;;;;;;;;;;;;;;;
2026/06/23;1900 UTC;;;;;;;;;;;;;;;;;;
2026/06/23;2000 UTC;;;;;;;;;;;;;;;;;;
2026/06/23;2100 UTC;;;;;;;;;;;;;;;;;;
2026/06/23;2200 UTC;;;;;;;;;;;;;;;;;;
2026/06/23;2300 UTC;;;;;;;;;;;;;;;;;;
2026/06/24;0000 UTC;;;;;;;;;;;;;;;;;;
2026/06/24;0100 UTC;0;1009,5;1009,6;1009,2;0;7,2;5,4;7,7;6,6;6,6;3,4;96;80;91;13;3;2,2;
2026/06/24;0200 UTC;0;1009,8;1010,1;1009,5;0;5,9;5,3;6,5;5,3;5,5;5;99;94;97;43;3,2;1,5;
2026/06/24;0300 UTC;0;1010,3;1010,4;1010,1;0;5,3;5,1;5,5;5;5,4;4,8;100;98;99;21;3;2;
2026/06/24;0400 UTC;0;1010,1;1010,2;1009,9;0;5;4,8;5,3;4,8;5;4,7;100;97;99;22;2,8;2;
2026/06/24;0500 UTC;0;1010,1;1010,2;1010;0;4,5;4,5;5;3,9;5,1;3,9;100;99;100;26;2,2;1,5;
2026/06/24;0600 UTC;0;1010;1010,1;1009,7;0;3,8;3,8;4,1;3,3;4,2;3,3;100;99;100;25;2,9;2,1;
2026/06/24;0700 UTC;0;1009,6;1009,7;1009,4;0;3,7;3,8;4;3,5;4,1;3,5;100;100;100;26;2,8;1,9;
2026/06/24;0800 UTC;0;1009,5;1009,6;1009,3;0;3,2;3,2;3,5;2,9;3,5;3;100;100;100;27;3,1;2,1;
2026/06/24;0900 UTC;0;1009,6;1009,8;1009,4;0;2,3;2,3;2,9;2;2,9;1,9;100;99;100;93;1,2;,7;
2026/06/24;1000 UTC;0;1010;1010,4;1009,8;0;2,1;2,2;2,3;1,9;2,4;1,9;100;100;100;15;2,4;1,8;
2026/06/24;1100 UTC;,2;1010,6;1010,8;1010,4;21,2;2,6;2,7;2,8;2,3;2,8;2,4;100;100;100;0;3,4;2,3;
2026/06/24;1200 UTC;0;1010,9;1011,1;1010,8;415,9;3,6;3,2;4,7;2,7;4;2,6;100;95;98;23;3,2;2,3;
2026/06/24;1300 UTC;0;1010,9;1011;1010,8;1100;6,4;4,5;8;4,8;5,4;3,8;96;83;91;93;4,3;2,9;
2026/06/24;1400 UTC;;;;;;;;;;;;;;;;;;
2026/06/24;1500 UTC;0;1010,1;1010,7;1009,6;2094,3;13,2;5,6;14,5;11,7;6,2;5,1;70;55;62;312;5,1;3,1;
2026/06/24;1600 UTC;0;1009,1;1009,6;1008,5;2236;15;5,2;15,6;14,2;6,2;4,3;57;45;51;306;6,4;3,5;
2026/06/24;1700 UTC;0;1007,9;1008,5;1007,3;2175,9;15,5;5;16;15,2;6,1;4,2;52;44;47;294;6,5;3,7;
2026/06/24;1800 UTC;0;1007,1;1007,4;1006,9;1857,3;15,9;5,5;16,4;15,3;6,3;4,4;51;45;48;301;7,7;3,9;
2026/06/24;1900 UTC;0;1006,9;1007,1;1006,8;998,8;15,7;5,1;16,2;15;5,7;4,4;51;43;47;290;5,1;2,2;
2026/06/24;2000 UTC;0;1007,2;1007,3;1007,1;671,2;15,7;5;16,4;15,2;5,9;4,4;50;44;46;287;4,3;2,4;
2026/06/24;2100 UTC;0;1007,3;1007,5;1007,1;161,2;14,6;5,4;15,5;13,2;6;5;60;49;54;326;2,9;1,9;
2026/06/24;2200 UTC;0;1007,7;1007,8;1007,5;0;12,4;4,9;13,2;11,1;5,2;4,4;69;59;62;241;3,7;2,3;
2026/06/24;2300 UTC;0;1007,9;1008,4;1007,6;0;10,3;5,4;11,2;9,5;6,1;4,7;82;67;75;183;3,6;2,5;
2026/06/25;0000 UTC;0;1008,4;1008,5;1008,2;0;9,8;5,1;10,2;9,2;5,9;4,5;83;73;76;20;2,8;2,1;
2026/06/25;0100 UTC;0;1008,7;1008,8;1008,6;0;8,5;5,4;8,5;8,5;5,7;5;86;83;84;24;2,8;2;
2026/06/25;0200 UTC;0;1008,8;1009;1008,6;0;7,9;5,4;8,5;7,4;5,7;5;90;83;88;55;2,8;1,9;
2026/06/25;0300 UTC;0;1009;1009,1;1008,9;0;7,3;4,8;7,8;6,7;5,4;4,4;90;85;87;72;3,1;2;
2026/06/25;0400 UTC;0;1009,5;1009,8;1009,1;0;6,4;5,1;7;5,6;5,7;4,3;98;89;94;32;3,2;2,1;
2026/06/25;0500 UTC;0;1009,8;1010;1009,7;0;6,2;5,6;6,7;5,9;5,9;5,2;99;93;97;45;3;1,8;
2026/06/25;0600 UTC;0;1010,2;1010,4;1009,9;0;6;5,7;6,3;5,5;6,2;5,1;99;97;98;33;2,8;1,8;
2026/06/25;0700 UTC;0;1009,7;1010,2;1009,4;0;6,5;5,6;6,9;6,2;6;5,4;99;93;96;52;2,3;1,4;
2026/06/25;0800 UTC;0;1010;1010,2;1009,7;0;6,2;5,5;6,7;5,9;5,8;5,3;99;93;96;39;2,8;1,5;
2026/06/25;0900 UTC;0;1010,3;1011,2;1009,8;0;5,8;5,4;6;4,6;5,8;4,1;99;96;98;181;2,3;1,6;
2026/06/25;1000 UTC;0;1011,6;1011,9;1011,2;0;4,8;4,5;5,2;4,3;4,8;4,1;100;96;99;103;3,4;1,7;
2026/06/25;1100 UTC;0;1012,1;1012,8;1011,3;16,2;5,8;5;6,3;5,1;5,2;4,6;98;93;96;43;2,6;1,5;
2026/06/25;1200 UTC;0;1012,8;1013,1;1012,1;279,5;6,7;5,4;7,4;6,1;5,8;5,1;95;91;94;43;4,9;2,7;
2026/06/25;1300 UTC;;;;;;;;;;;;;;;;;;
2026/06/25;1400 UTC;0;1014,6;1015,2;1013,8;1109,5;10,6;6,3;10,9;9,9;7,2;5,7;84;75;79;120;3;2,1;
2026/06/25;1500 UTC;0;1014,4;1014,8;1013,7;940,5;11,9;6,6;12,6;11;7,6;5,5;77;69;73;36;4;2,6;
2026/06/25;1600 UTC;0;1013,9;1014,2;1013,6;939,1;13,3;6,7;13,8;12,6;7,3;6,1;69;64;67;277;2,7;1,3;
2026/06/25;1700 UTC;0;1012,9;1013,8;1012,3;1127,6;14,4;7,2;14,8;13,7;8;6,7;68;61;64;244;2,3;,8;
2026/06/25;1800 UTC;0;1011,9;1012,5;1011,6;1419,3;15,8;7,3;16,5;14,8;8,2;6,5;63;53;57;285;3,9;2,4;
2026/06/25;1900 UTC;0;1011,3;1011,6;1011,1;618;15,7;7,4;16,1;15,5;7,9;6,8;61;56;58;334;2;1,1;
2026/06/25;2000 UTC;0;1011;1011,2;1010,9;428;15,4;7,1;15,9;14,7;7,7;6,3;63;52;59;230;1,8;0;
2026/06/25;2100 UTC;0;1011,4;1011,5;1011,1;172;14,5;7,7;15,3;13,1;8,4;7,1;73;62;66;204;1,3;,8;
2026/06/25;2200 UTC;0;1011,5;1011,8;1011,4;0;12,3;6,5;12,9;11,4;7,4;5,5;73;68;71;155;2,6;2;
2026/06/25;2300 UTC;0;1012;1012,2;1011,8;0;10,8;5,7;11,4;10,1;6;5,4;78;71;75;147;2,9;1;
2026/06/26;0000 UTC;0;1012,3;1012,4;1012,2;0;9,9;6,1;10,5;9,5;6,8;5,3;85;74;81;102;3,1;1,9;
2026/06/26;0100 UTC;;;;;;;;;;;;;;;;;;
2026/06/26;0200 UTC;0;1012,4;1012,5;1012,2;0;8,6;7,4;9,3;7,8;8,6;5,9;100;83;94;17;2,2;1,3;
2026/06/26;0300 UTC;0;1012,5;1012,6;1012,2;0;7;7;7,9;6,2;8;5,9;100;97;100;59;2,1;1,2;
2026/06/26;0400 UTC;0;1012;1012,2;1011,7;0;7,1;6,6;7,5;6,7;7,3;6,1;100;95;98;33;2,6;2;
2026/06/26;0500 UTC;0;1011,7;1011,8;1011,6;0;5,8;5,5;6,9;5,4;6,1;4,8;100;95;98;33;2,9;1,7;
2026/06/26;0600 UTC;0;1011,3;1011,8;1010,7;0;5,5;5,5;5,9;5,2;6;5,2;100;98;100;51;2,6;1,3;
2026/06/26;0700 UTC;0;1010,4;1010,7;1010,3;0;5;5,1;5,2;4,6;5,3;4,6;100;100;100;64;2,7;1;
2026/06/26;0800 UTC;0;1010,4;1010,4;1010,3;0;4,7;4,8;5,2;4,1;5,3;4,1;100;100;100;39;2,5;1,3;
2026/06/26;0900 UTC;0;1010,4;1010,5;1010,3;0;4,3;4,4;4,5;4,2;4,5;4,3;100;100;100;41;2,3;1,2;
2026/06/26;1000 UTC;0;1010,4;1010,5;1010,3;0;4;4,1;4,3;3,6;4,4;3,7;100;100;100;71;2;,8;
2026/06/26;1100 UTC;0;1010,7;1010,9;1010,5;16,5;3,5;3,6;3,8;3,1;3,8;3,2;100;100;100;68;1,4;,9;
2026/06/26;1200 UTC;0;1011,2;1011,6;1010,8;305,7;3,6;3,7;5;2,9;5,1;2,9;100;100;100;80;1,6;,6;
2026/06/26;1300 UTC;0;1011,7;1011,8;1011,6;1128,5;6,9;6;8,5;5,1;6,5;5,1;100;87;96;45;3,5;1,6;
2026/06/26;1400 UTC;0;1011,6;1011,8;1011,3;1745,4;9,9;6,5;11,3;8,5;7,3;5,9;90;76;83;42;4,7;2,5;
2026/06/26;1500 UTC;0;1010,7;1010,7;1010,7;2235,5;14,1;7,3;14,2;14;7,7;7;68;64;66;11;12,3;10,1;
2026/06/26;1600 UTC;0;1010,3;1010,6;1010;2290,5;15,1;7,8;16,3;14,1;8,7;7;68;58;63;5;2,5;2,5;
2026/06/26;1700 UTC;0;1009,4;1010;1008,9;2235,2;17,4;8,2;18,1;16,4;8,9;6,4;61;42;54;83;3;1,7;
2026/06/26;1800 UTC;6,8;1008,4;1008,5;1008,3;1829,7;18,7;7,2;19,4;18;8,1;6,4;48;38;43;35;3,8;1,3;
2026/06/26;1900 UTC;0;1008,1;1008,4;1007,8;;19;7,6;19,4;18,8;8,5;7,1;47;40;43;88;4;1,5;
2026/06/26;2000 UTC;0;1007,7;1007,8;1007,6;;19;8,5;19,2;18,8;9;7,6;50;43;47;79;3,9;,9;
2026/06/26;2100 UTC;0;1007,8;1008;1007,6;;17,7;9;18,8;15,9;9,9;8,6;64;50;57;97;1,9;,9;
2026/06/26;2200 UTC;0;1008;1008,1;1007,8;;15,1;8,4;15,9;13,9;8,8;8,2;72;62;67;101;3,3;2,1;
2026/06/26;2300 UTC;0;1008,1;1008,6;1007,9;;13,2;7,9;14,1;12,3;8,2;7,5;76;70;73;42;3,8;,7;
2026/06/27;0000 UTC;0;1008,9;1009,1;1008,6;;12,2;7,3;12,8;11,6;7,7;6,8;79;72;75;94;2,6;1,3;
2026/06/27;0100 UTC;0;1009,1;1009,2;1009;;12;6,6;12,3;11,8;6,8;6,5;75;71;73;81;3,8;1,4;
2026/06/27;0200 UTC;0;1009,3;1009,4;1009,2;;11,4;6,5;12,2;9,7;6,6;6,1;83;72;75;95;3,4;,8;
2026/06/27;0300 UTC;0;1009,1;1009,3;1009;;11,1;6,6;12,1;10;7,8;6,3;86;72;77;31;2,8;1,3;
2026/06/27;0400 UTC;0;1008,9;1009;1008,8;;10;7,1;10,7;9;7,7;6,8;89;83;86;20;2,5;,4;
2026/06/27;0500 UTC;0;1008,4;1008,5;1008,3;;9,7;6,5;9,8;9,6;6,6;6,4;85;83;84;56;2,6;1,1;
2026/06/27;0600 UTC;0;1008,2;1008,5;1007,9;;9;6,5;9,6;8,3;6,8;6,2;92;84;88;76;2,4;1,4;
2026/06/27;0700 UTC;0;1007,9;1008;1007,8;;9,1;6,4;9,8;8;6,7;6;92;83;87;102;2,4;,8;
2026/06/27;0800 UTC;0;1007,7;1007,8;1007,6;;8,7;6,3;8,8;8,4;6,6;6,1;90;86;88;117;2,4;1,3;
2026/06/27;0900 UTC;;1007,6;1007,7;1007,5;;8,5;6,1;9,1;8,1;6,4;5,9;90;85;88;63;2,1;1,3;
2026/06/27;1000 UTC;;;;;;;;;;;;;;;;;;
2026/06/27;1100 UTC;;;;;;;;;;;;;;;;;;
2026/06/27;1200 UTC;;;;;;;;;;;;;;;;;;
2026/06/27;1300 UTC;;;;;;;;;;;;;;;;;;
2026/06/27;1400 UTC;;;;;;;;;;;;;;;;;;
2026/06/27;1500 UTC;;;;;;;;;;;;;;;;;;
2026/06/27;1600 UTC;;;;;;;;;;;;;;;;;;
2026/06/27;1700 UTC;;;;;;;;;;;;;;;;;;
2026/06/27;1800 UTC;;;;;;;;;;;;;;;;;;
2026/06/27;1900 UTC;;;;;;;;;;;;;;;;;;
2026/06/27;2000 UTC;;;;;;;;;;;;;;;;;;
2026/06/27;2100 UTC;;;;;;;;;;;;;;;;;;
2026/06/27;2200 UTC;;;;;;;;;;;;;;;;;;
2026/06/27;2300 UTC;;;;;;;;;;;;;;;;;;
2026/06/28;0000 UTC;;;;;;;;;;;;;;;;;;
2026/06/28;0100 UTC;;;;;;;;;;;;;;;;;;
2026/06/28;0200 UTC;;;;;;;;;;;;;;;;;;
2026/06/28;0300 UTC;;;;;;;;;;;;;;;;;;
2026/06/28;0400 UTC;;;;;;;;;;;;;;;;;;
2026/06/28;0500 UTC;;;;;;;;;;;;;;;;;;
2026/06/28;0600 UTC;;;;;;;;;;;;;;;;;;
2026/06/28;0700 UTC;;;;;;;;;;;;;;;;;;
2026/06/28;0800 UTC;;;;;;;;;;;;;;;;;;
2026/06/28;0900 UTC;;;;;;;;;;;;;;;;;;
2026/06/28;1000 UTC;;;;;;;;;;;;;;;;;;
2026/06/28;1100 UTC;;;;;;;;;;;;;;;;;;
2026/06/28;1200 UTC;;;;;;;;;;;;;;;;;;
2026/06/28;1300 UTC;;;;;;;;;;;;;;;;;;
2026/06/28;1400 UTC;;;;;;;;;;;;;;;;;;
2026/06/28;1500 UTC;;;;;;;;;;;;;;;;;;
2026/06/28;1600 UTC;;;;;;;;;;;;;;;;;;
2026/06/28;1700 UTC;;;;;;;;;;;;;;;;;;
2026/06/28;1800 UTC;;;;;;;;;;;;;;;;;;
2026/06/28;1900 UTC;;;;;;;;;;;;;;;;;;
2026/06/28;2000 UTC;;;;;;;;;;;;;;;;;;
2026/06/28;2100 UTC;;;;;;;;;;;;;;;;;;
2026/06/28;2200 UTC;;;;;;;;;;;;;;;;;;
2026/06/28;2300 UTC;;;;;;;;;;;;;;;;;;
2026/06/29;0000 UTC;;;;;;;;;;;;;;;;;;
2026/06/29;0100 UTC;;;;;;;;;;;;;;;;;;
2026/06/29;0200 UTC;;;;;;;;;;;;;;;;;;
2026/06/29;0300 UTC;;;;;;;;;;;;;;;;;;
2026/06/29;0400 UTC;;;;;;;;;;;;;;;;;;
2026/06/29;0500 UTC;;;;;;;;;;;;;;;;;;
2026/06/29;0600 UTC;;;;;;;;;;;;;;;;;;
2026/06/29;0700 UTC;;;;;;;;;;;;;;;;;;
2026/06/29;0800 UTC;;;;;;;;;;;;;;;;;;
2026/06/29;0900 UTC;;;;;;;;;;;;;;;;;;
2026/06/29;1000 UTC;;;;;;;;;;;;;;;;;;
2026/06/29;1100 UTC;;;;;;;;;;;;;;;;;;
2026/06/29;1200 UTC;;;;;;;;;;;;;;;;;;
2026/06/29;1300 UTC;;;;;;;;;;;;;;;;;;
2026/06/29;1400 UTC;;;;;;;;;;;;;;;;;;
2026/06/29;1500 UTC;;;;;;;;;;;;;;;;;;
2026/06/29;1600 UTC;;;;;;;;;;;;;;;;;;
2026/06/29;1700 UTC;;;;;;;;;;;;;;;;;;
2026/06/29;1800 UTC;;;;;;;;;;;;;;;;;;
2026/06/29;1900 UTC;;;;;;;;;;;;;;;;;;
2026/06/29;2000 UTC;;;;;;;;;;;;;;;;;;
2026/06/29;2100 UTC;;;;;;;;;;;;;;;;;;
2026/06/29;2200 UTC;;;;;;;;;;;;;;;;;;
2026/06/29;2300 UTC;;;;;;;;;;;;;;;;;;
2026/06/30;0000 UTC;;;;;;;;;;;;;;;;;;
2026/06/30;0100 UTC;;;;;;;;;;;;;;;;;;
2026/06/30;0200 UTC;;;;;;;;;;;;;;;;;;
2026/06/30;0300 UTC;;;;;;;;;;;;;;;;;;
2026/06/30;0400 UTC;;;;;;;;;;;;;;;;;;
2026/06/30;0500 UTC;;;;;;;;;;;;;;;;;;
2026/06/30;0600 UTC;;;;;;;;;;;;;;;;;;
2026/06/30;0700 UTC;;;;;;;;;;;;;;;;;;
2026/06/30;0800 UTC;;;;;;;;;;;;;;;;;;
2026/06/30;0900 UTC;;;;;;;;;;;;;;;;;;
2026/06/30;1000 UTC;;;;;;;;;;;;;;;;;;
2026/06/30;1100 UTC;;;;;;;;;;;;;;;;;;
2026/06/30;1200 UTC;;;;;;;;;;;;;;;;;;
2026/06/30;1300 UTC;;;;;;;;;;;;;;;;;;
2026/06/30;1400 UTC;;;;;;;;;;;;;;;;;;
2026/06/30;1500 UTC;;;;;;;;;;;;;;;;;;
2026/06/30;1600 UTC;;;;;;;;;;;;;;;;;;
2026/06/30;1700 UTC;;;;;;;;;;;;;;;;;;
2026/06/30;1800 UTC;;;;;;;;;;;;;;;;;;
2026/06/30;1900 UTC;;;;;;;;;;;;;;;;;;
2026/06/30;2000 UTC;;;;;;;;;;;;;;;;;;
2026/06/30;2100 UTC;;;;;;;;;;;;;;;;;;
2026/06/30;2200 UTC;;;;;;;;;;;;;;;;;;
2026/06/30;2300 UTC;;;;;;;;;;;;;;;;;;
2026/07/01;0000 UTC;;;;;;;;;;;;;;;;;;
2026/07/01;0100 UTC;;;;;;;;;;;;;;;;;;
2026/07/01;0200 UTC;;;;;;;;;;;;;;;;;;
2026/07/01;0300 UTC;;;;;;;;;;;;;;;;;;
2026/07/01;0400 UTC;;;;;;;;;;;;;;;;;;
2026/07/01;0500 UTC;;;;;;;;;;;;;;;;;;
2026/07/01;0600 UTC;;;;;;;;;;;;;;;;;;
2026/07/01;0700 UTC;;;;;;;;;;;;;;;;;;
2026/07/01;0800 UTC;;;;;;;;;;;;;;;;;;
2026/07/01;0900 UTC;;;;;;;;;;;;;;;;;;
2026/07/01;1000 UTC;;;;;;;;;;;;;;;;;;
2026/07/01;1100 UTC;;;;;;;;;;;;;;;;;;
2026/07/01;1200 UTC;;;;;;;;;;;;;;;;;;
2026/07/01;1300 UTC;;;;;;;;;;;;;;;;;;
2026/07/01;1400 UTC;;;;;;;;;;;;;;;;;;
2026/07/01;1500 UTC;;;;;;;;;;;;;;;;;;
2026/07/01;1600 UTC;;;;;;;;;;;;;;;;;;
2026/07/01;1700 UTC;;;;;;;;;;;;;;;;;;
2026/07/01;1800 UTC;;;;;;;;;;;;;;;;;;
2026/07/01;1900 UTC;;;;;;;;;;;;;;;;;;
2026/07/01;2000 UTC;;;;;;;;;;;;;;;;;;
2026/07/01;2100 UTC;;;;;;;;;;;;;;;;;;
2026/07/01;2200 UTC;;;;;;;;;;;;;;;;;;
2026/07/01;2300 UTC;;;;;;;;;;;;;;;;;;
2026/07/02;0000 UTC;;;;;;;;;;;;;;;;;;
2026/07/02;0100 UTC;;;;;;;;;;;;;;;;;;
2026/07/02;0200 UTC;;;;;;;;;;;;;;;;;;
2026/07/02;0300 UTC;;;;;;;;;;;;;;;;;;
2026/07/02;0400 UTC;;;;;;;;;;;;;;;;;;
2026/07/02;0500 UTC;;;;;;;;;;;;;;;;;;
2026/07/02;0600 UTC;;;;;;;;;;;;;;;;;;
2026/07/02;0700 UTC;;;;;;;;;;;;;;;;;;
2026/07/02;0800 UTC;;;;;;;;;;;;;;;;;;
2026/07/02;0900 UTC;;;;;;;;;;;;;;;;;;
2026/07/02;1000 UTC;;;;;;;;;;;;;;;;;;
2026/07/02;1100 UTC;;;;;;;;;;;;;;;;;;
2026/07/02;1200 UTC;;;;;;;;;;;;;;;;;;
2026/07/02;1300 UTC;;;;;;;;;;;;;;;;;;
2026/07/02;1400 UTC;;;;;;;;;;;;;;;;;;
2026/07/02;1500 UTC;;;;;;;;;;;;;;;;;;
2026/07/02;1600 UTC;;;;;;;;;;;;;;;;;;
2026/07/02;1700 UTC;;;;;;;;;;;;;;;;;;
2026/07/02;1800 UTC;;;;;;;;;;;;;;;;;;
2026/07/02;1900 UTC;;;;;;;;;;;;;;;;;;
2026/07/02;2000 UTC;;;;;;;;;;;;;;;;;;
2026/07/02;2100 UTC;;;;;;;;;;;;;;;;;;
2026/07/02;2200 UTC;;;;;;;;;;;;;;;;;;
2026/07/02;2300 UTC;;;;;;;;;;;;;;;;;;
2026/07/03;0000 UTC;;;;;;;;;;;;;;;;;;
2026/07/03;0100 UTC;;;;;;;;;;;;;;;;;;
2026/07/03;0200 UTC;;;;;;;;;;;;;;;;;;
2026/07/03;0300 UTC;;;;;;;;;;;;;;;;;;
2026/07/03;0400 UTC;;;;;;;;;;;;;;;;;;
2026/07/03;0500 UTC;;;;;;;;;;;;;;;;;;
2026/07/03;0600 UTC;;;;;;;;;;;;;;;;;;
2026/07/03;0700 UTC;;;;;;;;;;;;;;;;;;
2026/07/03;0800 UTC;;;;;;;;;;;;;;;;;;
2026/07/03;0900 UTC;;;;;;;;;;;;;;;;;;
2026/07/03;1000 UTC;;;;;;;;;;;;;;;;;;
2026/07/03;1100 UTC;;;;;;;;;;;;;;;;;;
2026/07/03;1200 UTC;;;;;;;;;;;;;;;;;;
2026/07/03;1300 UTC;;;;;;;;;;;;;;;;;;
2026/07/03;1400 UTC;;;;;;;;;;;;;;;;;;
2026/07/03;1500 UTC;;;;;;;;;;;;;;;;;;
2026/07/03;1600 UTC;;;;;;;;;;;;;;;;;;
2026/07/03;1700 UTC;;;;;;;;;;;;;;;;;;
2026/07/03;1800 UTC;;;;;;;;;;;;;;;;;;
2026/07/03;1900 UTC;;;;;;;;;;;;;;;;;;
2026/07/03;2000 UTC;;;;;;;;;;;;;;;;;;
2026/07/03;2100 UTC;;;;;;;;;;;;;;;;;;
2026/07/03;2200 UTC;;;;;;;;;;;;;;;;;;
2026/07/03;2300 UTC;;;;;;;;;;;;;;;;;;
2026/07/04;0000 UTC;;;;;;;;;;;;;;;;;;
2026/07/04;0100 UTC;;;;;;;;;;;;;;;;;;
2026/07/04;0200 UTC;;;;;;;;;;;;;;;;;;
2026/07/04;0300 UTC;;;;;;;;;;;;;;;;;;
2026/07/04;0400 UTC;;;;;;;;;;;;;;;;;;
2026/07/04;0500 UTC;;;;;;;;;;;;;;;;;;
2026/07/04;0600 UTC;;;;;;;;;;;;;;;;;;
2026/07/04;0700 UTC;;;;;;;;;;;;;;;;;;
2026/07/04;0800 UTC;;;;;;;;;;;;;;;;;;
2026/07/04;0900 UTC;;;;;;;;;;;;;;;;;;
2026/07/04;1000 UTC;;;;;;;;;;;;;;;;;;
2026/07/04;1100 UTC;;;;;;;;;;;;;;;;;;
2026/07/04;1200 UTC;;;;;;;;;;;;;;;;;;
2026/07/04;1300 UTC;;;;;;;;;;;;;;;;;;
2026/07/04;1400 UTC;;;;;;;;;;;;;;;;;;
2026/07/04;1500 UTC;;;;;;;;;;;;;;;;;;
2026/07/04;1600 UTC;;;;;;;;;;;;;;;;;;
2026/07/04;1700 UTC;;;;;;;;;;;;;;;;;;
2026/07/04;1800 UTC;;;;;;;;;;;;;;;;;;
2026/07/04;1900 UTC;;;;;;;;;;;;;;;;;;
2026/07/04;2000 UTC;;;;;;;;;;;;;;;;;;
2026/07/04;2100 UTC;;;;;;;;;;;;;;;;;;
2026/07/04;2200 UTC;;;;;;;;;;;;;;;;;;
2026/07/04;2300 UTC;;;;;;;;;;;;;;;;;;
2026/07/05;0000 UTC;;;;;;;;;;;;;;;;;;
2026/07/05;0100 UTC;;;;;;;;;;;;;;;;;;
2026/07/05;0200 UTC;;;;;;;;;;;;;;;;;;
2026/07/05;0300 UTC;;;;;;;;;;;;;;;;;;
2026/07/05;0400 UTC;;;;;;;;;;;;;;;;;;
2026/07/05;0500 UTC;;;;;;;;;;;;;;;;;;
2026/07/05;0600 UTC;;;;;;;;;;;;;;;;;;
2026/07/05;0700 UTC;;;;;;;;;;;;;;;;;;
2026/07/05;0800 UTC;;;;;;;;;;;;;;;;;;
2026/07/05;0900 UTC;;;;;;;;;;;;;;;;;;
2026/07/05;1000 UTC;;;;;;;;;;;;;;;;;;
2026/07/05;1100 UTC;;;;;;;;;;;;;;;;;;
2026/07/05;1200 UTC;;;;;;;;;;;;;;;;;;
2026/07/05;1300 UTC;;;;;;;;;;;;;;;;;;
2026/07/05;1400 UTC;;;;;;;;;;;;;;;;;;
2026/07/05;1500 UTC;;;;;;;;;;;;;;;;;;
2026/07/05;1600 UTC;;;;;;;;;;;;;;;;;;
2026/07/05;1700 UTC;;;;;;;;;;;;;;;;;;
2026/07/05;1800 UTC;;;;;;;;;;;;;;;;;;
2026/07/05;1900 UTC;;;;;;;;;;;;;;;;;;
2026/07/05;2000 UTC;;;;;;;;;;;;;;;;;;
2026/07/05;2100 UTC;;;;;;;;;;;;;;;;;;
2026/07/05;2200 UTC;;;;;;;;;;;;;;;;;;
2026/07/05;2300 UTC;;;;;;;;;;;;;;;;;;
2026/07/06;0000 UTC;;;;;;;;;;;;;;;;;;
2026/07/06;0100 UTC;;;;;;;;;;;;;;;;;;
2026/07/06;0200 UTC;;;;;;;;;;;;;;;;;;
2026/07/06;0300 UTC;;;;;;;;;;;;;;;;;;
2026/07/06;0400 UTC;;;;;;;;;;;;;;;;;;
2026/07/06;0500 UTC;;;;;;;;;;;;;;;;;;
2026/07/06;0600 UTC;;;;;;;;;;;;;;;;;;
2026/07/06;0700 UTC;;;;;;;;;;;;;;;;;;
2026/07/06;0800 UTC;;;;;;;;;;;;;;;;;;
2026/07/06;0900 UTC;;;;;;;;;;;;;;;;;;
2026/07/06;1000 UTC;;;;;;;;;;;;;;;;;;
2026/07/06;1100 UTC;;;;;;;;;;;;;;;;;;
2026/07/06;1200 UTC;;;;;;;;;;;;;;;;;;
2026/07/06;1300 UTC;;;;;;;;;;;;;;;;;;
2026/07/06;1400 UTC;;;;;;;;;;;;;;;;;;
2026/07/06;1500 UTC;;;;;;;;;;;;;;;;;;
2026/07/06;1600 UTC;;;;;;;;;;;;;;;;;;
2026/07/06;1700 UTC;;;;;;;;;;;;;;;;;;
2026/07/06;1800 UTC;;;;;;;;;;;;;;;;;;
2026/07/06;1900 UTC;;;;;;;;;;;;;;;;;;
2026/07/06;2000 UTC;;;;;;;;;;;;;;;;;;
2026/07/06;2100 UTC;;;;;;;;;;;;;;;;;;
2026/07/06;2200 UTC;;;;;;;;;;;;;;;;;;
2026/07/06;2300 UTC;;;;;;;;;;;;;;;;;;
2026/07/07;0000 UTC;;;;;;;;;;;;;;;;;;
2026/07/07;0100 UTC;;;;;;;;;;;;;;;;;;
2026/07/07;0200 UTC;;;;;;;;;;;;;;;;;;
2026/07/07;0300 UTC;;;;;;;;;;;;;;;;;;
2026/07/07;0400 UTC;;;;;;;;;;;;;;;;;;
2026/07/07;0500 UTC;;;;;;;;;;;;;;;;;;
2026/07/07;0600 UTC;;;;;;;;;;;;;;;;;;
2026/07/07;0700 UTC;;;;;;;;;;;;;;;;;;
2026/07/07;0800 UTC;;;;;;;;;;;;;;;;;;
2026/07/07;0900 UTC;;;;;;;;;;;;;;;;;;
2026/07/07;1000 UTC;;;;;;;;;;;;;;;;;;
2026/07/07;1100 UTC;;;;;;;;;;;;;;;;;;
2026/07/07;1200 UTC;;;;;;;;;;;;;;;;;;
2026/07/07;1300 UTC;;;;;;;;;;;;;;;;;;
2026/07/07;1400 UTC;;;;;;;;;;;;;;;;;;
2026/07/07;1500 UTC;;;;;;;;;;;;;;;;;;
2026/07/07;1600 UTC;;;;;;;;;;;;;;;;;;
2026/07/07;1700 UTC;;;;;;;;;;;;;;;;;;
2026/07/07;1800 UTC;;;;;;;;;;;;;;;;;;
2026/07/07;1900 UTC;;;;;;;;;;;;;;;;;;
2026/07/07;2000 UTC;;;;;;;;;;;;;;;;;;
2026/07/07;2100 UTC;;;;;;;;;;;;;;;;;;
2026/07/07;2200 UTC;;;;;;;;;;;;;;;;;;
2026/07/07;2300 UTC;;;;;;;;;;;;;;;;;;
2026/07/08;0000 UTC;;;;;;;;;;;;;;;;;;
2026/07/08;0100 UTC;;;;;;;;;;;;;;;;;;
2026/07/08;0200 UTC;;;;;;;;;;;;;;;;;;
2026/07/08;0300 UTC;;;;;;;;;;;;;;;;;;
2026/07/08;0400 UTC;;;;;;;;;;;;;;;;;;
2026/07/08;0500 UTC;;;;;;;;;;;;;;;;;;
2026/07/08;0600 UTC;;;;;;;;;;;;;;;;;;
2026/07/08;0700 UTC;;;;;;;;;;;;;;;;;;
2026/07/08;0800 UTC;;;;;;;;;;;;;;;;;;
2026/07/08;0900 UTC;;;;;;;;;;;;;;;;;;
2026/07/08;1000 UTC;;;;;;;;;;;;;;;;;;
2026/07/08;1100 UTC;;;;;;;;;;;;;;;;;;
2026/07/08;1200 UTC;;;;;;;;;;;;;;;;;;
2026/07/08;1300 UTC;;;;;;;;;;;;;;;;;;
2026/07/08;1400 UTC;;;;;;;;;;;;;;;;;;
2026/07/08;1500 UTC;;;;;;;;;;;;;;;;;;
2026/07/08;1600 UTC;;;;;;;;;;;;;;;;;;
2026/07/08;1700 UTC;;;;;;;;;;;;;;;;;;
2026/07/08;1800 UTC;;;;;;;;;;;;;;;;;;
2026/07/08;1900 UTC;;;;;;;;;;;;;;;;;;
2026/07/08;2000 UTC;;;;;;;;;;;;;;;;;;
2026/07/08;2100 UTC;;;;;;;;;;;;;;;;;;
2026/07/08;2200 UTC;;;;;;;;;;;;;;;;;;
2026/07/08;2300 UTC;;;;;;;;;;;;;;;;;;
2026/07/09;0000 UTC;;;;;;;;;;;;;;;;;;
2026/07/09;0100 UTC;;;;;;;;;;;;;;;;;;
2026/07/09;0200 UTC;;;;;;;;;;;;;;;;;;
2026/07/09;0300 UTC;;;;;;;;;;;;;;;;;;
2026/07/09;0400 UTC;;;;;;;;;;;;;;;;;;
2026/07/09;0500 UTC;;;;;;;;;;;;;;;;;;
2026/07/09;0600 UTC;;;;;;;;;;;;;;;;;;
2026/07/09;0700 UTC;;;;;;;;;;;;;;;;;;
2026/07/09;0800 UTC;;;;;;;;;;;;;;;;;;
2026/07/09;0900 UTC;;;;;;;;;;;;;;;;;;
2026/07/09;1000 UTC;;;;;;;;;;;;;;;;;;
2026/07/09;1100 UTC;;;;;;;;;;;;;;;;;;
2026/07/09;1200 UTC;;;;;;;;;;;;;;;;;;
2026/07/09;1300 UTC;;;;;;;;;;;;;;;;;;
2026/07/09;1400 UTC;;;;;;;;;;;;;;;;;;
2026/07/09;1500 UTC;;;;;;;;;;;;;;;;;;
2026/07/09;1600 UTC;;;;;;;;;;;;;;;;;;
2026/07/09;1700 UTC;;;;;;;;;;;;;;;;;;
2026/07/09;1800 UTC;;;;;;;;;;;;;;;;;;
2026/07/09;1900 UTC;;;;;;;;;;;;;;;;;;
2026/07/09;2000 UTC;;;;;;;;;;;;;;;;;;
2026/07/09;2100 UTC;;;;;;;;;;;;;;;;;;
2026/07/09;2200 UTC;;;;;;;;;;;;;;;;;;
2026/07/09;2300 UTC;;;;;;;;;;;;;;;;;;
2026/07/10;0000 UTC;;;;;;;;;;;;;;;;;;
2026/07/10;0100 UTC;;;;;;;;;;;;;;;;;;
2026/07/10;0200 UTC;;;;;;;;;;;;;;;;;;
2026/07/10;0300 UTC;;;;;;;;;;;;;;;;;;
2026/07/10;0400 UTC;;;;;;;;;;;;;;;;;;
2026/07/10;0500 UTC;;;;;;;;;;;;;;;;;;
2026/07/10;0600 UTC;;;;;;;;;;;;;;;;;;
2026/07/10;0700 UTC;;;;;;;;;;;;;;;;;;
2026/07/10;0800 UTC;;;;;;;;;;;;;;;;;;
2026/07/10;0900 UTC;;;;;;;;;;;;;;;;;;
2026/07/10;1000 UTC;;;;;;;;;;;;;;;;;;
2026/07/10;1100 UTC;;;;;;;;;;;;;;;;;;
2026/07/10;1200 UTC;;;;;;;;;;;;;;;;;;
2026/07/10;1300 UTC;;;;;;;;;;;;;;;;;;
2026/07/10;1400 UTC;;;;;;;;;;;;;;;;;;
2026/07/10;1500 UTC;;;;;;;;;;;;;;;;;;
2026/07/10;1600 UTC;;;;;;;;;;;;;;;;;;
2026/07/10;1700 UTC;;;;;;;;;;;;;;;;;;
2026/07/10;1800 UTC;;;;;;;;;;;;;;;;;;
2026/07/10;1900 UTC;;;;;;;;;;;;;;;;;;
2026/07/10;2000 UTC;;;;;;;;;;;;;;;;;;
2026/07/10;2100 UTC;;;;;;;;;;;;;;;;;;
2026/07/10;2200 UTC;;;;;;;;;;;;;;;;;;
2026/07/10;2300 UTC;;;;;;;;;;;;;;;;;;
2026/07/11;0000 UTC;;;;;;;;;;;;;;;;;;
2026/07/11;0100 UTC;;;;;;;;;;;;;;;;;;
2026/07/11;0200 UTC;;;;;;;;;;;;;;;;;;
2026/07/11;0300 UTC;;;;;;;;;;;;;;;;;;
2026/07/11;0400 UTC;;;;;;;;;;;;;;;;;;
2026/07/11;0500 UTC;;;;;;;;;;;;;;;;;;
2026/07/11;0600 UTC;;;;;;;;;;;;;;;;;;
2026/07/11;0700 UTC;;;;;;;;;;;;;;;;;;
2026/07/11;0800 UTC;;;;;;;;;;;;;;;;;;
2026/07/11;0900 UTC;;;;;;;;;;;;;;;;;;
2026/07/11;1000 UTC;;;;;;;;;;;;;;;;;;
2026/07/11;1100 UTC;;;;;;;;;;;;;;;;;;
2026/07/11;1200 UTC;;;;;;;;;;;;;;;;;;
2026/07/11;1300 UTC;;;;;;;;;;;;;;;;;;
2026/07/11;1400 UTC;;;;;;;;;;;;;;;;;;
2026/07/11;1500 UTC;;;;;;;;;;;;;;;;;;
2026/07/11;1600 UTC;;;;;;;;;;;;;;;;;;
2026/07/11;1700 UTC;;;;;;;;;;;;;;;;;;
2026/07/11;1800 UTC;;;;;;;;;;;;;;;;;;
2026/07/11;1900 UTC;;;;;;;;;;;;;;;;;;
2026/07/11;2000 UTC;;;;;;;;;;;;;;;;;;
2026/07/11;2100 UTC;;;;;;;;;;;;;;;;;;
2026/07/11;2200 UTC;;;;;;;;;;;;;;;;;;
2026/07/11;2300 UTC;;;;;;;;;;;;;;;;;;
2026/07/12;0000 UTC;;;;;;;;;;;;;;;;;;
2026/07/12;0100 UTC;;;;;;;;;;;;;;;;;;
2026/07/12;0200 UTC;;;;;;;;;;;;;;;;;;
2026/07/12;0300 UTC;;;;;;;;;;;;;;;;;;
2026/07/12;0400 UTC;;;;;;;;;;;;;;;;;;
2026/07/12;0500 UTC;;;;;;;;;;;;;;;;;;
2026/07/12;0600 UTC;;;;;;;;;;;;;;;;;;
2026/07/12;0700 UTC;;;;;;;;;;;;;;;;;;
2026/07/12;0800 UTC;;;;;;;;;;;;;;;;;;
2026/07/12;0900 UTC;;;;;;;;;;;;;;;;;;
2026/07/12;1000 UTC;;;;;;;;;;;;;;;;;;
2026/07/12;1100 UTC;;;;;;;;;;;;;;;;;;
2026/07/12;1200 UTC;;;;;;;;;;;;;;;;;;
2026/07/12;1300 UTC;;;;;;;;;;;;;;;;;;
2026/07/12;1400 UTC;;;;;;;;;;;;;;;;;;
2026/07/12;1500 UTC;;;;;;;;;;;;;;;;;;
2026/07/12;1600 UTC;;;;;;;;;;;;;;;;;;
2026/07/12;1700 UTC;;;;;;;;;;;;;;;;;;
2026/07/12;1800 UTC;;;;;;;;;;;;;;;;;;
2026/07/12;1900 UTC;;;;;;;;;;;;;;;;;;
2026/07/12;2000 UTC;;;;;;;;;;;;;;;;;;
2026/07/12;2100 UTC;;;;;;;;;;;;;;;;;;
2026/07/12;2200 UTC;;;;;;;;;;;;;;;;;;
2026/07/12;2300 UTC;;;;;;;;;;;;;;;;;;
2026/07/13;0000 UTC;;;;;;;;;;;;;;;;;;
2026/07/13;0100 UTC;;;;;;;;;;;;;;;;;;
2026/07/13;0200 UTC;;;;;;;;;;;;;;;;;;
2026/07/13;0300 UTC;;;;;;;;;;;;;;;;;;
2026/07/13;0400 UTC;;;;;;;;;;;;;;;;;;
2026/07/13;0500 UTC;;;;;;;;;;;;;;;;;;
2026/07/13;0600 UTC;;;;;;;;;;;;;;;;;;
2026/07/13;0700 UTC;;;;;;;;;;;;;;;;;;
2026/07/13;0800 UTC;;;;;;;;;;;;;;;;;;
2026/07/13;0900 UTC;;;;;;;;;;;;;;;;;;
2026/07/13;1000 UTC;;;;;;;;;;;;;;;;;;
2026/07/13;1100 UTC;;;;;;;;;;;;;;;;;;
2026/07/13;1200 UTC;;;;;;;;;;;;;;;;;;
2026/07/13;1300 UTC;;;;;;;;;;;;;;;;;;
2026/07/13;1400 UTC;;;;;;;;;;;;;;;;;;
2026/07/13;1500 UTC;;;;;;;;;;;;;;;;;;
2026/07/13;1600 UTC;;;;;;;;;;;;;;;;;;
2026/07/13;1700 UTC;;;;;;;;;;;;;;;;;;
2026/07/13;1800 UTC;;;;;;;;;;;;;;;;;;
2026/07/13;1900 UTC;;;;;;;;;;;;;;;;;;
2026/07/13;2000 UTC;;;;;;;;;;;;;;;;;;
2026/07/13;2100 UTC;;;;;;;;;;;;;;;;;;
2026/07/13;2200 UTC;;;;;;;;;;;;;;;;;;
2026/07/13;2300 UTC;;;;;;;;;;;;;;;;;;
2026/07/14;0000 UTC;;;;;;;;;;;;;;;;;;
2026/07/14;0100 UTC;;;;;;;;;;;;;;;;;;
2026/07/14;0200 UTC;;;;;;;;;;;;;;;;;;
2026/07/14;0300 UTC;;;;;;;;;;;;;;;;;;
2026/07/14;0400 UTC;;;;;;;;;;;;;;;;;;
2026/07/14;0500 UTC;;;;;;;;;;;;;;;;;;
2026/07/14;0600 UTC;;;;;;;;;;;;;;;;;;
2026/07/14;0700 UTC;;;;;;;;;;;;;;;;;;
2026/07/14;0800 UTC;;;;;;;;;;;;;;;;;;
2026/07/14;0900 UTC;;;;;;;;;;;;;;;;;;
2026/07/14;1000 UTC;;;;;;;;;;;;;;;;;;
2026/07/14;1100 UTC;;;;;;;;;;;;;;;;;;
2026/07/14;1200 UTC;;;;;;;;;;;;;;;;;;
2026/07/14;1300 UTC;;;;;;;;;;;;;;;;;;
2026/07/14;1400 UTC;;;;;;;;;;;;;;;;;;
2026/07/14;1500 UTC;;;;;;;;;;;;;;;;;;
2026/07/14;1600 UTC;;;;;;;;;;;;;;;;;;
2026/07/14;1700 UTC;;;;;;;;;;;;;;;;;;
2026/07/14;1800 UTC;;;;;;;;;;;;;;;;;;
2026/07/14;1900 UTC;;;;;;;;;;;;;;;;;;
2026/07/14;2000 UTC;;;;;;;;;;;;;;;;;;
2026/07/14;2100 UTC;;;;;;;;;;;;;;;;;;
2026/07/14;2200 UTC;;;;;;;;;;;;;;;;;;
2026/07/14;2300 UTC;;;;;;;;;;;;;;;;;;
2026/07/15;0000 UTC;;;;;;;;;;;;;;;;;;
2026/07/15;0100 UTC;;;;;;;;;;;;;;;;;;
2026/07/15;0200 UTC;;;;;;;;;;;;;;;;;;
2026/07/15;0300 UTC;;;;;;;;;;;;;;;;;;
2026/07/15;0400 UTC;;;;;;;;;;;;;;;;;;
2026/07/15;0500 UTC;;;;;;;;;;;;;;;;;;
2026/07/15;0600 UTC;;;;;;;;;;;;;;;;;;
2026/07/15;0700 UTC;;;;;;;;;;;;;;;;;;
2026/07/15;0800 UTC;;;;;;;;;;;;;;;;;;
2026/07/15;0900 UTC;;;;;;;;;;;;;;;;;;
2026/07/15;1000 UTC;;;;;;;;;;;;;;;;;;
2026/07/15;1100 UTC;;;;;;;;;;;;;;;;;;
2026/07/15;1200 UTC;;;;;;;;;;;;;;;;;;
2026/07/15;1300 UTC;;;;;;;;;;;;;;;;;;
2026/07/15;1400 UTC;;;;;;;;;;;;;;;;;;
2026/07/15;1500 UTC;;;;;;;;;;;;;;;;;;
2026/07/15;1600 UTC;;;;;;;;;;;;;;;;;;
2026/07/15;1700 UTC;;;;;;;;;;;;;;;;;;
2026/07/15;1800 UTC;;;;;;;;;;;;;;;;;;
2026/07/15;1900 UTC;;;;;;;;;;;;;;;;;;
2026/07/15;2000 UTC;;;;;;;;;;;;;;;;;;
2026/07/15;2100 UTC;;;;;;;;;;;;;;;;;;
2026/07/15;2200 UTC;;;;;;;;;;;;;;;;;;
2026/07/15;2300 UTC;;;;;;;;;;;;;;;;;;
2026/07/16;0000 UTC;;;;;;;;;;;;;;;;;;
2026/07/16;0100 UTC;;;;;;;;;;;;;;;;;;
2026/07/16;0200 UTC;;;;;;;;;;;;;;;;;;
2026/07/16;0300 UTC;;;;;;;;;;;;;;;;;;
2026/07/16;0400 UTC;;;;;;;;;;;;;;;;;;
2026/07/16;0500 UTC;;;;;;;;;;;;;;;;;;
2026/07/16;0600 UTC;;;;;;;;;;;;;;;;;;
2026/07/16;0700 UTC;;;;;;;;;;;;;;;;;;
2026/07/16;0800 UTC;;;;;;;;;;;;;;;;;;
2026/07/16;0900 UTC;;;;;;;;;;;;;;;;;;
2026/07/16;1000 UTC;;;;;;;;;;;;;;;;;;
2026/07/16;1100 UTC;;;;;;;;;;;;;;;;;;
2026/07/16;1200 UTC;;;;;;;;;;;;;;;;;;
2026/07/16;1300 UTC;;;;;;;;;;;;;;;;;;
2026/07/16;1400 UTC;;;;;;;;;;;;;;;;;;
2026/07/16;1500 UTC;;;;;;;;;;;;;;;;;;
2026/07/16;1600 UTC;;;;;;;;;;;;;;;;;;
2026/07/16;1700 UTC;;;;;;;;;;;;;;;;;;
2026/07/16;1800 UTC;;;;;;;;;;;;;;;;;;
2026/07/16;1900 UTC;;;;;;;;;;;;;;;;;;
2026/07/16;2000 UTC;;;;;;;;;;;;;;;;;;
2026/07/16;2100 UTC;;;;;;;;;;;;;;;;;;
2026/07/16;2200 UTC;;;;;;;;;;;;;;;;;;
2026/07/16;2300 UTC;;;;;;;;;;;;;;;;;;
2026/07/17;0000 UTC;;;;;;;;;;;;;;;;;;
2026/07/17;0100 UTC;;;;;;;;;;;;;;;;;;
2026/07/17;0200 UTC;;;;;;;;;;;;;;;;;;
2026/07/17;0300 UTC;;;;;;;;;;;;;;;;;;
2026/07/17;0400 UTC;;;;;;;;;;;;;;;;;;
2026/07/17;0500 UTC;;;;;;;;;;;;;;;;;;
2026/07/17;0600 UTC;;;;;;;;;;;;;;;;;;
2026/07/17;0700 UTC;;;;;;;;;;;;;;;;;;
2026/07/17;0800 UTC;;;;;;;;;;;;;;;;;;
2026/07/17;0900 UTC;;;;;;;;;;;;;;;;;;
2026/07/17;1000 UTC;;;;;;;;;;;;;;;;;;
2026/07/17;1100 UTC;;;;;;;;;;;;;;;;;;
2026/07/17;1200 UTC;;;;;;;;;;;;;;;;;;
2026/07/17;1300 UTC;;;;;;;;;;;;;;;;;;
2026/07/17;1400 UTC;;;;;;;;;;;;;;;;;;
2026/07/17;1500 UTC;;;;;;;;;;;;;;;;;;
2026/07/17;1600 UTC;;;;;;;;;;;;;;;;;;
2026/07/17;1700 UTC;;;;;;;;;;;;;;;;;;
2026/07/17;1800 UTC;;;;;;;;;;;;;;;;;;
2026/07/17;1900 UTC;;;;;;;;;;;;;;;;;;
2026/07/17;2000 UTC;;;;;;;;;;;;;;;;;;
2026/07/17;2100 UTC;;;;;;;;;;;;;;;;;;
2026/07/17;2200 UTC;;;;;;;;;;;;;;;;;;
2026/07/17;2300 UTC;;;;;;;;;;;;;;;;;;
2026/07/18;0000 UTC;;;;;;;;;;;;;;;;;;
2026/07/18;0100 UTC;;;;;;;;;;;;;;;;;;
2026/07/18;0200 UTC;;;;;;;;;;;;;;;;;;
2026/07/18;0300 UTC;;;;;;;;;;;;;;;;;;
2026/07/18;0400 UTC;;;;;;;;;;;;;;;;;;
2026/07/18;0500 UTC;;;;;;;;;;;;;;;;;;
2026/07/18;0600 UTC;;;;;;;;;;;;;;;;;;
2026/07/18;0700 UTC;;;;;;;;;;;;;;;;;;
2026/07/18;0800 UTC;;;;;;;;;;;;;;;;;;
2026/07/18;0900 UTC;;;;;;;;;;;;;;;;;;
2026/07/18;1000 UTC;;;;;;;;;;;;;;;;;;
2026/07/18;1100 UTC;;;;;;;;;;;;;;;;;;
2026/07/18;1200 UTC;;;;;;;;;;;;;;;;;;
2026/07/18;1300 UTC;;;;;;;;;;;;;;;;;;
2026/07/18;1400 UTC;;;;;;;;;;;;;;;;;;
2026/07/18;1500 UTC;;;;;;;;;;;;;;;;;;
2026/07/18;1600 UTC;;;;;;;;;;;;;;;;;;
2026/07/18;1700 UTC;;;;;;;;;;;;;;;;;;
2026/07/18;1800 UTC;;;;;;;;;;;;;;;;;;
2026/07/18;1900 UTC;;;;;;;;;;;;;;;;;;
2026/07/18;2000 UTC;;;;;;;;;;;;;;;;;;
2026/07/18;2100 UTC;;;;;;;;;;;;;;;;;;
2026/07/18;2200 UTC;;;;;;;;;;;;;;;;;;
2026/07/18;2300 UTC;;;;;;;;;;;;;;;;;;
2026/07/19;0000 UTC;;;;;;;;;;;;;;;;;;
2026/07/19;0100 UTC;;;;;;;;;;;;;;;;;;
2026/07/19;0200 UTC;;;;;;;;;;;;;;;;;;
2026/07/19;0300 UTC;;;;;;;;;;;;;;;;;;
2026/07/19;0400 UTC;;;;;;;;;;;;;;;;;;
2026/07/19;0500 UTC;;;;;;;;;;;;;;;;;;
2026/07/19;0600 UTC;;;;;;;;;;;;;;;;;;
2026/07/19;0700 UTC;;;;;;;;;;;;;;;;;;
2026/07/19;0800 UTC;;;;;;;;;;;;;;;;;;
2026/07/19;0900 UTC;;;;;;;;;;;;;;;;;;
2026/07/19;1000 UTC;;;;;;;;;;;;;;;;;;
2026/07/19;1100 UTC;;;;;;;;;;;;;;;;;;
2026/07/19;1200 UTC;;;;;;;;;;;;;;;;;;
2026/07/19;1300 UTC;;;;;;;;;;;;;;;;;;
2026/07/19;1400 UTC;;;;;;;;;;;;;;;;;;
2026/07/19;1500 UTC;;;;;;;;;;;;;;;;;;
2026/07/19;1600 UTC;;;;;;;;;;;;;;;;;;
2026/07/19;1700 UTC;;;;;;;;;;;;;;;;;;
2026/07/19;1800 UTC;;;;;;;;;;;;;;;;;;
2026/07/19;1900 UTC;;;;;;;;;;;;;;;;;;
2026/07/19;2000 UTC;;;;;;;;;;;;;;;;;;
2026/07/19;2100 UTC;;;;;;;;;;;;;;;;;;
2026/07/19;2200 UTC;;;;;;;;;;;;;;;;;;
2026/07/19;2300 UTC;;;;;;;;;;;;;;;;;;
2026/07/20;0000 UTC;;;;;;;;;;;;;;;;;;
2026/07/20;0100 UTC;;;;;;;;;;;;;;;;;;
2026/07/20;0200 UTC;;;;;;;;;;;;;;;;;;
2026/07/20;0300 UTC;;;;;;;;;;;;;;;;;;
2026/07/20;0400 UTC;;;;;;;;;;;;;;;;;;
2026/07/20;0500 UTC;;;;;;;;;;;;;;;;;;
2026/07/20;0600 UTC;;;;;;;;;;;;;;;;;;
2026/07/20;0700 UTC;;;;;;;;;;;;;;;;;;
2026/07/20;0800 UTC;;;;;;;;;;;;;;;;;;
2026/07/20;0900 UTC;;;;;;;;;;;;;;;;;;
2026/07/20;1000 UTC;;;;;;;;;;;;;;;;;;
2026/07/20;1100 UTC;;;;;;;;;;;;;;;;;;
2026/07/20;1200 UTC;;;;;;;;;;;;;;;;;;
2026/07/20;1300 UTC;;;;;;;;;;;;;;;;;;
2026/07/20;1400 UTC;;;;;;;;;;;;;;;;;;
2026/07/20;1500 UTC;;;;;;;;;;;;;;;;;;
2026/07/20;1600 UTC;;;;;;;;;;;;;;;;;;
2026/07/20;1700 UTC;;;;;;;;;;;;;;;;;;
2026/07/20;1800 UTC;;;;;;;;;;;;;;;;;;
2026/07/20;1900 UTC;;;;;;;;;;;;;;;;;;
2026/07/20;2000 UTC;;;;;;;;;;;;;;;;;;
2026/07/20;2100 UTC;;;;;;;;;;;;;;;;;;
2026/07/20;2200 UTC;;;;;;;;;;;;;;;;;;
2026/07/20;2300 UTC;;;;;;;;;;;;;;;;;;
2026/07/21;0000 UTC;;;;;;;;;;;;;;;;;;
2026/07/21;0100 UTC;;;;;;;;;;;;;;;;;;
2026/07/21;0200 UTC;;;;;;;;;;;;;;;;;;
2026/07/21;0300 UTC;;;;;;;;;;;;;;;;;;
2026/07/21;0400 UTC;;;;;;;;;;;;;;;;;;
2026/07/21;0500 UTC;;;;;;;;;;;;;;;;;;
2026/07/21;0600 UTC;;;;;;;;;;;;;;;;;;
2026/07/21;0700 UTC;;;;;;;;;;;;;;;;;;
2026/07/21;0800 UTC;;;;;;;;;;;;;;;;;;
2026/07/21;0900 UTC;;;;;;;;;;;;;;;;;;
2026/07/21;1000 UTC;;;;;;;;;;;;;;;;;;
2026/07/21;1100 UTC;;;;;;;;;;;;;;;;;;
2026/07/21;1200 UTC;;;;;;;;;;;;;;;;;;
2026/07/21;1300 UTC;;;;;;;;;;;;;;;;;;
2026/07/21;1400 UTC;;;;;;;;;;;;;;;;;;
2026/07/21;1500 UTC;;;;;;;;;;;;;;;;;;
2026/07/21;1600 UTC;;;;;;;;;;;;;;;;;;
2026/07/21;1700 UTC;;;;;;;;;;;;;;;;;;
2026/07/21;1800 UTC;;;;;;;;;;;;;;;;;;
2026/07/21;1900 UTC;;;;;;;;;;;;;;;;;;
2026/07/21;2000 UTC;;;;;;;;;;;;;;;;;;
2026/07/21;2100 UTC;;;;;;;;;;;;;;;;;;
2026/07/21;2200 UTC;;;;;;;;;;;;;;;;;;
2026/07/21;2300 UTC;;;;;;;;;;;;;;;;;;
2026/07/22;0000 UTC;;;;;;;;;;;;;;;;;;
2026/07/22;0100 UTC;;;;;;;;;;;;;;;;;;
2026/07/22;0200 UTC;;;;;;;;;;;;;;;;;;
2026/07/22;0300 UTC;;;;;;;;;;;;;;;;;;
2026/07/22;0400 UTC;;;;;;;;;;;;;;;;;;
2026/07/22;0500 UTC;;;;;;;;;;;;;;;;;;
2026/07/22;0600 UTC;;;;;;;;;;;;;;;;;;
2026/07/22;0700 UTC;;;;;;;;;;;;;;;;;;
2026/07/22;0800 UTC;;;;;;;;;;;;;;;;;;
2026/07/22;0900 UTC;;;;;;;;;;;;;;;;;;
2026/07/22;1000 UTC;;;;;;;;;;;;;;;;;;
2026/07/22;1100 UTC;;;;;;;;;;;;;;;;;;
2026/07/22;1200 UTC;;;;;;;;;;;;;;;;;;
2026/07/22;1300 UTC;;;;;;;;;;;;;;;;;;
2026/07/22;1400 UTC;;;;;;;;;;;;;;;;;;
2026/07/22;1500 UTC;;;;;;;;;;;;;;;;;;
2026/07/22;1600 UTC;;;;;;;;;;;;;;;;;;
2026/07/22;1700 UTC;;;;;;;;;;;;;;;;;;
2026/07/22;1800 UTC;;;;;;;;;;;;;;;;;;
2026/07/22;1900 UTC;;;;;;;;;;;;;;;;;;
2026/07/22;2000 UTC;;;;;;;;;;;;;;;;;;
2026/07/22;2100 UTC;;;;;;;;;;;;;;;;;;
2026/07/22;2200 UTC;;;;;;;;;;;;;;;;;;
2026/07/22;2300 UTC;;;;;;;;;;;;;;;;;;
2026/07/23;0000 UTC;;;;;;;;;;;;;;;;;;
2026/07/23;0100 UTC;;;;;;;;;;;;;;;;;;
2026/07/23;0200 UTC;;;;;;;;;;;;;;;;;;
2026/07/23;0300 UTC;;;;;;;;;;;;;;;;;;
2026/07/23;0400 UTC;;;;;;;;;;;;;;;;;;
2026/07/23;0500 UTC;;;;;;;;;;;;;;;;;;
2026/07/23;0600 UTC;;;;;;;;;;;;;;;;;;
2026/07/23;0700 UTC;;;;;;;;;;;;;;;;;;
2026/07/23;0800 UTC;;;;;;;;;;;;;;;;;;
2026/07/23;0900 UTC;;;;;;;;;;;;;;;;;;
2026/07/23;1000 UTC;;;;;;;;;;;;;;;;;;
2026/07/23;1100 UTC;;;;;;;;;;;;;;;;;;
2026/07/23;1200 UTC;;;;;;;;;;;;;;;;;;
2026/07/23;1300 UTC;;;;;;;;;;;;;;;;;;
2026/07/23;1400 UTC;;;;;;;;;;;;;;;;;;
2026/07/23;1500 UTC;;;;;;;;;;;;;;;;;;
2026/07/23;1600 UTC;;;;;;;;;;;;;;;;;;
2026/07/23;1700 UTC;;;;;;;;;;;;;;;;;;
2026/07/23;1800 UTC;;;;;;;;;;;;;;;;;;
2026/07/23;1900 UTC;;;;;;;;;;;;;;;;;;
2026/07/23;2000 UTC;;;;;;;;;;;;;;;;;;
2026/07/23;2100 UTC;;;;;;;;;;;;;;;;;;
2026/07/23;2200 UTC;;;;;;;;;;;;;;;;;;
2026/07/23;2300 UTC;;;;;;;;;;;;;;;;;;
2026/07/24;0000 UTC;;;;;;;;;;;;;;;;;;
2026/07/24;0100 UTC;;;;;;;;;;;;;;;;;;
2026/07/24;0200 UTC;;;;;;;;;;;;;;;;;;
2026/07/24;0300 UTC;;;;;;;;;;;;;;;;;;
2026/07/24;0400 UTC;;;;;;;;;;;;;;;;;;
2026/07/24;0500 UTC;;;;;;;;;;;;;;;;;;
2026/07/24;0600 UTC;;;;;;;;;;;;;;;;;;
2026/07/24;0700 UTC;;;;;;;;;;;;;;;;;;
2026/07/24;0800 UTC;;;;;;;;;;;;;;;;;;
2026/07/24;0900 UTC;;;;;;;;;;;;;;;;;;
2026/07/24;1000 UTC;;;;;;;;;;;;;;;;;;
2026/07/24;1100 UTC;;;;;;;;;;;;;;;;;;
2026/07/24;1200 UTC;;;;;;;;;;;;;;;;;;
2026/07/24;1300 UTC;;;;;;;;;;;;;;;;;;
2026/07/24;1400 UTC;;;;;;;;;;;;;;;;;;
2026/07/24;1500 UTC;;;;;;;;;;;;;;;;;;
2026/07/24;1600 UTC;;;;;;;;;;;;;;;;;;
2026/07/24;1700 UTC;;;;;;;;;;;;;;;;;;
2026/07/24;1800 UTC;;;;;;;;;;;;;;;;;;
2026/07/24;1900 UTC;;;;;;;;;;;;;;;;;;
2026/07/24;2000 UTC;;;;;;;;;;;;;;;;;;
2026/07/24;2100 UTC;;;;;;;;;;;;;;;;;;
2026/07/24;2200 UTC;;;;;;;;;;;;;;;;;;
2026/07/24;2300 UTC;;;;;;;;;;;;;;;;;;
2026/07/25;0000 UTC;;;;;;;;;;;;;;;;;;
2026/07/25;0100 UTC;;;;;;;;;;;;;;;;;;
2026/07/25;0200 UTC;;;;;;;;;;;;;;;;;;
2026/07/25;0300 UTC;;;;;;;;;;;;;;;;;;
2026/07/25;0400 UTC;;;;;;;;;;;;;;;;;;
2026/07/25;0500 UTC;;;;;;;;;;;;;;;;;;
2026/07/25;0600 UTC;;;;;;;;;;;;;;;;;;
2026/07/25;0700 UTC;;;;;;;;;;;;;;;;;;
2026/07/25;0800 UTC;;;;;;;;;;;;;;;;;;
2026/07/25;0900 UTC;;;;;;;;;;;;;;;;;;
2026/07/25;1000 UTC;;;;;;;;;;;;;;;;;;
2026/07/25;1100 UTC;;;;;;;;;;;;;;;;;;
2026/07/25;1200 UTC;;;;;;;;;;;;;;;;;;
2026/07/25;1300 UTC;;;;;;;;;;;;;;;;;;
2026/07/25;1400 UTC;;;;;;;;;;;;;;;;;;
2026/07/25;1500 UTC;;;;;;;;;;;;;;;;;;
2026/07/25;1600 UTC;;;;;;;;;;;;;;;;;;
2026/07/25;1700 UTC;;;;;;;;;;;;;;;;;;
2026/07/25;1800 UTC;;;;;;;;;;;;;;;;;;
2026/07/25;1900 UTC;;;;;;;;;;;;;;;;;;
2026/07/25;2000 UTC;;;;;;;;;;;;;;;;;;
2026/07/25;2100 UTC;;;;;;;;;;;;;;;;;;
2026/07/25;2200 UTC;;;;;;;;;;;;;;;;;;
2026/07/25;2300 UTC;;;;;;;;;;;;;;;;;;
2026/07/26;0000 UTC;;;;;;;;;;;;;;;;;;
2026/07/26;0100 UTC;;;;;;;;;;;;;;;;;;
2026/07/26;0200 UTC;;;;;;;;;;;;;;;;;;
2026/07/26;0300 UTC;;;;;;;;;;;;;;;;;;
2026/07/26;0400 UTC;;;;;;;;;;;;;;;;;;
2026/07/26;0500 UTC;;;;;;;;;;;;;;;;;;
2026/07/26;0600 UTC;;;;;;;;;;;;;;;;;;
2026/07/26;0700 UTC;;;;;;;;;;;;;;;;;;
2026/07/26;0800 UTC;;;;;;;;;;;;;;;;;;
2026/07/26;0900 UTC;;;;;;;;;;;;;;;;;;
2026/07/26;1000 UTC;;;;;;;;;;;;;;;;;;
2026/07/26;1100 UTC;;;;;;;;;;;;;;;;;;
2026/07/26;1200 UTC;;;;;;;;;;;;;;;;;;
2026/07/26;1300 UTC;;;;;;;;;;;;;;;;;;
2026/07/26;1400 UTC;;;;;;;;;;;;;;;;;;
2026/07/26;1500 UTC;;;;;;;;;;;;;;;;;;
2026/07/26;1600 UTC;;;;;;;;;;;;;;;;;;
2026/07/26;1700 UTC;;;;;;;;;;;;;;;;;;
2026/07/26;1800 UTC;;;;;;;;;;;;;;;;;;
2026/07/26;1900 UTC;;;;;;;;;;;;;;;;;;
2026/07/26;2000 UTC;;;;;;;;;;;;;;;;;;
2026/07/26;2100 UTC;;;;;;;;;;;;;;;;;;
2026/07/26;2200 UTC;;;;;;;;;;;;;;;;;;
2026/07/26;2300 UTC;;;;;;;;;;;;;;;;;;
2026/07/27;0000 UTC;;;;;;;;;;;;;;;;;;
2026/07/27;0100 UTC;;;;;;;;;;;;;;;;;;
2026/07/27;0200 UTC;;;;;;;;;;;;;;;;;;
2026/07/27;0300 UTC;;;;;;;;;;;;;;;;;;
2026/07/27;0400 UTC;;;;;;;;;;;;;;;;;;
2026/07/27;0500 UTC;;;;;;;;;;;;;;;;;;
2026/07/27;0600 UTC;;;;;;;;;;;;;;;;;;
2026/07/27;0700 UTC;;;;;;;;;;;;;;;;;;
2026/07/27;0800 UTC;;;;;;;;;;;;;;;;;;
2026/07/27;0900 UTC;;;;;;;;;;;;;;;;;;
2026/07/27;1000 UTC;;;;;;;;;;;;;;;;;;
2026/07/27;1100 UTC;;;;;;;;;;;;;;;;;;
2026/07/27;1200 UTC;;;;;;;;;;;;;;;;;;
2026/07/27;1300 UTC;;;;;;;;;;;;;;;;;;
2026/07/27;1400 UTC;;;;;;;;;;;;;;;;;;
2026/07/27;1500 UTC;;;;;;;;;;;;;;;;;;
2026/07/27;1600 UTC;;;;;;;;;;;;;;;;;;
2026/07/27;1700 UTC;;;;;;;;;;;;;;;;;;
2026/07/27;1800 UTC;;;;;;;;;;;;;;;;;;
2026/07/27;1900 UTC;;;;;;;;;;;;;;;;;;
2026/07/27;2000 UTC;;;;;;;;;;;;;;;;;;
2026/07/27;2100 UTC;;;;;;;;;;;;;;;;;;
2026/07/27;2200 UTC;;;;;;;;;;;;;;;;;;
2026/07/27;2300 UTC;;;;;;;;;;;;;;;;;;
2026/07/28;0000 UTC;;;;;;;;;;;;;;;;;;
2026/07/28;0100 UTC;;;;;;;;;;;;;;;;;;
2026/07/28;0200 UTC;;;;;;;;;;;;;;;;;;
2026/07/28;0300 UTC;;;;;;;;;;;;;;;;;;
2026/07/28;0400 UTC;;;;;;;;;;;;;;;;;;
2026/07/28;0500 UTC;;;;;;;;;;;;;;;;;;
2026/07/28;0600 UTC;;;;;;;;;;;;;;;;;;
2026/07/28;0700 UTC;;;;;;;;;;;;;;;;;;
2026/07/28;0800 UTC;;;;;;;;;;;;;;;;;;
2026/07/28;0900 UTC;;;;;;;;;;;;;;;;;;
2026/07/28;1000 UTC;;;;;;;;;;;;;;;;;;
2026/07/28;1100 UTC;;;;;;;;;;;;;;;;;;
2026/07/28;1200 UTC;;;;;;;;;;;;;;;;;;
2026/07/28;1300 UTC;;;;;;;;;;;;;;;;;;
2026/07/28;1400 UTC;;;;;;;;;;;;;;;;;;
2026/07/28;1500 UTC;;;;;;;;;;;;;;;;;;
2026/07/28;1600 UTC;;;;;;;;;;;;;;;;;;
2026/07/28;1700 UTC;;;;;;;;;;;;;;;;;;
2026/07/28;1800 UTC;;;;;;;;;;;;;;;;;;
2026/07/28;1900 UTC;;;;;;;;;;;;;;;;;;
2026/07/28;2000 UTC;;;;;;;;;;;;;;;;;;
2026/07/28;2100 UTC;;;;;;;;;;;;;;;;;;
2026/07/28;2200 UTC;;;;;;;;;;;;;;;;;;
2026/07/28;2300 UTC;;;;;;;;;;;;;;;;;;
2026/07/29;0000 UTC;;;;;;;;;;;;;;;;;;
2026/07/29;0100 UTC;;;;;;;;;;;;;;;;;;
2026/07/29;0200 UTC;;;;;;;;;;;;;;;;;;
2026/07/29;0300 UTC;;;;;;;;;;;;;;;;;;
2026/07/29;0400 UTC;;;;;;;;;;;;;;;;;;
2026/07/29;0500 UTC;;;;;;;;;;;;;;;;;;
2026/07/29;0600 UTC;;;;;;;;;;;;;;;;;;
2026/07/29;0700 UTC;;;;;;;;;;;;;;;;;;
2026/07/29;0800 UTC;;;;;;;;;;;;;;;;;;
2026/07/29;0900 UTC;;;;;;;;;;;;;;;;;;
2026/07/29;1000 UTC;;;;;;;;;;;;;;;;;;
2026/07/29;1100 UTC;;;;;;;;;;;;;;;;;;
2026/07/29;1200 UTC;;;;;;;;;;;;;;;;;;
2026/07/29;1300 UTC;;;;;;;;;;;;;;;;;;
2026/07/29;1400 UTC;;;;;;;;;;;;;;;;;;
2026/07/29;1500 UTC;;;;;;;;;;;;;;;;;;
2026/07/29;1600 UTC;;;;;;;;;;;;;;;;;;
2026/07/29;1700 UTC;;;;;;;;;;;;;;;;;;
2026/07/29;1800 UTC;;;;;;;;;;;;;;;;;;
2026/07/29;1900 UTC;;;;;;;;;;;;;;;;;;
2026/07/29;2000 UTC;;;;;;;;;;;;;;;;;;
2026/07/29;2100 UTC;;;;;;;;;;;;;;;;;;
2026/07/29;2200 UTC;;;;;;;;;;;;;;;;;;
2026/07/29;2300 UTC;;;;;;;;;;;;;;;;;;
2026/07/30;0000 UTC;;;;;;;;;;;;;;;;;;
2026/07/30;0100 UTC;;;;;;;;;;;;;;;;;;
2026/07/30;0200 UTC;;;;;;;;;;;;;;;;;;
2026/07/30;0300 UTC;;;;;;;;;;;;;;;;;;
2026/07/30;0400 UTC;;;;;;;;;;;;;;;;;;
2026/07/30;0500 UTC;;;;;;;;;;;;;;;;;;
2026/07/30;0600 UTC;;;;;;;;;;;;;;;;;;
2026/07/30;0700 UTC;;;;;;;;;;;;;;;;;;
2026/07/30;0800 UTC;;;;;;;;;;;;;;;;;;
2026/07/30;0900 UTC;;;;;;;;;;;;;;;;;;
2026/07/30;1000 UTC;;;;;;;;;;;;;;;;;;
2026/07/30;1100 UTC;;;;;;;;;;;;;;;;;;
2026/07/30;1200 UTC;;;;;;;;;;;;;;;;;;
2026/07/30;1300 UTC;;;;;;;;;;;;;;;;;;
2026/07/30;1400 UTC;;;;;;;;;;;;;;;;;;
2026/07/30;1500 UTC;;;;;;;;;;;;;;;;;;
2026/07/30;1600 UTC;;;;;;;;;;;;;;;;;;
2026/07/30;1700 UTC;;;;;;;;;;;;;;;;;;
2026/07/30;1800 UTC;;;;;;;;;;;;;;;;;;
2026/07/30;1900 UTC;;;;;;;;;;;;;;;;;;
2026/07/30;2000 UTC;;;;;;;;;;;;;;;;;;
2026/07/30;2100 UTC;;;;;;;;;;;;;;;;;;
2026/07/30;2200 UTC;;;;;;;;;;;;;;;;;;
2026/07/30;2300 UTC;;;;;;;;;;;;;;;;;;
2026/07/31;0000 UTC;;;;;;;;;;;;;;;;;;
2026/07/31;0100 UTC;;;;;;;;;;;;;;;;;;
2026/07/31;0200 UTC;;;;;;;;;;;;;;;;;;
2026/07/31;0300 UTC;;;;;;;;;;;;;;;;;;
2026/07/31;0400 UTC;;;;;;;;;;;;;;;;;;
2026/07/31;0500 UTC;;;;;;;;;;;;;;;;;;
2026/07/31;0600 UTC;;;;;;;;;;;;;;;;;;
2026/07/31;0700 UTC;;;;;;;;;;;;;;;;;;
2026/07/31;0800 UTC;;;;;;;;;;;;;;;;;;
2026/07/31;0900 UTC;;;;;;;;;;;;;;;;;;
2026/07/31;1000 UTC;;;;;;;;;;;;;;;;;;
2026/07/31;1100 UTC;;;;;;;;;;;;;;;;;;
2026/07/31;1200 UTC;;;;;;;;;;;;;;;;;;
2026/07/31;1300 UTC;;;;;;;;;;;;;;;;;;
2026/07/31;1400 UTC;;;;;;;;;;;;;;;;;;
2026/07/31;1500 UTC;;;;;;;;;;;;;;;;;;
2026/07/31;1600 UTC;;;;;;;;;;;;;;;;;;
2026/07/31;1700 UTC;;;;;;;;;;;;;;;;;;
2026/07/31;1800 UTC;;;;;;;;;;;;;;;;;;
2026/07/31;1900 UTC;;;;;;;;;;;;;;;;;;
2026/07/31;2000 UTC;;;;;;;;;;;;;;;;;;
2026/07/31;2100 UTC;;;;;;;;;;;;;;;;;;
2026/07/31;2200 UTC;;;;;;;;;;;;;;;;;;
2026/07/31;2300 UTC;;;;;;;;;;;;;;;;;;
2026/08/01;0000 UTC;;;;;;;;;;;;;;;;;;
2026/08/01;0100 UTC;;;;;;;;;;;;;;;;;;
2026/08/01;0200 UTC;;;;;;;;;;;;;;;;;;
2026/08/01;0300 UTC;;;;;;;;;;;;;;;;;;
2026/08/01;0400 UTC;;;;;;;;;;;;;;;;;;
2026/08/01;0500 UTC;;;;;;;;;;;;;;;;;;
2026/08/01;0600 UTC;;;;;;;;;;;;;;;;;;
2026/08/01;0700 UTC;;;;;;;;;;;;;;;;;;
2026/08/01;0800 UTC;;;;;;;;;;;;;;;;;;
2026/08/01;0900 UTC;;;;;;;;;;;;;;;;;;
2026/08/01;1000 UTC;;;;;;;;;;;;;;;;;;
2026/08/01;1100 UTC;;;;;;;;;;;;;;;;;;
2026/08/01;1200 UTC;;;;;;;;;;;;;;;;;;
2026/08/01;1300 UTC;;;;;;;;;;;;;;;;;;
2026/08/01;1400 UTC;;;;;;;;;;;;;;;;;;
2026/08/01;1500 UTC;;;;;;;;;;;;;;;;;;
2026/08/01;1600 UTC;;;;;;;;;;;;;;;;;;
2026/08/01;1700 UTC;;;;;;;;;;;;;;;;;;
2026/08/01;1800 UTC;;;;;;;;;;;;;;;;;;
2026/08/01;1900 UTC;;;;;;;;;;;;;;;;;;
2026/08/01;2000 UTC;;;;;;;;;;;;;;;;;;
2026/08/01;2100 UTC;;;;;;;;;;;;;;;;;;
2026/08/01;2200 UTC;;;;;;;;;;;;;;;;;;
2026/08/01;2300 UTC;;;;;;;;;;;;;;;;;;
2026/08/02;0000 UTC;;;;;;;;;;;;;;;;;;
2026/08/02;0100 UTC;;;;;;;;;;;;;;;;;;
2026/08/02;0200 UTC;;;;;;;;;;;;;;;;;;
2026/08/02;0300 UTC;;;;;;;;;;;;;;;;;;
2026/08/02;0400 UTC;;;;;;;;;;;;;;;;;;
2026/08/02;0500 UTC;;;;;;;;;;;;;;;;;;
2026/08/02;0600 UTC;;;;;;;;;;;;;;;;;;
2026/08/02;0700 UTC;;;;;;;;;;;;;;;;;;
2026/08/02;0800 UTC;;;;;;;;;;;;;;;;;;
2026/08/02;0900 UTC;;;;;;;;;;;;;;;;;;
2026/08/02;1000 UTC;;;;;;;;;;;;;;;;;;
2026/08/02;1100 UTC;;;;;;;;;;;;;;;;;;
2026/08/02;1200 UTC;;;;;;;;;;;;;;;;;;
2026/08/02;1300 UTC;;;;;;;;;;;;;;;;;;
2026/08/02;1400 UTC;;;;;;;;;;;;;;;;;;
2026/08/02;1500 UTC;;;;;;;;;;;;;;;;;;
2026/08/02;1600 UTC;;;;;;;;;;;;;;;;;;
2026/08/02;1700 UTC;;;;;;;;;;;;;;;;;;
2026/08/02;1800 UTC;;;;;;;;;;;;;;;;;;
2026/08/02;1900 UTC;;;;;;;;;;;;;;;;;;
2026/08/02;2000 UTC;;;;;;;;;;;;;;;;;;
2026/08/02;2100 UTC;;;;;;;;;;;;;;;;;;
2026/08/02;2200 UTC;;;;;;;;;;;;;;;;;;
2026/08/02;2300 UTC;;;;;;;;;;;;;;;;;;
2026/08/03;0000 UTC;;;;;;;;;;;;;;;;;;
2026/08/03;0100 UTC;;;;;;;;;;;;;;;;;;
2026/08/03;0200 UTC;;;;;;;;;;;;;;;;;;
2026/08/03;0300 UTC;;;;;;;;;;;;;;;;;;
2026/08/03;0400 UTC;;;;;;;;;;;;;;;;;;
2026/08/03;0500 UTC;;;;;;;;;;;;;;;;;;
2026/08/03;0600 UTC;;;;;;;;;;;;;;;;;;
2026/08/03;0700 UTC;;;;;;;;;;;;;;;;;;
2026/08/03;0800 UTC;;;;;;;;;;;;;;;;;;
2026/08/03;0900 UTC;;;;;;;;;;;;;;;;;;
2026/08/03;1000 UTC;;;;;;;;;;;;;;;;;;
2026/08/03;1100 UTC;;;;;;;;;;;;;;;;;;
2026/08/03;1200 UTC;;;;;;;;;;;;;;;;;;
2026/08/03;1300 UTC;;;;;;;;;;;;;;;;;;
2026/08/03;1400 UTC;;;;;;;;;;;;;;;;;;
2026/08/03;1500 UTC;;;;;;;;;;;;;;;;;;
2026/08/03;1600 UTC;;;;;;;;;;;;;;;;;;
2026/08/03;1700 UTC;;;;;;;;;;;;;;;;;;
2026/08/03;1800 UTC;;;;;;;;;;;;;;;;;;
2026/08/03;1900 UTC;;;;;;;;;;;;;;;;;;
2026/08/03;2000 UTC;;;;;;;;;;;;;;;;;;
2026/08/03;2100 UTC;;;;;;;;;;;;;;;;;;
2026/08/03;2200 UTC;;;;;;;;;;;;;;;;;;
2026/08/03;2300 UTC;;;;;;;;;;;;;;;;;;
2026/08/04;0000 UTC;;;;;;;;;;;;;;;;;;
2026/08/04;0100 UTC;;;;;;;;;;;;;;;;;;
2026/08/04;0200 UTC;;;;;;;;;;;;;;;;;;
2026/08/04;0300 UTC;;;;;;;;;;;;;;;;;;
2026/08/04;0400 UTC;;;;;;;;;;;;;;;;;;
2026/08/04;0500 UTC;;;;;;;;;;;;;;;;;;
2026/08/04;0600 UTC;;;;;;;;;;;;;;;;;;
2026/08/04;0700 UTC;;;;;;;;;;;;;;;;;;
2026/08/04;0800 UTC;;;;;;;;;;;;;;;;;;
2026/08/04;0900 UTC;;;;;;;;;;;;;;;;;;
2026/08/04;1000 UTC;;;;;;;;;;;;;;;;;;
2026/08/04;1100 UTC;;;;;;;;;;;;;;;;;;
2026/08/04;1200 UTC;;;;;;;;;;;;;;;;;;
2026/08/04;1300 UTC;;;;;;;;;;;;;;;;;;
2026/08/04;1400 UTC;;;;;;;;;;;;;;;;;;
2026/08/04;1500 UTC;;;;;;;;;;;;;;;;;;
2026/08/04;1600 UTC;;;;;;;;;;;;;;;;;;
2026/08/04;1700 UTC;;;;;;;;;;;;;;;;;;
2026/08/04;1800 UTC;;;;;;;;;;;;;;;;;;
2026/08/04;1900 UTC;;;;;;;;;;;;;;;;;;
2026/08/04;2000 UTC;;;;;;;;;;;;;;;;;;
2026/08/04;2100 UTC;;;;;;;;;;;;;;;;;;
2026/08/04;2200 UTC;;;;;;;;;;;;;;;;;;
2026/08/04;2300 UTC;;;;;;;;;;;;;;;;;;
2026/08/05;0000 UTC;;;;;;;;;;;;;;;;;;
2026/08/05;0100 UTC;;;;;;;;;;;;;;;;;;
2026/08/05;0200 UTC;;;;;;;;;;;;;;;;;;
2026/08/05;0300 UTC;;;;;;;;;;;;;;;;;;
2026/08/05;0400 UTC;;;;;;;;;;;;;;;;;;
2026/08/05;0500 UTC;;;;;;;;;;;;;;;;;;
2026/08/05;0600 UTC;;;;;;;;;;;;;;;;;;
2026/08/05;0700 UTC;;;;;;;;;;;;;;;;;;
2026/08/05;0800 UTC;;;;;;;;;;;;;;;;;;
2026/08/05;0900 UTC;;;;;;;;;;;;;;;;;;
2026/08/05;1000 UTC;;;;;;;;;;;;;;;;;;
2026/08/05;1100 UTC;;;;;;;;;;;;;;;;;;
2026/08/05;1200 UTC;;;;;;;;;;;;;;;;;;
2026/08/05;1300 UTC;;;;;;;;;;;;;;;;;;
2026/08/05;1400 UTC;;;;;;;;;;;;;;;;;;
2026/08/05;1500 UTC;;;;;;;;;;;;;;;;;;
2026/08/05;1600 UTC;;;;;;;;;;;;;;;;;;
2026/08/05;1700 UTC;0;998,4;998,4;998,4;0;26,4;18,9;26,4;26,4;18,9;18,9;63;63;63;0;0;0;
2026/08/05;1800 UTC;0;997,8;998,2;997,8;2130,7;26,5;17,6;27;26,2;19,6;17,6;66;58;58;300;5,2;2,3;
2026/08/05;1900 UTC;0;997,6;997,8;997,5;1257,3;26,5;18,5;27,2;25,8;19,9;17,7;70;58;62;343;4,8;2,8;
2026/08/05;2000 UTC;0;997,6;997,6;997,5;813,3;26,1;19,4;26,8;25,9;19,5;18,1;67;59;66;346;4,1;1,9;
2026/08/05;2100 UTC;0;997,7;997,7;997,5;300,2;24,8;19,5;26;24,8;19,6;18,6;72;64;72;323;3;1,2;
2026/08/05;2200 UTC;0;997,7;997,7;997,6;4,4;23;19;24,8;22,8;19,6;18,9;82;71;78;342;2,1;1,3;
2026/08/05;2300 UTC;0;997,9;997,9;997,7;0;22;19,1;23,1;22;19,3;19;84;78;84;101;2,6;,3;
2026/08/06;0000 UTC;0;997,8;998;997,7;0;21,8;18,9;22,1;21,5;19,3;18,9;87;83;84;61;2;1,4;
2026/08/06;0100 UTC;0;998;998;997,9;0;21,1;18,7;21,6;21,1;18,9;18,6;86;83;86;40;1,9;,9;
2026/08/06;0200 UTC;0;997,7;998;997,7;0;20,8;18,6;21,2;20,7;18,7;18,5;88;86;87;82;2,8;1,6;
2026/08/06;0300 UTC;0;997,4;997,7;997,3;0;20;18,5;20,7;20;18,6;18,5;91;88;91;62;2,9;,7;
2026/08/06;0400 UTC;0;996,8;997,4;996,8;0;18,7;18,3;20;18,7;18,5;18,2;98;90;98;28;2,7;1,4;
2026/08/06;0500 UTC;0;996;996,8;996;0;18,7;18,2;18,9;18,7;18,4;18,2;98;96;97;30;3;1,3;
2026/08/06;0600 UTC;0;995;995,9;995;0;18,6;18,2;18,9;18,6;18,3;18,2;98;96;97;36;4;1,9;
2026/08/06;0700 UTC;0;994,3;995;994,3;0;18,2;17,9;18,6;18;18,2;17,7;99;97;98;38;3,1;1,4;
2026/08/06;0800 UTC;0;994;994,3;993,9;0;18,3;17,8;18,4;18,1;18;17,7;98;96;97;51;3;1,3;
2026/08/06;0900 UTC;0;994;994,3;993,9;0;19;18,1;19;18,3;18,1;17,8;98;94;94;45;3,8;1,2;
2026/08/06;1000 UTC;0;994,2;994,3;994;0;18,7;18,1;19,1;18,7;18,2;18,1;97;94;97;42;3,7;1,8;
2026/08/06;1100 UTC;0;994,3;994,4;993,9;34,7;18,6;18,3;18,8;18,6;18,3;18,1;98;96;98;34;5,1;1,7;
2026/08/06;1200 UTC;0;994,3;994,6;994,2;576,8;20,4;18,9;20,4;18,6;19,1;18,3;98;91;91;39;4,8;2,3;
2026/08/06;1300 UTC;0;993,8;994,3;993,8;1122,7;22,5;19,8;22,5;20,4;19,8;18,9;93;84;85;15;5,8;4;
2026/08/06;1400 UTC;0;993,1;993,8;993,1;1589,6;24,9;19,2;25,3;22,6;20,5;19,1;85;69;70;6;9,2;6,6;
2026/08/06;1500 UTC;0;992,4;993,1;992,4;1123,4;24,9;19,3;25,3;24,7;19,7;18,8;72;68;71;345;10;6,2;
2026/08/06;1600 UTC;0;991,5;992,5;991,4;1634,4;25,1;19,4;26,5;24,8;20,2;19;72;65;71;355;10,5;6,7;
2026/08/06;1700 UTC;0;990,2;991,4;990,2;1094;24,6;18,9;25,1;24,3;19,2;18,5;73;68;71;351;11,5;6,5;
2026/08/06;1800 UTC;0;989,6;990,3;989,5;2013,4;25,4;19,2;25,6;24,6;19,8;18,9;73;67;68;355;13,6;7,7;
2026/08/06;1900 UTC;0;989,3;989,6;989,1;1639,7;25;19,8;25,5;24,9;19,8;18,9;73;68;73;10;13;7,6;
2026/08/06;2000 UTC;0;989,2;989,3;989;629,9;23,8;19,3;25;23,8;19,9;19,2;76;72;76;1;11,6;6,7;
2026/08/06;2100 UTC;0;988,5;989,3;988,2;49,4;22,3;19,1;23,8;22,3;19,5;19;82;76;82;12;11;6,4;
2026/08/06;2200 UTC;17,5;991,8;991,8;988,5;1,1;20,1;19,6;22,2;20,1;19,9;18,8;97;82;97;44;12,5;2,4;
2026/08/06;2300 UTC;30,2;994,5;994,5;992;2,2;18,1;18,1;20,1;18;19,7;17,8;100;93;100;175;15,3;2;
2026/08/07;0000 UTC;0;995,8;995,8;994,6;0;18;18;18,1;18;18,1;18;100;100;100;141;4,3;,9;
2026/08/07;0100 UTC;0;997,1;997,1;995,9;0;17,9;17,3;18,2;17,9;18;17,2;100;96;96;221;5,6;3;
2026/08/07;0200 UTC;0;998,2;998,2;997,1;0;16,4;14,4;17,8;16,4;17,3;14,3;97;84;88;200;9,6;3,7;
2026/08/07;0300 UTC;0;999;999;998,1;0;15,2;13,3;16,4;15,2;14,4;13,2;88;83;88;199;11,2;3,9;
2026/08/07;0400 UTC;0;999,4;999,4;999;0;15,1;12,7;15,2;14,8;13,3;12,6;90;86;86;191;9,8;5,5;
2026/08/07;0500 UTC;0;1000,4;1000,4;999,7;0;12,9;10,2;13,9;12,9;12;10,2;88;84;84;206;9,4;3,3;
2026/08/07;0600 UTC;0;1000,4;1000,4;1000,1;0;12;9,3;12,9;11,9;10,3;9,2;87;83;83;217;8,5;4,1;
2026/08/07;0700 UTC;0;1000,3;1000,6;1000,3;0;11,1;8,5;12;11,1;9,2;8,4;85;82;84;212;8,6;3,3;
2026/08/07;0800 UTC;0;1000,4;1000,5;1000,2;0;10,5;8,9;11,1;10,5;9;8,5;90;84;89;213;9,3;3,6;
2026/08/07;0900 UTC;0;1000,5;1000,6;1000,2;0;10,2;8,4;10,7;10,2;8,8;8,1;89;85;89;200;12,8;4,8;
2026/08/07;1000 UTC;0;1001,3;1001,3;1000,5;0;10,2;8;10,2;10;8,6;7,8;91;85;87;192;11,5;6,2;
2026/08/07;1100 UTC;0;1002,3;1002,5;1001,3;0;10;8,2;10,1;10;8,4;7,9;90;86;89;180;10,3;4,8;
2026/08/07;1200 UTC;0;1003,6;1003,7;1002,3;0;10,6;8,5;10,6;10;8,6;8,2;90;86;87;180;7;4,3;
2026/08/07;1300 UTC;0;1004,1;1004,3;1003,5;0;12,3;8;12,7;10,6;9,2;7,7;88;75;75;176;9,7;5,2;
2026/08/07;1400 UTC;0;1004,2;1004,4;1003,8;1471;13,5;7,6;13,7;11,9;8,6;6,9;80;65;67;159;9,6;5,1;
2026/08/07;1500 UTC;0;1003,8;1004,3;1003,7;2711,6;14,3;7,5;14,5;12,9;8,5;6,5;70;61;63;157;8;3,3;
2026/08/07;1600 UTC;0;1003,2;1003,9;1003,2;1558,5;13,7;7,4;14,1;13,2;8,3;6,6;70;64;66;188;5,9;2,7;
2026/08/07;1700 UTC;0;1002,2;1003,1;1002,2;2487,9;14,5;8;15,5;13,6;8,5;6,5;69;58;65;172;5,3;2,3;
2026/08/07;1800 UTC;0;1001,1;1002,2;1001,1;2541,9;15,3;7,2;16;14,6;8,7;6,6;67;55;58;181;5;1,5;
2026/08/07;1900 UTC;0;1000,4;1001,1;1000,4;1889,5;15,9;7,5;16,2;15,3;9,1;6,8;65;56;57;139;4,5;1,7;
2026/08/07;2000 UTC;0;999,9;1000,4;999,9;1111,1;15,8;7,7;16,3;15,7;9,1;7,4;64;57;59;98;3,4;1,6;
2026/08/07;2100 UTC;0;999,4;1000;999,4;379,6;15;9,5;15,8;15;9,5;7,3;70;58;70;125;2,5;,5;
2026/08/07;2200 UTC;0;998,9;999,4;998,9;7,8;12,3;8,8;14,9;12,3;9,5;8,6;80;68;79;92;2,4;1,2;
2026/08/07;2300 UTC;0;999;999;998,8;0;11;8,5;12,3;11;9,1;8,3;85;79;85;67;2,8;1;
2026/08/08;0000 UTC;0;998,9;999;998,9;0;10,4;8,4;11;10,1;9,1;8,2;92;85;88;62;2,8;1;
2026/08/08;0100 UTC;0;998,3;998,9;998,3;0;9,9;7,9;10,3;9,9;8,5;7,9;89;85;87;71;2,6;1,1;
2026/08/08;0200 UTC;0;997,7;998,3;997,7;0;9;7,9;9,9;9;8,1;7,8;93;87;93;69;2,8;,7;
2026/08/08;0300 UTC;0;996,7;997,7;996,7;0;8,8;7,7;9,2;8,7;7,9;7,6;93;91;92;72;2,6;1,1;
2026/08/08;0400 UTC;0;996;996,7;996;0;8,5;7,5;8,8;8,3;7,9;7,3;94;92;94;90;2,1;1,3;
2026/08/08;0500 UTC;0;995,3;995,9;995,3;0;7,8;7,6;8,5;7,7;7,6;7,4;99;94;99;64;2,3;,5;
2026/08/08;0600 UTC;0;995;995,3;995;0;7,8;7,7;8,2;7,3;8,1;7,1;100;97;99;22;2,3;1,3;
2026/08/08;0700 UTC;0;994,7;995,1;994,7;0;7,5;7,5;7,8;6,7;7,8;6,5;100;98;100;147;1,5;,9;
2026/08/08;0800 UTC;0;994,9;995;994,7;0;7;7;7,5;6,2;7,5;6,2;100;100;100;96;,9;,3;
2026/08/08;0900 UTC;0;994,5;994,8;994,5;0;7;7;7;6,8;7;6,8;100;100;100;85;2,9;1,8;
2026/08/08;1000 UTC;0;994,5;994,7;994,5;0;7,3;7,3;7,4;7,2;7,4;7,2;100;100;100;85;1,8;1,8;
2026/08/08;1100 UTC;0;994,5;994,7;994,4;30,7;8,3;8,3;8,3;7,3;8,3;7,3;100;100;100;85;1,8;1,8;
2026/08/08;1200 UTC;0;995,4;995,4;994,6;242,3;9,7;9,6;9,7;8,3;9,6;8,3;100;98;99;85;1,8;1,8;
2026/08/08;1300 UTC;0;996,9;996,9;995,5;288,8;11;10,5;11;9,8;10,6;9,7;99;97;97;123;1,8;1,6;
2026/08/08;1400 UTC;0;997,3;997,3;996,9;470,5;12,1;11,3;12,1;11;11,5;10,5;98;94;95;221;2,7;1,5;
2026/08/08;1500 UTC;0;996,8;997,3;996,8;1437,2;14,5;12;14,5;12,1;12,3;11,2;96;84;85;184;4,2;2,5;
2026/08/08;1600 UTC;0;996,3;996,9;996,3;2128,6;17;12,7;17;14,5;12,9;11,4;86;74;76;257;5,3;1,8;
2026/08/08;1700 UTC;0;995,6;996,4;995,5;2695,8;17,5;11,3;17,6;16,6;13,1;11;78;67;67;244;7,7;4,1;
2026/08/08;1800 UTC;0;995,6;995,6;995,4;2341,9;18,6;11,6;18,9;17,5;12,5;10,7;69;61;64;230;6,7;3,6;
2026/08/08;1900 UTC;0;996,2;996,2;995,6;1827,3;18,3;10,7;18,7;18,3;11,7;9,9;65;57;61;209;9,2;3,7;
2026/08/08;2000 UTC;0;997,2;997,2;996,3;1061,3;16,8;10,5;18,2;16,6;11,3;10;68;59;66;192;10,5;5;
2026/08/08;2100 UTC;0;998,2;998,2;997,2;299,3;15,1;10,6;16,8;15,1;11,2;10,4;75;67;75;187;8,1;3,9;
2026/08/08;2200 UTC;0;998,9;998,9;998,2;11,1;12,1;10,2;15;12,1;10,8;10,2;88;75;88;174;5,6;2,7;
2026/08/08;2300 UTC;0;1000,7;1000,7;998,9;0;11,6;9,9;12,4;11,6;10,4;9,8;91;84;89;194;3,7;,4;
2026/08/09;0000 UTC;0;1001,7;1001,7;1000,7;0;10,8;9,4;12,2;10,8;10;9,3;91;85;91;179;2,5;1,8;
2026/08/09;0100 UTC;0;1002,2;1002,2;1001,8;0;11,3;9,3;11,3;10,7;9,5;9,3;91;88;88;166;3,1;1,3;
2026/08/09;0200 UTC;0;1002,4;1002,5;1002,4;0;10,9;9;10,9;10,6;9,1;9;90;88;88;149;3,4;1,6;
2026/08/09;0300 UTC;0;1002,6;1002,7;1002,4;0;9,5;8,6;11,4;9,5;9;8,6;94;84;94;148;4,8;2;
2026/08/09;0400 UTC;0;1003;1003;1002,2;0;9,2;8,2;9,5;8,3;8,5;7,7;97;94;94;160;4,2;2,1;
2026/08/09;0500 UTC;0;1004,6;1004,6;1003;0;8,8;8,3;9,3;8,5;8,3;7,9;97;93;97;202;2,9;1,3;
2026/08/09;0600 UTC;0;1004;1004,6;1003,9;0;8,5;8,1;8,9;7,8;8,4;7,2;99;95;97;175;5,7;4,3;
2026/08/09;0700 UTC;0;1004,4;1004,8;1004;0;7,7;7,1;8,5;7,5;8,1;6,9;98;95;96;158;5,8;3,6;
2026/08/09;0800 UTC;0;1003,9;1004,4;1003,9;0;7,4;6,9;7,7;7,1;7,2;6,7;99;96;97;162;5,8;4,3;
2026/08/09;0900 UTC;0;1003,8;1003,9;1003,2;0;8,3;6,4;8,3;7,1;7;6,3;98;87;87;146;7;3,1;
2026/08/09;1000 UTC;0;1004,6;1004,6;1003,9;0;7,3;5,9;8,3;7;6,4;5,8;92;87;91;105;4,4;2,8;
2026/08/09;1100 UTC;0;1005,2;1005,2;1004,7;5,1;6,8;5,8;7,3;6,6;5,9;5,4;94;90;93;95;3,5;1,5;
2026/08/09;1200 UTC;0;1006;1006;1005,5;1101,9;10,1;6,7;10,1;9,1;7,3;6,2;83;79;79;101;7;4,2;
2026/08/09;1300 UTC;0;1007,4;1007,4;1006;1329,7;11,6;5,1;11,8;10,1;7,1;4,7;81;64;64;117;8,4;3,4;
2026/08/09;1400 UTC;0;1008,1;1008,1;1007,4;2040,5;13,8;6,5;13,8;11,5;6,7;4,8;68;56;61;123;7,2;2,9;
2026/08/09;1500 UTC;0;1007,8;1008,3;1007,8;2559,9;14,6;5,9;14,7;13,6;6,9;5,4;62;55;56;112;7,1;4,1;
2026/08/09;1600 UTC;0;1007,4;1007,8;1007,3;2735,8;16,1;6,9;16,1;14,5;7,7;5,5;60;51;54;131;7,7;2,4;
2026/08/09;1700 UTC;0;1006,8;1007,4;1006,8;2724,5;16,7;6;17,4;16,1;7,8;5,5;56;46;49;150;8,2;4,5;
2026/08/09;1800 UTC;0;1006,3;1006,8;1006,2;2355,9;17,8;6,5;18,1;16,8;7,2;5,5;52;45;47;136;8,6;2,8;
2026/08/09;1900 UTC;0;1006,5;1006,6;1006,3;1856,9;18,1;4,3;18,2;17,5;6,7;4,3;48;40;40;151;9,3;4,1;
2026/08/09;2000 UTC;0;1006,9;1006,9;1006,5;1182,8;17,8;4,9;18,3;17,6;5,2;3,1;43;37;42;132;9;2,1;
2026/08/09;2100 UTC;0;1007,5;1007,5;1006,9;424,3;14,9;4,3;17,8;14,9;6,2;3,6;49;41;49;140;4,2;1,7;
2026/08/09;2200 UTC;0;1008,7;1008,7;1007,6;12,2;10,7;4,9;14,8;10,7;5,9;4,2;68;49;68;155;5,3;3,2;
2026/08/09;2300 UTC;0;1009,5;1009,5;1008,8;0;8,9;4;10,7;8,9;5;3,7;71;63;71;162;5,4;3,7;
2026/08/10;0000 UTC;0;1010,2;1010,2;1009,5;0;8,7;3,9;8,8;8,5;4;3,7;73;70;72;150;5,4;3,4;
2026/08/10;0100 UTC;0;1011;1011;1010,4;0;8,3;4,1;8,8;8,3;4,1;3,7;75;70;75;154;4;2,6;
2026/08/10;0200 UTC;0;1011,3;1011,4;1011;0;8;3,8;8,2;7,8;4;3,6;76;73;75;138;3,5;1,5;
2026/08/10;0300 UTC;0;1012,1;1012,2;1011,3;0;6,8;3,7;8;6,8;4;3,7;81;75;81;122;3,7;1,2;
2026/08/10;0400 UTC;0;1012,9;1013;1012,1;0;6,6;4;7,1;6,5;4;3,6;83;79;83;126;3,3;1,3;
2026/08/10;0500 UTC;0;1013,9;1014;1012,9;0;5,3;3,7;7,1;5,3;4;3,6;90;79;89;227;3,7;,6;
2026/08/10;0600 UTC;0;1014,3;1014,3;1013,9;0;4,6;3,5;6,5;4,6;3,8;3,5;93;82;93;146;1,7;1;
2026/08/10;0700 UTC;0;1013,8;1014,5;1013,8;0;3,9;3;5,1;3,9;3,6;2,8;94;87;94;156;4,2;3,3;
2026/08/10;0800 UTC;0;1014,1;1014,1;1013,7;0;4,9;2,9;5;3,9;3,3;2,9;94;87;87;84;4,8;,8;
2026/08/10;0900 UTC;0;1015,4;1015,4;1014,5;0;4,7;2,3;5;4,7;2,5;2,3;84;83;84;125;2,9;,8;
2026/08/10;1000 UTC;0;1015,8;1015,8;1015,4;0;4,6;2,1;4,9;4,6;2,6;2,1;86;83;84;121;1,7;,9;
2026/08/10;1100 UTC;0;1016,4;1016,4;1015,7;59,4;5,3;3;5,3;4,2;3;2,1;87;84;85;126;1,8;,9;
2026/08/10;1200 UTC;0;1017,5;1017,5;1016,4;673,1;9;4,5;9;5,4;4,8;2,9;84;71;74;131;4,4;1,6;
2026/08/10;1300 UTC;0;1017,9;1018;1017,6;1449,6;11,8;4,3;11,8;9;4,9;3,6;72;59;60;124;7,7;2,9;
2026/08/10;1400 UTC;0;1017;1017,9;1016,9;1905,5;13,4;4,1;13,5;11,9;4,8;3,5;61;51;54;128;10,1;4,8;
2026/08/10;1500 UTC;0;1017;1017,1;1016,5;2146,7;15,1;4,1;15,1;13,1;4,4;2,7;52;45;48;124;9,6;3,8;
2026/08/10;1600 UTC;0;1015,7;1017;1015,7;2241,3;15,5;2,2;16,3;15;4,3;2,2;48;39;40;130;9,7;4,6;
2026/08/10;1700 UTC;0;1015,6;1016,1;1015,3;1439,6;15,8;2;16,5;15,4;3,6;,9;45;36;39;134;8,6;3,6;
2026/08/10;1800 UTC;0;1014,6;1015,6;1014,6;1392,7;16,6;2,5;16,8;15,8;3;1;41;36;39;136;8,1;3,2;
2026/08/10;1900 UTC;0;1014,4;1014,7;1014,2;1396,8;15,8;,7;16,9;15,8;2,9;-,1;40;32;36;139;8,3;3,8;
2026/08/10;2000 UTC;0;1014,4;1014,6;1014,2;489,9;14,8;2,6;15,7;14,8;2,6;,2;44;35;44;137;8,9;2,4;
2026/08/10;2100 UTC;0;1014,6;1014,7;1014,4;99,8;13,7;4,1;14,8;13,7;4,8;2,4;54;43;52;146;5,8;2,5;
2026/08/10;2200 UTC;0;1014,4;1014,7;1014,4;3,5;12,9;4,7;13,8;12,8;5,1;3,4;59;50;57;152;4,9;3,1;
2026/08/10;2300 UTC;0;1015;1015;1014,5;0;12,5;4,3;13,1;12,5;5,1;3,5;59;52;57;153;8,7;4,3;
2026/08/11;0000 UTC;0;1015;1015;1014,7;0;12,3;4,4;12,5;12,3;4,5;3,9;59;56;58;140;7,6;3,6;
2026/08/11;0100 UTC;0;1014,8;1015,1;1014,7;0;11,9;5,3;12,2;11,8;5,3;4,7;64;60;64;137;6,4;2,2;
2026/08/11;0200 UTC;0;1014,3;1015,1;1014,3;0;11,8;5,6;11,9;11,7;5,6;5;66;63;66;125;4,8;2,2;
2026/08/11;0300 UTC;0;1014,2;1014,5;1014,1;0;11,7;5,6;11,8;11,7;6;5,3;68;65;66;122;5,8;2,5;
2026/08/11;0400 UTC;0;1013,8;1014,2;1013,8;0;11,6;6,1;11,7;11,6;6,2;5,5;69;66;69;127;6,1;2,3;
2026/08/11;0500 UTC;0;1013,4;1013,8;1013,4;0;11,4;6,6;11,7;11,4;6,8;6;73;68;72;132;5,2;1,8;
2026/08/11;0600 UTC;0;1012,4;1013,5;1012,4;0;11,5;6,5;11,5;11,4;6,7;6,3;72;71;72;115;7,8;4;
2026/08/11;0700 UTC;0;1012,3;1012,7;1012,3;0;11,3;6,7;11,5;11,3;6,8;6,4;74;71;73;125;7,3;2,2;
2026/08/11;0800 UTC;0;1012;1012,3;1011,9;0;11,1;6,7;11,3;11,1;6,9;6,5;75;72;74;117;5,8;2,9;
2026/08/11;0900 UTC;0;1012;;;;11,1;6,7;;;;;;;74;123;6,5;2,1;
2026/08/11;1000 UTC;0;1012,4;1012,5;1012,1;0;10,6;7,4;10,9;10,6;7,4;6,8;81;76;81;111;5,3;3,2;
2026/08/11;1100 UTC;0;1012,4;1012,6;1012,2;19,2;10,3;7,9;10,6;10;8,2;7,4;88;81;85;105;6,4;3,4;
2026/08/11;1200 UTC;0;1012,6;1012,7;1012,3;177,7;11,1;8,5;11,1;10,3;8,6;7,8;86;83;84;98;5,9;2,9;
2026/08/11;1300 UTC;0;1013,2;1013,2;1012,6;355,7;11,2;8,9;11,4;11,1;9,1;8,3;86;81;86;101;6,5;3,1;
2026/08/11;1400 UTC;7,4;1013,2;1013,4;1013,1;131,8;10,7;10,4;11,2;10,6;10,4;8,9;98;85;98;96;4,2;1,6;
2026/08/11;1500 UTC;,2;1012,2;1013,2;1012,2;399,5;12;10,8;12;10,7;11,2;10,4;99;92;92;99;5,2;2,7;
2026/08/11;1600 UTC;0;1011,4;1012,2;1011,4;695,9;13,1;11,7;13,1;12;11,7;10,7;95;90;91;92;5,7;2,2;
2026/08/11;1700 UTC;0;1010,4;1011,4;1010,4;560,8;13,3;12;13,3;13;12;11,2;92;89;92;108;5,5;2,5;
2026/08/11;1800 UTC;0;1009,6;1010,4;1009,4;291;13,5;12,4;13,5;13,2;12,4;11,6;93;89;93;130;3;1,5;
2026/08/11;1900 UTC;0;1009,2;1009,8;1009,2;163;13,4;12,4;13,5;13,4;12,5;11,8;94;90;93;130;1,9;1;
2026/08/11;2000 UTC;1,6;1008,8;1009,2;1008,6;105,6;13,1;12,6;13,5;13,1;12,8;12,3;98;93;97;143;2,2;1,2;
2026/08/11;2100 UTC;2;1009,2;1009,4;1008,9;25,6;13;12,8;13,1;13;12,8;12,6;99;97;99;;;;
2026/08/11;2200 UTC;2,2;1008,2;1009,3;1008,1;0;13;13;13;12,9;13;12,8;100;99;100;;;;
2026/08/11;2300 UTC;1,4;1008,1;1009;1007,6;0;13,1;13,1;13,1;13;13,1;13;100;100;100;;;;
2026/08/12;0000 UTC;,2;1007,9;1008,1;1007,6;0;13,3;13,3;13,3;13,1;13,3;13,1;100;100;100;;;;
2026/08/12;0100 UTC;1;1007,6;1008,1;1007,6;0;13,4;13,4;13,4;13,3;13,4;13,3;100;100;100;;;;
2026/08/12;0200 UTC;,6;1007,1;1007,6;1007,1;0;13,6;13,6;13,6;13,4;13,6;13,4;100;100;100;;;;
2026/08/12;0300 UTC;,2;1006,2;1007,3;1006,2;0;13,8;13,8;13,8;13,6;13,8;13,6;100;100;100;;;;
2026/08/12;0400 UTC;1,4;1006,1;1007,6;1006,1;0;13,6;13,6;13,9;13,6;13,8;13,6;100;100;100;;;;
2026/08/12;0500 UTC;1,4;1005,4;1006,2;1005,4;0;13,5;13,5;13,6;13,5;13,6;13,5;100;100;100;;;;
2026/08/12;0600 UTC;4,2;1005,5;1006,7;1005,5;0;13,3;13,3;13,6;13,3;13,6;13,3;100;100;100;;;;
2026/08/12;0700 UTC;0;1005,1;1005,8;1004,8;0;13,3;13,3;13,3;13,3;13,3;13,3;100;100;100;;;;
2026/08/12;0800 UTC;,2;1004,5;1004,9;1004,5;0;13,3;13,3;13,3;13,3;13,3;13,3;100;100;100;;;;
2026/08/12;0900 UTC;3,2;1004,4;1004,6;1004,2;0;13,3;13,3;13,3;13,3;13,3;13,3;100;100;100;;;;
2026/08/12;1000 UTC;,8;1004,6;1005;1004,4;0;13,3;13,3;13,3;13,2;13,3;13,2;100;100;100;;;;
2026/08/12;1100 UTC;,2;1005;1005;1004,5;13,3;13,4;13,4;13,4;13,3;13,4;13,3;100;100;100;;;;
2026/08/12;1200 UTC;0;1004,8;1005;1004,5;164,1;14;13,9;14;13,5;13,9;13,5;100;100;100;;;;
2026/08/12;1300 UTC;0;1004,5;1005,1;1004,3;511,2;14,9;14,7;14,9;14;14,7;13,9;100;97;98;;0;;
2026/08/12;1400 UTC;0;1004,5;1004,7;1004,5;761,2;15,9;15,3;16;15;15,4;14,4;99;94;96;146;1,7;,4;
2026/08/12;1500 UTC;0;1003,9;1004,5;1003,9;935,7;17,2;16,2;17,2;16;16,2;15,2;96;92;94;28;4,3;2;
2026/08/12;1600 UTC;0;1002,9;1003,9;1002,9;811,5;18,1;16,7;18,1;17,2;16,8;15,9;94;90;91;7;3,7;1,6;
2026/08/12;1700 UTC;0;1002,1;1002,9;1002,1;399,3;18,1;17;18,4;18,1;17;16,5;93;90;93;258;2,8;1,4;
2026/08/12;1800 UTC;0;1001,4;1002,1;1001,4;251,2;17,4;16,7;18,2;17,4;17,1;16,6;95;92;95;259;4,2;2,7;
2026/08/12;1900 UTC;0;1001,2;1001,4;1001,1;152,4;16,3;16,2;17,4;16,3;16,7;16,2;100;96;100;247;4,8;2,5;
2026/08/12;2000 UTC;0;1001,3;1001,3;1001;87,3;15;15;16,3;15;16,2;15;100;100;100;219;4,7;2,1;
2026/08/12;2100 UTC;0;1001,6;1001,6;1001,1;43,6;14,8;14,8;15;14,8;15;14,8;100;100;100;221;4,7;2;
2026/08/12;2200 UTC;0;1002;1002;1001,5;,7;14,5;14,5;14,8;14,5;14,8;14,5;100;100;100;;3,7;,2;
2026/08/12;2300 UTC;0;1002,4;1002,4;1002;0;14,4;14,4;14,5;14,4;14,5;14,4;100;100;100;;1,4;,1;
2026/08/13;0000 UTC;,8;1003,6;1003,6;1002,4;0;14,5;14,5;14,5;14,4;14,5;14,4;100;100;100;;;;
2026/08/13;0100 UTC;,2;1003,2;1003,8;1003,1;0;14,5;14,5;14,6;14,5;14,6;14,5;100;100;100;;;;
2026/08/13;0200 UTC;1,2;1003,6;1003,6;1002,9;0;14,3;14,3;14,5;14,3;14,5;14,3;100;100;100;;;;
2026/08/13;0300 UTC;1,6;1004,3;1004,6;1002,8;0;14,2;14,2;14,3;14,1;14,3;14,1;100;100;100;;;;
2026/08/13;0400 UTC;,4;1003,8;1004,4;1003,7;0;14,1;14,1;14,2;14,1;14,2;14,1;100;100;100;;;;
2026/08/13;0500 UTC;,2;1003,5;1004,1;1003,3;0;14,1;14,1;14,1;14,1;14,1;14,1;100;100;100;;;;
2026/08/13;0600 UTC;,4;1003,4;1003,7;1003,2;0;14;14;14,1;14;14,1;14;100;100;100;;;;
2026/08/13;0700 UTC;,2;1003,2;1003,9;1003,2;0;13,8;13,6;13,9;13,8;13,9;13,6;100;99;99;;;;
2026/08/13;0800 UTC;,6;1003,8;1004,4;1002,2;0;13,5;13,3;13,8;13,5;13,7;13,3;100;98;99;;;;
2026/08/13;0900 UTC;0;1003;1003,8;1002,6;0;13,1;13,1;13,5;13,1;13,3;13,1;100;99;100;;;;
2026/08/13;1000 UTC;,2;1003,4;1004,1;1003,1;0;12,9;12,9;13,3;12,9;13,3;12,9;100;99;100;;;;
2026/08/13;1100 UTC;0;1004,4;1005,1;1003,5;25,3;13,2;13;13,2;12,9;13,2;12,9;100;98;98;;;;
2026/08/13;1200 UTC;0;1005,2;1005,2;1004,3;168,8;13,4;12,3;13,4;13,2;13,1;12,3;99;93;93;;;;
2026/08/13;1300 UTC;0;1006;1006;1005,2;589,2;14,2;12,9;14,2;13,4;13,2;12,2;95;88;92;;;;
2026/08/13;1400 UTC;0;1006,2;1006,5;1006;615,3;14,4;12,8;14,5;14,1;13,1;12,1;93;87;90;;;;
2026/08/13;1500 UTC;0;1006,1;1006,3;1006;943,9;15,1;12;15,1;14,4;13,5;11,8;93;81;81;;;;
2026/08/13;1600 UTC;0;1005,4;1006,2;1005,4;1725,9;16,4;11,5;16,5;15,2;13,3;11,5;84;73;73;261;4,8;1,4;
2026/08/13;1700 UTC;0;1004,8;1005,4;1004,8;1415,9;16,8;13;17;16,4;13;11,2;79;71;78;248;3,6;1,8;
2026/08/13;1800 UTC;0;1004,5;1004,8;1004,4;1442,8;17,2;11,9;17,4;16,7;12,6;11,2;76;67;71;245;4,1;2,5;
2026/08/13;1900 UTC;0;1004,5;1004,7;1004,5;981,2;17,2;12,4;17,8;17,1;12,8;11,3;74;68;74;177;4,8;2,3;
2026/08/13;2000 UTC;0;1004,7;1004,7;1004,4;454,1;17,1;12,3;17,5;17,1;12,8;11,7;76;70;73;206;2,8;,8;
2026/08/13;2100 UTC;0;1005,5;1005,5;1004,8;121,1;16,3;13,2;17,1;16,3;13,5;12,3;83;73;82;247;3,1;1,6;
2026/08/13;2200 UTC;0;1006;1006,1;1005,6;4,1;14,6;13,4;16,2;14,6;13,8;13,2;92;82;92;214;3,1;1,3;
2026/08/13;2300 UTC;0;1006,2;1006,2;1005,9;0;13,8;12,4;14,8;13,6;13,4;12,3;93;90;92;175;2,5;1,6;
2026/08/14;0000 UTC;0;1006,6;1006,7;1006,3;0;13,5;12,3;13,9;13,2;12,6;12,1;95;91;93;222;2,1;,7;
2026/08/14;0100 UTC;0;1007,1;1007,1;1006,6;0;12,6;12,6;12,9;12,5;12,7;12,1;100;95;100;270;1,3;0;
2026/08/14;0200 UTC;0;1007,2;1007,4;1007,1;0;12,6;12,5;13;12,6;13;12,4;100;98;99;270;0;0;
2026/08/14;0300 UTC;0;1006,9;1007,2;1006,8;0;12,3;12,3;12,7;12,1;12,7;12,1;100;100;100;270;0;0;
2026/08/14;0400 UTC;0;1006,5;1006,9;1006,5;0;12,1;12,1;12,3;11,9;12,3;11,9;100;100;100;270;0;0;
2026/08/14;0500 UTC;0;1006,5;1007;1006,5;0;13;13;13,1;12,2;13,1;12,2;100;100;100;270;0;0;
2026/08/14;0600 UTC;0;1006,3;1006,5;1006,2;0;12,9;12,9;13;12,7;13;12,7;100;100;100;270;0;0;
2026/08/14;0700 UTC;0;1006;1006,3;1005,9;0;13,4;13,4;13,4;12,9;13,4;12,9;100;100;100;270;0;0;
2026/08/14;0800 UTC;0;1005,9;1006,1;1005,9;0;13,4;13,4;13,4;13,4;13,4;13,4;100;100;100;270;0;0;
2026/08/14;0900 UTC;0;1005,7;1005,8;1005,5;0;13,6;13,6;13,6;13,5;13,6;13,5;100;100;100;270;0;0;
2026/08/14;1000 UTC;0;1006,1;1006,4;1005,7;0;14,1;14,1;14,1;13,6;14,1;13,6;100;100;100;270;0;0;
2026/08/14;1100 UTC;0;1006,7;1006,9;1006,1;18,2;14,4;14,3;14,4;14,1;14,3;14,1;100;99;99;270;0;0;
2026/08/14;1200 UTC;0;1007,3;1007,3;1006,6;221,6;15,5;15;15,5;14,4;15,1;14,3;100;96;97;180;1;,6;
2026/08/14;1300 UTC;0;1007,3;1007,4;1007,1;290,6;15,8;14,7;15,8;15,4;15;14,6;97;93;93;180;1,1;,3;
2026/08/14;1400 UTC;0;1007,5;1007,5;1007,2;528,9;16,6;15,2;16,6;15,8;15,2;14,6;94;90;91;95;5;2;
2026/08/14;1500 UTC;0;1006,9;1007,5;1006,9;662;17;15,1;17,1;16,4;15,3;14,7;91;87;89;78;4,6;2;
2026/08/14;1600 UTC;0;1006,6;1007,1;1006,4;435,5;17,3;15,1;17,4;17;15,5;15;90;87;87;72;3,8;1,5;
2026/08/14;1700 UTC;0;1005,8;1006,5;1005,7;595,5;17,7;15,3;17,9;17,3;15,6;15,1;88;84;86;41;3,7;1,4;
2026/08/14;1800 UTC;0;1005;1005,8;1004,2;224,6;17,6;15,5;17,7;17,5;15,8;15,2;89;85;88;27;4;,7;
2026/08/14;1900 UTC;0;1004,4;1005;1004,1;405,2;17,8;15,8;18,2;17,6;16,2;15,4;90;85;88;158;5,7;3,3;
2026/08/14;2000 UTC;0;1003,8;1004,4;1003,8;537,4;18;15,5;18,2;17,6;16,2;15,5;89;85;85;120;5,6;1,5;
2026/08/14;2100 UTC;0;1004,4;1004,4;1003,8;213,4;17,4;15,9;17,9;17,4;16;15,5;91;86;91;176;3,6;2,3;
2026/08/14;2200 UTC;0;1004,5;1004,7;1004,4;14,2;16,3;15,4;17,4;16,3;15,9;15,4;94;90;94;158;3,5;2,4;
2026/08/14;2300 UTC;0;1004,9;1004,9;1004,5;0;15,6;14,9;16,3;15,6;15,4;14,9;96;94;96;139;3,6;,9;
2026/08/15;0000 UTC;0;1005,3;1005,3;1004,8;0;15,8;15,1;15,8;15,5;15,1;14,9;97;96;96;135;1,5;,9;
2026/08/15;0100 UTC;0;1005,3;1005,3;1005,2;0;15,4;14,8;15,8;15,4;15;14,8;96;95;96;116;2,3;1,1;
2026/08/15;0200 UTC;0;1005,1;1005,3;1005;0;15,4;14,9;15,5;15,4;15;14,8;97;96;97;124;2,1;,9;
2026/08/15;0300 UTC;0;1005;1005,2;1005;0;15,6;15;15,6;15,4;15,1;14,9;97;96;96;140;2;,5;
2026/08/15;0400 UTC;0;1004,6;1005;1004,6;0;15,6;15,2;15,7;15,5;15,2;15;98;96;97;149;2,2;1,1;
2026/08/15;0500 UTC;0;1004,8;1005;1004,7;0;15,3;15,1;15,6;15,3;15,2;15;99;97;99;156;2,4;1,7;
2026/08/15;0600 UTC;0;1004;1004,4;1004;0;15,1;14,9;15,1;15;14,9;14,9;99;99;99;138;1,8;,7;
2026/08/15;0700 UTC;0;1003,5;1004;1003,4;0;15,5;15,1;15,5;15,1;15,1;14,9;99;98;98;83;2,6;,7;
2026/08/15;0800 UTC;0;1002,9;1003,5;1002,9;0;15,6;15,3;15,7;15,5;15,3;15,1;98;97;98;150;2,6;,4;
2026/08/15;0900 UTC;0;1002,9;1003,1;1002,9;0;15,1;15,1;15,6;15,1;15,3;15,1;100;98;100;173;3,1;1,8;
2026/08/15;1000 UTC;0;1003,1;1003,2;1002,8;0;15,5;15,3;15,5;15,1;15,4;15,1;100;99;99;126;2,1;,9;
2026/08/15;1100 UTC;0;1003,2;1003,3;1003,1;46,4;16;15,6;16;15,5;15,6;15,3;99;97;97;110;3,1;1,2;
2026/08/15;1200 UTC;0;1003,4;1003,6;1003,2;395,9;17,3;16;17,3;16;16,2;15,5;97;92;92;68;3,7;1,4;
2026/08/15;1300 UTC;0;1003,7;1003,7;1003,4;656,7;18,5;16,8;18,5;17,3;16,8;15,9;93;89;90;73;3,2;1,1;
2026/08/15;1400 UTC;0;1003,8;1003,9;1003,6;776,7;19,1;17,1;19,1;18,5;17,4;16,6;90;88;88;27;3,4;1,8;
2026/08/15;1500 UTC;0;1003,3;1003,9;1003,3;565,4;19,9;17,8;19,9;19;17,9;17,1;90;87;88;63;2,9;1,2;
2026/08/15;1600 UTC;0;1002,3;1003,3;1002,3;1240,7;21,8;18,6;21,8;19,9;18,8;17,6;88;81;82;50;2,9;1,4;
2026/08/15;1700 UTC;0;1001;1002,2;1000,9;1653,7;23,2;19;23,2;21,8;19,4;18,4;84;77;77;78;3;,9;
2026/08/15;1800 UTC;0;1000,2;1001;1000,2;988;23,4;19,2;23,7;23;19,8;18,8;80;76;77;62;2,7;,7;
2026/08/15;1900 UTC;0;999,6;1000,2;999,6;474,6;23,8;19,9;23,8;23,4;20,3;19,1;82;76;79;126;1,5;,7;
2026/08/15;2000 UTC;0;998,9;999,6;998,9;472,9;24,1;20,9;24,1;23,8;21,2;19,8;84;78;82;122;1,9;,8;
2026/08/15;2100 UTC;0;998,7;999;998,6;225,4;23,1;21,2;24,1;23,1;21,3;20,5;89;80;89;91;1,6;,8;
2026/08/15;2200 UTC;0;998,5;998,8;998,5;6,5;22;21;23,1;22;21,1;21;94;88;94;119;2,1;1;
2026/08/15;2300 UTC;0;998,6;998,7;998,4;0;21,3;20,5;22;21,3;21;20,5;95;93;95;89;2,7;,8;
2026/08/16;0000 UTC;0;998,9;998,9;998,6;0;21,8;20,5;21,8;21,3;20,6;20,3;95;92;92;80;3,4;1,4;
2026/08/16;0100 UTC;0;998,5;998,8;998,5;0;20,6;20,3;21,9;20,6;20,6;20;98;92;98;36;3,4;1;
2026/08/16;0200 UTC;0;998,5;998,6;998,5;0;21,2;20,6;21,2;20,3;20,6;19,9;99;96;96;77;2,9;1,3;
2026/08/16;0300 UTC;0;998,5;998,5;998,4;0;22,3;21;22,4;21,3;21;20,6;96;92;92;46;4,2;1,7;
2026/08/16;0400 UTC;0;998,8;998,8;998,4;0;21,3;20,6;22,4;21,3;21;20,6;96;92;96;30;3,8;1,9;
2026/08/16;0500 UTC;0;999;999;998,8;0;21,2;20,6;21,5;20,9;20,7;20,4;98;95;97;31;3,7;1,7;
2026/08/16;0600 UTC;0;998,5;999;998,5;0;21;20,5;21,3;21;20,6;20,4;97;96;97;40;4,4;1,7;
2026/08/16;0700 UTC;0;997,7;998,5;997,7;0;21,3;20,8;21,3;21;20,8;20,5;97;96;96;37;4,1;2;
2026/08/16;0800 UTC;0;997;997,7;996,9;0;21,7;20,9;21,7;21,3;20,9;20,7;97;95;95;38;3,8;1,7;
2026/08/16;0900 UTC;0;997,9;997,9;996,8;0;21,5;20,7;21,7;21,3;20,9;20,6;96;95;95;21;4,7;3;
2026/08/16;1000 UTC;,2;998,3;998,4;997,8;0;21,4;20,9;21,5;21,1;20,9;20,7;98;96;97;28;5,4;2,6;
2026/08/16;1100 UTC;,4;998,7;999,5;998,3;2,3;21,8;20,8;22,2;21;20,9;20,6;98;91;94;22;6;4;
2026/08/16;1200 UTC;,6;997,7;998,9;997,4;140;24,4;20,2;24,4;21,6;20,8;20,1;95;77;77;11;10,9;7,9;
2026/08/16;1300 UTC;0;997,6;997,8;997,6;875,6;24,9;21,5;24,9;24;21,5;20,1;82;76;82;26;9,5;3,8;
2026/08/16;1400 UTC;0;997,4;997,7;997,4;1554,5;26,8;22;26,8;24,8;22,2;21,3;83;74;75;18;7,7;4,7;
2026/08/16;1500 UTC;0;996,9;997,4;996,9;2137;29,6;20,4;29,6;26,8;22,5;20,2;76;58;58;7;8,5;6;
2026/08/16;1600 UTC;0;996,2;997;996,2;2587;31,4;20,7;31,4;29,6;21,6;20,1;60;52;53;346;11,3;4,9;
2026/08/16;1700 UTC;0;995,1;996,2;995,1;2521,1;32,5;20,7;32,5;31,5;21,1;19,6;53;47;50;346;11,4;5,4;
2026/08/16;1800 UTC;0;994,7;995,1;994,5;2043,9;32,8;18,6;33,4;32,6;20,6;18,3;49;41;43;342;10,2;4,3;
2026/08/16;1900 UTC;0;994,4;994,7;994,4;1454,3;32,7;18,7;33,7;32,6;20,6;18,6;47;42;43;340;6,8;3,5;
2026/08/16;2000 UTC;0;994,8;994,9;994,4;816,7;32,2;20,2;33,1;32,2;20,7;18,8;50;43;49;318;5,1;2,3;
2026/08/16;2100 UTC;0;994,8;994,8;994,7;218,2;29,7;20,1;32,2;29,7;20,2;18,9;56;47;56;25;4,3;1,3;
2026/08/16;2200 UTC;0;995,1;995,1;994,8;7,2;28,2;19;29,6;28,1;20,7;19;61;55;57;51;2,4;1,3;
2026/08/16;2300 UTC;0;995,6;995,6;995,1;0;26,9;19,8;28,5;26,9;20,4;19,1;67;57;65;57;3,5;,6;
2026/08/17;0000 UTC;0;996;996;995,6;0;25,5;20,2;26,9;25,2;20,4;19,7;74;65;73;36;4;1,4;
2026/08/17;0100 UTC;0;996,5;996,5;996,1;0;24,2;20,3;25,9;23,9;20,5;20;80;70;79;37;3,2;1,3;
2026/08/17;0200 UTC;0;996,7;996,7;996,5;0;24,9;20,3;25,1;24,2;20,4;20,1;78;74;76;51;3,4;1;
2026/08/17;0300 UTC;0;996,9;996,9;996,7;0;23,7;20,1;24,9;23,7;20,3;20,1;80;75;80;34;3,9;,7;
2026/08/17;0400 UTC;0;997,1;997,2;996,9;0;23,1;19,8;23,7;23;20,2;19,8;83;80;82;58;2,9;,9;
2026/08/17;0500 UTC;0;997,2;997,3;997,1;0;22,7;19,5;23,1;22,7;19,9;19,4;82;81;82;47;2,8;1,1;
2026/08/17;0600 UTC;0;996,8;997,2;996,7;0;22,5;19,1;23,4;22,5;19,5;19,1;82;77;81;41;4,9;1,2;
2026/08/17;0700 UTC;0;996,3;996,8;996,3;0;22,3;18,9;22,4;22,1;19,1;18,8;83;81;81;45;3,9;1,6;
2026/08/17;0800 UTC;0;996;996,3;996;0;22,6;18,7;22,9;22,3;18,9;18,7;80;78;79;34;4,8;2,8;
2026/08/17;0900 UTC;0;996,2;996,2;996;0;21,7;18,4;22,7;21,7;18,8;18,4;82;78;81;38;5,1;2,3;
2026/08/17;1000 UTC;0;996,4;996,4;996,2;0;21,8;18,2;21,8;21,5;18,4;18,2;82;80;80;39;5,1;2,6;
2026/08/17;1100 UTC;0;996,8;996,8;996,5;48,8;22,1;18,2;22,1;21,7;18,3;18,1;81;78;78;33;6,4;4,5;
2026/08/17;1200 UTC;0;997,6;997,6;996,8;659,1;25,9;19,1;25,9;22,1;19,2;18,1;79;66;66;24;5,6;2,8;
2026/08/17;1300 UTC;0;998;998;997,6;1525,9;28,5;18,9;28,6;25,9;19,4;18,4;65;54;56;8;11,2;6,7;
2026/08/17;1400 UTC;0;998;998,1;997,9;1882,4;29,4;18,3;29,8;28,6;19,4;18,2;56;51;51;2;11,7;6,2;
2026/08/17;1500 UTC;0;997,7;998;997,6;2297,7;31,3;19;31,3;29,5;19,9;18,2;53;48;48;6;10,2;5,2;
2026/08/17;1600 UTC;0;997,1;997,7;997,1;2413,1;32,5;19,2;32,7;31,2;20,1;18,3;51;44;46;356;7,5;4,3;
2026/08/17;1700 UTC;0;996,3;997,1;996,3;2360,6;33,1;18,9;33,3;32,3;20,5;18,2;48;42;43;347;9,4;4,4;
2026/08/17;1800 UTC;0;995,9;996,3;995,9;2149,3;33,2;19,7;33,4;32,4;20,6;18,5;48;42;45;352;7,8;4,1;
2026/08/17;1900 UTC;0;995,7;996;995,7;1773,9;34,2;18,4;34,2;33,3;20,8;18,4;47;39;39;321;7,1;3,4;
2026/08/17;2000 UTC;0;995,9;995,9;995,7;995,8;32,5;17,4;34,2;32,5;20,3;17,4;44;39;41;334;6,6;3,3;
2026/08/17;2100 UTC;0;996,1;996,1;995,9;238;30,9;18,4;32,5;30,9;18,9;17,6;49;41;47;328;4,8;1,9;
2026/08/17;2200 UTC;0;996,7;996,7;996,1;9,9;28,5;18,9;30,9;28,5;19,3;18,1;56;47;56;11;3,8;1,2;
2026/08/17;2300 UTC;0;997,5;997,5;996,7;0;28;18,6;28,5;26,7;20,4;18,5;67;55;57;193;1,5;,3;
2026/08/18;0000 UTC;0;998;998;997,5;0;24,9;20,3;28;24,9;20,4;18,5;76;57;76;59;2,3;,5;
2026/08/18;0100 UTC;0;998,1;998,3;998;0;24,3;19,7;25,7;23,5;20,8;19,2;84;68;75;181;2,9;1,9;
2026/08/18;0200 UTC;0;998,4;998,5;998,1;0;23,1;20,3;24,3;23,1;20,4;19,7;84;76;84;216;2,7;1,3;
2026/08/18;0300 UTC;0;998,8;998,8;998,3;0;23,7;20,3;23,7;22;20,4;20,2;90;81;81;209;4,3;1,8;
2026/08/18;0400 UTC;0;999,5;999,7;998,8;0;22,7;20,4;23,7;22,6;20,6;20,2;88;81;87;222;4,6;2,1;
2026/08/18;0500 UTC;0;999,5;999,9;999,4;0;21,8;20,1;22,9;21,8;20,5;20;92;85;90;196;7,6;2,7;
2026/08/18;0600 UTC;0;999,8;999,9;999,5;0;21,1;19,9;21,7;21,1;20,1;19,9;93;90;93;187;4,1;1,9;
2026/08/18;0700 UTC;0;999,5;999,8;999,3;0;20,4;19,7;21,1;20,4;19,9;19,7;96;93;96;28;3;,5;
2026/08/18;0800 UTC;0;999,9;999,9;999,5;0;19,8;19,5;20,3;19,8;19,8;19,5;99;96;98;267;1,9;1,4;
2026/08/18;0900 UTC;0;1000,1;1000,3;999,9;0;19,8;19,4;20;19,8;19,6;19,4;99;97;98;46;2,7;1,3;
2026/08/18;1000 UTC;0;1000,5;1000,7;1000,1;0;19,2;19,2;19,8;19,1;19,4;18,9;100;97;100;239;1,1;,6;
2026/08/18;1100 UTC;0;1001,7;1001,8;1000,6;51,2;19,4;19,3;19,4;18,9;19,3;18,9;100;99;99;231;4,8;2,8;
2026/08/18;1200 UTC;0;1002;1002,2;1001,5;407,5;21,1;20;21,1;19,5;20,1;19,3;99;94;94;225;3,5;2,1;
2026/08/18;1300 UTC;0;1002,5;1002,7;1001,8;953,5;22,4;20,5;22,6;21,1;21;19,9;94;89;89;248;3,8;2,4;
2026/08/18;1400 UTC;0;1003,3;1003,3;1002,5;1165,5;22,6;19,9;23,3;22,4;20,9;19,9;89;82;85;253;7,2;4,6;
2026/08/18;1500 UTC;0;1002,8;1003,4;1002,7;1284,6;23,1;20,2;23,1;22,2;20,4;19,5;87;82;84;206;7,3;2,1;
2026/08/18;1600 UTC;0;1002,7;1003,1;1002,7;1201,5;22,9;19,8;23,5;22,8;20,3;19,3;85;78;83;250;4,9;1,8;
2026/08/18;1700 UTC;0;1003,2;1003,4;1002,4;1386,4;23,4;20;23,8;22,8;20,5;19,3;84;77;82;250;6,7;4,1;
2026/08/18;1800 UTC;0;1003,8;1003,8;1003;460,5;21,2;18,4;23,4;21,2;20,2;18,3;86;81;84;237;11;5,6;
2026/08/18;1900 UTC;0;1003,6;1004,1;1003,6;746,4;21,9;18;22,3;21,1;18,9;17,9;85;78;78;240;8,5;2,7;
2026/08/18;2000 UTC;0;1003,5;1004,7;1003,4;329,1;21,6;17,8;21,9;21,6;18,6;17,8;82;78;79;14;3,5;,7;
2026/08/18;2100 UTC;0;1003,7;1003,7;1003;158,6;20,8;18,5;21,6;20,8;18,7;17,7;87;78;87;343;2,3;1,1;
2026/08/18;2200 UTC;0;1005,1;1005,1;1003,6;5,2;19,7;18,4;20,8;19,6;18,6;18,2;93;86;92;259;3,8;2,4;
2026/08/18;2300 UTC;0;1006,1;1006,2;1004,9;,5;17;16;19,8;17;18,5;16;94;89;94;233;10,4;4,9;
2026/08/19;0000 UTC;0;1006,3;1006,6;1006,1;,3;16,2;15;16,9;16,2;15,9;14,8;96;91;92;222;8,6;1;
2026/08/19;0100 UTC;0;1006,3;1006,3;1006;0;15,9;15,3;16,1;15,9;15,5;15;97;93;96;12;3,5;2,7;
2026/08/19;0200 UTC;0;1006,7;1007,2;1006,1;0;15,9;15,1;16,1;15,9;15,4;15;97;94;95;13;3,5;,5;
2026/08/19;0300 UTC;0;1007;1007,4;1006,5;0;15,7;15,1;16;15,7;15,2;15;96;94;96;240;4,8;1,8;
2026/08/19;0400 UTC;0;1006,8;1007,1;1006,3;0;15,6;15,2;15,8;15,6;15,2;15;98;95;98;357;2,5;1,5;
2026/08/19;0500 UTC;0;1006,9;1007,4;1006,8;0;15,5;14,8;15,7;15,5;15,2;14,7;97;95;96;226;5,1;1,9;
2026/08/19;0600 UTC;0;1006,7;1006,8;1006,2;0;15,4;15;15,5;15,3;15,1;14,8;99;95;98;264;4,2;1,2;
2026/08/19;0700 UTC;0;1006,6;1006,8;1005,1;0;15,3;14,8;15,4;15,2;15,1;14,8;99;97;97;263;4,4;1;
2026/08/19;0800 UTC;,4;1006,8;1007,1;1005,8;0;15,2;15;15,4;15,2;15,1;14,7;99;96;99;346;4,7;1;
2026/08/19;0900 UTC;1,2;1006,3;1007,4;1005,8;0;14,7;14,7;15,2;14,7;15,1;14,7;100;98;100;170;5,8;3,1;
2026/08/19;1000 UTC;,4;1006,2;1006,6;1004,9;0;14,7;14,7;14,7;14,6;14,7;14,6;100;100;100;106;4,8;1,6;
2026/08/19;1100 UTC;0;1007,1;1007,2;1006,4;40,8;15;14,9;15;14,7;14,9;14,7;100;99;100;48;3,7;,8;
2026/08/19;1200 UTC;0;1007,3;1007,6;1006,8;157,6;15,3;15,2;15,3;15;15,2;14,9;100;98;99;115;2,8;1,1;
2026/08/19;1300 UTC;0;1007,9;1007,9;1007,1;463,9;16;15;16;15,3;15,5;14,8;99;93;94;172;3,3;1,3;
2026/08/19;1400 UTC;0;1008,2;1008,2;1007,8;405,7;16,3;15,2;16,3;16;15,5;14,8;95;93;93;173;2,1;,8;
2026/08/19;1500 UTC;0;1007,6;1008,4;1007,2;613,4;16,8;15,6;17;16,3;15,9;15,1;95;90;93;164;3,3;1,8;
2026/08/19;1600 UTC;0;1007;1007,8;1006,9;473,2;17,1;16;17,2;16,8;16;15,4;95;91;93;169;3,2;1,8;
2026/08/19;1700 UTC;0;1005,8;1007;1005,8;440;17,2;16,2;17,4;17;16,5;15,7;94;91;94;117;2,4;1,1;
2026/08/19;1800 UTC;1,6;1004,5;1006,6;1004,5;122,8;16,8;16,7;17,3;16,8;16,7;16,1;99;93;99;148;3,1;2,3;
2026/08/19;1900 UTC;,4;1004;1004,9;1004;247,6;17;16,6;17;16,7;16,8;16,5;99;98;98;171;5,3;3,8;
2026/08/19;2000 UTC;0;1003,3;1004;1003,3;176;17;16,7;17;16,9;16,8;16,5;99;98;98;185;5,5;2,8;
2026/08/19;2100 UTC;0;1003,8;1003,8;1003,1;70,3;17;16,7;17,1;17;16,8;16,6;99;98;98;220;4,6;1,7;
2026/08/19;2200 UTC;0;1004,3;1004,3;1003,5;2,1;16,9;16,7;17;16,9;16,8;16,7;99;98;99;226;3,3;1,6;
2026/08/19;2300 UTC;0;1004,2;1004,5;1003,9;0;16,7;16,5;16,9;16,7;16,7;16,4;99;98;99;225;3,4;1,7;
2026/08/20;0000 UTC;0;1004,1;1004,2;1004;0;16,4;16,4;16,7;16,4;16,5;16,4;100;99;100;230;4,5;2,2;
2026/08/20;0100 UTC;0;1004,2;1004,3;1003,7;0;16,2;16,2;16,4;16,2;16,4;16,2;100;100;100;243;5,6;3,2;
2026/08/20;0200 UTC;,2;1004;1004,5;1003,9;0;15,5;15,5;16,2;15,5;16,2;15,5;100;100;100;269;6,3;0;
2026/08/20;0300 UTC;,6;1004,6;1004,8;1003,9;,3;14,1;14;15,4;14,1;15,4;14;100;98;99;249;6,8;4,4;
2026/08/20;0400 UTC;3;1004,4;1004,8;1004,1;0;13,8;13,7;14,1;13,8;14;13,7;100;99;100;284;5,7;4,3;
2026/08/20;0500 UTC;3;1003;1004,5;1002,9;0;13,5;13,5;13,8;13,5;13,7;13,4;100;99;100;288;4,3;4,3;
2026/08/20;0600 UTC;3,4;1003,3;1003,3;1003;0;13,3;13,3;13,5;13,3;13,5;13,3;100;100;100;337;4,3;1,6;
2026/08/20;0700 UTC;4,4;1002,7;1003,5;1001,6;0;13,5;13,5;13,5;13,4;13,5;13,4;100;100;100;303;3,1;1,1;
2026/08/20;0800 UTC;2;1001,9;1003,2;1001,9;0;13,3;13,2;13,5;13,3;13,5;13,2;100;99;99;304;5,6;2,8;
2026/08/20;0900 UTC;2,2;1002,5;1003,1;1001,6;0;13,1;12,9;13,3;13,1;13,3;12,9;100;98;98;288;7;3,7;
2026/08/20;1000 UTC;0;1003,4;1003,4;1002,3;0;12,4;12;13,1;12,4;12,8;11,9;98;96;98;307;8,7;2,9;
2026/08/20;1100 UTC;,4;1004,2;1004,2;1003,4;30,1;12,2;11,9;12,4;12,2;12,1;11,8;98;96;98;304;6,8;3,7;
2026/08/20;1200 UTC;0;1004;1004,3;1003,7;345,4;12,6;12,1;12,7;12,1;12,2;11,7;98;95;97;298;6,4;3,9;
2026/08/20;1300 UTC;0;1004,1;1004,2;1003,8;542,6;13,3;11,8;13,3;12,6;12,5;11,8;98;90;91;296;6,9;4,6;
2026/08/20;1400 UTC;0;1004,1;1004,2;1004;765,8;13,8;11,7;13,8;13,2;12,2;11,6;92;87;88;290;7,3;4,2;
2026/08/20;1500 UTC;0;1003,7;1004,1;1003,6;1115,4;13,5;12,5;14,6;13,1;13,2;11,8;97;86;94;283;8,7;5,4;
2026/08/20;1600 UTC;0;1003;1003,7;1003;1630,3;14,9;11,8;15,1;13,6;13;11,7;93;81;82;306;7,9;4,7;
2026/08/20;1700 UTC;0;1002,9;1003,3;1002,9;1052,7;13,3;12,1;14,8;13;12,6;11,3;95;82;93;312;10,1;5,8;
2026/08/20;1800 UTC;0;1002,2;1003;1002,2;1186,4;13,8;11,5;15;12,7;12,3;10,8;95;77;86;317;10,8;4,4;
2026/08/20;1900 UTC;0;1002,5;1002,5;1002,2;516,4;14,2;10,4;14,3;13,4;11,6;10,3;87;78;78;288;8,5;4,8;
2026/08/20;2000 UTC;0;1002,7;1002,7;1002,4;354,7;12,9;11,1;14,2;12,9;11,3;10,1;89;77;88;298;8,5;4,3;
2026/08/20;2100 UTC;0;1003,7;1003,8;1002,7;159,2;13,1;9,8;13,1;12,7;11,3;9,8;90;80;80;301;7,4;4,6;
2026/08/20;2200 UTC;0;1004,4;1004,4;1003,8;8,6;12,6;10,2;13,1;12,6;10,5;9,9;86;81;85;303;6,5;3,9;
2026/08/20;2300 UTC;0;1004,8;1004,9;1004,4;0;11,4;11,1;12,6;11,4;11,1;10;98;84;98;321;6,9;2,4;
2026/08/21;0000 UTC;0;1005,3;1005,3;1004,9;0;11,5;11,4;11,5;11,3;11,4;11,1;100;98;100;336;5,4;3,1;
2026/08/21;0100 UTC;,2;1005,5;1005,7;1005,3;0;11,8;11,8;11,8;11,5;11,8;11,5;100;100;100;340;5,5;3;
2026/08/21;0200 UTC;0;1006;1006;1005,5;0;12,1;11,9;12,1;11,8;11,9;11,7;100;98;99;307;5,4;2,8;
2026/08/21;0300 UTC;,2;1006,2;1006,2;1005,9;0;12,2;12,2;12,2;12,1;12,2;11,9;100;99;100;290;6,8;3,4;
2026/08/21;0400 UTC;,6;1006,6;1006,6;1006,3;0;11,9;11,5;12,3;11,9;12,3;11,5;100;97;97;210;5,3;2,5;
2026/08/21;0500 UTC;0;1006,9;1007,1;1006,7;0;10,9;10,3;11,9;10,9;11,5;10,3;97;94;96;234;6,1;2,7;
2026/08/21;0600 UTC;0;1006,7;1006,9;1006,6;0;9,9;9,7;10,9;9,9;10,3;9,7;98;96;98;242;4,4;1,6;
2026/08/21;0700 UTC;0;1006,7;1006,8;1006,6;0;9,3;9,3;9,9;9,1;9,7;9;100;99;100;236;2,4;1,1;
2026/08/21;0800 UTC;,2;1006,7;1006,7;1006,5;0;8,8;8,8;9,3;8,8;9,3;8,8;100;100;100;277;1,7;,5;
2026/08/21;0900 UTC;0;1006,8;1006,8;1006,8;0;9;9;9;8,9;9;8,9;100;100;100;283;,4;,4;
2026/08/21;1000 UTC;0;1007,7;1007,7;1006,8;0;8,4;8,4;8,7;8,2;8,7;8,2;100;100;100;10;7,1;4,2;
2026/08/21;1100 UTC;0;1008,3;1008,3;1007,5;87,2;8,2;8,2;8,4;7,9;8,4;7,9;100;100;100;358;7,1;7,1;
2026/08/21;1200 UTC;0;1008,9;1008,9;1008,3;486,4;8,8;8,8;9;8,1;9;8,1;100;100;100;358;7,1;7,1;
2026/08/21;1300 UTC;0;1009,1;1009,3;1008,9;1222,9;10,9;10,9;10,9;8,8;10,9;8,8;100;100;100;0;11;2,5;
2026/08/21;1400 UTC;0;1009,3;1009,3;1009,1;2176,9;14,6;11,7;14,6;10,9;12,1;10,9;100;82;83;0;3,3;3,2;
2026/08/21;1500 UTC;0;1008,9;1009,3;1008,9;2689,2;16,8;11;16,9;14,6;11,9;9,4;82;63;69;296;3,9;1,6;
2026/08/21;1600 UTC;0;1008,5;1008,9;1008,5;2923,8;18,1;10,4;18,1;16,8;10,9;7,9;67;54;61;285;3,8;2;
2026/08/21;1700 UTC;0;1008,2;1008,5;1008,2;2758,6;19,6;8,3;19,8;18,1;11,7;8,3;63;48;48;249;5,3;2,3;
2026/08/21;1800 UTC;0;1007,7;1008,2;1007,7;2499,4;20,3;8,8;20,4;19,5;10,2;7,3;55;44;47;245;5,5;2,4;
2026/08/21;1900 UTC;0;1007,6;1007,7;1007,5;1954,2;20,7;8,2;20,8;20,3;10,1;7,8;50;44;45;237;4,3;2,1;
2026/08/21;2000 UTC;0;1007,9;1007,9;1007,7;1258,9;20,7;9,8;20,9;20,5;10,6;8,1;52;44;50;230;5,1;1,9;
2026/08/21;2100 UTC;0;1008,3;1008,3;1008;487,8;18,8;10,2;20,7;18,8;10,7;8,5;57;46;57;228;5,2;1,5;
2026/08/21;2200 UTC;0;1009;1009;1008,4;19,6;15,6;10,3;18,7;15,6;10,9;9,7;71;56;71;180;3,3;1,3;
2026/08/21;2300 UTC;0;1009,7;1009,7;1009;0;13,9;11,6;15,6;13,7;11,6;10,3;87;71;86;173;4,9;3;
2026/08/22;0000 UTC;0;1010,3;1010,3;1009,7;0;13,4;12,1;14,3;13,4;12,2;11,7;92;85;92;162;6;3,4;
2026/08/22;0100 UTC;0;1010,6;1010,7;1010,4;0;12,8;11,7;13,5;12,8;12,1;11,7;93;91;93;174;5,3;3,1;
2026/08/22;0200 UTC;0;1011,1;1011,1;1010,5;0;11,9;11,1;12,9;11,9;11,7;11,1;95;93;95;178;5,7;2,8;
2026/08/22;0300 UTC;0;1010,9;1011,1;1010,9;0;11,2;10,2;12;11,2;11,1;10,2;95;92;94;189;4,4;3,1;
2026/08/22;0400 UTC;0;1011;1011;1010,9;0;9,7;8,8;11,2;9,7;10,2;8,8;95;93;95;179;4,6;2,4;
2026/08/22;0500 UTC;0;1011,4;1011,4;1010,9;0;8,9;8,4;9,7;8,9;8,8;8,3;96;94;96;177;3,6;1,9;
2026/08/22;0600 UTC;0;1011,7;1011,7;1011,5;0;8,4;8,2;8,9;8,3;8,4;8;99;96;99;197;2,8;1,1;
2026/08/22;0700 UTC;0;1012,2;1012,2;1011,7;0;7,7;7,2;8,4;7,7;8,2;7,2;99;96;96;177;3;1,6;
2026/08/22;0800 UTC;0;1012;1012,2;1012;0;7,3;6,9;7,7;7;7,1;6,3;97;94;97;154;3;1,8;
2026/08/22;0900 UTC;0;1012,1;1012,1;1012,1;0;7,4;6,8;7,4;7,3;6,9;6,8;97;96;96;164;4,1;2,4;
2026/08/22;1000 UTC;0;1013,2;1013,2;1012,4;0;6,1;5,5;6,7;6,1;6,3;5,5;98;96;96;162;4,1;2,8;
2026/08/22;1100 UTC;0;1013,8;1013,8;1013,2;139,8;7,1;6,3;7,1;6;6,3;5,4;97;95;95;162;3,8;2,2;
2026/08/22;1200 UTC;0;1014,1;1014,3;1013,9;950,4;9,5;6,8;9,7;7,1;7,3;6,3;95;80;83;141;5,7;2,3;
2026/08/22;1300 UTC;0;1014,4;1014,4;1014,1;1643,3;10,9;5,7;11,1;9,6;6,9;5,4;83;70;70;127;6,3;2,3;
2026/08/22;1400 UTC;0;1014,5;1014,6;1014,4;2288,1;12,5;5,7;12,5;10,8;7;5,3;75;63;63;126;5,9;2,8;
2026/08/22;1500 UTC;0;1013,8;1014,5;1013,8;2735,1;13,2;6,1;13,3;12,2;6,8;5,1;68;59;62;134;6;2,2;
2026/08/22;1600 UTC;0;1012,9;1013,8;1012,9;2950,2;14,3;6,1;14,3;12,7;6,7;4,6;64;54;58;141;4,3;1,7;
2026/08/22;1700 UTC;0;1011,5;1012,8;1011,5;2863,1;15,6;5,3;15,6;13,8;7,1;4,7;63;50;50;173;4,7;1,6;
2026/08/22;1800 UTC;0;1010,5;1011,5;1010,5;2539;16,2;5,3;16,3;15,1;6,5;3,5;54;43;48;143;5,5;1,7;
2026/08/22;1900 UTC;0;1010,1;1010,5;1010;1992;16,3;6;16,7;16;6,1;3,9;51;44;50;172;3,7;1,8;
2026/08/22;2000 UTC;0;1010;1010,1;1009,9;1288,4;16,1;5,6;16,7;16,1;6,3;4,5;52;46;50;169;4,7;2,4;
2026/08/22;2100 UTC;0;1010,1;1010,1;1009,9;511;14,3;6,4;16;14,3;6,7;4,5;59;47;59;160;4,2;2,3;
2026/08/22;2200 UTC;0;1010,3;1010,3;1010;27,8;12;5,7;14,2;12;6,9;5,5;66;59;65;155;3,3;2,8;
2026/08/22;2300 UTC;0;1010,8;1010,8;1010,3;0;9,9;6,1;11,9;9,9;6,5;5,1;79;65;77;182;3,3;1,6;
2026/08/23;0000 UTC;0;1011,3;1011,3;1010,8;0;8,7;6,6;10,2;8,7;6,8;6,1;87;76;87;171;3,8;3;
2026/08/23;0100 UTC;0;1011,2;1011,4;1011,2;0;8,5;5,4;8,6;8;6,5;5,3;88;81;81;162;4,6;3;
2026/08/23;0200 UTC;0;1010,9;1011,1;1010,9;0;7,8;5,1;8,7;7,7;5,4;5;84;79;83;157;4,5;3,5;
2026/08/23;0300 UTC;0;1011,4;1011,4;1010,9;0;7,2;4,9;8,2;7,2;5,1;4,8;86;80;85;164;4,5;3,4;
2026/08/23;0400 UTC;0;1011,6;1011,6;1011,4;0;7,4;4,6;8,3;7,2;4,9;4,3;85;76;83;169;5,9;3,3;
2026/08/23;0500 UTC;0;1011,5;1011,7;1011,5;0;6,7;4,4;7,4;6,7;4,8;4,3;87;82;85;151;4,7;1,6;
2026/08/23;0600 UTC;0;1011,1;1011,5;1011,1;0;6;4,5;6,8;6;4,7;4,1;90;83;90;94;2,7;1;
2026/08/23;0700 UTC;0;1011;1011,2;1011;0;5,8;4,3;6;5,5;4,5;4,1;93;88;90;162;2,1;,8;
2026/08/23;0800 UTC;0;1010,6;1011;1010,6;0;5,4;4;5,9;5,2;4,3;4;93;89;91;141;2,3;,6;
2026/08/23;0900 UTC;0;1010,6;1010,7;1010,6;0;5,7;3,6;5,7;5,4;4,2;3,5;92;86;86;145;3,3;,7;
2026/08/23;1000 UTC;0;1011,7;1011,7;1011,2;0;4,7;3,3;5,2;4,7;4,2;3,2;95;88;90;125;1,5;,8;
2026/08/23;1100 UTC;0;1012,5;1012,5;1011,7;136,6;6,7;4,8;6,7;4,6;5;3,2;92;87;87;144;1,9;,9;
2026/08/23;1200 UTC;0;1013;1013;1012,5;887;9,5;5,2;9,5;6,7;5,9;4,5;89;74;74;134;3,3;1,2;
2026/08/23;1300 UTC;0;1013,1;1013,2;1013;1656;12,7;5,7;12,8;9,5;6,7;5;77;61;63;110;5,7;3,1;
2026/08/23;1400 UTC;0;1013,1;1013,1;1013;2312,9;14,6;5,7;14,6;12,6;6,7;5;65;54;55;120;8,2;2,7;
2026/08/23;1500 UTC;0;1012,5;1013,1;1012,5;2744,5;15,5;5,4;15,5;14,5;6,8;5,2;59;51;51;84;6,5;2,9;
2026/08/23;1600 UTC;0;1011,7;1012,5;1011,7;2940,4;17;6,6;17;15,4;7,7;4,6;58;47;50;124;6,5;2,6;
2026/08/23;1700 UTC;0;1011,2;1011,7;1011,2;2868,6;17,6;4,9;17,6;16,6;8,2;4,2;55;43;43;148;8,4;3;
2026/08/23;1800 UTC;0;1010,7;1011,2;1010,7;2544,8;17,8;3,2;18,3;17,4;6,6;3,2;49;37;38;146;6,6;2,5;
2026/08/23;1900 UTC;0;1010,1;1010,7;1010,1;2005;18,5;3,8;18,6;17,8;6;2;45;33;38;135;5,6;2;
2026/08/23;2000 UTC;0;1009,9;1010,1;1009,9;1303;18,2;4,1;18,6;18,2;5,4;2,5;43;34;39;145;4,7;1,9;
2026/08/23;2100 UTC;0;1010;1010,1;1010;516,7;16,5;6,5;18,3;16,5;6,8;3,7;52;38;51;134;3,3;,9;
2026/08/23;2200 UTC;0;1010,5;1010,5;1010;23,9;12,9;6,3;16,4;12,9;6,8;5,6;64;52;64;121;2,5;1,1;
2026/08/23;2300 UTC;0;1011,2;1011,2;1010,5;0;12,4;5,7;12,8;12,3;6,6;5,4;68;62;64;133;2,6;1,2;
2026/08/24;0000 UTC;0;1011,3;1011,4;1011,2;0;11,4;6,2;12,4;11,4;6,4;5,6;71;63;70;136;1,8;1,2;
2026/08/24;0100 UTC;0;1011,6;1011,6;1011,3;0;9,5;6,1;10,4;9,1;6,5;5,9;82;74;79;153;4,4;1,8;
2026/08/24;0200 UTC;0;1011,6;1011,7;1011,5;0;9,3;5,2;10,1;9,3;6,2;5,2;80;72;75;131;4,1;1,5;
2026/08/24;0300 UTC;0;1011,3;1011,5;1011,3;0;8,7;4,7;9,3;8,7;5,1;4,7;77;75;76;124;2,8;1,9;
2026/08/24;0400 UTC;0;1011;1011,3;1011;0;8,3;4,2;8,6;7,9;4,8;4,2;79;75;75;105;4,9;3,5;
2026/08/24;0500 UTC;0;1010,7;1011;1010,7;0;7,4;4,2;8,5;7,3;4,4;4,2;81;74;80;128;5,3;1,7;
2026/08/24;0600 UTC;0;1010,4;1010,7;1010,4;0;7,9;3,8;7,9;7,2;4,3;3,7;80;75;75;106;5,6;3,6;
2026/08/24;0700 UTC;0;1010,2;1010,5;1010,2;0;7,1;3,7;8,1;7;4,1;3,6;81;74;79;90;5,5;2;
2026/08/24;0800 UTC;0;1010,5;1010,5;1010,2;0;6;3,7;7,2;5,8;4,1;3,6;87;79;85;108;4,7;,8;
2026/08/24;0900 UTC;0;1011,3;1011,3;1010,5;0;5,1;3,7;6,1;5,1;4;3,6;90;84;90;185;2,4;1,6;
2026/08/24;1000 UTC;0;1012,2;1012,2;1011,6;2,7;4,9;3,2;5;4,9;3,3;3,2;89;89;89;144;3,5;1,2;
2026/08/24;1100 UTC;0;1012,4;1012,5;1012,2;181,2;6,4;4,6;6,4;3,8;4,8;3;96;88;88;148;4;1,7;
2026/08/24;1200 UTC;0;1012,4;1012,5;1012,2;698,9;9,6;5,3;9,6;6,5;5,4;4,3;88;74;74;136;3,8;1,8;
2026/08/24;1300 UTC;0;1012,2;1012,5;1012,2;1674,4;12,6;5;12,6;9,7;6,4;4,9;74;59;60;107;7,2;5,1;
2026/08/24;1400 UTC;0;1011,4;1012,2;1011,4;2238,8;14,6;6,4;14,6;12,7;6,7;5;62;54;58;98;7,9;4,6;
2026/08/24;1500 UTC;0;1010,4;1011,4;1010,4;2551,4;17,1;7,9;17,1;14,7;8,1;6,3;60;53;54;110;6,8;2,6;
2026/08/24;1600 UTC;0;1009,4;1010,5;1009,4;2573,6;18,6;6,8;18,6;16,9;8,5;6,6;56;46;46;142;5,2;2,1;
2026/08/24;1700 UTC;0;1008,7;1009,4;1008,7;1771,3;18,5;7,2;18,7;18,3;8,3;5,2;51;41;48;147;5,4;1,9;
2026/08/24;1800 UTC;0;1007,9;1008,7;1007,9;906,9;17,5;7,8;18,5;17,5;8,7;7;54;48;53;161;5,9;4;
2026/08/24;1900 UTC;0;1006,9;1007,9;1006,9;708,1;17,6;8,5;17,6;17,5;8,6;7;56;50;55;144;5,5;1,5;
2026/08/24;2000 UTC;0;1007,1;1007,2;1006,8;635,7;17,7;10,1;17,7;17,5;10,2;7,9;62;53;61;156;3,5;2,5;
2026/08/24;2100 UTC;0;1007,4;1007,5;1007,1;329,9;15,6;9,8;17,7;15,6;10,5;9,4;68;59;68;154;4,4;2,5;
2026/08/24;2200 UTC;0;1007,6;1007,7;1007,6;0;13,8;9,1;13,8;13,8;9,1;8,9;73;72;73;165;3,1;2,5;
2026/08/24;2300 UTC;0;1007,6;1007,9;1007,5;0;13,5;8,2;13,8;13,1;9,6;8;78;69;70;153;3,9;2,9;
2026/08/25;0000 UTC;0;1007,6;1007,8;1007,5;0;12,8;8;13,5;12,4;8,7;7,9;77;70;73;140;3,5;1,4;
2026/08/25;0100 UTC;0;1007,8;1008,1;1007,3;0;10,7;8,1;13;10,7;8,5;7,9;84;72;84;159;5,8;2,7;
2026/08/25;0200 UTC;0;1007,8;1007,9;1007,5;0;10,4;8,4;10,6;10,1;8,5;8,1;88;85;87;145;4,9;2;
2026/08/25;0300 UTC;0;1008,4;1008,5;1007,7;0;8,7;7,9;10,4;8,7;8,3;7,8;94;87;94;50;3,8;,4;
2026/08/25;0400 UTC;0;1007,7;1008,4;1007,7;0;8,9;7,7;9,1;8,7;8,1;7,6;95;92;92;85;3,2;1,1;
2026/08/25;0500 UTC;0;1007;1007,7;1007;0;8,6;7,6;9;8;7,8;7,1;97;92;93;96;3,6;1,1;
2026/08/25;0600 UTC;0;1006,2;1007,1;1006,1;0;7,8;7,5;8,6;7,6;7,6;6,9;98;93;98;109;3,6;,7;
2026/08/25;0700 UTC;0;1005,4;1006,1;1005,4;0;6,9;6,9;8,5;6,6;7,6;6,2;100;92;100;141;4;1,1;
2026/08/25;0800 UTC;0;1005,1;1005,4;1005;0;6,5;6,3;7,2;6,5;7,1;6,1;100;96;99;160;3,3;2,2;
2026/08/25;0900 UTC;0;1005,4;1005,4;1005;0;6,2;6;6,5;6,2;6,4;6;100;98;99;142;3;,8;
2026/08/25;1000 UTC;0;1005,4;;;;6,2;6;;;;;;;99;161;3,9;2;
2026/08/25;1100 UTC;0;1007,1;1007,2;1006,2;193,2;7,3;6,9;7,3;5,9;6,9;5,9;100;97;98;182;2,7;1,2;
2026/08/25;1200 UTC;0;1007;1007,2;1007;881,6;11,6;8,2;11,7;7,4;8,8;7;98;80;80;102;4,1;1,6;
2026/08/25;1300 UTC;0;1007;1007,1;1006,9;1677,1;13,8;9,2;13,9;11,6;9,6;8,1;82;73;74;113;5,7;2,1;
2026/08/25;1400 UTC;0;1006,1;1007;1006;2315,8;16,6;10,6;16,6;13,8;10,7;9,1;76;67;68;91;3;,5;
2026/08/25;1500 UTC;0;1005,3;1006,2;1005,3;2744,8;19,8;10,6;19,8;16,7;11,7;9,3;69;54;55;120;3,6;1,9;
2026/08/25;1600 UTC;0;1004,2;1005,3;1004,2;2944,8;21,8;10,5;21,8;19,8;12,1;8,7;60;44;49;137;5;2,4;
2026/08/25;1700 UTC;0;1002,7;1004,2;1002,7;2859,9;22,8;10,5;23;21,8;11,6;8,8;51;41;46;119;5;1,9;
2026/08/25;1800 UTC;0;1001,7;1002,7;1001,7;2514,5;23,8;9;24,1;22,9;11,5;8,7;47;38;39;88;4,5;1,5;
2026/08/25;1900 UTC;0;1001,4;1001,8;1001,4;1968,2;24,4;11,3;24,5;23,6;12,4;9,6;48;41;44;142;4,5;1,7;
2026/08/25;2000 UTC;0;1001,2;1001,4;1001,2;1283,3;23,5;12,9;24,6;23,5;13,4;10,4;53;41;51;165;4,5;3;
2026/08/25;2100 UTC;0;1001,1;1001,2;1000,8;486,9;22,2;13,7;23,5;22,2;14;12,4;59;50;58;144;4,2;,9;
2026/08/25;2200 UTC;0;1001;1001,2;1000,9;28,4;18,8;12;22;18,8;13,5;12;65;58;65;129;4,2;1,3;
2026/08/25;2300 UTC;0;1001,4;1001,4;1001;0;17,5;11,5;18,8;17,5;12,1;11,4;68;65;68;139;2,4;1,5;
2026/08/26;0000 UTC;0;1001,7;1001,7;1001,4;0;15,5;11,7;17,4;15,5;11,9;11,3;78;69;78;149;3,5;1,3;
2026/08/26;0100 UTC;0;1001,9;1001,9;1001,7;0;14,6;11,4;15;14,2;11,8;11,4;85;81;81;161;3,7;2,9;
2026/08/26;0200 UTC;0;1001,6;1001,9;1001,5;0;14,1;11,2;14,8;13,9;11,6;11;84;79;82;97;4;,8;
2026/08/26;0300 UTC;0;1001,3;1001,6;1001,1;0;14,4;11,3;14,4;13,9;11,3;10,9;84;80;82;104;2,5;,9;
2026/08/26;0400 UTC;0;1001,1;1001,3;1001,1;0;12,8;11,2;14,2;12,8;11,4;11,1;90;82;90;135;1,8;,4;
2026/08/26;0500 UTC;0;1001,4;1001,4;1001,1;0;11,3;10,6;13;11,2;11,4;10,6;96;89;96;165;3,7;2,1;
2026/08/26;0600 UTC;0;1000,5;1001,3;1000,5;0;11,8;11,1;11,8;11,1;11,1;10,5;97;94;95;105;3;2,1;
2026/08/26;0700 UTC;0;1000;1000,5;1000;0;12,1;11,3;12,1;11,8;11,3;11,1;95;94;95;77;3,2;,8;
2026/08/26;0800 UTC;0;999;999,6;999;0;12,1;11,6;12,2;12,1;11,6;11,4;97;95;96;73;2;,9;
2026/08/26;0900 UTC;0;999;999;998,9;0;12,2;11,5;12,3;11,8;11,6;11,1;97;94;96;100;3,1;1,9;
2026/08/26;1000 UTC;0;999,5;999,5;999;,1;11,6;11,3;12,3;11,3;11,5;11;99;94;98;36;3,1;1,3;
2026/08/26;1100 UTC;0;1000;1000;999,4;161,9;13,7;12,2;13,7;11,6;12,2;11,3;98;90;90;79;3,5;1,2;
2026/08/26;1200 UTC;0;1000;1000,3;1000;859,1;16,7;12,6;16,7;13,8;13,2;12,1;91;77;77;87;3,1;,6;
2026/08/26;1300 UTC;0;999,9;1000,4;999,9;1598,2;19,1;14,2;19,3;16,7;14,6;12,8;79;72;74;43;6,3;2,8;
2026/08/26;1400 UTC;0;999,4;999,9;999,4;2313,5;22,2;15,6;22,2;19,2;15,7;14;74;64;66;38;6,7;3,9;
2026/08/26;1500 UTC;0;997,9;999,3;997,9;2193,6;24,2;16,3;24,2;22,3;16,8;15,1;69;61;61;31;6,2;3;
2026/08/26;1600 UTC;0;996,7;997,9;996,7;2483,6;25,4;17,5;25,4;24,3;17,7;16,2;63;59;62;56;5,8;2,3;
2026/08/26;1700 UTC;0;995,4;996,6;995,4;2602,6;27,1;19;27,2;25,5;19;17;62;57;61;75;5;2,3;
2026/08/26;1800 UTC;0;994,1;995,4;994,1;2386;29,5;19,2;29,5;27,1;19,8;18;62;52;54;13;6,1;3,7;
2026/08/26;1900 UTC;0;993,2;994,1;993,2;1898,7;30;18,6;30,1;29,3;19,6;18,3;55;50;50;12;7,5;4,1;
2026/08/26;2000 UTC;0;993,4;993,4;993,1;1228,6;28,8;18,7;29,9;28,8;19,3;18;56;50;54;2;6,3;4,1;
2026/08/26;2100 UTC;0;993,5;993,5;993,3;424,6;27,3;19;28,8;27,3;19,2;18,3;61;53;61;28;7,9;1,9;
2026/08/26;2200 UTC;0;993,6;993,6;993,4;21,7;24,4;18,6;27,2;24,4;19;18,6;71;60;70;65;3,6;,6;
2026/08/26;2300 UTC;0;993,9;993,9;993,6;0;24,2;18,8;24,5;23,8;18,9;18,7;74;70;72;39;4,5;1,3;
2026/08/27;0000 UTC;0;994,4;994,4;993,9;0;23,2;19;24,2;23,2;19;18,9;77;72;77;31;5,5;2;
2026/08/27;0100 UTC;0;994,8;994,8;994,5;0;22,1;18,8;23,1;22,1;19;18,8;81;77;81;34;4,4;1,6;
2026/08/27;0200 UTC;0;994,8;994,9;994,7;0;21,4;18,7;22,1;21,3;18,8;18,6;85;81;85;37;4;2;
2026/08/27;0300 UTC;0;994,7;994,9;994,6;0;21,6;18,3;21,7;21,3;18,6;18,3;85;81;82;42;4,7;2,2;
2026/08/27;0400 UTC;0;994,7;994,8;994,6;0;22;17,8;22;21,3;18,3;17,8;82;77;77;27;4,9;3,1;
2026/08/27;0500 UTC;0;994,3;994,7;994,3;0;21,9;17,7;22,2;21,8;17,9;17,6;78;76;77;26;6;3,7;
2026/08/27;0600 UTC;0;993,8;994,3;993,8;0;21,7;17,9;22;21,6;17,9;17,6;79;77;79;24;6,8;4;
2026/08/27;0700 UTC;0;993,6;993,8;993,5;0;21,8;17,8;22;21,7;17,9;17,8;79;77;78;23;8,7;4,8;
2026/08/27;0800 UTC;0;993,9;993,9;993,6;0;21,5;17,8;21,9;21,4;17,8;17,7;80;77;80;20;9,2;4,3;
2026/08/27;0900 UTC;0;994,2;994,2;993,9;0;21;17,6;21,5;21;17,8;17,6;81;79;81;25;7,1;3,7;
2026/08/27;1000 UTC;0;994,6;994,6;994,2;,2;20,7;17,6;21,2;20,6;17,7;17,5;83;80;82;28;6,2;3;
2026/08/27;1100 UTC;0;994,7;994,7;994,5;169,6;21,4;17,8;21,4;20,6;17,9;17,6;83;80;80;24;6,5;3,8;
2026/08/27;1200 UTC;0;994,6;994,7;994,5;842,7;23,6;17,9;23,6;21,4;18,2;17,8;80;70;70;17;10,5;6,8;
2026/08/27;1300 UTC;0;994,1;994,5;994,1;1573,5;25,6;18,4;25,6;23,6;18,5;17,8;71;63;64;13;11,6;7,5;
2026/08/27;1400 UTC;0;993,6;994,1;993,5;2259,2;27,4;19,1;27,4;25,7;19,3;18,1;64;59;61;4;10,7;7,3;
2026/08/27;1500 UTC;0;992,5;993,5;992,5;2600,2;29;19,2;29;27,5;19,8;18,6;61;55;55;0;11,9;7,8;
2026/08/27;1600 UTC;0;991,4;992,6;991,4;2834,9;29,6;19,7;29,9;28,9;20,3;18,9;57;53;55;353;13,6;8,1;
2026/08/27;1700 UTC;0;990,1;991,4;990,1;2657,1;30,5;19,7;30,7;29,6;20,5;19,2;56;52;53;346;14,5;6,5;
2026/08/27;1800 UTC;0;988,9;990,1;988,9;2337,7;30,9;20,6;31,1;30,4;20,8;19,5;55;51;54;2;12;7,5;
2026/08/27;1900 UTC;0;988,3;988,9;988,3;1780,2;31,2;20,7;31,2;30,8;20,8;19,8;55;51;54;5;10,3;5,7;
2026/08/27;2000 UTC;0;988,2;988,3;988,1;1189,7;31;20,4;31,4;31;21,1;19,9;55;51;53;6;7,7;4,6;
2026/08/27;2100 UTC;0;988,4;988,4;988,2;455,3;29,1;20,6;31;29,1;20,7;19,8;60;52;60;11;6,5;2,6;
2026/08/27;2200 UTC;0;988,7;988,8;988,4;26,9;27,5;20,1;29;27,3;20,6;19,9;66;60;64;33;3,8;2;
2026/08/27;2300 UTC;0;989,7;989,7;988,8;0;25,8;20,2;27,5;25,8;20,3;20;71;64;71;36;3,5;1,2;
2026/08/28;0000 UTC;0;990;990,1;989,7;0;25;19,9;25,8;25;20,3;19,9;74;71;74;35;3,3;1,5;
2026/08/28;0100 UTC;0;990,4;990,5;990;0;23,9;19,7;24,9;23,8;20,1;19,6;78;73;77;69;20,7;,9;
2026/08/28;0200 UTC;0;990,4;990,7;990,4;0;24,3;19,6;24,3;23,6;19,7;19,5;78;75;75;64;3,3;,9;
2026/08/28;0300 UTC;0;990,5;990,5;990,4;0;24;19,4;24,7;24;19,7;19,3;76;73;76;30;3,4;1,5;
2026/08/28;0400 UTC;0;990,3;990,5;990,3;0;23,9;19,2;24,4;23,9;19,5;19,2;76;73;75;34;5,2;2,5;
2026/08/28;0500 UTC;0;989,8;990,3;989,8;0;24,2;19,1;24,2;23,5;19,3;19,1;77;73;73;27;6;3,6;
2026/08/28;0600 UTC;0;989,3;989,9;989,3;0;24,8;19,3;24,8;24,2;19,4;19,1;74;71;71;15;7,3;5,4;
2026/08/28;0700 UTC;0;989;989,5;989;0;24,7;19,3;25,3;24,7;19,4;19,2;72;69;72;13;7,9;5;
2026/08/28;0800 UTC;0;987,8;989;987,8;0;24,5;19,3;25;24,5;19,4;19,1;73;70;73;13;8,9;5,8;
2026/08/28;0900 UTC;0;987,6;987,9;987,6;0;25,3;19,3;25,3;24,5;19,3;19,1;73;69;70;5;9,8;6,4;
2026/08/28;1000 UTC;0;988,3;988,3;987,6;0;25,6;19,3;25,6;25,2;19,5;19,2;70;68;68;360;11,3;6;
2026/08/28;1100 UTC;0;989,1;989,2;988,3;123,2;25,6;19,6;25,8;25,4;19,7;19,4;70;68;70;358;10,7;6,3;
2026/08/28;1200 UTC;0;989,2;989,2;988,9;775,3;27,2;20,1;27,2;25,5;20,2;19,6;71;65;65;358;10,9;7,6;
2026/08/28;1300 UTC;0;989,5;989,7;989,3;1294,4;28,5;20,8;28,5;27,1;20,8;19,9;66;62;63;355;12,2;6,2;
2026/08/28;1400 UTC;0;989,8;989,8;989,5;1906,7;30,4;21,2;30,4;28,4;21,3;20,2;63;57;58;339;13,9;5,2;
2026/08/28;1500 UTC;0;989,5;989,8;989,4;2376;32,1;20,1;32,2;30,5;21,5;19,9;58;48;49;318;13;7,2;
2026/08/28;1600 UTC;0;989;989,5;988,9;2643,8;32,3;20,6;32,6;32;20,9;19,9;51;48;50;301;13,5;8,1;
2026/08/28;1700 UTC;0;988,7;989;988,7;1944,5;31,7;20,8;33,1;31,7;21,3;20,3;54;48;53;308;12,5;6,5;
2026/08/28;1800 UTC;0;988;988,7;987,9;2029,3;32,6;22,1;33,2;31,6;22,6;20,5;55;50;54;292;10,2;4,8;
2026/08/28;1900 UTC;0;988,2;988,2;987,8;979,5;27,9;22,2;32,6;27,9;22,6;21,2;71;53;71;174;9,4;4,7;
2026/08/28;2000 UTC;0;989,3;989,3;988,2;664,8;27,1;21,8;27,9;27,1;22,3;21,6;73;69;72;177;8,7;5,9;
2026/08/28;2100 UTC;0;990,3;990,3;989,3;386;24,7;21,1;27,1;24,7;21,8;20,9;81;72;81;173;8,4;3,5;
2026/08/28;2200 UTC;0;991,2;991,2;990,4;13,5;24,1;21,2;24,7;24,1;21,4;21;84;80;84;190;4,4;1,9;
2026/08/28;2300 UTC;0;992,2;992,2;991,2;0;22,7;20,9;24,1;22,7;21,4;20,9;90;84;90;172;5,6;3,8;
2026/08/29;0000 UTC;0;993,1;993,2;992,3;0;21,5;19,4;22,6;21,5;20,9;19,4;91;87;88;148;5,5;2,1;
2026/08/29;0100 UTC;0;993,3;993,6;993,3;0;20,4;19,1;21,3;20,4;19,4;19;92;89;92;118;3,4;1,3;
2026/08/29;0200 UTC;0;994,2;994,2;993;0;19,4;18,7;20,4;19,4;19,1;18,7;96;92;96;176;3,6;1,5;
2026/08/29;0300 UTC;0;994,3;994,4;993,9;0;18,6;18,3;19,4;18,6;18,7;18,2;98;96;98;176;2,6;1,8;
2026/08/29;0400 UTC;0;994,5;994,6;994,1;0;18,4;18;18,7;18,4;18,4;18;99;97;98;167;5,4;4;
2026/08/29;0500 UTC;0;994,4;994,7;994,2;0;18;17,6;18,4;18;18;17,6;98;97;98;168;5,9;4;
2026/08/29;0600 UTC;0;993,7;994,4;993,6;0;17,8;17,4;18;17,8;17,6;17,4;98;97;98;166;6,6;4,1;
2026/08/29;0700 UTC;0;993,4;993,8;993,1;0;17,7;17,1;17,8;17,7;17,4;17,1;98;97;97;138;6,8;2,1;
2026/08/29;0800 UTC;0;993,3;993,4;992,7;0;17,5;17;17,7;17,4;17,1;17;98;97;97;138;5,8;2,2;
2026/08/29;0900 UTC;,8;993,2;994,1;992,9;0;17,2;16,8;17,5;17,2;17;16,8;98;97;98;139;5,3;2,1;
2026/08/29;1000 UTC;2,2;994,1;995,3;993,3;0;17;16,9;17,5;17;17;16,8;99;97;99;127;7;2,1;
2026/08/29;1100 UTC;,4;995,5;995,6;993,9;17,8;17,2;16,9;17,2;17;16,9;16,8;99;98;98;158;6,3;3,1;
2026/08/29;1200 UTC;1,2;996,1;996,3;995,4;113,4;17,3;17,2;17,3;17,1;17,2;16,9;99;98;99;155;5,4;3,9;
2026/08/29;1300 UTC;0;996,9;996,9;995,7;256;17,5;16,9;17,5;17,3;17,2;16,7;99;95;96;145;8,1;3,3;
2026/08/29;1400 UTC;,4;996,9;997,1;996,5;464;18,3;17,4;18,3;17,4;17,6;16,7;98;94;94;136;7,3;2,1;
2026/08/29;1500 UTC;0;996,7;997,2;996,6;356,1;18,4;17,5;18,5;18,2;17,7;17,2;96;93;94;140;7,3;2,8;
2026/08/29;1600 UTC;,6;996,5;996,8;996,4;340,1;18,6;17,6;18,7;18,4;17,8;17,2;95;91;94;133;6,4;2,3;
2026/08/29;1700 UTC;0;996,5;996,5;996,2;508,5;18,9;17,5;19,1;18,6;18;17,4;96;91;92;132;6,8;1,8;
2026/08/29;1800 UTC;,2;996,1;996,6;996,1;197,6;18,4;17,4;18,9;18,4;17,6;17;94;89;94;153;6,2;2,7;
2026/08/29;1900 UTC;0;995,7;996,2;995,7;225,4;18,5;17,4;18,5;18,4;17,5;17;94;92;93;130;6,2;2,1;
2026/08/29;2000 UTC;0;996,1;996,2;995,8;173,7;18,6;17,2;18,6;18,5;17,4;17;93;91;92;138;5,6;2,1;
2026/08/29;2100 UTC;0;997;997;996,1;90,7;18,5;17,2;18,6;18,5;17,2;16,9;92;90;92;127;5,8;1,8;
2026/08/29;2200 UTC;0;997,2;997,3;996,6;13,2;18;16,5;18,5;18;17,1;16,5;92;90;90;132;4,8;2;
2026/08/29;2300 UTC;0;998,1;998,1;997,3;0;17,9;16,3;18;17,8;16,6;16,3;92;90;90;124;3,9;1,7;
2026/08/30;0000 UTC;0;998,8;998,8;998,1;0;17,7;16;18,2;17,7;16,3;16;90;87;90;116;6,7;1,8;
2026/08/30;0100 UTC;0;998,6;998,8;998,5;0;16,8;15,8;17,6;16,8;16,1;15,8;94;90;94;133;3,3;1,1;
2026/08/30;0200 UTC;0;999;999;998,5;0;16,1;15,5;16,8;16,1;15,8;15,5;96;94;96;148;3;1,5;
2026/08/30;0300 UTC;0;999,7;999,7;999;0;16;15,4;16,1;15,9;15,5;15,3;97;96;96;158;4,6;2,5;
2026/08/30;0400 UTC;0;999,8;1000,1;999,7;0;16,1;15,5;16,1;15,8;15,6;15,3;98;96;96;150;4,9;2,9;
2026/08/30;0500 UTC;0;1000;1000;999,9;0;16;15,5;16,1;16;15,6;15,5;97;96;97;152;5,9;4,1;
2026/08/30;0600 UTC;0;998,9;999,8;998,9;0;15,5;14,9;15,9;15,5;15,4;14,9;97;96;96;145;6;2,4;
2026/08/30;0700 UTC;0;998,5;999;998,5;0;15,2;14,6;15,5;15,1;14,9;14,6;97;96;97;135;4,5;1,5;
2026/08/30;0800 UTC;0;998,2;998,4;997,8;0;15,3;14,5;15,3;15,1;14,6;14,5;97;95;95;115;4,6;2;
2026/08/30;0900 UTC;0;998,2;998,4;998;0;14,9;14,3;15,3;14,9;14,5;14,3;97;95;97;144;4,9;2,1;
2026/08/30;1000 UTC;0;998,9;999,1;998,2;,2;15,1;14,4;15,1;14,9;14,4;14,3;97;95;95;117;4,5;2,2;
2026/08/30;1100 UTC;0;999,1;999,1;998,7;107,6;16;14,8;16;15,1;14,9;14,4;96;92;93;117;6,1;2,5;
2026/08/30;1200 UTC;0;999,5;999,7;998,9;393,4;16,9;15;16,9;16;15,3;14,7;93;89;89;108;7;3,6;
2026/08/30;1300 UTC;0;999,9;1000;999,5;536,7;17,6;15,2;17,8;16,9;15,5;14,9;91;85;86;102;8,1;4,3;
2026/08/30;1400 UTC;0;1000;1000,2;999,7;788,8;19;15,7;19,1;17,6;16,1;15,1;87;81;81;114;7,4;2,8;
2026/08/30;1500 UTC;0;999,6;1000,3;999,5;675,2;19;16,2;19,3;18,9;16,4;15,5;84;79;84;137;5,1;2,2;
2026/08/30;1600 UTC;0;998,8;999,8;998,8;1084,1;20,9;16,5;20,9;19,1;17,4;16;84;76;76;140;5,5;2,3;
2026/08/30;1700 UTC;0;998,1;998,8;998;1178,8;21,4;17,4;22,2;20,9;18;16,7;80;72;78;117;5,6;2,4;
2026/08/30;1800 UTC;0;997,5;998,1;997,4;819;21,4;17,4;21,7;21,2;17,9;17;80;76;78;121;5,4;2,1;
2026/08/30;1900 UTC;0;997,2;997,5;997,2;464,6;20,8;17,9;21,9;20,8;18,2;17,5;84;77;84;133;4,9;1,4;
2026/08/30;2000 UTC;0;997,2;997,3;996,9;177;20,4;17,7;20,8;20,4;18,1;17,6;85;83;85;115;5,6;2,7;
2026/08/30;2100 UTC;0;997,2;997,2;997;70,5;19,9;17,5;20,4;19,9;17,8;17,5;87;84;86;127;5,3;1,4;
2026/08/30;2200 UTC;0;997,1;997,3;997,1;4,5;19,5;17,4;19,8;19,5;17,6;17,4;88;86;88;128;4,6;2,1;
2026/08/30;2300 UTC;0;997,9;998,1;997,1;0;19,1;17;19,4;19,1;17,4;16,9;88;86;88;136;4,5;1,7;
2026/08/31;0000 UTC;0;998,8;998,8;998;0;18,9;16,7;19,1;18,9;17;16,6;88;86;87;119;5,4;2,7;
2026/08/31;0100 UTC;0;998,7;998,7;998,6;0;19;16,5;19;18,9;16,6;16,4;87;85;85;105;9;5,2;
2026/08/31;0200 UTC;0;998,3;998,8;998,1;0;18,8;16,5;19;18,8;16,6;16,5;86;85;86;92;7,5;2,5;
2026/08/31;0300 UTC;0;998,2;998,5;998,1;0;18,3;16,5;18,9;18,3;16,6;16,5;90;86;90;67;4,8;1,1;
2026/08/31;0400 UTC;0;998,4;998,4;998,2;0;16,7;16,1;18,2;16,7;16,5;16;97;90;96;171;2,6;1,3;
2026/08/31;0500 UTC;0;997,4;998,4;997,4;0;17,4;16,5;17,5;16,7;16,7;16,1;97;94;95;125;2,5;1;
2026/08/31;0600 UTC;0;996,5;997,3;996,5;0;16,5;16,1;17,3;16,5;16,6;16,1;98;95;98;172;4,6;3;
2026/08/31;0700 UTC;0;996;996,8;996;0;16;15,8;16,6;16;16,2;15,7;99;97;98;148;4,8;1,9;
2026/08/31;0800 UTC;0;995,4;995,9;995;0;15,9;15,8;16,1;15,6;15,9;15,5;100;98;99;152;4,1;2,6;
2026/08/31;0900 UTC;0;995,4;995,5;994,7;0;15,8;15,8;15,9;15,5;15,8;15,5;100;98;100;119;4,7;1,2;
2026/08/31;1000 UTC;0;994,5;997;994,5;0;16,3;16,1;16,3;15,8;16,1;15,7;100;98;99;134;5,9;2,5;
2026/08/31;1100 UTC;1,8;994,7;995,6;992,4;47,5;17,6;16,9;17,7;16,3;17;16,1;99;94;96;79;12,8;2,2;
2026/08/31;1200 UTC;0;995,6;996,1;994,5;246,2;18,1;17,7;18,1;17,5;17,7;16,9;98;96;97;114;3,8;1,3;
2026/08/31;1300 UTC;0;996,5;996,5;995,5;335,5;18,2;17,4;18,9;18,1;18,2;17,3;98;94;95;165;6;3,7;
2026/08/31;1400 UTC;3,2;997,4;998;996,3;168,1;17,6;17,4;18,2;17,5;17,7;17;99;93;98;149;6;2,2;
2026/08/31;1500 UTC;2,6;996,1;997,9;996,1;203,3;18,1;17,5;18,1;17,3;17,6;17;99;95;97;82;6;2,7;
2026/08/31;1600 UTC;,2;995,3;996,1;995;808,5;19,4;18,2;19,4;18,1;18,2;17;97;91;92;21;6,6;2,4;
2026/08/31;1700 UTC;0;995,3;995,5;995,2;2060,8;21,3;18;21,8;19,4;18,9;17,2;92;76;82;194;5,8;3;
2026/08/31;1800 UTC;0;995,6;995,6;995,3;874,4;21,8;17;21,8;20,6;18,7;17;87;74;74;162;5,8;3,2;
2026/08/31;1900 UTC;0;995,7;995,9;995,6;534,7;21,2;18,1;21,8;21,2;18,7;17,2;86;76;83;147;5,4;1,6;
2026/08/31;2000 UTC;0;996;996;995,5;422,1;21,2;18,1;21,3;21;18,7;17,7;86;80;83;207;3,7;,8;
2026/08/31;2100 UTC;0;996,7;996,7;996,1;169,6;20,6;18,4;21,5;20,6;18,7;17,6;88;79;87;169;2,3;1,5;
2026/08/31;2200 UTC;0;997,4;997,5;996,7;23,5;19,6;18,4;20,6;19,4;18,9;18,1;94;87;93;123;2,5;,7;
2026/08/31;2300 UTC;0;997,9;997,9;997,3;0;18,9;18,3;19,7;18,8;18,8;18,3;97;93;96;134;1,6;,6;
