REGIAO:;S
UF:;RS
ESTACAO:;PORTO XAVIER
CODIGO (WMO):;B837
LATITUDE:;-27,90277777
LONGITUDE:;-55,16722221
ALTITUDE:;0
DATA DE FUNDACAO:;13/10/25
Data;Hora UTC;PRECIPITAÇÃO TOTAL, HORÁRIO (mm);PRESSAO ATMOSFERICA AO NIVEL DA ESTACAO, HORARIA (mB);PRESSÃO ATMOSFERICA MAX.NA HORA ANT. (AUT) (mB);PRESSÃO ATMOSFERICA MIN. NA HORA ANT. (AUT) (mB);RADIACAO GLOBAL (Kj/m²);TEMPERATURA DO AR - BULBO SECO, HORARIA (°C);TEMPERATURA DO PONTO DE ORVALHO (°C);TEMPERATURA MÁXIMA NA HORA ANT. (AUT) (°C);TEMPERATURA MÍNIMA NA HORA ANT. (AUT) (°C);TEMPERATURA ORVALHO MAX. NA HORA ANT. (AUT) (°C);TEMPERATURA ORVALHO MIN. NA HORA ANT. (AUT) (°C);UMIDADE REL. MAX. NA HORA ANT. (AUT) (%);UMIDADE REL. MIN. NA HORA ANT. (AUT) (%);UMIDADE RELATIVA DO AR, HORARIA (%);VENTO, DIREÇÃO HORARIA (gr) (° (gr));VENTO, RAJADA MAXIMA (m/s);VENTO, VELOCIDADE HORARIA (m/s);
2026/01/01;0000 UTC;;;;;;;;;;;;;;;;;;
2026/01/01;0100 UTC;;;;;;;;;;;;;;;;;;
2026/01/01;0200 UTC;;;;;;;;;;;;;;;;;;
2026/01/01;0300 UTC;;;;;;;;;;;;;;;;;;
2026/01/01;0400 UTC;;;;;;;;;;;;;;;;;;
2026/01/01;0500 UTC;;;;;;;;;;;;;;;;;;
2026/01/01;0600 UTC;;;;;;;;;;;;;;;;;;
2026/01/01;0700 UTC;;;;;;;;;;;;;;;;;;
2026/01/01;0800 UTC;;;;;;;;;;;;;;;;;;
2026/01/01;0900 UTC;;;;;;;;;;;;;;;;;;
2026/01/01;1000 UTC;;;;;;;;;;;;;;;;;;
2026/01/01;1100 UTC;;;;;;;;;;;;;;;;;;
2026/01/01;1200 UTC;;;;;;;;;;;;;;;;;;
2026/01/01;1300 UTC;;;;;;;;;;;;;;;;;;
2026/01/01;1400 UTC;;;;;;;;;;;;;;;;;;
2026/01/01;1500 UTC;;;;;;;;;;;;;;;;;;
2026/01/01;1600 UTC;;;;;;;;;;;;;;;;;;
2026/01/01;1700 UTC;;;;;;;;;;;;;;;;;;
2026/01/01;1800 UTC;;;;;;;;;;;;;;;;;;
2026/01/01;1900 UTC;;;;;;;;;;;;;;;;;;
2026/01/01;2000 UTC;;;;;;;;;;;;;;;;;;
2026/01/01;2100 UTC;;;;;;;;;;;;;;;;;;
2026/01/01;2200 UTC;;;;;;;;;;;;;;;;;;
2026/01/01;2300 UTC;;;;;;;;;;;;;;;;;;
2026/01/02;0000 UTC;;;;;;;;;;;;;;;;;;
2026/01/02;0100 UTC;;;;;;;;;;;;;;;;;;
2026/01/02;0200 UTC;;;;;;;;;;;;;;;;;;
2026/01/02;0300 UTC;;;;;;;;;;;;;;;;;;
2026/01/02;0400 UTC;;;;;;;;;;;;;;;;;;
2026/01/02;0500 UTC;;;;;;;;;;;;;;;;;;
2026/01/02;0600 UTC;;;;;;;;;;;;;;;;;;
2026/01/02;0700 UTC;;;;;;;;;;;;;;;;;;
2026/01/02;0800 UTC;;;;;;;;;;;;;;;;;;
2026/01/02;0900 UTC;;;;;;;;;;;;;;;;;;
2026/01/02;1000 UTC;;;;;;;;;;;;;;;;;;
2026/01/02;1100 UTC;;;;;;;;;;;;;;;;;;
2026/01/02;1200 UTC;;;;;;;;;;;;;;;;;;
2026/01/02;1300 UTC;;;;;;;;;;;;;;;;;;
2026/01/02;1400 UTC;;;;;;;;;;;;;;;;;;
2026/01/02;1500 UTC;;;;;;;;;;;;;;;;;;
2026/01/02;1600 UTC;;;;;;;;;;;;;;;;;;
2026/01/02;1700 UTC;;;;;;;;;;;;;;;;;;
2026/01/02;1800 UTC;;;;;;;;;;;;;;;;;;
2026/01/02;1900 UTC;;;;;;;;;;;;;;;;;;
2026/01/02;2000 UTC;;;;;;;;;;;;;;;;;;
2026/01/02;2100 UTC;;;;;;;;;;;;;;;;;;
2026/01/02;2200 UTC;;;;;;;;;;;;;;;;;;
2026/01/02;2300 UTC;;;;;;;;;;;;;;;;;;
2026/01/03;0000 UTC;;;;;;;;;;;;;;;;;;
2026/01/03;0100 UTC;;;;;;;;;;;;;;;;;;
2026/01/03;0200 UTC;;;;;;;;;;;;;;;;;;
2026/01/03;0300 UTC;;;;;;;;;;;;;;;;;;
2026/01/03;0400 UTC;;;;;;;;;;;;;;;;;;
2026/01/03;0500 UTC;;;;;;;;;;;;;;;;;;
2026/01/03;0600 UTC;;;;;;;;;;;;;;;;;;
2026/01/03;0700 UTC;;;;;;;;;;;;;;;;;;
2026/01/03;0800 UTC;;;;;;;;;;;;;;;;;;
2026/01/03;0900 UTC;;;;;;;;;;;;;;;;;;
2026/01/03;1000 UTC;;;;;;;;;;;;;;;;;;
2026/01/03;1100 UTC;;;;;;;;;;;;;;;;;;
2026/01/03;1200 UTC;;;;;;;;;;;;;;;;;;
2026/01/03;1300 UTC;;;;;;;;;;;;;;;;;;
2026/01/03;1400 UTC;;;;;;;;;;;;;;;;;;
2026/01/03;1500 UTC;;;;;;;;;;;;;;;;;;
2026/01/03;1600 UTC;;;;;;;;;;;;;;;;;;
2026/01/03;1700 UTC;;;;;;;;;;;;;;;;;;
2026/01/03;1800 UTC;;;;;;;;;;;;;;;;;;
2026/01/03;1900 UTC;;;;;;;;;;;;;;;;;;
2026/01/03;2000 UTC;;;;;;;;;;;;;;;;;;
2026/01/03;2100 UTC;;;;;;;;;;;;;;;;;;
2026/01/03;2200 UTC;;;;;;;;;;;;;;;;;;
2026/01/03;2300 UTC;;;;;;;;;;;;;;;;;;
2026/01/04;0000 UTC;;;;;;;;;;;;;;;;;;
2026/01/04;0100 UTC;;;;;;;;;;;;;;;;;;
2026/01/04;0200 UTC;;;;;;;;;;;;;;;;;;
2026/01/04;0300 UTC;;;;;;;;;;;;;;;;;;
2026/01/04;0400 UTC;;;;;;;;;;;;;;;;;;
2026/01/04;0500 UTC;;;;;;;;;;;;;;;;;;
2026/01/04;0600 UTC;;;;;;;;;;;;;;;;;;
2026/01/04;0700 UTC;;;;;;;;;;;;;;;;;;
2026/01/04;0800 UTC;;;;;;;;;;;;;;;;;;
2026/01/04;0900 UTC;;;;;;;;;;;;;;;;;;
2026/01/04;1000 UTC;;;;;;;;;;;;;;;;;;
2026/01/04;1100 UTC;;;;;;;;;;;;;;;;;;
2026/01/04;1200 UTC;;;;;;;;;;;;;;;;;;
2026/01/04;1300 UTC;;;;;;;;;;;;;;;;;;
2026/01/04;1400 UTC;;;;;;;;;;;;;;;;;;
2026/01/04;1500 UTC;;;;;;;;;;;;;;;;;;
2026/01/04;1600 UTC;;;;;;;;;;;;;;;;;;
2026/01/04;1700 UTC;;;;;;;;;;;;;;;;;;
2026/01/04;1800 UTC;;;;;;;;;;;;;;;;;;
2026/01/04;1900 UTC;;;;;;;;;;;;;;;;;;
2026/01/04;2000 UTC;;;;;;;;;;;;;;;;;;
2026/01/04;2100 UTC;;;;;;;;;;;;;;;;;;
2026/01/04;2200 UTC;;;;;;;;;;;;;;;;;;
2026/01/04;2300 UTC;;;;;;;;;;;;;;;;;;
2026/01/05;0000 UTC;;;;;;;;;;;;;;;;;;
2026/01/05;0100 UTC;;;;;;;;;;;;;;;;;;
2026/01/05;0200 UTC;;;;;;;;;;;;;;;;;;
2026/01/05;0300 UTC;;;;;;;;;;;;;;;;;;
2026/01/05;0400 UTC;;;;;;;;;;;;;;;;;;
2026/01/05;0500 UTC;;;;;;;;;;;;;;;;;;
2026/01/05;0600 UTC;;;;;;;;;;;;;;;;;;
2026/01/05;0700 UTC;;;;;;;;;;;;;;;;;;
2026/01/05;0800 UTC;;;;;;;;;;;;;;;;;;
2026/01/05;0900 UTC;;;;;;;;;;;;;;;;;;
2026/01/05;1000 UTC;;;;;;;;;;;;;;;;;;
2026/01/05;1100 UTC;;;;;;;;;;;;;;;;;;
2026/01/05;1200 UTC;;;;;;;;;;;;;;;;;;
2026/01/05;1300 UTC;;;;;;;;;;;;;;;;;;
2026/01/05;1400 UTC;;;;;;;;;;;;;;;;;;
2026/01/05;1500 UTC;;;;;;;;;;;;;;;;;;
2026/01/05;1600 UTC;;;;;;;;;;;;;;;;;;
2026/01/05;1700 UTC;;;;;;;;;;;;;;;;;;
2026/01/05;1800 UTC;;;;;;;;;;;;;;;;;;
2026/01/05;1900 UTC;;;;;;;;;;;;;;;;;;
2026/01/05;2000 UTC;;;;;;;;;;;;;;;;;;
2026/01/05;2100 UTC;;;;;;;;;;;;;;;;;;
2026/01/05;2200 UTC;;;;;;;;;;;;;;;;;;
2026/01/05;2300 UTC;;;;;;;;;;;;;;;;;;
2026/01/06;0000 UTC;;;;;;;;;;;;;;;;;;
2026/01/06;0100 UTC;;;;;;;;;;;;;;;;;;
2026/01/06;0200 UTC;;;;;;;;;;;;;;;;;;
2026/01/06;0300 UTC;;;;;;;;;;;;;;;;;;
2026/01/06;0400 UTC;;;;;;;;;;;;;;;;;;
2026/01/06;0500 UTC;;;;;;;;;;;;;;;;;;
2026/01/06;0600 UTC;;;;;;;;;;;;;;;;;;
2026/01/06;0700 UTC;;;;;;;;;;;;;;;;;;
2026/01/06;0800 UTC;;;;;;;;;;;;;;;;;;
2026/01/06;0900 UTC;;;;;;;;;;;;;;;;;;
2026/01/06;1000 UTC;;;;;;;;;;;;;;;;;;
2026/01/06;1100 UTC;;;;;;;;;;;;;;;;;;
2026/01/06;1200 UTC;;;;;;;;;;;;;;;;;;
2026/01/06;1300 UTC;;;;;;;;;;;;;;;;;;
2026/01/06;1400 UTC;;;;;;;;;;;;;;;;;;
2026/01/06;1500 UTC;;;;;;;;;;;;;;;;;;
2026/01/06;1600 UTC;;;;;;;;;;;;;;;;;;
2026/01/06;1700 UTC;;;;;;;;;;;;;;;;;;
2026/01/06;1800 UTC;;;;;;;;;;;;;;;;;;
2026/01/06;1900 UTC;;;;;;;;;;;;;;;;;;
2026/01/06;2000 UTC;;;;;;;;;;;;;;;;;;
2026/01/06;2100 UTC;;;;;;;;;;;;;;;;;;
2026/01/06;2200 UTC;;;;;;;;;;;;;;;;;;
2026/01/06;2300 UTC;;;;;;;;;;;;;;;;;;
2026/01/07;0000 UTC;;;;;;;;;;;;;;;;;;
2026/01/07;0100 UTC;;;;;;;;;;;;;;;;;;
2026/01/07;0200 UTC;;;;;;;;;;;;;;;;;;
2026/01/07;0300 UTC;;;;;;;;;;;;;;;;;;
2026/01/07;0400 UTC;;;;;;;;;;;;;;;;;;
2026/01/07;0500 UTC;;;;;;;;;;;;;;;;;;
2026/01/07;0600 UTC;;;;;;;;;;;;;;;;;;
2026/01/07;0700 UTC;;;;;;;;;;;;;;;;;;
2026/01/07;0800 UTC;;;;;;;;;;;;;;;;;;
2026/01/07;0900 UTC;;;;;;;;;;;;;;;;;;
2026/01/07;1000 UTC;;;;;;;;;;;;;;;;;;
2026/01/07;1100 UTC;;;;;;;;;;;;;;;;;;
2026/01/07;1200 UTC;;;;;;;;;;;;;;;;;;
2026/01/07;1300 UTC;;;;;;;;;;;;;;;;;;
2026/01/07;1400 UTC;;;;;;;;;;;;;;;;;;
2026/01/07;1500 UTC;;;;;;;;;;;;;;;;;;
2026/01/07;1600 UTC;;;;;;;;;;;;;;;;;;
2026/01/07;1700 UTC;;;;;;;;;;;;;;;;;;
2026/01/07;1800 UTC;;;;;;;;;;;;;;;;;;
2026/01/07;1900 UTC;;;;;;;;;;;;;;;;;;
2026/01/07;2000 UTC;;;;;;;;;;;;;;;;;;
2026/01/07;2100 UTC;;;;;;;;;;;;;;;;;;
2026/01/07;2200 UTC;;;;;;;;;;;;;;;;;;
2026/01/07;2300 UTC;;;;;;;;;;;;;;;;;;
2026/01/08;0000 UTC;;;;;;;;;;;;;;;;;;
2026/01/08;0100 UTC;;;;;;;;;;;;;;;;;;
2026/01/08;0200 UTC;;;;;;;;;;;;;;;;;;
2026/01/08;0300 UTC;;;;;;;;;;;;;;;;;;
2026/01/08;0400 UTC;;;;;;;;;;;;;;;;;;
2026/01/08;0500 UTC;;;;;;;;;;;;;;;;;;
2026/01/08;0600 UTC;;;;;;;;;;;;;;;;;;
2026/01/08;0700 UTC;;;;;;;;;;;;;;;;;;
2026/01/08;0800 UTC;;;;;;;;;;;;;;;;;;
2026/01/08;0900 UTC;;;;;;;;;;;;;;;;;;
2026/01/08;1000 UTC;;;;;;;;;;;;;;;;;;
2026/01/08;1100 UTC;;;;;;;;;;;;;;;;;;
2026/01/08;1200 UTC;;;;;;;;;;;;;;;;;;
2026/01/08;1300 UTC;;;;;;;;;;;;;;;;;;
2026/01/08;1400 UTC;;;;;;;;;;;;;;;;;;
2026/01/08;1500 UTC;;;;;;;;;;;;;;;;;;
2026/01/08;1600 UTC;;;;;;;;;;;;;;;;;;
2026/01/08;1700 UTC;;;;;;;;;;;;;;;;;;
2026/01/08;1800 UTC;;;;;;;;;;;;;;;;;;
2026/01/08;1900 UTC;;;;;;;;;;;;;;;;;;
2026/01/08;2000 UTC;;;;;;;;;;;;;;;;;;
2026/01/08;2100 UTC;;;;;;;;;;;;;;;;;;
2026/01/08;2200 UTC;;;;;;;;;;;;;;;;;;
2026/01/08;2300 UTC;;;;;;;;;;;;;;;;;;
2026/01/09;0000 UTC;;;;;;;;;;;;;;;;;;
2026/01/09;0100 UTC;;;;;;;;;;;;;;;;;;
2026/01/09;0200 UTC;;;;;;;;;;;;;;;;;;
2026/01/09;0300 UTC;;;;;;;;;;;;;;;;;;
2026/01/09;0400 UTC;;;;;;;;;;;;;;;;;;
2026/01/09;0500 UTC;;;;;;;;;;;;;;;;;;
2026/01/09;0600 UTC;;;;;;;;;;;;;;;;;;
2026/01/09;0700 UTC;;;;;;;;;;;;;;;;;;
2026/01/09;0800 UTC;;;;;;;;;;;;;;;;;;
2026/01/09;0900 UTC;;;;;;;;;;;;;;;;;;
2026/01/09;1000 UTC;;;;;;;;;;;;;;;;;;
2026/01/09;1100 UTC;;;;;;;;;;;;;;;;;;
2026/01/09;1200 UTC;;;;;;;;;;;;;;;;;;
2026/01/09;1300 UTC;;;;;;;;;;;;;;;;;;
2026/01/09;1400 UTC;;;;;;;;;;;;;;;;;;
2026/01/09;1500 UTC;;;;;;;;;;;;;;;;;;
2026/01/09;1600 UTC;;;;;;;;;;;;;;;;;;
2026/01/09;1700 UTC;;;;;;;;;;;;;;;;;;
2026/01/09;1800 UTC;;;;;;;;;;;;;;;;;;
2026/01/09;1900 UTC;;;;;;;;;;;;;;;;;;
2026/01/09;2000 UTC;;;;;;;;;;;;;;;;;;
2026/01/09;2100 UTC;;;;;;;;;;;;;;;;;;
2026/01/09;2200 UTC;;;;;;;;;;;;;;;;;;
2026/01/09;2300 UTC;;;;;;;;;;;;;;;;;;
2026/01/10;0000 UTC;;;;;;;;;;;;;;;;;;
2026/01/10;0100 UTC;;;;;;;;;;;;;;;;;;
2026/01/10;0200 UTC;;;;;;;;;;;;;;;;;;
2026/01/10;0300 UTC;;;;;;;;;;;;;;;;;;
2026/01/10;0400 UTC;;;;;;;;;;;;;;;;;;
2026/01/10;0500 UTC;;;;;;;;;;;;;;;;;;
2026/01/10;0600 UTC;;;;;;;;;;;;;;;;;;
2026/01/10;0700 UTC;;;;;;;;;;;;;;;;;;
2026/01/10;0800 UTC;;;;;;;;;;;;;;;;;;
2026/01/10;0900 UTC;;;;;;;;;;;;;;;;;;
2026/01/10;1000 UTC;;;;;;;;;;;;;;;;;;
2026/01/10;1100 UTC;;;;;;;;;;;;;;;;;;
2026/01/10;1200 UTC;;;;;;;;;;;;;;;;;;
2026/01/10;1300 UTC;;;;;;;;;;;;;;;;;;
2026/01/10;1400 UTC;;;;;;;;;;;;;;;;;;
2026/01/10;1500 UTC;;;;;;;;;;;;;;;;;;
2026/01/10;1600 UTC;;;;;;;;;;;;;;;;;;
2026/01/10;1700 UTC;;;;;;;;;;;;;;;;;;
2026/01/10;1800 UTC;;;;;;;;;;;;;;;;;;
2026/01/10;1900 UTC;;;;;;;;;;;;;;;;;;
2026/01/10;2000 UTC;;;;;;;;;;;;;;;;;;
2026/01/10;2100 UTC;;;;;;;;;;;;;;;;;;
2026/01/10;2200 UTC;;;;;;;;;;;;;;;;;;
2026/01/10;2300 UTC;;;;;;;;;;;;;;;;;;
2026/01/11;0000 UTC;;;;;;;;;;;;;;;;;;
2026/01/11;0100 UTC;;;;;;;;;;;;;;;;;;
2026/01/11;0200 UTC;;;;;;;;;;;;;;;;;;
2026/01/11;0300 UTC;;;;;;;;;;;;;;;;;;
2026/01/11;0400 UTC;;;;;;;;;;;;;;;;;;
2026/01/11;0500 UTC;;;;;;;;;;;;;;;;;;
2026/01/11;0600 UTC;;;;;;;;;;;;;;;;;;
2026/01/11;0700 UTC;;;;;;;;;;;;;;;;;;
2026/01/11;0800 UTC;;;;;;;;;;;;;;;;;;
2026/01/11;0900 UTC;;;;;;;;;;;;;;;;;;
2026/01/11;1000 UTC;;;;;;;;;;;;;;;;;;
2026/01/11;1100 UTC;;;;;;;;;;;;;;;;;;
2026/01/11;1200 UTC;;;;;;;;;;;;;;;;;;
2026/01/11;1300 UTC;;;;;;;;;;;;;;;;;;
2026/01/11;1400 UTC;;;;;;;;;;;;;;;;;;
2026/01/11;1500 UTC;;;;;;;;;;;;;;;;;;
2026/01/11;1600 UTC;;;;;;;;;;;;;;;;;;
2026/01/11;1700 UTC;;;;;;;;;;;;;;;;;;
2026/01/11;1800 UTC;;;;;;;;;;;;;;;;;;
2026/01/11;1900 UTC;;;;;;;;;;;;;;;;;;
2026/01/11;2000 UTC;;;;;;;;;;;;;;;;;;
2026/01/11;2100 UTC;;;;;;;;;;;;;;;;;;
2026/01/11;2200 UTC;;;;;;;;;;;;;;;;;;
2026/01/11;2300 UTC;;;;;;;;;;;;;;;;;;
2026/01/12;0000 UTC;;;;;;;;;;;;;;;;;;
2026/01/12;0100 UTC;;;;;;;;;;;;;;;;;;
2026/01/12;0200 UTC;;;;;;;;;;;;;;;;;;
2026/01/12;0300 UTC;;;;;;;;;;;;;;;;;;
2026/01/12;0400 UTC;;;;;;;;;;;;;;;;;;
2026/01/12;0500 UTC;;;;;;;;;;;;;;;;;;
2026/01/12;0600 UTC;;;;;;;;;;;;;;;;;;
2026/01/12;0700 UTC;;;;;;;;;;;;;;;;;;
2026/01/12;0800 UTC;;;;;;;;;;;;;;;;;;
2026/01/12;0900 UTC;;;;;;;;;;;;;;;;;;
2026/01/12;1000 UTC;;;;;;;;;;;;;;;;;;
2026/01/12;1100 UTC;;;;;;;;;;;;;;;;;;
2026/01/12;1200 UTC;;;;;;;;;;;;;;;;;;
2026/01/12;1300 UTC;;;;;;;;;;;;;;;;;;
2026/01/12;1400 UTC;;;;;;;;;;;;;;;;;;
2026/01/12;1500 UTC;;;;;;;;;;;;;;;;;;
2026/01/12;1600 UTC;;;;;;;;;;;;;;;;;;
2026/01/12;1700 UTC;;;;;;;;;;;;;;;;;;
2026/01/12;1800 UTC;;;;;;;;;;;;;;;;;;
2026/01/12;1900 UTC;;;;;;;;;;;;;;;;;;
2026/01/12;2000 UTC;;;;;;;;;;;;;;;;;;
2026/01/12;2100 UTC;;;;;;;;;;;;;;;;;;
2026/01/12;2200 UTC;;;;;;;;;;;;;;;;;;
2026/01/12;2300 UTC;;;;;;;;;;;;;;;;;;
2026/01/13;0000 UTC;;;;;;;;;;;;;;;;;;
2026/01/13;0100 UTC;;;;;;;;;;;;;;;;;;
2026/01/13;0200 UTC;;;;;;;;;;;;;;;;;;
2026/01/13;0300 UTC;;;;;;;;;;;;;;;;;;
2026/01/13;0400 UTC;;;;;;;;;;;;;;;;;;
2026/01/13;0500 UTC;;;;;;;;;;;;;;;;;;
2026/01/13;0600 UTC;;;;;;;;;;;;;;;;;;
2026/01/13;0700 UTC;;;;;;;;;;;;;;;;;;
2026/01/13;0800 UTC;;;;;;;;;;;;;;;;;;
2026/01/13;0900 UTC;;;;;;;;;;;;;;;;;;
2026/01/13;1000 UTC;;;;;;;;;;;;;;;;;;
2026/01/13;1100 UTC;;;;;;;;;;;;;;;;;;
2026/01/13;1200 UTC;;;;;;;;;;;;;;;;;;
2026/01/13;1300 UTC;;;;;;;;;;;;;;;;;;
2026/01/13;1400 UTC;;;;;;;;;;;;;;;;;;
2026/01/13;1500 UTC;;;;;;;;;;;;;;;;;;
2026/01/13;1600 UTC;;;;;;;;;;;;;;;;;;
2026/01/13;1700 UTC;;;;;;;;;;;;;;;;;;
2026/01/13;1800 UTC;;;;;;;;;;;;;;;;;;
2026/01/13;1900 UTC;;;;;;;;;;;;;;;;;;
2026/01/13;2000 UTC;;;;;;;;;;;;;;;;;;
2026/01/13;2100 UTC;;;;;;;;;;;;;;;;;;
2026/01/13;2200 UTC;;;;;;;;;;;;;;;;;;
2026/01/13;2300 UTC;;;;;;;;;;;;;;;;;;
2026/01/14;0000 UTC;;;;;;;;;;;;;;;;;;
2026/01/14;0100 UTC;;;;;;;;;;;;;;;;;;
2026/01/14;0200 UTC;;;;;;;;;;;;;;;;;;
2026/01/14;0300 UTC;;;;;;;;;;;;;;;;;;
2026/01/14;0400 UTC;;;;;;;;;;;;;;;;;;
2026/01/14;0500 UTC;;;;;;;;;;;;;;;;;;
2026/01/14;0600 UTC;;;;;;;;;;;;;;;;;;
2026/01/14;0700 UTC;;;;;;;;;;;;;;;;;;
2026/01/14;0800 UTC;;;;;;;;;;;;;;;;;;
2026/01/14;0900 UTC;;;;;;;;;;;;;;;;;;
2026/01/14;1000 UTC;;;;;;;;;;;;;;;;;;
2026/01/14;1100 UTC;;;;;;;;;;;;;;;;;;
2026/01/14;1200 UTC;;;;;;;;;;;;;;;;;;
2026/01/14;1300 UTC;;;;;;;;;;;;;;;;;;
2026/01/14;1400 UTC;;;;;;;;;;;;;;;;;;
2026/01/14;1500 UTC;;;;;;;;;;;;;;;;;;
2026/01/14;1600 UTC;;;;;;;;;;;;;;;;;;
2026/01/14;1700 UTC;;;;;;;;;;;;;;;;;;
2026/01/14;1800 UTC;;;;;;;;;;;;;;;;;;
2026/01/14;1900 UTC;;;;;;;;;;;;;;;;;;
2026/01/14;2000 UTC;;;;;;;;;;;;;;;;;;
2026/01/14;2100 UTC;;;;;;;;;;;;;;;;;;
2026/01/14;2200 UTC;;;;;;;;;;;;;;;;;;
2026/01/14;2300 UTC;;;;;;;;;;;;;;;;;;
2026/01/15;0000 UTC;;;;;;;;;;;;;;;;;;
2026/01/15;0100 UTC;;;;;;;;;;;;;;;;;;
2026/01/15;0200 UTC;;;;;;;;;;;;;;;;;;
2026/01/15;0300 UTC;;;;;;;;;;;;;;;;;;
2026/01/15;0400 UTC;;;;;;;;;;;;;;;;;;
2026/01/15;0500 UTC;;;;;;;;;;;;;;;;;;
2026/01/15;0600 UTC;;;;;;;;;;;;;;;;;;
2026/01/15;0700 UTC;;;;;;;;;;;;;;;;;;
2026/01/15;0800 UTC;;;;;;;;;;;;;;;;;;
2026/01/15;0900 UTC;;;;;;;;;;;;;;;;;;
2026/01/15;1000 UTC;;;;;;;;;;;;;;;;;;
2026/01/15;1100 UTC;;;;;;;;;;;;;;;;;;
2026/01/15;1200 UTC;;;;;;;;;;;;;;;;;;
2026/01/15;1300 UTC;;;;;;;;;;;;;;;;;;
2026/01/15;1400 UTC;;;;;;;;;;;;;;;;;;
2026/01/15;1500 UTC;;;;;;;;;;;;;;;;;;
2026/01/15;1600 UTC;;;;;;;;;;;;;;;;;;
2026/01/15;1700 UTC;;;;;;;;;;;;;;;;;;
2026/01/15;1800 UTC;;;;;;;;;;;;;;;;;;
2026/01/15;1900 UTC;;;;;;;;;;;;;;;;;;
2026/01/15;2000 UTC;;;;;;;;;;;;;;;;;;
2026/01/15;2100 UTC;;;;;;;;;;;;;;;;;;
2026/01/15;2200 UTC;;;;;;;;;;;;;;;;;;
2026/01/15;2300 UTC;;;;;;;;;;;;;;;;;;
2026/01/16;0000 UTC;;;;;;;;;;;;;;;;;;
2026/01/16;0100 UTC;;;;;;;;;;;;;;;;;;
2026/01/16;0200 UTC;;;;;;;;;;;;;;;;;;
2026/01/16;0300 UTC;;;;;;;;;;;;;;;;;;
2026/01/16;0400 UTC;;;;;;;;;;;;;;;;;;
2026/01/16;0500 UTC;;;;;;;;;;;;;;;;;;
2026/01/16;0600 UTC;;;;;;;;;;;;;;;;;;
2026/01/16;0700 UTC;;;;;;;;;;;;;;;;;;
2026/01/16;0800 UTC;;;;;;;;;;;;;;;;;;
2026/01/16;0900 UTC;;;;;;;;;;;;;;;;;;
2026/01/16;1000 UTC;;;;;;;;;;;;;;;;;;
2026/01/16;1100 UTC;;;;;;;;;;;;;;;;;;
2026/01/16;1200 UTC;;;;;;;;;;;;;;;;;;
2026/01/16;1300 UTC;;;;;;;;;;;;;;;;;;
2026/01/16;1400 UTC;;;;;;;;;;;;;;;;;;
2026/01/16;1500 UTC;;;;;;;;;;;;;;;;;;
2026/01/16;1600 UTC;;;;;;;;;;;;;;;;;;
2026/01/16;1700 UTC;;;;;;;;;;;;;;;;;;
2026/01/16;1800 UTC;;;;;;;;;;;;;;;;;;
2026/01/16;1900 UTC;;;;;;;;;;;;;;;;;;
2026/01/16;2000 UTC;;;;;;;;;;;;;;;;;;
2026/01/16;2100 UTC;;;;;;;;;;;;;;;;;;
2026/01/16;2200 UTC;;;;;;;;;;;;;;;;;;
2026/01/16;2300 UTC;;;;;;;;;;;;;;;;;;
2026/01/17;0000 UTC;;;;;;;;;;;;;;;;;;
2026/01/17;0100 UTC;;;;;;;;;;;;;;;;;;
2026/01/17;0200 UTC;;;;;;;;;;;;;;;;;;
2026/01/17;0300 UTC;;;;;;;;;;;;;;;;;;
2026/01/17;0400 UTC;;;;;;;;;;;;;;;;;;
2026/01/17;0500 UTC;;;;;;;;;;;;;;;;;;
2026/01/17;0600 UTC;;;;;;;;;;;;;;;;;;
2026/01/17;0700 UTC;;;;;;;;;;;;;;;;;;
2026/01/17;0800 UTC;;;;;;;;;;;;;;;;;;
2026/01/17;0900 UTC;;;;;;;;;;;;;;;;;;
2026/01/17;1000 UTC;;;;;;;;;;;;;;;;;;
2026/01/17;1100 UTC;;;;;;;;;;;;;;;;;;
2026/01/17;1200 UTC;;;;;;;;;;;;;;;;;;
2026/01/17;1300 UTC;;;;;;;;;;;;;;;;;;
2026/01/17;1400 UTC;;;;;;;;;;;;;;;;;;
2026/01/17;1500 UTC;;;;;;;;;;;;;;;;;;
2026/01/17;1600 UTC;;;;;;;;;;;;;;;;;;
2026/01/17;1700 UTC;;;;;;;;;;;;;;;;;;
2026/01/17;1800 UTC;;;;;;;;;;;;;;;;;;
2026/01/17;1900 UTC;;;;;;;;;;;;;;;;;;
2026/01/17;2000 UTC;;;;;;;;;;;;;;;;;;
2026/01/17;2100 UTC;;;;;;;;;;;;;;;;;;
2026/01/17;2200 UTC;;;;;;;;;;;;;;;;;;
2026/01/17;2300 UTC;;;;;;;;;;;;;;;;;;
2026/01/18;0000 UTC;;;;;;;;;;;;;;;;;;
2026/01/18;0100 UTC;;;;;;;;;;;;;;;;;;
2026/01/18;0200 UTC;;;;;;;;;;;;;;;;;;
2026/01/18;0300 UTC;;;;;;;;;;;;;;;;;;
2026/01/18;0400 UTC;;;;;;;;;;;;;;;;;;
2026/01/18;0500 UTC;;;;;;;;;;;;;;;;;;
2026/01/18;0600 UTC;;;;;;;;;;;;;;;;;;
2026/01/18;0700 UTC;;;;;;;;;;;;;;;;;;
2026/01/18;0800 UTC;;;;;;;;;;;;;;;;;;
2026/01/18;0900 UTC;;;;;;;;;;;;;;;;;;
2026/01/18;1000 UTC;;;;;;;;;;;;;;;;;;
2026/01/18;1100 UTC;;;;;;;;;;;;;;;;;;
2026/01/18;1200 UTC;;;;;;;;;;;;;;;;;;
2026/01/18;1300 UTC;;;;;;;;;;;;;;;;;;
2026/01/18;1400 UTC;;;;;;;;;;;;;;;;;;
2026/01/18;1500 UTC;;;;;;;;;;;;;;;;;;
2026/01/18;1600 UTC;;;;;;;;;;;;;;;;;;
2026/01/18;1700 UTC;;;;;;;;;;;;;;;;;;
2026/01/18;1800 UTC;;;;;;;;;;;;;;;;;;
2026/01/18;1900 UTC;;;;;;;;;;;;;;;;;;
2026/01/18;2000 UTC;;;;;;;;;;;;;;;;;;
2026/01/18;2100 UTC;;;;;;;;;;;;;;;;;;
2026/01/18;2200 UTC;;;;;;;;;;;;;;;;;;
2026/01/18;2300 UTC;;;;;;;;;;;;;;;;;;
2026/01/19;0000 UTC;;;;;;;;;;;;;;;;;;
2026/01/19;0100 UTC;;;;;;;;;;;;;;;;;;
2026/01/19;0200 UTC;;;;;;;;;;;;;;;;;;
2026/01/19;0300 UTC;;;;;;;;;;;;;;;;;;
2026/01/19;0400 UTC;;;;;;;;;;;;;;;;;;
2026/01/19;0500 UTC;;;;;;;;;;;;;;;;;;
2026/01/19;0600 UTC;;;;;;;;;;;;;;;;;;
2026/01/19;0700 UTC;;;;;;;;;;;;;;;;;;
2026/01/19;0800 UTC;;;;;;;;;;;;;;;;;;
2026/01/19;0900 UTC;;;;;;;;;;;;;;;;;;
2026/01/19;1000 UTC;;;;;;;;;;;;;;;;;;
2026/01/19;1100 UTC;;;;;;;;;;;;;;;;;;
2026/01/19;1200 UTC;;;;;;;;;;;;;;;;;;
2026/01/19;1300 UTC;;;;;;;;;;;;;;;;;;
2026/01/19;1400 UTC;;;;;;;;;;;;;;;;;;
2026/01/19;1500 UTC;;;;;;;;;;;;;;;;;;
2026/01/19;1600 UTC;;;;;;;;;;;;;;;;;;
2026/01/19;1700 UTC;;;;;;;;;;;;;;;;;;
2026/01/19;1800 UTC;;;;;;;;;;;;;;;;;;
2026/01/19;1900 UTC;;;;;;;;;;;;;;;;;;
2026/01/19;2000 UTC;;;;;;;;;;;;;;;;;;
2026/01/19;2100 UTC;;;;;;;;;;;;;;;;;;
2026/01/19;2200 UTC;;;;;;;;;;;;;;;;;;
2026/01/19;2300 UTC;;;;;;;;;;;;;;;;;;
2026/01/20;0000 UTC;;;;;;;;;;;;;;;;;;
2026/01/20;0100 UTC;;;;;;;;;;;;;;;;;;
2026/01/20;0200 UTC;;;;;;;;;;;;;;;;;;
2026/01/20;0300 UTC;;;;;;;;;;;;;;;;;;
2026/01/20;0400 UTC;;;;;;;;;;;;;;;;;;
2026/01/20;0500 UTC;;;;;;;;;;;;;;;;;;
2026/01/20;0600 UTC;;;;;;;;;;;;;;;;;;
2026/01/20;0700 UTC;;;;;;;;;;;;;;;;;;
2026/01/20;0800 UTC;;;;;;;;;;;;;;;;;;
2026/01/20;0900 UTC;;;;;;;;;;;;;;;;;;
2026/01/20;1000 UTC;;;;;;;;;;;;;;;;;;
2026/01/20;1100 UTC;;;;;;;;;;;;;;;;;;
2026/01/20;1200 UTC;;;;;;;;;;;;;;;;;;
2026/01/20;1300 UTC;;;;;;;;;;;;;;;;;;
2026/01/20;1400 UTC;;;;;;;;;;;;;;;;;;
2026/01/20;1500 UTC;;;;;;;;;;;;;;;;;;
2026/01/20;1600 UTC;;;;;;;;;;;;;;;;;;
2026/01/20;1700 UTC;;;;;;;;;;;;;;;;;;
2026/01/20;1800 UTC;;;;;;;;;;;;;;;;;;
2026/01/20;1900 UTC;;;;;;;;;;;;;;;;;;
2026/01/20;2000 UTC;;;;;;;;;;;;;;;;;;
2026/01/20;2100 UTC;;;;;;;;;;;;;;;;;;
2026/01/20;2200 UTC;;;;;;;;;;;;;;;;;;
2026/01/20;2300 UTC;;;;;;;;;;;;;;;;;;
2026/01/21;0000 UTC;;;;;;;;;;;;;;;;;;
2026/01/21;0100 UTC;;;;;;;;;;;;;;;;;;
2026/01/21;0200 UTC;;;;;;;;;;;;;;;;;;
2026/01/21;0300 UTC;;;;;;;;;;;;;;;;;;
2026/01/21;0400 UTC;;;;;;;;;;;;;;;;;;
2026/01/21;0500 UTC;;;;;;;;;;;;;;;;;;
2026/01/21;0600 UTC;;;;;;;;;;;;;;;;;;
2026/01/21;0700 UTC;;;;;;;;;;;;;;;;;;
2026/01/21;0800 UTC;;;;;;;;;;;;;;;;;;
2026/01/21;0900 UTC;;;;;;;;;;;;;;;;;;
2026/01/21;1000 UTC;;;;;;;;;;;;;;;;;;
2026/01/21;1100 UTC;;;;;;;;;;;;;;;;;;
2026/01/21;1200 UTC;;;;;;;;;;;;;;;;;;
2026/01/21;1300 UTC;;;;;;;;;;;;;;;;;;
2026/01/21;1400 UTC;;;;;;;;;;;;;;;;;;
2026/01/21;1500 UTC;;;;;;;;;;;;;;;;;;
2026/01/21;1600 UTC;;;;;;;;;;;;;;;;;;
2026/01/21;1700 UTC;;;;;;;;;;;;;;;;;;
2026/01/21;1800 UTC;;;;;;;;;;;;;;;;;;
2026/01/21;1900 UTC;;;;;;;;;;;;;;;;;;
2026/01/21;2000 UTC;;;;;;;;;;;;;;;;;;
2026/01/21;2100 UTC;;;;;;;;;;;;;;;;;;
2026/01/21;2200 UTC;;;;;;;;;;;;;;;;;;
2026/01/21;2300 UTC;;;;;;;;;;;;;;;;;;
2026/01/22;0000 UTC;;;;;;;;;;;;;;;;;;
2026/01/22;0100 UTC;;;;;;;;;;;;;;;;;;
2026/01/22;0200 UTC;;;;;;;;;;;;;;;;;;
2026/01/22;0300 UTC;;;;;;;;;;;;;;;;;;
2026/01/22;0400 UTC;;;;;;;;;;;;;;;;;;
2026/01/22;0500 UTC;;;;;;;;;;;;;;;;;;
2026/01/22;0600 UTC;;;;;;;;;;;;;;;;;;
2026/01/22;0700 UTC;;;;;;;;;;;;;;;;;;
2026/01/22;0800 UTC;;;;;;;;;;;;;;;;;;
2026/01/22;0900 UTC;;;;;;;;;;;;;;;;;;
2026/01/22;1000 UTC;;;;;;;;;;;;;;;;;;
2026/01/22;1100 UTC;;;;;;;;;;;;;;;;;;
2026/01/22;1200 UTC;;;;;;;;;;;;;;;;;;
2026/01/22;1300 UTC;;;;;;;;;;;;;;;;;;
2026/01/22;1400 UTC;;;;;;;;;;;;;;;;;;
2026/01/22;1500 UTC;;;;;;;;;;;;;;;;;;
2026/01/22;1600 UTC;;;;;;;;;;;;;;;;;;
2026/01/22;1700 UTC;;;;;;;;;;;;;;;;;;
2026/01/22;1800 UTC;;;;;;;;;;;;;;;;;;
2026/01/22;1900 UTC;;;;;;;;;;;;;;;;;;
2026/01/22;2000 UTC;;;;;;;;;;;;;;;;;;
2026/01/22;2100 UTC;;;;;;;;;;;;;;;;;;
2026/01/22;2200 UTC;;;;;;;;;;;;;;;;;;
2026/01/22;2300 UTC;;;;;;;;;;;;;;;;;;
2026/01/23;0000 UTC;;;;;;;;;;;;;;;;;;
2026/01/23;0100 UTC;;;;;;;;;;;;;;;;;;
2026/01/23;0200 UTC;;;;;;;;;;;;;;;;;;
2026/01/23;0300 UTC;;;;;;;;;;;;;;;;;;
2026/01/23;0400 UTC;;;;;;;;;;;;;;;;;;
2026/01/23;0500 UTC;;;;;;;;;;;;;;;;;;
2026/01/23;0600 UTC;;;;;;;;;;;;;;;;;;
2026/01/23;0700 UTC;;;;;;;;;;;;;;;;;;
2026/01/23;0800 UTC;;;;;;;;;;;;;;;;;;
2026/01/23;0900 UTC;;;;;;;;;;;;;;;;;;
2026/01/23;1000 UTC;;;;;;;;;;;;;;;;;;
2026/01/23;1100 UTC;;;;;;;;;;;;;;;;;;
2026/01/23;1200 UTC;;;;;;;;;;;;;;;;;;
2026/01/23;1300 UTC;;;;;;;;;;;;;;;;;;
2026/01/23;1400 UTC;;;;;;;;;;;;;;;;;;
2026/01/23;1500 UTC;;;;;;;;;;;;;;;;;;
2026/01/23;1600 UTC;;;;;;;;;;;;;;;;;;
2026/01/23;1700 UTC;;;;;;;;;;;;;;;;;;
2026/01/23;1800 UTC;;;;;;;;;;;;;;;;;;
2026/01/23;1900 UTC;;;;;;;;;;;;;;;;;;
2026/01/23;2000 UTC;;;;;;;;;;;;;;;;;;
2026/01/23;2100 UTC;;;;;;;;;;;;;;;;;;
2026/01/23;2200 UTC;;;;;;;;;;;;;;;;;;
2026/01/23;2300 UTC;;;;;;;;;;;;;;;;;;
2026/01/24;0000 UTC;;;;;;;;;;;;;;;;;;
2026/01/24;0100 UTC;;;;;;;;;;;;;;;;;;
2026/01/24;0200 UTC;;;;;;;;;;;;;;;;;;
2026/01/24;0300 UTC;;;;;;;;;;;;;;;;;;
2026/01/24;0400 UTC;;;;;;;;;;;;;;;;;;
2026/01/24;0500 UTC;;;;;;;;;;;;;;;;;;
2026/01/24;0600 UTC;;;;;;;;;;;;;;;;;;
2026/01/24;0700 UTC;;;;;;;;;;;;;;;;;;
2026/01/24;0800 UTC;;;;;;;;;;;;;;;;;;
2026/01/24;0900 UTC;;;;;;;;;;;;;;;;;;
2026/01/24;1000 UTC;;;;;;;;;;;;;;;;;;
2026/01/24;1100 UTC;;;;;;;;;;;;;;;;;;
2026/01/24;1200 UTC;;;;;;;;;;;;;;;;;;
2026/01/24;1300 UTC;;;;;;;;;;;;;;;;;;
2026/01/24;1400 UTC;;;;;;;;;;;;;;;;;;
2026/01/24;1500 UTC;;;;;;;;;;;;;;;;;;
2026/01/24;1600 UTC;;;;;;;;;;;;;;;;;;
2026/01/24;1700 UTC;;;;;;;;;;;;;;;;;;
2026/01/24;1800 UTC;;;;;;;;;;;;;;;;;;
2026/01/24;1900 UTC;;;;;;;;;;;;;;;;;;
2026/01/24;2000 UTC;;;;;;;;;;;;;;;;;;
2026/01/24;2100 UTC;;;;;;;;;;;;;;;;;;
2026/01/24;2200 UTC;;;;;;;;;;;;;;;;;;
2026/01/24;2300 UTC;;;;;;;;;;;;;;;;;;
2026/01/25;0000 UTC;;;;;;;;;;;;;;;;;;
2026/01/25;0100 UTC;;;;;;;;;;;;;;;;;;
2026/01/25;0200 UTC;;;;;;;;;;;;;;;;;;
2026/01/25;0300 UTC;;;;;;;;;;;;;;;;;;
2026/01/25;0400 UTC;;;;;;;;;;;;;;;;;;
2026/01/25;0500 UTC;;;;;;;;;;;;;;;;;;
2026/01/25;0600 UTC;;;;;;;;;;;;;;;;;;
2026/01/25;0700 UTC;;;;;;;;;;;;;;;;;;
2026/01/25;0800 UTC;;;;;;;;;;;;;;;;;;
2026/01/25;0900 UTC;;;;;;;;;;;;;;;;;;
2026/01/25;1000 UTC;;;;;;;;;;;;;;;;;;
2026/01/25;1100 UTC;;;;;;;;;;;;;;;;;;
2026/01/25;1200 UTC;;;;;;;;;;;;;;;;;;
2026/01/25;1300 UTC;;;;;;;;;;;;;;;;;;
2026/01/25;1400 UTC;;;;;;;;;;;;;;;;;;
2026/01/25;1500 UTC;;;;;;;;;;;;;;;;;;
2026/01/25;1600 UTC;;;;;;;;;;;;;;;;;;
2026/01/25;1700 UTC;;;;;;;;;;;;;;;;;;
2026/01/25;1800 UTC;;;;;;;;;;;;;;;;;;
2026/01/25;1900 UTC;;;;;;;;;;;;;;;;;;
2026/01/25;2000 UTC;;;;;;;;;;;;;;;;;;
2026/01/25;2100 UTC;;;;;;;;;;;;;;;;;;
2026/01/25;2200 UTC;;;;;;;;;;;;;;;;;;
2026/01/25;2300 UTC;;;;;;;;;;;;;;;;;;
2026/01/26;0000 UTC;;;;;;;;;;;;;;;;;;
2026/01/26;0100 UTC;;;;;;;;;;;;;;;;;;
2026/01/26;0200 UTC;;;;;;;;;;;;;;;;;;
2026/01/26;0300 UTC;;;;;;;;;;;;;;;;;;
2026/01/26;0400 UTC;;;;;;;;;;;;;;;;;;
2026/01/26;0500 UTC;;;;;;;;;;;;;;;;;;
2026/01/26;0600 UTC;;;;;;;;;;;;;;;;;;
2026/01/26;0700 UTC;;;;;;;;;;;;;;;;;;
2026/01/26;0800 UTC;;;;;;;;;;;;;;;;;;
2026/01/26;0900 UTC;;;;;;;;;;;;;;;;;;
2026/01/26;1000 UTC;;;;;;;;;;;;;;;;;;
2026/01/26;1100 UTC;;;;;;;;;;;;;;;;;;
2026/01/26;1200 UTC;;;;;;;;;;;;;;;;;;
2026/01/26;1300 UTC;;;;;;;;;;;;;;;;;;
2026/01/26;1400 UTC;;;;;;;;;;;;;;;;;;
2026/01/26;1500 UTC;;;;;;;;;;;;;;;;;;
2026/01/26;1600 UTC;;;;;;;;;;;;;;;;;;
2026/01/26;1700 UTC;;;;;;;;;;;;;;;;;;
2026/01/26;1800 UTC;;;;;;;;;;;;;;;;;;
2026/01/26;1900 UTC;;;;;;;;;;;;;;;;;;
2026/01/26;2000 UTC;;;;;;;;;;;;;;;;;;
2026/01/26;2100 UTC;;;;;;;;;;;;;;;;;;
2026/01/26;2200 UTC;;;;;;;;;;;;;;;;;;
2026/01/26;2300 UTC;;;;;;;;;;;;;;;;;;
2026/01/27;0000 UTC;;;;;;;;;;;;;;;;;;
2026/01/27;0100 UTC;;;;;;;;;;;;;;;;;;
2026/01/27;0200 UTC;;;;;;;;;;;;;;;;;;
2026/01/27;0300 UTC;;;;;;;;;;;;;;;;;;
2026/01/27;0400 UTC;;;;;;;;;;;;;;;;;;
2026/01/27;0500 UTC;;;;;;;;;;;;;;;;;;
2026/01/27;0600 UTC;;;;;;;;;;;;;;;;;;
2026/01/27;0700 UTC;;;;;;;;;;;;;;;;;;
2026/01/27;0800 UTC;;;;;;;;;;;;;;;;;;
2026/01/27;0900 UTC;;;;;;;;;;;;;;;;;;
2026/01/27;1000 UTC;;;;;;;;;;;;;;;;;;
2026/01/27;1100 UTC;;;;;;;;;;;;;;;;;;
2026/01/27;1200 UTC;;;;;;;;;;;;;;;;;;
2026/01/27;1300 UTC;;;;;;;;;;;;;;;;;;
2026/01/27;1400 UTC;;;;;;;;;;;;;;;;;;
2026/01/27;1500 UTC;;;;;;;;;;;;;;;;;;
2026/01/27;1600 UTC;;;;;;;;;;;;;;;;;;
2026/01/27;1700 UTC;;;;;;;;;;;;;;;;;;
2026/01/27;1800 UTC;;;;;;;;;;;;;;;;;;
2026/01/27;1900 UTC;;;;;;;;;;;;;;;;;;
2026/01/27;2000 UTC;;;;;;;;;;;;;;;;;;
2026/01/27;2100 UTC;;;;;;;;;;;;;;;;;;
2026/01/27;2200 UTC;;;;;;;;;;;;;;;;;;
2026/01/27;2300 UTC;;;;;;;;;;;;;;;;;;
2026/01/28;0000 UTC;;;;;;;;;;;;;;;;;;
2026/01/28;0100 UTC;;;;;;;;;;;;;;;;;;
2026/01/28;0200 UTC;;;;;;;;;;;;;;;;;;
2026/01/28;0300 UTC;;;;;;;;;;;;;;;;;;
2026/01/28;0400 UTC;;;;;;;;;;;;;;;;;;
2026/01/28;0500 UTC;;;;;;;;;;;;;;;;;;
2026/01/28;0600 UTC;;;;;;;;;;;;;;;;;;
2026/01/28;0700 UTC;;;;;;;;;;;;;;;;;;
2026/01/28;0800 UTC;;;;;;;;;;;;;;;;;;
2026/01/28;0900 UTC;;;;;;;;;;;;;;;;;;
2026/01/28;1000 UTC;;;;;;;;;;;;;;;;;;
2026/01/28;1100 UTC;;;;;;;;;;;;;;;;;;
2026/01/28;1200 UTC;;;;;;;;;;;;;;;;;;
2026/01/28;1300 UTC;;;;;;;;;;;;;;;;;;
2026/01/28;1400 UTC;;;;;;;;;;;;;;;;;;
2026/01/28;1500 UTC;;;;;;;;;;;;;;;;;;
2026/01/28;1600 UTC;;;;;;;;;;;;;;;;;;
2026/01/28;1700 UTC;;;;;;;;;;;;;;;;;;
2026/01/28;1800 UTC;;;;;;;;;;;;;;;;;;
2026/01/28;1900 UTC;;;;;;;;;;;;;;;;;;
2026/01/28;2000 UTC;;;;;;;;;;;;;;;;;;
2026/01/28;2100 UTC;;;;;;;;;;;;;;;;;;
2026/01/28;2200 UTC;;;;;;;;;;;;;;;;;;
2026/01/28;2300 UTC;;;;;;;;;;;;;;;;;;
2026/01/29;0000 UTC;;;;;;;;;;;;;;;;;;
2026/01/29;0100 UTC;;;;;;;;;;;;;;;;;;
2026/01/29;0200 UTC;;;;;;;;;;;;;;;;;;
2026/01/29;0300 UTC;;;;;;;;;;;;;;;;;;
2026/01/29;0400 UTC;;;;;;;;;;;;;;;;;;
2026/01/29;0500 UTC;;;;;;;;;;;;;;;;;;
2026/01/29;0600 UTC;;;;;;;;;;;;;;;;;;
2026/01/29;0700 UTC;;;;;;;;;;;;;;;;;;
2026/01/29;0800 UTC;;;;;;;;;;;;;;;;;;
2026/01/29;0900 UTC;;;;;;;;;;;;;;;;;;
2026/01/29;1000 UTC;;;;;;;;;;;;;;;;;;
2026/01/29;1100 UTC;;;;;;;;;;;;;;;;;;
2026/01/29;1200 UTC;;;;;;;;;;;;;;;;;;
2026/01/29;1300 UTC;;;;;;;;;;;;;;;;;;
2026/01/29;1400 UTC;;;;;;;;;;;;;;;;;;
2026/01/29;1500 UTC;;;;;;;;;;;;;;;;;;
2026/01/29;1600 UTC;;;;;;;;;;;;;;;;;;
2026/01/29;1700 UTC;;;;;;;;;;;;;;;;;;
2026/01/29;1800 UTC;;;;;;;;;;;;;;;;;;
2026/01/29;1900 UTC;;;;;;;;;;;;;;;;;;
2026/01/29;2000 UTC;;;;;;;;;;;;;;;;;;
2026/01/29;2100 UTC;;;;;;;;;;;;;;;;;;
2026/01/29;2200 UTC;;;;;;;;;;;;;;;;;;
2026/01/29;2300 UTC;;;;;;;;;;;;;;;;;;
2026/01/30;0000 UTC;;;;;;;;;;;;;;;;;;
2026/01/30;0100 UTC;;;;;;;;;;;;;;;;;;
2026/01/30;0200 UTC;;;;;;;;;;;;;;;;;;
2026/01/30;0300 UTC;;;;;;;;;;;;;;;;;;
2026/01/30;0400 UTC;;;;;;;;;;;;;;;;;;
2026/01/30;0500 UTC;;;;;;;;;;;;;;;;;;
2026/01/30;0600 UTC;;;;;;;;;;;;;;;;;;
2026/01/30;0700 UTC;;;;;;;;;;;;;;;;;;
2026/01/30;0800 UTC;;;;;;;;;;;;;;;;;;
2026/01/30;0900 UTC;;;;;;;;;;;;;;;;;;
2026/01/30;1000 UTC;;;;;;;;;;;;;;;;;;
2026/01/30;1100 UTC;;;;;;;;;;;;;;;;;;
2026/01/30;1200 UTC;;;;;;;;;;;;;;;;;;
2026/01/30;1300 UTC;;;;;;;;;;;;;;;;;;
2026/01/30;1400 UTC;;;;;;;;;;;;;;;;;;
2026/01/30;1500 UTC;;;;;;;;;;;;;;;;;;
2026/01/30;1600 UTC;;;;;;;;;;;;;;;;;;
2026/01/30;1700 UTC;;;;;;;;;;;;;;;;;;
2026/01/30;1800 UTC;;;;;;;;;;;;;;;;;;
2026/01/30;1900 UTC;;;;;;;;;;;;;;;;;;
2026/01/30;2000 UTC;;;;;;;;;;;;;;;;;;
2026/01/30;2100 UTC;;;;;;;;;;;;;;;;;;
2026/01/30;2200 UTC;;;;;;;;;;;;;;;;;;
2026/01/30;2300 UTC;;;;;;;;;;;;;;;;;;
2026/01/31;0000 UTC;;;;;;;;;;;;;;;;;;
2026/01/31;0100 UTC;;;;;;;;;;;;;;;;;;
2026/01/31;0200 UTC;;;;;;;;;;;;;;;;;;
2026/01/31;0300 UTC;;;;;;;;;;;;;;;;;;
2026/01/31;0400 UTC;;;;;;;;;;;;;;;;;;
2026/01/31;0500 UTC;;;;;;;;;;;;;;;;;;
2026/01/31;0600 UTC;;;;;;;;;;;;;;;;;;
2026/01/31;0700 UTC;;;;;;;;;;;;;;;;;;
2026/01/31;0800 UTC;;;;;;;;;;;;;;;;;;
2026/01/31;0900 UTC;;;;;;;;;;;;;;;;;;
2026/01/31;1000 UTC;;;;;;;;;;;;;;;;;;
2026/01/31;1100 UTC;;;;;;;;;;;;;;;;;;
2026/01/31;1200 UTC;;;;;;;;;;;;;;;;;;
2026/01/31;1300 UTC;;;;;;;;;;;;;;;;;;
2026/01/31;1400 UTC;;;;;;;;;;;;;;;;;;
2026/01/31;1500 UTC;;;;;;;;;;;;;;;;;;
2026/01/31;1600 UTC;;;;;;;;;;;;;;;;;;
2026/01/31;1700 UTC;;;;;;;;;;;;;;;;;;
2026/01/31;1800 UTC;;;;;;;;;;;;;;;;;;
2026/01/31;1900 UTC;;;;;;;;;;;;;;;;;;
2026/01/31;2000 UTC;;;;;;;;;;;;;;;;;;
2026/01/31;2100 UTC;;;;;;;;;;;;;;;;;;
2026/01/31;2200 UTC;;;;;;;;;;;;;;;;;;
2026/01/31;2300 UTC;;;;;;;;;;;;;;;;;;
2026/02/01;0000 UTC;;;;;;;;;;;;;;;;;;
2026/02/01;0100 UTC;;;;;;;;;;;;;;;;;;
2026/02/01;0200 UTC;;;;;;;;;;;;;;;;;;
2026/02/01;0300 UTC;;;;;;;;;;;;;;;;;;
2026/02/01;0400 UTC;;;;;;;;;;;;;;;;;;
2026/02/01;0500 UTC;;;;;;;;;;;;;;;;;;
2026/02/01;0600 UTC;;;;;;;;;;;;;;;;;;
2026/02/01;0700 UTC;;;;;;;;;;;;;;;;;;
2026/02/01;0800 UTC;;;;;;;;;;;;;;;;;;
2026/02/01;0900 UTC;;;;;;;;;;;;;;;;;;
2026/02/01;1000 UTC;;;;;;;;;;;;;;;;;;
2026/02/01;1100 UTC;;;;;;;;;;;;;;;;;;
2026/02/01;1200 UTC;;;;;;;;;;;;;;;;;;
2026/02/01;1300 UTC;;;;;;;;;;;;;;;;;;
2026/02/01;1400 UTC;;;;;;;;;;;;;;;;;;
2026/02/01;1500 UTC;;;;;;;;;;;;;;;;;;
2026/02/01;1600 UTC;;;;;;;;;;;;;;;;;;
2026/02/01;1700 UTC;;;;;;;;;;;;;;;;;;
2026/02/01;1800 UTC;;;;;;;;;;;;;;;;;;
2026/02/01;1900 UTC;;;;;;;;;;;;;;;;;;
2026/02/01;2000 UTC;;;;;;;;;;;;;;;;;;
2026/02/01;2100 UTC;;;;;;;;;;;;;;;;;;
2026/02/01;2200 UTC;;;;;;;;;;;;;;;;;;
2026/02/01;2300 UTC;;;;;;;;;;;;;;;;;;
2026/02/02;0000 UTC;;;;;;;;;;;;;;;;;;
2026/02/02;0100 UTC;;;;;;;;;;;;;;;;;;
2026/02/02;0200 UTC;;;;;;;;;;;;;;;;;;
2026/02/02;0300 UTC;;;;;;;;;;;;;;;;;;
2026/02/02;0400 UTC;;;;;;;;;;;;;;;;;;
2026/02/02;0500 UTC;;;;;;;;;;;;;;;;;;
2026/02/02;0600 UTC;;;;;;;;;;;;;;;;;;
2026/02/02;0700 UTC;;;;;;;;;;;;;;;;;;
2026/02/02;0800 UTC;;;;;;;;;;;;;;;;;;
2026/02/02;0900 UTC;;;;;;;;;;;;;;;;;;
2026/02/02;1000 UTC;;;;;;;;;;;;;;;;;;
2026/02/02;1100 UTC;;;;;;;;;;;;;;;;;;
2026/02/02;1200 UTC;;;;;;;;;;;;;;;;;;
2026/02/02;1300 UTC;;;;;;;;;;;;;;;;;;
2026/02/02;1400 UTC;;;;;;;;;;;;;;;;;;
2026/02/02;1500 UTC;;;;;;;;;;;;;;;;;;
2026/02/02;1600 UTC;;;;;;;;;;;;;;;;;;
2026/02/02;1700 UTC;;;;;;;;;;;;;;;;;;
2026/02/02;1800 UTC;;;;;;;;;;;;;;;;;;
2026/02/02;1900 UTC;;;;;;;;;;;;;;;;;;
2026/02/02;2000 UTC;;;;;;;;;;;;;;;;;;
2026/02/02;2100 UTC;;;;;;;;;;;;;;;;;;
2026/02/02;2200 UTC;;;;;;;;;;;;;;;;;;
2026/02/02;2300 UTC;;;;;;;;;;;;;;;;;;
2026/02/03;0000 UTC;;;;;;;;;;;;;;;;;;
2026/02/03;0100 UTC;;;;;;;;;;;;;;;;;;
2026/02/03;0200 UTC;;;;;;;;;;;;;;;;;;
2026/02/03;0300 UTC;;;;;;;;;;;;;;;;;;
2026/02/03;0400 UTC;;;;;;;;;;;;;;;;;;
2026/02/03;0500 UTC;;;;;;;;;;;;;;;;;;
2026/02/03;0600 UTC;;;;;;;;;;;;;;;;;;
2026/02/03;0700 UTC;;;;;;;;;;;;;;;;;;
2026/02/03;0800 UTC;;;;;;;;;;;;;;;;;;
2026/02/03;0900 UTC;;;;;;;;;;;;;;;;;;
2026/02/03;1000 UTC;;;;;;;;;;;;;;;;;;
2026/02/03;1100 UTC;;;;;;;;;;;;;;;;;;
2026/02/03;1200 UTC;;;;;;;;;;;;;;;;;;
2026/02/03;1300 UTC;;;;;;;;;;;;;;;;;;
2026/02/03;1400 UTC;;;;;;;;;;;;;;;;;;
2026/02/03;1500 UTC;;;;;;;;;;;;;;;;;;
2026/02/03;1600 UTC;;;;;;;;;;;;;;;;;;
2026/02/03;1700 UTC;;;;;;;;;;;;;;;;;;
2026/02/03;1800 UTC;;;;;;;;;;;;;;;;;;
2026/02/03;1900 UTC;;;;;;;;;;;;;;;;;;
2026/02/03;2000 UTC;;;;;;;;;;;;;;;;;;
2026/02/03;2100 UTC;;;;;;;;;;;;;;;;;;
2026/02/03;2200 UTC;;;;;;;;;;;;;;;;;;
2026/02/03;2300 UTC;;;;;;;;;;;;;;;;;;
2026/02/04;0000 UTC;;;;;;;;;;;;;;;;;;
2026/02/04;0100 UTC;;;;;;;;;;;;;;;;;;
2026/02/04;0200 UTC;;;;;;;;;;;;;;;;;;
2026/02/04;0300 UTC;;;;;;;;;;;;;;;;;;
2026/02/04;0400 UTC;;;;;;;;;;;;;;;;;;
2026/02/04;0500 UTC;;;;;;;;;;;;;;;;;;
2026/02/04;0600 UTC;;;;;;;;;;;;;;;;;;
2026/02/04;0700 UTC;;;;;;;;;;;;;;;;;;
2026/02/04;0800 UTC;;;;;;;;;;;;;;;;;;
2026/02/04;0900 UTC;;;;;;;;;;;;;;;;;;
2026/02/04;1000 UTC;;;;;;;;;;;;;;;;;;
2026/02/04;1100 UTC;;;;;;;;;;;;;;;;;;
2026/02/04;1200 UTC;;;;;;;;;;;;;;;;;;
2026/02/04;1300 UTC;;;;;;;;;;;;;;;;;;
2026/02/04;1400 UTC;;;;;;;;;;;;;;;;;;
2026/02/04;1500 UTC;;;;;;;;;;;;;;;;;;
2026/02/04;1600 UTC;;;;;;;;;;;;;;;;;;
2026/02/04;1700 UTC;;;;;;;;;;;;;;;;;;
2026/02/04;1800 UTC;;;;;;;;;;;;;;;;;;
2026/02/04;1900 UTC;;;;;;;;;;;;;;;;;;
2026/02/04;2000 UTC;;;;;;;;;;;;;;;;;;
2026/02/04;2100 UTC;;;;;;;;;;;;;;;;;;
2026/02/04;2200 UTC;;;;;;;;;;;;;;;;;;
2026/02/04;2300 UTC;;;;;;;;;;;;;;;;;;
2026/02/05;0000 UTC;;;;;;;;;;;;;;;;;;
2026/02/05;0100 UTC;;;;;;;;;;;;;;;;;;
2026/02/05;0200 UTC;;;;;;;;;;;;;;;;;;
2026/02/05;0300 UTC;;;;;;;;;;;;;;;;;;
2026/02/05;0400 UTC;;;;;;;;;;;;;;;;;;
2026/02/05;0500 UTC;;;;;;;;;;;;;;;;;;
2026/02/05;0600 UTC;;;;;;;;;;;;;;;;;;
2026/02/05;0700 UTC;;;;;;;;;;;;;;;;;;
2026/02/05;0800 UTC;;;;;;;;;;;;;;;;;;
2026/02/05;0900 UTC;;;;;;;;;;;;;;;;;;
2026/02/05;1000 UTC;;;;;;;;;;;;;;;;;;
2026/02/05;1100 UTC;;;;;;;;;;;;;;;;;;
2026/02/05;1200 UTC;;;;;;;;;;;;;;;;;;
2026/02/05;1300 UTC;;;;;;;;;;;;;;;;;;
2026/02/05;1400 UTC;;;;;;;;;;;;;;;;;;
2026/02/05;1500 UTC;;;;;;;;;;;;;;;;;;
2026/02/05;1600 UTC;;;;;;;;;;;;;;;;;;
2026/02/05;1700 UTC;;;;;;;;;;;;;;;;;;
2026/02/05;1800 UTC;;;;;;;;;;;;;;;;;;
2026/02/05;1900 UTC;;;;;;;;;;;;;;;;;;
2026/02/05;2000 UTC;;;;;;;;;;;;;;;;;;
2026/02/05;2100 UTC;;;;;;;;;;;;;;;;;;
2026/02/05;2200 UTC;;;;;;;;;;;;;;;;;;
2026/02/05;2300 UTC;;;;;;;;;;;;;;;;;;
2026/02/06;0000 UTC;;;;;;;;;;;;;;;;;;
2026/02/06;0100 UTC;;;;;;;;;;;;;;;;;;
2026/02/06;0200 UTC;;;;;;;;;;;;;;;;;;
2026/02/06;0300 UTC;;;;;;;;;;;;;;;;;;
2026/02/06;0400 UTC;;;;;;;;;;;;;;;;;;
2026/02/06;0500 UTC;;;;;;;;;;;;;;;;;;
2026/02/06;0600 UTC;;;;;;;;;;;;;;;;;;
2026/02/06;0700 UTC;;;;;;;;;;;;;;;;;;
2026/02/06;0800 UTC;;;;;;;;;;;;;;;;;;
2026/02/06;0900 UTC;;;;;;;;;;;;;;;;;;
2026/02/06;1000 UTC;;;;;;;;;;;;;;;;;;
2026/02/06;1100 UTC;;;;;;;;;;;;;;;;;;
2026/02/06;1200 UTC;;;;;;;;;;;;;;;;;;
2026/02/06;1300 UTC;;;;;;;;;;;;;;;;;;
2026/02/06;1400 UTC;;;;;;;;;;;;;;;;;;
2026/02/06;1500 UTC;;;;;;;;;;;;;;;;;;
2026/02/06;1600 UTC;;;;;;;;;;;;;;;;;;
2026/02/06;1700 UTC;;;;;;;;;;;;;;;;;;
2026/02/06;1800 UTC;;;;;;;;;;;;;;;;;;
2026/02/06;1900 UTC;;;;;;;;;;;;;;;;;;
2026/02/06;2000 UTC;;;;;;;;;;;;;;;;;;
2026/02/06;2100 UTC;;;;;;;;;;;;;;;;;;
2026/02/06;2200 UTC;;;;;;;;;;;;;;;;;;
2026/02/06;2300 UTC;;;;;;;;;;;;;;;;;;
2026/02/07;0000 UTC;;;;;;;;;;;;;;;;;;
2026/02/07;0100 UTC;;;;;;;;;;;;;;;;;;
2026/02/07;0200 UTC;;;;;;;;;;;;;;;;;;
2026/02/07;0300 UTC;;;;;;;;;;;;;;;;;;
2026/02/07;0400 UTC;;;;;;;;;;;;;;;;;;
2026/02/07;0500 UTC;;;;;;;;;;;;;;;;;;
2026/02/07;0600 UTC;;;;;;;;;;;;;;;;;;
2026/02/07;0700 UTC;;;;;;;;;;;;;;;;;;
2026/02/07;0800 UTC;;;;;;;;;;;;;;;;;;
2026/02/07;0900 UTC;;;;;;;;;;;;;;;;;;
2026/02/07;1000 UTC;;;;;;;;;;;;;;;;;;
2026/02/07;1100 UTC;;;;;;;;;;;;;;;;;;
2026/02/07;1200 UTC;;;;;;;;;;;;;;;;;;
2026/02/07;1300 UTC;;;;;;;;;;;;;;;;;;
2026/02/07;1400 UTC;;;;;;;;;;;;;;;;;;
2026/02/07;1500 UTC;;;;;;;;;;;;;;;;;;
2026/02/07;1600 UTC;;;;;;;;;;;;;;;;;;
2026/02/07;1700 UTC;;;;;;;;;;;;;;;;;;
2026/02/07;1800 UTC;;;;;;;;;;;;;;;;;;
2026/02/07;1900 UTC;;;;;;;;;;;;;;;;;;
2026/02/07;2000 UTC;;;;;;;;;;;;;;;;;;
2026/02/07;2100 UTC;;;;;;;;;;;;;;;;;;
2026/02/07;2200 UTC;;;;;;;;;;;;;;;;;;
2026/02/07;2300 UTC;;;;;;;;;;;;;;;;;;
2026/02/08;0000 UTC;;;;;;;;;;;;;;;;;;
2026/02/08;0100 UTC;;;;;;;;;;;;;;;;;;
2026/02/08;0200 UTC;;;;;;;;;;;;;;;;;;
2026/02/08;0300 UTC;;;;;;;;;;;;;;;;;;
2026/02/08;0400 UTC;;;;;;;;;;;;;;;;;;
2026/02/08;0500 UTC;;;;;;;;;;;;;;;;;;
2026/02/08;0600 UTC;;;;;;;;;;;;;;;;;;
2026/02/08;0700 UTC;;;;;;;;;;;;;;;;;;
2026/02/08;0800 UTC;;;;;;;;;;;;;;;;;;
2026/02/08;0900 UTC;;;;;;;;;;;;;;;;;;
2026/02/08;1000 UTC;;;;;;;;;;;;;;;;;;
2026/02/08;1100 UTC;;;;;;;;;;;;;;;;;;
2026/02/08;1200 UTC;;;;;;;;;;;;;;;;;;
2026/02/08;1300 UTC;;;;;;;;;;;;;;;;;;
2026/02/08;1400 UTC;;;;;;;;;;;;;;;;;;
2026/02/08;1500 UTC;;;;;;;;;;;;;;;;;;
2026/02/08;1600 UTC;;;;;;;;;;;;;;;;;;
2026/02/08;1700 UTC;;;;;;;;;;;;;;;;;;
2026/02/08;1800 UTC;;;;;;;;;;;;;;;;;;
2026/02/08;1900 UTC;;;;;;;;;;;;;;;;;;
2026/02/08;2000 UTC;;;;;;;;;;;;;;;;;;
2026/02/08;2100 UTC;;;;;;;;;;;;;;;;;;
2026/02/08;2200 UTC;;;;;;;;;;;;;;;;;;
2026/02/08;2300 UTC;;;;;;;;;;;;;;;;;;
2026/02/09;0000 UTC;;;;;;;;;;;;;;;;;;
2026/02/09;0100 UTC;;;;;;;;;;;;;;;;;;
2026/02/09;0200 UTC;;;;;;;;;;;;;;;;;;
2026/02/09;0300 UTC;;;;;;;;;;;;;;;;;;
2026/02/09;0400 UTC;;;;;;;;;;;;;;;;;;
2026/02/09;0500 UTC;;;;;;;;;;;;;;;;;;
2026/02/09;0600 UTC;;;;;;;;;;;;;;;;;;
2026/02/09;0700 UTC;;;;;;;;;;;;;;;;;;
2026/02/09;0800 UTC;;;;;;;;;;;;;;;;;;
2026/02/09;0900 UTC;;;;;;;;;;;;;;;;;;
2026/02/09;1000 UTC;;;;;;;;;;;;;;;;;;
2026/02/09;1100 UTC;;;;;;;;;;;;;;;;;;
2026/02/09;1200 UTC;;;;;;;;;;;;;;;;;;
2026/02/09;1300 UTC;;;;;;;;;;;;;;;;;;
2026/02/09;1400 UTC;;;;;;;;;;;;;;;;;;
2026/02/09;1500 UTC;;;;;;;;;;;;;;;;;;
2026/02/09;1600 UTC;;;;;;;;;;;;;;;;;;
2026/02/09;1700 UTC;;;;;;;;;;;;;;;;;;
2026/02/09;1800 UTC;;;;;;;;;;;;;;;;;;
2026/02/09;1900 UTC;;;;;;;;;;;;;;;;;;
2026/02/09;2000 UTC;;;;;;;;;;;;;;;;;;
2026/02/09;2100 UTC;;;;;;;;;;;;;;;;;;
2026/02/09;2200 UTC;;;;;;;;;;;;;;;;;;
2026/02/09;2300 UTC;;;;;;;;;;;;;;;;;;
2026/02/10;0000 UTC;;;;;;;;;;;;;;;;;;
2026/02/10;0100 UTC;;;;;;;;;;;;;;;;;;
2026/02/10;0200 UTC;;;;;;;;;;;;;;;;;;
2026/02/10;0300 UTC;;;;;;;;;;;;;;;;;;
2026/02/10;0400 UTC;;;;;;;;;;;;;;;;;;
2026/02/10;0500 UTC;;;;;;;;;;;;;;;;;;
2026/02/10;0600 UTC;;;;;;;;;;;;;;;;;;
2026/02/10;0700 UTC;;;;;;;;;;;;;;;;;;
2026/02/10;0800 UTC;;;;;;;;;;;;;;;;;;
2026/02/10;0900 UTC;;;;;;;;;;;;;;;;;;
2026/02/10;1000 UTC;;;;;;;;;;;;;;;;;;
2026/02/10;1100 UTC;;;;;;;;;;;;;;;;;;
2026/02/10;1200 UTC;;;;;;;;;;;;;;;;;;
2026/02/10;1300 UTC;;;;;;;;;;;;;;;;;;
2026/02/10;1400 UTC;;;;;;;;;;;;;;;;;;
2026/02/10;1500 UTC;;;;;;;;;;;;;;;;;;
2026/02/10;1600 UTC;;;;;;;;;;;;;;;;;;
2026/02/10;1700 UTC;;;;;;;;;;;;;;;;;;
2026/02/10;1800 UTC;;;;;;;;;;;;;;;;;;
2026/02/10;1900 UTC;;;;;;;;;;;;;;;;;;
2026/02/10;2000 UTC;;;;;;;;;;;;;;;;;;
2026/02/10;2100 UTC;;;;;;;;;;;;;;;;;;
2026/02/10;2200 UTC;;;;;;;;;;;;;;;;;;
2026/02/10;2300 UTC;;;;;;;;;;;;;;;;;;
2026/02/11;0000 UTC;;;;;;;;;;;;;;;;;;
2026/02/11;0100 UTC;;;;;;;;;;;;;;;;;;
2026/02/11;0200 UTC;;;;;;;;;;;;;;;;;;
2026/02/11;0300 UTC;;;;;;;;;;;;;;;;;;
2026/02/11;0400 UTC;;;;;;;;;;;;;;;;;;
2026/02/11;0500 UTC;;;;;;;;;;;;;;;;;;
2026/02/11;0600 UTC;;;;;;;;;;;;;;;;;;
2026/02/11;0700 UTC;;;;;;;;;;;;;;;;;;
2026/02/11;0800 UTC;;;;;;;;;;;;;;;;;;
2026/02/11;0900 UTC;;;;;;;;;;;;;;;;;;
2026/02/11;1000 UTC;;;;;;;;;;;;;;;;;;
2026/02/11;1100 UTC;;;;;;;;;;;;;;;;;;
2026/02/11;1200 UTC;;;;;;;;;;;;;;;;;;
2026/02/11;1300 UTC;;;;;;;;;;;;;;;;;;
2026/02/11;1400 UTC;;;;;;;;;;;;;;;;;;
2026/02/11;1500 UTC;;;;;;;;;;;;;;;;;;
2026/02/11;1600 UTC;;;;;;;;;;;;;;;;;;
2026/02/11;1700 UTC;;;;;;;;;;;;;;;;;;
2026/02/11;1800 UTC;;;;;;;;;;;;;;;;;;
2026/02/11;1900 UTC;;;;;;;;;;;;;;;;;;
2026/02/11;2000 UTC;;;;;;;;;;;;;;;;;;
2026/02/11;2100 UTC;;;;;;;;;;;;;;;;;;
2026/02/11;2200 UTC;;;;;;;;;;;;;;;;;;
2026/02/11;2300 UTC;;;;;;;;;;;;;;;;;;
2026/02/12;0000 UTC;;;;;;;;;;;;;;;;;;
2026/02/12;0100 UTC;;;;;;;;;;;;;;;;;;
2026/02/12;0200 UTC;;;;;;;;;;;;;;;;;;
2026/02/12;0300 UTC;;;;;;;;;;;;;;;;;;
2026/02/12;0400 UTC;;;;;;;;;;;;;;;;;;
2026/02/12;0500 UTC;;;;;;;;;;;;;;;;;;
2026/02/12;0600 UTC;;;;;;;;;;;;;;;;;;
2026/02/12;0700 UTC;;;;;;;;;;;;;;;;;;
2026/02/12;0800 UTC;;;;;;;;;;;;;;;;;;
2026/02/12;0900 UTC;;;;;;;;;;;;;;;;;;
2026/02/12;1000 UTC;;;;;;;;;;;;;;;;;;
2026/02/12;1100 UTC;;;;;;;;;;;;;;;;;;
2026/02/12;1200 UTC;;;;;;;;;;;;;;;;;;
2026/02/12;1300 UTC;;;;;;;;;;;;;;;;;;
2026/02/12;1400 UTC;;;;;;;;;;;;;;;;;;
2026/02/12;1500 UTC;;;;;;;;;;;;;;;;;;
2026/02/12;1600 UTC;;;;;;;;;;;;;;;;;;
2026/02/12;1700 UTC;;;;;;;;;;;;;;;;;;
2026/02/12;1800 UTC;;;;;;;;;;;;;;;;;;
2026/02/12;1900 UTC;;;;;;;;;;;;;;;;;;
2026/02/12;2000 UTC;;;;;;;;;;;;;;;;;;
2026/02/12;2100 UTC;;;;;;;;;;;;;;;;;;
2026/02/12;2200 UTC;;;;;;;;;;;;;;;;;;
2026/02/12;2300 UTC;;;;;;;;;;;;;;;;;;
2026/02/13;0000 UTC;;;;;;;;;;;;;;;;;;
2026/02/13;0100 UTC;;;;;;;;;;;;;;;;;;
2026/02/13;0200 UTC;;;;;;;;;;;;;;;;;;
2026/02/13;0300 UTC;;;;;;;;;;;;;;;;;;
2026/02/13;0400 UTC;;;;;;;;;;;;;;;;;;
2026/02/13;0500 UTC;;;;;;;;;;;;;;;;;;
2026/02/13;0600 UTC;;;;;;;;;;;;;;;;;;
2026/02/13;0700 UTC;;;;;;;;;;;;;;;;;;
2026/02/13;0800 UTC;;;;;;;;;;;;;;;;;;
2026/02/13;0900 UTC;;;;;;;;;;;;;;;;;;
2026/02/13;1000 UTC;;;;;;;;;;;;;;;;;;
2026/02/13;1100 UTC;;;;;;;;;;;;;;;;;;
2026/02/13;1200 UTC;;;;;;;;;;;;;;;;;;
2026/02/13;1300 UTC;;;;;;;;;;;;;;;;;;
2026/02/13;1400 UTC;;;;;;;;;;;;;;;;;;
2026/02/13;1500 UTC;;;;;;;;;;;;;;;;;;
2026/02/13;1600 UTC;;;;;;;;;;;;;;;;;;
2026/02/13;1700 UTC;;;;;;;;;;;;;;;;;;
2026/02/13;1800 UTC;;;;;;;;;;;;;;;;;;
2026/02/13;1900 UTC;;;;;;;;;;;;;;;;;;
2026/02/13;2000 UTC;;;;;;;;;;;;;;;;;;
2026/02/13;2100 UTC;;;;;;;;;;;;;;;;;;
2026/02/13;2200 UTC;;;;;;;;;;;;;;;;;;
2026/02/13;2300 UTC;;;;;;;;;;;;;;;;;;
2026/02/14;0000 UTC;;;;;;;;;;;;;;;;;;
2026/02/14;0100 UTC;;;;;;;;;;;;;;;;;;
2026/02/14;0200 UTC;;;;;;;;;;;;;;;;;;
2026/02/14;0300 UTC;;;;;;;;;;;;;;;;;;
2026/02/14;0400 UTC;;;;;;;;;;;;;;;;;;
2026/02/14;0500 UTC;;;;;;;;;;;;;;;;;;
2026/02/14;0600 UTC;;;;;;;;;;;;;;;;;;
2026/02/14;0700 UTC;;;;;;;;;;;;;;;;;;
2026/02/14;0800 UTC;;;;;;;;;;;;;;;;;;
2026/02/14;0900 UTC;;;;;;;;;;;;;;;;;;
2026/02/14;1000 UTC;;;;;;;;;;;;;;;;;;
2026/02/14;1100 UTC;;;;;;;;;;;;;;;;;;
2026/02/14;1200 UTC;;;;;;;;;;;;;;;;;;
2026/02/14;1300 UTC;;;;;;;;;;;;;;;;;;
2026/02/14;1400 UTC;;;;;;;;;;;;;;;;;;
2026/02/14;1500 UTC;;;;;;;;;;;;;;;;;;
2026/02/14;1600 UTC;;;;;;;;;;;;;;;;;;
2026/02/14;1700 UTC;;;;;;;;;;;;;;;;;;
2026/02/14;1800 UTC;;;;;;;;;;;;;;;;;;
2026/02/14;1900 UTC;;;;;;;;;;;;;;;;;;
2026/02/14;2000 UTC;;;;;;;;;;;;;;;;;;
2026/02/14;2100 UTC;;;;;;;;;;;;;;;;;;
2026/02/14;2200 UTC;;;;;;;;;;;;;;;;;;
2026/02/14;2300 UTC;;;;;;;;;;;;;;;;;;
2026/02/15;0000 UTC;;;;;;;;;;;;;;;;;;
2026/02/15;0100 UTC;;;;;;;;;;;;;;;;;;
2026/02/15;0200 UTC;;;;;;;;;;;;;;;;;;
2026/02/15;0300 UTC;;;;;;;;;;;;;;;;;;
2026/02/15;0400 UTC;;;;;;;;;;;;;;;;;;
2026/02/15;0500 UTC;;;;;;;;;;;;;;;;;;
2026/02/15;0600 UTC;;;;;;;;;;;;;;;;;;
2026/02/15;0700 UTC;;;;;;;;;;;;;;;;;;
2026/02/15;0800 UTC;;;;;;;;;;;;;;;;;;
2026/02/15;0900 UTC;;;;;;;;;;;;;;;;;;
2026/02/15;1000 UTC;;;;;;;;;;;;;;;;;;
2026/02/15;1100 UTC;;;;;;;;;;;;;;;;;;
2026/02/15;1200 UTC;;;;;;;;;;;;;;;;;;
2026/02/15;1300 UTC;;;;;;;;;;;;;;;;;;
2026/02/15;1400 UTC;;;;;;;;;;;;;;;;;;
2026/02/15;1500 UTC;;;;;;;;;;;;;;;;;;
2026/02/15;1600 UTC;;;;;;;;;;;;;;;;;;
2026/02/15;1700 UTC;;;;;;;;;;;;;;;;;;
2026/02/15;1800 UTC;;;;;;;;;;;;;;;;;;
2026/02/15;1900 UTC;;;;;;;;;;;;;;;;;;
2026/02/15;2000 UTC;;;;;;;;;;;;;;;;;;
2026/02/15;2100 UTC;;;;;;;;;;;;;;;;;;
2026/02/15;2200 UTC;;;;;;;;;;;;;;;;;;
2026/02/15;2300 UTC;;;;;;;;;;;;;;;;;;
2026/02/16;0000 UTC;;;;;;;;;;;;;;;;;;
2026/02/16;0100 UTC;;;;;;;;;;;;;;;;;;
2026/02/16;0200 UTC;;;;;;;;;;;;;;;;;;
2026/02/16;0300 UTC;;;;;;;;;;;;;;;;;;
2026/02/16;0400 UTC;;;;;;;;;;;;;;;;;;
2026/02/16;0500 UTC;;;;;;;;;;;;;;;;;;
2026/02/16;0600 UTC;;;;;;;;;;;;;;;;;;
2026/02/16;0700 UTC;;;;;;;;;;;;;;;;;;
2026/02/16;0800 UTC;;;;;;;;;;;;;;;;;;
2026/02/16;0900 UTC;;;;;;;;;;;;;;;;;;
2026/02/16;1000 UTC;;;;;;;;;;;;;;;;;;
2026/02/16;1100 UTC;;;;;;;;;;;;;;;;;;
2026/02/16;1200 UTC;;;;;;;;;;;;;;;;;;
2026/02/16;1300 UTC;;;;;;;;;;;;;;;;;;
2026/02/16;1400 UTC;;;;;;;;;;;;;;;;;;
2026/02/16;1500 UTC;;;;;;;;;;;;;;;;;;
2026/02/16;1600 UTC;;;;;;;;;;;;;;;;;;
2026/02/16;1700 UTC;;;;;;;;;;;;;;;;;;
2026/02/16;1800 UTC;;;;;;;;;;;;;;;;;;
2026/02/16;1900 UTC;;;;;;;;;;;;;;;;;;
2026/02/16;2000 UTC;;;;;;;;;;;;;;;;;;
2026/02/16;2100 UTC;;;;;;;;;;;;;;;;;;
2026/02/16;2200 UTC;;;;;;;;;;;;;;;;;;
2026/02/16;2300 UTC;;;;;;;;;;;;;;;;;;
2026/02/17;0000 UTC;;;;;;;;;;;;;;;;;;
2026/02/17;0100 UTC;;;;;;;;;;;;;;;;;;
2026/02/17;0200 UTC;;;;;;;;;;;;;;;;;;
2026/02/17;0300 UTC;;;;;;;;;;;;;;;;;;
2026/02/17;0400 UTC;;;;;;;;;;;;;;;;;;
2026/02/17;0500 UTC;;;;;;;;;;;;;;;;;;
2026/02/17;0600 UTC;;;;;;;;;;;;;;;;;;
2026/02/17;0700 UTC;;;;;;;;;;;;;;;;;;
2026/02/17;0800 UTC;;;;;;;;;;;;;;;;;;
2026/02/17;0900 UTC;;;;;;;;;;;;;;;;;;
2026/02/17;1000 UTC;;;;;;;;;;;;;;;;;;
2026/02/17;1100 UTC;;;;;;;;;;;;;;;;;;
2026/02/17;1200 UTC;;;;;;;;;;;;;;;;;;
2026/02/17;1300 UTC;;;;;;;;;;;;;;;;;;
2026/02/17;1400 UTC;;;;;;;;;;;;;;;;;;
2026/02/17;1500 UTC;;;;;;;;;;;;;;;;;;
2026/02/17;1600 UTC;;;;;;;;;;;;;;;;;;
2026/02/17;1700 UTC;;;;;;;;;;;;;;;;;;
2026/02/17;1800 UTC;;;;;;;;;;;;;;;;;;
2026/02/17;1900 UTC;;;;;;;;;;;;;;;;;;
2026/02/17;2000 UTC;;;;;;;;;;;;;;;;;;
2026/02/17;2100 UTC;;;;;;;;;;;;;;;;;;
2026/02/17;2200 UTC;;;;;;;;;;;;;;;;;;
2026/02/17;2300 UTC;;;;;;;;;;;;;;;;;;
2026/02/18;0000 UTC;;;;;;;;;;;;;;;;;;
2026/02/18;0100 UTC;;;;;;;;;;;;;;;;;;
2026/02/18;0200 UTC;;;;;;;;;;;;;;;;;;
2026/02/18;0300 UTC;;;;;;;;;;;;;;;;;;
2026/02/18;0400 UTC;;;;;;;;;;;;;;;;;;
2026/02/18;0500 UTC;;;;;;;;;;;;;;;;;;
2026/02/18;0600 UTC;;;;;;;;;;;;;;;;;;
2026/02/18;0700 UTC;;;;;;;;;;;;;;;;;;
2026/02/18;0800 UTC;;;;;;;;;;;;;;;;;;
2026/02/18;0900 UTC;;;;;;;;;;;;;;;;;;
2026/02/18;1000 UTC;;;;;;;;;;;;;;;;;;
2026/02/18;1100 UTC;;;;;;;;;;;;;;;;;;
2026/02/18;1200 UTC;;;;;;;;;;;;;;;;;;
2026/02/18;1300 UTC;;;;;;;;;;;;;;;;;;
2026/02/18;1400 UTC;;;;;;;;;;;;;;;;;;
2026/02/18;1500 UTC;;;;;;;;;;;;;;;;;;
2026/02/18;1600 UTC;;;;;;;;;;;;;;;;;;
2026/02/18;1700 UTC;;;;;;;;;;;;;;;;;;
2026/02/18;1800 UTC;;;;;;;;;;;;;;;;;;
2026/02/18;1900 UTC;;;;;;;;;;;;;;;;;;
2026/02/18;2000 UTC;;;;;;;;;;;;;;;;;;
2026/02/18;2100 UTC;;;;;;;;;;;;;;;;;;
2026/02/18;2200 UTC;;;;;;;;;;;;;;;;;;
2026/02/18;2300 UTC;;;;;;;;;;;;;;;;;;
2026/02/19;0000 UTC;;;;;;;;;;;;;;;;;;
2026/02/19;0100 UTC;;;;;;;;;;;;;;;;;;
2026/02/19;0200 UTC;;;;;;;;;;;;;;;;;;
2026/02/19;0300 UTC;;;;;;;;;;;;;;;;;;
2026/02/19;0400 UTC;;;;;;;;;;;;;;;;;;
2026/02/19;0500 UTC;;;;;;;;;;;;;;;;;;
2026/02/19;0600 UTC;;;;;;;;;;;;;;;;;;
2026/02/19;0700 UTC;;;;;;;;;;;;;;;;;;
2026/02/19;0800 UTC;;;;;;;;;;;;;;;;;;
2026/02/19;0900 UTC;;;;;;;;;;;;;;;;;;
2026/02/19;1000 UTC;;;;;;;;;;;;;;;;;;
2026/02/19;1100 UTC;;;;;;;;;;;;;;;;;;
2026/02/19;1200 UTC;;;;;;;;;;;;;;;;;;
2026/02/19;1300 UTC;;;;;;;;;;;;;;;;;;
2026/02/19;1400 UTC;;;;;;;;;;;;;;;;;;
2026/02/19;1500 UTC;;;;;;;;;;;;;;;;;;
2026/02/19;1600 UTC;;;;;;;;;;;;;;;;;;
2026/02/19;1700 UTC;;;;;;;;;;;;;;;;;;
2026/02/19;1800 UTC;;;;;;;;;;;;;;;;;;
2026/02/19;1900 UTC;;;;;;;;;;;;;;;;;;
2026/02/19;2000 UTC;;;;;;;;;;;;;;;;;;
2026/02/19;2100 UTC;;;;;;;;;;;;;;;;;;
2026/02/19;2200 UTC;;;;;;;;;;;;;;;;;;
2026/02/19;2300 UTC;;;;;;;;;;;;;;;;;;
2026/02/20;0000 UTC;;;;;;;;;;;;;;;;;;
2026/02/20;0100 UTC;;;;;;;;;;;;;;;;;;
2026/02/20;0200 UTC;;;;;;;;;;;;;;;;;;
2026/02/20;0300 UTC;;;;;;;;;;;;;;;;;;
2026/02/20;0400 UTC;;;;;;;;;;;;;;;;;;
2026/02/20;0500 UTC;;;;;;;;;;;;;;;;;;
2026/02/20;0600 UTC;;;;;;;;;;;;;;;;;;
2026/02/20;0700 UTC;;;;;;;;;;;;;;;;;;
2026/02/20;0800 UTC;;;;;;;;;;;;;;;;;;
2026/02/20;0900 UTC;;;;;;;;;;;;;;;;;;
2026/02/20;1000 UTC;;;;;;;;;;;;;;;;;;
2026/02/20;1100 UTC;;;;;;;;;;;;;;;;;;
2026/02/20;1200 UTC;;;;;;;;;;;;;;;;;;
2026/02/20;1300 UTC;;;;;;;;;;;;;;;;;;
2026/02/20;1400 UTC;;;;;;;;;;;;;;;;;;
2026/02/20;1500 UTC;;;;;;;;;;;;;;;;;;
2026/02/20;1600 UTC;;;;;;;;;;;;;;;;;;
2026/02/20;1700 UTC;;;;;;;;;;;;;;;;;;
2026/02/20;1800 UTC;;;;;;;;;;;;;;;;;;
2026/02/20;1900 UTC;;;;;;;;;;;;;;;;;;
2026/02/20;2000 UTC;;;;;;;;;;;;;;;;;;
2026/02/20;2100 UTC;;;;;;;;;;;;;;;;;;
2026/02/20;2200 UTC;;;;;;;;;;;;;;;;;;
2026/02/20;2300 UTC;;;;;;;;;;;;;;;;;;
2026/02/21;0000 UTC;;;;;;;;;;;;;;;;;;
2026/02/21;0100 UTC;;;;;;;;;;;;;;;;;;
2026/02/21;0200 UTC;;;;;;;;;;;;;;;;;;
2026/02/21;0300 UTC;;;;;;;;;;;;;;;;;;
2026/02/21;0400 UTC;;;;;;;;;;;;;;;;;;
2026/02/21;0500 UTC;;;;;;;;;;;;;;;;;;
2026/02/21;0600 UTC;;;;;;;;;;;;;;;;;;
2026/02/21;0700 UTC;;;;;;;;;;;;;;;;;;
2026/02/21;0800 UTC;;;;;;;;;;;;;;;;;;
2026/02/21;0900 UTC;;;;;;;;;;;;;;;;;;
2026/02/21;1000 UTC;;;;;;;;;;;;;;;;;;
2026/02/21;1100 UTC;;;;;;;;;;;;;;;;;;
2026/02/21;1200 UTC;;;;;;;;;;;;;;;;;;
2026/02/21;1300 UTC;;;;;;;;;;;;;;;;;;
2026/02/21;1400 UTC;;;;;;;;;;;;;;;;;;
2026/02/21;1500 UTC;;;;;;;;;;;;;;;;;;
2026/02/21;1600 UTC;;;;;;;;;;;;;;;;;;
2026/02/21;1700 UTC;;;;;;;;;;;;;;;;;;
2026/02/21;1800 UTC;;;;;;;;;;;;;;;;;;
2026/02/21;1900 UTC;;;;;;;;;;;;;;;;;;
2026/02/21;2000 UTC;;;;;;;;;;;;;;;;;;
2026/02/21;2100 UTC;;;;;;;;;;;;;;;;;;
2026/02/21;2200 UTC;;;;;;;;;;;;;;;;;;
2026/02/21;2300 UTC;;;;;;;;;;;;;;;;;;
2026/02/22;0000 UTC;;;;;;;;;;;;;;;;;;
2026/02/22;0100 UTC;;;;;;;;;;;;;;;;;;
2026/02/22;0200 UTC;;;;;;;;;;;;;;;;;;
2026/02/22;0300 UTC;;;;;;;;;;;;;;;;;;
2026/02/22;0400 UTC;;;;;;;;;;;;;;;;;;
2026/02/22;0500 UTC;;;;;;;;;;;;;;;;;;
2026/02/22;0600 UTC;;;;;;;;;;;;;;;;;;
2026/02/22;0700 UTC;;;;;;;;;;;;;;;;;;
2026/02/22;0800 UTC;;;;;;;;;;;;;;;;;;
2026/02/22;0900 UTC;;;;;;;;;;;;;;;;;;
2026/02/22;1000 UTC;;;;;;;;;;;;;;;;;;
2026/02/22;1100 UTC;;;;;;;;;;;;;;;;;;
2026/02/22;1200 UTC;;;;;;;;;;;;;;;;;;
2026/02/22;1300 UTC;;;;;;;;;;;;;;;;;;
2026/02/22;1400 UTC;;;;;;;;;;;;;;;;;;
2026/02/22;1500 UTC;;;;;;;;;;;;;;;;;;
2026/02/22;1600 UTC;;;;;;;;;;;;;;;;;;
2026/02/22;1700 UTC;;;;;;;;;;;;;;;;;;
2026/02/22;1800 UTC;;;;;;;;;;;;;;;;;;
2026/02/22;1900 UTC;;;;;;;;;;;;;;;;;;
2026/02/22;2000 UTC;;;;;;;;;;;;;;;;;;
2026/02/22;2100 UTC;;;;;;;;;;;;;;;;;;
2026/02/22;2200 UTC;;;;;;;;;;;;;;;;;;
2026/02/22;2300 UTC;;;;;;;;;;;;;;;;;;
2026/02/23;0000 UTC;;;;;;;;;;;;;;;;;;
2026/02/23;0100 UTC;;;;;;;;;;;;;;;;;;
2026/02/23;0200 UTC;;;;;;;;;;;;;;;;;;
2026/02/23;0300 UTC;;;;;;;;;;;;;;;;;;
2026/02/23;0400 UTC;;;;;;;;;;;;;;;;;;
2026/02/23;0500 UTC;;;;;;;;;;;;;;;;;;
2026/02/23;0600 UTC;;;;;;;;;;;;;;;;;;
2026/02/23;0700 UTC;;;;;;;;;;;;;;;;;;
2026/02/23;0800 UTC;;;;;;;;;;;;;;;;;;
2026/02/23;0900 UTC;;;;;;;;;;;;;;;;;;
2026/02/23;1000 UTC;;;;;;;;;;;;;;;;;;
2026/02/23;1100 UTC;;;;;;;;;;;;;;;;;;
2026/02/23;1200 UTC;;;;;;;;;;;;;;;;;;
2026/02/23;1300 UTC;;;;;;;;;;;;;;;;;;
2026/02/23;1400 UTC;;;;;;;;;;;;;;;;;;
2026/02/23;1500 UTC;;;;;;;;;;;;;;;;;;
2026/02/23;1600 UTC;;;;;;;;;;;;;;;;;;
2026/02/23;1700 UTC;;;;;;;;;;;;;;;;;;
2026/02/23;1800 UTC;;;;;;;;;;;;;;;;;;
2026/02/23;1900 UTC;;;;;;;;;;;;;;;;;;
2026/02/23;2000 UTC;;;;;;;;;;;;;;;;;;
2026/02/23;2100 UTC;;;;;;;;;;;;;;;;;;
2026/02/23;2200 UTC;;;;;;;;;;;;;;;;;;
2026/02/23;2300 UTC;;;;;;;;;;;;;;;;;;
2026/02/24;0000 UTC;;;;;;;;;;;;;;;;;;
2026/02/24;0100 UTC;;;;;;;;;;;;;;;;;;
2026/02/24;0200 UTC;;;;;;;;;;;;;;;;;;
2026/02/24;0300 UTC;;;;;;;;;;;;;;;;;;
2026/02/24;0400 UTC;;;;;;;;;;;;;;;;;;
2026/02/24;0500 UTC;;;;;;;;;;;;;;;;;;
2026/02/24;0600 UTC;;;;;;;;;;;;;;;;;;
2026/02/24;0700 UTC;;;;;;;;;;;;;;;;;;
2026/02/24;0800 UTC;;;;;;;;;;;;;;;;;;
2026/02/24;0900 UTC;;;;;;;;;;;;;;;;;;
2026/02/24;1000 UTC;;;;;;;;;;;;;;;;;;
2026/02/24;1100 UTC;;;;;;;;;;;;;;;;;;
2026/02/24;1200 UTC;;;;;;;;;;;;;;;;;;
2026/02/24;1300 UTC;;;;;;;;;;;;;;;;;;
2026/02/24;1400 UTC;;;;;;;;;;;;;;;;;;
2026/02/24;1500 UTC;;;;;;;;;;;;;;;;;;
2026/02/24;1600 UTC;;;;;;;;;;;;;;;;;;
2026/02/24;1700 UTC;;;;;;;;;;;;;;;;;;
2026/02/24;1800 UTC;;;;;;;;;;;;;;;;;;
2026/02/24;1900 UTC;;;;;;;;;;;;;;;;;;
2026/02/24;2000 UTC;;;;;;;;;;;;;;;;;;
2026/02/24;2100 UTC;;;;;;;;;;;;;;;;;;
2026/02/24;2200 UTC;;;;;;;;;;;;;;;;;;
2026/02/24;2300 UTC;;;;;;;;;;;;;;;;;;
2026/02/25;0000 UTC;;;;;;;;;;;;;;;;;;
2026/02/25;0100 UTC;;;;;;;;;;;;;;;;;;
2026/02/25;0200 UTC;;;;;;;;;;;;;;;;;;
2026/02/25;0300 UTC;;;;;;;;;;;;;;;;;;
2026/02/25;0400 UTC;;;;;;;;;;;;;;;;;;
2026/02/25;0500 UTC;;;;;;;;;;;;;;;;;;
2026/02/25;0600 UTC;;;;;;;;;;;;;;;;;;
2026/02/25;0700 UTC;;;;;;;;;;;;;;;;;;
2026/02/25;0800 UTC;;;;;;;;;;;;;;;;;;
2026/02/25;0900 UTC;;;;;;;;;;;;;;;;;;
2026/02/25;1000 UTC;;;;;;;;;;;;;;;;;;
2026/02/25;1100 UTC;;;;;;;;;;;;;;;;;;
2026/02/25;1200 UTC;;;;;;;;;;;;;;;;;;
2026/02/25;1300 UTC;;;;;;;;;;;;;;;;;;
2026/02/25;1400 UTC;;;;;;;;;;;;;;;;;;
2026/02/25;1500 UTC;;;;;;;;;;;;;;;;;;
2026/02/25;1600 UTC;;;;;;;;;;;;;;;;;;
2026/02/25;1700 UTC;;;;;;;;;;;;;;;;;;
2026/02/25;1800 UTC;;;;;;;;;;;;;;;;;;
2026/02/25;1900 UTC;;;;;;;;;;;;;;;;;;
2026/02/25;2000 UTC;;;;;;;;;;;;;;;;;;
2026/02/25;2100 UTC;;;;;;;;;;;;;;;;;;
2026/02/25;2200 UTC;;;;;;;;;;;;;;;;;;
2026/02/25;2300 UTC;;;;;;;;;;;;;;;;;;
2026/02/26;0000 UTC;;;;;;;;;;;;;;;;;;
2026/02/26;0100 UTC;;;;;;;;;;;;;;;;;;
2026/02/26;0200 UTC;;;;;;;;;;;;;;;;;;
2026/02/26;0300 UTC;;;;;;;;;;;;;;;;;;
2026/02/26;0400 UTC;;;;;;;;;;;;;;;;;;
2026/02/26;0500 UTC;;;;;;;;;;;;;;;;;;
2026/02/26;0600 UTC;;;;;;;;;;;;;;;;;;
2026/02/26;0700 UTC;;;;;;;;;;;;;;;;;;
2026/02/26;0800 UTC;;;;;;;;;;;;;;;;;;
2026/02/26;0900 UTC;;;;;;;;;;;;;;;;;;
2026/02/26;1000 UTC;;;;;;;;;;;;;;;;;;
2026/02/26;1100 UTC;;;;;;;;;;;;;;;;;;
2026/02/26;1200 UTC;;;;;;;;;;;;;;;;;;
2026/02/26;1300 UTC;;;;;;;;;;;;;;;;;;
2026/02/26;1400 UTC;;;;;;;;;;;;;;;;;;
2026/02/26;1500 UTC;;;;;;;;;;;;;;;;;;
2026/02/26;1600 UTC;;;;;;;;;;;;;;;;;;
2026/02/26;1700 UTC;;;;;;;;;;;;;;;;;;
2026/02/26;1800 UTC;;;;;;;;;;;;;;;;;;
2026/02/26;1900 UTC;;;;;;;;;;;;;;;;;;
2026/02/26;2000 UTC;;;;;;;;;;;;;;;;;;
2026/02/26;2100 UTC;;;;;;;;;;;;;;;;;;
2026/02/26;2200 UTC;;;;;;;;;;;;;;;;;;
2026/02/26;2300 UTC;;;;;;;;;;;;;;;;;;
2026/02/27;0000 UTC;;;;;;;;;;;;;;;;;;
2026/02/27;0100 UTC;;;;;;;;;;;;;;;;;;
2026/02/27;0200 UTC;;;;;;;;;;;;;;;;;;
2026/02/27;0300 UTC;;;;;;;;;;;;;;;;;;
2026/02/27;0400 UTC;;;;;;;;;;;;;;;;;;
2026/02/27;0500 UTC;;;;;;;;;;;;;;;;;;
2026/02/27;0600 UTC;;;;;;;;;;;;;;;;;;
2026/02/27;0700 UTC;;;;;;;;;;;;;;;;;;
2026/02/27;0800 UTC;;;;;;;;;;;;;;;;;;
2026/02/27;0900 UTC;;;;;;;;;;;;;;;;;;
2026/02/27;1000 UTC;;;;;;;;;;;;;;;;;;
2026/02/27;1100 UTC;;;;;;;;;;;;;;;;;;
2026/02/27;1200 UTC;;;;;;;;;;;;;;;;;;
2026/02/27;1300 UTC;;;;;;;;;;;;;;;;;;
2026/02/27;1400 UTC;;;;;;;;;;;;;;;;;;
2026/02/27;1500 UTC;;;;;;;;;;;;;;;;;;
2026/02/27;1600 UTC;;;;;;;;;;;;;;;;;;
2026/02/27;1700 UTC;;;;;;;;;;;;;;;;;;
2026/02/27;1800 UTC;;;;;;;;;;;;;;;;;;
2026/02/27;1900 UTC;;;;;;;;;;;;;;;;;;
2026/02/27;2000 UTC;;;;;;;;;;;;;;;;;;
2026/02/27;2100 UTC;;;;;;;;;;;;;;;;;;
2026/02/27;2200 UTC;;;;;;;;;;;;;;;;;;
2026/02/27;2300 UTC;;;;;;;;;;;;;;;;;;
2026/02/28;0000 UTC;;;;;;;;;;;;;;;;;;
2026/02/28;0100 UTC;;;;;;;;;;;;;;;;;;
2026/02/28;0200 UTC;;;;;;;;;;;;;;;;;;
2026/02/28;0300 UTC;;;;;;;;;;;;;;;;;;
2026/02/28;0400 UTC;;;;;;;;;;;;;;;;;;
2026/02/28;0500 UTC;;;;;;;;;;;;;;;;;;
2026/02/28;0600 UTC;;;;;;;;;;;;;;;;;;
2026/02/28;0700 UTC;;;;;;;;;;;;;;;;;;
2026/02/28;0800 UTC;;;;;;;;;;;;;;;;;;
2026/02/28;0900 UTC;;;;;;;;;;;;;;;;;;
2026/02/28;1000 UTC;;;;;;;;;;;;;;;;;;
2026/02/28;1100 UTC;;;;;;;;;;;;;;;;;;
2026/02/28;1200 UTC;;;;;;;;;;;;;;;;;;
2026/02/28;1300 UTC;;;;;;;;;;;;;;;;;;
2026/02/28;1400 UTC;;;;;;;;;;;;;;;;;;
2026/02/28;1500 UTC;;;;;;;;;;;;;;;;;;
2026/02/28;1600 UTC;;;;;;;;;;;;;;;;;;
2026/02/28;1700 UTC;;;;;;;;;;;;;;;;;;
2026/02/28;1800 UTC;;;;;;;;;;;;;;;;;;
2026/02/28;1900 UTC;;;;;;;;;;;;;;;;;;
2026/02/28;2000 UTC;;;;;;;;;;;;;;;;;;
2026/02/28;2100 UTC;;;;;;;;;;;;;;;;;;
2026/02/28;2200 UTC;;;;;;;;;;;;;;;;;;
2026/02/28;2300 UTC;;;;;;;;;;;;;;;;;;
2026/03/01;0000 UTC;;;;;;;;;;;;;;;;;;
2026/03/01;0100 UTC;;;;;;;;;;;;;;;;;;
2026/03/01;0200 UTC;;;;;;;;;;;;;;;;;;
2026/03/01;0300 UTC;;;;;;;;;;;;;;;;;;
2026/03/01;0400 UTC;;;;;;;;;;;;;;;;;;
2026/03/01;0500 UTC;;;;;;;;;;;;;;;;;;
2026/03/01;0600 UTC;;;;;;;;;;;;;;;;;;
2026/03/01;0700 UTC;;;;;;;;;;;;;;;;;;
2026/03/01;0800 UTC;;;;;;;;;;;;;;;;;;
2026/03/01;0900 UTC;;;;;;;;;;;;;;;;;;
2026/03/01;1000 UTC;;;;;;;;;;;;;;;;;;
2026/03/01;1100 UTC;;;;;;;;;;;;;;;;;;
2026/03/01;1200 UTC;;;;;;;;;;;;;;;;;;
2026/03/01;1300 UTC;;;;;;;;;;;;;;;;;;
2026/03/01;1400 UTC;;;;;;;;;;;;;;;;;;
2026/03/01;1500 UTC;;;;;;;;;;;;;;;;;;
2026/03/01;1600 UTC;;;;;;;;;;;;;;;;;;
2026/03/01;1700 UTC;;;;;;;;;;;;;;;;;;
2026/03/01;1800 UTC;;;;;;;;;;;;;;;;;;
2026/03/01;1900 UTC;;;;;;;;;;;;;;;;;;
2026/03/01;2000 UTC;;;;;;;;;;;;;;;;;;
2026/03/01;2100 UTC;;;;;;;;;;;;;;;;;;
2026/03/01;2200 UTC;;;;;;;;;;;;;;;;;;
2026/03/01;2300 UTC;;;;;;;;;;;;;;;;;;
2026/03/02;0000 UTC;;;;;;;;;;;;;;;;;;
2026/03/02;0100 UTC;;;;;;;;;;;;;;;;;;
2026/03/02;0200 UTC;;;;;;;;;;;;;;;;;;
2026/03/02;0300 UTC;;;;;;;;;;;;;;;;;;
2026/03/02;0400 UTC;;;;;;;;;;;;;;;;;;
2026/03/02;0500 UTC;;;;;;;;;;;;;;;;;;
2026/03/02;0600 UTC;;;;;;;;;;;;;;;;;;
2026/03/02;0700 UTC;;;;;;;;;;;;;;;;;;
2026/03/02;0800 UTC;;;;;;;;;;;;;;;;;;
2026/03/02;0900 UTC;;;;;;;;;;;;;;;;;;
2026/03/02;1000 UTC;;;;;;;;;;;;;;;;;;
2026/03/02;1100 UTC;;;;;;;;;;;;;;;;;;
2026/03/02;1200 UTC;;;;;;;;;;;;;;;;;;
2026/03/02;1300 UTC;;;;;;;;;;;;;;;;;;
2026/03/02;1400 UTC;;;;;;;;;;;;;;;;;;
2026/03/02;1500 UTC;;;;;;;;;;;;;;;;;;
2026/03/02;1600 UTC;;;;;;;;;;;;;;;;;;
2026/03/02;1700 UTC;;;;;;;;;;;;;;;;;;
2026/03/02;1800 UTC;;;;;;;;;;;;;;;;;;
2026/03/02;1900 UTC;;;;;;;;;;;;;;;;;;
2026/03/02;2000 UTC;;;;;;;;;;;;;;;;;;
2026/03/02;2100 UTC;;;;;;;;;;;;;;;;;;
2026/03/02;2200 UTC;;;;;;;;;;;;;;;;;;
2026/03/02;2300 UTC;;;;;;;;;;;;;;;;;;
2026/03/03;0000 UTC;;;;;;;;;;;;;;;;;;
2026/03/03;0100 UTC;;;;;;;;;;;;;;;;;;
2026/03/03;0200 UTC;;;;;;;;;;;;;;;;;;
2026/03/03;0300 UTC;;;;;;;;;;;;;;;;;;
2026/03/03;0400 UTC;;;;;;;;;;;;;;;;;;
2026/03/03;0500 UTC;;;;;;;;;;;;;;;;;;
2026/03/03;0600 UTC;;;;;;;;;;;;;;;;;;
2026/03/03;0700 UTC;;;;;;;;;;;;;;;;;;
2026/03/03;0800 UTC;;;;;;;;;;;;;;;;;;
2026/03/03;0900 UTC;;;;;;;;;;;;;;;;;;
2026/03/03;1000 UTC;;;;;;;;;;;;;;;;;;
2026/03/03;1100 UTC;;;;;;;;;;;;;;;;;;
2026/03/03;1200 UTC;;;;;;;;;;;;;;;;;;
2026/03/03;1300 UTC;;;;;;;;;;;;;;;;;;
2026/03/03;1400 UTC;;;;;;;;;;;;;;;;;;
2026/03/03;1500 UTC;;;;;;;;;;;;;;;;;;
2026/03/03;1600 UTC;;;;;;;;;;;;;;;;;;
2026/03/03;1700 UTC;;;;;;;;;;;;;;;;;;
2026/03/03;1800 UTC;;;;;;;;;;;;;;;;;;
2026/03/03;1900 UTC;;;;;;;;;;;;;;;;;;
2026/03/03;2000 UTC;;;;;;;;;;;;;;;;;;
2026/03/03;2100 UTC;;;;;;;;;;;;;;;;;;
2026/03/03;2200 UTC;;;;;;;;;;;;;;;;;;
2026/03/03;2300 UTC;;;;;;;;;;;;;;;;;;
2026/03/04;0000 UTC;;;;;;;;;;;;;;;;;;
2026/03/04;0100 UTC;;;;;;;;;;;;;;;;;;
2026/03/04;0200 UTC;;;;;;;;;;;;;;;;;;
2026/03/04;0300 UTC;;;;;;;;;;;;;;;;;;
2026/03/04;0400 UTC;;;;;;;;;;;;;;;;;;
2026/03/04;0500 UTC;;;;;;;;;;;;;;;;;;
2026/03/04;0600 UTC;;;;;;;;;;;;;;;;;;
2026/03/04;0700 UTC;;;;;;;;;;;;;;;;;;
2026/03/04;0800 UTC;;;;;;;;;;;;;;;;;;
2026/03/04;0900 UTC;;;;;;;;;;;;;;;;;;
2026/03/04;1000 UTC;;;;;;;;;;;;;;;;;;
2026/03/04;1100 UTC;;;;;;;;;;;;;;;;;;
2026/03/04;1200 UTC;;;;;;;;;;;;;;;;;;
2026/03/04;1300 UTC;;;;;;;;;;;;;;;;;;
2026/03/04;1400 UTC;;;;;;;;;;;;;;;;;;
2026/03/04;1500 UTC;;;;;;;;;;;;;;;;;;
2026/03/04;1600 UTC;;;;;;;;;;;;;;;;;;
2026/03/04;1700 UTC;;;;;;;;;;;;;;;;;;
2026/03/04;1800 UTC;;;;;;;;;;;;;;;;;;
2026/03/04;1900 UTC;;;;;;;;;;;;;;;;;;
2026/03/04;2000 UTC;;;;;;;;;;;;;;;;;;
2026/03/04;2100 UTC;;;;;;;;;;;;;;;;;;
2026/03/04;2200 UTC;;;;;;;;;;;;;;;;;;
2026/03/04;2300 UTC;;;;;;;;;;;;;;;;;;
2026/03/05;0000 UTC;;;;;;;;;;;;;;;;;;
2026/03/05;0100 UTC;;;;;;;;;;;;;;;;;;
2026/03/05;0200 UTC;;;;;;;;;;;;;;;;;;
2026/03/05;0300 UTC;;;;;;;;;;;;;;;;;;
2026/03/05;0400 UTC;;;;;;;;;;;;;;;;;;
2026/03/05;0500 UTC;;;;;;;;;;;;;;;;;;
2026/03/05;0600 UTC;;;;;;;;;;;;;;;;;;
2026/03/05;0700 UTC;;;;;;;;;;;;;;;;;;
2026/03/05;0800 UTC;;;;;;;;;;;;;;;;;;
2026/03/05;0900 UTC;;;;;;;;;;;;;;;;;;
2026/03/05;1000 UTC;;;;;;;;;;;;;;;;;;
2026/03/05;1100 UTC;;;;;;;;;;;;;;;;;;
2026/03/05;1200 UTC;;;;;;;;;;;;;;;;;;
2026/03/05;1300 UTC;;;;;;;;;;;;;;;;;;
2026/03/05;1400 UTC;;;;;;;;;;;;;;;;;;
2026/03/05;1500 UTC;;;;;;;;;;;;;;;;;;
2026/03/05;1600 UTC;;;;;;;;;;;;;;;;;;
2026/03/05;1700 UTC;;;;;;;;;;;;;;;;;;
2026/03/05;1800 UTC;;;;;;;;;;;;;;;;;;
2026/03/05;1900 UTC;;;;;;;;;;;;;;;;;;
2026/03/05;2000 UTC;;;;;;;;;;;;;;;;;;
2026/03/05;2100 UTC;;;;;;;;;;;;;;;;;;
2026/03/05;2200 UTC;;;;;;;;;;;;;;;;;;
2026/03/05;2300 UTC;;;;;;;;;;;;;;;;;;
2026/03/06;0000 UTC;;;;;;;;;;;;;;;;;;
2026/03/06;0100 UTC;;;;;;;;;;;;;;;;;;
2026/03/06;0200 UTC;;;;;;;;;;;;;;;;;;
2026/03/06;0300 UTC;;;;;;;;;;;;;;;;;;
2026/03/06;0400 UTC;;;;;;;;;;;;;;;;;;
2026/03/06;0500 UTC;;;;;;;;;;;;;;;;;;
2026/03/06;0600 UTC;;;;;;;;;;;;;;;;;;
2026/03/06;0700 UTC;;;;;;;;;;;;;;;;;;
2026/03/06;0800 UTC;;;;;;;;;;;;;;;;;;
2026/03/06;0900 UTC;;;;;;;;;;;;;;;;;;
2026/03/06;1000 UTC;;;;;;;;;;;;;;;;;;
2026/03/06;1100 UTC;;;;;;;;;;;;;;;;;;
2026/03/06;1200 UTC;;;;;;;;;;;;;;;;;;
2026/03/06;1300 UTC;;;;;;;;;;;;;;;;;;
2026/03/06;1400 UTC;;;;;;;;;;;;;;;;;;
2026/03/06;1500 UTC;;;;;;;;;;;;;;;;;;
2026/03/06;1600 UTC;;;;;;;;;;;;;;;;;;
2026/03/06;1700 UTC;;;;;;;;;;;;;;;;;;
2026/03/06;1800 UTC;;;;;;;;;;;;;;;;;;
2026/03/06;1900 UTC;;;;;;;;;;;;;;;;;;
2026/03/06;2000 UTC;;;;;;;;;;;;;;;;;;
2026/03/06;2100 UTC;;;;;;;;;;;;;;;;;;
2026/03/06;2200 UTC;;;;;;;;;;;;;;;;;;
2026/03/06;2300 UTC;;;;;;;;;;;;;;;;;;
2026/03/07;0000 UTC;;;;;;;;;;;;;;;;;;
2026/03/07;0100 UTC;;;;;;;;;;;;;;;;;;
2026/03/07;0200 UTC;;;;;;;;;;;;;;;;;;
2026/03/07;0300 UTC;;;;;;;;;;;;;;;;;;
2026/03/07;0400 UTC;;;;;;;;;;;;;;;;;;
2026/03/07;0500 UTC;;;;;;;;;;;;;;;;;;
2026/03/07;0600 UTC;;;;;;;;;;;;;;;;;;
2026/03/07;0700 UTC;;;;;;;;;;;;;;;;;;
2026/03/07;0800 UTC;;;;;;;;;;;;;;;;;;
2026/03/07;0900 UTC;;;;;;;;;;;;;;;;;;
2026/03/07;1000 UTC;;;;;;;;;;;;;;;;;;
2026/03/07;1100 UTC;;;;;;;;;;;;;;;;;;
2026/03/07;1200 UTC;;;;;;;;;;;;;;;;;;
2026/03/07;1300 UTC;;;;;;;;;;;;;;;;;;
2026/03/07;1400 UTC;;;;;;;;;;;;;;;;;;
2026/03/07;1500 UTC;;;;;;;;;;;;;;;;;;
2026/03/07;1600 UTC;;;;;;;;;;;;;;;;;;
2026/03/07;1700 UTC;;;;;;;;;;;;;;;;;;
2026/03/07;1800 UTC;;;;;;;;;;;;;;;;;;
2026/03/07;1900 UTC;;;;;;;;;;;;;;;;;;
2026/03/07;2000 UTC;;;;;;;;;;;;;;;;;;
2026/03/07;2100 UTC;;;;;;;;;;;;;;;;;;
2026/03/07;2200 UTC;;;;;;;;;;;;;;;;;;
2026/03/07;2300 UTC;;;;;;;;;;;;;;;;;;
2026/03/08;0000 UTC;;;;;;;;;;;;;;;;;;
2026/03/08;0100 UTC;;;;;;;;;;;;;;;;;;
2026/03/08;0200 UTC;;;;;;;;;;;;;;;;;;
2026/03/08;0300 UTC;;;;;;;;;;;;;;;;;;
2026/03/08;0400 UTC;;;;;;;;;;;;;;;;;;
2026/03/08;0500 UTC;;;;;;;;;;;;;;;;;;
2026/03/08;0600 UTC;;;;;;;;;;;;;;;;;;
2026/03/08;0700 UTC;;;;;;;;;;;;;;;;;;
2026/03/08;0800 UTC;;;;;;;;;;;;;;;;;;
2026/03/08;0900 UTC;;;;;;;;;;;;;;;;;;
2026/03/08;1000 UTC;;;;;;;;;;;;;;;;;;
2026/03/08;1100 UTC;;;;;;;;;;;;;;;;;;
2026/03/08;1200 UTC;;;;;;;;;;;;;;;;;;
2026/03/08;1300 UTC;;;;;;;;;;;;;;;;;;
2026/03/08;1400 UTC;;;;;;;;;;;;;;;;;;
2026/03/08;1500 UTC;;;;;;;;;;;;;;;;;;
2026/03/08;1600 UTC;;;;;;;;;;;;;;;;;;
2026/03/08;1700 UTC;;;;;;;;;;;;;;;;;;
2026/03/08;1800 UTC;;;;;;;;;;;;;;;;;;
2026/03/08;1900 UTC;;;;;;;;;;;;;;;;;;
2026/03/08;2000 UTC;;;;;;;;;;;;;;;;;;
2026/03/08;2100 UTC;;;;;;;;;;;;;;;;;;
2026/03/08;2200 UTC;;;;;;;;;;;;;;;;;;
2026/03/08;2300 UTC;;;;;;;;;;;;;;;;;;
2026/03/09;0000 UTC;;;;;;;;;;;;;;;;;;
2026/03/09;0100 UTC;;;;;;;;;;;;;;;;;;
2026/03/09;0200 UTC;;;;;;;;;;;;;;;;;;
2026/03/09;0300 UTC;;;;;;;;;;;;;;;;;;
2026/03/09;0400 UTC;;;;;;;;;;;;;;;;;;
2026/03/09;0500 UTC;;;;;;;;;;;;;;;;;;
2026/03/09;0600 UTC;;;;;;;;;;;;;;;;;;
2026/03/09;0700 UTC;;;;;;;;;;;;;;;;;;
2026/03/09;0800 UTC;;;;;;;;;;;;;;;;;;
2026/03/09;0900 UTC;;;;;;;;;;;;;;;;;;
2026/03/09;1000 UTC;;;;;;;;;;;;;;;;;;
2026/03/09;1100 UTC;;;;;;;;;;;;;;;;;;
2026/03/09;1200 UTC;;;;;;;;;;;;;;;;;;
2026/03/09;1300 UTC;;;;;;;;;;;;;;;;;;
2026/03/09;1400 UTC;;;;;;;;;;;;;;;;;;
2026/03/09;1500 UTC;;;;;;;;;;;;;;;;;;
2026/03/09;1600 UTC;;;;;;;;;;;;;;;;;;
2026/03/09;1700 UTC;;;;;;;;;;;;;;;;;;
2026/03/09;1800 UTC;;;;;;;;;;;;;;;;;;
2026/03/09;1900 UTC;;;;;;;;;;;;;;;;;;
2026/03/09;2000 UTC;;;;;;;;;;;;;;;;;;
2026/03/09;2100 UTC;;;;;;;;;;;;;;;;;;
2026/03/09;2200 UTC;;;;;;;;;;;;;;;;;;
2026/03/09;2300 UTC;;;;;;;;;;;;;;;;;;
2026/03/10;0000 UTC;;;;;;;;;;;;;;;;;;
2026/03/10;0100 UTC;;;;;;;;;;;;;;;;;;
2026/03/10;0200 UTC;;;;;;;;;;;;;;;;;;
2026/03/10;0300 UTC;;;;;;;;;;;;;;;;;;
2026/03/10;0400 UTC;;;;;;;;;;;;;;;;;;
2026/03/10;0500 UTC;;;;;;;;;;;;;;;;;;
2026/03/10;0600 UTC;;;;;;;;;;;;;;;;;;
2026/03/10;0700 UTC;;;;;;;;;;;;;;;;;;
2026/03/10;0800 UTC;;;;;;;;;;;;;;;;;;
2026/03/10;0900 UTC;;;;;;;;;;;;;;;;;;
2026/03/10;1000 UTC;;;;;;;;;;;;;;;;;;
2026/03/10;1100 UTC;;;;;;;;;;;;;;;;;;
2026/03/10;1200 UTC;;;;;;;;;;;;;;;;;;
2026/03/10;1300 UTC;;;;;;;;;;;;;;;;;;
2026/03/10;1400 UTC;;;;;;;;;;;;;;;;;;
2026/03/10;1500 UTC;;;;;;;;;;;;;;;;;;
2026/03/10;1600 UTC;;;;;;;;;;;;;;;;;;
2026/03/10;1700 UTC;;;;;;;;;;;;;;;;;;
2026/03/10;1800 UTC;;;;;;;;;;;;;;;;;;
2026/03/10;1900 UTC;;;;;;;;;;;;;;;;;;
2026/03/10;2000 UTC;;;;;;;;;;;;;;;;;;
2026/03/10;2100 UTC;;;;;;;;;;;;;;;;;;
2026/03/10;2200 UTC;;;;;;;;;;;;;;;;;;
2026/03/10;2300 UTC;;;;;;;;;;;;;;;;;;
2026/03/11;0000 UTC;;;;;;;;;;;;;;;;;;
2026/03/11;0100 UTC;;;;;;;;;;;;;;;;;;
2026/03/11;0200 UTC;;;;;;;;;;;;;;;;;;
2026/03/11;0300 UTC;;;;;;;;;;;;;;;;;;
2026/03/11;0400 UTC;;;;;;;;;;;;;;;;;;
2026/03/11;0500 UTC;;;;;;;;;;;;;;;;;;
2026/03/11;0600 UTC;;;;;;;;;;;;;;;;;;
2026/03/11;0700 UTC;;;;;;;;;;;;;;;;;;
2026/03/11;0800 UTC;;;;;;;;;;;;;;;;;;
2026/03/11;0900 UTC;;;;;;;;;;;;;;;;;;
2026/03/11;1000 UTC;;;;;;;;;;;;;;;;;;
2026/03/11;1100 UTC;;;;;;;;;;;;;;;;;;
2026/03/11;1200 UTC;;;;;;;;;;;;;;;;;;
2026/03/11;1300 UTC;;;;;;;;;;;;;;;;;;
2026/03/11;1400 UTC;;;;;;;;;;;;;;;;;;
2026/03/11;1500 UTC;;;;;;;;;;;;;;;;;;
2026/03/11;1600 UTC;;;;;;;;;;;;;;;;;;
2026/03/11;1700 UTC;;;;;;;;;;;;;;;;;;
2026/03/11;1800 UTC;;;;;;;;;;;;;;;;;;
2026/03/11;1900 UTC;;;;;;;;;;;;;;;;;;
2026/03/11;2000 UTC;;;;;;;;;;;;;;;;;;
2026/03/11;2100 UTC;;;;;;;;;;;;;;;;;;
2026/03/11;2200 UTC;;;;;;;;;;;;;;;;;;
2026/03/11;2300 UTC;;;;;;;;;;;;;;;;;;
2026/03/12;0000 UTC;;;;;;;;;;;;;;;;;;
2026/03/12;0100 UTC;;;;;;;;;;;;;;;;;;
2026/03/12;0200 UTC;;;;;;;;;;;;;;;;;;
2026/03/12;0300 UTC;;;;;;;;;;;;;;;;;;
2026/03/12;0400 UTC;;;;;;;;;;;;;;;;;;
2026/03/12;0500 UTC;;;;;;;;;;;;;;;;;;
2026/03/12;0600 UTC;;;;;;;;;;;;;;;;;;
2026/03/12;0700 UTC;;;;;;;;;;;;;;;;;;
2026/03/12;0800 UTC;;;;;;;;;;;;;;;;;;
2026/03/12;0900 UTC;;;;;;;;;;;;;;;;;;
2026/03/12;1000 UTC;;;;;;;;;;;;;;;;;;
2026/03/12;1100 UTC;;;;;;;;;;;;;;;;;;
2026/03/12;1200 UTC;;;;;;;;;;;;;;;;;;
2026/03/12;1300 UTC;;;;;;;;;;;;;;;;;;
2026/03/12;1400 UTC;;;;;;;;;;;;;;;;;;
2026/03/12;1500 UTC;;;;;;;;;;;;;;;;;;
2026/03/12;1600 UTC;;;;;;;;;;;;;;;;;;
2026/03/12;1700 UTC;;;;;;;;;;;;;;;;;;
2026/03/12;1800 UTC;;;;;;;;;;;;;;;;;;
2026/03/12;1900 UTC;;;;;;;;;;;;;;;;;;
2026/03/12;2000 UTC;;;;;;;;;;;;;;;;;;
2026/03/12;2100 UTC;;;;;;;;;;;;;;;;;;
2026/03/12;2200 UTC;;;;;;;;;;;;;;;;;;
2026/03/12;2300 UTC;;;;;;;;;;;;;;;;;;
2026/03/13;0000 UTC;;;;;;;;;;;;;;;;;;
2026/03/13;0100 UTC;;;;;;;;;;;;;;;;;;
2026/03/13;0200 UTC;;;;;;;;;;;;;;;;;;
2026/03/13;0300 UTC;;;;;;;;;;;;;;;;;;
2026/03/13;0400 UTC;;;;;;;;;;;;;;;;;;
2026/03/13;0500 UTC;;;;;;;;;;;;;;;;;;
2026/03/13;0600 UTC;;;;;;;;;;;;;;;;;;
2026/03/13;0700 UTC;;;;;;;;;;;;;;;;;;
2026/03/13;0800 UTC;;;;;;;;;;;;;;;;;;
2026/03/13;0900 UTC;;;;;;;;;;;;;;;;;;
2026/03/13;1000 UTC;;;;;;;;;;;;;;;;;;
2026/03/13;1100 UTC;;;;;;;;;;;;;;;;;;
2026/03/13;1200 UTC;;;;;;;;;;;;;;;;;;
2026/03/13;1300 UTC;;;;;;;;;;;;;;;;;;
2026/03/13;1400 UTC;;;;;;;;;;;;;;;;;;
2026/03/13;1500 UTC;;;;;;;;;;;;;;;;;;
2026/03/13;1600 UTC;;;;;;;;;;;;;;;;;;
2026/03/13;1700 UTC;;;;;;;;;;;;;;;;;;
2026/03/13;1800 UTC;;;;;;;;;;;;;;;;;;
2026/03/13;1900 UTC;;;;;;;;;;;;;;;;;;
2026/03/13;2000 UTC;;;;;;;;;;;;;;;;;;
2026/03/13;2100 UTC;;;;;;;;;;;;;;;;;;
2026/03/13;2200 UTC;;;;;;;;;;;;;;;;;;
2026/03/13;2300 UTC;;;;;;;;;;;;;;;;;;
2026/03/14;0000 UTC;;;;;;;;;;;;;;;;;;
2026/03/14;0100 UTC;;;;;;;;;;;;;;;;;;
2026/03/14;0200 UTC;;;;;;;;;;;;;;;;;;
2026/03/14;0300 UTC;;;;;;;;;;;;;;;;;;
2026/03/14;0400 UTC;;;;;;;;;;;;;;;;;;
2026/03/14;0500 UTC;;;;;;;;;;;;;;;;;;
2026/03/14;0600 UTC;;;;;;;;;;;;;;;;;;
2026/03/14;0700 UTC;;;;;;;;;;;;;;;;;;
2026/03/14;0800 UTC;;;;;;;;;;;;;;;;;;
2026/03/14;0900 UTC;;;;;;;;;;;;;;;;;;
2026/03/14;1000 UTC;;;;;;;;;;;;;;;;;;
2026/03/14;1100 UTC;;;;;;;;;;;;;;;;;;
2026/03/14;1200 UTC;;;;;;;;;;;;;;;;;;
2026/03/14;1300 UTC;;;;;;;;;;;;;;;;;;
2026/03/14;1400 UTC;;;;;;;;;;;;;;;;;;
2026/03/14;1500 UTC;;;;;;;;;;;;;;;;;;
2026/03/14;1600 UTC;;;;;;;;;;;;;;;;;;
2026/03/14;1700 UTC;;;;;;;;;;;;;;;;;;
2026/03/14;1800 UTC;;;;;;;;;;;;;;;;;;
2026/03/14;1900 UTC;;;;;;;;;;;;;;;;;;
2026/03/14;2000 UTC;;;;;;;;;;;;;;;;;;
2026/03/14;2100 UTC;;;;;;;;;;;;;;;;;;
2026/03/14;2200 UTC;;;;;;;;;;;;;;;;;;
2026/03/14;2300 UTC;;;;;;;;;;;;;;;;;;
2026/03/15;0000 UTC;;;;;;;;;;;;;;;;;;
2026/03/15;0100 UTC;;;;;;;;;;;;;;;;;;
2026/03/15;0200 UTC;;;;;;;;;;;;;;;;;;
2026/03/15;0300 UTC;;;;;;;;;;;;;;;;;;
2026/03/15;0400 UTC;;;;;;;;;;;;;;;;;;
2026/03/15;0500 UTC;;;;;;;;;;;;;;;;;;
2026/03/15;0600 UTC;;;;;;;;;;;;;;;;;;
2026/03/15;0700 UTC;;;;;;;;;;;;;;;;;;
2026/03/15;0800 UTC;;;;;;;;;;;;;;;;;;
2026/03/15;0900 UTC;;;;;;;;;;;;;;;;;;
2026/03/15;1000 UTC;;;;;;;;;;;;;;;;;;
2026/03/15;1100 UTC;;;;;;;;;;;;;;;;;;
2026/03/15;1200 UTC;;;;;;;;;;;;;;;;;;
2026/03/15;1300 UTC;;;;;;;;;;;;;;;;;;
2026/03/15;1400 UTC;;;;;;;;;;;;;;;;;;
2026/03/15;1500 UTC;;;;;;;;;;;;;;;;;;
2026/03/15;1600 UTC;;;;;;;;;;;;;;;;;;
2026/03/15;1700 UTC;;;;;;;;;;;;;;;;;;
2026/03/15;1800 UTC;;;;;;;;;;;;;;;;;;
2026/03/15;1900 UTC;;;;;;;;;;;;;;;;;;
2026/03/15;2000 UTC;;;;;;;;;;;;;;;;;;
2026/03/15;2100 UTC;;;;;;;;;;;;;;;;;;
2026/03/15;2200 UTC;;;;;;;;;;;;;;;;;;
2026/03/15;2300 UTC;;;;;;;;;;;;;;;;;;
2026/03/16;0000 UTC;;;;;;;;;;;;;;;;;;
2026/03/16;0100 UTC;;;;;;;;;;;;;;;;;;
2026/03/16;0200 UTC;;;;;;;;;;;;;;;;;;
2026/03/16;0300 UTC;;;;;;;;;;;;;;;;;;
2026/03/16;0400 UTC;;;;;;;;;;;;;;;;;;
2026/03/16;0500 UTC;;;;;;;;;;;;;;;;;;
2026/03/16;0600 UTC;;;;;;;;;;;;;;;;;;
2026/03/16;0700 UTC;;;;;;;;;;;;;;;;;;
2026/03/16;0800 UTC;;;;;;;;;;;;;;;;;;
2026/03/16;0900 UTC;;;;;;;;;;;;;;;;;;
2026/03/16;1000 UTC;;;;;;;;;;;;;;;;;;
2026/03/16;1100 UTC;;;;;;;;;;;;;;;;;;
2026/03/16;1200 UTC;;;;;;;;;;;;;;;;;;
2026/03/16;1300 UTC;;;;;;;;;;;;;;;;;;
2026/03/16;1400 UTC;;;;;;;;;;;;;;;;;;
2026/03/16;1500 UTC;;;;;;;;;;;;;;;;;;
2026/03/16;1600 UTC;;;;;;;;;;;;;;;;;;
2026/03/16;1700 UTC;;;;;;;;;;;;;;;;;;
2026/03/16;1800 UTC;;;;;;;;;;;;;;;;;;
2026/03/16;1900 UTC;;;;;;;;;;;;;;;;;;
2026/03/16;2000 UTC;;;;;;;;;;;;;;;;;;
2026/03/16;2100 UTC;;;;;;;;;;;;;;;;;;
2026/03/16;2200 UTC;;;;;;;;;;;;;;;;;;
2026/03/16;2300 UTC;;;;;;;;;;;;;;;;;;
2026/03/17;0000 UTC;;;;;;;;;;;;;;;;;;
2026/03/17;0100 UTC;;;;;;;;;;;;;;;;;;
2026/03/17;0200 UTC;;;;;;;;;;;;;;;;;;
2026/03/17;0300 UTC;;;;;;;;;;;;;;;;;;
2026/03/17;0400 UTC;;;;;;;;;;;;;;;;;;
2026/03/17;0500 UTC;;;;;;;;;;;;;;;;;;
2026/03/17;0600 UTC;;;;;;;;;;;;;;;;;;
2026/03/17;0700 UTC;;;;;;;;;;;;;;;;;;
2026/03/17;0800 UTC;;;;;;;;;;;;;;;;;;
2026/03/17;0900 UTC;;;;;;;;;;;;;;;;;;
2026/03/17;1000 UTC;;;;;;;;;;;;;;;;;;
2026/03/17;1100 UTC;;;;;;;;;;;;;;;;;;
2026/03/17;1200 UTC;;;;;;;;;;;;;;;;;;
2026/03/17;1300 UTC;;;;;;;;;;;;;;;;;;
2026/03/17;1400 UTC;;;;;;;;;;;;;;;;;;
2026/03/17;1500 UTC;;;;;;;;;;;;;;;;;;
2026/03/17;1600 UTC;;;;;;;;;;;;;;;;;;
2026/03/17;1700 UTC;;;;;;;;;;;;;;;;;;
2026/03/17;1800 UTC;;;;;;;;;;;;;;;;;;
2026/03/17;1900 UTC;;;;;;;;;;;;;;;;;;
2026/03/17;2000 UTC;;;;;;;;;;;;;;;;;;
2026/03/17;2100 UTC;;;;;;;;;;;;;;;;;;
2026/03/17;2200 UTC;;;;;;;;;;;;;;;;;;
2026/03/17;2300 UTC;;;;;;;;;;;;;;;;;;
2026/03/18;0000 UTC;;;;;;;;;;;;;;;;;;
2026/03/18;0100 UTC;;;;;;;;;;;;;;;;;;
2026/03/18;0200 UTC;;;;;;;;;;;;;;;;;;
2026/03/18;0300 UTC;;;;;;;;;;;;;;;;;;
2026/03/18;0400 UTC;;;;;;;;;;;;;;;;;;
2026/03/18;0500 UTC;;;;;;;;;;;;;;;;;;
2026/03/18;0600 UTC;;;;;;;;;;;;;;;;;;
2026/03/18;0700 UTC;;;;;;;;;;;;;;;;;;
2026/03/18;0800 UTC;;;;;;;;;;;;;;;;;;
2026/03/18;0900 UTC;;;;;;;;;;;;;;;;;;
2026/03/18;1000 UTC;;;;;;;;;;;;;;;;;;
2026/03/18;1100 UTC;;;;;;;;;;;;;;;;;;
2026/03/18;1200 UTC;;;;;;;;;;;;;;;;;;
2026/03/18;1300 UTC;;;;;;;;;;;;;;;;;;
2026/03/18;1400 UTC;;;;;;;;;;;;;;;;;;
2026/03/18;1500 UTC;;;;;;;;;;;;;;;;;;
2026/03/18;1600 UTC;;;;;;;;;;;;;;;;;;
2026/03/18;1700 UTC;;;;;;;;;;;;;;;;;;
2026/03/18;1800 UTC;;;;;;;;;;;;;;;;;;
2026/03/18;1900 UTC;;;;;;;;;;;;;;;;;;
2026/03/18;2000 UTC;;;;;;;;;;;;;;;;;;
2026/03/18;2100 UTC;;;;;;;;;;;;;;;;;;
2026/03/18;2200 UTC;;;;;;;;;;;;;;;;;;
2026/03/18;2300 UTC;;;;;;;;;;;;;;;;;;
2026/03/19;0000 UTC;;;;;;;;;;;;;;;;;;
2026/03/19;0100 UTC;;;;;;;;;;;;;;;;;;
2026/03/19;0200 UTC;;;;;;;;;;;;;;;;;;
2026/03/19;0300 UTC;;;;;;;;;;;;;;;;;;
2026/03/19;0400 UTC;;;;;;;;;;;;;;;;;;
2026/03/19;0500 UTC;;;;;;;;;;;;;;;;;;
2026/03/19;0600 UTC;;;;;;;;;;;;;;;;;;
2026/03/19;0700 UTC;;;;;;;;;;;;;;;;;;
2026/03/19;0800 UTC;;;;;;;;;;;;;;;;;;
2026/03/19;0900 UTC;;;;;;;;;;;;;;;;;;
2026/03/19;1000 UTC;;;;;;;;;;;;;;;;;;
2026/03/19;1100 UTC;;;;;;;;;;;;;;;;;;
2026/03/19;1200 UTC;;;;;;;;;;;;;;;;;;
2026/03/19;1300 UTC;;;;;;;;;;;;;;;;;;
2026/03/19;1400 UTC;;;;;;;;;;;;;;;;;;
2026/03/19;1500 UTC;;;;;;;;;;;;;;;;;;
2026/03/19;1600 UTC;;;;;;;;;;;;;;;;;;
2026/03/19;1700 UTC;;;;;;;;;;;;;;;;;;
2026/03/19;1800 UTC;;;;;;;;;;;;;;;;;;
2026/03/19;1900 UTC;;;;;;;;;;;;;;;;;;
2026/03/19;2000 UTC;;;;;;;;;;;;;;;;;;
2026/03/19;2100 UTC;;;;;;;;;;;;;;;;;;
2026/03/19;2200 UTC;;;;;;;;;;;;;;;;;;
2026/03/19;2300 UTC;;;;;;;;;;;;;;;;;;
2026/03/20;0000 UTC;;;;;;;;;;;;;;;;;;
2026/03/20;0100 UTC;;;;;;;;;;;;;;;;;;
2026/03/20;0200 UTC;;;;;;;;;;;;;;;;;;
2026/03/20;0300 UTC;;;;;;;;;;;;;;;;;;
2026/03/20;0400 UTC;;;;;;;;;;;;;;;;;;
2026/03/20;0500 UTC;;;;;;;;;;;;;;;;;;
2026/03/20;0600 UTC;;;;;;;;;;;;;;;;;;
2026/03/20;0700 UTC;;;;;;;;;;;;;;;;;;
2026/03/20;0800 UTC;;;;;;;;;;;;;;;;;;
2026/03/20;0900 UTC;;;;;;;;;;;;;;;;;;
2026/03/20;1000 UTC;;;;;;;;;;;;;;;;;;
2026/03/20;1100 UTC;;;;;;;;;;;;;;;;;;
2026/03/20;1200 UTC;;;;;;;;;;;;;;;;;;
2026/03/20;1300 UTC;;;;;;;;;;;;;;;;;;
2026/03/20;1400 UTC;;;;;;;;;;;;;;;;;;
2026/03/20;1500 UTC;;;;;;;;;;;;;;;;;;
2026/03/20;1600 UTC;;;;;;;;;;;;;;;;;;
2026/03/20;1700 UTC;;;;;;;;;;;;;;;;;;
2026/03/20;1800 UTC;;;;;;;;;;;;;;;;;;
2026/03/20;1900 UTC;;;;;;;;;;;;;;;;;;
2026/03/20;2000 UTC;;;;;;;;;;;;;;;;;;
2026/03/20;2100 UTC;;;;;;;;;;;;;;;;;;
2026/03/20;2200 UTC;;;;;;;;;;;;;;;;;;
2026/03/20;2300 UTC;;;;;;;;;;;;;;;;;;
2026/03/21;0000 UTC;;;;;;;;;;;;;;;;;;
2026/03/21;0100 UTC;;;;;;;;;;;;;;;;;;
2026/03/21;0200 UTC;;;;;;;;;;;;;;;;;;
2026/03/21;0300 UTC;;;;;;;;;;;;;;;;;;
2026/03/21;0400 UTC;;;;;;;;;;;;;;;;;;
2026/03/21;0500 UTC;;;;;;;;;;;;;;;;;;
2026/03/21;0600 UTC;;;;;;;;;;;;;;;;;;
2026/03/21;0700 UTC;;;;;;;;;;;;;;;;;;
2026/03/21;0800 UTC;;;;;;;;;;;;;;;;;;
2026/03/21;0900 UTC;;;;;;;;;;;;;;;;;;
2026/03/21;1000 UTC;;;;;;;;;;;;;;;;;;
2026/03/21;1100 UTC;;;;;;;;;;;;;;;;;;
2026/03/21;1200 UTC;;;;;;;;;;;;;;;;;;
2026/03/21;1300 UTC;;;;;;;;;;;;;;;;;;
2026/03/21;1400 UTC;;;;;;;;;;;;;;;;;;
2026/03/21;1500 UTC;;;;;;;;;;;;;;;;;;
2026/03/21;1600 UTC;;;;;;;;;;;;;;;;;;
2026/03/21;1700 UTC;;;;;;;;;;;;;;;;;;
2026/03/21;1800 UTC;;;;;;;;;;;;;;;;;;
2026/03/21;1900 UTC;;;;;;;;;;;;;;;;;;
2026/03/21;2000 UTC;;;;;;;;;;;;;;;;;;
2026/03/21;2100 UTC;;;;;;;;;;;;;;;;;;
2026/03/21;2200 UTC;;;;;;;;;;;;;;;;;;
2026/03/21;2300 UTC;;;;;;;;;;;;;;;;;;
2026/03/22;0000 UTC;;;;;;;;;;;;;;;;;;
2026/03/22;0100 UTC;;;;;;;;;;;;;;;;;;
2026/03/22;0200 UTC;;;;;;;;;;;;;;;;;;
2026/03/22;0300 UTC;;;;;;;;;;;;;;;;;;
2026/03/22;0400 UTC;;;;;;;;;;;;;;;;;;
2026/03/22;0500 UTC;;;;;;;;;;;;;;;;;;
2026/03/22;0600 UTC;;;;;;;;;;;;;;;;;;
2026/03/22;0700 UTC;;;;;;;;;;;;;;;;;;
2026/03/22;0800 UTC;;;;;;;;;;;;;;;;;;
2026/03/22;0900 UTC;;;;;;;;;;;;;;;;;;
2026/03/22;1000 UTC;;;;;;;;;;;;;;;;;;
2026/03/22;1100 UTC;;;;;;;;;;;;;;;;;;
2026/03/22;1200 UTC;;;;;;;;;;;;;;;;;;
2026/03/22;1300 UTC;;;;;;;;;;;;;;;;;;
2026/03/22;1400 UTC;;;;;;;;;;;;;;;;;;
2026/03/22;1500 UTC;;;;;;;;;;;;;;;;;;
2026/03/22;1600 UTC;;;;;;;;;;;;;;;;;;
2026/03/22;1700 UTC;;;;;;;;;;;;;;;;;;
2026/03/22;1800 UTC;;;;;;;;;;;;;;;;;;
2026/03/22;1900 UTC;;;;;;;;;;;;;;;;;;
2026/03/22;2000 UTC;;;;;;;;;;;;;;;;;;
2026/03/22;2100 UTC;;;;;;;;;;;;;;;;;;
2026/03/22;2200 UTC;;;;;;;;;;;;;;;;;;
2026/03/22;2300 UTC;;;;;;;;;;;;;;;;;;
2026/03/23;0000 UTC;;;;;;;;;;;;;;;;;;
2026/03/23;0100 UTC;;;;;;;;;;;;;;;;;;
2026/03/23;0200 UTC;;;;;;;;;;;;;;;;;;
2026/03/23;0300 UTC;;;;;;;;;;;;;;;;;;
2026/03/23;0400 UTC;;;;;;;;;;;;;;;;;;
2026/03/23;0500 UTC;;;;;;;;;;;;;;;;;;
2026/03/23;0600 UTC;;;;;;;;;;;;;;;;;;
2026/03/23;0700 UTC;;;;;;;;;;;;;;;;;;
2026/03/23;0800 UTC;;;;;;;;;;;;;;;;;;
2026/03/23;0900 UTC;;;;;;;;;;;;;;;;;;
2026/03/23;1000 UTC;;;;;;;;;;;;;;;;;;
2026/03/23;1100 UTC;;;;;;;;;;;;;;;;;;
2026/03/23;1200 UTC;;;;;;;;;;;;;;;;;;
2026/03/23;1300 UTC;;;;;;;;;;;;;;;;;;
2026/03/23;1400 UTC;;;;;;;;;;;;;;;;;;
2026/03/23;1500 UTC;;;;;;;;;;;;;;;;;;
2026/03/23;1600 UTC;;;;;;;;;;;;;;;;;;
2026/03/23;1700 UTC;;;;;;;;;;;;;;;;;;
2026/03/23;1800 UTC;;;;;;;;;;;;;;;;;;
2026/03/23;1900 UTC;;;;;;;;;;;;;;;;;;
2026/03/23;2000 UTC;;;;;;;;;;;;;;;;;;
2026/03/23;2100 UTC;;;;;;;;;;;;;;;;;;
2026/03/23;2200 UTC;;;;;;;;;;;;;;;;;;
2026/03/23;2300 UTC;;;;;;;;;;;;;;;;;;
2026/03/24;0000 UTC;;;;;;;;;;;;;;;;;;
2026/03/24;0100 UTC;;;;;;;;;;;;;;;;;;
2026/03/24;0200 UTC;;;;;;;;;;;;;;;;;;
2026/03/24;0300 UTC;;;;;;;;;;;;;;;;;;
2026/03/24;0400 UTC;;;;;;;;;;;;;;;;;;
2026/03/24;0500 UTC;;;;;;;;;;;;;;;;;;
2026/03/24;0600 UTC;;;;;;;;;;;;;;;;;;
2026/03/24;0700 UTC;;;;;;;;;;;;;;;;;;
2026/03/24;0800 UTC;;;;;;;;;;;;;;;;;;
2026/03/24;0900 UTC;;;;;;;;;;;;;;;;;;
2026/03/24;1000 UTC;;;;;;;;;;;;;;;;;;
2026/03/24;1100 UTC;;;;;;;;;;;;;;;;;;
2026/03/24;1200 UTC;;;;;;;;;;;;;;;;;;
2026/03/24;1300 UTC;;;;;;;;;;;;;;;;;;
2026/03/24;1400 UTC;;;;;;;;;;;;;;;;;;
2026/03/24;1500 UTC;;;;;;;;;;;;;;;;;;
2026/03/24;1600 UTC;;;;;;;;;;;;;;;;;;
2026/03/24;1700 UTC;;;;;;;;;;;;;;;;;;
2026/03/24;1800 UTC;;;;;;;;;;;;;;;;;;
2026/03/24;1900 UTC;;;;;;;;;;;;;;;;;;
2026/03/24;2000 UTC;;;;;;;;;;;;;;;;;;
2026/03/24;2100 UTC;;;;;;;;;;;;;;;;;;
2026/03/24;2200 UTC;;;;;;;;;;;;;;;;;;
2026/03/24;2300 UTC;;;;;;;;;;;;;;;;;;
2026/03/25;0000 UTC;;;;;;;;;;;;;;;;;;
2026/03/25;0100 UTC;;;;;;;;;;;;;;;;;;
2026/03/25;0200 UTC;;;;;;;;;;;;;;;;;;
2026/03/25;0300 UTC;;;;;;;;;;;;;;;;;;
2026/03/25;0400 UTC;;;;;;;;;;;;;;;;;;
2026/03/25;0500 UTC;;;;;;;;;;;;;;;;;;
2026/03/25;0600 UTC;;;;;;;;;;;;;;;;;;
2026/03/25;0700 UTC;;;;;;;;;;;;;;;;;;
2026/03/25;0800 UTC;;;;;;;;;;;;;;;;;;
2026/03/25;0900 UTC;;;;;;;;;;;;;;;;;;
2026/03/25;1000 UTC;;;;;;;;;;;;;;;;;;
2026/03/25;1100 UTC;;;;;;;;;;;;;;;;;;
2026/03/25;1200 UTC;;;;;;;;;;;;;;;;;;
2026/03/25;1300 UTC;;;;;;;;;;;;;;;;;;
2026/03/25;1400 UTC;;;;;;;;;;;;;;;;;;
2026/03/25;1500 UTC;;;;;;;;;;;;;;;;;;
2026/03/25;1600 UTC;;;;;;;;;;;;;;;;;;
2026/03/25;1700 UTC;;;;;;;;;;;;;;;;;;
2026/03/25;1800 UTC;;;;;;;;;;;;;;;;;;
2026/03/25;1900 UTC;;;;;;;;;;;;;;;;;;
2026/03/25;2000 UTC;;;;;;;;;;;;;;;;;;
2026/03/25;2100 UTC;;;;;;;;;;;;;;;;;;
2026/03/25;2200 UTC;;;;;;;;;;;;;;;;;;
2026/03/25;2300 UTC;;;;;;;;;;;;;;;;;;
2026/03/26;0000 UTC;;;;;;;;;;;;;;;;;;
2026/03/26;0100 UTC;;;;;;;;;;;;;;;;;;
2026/03/26;0200 UTC;;;;;;;;;;;;;;;;;;
2026/03/26;0300 UTC;;;;;;;;;;;;;;;;;;
2026/03/26;0400 UTC;;;;;;;;;;;;;;;;;;
2026/03/26;0500 UTC;;;;;;;;;;;;;;;;;;
2026/03/26;0600 UTC;;;;;;;;;;;;;;;;;;
2026/03/26;0700 UTC;;;;;;;;;;;;;;;;;;
2026/03/26;0800 UTC;;;;;;;;;;;;;;;;;;
2026/03/26;0900 UTC;;;;;;;;;;;;;;;;;;
2026/03/26;1000 UTC;;;;;;;;;;;;;;;;;;
2026/03/26;1100 UTC;;;;;;;;;;;;;;;;;;
2026/03/26;1200 UTC;;;;;;;;;;;;;;;;;;
2026/03/26;1300 UTC;;;;;;;;;;;;;;;;;;
2026/03/26;1400 UTC;;;;;;;;;;;;;;;;;;
2026/03/26;1500 UTC;;;;;;;;;;;;;;;;;;
2026/03/26;1600 UTC;;;;;;;;;;;;;;;;;;
2026/03/26;1700 UTC;;;;;;;;;;;;;;;;;;
2026/03/26;1800 UTC;;;;;;;;;;;;;;;;;;
2026/03/26;1900 UTC;;;;;;;;;;;;;;;;;;
2026/03/26;2000 UTC;;;;;;;;;;;;;;;;;;
2026/03/26;2100 UTC;;;;;;;;;;;;;;;;;;
2026/03/26;2200 UTC;;;;;;;;;;;;;;;;;;
2026/03/26;2300 UTC;;;;;;;;;;;;;;;;;;
2026/03/27;0000 UTC;;;;;;;;;;;;;;;;;;
2026/03/27;0100 UTC;;;;;;;;;;;;;;;;;;
2026/03/27;0200 UTC;;;;;;;;;;;;;;;;;;
2026/03/27;0300 UTC;;;;;;;;;;;;;;;;;;
2026/03/27;0400 UTC;;;;;;;;;;;;;;;;;;
2026/03/27;0500 UTC;;;;;;;;;;;;;;;;;;
2026/03/27;0600 UTC;;;;;;;;;;;;;;;;;;
2026/03/27;0700 UTC;;;;;;;;;;;;;;;;;;
2026/03/27;0800 UTC;;;;;;;;;;;;;;;;;;
2026/03/27;0900 UTC;;;;;;;;;;;;;;;;;;
2026/03/27;1000 UTC;;;;;;;;;;;;;;;;;;
2026/03/27;1100 UTC;;;;;;;;;;;;;;;;;;
2026/03/27;1200 UTC;;;;;;;;;;;;;;;;;;
2026/03/27;1300 UTC;;;;;;;;;;;;;;;;;;
2026/03/27;1400 UTC;;;;;;;;;;;;;;;;;;
2026/03/27;1500 UTC;;;;;;;;;;;;;;;;;;
2026/03/27;1600 UTC;;;;;;;;;;;;;;;;;;
2026/03/27;1700 UTC;;;;;;;;;;;;;;;;;;
2026/03/27;1800 UTC;;;;;;;;;;;;;;;;;;
2026/03/27;1900 UTC;;;;;;;;;;;;;;;;;;
2026/03/27;2000 UTC;;;;;;;;;;;;;;;;;;
2026/03/27;2100 UTC;;;;;;;;;;;;;;;;;;
2026/03/27;2200 UTC;;;;;;;;;;;;;;;;;;
2026/03/27;2300 UTC;;;;;;;;;;;;;;;;;;
2026/03/28;0000 UTC;;;;;;;;;;;;;;;;;;
2026/03/28;0100 UTC;;;;;;;;;;;;;;;;;;
2026/03/28;0200 UTC;;;;;;;;;;;;;;;;;;
2026/03/28;0300 UTC;;;;;;;;;;;;;;;;;;
2026/03/28;0400 UTC;;;;;;;;;;;;;;;;;;
2026/03/28;0500 UTC;;;;;;;;;;;;;;;;;;
2026/03/28;0600 UTC;;;;;;;;;;;;;;;;;;
2026/03/28;0700 UTC;;;;;;;;;;;;;;;;;;
2026/03/28;0800 UTC;;;;;;;;;;;;;;;;;;
2026/03/28;0900 UTC;;;;;;;;;;;;;;;;;;
2026/03/28;1000 UTC;;;;;;;;;;;;;;;;;;
2026/03/28;1100 UTC;;;;;;;;;;;;;;;;;;
2026/03/28;1200 UTC;;;;;;;;;;;;;;;;;;
2026/03/28;1300 UTC;;;;;;;;;;;;;;;;;;
2026/03/28;1400 UTC;;;;;;;;;;;;;;;;;;
2026/03/28;1500 UTC;;;;;;;;;;;;;;;;;;
2026/03/28;1600 UTC;;;;;;;;;;;;;;;;;;
2026/03/28;1700 UTC;;;;;;;;;;;;;;;;;;
2026/03/28;1800 UTC;;;;;;;;;;;;;;;;;;
2026/03/28;1900 UTC;;;;;;;;;;;;;;;;;;
2026/03/28;2000 UTC;;;;;;;;;;;;;;;;;;
2026/03/28;2100 UTC;;;;;;;;;;;;;;;;;;
2026/03/28;2200 UTC;;;;;;;;;;;;;;;;;;
2026/03/28;2300 UTC;;;;;;;;;;;;;;;;;;
2026/03/29;0000 UTC;;;;;;;;;;;;;;;;;;
2026/03/29;0100 UTC;;;;;;;;;;;;;;;;;;
2026/03/29;0200 UTC;;;;;;;;;;;;;;;;;;
2026/03/29;0300 UTC;;;;;;;;;;;;;;;;;;
2026/03/29;0400 UTC;;;;;;;;;;;;;;;;;;
2026/03/29;0500 UTC;;;;;;;;;;;;;;;;;;
2026/03/29;0600 UTC;;;;;;;;;;;;;;;;;;
2026/03/29;0700 UTC;;;;;;;;;;;;;;;;;;
2026/03/29;0800 UTC;;;;;;;;;;;;;;;;;;
2026/03/29;0900 UTC;;;;;;;;;;;;;;;;;;
2026/03/29;1000 UTC;;;;;;;;;;;;;;;;;;
2026/03/29;1100 UTC;;;;;;;;;;;;;;;;;;
2026/03/29;1200 UTC;;;;;;;;;;;;;;;;;;
2026/03/29;1300 UTC;;;;;;;;;;;;;;;;;;
2026/03/29;1400 UTC;;;;;;;;;;;;;;;;;;
2026/03/29;1500 UTC;;;;;;;;;;;;;;;;;;
2026/03/29;1600 UTC;;;;;;;;;;;;;;;;;;
2026/03/29;1700 UTC;;;;;;;;;;;;;;;;;;
2026/03/29;1800 UTC;;;;;;;;;;;;;;;;;;
2026/03/29;1900 UTC;;;;;;;;;;;;;;;;;;
2026/03/29;2000 UTC;;;;;;;;;;;;;;;;;;
2026/03/29;2100 UTC;;;;;;;;;;;;;;;;;;
2026/03/29;2200 UTC;;;;;;;;;;;;;;;;;;
2026/03/29;2300 UTC;;;;;;;;;;;;;;;;;;
2026/03/30;0000 UTC;;;;;;;;;;;;;;;;;;
2026/03/30;0100 UTC;;;;;;;;;;;;;;;;;;
2026/03/30;0200 UTC;;;;;;;;;;;;;;;;;;
2026/03/30;0300 UTC;;;;;;;;;;;;;;;;;;
2026/03/30;0400 UTC;;;;;;;;;;;;;;;;;;
2026/03/30;0500 UTC;;;;;;;;;;;;;;;;;;
2026/03/30;0600 UTC;;;;;;;;;;;;;;;;;;
2026/03/30;0700 UTC;;;;;;;;;;;;;;;;;;
2026/03/30;0800 UTC;;;;;;;;;;;;;;;;;;
2026/03/30;0900 UTC;;;;;;;;;;;;;;;;;;
2026/03/30;1000 UTC;;;;;;;;;;;;;;;;;;
2026/03/30;1100 UTC;;;;;;;;;;;;;;;;;;
2026/03/30;1200 UTC;;;;;;;;;;;;;;;;;;
2026/03/30;1300 UTC;;;;;;;;;;;;;;;;;;
2026/03/30;1400 UTC;;;;;;;;;;;;;;;;;;
2026/03/30;1500 UTC;;;;;;;;;;;;;;;;;;
2026/03/30;1600 UTC;;;;;;;;;;;;;;;;;;
2026/03/30;1700 UTC;;;;;;;;;;;;;;;;;;
2026/03/30;1800 UTC;;;;;;;;;;;;;;;;;;
2026/03/30;1900 UTC;;;;;;;;;;;;;;;;;;
2026/03/30;2000 UTC;;;;;;;;;;;;;;;;;;
2026/03/30;2100 UTC;;;;;;;;;;;;;;;;;;
2026/03/30;2200 UTC;;;;;;;;;;;;;;;;;;
2026/03/30;2300 UTC;;;;;;;;;;;;;;;;;;
2026/03/31;0000 UTC;;;;;;;;;;;;;;;;;;
2026/03/31;0100 UTC;;;;;;;;;;;;;;;;;;
2026/03/31;0200 UTC;;;;;;;;;;;;;;;;;;
2026/03/31;0300 UTC;;;;;;;;;;;;;;;;;;
2026/03/31;0400 UTC;;;;;;;;;;;;;;;;;;
2026/03/31;0500 UTC;;;;;;;;;;;;;;;;;;
2026/03/31;0600 UTC;;;;;;;;;;;;;;;;;;
2026/03/31;0700 UTC;;;;;;;;;;;;;;;;;;
2026/03/31;0800 UTC;;;;;;;;;;;;;;;;;;
2026/03/31;0900 UTC;;;;;;;;;;;;;;;;;;
2026/03/31;1000 UTC;;;;;;;;;;;;;;;;;;
2026/03/31;1100 UTC;;;;;;;;;;;;;;;;;;
2026/03/31;1200 UTC;;;;;;;;;;;;;;;;;;
2026/03/31;1300 UTC;;;;;;;;;;;;;;;;;;
2026/03/31;1400 UTC;;;;;;;;;;;;;;;;;;
2026/03/31;1500 UTC;;;;;;;;;;;;;;;;;;
2026/03/31;1600 UTC;;;;;;;;;;;;;;;;;;
2026/03/31;1700 UTC;;;;;;;;;;;;;;;;;;
2026/03/31;1800 UTC;;;;;;;;;;;;;;;;;;
2026/03/31;1900 UTC;;;;;;;;;;;;;;;;;;
2026/03/31;2000 UTC;;;;;;;;;;;;;;;;;;
2026/03/31;2100 UTC;;;;;;;;;;;;;;;;;;
2026/03/31;2200 UTC;;;;;;;;;;;;;;;;;;
2026/03/31;2300 UTC;;;;;;;;;;;;;;;;;;
2026/04/01;0000 UTC;;;;;;;;;;;;;;;;;;
2026/04/01;0100 UTC;;;;;;;;;;;;;;;;;;
2026/04/01;0200 UTC;;;;;;;;;;;;;;;;;;
2026/04/01;0300 UTC;;;;;;;;;;;;;;;;;;
2026/04/01;0400 UTC;;;;;;;;;;;;;;;;;;
2026/04/01;0500 UTC;;;;;;;;;;;;;;;;;;
2026/04/01;0600 UTC;;;;;;;;;;;;;;;;;;
2026/04/01;0700 UTC;;;;;;;;;;;;;;;;;;
2026/04/01;0800 UTC;;;;;;;;;;;;;;;;;;
2026/04/01;0900 UTC;;;;;;;;;;;;;;;;;;
2026/04/01;1000 UTC;;;;;;;;;;;;;;;;;;
2026/04/01;1100 UTC;;;;;;;;;;;;;;;;;;
2026/04/01;1200 UTC;;;;;;;;;;;;;;;;;;
2026/04/01;1300 UTC;;;;;;;;;;;;;;;;;;
2026/04/01;1400 UTC;;;;;;;;;;;;;;;;;;
2026/04/01;1500 UTC;;;;;;;;;;;;;;;;;;
2026/04/01;1600 UTC;;;;;;;;;;;;;;;;;;
2026/04/01;1700 UTC;;;;;;;;;;;;;;;;;;
2026/04/01;1800 UTC;;;;;;;;;;;;;;;;;;
2026/04/01;1900 UTC;;;;;;;;;;;;;;;;;;
2026/04/01;2000 UTC;;;;;;;;;;;;;;;;;;
2026/04/01;2100 UTC;;;;;;;;;;;;;;;;;;
2026/04/01;2200 UTC;;;;;;;;;;;;;;;;;;
2026/04/01;2300 UTC;;;;;;;;;;;;;;;;;;
2026/04/02;0000 UTC;;;;;;;;;;;;;;;;;;
2026/04/02;0100 UTC;;;;;;;;;;;;;;;;;;
2026/04/02;0200 UTC;;;;;;;;;;;;;;;;;;
2026/04/02;0300 UTC;;;;;;;;;;;;;;;;;;
2026/04/02;0400 UTC;;;;;;;;;;;;;;;;;;
2026/04/02;0500 UTC;;;;;;;;;;;;;;;;;;
2026/04/02;0600 UTC;;;;;;;;;;;;;;;;;;
2026/04/02;0700 UTC;;;;;;;;;;;;;;;;;;
2026/04/02;0800 UTC;;;;;;;;;;;;;;;;;;
2026/04/02;0900 UTC;;;;;;;;;;;;;;;;;;
2026/04/02;1000 UTC;;;;;;;;;;;;;;;;;;
2026/04/02;1100 UTC;;;;;;;;;;;;;;;;;;
2026/04/02;1200 UTC;;;;;;;;;;;;;;;;;;
2026/04/02;1300 UTC;;;;;;;;;;;;;;;;;;
2026/04/02;1400 UTC;;;;;;;;;;;;;;;;;;
2026/04/02;1500 UTC;;;;;;;;;;;;;;;;;;
2026/04/02;1600 UTC;;;;;;;;;;;;;;;;;;
2026/04/02;1700 UTC;;;;;;;;;;;;;;;;;;
2026/04/02;1800 UTC;;;;;;;;;;;;;;;;;;
2026/04/02;1900 UTC;;;;;;;;;;;;;;;;;;
2026/04/02;2000 UTC;;;;;;;;;;;;;;;;;;
2026/04/02;2100 UTC;;;;;;;;;;;;;;;;;;
2026/04/02;2200 UTC;;;;;;;;;;;;;;;;;;
2026/04/02;2300 UTC;;;;;;;;;;;;;;;;;;
2026/04/03;0000 UTC;;;;;;;;;;;;;;;;;;
2026/04/03;0100 UTC;;;;;;;;;;;;;;;;;;
2026/04/03;0200 UTC;;;;;;;;;;;;;;;;;;
2026/04/03;0300 UTC;;;;;;;;;;;;;;;;;;
2026/04/03;0400 UTC;;;;;;;;;;;;;;;;;;
2026/04/03;0500 UTC;;;;;;;;;;;;;;;;;;
2026/04/03;0600 UTC;;;;;;;;;;;;;;;;;;
2026/04/03;0700 UTC;;;;;;;;;;;;;;;;;;
2026/04/03;0800 UTC;;;;;;;;;;;;;;;;;;
2026/04/03;0900 UTC;;;;;;;;;;;;;;;;;;
2026/04/03;1000 UTC;;;;;;;;;;;;;;;;;;
2026/04/03;1100 UTC;;;;;;;;;;;;;;;;;;
2026/04/03;1200 UTC;;;;;;;;;;;;;;;;;;
2026/04/03;1300 UTC;;;;;;;;;;;;;;;;;;
2026/04/03;1400 UTC;;;;;;;;;;;;;;;;;;
2026/04/03;1500 UTC;;;;;;;;;;;;;;;;;;
2026/04/03;1600 UTC;;;;;;;;;;;;;;;;;;
2026/04/03;1700 UTC;;;;;;;;;;;;;;;;;;
2026/04/03;1800 UTC;;;;;;;;;;;;;;;;;;
2026/04/03;1900 UTC;;;;;;;;;;;;;;;;;;
2026/04/03;2000 UTC;;;;;;;;;;;;;;;;;;
2026/04/03;2100 UTC;;;;;;;;;;;;;;;;;;
2026/04/03;2200 UTC;;;;;;;;;;;;;;;;;;
2026/04/03;2300 UTC;;;;;;;;;;;;;;;;;;
2026/04/04;0000 UTC;;;;;;;;;;;;;;;;;;
2026/04/04;0100 UTC;;;;;;;;;;;;;;;;;;
2026/04/04;0200 UTC;;;;;;;;;;;;;;;;;;
2026/04/04;0300 UTC;;;;;;;;;;;;;;;;;;
2026/04/04;0400 UTC;;;;;;;;;;;;;;;;;;
2026/04/04;0500 UTC;;;;;;;;;;;;;;;;;;
2026/04/04;0600 UTC;;;;;;;;;;;;;;;;;;
2026/04/04;0700 UTC;;;;;;;;;;;;;;;;;;
2026/04/04;0800 UTC;;;;;;;;;;;;;;;;;;
2026/04/04;0900 UTC;;;;;;;;;;;;;;;;;;
2026/04/04;1000 UTC;;;;;;;;;;;;;;;;;;
2026/04/04;1100 UTC;;;;;;;;;;;;;;;;;;
2026/04/04;1200 UTC;;;;;;;;;;;;;;;;;;
2026/04/04;1300 UTC;;;;;;;;;;;;;;;;;;
2026/04/04;1400 UTC;;;;;;;;;;;;;;;;;;
2026/04/04;1500 UTC;;;;;;;;;;;;;;;;;;
2026/04/04;1600 UTC;;;;;;;;;;;;;;;;;;
2026/04/04;1700 UTC;;;;;;;;;;;;;;;;;;
2026/04/04;1800 UTC;;;;;;;;;;;;;;;;;;
2026/04/04;1900 UTC;;;;;;;;;;;;;;;;;;
2026/04/04;2000 UTC;;;;;;;;;;;;;;;;;;
2026/04/04;2100 UTC;;;;;;;;;;;;;;;;;;
2026/04/04;2200 UTC;;;;;;;;;;;;;;;;;;
2026/04/04;2300 UTC;;;;;;;;;;;;;;;;;;
2026/04/05;0000 UTC;;;;;;;;;;;;;;;;;;
2026/04/05;0100 UTC;;;;;;;;;;;;;;;;;;
2026/04/05;0200 UTC;;;;;;;;;;;;;;;;;;
2026/04/05;0300 UTC;;;;;;;;;;;;;;;;;;
2026/04/05;0400 UTC;;;;;;;;;;;;;;;;;;
2026/04/05;0500 UTC;;;;;;;;;;;;;;;;;;
2026/04/05;0600 UTC;;;;;;;;;;;;;;;;;;
2026/04/05;0700 UTC;;;;;;;;;;;;;;;;;;
2026/04/05;0800 UTC;;;;;;;;;;;;;;;;;;
2026/04/05;0900 UTC;;;;;;;;;;;;;;;;;;
2026/04/05;1000 UTC;;;;;;;;;;;;;;;;;;
2026/04/05;1100 UTC;;;;;;;;;;;;;;;;;;
2026/04/05;1200 UTC;;;;;;;;;;;;;;;;;;
2026/04/05;1300 UTC;;;;;;;;;;;;;;;;;;
2026/04/05;1400 UTC;;;;;;;;;;;;;;;;;;
2026/04/05;1500 UTC;;;;;;;;;;;;;;;;;;
2026/04/05;1600 UTC;;;;;;;;;;;;;;;;;;
2026/04/05;1700 UTC;;;;;;;;;;;;;;;;;;
2026/04/05;1800 UTC;;;;;;;;;;;;;;;;;;
2026/04/05;1900 UTC;;;;;;;;;;;;;;;;;;
2026/04/05;2000 UTC;;;;;;;;;;;;;;;;;;
2026/04/05;2100 UTC;;;;;;;;;;;;;;;;;;
2026/04/05;2200 UTC;;;;;;;;;;;;;;;;;;
2026/04/05;2300 UTC;;;;;;;;;;;;;;;;;;
2026/04/06;0000 UTC;;;;;;;;;;;;;;;;;;
2026/04/06;0100 UTC;;;;;;;;;;;;;;;;;;
2026/04/06;0200 UTC;;;;;;;;;;;;;;;;;;
2026/04/06;0300 UTC;;;;;;;;;;;;;;;;;;
2026/04/06;0400 UTC;;;;;;;;;;;;;;;;;;
2026/04/06;0500 UTC;;;;;;;;;;;;;;;;;;
2026/04/06;0600 UTC;;;;;;;;;;;;;;;;;;
2026/04/06;0700 UTC;;;;;;;;;;;;;;;;;;
2026/04/06;0800 UTC;;;;;;;;;;;;;;;;;;
2026/04/06;0900 UTC;;;;;;;;;;;;;;;;;;
2026/04/06;1000 UTC;;;;;;;;;;;;;;;;;;
2026/04/06;1100 UTC;;;;;;;;;;;;;;;;;;
2026/04/06;1200 UTC;;;;;;;;;;;;;;;;;;
2026/04/06;1300 UTC;;;;;;;;;;;;;;;;;;
2026/04/06;1400 UTC;;;;;;;;;;;;;;;;;;
2026/04/06;1500 UTC;;;;;;;;;;;;;;;;;;
2026/04/06;1600 UTC;;;;;;;;;;;;;;;;;;
2026/04/06;1700 UTC;;;;;;;;;;;;;;;;;;
2026/04/06;1800 UTC;;;;;;;;;;;;;;;;;;
2026/04/06;1900 UTC;;;;;;;;;;;;;;;;;;
2026/04/06;2000 UTC;;;;;;;;;;;;;;;;;;
2026/04/06;2100 UTC;;;;;;;;;;;;;;;;;;
2026/04/06;2200 UTC;;;;;;;;;;;;;;;;;;
2026/04/06;2300 UTC;;;;;;;;;;;;;;;;;;
2026/04/07;0000 UTC;;;;;;;;;;;;;;;;;;
2026/04/07;0100 UTC;;;;;;;;;;;;;;;;;;
2026/04/07;0200 UTC;;;;;;;;;;;;;;;;;;
2026/04/07;0300 UTC;;;;;;;;;;;;;;;;;;
2026/04/07;0400 UTC;;;;;;;;;;;;;;;;;;
2026/04/07;0500 UTC;;;;;;;;;;;;;;;;;;
2026/04/07;0600 UTC;;;;;;;;;;;;;;;;;;
2026/04/07;0700 UTC;;;;;;;;;;;;;;;;;;
2026/04/07;0800 UTC;;;;;;;;;;;;;;;;;;
2026/04/07;0900 UTC;;;;;;;;;;;;;;;;;;
2026/04/07;1000 UTC;;;;;;;;;;;;;;;;;;
2026/04/07;1100 UTC;;;;;;;;;;;;;;;;;;
2026/04/07;1200 UTC;;;;;;;;;;;;;;;;;;
2026/04/07;1300 UTC;;;;;;;;;;;;;;;;;;
2026/04/07;1400 UTC;;;;;;;;;;;;;;;;;;
2026/04/07;1500 UTC;;;;;;;;;;;;;;;;;;
2026/04/07;1600 UTC;;;;;;;;;;;;;;;;;;
2026/04/07;1700 UTC;;;;;;;;;;;;;;;;;;
2026/04/07;1800 UTC;;;;;;;;;;;;;;;;;;
2026/04/07;1900 UTC;;;;;;;;;;;;;;;;;;
2026/04/07;2000 UTC;;;;;;;;;;;;;;;;;;
2026/04/07;2100 UTC;;;;;;;;;;;;;;;;;;
2026/04/07;2200 UTC;;;;;;;;;;;;;;;;;;
2026/04/07;2300 UTC;;;;;;;;;;;;;;;;;;
2026/04/08;0000 UTC;;;;;;;;;;;;;;;;;;
2026/04/08;0100 UTC;;;;;;;;;;;;;;;;;;
2026/04/08;0200 UTC;;;;;;;;;;;;;;;;;;
2026/04/08;0300 UTC;;;;;;;;;;;;;;;;;;
2026/04/08;0400 UTC;;;;;;;;;;;;;;;;;;
2026/04/08;0500 UTC;;;;;;;;;;;;;;;;;;
2026/04/08;0600 UTC;;;;;;;;;;;;;;;;;;
2026/04/08;0700 UTC;;;;;;;;;;;;;;;;;;
2026/04/08;0800 UTC;;;;;;;;;;;;;;;;;;
2026/04/08;0900 UTC;;;;;;;;;;;;;;;;;;
2026/04/08;1000 UTC;;;;;;;;;;;;;;;;;;
2026/04/08;1100 UTC;;;;;;;;;;;;;;;;;;
2026/04/08;1200 UTC;;;;;;;;;;;;;;;;;;
2026/04/08;1300 UTC;;;;;;;;;;;;;;;;;;
2026/04/08;1400 UTC;;;;;;;;;;;;;;;;;;
2026/04/08;1500 UTC;;;;;;;;;;;;;;;;;;
2026/04/08;1600 UTC;;;;;;;;;;;;;;;;;;
2026/04/08;1700 UTC;;;;;;;;;;;;;;;;;;
2026/04/08;1800 UTC;;;;;;;;;;;;;;;;;;
2026/04/08;1900 UTC;;;;;;;;;;;;;;;;;;
2026/04/08;2000 UTC;;;;;;;;;;;;;;;;;;
2026/04/08;2100 UTC;;;;;;;;;;;;;;;;;;
2026/04/08;2200 UTC;;;;;;;;;;;;;;;;;;
2026/04/08;2300 UTC;;;;;;;;;;;;;;;;;;
2026/04/09;0000 UTC;;;;;;;;;;;;;;;;;;
2026/04/09;0100 UTC;;;;;;;;;;;;;;;;;;
2026/04/09;0200 UTC;;;;;;;;;;;;;;;;;;
2026/04/09;0300 UTC;;;;;;;;;;;;;;;;;;
2026/04/09;0400 UTC;;;;;;;;;;;;;;;;;;
2026/04/09;0500 UTC;;;;;;;;;;;;;;;;;;
2026/04/09;0600 UTC;;;;;;;;;;;;;;;;;;
2026/04/09;0700 UTC;;;;;;;;;;;;;;;;;;
2026/04/09;0800 UTC;;;;;;;;;;;;;;;;;;
2026/04/09;0900 UTC;;;;;;;;;;;;;;;;;;
2026/04/09;1000 UTC;;;;;;;;;;;;;;;;;;
2026/04/09;1100 UTC;;;;;;;;;;;;;;;;;;
2026/04/09;1200 UTC;;;;;;;;;;;;;;;;;;
2026/04/09;1300 UTC;;;;;;;;;;;;;;;;;;
2026/04/09;1400 UTC;;;;;;;;;;;;;;;;;;
2026/04/09;1500 UTC;;;;;;;;;;;;;;;;;;
2026/04/09;1600 UTC;;;;;;;;;;;;;;;;;;
2026/04/09;1700 UTC;;;;;;;;;;;;;;;;;;
2026/04/09;1800 UTC;;;;;;;;;;;;;;;;;;
2026/04/09;1900 UTC;;;;;;;;;;;;;;;;;;
2026/04/09;2000 UTC;;;;;;;;;;;;;;;;;;
2026/04/09;2100 UTC;;;;;;;;;;;;;;;;;;
2026/04/09;2200 UTC;;;;;;;;;;;;;;;;;;
2026/04/09;2300 UTC;;;;;;;;;;;;;;;;;;
2026/04/10;0000 UTC;;;;;;;;;;;;;;;;;;
2026/04/10;0100 UTC;;;;;;;;;;;;;;;;;;
2026/04/10;0200 UTC;;;;;;;;;;;;;;;;;;
2026/04/10;0300 UTC;;;;;;;;;;;;;;;;;;
2026/04/10;0400 UTC;;;;;;;;;;;;;;;;;;
2026/04/10;0500 UTC;;;;;;;;;;;;;;;;;;
2026/04/10;0600 UTC;;;;;;;;;;;;;;;;;;
2026/04/10;0700 UTC;;;;;;;;;;;;;;;;;;
2026/04/10;0800 UTC;;;;;;;;;;;;;;;;;;
2026/04/10;0900 UTC;;;;;;;;;;;;;;;;;;
2026/04/10;1000 UTC;;;;;;;;;;;;;;;;;;
2026/04/10;1100 UTC;;;;;;;;;;;;;;;;;;
2026/04/10;1200 UTC;;;;;;;;;;;;;;;;;;
2026/04/10;1300 UTC;;;;;;;;;;;;;;;;;;
2026/04/10;1400 UTC;;;;;;;;;;;;;;;;;;
2026/04/10;1500 UTC;;;;;;;;;;;;;;;;;;
2026/04/10;1600 UTC;;;;;;;;;;;;;;;;;;
2026/04/10;1700 UTC;;;;;;;;;;;;;;;;;;
2026/04/10;1800 UTC;;;;;;;;;;;;;;;;;;
2026/04/10;1900 UTC;;;;;;;;;;;;;;;;;;
2026/04/10;2000 UTC;;;;;;;;;;;;;;;;;;
2026/04/10;2100 UTC;;;;;;;;;;;;;;;;;;
2026/04/10;2200 UTC;;;;;;;;;;;;;;;;;;
2026/04/10;2300 UTC;;;;;;;;;;;;;;;;;;
2026/04/11;0000 UTC;;;;;;;;;;;;;;;;;;
2026/04/11;0100 UTC;;;;;;;;;;;;;;;;;;
2026/04/11;0200 UTC;;;;;;;;;;;;;;;;;;
2026/04/11;0300 UTC;;;;;;;;;;;;;;;;;;
2026/04/11;0400 UTC;;;;;;;;;;;;;;;;;;
2026/04/11;0500 UTC;;;;;;;;;;;;;;;;;;
2026/04/11;0600 UTC;;;;;;;;;;;;;;;;;;
2026/04/11;0700 UTC;;;;;;;;;;;;;;;;;;
2026/04/11;0800 UTC;;;;;;;;;;;;;;;;;;
2026/04/11;0900 UTC;;;;;;;;;;;;;;;;;;
2026/04/11;1000 UTC;;;;;;;;;;;;;;;;;;
2026/04/11;1100 UTC;;;;;;;;;;;;;;;;;;
2026/04/11;1200 UTC;;;;;;;;;;;;;;;;;;
2026/04/11;1300 UTC;;;;;;;;;;;;;;;;;;
2026/04/11;1400 UTC;;;;;;;;;;;;;;;;;;
2026/04/11;1500 UTC;;;;;;;;;;;;;;;;;;
2026/04/11;1600 UTC;;;;;;;;;;;;;;;;;;
2026/04/11;1700 UTC;;;;;;;;;;;;;;;;;;
2026/04/11;1800 UTC;;;;;;;;;;;;;;;;;;
2026/04/11;1900 UTC;;;;;;;;;;;;;;;;;;
2026/04/11;2000 UTC;;;;;;;;;;;;;;;;;;
2026/04/11;2100 UTC;;;;;;;;;;;;;;;;;;
2026/04/11;2200 UTC;;;;;;;;;;;;;;;;;;
2026/04/11;2300 UTC;;;;;;;;;;;;;;;;;;
2026/04/12;0000 UTC;;;;;;;;;;;;;;;;;;
2026/04/12;0100 UTC;;;;;;;;;;;;;;;;;;
2026/04/12;0200 UTC;;;;;;;;;;;;;;;;;;
2026/04/12;0300 UTC;;;;;;;;;;;;;;;;;;
2026/04/12;0400 UTC;;;;;;;;;;;;;;;;;;
2026/04/12;0500 UTC;;;;;;;;;;;;;;;;;;
2026/04/12;0600 UTC;;;;;;;;;;;;;;;;;;
2026/04/12;0700 UTC;;;;;;;;;;;;;;;;;;
2026/04/12;0800 UTC;;;;;;;;;;;;;;;;;;
2026/04/12;0900 UTC;;;;;;;;;;;;;;;;;;
2026/04/12;1000 UTC;;;;;;;;;;;;;;;;;;
2026/04/12;1100 UTC;;;;;;;;;;;;;;;;;;
2026/04/12;1200 UTC;;;;;;;;;;;;;;;;;;
2026/04/12;1300 UTC;;;;;;;;;;;;;;;;;;
2026/04/12;1400 UTC;;;;;;;;;;;;;;;;;;
2026/04/12;1500 UTC;;;;;;;;;;;;;;;;;;
2026/04/12;1600 UTC;;;;;;;;;;;;;;;;;;
2026/04/12;1700 UTC;;;;;;;;;;;;;;;;;;
2026/04/12;1800 UTC;;;;;;;;;;;;;;;;;;
2026/04/12;1900 UTC;;;;;;;;;;;;;;;;;;
2026/04/12;2000 UTC;;;;;;;;;;;;;;;;;;
2026/04/12;2100 UTC;;;;;;;;;;;;;;;;;;
2026/04/12;2200 UTC;;;;;;;;;;;;;;;;;;
2026/04/12;2300 UTC;;;;;;;;;;;;;;;;;;
2026/04/13;0000 UTC;;;;;;;;;;;;;;;;;;
2026/04/13;0100 UTC;;;;;;;;;;;;;;;;;;
2026/04/13;0200 UTC;;;;;;;;;;;;;;;;;;
2026/04/13;0300 UTC;;;;;;;;;;;;;;;;;;
2026/04/13;0400 UTC;;;;;;;;;;;;;;;;;;
2026/04/13;0500 UTC;;;;;;;;;;;;;;;;;;
2026/04/13;0600 UTC;;;;;;;;;;;;;;;;;;
2026/04/13;0700 UTC;;;;;;;;;;;;;;;;;;
2026/04/13;0800 UTC;;;;;;;;;;;;;;;;;;
2026/04/13;0900 UTC;;;;;;;;;;;;;;;;;;
2026/04/13;1000 UTC;;;;;;;;;;;;;;;;;;
2026/04/13;1100 UTC;;;;;;;;;;;;;;;;;;
2026/04/13;1200 UTC;;;;;;;;;;;;;;;;;;
2026/04/13;1300 UTC;;;;;;;;;;;;;;;;;;
2026/04/13;1400 UTC;;;;;;;;;;;;;;;;;;
2026/04/13;1500 UTC;;;;;;;;;;;;;;;;;;
2026/04/13;1600 UTC;;;;;;;;;;;;;;;;;;
2026/04/13;1700 UTC;;;;;;;;;;;;;;;;;;
2026/04/13;1800 UTC;;;;;;;;;;;;;;;;;;
2026/04/13;1900 UTC;;;;;;;;;;;;;;;;;;
2026/04/13;2000 UTC;;;;;;;;;;;;;;;;;;
2026/04/13;2100 UTC;;;;;;;;;;;;;;;;;;
2026/04/13;2200 UTC;;;;;;;;;;;;;;;;;;
2026/04/13;2300 UTC;;;;;;;;;;;;;;;;;;
2026/04/14;0000 UTC;;;;;;;;;;;;;;;;;;
2026/04/14;0100 UTC;;;;;;;;;;;;;;;;;;
2026/04/14;0200 UTC;;;;;;;;;;;;;;;;;;
2026/04/14;0300 UTC;;;;;;;;;;;;;;;;;;
2026/04/14;0400 UTC;;;;;;;;;;;;;;;;;;
2026/04/14;0500 UTC;;;;;;;;;;;;;;;;;;
2026/04/14;0600 UTC;;;;;;;;;;;;;;;;;;
2026/04/14;0700 UTC;;;;;;;;;;;;;;;;;;
2026/04/14;0800 UTC;;;;;;;;;;;;;;;;;;
2026/04/14;0900 UTC;;;;;;;;;;;;;;;;;;
2026/04/14;1000 UTC;;;;;;;;;;;;;;;;;;
2026/04/14;1100 UTC;;;;;;;;;;;;;;;;;;
2026/04/14;1200 UTC;;;;;;;;;;;;;;;;;;
2026/04/14;1300 UTC;;;;;;;;;;;;;;;;;;
2026/04/14;1400 UTC;;;;;;;;;;;;;;;;;;
2026/04/14;1500 UTC;;;;;;;;;;;;;;;;;;
2026/04/14;1600 UTC;;;;;;;;;;;;;;;;;;
2026/04/14;1700 UTC;;;;;;;;;;;;;;;;;;
2026/04/14;1800 UTC;;;;;;;;;;;;;;;;;;
2026/04/14;1900 UTC;;;;;;;;;;;;;;;;;;
2026/04/14;2000 UTC;;;;;;;;;;;;;;;;;;
2026/04/14;2100 UTC;;;;;;;;;;;;;;;;;;
2026/04/14;2200 UTC;;;;;;;;;;;;;;;;;;
2026/04/14;2300 UTC;;;;;;;;;;;;;;;;;;
2026/04/15;0000 UTC;;;;;;;;;;;;;;;;;;
2026/04/15;0100 UTC;;;;;;;;;;;;;;;;;;
2026/04/15;0200 UTC;;;;;;;;;;;;;;;;;;
2026/04/15;0300 UTC;;;;;;;;;;;;;;;;;;
2026/04/15;0400 UTC;;;;;;;;;;;;;;;;;;
2026/04/15;0500 UTC;;;;;;;;;;;;;;;;;;
2026/04/15;0600 UTC;;;;;;;;;;;;;;;;;;
2026/04/15;0700 UTC;;;;;;;;;;;;;;;;;;
2026/04/15;0800 UTC;;;;;;;;;;;;;;;;;;
2026/04/15;0900 UTC;;;;;;;;;;;;;;;;;;
2026/04/15;1000 UTC;;;;;;;;;;;;;;;;;;
2026/04/15;1100 UTC;;;;;;;;;;;;;;;;;;
2026/04/15;1200 UTC;;;;;;;;;;;;;;;;;;
2026/04/15;1300 UTC;;;;;;;;;;;;;;;;;;
2026/04/15;1400 UTC;;;;;;;;;;;;;;;;;;
2026/04/15;1500 UTC;;;;;;;;;;;;;;;;;;
2026/04/15;1600 UTC;;;;;;;;;;;;;;;;;;
2026/04/15;1700 UTC;;;;;;;;;;;;;;;;;;
2026/04/15;1800 UTC;;;;;;;;;;;;;;;;;;
2026/04/15;1900 UTC;;;;;;;;;;;;;;;;;;
2026/04/15;2000 UTC;;;;;;;;;;;;;;;;;;
2026/04/15;2100 UTC;;;;;;;;;;;;;;;;;;
2026/04/15;2200 UTC;;;;;;;;;;;;;;;;;;
2026/04/15;2300 UTC;;;;;;;;;;;;;;;;;;
2026/04/16;0000 UTC;;;;;;;;;;;;;;;;;;
2026/04/16;0100 UTC;;;;;;;;;;;;;;;;;;
2026/04/16;0200 UTC;;;;;;;;;;;;;;;;;;
2026/04/16;0300 UTC;;;;;;;;;;;;;;;;;;
2026/04/16;0400 UTC;;;;;;;;;;;;;;;;;;
2026/04/16;0500 UTC;;;;;;;;;;;;;;;;;;
2026/04/16;0600 UTC;;;;;;;;;;;;;;;;;;
2026/04/16;0700 UTC;;;;;;;;;;;;;;;;;;
2026/04/16;0800 UTC;;;;;;;;;;;;;;;;;;
2026/04/16;0900 UTC;;;;;;;;;;;;;;;;;;
2026/04/16;1000 UTC;;;;;;;;;;;;;;;;;;
2026/04/16;1100 UTC;;;;;;;;;;;;;;;;;;
2026/04/16;1200 UTC;;;;;;;;;;;;;;;;;;
2026/04/16;1300 UTC;;;;;;;;;;;;;;;;;;
2026/04/16;1400 UTC;;;;;;;;;;;;;;;;;;
2026/04/16;1500 UTC;;;;;;;;;;;;;;;;;;
2026/04/16;1600 UTC;;;;;;;;;;;;;;;;;;
2026/04/16;1700 UTC;;;;;;;;;;;;;;;;;;
2026/04/16;1800 UTC;;;;;;;;;;;;;;;;;;
2026/04/16;1900 UTC;;;;;;;;;;;;;;;;;;
2026/04/16;2000 UTC;;;;;;;;;;;;;;;;;;
2026/04/16;2100 UTC;;;;;;;;;;;;;;;;;;
2026/04/16;2200 UTC;;;;;;;;;;;;;;;;;;
2026/04/16;2300 UTC;;;;;;;;;;;;;;;;;;
2026/04/17;0000 UTC;;;;;;;;;;;;;;;;;;
2026/04/17;0100 UTC;;;;;;;;;;;;;;;;;;
2026/04/17;0200 UTC;;;;;;;;;;;;;;;;;;
2026/04/17;0300 UTC;;;;;;;;;;;;;;;;;;
2026/04/17;0400 UTC;;;;;;;;;;;;;;;;;;
2026/04/17;0500 UTC;;;;;;;;;;;;;;;;;;
2026/04/17;0600 UTC;;;;;;;;;;;;;;;;;;
2026/04/17;0700 UTC;;;;;;;;;;;;;;;;;;
2026/04/17;0800 UTC;;;;;;;;;;;;;;;;;;
2026/04/17;0900 UTC;;;;;;;;;;;;;;;;;;
2026/04/17;1000 UTC;;;;;;;;;;;;;;;;;;
2026/04/17;1100 UTC;;;;;;;;;;;;;;;;;;
2026/04/17;1200 UTC;;;;;;;;;;;;;;;;;;
2026/04/17;1300 UTC;;;;;;;;;;;;;;;;;;
2026/04/17;1400 UTC;;;;;;;;;;;;;;;;;;
2026/04/17;1500 UTC;;;;;;;;;;;;;;;;;;
2026/04/17;1600 UTC;;;;;;;;;;;;;;;;;;
2026/04/17;1700 UTC;;;;;;;;;;;;;;;;;;
2026/04/17;1800 UTC;;;;;;;;;;;;;;;;;;
2026/04/17;1900 UTC;;;;;;;;;;;;;;;;;;
2026/04/17;2000 UTC;;;;;;;;;;;;;;;;;;
2026/04/17;2100 UTC;;;;;;;;;;;;;;;;;;
2026/04/17;2200 UTC;;;;;;;;;;;;;;;;;;
2026/04/17;2300 UTC;;;;;;;;;;;;;;;;;;
2026/04/18;0000 UTC;;;;;;;;;;;;;;;;;;
2026/04/18;0100 UTC;;;;;;;;;;;;;;;;;;
2026/04/18;0200 UTC;;;;;;;;;;;;;;;;;;
2026/04/18;0300 UTC;;;;;;;;;;;;;;;;;;
2026/04/18;0400 UTC;;;;;;;;;;;;;;;;;;
2026/04/18;0500 UTC;;;;;;;;;;;;;;;;;;
2026/04/18;0600 UTC;;;;;;;;;;;;;;;;;;
2026/04/18;0700 UTC;;;;;;;;;;;;;;;;;;
2026/04/18;0800 UTC;;;;;;;;;;;;;;;;;;
2026/04/18;0900 UTC;;;;;;;;;;;;;;;;;;
2026/04/18;1000 UTC;;;;;;;;;;;;;;;;;;
2026/04/18;1100 UTC;;;;;;;;;;;;;;;;;;
2026/04/18;1200 UTC;;;;;;;;;;;;;;;;;;
2026/04/18;1300 UTC;;;;;;;;;;;;;;;;;;
2026/04/18;1400 UTC;;;;;;;;;;;;;;;;;;
2026/04/18;1500 UTC;;;;;;;;;;;;;;;;;;
2026/04/18;1600 UTC;;;;;;;;;;;;;;;;;;
2026/04/18;1700 UTC;;;;;;;;;;;;;;;;;;
2026/04/18;1800 UTC;;;;;;;;;;;;;;;;;;
2026/04/18;1900 UTC;;;;;;;;;;;;;;;;;;
2026/04/18;2000 UTC;;;;;;;;;;;;;;;;;;
2026/04/18;2100 UTC;;;;;;;;;;;;;;;;;;
2026/04/18;2200 UTC;;;;;;;;;;;;;;;;;;
2026/04/18;2300 UTC;;;;;;;;;;;;;;;;;;
2026/04/19;0000 UTC;;;;;;;;;;;;;;;;;;
2026/04/19;0100 UTC;;;;;;;;;;;;;;;;;;
2026/04/19;0200 UTC;;;;;;;;;;;;;;;;;;
2026/04/19;0300 UTC;;;;;;;;;;;;;;;;;;
2026/04/19;0400 UTC;;;;;;;;;;;;;;;;;;
2026/04/19;0500 UTC;;;;;;;;;;;;;;;;;;
2026/04/19;0600 UTC;;;;;;;;;;;;;;;;;;
2026/04/19;0700 UTC;;;;;;;;;;;;;;;;;;
2026/04/19;0800 UTC;;;;;;;;;;;;;;;;;;
2026/04/19;0900 UTC;;;;;;;;;;;;;;;;;;
2026/04/19;1000 UTC;;;;;;;;;;;;;;;;;;
2026/04/19;1100 UTC;;;;;;;;;;;;;;;;;;
2026/04/19;1200 UTC;;;;;;;;;;;;;;;;;;
2026/04/19;1300 UTC;;;;;;;;;;;;;;;;;;
2026/04/19;1400 UTC;;;;;;;;;;;;;;;;;;
2026/04/19;1500 UTC;;;;;;;;;;;;;;;;;;
2026/04/19;1600 UTC;;;;;;;;;;;;;;;;;;
2026/04/19;1700 UTC;;;;;;;;;;;;;;;;;;
2026/04/19;1800 UTC;;;;;;;;;;;;;;;;;;
2026/04/19;1900 UTC;;;;;;;;;;;;;;;;;;
2026/04/19;2000 UTC;;;;;;;;;;;;;;;;;;
2026/04/19;2100 UTC;;;;;;;;;;;;;;;;;;
2026/04/19;2200 UTC;;;;;;;;;;;;;;;;;;
2026/04/19;2300 UTC;;;;;;;;;;;;;;;;;;
2026/04/20;0000 UTC;;;;;;;;;;;;;;;;;;
2026/04/20;0100 UTC;;;;;;;;;;;;;;;;;;
2026/04/20;0200 UTC;;;;;;;;;;;;;;;;;;
2026/04/20;0300 UTC;;;;;;;;;;;;;;;;;;
2026/04/20;0400 UTC;;;;;;;;;;;;;;;;;;
2026/04/20;0500 UTC;;;;;;;;;;;;;;;;;;
2026/04/20;0600 UTC;;;;;;;;;;;;;;;;;;
2026/04/20;0700 UTC;;;;;;;;;;;;;;;;;;
2026/04/20;0800 UTC;;;;;;;;;;;;;;;;;;
2026/04/20;0900 UTC;;;;;;;;;;;;;;;;;;
2026/04/20;1000 UTC;;;;;;;;;;;;;;;;;;
2026/04/20;1100 UTC;;;;;;;;;;;;;;;;;;
2026/04/20;1200 UTC;;;;;;;;;;;;;;;;;;
2026/04/20;1300 UTC;;;;;;;;;;;;;;;;;;
2026/04/20;1400 UTC;;;;;;;;;;;;;;;;;;
2026/04/20;1500 UTC;;;;;;;;;;;;;;;;;;
2026/04/20;1600 UTC;;;;;;;;;;;;;;;;;;
2026/04/20;1700 UTC;;;;;;;;;;;;;;;;;;
2026/04/20;1800 UTC;;;;;;;;;;;;;;;;;;
2026/04/20;1900 UTC;;;;;;;;;;;;;;;;;;
2026/04/20;2000 UTC;;;;;;;;;;;;;;;;;;
2026/04/20;2100 UTC;;;;;;;;;;;;;;;;;;
2026/04/20;2200 UTC;;;;;;;;;;;;;;;;;;
2026/04/20;2300 UTC;;;;;;;;;;;;;;;;;;
2026/04/21;0000 UTC;;;;;;;;;;;;;;;;;;
2026/04/21;0100 UTC;;;;;;;;;;;;;;;;;;
2026/04/21;0200 UTC;;;;;;;;;;;;;;;;;;
2026/04/21;0300 UTC;;;;;;;;;;;;;;;;;;
2026/04/21;0400 UTC;;;;;;;;;;;;;;;;;;
2026/04/21;0500 UTC;;;;;;;;;;;;;;;;;;
2026/04/21;0600 UTC;;;;;;;;;;;;;;;;;;
2026/04/21;0700 UTC;;;;;;;;;;;;;;;;;;
2026/04/21;0800 UTC;;;;;;;;;;;;;;;;;;
2026/04/21;0900 UTC;;;;;;;;;;;;;;;;;;
2026/04/21;1000 UTC;;;;;;;;;;;;;;;;;;
2026/04/21;1100 UTC;;;;;;;;;;;;;;;;;;
2026/04/21;1200 UTC;;;;;;;;;;;;;;;;;;
2026/04/21;1300 UTC;;;;;;;;;;;;;;;;;;
2026/04/21;1400 UTC;;;;;;;;;;;;;;;;;;
2026/04/21;1500 UTC;;;;;;;;;;;;;;;;;;
2026/04/21;1600 UTC;;;;;;;;;;;;;;;;;;
2026/04/21;1700 UTC;;;;;;;;;;;;;;;;;;
2026/04/21;1800 UTC;;;;;;;;;;;;;;;;;;
2026/04/21;1900 UTC;;;;;;;;;;;;;;;;;;
2026/04/21;2000 UTC;;;;;;;;;;;;;;;;;;
2026/04/21;2100 UTC;;;;;;;;;;;;;;;;;;
2026/04/21;2200 UTC;;;;;;;;;;;;;;;;;;
2026/04/21;2300 UTC;;;;;;;;;;;;;;;;;;
2026/04/22;0000 UTC;;;;;;;;;;;;;;;;;;
2026/04/22;0100 UTC;;;;;;;;;;;;;;;;;;
2026/04/22;0200 UTC;;;;;;;;;;;;;;;;;;
2026/04/22;0300 UTC;;;;;;;;;;;;;;;;;;
2026/04/22;0400 UTC;;;;;;;;;;;;;;;;;;
2026/04/22;0500 UTC;;;;;;;;;;;;;;;;;;
2026/04/22;0600 UTC;;;;;;;;;;;;;;;;;;
2026/04/22;0700 UTC;;;;;;;;;;;;;;;;;;
2026/04/22;0800 UTC;;;;;;;;;;;;;;;;;;
2026/04/22;0900 UTC;;;;;;;;;;;;;;;;;;
2026/04/22;1000 UTC;;;;;;;;;;;;;;;;;;
2026/04/22;1100 UTC;;;;;;;;;;;;;;;;;;
2026/04/22;1200 UTC;;;;;;;;;;;;;;;;;;
2026/04/22;1300 UTC;;;;;;;;;;;;;;;;;;
2026/04/22;1400 UTC;;;;;;;;;;;;;;;;;;
2026/04/22;1500 UTC;;;;;;;;;;;;;;;;;;
2026/04/22;1600 UTC;;;;;;;;;;;;;;;;;;
2026/04/22;1700 UTC;;;;;;;;;;;;;;;;;;
2026/04/22;1800 UTC;;;;;;;;;;;;;;;;;;
2026/04/22;1900 UTC;;;;;;;;;;;;;;;;;;
2026/04/22;2000 UTC;;;;;;;;;;;;;;;;;;
2026/04/22;2100 UTC;;;;;;;;;;;;;;;;;;
2026/04/22;2200 UTC;;;;;;;;;;;;;;;;;;
2026/04/22;2300 UTC;;;;;;;;;;;;;;;;;;
2026/04/23;0000 UTC;;;;;;;;;;;;;;;;;;
2026/04/23;0100 UTC;;;;;;;;;;;;;;;;;;
2026/04/23;0200 UTC;;;;;;;;;;;;;;;;;;
2026/04/23;0300 UTC;;;;;;;;;;;;;;;;;;
2026/04/23;0400 UTC;;;;;;;;;;;;;;;;;;
2026/04/23;0500 UTC;;;;;;;;;;;;;;;;;;
2026/04/23;0600 UTC;;;;;;;;;;;;;;;;;;
2026/04/23;0700 UTC;;;;;;;;;;;;;;;;;;
2026/04/23;0800 UTC;;;;;;;;;;;;;;;;;;
2026/04/23;0900 UTC;;;;;;;;;;;;;;;;;;
2026/04/23;1000 UTC;;;;;;;;;;;;;;;;;;
2026/04/23;1100 UTC;;;;;;;;;;;;;;;;;;
2026/04/23;1200 UTC;;;;;;;;;;;;;;;;;;
2026/04/23;1300 UTC;;;;;;;;;;;;;;;;;;
2026/04/23;1400 UTC;;;;;;;;;;;;;;;;;;
2026/04/23;1500 UTC;;;;;;;;;;;;;;;;;;
2026/04/23;1600 UTC;;;;;;;;;;;;;;;;;;
2026/04/23;1700 UTC;;;;;;;;;;;;;;;;;;
2026/04/23;1800 UTC;;;;;;;;;;;;;;;;;;
2026/04/23;1900 UTC;;;;;;;;;;;;;;;;;;
2026/04/23;2000 UTC;;;;;;;;;;;;;;;;;;
2026/04/23;2100 UTC;;;;;;;;;;;;;;;;;;
2026/04/23;2200 UTC;;;;;;;;;;;;;;;;;;
2026/04/23;2300 UTC;;;;;;;;;;;;;;;;;;
2026/04/24;0000 UTC;;;;;;;;;;;;;;;;;;
2026/04/24;0100 UTC;;;;;;;;;;;;;;;;;;
2026/04/24;0200 UTC;;;;;;;;;;;;;;;;;;
2026/04/24;0300 UTC;;;;;;;;;;;;;;;;;;
2026/04/24;0400 UTC;;;;;;;;;;;;;;;;;;
2026/04/24;0500 UTC;;;;;;;;;;;;;;;;;;
2026/04/24;0600 UTC;;;;;;;;;;;;;;;;;;
2026/04/24;0700 UTC;;;;;;;;;;;;;;;;;;
2026/04/24;0800 UTC;;;;;;;;;;;;;;;;;;
2026/04/24;0900 UTC;;;;;;;;;;;;;;;;;;
2026/04/24;1000 UTC;;;;;;;;;;;;;;;;;;
2026/04/24;1100 UTC;;;;;;;;;;;;;;;;;;
2026/04/24;1200 UTC;0;1002,8;1002,9;1002,8;178;20,5;20,2;20,6;20,4;20,4;20;99;98;99;84;2,8;1,2;
2026/04/24;1300 UTC;,2;1003;1003,1;1002,8;313,3;20,6;20,2;20,7;20,5;20,4;19,9;99;96;98;91;3,4;1,7;
2026/04/24;1400 UTC;,2;1003;1003,5;1002,6;488,9;21;20,5;21,3;20,7;20,9;20,2;99;96;97;245;2,4;1;
2026/04/24;1500 UTC;0;1002,8;1003,5;1002,3;572,6;21,6;20,9;22;21,2;21,3;20,5;98;94;96;70;2,4;1;
2026/04/24;1600 UTC;,2;1001,7;1002,3;1001,1;696,6;22,2;21,1;22,4;21,9;21,5;20,8;96;92;95;60;3,3;1,6;
2026/04/24;1700 UTC;0;1000,7;1001,1;1000,4;1400,4;23,1;21,6;23,7;22,4;22,3;21;97;89;93;67;2,4;1,4;
2026/04/24;1800 UTC;0;1000,2;1000,5;999,9;585,3;23,7;21,7;23,9;23,5;22,2;21,2;92;87;90;225;2,8;1,5;
2026/04/24;1900 UTC;,2;999,5;999,8;999,4;350,2;23,8;21,7;24;23,4;22,2;21,2;93;86;90;182;2,8;1,5;
2026/04/24;2000 UTC;1,4;999,7;1000;999,4;89,6;22,8;21,9;23,4;22,3;22,2;21,6;98;92;96;216;5,3;3,3;
2026/04/24;2100 UTC;4,8;999,9;1000,1;999,7;12,1;21,9;21,5;22,2;21,7;21,8;21,3;99;96;98;178;2,7;1,5;
2026/04/24;2200 UTC;6,7;1000,3;1000,9;999,9;0;21,6;21,5;21,7;21,5;21,6;21,4;100;99;100;201;2,8;1,6;
2026/04/24;2300 UTC;,6;1000,6;1000,9;1000,3;0;21,5;21,6;21,6;21,5;21,6;21,5;100;100;100;207;2,6;1,2;
2026/04/25;0000 UTC;3,2;1001,4;1002,2;1000,6;0;21,3;21;21,6;20,7;21,5;19,8;100;95;99;214;7,4;4;
2026/04/25;0100 UTC;8,3;1002,1;1002,4;1001,7;0;20,2;19,7;20,7;19,8;20,2;19,6;100;96;98;183;2,1;1,1;
2026/04/25;0200 UTC;2,4;1002;1002,4;1001,5;0;19,6;19,5;19,7;19,5;19,7;19,4;100;100;100;183;3,4;1,7;
2026/04/25;0300 UTC;,2;1001,1;1001,8;1000,6;0;19,6;19,6;19,7;19,6;19,7;19,5;100;100;100;95;2,4;1,2;
2026/04/25;0400 UTC;,6;1001;1001,4;1000,8;0;19,7;19,7;19,8;19,7;19,8;19,6;100;100;100;45;2,9;1,5;
2026/04/25;0500 UTC;0;1000,5;1000,8;1000,3;0;19,9;19,9;19,9;19,8;20;19,8;100;100;100;108;2,5;1;
2026/04/25;0600 UTC;0;1000,2;1000,4;1000,1;0;19,8;19,6;19,9;19,7;19,8;19,4;100;98;99;106;2,4;1,2;
2026/04/25;0700 UTC;,2;999,9;1000,1;999,8;0;19,7;19,5;19,7;19,6;19,6;19,4;99;99;99;105;2,7;1,2;
2026/04/25;0800 UTC;0;999,8;999,9;999,6;0;19,6;19,5;19,7;19,6;19,6;19,4;100;99;99;98;1,2;,6;
2026/04/25;0900 UTC;0;999,9;1000,1;999,7;0;19,7;19,6;19,7;19,6;19,6;19,6;100;100;100;165;1,1;,6;
2026/04/25;1000 UTC;0;1000,2;1000,4;1000;0;19,7;19,6;19,8;19,6;19,7;19,5;100;99;99;146;1,1;,6;
2026/04/25;1100 UTC;0;1000,7;1001;1000,3;49,5;19,8;19,8;20;19,7;20;19,6;100;99;100;169;,9;,4;
2026/04/25;1200 UTC;0;1001,4;1001,8;1001;226,4;20,2;19,9;20,8;20;20,4;19,7;100;95;98;192;1,7;1;
2026/04/25;1300 UTC;0;1001,8;1001,9;1001,6;747,6;21,2;19,8;21,9;20,7;20,8;19,4;96;88;93;139;2,1;1;
2026/04/25;1400 UTC;0;1001,5;1001,7;1001,3;1018,4;22;19,8;22,6;21,7;20,6;19,1;92;86;89;74;1,8;1,1;
2026/04/25;1500 UTC;0;1001,1;1001,4;1000,9;1124,1;22,9;20;23,4;22,6;20,8;19,5;89;81;86;294;2,6;1;
2026/04/25;1600 UTC;0;1000,3;1000,9;999,7;1406,1;23,7;20;24,3;23,1;20,7;19,3;86;76;81;245;2,4;1;
2026/04/25;1700 UTC;0;999,2;999,7;998,8;967,4;24,2;19,8;24,9;23,9;20,5;19,2;81;75;78;161;1,9;,7;
2026/04/25;1800 UTC;0;998,5;998,8;998,3;915,1;24,6;19,9;24,9;24,3;20,5;19,5;81;74;76;196;1,4;,6;
2026/04/25;1900 UTC;0;998,3;998,4;998,3;624,3;24,6;20,1;24,9;24,4;20,6;19,8;80;75;78;202;2,3;1;
2026/04/25;2000 UTC;0;998,3;998,4;998;492,7;24,6;20,3;24,8;24,3;20,8;19,8;81;75;78;199;1,2;,7;
2026/04/25;2100 UTC;0;997,9;998;997,7;142,9;23,9;20,9;24,4;23,4;21,8;20,1;92;79;85;214;,9;,3;
2026/04/25;2200 UTC;0;997,5;997,7;997,3;2,5;22,6;21,3;23,4;21,7;21,5;21;97;90;94;160;,8;,4;
2026/04/25;2300 UTC;0;997,7;998,1;997,3;0;21,4;20,9;21,7;21,2;21,1;20,7;98;97;97;196;1;,6;
2026/04/26;0000 UTC;0;998,3;998,6;998;0;21,5;21,1;21,5;21,4;21,2;20,9;98;97;98;137;1;,3;
2026/04/26;0100 UTC;0;998,3;998,7;998;0;21,4;21,1;21,5;21,3;21,3;21,1;99;98;99;62;1,2;,7;
2026/04/26;0200 UTC;,8;998,6;999,2;998,1;0;21,4;21,3;21,5;21,3;21,5;21,2;100;99;100;240;2,3;1,3;
2026/04/26;0300 UTC;1,6;998,6;999,1;998,3;0;21,4;21,4;21,6;21,2;21,5;21,2;100;99;100;257;2,2;1,2;
2026/04/26;0400 UTC;,2;998,2;998,7;997,7;0;21,2;21,2;21,3;21,1;21,3;21,1;100;100;100;285;1,1;,5;
2026/04/26;0500 UTC;,2;997,5;997,9;997,3;0;21;21;21,1;20,8;21,1;20,9;100;100;100;230;1,2;,6;
2026/04/26;0600 UTC;,4;997,4;997,8;996,9;0;20,9;20,9;20,9;20,8;21;20,8;100;100;100;218;1,8;1;
2026/04/26;0700 UTC;0;996,7;997,1;996,4;0;20,7;20,7;20,8;20,6;20,8;20,7;100;100;100;276;2,3;,8;
2026/04/26;0800 UTC;2,2;996,9;997,3;996,7;0;20,7;20,8;20,7;20,6;20,8;20,7;100;100;100;222;2,5;1,5;
2026/04/26;0900 UTC;,2;996,9;997,1;996,7;0;20,7;20,7;20,7;20,7;20,7;20,6;100;100;100;221;2;1,2;
2026/04/26;1000 UTC;0;997,6;998,2;997,1;0;20,7;20,6;20,9;20,7;20,7;20,3;100;98;99;241;3,2;1,2;
2026/04/26;1100 UTC;0;998,6;998,9;998,2;69,9;20,8;20,6;21;20,7;20,9;20,4;99;98;99;118;,7;,4;
2026/04/26;1200 UTC;0;998,4;998,7;998,1;753,6;21,5;20,5;22,7;20,9;20,9;19,7;99;87;95;203;2,6;1;
2026/04/26;1300 UTC;0;998,8;999;998,7;1371,2;23;20,3;24,2;22,1;21,4;19,5;94;81;86;219;1,9;1,2;
2026/04/26;1400 UTC;0;999;999,1;999;1615,3;23,6;19,6;24,4;22,9;20,5;18,4;88;72;80;226;4;1,7;
2026/04/26;1500 UTC;0;998,5;999;998,1;2214,5;24,8;19;25,3;24,4;20,2;18;77;65;71;182;4,3;2,1;
2026/04/26;1600 UTC;0;997,9;998,1;997,6;2394,2;25,7;18,6;26,6;24,9;19,8;17,7;70;58;64;208;4,2;2,5;
2026/04/26;1700 UTC;0;997,1;997,6;996,4;2482,5;26,2;18,5;27,1;25;19,6;17,8;69;56;61;178;5,2;2,5;
2026/04/26;1800 UTC;0;996,3;996,4;996,2;2177,5;26,6;18,4;27,2;25,8;19,2;17,7;63;54;59;185;4,3;2;
2026/04/26;1900 UTC;0;996,6;996,9;996,2;1545,9;26,8;18,3;27,5;26,3;19,2;17,7;62;53;57;289;4,1;1,6;
2026/04/26;2000 UTC;0;997,1;997,3;996,9;773,1;26,5;18,1;27,4;25,7;18,8;17,2;65;52;58;232;4;1,7;
2026/04/26;2100 UTC;0;997,6;997,8;997,3;152,3;25,1;18,5;26,2;23,9;19,5;17,5;75;57;67;209;1,9;1,2;
2026/04/26;2200 UTC;0;998;998,4;997,6;2,5;22,1;18,6;23,8;21;20;17,6;87;76;82;234;2,4;1,2;
2026/04/26;2300 UTC;0;999;999,6;998,4;0;20,2;18,3;21,1;19,2;18,6;17,7;96;84;91;231;,6;,3;
2026/04/27;0000 UTC;0;1000;1000,3;999,6;0;18,6;18;19,2;18,1;18,6;17,3;98;95;97;280;1;,2;
2026/04/27;0100 UTC;0;1000,6;1000,7;1000,2;0;17,7;17,4;18,2;17,2;17,6;17;99;96;99;234;1,7;,7;
2026/04/27;0200 UTC;0;1000,8;1001;1000,7;0;16,8;16,6;17,3;16,5;17,1;16,2;100;98;99;248;,8;,4;
2026/04/27;0300 UTC;0;1001,2;1001,8;1001;0;16,7;16,3;19,3;16,2;17,6;15,3;100;80;98;248;11,3;2;
2026/04/27;0400 UTC;0;1001,9;1002,3;1001,4;0;18,7;14,7;19,4;18,2;15,4;14,4;82;78;80;198;0;0;
2026/04/27;0500 UTC;0;1002,6;1003,1;1002,2;0;17,8;13,1;18,2;16,8;14,5;12,4;82;74;77;228;5,3;2,1;
2026/04/27;0600 UTC;0;1003,4;1003,6;1003,1;0;16,5;10,4;16,9;15,8;12,6;8,7;78;64;70;233;4,5;2,1;
2026/04/27;0700 UTC;0;1003,8;1004;1003,6;0;14,4;10,3;16,2;12,8;11,7;8,7;93;63;79;197;,9;,4;
2026/04/27;0800 UTC;0;1004,3;1004,8;1003,9;0;12,5;10,3;12,8;12,1;11,6;8,2;95;79;89;256;1,6;,5;
2026/04/27;0900 UTC;0;1005,3;1006;1004,8;0;11,9;7;12,7;10;8,4;6;86;68;75;251;1,5;,5;
2026/04/27;1000 UTC;0;1006,6;1006,9;1005,9;0;10;6,6;10,8;9,2;7,3;6;87;77;83;234;4,6;2,2;
2026/04/27;1100 UTC;0;1007,4;1007,6;1006,9;153,5;10,6;5,8;11,6;9,9;6,5;5,1;81;69;76;216;5,4;2,2;
2026/04/27;1200 UTC;0;1007,7;1007,9;1007,6;926,1;12,1;5;12,7;11,5;6,1;4,1;72;58;65;200;4,2;1,5;
2026/04/27;1300 UTC;0;1008,1;1008,3;1007,9;1725,8;13,2;4,2;13,7;12,7;5,5;2,8;62;48;55;199;3,4;1,2;
2026/04/27;1400 UTC;0;1008;1008,2;1007,8;2357,7;14,4;4,5;15,1;13,8;5,2;3,6;54;45;50;204;9,2;2,8;
2026/04/27;1500 UTC;0;1007,5;1007,8;1007,1;2761,2;15,7;4,7;16,4;14,7;5,9;3,9;52;41;45;190;5,4;2,3;
2026/04/27;1600 UTC;0;1006,6;1007,1;1006,1;2921,3;17;5,4;17,7;16;6,5;4,1;47;39;42;157;6;2,3;
2026/04/27;1700 UTC;0;1005,8;1006,1;1005,6;2773;17,9;6,6;18,5;17,5;7,3;5,8;47;41;43;209;5,8;1,8;
2026/04/27;1800 UTC;0;1005,3;1005,6;1005,2;2408,6;18,4;6,8;19;17,9;7,8;6,1;46;38;42;152;5,4;1,4;
2026/04/27;1900 UTC;0;1005,3;1005,4;1005,2;1820,8;18,8;6,8;19,2;18,5;7,7;6,1;44;37;40;222;3,9;2;
2026/04/27;2000 UTC;0;1005,4;1005,5;1005,2;1097,3;18,5;6,4;18,8;18,2;7,1;5,8;43;36;40;216;3,4;1,9;
2026/04/27;2100 UTC;0;1005,5;1005,6;1005,5;123,3;17;6,8;18,1;15,2;7,9;5,8;62;39;49;248;2,5;2,5;
2026/04/27;2200 UTC;0;1005,7;1005,9;1005,5;1,5;13,2;8,1;15,2;11,4;9,1;7,5;85;62;75;211;,7;,3;
2026/04/27;2300 UTC;0;1006,1;1006,4;1005,9;0;11,1;7,9;11,7;10,5;8,4;7,6;89;79;84;244;,7;,3;
2026/04/28;0000 UTC;0;1006,6;1006,9;1006,3;0;9,9;8,3;10,5;9,3;8,6;7,7;96;88;92;185;,6;,2;
2026/04/28;0100 UTC;0;1007;1007;1006,9;0;9;8,4;9,2;8,9;8,5;8,3;98;96;97;167;2,6;,3;
2026/04/28;0200 UTC;0;1006,9;1007;1006,7;0;8,6;8,2;8,9;8,3;8,5;7,2;99;94;98;209;2,9;,5;
2026/04/28;0300 UTC;0;1006,7;1006,7;1006,6;0;7,9;7,2;8,4;7,4;7,5;6,9;99;94;97;228;3;,6;
2026/04/28;0400 UTC;0;1006,4;1006,6;1006,2;0;7,2;7;7,4;6,9;7,2;6,5;100;97;99;223;,9;,6;
2026/04/28;0500 UTC;0;1006;1006,2;1005,7;0;7;7;7,4;6,7;7,5;6,5;100;99;100;190;1,5;,8;
2026/04/28;0600 UTC;0;1005,4;1005,7;1005,1;0;7;7;7,2;6,8;7,3;6,8;100;100;100;188;,9;,6;
2026/04/28;0700 UTC;0;1005;1005,1;1004,9;0;6,7;6,7;7,5;6,2;7,5;6,3;100;100;100;192;,8;,5;
2026/04/28;0800 UTC;0;1005;1005,1;1004,8;0;7,7;7,7;7,9;7,5;7,9;7,5;100;100;100;222;1,3;,3;
2026/04/28;0900 UTC;0;1005,4;1005,8;1005,1;0;7,9;7,9;8,4;7,5;8,4;7,5;100;100;100;155;,9;,4;
2026/04/28;1000 UTC;0;1006,2;1006,7;1005,8;0;8,4;8,4;8,6;7,9;8,6;8;100;100;100;93;1,4;,5;
2026/04/28;1100 UTC;0;1006,9;1007,3;1006,7;98,2;8,1;8,1;8,4;7,9;8,4;7,9;100;100;100;145;1,4;,6;
2026/04/28;1200 UTC;0;1007,4;1007,4;1007,3;731,3;9;9;10,6;8;10,4;8,1;100;99;100;80;1,8;,5;
2026/04/28;1300 UTC;0;1007,4;1007,5;1007,4;1679,1;12,6;9,2;14,5;10,5;10,5;7,7;97;67;83;100;2,2;,7;
2026/04/28;1400 UTC;0;1007,2;1007,4;1007;2285,6;16,2;7,3;17,5;14,3;8,6;5,7;69;42;55;220;7,3;4,5;
2026/04/28;1500 UTC;0;1006,6;1007;1006;2670,6;18,3;7,1;19,2;17,5;8;6,2;48;39;44;136;3,2;1,1;
2026/04/28;1600 UTC;0;1005,4;1005,9;1005;2812,5;19,8;8,1;20,5;18,9;9,6;7,2;47;38;42;143;2,9;1,2;
2026/04/28;1700 UTC;0;1004,5;1005,1;1004,1;2690,3;20,8;9;21,4;20,1;10;8,2;46;36;41;158;3,5;,7;
2026/04/28;1800 UTC;0;1003,6;1004,1;1003,2;2341,9;21,5;9,2;22;21;10,3;8,5;45;34;39;166;4;,9;
2026/04/28;1900 UTC;0;1003,3;1003,4;1003,2;1771,1;21,9;9,1;22,2;21,7;10,2;8,6;40;33;36;175;4;2;
2026/04/28;2000 UTC;0;1002,9;1003,3;1002,7;1042,3;21,8;9,2;22,1;21,3;9,9;8,8;40;34;37;164;3,7;1,7;
2026/04/28;2100 UTC;0;1002,5;1002,7;1002,3;131,3;20,1;9,4;21,3;18,3;10,3;8,8;60;39;46;199;2,1;,8;
2026/04/28;2200 UTC;0;1002,8;1003,2;1002,4;,9;14,8;10,2;18,2;12,5;10,8;9,6;87;60;77;266;9,3;8,5;
2026/04/28;2300 UTC;0;1003,3;1003,5;1003,1;0;12,1;9,4;12,4;11,6;10,1;9;90;85;87;256;,9;,3;
2026/04/29;0000 UTC;0;1003,4;1003,7;1003,3;0;11,1;9,5;12,1;10,8;10,1;9;95;85;92;241;,5;,3;
2026/04/29;0100 UTC;0;1003,6;1003,7;1003,5;0;10,1;9;10,6;9,6;9,5;7,8;97;90;94;202;,5;,3;
2026/04/29;0200 UTC;0;1003,6;1003,7;1003,4;0;9,8;9,1;9,9;9,6;9,3;8,6;98;94;97;139;,9;,4;
2026/04/29;0300 UTC;0;1003,2;1003,4;1003;0;9,3;9,1;9,7;9,1;9,3;8,7;100;98;99;202;2,3;,3;
2026/04/29;0400 UTC;0;1002,8;1003,1;1002,6;0;9,3;9,3;9,7;9;9,8;8,6;100;98;100;179;1,4;,3;
2026/04/29;0500 UTC;0;1002;1002,5;1001,8;0;9,3;9,3;9,8;8,8;9,8;8,7;100;99;100;170;1,8;,6;
2026/04/29;0600 UTC;0;1001,8;1002;1001,6;0;8,7;8,6;9,2;8,2;9,1;8,1;100;99;100;177;1,1;,4;
2026/04/29;0700 UTC;0;1001,5;1001,7;1001,2;0;8,4;8,5;8,8;8,2;8,8;8,1;100;100;100;207;,7;,3;
2026/04/29;0800 UTC;0;1001,2;1001,4;1001;0;9,1;9,2;9,9;8,5;10;8,5;100;100;100;186;,8;,3;
2026/04/29;0900 UTC;0;1001,2;1001,3;1001;0;10,1;10,1;10,2;9,9;10,3;10;100;100;100;181;,6;,3;
2026/04/29;1000 UTC;0;1001,1;1001,3;1001;0;9,5;9,5;10;8,9;10;8,7;100;99;100;85;,8;,3;
2026/04/29;1100 UTC;0;1001,5;1001,8;1001,1;162,9;9,4;9,4;11;8,8;11;8,8;100;100;100;139;3;,3;
2026/04/29;1200 UTC;0;1001,9;1002,1;1001,7;1297;12,9;10,3;14,4;11,2;11,2;9,5;100;81;87;46;2,3;1,1;
2026/04/29;1300 UTC;0;1001,4;1001,9;1000,9;1651,5;16,2;10,8;17,7;14,5;11,8;10,1;83;66;73;57;3,4;1,6;
2026/04/29;1400 UTC;0;1001,4;1001,6;1000,9;2217,3;19;12,1;20,4;17,7;13,1;11,1;71;62;65;232;2,1;,1;
2026/04/29;1500 UTC;0;1001,5;1001,7;1001,1;2591;20,9;13,5;21,8;20,3;14,1;12,9;66;60;63;150;2,4;1,1;
2026/04/29;1600 UTC;0;1000,8;1001,1;1000,5;2725,2;22,5;14,2;23,6;21,5;15,4;13,3;61;57;59;191;4,5;1,7;
2026/04/29;1700 UTC;0;1000,3;1000,5;1000;2623,2;24;15,4;24,6;23,4;15,9;14,8;60;53;57;222;7;4,4;
2026/04/29;1800 UTC;0;999,7;1000,1;999,3;2283,1;25,1;15,7;25,5;24,4;16,6;15,2;58;49;53;209;5,6;2,9;
2026/04/29;1900 UTC;0;999,3;999,5;999,2;1727,6;25,5;15,4;25,7;25,3;16,1;14,7;53;46;49;210;4,3;2,8;
2026/04/29;2000 UTC;0;999,3;999,5;999,1;1029;25,6;14,9;25,8;25,4;15,4;14,5;49;45;47;161;4,7;2,3;
2026/04/29;2100 UTC;0;999,7;1000;999,2;120;23,7;15,2;25,3;20,8;15,9;14,6;74;47;58;180;,8;,3;
2026/04/29;2200 UTC;0;1000,4;1000,7;1000;1,4;18,1;14,8;20,6;16,4;15,6;14;90;75;83;230;1,7;,7;
2026/04/29;2300 UTC;0;1001;1001,3;1000,8;0;15,9;13,5;16,4;15,1;14,2;12,8;91;86;88;183;,8;,3;
2026/04/30;0000 UTC;0;1001,5;1001,8;1001,3;0;14,3;13,1;15,1;13,2;13,8;11,8;96;90;94;183;1,7;1;
2026/04/30;0100 UTC;0;1002;1002,4;1001,8;0;13,2;12,8;13,7;12,7;13,5;11,8;99;95;98;256;,6;,3;
2026/04/30;0200 UTC;0;1002,8;1003,1;1002,5;0;12,4;12,1;12,9;11,5;12,7;10,9;100;96;99;200;1,3;,6;
2026/04/30;0300 UTC;0;1003,2;1003,4;1003;0;11,9;11,9;12,2;11,1;12,2;11,1;100;99;100;180;2;1;
2026/04/30;0400 UTC;0;1003,4;1003,5;1003,3;0;11,5;11,6;11,9;11,1;11,9;11,1;100;100;100;194;1,5;,4;
2026/04/30;0500 UTC;0;1003,4;1003,5;1003,3;0;10,9;11;11,1;10,6;11,1;10,6;100;100;100;188;1;,3;
2026/04/30;0600 UTC;0;1003,4;1003,5;1003,2;0;10,6;10,6;11,2;10,2;11,2;10,3;100;100;100;235;1,4;,4;
2026/04/30;0700 UTC;0;1003;1003,3;1002,8;0;11,6;11,6;12,4;11;12,4;11;100;100;100;193;1,3;,3;
2026/04/30;0800 UTC;,2;1002,9;1002,9;1002,8;0;12,3;12,3;12,4;12,2;12,5;12,2;100;100;100;29;,8;,3;
2026/04/30;0900 UTC;0;1002,7;1002,9;1002,6;0;12,1;12,1;12,5;11,8;12,5;11,8;100;100;100;132;,6;,3;
2026/04/30;1000 UTC;0;1003,2;1003,5;1002,8;0;11,1;11,2;11,9;10,1;11,9;10,2;100;100;100;217;1,3;,4;
2026/04/30;1100 UTC;0;1004;1004,3;1003,5;82,9;11,2;11,3;12,2;10,1;12,2;10,2;100;100;100;143;1,6;,4;
2026/04/30;1200 UTC;0;1004,3;1004,4;1004,2;760,1;12,7;12,7;13,9;11,9;13,9;11,9;100;99;100;138;1,8;,4;
2026/04/30;1300 UTC;0;1004,3;1004,5;1004,2;1444,1;15,7;13,6;17,5;13,8;14,6;12,6;98;78;89;65;3;1,4;
2026/04/30;1400 UTC;0;1004,2;1004,4;1004;2168,9;18,8;13,5;19,9;17,6;14,4;12,3;78;70;74;45;2,6;,4;
2026/04/30;1500 UTC;0;1003,5;1004;1003;2605,9;21,2;15,3;22,8;19,9;16,5;14,3;75;67;70;72;5;2,4;
2026/04/30;1600 UTC;0;1002,6;1003;1002,2;2668,4;22,7;16,6;23,4;22,2;17,5;15,9;73;65;70;46;5,2;3,2;
2026/04/30;1700 UTC;0;1001,8;1002,2;1001,4;2637,4;23,2;16,9;23,7;22,3;17,7;16,2;73;63;69;51;5,5;3,1;
2026/04/30;1800 UTC;0;1000,9;1001,3;1000,5;2203,4;24,4;16,7;25,1;23,7;17,2;16,2;66;57;62;46;5,2;2,6;
2026/04/30;1900 UTC;0;1000,2;1000,5;999,9;1691,4;25,3;17,1;25,7;25;17,7;16,8;62;57;59;46;3,3;2;
2026/04/30;2000 UTC;0;1000;1000,1;999,8;957,7;25,7;17,6;26,5;25,2;17,9;17;63;55;59;179;1,8;1,1;
2026/04/30;2100 UTC;0;1000,2;1000,4;1000;157,2;23,8;17,8;25,2;22,1;18,1;17,4;79;62;70;18;,9;,6;
2026/04/30;2200 UTC;0;1000,3;1000,4;1000,3;0;19,6;17,3;22;18,6;18,1;16,7;93;79;88;142;1,4;1;
2026/04/30;2300 UTC;0;1000,5;1000,8;1000,4;0;18,1;16,9;18,6;17,3;17,2;16,1;95;90;94;180;0;0;
2026/05/01;0000 UTC;0;1001;1001,3;1000,8;0;17,2;16,5;17,6;17,1;16,7;15,9;97;94;96;149;1;,4;
2026/05/01;0100 UTC;0;1001,4;1001,5;1001,3;0;17,2;16,4;17,9;16,9;16,6;16,1;98;91;96;122;1,5;,3;
2026/05/01;0200 UTC;0;1001,5;1001,6;1001,3;0;18,2;16,7;19,1;17,7;17,3;16,1;95;90;93;119;1,2;,5;
2026/05/01;0300 UTC;0;1001;1001,3;1000,9;0;19,9;16,7;20,7;19,2;17;16,5;89;80;84;84;2,4;1,2;
2026/05/01;0400 UTC;0;1000,6;1001;1000,4;0;20,4;16,6;20,6;20;17;16,4;85;79;81;86;1,6;,7;
2026/05/01;0500 UTC;0;1000,3;1000,5;999,9;0;20,4;16,9;20,6;19,9;17,4;16,5;87;80;83;96;2,4;1,4;
2026/05/01;0600 UTC;0;999,8;999,9;999,6;0;21,1;17;21,5;20,4;17,2;16,9;84;78;80;85;3,8;1,4;
2026/05/01;0700 UTC;0;999,5;999,6;999,4;0;21,4;17,3;21,6;21,2;17,5;17;81;78;80;85;3,4;1,6;
2026/05/01;0800 UTC;0;999,2;999,4;999,1;0;21,1;17,6;21,2;21;17,8;17,4;84;81;83;80;3,5;1,6;
2026/05/01;0900 UTC;0;999,1;999,5;998,9;0;21,2;17,7;21,3;21,1;17,8;17,6;83;82;83;55;4,8;1,8;
2026/05/01;1000 UTC;0;999,8;1000,1;999,4;0;21;17,8;21,3;20,8;18;17,6;86;82;84;57;2,8;1,6;
2026/05/01;1100 UTC;0;1000,2;1000,4;1000;73,1;21,2;18;21,3;20,9;18,1;17,9;85;83;84;59;4,5;1,8;
2026/05/01;1200 UTC;0;1000,5;1000,7;1000,4;342,4;21,5;18,2;21,7;21,3;18,5;18;85;82;84;70;4,3;1,7;
2026/05/01;1300 UTC;0;1000,8;1001;1000,7;458,9;22,1;18,6;22,5;21,8;18,9;18,4;84;81;83;82;4,6;2;
2026/05/01;1400 UTC;0;1000,7;1001;1000,4;727,3;23;19,1;23,7;22,4;19,6;18,7;83;78;81;80;3,8;1,7;
2026/05/01;1500 UTC;0;1000;1000,4;999,6;1067;24,8;20,2;25,8;23,7;21;19,4;80;75;77;74;3,1;1,4;
2026/05/01;1600 UTC;0;998,9;999,6;998,4;1796,6;27,5;21,9;29,3;25,9;23,2;20,9;76;67;72;80;4;2,1;
2026/05/01;1700 UTC;0;997,7;998,4;997,2;2468,8;31;23,3;31,7;29,3;23,6;22,8;69;58;61;163;7,4;4,6;
2026/05/01;1800 UTC;0;996,7;997,1;996,4;1889,8;31,7;23,5;32,1;30,8;23,9;23;61;57;59;297;8,3;4,2;
2026/05/01;1900 UTC;0;996,3;996,4;996,1;1292,8;31,3;23,5;31,9;30,7;23,9;23,1;63;58;61;266;7,2;4;
2026/05/01;2000 UTC;0;996,1;996,2;996;813,1;31,4;23,6;31,8;30,8;24;23,4;65;59;61;250;4,9;2,3;
2026/05/01;2100 UTC;0;996,3;996,5;996,1;146,5;29,9;23,3;30,8;29;23,7;23;70;64;67;101;3,6;2;
2026/05/01;2200 UTC;0;996,5;996,6;996,4;1,8;28;22,9;29;27;23,1;22,7;79;70;74;63;1,6;,9;
2026/05/01;2300 UTC;0;996,5;996,6;996,3;0;26,4;22,6;27;25,8;22,8;22,5;84;79;81;173;3,6;2;
2026/05/02;0000 UTC;0;996,9;997,6;996,6;0;26,5;22,5;27;25,8;22,6;22,4;83;78;80;255;1,5;,9;
2026/05/02;0100 UTC;0;997,6;998;997,1;0;24,9;22,8;25,9;24,3;23;22,5;92;83;89;308;1,4;,6;
2026/05/02;0200 UTC;1,2;997,5;998;997,4;0;25,1;23,3;26;24,3;23,8;22,8;94;86;91;259;3,3;1,2;
2026/05/02;0300 UTC;,8;998,2;998,9;997,4;0;23,8;21,9;25,1;22,8;23,9;21;95;85;90;226;8,4;2,7;
2026/05/02;0400 UTC;11,5;998,3;999;997,7;0;22,2;21,2;22,7;21,7;21,5;20,6;98;90;95;220;7;2,3;
2026/05/02;0500 UTC;29,1;998,8;999,5;998;0;21,8;21,6;21,9;21,6;21,7;21,3;100;98;99;201;7,3;3,6;
2026/05/02;0600 UTC;;;;;;;;;;;;;;;;;;
2026/05/02;0700 UTC;15,4;999,4;1000;998,6;0;21,5;21,6;21,5;21,5;21,6;21,5;100;100;100;241;3,2;1,5;
2026/05/02;0800 UTC;,2;999,5;1000;999;0;21,5;21,6;21,5;21,5;21,6;21,5;100;100;100;277;2,2;,7;
2026/05/02;0900 UTC;0;1000,7;1001,2;1000;0;21,6;21,6;21,6;21,5;21,7;21,6;100;100;100;209;4,8;2,2;
2026/05/02;1000 UTC;0;1001,2;1001,8;1000,8;0;21,4;21,2;21,6;21,4;21,6;20,9;100;97;99;201;5,6;2,4;
2026/05/02;1100 UTC;0;1002,8;1003,3;1001,9;8,6;21,4;20,8;21,5;21,3;21;20,6;98;96;97;202;4,5;2,3;
2026/05/02;1200 UTC;0;1003,9;1004,5;1003,3;79,4;21,5;20,4;21,5;21,4;20,7;20,2;96;94;95;203;5,6;2,7;
2026/05/02;1300 UTC;0;1005,1;1005,8;1004,5;176,3;21,5;20,2;21,6;21,5;20,4;19,9;94;92;93;213;3,8;2,6;
2026/05/02;1400 UTC;,2;1006;1006,3;1005,8;362,4;21,6;19,7;21,9;21,5;20,1;19,3;93;88;90;183;4;2;
2026/05/02;1500 UTC;0;1006,4;1007,1;1006;1043,1;22,2;19;22,7;21,9;19,4;18,3;87;78;84;192;3,8;2,2;
2026/05/02;1600 UTC;0;1006,9;1007,2;1006,8;1549,1;22,9;18,7;23,3;22,6;19,1;18,2;82;76;79;181;4,8;2,3;
2026/05/02;1700 UTC;0;1006,3;1006,8;1006,1;1787,4;23,4;18,6;23,7;23;19,3;17,8;80;72;76;189;6,9;3,3;
2026/05/02;1800 UTC;0;1006;1006,2;1005,9;1832,7;23,5;17,8;24;23,2;18,6;16,9;77;66;71;173;7,9;4,2;
2026/05/02;1900 UTC;0;1006,2;1006,5;1005,8;1629,1;24;17,5;24,3;23,4;18,2;16,3;71;61;67;177;7,9;3,9;
2026/05/02;2000 UTC;0;1006,7;1007;1006,2;977,6;23,8;16,2;24;23,3;16,8;15,4;65;60;62;177;6,8;3,4;
2026/05/02;2100 UTC;0;1006,9;1007,2;1006,7;142;22,3;15,7;23,3;21,2;16,1;15,4;74;62;67;198;2,4;1,4;
2026/05/02;2200 UTC;0;1007,6;1008;1007,1;,8;20,5;16;21,3;19,6;16,7;15,3;80;73;77;192;7,2;3,4;
2026/05/02;2300 UTC;0;1008,4;1008,6;1008;0;18,8;13,9;19,6;18,3;15,7;13,3;81;73;76;170;7,4;4,5;
2026/05/03;0000 UTC;0;1009;1009,4;1008,7;0;17,8;13,2;18,4;17,3;13,5;12,7;78;75;77;166;5,9;2,5;
2026/05/03;0100 UTC;0;1009,9;1010,2;1009,4;0;16,7;11,9;17,2;16,2;12,7;11,1;78;74;76;180;4,2;1,3;
2026/05/03;0200 UTC;0;1010,6;1010,9;1010,2;0;15,7;10,3;16,1;15,3;11,4;9,1;77;69;73;243;11,1;8,3;
2026/05/03;0300 UTC;0;1011,2;1011,6;1010,7;0;14,8;8,6;15,3;14,3;9,4;8;71;67;69;259;8,2;5,7;
2026/05/03;0400 UTC;0;1011,5;1011,6;1011,4;0;13,7;7,6;14,3;13,1;8,3;6,8;71;68;69;114;3,6;1,6;
2026/05/03;0500 UTC;0;1011,4;1011,6;1011,3;0;13;6,4;13,4;12,5;6,8;5,6;69;66;67;85;2,3;1,1;
2026/05/03;0600 UTC;0;1011,1;1011,5;1010,7;0;12,1;5,5;12,6;11,7;6;5;70;65;67;124;3;1,2;
2026/05/03;0700 UTC;0;1010,7;1010,7;1010,6;0;11,4;5,1;11,8;10,8;5,7;4,7;74;65;69;128;2,4;,9;
2026/05/03;0800 UTC;0;1010,5;1010,7;1010,1;0;10,1;5,6;10,8;9,3;6,7;4,9;85;71;78;139;1,8;1;
2026/05/03;0900 UTC;0;1010;1010,2;1009,8;0;10,5;5;10,7;9,9;5,3;4,8;76;71;73;119;3,8;1,4;
2026/05/03;1000 UTC;0;1009,6;1009,8;1009,5;0;10,7;4,9;10,8;10,6;5,2;4,7;72;69;71;122;5,6;2,7;
2026/05/03;1100 UTC;0;1010,1;1010,4;1009,6;141,9;11;5,1;11,8;10,7;5,7;4,6;72;68;70;82;2,8;1,1;
2026/05/03;1200 UTC;0;1009,9;1010,1;1009,7;875,2;12,8;6,1;13,7;11,8;6,9;5,6;70;65;67;180;2,2;1;
2026/05/03;1300 UTC;0;1009,8;1010;1009,7;1637,3;14,7;7,7;15,3;13,7;8,4;6,7;68;63;65;186;5,6;3;
2026/05/03;1400 UTC;0;1009,5;1009,8;1009,1;2243,5;16,6;9,4;17,7;15,1;10,6;8,3;68;61;64;83;4,3;2,2;
2026/05/03;1500 UTC;0;1008,6;1009,2;1007,8;2614,5;18,7;11;19,9;17,5;12,1;9,7;66;58;61;100;4,9;2,6;
2026/05/03;1600 UTC;0;1007,1;1007,8;1006,4;2750,9;20,8;11,5;21,6;19,8;12,7;10,8;61;47;54;91;6;3,3;
2026/05/03;1700 UTC;0;1005,7;1006,5;1005;2637,4;22,6;11,8;23,4;21,7;12,6;11,1;50;42;46;108;5,6;2,5;
2026/05/03;1800 UTC;0;1004,4;1005;1004,1;2267,9;23,6;12;24,1;23,1;12,9;11,5;47;39;42;119;5;2,4;
2026/05/03;1900 UTC;;;;;;;;;;;;;;;;;;
2026/05/03;2000 UTC;0;1003,2;1003,5;1003;1001,5;24,1;11,3;24,6;23,4;12,3;10,6;40;33;36;71;3,8;1,7;
2026/05/03;2100 UTC;0;1003,3;1003,7;1003,1;125,1;21,6;11,3;23,4;17,9;12,8;10,3;70;37;49;222;1,6;1;
2026/05/03;2200 UTC;0;1003,5;1003,7;1003,3;,7;16,3;11,7;17,8;15,7;12,5;11,2;81;70;77;204;1,5;1,3;
2026/05/03;2300 UTC;0;1003,4;1003,6;1003,2;0;15,1;11,9;16,1;14,6;13,1;10,7;90;75;84;87;1,8;,8;
2026/05/04;0000 UTC;0;1003,4;1003,8;1003,1;0;15;13;15,5;14,7;13,5;12,6;92;86;90;223;1,1;,7;
2026/05/04;0100 UTC;0;1003,2;1003,6;1002,8;0;15,3;12,9;15,8;15;13,6;11,8;93;80;88;89;1,4;,6;
2026/05/04;0200 UTC;0;1002,9;1003,2;1002,8;0;15,1;12,8;15,8;14,7;13,3;11,7;92;80;88;228;1,6;1,1;
2026/05/04;0300 UTC;0;1002,8;1003,1;1002,4;0;14,5;13,1;14,8;14,2;13,4;12,7;95;90;93;158;1,1;,6;
2026/05/04;0400 UTC;0;1002,4;1002,5;1002,1;0;13,9;13;14,3;13,6;13,4;12,7;97;95;96;257;,8;,2;
2026/05/04;0500 UTC;0;1001,9;1002,1;1001,8;0;13,9;13,1;14,1;13,9;13,3;12,7;97;94;96;211;1;,6;
2026/05/04;0600 UTC;0;1001,5;1001,8;1001,1;0;13,8;13,3;14;13,7;13,4;13,2;98;96;97;177;2,7;,6;
2026/05/04;0700 UTC;0;1000,9;1001,2;1000,7;0;14,2;13,2;15,1;13,9;13,4;12,6;98;88;95;151;2,5;1,4;
2026/05/04;0800 UTC;0;1000,7;1000,8;1000,6;0;15,2;13,9;15,5;15;14,7;12,5;96;86;93;80;2,7;2,1;
2026/05/04;0900 UTC;,2;1000,9;1001;1000,7;0;15,5;14,2;15,8;15,2;14,5;13,3;96;89;94;81;3,6;2,5;
2026/05/04;1000 UTC;0;1001,1;1001,3;1000,8;0;15,7;14,3;16,1;15,3;14,6;13,9;96;90;93;105;3,5;2,3;
2026/05/04;1100 UTC;0;1001,6;1002;1001,2;19,1;16,3;15;16,6;16,1;15,6;13,9;96;89;93;91;2,6;1,9;
2026/05/04;1200 UTC;,2;1002,4;1002,7;1001,9;118,5;16,8;15,5;17;16,6;16,1;14,9;97;90;93;88;3,1;2,1;
2026/05/04;1300 UTC;,4;1002,7;1002,8;1002,6;240,8;17,1;15,8;17,5;16,9;16,1;15,6;96;92;94;102;2,9;,9;
2026/05/04;1400 UTC;0;1002,6;1002,8;1002,4;872,9;18,2;16,2;18,9;17,5;16,9;15,5;93;86;90;109;2,4;,8;
2026/05/04;1500 UTC;0;1002;1002,4;1001,4;1874,5;20,5;17,7;22,3;18,9;18,9;16,6;90;79;86;84;3,5;1,6;
2026/05/04;1600 UTC;0;1001,2;1001,4;1000,9;2533,6;23;19,1;24,3;21,9;20,1;18,3;86;76;80;84;3,5;1,7;
2026/05/04;1700 UTC;0;1000,4;1001;999,9;2327,8;25,2;20,5;26,6;24,3;21,5;19,8;81;72;76;102;2,3;1;
2026/05/04;1800 UTC;0;999,6;1000;999,4;1196;26,2;21,3;26,7;25,7;22,2;20,7;80;72;76;98;1,7;,9;
2026/05/04;1900 UTC;0;999,2;999,4;999;812,1;26,6;21,8;26,8;26,4;22,2;21,5;78;74;76;98;1,9;,9;
2026/05/04;2000 UTC;0;999;999,1;998,9;576,3;26,5;22,2;26,8;26,2;22,6;22;81;76;79;67;2;,9;
2026/05/04;2100 UTC;0;999,1;999,3;999;141,3;26,1;22,5;26,9;25,1;22,9;22,2;89;77;82;96;,8;,4;
2026/05/04;2200 UTC;0;999,5;999,8;999,3;,2;23,8;22,5;25,1;22,9;22,8;22,3;97;88;93;163;1,8;1,3;
2026/05/04;2300 UTC;0;999,9;1000,1;999,7;0;22,7;22,2;23;22,2;22,5;21,8;99;97;98;128;1,4;1;
2026/05/05;0000 UTC;0;1000,4;1000,7;1000,1;0;22,1;21,8;22,3;22;22,1;21,6;99;98;98;141;1,3;,9;
2026/05/05;0100 UTC;0;1000,8;1000,9;1000,6;0;22,3;21,5;22,4;22,1;21,8;21,3;98;95;96;99;1,4;,7;
2026/05/05;0200 UTC;0;1001,1;1001,3;1000,9;0;21,9;21,1;22,4;21,3;21,4;20,8;98;94;96;112;1,6;,9;
2026/05/05;0300 UTC;0;1001,4;1001,6;1001,3;0;21,3;20,9;21,4;21,1;21,1;20,6;99;97;98;131;2;1;
2026/05/05;0400 UTC;0;1001,6;1001,7;1001,6;0;21;20,6;21,2;20,7;20,9;20,3;99;97;98;115;1,7;1;
2026/05/05;0500 UTC;0;1001,6;1001,6;1001,5;0;20,7;20,3;20,9;20,5;20,5;20,1;99;97;98;134;2,1;1,2;
2026/05/05;0600 UTC;0;1001,6;1001,6;1001,5;0;20,7;19,9;20,8;20,5;20,2;19,6;97;95;96;127;2,3;1,2;
2026/05/05;0700 UTC;0;1001,5;1001,6;1001,5;0;20,2;19,5;20,4;20;19,7;19,2;98;94;97;118;2,5;1,5;
2026/05/05;0800 UTC;0;1001,5;1001,6;1001,4;0;20,3;19,4;20,7;20;19,7;19,1;97;94;96;122;1,7;1,1;
2026/05/05;0900 UTC;0;1001,6;1001,7;1001,4;0;20,2;19,2;20,4;19,9;19,4;18,9;97;94;95;133;1,9;1,2;
2026/05/05;1000 UTC;0;1002,1;1002,5;1001,7;0;19,9;19;20;19,7;19,2;18,7;97;94;95;115;1,8;1,1;
2026/05/05;1100 UTC;0;1002,9;1003,3;1002,5;118,7;20,2;19,1;21,2;19,8;19,2;18,8;96;90;94;138;2,2;1,4;
2026/05/05;1200 UTC;0;1003,5;1003,6;1003,3;751,2;22,8;19,7;23,9;21,2;20,2;19,2;90;79;85;96;4,4;1,7;
2026/05/05;1300 UTC;0;1003,7;1003,8;1003,5;1443,1;24,9;20,4;26;23,9;20,9;19,8;82;72;78;63;3,3;1,9;
2026/05/05;1400 UTC;0;1003,9;1004;1003,7;2010,3;26,5;20,9;27,5;25,5;21,6;20,2;76;69;72;80;3;1,5;
2026/05/05;1500 UTC;0;1003,4;1003,7;1003;2376,8;28,8;22;29,9;27,7;23;21,4;71;63;66;64;3,4;1,6;
2026/05/05;1600 UTC;0;1002,7;1003;1002,1;2512,9;30,8;22,8;31,6;29,6;23,4;21,9;66;52;60;82;6,7;3,9;
2026/05/05;1700 UTC;0;1001,7;1002,2;1001,4;2387,9;31,7;22,3;32;31,4;23,1;21,7;57;50;53;137;6,9;3,5;
2026/05/05;1800 UTC;0;1001;1001,5;1000,7;2032,9;31,9;22,3;32,4;31,7;22,9;21,7;55;49;52;94;6;3,5;
2026/05/05;1900 UTC;;;;;;;;;;;;;;;;;;
2026/05/05;2000 UTC;0;1000,4;1000,6;1000,3;887,9;31,3;21,9;31,8;30,7;22,5;21,3;55;51;53;93;4,2;2,5;
2026/05/05;2100 UTC;0;1000,6;1000,7;1000,5;107,4;29,3;21,6;30,7;27,7;22,4;21,2;72;53;62;109;,8;,3;
2026/05/05;2200 UTC;0;1001;1001,1;1000,7;,2;25,3;21,7;27,6;24,3;22,6;21,1;85;72;82;141;1,2;,8;
2026/05/05;2300 UTC;0;1001,3;1001,5;1001,1;0;23,3;21;24,2;22,7;21,3;20,8;92;86;89;130;1,4;,8;
2026/05/06;0000 UTC;0;1001,7;1001,8;1001,5;0;22,5;20,9;22,7;22,2;21;20,6;93;91;92;135;1,6;1,2;
2026/05/06;0100 UTC;0;1001,8;1002;1001,6;0;21,8;20,7;22,1;21,3;20,8;20,3;97;93;94;170;1,6;,8;
2026/05/06;0200 UTC;0;1002,1;1002,2;1001,9;0;20,7;20,2;21,4;20,4;20,4;19,7;99;95;97;173;1,1;,5;
2026/05/06;0300 UTC;0;1002,1;1002,2;1002;0;20,2;20;20,5;20;20,3;19,6;99;98;99;95;1,2;,6;
2026/05/06;0400 UTC;0;1001,8;1002;1001,7;0;20,4;20;20,6;20;20,3;19,3;100;96;98;172;1,2;,7;
2026/05/06;0500 UTC;0;1001,6;1001,9;1001,5;0;19,8;19,7;20;19,7;20;19,3;100;97;99;132;1,5;1,1;
2026/05/06;0600 UTC;0;1001,9;1002;1001,7;0;20,3;19,8;20,5;20,1;20,2;19,5;100;96;98;91;1,2;,4;
2026/05/06;0700 UTC;0;1002,1;1002,3;1001,9;0;20,9;19,9;21,6;20,4;20,2;19,4;99;92;95;114;1,6;1;
2026/05/06;0800 UTC;0;1002,4;1002,5;1002,2;0;19,8;19,5;20,4;19,7;19,8;19,3;100;95;98;181;,7;,2;
2026/05/06;0900 UTC;0;1002,5;1002,6;1002,4;0;19,9;19,7;20;19,7;19,8;19,6;99;99;99;102;1,2;,6;
2026/05/06;1000 UTC;0;1002,7;1002,9;1002,6;0;20,4;19,8;20,6;20;20;19,7;99;96;97;126;1,8;1,2;
2026/05/06;1100 UTC;0;1003;1003,1;1002,8;82,9;20,9;19,7;21,6;20,5;19,9;19,6;96;91;94;114;2,4;1,3;
2026/05/06;1200 UTC;0;1003,1;1003,2;1002,9;672;23,1;20,2;24,7;21,7;20,9;19,9;91;80;85;87;2,8;1,4;
2026/05/06;1300 UTC;0;1002,8;1002,9;1002,8;1197,3;25;20,8;26,2;24,3;21,5;20,3;82;75;79;80;3,1;1,5;
2026/05/06;1400 UTC;0;1002,7;1002,8;1002,5;1812,8;27;21,6;27,8;26,3;22,4;21;75;69;73;48;3,8;1,7;
2026/05/06;1500 UTC;0;1002,1;1002,5;1001,5;2034,9;28,8;22,4;29,6;27,8;23,2;21,9;73;64;68;68;3,1;1,6;
2026/05/06;1600 UTC;0;1001;1001,5;1000,5;2347,8;30,4;23,3;31,4;29,4;24,1;22,3;69;55;65;108;6,4;4,3;
2026/05/06;1700 UTC;0;999,9;1000,6;999,5;2143,9;31,3;22,4;31,7;30,9;23,1;21,9;59;53;56;111;5,7;3,6;
2026/05/06;1800 UTC;0;998,9;999,4;998,4;2092,2;31,7;22,7;32,2;31,1;23,4;22,3;58;53;55;63;8;4,9;
2026/05/06;1900 UTC;;;;;;;;;;;;;;;;;;
2026/05/06;2000 UTC;0;997,5;997,7;997,4;773;31;22,2;31,4;29,9;22,7;21,9;61;54;56;53;5,2;3;
2026/05/06;2100 UTC;0;997,6;997,7;997,5;99,3;28,8;21,9;29,8;27,9;22,2;21,5;68;61;65;44;4,9;2,4;
2026/05/06;2200 UTC;0;997,6;997,7;997,5;,2;26,9;21,4;28;25,8;21,6;21,2;77;68;73;64;1,1;,5;
2026/05/06;2300 UTC;0;997,6;997,8;997,5;0;26,1;21;26,5;25,6;21,2;20,9;77;73;75;74;2;,9;
2026/05/07;0000 UTC;0;997,9;998;997,7;0;25,7;20,8;26,2;25,3;21;20,7;77;73;75;102;2,5;,9;
2026/05/07;0100 UTC;0;997,7;997,8;997,5;0;24,9;20,6;25,5;24,4;20,7;20,5;81;76;79;114;2,8;1,2;
2026/05/07;0200 UTC;0;997,4;997,5;997,1;0;24,3;20,5;24,7;23,9;20,6;20,4;83;79;81;122;2,5;1,2;
2026/05/07;0300 UTC;0;997;997,2;996,8;0;24,1;20,3;24,4;23,8;20,4;20,2;83;80;81;108;2,8;1,2;
2026/05/07;0400 UTC;0;996,4;996,8;996;0;24,3;20,2;24,7;23,9;20,3;20,1;81;77;80;31;5,7;3,5;
2026/05/07;0500 UTC;0;995,8;996;995,6;0;24,7;20,1;25;24,4;20,2;19,9;79;76;77;53;4,9;2,7;
2026/05/07;0600 UTC;0;995,2;995,6;994,9;0;24,8;20;25,1;24,5;20,1;19,9;77;75;76;27;5,5;3,9;
2026/05/07;0700 UTC;0;994,6;994,9;994,4;0;25;19,7;25,2;24,8;19,9;19,6;75;72;74;55;6,9;3,6;
2026/05/07;0800 UTC;0;994;994,5;993,6;0;24,9;19,5;25,1;24,7;19,7;19,2;74;72;73;68;4;2,3;
2026/05/07;0900 UTC;0;993,5;993,8;993,3;0;25,1;19,1;25,3;24,8;19,3;19;72;69;70;178;4,4;1,7;
2026/05/07;1000 UTC;0;993,7;993,8;993,7;0;24,7;19;24,8;24,6;19,2;18,9;72;71;71;228;2,9;1,6;
2026/05/07;1100 UTC;0;993,6;993,8;993,5;84,7;24,1;19;24,8;23,4;19,3;18,6;78;70;74;163;2,4;,6;
2026/05/07;1200 UTC;0;993,9;994,1;993,6;323,6;25,2;19,3;26,3;24,8;20,3;18,7;76;65;71;181;7;2,5;
2026/05/07;1300 UTC;0;994;994,2;993,8;606,7;26,8;19,5;27,1;26,3;20;19;66;61;63;172;7,4;3,7;
2026/05/07;1400 UTC;0;993,1;993,7;992,6;1277,5;27,7;19,7;28,7;27;20,2;19,2;63;56;60;205;9,1;4,6;
2026/05/07;1500 UTC;0;991,7;992,6;990,8;1605,2;29,1;20;30;28,4;20,6;19,5;58;50;55;255;12,9;5,8;
2026/05/07;1600 UTC;0;990,1;990,7;989,2;2001,3;30,1;20,5;30,9;29,3;21,5;20;55;48;52;234;12,8;7,4;
2026/05/07;1700 UTC;0;988,5;989,4;987,9;1557;30;20,3;30,6;29,6;20,9;19,7;55;49;52;224;13,3;5,7;
2026/05/07;1800 UTC;0;987,1;987,9;986,3;1187,1;30,2;20;31,2;29,7;21;19,6;51;48;49;168;14;7,9;
2026/05/07;1900 UTC;;;;;;;;;;;;;;;;;;
2026/05/07;2000 UTC;0;987;987,4;986,4;696,7;29,9;20,2;30,5;29,3;20,6;19,8;53;49;51;268;8,7;3,9;
2026/05/07;2100 UTC;0;987,2;987,4;987;56,5;28,9;19,9;29,3;28,5;20;19,8;57;53;55;238;8,4;3,5;
2026/05/07;2200 UTC;0;986,8;987,2;986,5;0;28,2;19,9;28,6;28;20;19,7;60;56;58;249;7,4;3,6;
2026/05/07;2300 UTC;10,9;989,8;992,8;986,7;7,8;22,6;18,9;28,4;18,6;20,2;18,1;98;57;81;201;1,9;,4;
2026/05/08;0000 UTC;3,6;991,8;993,9;990,7;0;18,3;17,7;18,6;18;18,2;17,2;99;95;97;247;1,7;,6;
2026/05/08;0100 UTC;,4;993,2;994,1;990,2;0;17,5;16,7;18;16,7;17,4;15,8;97;95;96;235;1,1;,8;
2026/05/08;0200 UTC;1,8;994,4;995,7;993,6;,1;16,3;14,8;16,9;14,7;15,9;13,3;96;87;92;219;10,5;7;
2026/05/08;0300 UTC;5,9;996,2;997,9;994,9;0;14,2;13,1;14,7;13,7;13,6;12,8;97;92;94;239;6,6;2,4;
2026/05/08;0400 UTC;,4;996,2;997,3;995,3;0;13,6;13,4;13,7;13,5;13,7;13,1;100;97;99;87;8,8;7,8;
2026/05/08;0500 UTC;0;996,3;997;995,7;0;13,7;13,6;13,9;13,6;13,8;13,5;100;99;100;96;8,2;4;
2026/05/08;0600 UTC;0;997,1;997,4;996,7;0;13,6;13,5;13,7;13,4;13,7;13,3;100;99;100;282;9,8;7,5;
2026/05/08;0700 UTC;0;997,8;998;997,3;0;13,7;12,4;14;12,9;13,6;11,4;100;89;93;233;5;2,2;
2026/05/08;0800 UTC;0;998,1;998,5;997,8;0;12,1;11,4;12,9;11,6;11,7;11,1;98;93;97;229;3;1,5;
2026/05/08;0900 UTC;0;998,8;999,1;998,4;0;11,6;10,7;12,1;10,5;11,4;9,8;97;93;95;231;2,8;,9;
2026/05/08;1000 UTC;0;999;999,1;998,8;0;10;9,9;10,5;9,7;10,1;9,7;100;98;99;223;1;,7;
2026/05/08;1100 UTC;0;999,7;1000,3;999;124;9,3;9,4;10,3;8,8;10,4;8,8;100;100;100;244;1,4;,5;
2026/05/08;1200 UTC;0;1000,8;1001,2;1000,3;956,4;12,2;10,8;13,1;10,4;12,1;8,8;100;79;93;233;2,8;,8;
2026/05/08;1300 UTC;0;1001,2;1001,4;1001;1447,7;13,8;9,8;15;13;10,3;9,1;84;72;80;224;2,6;1,4;
2026/05/08;1400 UTC;0;1001,1;1001,3;1000,9;2250,3;15,6;9,3;16,3;14,8;10,3;8,2;78;60;68;245;5;1,5;
2026/05/08;1500 UTC;0;1000,8;1001,1;1000,3;2447,9;17;8,4;17,7;16,3;9,9;6,7;64;47;57;318;2,8;,8;
2026/05/08;1600 UTC;0;1000;1000,4;999,4;2671,9;18,2;7,4;18,7;17,8;8,7;6,2;54;39;46;228;,9;,9;
2026/05/08;1700 UTC;,2;998,9;999,4;998,6;2539,2;18,9;7,8;19,3;18,1;9,6;6,6;53;39;44;131;3,4;,7;
2026/05/08;1800 UTC;0;998,5;998,7;998,3;2188;19,4;7,8;19,7;19;8,8;7,2;48;38;42;238;5,2;2,2;
2026/05/08;1900 UTC;0;998,2;998,5;998;1496,3;19,6;7,5;19,9;19,2;8,3;6,7;43;36;39;261;5,3;2,2;
2026/05/08;2000 UTC;0;998,1;998,4;997,7;581,9;18,8;7,3;19,6;18,2;8,2;6,7;49;37;43;273;3,4;1,1;
2026/05/08;2100 UTC;0;998,3;998,8;997,9;110,3;17,5;7,7;18,2;16,7;8,6;7;59;46;51;275;2,3;,7;
2026/05/08;2200 UTC;0;999;999,5;998,8;0;15,5;9,8;16,7;14,1;11,3;7,7;85;56;72;256;1,1;,4;
2026/05/08;2300 UTC;0;999,9;1000,4;999,5;0;13,4;10,7;14,1;12,5;11,2;10,2;92;81;87;189;1,2;,7;
2026/05/09;0000 UTC;0;1000,4;1000,6;1000,1;0;13;10,4;13,3;12,2;11,3;9;91;82;87;228;2,6;1,5;
2026/05/09;0100 UTC;0;1000,8;1001,3;1000,4;0;12;8,6;12,8;11,5;10;7,8;91;76;83;230;2,3;1;
2026/05/09;0200 UTC;0;1001,2;1001,4;1001,1;0;11,5;8,2;11,8;11,2;8,9;7,6;87;79;84;234;2,1;,9;
2026/05/09;0300 UTC;0;1001,6;1001,9;1001,3;0;10,4;7,6;11,2;9,5;8,9;6,9;93;80;86;230;1,9;,8;
2026/05/09;0400 UTC;0;1002,4;1002,8;1001,9;0;8,9;7,6;9,5;8,4;8,4;7;96;88;93;224;1,6;,9;
2026/05/09;0500 UTC;0;1003,1;1003,5;1002,8;0;8,2;7,7;8,7;7,9;8,3;6,9;100;93;97;112;5;,9;
2026/05/09;0600 UTC;0;1003,7;1003,8;1003,5;0;9,2;8,9;9,5;8,5;9,2;8,3;100;98;99;201;1,6;,4;
2026/05/09;0700 UTC;0;1003,5;1003,8;1003;0;9,4;9;9,6;8,9;9,2;8,4;99;97;98;194;4,5;,5;
2026/05/09;0800 UTC;0;1003,1;1003,5;1002,8;0;8;7,5;8,8;7,3;8,3;6,5;99;94;98;129;4,6;,8;
2026/05/09;0900 UTC;0;1004;1004,5;1003,6;0;6,9;6,8;7,3;6,5;7,1;6,6;100;99;100;197;2,9;,6;
2026/05/09;1000 UTC;0;1005,1;1005,6;1004,6;0;7,2;7,2;7,8;6,7;7,9;6,7;100;100;100;144;4,2;,7;
2026/05/09;1100 UTC;0;1005,8;1006,2;1005,5;22,1;8,2;8,2;8,7;7,8;8,7;7,8;100;100;100;136;5,4;,6;
2026/05/09;1200 UTC;0;1006,5;1007,6;1006,1;227,5;9,8;8,5;10,5;8,8;9,1;7,3;100;85;94;177;2,5;1,4;
2026/05/09;1300 UTC;0;1008,2;1008,6;1007,5;239,9;10,7;8,3;11;10,5;9,2;7,7;93;84;88;89;2;,9;
2026/05/09;1400 UTC;0;1008,3;1008,5;1008,2;786,6;11,9;7,8;12,6;11;8,5;7,1;85;73;80;219;,7;,3;
2026/05/09;1500 UTC;0;1008,4;1008,6;1008,3;1145,9;13,3;6,6;14;12,7;8,1;5,1;76;57;66;256;1,1;,4;
2026/05/09;1600 UTC;0;1008,2;1008,5;1007,8;1494,8;14,7;5,6;15,3;13,9;7;3,9;63;43;55;301;9,4;2,4;
2026/05/09;1700 UTC;0;1007,4;1007,8;1007;1362,3;15,6;5,1;16,2;15;6,9;4,2;54;40;48;260;5,4;1,9;
2026/05/09;1800 UTC;0;1007;1007,3;1006,8;1422,2;16,2;5;16,9;15,8;5,8;4,2;48;41;44;243;3,3;,8;
2026/05/09;1900 UTC;0;1006,7;1007;1006,4;1602,2;16,8;6,1;17,1;16,6;6,9;5,2;51;42;46;257;5,4;2,5;
2026/05/09;2000 UTC;0;1006,6;1007;1006,3;860,2;16,4;7;16,8;16,1;7,6;6,1;57;48;53;258;4,5;1,4;
2026/05/09;2100 UTC;0;1007,2;1007,9;1006,9;95,1;14,9;7,1;16,1;13,5;7,8;6,5;69;55;61;232;4,6;2,4;
2026/05/09;2200 UTC;0;1008,5;1009,1;1007,9;,3;12,1;6,3;13,7;10,3;7,2;5,9;80;63;71;216;3,9;1,9;
2026/05/09;2300 UTC;0;1009,9;1010,4;1009,1;0;12;6,9;12,5;11,1;7,3;6,6;78;72;74;218;5,2;2,5;
2026/05/10;0000 UTC;0;1010,7;1011,1;1010,3;0;12,4;7,1;12,6;12,2;7,5;6,6;76;70;74;213;4;1,9;
2026/05/10;0100 UTC;0;1011,6;1012;1011;0;11,5;7,8;12,3;11;8,2;7,2;86;75;82;218;1,6;1;
2026/05/10;0200 UTC;0;1012,3;1012,6;1011,9;0;11,3;7,8;11,6;11;8,3;7,2;86;78;82;213;1,5;,8;
2026/05/10;0300 UTC;0;1012,7;1013;1012,5;0;11,4;7,9;11,5;11,4;8,6;7,4;86;80;82;215;2;,9;
2026/05/10;0400 UTC;0;1012,9;1013;1012,8;0;11,1;7,9;11,4;10,4;8,9;6,7;88;79;84;220;4,9;2;
2026/05/10;0500 UTC;0;1012,9;1013;1012,8;0;9,3;6,7;10,3;8,2;7;6,4;92;83;87;165;4,3;1;
2026/05/10;0600 UTC;0;1012,6;1012,8;1012,3;0;7,5;6,6;8,3;7,1;7;6,1;98;91;95;157;3,9;,7;
2026/05/10;0700 UTC;0;1012,3;1012,5;1012,2;0;6,8;6,5;7,1;5,9;7;5,6;100;98;99;185;2,8;,6;
2026/05/10;0800 UTC;0;1012,1;1012,3;1012;0;6,5;6,5;6,7;6,1;6,8;6;100;100;100;265;3,6;,5;
2026/05/10;0900 UTC;0;1012,1;1012,3;1012;0;5,9;5,9;6,5;5,6;6,5;5,6;100;100;100;181;1,5;,5;
2026/05/10;1000 UTC;0;1012,5;1012,9;1012,2;0;5,6;5,4;6,2;5,1;6;4,6;100;96;99;233;2,8;1,2;
2026/05/10;1100 UTC;0;1013;1013,1;1012,9;51,7;7,3;6,4;7,8;6,3;6,8;6,1;99;93;96;236;2,2;,7;
2026/05/10;1200 UTC;0;1012,9;1013,1;1012,7;345,5;8,1;6,9;8,6;7,8;7,7;6,2;97;92;94;59;2,9;,9;
2026/05/10;1300 UTC;0;1012,9;1013,1;1012,7;989,5;9,6;7,4;10,6;8,6;8;6,9;94;82;89;248;2,6;1,3;
2026/05/10;1400 UTC;0;1013;1013,2;1012,9;1203,6;11,3;6,1;11,7;10,4;7,6;4,9;83;67;74;214;2,3;1,1;
2026/05/10;1500 UTC;0;1013;1013,2;1012,5;1083,4;12,1;5,3;12,9;11,5;5,9;4,7;71;62;66;243;3,6;,8;
2026/05/10;1600 UTC;0;1012,3;1012,4;1012,2;1339;12,9;5,5;13,6;12,4;6,4;4,7;67;60;63;262;3,9;1,6;
2026/05/10;1700 UTC;0;1012;1012,2;1011,6;1298,6;13,4;5,8;13,9;13,1;6,3;5,2;65;59;62;249;3,2;1,7;
2026/05/10;1800 UTC;0;1011,3;1011,6;1010,9;1085,8;13,6;5,9;14,1;13,3;6,6;5,4;65;59;62;306;3,5;1;
2026/05/10;1900 UTC;0;1011;1011,1;1010,9;957,3;14;6,2;14,9;13,7;6,7;5,7;64;56;61;245;2,7;,7;
2026/05/10;2000 UTC;0;1011;1011,1;1010,9;532;14,2;6,2;14,6;13,9;6,7;5,7;63;57;60;296;1,9;,8;
2026/05/10;2100 UTC;0;1011,2;1011,2;1011,1;113,9;13,6;7,4;14;12,7;9,1;5,8;82;59;69;200;,6;,4;
2026/05/10;2200 UTC;0;1011,2;1011,4;1011,1;0;12,2;9,3;12,6;12;9,9;8;90;79;86;162;1,5;,7;
2026/05/10;2300 UTC;0;1011,5;1011,6;1011,4;0;11,6;9,3;12;10,6;9,7;8,9;92;86;89;75;1;,4;
2026/05/11;0000 UTC;0;1011,9;1012,2;1011,6;0;9,9;8,6;10,5;9,6;9;8,1;96;91;94;241;1,1;,3;
2026/05/11;0100 UTC;0;1012,4;1012,7;1012,1;0;8,7;8,1;9,5;7,2;8,7;6,7;99;95;97;211;4,9;,9;
2026/05/11;0200 UTC;0;1013;1013,1;1012,7;0;7,1;7;7,5;6,6;7,4;6,5;100;97;99;218;3,4;,5;
2026/05/11;0300 UTC;0;1013;1013;1012,9;0;6,3;6,3;6,7;5,5;6,7;5,3;100;99;100;201;2,5;,7;
2026/05/11;0400 UTC;0;1012,8;1013;1012,5;0;5,7;5,8;6,2;5,2;6,2;5,3;100;100;100;206;,8;,5;
2026/05/11;0500 UTC;0;1012,4;1012,6;1012,1;0;6,5;6,5;7,2;5,2;7,2;5,3;100;100;100;154;2,9;,7;
2026/05/11;0600 UTC;0;1011,7;1012,1;1011,5;0;7,3;7,3;7,4;7,1;7,5;7,2;100;100;100;79;1,6;,3;
2026/05/11;0700 UTC;0;1011,3;1011,5;1011,2;0;7,3;7,3;7,4;7;7,5;7,1;100;100;100;87;1,7;,4;
2026/05/11;0800 UTC;0;1011,2;1011,3;1011,2;0;7,1;7,1;7,3;6,7;7,4;6,7;100;100;100;158;1,9;,4;
2026/05/11;0900 UTC;0;1011,3;1011,4;1011,2;0;6,8;6,8;7;6,6;7;6,6;100;100;100;160;1,6;,4;
2026/05/11;1000 UTC;0;1011,8;1012,1;1011,4;0;6,6;6,7;6,7;6,4;6,8;6,5;100;100;100;110;2,2;,5;
2026/05/11;1100 UTC;0;1012,3;1012,6;1012;47,1;6,2;6,2;6,5;5,9;6,5;6;100;100;100;160;1,8;,6;
2026/05/11;1200 UTC;0;1012,8;1012,9;1012,6;295,1;6,6;6,7;7,1;6,2;7,2;6,2;100;100;100;173;3,2;,6;
2026/05/11;1300 UTC;0;1013;1013,1;1012,9;766;8;8;9,1;7,1;9,2;7,2;100;100;100;81;3,4;,9;
2026/05/11;1400 UTC;0;1013;1013,1;1012,8;1884,3;10;8,8;12;8,4;10;7,6;100;80;94;131;2,1;,6;
2026/05/11;1500 UTC;0;1012,4;1012,8;1012;2497,8;13,4;6,5;14,7;12,1;8,5;3,8;80;49;66;297;2,9;1,3;
2026/05/11;1600 UTC;0;1011,5;1012;1011;2655,5;15,3;5;16,1;14,4;6,2;3,6;55;45;48;237;4,9;1,1;
2026/05/11;1700 UTC;0;1010,7;1011,1;1010,4;2534,2;16;5,4;16,8;15,4;6,5;4,5;50;43;47;239;3,3;1,6;
2026/05/11;1800 UTC;0;1010,1;1010,4;1009,8;2194,1;16,9;5,6;17,4;16,3;6,1;4,6;48;38;43;239;3,1;1,3;
2026/05/11;1900 UTC;0;1009,7;1009,8;1009,5;1620,4;17,6;5,7;18,1;17,1;6,9;5;46;38;41;184;3,3;1,3;
2026/05/11;2000 UTC;0;1009,4;1009,5;1009,3;916,6;17,5;5,7;17,8;17,2;6,5;5,2;46;38;41;243;2,2;1,2;
2026/05/11;2100 UTC;0;1009,4;1009,4;1009,3;87;15,6;6,9;17,2;12,9;8,4;5,7;77;43;57;174;1;,6;
2026/05/11;2200 UTC;0;1009,7;1009,9;1009,4;0;10,8;7,6;12,8;9,6;8,4;7,2;89;77;84;171;,9;,6;
2026/05/11;2300 UTC;0;1010,1;1010,2;1009,8;0;8,8;7,2;9,6;7,8;7,5;6,6;95;88;92;174;5,4;,7;
2026/05/12;0000 UTC;0;1010,2;1010,4;1010;0;7,3;6,6;7,9;6,8;7,2;6,1;98;95;97;193;3,9;,7;
2026/05/12;0100 UTC;0;1010,5;1010,6;1010,3;0;6,5;6,1;6,9;6;6,9;5,2;100;96;98;161;4,9;1,1;
2026/05/12;0200 UTC;0;1010,2;1010,3;1010,1;0;6,3;6,2;6,8;6,1;6,7;5,9;100;98;99;137;4,2;,6;
2026/05/12;0300 UTC;0;1010,2;1010,2;1010,1;0;5,5;5,4;6,1;5,2;6,1;5,2;100;98;100;153;2,4;,9;
2026/05/12;0400 UTC;0;1010,2;1010,3;1010,2;0;5,2;5,2;5,4;4,8;5,5;4,9;100;100;100;135;1,8;,5;
2026/05/12;0500 UTC;0;1010;1010,2;1009,8;0;4,5;4,6;5,1;4,1;5,1;4,1;100;100;100;155;,6;,3;
2026/05/12;0600 UTC;0;1009,6;1009,8;1009,3;0;4,2;4,2;5,6;3,7;5,6;3,7;100;100;100;125;2;1,3;
2026/05/12;0700 UTC;0;1009,1;1009,2;1009;0;5,3;5,4;5,8;4,7;5,9;4,7;100;100;100;122;1,3;,7;
2026/05/12;0800 UTC;0;1009;1009,1;1009;0;4,9;4,9;5,5;4,3;5,6;4,4;100;100;100;114;1,2;,8;
2026/05/12;0900 UTC;0;1009;1009,1;1008,9;0;5,9;5,9;6,1;5,6;6,1;5,6;100;100;100;123;2;,8;
2026/05/12;1000 UTC;,2;1009,2;1009,3;1009;0;5,9;5,9;6;5,8;6;5,8;100;100;100;131;3,1;1;
2026/05/12;1100 UTC;0;1009,6;1009,8;1009,2;54,8;5,8;5,9;6;5,7;6;5,7;100;100;100;146;2,5;,7;
2026/05/12;1200 UTC;0;1009,9;1010;1009,8;398,3;6,3;6,4;6,8;5,9;6,8;5,9;100;100;100;90;1,9;,6;
2026/05/12;1300 UTC;0;1009,9;1010;1009,8;1005,7;7,5;7,6;8,6;6,6;8,6;6,7;100;100;100;112;2,3;,8;
2026/05/12;1400 UTC;0;1009,7;1009,9;1009,3;2093,6;10,9;8,9;13,6;8,8;10,1;8;100;72;90;133;2,8;,7;
2026/05/12;1500 UTC;0;1008,8;1009,3;1008,3;2508,9;15;8,4;16,4;13,6;9,3;7,6;74;61;67;76;2,4;,9;
2026/05/12;1600 UTC;0;1007,6;1008,3;1006,9;2647,9;17,5;9,2;18,8;16,3;10,5;8,3;63;55;58;90;2,5;1,2;
2026/05/12;1700 UTC;0;1006,2;1006,9;1005,6;2509,5;19,4;10,3;20,2;18,3;11,1;9,4;57;52;55;92;2;,3;
2026/05/12;1800 UTC;0;1005,1;1005,5;1004,9;2179,9;21,1;10,5;22;20,4;11,2;9,6;53;39;47;273;4,5;1,4;
2026/05/12;1900 UTC;0;1004,5;1004,8;1004,1;1618,3;22;9,4;22,6;21,5;10,4;8,2;42;30;37;283;3,6;1,4;
2026/05/12;2000 UTC;0;1003,9;1004,1;1003,7;916,6;22,4;8,7;22,8;21,5;9,4;8;37;28;31;253;1,9;,7;
2026/05/12;2100 UTC;0;1004;1004,2;1003,8;98,7;18,4;9,6;21,4;14,2;10,6;8,5;78;38;56;260;,7;,3;
2026/05/12;2200 UTC;0;1004,3;1004,6;1004,1;0;12,2;8,9;14;11;9,7;8,1;87;78;83;177;1,6;1,3;
2026/05/12;2300 UTC;0;1005;1005,3;1004,6;0;10;8,2;11,1;8,9;8,8;6,8;95;84;91;119;4,9;2,9;
2026/05/13;0000 UTC;0;1005,5;1005,7;1005,3;0;9,2;7,8;10;8,4;8,6;7,3;96;90;93;137;4,2;,6;
2026/05/13;0100 UTC;0;1005,8;1005,9;1005,7;0;8,3;7,7;8,6;7,8;8,1;6,8;99;95;97;115;3,7;,4;
2026/05/13;0200 UTC;0;1006;1006,2;1005,8;0;7,8;7,3;8,4;7,5;7,8;7;99;96;97;121;5,2;,8;
2026/05/13;0300 UTC;0;1006,1;1006,2;1006;0;7,4;7,3;7,6;6,9;7,6;6,8;100;99;100;136;4,7;1,1;
2026/05/13;0400 UTC;0;1006,3;1006,4;1006,2;0;6,9;6,9;6,9;6,7;7;6,6;100;99;100;139;2,7;,5;
2026/05/13;0500 UTC;0;1006,3;1006,4;1006,2;0;7;7,1;7,4;6,7;7,4;6,8;100;100;100;167;2;,3;
2026/05/13;0600 UTC;0;1006,2;1006,3;1006,1;0;6,6;6,6;6,8;6,3;6,9;6,3;100;100;100;123;2,6;,5;
2026/05/13;0700 UTC;0;1006,1;1006,3;1005,9;0;7,5;7,6;7,9;6,9;8;6,9;100;100;100;142;,8;,4;
2026/05/13;0800 UTC;0;1006,2;1006,4;1006,1;0;8;8;8,1;7,9;8,1;7,9;100;100;100;121;1,1;,4;
2026/05/13;0900 UTC;0;1006,2;1006,3;1006,1;0;7,6;7,6;7,9;7,3;7,9;7,3;100;100;100;141;3,1;,3;
2026/05/13;1000 UTC;0;1006,5;1006,8;1006,3;0;7,6;7,7;7,9;7,4;8;7,4;100;100;100;131;1,2;,3;
2026/05/13;1100 UTC;0;1006,8;1007,1;1006,6;26,2;8;8,1;8,2;7,8;8,3;7,8;100;100;100;148;1,6;,4;
2026/05/13;1200 UTC;0;1007;1007,3;1006,7;217,8;8,3;8,3;8,8;8,1;8,8;8,2;100;100;100;97;,9;,3;
2026/05/13;1300 UTC;0;1007,3;1007,4;1007,2;627,4;9,4;9,4;9,8;8,9;9,9;8,9;100;100;100;110;2,1;,7;
2026/05/13;1400 UTC;0;1006,9;1007,3;1006,5;1924,9;11,3;10,4;13,3;9,8;10,8;9,8;100;84;96;168;2,9;,5;
2026/05/13;1500 UTC;0;1006,1;1006,6;1005,6;2395,8;16;11;17,7;13,4;12,2;9,9;87;66;75;90;,5;,4;
2026/05/13;1600 UTC;0;1005,2;1005,6;1004,7;2558,6;19,3;11,7;20,4;17,6;12,5;11;74;54;62;147;1,9;,8;
2026/05/13;1700 UTC;0;1004,2;1004,7;1003,8;2445,2;21,4;11,5;21,9;20,5;12,7;10,8;56;46;51;211;3,3;1,5;
2026/05/13;1800 UTC;0;1003,4;1003,9;1003,1;2122,1;22,4;11,6;23,1;21,6;12;10,8;51;44;46;238;2;1;
2026/05/13;1900 UTC;0;1002,9;1003,1;1002,8;1557,4;22,8;11,8;23,2;22,3;12,6;11,3;49;43;45;235;2,3;1,4;
2026/05/13;2000 UTC;0;1002,8;1003;1002,6;856,9;22,8;11,8;23,4;21,9;12,4;11,2;52;42;45;189;2,4;1,3;
2026/05/13;2100 UTC;0;1002,7;1002,9;1002,6;103,1;19,6;12,7;21,8;15,8;13,8;11,8;84;50;66;132;,9;,4;
2026/05/13;2200 UTC;0;1003,2;1003,3;1002,9;0;14,1;11,7;15,8;13;12,8;11;91;85;88;172;1,4;,9;
2026/05/13;2300 UTC;0;1003,5;1003,7;1003,2;0;12,3;10,8;13,1;11,6;11,4;10;96;89;93;327;,6;,2;
2026/05/14;0000 UTC;0;1003,9;1004;1003,7;0;10,9;10,1;11,6;10;10,9;9,1;99;94;96;123;2;1,4;
2026/05/14;0100 UTC;0;1004,1;1004,3;1004;0;9,8;9,4;10,3;9,2;10,1;8,5;100;95;98;186;3,1;,4;
2026/05/14;0200 UTC;0;1004,1;1004,3;1004;0;9,6;9,6;10;9,2;10,1;8,6;100;97;100;165;,7;,2;
2026/05/14;0300 UTC;0;1003,9;1004,1;1003,8;0;9;9,1;9,4;8,6;9,5;8,6;100;100;100;208;2;,3;
2026/05/14;0400 UTC;0;1003,9;1004;1003,8;0;8,4;8,5;8,8;7,9;8,9;7,9;100;100;100;179;5,8;,5;
2026/05/14;0500 UTC;0;1003,6;1003,8;1003,5;0;8,1;8,1;8,3;7,9;8,3;8;100;100;100;125;1,1;,3;
2026/05/14;0600 UTC;0;1003,6;1003,7;1003,3;0;7,7;7,7;8,2;7,2;8,2;7,2;100;100;100;143;2,5;,3;
2026/05/14;0700 UTC;0;1003,3;1003,6;1003,2;0;7,3;7,4;7,8;6,8;7,8;6,8;100;100;100;262;3,1;,4;
2026/05/14;0800 UTC;0;1003,6;1004;1003,4;0;7,3;7,3;7,8;6,8;7,9;6,9;100;100;100;248;2,6;,4;
2026/05/14;0900 UTC;0;1004;1004,2;1003,8;0;8,2;8,2;8,7;6,8;8,8;6,9;100;100;100;246;2,3;,5;
2026/05/14;1000 UTC;0;1004,5;1005;1004,2;0;7,9;7,9;8,5;7,8;8,6;7,8;100;100;100;120;1,4;,5;
2026/05/14;1100 UTC;,2;1005,2;1005,6;1004,9;49,7;8,4;8,5;8,8;7,9;8,9;7,9;100;100;100;120;2;,6;
2026/05/14;1200 UTC;0;1005,5;1005,6;1005,4;607,2;10;10;11,2;8,8;11,1;8,9;100;99;100;141;1,7;,4;
2026/05/14;1300 UTC;0;1005,7;1005,9;1005,5;1208,7;12,1;10,9;12,9;11;11,7;10,2;100;90;94;113;3;1,4;
2026/05/14;1400 UTC;0;1005,9;1006,1;1005,7;1736,2;14,7;11,6;15,9;12,5;12,5;11,1;95;79;84;75;10,1;4,7;
2026/05/14;1500 UTC;0;1005,3;1005,8;1004,5;1690,4;17,3;12,6;19;15,6;13,3;12;84;71;77;82;3,4;1,6;
2026/05/14;1600 UTC;0;1004,2;1004,5;1003,8;2053,3;19,6;13,5;20,2;18,6;14,1;12,7;73;67;70;41;2;,3;
2026/05/14;1700 UTC;0;1003,5;1003,8;1003,1;2107,8;20,9;14;21,8;19,9;14,9;13,5;70;61;66;43;3;1,3;
2026/05/14;1800 UTC;0;1003,1;1003,3;1002,9;1796,4;21,9;14,1;22,8;21,4;14,5;13,6;65;55;61;259;2,6;1,4;
2026/05/14;1900 UTC;0;1003,1;1003,2;1002,8;819,3;22;14,1;22,7;21,7;14,9;13,1;64;54;60;220;3,2;1,8;
2026/05/14;2000 UTC;0;1002,8;1003,1;1002,7;532,9;21,7;12,5;22,3;21,2;13,9;11,6;62;49;54;246;1;,4;
2026/05/14;2100 UTC;0;1003,4;1003,6;1003,1;67,6;19,7;14,4;21,1;18,6;15,2;12,3;82;59;73;152;,5;,3;
2026/05/14;2200 UTC;0;1003,8;1004,1;1003,5;0;16,8;14,5;18,6;15,8;15,7;13,8;91;82;89;252;,3;,2;
2026/05/14;2300 UTC;0;1004,2;1004,4;1004,1;0;15,1;13,4;15,7;14,4;13,9;12,9;93;90;91;224;,2;,2;
2026/05/15;0000 UTC;0;1004,8;1005;1004,4;0;14,1;13,1;14,4;13,8;13,4;12,6;97;92;95;272;9,9;8,7;
2026/05/15;0100 UTC;0;1004,8;1005;1004,6;0;14,4;13,3;14,6;13,8;13,6;12,8;97;92;95;269;8,6;8;
2026/05/15;0200 UTC;0;1004,9;1005;1004,7;0;13,5;13;13,7;13,1;13,6;12,4;99;94;98;264;7,8;1,1;
2026/05/15;0300 UTC;0;1005,3;1005,5;1004,9;0;13,1;12,4;13,5;12,7;13;12;99;93;96;271;9,8;4,5;
2026/05/15;0400 UTC;0;1005,5;1005,6;1005,4;0;13,8;11,8;15,7;12,9;12,2;11;96;77;90;204;12;1,9;
2026/05/15;0500 UTC;0;1005,2;1005,5;1005;0;15,5;11;15,9;14,9;11,9;10,7;84;75;77;180;,6;,6;
2026/05/15;0600 UTC;0;1004,9;1005;1004,8;0;15,7;10,7;16,3;15,4;10,9;10,4;77;71;75;180;,9;,7;
2026/05/15;0700 UTC;0;1004,7;1004,9;1004,4;0;15,9;10,7;16,4;14,9;10,8;10,5;79;71;74;180;,9;,9;
2026/05/15;0800 UTC;0;1004,5;1004,5;1004,4;0;13,2;10,9;14,8;12,1;11,2;10,3;94;80;88;224;8,5;,6;
2026/05/15;0900 UTC;0;1004,5;1004,7;1004,3;0;11,8;10,9;12,1;11,5;11,3;10,5;98;92;96;137;1,5;,7;
2026/05/15;1000 UTC;0;1004,8;1005,3;1004,5;0;11,3;10,8;11,9;10,8;11,1;10,2;99;93;97;231;2,4;1,2;
2026/05/15;1100 UTC;0;1005,5;1005,7;1005,3;89,6;10,7;10,4;11,5;10,2;11,3;9,8;100;95;99;117;1,2;,8;
2026/05/15;1200 UTC;0;1005,6;1005,7;1005,5;732,5;13,7;11,8;15,8;11,5;12,5;11,2;99;79;90;154;6,7;1,6;
2026/05/15;1300 UTC;0;1005,4;1005,5;1005,3;1361,9;16,8;11,7;17,6;15,7;12,3;11,3;80;71;75;137;2,9;1,6;
2026/05/15;1400 UTC;0;1005,4;1005,5;1005,1;1906,5;18,1;12,1;18,8;17,4;12,8;11,7;74;67;70;76;3,4;2,1;
2026/05/15;1500 UTC;0;1004,7;1005,2;1004,3;2274,8;19;12,6;19,9;18,3;13,1;12;71;65;68;131;2,3;,8;
2026/05/15;1600 UTC;0;1003,7;1004,3;1003,2;2409,8;20,4;13,2;21;19,8;13,9;12,8;67;61;64;75;2,8;1,4;
2026/05/15;1700 UTC;0;1002,5;1003,2;1002;2310,2;21,5;13,7;22,4;20,6;14,4;13,1;65;57;61;169;3,3;1,1;
2026/05/15;1800 UTC;0;1001,7;1002;1001,3;1953,7;22,7;13,9;23,2;22,2;14,5;13,4;59;53;56;118;3;1,6;
2026/05/15;1900 UTC;0;1001,2;1001,3;1001;1441,3;23,1;13,5;23,6;22,6;14,1;13;55;49;52;172;2,2;1,3;
2026/05/15;2000 UTC;0;1001;1001,1;1000,9;794;22,5;14;23,3;21,8;14,6;13,5;62;52;57;195;3,8;1,9;
2026/05/15;2100 UTC;0;1001,2;1001,2;1001,1;101;20,5;13,8;21,8;18,6;14,2;13,5;76;60;67;275;,8;,1;
2026/05/15;2200 UTC;0;1001,2;1001,3;1001,2;0;15,6;13,2;18,5;14,3;14;12,5;93;76;88;229;1,1;,8;
2026/05/15;2300 UTC;0;1001,4;1001,6;1001,3;0;13,6;12,3;14,5;12,8;13;11,7;98;90;93;219;1,3;,7;
2026/05/16;0000 UTC;0;1001,8;1001,9;1001,6;0;12,5;11,7;13,1;12,1;12,6;10,9;98;93;96;181;1,5;,8;
2026/05/16;0100 UTC;0;1002,1;1002,3;1001,9;0;11,8;11,4;12,3;11,3;12;10,6;100;95;98;172;3,1;1,2;
2026/05/16;0200 UTC;0;1002,4;1002,6;1002,2;0;11,4;11,2;11,6;11,1;11,4;10,7;100;98;99;211;1,6;,5;
2026/05/16;0300 UTC;0;1002,7;1002,8;1002,6;0;10,9;10,9;11,3;10,5;11,3;10,4;100;99;100;185;1,1;,4;
2026/05/16;0400 UTC;0;1002,4;1002,6;1002,2;0;10,4;10,5;10,7;10;10,7;10;100;100;100;201;,8;,4;
2026/05/16;0500 UTC;0;1001,9;1002,1;1001,7;0;10,1;10,2;10,5;9,6;10,6;9,7;100;100;100;267;1;,3;
2026/05/16;0600 UTC;0;1001,9;1002;1001,6;0;11;11;11,6;10;11,7;10,1;100;100;100;159;1,3;,3;
2026/05/16;0700 UTC;0;1001,4;1001,6;1001,2;0;11,7;11,8;11,9;11,3;12;11,3;100;100;100;168;1;,3;
2026/05/16;0800 UTC;0;1001,3;1001,5;1001,2;0;10,6;10,7;11,3;10,1;11,3;10,2;100;100;100;189;2,1;,5;
2026/05/16;0900 UTC;0;1001,3;1001,7;1001,2;0;10,3;10,4;10,7;10;10,7;10;100;100;100;201;1;,4;
2026/05/16;1000 UTC;0;1001,8;1002,1;1001,5;0;10,9;11;11,1;10,7;11,2;10,7;100;100;100;242;,8;,3;
2026/05/16;1100 UTC;0;1002,4;1002,7;1002,1;27,6;11,1;11,2;11,4;10,9;11,5;11;100;100;100;138;1,9;,5;
2026/05/16;1200 UTC;0;1002,9;1003,2;1002,7;273,6;11,8;11,8;12,5;11,4;12,5;11,4;100;100;100;95;2;,4;
2026/05/16;1300 UTC;0;1003,2;1003,3;1003,1;433,7;13;13;13,9;12,5;13,8;12,5;100;100;100;110;1,9;,7;
2026/05/16;1400 UTC;0;1003,1;1003,3;1002,8;849,4;15,2;13,8;16,1;13,9;14,2;13,3;100;88;93;96;4,1;2,2;
2026/05/16;1500 UTC;0;1002,5;1002,8;1001,9;1217,8;17,4;14,5;18,6;16,1;15,3;13,8;89;82;85;117;2,6;,8;
2026/05/16;1600 UTC;0;1001,5;1001,9;1001;1547,4;19,6;15,7;20,5;18,7;16,3;15,2;83;77;80;174;1;,4;
2026/05/16;1700 UTC;0;1000,4;1001;999,9;1734,8;21,7;16,7;22,6;20,6;17,1;16,2;79;72;75;105;2,1;1,3;
2026/05/16;1800 UTC;0;999,7;999,9;999,5;1376,6;22,8;16,8;23,1;22,2;17,4;16,5;74;68;70;241;2;1,2;
2026/05/16;1900 UTC;0;999,4;999,6;999,2;1349,7;23,3;16,9;24;22,6;17,4;16,4;73;66;68;43;2,6;1,8;
2026/05/16;2000 UTC;0;999,3;999,5;999,2;530,4;22,9;17,1;23,2;22,5;17,5;16,8;73;69;71;160;1,4;,6;
2026/05/16;2100 UTC;0;999,5;999,8;999,4;116,9;21,4;17,7;22,6;19,7;18,5;17;91;72;81;223;,7;,4;
2026/05/16;2200 UTC;0;1000,3;1000,8;999,8;0;18,8;17,5;19,6;18,2;17,9;17,2;95;91;93;235;,4;,2;
2026/05/16;2300 UTC;0;1000,9;1001,2;1000,7;0;17,6;16,8;18,2;16,6;17,2;16,1;98;94;96;235;0;0;
2026/05/17;0000 UTC;0;1001,4;1001,6;1001,2;0;16;15,8;16,5;15,4;16,1;15,2;100;97;99;235;0;0;
2026/05/17;0100 UTC;0;1001,6;1001,7;1001,5;0;15,1;15;15,8;14,5;15,8;14,4;100;99;100;235;,9;,9;
2026/05/17;0200 UTC;0;1001,8;1002,1;1001,7;0;14,9;14,9;15,2;14,7;15,3;14,7;100;100;100;235;,9;,9;
2026/05/17;0300 UTC;0;1002,1;1002,4;1002;0;15,4;15,3;15,5;15,1;15,5;14,9;100;99;100;235;,9;,9;
2026/05/17;0400 UTC;0;1002,4;1002,7;1002;0;15,4;15,4;16;14,6;16;14,5;100;99;100;93;2,6;1,8;
2026/05/17;0500 UTC;0;1001,8;1002,1;1001,4;0;15,3;15,3;15,8;14,8;15,9;14,7;100;99;100;88;1,7;1,1;
2026/05/17;0600 UTC;0;1001,9;1002,2;1001,7;0;15,2;15,3;15,7;14,8;15,7;14,9;100;100;100;174;2,1;1,4;
2026/05/17;0700 UTC;0;1001,7;1001,9;1001,4;0;15,5;15,6;15,7;15,4;15,7;15,4;100;100;100;78;1,9;1,6;
2026/05/17;0800 UTC;0;1001,2;1001,5;1000,9;0;15,3;15,3;15,4;14,9;15,5;15;100;100;100;87;9,2;8,1;
2026/05/17;0900 UTC;0;1001;1001,2;1000,8;0;15;15,1;15,2;14,8;15,2;14,9;100;100;100;117;1,8;1,2;
2026/05/17;1000 UTC;0;1001,4;1001,7;1001,2;0;15,3;15,4;15,4;15,2;15,4;15,2;100;100;100;84;2;1,2;
2026/05/17;1100 UTC;0;1001,9;1002,2;1001,7;50,2;15,2;15,2;15,3;15,1;15,4;15,1;100;100;100;130;1,8;1,3;
2026/05/17;1200 UTC;0;1002,1;1002,3;1001,9;223,2;15,3;15,3;15,7;15,1;15,7;15,1;100;100;100;86;2;1,1;
2026/05/17;1300 UTC;0;1002,7;1002,9;1002,2;345,4;15,8;15,5;16,3;15,5;15,8;15,3;100;95;99;142;2,1;1,1;
2026/05/17;1400 UTC;0;1003;1003,3;1002,8;520,7;16,8;15,4;17,1;16,3;15,7;15,1;96;91;93;204;3;1,4;
2026/05/17;1500 UTC;0;1003,2;1003,3;1003,1;328,2;17,2;15,4;17,4;17,1;15,8;15,2;93;89;91;202;4,1;1,6;
2026/05/17;1600 UTC;0;1003,3;1003,3;1003,2;321,6;17,5;15,3;17,9;17,3;15,5;15;90;86;89;220;3,6;1,6;
2026/05/17;1700 UTC;0;1002,9;1003,2;1002,7;473,9;18,3;15;18,7;17,9;15,4;14,7;86;81;83;185;4,1;,7;
2026/05/17;1800 UTC;0;1003;1003,2;1002,9;249,6;18,1;14,8;18,8;17,4;15,2;14,5;86;81;84;195;3,9;1,5;
2026/05/17;1900 UTC;0;1003,4;1003,6;1003,2;196,7;17,3;14,4;17,5;17,1;14,7;14,2;87;85;86;174;3,2;1,3;
2026/05/17;2000 UTC;0;1003,7;1004;1003,5;183;17,3;14,3;17,4;17,1;14,5;14,1;86;84;85;190;3,6;1,6;
2026/05/17;2100 UTC;0;1004,5;1004,9;1004;17,4;16,7;14,3;17,1;16,5;14,6;14;90;86;88;208;4,5;1,8;
2026/05/17;2200 UTC;0;1005,1;1005,4;1004,9;0;16,2;14,2;16,5;16;14,4;14;92;87;90;203;2,8;1,9;
2026/05/17;2300 UTC;0;1005,7;1006,1;1005,3;0;16,1;14,1;16,4;15,5;14,7;13,7;96;87;90;261;10,2;8,5;
2026/05/18;0000 UTC;0;1006,5;1006,8;1006,1;0;15,7;14,4;15,8;15,5;14,7;14,1;96;92;94;197;2,1;1,2;
2026/05/18;0100 UTC;0;1007;1007,2;1006,8;0;15,8;13,9;15,9;15,6;14,2;13,7;93;89;90;208;2,7;1,7;
2026/05/18;0200 UTC;0;1007,2;1007,5;1007;0;15,9;13,9;16;15,8;14;13,7;91;89;90;191;3,7;2,3;
2026/05/18;0300 UTC;0;1007,6;1008,1;1007,2;0;15,9;13,5;16;15,6;13,9;12,7;89;84;88;153;5,7;2,1;
2026/05/18;0400 UTC;0;1008,1;1008,2;1008;0;15,3;12,5;15,6;15,2;12,9;12,2;87;85;86;112;9,6;7,4;
2026/05/18;0500 UTC;0;1008,3;1008,6;1008,1;0;15,3;12,1;15,4;15,2;12,3;11,7;85;82;84;103;10;8,4;
2026/05/18;0600 UTC;0;1008,5;1008,6;1008,3;0;14,8;11,6;15,2;14,2;12,1;11,3;86;82;84;137;8,8;5,5;
2026/05/18;0700 UTC;0;1008,6;1008,7;1008,5;0;14,2;11,6;14,4;14;12;11,4;90;85;87;110;7,8;4;
2026/05/18;0800 UTC;0;1008,6;1008,8;1008,4;0;14,3;11,8;14,4;14,1;12;11,6;89;86;88;124;8,4;4,6;
2026/05/18;0900 UTC;0;1009;1009,2;1008,7;0;14,1;11,9;14,2;14;12,2;11,7;91;88;89;100;8,3;3,1;
2026/05/18;1000 UTC;0;1009,4;1009,9;1009,1;0;13,6;11,7;14,1;13,1;11,9;11,4;92;88;91;236;5,1;1,9;
2026/05/18;1100 UTC;0;1010,4;1010,9;1009,9;28,4;12,7;10,9;13,1;12,5;11,5;10,4;92;89;91;217;5;2,9;
2026/05/18;1200 UTC;0;1011,4;1011,8;1010,9;147,1;12,6;10,4;12,7;12,4;10,7;10,2;91;87;89;200;2,9;,6;
2026/05/18;1300 UTC;0;1012,1;1012,3;1011,8;502,2;13,1;10,3;13,8;12,7;10,8;9,7;90;80;86;180;4,6;,9;
2026/05/18;1400 UTC;0;1012,5;1012,6;1012,3;479,2;13,9;9,6;14,1;13,5;10,1;9,3;82;76;79;177;3,8;,9;
2026/05/18;1500 UTC;0;1012,6;1012,7;1012,4;728,1;14,3;9,3;15,1;14;9,8;9;78;71;75;118;9,5;3,1;
2026/05/18;1600 UTC;0;1012;1012,3;1011,6;1801,7;15,7;9,4;16,7;15;10,4;9;72;63;68;143;10,3;2,5;
2026/05/18;1700 UTC;0;1010,9;1011,5;1010,5;2297,9;17,5;9,8;18,3;16,4;10,5;9,2;67;58;62;160;4;2,7;
2026/05/18;1800 UTC;0;1010,1;1010,5;1009,8;1776,6;18,3;9,9;19;17,7;10,7;9,2;61;53;58;194;2,9;2,1;
2026/05/18;1900 UTC;0;1009,6;1009,8;1009,5;1297,5;18,6;10,1;19,3;17,9;10,8;9,4;62;53;57;190;4;2,1;
2026/05/18;2000 UTC;0;1009,6;1009,6;1009,5;800,4;18,5;9,4;19,1;17,5;10,2;8,9;59;51;55;201;3,1;2,1;
2026/05/18;2100 UTC;0;1009,8;1010,1;1009,6;99,4;16,6;8,9;17,4;15;9,4;8,4;68;58;62;222;1,8;1,8;
2026/05/18;2200 UTC;0;1010,4;1010,7;1010,1;0;13,4;8;15,1;11,5;8,6;7,5;80;67;73;222;2,4;1,6;
2026/05/18;2300 UTC;0;1010,9;1011,1;1010,7;0;12,9;7,5;14,4;11,3;7,7;7;81;64;73;202;5,6;2,6;
2026/05/19;0000 UTC;0;1011,1;1011,3;1011;0;13,8;6,4;14,5;13;7;5,9;65;61;63;194;3,7;2,2;
2026/05/19;0100 UTC;0;1011,5;1011,8;1011,2;0;12,4;5,7;13;9,9;6,3;5,3;81;63;66;66;3,1;1;
2026/05/19;0200 UTC;0;1011,9;1011,9;1011,8;0;9,7;6,1;10,7;8,7;6,9;5,6;91;75;82;98;3,1;1;
2026/05/19;0300 UTC;0;1011,9;1012;1011,8;0;9;5,6;10,7;6,2;6,1;4,7;95;76;83;197;5,5;,9;
2026/05/19;0400 UTC;0;1012,1;1012,2;1012;0;6,4;5,5;7,1;5,8;6;5;99;92;96;89;4,1;,3;
2026/05/19;0500 UTC;0;1012,1;1012,2;1012;0;5,3;5;5,8;4,7;5,5;4,2;100;97;98;187;1,2;,6;
2026/05/19;0600 UTC;0;1011,8;1012;1011,4;0;4,8;4,7;5,1;4,5;5;4,2;100;98;99;211;1,2;,8;
2026/05/19;0700 UTC;0;1011,4;1011,5;1011,4;0;4,3;4,3;5;4;5;4;100;100;100;195;,7;,3;
2026/05/19;0800 UTC;0;1011,3;1011,4;1011,2;0;4,3;4,4;5,5;3,7;5,6;3,7;100;100;100;174;,8;,4;
2026/05/19;0900 UTC;0;1011,1;1011,2;1011,1;0;5,8;5,8;6;5,3;6;5,3;100;100;100;219;1,1;,7;
2026/05/19;1000 UTC;0;1011,4;1011,7;1011,1;0;5,3;5,3;5,5;5;5,6;5;100;100;100;230;,9;,5;
2026/05/19;1100 UTC;0;1012,1;1012,4;1011,7;42,7;5,6;5,7;5,7;5,5;5,8;5,6;100;100;100;230;,8;,4;
2026/05/19;1200 UTC;0;1012,6;1012,7;1012,4;343,6;5,9;5,9;6,4;5,5;6,4;5,6;100;100;100;188;,9;,3;
2026/05/19;1300 UTC;0;1012,7;1012,7;1012,6;895,1;7,3;7,3;8,9;6,3;8,9;6,4;100;98;100;147;2,1;,8;
2026/05/19;1400 UTC;0;1012,4;1012,6;1012,2;2004,1;10,6;9;12,9;8,4;9,8;8,2;100;82;92;246;6;1;
2026/05/19;1500 UTC;0;1012;1012,2;1011,8;2339,9;14,2;9,7;15,6;12,6;10,3;9,1;85;70;77;106;8,9;3;
2026/05/19;1600 UTC;0;1011,2;1011,8;1010,7;2467,2;16,5;9,4;17,9;15,3;10,8;8,2;72;52;64;177;3,6;1,9;
2026/05/19;1700 UTC;0;1010,1;1010,7;1009,6;2402,1;17,9;8,3;18,6;17,3;9,3;7;58;43;52;220;6,1;2,8;
2026/05/19;1800 UTC;;;;;;;;;;;;;;;;;;
2026/05/19;1900 UTC;0;1009;1009,2;1008,9;1510,6;18,7;7;19,1;18,5;8,2;6,5;46;39;42;211;4;2;
2026/05/19;2000 UTC;0;1008,9;1009;1008,8;827,9;18,6;6,4;18,9;18;7,2;5,7;42;36;39;221;3,1;2;
2026/05/19;2100 UTC;0;1009,2;1009,5;1008,9;98,1;15,5;6,6;18;12,2;7,4;6,1;73;41;55;235;1,8;1,2;
2026/05/19;2200 UTC;0;1009,8;1010;1009,5;0;10,7;6,5;12,1;9,4;6,8;6,2;87;73;79;232;1,1;,7;
2026/05/19;2300 UTC;0;1010,2;1010,3;1010;0;9;6,3;9,3;8,8;6,6;6;88;84;86;193;1,7;1,1;
2026/05/20;0000 UTC;0;1010,5;1010,7;1010,2;0;8,3;6,7;9;7,6;7,3;6,3;95;87;92;45;5,6;1;
2026/05/20;0100 UTC;0;1011;1011,3;1010,8;0;7,1;6,3;7,6;6,8;6,6;6;98;94;96;175;5,2;,7;
2026/05/20;0200 UTC;0;1011,5;1011,7;1011,3;0;6,2;5,7;6,9;5,8;6,4;5,4;99;95;97;152;2,9;,3;
2026/05/20;0300 UTC;0;1011,9;1012,2;1011,7;0;5,3;5,3;5,8;4,8;5,7;4,7;100;99;100;225;1,5;,6;
2026/05/20;0400 UTC;0;1012,2;1012,3;1012,2;0;4,7;4,7;5;4,2;5;4,1;100;99;100;172;1,3;,5;
2026/05/20;0500 UTC;0;1012;1012,2;1011,9;0;4,1;4,1;4,6;3,6;4,6;3,5;100;100;100;248;,8;,3;
2026/05/20;0600 UTC;0;1011,8;1011,9;1011,7;0;3,8;3,9;4,2;3,6;4,2;3,6;100;100;100;216;,9;,6;
2026/05/20;0700 UTC;0;1011,5;1011,7;1011,3;0;4,2;4,2;5,1;3,7;5,2;3,8;100;100;100;191;,9;,4;
2026/05/20;0800 UTC;0;1011,3;1011,4;1011,2;0;5,5;5,6;5,8;5,2;5,8;5,2;100;100;100;174;2,1;,6;
2026/05/20;0900 UTC;,2;1011,5;1011,8;1011,2;0;5,4;5,5;5,8;5,2;5,8;5,2;100;100;100;191;1,9;,6;
2026/05/20;1000 UTC;0;1012;1012,4;1011,7;0;4,9;4,9;5,2;4,5;5,2;4,6;100;100;100;197;1,2;,5;
2026/05/20;1100 UTC;0;1012,9;1013,5;1012,5;40,7;4,4;4,4;4,8;4,1;4,8;4,2;100;100;100;229;1;,5;
2026/05/20;1200 UTC;0;1013,8;1014,1;1013,5;305,8;5,6;5,6;6;4,8;6;4,9;100;100;100;256;1,3;,5;
2026/05/20;1300 UTC;0;1014,5;1014,8;1014,1;646,5;6,6;6,6;7,2;6;7,2;6;100;100;100;171;1,1;,4;
2026/05/20;1400 UTC;0;1014,7;1014,8;1014,5;1264,6;8,1;8,2;9,4;7,1;9,4;7,1;100;99;100;165;1,3;,4;
2026/05/20;1500 UTC;0;1014,1;1014,5;1013,6;2347,4;12,2;10;15,5;9,2;10,9;9,1;100;74;89;76;6,1;1,6;
2026/05/20;1600 UTC;0;1012,9;1013,6;1012,2;2475,5;16,6;8,4;17,3;15,7;10,4;7,4;73;54;59;167;7,1;3,4;
2026/05/20;1700 UTC;0;1011,8;1012,2;1011,4;2383,2;17,8;8;18,4;17,2;8,6;7,1;56;46;51;162;5,4;2,6;
2026/05/20;1800 UTC;0;1011,1;1011,4;1010,9;2035,8;18,5;7,9;18,8;18;8,5;7,4;50;45;47;189;4,3;2,5;
2026/05/20;1900 UTC;0;1010,7;1010,9;1010,5;1488,9;18,7;8,1;18,9;18,4;8,6;7,7;50;45;47;195;3,7;1,9;
2026/05/20;2000 UTC;0;1010,8;1011;1010,6;814;18,3;7,5;18,8;17,6;8,2;6,7;49;43;46;224;4,1;2,5;
2026/05/20;2100 UTC;0;1011,1;1011,3;1010,9;98,7;15,6;7,4;17,5;12,8;7,8;6,9;73;47;59;232;1,8;1,2;
2026/05/20;2200 UTC;0;1011,6;1012;1011,2;0;11,3;7,4;12,7;10,1;7,8;7;86;74;81;233;1,5;,9;
2026/05/20;2300 UTC;0;1012,1;1012,3;1012;0;9;7,1;10,2;7,9;7,5;5,9;94;84;90;194;1,2;,3;
2026/05/21;0000 UTC;0;1012,4;1012,8;1012,2;0;7,6;6,5;8,1;6,7;7,1;5,9;97;92;95;188;4,8;,5;
2026/05/21;0100 UTC;0;1013;1013,2;1012,8;0;6,7;6,3;7;6;6,9;5,4;99;97;98;209;2,2;,4;
2026/05/21;0200 UTC;0;1013,3;1013,4;1013,1;0;5,9;5,7;6,3;5,3;6,2;4,8;100;97;99;210;2;1;
2026/05/21;0300 UTC;0;1013,6;1013,8;1013,5;0;5,3;5,3;5,8;4,7;5,9;4,6;100;99;100;212;1,8;,9;
2026/05/21;0400 UTC;0;1013,7;1013,8;1013,6;0;5,2;5,2;5,6;4,8;5,6;4,8;100;100;100;166;2;1,6;
2026/05/21;0500 UTC;;;;;;;;;;;;;;;;;;
2026/05/21;0600 UTC;0;1012,9;1013,3;1012,7;0;6,1;6,1;6,7;4,8;6,7;4,8;100;100;100;158;1,2;,5;
2026/05/21;0700 UTC;0;1012,6;1012,7;1012,5;0;5,7;5,8;6,4;5,2;6,5;5,2;100;100;100;232;2,7;,6;
2026/05/21;0800 UTC;0;1012,7;1012,8;1012,5;0;5,6;5,7;5,8;5,4;5,8;5,5;100;100;100;174;1,4;,9;
2026/05/21;0900 UTC;0;1012,9;1013,1;1012,7;0;6,1;6,2;6,3;5,8;6,3;5,8;100;100;100;153;,7;,3;
2026/05/21;1000 UTC;,2;1013,5;1013,8;1013,1;0;5,8;5,9;6,2;5,5;6,3;5,6;100;100;100;187;1,6;,8;
2026/05/21;1100 UTC;0;1014,3;1014,5;1013,8;34,1;5,9;5,9;6,1;5,6;6,2;5,7;100;100;100;148;1,2;,7;
2026/05/21;1200 UTC;0;1014,5;1014,6;1014,5;324,8;6,1;6,1;6,6;5,9;6,7;5,9;100;100;100;192;1,3;,5;
2026/05/21;1300 UTC;0;1014,7;1014,9;1014,5;768,5;7,5;7,5;8,6;6,6;8,6;6,6;100;100;100;98;1,7;,7;
2026/05/21;1400 UTC;0;1014,7;1014,9;1014,4;1481,5;9,2;9;11,5;8;10,2;8,1;100;91;99;241;1,4;,4;
2026/05/21;1500 UTC;0;1013,9;1014,4;1013,5;2336,9;13,3;9,3;15,5;11,2;10,8;8;94;65;80;118;7,8;3,1;
2026/05/21;1600 UTC;0;1013,2;1013,5;1012,6;2443,3;16,7;9;17,9;15,4;10;8,5;68;57;62;161;2,4;,9;
2026/05/21;1700 UTC;0;1012,1;1012,6;1011,4;2347,9;17,8;10,2;18,4;17;11;9,5;66;59;62;60;3,5;1,9;
2026/05/21;1800 UTC;0;1011;1011,4;1010,8;2001,9;18,8;9,5;19,2;18,6;11;8,2;61;47;54;192;4;2,1;
2026/05/21;1900 UTC;0;1010,8;1010,9;1010,6;1478,6;18,8;8;19;18,6;8,9;7,2;51;42;46;187;4,2;2,5;
2026/05/21;2000 UTC;0;1010,5;1010,6;1010,3;833,9;18,6;8,5;18,9;18,4;9,1;7,5;53;43;50;182;1,6;1;
2026/05/21;2100 UTC;0;1010,9;1011,1;1010,6;134,6;16,7;8,6;18,6;14,1;9,4;8;72;51;60;187;3,2;1,4;
2026/05/21;2200 UTC;0;1011;1011,2;1010,9;0;14,9;7,2;15,7;14;7,9;6,5;69;59;61;203;2,2;1,6;
2026/05/21;2300 UTC;0;1011,6;1012;1011,2;0;12,4;7,2;14,5;11,1;7,7;6,5;82;63;74;183;5,7;2,9;
2026/05/22;0000 UTC;0;1012,4;1012,9;1012;0;13,5;7,4;14,4;12,7;7,6;7,1;72;65;69;167;6,6;2,7;
2026/05/22;0100 UTC;0;1013;1013,5;1012,7;0;12,2;6,7;12,6;11,7;7,1;6,4;74;72;72;103;5,2;1,7;
2026/05/22;0200 UTC;0;1013,4;1013,5;1013,2;0;11,5;6,4;11,7;11,4;6,6;6,3;76;74;75;141;1,8;,4;
2026/05/22;0300 UTC;0;1013,1;1013,3;1013;0;11,4;6,3;11,5;11,3;6,6;5,9;76;72;74;180;2;,7;
2026/05/22;0400 UTC;;;;;;;;;;;;;;;;;;
2026/05/22;0500 UTC;0;1012,6;1012,9;1012,4;0;10,4;6,2;11,1;9,8;6,8;5,9;84;74;79;142;,9;,3;
2026/05/22;0600 UTC;0;1012,3;1012,8;1011,9;0;9,9;6,3;10,1;9,5;6,8;5,9;87;79;82;110;1;,4;
2026/05/22;0700 UTC;0;1011,8;1012;1011,5;0;8,9;6,5;10;8;6,8;5,9;92;79;88;203;5,2;,8;
2026/05/22;0800 UTC;0;1011,6;1011,8;1011,4;0;7,4;6,4;8;7,1;6,6;5,7;97;92;95;68;4,8;,5;
2026/05/22;0900 UTC;0;1011,8;1012,1;1011,7;0;6,8;6,2;7,1;6,6;6,6;5,8;98;95;97;227;2,3;,5;
2026/05/22;1000 UTC;0;1012,2;1012,5;1012;0;6,9;6,4;7,1;6,6;6,5;6,2;99;95;97;204;2,5;,5;
2026/05/22;1100 UTC;0;1012,7;1013;1012,4;29,1;6,8;6,3;7;6,6;6,6;6,1;99;97;98;205;3,6;,4;
2026/05/22;1200 UTC;0;1012,9;1013,1;1012,7;294,4;7,8;6,8;9,3;6,8;7,4;6,5;99;89;95;153;1,2;,3;
2026/05/22;1300 UTC;0;1012,8;1013;1012,7;648,7;10,2;6,5;10,9;9,3;7,6;5,8;89;75;81;113;1,6;,5;
2026/05/22;1400 UTC;0;1012,9;1013,1;1012,7;1064,7;11,7;6,4;12,7;10,8;7,1;6;77;69;73;111;1,5;,5;
2026/05/22;1500 UTC;0;1012,4;1012,7;1012,1;961,2;12,8;6,8;13,1;12,5;7,3;6,4;73;68;70;115;1,4;,5;
2026/05/22;1600 UTC;0;1011,8;1012,1;1011,7;582,9;12,7;7,3;12,9;12,6;8;6,9;76;71;73;68;1,4;,6;
2026/05/22;1700 UTC;0;1011,5;1011,9;1010,9;665,5;13;7,5;13,4;12,7;7,9;7,2;75;70;73;193;2;,7;
2026/05/22;1800 UTC;0;1010,9;1011,1;1010,8;508,4;13,4;8;13,6;13,1;8,6;7,3;75;71;73;227;3,1;1,4;
2026/05/22;1900 UTC;0;1011;1011,2;1010,9;250,8;13,3;8,3;13,5;13,2;8,8;8;77;73;75;209;1,6;,9;
2026/05/22;2000 UTC;0;1011,3;1011,6;1011;189,8;13,3;8,6;13,5;13,1;9,4;8;81;73;76;298;1,6;,5;
2026/05/22;2100 UTC;0;1011,6;1011,7;1011,5;41,4;12,8;9,5;13,1;12,4;10;9;88;81;84;239;1,4;,6;
2026/05/22;2200 UTC;0;1011,9;1012,1;1011,8;0;11,5;9,9;12,4;10,6;10,1;9,5;96;86;92;180;1,2;,4;
2026/05/22;2300 UTC;0;1012,1;1012,3;1012;0;9,3;8,7;10,6;8,4;9,8;7,6;99;94;97;246;1,8;,4;
2026/05/23;0000 UTC;0;1012,5;1012,7;1012,3;0;7,7;7,5;8,4;6,9;8;6,7;100;97;99;234;2,6;,4;
2026/05/23;0100 UTC;0;1012,9;1013,1;1012,7;0;6,4;6,4;7;5,9;7;5,6;100;98;100;144;2,9;,7;
2026/05/23;0200 UTC;0;1013,1;1013,2;1012,9;0;6;6,1;7;5,2;7,1;5;100;99;100;154;1,7;,3;
2026/05/23;0300 UTC;0;1012,9;1013;1012,8;0;7,6;7,7;7,9;6,9;7,9;6,9;100;100;100;147;1,1;,3;
2026/05/23;0400 UTC;0;1012,7;1012,8;1012,5;0;7,7;7,7;7,8;7,5;7,9;7,6;100;100;100;93;3,7;,5;
2026/05/23;0500 UTC;;;;;;;;;;;;;;;;;;
2026/05/23;0600 UTC;0;1012,3;1012,5;1012;0;7,8;7,8;7,9;7,6;7,9;7,6;100;100;100;70;1,2;,6;
2026/05/23;0700 UTC;0;1012;1012,1;1011,9;0;7,5;7,5;7,6;7,4;7,7;7,4;100;100;100;117;3,6;,7;
2026/05/23;0800 UTC;,2;1012;1012,1;1011,8;0;7,3;7,4;7,5;7,1;7,5;7,2;100;100;100;105;4,6;,8;
2026/05/23;0900 UTC;0;1011,9;1012;1011,8;0;6,9;7;7,1;6,6;7,2;6,6;100;100;100;97;4,2;1,1;
2026/05/23;1000 UTC;0;1012;1012,2;1011,8;0;6,5;6,5;6,6;6,3;6,7;6,4;100;100;100;112;1,9;,9;
2026/05/23;1100 UTC;0;1012,3;1012,3;1012,2;31,3;6,3;6,4;6,4;6,3;6,4;6,3;100;100;100;125;2,2;1,2;
2026/05/23;1200 UTC;0;1012,3;1012,4;1012,2;252;6,4;6,4;6,8;6,3;6,9;6,3;100;100;100;123;3,8;,9;
2026/05/23;1300 UTC;0;1012,5;1012,6;1012,4;555,2;7,5;7,6;8,3;6,7;8,3;6,7;100;100;100;110;2,4;1,2;
2026/05/23;1400 UTC;0;1012,5;1012,6;1012,2;942,8;8,9;8,9;9,8;8,2;9,8;8,2;100;100;100;168;2;,4;
2026/05/23;1500 UTC;0;1011,7;1012,2;1011,2;2298,3;12;10,9;14,2;9,8;11,5;9,8;100;84;94;152;7;,8;
2026/05/23;1600 UTC;0;1010,7;1011,2;1010;2268,5;15,6;11,5;17,2;14,2;12,4;10,9;86;73;80;276;9,8;1,9;
2026/05/23;1700 UTC;0;1009,6;1010;1009;2137;17,9;12,3;18,9;17;13;11,7;76;67;72;279;2,4;,9;
2026/05/23;1800 UTC;0;1008,6;1009;1008,4;1890,2;18,9;12,5;20;18;13,1;12,1;71;64;68;272;2,2;,4;
2026/05/23;1900 UTC;0;1008,2;1008,4;1008;1354;20,3;12,7;20,8;19,7;13,6;11,9;67;57;62;132;1,9;,2;
2026/05/23;2000 UTC;0;1008;1008,1;1007,9;738,5;20;12,3;20,6;19,4;12,8;11,8;67;57;62;1;0;0;
2026/05/23;2100 UTC;0;1008,1;1008,3;1008;94,7;17,8;12,7;19,6;15,1;13,3;12,2;87;64;74;280;1,1;,6;
2026/05/23;2200 UTC;0;1008,5;1008,8;1008,3;0;13,6;11,8;15;11,7;12,6;10,7;98;86;91;231;1,1;,7;
2026/05/23;2300 UTC;0;1008,9;1009,2;1008,8;0;11,6;11,1;12;10,9;11,7;10,2;99;96;98;325;,8;,3;
2026/05/24;0000 UTC;0;1009,3;1009,5;1009,1;0;10,4;10,2;10,9;9,9;10,7;9,8;100;96;99;216;1,1;,4;
2026/05/24;0100 UTC;0;1009,5;1009,7;1009,3;0;10,1;10,1;10,5;9,8;10,5;9,6;100;99;100;129;1;,4;
2026/05/24;0200 UTC;0;1009,3;1009,4;1009,3;0;9,4;9,4;10;8,8;10,1;8,8;100;100;100;225;1,4;,3;
2026/05/24;0300 UTC;0;1009,4;1009,5;1009,4;0;8,8;8,8;9,1;8,4;9,1;8,5;100;100;100;212;,9;,4;
2026/05/24;0400 UTC;0;1009;1009,4;1008,7;0;9,4;9,4;9,9;8,7;9,9;8,7;100;100;100;224;,5;,2;
2026/05/24;0500 UTC;0;1008,8;1008,9;1008,7;0;10,1;10,1;10,3;9,9;10,3;9,9;100;100;100;176;,9;,4;
2026/05/24;0600 UTC;0;1008,4;1008,7;1008,1;0;10,2;10,2;10,3;10;10,3;10,1;100;100;100;152;,6;,3;
2026/05/24;0700 UTC;0;1007,9;1008,1;1007,8;0;10;10;10;9,9;10,1;10;100;100;100;108;1,2;,3;
2026/05/24;0800 UTC;0;1007,8;1007,9;1007,5;0;9,7;9,7;9,9;9,5;10;9,5;100;100;100;106;2;,7;
2026/05/24;0900 UTC;0;1007,6;1007,9;1007,4;0;9,2;9,2;9,5;9;9,5;9,1;100;100;100;201;1,8;,7;
2026/05/24;1000 UTC;0;1008,2;1008,4;1007,9;0;9,1;9,2;9,4;8,9;9,4;9;100;100;100;114;2,5;1,3;
2026/05/24;1100 UTC;0;1008,5;1008,6;1008,4;33,4;8,6;8,7;8,9;8,5;9;8,5;100;100;100;106;1,8;,5;
2026/05/24;1200 UTC;0;1008,7;1009,1;1008,6;275,9;9,3;9,4;9,6;8,8;9,6;8,9;100;100;100;67;4;1,2;
2026/05/24;1300 UTC;0;1008,8;1009;1008,6;576,3;10,1;10,2;10,9;9,1;10,9;9,1;100;100;100;99;2,9;,8;
2026/05/24;1400 UTC;0;1009,1;1009,3;1008,8;479,3;11,2;11,2;11,6;10,8;11,5;10,8;100;99;100;126;5;1,1;
2026/05/24;1500 UTC;0;1008,8;1009;1008,6;550,5;11,9;11,2;12,4;11,5;11,5;11;99;94;97;122;3,2;1;
2026/05/24;1600 UTC;0;1008;1008,6;1007,6;835,9;13;11,4;13,3;12,4;11,8;11,1;95;90;92;106;2,9;,6;
2026/05/24;1700 UTC;0;1007,2;1007,6;1006,5;907,5;14;11,8;14,7;13,3;12,1;11,5;92;86;89;75;2,3;,8;
2026/05/24;1800 UTC;0;1006,3;1006,5;1006,1;938,8;15,2;12,3;15,5;14,6;12,8;11,9;88;84;86;63;3,6;1,6;
2026/05/24;1900 UTC;0;1005,8;1006,1;1005,7;878,4;15,9;12,8;16,5;15,5;13,1;12,4;86;82;84;47;9,1;2,2;
2026/05/24;2000 UTC;0;1005,5;1005,8;1005,1;452,3;16,1;13,1;16,6;15,9;13,4;12,8;87;81;85;46;3,4;1,8;
2026/05/24;2100 UTC;0;1005,3;1005,4;1005,2;92;15,4;13,4;16,2;15;13,5;13,2;92;85;90;91;2,8;2,1;
2026/05/24;2200 UTC;0;1005,5;1005,7;1005,3;0;14;13,1;15;13,4;13,4;12,8;99;92;95;180;,4;,1;
2026/05/24;2300 UTC;0;1005,8;1006;1005,6;0;13,1;12,9;13,5;12,7;13,3;12,3;100;97;99;104;3,4;1,1;
2026/05/25;0000 UTC;0;1005,9;1006,1;1005,7;0;12,8;12,7;13,3;12,5;13,4;12,2;100;98;100;106;3;,8;
2026/05/25;0100 UTC;0;1005,9;1006;1005,7;0;13;12,9;13,3;12,6;13,2;12,1;100;97;99;96;2,8;1;
2026/05/25;0200 UTC;0;1005,8;1005,9;1005,7;0;12,7;12,6;13,2;12,5;13,1;12,3;100;98;100;213;2,2;,8;
2026/05/25;0300 UTC;0;1005,8;1005,9;1005,4;0;13,1;13,1;13,4;12,7;13,5;12,7;100;99;100;148;2;,7;
2026/05/25;0400 UTC;0;1005,2;1005,4;1004,9;0;13,8;13,4;14,7;13,3;13,7;13,1;99;94;98;79;2;,8;
2026/05/25;0500 UTC;0;1004,9;1005,1;1004,8;0;14,3;13,5;14,8;14;13,7;13,3;98;94;96;232;1,2;,2;
2026/05/25;0600 UTC;0;1004,6;1004,8;1004,3;0;13,8;13,4;14;13,7;13,5;13,2;98;97;98;124;1,6;,2;
2026/05/25;0700 UTC;0;1004,1;1004,4;1003,9;0;13,6;13,2;14;13,1;13,6;12,8;99;97;98;121;3,6;,5;
2026/05/25;0800 UTC;0;1004;1004,1;1003,8;0;13,1;13,1;13,3;12,7;13,4;12,5;100;99;100;70;3,2;1,1;
2026/05/25;0900 UTC;0;1004,4;1004,5;1004,1;0;13,8;13,7;14,2;13,3;13,9;13,3;100;97;99;163;2,1;,4;
2026/05/25;1000 UTC;0;1004,7;1005,1;1004,4;0;14,4;13,8;14,7;14,1;14;13,6;98;96;97;127;1,6;,4;
2026/05/25;1100 UTC;0;1005,2;1005,5;1005;10,8;14,7;14,2;14,9;14,6;14,5;13,9;98;96;97;100;1,1;,2;
2026/05/25;1200 UTC;0;1005,7;1006;1005,4;87,9;15,2;14,6;15,5;14,9;14,7;14,5;98;96;97;205;1,5;,7;
2026/05/25;1300 UTC;0;1006,2;1006,7;1005,9;311,1;15,9;14,9;16,3;15,5;15,3;14,5;96;94;95;271;10,2;9,4;
2026/05/25;1400 UTC;0;1006,5;1006,8;1006,1;548,4;16,6;15,2;17,6;16,3;15,8;14,7;95;89;93;351;1,4;1,2;
2026/05/25;1500 UTC;0;1005,8;1006,1;1005,3;422,1;17,6;15,8;18;17,2;16,1;15,5;93;88;91;118;1;,5;
2026/05/25;1600 UTC;,2;1005,4;1005,7;1005;167,3;17,5;16,4;17,8;17,4;16,8;16;97;91;95;225;,9;,9;
2026/05/25;1700 UTC;2,2;1004,3;1005;1003,7;52,6;17;16,7;17,3;16,8;16,8;16,6;100;97;99;225;,9;,9;
2026/05/25;1800 UTC;12,5;1004,1;1004,9;1003,8;153,2;16,7;16,7;17;16,5;17,1;16,5;100;100;100;216;1,4;1,1;
2026/05/25;1900 UTC;0;1003,8;1004;1003,6;309,1;17,2;17,1;17,4;16,9;17,3;16,9;100;99;100;254;1,4;,9;
2026/05/25;2000 UTC;;;;;;;;;;;;;;;;;;
2026/05/25;2100 UTC;0;1004,1;1004,2;1004;27;17,3;17,3;17,4;17,2;17,4;17,2;100;100;100;209;1,4;,5;
2026/05/25;2200 UTC;0;1004,3;1004,6;1004;0;16,9;17;17,2;16,7;17,2;16,7;100;100;100;246;9,7;3,7;
2026/05/25;2300 UTC;0;1004,6;1004,8;1004,5;0;16,9;16,9;16,9;16,8;17;16,8;100;100;100;203;,8;,4;
2026/05/26;0000 UTC;0;1004,9;1005,2;1004,7;0;16,8;16,8;16,8;16,8;16,8;16,8;100;100;100;145;,8;,6;
2026/05/26;0100 UTC;0;1005,3;1005,6;1005,1;0;16,8;16,8;16,8;16,8;16,9;16,8;100;100;100;198;1,4;,6;
2026/05/26;0200 UTC;,2;1005,3;1005,5;1005,2;0;16,9;16,9;16,9;16,8;17;16,9;100;100;100;226;1,9;,8;
2026/05/26;0300 UTC;0;1005,3;1005,6;1005;0;16,9;16,9;16,9;16,9;17;16,9;100;100;100;212;1,7;,5;
2026/05/26;0400 UTC;2,8;1004,8;1005,9;1004,5;0;16,9;17;17;16,9;17;16,9;100;100;100;234;7,4;1,4;
2026/05/26;0500 UTC;3,8;1005,5;1005,6;1005,3;0;16,8;16,9;16,9;16,8;16,9;16,8;100;100;100;219;2;1,3;
2026/05/26;0600 UTC;,4;1005,4;1005,6;1005,2;0;16,9;17;17;16,9;17;16,9;100;100;100;241;,8;,8;
2026/05/26;0700 UTC;,6;1005,4;1005,5;1005,3;0;17;17;17;17;17;17;100;100;100;241;,8;,8;
2026/05/26;0800 UTC;0;1005,1;1005,4;1004,7;0;17;17;17;17;17,1;17;100;100;100;241;,8;,8;
2026/05/26;0900 UTC;,2;1005,2;1005,5;1004,9;0;17;17;17;17;17;17;100;100;100;241;1,6;,5;
2026/05/26;1000 UTC;0;1005,8;1006,2;1005,5;0;16,9;17;17;16,9;17;16,9;100;100;100;284;2,2;,9;
2026/05/26;1100 UTC;0;1006,4;1006,8;1006,1;14;16,9;16,9;16,9;16,9;16,9;16,9;100;100;100;316;1,5;,8;
2026/05/26;1200 UTC;0;1007,2;1007,5;1006,8;175,5;17;17,1;17,2;16,9;17,2;16,9;100;100;100;299;1,1;,6;
2026/05/26;1300 UTC;0;1007,6;1007,9;1007,4;370,8;17,3;17,2;17,5;17,1;17,4;17;100;98;99;320;1,9;1,3;
2026/05/26;1400 UTC;0;1008;1008,1;1007,7;523,5;17,9;17;18,3;17,5;17,4;16,6;98;92;96;241;2,1;,7;
2026/05/26;1500 UTC;0;1007,8;1008;1007,4;786,9;18,5;16,9;19;18,2;17,4;16,3;95;86;92;323;2,3;1,3;
2026/05/26;1600 UTC;0;1007,3;1007,3;1007,2;1065,3;19,3;16,6;19,6;19;17,2;16,1;89;84;86;232;5,4;2,6;
2026/05/26;1700 UTC;0;1007,1;1007,3;1006,9;541,8;18,6;16,6;19,1;18,4;17;16,2;92;86;90;227;4,9;3,3;
2026/05/26;1800 UTC;0;1006,6;1006,9;1006,4;564,5;18,6;16,4;18,8;18,4;16,8;15,9;92;87;89;215;4,1;2,7;
2026/05/26;1900 UTC;0;1006,5;1006,7;1006,4;507,3;18,5;16,3;18,6;18,4;16,7;15,9;91;87;89;220;4,1;2,5;
2026/05/26;2000 UTC;0;1006,6;1006,8;1006,6;510,6;18,7;16,2;18,9;18,4;16,5;15,9;90;86;87;229;2,7;2;
2026/05/26;2100 UTC;;;;;;;;;;;;;;;;;;
2026/05/26;2200 UTC;0;1007,2;1007,3;1007,1;0;17,2;16,4;17,3;17,1;16,5;16,2;97;95;96;245;1,6;1,6;
2026/05/26;2300 UTC;0;1007,5;1007,7;1007,3;0;17,1;16,5;17,2;17,1;16,6;16,4;98;96;97;235;8,7;2,5;
2026/05/27;0000 UTC;0;1007,8;1007,9;1007,6;0;17,1;16,5;17,2;16,8;16,6;16,3;98;96;97;91;9,2;8,6;
2026/05/27;0100 UTC;0;1008,1;1008,2;1007,9;0;16;15,8;16,6;15,5;16,2;15,3;100;98;99;89;8,6;7,8;
2026/05/27;0200 UTC;0;1008,2;1008,4;1008;0;15,4;15,4;15,7;14,9;15,8;14,9;100;100;100;119;7,4;5,4;
2026/05/27;0300 UTC;0;1008,6;1008,7;1008,4;0;15,9;15,9;16,4;14,9;16,4;15;100;100;100;88;9,1;8,3;
2026/05/27;0400 UTC;0;1008,3;1008,6;1008,1;0;16;16;16,1;15,8;16,1;15,7;100;100;100;98;8,7;8;
2026/05/27;0500 UTC;0;1008,1;1008,2;1008;0;15,4;15,3;15,8;14,8;15,7;14,3;100;98;99;105;9,1;2,3;
2026/05/27;0600 UTC;0;1008,1;1008,2;1008;0;15,2;15,1;15,8;14,7;15,4;14,3;100;97;99;92;9,2;7,8;
2026/05/27;0700 UTC;0;1007,9;1008;1007,7;0;15,7;15,2;15,8;15,7;15,2;15,1;97;96;97;98;9,1;7,7;
2026/05/27;0800 UTC;0;1007,6;1007,7;1007,6;0;15,3;14,6;15,8;14,6;15,1;14,3;99;95;97;142;1,1;,3;
2026/05/27;0900 UTC;0;1007,8;1008;1007,6;0;13,4;13,3;14,6;12,9;14,2;13;100;97;99;176;1,2;,4;
2026/05/27;1000 UTC;0;1008,1;1008,4;1008;0;12,7;12,7;13,1;11,9;13,1;11,9;100;100;100;178;1,6;,5;
2026/05/27;1100 UTC;0;1008,7;1009,1;1008,4;17,4;13,3;13,4;14;12,4;14;12,4;100;100;100;104;3,3;1,6;
2026/05/27;1200 UTC;0;1009,3;1009,5;1009,1;111,9;13,9;14;14,1;13,8;14,1;13,9;100;100;100;164;2,2;,6;
2026/05/27;1300 UTC;0;1009,6;1009,8;1009,5;234;14,3;14,2;14,6;14;14,4;14,1;100;98;100;99;8,5;2,6;
2026/05/27;1400 UTC;0;1010;1010,1;1009,8;379,8;15,1;14,1;15,7;14,6;14,5;13,8;98;91;95;93;8,4;7,3;
2026/05/27;1500 UTC;0;1009,6;1009,9;1009,3;531,4;16,1;14,1;16,6;15,7;14,6;13,7;93;86;90;90;10,2;8,6;
2026/05/27;1600 UTC;0;1008,9;1009,3;1008,4;673;16,9;14,2;17,3;16,5;14,7;13,9;90;84;86;97;10,6;9,3;
2026/05/27;1700 UTC;0;1007,9;1008,4;1007,3;932,6;17,9;14,2;18,5;17,3;14,8;13,6;86;76;82;92;12,1;10,8;
2026/05/27;1800 UTC;0;1007;1007,3;1006,7;1104,4;18,7;14,1;19,2;18;14,6;13,7;80;74;77;171;2,1;1;
2026/05/27;1900 UTC;0;1006,5;1006,7;1006,3;1012,6;19,5;14,3;20,2;19,2;14,8;14,1;78;71;74;328;1,8;1,2;
2026/05/27;2000 UTC;0;1006,1;1006,3;1006;798,5;20,4;14,9;20,7;19,5;15,4;14,4;79;69;73;288;1,9;,7;
2026/05/27;2100 UTC;0;1006,2;1006,3;1006;86,9;18,2;15,4;19,4;16,7;15,6;15,1;94;79;86;258;,8;,8;
2026/05/27;2200 UTC;0;1006,5;1006,8;1006,2;0;14,9;14,3;16,6;13,9;15,2;13,4;100;92;97;255;7,9;4,2;
2026/05/27;2300 UTC;0;1006,8;1006,9;1006,7;0;13,7;13,6;14;13;13,9;13;100;99;99;234;1,2;,2;
2026/05/28;0000 UTC;0;1007;1007,1;1006,9;0;12,7;12,8;13,2;12;13,3;12,1;100;100;100;208;,7;,3;
2026/05/28;0100 UTC;0;1007,2;1007,2;1007,1;0;12,1;12,1;12,4;11,4;12,4;11,4;100;100;100;201;,8;,3;
2026/05/28;0200 UTC;0;1007,1;1007,2;1007,1;0;11,9;11,9;12,1;11,4;12,1;11,4;100;100;100;159;,6;,2;
2026/05/28;0300 UTC;0;1007,2;1007,2;1007,1;0;12,1;12,2;12,5;11,8;12,5;11,8;100;100;100;157;,9;,3;
2026/05/28;0400 UTC;0;1007,1;1007,2;1006,9;0;12,3;12,3;12,4;11,9;12,5;11,9;100;100;100;161;,9;,3;
2026/05/28;0500 UTC;0;1007;1007,1;1006,9;0;11,6;11,6;11,9;11,4;12;11,5;100;100;100;210;,9;,4;
2026/05/28;0600 UTC;0;1006,7;1006,9;1006,5;0;11,5;11,6;11,6;11,4;11,7;11,5;100;100;100;205;,9;,4;
2026/05/28;0700 UTC;0;1006,4;1006,5;1006,2;0;11,7;11,7;11,8;11,5;11,9;11,5;100;100;100;152;,8;,3;
2026/05/28;0800 UTC;,2;1006,2;1006,3;1006;0;11,4;11,4;11,5;11,2;11,6;11,3;100;100;100;152;1,5;,3;
2026/05/28;0900 UTC;0;1006;1006;1005,8;0;11,3;11,4;11,4;11,3;11,4;11,4;100;100;100;141;1,2;,3;
2026/05/28;1000 UTC;0;1006,2;1006,4;1006;0;11,7;11,7;12;11,4;12,1;11,4;100;100;100;137;,8;,3;
2026/05/28;1100 UTC;0;1006,4;1006,6;1006,3;22,7;12,3;12,3;12,6;12;12,7;12;100;100;100;48;1,1;,4;
2026/05/28;1200 UTC;0;1006,7;1006,9;1006,6;202,3;13,1;13,1;13,7;12,6;13,8;12,7;100;100;100;107;1,9;,7;
2026/05/28;1300 UTC;0;1007;1007,2;1006,8;646;14,3;14,1;15,5;13,6;14,8;13,7;100;94;99;87;8,4;6,9;
2026/05/28;1400 UTC;0;1007,3;1007,4;1007,2;1172;16,2;13,9;17,3;15,5;14,5;13,3;93;84;88;111;10,2;4,9;
2026/05/28;1500 UTC;0;1006,8;1007,2;1006,5;1438,7;18,2;14,3;19,2;17,2;15,1;13,7;87;77;81;48;3;1,5;
2026/05/28;1600 UTC;0;1006,1;1006,5;1005,7;2315,3;20,7;15,4;21,8;19,3;16,6;14,6;79;70;74;45;,9;,2;
2026/05/28;1700 UTC;0;1005,2;1005,7;1004,8;2020;22,7;16,5;23,3;21,9;17,3;15,9;75;65;69;205;2;1;
2026/05/28;1800 UTC;0;1004,4;1004,8;1004,1;1382,3;23,6;17,1;24,3;22,5;17,9;16,5;72;64;68;94;2;1;
2026/05/28;1900 UTC;0;1004;1004,1;1003,9;970,8;24,1;17,7;24,6;23,7;18,4;17,2;72;65;68;296;1,4;,7;
2026/05/28;2000 UTC;0;1003,6;1003,9;1003,4;724,1;24,3;18;25;23,9;18,6;17,5;72;64;68;53;2;,8;
2026/05/28;2100 UTC;0;1003,8;1004,1;1003,6;103,3;22,4;17,8;23,9;20;18,2;17,3;90;70;77;209;1;,6;
2026/05/28;2200 UTC;0;1004,2;1004,7;1004;0;18,7;17,5;19,9;17,5;17,9;16,7;98;90;94;246;1,6;,9;
2026/05/28;2300 UTC;0;1005,1;1005,3;1004,7;0;17;16,8;17,4;16,6;17,4;16,2;100;97;99;177;2;1,1;
2026/05/29;0000 UTC;0;1005,4;1005,6;1005,3;0;16,3;16,2;16,9;15,9;16,8;15,9;100;99;100;156;1;,3;
2026/05/29;0100 UTC;0;1005,7;1005,8;1005,6;0;15,5;15,6;15,9;15,2;15,9;15,3;100;100;100;247;1;,6;
2026/05/29;0200 UTC;0;1005,8;1006,1;1005,6;0;15,4;15,5;15,8;14,9;15,8;14,9;100;100;100;247;1,9;1,1;
2026/05/29;0300 UTC;0;1006;1006,1;1005,9;0;16,1;16,2;16,3;15,7;16,4;15,8;100;100;100;174;1,9;,7;
2026/05/29;0400 UTC;0;1005,9;1006;1005,9;0;16,1;16,2;16,3;15,9;16,4;15,9;100;100;100;305;1,3;,6;
2026/05/29;0500 UTC;0;1005,9;1005,9;1005,8;0;16,2;16,2;16,3;16,1;16,4;16,1;100;100;100;295;1,7;,8;
2026/05/29;0600 UTC;0;1005,6;1005,8;1005,3;0;16,4;16,4;16,5;16,2;16,5;16,3;100;100;100;168;1,6;1,1;
2026/05/29;0700 UTC;0;1005;1005,3;1004,8;0;16,5;16,3;16,7;16,3;16,4;15,9;100;97;99;186;1,6;,8;
2026/05/29;0800 UTC;0;1004,7;1004,9;1004,5;0;16,7;16,3;17;16,3;16,4;16;99;96;98;165;2,8;1,3;
2026/05/29;0900 UTC;0;1004,5;1004,7;1004,3;0;16,9;16,1;17,1;16,7;16,3;15,9;98;95;96;186;1,3;,6;
2026/05/29;1000 UTC;0;1005;1005,1;1004,7;0;16,6;15,9;16,7;16,2;16,1;15,5;97;96;97;204;1,5;,4;
2026/05/29;1100 UTC;0;1005,5;1006;1005;67,4;16,4;15,7;17,3;16,1;15,9;15,2;98;93;96;267;9,2;8,3;
2026/05/29;1200 UTC;0;1006,1;1006,2;1005,9;304,1;17,8;16,1;18,6;17;16,6;15,7;95;89;92;64;,5;,5;
2026/05/29;1300 UTC;0;1006,6;1007,1;1005,8;469,2;18,9;16,7;19,2;18,5;17,3;16;92;85;89;190;,1;,1;
2026/05/29;1400 UTC;0;1007,1;1007,3;1006,9;476,2;19,1;16,8;19,6;18,5;17,3;16,3;93;84;89;180;1,2;,4;
2026/05/29;1500 UTC;,4;1007;1007,4;1006,7;154,2;18,7;17,2;19,6;17,5;17,7;16,3;97;84;93;234;1,3;,5;
2026/05/29;1600 UTC;6,9;1007,3;1007,6;1006,7;53,2;16,8;16,3;17,5;16,5;16,6;16,1;99;96;98;220;1,9;,5;
2026/05/29;1700 UTC;7,1;1006,6;1007,5;1005,8;58,7;16,6;16,6;16,7;16,5;16,8;16,3;100;99;100;165;1,6;1,6;
2026/05/29;1800 UTC;2,2;1005,2;1005,8;1004,9;103,4;17;17;17,1;16,7;17,2;16,8;100;100;100;165;1,9;1,9;
2026/05/29;1900 UTC;,2;1005,2;1005,5;1004,9;179,3;17,3;17,2;17,4;17,1;17,4;17,2;100;100;100;177;3,6;2,5;
2026/05/29;2000 UTC;;;;;;;;;;;;;;;;;;
2026/05/29;2100 UTC;0;1005,4;1005,8;1005;33,2;17,3;17,3;17,4;17,2;17,4;17,2;100;100;100;224;2,5;,9;
2026/05/29;2200 UTC;0;1005,9;1006,3;1005,5;,1;16,9;17;17,3;16,5;17,3;16,6;100;100;100;195;1,7;,4;
2026/05/29;2300 UTC;0;1006,5;1006,7;1006,3;0;16;16;16,6;15,2;16,6;15,2;100;100;100;231;1,6;,8;
2026/05/30;0000 UTC;0;1006,7;1006,9;1006,6;0;15,3;15,3;15,6;14,8;15,6;14,8;100;100;100;275;1,1;,6;
2026/05/30;0100 UTC;0;1006,5;1006,6;1006,4;0;15,2;15,2;15,3;14,7;15,3;14,8;100;100;100;264;1,2;,5;
2026/05/30;0200 UTC;0;1006,4;1006,5;1006,3;0;15,6;15,6;15,8;15,3;15,8;15,3;100;100;100;157;,9;,5;
2026/05/30;0300 UTC;0;1006,8;1007;1006,5;0;15,3;15,4;15,6;15,1;15,6;15,2;100;100;100;240;1,2;,5;
2026/05/30;0400 UTC;0;1007;1007,1;1006,9;0;15,2;15,3;15,3;15,1;15,3;15,2;100;100;100;91;7;6,6;
2026/05/30;0500 UTC;0;1007;1007,1;1006,8;0;15,2;15,3;15,3;15,2;15,3;15,2;100;100;100;96;6,8;6,5;
2026/05/30;0600 UTC;0;1007;1007,1;1006,9;0;15,6;15,6;15,8;15,3;15,9;15,3;100;100;100;95;7,7;7;
2026/05/30;0700 UTC;,2;1006,9;1007;1006,9;0;16;16;16,1;15,8;16,2;15,8;100;100;100;94;8,2;7,9;
2026/05/30;0800 UTC;0;1007,1;1007,2;1006,9;0;15,6;15,7;15,7;15,6;15,8;15,6;100;100;100;95;8,2;7,9;
2026/05/30;0900 UTC;0;1007,4;1007,5;1007,2;0;15,8;15,9;15,9;15,7;15,9;15,8;100;100;100;95;8,4;8,1;
2026/05/30;1000 UTC;,2;1007,9;1008,2;1007,5;0;15,9;15,9;16;15,9;16;15,9;100;100;100;92;8;7,7;
2026/05/30;1100 UTC;0;1008,6;1009,1;1008,2;11,3;16;16;16,1;15,9;16,1;16;100;100;100;163;7,3;1;
2026/05/30;1200 UTC;0;1009,3;1009,4;1009,1;116,1;16;16;16;15,9;16,1;15,9;100;100;100;250;7,2;3,9;
2026/05/30;1300 UTC;0;1009,6;1009,9;1009,3;259,3;16;16;16,1;15,8;16,1;15,9;100;100;100;267;8,2;4,8;
2026/05/30;1400 UTC;0;1010;1010,1;1009,9;374,6;16,2;16,2;16,4;16;16,4;16,1;100;100;100;308;2,1;1,3;
2026/05/30;1500 UTC;0;1009,7;1009,9;1009,5;449,9;16,4;16,4;16,6;16,2;16,6;16,2;100;99;100;203;8,6;3,1;
2026/05/30;1600 UTC;0;1009,1;1009,4;1008,7;386,3;16,7;16,6;16,9;16,5;16,8;16,3;100;99;99;275;9,8;8,1;
2026/05/30;1700 UTC;0;1008,4;1008,7;1008;499,6;17,2;16,5;17,4;16,9;16,8;16,1;99;94;97;281;16,6;8,3;
2026/05/30;1800 UTC;0;1007,8;1008;1007,7;357;17,3;16,3;17,5;17,2;16,7;16;96;93;95;270;10,9;9,3;
2026/05/30;1900 UTC;0;1007,7;1007,7;1007,6;236,1;17,4;16,2;17,5;17,3;16,5;16,1;95;93;94;258;1,3;,5;
2026/05/30;2000 UTC;0;1007,8;1007,9;1007,7;90,2;17,2;16,2;17,3;17;16,4;15,8;96;93;95;249;1,4;,5;
2026/05/30;2100 UTC;0;1007,9;1008;1007,9;14,5;16,9;16,1;17;16,7;16,3;15,8;97;95;96;242;1,7;,5;
2026/05/30;2200 UTC;0;1008,1;1008,3;1007,9;0;16,6;16,1;16,7;16,5;16,2;15,9;99;96;97;249;1,8;,5;
2026/05/30;2300 UTC;0;1008,5;1008,7;1008,3;0;16,3;16,2;16,5;16,2;16,3;16,1;100;99;99;240;1,9;,5;
2026/05/31;0000 UTC;0;1008,8;1008,9;1008,7;0;16,2;15,9;16,3;16,1;16,1;15,4;100;96;99;203;2,1;,9;
2026/05/31;0100 UTC;0;1009,1;1009,2;1008,9;0;16,2;15,7;16,3;16;15,9;15,5;99;96;98;202;2,4;1,4;
2026/05/31;0200 UTC;0;1009,1;1009,2;1009;0;16;15,5;16;15,9;15,7;15,2;99;96;98;195;1,4;,6;
2026/05/31;0300 UTC;0;1009;1009,1;1008,9;0;15,9;15,7;16;15,8;15,8;15,6;100;98;99;304;,8;,5;
2026/05/31;0400 UTC;0;1008,9;1008,9;1008,8;0;15,8;15,8;15,9;15,8;15,8;15,8;100;100;100;275;,9;,4;
2026/05/31;0500 UTC;0;1008,9;1009;1008,8;0;15,9;15,8;16;15,8;15,9;15,8;100;99;100;233;,8;,5;
2026/05/31;0600 UTC;0;1008,8;1008,9;1008,6;0;15,9;15,8;16;15,9;15,9;15,7;100;99;100;259;,6;,3;
2026/05/31;0700 UTC;0;1008,5;1008,7;1008,3;0;16;15,9;16;15,9;16;15,8;100;99;100;257;,7;,3;
2026/05/31;0800 UTC;0;1008,4;1008,5;1008,3;0;16;16;16,1;15,9;16;15,9;100;100;100;257;,9;,4;
2026/05/31;0900 UTC;,2;1008,4;1008,5;1008,4;0;15,9;15,9;16;15,9;16;15,9;100;100;100;275;1,2;,4;
2026/05/31;1000 UTC;0;1008,7;1008,9;1008,4;0;15,8;15,8;15,9;15,7;15,9;15,7;100;100;100;261;,8;,5;
2026/05/31;1100 UTC;0;1009,2;1009,5;1008,9;30;15,5;15,5;15,7;15,3;15,7;15,3;100;100;100;275;,9;,4;
2026/05/31;1200 UTC;0;1009,7;1010;1009,5;218,9;15,8;15,8;16,2;15,3;16;15,3;100;97;100;196;7,2;2,9;
2026/05/31;1300 UTC;0;1010;1010,1;1009,9;757,1;17;15,4;17,5;16,2;16;14,9;97;88;92;123;8,2;2,9;
2026/05/31;1400 UTC;0;1009,9;1010,1;1009,6;1766,3;18,3;15,2;19,2;17,3;15,9;14,7;91;78;85;53;2,2;1,2;
2026/05/31;1500 UTC;0;1009,2;1009,6;1008,9;1697,3;19,6;15;20,2;19,2;15,9;14,1;82;73;77;264;,4;,1;
2026/05/31;1600 UTC;0;1008,5;1008,9;1008;1495,9;19,9;14,6;21,2;19,1;15,7;14;81;67;74;176;1,6;,4;
2026/05/31;1700 UTC;0;1007,6;1008;1007,2;1090,6;20,3;14,4;21,4;19,9;15,4;13,7;75;63;71;212;2,9;1,2;
2026/05/31;1800 UTC;0;1006,8;1007,2;1006,5;1180,2;20,7;14,3;21,6;20,1;14,9;13,7;73;63;68;201;1,8;,9;
2026/05/31;1900 UTC;0;1006,3;1006,5;1006;968,6;20,7;14,4;21,6;20;15,3;13,7;77;61;68;307;1,8;,6;
2026/05/31;2000 UTC;0;1006;1006,1;1006;877,9;21,3;14,1;21,9;20,7;14,7;13,4;69;61;64;225;1,6;,5;
2026/05/31;2100 UTC;0;1006,2;1006,6;1006;109,5;19,3;14,8;20,8;17,2;15,6;13,9;89;66;77;164;1,7;1,1;
2026/05/31;2200 UTC;0;1006,9;1007,4;1006,6;0;15,5;14,1;17,1;14,4;15;13,5;96;89;93;212;2,9;,3;
2026/05/31;2300 UTC;0;1007,6;1007,9;1007,4;0;13,8;13,4;14,5;13,1;13,8;12,8;99;95;98;247;,6;,1;
2026/06/01;0000 UTC;0;1008,1;1008,3;1007,9;0;12,6;12,6;13,1;12,1;13;12,1;100;98;100;233;,5;,2;
2026/06/01;0100 UTC;0;1008,3;1008,4;1008,2;0;11,7;11,7;12,1;11,3;12,1;11,3;100;100;100;190;,9;,3;
2026/06/01;0200 UTC;0;1008,1;1008,4;1008;0;11,6;11,6;12,1;11,1;12,1;11,2;100;100;100;130;1;,3;
2026/06/01;0300 UTC;0;1007,9;1008;1007,8;0;11,4;11,4;11,6;11,2;11,7;11,3;100;100;100;83;,9;,3;
2026/06/01;0400 UTC;0;1007,8;1008,1;1007,6;0;11,5;11,5;11,7;11,2;11,7;11,2;100;100;100;140;,6;,2;
2026/06/01;0500 UTC;0;1008,2;1008,5;1007,6;0;11,5;11,5;11,7;11,2;11,7;11,3;100;100;100;246;1,4;,2;
2026/06/01;0600 UTC;0;1008,4;1008,6;1008,3;0;11;11,1;11,2;10,5;11,3;10,6;100;100;100;174;1,4;,9;
2026/06/01;0700 UTC;0;1008,3;1008,4;1008,3;0;10,6;10,6;10,7;10,5;10,7;10,5;100;100;100;209;,8;,3;
2026/06/01;0800 UTC;0;1008,5;1008,6;1008,4;0;10,9;11;11,1;10,6;11,2;10,6;100;100;100;184;1;,2;
2026/06/01;0900 UTC;;;;;;;;;;;;;;;;;;
2026/06/01;1000 UTC;0;1008,5;1008,6;1008,3;0;11,5;11,5;11,7;11,2;11,8;11,2;100;100;100;94;2,1;,9;
2026/06/01;1100 UTC;0;1008,9;1009,3;1008,6;27,3;11,2;11,3;11,6;11;11,6;11;100;100;100;67;1,7;,8;
2026/06/01;1200 UTC;,2;1009,7;1010,1;1009,3;274,6;11;11;11,2;10,8;11,2;10,9;100;100;100;167;1,5;,6;
2026/06/01;1300 UTC;0;1010,3;1010,5;1010,1;641,2;11,7;11,8;12,3;11,1;12,3;11,1;100;100;100;193;2,3;,5;
2026/06/01;1400 UTC;0;1010,6;1010,7;1010,4;1284,8;12,8;12,9;13,5;12,2;13,5;12,3;100;99;100;98;4,1;1,6;
2026/06/01;1500 UTC;0;1010,1;1010,5;1009,7;2022,5;15,5;13,8;17,3;13,3;14,5;13,3;100;81;92;145;5,9;1,3;
2026/06/01;1600 UTC;0;1009,4;1009,7;1009;2296,4;18,9;13,7;20,1;17,2;14,9;13,1;82;68;74;176;2,8;1,4;
2026/06/01;1700 UTC;0;1008,7;1009;1008,1;1817,2;19,9;14;21,1;19,1;15,2;13,4;77;66;70;234;1,6;,4;
2026/06/01;1800 UTC;0;1007,8;1008,1;1007,5;1856,1;21,1;14,3;21,6;20,6;15,2;13,5;70;61;66;149;2,8;1,1;
2026/06/01;1900 UTC;0;1007,4;1007,5;1007,2;1299,3;21,5;13,6;22;21,2;14,3;12,9;65;56;60;235;2;,3;
2026/06/01;2000 UTC;;;;;;;;;;;;;;;;;;
2026/06/01;2100 UTC;0;1007,4;1007,6;1007,3;68,8;18,2;15;20,5;16,4;15,6;14,5;93;71;84;213;1,4;,9;
2026/06/01;2200 UTC;0;1007,8;1008,1;1007,6;0;15,3;13,9;16,4;14,1;14,9;13;97;91;93;199;,9;,5;
2026/06/01;2300 UTC;0;1008,3;1008,6;1008,1;0;13,6;13,2;14,2;13,2;13,7;12,7;99;97;98;216;1,2;,3;
2026/06/02;0000 UTC;0;1008,8;1009;1008,6;0;12,9;12,5;13,5;12,4;13;11,9;99;96;98;126;1,1;,3;
2026/06/02;0100 UTC;0;1009,1;1009,3;1008,9;0;12,1;12,1;12,4;11,6;12,3;11,5;100;99;100;215;1;,3;
2026/06/02;0200 UTC;0;1009,5;1009,7;1009,4;0;11,6;11,6;11,8;11,4;11,9;11,3;100;99;100;198;1,1;,3;
2026/06/02;0300 UTC;0;1009,7;1009,9;1009,5;0;11,4;11,5;11,8;11,1;11,9;11,1;100;100;100;46;,7;,3;
2026/06/02;0400 UTC;0;1009,7;1009,9;1009,6;0;12,3;12,4;12,9;11,5;13;11,6;100;100;100;171;2,3;,3;
2026/06/02;0500 UTC;0;1009,6;1009,8;1009,4;0;13,2;13,2;13,3;12,9;13,4;13;100;100;100;54;1,7;,4;
2026/06/02;0600 UTC;0;1009,3;1009,5;1009,2;0;13,3;13,3;13,4;13;13,4;13,1;100;100;100;95;1,1;,4;
2026/06/02;0700 UTC;0;1009,3;1009,3;1009,2;0;12,7;12,7;13;12,5;13,1;12,5;100;100;100;189;,7;,3;
2026/06/02;0800 UTC;0;1009,3;1009,3;1009,2;0;12,3;12,4;12,5;12,1;12,6;12,1;100;100;100;143;,7;,3;
2026/06/02;0900 UTC;0;1009,2;1009,3;1009,1;0;12;12,1;12,1;11,8;12,2;11,9;100;100;100;57;,9;,3;
2026/06/02;1000 UTC;0;1009,6;1009,9;1009,3;0;11,7;11,7;11,8;11,6;11,9;11,6;100;100;100;87;1,2;,4;
2026/06/02;1100 UTC;0;1010,2;1010,5;1009,9;29,3;11,5;11,5;11,7;11,3;11,7;11,3;100;100;100;135;1,7;,4;
2026/06/02;1200 UTC;0;1010,9;1011,1;1010,5;337,3;11,5;11,5;12;11,3;12,1;11,3;100;100;100;96;,9;,2;
2026/06/02;1300 UTC;0;1011,1;1011,2;1011;1226,5;13,4;12,7;15,1;11,9;13,4;12;100;85;96;83;5,9;4,1;
2026/06/02;1400 UTC;0;1011,3;1011,3;1011,2;1767,5;16,1;12,5;17,4;15;13,5;11,8;87;76;82;80;9,1;6,9;
2026/06/02;1500 UTC;0;1010,9;1011,2;1010,7;2094,9;17,8;13,4;19,1;16,8;14,2;12,9;83;74;78;168;10,6;3,1;
2026/06/02;1600 UTC;0;1010,4;1010,7;1010;2272,4;19,7;14,4;20,6;18,8;15,2;13,8;78;69;73;56;2,3;,3;
2026/06/02;1700 UTC;;;;;;;;;;;;;;;;;;
2026/06/02;1800 UTC;0;1008,5;1008,9;1008,3;1743,5;21,8;15,1;22,3;21,2;15,6;14,6;70;62;67;94;3,3;1,2;
2026/06/02;1900 UTC;0;1008,2;1008,3;1008,1;624,5;21,6;15,5;21,9;21,5;16,1;14,9;73;66;69;72;1,2;,5;
2026/06/02;2000 UTC;;;;;;;;;;;;;;;;;;
2026/06/02;2100 UTC;0;1008,9;1009,3;1008,5;105,5;20,2;16,1;21,7;18,6;16,5;15,7;87;71;80;161;1,7;,2;
2026/06/02;2200 UTC;0;1009,4;1009,6;1009,2;0;17,5;15,7;18,6;16,8;15,9;15,4;94;87;91;162;1,5;,5;
2026/06/02;2300 UTC;0;1009,6;1009,8;1009,5;0;16,3;15,1;17;15,2;15,5;14,4;97;92;94;157;1,4;,4;
2026/06/03;0000 UTC;0;1010;1010,1;1009,8;0;14,4;14,2;15,1;13,8;14,7;13,6;100;97;99;179;3,5;,6;
2026/06/03;0100 UTC;0;1010,4;1010,5;1010,1;0;13,4;13,4;13,9;12,9;14;13;100;100;100;190;,9;,2;
2026/06/03;0200 UTC;0;1010,5;1010,7;1010,4;0;13,1;13,2;13,3;12,9;13,3;13;100;100;100;191;,5;,3;
2026/06/03;0300 UTC;0;1010,9;1011,2;1010,7;0;12,8;12,8;13,2;12,6;13,2;12,5;100;100;100;215;,6;,1;
2026/06/03;0400 UTC;0;1011,1;1011,2;1010,9;0;12,1;12,1;12,6;11,3;12,6;11,2;100;100;100;248;,6;,1;
2026/06/03;0500 UTC;0;1011,1;1011,3;1010,8;0;11,5;11,5;11,9;11,2;11,9;11,3;100;100;100;112;,5;,2;
2026/06/03;0600 UTC;0;1010,5;1010,8;1010,1;0;11,8;11,8;12,2;11,1;12,3;11,2;100;100;100;160;1,3;,6;
2026/06/03;0700 UTC;0;1010;1010,1;1009,8;0;11,6;11,7;11,9;11,4;11,9;11,4;100;100;100;119;1;,6;
2026/06/03;0800 UTC;0;1009,8;1009,9;1009,8;0;11,7;11,7;11,9;11,2;12;11,2;100;100;100;134;,7;,4;
2026/06/03;0900 UTC;0;1009,8;1009,9;1009,7;0;11;11,1;11,2;10,9;11,2;10,9;100;100;100;73;1,3;,5;
2026/06/03;1000 UTC;0;1010;1010,2;1009,9;0;11,5;11,5;11,7;10,9;11,7;11;100;100;100;161;1,7;1,1;
2026/06/03;1100 UTC;0;1010,5;1010,7;1010,2;24,3;12;12;12,8;11,4;12,8;11,5;100;100;100;131;2,3;1,3;
2026/06/03;1200 UTC;0;1011,1;1011,4;1010,8;242,8;13,4;13,4;13,8;12,8;13,8;12,9;100;100;100;72;2,8;1,2;
2026/06/03;1300 UTC;0;1011,8;1012,1;1011,4;746;14,2;14,2;15;13,7;15,1;13,8;100;100;100;30;3,5;1,8;
2026/06/03;1400 UTC;0;1012;1012,1;1011,8;1666,7;15,9;14,6;17,2;14,8;15,3;14,2;100;87;93;57;8,2;5,4;
2026/06/03;1500 UTC;0;1011,5;1011,8;1011,2;2108;18,5;15,2;19,6;17,2;15,8;14,4;89;79;83;117;3,2;,9;
2026/06/03;1600 UTC;0;1010,8;1011,3;1010,2;2251,2;20,7;15,9;22,1;19,6;16,9;15,2;80;70;76;21;1,4;,4;
2026/06/03;1700 UTC;;;;;;;;;;;;;;;;;;
2026/06/03;1800 UTC;0;1009,2;1009,5;1008,9;1834;24,5;17,2;25,3;23,9;17,9;16,6;65;62;63;112;2,2;1;
2026/06/03;1900 UTC;0;1008,9;1008,9;1008,8;1321,7;25,3;17,2;25,9;24,7;18;15,3;65;47;59;76;2;,8;
2026/06/03;2000 UTC;0;1008,7;1008,8;1008,6;696;25,5;16,8;26;24,7;18,1;15,5;67;49;56;41;1,2;,6;
2026/06/03;2100 UTC;;;;;;;;;;;;;;;;;;
2026/06/03;2200 UTC;0;1009,5;1009,6;1009,5;0;17,4;16,6;17,7;16,9;17;15,8;97;94;96;177;1,6;,4;
2026/06/03;2300 UTC;0;1009,8;1009,9;1009,6;0;16,3;16;16,8;15,4;16,6;14,4;100;93;98;175;2;1,2;
2026/06/04;0000 UTC;0;1010,3;1010,5;1009,9;0;15,1;15;16,1;14,4;16;14,2;100;98;99;194;,8;,4;
2026/06/04;0100 UTC;0;1010,8;1011;1010,5;0;14,2;14,3;14,8;13,8;14,8;13,9;100;100;100;203;1;,3;
2026/06/04;0200 UTC;0;1011,1;1011,4;1010,9;0;14;14;14,4;13,6;14,5;13,7;100;100;100;161;,9;,3;
2026/06/04;0300 UTC;0;1011,4;1011,5;1011,3;0;13,8;13,8;14,2;13,5;14,3;13,5;100;100;100;173;1;,6;
2026/06/04;0400 UTC;0;1011,6;1011,7;1011,4;0;12,8;12,9;13,6;12,6;13,6;12,6;100;100;100;218;,7;,3;
2026/06/04;0500 UTC;0;1011,6;1011,7;1011,5;0;12,4;12,4;13;11,8;13,1;11,8;100;100;100;156;1,6;1,2;
2026/06/04;0600 UTC;0;1011,4;1011,5;1011,3;0;12,9;12,9;13,3;12,5;13,3;12,5;100;100;100;201;,8;,4;
2026/06/04;0700 UTC;,2;1011,5;1011,6;1011,4;0;12,5;12,6;12,9;12,1;12,9;12,1;100;100;100;164;1,2;,8;
2026/06/04;0800 UTC;0;1011,5;1011,6;1011,4;0;12,5;12,5;12,6;12,4;12,6;12,5;100;100;100;162;,8;,5;
2026/06/04;0900 UTC;0;1011,5;1011,7;1011,4;0;12,4;12,4;12,5;12,3;12,5;12,3;100;100;100;116;1,1;,6;
2026/06/04;1000 UTC;0;1011,9;1012,1;1011,7;0;11,8;11,9;12,4;11,3;12,4;11,3;100;100;100;141;1,4;,9;
2026/06/04;1100 UTC;0;1012,4;1012,7;1012,1;27,6;11,5;11,6;12,4;11,2;12,4;11,3;100;100;100;150;1,6;1,1;
2026/06/04;1200 UTC;0;1012,9;1013,1;1012,6;551,8;13,5;13,5;14,4;12,4;14,3;12,5;100;99;100;174;2,2;,5;
2026/06/04;1300 UTC;0;1013,2;1013,3;1013,1;1227,8;15,9;13,9;17,5;14,3;14,7;13;99;79;90;73;8,9;1,8;
2026/06/04;1400 UTC;0;1013,1;1013,3;1012,9;1778,2;17,9;13,3;19;17,1;13,8;12,8;83;73;77;65;2,4;,6;
2026/06/04;1500 UTC;0;1012,6;1012,9;1012,2;2130,1;19,6;13,9;20,7;18,7;14,8;13,4;75;67;71;83;2,8;,5;
2026/06/04;1600 UTC;0;1011,6;1012,2;1010,9;2262,5;21,1;14,7;21,9;20,5;15,5;14;71;65;68;72;3,9;1,4;
2026/06/04;1700 UTC;0;1010,4;1010,9;1009,8;2172,4;22,2;15,5;22,8;21,8;16,1;15;69;65;66;55;3,9;1,7;
2026/06/04;1800 UTC;0;1009,6;1009,8;1009,3;1847,7;23,2;16;23,9;22,7;16,6;15,6;67;62;64;73;3,3;1,3;
2026/06/04;1900 UTC;;;;;;;;;;;;;;;;;;
2026/06/04;2000 UTC;0;1008,6;1008,7;1008,5;671,1;23,7;16,5;24,1;23,2;16,9;16,2;68;62;64;73;2,3;,8;
2026/06/04;2100 UTC;0;1008,7;1008,9;1008,6;72,8;21,3;16,6;23,2;18,8;16,9;16,4;89;67;76;183;,9;,4;
2026/06/04;2200 UTC;0;1009;1009,1;1008,9;0;17,7;16,2;18,8;17,1;16,7;15,5;96;89;93;146;1,8;,8;
2026/06/04;2300 UTC;0;1009,1;1009,2;1009;0;16,4;15,5;17,4;15,6;16,3;14,7;99;91;96;281;,6;,2;
2026/06/05;0000 UTC;0;1009,3;1009,3;1009,2;0;15,2;15,1;15,6;14,7;15,4;14,6;100;98;100;189;,8;,5;
2026/06/05;0100 UTC;0;1009,1;1009,2;1009;0;14,8;14,8;15;14,5;15;14,6;100;100;100;179;1,2;,2;
2026/06/05;0200 UTC;0;1009;1009;1009;0;14,7;14,8;15,2;14,3;15,3;14,4;100;100;100;202;,8;,2;
2026/06/05;0300 UTC;0;1009;1009,1;1008,8;0;13,9;13,9;14,4;13,6;14,5;13,6;100;100;100;186;,6;,3;
2026/06/05;0400 UTC;0;1008,6;1008,8;1008,4;0;13,5;13,6;13,7;13,3;13,7;13,4;100;100;100;180;,6;,2;
2026/06/05;0500 UTC;0;1008,4;1008,5;1008,3;0;13,3;13,3;13,6;12,8;13,7;12,9;100;100;100;59;1,1;,6;
2026/06/05;0600 UTC;0;1008,2;1008,4;1008,1;0;13,3;13,4;14,1;12,8;14,1;12,8;100;100;100;137;1,6;1;
2026/06/05;0700 UTC;0;1008,1;1008,3;1008;0;14;14;14,3;13,5;14,3;13,5;100;98;100;136;1,5;,9;
2026/06/05;0800 UTC;0;1008,6;1008,7;1008,3;0;13,6;13,3;14,2;13;13,8;12,8;100;97;99;111;1;,6;
2026/06/05;0900 UTC;0;1008,8;1008,9;1008,7;0;14;13,8;14,6;13,1;14,3;13,1;100;95;99;159;1,1;,4;
2026/06/05;1000 UTC;0;1009,3;1009,5;1008,9;0;13,9;13,7;14,3;13,7;14,1;13,1;100;95;99;294;1;,3;
2026/06/05;1100 UTC;0;1009,5;1009,7;1009,4;46,2;14,6;14,2;15,6;14,1;14,5;14;100;94;98;147;1,4;,4;
2026/06/05;1200 UTC;0;1009,7;1010;1009,6;394,1;16,6;14,5;17,4;15,7;14,9;14,2;93;85;90;109;3,2;,6;
2026/06/05;1300 UTC;0;1010;1010,3;1009,8;950,2;18,3;14,8;18,7;17,4;15,2;14,3;86;81;83;95;2,4;,9;
2026/06/05;1400 UTC;0;1009,8;1010,2;1009,4;1504,1;19,4;14,6;20,3;18,8;15;14,3;81;72;76;55;3,2;,6;
2026/06/05;1500 UTC;0;1009,2;1009,4;1008,9;1945,8;21,1;15,2;22;20,3;15,8;14,7;74;68;70;64;4,2;1,8;
2026/06/05;1600 UTC;0;1008,5;1008,9;1007,9;2261;22,7;16,2;23,7;21,8;17,2;15,4;71;65;67;39;4,5;2,4;
2026/06/05;1700 UTC;0;1007,4;1007,9;1006,9;2134,7;24,2;17,1;25;23,2;17,6;16,3;67;61;64;78;3,4;1,4;
2026/06/05;1800 UTC;0;1006,6;1006,9;1006,4;1825,1;25,5;17,5;26,6;24,6;18,5;16,5;66;51;60;298;5,3;2,5;
2026/06/05;1900 UTC;0;1006,5;1006,6;1006,4;1315,5;26,4;17,1;26,8;26,2;17,6;16,7;56;51;53;321;3,3;1,3;
2026/06/05;2000 UTC;0;1006,3;1006,4;1006,2;663,8;25,9;17,4;26,4;25,4;17,8;17;60;53;57;307;1,9;,6;
2026/06/05;2100 UTC;0;1006,2;1006,3;1006,1;88,7;23,3;17,7;26,1;20,5;17,9;17,4;85;57;72;201;,6;,3;
2026/06/05;2200 UTC;0;1006,5;1006,6;1006,3;0;18,9;16,9;20,4;17,7;17,5;16,2;95;86;90;165;1,7;,3;
2026/06/05;2300 UTC;0;1006,8;1006,9;1006,6;0;17,2;16,3;17,7;16,6;16,7;15,9;97;93;96;199;,8;,4;
2026/06/06;0000 UTC;0;1006,9;1007;1006,8;0;16,1;15,8;16,6;15,6;16,4;15,4;100;97;98;170;1,3;1;
2026/06/06;0100 UTC;0;1006,9;1006,9;1006,8;0;15,3;15,2;15,9;15;15,9;14,7;100;98;100;216;,9;,3;
2026/06/06;0200 UTC;0;1006,9;1007;1006,8;0;15;15,1;15,3;14,9;15,4;14,9;100;100;100;165;1;,7;
2026/06/06;0300 UTC;0;1007;1007;1006,9;0;14,7;14,7;15,3;14,2;15,3;14,2;100;100;100;143;,5;,2;
2026/06/06;0400 UTC;0;1006,9;1007;1006,8;0;14;14;14,2;13,7;14,2;13,7;100;100;100;154;,3;,2;
2026/06/06;0500 UTC;0;1006,7;1006,8;1006,5;0;13,5;13,5;13,7;13,3;13,7;13,3;100;100;100;139;,8;,3;
2026/06/06;0600 UTC;0;1006,3;1006,5;1006,1;0;13,8;13,9;14,1;13,2;14,2;13,3;100;100;100;141;1,1;,3;
2026/06/06;0700 UTC;0;1005,9;1006,1;1005,9;0;13,3;13,3;13,7;13;13,7;13,1;100;100;100;202;,8;,3;
2026/06/06;0800 UTC;0;1005,7;1005,8;1005,5;0;13;13;13,2;12,9;13,3;12,9;100;100;100;144;1,1;,7;
2026/06/06;0900 UTC;,2;1005,4;1005,6;1005,3;0;13,4;13,4;13,6;13;13,6;13,1;100;100;100;179;,6;,3;
2026/06/06;1000 UTC;0;1005,6;1006;1005,5;0;12,7;12,8;13;12,6;13,1;12,6;100;100;100;171;1,4;1;
2026/06/06;1100 UTC;0;1006,3;1006,5;1006;33,5;12,7;12,8;13;12,5;13,1;12,5;100;100;100;150;1,1;,6;
2026/06/06;1200 UTC;0;1006,4;1006,6;1006,2;377,5;14;14;15;13;15,1;13;100;100;100;26;1,9;1;
2026/06/06;1300 UTC;0;1006,6;1006,8;1006,4;984,3;15,8;15,7;16,8;14,9;16,3;14,9;100;96;99;128;14,4;6,4;
2026/06/06;1400 UTC;0;1006,3;1006,6;1005,9;1666,4;18,7;16,3;19,9;16,9;16,9;15,7;97;81;88;23;2,9;,4;
2026/06/06;1500 UTC;0;1005,6;1005,8;1005,2;1952,5;20,9;16,5;22,3;19,7;17,1;16;83;72;78;116;1,1;,3;
2026/06/06;1600 UTC;0;1004,6;1005,2;1004,1;1749;23,1;17,3;23,8;22,2;17,9;16,8;74;68;71;195;1,6;,4;
2026/06/06;1700 UTC;0;1003,6;1004,1;1003,1;1431,6;24,4;17,9;25,4;23,7;18,6;17,5;71;61;67;289;2,3;,8;
2026/06/06;1800 UTC;0;1002,8;1003,1;1002,6;1551,4;25,5;18,1;25,8;25;18,7;17,6;66;61;63;235;2,1;,5;
2026/06/06;1900 UTC;0;1002,6;1002,8;1002,4;1011,9;25,7;18,4;26,4;25;19,1;17,9;68;61;64;242;1,6;,4;
2026/06/06;2000 UTC;0;1002,5;1002,5;1002,4;544,2;25,3;18,6;26;24,7;19,2;18;72;61;67;73;1,1;,5;
2026/06/06;2100 UTC;0;1002,6;1002,7;1002,5;81,5;23,6;19,5;25;22;19,9;19;87;70;79;172;1,1;,8;
2026/06/06;2200 UTC;0;1002,8;1003;1002,6;0;20,3;18,6;22;19,2;19,4;17,5;96;86;92;161;1,1;,6;
2026/06/06;2300 UTC;0;1003,3;1003,6;1003;0;18,6;17,9;19,2;18,2;18,5;17,6;98;94;97;177;,8;,3;
2026/06/07;0000 UTC;0;1003,6;1003,7;1003,5;0;17,6;17,4;18,2;16,9;17,8;16,5;100;97;99;209;,8;,4;
2026/06/07;0100 UTC;0;1003,6;1003,7;1003,6;0;16,5;16,4;16,8;16,2;16,8;15,9;100;98;100;231;,7;,3;
2026/06/07;0200 UTC;0;1003,5;1003,6;1003,4;0;16,4;16,4;16,6;16,2;16,6;16,2;100;100;100;177;1,2;,4;
2026/06/07;0300 UTC;0;1003,7;1003,8;1003,5;0;16,5;16,5;16,8;16,3;16,9;16,3;100;100;100;157;1;,4;
2026/06/07;0400 UTC;0;1003,8;1003,9;1003,6;0;16,5;16,6;16,9;16,1;16,9;16,2;100;100;100;159;1;,5;
2026/06/07;0500 UTC;0;1003,9;1004;1003,8;0;16,1;16,1;16,5;15,8;16,6;15,9;100;100;100;121;1,6;,4;
2026/06/07;0600 UTC;0;1003,6;1003,9;1003,3;0;15,5;15,5;15,9;15;15,9;15,1;100;100;100;179;,6;,3;
2026/06/07;0700 UTC;0;1003,1;1003,3;1002,9;0;15;15;15,2;14,8;15,2;14,8;100;100;100;180;1;,4;
2026/06/07;0800 UTC;0;1002,8;1002,9;1002,6;0;14,6;14,7;14,9;14,2;15;14,3;100;100;100;113;,8;,4;
2026/06/07;0900 UTC;0;1002,8;1003,1;1002,6;0;15,1;15,2;15,3;14,8;15,3;14,8;100;100;100;101;1,2;,5;
2026/06/07;1000 UTC;0;1003,4;1003,6;1003,1;0;15,4;15,5;15,6;15,3;15,6;15,3;100;100;100;135;1,8;,4;
2026/06/07;1100 UTC;0;1003,7;1003,9;1003,6;26;15,5;15,5;15,6;15,4;15,6;15,4;100;100;100;104;1,5;,7;
2026/06/07;1200 UTC;;;;;;;;;;;;;;;;;;
2026/06/07;1300 UTC;0;1004,2;1004,3;1004;699,8;16,9;17;17,7;16,3;17,7;16,4;100;98;100;52;2,7;1,5;
2026/06/07;1400 UTC;0;1004,1;1004,2;1003,8;1537,5;19,4;17,2;21,1;17,7;18,2;16,6;98;79;89;72;2,7;,7;
2026/06/07;1500 UTC;0;1003,7;1003,9;1003,6;1890,1;21,7;16,8;22,9;20,8;17,5;16,2;82;67;75;66;,9;,2;
2026/06/07;1600 UTC;0;1002,8;1003,6;1002,2;1997,1;23,4;16,8;23,9;22,8;17,6;16,3;70;65;67;57;2,7;1,5;
2026/06/07;1700 UTC;0;1001,8;1002,2;1001,4;2205,5;24,7;17,4;25,4;23,9;18,1;16,8;68;60;64;99;3,5;1,8;
2026/06/07;1800 UTC;0;1000,9;1001,4;1000,7;1220,4;24,7;17,2;25,2;24,4;17,8;16,6;65;59;63;50;2,6;1,3;
2026/06/07;1900 UTC;0;1000,7;1000,8;1000,5;862,6;24,6;17,2;24,9;24,2;17,9;16,5;68;59;63;34;2,9;1,4;
2026/06/07;2000 UTC;0;1000,8;1001,3;1000,4;378,8;23,8;17,8;24,3;23,2;18,2;17,3;73;68;70;237;1,3;,5;
2026/06/07;2100 UTC;0;1001,6;1001,9;1001,3;63,6;21,6;18,6;23,1;20,6;19;17,9;89;74;85;171;1,3;,9;
2026/06/07;2200 UTC;0;1002;1002,2;1001,8;0;19,5;17,6;20,6;18,8;18,1;17,1;93;87;90;171;1,2;,7;
2026/06/07;2300 UTC;0;1002,7;1003,2;1002,1;0;18,1;17;18,7;17,7;17,4;16,6;97;91;95;122;1,1;,2;
2026/06/08;0000 UTC;0;1003,2;1003,6;1002,8;0;17,5;17;17,7;17,4;17,2;16,8;98;96;97;156;1,2;,4;
2026/06/08;0100 UTC;0;1003,3;1003,5;1003;0;17,9;17,4;18;17,8;17,6;17,3;98;97;98;165;1,3;,7;
2026/06/08;0200 UTC;0;1003,2;1003,6;1003;0;18,5;17,8;18,9;17,9;17,9;17,5;98;94;97;219;1,6;,3;
2026/06/08;0300 UTC;0;1003,2;1003,7;1002,4;0;18,4;17,8;18,8;17,9;17,9;17,6;99;95;97;103;2,4;1,3;
2026/06/08;0400 UTC;0;1003,4;1003,6;1003,1;0;17,8;17,6;18,1;17,6;17,9;17,5;100;99;99;220;1,1;,4;
2026/06/08;0500 UTC;0;1003,6;1004;1003,4;0;17,6;17,4;17,8;17,5;17,5;17,3;100;97;99;202;1,4;,4;
2026/06/08;0600 UTC;0;1003,6;1004;1003;0;17,6;17,2;17,8;17,2;17,3;17;99;97;98;162;1;,5;
2026/06/08;0700 UTC;0;1003,1;1003,1;1002,9;0;17,1;17,1;17,3;16,9;17,3;16,9;100;99;100;218;1,5;,4;
2026/06/08;0800 UTC;0;1003;1003,1;1003;0;17,3;17,3;17,3;17,2;17,4;17,3;100;100;100;216;1,7;,6;
2026/06/08;0900 UTC;0;1003,3;1003,6;1003;0;17,3;17,3;17,3;17,2;17,3;17,2;100;100;100;212;1,2;,4;
2026/06/08;1000 UTC;0;1003,8;1004,2;1003,6;0;17,1;17,1;17,2;17;17,2;17,1;100;100;100;85;1,5;1;
2026/06/08;1100 UTC;0;1004,5;1004,8;1004,2;14;17,1;17,1;17,2;17;17,2;17;100;100;100;266;1,7;,6;
2026/06/08;1200 UTC;;;;;;;;;;;;;;;;;;
2026/06/08;1300 UTC;,2;1005,4;1005,5;1005,3;503,8;17,7;17,3;18,6;17,2;17,6;16,9;100;92;98;133;2,4;1,3;
2026/06/08;1400 UTC;0;1005,6;1005,7;1005,4;749,8;19;17,3;20,3;18,4;17,8;16,9;94;85;91;233;,5;,1;
2026/06/08;1500 UTC;0;1005,3;1005,7;1005;1292,8;20,7;17,4;21,1;20,3;18;17,1;87;81;84;223;3,9;,9;
2026/06/08;1600 UTC;0;1005;1005,1;1004,9;1015,2;20,1;17,1;20,7;19,2;17,9;16,5;89;82;85;190;3,5;,6;
2026/06/08;1700 UTC;0;1004,7;1005;1004,4;718;19,1;16,3;19,7;18,8;16,8;15,9;90;81;86;201;2,9;,6;
2026/06/08;1800 UTC;0;1004,3;1004,4;1004,3;580,2;19,3;16,3;19,8;18,9;16,8;16,1;87;82;85;199;1,8;,3;
2026/06/08;1900 UTC;0;1004,3;1004,4;1004,1;701,8;19,5;15,8;19,8;19;16,7;15,1;88;78;81;246;1,6;,3;
2026/06/08;2000 UTC;0;1004,1;1004,3;1004;389,5;19,6;15,2;19,9;19,5;15,6;14,8;80;75;78;310;,8;,3;
2026/06/08;2100 UTC;0;1004,2;1004,4;1004,1;67,7;18,7;15,9;19,6;17,7;16,4;15,2;93;78;86;288;1;,5;
2026/06/08;2200 UTC;0;1004,5;1004,7;1004,3;0;17,3;16,1;17,7;16,8;16,3;15,8;95;91;94;222;,7;,4;
2026/06/08;2300 UTC;0;1004,9;1005,2;1004,7;0;16,7;16,1;16,9;16,5;16,4;15,9;98;96;97;272;,9;,3;
2026/06/09;0000 UTC;0;1005,5;1005,8;1005,2;0;17,4;15,7;17,8;16,9;16,4;15,1;97;88;91;197;1,6;,5;
2026/06/09;0100 UTC;0;1006;1006,2;1005,8;0;16,9;14,5;17,3;16,6;15,1;14,2;89;87;88;201;2,1;,5;
2026/06/09;0200 UTC;0;1006,2;1006,3;1006,1;0;16,3;14,2;16,7;15,7;14,4;14;92;88;90;234;1,4;,3;
2026/06/09;0300 UTC;0;1006,4;1006,5;1006,3;0;15,1;14,3;15,7;14,7;14,6;14;98;92;96;131;,6;,3;
2026/06/09;0400 UTC;0;1006,2;1006,3;1006;0;15,1;14,7;15,3;14,9;14,8;14,5;98;97;98;239;,8;,3;
2026/06/09;0500 UTC;0;1006,1;1006,3;1005,9;0;14,8;14,6;14,9;14,7;14,6;14,5;99;98;99;259;,7;,2;
2026/06/09;0600 UTC;0;1006,1;1006,3;1005,9;0;13,8;13,5;14,7;13;14,5;12,5;100;97;98;199;,7;,3;
2026/06/09;0700 UTC;0;1005,9;1006,1;1005,8;0;12,6;12,6;13,1;12,3;13,2;12,3;100;100;100;98;,6;,2;
2026/06/09;0800 UTC;0;1006,1;1006,2;1006;0;13,3;13,4;14;12,4;14;12,4;100;100;100;225;,8;,2;
2026/06/09;0900 UTC;0;1006,1;1006,3;1006;0;14,2;13,7;14,3;14;13,9;13,5;100;97;98;201;1,5;,4;
2026/06/09;1000 UTC;0;1006,5;1006,6;1006,3;0;14;13,7;14,2;13,9;13,8;13,5;100;97;98;216;1,6;,4;
2026/06/09;1100 UTC;0;1006,9;1007;1006,6;8,5;14;13,5;14,1;13,9;13,8;13,2;99;96;97;205;2;,6;
2026/06/09;1200 UTC;0;1007,2;1007,4;1007;87,4;14;13,3;14,4;13,8;13,5;12,9;98;93;96;202;1,2;,4;
2026/06/09;1300 UTC;0;1007,5;1007,7;1007,4;280,4;14,5;13;14,7;14,2;13,4;12,7;95;90;93;210;1,1;,3;
2026/06/09;1400 UTC;0;1007,5;1007,7;1007,3;513,5;15;12,9;15,6;14,5;13,3;12,4;93;86;90;211;1,3;,3;
2026/06/09;1500 UTC;0;1007;1007,3;1006,7;1089,9;16,2;12,8;16,8;15,6;13,6;12,4;87;80;83;115;2,4;,7;
2026/06/09;1600 UTC;0;1006,1;1006,6;1005,6;1244,8;16,7;12,5;17,4;16,3;13,2;11,8;84;73;79;58;3;,6;
2026/06/09;1700 UTC;0;1004,7;1005,6;1003,9;1864,1;18;11,7;18,8;17;12,5;11;74;63;69;168;3,1;1,5;
2026/06/09;1800 UTC;0;1003,7;1004;1003,4;2160,2;19,2;11,9;20,1;18,1;12,7;11,3;70;61;63;140;4;1,4;
2026/06/09;1900 UTC;0;1003,4;1003,6;1003,2;1391,2;19,5;12;20;19;12,4;11,7;66;60;63;212;1,6;,3;
2026/06/09;2000 UTC;0;1003,2;1003,4;1003;568,8;18,7;12;19,2;18;12,3;11,7;71;64;67;203;1,8;,6;
2026/06/09;2100 UTC;0;1003,3;1003,8;1003,1;80,3;16,4;12,6;17,9;15,1;13;12,1;88;71;81;158;,9;,1;
2026/06/09;2200 UTC;0;1004,3;1005,2;1003,8;0;13,9;12,2;15,1;13,1;12,6;11,8;95;87;92;211;1;,2;
2026/06/09;2300 UTC;0;1005,3;1005,4;1005,1;0;12,9;11,9;13,3;12,6;12,3;11,3;97;91;95;220;1,1;,3;
2026/06/10;0000 UTC;0;1005;1005,3;1004,8;0;13;11,8;14,5;12,3;12,3;11,5;97;88;94;166;2,7;,6;
2026/06/10;0100 UTC;0;1005;1005,2;1004,8;0;13,4;11,7;14,5;12;12;11,2;98;87;92;59;1;,3;
2026/06/10;0200 UTC;0;1005;1005,2;1004,9;0;12;11,6;12,3;11,4;12,1;10,9;99;97;98;164;,6;,2;
2026/06/10;0300 UTC;0;1004,6;1004,8;1004,3;0;11,1;11;11,5;10,7;11,5;10,4;100;99;100;253;,5;,1;
2026/06/10;0400 UTC;0;1003,9;1004,3;1003,6;0;10,4;10,4;10,8;9,8;10,8;9,7;100;99;100;216;,7;,3;
2026/06/10;0500 UTC;0;1003,6;1003,7;1003,4;0;10;10;10,4;9,7;10,5;9,6;100;99;100;225;1,1;,2;
2026/06/10;0600 UTC;0;1003,1;1003,4;1002,8;0;9,8;9,9;10,2;9,5;10,3;9,5;100;100;100;267;,7;,1;
2026/06/10;0700 UTC;0;1002,5;1002,8;1002,2;0;9,6;9,7;10;9,3;10;9,3;100;100;100;287;,8;,1;
2026/06/10;0800 UTC;0;1002,5;1002,7;1002,2;0;9,6;9,7;9,8;9,5;9,9;9,5;100;100;100;275;,6;,2;
2026/06/10;0900 UTC;0;1002,5;1002,7;1002,3;0;9,4;9,5;9,7;9,2;9,8;9,2;100;100;100;123;,9;,3;
2026/06/10;1000 UTC;0;1002,2;1002,6;1001,7;0;10,1;10,1;10,5;9,3;10,5;9,3;100;100;100;294;1,6;,4;
2026/06/10;1100 UTC;0;1002,5;1002,8;1002,2;10;10,6;10,6;11,1;10,1;11,1;10,2;100;100;100;270;,7;,2;
2026/06/10;1200 UTC;0;1002,6;1002,8;1002,4;196,6;11,6;11,4;12,5;11,1;11,8;11,1;100;95;99;111;,8;,3;
2026/06/10;1300 UTC;0;1002,4;1002,6;1002,2;489,2;13,4;11,5;14;12,5;11,9;11,1;95;86;90;122;1,4;,4;
2026/06/10;1400 UTC;0;1002,7;1002,9;1002,3;1043,2;15,2;11,8;16,3;14;12,6;11,1;87;78;83;135;2;,7;
2026/06/10;1500 UTC;0;1002,1;1002,3;1001,9;1301,5;17,5;13;18;16,3;13,7;12,2;80;76;78;73;3,1;1,4;
2026/06/10;1600 UTC;0;1001,6;1002;1001,2;1261,7;18,5;13,8;18,9;17,8;14,4;13,3;79;74;77;56;3,1;1,4;
2026/06/10;1700 UTC;0;1000,7;1001,3;1000,1;807,8;18,6;14,3;18,8;18,5;14,8;14;81;77;79;40;4;1,9;
2026/06/10;1800 UTC;0;999,7;1000,2;999,3;808,8;18,7;14,8;19,1;18,5;15,2;14,4;82;79;80;54;3,2;1,4;
2026/06/10;1900 UTC;0;999;999,4;998,8;608,9;18,7;15,2;19,2;18,5;15,6;14,8;84;80;82;55;3,1;1,6;
2026/06/10;2000 UTC;0;999,1;999,2;998,9;162,2;18,4;15,4;18,7;18,1;15,6;15,3;87;83;85;55;2,4;1;
2026/06/10;2100 UTC;0;999,3;999,5;999,2;35,7;18,2;15,6;18,3;18;15,9;15,4;89;86;87;183;1,7;,8;
2026/06/10;2200 UTC;0;999,4;999,6;999,1;0;17,8;15,9;18;17,2;16,1;15,7;95;89;91;144;1,8;,7;
2026/06/10;2300 UTC;0;999,5;1000,1;999;0;16,7;15,8;17,4;16,3;16,1;15,5;98;91;96;32;2,1;1,1;
2026/06/11;0000 UTC;0;1000,2;1000,3;1000,1;0;17,2;16,2;17,6;16,6;16,3;16,1;98;93;95;158;2,2;,6;
2026/06/11;0100 UTC;0;1000,4;1000,5;1000,2;0;17,3;16,2;17,4;17,2;16,4;16;95;94;94;174;1,9;,7;
2026/06/11;0200 UTC;0;1000,5;1000,6;1000,4;0;17,4;16,4;17,4;17,3;16,5;16,2;96;94;95;191;1;,4;
2026/06/11;0300 UTC;0;1000,5;1000,6;1000,3;0;17,1;16,4;17,4;16,7;16,6;16,1;97;96;97;257;1,2;,3;
2026/06/11;0400 UTC;0;1000,6;1000,8;1000,4;0;15,8;15,5;16,7;15,3;16,1;15,1;100;97;99;69;,6;,3;
2026/06/11;0500 UTC;0;1000,7;1001;1000,4;0;15;15,1;15,4;14,4;15,4;14,4;100;100;100;260;,9;,3;
2026/06/11;0600 UTC;0;1000,7;1001;1000,5;0;14,8;14,8;15,1;14,1;15,1;14,1;100;100;100;274;,7;,3;
2026/06/11;0700 UTC;0;1000,7;1000,8;1000,6;0;15,3;15,4;15,7;15,1;15,7;15,1;100;100;100;159;1,1;,3;
2026/06/11;0800 UTC;0;1000,8;1001;1000,7;0;15,7;15,8;15,8;15,7;15,8;15,7;100;100;100;279;1,1;,3;
2026/06/11;0900 UTC;0;1000,8;1001;1000,7;0;15,6;15,6;15,7;15,4;15,8;15,5;100;100;100;282;1,2;,3;
2026/06/11;1000 UTC;0;1001,2;1001,4;1000,8;0;15,6;15,7;15,8;15,2;15,9;15,2;100;100;100;209;1,3;,2;
2026/06/11;1100 UTC;0;1001,6;1002,2;1001,3;7,9;15,8;15,8;15,8;15,7;15,9;15,8;100;100;100;170;,8;,2;
2026/06/11;1200 UTC;0;1002,5;1003;1002,2;98,4;16,1;16,1;16,2;15,8;16,3;15,9;100;100;100;132;1,1;,7;
2026/06/11;1300 UTC;;;;;;;;;;;;;;;;;;
2026/06/11;1400 UTC;1;1003;1003,1;1002,8;498,7;16,7;16,5;17,3;16,1;16,9;16,1;100;97;99;155;2,1;,9;
2026/06/11;1500 UTC;0;1002,6;1003;1002;725;17,7;16,8;18,2;17,3;17,3;16,5;97;93;95;200;7,3;2,3;
2026/06/11;1600 UTC;0;1001,2;1002;1000,7;1358,8;19,1;17;19,7;18,2;17,5;16,5;95;85;89;98;1,4;,3;
2026/06/11;1700 UTC;0;1000,4;1000,7;1000,2;1159,2;19,8;17,2;20,2;19,5;17,9;16,7;89;85;87;34;3,2;1,8;
2026/06/11;1800 UTC;0;999,5;1000,1;999,1;642;19,9;17,1;20,2;19,7;17,7;16,6;88;83;86;41;3;1,4;
2026/06/11;1900 UTC;1,4;999,1;999,6;998;93;18,9;17,5;19,7;18,4;18,1;17;98;87;93;160;2,8;,9;
2026/06/11;2000 UTC;;;;;;;;;;;;;;;;;;
2026/06/11;2100 UTC;0;998;998,3;997,8;52,7;18,1;17,5;18,4;17,8;17,6;17,4;99;95;97;162;1,6;,6;
2026/06/11;2200 UTC;0;997,7;997,9;997,3;0;17,8;17,6;17,8;17,8;17,7;17,5;99;99;99;42;2,1;1,1;
2026/06/11;2300 UTC;0;997,3;997,6;997,2;0;17,8;17,4;17,9;17,7;17,6;17,3;99;97;98;51;2,6;1,5;
2026/06/12;0000 UTC;7,1;998;998,5;997,6;1,6;16,6;16,1;17,9;15;17,6;14,6;99;90;97;192;2,1;,5;
2026/06/12;0100 UTC;,6;998,8;999;998,6;0;14,7;14,5;14,9;14,6;14,6;14,3;99;98;99;229;2,8;,7;
2026/06/12;0200 UTC;1;999,4;999,7;999;0;14,3;14;14,6;13,9;14,3;13,6;99;98;99;186;1,9;,5;
2026/06/12;0300 UTC;,2;998,9;999,5;998,1;0;13,8;13,3;13,9;13,7;13,7;13,1;99;97;98;184;3;,7;
2026/06/12;0400 UTC;0;997,7;998,1;997,4;0;13,6;13,2;13,8;13,4;13,5;13;100;97;98;201;1,1;,3;
2026/06/12;0500 UTC;0;997,9;998;997,7;0;13,6;13,4;13,7;13,6;13,5;13,3;99;99;99;203;1,7;,3;
2026/06/12;0600 UTC;0;998,1;998,3;997,9;0;13,5;13,3;13,6;13,4;13,4;13,2;100;98;99;184;2,4;,4;
2026/06/12;0700 UTC;,2;997,9;998;997,7;0;13,3;13,2;13,4;13,1;13,4;12,9;100;99;100;187;1,7;,5;
2026/06/12;0800 UTC;,2;998,3;998,4;998,1;0;12,9;12,7;13;12,9;12,9;12,6;99;98;99;190;2,2;,7;
2026/06/12;0900 UTC;,4;998,5;998,7;998,4;0;12,9;12,7;13;12,9;12,7;12,6;99;98;99;194;2,8;1;
2026/06/12;1000 UTC;0;999,2;999,7;998,8;0;12,9;12,6;12,9;12,8;12,7;12,5;99;98;99;195;2,6;,9;
2026/06/12;1100 UTC;0;1000,1;1000,5;999,7;5,6;12,9;12,5;13,1;12,8;12,6;12,3;99;96;98;212;2,8;,5;
2026/06/12;1200 UTC;0;1000,8;1001,2;1000,5;93,6;13,1;12,4;13,2;13;12,6;12,2;98;95;97;184;1,7;,4;
2026/06/12;1300 UTC;0;1001,5;1001,7;1001,2;300,9;13,4;12,2;13,7;13,2;12,5;11,9;96;93;94;199;2,8;,5;
2026/06/12;1400 UTC;0;1002,2;1002,4;1001,7;330,6;13,8;12,3;13,9;13,6;12,7;11,9;94;91;93;188;2,5;,3;
2026/06/12;1500 UTC;0;1002,3;1002,5;1002,2;265,8;13,4;12,6;13,8;13,2;13;12,3;98;94;96;175;2,1;,4;
2026/06/12;1600 UTC;0;1002,2;1002,4;1001,9;579,2;13,9;12,6;14,8;13,5;13,6;12,2;95;89;93;173;1,1;,2;
2026/06/12;1700 UTC;0;1001,9;1002,1;1001,8;583,6;14,5;12,6;14,7;14,3;13,2;12,2;94;89;90;218;1,3;,3;
2026/06/12;1800 UTC;0;1001,7;1001,9;1001,6;267,9;14,5;12,5;14,7;14,4;12,8;12,2;91;89;90;209;2,1;,6;
2026/06/12;1900 UTC;0;1001,7;1001,8;1001,6;244;14,3;12,8;14,4;14,1;13,3;12,3;95;89;92;229;1,2;,3;
2026/06/12;2000 UTC;;;;;;;;;;;;;;;;;;
2026/06/12;2100 UTC;0;1002;1002,3;1001,7;68,9;14,4;12,6;14,6;14;12,8;12,3;93;88;91;206;2;,5;
2026/06/12;2200 UTC;0;1002,6;1002,9;1002,3;0;13,4;12,6;14;12,4;12,9;12,1;99;93;96;235;1,6;,2;
2026/06/12;2300 UTC;0;1003,3;1003,5;1002,9;0;12,3;12,3;12,8;11,8;12,9;11,5;100;98;100;183;,9;,4;
2026/06/13;0000 UTC;0;1003,5;1003,6;1003,3;0;12,6;12,6;13,1;11,4;13,1;11,3;100;99;100;201;1,6;,4;
2026/06/13;0100 UTC;0;1003,9;1004,1;1003,6;0;12,3;12,4;12,8;11,8;12,8;11,9;100;100;100;297;,5;,2;
2026/06/13;0200 UTC;0;1004,3;1004,5;1004;0;13,1;13,1;13,3;12,8;13,3;12,8;100;100;100;209;,6;,2;
2026/06/13;0300 UTC;0;1004,1;1004,3;1003,8;0;13,2;13,1;13,3;13,1;13,4;12,8;100;98;99;193;1,4;,4;
2026/06/13;0400 UTC;0;1004;1004,2;1003,8;0;13;12,9;13,1;13;13;12,9;100;99;100;207;1,4;,3;
2026/06/13;0500 UTC;0;1004,2;1004,3;1004;0;13;12,9;13;13;13;12,9;100;99;100;284;,8;,3;
2026/06/13;0600 UTC;,2;1004,2;1004,5;1003,9;0;13;13;13,1;12,9;13,1;12,9;100;100;100;290;1,5;,4;
2026/06/13;0700 UTC;0;1003,9;1004;1003,8;0;12,9;12,8;13;12,8;12,9;12,8;100;99;100;211;1;,3;
2026/06/13;0800 UTC;0;1004;1004,1;1003,8;0;13;12,8;13;12,9;12,9;12,8;100;99;99;225;1;,3;
2026/06/13;0900 UTC;0;1004,1;1004,5;1003,8;0;13;12,9;13;12,9;12,9;12,8;100;99;99;200;,8;,3;
2026/06/13;1000 UTC;0;1004,8;1005,3;1004,5;0;13,1;12,9;13,1;13;13;12,8;100;99;99;229;,5;,2;
2026/06/13;1100 UTC;0;1005,8;1006,2;1005,3;10,4;13,1;12,9;13,2;13;13;12,8;99;99;99;218;,5;,2;
2026/06/13;1200 UTC;0;1006,4;1006,6;1006,2;180;13,4;13;13,6;13,1;13,2;12,9;99;97;98;221;1,3;,2;
2026/06/13;1300 UTC;0;1006,8;1007;1006,6;754,3;14,3;12,6;15;13,6;13,1;12,2;97;86;91;227;1,2;,4;
2026/06/13;1400 UTC;0;1006,9;1007,1;1006,7;496,6;15;12,6;15,3;14,7;13,1;12,2;90;85;88;179;2;,5;
2026/06/13;1500 UTC;0;1006,6;1006,8;1006,3;699,2;15,7;12,3;16,1;15,4;12,9;11,7;88;79;83;170;2,5;,6;
2026/06/13;1600 UTC;0;1005,7;1006,2;1005;933,6;16,6;12,3;17,2;16;13,1;11,7;84;74;79;170;3,4;1,6;
2026/06/13;1700 UTC;0;1004,5;1005;1004,1;951,9;17,3;12,4;17,8;16,9;13;11,8;79;71;75;166;2,9;1,2;
2026/06/13;1800 UTC;0;1003,8;1004,1;1003,5;639,8;17,5;12,4;17,7;17,2;13;11,3;78;68;75;152;2,9;1;
2026/06/13;1900 UTC;;;;;;;;;;;;;;;;;;
2026/06/13;2000 UTC;0;1003,5;1003,5;1003,4;235,1;17,1;11,6;17,3;17;12,3;11,1;75;71;73;151;2,2;1;
2026/06/13;2100 UTC;0;1003,5;1003,7;1003,4;38,1;16,4;12,4;17;15,9;13,6;11;87;70;80;174;1,8;,4;
2026/06/13;2200 UTC;0;1004;1004,2;1003,7;0;15,4;13,4;15,9;15,2;13,8;12,8;93;86;90;204;,6;,4;
2026/06/13;2300 UTC;0;1004,5;1004,8;1004,2;0;15;14;15,2;14,8;14,3;13,5;97;92;95;75;1,1;,4;
2026/06/14;0000 UTC;0;1005,1;1005,3;1004,8;0;15;13;15,5;14,6;14,2;12;97;83;90;154;1;,2;
2026/06/14;0100 UTC;0;1005,3;1005,4;1005,1;0;14,9;12,2;15,2;14,7;12,7;11,7;90;84;86;120;1;,1;
2026/06/14;0200 UTC;0;1005,7;1005,8;1005,5;0;14,6;12;14,9;14,1;12,8;11,4;93;83;87;59;1,5;,4;
2026/06/14;0300 UTC;0;1006;1006,2;1005,8;0;14,1;12,5;14,3;14;12,9;11,7;94;87;92;217;1,2;,4;
2026/06/14;0400 UTC;0;1006,3;1006,4;1006,2;0;14,1;12,7;14,2;14;13;12,3;95;91;93;281;,5;,2;
2026/06/14;0500 UTC;0;1006,3;1006,3;1006,2;0;13,7;11,6;14,1;12,3;13,1;10,3;96;82;89;186;1,6;,4;
2026/06/14;0600 UTC;0;1006,3;1006,3;1006,2;0;11,2;10,6;12,2;10,5;11;10,1;99;94;97;115;,4;,2;
2026/06/14;0700 UTC;0;1006,3;1006,5;1006,2;0;9,9;9,9;10,5;9,4;10,4;9,4;100;99;100;312;,6;,2;
2026/06/14;0800 UTC;0;1006,5;1006,6;1006,4;0;9,7;9,7;12,5;8,8;12,5;8,8;100;100;100;199;2,6;,8;
2026/06/14;0900 UTC;0;1006,5;1006,6;1006,4;0;12,9;12,5;13;12,5;12,9;12,4;100;97;98;177;3,1;,8;
2026/06/14;1000 UTC;0;1006,9;1007,2;1006,6;0;13,2;11,9;13,3;13;12,4;11,4;97;91;93;177;2,4;,9;
2026/06/14;1100 UTC;0;1007,3;1007,5;1007,2;28;13,1;11,1;13,3;12,9;11,4;10,8;91;88;90;180;3,2;,8;
2026/06/14;1200 UTC;0;1007,8;1008,1;1007,5;264,4;14;10,8;14,4;13,3;11,2;10,5;88;82;84;163;3,1;,8;
2026/06/14;1300 UTC;0;1008,7;1009;1008,1;876,5;15,2;11;16,6;14,4;11,5;10,5;84;71;79;146;1,8;,4;
2026/06/14;1400 UTC;0;1009,1;1009,2;1009;1735,7;16,9;10,3;17,2;16,5;11,1;9,6;73;63;67;184;4,6;2,4;
2026/06/14;1500 UTC;0;1008,8;1009,1;1008,4;1820;17,6;10,2;18,3;16,9;11,1;9,2;69;56;63;180;5;2,8;
2026/06/14;1600 UTC;0;1008;1008,4;1007,7;2097,5;18,3;9,8;18,7;17,7;10,7;8,9;62;54;57;135;3,6;,9;
2026/06/14;1700 UTC;0;1007,3;1007,7;1006,9;2017,6;19;10,1;19,4;18,4;10,7;9,5;59;53;56;154;5,4;1,2;
2026/06/14;1800 UTC;0;1006,7;1007;1006,5;905,9;18,3;9,9;19,1;17,9;10,7;9,2;61;54;58;182;5,4;2,4;
2026/06/14;1900 UTC;0;1006,7;1006,8;1006,5;474,8;17,8;10,1;18,2;17,4;10,5;9,7;63;58;61;186;4,1;2,5;
2026/06/14;2000 UTC;0;1006,8;1006,9;1006,7;252;17,2;10,1;17,4;17;10,7;9,7;68;62;64;180;3,1;1,6;
2026/06/14;2100 UTC;0;1007,1;1007,4;1006,8;56,9;15,8;10,9;17;14,4;12,1;9,8;86;67;76;169;,8;,1;
2026/06/14;2200 UTC;0;1007,6;1007,8;1007,4;0;13,6;10,6;14,8;12,9;11,7;9,9;90;76;85;180;,8;,1;
2026/06/14;2300 UTC;0;1008,1;1008,3;1007,8;0;14,9;10,3;15,2;14,6;11,5;9,9;84;74;77;154;1,7;,1;
2026/06/15;0000 UTC;0;1008,5;1008,6;1008,3;0;13,6;11,4;14,7;12,9;11,8;10,8;95;83;89;189;2,1;,3;
2026/06/15;0100 UTC;0;1008,8;1008,9;1008,6;0;14,7;11;14,9;14,2;11,3;10,6;85;80;82;179;2,3;,4;
2026/06/15;0200 UTC;0;1009;1009,2;1008,8;0;14,6;11,3;14,9;14,1;11,5;11,1;86;81;83;142;2,1;,6;
2026/06/15;0300 UTC;0;1009,3;1009,4;1009,2;0;13,8;10,4;14,1;13,4;11,1;9,9;85;82;83;161;3;,7;
2026/06/15;0400 UTC;0;1009,4;1009,5;1009,3;0;12,5;9,7;13,4;11,8;10,1;9,3;89;83;86;186;1,3;,4;
2026/06/15;0500 UTC;0;1009,5;1009,7;1009,4;0;11,3;9,4;12;10,2;9,6;8,9;96;87;90;147;1,2;,3;
2026/06/15;0600 UTC;0;1009,6;1009,6;1009,4;0;9,2;8,9;10,2;8,5;9,4;8;99;95;98;216;1,8;,5;
2026/06/15;0700 UTC;0;1009,4;1009,7;1009,3;0;8,3;8,1;8,8;7,8;8,6;7,1;100;97;99;197;2,6;,4;
2026/06/15;0800 UTC;0;1009,5;1009,6;1009,4;0;7,2;7,2;7,7;6,8;7,6;6,8;100;99;100;213;,6;,2;
2026/06/15;0900 UTC;0;1009,7;1009,9;1009,5;0;6,5;6,6;7,2;6,1;7,2;6,1;100;100;100;213;1,5;,9;
2026/06/15;1000 UTC;0;1010;1010,3;1009,9;0;6,1;6,2;6,5;5,8;6,5;5,8;100;100;100;225;,8;,3;
2026/06/15;1100 UTC;0;1010,5;1010,7;1010,3;18,8;6,4;6,4;7,2;6;7,2;6;100;100;100;142;1,2;,6;
2026/06/15;1200 UTC;0;1010,9;1011;1010,5;170;8,3;8,3;9,1;7,2;9,2;7,2;100;100;100;141;1;,4;
2026/06/15;1300 UTC;0;1011,1;1011,3;1010,9;447,1;9,1;9,2;9,3;8,9;9,4;8,9;100;100;100;168;1,4;,4;
2026/06/15;1400 UTC;0;1011,5;1011,7;1011,3;913,6;10,1;9,7;11,1;9,1;10,3;9,1;100;91;98;83;2,3;,5;
2026/06/15;1500 UTC;0;1011,1;1011,6;1010,7;1363,5;12,2;9,2;12,9;11,2;10,2;8,8;93;81;85;192;1,9;,5;
2026/06/15;1600 UTC;0;1010,2;1010,7;1009,7;1727,9;13,9;8,4;14,8;12,6;9,6;7,2;84;64;72;204;6,1;1,1;
2026/06/15;1700 UTC;0;1009,2;1009,7;1008,7;1626,3;14,6;7,8;15,4;14,2;9;7,2;71;61;66;215;1,6;,6;
2026/06/15;1800 UTC;0;1008,3;1008,6;1008,1;1540,9;15,4;7,8;15,7;15;8,4;7,2;64;59;62;194;5,7;,9;
2026/06/15;1900 UTC;0;1007,9;1008,2;1007,7;1452,4;15,8;7,7;16,1;15,2;8,1;7,1;63;57;59;183;1,5;,4;
2026/06/15;2000 UTC;0;1007,9;1008,2;1007,7;886,9;15,8;7,6;16,2;15,2;8,4;7,1;62;57;59;190;1,9;,5;
2026/06/15;2100 UTC;0;1008,4;1008,6;1008,1;120;14;7,6;15,1;12,6;8,1;7,1;76;60;68;265;5,8;,8;
2026/06/15;2200 UTC;0;1008,8;1009,3;1008,5;0;11,5;7,2;12,8;9,9;7,6;6,9;88;73;78;254;,8;,3;
2026/06/15;2300 UTC;0;1009,5;1009,7;1009,3;0;8,7;7,8;9,8;8,2;8,2;7,5;98;89;96;158;1,3;,3;
2026/06/16;0000 UTC;0;1009,9;1010,2;1009,7;0;7,6;7,2;8,2;7,1;7,8;6,7;99;96;98;169;2,5;,4;
2026/06/16;0100 UTC;0;1010,2;1010,4;1010,1;0;6,4;6,3;7;6;6,9;5,9;100;98;99;209;,8;,6;
2026/06/16;0200 UTC;0;1010,2;1010,4;1010,1;0;5,7;5,7;6,1;5,4;6,1;5,4;100;100;100;180;1,3;,9;
2026/06/16;0300 UTC;0;1010,3;1010,5;1010,1;0;5;5,1;5,7;4;5,8;4,1;100;100;100;214;,7;,3;
2026/06/16;0400 UTC;0;1010,2;1010,3;1010,1;0;4,7;4,7;5;4,3;5;4,4;100;100;100;335;,5;,1;
2026/06/16;0500 UTC;0;1010;1010,1;1009,9;0;5,8;5,8;6,8;5;6,8;5;100;100;100;35;1,4;,8;
2026/06/16;0600 UTC;0;1009,8;1010,1;1009,5;0;6,5;6,6;6,7;6,3;6,7;6,4;100;100;100;165;,9;,4;
2026/06/16;0700 UTC;0;1009,4;1009,5;1009,2;0;6,3;6,4;6,4;6,2;6,5;6,2;100;100;100;170;1,7;,9;
2026/06/16;0800 UTC;0;1009,6;1009,7;1009,5;0;5,9;5,9;6,2;5,7;6,2;5,7;100;100;100;173;,9;,3;
2026/06/16;0900 UTC;0;1009,5;1009,6;1009,5;0;5,6;5,7;5,7;5,5;5,8;5,6;100;100;100;206;1,3;,6;
2026/06/16;1000 UTC;,2;1009,8;1010;1009,6;0;5,5;5,5;5,7;5,4;5,7;5,4;100;100;100;137;1,5;,7;
2026/06/16;1100 UTC;0;1010,5;1010,9;1010;11,2;5,5;5,6;5,7;5,4;5,7;5,5;100;100;100;171;1,7;,9;
2026/06/16;1200 UTC;0;1011,2;1011,5;1010,9;167,8;5,8;5,8;5,9;5,6;6;5,7;100;100;100;147;1,3;,5;
2026/06/16;1300 UTC;0;1011,6;1011,7;1011,5;443,3;6;6,1;6,7;5,8;6,7;5,8;100;100;100;150;1,1;,4;
2026/06/16;1400 UTC;0;1011,7;1011,7;1011,5;675,4;7,3;7,3;8;6,5;8;6,5;100;100;100;224;1,2;,4;
2026/06/16;1500 UTC;0;1011,3;1011,5;1010,8;1335,8;8,6;8,6;9,6;7,8;9,5;7,9;100;97;100;127;2,6;,7;
2026/06/16;1600 UTC;0;1010,2;1010,9;1009,5;2042,5;10,8;9,2;12,5;9,1;10,3;8,3;98;84;92;135;2,1;,4;
2026/06/16;1700 UTC;0;1008,7;1009,5;1008,1;2067,4;13,8;9,3;14,9;12,6;10,5;7,5;86;63;77;157;1,8;,5;
2026/06/16;1800 UTC;0;1007,9;1008,1;1007,7;1752,9;15,7;8,6;16,4;14,9;9,4;7,9;68;59;65;174;1,7;,5;
2026/06/16;1900 UTC;;;;;;;;;;;;;;;;;;
2026/06/16;2000 UTC;0;1007,3;1007,5;1007,2;584,1;16,6;7;17,3;16,2;9,1;5;62;40;52;176;1,1;,5;
2026/06/16;2100 UTC;0;1007,6;1008;1007,4;122,1;14,1;9,1;16,9;11,1;9,8;8,1;89;58;75;248;4,3;1,6;
2026/06/16;2200 UTC;0;1008,2;1008,6;1008;0;9,6;8,1;11;9,1;8,8;7,7;95;88;92;175;,8;,4;
2026/06/16;2300 UTC;0;1008,7;1008,8;1008,5;0;8,4;7,5;9,6;7,5;8,3;6,9;99;92;96;207;1,3;,5;
2026/06/17;0000 UTC;0;1008,9;1009;1008,8;0;7,1;6,9;7,5;6,7;7,3;6,5;100;98;99;208;,6;,3;
2026/06/17;0100 UTC;0;1009,2;1009,3;1008,9;0;6,1;6;6,7;5,6;6,6;5,6;100;99;100;211;,7;,4;
2026/06/17;0200 UTC;0;1009,6;1009,8;1009,3;0;5,5;5,6;5,8;5,2;5,8;5,2;100;100;100;174;1,5;1;
2026/06/17;0300 UTC;0;1009,8;1009,9;1009,7;0;5,5;5,5;5,9;5,1;5,9;5,2;100;100;100;151;,5;,2;
2026/06/17;0400 UTC;0;1010,1;1010,2;1009,9;0;5,8;5,8;6,6;5,2;6,7;5,2;100;100;100;170;1,8;1,3;
2026/06/17;0500 UTC;0;1010,3;1010,4;1010,2;0;6,7;6,7;6,9;6,5;6,9;6,5;100;100;100;133;1,3;,7;
2026/06/17;0600 UTC;0;1010,3;1010,4;1010,2;0;6,8;6,8;6,9;6,6;7;6,7;100;100;100;157;1,8;,7;
2026/06/17;0700 UTC;0;1010,2;1010,3;1010,1;0;6,7;6,8;6,9;6,6;7;6,7;100;100;100;159;1,1;,6;
2026/06/17;0800 UTC;0;1010,3;1010,4;1010,1;0;6,8;6,8;6,9;6,7;6,9;6,7;100;100;100;145;1,6;,9;
2026/06/17;0900 UTC;,2;1010,3;1010,6;1010;0;6,5;6,5;6,7;6,3;6,7;6,4;100;100;100;44;1,3;,9;
2026/06/17;1000 UTC;0;1011;1011,5;1010,7;0;6,1;6,2;6,5;5,7;6,5;5,8;100;100;100;127;1,9;,9;
2026/06/17;1100 UTC;0;1011,9;1012,1;1011,6;21,1;5,8;5,9;6,1;5,7;6,1;5,7;100;100;100;119;1,3;,6;
2026/06/17;1200 UTC;0;1012,4;1012,6;1012,1;188,5;6,3;6,4;6,7;6,1;6,7;6,1;100;100;100;122;1,6;1,1;
2026/06/17;1300 UTC;0;1012,9;1013,1;1012,6;503,2;7,1;7,2;7,6;6,6;7,6;6,7;100;100;100;120;2,6;1;
2026/06/17;1400 UTC;0;1013,2;1013,3;1013;833,8;8,3;8,4;9,2;7,5;9,3;7,6;100;100;100;118;1,4;,6;
2026/06/17;1500 UTC;0;1012,8;1013,1;1012,4;1710,6;10,3;10;12;9;10,7;9,1;100;91;98;30;3;1;
2026/06/17;1600 UTC;0;1012;1012,5;1011,3;2260,2;14;10,2;15,7;11,9;11;9,7;91;72;81;209;2,2;,6;
2026/06/17;1700 UTC;0;1010,8;1011,3;1010,4;2164,6;17;10;17,8;15,7;10,6;9,4;72;60;65;115;8,5;2,2;
2026/06/17;1800 UTC;0;1010,1;1010,4;1009,9;1783,8;18,4;10,3;18,8;17,8;11,3;9,6;65;55;60;95;3,2;1,8;
2026/06/17;1900 UTC;0;1009,7;1009,9;1009,5;1143,2;18,7;9,9;19,1;18,4;10,6;9,3;59;52;56;88;2,2;1,2;
2026/06/17;2000 UTC;0;1009,4;1009,6;1009,3;622,5;18,8;10,4;19,1;18,3;11,2;9,9;62;54;58;123;1,8;,5;
2026/06/17;2100 UTC;0;1009,7;1009,9;1009,5;106;16,3;11,4;18,3;13,5;11,8;10,8;89;63;75;185;1;,5;
2026/06/17;2200 UTC;0;1010,1;1010,3;1009,9;0;12,5;11,1;13,5;11,1;11,6;10,1;98;90;93;196;1,1;,4;
2026/06/17;2300 UTC;0;1010,3;1010,4;1010,2;0;11,1;10,6;11,5;10,4;11,1;9,6;99;95;97;214;,7;,2;
2026/06/18;0000 UTC;0;1010,4;1010,5;1010,3;0;10,1;10;10,6;9,7;10,5;9,5;100;98;99;235;,4;,1;
2026/06/18;0100 UTC;0;1010,1;1010,3;1009,9;0;10;10;10,2;9,7;10,2;9,6;100;100;100;152;1;,4;
2026/06/18;0200 UTC;0;1009,7;1009,9;1009,6;0;10,1;10,1;10,6;9,6;10,7;9,6;100;100;100;193;,7;,3;
2026/06/18;0300 UTC;0;1009,4;1009,6;1009,3;0;10,1;10,2;10,7;9,6;10,8;9,6;100;100;100;142;1,2;,3;
2026/06/18;0400 UTC;0;1009,2;1009,4;1008,9;0;9,8;9,8;10,3;9,5;10,3;9,5;100;97;100;159;1,4;,5;
2026/06/18;0500 UTC;0;1008,7;1008,9;1008,4;0;10,1;9,3;10,5;9,7;9,7;8,8;97;94;96;161;2,1;,6;
2026/06/18;0600 UTC;0;1008,2;1008,4;1007,9;0;9,6;8,7;9,8;8,9;9;7,9;97;95;96;201;1,5;,3;
2026/06/18;0700 UTC;0;1007,8;1008;1007,6;0;9,3;8,6;9,7;8,9;9,1;8,3;98;95;96;146;1,8;,4;
2026/06/18;0800 UTC;0;1007,8;1008;1007,7;0;9,1;8,5;9,3;8,8;9;8,3;98;96;97;155;1,3;,4;
2026/06/18;0900 UTC;0;1007,5;1007,7;1007,4;0;9,1;8,7;9,5;8,8;9,1;8,2;99;95;98;173;1,8;,6;
2026/06/18;1000 UTC;0;1007,5;1007,6;1007,3;0;8,9;8,1;9,5;8,3;8,6;7;99;92;96;146;1,7;,5;
2026/06/18;1100 UTC;0;1007,7;1007,9;1007,6;16,2;9,4;8,2;9,9;9;8,3;8;96;92;94;115;1,9;,4;
2026/06/18;1200 UTC;0;1007,5;1007,7;1007,4;232,2;10,6;8,4;11,5;9,9;8,6;8,2;92;84;89;124;2,5;,8;
2026/06/18;1300 UTC;0;1007,5;1007,7;1007,3;653,6;12,2;8,6;12,8;11,6;9;8,3;85;80;82;138;2,7;,8;
2026/06/18;1400 UTC;0;1007;1007,4;1006,5;1064,8;13,9;9,4;15,1;12,8;10,2;8,8;83;73;78;39;3,3;,8;
2026/06/18;1500 UTC;0;1006;1006,5;1005,6;1534,9;15,8;9,7;16,6;15,1;10,3;9;73;66;70;73;3,2;1,2;
2026/06/18;1600 UTC;0;1005;1005,6;1004,5;1478,3;17,1;10,3;17,8;16,5;10,8;9,8;68;63;66;93;3,2;,7;
2026/06/18;1700 UTC;0;1003,8;1004,4;1003,1;1670,8;18,6;11,3;20,2;17,6;12,5;10,2;66;60;64;95;2,7;,6;
2026/06/18;1800 UTC;0;1002,7;1003;1002,4;1359,7;20,2;12;20,3;19,8;12,6;11,6;62;58;59;40;3,8;1,1;
2026/06/18;1900 UTC;0;1002,3;1002,4;1002;591,7;19,9;12,1;20,2;19,4;12,6;11,7;65;58;61;64;3,3;1;
2026/06/18;2000 UTC;0;1002;1002,2;1001,8;293,8;19,1;12,4;19,4;18,6;12,9;11,7;70;64;66;83;2,6;,4;
2026/06/18;2100 UTC;0;1001,6;1002,1;1000,9;55,9;18,4;11,4;18,8;18;12;11,1;67;63;65;116;1,7;,6;
2026/06/18;2200 UTC;0;1001,1;1001,2;1000,6;0;17,5;11,2;18,1;16,9;11,4;11,1;71;65;69;71;2,5;1,2;
2026/06/18;2300 UTC;0;1000,4;1000,7;1000;0;17,5;11,1;17,8;17,2;11,3;11;70;66;68;74;2,6;,8;
2026/06/19;0000 UTC;0;999,8;1000;999,5;0;17,6;11,1;17,8;17,4;11,2;11;69;66;67;94;2,5;,8;
2026/06/19;0100 UTC;0;999,4;999,8;999;0;17,9;10,8;18,3;17,6;11,1;10,6;67;62;65;59;3,3;1,5;
2026/06/19;0200 UTC;0;999,2;999,8;998,7;0;17,3;10,7;17,6;16,7;10,9;10,5;71;65;67;116;2,4;,6;
2026/06/19;0300 UTC;0;999,2;999,3;999;0;17,3;10,5;18;17,1;10,8;9,9;68;60;66;108;2,7;1;
2026/06/19;0400 UTC;0;999,5;999,6;999,3;0;18,9;10,1;19,3;18,1;10,4;9,8;60;54;56;139;2;,5;
2026/06/19;0500 UTC;0;1001,9;1003,4;999,5;0;17,9;11,4;19,9;14,7;13,6;9,9;94;51;68;117;,7;,4;
2026/06/19;0600 UTC;1,4;1003,6;1004,1;1003,1;0;14,7;13,8;14,8;14,6;13,9;13,6;97;95;96;156;2,5;,5;
2026/06/19;0700 UTC;2,4;1004,1;1004,5;1003,7;0;14,8;13,9;14,9;14,6;14;13,7;97;94;95;191;3,6;2;
2026/06/19;0800 UTC;7,3;1003,8;1004,4;1003,1;0;14,3;14,1;14,6;14,2;14,2;13,9;100;97;99;66;1,8;,4;
2026/06/19;0900 UTC;4;1002,7;1003,2;1001,7;0;14,2;14,1;14,2;14,2;14,2;14,1;100;99;100;57;3,1;,8;
2026/06/19;1000 UTC;4;1002,2;1002,7;1001,7;0;14,1;14,1;14,2;14,1;14,1;14;100;100;100;82;2,7;,5;
2026/06/19;1100 UTC;2,2;1002,4;1003,1;1001,8;0;14,2;14,1;14,3;14,1;14,3;14;100;100;100;124;2,2;,4;
2026/06/19;1200 UTC;,4;1003,4;1004;1002,7;6,7;14,4;14,4;14,4;14,2;14,5;14,3;100;100;100;169;,8;,3;
2026/06/19;1300 UTC;,4;1004,1;1004,3;1003,8;33,1;14,5;14,5;14,5;14,4;14,6;14,5;100;100;100;181;1,5;,4;
2026/06/19;1400 UTC;,2;1004,5;1004,8;1004,3;63,1;14,6;14,7;14,8;14,5;14,8;14,6;100;100;100;214;1,6;,2;
2026/06/19;1500 UTC;0;1004,6;1004,8;1004,4;113,7;14,9;15;15;14,8;15;14,8;100;100;100;272;1,2;,3;
2026/06/19;1600 UTC;,2;1004,6;1004,9;1004,4;123,8;15;15;15,1;15;15,1;14,9;100;100;100;210;1,6;,3;
2026/06/19;1700 UTC;,2;1004,5;1004,9;1004,1;120,2;15,1;15;15,2;15;15,2;14,9;100;100;100;294;,5;,1;
2026/06/19;1800 UTC;1;1004,5;1004,8;1003,8;154,4;14,4;14,2;15,1;13,7;15,1;13,5;100;98;99;213;3,6;1,1;
2026/06/19;1900 UTC;;;;;;;;;;;;;;;;;;
2026/06/19;2000 UTC;0;1004,9;1005,3;1004,4;59,2;13,3;12,7;13,3;13,1;13,1;12,5;99;96;97;201;2,8;1;
2026/06/19;2100 UTC;,2;1005,7;1006,1;1005,1;21,4;13,1;12,2;13,3;13,1;12,6;11,9;97;94;95;175;2,8;,8;
2026/06/19;2200 UTC;0;1006,5;1006,9;1005,9;0;12,8;11,8;13,1;12,5;12,1;11,5;96;93;95;210;3;1,1;
2026/06/19;2300 UTC;0;1007,1;1007,2;1006,8;0;12,2;11,6;12,4;12,1;11,7;11,4;98;95;97;213;3,3;,8;
2026/06/20;0000 UTC;0;1007,2;1007,3;1007,1;0;12;11,5;12,1;11,9;11,7;11,3;98;96;97;209;3;1,1;
2026/06/20;0100 UTC;0;1007,4;1007,7;1007,2;0;11,9;11,4;12;11,9;11,5;11,2;98;96;97;209;1,8;,5;
2026/06/20;0200 UTC;0;1007,6;1007,6;1007,5;0;11,9;11,3;12;11,9;11,6;10,6;98;93;97;197;1,5;,4;
2026/06/20;0300 UTC;0;1007,6;1007,7;1007,5;0;12;10,9;12;11,8;11,2;10,5;97;93;95;198;2,1;,6;
2026/06/20;0400 UTC;0;1007,7;1007,7;1007,5;0;11,9;11,1;12;11,7;11,3;10,8;98;94;96;211;1,6;,5;
2026/06/20;0500 UTC;0;1007,3;1007,5;1007,1;0;11,8;11;11,9;11,7;11,3;10,6;98;93;96;192;1,7;,5;
2026/06/20;0600 UTC;0;1007;1007,2;1006,7;0;11,9;10,8;11,9;11,8;11,3;10,5;97;93;95;241;1;,3;
2026/06/20;0700 UTC;0;1006,6;1006,8;1006,3;0;11,5;11,3;11,8;11,4;11,5;11,1;100;98;99;208;1,1;,4;
2026/06/20;0800 UTC;0;1006,1;1006,3;1005,8;0;11,5;10,2;11,6;11,3;11,2;9,7;98;91;93;153;1,4;,4;
2026/06/20;0900 UTC;0;1005,6;1005,8;1005,4;0;11,3;10,1;11,3;11,2;10,4;9,7;95;92;94;190;1,8;,6;
2026/06/20;1000 UTC;0;1005,4;1005,5;1005,3;0;11,1;10,2;11,3;10,7;10,5;9,9;99;93;95;103;,7;,3;
2026/06/20;1100 UTC;;;;;;;;;;;;;;;;;;
2026/06/20;1200 UTC;0;1005,7;1005,9;1005,4;141,1;11,4;10;11,7;11,3;10,5;9,6;96;90;93;130;1,2;,3;
2026/06/20;1300 UTC;0;1005,8;1005,9;1005,7;498,9;12;10,5;12,3;11,6;11;10,1;96;90;92;84;2,2;,6;
2026/06/20;1400 UTC;0;1005,8;1006;1005,7;456,2;12,3;10,1;12,4;11,9;10,7;9,5;94;86;89;163;2,1;,6;
2026/06/20;1500 UTC;0;1005,6;1005,8;1005,2;395,7;12,7;9,8;12,9;12,5;10,4;9,4;88;83;85;200;2,1;,7;
2026/06/20;1600 UTC;;;;;;;;;;;;;;;;;;
2026/06/20;1700 UTC;0;1003,3;1004;1002,8;413,4;13,2;9;13,3;13;9,8;8,5;83;76;79;35;1,5;,4;
2026/06/20;1800 UTC;0;1002,7;1002,8;1002,6;500,6;13,3;9,2;13,6;13,2;9,9;8,4;82;76;79;38;1,7;,5;
2026/06/20;1900 UTC;0;1002,5;1002,6;1002,4;414,4;13,6;9,4;13,7;13,5;9,9;8,9;82;76;79;118;1,4;,4;
2026/06/20;2000 UTC;0;1002,7;1002,8;1002,6;231,5;13,5;9,8;13,7;13,3;10,1;9,3;84;78;81;65;2;,3;
2026/06/20;2100 UTC;0;1002,8;1003,1;1002,6;39,9;13,1;10;13,3;12,9;10,6;9,6;89;82;85;164;,6;,3;
2026/06/20;2200 UTC;0;1003,1;1003,2;1003;0;12,6;11,1;12,9;12,3;11,5;10,4;96;88;93;253;,6;,1;
2026/06/20;2300 UTC;0;1003;1003,1;1002,8;0;12,3;11,4;12,3;12,3;11,6;11,3;96;95;96;146;1,1;,4;
2026/06/21;0000 UTC;0;1003;1003,4;1002,6;0;12;11,5;12,3;11,9;11,7;11,2;99;95;97;234;,4;,2;
2026/06/21;0100 UTC;0;1003,3;1003,5;1003,1;0;11,8;11,4;12;11,2;11,7;10,9;98;97;98;163;,9;,4;
2026/06/21;0200 UTC;0;1003,4;1003,5;1003,2;0;9,9;9,7;11,2;8,5;10,9;8,4;100;98;99;184;1,4;,3;
2026/06/21;0300 UTC;0;1003,4;1003,6;1003,2;0;8,5;8,6;9,2;8;9,2;8,1;100;100;100;141;1,1;,3;
2026/06/21;0400 UTC;0;1003,2;1003,4;1003;0;8,5;8,5;9,2;7,8;9,2;7,8;100;100;100;197;,9;,3;
2026/06/21;0500 UTC;0;1003,1;1003,4;1002,9;0;9,9;9,9;10,4;8,3;10,5;8,3;100;100;100;89;1,7;,4;
2026/06/21;0600 UTC;0;1002,7;1002,9;1002,5;0;10,3;10,3;10,4;10,2;10,5;10,3;100;100;100;77;1,8;,4;
2026/06/21;0700 UTC;0;1002,3;1002,6;1002,1;0;10,3;10,4;10,4;10,3;10,4;10,3;100;100;100;137;1,6;,4;
2026/06/21;0800 UTC;0;1001,9;1002,1;1001,8;0;10,2;10,3;10,3;10,2;10,4;10,2;100;100;100;129;1,3;,4;
2026/06/21;0900 UTC;0;1002,2;1002,4;1001,9;0;10,2;10,3;10,3;10,2;10,4;10,2;100;100;100;134;1,4;,3;
2026/06/21;1000 UTC;0;1002,4;1002,7;1002,2;0;10,2;10,2;10,3;10,1;10,3;10,1;100;100;100;62;1,9;,4;
2026/06/21;1100 UTC;0;1003,1;1003,4;1002,7;6,2;10,1;10;10,2;10,1;10,2;9,9;100;99;99;121;1,6;,4;
2026/06/21;1200 UTC;0;1003,7;1004;1003,4;196,8;10,3;10;10,8;10,1;10,1;9,9;99;96;98;123;1,6;,5;
2026/06/21;1300 UTC;0;1004;1004,2;1003,7;501,7;11,2;9,9;11,7;10,8;10,3;9,6;96;91;93;83;1,9;,5;
2026/06/21;1400 UTC;0;1004,3;1004,5;1003,9;1211,8;12,6;10;13,6;11,8;10,6;9,6;93;80;87;64;2;,6;
2026/06/21;1500 UTC;0;1003,5;1004;1003;2117,9;14,7;10,3;15,7;13,7;11,2;9,7;83;74;78;88;7,6;1,8;
2026/06/21;1600 UTC;0;1002,5;1003;1002;2361,1;16,8;10,9;17,9;15,6;11,9;10,4;78;65;71;275;3,9;2,3;
2026/06/21;1700 UTC;0;1001,4;1002,1;1000,7;2130,4;18,3;11,2;18,9;17,1;12,2;10,4;72;59;64;248;2;,4;
2026/06/21;1800 UTC;0;1000,3;1000,8;999,6;1866,9;18,8;10,7;19,1;18,5;11,9;10,2;65;56;59;202;2,5;1,4;
2026/06/21;1900 UTC;0;999,2;999,5;999;1117,5;18,9;10,5;19,3;18,6;11,3;10;63;55;58;198;1,2;,4;
2026/06/21;2000 UTC;0;998,9;999,2;998,7;628,7;18,4;10,8;18,7;17,8;11,3;10,3;66;59;62;181;3;1,7;
2026/06/21;2100 UTC;0;998,7;999,1;998,5;76,9;16,8;11,2;17,7;16;11,6;10,6;77;65;72;178;2,4;1,3;
2026/06/21;2200 UTC;0;998,9;999,2;998,7;0;15,5;11,6;16;15,1;11,8;11,3;83;77;80;104;1,4;,1;
2026/06/21;2300 UTC;0;999,5;999,9;999;0;15,3;11,5;15,5;15,2;11,9;11,3;83;80;81;127;,8;,1;
2026/06/22;0000 UTC;0;999,7;999,9;999,5;0;15,2;11,4;15,3;15;11,9;11,1;83;80;81;169;1,6;,7;
2026/06/22;0100 UTC;0;999,1;999,5;998,7;0;14,8;11,2;15;14,7;11,5;10,8;84;80;82;170;1,5;,1;
2026/06/22;0200 UTC;;;;;;;;;;;;;;;;;;
2026/06/22;0300 UTC;0;998,7;999,8;998,3;0;14,2;11,7;14,6;13,9;12,4;10,9;92;82;88;213;2,9;,6;
2026/06/22;0400 UTC;,2;999,3;999,8;998,9;0;13,7;12,3;14,1;13,4;12,5;11,8;95;89;93;133;2,4;,8;
2026/06/22;0500 UTC;0;999;999,5;998,5;0;13,7;11,9;13,9;13,5;12,3;11,6;93;89;91;122;2,2;,4;
2026/06/22;0600 UTC;,8;998,3;999,1;998;0;13,4;11,9;13,7;13;12,4;11,5;97;90;92;233;,9;,3;
2026/06/22;0700 UTC;4;998,5;999,5;998,1;0;12,8;12,6;13;12,8;12,7;12,5;99;98;99;254;1,3;,3;
2026/06/22;0800 UTC;4,2;998,1;998,6;997,5;0;12,8;12,8;12,9;12,7;12,8;12,7;100;99;100;192;1;,3;
2026/06/22;0900 UTC;2,2;997,3;997,9;996,7;0;12,7;12,8;12,8;12,7;12,8;12,8;100;100;100;231;1,3;,3;
2026/06/22;1000 UTC;7,3;998,4;1000,3;997;0;12,8;12,9;12,9;12,7;12,9;12,8;100;100;100;199;2,8;,7;
2026/06/22;1100 UTC;3;999;1000,1;996,5;,2;12,8;12,7;12,9;12,7;12,8;12,6;100;99;99;194;2,7;,8;
2026/06/22;1200 UTC;,4;1000,1;1001,1;998;54,8;12,6;12,5;12,8;12,6;12,6;12,3;100;99;99;244;2,3;,8;
2026/06/22;1300 UTC;,2;1000,5;1001,4;999,8;194,7;12,7;12;12,8;12,6;12,3;11,5;99;94;97;219;3;1;
2026/06/22;1400 UTC;0;1001,4;1001,7;1001,1;655,2;13,1;11,5;13,5;12,7;12,1;11,1;96;88;92;203;3,3;1,2;
2026/06/22;1500 UTC;0;1001,3;1001,6;1001,1;1289;14;11,5;15;13,4;12;10,7;92;80;87;166;3,4;,8;
2026/06/22;1600 UTC;0;1001,2;1001,3;1001;1641,6;14,8;10,9;15,7;14,3;12;10,2;85;75;80;241;4,6;1,2;
2026/06/22;1700 UTC;0;1001,3;1001,5;1000,8;1065,8;14,9;10,4;16;14,4;11,1;9,8;82;71;77;268;3,8;,7;
2026/06/22;1800 UTC;0;1001,6;1002,2;1001,1;445,3;14,3;10,1;14,5;13,8;10,4;9,5;82;76;79;214;2,1;,5;
2026/06/22;1900 UTC;0;1002,5;1002,8;1002,2;297,6;14;10,1;14,1;13,8;10,5;9,5;83;77;80;245;2,4;,5;
2026/06/22;2000 UTC;0;1002,9;1003,4;1002,7;472,2;14,3;9,7;14,9;13,9;10,4;8,9;82;74;77;162;3,3;,9;
2026/06/22;2100 UTC;0;1003,9;1004,4;1003,4;68,7;13,1;9;13,9;12,3;9,4;8,7;85;76;80;209;2,1;,6;
2026/06/22;2200 UTC;0;1004,7;1005,2;1004,4;0;11,1;9,2;12,2;9,9;9,4;9;96;85;90;265;,7;,2;
2026/06/22;2300 UTC;0;1005,7;1006,1;1005,2;0;9,3;9;9,9;8,5;9,3;8,2;99;97;98;253;1;,3;
2026/06/23;0000 UTC;0;1006,3;1006,5;1006,1;0;8,3;8,3;8,5;7,9;8,5;7,9;100;99;100;213;1,1;,3;
2026/06/23;0100 UTC;0;1006,6;1006,7;1006,4;0;7,3;7,3;7,8;6,8;7,9;6,9;100;100;100;216;2,2;,5;
2026/06/23;0200 UTC;0;1006,7;1007,1;1006,5;0;6,8;6,8;7,3;6,2;7,4;6,1;100;100;100;212;1,6;,4;
2026/06/23;0300 UTC;0;1007,2;1007,4;1007,1;0;6,5;6,2;7,6;6;6,8;5,8;100;93;99;229;2,3;,5;
2026/06/23;0400 UTC;0;1007,5;1008,2;1007,2;0;6,5;5,9;7,4;5,8;6,2;5,5;100;93;97;161;,9;,4;
2026/06/23;0500 UTC;0;1009;1009,3;1008,3;0;5,4;5,4;5,9;5;5,8;4,9;100;99;100;136;2,4;,3;
2026/06/23;0600 UTC;0;1009,1;1009,3;1008,8;0;4,9;4,9;5,3;4,5;5,3;4,6;100;100;100;224;1;,5;
2026/06/23;0700 UTC;0;1008,8;1009;1008,4;0;4,6;4,7;4,9;4,4;4,9;4,4;100;100;100;216;1;,3;
2026/06/23;0800 UTC;0;1008,5;1008,8;1008,1;0;4,7;4,7;5,1;4,5;5,1;4,5;100;100;100;277;,8;,3;
2026/06/23;0900 UTC;0;1008,2;1008,3;1008,1;0;4,3;4,3;4,5;4,1;4,5;4,2;100;100;100;246;,7;,4;
2026/06/23;1000 UTC;0;1008,6;1008,8;1008,3;0;4,8;4,8;5,3;3,8;5,3;3,8;100;99;100;216;3,3;1,5;
2026/06/23;1100 UTC;0;1009,4;1009,9;1008,8;11,5;5,5;5;5,7;5,3;5,3;4,8;99;96;97;215;2,2;,9;
2026/06/23;1200 UTC;0;1010,1;1010,2;1009,9;521;6,7;5,6;7,5;5,5;6,3;5;98;91;95;305;2,3;1,1;
2026/06/23;1300 UTC;0;1010,5;1010,6;1010,2;825,5;7,6;6,5;9,3;6,7;7,2;5,7;99;84;94;182;1,4;,4;
2026/06/23;1400 UTC;0;1010,5;1010,6;1010,2;1817,9;10;5,9;11;9,3;6,7;5,3;85;75;80;195;1,7;,4;
2026/06/23;1500 UTC;0;1009,7;1010,2;1009,3;2132,8;11,7;5,9;12,2;11;6,6;5,2;77;67;71;241;4,1;,7;
2026/06/23;1600 UTC;0;1008,9;1009,3;1008,5;2093,1;12,8;5,3;13,6;12,4;7;3,8;71;54;62;233;4,5;1,8;
2026/06/23;1700 UTC;0;1008;1008,5;1007,8;2046;13,6;4,2;14;13,1;5,7;2,7;60;46;53;245;6,6;4,7;
2026/06/23;1800 UTC;0;1007,6;1007,8;1007,4;1691,8;13,9;4;14,5;13,1;5,1;3,1;54;46;50;210;6,9;3,3;
2026/06/23;1900 UTC;0;1007,2;1007,5;1007;1530,4;14,4;4,1;15;13,8;5,3;2,9;53;44;49;214;2,2;,6;
2026/06/23;2000 UTC;0;1007;1007;1006,9;762,2;14;3,7;14,4;13,5;4,3;3,1;51;45;48;231;4,4;,8;
2026/06/23;2100 UTC;0;1007,3;1007,7;1007;101,9;11,9;4,1;13,4;9,8;5,4;3;77;48;61;216;2,7;,3;
2026/06/23;2200 UTC;0;1008;1008,4;1007,6;0;7,9;5,4;9,7;6,5;5,9;4,9;94;77;88;234;1,9;,3;
2026/06/23;2300 UTC;0;1008,7;1008,9;1008,4;0;5,9;5,2;6,5;5,4;5,4;4,7;99;93;96;196;1,1;,6;
2026/06/24;0000 UTC;0;1009,1;1009,3;1008,9;0;5,1;4,8;5,5;4,6;5,4;4;99;97;99;198;1,3;,6;
2026/06/24;0100 UTC;0;1009,7;1010,1;1009,4;0;4,5;4,3;4,7;4,1;4,6;3,7;100;97;99;173;1,8;1,5;
2026/06/24;0200 UTC;0;1010,2;1010,3;1010;0;4,2;4,1;4,7;3,8;4,7;3,8;100;99;100;151;1;,6;
2026/06/24;0300 UTC;0;1010,4;1010,5;1010,3;0;3,7;3,7;4;3,2;4,1;3,2;100;100;100;165;,7;,4;
2026/06/24;0400 UTC;0;1010,5;1010,6;1010,3;0;3,1;3,2;3,7;2,7;3,8;2,8;100;100;100;95;1,1;,5;
2026/06/24;0500 UTC;0;1010,3;1010,4;1010,2;0;4;4,1;4,1;3,8;4,2;3,9;100;100;100;94;1,2;,5;
2026/06/24;0600 UTC;0;1010;1010,2;1009,8;0;4,2;4,2;4,3;3,9;4,4;4;100;100;100;135;1,2;,7;
2026/06/24;0700 UTC;0;1009,8;1010;1009,6;0;3,8;3,8;3,9;3,6;4;3,6;100;100;100;139;1,8;,9;
2026/06/24;0800 UTC;0;1009,6;1009,8;1009,5;0;3,5;3,5;3,9;3,1;3,9;3,2;100;100;100;146;2;,9;
2026/06/24;0900 UTC;,2;1009,6;1009,8;1009,4;0;3,2;3,2;3,3;3;3,3;3;100;100;100;156;1,1;,6;
2026/06/24;1000 UTC;0;1010,2;1010,5;1009,8;0;3,1;3,2;3,3;3;3,3;3,1;100;100;100;162;1,6;1,1;
2026/06/24;1100 UTC;0;1010,8;1011,2;1010,5;18,8;3;3;3,2;2,9;3,2;2,9;100;100;100;136;1,6;,9;
2026/06/24;1200 UTC;0;1011,4;1011,6;1011,2;304,3;3,5;3,5;4;3;4;3;100;100;100;134;1,5;,8;
2026/06/24;1300 UTC;0;1011,5;1011,7;1011,3;743,3;4,9;5;5,9;4;6;4;100;100;100;107;2;,9;
2026/06/24;1400 UTC;0;1011,1;1011,4;1010,7;1482;7,2;6,9;9,1;5,6;7,8;5,7;100;92;98;108;1,4;,5;
2026/06/24;1500 UTC;0;1010,2;1010,7;1009,6;2108,5;11,2;7,5;13,6;9,1;8,7;6,5;93;65;82;178;7;1,8;
2026/06/24;1600 UTC;0;1008,9;1009,6;1008,1;2287,9;14,7;5;15,5;13,6;6,9;3,4;66;41;52;292;6,5;2,2;
2026/06/24;1700 UTC;0;1007,5;1008,1;1007;2215;15,4;4,3;15,8;15,1;5;3,6;48;40;44;287;8,4;3,5;
2026/06/24;1800 UTC;0;1006,6;1006,9;1006,4;1843,1;16;4,9;16,5;15,7;5,8;3,8;48;40;44;281;3;1,3;
2026/06/24;1900 UTC;0;1006,5;1006,6;1006,4;1400,3;16,1;4,7;16,4;15,7;5,6;3,8;48;38;43;211;1,9;,4;
2026/06/24;2000 UTC;0;1006,8;1006,9;1006,6;619,8;15,7;4,5;16,3;15;5,4;3,9;49;41;44;244;1,2;,3;
2026/06/24;2100 UTC;0;1007;1007,4;1006,7;98,7;13,5;5,8;16,4;10,4;7;4,3;79;40;61;226;2,7;,9;
2026/06/24;2200 UTC;0;1007,7;1008,1;1007,4;0;8,4;6;10,4;7,5;6,5;5,6;92;79;88;179;2,5;,4;
2026/06/24;2300 UTC;0;1008,1;1008,4;1008;0;6,8;5,6;7,9;6;6,1;4,6;96;90;94;159;2;,5;
2026/06/25;0000 UTC;0;1008,7;1009;1008,4;0;5,9;5;6,6;5,6;5,6;4,3;98;91;96;162;1,8;1;
2026/06/25;0100 UTC;0;1009;1009,2;1008,9;0;5,5;5;5,9;5;5,5;4,1;99;95;98;170;1,4;,8;
2026/06/25;0200 UTC;0;1009,3;1009,5;1009,2;0;4,5;4,4;5,1;3,9;4,8;3,6;100;98;99;121;1,8;,8;
2026/06/25;0300 UTC;0;1009,5;1009,7;1009,4;0;4,3;4,3;4,6;3,8;4,7;3,7;100;99;100;102;1,6;,7;
2026/06/25;0400 UTC;0;1009,7;1010,1;1009,5;0;3,7;3,8;4,4;3,4;4,5;3,4;100;100;100;186;2,2;,2;
2026/06/25;0500 UTC;0;1010,4;1010,7;1010;0;3,1;3,1;3,5;2,6;3,5;2,6;100;100;100;89;1,2;,6;
2026/06/25;0600 UTC;0;1010,6;1010,9;1010,2;0;4,4;4,5;5,3;2,6;5,4;2,7;100;100;100;117;1,2;,6;
2026/06/25;0700 UTC;0;1010,3;1010,4;1010,1;0;4,8;4,8;5,1;4,3;5,1;4,4;100;100;100;153;1,8;1;
2026/06/25;0800 UTC;0;1010,7;1010,9;1010,3;0;3,9;3,9;4,3;3,5;4,4;3,5;100;100;100;123;1,5;,6;
2026/06/25;0900 UTC;0;1010,6;1010,8;1010,3;0;4,2;4,2;5,1;3,2;5,2;3,2;100;100;100;121;2,3;1,2;
2026/06/25;1000 UTC;0;1011,2;1012,1;1010,3;0;5,2;4,7;5,7;4,4;5,3;3,7;100;96;97;174;1,8;1;
2026/06/25;1100 UTC;0;1012,5;1013,1;1012,1;40,7;3,7;3,5;4,4;3,4;4;2,6;100;96;99;177;,9;,3;
2026/06/25;1200 UTC;;;;;;;;;;;;;;;;;;
2026/06/25;1300 UTC;0;1013,2;1013,8;1012,7;570;7,5;5,4;8,6;6,8;6,2;4,8;96;83;89;27;2,6;,8;
2026/06/25;1400 UTC;0;1014,4;1014,8;1013,8;1414,2;9,6;5,3;10,8;8,2;5,9;4,7;86;72;79;161;2,4;,6;
2026/06/25;1500 UTC;0;1014,5;1014,9;1014,1;1910,8;12,1;5,9;13,2;10,4;6,5;5,1;75;63;69;134;2,2;,6;
2026/06/25;1600 UTC;0;1013,3;1014,1;1012,9;2101,7;14,6;6,6;15,4;13;7,5;5,9;67;53;60;80;3;,7;
2026/06/25;1700 UTC;0;1012,4;1012,9;1011,7;1358,5;15,7;6,1;16,1;15,3;6,9;5,4;57;49;52;67;1,2;,2;
2026/06/25;1800 UTC;0;1011,4;1012;1010,7;1126,9;15,9;6;16,3;15,6;7;4,8;57;45;50;112;2,5;,6;
2026/06/25;1900 UTC;0;1010,6;1011;1010,3;1367;16,6;5,4;17,3;15,8;6,7;4,4;50;41;44;57;7;1,9;
2026/06/25;2000 UTC;0;1010,2;1010,4;1010;609,2;16,3;5,5;17,2;15,4;6,5;4,8;51;42;46;176;6,4;2,6;
2026/06/25;2100 UTC;0;1010,8;1011,1;1010,4;96;13,8;6,3;15,3;12;7,2;5,2;73;49;62;255;4,5;2,4;
2026/06/25;2200 UTC;0;1011,3;1011,5;1011,1;0;10,2;6,4;11,9;8,7;6,8;5,7;87;72;81;168;2,6;,3;
2026/06/25;2300 UTC;0;1011,7;1012;1011,4;0;7,6;5,5;9,1;6,9;6;5,1;93;83;90;158;2;,4;
2026/06/26;0000 UTC;0;1012,1;1012,3;1011,8;0;6;5,1;6,9;5,2;5,4;4,3;98;92;95;187;,5;,3;
2026/06/26;0100 UTC;0;1012,4;1012,6;1012,3;0;4,9;4,3;5,3;4,3;5;3,5;99;95;97;174;,4;,2;
2026/06/26;0200 UTC;0;1012,6;1012,8;1012,2;0;4,2;4,1;4,5;3,9;4,5;3,5;100;97;99;170;1,6;,8;
2026/06/26;0300 UTC;0;1012,6;1012,7;1012,4;0;4;4;4,4;3,3;4,4;3,2;100;99;100;174;2,2;,6;
2026/06/26;0400 UTC;0;1012,4;1012,6;1012,2;0;3,4;3,5;4,1;3,2;4,1;3,2;100;100;100;127;1,5;,6;
2026/06/26;0500 UTC;0;1012,4;1012,5;1012,3;0;3,7;3,7;4;3,2;4;3,2;100;100;100;163;1,1;,6;
2026/06/26;0600 UTC;0;1011,8;1012,4;1011,3;0;3,1;3,1;3,6;2,6;3,7;2,7;100;100;100;135;1,9;,9;
2026/06/26;0700 UTC;0;1011,1;1011,3;1010,8;0;2,4;2,5;3;2;3;2,1;100;100;100;101;1,2;,5;
2026/06/26;0800 UTC;0;1010,7;1010,8;1010,6;0;2,6;2,6;3,4;2,2;3,4;2,2;100;100;100;97;,9;,5;
2026/06/26;0900 UTC;0;1010,7;1010,9;1010,6;0;2;2,1;2,4;1,6;2,4;1,6;100;100;100;17;1,2;,8;
2026/06/26;1000 UTC;0;1010,9;1011,1;1010,8;0;1,7;1,8;2,4;1,4;2,4;1,4;100;100;100;60;1,7;,8;
2026/06/26;1100 UTC;0;1011,1;1011,3;1011;15;2,5;2,6;2,8;2,2;2,9;2,3;100;100;100;119;1,8;,9;
2026/06/26;1200 UTC;;;;;;;;;;;;;;;;;;
2026/06/26;1300 UTC;;;;;;;;;;;;;;;;;;
2026/06/26;1400 UTC;;;;;;;;;;;;;;;;;;
2026/06/26;1500 UTC;2;1011;1011,5;1010,3;;12,4;6,5;13,7;11,2;7,1;5,8;77;66;71;92;3,5;,8;
2026/06/26;1600 UTC;0;1010;1010,3;1009,6;;15,1;7,3;16,6;13,6;8,2;6,6;66;55;61;42;5,6;,6;
2026/06/26;1700 UTC;0;1009;1009,6;1008,5;;17,2;7,9;18,1;16,2;8,9;7,2;57;51;54;56;3,6;1;
2026/06/26;1800 UTC;0;1008,1;1008,5;1007,8;;18,5;8,6;19,1;18;9,2;8,2;53;47;50;108;3;1;
2026/06/26;1900 UTC;0;1007,5;1007,8;1007,2;;19,5;9,1;19,8;19,2;9,7;8,8;51;47;48;108;3;1;
2026/06/26;2000 UTC;0;1007,1;1007,2;1007;;19,6;9,4;19,9;19,3;9,9;8,9;52;47;49;92;3,3;,6;
2026/06/26;2100 UTC;0;1007,3;1007,6;1007;;17,5;9,4;19,6;14,2;9,9;9,1;76;49;60;126;1,9;,5;
2026/06/26;2200 UTC;0;1007,8;1008,1;1007,6;;12,3;8,5;13,9;11,4;9,3;7,8;85;76;81;271;8,7;5,9;
2026/06/26;2300 UTC;0;1008,3;1008,6;1008,1;;10,3;8;12;9,3;8,4;7,7;92;80;88;280;7,2;1,6;
2026/06/27;0000 UTC;0;1008,7;1008,8;1008,6;;9,4;8;9,8;9,1;8,5;7,4;95;90;93;203;5,3;,9;
2026/06/27;0100 UTC;0;1008,9;1009;1008,8;;9;7,9;9,8;8,3;8,6;6,9;98;91;95;221;7,7;,2;
2026/06/27;0200 UTC;0;1009,2;1009,2;1009,2;;7,8;7,5;7,8;7,7;7,5;7,4;99;98;99;188;6,2;,7;
2026/06/27;0300 UTC;0;1009,2;1009,2;1009,1;;7,7;7,4;7,7;7,6;7,5;7,3;99;98;99;234;5,5;,6;
2026/06/27;0400 UTC;0;1009;1009;1008,9;;7,7;7,5;7,8;7,7;7,6;7,5;99;99;99;267;4,9;1,2;
2026/06/27;0500 UTC;0;1008,6;1008,6;1008,6;;7,3;7,3;7,4;7,2;7,4;7,2;100;100;100;182;4,9;1,2;
2026/06/27;0600 UTC;0;1007,8;1007,8;1007,8;;7,8;7,9;7,9;7,8;8;7,8;100;100;100;178;4,9;,5;
2026/06/27;0700 UTC;0;1007,5;1007,6;1007,5;;7,1;6,6;7,3;7;6,9;6,5;98;97;98;293;5,8;,8;
2026/06/27;0800 UTC;0;1007,6;1007,6;1007,5;;6,9;6,5;7;6,8;6,7;6,4;98;98;98;214;2,7;,5;
2026/06/27;0900 UTC;0;1007,6;1007,6;1007,5;;7,5;7,5;7,5;7,5;7,5;7,4;100;99;100;142;3,4;,4;
2026/06/27;1000 UTC;0;1007,9;1008;1007,9;;7,4;7,4;7,5;7,4;7,5;7,3;100;100;100;139;,9;,4;
2026/06/27;1100 UTC;0;1008,1;1008,2;1008,1;;8,1;8;8,2;8,1;8;8;100;99;99;179;2;,5;
2026/06/27;1200 UTC;0;1008,7;1008,7;1008,7;;9,9;8,4;10;9,8;8,5;8,3;93;92;92;357;,9;,1;
2026/06/27;1300 UTC;0;1008,6;1008,6;1008,6;;13,5;9,2;13,6;13,4;9,6;8,7;81;76;78;37;1,8;,3;
2026/06/27;1400 UTC;0;1008,4;1008,4;1008,3;;14,7;9,3;14,8;14,6;9,5;9,2;74;72;73;102;2,4;,5;
2026/06/27;1500 UTC;0;1007,7;1007,8;1007,7;;16;10,3;16,1;15,9;10,5;10,1;73;70;71;42;4;1,7;
2026/06/27;1600 UTC;0;1006,6;1006,6;1006,6;;16,8;11,7;16,9;16,7;11,8;11,7;75;74;75;60;2,6;1,4;
2026/06/27;1700 UTC;0;1005,6;1005,6;1005,5;;17,3;13,2;17,4;17,2;13,5;13;81;78;79;70;2,3;1;
2026/06/27;1800 UTC;0;1004,7;1004,8;1004,7;;18,1;14,6;18,2;18;14,7;14,5;83;82;82;112;1,9;,6;
2026/06/27;1900 UTC;0;1003,8;1003,9;1003,7;;17,9;15,6;18;17,9;15,7;15,5;89;88;88;87;2,1;,7;
2026/06/27;2000 UTC;0;1003,5;1003,6;1003,5;;18,3;16;18,3;18,2;16,1;15,9;89;88;89;35;2,2;1,2;
2026/06/27;2100 UTC;0;1003,8;1003,8;1003,7;;17,3;15,3;17,3;17,2;15,4;15,3;90;90;90;56;3;1,1;
2026/06/27;2200 UTC;;;;;;;;;;;;;;;;;;
2026/06/27;2300 UTC;0;1003,6;1003,6;1003,4;;16,2;15,2;16,2;16,2;15,3;15,2;95;95;95;67;1,8;,7;
2026/06/28;0000 UTC;0;1004,2;1004,3;1004,2;;16;15,4;16;16;15,5;15,3;97;97;97;52;2;1,1;
2026/06/28;0100 UTC;2,6;1003,8;1004,5;1003,1;;16,1;15,6;16,2;15,9;15,8;15,4;99;97;98;329;13,1;4,8;
2026/06/28;0200 UTC;0;1003,3;1003,3;1003,3;;16,3;16,3;16,3;16,3;16,3;16,3;100;100;100;265;9;8,5;
2026/06/28;0300 UTC;0;1002,8;1002,8;1002,8;;16,7;16,5;16,7;16,7;16,5;16,5;99;99;99;215;14,7;13,7;
2026/06/28;0400 UTC;0;1002,1;1002,2;1002,1;;16,5;16,5;16,5;16,4;16,5;16,5;100;100;100;228;14,1;9,7;
2026/06/28;0500 UTC;,2;1002,4;1002,6;1002,1;;17,2;16,6;17,2;17,1;16,7;16,6;98;97;97;212;17,3;16,3;
2026/06/28;0600 UTC;0;1002,3;1002,6;1002;;16,8;16,8;16,8;16,8;16,8;16,8;100;100;100;220;15,6;14,4;
2026/06/28;0700 UTC;0;1001,9;1002,1;1001,8;;16,9;16,8;16,9;16,9;16,9;16,8;100;99;100;224;14,4;13,4;
2026/06/28;0800 UTC;2,8;999,8;999,9;999,7;;16,8;16,9;16,9;16,8;16,9;16,8;100;100;100;212;17,3;14,4;
2026/06/28;0900 UTC;0;1000,8;1001;1000,4;;17,4;17,4;17,5;17,3;17,4;17,3;100;99;100;224;25;;
2026/06/28;1000 UTC;;;;;;;;;;;;;;;;;;
2026/06/28;1100 UTC;5,5;1002;1002,2;1001,8;;17,9;17,9;17,9;17,9;17,9;17,9;100;100;100;221;20,6;19,1;
2026/06/28;1200 UTC;1,8;1002,8;1003,2;1002,4;;17,7;17,7;17,7;17,7;17,8;17,7;100;100;100;223;19,6;18,1;
2026/06/28;1300 UTC;,4;1003,3;1003,4;1003,2;;17,6;17,6;17,6;17,5;17,6;17,6;100;100;100;218;19,1;18,8;
2026/06/28;1400 UTC;,4;1004,4;1004,4;1004,3;;17,4;17,4;17,4;17,4;17,5;17,4;100;100;100;220;18,2;17,9;
2026/06/28;1500 UTC;,6;1003,8;1003,8;1003,7;;17,4;17,4;17,4;17,3;17,4;17,4;100;100;100;202;17,1;15,4;
2026/06/28;1600 UTC;,8;1003,3;1003,4;1003,2;;17,3;17,3;17,3;17,2;17,3;17,3;100;100;100;219;17,2;16,6;
2026/06/28;1700 UTC;,6;1002,2;1002,8;1001,3;;17,3;17,3;17,3;17,2;17,3;17,3;100;100;100;219;21,6;19,6;
2026/06/28;1800 UTC;;;;;;;;;;;;;;;;;;
2026/06/28;1900 UTC;0;1003,8;1003,8;1003,8;;16,5;15,9;16,6;16,5;16;15,8;97;96;97;262;12,5;11,2;
2026/06/28;2000 UTC;0;1003,7;1003,8;1003,7;;15,9;15,9;16;15,9;15,9;15,8;100;99;100;271;9;8,6;
2026/06/28;2100 UTC;0;1004,2;1004,3;1004,1;;15,8;15,2;15,8;15,8;15,3;15,2;97;97;97;264;10,4;7,3;
2026/06/28;2200 UTC;0;1004,4;1004,5;1004,4;;15,3;15;15,3;15,2;15;15;99;98;99;270;7,5;5,6;
2026/06/28;2300 UTC;0;1005,9;1005,9;1005,8;;14,7;14,7;14,7;14,6;14,7;14,6;100;100;100;347;2;1;
2026/06/29;0000 UTC;;1005,7;1005,8;1005,7;;13,8;13,8;14;13,6;14;13,6;100;100;100;277;6,8;5,1;
2026/06/29;0100 UTC;;1005,6;1005,8;1005,5;;12,9;12,9;13,6;12,5;13,6;12,5;100;100;100;185;6,9;,3;
2026/06/29;0200 UTC;;1006,1;1006,2;1006,1;;12,5;12,6;12,6;12,5;12,7;12,5;100;100;100;280;,5;,2;
2026/06/29;0300 UTC;;1006,1;1006,1;1006;;13,3;13,3;13,3;13,2;13,4;13,3;100;100;100;197;1;,4;
2026/06/29;0400 UTC;;1006,6;1006,7;1006,5;;11,8;11,9;11,8;11,8;11,9;11,9;100;100;100;314;,7;,3;
2026/06/29;0500 UTC;;1006,8;1006,9;1006,8;;11,5;11,6;11,5;11,5;11,6;11,5;100;100;100;245;1,2;,6;
2026/06/29;0600 UTC;;1006,7;1006,7;1006,6;;10,6;10,6;10,6;10,6;10,6;10,6;100;100;100;39;,6;,2;
2026/06/29;0700 UTC;;1006,4;1006,4;1006,4;;9,2;9,2;9,3;9,1;9,3;9,2;100;100;100;222;1,3;,5;
2026/06/29;0800 UTC;;1006,6;1006,6;1006,6;;8,6;8,7;8,7;8,5;8,8;8,6;100;100;100;238;2;,9;
2026/06/29;0900 UTC;;1006,7;1006,8;1006,7;;7,8;7,9;7,9;7,7;7,9;7,8;100;100;100;351;1,2;,6;
2026/06/29;1000 UTC;;;;;;;;;;;;;;;;;;
2026/06/29;1100 UTC;;1008,2;1008,3;1008,2;;7;7,1;7;7;7,1;7,1;100;100;100;232;1,4;,9;
2026/06/29;1200 UTC;;1008,3;1008,3;1008,3;;8,1;8,1;8,3;7,9;8,3;8;100;100;100;249;1,3;,7;
2026/06/29;1300 UTC;;1008,5;1008,5;1008,5;;9,9;9,9;10;9,8;10,1;9,8;100;100;100;37;1,8;1;
2026/06/29;1400 UTC;;1008,1;1008,1;1008,1;;11,6;11,6;11,7;11,5;11,7;11,4;100;99;100;279;,6;,2;
2026/06/29;1500 UTC;;1007,3;1007,4;1007,2;;13,9;12;14,1;13,6;12,5;11,7;94;88;91;29;2,2;,5;
2026/06/29;1600 UTC;;1006,6;1006,6;1006,6;;15,9;12,2;16,2;15,5;12,6;11,4;84;76;81;317;2,4;1,6;
2026/06/29;1700 UTC;;1005,6;1005,7;1005,6;;17,3;11,7;17,5;17,2;12,2;11,2;74;70;72;278;2,2;1,3;
2026/06/29;1800 UTC;;1005;1005,1;1005;;18,5;9,7;18,6;18,4;10,3;9,2;59;53;56;152;2,7;1,3;
2026/06/29;1900 UTC;;1004,8;1004,8;1004,7;;18,5;9,4;18,5;18,5;9,9;9;57;52;54;204;2,8;1,9;
2026/06/29;2000 UTC;;1004,9;1004,9;1004,9;;18,1;8,6;18,1;18,1;8,9;8,4;54;51;52;196;1,6;1;
2026/06/29;2100 UTC;;1005;1005;1005;;13,1;10,7;13,3;12,8;10,7;10,6;89;87;88;265;6,6;5,3;
2026/06/29;2200 UTC;;1005,3;1005,3;1005,3;;11,1;10,2;11,1;11;10,3;10,2;96;96;96;252;4,4;1,9;
2026/06/29;2300 UTC;;1005,3;1005,3;1005,2;;10,3;9,6;10,4;10,3;9,7;9,6;97;96;96;196;3,9;1,1;
2026/06/30;0000 UTC;;1005,9;1006;1005,9;;9,3;8,9;9,4;9,2;9,2;8,7;99;97;98;339;,8;,3;
2026/06/30;0100 UTC;;1006,1;1006,3;1005,9;;9,3;8,9;10;8,7;9,3;8,5;99;95;98;255;1,1;,2;
2026/06/30;0200 UTC;;1006,8;1006,8;1006,7;;8;7,8;8;7,9;7,9;7,7;100;99;99;275;1,2;,3;
2026/06/30;0300 UTC;;1006,8;1006,9;1006,8;;7,7;7,6;7,8;7,5;7,8;7,4;100;99;100;247;1,4;,4;
2026/06/30;0400 UTC;;1006,5;1006,5;1006,5;;7,1;7,1;7,1;7;7,2;7;100;100;100;309;1,3;,4;
2026/06/30;0500 UTC;;1006,3;1006,3;1006,3;;6,8;6,9;6,9;6,8;7;6,8;100;100;100;262;1,1;,2;
2026/06/30;0600 UTC;;1005,7;1005,7;1005,6;;6,7;6,8;6,8;6,7;6,8;6,7;100;100;100;39;,6;,4;
2026/06/30;0700 UTC;;1005,4;1005,4;1005,3;;7,3;7,4;7,3;7,3;7,4;7,3;100;100;100;340;,9;,5;
2026/06/30;0800 UTC;;1004,7;1004,7;1004,6;;8,7;8,8;8,8;8,7;8,8;8,8;100;100;100;112;,6;,2;
2026/06/30;0900 UTC;;1004,3;1004,4;1004,3;;8,9;8,9;8,9;8,8;8,9;8,9;100;100;100;134;,7;,4;
2026/06/30;1000 UTC;;1005;1005;1005;;9,2;9,3;9,3;9,2;9,3;9,2;100;100;100;155;2;1;
2026/06/30;1100 UTC;;1005,3;1005,4;1005,3;;9,6;9,6;9,6;9,6;9,6;9,6;100;100;100;88;1,6;,7;
2026/06/30;1200 UTC;;1005,5;1005,5;1005,4;;10,2;10,2;10,2;10,1;10,2;10,2;100;100;100;129;1,6;,8;
2026/06/30;1300 UTC;;1005,6;1005,6;1005,5;;11,1;11,1;11,1;11,1;11,1;11,1;100;100;100;90;2;,6;
2026/06/30;1400 UTC;;1005,2;1005,3;1005,1;;12,1;11,4;12,1;12;11,4;11,3;96;96;96;76;1,2;,5;
2026/06/30;1500 UTC;;1004,7;1004,8;1004,6;;12,7;11,6;12,8;12,7;11,7;11,5;95;94;94;91;1,2;,3;
2026/06/30;1600 UTC;;1003,8;1003,9;1003,8;;13,5;11,8;13,6;13,4;12;11,6;92;91;92;130;1,4;,3;
2026/06/30;1700 UTC;;1002,7;1002,8;1002,6;;14,1;12,2;14,2;14,1;12,2;12,1;91;90;90;71;1,6;,6;
2026/06/30;1800 UTC;;;;;;;;;;;;;;;;;;
2026/06/30;1900 UTC;;1001,3;1001,5;1001,2;;14,2;13,2;14,2;14,1;13,3;13;95;94;95;105;3,1;,7;
2026/06/30;2000 UTC;;1001,9;1001,9;1001,8;;13,6;13;13,6;13,6;13;13;97;97;97;198;2,9;,7;
2026/06/30;2100 UTC;;1001,7;1001,8;1001,7;;13,5;13,1;13,5;13,5;13,1;13,1;98;98;98;236;3;,7;
2026/06/30;2200 UTC;;1001,9;1002;1001,9;;13,4;13,2;13,4;13,4;13,2;13,2;99;99;99;93;1,4;,5;
2026/06/30;2300 UTC;;1002,2;1002,2;1002,1;;13,4;13,3;13,4;13,4;13,4;13,3;100;100;100;321;,5;,2;
2026/07/01;0000 UTC;;1002,2;1002,2;1002,2;;13,4;13,4;13,4;13,3;13,4;13,4;100;100;100;4;,7;,3;
2026/07/01;0100 UTC;;1002,1;1002,3;1002;;13,3;13,4;13,4;13,2;13,4;13,3;100;100;100;163;1,4;,3;
2026/07/01;0200 UTC;;1002,6;1002,7;1002,5;;13,3;13,3;13,3;13,3;13,3;13,3;100;100;100;264;1,9;,4;
2026/07/01;0300 UTC;;1002,6;1002,7;1002,5;;13,4;13,4;13,4;13,4;13,5;13,4;100;100;100;258;1,6;,4;
2026/07/01;0400 UTC;;1002,7;1002,8;1002,7;;13,5;13,5;13,5;13,5;13,5;13,4;100;100;100;307;1,2;,4;
2026/07/01;0500 UTC;;1002,4;1002,6;1002,4;;13,5;13,5;13,5;13,5;13,6;13,5;100;100;100;22;,6;,3;
2026/07/01;0600 UTC;;1001,7;1001,7;1001,6;;13,8;13,8;13,8;13,8;13,8;13,8;100;100;100;128;1,2;,2;
2026/07/01;0700 UTC;;1001,3;1001,3;1001,2;;13,6;13,6;13,6;13,6;13,6;13,6;100;100;100;139;,7;,2;
2026/07/01;0800 UTC;;1001,2;1001,2;1001,2;;13,6;13,6;13,6;13,6;13,6;13,6;100;100;100;91;2,8;1,1;
2026/07/01;0900 UTC;;1001,3;1001,3;1001,2;;13,8;13,8;13,8;13,8;13,8;13,8;100;100;100;319;1,4;,4;
2026/07/01;1000 UTC;;1001,6;1001,7;1001,6;;13,9;13,9;13,9;13,9;13,9;13,9;100;100;100;213;1,8;,4;
2026/07/01;1100 UTC;;1002;1002;1002;;14;13,9;14;14;14;13,9;100;100;100;262;,8;,2;
2026/07/01;1200 UTC;;1002,3;1002,4;1002,3;;14,5;14,5;14,6;14,4;14,6;14,4;100;100;100;151;1,6;,3;
2026/07/01;1300 UTC;;1003,1;1003,4;1002,8;;15;15;15;15;15;15;100;100;100;91;2,1;,1;
2026/07/01;1400 UTC;;1002,5;1002,5;1002,5;;16,1;16;16,1;16,1;16;15,9;99;99;99;180;11,6;10,9;
2026/07/01;1500 UTC;;1002,8;1002,9;1002,7;;15,9;15,9;15,9;15,9;15,9;15,8;100;100;100;241;11,8;5,1;
2026/07/01;1600 UTC;;1002;1002,3;1001,8;;15,7;15,7;15,8;15,7;15,8;15,7;100;100;100;184;10,9;3,2;
2026/07/01;1700 UTC;;1001,5;1001,6;1001,3;;16,1;16,2;16,1;16,1;16,2;16,2;100;100;100;186;11,9;10,9;
2026/07/01;1800 UTC;;;;;;;;;;;;;;;;;;
2026/07/01;1900 UTC;;;;;;;;;;;;;;;;;;
2026/07/01;2000 UTC;;1002,3;1002,4;1002,2;;16,9;16,5;16,9;16,9;16,5;16,4;98;98;98;185;14;13,2;
2026/07/01;2100 UTC;;1003;1003,1;1002,9;;16,7;16,4;16,7;16,7;16,4;16,4;98;98;98;190;14,8;13,7;
2026/07/01;2200 UTC;;1003,6;1003,6;1003,5;;16,6;16,5;16,6;16,6;16,5;16,5;99;99;99;188;14,2;13,3;
2026/07/01;2300 UTC;;1004,2;1004,3;1004,2;;16,5;16,2;16,5;16,5;16,2;16,1;98;98;98;190;7,8;5,3;
2026/07/02;0000 UTC;;1005;1005,1;1005;;16,1;15,9;16,2;16;16;15,9;99;99;99;237;4,1;2,9;
2026/07/02;0100 UTC;;1005,6;1005,9;1005,1;;15,8;15,3;16;15,5;15,9;14,9;100;96;97;214;5,9;2,3;
2026/07/02;0200 UTC;;1006,4;1006,6;1006,3;;15;14,4;15;15;14,5;14,4;97;97;97;128;2,4;,4;
2026/07/02;0300 UTC;;1006,7;1006,7;1006,6;;14,6;13,8;14,6;14,6;13,9;13,8;97;96;96;230;2,5;,6;
2026/07/02;0400 UTC;;1006,8;1007;1006,7;;14,2;13,7;14,3;14,2;13,7;13,7;97;97;97;248;2,1;,6;
2026/07/02;0500 UTC;;1007,5;1007,6;1007,4;;14,1;13,3;14,1;14,1;13,4;13,3;97;96;96;227;3,6;1,1;
2026/07/02;0600 UTC;;1007,3;1007,4;1007,3;;14,1;13,3;14,1;14;13,4;13,3;97;96;96;231;3;,8;
2026/07/02;0700 UTC;;1006,9;1007;1006,8;;13,8;13,3;13,8;13,8;13,3;13,3;98;97;98;222;2,8;,7;
2026/07/02;0800 UTC;;1007,2;1007,2;1007,1;;13,9;13,2;13,9;13,9;13,2;13,2;96;96;96;195;1,8;,5;
2026/07/02;0900 UTC;;1007;1007,1;1006,9;;14;13,4;14;14;13,5;13,4;97;97;97;221;3,8;1,3;
2026/07/02;1000 UTC;;1007,9;1007,9;1007,9;;14,1;13,6;14,1;14,1;13,6;13,6;98;98;98;224;2,3;,7;
2026/07/02;1100 UTC;;1009;1009;1008,9;;14,4;13,5;14,5;14,4;13,5;13,5;95;95;95;213;3;,8;
2026/07/02;1200 UTC;;1009,7;1009,8;1009,7;;14,3;13,3;14,3;14,3;13,3;13,3;95;95;95;217;2,6;,6;
2026/07/02;1300 UTC;;1010,6;1010,7;1010,5;;13;12,8;13;13;12,8;12,8;99;99;99;218;2,6;1;
2026/07/02;1400 UTC;;1010,6;1010,7;1010,6;;12,8;12,3;12,8;12,8;12,4;12;98;96;97;224;3,1;,9;
2026/07/02;1500 UTC;;1011,2;1011,2;1011,2;;12,7;11,8;12,7;12,7;12;11,6;96;95;95;222;4;1;
2026/07/02;1600 UTC;;1011,3;1011,3;1011,2;;12,8;10,8;12,9;12,8;10,9;10,7;90;89;90;218;3,6;,9;
2026/07/02;1700 UTC;;1011,3;1011,3;1011,3;;12,1;10,7;12,3;12;10,8;10,7;94;92;93;223;3,2;1,4;
2026/07/02;1800 UTC;;1011,3;1011,4;1011,3;;11,8;11;11,9;11,8;11,1;10,9;96;96;96;203;5;3,1;
2026/07/02;1900 UTC;;;;;;;;;;;;;;;;;;
2026/07/02;2000 UTC;;1012,3;1012,3;1012,3;;11,8;10,6;11,8;11,7;10,7;10,3;95;93;94;207;4,8;1,9;
2026/07/02;2100 UTC;;1013;1013;1013;;11,6;9,5;11,6;11,6;9,7;9,3;90;89;89;211;3,9;1,4;
2026/07/02;2200 UTC;;1013,9;1014;1013,8;;11,5;9,1;11,5;11,5;9,2;9;89;88;88;204;3,9;1,2;
2026/07/02;2300 UTC;;1014,5;1014,5;1014,4;;11,3;9;11,4;11,3;9,2;8,8;89;87;88;205;3,6;1;
2026/07/03;0000 UTC;;1015;1015,1;1014,9;;10,4;8,1;10,5;10,3;8,4;7,9;90;88;89;206;7,8;4;
2026/07/03;0100 UTC;;1015,2;1015,4;1015,1;;10;8;10,2;9,8;8,2;7,8;91;89;90;194;8,6;2,3;
2026/07/03;0200 UTC;;1015,7;1015,7;1015,6;;9;7,2;9,1;9;7,3;7;91;90;91;195;6,2;3;
2026/07/03;0300 UTC;;1015,9;1016;1015,9;;9,1;5,4;9,1;9,1;5,5;5,4;82;81;82;181;3,8;1,2;
2026/07/03;0400 UTC;;1015,9;1016;1015,9;;8,1;3,7;8,1;8;3,8;3,6;78;78;78;191;4,8;2,2;
2026/07/03;0500 UTC;;1016,3;1016,3;1016,3;;7,1;3,4;7,2;7;3,4;3,3;82;81;81;182;6,2;2;
2026/07/03;0600 UTC;;1016,3;1016,3;1016,3;;5;3,9;5,1;5;3,9;3,8;94;94;94;239;1,1;,3;
2026/07/03;0700 UTC;;1016,1;1016,1;1016,1;;5;3,3;5,1;4,9;3,4;3,3;93;91;92;193;1,8;1;
2026/07/03;0800 UTC;;1016,3;1016,3;1016,2;;5,2;2,1;5,3;5,2;2,3;2;85;84;84;195;4;1,8;
2026/07/03;0900 UTC;;1016,5;1016,6;1016,5;;4,7;1,8;4,7;4,7;1,8;1,7;86;85;85;194;3,4;2,1;
2026/07/03;1000 UTC;;1016,8;1016,8;1016,8;;4,3;,8;4,4;4,2;,8;,7;83;82;82;157;5,9;3;
2026/07/03;1100 UTC;;1017,4;1017,5;1017,4;;3,8;,1;3,9;3,8;,2;0;82;81;81;148;4,8;2,6;
2026/07/03;1200 UTC;;1017,4;1017,5;1017,4;;5,4;-1,3;5,5;5,3;-1,2;-1,4;68;66;67;134;5,3;2,6;
2026/07/03;1300 UTC;;1017;1017;1017;;7,1;-1,7;7,1;7;-1,3;-1,9;59;55;56;143;5,8;3,2;
2026/07/03;1400 UTC;;1017,3;1017,3;1017,2;;8,4;-1,9;8,5;8,3;-1,5;-2,4;50;47;48;153;6;3,5;
2026/07/03;1500 UTC;;;;;;;;;;;;;;;;;;
2026/07/03;1600 UTC;;1015,9;1016;1015,9;;9,3;-1,2;9,4;9,1;-,9;-1,4;49;46;48;150;5,4;3,1;
2026/07/03;1700 UTC;;1014,6;1014,7;1014,5;;10;-,6;10,1;9,9;-,3;-1;48;45;47;148;5,7;1,2;
2026/07/03;1800 UTC;;1014,3;1014,4;1014,3;;10,4;,3;10,5;10,4;1;0;53;48;49;146;5,4;2,2;
2026/07/03;1900 UTC;;1013,9;1013,9;1013,9;;10,8;1,5;10,9;10,5;1,8;1,2;55;52;54;157;4,9;2,1;
2026/07/03;2000 UTC;;1014,1;1014,1;1014;;9,6;1,9;9,7;9,6;2,1;1,6;62;60;61;167;2,8;1,1;
2026/07/03;2100 UTC;;1014,5;1014,6;1014,5;;8;3,9;8,2;7,9;4,3;3,7;81;78;80;300;1,1;,2;
2026/07/03;2200 UTC;;1014,6;1014,7;1014,5;;6,1;4,3;6,1;6,1;4,4;4,2;91;90;91;164;,4;,3;
2026/07/03;2300 UTC;;1014,8;1014,8;1014,7;;5,6;4,2;5,6;5,5;4,3;4,1;93;93;93;139;1,6;,5;
2026/07/04;0000 UTC;;1015,4;1015,4;1015,3;;7,7;1,8;7,7;7,7;1,9;1,7;71;70;71;149;4;1,1;
2026/07/04;0100 UTC;;1015,1;1015,4;1015;;7,1;1,9;7,6;6,7;2,2;1,8;76;71;74;142;4,6;1,6;
2026/07/04;0200 UTC;;1015;1015;1014,9;;4,9;2,6;5;4,8;2,8;2,3;90;87;89;87;1,5;,5;
2026/07/04;0300 UTC;;1014,5;1014,5;1014,5;;4,3;2,2;4,4;4,2;2,4;2;91;88;89;100;1,2;,4;
2026/07/04;0400 UTC;;1014,5;1014,5;1014,5;;3,2;2,8;3,3;3,2;2,9;2,7;98;97;98;194;,8;,2;
2026/07/04;0500 UTC;;1013,8;1013,9;1013,8;;2,8;2,6;2,8;2,7;2,7;2,6;99;99;99;203;1;,7;
2026/07/04;0600 UTC;;1013,3;1013,4;1013,3;;2,2;2,1;2,2;2,1;2,2;2,1;100;100;100;205;,8;,5;
2026/07/04;0700 UTC;;1013;1013,1;1013;;1,7;1,7;1,7;1,7;1,7;1,7;100;100;100;208;1,2;,9;
2026/07/04;0800 UTC;;1012,7;1012,7;1012,7;;1,2;1,2;1,2;1,2;1,2;1,2;100;100;100;133;1;,4;
2026/07/04;0900 UTC;;1012,8;1012,9;1012,8;;1,2;1,2;1,2;1,1;1,2;1,2;100;100;100;296;1,4;,3;
2026/07/04;1000 UTC;;1013,1;1013,1;1013;;2,6;2,4;2,6;2,5;2,6;2,3;100;99;99;117;1,8;1,1;
2026/07/04;1100 UTC;;1013;1013;1012,9;;2;1,8;2;2;1,9;1,8;99;99;99;92;1,7;1;
2026/07/04;1200 UTC;;1012,7;1012,8;1012,7;;6,9;3;6,9;6,8;3,4;2,8;82;80;81;98;3,6;1,9;
2026/07/04;1300 UTC;;1012,4;1012,4;1012,3;;9;3,5;9;9;3,6;3,3;73;71;72;96;5,8;2,6;
2026/07/04;1400 UTC;;1012,6;1012,7;1012,5;;10,5;4,2;10,6;10,4;4,5;4,1;70;67;68;83;4,8;2,4;
2026/07/04;1500 UTC;;;;;;;;;;;;;;;;;;
2026/07/04;1600 UTC;;1010,5;1010,5;1010,4;;13,8;6,4;13,9;13,7;7;6,1;66;62;63;95;2,3;,6;
2026/07/04;1700 UTC;;1009,6;1009,7;1009,6;;13,1;6,2;13,2;13,1;6,4;5,9;66;64;65;302;4,2;1,1;
2026/07/04;1800 UTC;;1008,9;1009;1008,8;;12,8;6,6;12,9;12,8;6,9;6,5;70;68;69;141;2,7;,5;
2026/07/04;1900 UTC;;1009,4;1009,5;1009,3;;12,8;6,8;12,8;12,8;7,2;6,4;72;68;70;276;3,7;,7;
2026/07/04;2000 UTC;;1008,6;1008,8;1008,4;;11,8;7,2;11,8;11,7;7,4;7,1;78;77;77;141;2,2;,8;
2026/07/04;2100 UTC;;1009,1;1009,1;1009;;11,4;7,4;11,4;11,3;7,5;7,3;81;80;80;180;1,3;,5;
2026/07/04;2200 UTC;;1008;1008;1008;;10,8;7,7;10,8;10,8;7,7;7,7;85;84;85;146;1,6;,5;
2026/07/04;2300 UTC;;1009,1;1009,1;1009;;11,3;7,6;11,4;11,3;7,7;7,5;82;80;81;164;1,7;,5;
2026/07/05;0000 UTC;;1008,9;1008,9;1008,8;;11,3;7,7;11,3;11,3;7,8;7,7;83;82;82;100;,7;,3;
2026/07/05;0100 UTC;;1008,9;1009,4;1008,1;;10,7;8,3;11,2;10,1;9;7,7;94;83;88;339;1,8;,3;
2026/07/05;0200 UTC;;1009,6;1009,7;1009,6;;10;8,4;10,1;9,9;8,4;8,3;92;91;92;232;1;,6;
2026/07/05;0300 UTC;;1008,6;1008,7;1008,5;;10,1;8,1;10,2;9,9;8,2;8;91;89;90;62;2,3;,7;
2026/07/05;0400 UTC;;1008,5;1008,5;1008,4;;10,2;8,2;10,2;10,1;8,2;8,1;90;90;90;103;1;,3;
2026/07/05;0500 UTC;;1007,9;1008;1007,9;;8,9;8,1;9;8,9;8,1;8;96;95;96;63;,9;,4;
2026/07/05;0600 UTC;;1008;1008;1007,9;;7,9;7,8;8;7,8;7,9;7,6;100;99;99;63;1,3;,5;
2026/07/05;0700 UTC;;1007,6;1007,7;1007,6;;8,6;7,7;8,7;8,5;7,8;7,7;96;95;96;120;1,3;,6;
2026/07/05;0800 UTC;;1007;1007;1006,9;;8,2;8,1;8,2;8,1;8,2;8,1;100;100;100;79;1;,5;
2026/07/05;0900 UTC;;1006,4;1006,5;1006,4;;9,6;8,5;9,6;9,5;8,6;8,4;95;94;95;83;2,5;1;
2026/07/05;1000 UTC;;1006,5;1006,5;1006,5;;9,3;8;9,4;9,2;8;7,9;94;93;93;97;4,9;,7;
2026/07/05;1100 UTC;;1006,7;1006,8;1006,6;;9,2;8,4;9,3;9,2;8,5;8,3;96;96;96;93;4,3;,9;
2026/07/05;1200 UTC;;1007,1;1007,2;1007,1;;11;8,6;11,1;11;8,8;8,5;89;88;88;93;1,4;,6;
2026/07/05;1300 UTC;;1007,5;1007,5;1007,5;;12,5;9,1;12,6;12,4;9,3;8,9;84;82;83;86;2,2;,6;
2026/07/05;1400 UTC;;1007;1007;1006,9;;15;10;15,1;14,9;10,3;9,8;76;74;75;293;2,4;,6;
2026/07/05;1500 UTC;;1005,9;1006;1005,8;;15,8;10,7;15,9;15,8;10,8;10,6;75;74;74;59;2,3;1;
2026/07/05;1600 UTC;;1005;1005,1;1004,9;;17,1;11,8;17,2;17;12;11,5;74;72;73;45;2,6;1,2;
2026/07/05;1700 UTC;;1004,2;1004,3;1004,2;;17,5;12,2;17,5;17,5;12,5;12;75;72;73;102;1,9;,9;
2026/07/05;1800 UTC;;;;;;;;;;;;;;;;;;
2026/07/05;1900 UTC;;1003,8;1003,9;1003,8;;18,5;13;18,6;18,5;13,2;12,8;73;71;72;243;2,2;1,5;
2026/07/05;2000 UTC;;1004,2;1004,3;1004,2;;17,8;13,8;17,9;17,7;14;13,6;81;78;80;262;1,8;,9;
2026/07/05;2100 UTC;;1005;1005;1005;;16,3;13,5;16,4;16,2;13,7;13,3;87;85;86;242;4;2,6;
2026/07/05;2200 UTC;;1005,3;1005,4;1005,2;;14,8;12,4;14,9;14,7;12,5;12,4;88;88;88;230;1,7;,2;
2026/07/05;2300 UTC;;1006,1;1006,2;1006,1;;14,5;11,9;14,5;14,4;12;11,9;87;87;87;242;1,9;,7;
2026/07/06;0000 UTC;;1006,9;1006,9;1006,9;;13,9;11;13,9;13,9;11,1;10,9;86;85;85;243;3,1;,9;
2026/07/06;0100 UTC;;1007,4;1007,7;1007;;13,5;10,4;13,8;13,4;10,9;10,3;86;83;85;244;3,7;,8;
2026/07/06;0200 UTC;;1008,3;1008,3;1008,3;;13,1;10,6;13,1;13,1;10,6;10,5;87;87;87;239;3,5;,7;
2026/07/06;0300 UTC;;1008,2;1008,3;1008,2;;12,7;10,2;12,7;12,7;10,4;10,1;88;87;88;275;1,1;,3;
2026/07/06;0400 UTC;;1007,9;1007,9;1007,8;;12,4;10,3;12,4;12,4;10,5;10,2;90;89;90;249;1,3;,4;
2026/07/06;0500 UTC;;1008,7;1008,8;1008,7;;12,3;10,2;12,3;12,3;10,3;10,1;90;89;90;241;2,4;,6;
2026/07/06;0600 UTC;;1009;1009;1009;;11,7;9,7;11,7;11,7;9,7;9,6;90;89;90;235;2,4;1,1;
2026/07/06;0700 UTC;;1008,5;1008,5;1008,5;;11,4;9,7;11,4;11,3;9,7;9,7;92;91;92;252;2;,6;
2026/07/06;0800 UTC;;1008,5;1008,6;1008,4;;11,2;9,5;11,2;11,2;9,5;9,5;92;91;92;240;1,8;,9;
2026/07/06;0900 UTC;;1008,6;1008,6;1008,5;;11,1;9,5;11,1;11,1;9,5;9,4;92;92;92;243;1,8;,6;
2026/07/06;1000 UTC;;1008,5;1008,6;1008,4;;10,8;9,4;10,8;10,8;9,4;9,3;93;92;93;232;2,7;,8;
2026/07/06;1100 UTC;;1009,7;1009,7;1009,6;;10,8;9,2;10,8;10,8;9,2;9,1;92;92;92;219;3,3;1,2;
2026/07/06;1200 UTC;;1010,4;1010,4;1010,3;;10,7;8,9;10,7;10,7;9,1;8,8;92;91;91;217;2,3;,9;
2026/07/06;1300 UTC;;1010,9;1010,9;1010,8;;11,1;8,8;11,2;11,1;9;8,7;90;88;89;214;3,6;1,2;
2026/07/06;1400 UTC;;1011,5;1011,5;1011,5;;10,9;8,6;10,9;10,8;8,9;8,2;91;87;88;218;3,4;1,1;
2026/07/06;1500 UTC;;1011,4;1011,4;1011,4;;11,2;8,1;11,3;11,1;8,2;8;85;84;85;237;2,9;1,2;
2026/07/06;1600 UTC;;1011;1011,2;1010,9;;11,7;7,1;11,8;11,6;7,4;6,9;78;76;77;228;3,6;1,5;
2026/07/06;1700 UTC;;1009,8;1009,8;1009,7;;13,1;6,3;13,2;13;6,6;5,9;68;64;66;223;2,9;,8;
2026/07/06;1800 UTC;;;;;;;;;;;;;;;;;;
2026/07/06;1900 UTC;;1009,4;1009,4;1009,3;;13,9;6,1;14;13,8;6,5;5,9;64;60;61;244;3,8;1;
2026/07/06;2000 UTC;;1009,6;1009,6;1009,5;;13,1;5,1;13,1;13,1;5,4;4,8;61;59;60;224;3,4;1,3;
2026/07/06;2100 UTC;;1010,3;1010,3;1010,3;;10,5;5,5;10,7;10,3;5,6;5,4;76;73;75;233;,8;,4;
2026/07/06;2200 UTC;;1010,5;1010,5;1010,4;;7,1;5,2;7,3;7;5,3;5;91;90;90;230;1,8;1,3;
2026/07/06;2300 UTC;;1011;1011,1;1011;;6,3;4,9;6,4;6,2;5;4,9;93;93;93;246;2,8;,5;
2026/07/07;0000 UTC;;1011,5;1011,6;1011,5;;5;4,4;5,1;5;4,5;4,3;98;96;97;280;,8;,3;
2026/07/07;0100 UTC;;;;;;;;;;;;;;;;;;
2026/07/07;0200 UTC;;1012,3;1012,4;1012,3;;3,3;3,2;3,4;3,3;3,3;3,2;100;100;100;271;,5;,2;
2026/07/07;0300 UTC;;1012,6;1012,7;1012,6;;2,7;2,7;2,7;2,6;2,7;2,6;100;100;100;221;,5;,3;
2026/07/07;0400 UTC;;1012,3;1012,3;1012,3;;2,3;2,3;2,3;2,3;2,4;2,3;100;100;100;148;1,7;1,2;
2026/07/07;0500 UTC;;1012;1012,1;1011,8;;4,2;4,2;4,2;4,2;4,3;4,2;100;100;100;100;1,8;,5;
2026/07/07;0600 UTC;;1011,9;1011,9;1011,8;;4,1;4,1;4,1;4;4,2;4,1;100;100;100;124;,8;,4;
2026/07/07;0700 UTC;;1011,6;1011,6;1011,6;;4,1;4,1;4,1;4;4,1;4,1;100;100;100;133;1,3;,9;
2026/07/07;0800 UTC;;1011,3;1011,3;1011,3;;3,6;3,7;3,6;3,6;3,7;3,6;100;100;100;139;1,4;,4;
2026/07/07;0900 UTC;;1011,7;1011,7;1011,6;;3,5;3,6;3,6;3,5;3,6;3,6;100;100;100;132;2,4;1,3;
2026/07/07;1000 UTC;;;;;;;;;;;;;;;;;;
2026/07/07;1100 UTC;;;;;;;;;;;;;;;;;;
2026/07/07;1200 UTC;;1012,5;1012,5;1012,4;;4,5;4,6;4,5;4,5;4,6;4,5;100;100;100;119;2,9;1,6;
2026/07/07;1300 UTC;;1012,9;1012,9;1012,8;;5,6;5,6;5,7;5,5;5,7;5,6;100;100;100;121;2,1;1,3;
2026/07/07;1400 UTC;;1012,5;1012,5;1012,5;;7;6,8;7,1;6,9;6,9;6,6;99;98;99;111;3,5;1,8;
2026/07/07;1500 UTC;;1012;1012;1011,9;;9,8;6,7;10,2;9,6;7,2;6,3;88;82;84;126;2,7;1,1;
2026/07/07;1600 UTC;;1011,2;1011,3;1011,2;;12,4;6,1;12,5;12,4;6,3;5,8;70;67;68;66;2,1;,7;
2026/07/07;1700 UTC;;;;;;;;;;;;;;;;;;
2026/07/07;1800 UTC;;1009,6;1009,6;1009,5;;14,8;4;15;14,5;4,2;3,8;48;45;46;44;3;,7;
2026/07/07;1900 UTC;;1008,8;1008,9;1008,8;;15,1;5,7;15,2;15;6,1;5,4;55;51;53;32;1,6;,5;
2026/07/07;2000 UTC;;1008,6;1008,7;1008,6;;14,6;5,5;14,6;14,6;5,7;5,2;56;53;54;44;2,6;,7;
2026/07/07;2100 UTC;;1008,7;1008,8;1008,7;;11,2;6,9;11,3;11,1;7;6,9;80;78;79;312;3,2;,3;
2026/07/07;2200 UTC;;1009;1009;1008,9;;7,3;5,8;7,6;7,2;6,3;5,3;95;90;93;153;1,7;,5;
2026/07/07;2300 UTC;;1009,2;1009,2;1009,1;;6,6;5,8;6,6;6,6;5,9;5,6;97;95;96;170;2,1;,4;
2026/07/08;0000 UTC;;1009;1009;1009;;5,3;4,8;5,4;5,2;4,9;4,7;98;97;98;141;,7;,5;
2026/07/08;0100 UTC;;1009,3;1009,5;1009;;4,7;4,5;5,6;3,8;5,5;3,4;100;97;99;188;1,8;,6;
2026/07/08;0200 UTC;;1008,9;1008,9;1008,9;;3,8;3,9;3,9;3,8;3,9;3,9;100;100;100;133;1,2;,9;
2026/07/08;0300 UTC;;1008,4;1008,4;1008,4;;4,6;4,6;4,7;4,5;4,7;4,5;100;100;100;86;1,3;,5;
2026/07/08;0400 UTC;;1008,5;1008,5;1008,4;;3,9;3,9;4;3,7;4;3,8;100;100;100;45;1,2;,4;
2026/07/08;0500 UTC;;1008,5;1008,5;1008,4;;4,8;4,9;5,4;4,2;5,5;4,3;100;100;100;45;1,4;1,1;
2026/07/08;0600 UTC;;1008,1;1008,2;1008,1;;3,3;3,3;3,3;3,3;3,3;3,3;100;100;100;28;1,8;1,4;
2026/07/08;0700 UTC;;1007,8;1007,8;1007,8;;3,3;3,4;3,4;3,3;3,4;3,3;100;100;100;76;1,4;,9;
2026/07/08;0800 UTC;;1007,6;1007,7;1007,6;;4;4;4;3,9;4,1;3,9;100;100;100;128;2,9;1,1;
2026/07/08;0900 UTC;;1007,9;1008;1007,9;;2,8;2,8;3;2,7;3;2,7;100;100;100;160;2,1;,8;
2026/07/08;1000 UTC;;1008,4;1008,4;1008,3;;3,5;3,5;3,5;3,5;3,6;3,5;100;100;100;148;1,8;,7;
2026/07/08;1100 UTC;;1008,9;1009;1008,9;;3,1;3,1;3,1;3,1;3,1;3,1;100;100;100;60;1;,6;
2026/07/08;1200 UTC;;1009,2;1009,3;1009,1;;5,6;5,7;5,9;5,5;6;5,5;100;100;100;68;2,5;1,1;
2026/07/08;1300 UTC;;1009,1;1009,2;1009,1;;8;6,1;8,2;8;6,4;5,8;92;89;90;101;3,8;1,9;
2026/07/08;1400 UTC;;1008,8;1008,8;1008,7;;10,8;7,1;11;10,5;7,5;6,8;83;80;82;33;3,4;1,9;
2026/07/08;1500 UTC;;1007,9;1007,9;1007,9;;13,1;7,5;13,1;13;7,6;7,4;72;71;72;29;3,1;,9;
2026/07/08;1600 UTC;;1006,3;1006,3;1006,3;;15;7,9;15,3;14,8;8,3;7,6;67;62;65;50;5,8;,6;
2026/07/08;1700 UTC;;1004,9;1005;1004,9;;17,1;8,9;17,2;16,8;9,2;8,7;61;57;59;126;2,3;,8;
2026/07/08;1800 UTC;;1004,3;1004,3;1004,3;;19;9,1;19,1;18,9;9,4;8,7;51;49;50;86;2,1;,8;
2026/07/08;1900 UTC;;1003,7;1003,7;1003,7;;20,2;9,7;20,2;20,2;9,8;9,5;48;46;47;53;2,6;1,1;
2026/07/08;2000 UTC;;1003,3;1003,3;1003,3;;19,4;9,7;19,5;19,3;9,8;9,7;52;51;52;57;3,5;2,1;
2026/07/08;2100 UTC;;1003,3;1003,3;1003,3;;16,1;9,9;16,4;15,9;10;9,9;70;68;69;126;1,3;,6;
2026/07/08;2200 UTC;;1004,2;1004,3;1004,1;;12,5;9,2;12,6;12,4;9,3;9,1;84;83;84;152;1,9;1,2;
2026/07/08;2300 UTC;;1004,9;1004,9;1004,9;;9,9;8,6;10,1;9,8;8,7;8,5;94;92;94;273;,8;,1;
2026/07/09;0000 UTC;;1005,2;1005,2;1005,2;;8,7;8,4;8,8;8,7;8,4;8,3;98;98;98;228;4,4;,5;
2026/07/09;0100 UTC;;1005,2;1005,4;1005,1;;8;7,7;8,5;7,5;8,3;6,9;100;97;99;193;7,1;,9;
2026/07/09;0200 UTC;;1004,5;1004,5;1004,5;;7,2;7,3;7,3;7,2;7,4;7,2;100;100;100;154;1,1;,5;
2026/07/09;0300 UTC;;1004;1004;1004;;8,8;7,9;8,9;8,8;8;7,8;96;95;95;154;2,3;,7;
2026/07/09;0400 UTC;;1003,9;1003,9;1003,8;;9,1;7,8;9,2;9;8;7,6;94;93;94;125;1,7;,6;
2026/07/09;0500 UTC;;1003,9;1003,9;1003,8;;9,4;7,7;9,5;9,4;7,9;7,5;92;90;91;141;1,6;,6;
2026/07/09;0600 UTC;;1003,8;1003,8;1003,7;;9,2;7,7;9,3;9,2;7,8;7,5;93;92;92;132;1,9;,7;
2026/07/09;0700 UTC;;1003,2;1003,2;1003,2;;8,6;7,6;8,6;8,5;7,6;7,5;95;95;95;157;2;,4;
2026/07/09;0800 UTC;;1003,3;1003,3;1003,3;;7,9;7,9;8;7,8;8;7,8;100;100;100;58;1,5;,6;
2026/07/09;0900 UTC;;1003,5;1003,5;1003,5;;8,4;8;8,4;8,3;8,1;7,9;98;97;98;106;2,1;,9;
2026/07/09;1000 UTC;;1003,9;1003,9;1003,9;;8,9;8;9;8,9;8,2;7,9;96;95;95;104;2;,6;
2026/07/09;1100 UTC;;1004,6;1004,7;1004,6;;10,2;8,5;10,2;10;8,6;8,5;92;91;92;82;1,7;,4;
2026/07/09;1200 UTC;;1004,9;1005;1004,9;;11,5;8,2;11,5;11,5;8,2;8,1;84;83;83;91;2,6;,8;
2026/07/09;1300 UTC;;1005,3;1005,4;1005,3;;12,5;8,6;12,6;12,4;8,7;8,3;81;79;81;93;2,2;,6;
2026/07/09;1400 UTC;;1005,2;1005,2;1005,1;;14,6;8,8;14,6;14,5;9;8,7;72;70;71;105;1,6;,6;
2026/07/09;1500 UTC;;1004,5;1004,5;1004,5;;15,9;9,9;16,1;15,9;10,2;9,7;71;69;70;110;2,3;1,1;
2026/07/09;1600 UTC;;1003,7;1003,7;1003,6;;18,4;10,9;18,5;18,3;11,1;10,8;64;62;63;112;2,7;,9;
2026/07/09;1700 UTC;;1002,7;1002,7;1002,7;;19,7;12,3;19,8;19,6;12,5;12;63;62;63;102;1,7;,8;
2026/07/09;1800 UTC;;1001,9;1001,9;1001,9;;21,4;13,7;21,7;21,3;13,9;13,5;62;60;61;64;2,3;1,3;
2026/07/09;1900 UTC;;1001,4;1001,5;1001,4;;23;14,5;23,1;23;14,6;14,4;58;57;57;97;2,7;1,4;
2026/07/09;2000 UTC;;1001,2;1001,2;1001,1;;22,8;14,9;22,8;22,7;15;14,7;61;60;60;97;2,2;1;
2026/07/09;2100 UTC;;1001,5;1001,5;1001,5;;19,4;15;19,5;19,4;15,1;15;78;78;78;26;1,6;,4;
2026/07/09;2200 UTC;;1001,7;1001,7;1001,7;;17,4;14,5;17,6;17,3;14,7;14,4;87;84;86;138;1,4;,8;
2026/07/09;2300 UTC;;1001,8;1001,8;1001,7;;17,7;14,2;17,7;17,6;14,3;14,2;83;83;83;137;2;,8;
2026/07/10;0000 UTC;;1001,8;1001,8;1001,7;;15,9;14;15,9;15,9;14,1;14;91;91;91;154;,9;,4;
2026/07/10;0100 UTC;;1001,9;1002;1001,7;;15;13,8;16,1;14,4;14,2;13,4;96;90;94;154;1,4;,8;
2026/07/10;0200 UTC;;1002,2;1002,3;1002,2;;14;13,5;14;14;13,7;13,5;98;97;98;155;1;,4;
2026/07/10;0300 UTC;;1002,5;1002,5;1002,5;;13,5;13,2;13,5;13,5;13,3;13,2;99;98;99;69;1,2;,3;
2026/07/10;0400 UTC;;1002,6;1002,7;1002,6;;14;13,8;14;14;13,8;13,7;99;99;99;54;,6;,3;
2026/07/10;0500 UTC;;1001,8;1001,9;1001,8;;13,4;13,4;13,4;13,3;13,5;13,4;100;100;100;227;1,9;,5;
2026/07/10;0600 UTC;;1001,9;1002;1001,9;;12,9;12,9;12,9;12,8;13;12,8;100;100;100;202;3,5;,8;
2026/07/10;0700 UTC;;1002;1002;1001,9;;13,8;13,8;13,9;13,7;13,9;13,7;100;100;100;195;1,3;,4;
2026/07/10;0800 UTC;;1000,9;1001;1000,8;;13,6;13,5;13,6;13,6;13,6;13,5;100;100;100;333;2,6;,8;
2026/07/10;0900 UTC;;1000,9;1000,9;1000,8;;13,3;13,2;13,3;13,3;13,2;13,1;99;99;99;272;1,8;,8;
2026/07/10;1000 UTC;;1000,9;1000,9;1000,9;;13,3;13,2;13,4;13,3;13,3;13,1;100;99;99;249;3;1,1;
2026/07/10;1100 UTC;;1001,1;1001,2;1001,1;;13,4;13;13,4;13,3;13,1;13;98;98;98;129;2,8;,7;
2026/07/10;1200 UTC;;1001,4;1001,4;1001,3;;14,7;13,7;14,9;14,7;13,9;13,7;95;95;95;103;1,5;,6;
2026/07/10;1300 UTC;;1001;1001,1;1001;;18,2;14,5;18,4;17,9;14,5;14,4;83;81;81;104;1,6;,7;
2026/07/10;1400 UTC;;1001,2;1001,2;1001,1;;18,7;15,2;18,8;18,6;15,3;15,1;82;82;82;94;1,8;,7;
2026/07/10;1500 UTC;;1000,4;1000,5;1000,4;;19,3;15,7;19,4;19,3;16;15,6;83;81;82;82;2,3;,7;
2026/07/10;1600 UTC;;999,4;999,5;999,3;;18,8;16,6;18,9;18,7;16,8;16,4;90;88;89;66;2,1;,9;
2026/07/10;1700 UTC;;;;;;;;;;;;;;;;;;
2026/07/10;1800 UTC;;997,7;997,7;997,6;;18,9;18,3;18,9;18,8;18,3;18,2;97;97;97;179;,4;0;
2026/07/10;1900 UTC;;;;;;;;;;;;;;;;;;
2026/07/10;2000 UTC;;997,3;997,4;997,3;;20;18,4;20;20;18,5;18,4;93;92;92;62;3,5;1,1;
2026/07/10;2100 UTC;;997,4;997,5;997,4;;19,5;18,5;19,5;19,5;18,6;18,5;95;95;95;99;1,8;,6;
2026/07/10;2200 UTC;;997,6;997,7;997,6;;19,1;18,4;19,1;19,1;18,4;18,3;96;96;96;119;1,5;,7;
2026/07/10;2300 UTC;;998;998,1;998;;18,4;18;18,5;18,4;18;18;98;98;98;166;1,9;,7;
2026/07/11;0000 UTC;;997,8;997,9;997,7;;18,4;17,8;18,4;18,3;17,8;17,8;97;97;97;91;2;,6;
2026/07/11;0100 UTC;;997,7;998;997,5;;17,9;17,5;18,5;17,6;17,7;17,2;99;96;98;111;2,3;,7;
2026/07/11;0200 UTC;;997,9;997,9;997,8;;18,1;17,6;18,1;18,1;17,6;17,6;98;98;98;87;1,4;,6;
2026/07/11;0300 UTC;;997,4;997,4;997,3;;18;17,4;18,1;17,9;17,5;17,3;97;97;97;75;1;,4;
2026/07/11;0400 UTC;;997,1;997,1;997,1;;17,3;17,1;17,4;17,2;17,1;17;99;99;99;139;1,4;,7;
2026/07/11;0500 UTC;;997,1;997,2;997,1;;17,4;17,3;17,4;17,4;17,4;17,3;100;99;99;56;2;,9;
2026/07/11;0600 UTC;;996,9;997;996,9;;17,4;17,3;17,4;17,3;17,4;17,3;100;100;100;169;1,9;,7;
2026/07/11;0700 UTC;;997,1;997,1;997;;17,2;17,1;17,3;17,2;17,2;17;99;99;99;190;1,1;,6;
2026/07/11;0800 UTC;;996,9;996,9;996,8;;16,9;17;17;16,9;17;16,9;100;100;100;155;1,1;,6;
2026/07/11;0900 UTC;;997,1;997,1;997;;16,1;16,2;16,3;16;16,3;16,1;100;100;100;9;,7;,4;
2026/07/11;1000 UTC;;997,4;997,4;997,3;;15,5;15,5;15,7;15,3;15,8;15,3;100;100;100;248;1,6;1,2;
2026/07/11;1100 UTC;;998,3;998,3;998,3;;14,8;14,9;15;14,7;15;14,7;100;100;100;15;1,3;,9;
2026/07/11;1200 UTC;;998,9;999;998,8;;16,4;16,5;16,4;16,4;16,5;16,4;100;100;100;344;1,3;,9;
2026/07/11;1300 UTC;;999,8;999,8;999,8;;16,9;16,9;16,9;16,9;17;16,9;100;100;100;247;2;,8;
2026/07/11;1400 UTC;;999,8;999,8;999,7;;17,7;17,3;17,7;17,6;17,4;17,3;98;98;98;304;1,9;1,1;
2026/07/11;1500 UTC;;999,4;999,4;999,3;;19,4;17,9;19,5;19,4;18,1;17,8;93;91;92;315;1,7;,6;
2026/07/11;1600 UTC;;998,7;998,7;998,5;;20,8;18,2;20,9;20,8;18,5;18,1;88;86;87;13;4,5;2,8;
2026/07/11;1700 UTC;;;;;;;;;;;;;;;;;;
2026/07/11;1800 UTC;;998,4;998,4;998,4;;22,1;18,8;22,2;22,1;19;18,7;84;82;83;229;4,1;2,1;
2026/07/11;1900 UTC;;998,8;998,8;998,8;;21,8;18,1;22,3;21,4;18,4;17,8;83;80;81;208;5,8;2,3;
2026/07/11;2000 UTC;;999,2;999,3;999,2;;21,6;16,4;21,7;21,6;16,5;16,3;75;74;74;220;7,1;4;
2026/07/11;2100 UTC;;1000,3;1000,4;1000,2;;20,4;15,8;20,4;20,3;15,8;15,7;78;76;77;216;6,7;3,1;
2026/07/11;2200 UTC;;1001,2;1001,3;1001,2;;18,5;14,6;18,6;18,4;14,7;14,5;81;81;81;198;5,4;3,2;
2026/07/11;2300 UTC;;1001,9;1002;1001,9;;17,4;14,2;17,4;17,3;14,2;14,2;85;84;84;206;3,6;1,9;
2026/07/12;0000 UTC;;1002,4;1002,4;1002,4;;15,7;14,1;15,7;15,7;14,2;14,1;92;92;92;222;2,9;1,7;
2026/07/12;0100 UTC;;1002,8;1002,9;1002,4;;15,4;13,9;15,6;15;14,3;13,6;95;90;92;208;2,9;1,5;
2026/07/12;0200 UTC;;1003,5;1003,6;1003,4;;13;12,7;13,1;12,9;12,7;12,6;98;98;98;248;1,2;,5;
2026/07/12;0300 UTC;;1003,9;1004;1003,9;;12,1;12,1;12,2;12;12,2;12;100;100;100;267;4,8;2,8;
2026/07/12;0400 UTC;;1003,9;1004;1003,9;;10,6;10,6;10,6;10,6;10,6;10,6;100;100;100;247;2,2;,2;
2026/07/12;0500 UTC;;1004,3;1004,3;1004,3;;11,9;12;12;11,9;12,1;11,9;100;100;100;247;1,3;,3;
2026/07/12;0600 UTC;;1004,2;1004,2;1004,2;;11,1;11,2;11,2;11,1;11,2;11,2;100;100;100;212;1;,6;
2026/07/12;0700 UTC;;1004,5;1004,5;1004,5;;11,7;11,8;11,7;11,7;11,8;11,8;100;100;100;265;1,6;,8;
2026/07/12;0800 UTC;;1005;1005;1005;;12,2;12,2;12,2;12,2;12,2;12,2;100;100;100;229;2,5;,6;
2026/07/12;0900 UTC;;1005,8;1005,9;1005,8;;12,7;12,8;12,8;12,7;12,8;12,8;100;100;100;248;1,4;,5;
2026/07/12;1000 UTC;;1006,4;1006,4;1006,4;;12,7;11,8;12,8;12,7;11,9;11,6;96;95;95;221;3,1;1;
2026/07/12;1100 UTC;;1007,5;1007,6;1007,5;;12,2;10,7;12,3;12,2;10,8;10,7;93;92;93;215;3,7;1,2;
2026/07/12;1200 UTC;;1008,4;1008,4;1008,3;;12,2;10,5;12,3;12,2;10,9;10,1;93;89;92;211;3,8;,9;
2026/07/12;1300 UTC;;1009,5;1009,5;1009,4;;12,7;10,8;12,7;12,6;10,9;10,7;91;90;90;228;2;,5;
2026/07/12;1400 UTC;;1009,6;1009,6;1009,6;;13,1;10,2;13,2;13,1;10,4;10;87;84;85;218;4,8;1,6;
2026/07/12;1500 UTC;;1009,4;1009,5;1009,4;;13,9;10,1;14;13,8;10,3;9,8;82;80;81;220;5,1;2,1;
2026/07/12;1600 UTC;;1009;1009,1;1009;;13,7;9,6;13,8;13,7;9,8;9,2;80;77;79;232;4,9;2,2;
2026/07/12;1700 UTC;;1008,7;1008,7;1008,6;;14;9;14,1;14;9,2;8,8;76;74;75;202;4;1,3;
2026/07/12;1800 UTC;;1008,7;1008,7;1008,6;;14,4;8,5;14,4;14,3;8,6;8,4;71;70;71;218;5,3;2,9;
2026/07/12;1900 UTC;;1008,5;1008,6;1008,5;;14,3;8,8;14,5;14,2;9,1;8,4;74;70;72;223;3,3;1,9;
2026/07/12;2000 UTC;;1009,1;1009,1;1009;;13,5;8,1;13,6;13,4;8,3;7,9;74;72;73;234;6,8;3,3;
2026/07/12;2100 UTC;;;;;;;;;;;;;;;;;;
2026/07/12;2200 UTC;;1010;1010,1;1010;;9,4;8,5;9,4;9,3;8,6;8,4;96;95;96;259;2,5;,4;
2026/07/12;2300 UTC;;1010,6;1010,6;1010,6;;8,1;7,7;8,1;8,1;7,7;7,7;98;98;98;232;,5;,2;
2026/07/13;0000 UTC;;1010,9;1010,9;1010,9;;7,6;7,5;7,8;7,3;7,7;7;100;98;99;228;4,3;,6;
2026/07/13;0100 UTC;;1011;1011,1;1010,8;;8,2;7,2;9,2;7,4;7,8;6,5;99;90;95;237;2,2;,4;
2026/07/13;0200 UTC;;1011,4;1011,4;1011,4;;6,7;6,7;6,7;6,7;6,7;6,7;100;100;100;118;2;,3;
2026/07/13;0300 UTC;;1011,2;1011,2;1011,1;;6,9;7;7,1;6,8;7,1;6,8;100;100;100;178;1,7;,4;
2026/07/13;0400 UTC;;1011;1011;1010,9;;6,5;6,5;6,5;6,5;6,6;6,5;100;100;100;33;2;,2;
2026/07/13;0500 UTC;;1010,7;1010,7;1010,7;;5,3;5,4;5,4;5,3;5,4;5,4;100;100;100;249;,4;,3;
2026/07/13;0600 UTC;;1010,9;1010,9;1010,9;;4,3;4,3;4,3;4,3;4,4;4,3;100;100;100;296;,5;,1;
2026/07/13;0700 UTC;;1011;1011;1011;;4,2;4,3;4,2;4,2;4,3;4,2;100;100;100;174;1;,7;
2026/07/13;0800 UTC;;1011,1;1011,1;1011,1;;3,9;4;4;3,9;4;3,9;100;100;100;42;1,2;,7;
2026/07/13;0900 UTC;;1011,1;1011,1;1011,1;;5,6;5,6;5,6;5,5;5,6;5,6;100;100;100;259;,7;,2;
2026/07/13;1000 UTC;;1011,4;1011,4;1011,3;;6,6;6,6;6,6;6,5;6,6;6,6;100;100;100;345;,4;,2;
2026/07/13;1100 UTC;;1011,5;1011,5;1011,4;;7,2;7,2;7,2;7,1;7,2;7,2;100;100;100;295;1;,3;
2026/07/13;1200 UTC;;1011,9;1011,9;1011,9;;8,3;8,4;8,4;8,2;8,5;8,3;100;100;100;329;1;,5;
2026/07/13;1300 UTC;;1012,5;1012,5;1012,4;;10,3;8,9;10,4;10,1;9;8,8;94;92;93;87;2,1;1,2;
2026/07/13;1400 UTC;;1012,5;1012,5;1012,5;;11,9;7,4;12;11,8;7,8;7;80;75;78;121;1,7;,7;
2026/07/13;1500 UTC;;1012,3;1012,4;1012,3;;12,4;6,9;12,7;12,3;7,4;6,6;73;71;72;87;2,2;,6;
2026/07/13;1600 UTC;;1011;1011,1;1010,9;;14,3;7,3;14,4;14,2;7,7;6,9;67;63;65;112;3,2;1,1;
2026/07/13;1700 UTC;;;;;;;;;;;;;;;;;;
2026/07/13;1800 UTC;;1009;1009;1009;;16;8,5;16,1;15,8;8,7;8;64;60;62;109;2,4;,9;
2026/07/13;1900 UTC;;1008,7;1008,7;1008,7;;15,8;8,2;15,8;15,7;8,3;8;63;61;62;52;1,7;,4;
2026/07/13;2000 UTC;;1008,5;1008,5;1008,5;;15,3;8,2;15,4;15,3;8,3;8,1;65;64;64;85;1,6;,4;
2026/07/13;2100 UTC;;1008,9;1008,9;1008,9;;13,1;8,2;13,2;13;8,3;8,1;76;75;75;274;4;3,6;
2026/07/13;2200 UTC;;1009,5;1009,5;1009,5;;9;8;9,1;8,9;8,2;7,8;95;94;95;191;1,4;,4;
2026/07/13;2300 UTC;;1009,7;1009,7;1009,7;;9,3;8,5;9,4;9,2;8,5;8,3;96;95;96;3;6,1;,5;
2026/07/14;0000 UTC;;1009,8;1009,8;1009,8;;7,5;7,3;7,6;7,5;7,3;7,2;99;99;99;214;1;,3;
2026/07/14;0100 UTC;;1009,8;1009,9;1009,7;;8,6;7,8;9,9;7,2;8,7;6,8;100;90;96;76;5,5;,6;
2026/07/14;0200 UTC;;1009,4;1009,4;1009,3;;9,4;7,2;9,4;9,3;7,3;7,2;89;89;89;121;6,8;,4;
2026/07/14;0300 UTC;;1009,1;1009,1;1009,1;;9,1;7;9,2;9,1;7;6,9;89;89;89;57;1,4;,4;
2026/07/14;0400 UTC;;1008,9;1009;1008,9;;8,2;6,5;8,4;8;6,6;6,4;93;90;91;115;1,5;,3;
2026/07/14;0500 UTC;;1008,9;1008,9;1008,8;;6,2;6,2;6,3;6;6,3;6,1;100;100;100;66;1,7;,5;
2026/07/14;0600 UTC;;1008,5;1008,6;1008,5;;5,6;5,6;5,6;5,5;5,7;5,5;100;100;100;96;1,9;,7;
2026/07/14;0700 UTC;;1007,6;1007,7;1007,6;;6,5;6,5;6,5;6,4;6,5;6,5;100;100;100;31;1,5;,6;
2026/07/14;0800 UTC;;1007,1;1007,1;1007;;6,5;6,3;6,5;6,4;6,3;6,2;99;99;99;119;1,4;,7;
2026/07/14;0900 UTC;;1007,2;1007,2;1007,2;;6,9;6,2;7;6,8;6,3;6;97;96;97;115;1,7;,5;
2026/07/14;1000 UTC;;1007,6;1007,6;1007,6;;6,4;6,4;6,6;6,3;6,6;6,2;100;100;100;37;1,1;,3;
2026/07/14;1100 UTC;;1008,1;1008,2;1008,1;;6,2;6,2;6,2;6,1;6,3;6,1;100;100;100;104;1,3;,6;
2026/07/14;1200 UTC;;1008,4;1008,4;1008,4;;9,8;7,3;9,8;9,7;7,5;7,2;89;87;88;56;3,1;1,7;
2026/07/14;1300 UTC;;1008,8;1008,8;1008,7;;11,7;7,9;11,8;11,6;8,2;7,7;82;80;81;42;3,3;1,1;
2026/07/14;1400 UTC;;1008,4;1008,4;1008,3;;13,4;8,5;13,5;13,2;9,1;8,2;78;74;75;55;4;1,1;
2026/07/14;1500 UTC;;1007,8;1007,8;1007,8;;15,3;9;15,4;15,1;9,4;8,8;70;67;69;30;6,1;2,5;
2026/07/14;1600 UTC;;1006,6;1006,6;1006,6;;17,4;10,4;17,7;17;10,7;10,1;66;64;65;82;3,1;1,2;
2026/07/14;1700 UTC;;1005,3;1005,3;1005,2;;19;11,1;19,1;18,9;11,3;10,9;61;60;61;110;3;1,1;
2026/07/14;1800 UTC;;1004,5;1004,5;1004,4;;20,3;11,9;20,4;20,2;12,2;11,7;59;57;58;90;2,6;,4;
2026/07/14;1900 UTC;;1003,9;1004;1003,9;;21,3;12,4;21,4;21,2;12,8;12,3;57;54;56;114;2,3;1,1;
2026/07/14;2000 UTC;;1003,9;1003,9;1003,9;;21,1;12,6;21,2;21,1;12,8;12,5;59;57;58;64;2,4;1;
2026/07/14;2100 UTC;;1004,2;1004,2;1004,2;;18,6;11,8;18,6;18,5;11,9;11,8;66;66;66;72;2,3;1,1;
2026/07/14;2200 UTC;;1004,7;1004,7;1004,6;;14,2;11,4;14,4;14,1;11,5;11,4;87;85;86;111;1,5;,6;
2026/07/14;2300 UTC;;1004,9;1004,9;1004,9;;13,5;10,7;13,7;13,3;10,9;10,5;87;85;86;118;1,4;,6;
2026/07/15;0000 UTC;;1004,8;1004,9;1004,8;;11;10,5;11,1;10,9;10,9;10,3;99;97;98;275;5,4;4,8;
2026/07/15;0100 UTC;;1004,8;1004,9;1004,6;;11,7;11,1;13,3;11;11,7;10,3;99;89;97;83;5;1;
2026/07/15;0200 UTC;;1004,6;1004,6;1004,5;;14,1;10,6;14,2;14;10,7;10,6;83;82;83;62;2,2;1,1;
2026/07/15;0300 UTC;;1004,4;1004,4;1004,3;;13,7;10,5;13,8;13,7;10,6;10,5;84;84;84;114;1,6;,9;
2026/07/15;0400 UTC;;1004,2;1004,2;1004,1;;12,6;10,2;12,7;12,5;10,2;10,1;88;87;88;116;3,2;1,2;
2026/07/15;0500 UTC;;1004;1004;1004;;13,1;9,9;13,2;13;9,9;9,8;84;83;84;86;3,8;1,8;
2026/07/15;0600 UTC;;1003,6;1003,6;1003,5;;13,3;9,3;13,4;13,3;9,4;9,3;80;80;80;95;3,4;1,5;
2026/07/15;0700 UTC;;1003,3;1003,3;1003,2;;12,9;8,8;13;12,7;8,9;8,8;80;79;80;314;2,9;1,2;
2026/07/15;0800 UTC;;1003,3;1003,3;1003,3;;12,2;8,7;12,3;12,2;8,7;8,7;83;82;83;324;2,9;2;
2026/07/15;0900 UTC;;1003,7;1003,7;1003,6;;11;8,6;11,1;11;8,7;8,6;89;88;88;350;3,8;,5;
2026/07/15;1000 UTC;;1004,1;1004,1;1004,1;;10,6;8,3;10,7;10,5;8,4;8,3;90;88;89;342;1,3;,3;
2026/07/15;1100 UTC;;1004,6;1004,6;1004,6;;11,1;8,7;11,2;11;8,7;8,6;88;87;88;23;1,2;,5;
2026/07/15;1200 UTC;;1004,6;1004,6;1004,6;;13,5;9,4;13,6;13,3;9,7;9,1;82;79;80;50;1,8;,5;
2026/07/15;1300 UTC;;1004,8;1004,8;1004,8;;15,3;10,1;15,5;15,1;10,4;9,9;75;72;74;59;3,8;1;
2026/07/15;1400 UTC;;1004,5;1004,5;1004,4;;17,4;11;17,6;17,2;11,1;10,8;69;67;68;87;3,2;,9;
2026/07/15;1500 UTC;;1003,6;1003,6;1003,6;;19,7;12,3;19,9;19,6;12,4;12,2;64;62;63;82;2;,4;
2026/07/15;1600 UTC;;1002,2;1002,2;1002,1;;22,6;14;22,9;22,3;14,2;13,6;59;56;57;73;3,7;1,7;
2026/07/15;1700 UTC;;1000,9;1000,9;1000,8;;24,9;13,7;25,1;24,7;14,2;13,4;46;43;44;33;7,1;3,1;
2026/07/15;1800 UTC;;999,9;1000;999,9;;25,7;13,4;25,7;25,6;13,7;13,2;40;37;39;32;6;2,8;
2026/07/15;1900 UTC;;999,1;999,1;999,1;;25,4;13,4;25,5;25,4;13,5;13,2;41;39;40;48;6,7;3,4;
2026/07/15;2000 UTC;;998,7;998,7;998,7;;24,6;13,2;24,7;24,6;13,4;13,1;44;43;43;54;5,7;2,8;
2026/07/15;2100 UTC;;999;999;999;;22,7;12,5;22,8;22,5;12,6;12,4;50;48;49;75;2,9;1,3;
2026/07/15;2200 UTC;;999,3;999,3;999,3;;20,7;11,6;20,8;20,7;11,7;11,5;55;54;55;87;3,1;1,3;
2026/07/15;2300 UTC;;999,5;999,5;999,5;;20,1;11,5;20,1;20;11,5;11,4;58;57;57;98;1,4;,1;
2026/07/16;0000 UTC;;999,4;999,4;999,3;;19,1;10,9;19,1;19;11;10,9;60;59;59;231;1,6;,1;
2026/07/16;0100 UTC;;999,2;999,4;998,9;;19,5;10,8;20;18,9;11;10,7;60;54;57;52;2,7;,1;
2026/07/16;0200 UTC;;999,1;999,1;999,1;;19,4;10,9;19,5;19,4;11;10,8;58;57;57;84;1,9;,1;
2026/07/16;0300 UTC;;999,1;999,2;999,1;;19,3;10,9;19,4;19,2;11;10,8;58;57;58;62;3;1,2;
2026/07/16;0400 UTC;;999,2;999,2;999,2;;18,2;10,6;18,3;18,2;10,7;10,6;62;61;62;87;2,2;1,1;
2026/07/16;0500 UTC;;999,5;999,6;999,5;;18,4;10,4;18,4;18,3;10,4;10,4;61;60;60;88;2,4;1,2;
2026/07/16;0600 UTC;;999,8;999,9;999,8;;17,6;10,1;17,7;17,5;10,3;10,1;63;62;63;78;2,7;1,4;
2026/07/16;0700 UTC;;999,7;999,7;999,7;;17,8;10,1;17,9;17,8;10,1;10,1;62;61;61;71;3,1;1,5;
2026/07/16;0800 UTC;;999,8;999,8;999,7;;17,3;10,1;17,4;17,3;10,2;10,1;65;64;64;73;2,9;1,4;
2026/07/16;0900 UTC;;999,9;999,9;999,9;;17,1;10,1;17,2;17,1;10,2;10,1;65;65;65;70;3,9;1,6;
2026/07/16;1000 UTC;;1000,3;1000,4;1000,3;;16,9;10,1;17;16,9;10,2;10,1;66;66;66;72;2,9;1,4;
2026/07/16;1100 UTC;;1000,7;1000,7;1000,7;;16,9;10,2;16,9;16,8;10,2;10,2;67;66;67;73;3;1,1;
2026/07/16;1200 UTC;;1000,9;1000,9;1000,8;;18,6;11,1;18,7;18,5;11,2;11,1;63;62;63;74;2,5;1,2;
2026/07/16;1300 UTC;;1000,9;1000,9;1000,8;;20,7;12,4;20,8;20,5;12,6;12,3;60;58;59;82;3,1;,6;
2026/07/16;1400 UTC;;1000,2;1000,3;1000,2;;22,7;13,4;22,9;22,6;13,6;13,3;54;53;53;56;5;2,6;
2026/07/16;1500 UTC;;999,1;999,2;999;;25,9;15,8;26,1;25,5;16;15,3;51;49;50;114;4,4;1,5;
2026/07/16;1600 UTC;;997,4;997,4;997,2;;28,5;17;28,9;28,3;17,1;16,8;43;39;42;40;7,9;3,7;
2026/07/16;1700 UTC;;995,8;995,9;995,7;;30;17,2;30;29,9;17,4;16,9;37;35;36;15;13,3;6,5;
2026/07/16;1800 UTC;;994,9;995;994,8;;29,9;17,2;29,9;29,8;17,3;17,1;37;36;37;18;12,7;7,1;
2026/07/16;1900 UTC;;993,8;993,9;993,8;;29,8;17,1;29,8;29,8;17,3;17;38;36;37;13;11,1;5,9;
2026/07/16;2000 UTC;;993,1;993,2;993,1;;29,2;17;29,2;29,1;17;16,9;39;38;39;40;8,4;4;
2026/07/16;2100 UTC;;993,1;993,2;993,1;;27,8;16,3;27,8;27,7;16,3;16,2;42;42;42;41;6;3,1;
2026/07/16;2200 UTC;;993,1;993,1;993,1;;26,7;15,8;26,8;26,6;15,8;15,7;46;45;45;49;6,2;3,8;
2026/07/16;2300 UTC;;993,1;993,2;993,1;;26,3;15,7;26,4;26,2;15,7;15,6;47;47;47;46;6,1;3,2;
2026/07/17;0000 UTC;;993,8;993,8;993,7;;25,4;15,4;25,5;25,4;15,4;15,3;50;50;50;47;4,2;2,3;
2026/07/17;0100 UTC;;993,6;993,7;993,3;;24,9;15,2;25,1;24,5;15,4;15,1;53;51;52;45;4,8;2,5;
2026/07/17;0200 UTC;;993,2;993,2;993,2;;25,2;15,5;25,3;25,1;15,5;15,4;52;51;52;51;6;3,2;
2026/07/17;0300 UTC;;993;993;993;;25,3;15,9;25,4;25,3;15,9;15,8;53;53;53;43;4,9;2,5;
2026/07/17;0400 UTC;;992,9;993;992,8;;27,3;17;27,4;27,3;17,1;17;49;48;48;21;11,4;6,9;
2026/07/17;0500 UTC;;993;993;992,9;;27,1;17,2;27,2;27,1;17,2;17,1;50;50;50;18;9,2;5,8;
2026/07/17;0600 UTC;;992,9;992,9;992,8;;27,2;17,4;27,2;27,1;17,4;17,3;51;51;51;14;10,6;5,7;
2026/07/17;0700 UTC;;992,8;992,8;992,7;;26,9;17,4;26,9;26,8;17,5;17,4;53;53;53;13;9;5;
2026/07/17;0800 UTC;;992,6;992,6;992,5;;26,5;17,3;26,5;26,4;17,4;17,3;55;54;54;16;9,4;5,4;
2026/07/17;0900 UTC;;992,5;992,6;992,4;;26,3;17,3;26,5;26,2;17,4;17,2;55;54;55;16;9,6;5,1;
2026/07/17;1000 UTC;;992,9;993;992,8;;25,7;17,1;25,8;25,7;17,2;17,1;57;57;57;20;7,5;5,4;
2026/07/17;1100 UTC;;993,4;993,5;993,3;;25,7;17,1;25,8;25,6;17,2;17;58;57;57;19;10,6;6,1;
2026/07/17;1200 UTC;;993,5;993,6;993,4;;26,6;17,6;26,7;26,6;17,7;17,5;55;55;55;19;10,9;6,2;
2026/07/17;1300 UTC;;993,3;993,4;993,2;;28;18,5;28,1;28;18,6;18,4;53;52;52;13;10,9;6,5;
2026/07/17;1400 UTC;0;993,1;993,1;992,9;;29,5;19,5;29,5;29,4;19,7;19,3;51;49;50;15;12,3;7;
2026/07/17;1500 UTC;0;992;992,1;991,7;;30,5;20,3;30,6;30,4;20,4;20,3;50;49;49;9;12,2;6,7;
2026/07/17;1600 UTC;0;990,7;990,8;990,4;;31,6;21,3;31,7;31,6;21,4;21,2;49;47;48;16;18,4;8,1;
2026/07/17;1700 UTC;0;989,3;989,5;989,2;;32,2;21,7;32,2;32,1;21,7;21,6;48;47;47;0;13,2;4,4;
2026/07/17;1800 UTC;0;988,8;989;988,8;;31,6;21,4;31,7;31,5;21,5;21,3;49;49;49;11;16,5;6,3;
2026/07/17;1900 UTC;0;988,3;988,4;988,2;;31,4;21,5;31,4;31,4;21,6;21,4;51;50;50;17;11,2;7,4;
2026/07/17;2000 UTC;0;988,4;988,4;988,3;;30,6;21,2;30,6;30,5;21,3;21,2;54;53;53;22;8,8;4,4;
2026/07/17;2100 UTC;0;989,2;989,3;989,2;;29,1;20,8;29,2;29,1;20,8;20,7;59;58;58;23;7,6;4,6;
2026/07/17;2200 UTC;0;989,9;989,9;989,8;;28,7;20,8;28,9;28,6;20,9;20,7;61;59;60;26;6,2;1,7;
2026/07/17;2300 UTC;0;990,5;990,5;990,4;;28,4;20,8;28,4;28,3;20,8;20,7;62;62;62;31;4,6;1,4;
2026/07/18;0000 UTC;0;990,4;990,5;990,4;;28,3;20,8;28,4;28,3;20,9;20,8;63;62;63;21;5,2;3,5;
2026/07/18;0100 UTC;0;990,7;991;990,4;;28,5;20,8;29;28,1;20,9;20,7;63;59;61;14;10,7;5;
2026/07/18;0200 UTC;0;991,5;991,5;991,4;;28,8;20,6;28,9;28,8;20,6;20,5;59;58;59;16;10,3;4,2;
2026/07/18;0300 UTC;0;991,7;991,7;991,6;;28,6;20,3;28,7;28,5;20,3;20,2;59;58;58;16;9,3;4,8;
2026/07/18;0400 UTC;0;991,9;991,9;991,9;;28,4;20,1;28,4;28,4;20,1;20;58;58;58;15;10,6;5;
2026/07/18;0500 UTC;0;991,8;991,9;991,7;;28,3;19,9;28,3;28,2;19,9;19,8;58;58;58;12;10;5,1;
2026/07/18;0600 UTC;0;991,4;991,5;991,4;;27,8;19,3;27,8;27,7;19,4;19,3;58;57;58;10;13,2;5,8;
2026/07/18;0700 UTC;0;990,9;991;990,8;;27,1;18,7;27,2;27;18,7;18,5;58;57;58;27;9,6;4,8;
2026/07/18;0800 UTC;0;990,7;990,8;990,6;;27,1;18,2;27,2;26,9;18,3;18,1;56;55;56;20;12,6;5,1;
2026/07/18;0900 UTC;0;991,1;991,2;991,1;;26,8;18;26,9;26,7;18,1;18;56;56;56;31;6,9;3,4;
2026/07/18;1000 UTC;0;991,1;991,1;991;;26,4;17,9;26,4;26,3;17,9;17,8;58;57;58;26;7,2;4,4;
2026/07/18;1100 UTC;0;991,2;991,2;991,1;;26,2;17,7;26,3;26,1;17,8;17,7;58;57;58;37;8,8;4,3;
2026/07/18;1200 UTC;0;991,2;991,2;991,1;;27;18,2;27,2;26,9;18,3;18,2;56;56;56;24;10;4,8;
2026/07/18;1300 UTC;0;991,6;991,6;991,4;;28,9;19,5;28,9;28,8;19,6;19,4;54;53;53;3;11;5,4;
2026/07/18;1400 UTC;0;991,4;991,5;991,2;;30;20,4;30,1;29,9;20,5;20,2;53;51;52;359;12,7;6,7;
2026/07/18;1500 UTC;0;990,6;990,7;990,5;;30,2;20,5;30,2;30,1;20,7;20,5;52;51;52;6;13,4;7,3;
2026/07/18;1600 UTC;0;990,3;990,4;990,3;;29,8;20,7;29,8;29,8;20,9;20,6;55;54;55;356;8;3,2;
2026/07/18;1700 UTC;0;989,3;989,4;989,2;;30,8;21;30,8;30,8;21;20,9;51;51;51;350;15,3;6,4;
2026/07/18;1800 UTC;0;988,8;988,9;988,6;;30,9;21,3;30,9;30,8;21,4;21,2;52;52;52;355;10,6;3,9;
2026/07/18;1900 UTC;0;987,9;988;987,8;;31,5;21,6;31,6;31,4;21,8;21,5;52;50;51;0;10,6;5,4;
2026/07/18;2000 UTC;0;987,7;987,8;987,7;;31;21,4;31,2;30,9;21,6;21,3;52;51;52;20;6,7;3,8;
2026/07/18;2100 UTC;0;988,6;988,8;988,6;;29,1;19,9;29,2;29;20;19,8;54;54;54;34;5,9;2,8;
2026/07/18;2200 UTC;0;989,8;989,8;989,7;;28;19,6;28,1;28;19,7;19,5;58;57;58;90;2,2;,8;
2026/07/18;2300 UTC;0;990,2;990,2;990,1;;27,5;19,3;27,6;27,5;19,4;19,2;59;59;59;65;4;1,6;
2026/07/19;0000 UTC;0;990,2;990,3;990,1;;27,5;19;27,6;27,4;19;18,9;58;57;57;49;4,2;2;
2026/07/19;0100 UTC;0;990,6;990,8;990,3;;27,3;18,9;27,5;27,2;19;18,8;58;57;58;73;3,9;1,3;
2026/07/19;0200 UTC;0;991,1;991,1;991,1;;26,7;18,7;26,7;26,7;18,9;18,6;61;59;60;131;1;,5;
2026/07/19;0300 UTC;0;991,2;991,2;991,1;;26,9;18,5;26,9;26,8;18,6;18,4;59;58;58;32;3,3;1,4;
2026/07/19;0400 UTC;0;990,9;991;990,7;;27,8;18,2;27,9;27,7;18,3;18,1;52;51;52;16;8,8;4,5;
2026/07/19;0500 UTC;0;990,9;991;990,7;;27,8;17,8;27,8;27,7;17,8;17,7;50;50;50;9;11;5,8;
2026/07/19;0600 UTC;0;990,4;990,5;990,3;;27,6;17,3;27,7;27,6;17,3;17,2;49;48;48;15;10,2;5,7;
2026/07/19;0700 UTC;0;989,8;989,9;989,8;;27,1;16,7;27,2;27,1;16,8;16,6;48;48;48;7;12;4,7;
2026/07/19;0800 UTC;0;989,8;989,9;989,8;;26,9;16,5;27;26,9;16,5;16,4;48;47;48;14;9,2;5;
2026/07/19;0900 UTC;0;990,1;990,2;990,1;;26,8;16,2;26,8;26,7;16,3;16,1;48;47;47;11;10,2;4,7;
2026/07/19;1000 UTC;0;990,8;990,9;990,7;;26,3;15,8;26,4;26,2;15,9;15,7;48;47;47;7;10;5,4;
2026/07/19;1100 UTC;0;991,3;991,4;991,3;;25,5;15,2;25,6;25,4;15,3;15,2;49;48;49;19;8,6;5,7;
2026/07/19;1200 UTC;0;992,2;992,3;992,1;;24,1;14,9;24,2;24;14,9;14,8;54;53;54;22;9,5;5,8;
2026/07/19;1300 UTC;0;992,3;992,4;992,3;;24;15,3;24,1;23,9;15,4;15,2;57;56;57;26;7,7;3,9;
2026/07/19;1400 UTC;0;991,8;991,9;991,6;;24,8;15,7;25,3;24,6;16;15,6;56;53;55;29;8,4;4,9;
2026/07/19;1500 UTC;0;991,1;991,1;991;;24,8;15,8;25,1;24,6;16;15,7;56;53;55;16;9,3;5,5;
2026/07/19;1600 UTC;0;989,8;989,9;989,7;;26,9;16,6;27,2;26,7;17;16,4;49;48;49;13;12,8;6,6;
2026/07/19;1700 UTC;0;989,1;989,3;989;;26,9;17,1;27;26,9;17,2;16,9;51;50;51;10;9,1;5,1;
2026/07/19;1800 UTC;0;988,8;988,9;988,8;;28,2;18,1;28,3;28,1;18,2;18;50;48;49;6;10,6;5,3;
2026/07/19;1900 UTC;0;988,7;988,8;988,6;;27,5;17,8;27,6;27,5;17,8;17,7;51;51;51;357;9,5;4,1;
2026/07/19;2000 UTC;0;989,3;989,3;989,2;;27;17,6;27;27;17,7;17,5;54;53;53;359;6,9;3,9;
2026/07/19;2100 UTC;0;989,6;989,6;989,6;;25,9;17,5;26;25,8;17,6;17,4;59;58;58;39;3,2;1,6;
2026/07/19;2200 UTC;0;990,5;990,6;990,5;;23,6;18;23,7;23,5;18,1;17,8;73;70;72;62;2,1;1;
2026/07/19;2300 UTC;0;990,3;990,4;990,1;;24,9;17,1;24,9;24,8;17,4;17;62;60;61;81;3,2;1,7;
2026/07/20;0000 UTC;0;990,3;990,3;990,2;;25,1;17,3;25,3;24,9;17,4;17,2;62;60;61;21;8,4;3;
2026/07/20;0100 UTC;5,1;992,3;994,1;990,8;;24;18,5;25,9;21;20;17,4;95;58;72;264;10,9;2,5;
2026/07/20;0200 UTC;;;;;;;;;;;;;;;;;;
2026/07/20;0300 UTC;0;993,6;993,7;993,6;;20,6;19,8;20,6;20,6;19,9;19,8;96;96;96;67;1,9;,3;
2026/07/20;0400 UTC;0;992,5;992,7;992,5;;20,4;19,7;20,4;20,4;19,8;19,6;97;96;97;248;1,9;,2;
2026/07/20;0500 UTC;0;992,8;992,8;992,7;;20,7;19,2;20,7;20,6;19,3;19,1;93;92;92;59;2,2;,6;
2026/07/20;0600 UTC;0;992,2;992,4;992;;20,3;18,9;20,4;20,3;19;18,8;93;92;93;73;2;,3;
2026/07/20;0700 UTC;0;991,6;991,7;991,6;;20,3;18,9;20,3;20,2;18,9;18,8;93;93;93;111;1,6;,3;
2026/07/20;0800 UTC;0;991,3;991,3;991,2;;20,5;18,7;20,6;20,4;18,8;18,7;92;90;91;127;1,9;,1;
2026/07/20;0900 UTC;0;991,6;991,6;991,5;;20,4;18,4;20,5;20,3;18,5;18,4;91;90;90;72;;;
2026/07/20;1000 UTC;0;992,1;992,3;992;;20;18,4;20;19,9;18,5;18,3;92;92;92;3;1,4;,5;
2026/07/20;1100 UTC;0;992,7;992,7;992,6;;19,9;18,5;20;19,9;18,6;18,4;93;93;93;123;;;
2026/07/20;1200 UTC;0;992,9;992,9;992,9;;21,3;18,9;21,6;21,1;19,3;18,4;90;85;88;70;2,8;1;
2026/07/20;1300 UTC;0;992,9;993;992,8;;23,9;18,5;23,9;23,9;18,7;18,5;74;73;73;52;4,4;2,4;
2026/07/20;1400 UTC;;;;;;;;;;;;;;;;;;
2026/07/20;1500 UTC;0;992,6;992,6;992,6;;27,3;20,2;27,5;27,2;20,6;19,9;67;63;65;357;4,7;2,5;
2026/07/20;1600 UTC;0;992,2;992,3;992,2;;27,9;20,5;28;27,9;20,6;20,3;63;62;63;347;7,4;2,9;
2026/07/20;1700 UTC;0;991,5;991,6;991,5;;28,2;20,7;28,2;28,1;21,1;20,4;65;61;62;348;7,4;3,7;
2026/07/20;1800 UTC;0;991,4;991,5;991,4;;27,7;21,2;27,8;27,6;21,4;21;68;67;67;343;5,3;1,8;
2026/07/20;1900 UTC;0;991,8;991,8;991,8;;24,6;21,8;24,6;24,6;21,9;21,6;86;85;86;243;2;,9;
2026/07/20;2000 UTC;0;992;992;991,9;;24,3;22,5;24,3;24,3;22,6;22,5;91;91;91;244;1,9;,7;
2026/07/20;2100 UTC;0;992,7;992,7;992,6;;24;22,1;24,1;24;22,1;22;90;90;90;223;2,9;1,8;
2026/07/20;2200 UTC;0;993,2;993,2;993,2;;23,2;21,7;23,2;23,2;21,7;21,7;93;92;93;284;1,1;,6;
2026/07/20;2300 UTC;0;993,9;994;993,8;;22,5;21,1;22,5;22,5;21,1;21,1;93;93;93;237;2,4;1,5;
2026/07/21;0000 UTC;;;;;;;;;;;;;;;;;;
2026/07/21;0100 UTC;0;995,3;995,9;994,8;;20,7;19,6;21,9;20;20,6;18,7;96;93;95;262;5,4;;
2026/07/21;0200 UTC;0;996,2;996,2;996,1;;19,6;18,9;19,6;19,6;18,9;18,8;97;96;96;3;1,3;,7;
2026/07/21;0300 UTC;0;995,7;995,8;995,7;;19,2;18,7;19,2;19,1;18,7;18,6;98;97;98;252;2,5;1,3;
2026/07/21;0400 UTC;0;995,8;995,9;995,8;;19,2;18,5;19,2;19,2;18,6;18,4;97;96;97;219;1,8;1,3;
2026/07/21;0500 UTC;0;995,8;995,8;995,7;;18,9;18,3;18,9;18,8;18,3;18,3;97;97;97;234;3,8;2,6;
2026/07/21;0600 UTC;0;995,7;995,8;995,6;;18,6;18,1;18,6;18,6;18,2;18,1;98;98;98;238;,4;,4;
2026/07/21;0700 UTC;0;995,2;995,4;995;;18,4;17,7;18,4;18,4;17,7;17,6;96;96;96;187;1,9;1;
2026/07/21;0800 UTC;0;994,4;994,5;994,4;;17,9;17,8;17,9;17,8;17,8;17,8;100;100;100;97;2;1,2;
2026/07/21;0900 UTC;0;994,2;994,5;993,9;;18,1;17,8;18,2;18,1;17,9;17,8;99;98;98;182;3,1;1,6;
2026/07/21;1000 UTC;5,7;994,2;994,7;993,9;;17,7;17,5;17,9;17,6;17,8;17,4;100;99;99;24;2,1;,8;
2026/07/21;1100 UTC;1,4;995,6;995,8;995,5;;17,5;17,5;17,6;17,5;17,5;17,5;100;100;100;237;2,2;1;
2026/07/21;1200 UTC;2,6;995,9;996,2;995,8;;17,4;17,5;17,4;17,4;17,5;17,4;100;100;100;267;2,4;1,1;
2026/07/21;1300 UTC;,4;994,6;994,7;994,5;;17,6;17,6;17,6;17,6;17,7;17,6;100;100;100;262;1,8;,9;
2026/07/21;1400 UTC;,8;995,2;995,3;995,1;;17,5;17,6;17,6;17,5;17,6;17,6;100;100;100;109;2,4;,9;
2026/07/21;1500 UTC;,2;993,8;994,4;992,8;;17,7;17,8;17,8;17,7;17,8;17,8;100;100;100;283;4,3;1,6;
2026/07/21;1600 UTC;3,6;992,9;993,2;992,7;;18,7;18,7;18,7;18,6;18,8;18,7;100;100;100;168;2,2;,2;
2026/07/21;1700 UTC;;;;;;;;;;;;;;;;;;
2026/07/21;1800 UTC;1,4;992,5;993,3;991,8;;17,4;17,5;17,5;17,3;17,5;17,4;100;100;100;220;4,4;2,7;
2026/07/21;1900 UTC;2;992,9;993,1;992,6;;17,3;17,4;17,3;17,3;17,4;17,4;100;100;100;266;2,7;1,4;
2026/07/21;2000 UTC;0;993;993,1;992,8;;17,2;17,2;17,2;17,2;17,2;17,2;100;100;100;188;1,6;1,1;
2026/07/21;2100 UTC;0;992,5;992,5;992,4;;17,5;17,5;17,5;17,5;17,6;17,5;100;100;100;219;5;3,3;
2026/07/21;2200 UTC;0;993,5;993,6;993,4;;17,7;17,7;17,7;17,7;17,7;17,7;100;100;100;230;3,6;2,4;
2026/07/21;2300 UTC;0;994,2;994,3;994,2;;17,5;17,5;17,5;17,4;17,6;17,5;100;100;100;255;2,3;1,1;
2026/07/22;0000 UTC;0;995,9;995,9;995,9;;17,4;17,4;17,4;17,4;17,4;17,4;100;100;100;286;1,5;,8;
2026/07/22;0100 UTC;,2;995,8;996,1;995,6;;17,4;17,4;17,4;17,3;17,5;17,4;100;100;100;237;3,3;2;
2026/07/22;0200 UTC;0;995,8;995,8;995,7;;17,3;17,4;17,4;17,3;17,4;17,4;100;100;100;234;4;2,8;
2026/07/22;0300 UTC;0;996,3;996,4;996,2;;17,6;17,6;17,6;17,6;17,6;17,6;100;100;100;201;2,8;1,6;
2026/07/22;0400 UTC;0;996,9;997,1;996,7;;17,6;17,1;17,6;17,5;17,2;17,1;98;97;98;190;3;1,5;
2026/07/22;0500 UTC;0;996,3;996,4;996,2;;17,5;16,8;17,6;17,5;16,9;16,7;97;96;96;178;3,3;2,2;
2026/07/22;0600 UTC;0;996,3;996,3;996,3;;17,4;16,8;17,4;17,3;16,9;16,8;97;97;97;222;2,8;2;
2026/07/22;0700 UTC;0;996,8;996,9;996,7;;17;16,9;17,1;17;17;16,9;100;100;100;232;3,2;2,2;
2026/07/22;0800 UTC;0;996,6;996,8;996,5;;16,9;16,7;17;16,9;16,8;16,7;99;99;99;237;3,3;2,4;
2026/07/22;0900 UTC;;;;;;;;;;;;;;;;;;
2026/07/22;1000 UTC;0;997,5;997,5;997,4;;16,9;16,9;16,9;16,9;16,9;16,9;100;100;100;225;3,1;1,8;
2026/07/22;1100 UTC;0;998,4;998,5;998,4;;17;16,6;17;17;16,7;16,6;98;98;98;241;3,3;1,9;
2026/07/22;1200 UTC;0;999,4;999,5;999,4;;16,8;16,8;16,9;16,8;16,8;16,7;100;100;100;237;3,4;2,4;
2026/07/22;1300 UTC;0;1000;1000;999,9;;17,1;16,9;17,1;17,1;16,9;16,8;99;99;99;244;3,4;1,6;
2026/07/22;1400 UTC;0;1000,7;1000,7;1000,7;;17,1;16,9;17,1;17,1;17;16,9;99;99;99;244;3;1,9;
2026/07/22;1500 UTC;0;1000;1000,1;999,9;;17,6;17;17,7;17,5;17,1;16,8;97;96;97;238;3,8;2,9;
2026/07/22;1600 UTC;0;999,7;999,7;999,6;;17,8;17;17,9;17,8;17,2;16,7;97;94;96;244;4,5;3;
2026/07/22;1700 UTC;;;;;;;;;;;;;;;;;;
2026/07/22;1800 UTC;0;999,6;999,6;999,6;;19;17,2;19,1;18,9;17,6;16,9;93;90;91;241;3,9;2,7;
2026/07/22;1900 UTC;0;1000;1000;999,9;;18,3;16,9;18,3;18,3;17;16,7;93;92;93;237;5,5;3,6;
2026/07/22;2000 UTC;0;1000,6;1000,6;1000,5;;17,7;16,6;17,7;17,7;16,8;16,5;95;94;94;235;1,1;1,1;
2026/07/22;2100 UTC;0;1001,2;1001,2;1001,2;;17,5;16;17,6;17,5;16,1;15,9;93;92;92;239;1,3;1,3;
2026/07/22;2200 UTC;0;1001,8;1001,8;1001,7;;17,1;16,1;17,2;17,1;16,1;16,1;95;95;95;257;2,3;1,2;
2026/07/22;2300 UTC;0;1002,9;1003;1002,8;;17,2;15,7;17,2;17,1;15,8;15,6;93;93;93;250;3;1,9;
2026/07/23;0000 UTC;0;1003,8;1003,9;1003,6;;16,6;15;16,7;16,6;15,1;15;92;92;92;231;3,9;2,4;
2026/07/23;0100 UTC;0;1004,5;1004,7;1004,2;;16,5;14,9;16,6;16,5;15,1;14,8;93;92;92;222;5,1;3,3;
2026/07/23;0200 UTC;0;1004,7;1004,7;1004,6;;15,6;15,4;15,6;15,6;15,4;15,3;99;99;99;235;3,4;2,5;
2026/07/23;0300 UTC;0;1004,6;1004,7;1004,6;;15,5;15,5;15,5;15,5;15,5;15,5;100;100;100;288;2;1,3;
2026/07/23;0400 UTC;0;1005,2;1005,3;1005,1;;15,5;15,2;15,5;15,5;15,2;15,2;99;99;99;261;2,9;1,2;
2026/07/23;0500 UTC;0;1005,3;1005,3;1005,3;;15,4;15,1;15,4;15,4;15,1;15,1;98;98;98;258;2,5;1,3;
2026/07/23;0600 UTC;0;1005,3;1005,4;1005,3;;15,4;14,8;15,4;15,4;14,9;14,8;97;97;97;244;3,7;2,1;
2026/07/23;0700 UTC;0;1005,1;1005,2;1005,1;;15,1;14,4;15,1;15;14,5;14,3;97;96;97;239;3,2;2,2;
2026/07/23;0800 UTC;0;1004,5;1004,6;1004,5;;14,6;14;14,7;14,6;14,1;13,8;97;96;97;211;2,6;1,8;
2026/07/23;0900 UTC;0;1004,9;1004,9;1004,9;;14,2;13,5;14,2;14,2;13,5;13,4;96;96;96;209;3,1;2,1;
2026/07/23;1000 UTC;0;1005,6;1005,7;1005,5;;13,8;13,5;13,8;13,7;13,5;13,5;99;99;99;250;2;1,2;
2026/07/23;1100 UTC;0;1006;1006,1;1006;;13,5;12,6;13,5;13,5;12,6;12,5;95;95;95;167;3;1,9;
2026/07/23;1200 UTC;0;1006,2;1006,3;1006,2;;14,7;12,7;14,8;14,6;13;12,4;91;89;90;144;2,2;1;
2026/07/23;1300 UTC;0;1006,7;1006,7;1006,7;;14,5;12,6;14,5;14,4;12,8;12,5;91;90;91;42;3;2;
2026/07/23;1400 UTC;0;1006,6;1006,7;1006,6;;15,3;12,6;15,4;15,3;12,8;12,3;88;85;87;121;2,7;1,7;
2026/07/23;1500 UTC;0;1006,3;1006,3;1006,2;;16,3;13,1;16,3;16,2;13,6;12,8;87;82;84;100;2,3;1,2;
2026/07/23;1600 UTC;0;1005,4;1005,4;1005,4;;16,9;13,4;16,9;16,8;13,6;13,1;84;81;82;99;2,6;1,4;
2026/07/23;1700 UTC;0;1004,5;1004,5;1004,5;;17,7;13,3;17,8;17,6;13,6;13,2;79;77;78;31;2,6;1,6;
2026/07/23;1800 UTC;;;;;;;;;;;;;;;;;;
2026/07/23;1900 UTC;0;1003,8;1003,8;1003,7;;18,9;13,5;19;18,7;14;13,3;76;72;73;238;1,3;,9;
2026/07/23;2000 UTC;0;1003,5;1003,5;1003,5;;19,5;13,9;19,7;19,3;14,1;13,8;74;71;72;96;,8;0;
2026/07/23;2100 UTC;0;1003,9;1003,9;1003,9;;18;14,8;18;17,9;14,9;14,7;85;84;84;200;1,3;,8;
2026/07/23;2200 UTC;0;1004,4;1004,5;1004,4;;16,9;15,1;16,9;16,9;15,3;15;92;90;91;220;1,9;1,4;
2026/07/23;2300 UTC;0;1004,5;1004,6;1004,4;;15;14,6;15,2;14,9;14,8;14,5;98;98;98;270;,6;,2;
2026/07/24;0000 UTC;0;1004,8;1004,8;1004,7;;15,2;14,7;15,2;15,2;14,7;14,6;98;97;97;205;1,1;,8;
2026/07/24;0100 UTC;0;1004,5;1004,7;1004,3;;14,8;14,4;15,1;14,2;14,7;13,9;99;96;98;155;1,6;,8;
2026/07/24;0200 UTC;0;1004,5;1004,5;1004,5;;15,1;13,2;15,1;15;13,2;13,1;90;90;90;121;2,1;1,3;
2026/07/24;0300 UTC;0;1004,2;1004,3;1004,2;;14,4;12,5;14,4;14,3;12,6;12,4;91;90;90;94;2,1;,9;
2026/07/24;0400 UTC;0;1004;1004,1;1003,9;;13,5;12,3;13,6;13,5;12,4;12,3;94;94;94;89;1,6;,7;
2026/07/24;0500 UTC;0;1003,9;1004;1003,9;;11,8;11,6;11,8;11,7;11,7;11,6;100;99;99;249;,7;,4;
2026/07/24;0600 UTC;0;1003,5;1003,5;1003,5;;11,9;11,9;12;11,8;12,1;11,8;100;100;100;113;1,4;,7;
2026/07/24;0700 UTC;0;1003,1;1003,2;1003,1;;13,7;11,7;13,7;13,6;11,8;11,6;91;90;90;88;2;1;
2026/07/24;0800 UTC;0;1002,9;1002,9;1002,8;;14,2;11,8;14,2;14,2;12;11,7;89;88;88;116;2,2;,9;
2026/07/24;0900 UTC;0;1003,1;1003,1;1003,1;;14,2;11,7;14,2;14,2;11,8;11,6;88;87;88;110;1,7;,9;
2026/07/24;1000 UTC;0;1003,2;1003,3;1003,2;;13,9;12,1;14;13,9;12,1;12;91;90;91;105;1,8;1;
2026/07/24;1100 UTC;0;1003,9;1004;1003,9;;14,3;12,3;14,3;14,2;12,4;12,1;91;89;90;105;1,2;,8;
2026/07/24;1200 UTC;0;1004,2;1004,2;1004,1;;14,9;12,3;14,9;14,8;12,5;12,2;88;87;87;100;2,6;1,5;
2026/07/24;1300 UTC;0;1005,3;1005,3;1005,3;;15,5;12,6;15,5;15,4;12,7;12,6;86;85;86;86;1,7;1;
2026/07/24;1400 UTC;0;1005,8;1005,9;1005,7;;16,1;13;16,2;16,1;13,4;12,8;86;84;85;89;1,6;,8;
2026/07/24;1500 UTC;0;1004,7;1004,8;1004,7;;17;13,6;17,1;16,8;14;13,3;85;81;83;91;2,2;1,1;
2026/07/24;1600 UTC;0;1004,1;1004,2;1004,1;;17,4;13,8;17,4;17,4;13,9;13,6;83;81;82;113;1,3;,6;
2026/07/24;1700 UTC;0;1003,4;1003,5;1003,4;;18,1;14,2;18,2;18,1;14,4;14,1;81;80;81;61;1,5;,6;
2026/07/24;1800 UTC;;;;;;;;;;;;;;;;;;
2026/07/24;1900 UTC;0;1003,1;1003,2;1003;;18,2;15,4;18,2;18,2;15,5;15,3;86;86;86;12;1,9;1,6;
2026/07/24;2000 UTC;0;1003,3;1003,3;1003,2;;18,3;15,8;18,3;18,3;15,9;15,7;88;87;87;328;,4;,2;
2026/07/24;2100 UTC;0;1003,6;1003,6;1003,5;;18,3;16,4;18,4;18,3;16,5;16,3;91;90;90;314;,8;,6;
2026/07/24;2200 UTC;0;1003,9;1004;1003,9;;17,2;16,6;17,2;17,1;16,6;16,5;97;97;97;37;1,2;,8;
2026/07/24;2300 UTC;0;1004,3;1004,4;1004,3;;17,1;16,5;17,1;17,1;16,6;16,5;97;97;97;125;,7;,4;
2026/07/25;0000 UTC;0;1003,7;1003,8;1003,7;;16,7;16,5;16,8;16,6;16,5;16,3;99;99;99;42;2,7;1,8;
2026/07/25;0100 UTC;0;1004;1004,3;1003,8;;16,5;16,3;16,9;15,8;16,6;15,6;100;98;99;245;4,8;2,4;
2026/07/25;0200 UTC;0;1004,8;1004,9;1004,8;;17,5;16,2;17,5;17,5;16,3;16,2;94;93;94;181;3;1,7;
2026/07/25;0300 UTC;0;1004,6;1004,7;1004,6;;17,6;15,8;17,6;17,6;15,9;15,8;91;91;91;173;1,7;,7;
2026/07/25;0400 UTC;0;1004,5;1004,5;1004,4;;17,2;15,8;17,2;17,2;15,8;15,8;93;93;93;164;2,2;1,5;
2026/07/25;0500 UTC;0;1004,5;1004,5;1004,4;;16,8;16,3;16,8;16,8;16,3;16,3;97;97;97;247;,5;,3;
2026/07/25;0600 UTC;0;1003,7;1003,8;1003,7;;16,8;16,4;16,9;16,8;16,4;16,4;98;98;98;228;1,4;1;
2026/07/25;0700 UTC;0;1003,5;1003,6;1003,5;;16,8;16,5;16,8;16,8;16,5;16,5;99;99;99;285;,9;,4;
2026/07/25;0800 UTC;0;1003,3;1003,4;1003,3;;16,7;16,6;16,7;16,7;16,6;16,6;99;99;99;304;,5;,2;
2026/07/25;0900 UTC;0;1003,3;1003,4;1003,3;;16,9;16,7;16,9;16,9;16,7;16,7;99;99;99;235;,9;,6;
2026/07/25;1000 UTC;0;1004;1004;1003,9;;17;16,8;17;17;16,8;16,7;99;99;99;131;1,6;,6;
2026/07/25;1100 UTC;0;1004,8;1004,8;1004,8;;17,3;16,9;17,3;17,2;17;16,8;98;97;98;2;1,3;,7;
2026/07/25;1200 UTC;0;1004,5;1004,5;1004,4;;18,5;16,6;18,6;18,5;16,7;16,5;91;90;90;110;2,1;,5;
2026/07/25;1300 UTC;0;1004,4;1004,5;1004,4;;20,1;16,9;20,2;20;17;16,8;85;83;84;327;1,2;,3;
2026/07/25;1400 UTC;0;1003,9;1003,9;1003,9;;21;17,5;21,2;20,9;17,7;17,1;84;81;82;60;4;1;
2026/07/25;1500 UTC;0;1003,4;1003,4;1003,3;;21,3;17,8;21,4;21,3;17,9;17,7;83;81;82;57;3,6;1,4;
2026/07/25;1600 UTC;0;1002,7;1002,7;1002,7;;21,6;18,1;21,8;21,6;18,3;17,9;83;81;82;86;3,8;1,5;
2026/07/25;1700 UTC;0;1002,3;1002,3;1002,3;;22,5;18,6;22,5;22,4;18,7;18,2;82;79;80;56;2;,9;
2026/07/25;1800 UTC;;;;;;;;;;;;;;;;;;
2026/07/25;1900 UTC;0;1001,9;1002;1001,8;;22,3;18,8;22,3;22,2;18,9;18,6;83;82;83;173;1,1;,5;
2026/07/25;2000 UTC;0;1001,9;1001,9;1001,9;;22,2;18,9;22,2;22,1;19,1;18,7;84;83;84;100;1,1;,6;
2026/07/25;2100 UTC;0;1002,5;1002,5;1002,5;;21,5;19,6;21,6;21,5;19,8;19,4;91;89;90;204;,7;,3;
2026/07/25;2200 UTC;0;1002,9;1002,9;1002,9;;20,7;19,9;20,7;20,7;19,9;19,8;96;95;96;165;,7;,4;
2026/07/25;2300 UTC;0;1002,8;1002,8;1002,8;;20,3;19,9;20,4;20,3;19,9;19,9;98;98;98;123;1,4;,6;
2026/07/26;0000 UTC;0;1002,9;1002,9;1002,9;;20,3;19,2;20,5;20,2;19,3;19,2;96;94;95;62;2;1,1;
2026/07/26;0100 UTC;0;1002,8;1002,9;1002,6;;19,6;19,3;20;19,2;19,4;19;99;97;98;168;1,3;,1;
2026/07/26;0200 UTC;0;1002,9;1002,9;1002,9;;17,6;17,5;17,6;17,5;17,6;17,5;100;99;100;226;,4;,1;
2026/07/26;0300 UTC;0;1003,1;1003,1;1003;;16,8;16,8;16,8;16,8;16,8;16,8;100;100;100;148;,6;,5;
2026/07/26;0400 UTC;0;1002,8;1002,8;1002,8;;17,6;17,6;17,6;17,5;17,7;17,6;100;100;100;160;1,2;,7;
2026/07/26;0500 UTC;0;1002,7;1002,7;1002,7;;17,8;17,9;17,8;17,8;17,9;17,8;100;100;100;149;1,2;,3;
2026/07/26;0600 UTC;0;1002,1;1002,1;1002,1;;17,2;17,2;17,2;17,1;17,3;17,2;100;100;100;178;1,8;1,3;
2026/07/26;0700 UTC;0;1002,2;1002,2;1002,2;;17;17,1;17,1;17;17,1;17,1;100;100;100;55;,3;,1;
2026/07/26;0800 UTC;;;;;;;;;;;;;;;;;;
2026/07/26;0900 UTC;0;1002,5;1002,5;1002,5;;18,4;18,4;18,5;18,3;18,5;18,3;100;100;100;133;1,3;,9;
2026/07/26;1000 UTC;0;1003,1;1003,1;1003,1;;18,6;18,7;18,7;18,6;18,7;18,6;100;100;100;100;1,3;,6;
2026/07/26;1100 UTC;0;1003,5;1003,6;1003,5;;19,1;18,6;19,1;19;18,6;18,6;98;97;98;78;1,8;,6;
2026/07/26;1200 UTC;0;1004;1004;1003,9;;20,5;18,8;20,5;20,5;18,9;18,6;92;91;91;87;1,8;,7;
2026/07/26;1300 UTC;0;1004,3;1004,3;1004,3;;22,2;19;22,3;22,1;19,2;18,7;85;82;84;30;1,9;,9;
2026/07/26;1400 UTC;0;1004,3;1004,3;1004,2;;22,9;18,9;23;22,9;19,2;18,7;82;79;80;27;2,8;1,8;
2026/07/26;1500 UTC;0;1003,4;1003,4;1003,4;;24,2;19,2;24,2;24,1;19,5;19,1;77;75;75;324;3,5;2,1;
2026/07/26;1600 UTC;0;1002,7;1002,8;1002,7;;24,9;19,6;24,9;24,8;19,9;19,3;75;72;74;334;4,2;2,3;
2026/07/26;1700 UTC;0;1001,8;1001,9;1001,8;;25,3;19,8;25,5;25,2;20,1;19,6;73;71;73;329;3,5;1,7;
2026/07/26;1800 UTC;;;;;;;;;;;;;;;;;;
2026/07/26;1900 UTC;0;1000,7;1000,7;1000,6;;24,9;19,9;24,9;24,8;20,1;19,8;76;74;75;332;2,3;1,1;
2026/07/26;2000 UTC;0;1000,8;1000,8;1000,8;;24,9;20;25;24,8;20,2;19,9;77;74;76;297;2,1;,7;
2026/07/26;2100 UTC;0;1000,9;1000,9;1000,9;;23,2;21;23,2;23,1;21,1;20,9;90;89;89;220;1,4;,7;
2026/07/26;2200 UTC;0;1001,1;1001,1;1001;;21,4;20,2;21,5;21,4;20,3;20,2;94;94;94;263;,5;,3;
2026/07/26;2300 UTC;0;1001,4;1001,4;1001,3;;19,8;19,1;19,9;19,7;19,3;18,9;98;96;97;193;,6;,4;
2026/07/27;0000 UTC;0;1001,6;1001,6;1001,6;;18,8;18,4;18,8;18,8;18,6;18,2;99;97;98;235;1;,4;
2026/07/27;0100 UTC;0;1001,6;1001,7;1001,5;;18,9;18,9;19,1;18,6;19,2;18,6;100;100;100;182;1,4;,9;
2026/07/27;0200 UTC;0;1001,7;1001,7;1001,6;;18,6;18,6;18,6;18,4;18,7;18,5;100;100;100;309;1,1;,3;
2026/07/27;0300 UTC;0;1001,3;1001,3;1001,3;;18,1;18,2;18,2;18;18,3;18;100;100;100;198;,7;,4;
2026/07/27;0400 UTC;0;1000,9;1001;1000,9;;18,6;18,6;18,6;18,5;18,7;18,6;100;100;100;200;,6;,1;
2026/07/27;0500 UTC;0;1000,7;1000,7;1000,6;;18,2;18,2;18,4;18;18,5;18,1;100;100;100;169;1,2;,8;
2026/07/27;0600 UTC;0;1000,3;1000,3;1000,3;;18,3;18,3;18,4;18,2;18,4;18,3;100;100;100;34;,3;,1;
2026/07/27;0700 UTC;0;999,8;999,8;999,7;;18,3;18,4;18,4;18,3;18,4;18,3;100;100;100;131;1;,4;
2026/07/27;0800 UTC;0;999,1;999,2;999,1;;18,7;18,8;18,8;18,7;18,9;18,7;100;100;100;124;1,7;1,1;
2026/07/27;0900 UTC;0;998,9;998,9;998,8;;19;19;19;18,8;19,1;18,9;100;100;100;113;2,5;1,4;
2026/07/27;1000 UTC;0;999,2;999,2;999,2;;19,6;19,1;19,6;19,5;19,2;19;98;97;98;112;2,8;1,1;
2026/07/27;1100 UTC;0;999,3;999,3;999,2;;20;19,3;20,1;19,8;19,3;19,2;97;96;97;97;4,4;1,4;
2026/07/27;1200 UTC;0;999,3;999,3;999,2;;21;19,3;21;20,9;19,6;19,2;93;91;92;96;3,4;,8;
2026/07/27;1300 UTC;0;999;999,1;999;;22,4;19,4;22,4;22,3;19,9;19,2;87;84;85;50;3;1,7;
2026/07/27;1400 UTC;0;998,3;998,4;998,2;;22,1;19,5;22,1;22,1;19,5;19,4;87;87;87;102;2,5;1,3;
2026/07/27;1500 UTC;0;997,6;997,8;997,5;;22,5;19,7;22,5;22,5;19,8;19,6;87;86;86;94;2,3;1,1;
2026/07/27;1600 UTC;0;996,1;996,1;996;;23,7;19,8;23,8;23,7;20,1;19,6;82;79;80;56;3,3;1,5;
2026/07/27;1700 UTC;0;995,6;995,6;995,6;;25,5;20,6;25,6;25,4;20,8;20,3;76;74;75;87;1,8;1;
2026/07/27;1800 UTC;0;994,7;994,8;994,7;;27,2;21,8;27,5;27;22,4;21,3;77;69;73;7;7,1;3,5;
2026/07/27;1900 UTC;0;994,3;994,4;994,3;;28,8;21,5;28,8;28,8;21,7;21,3;64;63;63;2;5,8;3,1;
2026/07/27;2000 UTC;0;994,2;994,2;994,1;;27,9;21,4;28,2;27,7;21,6;21,3;68;67;67;9;3,8;2;
2026/07/27;2100 UTC;0;994,5;994,5;994,4;;26,3;21,6;26,5;26,1;21,8;21,4;77;75;76;146;1,4;,9;
2026/07/27;2200 UTC;0;994,9;994,9;994,8;;25,1;21,3;25,2;25,1;21,3;21,2;81;80;81;110;2;1;
2026/07/27;2300 UTC;0;995;995,1;995;;24,5;21;24,5;24,4;21;20,9;83;82;83;97;2,3;1,1;
2026/07/28;0000 UTC;0;995,4;995,5;995,4;;24,9;20,3;25;24,8;20,4;20,3;78;77;77;58;2,5;1,2;
2026/07/28;0100 UTC;0;995,8;996;995,5;;24,4;20,1;24,8;23,9;20,3;19,9;81;77;79;72;3,1;1,2;
2026/07/28;0200 UTC;0;995,2;995,3;995,1;;24,3;19,8;24,5;24;19,9;19,7;79;76;78;124;1,4;,8;
2026/07/28;0300 UTC;0;995,1;995,1;995;;23,5;19,1;23,9;23,2;19,2;19;80;76;78;4;2,8;1,5;
2026/07/28;0400 UTC;0;994,5;994,6;994,5;;26;19,2;26,1;26;19,3;19,1;66;65;66;357;5,2;2,5;
2026/07/28;0500 UTC;0;993,8;993,8;993,7;;26,7;19,1;26,8;26,5;19,2;19;62;61;62;355;8,9;3,8;
2026/07/28;0600 UTC;0;993,4;993,4;993,4;;26,6;18,9;26,7;26,6;19;18,8;61;61;61;352;7,6;3,7;
2026/07/28;0700 UTC;0;995,2;995,6;995;;23,1;19,7;23,3;22,8;19,9;19,2;85;81;83;7;9;3,8;
2026/07/28;0800 UTC;0;994,5;994,6;994,4;;21,8;19,9;21,8;21,7;19,9;19,9;91;90;91;91;2,1;1;
2026/07/28;0900 UTC;0;994,8;994,8;994,7;;21,6;19,7;21,7;21,5;19,7;19,6;91;90;90;69;2,4;1;
2026/07/28;1000 UTC;0;993,8;993,9;993,7;;22,4;19,3;22,5;22,3;19,3;19,3;85;84;84;49;2;,5;
2026/07/28;1100 UTC;0;994,7;994,8;994,6;;22,2;18,8;22,3;22,2;18,9;18,7;84;82;83;63;2,2;,8;
2026/07/28;1200 UTC;0;995,6;995,7;995,5;;24,2;19,1;24,3;24,2;19,4;18,9;76;73;74;19;2,2;,9;
2026/07/28;1300 UTC;0;997,1;997,2;997,1;;25,2;19,6;25,2;25,1;19,9;19,4;74;71;72;171;2,5;1,4;
2026/07/28;1400 UTC;0;997,1;997,1;997;;26,2;20,7;26,2;26,1;20,9;20,5;73;72;73;145;3;1,6;
2026/07/28;1500 UTC;0;996,3;996,3;996,2;;28,1;21;28,3;28;21,6;20,8;67;63;64;97;3,5;2;
2026/07/28;1600 UTC;0;995,1;995,1;995;;28,5;21,4;28,8;28,3;22,1;21;68;63;65;71;4,6;1,7;
2026/07/28;1700 UTC;0;993,1;993,2;993;;29,3;21,6;29,4;29,2;22;21,4;64;60;62;80;4,8;2,4;
2026/07/28;1800 UTC;0;992,1;992,2;992;;30;22,5;30,3;29,7;22,9;22,2;63;61;62;91;4,7;2,4;
2026/07/28;1900 UTC;0;991,6;991,7;991,6;;29,9;22,3;29,9;29,9;22,4;22,3;63;62;62;81;4,4;2,3;
2026/07/28;2000 UTC;0;990,7;990,7;990,6;;29,4;22,5;29,7;29,1;22,6;22,4;66;65;65;97;5,8;2,3;
2026/07/28;2100 UTC;0;991,1;991,1;991;;24;21,8;24,1;23,9;21,9;21,8;90;89;89;40;2,4;1,5;
2026/07/28;2200 UTC;0;991;991;991;;23,8;21,4;24,3;23,3;21,5;21,3;90;86;88;74;3,5;1,7;
2026/07/28;2300 UTC;0;990,8;990,8;990,8;;24,6;20,6;24,7;24,6;20,7;20,5;80;79;80;46;3,2;1,7;
2026/07/29;0000 UTC;0;992;992,1;991,9;;24,3;20,8;24,4;24,2;20,8;20,7;83;82;83;113;2,2;1;
2026/07/29;0100 UTC;2,4;992,4;992,9;992;;22,5;21,6;24;22;21,8;21;99;85;95;2;4,3;,9;
2026/07/29;0200 UTC;0;993;993;993;;21,9;21,4;21,9;21,8;21,4;21,4;98;98;98;309;1,6;,5;
2026/07/29;0300 UTC;0;994,9;995;994,8;;21,2;18,3;21,7;20,9;18,6;18;86;85;85;159;7,7;4,2;
2026/07/29;0400 UTC;0;996,4;996,4;996,3;;18;14,9;18,1;18;15;14,8;85;84;84;134;2,9;1,1;
2026/07/29;0500 UTC;0;995,8;995,9;995,7;;18,1;14,5;18,2;18,1;14,5;14,4;82;81;82;153;1,4;,2;
2026/07/29;0600 UTC;0;995,7;996,1;995,4;;16,9;15,5;16,9;16,9;15,6;15,5;94;93;93;96;1,7;,7;
2026/07/29;0700 UTC;0;996;996,5;995,7;;17,1;15,5;17,2;17,1;15,6;15,3;92;91;92;69;2,6;1,3;
2026/07/29;0800 UTC;0;996,5;996,6;996,4;;16,6;16,1;16,6;16,6;16,1;16;98;97;97;135;2,1;1,1;
2026/07/29;0900 UTC;0;997,5;997,6;997,4;;17,1;15,6;17,1;17,1;15,7;15,5;93;92;93;132;3,1;1,4;
2026/07/29;1000 UTC;0;998,4;998,4;998,3;;17;15;17;17;15;15;90;90;90;110;3;1,1;
2026/07/29;1100 UTC;0;998,9;998,9;998,8;;16,6;15,1;16,7;16,5;15,2;15,1;93;92;93;85;2,2;,9;
2026/07/29;1200 UTC;0;999,4;999,5;999,4;;18,5;15,6;18,6;18,5;15,8;15,4;86;84;85;88;2,9;1,5;
2026/07/29;1300 UTC;0;1000,1;1000,2;1000,1;;20,3;15,9;20,4;20,1;16,4;15,6;80;76;78;57;3,6;1,5;
2026/07/29;1400 UTC;0;1000,2;1000,3;1000,2;;21,5;16,2;21,6;21,3;16,4;15,9;75;72;73;64;3,4;1,7;
2026/07/29;1500 UTC;0;1000,1;1000,1;1000,1;;23,1;17;23,2;23;17,3;16,5;72;67;69;40;3,1;1,7;
2026/07/29;1600 UTC;0;999,4;999,5;999,4;;24,7;18,1;24,8;24,6;18,3;17,7;68;65;67;104;2,7;1;
2026/07/29;1700 UTC;0;999;999;999;;25,7;18,2;25,9;25,6;18,6;17,9;64;61;63;150;2,3;1,3;
2026/07/29;1800 UTC;0;998,8;998,9;998,8;;26,3;18,7;26,4;26,3;19;18,4;63;60;62;162;3,1;1,5;
2026/07/29;1900 UTC;0;999,2;999,2;999,2;;26,4;17,6;26,5;26,3;17,7;17,4;57;55;56;140;4,5;1,6;
2026/07/29;2000 UTC;0;999,6;999,6;999,5;;25,7;16,4;25,8;25,6;16,7;16,2;55;52;53;160;3,9;1,8;
2026/07/29;2100 UTC;0;1000,5;1000,5;1000,4;;23,4;17;23,4;23,4;17,2;16,9;69;68;68;179;5,2;2,5;
2026/07/29;2200 UTC;0;1001,1;1001,2;1001;;21,6;16,9;21,7;21,6;16,9;16,8;77;76;76;162;5,4;2,2;
2026/07/29;2300 UTC;0;1002;1002,1;1001,9;;20,3;16,1;20,4;20,3;16,1;16;79;78;79;153;5,1;2,1;
2026/07/30;0000 UTC;0;1002,4;1002,4;1002,3;;19,1;15,5;19,1;19,1;15,6;15,5;82;82;82;140;3,5;1,6;
2026/07/30;0100 UTC;0;1002,7;1002,8;1002,4;;19;15,1;19,2;18,7;15,4;14,9;81;79;80;109;5,2;1,8;
2026/07/30;0200 UTC;0;1003,1;1003,1;1003,1;;18,2;14,6;18,2;18,2;14,6;14,6;82;82;82;109;3,2;1,7;
2026/07/30;0300 UTC;0;1003,5;1003,5;1003,5;;17,2;14,2;17,2;17,1;14,2;14,1;85;84;85;53;1,8;,8;
2026/07/30;0400 UTC;0;1002,8;1002,9;1002,8;;17,1;13,9;17,2;17,1;13,9;13,9;84;84;84;89;3,4;1,4;
2026/07/30;0500 UTC;0;1002,4;1002,4;1002,3;;15,9;13,9;16;15,8;13,9;13,8;90;90;90;96;1,7;,6;
2026/07/30;0600 UTC;0;1002,8;1002,8;1002,7;;15,9;13,8;15,9;15,9;13,8;13,7;90;89;89;130;2,2;1;
2026/07/30;0700 UTC;0;1002,6;1002,7;1002,6;;15,5;13,7;15,7;15,1;13,8;13,5;92;90;91;198;1,6;,9;
2026/07/30;0800 UTC;0;1002,8;1002,8;1002,8;;14,3;14,1;14,4;14,2;14,1;13,9;99;98;99;70;1,5;,8;
2026/07/30;0900 UTC;0;1003,2;1003,2;1003,1;;14,7;13,9;14,8;14,7;14;13,8;97;95;96;181;1,4;,6;
2026/07/30;1000 UTC;0;1004,2;1004,3;1004,2;;15;14,4;15;14,9;14,5;14,3;97;97;97;169;1,6;,6;
2026/07/30;1100 UTC;0;1004,9;1005;1004,9;;16,9;14,3;17;16,9;14,4;14,3;87;86;87;29;1,8;1;
2026/07/30;1200 UTC;0;1004,4;1004,5;1004,4;;18,7;14,9;18,7;18,6;15,1;14,7;82;80;81;87;2,6;1,1;
2026/07/30;1300 UTC;0;1004,5;1004,5;1004,4;;20;15,6;20,2;19,9;15,9;15,4;80;77;78;64;2,8;1,5;
2026/07/30;1400 UTC;0;1004,2;1004,3;1004,1;;22,1;16,5;22,2;22;16,7;16,3;73;70;72;33;6,8;3,4;
2026/07/30;1500 UTC;0;1004;1004,1;1003,9;;23;17;23,1;23;17,2;16,8;71;69;70;56;5,5;3;
2026/07/30;1600 UTC;0;1003,6;1003,7;1003,5;;24,3;17,9;24,4;24,2;18;17,8;69;68;68;58;4,9;2,2;
2026/07/30;1700 UTC;0;1002,4;1002,4;1002,4;;26,1;19;26,3;25,8;19,3;18,7;66;63;64;29;5,3;2,8;
2026/07/30;1800 UTC;0;1001,6;1001,6;1001,5;;26,5;19,5;26,6;26,3;19,8;19,2;66;64;65;82;4,3;1,9;
2026/07/30;1900 UTC;0;1000,8;1000,8;1000,8;;26,8;19,7;27;26,6;19,9;19,6;66;64;64;57;3,1;1,6;
2026/07/30;2000 UTC;0;1000,8;1000,8;1000,8;;26,2;19,8;26,3;26,2;19,9;19,7;68;67;68;72;3,2;1,6;
2026/07/30;2100 UTC;0;1001,2;1001,3;1001,1;;24,8;19,6;24,8;24,8;19,6;19,5;74;74;74;44;3;1,1;
2026/07/30;2200 UTC;0;1001,2;1001,3;1001,2;;23,5;19,5;23,6;23,5;19,5;19,4;80;80;80;79;2,5;,9;
2026/07/30;2300 UTC;0;1001,9;1001,9;1001,8;;22,2;19,4;22,2;22,1;19,4;19,3;86;86;86;109;1,8;,6;
2026/07/31;0000 UTC;0;1001,8;1001,8;1001,8;;22,2;19,2;22,2;22,1;19,3;19,2;86;85;85;57;2;,9;
2026/07/31;0100 UTC;0;1001,9;1002;1001,8;;22;19,2;22,3;21,8;19,3;19,1;87;85;86;73;2,8;1;
2026/07/31;0200 UTC;0;1002,1;1002,2;1002,1;;21,9;19,3;21,9;21,8;19,4;19,3;87;87;87;86;1,5;,8;
2026/07/31;0300 UTC;0;1002,5;1002,5;1002,5;;21,1;19,3;21,1;21,1;19,4;19,2;91;91;91;96;1,1;,6;
2026/07/31;0400 UTC;0;1002,5;1002,5;1002,5;;21,6;19,3;21,6;21,5;19,4;19,3;89;89;89;98;1,7;,9;
2026/07/31;0500 UTC;0;1002,4;1002,4;1002,3;;21,2;19,3;21,3;21,1;19,3;19,2;91;90;90;89;1,7;,8;
2026/07/31;0600 UTC;0;1001,8;1001,8;1001,7;;21,4;19,2;21,4;21,4;19,2;19,2;89;89;89;74;3;1,4;
2026/07/31;0700 UTC;0;1001,3;1001,4;1001,3;;21,9;18,9;21,9;21,9;19;18,9;85;85;85;50;4,2;2;
2026/07/31;0800 UTC;0;1000,9;1000,9;1000,9;;21,7;18,8;21,8;21,7;18,9;18,8;86;85;86;70;4,4;2;
2026/07/31;0900 UTC;0;1001,3;1001,4;1001,3;;21,4;18,6;21,4;21,3;18,6;18,6;86;86;86;53;3,9;1,9;
2026/07/31;1000 UTC;0;1002,1;1002,1;1002,1;;21;18,4;21;21;18,4;18,4;87;87;87;55;3;1,3;
2026/07/31;1100 UTC;0;1002,5;1002,6;1002,5;;21,2;18,5;21,3;21,1;18,5;18,4;86;86;86;55;4,3;1,8;
2026/07/31;1200 UTC;0;1002,6;1002,7;1002,6;;22,3;18,6;22,5;22,2;18,9;18,4;82;81;81;46;3,9;1,1;
2026/07/31;1300 UTC;0;1002,8;1002,8;1002,7;;23,5;18,7;23,6;23,4;18,9;18,6;77;75;76;41;5,7;2,2;
2026/07/31;1400 UTC;0;1002,6;1002,6;1002,5;;25,1;19,4;25,1;25;19,5;19,2;72;71;71;58;5,5;2,2;
2026/07/31;1500 UTC;0;1001,5;1001,5;1001,5;;27,2;20,3;27,3;26,9;20,4;20,1;67;64;65;42;5;2,4;
2026/07/31;1600 UTC;0;1000,4;1000,4;1000,3;;28,2;20,4;28,4;28;20,6;20,3;62;60;61;97;4;2,3;
2026/07/31;1700 UTC;0;999,1;999,1;999;;30,7;20;30,7;30,6;20,2;19,8;48;46;47;17;6,9;4,3;
2026/07/31;1800 UTC;0;998,4;998,4;998,3;;30,9;19,7;31;30,9;20;19,5;45;43;44;12;8,4;5;
2026/07/31;1900 UTC;0;998;998;998;;30,5;19,6;30,6;30,5;19,8;19,4;47;44;45;15;6,2;3,3;
2026/07/31;2000 UTC;0;997,7;997,7;997,7;;29,7;18,8;29,7;29,6;18,9;18,5;46;45;45;15;6,6;3,4;
2026/07/31;2100 UTC;0;997,8;997,8;997,7;;27,8;17,8;27,9;27,7;17,9;17,7;50;49;50;19;8,1;3,7;
2026/07/31;2200 UTC;0;997,9;998;997,9;;26,7;17,6;26,8;26,7;17,7;17,5;55;54;54;46;5;2,5;
2026/07/31;2300 UTC;0;998,2;998,3;998,2;;26,2;17,4;26,4;26;17,5;17,3;56;55;56;44;3,9;1,7;
2026/08/01;0000 UTC;0;998,3;998,3;998,3;;25,6;17,3;25,6;25,5;17,3;17,2;59;58;58;59;4,2;1,4;
2026/08/01;0100 UTC;0;997,9;998,3;997,7;;25,3;17,3;25,5;25,1;17,4;17,2;61;59;60;49;5,6;2,1;
2026/08/01;0200 UTC;0;997,9;997,9;997,8;;24,3;17,2;24,4;24,2;17,3;17,1;65;64;65;63;3,7;1,7;
2026/08/01;0300 UTC;0;998,2;998,2;998,1;;22,8;17;22,8;22,7;17;16,9;71;71;71;149;1,7;1;
2026/08/01;0400 UTC;0;998,1;998,1;998;;22,5;16,9;22,5;22,4;16,9;16,8;72;72;72;148;1,8;1;
2026/08/01;0500 UTC;0;997,7;997,7;997,6;;22,5;16,6;22,5;22,4;16,7;16,6;71;70;71;125;2,3;1,1;
2026/08/01;0600 UTC;0;997,2;997,2;997,2;;22,6;16,3;22,6;22,5;16,4;16,3;69;69;69;132;1,9;1,2;
2026/08/01;0700 UTC;0;997;997;997;;21,6;16;21,7;21,4;16;15,9;73;71;72;139;1,8;,9;
2026/08/01;0800 UTC;0;996,5;996,5;996,4;;22,2;15,8;22,2;22,1;15,9;15,8;69;68;68;112;2;,8;
2026/08/01;0900 UTC;0;996,2;996,3;996,1;;22,8;15,9;22,9;22,8;15,9;15,9;66;65;65;54;2,1;1,1;
2026/08/01;1000 UTC;0;997;997;996,9;;23,7;16,1;23,8;23,7;16,3;16;62;61;62;45;3,6;1,2;
2026/08/01;1100 UTC;0;996,9;997;996,8;;26,1;16,6;26,1;26;16,7;16,5;53;52;53;6;10;5;
2026/08/01;1200 UTC;0;996,7;996,7;996,6;;26,7;16,7;26,8;26,6;16,8;16,6;50;50;50;9;13,3;6,1;
2026/08/01;1300 UTC;0;996,5;996,6;996,4;;28,2;17,3;28,2;28,1;17,4;17,1;46;45;45;6;14,5;7,3;
2026/08/01;1400 UTC;0;995,5;995,7;995,3;;29,2;18;29,3;29;18,2;17,7;45;44;44;6;11,4;6,2;
2026/08/01;1500 UTC;0;995,2;995,3;995,1;;29,6;18,4;29,6;29,5;18,7;18,3;46;43;44;357;12,8;5,8;
2026/08/01;1600 UTC;0;999;999,1;999;;22,9;18,5;23,2;22,7;18,6;18,4;79;76;78;252;6,7;2,9;
2026/08/01;1700 UTC;;;;;;;;;;;;;;;;;;
2026/08/01;1800 UTC;,6;1002,8;1003,2;1002,7;;15,8;14,8;15,8;15,8;14,9;14,6;96;94;95;217;10,3;6,6;
2026/08/01;1900 UTC;,2;1003,1;1003,2;1003,1;;15,7;14,5;15,7;15,7;14,6;14,4;95;93;94;196;5,4;2,1;
2026/08/01;2000 UTC;,6;1001,6;1001,8;1001,5;;15,5;14,7;15,5;15,5;14,8;14,6;96;96;96;59;2,7;1,3;
2026/08/01;2100 UTC;0;1001,6;1001,8;1001,5;;15,3;14,8;15,4;15,3;14,9;14,8;98;97;97;34;3,8;1,7;
2026/08/01;2200 UTC;0;1002,2;1002,3;1002,1;;15,2;14,7;15,3;15,2;14,8;14,7;98;97;97;52;3,1;1,5;
2026/08/01;2300 UTC;0;1003;1003;1002,9;;14,9;14,7;15;14,9;14,7;14,7;99;99;99;72;2,5;1,2;
2026/08/02;0000 UTC;0;1003,3;1003,3;1003,3;;14,8;14,7;14,8;14,8;14,7;14,6;99;99;99;140;1,8;1;
2026/08/02;0100 UTC;0;1003,6;1003,8;1003,2;;14,5;14,4;14,7;14,3;14,5;14,3;100;99;100;127;1,8;,7;
2026/08/02;0200 UTC;0;1004;1004;1003,9;;14;14;14,1;13,9;14,2;13,9;100;100;100;139;1,3;,6;
2026/08/02;0300 UTC;0;1003,9;1004;1003,9;;13,9;13,9;14,1;13,7;14,1;13,7;100;100;100;53;,8;,4;
2026/08/02;0400 UTC;0;1003,7;1003,7;1003,7;;13,2;13,2;13,6;12,8;13,6;12,9;100;100;100;130;1,2;,7;
2026/08/02;0500 UTC;0;1003,7;1003,7;1003,6;;12,8;12,9;12,8;12,8;12,9;12,9;100;100;100;181;1,3;,9;
2026/08/02;0600 UTC;0;1003,7;1003,7;1003,6;;12,2;12,2;12,6;11,8;12,6;11,9;100;100;100;331;1,2;,7;
2026/08/02;0700 UTC;0;1003,4;1003,4;1003,3;;13,4;13,4;13,4;13,4;13,5;13,4;100;100;100;94;1,4;,5;
2026/08/02;0800 UTC;,2;1003,1;1003,1;1003,1;;13,6;13,6;13,6;13,6;13,6;13,6;100;100;100;94;1,6;,8;
2026/08/02;0900 UTC;0;1003,3;1003,3;1003,3;;13,5;13,6;13,6;13,5;13,6;13,6;100;100;100;143;1,4;,8;
2026/08/02;1000 UTC;0;1003,2;1003,3;1003,1;;13,6;13,7;13,6;13,6;13,7;13,7;100;100;100;133;2,4;1,1;
2026/08/02;1100 UTC;0;1003,9;1003,9;1003,8;;13,7;13,8;13,8;13,7;13,8;13,7;100;100;100;110;1,9;,7;
2026/08/02;1200 UTC;0;1004,3;1004,3;1004,3;;14,4;14,5;14,5;14,4;14,5;14,4;100;100;100;101;2,7;1,2;
2026/08/02;1300 UTC;0;1004,3;1004,3;1004,3;;15,2;15,2;15,2;15,2;15,3;15,2;100;100;100;75;2,6;1,3;
2026/08/02;1400 UTC;0;1004,1;1004,1;1004,1;;16,4;15,5;16,4;16,4;15,7;15,4;97;95;96;77;3,1;1,6;
2026/08/02;1500 UTC;0;1002,6;1002,7;1002,6;;18,5;16,6;18,6;18,2;16,8;16,3;92;89;91;50;3,8;1,5;
2026/08/02;1600 UTC;0;1002,4;1002,4;1002,4;;20,3;17,1;20,3;20,3;17,6;16,8;86;82;84;39;2,8;1,3;
2026/08/02;1700 UTC;0;1001,6;1001,6;1001,6;;21,9;17,3;22,1;21,7;17,7;17;80;75;77;112;2,6;1,2;
2026/08/02;1800 UTC;0;1000,5;1000,6;1000,5;;23,6;17,4;23,7;23,4;17,7;17,2;70;68;69;48;3,6;1,9;
2026/08/02;1900 UTC;0;1000,2;1000,2;1000,2;;24,2;18,1;24,2;24,1;18,5;17,9;72;68;70;45;3,5;1,9;
2026/08/02;2000 UTC;0;1000,2;1000,2;1000,2;;24;18,7;24;23,9;18,8;18,6;74;73;74;32;2,8;1,4;
2026/08/02;2100 UTC;0;1000,2;1000,3;1000,2;;22,6;18,8;22,7;22,5;18,9;18,8;82;81;81;30;2,5;1,4;
2026/08/02;2200 UTC;0;1000,5;1000,5;1000,5;;21,4;18,8;21,5;21,4;18,8;18,8;87;87;87;46;1,6;,7;
2026/08/02;2300 UTC;0;1000,6;1000,6;1000,6;;21,8;18,8;21,8;21,7;18,8;18,8;85;85;85;106;1,9;1;
2026/08/03;0000 UTC;0;1000,8;1000,9;1000,8;;22,2;18,6;22,2;22,1;18,6;18,6;82;82;82;71;2,6;1,4;
2026/08/03;0100 UTC;0;1001;1001,1;1000,9;;21,6;18,6;22,1;21,3;18,6;18,5;87;83;85;92;2,9;,9;
2026/08/03;0200 UTC;0;1001,3;1001,3;1001,3;;20,6;18,6;20,6;20,6;18,7;18,6;90;90;90;138;,8;,4;
2026/08/03;0300 UTC;0;1001,1;1001,1;1001,1;;20,1;18,6;20,2;20;18,6;18,6;93;92;93;123;1,6;,8;
2026/08/03;0400 UTC;0;1001,3;1001,3;1001,2;;20,5;18,6;20,5;20,4;18,6;18,6;91;90;91;86;1,7;,8;
2026/08/03;0500 UTC;0;1001,3;1001,4;1001,3;;20,1;18,5;20,1;20,1;18,6;18,5;92;92;92;54;2,5;,9;
2026/08/03;0600 UTC;0;1001,2;1001,2;1001,1;;20,5;18,4;20,6;20,4;18,4;18,4;90;89;90;89;2,1;,8;
2026/08/03;0700 UTC;0;1001,1;1001,1;1001,1;;19,4;18,2;19,5;19,4;18,3;18,2;94;94;94;66;1,5;,7;
2026/08/03;0800 UTC;0;1001;1001,1;1001;;19,4;18;19,4;19,4;18,1;18;93;93;93;124;1,8;1;
2026/08/03;0900 UTC;0;1001,1;1001,1;1001;;19,4;17,9;19,4;19,3;18;17,9;93;93;93;118;2;1;
2026/08/03;1000 UTC;0;1001,8;1001,8;1001,8;;18,8;17,9;18,9;18,8;17,9;17,9;95;95;95;148;1,3;,6;
2026/08/03;1100 UTC;0;1002,2;1002,2;1002,2;;19;18;19,2;18,8;18;18;96;94;95;54;2,2;,9;
2026/08/03;1200 UTC;0;1002,8;1002,8;1002,8;;19,5;18,1;19,5;19,5;18,2;18;93;93;93;74;1,6;,7;
2026/08/03;1300 UTC;;;;;;;;;;;;;;;;;;
2026/08/03;1400 UTC;0;1004,3;1004,5;1004,1;;20,3;18,1;20,3;20,3;18,2;18,1;89;89;89;210;3,5;1,7;
2026/08/03;1500 UTC;0;1004,5;1004,6;1004,4;;20,7;18;20,7;20,7;18,2;17,9;87;86;87;357;1,6;,8;
2026/08/03;1600 UTC;0;1005,8;1006;1005,3;;20;18,7;20,2;19,8;18,9;18,4;95;92;93;229;6,7;2,9;
2026/08/03;1700 UTC;,4;1003,5;1003,6;1003,5;;20,2;17,7;20,5;20,1;18;17,3;88;86;87;255;2,5;,8;
2026/08/03;1800 UTC;0;1001,7;1001,8;1001,6;;20,2;18,9;20,3;20,1;19;18,6;94;92;93;108;1,5;,8;
2026/08/03;1900 UTC;0;1002,7;1002,8;1002,6;;20,7;19,5;20,7;20,7;19,7;19,3;95;93;94;229;1,8;,6;
2026/08/03;2000 UTC;0;1002,8;1002,9;1002,8;;21,1;18,2;21,1;21,1;18,4;18,1;87;85;86;258;1,7;,7;
2026/08/03;2100 UTC;0;1002;1002,2;1001,7;;20,4;17,7;20,5;20,2;17,9;17,6;88;85;87;150;1,4;,7;
2026/08/03;2200 UTC;0;1001,5;1001,7;1001,4;;19,8;17,9;19,8;19,7;18,1;17,7;91;90;91;75;2,5;1;
2026/08/03;2300 UTC;0;1002,9;1002,9;1002,6;;19,1;18,4;19,2;19;18,5;18,3;97;95;96;331;2,4;1,3;
2026/08/04;0000 UTC;0;1003,7;1003,7;1003,7;;19,1;17,6;19,4;18,9;17,8;17,5;94;90;92;53;1,5;,7;
2026/08/04;0100 UTC;,2;1002,4;1003,4;1001,5;;19,3;17,2;20,1;18,5;17,9;16,6;97;83;90;186;5,1;,7;
2026/08/04;0200 UTC;0;1001,8;1001,9;1001,8;;18,7;17,1;18,7;18,6;17,2;17;93;92;92;149;2,3;1,1;
2026/08/04;0300 UTC;0;1000,9;1001;1000,9;;19;16,7;19,1;18,9;16,8;16,6;90;88;89;145;2,2;1,6;
2026/08/04;0400 UTC;0;1001,2;1001,3;1001,2;;20,2;16,3;20,3;19,9;16,5;16,2;82;80;81;242;3,2;1,1;
2026/08/04;0500 UTC;0;1000,7;1000,7;1000,7;;19,7;16,6;20;19,4;16,9;16,4;87;82;84;13;3,4;1,8;
2026/08/04;0600 UTC;0;1000,8;1000,9;1000,8;;18,7;16,9;18,7;18,7;17;16,8;91;90;91;190;1,7;,8;
2026/08/04;0700 UTC;0;1004,3;1004,4;1004,2;;19,7;16,5;19,9;19,6;16,6;16,4;85;83;84;229;5,4;2,3;
2026/08/04;0800 UTC;,4;1005;1005,2;1004,9;;18,4;17,7;18,4;18,4;17,7;17,7;97;97;97;205;5,1;2,9;
2026/08/04;0900 UTC;0;1003,6;1003,6;1003,6;;18,2;17,5;18,3;18,2;17,5;17,5;97;96;96;159;3,2;1,3;
2026/08/04;1000 UTC;0;1003;1003,1;1003;;17,6;17,4;17,6;17,6;17,4;17,4;99;99;99;15;3,2;2;
2026/08/04;1100 UTC;0;1002,5;1002,6;1002,5;;18,2;17,5;18,3;18,2;17,6;17,5;97;96;97;30;2,4;1,5;
2026/08/04;1200 UTC;0;1002,4;1002,4;1002,3;;18,3;17,8;18,4;18,3;17,9;17,7;98;97;97;49;2,2;1,1;
2026/08/04;1300 UTC;;;;;;;;;;;;;;;;;;
2026/08/04;1400 UTC;0;1002,2;1002,2;1002,2;;20,4;18,3;20,5;20,2;18,7;18;91;89;90;52;4,1;1,7;
2026/08/04;1500 UTC;0;1001,9;1001,9;1001,8;;21,6;18,2;21,6;21,5;18,3;18,1;84;83;83;47;4,2;2;
2026/08/04;1600 UTC;0;1001,3;1001,4;1001,2;;23,1;18,7;23,2;23;18,9;18,5;79;77;78;61;3,2;1,3;
2026/08/04;1700 UTC;0;999,9;1000;999,9;;25,2;19,2;25,4;25,1;19,3;19,1;71;69;70;33;4,4;2,2;
2026/08/04;1800 UTC;0;999,2;999,2;999,2;;26,7;19,9;26,9;26,6;20,4;19,7;67;65;66;45;4,4;2;
2026/08/04;1900 UTC;0;999;999;998,9;;26;20,1;26,1;25,9;20,4;19,8;72;69;71;37;2,5;1,2;
2026/08/04;2000 UTC;0;999,4;999,4;999,4;;23,9;20,3;24;23,8;20,5;20,2;83;81;82;213;4,8;2,6;
2026/08/04;2100 UTC;0;999,8;999,8;999,7;;22,7;19,9;22,7;22,6;20;19,8;87;85;86;215;1,5;,5;
2026/08/04;2200 UTC;0;1000,1;1000,1;1000,1;;21,3;20,1;21,4;21,3;20,1;20;94;93;94;335;1;,6;
2026/08/04;2300 UTC;0;1000,4;1000,4;1000,3;;20,4;20,2;20,4;20,4;20,2;20,1;99;99;99;347;,9;,5;
2026/08/05;0000 UTC;0;1000,4;1000,4;1000,4;;20,2;20,1;20,2;20,1;20,1;20;99;99;99;6;1,6;,9;
2026/08/05;0100 UTC;0;1000,7;1000,9;1000,5;;20,5;20;20,7;20,3;20,1;19,9;99;97;97;36;3;,4;
2026/08/05;0200 UTC;0;1000,9;1001;1000,9;;20,1;20,1;20,2;20,1;20,1;20;100;100;100;214;,9;,3;
2026/08/05;0300 UTC;0;1001;1001;1000,9;;20;20,1;20;20;20,1;20,1;100;100;100;152;1,4;,8;
2026/08/05;0400 UTC;0;1000,7;1000,8;1000,7;;19,8;19,8;19,8;19,7;19,9;19,7;100;100;100;45;1,2;,6;
2026/08/05;0500 UTC;0;1000,9;1001;1000,9;;19,7;19,7;19,7;19,6;19,8;19,7;100;100;100;239;1;,3;
2026/08/05;0600 UTC;0;1000,1;1000,2;1000,1;;19,9;19,9;19,9;19,9;20;19,9;100;100;100;131;1,9;,9;
2026/08/05;0700 UTC;0;999,7;999,8;999,7;;19,6;19,6;19,6;19,5;19,6;19,6;100;100;100;354;1,1;,6;
2026/08/05;0800 UTC;0;999,7;999,7;999,6;;19,7;19,8;19,8;19,7;19,8;19,8;100;100;100;66;2;1,1;
2026/08/05;0900 UTC;;;;;;;;;;;;;;;;;;
2026/08/05;1000 UTC;0;1000,1;1000,1;1000;;19,3;19,2;19,3;19,3;19,2;19,2;100;99;99;6;1,8;,7;
2026/08/05;1100 UTC;0;1000,8;1000,8;1000,7;;19,2;19,1;19,3;19,2;19,1;19,1;99;99;99;58;,8;,4;
2026/08/05;1200 UTC;0;1001,2;1001,2;1001,1;;20;19,6;20;19,9;19,7;19,4;99;97;98;58;1,8;,9;
2026/08/05;1300 UTC;;;;;;;;;;;;;;;;;;
2026/08/05;1400 UTC;10,3;1000,7;1001,5;1000,7;1828,7;22,7;19,8;22,7;21,6;20,3;19,6;91;84;84;22;5,1;3,2;
2026/08/05;1500 UTC;0;999,9;1000,7;999,9;2063,5;24;20,9;24;22,4;20,9;19,7;89;80;83;70;5,4;1,3;
2026/08/05;1600 UTC;0;998,6;999,9;998,6;1722,3;24;20,6;24,6;23,4;21;20;85;78;81;56;4,1;1,5;
2026/08/05;1700 UTC;0;997,8;998,6;997,8;2083,6;25,9;20,7;25,9;24,2;21,3;19,4;82;69;73;7;22,6;1,4;
2026/08/05;1800 UTC;0;997;997,8;997;1544,5;26,2;19,5;26,4;25;20,9;19;75;65;67;203;2,9;1;
2026/08/05;1900 UTC;0;996,8;997;996,8;947,8;26,2;19;26,7;25,8;19,9;18,1;70;61;65;10;2,4;,9;
2026/08/05;2000 UTC;0;996,9;996,9;996,7;910,6;26,2;18,7;27,2;25,9;19,8;18,1;69;59;63;357;3,7;,7;
2026/08/05;2100 UTC;0;997;997;996,8;224,2;24,1;19,4;26,2;24,1;20,8;18,4;77;62;75;303;2,1;,1;
2026/08/05;2200 UTC;0;997,2;997,3;997;2,4;21,2;20,2;24,1;21,2;20,5;19,9;94;79;94;176;1;,4;
2026/08/05;2300 UTC;0;997,6;997,6;997,1;0;20,2;19,5;21,2;20,1;20,2;19,4;96;93;96;177;1,6;,6;
2026/08/06;0000 UTC;0;997,5;997,6;997,4;0;19,9;19,3;20,3;19,9;19,6;19,2;97;95;96;189;1,3;,3;
2026/08/06;0100 UTC;0;997,4;997,5;997,4;0;19;18,7;19,8;19;19,2;18,7;99;96;98;152;1,2;,8;
2026/08/06;0200 UTC;0;997,5;997,5;997,3;0;18,7;18,5;19;18,6;18,8;18,2;98;97;98;153;1,7;,8;
2026/08/06;0300 UTC;0;997,1;997,6;997,1;0;18,2;18;18,8;18,2;18,6;17,9;99;97;99;10;1,5;,6;
2026/08/06;0400 UTC;0;996,5;997,1;996,5;0;18,2;18,2;18,3;18,1;18,3;18;100;99;100;149;1,2;,6;
2026/08/06;0500 UTC;0;995,9;996,5;995,9;0;19;18,4;19;18,1;18,6;18;100;96;96;116;1,6;,9;
2026/08/06;0600 UTC;0;994,9;995,8;994,9;0;19,3;18,1;19,3;18,4;18,4;17,9;98;93;93;170;2,3;1,2;
2026/08/06;0700 UTC;0;994;994,9;994;0;18,1;17,8;19,3;18,1;18,2;17,7;98;93;98;110;1,9;,7;
2026/08/06;0800 UTC;0;993,6;994,1;993,6;0;18,3;18;18,5;18;18;17,7;99;96;98;73;1,3;,5;
2026/08/06;0900 UTC;0;993,8;994,1;993,7;0;18,9;18,2;18,9;18,3;18,2;17,8;98;95;95;79;2,5;1;
2026/08/06;1000 UTC;0;994,3;994,3;993,7;0;19,2;18,3;19,4;19;18,4;18,1;95;93;95;57;2,4;,9;
2026/08/06;1100 UTC;0;994,5;994,5;993,9;10,2;19;18,4;19,2;18,8;18,4;18,1;97;95;96;104;2,4;,8;
2026/08/06;1200 UTC;0;994,1;994,6;994,1;207,1;20,3;19;20,3;19,1;19;18,4;96;91;92;101;1,9;,6;
2026/08/06;1300 UTC;0;993,4;994,4;993,4;915,1;23,4;19,4;23,4;20,3;19,8;18,8;92;78;78;49;4,8;1,9;
2026/08/06;1400 UTC;0;992,8;993,5;992,7;1384,8;25,8;18,3;25,8;23,4;20,4;17,8;80;63;63;2;6,5;4,1;
2026/08/06;1500 UTC;0;992,4;992,8;992,3;755,7;25,4;18,7;25,8;25;19,2;18;68;63;66;355;7,6;2,9;
2026/08/06;1600 UTC;0;992;992,3;991,6;548;24;18,5;25,9;24;19,1;18,1;73;64;71;0;8,6;2,6;
2026/08/06;1700 UTC;,6;990,9;992;990,7;218;21,3;19,4;24;21,3;19,9;18,5;90;71;89;11;6,5;3,5;
2026/08/06;1800 UTC;0;990,2;990,9;990,2;1162,2;22,5;18,3;22,5;21,1;19,6;17;90;73;77;31;6,4;2,9;
2026/08/06;1900 UTC;0;989,8;990,2;989,8;1201;22,5;18,1;23,6;22,5;18,9;18;79;71;77;16;11,2;6,3;
2026/08/06;2000 UTC;0;990;990;989,7;200,5;21,6;17,9;22,5;21,6;18,4;17,8;80;76;79;27;9,3;3,4;
2026/08/06;2100 UTC;0;989,9;990,2;989,8;30,2;21,3;17,7;21,6;21,3;18;17,6;81;79;80;19;6,4;4,1;
2026/08/06;2200 UTC;0;990,2;990,4;989,6;0;21,1;17,5;21,3;21;17,8;17,4;81;80;80;29;7,5;3,8;
2026/08/06;2300 UTC;7,7;993,9;994,1;990,1;1,1;19,3;18,5;21,2;19,3;18,6;17,3;95;79;95;208;15,1;3,5;
2026/08/07;0000 UTC;14,8;995,1;996,1;993,5;0;18;17,9;19,3;18;18,5;17,5;99;93;99;95;7,9;1,1;
2026/08/07;0100 UTC;4,9;995,7;996,2;995,1;0;18,1;18,1;18,2;17,9;18,2;17,9;100;100;100;338;1,9;,7;
2026/08/07;0200 UTC;,2;996,8;996,8;995,7;0;17,8;17,7;18,1;17,8;18,1;17,7;100;99;99;216;2,8;1,2;
2026/08/07;0300 UTC;0;997,7;997,7;996,8;0;17;14,9;17,9;17;17,7;14,9;99;87;87;207;8,3;4,1;
2026/08/07;0400 UTC;0;998,2;998,2;997,6;0;15,1;13,1;17;14,8;14,8;12,8;90;81;88;207;7,5;2,2;
2026/08/07;0500 UTC;0;998,4;998,5;998,2;0;14;12,4;15,2;14;13,2;12,4;90;87;90;214;5,2;1,9;
2026/08/07;0600 UTC;0;998,3;998,5;998,1;0;13,2;11,5;14,1;13,2;12,4;11,5;91;88;90;214;11,1;5;
2026/08/07;0700 UTC;0;999,3;999,3;998,4;0;11,8;9,1;13,2;11,8;11,8;9,1;91;83;83;211;9,4;4,8;
2026/08/07;0800 UTC;0;1000,1;1000,2;999,3;0;11,1;9;11,8;11;9,1;8,6;88;82;87;212;8,1;1,6;
2026/08/07;0900 UTC;0;1000,8;1000,8;1000,1;0;10,8;8,8;11,1;10,7;9;8,6;89;85;87;208;5,6;1,6;
2026/08/07;1000 UTC;0;1001,1;1001,2;1000,9;0;10,5;8,3;10,9;10,4;9;8,3;89;86;87;205;5,1;2,2;
2026/08/07;1100 UTC;0;1002,5;1002,6;1001,1;46,9;10,5;8,3;10,5;10,3;8,7;8;89;85;87;201;5,1;2,2;
2026/08/07;1200 UTC;0;1003,1;1003,2;1002;305,9;10,9;8,3;11;10,4;8,8;7,9;87;83;84;195;6,8;2,3;
2026/08/07;1300 UTC;0;1003,7;1003,7;1002,9;743,3;11,8;7,8;11,9;10,9;8,8;7,4;85;74;77;176;5,9;3,1;
2026/08/07;1400 UTC;0;1003,6;1004;1003,6;1070;12,1;8,2;12,7;11,8;8,6;7,3;78;71;77;206;5,5;3,2;
2026/08/07;1500 UTC;0;1003,4;1003,8;1003,4;756,9;12,3;8,1;12,3;12;8,4;7,4;79;72;76;236;5,5;2,8;
2026/08/07;1600 UTC;0;1002,7;1003,4;1002,7;1073,2;13;7,4;13;12,2;8,5;7,1;75;68;69;264;6,3;3;
2026/08/07;1700 UTC;0;1001,7;1002,6;1001,7;1376,1;13,6;8,1;14;13;8,8;7,1;73;65;69;258;5,5;3,2;
2026/08/07;1800 UTC;0;1000,7;1001,7;1000,7;1304,4;14,3;7,8;14,3;13,6;8,6;7,4;70;64;65;121;4,8;,8;
2026/08/07;1900 UTC;0;1000;1000,7;1000;1972,9;15,2;8,3;15,6;14,4;9,1;7,5;69;60;63;101;3,2;1,1;
2026/08/07;2000 UTC;0;999,6;1000;999,6;830,8;14,9;8,6;15,4;14,5;9,2;7,6;68;60;66;58;3,3;1,3;
2026/08/07;2100 UTC;0;999,2;999,6;999,2;273,3;13,3;9;14,9;13,3;9,4;8,3;77;65;75;43;4,2;1;
2026/08/07;2200 UTC;0;998,9;999,2;998,8;3,2;11,1;9,4;13,3;11,1;9,7;8,5;89;72;89;141;2,3;,6;
2026/08/07;2300 UTC;0;998,9;998,9;998,7;0;9,8;8,7;11,1;9,8;9,4;8,6;93;89;93;123;1,5;,6;
2026/08/08;0000 UTC;0;998,6;998,9;998,6;0;8,3;7,9;9,8;8,3;8,7;7,9;97;92;97;191;1,4;,2;
2026/08/08;0100 UTC;0;998,3;998,6;998,3;0;7,8;7,7;8,3;7,8;8,1;7,7;100;98;99;209;,9;,3;
2026/08/08;0200 UTC;0;997,6;998,3;997,6;0;7,2;7,2;7,8;7;7,7;7;100;99;100;139;1;,2;
2026/08/08;0300 UTC;0;996,9;997,6;996,9;0;7;7;7,3;7;7,3;7;100;100;100;190;,7;,2;
2026/08/08;0400 UTC;0;995,9;996,9;995,9;0;7;7;7,3;6,5;7,3;6,5;100;100;100;2;1,4;,7;
2026/08/08;0500 UTC;0;995,3;995,9;995,2;0;7,4;7,4;7,5;6,7;7,5;6,7;100;100;100;350;1,5;,4;
2026/08/08;0600 UTC;0;994,7;995,3;994,7;0;8,2;8,2;8,2;7,5;8,2;7,5;100;100;100;117;1,4;,7;
2026/08/08;0700 UTC;0;994,6;994,8;994,6;0;8,5;8,5;8,6;8,2;8,6;8,2;100;100;100;152;1,5;,9;
2026/08/08;0800 UTC;0;994,4;994,6;994,3;0;9,2;9,2;9,2;8,5;9,2;8,5;100;100;100;138;2,7;,7;
2026/08/08;0900 UTC;0;994,2;994,4;994,2;0;10,3;10,3;10,3;9,2;10,3;9,2;100;100;100;88;1,4;,5;
2026/08/08;1000 UTC;0;994,5;994,5;994;0;10,6;10,6;10,6;10,3;10,6;10,3;100;100;100;28;1,6;,4;
2026/08/08;1100 UTC;0;994,4;994,6;994,2;15,8;10,8;10,8;10,8;10,6;10,8;10,6;100;100;100;79;2,7;,7;
2026/08/08;1200 UTC;0;994,9;994,9;993,9;332,7;12,1;11,8;12,1;10,8;11,9;10,8;100;98;98;178;2,2;,7;
2026/08/08;1300 UTC;0;995,5;995,7;994,9;455,4;13,1;12,2;13,1;12,1;12,3;11,6;98;93;95;183;2,6;,9;
2026/08/08;1400 UTC;0;995,9;996;995,5;227,5;13,9;12,8;13,9;13,1;13,2;12,2;97;93;93;213;3,6;1;
2026/08/08;1500 UTC;0;996,1;996,3;995,9;297,9;14,1;13,2;14,1;13,5;13,3;12,7;96;93;94;218;4;1,2;
2026/08/08;1600 UTC;0;995,7;996,2;995,7;1224,7;16,2;13,4;16,2;14,2;13,8;12,5;93;80;83;217;4,4;1,7;
2026/08/08;1700 UTC;0;994,7;995,7;994,7;2571,7;17,9;12,8;18,2;16,3;14,1;12,4;83;72;72;217;6,3;3,3;
2026/08/08;1800 UTC;0;994,5;994,7;994,3;2230,2;18,6;11,9;18,8;17,7;13,8;11,9;76;65;65;217;5,9;3,5;
2026/08/08;1900 UTC;0;995;995;994,5;1780,3;18,7;11,4;18,9;18,5;13,1;11,2;70;61;62;220;6,6;3,6;
2026/08/08;2000 UTC;0;996,1;996,1;995;1101,7;17,8;9,5;19;17,8;12,2;8,9;65;56;58;212;7,9;4,6;
2026/08/08;2100 UTC;0;997,5;997,5;996,2;233,8;16,1;10,3;17,8;16;10,8;9,1;69;57;68;200;8;3,3;
2026/08/08;2200 UTC;0;998,5;998,5;997,5;5,1;14,6;10,1;16;14,5;10,5;10;75;68;74;198;4,9;1,4;
2026/08/08;2300 UTC;0;1000,2;1000,2;998,6;0;12,4;9,9;14,7;11,3;10,2;9,6;91;74;84;196;7,7;,6;
2026/08/09;0000 UTC;0;1001,4;1001,4;1000,2;0;10,6;9,7;13,4;10,6;10;9,5;94;78;94;175;4,6;,3;
2026/08/09;0100 UTC;0;1001,9;1001,9;1001,3;0;9,5;9,3;10,3;9,5;9,5;8,9;99;92;99;168;1,2;,3;
2026/08/09;0200 UTC;0;1002,1;1002,3;1001,8;0;9,6;9,4;9,8;8,9;9,6;8,7;100;97;99;170;2,1;1,1;
2026/08/09;0300 UTC;0;1002,1;1002,3;1002,1;0;8,4;8,2;9,5;8,3;9,3;7,6;100;95;99;131;1,5;,4;
2026/08/09;0400 UTC;0;1002,2;1002,2;1001,7;0;8,3;8,3;9,8;8,2;9,2;7,8;100;90;100;341;2,1;,5;
2026/08/09;0500 UTC;0;1003,7;1003,7;1001,9;0;7,8;7,8;8,3;7,5;8,3;7,5;100;99;100;212;1,7;,4;
2026/08/09;0600 UTC;0;1003,7;1003,8;1003,2;0;6,9;6,9;8;6,7;8;6,6;100;99;100;226;1,9;,5;
2026/08/09;0700 UTC;0;1004;1004,2;1003,7;0;6,6;6,6;7,5;6,5;7,5;6,5;100;100;100;114;1,8;,2;
2026/08/09;0800 UTC;0;1002,7;1004;1002,7;0;8,5;8,1;8,5;6,2;8,2;6,2;100;97;97;166;3,3;1,8;
2026/08/09;0900 UTC;0;1003,9;1003,9;1002,5;0;8,2;7,8;9;8,2;8,1;7,5;98;92;98;59;3,1;,5;
2026/08/09;1000 UTC;0;1004,8;1004,8;1003,8;0;6,7;6,6;8,3;6,6;8;6,4;100;96;100;336;1,8;,4;
2026/08/09;1100 UTC;0;1004,8;1005,1;1004,5;87,2;8,7;7;8,7;6,2;7,6;6,2;100;89;89;113;2,3;,9;
2026/08/09;1200 UTC;0;1004,9;1005,2;1004,7;1048,9;11,7;6,9;11,7;8,8;7,2;5,9;87;72;73;129;5,5;2,8;
2026/08/09;1300 UTC;0;1006,7;1006,7;1004,9;1678;13;6,3;13;11,7;7,6;5,8;75;61;64;91;6,6;2,4;
2026/08/09;1400 UTC;0;1007;1007,1;1006,7;1857,7;13,7;6,7;13,8;13;7;5,7;66;59;63;248;7,2;3,8;
2026/08/09;1500 UTC;0;1006,6;1007;1006,6;2090,8;15,6;7,7;15,6;13,7;7,7;6,2;62;57;59;102;8,7;1;
2026/08/09;1600 UTC;0;1006,1;1006,7;1006,1;2370,1;16,4;8,3;16,5;15,4;8,9;6,9;62;55;59;133;3;,9;
2026/08/09;1700 UTC;0;1005,7;1006,1;1005,7;2475,2;17;9;17;16,3;9;7,2;60;53;59;172;6,3;3,2;
2026/08/09;1800 UTC;0;1005,2;1005,7;1005,2;2396,4;17,6;7;17,7;16,8;8,9;6,8;58;49;50;164;7;3,6;
2026/08/09;1900 UTC;0;1005,3;1005,3;1005;1790;17,9;6,8;18,1;17,5;7,5;5,2;51;44;48;149;7;2,8;
2026/08/09;2000 UTC;0;1005,7;1005,7;1005,3;1118,9;17,4;5,5;18,1;17,4;7,6;5,2;51;44;45;175;8,4;3,6;
2026/08/09;2100 UTC;0;1006,6;1006,6;1005,7;238,7;15,8;5,2;17,4;15,8;6,7;4,6;52;46;49;149;6,2;1,1;
2026/08/09;2200 UTC;0;1007,7;1007,7;1006,6;4,2;14,6;4,5;15,8;14,6;5,8;3,9;52;47;51;188;3,1;1,7;
2026/08/09;2300 UTC;0;1008,2;1008,3;1007,7;0;13,8;2,5;14,7;13,8;4,8;2,3;52;44;46;103;11,2;2,9;
2026/08/10;0000 UTC;0;1009,6;1009,6;1008,2;0;12,6;2,6;13,7;12,6;2,6;1,1;51;43;51;259;11,2;7,6;
2026/08/10;0100 UTC;0;1010;1010;1009,5;0;11,9;3;12,3;11,9;3,2;2,3;55;51;54;253;8,8;3,4;
2026/08/10;0200 UTC;0;1010,7;1010,8;1010;0;11,2;3,3;11,9;10,8;3,5;2,8;60;54;58;264;7;4,1;
2026/08/10;0300 UTC;0;1011,6;1011,6;1010,7;0;11;2,9;11,5;11;3,4;2,6;58;55;57;262;7,6;5,3;
2026/08/10;0400 UTC;0;1011,8;1011,8;1011,3;0;10,2;3,5;11;10,2;3,5;2,7;63;57;63;284;7,2;,6;
2026/08/10;0500 UTC;0;1012,5;1012,5;1011,8;0;10;3,4;10,2;9,4;3,7;3,2;67;62;63;239;6,9;,7;
2026/08/10;0600 UTC;0;1012,6;1012,7;1012,5;0;10,4;3;10,5;10,1;3,4;2,8;63;59;60;147;6,1;,6;
2026/08/10;0700 UTC;0;1013,2;1013,3;1012,5;0;9,4;2,6;10,4;9,4;3,1;2,5;64;59;63;147;5,9;3,1;
2026/08/10;0800 UTC;0;1013,7;1013,7;1013,3;0;9,3;2,3;9,5;9,1;3;2,1;65;61;62;152;6,1;2,6;
2026/08/10;0900 UTC;0;1014,3;1014,3;1013,6;0;8,8;2,2;9,3;8,8;2,4;1,9;64;61;63;133;4,3;1,6;
2026/08/10;1000 UTC;0;1014,9;1015,2;1014,4;0;8,4;1,9;9;8,3;2,3;1,8;65;61;64;144;4;2,2;
2026/08/10;1100 UTC;0;1015,6;1015,7;1014,9;93,1;9,1;1,8;9,1;8,1;2,3;1,7;65;60;60;85;4,1;1,6;
2026/08/10;1200 UTC;0;1016,4;1016,4;1015,6;775,9;11;2,3;11;9,1;2,6;1,6;61;55;55;129;5,9;1,8;
2026/08/10;1300 UTC;0;1016,7;1016,9;1016,4;1501,2;12,8;3,3;12,8;11;3,3;1,9;56;49;52;81;5,3;,9;
2026/08/10;1400 UTC;0;1015,4;1016,7;1015,4;2026,7;14,4;2,2;14,4;12,7;4;1,6;53;42;44;255;8,9;3,9;
2026/08/10;1500 UTC;0;1015,6;1015,7;1015,1;2142,7;15,2;2,4;15,5;14,3;3,4;1,4;45;41;42;172;8,4;4,2;
2026/08/10;1600 UTC;0;1014,8;1015,6;1014,5;1975,9;16;1,8;16,5;15,2;4,1;1,6;46;37;38;183;8,4;5,2;
2026/08/10;1700 UTC;0;1014,1;1014,8;1013,8;1472,8;16,7;2,3;16,8;15,9;3,5;1,6;42;37;38;237;8,4;2,7;
2026/08/10;1800 UTC;0;1013,2;1014,1;1013,2;1349,1;16,5;2,5;16,8;16,4;3,8;1,5;43;36;39;167;7,5;,1;
2026/08/10;1900 UTC;0;1013,2;1013,3;1013,1;611,3;15,8;1,8;16,5;15,8;3,1;1,6;42;38;39;320;1,7;0;
2026/08/10;2000 UTC;0;1013,2;1013,4;1013;225,7;15,4;1,6;15,8;15,3;3,2;1,3;44;38;39;17;,8;,2;
2026/08/10;2100 UTC;0;1013,5;1013,6;1013,2;67,8;14,9;1,9;15,5;14,9;2,5;,8;43;37;42;90;1,1;1;
2026/08/10;2200 UTC;0;1013,3;1013,6;1013,3;,7;14,6;0;14,8;14,6;2,4;0;43;37;37;92;1;,1;
2026/08/10;2300 UTC;0;1013,8;1013,9;1013,2;0;14,3;1,1;14,6;14,3;1,6;-,2;42;36;40;92;,1;,1;
2026/08/11;0000 UTC;0;1014;1014,1;1013,8;0;13,4;4,1;14,4;13,4;4,1;,7;53;39;53;246;6,5;6,2;
2026/08/11;0100 UTC;0;1014,1;1014,2;1013,7;0;13;4,3;13,3;12,9;4,7;4,1;57;54;55;226;8,5;2,3;
2026/08/11;0200 UTC;0;1013,6;1014,1;1013,6;0;12,9;4,5;13;12,9;5;4,4;59;56;57;240;9;5,9;
2026/08/11;0300 UTC;0;1013,2;1013,6;1013,2;0;12,7;5;12,9;12,7;5,1;4,4;60;56;59;277;9;5,5;
2026/08/11;0400 UTC;0;1012,7;1013,2;1012,7;0;12,6;5,2;12,7;12,6;5,4;4,6;61;58;60;239;8,1;5,2;
2026/08/11;0500 UTC;0;1012,1;1012,8;1012,1;0;12,4;6;12,6;12,4;6;5,2;65;60;65;117;7,5;2,1;
2026/08/11;0600 UTC;0;1011,9;1012,5;1011,9;0;12,3;6,2;12,4;12,3;6,5;5,8;68;64;67;137;5,6;1,3;
2026/08/11;0700 UTC;0;1011,5;1011,9;1011,3;0;12,3;6,5;12,3;12,2;6,7;6,3;69;67;68;220;4,3;,5;
2026/08/11;0800 UTC;0;1011,3;1011,6;1011,2;0;12,1;6,8;12,3;12,1;7;6,4;71;67;70;195;3;,5;
2026/08/11;0900 UTC;0;1011,5;1011,5;1011,2;0;11,9;7,1;12,1;11,9;7,3;6,7;73;70;72;217;2,9;,6;
2026/08/11;1000 UTC;0;1011,8;1012;1011,4;0;10,8;8,7;11,9;10,8;8,8;7,1;87;72;87;91;3,5;1,4;
2026/08/11;1100 UTC;,4;1012,2;1012,2;1011,9;10,7;10,3;9,4;10,7;10,1;9,5;8,8;95;88;95;112;2,9;,9;
2026/08/11;1200 UTC;0;1012,4;1012,7;1012,1;128,9;10,6;9,6;10,6;10,3;9,8;9,3;95;93;93;126;3,9;,6;
2026/08/11;1300 UTC;0;1012,5;1012,5;1012,1;315,5;11,3;10,1;11,3;10,6;10,3;9,5;94;91;92;104;2,3;,4;
2026/08/11;1400 UTC;0;1012,6;1012,8;1012,5;206,1;11,8;10,4;11,9;11,4;10,6;9,9;93;90;91;66;1,3;,3;
2026/08/11;1500 UTC;,6;1012,1;1012,6;1012;204,8;12;11,2;12;11,8;11,3;10,4;96;91;95;123;1,1;,5;
2026/08/11;1600 UTC;0;1010,9;1012,1;1010,9;449,5;12,8;11,7;12,8;12;12;11,2;96;92;93;66;2,6;,9;
2026/08/11;1700 UTC;,8;1009,8;1010,9;1009,7;252,8;12,7;12,3;12,8;12,6;12,3;11,6;98;93;98;91;3,2;1,4;
2026/08/11;1800 UTC;3;1009;1009,8;1009;207,5;12,9;12,6;13;12,6;12,7;12,2;98;97;98;173;2,6;1,2;
2026/08/11;1900 UTC;1,4;1009,1;1009,2;1008,4;142,3;13,3;12,9;13,3;12,9;13;12,6;99;97;98;23;3,3;1,7;
2026/08/11;2000 UTC;2,2;1008,7;1009,1;1008;69,8;13,4;13,2;13,4;13,2;13,2;12,9;99;98;98;215;3;1,2;
2026/08/11;2100 UTC;4;1008,6;1008,8;1007,9;17,4;13,2;13,1;13,4;13,2;13,3;13,1;99;98;99;338;2,8;,9;
2026/08/11;2200 UTC;4,2;1008,4;1009,1;1008,3;0;13,2;13,2;13,2;13,1;13,2;13,1;100;99;100;118;1,9;,5;
2026/08/11;2300 UTC;2,4;1007,7;1008,4;1007,5;0;13,5;13,5;13,5;13,2;13,5;13,2;100;100;100;46;1,3;,7;
2026/08/12;0000 UTC;2,2;1007,7;1007,8;1007,1;0;13,7;13,7;13,7;13,5;13,7;13,5;100;99;100;57;1,1;,9;
2026/08/12;0100 UTC;,4;1006,9;1007,6;1006,8;0;14,1;14,1;14,1;13,8;14,1;13,7;100;100;100;43;1;,4;
2026/08/12;0200 UTC;,6;1006,5;1007,8;1006,5;0;14,5;14,5;14,5;14,1;14,5;14,1;100;100;100;133;1,3;,4;
2026/08/12;0300 UTC;,2;1005,9;1006,6;1005,9;0;15;14,9;15;14,5;14,9;14,5;100;99;99;90;,4;,4;
2026/08/12;0400 UTC;3;1005,3;1006,2;1005,2;0;15,2;15,1;15,2;15;15,1;14,9;100;99;100;90;,4;,4;
2026/08/12;0500 UTC;0;1004,5;1005,3;1004,5;0;15,3;15,2;15,3;15,1;15,2;15,1;100;99;100;90;,4;,4;
2026/08/12;0600 UTC;4,4;1004,5;1005,6;1003,7;0;14,9;14,9;15,4;14,9;15,4;14,8;100;99;100;156;2,1;,9;
2026/08/12;0700 UTC;,8;1003,7;1004,9;1003,7;0;15;15;15;14,7;15;14,7;100;100;100;64;4,7;,9;
2026/08/12;0800 UTC;0;1003,7;1003,8;1003,4;0;14,6;14,6;15;14,6;15;14,6;100;100;100;314;1,6;,4;
2026/08/12;0900 UTC;0;1003,6;1003,7;1003,2;0;14,4;14,4;14,6;14,4;14,6;14,4;100;100;100;219;7,3;,4;
2026/08/12;1000 UTC;0;1004,4;1004,4;1003,6;0;14,6;14,6;14,6;14,4;14,6;14,4;100;100;100;335;1,1;0;
2026/08/12;1100 UTC;,2;1004,6;1004,6;1004,3;17,2;14,2;14,1;14,6;14,2;14,6;14,1;100;99;99;130;1,5;,4;
2026/08/12;1200 UTC;0;1004,3;1005,1;1004,3;195,1;14,8;14,5;14,9;14,2;14,8;14;99;98;98;133;5,7;,1;
2026/08/12;1300 UTC;0;1004,3;1004,6;1004,2;573,2;15,1;14,7;15,2;14,9;14,7;14,3;98;96;97;75;,8;,4;
2026/08/12;1400 UTC;0;1003,9;1004,4;1003,9;1098,8;16,8;15,6;17;15,2;15,8;14,7;97;90;93;45;,4;0;
2026/08/12;1500 UTC;0;1003,4;1004;1003,4;1356,5;18;16,1;18;16,9;16,5;15,4;93;88;89;101;1,9;,7;
2026/08/12;1600 UTC;0;1002,3;1003,4;1002,3;1255,5;19,3;17,1;19,3;17,9;17,1;16;92;86;87;77;3;1,3;
2026/08/12;1700 UTC;0;1001;1002,3;1001;1856,6;20,3;17,7;20,3;19,4;17,9;16,8;88;83;85;66;3,5;1,2;
2026/08/12;1800 UTC;0;1000,2;1001;1000,2;1234,3;20,7;17,8;20,8;20,1;18,2;17,3;87;82;84;339;2,7;1,1;
2026/08/12;1900 UTC;0;999,7;1000,2;999,7;601,6;20,6;18,2;21;20,6;18,5;17,7;87;83;86;340;2,7;1;
2026/08/12;2000 UTC;0;999,8;999,9;999,7;174,8;19,7;17,9;20,7;19,6;18,5;17,9;91;85;90;213;3,3;1,7;
2026/08/12;2100 UTC;0;1000,3;1000,3;999,8;77,7;18,7;17,7;19,6;18,7;18;17,7;94;89;94;218;3,9;2,4;
2026/08/12;2200 UTC;0;1000,6;1000,7;1000,1;1,8;17,2;17,1;18,6;17,2;17,7;17,1;99;94;99;218;4,7;2;
2026/08/12;2300 UTC;0;1001,4;1001,5;1000,6;0;16,5;16,4;17,2;16,5;17;16,4;99;99;99;216;4,4;1,9;
2026/08/13;0000 UTC;0;1002,3;1002,4;1001,4;0;15,8;15,8;16,5;15,8;16,4;15,8;100;99;100;220;3,6;,9;
2026/08/13;0100 UTC;0;1003,2;1003,2;1002,5;0;15,3;15,3;15,7;15,3;15,7;15,3;100;99;100;248;3,1;,2;
2026/08/13;0200 UTC;0;1002,6;1003,2;1002,2;0;15,4;15,3;15,4;15,3;15,3;15,2;100;99;100;234;1;,5;
2026/08/13;0300 UTC;0;1003,4;1003,4;1002;0;15,5;15,5;15,5;15,4;15,5;15,3;100;100;100;271;2;,4;
2026/08/13;0400 UTC;0;1003,3;1003,9;1003,3;0;15,1;14,7;15,5;15,1;15,5;14,6;100;96;97;244;1,4;,8;
2026/08/13;0500 UTC;,4;1003,7;1003,7;1002,2;0;14,9;14,7;15,1;14,9;14,8;14,6;99;97;99;254;1,9;,5;
2026/08/13;0600 UTC;5,3;1002,4;1003,7;1001,5;0;14,6;14,6;15;14,5;14,8;14,5;100;98;100;232;2,2;,5;
2026/08/13;0700 UTC;1,2;1002,4;1003;1001,9;0;14,5;14,4;14,6;14,5;14,6;14,4;100;99;99;219;3,4;1,5;
2026/08/13;0800 UTC;5,3;1003,8;1003,8;1000,6;0;14,3;14,2;14,5;14,2;14,4;14,2;100;99;99;277;3,5;,4;
2026/08/13;0900 UTC;,2;1002,6;1003,9;1002,6;0;14,2;13,8;14,3;14,1;14,2;13,8;99;97;97;262;1;,4;
2026/08/13;1000 UTC;0;1003,4;1003,4;1002;0;14,1;13,9;14,3;14,1;14,1;13,8;99;97;99;262;,4;,4;
2026/08/13;1100 UTC;,2;1004,4;1005,4;1002,9;12,9;14,2;14,1;14,2;14,1;14,1;13,9;99;98;99;262;,4;,4;
2026/08/13;1200 UTC;,2;1004,5;1005,2;1003,9;106,6;14,3;14,1;14,3;14,2;14,1;13,9;99;98;98;262;,4;,4;
2026/08/13;1300 UTC;0;1005,1;1005,2;1004,7;519,8;15;13,8;15;14,3;14,5;13,6;99;92;92;195;,9;,4;
2026/08/13;1400 UTC;0;1004,9;1005,4;1004,9;1777,5;16,5;13,8;16,7;15;14,5;12,5;95;77;84;216;2,3;,9;
2026/08/13;1500 UTC;0;1005,2;1005,2;1004,9;2032,1;17,3;13,2;17,8;16,5;14;12,7;85;73;77;220;5,7;2;
2026/08/13;1600 UTC;0;1004,4;1005,2;1004,4;2160,7;17,9;12,7;18,2;17,1;13,8;12,2;79;69;71;222;4,7;1,8;
2026/08/13;1700 UTC;0;1003,8;1004,4;1003,8;2305,6;19,1;13,6;19,1;17,7;14,2;12;77;66;70;255;4,2;,9;
2026/08/13;1800 UTC;0;1003,3;1003,8;1003,3;2008,6;18,9;13,2;19;17,7;14,2;12,2;76;67;69;266;4,9;,9;
2026/08/13;1900 UTC;0;1003,4;1003,5;1003,2;1766,7;19;13;19,2;18,7;13,8;12;72;64;68;216;5,7;2,1;
2026/08/13;2000 UTC;0;1003,7;1003,7;1003,2;1107,9;18,4;13;19;18,2;13,4;12,3;73;67;71;205;4,4;2,5;
2026/08/13;2100 UTC;0;1004,6;1004,6;1003,7;238,8;16,7;13;18,4;16,7;13,2;12,2;78;70;78;217;5,3;2,2;
2026/08/13;2200 UTC;0;1005,2;1005,2;1004,6;11;15,9;12,8;16,7;15,9;13,4;12,7;84;78;82;249;3,2;,2;
2026/08/13;2300 UTC;0;1005,3;1005,5;1005,2;0;15,6;12,6;15,9;15,5;13,4;12,5;87;81;82;72;,5;,5;
2026/08/14;0000 UTC;0;1005,8;1005,8;1005,3;0;15,4;12,6;15,7;15,4;12,8;12,4;84;81;84;229;,5;0;
2026/08/14;0100 UTC;0;1006,3;1006,3;1005,9;0;14,2;13,1;15,3;14,2;13,3;12,4;94;84;93;265;2,5;,8;
2026/08/14;0200 UTC;0;1006,7;1006,7;1006,3;0;14,5;13,5;14,5;13,8;13,5;13;97;92;93;243;3;,8;
2026/08/14;0300 UTC;0;1006,1;1006,7;1006,1;0;13,8;12,7;14,5;13,8;13,4;12,7;94;91;93;260;3,4;,7;
2026/08/14;0400 UTC;0;1006;1006,4;1006;0;13,2;12,8;13,8;12,6;13;12,2;100;93;97;266;7,3;,8;
2026/08/14;0500 UTC;0;1006,2;1006,4;1005,9;0;13,4;12,6;13,5;13,3;13;12,6;98;94;95;250;2,9;1;
2026/08/14;0600 UTC;0;1005,6;1006,4;1005,6;0;12,6;12,4;13,4;12,6;12,6;12,4;99;95;98;260;2,5;,5;
2026/08/14;0700 UTC;0;1005,8;1005,9;1005,6;0;12,8;12,8;12,9;12,6;12,8;12,4;100;98;100;250;2,6;,8;
2026/08/14;0800 UTC;0;1005,2;1005,8;1005;0;12,9;12,9;12,9;12,8;12,9;12,8;100;100;100;233;2,5;,3;
2026/08/14;0900 UTC;0;1005,5;1005,5;1005,1;0;13,1;13,1;13,1;12,9;13,1;12,9;100;100;100;239;1,7;,2;
2026/08/14;1000 UTC;0;1005,8;1006;1005,4;0;13,2;13,2;13,2;13,1;13,2;13,1;100;100;100;260;1,8;,1;
2026/08/14;1100 UTC;0;1006;1006,3;1005,9;41,2;13,8;13,8;13,8;13,2;13,8;13,2;100;100;100;136;1,1;0;
2026/08/14;1200 UTC;0;1006,7;1006,7;1006;199,4;14,7;14,4;14,7;13,8;14,4;13,8;100;98;98;89;1;,3;
2026/08/14;1300 UTC;0;1006,9;1007,2;1006,8;261,3;15,4;14,5;15,4;14,8;14,7;14,2;98;94;95;33;2,5;1,4;
2026/08/14;1400 UTC;0;1006,6;1007;1006,6;747,7;16,5;15,1;16,5;15,4;15,1;14,4;95;91;92;72;3;1,1;
2026/08/14;1500 UTC;0;1006,3;1006,7;1006,3;677,2;17,4;15,5;17,4;16,4;15,6;14,9;93;88;88;59;2,6;1,1;
2026/08/14;1600 UTC;0;1005,2;1006,3;1005,2;753,8;18,2;15,8;18,4;17,4;16;15,3;89;84;86;27;3,2;1,6;
2026/08/14;1700 UTC;0;1004,7;1005,3;1004,6;714,2;18,9;15,8;19;18,2;16,2;15,5;87;82;82;42;2,5;,8;
2026/08/14;1800 UTC;0;1002,9;1004,8;1002,8;378,2;18,6;16,2;18,9;18,6;16,4;15,7;87;82;86;127;2,7;1,2;
2026/08/14;1900 UTC;0;1003;1004;1002,9;451,2;18,7;16,5;19,2;18,6;16,6;15,8;87;82;87;192;2;1,2;
2026/08/14;2000 UTC;,4;1003,4;1003,5;1002,7;242;18,3;17,3;18,6;18;17,3;16,3;95;87;94;214;3,3;1,7;
2026/08/14;2100 UTC;0;1003,3;1003,6;1003,1;68,4;17,9;16,6;18,3;17,8;17,4;16,5;96;91;92;85;2,1;,5;
2026/08/14;2200 UTC;0;1003,8;1003,9;1003,3;3,1;17,4;16,9;17,9;17,4;17,1;16,6;97;92;97;213;1,2;,6;
2026/08/14;2300 UTC;0;1004;1004;1003,8;0;17,2;16,6;17,5;17,2;17;16,2;97;93;96;108;1,5;,3;
2026/08/15;0000 UTC;0;1004,6;1004,6;1004;0;16,6;16,6;17,1;16,6;16,7;16,6;100;97;100;82;,7;,2;
2026/08/15;0100 UTC;0;1004,6;1004,8;1004,5;0;16,6;16,6;16,8;16,6;16,7;16,6;100;99;100;78;1,1;,5;
2026/08/15;0200 UTC;0;1004,3;1004,7;1004,3;0;16,4;16,4;16,6;16,4;16,6;16,4;100;99;100;22;1,3;,6;
2026/08/15;0300 UTC;0;1004,3;1004,5;1004,2;0;16,5;16,5;16,6;16,4;16,6;16,4;100;100;100;252;1,2;,1;
2026/08/15;0400 UTC;0;1004,1;1004,3;1003,8;0;16,5;16,4;16,5;16,5;16,5;16,4;100;100;100;211;1,5;,6;
2026/08/15;0500 UTC;0;1003,9;1004,4;1003,9;0;16,4;16,4;16,6;16,4;16,5;16,4;100;99;100;342;1,5;,4;
2026/08/15;0600 UTC;0;1003,5;1004;1003,5;0;16,4;16,4;16,4;16,3;16,4;16,3;100;100;100;255;1,4;,2;
2026/08/15;0700 UTC;0;1002,7;1003,4;1002,7;0;16,4;16,4;16,4;16,3;16,4;16,3;100;100;100;130;,8;,4;
2026/08/15;0800 UTC;0;1002,4;1002,7;1002,4;0;16,2;16,2;16,4;16,2;16,4;16,2;100;100;100;213;1,3;,4;
2026/08/15;0900 UTC;0;1002;1002,4;1001,9;0;16,3;16,3;16,3;16,1;16,3;16,1;100;100;100;37;1;,2;
2026/08/15;1000 UTC;0;1002,6;1002,7;1002;0;16,4;16,4;16,4;16,2;16,4;16,2;100;100;100;231;1,3;,5;
2026/08/15;1100 UTC;0;1002,8;1002,8;1002,6;50,6;16,7;16,7;16,7;16,4;16,7;16,4;100;100;100;205;1,4;0;
2026/08/15;1200 UTC;0;1002,9;1002,9;1002,8;448,2;18,2;17,4;18,2;16,7;17,4;16,6;100;95;96;34;1,6;,4;
2026/08/15;1300 UTC;0;1003,1;1003,1;1002,9;906,8;19,6;18;19,7;18,2;18,2;17,2;96;89;91;42;3,8;1,4;
2026/08/15;1400 UTC;0;1003,3;1003,3;1003;658;20,1;18,5;20,1;19,7;18,6;17,9;92;88;90;53;4,1;1,5;
2026/08/15;1500 UTC;0;1002,5;1003,2;1002,5;1240,1;21,9;19,7;21,9;20,1;19,7;18,4;92;83;87;81;3,4;1,7;
2026/08/15;1600 UTC;0;1001,2;1002,5;1001,2;1647,3;23,3;19,5;23,5;22;20,1;19,1;85;79;79;91;3,3;1,4;
2026/08/15;1700 UTC;0;999,9;1001,2;999,9;1633,8;24,6;19,9;25,4;23,3;21;19,3;81;73;75;103;3,6;1,4;
2026/08/15;1800 UTC;0;999,1;999,9;999,1;1010,4;25,4;20,4;25,5;24,6;20,9;19,9;78;73;74;134;3;1,1;
2026/08/15;1900 UTC;0;998,5;999,1;998,5;751,3;26;21,3;26,1;25,4;21,5;20,4;76;73;75;156;2,3;1;
2026/08/15;2000 UTC;0;997,9;998,5;997,9;555,3;26;21,8;26,6;26;22;20,8;79;71;77;142;2,2;,7;
2026/08/15;2100 UTC;0;998;998,1;997,9;171,3;25;22,7;26,1;25;22,8;21,5;87;76;87;155;,8;,4;
2026/08/15;2200 UTC;0;997,9;998;997,9;6;23;21,4;24,9;23;22,8;21,4;93;87;91;99;1,6;,5;
2026/08/15;2300 UTC;0;998,1;998,1;997,8;0;21,9;21,4;23;21,9;21,7;21,3;97;91;97;41;1,4;,6;
2026/08/16;0000 UTC;0;998,5;998,5;998,1;0;22,1;21,2;22,2;21,5;21,4;21;98;94;94;157;1,5;,8;
2026/08/16;0100 UTC;0;998,3;998,7;998,3;0;23,4;21,5;23,4;22;21,5;21,1;95;89;89;77;3;1,1;
2026/08/16;0200 UTC;0;998,2;998,3;998,1;0;22,8;21,2;23,8;22,4;21,6;21,1;93;87;91;105;3,1;1,1;
2026/08/16;0300 UTC;0;998,4;998,4;998,1;0;22,7;20,8;22,9;22,6;21,2;20,8;90;89;89;91;2,3;1,2;
2026/08/16;0400 UTC;0;998,7;998,7;998,4;0;22,9;20,8;22,9;22,6;20,8;20,7;89;87;88;91;2,6;1,1;
2026/08/16;0500 UTC;0;998,9;998,9;998,6;0;22,7;20,8;23,1;22,7;20,8;20,7;89;87;89;75;2,7;1,2;
2026/08/16;0600 UTC;0;998,6;998,9;998,6;0;22,5;20,8;22,7;22,5;20,9;20,8;90;89;90;73;2,1;1,1;
2026/08/16;0700 UTC;0;998,2;998,6;998,2;0;22,4;20,7;22,5;22,2;20,8;20,7;91;90;90;92;3,6;1,6;
2026/08/16;0800 UTC;0;997,4;998,2;997,4;0;22,7;20,6;22,7;22,4;20,7;20,6;90;88;88;71;4,5;2;
2026/08/16;0900 UTC;0;997,3;997,4;996,8;0;22,6;20,5;22,7;22,5;20,6;20,5;89;88;88;78;4,9;1,8;
2026/08/16;1000 UTC;0;998,4;998,4;997,4;0;22,5;20,4;22,7;22,5;20,5;20,4;88;87;88;112;4;1,3;
2026/08/16;1100 UTC;0;998,5;998,9;998,4;,6;21,8;20,4;22,4;21,8;20,5;20,3;92;88;92;65;3;1,1;
2026/08/16;1200 UTC;0;998,8;999;998,5;204,4;22,6;21,2;22,6;21,9;21,2;20,3;93;88;92;191;2,6;,7;
2026/08/16;1300 UTC;0;997,8;998,8;997,8;1076,9;25,3;21;25,3;22,6;21,6;20,6;94;76;77;39;5,2;2,1;
2026/08/16;1400 UTC;0;997,2;997,8;997,2;1901,3;27,5;21,8;27,5;25,1;21,8;20,7;79;70;71;112;4,7;1,4;
2026/08/16;1500 UTC;0;996,2;997,1;996,2;2275,1;31,6;18,9;31,8;27,5;22,3;18,9;72;47;47;356;9,6;4,3;
2026/08/16;1600 UTC;0;995,7;996,4;995,6;2589,7;32,2;19,4;32,2;31,5;19,9;18,4;50;44;47;352;11,6;5,1;
2026/08/16;1700 UTC;0;994,7;995,6;994,6;2543,1;33,1;19,9;33,1;32,2;20,1;18,5;48;42;46;344;9,4;4,2;
2026/08/16;1800 UTC;0;994,1;994,6;994,1;2040,9;33,2;18,8;33,5;33,1;19,4;18,2;44;41;43;352;9,5;4,8;
2026/08/16;1900 UTC;0;993,8;994,1;993,8;1533,8;33,1;19,1;33,6;33,1;20,5;17,8;48;40;44;359;8,9;2,9;
2026/08/16;2000 UTC;0;994,1;994,1;993,7;943,2;32;19,6;33,1;32;20,5;18,7;49;43;48;1;7,8;2,7;
2026/08/16;2100 UTC;0;994,5;994,6;994,1;240,8;29,5;20,4;32;29,5;20,7;19,7;58;49;58;22;4,1;1,4;
2026/08/16;2200 UTC;0;994,9;994,9;994,5;6,4;27,5;20,4;29,5;27,3;20,7;19,8;67;58;66;78;2,4;,9;
2026/08/16;2300 UTC;0;995,1;995,1;994,9;0;27;20;27,8;26,4;20,9;19,9;70;63;66;92;3,7;1,1;
2026/08/17;0000 UTC;0;995,6;995,6;995,1;0;27,2;19,8;27,7;27,1;20,2;19,8;66;62;64;80;3,9;1,4;
2026/08/17;0100 UTC;0;996,1;996,1;995,7;0;26,3;19,6;26,9;26,2;20;19,6;68;66;67;77;2,8;1,1;
2026/08/17;0200 UTC;0;996,6;996,6;996,2;0;24,9;19,5;26,4;24,9;20;19,4;73;67;72;107;2,6;,7;
2026/08/17;0300 UTC;0;996,7;996,7;996,6;0;24,2;19,2;24,9;24;19,7;18,8;76;72;74;121;2,3;,9;
2026/08/17;0400 UTC;0;996,8;996,8;996,7;0;23,4;18,8;24,5;23,4;19,4;18,8;76;71;75;102;2,7;1,1;
2026/08/17;0500 UTC;0;996,9;996,9;996,7;0;24,4;18,6;24,6;23,5;18,8;18,4;75;69;70;107;2,7;1,3;
2026/08/17;0600 UTC;0;997;997,1;996,9;0;24,1;18,6;24,3;23,1;18,7;18,4;76;71;71;80;3,2;1,4;
2026/08/17;0700 UTC;0;996,4;997;996,4;0;23,4;18,4;24,1;23,3;18,6;18,4;74;71;73;90;3,1;1,5;
2026/08/17;0800 UTC;0;996,5;996,5;996,3;0;23,1;18,4;23,4;22,9;18,5;18,2;75;73;75;75;3,1;1,2;
2026/08/17;0900 UTC;0;996,6;996,6;996,4;0;22,7;18,4;23,1;22,7;18,5;18,3;77;75;76;105;3,8;1,4;
2026/08/17;1000 UTC;0;997;997;996,6;0;22,7;18,5;22,9;22,7;18,6;18,3;77;76;77;125;3;1,6;
2026/08/17;1100 UTC;0;997,4;997,4;997;84,8;23,2;18,8;23,3;22,2;18,8;18,3;80;74;76;133;3;1,6;
2026/08/17;1200 UTC;0;997,8;997,8;997,4;671,9;26,1;18,6;26,4;23,2;19,5;18,4;76;62;63;64;2,9;1,2;
2026/08/17;1300 UTC;0;998;998;997,8;1331,3;28,1;19,6;28,2;26,1;20;18,4;65;59;60;121;2,8;1,2;
2026/08/17;1400 UTC;0;997,6;998;997,5;1507,3;29,6;19,5;30,1;28,1;20,8;18,5;61;51;54;67;3;1,4;
2026/08/17;1500 UTC;0;997,1;997,7;997,1;2134,7;32,6;18,9;32,6;29,6;20,8;18,2;57;43;44;358;6,7;2,5;
2026/08/17;1600 UTC;0;996,4;997;996,3;2585,1;33,9;17,9;34;32,8;19,6;17,3;46;38;39;359;8,8;2,9;
2026/08/17;1700 UTC;0;995,5;996,3;995,5;2581;34,1;18;34,6;33,8;19,6;17,2;42;36;39;349;7,2;4;
2026/08/17;1800 UTC;0;995;995,6;995;1840,9;33,6;19;34,5;33,4;20,2;17,9;45;38;42;354;6,2;3,1;
2026/08/17;1900 UTC;0;995,1;995,1;994,9;813,4;32,1;20,3;33,6;32,1;21,6;18,5;54;42;50;17;5,2;1;
2026/08/17;2000 UTC;0;995,1;995,2;995;892,3;33,2;20,4;34;32;22,2;19,4;54;43;47;100;1,9;1,2;
2026/08/17;2100 UTC;0;995,5;995,5;995;222;30,2;21,6;33,1;30,2;21,7;19,9;60;47;60;64;2,8;,5;
2026/08/17;2200 UTC;0;996;996;995,4;5,8;26;21,8;30,1;25,7;23,1;21,3;80;59;78;150;1,4;,6;
2026/08/17;2300 UTC;0;996,9;996,9;996,1;0;24,8;21,8;26;24,8;22,3;21,5;84;78;83;181;1,7;1,3;
2026/08/18;0000 UTC;0;997,4;997,4;996,9;0;23,9;21;24,8;23,6;22;20,8;86;82;84;176;1,4;,5;
2026/08/18;0100 UTC;0;997,3;997,4;997,3;0;22,3;20,6;23,8;22,3;21,3;20,6;90;84;90;186;,9;,5;
2026/08/18;0200 UTC;0;997,2;997,3;997,2;0;22,4;20,7;22,8;22,3;21,1;20,5;92;88;90;141;1,7;,7;
2026/08/18;0300 UTC;0;998;998;997,1;0;22,4;20,2;22,8;21,3;20,8;19,9;93;87;88;219;3,2;1,2;
2026/08/18;0400 UTC;0;998,3;998,3;997,9;0;21;20,4;23,6;21;20,4;20;96;82;96;56;2,6;,4;
2026/08/18;0500 UTC;0;998,5;998,7;998,2;0;22,2;20,1;22,4;21;20,4;20,1;96;88;88;222;3;1,4;
2026/08/18;0600 UTC;0;999,1;999,2;998,6;0;23,2;20;23,2;21,8;20,2;19,8;89;82;82;260;4,4;,9;
2026/08/18;0700 UTC;0;999;999,3;998,6;0;21,8;20;23,6;21,7;20,2;19,8;90;80;89;287;4,5;,8;
2026/08/18;0800 UTC;0;998,9;999;998,6;0;20,2;19,5;21,9;20,2;20,1;19,5;97;89;96;230;2,1;,5;
2026/08/18;0900 UTC;0;999,8;999,8;998,8;0;19,7;19,5;20,1;19,5;19,6;19,2;99;96;99;314;1,8;,2;
2026/08/18;1000 UTC;0;999,9;1000;999,8;0;19,2;19,1;20;19,2;19,6;19;99;96;99;165;1,8;,3;
2026/08/18;1100 UTC;0;1000,3;1000,3;999,8;83,7;19,2;19,1;19,2;18,8;19,1;18,7;100;99;99;104;1;,2;
2026/08/18;1200 UTC;0;1001,5;1001,5;1000,3;303,2;21,7;20,2;21,7;19,2;20,4;19,1;100;91;92;231;3,2;1,3;
2026/08/18;1300 UTC;0;1001,9;1001,9;1001,1;604,4;23;20,8;23;21,7;21,1;20,2;92;86;88;248;3;,4;
2026/08/18;1400 UTC;0;1001,6;1002;1001,5;951,1;23,8;21,1;23,9;23;21,5;20,7;89;84;85;336;1,8;,7;
2026/08/18;1500 UTC;0;1001,9;1002,1;1001,6;1251,9;24,6;21,5;24,7;23,8;21,7;21;86;81;83;239;3,5;,9;
2026/08/18;1600 UTC;0;1001,4;1001,9;1001,4;1928,5;26;21,1;26,1;24,7;22,1;20,6;84;73;75;228;4,5;2,1;
2026/08/18;1700 UTC;0;1000,8;1001,4;1000,8;1514,2;25,5;21,2;26,1;25,5;21,9;20,7;79;73;77;218;4,7;2,6;
2026/08/18;1800 UTC;0;1002;1002;1000,6;1294,7;24,3;20,6;25,9;24,2;21,7;20,2;80;75;80;224;7,8;4,6;
2026/08/18;1900 UTC;0;1003,2;1003,2;1001,9;525,5;22,1;18,4;24,5;22,1;20,8;18,4;81;77;80;240;8,2;2;
2026/08/18;2000 UTC;0;1003,5;1004;1003,2;226,2;21,7;18,2;22,1;21,6;18,6;18,1;83;79;81;234;7,3;1,2;
2026/08/18;2100 UTC;0;1003;1003,9;1002,7;186,5;21,1;18,5;21,7;21,1;18,7;17,9;85;79;85;318;3,1;,2;
2026/08/18;2200 UTC;0;1003,1;1003,4;1002,8;5,3;20;18,7;21;20;18,9;18,2;92;85;92;167;1,3;,4;
2026/08/18;2300 UTC;0;1004,7;1004,7;1003,1;0;19,3;18,3;20;19,3;18,8;18,3;94;92;94;243;2,4;,6;
2026/08/19;0000 UTC;0;1005,5;1005,5;1004,7;0;19,5;18,2;19,5;19,3;18,4;18,2;94;93;93;246;2,2;,4;
2026/08/19;0100 UTC;0;1005,6;1005,7;1005,3;,1;17,2;16,5;19,6;17,2;18,3;16,5;96;90;96;215;6,9;3,4;
2026/08/19;0200 UTC;0;1006,7;1006,7;1005,5;0;16,9;16,5;17,2;16,9;16,7;16,5;98;96;98;224;5,6;1,7;
2026/08/19;0300 UTC;0;1006,2;1006,7;1006,2;0;17;16,2;17;16,9;16,6;16,2;98;95;95;340;3,4;,7;
2026/08/19;0400 UTC;0;1005,9;1006,3;1005,9;0;16,8;16,3;17;16,8;16,3;16,1;97;95;97;106;3,2;,7;
2026/08/19;0500 UTC;0;1006,3;1006,7;1006;0;16,6;16,2;16,8;16,6;16,4;16,2;98;97;98;42;2,5;,8;
2026/08/19;0600 UTC;0;1006,4;1006,7;1005,5;0;16,8;16,3;16,9;16,6;16,5;16,2;98;97;97;248;3;,8;
2026/08/19;0700 UTC;0;1005,8;1006,5;1005,3;0;16,5;16,3;16,8;16,4;16,4;16,2;99;97;99;357;3,4;,3;
2026/08/19;0800 UTC;0;1005,7;1006,1;1005,2;0;16,6;16,3;16,6;16,5;16,4;16,3;99;98;98;283;2,4;,4;
2026/08/19;0900 UTC;0;1005,7;1006,1;1005,3;0;16,3;15,5;16,6;16,3;16,4;15,4;99;94;95;189;3;1,2;
2026/08/19;1000 UTC;0;1006,3;1006,3;1004,8;0;16,5;15,8;16,5;16,3;15,8;15,3;96;93;95;306;3,9;,4;
2026/08/19;1100 UTC;0;1006,2;1006,8;1006;22,5;16,3;15,6;16,5;16,3;15,8;15,5;96;94;96;197;2,3;1,2;
2026/08/19;1200 UTC;0;1006,9;1007;1006;357,8;17,1;15,6;17,2;16,3;15,9;15,4;96;91;91;243;3,5;,7;
2026/08/19;1300 UTC;0;1006,8;1007;1006;416,7;17,6;16,3;17,7;17,1;16,6;15,6;94;90;92;14;3,4;1,8;
2026/08/19;1400 UTC;0;1007,2;1007,3;1006,7;573,1;18,5;16,6;18,5;17,6;17;16,3;94;89;89;23;3,2;1;
2026/08/19;1500 UTC;0;1007,2;1007,3;1006,6;357;18,7;16,9;18,8;18,5;17,3;16,6;92;88;89;8;2,7;1,3;
2026/08/19;1600 UTC;0;1006,6;1007,1;1005,5;632,7;19,6;17,5;19,7;18,7;17,7;16,8;91;87;88;142;4;,9;
2026/08/19;1700 UTC;0;1004,6;1006,5;1004,6;628,4;20,1;18,4;20,1;19,6;18,5;17,4;93;87;90;35;3;,7;
2026/08/19;1800 UTC;0;1004,2;1004,7;1004,1;460,8;19,7;18,4;20,2;19,7;18,6;18,1;93;88;93;224;3,7;1,6;
2026/08/19;1900 UTC;0;1003,1;1004,2;1002,9;299,7;19,5;18,1;19,7;19,4;18,4;17,9;93;91;92;224;3,8;1,5;
2026/08/19;2000 UTC;0;1002,2;1003,1;1002,1;262,1;19,9;18,3;19,9;19,3;18,3;18;94;90;91;170;3,7;,8;
2026/08/19;2100 UTC;0;1002,3;1002,5;1002,2;97,2;19,4;18,2;19,8;19,4;18,4;17,9;93;91;92;25;1,8;,2;
2026/08/19;2200 UTC;0;1002,9;1002,9;1002,3;1;18,7;17,9;19,4;18,7;18,3;17,9;96;91;95;222;2,7;1,6;
2026/08/19;2300 UTC;0;1003;1003,3;1002,9;0;18,3;17,7;18,7;18,3;18;17,7;97;95;97;227;4,2;1,5;
2026/08/20;0000 UTC;0;1003;1003,1;1002,2;0;17,8;17,7;18,3;17,8;17,8;17,7;99;97;99;240;3,8;1,3;
2026/08/20;0100 UTC;0;1003,1;1003,3;1002,7;0;17,2;17,2;17,7;17,2;17,6;17,2;100;99;100;236;5,3;1,2;
2026/08/20;0200 UTC;0;1003;1003,5;1002,7;0;16,7;16,7;17,1;16,7;17,1;16,7;100;100;100;229;5,7;1,3;
2026/08/20;0300 UTC;,4;1003,6;1003,8;1002,4;0;16,3;16,2;16,7;16,3;16,7;16,2;100;99;99;252;5,7;1;
2026/08/20;0400 UTC;,4;1003,7;1004;1002,8;0;14,9;14,5;16,3;14,9;16,2;14,5;99;96;97;225;6,2;1,3;
2026/08/20;0500 UTC;,4;1002,7;1003,9;1002,7;0;14,3;13,9;14,9;14,3;14,4;13,9;98;96;97;218;3,3;,4;
2026/08/20;0600 UTC;1,8;1002,4;1003,2;1002,4;0;14,2;14,1;14,3;14,2;14,2;13,9;100;97;99;214;1,6;,5;
2026/08/20;0700 UTC;2,4;1001,9;1003,1;1001,8;0;14,1;14;14,3;14,1;14,2;13,9;100;99;99;224;1,4;,6;
2026/08/20;0800 UTC;4,4;1001,9;1002,6;1001,6;0;13,9;13,7;14,2;13,9;14,2;13,7;100;99;99;321;4,6;,6;
2026/08/20;0900 UTC;1,6;1001,8;1002,7;1001,6;0;14;13,8;14;13,9;13,9;13,7;99;98;99;322;,1;,1;
2026/08/20;1000 UTC;2;1003;1003,1;1001,6;0;14;13,7;14,1;14;13,9;13,7;99;98;98;314;,8;0;
2026/08/20;1100 UTC;,2;1003,9;1004;1002,6;6,8;13,3;12,4;14;13,3;13,6;12,4;97;94;94;314;0;0;
2026/08/20;1200 UTC;0;1003,5;1003,9;1003,5;207,7;13,6;12,7;13,6;13,3;13;12,4;98;93;94;314;0;0;
2026/08/20;1300 UTC;0;1003,5;1003,7;1003,4;735,5;14,1;13;14,4;13,6;13,3;12,4;95;88;93;333;,2;,2;
2026/08/20;1400 UTC;0;1003,7;1003,8;1003,6;602,6;14;12,2;14,4;13,9;13,2;12,2;95;87;89;344;,3;,2;
2026/08/20;1500 UTC;0;1003,4;1003,7;1003,4;620,8;13,9;12,6;14,5;13,8;13,2;11,9;96;85;92;344;,2;,2;
2026/08/20;1600 UTC;0;1002,7;1003,4;1002,7;1390,2;15,2;12,2;15,6;14;13,3;11,6;92;79;83;302;4,8;,7;
2026/08/20;1700 UTC;0;1002,5;1002,7;1002,4;1287,6;14,6;10,6;15,4;14,3;13,1;10,6;91;76;77;313;3;,1;
2026/08/20;1800 UTC;0;1002,4;1002,5;1002,2;1124,6;13,8;10,7;15,2;13,8;11,7;10,2;82;73;81;316;5,8;1,1;
2026/08/20;1900 UTC;0;1002,1;1002,4;1002;1007,1;13,9;10,5;14,6;13,8;11;10;83;76;80;323;6,1;2,2;
2026/08/20;2000 UTC;0;1002,5;1002,5;1002,1;474,7;13,1;10,9;14,1;13,1;11,1;10;87;77;87;299;6,2;1,6;
2026/08/20;2100 UTC;0;1003,5;1003,5;1002,5;145,2;12,3;11,1;13;12,2;11,9;10,8;95;87;93;289;5,6;,9;
2026/08/20;2200 UTC;0;1004,4;1004,4;1003,6;12,1;11,9;11,2;12,5;11,9;11,4;10,7;95;89;95;322;5,1;1,6;
2026/08/20;2300 UTC;0;1004,9;1004,9;1004,4;0;11,8;11;11,9;11,8;11,2;10,9;96;94;95;277;3,9;1,7;
2026/08/21;0000 UTC;0;1005,3;1005,3;1004,9;0;12;10,8;12;11,8;11,1;10,6;95;91;92;277;1,8;1,4;
2026/08/21;0100 UTC;0;1005,6;1005,6;1005,3;0;12;10,8;12;11,9;11;10,5;94;91;93;301;3,3;3;
2026/08/21;0200 UTC;,2;1005,8;1005,9;1005,6;0;11,8;11,5;12,1;11,8;11,5;10,9;98;93;98;291;3,3;1,9;
2026/08/21;0300 UTC;,2;1005,9;1006;1005,8;0;12;11,7;12;11,9;11,7;11,4;98;97;98;48;2,5;,2;
2026/08/21;0400 UTC;0;1006;1006,2;1005,9;0;12,3;11,8;12,3;11,9;11,8;11,6;98;96;97;48;,2;,2;
2026/08/21;0500 UTC;,2;1006,2;1006,2;1005,9;0;12,4;12;12,4;12,3;12;11,7;97;96;97;48;,2;,2;
2026/08/21;0600 UTC;,2;1006,1;1006,4;1006,1;0;11,4;10,6;12,4;11,4;12,1;10,6;98;93;95;254;11,5;3,4;
2026/08/21;0700 UTC;,2;1006,3;1006,3;1006,1;0;9,7;9,4;11,3;9,7;10,6;9,4;99;95;98;271;7,6;,5;
2026/08/21;0800 UTC;0;1006,5;1006,6;1006,2;0;8,1;8,1;9,6;8,1;9,3;8,1;100;97;100;216;,6;,2;
2026/08/21;0900 UTC;0;1007;1007,1;1006,5;0;7,3;7,3;8,2;7,2;8,2;7,2;100;100;100;216;,2;,2;
2026/08/21;1000 UTC;0;1007,4;1007,4;1007;0;6,5;6,5;7,3;6,5;7,3;6,5;100;100;100;200;,5;,2;
2026/08/21;1100 UTC;0;1008;1008;1007,4;84,5;9,1;9,1;9,1;6,4;9,1;6,4;100;100;100;153;1,3;,4;
2026/08/21;1200 UTC;0;1008,6;1008,6;1008;399,1;10;10;10,1;9,1;10,1;9,1;100;100;100;295;,7;,2;
2026/08/21;1300 UTC;0;1009,1;1009,1;1008,6;1760,4;12,5;10,8;12,5;10,1;11;10;100;88;90;175;10,6;2,4;
2026/08/21;1400 UTC;0;1008,8;1009,1;1008,8;2343,9;14,9;9,8;14,9;12,6;11,3;9,8;90;71;71;10;2,7;,3;
2026/08/21;1500 UTC;0;1008,2;1008,8;1008,2;2799,7;17,3;7,4;17,3;15;11,4;6,9;78;51;52;346;3,4;1,3;
2026/08/21;1600 UTC;0;1007,8;1008,2;1007,8;2979,9;18;5,8;18,3;17,2;8,9;3,7;55;40;44;205;3,6;1,1;
2026/08/21;1700 UTC;0;1007,5;1007,8;1007,5;2859,9;19,3;7,4;19,3;18,1;9,2;5,8;56;42;46;264;4,1;1,3;
2026/08/21;1800 UTC;0;1007,2;1007,5;1007,1;2520;19,6;7,9;19,8;19,2;8,8;5,5;50;40;47;215;5,3;2,7;
2026/08/21;1900 UTC;0;1006,8;1007,2;1006,8;1937,1;19,9;7,7;20,3;19,4;8,9;6,5;50;41;45;222;5;1,7;
2026/08/21;2000 UTC;0;1007,2;1007,2;1006,7;1223,5;19,7;7,5;20,5;19,7;9,1;7,2;50;44;45;212;3,9;2,4;
2026/08/21;2100 UTC;0;1007,7;1007,7;1007,2;212,5;18,3;9,5;19,7;18,3;9,6;7,2;56;44;56;176;3,7;,8;
2026/08/21;2200 UTC;0;1008,5;1008,5;1007,7;6,4;13,5;11,1;18,3;13,5;11,8;9,7;85;57;85;210;1,1;,6;
2026/08/21;2300 UTC;0;1009,2;1009,2;1008,5;0;12,4;10,8;13,4;12,4;11,2;10,5;90;85;90;186;1,1;,7;
2026/08/22;0000 UTC;0;1009,8;1009,8;1009,2;0;11;9,9;12,3;11;10,9;9,9;97;90;93;210;8,4;,6;
2026/08/22;0100 UTC;0;1010,1;1010,2;1009,8;0;10,3;9,9;10,9;10,3;10;9,8;97;93;97;193;2,3;,3;
2026/08/22;0200 UTC;0;1010,3;1010,4;1010,1;0;10,2;10;10,3;9,6;10,1;9,3;100;97;99;217;1,6;,4;
2026/08/22;0300 UTC;0;1010,3;1010,6;1010,3;0;9,2;9,1;10,2;9,2;10;9;100;98;99;249;5,2;,2;
2026/08/22;0400 UTC;0;1010,3;1010,5;1010,2;0;8,8;8,8;9,3;8,8;9,3;8,7;100;99;100;10;3,5;,2;
2026/08/22;0500 UTC;0;1010,7;1010,7;1010,3;0;8,6;8,6;9,1;8,4;9,1;8,4;100;100;100;144;1,3;,2;
2026/08/22;0600 UTC;0;1010,7;1010,8;1010,6;0;10,3;9;10,3;8,5;9,7;8,5;100;92;92;239;4,4;1,9;
2026/08/22;0700 UTC;0;1011,1;1011,1;1010,6;0;10,4;8,3;10,6;9,5;9;8,3;94;86;86;196;3,2;2;
2026/08/22;0800 UTC;0;1011,2;1011,3;1011,1;0;9,7;7,8;10,6;9,6;8,3;7,7;88;86;88;184;3,3;,8;
2026/08/22;0900 UTC;0;1011,6;1011,6;1011;0;9;7,4;9,7;8,1;7,8;7,4;97;88;90;167;3,5;1,6;
2026/08/22;1000 UTC;0;1012,5;1012,5;1011,6;0;8,7;6,6;9,4;8,5;7,4;6,5;90;86;86;169;5,8;1,6;
2026/08/22;1100 UTC;0;1012,9;1013;1012,5;145,4;9,2;6;9,2;8,3;6,6;6;88;81;81;153;4,2;2,2;
2026/08/22;1200 UTC;0;1013,2;1013,3;1012,9;940,5;11,3;6,9;11,3;9,2;7,3;6,1;82;73;74;156;3,7;1,4;
2026/08/22;1300 UTC;0;1013,2;1013,3;1013,2;1664,4;12,2;7,1;12,7;11,4;7,5;6,3;76;69;71;171;4,1;2,1;
2026/08/22;1400 UTC;0;1013,3;1013,4;1013,2;2329,7;13,5;7,1;13,7;12,3;8,1;6,9;75;65;65;166;4,2;1,2;
2026/08/22;1500 UTC;0;1012,5;1013,3;1012,5;2644,8;15,2;7,6;15,2;13,4;8,5;7,2;71;60;60;82;3,1;,4;
2026/08/22;1600 UTC;0;1011,6;1012,5;1011,6;2991,5;16;8;16,3;14,7;9,2;7;65;56;59;324;2,9;,9;
2026/08/22;1700 UTC;0;1010,3;1011,6;1010,3;2862,2;16,9;8,8;17,2;16,1;9,6;7,6;63;55;59;199;3,8;1,5;
2026/08/22;1800 UTC;0;1009,2;1010,2;1009,2;2526;17,9;8,3;17,9;16,6;9,2;6,4;58;48;53;317;3,2;,9;
2026/08/22;1900 UTC;0;1008,6;1009,2;1008,6;1970,1;17,5;5,6;18,3;17,4;9,1;5,4;55;44;45;220;4,2;1,4;
2026/08/22;2000 UTC;0;1008,8;1008,8;1008,6;1258,1;17,3;5,3;17,7;17,3;6,5;4,8;49;43;45;222;4,2;2;
2026/08/22;2100 UTC;0;1009;1009;1008,8;226,5;15,7;6,9;17,3;15,7;7,5;4,6;57;43;56;202;3,4;,9;
2026/08/22;2200 UTC;0;1009,5;1009,5;1009;13,8;11,2;6,9;15,7;11,2;9,2;5,8;85;52;75;208;2,3;1,1;
2026/08/22;2300 UTC;0;1010;1010;1009,4;0;9,7;7,4;13,1;9,7;8,2;5;88;58;86;112;3,3;,5;
2026/08/23;0000 UTC;0;1010,5;1010,5;1010;0;9;7,3;11;9;7,5;6,3;89;74;89;292;2,3;,4;
2026/08/23;0100 UTC;0;1010,5;1010,6;1010,5;0;8,4;6,9;8,9;8,4;7,3;6,5;92;86;90;194;2,1;,6;
2026/08/23;0200 UTC;0;1010,5;1010,7;1010,5;0;7;6,4;8,4;7;6,9;6,1;96;90;96;3;2;,6;
2026/08/23;0300 UTC;0;1010,7;1010,7;1010,4;0;6,8;6,1;7,9;6,8;6,8;6,1;96;92;95;194;1,5;,5;
2026/08/23;0400 UTC;0;1011,1;1011,1;1010,7;0;6,4;6,2;6,8;6,1;6,4;5,7;100;94;98;213;1,4;,4;
2026/08/23;0500 UTC;0;1011,1;1011,2;1011,1;0;5,6;5,4;6,4;5,6;6,2;5,4;99;98;99;193;,9;,5;
2026/08/23;0600 UTC;0;1010,6;1011,1;1010,6;0;5,7;5,7;6,1;5,4;6,1;5,3;100;99;100;210;1,3;,4;
2026/08/23;0700 UTC;0;1010,5;1010,6;1010,5;0;4,9;4,9;5,6;4,8;5,6;4,8;100;99;100;136;,8;,4;
2026/08/23;0800 UTC;0;1010,3;1010,6;1010,3;0;6,1;6,1;6,7;4,9;6,7;4,9;100;100;100;132;1,5;,4;
2026/08/23;0900 UTC;0;1010,7;1010,7;1010,2;0;6,1;6,1;6,5;6,1;6,5;6,1;100;100;100;176;2,2;,7;
2026/08/23;1000 UTC;0;1011,3;1011,3;1010,7;0;4,5;4,5;6,1;4,5;6,1;4,5;100;100;100;334;1,2;,3;
2026/08/23;1100 UTC;0;1011,9;1011,9;1011,3;145,6;6,6;6,6;6,6;4,5;6,6;4,5;100;100;100;15;,8;,4;
2026/08/23;1200 UTC;0;1012,2;1012,2;1011,8;839,7;9,9;6,6;9,9;6,5;7,5;6;100;78;80;355;7;,8;
2026/08/23;1300 UTC;0;1012,4;1012,4;1012,2;2115,5;13,4;4,8;13,4;10,1;7,6;4,1;82;53;56;123;10,1;1,8;
2026/08/23;1400 UTC;0;1012,2;1012,4;1012,2;2351,5;15;3,4;15;13,4;5,4;3,2;58;46;46;139;5,7;2,9;
2026/08/23;1500 UTC;0;1011,5;1012,2;1011,5;2814;16;4,6;16,4;14,9;5;2,7;49;42;47;139;5,3;2,1;
2026/08/23;1600 UTC;0;1010,3;1011,5;1010,3;2983,7;17,3;3,8;17,9;16,2;5,8;2,3;48;37;41;90;5,2;1,7;
2026/08/23;1700 UTC;0;1009,7;1010,3;1009,7;2866,5;18,3;5,5;18,4;17,4;6,1;2,8;45;37;43;169;4,3;1,9;
2026/08/23;1800 UTC;0;1009,5;1009,7;1009,5;2534,8;19,1;4,8;19,1;18,3;6,9;3,1;46;36;39;181;4,7;1,9;
2026/08/23;1900 UTC;0;1009;1009,5;1009;1977,1;18,9;2,6;19,1;18,5;6,3;2,3;44;33;34;170;5,5;2,5;
2026/08/23;2000 UTC;0;1008,8;1009,1;1008,8;1302,8;19;4;19;18,4;5,2;1,4;41;31;37;151;4,1;1,6;
2026/08/23;2100 UTC;0;1009,1;1009,2;1008,8;213,3;16,8;4,4;19;16,8;5,8;2,7;45;36;44;181;3,7;1,4;
2026/08/23;2200 UTC;0;1009,9;1009,9;1009,1;7,4;11,1;7,8;16,7;11,1;8;4,3;80;44;80;176;2,1;,2;
2026/08/23;2300 UTC;0;1010,5;1010,5;1009,9;0;9,3;6,8;11;9,2;8,2;6,7;86;80;84;189;1,4;,6;
2026/08/24;0000 UTC;0;1010,6;1010,7;1010,5;0;9,3;6,5;11,7;9,1;7,6;5,5;87;67;83;123;2,5;,6;
2026/08/24;0100 UTC;0;1011;1011;1010,6;0;8,9;6,3;10,3;8,2;7,2;5,3;86;73;84;34;2,2;1;
2026/08/24;0200 UTC;0;1011,1;1011,1;1011;0;9;6,8;9,8;8,7;6,8;4,8;86;72;86;2;2,2;1;
2026/08/24;0300 UTC;0;1010,8;1011,1;1010,7;0;7,1;6,3;9;7,1;6,9;5,9;95;86;95;333;1,2;,4;
2026/08/24;0400 UTC;0;1010,6;1010,8;1010,6;0;6,5;6,3;7,1;6,3;6,4;5,9;99;95;99;219;,9;,4;
2026/08/24;0500 UTC;0;1010,6;1010,7;1010,5;0;5,9;5,7;6,5;5,6;6,2;5,2;99;97;99;210;1,5;,5;
2026/08/24;0600 UTC;0;1010,1;1010,5;1010,1;0;5,2;5,1;5,9;5,2;5,7;5,1;100;97;100;341;1,3;,2;
2026/08/24;0700 UTC;0;1010,3;1010,3;1010;0;5,1;4,8;5,6;4,9;5,6;4,6;100;97;98;235;1,7;,5;
2026/08/24;0800 UTC;0;1010,1;1010,3;1009,9;0;4,5;4,3;5,2;4,5;4,9;4;99;96;99;330;1,5;,2;
2026/08/24;0900 UTC;0;1010,8;1010,8;1010;0;4,2;4,1;4,8;4,1;4,7;3,9;100;99;99;200;1;,4;
2026/08/24;1000 UTC;0;1011,4;1011,4;1010,8;0;3,6;3,6;4,2;3,2;4,2;2,8;100;97;100;214;1,3;,3;
2026/08/24;1100 UTC;0;1011,6;1011,8;1011,4;186,9;5,7;5,7;5,7;3,4;5,7;3,3;100;99;100;238;1;,2;
2026/08/24;1200 UTC;0;1011,9;1011,9;1011,7;871;9,5;7,2;9,5;5,8;7,4;5,8;100;83;86;330;1,9;,7;
2026/08/24;1300 UTC;0;1011,5;1011,9;1011,5;1645,5;12,7;6,9;12,9;9,6;7,9;6,3;88;66;67;102;7,8;1;
2026/08/24;1400 UTC;0;1010,5;1011,5;1010,5;2382,3;15,6;6,9;15,6;12,8;8;6,2;71;56;56;37;7,4;,7;
2026/08/24;1500 UTC;0;1009,5;1010,5;1009,5;2860,8;18,2;6,5;18,2;15,5;7,9;6,1;57;46;46;65;4,4;2,1;
2026/08/24;1600 UTC;0;1008,2;1009,5;1008,2;2878,5;19,4;6,1;19,4;17,7;7,9;5,6;50;41;42;52;5,9;2,2;
2026/08/24;1700 UTC;0;1007,3;1008,2;1007,3;1884,1;20,2;4,8;20,3;19,2;7,3;4,6;45;36;36;170;3,5;1,3;
2026/08/24;1800 UTC;0;1006,4;1007,3;1006,4;1063;19,7;5,6;20,2;19,5;7,1;3,9;44;35;40;174;4,4;1,7;
2026/08/24;1900 UTC;0;1005,9;1006,4;1005,9;762,4;18,7;5,1;19,7;18,7;7,7;4,9;47;38;41;180;5,2;2,8;
2026/08/24;2000 UTC;0;1006,2;1006,2;1005,8;407,1;18,2;6,2;18,7;18,2;6,6;4,6;46;40;45;173;4,2;1,1;
2026/08/24;2100 UTC;0;1006,3;1006,3;1006;168,9;16;9,8;18,2;16;11,5;6;70;45;67;215;1,3;,7;
2026/08/24;2200 UTC;0;1006,7;1006,7;1006,2;6,3;14,1;9,8;16;14,1;10,9;8;75;63;75;200;1,9;,7;
2026/08/24;2300 UTC;0;1007;1007,1;1006,7;0;14,5;8,7;14,8;13,5;10,3;8,2;80;66;68;179;2,3;1,2;
2026/08/25;0000 UTC;0;1007;1007,3;1006,9;0;14,3;8,6;15;13,7;10,6;8;79;64;69;145;3;,7;
2026/08/25;0100 UTC;0;1006,8;1007,2;1006,7;0;14,1;8,1;14,4;13,5;9,7;7,9;76;66;67;101;2,7;,7;
2026/08/25;0200 UTC;0;1007,1;1007,2;1006,8;0;10,1;8,6;14,1;10,1;9,6;8;92;67;91;346;1,4;,5;
2026/08/25;0300 UTC;0;1007,6;1007,6;1007,1;0;9,4;8,3;10,1;8,8;8,7;7,7;93;90;93;215;1,9;1,1;
2026/08/25;0400 UTC;0;1007,1;1007,6;1007;0;8,2;7,4;9,7;8;8,5;7,2;96;90;95;209;1,7;,8;
2026/08/25;0500 UTC;0;1006,6;1007,2;1006,6;0;7,5;7;8,5;7,5;7,7;7;99;94;97;189;1,5;,4;
2026/08/25;0600 UTC;0;1005,6;1006,6;1005,6;0;6,9;6,8;7,7;6,9;7,5;6,6;99;97;99;150;,8;,7;
2026/08/25;0700 UTC;0;1004,9;1005,6;1004,9;0;6,5;6,3;7,4;6,5;7,4;6,3;100;98;99;317;,7;,3;
2026/08/25;0800 UTC;0;1004,3;1004,9;1004,3;0;6,5;6,5;7,3;6,1;7,3;6;100;99;100;209;1,2;,5;
2026/08/25;0900 UTC;0;1004,9;1004,9;1004,4;0;5,9;5,9;6,6;5,9;6,6;5,9;100;99;100;46;1,6;,5;
2026/08/25;1000 UTC;0;1005,7;1005,7;1005;0;5,8;5,8;6,2;5,5;6,2;5,5;100;100;100;193;2,7;,4;
2026/08/25;1100 UTC;0;1006,3;1006,4;1005,7;124,4;7,5;7,5;7,5;5,7;7,5;5,7;100;100;100;340;2,2;,4;
2026/08/25;1200 UTC;0;1006,7;1007;1006,3;537,2;9,5;9,5;9,5;7,5;9,5;7,5;100;100;100;344;1,8;,6;
2026/08/25;1300 UTC;0;1006,3;1006,7;1006,3;1801,2;14,1;9,7;14,2;9,5;10,5;9,3;100;75;75;104;8,9;3,1;
2026/08/25;1400 UTC;0;1005,2;1006,3;1005,2;2337,7;16,5;10,4;17;14;11,4;9,7;77;66;67;62;9,1;,8;
2026/08/25;1500 UTC;0;1004,3;1005,1;1004,3;2807;19,6;11,3;19,6;16,4;11,6;10,3;70;57;59;179;3,1;1,3;
2026/08/25;1600 UTC;0;1002,9;1004,3;1002,9;2960,8;22,2;11,4;22,6;19,7;12,7;10,7;59;47;51;62;2,8;1,5;
2026/08/25;1700 UTC;0;1001,7;1002,9;1001,7;2853,3;24;11,5;24,3;22,4;12,3;10;51;42;46;14;3,6;1,7;
2026/08/25;1800 UTC;0;1000,8;1001,7;1000,7;2558,3;24,5;10,3;25;24,2;12,2;8,5;46;36;41;30;4;1,6;
2026/08/25;1900 UTC;0;999,9;1000,8;999,8;1945,4;25,4;10,5;25,7;24,5;11,9;8,7;44;34;39;43;3,5;1,2;
2026/08/25;2000 UTC;0;999,9;1000,1;999,8;1224,8;25,7;9,3;26,1;25,2;11,2;8;40;32;36;220;1,9;,6;
2026/08/25;2100 UTC;0;999,9;1000,1;999,9;208,5;21,7;14,4;26,2;21,7;14,8;8,5;63;34;63;305;1,7;,1;
2026/08/25;2200 UTC;0;1000,2;1000,2;999,7;9,1;17,8;13,3;21,5;17,8;14,9;11,9;76;60;75;170;2,4;,8;
2026/08/25;2300 UTC;0;1000,9;1000,9;1000,3;0;16,4;13,6;17,7;16,4;14,1;13,3;84;75;84;150;1,1;,6;
2026/08/26;0000 UTC;0;1001,2;1001,2;1000,9;0;14,5;13,2;16,3;14,4;13,7;12,9;93;84;92;358;1,4;,5;
2026/08/26;0100 UTC;0;1001,2;1001,3;1001,1;0;13,4;12,5;14,6;13,4;13,1;12,4;95;89;94;196;1,5;,3;
2026/08/26;0200 UTC;0;1001,2;1001,4;1001,2;0;12,6;12,1;13,6;12,6;12,9;11,9;97;93;97;113;1,1;,2;
2026/08/26;0300 UTC;0;1001;1001,2;1001;0;12,1;11,9;12,8;12;12,4;11,6;99;95;99;133;1;,5;
2026/08/26;0400 UTC;0;1000,7;1001;1000,5;0;12,3;12,1;12,4;11,7;12,4;11,5;100;98;99;157;1,6;0;
2026/08/26;0500 UTC;0;1000,6;1000,7;1000,5;0;12,3;12,2;12,7;12,2;12,7;12;100;99;99;127;2;,3;
2026/08/26;0600 UTC;0;1000,2;1000,7;1000,2;0;11;11;12,2;11;12,1;10,9;100;97;100;111;2,5;1,1;
2026/08/26;0700 UTC;0;999,6;1000,2;999,5;0;10,6;10,6;11,1;10,6;11,1;10,6;100;100;100;98;2,4;,4;
2026/08/26;0800 UTC;0;998,8;999,6;998,8;0;11,5;11,5;11,7;10,1;11,7;10;100;99;100;285;6,4;5,2;
2026/08/26;0900 UTC;0;999,1;999,1;998,8;0;11,1;11,1;11,8;10,7;11,8;10,4;100;98;100;75;6,4;,1;
2026/08/26;1000 UTC;0;999,7;999,7;999,1;0;12,2;11,7;12,2;10,8;11,7;10,5;100;97;97;265;6,6;1,1;
2026/08/26;1100 UTC;0;999,8;999,8;999,7;167,5;13,8;12,1;13,8;12,2;12,3;11,6;98;90;90;156;8,6;2,7;
2026/08/26;1200 UTC;0;1000,1;1000,1;999,7;1050;17,9;12,9;18,1;13,8;13,9;12,1;90;71;73;121;10,5;1,6;
2026/08/26;1300 UTC;0;1000;1000,2;1000;1212,4;19,1;13,8;19,2;17,6;14;12,9;78;70;72;70;5;1,6;
2026/08/26;1400 UTC;0;998,9;1000;998,9;2116,9;22,7;15,7;22,7;18,9;15,9;13,6;74;65;65;33;5,4;2,7;
2026/08/26;1500 UTC;0;997,5;998,9;997,5;2756,4;24,3;16,3;24,3;22,5;16,4;15,2;66;59;61;41;6,2;3,4;
2026/08/26;1600 UTC;0;996,1;997,5;996,1;2558,7;25,9;17,4;26,3;24,2;17,8;16;64;56;60;48;5,9;2,8;
2026/08/26;1700 UTC;0;994,7;996,1;994,7;1998,9;27,7;18,9;27,8;25,6;18,9;17;62;55;59;78;5,1;2,1;
2026/08/26;1800 UTC;0;993,6;994,7;993,6;2200,2;28,5;18,8;28,7;27,5;19,2;17,8;59;55;55;59;5,6;2,2;
2026/08/26;1900 UTC;0;992,6;993,6;992,6;1782,2;29,6;19,7;29,8;28,3;19,9;18,5;60;53;55;78;4,7;1,8;
2026/08/26;2000 UTC;0;992,8;992,8;992,5;1137,3;29,1;18,3;29,7;29,1;20;17,9;56;50;52;0;7,7;3,2;
2026/08/26;2100 UTC;0;993;993,1;992,8;252,5;27,3;18,7;29,1;27,3;19,1;18,3;61;52;60;44;5;1,7;
2026/08/26;2200 UTC;0;993,5;993,5;993;13,1;25,6;18,7;27,2;25,6;19;18,6;66;60;66;34;3,5;1,9;
2026/08/26;2300 UTC;0;993,8;993,8;993,5;0;25,1;18,6;25,6;24,7;18,9;18,6;69;66;67;39;4,1;2,1;
2026/08/27;0000 UTC;0;994,3;994,3;993,8;0;24,9;18,4;25,3;24,8;18,7;18,3;68;66;67;62;4,5;1,3;
2026/08/27;0100 UTC;0;994,6;994,6;994,4;0;24;18,3;24,8;23,7;18,4;18,2;71;67;71;35;3,1;1,7;
2026/08/27;0200 UTC;0;994,8;994,9;994,6;0;23,5;18,3;23,9;23,3;18,4;18,2;73;71;72;47;3;1,2;
2026/08/27;0300 UTC;0;994,9;995;994,8;0;23,6;18,3;23,8;23,4;18,4;18,2;73;71;72;49;3,1;1,7;
2026/08/27;0400 UTC;0;994,8;994,9;994,7;0;23,1;17,8;23,6;23;18,3;17,8;74;72;72;57;5,2;1,5;
2026/08/27;0500 UTC;0;994,4;994,8;994,4;0;22,5;17,5;23;22,4;17,8;17,4;74;72;73;48;3,6;1,6;
2026/08/27;0600 UTC;0;993,9;994,4;993,9;0;22,4;17,4;22,8;22,2;17,6;17,3;74;72;73;39;4,9;1,7;
2026/08/27;0700 UTC;0;993,8;993,9;993,8;0;22,4;17,6;22,7;22;17,6;17,4;75;72;74;29;4,9;2,5;
2026/08/27;0800 UTC;0;994,1;994,1;993,7;0;21,8;17,5;22,6;21,7;17,6;17,4;77;73;76;38;5,6;1,6;
2026/08/27;0900 UTC;0;994,5;994,5;994,1;0;21,5;17,3;22;20,6;17,5;17,2;81;75;77;35;3,8;2,1;
2026/08/27;1000 UTC;0;994,8;994,8;994,4;,1;21,4;17,3;21,6;21;17,4;17,2;79;77;78;27;5;1,9;
2026/08/27;1100 UTC;0;995,2;995,2;994,8;201;22,1;17,4;22,1;21,3;17,6;17,2;78;75;75;38;4,7;2,2;
2026/08/27;1200 UTC;0;995;995,2;995;948,2;23,5;17,7;23,6;22,1;18;17,3;75;70;70;29;8,2;4,1;
2026/08/27;1300 UTC;0;994,4;995;994,4;1403,6;26;18,2;26;23,5;18,6;17,7;71;61;62;26;6,8;4,3;
2026/08/27;1400 UTC;0;993,5;994,4;993,5;2100,1;28,1;18,3;28,1;26;18,7;17,4;63;55;56;20;8,6;4,2;
2026/08/27;1500 UTC;0;992,4;993,4;992,4;2733,4;29,8;18,6;29,8;28;19,6;18,1;57;51;51;356;9;4,6;
2026/08/27;1600 UTC;0;991,3;992,4;991,3;2935,1;30,9;20;30,9;29,8;20,3;18,5;56;50;52;352;8,6;4;
2026/08/27;1700 UTC;0;990;991,2;990;2877,2;31,2;20,1;31,4;30,6;20,7;19;54;49;52;354;9,4;4;
2026/08/27;1800 UTC;0;988,9;989,9;988,9;2475,4;31,2;20,6;31,4;30,8;20,6;19,3;54;49;54;360;8,9;4,2;
2026/08/27;1900 UTC;0;987,9;988,9;987,9;1831,2;31,3;19,4;31,7;31,1;20,6;19,1;53;48;49;357;8,6;4,8;
2026/08/27;2000 UTC;0;987,9;988;987,7;1136,4;31;19,7;31,4;30,9;20,4;19,1;53;49;51;358;8,8;3,7;
2026/08/27;2100 UTC;0;988,2;988,2;987,8;277;29,3;19,3;30,9;29,3;20;19;55;50;55;0;7,3;2,5;
2026/08/27;2200 UTC;0;988,9;988,9;988,2;22,6;27,5;19,3;29,3;27,5;19,7;19,2;61;55;61;73;4;,7;
2026/08/27;2300 UTC;0;989,3;989,3;988,9;0;27,3;19,2;27,8;27,1;19,5;19,1;62;60;61;52;3,4;1,3;
2026/08/28;0000 UTC;0;989,6;989,6;989,3;0;26,7;19;27,2;26,7;19,3;18,9;63;61;63;62;2,7;1,2;
2026/08/28;0100 UTC;0;990;990;989,5;0;25,9;18,9;26,5;25,9;19;18,7;65;63;65;107;2,7;,8;
2026/08/28;0200 UTC;0;990,3;990,4;990;0;24,2;19;26;24,2;19,2;18,7;73;65;73;125;2,2;1,1;
2026/08/28;0300 UTC;0;990,5;990,5;990,3;0;25,7;19;25,7;23,9;19,3;18,8;75;66;67;93;2,8;1,2;
2026/08/28;0400 UTC;0;990,4;990,5;990,3;0;25,4;19;25,9;25,3;19,1;18,8;68;65;68;106;3,1;1,1;
2026/08/28;0500 UTC;0;989,9;990,4;989,9;0;24,8;18,8;25,3;24,8;19,2;18,7;70;67;69;60;2,1;,7;
2026/08/28;0600 UTC;0;989,6;989,9;989,5;0;26;18,9;26,2;24;19,2;18,7;75;64;65;92;3,5;1,4;
2026/08/28;0700 UTC;0;989,3;989,6;989,3;0;25,9;19;26,4;25,1;19,4;18,7;70;64;66;15;6,4;2,2;
2026/08/28;0800 UTC;0;988,4;989,3;988,4;0;26,9;18,9;26,9;25,9;19,2;18,8;66;62;62;8;7,7;3,8;
2026/08/28;0900 UTC;0;988,1;988,4;987,9;0;26,8;19;27,1;26,5;19,2;18,8;63;61;62;353;10;4,3;
2026/08/28;1000 UTC;0;988,7;988,7;988;0;26,5;19;26,8;26,2;19,1;18,8;65;62;63;348;8,1;2,8;
2026/08/28;1100 UTC;0;989,5;989,5;988,6;113,9;26,5;19,4;26,6;26,2;19,4;18,9;66;63;65;354;8,7;4,1;
2026/08/28;1200 UTC;0;989,8;989,8;989,5;539;28;20;28;26,4;20;19,2;66;61;62;6;7,4;3,4;
2026/08/28;1300 UTC;0;989,8;989,9;989,6;1556,5;29,5;20,5;29,5;28;20,6;19,5;62;57;59;342;9,7;2,3;
2026/08/28;1400 UTC;0;989,4;989,7;989,3;1768,4;30,8;20,5;30,8;29,6;20,9;19,9;59;53;54;342;9,1;4;
2026/08/28;1500 UTC;0;989,2;989,5;989,1;2383,5;31,8;20,5;31,9;30,9;21;19,7;55;49;51;336;11,8;5,3;
2026/08/28;1600 UTC;0;988,3;989,1;988,3;1939,9;32,1;19,6;32,9;31,8;21,7;19,6;52;47;48;325;11,5;4,1;
2026/08/28;1700 UTC;0;987,9;988,3;987,9;1260,9;32,1;20,3;32,4;32;20,9;19,7;51;48;50;323;11,1;2,6;
2026/08/28;1800 UTC;0;987,2;987,9;987,2;1376,9;32,6;21,1;32,6;32,2;21,3;20;52;49;51;322;9,8;2;
2026/08/28;1900 UTC;0;986,9;987,2;986,9;1197,6;32,9;20,8;32,9;32,2;21,4;20,5;53;49;49;327;7,3;1,9;
2026/08/28;2000 UTC;0;987,7;987,7;986,9;904,1;32;21,6;32,9;31,6;22,2;20,7;56;49;54;319;7,4;,8;
2026/08/28;2100 UTC;0;988,6;988,6;987,7;242;30,2;21,2;31,9;30,2;22,2;21,1;59;54;59;324;3,2;1,1;
2026/08/28;2200 UTC;0;989,9;989,9;988,6;10,4;26,4;21,8;30,2;26,4;21,9;20,9;76;59;76;192;6,7;2,8;
2026/08/28;2300 UTC;0;991;991;989,9;0;24,5;21,3;26,3;24,5;21,8;21,2;82;75;82;349;3,1;,6;
2026/08/29;0000 UTC;0;991,8;991,8;991;0;22,1;20,9;24,4;21,9;21,4;20,7;93;84;93;216;2,6;1,5;
2026/08/29;0100 UTC;0;992,3;992,3;991,8;0;21,7;20,2;23,5;21,7;21;19,9;92;83;91;319;3,3;,8;
2026/08/29;0200 UTC;0;993;993;992,3;0;21,6;19,4;22,2;21,4;20,3;19,4;94;85;87;132;4,4;,8;
2026/08/29;0300 UTC;0;993,3;993,3;993;0;20;18,9;21,6;20;19,4;18,9;94;87;93;212;1,6;,6;
2026/08/29;0400 UTC;0;993,4;993,5;993,3;0;20,4;18,8;20,4;19,8;19,1;18,7;95;90;90;100;1,8;,7;
2026/08/29;0500 UTC;0;992,9;993,4;992,9;0;20,8;18,3;21,2;20,4;18,9;18;90;82;85;63;2,3;,7;
2026/08/29;0600 UTC;1,4;992,6;993,5;991,6;0;19,7;19;20,7;19,5;19;17,8;95;85;95;249;2,5;,9;
2026/08/29;0700 UTC;,2;992,4;993,1;992,2;0;18,7;18,5;19,7;18,7;19,1;18,5;99;96;99;149;3,5;,9;
2026/08/29;0800 UTC;2,2;992,1;992,5;991,4;0;18,2;17,8;18,9;18,2;18,8;17,5;100;95;97;65;4,8;1,3;
2026/08/29;0900 UTC;,4;993,3;993,3;991,8;0;18,4;17,8;18,4;18,1;17,8;17,6;98;96;96;213;3,1;1,8;
2026/08/29;1000 UTC;1,2;993,5;993,5;991,8;0;18,1;17,7;18,5;18;17,9;17,7;99;96;97;212;3,6;1,3;
2026/08/29;1100 UTC;3;993,6;994,1;993,2;11,9;18;17,8;18,2;17,9;17,9;17,7;99;97;99;127;2,9;1,4;
2026/08/29;1200 UTC;1,2;994,8;995,4;993,6;87,9;18,1;17,7;18,2;18;17,8;17,5;99;96;97;167;3;1,5;
2026/08/29;1300 UTC;0;995,2;995,3;994,3;104,8;18,3;17,9;18,3;18,1;18;17,6;98;96;97;207;2,5;,7;
2026/08/29;1400 UTC;1,2;996;996,3;994,9;325,8;18,8;18,1;18,8;18,3;18,2;17,7;98;95;96;172;5;1,7;
2026/08/29;1500 UTC;,2;995,1;995,9;995;709,2;19,9;18,4;19,9;18,8;18,8;17,8;97;90;91;137;4,4;2;
2026/08/29;1600 UTC;0;995,2;995,4;994,9;624,2;20;18,2;20;19,6;18,8;18;94;89;89;156;5,8;1,4;
2026/08/29;1700 UTC;0;995;995,3;995;442,4;20;18,2;20;19,9;18,6;18,1;92;89;90;159;4,3;2,1;
2026/08/29;1800 UTC;0;994,8;995,1;994,8;259,9;19,8;18;20,1;19,8;18,5;17,8;91;89;89;161;5,3;2,3;
2026/08/29;1900 UTC;0;994,8;994,8;994,6;404,5;19,9;17,5;20,1;19,8;18,1;17,4;90;85;86;156;6,5;2,6;
2026/08/29;2000 UTC;0;995,1;995,2;994,8;169,7;19,7;17,3;20;19,7;17,9;17,3;88;85;86;134;5,5;1,9;
2026/08/29;2100 UTC;0;995,4;995,4;995;94,5;19,6;17,4;19,7;19,4;17,6;17,1;89;86;87;141;4,7;1,8;
2026/08/29;2200 UTC;0;996,2;996,2;995,5;7,9;19,3;16,9;19,6;19,2;17,6;16,8;89;85;86;134;3,7;1,1;
2026/08/29;2300 UTC;0;997,3;997,3;996,2;0;19,1;16,5;19,2;19;17;16,4;87;85;85;156;3,4;1,4;
2026/08/30;0000 UTC;0;998;998;997,3;0;19;16,4;19,1;18,9;16,7;16,3;86;84;85;143;3,9;1,7;
2026/08/30;0100 UTC;0;997,6;998;997,6;0;18,8;16,1;19;18,7;16,5;16,1;86;84;85;101;4,3;2;
2026/08/30;0200 UTC;0;997,7;997,7;997,5;0;18,8;16,1;18,9;18,7;16,3;16;86;83;84;98;4,1;1,5;
2026/08/30;0300 UTC;0;998,2;998,3;997,7;0;18,8;16,4;18,9;18,8;16,5;16,1;86;84;86;114;3,2;,9;
2026/08/30;0400 UTC;0;998,7;998,8;998,2;0;18,7;16,3;18,8;18,7;16,5;16,1;87;85;85;179;2,8;,9;
2026/08/30;0500 UTC;0;998,3;998,8;998,3;0;18,4;15,9;18,8;18,4;16,6;15,9;88;85;86;173;3,4;1,8;
2026/08/30;0600 UTC;0;998,1;998,3;997,9;0;17,4;15,5;18,3;17,4;16;15,5;89;86;89;136;4,1;1,1;
2026/08/30;0700 UTC;0;997,2;998,2;997,1;0;17;15,4;17,4;17;15,6;15,4;90;89;90;139;3,2;1,3;
2026/08/30;0800 UTC;0;997;997,4;997;0;16,8;15,2;17;16,8;15,4;15;91;89;90;163;2,9;1,7;
2026/08/30;0900 UTC;0;997,4;997,5;996,6;0;17;14,7;17,1;16,7;15,1;14,7;91;86;87;83;4;1,2;
2026/08/30;1000 UTC;0;997,9;997,9;997,3;0;16,8;14,8;16,9;16,6;14,8;14,7;89;87;88;146;2,8;1,6;
2026/08/30;1100 UTC;0;998,2;998,3;997,9;117,9;17,3;15;17,3;16,8;15,1;14,6;88;85;86;106;3,4;1,1;
2026/08/30;1200 UTC;0;998,7;998,8;998;246,9;17,9;15,1;17,9;17,3;15,4;14,8;87;82;84;115;3,6;1,5;
2026/08/30;1300 UTC;0;998,9;999,4;998,7;737,4;19;15,5;19,1;17,9;15,8;15;85;78;80;118;4,1;1,5;
2026/08/30;1400 UTC;0;998,7;998,9;998,5;878,1;20,3;16,3;20,3;19;16,5;15,4;83;78;78;109;3,1;1;
2026/08/30;1500 UTC;0;998,3;998,9;998,3;1364,6;21,1;16,7;21,1;20,4;17,2;15,9;80;74;76;149;3,4;1,6;
2026/08/30;1600 UTC;0;997,5;998,3;997,5;1755,7;22,1;17,4;22,6;21;18;16,5;78;71;74;172;4,3;2,1;
2026/08/30;1700 UTC;0;996,7;997,5;996,7;1166,2;22,4;18;22,8;22,1;18,5;17,2;79;72;76;153;3,8;1,6;
2026/08/30;1800 UTC;0;996,3;996,7;996,2;1081,2;22,5;18,2;23;22,4;18,3;17,6;77;72;77;166;4;1,9;
2026/08/30;1900 UTC;0;996;996,4;996;426,6;22;18,3;22,5;21,9;18,4;17,8;80;75;79;144;3,6;1,4;
2026/08/30;2000 UTC;0;996,2;996,3;995,9;180,5;21,4;18,1;22,1;21,4;18,4;17,9;82;78;82;152;3,3;1,5;
2026/08/30;2100 UTC;0;995,8;996,1;995,8;92,9;21,1;18;21,4;21,1;18,4;17,9;83;81;82;158;3,5;1,3;
2026/08/30;2200 UTC;0;996,3;996,3;995,8;3,9;20,5;17,9;21,1;20,5;18,3;17,8;85;82;85;165;4,1;1,5;
2026/08/30;2300 UTC;0;997;997;996,3;0;20,2;17,4;20,5;20,2;18,1;17,3;86;83;84;138;3,9;1,8;
2026/08/31;0000 UTC;0;997,8;997,8;997;0;19,9;17;20,2;19,9;17,5;17;85;83;83;154;4,1;1,5;
2026/08/31;0100 UTC;0;997,9;998,1;997,8;0;19,6;16,7;19,9;19,6;17,1;16,7;85;83;83;109;4,5;2,1;
2026/08/31;0200 UTC;0;997,6;997,9;997,5;0;19,5;16,7;19,6;19,5;16,8;16,6;84;83;84;126;4,9;1,4;
2026/08/31;0300 UTC;0;997,7;997,8;997,5;0;19,2;16,7;19,6;19,2;16,9;16,6;86;83;86;47;3,4;1;
2026/08/31;0400 UTC;0;997,5;997,7;997,4;0;18,2;16,8;19,2;18,2;16,8;16,7;92;86;91;44;3,6;,8;
2026/08/31;0500 UTC;0;996,6;997,5;996,6;0;17,9;16,8;18,2;17,9;16,8;16,7;93;91;93;135;1,7;,7;
2026/08/31;0600 UTC;0;995,7;996,6;995,5;0;16,6;16,2;17,9;16,6;16,8;16,2;98;93;98;27;1,4;,9;
2026/08/31;0700 UTC;0;995,1;995,8;994,9;0;16,7;16,3;16,9;16,6;16,6;16,1;99;96;98;348;1,5;,6;
2026/08/31;0800 UTC;0;994,3;995,1;993,9;0;15,8;15,7;16,7;15,8;16,4;15,7;99;97;99;234;2,1;,7;
2026/08/31;0900 UTC;3,2;993,8;995,6;992,7;0;16,9;16,7;16,9;15,8;16,8;15,6;100;99;99;0;5,3;2,6;
2026/08/31;1000 UTC;,6;994,9;994,9;993,8;0;17,1;17,1;17,1;16,9;17,1;16,8;100;99;100;78;4,8;1,2;
2026/08/31;1100 UTC;,2;994,9;995,5;994,5;28,2;17,5;17,5;17,5;17,1;17,5;17,1;100;100;100;43;3,2;,8;
2026/08/31;1200 UTC;,2;995;995,8;994,6;53,2;17,9;17,7;17,9;17,5;17,8;17,5;100;99;99;50;4,5;1,8;
2026/08/31;1300 UTC;1,2;995,5;995,6;994,3;109,7;18,4;18,1;18,4;17,8;18,1;17,6;99;98;98;30;4;1,4;
2026/08/31;1400 UTC;3,4;996,8;997,1;995,5;59,4;18,6;18,6;18,6;18,3;18,6;18;100;98;100;201;2,3;,7;
2026/08/31;1500 UTC;,4;995,8;996,7;995,7;92,7;19;19;19;18,6;19;18,6;100;100;100;202;3,6;1,9;
2026/08/31;1600 UTC;,6;995;996,5;995;349,4;18,9;18,7;19,3;18,5;19,3;18;100;97;99;89;7,3;1;
2026/08/31;1700 UTC;0;994,1;995;994,1;464,4;19,5;19,4;19,5;18,9;19,4;18,4;99;97;99;58;3,6;1,1;
2026/08/31;1800 UTC;0;994,9;994,9;994;473,2;20,4;19,2;20,5;19,5;19,9;19,2;99;93;93;54;4,5;1,8;
2026/08/31;1900 UTC;,2;994,3;994,9;994,3;937,8;21;17,8;21;20,4;19,7;17,8;94;82;82;120;3,5;1,6;
2026/08/31;2000 UTC;0;994,9;995;994,3;1185,5;21,8;18;21,9;21,1;18,7;17,3;85;76;79;45;2,8;1;
2026/08/31;2100 UTC;0;995,6;995,7;994,7;436;21,2;18,7;22,2;21,2;18,9;17,4;86;75;85;98;2,2;,4;
2026/08/31;2200 UTC;0;996,4;996,4;995,6;17,4;19;18,2;21,2;19;19,1;18,1;95;84;95;200;2;,5;
2026/08/31;2300 UTC;0;997,3;997,3;996,4;0;18,5;18,2;18,9;18,1;18,2;17,7;99;95;98;173;1,7;,6;
