REGIAO:;S
UF:;RS
ESTACAO:;MUCUM
CODIGO (WMO):;B859
LATITUDE:;-29,15361111
LONGITUDE:;-51,86527777
ALTITUDE:;197
DATA DE FUNDACAO:;24/02/26
Data;Hora UTC;PRECIPITAÇÃO TOTAL, HORÁRIO (mm);PRESSAO ATMOSFERICA AO NIVEL DA ESTACAO, HORARIA (mB);PRESSÃO ATMOSFERICA MAX.NA HORA ANT. (AUT) (mB);PRESSÃO ATMOSFERICA MIN. NA HORA ANT. (AUT) (mB);RADIACAO GLOBAL (Kj/m²);TEMPERATURA DO AR - BULBO SECO, HORARIA (°C);TEMPERATURA DO PONTO DE ORVALHO (°C);TEMPERATURA MÁXIMA NA HORA ANT. (AUT) (°C);TEMPERATURA MÍNIMA NA HORA ANT. (AUT) (°C);TEMPERATURA ORVALHO MAX. NA HORA ANT. (AUT) (°C);TEMPERATURA ORVALHO MIN. NA HORA ANT. (AUT) (°C);UMIDADE REL. MAX. NA HORA ANT. (AUT) (%);UMIDADE REL. MIN. NA HORA ANT. (AUT) (%);UMIDADE RELATIVA DO AR, HORARIA (%);VENTO, DIREÇÃO HORARIA (gr) (° (gr));VENTO, RAJADA MAXIMA (m/s);VENTO, VELOCIDADE HORARIA (m/s);
2026/02/24;0000 UTC;;;;;;;;;;;;;;;;;;
2026/02/24;0100 UTC;;;;;;;;;;;;;;;;;;
2026/02/24;0200 UTC;;;;;;;;;;;;;;;;;;
2026/02/24;0300 UTC;;;;;;;;;;;;;;;;;;
2026/02/24;0400 UTC;;;;;;;;;;;;;;;;;;
2026/02/24;0500 UTC;;;;;;;;;;;;;;;;;;
2026/02/24;0600 UTC;;;;;;;;;;;;;;;;;;
2026/02/24;0700 UTC;;;;;;;;;;;;;;;;;;
2026/02/24;0800 UTC;;;;;;;;;;;;;;;;;;
2026/02/24;0900 UTC;;;;;;;;;;;;;;;;;;
2026/02/24;1000 UTC;;;;;;;;;;;;;;;;;;
2026/02/24;1100 UTC;;;;;;;;;;;;;;;;;;
2026/02/24;1200 UTC;;;;;;;;;;;;;;;;;;
2026/02/24;1300 UTC;;;;;;;;;;;;;;;;;;
2026/02/24;1400 UTC;;;;;;;;;;;;;;;;;;
2026/02/24;1500 UTC;;;;;;;;;;;;;;;;;;
2026/02/24;1600 UTC;;;;;;;;;;;;;;;;;;
2026/02/24;1700 UTC;;;;;;;;;;;;;;;;;;
2026/02/24;1800 UTC;;;;;;;;;;;;;;;;;;
2026/02/24;1900 UTC;;;;;;;;;;;;;;;;;;
2026/02/24;2000 UTC;;;;;;;;;;;;;;;;;;
2026/02/24;2100 UTC;;;;;;;;;;;;;;;;;;
2026/02/24;2200 UTC;;;;;;;;;;;;;;;;;;
2026/02/24;2300 UTC;;;;;;;;;;;;;;;;;;
2026/02/25;0000 UTC;;;;;;;;;;;;;;;;;;
2026/02/25;0100 UTC;;;;;;;;;;;;;;;;;;
2026/02/25;0200 UTC;;;;;;;;;;;;;;;;;;
2026/02/25;0300 UTC;;;;;;;;;;;;;;;;;;
2026/02/25;0400 UTC;;;;;;;;;;;;;;;;;;
2026/02/25;0500 UTC;;;;;;;;;;;;;;;;;;
2026/02/25;0600 UTC;;;;;;;;;;;;;;;;;;
2026/02/25;0700 UTC;;;;;;;;;;;;;;;;;;
2026/02/25;0800 UTC;;;;;;;;;;;;;;;;;;
2026/02/25;0900 UTC;;;;;;;;;;;;;;;;;;
2026/02/25;1000 UTC;;;;;;;;;;;;;;;;;;
2026/02/25;1100 UTC;;;;;;;;;;;;;;;;;;
2026/02/25;1200 UTC;;;;;;;;;;;;;;;;;;
2026/02/25;1300 UTC;;;;;;;;;;;;;;;;;;
2026/02/25;1400 UTC;;;;;;;;;;;;;;;;;;
2026/02/25;1500 UTC;;;;;;;;;;;;;;;;;;
2026/02/25;1600 UTC;;;;;;;;;;;;;;;;;;
2026/02/25;1700 UTC;;;;;;;;;;;;;;;;;;
2026/02/25;1800 UTC;;;;;;;;;;;;;;;;;;
2026/02/25;1900 UTC;;;;;;;;;;;;;;;;;;
2026/02/25;2000 UTC;;;;;;;;;;;;;;;;;;
2026/02/25;2100 UTC;;;;;;;;;;;;;;;;;;
2026/02/25;2200 UTC;;;;;;;;;;;;;;;;;;
2026/02/25;2300 UTC;;;;;;;;;;;;;;;;;;
2026/02/26;0000 UTC;;;;;;;;;;;;;;;;;;
2026/02/26;0100 UTC;;;;;;;;;;;;;;;;;;
2026/02/26;0200 UTC;;;;;;;;;;;;;;;;;;
2026/02/26;0300 UTC;;;;;;;;;;;;;;;;;;
2026/02/26;0400 UTC;;;;;;;;;;;;;;;;;;
2026/02/26;0500 UTC;;;;;;;;;;;;;;;;;;
2026/02/26;0600 UTC;;;;;;;;;;;;;;;;;;
2026/02/26;0700 UTC;;;;;;;;;;;;;;;;;;
2026/02/26;0800 UTC;;;;;;;;;;;;;;;;;;
2026/02/26;0900 UTC;;;;;;;;;;;;;;;;;;
2026/02/26;1000 UTC;;;;;;;;;;;;;;;;;;
2026/02/26;1100 UTC;;;;;;;;;;;;;;;;;;
2026/02/26;1200 UTC;;;;;;;;;;;;;;;;;;
2026/02/26;1300 UTC;;;;;;;;;;;;;;;;;;
2026/02/26;1400 UTC;;;;;;;;;;;;;;;;;;
2026/02/26;1500 UTC;;;;;;;;;;;;;;;;;;
2026/02/26;1600 UTC;;;;;;;;;;;;;;;;;;
2026/02/26;1700 UTC;;;;;;;;;;;;;;;;;;
2026/02/26;1800 UTC;;;;;;;;;;;;;;;;;;
2026/02/26;1900 UTC;;;;;;;;;;;;;;;;;;
2026/02/26;2000 UTC;;;;;;;;;;;;;;;;;;
2026/02/26;2100 UTC;;;;;;;;;;;;;;;;;;
2026/02/26;2200 UTC;;;;;;;;;;;;;;;;;;
2026/02/26;2300 UTC;;;;;;;;;;;;;;;;;;
2026/02/27;0000 UTC;;;;;;;;;;;;;;;;;;
2026/02/27;0100 UTC;;;;;;;;;;;;;;;;;;
2026/02/27;0200 UTC;;;;;;;;;;;;;;;;;;
2026/02/27;0300 UTC;;;;;;;;;;;;;;;;;;
2026/02/27;0400 UTC;;;;;;;;;;;;;;;;;;
2026/02/27;0500 UTC;;;;;;;;;;;;;;;;;;
2026/02/27;0600 UTC;;;;;;;;;;;;;;;;;;
2026/02/27;0700 UTC;;;;;;;;;;;;;;;;;;
2026/02/27;0800 UTC;;;;;;;;;;;;;;;;;;
2026/02/27;0900 UTC;;;;;;;;;;;;;;;;;;
2026/02/27;1000 UTC;;;;;;;;;;;;;;;;;;
2026/02/27;1100 UTC;;;;;;;;;;;;;;;;;;
2026/02/27;1200 UTC;;;;;;;;;;;;;;;;;;
2026/02/27;1300 UTC;;;;;;;;;;;;;;;;;;
2026/02/27;1400 UTC;;;;;;;;;;;;;;;;;;
2026/02/27;1500 UTC;;;;;;;;;;;;;;;;;;
2026/02/27;1600 UTC;;;;;;;;;;;;;;;;;;
2026/02/27;1700 UTC;;;;;;;;;;;;;;;;;;
2026/02/27;1800 UTC;;;;;;;;;;;;;;;;;;
2026/02/27;1900 UTC;;;;;;;;;;;;;;;;;;
2026/02/27;2000 UTC;;;;;;;;;;;;;;;;;;
2026/02/27;2100 UTC;;;;;;;;;;;;;;;;;;
2026/02/27;2200 UTC;;;;;;;;;;;;;;;;;;
2026/02/27;2300 UTC;;;;;;;;;;;;;;;;;;
2026/02/28;0000 UTC;;;;;;;;;;;;;;;;;;
2026/02/28;0100 UTC;;;;;;;;;;;;;;;;;;
2026/02/28;0200 UTC;;;;;;;;;;;;;;;;;;
2026/02/28;0300 UTC;;;;;;;;;;;;;;;;;;
2026/02/28;0400 UTC;;;;;;;;;;;;;;;;;;
2026/02/28;0500 UTC;;;;;;;;;;;;;;;;;;
2026/02/28;0600 UTC;;;;;;;;;;;;;;;;;;
2026/02/28;0700 UTC;;;;;;;;;;;;;;;;;;
2026/02/28;0800 UTC;;;;;;;;;;;;;;;;;;
2026/02/28;0900 UTC;;;;;;;;;;;;;;;;;;
2026/02/28;1000 UTC;;;;;;;;;;;;;;;;;;
2026/02/28;1100 UTC;;;;;;;;;;;;;;;;;;
2026/02/28;1200 UTC;;;;;;;;;;;;;;;;;;
2026/02/28;1300 UTC;;;;;;;;;;;;;;;;;;
2026/02/28;1400 UTC;;;;;;;;;;;;;;;;;;
2026/02/28;1500 UTC;;;;;;;;;;;;;;;;;;
2026/02/28;1600 UTC;;;;;;;;;;;;;;;;;;
2026/02/28;1700 UTC;;;;;;;;;;;;;;;;;;
2026/02/28;1800 UTC;;;;;;;;;;;;;;;;;;
2026/02/28;1900 UTC;;;;;;;;;;;;;;;;;;
2026/02/28;2000 UTC;;;;;;;;;;;;;;;;;;
2026/02/28;2100 UTC;;;;;;;;;;;;;;;;;;
2026/02/28;2200 UTC;;;;;;;;;;;;;;;;;;
2026/02/28;2300 UTC;;;;;;;;;;;;;;;;;;
2026/03/01;0000 UTC;;;;;;;;;;;;;;;;;;
2026/03/01;0100 UTC;;;;;;;;;;;;;;;;;;
2026/03/01;0200 UTC;;;;;;;;;;;;;;;;;;
2026/03/01;0300 UTC;;;;;;;;;;;;;;;;;;
2026/03/01;0400 UTC;;;;;;;;;;;;;;;;;;
2026/03/01;0500 UTC;;;;;;;;;;;;;;;;;;
2026/03/01;0600 UTC;;;;;;;;;;;;;;;;;;
2026/03/01;0700 UTC;;;;;;;;;;;;;;;;;;
2026/03/01;0800 UTC;;;;;;;;;;;;;;;;;;
2026/03/01;0900 UTC;;;;;;;;;;;;;;;;;;
2026/03/01;1000 UTC;;;;;;;;;;;;;;;;;;
2026/03/01;1100 UTC;;;;;;;;;;;;;;;;;;
2026/03/01;1200 UTC;;;;;;;;;;;;;;;;;;
2026/03/01;1300 UTC;;;;;;;;;;;;;;;;;;
2026/03/01;1400 UTC;;;;;;;;;;;;;;;;;;
2026/03/01;1500 UTC;;;;;;;;;;;;;;;;;;
2026/03/01;1600 UTC;;;;;;;;;;;;;;;;;;
2026/03/01;1700 UTC;;;;;;;;;;;;;;;;;;
2026/03/01;1800 UTC;;;;;;;;;;;;;;;;;;
2026/03/01;1900 UTC;;;;;;;;;;;;;;;;;;
2026/03/01;2000 UTC;;;;;;;;;;;;;;;;;;
2026/03/01;2100 UTC;;;;;;;;;;;;;;;;;;
2026/03/01;2200 UTC;;;;;;;;;;;;;;;;;;
2026/03/01;2300 UTC;;;;;;;;;;;;;;;;;;
2026/03/02;0000 UTC;;;;;;;;;;;;;;;;;;
2026/03/02;0100 UTC;;;;;;;;;;;;;;;;;;
2026/03/02;0200 UTC;;;;;;;;;;;;;;;;;;
2026/03/02;0300 UTC;;;;;;;;;;;;;;;;;;
2026/03/02;0400 UTC;;;;;;;;;;;;;;;;;;
2026/03/02;0500 UTC;;;;;;;;;;;;;;;;;;
2026/03/02;0600 UTC;;;;;;;;;;;;;;;;;;
2026/03/02;0700 UTC;;;;;;;;;;;;;;;;;;
2026/03/02;0800 UTC;;;;;;;;;;;;;;;;;;
2026/03/02;0900 UTC;;;;;;;;;;;;;;;;;;
2026/03/02;1000 UTC;;;;;;;;;;;;;;;;;;
2026/03/02;1100 UTC;;;;;;;;;;;;;;;;;;
2026/03/02;1200 UTC;;;;;;;;;;;;;;;;;;
2026/03/02;1300 UTC;;;;;;;;;;;;;;;;;;
2026/03/02;1400 UTC;;;;;;;;;;;;;;;;;;
2026/03/02;1500 UTC;;;;;;;;;;;;;;;;;;
2026/03/02;1600 UTC;;;;;;;;;;;;;;;;;;
2026/03/02;1700 UTC;;;;;;;;;;;;;;;;;;
2026/03/02;1800 UTC;;;;;;;;;;;;;;;;;;
2026/03/02;1900 UTC;;;;;;;;;;;;;;;;;;
2026/03/02;2000 UTC;;;;;;;;;;;;;;;;;;
2026/03/02;2100 UTC;;;;;;;;;;;;;;;;;;
2026/03/02;2200 UTC;;;;;;;;;;;;;;;;;;
2026/03/02;2300 UTC;;;;;;;;;;;;;;;;;;
2026/03/03;0000 UTC;;;;;;;;;;;;;;;;;;
2026/03/03;0100 UTC;;;;;;;;;;;;;;;;;;
2026/03/03;0200 UTC;;;;;;;;;;;;;;;;;;
2026/03/03;0300 UTC;;;;;;;;;;;;;;;;;;
2026/03/03;0400 UTC;;;;;;;;;;;;;;;;;;
2026/03/03;0500 UTC;;;;;;;;;;;;;;;;;;
2026/03/03;0600 UTC;;;;;;;;;;;;;;;;;;
2026/03/03;0700 UTC;;;;;;;;;;;;;;;;;;
2026/03/03;0800 UTC;;;;;;;;;;;;;;;;;;
2026/03/03;0900 UTC;;;;;;;;;;;;;;;;;;
2026/03/03;1000 UTC;;;;;;;;;;;;;;;;;;
2026/03/03;1100 UTC;;;;;;;;;;;;;;;;;;
2026/03/03;1200 UTC;;;;;;;;;;;;;;;;;;
2026/03/03;1300 UTC;;;;;;;;;;;;;;;;;;
2026/03/03;1400 UTC;;;;;;;;;;;;;;;;;;
2026/03/03;1500 UTC;;;;;;;;;;;;;;;;;;
2026/03/03;1600 UTC;;;;;;;;;;;;;;;;;;
2026/03/03;1700 UTC;;;;;;;;;;;;;;;;;;
2026/03/03;1800 UTC;;;;;;;;;;;;;;;;;;
2026/03/03;1900 UTC;;;;;;;;;;;;;;;;;;
2026/03/03;2000 UTC;;;;;;;;;;;;;;;;;;
2026/03/03;2100 UTC;;;;;;;;;;;;;;;;;;
2026/03/03;2200 UTC;;;;;;;;;;;;;;;;;;
2026/03/03;2300 UTC;;;;;;;;;;;;;;;;;;
2026/03/04;0000 UTC;;;;;;;;;;;;;;;;;;
2026/03/04;0100 UTC;;;;;;;;;;;;;;;;;;
2026/03/04;0200 UTC;;;;;;;;;;;;;;;;;;
2026/03/04;0300 UTC;;;;;;;;;;;;;;;;;;
2026/03/04;0400 UTC;;;;;;;;;;;;;;;;;;
2026/03/04;0500 UTC;;;;;;;;;;;;;;;;;;
2026/03/04;0600 UTC;;;;;;;;;;;;;;;;;;
2026/03/04;0700 UTC;;;;;;;;;;;;;;;;;;
2026/03/04;0800 UTC;;;;;;;;;;;;;;;;;;
2026/03/04;0900 UTC;;;;;;;;;;;;;;;;;;
2026/03/04;1000 UTC;;;;;;;;;;;;;;;;;;
2026/03/04;1100 UTC;;;;;;;;;;;;;;;;;;
2026/03/04;1200 UTC;;;;;;;;;;;;;;;;;;
2026/03/04;1300 UTC;;;;;;;;;;;;;;;;;;
2026/03/04;1400 UTC;;;;;;;;;;;;;;;;;;
2026/03/04;1500 UTC;;;;;;;;;;;;;;;;;;
2026/03/04;1600 UTC;;;;;;;;;;;;;;;;;;
2026/03/04;1700 UTC;;;;;;;;;;;;;;;;;;
2026/03/04;1800 UTC;;;;;;;;;;;;;;;;;;
2026/03/04;1900 UTC;;;;;;;;;;;;;;;;;;
2026/03/04;2000 UTC;;;;;;;;;;;;;;;;;;
2026/03/04;2100 UTC;;;;;;;;;;;;;;;;;;
2026/03/04;2200 UTC;;;;;;;;;;;;;;;;;;
2026/03/04;2300 UTC;;;;;;;;;;;;;;;;;;
2026/03/05;0000 UTC;;;;;;;;;;;;;;;;;;
2026/03/05;0100 UTC;;;;;;;;;;;;;;;;;;
2026/03/05;0200 UTC;;;;;;;;;;;;;;;;;;
2026/03/05;0300 UTC;;;;;;;;;;;;;;;;;;
2026/03/05;0400 UTC;;;;;;;;;;;;;;;;;;
2026/03/05;0500 UTC;;;;;;;;;;;;;;;;;;
2026/03/05;0600 UTC;;;;;;;;;;;;;;;;;;
2026/03/05;0700 UTC;;;;;;;;;;;;;;;;;;
2026/03/05;0800 UTC;;;;;;;;;;;;;;;;;;
2026/03/05;0900 UTC;;;;;;;;;;;;;;;;;;
2026/03/05;1000 UTC;;;;;;;;;;;;;;;;;;
2026/03/05;1100 UTC;;;;;;;;;;;;;;;;;;
2026/03/05;1200 UTC;;;;;;;;;;;;;;;;;;
2026/03/05;1300 UTC;;;;;;;;;;;;;;;;;;
2026/03/05;1400 UTC;;;;;;;;;;;;;;;;;;
2026/03/05;1500 UTC;;;;;;;;;;;;;;;;;;
2026/03/05;1600 UTC;;;;;;;;;;;;;;;;;;
2026/03/05;1700 UTC;;;;;;;;;;;;;;;;;;
2026/03/05;1800 UTC;;;;;;;;;;;;;;;;;;
2026/03/05;1900 UTC;;;;;;;;;;;;;;;;;;
2026/03/05;2000 UTC;;;;;;;;;;;;;;;;;;
2026/03/05;2100 UTC;;;;;;;;;;;;;;;;;;
2026/03/05;2200 UTC;;;;;;;;;;;;;;;;;;
2026/03/05;2300 UTC;;;;;;;;;;;;;;;;;;
2026/03/06;0000 UTC;;;;;;;;;;;;;;;;;;
2026/03/06;0100 UTC;;;;;;;;;;;;;;;;;;
2026/03/06;0200 UTC;;;;;;;;;;;;;;;;;;
2026/03/06;0300 UTC;;;;;;;;;;;;;;;;;;
2026/03/06;0400 UTC;;;;;;;;;;;;;;;;;;
2026/03/06;0500 UTC;;;;;;;;;;;;;;;;;;
2026/03/06;0600 UTC;;;;;;;;;;;;;;;;;;
2026/03/06;0700 UTC;;;;;;;;;;;;;;;;;;
2026/03/06;0800 UTC;;;;;;;;;;;;;;;;;;
2026/03/06;0900 UTC;;;;;;;;;;;;;;;;;;
2026/03/06;1000 UTC;;;;;;;;;;;;;;;;;;
2026/03/06;1100 UTC;;;;;;;;;;;;;;;;;;
2026/03/06;1200 UTC;;;;;;;;;;;;;;;;;;
2026/03/06;1300 UTC;;;;;;;;;;;;;;;;;;
2026/03/06;1400 UTC;;;;;;;;;;;;;;;;;;
2026/03/06;1500 UTC;;;;;;;;;;;;;;;;;;
2026/03/06;1600 UTC;;;;;;;;;;;;;;;;;;
2026/03/06;1700 UTC;;;;;;;;;;;;;;;;;;
2026/03/06;1800 UTC;;;;;;;;;;;;;;;;;;
2026/03/06;1900 UTC;;;;;;;;;;;;;;;;;;
2026/03/06;2000 UTC;;;;;;;;;;;;;;;;;;
2026/03/06;2100 UTC;;;;;;;;;;;;;;;;;;
2026/03/06;2200 UTC;;;;;;;;;;;;;;;;;;
2026/03/06;2300 UTC;;;;;;;;;;;;;;;;;;
2026/03/07;0000 UTC;;;;;;;;;;;;;;;;;;
2026/03/07;0100 UTC;;;;;;;;;;;;;;;;;;
2026/03/07;0200 UTC;;;;;;;;;;;;;;;;;;
2026/03/07;0300 UTC;;;;;;;;;;;;;;;;;;
2026/03/07;0400 UTC;;;;;;;;;;;;;;;;;;
2026/03/07;0500 UTC;;;;;;;;;;;;;;;;;;
2026/03/07;0600 UTC;;;;;;;;;;;;;;;;;;
2026/03/07;0700 UTC;;;;;;;;;;;;;;;;;;
2026/03/07;0800 UTC;;;;;;;;;;;;;;;;;;
2026/03/07;0900 UTC;;;;;;;;;;;;;;;;;;
2026/03/07;1000 UTC;;;;;;;;;;;;;;;;;;
2026/03/07;1100 UTC;;;;;;;;;;;;;;;;;;
2026/03/07;1200 UTC;;;;;;;;;;;;;;;;;;
2026/03/07;1300 UTC;;;;;;;;;;;;;;;;;;
2026/03/07;1400 UTC;;;;;;;;;;;;;;;;;;
2026/03/07;1500 UTC;;;;;;;;;;;;;;;;;;
2026/03/07;1600 UTC;;;;;;;;;;;;;;;;;;
2026/03/07;1700 UTC;;;;;;;;;;;;;;;;;;
2026/03/07;1800 UTC;;;;;;;;;;;;;;;;;;
2026/03/07;1900 UTC;;;;;;;;;;;;;;;;;;
2026/03/07;2000 UTC;;;;;;;;;;;;;;;;;;
2026/03/07;2100 UTC;;;;;;;;;;;;;;;;;;
2026/03/07;2200 UTC;;;;;;;;;;;;;;;;;;
2026/03/07;2300 UTC;;;;;;;;;;;;;;;;;;
2026/03/08;0000 UTC;;;;;;;;;;;;;;;;;;
2026/03/08;0100 UTC;;;;;;;;;;;;;;;;;;
2026/03/08;0200 UTC;;;;;;;;;;;;;;;;;;
2026/03/08;0300 UTC;;;;;;;;;;;;;;;;;;
2026/03/08;0400 UTC;;;;;;;;;;;;;;;;;;
2026/03/08;0500 UTC;;;;;;;;;;;;;;;;;;
2026/03/08;0600 UTC;;;;;;;;;;;;;;;;;;
2026/03/08;0700 UTC;;;;;;;;;;;;;;;;;;
2026/03/08;0800 UTC;;;;;;;;;;;;;;;;;;
2026/03/08;0900 UTC;;;;;;;;;;;;;;;;;;
2026/03/08;1000 UTC;;;;;;;;;;;;;;;;;;
2026/03/08;1100 UTC;;;;;;;;;;;;;;;;;;
2026/03/08;1200 UTC;;;;;;;;;;;;;;;;;;
2026/03/08;1300 UTC;;;;;;;;;;;;;;;;;;
2026/03/08;1400 UTC;;;;;;;;;;;;;;;;;;
2026/03/08;1500 UTC;;;;;;;;;;;;;;;;;;
2026/03/08;1600 UTC;;;;;;;;;;;;;;;;;;
2026/03/08;1700 UTC;;;;;;;;;;;;;;;;;;
2026/03/08;1800 UTC;;;;;;;;;;;;;;;;;;
2026/03/08;1900 UTC;;;;;;;;;;;;;;;;;;
2026/03/08;2000 UTC;;;;;;;;;;;;;;;;;;
2026/03/08;2100 UTC;;;;;;;;;;;;;;;;;;
2026/03/08;2200 UTC;;;;;;;;;;;;;;;;;;
2026/03/08;2300 UTC;;;;;;;;;;;;;;;;;;
2026/03/09;0000 UTC;;;;;;;;;;;;;;;;;;
2026/03/09;0100 UTC;;;;;;;;;;;;;;;;;;
2026/03/09;0200 UTC;;;;;;;;;;;;;;;;;;
2026/03/09;0300 UTC;;;;;;;;;;;;;;;;;;
2026/03/09;0400 UTC;;;;;;;;;;;;;;;;;;
2026/03/09;0500 UTC;;;;;;;;;;;;;;;;;;
2026/03/09;0600 UTC;;;;;;;;;;;;;;;;;;
2026/03/09;0700 UTC;;;;;;;;;;;;;;;;;;
2026/03/09;0800 UTC;;;;;;;;;;;;;;;;;;
2026/03/09;0900 UTC;;;;;;;;;;;;;;;;;;
2026/03/09;1000 UTC;;;;;;;;;;;;;;;;;;
2026/03/09;1100 UTC;;;;;;;;;;;;;;;;;;
2026/03/09;1200 UTC;;;;;;;;;;;;;;;;;;
2026/03/09;1300 UTC;;;;;;;;;;;;;;;;;;
2026/03/09;1400 UTC;;;;;;;;;;;;;;;;;;
2026/03/09;1500 UTC;;;;;;;;;;;;;;;;;;
2026/03/09;1600 UTC;;;;;;;;;;;;;;;;;;
2026/03/09;1700 UTC;;;;;;;;;;;;;;;;;;
2026/03/09;1800 UTC;;;;;;;;;;;;;;;;;;
2026/03/09;1900 UTC;;;;;;;;;;;;;;;;;;
2026/03/09;2000 UTC;;;;;;;;;;;;;;;;;;
2026/03/09;2100 UTC;;;;;;;;;;;;;;;;;;
2026/03/09;2200 UTC;;;;;;;;;;;;;;;;;;
2026/03/09;2300 UTC;;;;;;;;;;;;;;;;;;
2026/03/10;0000 UTC;;;;;;;;;;;;;;;;;;
2026/03/10;0100 UTC;;;;;;;;;;;;;;;;;;
2026/03/10;0200 UTC;;;;;;;;;;;;;;;;;;
2026/03/10;0300 UTC;;;;;;;;;;;;;;;;;;
2026/03/10;0400 UTC;;;;;;;;;;;;;;;;;;
2026/03/10;0500 UTC;;;;;;;;;;;;;;;;;;
2026/03/10;0600 UTC;;;;;;;;;;;;;;;;;;
2026/03/10;0700 UTC;;;;;;;;;;;;;;;;;;
2026/03/10;0800 UTC;;;;;;;;;;;;;;;;;;
2026/03/10;0900 UTC;;;;;;;;;;;;;;;;;;
2026/03/10;1000 UTC;;;;;;;;;;;;;;;;;;
2026/03/10;1100 UTC;;;;;;;;;;;;;;;;;;
2026/03/10;1200 UTC;;;;;;;;;;;;;;;;;;
2026/03/10;1300 UTC;;;;;;;;;;;;;;;;;;
2026/03/10;1400 UTC;;;;;;;;;;;;;;;;;;
2026/03/10;1500 UTC;;;;;;;;;;;;;;;;;;
2026/03/10;1600 UTC;;;;;;;;;;;;;;;;;;
2026/03/10;1700 UTC;;;;;;;;;;;;;;;;;;
2026/03/10;1800 UTC;;;;;;;;;;;;;;;;;;
2026/03/10;1900 UTC;;;;;;;;;;;;;;;;;;
2026/03/10;2000 UTC;;;;;;;;;;;;;;;;;;
2026/03/10;2100 UTC;;;;;;;;;;;;;;;;;;
2026/03/10;2200 UTC;;;;;;;;;;;;;;;;;;
2026/03/10;2300 UTC;;;;;;;;;;;;;;;;;;
2026/03/11;0000 UTC;;;;;;;;;;;;;;;;;;
2026/03/11;0100 UTC;;;;;;;;;;;;;;;;;;
2026/03/11;0200 UTC;;;;;;;;;;;;;;;;;;
2026/03/11;0300 UTC;;;;;;;;;;;;;;;;;;
2026/03/11;0400 UTC;;;;;;;;;;;;;;;;;;
2026/03/11;0500 UTC;;;;;;;;;;;;;;;;;;
2026/03/11;0600 UTC;;;;;;;;;;;;;;;;;;
2026/03/11;0700 UTC;;;;;;;;;;;;;;;;;;
2026/03/11;0800 UTC;;;;;;;;;;;;;;;;;;
2026/03/11;0900 UTC;;;;;;;;;;;;;;;;;;
2026/03/11;1000 UTC;;;;;;;;;;;;;;;;;;
2026/03/11;1100 UTC;;;;;;;;;;;;;;;;;;
2026/03/11;1200 UTC;;;;;;;;;;;;;;;;;;
2026/03/11;1300 UTC;;;;;;;;;;;;;;;;;;
2026/03/11;1400 UTC;;;;;;;;;;;;;;;;;;
2026/03/11;1500 UTC;;;;;;;;;;;;;;;;;;
2026/03/11;1600 UTC;;;;;;;;;;;;;;;;;;
2026/03/11;1700 UTC;;;;;;;;;;;;;;;;;;
2026/03/11;1800 UTC;;;;;;;;;;;;;;;;;;
2026/03/11;1900 UTC;;;;;;;;;;;;;;;;;;
2026/03/11;2000 UTC;;;;;;;;;;;;;;;;;;
2026/03/11;2100 UTC;;;;;;;;;;;;;;;;;;
2026/03/11;2200 UTC;;;;;;;;;;;;;;;;;;
2026/03/11;2300 UTC;;;;;;;;;;;;;;;;;;
2026/03/12;0000 UTC;;;;;;;;;;;;;;;;;;
2026/03/12;0100 UTC;;;;;;;;;;;;;;;;;;
2026/03/12;0200 UTC;;;;;;;;;;;;;;;;;;
2026/03/12;0300 UTC;;;;;;;;;;;;;;;;;;
2026/03/12;0400 UTC;;;;;;;;;;;;;;;;;;
2026/03/12;0500 UTC;;;;;;;;;;;;;;;;;;
2026/03/12;0600 UTC;;;;;;;;;;;;;;;;;;
2026/03/12;0700 UTC;;;;;;;;;;;;;;;;;;
2026/03/12;0800 UTC;;;;;;;;;;;;;;;;;;
2026/03/12;0900 UTC;;;;;;;;;;;;;;;;;;
2026/03/12;1000 UTC;;;;;;;;;;;;;;;;;;
2026/03/12;1100 UTC;;;;;;;;;;;;;;;;;;
2026/03/12;1200 UTC;;;;;;;;;;;;;;;;;;
2026/03/12;1300 UTC;;;;;;;;;;;;;;;;;;
2026/03/12;1400 UTC;;;;;;;;;;;;;;;;;;
2026/03/12;1500 UTC;;;;;;;;;;;;;;;;;;
2026/03/12;1600 UTC;;;;;;;;;;;;;;;;;;
2026/03/12;1700 UTC;;;;;;;;;;;;;;;;;;
2026/03/12;1800 UTC;;;;;;;;;;;;;;;;;;
2026/03/12;1900 UTC;;;;;;;;;;;;;;;;;;
2026/03/12;2000 UTC;;;;;;;;;;;;;;;;;;
2026/03/12;2100 UTC;;;;;;;;;;;;;;;;;;
2026/03/12;2200 UTC;;;;;;;;;;;;;;;;;;
2026/03/12;2300 UTC;;;;;;;;;;;;;;;;;;
2026/03/13;0000 UTC;;;;;;;;;;;;;;;;;;
2026/03/13;0100 UTC;;;;;;;;;;;;;;;;;;
2026/03/13;0200 UTC;;;;;;;;;;;;;;;;;;
2026/03/13;0300 UTC;;;;;;;;;;;;;;;;;;
2026/03/13;0400 UTC;;;;;;;;;;;;;;;;;;
2026/03/13;0500 UTC;;;;;;;;;;;;;;;;;;
2026/03/13;0600 UTC;;;;;;;;;;;;;;;;;;
2026/03/13;0700 UTC;;;;;;;;;;;;;;;;;;
2026/03/13;0800 UTC;;;;;;;;;;;;;;;;;;
2026/03/13;0900 UTC;;;;;;;;;;;;;;;;;;
2026/03/13;1000 UTC;;;;;;;;;;;;;;;;;;
2026/03/13;1100 UTC;;;;;;;;;;;;;;;;;;
2026/03/13;1200 UTC;;;;;;;;;;;;;;;;;;
2026/03/13;1300 UTC;;;;;;;;;;;;;;;;;;
2026/03/13;1400 UTC;;;;;;;;;;;;;;;;;;
2026/03/13;1500 UTC;;;;;;;;;;;;;;;;;;
2026/03/13;1600 UTC;;;;;;;;;;;;;;;;;;
2026/03/13;1700 UTC;;;;;;;;;;;;;;;;;;
2026/03/13;1800 UTC;;;;;;;;;;;;;;;;;;
2026/03/13;1900 UTC;;;;;;;;;;;;;;;;;;
2026/03/13;2000 UTC;;;;;;;;;;;;;;;;;;
2026/03/13;2100 UTC;;;;;;;;;;;;;;;;;;
2026/03/13;2200 UTC;;;;;;;;;;;;;;;;;;
2026/03/13;2300 UTC;;;;;;;;;;;;;;;;;;
2026/03/14;0000 UTC;;;;;;;;;;;;;;;;;;
2026/03/14;0100 UTC;;;;;;;;;;;;;;;;;;
2026/03/14;0200 UTC;;;;;;;;;;;;;;;;;;
2026/03/14;0300 UTC;;;;;;;;;;;;;;;;;;
2026/03/14;0400 UTC;;;;;;;;;;;;;;;;;;
2026/03/14;0500 UTC;;;;;;;;;;;;;;;;;;
2026/03/14;0600 UTC;;;;;;;;;;;;;;;;;;
2026/03/14;0700 UTC;;;;;;;;;;;;;;;;;;
2026/03/14;0800 UTC;;;;;;;;;;;;;;;;;;
2026/03/14;0900 UTC;;;;;;;;;;;;;;;;;;
2026/03/14;1000 UTC;;;;;;;;;;;;;;;;;;
2026/03/14;1100 UTC;;;;;;;;;;;;;;;;;;
2026/03/14;1200 UTC;;;;;;;;;;;;;;;;;;
2026/03/14;1300 UTC;;;;;;;;;;;;;;;;;;
2026/03/14;1400 UTC;;;;;;;;;;;;;;;;;;
2026/03/14;1500 UTC;;;;;;;;;;;;;;;;;;
2026/03/14;1600 UTC;;;;;;;;;;;;;;;;;;
2026/03/14;1700 UTC;;;;;;;;;;;;;;;;;;
2026/03/14;1800 UTC;;;;;;;;;;;;;;;;;;
2026/03/14;1900 UTC;;;;;;;;;;;;;;;;;;
2026/03/14;2000 UTC;;;;;;;;;;;;;;;;;;
2026/03/14;2100 UTC;;;;;;;;;;;;;;;;;;
2026/03/14;2200 UTC;;;;;;;;;;;;;;;;;;
2026/03/14;2300 UTC;;;;;;;;;;;;;;;;;;
2026/03/15;0000 UTC;;;;;;;;;;;;;;;;;;
2026/03/15;0100 UTC;;;;;;;;;;;;;;;;;;
2026/03/15;0200 UTC;;;;;;;;;;;;;;;;;;
2026/03/15;0300 UTC;;;;;;;;;;;;;;;;;;
2026/03/15;0400 UTC;;;;;;;;;;;;;;;;;;
2026/03/15;0500 UTC;;;;;;;;;;;;;;;;;;
2026/03/15;0600 UTC;;;;;;;;;;;;;;;;;;
2026/03/15;0700 UTC;;;;;;;;;;;;;;;;;;
2026/03/15;0800 UTC;;;;;;;;;;;;;;;;;;
2026/03/15;0900 UTC;;;;;;;;;;;;;;;;;;
2026/03/15;1000 UTC;;;;;;;;;;;;;;;;;;
2026/03/15;1100 UTC;;;;;;;;;;;;;;;;;;
2026/03/15;1200 UTC;;;;;;;;;;;;;;;;;;
2026/03/15;1300 UTC;;;;;;;;;;;;;;;;;;
2026/03/15;1400 UTC;;;;;;;;;;;;;;;;;;
2026/03/15;1500 UTC;;;;;;;;;;;;;;;;;;
2026/03/15;1600 UTC;;;;;;;;;;;;;;;;;;
2026/03/15;1700 UTC;;;;;;;;;;;;;;;;;;
2026/03/15;1800 UTC;;;;;;;;;;;;;;;;;;
2026/03/15;1900 UTC;;;;;;;;;;;;;;;;;;
2026/03/15;2000 UTC;;;;;;;;;;;;;;;;;;
2026/03/15;2100 UTC;;;;;;;;;;;;;;;;;;
2026/03/15;2200 UTC;;;;;;;;;;;;;;;;;;
2026/03/15;2300 UTC;;;;;;;;;;;;;;;;;;
2026/03/16;0000 UTC;;;;;;;;;;;;;;;;;;
2026/03/16;0100 UTC;;;;;;;;;;;;;;;;;;
2026/03/16;0200 UTC;;;;;;;;;;;;;;;;;;
2026/03/16;0300 UTC;;;;;;;;;;;;;;;;;;
2026/03/16;0400 UTC;;;;;;;;;;;;;;;;;;
2026/03/16;0500 UTC;;;;;;;;;;;;;;;;;;
2026/03/16;0600 UTC;;;;;;;;;;;;;;;;;;
2026/03/16;0700 UTC;;;;;;;;;;;;;;;;;;
2026/03/16;0800 UTC;;;;;;;;;;;;;;;;;;
2026/03/16;0900 UTC;;;;;;;;;;;;;;;;;;
2026/03/16;1000 UTC;;;;;;;;;;;;;;;;;;
2026/03/16;1100 UTC;;;;;;;;;;;;;;;;;;
2026/03/16;1200 UTC;;;;;;;;;;;;;;;;;;
2026/03/16;1300 UTC;;;;;;;;;;;;;;;;;;
2026/03/16;1400 UTC;;;;;;;;;;;;;;;;;;
2026/03/16;1500 UTC;;;;;;;;;;;;;;;;;;
2026/03/16;1600 UTC;;;;;;;;;;;;;;;;;;
2026/03/16;1700 UTC;;;;;;;;;;;;;;;;;;
2026/03/16;1800 UTC;;;;;;;;;;;;;;;;;;
2026/03/16;1900 UTC;;;;;;;;;;;;;;;;;;
2026/03/16;2000 UTC;;;;;;;;;;;;;;;;;;
2026/03/16;2100 UTC;;;;;;;;;;;;;;;;;;
2026/03/16;2200 UTC;;;;;;;;;;;;;;;;;;
2026/03/16;2300 UTC;;;;;;;;;;;;;;;;;;
2026/03/17;0000 UTC;;;;;;;;;;;;;;;;;;
2026/03/17;0100 UTC;;;;;;;;;;;;;;;;;;
2026/03/17;0200 UTC;;;;;;;;;;;;;;;;;;
2026/03/17;0300 UTC;;;;;;;;;;;;;;;;;;
2026/03/17;0400 UTC;;;;;;;;;;;;;;;;;;
2026/03/17;0500 UTC;;;;;;;;;;;;;;;;;;
2026/03/17;0600 UTC;;;;;;;;;;;;;;;;;;
2026/03/17;0700 UTC;;;;;;;;;;;;;;;;;;
2026/03/17;0800 UTC;;;;;;;;;;;;;;;;;;
2026/03/17;0900 UTC;;;;;;;;;;;;;;;;;;
2026/03/17;1000 UTC;;;;;;;;;;;;;;;;;;
2026/03/17;1100 UTC;;;;;;;;;;;;;;;;;;
2026/03/17;1200 UTC;;;;;;;;;;;;;;;;;;
2026/03/17;1300 UTC;;;;;;;;;;;;;;;;;;
2026/03/17;1400 UTC;;;;;;;;;;;;;;;;;;
2026/03/17;1500 UTC;;;;;;;;;;;;;;;;;;
2026/03/17;1600 UTC;;;;;;;;;;;;;;;;;;
2026/03/17;1700 UTC;;;;;;;;;;;;;;;;;;
2026/03/17;1800 UTC;;;;;;;;;;;;;;;;;;
2026/03/17;1900 UTC;;;;;;;;;;;;;;;;;;
2026/03/17;2000 UTC;;;;;;;;;;;;;;;;;;
2026/03/17;2100 UTC;;;;;;;;;;;;;;;;;;
2026/03/17;2200 UTC;;;;;;;;;;;;;;;;;;
2026/03/17;2300 UTC;;;;;;;;;;;;;;;;;;
2026/03/18;0000 UTC;;;;;;;;;;;;;;;;;;
2026/03/18;0100 UTC;;;;;;;;;;;;;;;;;;
2026/03/18;0200 UTC;;;;;;;;;;;;;;;;;;
2026/03/18;0300 UTC;;;;;;;;;;;;;;;;;;
2026/03/18;0400 UTC;;;;;;;;;;;;;;;;;;
2026/03/18;0500 UTC;;;;;;;;;;;;;;;;;;
2026/03/18;0600 UTC;;;;;;;;;;;;;;;;;;
2026/03/18;0700 UTC;;;;;;;;;;;;;;;;;;
2026/03/18;0800 UTC;;;;;;;;;;;;;;;;;;
2026/03/18;0900 UTC;;;;;;;;;;;;;;;;;;
2026/03/18;1000 UTC;;;;;;;;;;;;;;;;;;
2026/03/18;1100 UTC;;;;;;;;;;;;;;;;;;
2026/03/18;1200 UTC;;;;;;;;;;;;;;;;;;
2026/03/18;1300 UTC;;;;;;;;;;;;;;;;;;
2026/03/18;1400 UTC;;;;;;;;;;;;;;;;;;
2026/03/18;1500 UTC;;;;;;;;;;;;;;;;;;
2026/03/18;1600 UTC;;;;;;;;;;;;;;;;;;
2026/03/18;1700 UTC;;;;;;;;;;;;;;;;;;
2026/03/18;1800 UTC;;;;;;;;;;;;;;;;;;
2026/03/18;1900 UTC;;;;;;;;;;;;;;;;;;
2026/03/18;2000 UTC;;;;;;;;;;;;;;;;;;
2026/03/18;2100 UTC;;;;;;;;;;;;;;;;;;
2026/03/18;2200 UTC;;;;;;;;;;;;;;;;;;
2026/03/18;2300 UTC;;;;;;;;;;;;;;;;;;
2026/03/19;0000 UTC;;;;;;;;;;;;;;;;;;
2026/03/19;0100 UTC;;;;;;;;;;;;;;;;;;
2026/03/19;0200 UTC;;;;;;;;;;;;;;;;;;
2026/03/19;0300 UTC;;;;;;;;;;;;;;;;;;
2026/03/19;0400 UTC;;;;;;;;;;;;;;;;;;
2026/03/19;0500 UTC;;;;;;;;;;;;;;;;;;
2026/03/19;0600 UTC;;;;;;;;;;;;;;;;;;
2026/03/19;0700 UTC;;;;;;;;;;;;;;;;;;
2026/03/19;0800 UTC;;;;;;;;;;;;;;;;;;
2026/03/19;0900 UTC;;;;;;;;;;;;;;;;;;
2026/03/19;1000 UTC;;;;;;;;;;;;;;;;;;
2026/03/19;1100 UTC;;;;;;;;;;;;;;;;;;
2026/03/19;1200 UTC;;;;;;;;;;;;;;;;;;
2026/03/19;1300 UTC;;;;;;;;;;;;;;;;;;
2026/03/19;1400 UTC;;;;;;;;;;;;;;;;;;
2026/03/19;1500 UTC;;;;;;;;;;;;;;;;;;
2026/03/19;1600 UTC;;;;;;;;;;;;;;;;;;
2026/03/19;1700 UTC;;;;;;;;;;;;;;;;;;
2026/03/19;1800 UTC;;;;;;;;;;;;;;;;;;
2026/03/19;1900 UTC;;;;;;;;;;;;;;;;;;
2026/03/19;2000 UTC;;;;;;;;;;;;;;;;;;
2026/03/19;2100 UTC;;;;;;;;;;;;;;;;;;
2026/03/19;2200 UTC;;;;;;;;;;;;;;;;;;
2026/03/19;2300 UTC;;;;;;;;;;;;;;;;;;
2026/03/20;0000 UTC;;;;;;;;;;;;;;;;;;
2026/03/20;0100 UTC;;;;;;;;;;;;;;;;;;
2026/03/20;0200 UTC;;;;;;;;;;;;;;;;;;
2026/03/20;0300 UTC;;;;;;;;;;;;;;;;;;
2026/03/20;0400 UTC;;;;;;;;;;;;;;;;;;
2026/03/20;0500 UTC;;;;;;;;;;;;;;;;;;
2026/03/20;0600 UTC;;;;;;;;;;;;;;;;;;
2026/03/20;0700 UTC;;;;;;;;;;;;;;;;;;
2026/03/20;0800 UTC;;;;;;;;;;;;;;;;;;
2026/03/20;0900 UTC;;;;;;;;;;;;;;;;;;
2026/03/20;1000 UTC;;;;;;;;;;;;;;;;;;
2026/03/20;1100 UTC;;;;;;;;;;;;;;;;;;
2026/03/20;1200 UTC;;;;;;;;;;;;;;;;;;
2026/03/20;1300 UTC;;;;;;;;;;;;;;;;;;
2026/03/20;1400 UTC;;;;;;;;;;;;;;;;;;
2026/03/20;1500 UTC;;;;;;;;;;;;;;;;;;
2026/03/20;1600 UTC;;;;;;;;;;;;;;;;;;
2026/03/20;1700 UTC;;;;;;;;;;;;;;;;;;
2026/03/20;1800 UTC;;;;;;;;;;;;;;;;;;
2026/03/20;1900 UTC;;;;;;;;;;;;;;;;;;
2026/03/20;2000 UTC;;;;;;;;;;;;;;;;;;
2026/03/20;2100 UTC;;;;;;;;;;;;;;;;;;
2026/03/20;2200 UTC;;;;;;;;;;;;;;;;;;
2026/03/20;2300 UTC;;;;;;;;;;;;;;;;;;
2026/03/21;0000 UTC;;;;;;;;;;;;;;;;;;
2026/03/21;0100 UTC;;;;;;;;;;;;;;;;;;
2026/03/21;0200 UTC;;;;;;;;;;;;;;;;;;
2026/03/21;0300 UTC;;;;;;;;;;;;;;;;;;
2026/03/21;0400 UTC;;;;;;;;;;;;;;;;;;
2026/03/21;0500 UTC;;;;;;;;;;;;;;;;;;
2026/03/21;0600 UTC;;;;;;;;;;;;;;;;;;
2026/03/21;0700 UTC;;;;;;;;;;;;;;;;;;
2026/03/21;0800 UTC;;;;;;;;;;;;;;;;;;
2026/03/21;0900 UTC;;;;;;;;;;;;;;;;;;
2026/03/21;1000 UTC;;;;;;;;;;;;;;;;;;
2026/03/21;1100 UTC;;;;;;;;;;;;;;;;;;
2026/03/21;1200 UTC;;;;;;;;;;;;;;;;;;
2026/03/21;1300 UTC;;;;;;;;;;;;;;;;;;
2026/03/21;1400 UTC;;;;;;;;;;;;;;;;;;
2026/03/21;1500 UTC;;;;;;;;;;;;;;;;;;
2026/03/21;1600 UTC;;;;;;;;;;;;;;;;;;
2026/03/21;1700 UTC;;;;;;;;;;;;;;;;;;
2026/03/21;1800 UTC;;;;;;;;;;;;;;;;;;
2026/03/21;1900 UTC;;;;;;;;;;;;;;;;;;
2026/03/21;2000 UTC;;;;;;;;;;;;;;;;;;
2026/03/21;2100 UTC;;;;;;;;;;;;;;;;;;
2026/03/21;2200 UTC;;;;;;;;;;;;;;;;;;
2026/03/21;2300 UTC;;;;;;;;;;;;;;;;;;
2026/03/22;0000 UTC;;;;;;;;;;;;;;;;;;
2026/03/22;0100 UTC;;;;;;;;;;;;;;;;;;
2026/03/22;0200 UTC;;;;;;;;;;;;;;;;;;
2026/03/22;0300 UTC;;;;;;;;;;;;;;;;;;
2026/03/22;0400 UTC;;;;;;;;;;;;;;;;;;
2026/03/22;0500 UTC;;;;;;;;;;;;;;;;;;
2026/03/22;0600 UTC;;;;;;;;;;;;;;;;;;
2026/03/22;0700 UTC;;;;;;;;;;;;;;;;;;
2026/03/22;0800 UTC;;;;;;;;;;;;;;;;;;
2026/03/22;0900 UTC;;;;;;;;;;;;;;;;;;
2026/03/22;1000 UTC;;;;;;;;;;;;;;;;;;
2026/03/22;1100 UTC;;;;;;;;;;;;;;;;;;
2026/03/22;1200 UTC;;;;;;;;;;;;;;;;;;
2026/03/22;1300 UTC;;;;;;;;;;;;;;;;;;
2026/03/22;1400 UTC;;;;;;;;;;;;;;;;;;
2026/03/22;1500 UTC;;;;;;;;;;;;;;;;;;
2026/03/22;1600 UTC;;;;;;;;;;;;;;;;;;
2026/03/22;1700 UTC;;;;;;;;;;;;;;;;;;
2026/03/22;1800 UTC;;;;;;;;;;;;;;;;;;
2026/03/22;1900 UTC;;;;;;;;;;;;;;;;;;
2026/03/22;2000 UTC;;;;;;;;;;;;;;;;;;
2026/03/22;2100 UTC;;;;;;;;;;;;;;;;;;
2026/03/22;2200 UTC;;;;;;;;;;;;;;;;;;
2026/03/22;2300 UTC;;;;;;;;;;;;;;;;;;
2026/03/23;0000 UTC;;;;;;;;;;;;;;;;;;
2026/03/23;0100 UTC;;;;;;;;;;;;;;;;;;
2026/03/23;0200 UTC;;;;;;;;;;;;;;;;;;
2026/03/23;0300 UTC;;;;;;;;;;;;;;;;;;
2026/03/23;0400 UTC;;;;;;;;;;;;;;;;;;
2026/03/23;0500 UTC;;;;;;;;;;;;;;;;;;
2026/03/23;0600 UTC;;;;;;;;;;;;;;;;;;
2026/03/23;0700 UTC;;;;;;;;;;;;;;;;;;
2026/03/23;0800 UTC;;;;;;;;;;;;;;;;;;
2026/03/23;0900 UTC;;;;;;;;;;;;;;;;;;
2026/03/23;1000 UTC;;;;;;;;;;;;;;;;;;
2026/03/23;1100 UTC;;;;;;;;;;;;;;;;;;
2026/03/23;1200 UTC;;;;;;;;;;;;;;;;;;
2026/03/23;1300 UTC;;;;;;;;;;;;;;;;;;
2026/03/23;1400 UTC;;;;;;;;;;;;;;;;;;
2026/03/23;1500 UTC;;;;;;;;;;;;;;;;;;
2026/03/23;1600 UTC;;;;;;;;;;;;;;;;;;
2026/03/23;1700 UTC;;;;;;;;;;;;;;;;;;
2026/03/23;1800 UTC;;;;;;;;;;;;;;;;;;
2026/03/23;1900 UTC;;;;;;;;;;;;;;;;;;
2026/03/23;2000 UTC;;;;;;;;;;;;;;;;;;
2026/03/23;2100 UTC;;;;;;;;;;;;;;;;;;
2026/03/23;2200 UTC;;;;;;;;;;;;;;;;;;
2026/03/23;2300 UTC;;;;;;;;;;;;;;;;;;
2026/03/24;0000 UTC;;;;;;;;;;;;;;;;;;
2026/03/24;0100 UTC;;;;;;;;;;;;;;;;;;
2026/03/24;0200 UTC;;;;;;;;;;;;;;;;;;
2026/03/24;0300 UTC;;;;;;;;;;;;;;;;;;
2026/03/24;0400 UTC;;;;;;;;;;;;;;;;;;
2026/03/24;0500 UTC;;;;;;;;;;;;;;;;;;
2026/03/24;0600 UTC;;;;;;;;;;;;;;;;;;
2026/03/24;0700 UTC;;;;;;;;;;;;;;;;;;
2026/03/24;0800 UTC;;;;;;;;;;;;;;;;;;
2026/03/24;0900 UTC;;;;;;;;;;;;;;;;;;
2026/03/24;1000 UTC;;;;;;;;;;;;;;;;;;
2026/03/24;1100 UTC;;;;;;;;;;;;;;;;;;
2026/03/24;1200 UTC;;;;;;;;;;;;;;;;;;
2026/03/24;1300 UTC;;;;;;;;;;;;;;;;;;
2026/03/24;1400 UTC;;;;;;;;;;;;;;;;;;
2026/03/24;1500 UTC;;;;;;;;;;;;;;;;;;
2026/03/24;1600 UTC;;;;;;;;;;;;;;;;;;
2026/03/24;1700 UTC;;;;;;;;;;;;;;;;;;
2026/03/24;1800 UTC;;;;;;;;;;;;;;;;;;
2026/03/24;1900 UTC;;;;;;;;;;;;;;;;;;
2026/03/24;2000 UTC;;;;;;;;;;;;;;;;;;
2026/03/24;2100 UTC;;;;;;;;;;;;;;;;;;
2026/03/24;2200 UTC;;;;;;;;;;;;;;;;;;
2026/03/24;2300 UTC;;;;;;;;;;;;;;;;;;
2026/03/25;0000 UTC;;;;;;;;;;;;;;;;;;
2026/03/25;0100 UTC;;;;;;;;;;;;;;;;;;
2026/03/25;0200 UTC;;;;;;;;;;;;;;;;;;
2026/03/25;0300 UTC;;;;;;;;;;;;;;;;;;
2026/03/25;0400 UTC;;;;;;;;;;;;;;;;;;
2026/03/25;0500 UTC;;;;;;;;;;;;;;;;;;
2026/03/25;0600 UTC;;;;;;;;;;;;;;;;;;
2026/03/25;0700 UTC;;;;;;;;;;;;;;;;;;
2026/03/25;0800 UTC;;;;;;;;;;;;;;;;;;
2026/03/25;0900 UTC;;;;;;;;;;;;;;;;;;
2026/03/25;1000 UTC;;;;;;;;;;;;;;;;;;
2026/03/25;1100 UTC;;;;;;;;;;;;;;;;;;
2026/03/25;1200 UTC;;;;;;;;;;;;;;;;;;
2026/03/25;1300 UTC;;;;;;;;;;;;;;;;;;
2026/03/25;1400 UTC;;;;;;;;;;;;;;;;;;
2026/03/25;1500 UTC;;;;;;;;;;;;;;;;;;
2026/03/25;1600 UTC;;;;;;;;;;;;;;;;;;
2026/03/25;1700 UTC;;;;;;;;;;;;;;;;;;
2026/03/25;1800 UTC;;;;;;;;;;;;;;;;;;
2026/03/25;1900 UTC;;;;;;;;;;;;;;;;;;
2026/03/25;2000 UTC;;;;;;;;;;;;;;;;;;
2026/03/25;2100 UTC;;;;;;;;;;;;;;;;;;
2026/03/25;2200 UTC;;;;;;;;;;;;;;;;;;
2026/03/25;2300 UTC;;;;;;;;;;;;;;;;;;
2026/03/26;0000 UTC;;;;;;;;;;;;;;;;;;
2026/03/26;0100 UTC;;;;;;;;;;;;;;;;;;
2026/03/26;0200 UTC;;;;;;;;;;;;;;;;;;
2026/03/26;0300 UTC;;;;;;;;;;;;;;;;;;
2026/03/26;0400 UTC;;;;;;;;;;;;;;;;;;
2026/03/26;0500 UTC;;;;;;;;;;;;;;;;;;
2026/03/26;0600 UTC;;;;;;;;;;;;;;;;;;
2026/03/26;0700 UTC;;;;;;;;;;;;;;;;;;
2026/03/26;0800 UTC;;;;;;;;;;;;;;;;;;
2026/03/26;0900 UTC;;;;;;;;;;;;;;;;;;
2026/03/26;1000 UTC;;;;;;;;;;;;;;;;;;
2026/03/26;1100 UTC;;;;;;;;;;;;;;;;;;
2026/03/26;1200 UTC;;;;;;;;;;;;;;;;;;
2026/03/26;1300 UTC;;;;;;;;;;;;;;;;;;
2026/03/26;1400 UTC;;;;;;;;;;;;;;;;;;
2026/03/26;1500 UTC;;;;;;;;;;;;;;;;;;
2026/03/26;1600 UTC;;;;;;;;;;;;;;;;;;
2026/03/26;1700 UTC;;;;;;;;;;;;;;;;;;
2026/03/26;1800 UTC;;;;;;;;;;;;;;;;;;
2026/03/26;1900 UTC;;;;;;;;;;;;;;;;;;
2026/03/26;2000 UTC;;;;;;;;;;;;;;;;;;
2026/03/26;2100 UTC;;;;;;;;;;;;;;;;;;
2026/03/26;2200 UTC;;;;;;;;;;;;;;;;;;
2026/03/26;2300 UTC;;;;;;;;;;;;;;;;;;
2026/03/27;0000 UTC;;;;;;;;;;;;;;;;;;
2026/03/27;0100 UTC;;;;;;;;;;;;;;;;;;
2026/03/27;0200 UTC;;;;;;;;;;;;;;;;;;
2026/03/27;0300 UTC;;;;;;;;;;;;;;;;;;
2026/03/27;0400 UTC;;;;;;;;;;;;;;;;;;
2026/03/27;0500 UTC;;;;;;;;;;;;;;;;;;
2026/03/27;0600 UTC;;;;;;;;;;;;;;;;;;
2026/03/27;0700 UTC;;;;;;;;;;;;;;;;;;
2026/03/27;0800 UTC;;;;;;;;;;;;;;;;;;
2026/03/27;0900 UTC;;;;;;;;;;;;;;;;;;
2026/03/27;1000 UTC;;;;;;;;;;;;;;;;;;
2026/03/27;1100 UTC;;;;;;;;;;;;;;;;;;
2026/03/27;1200 UTC;;;;;;;;;;;;;;;;;;
2026/03/27;1300 UTC;;;;;;;;;;;;;;;;;;
2026/03/27;1400 UTC;;;;;;;;;;;;;;;;;;
2026/03/27;1500 UTC;;;;;;;;;;;;;;;;;;
2026/03/27;1600 UTC;;;;;;;;;;;;;;;;;;
2026/03/27;1700 UTC;;;;;;;;;;;;;;;;;;
2026/03/27;1800 UTC;;;;;;;;;;;;;;;;;;
2026/03/27;1900 UTC;;;;;;;;;;;;;;;;;;
2026/03/27;2000 UTC;;;;;;;;;;;;;;;;;;
2026/03/27;2100 UTC;;;;;;;;;;;;;;;;;;
2026/03/27;2200 UTC;;;;;;;;;;;;;;;;;;
2026/03/27;2300 UTC;;;;;;;;;;;;;;;;;;
2026/03/28;0000 UTC;;;;;;;;;;;;;;;;;;
2026/03/28;0100 UTC;;;;;;;;;;;;;;;;;;
2026/03/28;0200 UTC;;;;;;;;;;;;;;;;;;
2026/03/28;0300 UTC;;;;;;;;;;;;;;;;;;
2026/03/28;0400 UTC;;;;;;;;;;;;;;;;;;
2026/03/28;0500 UTC;;;;;;;;;;;;;;;;;;
2026/03/28;0600 UTC;;;;;;;;;;;;;;;;;;
2026/03/28;0700 UTC;;;;;;;;;;;;;;;;;;
2026/03/28;0800 UTC;;;;;;;;;;;;;;;;;;
2026/03/28;0900 UTC;;;;;;;;;;;;;;;;;;
2026/03/28;1000 UTC;;;;;;;;;;;;;;;;;;
2026/03/28;1100 UTC;;;;;;;;;;;;;;;;;;
2026/03/28;1200 UTC;;;;;;;;;;;;;;;;;;
2026/03/28;1300 UTC;;;;;;;;;;;;;;;;;;
2026/03/28;1400 UTC;;;;;;;;;;;;;;;;;;
2026/03/28;1500 UTC;;;;;;;;;;;;;;;;;;
2026/03/28;1600 UTC;;;;;;;;;;;;;;;;;;
2026/03/28;1700 UTC;;;;;;;;;;;;;;;;;;
2026/03/28;1800 UTC;;;;;;;;;;;;;;;;;;
2026/03/28;1900 UTC;;;;;;;;;;;;;;;;;;
2026/03/28;2000 UTC;;;;;;;;;;;;;;;;;;
2026/03/28;2100 UTC;;;;;;;;;;;;;;;;;;
2026/03/28;2200 UTC;;;;;;;;;;;;;;;;;;
2026/03/28;2300 UTC;;;;;;;;;;;;;;;;;;
2026/03/29;0000 UTC;;;;;;;;;;;;;;;;;;
2026/03/29;0100 UTC;;;;;;;;;;;;;;;;;;
2026/03/29;0200 UTC;;;;;;;;;;;;;;;;;;
2026/03/29;0300 UTC;;;;;;;;;;;;;;;;;;
2026/03/29;0400 UTC;;;;;;;;;;;;;;;;;;
2026/03/29;0500 UTC;;;;;;;;;;;;;;;;;;
2026/03/29;0600 UTC;;;;;;;;;;;;;;;;;;
2026/03/29;0700 UTC;;;;;;;;;;;;;;;;;;
2026/03/29;0800 UTC;;;;;;;;;;;;;;;;;;
2026/03/29;0900 UTC;;;;;;;;;;;;;;;;;;
2026/03/29;1000 UTC;;;;;;;;;;;;;;;;;;
2026/03/29;1100 UTC;;;;;;;;;;;;;;;;;;
2026/03/29;1200 UTC;;;;;;;;;;;;;;;;;;
2026/03/29;1300 UTC;;;;;;;;;;;;;;;;;;
2026/03/29;1400 UTC;;;;;;;;;;;;;;;;;;
2026/03/29;1500 UTC;;;;;;;;;;;;;;;;;;
2026/03/29;1600 UTC;;;;;;;;;;;;;;;;;;
2026/03/29;1700 UTC;;;;;;;;;;;;;;;;;;
2026/03/29;1800 UTC;;;;;;;;;;;;;;;;;;
2026/03/29;1900 UTC;;;;;;;;;;;;;;;;;;
2026/03/29;2000 UTC;;;;;;;;;;;;;;;;;;
2026/03/29;2100 UTC;;;;;;;;;;;;;;;;;;
2026/03/29;2200 UTC;;;;;;;;;;;;;;;;;;
2026/03/29;2300 UTC;;;;;;;;;;;;;;;;;;
2026/03/30;0000 UTC;;;;;;;;;;;;;;;;;;
2026/03/30;0100 UTC;;;;;;;;;;;;;;;;;;
2026/03/30;0200 UTC;;;;;;;;;;;;;;;;;;
2026/03/30;0300 UTC;;;;;;;;;;;;;;;;;;
2026/03/30;0400 UTC;;;;;;;;;;;;;;;;;;
2026/03/30;0500 UTC;;;;;;;;;;;;;;;;;;
2026/03/30;0600 UTC;;;;;;;;;;;;;;;;;;
2026/03/30;0700 UTC;;;;;;;;;;;;;;;;;;
2026/03/30;0800 UTC;;;;;;;;;;;;;;;;;;
2026/03/30;0900 UTC;;;;;;;;;;;;;;;;;;
2026/03/30;1000 UTC;;;;;;;;;;;;;;;;;;
2026/03/30;1100 UTC;;;;;;;;;;;;;;;;;;
2026/03/30;1200 UTC;;;;;;;;;;;;;;;;;;
2026/03/30;1300 UTC;;;;;;;;;;;;;;;;;;
2026/03/30;1400 UTC;;;;;;;;;;;;;;;;;;
2026/03/30;1500 UTC;;;;;;;;;;;;;;;;;;
2026/03/30;1600 UTC;;;;;;;;;;;;;;;;;;
2026/03/30;1700 UTC;;;;;;;;;;;;;;;;;;
2026/03/30;1800 UTC;;;;;;;;;;;;;;;;;;
2026/03/30;1900 UTC;;;;;;;;;;;;;;;;;;
2026/03/30;2000 UTC;;;;;;;;;;;;;;;;;;
2026/03/30;2100 UTC;;;;;;;;;;;;;;;;;;
2026/03/30;2200 UTC;;;;;;;;;;;;;;;;;;
2026/03/30;2300 UTC;;;;;;;;;;;;;;;;;;
2026/03/31;0000 UTC;;;;;;;;;;;;;;;;;;
2026/03/31;0100 UTC;;;;;;;;;;;;;;;;;;
2026/03/31;0200 UTC;;;;;;;;;;;;;;;;;;
2026/03/31;0300 UTC;;;;;;;;;;;;;;;;;;
2026/03/31;0400 UTC;;;;;;;;;;;;;;;;;;
2026/03/31;0500 UTC;;;;;;;;;;;;;;;;;;
2026/03/31;0600 UTC;;;;;;;;;;;;;;;;;;
2026/03/31;0700 UTC;;;;;;;;;;;;;;;;;;
2026/03/31;0800 UTC;;;;;;;;;;;;;;;;;;
2026/03/31;0900 UTC;;;;;;;;;;;;;;;;;;
2026/03/31;1000 UTC;;;;;;;;;;;;;;;;;;
2026/03/31;1100 UTC;;;;;;;;;;;;;;;;;;
2026/03/31;1200 UTC;;;;;;;;;;;;;;;;;;
2026/03/31;1300 UTC;;;;;;;;;;;;;;;;;;
2026/03/31;1400 UTC;;;;;;;;;;;;;;;;;;
2026/03/31;1500 UTC;;;;;;;;;;;;;;;;;;
2026/03/31;1600 UTC;;;;;;;;;;;;;;;;;;
2026/03/31;1700 UTC;;;;;;;;;;;;;;;;;;
2026/03/31;1800 UTC;;;;;;;;;;;;;;;;;;
2026/03/31;1900 UTC;;;;;;;;;;;;;;;;;;
2026/03/31;2000 UTC;;;;;;;;;;;;;;;;;;
2026/03/31;2100 UTC;;;;;;;;;;;;;;;;;;
2026/03/31;2200 UTC;;;;;;;;;;;;;;;;;;
2026/03/31;2300 UTC;;;;;;;;;;;;;;;;;;
2026/04/01;0000 UTC;;;;;;;;;;;;;;;;;;
2026/04/01;0100 UTC;;;;;;;;;;;;;;;;;;
2026/04/01;0200 UTC;;;;;;;;;;;;;;;;;;
2026/04/01;0300 UTC;;;;;;;;;;;;;;;;;;
2026/04/01;0400 UTC;;;;;;;;;;;;;;;;;;
2026/04/01;0500 UTC;;;;;;;;;;;;;;;;;;
2026/04/01;0600 UTC;;;;;;;;;;;;;;;;;;
2026/04/01;0700 UTC;;;;;;;;;;;;;;;;;;
2026/04/01;0800 UTC;;;;;;;;;;;;;;;;;;
2026/04/01;0900 UTC;;;;;;;;;;;;;;;;;;
2026/04/01;1000 UTC;;;;;;;;;;;;;;;;;;
2026/04/01;1100 UTC;;;;;;;;;;;;;;;;;;
2026/04/01;1200 UTC;;;;;;;;;;;;;;;;;;
2026/04/01;1300 UTC;;;;;;;;;;;;;;;;;;
2026/04/01;1400 UTC;;;;;;;;;;;;;;;;;;
2026/04/01;1500 UTC;;;;;;;;;;;;;;;;;;
2026/04/01;1600 UTC;;;;;;;;;;;;;;;;;;
2026/04/01;1700 UTC;;;;;;;;;;;;;;;;;;
2026/04/01;1800 UTC;;;;;;;;;;;;;;;;;;
2026/04/01;1900 UTC;;;;;;;;;;;;;;;;;;
2026/04/01;2000 UTC;;;;;;;;;;;;;;;;;;
2026/04/01;2100 UTC;;;;;;;;;;;;;;;;;;
2026/04/01;2200 UTC;;;;;;;;;;;;;;;;;;
2026/04/01;2300 UTC;;;;;;;;;;;;;;;;;;
2026/04/02;0000 UTC;;;;;;;;;;;;;;;;;;
2026/04/02;0100 UTC;;;;;;;;;;;;;;;;;;
2026/04/02;0200 UTC;;;;;;;;;;;;;;;;;;
2026/04/02;0300 UTC;;;;;;;;;;;;;;;;;;
2026/04/02;0400 UTC;;;;;;;;;;;;;;;;;;
2026/04/02;0500 UTC;;;;;;;;;;;;;;;;;;
2026/04/02;0600 UTC;;;;;;;;;;;;;;;;;;
2026/04/02;0700 UTC;;;;;;;;;;;;;;;;;;
2026/04/02;0800 UTC;;;;;;;;;;;;;;;;;;
2026/04/02;0900 UTC;;;;;;;;;;;;;;;;;;
2026/04/02;1000 UTC;;;;;;;;;;;;;;;;;;
2026/04/02;1100 UTC;;;;;;;;;;;;;;;;;;
2026/04/02;1200 UTC;;;;;;;;;;;;;;;;;;
2026/04/02;1300 UTC;;;;;;;;;;;;;;;;;;
2026/04/02;1400 UTC;;;;;;;;;;;;;;;;;;
2026/04/02;1500 UTC;;;;;;;;;;;;;;;;;;
2026/04/02;1600 UTC;;;;;;;;;;;;;;;;;;
2026/04/02;1700 UTC;;;;;;;;;;;;;;;;;;
2026/04/02;1800 UTC;;;;;;;;;;;;;;;;;;
2026/04/02;1900 UTC;;;;;;;;;;;;;;;;;;
2026/04/02;2000 UTC;;;;;;;;;;;;;;;;;;
2026/04/02;2100 UTC;;;;;;;;;;;;;;;;;;
2026/04/02;2200 UTC;;;;;;;;;;;;;;;;;;
2026/04/02;2300 UTC;;;;;;;;;;;;;;;;;;
2026/04/03;0000 UTC;;;;;;;;;;;;;;;;;;
2026/04/03;0100 UTC;;;;;;;;;;;;;;;;;;
2026/04/03;0200 UTC;;;;;;;;;;;;;;;;;;
2026/04/03;0300 UTC;;;;;;;;;;;;;;;;;;
2026/04/03;0400 UTC;;;;;;;;;;;;;;;;;;
2026/04/03;0500 UTC;;;;;;;;;;;;;;;;;;
2026/04/03;0600 UTC;;;;;;;;;;;;;;;;;;
2026/04/03;0700 UTC;;;;;;;;;;;;;;;;;;
2026/04/03;0800 UTC;;;;;;;;;;;;;;;;;;
2026/04/03;0900 UTC;;;;;;;;;;;;;;;;;;
2026/04/03;1000 UTC;;;;;;;;;;;;;;;;;;
2026/04/03;1100 UTC;;;;;;;;;;;;;;;;;;
2026/04/03;1200 UTC;;;;;;;;;;;;;;;;;;
2026/04/03;1300 UTC;;;;;;;;;;;;;;;;;;
2026/04/03;1400 UTC;;;;;;;;;;;;;;;;;;
2026/04/03;1500 UTC;;;;;;;;;;;;;;;;;;
2026/04/03;1600 UTC;;;;;;;;;;;;;;;;;;
2026/04/03;1700 UTC;;;;;;;;;;;;;;;;;;
2026/04/03;1800 UTC;;;;;;;;;;;;;;;;;;
2026/04/03;1900 UTC;;;;;;;;;;;;;;;;;;
2026/04/03;2000 UTC;;;;;;;;;;;;;;;;;;
2026/04/03;2100 UTC;;;;;;;;;;;;;;;;;;
2026/04/03;2200 UTC;;;;;;;;;;;;;;;;;;
2026/04/03;2300 UTC;;;;;;;;;;;;;;;;;;
2026/04/04;0000 UTC;;;;;;;;;;;;;;;;;;
2026/04/04;0100 UTC;;;;;;;;;;;;;;;;;;
2026/04/04;0200 UTC;;;;;;;;;;;;;;;;;;
2026/04/04;0300 UTC;;;;;;;;;;;;;;;;;;
2026/04/04;0400 UTC;;;;;;;;;;;;;;;;;;
2026/04/04;0500 UTC;;;;;;;;;;;;;;;;;;
2026/04/04;0600 UTC;;;;;;;;;;;;;;;;;;
2026/04/04;0700 UTC;;;;;;;;;;;;;;;;;;
2026/04/04;0800 UTC;;;;;;;;;;;;;;;;;;
2026/04/04;0900 UTC;;;;;;;;;;;;;;;;;;
2026/04/04;1000 UTC;;;;;;;;;;;;;;;;;;
2026/04/04;1100 UTC;;;;;;;;;;;;;;;;;;
2026/04/04;1200 UTC;;;;;;;;;;;;;;;;;;
2026/04/04;1300 UTC;;;;;;;;;;;;;;;;;;
2026/04/04;1400 UTC;;;;;;;;;;;;;;;;;;
2026/04/04;1500 UTC;;;;;;;;;;;;;;;;;;
2026/04/04;1600 UTC;;;;;;;;;;;;;;;;;;
2026/04/04;1700 UTC;;;;;;;;;;;;;;;;;;
2026/04/04;1800 UTC;;;;;;;;;;;;;;;;;;
2026/04/04;1900 UTC;;;;;;;;;;;;;;;;;;
2026/04/04;2000 UTC;;;;;;;;;;;;;;;;;;
2026/04/04;2100 UTC;;;;;;;;;;;;;;;;;;
2026/04/04;2200 UTC;;;;;;;;;;;;;;;;;;
2026/04/04;2300 UTC;;;;;;;;;;;;;;;;;;
2026/04/05;0000 UTC;;;;;;;;;;;;;;;;;;
2026/04/05;0100 UTC;;;;;;;;;;;;;;;;;;
2026/04/05;0200 UTC;;;;;;;;;;;;;;;;;;
2026/04/05;0300 UTC;;;;;;;;;;;;;;;;;;
2026/04/05;0400 UTC;;;;;;;;;;;;;;;;;;
2026/04/05;0500 UTC;;;;;;;;;;;;;;;;;;
2026/04/05;0600 UTC;;;;;;;;;;;;;;;;;;
2026/04/05;0700 UTC;;;;;;;;;;;;;;;;;;
2026/04/05;0800 UTC;;;;;;;;;;;;;;;;;;
2026/04/05;0900 UTC;;;;;;;;;;;;;;;;;;
2026/04/05;1000 UTC;;;;;;;;;;;;;;;;;;
2026/04/05;1100 UTC;;;;;;;;;;;;;;;;;;
2026/04/05;1200 UTC;;;;;;;;;;;;;;;;;;
2026/04/05;1300 UTC;;;;;;;;;;;;;;;;;;
2026/04/05;1400 UTC;;;;;;;;;;;;;;;;;;
2026/04/05;1500 UTC;;;;;;;;;;;;;;;;;;
2026/04/05;1600 UTC;;;;;;;;;;;;;;;;;;
2026/04/05;1700 UTC;;;;;;;;;;;;;;;;;;
2026/04/05;1800 UTC;;;;;;;;;;;;;;;;;;
2026/04/05;1900 UTC;;;;;;;;;;;;;;;;;;
2026/04/05;2000 UTC;;;;;;;;;;;;;;;;;;
2026/04/05;2100 UTC;;;;;;;;;;;;;;;;;;
2026/04/05;2200 UTC;;;;;;;;;;;;;;;;;;
2026/04/05;2300 UTC;;;;;;;;;;;;;;;;;;
2026/04/06;0000 UTC;;;;;;;;;;;;;;;;;;
2026/04/06;0100 UTC;;;;;;;;;;;;;;;;;;
2026/04/06;0200 UTC;;;;;;;;;;;;;;;;;;
2026/04/06;0300 UTC;;;;;;;;;;;;;;;;;;
2026/04/06;0400 UTC;;;;;;;;;;;;;;;;;;
2026/04/06;0500 UTC;;;;;;;;;;;;;;;;;;
2026/04/06;0600 UTC;;;;;;;;;;;;;;;;;;
2026/04/06;0700 UTC;;;;;;;;;;;;;;;;;;
2026/04/06;0800 UTC;;;;;;;;;;;;;;;;;;
2026/04/06;0900 UTC;;;;;;;;;;;;;;;;;;
2026/04/06;1000 UTC;;;;;;;;;;;;;;;;;;
2026/04/06;1100 UTC;;;;;;;;;;;;;;;;;;
2026/04/06;1200 UTC;;;;;;;;;;;;;;;;;;
2026/04/06;1300 UTC;;;;;;;;;;;;;;;;;;
2026/04/06;1400 UTC;;;;;;;;;;;;;;;;;;
2026/04/06;1500 UTC;;;;;;;;;;;;;;;;;;
2026/04/06;1600 UTC;;;;;;;;;;;;;;;;;;
2026/04/06;1700 UTC;;;;;;;;;;;;;;;;;;
2026/04/06;1800 UTC;;;;;;;;;;;;;;;;;;
2026/04/06;1900 UTC;;;;;;;;;;;;;;;;;;
2026/04/06;2000 UTC;;;;;;;;;;;;;;;;;;
2026/04/06;2100 UTC;;;;;;;;;;;;;;;;;;
2026/04/06;2200 UTC;;;;;;;;;;;;;;;;;;
2026/04/06;2300 UTC;;;;;;;;;;;;;;;;;;
2026/04/07;0000 UTC;;;;;;;;;;;;;;;;;;
2026/04/07;0100 UTC;;;;;;;;;;;;;;;;;;
2026/04/07;0200 UTC;;;;;;;;;;;;;;;;;;
2026/04/07;0300 UTC;;;;;;;;;;;;;;;;;;
2026/04/07;0400 UTC;;;;;;;;;;;;;;;;;;
2026/04/07;0500 UTC;;;;;;;;;;;;;;;;;;
2026/04/07;0600 UTC;;;;;;;;;;;;;;;;;;
2026/04/07;0700 UTC;;;;;;;;;;;;;;;;;;
2026/04/07;0800 UTC;;;;;;;;;;;;;;;;;;
2026/04/07;0900 UTC;;;;;;;;;;;;;;;;;;
2026/04/07;1000 UTC;;;;;;;;;;;;;;;;;;
2026/04/07;1100 UTC;;;;;;;;;;;;;;;;;;
2026/04/07;1200 UTC;;;;;;;;;;;;;;;;;;
2026/04/07;1300 UTC;;;;;;;;;;;;;;;;;;
2026/04/07;1400 UTC;;;;;;;;;;;;;;;;;;
2026/04/07;1500 UTC;;;;;;;;;;;;;;;;;;
2026/04/07;1600 UTC;;;;;;;;;;;;;;;;;;
2026/04/07;1700 UTC;;;;;;;;;;;;;;;;;;
2026/04/07;1800 UTC;;;;;;;;;;;;;;;;;;
2026/04/07;1900 UTC;;;;;;;;;;;;;;;;;;
2026/04/07;2000 UTC;;;;;;;;;;;;;;;;;;
2026/04/07;2100 UTC;;;;;;;;;;;;;;;;;;
2026/04/07;2200 UTC;;;;;;;;;;;;;;;;;;
2026/04/07;2300 UTC;;;;;;;;;;;;;;;;;;
2026/04/08;0000 UTC;;;;;;;;;;;;;;;;;;
2026/04/08;0100 UTC;;;;;;;;;;;;;;;;;;
2026/04/08;0200 UTC;;;;;;;;;;;;;;;;;;
2026/04/08;0300 UTC;;;;;;;;;;;;;;;;;;
2026/04/08;0400 UTC;;;;;;;;;;;;;;;;;;
2026/04/08;0500 UTC;;;;;;;;;;;;;;;;;;
2026/04/08;0600 UTC;;;;;;;;;;;;;;;;;;
2026/04/08;0700 UTC;;;;;;;;;;;;;;;;;;
2026/04/08;0800 UTC;;;;;;;;;;;;;;;;;;
2026/04/08;0900 UTC;;;;;;;;;;;;;;;;;;
2026/04/08;1000 UTC;;;;;;;;;;;;;;;;;;
2026/04/08;1100 UTC;;;;;;;;;;;;;;;;;;
2026/04/08;1200 UTC;;;;;;;;;;;;;;;;;;
2026/04/08;1300 UTC;;;;;;;;;;;;;;;;;;
2026/04/08;1400 UTC;;;;;;;;;;;;;;;;;;
2026/04/08;1500 UTC;;;;;;;;;;;;;;;;;;
2026/04/08;1600 UTC;;;;;;;;;;;;;;;;;;
2026/04/08;1700 UTC;;;;;;;;;;;;;;;;;;
2026/04/08;1800 UTC;;;;;;;;;;;;;;;;;;
2026/04/08;1900 UTC;;;;;;;;;;;;;;;;;;
2026/04/08;2000 UTC;;;;;;;;;;;;;;;;;;
2026/04/08;2100 UTC;;;;;;;;;;;;;;;;;;
2026/04/08;2200 UTC;;;;;;;;;;;;;;;;;;
2026/04/08;2300 UTC;;;;;;;;;;;;;;;;;;
2026/04/09;0000 UTC;;;;;;;;;;;;;;;;;;
2026/04/09;0100 UTC;;;;;;;;;;;;;;;;;;
2026/04/09;0200 UTC;;;;;;;;;;;;;;;;;;
2026/04/09;0300 UTC;;;;;;;;;;;;;;;;;;
2026/04/09;0400 UTC;;;;;;;;;;;;;;;;;;
2026/04/09;0500 UTC;;;;;;;;;;;;;;;;;;
2026/04/09;0600 UTC;;;;;;;;;;;;;;;;;;
2026/04/09;0700 UTC;;;;;;;;;;;;;;;;;;
2026/04/09;0800 UTC;;;;;;;;;;;;;;;;;;
2026/04/09;0900 UTC;;;;;;;;;;;;;;;;;;
2026/04/09;1000 UTC;;;;;;;;;;;;;;;;;;
2026/04/09;1100 UTC;;;;;;;;;;;;;;;;;;
2026/04/09;1200 UTC;;;;;;;;;;;;;;;;;;
2026/04/09;1300 UTC;;;;;;;;;;;;;;;;;;
2026/04/09;1400 UTC;;;;;;;;;;;;;;;;;;
2026/04/09;1500 UTC;;;;;;;;;;;;;;;;;;
2026/04/09;1600 UTC;;;;;;;;;;;;;;;;;;
2026/04/09;1700 UTC;;;;;;;;;;;;;;;;;;
2026/04/09;1800 UTC;;;;;;;;;;;;;;;;;;
2026/04/09;1900 UTC;;;;;;;;;;;;;;;;;;
2026/04/09;2000 UTC;;;;;;;;;;;;;;;;;;
2026/04/09;2100 UTC;;;;;;;;;;;;;;;;;;
2026/04/09;2200 UTC;;;;;;;;;;;;;;;;;;
2026/04/09;2300 UTC;;;;;;;;;;;;;;;;;;
2026/04/10;0000 UTC;;;;;;;;;;;;;;;;;;
2026/04/10;0100 UTC;;;;;;;;;;;;;;;;;;
2026/04/10;0200 UTC;;;;;;;;;;;;;;;;;;
2026/04/10;0300 UTC;;;;;;;;;;;;;;;;;;
2026/04/10;0400 UTC;;;;;;;;;;;;;;;;;;
2026/04/10;0500 UTC;;;;;;;;;;;;;;;;;;
2026/04/10;0600 UTC;;;;;;;;;;;;;;;;;;
2026/04/10;0700 UTC;;;;;;;;;;;;;;;;;;
2026/04/10;0800 UTC;;;;;;;;;;;;;;;;;;
2026/04/10;0900 UTC;;;;;;;;;;;;;;;;;;
2026/04/10;1000 UTC;;;;;;;;;;;;;;;;;;
2026/04/10;1100 UTC;;;;;;;;;;;;;;;;;;
2026/04/10;1200 UTC;;;;;;;;;;;;;;;;;;
2026/04/10;1300 UTC;;;;;;;;;;;;;;;;;;
2026/04/10;1400 UTC;;;;;;;;;;;;;;;;;;
2026/04/10;1500 UTC;;;;;;;;;;;;;;;;;;
2026/04/10;1600 UTC;;;;;;;;;;;;;;;;;;
2026/04/10;1700 UTC;;;;;;;;;;;;;;;;;;
2026/04/10;1800 UTC;;;;;;;;;;;;;;;;;;
2026/04/10;1900 UTC;;;;;;;;;;;;;;;;;;
2026/04/10;2000 UTC;;;;;;;;;;;;;;;;;;
2026/04/10;2100 UTC;;;;;;;;;;;;;;;;;;
2026/04/10;2200 UTC;;;;;;;;;;;;;;;;;;
2026/04/10;2300 UTC;;;;;;;;;;;;;;;;;;
2026/04/11;0000 UTC;;;;;;;;;;;;;;;;;;
2026/04/11;0100 UTC;;;;;;;;;;;;;;;;;;
2026/04/11;0200 UTC;;;;;;;;;;;;;;;;;;
2026/04/11;0300 UTC;;;;;;;;;;;;;;;;;;
2026/04/11;0400 UTC;;;;;;;;;;;;;;;;;;
2026/04/11;0500 UTC;;;;;;;;;;;;;;;;;;
2026/04/11;0600 UTC;;;;;;;;;;;;;;;;;;
2026/04/11;0700 UTC;;;;;;;;;;;;;;;;;;
2026/04/11;0800 UTC;;;;;;;;;;;;;;;;;;
2026/04/11;0900 UTC;;;;;;;;;;;;;;;;;;
2026/04/11;1000 UTC;;;;;;;;;;;;;;;;;;
2026/04/11;1100 UTC;;;;;;;;;;;;;;;;;;
2026/04/11;1200 UTC;;;;;;;;;;;;;;;;;;
2026/04/11;1300 UTC;;;;;;;;;;;;;;;;;;
2026/04/11;1400 UTC;;;;;;;;;;;;;;;;;;
2026/04/11;1500 UTC;;;;;;;;;;;;;;;;;;
2026/04/11;1600 UTC;;;;;;;;;;;;;;;;;;
2026/04/11;1700 UTC;;;;;;;;;;;;;;;;;;
2026/04/11;1800 UTC;;;;;;;;;;;;;;;;;;
2026/04/11;1900 UTC;;;;;;;;;;;;;;;;;;
2026/04/11;2000 UTC;;;;;;;;;;;;;;;;;;
2026/04/11;2100 UTC;;;;;;;;;;;;;;;;;;
2026/04/11;2200 UTC;;;;;;;;;;;;;;;;;;
2026/04/11;2300 UTC;;;;;;;;;;;;;;;;;;
2026/04/12;0000 UTC;;;;;;;;;;;;;;;;;;
2026/04/12;0100 UTC;;;;;;;;;;;;;;;;;;
2026/04/12;0200 UTC;;;;;;;;;;;;;;;;;;
2026/04/12;0300 UTC;;;;;;;;;;;;;;;;;;
2026/04/12;0400 UTC;;;;;;;;;;;;;;;;;;
2026/04/12;0500 UTC;;;;;;;;;;;;;;;;;;
2026/04/12;0600 UTC;;;;;;;;;;;;;;;;;;
2026/04/12;0700 UTC;;;;;;;;;;;;;;;;;;
2026/04/12;0800 UTC;;;;;;;;;;;;;;;;;;
2026/04/12;0900 UTC;;;;;;;;;;;;;;;;;;
2026/04/12;1000 UTC;;;;;;;;;;;;;;;;;;
2026/04/12;1100 UTC;;;;;;;;;;;;;;;;;;
2026/04/12;1200 UTC;;;;;;;;;;;;;;;;;;
2026/04/12;1300 UTC;;;;;;;;;;;;;;;;;;
2026/04/12;1400 UTC;;;;;;;;;;;;;;;;;;
2026/04/12;1500 UTC;;;;;;;;;;;;;;;;;;
2026/04/12;1600 UTC;;;;;;;;;;;;;;;;;;
2026/04/12;1700 UTC;;;;;;;;;;;;;;;;;;
2026/04/12;1800 UTC;;;;;;;;;;;;;;;;;;
2026/04/12;1900 UTC;;;;;;;;;;;;;;;;;;
2026/04/12;2000 UTC;;;;;;;;;;;;;;;;;;
2026/04/12;2100 UTC;;;;;;;;;;;;;;;;;;
2026/04/12;2200 UTC;;;;;;;;;;;;;;;;;;
2026/04/12;2300 UTC;;;;;;;;;;;;;;;;;;
2026/04/13;0000 UTC;;;;;;;;;;;;;;;;;;
2026/04/13;0100 UTC;;;;;;;;;;;;;;;;;;
2026/04/13;0200 UTC;;;;;;;;;;;;;;;;;;
2026/04/13;0300 UTC;;;;;;;;;;;;;;;;;;
2026/04/13;0400 UTC;;;;;;;;;;;;;;;;;;
2026/04/13;0500 UTC;;;;;;;;;;;;;;;;;;
2026/04/13;0600 UTC;;;;;;;;;;;;;;;;;;
2026/04/13;0700 UTC;;;;;;;;;;;;;;;;;;
2026/04/13;0800 UTC;;;;;;;;;;;;;;;;;;
2026/04/13;0900 UTC;;;;;;;;;;;;;;;;;;
2026/04/13;1000 UTC;;;;;;;;;;;;;;;;;;
2026/04/13;1100 UTC;;;;;;;;;;;;;;;;;;
2026/04/13;1200 UTC;;;;;;;;;;;;;;;;;;
2026/04/13;1300 UTC;;;;;;;;;;;;;;;;;;
2026/04/13;1400 UTC;;;;;;;;;;;;;;;;;;
2026/04/13;1500 UTC;;;;;;;;;;;;;;;;;;
2026/04/13;1600 UTC;;;;;;;;;;;;;;;;;;
2026/04/13;1700 UTC;;;;;;;;;;;;;;;;;;
2026/04/13;1800 UTC;;;;;;;;;;;;;;;;;;
2026/04/13;1900 UTC;;;;;;;;;;;;;;;;;;
2026/04/13;2000 UTC;;;;;;;;;;;;;;;;;;
2026/04/13;2100 UTC;;;;;;;;;;;;;;;;;;
2026/04/13;2200 UTC;;;;;;;;;;;;;;;;;;
2026/04/13;2300 UTC;;;;;;;;;;;;;;;;;;
2026/04/14;0000 UTC;;;;;;;;;;;;;;;;;;
2026/04/14;0100 UTC;;;;;;;;;;;;;;;;;;
2026/04/14;0200 UTC;;;;;;;;;;;;;;;;;;
2026/04/14;0300 UTC;;;;;;;;;;;;;;;;;;
2026/04/14;0400 UTC;;;;;;;;;;;;;;;;;;
2026/04/14;0500 UTC;;;;;;;;;;;;;;;;;;
2026/04/14;0600 UTC;;;;;;;;;;;;;;;;;;
2026/04/14;0700 UTC;;;;;;;;;;;;;;;;;;
2026/04/14;0800 UTC;;;;;;;;;;;;;;;;;;
2026/04/14;0900 UTC;;;;;;;;;;;;;;;;;;
2026/04/14;1000 UTC;;;;;;;;;;;;;;;;;;
2026/04/14;1100 UTC;;;;;;;;;;;;;;;;;;
2026/04/14;1200 UTC;;;;;;;;;;;;;;;;;;
2026/04/14;1300 UTC;;;;;;;;;;;;;;;;;;
2026/04/14;1400 UTC;;;;;;;;;;;;;;;;;;
2026/04/14;1500 UTC;;;;;;;;;;;;;;;;;;
2026/04/14;1600 UTC;;;;;;;;;;;;;;;;;;
2026/04/14;1700 UTC;;;;;;;;;;;;;;;;;;
2026/04/14;1800 UTC;;;;;;;;;;;;;;;;;;
2026/04/14;1900 UTC;;;;;;;;;;;;;;;;;;
2026/04/14;2000 UTC;;;;;;;;;;;;;;;;;;
2026/04/14;2100 UTC;;;;;;;;;;;;;;;;;;
2026/04/14;2200 UTC;;;;;;;;;;;;;;;;;;
2026/04/14;2300 UTC;;;;;;;;;;;;;;;;;;
2026/04/15;0000 UTC;;;;;;;;;;;;;;;;;;
2026/04/15;0100 UTC;;;;;;;;;;;;;;;;;;
2026/04/15;0200 UTC;;;;;;;;;;;;;;;;;;
2026/04/15;0300 UTC;;;;;;;;;;;;;;;;;;
2026/04/15;0400 UTC;;;;;;;;;;;;;;;;;;
2026/04/15;0500 UTC;;;;;;;;;;;;;;;;;;
2026/04/15;0600 UTC;;;;;;;;;;;;;;;;;;
2026/04/15;0700 UTC;;;;;;;;;;;;;;;;;;
2026/04/15;0800 UTC;;;;;;;;;;;;;;;;;;
2026/04/15;0900 UTC;;;;;;;;;;;;;;;;;;
2026/04/15;1000 UTC;;;;;;;;;;;;;;;;;;
2026/04/15;1100 UTC;;;;;;;;;;;;;;;;;;
2026/04/15;1200 UTC;;;;;;;;;;;;;;;;;;
2026/04/15;1300 UTC;;;;;;;;;;;;;;;;;;
2026/04/15;1400 UTC;;;;;;;;;;;;;;;;;;
2026/04/15;1500 UTC;;;;;;;;;;;;;;;;;;
2026/04/15;1600 UTC;;;;;;;;;;;;;;;;;;
2026/04/15;1700 UTC;;;;;;;;;;;;;;;;;;
2026/04/15;1800 UTC;;;;;;;;;;;;;;;;;;
2026/04/15;1900 UTC;;;;;;;;;;;;;;;;;;
2026/04/15;2000 UTC;;;;;;;;;;;;;;;;;;
2026/04/15;2100 UTC;;;;;;;;;;;;;;;;;;
2026/04/15;2200 UTC;;;;;;;;;;;;;;;;;;
2026/04/15;2300 UTC;;;;;;;;;;;;;;;;;;
2026/04/16;0000 UTC;;;;;;;;;;;;;;;;;;
2026/04/16;0100 UTC;;;;;;;;;;;;;;;;;;
2026/04/16;0200 UTC;;;;;;;;;;;;;;;;;;
2026/04/16;0300 UTC;;;;;;;;;;;;;;;;;;
2026/04/16;0400 UTC;;;;;;;;;;;;;;;;;;
2026/04/16;0500 UTC;;;;;;;;;;;;;;;;;;
2026/04/16;0600 UTC;;;;;;;;;;;;;;;;;;
2026/04/16;0700 UTC;;;;;;;;;;;;;;;;;;
2026/04/16;0800 UTC;;;;;;;;;;;;;;;;;;
2026/04/16;0900 UTC;;;;;;;;;;;;;;;;;;
2026/04/16;1000 UTC;;;;;;;;;;;;;;;;;;
2026/04/16;1100 UTC;;;;;;;;;;;;;;;;;;
2026/04/16;1200 UTC;;;;;;;;;;;;;;;;;;
2026/04/16;1300 UTC;;;;;;;;;;;;;;;;;;
2026/04/16;1400 UTC;;;;;;;;;;;;;;;;;;
2026/04/16;1500 UTC;;;;;;;;;;;;;;;;;;
2026/04/16;1600 UTC;;;;;;;;;;;;;;;;;;
2026/04/16;1700 UTC;;;;;;;;;;;;;;;;;;
2026/04/16;1800 UTC;;;;;;;;;;;;;;;;;;
2026/04/16;1900 UTC;;;;;;;;;;;;;;;;;;
2026/04/16;2000 UTC;;;;;;;;;;;;;;;;;;
2026/04/16;2100 UTC;;;;;;;;;;;;;;;;;;
2026/04/16;2200 UTC;;;;;;;;;;;;;;;;;;
2026/04/16;2300 UTC;;;;;;;;;;;;;;;;;;
2026/04/17;0000 UTC;;;;;;;;;;;;;;;;;;
2026/04/17;0100 UTC;;;;;;;;;;;;;;;;;;
2026/04/17;0200 UTC;;;;;;;;;;;;;;;;;;
2026/04/17;0300 UTC;;;;;;;;;;;;;;;;;;
2026/04/17;0400 UTC;;;;;;;;;;;;;;;;;;
2026/04/17;0500 UTC;;;;;;;;;;;;;;;;;;
2026/04/17;0600 UTC;;;;;;;;;;;;;;;;;;
2026/04/17;0700 UTC;;;;;;;;;;;;;;;;;;
2026/04/17;0800 UTC;;;;;;;;;;;;;;;;;;
2026/04/17;0900 UTC;;;;;;;;;;;;;;;;;;
2026/04/17;1000 UTC;;;;;;;;;;;;;;;;;;
2026/04/17;1100 UTC;;;;;;;;;;;;;;;;;;
2026/04/17;1200 UTC;;;;;;;;;;;;;;;;;;
2026/04/17;1300 UTC;;;;;;;;;;;;;;;;;;
2026/04/17;1400 UTC;;;;;;;;;;;;;;;;;;
2026/04/17;1500 UTC;;;;;;;;;;;;;;;;;;
2026/04/17;1600 UTC;;;;;;;;;;;;;;;;;;
2026/04/17;1700 UTC;;;;;;;;;;;;;;;;;;
2026/04/17;1800 UTC;;;;;;;;;;;;;;;;;;
2026/04/17;1900 UTC;;;;;;;;;;;;;;;;;;
2026/04/17;2000 UTC;;;;;;;;;;;;;;;;;;
2026/04/17;2100 UTC;;;;;;;;;;;;;;;;;;
2026/04/17;2200 UTC;;;;;;;;;;;;;;;;;;
2026/04/17;2300 UTC;;;;;;;;;;;;;;;;;;
2026/04/18;0000 UTC;;;;;;;;;;;;;;;;;;
2026/04/18;0100 UTC;;;;;;;;;;;;;;;;;;
2026/04/18;0200 UTC;;;;;;;;;;;;;;;;;;
2026/04/18;0300 UTC;;;;;;;;;;;;;;;;;;
2026/04/18;0400 UTC;;;;;;;;;;;;;;;;;;
2026/04/18;0500 UTC;;;;;;;;;;;;;;;;;;
2026/04/18;0600 UTC;;;;;;;;;;;;;;;;;;
2026/04/18;0700 UTC;;;;;;;;;;;;;;;;;;
2026/04/18;0800 UTC;;;;;;;;;;;;;;;;;;
2026/04/18;0900 UTC;;;;;;;;;;;;;;;;;;
2026/04/18;1000 UTC;;;;;;;;;;;;;;;;;;
2026/04/18;1100 UTC;;;;;;;;;;;;;;;;;;
2026/04/18;1200 UTC;;;;;;;;;;;;;;;;;;
2026/04/18;1300 UTC;;;;;;;;;;;;;;;;;;
2026/04/18;1400 UTC;;;;;;;;;;;;;;;;;;
2026/04/18;1500 UTC;;;;;;;;;;;;;;;;;;
2026/04/18;1600 UTC;;;;;;;;;;;;;;;;;;
2026/04/18;1700 UTC;;;;;;;;;;;;;;;;;;
2026/04/18;1800 UTC;;;;;;;;;;;;;;;;;;
2026/04/18;1900 UTC;;;;;;;;;;;;;;;;;;
2026/04/18;2000 UTC;;;;;;;;;;;;;;;;;;
2026/04/18;2100 UTC;;;;;;;;;;;;;;;;;;
2026/04/18;2200 UTC;;;;;;;;;;;;;;;;;;
2026/04/18;2300 UTC;;;;;;;;;;;;;;;;;;
2026/04/19;0000 UTC;;;;;;;;;;;;;;;;;;
2026/04/19;0100 UTC;;;;;;;;;;;;;;;;;;
2026/04/19;0200 UTC;;;;;;;;;;;;;;;;;;
2026/04/19;0300 UTC;;;;;;;;;;;;;;;;;;
2026/04/19;0400 UTC;;;;;;;;;;;;;;;;;;
2026/04/19;0500 UTC;;;;;;;;;;;;;;;;;;
2026/04/19;0600 UTC;;;;;;;;;;;;;;;;;;
2026/04/19;0700 UTC;;;;;;;;;;;;;;;;;;
2026/04/19;0800 UTC;;;;;;;;;;;;;;;;;;
2026/04/19;0900 UTC;;;;;;;;;;;;;;;;;;
2026/04/19;1000 UTC;;;;;;;;;;;;;;;;;;
2026/04/19;1100 UTC;;;;;;;;;;;;;;;;;;
2026/04/19;1200 UTC;;;;;;;;;;;;;;;;;;
2026/04/19;1300 UTC;;;;;;;;;;;;;;;;;;
2026/04/19;1400 UTC;;;;;;;;;;;;;;;;;;
2026/04/19;1500 UTC;;;;;;;;;;;;;;;;;;
2026/04/19;1600 UTC;;;;;;;;;;;;;;;;;;
2026/04/19;1700 UTC;;;;;;;;;;;;;;;;;;
2026/04/19;1800 UTC;;;;;;;;;;;;;;;;;;
2026/04/19;1900 UTC;;;;;;;;;;;;;;;;;;
2026/04/19;2000 UTC;;;;;;;;;;;;;;;;;;
2026/04/19;2100 UTC;;;;;;;;;;;;;;;;;;
2026/04/19;2200 UTC;;;;;;;;;;;;;;;;;;
2026/04/19;2300 UTC;;;;;;;;;;;;;;;;;;
2026/04/20;0000 UTC;;;;;;;;;;;;;;;;;;
2026/04/20;0100 UTC;;;;;;;;;;;;;;;;;;
2026/04/20;0200 UTC;;;;;;;;;;;;;;;;;;
2026/04/20;0300 UTC;;;;;;;;;;;;;;;;;;
2026/04/20;0400 UTC;;;;;;;;;;;;;;;;;;
2026/04/20;0500 UTC;;;;;;;;;;;;;;;;;;
2026/04/20;0600 UTC;;;;;;;;;;;;;;;;;;
2026/04/20;0700 UTC;;;;;;;;;;;;;;;;;;
2026/04/20;0800 UTC;;;;;;;;;;;;;;;;;;
2026/04/20;0900 UTC;;;;;;;;;;;;;;;;;;
2026/04/20;1000 UTC;;;;;;;;;;;;;;;;;;
2026/04/20;1100 UTC;;;;;;;;;;;;;;;;;;
2026/04/20;1200 UTC;;;;;;;;;;;;;;;;;;
2026/04/20;1300 UTC;;;;;;;;;;;;;;;;;;
2026/04/20;1400 UTC;;;;;;;;;;;;;;;;;;
2026/04/20;1500 UTC;;;;;;;;;;;;;;;;;;
2026/04/20;1600 UTC;;;;;;;;;;;;;;;;;;
2026/04/20;1700 UTC;;;;;;;;;;;;;;;;;;
2026/04/20;1800 UTC;;;;;;;;;;;;;;;;;;
2026/04/20;1900 UTC;;;;;;;;;;;;;;;;;;
2026/04/20;2000 UTC;;;;;;;;;;;;;;;;;;
2026/04/20;2100 UTC;;;;;;;;;;;;;;;;;;
2026/04/20;2200 UTC;;;;;;;;;;;;;;;;;;
2026/04/20;2300 UTC;;;;;;;;;;;;;;;;;;
2026/04/21;0000 UTC;0;994,9;995,2;994,7;0;20,6;17,5;20,9;20,2;17,7;17,2;86;82;85;165;1,3;,5;
2026/04/21;0100 UTC;0;995;995,1;994,8;0;19,6;17,5;20,2;19,3;17,6;17,4;91;87;89;256;1;,4;
2026/04/21;0200 UTC;0;995,3;995,8;995;0;19,2;17,5;19,3;19;17,6;17,4;93;91;92;300;,6;,4;
2026/04/21;0300 UTC;0;995,3;995,7;995;0;18,8;17,4;19,1;18,4;17,6;17,2;95;92;93;292;1,1;,6;
2026/04/21;0400 UTC;0;978,9;995,8;;0;18,3;17,2;18,4;18,2;17,4;17,1;95;94;95;299;1,2;,7;
2026/04/21;0500 UTC;0;996;996,4;995,8;0;18,1;17,3;18,2;18;17,4;17,2;97;95;96;136;,7;,4;
2026/04/21;0600 UTC;0;995,9;996,3;995,7;0;18;17,2;18,2;17,8;17,3;17,2;97;95;96;218;1,1;,5;
2026/04/21;0700 UTC;0;995,8;996,2;995,5;0;18,3;17,4;18,6;18,2;18,1;17,2;97;95;95;289;1,6;,9;
2026/04/21;0800 UTC;0;996,3;996,8;995,9;0;18,8;17,9;19,1;18,6;18,2;17,7;97;94;95;259;1,7;,9;
2026/04/21;0900 UTC;0;996,5;997;995,4;0;18,8;17,9;18,9;18,6;18;17,8;96;95;96;199;1,4;,5;
2026/04/21;1000 UTC;0;996,7;997,7;995,3;0;18,7;17,9;18,9;18,5;18,1;17,7;96;95;96;305;1,5;1,1;
2026/04/21;1100 UTC;0;997,2;997,7;996,8;84;19,2;18,2;19,3;18,9;18,3;18,1;96;94;95;206;1,8;1,2;
2026/04/21;1200 UTC;0;997,4;997,7;997,1;262,6;19,3;17,8;19,7;19,2;18,1;17,5;94;90;92;189;1,5;,4;
2026/04/21;1300 UTC;0;997,7;998,1;997,1;396;20,1;17,8;20,2;19,7;18,1;17,5;92;86;89;146;1;,4;
2026/04/21;1400 UTC;,2;997,9;998,2;997,7;452,7;20,4;18;20,5;20,2;18,9;17,6;92;86;88;133;1,3;,9;
2026/04/21;1500 UTC;0;997,6;998,1;997,3;845,1;20,8;18,6;21,2;20,4;19,4;18;93;86;89;249;2,3;1,4;
2026/04/21;1600 UTC;,6;997,1;997,5;996,6;594,6;21,1;18,9;21,3;20,7;19,6;18,1;94;84;89;312;2,3;1,1;
2026/04/21;1700 UTC;,4;996,1;996,8;995,6;735,9;20,9;19,5;21,6;20,5;20,2;18,9;96;88;93;96;2,4;1,1;
2026/04/21;1800 UTC;0;995,5;995,8;995,2;881,6;21,9;19,7;22,3;21,5;20,4;19;100;84;89;72;1,6;,8;
2026/04/21;1900 UTC;0;995,1;995,4;994,8;951,4;22,9;19,4;23,5;22,3;20,1;18,8;100;78;83;84;2;,8;
2026/04/21;2000 UTC;0;994,8;995,1;994,6;479,4;23,1;19,5;23,3;22,9;19,9;18,8;100;78;83;231;1,8;,6;
2026/04/21;2100 UTC;0;994,7;995;994,6;108,5;22,3;19,8;22,9;21,7;20,2;19,4;100;83;88;280;1,2;,6;
2026/04/21;2200 UTC;0;994,8;995,1;994,7;0;21,3;19,4;21,7;21,1;19,8;19,1;92;89;91;302;1,2;,6;
2026/04/21;2300 UTC;0;995,1;995,3;994,8;0;21;19,6;21,2;20,6;19,8;19,3;95;91;93;303;1,1;,6;
2026/04/22;0000 UTC;0;995,2;995,6;994,9;0;20,7;19,7;20,9;20,5;19,7;19,4;96;93;95;320;1,2;,7;
2026/04/22;0100 UTC;0;995,6;996;995,4;0;20,2;19,5;20,5;19,8;19,7;19,2;97;96;97;151;1,2;,3;
2026/04/22;0200 UTC;0;995,7;995,8;995,4;0;19,8;19,4;19,9;19,7;19,6;19,3;99;97;98;323;1,3;,9;
2026/04/22;0300 UTC;0;995,5;995,8;995,3;0;19,6;19,5;19,7;19,5;19,5;19,3;99;99;99;97;1,1;,4;
2026/04/22;0400 UTC;0;995,7;996,1;995,5;0;19,6;19,5;19,6;19,5;19,5;19,4;100;99;99;270;2;1,1;
2026/04/22;0500 UTC;0;995,6;995,9;995,5;0;19,5;19,3;19,5;19,5;19,4;19,2;99;99;99;63;2,2;1;
2026/04/22;0600 UTC;0;995,2;995,5;995;0;19,4;19,3;19,5;19,3;19,4;19,2;100;99;100;320;2,5;1,4;
2026/04/22;0700 UTC;0;995;995,4;994,7;0;19,4;19,2;19,4;19,3;19,3;19,1;100;99;99;190;2,4;1,3;
2026/04/22;0800 UTC;0;995;995,2;994,7;0;19,3;19,1;19,4;19,2;19,2;19;99;99;99;289;2,4;1,4;
2026/04/22;0900 UTC;0;995,1;995,5;995;0;19,2;19;19,3;19,1;19,2;18,8;100;97;99;310;2,6;1,5;
2026/04/22;1000 UTC;0;995,7;996,1;995,3;,7;19,3;18,7;19,3;19,2;18,8;18,6;98;97;97;327;2,4;1,5;
2026/04/22;1100 UTC;0;996,2;997;995,9;137,2;19,5;18,6;19,8;19,3;18,8;18,4;97;93;96;262;2,4;1,5;
2026/04/22;1200 UTC;0;997;997,4;996,6;672,7;20,5;18,7;21,6;19,8;19,1;18,4;94;84;91;290;2,5;1,5;
2026/04/22;1300 UTC;0;997,3;997,6;997,1;1156,4;22,5;18,8;23,6;21,4;19,3;18,4;100;76;82;193;2,3;1,2;
2026/04/22;1400 UTC;0;997,2;997,5;997;;25;19,3;26,1;23,8;19,9;18,6;100;67;72;96;2,3;,9;
2026/04/22;1500 UTC;0;996,7;997;996,4;;27,1;20,3;28,2;25,8;21;19,4;71;63;66;109;2,7;1;
2026/04/22;1600 UTC;0;996,1;996,5;995,6;;28,7;21,1;29,8;27,7;21,5;20,6;66;57;62;110;3;1,5;
2026/04/22;1700 UTC;0;995,3;995,8;994,9;;29,5;21,3;30,1;28,8;21,8;20,8;62;57;59;130;3,9;1,4;
2026/04/22;1800 UTC;0;994,8;995,1;994,7;;29,5;21,4;30,3;29;21,8;21,1;62;55;60;134;3,6;1,5;
2026/04/22;1900 UTC;0;994,7;995,2;994,5;;30,1;21,5;30,6;29,7;21,7;21;58;55;57;158;3;1,3;
2026/04/22;2000 UTC;0;994,9;995,4;994,6;;28,9;21,1;29,9;27,9;21,5;20,8;65;57;61;175;2,8;,9;
2026/04/22;2100 UTC;0;995,3;995,6;995,1;;26,5;20,9;27,8;25,3;21,2;20,4;77;65;72;241;1,6;1;
2026/04/22;2200 UTC;0;995,9;996,3;995,5;;24,7;20,5;25,3;24,2;20,8;20,3;100;77;80;148;1;,5;
2026/04/22;2300 UTC;0;996,6;997,1;996,2;0;23,5;20,6;24,1;23,2;20,7;20,4;100;82;86;217;1;,3;
2026/04/23;0000 UTC;;;;;;;;;;;;;;;;;;
2026/04/23;0100 UTC;0;997,5;997,8;997,3;0;22,1;20,5;22,5;21,8;20,6;20,3;93;91;92;186;1;,3;
2026/04/23;0200 UTC;0;997,7;998,1;997,4;0;21,4;20,2;21,9;21,1;20,4;20,1;96;92;94;189;,9;,4;
2026/04/23;0300 UTC;0;997,9;998,2;997,7;0;20,8;20;21,1;20,5;20,2;19,7;98;95;96;264;1;,3;
2026/04/23;0400 UTC;0;997,8;998;997,6;0;20,3;19,8;20,5;20,1;19,9;19,6;98;96;97;249;1;,5;
2026/04/23;0500 UTC;0;997,7;998,1;997,5;0;20,3;20;20,5;20,1;20,2;19,7;99;98;99;246;1;,4;
2026/04/23;0600 UTC;0;997,4;997,6;997,2;0;20,2;20;20,3;20,1;20,1;19,9;99;99;99;306;,7;,4;
2026/04/23;0700 UTC;0;997,3;997,7;997,2;0;20,2;20;20,4;20;20,3;19,9;100;99;99;322;,9;,5;
2026/04/23;0800 UTC;0;997,4;997,7;997,2;0;20,2;20,2;20,3;20;20,3;20;100;100;100;134;1,2;,4;
2026/04/23;0900 UTC;0;998;998,3;997,7;0;20,3;20,1;20,6;20,2;20,3;19,9;100;96;99;136;2;,8;
2026/04/23;1000 UTC;0;998,5;998,9;998,2;,6;20,5;19,7;20,7;20,4;19,9;19,5;96;95;96;158;1,7;,6;
2026/04/23;1100 UTC;0;999;999,6;998,6;119,5;20,6;19,7;20,8;20,4;20,1;19,5;96;95;96;97;,8;,6;
2026/04/23;1200 UTC;0;999,7;1000,1;999,3;377,5;21,1;20,1;21,7;20,8;20,3;19,9;97;91;95;69;1,4;,7;
2026/04/23;1300 UTC;0;1000;1000,4;999,6;;22,5;19,6;23,6;21,7;20,3;19,3;100;79;86;142;4,8;1,8;
2026/04/23;1400 UTC;0;999,8;1000,1;999,6;;23,6;19,4;24;23,4;20;18,9;100;77;80;220;3,9;1,1;
2026/04/23;1500 UTC;0;999,5;999,8;999;;24,9;19,5;25,9;23,6;19,9;19,1;100;69;77;139;4,7;1,9;
2026/04/23;1600 UTC;0;998,9;999,4;998,1;;25,1;19,6;25,6;24,8;19,9;19,3;100;70;73;132;2,7;1,2;
2026/04/23;1700 UTC;0;997,9;998,3;997,5;;25,2;19,5;26,1;24,5;20;19,3;100;67;72;121;2,9;,8;
2026/04/23;1800 UTC;0;997,4;998,1;996,8;;24;19,6;24,5;23,3;20;19,2;100;74;81;174;1,9;,7;
2026/04/23;1900 UTC;0;996,8;997,2;996,4;;22,9;20,1;23,3;22,5;20,5;19,7;100;83;87;234;3,2;1,2;
2026/04/23;2000 UTC;,2;997;997,5;996,7;142,2;22,2;20,7;22,5;22,1;21,1;20,2;95;89;92;247;1,4;,5;
2026/04/23;2100 UTC;1,6;997,2;997,5;996,9;;22;20,8;22,2;21,6;21,2;20,4;96;91;94;219;2,4;,6;
2026/04/23;2200 UTC;,8;997,6;998;997,3;;21,4;20,6;21,6;21,3;20,8;20,4;97;95;96;230;2,6;1,1;
2026/04/23;2300 UTC;0;998,4;999;997,8;;21,2;20,2;21,3;21;20,6;19,8;96;94;95;154;2,2;,8;
2026/04/24;0000 UTC;;;;;;;;;;;;;;;;;;
2026/04/24;0100 UTC;0;999;999,2;998,7;;20,3;19,4;20,4;20,3;19,7;19,3;96;95;95;233;3;,8;
2026/04/24;0200 UTC;0;998,7;999,1;998,4;;20,2;19,3;20,3;20,2;19,5;19,1;96;94;95;197;2,2;,4;
2026/04/24;0300 UTC;0;998,2;998,8;997,7;0;20,2;19,2;20,3;20,1;19,4;19;95;94;95;212;1,9;,7;
2026/04/24;0400 UTC;0;997,4;997,8;997;;20;19;20,1;19,9;19,2;18,8;96;94;95;228;1,9;,8;
2026/04/24;0500 UTC;0;997;997,3;996,8;;20;18,9;20;19,9;19,1;18,8;95;94;95;248;1,5;,8;
2026/04/24;0600 UTC;0;996,8;997,2;996,6;;19,9;18,9;20;19,9;19,1;18,8;96;94;95;151;2;,6;
2026/04/24;0700 UTC;0;996,7;997,1;996,5;;19,9;19;20;19,8;19,1;18,9;96;94;95;205;1,8;,6;
2026/04/24;0800 UTC;0;996,7;997,1;996,4;;19,9;19;19,9;19,8;19,1;18,9;96;95;96;187;2,8;,9;
2026/04/24;0900 UTC;0;996,9;997,2;996,8;;19,9;19,3;19,9;19,8;19,4;19,1;98;96;97;203;2,8;,8;
2026/04/24;1000 UTC;0;997,3;997,7;996,9;;20;19,4;20,1;19,9;19,5;19,3;98;97;97;220;1,6;,5;
2026/04/24;1100 UTC;0;997,6;998,1;997,3;;20;19,5;20,2;19,9;19,6;19,4;98;96;97;203;1,8;,7;
2026/04/24;1200 UTC;0;997,7;998,2;997,3;;20,2;19,8;20,3;20,1;20;19,4;99;96;98;146;2,9;1,5;
2026/04/24;1300 UTC;,2;997,2;997,6;996,6;;20,8;19,9;21,5;20,3;20,5;19,3;98;92;95;161;1,4;,6;
2026/04/24;1400 UTC;,2;997,2;997,5;997;;21,9;20,4;22,3;21,5;20,9;19,8;95;89;92;129;2;,9;
2026/04/24;1500 UTC;2,8;996,6;997,3;996;;21,3;20,6;21,7;21,1;20,9;20,3;98;93;97;144;1,7;1,1;
2026/04/24;1600 UTC;,2;995,6;996,2;995,2;;21,8;20,5;22,5;21,2;21,1;19,4;98;84;94;111;1,4;,4;
2026/04/24;1700 UTC;0;994,8;995,4;994,3;;22,3;20;22,8;22;20,7;19,3;94;84;89;63;1,6;,9;
2026/04/24;1800 UTC;0;994,2;994,5;993,7;;22,9;19,9;23;22,7;20,7;19,3;90;82;85;49;2,5;1,1;
2026/04/24;1900 UTC;0;993,9;994,2;993,7;;22,6;20,1;22,9;22,3;20,8;19,5;100;84;88;297;1,2;,6;
2026/04/24;2000 UTC;0;993,6;994;993,4;;22,3;20,6;22,4;22;21;19,8;94;87;92;311;1,2;,7;
2026/04/24;2100 UTC;,2;993,5;993,8;993,3;;21,6;20,6;22;21,3;20,8;20,1;97;91;95;303;1,2;,5;
2026/04/24;2200 UTC;0;993,3;993,7;993;;21,2;20,5;21,3;21,1;20,7;20,3;98;95;97;267;1,2;,6;
2026/04/24;2300 UTC;,2;993,4;994,1;993,2;;21,1;20,6;21,1;21;20,7;20,4;98;97;98;135;,9;,4;
2026/04/25;0000 UTC;1,2;993,5;993,9;993,2;;20,9;20,6;21;20,6;20,7;20,4;99;98;99;218;2,7;1,5;
2026/04/25;0100 UTC;1,2;993,9;994,3;993,6;;20,5;20,3;20,6;20,2;20,4;20,1;99;99;99;158;2,2;1,3;
2026/04/25;0200 UTC;,6;993,7;994,3;993,1;;20,2;20;20,3;20,1;20,2;19,8;100;98;99;249;2,6;1;
2026/04/25;0300 UTC;,4;994;994,4;993,4;;20,1;19,9;20,3;20;20,1;19,8;99;99;99;236;1,8;,9;
2026/04/25;0400 UTC;,2;993,5;994;993,1;;20;19,8;20;20;19,9;19,7;99;98;99;156;1,2;,7;
2026/04/25;0500 UTC;;;;;;;;;;;;;;;;;;
2026/04/25;0600 UTC;,2;992,1;993;991,1;;19,9;19,6;20,1;19,7;19,9;19,1;100;96;98;181;3,1;1,1;
2026/04/25;0700 UTC;0;992,4;992,9;992,1;;20;19,6;20,2;19,7;19,7;19,3;99;96;98;267;1,4;,7;
2026/04/25;0800 UTC;0;992,5;992,9;992,2;;19,6;19,4;19,7;19,4;19,5;19,2;99;98;99;171;1,3;,6;
2026/04/25;0900 UTC;0;992,7;993;992,5;;19,5;19,4;19,5;19,4;19,6;19,3;100;99;100;262;1,2;,8;
2026/04/25;1000 UTC;0;993;993,5;992,8;;19,6;19,6;19,6;19,5;19,6;19,5;100;100;100;175;1,8;,2;
2026/04/25;1100 UTC;0;993,5;993,9;993,2;;19,6;19,6;19,7;19,5;19,7;19,5;100;100;100;74;,9;,5;
2026/04/25;1200 UTC;0;994,1;994,5;993,6;;20;19,6;20,4;19,7;19,9;19,1;100;94;98;241;1,6;,6;
2026/04/25;1300 UTC;;;;;;;;;;;;;;;;;;
2026/04/25;1400 UTC;0;994,4;994,9;994;;22,5;19,6;23,8;21,3;20,4;19,1;100;79;86;134;2,4;1,3;
2026/04/25;1500 UTC;0;993,7;994,3;993,3;;23,4;19,4;23,8;23,2;20,2;18,8;100;75;81;176;1,6;,8;
2026/04/25;1600 UTC;0;993;993,5;992,5;;23,8;19,1;24,4;23,5;19,8;18,6;100;74;79;159;2,8;,9;
2026/04/25;1700 UTC;0;992,2;992,5;991,8;;24,3;19;24,9;23,9;19,6;18,3;100;70;76;168;2;,8;
2026/04/25;1800 UTC;0;991,5;991,9;991,3;;25,4;19;25,9;24,8;19,8;18,4;100;65;69;148;3,9;1,4;
2026/04/25;1900 UTC;0;991,2;991,6;991;;26;19,1;26,3;25,8;19,4;18,6;100;63;66;155;2,4;1;
2026/04/25;2000 UTC;0;991,4;991,8;991,1;;24,9;19,2;26,2;23,2;19,8;18,8;100;65;72;278;2,3;1,1;
2026/04/25;2100 UTC;0;991,5;991,8;991,3;2,7;22,2;19,1;23,1;21,5;19,6;18,5;100;79;85;247;2;1,1;
2026/04/25;2200 UTC;0;991,6;991,9;991,4;0;21,6;18,8;22,1;21,1;19,3;18,3;90;81;86;200;1,6;,6;
2026/04/25;2300 UTC;0;991,9;992,1;991,5;0;21,1;19,3;21,2;21;19,6;18,9;92;88;91;192;1,5;,6;
2026/04/26;0000 UTC;;;;;;;;;;;;;;;;;;
2026/04/26;0100 UTC;0;991,8;992,2;991,6;0;19,8;19,1;19,9;19,7;19,2;19;97;96;97;246;1,1;,4;
2026/04/26;0200 UTC;0;991,7;992;991,4;0;19,7;18,8;19,8;19,6;19;18,5;97;94;95;198;,8;,3;
2026/04/26;0300 UTC;0;991,5;992;991,2;0;19,6;19;19,7;19,5;19,2;18,8;98;96;97;216;,9;,4;
2026/04/26;0400 UTC;0;991,4;991,8;991,2;0;19,5;19,3;19,7;19,4;19,4;19,1;99;98;99;200;1,4;,5;
2026/04/26;0500 UTC;0;991,2;991,6;990,6;0;19,5;19,3;19,7;19,5;19,5;19,2;99;99;99;240;1,5;,8;
2026/04/26;0600 UTC;0;990,3;991,3;989,7;0;19,4;19,3;19,5;19,4;19,3;19,2;99;99;99;227;,8;,2;
2026/04/26;0700 UTC;0;989,6;990,2;989;0;19,6;19,3;19,7;19,5;19,4;19,2;99;98;98;160;1;,6;
2026/04/26;0800 UTC;0;989,5;989,7;989,2;0;19,6;19,4;19,7;19,5;19,5;19,3;99;99;99;137;1;,4;
2026/04/26;0900 UTC;0;989,5;989,8;989,3;0;19,6;19,4;19,7;19,5;19,5;19,2;99;98;99;214;1,1;,5;
2026/04/26;1000 UTC;0;989,9;990,5;989,6;0;19,6;19,4;19,7;19,5;19,5;19,2;99;98;99;311;1,2;,7;
2026/04/26;1100 UTC;0;990,5;991;990,2;127,6;19,8;19,5;20,1;19,6;19,7;19,3;99;97;98;269;1,1;,4;
2026/04/26;1200 UTC;;;;;;;;;;;;;;;;;;
2026/04/26;1300 UTC;;;;;;;;;;;;;;;;;;
2026/04/26;1400 UTC;0;990,8;991,1;990,5;;23,1;18,7;24,1;22,2;19,3;18,1;85;71;78;162;2,2;1;
2026/04/26;1500 UTC;0;990,4;991;990,1;;24,2;18,2;25,5;22,9;19,2;17,6;77;62;70;117;2,7;,8;
2026/04/26;1600 UTC;0;989,6;990,1;989,2;;25,9;18,3;26,9;25;19,2;17,3;68;56;62;149;3,7;1,6;
2026/04/26;1700 UTC;0;988,8;989,4;988,2;;27,2;18,1;27,6;26,7;19,2;17,2;62;49;55;115;3,6;1,2;
2026/04/26;1800 UTC;0;988;988,4;987,8;;27,5;17,6;28,3;26,5;18,6;16,6;100;45;51;166;4,4;1,2;
2026/04/26;1900 UTC;0;987,8;988,2;987,6;;27,1;18,2;27,4;26,6;18,6;17,9;59;54;56;159;3,6;1,2;
2026/04/26;2000 UTC;0;988,4;988,8;988;;24,6;18,4;26,5;23,9;19,2;17,6;75;58;69;257;1,6;,5;
2026/04/26;2100 UTC;0;989,2;990,1;988,7;41;22,9;18,2;23,9;21,9;19;17,4;81;70;76;245;1,6;1;
2026/04/26;2200 UTC;;;;;;;;;;;;;;;;;;
2026/04/26;2300 UTC;0;990,7;991,2;990,1;0;20,7;17,8;21,2;20,3;18,3;17,5;89;83;86;124;,8;,4;
2026/04/27;0000 UTC;;;;;;;;;;;;;;;;;;
2026/04/27;0100 UTC;0;991,8;992,2;991,5;0;18,7;17,7;19,3;18,4;17,8;17,6;97;93;95;167;,7;,4;
2026/04/27;0200 UTC;0;992,2;992,4;992;0;18;17,4;18,4;17,6;17,7;17,1;98;96;97;240;,9;,4;
2026/04/27;0300 UTC;0;992,4;992,7;992,2;0;17,4;17;17,6;17,4;17,3;16,6;99;96;98;252;1,8;,9;
2026/04/27;0400 UTC;0;992,5;992,9;992,4;0;17,4;16,8;17,5;17,4;17;16,6;98;96;97;70;,9;,4;
2026/04/27;0500 UTC;0;992,6;993;992,3;0;17,2;16,9;17,4;16,9;17,1;16,5;99;96;98;220;1,8;,7;
2026/04/27;0600 UTC;0;992,9;993,3;992,7;0;16,5;16,1;16,8;16,1;16,5;15,7;99;98;98;164;1,7;,9;
2026/04/27;0700 UTC;0;992,8;993,2;992,6;0;15,8;15,5;16,2;15,5;15,8;15,2;99;98;99;213;,9;,4;
2026/04/27;0800 UTC;0;993,1;993,7;992,9;0;14,6;13,7;15,6;13,8;15,5;12,1;99;92;96;281;1,9;1;
2026/04/27;0900 UTC;0;993,8;994,3;993,4;0;14,1;13,8;14,3;13,7;14,1;13,4;99;98;99;284;1,1;,5;
2026/04/27;1000 UTC;0;994,7;995,1;994,2;,2;14;13,9;14,2;13,7;14,2;13,4;100;98;100;226;2,1;,8;
2026/04/27;1100 UTC;0;995,8;996,6;995,2;230;14,1;12,5;14,6;13,7;13,6;10;99;77;92;207;4;1,4;
2026/04/27;1200 UTC;0;997;997,6;996,3;652,8;15,3;8,5;15,7;14,6;10,5;7,5;79;60;66;201;3,9;1,4;
2026/04/27;1300 UTC;;;;;;;;;;;;;;;;;;
2026/04/27;1400 UTC;0;997,6;997,8;997,3;;17,9;7,1;19,1;16,8;8,9;5,5;60;34;46;137;5,4;2,1;
2026/04/27;1500 UTC;0;997,4;997,8;997,2;;19,2;6,1;19,9;18,5;7,6;5;43;29;35;194;4,1;1,8;
2026/04/27;1600 UTC;0;997,2;997,2;997,2;;20;5,8;20,1;19,9;6,1;5,6;100;28;96;162;4;1,5;
2026/04/27;1700 UTC;0;997,2;997,2;997,2;;;;;;;;100;100;100;151;3,3;1,5;
2026/04/27;1800 UTC;0;997,2;997,2;997,2;;;;;;;;100;100;100;144;3,4;1,5;
2026/04/27;1900 UTC;0;997,2;997,2;997,2;;;;;;;;100;100;100;264;3,2;1,4;
2026/04/27;2000 UTC;0;997,2;997,2;997,2;216,9;;;;;;;100;100;100;204;2,3;,7;
2026/04/27;2100 UTC;0;997,2;997,2;997,2;37,8;;;;;;;100;100;100;245;2;1,2;
2026/04/27;2200 UTC;0;997,2;997,2;997,2;0;;;;;;;100;100;100;254;1,8;,9;
2026/04/27;2300 UTC;0;997,2;997,2;997,2;0;;;;;;;100;100;100;191;2,2;1;
2026/04/28;0000 UTC;0;997,2;997,2;997,2;0;;;;;;;100;100;100;272;1,1;,5;
2026/04/28;0100 UTC;0;998,9;999,1;998,7;0;10;6,8;10,4;9,5;7,4;6,3;89;80;84;282;1,2;,6;
2026/04/28;0200 UTC;0;999,2;999,6;998,9;0;9,2;7;9,6;8,9;7,3;6,7;91;86;89;296;,9;,5;
2026/04/28;0300 UTC;0;999,1;999,3;998,9;0;8,6;7;8,9;8,2;7,2;6,7;94;91;92;257;1,3;,7;
2026/04/28;0400 UTC;0;998,9;999,2;998,7;0;8;7;8,2;7,7;7,2;6,6;96;94;95;281;1,4;,8;
2026/04/28;0500 UTC;0;998,9;999,2;998,6;0;7,6;6,9;7,8;7,4;7,2;6,6;98;94;96;191;1,3;,7;
2026/04/28;0600 UTC;0;998,5;998,8;998,3;0;7,1;6,7;7,5;6,8;6,9;6,5;99;97;98;301;1,8;,8;
2026/04/28;0700 UTC;0;998,3;998,7;998,1;0;7,1;6,9;7,2;7;7,1;6,8;100;99;99;173;2,2;1,2;
2026/04/28;0800 UTC;0;998,3;998,5;998,1;0;7,2;7,1;7,3;7,1;7,2;6,9;100;99;99;87;2,4;1,3;
2026/04/28;0900 UTC;0;998,6;998,9;998,3;0;7,3;6,9;7,4;7,2;7,1;6,5;99;96;98;75;2,1;,8;
2026/04/28;1000 UTC;0;999,4;999,9;998,9;,2;7,3;6,7;7,3;7,2;6,8;6,4;98;96;97;248;2,1;1,2;
2026/04/28;1100 UTC;0;1000,3;1000,9;999,8;277,2;7,5;6,3;8,5;7,2;6,7;5,8;97;89;94;151;2,6;1,4;
2026/04/28;1200 UTC;0;1000,8;1001,1;1000,5;1137,8;9,4;6,1;10,7;8,2;6,5;5,6;91;75;83;79;2,9;1,6;
2026/04/28;1300 UTC;0;1001;1001,5;1000,8;1845,9;11,4;6;12,7;10,5;6,8;5,5;79;68;73;67;3,3;1,6;
2026/04/28;1400 UTC;0;1000,8;1001,3;1000,4;2386,9;13,9;6,6;15,7;12,5;7,6;5,8;69;57;63;95;3,8;1,3;
2026/04/28;1500 UTC;0;1000,1;1000,4;999,6;2666,1;16,5;7,2;17,9;15,1;8,2;6,5;60;47;54;98;3;1,6;
2026/04/28;1600 UTC;0;999,1;999,6;998,6;;18,6;7,6;19,5;17,4;8,5;6,8;100;39;46;164;3,1;1,1;
2026/04/28;1700 UTC;0;998,1;998,8;997,5;;20;6,6;20,8;19,4;8,1;5,3;100;28;35;164;3;1,5;
2026/04/28;1800 UTC;0;997,3;997,5;997,2;;20,7;6,3;20,9;20,5;7,1;5,8;100;25;78;200;2,6;1;
2026/04/28;1900 UTC;0;997,3;997,3;997,3;;;;;;;;100;100;100;291;2,1;1;
2026/04/28;2000 UTC;0;997,3;997,3;997,3;296,1;;;;;;;100;100;100;240;1,9;,8;
2026/04/28;2100 UTC;0;997,3;997,3;997,3;59,4;;;;;;;100;100;100;156;1,2;,4;
2026/04/28;2200 UTC;0;997,3;997,3;997,3;0;;;;;;;100;100;100;169;1,7;,9;
2026/04/28;2300 UTC;0;997,3;997,3;997,3;0;;;;;;;100;100;100;143;,6;,3;
2026/04/29;0000 UTC;0;997,3;997,3;997,3;0;;;;;;;100;100;100;265;1,9;,6;
2026/04/29;0100 UTC;0;997,2;997,6;996,8;0;9,8;6,2;10,4;9,3;6,7;5,6;86;77;82;260;1,5;,7;
2026/04/29;0200 UTC;0;997,7;998,1;997,5;0;9;6,2;9,2;8,8;6,7;5,8;88;85;86;295;1,3;,7;
2026/04/29;0300 UTC;0;997,6;997,8;997,4;0;8,4;6,2;8,9;8;6,4;5,9;92;86;89;212;1,1;,6;
2026/04/29;0400 UTC;0;997,4;997,8;997,1;0;7,9;6,1;8,2;7,6;6,3;5,8;93;89;91;261;1,6;,7;
2026/04/29;0500 UTC;;;;;;;;;;;;;;;;;;
2026/04/29;0600 UTC;;;;;;;;;;;;;;;;;;
2026/04/29;0700 UTC;;;;;;;;;;;;;;;;;;
2026/04/29;0800 UTC;;;;;;;;;;;;;;;;;;
2026/04/29;0900 UTC;;;;;;;;;;;;;;;;;;
2026/04/29;1000 UTC;0;995,6;996,1;995;0;7,3;7,2;7,4;7,2;7,3;7,1;100;99;99;271;2,1;1;
2026/04/29;1100 UTC;0;996,5;997,1;995,9;11,1;7,3;7,2;7,6;7,2;7,5;7;100;99;99;111;1,6;,7;
2026/04/29;1200 UTC;0;997,3;997,5;997;181,3;7,7;7,4;7,9;7,4;7,6;7,1;99;96;98;54;2,5;1,4;
2026/04/29;1300 UTC;0;997,2;997,6;996,7;934,7;8,8;7,4;10,3;8;7,9;7;97;84;93;193;2,6;1,2;
2026/04/29;1400 UTC;0;996,6;997,1;996,3;2185,4;12,5;8;14,5;9,7;8,9;7,1;91;70;78;81;2,8;1,4;
2026/04/29;1500 UTC;0;995,2;995,3;995,1;;18,5;10,6;18,5;18,4;10,9;10,4;62;60;61;89;2,2;1,2;
2026/04/29;1600 UTC;0;994,6;995,5;994,2;;20,1;11,5;21,4;18,5;12,5;10,6;100;54;59;131;2,4;1;
2026/04/29;1700 UTC;0;993,5;993,9;993,3;;23,6;13,3;24;23;13,6;13;52;46;49;191;2,4;1;
2026/04/29;1800 UTC;0;993,1;993,4;992,9;;24;12,7;24,3;23,5;13,5;12;100;39;45;179;5,2;1,4;
2026/04/29;1900 UTC;0;992,9;993,4;992,8;617,8;24,3;12,4;24,8;23,2;13,7;11;100;38;43;129;2,2;,9;
2026/04/29;2000 UTC;0;993,6;994;993,1;577,4;22,6;11,7;23,2;20,7;12,5;10,8;100;40;50;244;1,8;,9;
2026/04/29;2100 UTC;0;994,1;994,6;993,7;42;19,3;11;20,6;18,1;11,6;10,5;64;51;59;219;2,1;1,1;
2026/04/29;2200 UTC;0;994,7;995,1;994,3;0;17,2;10,7;18,1;16,2;11,3;10,2;73;62;67;251;1,7;,8;
2026/04/29;2300 UTC;0;995,2;995,6;994,9;0;15,3;10,9;16,3;14,6;11,2;10,4;82;71;78;279;1,4;,6;
2026/04/30;0000 UTC;0;995,3;995,7;995,1;0;14;10,8;14,6;13,4;10,9;10,6;87;80;84;225;1,2;,7;
2026/04/30;0100 UTC;0;995,5;995,8;995,2;0;12,9;10,8;13,5;12,4;10,9;10,6;93;86;89;290;,9;,5;
2026/04/30;0200 UTC;0;996;996,5;995,6;0;12,1;10,6;12,4;11,8;10,8;10,3;94;92;93;266;1,1;,6;
2026/04/30;0300 UTC;0;996,2;996,6;996;0;11,4;10,5;11,8;11,1;10,8;9,9;96;93;95;236;,9;,4;
2026/04/30;0400 UTC;0;996,9;997,5;996,5;0;10,8;10,3;11,1;10,6;10,5;10,1;99;96;98;308;1,3;,8;
2026/04/30;0500 UTC;0;997,1;997,6;996,9;0;10,4;10,2;10,7;10,1;10,8;9,6;100;97;99;312;1,5;1;
2026/04/30;0600 UTC;0;997,1;997,2;996,9;0;10,8;10,9;10,9;10,7;11;10,8;100;100;100;76;3,4;1,7;
2026/04/30;0700 UTC;0;996,9;997,2;996,7;0;10,9;11;11;10,8;11;10,9;100;100;100;140;1,6;,9;
2026/04/30;0800 UTC;0;997,1;997,4;996,9;0;10,8;10,9;11;10,5;11;10,6;100;100;100;240;2;1,2;
2026/04/30;0900 UTC;0;997,3;997,8;997,1;0;10,4;10,5;10,6;10,3;10,7;10,4;100;100;100;301;,8;,5;
2026/04/30;1000 UTC;0;997,7;998,2;997,3;0;10,5;10,6;10,6;10,4;10,7;10,5;100;100;100;108;,8;,3;
2026/04/30;1100 UTC;0;998,3;998,9;997,9;47,1;10,8;10,8;10,9;10,6;11;10,7;100;99;100;98;1,4;,8;
2026/04/30;1200 UTC;0;998,9;999,3;998,6;236,5;11,5;10,7;12,2;10,8;11,2;10,5;99;93;96;193;1,3;,5;
2026/04/30;1300 UTC;0;999,5;999,9;999,1;696,2;13,2;11,3;14,6;12,2;11,7;11;94;85;90;106;2,2;1,3;
2026/04/30;1400 UTC;0;999,3;999,7;998,8;2356,3;16,3;11,9;17,4;14,6;12,6;11,4;85;72;78;109;3,4;1,4;
2026/04/30;1500 UTC;0;998,5;999,1;998;2651,2;18,6;12,5;19,6;17,5;13,3;12;74;66;70;109;3,3;1,4;
2026/04/30;1600 UTC;0;997,5;998,3;996,9;2628,3;21,2;13,5;22,8;19,6;14,1;12,9;68;55;61;108;2,3;1,3;
2026/04/30;1700 UTC;0;996,4;997,1;995,8;2588,8;23,7;14;25,2;22,8;14,6;13,4;56;43;51;161;2,4;1,1;
2026/04/30;1800 UTC;0;995,5;996,2;995,1;2278,8;26,1;13,8;26,8;24,9;14,5;13,4;46;33;38;89;2,6;1,1;
2026/04/30;1900 UTC;0;995,2;995,5;995,1;;27,2;13,9;27,9;26,7;14,6;13,3;37;31;34;252;1,8;,9;
2026/04/30;2000 UTC;0;995,3;995,8;995,1;384,3;25,4;14,5;27,4;22,8;15;13,8;57;33;46;249;2;1;
2026/04/30;2100 UTC;0;995,6;996;995,4;37,5;21,7;14,2;22,8;20,9;14,6;13,8;67;56;63;217;1,6;,9;
2026/04/30;2200 UTC;0;996,1;996,6;995,7;0;20;13,8;21;18,8;14,4;13,5;73;66;69;128;1,3;,5;
2026/04/30;2300 UTC;0;996,6;996,9;996,3;;18;13,5;18,9;16,9;13,7;13,3;82;74;78;283;1,3;,5;
2026/05/01;0000 UTC;0;997,1;997,5;996,8;;16,4;13,3;16,9;15,9;13,4;13,2;87;82;84;296;1,1;,5;
2026/05/01;0100 UTC;0;997,3;997,8;997,1;;15,3;13,2;15,7;14,7;13,4;13,1;93;88;90;279;,9;,3;
2026/05/01;0200 UTC;0;997,5;997,8;997,3;;14,5;13,3;14,8;14,3;13,6;13,1;95;93;94;246;1,2;,5;
2026/05/01;0300 UTC;0;997,8;998,2;997,5;;14,2;13,1;14,4;14;13,3;12,9;96;93;95;304;1,6;,8;
2026/05/01;0400 UTC;0;997,6;998;997,4;;13,6;12,8;14,1;13,3;13,2;12,5;97;95;96;313;1,3;,7;
2026/05/01;0500 UTC;0;997,3;997,8;997;;13,1;12,6;13,3;12,9;12,8;12,4;98;96;97;320;2,2;1,4;
2026/05/01;0600 UTC;0;996,9;997,3;996,6;;13;12,6;13,2;12,8;12,8;12,3;99;97;98;279;2;,9;
2026/05/01;0700 UTC;0;996,4;997,1;995,9;;12,6;12,3;12,9;12,4;12,6;12,1;99;98;99;262;1,8;1;
2026/05/01;0800 UTC;0;996,2;996,6;995,9;;12,4;12,1;12,6;12,2;12,4;11,9;99;98;99;306;,9;,5;
2026/05/01;0900 UTC;0;996,4;996,8;996,1;;12,2;12,1;12,4;11,9;12,4;11,8;100;99;100;310;1,4;,8;
2026/05/01;1000 UTC;0;996,9;997,4;996,5;;12,2;12,2;12,4;12,1;12,4;12,1;100;100;100;312;2,2;1,3;
2026/05/01;1100 UTC;0;996,9;997,1;996,7;;12,7;12,7;13;12,4;13,1;12,4;100;100;100;245;2,4;1,2;
2026/05/01;1200 UTC;0;996,8;997;996,5;;14;13,4;15,5;12,9;14,1;13;100;89;97;160;2,6;1,5;
2026/05/01;1300 UTC;0;996,9;997,2;996,5;1802,2;18,5;14;20,1;15,6;14,7;13,2;89;70;78;80;2,1;1;
2026/05/01;1400 UTC;0;996,7;997,1;996,4;;21,6;15,1;24,1;19,4;16,2;14,2;100;59;68;186;2,4;1,2;
2026/05/01;1500 UTC;0;995,7;996,4;995,1;;25,9;16,9;28;24;17,8;15,8;100;48;57;83;2,8;1,2;
2026/05/01;1600 UTC;0;994,1;995,1;993;;28,5;18,2;29,2;27,5;18,8;17,3;100;46;49;49;6,5;3,6;
2026/05/01;1700 UTC;0;992,3;993,1;991,5;;29,2;18,8;29,6;28,8;19,4;18,3;50;46;48;88;4,9;1,9;
2026/05/01;1800 UTC;0;990,9;991,8;990,3;;30,7;19,9;32,1;29,5;20,7;19;49;43;46;165;4;1,7;
2026/05/01;1900 UTC;0;990,4;990,8;990,1;;31,5;20,1;32,6;30,6;21,1;19,4;45;40;43;304;4,6;2,1;
2026/05/01;2000 UTC;0;991,5;993,1;990,6;90,7;26,3;18,7;30,7;20,6;20;17,5;100;44;61;235;6,2;2,1;
2026/05/01;2100 UTC;1,6;993,7;994,3;993,2;17,3;19,9;17,7;20,6;19;18,2;17,3;95;84;89;254;2,9;1,1;
2026/05/01;2200 UTC;0;994;994,4;993,6;0;19;18,2;19,1;18,9;18,4;17,9;97;94;96;219;1,1;,6;
2026/05/01;2300 UTC;,2;993,2;993,9;992,8;0;18,9;18,4;18,9;18,8;18,5;18;98;96;98;300;2,7;1,4;
2026/05/02;0000 UTC;1;992,3;992,7;992;0;19;18,1;19,1;18,8;18,3;17,8;97;94;96;280;1,6;,9;
2026/05/02;0100 UTC;6,3;993,4;995,2;992,1;;18,9;18,1;19,1;18,7;18,4;17,9;98;94;96;188;6,4;1,5;
2026/05/02;0200 UTC;25,9;994,8;995,4;993,6;;18,5;18,2;18,7;18,4;18,3;18;100;96;99;227;3,7;2;
2026/05/02;0300 UTC;7,9;993,5;994,7;992,6;;18,5;18,4;18,6;18,4;18,4;18,3;100;99;99;302;3,2;1,5;
2026/05/02;0400 UTC;13,9;993,5;994,9;993;;18,6;18,5;18,7;18,5;18,6;18,4;100;99;100;275;2,5;1,1;
2026/05/02;0500 UTC;7,9;994,2;994,8;993,5;;18,6;18,6;18,6;18,6;18,7;18,6;100;100;100;109;2,3;,9;
2026/05/02;0600 UTC;6,5;993,4;994,3;992,1;;18,6;18,6;18,6;18,6;18,7;18,6;100;100;100;94;3,3;2,1;
2026/05/02;0700 UTC;1,2;992,2;992,9;991,5;;18,8;18,8;19,2;18,6;19,1;18,6;100;99;100;206;2,1;1,3;
2026/05/02;0800 UTC;0;992;992,6;991,5;;19;18,8;19;18,8;18,9;18,7;100;99;99;141;1,6;,8;
2026/05/02;0900 UTC;0;992,2;992,8;991,9;;18,7;18,6;18,8;18,6;18,7;18,5;100;99;100;296;2;1,1;
2026/05/02;1000 UTC;0;992,7;993,5;992,5;;18,6;18,5;18,6;18,4;18,6;18,4;100;99;100;314;1,7;1;
2026/05/02;1100 UTC;0;994,1;995,1;993,2;44,4;18,5;18,5;18,6;18,4;18,6;18,3;100;100;100;271;1,3;,5;
2026/05/02;1200 UTC;0;995,6;996;995,1;42;18,8;18,8;19,2;18,6;19,2;18,6;100;100;100;136;1,2;,3;
2026/05/02;1300 UTC;0;996,6;997,5;995,9;;19,5;19,3;19,8;19,2;19,5;19,2;100;97;99;211;1,3;,6;
2026/05/02;1400 UTC;0;997,5;998;997,2;797,3;20,2;19,7;20,7;19,8;20,1;19,5;99;95;98;120;1,9;1;
2026/05/02;1500 UTC;0;997,3;997,7;996,7;1056,4;21,5;19,7;22,3;20,7;20,2;19,1;95;85;91;85;2,2;1;
2026/05/02;1600 UTC;0;997,3;998;996,7;;23,3;19,4;24,2;22,4;20,5;18;100;74;83;132;4,2;1,8;
2026/05/02;1700 UTC;0;998;998,4;997,8;;22,9;17,7;23,2;22,7;18,9;16,5;100;69;77;133;5;2,2;
2026/05/02;1800 UTC;0;998,1;998,4;997,9;;22,6;16,3;22,8;22;17;15,8;100;66;70;199;3,6;1,2;
2026/05/02;1900 UTC;0;998,5;999;998,2;;21,8;16,3;22,1;21,6;16,9;15,9;100;69;74;196;2;,9;
2026/05/02;2000 UTC;0;999,2;999,7;998,7;365,6;21,2;16,1;21,5;20,9;16,7;15,6;100;72;75;174;2,6;1,2;
2026/05/02;2100 UTC;;;;;;;;;;;;;;;;;;
2026/05/02;2200 UTC;0;1000,2;1000,7;999,8;0;18,7;15,2;19,2;18,5;15,9;14,5;85;78;82;203;1,6;,7;
2026/05/02;2300 UTC;,2;1000,8;1001,4;1000,5;;18,2;14,8;18,5;17,6;15,5;13,9;88;78;83;155;4;1,3;
2026/05/03;0000 UTC;0;1001,4;1001,8;1001,1;;17,8;14,2;18,4;17,4;14,8;13,7;86;78;82;145;2,4;,9;
2026/05/03;0100 UTC;0;1002,2;1002,8;1001,6;;17,6;12,9;17,9;17,4;14,2;12,2;83;72;76;166;3;,9;
2026/05/03;0200 UTC;0;1002,9;1003,4;1002,4;;17,1;12,7;17,4;16,7;13,5;11;82;71;78;162;5,6;2,1;
2026/05/03;0300 UTC;0;1003,5;1003,9;1003,3;;15,8;10,3;16,7;15;11,4;9,5;75;69;72;191;2,8;1;
2026/05/03;0400 UTC;0;1003,8;1004,3;1003,6;;14,2;9,6;14,9;13,7;10,4;8,8;83;71;77;213;1,7;,6;
2026/05/03;0500 UTC;0;1004;1004,3;1003,8;;13,7;9,8;13,9;13,4;10,7;7,8;86;70;81;139;3,6;1,4;
2026/05/03;0600 UTC;0;1003,9;1004,4;1003,6;;12,7;7,7;13,7;11,8;8,8;6,4;83;67;75;188;1,5;,7;
2026/05/03;0700 UTC;0;1003,8;1004,1;1003,5;;11,2;7,8;11,8;10,6;9,1;6,6;91;75;83;269;1,2;,5;
2026/05/03;0800 UTC;0;1003,7;1003,9;1003,6;;10;8,3;10,6;9,4;8,7;7,7;94;86;91;236;1,1;,5;
2026/05/03;0900 UTC;0;1003,9;1004,2;1003,7;;9,1;7,9;9,3;8,8;8,3;7,2;96;92;94;281;1,9;,8;
2026/05/03;1000 UTC;0;1004,3;1004,7;1004;;8,3;7,4;8,9;8;7,7;7,2;96;93;95;245;,9;,4;
2026/05/03;1100 UTC;0;1004,8;1005;1004,5;;8,2;7,7;8,4;8;8,2;7,1;99;96;98;325;1,4;1;
2026/05/03;1200 UTC;0;1005,1;1005,4;1004,9;;9,8;8;11,7;8,3;8,4;7,5;99;81;91;67;1,9;1;
2026/05/03;1300 UTC;0;1005,4;1005,5;1005,1;1799,9;12,9;7,5;14,4;11,7;8,7;5;84;54;73;102;2,3;1,3;
2026/05/03;1400 UTC;0;1005;1005,3;1004,7;2320;14,8;5,8;15,8;14,1;7,2;4,8;61;49;55;151;3,1;1,5;
2026/05/03;1500 UTC;0;1004,3;1004,8;1003,8;2671,1;16,3;6,5;17;15,6;7,5;5,5;57;46;51;123;4,2;1,6;
2026/05/03;1600 UTC;0;1003,2;1004,1;1002,5;;17,6;7,1;18,4;16,5;8,9;5,9;54;42;47;79;3,8;2,1;
2026/05/03;1700 UTC;0;1002;1002,7;1001,5;;18,4;7,4;18,8;17,7;8,4;6,8;100;42;46;186;2,3;1,2;
2026/05/03;1800 UTC;0;1001,1;1001,5;1000,7;;19,2;7,6;19,9;18,6;8,9;0;100;;43;216;2,3;1,1;
2026/05/03;1900 UTC;0;1000,2;1000,6;999,7;;20,1;8,4;20,5;19,5;9,5;7,7;100;39;47;227;1,6;,7;
2026/05/03;2000 UTC;0;999,8;1000,1;999,6;170,6;19,1;9,6;20,3;17;10,4;8,8;100;43;55;234;2,5;1,1;
2026/05/03;2100 UTC;0;999,4;1000;999,1;40,6;15,6;9,6;17;14,5;10,5;8,3;77;62;70;232;2;1;
2026/05/03;2200 UTC;0;999,3;999,6;999;;13,8;9;14,5;13,2;10,2;8,3;83;70;76;162;2;1,2;
2026/05/03;2300 UTC;0;999,3;999,5;999,2;;12,4;9,5;13,4;11,7;9,8;8,9;90;77;85;184;1,3;,8;
2026/05/04;0000 UTC;0;999,4;999,8;999,2;;11,2;9,5;11,7;10,7;10,1;9,1;95;88;92;283;1,3;,5;
2026/05/04;0100 UTC;0;999,2;999,4;998,9;;10,5;9,4;10,6;10,2;9,6;9,2;96;94;95;271;1,6;,8;
2026/05/04;0200 UTC;0;999,4;999,6;999,1;;9,9;9,5;10,2;9,8;9,7;9,3;99;96;98;271;,9;,5;
2026/05/04;0300 UTC;0;999;999,4;998,7;;9,7;9,4;9,9;9,6;9,6;9,2;99;98;99;236;1,4;,5;
2026/05/04;0400 UTC;0;998,6;999,1;998,2;;9,9;10;10,2;9,7;10,2;9,6;100;100;100;228;2,2;1,2;
2026/05/04;0500 UTC;0;998,1;998,5;997,7;;10,1;10,1;10,2;10;10,2;10,1;100;100;100;213;2,1;1,3;
2026/05/04;0600 UTC;0;997,4;997,9;997;;10;10,1;10,2;9,9;10,2;9,9;100;100;100;237;1,6;,9;
2026/05/04;0700 UTC;0;996,8;997,2;996,5;;10;9,9;10,1;9,9;10;9,7;100;99;100;172;1,7;,8;
2026/05/04;0800 UTC;0;996,4;996,7;996,3;;10,1;10;10,3;10;10,2;9,8;100;99;99;298;2,3;1;
2026/05/04;0900 UTC;0;996,5;996,9;996,4;;10,3;10;10,4;10,2;10,2;9,8;100;98;99;225;1,6;,9;
2026/05/04;1000 UTC;0;996,7;997,1;996,3;;10,4;10,1;10,5;10,3;10,3;9,7;99;97;99;161;1,4;,9;
2026/05/04;1100 UTC;0;997,2;997,6;996,9;;10,6;10,4;10,8;10,4;10,6;10,3;99;98;99;187;1,5;,8;
2026/05/04;1200 UTC;0;997,5;997,8;997,1;;11,4;10,8;12,6;10,8;11,3;10,5;99;91;97;143;2,3;1;
2026/05/04;1300 UTC;;;;;;;;;;;;;;;;;;
2026/05/04;1400 UTC;;;;;;;;;;;;;;;;;;
2026/05/04;1500 UTC;;;;;;;;;;;;;;;;;;
2026/05/04;1600 UTC;;;;;;;;;;;;;;;;;;
2026/05/04;1700 UTC;;;;;;;;;;;;;;;;;;
2026/05/04;1800 UTC;;;;;;;;;;;;;;;;;;
2026/05/04;1900 UTC;;;;;;;;;;;;;;;;;;
2026/05/04;2000 UTC;;;;;;;;;;;;;;;;;;
2026/05/04;2100 UTC;;;;;;;;;;;;;;;;;;
2026/05/04;2200 UTC;;;;;;;;;;;;;;;;;;
2026/05/04;2300 UTC;;;;;;;;;;;;;;;;;;
2026/05/05;0000 UTC;;;;;;;;;;;;;;;;;;
2026/05/05;0100 UTC;0;996,4;996,6;996,2;;18,1;18,1;18,2;18,1;18,1;18;100;99;100;227;2,7;,7;
2026/05/05;0200 UTC;0;996,7;997;996,5;;18,1;18,1;18,1;18;18,1;18;100;100;100;226;1,9;1,1;
2026/05/05;0300 UTC;0;996,8;997,2;996,6;;18,1;18;18,2;18;18,2;18;100;100;100;295;1,3;,6;
2026/05/05;0400 UTC;0;996,9;997,1;996,7;;17,9;17,9;18;17,7;18;17,6;100;99;100;315;2,4;1,2;
2026/05/05;0500 UTC;0;997;997,3;996,8;;17,9;17,8;18;17,7;18;17,6;100;99;100;311;1,8;1;
2026/05/05;0600 UTC;0;996,7;997,1;996,4;;17,8;17,8;17,9;17,7;17,9;17,7;100;100;100;249;2,2;1,3;
2026/05/05;0700 UTC;0;996,4;996,8;996,2;;17,8;17,8;17,9;17,7;17,9;17,6;100;99;100;269;2,6;1,4;
2026/05/05;0800 UTC;0;996,3;996,6;996,2;;17,7;17,7;17,8;17,5;17,8;17,5;100;99;100;313;2;1,2;
2026/05/05;0900 UTC;0;996,6;997;996,3;;17,7;17,6;17,7;17,6;17,7;17,5;100;100;100;329;2,7;1,5;
2026/05/05;1000 UTC;0;997,2;997,8;996,8;;17,5;17,5;17,6;17,4;17,6;17,4;100;100;100;295;2;1,2;
2026/05/05;1100 UTC;0;997,9;998,4;997,5;;17,6;17,7;18;17,4;17,9;17,4;100;100;100;272;2,7;1,3;
2026/05/05;1200 UTC;0;998,4;998,7;998,1;517,5;18,8;17,9;19,7;18;18,3;17,5;99;91;96;222;2,9;1,5;
2026/05/05;1300 UTC;0;998,8;999,4;998,4;;20,6;18,3;21,8;19,6;19,3;17,6;93;82;89;140;2,7;1,5;
2026/05/05;1400 UTC;0;999,1;999,4;998,9;;22,9;19;24,1;21,9;20,1;18;100;74;83;226;2,6;1,6;
2026/05/05;1500 UTC;0;998,6;999;998,4;;25;19,6;26;24,1;20,5;19,1;100;69;74;223;1,8;,9;
2026/05/05;1600 UTC;0;998;998,4;997,5;;27,2;20,7;28;26;21,8;19,9;72;64;67;208;2,3;1,1;
2026/05/05;1700 UTC;0;997;997,6;996,4;;28,8;21,5;29,4;27,9;22,4;20,6;67;59;63;220;3,1;1,3;
2026/05/05;1800 UTC;0;996,1;996,7;995,8;;29,9;22;30,4;29,3;22,9;21,2;66;57;60;300;1,9;1;
2026/05/05;1900 UTC;0;995,9;996,1;995,8;;30,5;22,2;30,9;30,4;23,2;21,6;62;55;59;293;1,2;,7;
2026/05/05;2000 UTC;0;996;996,3;995,9;;29,4;22,3;30,9;26,7;23;21,8;77;57;64;280;1,4;,9;
2026/05/05;2100 UTC;;;;;;;;;;;;;;;;;;
2026/05/05;2200 UTC;0;996,4;996,8;996,1;0;24,2;21,1;25,3;23,2;21,6;20,9;100;79;86;238;1,1;,3;
2026/05/05;2300 UTC;;;;;;;;;;;;;;;;;;
2026/05/06;0000 UTC;0;996,9;997,4;996,6;0;21,9;20,7;22,4;21,4;20,8;20,5;96;92;94;303;1,5;,8;
2026/05/06;0100 UTC;0;997,2;997,5;996,9;0;21,1;20,4;21,4;20,9;20,6;20,2;98;95;96;304;2;,9;
2026/05/06;0200 UTC;0;997,4;997,8;997,3;0;20,5;20;20,9;20,3;20,2;19,8;99;96;97;301;1,3;,8;
2026/05/06;0300 UTC;;;;;;;;;;;;;;;;;;
2026/05/06;0400 UTC;0;997,4;997,7;997,2;0;19,8;19,5;20;19,6;19,6;19,4;99;98;98;96;2,4;1;
2026/05/06;0500 UTC;0;997,9;998,2;997,6;0;19,5;19,5;19,6;19,5;19,6;19,5;100;99;100;114;2,6;1,6;
2026/05/06;0600 UTC;0;998,3;998,7;998;0;19,4;19,4;19,5;19,3;19,5;19,3;100;100;100;100;2,1;1;
2026/05/06;0700 UTC;0;998,1;998,4;997,8;;19,2;19,3;19,3;19,2;19,3;19,2;100;100;100;176;2,3;1,4;
2026/05/06;0800 UTC;0;997,8;998,1;997,6;;19;19,1;19,2;18,9;19,2;18,9;100;100;100;103;3,1;1,2;
2026/05/06;0900 UTC;0;997,7;998,1;997,5;;18,9;18,9;18,9;18,8;19;18,9;100;100;100;189;2,5;1,2;
2026/05/06;1000 UTC;0;997,9;998,3;997,7;;18,7;18,8;18,8;18,6;18,9;18,7;100;100;100;301;2;1,2;
2026/05/06;1100 UTC;0;998,3;999;997,9;88,9;18,6;18,7;18,8;18,6;18,8;18,6;100;100;100;250;1,8;,8;
2026/05/06;1200 UTC;0;998,9;999,3;998,7;89,7;19,5;18,7;20,2;18,8;19,2;18,2;100;91;96;190;2,1;1,3;
2026/05/06;1300 UTC;0;999;999,4;998,8;;21,2;18,8;22;20,2;19,3;18,4;93;82;88;284;2,4;1,6;
2026/05/06;1400 UTC;;;;;;;;;;;;;;;;;;
2026/05/06;1500 UTC;0;997,5;998,1;997;;25,9;20,2;27,4;24,3;21,2;19,4;100;65;73;129;2,2;,9;
2026/05/06;1600 UTC;0;996,4;997,2;995,8;;28,4;21,4;29,5;27,1;22,3;20,5;70;61;65;190;2,3;,9;
2026/05/06;1700 UTC;0;995;995,8;994,3;;30,1;22,3;30,8;29,4;23,2;21,7;66;58;61;137;1,6;,6;
2026/05/06;1800 UTC;0;994,1;994,6;993,8;;30,9;22,8;31,3;30,1;23,7;21,7;66;54;59;261;3,9;1,4;
2026/05/06;1900 UTC;0;993,6;993,8;993,4;;31,1;22;31,9;30,1;22,9;20,8;58;50;54;289;1;,5;
2026/05/06;2000 UTC;0;993,3;993,5;993,1;;30;22,6;31,7;28;23,4;21,7;75;53;63;193;,8;,3;
2026/05/06;2100 UTC;;;;;;;;;;;;;;;;;;
2026/05/06;2200 UTC;0;993,2;993,6;993;;25,3;21,1;26;24,4;21,5;20,7;100;74;82;172;,8;,3;
2026/05/06;2300 UTC;;;;;;;;;;;;;;;;;;
2026/05/07;0000 UTC;0;993,6;993,9;993,4;;22,7;20,8;23,1;22,2;21,1;20,6;100;88;91;304;1,2;,6;
2026/05/07;0100 UTC;0;993,5;993,8;993,3;;22,1;20,7;22,3;22;21;20,4;94;91;93;310;2,3;1;
2026/05/07;0200 UTC;0;993,4;993,7;993,1;;21,6;20,6;22;21,3;20,7;20,5;96;93;95;303;2,1;1,2;
2026/05/07;0300 UTC;0;993,1;993,3;992,8;;21,2;20,4;21,5;21;20,5;20,3;97;95;96;313;1,6;,9;
2026/05/07;0400 UTC;0;992,6;993,1;992,3;;20,8;20,2;21,2;20,6;20,3;20;98;95;97;286;1,2;,6;
2026/05/07;0500 UTC;0;991,9;992,5;991,5;;20,5;20;20,6;20,1;20,1;19,6;98;97;98;312;1,4;,8;
2026/05/07;0600 UTC;0;991,1;991,6;990,5;;20,1;19,8;20,3;19,9;20;19,6;99;97;99;301;1,5;,8;
2026/05/07;0700 UTC;0;990,1;990,6;989,6;0;20,1;19,5;20,4;19,9;19,7;19,2;98;96;97;315;1,8;1;
2026/05/07;0800 UTC;0;989,3;989,9;988,9;;20;19,1;20,4;19,7;19,3;18,9;98;94;96;302;2,8;1,3;
2026/05/07;0900 UTC;0;988,7;989,2;988,4;;19,9;18,9;20,2;19,7;19,1;18,6;97;93;95;286;2,2;1;
2026/05/07;1000 UTC;0;988,6;988,9;988,3;;19,7;18,6;20;19,4;18,7;18,5;96;93;95;307;1,6;,9;
2026/05/07;1100 UTC;0;988,6;988,9;988,3;;19,3;18,7;20,1;19;18,9;18,4;99;93;97;214;1,6;,9;
2026/05/07;1200 UTC;0;988,9;989,3;988,5;;19,9;18,9;20,5;19,6;19,2;18,2;97;88;95;280;1,7;1,1;
2026/05/07;1300 UTC;0;989,3;989,9;988,9;;20,8;19,3;22,1;19,7;20;18,6;97;85;93;250;2;,9;
2026/05/07;1400 UTC;0;988,2;989;987,4;;22,9;19,4;24,1;21,7;20,3;18,6;90;76;83;204;1,3;,6;
2026/05/07;1500 UTC;0;986,6;987,8;985,5;;26,7;20;29,6;23,9;21;18,2;83;53;66;106;6,6;2,3;
2026/05/07;1600 UTC;0;984,7;985,8;984,1;;31,1;20,2;31,7;29,4;21,6;19,3;60;39;46;203;13,3;6,6;
2026/05/07;1700 UTC;0;983,7;984,5;982,9;;31,3;19,6;31,9;30,6;20,3;18,9;45;37;42;221;9,6;3,6;
2026/05/07;1800 UTC;0;983;983,6;982,5;;31,8;19,6;33;30,8;20,8;18,7;100;36;40;289;11,6;5,3;
2026/05/07;1900 UTC;0;982,6;983;982,4;;31,3;19,7;31,9;30,7;20,4;18,8;45;40;42;203;8,2;3,1;
2026/05/07;2000 UTC;0;982,3;982,6;981,9;;30,8;19,4;31,8;29,5;20,7;18,4;48;40;43;281;5,2;2,4;
2026/05/07;2100 UTC;;;;;;;;;;;;;;;;;;
2026/05/07;2200 UTC;0;982,6;983;982,4;;27,4;17,7;28,1;26,2;18,4;17,2;100;48;56;302;2;,9;
2026/05/07;2300 UTC;0;982,2;982,4;982;;25,9;17,3;26,4;25,3;17,8;16,9;100;54;59;159;2,2;,7;
2026/05/08;0000 UTC;0;982;982,4;981,7;;26;17,1;27,2;24,9;17,7;16,5;100;49;57;129;2,9;1,4;
2026/05/08;0100 UTC;0;982,3;983;982;;26,4;17,1;27;26,2;17,6;16,8;100;51;57;165;2,3;1,4;
2026/05/08;0200 UTC;0;982,7;984,8;982;;26,4;17,1;27,2;25,4;17,6;16,1;100;50;56;244;14,6;3,3;
2026/05/08;0300 UTC;;;;;;;;;;;;;;;;;;
2026/05/08;0400 UTC;0;983,9;984,6;983,4;0;19,5;17,4;20;19,2;18;16,5;94;83;90;276;3,8;1,5;
2026/05/08;0500 UTC;1,4;983,8;984,2;983,3;0;19,5;17,7;20,9;18,9;18,4;16,4;97;79;91;253;2,1;1,1;
2026/05/08;0600 UTC;,6;984;984,6;983,1;0;19,2;18,4;20,2;18,9;18,7;17,3;99;87;96;232;6,2;1,4;
2026/05/08;0700 UTC;1,4;984,9;985,9;983,3;,1;17,8;15,4;20;16,4;18,4;13,1;93;84;88;208;3,9;1;
2026/05/08;0800 UTC;0;986;986,6;985,3;0;15,8;13,8;16,3;15,6;14,5;12,9;93;85;90;291;2,8;1;
2026/05/08;0900 UTC;0;987,2;987,9;986,4;;16,1;12,4;16,4;15,8;13,9;11,3;90;76;81;248;3,8;1,3;
2026/05/08;1000 UTC;0;988,2;988,8;987,8;;15,6;11,2;16;15,1;12,3;10,2;86;73;78;267;2,8;1,2;
2026/05/08;1100 UTC;0;989,6;990,1;989,2;;15,4;10,6;15,5;15,2;11,6;9,9;81;72;76;179;4,5;1,6;
2026/05/08;1200 UTC;;;;;;;;;;;;;;;;;;
2026/05/08;1300 UTC;0;989,9;990,3;989,7;;17,4;10;18,6;16,1;11,4;8,8;69;57;63;176;7;2,9;
2026/05/08;1400 UTC;0;990,1;990,4;989,9;;18,6;9,8;19,3;17,8;11,2;8,7;64;49;56;278;6,3;3,2;
2026/05/08;1500 UTC;0;989,9;990,4;989,5;;19,7;8,9;20,3;18,7;10,2;7,6;100;38;47;214;7,5;3,1;
2026/05/08;1600 UTC;0;989;989,8;988,3;;20,5;8,3;21,4;20;9,2;7,5;100;34;43;223;4,5;1,9;
2026/05/08;1700 UTC;0;988,3;988,6;988,1;;21,6;8,5;22,3;20,9;10,1;7,3;100;30;48;226;5,6;3;
2026/05/08;1800 UTC;0;988,1;988,5;987,9;;22;8,7;22,3;21,7;9,6;7,8;100;29;43;183;6,1;2,7;
2026/05/08;1900 UTC;0;988,5;988,8;988,2;;21,3;8,1;21,8;20,9;9,2;7,4;100;29;40;228;5,8;1,8;
2026/05/08;2000 UTC;0;988,7;989,1;988,4;86,3;20,1;8,1;21,3;18,2;9,6;7,4;100;34;43;279;2,7;1;
2026/05/08;2100 UTC;0;988,6;989,1;988,3;75,5;17,5;7,9;18,5;16,7;9,5;6,2;64;42;52;271;2,1;1,2;
2026/05/08;2200 UTC;0;989,2;989,9;988,6;0;16,6;7,8;17,3;16,1;9,2;6,2;62;46;56;154;1,2;,5;
2026/05/08;2300 UTC;0;990,1;990,8;989,4;0;15,9;8,2;16,3;15,2;9,8;5,9;73;48;62;207;1,6;,7;
2026/05/09;0000 UTC;0;991;991,5;990,5;0;15,1;8,7;15,7;14,7;9,9;5,3;75;51;68;212;1,4;,6;
2026/05/09;0100 UTC;0;991,2;991,4;990,9;0;14,4;8,4;15;13,9;9,7;5,2;76;54;70;229;1,3;,5;
2026/05/09;0200 UTC;0;991,7;992,2;991,3;0;13,1;7,9;13,9;12,7;9,4;5,6;80;64;74;173;1,3;,6;
2026/05/09;0300 UTC;0;992,4;992,9;991,9;0;11,7;7,5;12,7;11,2;8,8;6,3;88;68;79;221;1,4;,5;
2026/05/09;0400 UTC;0;992,9;993,4;992,4;0;10,7;8,2;11,2;10,2;8,7;6,9;92;80;87;256;1,5;,9;
2026/05/09;0500 UTC;0;993,5;993,9;993,3;0;9,8;8,4;10,3;9,5;8,8;7,9;96;89;93;295;1,4;,6;
2026/05/09;0600 UTC;0;994;994,6;993,3;0;9,3;8,6;9,5;9,1;8,7;8,4;97;96;96;222;1,4;,6;
2026/05/09;0700 UTC;;;;;;;;;;;;;;;;;;
2026/05/09;0800 UTC;0;995,2;995,4;995;0;8,5;8,1;8,7;8,3;8,5;7,8;99;97;98;243;1,4;,8;
2026/05/09;0900 UTC;0;995,4;995,8;995,1;0;8,2;8;8,5;8;8,5;7,6;100;98;99;220;,9;,3;
2026/05/09;1000 UTC;0;996,4;996,8;995,6;0;8,4;8,4;8,5;8,2;8,6;8,1;100;100;100;283;1,4;,7;
2026/05/09;1100 UTC;0;997,2;998;996,8;89,8;8,3;8;8,5;8,1;8,3;7,3;100;95;98;192;1,2;,4;
2026/05/09;1200 UTC;0;998;998,5;997,8;601,5;8,8;7,6;10;8,4;8,1;7,2;98;86;94;157;2,6;1,4;
2026/05/09;1300 UTC;0;998,7;999,1;998,3;1035,5;10,9;7,5;11,7;10;8,5;6,8;89;78;83;44;2,1;1,1;
2026/05/09;1400 UTC;0;998,8;999,1;998,6;1127,9;11,6;7,5;13;10,8;8,4;6,6;86;70;80;147;1,4;,7;
2026/05/09;1500 UTC;0;998,5;999;997,9;1285,5;13,6;6,3;14,4;12,7;7,6;5,1;74;54;64;115;2,7;1,1;
2026/05/09;1600 UTC;0;997,8;998,2;997,5;1021,8;14,9;5,6;15,4;14,3;6,9;4,8;62;48;54;136;4,8;2,3;
2026/05/09;1700 UTC;0;997,3;997,5;997,1;407,7;14,6;5,9;15;14,3;6,9;4,9;63;52;57;278;2;,9;
2026/05/09;1800 UTC;0;997,1;997,4;996,8;463;14,5;6,8;14,6;14,3;7,8;6;67;58;62;289;1,9;1;
2026/05/09;1900 UTC;0;997;997,6;996,6;573;15;6,6;15,2;14,6;7,4;5,8;63;54;58;218;2,7;,8;
2026/05/09;2000 UTC;0;997,1;997,6;996,9;281;14,4;7,5;15;13,9;8,2;6,6;71;59;65;296;1,8;,9;
2026/05/09;2100 UTC;0;997,2;997,8;997,1;51,7;13,3;7,1;13,9;12,8;8,1;6,2;74;64;69;289;2,1;1,2;
2026/05/09;2200 UTC;0;998,1;998,6;997,6;0;11,9;6,2;12,8;10,9;7,4;5,6;80;65;72;198;,8;,3;
2026/05/09;2300 UTC;;;;;;;;;;;;;;;;;;
2026/05/10;0000 UTC;0;999,6;1000;999,3;;9,5;6,6;10,1;9,1;7,3;5,5;90;77;85;208;2,8;1,1;
2026/05/10;0100 UTC;0;;999,9;999,8;;8,7;1,5;9,2;8,4;7,2;6,9;97;89;93;237;1,3;,6;
2026/05/10;0200 UTC;0;1000,9;1001,3;999,7;;8,4;7,1;8,8;8;7,8;6,7;97;90;93;240;,9;,4;
2026/05/10;0300 UTC;0;1001,8;1002,2;1001,3;;8,2;7,2;8,6;7,9;7,6;7;96;93;95;220;,8;,3;
2026/05/10;0400 UTC;0;1002,1;1002,3;1001,9;;8,5;7,7;8,6;8,3;7,9;7,5;97;95;96;297;1,3;,9;
2026/05/10;0500 UTC;0;1002,2;1002,7;1002;;8,1;7,4;8,3;7,7;7,9;7;98;95;97;122;,7;,4;
2026/05/10;0600 UTC;0;1002,3;1002,6;1002,1;;8,2;7,9;8,6;8,1;8,2;7,2;99;94;98;187;1,4;,8;
2026/05/10;0700 UTC;0;1001,7;1002,1;1001,5;;8,5;8;8,6;8,4;8,2;7,5;98;95;97;232;1;,5;
2026/05/10;0800 UTC;0;1001,3;1001,5;1001,1;;8,5;8,1;8,6;8,5;8,2;8;98;97;98;260;,8;,4;
2026/05/10;0900 UTC;0;1001,5;1001,7;1001,2;;8,8;7,6;8,9;8,6;8,2;6,6;98;89;94;230;,7;,3;
2026/05/10;1000 UTC;0;1002;1002,3;1001,6;;9;6,1;9,2;8,8;7,3;5,2;92;81;86;286;2,2;,9;
2026/05/10;1100 UTC;0;1002,7;1003,1;1002,3;;9,1;5,9;9,3;8,9;6,7;5,1;88;81;84;138;1,8;,7;
2026/05/10;1200 UTC;;;;;;;;;;;;;;;;;;
2026/05/10;1300 UTC;0;1002,8;1003;1002,6;;11,7;5,8;12,8;10;7;5,1;76;65;70;99;2,8;1,3;
2026/05/10;1400 UTC;0;1002,8;1003,2;1002,6;;12,5;5,5;13,3;12;6,7;4,4;69;60;65;187;5,1;1,9;
2026/05/10;1500 UTC;0;1002,7;1003,2;1002,2;;12,8;5,2;13,7;12,5;6,4;4,6;66;57;62;164;4,1;1,8;
2026/05/10;1600 UTC;0;1002;1002,5;1001,5;;13,4;5,5;14,2;12,9;6,2;4,9;65;55;60;170;5;1,5;
2026/05/10;1700 UTC;0;1001,2;1002;1000,8;;13,9;5,6;14,6;13,1;6,5;4,6;66;51;58;180;3,5;1,4;
2026/05/10;1800 UTC;0;1000,8;1001,2;1000,6;;14,3;4,7;15,1;13,6;5,8;4;58;47;52;193;3;1,3;
2026/05/10;1900 UTC;0;1000,9;1001,2;1000,6;;14,4;5,1;15,4;13,8;6,2;4,5;56;48;53;108;3,6;1,4;
2026/05/10;2000 UTC;0;1001;1001,3;1000,7;;14,4;4,9;15,6;13,2;5,9;4,3;63;45;53;216;3,2;,8;
2026/05/10;2100 UTC;0;1001,2;1001,6;1001;;11,9;5,4;13,3;11,1;6,9;3,8;77;56;67;288;2,8;1;
2026/05/10;2200 UTC;0;1001,5;1002;1001;;10,7;4,7;11,7;9,6;5,8;3,4;79;60;70;191;1;,5;
2026/05/10;2300 UTC;;;;;;;;;;;;;;;;;;
2026/05/11;0000 UTC;0;1002,9;1003,3;1002,5;;8;6;8,4;7,7;6,3;5,5;92;86;90;135;1,4;,7;
2026/05/11;0100 UTC;0;1003,5;1003,8;1003,1;;7,2;6;7,6;7;6,2;5,8;96;91;94;304;1,3;,7;
2026/05/11;0200 UTC;0;1003,4;1003,6;1003,2;;6,9;6,1;7,1;6,6;6,4;5,8;97;95;96;208;,9;,3;
2026/05/11;0300 UTC;0;1003,6;1003,9;1003,3;;6,3;5,9;6,6;6,1;6,1;5,7;99;96;98;310;,9;,4;
2026/05/11;0400 UTC;0;1003,1;1003,4;1002,9;;6;5,9;6,1;5,9;6,1;5,6;100;98;100;288;1,4;,9;
2026/05/11;0500 UTC;0;1003;1003,3;1002,6;;6;6;6,1;5,8;6,2;5,9;100;100;100;125;1,2;,4;
2026/05/11;0600 UTC;0;1002,7;1003,1;1002,4;;5,8;5,8;5,9;5,6;5,9;5,6;100;100;100;309;2,2;1,3;
2026/05/11;0700 UTC;0;1002,4;1002,6;1002,1;;5,7;5,8;5,8;5,6;5,8;5,6;100;100;100;279;1,1;,5;
2026/05/11;0800 UTC;0;1002,2;1002,6;1001,8;;5,8;5,8;5,9;5,7;5,9;5,7;100;100;100;79;1,4;,7;
2026/05/11;0900 UTC;0;1002,4;1002,6;1002,1;;5,6;5,7;5,8;5,4;5,8;5,5;100;100;100;102;2,4;,9;
2026/05/11;1000 UTC;0;1002,7;1003,1;1002,5;;5,5;5,5;5,6;5,4;5,6;5,5;100;100;100;115;1,8;1;
2026/05/11;1100 UTC;0;1003;1003,4;1002,7;;5,5;5,5;5,6;5,4;5,6;5,4;100;100;100;;;;
2026/05/11;1200 UTC;;;;;;;;;;;;;;;;;;
2026/05/11;1300 UTC;0;1003,9;1004,3;1003,6;;7,3;5,4;9;6,3;6;4,7;97;82;90;;;;
2026/05/11;1400 UTC;0;1003,4;1003,9;1003;;10,3;5,4;12,1;9,1;6,3;4,9;84;66;76;;;;
2026/05/11;1500 UTC;0;1002,8;1003,1;1002,4;;13,4;5,7;15,2;12;6,3;5,3;71;51;61;;;;
2026/05/11;1600 UTC;0;1002;1002,7;1001,5;;16;5,7;16,5;15;6,5;5,1;54;45;49;;;;
2026/05/11;1700 UTC;0;1001,1;1001,8;1000,8;;17,3;5,9;18;16,3;6,3;5,3;48;39;43;;;;
2026/05/11;1800 UTC;0;1000,6;1001;1000,3;;18,2;5,8;18,7;17,6;6,5;5;41;35;38;;;;
2026/05/11;1900 UTC;0;1000,5;1000,9;1000,4;;18,7;6,1;19;18,4;7;5,6;42;35;37;;;;
2026/05/11;2000 UTC;0;1000,7;1001,1;1000,5;;17,6;6,8;19;14,7;8;5,4;65;36;46;;;;
2026/05/11;2100 UTC;0;1000,9;1001,2;1000,7;;13,9;5,9;14,7;12,7;6,9;4,6;66;52;60;;;;
2026/05/11;2200 UTC;0;1001,4;1001,9;1000,9;;12;5,7;12,7;11,2;6,6;4,8;77;61;69;;;;
2026/05/11;2300 UTC;;;;;;;;;;;;;;;;;;
2026/05/12;0000 UTC;0;1002,1;1002,4;1001,9;;9,4;6,7;9,9;8,9;7;6,2;90;82;86;;;;
2026/05/12;0100 UTC;0;1002,4;1002,5;1002,3;;8,6;6,7;8,8;8,3;7;6,5;92;89;91;324;1,8;1,1;
2026/05/12;0200 UTC;0;1002,6;1003;1002,4;;7,9;6,6;8,3;7,5;6,8;6,5;96;92;94;264;1,3;,8;
2026/05/12;0300 UTC;0;1002,4;1002,6;1002,3;;7,3;6,4;7,5;7,1;6,6;6,1;97;94;95;300;1,5;,7;
2026/05/12;0400 UTC;0;1002,4;1002,8;1002,1;;6,6;6;7;6,3;6,2;5,8;98;95;97;306;1,7;,8;
2026/05/12;0500 UTC;0;1002;1002,2;1001,8;;6,4;6,2;6,5;6,3;6,4;6,1;100;99;99;247;1,3;,8;
2026/05/12;0600 UTC;0;1001,6;1002;1001,2;;6,3;6,3;6,4;6,2;6,5;6,1;100;100;100;131;3,3;1,8;
2026/05/12;0700 UTC;0;1001,1;1001,4;1000,9;;6,4;6,5;6,5;6,3;6,6;6,4;100;100;100;71;2,9;1,3;
2026/05/12;0800 UTC;0;1001;1001,4;1000,7;;6,3;6,3;6,5;6,1;6,5;6,1;100;100;100;158;1,6;,9;
2026/05/12;0900 UTC;0;1001,2;1001,7;1001;;6,2;6,1;6,3;6,1;6,3;5,8;100;99;99;176;2;,6;
2026/05/12;1000 UTC;0;1001,5;1002,1;1001,2;;5,7;5,3;6,1;5,2;5,8;4,8;99;98;98;251;2,3;1,2;
2026/05/12;1100 UTC;0;1001,8;1002,1;1001,6;;5,3;4,8;5,9;5;5,3;4,6;99;94;98;160;1,6;,8;
2026/05/12;1200 UTC;0;1002,1;1002,2;1001,9;;7,3;4,8;8,6;5,9;5,3;4,3;94;82;87;130;2,5;1,5;
2026/05/12;1300 UTC;0;1002;1002,3;1001,8;;9,9;5,2;10,9;8,6;5,8;4,7;84;71;77;151;3,1;1,3;
2026/05/12;1400 UTC;0;1001,5;1002,2;1001;;12,3;5,7;13,6;11,1;6,4;5;73;62;67;68;2,8;1,3;
2026/05/12;1500 UTC;0;1000,3;1001;999,7;;15,4;6,9;16,7;13,5;7,7;5,9;64;51;58;137;3,2;,8;
2026/05/12;1600 UTC;0;999,1;999,8;998,4;;17,9;8;19;16,6;8,8;7,4;56;45;51;109;2,5;1,3;
2026/05/12;1700 UTC;0;997,8;998,4;997,3;;20,2;8,9;21,2;18,9;9,6;7,9;100;39;50;73;1,9;1,2;
2026/05/12;1800 UTC;0;997,1;997,6;996,7;;21,7;9,8;22,5;21,2;10,4;9;100;37;49;166;2,1;,6;
2026/05/12;1900 UTC;0;996,5;996,8;996,2;;22,6;11,1;23;22,4;11,9;10,3;45;39;42;216;1,2;,6;
2026/05/12;2000 UTC;0;996;996,4;995,7;;21,1;11,4;23,1;17,6;12,3;9,7;100;41;58;202;1,2;,4;
2026/05/12;2100 UTC;0;995,8;996,2;995,7;;16,7;9,5;17,6;15,6;11,1;8,6;69;60;64;140;1;,4;
2026/05/12;2200 UTC;0;996,1;996,4;995,9;;14,5;8;15,6;13,5;9,1;7;72;63;67;291;1,1;,6;
2026/05/12;2300 UTC;;;;;;;;;;;;;;;;;;
2026/05/13;0000 UTC;0;997;997,3;996,7;;10,9;7,1;11,9;10,3;7,7;6,3;86;74;81;281;1,4;,8;
2026/05/13;0100 UTC;0;997,4;997,7;997,1;;10,1;7,7;10,8;9,6;8,1;6,9;92;81;88;300;1,7;,9;
2026/05/13;0200 UTC;0;997,8;998,2;997,5;;9,7;7,9;10,2;9,3;8,4;7;94;85;91;315;1,8;1;
2026/05/13;0300 UTC;0;998,2;998,6;997,9;;8,9;7,7;9,3;8,6;8,2;7,2;96;92;94;311;1,8;,8;
2026/05/13;0400 UTC;0;998,5;998,9;998,4;;8,3;7,4;8,8;7,9;7,8;6,8;98;94;96;215;1,8;,5;
2026/05/13;0500 UTC;;;;;;;;;;;;;;;;;;
2026/05/13;0600 UTC;0;998,7;998,8;998,5;;7,3;7,1;7,4;7,1;7,4;6,7;100;98;99;282;1,8;1;
2026/05/13;0700 UTC;0;998,1;998,5;997,8;;7,3;7,3;7,4;7,2;7,4;7,2;100;100;100;184;4,2;1,9;
2026/05/13;0800 UTC;0;998,4;998,8;998,2;;7,2;7,3;7,3;7,1;7,3;7,2;100;100;100;232;3,4;1,5;
2026/05/13;0900 UTC;0;998,7;999;998,4;;7,1;7,1;7,2;7;7,3;7;100;100;100;117;3,3;1,4;
2026/05/13;1000 UTC;0;999,4;1000;999;;7;7;7,1;6,9;7,1;6,7;100;99;100;119;2,4;1,4;
2026/05/13;1100 UTC;0;999,9;1000,5;999,4;;7;6,7;7,1;6,9;6,9;6,5;100;97;99;87;3,2;1,3;
2026/05/13;1200 UTC;;;;;;;;;;;;;;;;;;
2026/05/13;1300 UTC;;;;;;;;;;;;;;;;;;
2026/05/13;1400 UTC;;;;;;;;;;;;;;;;;;
2026/05/13;1500 UTC;;;;;;;;;;;;;;;;;;
2026/05/13;1600 UTC;;;;;;;;;;;;;;;;;;
2026/05/13;1700 UTC;;;;;;;;;;;;;;;;;;
2026/05/13;1800 UTC;;;;;;;;;;;;;;;;;;
2026/05/13;1900 UTC;;;;;;;;;;;;;;;;;;
2026/05/13;2000 UTC;;;;;;;;;;;;;;;;;;
2026/05/13;2100 UTC;;;;;;;;;;;;;;;;;;
2026/05/13;2200 UTC;;;;;;;;;;;;;;;;;;
2026/05/13;2300 UTC;;;;;;;;;;;;;;;;;;
2026/05/14;0000 UTC;;;;;;;;;;;;;;;;;;
2026/05/14;0100 UTC;0;997,8;998,3;997,6;;10,9;9,6;11,1;10,6;10;9,3;95;93;94;295;1,2;,7;
2026/05/14;0200 UTC;0;997,7;998,2;997,4;;10,2;9,5;10,6;9,9;9,7;9,2;98;94;96;320;1,8;1,1;
2026/05/14;0300 UTC;0;997,5;997,7;997,3;;9,6;9,2;9,9;9,3;9,6;8,9;99;97;98;313;1,5;1;
2026/05/14;0400 UTC;0;997,3;997,6;997;;9,4;9,4;9,5;9,3;9,5;9,2;100;99;100;291;1,3;,8;
2026/05/14;0500 UTC;0;997;997,3;996,8;;9,4;9,5;9,5;9,3;9,6;9,3;100;100;100;84;3,2;1,8;
2026/05/14;0600 UTC;0;997;997,2;996,7;;9,3;9,3;9,4;9,1;9,4;9,2;100;100;100;179;2,6;1,6;
2026/05/14;0700 UTC;0;996,8;997;996,7;;9,1;9,2;9,2;9;9,3;9,1;100;100;100;53;3,1;1,7;
2026/05/14;0800 UTC;0;997,2;997,6;996,7;;9,1;8,8;9,2;8,9;9,1;8,6;100;98;99;213;2,3;1,1;
2026/05/14;0900 UTC;0;997,9;998,3;997,6;;8,9;8,6;9;8,8;8,8;8,5;99;98;99;113;1,6;,9;
2026/05/14;1000 UTC;0;998,3;998,7;998;;8,7;8,3;8,9;8,5;8,5;8;98;98;98;179;2;1,1;
2026/05/14;1100 UTC;0;999,1;999,6;998,6;;8,5;8;8,6;8,4;8,2;7,7;98;96;98;117;1,8;1,2;
2026/05/14;1200 UTC;0;999,7;1000,1;999,4;;9,1;7,7;9,6;8,6;8,1;7,2;96;89;93;95;3,1;1,6;
2026/05/14;1300 UTC;0;1000;1000,2;999,8;;10,7;7,6;12,5;9,6;8,2;7,2;91;76;84;91;3,1;1,4;
2026/05/14;1400 UTC;0;999,9;1000,3;999,6;;13,3;8,1;14,6;12,1;9;7,6;81;69;74;91;2,8;1,3;
2026/05/14;1500 UTC;0;999;999,5;998,6;;15,8;8,9;17,2;14,5;9,8;8,1;70;60;65;103;2,3;1;
2026/05/14;1600 UTC;0;998;999;997,4;;18,6;10,3;19,5;17,5;10,8;9,5;63;56;59;99;2,1;1;
2026/05/14;1700 UTC;0;996,9;997,5;996,3;;20,7;11,4;21,5;19,6;12,1;10,8;100;50;58;117;3,2;1,2;
2026/05/14;1800 UTC;0;996,2;996,5;996;;22,1;11,5;22,6;21,5;12;11;100;44;51;142;3,1;1,1;
2026/05/14;1900 UTC;0;996,3;997,1;995,9;;21,8;11,1;22,8;19,8;11,7;10,2;100;41;49;258;2,1;1;
2026/05/14;2000 UTC;0;996,9;997,3;996,8;;19;11,1;19,8;18,2;11,7;10,5;68;54;61;252;2,6;1,1;
2026/05/14;2100 UTC;0;997,2;997,9;996,9;;17,1;11,6;18,2;16,2;12;11,1;78;65;73;273;1,4;,8;
2026/05/14;2200 UTC;0;997,8;998,3;997,5;;16,3;11,7;16,6;15,8;12,1;11,3;81;74;77;254;1,4;,5;
2026/05/14;2300 UTC;0;998,2;998,5;997,9;;15,5;11,9;15,9;14,9;12,2;11,6;85;79;82;181;1,7;,5;
2026/05/15;0000 UTC;0;998,6;998,9;998,3;;14;11,8;14,9;13,5;12;11,6;92;84;89;197;1;,3;
2026/05/15;0100 UTC;0;999,1;999,6;998,7;;13,2;11,8;13,4;12,6;12;11,5;94;92;93;214;1,2;,6;
2026/05/15;0200 UTC;;;;;;;;;;;;;;;;;;
2026/05/15;0300 UTC;0;999,5;1000;999,3;;12,6;11,7;12,7;12,5;12;11,6;97;95;96;127;,8;,3;
2026/05/15;0400 UTC;0;999,5;999,8;999,3;;12,8;12;13,1;12,6;12,2;11,7;97;94;96;192;1,2;,3;
2026/05/15;0500 UTC;0;999,7;1000;999,4;;12,8;12;13;12,6;12,2;11,9;97;95;96;127;,9;,4;
2026/05/15;0600 UTC;0;999,8;1000,1;999,6;;12,9;12,1;13,1;12,8;12,2;11,8;97;94;96;149;,8;,2;
2026/05/15;0700 UTC;0;999,4;999,9;999;;12,8;12;12,9;12,8;12,2;11,4;97;93;96;243;2,1;,8;
2026/05/15;0800 UTC;0;999,1;999,4;998,9;;12,4;11,4;12,8;12,2;11,7;11,2;96;93;95;131;2,1;,8;
2026/05/15;0900 UTC;0;999;999,4;998,8;;12,4;11,5;12,7;12,3;11,6;11,1;96;92;96;194;1;,5;
2026/05/15;1000 UTC;0;999,2;999,4;999;;12,7;11,3;12,9;12,6;11,6;10,8;95;90;93;183;1,7;,5;
2026/05/15;1100 UTC;0;999,5;1000;999,2;;13;10,7;13,1;12,9;11;10,3;90;86;89;217;1,7;,7;
2026/05/15;1200 UTC;0;1000,1;1000,5;999,6;;13,3;10,2;13,5;13,1;10,6;9,9;88;82;84;277;1,5;,6;
2026/05/15;1300 UTC;0;1000,1;1000,5;999,9;;14,1;10;14,8;13,6;10,4;9,6;83;77;80;156;1,8;,5;
2026/05/15;1400 UTC;0;999,9;1000,2;999,6;;15,2;10,2;15,4;14,8;10,7;9,9;78;73;75;180;2,2;,9;
2026/05/15;1500 UTC;0;999,5;999,8;999,1;;16,1;10,6;17,2;15,3;11,1;10,1;75;68;72;163;3,4;1,3;
2026/05/15;1600 UTC;0;998,6;999,2;997,9;;17,7;11,1;18,3;16,7;11,5;10,5;70;64;67;157;4,4;2;
2026/05/15;1700 UTC;0;997,3;998,1;996,8;;18,4;11,5;19;18;11,9;11,2;67;63;65;135;5;1,8;
2026/05/15;1800 UTC;0;996,7;996,9;996,6;;18,1;11,6;19;17,3;12;11,3;72;64;67;170;4,3;1;
2026/05/15;1900 UTC;0;996,6;996,9;996,4;;17,1;11,5;17,3;16,8;11,8;11,3;75;70;72;177;2,3;1,2;
2026/05/15;2000 UTC;0;996,4;996,8;996,3;;16,5;11,5;17;16,2;11,8;11,3;77;72;75;166;2;,9;
2026/05/15;2100 UTC;0;996,8;997,1;996,5;;16,1;11,6;16,2;15,9;11,8;11,3;79;76;78;246;1,5;,5;
2026/05/15;2200 UTC;0;997;997,3;996,9;;15,7;11,7;15,9;15,6;12,3;11,4;83;78;80;209;3,4;,9;
2026/05/15;2300 UTC;0;997;997,9;996,9;;15;11,8;15,6;13,8;12;11,6;90;80;84;230;1,7;,8;
2026/05/16;0000 UTC;0;996,9;997,2;996,7;;13,7;11,9;14;13,5;12,4;11,7;92;90;91;194;,6;,2;
2026/05/16;0100 UTC;0;996,9;997,2;996,7;;13,8;12,3;14;13,7;12,4;12,2;94;91;93;195;,6;,3;
2026/05/16;0200 UTC;0;996,7;997,1;996,6;;13,8;12,1;13,9;13,7;12,5;11,7;93;89;91;249;1,9;,7;
2026/05/16;0300 UTC;0;996,8;997,2;996,7;;12,9;11,6;13,7;12,3;12;11,3;96;91;93;0;;,8;
2026/05/16;0400 UTC;0;;;;;;;;;;;;;;271;1,2;,6;
2026/05/16;0500 UTC;0;;;;;;;;;;;;;;250;1;,6;
2026/05/16;0600 UTC;0;;;;;;;;;;;;;;72;1;,6;
2026/05/16;0700 UTC;0;;;;;;;;;;;;;;181;,8;,5;
2026/05/16;0800 UTC;0;;;;;;;;;;;;;;162;1,1;,6;
2026/05/16;0900 UTC;0;;;;;;;;;;;;;;83;1,2;,7;
2026/05/16;1000 UTC;0;;;;;;;;;;;;;;85;1,4;,9;
2026/05/16;1100 UTC;0;;;;;;;;;;;;;;84;2,2;1,2;
2026/05/16;1200 UTC;0;;;;;;;;;;;;;;89;1,9;,9;
2026/05/16;1300 UTC;0;;;;;;;;;;;;;;248;2,6;1,4;
2026/05/16;1400 UTC;0;;;;;;;;;;;;;;205;2,3;,9;
2026/05/16;1500 UTC;0;;;;;;;;;;;;;;80;2,4;1,4;
2026/05/16;1600 UTC;0;;;;;;;;;;;;;;79;2,5;1,2;
2026/05/16;1700 UTC;0;;;;;;;;;;;;;;84;2,6;1,1;
2026/05/16;1800 UTC;0;;;;;;;;;;;;;;137;1,9;,8;
2026/05/16;1900 UTC;0;;;;;;;;;;;;;;205;1,4;,6;
2026/05/16;2000 UTC;0;;;;;;;;;;;;;;250;1,7;,7;
2026/05/16;2100 UTC;0;;;;;;;;;;;;;;231;1,7;,9;
2026/05/16;2200 UTC;;;;;;;;;;;;;;;;;;
2026/05/16;2300 UTC;0;;;;;;;;;;;;;;189;1;,6;
2026/05/17;0000 UTC;0;;;;;;;;;;;;;;162;1,6;,5;
2026/05/17;0100 UTC;0;;;;;;;;;;;;;;214;1,7;,9;
2026/05/17;0200 UTC;0;;;;;;;;;;;;;;273;1,2;,5;
2026/05/17;0300 UTC;0;;;;;;;;;;;;;;267;2,2;,9;
2026/05/17;0400 UTC;0;;;;;;;;;;;;;;197;,8;,4;
2026/05/17;0500 UTC;0;;;;;;;;;;;;;;172;1;,4;
2026/05/17;0600 UTC;0;;;;;;;;;;;;;;107;1,3;,4;
2026/05/17;0700 UTC;0;;;;;;;;;;;;;;168;1,5;,5;
2026/05/17;0800 UTC;0;;;;;;;;;;;;;;187;1,5;,4;
2026/05/17;0900 UTC;0;;;;;;;;;;;;;;237;1,1;,5;
2026/05/17;1000 UTC;0;;;;;;;;;;;;;;198;,8;,2;
2026/05/17;1100 UTC;0;;;;;;;;;;;;;;204;,6;,3;
2026/05/17;1200 UTC;0;;;;;;;;;;;;;;96;1,2;,8;
2026/05/17;1300 UTC;0;;;;;;;;;;;;;;185;2,1;,8;
2026/05/17;1400 UTC;0;;;;;;;;;;;;;;262;2,8;,8;
2026/05/17;1500 UTC;0;;;;;;;;;;;;;;144;1,1;,4;
2026/05/17;1600 UTC;0;;;;;;;;;;;;;;182;1,6;,8;
2026/05/17;1700 UTC;0;;;;;;;;;;;;;;161;1,5;,7;
2026/05/17;1800 UTC;0;;;;;;;;;;;;;;104;1;,6;
2026/05/17;1900 UTC;1;;;;;;;;;;;;;;94;2;1;
2026/05/17;2000 UTC;1,4;;;;;;;;;;;;;;189;2,6;,9;
2026/05/17;2100 UTC;,2;;;;;;;;;;;;;;244;2,3;1;
2026/05/17;2200 UTC;0;;;;;;;;;;;;;;223;3,1;1;
2026/05/17;2300 UTC;0;;;;;;;;;;;;;;215;3,1;1;
2026/05/18;0000 UTC;0;;;;;;;;;;;;;;201;2,5;,9;
2026/05/18;0100 UTC;0;;;;;;;;;;;;;;243;3,5;,9;
2026/05/18;0200 UTC;0;;;;;;;;;;;;;;214;2;,8;
2026/05/18;0300 UTC;1,8;;;;;;;;;;;;;;192;1,7;,7;
2026/05/18;0400 UTC;,8;;;;;;;;;;;;;;155;3,4;1,2;
2026/05/18;0500 UTC;1;;;;;;;;;;;;;;146;3,8;1,2;
2026/05/18;0600 UTC;1;;;;;;;;;;;;;;226;3,6;1,3;
2026/05/18;0700 UTC;,4;;;;;;;;;;;;;;228;4,7;1,4;
2026/05/18;0800 UTC;,6;;;;;;;;;;;;;;218;2,2;,7;
2026/05/18;0900 UTC;,4;;;;;;;;;;;;;;216;1,6;,6;
2026/05/18;1000 UTC;,2;;;;;;;;;;;;;;211;1,2;,5;
2026/05/18;1100 UTC;0;;;;;;;;;;;;;;180;2,4;,8;
2026/05/18;1200 UTC;0;1003,3;1003,6;1003;;11,3;10,3;11,4;11,2;10,5;10,1;96;94;95;167;2,3;1,1;
2026/05/18;1300 UTC;0;1003,6;1003,9;1003,3;;11,5;10,3;11,7;11,4;10,7;10;95;92;94;247;2,3;1,1;
2026/05/18;1400 UTC;0;1004;1004,3;1003,8;;11,9;10,3;12,4;11,5;10,8;9,9;96;88;92;196;2,3;,9;
2026/05/18;1500 UTC;0;1004,2;1004,4;1004;;12,3;10,1;12,5;12,1;10,8;9,5;92;86;89;237;2,8;,9;
2026/05/18;1600 UTC;0;1003,9;1004,3;1003,7;;12,2;10,1;12,2;12,1;10,7;9,3;92;86;90;226;2,1;,7;
2026/05/18;1700 UTC;0;1003,5;1003,7;1003,2;;12,7;10;13,1;12,2;10,7;9,4;90;84;87;218;1,7;,7;
2026/05/18;1800 UTC;0;1002,9;1003,4;1002,7;;13,2;9,9;13,6;12,7;10,7;9,3;87;81;84;176;1,5;,5;
2026/05/18;1900 UTC;;;;;;;;;;;;;;;;;;
2026/05/18;2000 UTC;0;1003;1003,3;1002,8;;13,2;10,4;13,3;13;11,1;9,8;90;83;86;275;,8;,4;
2026/05/18;2100 UTC;;;;;;;;;;;;;;;;;;
2026/05/18;2200 UTC;0;1003,5;1003,9;1003,2;;12,3;10,7;12,4;12,2;11,2;10,1;95;88;92;224;,6;,2;
2026/05/18;2300 UTC;0;1003,8;1004,1;1003,6;;12,2;10,7;12,2;12,1;11,1;10,1;94;90;93;197;,6;,2;
2026/05/19;0000 UTC;0;1003,9;1004,2;1003,7;;11,8;10,6;12,2;11,1;11,2;10,2;96;93;94;300;1,6;,8;
2026/05/19;0100 UTC;0;1003,9;1004,3;1003,8;;10,6;9,9;10,9;10,2;10,2;9,6;99;96;97;172;1,5;,4;
2026/05/19;0200 UTC;0;1004,1;1004,2;1003,8;;10,2;10,1;10,4;10,1;10,3;9,9;100;99;99;96;1;,5;
2026/05/19;0300 UTC;0;1004,1;1004,5;1003,8;;10,3;10,3;10,5;10,2;10,4;10,2;100;100;100;140;1,9;1;
2026/05/19;0400 UTC;0;1003,7;1004;1003,5;;9,9;9,9;10,2;9,6;10,2;9,7;100;100;100;222;1,3;,6;
2026/05/19;0500 UTC;0;1003,5;1003,7;1003,3;;9,6;9,6;9,7;9,4;9,8;9,5;100;100;100;254;1,2;,5;
2026/05/19;0600 UTC;0;1003,3;1003,7;1003;;9,5;9,5;9,6;9,3;9,6;9,4;100;100;100;63;1;,6;
2026/05/19;0700 UTC;0;1002,9;1003,2;1002,7;;9,2;9,3;9,3;9;9,4;9,1;100;100;100;80;1,2;,7;
2026/05/19;0800 UTC;0;1002,9;1003,3;1002,7;;9;9,1;9,1;8,9;9,2;9;100;100;100;277;1,1;,6;
2026/05/19;0900 UTC;0;1002,9;1003,3;1002,7;;9,1;9,1;9,2;9;9,2;9;100;99;100;290;,8;,4;
2026/05/19;1000 UTC;0;1003,2;1003,6;1002,9;;9,2;9,1;9,3;9,1;9,3;8,9;100;99;99;74;,9;,5;
2026/05/19;1100 UTC;0;1003,5;1003,8;1003,3;;9,4;9,3;9,6;9,3;9,4;9,3;100;99;100;181;1,2;,6;
2026/05/19;1200 UTC;;;;;;;;;;;;;;;;;;
2026/05/19;1300 UTC;0;1004,4;1005;1003,9;;10,7;9;11,5;10,2;9,7;8,3;96;87;92;164;1,9;,8;
2026/05/19;1400 UTC;0;1004,6;1005;1004,3;;11,8;8,9;12,2;11,6;9,6;8;90;80;85;113;1,3;,5;
2026/05/19;1500 UTC;0;1004,2;1004,7;1003,8;;12,4;8,6;12,6;12,2;9,3;8,1;84;78;81;175;1,8;,6;
2026/05/19;1600 UTC;0;1003,6;1004;1003,2;;13,2;8,3;13,7;12,5;8,8;7,7;81;72;76;229;2,9;1,3;
2026/05/19;1700 UTC;0;1002,9;1003,4;1002,4;;14,4;8,6;15,5;13,4;9,6;8,1;77;65;71;95;2,7;1,3;
2026/05/19;1800 UTC;0;1002,2;1002,4;1001,9;;16;8,6;16,4;15,5;9,5;7,8;69;59;63;147;2,2;,9;
2026/05/19;1900 UTC;0;1001,7;1002,1;1001,4;;16,5;8,9;16,8;16,3;9,7;8,3;66;59;62;233;1,2;,9;
2026/05/19;2000 UTC;0;1001,5;1001,8;1001,2;;15,7;9,8;16,9;13,4;10,6;9;83;60;71;257;1,4;,7;
2026/05/19;2100 UTC;0;1001,3;1001,8;1001,1;;12,6;9,7;13,4;12;10,4;9,1;87;78;86;122;,7;,3;
2026/05/19;2200 UTC;0;1001,9;1002,5;1001,5;;11,4;9,5;12;10,9;9,6;9,2;93;86;90;239;1,2;,4;
2026/05/19;2300 UTC;0;1002,4;1002,7;1002,2;;10,3;9,4;11;9,9;9,6;9,2;97;93;95;182;1,4;1;
2026/05/20;0000 UTC;0;1002,7;1003,2;1002,5;;9,5;9;9,9;9,1;9,3;8,7;98;96;97;214;,8;,2;
2026/05/20;0100 UTC;0;1002,9;1003;1002,8;;9,1;9;9,5;8,9;9,5;8,6;100;98;99;161;1;,5;
2026/05/20;0200 UTC;0;1003,2;1003,7;1002,8;;9,4;9,4;9,5;9,2;9,6;9,3;100;100;100;160;1,8;,9;
2026/05/20;0300 UTC;0;1003,2;1003,6;1003;;9;9,1;9,4;8,8;9,4;8,8;100;100;100;73;2,4;1,4;
2026/05/20;0400 UTC;0;1003,3;1003,6;1003,1;;8,7;8,8;8,9;8,6;8,9;8,7;100;100;100;85;2;,8;
2026/05/20;0500 UTC;0;1003;1003,2;1002,9;;8,6;8,6;8,7;8,5;8,7;8,5;100;100;100;115;1,3;,7;
2026/05/20;0600 UTC;0;1003;1003,4;1002,7;;8,4;8,5;8,5;8,3;8,6;8,4;100;100;100;132;1,9;1,2;
2026/05/20;0700 UTC;;;;;;;;;;;;;;;;;;
2026/05/20;0800 UTC;0;1002,7;1003,2;1002,5;;8;8,1;8,3;7,8;8,4;7,8;100;100;100;209;2,5;1,1;
2026/05/20;0900 UTC;0;1002,9;1003,4;1002,6;;7,7;7,7;7,8;7,5;7,8;7,3;100;99;100;304;2;,9;
2026/05/20;1000 UTC;0;1003,4;1004;1003;;7,5;7,1;7,7;7,4;7,5;6,6;99;96;98;254;2,4;1,1;
2026/05/20;1100 UTC;0;1004,2;1004,7;1003,8;;7,2;6,2;7,4;7;6,8;5,7;97;93;95;298;3,2;1,4;
2026/05/20;1200 UTC;0;1004,9;1005,3;1004,5;;7,3;5,7;7,9;7,1;6,1;5;95;89;92;230;2,6;1,2;
2026/05/20;1300 UTC;0;1005,3;1005,6;1004,9;;8,9;6,2;9,9;8;6,7;5,6;92;80;86;149;3,1;1,5;
2026/05/20;1400 UTC;0;1005,5;1005,9;1005,3;;11,1;6,1;12,5;9,8;7,3;5,6;82;69;75;165;2,9;1,4;
2026/05/20;1500 UTC;0;1005,1;1005,4;1004,7;;12,8;7,2;13,7;12,2;8,1;6,1;78;68;72;156;3,8;2,1;
2026/05/20;1600 UTC;0;1004,3;1004,8;1003,8;;14,4;7,8;15,5;13,4;8,3;7,4;72;60;67;108;2,8;1,5;
2026/05/20;1700 UTC;0;1003,4;1003,9;1002,9;;16,3;7,6;17;15,4;8,1;7;62;52;56;102;3,9;1,8;
2026/05/20;1800 UTC;0;1002,7;1003,1;1002,4;;17,2;7,8;17,7;16,6;8,5;7,3;57;50;53;119;2,4;,9;
2026/05/20;1900 UTC;0;1002,4;1002,8;1002,2;;17,9;8;18,1;17,5;8,7;7,5;54;48;50;154;1,9;,9;
2026/05/20;2000 UTC;;;;;;;;;;;;;;;;;;
2026/05/20;2100 UTC;0;1002,6;1002,9;1002,4;;13,2;8,6;14,1;12,5;9,2;7,8;82;71;77;180;,8;,4;
2026/05/20;2200 UTC;0;1003;1003,4;1002,8;;11,8;8,4;12,5;11;8,9;7,8;87;79;83;225;1,6;,6;
2026/05/20;2300 UTC;0;1003,5;1003,8;1003,2;;10,3;8,4;11;9,7;8,6;8,1;94;87;90;237;,7;,3;
2026/05/21;0000 UTC;0;1004,1;1004,5;1003,8;;9,5;8,3;9,7;9,1;8,5;8;95;93;94;286;1,2;,7;
2026/05/21;0100 UTC;0;1004,6;1004,9;1004,2;;8,8;8,1;9;8,5;8,2;7,9;98;95;96;278;1,1;,5;
2026/05/21;0200 UTC;0;1004,6;1004,8;1004,5;;8,4;8,2;8,7;8,3;8,6;7,9;99;97;99;263;1,6;1;
2026/05/21;0300 UTC;0;1004,7;1004,9;1004,5;;8,6;8,6;8,7;8,5;8,7;8,5;100;100;100;69;1,9;1;
2026/05/21;0400 UTC;0;1004,9;1005,3;1004,7;;8,3;8,3;8,5;8,1;8,5;8,2;100;100;100;66;2;1,1;
2026/05/21;0500 UTC;0;1005;1005,3;1004,8;;8;8,1;8,1;7,9;8,2;8;100;100;100;48;2,2;1,3;
2026/05/21;0600 UTC;0;1005,2;1005,4;1005;;7,8;7,9;8;7,7;8;7,8;100;100;100;85;2,7;,7;
2026/05/21;0700 UTC;0;1005,3;1005,6;1005,1;;7,8;7,8;7,8;7,7;7,9;7,7;100;100;100;89;1,8;,8;
2026/05/21;0800 UTC;0;1005,1;1005,4;1004,9;;7,6;7,6;7,7;7,4;7,8;7,5;100;100;100;75;1,8;,8;
2026/05/21;0900 UTC;0;1005,4;1005,9;1005;;7,4;7,4;7,5;7,2;7,6;7,3;100;100;100;101;1,8;,9;
2026/05/21;1000 UTC;0;1005,8;1006,1;1005,5;;7,3;7,3;7,3;7,2;7,4;7,2;100;100;100;134;1,4;,8;
2026/05/21;1100 UTC;0;1006,5;1006,7;1006;;7,2;7,2;7,3;7,1;7,3;7;100;99;100;247;1,4;,7;
2026/05/21;1200 UTC;0;1007;1007,4;1006,7;;7,4;7,1;7,6;7,2;7,3;7;100;97;99;242;2,3;1,3;
2026/05/21;1300 UTC;0;1007,6;1007,9;1007,2;;8,1;6,8;8,5;7,6;7,1;6,4;97;90;94;192;1,8;,9;
2026/05/21;1400 UTC;0;1008;1008,3;1007,8;;9,8;7;10,6;8,6;7,6;6,2;92;84;86;165;3,5;1,8;
2026/05/21;1500 UTC;0;1007,6;1007,9;1007,3;;11,7;7,2;13,4;10,6;7,8;6,2;85;67;78;72;2,6;1,3;
2026/05/21;1600 UTC;0;1007;1007,4;1006,6;;13,6;6,4;14,8;12,7;7,5;5,4;69;61;64;108;2,3;1;
2026/05/21;1700 UTC;0;1006,4;1006,7;1006;;13,5;5,9;13,8;13,2;6,7;5,3;66;58;62;109;2;1;
2026/05/21;1800 UTC;0;1005,9;1006,2;1005,6;;13,8;5,7;14;13,5;6,5;5;64;56;60;146;1,8;,7;
2026/05/21;1900 UTC;0;1005,7;1006,1;1005,5;;13,5;5,9;13,8;13,3;6,3;5,4;65;60;62;172;1,5;,6;
2026/05/21;2000 UTC;0;1005,6;1005,7;1005,4;;13;6,6;13,4;12,4;7,9;5,6;76;61;68;261;1,3;,5;
2026/05/21;2100 UTC;0;1005,8;1006,1;1005,5;;11,5;7,5;12,4;11;8;6,4;85;71;80;227;1,3;,7;
2026/05/21;2200 UTC;;;;;;;;;;;;;;;;;;
2026/05/21;2300 UTC;0;1006,5;1006,8;1006,2;;10;7,1;10,7;8,9;7,9;6,1;89;79;85;288;1,3;,7;
2026/05/22;0000 UTC;0;1006,7;1007,1;1006,5;;8,7;7,1;9;8,4;7,3;6,6;94;88;92;223;1;,5;
2026/05/22;0100 UTC;0;;;;;;;;;;;;;;;;;
2026/05/22;0200 UTC;0;;;;;;;;;;;;;;;;;
2026/05/22;0300 UTC;0;;;;;;;;;;;;;;;;;
2026/05/22;0400 UTC;0;;;;;;;;;;;;;;;;;
2026/05/22;0500 UTC;0;;;;;;;;;;;;;;;;;
2026/05/22;0600 UTC;0;;;;;;;;;;;;;;;;;
2026/05/22;0700 UTC;0;;;;;;;;;;;;;;;;;
2026/05/22;0800 UTC;0;;;;;;;;;;;;;;;;;
2026/05/22;0900 UTC;0;1006,6;1006,9;1006,3;;5,6;5,6;5,7;5,5;5,8;5,5;100;100;100;93;1,8;1,1;
2026/05/22;1000 UTC;0;1006,8;1007;1006,6;;5,6;5,4;5,8;5,5;5,6;5,2;100;97;99;70;2,1;1;
2026/05/22;1100 UTC;0;1007,2;1007,6;1006,9;;5,8;5,1;5,9;5,8;5,4;4,9;98;96;97;310;1,5;,8;
2026/05/22;1200 UTC;0;1007,4;1007,8;1007,2;;6,1;5,3;6,3;5,8;5,5;5;97;95;96;182;1,8;,8;
2026/05/22;1300 UTC;0;1007,6;1008;1007,3;;6,5;5,5;6,9;6,1;5,8;5,3;96;92;95;167;1,4;,7;
2026/05/22;1400 UTC;0;1007,4;1007,7;1007;;8,3;5,7;9,4;6,9;6,2;5,2;93;83;87;128;3,4;1,8;
2026/05/22;1500 UTC;;;;;;;;;;;;;;;;;;
2026/05/22;1600 UTC;0;1005,6;1006,1;1005,2;;13,2;7,8;13,7;12,6;8,6;7;77;71;73;242;3;1;
2026/05/22;1700 UTC;0;1004,8;1005,4;1004,3;;13,9;8,5;14,4;13,3;9;8;76;70;73;173;2,2;,8;
2026/05/22;1800 UTC;0;1004,3;1004,6;1004,1;;13,8;9,3;14,2;13,7;9,8;8,8;81;74;77;243;3;1;
2026/05/22;1900 UTC;0;1004,4;1005;1003,9;;13,7;9,7;13,9;13,6;10,5;9,4;83;79;80;189;1,4;,6;
2026/05/22;2000 UTC;0;1004,4;1005;1004;;13,7;9,8;13,9;13,4;10,5;9,4;85;78;81;259;1,6;,6;
2026/05/22;2100 UTC;0;1004,7;1005,1;1004,5;;13,1;10,5;13,6;12,8;10,8;10;90;83;87;247;1,1;,6;
2026/05/22;2200 UTC;0;1005,2;1005,7;1004,8;;12,6;10,8;12,8;12,4;11,2;10,4;94;88;91;168;1,4;,5;
2026/05/22;2300 UTC;,2;1005,6;1005,9;1005,2;;12,1;11,3;12,4;12;11,5;11,1;97;94;96;159;1,4;,4;
2026/05/23;0000 UTC;,8;1005,8;1006,2;1005,3;;11,9;11,4;12;11,7;11,6;11,3;99;97;98;243;,9;,4;
2026/05/23;0100 UTC;,4;1006;1006,2;1005,9;;11,7;11,5;11,8;11,6;11,6;11,4;100;99;99;302;1,4;,8;
2026/05/23;0200 UTC;0;1005,8;1006,4;1005,5;;11,5;11,5;11,6;11,5;11,5;11,4;100;100;100;197;2,1;1;
2026/05/23;0300 UTC;,2;1005,4;1005,7;1005,2;;11,4;11,4;11,5;11,4;11,5;11,2;100;99;100;250;1,1;,5;
2026/05/23;0400 UTC;0;1005,5;1005,9;1005,2;;11,5;11,5;11,6;11,4;11,6;11,4;100;100;100;290;,7;,5;
2026/05/23;0500 UTC;0;1005,2;1005,4;1004,9;;11,4;11,5;11,5;11,4;11,5;11,4;100;100;100;180;,7;,5;
2026/05/23;0600 UTC;0;1004,9;1005,1;1004,8;;11,4;11,5;11,4;11,4;11,5;11,4;100;100;100;265;,6;,3;
2026/05/23;0700 UTC;0;;;;;;;;;;;;;;;;;
2026/05/23;0800 UTC;0;;;;;;;;;;;;;;;;;
2026/05/23;0900 UTC;0;;;;;;;;;;;;;;;;;
2026/05/23;1000 UTC;0;;;;;;;;;;;;;;;;;
2026/05/23;1100 UTC;;;;;;;;;;;;;;;;;;
2026/05/23;1200 UTC;0;;;;;;;;;;;;;;;;;
2026/05/23;1300 UTC;;;;;;;;;;;;;;;;;;
2026/05/23;1400 UTC;0;;;;;;;;;;;;;;;;;
2026/05/23;1500 UTC;;;;;;;;;;;;;;;;;;
2026/05/23;1600 UTC;0;;;;;;;;;;;;;;;;;
2026/05/23;1700 UTC;0;;;;;;;;;;;;;;;;;
2026/05/23;1800 UTC;0;;;;;;;;;;;;;;;;;
2026/05/23;1900 UTC;0;;;;;;;;;;;;;;;;;
2026/05/23;2000 UTC;0;;;;;;;;;;;;;;;;;
2026/05/23;2100 UTC;0;;;;;;;;;;;;;;;;;
2026/05/23;2200 UTC;0;;;;;;;;;;;;;;;;;
2026/05/23;2300 UTC;0;;;;;;;;;;;;;;;;;
2026/05/24;0000 UTC;0;;;;;;;;;;;;;;;;;
2026/05/24;0100 UTC;0;;;;;;;;;;;;;;;;;
2026/05/24;0200 UTC;0;;;;;;;;;;;;;;;;;
2026/05/24;0300 UTC;0;;;;;;;;;;;;;;;;;
2026/05/24;0400 UTC;0;;;;;;;;;;;;;;;;;
2026/05/24;0500 UTC;0;;;;;;;;;;;;;;;;;
2026/05/24;0600 UTC;0;;;;;;;;;;;;;;;;;
2026/05/24;0700 UTC;0;;;;;;;;;;;;;;;;;
2026/05/24;0800 UTC;0;;;;;;;;;;;;;;;;;
2026/05/24;0900 UTC;0;;;;;;;;;;;;;;;;;
2026/05/24;1000 UTC;0;;;;;;;;;;;;;;;;;
2026/05/24;1100 UTC;;;;;;;;;;;;;;;;;;
2026/05/24;1200 UTC;0;;;;;;;;;;;;;;;;;
2026/05/24;1300 UTC;0;;;;;;;;;;;;;;;;;
2026/05/24;1400 UTC;0;;;;;;;;;;;;;;;;;
2026/05/24;1500 UTC;0;;;;;;;;;;;;;;;;;
2026/05/24;1600 UTC;0;;;;;;;;;;;;;;;;;
2026/05/24;1700 UTC;0;;;;;;;;;;;;;;;;;
2026/05/24;1800 UTC;0;;;;;;;;;;;;;;;;;
2026/05/24;1900 UTC;0;;;;;;;;;;;;;;;;;
2026/05/24;2000 UTC;0;;;;;;;;;;;;;;;;;
2026/05/24;2100 UTC;0;;;;;;;;;;;;;;;;;
2026/05/24;2200 UTC;0;;;;;;;;;;;;;;;;;
2026/05/24;2300 UTC;0;;;;;;;;;;;;;;;;;
2026/05/25;0000 UTC;0;;;;;;;;;;;;;;;;;
2026/05/25;0100 UTC;0;;;;;;;;;;;;;;;;;
2026/05/25;0200 UTC;0;;;;;;;;;;;;;;;;;
2026/05/25;0300 UTC;0;;;;;;;;;;;;;;;;;
2026/05/25;0400 UTC;0;;;;;;;;;;;;;;;;;
2026/05/25;0500 UTC;0;;;;;;;;;;;;;;;;;
2026/05/25;0600 UTC;0;999,9;1000,1;999,7;;12,3;12,4;12,3;12,2;12,4;12,3;100;100;100;75;2,1;1,1;
2026/05/25;0700 UTC;0;999,8;1000,2;999,6;;12,1;12,2;12,2;12;12,3;12,1;100;100;100;102;1;,5;
2026/05/25;0800 UTC;0;999,8;1000,1;999,5;;11,9;12;12,1;11,8;12,1;11,8;100;100;100;111;1,8;,7;
2026/05/25;0900 UTC;0;999,6;1000;999,4;;11,7;11,8;11,9;11,6;11,9;11,6;100;100;100;82;2,1;1;
2026/05/25;1000 UTC;0;1000,1;1000,5;999,6;;11,6;11,6;11,7;11,5;11,7;11,5;100;100;100;155;1,6;1;
2026/05/25;1100 UTC;0;1000,8;1001,2;1000,4;;11,4;11,5;11,5;11,4;11,6;11,4;100;100;100;177;2,3;1,3;
2026/05/25;1200 UTC;0;1000,8;1001,5;1000,5;;12;12;13,1;11,4;12,7;11,5;100;97;100;178;2,7;1,5;
2026/05/25;1300 UTC;0;1001,4;1002;1001,1;;13,6;11,9;15,3;13;12,7;11,5;96;82;92;165;2,3;1;
2026/05/25;1400 UTC;0;1001,1;1001,4;1000,8;;16,3;12,4;17,4;15,1;13,1;11,7;85;74;80;85;1,9;,9;
2026/05/25;1500 UTC;0;1000,6;1001;1000,3;;16,9;12,9;17,2;16,7;13,3;12,6;82;78;80;69;1,5;,8;
2026/05/25;1600 UTC;0;1000,4;1000,8;1000,2;;16,8;13,8;17;16,5;14,6;13;89;80;85;251;1,8;,9;
2026/05/25;1700 UTC;,2;1000,2;1000,8;999,7;;16,2;14,2;16,6;15,7;14,7;13,8;95;87;90;120;1,8;1;
2026/05/25;1800 UTC;2,4;998,6;999,8;997,8;;15,6;14,8;16,1;15,3;15,2;14,3;98;93;96;276;3,6;1,5;
2026/05/25;1900 UTC;,2;998,1;998,6;997,9;;16;15,5;16,2;15,8;15,9;14,9;99;94;98;237;,8;,4;
2026/05/25;2000 UTC;1;998,7;999,2;998,3;;15,9;15,8;16;15,7;16;15,6;100;99;100;193;1,2;,7;
2026/05/25;2100 UTC;,4;998,6;999,2;998,3;;15,8;15,6;16;15,7;15,9;15,6;100;99;99;257;1,8;,8;
2026/05/25;2200 UTC;;;;;;;;;;;;;;;;;;
2026/05/25;2300 UTC;0;998,9;999,2;998,7;;15,6;15,6;15,6;15,6;15,6;15,6;100;100;100;56;2,1;1,1;
2026/05/26;0000 UTC;0;998,2;999;997,3;;15,8;15,8;16,1;15,5;16,1;15,5;100;99;100;227;3,2;,9;
2026/05/26;0100 UTC;0;999;999,8;998,4;;15,8;15,7;16;15,7;15,8;15,6;100;99;99;247;1,3;,8;
2026/05/26;0200 UTC;;;;;;;;;;;;;;;;;;
2026/05/26;0300 UTC;;;;;;;;;;;;;;;;;;
2026/05/26;0400 UTC;0;998,3;998,7;997,7;;15,8;15,8;15,9;15,7;15,9;15,6;100;100;100;208;1,1;,5;
2026/05/26;0500 UTC;0;997,5;998,1;997,3;;15,6;15,6;15,8;15,4;15,9;15,5;100;100;100;147;1,7;1;
2026/05/26;0600 UTC;0;997,3;997,6;996,9;;15,5;15,6;15,6;15,5;15,6;15,5;100;100;100;229;1,4;,8;
2026/05/26;0700 UTC;1,2;997,9;998,2;997,4;;15,5;15,5;15,6;15,3;15,6;15,4;100;100;100;288;3,3;1,2;
2026/05/26;0800 UTC;3,8;997,8;998,4;997,2;;15,4;15,5;15,4;15,4;15,5;15,4;100;100;100;290;2,3;1,5;
2026/05/26;0900 UTC;1,4;997,2;997,8;996,4;;15,4;15,4;15,4;15,4;15,5;15,4;100;100;100;194;1,2;,4;
2026/05/26;1000 UTC;,8;997,6;998,1;997,1;;15,4;15,4;15,4;15,2;15,5;15,3;100;100;100;299;,8;,8;
2026/05/26;1100 UTC;,2;998,4;998,7;998;;15,4;15,5;15,6;15,3;15,7;15,4;100;100;100;;;;
2026/05/26;1200 UTC;0;998,9;999,4;998,4;;15,8;15,8;16,1;15,6;16,2;15,7;100;100;100;289;1,7;,7;
2026/05/26;1300 UTC;,4;999,2;999,8;998,9;;16,2;16,2;16,3;15,9;16,4;16;100;100;100;298;,5;,2;
2026/05/26;1400 UTC;,2;999,4;999,7;999,2;;16,5;16,5;16,9;16,2;16,9;16,3;100;99;100;305;1,6;1,1;
2026/05/26;1500 UTC;1,4;998,9;999,5;998,4;;17;16,7;17,2;16,7;17;16,4;99;98;99;231;2,2;1;
2026/05/26;1600 UTC;,2;998,3;998,6;998;;17,3;17,1;17,5;17,2;17,3;16,8;99;98;99;145;1;,4;
2026/05/26;1700 UTC;0;997,7;998,2;997,4;;17,6;17,5;17,7;17,3;17,7;17;100;97;99;216;1,9;,6;
2026/05/26;1800 UTC;,4;997,5;997,8;997,3;;17,8;16,9;18;17,5;17,2;16,5;97;94;96;257;1,6;,6;
2026/05/26;1900 UTC;0;997,6;998;997,4;;17,4;16,8;17,5;17,3;17;16,5;98;95;97;307;2,4;1,1;
2026/05/26;2000 UTC;,2;998,1;998,5;997,7;;17,3;16,7;17,4;17,1;16,9;16,4;98;95;97;282;1,3;,6;
2026/05/26;2100 UTC;0;998,6;998,9;998,4;;17,1;16,7;17,1;16,9;16,8;16,6;99;98;98;186;1,1;,4;
2026/05/26;2200 UTC;;;;;;;;;;;;;;;;;;
2026/05/26;2300 UTC;0;999,4;999,8;999,1;;16,8;16,7;16,8;16,7;16,7;16,6;100;99;100;;;;
2026/05/27;0000 UTC;,2;1000,1;1000,7;999,7;;16,7;15,9;16,9;16,4;16,7;14,9;100;91;96;;;;
2026/05/27;0100 UTC;,2;1000,7;1001,2;1000,4;;16,2;15,5;16,5;16,1;15,8;15;98;93;97;;;;
2026/05/27;0200 UTC;0;1001;1001,3;1000,8;;16,2;15,6;16,2;16,1;15,7;15,4;98;96;97;;;;
2026/05/27;0300 UTC;;;;;;;;;;;;;;;;;;
2026/05/27;0400 UTC;0;1001;1001,2;1000,7;;15,7;15,6;15,8;15,6;15,7;15,4;100;99;99;;;;
2026/05/27;0500 UTC;0;1001,1;1001,5;1000,8;;15,7;15,7;15,7;15,7;15,7;15,7;100;100;100;;;;
2026/05/27;0600 UTC;0;1000,7;1001,1;1000,5;;15,7;15,5;15,8;15,6;15,7;15,1;100;97;99;254;,8;,6;
2026/05/27;0700 UTC;,2;1000,7;1001;1000,5;;15,6;15,3;15,7;15,5;15,6;14,9;100;97;99;;;;
2026/05/27;0800 UTC;0;1000,7;1001;1000,6;;15,3;14,8;15,5;15,3;14,9;14,7;98;97;98;;;;
2026/05/27;0900 UTC;0;1001;1001,4;1000,7;;15,2;14,7;15,3;15,2;14,8;14,5;98;96;97;;;;
2026/05/27;1000 UTC;0;1001,4;1001,9;1001,1;;15,2;14,6;15,2;15,1;14,7;14,4;98;96;97;;;;
2026/05/27;1100 UTC;0;1002;1002,5;1001,6;;15,1;14,7;15,2;15,1;15;14,5;99;97;98;;;;
2026/05/27;1200 UTC;0;1002,6;1003;1002,3;;15,5;14,7;15,7;15,2;15;14,2;99;93;96;277;1,9;,9;
2026/05/27;1300 UTC;0;1003,1;1003,6;1002,8;;16,3;14,5;16,7;15,8;15,3;13,7;95;86;91;294;2,1;,7;
2026/05/27;1400 UTC;0;1003,3;1003,7;1003,1;;17,4;14,3;18,1;16,7;15,5;13,6;91;79;85;251;3,7;1,1;
2026/05/27;1500 UTC;0;1003,3;1003,6;1003,1;;18;14,1;18,7;17,6;14,9;13,5;84;77;80;259;2,7;1,1;
2026/05/27;1600 UTC;0;1002,7;1003,2;1002,2;;18,9;14,2;20,3;18,4;14,8;13,4;81;66;77;148;3,2;1,4;
2026/05/27;1700 UTC;0;1001,8;1002,5;1001,4;;20,1;14,1;20,7;19,6;14,9;13,3;100;65;71;231;3;1,2;
2026/05/27;1800 UTC;0;1001,3;1001,6;1001,1;;19,8;13,7;20,6;19,1;14,7;12,9;100;62;72;216;2;,9;
2026/05/27;1900 UTC;0;1001,1;1001,5;1001;;20,1;12,9;21;18,9;13,9;11,5;100;58;65;197;1,8;,8;
2026/05/27;2000 UTC;0;1001,1;1001,4;1000,9;;19,2;12,2;21;16,9;13,7;10,5;100;52;67;238;2,2;1;
2026/05/27;2100 UTC;0;1001,3;1001,6;1001;;16,2;11,8;17;15,3;12,4;10,8;84;72;78;170;1,7;1,1;
2026/05/27;2200 UTC;;;;;;;;;;;;;;;;;;
2026/05/27;2300 UTC;0;1002;1002,4;1001,7;;13,4;12,2;13,9;12,9;12,5;12;96;92;94;287;1,2;,6;
2026/05/28;0000 UTC;0;1002,4;1002,7;1002,3;;12,5;11,9;12,9;12,1;12,1;11,5;97;95;97;162;,9;,4;
2026/05/28;0100 UTC;;;;;;;;;;;;;;;;;;
2026/05/28;0200 UTC;0;1002,6;1002,9;1002,4;;11,4;11,3;11,7;11,2;11,5;11;100;98;99;207;,6;,2;
2026/05/28;0300 UTC;0;1002,5;1002,7;1002,2;;11,5;11,5;11,6;11,3;11,7;11,3;100;100;100;267;,9;,5;
2026/05/28;0400 UTC;0;1002,3;1002,5;1002,2;;11,7;11,8;11,7;11,7;11,8;11,7;100;100;100;139;1,8;,9;
2026/05/28;0500 UTC;0;1002,4;1002,8;1002,2;;11,5;11,5;11,6;11,3;11,7;11,3;100;100;100;274;1,1;,6;
2026/05/28;0600 UTC;,2;1002,2;1002,8;1001,9;;11,3;11,4;11,4;11,3;11,5;11,3;100;100;100;146;1,4;,8;
2026/05/28;0700 UTC;0;1001,7;1002,3;1001,5;;11,3;11,3;11,4;11,1;11,5;11,1;100;100;100;92;1,5;,8;
2026/05/28;0800 UTC;0;1001,3;1001,9;1001;;11,1;11,1;11,1;10,9;11,2;11;100;100;100;261;1,4;,7;
2026/05/28;0900 UTC;0;1001,1;1001,4;1001;;10,9;10,9;11;10,6;11,1;10,7;100;100;100;244;1,3;,4;
2026/05/28;1000 UTC;0;1001,5;1002;1001,3;;10,6;10,7;10,8;10,5;10,8;10,6;100;100;100;311;1,1;,6;
2026/05/28;1100 UTC;0;1002,1;1002,4;1001,6;;10,8;10,8;11;10,6;11,1;10,6;100;100;100;170;1,4;,8;
2026/05/28;1200 UTC;;;;;;;;;;;;;;;;;;
2026/05/28;1300 UTC;0;1002,7;1003,1;1002,4;;12,2;11,3;12,9;11,8;11,6;10,9;98;92;96;155;1,2;,7;
2026/05/28;1400 UTC;0;1002,8;1003,2;1002,4;;13,7;11,1;15,2;12,9;12,3;10,7;92;80;87;171;2;,8;
2026/05/28;1500 UTC;0;1002,2;1002,8;1001,9;;16;11,5;17,2;15,1;12,7;10,9;82;72;77;190;2,4;1,1;
2026/05/28;1600 UTC;0;1001,4;1002,1;1000,7;;17,6;12,2;18,3;17;12,9;11,7;78;70;73;269;3,1;1,6;
2026/05/28;1700 UTC;0;1000,4;1001,1;999,8;;18,6;12,8;19,1;18;13,5;12,3;74;68;71;247;3,4;1,5;
2026/05/28;1800 UTC;0;999,6;999,9;999,4;;19,4;13,1;20;18,9;13,5;12,8;100;66;70;202;3,1;1,1;
2026/05/28;1900 UTC;0;999,4;999,7;999,3;;19,8;13,4;20,1;19,4;13,8;13,1;100;66;68;185;2,7;,9;
2026/05/28;2000 UTC;0;999,3;999,6;999,1;;18,2;13,4;19,6;16,4;13,9;12,9;86;68;76;228;1,9;1;
2026/05/28;2100 UTC;0;999,2;999,7;998,8;;15,9;13,1;16,4;15,1;13,8;12,8;90;84;86;203;1,9;,8;
2026/05/28;2200 UTC;;;;;;;;;;;;;;;;;;
2026/05/28;2300 UTC;;;;;;;;;;;;;;;;;;
2026/05/29;0000 UTC;;;;;;;;;;;;;;;;;;
2026/05/29;0100 UTC;;;;;;;;;;;;;;;;;;
2026/05/29;0200 UTC;0;1000,8;1001,1;1000,6;;12,8;12,6;13;12,7;12,8;12,3;99;98;99;167;1,1;,4;
2026/05/29;0300 UTC;0;1001;1001,3;1000,9;;12,8;12,6;13;12,6;12,7;12,5;100;98;99;199;,8;,4;
2026/05/29;0400 UTC;0;1001;1001,1;1000,8;;12,7;12,7;12,9;12,6;12,9;12,6;100;100;100;272;1;,4;
2026/05/29;0500 UTC;0;1000,9;1001,1;1000,7;;12,9;12,9;13,1;12,8;13,1;12,8;100;100;100;199;1;,5;
2026/05/29;0600 UTC;0;1000,6;1000,8;1000,4;;13;13;13,1;13;13,1;12,9;100;100;100;311;1;,5;
2026/05/29;0700 UTC;0;1000,3;1000,8;1000,1;;13;13;13,2;13;13,1;13;100;100;100;302;,9;,5;
2026/05/29;0800 UTC;0;1000,1;1000,5;1000;;13,2;13,1;13,2;13,1;13,1;13;100;99;99;302;2;1,1;
2026/05/29;0900 UTC;0;1000,2;1000,7;1000;;13,3;13,1;13,3;13,2;13,2;13;100;99;99;287;,9;,6;
2026/05/29;1000 UTC;0;1000,6;1001,1;1000,4;;13,3;13,1;13,3;13,2;13,2;13,1;99;99;99;156;,8;,3;
2026/05/29;1100 UTC;0;1001;1001,4;1000,6;;13,2;13,1;13,4;13,1;13,2;12,9;100;99;99;162;1,6;,7;
2026/05/29;1200 UTC;0;1001,4;1001,9;1001,1;;13,5;12,6;14;13,1;13,2;11,9;99;90;96;144;1,7;,9;
2026/05/29;1300 UTC;0;1001,9;1002,3;1001,6;;14,6;12,4;15,2;14,1;13;11,5;93;82;89;103;2,3;1,2;
2026/05/29;1400 UTC;0;1002;1002,3;1001,7;;15,2;11,5;15,3;15;12;11,2;84;79;82;84;2,7;1,6;
2026/05/29;1500 UTC;0;1001,4;1001,7;1001,2;;15,2;11,4;15,5;15;11,7;11,1;83;78;81;85;2,6;1,3;
2026/05/29;1600 UTC;0;1001,1;1001,5;1000,7;;15,6;11,4;16;15,4;12,3;11,1;82;77;79;31;2,3;1,6;
2026/05/29;1700 UTC;0;1000,4;1001;1000,1;;16,4;12;17,3;15,8;12,5;11,5;81;73;78;136;3,4;1,5;
2026/05/29;1800 UTC;0;999,6;1000,1;999,3;;17,4;12,6;17,7;17;13,3;12;81;72;76;250;2,1;,8;
2026/05/29;1900 UTC;0;999,3;999,6;999,1;;16,8;13;17;16,6;13,4;12,6;83;78;81;221;1,5;,5;
2026/05/29;2000 UTC;0;999,2;999,5;999;;16,6;13,3;16,9;16,2;13,7;12,8;87;79;83;225;1,3;,6;
2026/05/29;2100 UTC;0;999,4;999,7;999,2;;15,6;13,3;16,2;15,1;13,6;12,9;92;85;89;215;1,4;,6;
2026/05/29;2200 UTC;0;999,7;1000,1;999,4;;15,1;13,4;15,3;15;13,6;12,8;93;89;91;235;1,2;,5;
2026/05/29;2300 UTC;0;1000,2;1000,5;999,8;;15;13,7;15;15;13,9;13,4;95;92;94;;;;
2026/05/30;0000 UTC;,6;1000,5;1000,8;1000,4;;14,8;14;15;14,5;14,2;13,7;98;94;96;;;;
2026/05/30;0100 UTC;,4;1000,6;1000,9;1000,4;;14,4;14,2;14,5;14,4;14,3;14,1;99;98;99;;;;
2026/05/30;0200 UTC;,4;1000,7;1000,9;1000,5;;14,4;14,4;14,5;14,4;14,4;14,3;100;99;100;;;;
2026/05/30;0300 UTC;1,2;1000,9;1001,1;1000,7;;14,4;14,4;14,5;14,4;14,5;14,4;100;100;100;;;;
2026/05/30;0400 UTC;1,8;1000,9;1001,2;1000,6;;14,3;14,4;14,4;14,3;14,4;14,3;100;100;100;;;;
2026/05/30;0500 UTC;,4;1000,4;1000,7;1000,1;;14,3;14,4;14,4;14,3;14,5;14,3;100;100;100;;;;
2026/05/30;0600 UTC;0;1000,8;1001,2;1000,2;;14,4;14,4;14,4;14,3;14,5;14,3;100;100;100;;;;
2026/05/30;0700 UTC;0;1000,5;1000,8;1000,3;;14,4;14,4;14,5;14,3;14,5;14,3;100;100;100;;;;
2026/05/30;0800 UTC;0;1000,2;1000,3;1000,1;;14,4;14,3;14,5;14,3;14,5;14,2;100;100;100;;;;
2026/05/30;0900 UTC;,2;1000,5;1000,9;1000,2;;14,4;14,4;14,4;14,3;14,4;14,3;100;100;100;;;;
2026/05/30;1000 UTC;1;1000,9;1001,3;1000,5;;14,4;14,4;14,4;14,3;14,5;14,4;100;100;100;;;;
2026/05/30;1100 UTC;0;1001,6;1001,9;1001,2;;14,4;14,5;14,6;14,4;14,6;14,4;100;100;100;;;;
2026/05/30;1200 UTC;0;1001,9;1002,1;1001,8;;14,9;14,9;15,4;14,5;15,3;14,6;100;99;100;229;1,7;,8;
2026/05/30;1300 UTC;0;1002,2;1002,5;1002;;16,1;14,9;17,2;14,9;15,7;14,2;100;86;94;209;1,9;1;
2026/05/30;1400 UTC;0;1002,3;1002,8;1002,1;;18;15,3;19,2;16,8;16;14,7;92;78;86;84;2,8;1,2;
2026/05/30;1500 UTC;0;1002,1;1002,5;1001,7;;18,7;15,6;19,8;18,3;16,4;15,2;89;78;85;69;2,3;1,2;
2026/05/30;1600 UTC;0;1001,3;1001,7;1000,9;;20;15,8;20,6;19,5;16,3;15,3;100;74;79;142;2,6;1,2;
2026/05/30;1700 UTC;0;1000,5;1001,2;1000;;21,1;15,7;21,6;20,4;16,2;15,2;100;69;79;244;1,8;,8;
2026/05/30;1800 UTC;0;999,7;1000;999,5;;21,7;16;22,5;20,8;16,6;15,6;100;68;73;90;2;,7;
2026/05/30;1900 UTC;0;999,4;999,7;999,2;;21,9;16,4;22,7;21,1;17;15,9;100;68;75;144;1,7;,7;
2026/05/30;2000 UTC;0;999,5;999,8;999,3;;20,5;16,5;22;19,7;17,1;16;100;71;82;254;2,6;1,2;
2026/05/30;2100 UTC;0;1000;1000,4;999,7;;19,1;16,1;19,6;18,7;16,5;15,7;87;82;85;238;3,1;1,3;
2026/05/30;2200 UTC;0;1000,3;1000,8;1000;;17,9;15,9;18,7;17,5;16,1;15,6;93;85;90;245;1,4;,4;
2026/05/30;2300 UTC;0;1000,8;1001,1;1000,6;;18;15,8;18,3;17,8;16,2;15,4;91;86;89;;;;
2026/05/31;0000 UTC;0;1000,8;1001,2;1000,6;;17,5;16,1;17,8;17,3;16,4;15,7;95;90;93;167;,6;,6;
2026/05/31;0100 UTC;0;1000,7;1000,9;1000,6;;17,2;16,3;17,4;17;16,4;16,1;96;94;95;23;,3;,3;
2026/05/31;0200 UTC;0;1001;1001,4;1000,8;;17;16,3;17,1;16,9;16,4;16,2;98;96;97;209;,7;,3;
2026/05/31;0300 UTC;0;1000,9;1001,1;1000,6;;16,8;16,4;16,9;16,8;16,5;16,3;98;97;98;;;;
2026/05/31;0400 UTC;0;1000,7;1001;1000,5;;16,9;16,3;17;16,8;16,4;16,1;98;95;97;300;1,2;,6;
2026/05/31;0500 UTC;0;1000,7;1001,2;1000,5;;16,7;16,4;16,8;16,6;16,5;16,4;99;98;99;266;,7;,3;
2026/05/31;0600 UTC;0;1000,4;1001;1000,1;;16,6;16,4;16,7;16,4;16,5;16,3;99;99;99;264;1;,7;
2026/05/31;0700 UTC;0;1000;1000,3;999,9;;16,3;16,3;16,4;16,3;16,4;16,2;100;99;100;304;1,3;,8;
2026/05/31;0800 UTC;0;1000,1;1000,4;999,9;;16,3;16,4;16,4;16,3;16,4;16,3;100;100;100;324;1,3;,8;
2026/05/31;0900 UTC;0;1000,1;1000,3;999,9;;16,1;16,1;16,3;16;16,3;15,9;100;100;100;84;1,2;2,2;
2026/05/31;1000 UTC;0;1000,6;1000,9;1000,3;;16;16;16,1;16;16,1;15,9;100;100;100;240;1,3;,3;
2026/05/31;1100 UTC;0;1001,2;1001,8;1000,8;;16,1;16,1;16,2;16;16,2;15,9;100;100;100;311;,8;,5;
2026/05/31;1200 UTC;0;1001,7;1002;1001,5;;16,2;15,9;16,5;16;16,1;15,8;100;97;99;303;1,2;,6;
2026/05/31;1300 UTC;0;1002,1;1002,4;1001,8;;17;15,9;17,8;16,5;16,3;15,7;97;90;94;101;1,2;,7;
2026/05/31;1400 UTC;0;1001,8;1002,1;1001,5;;19,5;15,9;20,7;17,9;16,7;15,2;91;74;82;135;2,7;1;
2026/05/31;1500 UTC;0;1001,2;1001,5;1000,8;;21,4;15,8;22,1;20,6;16,7;15;78;65;72;135;2,6;1,5;
2026/05/31;1600 UTC;0;1000,4;1001;999,8;;22,6;15,4;23,5;21,9;16,2;14,5;69;59;64;219;2,8;1,2;
2026/05/31;1700 UTC;0;999,4;1000,1;999;;22,8;15,4;23,3;22,1;16;14,5;67;59;63;215;3,4;1;
2026/05/31;1800 UTC;0;998,7;999,1;998,4;;22,4;15,2;23,2;21,8;16,1;14,5;71;57;64;220;1,9;,7;
2026/05/31;1900 UTC;;;;;;;;;;;;;;;;;;
2026/05/31;2000 UTC;0;998,6;999,1;998,3;;20,8;15,7;22,3;19,5;16,4;14,9;81;67;74;265;1,8;,8;
2026/05/31;2100 UTC;0;999,1;999,5;998,9;;18,9;15,2;19,6;18,2;15,7;14,8;86;77;82;232;2,8;1,2;
2026/05/31;2200 UTC;0;999,7;1000,1;999,4;;18,1;15,2;18,3;17,8;15,5;14,8;87;83;85;261;1,9;,8;
2026/05/31;2300 UTC;0;1000,2;1000,7;999,9;;17,2;15,3;17,8;16,7;15,5;15;93;87;90;270;,8;,3;
2026/06/01;0000 UTC;0;1000,6;1000,9;1000,4;;16,1;15,1;16,7;15,9;15,4;14,9;96;93;95;207;,9;,3;
2026/06/01;0100 UTC;0;1000,7;1001;1000,4;;15,7;15,1;15,9;15,5;15,4;14,8;98;96;97;143;,7;,4;
2026/06/01;0200 UTC;0;1000,5;1000,9;1000,3;;15,1;14,6;15,4;14,8;14,9;14,3;;;;149;,7;,3;
2026/06/01;0300 UTC;0;1000,7;1001;1000,5;;15;14,8;15,1;14,9;15;14,8;100;99;99;268;,8;,5;
2026/06/01;0400 UTC;0;1000,5;1000,9;1000,3;;14,9;14,8;15,1;14,8;15;14,6;100;99;100;207;1,1;,5;
2026/06/01;0500 UTC;0;1000,5;1000,8;1000,3;;14,8;14,7;15,1;14,7;15;14,6;100;99;100;148;1,8;,6;
2026/06/01;0600 UTC;0;1000,3;1000,6;1000,2;;14,4;14,4;14,7;14,2;14,7;14,1;100;100;100;251;1,6;,6;
2026/06/01;0700 UTC;0;1000,3;1000,7;1000,1;;14,7;14,8;14,8;14,6;14,8;14,7;100;100;100;263;1,4;,5;
2026/06/01;0800 UTC;0;1000,6;1001;1000,4;;14,8;14,8;14,8;14,7;14,9;14,6;100;99;100;229;1,3;,5;
2026/06/01;0900 UTC;;;;;;;;;;;;;;;;;;
2026/06/01;1000 UTC;0;1001;1001,5;1000,5;;14,8;14,8;14,9;14,8;14,8;14,6;100;99;100;199;1;,5;
2026/06/01;1100 UTC;0;1001,8;1002,2;1001,2;;14,9;14,4;15;14,8;14,6;14;99;95;97;222;1,1;,4;
2026/06/01;1200 UTC;0;1002,4;1002,9;1002,1;;15,2;14,4;15,5;15;14,9;13,8;98;93;96;168;1,5;,5;
2026/06/01;1300 UTC;0;1003;1003,5;1002,6;;15,8;14;16,3;15,6;14,7;13,5;95;86;91;;;;
2026/06/01;1400 UTC;0;1003,2;1003,5;1003;;16,9;13,5;17,5;16,2;13,9;12,9;87;78;83;185;3;,9;
2026/06/01;1500 UTC;0;1002,9;1003,4;1002,6;;18,2;13,2;19,6;17,4;13,7;12;81;66;75;109;2,8;1,5;
2026/06/01;1600 UTC;0;1002,4;1002,9;1002,1;;20;12,6;20,7;19,1;13,6;11,7;100;55;64;207;2,1;,8;
2026/06/01;1700 UTC;0;1001,7;1002,1;1001,3;;20,6;12,3;21,1;19,5;13,2;11,6;100;54;66;136;4,1;2,5;
2026/06/01;1800 UTC;0;1001,5;1001,7;1001,3;;19,7;12,6;20,1;19,4;12,8;12,4;100;63;92;113;2,4;1,2;
2026/06/01;1900 UTC;0;1001,5;1001,5;1001,5;;;;;;;;100;100;100;166;1,7;,6;
2026/06/01;2000 UTC;0;1001,5;1001,5;1001,5;;;;;;;;100;100;100;252;2,1;1,1;
2026/06/01;2100 UTC;0;1001,5;1001,5;1001,5;;;;;;;;100;100;100;213;1,9;,9;
2026/06/01;2200 UTC;0;1001,5;1001,5;1001,5;;;;;;;;100;100;100;223;2,1;,8;
2026/06/01;2300 UTC;0;1001,5;1001,5;1001,5;;;;;;;;100;100;100;291;,7;,4;
2026/06/02;0000 UTC;0;1001,5;1001,5;1001,5;;;;;;;;100;100;100;119;,7;,3;
2026/06/02;0100 UTC;0;1003,3;1003,4;1003,1;;13,7;12,8;13,9;13,3;13,2;12,6;97;94;96;225;,9;,3;
2026/06/02;0200 UTC;0;1003,4;1003,8;1003,1;;13;12,5;13,4;12,6;12,8;12,1;99;97;98;248;1,2;,5;
2026/06/02;0300 UTC;0;1003,7;1004,3;1003,5;;12,5;12,3;12,7;12,3;12,7;11,9;100;98;99;210;,6;,2;
2026/06/02;0400 UTC;0;1004;1004,4;1003,8;;12,5;12,5;12,7;12,4;12,7;12,4;100;100;100;96;1;,5;
2026/06/02;0500 UTC;0;1004,3;1004,6;1004;;12,5;12,6;12,6;12,5;12,7;12,6;100;100;100;196;1;,4;
2026/06/02;0600 UTC;0;1004,1;1004,4;1003,9;;12,7;12,7;12,8;12,6;12,9;12,6;100;100;100;160;,9;,4;
2026/06/02;0700 UTC;0;1003,8;1004,1;1003,6;;12,8;12,8;12,8;12,7;12,9;12,7;100;100;100;153;,7;,4;
2026/06/02;0800 UTC;0;1003,5;1003,8;1003,4;;12,6;12,6;12,7;12,5;12,7;12,3;100;99;100;231;1,1;,6;
2026/06/02;0900 UTC;0;1003,5;1003,9;1003,3;;12,4;12,3;12,7;12,2;12,6;12;100;99;99;252;,9;,5;
2026/06/02;1000 UTC;0;1003,8;1004,1;1003,6;;12,6;12,4;12,7;12,4;12,5;12,3;100;98;99;77;1,3;,6;
2026/06/02;1100 UTC;0;1004,6;1005,4;1004,1;;12,6;12,3;12,9;12,5;12,5;12;100;96;98;81;,7;,3;
2026/06/02;1200 UTC;0;1005,6;1006;1005,2;;13;12;13,3;12,9;12,6;11,5;98;92;95;112;1,4;,7;
2026/06/02;1300 UTC;0;1006,2;1006,7;1005,7;;13,7;11,6;14,1;13,3;12,1;11,2;93;86;90;;;;
2026/06/02;1400 UTC;0;1006,5;1006,9;1006,2;;14,5;11,6;15,3;13,8;12;11,3;89;81;85;;;;
2026/06/02;1500 UTC;0;1006,2;1006,7;1005,7;;15,6;11,7;16;15,2;12,1;11,2;83;78;81;;;;
2026/06/02;1600 UTC;0;1005,2;1005,8;1004,7;;16,3;11,8;16,9;15,7;12,4;11,4;82;75;78;171;2;,8;
2026/06/02;1700 UTC;0;1004,5;1004,8;1004,2;;16,7;12,1;17;16,5;12,7;11,7;79;74;77;240;2,4;,9;
2026/06/02;1800 UTC;;;;;;;;;;;;;;;;;;
2026/06/02;1900 UTC;0;1003,9;1004,6;1003,6;;17,1;12,2;17,5;16,4;12,7;12;79;73;76;212;1,6;,7;
2026/06/02;2000 UTC;0;1003,7;1004;1003,6;;16,4;12,6;17,5;15,6;13;12;86;74;81;255;2,3;1,1;
2026/06/02;2100 UTC;0;1004,4;1004,7;1003,9;;15,5;12,3;15,6;15,3;12,8;12;86;82;84;;;;
2026/06/02;2200 UTC;;;;;;;;;;;;;;;;;;
2026/06/02;2300 UTC;0;1004,7;1005,1;1004,3;;13,5;12,4;13,9;13,1;12,6;12,2;96;92;94;216;,7;,3;
2026/06/03;0000 UTC;0;1005,2;1005,4;1005;;12,8;12,1;13,2;12,5;12,3;12;98;96;97;284;,7;,3;
2026/06/03;0100 UTC;0;1005,3;1005,7;1005,1;;12,3;11,9;12,5;12;12,1;11,5;99;97;98;177;1,1;,7;
2026/06/03;0200 UTC;0;1005,3;1005,5;1005;;11,9;11,6;12,1;11,6;11,9;11,3;100;98;99;286;1,1;,6;
2026/06/03;0300 UTC;0;1005,5;1005,9;1005,3;;12;12,1;12,1;11,9;12,2;12;100;100;100;307;,9;,5;
2026/06/03;0400 UTC;0;1005,4;1005,8;1005,2;;12,1;12,2;12,2;12;12,2;12,1;100;100;100;112;1;,6;
2026/06/03;0500 UTC;0;1005,6;1005,9;1005,4;;11,9;12;12;11,8;12,1;11,9;100;100;100;106;1,5;,9;
2026/06/03;0600 UTC;0;1005,3;1005,6;1004,9;;11,7;11,7;11,9;11,5;11,9;11,5;100;100;100;256;2,2;1;
2026/06/03;0700 UTC;0;1004,9;1005,2;1004,7;;11,6;11,7;11,7;11,5;11,8;11,6;100;100;100;296;,9;,5;
2026/06/03;0800 UTC;0;1004,7;1004,8;1004,5;;11,5;11,5;11,8;11,2;11,8;11,2;100;100;100;225;1,8;,9;
2026/06/03;0900 UTC;0;1004,6;1004,9;1004,4;;11,3;10,9;11,5;11,2;11,2;10,5;100;96;98;304;1,4;,6;
2026/06/03;1000 UTC;0;1005;1005,4;1004,8;;11,4;11,1;11,6;11,2;11,3;11;99;98;99;260;1,6;1,1;
2026/06/03;1100 UTC;;;;;;;;;;;;;;;;;;
2026/06/03;1200 UTC;0;1005,9;1006,3;1005,5;;11,7;10,8;12,4;11,2;11,5;10,2;98;90;95;215;1,8;,7;
2026/06/03;1300 UTC;0;1006,4;1006,8;1006,2;;13,1;11;14,9;11,9;11,5;10,5;95;83;90;160;2,4;1,3;
2026/06/03;1400 UTC;0;1006,3;1006,6;1006,1;;16,2;11,6;17,7;14,8;12,5;10,9;82;72;77;104;2,4;1,3;
2026/06/03;1500 UTC;0;1005,9;1006,4;1005,6;;18,5;12,3;19,8;17,5;13;11,6;75;63;69;91;2,8;1,5;
2026/06/03;1600 UTC;0;1005,3;1005,7;1004,6;;20,5;13,1;21,3;19,8;14;12,5;100;60;64;86;2,8;1,4;
2026/06/03;1700 UTC;0;1004,4;1004,7;1004,2;;22,1;13,9;22,7;21,3;14,5;13,2;100;56;63;112;2;1;
2026/06/03;1800 UTC;0;1003,9;1004,4;1003,7;;22,9;14,4;23,5;22,6;15,3;14;100;55;59;89;2;1;
2026/06/03;1900 UTC;;;;;;;;;;;;;;;;;;
2026/06/03;2000 UTC;0;1003,5;1003,8;1003,4;;21,8;15,5;23,2;19,3;16,2;14,7;100;58;70;227;1,1;,5;
2026/06/03;2100 UTC;0;1003,9;1004,2;1003,6;;18,5;14,7;19,3;17,4;15,2;14,4;86;77;81;186;1,1;,5;
2026/06/03;2200 UTC;0;1004,3;1004,6;1004;;17,2;14,7;17,6;16,4;14,9;14,5;91;86;88;267;1,2;,7;
2026/06/03;2300 UTC;0;1004,7;1005,1;1004,4;;15,7;14,4;16,4;15,1;14,6;14,1;96;91;93;296;1,2;,6;
2026/06/04;0000 UTC;0;1005,3;1005,9;1004,9;;14,8;14;15,1;14,4;14,4;13,6;98;95;96;238;,9;,3;
2026/06/04;0100 UTC;0;1005,8;1006,2;1005,6;;14,3;13,7;14,6;13,7;14,1;13,2;99;95;97;278;1,4;,7;
2026/06/04;0200 UTC;0;1006,3;1006,6;1005,9;;13,6;13,3;13,8;13,2;13,6;13;99;98;99;312;1,5;,7;
2026/06/04;0300 UTC;0;1006,6;1006,9;1006,5;;13,1;13,1;13,3;13;13,3;12,9;100;99;100;312;1,3;,8;
2026/06/04;0400 UTC;0;1006,8;1007,3;1006,5;;13;13,1;13,2;12,9;13,2;12,9;100;100;100;157;2,2;1,1;
2026/06/04;0500 UTC;0;1006,9;1007,2;1006,4;;12,8;12,9;12,9;12,8;13;12,8;100;100;100;112;1,5;,9;
2026/06/04;0600 UTC;0;1006,4;1006,8;1006,3;;12,6;12,6;12,8;12,3;12,8;12,4;100;100;100;76;2,5;1,5;
2026/06/04;0700 UTC;0;1006,4;1006,8;1006,2;;12,3;12,4;12,4;12,2;12,5;12,3;100;100;100;320;3;1,7;
2026/06/04;0800 UTC;0;1006,5;1006,6;1006,3;;12;12,1;12,2;11,8;12,2;11,8;100;100;100;223;1,8;1,1;
2026/06/04;0900 UTC;0;1006,5;1006,9;1006,3;;11,7;11,7;11,8;11,5;11,9;11,5;100;100;100;75;1,3;,9;
2026/06/04;1000 UTC;0;1007,1;1007,4;1006,7;;11,5;11,5;11,6;11,4;11,6;11,4;100;100;100;237;2,8;1,7;
2026/06/04;1100 UTC;0;1007,6;1008;1007,3;;11,4;11,4;11,5;11,3;11,5;11,4;100;100;100;231;2,1;1,3;
2026/06/04;1200 UTC;0;1007,9;1008,3;1007,5;;11,6;11,7;12,2;11,4;12,3;11,4;100;100;100;256;2;1,2;
2026/06/04;1300 UTC;0;1008,1;1008,3;1007,9;;13,1;12,2;14,9;12,2;12,5;11,7;100;85;95;93;3;2,3;
2026/06/04;1400 UTC;0;1007,5;1008,2;1007,1;;16,2;12,1;17,7;15;12,9;11,6;85;74;79;125;2,1;1,1;
2026/06/04;1500 UTC;0;1006,7;1007,1;1006,3;;18,9;13,1;20,4;17,7;14;12,4;76;66;71;141;1,8;,7;
2026/06/04;1600 UTC;0;1005,8;1006,6;1005,2;;22;14,1;23;20,5;14,8;13,4;100;54;65;154;1,8;,8;
2026/06/04;1700 UTC;0;1004,9;1005,3;1004,5;;23,6;14,8;24,4;22,9;15,4;14,1;100;51;57;241;2,3;,9;
2026/06/04;1800 UTC;0;1004,2;1004,4;1004;;24,6;15,2;25,6;24,2;16;14,8;56;51;53;156;2,6;1,1;
2026/06/04;1900 UTC;;;;;;;;;;;;;;;;;;
2026/06/04;2000 UTC;0;1003,8;1004,1;1003,6;;23,2;15,1;25,2;20,5;16,3;14,4;72;50;59;227;2,4;1;
2026/06/04;2100 UTC;0;1003,9;1004,3;1003,8;;19,6;14,5;20,5;18,6;15,1;14;81;69;74;283;1,1;,7;
2026/06/04;2200 UTC;0;1004;1004,4;1003,8;;18,2;14,6;18,9;17,1;14,8;14,3;87;79;82;162;1,2;,5;
2026/06/04;2300 UTC;0;1004,2;1004,6;1004,1;;16,3;14,4;17;15,7;14,6;14,2;94;88;91;140;,9;,3;
2026/06/05;0000 UTC;0;1004,4;1004,7;1004,2;;15,3;14,2;15,7;14,9;14,4;14;96;93;95;222;,6;,2;
2026/06/05;0100 UTC;0;1004,6;1004,9;1004,4;;14,5;13,9;14,8;14,2;14,1;13,6;98;96;97;226;,9;,4;
2026/06/05;0200 UTC;0;1004,7;1005,2;1004,5;;14;13,6;14,2;13,8;13,8;13,3;99;97;98;155;,6;,3;
2026/06/05;0300 UTC;0;1004,8;1005,2;1004,6;;13,7;13,5;13,9;13,6;13,9;13,3;100;98;99;192;1,1;,4;
2026/06/05;0400 UTC;0;1004,6;1004,9;1004,4;;13,6;13,7;13,9;13,2;13,9;13,3;100;100;100;294;1,1;,7;
2026/06/05;0500 UTC;0;1004,6;1004,9;1004,3;;13,4;13,4;13,5;13,2;13,5;13,3;100;100;100;153;1,4;,7;
2026/06/05;0600 UTC;0;1004,1;1004,6;1003,7;;13,1;13,2;13,4;12,9;13,4;13;100;100;100;43;2,2;1,1;
2026/06/05;0700 UTC;0;1003,6;1003,7;1003,5;;12,8;12,9;13;12,7;13;12,7;100;100;100;261;1,5;,8;
2026/06/05;0800 UTC;0;1003,6;1004;1003,4;;12,5;12,6;12,7;12,3;12,8;12,3;100;100;100;320;1,8;1;
2026/06/05;0900 UTC;0;1003,6;1004;1003,4;;12,2;12,3;12,3;12,1;12,4;12,2;100;100;100;166;1,5;,9;
2026/06/05;1000 UTC;,2;1004,3;1004,5;1003,9;;12,1;12,2;12,3;11,9;12,3;12;100;100;100;135;1,7;,8;
2026/06/05;1100 UTC;0;1004,7;1005,1;1004,5;;12,1;12,1;12,1;12;12,2;12,1;100;100;100;192;2,1;1,1;
2026/06/05;1200 UTC;0;1005;1005,3;1004,8;;12,1;12,2;12,2;12;12,3;12,1;100;100;100;315;2,1;1,2;
2026/06/05;1300 UTC;0;1005,2;1005,5;1004,9;;12,6;12,7;13,2;12,2;13,2;12,3;100;100;100;176;2;1,1;
2026/06/05;1400 UTC;0;1005;1005,5;1004,6;;14,1;13,9;15,5;13,1;15,1;13,1;100;94;99;126;2,1;1,2;
2026/06/05;1500 UTC;0;1004,2;1004,6;1003,7;;17,3;14,7;19,6;15,4;15,5;14,1;95;75;87;145;2;1,1;
2026/06/05;1600 UTC;0;1003,1;1003,8;1002,4;;21,4;15,6;22,3;19,6;16,3;14,5;100;68;72;183;2;1,1;
2026/06/05;1700 UTC;0;1001,9;1002,6;1001,3;;23;16,2;23,4;22,4;16,8;15,6;100;63;74;236;1,6;,9;
2026/06/05;1800 UTC;0;1001,1;1001,6;1000,9;;24;16,8;24,9;23,3;17,7;16,2;100;60;66;198;1,8;,9;
2026/06/05;1900 UTC;0;1000,7;1001,2;1000,5;;24,5;17,1;24,8;24,1;17,7;16,6;100;60;63;328;1,2;,7;
2026/06/05;2000 UTC;0;1000,5;1000,8;1000,4;;23;16,9;24,4;21;17,5;16,2;100;62;71;280;1,6;1;
2026/06/05;2100 UTC;0;1000,4;1000,7;1000,2;;20,3;16,3;21;19,4;16,7;15,9;84;76;80;220;,9;,4;
2026/06/05;2200 UTC;0;1000,2;1000,3;1000;;18,8;16,1;19,5;17,8;16,3;15,9;90;83;86;241;1,3;,7;
2026/06/05;2300 UTC;0;1000,2;1000,7;1000,1;;17,5;15,9;17,9;17,3;16;15,8;94;90;92;287;1,5;,8;
2026/06/06;0000 UTC;0;1000,2;1000,4;1000,1;;16,8;15,8;17,3;16,6;16;15,6;97;93;95;;;;
2026/06/06;0100 UTC;0;1000,3;1000,6;1000,1;;16;15,3;16,6;15,8;15,9;14,9;97;95;96;;;;
2026/06/06;0200 UTC;0;1000,2;1000,5;1000;;15,6;15,2;15,8;15,4;15,5;14,9;99;97;98;;;;
2026/06/06;0300 UTC;0;1000,1;1000,5;1000;;15,2;15;15,5;15;15,2;14,6;100;97;99;;;;
2026/06/06;0400 UTC;0;1000,1;1000,5;999,9;;14,8;14,7;15;14,6;14,8;14,5;100;99;99;;;;
2026/06/06;0500 UTC;0;999,8;1000,3;999,6;;14,7;14,8;14,8;14,6;14,8;14,6;100;100;100;;;;
2026/06/06;0600 UTC;0;999,6;1000;999,4;;14,6;14,7;14,7;14,5;14,8;14,6;100;100;100;;;;
2026/06/06;0700 UTC;0;999,4;999,8;999,3;;14,4;14,5;14,5;14,3;14,6;14,3;100;100;100;200;2,2;,9;
2026/06/06;0800 UTC;0;999,1;999,4;998,9;;14,2;14,2;14,3;14,1;14,4;14,2;100;100;100;;;;
2026/06/06;0900 UTC;0;999,2;999,7;999;;14,1;14,1;14,2;14;14,2;14;100;100;100;3;1,9;,9;
2026/06/06;1000 UTC;0;999,5;999,9;999,3;;13,8;13,9;14;13,7;14;13,8;100;100;100;97;2,9;1;
2026/06/06;1100 UTC;0;999,7;1000,1;999,4;;13,8;13,6;14;13,7;13,8;13,5;100;97;99;;;;
2026/06/06;1200 UTC;0;999,6;999,7;999,4;;14,2;13,3;14,4;14;13,6;13,1;98;93;96;78;2,7;1,5;
2026/06/06;1300 UTC;0;999,8;1000,1;999,5;;14,9;13,2;15,3;14,4;13,5;12,9;94;89;92;64;1,9;1,7;
2026/06/06;1400 UTC;;;;;;;;;;;;;;;;;;
2026/06/06;1500 UTC;0;998,8;999,5;998,4;;19,3;14,2;20,4;18,1;14,9;13,4;81;69;74;217;2,7;1,3;
2026/06/06;1600 UTC;0;997,9;998,5;997,3;;21;15;21,6;20,3;15,7;14,4;100;67;72;229;2,2;1,2;
2026/06/06;1700 UTC;0;996,7;997,4;996,4;;22,7;15,9;23,3;21,5;16,4;15,3;100;64;71;185;1,7;,8;
2026/06/06;1800 UTC;0;996,3;996,7;996,1;;23;16,5;23,9;22,6;17,4;16,1;100;63;68;221;1,3;,5;
2026/06/06;1900 UTC;0;996;996,5;995,8;;22,9;16,9;23,5;22,4;17,5;16,2;100;67;72;227;1,5;,8;
2026/06/06;2000 UTC;0;996,1;996,5;995,9;;22,7;17,9;23,6;21,4;18,6;17;100;68;79;217;1,3;,6;
2026/06/06;2100 UTC;0;996,2;996,5;995,9;;20,3;17,3;21,4;19,9;18;16,8;87;82;85;184;1;,4;
2026/06/06;2200 UTC;0;996,7;996,9;996,4;;19,2;17;19,8;18,7;17,3;16,8;92;86;89;255;1,1;,4;
2026/06/06;2300 UTC;0;997;997,5;996,7;;18,4;17;18,8;18,1;17,2;16,7;95;91;93;272;1,1;,7;
2026/06/07;0000 UTC;0;997,3;997,7;997,2;;17,8;17;18,1;17,6;17,1;16,9;97;95;96;157;1,4;,9;
2026/06/07;0100 UTC;0;997;997,4;996,9;;17,4;16,6;17,7;17,2;16,9;16,4;97;95;96;207;,9;,3;
2026/06/07;0200 UTC;0;997,1;997,5;997;;17,1;16,6;17,2;16,9;17;16,5;99;97;98;299;1,8;,8;
2026/06/07;0300 UTC;0;997,1;997,5;996,9;;17,1;16,9;17,3;17;17,1;16,8;99;98;99;247;2;1;
2026/06/07;0400 UTC;0;997;997,3;996,8;;17;16,8;17,1;16,8;16,9;16,7;100;98;99;247;1,1;,6;
2026/06/07;0500 UTC;0;996,9;997,3;996,7;;16,8;16,8;16,9;16,8;16,8;16,7;100;100;100;267;,8;,1;
2026/06/07;0600 UTC;0;996,7;997,3;996,4;;16,7;16,7;16,8;16,6;16,8;16,6;100;100;100;333;1,4;,8;
2026/06/07;0700 UTC;,4;996,4;996,8;996,1;;16,6;16,6;16,7;16,6;16,7;16,6;100;100;100;;;;
2026/06/07;0800 UTC;,6;995,9;996,4;995,5;;16,5;16,6;16,6;16,5;16,6;16,5;100;100;100;238;,7;,4;
2026/06/07;0900 UTC;0;995,8;996,1;995,5;;16,5;16,5;16,6;16,4;16,6;16,5;100;100;100;199;,4;,3;
2026/06/07;1000 UTC;0;996,5;997,1;996;;16,5;16,6;16,6;16,4;16,7;16,5;100;100;100;;;;
2026/06/07;1100 UTC;0;997;997,2;996,7;;16,5;16,5;16,5;16,4;16,6;16,5;100;100;100;;;;
2026/06/07;1200 UTC;0;997,3;997,7;997;;16,7;16,7;16,8;16,6;16,8;16,6;100;100;100;;;;
2026/06/07;1300 UTC;4,6;997,8;998,4;997,5;;16,8;16,9;17;16,7;17,1;16,7;100;100;100;;;;
2026/06/07;1400 UTC;;;;;;;;;;;;;;;;;;
2026/06/07;1500 UTC;1;998,2;998,5;998;;17,2;16,8;17,5;17,1;17,2;16,5;100;96;98;165;2,2;,5;
2026/06/07;1600 UTC;,6;997,8;998,2;997,5;;17,5;16,6;17,6;17,4;16,9;16,3;97;94;95;251;1,8;,7;
2026/06/07;1700 UTC;0;996,8;997,7;996,2;;17,9;16,7;18,5;17,5;17,2;15,9;97;90;94;122;2,1;,7;
2026/06/07;1800 UTC;0;996,5;996,8;996,2;;18,2;16,9;18,5;17,9;17,3;16,5;96;90;93;206;2,6;1,2;
2026/06/07;1900 UTC;0;996,6;996,8;996,3;;17,8;16,7;18;17,7;17,1;16,3;96;93;94;191;2;,7;
2026/06/07;2000 UTC;0;996,9;997,4;996,5;;17,2;16,1;17,8;16,7;16,6;15,8;96;92;95;239;2,6;,8;
2026/06/07;2100 UTC;0;997,3;997,7;997,2;;16,6;16;16,6;16,5;16,2;15,8;98;96;97;211;2,2;,6;
2026/06/07;2200 UTC;0;997,5;997,8;997,1;;16,4;16;16,6;16,3;16,1;15,9;98;97;98;237;2;,8;
2026/06/07;2300 UTC;0;997,7;998,1;997,5;;16,4;15,8;16,5;16,3;16;15,7;98;96;97;229;1,8;,5;
2026/06/08;0000 UTC;0;998,2;998,5;997,9;;16,4;15,6;16,5;16,3;15,7;15,4;96;95;96;204;2,7;,8;
2026/06/08;0100 UTC;0;998,3;998,7;998,1;;16,2;15,5;16,3;16,1;15,6;15,2;97;95;96;222;1,8;,5;
2026/06/08;0200 UTC;0;998,2;998,6;998,1;;16;15,4;16,1;16;15,7;15,1;98;95;97;218;2;,8;
2026/06/08;0300 UTC;0;998,5;998,9;998,2;;16;15,1;16,1;15,9;15,3;14,9;96;94;95;209;1,1;,5;
2026/06/08;0400 UTC;0;998,1;998,4;997,8;;15,9;15,2;16;15,8;15,4;15;97;95;97;251;,9;,4;
2026/06/08;0500 UTC;0;997,5;997,8;997,2;;15,8;15,2;15,9;15,7;15,6;14,8;99;95;97;231;1,8;,7;
2026/06/08;0600 UTC;0;997,2;997,5;996,8;;15,6;15;15,7;15,6;15,1;14,9;97;96;97;209;1,5;,4;
2026/06/08;0700 UTC;0;996,9;997,2;996,6;;15,6;15,1;15,6;15,5;15,2;14,9;98;97;97;240;1,8;,7;
2026/06/08;0800 UTC;,4;996,7;997;996,5;;15,5;14,9;15,5;15,4;15,1;14,7;98;97;97;164;2;,5;
2026/06/08;0900 UTC;2,4;996,9;997,1;996,6;;15,3;14,9;15,5;15,2;15,1;14,7;99;96;98;272;1,3;,8;
2026/06/08;1000 UTC;0;997,4;997,9;997,1;;15,2;14,9;15,2;15,1;15;14,8;99;98;99;90;1,1;,5;
2026/06/08;1100 UTC;,6;997,5;997,8;997,2;;15,2;14,9;15,3;15,1;15,2;14,7;100;97;99;296;1,2;,5;
2026/06/08;1200 UTC;;;;;;;;;;;;;;;;;;
2026/06/08;1300 UTC;0;997,9;998,2;997,7;;15,9;15,5;16,3;15,4;16;15,1;100;95;98;156;2,3;1;
2026/06/08;1400 UTC;0;997,9;998,2;997,7;;16,9;15,5;17,6;16,2;16;15,1;97;89;93;198;2,7;,9;
2026/06/08;1500 UTC;0;997,4;998;997;;18,2;15,9;18,8;17,2;16,8;15,5;93;84;89;107;1,9;,8;
2026/06/08;1600 UTC;0;996,7;997,3;996,3;;19,6;16,3;20,1;18,5;17,1;15,7;100;79;84;66;1,8;1;
2026/06/08;1700 UTC;0;995,8;996,4;995,3;;20,1;16,4;21,2;19,6;17,5;15,8;100;75;82;182;1,8;,7;
2026/06/08;1800 UTC;0;995,2;995,6;995,1;;21,3;17;22;20,6;17,9;16,4;100;73;80;123;2,7;1,5;
2026/06/08;1900 UTC;0;995,4;995,5;995,2;;20,7;17,4;21,5;20,4;18;16,8;100;78;96;221;2,1;,9;
2026/06/08;2000 UTC;0;995,5;995,5;995,5;;;;;;;;100;100;100;258;1,2;,6;
2026/06/08;2100 UTC;0;995,5;995,5;995,5;;;;;;;;100;100;100;260;2,2;1,2;
2026/06/08;2200 UTC;0;995,5;995,5;995,5;;;;;;;;100;100;100;241;1,8;1;
2026/06/08;2300 UTC;0;995,5;995,5;995,5;;;;;;;;100;100;100;254;1,6;,7;
2026/06/09;0000 UTC;0;995,5;995,5;995,5;;;;;;;;100;100;100;174;1,4;,4;
2026/06/09;0100 UTC;0;996,9;997,3;996,6;;17;16,3;17,2;16,8;16,5;16,2;98;96;97;258;,8;,5;
2026/06/09;0200 UTC;0;997;997,4;996,9;;16,7;16,3;16,9;16,6;16,5;16,2;98;98;98;246;1;,6;
2026/06/09;0300 UTC;0;997;997,4;996,7;;16,4;16,1;16,6;16,2;16,4;15,9;100;98;99;95;,6;,4;
2026/06/09;0400 UTC;0;996,7;997,1;996,5;;16,2;16,2;16,5;16;16,4;16;100;100;100;208;1,9;1;
2026/06/09;0500 UTC;0;996,8;997,1;996,6;;15,9;15,7;16;15,7;16;15,4;100;98;99;277;,9;,3;
2026/06/09;0600 UTC;0;996,7;997,1;996,4;;15,8;15,5;16;15,7;15,7;15,3;99;97;99;260;1;,5;
2026/06/09;0700 UTC;0;979,9;996,8;;;15,8;15,4;16,1;15,5;15,5;15,2;99;96;98;287;;4,5;
2026/06/09;0800 UTC;0;996,6;996,9;996,5;;15,5;15,3;15,6;15,5;15,4;15,2;100;99;99;183;1;,5;
2026/06/09;0900 UTC;0;996,9;997,4;996,6;;15,4;15,2;15,5;15,3;15,4;15,1;99;99;99;268;,4;,1;
2026/06/09;1000 UTC;0;997,3;997,9;996,8;;15,1;14,9;15,3;14,7;15,1;14,4;99;98;99;266;1,2;,6;
2026/06/09;1100 UTC;0;998;998,4;997,7;;14,5;13,8;14,7;14,3;14,4;13,1;98;93;96;237;1;,4;
2026/06/09;1200 UTC;0;998,5;998,8;998,3;;15;14,5;15,3;14,6;14,8;14,1;98;97;97;69;1,3;,8;
2026/06/09;1300 UTC;0;998,8;999,2;998,5;;16;14,6;16,7;15,1;15;13,8;98;86;93;119;1,4;,6;
2026/06/09;1400 UTC;0;999;999,3;998,5;;17,3;13,9;18,2;16,8;15;12,4;91;72;83;137;2,4;1;
2026/06/09;1500 UTC;0;998,3;998,6;998;;19,1;12,5;20,1;18,2;13,8;11,6;78;60;67;199;4,3;1,3;
2026/06/09;1600 UTC;0;997,5;998;996,9;;19,4;11,6;20,3;18,9;13,2;10,5;65;55;61;247;4,1;1,8;
2026/06/09;1700 UTC;0;996,8;997,5;996,5;;19,9;11,1;20,7;19,2;12,3;10,2;60;50;56;237;4,4;1,6;
2026/06/09;1800 UTC;0;996,4;996,8;995,9;;20,1;11,5;20,7;19,7;12,4;10,8;100;54;60;234;2,9;1;
2026/06/09;1900 UTC;0;995,8;996,2;995,6;;20,4;11,8;20,8;19,7;12,8;10,9;100;53;58;141;3,8;1,6;
2026/06/09;2000 UTC;0;996,1;996,6;995,9;;18,4;13,3;19,4;17,6;13,8;12,5;100;65;75;220;1,5;,4;
2026/06/09;2100 UTC;0;996,9;997,4;996,3;;17;13,7;17,6;16,6;14,1;13,1;86;79;83;203;2,4;,6;
2026/06/09;2200 UTC;0;997,5;997,9;997,2;;16,3;13,6;16,6;15,9;13,9;13,2;89;84;87;222;1,6;,7;
2026/06/09;2300 UTC;0;997,2;997,8;997;;15,1;13,3;16;14,4;13,7;12,7;94;86;91;207;2,1;1,1;
2026/06/10;0000 UTC;0;997,3;997,7;996,9;;14,2;12,9;14,8;13,6;13,1;12,7;96;90;94;162;1,7;,5;
2026/06/10;0100 UTC;0;998,2;998,7;997,6;;13,8;13,2;14;13,5;13,4;12,8;97;96;97;132;,8;,3;
2026/06/10;0200 UTC;0;998,4;998,8;998,2;;13,8;13,1;14;13,7;13,4;12,9;97;96;97;310;,8;,5;
2026/06/10;0300 UTC;0;998,2;998,7;998;;13,8;13;13,9;13,7;13,4;12,8;98;95;96;215;1,3;,6;
2026/06/10;0400 UTC;0;998,1;998,5;997,6;;13,6;13,4;13,8;13,6;13,5;13,4;99;98;99;91;,7;,4;
2026/06/10;0500 UTC;0;997,3;997,8;996,9;;13,4;13,1;13,6;13,3;13,4;12,9;99;98;99;229;1,3;,6;
2026/06/10;0600 UTC;0;996,8;997,2;996,5;;13,3;13,1;13,3;13,2;13,3;12,9;100;98;99;173;,8;,4;
2026/06/10;0700 UTC;0;996,7;997;996,4;;13,3;13,2;13,4;13,2;13,4;13,1;100;99;100;56;1,3;,9;
2026/06/10;0800 UTC;0;996,2;996,6;996;;13,1;12,7;13,2;13,1;13,1;12,4;99;97;98;56;1,4;,9;
2026/06/10;0900 UTC;0;996,3;997;995,8;;13;12,3;13,1;12,8;12,5;11,7;97;94;97;323;1,6;1;
2026/06/10;1000 UTC;;;;;;;;;;;;;;;;;;
2026/06/10;1100 UTC;0;997,9;998,4;997,5;;12,6;10,9;12,7;12,5;11,3;10,6;93;90;92;301;1,2;,6;
2026/06/10;1200 UTC;0;997,9;998,2;997,5;;13;11,2;13,3;12,7;11,6;10,9;93;90;91;54;1;,7;
2026/06/10;1300 UTC;0;998;998,2;997,5;;13,5;11,1;13,7;13,2;11,6;10,7;92;86;88;87;2,8;1,5;
2026/06/10;1400 UTC;0;997,8;998,2;997,5;;13,9;10,8;14,1;13,7;11,1;10,6;87;83;84;89;3,6;1,6;
2026/06/10;1500 UTC;0;997,4;997,9;996,9;;14,5;10,6;14,9;14,2;11,1;10,2;85;78;81;92;2,2;1,3;
2026/06/10;1600 UTC;0;996,7;996,9;996,4;;15,2;10,6;15,4;14,9;11,3;10,2;80;75;77;156;2,3;1,1;
2026/06/10;1700 UTC;0;996,1;996,5;995,8;;15,6;11;15,7;15,3;11,6;10,6;80;75;77;155;1,4;,5;
2026/06/10;1800 UTC;0;995,6;996;995,3;;15,5;11,3;15,8;15,4;11,9;10,9;82;75;79;299;1,2;,7;
2026/06/10;1900 UTC;0;995,1;995,4;994,9;;15,4;11,7;15,6;15,2;12,3;11,2;85;79;81;207;2,1;,5;
2026/06/10;2000 UTC;0;994,8;995,4;994,5;;14,8;12,2;15,2;14,4;12,7;11,7;91;83;87;230;1;,5;
2026/06/10;2100 UTC;0;994,8;995,2;994,5;;13,8;12,2;14,3;13,4;12,7;11,8;94;90;92;245;1,4;,8;
2026/06/10;2200 UTC;0;995;995,4;994,8;;13,6;12,5;13,8;13,3;12,8;12;96;93;95;245;,9;,5;
2026/06/10;2300 UTC;0;995,3;995,7;995;;13,7;12,9;13,9;13,6;13,1;12,5;97;94;96;165;,7;,3;
2026/06/11;0000 UTC;0;995,4;995,7;995,2;;13,8;13,1;13,9;13,8;13,3;12,8;97;95;96;222;1;,3;
2026/06/11;0100 UTC;0;995,7;996,1;995,5;;13,8;13,1;13,9;13,8;13,3;13;97;96;96;155;1,8;1;
2026/06/11;0200 UTC;0;996;996,5;995,6;;13,8;13,3;13,9;13,8;13,4;13,2;98;97;97;89;,8;,1;
2026/06/11;0300 UTC;0;996;996,4;995,7;;13,9;13,4;13,9;13,8;13,5;13,3;98;97;98;205;,9;,3;
2026/06/11;0400 UTC;0;995,9;996,3;995,7;;13,9;13,4;14;13,9;13,6;13,2;98;96;98;222;,6;,3;
2026/06/11;0500 UTC;0;995,7;996,3;995,1;;13,9;13,6;14;13,8;13,7;13,3;99;97;98;299;1;,4;
2026/06/11;0600 UTC;0;995,1;995,6;994,7;;13,7;13,4;13,8;13,6;13,6;13,2;99;97;98;294;1;,5;
2026/06/11;0700 UTC;0;994,6;994,9;994,4;;13,8;13,5;13,8;13,7;13,6;13,3;99;98;99;203;,5;,3;
2026/06/11;0800 UTC;0;994,6;995;994,4;;13,7;13,6;13,8;13,7;13,6;13,5;99;99;99;138;1;,6;
2026/06/11;0900 UTC;0;995;995,5;994,6;;13,8;13,4;13,9;13,7;13,6;13,1;99;96;98;152;1,2;,6;
2026/06/11;1000 UTC;;;;;;;;;;;;;;;;;;
2026/06/11;1100 UTC;0;996,4;996,7;996,1;;13,9;13,3;13,9;13,8;13,6;12,9;99;95;97;150;,8;,3;
2026/06/11;1200 UTC;0;996,6;996,7;996,3;;14;13,4;14,2;13,8;13,6;13,3;99;96;97;69;1,3;,6;
2026/06/11;1300 UTC;0;996,9;997,3;996,7;;14,5;13,3;15;14,1;13,6;13,1;96;91;94;169;1,9;,7;
2026/06/11;1400 UTC;0;996,9;997,3;996,7;;15,5;13,3;16;14,9;13,7;13,1;92;86;89;159;2;,9;
2026/06/11;1500 UTC;0;996,5;997;996;;16,5;13,5;17,2;15,8;13,9;13,2;88;81;85;90;1,8;,9;
2026/06/11;1600 UTC;0;995,5;996;995;;17,5;13,6;17,8;17,2;14,3;13;83;78;80;217;2;1;
2026/06/11;1700 UTC;0;994,7;995,1;994,5;;17,7;14,1;18;17,4;14,4;13,6;85;79;82;242;2,8;1;
2026/06/11;1800 UTC;0;993,9;994,6;993,4;;18,3;14,3;18,6;17,7;14,6;13,9;82;77;80;206;2,1;,9;
2026/06/11;1900 UTC;0;993,6;994;993,3;;17,6;14,3;18,1;17,1;14,7;13,9;86;81;83;231;2,6;1;
2026/06/11;2000 UTC;0;993,4;993,7;993,1;;16,7;14,1;17,1;16,4;14,3;13,9;88;85;87;221;3,3;1,2;
2026/06/11;2100 UTC;;;;;;;;;;;;;;;;;;
2026/06/11;2200 UTC;0;994,6;995,1;994,2;;15,4;13,6;15,6;15,2;13,9;13,5;93;90;91;227;1,9;,7;
2026/06/11;2300 UTC;0;994,5;995,1;993,9;;15,1;13,9;15,2;14,9;14,2;13,6;96;92;94;229;1,6;,7;
2026/06/12;0000 UTC;0;993,5;994,1;993,1;;15;14,1;15;14,9;14,3;13,9;96;95;96;277;,9;,5;
2026/06/12;0100 UTC;0;993,3;993,7;992,7;;14,9;14;15;14,8;14,2;14;96;95;96;189;1,1;,4;
2026/06/12;0200 UTC;0;992,8;993,1;992,6;;15;14;15;14,9;14,2;13,9;96;95;95;255;1,5;,6;
2026/06/12;0300 UTC;;;;;;;;;;;;;;;;;;
2026/06/12;0400 UTC;,2;991,9;992,3;991,2;;14,9;14,2;14,9;14,7;14,3;14;98;95;97;195;1,9;,7;
2026/06/12;0500 UTC;0;991;991,6;990,5;;14,7;14,2;14,8;14,6;14,5;14;99;97;98;211;1,7;,7;
2026/06/12;0600 UTC;0;990;990,6;989,6;;14,6;14,1;14,7;14,6;14,2;14;98;97;97;249;1;,4;
2026/06/12;0700 UTC;,2;989,1;989,8;988,4;;14,7;14,2;14,7;14,6;14,5;13,9;99;96;98;248;1,3;,4;
2026/06/12;0800 UTC;4;989,1;989,5;988,6;;14,5;14,2;14,6;14,5;14,3;14;99;97;98;257;1,1;,6;
2026/06/12;0900 UTC;,2;988,9;989,4;988,6;;14,5;14,4;14,5;14,4;14,5;14,3;100;99;100;293;1,5;,7;
2026/06/12;1000 UTC;,4;988,6;988,8;988,3;;14,4;14,5;14,5;14,4;14,5;14,4;100;100;100;152;1;,6;
2026/06/12;1100 UTC;0;988,5;988,7;988,3;;14,5;14,5;14,5;14,4;14,5;14,5;100;100;100;307;,7;,4;
2026/06/12;1200 UTC;0;988,6;988,9;988,5;;14,7;14,7;15,6;14,5;15,2;14,5;100;98;100;171;1,1;,5;
2026/06/12;1300 UTC;0;989;989,5;988,7;;15,9;14,9;16,2;15,6;15,5;14,5;97;92;95;81;1,8;1,1;
2026/06/12;1400 UTC;0;988,9;989,4;988,7;;16;14,9;16,2;15,8;15,2;14,1;97;90;95;197;2,4;,8;
2026/06/12;1500 UTC;2,4;988,8;989,3;988,6;;16;15,4;16,3;15,7;15,7;14,9;99;94;97;224;1,9;,5;
2026/06/12;1600 UTC;,8;988,2;988,6;987,9;;15,9;15,7;16,3;15,7;16;15,5;100;98;99;89;1,7;1,1;
2026/06/12;1700 UTC;0;988;988,5;987,8;;16,5;16;16,6;16,2;16,2;15,7;98;96;98;211;1,3;,4;
2026/06/12;1800 UTC;,2;988;988,5;987,7;;16,7;15,3;16,9;16,5;16,3;14,2;99;88;93;292;4,9;1,3;
2026/06/12;1900 UTC;,4;988,7;989,1;988,4;;16,2;15;16,6;15,8;15,4;14,3;96;88;94;260;2,4;1,1;
2026/06/12;2000 UTC;,6;989,2;989,4;988,8;;15,7;14,8;15,8;15,5;15,1;14,2;97;93;96;217;,7;,3;
2026/06/12;2100 UTC;0;989,9;990,5;989,4;;15,4;14,8;15,5;15,2;15,1;14,1;99;93;97;237;1,5;,6;
2026/06/12;2200 UTC;0;990,8;991,4;990,2;;15,4;14,1;15,6;15,1;14,5;13,5;96;90;93;206;2,9;,9;
2026/06/12;2300 UTC;0;991,8;992,5;991,3;;15,2;13,8;15,5;15;14,2;13,1;95;89;93;239;1,6;,7;
2026/06/13;0000 UTC;,4;992,8;993,2;992,1;;14,8;14,1;15,1;14,6;14,4;13,3;99;92;96;166;1,2;,7;
2026/06/13;0100 UTC;,2;993,7;994;993,3;;14,4;14,2;14,6;14,3;14,3;14,1;100;98;99;312;,9;,6;
2026/06/13;0200 UTC;,2;994,1;994,5;993,7;;14,2;14,1;14,3;14,1;14,3;13,9;100;99;100;113;,8;,4;
2026/06/13;0300 UTC;,6;994,5;994,7;994,3;;14,1;14,1;14,2;14;14,2;14;100;99;100;160;,6;,2;
2026/06/13;0400 UTC;1;994,5;994,6;994,3;;13,9;13,9;14;13,8;14;13,6;100;99;100;141;2;,9;
2026/06/13;0500 UTC;0;994,5;994,8;994,3;;13,7;13,3;13,8;13,5;13,7;12,3;99;94;98;295;1,4;,8;
2026/06/13;0600 UTC;0;994,7;995,1;994,3;;13,5;12,6;13,7;13,4;13,2;11,6;98;89;96;228;1,5;,6;
2026/06/13;0700 UTC;0;994,8;995,1;994,7;;13,2;12,7;13,4;13,1;12,9;12,2;99;94;97;211;,9;,3;
2026/06/13;0800 UTC;0;995,2;995,6;994,9;;13,2;13;13,4;13,2;13,2;12,3;100;95;99;202;,7;,3;
2026/06/13;0900 UTC;0;995,4;995,8;995,2;;13,2;13,1;13,3;13,1;13,2;13;100;100;100;285;,6;,2;
2026/06/13;1000 UTC;0;995,7;996,3;995,4;;12,8;12,8;13,1;12,6;13,1;12,5;100;99;100;260;1,1;,4;
2026/06/13;1100 UTC;0;996,5;997,2;996;;12,9;12,8;13,1;12,7;13;12,7;100;99;100;133;1,1;,7;
2026/06/13;1200 UTC;0;997,5;998,1;996,8;;13,2;12,9;13,7;12,9;13,4;12,6;100;97;99;78;1,3;,8;
2026/06/13;1300 UTC;0;998,7;999,1;998;;13,7;13,1;14;13,5;13,4;12,8;98;95;97;156;,8;,3;
2026/06/13;1400 UTC;0;999,2;999,5;999;;15;13,1;16;14;14,2;12;96;81;91;94;2,3;1,2;
2026/06/13;1500 UTC;0;998,9;999,5;998,6;;15,8;11,8;16,4;15,3;12,9;10,3;87;70;80;78;1,6;,8;
2026/06/13;1600 UTC;0;998,3;999;997,6;;16,2;11,6;16,9;16;12,9;10,6;83;72;77;87;1,9;,8;
2026/06/13;1700 UTC;0;997,4;997,9;997,1;;16,8;11,6;17,3;16,4;12,4;10,9;78;71;74;116;1,9;1,1;
2026/06/13;1800 UTC;0;997,1;997,3;996,8;;17,3;11,5;17,4;17,1;12,6;10,6;76;67;71;44;1,8;1,1;
2026/06/13;1900 UTC;;;;;;;;;;;;;;;;;;
2026/06/13;2000 UTC;0;996,6;996,9;996,4;;17,2;12,6;17,7;16,4;13,4;11,2;85;70;77;268;1,1;,6;
2026/06/13;2100 UTC;0;996,6;996,9;996,4;;15,1;12,8;16,4;14,5;13,9;12;93;85;89;297;1;,5;
2026/06/13;2200 UTC;0;996,9;997,2;996,6;;14,5;12,9;14,7;14,4;13,3;12,6;94;90;92;75;1,1;,5;
2026/06/13;2300 UTC;0;997,6;997,9;997,2;;14,2;13,2;14,5;13,9;13,5;12,7;98;91;95;330;1,1;,5;
2026/06/14;0000 UTC;0;997,9;998,3;997,7;;13,8;13,4;13,9;13,7;13,5;13,2;98;97;98;171;,5;,2;
2026/06/14;0100 UTC;0;997,9;998,2;997,8;;13,6;13,4;13,6;13,4;13,4;13,3;99;98;99;284;,5;,3;
2026/06/14;0200 UTC;0;998,3;998,7;998;;13,5;13,4;13,5;13,4;13,5;13,3;100;99;100;234;1,4;,6;
2026/06/14;0300 UTC;0;998,5;998,9;998,3;;13,4;13,4;13,5;13,3;13,5;13,3;100;100;100;66;,9;,5;
2026/06/14;0400 UTC;0;998,5;998,8;998,3;;13,3;13,3;13,4;13,3;13,4;13,2;100;100;100;217;,6;,2;
2026/06/14;0500 UTC;0;998,4;998,8;998,1;;13,4;13,4;13,5;13,3;13,5;13,3;100;100;100;129;1,2;,8;
2026/06/14;0600 UTC;;;;;;;;;;;;;;;;;;
2026/06/14;0700 UTC;0;997,7;997,9;997,5;;13,2;13,2;13,3;13,1;13,3;13,1;100;100;100;270;,8;,5;
2026/06/14;0800 UTC;0;997,6;997,9;997,3;;13,1;13,1;13,2;13,1;13,2;13,1;100;100;100;302;1,2;,5;
2026/06/14;0900 UTC;0;998,1;998,7;997,7;;13,1;13,1;13,1;13,1;13,1;13;100;100;100;302;,8;,3;
2026/06/14;1000 UTC;0;998,7;999,3;998,3;;13;12,9;13,1;12,8;13;12,6;100;99;100;290;,8;,5;
2026/06/14;1100 UTC;0;999,1;999,5;998,8;;12,5;12,2;12,8;12,2;12,6;11,9;99;98;98;164;,6;,3;
2026/06/14;1200 UTC;0;999,7;1000,1;999,4;;12,9;12,4;13,2;12,6;12,7;11,3;99;91;98;85;,9;,5;
2026/06/14;1300 UTC;0;1000,3;1000,8;999,9;;13,9;11,8;14,2;13,2;12,6;11,2;93;86;89;112;1,9;,9;
2026/06/14;1400 UTC;0;1000,8;1001,2;1000,6;;14,9;11,2;16;14,2;12,1;10;89;72;81;205;2;1,1;
2026/06/14;1500 UTC;0;1000,4;1001;1000,2;;16,3;10,2;16,9;15,6;11;9,5;74;64;70;150;3;1,2;
2026/06/14;1600 UTC;0;999,9;1000,3;999,6;;17,1;9,9;18;15,9;10,5;9,2;72;58;64;129;4,3;1,8;
2026/06/14;1700 UTC;0;999,6;1000,1;999,3;;17;9,6;17,5;16,6;10,4;9;68;60;63;165;2,2;1,1;
2026/06/14;1800 UTC;0;999,3;999,7;999,1;;16,4;9,6;17,2;15,9;11,1;8,9;76;61;66;168;1,5;,7;
2026/06/14;1900 UTC;0;999,2;999,5;999,1;;17,1;9,4;18;15,8;10,2;8,9;70;57;61;229;2;,9;
2026/06/14;2000 UTC;0;999,4;999,6;999,1;;15,3;10,1;15,8;14,9;10,9;9,3;79;69;74;253;2;,7;
2026/06/14;2100 UTC;0;999,8;1000,1;999,5;;14,5;10;14,9;14,1;10,8;9,2;82;73;78;219;1,8;,8;
2026/06/14;2200 UTC;0;1000,3;1000,8;999,9;;13,7;10,1;14,1;13,3;10,9;9,3;86;78;82;258;1,9;,8;
2026/06/14;2300 UTC;0;1000,9;1001,5;1000,5;;13;10;13,3;12,5;10,7;9,1;91;79;85;212;1,2;,6;
2026/06/15;0000 UTC;0;1001,4;1001,7;1001,1;;12,2;10,2;12,4;11,8;10,8;,7;94;88;91;184;1;,6;
2026/06/15;0100 UTC;0;1001,5;1001,8;1001,3;;11,1;10,1;11,7;10,6;10,4;9,9;97;92;95;245;,8;,4;
2026/06/15;0200 UTC;0;1001,5;1001,9;1001,4;;10,5;10,2;10,7;10,4;10,5;9,9;99;97;98;279;,8;,3;
2026/06/15;0300 UTC;0;1001,8;1002,1;1001,5;;10,6;10,1;10,8;10,4;10,7;9,8;99;96;98;187;,8;,4;
2026/06/15;0400 UTC;0;1001,8;1001,9;1001,6;;10,4;10,2;10,5;10,3;10,3;10;99;98;99;213;,9;,4;
2026/06/15;0500 UTC;0;1001,9;1002,4;1001,7;;10,4;10,3;10,4;10,3;10,3;10,2;100;99;100;52;2;,6;
2026/06/15;0600 UTC;0;1002;1002,4;1001,6;;10,2;9,8;10,3;10,1;10,2;9,6;99;97;98;176;1,2;,7;
2026/06/15;0700 UTC;0;1001,7;1002,2;1001,4;;10;9,6;10,2;9,8;9,9;9,4;99;97;98;276;1,5;,8;
2026/06/15;0800 UTC;0;1001,5;1002,1;1001,1;;9,8;9,4;9,9;9,7;9,6;9,2;99;97;98;292;1,1;,6;
2026/06/15;0900 UTC;0;1001,5;1001,8;1001,2;;9,4;9,1;9,7;9,1;9,3;8,9;99;98;98;302;,6;,4;
2026/06/15;1000 UTC;0;1001,7;1002,1;1001,4;;9,1;9;9,3;9;9,2;8,8;100;99;99;222;,8;,3;
2026/06/15;1100 UTC;0;1002,3;1002,9;1001,9;;9,1;9,1;9,3;9;9,3;8,9;100;100;100;237;1;,5;
2026/06/15;1200 UTC;0;1003;1003,4;1002,7;;9,5;9,3;9,9;9,3;9,5;9,1;100;96;99;111;1,2;,4;
2026/06/15;1300 UTC;0;1003,2;1003,6;1002,9;;10,6;9;11,6;10;9,6;8,1;97;83;92;118;1,8;1;
2026/06/15;1400 UTC;0;1003,7;1004;1003,6;;12,6;7,9;12,7;12,2;8,5;7,2;81;73;77;137;4;2,2;
2026/06/15;1500 UTC;0;1003,2;1003,7;1002,7;;12,4;7,7;12,8;12,2;8,2;6,5;80;70;76;199;2,1;,8;
2026/06/15;1600 UTC;0;1002;1002,4;1001,8;;14,9;7,8;15,2;14,6;8,4;7,2;68;61;65;176;3,9;1,4;
2026/06/15;1700 UTC;0;1001,2;1002;1000,6;;14,2;7,2;15,1;13,4;8;6,2;72;56;65;159;2,8;1,3;
2026/06/15;1800 UTC;0;1000,6;1001;1000,4;;14,9;6,6;15,3;14,3;7,6;5,9;63;54;59;140;3,4;1,6;
2026/06/15;1900 UTC;0;1000,5;1000,9;1000,2;;14,7;6,3;15;14,3;7,5;5,6;65;55;58;223;1,3;,7;
2026/06/15;2000 UTC;0;1000,4;1000,9;1000,1;;14,1;7,6;15,2;12,6;9,1;5,8;81;54;67;228;1,5;,7;
2026/06/15;2100 UTC;0;1000,9;1001,3;1000,6;;11,1;7,5;12,6;10,1;8,6;6,6;86;73;82;176;,6;,2;
2026/06/15;2200 UTC;0;1001,3;1001,7;1001;;9,7;7,4;10,1;9,2;7,7;7,1;91;86;89;262;,8;,3;
2026/06/15;2300 UTC;0;1001,8;1002,2;1001,5;;8,7;7,2;9,2;8,2;7,5;6,9;95;90;93;248;1,7;,4;
2026/06/16;0000 UTC;0;1001,8;1002,3;1001,6;;7,8;6,9;8,1;7,5;7,1;6,8;97;94;96;237;1,1;,2;
2026/06/16;0100 UTC;0;1002;1002,2;1001,9;;7,3;6,8;7,6;7,1;7,1;6,7;99;96;98;292;,8;,5;
2026/06/16;0200 UTC;0;1002,1;1002,5;1001,8;;7,4;7,1;7,4;7,3;7,3;7;100;98;99;298;1,1;,5;
2026/06/16;0300 UTC;0;1002,5;1002,9;1002,3;;7,4;7,4;7,5;7,4;7,5;7,2;100;99;100;292;1,4;,7;
2026/06/16;0400 UTC;0;1002,3;1002,6;1002,1;;7,6;7,6;7,6;7,5;7,7;7,5;100;100;100;99;2;1,1;
2026/06/16;0500 UTC;0;1002,4;1002,7;1002,2;;7,5;7,5;7,6;7,3;7,6;7,2;100;100;100;72;2,1;1,4;
2026/06/16;0600 UTC;0;1002;1002,7;1001,7;;7,3;7,2;7,3;7,2;7,3;7,1;100;99;99;65;2,2;1,3;
2026/06/16;0700 UTC;0;1001,5;1001,9;1001,3;;7,1;7;7,2;7;7,1;6,8;100;99;99;264;2;1,1;
2026/06/16;0800 UTC;0;1001,5;1001,6;1001,4;;7;6,9;7,1;7;6,9;6,9;99;99;99;246;2;,9;
2026/06/16;0900 UTC;0;;;;;;;;;;;;;;255;2,4;1,4;
2026/06/16;1000 UTC;0;;;;;;;;;;;;;;203;3,1;1,2;
2026/06/16;1100 UTC;0;;;;;;;;;;;;;;310;4,4;2,3;
2026/06/16;1200 UTC;0;;;;;;;;;;;;;;230;;1,9;
2026/06/16;1300 UTC;0;;;;;;;;;;;;;;208;2,9;1,1;
2026/06/16;1400 UTC;0;;;;;;;;;;;;;;105;2,1;1;
2026/06/16;1500 UTC;0;;;;;;;;;;;;;;64;3,5;1,5;
2026/06/16;1600 UTC;0;;;;;;;;;;;;;;164;3,5;1,5;
2026/06/16;1700 UTC;0;;;;;;;;;;;;;;78;3,8;1,4;
2026/06/16;1800 UTC;;;;;;;;;;;;;;;;;;
2026/06/16;1900 UTC;0;;;;;;;;;;;;;;177;1,9;,7;
2026/06/16;2000 UTC;0;;;;;;;;;;;;;;284;1,5;,9;
2026/06/16;2100 UTC;;;;;;;;;;;;;;;;;;
2026/06/16;2200 UTC;0;;;;;;;;;;;;;;310;1,8;,9;
2026/06/16;2300 UTC;0;;;;;;;;;;;;;;302;1,1;,5;
2026/06/17;0000 UTC;0;;;;;;;;;;;;;;294;2,1;1,1;
2026/06/17;0100 UTC;0;;;;;;;;;;;;;;265;2,5;,8;
2026/06/17;0200 UTC;0;;;;;;;;;;;;;;326;1,9;,7;
2026/06/17;0300 UTC;0;;;;;;;;;;;;;;102;2,3;1,3;
2026/06/17;0400 UTC;0;;;;;;;;;;;;;;58;3,7;1,9;
2026/06/17;0500 UTC;0;;;;;;;;;;;;;;60;3,4;1,2;
2026/06/17;0600 UTC;0;;;;;;;;;;;;;;54;3,8;1,5;
2026/06/17;0700 UTC;0;;;;;;;;;;;;;;86;3,5;1,3;
2026/06/17;0800 UTC;0;;;;;;;;;;;;;;59;2,6;1;
2026/06/17;0900 UTC;0;;;;;;;;;;;;;;104;2,4;1,5;
2026/06/17;1000 UTC;0;;;;;;;;;;;;;;90;2,6;,8;
2026/06/17;1100 UTC;0;;;;;;;;;;;;;;279;2,1;1;
2026/06/17;1200 UTC;0;;;;;;;;;;;;;;247;3,8;1,3;
2026/06/17;1300 UTC;0;;;;;;;;;;;;;;115;3,2;,8;
2026/06/17;1400 UTC;0;;;;;;;;;;;;;;147;2,6;1,2;
2026/06/17;1500 UTC;0;;;;;;;;;;;;;;120;2,8;1,5;
2026/06/17;1600 UTC;0;;;;;;;;;;;;;;249;3;1,1;
2026/06/17;1700 UTC;0;;;;;;;;;;;;;;119;2,4;1,2;
2026/06/17;1800 UTC;;;;;;;;;;;;;;;;;;
2026/06/17;1900 UTC;0;;;;;;;;;;;;;;299;2,2;,9;
2026/06/17;2000 UTC;0;;;;;;;;;;;;;;214;1,1;,5;
2026/06/17;2100 UTC;;;;;;;;;;;;;;;;;;
2026/06/17;2200 UTC;0;;;;;;;;;;;;;;176;1,8;,3;
2026/06/17;2300 UTC;0;;;;;;;;;;;;;;154;1,5;,8;
2026/06/18;0000 UTC;0;;;;;;;;;;;;;;225;1,7;,4;
2026/06/18;0100 UTC;0;;;;;;;;;;;;;;157;1,7;,3;
2026/06/18;0200 UTC;0;;;;;;;;;;;;;;308;1,3;,7;
2026/06/18;0300 UTC;0;;;;;;;;;;;;;;81;1,2;,7;
2026/06/18;0400 UTC;0;;;;;;;;;;;;;;175;1,2;,4;
2026/06/18;0500 UTC;0;;;;;;;;;;;;;;92;2;,9;
2026/06/18;0600 UTC;0;;;;;;;;;;;;;;63;2,5;,9;
2026/06/18;0700 UTC;0;;;;;;;;;;;;;;190;1,9;1;
2026/06/18;0800 UTC;0;;;;;;;;;;;;;;125;2;,9;
2026/06/18;0900 UTC;0;;;;;;;;;;;;;;209;1,6;,3;
2026/06/18;1000 UTC;0;;;;;;;;;;;;;;309;2,4;1;
2026/06/18;1100 UTC;0;;;;;;;;;;;;;;243;2;,8;
2026/06/18;1200 UTC;0;;;;;;;;;;;;;;236;1,8;,7;
2026/06/18;1300 UTC;0;;;;;;;;;;;;;;114;2,3;,6;
2026/06/18;1400 UTC;0;;;;;;;;;;;;;;86;2;,7;
2026/06/18;1500 UTC;0;;;;;;;;;;;;;;59;1,9;1;
2026/06/18;1600 UTC;0;;;;;;;;;;;;;;116;2,4;1,2;
2026/06/18;1700 UTC;0;;;;;;;;;;;;;;151;2,5;,8;
2026/06/18;1800 UTC;0;;;;;;;;;;;;;;48;2,4;1,1;
2026/06/18;1900 UTC;0;;;;;;;;;;;;;;306;1,8;,8;
2026/06/18;2000 UTC;0;;;;;;;;;;;;;;198;1,6;,7;
2026/06/18;2100 UTC;0;;;;;;;;;;;;;;185;1,7;1;
2026/06/18;2200 UTC;0;;;;;;;;;;;;;;299;2,1;1;
2026/06/18;2300 UTC;0;;;;;;;;;;;;;;197;2,7;,7;
2026/06/19;0000 UTC;0;;;;;;;;;;;;;;145;1,9;,6;
2026/06/19;0100 UTC;0;;;;;;;;;;;;;;134;2,8;1,1;
2026/06/19;0200 UTC;0;;;;;;;;;;;;;;212;5,7;1,9;
2026/06/19;0300 UTC;0;;;;;;;;;;;;;;119;5,6;2,1;
2026/06/19;0400 UTC;0;;;;;;;;;;;;;;50;4,8;1,8;
2026/06/19;0500 UTC;0;;;;;;;;;;;;;;187;3,7;1,1;
2026/06/19;0600 UTC;0;;;;;;;;;;;;;;133;4,1;1,2;
2026/06/19;0700 UTC;;;;;;;;;;;;;;;;;;
2026/06/19;0800 UTC;;;;;;;;;;;;;;;;;;
2026/06/19;0900 UTC;;;;;;;;;;;;;;;;;;
2026/06/19;1000 UTC;;;;;;;;;;;;;;;;;;
2026/06/19;1100 UTC;1;998,6;999,1;998,2;;12,7;9,4;13;12,3;10,6;8,7;92;79;84;203;2,6;1,1;
2026/06/19;1200 UTC;1,2;998,5;998,9;998,2;;11,7;11,1;12,2;11,6;11,4;10,5;98;94;97;208;1,4;,5;
2026/06/19;1300 UTC;1,8;998;998,5;997,5;;11,9;11,3;12,2;11,6;11,6;11,1;98;96;97;257;1,8;,9;
2026/06/19;1400 UTC;2,8;998;998,9;995,6;;12,3;11,7;12,4;12,2;11,9;11,3;98;95;97;61;5,8;2,6;
2026/06/19;1500 UTC;,2;996,1;996,9;995,3;;13,4;11,5;13,9;12,3;12,2;11;96;87;91;71;3,8;1,9;
2026/06/19;1600 UTC;0;996,1;996,5;995,6;;13,8;12,3;14,1;13,4;13;11,6;96;89;93;178;1,6;,8;
2026/06/19;1700 UTC;0;995,1;995,5;994,7;;13,8;12,9;13,9;13,7;13,2;12,6;97;93;95;;;;
2026/06/19;1800 UTC;0;995;995,5;994,6;;14,3;13;14,5;14;13,4;12,5;95;91;93;210;1,3;,8;
2026/06/19;1900 UTC;0;995,2;995,7;994,8;;14,4;13,3;14,5;14,3;13,7;13;96;92;95;193;1,3;,4;
2026/06/19;2000 UTC;0;995,3;995,9;995;;14,6;13,3;14,7;14,4;13,7;12,9;96;92;94;170;,9;,3;
2026/06/19;2100 UTC;0;995,7;996;995,4;;14,5;13,6;14,7;14,3;13,9;13,2;98;93;96;199;1,1;,4;
2026/06/19;2200 UTC;0;996,2;996,5;995,9;;14,3;13,7;14,4;14,3;13,9;13,5;98;96;97;174;,7;,4;
2026/06/19;2300 UTC;0;;;;;14,2;13,9;14,3;14,1;13,9;13,8;;97;;185;,7;,4;
2026/06/20;0000 UTC;0;997,2;997,8;996,2;;14,1;13,9;14,2;14;13,9;13,8;99;99;99;157;1,9;,9;
2026/06/20;0100 UTC;0;997,5;998,1;997,3;;13,9;13;14,2;13,6;13,8;12,5;99;93;95;231;1,8;,7;
2026/06/20;0200 UTC;0;997,9;998,4;997,5;;12,4;11,7;13,6;11,6;12,8;11;97;94;96;155;4,5;2;
2026/06/20;0300 UTC;0;998,6;999;998,3;;11,4;10,5;11,7;11;11,1;9,8;98;94;95;175;5,4;1,4;
2026/06/20;0400 UTC;,2;999;999,4;998,6;;10,7;9,8;10,9;10,6;10,1;9,4;97;94;95;181;3,8;1,2;
2026/06/20;0500 UTC;0;999;999,3;998,8;;10,6;9,5;10,7;10,6;9,9;9,2;96;93;94;166;2,6;,5;
2026/06/20;0600 UTC;0;998,6;999;998,2;;10,7;9,6;10,8;10,5;10,1;8,9;98;91;94;223;1;,5;
2026/06/20;0700 UTC;0;998,2;998,6;998;;10,4;10;10,5;10,3;10,2;9,8;99;97;98;271;1,1;,6;
2026/06/20;0800 UTC;0;998;998,4;997,6;;10,4;9,8;10,4;10,3;10;9,6;98;96;97;203;,8;,3;
2026/06/20;0900 UTC;0;997,7;998;997,5;;10,3;10;10,4;10,3;10,1;9,9;99;98;99;234;,9;,3;
2026/06/20;1000 UTC;0;997,7;998,2;997,5;;10,4;10,1;10,4;10,3;10,3;10;99;98;99;290;1;,6;
2026/06/20;1100 UTC;0;998,2;998,5;997,9;;10,3;9,5;10,3;10,2;10,1;8,7;99;92;96;211;1,6;,6;
2026/06/20;1200 UTC;0;998,5;998,9;998,2;;10,2;8,9;10,3;10,1;9,3;8,7;96;92;94;229;1,6;,8;
2026/06/20;1300 UTC;0;998,9;999,2;998,6;;10,2;8,9;10,3;10,1;9,2;8,4;95;91;94;177;2,2;,9;
2026/06/20;1400 UTC;0;998,7;999,3;998,1;;10,6;8,7;10,9;10,3;9,2;8,3;93;88;91;152;1,2;,5;
2026/06/20;1500 UTC;0;997,7;998,2;997,1;;10,7;8,7;10,9;10,4;9,1;8,2;92;87;90;192;3;1;
2026/06/20;1600 UTC;0;997,1;998,2;996,5;;10,6;8,9;10,7;10,4;9,3;8,5;94;89;92;99;2,3;1;
2026/06/20;1700 UTC;0;996,3;996,9;995,9;;10,7;8,8;11;10,5;9,1;8,5;93;88;91;235;2,4;,7;
2026/06/20;1800 UTC;0;996,1;996,4;995,9;;10,9;8,9;11;10,8;9,4;8,6;92;88;90;212;2;,7;
2026/06/20;1900 UTC;0;;;;;10,6;9,4;10,8;10,5;9,8;8,9;96;91;94;139;1,2;,5;
2026/06/20;2000 UTC;0;995,3;995,7;994,8;;10,6;9;10,8;10,5;9,7;8,3;95;89;92;227;1,4;,6;
2026/06/20;2100 UTC;;;;;;;;;;;;;;;;;;
2026/06/20;2200 UTC;0;996;996,4;995,8;;10,2;9,3;10,4;10,1;9,5;9;96;93;95;244;1,5;,6;
2026/06/20;2300 UTC;0;996,1;996,5;995,9;;10,1;9,3;10,2;10,1;9,5;9,1;97;95;96;230;2,7;1;
2026/06/21;0000 UTC;0;996,3;996,4;996;;10,1;9,3;10,2;10,1;9,5;9,1;97;95;96;317;1;,6;
2026/06/21;0100 UTC;0;996,4;996,7;996,1;;10,2;9,5;10,2;10,1;9,7;9,3;98;95;97;221;1,5;,6;
2026/06/21;0200 UTC;0;996,6;996,8;996,3;;10,2;0;10,3;10,2;;;97;95;96;231;1,1;,5;
2026/06/21;0300 UTC;0;996,6;997;996,2;;10,3;9,6;10,3;10,2;9,9;9,3;98;95;97;251;2;,8;
2026/06/21;0400 UTC;0;996,6;997;996,3;;10,3;9,5;10,3;10,2;9,8;9,2;98;94;96;274;1;,5;
2026/06/21;0500 UTC;0;995,7;995,8;995,6;;10,2;9,7;10,3;10,2;9,8;9,7;98;97;98;292;1;,5;
2026/06/21;0600 UTC;0;995,4;996;995,2;;10,2;9,6;10,2;10,1;9,7;9,4;98;96;97;224;,8;,4;
2026/06/21;0700 UTC;0;995,2;995,3;995;;10,2;9,7;10,3;10,2;9,8;9,3;98;95;97;213;,6;,3;
2026/06/21;0800 UTC;0;995,3;995,5;995,1;;10,3;9,9;10,3;10,2;10;9,8;99;98;98;149;1,8;,7;
2026/06/21;0900 UTC;0;995,9;996,2;995,4;;10,4;9,9;10,6;10,3;10,1;9,7;98;96;97;120;,6;,3;
2026/06/21;1000 UTC;0;996,3;996,6;995,8;;10,5;10,1;10,5;10,4;10,2;10;99;98;98;215;1,1;,4;
2026/06/21;1100 UTC;0;996,5;996,9;996,4;;10,5;10,1;10,7;10,4;10,2;9,9;99;97;98;259;,8;,4;
2026/06/21;1200 UTC;0;996,8;997;996,5;;10,9;,7;11,2;10,7;10,1;10;97;96;;151;1,1;,4;
2026/06/21;1300 UTC;0;997;997,4;996,7;;11,5;10,3;11,9;11,2;10,8;9,8;96;90;94;139;1,7;1;
2026/06/21;1400 UTC;0;997,5;997,9;997,2;;12,2;10;12,6;11,8;10,4;9,7;93;86;89;165;1,4;,6;
2026/06/21;1500 UTC;0;997,2;997,6;996,8;;13;10,1;13,9;12,5;10,5;9,6;88;81;86;147;2,2;1,2;
2026/06/21;1600 UTC;0;995,9;996,9;995,3;;14,9;10,3;15,5;14;10,7;9,9;82;73;77;108;2,3;1,3;
2026/06/21;1700 UTC;0;994,7;995,3;994,1;;16,4;10,8;17,1;15,4;11,7;9,9;77;68;72;103;2,8;1,4;
2026/06/21;1800 UTC;0;993,7;994,1;993,3;;17,5;11,4;18,1;17;12,1;10,9;73;67;70;154;1,5;,7;
2026/06/21;1900 UTC;0;993,4;993,7;993,2;;17,8;11,7;18,2;17,4;12,5;11,2;73;66;69;253;2,8;1,2;
2026/06/21;2000 UTC;0;993,7;994;993,4;;16,7;11,8;18;14,7;12,8;11,2;84;68;75;247;2,5;1,4;
2026/06/21;2100 UTC;0;994,2;994,7;993,7;;14,3;11;14,9;13,5;11,6;10,4;87;81;84;285;3;1,4;
2026/06/21;2200 UTC;0;994,8;995,1;994,6;;13,6;10,7;13,8;13,2;11,2;10,2;89;83;86;280;1,9;,8;
2026/06/21;2300 UTC;0;995;995,5;994,8;;13,5;10,9;13,7;13,4;11,5;10,6;91;85;87;237;2;,8;
2026/06/22;0000 UTC;0;994,6;995,3;994;;13,3;11,4;13,3;13;11,7;10,8;93;88;90;249;1;,4;
2026/06/22;0100 UTC;0;994;994,3;993,8;;12,9;11,5;13,1;12,7;11,8;10,9;95;90;93;263;1,2;,7;
2026/06/22;0200 UTC;0;993,3;993,4;993,2;;12,9;11,4;13;12,9;11,5;11,1;93;91;92;95;1,1;,6;
2026/06/22;0300 UTC;0;993,7;994,2;993,2;;12,9;11,5;13,1;12,7;11,9;11,1;96;90;93;198;2,4;,8;
2026/06/22;0400 UTC;0;993,6;994,1;993,2;;12,6;11,8;13;12,4;12,1;11,1;97;91;96;278;1,5;,7;
2026/06/22;0500 UTC;0;993,3;994;993;;12,3;11,7;12,5;12,3;11,9;11,5;98;95;97;234;3,3;1;
2026/06/22;0600 UTC;0;993,2;994,2;992,5;;12,5;10,9;12,6;12,4;11,5;10,7;95;91;92;190;1,5;,5;
2026/06/22;0700 UTC;,2;992,8;994,2;992,1;;12,2;10,9;12,4;12,1;11,2;10,6;95;91;93;239;3,5;1,3;
2026/06/22;0800 UTC;,6;992,6;993,6;991,5;;12;11,3;12,2;11,8;11,5;10,9;99;94;97;209;2;1;
2026/06/22;0900 UTC;,6;991,8;992,4;991,3;;11,8;11,5;11,9;11,7;11,7;11,4;99;98;98;201;1,3;,5;
2026/06/22;1000 UTC;,2;990,9;991,8;990,1;;11,7;11,5;11,8;11,6;11,6;11,3;99;98;99;152;1,7;,4;
2026/06/22;1100 UTC;4,4;991,4;992,8;990,3;;11,7;11,4;11,9;11,6;11,6;11,2;99;97;99;137;3,3;,9;
2026/06/22;1200 UTC;6,3;990,6;991,5;990;;11,6;11,6;11,7;11,6;11,6;11,5;100;100;100;201;2,2;1,1;
2026/06/22;1300 UTC;;;;;;;;;;;;;;;;;;
2026/06/22;1400 UTC;2,8;991,2;992,1;990,2;;11,9;11,9;12;11,8;12,1;11,7;100;99;100;107;1,1;,6;
2026/06/22;1500 UTC;1,2;990,8;991,5;990,4;;12,2;12,2;12,4;12;12,5;12;100;99;100;223;2,7;,9;
2026/06/22;1600 UTC;3;989,3;990,3;988,7;;12,1;11,8;12,2;12;12;11,6;99;98;98;246;2,2;,7;
2026/06/22;1700 UTC;,2;989,4;990,1;989;;12,4;11,9;12,7;12,2;12,1;11,6;98;96;97;250;1,9;,6;
2026/06/22;1800 UTC;0;990;990,5;989,6;;12,6;12,2;12,8;12,5;12,4;11,9;98;97;98;174;1,8;,8;
2026/06/22;1900 UTC;,2;990,6;991,2;990;;12,5;12;12,6;12,4;12,3;11,8;99;97;98;254;1,3;,6;
2026/06/22;2000 UTC;,4;991,6;992,1;990,9;;12,4;12;12,5;12,3;12,2;11,9;99;97;98;108;1;,7;
2026/06/22;2100 UTC;,4;992,5;993;992;;12,2;12,1;12,3;12;12,2;11,8;100;99;100;199;1,8;,8;
2026/06/22;2200 UTC;1,2;993,7;994,5;992,9;;11,8;11,5;12;11,5;11,8;11,2;99;97;98;254;2,9;1,4;
2026/06/22;2300 UTC;1,6;995;995,8;994,4;;11,1;11;11,5;10,8;11,3;10,7;100;99;99;115;1,8;1;
2026/06/23;0000 UTC;,2;996,1;996,7;995,5;;10,5;9,8;10,8;10,3;10,8;9,2;100;93;97;254;1;,5;
2026/06/23;0100 UTC;;;;;;;;;;;;;;;;;;
2026/06/23;0200 UTC;0;997,5;997,9;997;;8,7;8,4;9;8,5;8,7;8,2;99;98;99;255;1,8;,9;
2026/06/23;0300 UTC;0;997,6;998;997,3;;8,5;8,4;8,8;8,4;8,6;8;100;98;99;123;1,1;,4;
2026/06/23;0400 UTC;0;997,3;997,5;996,9;;8;7,8;8,4;7,5;8,3;7,2;100;98;99;258;1,7;1;
2026/06/23;0500 UTC;0;997,3;997,7;996,9;;7,6;7,5;7,8;7,4;7,8;7,2;100;99;100;198;1,4;,7;
2026/06/23;0600 UTC;0;997,6;998,5;997;;7,5;7,6;7,7;7,4;7,8;7,4;100;100;100;241;1,5;,3;
2026/06/23;0700 UTC;0;998,4;999;998;;7,2;7,1;7,5;6,9;7,5;6,8;100;99;100;210;,8;,4;
2026/06/23;0800 UTC;0;998,5;998,8;998,1;;7;7;7,1;6,8;7,1;6,8;100;100;100;57;,9;,5;
2026/06/23;0900 UTC;0;998,6;998,8;998,3;;6,6;6,6;6,8;6,4;6,9;6,2;100;99;100;100;1,9;,6;
2026/06/23;1000 UTC;0;998,7;999,2;998,3;;6,2;6,1;6,4;5,9;6,2;5,8;100;99;99;62;1,5;,7;
2026/06/23;1100 UTC;0;998,5;999;998,2;;6;6;6,1;5,9;6,1;5,8;100;100;100;82;1,9;,9;
2026/06/23;1200 UTC;0;999,6;999,7;999,6;;6,2;6,2;6,2;6,2;6,2;6,2;100;100;100;90;1,8;1,1;
2026/06/23;1300 UTC;0;1000,1;1000,6;999,7;;6,7;6,2;7,6;6;6,9;5,8;100;95;98;140;1,9;,7;
2026/06/23;1400 UTC;0;1000,4;1000,8;1000,3;;9,3;7,2;11;7,7;8,2;6,3;95;79;89;99;3;1,6;
2026/06/23;1500 UTC;0;1000,2;1000,7;1000;;11,8;5,7;12,5;11;7,9;2,8;82;54;69;170;3,8;1,4;
2026/06/23;1600 UTC;0;999,7;1000,2;999,2;;11,7;3,5;12,7;11,4;4,7;2,4;64;53;59;218;3,9;1,6;
2026/06/23;1700 UTC;0;998,8;999,3;998,3;;12,8;3,6;14;11,5;4,8;2,5;61;45;54;188;3,6;1,6;
2026/06/23;1800 UTC;0;998,1;998,7;997,8;;13,8;3,1;14,4;13,2;4,2;2,3;51;41;46;234;3,6;1,5;
2026/06/23;1900 UTC;;;;;;;;;;;;;;;;;;
2026/06/23;2000 UTC;0;998,2;998,6;998;;12,6;2,7;13,8;10,9;4,4;1,4;63;42;50;149;1,7;,7;
2026/06/23;2100 UTC;0;998,6;999,1;998,2;;9,7;2,8;10,8;8,6;4,1;1,1;77;53;66;216;1,4;,4;
2026/06/23;2200 UTC;0;999,4;999,8;999;;7,7;3,7;8,5;7;4,8;2,4;89;71;80;160;1,8;1,2;
2026/06/23;2300 UTC;0;999,8;1000,2;999,5;0;6,3;4,6;6,9;5,8;5,3;4;94;88;91;165;1;,4;
2026/06/24;0000 UTC;0;1000,2;1000,8;999,9;0;5,5;4,5;5,8;5,3;4,6;4,3;96;93;95;168;1,2;,5;
2026/06/24;0100 UTC;0;1000,5;1000,9;1000,3;0;5,2;4,6;5,5;5;4,8;4,4;98;95;97;280;1,8;,9;
2026/06/24;0200 UTC;0;1000,8;1001,1;1000,6;0;5;4,8;5,1;4,8;5;4,6;100;99;99;299;1,4;,7;
2026/06/24;0300 UTC;0;1001,3;1001,5;1001;0;5;5;5,1;4,9;5,2;4,8;100;99;100;304;1,9;1,1;
2026/06/24;0400 UTC;0;1001,5;1001,9;1001,3;0;5,1;5,1;5,1;5,1;5,2;5,1;100;100;100;220;2,3;1,2;
2026/06/24;0500 UTC;0;1001,4;1001,7;1001,2;0;5;5,1;5,2;4,9;5,2;5;100;100;100;183;2,3;1,2;
2026/06/24;0600 UTC;0;1001,3;1001,6;1001,1;0;4,9;4,9;5,1;4,7;5,1;4,8;100;100;100;76;2;1,1;
2026/06/24;0700 UTC;0;1000,9;1001,5;1000,5;0;4,6;4,7;4,8;4,5;4,8;4,5;100;100;100;216;2;1,2;
2026/06/24;0800 UTC;0;1000,4;1000,8;1000,2;0;4,5;4,6;4,6;4,4;4,7;4,4;100;100;100;184;1,5;,8;
2026/06/24;0900 UTC;0;1000,4;1000,6;1000,2;0;4,3;4,1;4,5;4,1;4,5;3,9;100;99;99;139;1,8;,9;
2026/06/24;1000 UTC;0;1000,8;1001,1;1000,4;0;4,1;4;4,2;3,9;4,1;3,8;100;99;100;166;1,7;,9;
2026/06/24;1100 UTC;0;1001,3;1001,6;1001,1;42,4;3,9;3,7;4;3,7;3,8;3,4;99;98;99;274;2,4;1,5;
2026/06/24;1200 UTC;0;1001,8;1002,1;1001,4;507,7;4,4;3,5;5,7;3,8;4,2;3,1;99;88;96;95;1,8;1;
2026/06/24;1300 UTC;0;1002,3;1002,6;1001,9;967,3;5,9;3,6;7,4;5,1;4,4;3;93;81;88;126;2;,8;
2026/06/24;1400 UTC;0;1002,5;1002,7;1002,2;;7,2;3,8;8;6,9;4,4;3,3;87;79;83;114;2,3;1,1;
2026/06/24;1500 UTC;0;1001,8;1002,2;1001,1;;9,8;4,4;11,1;8,1;5,4;3,5;82;68;73;22;2,4;1,7;
2026/06/24;1600 UTC;0;1000,5;1001,2;1000;;12,4;4,9;13,8;11,1;5,8;3,4;71;48;62;139;3,1;1,3;
2026/06/24;1700 UTC;0;999,6;1000,3;999;;14,2;3,7;14,8;13,6;5,2;2;56;39;48;238;5,1;2;
2026/06/24;1800 UTC;0;998,6;999,1;998,1;;14,3;3;14,7;14,1;4,2;2,2;49;38;44;231;3,6;1,3;
2026/06/24;1900 UTC;;;;;;;;;;;;;;;;;;
2026/06/24;2000 UTC;0;998,7;999,1;998,3;;13,7;4;15,2;11;5,2;2,8;68;39;51;274;1,6;,9;
2026/06/24;2100 UTC;0;999,1;999,5;998,8;;10,1;3,6;11;9,4;4,7;2,3;73;59;67;267;1,9;,6;
2026/06/24;2200 UTC;0;999,6;1000,1;999,4;;8,2;4,3;9,5;7,3;4,9;3,5;87;70;80;259;1;,5;
2026/06/24;2300 UTC;0;1000,4;1000,8;1000;0;7;4,5;7,5;6,4;4,9;4,2;91;84;88;212;1,3;,6;
2026/06/25;0000 UTC;0;1001;1001,3;1000,7;0;6,2;4,3;6,4;5,9;4,6;4,1;93;89;91;289;1,7;1,1;
2026/06/25;0100 UTC;;;;;;;;;;;;;;;;;;
2026/06/25;0200 UTC;0;1001,6;1001,9;1001,2;0;4,9;4,3;5,2;4,6;4,6;4,1;98;96;97;297;1,8;1;
2026/06/25;0300 UTC;0;1002,3;1002,6;1002;0;4,5;4,2;4,7;4,3;4,4;4;99;97;98;305;2,1;1,2;
2026/06/25;0400 UTC;0;1002,6;1002,8;1002,3;0;4,5;4,5;4,6;4,4;4,6;4,2;100;99;100;183;1,9;1;
2026/06/25;0500 UTC;0;1002,9;1003,4;1002,7;0;4,4;4,5;4,6;4,3;4,6;4,3;100;100;100;60;3,4;1,8;
2026/06/25;0600 UTC;0;1003,5;1004;1003,1;0;4,4;4,4;4,5;4,3;4,5;4,3;100;100;100;155;3,7;1,7;
2026/06/25;0700 UTC;0;1003,8;1004,2;1003,4;0;4,4;4,3;4,5;4,3;4,5;4,1;100;99;99;94;3,6;1,9;
2026/06/25;0800 UTC;0;1003,6;1003,9;1003,4;0;4,4;4,2;4,5;4,3;4,4;3,8;99;97;99;70;4,5;2,3;
2026/06/25;0900 UTC;0;1003,9;1004,7;1003,4;0;4,3;3,9;4,4;4,3;4,1;3,7;99;96;98;166;3,5;1,8;
2026/06/25;1000 UTC;0;1005,1;1005,2;1004,9;0;4,3;3,8;4,3;4,2;3,9;3,8;98;97;98;101;2,3;1,4;
2026/06/25;1100 UTC;0;;1005;1004,8;20,9;,3;3,9;4,2;4,2;4,2;3,7;98;98;7;105;2,6;1,4;
2026/06/25;1200 UTC;0;1006,8;1007,2;1006,4;870,1;6,2;3,5;6,5;5,9;3,9;3,2;89;85;86;122;2,8;1,7;
2026/06/25;1300 UTC;0;1006,8;1007;1006,5;;7;3,7;8;5,8;4,3;3;90;77;83;290;2,8;1,7;
2026/06/25;1400 UTC;0;1006,8;1007,1;1006,6;;7,9;4,1;8,4;7,4;4,8;3,7;85;78;81;274;2,4;1,5;
2026/06/25;1500 UTC;0;1006,7;1007;1006,1;;9,5;4,6;10;8,2;5,4;4;81;72;76;92;3;1,6;
2026/06/25;1600 UTC;0;1005,3;1006,2;1004,8;;10,4;5;11,5;9,8;6;4,4;75;70;73;266;2,9;1,6;
2026/06/25;1700 UTC;0;1004,8;1005,3;1004,4;;12,3;6;12,9;11,4;6,7;5,4;76;65;69;139;1,8;1;
2026/06/25;1800 UTC;0;1004,6;1005;1004,1;;13,4;6,7;14,5;12,6;7,5;6,1;71;62;67;74;1,9;,9;
2026/06/25;1900 UTC;0;1003,9;1004,6;1003,5;;14,7;7,5;15,1;14;8,2;6,8;68;61;64;298;1,5;,8;
2026/06/25;2000 UTC;0;1003,2;1003,5;1003;;13,8;7,6;15,1;11,6;8,5;6,9;79;62;69;274;1,6;1;
2026/06/25;2100 UTC;0;1003,4;1003,7;1003,2;;10,9;6,6;11,6;9,8;7,3;5,9;85;73;79;215;1,4;,5;
2026/06/25;2200 UTC;0;1003,7;1004,2;1003,4;;9,2;6,3;10;8,4;6,7;6;91;81;86;297;1,2;,6;
2026/06/25;2300 UTC;0;1004;1004,7;1003,7;;7,9;6,2;8,5;7,2;6,5;5,9;94;89;92;232;1,7;,5;
2026/06/26;0000 UTC;0;1004,7;1005,1;1004,4;;6,9;5,7;7,2;6,5;6;5,4;96;93;94;277;1,5;,5;
2026/06/26;0100 UTC;0;1005,3;1005,6;1005;0;6;5,4;6,5;5,7;5,7;5,2;98;95;97;199;,6;,3;
2026/06/26;0200 UTC;0;1005,2;1005,3;1005;0;5,6;5,4;5,9;5,4;5,9;5;100;98;99;247;1,9;1,1;
2026/06/26;0300 UTC;0;1005,4;1005,9;1005,2;0;5,6;5,7;5,8;5,4;5,8;5,5;100;100;100;240;2,5;1,5;
2026/06/26;0400 UTC;0;1005,3;1005,7;1005;0;5,4;5,4;5,5;5,3;5,6;5,3;100;100;100;69;2;1,2;
2026/06/26;0500 UTC;0;1005,1;1005,6;1004,9;0;5,4;5,4;5,5;5,2;5,5;5,3;100;100;100;54;3,1;1,7;
2026/06/26;0600 UTC;;;;;;;;;;;;;;;;;;
2026/06/26;0700 UTC;;;;;;;;;;;;;;;;;;
2026/06/26;0800 UTC;;;;;;;;;;;;;;;;;;
2026/06/26;0900 UTC;;;;;;;;;;;;;;;;;;
2026/06/26;1000 UTC;;;;;;;;;;;;;;;;;;
2026/06/26;1100 UTC;;;;;;;;;;;;;;;;;;
2026/06/26;1200 UTC;;;;;;;;;;;;;;;;;;
2026/06/26;1300 UTC;;;;;;;;;;;;;;;;;;
2026/06/26;1400 UTC;;;;;;;;;;;;;;;;;;
2026/06/26;1500 UTC;0;1005,1;1005,4;1004,9;;12,5;6,1;13;12,1;7,1;5,9;72;65;68;145;2,4;1;
2026/06/26;1600 UTC;0;1004,3;1005;1003,6;;14,3;6,8;15,7;13;8,2;6;67;59;62;236;2,2;,9;
2026/06/26;1700 UTC;0;1003,1;1003,9;1002,5;;16,6;8;17,9;15,6;9,1;7;60;53;57;68;2,3;1,3;
2026/06/26;1800 UTC;;;;;;;;;;;;;;;;;;
2026/06/26;1900 UTC;0;1001,9;1002,3;1001,6;;19;9,5;19,3;18,7;10,4;8,2;57;47;53;282;1;,5;
2026/06/26;2000 UTC;0;1001,7;1002;1001,5;;17,4;10;19,3;14,5;11,3;9,1;77;49;63;207;1,6;,7;
2026/06/26;2100 UTC;0;1002,1;1002,3;1001,7;;13,6;9,2;14,5;12,7;9,6;8,6;84;72;78;206;1,8;,7;
2026/06/26;2200 UTC;0;1002,5;1003;1002,2;;11,8;9;13;11;9,3;8,8;90;80;86;300;1,2;,8;
2026/06/26;2300 UTC;0;1002,8;1003,4;1002,6;;10,5;9;11;9,7;9,2;8,5;94;90;92;135;1,2;,4;
2026/06/27;0000 UTC;0;1003,3;1003,6;1003;;9,2;8,4;9,7;9;8,6;8;97;94;96;281;1,1;,6;
2026/06/27;0100 UTC;0;1003,5;1003,9;1003;;8,4;7,8;8,9;8;8,1;7,5;98;95;97;156;,8;,3;
2026/06/27;0200 UTC;0;1003,9;1004,2;1003,6;;7,7;7,4;8;7,6;7,7;7,1;99;98;98;137;,7;,3;
2026/06/27;0300 UTC;0;1003,8;1004,2;1003,5;;7,9;7,9;8,1;7,6;8,1;7,5;100;99;100;181;1,2;,7;
2026/06/27;0400 UTC;0;1003,7;1004;1003,5;;7,9;7,9;8;7,8;8;7,9;100;100;100;209;1,8;1,1;
2026/06/27;0500 UTC;0;1003,4;1003,8;1003,3;;7,8;7,8;7,9;7,7;7,9;7,7;100;100;100;167;2,2;1;
2026/06/27;0600 UTC;0;1003;1003,4;1002,5;;7,5;7,5;7,7;7,3;7,8;7,4;100;100;100;94;1,8;1;
2026/06/27;0700 UTC;0;1002,5;1002,8;1002,2;;7,3;7,3;7,4;7,1;7,4;7,2;100;100;100;228;2,6;,9;
2026/06/27;0800 UTC;0;1002,4;1002,8;1002,2;;7;7,1;7,3;6,8;7,4;6,8;100;100;100;171;1,7;,9;
2026/06/27;0900 UTC;;;;;;;;;;;;;;;;;;
2026/06/27;1000 UTC;0;1002,7;1003;1002,4;;6,6;6,7;6,7;6,4;6,8;6,5;100;100;100;307;1,4;,8;
2026/06/27;1100 UTC;0;1002,9;1003,1;1002,7;;6,7;6,7;6,9;6,5;6,9;6,6;100;100;100;236;2,2;1,2;
2026/06/27;1200 UTC;0;1003,1;1003,6;1002,8;;0;7,3;;;8,1;6,9;100;99;100;146;2,5;1,2;
2026/06/27;1300 UTC;0;1003,3;1003,6;1003,1;;9,1;7,3;10,7;7,9;7,9;6,8;98;81;91;61;2,1;1,1;
2026/06/27;1400 UTC;0;1003,2;1003,6;1002,9;;11,9;7,6;13,2;10,7;8,3;7;84;74;78;150;2,3;1,4;
2026/06/27;1500 UTC;0;1002,6;1003,1;1001,9;;14,6;8,6;16,1;12,9;10,3;8;78;66;70;128;2,5;1,1;
2026/06/27;1600 UTC;0;1001,4;1002,3;1000,5;;17,2;10;19;16,2;11;9,2;71;59;64;67;2,6;1;
2026/06/27;1700 UTC;0;1000,1;1000,6;999,6;;18,9;11,5;19,3;18,6;12,7;10,8;67;58;63;150;2,4;1,3;
2026/06/27;1800 UTC;;;;;;;;;;;;;;;;;;
2026/06/27;1900 UTC;0;998,7;999,1;998,5;;19,8;13;20,4;19,3;13,8;12,3;72;60;66;329;1,7;1,2;
2026/06/27;2000 UTC;0;998,8;999,2;998,6;;19;13,9;19,5;18,3;14,5;13,3;79;70;74;246;1,1;,6;
2026/06/27;2100 UTC;0;998,8;999;998,6;;17,6;14;18,3;17,1;14,5;13,4;86;77;82;261;1,4;,6;
2026/06/27;2200 UTC;,2;998,9;999,2;998,7;;16,6;14,4;17,3;15,9;15,1;13,6;95;82;89;302;2,5;1,3;
2026/06/27;2300 UTC;0;999;999,4;998,7;;15,9;14,6;16,2;15,5;14,8;14,4;96;91;94;230;1,2;,5;
2026/06/28;0000 UTC;0;999;999,5;998,7;;15,7;14,9;16;15,3;15,1;14,6;97;95;96;239;1;,6;
2026/06/28;0100 UTC;0;998,7;999,2;998,3;;15,3;14,9;15,6;14,9;15,2;14,6;99;97;98;318;1,4;,8;
2026/06/28;0200 UTC;0;998,7;998,9;998,5;;15,2;14,9;15,5;14,9;15,2;14,7;100;97;99;284;1,5;1;
2026/06/28;0300 UTC;0;998,6;998,8;998,3;;15,2;15;15,4;14,9;15,2;14,5;100;97;99;314;2,1;1,1;
2026/06/28;0400 UTC;0;998,1;998,6;997,7;;15,2;14,9;15,6;14,9;15,1;14,5;100;96;98;292;2,7;1,3;
2026/06/28;0500 UTC;0;997,7;998,3;997,4;;15;14,7;15,3;14,7;15,1;14,3;99;98;98;240;1,8;,9;
2026/06/28;0600 UTC;0;;;;;;;;;;;;;;;;;
2026/06/28;0700 UTC;,2;;;;;;;;;;;;;;;;;
2026/06/28;0800 UTC;,6;;;;;;;;;;;;;;;;;
2026/06/28;0900 UTC;1,6;;;;;;;;;;;;;;;;;
2026/06/28;1000 UTC;2,2;;;;;;;;;;;;;;;;;
2026/06/28;1100 UTC;2;;;;;;;;;;;;;;;;;
2026/06/28;1200 UTC;1,4;;;;;;;;;;;;;;;;;
2026/06/28;1300 UTC;,4;;;;;;;;;;;;;;;;;
2026/06/28;1400 UTC;1;997,1;997,5;996,9;;16;15,9;16,2;15,9;16,1;15,9;100;99;100;64;,9;,5;
2026/06/28;1500 UTC;4,4;996,5;997,1;995,7;;16;16;16;15,9;16;15,9;100;100;100;;;;
2026/06/28;1600 UTC;3;995,2;995,7;994,8;;16,1;16,1;16,4;15,8;16,5;15,9;100;100;100;;;;
2026/06/28;1700 UTC;2,8;995,6;995,9;995,3;;16,3;16,3;16,5;16,2;16,5;16,2;100;99;100;;;;
2026/06/28;1800 UTC;;;;;;;;;;;;;;;;;;
2026/06/28;1900 UTC;3,6;996,3;997,1;994,9;;16,5;16,3;16,6;16,3;16,4;16,1;100;98;99;;;;
2026/06/28;2000 UTC;,2;994,4;995,1;993,2;;16,5;14,7;16,9;15,8;16;13,7;98;85;91;;;;
2026/06/28;2100 UTC;0;994,9;995,3;994,4;;15,7;14,6;16,1;15,2;14,8;14,2;98;91;95;;;;
2026/06/28;2200 UTC;;;;;;;;;;;;;;;;;;
2026/06/28;2300 UTC;0;995,4;995,9;994,8;;15,1;14,5;15,4;14,6;14,7;14,3;99;95;97;;;;
2026/06/29;0000 UTC;0;995,8;996,4;995,5;;14,7;14,5;14,8;14,5;14,7;14,4;100;99;99;;;;
2026/06/29;0100 UTC;0;996,5;996,9;996;;14,7;14,6;14,9;14,5;14,7;14,4;100;99;99;;;;
2026/06/29;0200 UTC;0;;;;;;;;;;;;;;;;;
2026/06/29;0300 UTC;,2;;;;;;;;;;;;;;;;;
2026/06/29;0400 UTC;0;;;;;;;;;;;;;;;;;
2026/06/29;0500 UTC;0;;;;;;;;;;;;;;;;;
2026/06/29;0600 UTC;0;;;;;;;;;;;;;;;;;
2026/06/29;0700 UTC;0;;;;;;;;;;;;;;;;;
2026/06/29;0800 UTC;0;;;;;;;;;;;;;;;;;
2026/06/29;0900 UTC;0;;;;;;;;;;;;;;214;,7;,3;
2026/06/29;1000 UTC;0;;;;;;;;;;;;;;106;,9;,2;
2026/06/29;1100 UTC;0;;;;;;;;;;;;;;;;;
2026/06/29;1200 UTC;,2;;;;;;;;;;;;;;;;;
2026/06/29;1300 UTC;0;;;;;;;;;;;;;;197;2,7;1,2;
2026/06/29;1400 UTC;0;1000,7;1000,7;1000,6;;15,6;10,4;15,8;15,3;10,8;10;77;72;74;93;2,3;1,1;
2026/06/29;1500 UTC;0;1000,5;1000,9;1000,1;;16,2;10,7;16,8;15,7;11,9;9,9;77;69;72;185;2,8;1,5;
2026/06/29;1600 UTC;0;999,8;1000,2;999,4;;16,8;10,8;17,2;16,4;11,5;10,2;74;66;70;231;3,2;1,3;
2026/06/29;1700 UTC;0;999,1;999,4;998,8;;17,6;11;18,1;17,1;11,8;10,5;100;62;68;146;3,1;1,2;
2026/06/29;1800 UTC;0;998,4;998,8;998,1;;17,9;10,7;18,2;17,3;11,5;10,1;100;60;65;256;2,9;1,2;
2026/06/29;1900 UTC;0;998,2;998,6;998,1;;17,8;10,9;18,3;17,3;11,5;10,4;100;62;66;237;2,7;1;
2026/06/29;2000 UTC;0;998,3;998,6;998,1;;16,7;11,6;17,8;14,6;12,5;11,1;87;67;75;224;2,1;,9;
2026/06/29;2100 UTC;0;998,4;999;998,2;;14;11,4;14,6;13,4;12,1;10,6;88;84;87;221;2,7;1,2;
2026/06/29;2200 UTC;0;998,7;998,9;998,5;;12,8;10,8;13,4;12,5;11,4;10,2;92;87;90;205;2;,7;
2026/06/29;2300 UTC;0;998,8;998,9;998,6;;12;10,6;12,6;11,5;10,9;10,4;96;90;93;230;1,2;,5;
2026/06/30;0000 UTC;0;999,1;999,7;998,8;;11,1;10,4;11,6;10,6;10,6;10,2;98;94;96;178;1,5;,6;
2026/06/30;0100 UTC;0;999,3;999,6;999,1;;10,8;10,5;10,9;10,6;10,8;10,3;99;98;99;286;,9;,4;
2026/06/30;0200 UTC;0;999,3;999,5;999,1;;10,7;10,5;10,9;10,6;10,6;10,3;100;98;99;236;1,8;,7;
2026/06/30;0300 UTC;0;999,4;999,9;999;;10,6;10,6;10,9;10,4;10,9;10,3;100;98;100;235;1,3;,4;
2026/06/30;0400 UTC;0;999,6;999,9;999,2;;11,1;10,6;11,2;10,9;11;10,3;100;96;97;172;1,8;,6;
2026/06/30;0500 UTC;0;999,2;999,7;998,9;;11,3;10,3;11,3;11,2;10,7;10,1;97;94;95;130;1,8;,8;
2026/06/30;0600 UTC;0;998,7;999,1;998,1;;11,2;10,2;11,3;11,1;10,3;10,1;96;94;95;219;1,3;,5;
2026/06/30;0700 UTC;0;998,2;998,6;998,1;;11,1;10,2;11,1;11;10,3;10;96;94;95;187;1,6;,5;
2026/06/30;0800 UTC;0;998,1;998,4;998;;10,9;9,8;11;10,8;10;9,6;96;94;95;147;1,9;,7;
2026/06/30;0900 UTC;0;998;998,4;997,7;;10,8;9,7;10,8;10,7;9,9;9,6;96;94;95;200;,7;,3;
2026/06/30;1000 UTC;0;998,3;998,6;998;;10,6;9,8;10,7;10,5;9,9;9,7;97;95;96;138;1,4;,4;
2026/06/30;1100 UTC;0;998,7;999;998,4;;10,4;10;10,5;10,3;10,1;9,9;98;97;98;179;2,1;,5;
2026/06/30;1200 UTC;0;999;999,2;998,7;;10,5;10;10,5;10,3;10,1;10;99;97;98;162;2;,8;
2026/06/30;1300 UTC;0;999,3;999,6;998,8;;10,7;10,2;10,9;10,5;10,5;10,1;98;97;98;152;1,7;,5;
2026/06/30;1400 UTC;0;999,6;1000;999,4;;11,1;10,4;11,5;10,8;10,8;10,3;98;95;97;146;1,3;,5;
2026/06/30;1500 UTC;0;999;999,4;998,6;;11,7;10,3;11,8;11,5;10,6;10,1;95;92;93;230;2,4;1,3;
2026/06/30;1600 UTC;0;998,2;998,8;997,5;;12;10,2;12,4;11,7;10,5;9,9;93;88;91;101;1,7;,9;
2026/06/30;1700 UTC;;;;;;;;;;;;;;;;;;
2026/06/30;1800 UTC;0;996,4;996,8;996,1;;12,9;10,7;13;12,6;11;10,4;91;88;89;130;1,8;,7;
2026/06/30;1900 UTC;0;995,9;996,5;995,4;;12,9;10,9;13,1;12,8;11,2;10,7;91;89;90;175;2;,9;
2026/06/30;2000 UTC;;;;;;;;;;;;;;;;;;
2026/06/30;2100 UTC;0;995,5;995,7;995,1;;12,4;11,2;12,5;12,3;11,3;11,1;95;93;94;254;2,1;,8;
2026/06/30;2200 UTC;0;995,4;996,5;994,8;;12,3;11,3;12,3;12,3;11,4;11,3;96;95;95;177;2,3;1;
2026/06/30;2300 UTC;0;995,8;996,5;995,5;;12,4;11,4;12,5;12,3;11,5;11,3;96;94;95;178;2;,7;
2026/07/01;0000 UTC;0;996,2;996,6;995,8;;12,4;11,7;12,5;12,3;11,9;11,4;98;94;96;95;1,9;,7;
2026/07/01;0100 UTC;0;996,2;996,4;995,8;;12,3;12,1;12,3;12,2;12,2;11,9;100;98;99;252;1,1;,4;
2026/07/01;0200 UTC;0;996,2;996,4;995,9;;12,2;12,2;12,3;12,2;12,2;12,1;100;100;100;102;1;,3;
2026/07/01;0300 UTC;0;996,3;996,6;995,8;;12,2;12,2;12,3;12,2;12,3;12,2;100;100;100;120;1,6;,5;
2026/07/01;0400 UTC;0;996,3;996,6;995,9;;12,3;12,3;12,3;12,2;12,4;12,2;100;100;100;179;1,2;,4;
2026/07/01;0500 UTC;0;996,1;996,5;995,8;;12,2;12,2;12,2;12;12,3;12;100;100;100;232;,9;,5;
2026/07/01;0600 UTC;0;996,1;996,4;995,8;;12,3;12,3;12,3;12,2;12,3;12,2;100;100;100;282;1,4;,7;
2026/07/01;0700 UTC;0;995,8;996,1;995,6;;12;12,1;12,2;11,9;12,2;11,9;100;100;100;232;,7;,4;
2026/07/01;0800 UTC;0;995,6;996,1;995,4;;11,9;11,9;12;11,8;12;11,8;100;100;100;295;1,5;,6;
2026/07/01;0900 UTC;0;995,4;995,7;995,2;;12;12;12;11,9;12,1;12;100;100;100;60;1;,6;
2026/07/01;1000 UTC;0;995,8;996,2;995,3;;12;12;12;11,9;12;12;100;100;100;203;1;,4;
2026/07/01;1100 UTC;0;996,5;997;996;;12;12,1;12,1;12;12,1;12;100;100;100;69;,9;,5;
2026/07/01;1200 UTC;0;996,9;997,3;996,4;;12,1;12,1;12,3;12;12,3;12,1;100;100;100;90;1;,5;
2026/07/01;1300 UTC;0;997,5;998;997,1;;12,4;12,4;12,6;12,2;12,6;12,3;100;99;100;249;2,3;,7;
2026/07/01;1400 UTC;0;997,8;998,1;997,5;;13,1;12,4;13,7;12,5;12,8;12,2;99;93;96;185;1,9;,8;
2026/07/01;1500 UTC;0;997,6;998,2;997;;14;12,6;14,2;13,7;13;12,2;95;91;93;129;2,7;1,1;
2026/07/01;1600 UTC;0;997,3;997,8;996,7;;14;12,5;14,4;13,8;12,9;12,2;94;90;92;235;2;,7;
2026/07/01;1700 UTC;3,4;996,6;997,2;995,9;;13,6;12,7;13,8;13,4;13,4;12,3;99;92;95;162;2,2;1;
2026/07/01;1800 UTC;;;;;;;;;;;;;;;;;;
2026/07/01;1900 UTC;1,8;995,6;996,4;995;;13,5;13,4;13,7;13,4;13,6;13,3;100;99;100;205;1,8;,7;
2026/07/01;2000 UTC;2;996,1;996,8;995,5;;13,6;13,4;13,7;13,4;13,6;13,1;100;99;99;209;2,9;1,2;
2026/07/01;2100 UTC;1,2;996,1;996,7;995,4;;13,4;13,2;13,5;13,4;13,4;13;100;98;99;243;2,3;,7;
2026/07/01;2200 UTC;1,4;997,1;997,4;996,5;;13,5;13,1;13,5;13,4;13,1;13;98;98;98;267;3,1;,8;
2026/07/01;2300 UTC;1;997,6;998,1;997;;13,4;13,2;13,5;13,4;13,3;13,1;100;98;99;241;1,8;,7;
2026/07/02;0000 UTC;0;997,8;998,7;997,2;;13,4;13,3;13,5;13,3;13,3;13,2;100;98;99;177;1,7;,7;
2026/07/02;0100 UTC;,2;998,8;999,3;998,3;;13,6;13,2;13,6;13,6;13,4;13,1;99;98;98;197;1,7;,8;
2026/07/02;0200 UTC;0;999,4;999,8;999,1;;13,6;13,3;13,6;13,5;13,4;13,2;99;98;99;192;1,2;,6;
2026/07/02;0300 UTC;0;999,6;999,9;999;;13,6;13,5;13,6;13,5;13,6;13,3;100;99;100;149;1;,5;
2026/07/02;0400 UTC;0;999,5;1000,3;999,2;;13,6;13,6;13,6;13,6;13,7;13,6;100;100;100;178;1,8;,5;
2026/07/02;0500 UTC;0;999,8;1000,5;999;;13,6;13,6;13,6;13,5;13,7;13,6;100;100;100;214;1,5;,6;
2026/07/02;0600 UTC;,4;998,9;999,3;998,5;;13,6;13,7;13,7;13,5;13,7;13,6;100;100;100;275;2;,9;
2026/07/02;0700 UTC;,2;998,9;999,5;998,2;;13,7;13,8;13,7;13,7;13,8;13,7;100;100;100;283;1,2;,7;
2026/07/02;0800 UTC;,2;999,3;999,8;999;;13,7;13,8;13,8;13,7;13,9;13,8;100;100;100;170;1,5;,6;
2026/07/02;0900 UTC;,6;999,4;999,9;999;;13,8;13,9;13,8;13,8;13,9;13,8;100;100;100;205;1,5;,8;
2026/07/02;1000 UTC;0;999,5;1000;998,9;;13,9;13,9;13,9;13,8;14;13,9;100;100;100;194;2;,9;
2026/07/02;1100 UTC;0;1000,1;1000,5;999,8;;14;14;14;13,9;14;13,9;100;100;100;185;,7;,4;
2026/07/02;1200 UTC;,8;1000,3;1000,8;999,6;;14;14,1;14,1;14;14,2;14;100;100;100;135;1,2;,7;
2026/07/02;1300 UTC;0;1000,5;1001,3;1000,1;;14,2;14,1;14,3;14,1;14,2;14;100;99;100;245;1,9;,8;
2026/07/02;1400 UTC;1,2;1001,3;1001,8;1000,8;;14,4;14,1;14,5;14,3;14,3;13,9;99;98;99;119;2,2;1;
2026/07/02;1500 UTC;,6;1000,9;1001,2;1000,7;;14,6;14,2;14,7;14,5;14,6;13,8;100;97;98;129;2,7;1,1;
2026/07/02;1600 UTC;1,4;1000,8;1001,3;1000,4;;14,3;13,4;14,5;14,2;13,9;13,1;97;94;96;191;2,6;1,1;
2026/07/02;1700 UTC;1,2;1000,3;1000,8;999,9;;14;13,1;14,2;13,8;13,4;12,8;97;94;96;178;4;1,1;
2026/07/02;1800 UTC;0;1000,5;1000,8;1000,1;;13,7;12,8;13,9;13,5;13,2;12,4;97;94;95;170;3,9;1,2;
2026/07/02;1900 UTC;,4;1000,9;1001,5;1000,4;;12,9;12,1;13,4;12,6;12,6;11,5;97;94;96;129;4;1,4;
2026/07/02;2000 UTC;,2;1001,5;1002,1;1001,1;;12,3;11,4;12,6;12;11,9;10,5;98;92;96;134;4,8;1,3;
2026/07/02;2100 UTC;0;1002,3;1002,6;1001,9;;11,7;10,7;12;11,4;11;10,2;97;92;95;140;2,8;1;
2026/07/02;2200 UTC;,2;1003,1;1003,6;1002,6;;11,2;10,3;11,4;11,1;10,8;10;97;94;96;152;3,1;1;
2026/07/02;2300 UTC;0;1003,8;1004,1;1003,3;;10,9;10,5;11;10,9;10,7;10;99;96;98;141;2,1;,8;
2026/07/03;0000 UTC;0;1004,3;1004,8;1003,9;;10,7;9,8;10,9;10,5;10,2;9,5;97;95;96;142;3,2;1,4;
2026/07/03;0100 UTC;0;1004,7;1005,1;1004,4;;10,1;9,3;10,5;9,9;9,7;9;98;94;96;258;1,7;,8;
2026/07/03;0200 UTC;0;1005,1;1005,2;1004,9;;9,7;8,8;9,7;9,7;8,9;8,7;96;95;96;147;2;,8;
2026/07/03;0300 UTC;0;1005,1;1005,4;1004,9;;9,6;8,9;9,7;9,3;9,4;7,9;99;92;97;177;3,9;1,3;
2026/07/03;0400 UTC;,2;1005,3;1005,7;1005,1;;8,8;7,8;9,3;8,3;8,3;7,3;96;94;95;131;5,1;1,8;
2026/07/03;0500 UTC;,2;1005,5;1005,8;1005,3;;7,9;6,4;8,3;7,5;7,6;5,1;96;88;92;156;5,4;1,5;
2026/07/03;0600 UTC;0;1005,9;1006;1005,7;;7,3;5,3;7,4;7,2;6,3;4;95;83;90;125;2,8;1;
2026/07/03;0700 UTC;0;1005,8;1006;1005,7;;7;5,3;7,3;6,8;6,1;4,5;96;87;92;113;2,5;1,2;
2026/07/03;0800 UTC;0;1005,9;1006,4;1005,7;;6,4;5;6,9;6,1;5,6;3,7;97;87;93;177;3,9;1,3;
2026/07/03;0900 UTC;0;1006,5;1007,1;1006;;5,7;4,1;6,1;5,5;4,8;3,3;;88;93;172;4,8;1,1;
2026/07/03;1000 UTC;,2;1007,2;1007,7;1006,7;;5,3;3,5;5,5;5,2;4,2;2,1;95;84;91;255;2,9;,9;
2026/07/03;1100 UTC;0;1007,4;1007,6;1007,2;;5;3,9;5,2;4,9;4,3;3;97;90;94;289;1,1;,5;
2026/07/03;1200 UTC;0;1007,5;1008,1;1007,2;;5,9;2,3;6,8;4,7;4,1;,5;96;69;82;180;2,3;,9;
2026/07/03;1300 UTC;0;1008;1008,5;1007,7;;7;0;7,7;6,6;1,4;-1,3;74;55;65;198;3,6;1,8;
2026/07/03;1400 UTC;0;1008,1;1008,4;1007,9;;8,4;-,2;9;7,2;1;-1,3;63;52;57;131;4,7;2,5;
2026/07/03;1500 UTC;0;1007,7;1008,2;1007,4;;8,8;-,3;9,3;8,1;,6;-1,4;60;48;54;140;3,7;2,2;
2026/07/03;1600 UTC;0;1006,9;1007,6;1006,4;;9,3;-,3;9,8;8,7;,8;-1,4;57;47;52;189;4;1,9;
2026/07/03;1700 UTC;;;;;;;;;;;;;;;;;;
2026/07/03;1800 UTC;0;1005,7;1006,1;1005,4;;11,1;1;11,5;10,4;2,1;,1;56;46;49;111;3;1,6;
2026/07/03;1900 UTC;0;1005,3;1005,6;1004,9;;11,3;1;11,8;11,1;1,4;,4;51;45;48;166;1,8;,6;
2026/07/03;2000 UTC;;;;;;;;;;;;;;;;;;
2026/07/03;2100 UTC;0;1005,4;1005,9;1005,2;;7,5;3,1;8,5;6,7;4,5;1,5;85;71;78;233;1,2;,4;
2026/07/03;2200 UTC;0;1005,8;1006,6;1005,2;;6,3;3,2;6,7;5,9;4,1;2,5;89;80;85;146;1;,5;
2026/07/03;2300 UTC;0;1006,8;1007;1006,5;;5,6;3,7;5,9;5,3;4,1;3,2;93;86;90;277;1,2;,7;
2026/07/04;0000 UTC;0;1007,1;1007,3;1006,8;;5;3,8;5,2;4,9;4,2;3,5;96;92;94;299;1,1;,5;
2026/07/04;0100 UTC;0;1007;1007,3;1006,8;;5,2;4;5,4;5,1;4,5;3,6;96;92;94;244;1,3;,6;
2026/07/04;0200 UTC;0;1006,9;1007,1;1006,7;;5,3;4,4;5,4;5,3;4,7;4,1;97;94;96;296;,8;,4;
2026/07/04;0300 UTC;0;1006,8;1007,2;1006,6;;5,4;4,7;5,5;5,3;5;4,4;97;95;97;172;1,1;,7;
2026/07/04;0400 UTC;0;1006,8;1006,9;1006,5;;5,6;4,8;5,7;5,4;5,1;4,4;97;94;96;298;,9;,6;
2026/07/04;0500 UTC;0;1006,6;1007;1006,3;;5,7;5;5,9;5,6;5,3;4,8;97;96;96;130;,9;,4;
2026/07/04;0600 UTC;0;1006,2;1006,5;1005,9;;5,9;5,1;5,9;5,8;5,3;4,9;97;95;96;205;,9;,5;
2026/07/04;0700 UTC;0;1005,8;1006,1;1005,5;;5,9;5,2;5,9;5,9;5,3;5;97;96;96;309;2;,8;
2026/07/04;0800 UTC;0;1005,3;1005,6;1005,1;;6;5;6,1;5,9;5,2;4,7;96;94;95;102;,9;,5;
2026/07/04;0900 UTC;0;1005,3;1005,6;1005;;6,1;5,3;6,2;6;5,4;5,1;97;95;96;147;1,1;,7;
2026/07/04;1000 UTC;0;1005,5;1006;1005,2;;6,2;5,5;6,3;6,2;5,8;5,1;98;95;96;295;1,2;,4;
2026/07/04;1100 UTC;0;1005,8;1006,2;1005,5;;6,3;5,7;6,4;6,2;5,8;5,5;97;96;97;219;1,2;,5;
2026/07/04;1200 UTC;0;1006,1;1006,4;1005,9;;6,7;6;6,9;6,4;6,3;5,6;98;95;97;257;1,4;,5;
2026/07/04;1300 UTC;0;1006,5;1007;1006,3;;7,2;6;7,4;6,9;6,2;5,7;96;92;94;103;1;,5;
2026/07/04;1400 UTC;0;1006,5;1006,6;1006,3;;8,6;5,8;8,7;8,4;6,2;5,4;89;84;86;163;1,8;1;
2026/07/04;1500 UTC;0;1006,4;1006,7;1005,9;;9,3;5;10,2;8,6;5,8;3,7;86;67;78;109;1,8;,7;
2026/07/04;1600 UTC;0;1005,5;1006,2;1005,1;;10,7;4,1;11,6;10,2;5;3,2;70;64;67;130;2,5;1,3;
2026/07/04;1700 UTC;0;1004,9;1005,7;1004,4;;11,8;4,8;12,5;11,1;5,9;4,2;69;62;65;133;4;1,6;
2026/07/04;1800 UTC;0;1003,9;1004,6;1003,1;;11,9;5,1;12,3;11,4;6;4,6;70;63;66;149;3;1,3;
2026/07/04;1900 UTC;0;1002,7;1003,4;1002,1;;12;5,6;12,5;11,6;6,3;4,8;72;64;68;176;2,2;,8;
2026/07/04;2000 UTC;0;1002,3;1002,7;1002;;11,4;6,1;12,3;10,6;6,7;5,7;79;67;73;171;2;,8;
2026/07/04;2100 UTC;0;1002,5;1002,9;1002,3;;9,6;6,6;10,6;8,8;7,1;6,1;89;79;85;270;2,1;1;
2026/07/04;2200 UTC;0;1003,2;1003,8;1002,8;;8,8;6,5;8,9;8,7;6,7;6,2;90;86;88;232;1,9;,8;
2026/07/04;2300 UTC;0;1004;1004,4;1003,6;;9;6,4;9;8,9;6,8;6,1;89;86;87;194;1,2;,5;
2026/07/05;0000 UTC;0;1003,6;1004,2;1003;;8,7;6,4;8,9;8,3;6,9;6;93;86;89;260;1,2;,7;
2026/07/05;0100 UTC;0;1002,8;1003,5;1001,7;;8,3;6,7;8,4;8,2;7;6,1;93;89;92;213;1,9;,9;
2026/07/05;0200 UTC;0;1003,1;1004,2;1002,1;;8,3;6,5;8,5;8,1;6,7;6,2;93;89;91;244;2,4;,7;
2026/07/05;0300 UTC;0;1003,6;1004,1;1003,2;;8,3;6,8;8,5;8,2;7,1;6,2;94;88;92;244;1,1;,5;
2026/07/05;0400 UTC;0;1002,9;1003,4;1002,4;;8,2;7;8,4;8;7,3;6,4;96;90;94;286;3,1;1,6;
2026/07/05;0500 UTC;0;1002,8;1003,3;1002,4;;8,4;6,8;8,5;8,2;7,2;6,3;95;89;92;195;,7;,3;
2026/07/05;0600 UTC;0;1002,3;1002,5;1002;;8,1;7,1;8,3;8,1;7,3;6,8;96;93;95;183;1;,5;
2026/07/05;0700 UTC;0;1002,1;1002,6;1001,8;;8,2;6,9;8,3;7,9;7,1;6,6;95;92;94;246;,8;,4;
2026/07/05;0800 UTC;0;1002,1;1002,4;1001,7;;8;7;8,2;7,8;7,2;6,9;96;94;95;216;1,1;,5;
2026/07/05;0900 UTC;;;;;;;;;;;;;;;;;;
2026/07/05;1000 UTC;0;1002,4;1002,9;1002,1;;8,3;7,4;8,3;8,2;7,6;7,2;96;95;96;301;,9;,5;
2026/07/05;1100 UTC;0;1001,9;1002,3;1001,6;;8,3;7,5;8,4;8,2;7,7;7,4;97;96;96;316;1,4;,8;
2026/07/05;1200 UTC;0;1001,8;1002;1001,6;;8,7;7,4;9,1;8,4;7,7;7;96;89;93;97;,8;,4;
2026/07/05;1300 UTC;0;1002;1002,4;1001,6;;9,8;7,1;10,4;9,1;7,7;6,7;90;84;86;118;3,1;1;
2026/07/05;1400 UTC;0;1002,2;1002,4;1001,8;;11,1;7,4;11,8;10,3;8;7;86;78;81;44;2;1,3;
2026/07/05;1500 UTC;0;1001,6;1002;1001,1;;12,1;7,9;12,7;11,5;8,4;7,3;82;77;79;137;1,8;,8;
2026/07/05;1600 UTC;0;1000,3;1001,2;999,6;;13,2;8,5;13,7;12,7;9,4;7,9;79;75;77;92;1,5;,9;
2026/07/05;1700 UTC;0;999;999,4;998,8;;14;9,2;14,1;13,9;9,6;9;77;74;76;107;1,5;,6;
2026/07/05;1800 UTC;0;998,5;998,9;998,1;;14,3;9,7;14,7;14,1;10,2;9,3;79;74;77;236;1,4;,7;
2026/07/05;1900 UTC;0;997,9;998,4;997,7;;15,2;10,2;15,6;14,7;11;9,7;77;73;75;228;1,7;,7;
2026/07/05;2000 UTC;0;998;998,5;997,6;;15;11,2;15,3;14,7;12;10,4;86;75;81;285;1,4;,5;
2026/07/05;2100 UTC;0;998,2;998,7;998;;13,7;11,5;14,7;12,9;12;11,1;92;84;89;288;1,5;,3;
2026/07/05;2200 UTC;0;998,2;998,7;998;;12,8;11,6;13;12,7;11,8;11,3;96;92;94;279;1,3;,9;
2026/07/05;2300 UTC;0;998,5;998,9;998,2;;12,6;11,7;12,7;12,6;11,8;11,5;96;94;95;201;1;,4;
2026/07/06;0000 UTC;0;998,3;998,7;998;;12,5;11,8;12,6;12,4;11,9;11,7;97;96;97;167;,3;,2;
2026/07/06;0100 UTC;0;998,4;998,9;998,1;;12,2;11,8;12,5;12,1;11,9;11,7;99;97;98;302;,5;,4;
2026/07/06;0200 UTC;0;998,3;998,6;998,1;;12,2;11,8;12,2;12;11,9;11,8;99;98;98;183;,5;,4;
2026/07/06;0300 UTC;0;998,5;998,8;998,2;;12;11,8;12,2;11,9;11,8;11,6;99;98;99;285;,5;,4;
2026/07/06;0400 UTC;0;998,6;999;998,4;;12,1;11,8;12,3;12;11,9;11,7;100;97;98;;;;
2026/07/06;0500 UTC;0;998,3;998,9;997,8;;12,2;12;12,4;12;12,1;11,8;100;98;99;;;;
2026/07/06;0600 UTC;0;;;;;;;;;;;;;;;;;
2026/07/06;0700 UTC;0;;;;;;;;;;;;;;;;;
2026/07/06;0800 UTC;0;;;;;;;;;;;;;;;;;
2026/07/06;0900 UTC;0;;;;;;;;;;;;;;;;;
2026/07/06;1000 UTC;0;;;;;;;;;;;;;;;;;
2026/07/06;1100 UTC;0;;;;;;;;;;;;;;;;;
2026/07/06;1200 UTC;;;;;;;;;;;;;;;;;;
2026/07/06;1300 UTC;0;;;;;;;;;;;;;;;;;
2026/07/06;1400 UTC;0;;;;;;;;;;;;;;;;;
2026/07/06;1500 UTC;0;;;;;;;;;;;;;;;;;
2026/07/06;1600 UTC;,2;;;;;;;;;;;;;;;;;
2026/07/06;1700 UTC;0;;;;;;;;;;;;;;;;;
2026/07/06;1800 UTC;0;;;;;;;;;;;;;;;;;
2026/07/06;1900 UTC;0;;;;;;;;;;;;;;;;;
2026/07/06;2000 UTC;;;;;;;;;;;;;;;;;;
2026/07/06;2100 UTC;0;1000;1000,6;999,7;;11,5;9,7;11,9;11,1;10;9,5;94;88;91;;;;
2026/07/06;2200 UTC;0;1000,5;1000,9;1000,2;;10,3;9,2;11,1;9,5;9,8;8,8;97;92;94;217;1,9;,9;
2026/07/06;2300 UTC;0;1000,9;1001,5;1000,6;;9,2;8,6;9,5;9;8,9;8,1;98;96;97;260;2,3;,9;
2026/07/07;0000 UTC;0;1001,3;1001,7;1001,1;;8,6;8,2;9,1;8,1;8,6;7,8;99;96;98;181;1,6;,5;
2026/07/07;0100 UTC;0;1001,6;1001,9;1001,2;;7,9;7,6;8,1;7,6;7,9;7,3;100;98;99;113;,9;,3;
2026/07/07;0200 UTC;0;1002,1;1002,4;1001,8;;7,9;7,9;8;7,7;8;7,8;100;100;100;247;1,2;,5;
2026/07/07;0300 UTC;0;1002,7;1003,1;1002,3;;7,7;7,7;7,8;7,6;7,8;7,6;100;100;100;78;1,1;,5;
2026/07/07;0400 UTC;0;1003;1003,2;1002,9;;7,3;7,3;7,5;7;7,6;7;100;100;100;117;1,2;,6;
2026/07/07;0500 UTC;0;1003;1003,2;1002,7;;6,7;6,8;7;6,6;7;6,7;100;100;100;280;1;,5;
2026/07/07;0600 UTC;0;1002,6;1002,8;1002,3;;6,6;6,7;6,8;6,4;6,8;6,4;100;100;100;174;1,8;,7;
2026/07/07;0700 UTC;0;1002,4;1002,7;1002;;6,3;6,3;6,3;6,2;6,4;6,3;100;100;100;152;1,2;,7;
2026/07/07;0800 UTC;0;1002,2;1002,3;1002,1;;6,1;6,1;6,2;6;6,2;6;100;100;100;82;,9;,4;
2026/07/07;0900 UTC;0;;;;;;;;;;;;;;158;1,1;,6;
2026/07/07;1000 UTC;0;;;;;;;;;;;;;;121;1,6;,7;
2026/07/07;1100 UTC;0;;;;;;;;;;;;;;217;1,8;,7;
2026/07/07;1200 UTC;0;;;;;;;;;;;;;;66;1,6;1;
2026/07/07;1300 UTC;0;;;;;;;;;;;;;;105;2;1,2;
2026/07/07;1400 UTC;0;;;;;;;;;;;;;;77;3;1,4;
2026/07/07;1500 UTC;0;;;;;;;;;;;;;;180;3,1;1,5;
2026/07/07;1600 UTC;0;;;;;;;;;;;;;;91;3;1,4;
2026/07/07;1700 UTC;0;;;;;;;;;;;;;;118;2,8;1,5;
2026/07/07;1800 UTC;0;;;;;;;;;;;;;;212;2,1;,8;
2026/07/07;1900 UTC;0;;;;;;;;;;;;;;172;1,6;,7;
2026/07/07;2000 UTC;0;;;;;;;;;;;;;;223;1,2;,4;
2026/07/07;2100 UTC;0;;;;;;;;;;;;;;159;1,5;,8;
2026/07/07;2200 UTC;0;;;;;;;;;;;;;;157;1,6;,6;
2026/07/07;2300 UTC;0;;;;;;;;;;;;;;188;1;,5;
2026/07/08;0000 UTC;0;;;;;;;;;;;;;;253;1,4;,7;
2026/07/08;0100 UTC;0;;;;;;;;;;;;;;262;1,9;1,2;
2026/07/08;0200 UTC;0;;;;;;;;;;;;;;172;1,2;,6;
2026/07/08;0300 UTC;0;;;;;;;;;;;;;;216;1,9;1,1;
2026/07/08;0400 UTC;0;1002,1;1002,2;1002;;5,7;5,7;5,7;5,6;5,8;5,7;100;100;100;75;2,6;1,3;
2026/07/08;0500 UTC;0;1001,9;1002,2;1001,6;;5,5;5,6;5,7;5,3;5,8;5,4;100;100;100;61;1,8;1;
2026/07/08;0600 UTC;0;1001,1;1001,8;1000,8;;5,4;5,4;5,5;5,2;5,5;5,3;100;100;100;225;2,1;1,2;
2026/07/08;0700 UTC;0;1001;1001,1;1000,8;;5,5;5,5;5,6;5,4;5,6;5,4;100;100;100;190;2,2;1;
2026/07/08;0800 UTC;0;1000,9;1001,2;1000,7;;5,1;5,1;5,3;4,9;5,4;5;100;100;100;244;2;,9;
2026/07/08;0900 UTC;0;1001,1;1001,5;1000,7;;4,8;4,8;4,9;4,7;5;4,8;100;100;100;190;1,2;,7;
2026/07/08;1000 UTC;0;1001,7;1001,9;1001,3;;4,6;4,6;4,8;4,4;4,8;4,1;100;98;100;226;1,1;,5;
2026/07/08;1100 UTC;0;1002,4;1002,7;1001,9;;4,4;3,8;4,9;4,2;4,2;3,1;99;91;97;120;1,8;,5;
2026/07/08;1200 UTC;0;1002,8;1003,3;1002,4;;5,9;3;6,9;5;3,5;2,6;91;80;85;146;1,6;1,1;
2026/07/08;1300 UTC;0;1002,8;1002,9;1002,6;;8,1;4,1;9;7;4,8;3,4;84;76;80;77;2,5;1,2;
2026/07/08;1400 UTC;0;1002,7;1003,1;1002,5;;9,9;4,7;10,7;9;5,4;4,1;78;71;74;78;2,9;1,3;
2026/07/08;1500 UTC;0;1002,2;1002,6;1001,8;;12,1;5,6;13,5;10,7;6,8;4,5;73;63;68;149;3;1,4;
2026/07/08;1600 UTC;0;1001,2;1001,9;1000,4;;14,4;6,8;15,6;13,3;7,8;5,9;67;57;62;187;2,9;1,9;
2026/07/08;1700 UTC;0;999,7;1000,4;999,2;;16,6;7,9;17,9;15,7;9,3;7,1;62;52;56;148;2,6;1,5;
2026/07/08;1800 UTC;0;998,8;999,5;998,3;;18,1;8,7;18,6;17,4;9,3;7,8;56;50;53;296;2,1;1;
2026/07/08;1900 UTC;0;998,2;998,7;997,9;;18,9;9,1;19,1;18,6;10,4;8,4;57;47;51;304;1,6;,9;
2026/07/08;2000 UTC;;;;;;;;;;;;;;;;;;
2026/07/08;2100 UTC;0;998,2;998,7;998;;15,1;9;16,1;13,8;9,4;8,4;78;63;69;145;1,2;,5;
2026/07/08;2200 UTC;0;998,8;999,4;998,3;;13,1;9,5;13,9;12,3;9,9;9;87;76;82;221;1,2;,6;
2026/07/08;2300 UTC;0;999,9;1000,6;999,4;;11,7;9,4;12,3;11,3;9,6;9,1;90;86;88;119;1,1;,4;
2026/07/09;0000 UTC;0;1000,6;1001,1;1000,2;;10,4;9,2;11,2;10;9,4;9;97;90;94;297;1,2;,5;
2026/07/09;0100 UTC;0;1000,1;1000,9;999,4;;9,9;9;10,1;9,5;9,4;8,6;97;94;96;302;1,2;,6;
2026/07/09;0200 UTC;0;999;999,4;998,7;;9,1;8,7;9,6;8,7;9,1;8,5;100;96;98;283;1,6;1;
2026/07/09;0300 UTC;0;998,9;999,4;998,6;;8,8;8,7;9;8,6;9;8,4;100;99;100;153;1,2;,6;
2026/07/09;0400 UTC;0;998,7;999,1;998,5;;8,4;8,4;8,6;8,2;8,7;8,3;100;100;100;314;1,3;,7;
2026/07/09;0500 UTC;0;998,8;998,9;998,6;;8,4;8,5;8,6;8,3;8,6;8,3;100;100;100;144;1,7;1;
2026/07/09;0600 UTC;0;998,7;999;998,5;;8,3;8,3;8,4;8,2;8,4;8,2;100;100;100;182;2,6;1,4;
2026/07/09;0700 UTC;0;998,4;998,7;998,2;;8,1;8,1;8,2;8;8,2;8;100;100;100;251;2,7;1,7;
2026/07/09;0800 UTC;0;998,5;998,9;998,3;;7,8;7,9;8;7,6;8;7,7;100;100;100;77;2,8;1,5;
2026/07/09;0900 UTC;0;998,5;998,8;998,3;;7,6;7,6;7,6;7,5;7,7;7,6;100;100;100;235;3;1,8;
2026/07/09;1000 UTC;0;998,7;999,1;998,5;;7,3;7,3;7,5;7;7,6;7,1;100;100;100;244;3;1,4;
2026/07/09;1100 UTC;0;999,1;999,5;998,7;;7,1;7,2;7,2;7,1;7,3;7,1;100;100;100;232;2,6;1,3;
2026/07/09;1200 UTC;0;999,4;999,8;999,2;;7,4;7,4;7,9;7;7,9;7;100;100;100;193;3,5;1,8;
2026/07/09;1300 UTC;0;999,7;1000;999,3;;9,4;7,6;11,1;7,7;8,3;7;100;81;91;147;2,7;1,7;
2026/07/09;1400 UTC;0;999,5;999,9;999,1;;12,4;7,7;14,1;11,2;8,4;7,1;82;70;76;170;3,1;2,2;
2026/07/09;1500 UTC;0;999;999,5;998,6;;15,2;8,5;16,9;14;9,4;7,8;72;61;66;215;3,5;1,9;
2026/07/09;1600 UTC;0;998,1;998,9;997,6;;18,2;9,6;19,6;17;10,9;8,6;61;52;57;231;2,6;1,4;
2026/07/09;1700 UTC;0;997;997,7;996,6;;20,6;11;21,3;19,6;11,8;10,1;56;49;52;142;3;1,4;
2026/07/09;1800 UTC;0;996,2;996,8;995,8;;21,9;11,9;22,3;21,3;12,8;11,2;100;47;57;322;2,3;1,3;
2026/07/09;1900 UTC;0;995,6;996,1;995,4;;22;12,3;22,2;21,7;12,9;11,5;100;47;58;308;2,1;1,1;
2026/07/09;2000 UTC;;;;;;;;;;;;;;;;;;
2026/07/09;2100 UTC;0;995,1;995,3;995;;18,7;12,5;19,9;17,2;13,3;11,8;77;62;69;115;1;,3;
2026/07/09;2200 UTC;0;995,5;996;995,2;;16,6;12,7;17,2;15,7;13;12,3;86;76;81;286;1,2;,6;
2026/07/09;2300 UTC;0;995,5;996;995,4;;15,3;13,1;15,8;14,9;13,2;13;91;86;89;239;1,4;,7;
2026/07/10;0000 UTC;0;995,7;996,2;995,5;;14,4;13;14,9;14;13,1;12,7;94;91;93;312;1,5;,9;
2026/07/10;0100 UTC;0;995,9;996,3;995,6;;13,8;12,7;14,1;13,5;12,9;12,5;97;93;95;315;1,6;,9;
2026/07/10;0200 UTC;0;996,1;996,5;995,8;;13,1;12,5;13,6;12,8;12,6;12;99;95;97;272;1,4;,7;
2026/07/10;0300 UTC;0;996,3;996,7;996,1;;13;12,4;13,2;12,6;12,7;12;99;95;97;179;1,1;,5;
2026/07/10;0400 UTC;0;996,3;997,1;995,7;;12,7;12,2;12,9;12,3;12,6;11,7;99;96;98;238;1,7;,6;
2026/07/10;0500 UTC;0;995,7;995,9;995,6;;12,3;12;12,7;12,1;12,3;11,7;99;96;98;232;2,3;1;
2026/07/10;0600 UTC;0;995,3;995,8;994,9;;12;11,7;12,7;11,7;12;11,5;100;96;99;318;2,1;1,4;
2026/07/10;0700 UTC;0;994,8;995,2;994,5;;11,9;11,8;12,2;11,6;12,1;11,5;100;98;99;294;1,9;1,1;
2026/07/10;0800 UTC;0;994,6;995;994,4;;11,8;11,8;12;11,6;12;11,5;100;99;100;266;1,9;1;
2026/07/10;0900 UTC;0;994,5;994,9;994,3;;11,7;11,7;11,9;11,5;12;11,5;100;100;100;177;2,4;1,1;
2026/07/10;1000 UTC;0;994,8;995,3;994,4;;12;12;12,5;11,7;12,2;11,7;100;98;100;228;2;,8;
2026/07/10;1100 UTC;0;995,4;995,9;995,2;;12,3;12;12,6;12,1;12,2;11,9;99;98;99;289;1,8;1;
2026/07/10;1200 UTC;,8;995,8;996;995,6;;12,6;12,3;13,2;12,4;12,8;12;99;96;98;265;1,2;,4;
2026/07/10;1300 UTC;,8;996,1;996,3;995,7;;13,5;13;13,9;13;13,5;12,4;99;95;97;166;2,4;1,2;
2026/07/10;1400 UTC;0;996,3;996,7;995,9;;15;13,5;15,5;14;14,2;12,6;95;89;92;214;2,6;1,5;
2026/07/10;1500 UTC;0;995,7;996;995,3;;17,1;13,9;17,7;15,7;14,7;13,1;92;78;84;124;2,4;1,6;
2026/07/10;1600 UTC;,2;994,8;995,3;993,8;;18,2;14,2;19;17,3;14,8;13,6;87;76;80;63;2,3;1,3;
2026/07/10;1700 UTC;0;993,4;994,1;993;;20;14,6;20,5;18,9;15,3;13,7;100;69;73;118;1,6;,8;
2026/07/10;1800 UTC;0;992,7;993,3;992,4;;20,4;15,5;20,7;20,1;16,1;15,2;79;73;76;151;1,8;,6;
2026/07/10;1900 UTC;0;992,5;992,8;992,3;;20;15,7;20,5;19,7;16,2;15,3;82;75;79;227;1,8;,6;
2026/07/10;2000 UTC;0;992,6;992,9;992,3;;19,2;15,6;20,2;18,6;15,9;15,2;87;78;82;223;2,5;,7;
2026/07/10;2100 UTC;0;992,8;993,3;992,5;;18,1;15,7;18,5;17,8;15,9;15,3;90;86;88;232;2,4;,8;
2026/07/10;2200 UTC;0;993,3;993,8;992,9;;17,5;15,4;17,8;16,9;15,7;15,2;93;87;90;216;1,6;,6;
2026/07/10;2300 UTC;0;993,3;993,7;993;;16,7;15,3;16,8;16,6;15,5;15,2;94;93;93;243;2,3;1;
2026/07/11;0000 UTC;0;993,5;993,9;993,3;;16,6;15,1;16,7;16,5;15,3;14,8;93;91;92;235;1,4;,5;
2026/07/11;0100 UTC;;;;;;;;;;;;;;;;;;
2026/07/11;0200 UTC;0;993,2;993,7;992,9;;16;14,8;16,1;15,9;15,3;14,5;96;92;94;224;2,4;,8;
2026/07/11;0300 UTC;0;993,1;993,3;992,4;;15,9;14,5;16;15,9;14,9;14,3;95;91;93;119;1,5;,5;
2026/07/11;0400 UTC;0;992,3;992,6;992;;15,6;14,6;15,9;15,5;15;14,1;97;92;95;198;1;,4;
2026/07/11;0500 UTC;0;992,3;992,7;992;;15,5;14,4;15,6;15,2;14,7;14,1;97;92;95;229;1;,5;
2026/07/11;0600 UTC;0;991,8;992;991,5;;15,2;13,6;15,3;15;14,4;13;95;90;92;247;3,1;1,4;
2026/07/11;0700 UTC;0;991,6;992,2;990,8;;15;13,3;15;14,8;14;12,9;96;90;92;271;1;,5;
2026/07/11;0800 UTC;;;;;;;;;;;;;;;;;;
2026/07/11;0900 UTC;0;990,4;990,9;990,1;;14,5;13,3;14,8;14,2;13,4;13,1;96;92;94;;;;
2026/07/11;1000 UTC;0;990,6;991,5;990,2;;14,4;13,5;14,5;14,2;13,8;13;97;92;96;235;,8;,5;
2026/07/11;1100 UTC;0;991,6;992,4;991;;14,4;12,4;14,5;14,2;13;11,5;93;86;90;;;;
2026/07/11;1200 UTC;0;992,5;993;992,2;;13,9;11,1;14,1;13,6;11,6;10,9;88;85;86;287;2,4;2,5;
2026/07/11;1300 UTC;0;992,8;993,6;992,4;;13,8;11,6;13,9;13,7;12,1;11,1;91;87;89;;;;
2026/07/11;1400 UTC;0;993;993,5;992,7;;14,1;12,5;14,4;13,9;13,1;11,7;94;89;92;;;;
2026/07/11;1500 UTC;0;992,4;993;991,9;;15,5;13;16,9;14,3;13,9;12,5;94;78;88;163;2,4;1;
2026/07/11;1600 UTC;0;991,8;992,4;991,4;;16,7;13,3;17,4;16,2;13,8;12,7;86;79;83;255;2,7;1,1;
2026/07/11;1700 UTC;0;990,9;991,7;990,3;;17,9;14;18,7;16,7;14,7;13,3;84;76;80;119;3;,6;
2026/07/11;1800 UTC;0;989,6;990,5;988,8;;18,8;14,5;19,1;18,4;15;14,2;82;77;79;225;1,6;,5;
2026/07/11;1900 UTC;0;990,3;991,7;988,6;;18,7;15;19,5;17,6;15,4;14,7;86;77;82;168;4,3;1,5;
2026/07/11;2000 UTC;0;991,9;992,3;991,6;;16,3;14,4;17,5;15,8;14,8;14,2;92;86;90;119;4,5;1,5;
2026/07/11;2100 UTC;0;992,5;993,2;991,9;;15,6;14,2;15,8;15,5;14,3;14,1;94;92;93;155;2,4;,8;
2026/07/11;2200 UTC;0;993,2;993,6;992,7;;15,4;14,5;15,5;15,2;14,8;14,2;98;94;96;295;1,5;,9;
2026/07/11;2300 UTC;0;993,5;993,9;993,2;;15;14,9;15,2;15;14,9;14,8;99;98;99;309;,7;,5;
2026/07/12;0000 UTC;0;993,3;993,6;993,1;;15;14,9;15,1;15;14,9;14,7;99;98;99;97;,7;,2;
2026/07/12;0100 UTC;,2;993,5;993,9;993,4;;15;14,9;15;15;15;14,8;100;99;100;182;,9;,4;
2026/07/12;0200 UTC;0;993,6;993,8;993,4;;14,9;15;15;14,9;15;14,9;100;100;100;158;,9;,5;
2026/07/12;0300 UTC;;;;;;;;;;;;;;;;;;
2026/07/12;0400 UTC;0;994;994,2;993,9;;14,9;14,9;14,9;14,8;15;14,9;100;100;100;232;,9;,3;
2026/07/12;0500 UTC;0;994,3;994,6;994,1;;14,7;14,8;14,8;14,6;14,9;14,7;100;100;100;179;;,3;
2026/07/12;0600 UTC;0;994;994,6;993,7;;14,6;14,6;14,7;14,4;14,8;14,4;100;100;100;199;1;,3;
2026/07/12;0700 UTC;,2;994;994,2;993,6;;14,3;14,3;14,4;14;14,5;14;100;100;100;200;1,9;,7;
2026/07/12;0800 UTC;;;;;;;;;;;;;;;;;;
2026/07/12;0900 UTC;0;994,9;995,4;994,4;;13,4;12,8;13,6;12,9;13,2;12,3;98;94;97;78;1,1;,2;
2026/07/12;1000 UTC;0;995,8;996,3;995,3;;13,1;12,8;13,1;12,8;13;12,3;100;97;99;172;,7;,2;
2026/07/12;1100 UTC;0;996,8;997,4;996,3;;13,1;13,1;13,1;13;13,1;12,9;100;100;100;280;,9;,5;
2026/07/12;1200 UTC;0;997,4;997,8;997;;13,3;13,1;13,6;13;13,4;12,9;100;98;99;136;1,6;,5;
2026/07/12;1300 UTC;0;998;998,5;997,8;;15;13,1;16,6;13,7;13,8;12,3;98;79;90;175;3,2;1,8;
2026/07/12;1400 UTC;0;998,5;998,6;998,4;;15,7;11,5;16,8;15,1;13;10,9;84;73;79;105;1,6;,8;
2026/07/12;1500 UTC;0;998,5;998,9;998,2;;15,8;11,6;16,4;15,5;12,3;10,8;84;73;79;70;2,1;1,1;
2026/07/12;1600 UTC;0;998;998,4;997,7;;16,1;11,5;16,4;15,7;12,2;11;80;73;77;240;2,4;,9;
2026/07/12;1700 UTC;0;997,6;997,9;997,4;;16,9;10,9;17,6;15,9;11,4;10,3;75;65;70;132;4,2;1,2;
2026/07/12;1800 UTC;0;997,7;998,2;997,6;;16,5;10,6;17,8;15,6;11,2;10;78;63;71;107;3,5;1,3;
2026/07/12;1900 UTC;0;998;998,2;997,8;;16,5;10,2;16,7;16,2;10,5;10;70;67;68;125;2,1;1;
2026/07/12;2000 UTC;0;;;;;;;;;;;;;;;;;
2026/07/12;2100 UTC;0;;;;;;;;;;;;;;;;;
2026/07/12;2200 UTC;0;;;;;;;;;;;;;;;;;
2026/07/12;2300 UTC;0;;;;;;;;;;;;;;;;;
2026/07/13;0000 UTC;0;;;;;;;;;;;;;;;;;
2026/07/13;0100 UTC;0;;;;;;;;;;;;;;;;;
2026/07/13;0200 UTC;0;;;;;;;;;;;;;;;;;
2026/07/13;0300 UTC;0;;;;;;;;;;;;;;;;;
2026/07/13;0400 UTC;0;;;;;;;;;;;;;;;;;
2026/07/13;0500 UTC;0;;;;;;;;;;;;;;;;;
2026/07/13;0600 UTC;0;;;;;;;;;;;;;;;;;
2026/07/13;0700 UTC;,4;;;;;;;;;;;;;;;;;
2026/07/13;0800 UTC;,2;;;;;;;;;;;;;;;;;
2026/07/13;0900 UTC;,8;;;;;;;;;;;;;;;;;
2026/07/13;1000 UTC;,8;;;;;;;;;;;;;;;;;
2026/07/13;1100 UTC;,8;;;;;;;;;;;;;;;;;
2026/07/13;1200 UTC;,2;;;;;;;;;;;;;;;;;
2026/07/13;1300 UTC;0;;;;;;;;;;;;;;;;;
2026/07/13;1400 UTC;;;;;;;;;;;;;;;;;;
2026/07/13;1500 UTC;0;1004,6;1004,9;1004,1;;11,9;9,9;12,2;11,6;10,8;9,1;94;85;90;241;2,2;,8;
2026/07/13;1600 UTC;0;1003,9;1004,2;1003,6;;12,4;9,2;12,7;12,1;10;8,5;90;79;84;244;2,3;1,3;
2026/07/13;1700 UTC;0;1003,4;1003,7;1003,1;;13;9,2;13,5;12,7;9,8;8,5;85;77;81;;;;
2026/07/13;1800 UTC;0;1003,2;1003,5;1003;;13,7;8,7;14,1;13,5;9,6;7,9;80;70;75;128;3,2;1,6;
2026/07/13;1900 UTC;0;1002,6;1003;1002,4;;13,9;8,3;14,4;13,3;9;7,5;78;66;72;319;1,6;,7;
2026/07/13;2000 UTC;0;1002,5;1002,8;1002,4;;13,8;8,5;14,4;13,2;9,6;7,2;81;64;74;168;;;
2026/07/13;2100 UTC;0;1002,7;1003,3;1002,3;;12,6;9,8;13,1;12,3;10,4;9,2;88;82;86;236;1,7;,7;
2026/07/13;2200 UTC;0;1003,1;1003,4;1002,9;;12;9,4;12,3;11,8;10,1;8,8;91;84;87;217;2;,7;
2026/07/13;2300 UTC;0;1003,6;1003,8;1003,2;;10,9;9,2;12;10,1;9,4;9,1;96;87;92;147;,9;,5;
2026/07/14;0000 UTC;0;1004,2;1004,5;1003,8;;9,7;9,1;10,1;9,4;9,3;8,8;98;96;97;169;,9;,5;
2026/07/14;0100 UTC;0;1004,4;1004,6;1004,2;;9,2;8,8;9,4;8,9;9,1;8,6;99;97;98;143;1,2;,6;
2026/07/14;0200 UTC;0;1004,4;1004,6;1004,3;;9;8,9;9,1;8,8;9,1;8,5;100;98;100;115;1;,6;
2026/07/14;0300 UTC;0;1004,2;1004,7;1003,9;;8,8;8,9;9;8,6;9;8,6;100;100;100;67;1,3;,8;
2026/07/14;0400 UTC;0;1003,6;1004,2;1003,3;;8,4;8,4;8,7;8,2;8,7;8,2;100;100;100;69;2;1,3;
2026/07/14;0500 UTC;0;1003,3;1003,8;1003,1;;7,9;8;8,2;7,6;8,2;7,7;100;100;100;62;1,3;,6;
2026/07/14;0600 UTC;0;1003,6;1003,8;1003,2;;7,8;7,8;7,9;7,7;7,9;7,8;100;100;100;251;1,8;1,1;
2026/07/14;0700 UTC;0;1003,6;1003,9;1003,3;;7,8;7,8;7,9;7,7;7,9;7,7;100;100;100;290;2,9;1,5;
2026/07/14;0800 UTC;0;1003;1003,3;1002,7;;7,6;7,3;7,7;7,3;7,6;6,9;100;97;99;264;1,4;,7;
2026/07/14;0900 UTC;0;1002,7;1002,9;1002,5;;7,3;7;7,4;7,2;7,2;6,8;99;98;98;256;1,3;,7;
2026/07/14;1000 UTC;0;1002,9;1003,3;1002,7;;7,1;6,9;7,4;6,9;7,1;6,5;99;98;99;295;1,6;,9;
2026/07/14;1100 UTC;0;1003,5;1004;1003,1;;6,5;6,4;6,9;6,2;6,8;6,2;100;98;100;270;1,4;,6;
2026/07/14;1200 UTC;0;1003,8;1004,1;1003,5;;7;6,5;8,1;6,5;7,2;6,1;100;91;98;128;1,1;,6;
2026/07/14;1300 UTC;0;1004,3;1004,8;1003,9;;9,4;6,9;10,5;8,2;7,5;6,2;94;83;88;135;1,5;,8;
2026/07/14;1400 UTC;0;1004,2;1004,5;1004;;12,1;8;13,4;10,6;9;7,2;85;74;79;96;2,2;1;
2026/07/14;1500 UTC;0;1003,5;1004,4;1002,7;;14,8;8,9;16,8;13,4;10;8,2;76;64;71;105;3;,9;
2026/07/14;1600 UTC;;;;;;;;;;;;;;;;;;
2026/07/14;1700 UTC;0;1001;1001,6;1000,5;;20,3;10,5;21,2;18,9;11,8;9,6;100;46;52;55;5,4;2,8;
2026/07/14;1800 UTC;,2;999,8;1000,7;999,4;;21,3;10,6;21,7;20,8;11,4;10,2;100;44;52;89;4,3;2,1;
2026/07/14;1900 UTC;0;999,1;999,7;998,8;;21,7;11;22,1;21,3;11,9;10,3;100;43;55;249;3,4;1,8;
2026/07/14;2000 UTC;0;999,2;999,6;999;;20,3;10,2;21,4;18,5;11,3;9,3;100;46;52;300;2;1,1;
2026/07/14;2100 UTC;0;999,3;999,7;999,2;;17,3;9,7;18,4;15,7;10,5;9;70;55;62;261;1,6;,5;
2026/07/14;2200 UTC;0;999,7;1000,2;999,3;;14,5;10;15,7;13,5;10,3;9,5;83;69;77;174;1,6;,6;
2026/07/14;2300 UTC;0;1000,2;1000,5;999,9;;12,9;10;13,8;12,5;10,3;9,8;88;81;86;264;1,2;,6;
2026/07/15;0000 UTC;0;1000,5;1000,7;1000,2;;12;9,9;12,5;11,6;10;9,7;92;87;89;312;1,5;,7;
2026/07/15;0100 UTC;0;1000,6;1000,8;1000,5;;11,2;9,9;11,6;10,9;10,1;9,8;96;91;94;308;1,4;,7;
2026/07/15;0200 UTC;0;1000,6;1000,9;1000,4;;10,8;9,7;11,1;10,1;10;9,4;98;92;95;312;1,6;,9;
2026/07/15;0300 UTC;0;1000,6;1001,1;1000,4;;9,9;9,5;10,1;9,6;9,8;9,2;99;97;98;272;1;,5;
2026/07/15;0400 UTC;0;1000,1;1000,4;999,9;;9,3;9;9,7;8,9;9,6;8,4;100;97;99;251;1,3;,7;
2026/07/15;0500 UTC;0;999,8;1000;999,5;0;8,5;8,3;9,2;7,8;9,2;7,7;100;98;99;290;1,2;,7;
2026/07/15;0600 UTC;0;999,3;999,9;999;0;7,8;7,8;8,7;7,5;8,8;7,5;100;100;100;311;1,2;,7;
2026/07/15;0700 UTC;0;999,1;999,5;998,8;0;7,4;7,5;7,5;7,3;7,6;7,4;100;100;100;147;1,4;,7;
2026/07/15;0800 UTC;0;999,1;999,3;998,8;0;7,2;7,3;7,5;7;7,6;7;100;100;100;213;1,3;,6;
2026/07/15;0900 UTC;0;999,4;999,9;998,9;0;7,1;7,2;8;6,8;8;6,8;100;100;100;301;1,9;,8;
2026/07/15;1000 UTC;0;1000,1;1000,6;999,4;0;7,2;7,2;7,8;6,5;7,9;6,6;100;100;100;294;1,2;,6;
2026/07/15;1100 UTC;0;1000,6;1000,9;1000,2;45,9;7,2;7,3;7,7;6,9;7,7;7;100;100;100;144;,9;,5;
2026/07/15;1200 UTC;0;1000,8;1000,9;1000,7;411,1;7,5;7,6;8,3;7,1;8,2;7,1;100;100;100;227;1,1;,6;
2026/07/15;1300 UTC;0;1000,8;1000,9;1000,6;692,9;9,7;9,4;10,6;8,4;10,3;8,4;100;97;99;164;1,5;,9;
2026/07/15;1400 UTC;0;1000,5;1000,8;1000,2;;12,8;10,3;15,4;10,6;11,5;9,6;97;78;87;122;1,8;1;
2026/07/15;1500 UTC;0;1000;1000,5;999,6;;17,4;11,6;19;15,5;12,6;10;81;63;71;85;2,3;1;
2026/07/15;1600 UTC;0;999,1;1000;998,3;;20,4;11,6;21,6;19;13,5;10,3;72;49;56;204;3,1;1,2;
2026/07/15;1700 UTC;0;997,8;998,5;997,2;;22,8;12,1;23,8;21,6;12,8;11,4;100;41;49;172;4,2;1,9;
2026/07/15;1800 UTC;0;996,6;997,4;996,2;;24;12,6;24,4;23,6;13,4;11,8;100;39;44;276;4,4;2,3;
2026/07/15;1900 UTC;0;995,9;996,4;995,7;;23,9;11,9;24,1;23,6;12,3;11,3;100;38;44;297;4;2;
2026/07/15;2000 UTC;0;995,7;996;995,6;;22,8;11,5;23,7;20,5;12,4;10,4;100;38;53;301;2,1;1,1;
2026/07/15;2100 UTC;0;995,8;996,2;995,5;;19,1;10,8;20,4;17,6;11,4;10,3;67;50;58;185;1,8;,7;
2026/07/15;2200 UTC;0;996;996,3;995,9;;16,6;11,1;17,5;15,7;11,4;10,7;77;68;72;191;1,6;,4;
2026/07/15;2300 UTC;0;996,3;996,5;996,1;;14,8;11,1;15,7;13,8;11,3;10,8;87;76;81;302;1,3;,7;
2026/07/16;0000 UTC;0;996,6;997,1;996,4;;13,5;11;14,1;12,7;11,3;10,8;91;84;87;303;1,5;,7;
2026/07/16;0100 UTC;0;997;997,4;996,7;;12,7;11;13,2;12,4;11,3;10,8;94;89;91;317;1,4;,9;
2026/07/16;0200 UTC;0;996,5;997,3;996,2;;12,5;11;12,7;11,8;11,2;10,8;95;92;93;314;2,1;,9;
2026/07/16;0300 UTC;0;996,4;996,8;996,2;;11,9;11;12,2;11,6;11,2;10,7;97;93;95;305;1,5;,7;
2026/07/16;0400 UTC;0;996,2;996,6;995,9;;11,4;10,8;11,7;11;11;10,4;99;95;97;294;1,3;,8;
2026/07/16;0500 UTC;0;995,8;996;995,7;0;10,6;10,3;11,2;10,2;10,6;10;100;97;98;273;1,5;,7;
2026/07/16;0600 UTC;0;995,8;996;995,6;0;10,5;10,4;10,9;10,2;10,9;10;100;99;99;211;,8;,3;
2026/07/16;0700 UTC;0;996,3;997,2;995,6;0;10,6;10,4;11,1;10,2;11,1;10;100;97;99;322;1,4;,9;
2026/07/16;0800 UTC;0;996,8;997;996,6;0;10,9;10,4;11,4;10,5;11,1;9,1;100;91;98;303;1,9;1,1;
2026/07/16;0900 UTC;0;997,3;997,7;996,9;0;10,1;9,8;11,1;8,8;10,5;8,2;100;94;98;312;1,8;1,1;
2026/07/16;1000 UTC;0;998,1;998,4;997,7;0;10,2;10;10,6;9,7;10,5;9,3;100;97;99;318;2,2;1,2;
2026/07/16;1100 UTC;,2;998,5;998,7;998,2;54,7;9,6;9,6;10,2;8,8;10,2;8,6;100;98;100;326;2,3;1,3;
2026/07/16;1200 UTC;0;998,7;998,9;998,6;387,8;10,7;10;11,4;9,3;10,9;8,5;100;93;96;311;1,5;,9;
2026/07/16;1300 UTC;0;992;998,9;;;13,6;0;15,6;11,2;;;96;77;86;197;2,6;1,6;
2026/07/16;1400 UTC;0;998,3;998,7;997,9;;17,4;11,9;19,3;15,7;13;11,2;79;63;72;226;2,8;1,6;
2026/07/16;1500 UTC;0;997,5;998,2;996,9;;20,8;13;22;19,3;14;12;66;56;61;231;3,2;1,6;
2026/07/16;1600 UTC;0;996,2;997;995,3;;23,3;14,3;24,4;22,1;15,3;13,4;100;51;58;198;2,4;1,3;
2026/07/16;1700 UTC;;;;;;;;;;;;;;;;;;
2026/07/16;1800 UTC;0;993;993,8;992,4;;27,1;16,9;27,8;26,2;17,8;16;52;46;49;301;1,9;1,1;
2026/07/16;1900 UTC;0;992,1;992,8;991,8;;27,6;17,4;27,9;27,1;18,1;16,7;53;46;49;311;2,2;1,2;
2026/07/16;2000 UTC;0;991,7;992,1;991,4;;26,4;17;27,3;24,6;17,5;16,4;100;49;54;287;1,5;,9;
2026/07/16;2100 UTC;0;991,4;991,8;991,1;;23,3;16,3;24,6;22,4;17,1;15,8;100;59;68;305;1,8;1;
2026/07/16;2200 UTC;0;991,4;991,9;991,1;;20,9;15,8;22,5;19,9;16,3;15,2;78;67;74;272;2,1;1;
2026/07/16;2300 UTC;0;991,8;992;991,5;;19,2;15,5;19,9;18,2;15,7;15,1;87;77;82;298;1,5;,8;
2026/07/17;0000 UTC;0;991,7;992,1;991,5;;18;15,5;18,7;17,4;15,8;15,2;90;85;88;284;1,6;,8;
2026/07/17;0100 UTC;0;991,4;991,8;991,3;;17;14,9;17,6;16,5;15,5;14,5;91;88;90;251;1,1;,4;
2026/07/17;0200 UTC;0;991,2;991,5;991;;16,5;14,5;17;16;14,8;14,2;93;87;90;283;1,8;1,1;
2026/07/17;0300 UTC;0;991,2;991,4;991;;16;14;16,5;15,7;14,7;12,9;94;83;90;210;2,1;,9;
2026/07/17;0400 UTC;0;991,3;991,7;991,1;;16,8;13,2;18,4;15,5;14,1;12,3;92;72;82;187;1,1;,5;
2026/07/17;0500 UTC;0;991,6;992;991,4;;17,2;12,6;18,7;16,7;13,4;12;82;68;77;268;1,8;,9;
2026/07/17;0600 UTC;0;991,3;991,6;990,8;;18,3;12,4;18,9;17,6;12,9;12,1;76;66;71;289;1,7;,9;
2026/07/17;0700 UTC;0;990,8;991,2;990,5;;17,5;12,4;18,4;17;12,8;12,1;78;70;74;253;1,8;1;
2026/07/17;0800 UTC;0;990,4;990,6;990,3;;18,1;12,5;18,4;17,6;12,9;12,3;76;71;72;309;2;1;
2026/07/17;0900 UTC;0;990,4;990,9;990,2;;17,8;12,7;18,6;16,8;13,2;12,3;80;70;74;293;1,5;,8;
2026/07/17;1000 UTC;0;991;991,3;990,6;;16,8;12,9;17,5;16,1;13,2;12,5;85;76;80;288;1,6;,9;
2026/07/17;1100 UTC;0;991,4;991,7;991,1;;17,8;12,9;18,9;16,9;13,1;12,7;79;70;75;67;3,1;1,3;
2026/07/17;1200 UTC;0;991,8;992,1;991,5;;19,8;13,4;20,8;18,5;14,3;12,9;74;64;68;91;1,6;1;
2026/07/17;1300 UTC;0;991,7;992,1;991,6;;21,8;14,4;22,8;20,7;15,4;13,5;66;59;63;218;1,9;1,1;
2026/07/17;1400 UTC;0;991,4;991,8;991,1;;24,1;15,7;25,6;22,8;17;14,6;100;54;62;181;2,3;1,5;
2026/07/17;1500 UTC;0;990,6;991,4;990;;27,5;17,3;29,4;25,6;18,8;16,6;58;40;49;87;9,2;3,8;
2026/07/17;1600 UTC;0;988,9;989;988,7;;31;18,4;31,1;30,9;18,7;18,3;39;36;37;92;10,1;4,8;
2026/07/17;1700 UTC;0;988,2;988,9;987,6;;31,3;18,8;31,8;31;19,7;18,3;40;35;38;179;8,4;3,6;
2026/07/17;1800 UTC;0;987,3;988;986,8;;31,5;19,1;31,8;31,3;19,6;18,8;40;36;38;105;6,6;3,4;
2026/07/17;1900 UTC;0;986,6;987,1;986,2;;31,3;19,1;31,9;30,6;19,6;18,5;42;37;39;144;8,2;4,2;
2026/07/17;2000 UTC;0;986,2;986,5;985,9;;30,2;18,9;30,9;28,7;19,5;18;49;40;44;99;4,9;2,2;
2026/07/17;2100 UTC;0;986;986,3;985,8;;28,1;18;28,7;27,4;18,3;17,6;52;48;50;90;3;1,4;
2026/07/17;2200 UTC;0;986,2;986,5;986;;26,5;17,5;27,4;25,8;18;17;100;51;60;67;3,1;,9;
2026/07/17;2300 UTC;;;;;;;;;;;;;;;;;;
2026/07/18;0000 UTC;0;986,8;987,1;986,5;;24,4;16,9;25;23,9;17,2;16,6;100;59;63;147;2;,5;
2026/07/18;0100 UTC;0;987,3;987,8;987;;23,6;16,8;24;23,2;17,1;16,5;68;64;66;;;;
2026/07/18;0200 UTC;0;987,8;988,2;987,5;0;23,2;16,6;23,6;22,9;16,9;16,5;69;65;67;;;;
2026/07/18;0300 UTC;0;988,5;989;988;0;23,2;16,6;23,5;22,8;16,9;16,3;69;65;67;77;,7;,2;
2026/07/18;0400 UTC;0;989,2;989,5;989,1;0;22,5;16,6;23;22,1;16,8;16,3;72;68;70;87;1,4;,4;
2026/07/18;0500 UTC;0;989,2;989,5;989,1;0;22,1;16,4;22,4;21,8;16,6;16,2;73;70;71;;;;
2026/07/18;0600 UTC;0;988,8;989,1;988,6;0;21,9;16,2;22,1;21,7;16,5;16;73;70;72;173;2;,5;
2026/07/18;0700 UTC;0;988,5;988,9;988,3;0;22,4;16,1;22,8;22;16,4;15,9;71;66;69;;;;
2026/07/18;0800 UTC;0;988;988,3;987,7;;22,7;16;23,1;22,2;16,2;15,9;69;65;66;92;3,2;1,6;
2026/07/18;0900 UTC;0;987,8;988,2;987,5;;22,3;15,7;22,8;21,8;15,9;15,5;69;64;67;;;;
2026/07/18;1000 UTC;0;988,1;988,5;987,8;;21,6;15,5;21,9;21,3;15,6;15,3;71;68;69;100;3,9;1,4;
2026/07/18;1100 UTC;0;988,4;988,7;988,1;;21,5;15,5;21,7;21,1;15,9;15,4;100;68;71;;;;
2026/07/18;1200 UTC;0;988,7;988,7;988,7;;;;;;;;100;100;100;52;4;1,8;
2026/07/18;1300 UTC;0;988,7;988,7;988,7;;;;;;;;100;100;100;55;4,4;2,1;
2026/07/18;1400 UTC;0;988,7;988,7;988,7;;;;;;;;100;100;100;45;4;2,3;
2026/07/18;1500 UTC;0;988,7;988,7;988,7;;;;;;;;100;100;100;114;8,2;3,2;
2026/07/18;1600 UTC;0;988,7;988,7;988,7;;;;;;;;100;100;100;165;9,1;3,1;
2026/07/18;1700 UTC;0;988,7;988,7;988,7;;;;;;;;100;100;100;133;5,4;2,3;
2026/07/18;1800 UTC;0;988,7;988,7;988,7;;;;;;;;100;100;100;210;9,1;4,1;
2026/07/18;1900 UTC;0;988,7;988,7;988,7;;;;;;;;100;100;100;247;8,5;4,3;
2026/07/18;2000 UTC;0;988,7;988,7;988,7;;;;;;;;100;100;100;196;7,9;2,4;
2026/07/18;2100 UTC;0;988,7;988,7;988,7;;;;;;;;100;100;100;243;2;,9;
2026/07/18;2200 UTC;0;988,7;988,7;988,7;;;;;;;;100;100;100;290;2,7;1;
2026/07/18;2300 UTC;0;988,7;988,7;988,7;;;;;;;;100;100;100;289;2,1;1,1;
2026/07/19;0000 UTC;0;988,7;988,7;988,7;;;;;;;;100;100;100;263;1,6;,6;
2026/07/19;0100 UTC;0;987,5;987,9;987,3;;23,6;17,2;24,1;23,3;17,6;16,9;70;65;68;158;1,7;,7;
2026/07/19;0200 UTC;0;987,6;988,2;987,4;;24,4;17;25,1;23,8;17,4;16,7;67;59;63;144;3;1,5;
2026/07/19;0300 UTC;0;988,2;988,4;987,9;;24,5;16,8;25;24,2;17,3;16,4;63;59;61;110;3,7;1,4;
2026/07/19;0400 UTC;0;988,3;988,7;988,1;;24,3;16,5;24,7;23,8;17,1;16,2;65;59;61;51;5,2;2;
2026/07/19;0500 UTC;0;988;988,3;987,6;;24;15,9;24,3;23,7;16,3;15,5;61;57;60;70;3,9;1,2;
2026/07/19;0600 UTC;0;987,8;988,1;987,4;;23,6;15,5;24,4;23,2;15,9;15,2;63;57;60;161;4,9;2,6;
2026/07/19;0700 UTC;0;987,1;987,6;986,8;;23,1;14,9;23,4;23;15,3;14,5;61;57;59;311;4,6;2,1;
2026/07/19;0800 UTC;0;986,7;987,1;986,3;;22,9;14,5;23,1;22,6;14,8;14,3;60;57;58;249;3,4;1,6;
2026/07/19;0900 UTC;0;986,3;986,7;986,1;;22,3;14,2;22,6;21,6;14,5;13,7;63;59;60;181;2,5;1;
2026/07/19;1000 UTC;0;986,3;986,5;986;;21,8;13,7;22,7;21,4;14;13,2;62;54;59;139;5;1,8;
2026/07/19;1100 UTC;0;986,1;986,5;985,9;;22,8;13,7;23,6;22,1;14,2;13,2;59;51;54;206;4,6;1,1;
2026/07/19;1200 UTC;0;986;986,3;985,9;;25;14,6;26,6;23,4;15,5;13,8;100;42;49;188;6,4;2;
2026/07/19;1300 UTC;0;986;986,4;985,8;;27,7;15,9;28,8;26,5;16,7;15;100;37;42;171;6,6;2,7;
2026/07/19;1400 UTC;0;986,2;986,7;985,9;;29,3;16,9;30,4;28,6;17,8;16,2;41;34;38;175;11,2;3,8;
2026/07/19;1500 UTC;0;986,2;986,6;986;;29,3;16,9;30,1;28,6;17,9;16,2;41;36;38;162;6,8;2,1;
2026/07/19;1600 UTC;0;985,8;986,2;985,6;;29,1;16,5;29,6;28,8;17,4;16;100;36;39;269;7,6;3,3;
2026/07/19;1700 UTC;0;985,2;985,8;984,5;;27;16,7;28,8;24,5;17,5;16;100;37;49;226;4,3;1,5;
2026/07/19;1800 UTC;0;984,2;984,7;983,7;;28,1;17,5;29,6;27,2;18,8;16,5;100;40;48;160;2,1;1;
2026/07/19;1900 UTC;0;984,1;984,5;983,9;;28,1;17,8;29,7;27,1;18,8;16,2;56;40;48;272;6,3;2;
2026/07/19;2000 UTC;0;984,7;985,2;984,1;;26,1;17,1;28,8;23,5;18,6;15,9;100;44;56;221;5,4;2,1;
2026/07/19;2100 UTC;0;986,3;987,7;985,2;;20,9;16,4;23,3;19,9;16,9;16,2;100;65;79;120;7,6;2,3;
2026/07/19;2200 UTC;0;988,3;988,8;987,4;;19;16,4;19,8;18,3;16,7;16,1;91;83;87;250;4,7;1,5;
2026/07/19;2300 UTC;,2;989;989,5;988,5;;18,1;16,3;18,2;18;16,6;16,1;92;90;91;198;3;,8;
2026/07/20;0000 UTC;0;989,2;989,6;989;;18,1;16,4;18,2;18;16,7;16,1;93;90;91;210;2,1;,8;
2026/07/20;0100 UTC;0;989,3;989,8;989;;17,9;16,4;18;17,8;16,7;15,9;94;90;93;247;2,7;1,3;
2026/07/20;0200 UTC;0;990,2;990,6;989,6;;17,8;16;17,9;17,5;16,4;15,5;94;89;91;211;1,8;,5;
2026/07/20;0300 UTC;1,2;990,8;992,5;989,9;;17,2;16,4;17,5;17;16,6;16,1;98;94;96;182;3,5;1,5;
2026/07/20;0400 UTC;4,4;992,9;994;991,9;;17,1;16,5;17,4;16,9;16,7;16,1;99;94;97;83;3,9;2,3;
2026/07/20;0500 UTC;1,6;990,5;992,4;989,8;;17;16,3;17,5;16,7;16,7;15,9;99;92;96;186;2,2;,6;
2026/07/20;0600 UTC;0;989,6;990,3;989,1;;16,9;16,2;17,1;16,6;16,4;16,1;98;95;97;226;1,8;,5;
2026/07/20;0700 UTC;0;989,3;989,6;989,1;;16,6;16,2;16,7;16,4;16,4;16,1;99;97;98;275;1,2;,6;
2026/07/20;0800 UTC;,2;989,1;989,6;988,6;;16,8;16,5;16,9;16,5;16,7;16,4;100;98;99;251;1,7;,9;
2026/07/20;0900 UTC;,8;989,1;990,2;988;;16,7;16,5;16,9;16,5;16,7;16,4;100;98;99;222;1,7;,8;
2026/07/20;1000 UTC;,2;988,3;988,8;987,9;;16,7;16,5;16,9;16,6;16,6;16,4;100;98;99;198;4,1;1,6;
2026/07/20;1100 UTC;,4;989,7;991,8;988,4;;17,1;16,8;17,7;16,7;17,1;16,5;100;96;98;243;3,8;1,6;
2026/07/20;1200 UTC;8,1;991,8;992,9;990,8;;17,3;17;17,7;17,1;17,2;16,8;99;97;98;195;3,2;,7;
2026/07/20;1300 UTC;3,6;992,6;993,6;991,5;;17,2;17,2;17,3;17,2;17,3;17,2;100;99;100;160;3;1,7;
2026/07/20;1400 UTC;,2;990,5;991,6;989,7;;17,5;17,5;18,1;17,2;18;17,3;100;100;100;174;2,4;1,3;
2026/07/20;1500 UTC;,2;989,5;989,9;989,1;;18,5;18;19,1;18,1;18,6;17,8;100;94;97;196;1;,4;
2026/07/20;1600 UTC;2,4;988,7;989,4;987,8;;18,8;18,3;19,2;18,5;18,6;17,9;99;94;97;258;3,1;1,5;
2026/07/20;1700 UTC;0;987,3;987,9;986,7;;19,1;18,5;19,3;18,9;18,9;18,2;98;95;97;245;2,4;,9;
2026/07/20;1800 UTC;,4;986,7;987,1;986,3;;19,3;18,8;19,6;18,9;19,3;18,4;99;94;98;323;1,9;1,2;
2026/07/20;1900 UTC;0;986,4;986,8;986,1;;19,3;18,6;19,6;19;18,8;18,2;98;94;97;295;1,9;1,1;
2026/07/20;2000 UTC;3,2;986,6;987,2;986,3;;19;18,7;19,2;18,9;18,8;18,2;99;95;98;203;2,4;1,3;
2026/07/20;2100 UTC;0;986,9;987,4;986,6;;19,2;18,9;19,3;19,1;19;18,6;99;97;98;192;1,6;,8;
2026/07/20;2200 UTC;0;987,4;987,8;987,2;;19,1;18,9;19,2;19;19;18,9;100;99;99;181;1,6;,7;
2026/07/20;2300 UTC;0;987,4;987,8;987,1;;19,1;18,9;19,2;19;19;18,8;100;99;99;313;2,3;1,3;
2026/07/21;0000 UTC;1,2;988,1;988,7;987,5;;19,1;19;19,2;19;19,1;18,9;100;99;99;276;2;1,2;
2026/07/21;0100 UTC;,2;988,6;989,1;988,1;;19,1;19;19,2;19;19,1;18,9;100;100;100;252;1,6;,7;
2026/07/21;0200 UTC;1;989,3;989,7;989,1;;19,1;19;19,3;18,9;19,2;18,9;100;99;100;126;3,1;1,1;
2026/07/21;0300 UTC;0;988,7;989,3;988,4;;19;19,1;19,2;18,8;19,2;18,9;100;100;100;286;1,9;1;
2026/07/21;0400 UTC;0;989;989,6;988,7;;19;19;19,2;18,9;19,2;18,9;100;100;100;264;2,1;1;
2026/07/21;0500 UTC;0;988,8;989,2;988,6;;19;19;19,2;18,8;19,2;18,7;100;99;100;284;1,8;1;
2026/07/21;0600 UTC;0;989,1;989,3;988,8;;19;18,9;19,2;18,8;19,1;18,7;100;99;100;174;1,5;,5;
2026/07/21;0700 UTC;0;989;989,5;988,8;;19;19;19,2;18,8;19,2;18,7;100;99;100;283;2;1,1;
2026/07/21;0800 UTC;0;988,6;989,3;988,2;;19;18,9;19,1;18,7;19,1;18,6;100;99;100;253;1,6;,9;
2026/07/21;0900 UTC;0;988,4;988,8;988,1;;19;19;19,1;18,8;19,1;18,8;100;100;100;284;2,1;1,3;
2026/07/21;1000 UTC;,2;988,1;988,5;987,8;;19,2;19,1;19,4;19,1;19,1;19;100;99;99;312;2,6;1,5;
2026/07/21;1100 UTC;;;;;;;;;;;;;;;;;;
2026/07/21;1200 UTC;13,3;990,4;990,8;990,1;;19,3;19,3;19,5;19;19,4;19;100;99;100;168;3,6;2;
2026/07/21;1300 UTC;7,3;990,5;991;990,1;;19,3;19,4;19,4;19;19,5;19,1;100;100;100;108;2,4;,8;
2026/07/21;1400 UTC;3,2;990,9;992;989,9;;19,4;19,4;19,5;19,4;19,5;19,4;100;100;100;169;1,3;,4;
2026/07/21;1500 UTC;2,2;990;991,5;989,2;;19,4;19,5;19,7;19,3;19,7;19,3;100;100;100;302;2,1;1;
2026/07/21;1600 UTC;1,2;989;989,6;988,3;;19,7;19,6;19,8;19,6;19,8;19,5;100;99;100;247;1,8;1,1;
2026/07/21;1700 UTC;4,2;987,6;989;985,6;;19,5;19,4;19,6;19,3;19,5;19,1;100;99;100;66;7,8;3,3;
2026/07/21;1800 UTC;2,2;986,8;988;985,7;;19,4;19;19,5;19,2;19,1;18,8;99;97;98;273;3;1,3;
2026/07/21;1900 UTC;4,4;987,3;988,3;986,6;;19,1;19;19,3;19;19,1;18,8;100;98;99;198;3,1;1,1;
2026/07/21;2000 UTC;7,5;988,7;989,3;987,6;;19;18,9;19,1;18,9;19;18,9;100;99;100;289;2,3;1,4;
2026/07/21;2100 UTC;6,3;987,7;988,9;986,4;;18,8;18,6;19,1;18,7;18,9;18,1;100;95;99;62;6,2;2,1;
2026/07/21;2200 UTC;4,4;986,8;987,8;985,5;;18,7;18,1;18,8;18,5;18,2;17,8;98;96;97;197;3,1;1,4;
2026/07/21;2300 UTC;5,7;986,5;987,5;985,9;;18,3;18,1;18,5;18,3;18,2;17,9;99;97;99;203;3,2;1,6;
2026/07/22;0000 UTC;2,6;986,7;987,6;985,8;;18,3;18,1;18,4;18,2;18,2;18;100;98;99;233;2,1;1,1;
2026/07/22;0100 UTC;1,2;987,9;988,9;986,7;;18,3;18,2;18,4;18,2;18,3;18;100;98;99;225;3,3;1,7;
2026/07/22;0200 UTC;,8;988,7;989,5;987,8;;18,2;18,1;18,3;18,1;18,2;18,1;100;99;100;261;2,6;1,1;
2026/07/22;0300 UTC;0;988,7;989,6;987,7;;18,1;18,1;18,2;18;18,2;18;100;100;100;233;2,4;1,2;
2026/07/22;0400 UTC;0;988,3;989,7;987,4;;18;18;18,1;17,9;18,1;18;100;100;100;225;2,1;,8;
2026/07/22;0500 UTC;0;988,8;989,7;988;;18,2;18,1;18,3;18;18,1;18;100;99;99;172;1,6;,7;
2026/07/22;0600 UTC;0;989,2;989,8;988,6;;18,2;18,2;18,2;18,1;18,2;18,1;100;100;100;260;1;,4;
2026/07/22;0700 UTC;0;988,8;989,2;988,5;;18,1;18,1;18,1;18,1;18,1;18,1;100;100;100;294;,8;,4;
2026/07/22;0800 UTC;,2;988,7;989,1;988,5;;18;18,1;18,1;18;18,1;18,1;100;100;100;174;,6;,2;
2026/07/22;0900 UTC;0;989;989,4;988,7;;18;18;18;17,9;18,1;18;100;100;100;282;,4;,3;
2026/07/22;1000 UTC;,2;989,9;990,2;989,5;;18;18,1;18,1;18;18,1;18,1;100;100;100;133;,9;,4;
2026/07/22;1100 UTC;;;;;;;;;;;;;;;;;;
2026/07/22;1200 UTC;,2;991,1;991,8;990,3;;17,7;17,8;18,1;17,3;18,1;17,2;100;100;100;232;2,9;1,1;
2026/07/22;1300 UTC;0;991,6;992,1;991,2;;17,2;16,9;17,3;17,1;17,3;16,6;100;97;98;230;3,1;1,6;
2026/07/22;1400 UTC;,6;991,9;992,2;991,6;;17,1;16,7;17,2;17;16,9;16,6;99;98;98;260;2,4;,8;
2026/07/22;1500 UTC;,4;991,9;992,2;991,7;;17,1;16,7;17,2;17;16,9;16,6;98;97;98;221;1,8;,7;
2026/07/22;1600 UTC;,2;991,2;991,8;990,6;;17,1;16,7;17,2;17,1;16,8;16,6;98;97;98;228;2,1;,9;
2026/07/22;1700 UTC;;;;;;;;;;;;;;;;;;
2026/07/22;1800 UTC;1,6;989,7;990;989,5;;17,2;16,8;17,3;17;17,1;16,6;99;97;98;194;2,6;,9;
2026/07/22;1900 UTC;4,6;989,8;990,5;989,3;;17;16,7;17,1;17;16,9;16,4;99;97;98;210;3;,9;
2026/07/22;2000 UTC;1;990,5;991;990;;17,2;16,7;17,3;17;16,9;16,4;98;96;98;135;2;,5;
2026/07/22;2100 UTC;,2;991,1;991,5;990,5;;17,1;16,7;17,4;16,9;17;16,5;99;97;98;147;1,6;,6;
2026/07/22;2200 UTC;,2;991,8;992,3;991,4;;16,8;16,4;16,9;16,7;16,7;16;99;96;98;212;3,5;1;
2026/07/22;2300 UTC;0;992,6;993,1;992,2;;16,7;16,3;16,8;16,7;16,4;16,1;99;96;98;265;1,9;,7;
2026/07/23;0000 UTC;0;993,3;993,8;992,9;;16,7;16,1;16,8;16,6;16,4;15,7;98;96;97;141;3,7;1,1;
2026/07/23;0100 UTC;0;994,2;994,8;993,7;;16,3;15,5;16,5;16,1;15,9;15,1;97;95;96;190;2,4;1;
2026/07/23;0200 UTC;,6;995;995,7;994,5;;15,9;15,1;16,1;15,6;15,4;14,6;97;95;96;142;3,9;1,4;
2026/07/23;0300 UTC;,2;995,9;996,2;995,5;;15,5;14,6;15,6;15,3;14,8;14,2;97;94;95;205;4,5;1,4;
2026/07/23;0400 UTC;0;996,4;996,8;996,1;;15,1;14,1;15,3;14,9;14,5;13,8;96;93;95;185;3,8;1,3;
2026/07/23;0500 UTC;0;996,9;997,2;996,6;;14,9;13,9;15,1;14,8;14,2;13,7;96;94;95;247;2,9;1;
2026/07/23;0600 UTC;,2;997,3;997,6;997,1;;14,6;13,8;14,8;14,5;14,2;13,5;97;94;96;209;2,4;,9;
2026/07/23;0700 UTC;0;997,4;998;997,2;;14,5;13,6;14,6;14,4;13,9;13,3;97;94;96;222;2;,9;
2026/07/23;0800 UTC;0;997,5;997,9;997,3;;14,3;13,7;14,4;14,2;13,9;13,4;98;95;97;249;2;,9;
2026/07/23;0900 UTC;0;997,7;998,2;997,4;;13,9;13,5;14,2;13,6;13,8;13,2;99;97;98;198;1,1;,4;
2026/07/23;1000 UTC;0;998,8;999,3;998,2;;13,9;13,3;14,1;13,7;13,6;12,8;99;94;97;188;1,9;,7;
2026/07/23;1100 UTC;0;999,5;999,8;999,1;;13,8;13;13,9;13,7;13,2;12,8;97;95;96;151;1,9;,7;
2026/07/23;1200 UTC;0;999,9;1000,2;999,6;;13,8;12,9;13,9;13,7;13,3;12,6;97;94;96;224;2,9;,7;
2026/07/23;1300 UTC;0;1000,3;1000,6;1000;;13,8;12,9;14,1;13,6;13,1;12,5;97;94;96;193;1,6;,5;
2026/07/23;1400 UTC;0;1000,7;1001,1;1000,5;;14,9;12,7;15,3;14,2;13,6;12,1;95;85;89;186;2,7;,6;
2026/07/23;1500 UTC;0;1000,3;1000,8;999,9;;15,5;12,3;16;14,8;12,9;11,8;91;79;84;251;1,6;,7;
2026/07/23;1600 UTC;0;999,6;1000;999,5;;15,9;12,5;16,1;15,7;13,2;11,9;86;79;83;245;2;,9;
2026/07/23;1700 UTC;;;;;;;;;;;;;;;;;;
2026/07/23;1800 UTC;0;998,8;999,1;998,6;;16,2;13;16,6;15,9;13,5;12,5;87;81;84;141;1,2;,6;
2026/07/23;1900 UTC;3,2;998,6;998,8;998,6;0;15,5;14,2;15,5;15,2;14,7;13,9;96;91;92;302;1,9;1,1;
2026/07/23;2000 UTC;0;999;999;998,6;0;15,6;13,9;15,7;15,5;14,6;13,6;95;88;90;235;2,1;,7;
2026/07/23;2100 UTC;0;998,8;999,4;998,7;0;15;14,2;15,6;15;14,6;13,7;95;89;95;244;2,4;1;
2026/07/23;2200 UTC;0;998,8;999,1;998,7;0;14,5;13,8;14,9;14,1;14,1;13,6;98;93;96;195;2;,4;
2026/07/23;2300 UTC;0;999,1;999,5;998,8;0;14,6;14,2;14,6;14,3;14,2;13,8;98;96;98;195;1,6;,4;
2026/07/24;0000 UTC;0;999,7;999,8;999,2;0;14;13,7;14,6;14;14,3;13,7;99;98;98;195;1,6;,4;
2026/07/24;0100 UTC;0;999,8;1000,2;999,7;0;13,7;13,7;14,1;13,6;13,8;13,5;100;98;100;255;1,3;,6;
2026/07/24;0200 UTC;0;1000,1;1000,4;999,8;0;13,6;13,6;13,9;13,4;13,9;13,3;100;99;100;255;,8;,6;
2026/07/24;0300 UTC;0;999,8;1000,1;999,7;0;13,1;13,1;13,7;13,1;13,7;13,1;100;100;100;255;,8;,6;
2026/07/24;0400 UTC;0;999,2;1000;999,2;0;13,2;13,2;13,2;12,8;13,2;12,8;100;100;100;255;,8;,6;
2026/07/24;0500 UTC;0;998,8;999,3;998,8;0;12,7;12,7;13,3;12,7;13,3;12,7;100;100;100;255;,8;,6;
2026/07/24;0600 UTC;0;998,7;998,9;998,6;0;12,7;12,7;12,8;12,6;12,8;12,6;100;100;100;323;,8;,5;
2026/07/24;0700 UTC;0;998,4;999;998,4;0;12,6;12,5;12,7;12,6;12,7;12,5;100;99;100;323;,7;,5;
2026/07/24;0800 UTC;0;998,2;998,6;998,1;0;12,4;12,3;12,6;12,3;12,5;12,2;100;99;100;323;,7;,5;
2026/07/24;0900 UTC;0;998,4;998,5;998;0;12;11,9;12,4;11,9;12,3;11,7;100;98;99;164;1,3;,6;
2026/07/24;1000 UTC;0;998,7;999;998,3;0;11,9;11,7;12;11,8;11,9;11,5;99;98;99;164;,8;,6;
2026/07/24;1100 UTC;0;999,2;999,2;998,5;0;11,6;11,4;12;11,5;11,8;11,4;99;98;99;320;2;,8;
2026/07/24;1200 UTC;0;999,4;999,6;999;0;13,2;11,4;13,2;11,6;11,9;11,2;99;88;89;12;1,1;,7;
2026/07/24;1300 UTC;0;999,4;999,7;999,2;0;14,9;12,3;14,9;13,3;12,6;11,3;91;82;85;7;2,4;1;
2026/07/24;1400 UTC;0;999,4;999,6;999,2;0;17,2;12,7;17,2;14,8;13;11,8;87;73;75;15;2,4;1;
2026/07/24;1500 UTC;0;998,9;999,5;998,8;0;18,9;13,4;18,9;17,3;14,3;12,5;79;70;70;355;2,6;,9;
2026/07/24;1600 UTC;0;997,8;999;997,8;0;20,6;14,5;20,7;19;14,9;13,3;75;65;68;130;3,2;1,8;
2026/07/24;1700 UTC;0;996,6;997,9;996,6;0;21,5;15,3;21,5;20,3;15,8;14;74;65;68;21;3,2;,8;
2026/07/24;1800 UTC;;;;;;;;;;;;;;;;;;
2026/07/24;1900 UTC;0;995,8;996,7;995,8;0;21;17,1;22,1;21;17,1;15,2;78;65;78;283;1,7;,5;
2026/07/24;2000 UTC;0;996,4;996,4;995,6;0;19,7;17;21;19,7;17,8;16,1;87;75;84;233;2,3;,6;
2026/07/24;2100 UTC;0;996,9;997,2;996,3;0;18,9;16,2;19,7;18,9;17;15,7;87;80;84;250;2,3;,7;
2026/07/24;2200 UTC;0;997,7;997,8;996,8;0;18,4;16;18,9;18,3;16,6;15,7;89;83;86;313;2,7;,8;
2026/07/24;2300 UTC;0;997,6;998;997,6;0;17,1;15,9;18,4;17,1;16,2;15,6;93;85;93;211;2,4;1;
2026/07/25;0000 UTC;;;;;;;;;;;;;;;;;;
2026/07/25;0100 UTC;4,2;997,8;1000,7;996,1;0;16,4;15,9;17,1;16,2;16,2;15,8;99;93;97;342;7,3;2,5;
2026/07/25;0200 UTC;0;997,6;998,1;997,6;0;16;15,5;16,6;15,9;15,9;15,5;98;95;97;127;3,3;,9;
2026/07/25;0300 UTC;0;997,5;997,8;997,5;0;15;14,6;16;15;15,5;14,6;98;96;98;302;1,7;,7;
2026/07/25;0400 UTC;0;997,8;997,9;997,5;0;14,6;14,4;15,2;14,6;15,1;14,4;100;98;99;340;1,5;,3;
2026/07/25;0500 UTC;,2;998,7;998,7;997,8;0;13,8;13,8;14,5;13,8;14,3;13,8;100;98;100;9;1,3;,4;
2026/07/25;0600 UTC;0;998;998,8;997,9;0;13,3;13,3;13,8;13,3;13,8;13,3;100;100;100;223;1,8;,5;
2026/07/25;0700 UTC;0;997,8;998,2;997,8;0;13,7;13,7;13,7;12,9;13,7;12,9;100;100;100;334;1,3;,3;
2026/07/25;0800 UTC;0;997,7;997,8;997,6;0;13,5;13,5;13,7;13,5;13,7;13,5;100;100;100;343;2,2;1,2;
2026/07/25;0900 UTC;0;997,6;998;997,5;0;13;13;13,5;13;13,5;13;100;100;100;3;2,5;1,1;
2026/07/25;1000 UTC;0;998,5;998,5;997,6;0;12,8;12,8;13,1;12,8;13,1;12,8;100;100;100;346;2,1;,8;
2026/07/25;1100 UTC;0;999,9;999,9;998,5;0;12,6;12,6;12,8;12,6;12,8;12,6;100;100;100;342;2;,8;
2026/07/25;1200 UTC;0;1000,1;1000,1;999,7;0;13,4;13,4;13,5;12,6;13,5;12,6;100;100;100;343;2,2;,6;
2026/07/25;1300 UTC;0;1000,1;1000,4;1000,1;0;14,4;13,5;14,4;13,4;14;13,3;100;94;94;48;3,4;1,4;
2026/07/25;1400 UTC;0;1000,2;1000,9;1000,1;0;15;13,3;15;14,4;13,7;12,9;95;88;89;72;4;2,1;
2026/07/25;1500 UTC;0;999,7;1000,2;999,7;0;16,3;13,6;16,3;15;13,8;12,9;90;83;84;83;4,3;2;
2026/07/25;1600 UTC;0;999,1;999,7;999,1;0;18,5;14,3;18,6;16,4;15,2;13,2;86;74;77;78;3,4;1,8;
2026/07/25;1700 UTC;0;998;999,1;998;0;19,8;14,8;19,8;18,5;16;14;80;72;73;78;4;1,3;
2026/07/25;1800 UTC;0;997,4;998,1;997,4;0;21;15,6;21;19,6;16,3;14,6;77;69;71;43;2,7;1,1;
2026/07/25;1900 UTC;0;996,9;997,5;996,9;0;22;16,6;22;21;16,9;15,2;75;68;72;345;2,4;,7;
2026/07/25;2000 UTC;0;997,1;997,7;996,9;0;19,4;16,8;22;19,4;17,1;15,7;85;68;85;285;2,3;,8;
2026/07/25;2100 UTC;0;997,3;997,9;997,2;0;17,5;16,1;19,3;17,5;16,8;16;92;84;92;284;1,4;,5;
2026/07/25;2200 UTC;0;997,6;997,8;997,3;0;16,6;15,9;17,9;16,6;16,1;15,8;96;89;96;303;1,1;,6;
2026/07/25;2300 UTC;0;998;998,1;997,6;0;15,9;15,6;16,7;15,9;16,1;15,5;98;94;98;312;1,2;,5;
2026/07/26;0000 UTC;;;;;;;;;;;;;;;;;;
2026/07/26;0100 UTC;0;997,8;998,4;997,8;0;15;15;15,7;14,9;15,5;14,8;100;98;100;288;1,5;,6;
2026/07/26;0200 UTC;0;998,1;998,4;997,8;0;14,8;14,8;15,1;14,8;15,1;14,8;100;100;100;336;1,5;1,1;
2026/07/26;0300 UTC;0;998,1;998,4;997,9;0;14,9;14,9;14,9;14,7;14,9;14,7;100;100;100;350;2,9;1,5;
2026/07/26;0400 UTC;0;998;998,1;997,5;0;14,8;14,8;14,9;14,7;14,9;14,7;100;100;100;344;3;1,4;
2026/07/26;0500 UTC;0;997,5;998,1;997,5;0;14,7;14,7;14,8;14,6;14,8;14,6;100;100;100;0;3;1,1;
2026/07/26;0600 UTC;0;997,3;997,6;997,2;0;14,5;14,5;14,7;14,5;14,7;14,5;100;100;100;326;2,7;1,3;
2026/07/26;0700 UTC;0;997,5;997,6;997;0;14,3;14,3;14,6;14,3;14,6;14,3;100;100;100;333;2,4;1,1;
2026/07/26;0800 UTC;0;996,9;997,4;996,8;0;14,1;14,1;14,4;14,1;14,4;14,1;100;100;100;329;2,2;1,2;
2026/07/26;0900 UTC;0;997,4;997,5;996,9;0;13,7;13,7;14,1;13,7;14,1;13,7;100;100;100;321;2,4;1,2;
2026/07/26;1000 UTC;0;997,6;997,9;997,2;0;13,7;13,7;13,8;13,7;13,8;13,7;100;100;100;343;2,1;,9;
2026/07/26;1100 UTC;0;998,2;998,3;997,7;0;14,2;14;14,2;13,7;14;13,7;100;99;99;326;2,2;1,4;
2026/07/26;1200 UTC;0;998,7;998,7;998,1;0;15,8;14,5;15,8;14,2;14,5;13,8;98;89;92;350;2,2;1,1;
2026/07/26;1300 UTC;0;998,5;998,8;998,2;0;17;14,8;17;15,8;15;13,9;92;86;87;337;2;,8;
2026/07/26;1400 UTC;0;998,2;998,7;998,2;0;18,8;15,2;18,9;17,1;15,8;14,4;88;78;80;358;2,3;1,2;
2026/07/26;1500 UTC;0;997,3;998,2;997,2;0;19,7;15,5;19,8;18,4;16,3;15;85;76;77;341;2,9;1,7;
2026/07/26;1600 UTC;0;996,3;997,4;996,3;0;20,5;16,7;20,6;19,7;17,2;15,5;82;75;79;347;2,4;1;
2026/07/26;1700 UTC;0;995,5;996,4;995,5;0;20,3;17,1;20,5;20,1;17,3;16,2;83;77;82;340;2,1;,8;
2026/07/26;1800 UTC;;;;;;;;;;;;;;;;;;
2026/07/26;1900 UTC;0;994,8;995,3;994,5;0;20,5;17,7;20,8;20,5;17,9;16,9;85;78;84;332;3;1,7;
2026/07/26;2000 UTC;0;994,8;995;994,4;0;19,7;17,7;20,6;19,7;18,2;17,3;90;81;88;308;2,7;1,6;
2026/07/26;2100 UTC;0;995,4;995,6;994,9;0;19,2;17,9;19,7;19,2;18;17,4;92;87;92;309;3,1;1,2;
2026/07/26;2200 UTC;0;995,2;995,7;995,2;0;18,9;18;19,1;18,8;18;17,7;95;91;94;324;2,6;,8;
2026/07/26;2300 UTC;0;995,3;995,5;995,1;0;18,6;17,9;18,9;18,6;18,1;17,9;97;94;96;317;2,3;1,2;
2026/07/27;0000 UTC;0;995,5;995,6;995,3;0;18,4;17,8;18,7;18,4;17,9;17,8;97;95;96;326;2,3;1,4;
2026/07/27;0100 UTC;0;995,2;995,8;995,1;0;18,2;17,9;18,4;18,2;17,9;17,8;98;96;98;341;2,2;,5;
2026/07/27;0200 UTC;0;995,9;995,9;995,2;0;18,3;17,8;18,3;18,1;17,9;17,8;99;97;97;318;2,4;1,4;
2026/07/27;0300 UTC;0;995,6;996;995,6;0;18;17,7;18,3;17,8;17,8;17,7;99;97;98;315;2,2;1,1;
2026/07/27;0400 UTC;0;995,2;995,6;995,1;0;17,5;17,4;18,1;17,4;17,7;17,3;100;98;100;353;2;,5;
2026/07/27;0500 UTC;0;994,8;995,2;994,8;0;17,5;17,5;17,6;17,4;17,6;17,4;100;100;100;305;1,9;,4;
2026/07/27;0600 UTC;0;994;994,8;994;0;17,4;17,4;17,5;17,3;17,5;17,3;100;100;100;20;3,4;1,7;
2026/07/27;0700 UTC;0;994,1;994,4;993,9;0;17,4;17,4;17,4;17,3;17,4;17,3;100;100;100;332;2,5;1,3;
2026/07/27;0800 UTC;0;993,5;994,4;993,5;0;17,3;17,3;17,4;17,3;17,4;17,3;100;100;100;341;3,5;1,8;
2026/07/27;0900 UTC;0;993,5;994;993,5;0;17,3;17,3;17,4;17,3;17,4;17,3;100;100;100;340;2,2;1,1;
2026/07/27;1000 UTC;0;994,3;994,4;993,5;0;17,4;17,4;17,4;17,3;17,4;17,3;100;100;100;344;2,3;1,3;
2026/07/27;1100 UTC;0;994,5;994,9;994,3;0;17,4;17,4;17,5;17,3;17,5;17,3;100;100;100;329;2,6;1,4;
2026/07/27;1200 UTC;0;995;995,2;994,6;0;18,2;17,9;18,2;17,4;17,9;17,4;100;98;98;347;2,7;1,3;
2026/07/27;1300 UTC;0;995,1;995,3;994,7;0;20,1;18;20,2;18,2;18,4;17,6;98;86;88;348;2,6;1,5;
2026/07/27;1400 UTC;0;994,1;994,9;994,1;0;21,7;19,2;21,9;20,1;19,2;17,9;89;81;86;356;3,1;1,6;
2026/07/27;1500 UTC;0;992,5;994,1;992,4;0;24;19,6;24;21,8;20,3;18,9;85;75;76;350;3;1,5;
2026/07/27;1600 UTC;0;991,7;992,6;991,7;0;24,9;21;25,1;24;21;19,5;80;72;79;11;2,8;1,5;
2026/07/27;1700 UTC;0;990,4;991,7;990,3;0;25,5;21;25,8;24,7;21,4;20,2;80;74;76;9;2,7;,8;
2026/07/27;1800 UTC;;;;;;;;;;;;;;;;;;
2026/07/27;1900 UTC;0;989,4;989,8;989;0;23,7;21,8;24,2;23,7;21,9;21,1;89;84;89;55;1,8;,7;
2026/07/27;2000 UTC;0;989,1;989,7;989,1;0;22,7;21,5;23,7;22,7;21,8;21,4;93;89;93;126;1,2;,5;
2026/07/27;2100 UTC;,4;990,9;991,2;989,2;0;20,7;19,5;22,7;20,7;21,7;19,5;97;92;93;106;5,9;2;
2026/07/27;2200 UTC;9,5;992,4;993,4;990,4;0;19,3;19,1;20,5;19,3;19,6;18,5;99;95;99;50;9,4;1;
2026/07/27;2300 UTC;1,6;992;992,8;991,8;0;18,9;18,8;19,3;18,9;19,1;18,8;99;98;99;190;2,9;,5;
2026/07/28;0000 UTC;,8;991,7;992,2;991,7;0;18,6;18,6;18,9;18,6;18,8;18,6;100;99;100;302;1,4;,5;
2026/07/28;0100 UTC;0;991,6;992,1;991,5;0;18,5;18,5;18,6;18,4;18,6;18,4;100;100;100;357;1,2;,6;
2026/07/28;0200 UTC;0;991;991,7;991;0;18,2;18,2;18,5;18,2;18,5;18,2;100;100;100;322;1,7;,6;
2026/07/28;0300 UTC;0;989,9;991,1;989,8;0;17,7;17,7;18,2;17,7;18,2;17,7;100;100;100;322;1,8;1;
2026/07/28;0400 UTC;0;989,4;990,1;989,3;0;17,6;17,6;17,7;17,6;17,7;17,6;100;100;100;311;2,1;1,2;
2026/07/28;0500 UTC;0;988;989,5;988;0;17,5;17,5;17,6;17,4;17,6;17,4;100;100;100;329;3;1,4;
2026/07/28;0600 UTC;0;988,2;988,3;987,7;0;17,8;17,7;17,8;17,5;17,7;17,5;100;99;99;306;3,1;1,9;
2026/07/28;0700 UTC;4,6;988,5;989,5;987,4;0;18;17,9;18,3;17,6;18,1;17,5;100;97;99;313;5,9;1,1;
2026/07/28;0800 UTC;15,4;990,1;991,8;988,9;0;17,1;17,1;19,2;17,1;18,5;17;100;92;100;306;8,3;1,3;
2026/07/28;0900 UTC;2,4;991;991,3;989,3;0;17,1;17,1;17,2;17;17,2;17;100;100;100;214;3,2;,9;
2026/07/28;1000 UTC;10,9;990,8;991,5;990,5;0;17,3;17,3;17,4;17,1;17,4;17,1;100;100;100;341;5;1,7;
2026/07/28;1100 UTC;7,3;991,5;991,8;990,4;0;17,5;17,5;17,5;17,3;17,5;17,3;100;100;100;327;3;1,1;
2026/07/28;1200 UTC;3,6;992,3;992,3;991,7;0;17,6;17,6;17,6;17,4;17,6;17,4;100;100;100;218;2,8;1,3;
2026/07/28;1300 UTC;7,1;993,7;993,7;992,4;0;18;18;18;17,5;18;17,5;100;100;100;186;4,2;,8;
2026/07/28;1400 UTC;3,2;994,6;995,1;993,6;0;18,1;18,1;18,1;17,8;18,1;17,8;100;100;100;186;3;1,2;
2026/07/28;1500 UTC;2,2;993,6;994,8;993,2;0;18;18;18,1;18;18,1;18;100;100;100;339;3;,9;
2026/07/28;1600 UTC;3;993,3;994;993;0;18,1;18,1;18,1;18;18,1;18;100;100;100;11;1,9;,5;
2026/07/28;1700 UTC;1,2;991,7;993,4;991,3;0;18,1;18,1;18,2;18;18,2;18;100;100;100;346;3;,7;
2026/07/28;1800 UTC;;;;;;;;;;;;;;;;;;
2026/07/28;1900 UTC;3,2;991,9;992,6;991,8;0;18;18;18,1;18;18,1;18;100;100;100;21;2,7;1,3;
2026/07/28;2000 UTC;1;991,8;992;991,4;0;17,9;17,8;18,1;17,9;18;17,8;100;99;99;332;3;1,3;
2026/07/28;2100 UTC;4,4;992;993;991,1;0;17,7;17,7;17,9;17,7;17,8;17,7;100;99;100;311;4,9;1;
2026/07/28;2200 UTC;3,8;991,3;992,7;990,3;0;17,8;17,5;17,8;17,5;17,7;17,5;100;98;98;298;4,4;2,4;
2026/07/28;2300 UTC;3,6;991,3;991,9;990,8;0;17,4;17,3;17,8;17,4;17,5;17,3;100;98;100;338;3,1;,6;
2026/07/29;0000 UTC;1;989,5;991,5;989,4;0;17,2;17;17,4;17,1;17,3;17;100;99;99;20;3,6;1,4;
2026/07/29;0100 UTC;,2;989,6;989,8;988,7;0;17,1;16,9;17,2;17;17;16,7;99;97;99;249;3;1,4;
2026/07/29;0200 UTC;5;989,3;990,6;988,4;0;16,9;16,9;17,1;16,9;17;16,8;100;99;100;116;3,6;1,2;
2026/07/29;0300 UTC;3,4;990,4;990,4;988,1;0;16,8;16,7;17;16,8;16,9;16,7;100;99;99;220;4,3;1,6;
2026/07/29;0400 UTC;22,6;991,9;992,3;990,2;0;17;16,8;17;16,5;16,8;16,3;100;98;99;169;7,2;2,3;
2026/07/29;0500 UTC;9,1;994;994,2;992;0;15,5;14,8;17;15,5;16,8;14,8;99;94;95;154;10,6;2,7;
2026/07/29;0600 UTC;5;993,5;994,3;992,5;0;15;14,7;15,5;15;15;14,5;98;95;98;273;7,8;,9;
2026/07/29;0700 UTC;6,3;993,1;994,7;992,9;0;14,6;14,4;15;14,6;14,7;14,2;99;96;99;72;5,2;1,2;
2026/07/29;0800 UTC;1,4;991,8;993,1;990,6;0;14,8;14,2;14,8;14,4;14,5;14;100;95;96;329;4,9;2,1;
2026/07/29;0900 UTC;1,2;992,2;992,9;991,2;0;14,7;14,4;14,9;14,6;14,5;14;99;95;98;317;4,8;1,5;
2026/07/29;1000 UTC;1,2;995,7;995,9;992;0;14,7;14,5;15,3;14,7;14,6;14;99;93;99;241;5,4;,8;
2026/07/29;1100 UTC;0;991,6;995,7;991,5;0;14,9;14,3;14,9;14,6;14,6;14,1;99;96;96;311;4,7;2,2;
2026/07/29;1200 UTC;0;992,4;992,5;991,2;0;15,5;14,4;15,7;14,7;14,7;13,5;98;88;93;297;4,1;1,2;
2026/07/29;1300 UTC;0;992,8;993;992,2;0;16,3;15;16,3;15,4;15,3;14,1;96;89;92;307;3,3;,7;
2026/07/29;1400 UTC;0;994,1;994,1;992,7;0;19,1;15,9;19,1;16,4;16,5;14,8;94;80;81;141;4;1,3;
2026/07/29;1500 UTC;0;993,4;993,9;993,3;0;20,1;15,4;20,3;18,9;16,2;14;83;68;74;169;4,5;1,6;
2026/07/29;1600 UTC;0;994,2;994,2;993,4;0;20,3;15;20,3;19,6;15,9;14,5;77;71;72;120;5,4;2,4;
2026/07/29;1700 UTC;0;994,7;994,8;994,2;0;21;15,2;21;19,6;16;14,2;77;67;69;127;4,7;1,7;
2026/07/29;1800 UTC;;;;;;;;;;;;;;;;;;
2026/07/29;1900 UTC;0;994,8;995;994,7;0;21,3;14,9;21,9;20,9;15,5;14,2;71;63;67;146;3,7;1;
2026/07/29;2000 UTC;0;994,8;995,2;994,7;0;18,6;16;21,2;18,6;16,1;14,2;85;64;85;298;1,7;1;
2026/07/29;2100 UTC;0;996,1;996,1;994,9;0;17,2;15,1;18,5;17,2;16,3;14,9;91;84;87;71;2,5;,9;
2026/07/29;2200 UTC;0;996,6;996,8;995,9;0;16,5;14,8;17,4;16,2;15,3;14,6;93;85;90;190;1,7;,9;
2026/07/29;2300 UTC;0;997,4;997,6;996,6;0;15,3;14,8;16,7;15,3;15,1;14,6;97;88;97;271;2;,3;
2026/07/30;0000 UTC;0;998,3;998,4;997,4;0;14,7;14,5;15,4;14,7;14,9;14,5;98;96;98;188;1,2;,7;
2026/07/30;0100 UTC;0;998,6;998,9;998,2;0;14,9;14,8;15;14,5;14,9;14,3;100;99;99;91;1,1;,2;
2026/07/30;0200 UTC;0;998,8;999,2;998,5;0;14,6;14,5;15;14,6;14,8;14,5;100;98;100;333;1,3;,4;
2026/07/30;0300 UTC;0;998,8;999,1;998,8;0;14,6;14,6;14,7;14,5;14,7;14,5;100;100;100;13;1,7;,8;
2026/07/30;0400 UTC;0;999,1;999,1;998,7;0;14,4;14,4;14,6;14,4;14,6;14,4;100;100;100;257;1,2;,4;
2026/07/30;0500 UTC;0;999,9;999,9;999,1;0;14,3;14,3;14,5;14,3;14,5;14,3;100;100;100;86;2,5;1,2;
2026/07/30;0600 UTC;0;999,2;999,8;999,1;0;14;14;14,3;13,9;14,3;13,9;100;100;100;83;2,4;1,3;
2026/07/30;0700 UTC;0;999,1;999,3;998,8;0;13,9;13,9;14,1;13,9;14,1;13,9;100;100;100;159;2,2;1,1;
2026/07/30;0800 UTC;0;999,4;999,6;999,1;0;14;14;14;13,9;14;13,9;100;100;100;127;1,2;,7;
2026/07/30;0900 UTC;0;999,9;999,9;999,3;0;13,9;13,8;14;13,9;14;13,8;100;99;99;174;1,4;,8;
2026/07/30;1000 UTC;0;1000,8;1000,8;999,9;0;13,8;13,3;13,9;13,8;13,7;13,3;99;97;97;205;2,3;,6;
2026/07/30;1100 UTC;0;1001,6;1001,6;1000,9;0;14,1;13,7;14,1;13,8;13,8;13,3;99;96;98;70;1,7;,3;
2026/07/30;1200 UTC;0;1002,8;1002,8;1001,6;0;14,5;13,8;14,7;14,1;14;13,6;98;93;96;353;1,9;,9;
2026/07/30;1300 UTC;0;1003;1003,2;1002,6;0;16,5;12,7;16,5;14,5;14,1;12,7;96;78;78;107;4,1;2,3;
2026/07/30;1400 UTC;0;1002,5;1003;1002,5;0;16,7;13,2;16,8;16,3;13,3;12,7;81;77;80;83;3,4;1,7;
2026/07/30;1500 UTC;0;1001,6;1002,6;1001,6;0;17,4;13,4;17,5;16,5;14,1;12,9;83;76;78;99;3,1;1,3;
2026/07/30;1600 UTC;0;1001,2;1001,9;1001,2;0;17,7;13,9;17,7;17,2;14;13,1;80;76;78;91;2,5;,8;
2026/07/30;1700 UTC;0;1000,4;1001,3;1000,4;0;19,8;14,6;19,8;17,8;14,8;13,4;79;68;72;112;2,7;1,2;
2026/07/30;1800 UTC;0;999,9;1000,4;999,5;0;20,9;14,9;21,2;19,9;15,8;14,2;74;66;69;248;3,6;1,2;
2026/07/30;1900 UTC;0;999,6;1000;999,5;0;21,1;15,3;21,3;20,8;15,8;14,6;71;67;70;205;3,6;,9;
2026/07/30;2000 UTC;0;999,2;999,6;999,2;0;18,7;15,4;21,2;18,7;16,2;15,1;82;68;81;248;2,6;,9;
2026/07/30;2100 UTC;0;999;999,3;998,7;0;17,2;15,4;18,7;17,1;16,3;15,2;91;85;89;231;2,2;,7;
2026/07/30;2200 UTC;0;999;999,2;998,7;0;16,2;15,3;17,5;16,2;15,5;15;94;86;94;294;2,1;,6;
2026/07/30;2300 UTC;0;999,3;999,5;998,9;0;15,8;15,2;16,2;15,8;15,3;15,1;96;94;96;324;1,3;,5;
2026/07/31;0000 UTC;0;1000,3;1000,4;999,3;0;15,6;15,2;15,8;15,4;15,3;15;98;96;98;273;1,6;,4;
2026/07/31;0100 UTC;0;1000,2;1001,1;1000,2;0;15,2;15,1;15,5;15,2;15,3;15;99;98;99;314;1,6;,5;
2026/07/31;0200 UTC;0;1000,2;1000,5;1000,1;0;15,3;15;15,4;15,2;15,2;15;100;98;98;302;1,8;,9;
2026/07/31;0300 UTC;0;1000,3;1000,4;1000;0;15;14,9;15,3;15;15;14,7;99;98;99;302;,9;,9;
2026/07/31;0400 UTC;0;1000,1;1000,6;1000,1;0;14,6;14,6;15,2;14,6;15,1;14,5;100;99;100;302;,9;,9;
2026/07/31;0500 UTC;0;1000;1000,3;999,9;0;14,9;14,7;15;14,6;14,9;14,6;100;99;99;302;,9;,9;
2026/07/31;0600 UTC;0;999,9;1000,3;999,8;0;14,3;14,3;14,9;14,3;14,8;14,3;100;99;100;302;,9;,9;
2026/07/31;0700 UTC;0;999;1000,1;999;0;14,7;14,7;14,7;14,2;14,7;14,2;100;100;100;302;,9;,9;
2026/07/31;0800 UTC;0;998,8;999,4;998,8;0;14,2;14,2;14,8;13,9;14,8;13,9;100;99;100;302;,9;,9;
2026/07/31;0900 UTC;0;999,3;999,3;998,7;0;13,5;13,5;14,2;13,5;14,2;13,5;100;100;100;302;,9;,9;
2026/07/31;1000 UTC;0;999,4;999,5;999;0;13,4;13,4;14,4;13,4;14,4;13,4;100;100;100;302;,9;,9;
2026/07/31;1100 UTC;0;999,7;999,8;999,4;0;14,1;14,1;14,2;13,4;14,2;13,4;100;100;100;307;1,1;,9;
2026/07/31;1200 UTC;0;1000,3;1000,3;999,7;0;16,6;15;16,6;13,9;16,3;13,9;100;91;91;0;1,8;,9;
2026/07/31;1300 UTC;;;;;;;;;;;;;;;;;;
2026/07/31;1400 UTC;;;;;;;;;;;;;;;;;;
2026/07/31;1500 UTC;;;;;;;;;;;;;;;;;;
2026/07/31;1600 UTC;;;;;;;;;;;;;;;;;;
2026/07/31;1700 UTC;;;;;;;;;;;;;;;;;;
2026/07/31;1800 UTC;;;;;;;;;;;;;;;;;;
2026/07/31;1900 UTC;;;;;;;;;;;;;;;;;;
2026/07/31;2000 UTC;;;;;;;;;;;;;;;;;;
2026/07/31;2100 UTC;0;994,4;994,4;994,3;0;24,4;18,7;24,7;24,3;19,5;18,7;74;70;71;24;2;,8;
2026/07/31;2200 UTC;0;994,9;995,2;994,4;0;23,5;17,5;24,5;23,5;19,3;17,5;74;69;69;11;3,8;1,1;
2026/07/31;2300 UTC;0;995,5;995,5;994,9;0;22,4;17,6;24;22,2;17,8;16,8;74;66;74;348;3,8;,8;
2026/08/01;0000 UTC;0;995,9;996,1;995,4;0;21,2;16,3;22,5;21,1;17,2;16,1;75;70;74;24;4,8;1,7;
2026/08/01;0100 UTC;0;996,1;996,2;995,9;0;20,3;15,2;20,9;20,2;16,5;14,7;78;70;72;32;4,1;1,3;
2026/08/01;0200 UTC;0;996,3;996,4;996,1;0;18,9;14,2;20,2;18,9;15,3;13,6;76;67;74;343;3,3;,9;
2026/08/01;0300 UTC;0;996,2;996,6;996,1;0;18,5;13,1;19,2;18,5;14,2;12,9;74;68;71;64;2,8;1,2;
2026/08/01;0400 UTC;0;995,4;996,2;995,4;0;18;12,9;18,5;18;13,7;12,8;74;71;72;325;2,2;,6;
2026/08/01;0500 UTC;0;995,2;995,6;995,1;0;17,5;13,1;18,2;17,5;13,9;12,6;77;70;75;21;2,4;1;
2026/08/01;0600 UTC;0;994,4;995,2;994,3;0;17,2;12,9;17,8;17,2;13,4;12,8;77;73;76;322;2,4;1,1;
2026/08/01;0700 UTC;0;994,3;994,6;994,1;0;17,3;13,2;17,4;17;13,4;12,7;79;75;77;358;2,3;,8;
2026/08/01;0800 UTC;0;993,8;994,2;993,7;0;16,4;13,1;17,4;16,4;13,4;12,6;81;74;81;349;2,6;,8;
2026/08/01;0900 UTC;0;993,9;994,2;993,8;0;16;12,8;16,4;15,3;13,4;12,7;88;80;81;4;3,3;1,4;
2026/08/01;1000 UTC;0;994,2;994,4;993,9;0;15,9;13,1;16,4;15,8;13,1;12,6;83;79;83;354;2,7;,9;
2026/08/01;1100 UTC;0;993,9;994,5;993,9;0;17,4;12,9;17,4;15,7;13,5;12,6;84;75;75;353;2,8;1,2;
2026/08/01;1200 UTC;0;993,9;994,3;993,8;0;19,5;14;19,5;17,4;14,6;12,7;80;68;71;16;2,2;1;
2026/08/01;1300 UTC;0;993,7;994;993,4;0;22,5;14,6;22,6;19,2;15,1;13;74;59;61;46;3,1;1,2;
2026/08/01;1400 UTC;0;993,1;993,6;993,1;0;25,4;14,6;25,5;22,2;16;13,3;65;50;51;31;3,7;1,4;
2026/08/01;1500 UTC;0;991,5;993,1;991,5;0;27,8;15,3;27,8;25,4;16,8;14,7;55;45;47;25;5,8;3,1;
2026/08/01;1600 UTC;0;990,4;991,5;990,4;0;30,2;15,2;30,2;27,9;16,8;14,5;49;40;40;12;6,6;4,2;
2026/08/01;1700 UTC;0;988,6;990,5;988,6;0;31,2;15,8;31,3;30,2;17;14,9;44;39;40;9;8;3,6;
2026/08/01;1800 UTC;0;988,1;988,8;988;0;30,8;15,7;31,6;30,8;17,8;14,6;45;36;40;26;9,8;1,7;
2026/08/01;1900 UTC;0;987,8;988,3;987,8;0;29,1;17,9;30,9;29;19,2;15,3;51;39;51;11;5,3;1;
2026/08/01;2000 UTC;0;988,9;988,9;987,7;0;28,9;15,4;28,9;27,4;19,2;15,4;59;44;44;294;5,8;2,5;
2026/08/01;2100 UTC;0;989,8;989,8;988,7;0;26,3;16,7;29,1;25,6;18,4;15,7;62;47;56;259;4,4;1,1;
2026/08/01;2200 UTC;0;992,4;992,4;989,8;0;24,9;17,5;26,8;24,9;18,4;16,5;64;54;64;293;8;2;
2026/08/01;2300 UTC;0;994,8;994,8;992,5;0;23,2;16,5;24,8;23,2;17,7;16,5;67;63;66;127;5,2;1,3;
2026/08/02;0000 UTC;0;993,9;995;993,7;;20,7;16,6;23,2;20,7;17,6;16,3;79;65;78;356;4,2;2,1;
2026/08/02;0100 UTC;0;994,3;994,9;992,7;;20,2;15,7;20,7;19,4;17,1;15,5;86;73;75;291;4,5;2,2;
2026/08/02;0200 UTC;0;996;996;994,2;;18,8;16,3;20,3;18,8;16,6;15,5;86;75;85;230;2,9;,8;
2026/08/02;0300 UTC;0;996,3;996,4;995,5;;18,9;15,5;19,2;18,6;16,6;14,7;88;77;81;292;3,2;1,1;
2026/08/02;0400 UTC;0;996,5;996,8;996,1;;18;15;19;17,8;15,5;14,4;83;75;83;178;3;,6;
2026/08/02;0500 UTC;0;996,7;997,1;996,4;;16,9;14,4;18;16,9;15,2;14,1;88;79;85;218;1,9;,3;
2026/08/02;0600 UTC;0;996,9;996,9;996,7;;16,6;15,3;17;16,5;15,5;14,6;93;87;93;37;1,6;,3;
2026/08/02;0700 UTC;0;997;997,2;996,7;;15,9;15;16,6;15,9;15,3;14,7;95;90;95;160;1,9;1;
2026/08/02;0800 UTC;0;997,1;997,5;997;;15,8;15,2;15,9;15,5;15,2;14,9;97;95;96;238;1,5;,5;
2026/08/02;0900 UTC;0;997,3;997,4;997;;15,5;15,3;15,9;15,4;15,3;15;99;95;99;254;1,5;,4;
2026/08/02;1000 UTC;0;997,8;998;997,2;;15,9;14,5;16,1;15,4;15,3;14,2;99;89;92;208;2,1;,6;
2026/08/02;1100 UTC;0;998,4;998,4;997,7;;15,4;14,5;15,9;14,9;14,5;14;95;91;94;268;2;,5;
2026/08/02;1200 UTC;0;998,8;999;998,2;;16,1;15,3;16,2;15,4;15,4;14,3;97;89;95;13;1,2;,5;
2026/08/02;1300 UTC;0;999,2;999,4;998,8;;17,7;15,7;17,9;16,1;15,7;14,3;95;82;88;51;1,7;,9;
2026/08/02;1400 UTC;0;999,2;999,5;999,1;;18,6;14,5;18,9;17,5;15,7;14,3;88;75;77;231;2,6;1,1;
2026/08/02;1500 UTC;0;998,7;999,5;998,7;;21,4;14,6;21,4;18,5;15,5;14,3;80;65;65;92;2,7;1;
2026/08/02;1600 UTC;0;997,8;998,8;997,8;;22,9;15,2;22,9;21,3;15,8;14,5;69;60;62;349;3,4;1,2;
2026/08/02;1700 UTC;0;997,2;997,9;997,2;;23,2;15,7;24,4;22,9;16,2;14,6;63;58;63;192;3,4;1,5;
2026/08/02;1800 UTC;0;996,7;997,3;996,7;;22,7;15,9;24,2;22,7;16,6;15,2;67;59;66;247;3;1,3;
2026/08/02;1900 UTC;0;996,4;996,8;996,3;;23,9;15,9;24;22,6;17;15,3;67;59;61;266;2;,7;
2026/08/02;2000 UTC;0;996,4;996,7;996,3;;21,6;17,2;24;21,6;17,9;15,8;77;60;76;227;1,9;,7;
2026/08/02;2100 UTC;0;996,4;996,7;996,2;;19,6;16,7;21,5;19,6;17,7;16,2;85;77;83;245;1,9;,6;
2026/08/02;2200 UTC;0;996,8;997;996,4;;18,7;16,6;19,6;18,7;16,9;16,4;89;84;88;245;1,2;,6;
2026/08/02;2300 UTC;0;997,1;997,2;996,8;;17,8;16,7;18,6;17,8;16,8;16,5;93;87;93;245;1,2;,6;
2026/08/03;0000 UTC;0;997,4;997,6;997;;17;16,4;17,7;17;16,7;16,3;96;93;96;245;1,2;,6;
2026/08/03;0100 UTC;0;998;998;997,6;;16,6;16,2;17,1;16,5;16,5;16;98;96;98;184;1,1;,2;
2026/08/03;0200 UTC;0;998,1;998,5;997,9;;16,2;16;16,6;16,2;16,3;15,9;99;97;98;137;,7;,3;
2026/08/03;0300 UTC;0;997,9;998,3;997,8;;16,1;16,1;16,2;16;16,1;15,8;100;98;100;246;,8;,2;
2026/08/03;0400 UTC;0;998,3;998,3;997,7;;16,1;16,1;16,2;16,1;16,2;16;100;100;100;262;,5;,5;
2026/08/03;0500 UTC;0;997,8;998,2;997,7;;16,3;16,3;16,3;16,1;16,3;16,1;100;100;100;61;,8;,4;
2026/08/03;0600 UTC;0;997,2;997,9;997;;16,1;16,1;16,3;16,1;16,3;16,1;100;100;100;328;;,3;
2026/08/03;0700 UTC;0;996,9;997,3;996,9;;16,2;16,2;16,2;16;16,2;16;100;100;100;94;1,1;,5;
2026/08/03;0800 UTC;0;997;997,3;996,8;;16,2;16,1;16,3;16,2;16,2;16,1;100;99;99;76;1;,3;
2026/08/03;0900 UTC;0;997,7;997,7;996,9;;16,2;16,1;16,3;16,2;16,1;16;99;98;99;17;1,7;1;
2026/08/03;1000 UTC;0;997,8;997,8;997,3;;16,1;15,8;16,3;16;16,2;15,8;100;98;98;355;2;1,1;
2026/08/03;1100 UTC;0;998,1;998,5;997,7;;16,2;15,8;16,2;16;15,9;15,6;98;97;98;9;2,3;,8;
2026/08/03;1200 UTC;0;998,6;998,8;998,1;;16,9;16,4;16,9;16,1;16,4;15,7;99;97;97;319;3,5;,9;
2026/08/03;1300 UTC;0;998,7;999;998,5;;17,9;16,7;17,9;16,9;16,8;16,2;97;93;93;348;2;1;
2026/08/03;1400 UTC;0;998,2;998,7;998,1;;19,9;17,4;19,9;18;17,4;16,7;94;84;86;30;2,6;1,1;
2026/08/03;1500 UTC;0;997;998,2;997;;22,2;18,2;22,3;20;18,6;17,1;86;77;78;3;2,6;1,4;
2026/08/03;1600 UTC;0;996,2;997;996,2;;24,2;18,6;24,2;22;19,4;17,7;79;71;71;11;2,4;1,3;
2026/08/03;1700 UTC;;;;;;;;;;;;;;;;;;
2026/08/03;1800 UTC;0;995,5;995,6;995,2;;26,1;19,8;26,5;25,6;20,7;19;71;65;68;323;2,3;,9;
2026/08/03;1900 UTC;0;995,1;995,4;994,9;;26;21,5;26,6;26;21,6;19,7;77;67;76;328;1,9;,9;
2026/08/03;2000 UTC;0;994,9;995,3;994,8;;25,5;19,2;26;25,3;21,6;17,5;80;60;68;300;3,6;,8;
2026/08/03;2100 UTC;0;995,9;996,1;994,9;;23,3;18,5;25,6;23,1;19,4;17,4;79;62;75;304;2,4;,6;
2026/08/03;2200 UTC;0;995,8;996,4;995,8;;22,5;18,8;23,2;22,1;19,4;18,1;84;74;79;226;1,7;,6;
2026/08/03;2300 UTC;0;996;996,3;995,8;;21,4;19,6;22,7;21,2;19,6;18,5;90;80;89;267;1,2;,6;
2026/08/04;0000 UTC;0;996,2;996,6;996;;20,7;19,1;21,4;20,5;19,6;18,8;92;88;91;289;1,6;,9;
2026/08/04;0100 UTC;0;996,1;996,3;996;;20,1;18,9;20,6;20;19,2;18,6;94;90;93;300;2;,9;
2026/08/04;0200 UTC;0;996,2;996,5;995,9;;19,8;18,2;20,2;19,4;18,9;17,9;93;90;91;303;2,1;,8;
2026/08/04;0300 UTC;0;995,9;996,5;995,9;;19,3;18,4;20,1;19,2;18,5;18,1;94;90;94;293;2,2;1,2;
2026/08/04;0400 UTC;0;995,5;996,2;995,4;;19;18,2;20;18,7;18,3;18;96;90;95;315;2,2;1,2;
2026/08/04;0500 UTC;0;994,5;995,6;994,5;;18;17,8;19,2;18;18,3;17,7;98;94;98;332;2,7;1,4;
2026/08/04;0600 UTC;0;994,5;994,6;994,1;;17,8;17,2;18,4;17,8;18;17,2;99;96;96;301;2,8;,9;
2026/08/04;0700 UTC;0;994,9;994,9;994,1;;17,6;17,1;17,9;17,6;17,6;16,9;98;96;97;137;2,2;,9;
2026/08/04;0800 UTC;0;995,2;995,3;994,8;;17,7;17,1;17,9;17,2;17,4;16,9;99;95;96;48;2,6;,4;
2026/08/04;0900 UTC;0;996;996,1;995,1;;17,2;17;17,8;17,2;17,2;17;99;96;99;350;1,8;1;
2026/08/04;1000 UTC;0;997,1;997,1;996;;17,2;17,1;17,4;17,1;17,2;17;99;98;99;296;1,8;,8;
2026/08/04;1100 UTC;0;997,6;997,8;997,1;;17,5;17,1;17,6;17,2;17,3;17,1;99;97;97;320;2,4;1,3;
2026/08/04;1200 UTC;0;998,3;998,3;997,6;;17,6;17,1;17,8;17,4;17,3;17;99;96;97;313;2,4;,7;
2026/08/04;1300 UTC;0;998,4;998,7;998,3;;18;17,4;18,3;17,6;17,7;17;98;95;97;340;2,4;1,5;
2026/08/04;1400 UTC;0;998,5;998,9;998,4;;18,9;17,8;18,9;18;18,1;17,3;97;93;94;358;3,1;1,4;
2026/08/04;1500 UTC;0;997,2;998,6;997,2;;20,1;18,2;20,1;18,9;18,2;17,2;95;86;89;356;2,3;1,3;
2026/08/04;1600 UTC;0;996,7;997,5;996,5;;21,3;18,2;21,5;20,1;18,6;17,2;88;78;83;39;2,2;,7;
2026/08/04;1700 UTC;0;995,3;996,7;995,3;;21,7;18,6;21,7;21,3;19;18,1;86;80;83;128;1,5;,5;
2026/08/04;1800 UTC;;;;;;;;;;;;;;;;;;
2026/08/04;1900 UTC;0;994;994,5;993,9;;22,2;19,2;22,7;22,2;19,7;18,6;85;79;83;342;1,4;,6;
2026/08/04;2000 UTC;0;994;994,2;993,9;;22;19,6;22,2;21,9;20,1;18,9;89;82;87;147;,9;,4;
2026/08/04;2100 UTC;0;994,4;994,7;994;;20,5;19;22;20,5;20;19;92;86;92;221;1,2;,2;
2026/08/04;2200 UTC;0;994,6;994,8;994,4;;20,1;19,2;20,4;20,1;19,2;18,9;95;91;95;239;1,2;,5;
2026/08/04;2300 UTC;0;995,1;995,1;994,7;;19,4;18,9;20,2;19,4;19,3;18,9;97;94;97;289;1;,4;
2026/08/05;0000 UTC;0;995,7;995,7;995;;19,1;18,8;19,4;19,1;19;18,7;98;96;98;307;1;,4;
2026/08/05;0100 UTC;0;995,5;995,7;995,1;;18,7;18,4;19,1;18,7;18,8;18,4;98;97;98;313;1,2;,3;
2026/08/05;0200 UTC;0;995,1;995,3;995;;18,4;18,1;18,7;18,4;18,4;18;99;97;98;260;1,3;,7;
2026/08/05;0300 UTC;0;995;995,4;994,9;;18,2;18,2;18,4;18,2;18,2;18;100;98;100;341;1,4;,8;
2026/08/05;0400 UTC;0;994,9;995,4;994,9;;18;18;18,2;17,9;18,2;17,9;100;100;100;288;1,1;,4;
2026/08/05;0500 UTC;0;994,8;995,2;994,8;;18;18;18;18;18;18;100;100;100;79;,9;,1;
2026/08/05;0600 UTC;0;994,5;995;994,4;;18;18;18;18;18;18;100;100;100;77;1,7;,8;
2026/08/05;0700 UTC;,2;994,3;994,6;994;;17,9;17,9;18;17,7;18;17,7;100;100;100;68;2,6;,5;
2026/08/05;0800 UTC;,2;993,6;994,5;993,6;;17,7;17,7;17,9;17,7;17,9;17,7;100;100;100;358;2,3;1,3;
2026/08/05;0900 UTC;0;993,6;993,7;993,4;;17,7;17,7;17,7;17,6;17,7;17,6;100;100;100;35;2,1;,7;
2026/08/05;1000 UTC;0;993,9;993,9;993,6;;17,6;17,6;17,7;17,6;17,7;17,6;100;100;100;339;1,3;,4;
2026/08/05;1100 UTC;0;994,3;994,6;993,8;;17,6;17,6;17,7;17,6;17,7;17,6;100;100;100;64;1,5;,8;
2026/08/05;1200 UTC;,4;994,9;995;994,3;;17,7;17,7;17,7;17,5;17,7;17,5;100;100;100;310;2,4;1,5;
2026/08/05;1300 UTC;2,2;995,4;995,7;994,9;;17,7;17,7;17,8;17,7;17,8;17,7;100;100;100;355;2,4;1;
2026/08/05;1400 UTC;,4;995,2;995,8;995,2;;18,2;18,2;18,2;17,7;18,2;17,7;100;100;100;352;1,8;1;
2026/08/05;1500 UTC;,2;994,1;995,5;994,1;;18,8;18,6;18,8;18,2;18,6;18,2;100;99;99;326;1,8;1,2;
2026/08/05;1600 UTC;0;993,1;994,1;993,1;;20;19,4;20;18,7;19,4;18,3;99;93;96;350;2,3;1,1;
2026/08/05;1700 UTC;0;992;993,2;992;;21,3;19,2;21,3;20,1;19,7;18,9;95;88;88;10;2,5;1,3;
2026/08/05;1800 UTC;;;;;;;;;;;;;;;;;;
2026/08/05;1900 UTC;0;991,1;991,7;991,1;;23,5;19,9;23,8;22,9;20,4;18,8;86;75;80;326;2,2;,9;
2026/08/05;2000 UTC;0;991,3;991,5;991,1;;22,5;20,1;23,5;22,5;20,1;19,1;86;77;86;22;2,1;,8;
2026/08/05;2100 UTC;0;991;991,6;991;;21,1;17,2;22,7;20,6;20,1;16,8;88;76;78;74;4,5;1,1;
2026/08/05;2200 UTC;0;991,2;991,4;991;;19,1;17,3;21,2;19,1;17,9;17,1;89;81;89;306;1,8;,7;
2026/08/05;2300 UTC;0;991,7;992;991,2;;18,2;17,4;19,2;18,2;17,5;17,2;96;89;96;353;1,5;,7;
2026/08/06;0000 UTC;0;991,8;992;991,6;;17,8;17,1;18,1;17,7;17,4;17,1;97;95;96;338;1,8;,5;
2026/08/06;0100 UTC;0;991,6;992,1;991,6;;17,6;17,1;17,7;17,4;17,2;17;98;96;97;223;1,5;,4;
2026/08/06;0200 UTC;0;991,5;991,7;991,5;;17;16,8;17,6;17;17,1;16,8;99;96;98;328;2,1;1,2;
2026/08/06;0300 UTC;0;991,2;991,8;991,2;;16,6;16,6;17;16,6;16,9;16,6;100;98;100;351;1,8;1,3;
2026/08/06;0400 UTC;0;991,4;991,4;991;;16,8;16,8;16,8;16,6;16,8;16,6;100;100;100;1;2,2;1,3;
2026/08/06;0500 UTC;0;990,9;991,4;990,9;;16,7;16,7;16,8;16,7;16,8;16,7;100;100;100;359;2,3;1,5;
2026/08/06;0600 UTC;0;990;991,1;990;;16,6;16,6;16,7;16,6;16,7;16,6;100;100;100;3;3,4;1,9;
2026/08/06;0700 UTC;0;989,3;990,1;989;;16,4;16,4;16,6;16,4;16,6;16,4;100;100;100;350;3,2;,7;
2026/08/06;0800 UTC;0;988,7;989,1;988,5;;16,3;16,3;16,4;16,3;16,4;16,3;100;100;100;313;2,8;1,7;
2026/08/06;0900 UTC;0;988,7;989;988,5;;16,3;16,3;16,3;16,3;16,3;16,3;100;100;100;336;2,4;1;
2026/08/06;1000 UTC;0;989,1;989,2;988,7;;16,1;16,1;16,3;16,1;16,3;16,1;100;100;100;354;2,4;1,4;
2026/08/06;1100 UTC;0;989;989,4;989;;16,1;16,1;16,1;16;16,1;16;100;100;100;332;2,2;,9;
2026/08/06;1200 UTC;0;989,1;989,3;988,9;;17,2;16,6;17,2;16,1;16,8;16,1;100;95;96;338;2,4;1,2;
2026/08/06;1300 UTC;0;988,8;989,2;988,7;;18,8;17,3;18,8;17,2;17,3;16,4;97;90;91;344;3,1;1,4;
2026/08/06;1400 UTC;0;988,3;989,1;988,3;;20,7;17,6;21,2;18,8;18,7;16,8;91;80;83;351;3;,7;
2026/08/06;1500 UTC;0;987,7;988,6;987,3;;20,7;18,4;21;20,7;18,9;17,6;90;82;87;347;2,6;1,5;
2026/08/06;1600 UTC;2,4;986,5;987,7;986,5;;20,9;20,3;21,3;20,6;20,3;18;96;82;96;357;3,9;1,1;
2026/08/06;1700 UTC;0;985,7;986,6;985,7;;22,2;19,2;22,8;21;20,4;18,9;96;79;83;45;4,1;1,5;
2026/08/06;1800 UTC;;;;;;;;;;;;;;;;;;
2026/08/06;1900 UTC;0;983,5;984,4;983,5;;24;18,9;24;22,5;20,4;18,6;87;72;73;36;4,7;1,6;
2026/08/06;2000 UTC;0;983,4;983,8;983,2;;23;18,9;24,4;22,7;20,1;18,5;83;71;78;70;3,4;1,4;
2026/08/06;2100 UTC;;;;;;;;;;;;;;;;;;
2026/08/06;2200 UTC;1;982,7;982,9;981,9;;20,5;17,7;22,4;20,5;18,2;17;85;73;84;346;11;5,8;
2026/08/06;2300 UTC;2,4;982,5;982,9;981,3;;19,6;17,3;20,6;19,2;18,1;17,1;91;84;86;339;11,1;5,1;
2026/08/07;0000 UTC;1,6;987,6;987,6;982,1;;18,7;17,6;20;18,7;17,6;16,1;93;79;93;337;8,9;,9;
2026/08/07;0100 UTC;8,7;987,7;988,6;987,6;;16,5;16;18,4;16,5;17,5;15,3;97;87;97;;;;
2026/08/07;0200 UTC;1,2;984,8;987,7;984,1;;16,4;15,8;16,5;16,3;16,1;15,6;98;95;96;;;;
2026/08/07;0300 UTC;0;985,4;985,7;984,8;;16;15,8;17,1;16;15,8;15,1;98;89;98;;;;
2026/08/07;0400 UTC;,4;986,1;986,4;985,4;;16,3;16,1;16,3;16;16,1;15,8;99;98;99;;;;
2026/08/07;0500 UTC;0;986,2;986,3;985,9;;15,9;15,6;16,3;15,9;16,2;15,6;100;98;98;;;;
2026/08/07;0600 UTC;0;986,5;986,7;986,2;;15,7;15,2;16,1;15,7;15,7;14,9;98;94;96;;;;
2026/08/07;0700 UTC;0;987,5;987,5;986,5;;14,7;13,7;15,8;14,7;15,4;13,3;99;88;93;;;;
2026/08/07;0800 UTC;0;988,1;988,1;987,5;;13,2;12,5;14,7;13,2;13,5;11,4;96;86;96;;;;
2026/08/07;0900 UTC;0;989,4;989,4;988;;13,6;11;13,7;12,5;12,5;9,5;97;77;84;283;6,5;1,5;
2026/08/07;1000 UTC;0;990,5;990,6;989,4;;13,4;9,4;13,4;12,6;11,6;9,3;92;77;77;277;4,2;1;
2026/08/07;1100 UTC;0;992;992;990,4;;13;10,2;13,5;12,7;11,3;9,5;90;77;83;180;4,2;1,2;
2026/08/07;1200 UTC;0;992,7;993;992;;13,2;10,8;13,3;12,7;11,8;9,7;94;81;85;304;2,9;,7;
2026/08/07;1300 UTC;0;993,6;993,6;992,7;;13,8;9,7;14,6;13,2;11,8;8,9;88;72;76;182;2;1,5;
2026/08/07;1400 UTC;0;994;994,3;993,5;;14,6;9,3;15,2;13,6;10,6;8,7;81;67;71;166;4,1;2,1;
2026/08/07;1500 UTC;0;993,6;994,1;993,4;;14,6;9,4;15,4;14,4;10,5;8,4;77;64;71;124;3,5;,9;
2026/08/07;1600 UTC;0;993,1;993,9;993;;14,9;9,7;15,6;14,4;10,4;9;75;67;71;185;3,7;1,5;
2026/08/07;1700 UTC;0;992,4;993,5;992,4;;16,1;9,5;16,1;14,9;10,2;8,5;72;63;65;324;3,5;1,3;
2026/08/07;1800 UTC;0;991,9;992,4;991,9;;16,6;9,3;17;16,2;10,5;8,7;68;59;62;117;3,3;1,4;
2026/08/07;1900 UTC;0;991,6;991,9;991,5;;16,5;9,1;17,1;16,2;9,5;7,7;64;55;62;196;2,6;,5;
2026/08/07;2000 UTC;0;992,1;992,1;991,4;;15,2;11,4;16,9;15,2;12,9;8;85;57;78;191;1,5;,6;
2026/08/07;2100 UTC;0;992;992,1;991,7;;13,2;10,9;15,2;13,2;12,6;10,3;90;77;86;251;2,5;,9;
2026/08/07;2200 UTC;0;992,1;992,1;991,6;;11,6;10,6;13,1;11,6;11,2;10,2;94;84;93;221;2,5;,5;
2026/08/07;2300 UTC;0;992,5;992,5;992;;10,7;9,5;11,7;10,7;10,6;9,5;95;91;92;159;1,6;,4;
2026/08/08;0000 UTC;0;991,8;992,6;991,7;;9,8;9,3;10,7;9,8;9,9;9,1;97;93;97;263;2,2;,6;
2026/08/08;0100 UTC;0;991,4;991,7;991,2;;9,2;8,9;9,8;9,2;9,3;8,9;98;96;98;294;1,6;,7;
2026/08/08;0200 UTC;0;991,3;991,9;991,3;;9,4;9,4;9,5;9;9,5;8,7;100;98;100;302;1,9;,4;
2026/08/08;0300 UTC;0;991;991,4;991;;9,4;9,4;9,5;9,4;9,5;9,4;100;100;100;336;2;,5;
2026/08/08;0400 UTC;0;990,3;991;990,3;;8,9;8,9;9,5;8,9;9,5;8,9;100;100;100;7;1,5;,8;
2026/08/08;0500 UTC;0;989,9;990,5;989,8;;9,1;9,1;9,2;8,9;9,2;8,9;100;100;100;343;2,6;1,5;
2026/08/08;0600 UTC;0;988,7;989,9;988,6;;8,8;7,8;9,3;8,8;9,1;7,8;100;93;94;337;3,1;1,5;
2026/08/08;0700 UTC;0;988,4;988,8;988,3;;9,2;8,6;9,2;8,7;8,8;7,8;98;93;96;154;2,8;1;
2026/08/08;0800 UTC;0;988;988,5;987,8;;8,8;8,5;9,2;8,6;8,7;8,1;99;95;98;179;1,6;,8;
2026/08/08;0900 UTC;0;988,5;988,6;987,9;;8,7;8,6;8,9;8,5;8,6;8,2;99;97;99;348;1,4;,5;
2026/08/08;1000 UTC;0;988,8;988,9;988,5;;9,2;8,7;9,2;8,6;8,7;8,2;99;96;96;144;1,4;,8;
2026/08/08;1100 UTC;0;989;989;988,5;;9,5;9;9,5;9,1;9;8,6;99;96;97;136;1,6;,6;
2026/08/08;1200 UTC;0;988,5;988,7;988,3;;10,5;8,9;10,5;9,5;9,1;8,7;97;90;90;38;2;,2;
2026/08/08;1300 UTC;0;988,1;988,4;987,9;;11,8;9,2;11,8;10,7;9,8;9,1;93;84;84;134;2,1;1,1;
2026/08/08;1400 UTC;0;987;988,3;987;;13,3;10,1;13,3;11,8;10,3;9,3;88;80;81;96;3,3;1,3;
2026/08/08;1500 UTC;0;986,4;987;986,3;;14,7;11,3;14,7;13,2;11,5;10,1;86;79;80;135;3;1,4;
2026/08/08;1600 UTC;0;986,1;986,6;986;;14,5;11,7;14,7;14,3;12,1;11,2;85;80;83;128;2,8;,8;
2026/08/08;1700 UTC;0;985,9;986,3;985,5;;14,5;12,2;14,6;14,4;12,7;11,6;89;83;86;73;2,3;,8;
2026/08/08;1800 UTC;0;985,6;985,9;985,2;;14,8;13,1;14,8;14,5;13,1;12,1;90;85;90;92;2;,5;
2026/08/08;1900 UTC;0;985,7;985,9;985,5;;15,3;13,2;15,6;14,7;13,9;12,7;93;86;87;347;2,7;1,5;
2026/08/08;2000 UTC;0;986,6;986,8;985,6;;15,7;13,6;16,7;15,3;13,8;12,8;90;79;87;327;2,5;,3;
2026/08/08;2100 UTC;0;988,5;988,5;986,7;;13,5;11;15,6;13,5;13,7;10,5;92;79;85;251;2,6;1,4;
2026/08/08;2200 UTC;0;990,1;990,1;988,5;;14,4;12,9;14,4;13,4;12,9;10,2;91;80;91;293;3;1,1;
2026/08/08;2300 UTC;0;991,7;991,7;990,2;;13,6;12,6;14,3;13,5;12,9;12,1;94;88;94;3;2,3;,6;
2026/08/09;0000 UTC;0;992,4;992,5;991,5;;13,5;10,8;13,6;13,1;12,6;10,8;94;84;84;336;1,5;,6;
2026/08/09;0100 UTC;0;993,5;993,8;992,6;;12,7;11,1;13,5;12,7;11,4;9,7;90;78;90;277;1,1;,6;
2026/08/09;0200 UTC;0;994,6;994,8;993,4;;11,8;10,5;12,6;11,8;10,9;9,3;91;83;91;254;1,4;,6;
2026/08/09;0300 UTC;0;995,1;995,6;994,6;;10,5;9,8;11,8;10,5;10,3;9,5;95;88;95;254;1,8;,6;
2026/08/09;0400 UTC;0;995,4;995,6;995,1;;9,5;9;10,6;9,5;9,8;9;97;94;97;103;1,7;,3;
2026/08/09;0500 UTC;0;994,9;995,7;994,9;;9;8,6;9,5;9;9;8,4;97;95;97;306;1,6;,5;
2026/08/09;0600 UTC;0;995,4;995,4;994,8;;8;7,8;9;8;8,6;7,8;99;97;98;198;1,2;,4;
2026/08/09;0700 UTC;0;995,5;995,5;994,4;;8,5;8,5;8,6;7,8;8,6;7,6;100;98;100;302;1,7;1;
2026/08/09;0800 UTC;0;996,5;996,6;995,6;;8,5;8,5;8,7;8,5;8,7;8,5;100;100;100;23;2;,6;
2026/08/09;0900 UTC;0;997,8;997,9;996,5;;8,5;8,5;8,6;8,4;8,6;8,4;100;100;100;221;1,9;,6;
2026/08/09;1000 UTC;0;999,2;999,3;997,8;;8,4;8,3;8,7;8,4;8,7;8,2;100;99;99;280;1,7;,7;
2026/08/09;1100 UTC;0;999,6;999,7;999,1;;8,9;7,2;8,9;7,7;8,3;7,1;99;89;89;255;1,5;,6;
2026/08/09;1200 UTC;0;998,8;1000;998,8;;9,4;6,9;10,2;8,9;8;6,8;94;79;84;121;2,8;1,3;
2026/08/09;1300 UTC;0;999,7;999,9;998,5;;11,6;6,1;11,9;9,4;7,1;5,2;84;63;69;204;3,5;1,2;
2026/08/09;1400 UTC;0;999,7;1000,1;999,6;;13,6;5,2;13,6;11,5;6,3;4,2;69;55;57;50;3,6;1,4;
2026/08/09;1500 UTC;0;999,6;999,9;999,5;1982,2;15,3;4,5;15,5;13,7;5,8;3,7;55;48;49;6;3,4;1,6;
2026/08/09;1600 UTC;0;999,6;999,9;999,5;2494,7;15,4;3,9;16,1;14,7;7;2,8;58;43;46;224;3,8;1,3;
2026/08/09;1700 UTC;0;999,2;999,7;999,1;2206;16,4;3,3;16,7;15,3;5;2;50;38;42;315;3,6;,9;
2026/08/09;1800 UTC;0;999;999,4;998,8;2039,4;17,1;2,5;17,3;16,4;5,4;2,1;47;36;37;191;4,1;1,2;
2026/08/09;1900 UTC;0;999,3;999,3;998,9;1575,2;16,8;5,1;17,7;16,6;5,1;2,8;46;38;46;37;3,7;1,3;
2026/08/09;2000 UTC;0;1000;1000;999,3;834,5;13,7;4,7;16,9;13,7;6,7;2,5;61;39;54;312;2,6;,9;
2026/08/09;2100 UTC;0;1000,9;1000,9;1000;57,5;11,3;6,3;13,9;11,3;7,6;2,9;76;48;71;263;2,4;,9;
2026/08/09;2200 UTC;0;1001,7;1001,7;1000,9;0;10,5;5,2;11,3;10,2;6,8;3,8;76;62;70;242;2;,8;
2026/08/09;2300 UTC;0;1003;1003;1001,8;0;8,9;5,9;10,5;8,9;6,3;4,2;83;66;81;227;1,8;,3;
2026/08/10;0000 UTC;0;1003,5;1003,5;1003;0;7,8;6,3;8,9;7,8;6,7;5,6;91;82;90;194;1;,4;
2026/08/10;0100 UTC;0;1003,8;1004;1003,4;0;7,2;5,9;7,9;7,2;6,4;5,6;93;86;91;320;1,5;,6;
2026/08/10;0200 UTC;0;1004,7;1004,7;1003,8;0;6,4;5,9;7,3;6,4;6;5,7;96;92;96;289;1,3;,7;
2026/08/10;0300 UTC;0;1005,7;1005,7;1004,7;0;5,8;5,5;6,4;5,8;5,9;5,5;98;96;98;7;1,1;,1;
2026/08/10;0400 UTC;0;1005,8;1006,2;1005,7;0;5,9;5,9;5,9;5,5;5,9;5,3;100;98;100;318;1,3;,8;
2026/08/10;0500 UTC;0;1006,1;1006,2;1005,8;0;6;6;6;5,9;6;5,9;100;100;100;16;1,9;1;
2026/08/10;0600 UTC;0;1006,5;1006,5;1005,9;0;5,7;5,7;6;5,7;6;5,7;100;100;100;64;1,9;1;
2026/08/10;0700 UTC;0;1007,1;1007,1;1006,2;0;5,5;5,4;5,7;5,5;5,7;5,4;100;99;99;11;1,6;,7;
2026/08/10;0800 UTC;0;1007,5;1007,8;1007;0;5,4;5,3;5,6;5,3;5,5;5,1;100;99;100;59;2;1;
2026/08/10;0900 UTC;0;1008,7;1008,7;1007,4;0;5,1;4,8;5,4;5,1;5,3;4,8;100;97;98;33;2;,9;
2026/08/10;1000 UTC;0;1009,7;1010;1008,6;0;5;5;5,2;5;5,1;4,7;100;98;100;81;2;1,1;
2026/08/10;1100 UTC;0;1010,8;1010,8;1009,9;43,9;5;5;5,1;4,9;5,1;4,9;100;99;100;50;2,2;1,1;
2026/08/10;1200 UTC;0;1011,4;1011,4;1010,9;188,6;5,6;5,3;5,6;5;5,4;5;100;98;98;2;2;1;
2026/08/10;1300 UTC;0;1011,9;1012,2;1011,4;1204,4;8,9;6,7;8,9;5,6;6,7;5,2;98;84;86;83;2,7;1,5;
2026/08/10;1400 UTC;0;1011,5;1012,2;1011,5;2118,7;12,3;5,5;12,3;8,8;7,1;3,9;86;59;63;119;5,2;1,7;
2026/08/10;1500 UTC;0;1010,3;1011,5;1010,3;2405,7;13,6;4,1;13,6;12;5,8;2,4;65;48;53;317;3,8;2,6;
2026/08/10;1600 UTC;0;1009,6;1010,6;1009,6;2433;14,7;3,2;15,3;13,5;4,9;2,7;55;44;46;158;3,3;,9;
2026/08/10;1700 UTC;0;1008,9;1009,7;1008,9;2273,4;15,4;1;15,5;14,7;5,3;,2;53;35;38;232;4,3;1,5;
2026/08/10;1800 UTC;0;1007,8;1008,8;1007,7;1956,1;15,9;1,3;16,4;15,2;2,4;-1,1;40;31;37;52;2,9;,6;
2026/08/10;1900 UTC;0;1007,9;1008,1;1007,7;1434,8;15,3;1,4;16,1;15;2,2;-1;41;31;39;99;5,6;1,2;
2026/08/10;2000 UTC;0;1008,5;1008,6;1007,9;705,6;13,9;3,3;15,6;13,9;3,8;1,6;49;39;49;207;3,8;1,2;
2026/08/10;2100 UTC;0;1008,6;1008,9;1008,4;131,6;12,3;5,7;13,9;12,2;6;3,2;65;51;64;289;3,6;,8;
2026/08/10;2200 UTC;0;1009,1;1009,4;1008,6;0;11,5;7,3;12,2;11;7,3;4,9;76;62;76;193;5,7;1,6;
2026/08/10;2300 UTC;0;1009,8;1010,1;1009,2;0;11;5,8;11,3;11;7,1;5,7;75;69;70;152;2,8;1;
2026/08/11;0000 UTC;0;1010,7;1010,7;1009,8;0;10,3;6,2;11;10,3;6,5;5,7;76;70;76;226;3,2;,9;
2026/08/11;0100 UTC;0;1010,8;1011,2;1010,6;0;9,8;6,8;10;9,6;7;6;84;76;81;225;2,8;1;
2026/08/11;0200 UTC;0;1010,6;1011,2;1010,6;0;10;6,7;10,1;9,8;7,1;6,1;82;76;80;228;2,6;,9;
2026/08/11;0300 UTC;0;1010,6;1011,1;1010,5;0;10,3;5,5;10,5;9,9;7,4;5,4;84;71;72;174;4,4;1,4;
2026/08/11;0400 UTC;0;1009,9;1010,7;1009,9;0;9,7;6,3;10,4;9,7;6,7;5,4;80;71;79;205;4,6;1;
2026/08/11;0500 UTC;0;1009,1;1010;1009;0;9,4;6,3;9,6;9,3;6,8;5,8;84;77;81;216;2,6;1;
2026/08/11;0600 UTC;0;1008,3;1009,2;1008,3;0;9,1;5,6;9,4;9,1;6,1;5,3;81;77;79;233;3,4;,9;
2026/08/11;0700 UTC;0;1007,8;1008,5;1007,8;0;8,7;5,5;9,1;8,5;6,3;5,4;86;80;81;221;3,2;1;
2026/08/11;0800 UTC;0;1007,4;1007,9;1007,4;0;8,7;5,3;8,7;8,7;6;5,3;83;79;79;218;2,6;,9;
2026/08/11;0900 UTC;0;1007,4;1007,8;1007,2;0;8,4;5,5;8,7;8,4;6;5,3;84;80;82;213;3,7;1,1;
2026/08/11;1000 UTC;0;1008,1;1008,1;1007,4;0;8,2;5,7;8,4;8,2;5,8;5,2;84;80;84;243;3;1;
2026/08/11;1100 UTC;0;1008,2;1008,5;1007,8;56,7;8,4;5,8;8,4;8,1;5,9;5,4;86;82;84;231;2,9;,9;
2026/08/11;1200 UTC;0;1008,4;1008,5;1008,2;254,6;8,8;5,7;8,8;8,4;6;5,5;84;81;81;273;3;1,1;
2026/08/11;1300 UTC;0;1008,5;1008,6;1008,1;698,2;9,9;5,9;9,9;8,7;6,1;5,6;83;75;76;261;3,6;1,6;
2026/08/11;1400 UTC;0;1007,9;1008,7;1007,9;860;10,9;6,2;10,9;9,9;6,9;5,8;77;71;73;227;2,4;1,2;
2026/08/11;1500 UTC;0;1007,6;1008,2;1007,6;755,6;11,5;6,4;11,6;11;6,9;5,9;74;70;71;251;2,1;1;
2026/08/11;1600 UTC;0;1007,1;1007,6;1006,9;747,3;12,2;7,5;12,4;11,4;7,5;6,4;74;68;73;92;2,4;1,2;
2026/08/11;1700 UTC;0;1005,9;1007,1;1005,6;439,2;12,5;7,8;12,5;12,1;7,9;6,9;74;69;73;355;2,5;,8;
2026/08/11;1800 UTC;0;1005,3;1005,9;1004,9;317,8;12,6;8,2;12,8;12,4;8,5;7,2;76;70;75;284;1,4;1;
2026/08/11;1900 UTC;0;1004,3;1005,3;1004,3;145,2;12;9,9;12,6;12;10,3;8,1;88;74;87;260;1,5;,5;
2026/08/11;2000 UTC;0;1004,3;1004,6;1004,1;78,6;11,7;10,2;12;11,7;10,6;9,1;93;84;90;182;1,4;,6;
2026/08/11;2100 UTC;0;1004,7;1004,8;1004,2;16,2;11,5;10,3;11,7;11,5;10,6;10;94;89;93;201;1,3;,7;
2026/08/11;2200 UTC;,8;1005,2;1005,3;1004,6;0;10,9;10,5;11,5;10,9;10,8;10,1;98;91;97;218;1,4;,3;
2026/08/11;2300 UTC;0;1004,7;1005,2;1004,7;0;10,9;10,9;11;10,9;10,9;10,4;100;97;100;54;1,4;,6;
2026/08/12;0000 UTC;,2;1004,4;1004,9;1004,3;0;10,9;10,8;11;10,9;11;10,8;100;99;99;237;1,8;,5;
2026/08/12;0100 UTC;,2;1004,1;1004,5;1004,1;0;10,9;10,7;10,9;10,8;10,8;10,6;99;99;99;21;1,6;,3;
2026/08/12;0200 UTC;,2;1003,7;1004,3;1003,7;0;10,8;10,7;10,9;10,8;10,8;10,7;99;99;99;162;1,3;,4;
2026/08/12;0300 UTC;0;1002,6;1003,7;1002,6;0;10,8;10,8;10,9;10,8;10,8;10,7;100;99;100;309;1,2;,3;
2026/08/12;0400 UTC;,4;1001,6;1002,6;1001,6;0;10,9;10,8;10,9;10,7;10,9;10,7;100;99;99;169;2,3;,7;
2026/08/12;0500 UTC;,4;1001,1;1001,8;1000,9;0;10,9;10,8;11;10,9;10,9;10,7;100;99;100;332;1,8;1,1;
2026/08/12;0600 UTC;,2;999,7;1001;999,7;0;10,8;10,8;11;10,8;11;10,8;100;100;100;313;1,3;,7;
2026/08/12;0700 UTC;1;999,6;1000;999;0;11,1;11;11,1;10,8;11;10,8;100;100;100;347;1,9;,7;
2026/08/12;0800 UTC;3,8;998,3;999,6;998,3;0;11,1;11,1;11,1;10,9;11,1;10,9;100;100;100;204;2,2;1;
2026/08/12;0900 UTC;3,2;998,6;998,8;998,1;0;11,2;11,1;11,2;11,1;11,1;11;100;99;99;78;3,3;,8;
2026/08/12;1000 UTC;5;998,8;999,8;998,6;0;11,4;11,3;11,5;11,2;11,3;11,1;100;99;99;27;3,7;,8;
2026/08/12;1100 UTC;2,8;999,6;999,6;998,6;1;11,4;11,4;11,4;11,3;11,4;11,2;100;99;100;239;1,9;,6;
2026/08/12;1200 UTC;5,7;999,7;1000;999,4;18;11,5;11,5;11,5;11,4;11,5;11,4;100;100;100;6;3,2;,6;
2026/08/12;1300 UTC;4;999,3;1000;999,1;65,9;11,6;11,6;11,6;11,5;11,6;11,5;100;100;100;296;1,5;,8;
2026/08/12;1400 UTC;1,8;998,8;999,5;998,6;223,7;12,1;12,1;12,1;11,5;12,1;11,5;100;100;100;96;1,7;,6;
2026/08/12;1500 UTC;2,4;998,2;999,2;998,2;280,8;12,5;12,5;12,6;12,1;12,6;12;100;99;100;254;2,7;,9;
2026/08/12;1600 UTC;2,4;997,6;998,3;997,6;163,4;12,5;12,5;12,7;12,4;12,7;12,3;100;99;100;335;2;,8;
2026/08/12;1700 UTC;2;996,6;997,6;996,6;265,1;12,9;12,8;12,9;12,6;12,9;12,5;100;100;100;341;1,9;,7;
2026/08/12;1800 UTC;1,2;995,3;996,5;995,1;234,5;13,3;13,1;13,3;12,9;13,2;12,7;100;99;99;321;1,7;,6;
2026/08/12;1900 UTC;,8;994,3;995,3;994,3;220,1;13,7;13,4;13,7;13,3;13,5;12,9;99;97;98;4;1,7;,6;
2026/08/12;2000 UTC;0;994,1;994,5;994;146,3;13,7;13,7;13,9;13,7;13,7;13,4;100;98;100;120;,9;,4;
2026/08/12;2100 UTC;0;994,3;994,6;994;42;13,7;13,7;13,8;13,6;13,8;13,6;100;100;100;304;1;,5;
2026/08/12;2200 UTC;0;994,6;994,7;994,3;0;13,7;13,7;13,7;13,7;13,7;13,7;100;100;100;332;1,3;,4;
2026/08/12;2300 UTC;0;995;995,1;994,5;0;13,9;13,9;14;13,7;14;13,7;100;100;100;349;1,7;,7;
2026/08/13;0000 UTC;,2;994,9;995,3;994,7;0;14,1;14,1;14,1;13,9;14,1;13,9;100;100;100;325;2,3;1,2;
2026/08/13;0100 UTC;0;995,3;995,4;994,5;0;14,1;14,1;14,2;14,1;14,2;14,1;100;100;100;45;2,6;,5;
2026/08/13;0200 UTC;5,7;995,5;995,9;994,9;0;14,1;14,1;14,4;14;14,4;14;100;100;100;340;3,2;1,1;
2026/08/13;0300 UTC;1,6;995,6;996;995,1;0;14,3;14,3;14,3;14,1;14,3;14,1;100;100;100;318;2,9;1,5;
2026/08/13;0400 UTC;,4;995,4;996;995,2;0;14,4;14,4;14,6;14,4;14,6;14,4;100;100;100;342;2,9;,5;
2026/08/13;0500 UTC;0;995,2;995,6;995,1;0;14,9;14,9;14,9;14,3;14,9;14,3;100;100;100;165;2,8;,6;
2026/08/13;0600 UTC;5,7;994,9;996,5;994,9;0;14,6;14,6;14,9;14,4;14,9;14,4;100;100;100;354;3,1;,9;
2026/08/13;0700 UTC;4,8;994,4;995,5;994,4;0;14,8;14,8;14,9;14,6;14,9;14,6;100;100;100;307;2,6;,4;
2026/08/13;0800 UTC;2,4;993,5;995;993,3;0;14,8;14,8;15,1;14,7;15,1;14,7;100;100;100;189;4,6;1,9;
2026/08/13;0900 UTC;3;993,9;994,4;993,5;0;14,7;14,7;14,8;14,6;14,8;14,6;100;100;100;175;3,5;,7;
2026/08/13;1000 UTC;1,2;993,9;994,5;993,5;0;14,4;14,3;14,7;14,4;14,7;14,3;100;99;99;207;3,7;1;
2026/08/13;1100 UTC;4,4;995;995,5;993,8;,3;14,2;14;14,4;14,2;14,3;14;99;98;98;218;3,1;1,5;
2026/08/13;1200 UTC;1,6;997,4;997,5;995,2;36;14,2;14;14,3;14,2;14;13,9;99;97;98;222;3,8;1,3;
2026/08/13;1300 UTC;2,6;997,1;997,8;997,1;331,5;14,6;14,1;14,9;14,2;14,7;14;99;96;97;48;2,9;,9;
2026/08/13;1400 UTC;0;997,2;997,5;996,9;541,8;15,3;14,6;15,3;14,7;14,6;13,9;96;94;96;19;4,1;1,2;
2026/08/13;1500 UTC;0;997,4;997,7;997,1;367,7;15,5;14,8;15,6;15,2;14,9;14,2;96;93;95;129;3,1;,9;
2026/08/13;1600 UTC;0;997;997,7;997;299,9;15,3;14,5;15,7;15,3;15;14,4;95;92;95;147;3;,9;
2026/08/13;1700 UTC;0;996,5;997,2;996,5;192,4;15,3;14,6;15,3;15,1;14,7;14,3;96;94;95;139;2,7;,4;
2026/08/13;1800 UTC;0;996,3;996,8;996,3;153,7;15,5;15;15,5;15,3;15,1;14,5;97;94;97;42;1,5;,4;
2026/08/13;1900 UTC;0;996,5;996,7;996,3;155,7;15,5;15;15,6;15,5;15,2;14,9;98;96;97;348;1,1;,6;
2026/08/13;2000 UTC;0;996,8;997;996,4;91,3;15,5;15;15,6;15,4;15,1;14,7;97;96;97;330;1,5;,3;
2026/08/13;2100 UTC;0;997,5;997,5;996,8;25,9;15,7;15,3;15,7;15,5;15,3;14,9;98;96;98;101;1;,3;
2026/08/13;2200 UTC;0;998,3;998,6;997,5;0;15,3;14,9;15,7;15,3;15,4;14,9;99;97;97;284;2,1;,8;
2026/08/13;2300 UTC;0;999,2;999,2;998,3;0;14,8;14,5;15,3;14,8;14,8;14,4;98;97;98;239;3,3;1;
2026/08/14;0000 UTC;0;999,6;999,8;999,3;0;14,6;14,3;14,8;14,6;14,5;14,3;98;98;98;229;2,5;,7;
2026/08/14;0100 UTC;0;999,9;1000;999,5;0;14,6;14,1;14,7;14,6;14,3;13,9;98;96;97;289;2,4;,4;
2026/08/14;0200 UTC;0;999,9;1000,2;999,7;0;14,4;13,8;14,6;14,4;14,1;13,8;98;96;96;230;1,8;,7;
2026/08/14;0300 UTC;0;999,8;1000;999,6;0;14,3;13,6;14,4;14,2;14,1;13,6;98;95;95;249;2;1;
2026/08/14;0400 UTC;0;1000;1000;999,8;0;14,3;13,8;14,4;14,3;13,8;13,5;97;95;97;194;1,4;,4;
2026/08/14;0500 UTC;0;999,7;1000,3;999,7;0;14,1;13,5;14,3;14,1;13,8;13,5;97;96;96;218;2;,7;
2026/08/14;0600 UTC;0;999,2;999,8;999,1;0;13,9;13,6;14,1;13,9;13,7;13,4;98;96;98;228;3;,6;
2026/08/14;0700 UTC;0;998,9;999,3;998,9;0;13,9;13,5;13,9;13,8;13,5;13,3;98;97;98;236;1,7;,5;
2026/08/14;0800 UTC;0;999;999;998,8;0;13,8;13,4;13,9;13,8;13,5;13,3;98;97;97;241;1,4;,2;
2026/08/14;0900 UTC;0;999,4;999,5;998,9;0;13,8;13,2;13,9;13,8;13,5;13,2;98;96;96;157;2,4;,5;
2026/08/14;1000 UTC;0;999,9;1000;999,3;0;13,6;13;13,8;13,6;13,3;13;97;96;96;210;3,2;,8;
2026/08/14;1100 UTC;0;1000,4;1000,4;999,9;69;13,9;12,9;13,9;13,6;13,1;12,9;97;94;94;252;2;,9;
2026/08/14;1200 UTC;0;1001,1;1001,1;1000,4;550,1;15,3;13,7;15,3;13,9;13,7;12,7;95;88;90;256;2,2;,7;
2026/08/14;1300 UTC;0;1001,2;1001,5;1000,9;803,4;15,9;13,3;15,9;15,1;13,5;12,6;89;82;85;110;3,2;1;
2026/08/14;1400 UTC;0;1001,3;1001,6;1001,2;789,9;16,4;13,4;16,4;15,8;13,9;13;87;81;83;125;2,8;1,1;
2026/08/14;1500 UTC;0;1000,7;1001,3;1000,7;1098,8;17,2;13,7;17,2;16,4;14,2;13,2;84;80;80;115;3,5;,8;
2026/08/14;1600 UTC;0;1000;1001;1000;1320,1;17,7;14;17,7;17,2;14,8;13,5;84;77;79;129;3,9;1,1;
2026/08/14;1700 UTC;0;999,4;1000,1;999,4;1516,2;18,4;14,8;18,6;17,8;14,9;13,9;82;75;80;235;4,2;,9;
2026/08/14;1800 UTC;0;998,5;999,4;998,5;1362,6;18,1;14,6;19;18,1;15,2;14,1;81;74;80;248;4,2;1,2;
2026/08/14;1900 UTC;0;998,4;998,9;998,3;572,1;17,8;14,7;18,4;17,8;15,1;14,5;83;79;82;65;3,3;,8;
2026/08/14;2000 UTC;0;998;998,7;997,9;175,4;17,3;14,9;17,8;17,3;15,3;14,5;88;81;86;250;2,4;,8;
2026/08/14;2100 UTC;0;997,9;998,3;997,7;30,9;17,1;14,8;17,3;17,1;15,5;14,7;90;85;86;258;2,1;,8;
2026/08/14;2200 UTC;0;998,3;998,3;997,7;0;16,3;15,3;17,1;16,1;15,6;14,7;95;86;94;185;2,1;1,1;
2026/08/14;2300 UTC;0;998,2;998,7;998,1;0;16,2;15,4;16,6;16,2;15,6;14,8;96;90;95;343;2,1;,9;
2026/08/15;0000 UTC;0;997,8;998,9;997,8;0;15,8;15,3;16,3;15,8;15,5;15,2;97;93;96;239;2,1;,5;
2026/08/15;0100 UTC;0;998,3;998,8;997,7;0;15,6;15,3;16;15,6;15,3;15,1;98;95;98;198;3,2;1,8;
2026/08/15;0200 UTC;0;998,9;999,2;998,3;0;16;15,4;16,1;15,6;15,4;15,2;98;95;96;251;3,3;1,1;
2026/08/15;0300 UTC;0;999,7;1000,1;999;0;15,9;15,4;16,1;15,9;15,5;15,2;97;94;97;228;3,1;,3;
2026/08/15;0400 UTC;0;999;999,7;999;0;15,6;15,4;15,9;15,6;15,4;15,3;99;97;99;175;1,4;,3;
2026/08/15;0500 UTC;0;999,3;999,6;999;0;15,7;15,5;15,7;15,6;15,5;15,4;99;98;99;5;1,4;,5;
2026/08/15;0600 UTC;0;998,5;999,4;998,5;0;15,5;15,4;15,7;15,4;15,5;15,4;100;99;100;27;1,4;,8;
2026/08/15;0700 UTC;0;998,3;998,7;998,3;0;15,3;15,1;15,5;15,3;15,4;15,1;100;99;99;246;1,4;,4;
2026/08/15;0800 UTC;0;998,4;998,6;998,2;0;15,1;15,1;15,3;15,1;15,2;15,1;100;99;100;348;1,4;,4;
2026/08/15;0900 UTC;0;998,3;998,5;997,9;0;14,9;14,9;15,2;14,9;15,2;14,9;100;100;100;348;1,6;,7;
2026/08/15;1000 UTC;0;998,9;998,9;998,2;0;15;15;15,1;14,9;15,1;14,9;100;100;100;259;2,1;,3;
2026/08/15;1100 UTC;0;999,2;999,2;998,7;77;15,1;15,1;15,1;14,9;15,1;14,9;100;100;100;44;1,2;,4;
2026/08/15;1200 UTC;0;999,4;999,4;999,1;795;17,6;16;17,6;15,1;16;15;100;89;91;10;1,4;,5;
2026/08/15;1300 UTC;0;999,5;999,8;999,3;1205,4;19,3;16,5;19,3;17,3;16,8;15,3;93;83;84;77;2,7;,6;
2026/08/15;1400 UTC;0;998,6;999,5;998,5;2078,6;22,6;16,3;22,6;19,5;17,1;15,6;84;67;68;75;4,3;2,4;
2026/08/15;1500 UTC;0;997,9;998,5;997,9;2427,4;24,6;17,5;24,6;22,5;17,5;15,8;71;62;65;80;4,1;2;
2026/08/15;1600 UTC;0;997,2;997,9;996,9;2253,7;25,6;17;25,6;24,5;17,7;16,1;64;58;59;32;4;1,7;
2026/08/15;1700 UTC;0;996;997,2;995,9;2049,7;26,3;17,5;26,6;25,4;18,2;16,4;64;55;58;34;6,3;2,1;
2026/08/15;1800 UTC;0;995,3;996,1;995,3;1201,1;25,9;18;26,3;25,7;18,7;16,9;64;56;62;357;4,5;2,3;
2026/08/15;1900 UTC;0;994,6;995;994,6;695,7;25,7;17,6;26,1;25,6;18,6;17;65;58;61;66;3,6;1,4;
2026/08/15;2000 UTC;0;994,3;994,8;994,2;405,2;24,1;20,5;25,7;24,1;21,1;17,4;82;60;80;257;2,2;,5;
2026/08/15;2100 UTC;0;994,4;994,7;994,2;140,2;22,2;18,9;24,1;22,2;20,7;18,2;82;70;82;177;1,6;,4;
2026/08/15;2200 UTC;0;994,3;994,5;994,2;0;21,7;19,2;22,2;21,7;19,5;18,8;86;81;85;17;1,9;,6;
2026/08/15;2300 UTC;0;995,1;995,1;994,2;0;20,6;19;21,7;20,6;19,4;18,9;91;85;91;326;2;,8;
2026/08/16;0000 UTC;0;995,4;995,5;995,1;0;20,3;18,7;20,6;20,1;19;18,6;93;90;90;308;1,9;1;
2026/08/16;0100 UTC;0;995,7;995,9;995,4;0;20,6;17,9;20,6;20,3;18,5;17,9;89;85;85;320;1,8;,7;
2026/08/16;0200 UTC;0;996;997;995,4;0;20,4;17,2;20,9;19,7;18,2;17;89;79;82;30;4,8;1,8;
2026/08/16;0300 UTC;,2;996,1;996,8;995,8;0;18,8;18;20,6;18,8;18,1;17;95;80;95;334;6,1;1;
2026/08/16;0400 UTC;0;996,1;996,6;996;0;18,6;17,7;19,1;18,5;18;17,5;96;91;94;323;2,7;1;
2026/08/16;0500 UTC;0;995,9;996,1;995,6;0;18,4;17,5;18,7;18,4;17,7;17,4;95;93;95;332;1,8;,6;
2026/08/16;0600 UTC;0;995,5;996;995,5;0;18;17,4;18,3;17,7;17,6;17,4;99;95;96;314;2,7;,9;
2026/08/16;0700 UTC;0;994,7;995,6;994,6;0;17,8;17,3;18,4;17,7;17,4;17,3;98;93;97;334;2,5;1,1;
2026/08/16;0800 UTC;0;994;995;994;0;18,6;17,1;18,7;17,5;17,4;16,9;98;91;91;312;2,3;1;
2026/08/16;0900 UTC;0;994,2;994,3;993,9;0;18,8;17;19,1;18,2;17,3;16,7;94;87;90;11;2,2;1;
2026/08/16;1000 UTC;0;993,8;994,3;993,5;0;18,1;16,7;18,8;17,9;17,1;16,7;94;89;92;320;1,7;,6;
2026/08/16;1100 UTC;0;994,6;994,9;993,6;195,5;19;17;19,2;17,7;17,4;16,7;94;87;89;325;1,9;,9;
2026/08/16;1200 UTC;0;994,5;994,8;994,3;814,9;20,7;17,4;20,7;19;18,3;16,8;89;80;81;12;2,9;1,4;
2026/08/16;1300 UTC;0;994;994,8;993,9;1081,7;22,8;17,5;23;20,7;18,3;17,1;83;71;72;56;2,9;1,4;
2026/08/16;1400 UTC;0;994,5;994,5;994;1367,1;25,1;17,6;25,1;22,8;18,9;17,5;76;63;63;121;2,7;,7;
2026/08/16;1500 UTC;0;994,3;994,6;993,7;1156,3;25,2;19,6;25,4;24,8;19,6;17,4;73;62;71;237;2,8;,9;
2026/08/16;1600 UTC;0;993,7;994,3;993,7;914,3;25,3;18,9;25,3;24,2;20,4;18,5;78;66;68;242;3,4;,9;
2026/08/16;1700 UTC;0;992,9;993,6;992,9;1949,1;26,4;19,6;26,6;25,3;19,9;18,3;69;62;66;254;3,3;1,6;
2026/08/16;1800 UTC;0;992,3;992,8;992,2;2046;27,3;19,1;27,6;26,5;20;18,8;66;60;61;248;3,6;1,3;
2026/08/16;1900 UTC;0;991,7;992,3;991,6;1427,2;26,6;20;27,3;26,6;20,6;19,3;69;62;67;252;4,5;2,2;
2026/08/16;2000 UTC;0;991,5;991,8;991,5;741,5;25,1;20,5;27,1;25,1;21,3;20;76;67;76;228;3,4;1;
2026/08/16;2100 UTC;0;991,4;991,8;991,4;77,3;23,3;20;25;23,1;20,8;19,9;84;77;82;202;3;,7;
2026/08/16;2200 UTC;0;991,8;992,1;991,4;0;22,2;20;23,3;22,2;20,1;19,7;87;82;87;265;1,3;,5;
2026/08/16;2300 UTC;0;992,3;992,3;991,8;0;21,7;19,7;22,1;21,6;20,1;19,7;91;88;88;315;1,8;,6;
2026/08/17;0000 UTC;0;992,8;993,1;992,3;0;22,9;18,5;23,3;21,7;19,7;17,6;88;73;76;1;3,4;1,1;
2026/08/17;0100 UTC;0;993,2;993,2;992,8;0;21,7;17,9;22,7;21,7;18,6;17,8;80;74;79;342;3,2;,9;
2026/08/17;0200 UTC;0;993,7;993,9;993,2;0;21,3;17,7;22;21,3;18,2;17,6;81;77;80;345;2,5;,9;
2026/08/17;0300 UTC;0;994,2;994,4;993,7;0;20,9;17,7;21,3;20,8;18,1;17,6;83;80;82;351;1,7;,6;
2026/08/17;0400 UTC;0;994,1;994,5;994,1;0;20,5;17,5;20,9;20,4;18;17,5;85;82;83;338;1,8;,5;
2026/08/17;0500 UTC;0;994,5;994,6;994,1;0;20,4;17,6;20,8;20,4;17,8;17,4;85;82;84;324;2,1;,9;
2026/08/17;0600 UTC;0;994,1;994,7;994,1;0;20,3;17,7;20,5;20,3;17,7;17,5;85;83;85;327;1,9;1;
2026/08/17;0700 UTC;0;993,9;994,4;993,9;0;19,8;17,7;20,2;19,8;17,8;17,5;87;85;87;309;2;1,1;
2026/08/17;0800 UTC;0;993,9;994,1;993,7;0;19,6;17,6;20;19,6;17,6;17,4;88;86;88;315;1,9;1;
2026/08/17;0900 UTC;0;993,4;993,9;993,4;0;19,1;17,4;19,7;19,1;17,6;17,4;91;87;90;333;2,3;,8;
2026/08/17;1000 UTC;0;993,5;993,8;993,3;0;18,8;17,3;19,2;18,8;17,4;17,3;91;89;91;337;2,1;1;
2026/08/17;1100 UTC;0;993,6;993,6;993,4;193,3;20;17,8;20;18,2;17,8;17,3;95;86;87;355;2,2;,8;
2026/08/17;1200 UTC;0;994,2;994,2;993,5;809,8;21,3;18,3;21,3;19,8;18,7;17,6;90;81;83;343;2,1;1,2;
2026/08/17;1300 UTC;0;994,4;994,7;994,1;1408,9;24,1;18,5;24,1;21,4;19,2;17,7;82;70;71;354;2,6;1,1;
2026/08/17;1400 UTC;0;994,1;994,5;994,1;1723,1;26;19,1;26;24,2;19,7;18,3;73;65;66;358;2,8;1,3;
2026/08/17;1500 UTC;0;993,9;994,4;993,9;2398,4;28,5;20,1;28,9;26,1;20,9;19;69;57;60;18;3;1,4;
2026/08/17;1600 UTC;0;992,9;993,9;992,9;1916,6;29,6;21,5;29,6;28,5;21,8;20;63;58;62;2;2,8;1;
2026/08/17;1700 UTC;0;991,7;992,8;991,7;1770,4;30,7;21;30,7;29,7;22,2;20,4;61;56;56;13;2,4;,9;
2026/08/17;1800 UTC;0;990,8;991,6;990,7;1920,3;33,1;18,5;33,2;30,8;22;18,5;58;42;42;355;3,4;1,7;
2026/08/17;1900 UTC;0;990,3;990,9;990,3;1388,5;33;20,2;33,6;32,8;21,8;17,7;52;40;47;346;3,7;1,1;
2026/08/17;2000 UTC;0;990,6;990,7;990,3;755,5;29,7;20,8;33,1;29,7;22,6;18,2;59;41;59;244;4,1;1,6;
2026/08/17;2100 UTC;0;991,5;991,7;990,7;85,6;25,5;20,3;29,5;25,5;21,6;20,3;73;61;73;200;5,5;1,3;
2026/08/17;2200 UTC;0;992,2;992,4;991,6;,1;23;19,9;25,5;23;20,5;19,5;82;73;82;233;4,4;1,3;
2026/08/17;2300 UTC;0;992,8;992,9;992,2;0;22;19,3;23;22;19,9;19;85;81;85;250;4,1;1;
2026/08/18;0000 UTC;0;993,2;993,2;992,8;0;20,9;19;21,9;20,9;19,3;19;89;84;88;222;2,9;,5;
2026/08/18;0100 UTC;0;993,6;993,6;993,2;0;20,5;19;20,8;20,5;19,2;18,9;92;89;92;266;2;,5;
2026/08/18;0200 UTC;0;993,1;993,5;993,1;0;19,7;18,8;20,4;19,7;19;18,8;95;92;95;162;1,1;,4;
2026/08/18;0300 UTC;0;993,2;993,5;993,1;0;19,5;18,9;19,7;19,5;19;18,8;97;95;96;73;,8;,2;
2026/08/18;0400 UTC;0;993,3;993,5;993,2;0;19,8;19;19,8;19,4;19,1;18,8;98;95;96;289;2,2;,6;
2026/08/18;0500 UTC;0;993,1;993,6;993,1;0;19,3;19;19,8;19,2;19,1;18,8;98;96;98;331;2,2;,8;
2026/08/18;0600 UTC;0;992,8;993,3;992,8;0;19,2;18,9;19,6;19,1;19,2;18,7;98;97;98;319;2;1,3;
2026/08/18;0700 UTC;0;992,9;993,1;992,7;0;19,4;19;19,6;19,2;19,3;18,8;99;97;97;5;2,7;1,1;
2026/08/18;0800 UTC;0;993;993,3;992,8;0;19,1;19;19,4;18,8;19,1;18,6;100;97;99;344;2,3;,7;
2026/08/18;0900 UTC;0;993,8;993,9;992,9;0;19,1;19;19,1;18,9;19,1;18,7;100;99;99;187;1,7;,7;
2026/08/18;1000 UTC;0;994,5;994,8;993,8;0;19;18,8;19,4;18,8;19,1;18,6;99;97;99;296;2,9;,4;
2026/08/18;1100 UTC;0;995;995,1;994,5;101,4;19,5;19;19,5;19;19;18,7;99;97;97;80;1,4;,3;
2026/08/18;1200 UTC;0;995,2;995,4;995;502,5;20,9;19,4;21,2;19,5;19,6;18,9;97;88;91;347;2,7;,9;
2026/08/18;1300 UTC;0;994,9;995,5;994,9;1383;23,1;19,3;23,1;20,7;19,9;19,1;93;79;79;18;2,2;1,1;
2026/08/18;1400 UTC;0;994,4;995;994,4;1945,7;25,6;19,9;25,6;23,1;21;19;80;71;71;6;2,6;1,4;
2026/08/18;1500 UTC;0;993,8;994,6;993,8;2334,8;27,8;20,4;27,8;25,6;21,2;20,1;74;64;64;83;2,8;1;
2026/08/18;1600 UTC;0;993,2;993,8;993,2;2139,8;31,7;21,8;31,9;29,6;22,6;19,5;65;48;56;170;3,4;1;
2026/08/18;1700 UTC;0;993;993,4;992,9;1525,4;30,9;18,8;32,4;29,5;23,6;18,8;63;48;48;227;6,4;2,3;
2026/08/18;1800 UTC;0;992,6;993;992,6;1810,3;33,1;19,7;33,2;30,7;22;17,1;55;39;45;18;7,5;1,5;
2026/08/18;1900 UTC;0;992,8;992,9;992,6;1066,1;29,8;20,9;33,1;29,6;22;17,2;63;40;59;249;6,1;1,5;
2026/08/18;2000 UTC;0;992,9;993;992,6;601,5;28,7;22,7;30,7;28,1;23,1;18,1;71;49;70;278;4,2;,7;
2026/08/18;2100 UTC;0;993,4;993,7;992,9;116,5;25,5;21,8;28,7;25,5;23,4;20;81;67;80;308;1,4;,6;
2026/08/18;2200 UTC;0;994,5;994,5;993,4;0;24,9;20,9;25,7;24,8;22,1;20,3;81;75;79;319;1,5;,8;
2026/08/18;2300 UTC;0;995,5;995,5;994,5;0;23,8;21,2;25,1;23,8;21,7;20,8;86;79;85;249;4,8;1,1;
2026/08/19;0000 UTC;0;996,4;996,6;995,6;0;22,5;20,5;23,7;22,5;21,2;20,3;89;83;88;196;4,1;,9;
2026/08/19;0100 UTC;0;996,8;997;996,3;0;21,3;20,1;22,5;21,3;20,5;20,1;93;87;93;285;2,5;,4;
2026/08/19;0200 UTC;0;996,8;997,1;996,7;0;20,9;20,1;21,4;20,8;20,2;20;96;92;95;256;1,8;1;
2026/08/19;0300 UTC;0;997,5;997,6;996,8;0;20,9;20,2;21,1;20,9;20,4;20,1;96;94;96;287;1,8;,3;
2026/08/19;0400 UTC;0;997,4;997,7;997,3;0;20,6;20,3;20,9;20,4;20,3;20,1;98;96;98;204;1,9;,4;
2026/08/19;0500 UTC;0;997,3;997,8;997,2;0;20,7;20,3;20,8;20,5;20,3;20,2;98;97;98;240;1,4;,6;
2026/08/19;0600 UTC;0;997,3;997,6;997,2;0;21;20,2;21;20,6;20,3;20,1;98;95;95;26;1,6;,7;
2026/08/19;0700 UTC;0;997;997,4;997;0;21,2;20,1;21,3;21;20,2;19,7;95;91;93;267;1,7;,5;
2026/08/19;0800 UTC;0;997,2;997,2;996,7;0;20,8;20;21,2;20,8;20,2;19,9;96;93;95;343;1,2;,3;
2026/08/19;0900 UTC;0;997,6;997,9;996,9;0;20,3;19,8;20,8;20,2;19,9;19,7;97;95;97;295;1,6;,4;
2026/08/19;1000 UTC;0;998,2;998,3;997,6;0;20,1;19,8;20,4;20,1;19,9;19,7;98;96;98;310;2,9;,9;
2026/08/19;1100 UTC;0;999;999;997,9;79,1;20,5;19,9;20,5;19,9;19,9;19,6;99;97;97;288;2,1;,7;
2026/08/19;1200 UTC;0;999,1;999,6;998,7;172,3;20,9;20,1;20,9;20,2;20,2;19,8;98;95;96;249;3,1;1,2;
2026/08/19;1300 UTC;0;1000;1000,1;999,2;103,7;21,1;20,2;21,2;20,5;20,3;20;97;94;94;251;3,3;,8;
2026/08/19;1400 UTC;0;999,9;1000,3;999,7;399,9;21,3;20;21,7;21,1;20,3;20;95;90;93;260;3,5;1,1;
2026/08/19;1500 UTC;0;999,3;1000,1;999,3;219,8;21,2;20;21,2;21;20,1;19,8;94;92;93;274;3,7;,7;
2026/08/19;1600 UTC;0;998,8;999,3;998,8;363,3;21,1;19,7;21,7;21;20,3;19,7;93;90;92;255;2,4;1,4;
2026/08/19;1700 UTC;0;998,5;999,2;998,5;185,2;21;19,9;21,2;20,9;20;19,6;94;91;93;219;2,5;,6;
2026/08/19;1800 UTC;,4;998,3;998,6;998;382,6;21;20,4;21,3;21;20,7;19,8;96;92;96;43;2,1;,7;
2026/08/19;1900 UTC;0;998,1;998,3;997,9;428;21,1;20,1;21,6;21;20,8;19,9;97;92;94;221;2,9;,9;
2026/08/19;2000 UTC;0;997;998;996,8;317,4;20,5;19,5;21,6;20,5;20,5;19,5;95;91;94;243;4,2;1,7;
2026/08/19;2100 UTC;0;997,1;997,2;996,7;76,7;19,8;18,8;20,5;19,8;19,5;18,8;95;93;94;225;4,4;1,4;
2026/08/19;2200 UTC;0;997,2;997,6;997,1;0;19,6;18,6;19,8;19,6;18,9;18,5;95;93;94;223;3,8;,8;
2026/08/19;2300 UTC;0;997,7;998;997,2;0;19,3;18,5;19,6;19,3;18,6;18,4;96;94;95;218;2,6;,9;
2026/08/20;0000 UTC;0;998;998,1;997,5;0;19,2;18,3;19,3;19,2;18,6;18,3;96;94;95;204;2,7;,9;
2026/08/20;0100 UTC;0;997,6;997,9;997,6;0;18,9;18,1;19,2;18,9;18,4;18,1;95;94;95;197;2,2;1;
2026/08/20;0200 UTC;0;997,2;997,8;997,2;0;18,4;17,8;18,9;18,4;18,2;17,8;96;95;96;230;3,3;1;
2026/08/20;0300 UTC;0;996,2;997,2;996,2;0;17,8;17,6;18,4;17,8;17,8;17,5;98;96;98;227;4,1;,8;
2026/08/20;0400 UTC;0;995,6;996,2;995,6;0;17,3;17,2;17,8;17,3;17,6;17,2;100;98;100;242;3,4;1,7;
2026/08/20;0500 UTC;0;994,6;995,8;994,5;0;17,4;17,3;17,5;17,3;17,4;17,2;100;100;100;277;2,9;1,1;
2026/08/20;0600 UTC;0;993,3;994,6;993,1;0;17,4;17,4;17,5;17,4;17,5;17,3;100;100;100;311;1,5;,5;
2026/08/20;0700 UTC;0;992,5;993,3;992,4;0;17,4;17,4;17,4;17,2;17,4;17,2;100;100;100;321;2,3;,6;
2026/08/20;0800 UTC;0;992,2;992,6;992;0;17,4;17,4;17,4;17,3;17,4;17,3;100;100;100;56;1,3;,4;
2026/08/20;0900 UTC;0;991,1;992,4;991,1;0;17,3;17,3;17,4;17,3;17,4;17,3;100;100;100;337;2,9;1,4;
2026/08/20;1000 UTC;0;991,5;991,8;991;0;17,4;17,4;17,5;17,3;17,5;17,3;100;100;100;348;3,5;,9;
2026/08/20;1100 UTC;0;992;992,4;991,5;70,3;17,7;17,7;17,7;17,4;17,7;17,4;100;100;100;116;3,3;1,4;
2026/08/20;1200 UTC;0;992,4;992,5;992;182,6;18,3;18,3;18,3;17,6;18,3;17,6;100;100;100;353;3;1;
2026/08/20;1300 UTC;,2;992,9;992,9;992,3;256,6;19,2;19,1;19,2;18,3;19,1;18,3;100;99;100;281;2,2;,9;
2026/08/20;1400 UTC;1,4;993,2;993,4;992,7;348;18,8;17,3;20,4;18,8;19,4;16,6;100;84;90;303;6,5;1,4;
2026/08/20;1500 UTC;,8;992,4;993,2;992,2;541,5;19,5;17,9;19,5;18,5;18,1;16,9;96;87;90;325;4,7;1,4;
2026/08/20;1600 UTC;,4;991,5;992,4;991,1;732,4;20;17,2;20;19;18,4;16,9;94;84;84;330;3,4;1,7;
2026/08/20;1700 UTC;0;990,5;991,5;990,4;863,6;20,5;17,2;20,5;19,7;18,4;16,9;90;80;82;231;3,3;,8;
2026/08/20;1800 UTC;0;990,4;990,6;990,2;846,2;20,3;16;20,5;19,8;17,9;15,2;85;74;76;347;4,1;1,5;
2026/08/20;1900 UTC;0;990,5;990,7;990,3;570;20,1;15;20,3;20;17;15;82;72;73;307;3;,6;
2026/08/20;2000 UTC;0;990,6;990,9;990,5;422,1;19,7;15,7;20,1;19,7;16,9;14,5;82;71;78;10;4,2;,5;
2026/08/20;2100 UTC;0;990,8;991,1;990,6;115,9;18,2;13,6;19,6;17,9;15,6;13,3;80;71;75;292;5;2,1;
2026/08/20;2200 UTC;0;991,7;991,9;990,8;,5;17,3;13,8;18,1;16,7;14,7;12,9;86;74;80;333;3,6;1,1;
2026/08/20;2300 UTC;0;992,7;992,8;991,7;0;17,3;12,3;17,4;16,3;13,9;11,6;84;69;73;272;4,4;1,1;
2026/08/21;0000 UTC;0;993,2;993,5;992,7;0;16,8;10,9;17,3;16,6;12,9;10,4;77;66;68;153;5,5;1,5;
2026/08/21;0100 UTC;0;994,2;994,3;993,4;0;15,6;10;16,5;15,6;11,9;9,8;76;67;69;324;5,8;2,8;
2026/08/21;0200 UTC;0;994,4;994,8;994,2;0;14,2;8,8;15,6;14,2;10,6;8,7;73;68;70;289;8,5;,7;
2026/08/21;0300 UTC;0;994,8;995,3;994,3;0;13,9;8,5;14,2;13,9;9,5;8,4;74;69;70;269;6,4;1,2;
2026/08/21;0400 UTC;0;995;995,1;994,6;0;13,8;8,6;14;13,8;9,1;8,4;73;69;71;308;6,2;2,2;
2026/08/21;0500 UTC;0;995,1;995,1;994,7;0;13,5;9,2;13,9;13,5;9,6;8,6;77;71;75;315;6,3;1,6;
2026/08/21;0600 UTC;0;995;995,1;994,7;0;13,3;9,6;13,5;13,3;9,7;8,9;79;74;78;145;4,5;1,2;
2026/08/21;0700 UTC;0;995,4;995,4;995;0;12,4;10,7;13,4;12,4;11;9,4;91;77;89;194;2,7;,4;
2026/08/21;0800 UTC;0;995,1;995,6;995,1;0;12,6;10,7;12,6;12,4;11,2;9,9;91;85;88;193;1,4;,6;
2026/08/21;0900 UTC;0;996,2;996,2;995,1;0;12,7;10,8;12,7;12,4;11,3;10,3;92;86;88;193;,7;,6;
2026/08/21;1000 UTC;0;996,3;996,4;995,9;,2;11,4;10,4;12,7;11,4;11,5;10,1;94;84;94;193;,7;,6;
2026/08/21;1100 UTC;0;996,5;996,5;996,3;,1;11,3;10,4;11,3;11,3;10,5;10,4;95;94;94;117;1,8;,8;
2026/08/21;1200 UTC;0;996,5;;;;11,3;10,4;;;;;;;94;117;1,2;,8;
2026/08/21;1300 UTC;0;998,2;998,5;998;1945,5;16;6,6;16,2;15,9;8,7;6,6;62;54;54;314;6,7;1,6;
2026/08/21;1400 UTC;0;998,5;998,7;998,1;2400,4;16,7;6,4;17,2;15,8;8,2;6;60;50;50;287;6,1;1,7;
2026/08/21;1500 UTC;0;998,8;999,1;998,4;2319,5;17,1;7,5;17,6;16,7;8,5;6,5;57;49;53;22;4,5;1,4;
2026/08/21;1600 UTC;0;998,6;999;998,4;2150,9;15,9;9;18,5;15,9;9,8;7,1;65;50;63;120;6,1;2,2;
2026/08/21;1700 UTC;0;998,4;998,8;998,4;1793,3;16,9;9,3;17,2;15,8;10,2;8,7;66;59;61;75;4,8;1,3;
2026/08/21;1800 UTC;0;997,9;998,4;997,9;1361,4;17,7;9,8;17,7;16,7;10,1;7,8;63;54;60;20;4,2;1,5;
2026/08/21;1900 UTC;0;998,8;998,9;997,9;559,4;15,7;10,2;17,6;15,7;10,9;9;71;57;70;141;3,3;3;
2026/08/21;2000 UTC;0;999,8;999,9;998,9;486,8;14,8;10,9;16;14,8;11;9,7;77;67;77;16;2,7;,9;
2026/08/21;2100 UTC;0;1000;1000,2;999,8;71,1;13,2;10,8;14,8;13,1;11,5;9,6;86;73;85;16;1,7;,9;
2026/08/21;2200 UTC;0;1000,4;1000,7;999,9;,4;11,8;10,4;13,1;11,8;10,7;10;91;84;91;280;1,7;,7;
2026/08/21;2300 UTC;0;1001,2;1001,4;1000,5;0;11,2;10,2;11,9;11,2;10,5;9,9;94;89;94;227;1,1;,6;
2026/08/22;0000 UTC;0;1001,7;1001,8;1001,2;0;10,5;9,8;11,3;10,5;10,1;9,8;96;91;95;127;1,1;,6;
2026/08/22;0100 UTC;0;1002;1002,2;1001,8;0;9,9;9,4;10,7;9,9;9,9;9,4;97;94;97;;;;
2026/08/22;0200 UTC;0;1002,5;1002,5;1001,9;0;10,3;10;10,3;9,8;10;9,4;98;97;98;;;;
2026/08/22;0300 UTC;0;1002,6;1002,7;1002,5;0;10,1;9,8;10,6;10,1;10,3;9,7;98;97;98;;;;
2026/08/22;0400 UTC;0;1002,4;1002,6;1002,3;0;10,2;9;10,2;9,9;9,9;8,5;99;90;92;;;;
2026/08/22;0500 UTC;0;1002,5;1002,8;1002,3;0;9,6;7,7;10,2;9,6;9,2;6,6;93;80;88;236;1,9;,9;
2026/08/22;0600 UTC;0;1002,3;1002,9;1002,2;0;8,7;7,3;9,7;8,7;7,9;6,3;91;80;91;168;2,2;,6;
2026/08/22;0700 UTC;0;1002,1;1002,3;1002,1;0;7,9;7,2;8,7;7,9;7,6;6,8;96;89;95;282;2;,2;
2026/08/22;0800 UTC;0;1002,2;1002,5;1002,1;0;7,3;6,8;7,9;7,3;7,3;6,6;97;94;96;215;1,4;,7;
2026/08/22;0900 UTC;0;1002,9;1002,9;1002,3;0;7,1;6,8;7,4;6,8;6,9;6,5;99;96;98;259;1,7;,6;
2026/08/22;1000 UTC;0;1003,5;1003,5;1002,9;,7;6,9;6,7;7,3;6,9;7,2;6,6;99;97;99;254;1,7;,6;
2026/08/22;1100 UTC;0;1004,4;1004,4;1003,5;82,6;8;7,9;8;6,9;7,9;6,7;100;99;99;47;1,7;,7;
2026/08/22;1200 UTC;0;1004,9;1005,1;1004,4;431,3;9,4;5,8;9,4;8;7,9;5,4;99;78;78;141;3,2;1,5;
2026/08/22;1300 UTC;0;1005,3;1005,4;1005,3;1067,8;10,4;4,8;10,6;10;5,4;4,7;73;67;68;0;0;0;
2026/08/22;1400 UTC;0;1005,1;1005,4;1005;1661,5;11,6;4,5;12,4;10,4;5,5;4,4;70;59;62;166;3,7;1,2;
2026/08/22;1500 UTC;0;1004,4;1005,3;1004,4;2614,6;13;3,8;13;11,4;5,2;3,8;65;53;53;133;5,7;2,6;
2026/08/22;1600 UTC;0;1003,3;1004,4;1003,3;1725,3;13,1;3,8;13,2;12;4,8;3,5;61;52;53;277;4,4;1,5;
2026/08/22;1700 UTC;0;1002,2;1003,5;1002,2;2666,8;15,6;5,7;16;13;6,1;3,6;56;47;52;;;;
2026/08/22;1800 UTC;0;1001,4;1002,4;1001,4;2335,5;15,9;4,2;16,1;15,2;5,9;3,5;52;43;46;;;;
2026/08/22;1900 UTC;0;1001,1;1001,4;1000,9;1773,3;16,1;3,4;16,7;15,6;5,7;3,1;51;41;43;;;;
2026/08/22;2000 UTC;0;1001;1001,2;1000,9;946,6;14;5,4;16,7;14;6,8;3,4;60;42;56;;;;
2026/08/22;2100 UTC;0;1001,5;1001,6;1000,9;61,3;12,2;5,4;13,9;12,1;7,1;4,9;69;57;63;;;;
2026/08/22;2200 UTC;0;1001,7;1001,8;1001,2;,5;9,6;4,8;12,1;9,6;7,2;4,8;81;66;72;247;3,2;,9;
2026/08/22;2300 UTC;0;1002,4;1002,4;1001,7;0;8,6;5,5;9,8;8,5;6,3;4,2;84;70;81;289;2,7;,7;
2026/08/23;0000 UTC;0;1003,2;1003,2;1002,4;0;7,4;5,5;8,6;7,4;5,8;4,4;88;76;88;283;1,9;,3;
2026/08/23;0100 UTC;0;1003,4;1003,7;1003,3;0;7;6;7,3;6,9;6,1;5,3;94;87;93;198;1,8;1,2;
2026/08/23;0200 UTC;0;1003,4;1003,5;1003,4;0;6;5,2;7;6;6;5,2;95;89;95;281;1,5;,5;
2026/08/23;0300 UTC;0;1003,4;1003,4;1003,2;0;5,4;4,9;5,7;5,4;5,1;4,9;96;95;96;176;1;,2;
2026/08/23;0400 UTC;0;1003,5;1003,6;1003,3;0;4,9;4,6;5,5;4,9;4,9;4,6;98;96;98;299;,9;,4;
2026/08/23;0500 UTC;0;1003,5;1003,6;1003,4;0;4,7;4,5;5,1;4,6;4,9;4,3;99;98;99;304;,9;,4;
2026/08/23;0600 UTC;0;1003,4;1003,6;1003,2;0;5,4;5,3;5,5;4,7;5,5;4,6;100;99;100;305;2,2;,8;
2026/08/23;0700 UTC;0;1003,3;1003,4;1003,2;0;5,3;5,3;5,6;5,3;5,6;5,3;100;100;100;36;1,9;,8;
2026/08/23;0800 UTC;0;1003,4;1003,7;1003,3;0;4,9;4,9;5,3;4,7;5,3;4,7;100;100;100;318;2,5;,9;
2026/08/23;0900 UTC;0;1003,7;1004;1003,3;0;4,7;4,5;5;4,7;5;4,5;100;98;98;359;2,1;1,2;
2026/08/23;1000 UTC;0;1004,3;1004,4;1003,7;0;4,5;4,3;4,7;4,5;4,5;4,2;99;98;98;5;2,5;1,4;
2026/08/23;1100 UTC;0;1005,1;1005,1;1004,3;60,4;4,8;4,3;4,8;4,4;4,4;4,1;99;96;97;358;2,4;1,2;
2026/08/23;1200 UTC;0;1005,6;1005,7;1005,1;288,1;5,5;4,3;5,5;4,8;4,6;4,1;97;92;92;28;2,3;1;
2026/08/23;1300 UTC;0;1005,7;1006;1005,6;1662,4;8,8;5,1;8,8;5,5;5,4;3,9;93;76;78;19;2,7;2;
2026/08/23;1400 UTC;0;1005,5;1005,9;1005,5;2496,4;11,4;5,5;11,4;8,5;6,2;4,6;79;65;67;;;;
2026/08/23;1500 UTC;0;1004,9;1005,6;1004,9;2826,6;13;2,6;13,3;11,2;6,6;,4;71;44;49;;;;
2026/08/23;1600 UTC;0;1003,9;1004,9;1003,9;2959,2;14,7;2,4;14,7;12,8;3,6;1,9;50;43;43;;;;
2026/08/23;1700 UTC;0;1003,1;1004;1003,1;2803,4;15,5;2,2;15,9;14,4;4;1,4;47;40;41;;;;
2026/08/23;1800 UTC;0;1002,7;1003,1;1002,6;2359,8;16,5;3;16,7;15,3;3,7;1,7;45;39;40;;;;
2026/08/23;1900 UTC;0;1002,2;1002,7;1002,2;1794,6;16,8;3,9;17,3;16,4;4,6;2,4;44;38;42;;;;
2026/08/23;2000 UTC;0;1002,4;1002,4;1002;987;15,3;5;17,1;15,3;6,2;2,7;54;39;50;;;;
2026/08/23;2100 UTC;0;1002,9;1002,9;1002,4;60,7;11,8;7;15,1;11,8;7,1;4,2;73;50;73;;;;
2026/08/23;2200 UTC;0;1003,2;1003,2;1002,6;,5;10,3;5,7;11,7;10,2;6,7;3,5;75;62;73;216;2,7;,7;
2026/08/23;2300 UTC;0;1004,4;1004,4;1003,2;0;8,6;5,3;10,2;8,6;6,1;4,1;83;68;80;266;1,5;,4;
2026/08/24;0000 UTC;0;1004,9;1005,2;1004,4;0;7,8;5,6;8,9;7,8;6;5,2;87;79;86;311;1,4;,6;
2026/08/24;0100 UTC;0;1004,8;1005;1004,8;0;6,8;5,3;7,8;6,7;5,7;5,2;92;86;90;295;1,4;,9;
2026/08/24;0200 UTC;0;1004,4;1004,8;1004,3;0;5,9;5,3;6,8;5,9;5,3;5,1;96;89;96;315;1,3;,3;
2026/08/24;0300 UTC;0;1004,8;1004,9;1004,4;0;5,6;5,2;6;5,6;5,5;4,9;98;94;97;311;1,6;,3;
2026/08/24;0400 UTC;0;1005;1005,1;1004,6;0;5,4;5,4;5,6;5,2;5,4;4,5;100;94;100;270;2;,5;
2026/08/24;0500 UTC;0;1004,4;1004,9;1004,3;0;5,1;5,1;5,4;5;5,4;5;100;100;100;313;2;1,2;
2026/08/24;0600 UTC;0;1004,1;1004,5;1004,1;0;4,9;4,7;5,2;4,9;5,2;4,7;100;98;98;265;1,7;,4;
2026/08/24;0700 UTC;0;1003,9;1004,3;1003,9;0;4,6;4,6;5;4,6;4,9;4,6;100;98;100;307;2;1,4;
2026/08/24;0800 UTC;0;1003,9;1004;1003,7;0;4,6;4,6;4,8;4,6;4,8;4,6;100;100;100;88;2,4;1,2;
2026/08/24;0900 UTC;0;1004,7;1004,7;1003,8;0;4,4;4,4;4,6;4,2;4,6;4,2;100;100;100;91;2,3;1;
2026/08/24;1000 UTC;0;1005,8;1005,8;1004,7;0;4,4;4,4;4,5;4,3;4,4;4,3;100;100;100;33;2,5;1,1;
2026/08/24;1100 UTC;0;1006,2;1006,2;1006,2;149,2;4,6;4,4;4,6;4,6;4,4;4,3;98;98;98;356;2,4;1,8;
2026/08/24;1200 UTC;0;1006,6;1006,6;1006,1;280,3;5,4;4,6;5,4;4,6;4,6;4,1;98;94;94;337;2,3;,8;
2026/08/24;1300 UTC;0;1006,5;1006,9;1006,5;673,8;7;5,2;7;5,4;5,5;4,5;95;88;88;96;1,8;,9;
2026/08/24;1400 UTC;0;1005,8;1006,8;1005,8;2073,1;10,9;6,2;10,9;6,9;6,8;4,9;89;73;73;;;;
2026/08/24;1500 UTC;0;1005,1;1006,1;1005,1;2762,7;13,4;6,2;13,4;10,6;7,1;5,8;77;62;62;;;;
2026/08/24;1600 UTC;0;1003,4;1005,3;1003,4;2922,5;15,2;6,2;15,2;13,3;7,1;5,7;64;53;55;;;;
2026/08/24;1700 UTC;0;1002,2;1003,4;1001,9;2470,7;16,8;7;16,8;15,2;7,8;6,1;57;52;52;;;;
2026/08/24;1800 UTC;0;1001,1;1001,9;1000,9;2216,6;16,9;7,7;17,4;16,4;8,2;6,9;57;52;55;;;;
2026/08/24;1900 UTC;0;1000,8;1001,1;1000,7;1233,6;16,1;8;17,5;16,1;8,9;7,2;60;52;58;;;;
2026/08/24;2000 UTC;0;1000,8;1000,9;1000,6;504,4;14,6;7,9;16,1;14,6;8,8;7,5;65;58;64;;;;
2026/08/24;2100 UTC;0;1001,1;1001,4;1000,6;121,8;12,9;8,3;14,5;12,9;8,9;7,5;75;63;74;;;;
2026/08/24;2200 UTC;0;1001,3;1001,4;1001;,1;11,2;8,6;12,9;11,2;8,8;7,6;84;71;84;;;;
2026/08/24;2300 UTC;0;1001;1001,8;1001;0;10,7;8,3;11,3;10,7;8,5;7,6;85;80;85;;;;
2026/08/25;0000 UTC;0;1001,3;1001,6;1001;0;9,5;8,1;10,7;9,5;8,4;7,5;91;83;91;236;1,8;,7;
2026/08/25;0100 UTC;0;1001,5;1001,6;1001,3;0;8,6;7,7;9,4;8,6;8;7,7;94;89;94;309;,9;,4;
2026/08/25;0200 UTC;0;1001,3;1001,5;1001,2;0;8;7,4;8,6;8;7,7;7,3;96;93;96;153;1,3;,7;
2026/08/25;0300 UTC;0;1001,2;1001,6;1001,2;0;7,5;7,1;8;7,5;7,5;6,9;98;95;97;216;1,6;,7;
2026/08/25;0400 UTC;0;1001,4;1002;1001,1;0;8,1;7,3;8,1;7,5;7,3;7;97;94;94;352;2,5;,9;
2026/08/25;0500 UTC;0;1001;1001,7;1001;0;8,1;7,1;8,2;8,1;7,3;6,9;94;91;93;285;2,8;,7;
2026/08/25;0600 UTC;0;1000,2;1001;1000,2;0;8,2;6,6;8,2;8,1;7,1;6,5;93;89;90;160;1,5;,7;
2026/08/25;0700 UTC;0;1000;1000,1;999,8;0;8;6,9;8,2;8;7,1;6,5;93;89;93;210;1,7;,7;
2026/08/25;0800 UTC;0;1000,4;1000,5;1000;0;7,7;6,7;8;7,7;6,9;6,5;93;91;93;134;3;,9;
2026/08/25;0900 UTC;0;1000,7;1000,9;1000,2;0;7,6;6,5;7,7;7,5;6,7;6,5;94;93;93;172;3,4;,6;
2026/08/25;1000 UTC;0;1001;1001;1000,7;0;7,8;6,9;7,8;7,6;6,9;6,5;95;93;95;338;1,7;,7;
2026/08/25;1100 UTC;0;1001,1;1001,1;1000,8;55,4;8,2;6,7;8,2;7,7;7;6,7;95;90;90;360;1,8;,9;
2026/08/25;1200 UTC;0;1000,7;1001,4;1000,7;361,5;8,8;6,7;8,9;8,2;6,9;6,5;92;86;86;228;1,3;,5;
2026/08/25;1300 UTC;0;1001,3;1001,4;1000,5;607,2;9,3;7,1;9,4;8,8;7,3;6,7;88;85;86;272;4,4;1,4;
2026/08/25;1400 UTC;0;1000,3;1001,2;1000,1;1045,9;10,7;7,4;10,8;9,3;7,8;7;87;80;80;75;2,5;,4;
2026/08/25;1500 UTC;0;999,8;1000,5;999,7;1269,4;12;8;12,4;10,5;8,4;7,4;82;74;76;75;1;,4;
2026/08/25;1600 UTC;0;998,4;999,8;998,4;2675,7;14,5;9;14,5;11,9;9,3;7,9;79;68;69;75;1;,4;
2026/08/25;1700 UTC;0;997,4;998,5;997,4;2667,9;16,1;9,7;16,5;14,3;10,2;8,7;71;63;66;233;4;1,1;
2026/08/25;1800 UTC;0;996,1;997,4;996;2286,9;17,9;10,6;17,9;16,2;10,7;9,6;67;61;62;;;;
2026/08/25;1900 UTC;0;995,5;996,1;995,5;1712,7;18,5;11;18,5;17,7;11,4;10,1;65;60;61;;;;
2026/08/25;2000 UTC;0;995,5;995,7;995,2;924;16,7;11,5;18,6;16,7;11,9;11;72;61;71;;;;
2026/08/25;2100 UTC;0;995,6;995,9;995,4;89,1;14,1;11,4;16,7;14,1;11,9;10,7;84;70;84;;;;
2026/08/25;2200 UTC;0;995,9;996;995,5;,8;13,1;11;14,1;13,1;11,5;10,8;87;83;87;;;;
2026/08/25;2300 UTC;0;996,6;996,8;995,9;0;12;10,7;13,2;12;11,1;10,7;92;86;92;;;;
2026/08/26;0000 UTC;0;997,2;997,2;996,6;0;11,7;10,9;11,9;11,6;11;10,7;95;93;95;233;2,5;1,1;
2026/08/26;0100 UTC;0;997,1;997,5;997;0;10,9;10,6;11,5;10,9;10,7;10,4;98;94;98;171;1,2;,6;
2026/08/26;0200 UTC;0;997,3;997,6;997,1;0;10,9;10,5;11,1;10,8;10,7;10,3;98;96;97;29;2,1;,5;
2026/08/26;0300 UTC;0;997,2;997,4;996,9;0;10,9;10,5;10,9;10,3;10,7;9,9;99;97;98;352;1,7;,5;
2026/08/26;0400 UTC;0;996,9;997,4;996,4;0;11,1;10,9;11,2;10,7;10,9;10,5;99;98;99;187;3,2;2;
2026/08/26;0500 UTC;0;996,8;996,9;996,6;0;11,2;10,9;11,5;11,1;11,1;10,9;99;97;98;;;;
2026/08/26;0600 UTC;0;996;996,7;995,9;0;11,4;11,1;11,4;11,2;11,1;11;99;97;98;;;;
2026/08/26;0700 UTC;0;995,1;996;995,1;0;11,6;11,2;11,6;11,4;11,2;10,9;98;96;97;;;;
2026/08/26;0800 UTC;0;994,8;995,5;994,8;0;11,6;11,2;11,6;11,5;11,3;11,2;98;97;98;;;;
2026/08/26;0900 UTC;0;994,9;995,2;994,7;0;11,6;11,2;11,6;11,6;11,3;11,2;98;97;97;;;;
2026/08/26;1000 UTC;0;995,5;995,5;994,7;,3;11,5;11;11,6;11,5;11,3;11;98;96;96;;;;
2026/08/26;1100 UTC;0;995,6;995,9;995,3;111,7;12;10,8;12;11,5;11,2;10,6;97;92;92;;;;
2026/08/26;1200 UTC;0;996,2;996,2;995,6;525,8;13,2;11,2;13,2;12;11,4;10,7;93;87;87;;;;
2026/08/26;1300 UTC;0;995,9;996,3;995,9;1746,6;16,5;12,4;16,5;13,2;12,7;11,2;89;75;76;349;2,8;,8;
2026/08/26;1400 UTC;0;995,3;996;995,3;2273,7;18,9;13,1;18,9;16,7;13,6;12,3;78;69;69;353;2,4;1,1;
2026/08/26;1500 UTC;0;994,1;995,3;994,1;2631,2;22,3;14,1;22,3;18,9;15;13;70;60;60;43;3,1;1,1;
2026/08/26;1600 UTC;0;992,7;994,1;992,7;2742,7;24,5;15,5;24,5;22,3;15,6;14,2;62;56;57;52;2,7;1,1;
2026/08/26;1700 UTC;0;991,2;992,7;991,2;2606,7;26,6;15,6;26,8;24,2;16,8;15;61;51;51;32;2,9;1,1;
2026/08/26;1800 UTC;0;989,6;991,2;989,6;2211,9;27,6;16,7;27,9;26,6;16,7;15,4;53;47;51;49;3,5;1,5;
2026/08/26;1900 UTC;0;988,8;989,7;988,7;1586;28;15,7;28,6;27,8;16,7;15;50;44;47;13;4,5;2,1;
2026/08/26;2000 UTC;0;988,4;989;988,3;709,5;26,3;16,7;28,2;26,3;17,8;15,2;59;46;56;306;3,9;,7;
2026/08/26;2100 UTC;0;989;989;988,4;164,1;23,2;17;26,2;22,8;18,4;16,5;70;57;68;224;1,4;,5;
2026/08/26;2200 UTC;0;989,4;989,5;988,8;1,1;21,3;16,6;23,1;21,1;17,4;16;75;69;75;333;1,3;,8;
2026/08/26;2300 UTC;0;989,9;990,2;989,4;0;19,6;15,2;21,3;19,6;16,9;15;78;73;75;333;,5;,8;
2026/08/27;0000 UTC;0;990,5;990,8;990;0;18,4;15,7;19,6;18,4;15,7;15,1;85;76;84;209;,5;,2;
2026/08/27;0100 UTC;0;990,9;991;990,6;0;17,8;15,9;18,4;17,3;15,9;15,3;90;82;89;0;0;0;
2026/08/27;0200 UTC;0;991;991,3;991;0;17,1;15,7;17,9;17,1;16;15,7;92;88;91;287;1,7;,6;
2026/08/27;0300 UTC;0;991,1;991,4;991;0;16,4;15,3;17,1;16,2;15,7;15,3;94;91;93;324;1,1;,5;
2026/08/27;0400 UTC;0;991;991,5;991;0;16,5;15,3;16,6;15,8;15,4;15,1;97;92;93;320;1,4;,8;
2026/08/27;0500 UTC;0;990,6;991;990,6;0;16;15,2;16,8;16;15,4;15,1;95;91;95;331;1,5;,5;
2026/08/27;0600 UTC;0;990,1;990,7;990;0;16,1;15,2;16,8;15,6;15,3;15;98;90;94;243;1,6;,4;
2026/08/27;0700 UTC;0;989,9;990,3;989,8;0;16,2;15,1;17;15,6;15,2;14,9;97;89;93;;;;
2026/08/27;0800 UTC;0;990;990,3;989,8;0;15,8;14,9;16,3;15,4;15;14,8;97;92;95;;;;
2026/08/27;0900 UTC;0;990,6;990,6;989,9;0;15,2;14,9;16,1;15;14,9;14,4;98;92;98;;;;
2026/08/27;1000 UTC;0;990,9;991,1;990,6;2,2;15,2;14,7;15,7;15,2;14,9;14,6;97;94;97;;;;
2026/08/27;1100 UTC;0;991,1;991,3;990,9;270,9;16,8;15,1;16,8;15,2;15,3;14,7;98;89;89;;;;
2026/08/27;1200 UTC;0;991,3;991,7;991,1;857,6;17,9;15,4;18,5;16,8;15,8;15;91;81;86;335;2,3;1,1;
2026/08/27;1300 UTC;0;990,7;991,4;990,6;1371,3;21,8;16,5;21,8;18;16,7;15,1;87;72;72;9;3;1,5;
2026/08/27;1400 UTC;0;989,4;990,7;989,4;2256,7;25;17;25;21,8;17,7;16,2;74;61;61;359;2,8;1,3;
2026/08/27;1500 UTC;0;988,1;989,4;988,1;2360;27,9;17,8;27,9;25,1;17,9;16,3;61;52;54;32;3,3;1,4;
2026/08/27;1600 UTC;0;986,6;988,4;986,5;2782,3;30,9;16,9;31;28;18,6;16,7;53;42;43;5;5,1;2,1;
2026/08/27;1700 UTC;0;985,3;986,4;985,3;2640,6;31,8;17,1;32;30,6;17,8;16,3;46;40;41;3;8,3;4,7;
2026/08/27;1800 UTC;0;984;985,4;984;2013,7;31,7;17,8;32;31;18,1;16,7;46;40;43;354;9,2;3,4;
2026/08/27;1900 UTC;0;983,4;984;983,3;1667,4;31,9;18,2;32;31,4;19;17,1;47;42;44;3;7,4;2,2;
2026/08/27;2000 UTC;0;983,5;983,7;983,2;842,5;30,3;17,7;31,9;30,1;18,9;17,4;49;43;47;345;6,5;1,6;
2026/08/27;2100 UTC;0;983,7;983,7;983,5;104;26,9;19;30,3;26,9;19,6;17,9;62;48;62;302;2,4;,6;
2026/08/27;2200 UTC;0;983,9;984,1;983,6;,9;25,6;18,9;27,4;25,6;19,3;18,3;67;58;67;334;1,3;,4;
2026/08/27;2300 UTC;0;984,7;984,9;983,9;0;23,9;19,2;25,6;23,9;19,2;18,5;75;66;75;29;,8;,3;
2026/08/28;0000 UTC;0;985;985,3;984,7;0;22,9;19,4;23,9;22,9;19,4;18,9;81;75;81;310;1,6;,8;
2026/08/28;0100 UTC;0;985,3;985,5;985,1;0;21,5;19,1;23;21,5;19,3;19;86;79;86;307;1,5;,7;
2026/08/28;0200 UTC;0;985,3;985,7;985,2;0;21,6;19;22;21,4;19,1;18,9;87;83;85;325;1,8;1;
2026/08/28;0300 UTC;0;985,5;985,8;985,3;0;21,4;18,8;21,6;20,9;19;18,8;88;85;86;313;2,2;,9;
2026/08/28;0400 UTC;0;985,4;985,6;985,2;0;21,1;18,3;21,4;20,3;18,9;18,3;91;84;84;54;1,6;,4;
2026/08/28;0500 UTC;0;985,2;985,7;985,2;0;20,3;18,4;21,7;20;18,6;18,3;91;82;89;152;2,2;,3;
2026/08/28;0600 UTC;0;985,1;985,2;984,9;0;19,9;18,4;21;19,9;18,4;18,2;91;85;91;325;1,7;,8;
2026/08/28;0700 UTC;0;984,1;984,9;984,1;0;20;18,3;20,3;19,6;18,5;18,3;93;89;90;309;1,9;,9;
2026/08/28;0800 UTC;0;982,9;984,3;982,8;0;19,8;18,2;20;19;18,4;18,2;95;90;91;301;2,1;1,3;
2026/08/28;0900 UTC;0;982,3;982,8;982,3;0;19,3;18,1;20;19,1;18,3;18;95;89;92;307;2,8;1,4;
2026/08/28;1000 UTC;0;982,3;982,6;982,2;,5;19,7;18,1;20;19,5;18,2;17,9;92;88;90;300;2,8;1,2;
2026/08/28;1100 UTC;0;982,4;982,8;982,2;56,6;19,4;17,9;20,4;19,2;18,4;17,9;94;86;91;265;;1,4;
2026/08/28;1200 UTC;0;982,6;982,8;982,1;175,3;20,8;18,8;21;19,4;19;17,9;93;84;88;199;1,9;,4;
2026/08/28;1300 UTC;2,6;986;986;982,6;88;18,6;17,7;23,5;18,6;19,3;17,6;95;73;95;347;9;1,4;
2026/08/28;1400 UTC;3,2;987,3;987,3;986,2;146,5;18,3;17,6;18,7;18,3;17,8;17,3;97;92;96;202;3,2;,8;
2026/08/28;1500 UTC;5;986,9;987,4;986,5;200,6;18,1;17,5;18,3;17,8;17,7;16,9;98;94;96;282;2,5;,3;
2026/08/28;1600 UTC;0;986,8;987,3;986,7;749;18,5;17,4;18,6;18,2;17,8;17,2;96;93;93;240;2,1;,7;
2026/08/28;1700 UTC;0;986,2;986,9;986,1;678,2;19,5;17,7;19,5;18,5;17,8;16,8;94;88;89;117;2,2;,9;
2026/08/28;1800 UTC;,8;985,8;986,4;985,6;357,1;17,7;16,5;19,7;17,7;17,8;16,4;94;85;93;51;3,6;1,1;
2026/08/28;1900 UTC;,4;984,6;986,4;984,6;593,9;18,2;16,9;18,6;17,5;17,4;16,5;96;88;92;14;3,7;1;
2026/08/28;2000 UTC;3,6;985,3;985,6;984,5;203,1;17,5;17;18,3;17,5;17,6;16,4;97;89;96;246;3,8;1,2;
2026/08/28;2100 UTC;5,9;985,9;986,4;984,8;12,9;17,3;17,2;17,5;17,2;17,2;16,8;99;96;99;344;3,6;,7;
2026/08/28;2200 UTC;,8;985,2;986,6;985;0;17,2;17,1;17,3;17,1;17,2;17;100;99;100;352;4,2;2,8;
2026/08/28;2300 UTC;0;986,9;986,9;985,2;0;17,1;17;17,1;16,9;17,1;16,9;100;99;99;219;4,1;2;
2026/08/29;0000 UTC;0;987,4;987,5;986,6;0;17,3;16,9;17,3;17,1;17;16,8;99;97;97;194;2,4;1,1;
2026/08/29;0100 UTC;0;988,5;988,6;987,1;0;17;16,5;17,3;17;17;16,5;99;96;97;283;2,9;1,1;
2026/08/29;0200 UTC;0;988;988,8;988;0;16,8;16,6;17;16,8;16,7;16,5;99;97;99;311;2;1,2;
2026/08/29;0300 UTC;0;988,6;989;987,9;0;16,9;16,8;16,9;16,9;16,8;16,6;99;98;99;216;2,2;,8;
2026/08/29;0400 UTC;0;989,1;989,3;988,5;0;17;16,7;17;16,9;16,9;16,7;99;99;99;234;2,6;1,1;
2026/08/29;0500 UTC;0;988,8;989,4;988,8;0;16,7;16,5;17;16,7;16,7;16,4;99;97;99;147;2;,8;
2026/08/29;0600 UTC;0;988,6;989,2;988,4;0;16,8;16,5;16,8;16,7;16,5;16,3;99;98;98;230;2,7;,6;
2026/08/29;0700 UTC;4,4;988,5;988,9;988,1;0;16,6;16,4;16,7;16,6;16,5;16,4;99;98;99;200;2,4;,8;
2026/08/29;0800 UTC;,2;988;988,4;987,6;0;16,7;16,3;16,7;16,6;16,4;16,3;99;97;97;272;2,2;,9;
2026/08/29;0900 UTC;0;987,8;988,8;987,3;0;16,5;16,1;16,7;16,5;16,3;16;98;96;97;219;3,1;,9;
2026/08/29;1000 UTC;1,2;988,8;990,8;987,5;0;16,5;15,9;16,6;16,4;16,1;15,7;97;94;96;244;2,4;,7;
2026/08/29;1100 UTC;1,2;989,2;990,1;988,8;83,8;16,4;15,9;16,5;16,2;16,1;15,7;99;96;97;244;2,4;,7;
2026/08/29;1200 UTC;,2;990,3;991,1;989,2;48,4;16,3;15,8;16,4;16,2;16,1;15,7;98;96;97;244;2,4;,7;
2026/08/29;1300 UTC;2,6;990,4;990,9;989,9;234,2;16,7;16,1;16,8;16,3;16,4;15,8;99;95;96;223;2,4;,5;
2026/08/29;1400 UTC;,4;990,6;991,7;990,4;217,7;16,7;16;16,8;16,6;16,4;15,7;98;94;96;120;2,1;1,4;
2026/08/29;1500 UTC;1,6;991;992,3;990,7;187,1;16,4;15,8;16,7;16,2;16,2;15,3;97;94;96;287;3,8;1,1;
2026/08/29;1600 UTC;,6;991,4;991,5;990,7;242,9;16,1;15,7;16,5;16,1;16,1;15,5;98;95;97;237;4;,3;
2026/08/29;1700 UTC;1,2;990,1;991,4;989,8;64,7;16;15,4;16,1;16;15,7;15,3;98;95;96;36;2,4;,1;
2026/08/29;1800 UTC;4;989,7;991;989,3;47,3;15,9;15,5;15,9;15,8;15,5;15,2;98;96;98;36;,6;,1;
2026/08/29;1900 UTC;,6;990,5;991,5;989,7;325,5;16,4;16;16,4;15,9;16,1;15,4;98;94;97;36;,6;,1;
2026/08/29;2000 UTC;1,6;991,1;991,2;990,2;85,4;16,1;15,7;16,5;16;16,3;15,7;99;97;98;36;,6;,1;
2026/08/29;2100 UTC;,2;991,9;992;991,2;55,6;16,1;15,9;16,2;16;16;15,6;99;97;99;36;,6;,1;
2026/08/29;2200 UTC;,2;992,1;992,5;991,6;1,5;16;15,8;16,1;15,9;16;15,7;99;99;99;36;,6;,1;
2026/08/29;2300 UTC;0;993,4;993,7;992,2;0;16;16;16,2;15,9;16;15,8;100;98;100;36;,6;,1;
2026/08/30;0000 UTC;0;994,3;994,3;993;0;15,9;15,8;16,1;15,9;16;15,8;100;99;99;36;,6;,1;
2026/08/30;0100 UTC;0;993,9;994,2;993,6;0;15,7;15,7;16;15,5;15,8;15,4;100;98;100;0;0;0;
2026/08/30;0200 UTC;0;993,9;994,2;993,7;0;15,8;15,8;15,8;15,7;15,8;15,7;100;100;100;0;0;0;
2026/08/30;0300 UTC;0;993,8;994,3;993,8;0;15,8;15,7;15,9;15,8;15,8;15,7;100;99;99;0;0;0;
2026/08/30;0400 UTC;0;994,1;994,3;993,7;0;15,7;15,3;15,9;15,7;15,7;15,3;99;97;97;0;0;0;
2026/08/30;0500 UTC;0;994,4;994,7;994;0;15,5;15,1;15,7;15,5;15,4;15,1;98;97;97;0;0;0;
2026/08/30;0600 UTC;0;994;994,4;993,8;0;15,3;14,9;15,6;15,3;15,1;14,8;98;97;97;0;0;0;
2026/08/30;0700 UTC;0;993,5;994;993,5;0;15,3;14,8;15,3;15;14,9;14,8;99;97;97;0;0;0;
2026/08/30;0800 UTC;0;993,4;993,6;993,1;0;15;14,7;15,3;15;14,8;14,7;98;97;98;0;0;0;
2026/08/30;0900 UTC;0;993,8;994,1;993,3;0;14,7;14,5;15;14,5;14,7;14,3;99;98;99;0;0;0;
2026/08/30;1000 UTC;0;994,1;994,4;993,8;3,6;14,6;14,5;14,8;14,6;14,7;14,5;99;99;99;0;0;0;
2026/08/30;1100 UTC;0;994,4;994,6;994;172,3;15,3;15,2;15,3;14,5;15,3;14,4;100;99;99;0;0;0;
2026/08/30;1200 UTC;0;994,9;994,9;994,4;469,7;16;15,7;16,2;15,3;15,8;15,2;99;96;98;0;0;0;
2026/08/30;1300 UTC;0;994,8;995,6;994,8;777,7;17,5;15;17,5;16,1;15,7;14,9;98;85;85;339;2,1;,8;
2026/08/30;1400 UTC;0;994,6;995;994,4;725,1;18,1;15,6;18,2;17,6;15,9;14,9;89;83;85;66;1,8;,7;
2026/08/30;1500 UTC;0;994,1;994,8;994;913,9;18,7;15,4;18,9;18,1;16,2;14,9;88;80;82;315;2,9;,9;
2026/08/30;1600 UTC;,2;993,9;994,4;993,6;636,3;18,8;15,4;18,9;18,2;16,6;15,2;89;80;81;205;3,3;,9;
2026/08/30;1700 UTC;0;992,7;993,9;992,7;603,5;19;15,8;19;18,5;16,4;15,2;86;79;82;176;3,4;1,1;
2026/08/30;1800 UTC;0;992,8;992,9;991,9;524,7;18,7;16,2;19,1;18,7;16,5;15,6;86;81;86;290;4,2;1,7;
2026/08/30;1900 UTC;0;992;992,8;991,9;135;18,1;16,6;18,8;18,1;17;15,9;93;84;91;251;3,3;,8;
2026/08/30;2000 UTC;0;991,8;992,6;991,2;56;17,6;17,2;18,1;17,6;17,3;16,5;98;91;98;280;2,5;1;
2026/08/30;2100 UTC;1,4;992,3;992,8;991,5;4,7;17,6;17,1;17,8;17,4;17,3;16,7;98;94;97;245;3,7;,9;
2026/08/30;2200 UTC;2,6;992,5;993,3;990,9;0;17,3;17,1;17,6;17,2;17,2;16,9;100;96;98;265;3,2;1,8;
2026/08/30;2300 UTC;,4;992,4;992,5;991,2;0;17;16,9;17,3;17;17,1;16,9;100;98;99;197;3,2;,8;
2026/08/31;0000 UTC;2,2;995,3;995,3;992;0;17,5;16,5;17,6;16,9;16,8;16,3;99;93;94;200;5,5;1,4;
2026/08/31;0100 UTC;0;993,5;995,5;993,4;0;16,8;16,2;17,4;16,6;16,7;16,1;99;93;97;99;4,2;,8;
2026/08/31;0200 UTC;0;993,9;993,9;993,4;0;16,3;16,1;16,7;16,2;16,2;16;99;97;99;268;2,6;,5;
2026/08/31;0300 UTC;0;993,1;993,9;992,7;0;15,7;15,5;16,3;15,7;16,2;15,5;99;98;99;221;2,7;,9;
2026/08/31;0400 UTC;0;993,3;993,6;992,7;0;15,5;15,5;15,8;15,2;15,7;15,2;100;99;100;264;1,9;,4;
2026/08/31;0500 UTC;0;992;993,3;991,9;0;15,3;15,3;15,7;15,3;15,7;15,3;100;100;100;279;,6;,4;
2026/08/31;0600 UTC;0;992,1;993,3;991,9;0;15,4;15,4;15,5;15,3;15,5;15,3;100;100;100;357;2,8;1,1;
2026/08/31;0700 UTC;,2;991,3;992,1;991,3;0;15,3;15,3;15,4;15,3;15,4;15,3;100;100;100;357;1,3;1,1;
2026/08/31;0800 UTC;0;990,4;991,4;990,4;0;15,3;15,3;15,4;15,3;15,4;15,3;100;100;100;357;1,3;1,1;
2026/08/31;0900 UTC;0;990,1;990,5;989,5;0;15,2;15;15,3;15,2;15,3;15;100;98;99;94;1,3;1;
2026/08/31;1000 UTC;0;991,3;991,4;990,1;1;15,3;15,1;15,3;15,2;15,1;14,9;99;98;99;94;1,2;1;
2026/08/31;1100 UTC;0;991,4;991,6;991,1;101,3;15,4;15,3;15,5;15,2;15,4;15;99;99;99;94;1,2;1;
2026/08/31;1200 UTC;0;991,2;992;991,2;231,6;16;15,8;16;15,3;15,8;15,2;99;97;98;94;1,2;1;
2026/08/31;1300 UTC;0;991,1;991,8;990,7;467,4;16,5;15,8;16,7;15,9;15,8;15,1;98;92;96;94;1,2;1;
2026/08/31;1400 UTC;0;990,5;991,3;990,5;319,3;16,7;15,8;16,8;16,4;16,1;15,4;96;93;95;37;1,8;,5;
2026/08/31;1500 UTC;0;989,8;991,2;989,8;229,2;17;15,7;17;16,6;16,1;15,4;96;90;92;315;1,9;,1;
2026/08/31;1600 UTC;0;990;990,3;989,6;234,9;17,1;16,5;17,1;17;16,5;15,5;97;91;97;315;1,1;,1;
2026/08/31;1700 UTC;,2;989,7;990,4;989,7;179,3;17,1;16,7;17,1;16,9;16,7;16,1;98;95;97;315;1,1;,1;
2026/08/31;1800 UTC;1;990,6;990,6;989,5;217,3;17;16,4;17,2;17;16,9;16,2;98;94;96;315;1,1;,1;
2026/08/31;1900 UTC;1;991;991,1;990,6;146,3;17;16,8;17,2;16,9;16,9;16,3;99;96;99;315;1,1;,1;
2026/08/31;2000 UTC;0;985,3;990,9;985,3;131;16,5;16,4;17;16,5;16,9;16,3;100;99;99;315;1,1;,1;
2026/08/31;2100 UTC;0;988,5;988,5;985,3;106,1;16,8;16,4;17,6;16,6;16,6;16;99;91;97;315;1,1;,1;
2026/08/31;2200 UTC;0;989,8;989,8;988,5;,1;16,3;16,1;17;16,3;16,4;16,1;99;96;99;315;1,1;,1;
2026/08/31;2300 UTC;0;990,6;990,6;989,8;0;17,2;16,5;17,2;16,3;16,5;16,1;99;95;96;315;1,1;,1;
