REGIAO:;S
UF:;RS
ESTACAO:;SERAFINA CORREA
CODIGO (WMO):;A894
LATITUDE:;-28,70472222
LONGITUDE:;-51,87083332
ALTITUDE:;485,29
DATA DE FUNDACAO:;01/04/16
Data;Hora UTC;PRECIPITAÇÃO TOTAL, HORÁRIO (mm);PRESSAO ATMOSFERICA AO NIVEL DA ESTACAO, HORARIA (mB);PRESSÃO ATMOSFERICA MAX.NA HORA ANT. (AUT) (mB);PRESSÃO ATMOSFERICA MIN. NA HORA ANT. (AUT) (mB);RADIACAO GLOBAL (Kj/m²);TEMPERATURA DO AR - BULBO SECO, HORARIA (°C);TEMPERATURA DO PONTO DE ORVALHO (°C);TEMPERATURA MÁXIMA NA HORA ANT. (AUT) (°C);TEMPERATURA MÍNIMA NA HORA ANT. (AUT) (°C);TEMPERATURA ORVALHO MAX. NA HORA ANT. (AUT) (°C);TEMPERATURA ORVALHO MIN. NA HORA ANT. (AUT) (°C);UMIDADE REL. MAX. NA HORA ANT. (AUT) (%);UMIDADE REL. MIN. NA HORA ANT. (AUT) (%);UMIDADE RELATIVA DO AR, HORARIA (%);VENTO, DIREÇÃO HORARIA (gr) (° (gr));VENTO, RAJADA MAXIMA (m/s);VENTO, VELOCIDADE HORARIA (m/s);
2026/01/01;0000 UTC;;;;;;;;;;;;;;;;;;
2026/01/01;0100 UTC;;;;;;;;;;;;;;;;;;
2026/01/01;0200 UTC;;;;;;;;;;;;;;;;;;
2026/01/01;0300 UTC;;;;;;;;;;;;;;;;;;
2026/01/01;0400 UTC;;;;;;;;;;;;;;;;;;
2026/01/01;0500 UTC;;;;;;;;;;;;;;;;;;
2026/01/01;0600 UTC;;;;;;;;;;;;;;;;;;
2026/01/01;0700 UTC;;;;;;;;;;;;;;;;;;
2026/01/01;0800 UTC;;;;;;;;;;;;;;;;;;
2026/01/01;0900 UTC;;;;;;;;;;;;;;;;;;
2026/01/01;1000 UTC;;;;;;;;;;;;;;;;;;
2026/01/01;1100 UTC;;;;;;;;;;;;;;;;;;
2026/01/01;1200 UTC;;;;;;;;;;;;;;;;;;
2026/01/01;1300 UTC;;;;;;;;;;;;;;;;;;
2026/01/01;1400 UTC;;;;;;;;;;;;;;;;;;
2026/01/01;1500 UTC;;;;;;;;;;;;;;;;;;
2026/01/01;1600 UTC;;;;;;;;;;;;;;;;;;
2026/01/01;1700 UTC;;;;;;;;;;;;;;;;;;
2026/01/01;1800 UTC;;;;;;;;;;;;;;;;;;
2026/01/01;1900 UTC;;;;;;;;;;;;;;;;;;
2026/01/01;2000 UTC;;;;;;;;;;;;;;;;;;
2026/01/01;2100 UTC;;;;;;;;;;;;;;;;;;
2026/01/01;2200 UTC;;;;;;;;;;;;;;;;;;
2026/01/01;2300 UTC;;;;;;;;;;;;;;;;;;
2026/01/02;0000 UTC;;;;;;;;;;;;;;;;;;
2026/01/02;0100 UTC;;;;;;;;;;;;;;;;;;
2026/01/02;0200 UTC;;;;;;;;;;;;;;;;;;
2026/01/02;0300 UTC;;;;;;;;;;;;;;;;;;
2026/01/02;0400 UTC;;;;;;;;;;;;;;;;;;
2026/01/02;0500 UTC;;;;;;;;;;;;;;;;;;
2026/01/02;0600 UTC;;;;;;;;;;;;;;;;;;
2026/01/02;0700 UTC;;;;;;;;;;;;;;;;;;
2026/01/02;0800 UTC;;;;;;;;;;;;;;;;;;
2026/01/02;0900 UTC;;;;;;;;;;;;;;;;;;
2026/01/02;1000 UTC;;;;;;;;;;;;;;;;;;
2026/01/02;1100 UTC;;;;;;;;;;;;;;;;;;
2026/01/02;1200 UTC;;;;;;;;;;;;;;;;;;
2026/01/02;1300 UTC;;;;;;;;;;;;;;;;;;
2026/01/02;1400 UTC;;;;;;;;;;;;;;;;;;
2026/01/02;1500 UTC;;;;;;;;;;;;;;;;;;
2026/01/02;1600 UTC;;;;;;;;;;;;;;;;;;
2026/01/02;1700 UTC;;;;;;;;;;;;;;;;;;
2026/01/02;1800 UTC;;;;;;;;;;;;;;;;;;
2026/01/02;1900 UTC;;;;;;;;;;;;;;;;;;
2026/01/02;2000 UTC;;;;;;;;;;;;;;;;;;
2026/01/02;2100 UTC;;;;;;;;;;;;;;;;;;
2026/01/02;2200 UTC;;;;;;;;;;;;;;;;;;
2026/01/02;2300 UTC;;;;;;;;;;;;;;;;;;
2026/01/03;0000 UTC;;;;;;;;;;;;;;;;;;
2026/01/03;0100 UTC;;;;;;;;;;;;;;;;;;
2026/01/03;0200 UTC;;;;;;;;;;;;;;;;;;
2026/01/03;0300 UTC;;;;;;;;;;;;;;;;;;
2026/01/03;0400 UTC;;;;;;;;;;;;;;;;;;
2026/01/03;0500 UTC;;;;;;;;;;;;;;;;;;
2026/01/03;0600 UTC;;;;;;;;;;;;;;;;;;
2026/01/03;0700 UTC;;;;;;;;;;;;;;;;;;
2026/01/03;0800 UTC;;;;;;;;;;;;;;;;;;
2026/01/03;0900 UTC;;;;;;;;;;;;;;;;;;
2026/01/03;1000 UTC;;;;;;;;;;;;;;;;;;
2026/01/03;1100 UTC;;;;;;;;;;;;;;;;;;
2026/01/03;1200 UTC;;;;;;;;;;;;;;;;;;
2026/01/03;1300 UTC;;;;;;;;;;;;;;;;;;
2026/01/03;1400 UTC;;;;;;;;;;;;;;;;;;
2026/01/03;1500 UTC;;;;;;;;;;;;;;;;;;
2026/01/03;1600 UTC;;;;;;;;;;;;;;;;;;
2026/01/03;1700 UTC;;;;;;;;;;;;;;;;;;
2026/01/03;1800 UTC;;;;;;;;;;;;;;;;;;
2026/01/03;1900 UTC;;;;;;;;;;;;;;;;;;
2026/01/03;2000 UTC;;;;;;;;;;;;;;;;;;
2026/01/03;2100 UTC;;;;;;;;;;;;;;;;;;
2026/01/03;2200 UTC;;;;;;;;;;;;;;;;;;
2026/01/03;2300 UTC;;;;;;;;;;;;;;;;;;
2026/01/04;0000 UTC;;;;;;;;;;;;;;;;;;
2026/01/04;0100 UTC;;;;;;;;;;;;;;;;;;
2026/01/04;0200 UTC;;;;;;;;;;;;;;;;;;
2026/01/04;0300 UTC;;;;;;;;;;;;;;;;;;
2026/01/04;0400 UTC;;;;;;;;;;;;;;;;;;
2026/01/04;0500 UTC;;;;;;;;;;;;;;;;;;
2026/01/04;0600 UTC;;;;;;;;;;;;;;;;;;
2026/01/04;0700 UTC;;;;;;;;;;;;;;;;;;
2026/01/04;0800 UTC;;;;;;;;;;;;;;;;;;
2026/01/04;0900 UTC;;;;;;;;;;;;;;;;;;
2026/01/04;1000 UTC;;;;;;;;;;;;;;;;;;
2026/01/04;1100 UTC;;;;;;;;;;;;;;;;;;
2026/01/04;1200 UTC;;;;;;;;;;;;;;;;;;
2026/01/04;1300 UTC;;;;;;;;;;;;;;;;;;
2026/01/04;1400 UTC;;;;;;;;;;;;;;;;;;
2026/01/04;1500 UTC;;;;;;;;;;;;;;;;;;
2026/01/04;1600 UTC;;;;;;;;;;;;;;;;;;
2026/01/04;1700 UTC;;;;;;;;;;;;;;;;;;
2026/01/04;1800 UTC;;;;;;;;;;;;;;;;;;
2026/01/04;1900 UTC;;;;;;;;;;;;;;;;;;
2026/01/04;2000 UTC;;;;;;;;;;;;;;;;;;
2026/01/04;2100 UTC;;;;;;;;;;;;;;;;;;
2026/01/04;2200 UTC;;;;;;;;;;;;;;;;;;
2026/01/04;2300 UTC;;;;;;;;;;;;;;;;;;
2026/01/05;0000 UTC;;;;;;;;;;;;;;;;;;
2026/01/05;0100 UTC;;;;;;;;;;;;;;;;;;
2026/01/05;0200 UTC;;;;;;;;;;;;;;;;;;
2026/01/05;0300 UTC;;;;;;;;;;;;;;;;;;
2026/01/05;0400 UTC;;;;;;;;;;;;;;;;;;
2026/01/05;0500 UTC;;;;;;;;;;;;;;;;;;
2026/01/05;0600 UTC;;;;;;;;;;;;;;;;;;
2026/01/05;0700 UTC;;;;;;;;;;;;;;;;;;
2026/01/05;0800 UTC;;;;;;;;;;;;;;;;;;
2026/01/05;0900 UTC;;;;;;;;;;;;;;;;;;
2026/01/05;1000 UTC;;;;;;;;;;;;;;;;;;
2026/01/05;1100 UTC;;;;;;;;;;;;;;;;;;
2026/01/05;1200 UTC;;;;;;;;;;;;;;;;;;
2026/01/05;1300 UTC;;;;;;;;;;;;;;;;;;
2026/01/05;1400 UTC;;;;;;;;;;;;;;;;;;
2026/01/05;1500 UTC;;;;;;;;;;;;;;;;;;
2026/01/05;1600 UTC;;;;;;;;;;;;;;;;;;
2026/01/05;1700 UTC;;;;;;;;;;;;;;;;;;
2026/01/05;1800 UTC;;;;;;;;;;;;;;;;;;
2026/01/05;1900 UTC;;;;;;;;;;;;;;;;;;
2026/01/05;2000 UTC;;;;;;;;;;;;;;;;;;
2026/01/05;2100 UTC;;;;;;;;;;;;;;;;;;
2026/01/05;2200 UTC;;;;;;;;;;;;;;;;;;
2026/01/05;2300 UTC;;;;;;;;;;;;;;;;;;
2026/01/06;0000 UTC;;;;;;;;;;;;;;;;;;
2026/01/06;0100 UTC;;;;;;;;;;;;;;;;;;
2026/01/06;0200 UTC;;;;;;;;;;;;;;;;;;
2026/01/06;0300 UTC;;;;;;;;;;;;;;;;;;
2026/01/06;0400 UTC;;;;;;;;;;;;;;;;;;
2026/01/06;0500 UTC;;;;;;;;;;;;;;;;;;
2026/01/06;0600 UTC;;;;;;;;;;;;;;;;;;
2026/01/06;0700 UTC;;;;;;;;;;;;;;;;;;
2026/01/06;0800 UTC;;;;;;;;;;;;;;;;;;
2026/01/06;0900 UTC;;;;;;;;;;;;;;;;;;
2026/01/06;1000 UTC;;;;;;;;;;;;;;;;;;
2026/01/06;1100 UTC;;;;;;;;;;;;;;;;;;
2026/01/06;1200 UTC;;;;;;;;;;;;;;;;;;
2026/01/06;1300 UTC;;;;;;;;;;;;;;;;;;
2026/01/06;1400 UTC;;;;;;;;;;;;;;;;;;
2026/01/06;1500 UTC;;;;;;;;;;;;;;;;;;
2026/01/06;1600 UTC;;;;;;;;;;;;;;;;;;
2026/01/06;1700 UTC;;;;;;;;;;;;;;;;;;
2026/01/06;1800 UTC;;;;;;;;;;;;;;;;;;
2026/01/06;1900 UTC;;;;;;;;;;;;;;;;;;
2026/01/06;2000 UTC;;;;;;;;;;;;;;;;;;
2026/01/06;2100 UTC;;;;;;;;;;;;;;;;;;
2026/01/06;2200 UTC;;;;;;;;;;;;;;;;;;
2026/01/06;2300 UTC;;;;;;;;;;;;;;;;;;
2026/01/07;0000 UTC;;;;;;;;;;;;;;;;;;
2026/01/07;0100 UTC;;;;;;;;;;;;;;;;;;
2026/01/07;0200 UTC;;;;;;;;;;;;;;;;;;
2026/01/07;0300 UTC;;;;;;;;;;;;;;;;;;
2026/01/07;0400 UTC;;;;;;;;;;;;;;;;;;
2026/01/07;0500 UTC;;;;;;;;;;;;;;;;;;
2026/01/07;0600 UTC;;;;;;;;;;;;;;;;;;
2026/01/07;0700 UTC;;;;;;;;;;;;;;;;;;
2026/01/07;0800 UTC;;;;;;;;;;;;;;;;;;
2026/01/07;0900 UTC;;;;;;;;;;;;;;;;;;
2026/01/07;1000 UTC;;;;;;;;;;;;;;;;;;
2026/01/07;1100 UTC;;;;;;;;;;;;;;;;;;
2026/01/07;1200 UTC;;;;;;;;;;;;;;;;;;
2026/01/07;1300 UTC;;;;;;;;;;;;;;;;;;
2026/01/07;1400 UTC;;;;;;;;;;;;;;;;;;
2026/01/07;1500 UTC;;;;;;;;;;;;;;;;;;
2026/01/07;1600 UTC;;;;;;;;;;;;;;;;;;
2026/01/07;1700 UTC;;;;;;;;;;;;;;;;;;
2026/01/07;1800 UTC;;;;;;;;;;;;;;;;;;
2026/01/07;1900 UTC;;;;;;;;;;;;;;;;;;
2026/01/07;2000 UTC;;;;;;;;;;;;;;;;;;
2026/01/07;2100 UTC;;;;;;;;;;;;;;;;;;
2026/01/07;2200 UTC;;;;;;;;;;;;;;;;;;
2026/01/07;2300 UTC;;;;;;;;;;;;;;;;;;
2026/01/08;0000 UTC;;;;;;;;;;;;;;;;;;
2026/01/08;0100 UTC;;;;;;;;;;;;;;;;;;
2026/01/08;0200 UTC;;;;;;;;;;;;;;;;;;
2026/01/08;0300 UTC;;;;;;;;;;;;;;;;;;
2026/01/08;0400 UTC;;;;;;;;;;;;;;;;;;
2026/01/08;0500 UTC;;;;;;;;;;;;;;;;;;
2026/01/08;0600 UTC;;;;;;;;;;;;;;;;;;
2026/01/08;0700 UTC;;;;;;;;;;;;;;;;;;
2026/01/08;0800 UTC;;;;;;;;;;;;;;;;;;
2026/01/08;0900 UTC;;;;;;;;;;;;;;;;;;
2026/01/08;1000 UTC;;;;;;;;;;;;;;;;;;
2026/01/08;1100 UTC;;;;;;;;;;;;;;;;;;
2026/01/08;1200 UTC;;;;;;;;;;;;;;;;;;
2026/01/08;1300 UTC;;;;;;;;;;;;;;;;;;
2026/01/08;1400 UTC;;;;;;;;;;;;;;;;;;
2026/01/08;1500 UTC;;;;;;;;;;;;;;;;;;
2026/01/08;1600 UTC;;;;;;;;;;;;;;;;;;
2026/01/08;1700 UTC;;;;;;;;;;;;;;;;;;
2026/01/08;1800 UTC;;;;;;;;;;;;;;;;;;
2026/01/08;1900 UTC;;;;;;;;;;;;;;;;;;
2026/01/08;2000 UTC;;;;;;;;;;;;;;;;;;
2026/01/08;2100 UTC;;;;;;;;;;;;;;;;;;
2026/01/08;2200 UTC;;;;;;;;;;;;;;;;;;
2026/01/08;2300 UTC;;;;;;;;;;;;;;;;;;
2026/01/09;0000 UTC;;;;;;;;;;;;;;;;;;
2026/01/09;0100 UTC;;;;;;;;;;;;;;;;;;
2026/01/09;0200 UTC;;;;;;;;;;;;;;;;;;
2026/01/09;0300 UTC;;;;;;;;;;;;;;;;;;
2026/01/09;0400 UTC;;;;;;;;;;;;;;;;;;
2026/01/09;0500 UTC;;;;;;;;;;;;;;;;;;
2026/01/09;0600 UTC;;;;;;;;;;;;;;;;;;
2026/01/09;0700 UTC;;;;;;;;;;;;;;;;;;
2026/01/09;0800 UTC;;;;;;;;;;;;;;;;;;
2026/01/09;0900 UTC;;;;;;;;;;;;;;;;;;
2026/01/09;1000 UTC;;;;;;;;;;;;;;;;;;
2026/01/09;1100 UTC;;;;;;;;;;;;;;;;;;
2026/01/09;1200 UTC;;;;;;;;;;;;;;;;;;
2026/01/09;1300 UTC;;;;;;;;;;;;;;;;;;
2026/01/09;1400 UTC;;;;;;;;;;;;;;;;;;
2026/01/09;1500 UTC;;;;;;;;;;;;;;;;;;
2026/01/09;1600 UTC;;;;;;;;;;;;;;;;;;
2026/01/09;1700 UTC;;;;;;;;;;;;;;;;;;
2026/01/09;1800 UTC;;;;;;;;;;;;;;;;;;
2026/01/09;1900 UTC;;;;;;;;;;;;;;;;;;
2026/01/09;2000 UTC;;;;;;;;;;;;;;;;;;
2026/01/09;2100 UTC;;;;;;;;;;;;;;;;;;
2026/01/09;2200 UTC;;;;;;;;;;;;;;;;;;
2026/01/09;2300 UTC;;;;;;;;;;;;;;;;;;
2026/01/10;0000 UTC;;;;;;;;;;;;;;;;;;
2026/01/10;0100 UTC;;;;;;;;;;;;;;;;;;
2026/01/10;0200 UTC;;;;;;;;;;;;;;;;;;
2026/01/10;0300 UTC;;;;;;;;;;;;;;;;;;
2026/01/10;0400 UTC;;;;;;;;;;;;;;;;;;
2026/01/10;0500 UTC;;;;;;;;;;;;;;;;;;
2026/01/10;0600 UTC;;;;;;;;;;;;;;;;;;
2026/01/10;0700 UTC;;;;;;;;;;;;;;;;;;
2026/01/10;0800 UTC;;;;;;;;;;;;;;;;;;
2026/01/10;0900 UTC;;;;;;;;;;;;;;;;;;
2026/01/10;1000 UTC;;;;;;;;;;;;;;;;;;
2026/01/10;1100 UTC;;;;;;;;;;;;;;;;;;
2026/01/10;1200 UTC;;;;;;;;;;;;;;;;;;
2026/01/10;1300 UTC;;;;;;;;;;;;;;;;;;
2026/01/10;1400 UTC;;;;;;;;;;;;;;;;;;
2026/01/10;1500 UTC;;;;;;;;;;;;;;;;;;
2026/01/10;1600 UTC;;;;;;;;;;;;;;;;;;
2026/01/10;1700 UTC;;;;;;;;;;;;;;;;;;
2026/01/10;1800 UTC;;;;;;;;;;;;;;;;;;
2026/01/10;1900 UTC;;;;;;;;;;;;;;;;;;
2026/01/10;2000 UTC;;;;;;;;;;;;;;;;;;
2026/01/10;2100 UTC;;;;;;;;;;;;;;;;;;
2026/01/10;2200 UTC;;;;;;;;;;;;;;;;;;
2026/01/10;2300 UTC;;;;;;;;;;;;;;;;;;
2026/01/11;0000 UTC;;;;;;;;;;;;;;;;;;
2026/01/11;0100 UTC;;;;;;;;;;;;;;;;;;
2026/01/11;0200 UTC;;;;;;;;;;;;;;;;;;
2026/01/11;0300 UTC;;;;;;;;;;;;;;;;;;
2026/01/11;0400 UTC;;;;;;;;;;;;;;;;;;
2026/01/11;0500 UTC;;;;;;;;;;;;;;;;;;
2026/01/11;0600 UTC;;;;;;;;;;;;;;;;;;
2026/01/11;0700 UTC;;;;;;;;;;;;;;;;;;
2026/01/11;0800 UTC;;;;;;;;;;;;;;;;;;
2026/01/11;0900 UTC;;;;;;;;;;;;;;;;;;
2026/01/11;1000 UTC;;;;;;;;;;;;;;;;;;
2026/01/11;1100 UTC;;;;;;;;;;;;;;;;;;
2026/01/11;1200 UTC;;;;;;;;;;;;;;;;;;
2026/01/11;1300 UTC;;;;;;;;;;;;;;;;;;
2026/01/11;1400 UTC;;;;;;;;;;;;;;;;;;
2026/01/11;1500 UTC;;;;;;;;;;;;;;;;;;
2026/01/11;1600 UTC;;;;;;;;;;;;;;;;;;
2026/01/11;1700 UTC;;;;;;;;;;;;;;;;;;
2026/01/11;1800 UTC;;;;;;;;;;;;;;;;;;
2026/01/11;1900 UTC;;;;;;;;;;;;;;;;;;
2026/01/11;2000 UTC;;;;;;;;;;;;;;;;;;
2026/01/11;2100 UTC;;;;;;;;;;;;;;;;;;
2026/01/11;2200 UTC;;;;;;;;;;;;;;;;;;
2026/01/11;2300 UTC;;;;;;;;;;;;;;;;;;
2026/01/12;0000 UTC;;;;;;;;;;;;;;;;;;
2026/01/12;0100 UTC;;;;;;;;;;;;;;;;;;
2026/01/12;0200 UTC;;;;;;;;;;;;;;;;;;
2026/01/12;0300 UTC;;;;;;;;;;;;;;;;;;
2026/01/12;0400 UTC;;;;;;;;;;;;;;;;;;
2026/01/12;0500 UTC;;;;;;;;;;;;;;;;;;
2026/01/12;0600 UTC;;;;;;;;;;;;;;;;;;
2026/01/12;0700 UTC;;;;;;;;;;;;;;;;;;
2026/01/12;0800 UTC;;;;;;;;;;;;;;;;;;
2026/01/12;0900 UTC;;;;;;;;;;;;;;;;;;
2026/01/12;1000 UTC;;;;;;;;;;;;;;;;;;
2026/01/12;1100 UTC;;;;;;;;;;;;;;;;;;
2026/01/12;1200 UTC;;;;;;;;;;;;;;;;;;
2026/01/12;1300 UTC;;;;;;;;;;;;;;;;;;
2026/01/12;1400 UTC;;;;;;;;;;;;;;;;;;
2026/01/12;1500 UTC;;;;;;;;;;;;;;;;;;
2026/01/12;1600 UTC;;;;;;;;;;;;;;;;;;
2026/01/12;1700 UTC;;;;;;;;;;;;;;;;;;
2026/01/12;1800 UTC;;;;;;;;;;;;;;;;;;
2026/01/12;1900 UTC;;;;;;;;;;;;;;;;;;
2026/01/12;2000 UTC;;;;;;;;;;;;;;;;;;
2026/01/12;2100 UTC;;;;;;;;;;;;;;;;;;
2026/01/12;2200 UTC;;;;;;;;;;;;;;;;;;
2026/01/12;2300 UTC;;;;;;;;;;;;;;;;;;
2026/01/13;0000 UTC;;;;;;;;;;;;;;;;;;
2026/01/13;0100 UTC;;;;;;;;;;;;;;;;;;
2026/01/13;0200 UTC;;;;;;;;;;;;;;;;;;
2026/01/13;0300 UTC;;;;;;;;;;;;;;;;;;
2026/01/13;0400 UTC;;;;;;;;;;;;;;;;;;
2026/01/13;0500 UTC;;;;;;;;;;;;;;;;;;
2026/01/13;0600 UTC;;;;;;;;;;;;;;;;;;
2026/01/13;0700 UTC;;;;;;;;;;;;;;;;;;
2026/01/13;0800 UTC;;;;;;;;;;;;;;;;;;
2026/01/13;0900 UTC;;;;;;;;;;;;;;;;;;
2026/01/13;1000 UTC;;;;;;;;;;;;;;;;;;
2026/01/13;1100 UTC;;;;;;;;;;;;;;;;;;
2026/01/13;1200 UTC;;;;;;;;;;;;;;;;;;
2026/01/13;1300 UTC;;;;;;;;;;;;;;;;;;
2026/01/13;1400 UTC;;;;;;;;;;;;;;;;;;
2026/01/13;1500 UTC;;;;;;;;;;;;;;;;;;
2026/01/13;1600 UTC;;;;;;;;;;;;;;;;;;
2026/01/13;1700 UTC;;;;;;;;;;;;;;;;;;
2026/01/13;1800 UTC;;;;;;;;;;;;;;;;;;
2026/01/13;1900 UTC;;;;;;;;;;;;;;;;;;
2026/01/13;2000 UTC;;;;;;;;;;;;;;;;;;
2026/01/13;2100 UTC;;;;;;;;;;;;;;;;;;
2026/01/13;2200 UTC;;;;;;;;;;;;;;;;;;
2026/01/13;2300 UTC;;;;;;;;;;;;;;;;;;
2026/01/14;0000 UTC;;;;;;;;;;;;;;;;;;
2026/01/14;0100 UTC;;;;;;;;;;;;;;;;;;
2026/01/14;0200 UTC;;;;;;;;;;;;;;;;;;
2026/01/14;0300 UTC;;;;;;;;;;;;;;;;;;
2026/01/14;0400 UTC;;;;;;;;;;;;;;;;;;
2026/01/14;0500 UTC;;;;;;;;;;;;;;;;;;
2026/01/14;0600 UTC;;;;;;;;;;;;;;;;;;
2026/01/14;0700 UTC;;;;;;;;;;;;;;;;;;
2026/01/14;0800 UTC;;;;;;;;;;;;;;;;;;
2026/01/14;0900 UTC;;;;;;;;;;;;;;;;;;
2026/01/14;1000 UTC;;;;;;;;;;;;;;;;;;
2026/01/14;1100 UTC;;;;;;;;;;;;;;;;;;
2026/01/14;1200 UTC;;;;;;;;;;;;;;;;;;
2026/01/14;1300 UTC;;;;;;;;;;;;;;;;;;
2026/01/14;1400 UTC;;;;;;;;;;;;;;;;;;
2026/01/14;1500 UTC;;;;;;;;;;;;;;;;;;
2026/01/14;1600 UTC;;;;;;;;;;;;;;;;;;
2026/01/14;1700 UTC;;;;;;;;;;;;;;;;;;
2026/01/14;1800 UTC;;;;;;;;;;;;;;;;;;
2026/01/14;1900 UTC;;;;;;;;;;;;;;;;;;
2026/01/14;2000 UTC;;;;;;;;;;;;;;;;;;
2026/01/14;2100 UTC;;;;;;;;;;;;;;;;;;
2026/01/14;2200 UTC;;;;;;;;;;;;;;;;;;
2026/01/14;2300 UTC;;;;;;;;;;;;;;;;;;
2026/01/15;0000 UTC;;;;;;;;;;;;;;;;;;
2026/01/15;0100 UTC;;;;;;;;;;;;;;;;;;
2026/01/15;0200 UTC;;;;;;;;;;;;;;;;;;
2026/01/15;0300 UTC;;;;;;;;;;;;;;;;;;
2026/01/15;0400 UTC;;;;;;;;;;;;;;;;;;
2026/01/15;0500 UTC;;;;;;;;;;;;;;;;;;
2026/01/15;0600 UTC;;;;;;;;;;;;;;;;;;
2026/01/15;0700 UTC;;;;;;;;;;;;;;;;;;
2026/01/15;0800 UTC;;;;;;;;;;;;;;;;;;
2026/01/15;0900 UTC;;;;;;;;;;;;;;;;;;
2026/01/15;1000 UTC;;;;;;;;;;;;;;;;;;
2026/01/15;1100 UTC;;;;;;;;;;;;;;;;;;
2026/01/15;1200 UTC;;;;;;;;;;;;;;;;;;
2026/01/15;1300 UTC;;;;;;;;;;;;;;;;;;
2026/01/15;1400 UTC;;;;;;;;;;;;;;;;;;
2026/01/15;1500 UTC;;;;;;;;;;;;;;;;;;
2026/01/15;1600 UTC;;;;;;;;;;;;;;;;;;
2026/01/15;1700 UTC;;;;;;;;;;;;;;;;;;
2026/01/15;1800 UTC;;;;;;;;;;;;;;;;;;
2026/01/15;1900 UTC;;;;;;;;;;;;;;;;;;
2026/01/15;2000 UTC;;;;;;;;;;;;;;;;;;
2026/01/15;2100 UTC;;;;;;;;;;;;;;;;;;
2026/01/15;2200 UTC;;;;;;;;;;;;;;;;;;
2026/01/15;2300 UTC;;;;;;;;;;;;;;;;;;
2026/01/16;0000 UTC;;;;;;;;;;;;;;;;;;
2026/01/16;0100 UTC;;;;;;;;;;;;;;;;;;
2026/01/16;0200 UTC;;;;;;;;;;;;;;;;;;
2026/01/16;0300 UTC;;;;;;;;;;;;;;;;;;
2026/01/16;0400 UTC;;;;;;;;;;;;;;;;;;
2026/01/16;0500 UTC;;;;;;;;;;;;;;;;;;
2026/01/16;0600 UTC;;;;;;;;;;;;;;;;;;
2026/01/16;0700 UTC;;;;;;;;;;;;;;;;;;
2026/01/16;0800 UTC;;;;;;;;;;;;;;;;;;
2026/01/16;0900 UTC;;;;;;;;;;;;;;;;;;
2026/01/16;1000 UTC;;;;;;;;;;;;;;;;;;
2026/01/16;1100 UTC;;;;;;;;;;;;;;;;;;
2026/01/16;1200 UTC;;;;;;;;;;;;;;;;;;
2026/01/16;1300 UTC;;;;;;;;;;;;;;;;;;
2026/01/16;1400 UTC;;;;;;;;;;;;;;;;;;
2026/01/16;1500 UTC;;;;;;;;;;;;;;;;;;
2026/01/16;1600 UTC;;;;;;;;;;;;;;;;;;
2026/01/16;1700 UTC;;;;;;;;;;;;;;;;;;
2026/01/16;1800 UTC;;;;;;;;;;;;;;;;;;
2026/01/16;1900 UTC;;;;;;;;;;;;;;;;;;
2026/01/16;2000 UTC;;;;;;;;;;;;;;;;;;
2026/01/16;2100 UTC;;;;;;;;;;;;;;;;;;
2026/01/16;2200 UTC;;;;;;;;;;;;;;;;;;
2026/01/16;2300 UTC;;;;;;;;;;;;;;;;;;
2026/01/17;0000 UTC;;;;;;;;;;;;;;;;;;
2026/01/17;0100 UTC;;;;;;;;;;;;;;;;;;
2026/01/17;0200 UTC;;;;;;;;;;;;;;;;;;
2026/01/17;0300 UTC;;;;;;;;;;;;;;;;;;
2026/01/17;0400 UTC;;;;;;;;;;;;;;;;;;
2026/01/17;0500 UTC;;;;;;;;;;;;;;;;;;
2026/01/17;0600 UTC;;;;;;;;;;;;;;;;;;
2026/01/17;0700 UTC;;;;;;;;;;;;;;;;;;
2026/01/17;0800 UTC;;;;;;;;;;;;;;;;;;
2026/01/17;0900 UTC;;;;;;;;;;;;;;;;;;
2026/01/17;1000 UTC;;;;;;;;;;;;;;;;;;
2026/01/17;1100 UTC;;;;;;;;;;;;;;;;;;
2026/01/17;1200 UTC;;;;;;;;;;;;;;;;;;
2026/01/17;1300 UTC;;;;;;;;;;;;;;;;;;
2026/01/17;1400 UTC;;;;;;;;;;;;;;;;;;
2026/01/17;1500 UTC;;;;;;;;;;;;;;;;;;
2026/01/17;1600 UTC;;;;;;;;;;;;;;;;;;
2026/01/17;1700 UTC;;;;;;;;;;;;;;;;;;
2026/01/17;1800 UTC;;;;;;;;;;;;;;;;;;
2026/01/17;1900 UTC;;;;;;;;;;;;;;;;;;
2026/01/17;2000 UTC;;;;;;;;;;;;;;;;;;
2026/01/17;2100 UTC;;;;;;;;;;;;;;;;;;
2026/01/17;2200 UTC;;;;;;;;;;;;;;;;;;
2026/01/17;2300 UTC;;;;;;;;;;;;;;;;;;
2026/01/18;0000 UTC;;;;;;;;;;;;;;;;;;
2026/01/18;0100 UTC;;;;;;;;;;;;;;;;;;
2026/01/18;0200 UTC;;;;;;;;;;;;;;;;;;
2026/01/18;0300 UTC;;;;;;;;;;;;;;;;;;
2026/01/18;0400 UTC;;;;;;;;;;;;;;;;;;
2026/01/18;0500 UTC;;;;;;;;;;;;;;;;;;
2026/01/18;0600 UTC;;;;;;;;;;;;;;;;;;
2026/01/18;0700 UTC;;;;;;;;;;;;;;;;;;
2026/01/18;0800 UTC;;;;;;;;;;;;;;;;;;
2026/01/18;0900 UTC;;;;;;;;;;;;;;;;;;
2026/01/18;1000 UTC;;;;;;;;;;;;;;;;;;
2026/01/18;1100 UTC;;;;;;;;;;;;;;;;;;
2026/01/18;1200 UTC;;;;;;;;;;;;;;;;;;
2026/01/18;1300 UTC;;;;;;;;;;;;;;;;;;
2026/01/18;1400 UTC;;;;;;;;;;;;;;;;;;
2026/01/18;1500 UTC;;;;;;;;;;;;;;;;;;
2026/01/18;1600 UTC;;;;;;;;;;;;;;;;;;
2026/01/18;1700 UTC;;;;;;;;;;;;;;;;;;
2026/01/18;1800 UTC;;;;;;;;;;;;;;;;;;
2026/01/18;1900 UTC;;;;;;;;;;;;;;;;;;
2026/01/18;2000 UTC;;;;;;;;;;;;;;;;;;
2026/01/18;2100 UTC;;;;;;;;;;;;;;;;;;
2026/01/18;2200 UTC;;;;;;;;;;;;;;;;;;
2026/01/18;2300 UTC;;;;;;;;;;;;;;;;;;
2026/01/19;0000 UTC;;;;;;;;;;;;;;;;;;
2026/01/19;0100 UTC;;;;;;;;;;;;;;;;;;
2026/01/19;0200 UTC;;;;;;;;;;;;;;;;;;
2026/01/19;0300 UTC;;;;;;;;;;;;;;;;;;
2026/01/19;0400 UTC;;;;;;;;;;;;;;;;;;
2026/01/19;0500 UTC;;;;;;;;;;;;;;;;;;
2026/01/19;0600 UTC;;;;;;;;;;;;;;;;;;
2026/01/19;0700 UTC;;;;;;;;;;;;;;;;;;
2026/01/19;0800 UTC;;;;;;;;;;;;;;;;;;
2026/01/19;0900 UTC;;;;;;;;;;;;;;;;;;
2026/01/19;1000 UTC;;;;;;;;;;;;;;;;;;
2026/01/19;1100 UTC;;;;;;;;;;;;;;;;;;
2026/01/19;1200 UTC;;;;;;;;;;;;;;;;;;
2026/01/19;1300 UTC;;;;;;;;;;;;;;;;;;
2026/01/19;1400 UTC;;;;;;;;;;;;;;;;;;
2026/01/19;1500 UTC;;;;;;;;;;;;;;;;;;
2026/01/19;1600 UTC;;;;;;;;;;;;;;;;;;
2026/01/19;1700 UTC;;;;;;;;;;;;;;;;;;
2026/01/19;1800 UTC;;;;;;;;;;;;;;;;;;
2026/01/19;1900 UTC;;;;;;;;;;;;;;;;;;
2026/01/19;2000 UTC;;;;;;;;;;;;;;;;;;
2026/01/19;2100 UTC;;;;;;;;;;;;;;;;;;
2026/01/19;2200 UTC;;;;;;;;;;;;;;;;;;
2026/01/19;2300 UTC;;;;;;;;;;;;;;;;;;
2026/01/20;0000 UTC;;;;;;;;;;;;;;;;;;
2026/01/20;0100 UTC;;;;;;;;;;;;;;;;;;
2026/01/20;0200 UTC;;;;;;;;;;;;;;;;;;
2026/01/20;0300 UTC;;;;;;;;;;;;;;;;;;
2026/01/20;0400 UTC;;;;;;;;;;;;;;;;;;
2026/01/20;0500 UTC;;;;;;;;;;;;;;;;;;
2026/01/20;0600 UTC;;;;;;;;;;;;;;;;;;
2026/01/20;0700 UTC;;;;;;;;;;;;;;;;;;
2026/01/20;0800 UTC;;;;;;;;;;;;;;;;;;
2026/01/20;0900 UTC;;;;;;;;;;;;;;;;;;
2026/01/20;1000 UTC;;;;;;;;;;;;;;;;;;
2026/01/20;1100 UTC;;;;;;;;;;;;;;;;;;
2026/01/20;1200 UTC;;;;;;;;;;;;;;;;;;
2026/01/20;1300 UTC;;;;;;;;;;;;;;;;;;
2026/01/20;1400 UTC;;;;;;;;;;;;;;;;;;
2026/01/20;1500 UTC;;;;;;;;;;;;;;;;;;
2026/01/20;1600 UTC;;;;;;;;;;;;;;;;;;
2026/01/20;1700 UTC;;;;;;;;;;;;;;;;;;
2026/01/20;1800 UTC;;;;;;;;;;;;;;;;;;
2026/01/20;1900 UTC;;;;;;;;;;;;;;;;;;
2026/01/20;2000 UTC;;;;;;;;;;;;;;;;;;
2026/01/20;2100 UTC;;;;;;;;;;;;;;;;;;
2026/01/20;2200 UTC;;;;;;;;;;;;;;;;;;
2026/01/20;2300 UTC;;;;;;;;;;;;;;;;;;
2026/01/21;0000 UTC;;;;;;;;;;;;;;;;;;
2026/01/21;0100 UTC;;;;;;;;;;;;;;;;;;
2026/01/21;0200 UTC;;;;;;;;;;;;;;;;;;
2026/01/21;0300 UTC;;;;;;;;;;;;;;;;;;
2026/01/21;0400 UTC;;;;;;;;;;;;;;;;;;
2026/01/21;0500 UTC;;;;;;;;;;;;;;;;;;
2026/01/21;0600 UTC;;;;;;;;;;;;;;;;;;
2026/01/21;0700 UTC;;;;;;;;;;;;;;;;;;
2026/01/21;0800 UTC;;;;;;;;;;;;;;;;;;
2026/01/21;0900 UTC;;;;;;;;;;;;;;;;;;
2026/01/21;1000 UTC;;;;;;;;;;;;;;;;;;
2026/01/21;1100 UTC;;;;;;;;;;;;;;;;;;
2026/01/21;1200 UTC;;;;;;;;;;;;;;;;;;
2026/01/21;1300 UTC;;;;;;;;;;;;;;;;;;
2026/01/21;1400 UTC;;;;;;;;;;;;;;;;;;
2026/01/21;1500 UTC;;;;;;;;;;;;;;;;;;
2026/01/21;1600 UTC;;;;;;;;;;;;;;;;;;
2026/01/21;1700 UTC;;;;;;;;;;;;;;;;;;
2026/01/21;1800 UTC;;;;;;;;;;;;;;;;;;
2026/01/21;1900 UTC;;;;;;;;;;;;;;;;;;
2026/01/21;2000 UTC;;;;;;;;;;;;;;;;;;
2026/01/21;2100 UTC;;;;;;;;;;;;;;;;;;
2026/01/21;2200 UTC;;;;;;;;;;;;;;;;;;
2026/01/21;2300 UTC;;;;;;;;;;;;;;;;;;
2026/01/22;0000 UTC;;;;;;;;;;;;;;;;;;
2026/01/22;0100 UTC;;;;;;;;;;;;;;;;;;
2026/01/22;0200 UTC;;;;;;;;;;;;;;;;;;
2026/01/22;0300 UTC;;;;;;;;;;;;;;;;;;
2026/01/22;0400 UTC;;;;;;;;;;;;;;;;;;
2026/01/22;0500 UTC;;;;;;;;;;;;;;;;;;
2026/01/22;0600 UTC;;;;;;;;;;;;;;;;;;
2026/01/22;0700 UTC;;;;;;;;;;;;;;;;;;
2026/01/22;0800 UTC;;;;;;;;;;;;;;;;;;
2026/01/22;0900 UTC;;;;;;;;;;;;;;;;;;
2026/01/22;1000 UTC;;;;;;;;;;;;;;;;;;
2026/01/22;1100 UTC;;;;;;;;;;;;;;;;;;
2026/01/22;1200 UTC;;;;;;;;;;;;;;;;;;
2026/01/22;1300 UTC;;;;;;;;;;;;;;;;;;
2026/01/22;1400 UTC;;;;;;;;;;;;;;;;;;
2026/01/22;1500 UTC;;;;;;;;;;;;;;;;;;
2026/01/22;1600 UTC;;;;;;;;;;;;;;;;;;
2026/01/22;1700 UTC;;;;;;;;;;;;;;;;;;
2026/01/22;1800 UTC;;;;;;;;;;;;;;;;;;
2026/01/22;1900 UTC;;;;;;;;;;;;;;;;;;
2026/01/22;2000 UTC;;;;;;;;;;;;;;;;;;
2026/01/22;2100 UTC;;;;;;;;;;;;;;;;;;
2026/01/22;2200 UTC;;;;;;;;;;;;;;;;;;
2026/01/22;2300 UTC;;;;;;;;;;;;;;;;;;
2026/01/23;0000 UTC;;;;;;;;;;;;;;;;;;
2026/01/23;0100 UTC;;;;;;;;;;;;;;;;;;
2026/01/23;0200 UTC;;;;;;;;;;;;;;;;;;
2026/01/23;0300 UTC;;;;;;;;;;;;;;;;;;
2026/01/23;0400 UTC;;;;;;;;;;;;;;;;;;
2026/01/23;0500 UTC;;;;;;;;;;;;;;;;;;
2026/01/23;0600 UTC;;;;;;;;;;;;;;;;;;
2026/01/23;0700 UTC;;;;;;;;;;;;;;;;;;
2026/01/23;0800 UTC;;;;;;;;;;;;;;;;;;
2026/01/23;0900 UTC;;;;;;;;;;;;;;;;;;
2026/01/23;1000 UTC;;;;;;;;;;;;;;;;;;
2026/01/23;1100 UTC;;;;;;;;;;;;;;;;;;
2026/01/23;1200 UTC;;;;;;;;;;;;;;;;;;
2026/01/23;1300 UTC;;;;;;;;;;;;;;;;;;
2026/01/23;1400 UTC;;;;;;;;;;;;;;;;;;
2026/01/23;1500 UTC;;;;;;;;;;;;;;;;;;
2026/01/23;1600 UTC;;;;;;;;;;;;;;;;;;
2026/01/23;1700 UTC;;;;;;;;;;;;;;;;;;
2026/01/23;1800 UTC;;;;;;;;;;;;;;;;;;
2026/01/23;1900 UTC;;;;;;;;;;;;;;;;;;
2026/01/23;2000 UTC;;;;;;;;;;;;;;;;;;
2026/01/23;2100 UTC;;;;;;;;;;;;;;;;;;
2026/01/23;2200 UTC;;;;;;;;;;;;;;;;;;
2026/01/23;2300 UTC;;;;;;;;;;;;;;;;;;
2026/01/24;0000 UTC;;;;;;;;;;;;;;;;;;
2026/01/24;0100 UTC;;;;;;;;;;;;;;;;;;
2026/01/24;0200 UTC;;;;;;;;;;;;;;;;;;
2026/01/24;0300 UTC;;;;;;;;;;;;;;;;;;
2026/01/24;0400 UTC;;;;;;;;;;;;;;;;;;
2026/01/24;0500 UTC;;;;;;;;;;;;;;;;;;
2026/01/24;0600 UTC;;;;;;;;;;;;;;;;;;
2026/01/24;0700 UTC;;;;;;;;;;;;;;;;;;
2026/01/24;0800 UTC;;;;;;;;;;;;;;;;;;
2026/01/24;0900 UTC;;;;;;;;;;;;;;;;;;
2026/01/24;1000 UTC;;;;;;;;;;;;;;;;;;
2026/01/24;1100 UTC;;;;;;;;;;;;;;;;;;
2026/01/24;1200 UTC;;;;;;;;;;;;;;;;;;
2026/01/24;1300 UTC;;;;;;;;;;;;;;;;;;
2026/01/24;1400 UTC;;;;;;;;;;;;;;;;;;
2026/01/24;1500 UTC;;;;;;;;;;;;;;;;;;
2026/01/24;1600 UTC;;;;;;;;;;;;;;;;;;
2026/01/24;1700 UTC;;;;;;;;;;;;;;;;;;
2026/01/24;1800 UTC;;;;;;;;;;;;;;;;;;
2026/01/24;1900 UTC;;;;;;;;;;;;;;;;;;
2026/01/24;2000 UTC;;;;;;;;;;;;;;;;;;
2026/01/24;2100 UTC;;;;;;;;;;;;;;;;;;
2026/01/24;2200 UTC;;;;;;;;;;;;;;;;;;
2026/01/24;2300 UTC;;;;;;;;;;;;;;;;;;
2026/01/25;0000 UTC;;;;;;;;;;;;;;;;;;
2026/01/25;0100 UTC;;;;;;;;;;;;;;;;;;
2026/01/25;0200 UTC;;;;;;;;;;;;;;;;;;
2026/01/25;0300 UTC;;;;;;;;;;;;;;;;;;
2026/01/25;0400 UTC;;;;;;;;;;;;;;;;;;
2026/01/25;0500 UTC;;;;;;;;;;;;;;;;;;
2026/01/25;0600 UTC;;;;;;;;;;;;;;;;;;
2026/01/25;0700 UTC;;;;;;;;;;;;;;;;;;
2026/01/25;0800 UTC;;;;;;;;;;;;;;;;;;
2026/01/25;0900 UTC;;;;;;;;;;;;;;;;;;
2026/01/25;1000 UTC;;;;;;;;;;;;;;;;;;
2026/01/25;1100 UTC;;;;;;;;;;;;;;;;;;
2026/01/25;1200 UTC;;;;;;;;;;;;;;;;;;
2026/01/25;1300 UTC;;;;;;;;;;;;;;;;;;
2026/01/25;1400 UTC;;;;;;;;;;;;;;;;;;
2026/01/25;1500 UTC;;;;;;;;;;;;;;;;;;
2026/01/25;1600 UTC;;;;;;;;;;;;;;;;;;
2026/01/25;1700 UTC;;;;;;;;;;;;;;;;;;
2026/01/25;1800 UTC;;;;;;;;;;;;;;;;;;
2026/01/25;1900 UTC;;;;;;;;;;;;;;;;;;
2026/01/25;2000 UTC;;;;;;;;;;;;;;;;;;
2026/01/25;2100 UTC;;;;;;;;;;;;;;;;;;
2026/01/25;2200 UTC;;;;;;;;;;;;;;;;;;
2026/01/25;2300 UTC;;;;;;;;;;;;;;;;;;
2026/01/26;0000 UTC;;;;;;;;;;;;;;;;;;
2026/01/26;0100 UTC;;;;;;;;;;;;;;;;;;
2026/01/26;0200 UTC;;;;;;;;;;;;;;;;;;
2026/01/26;0300 UTC;;;;;;;;;;;;;;;;;;
2026/01/26;0400 UTC;;;;;;;;;;;;;;;;;;
2026/01/26;0500 UTC;;;;;;;;;;;;;;;;;;
2026/01/26;0600 UTC;;;;;;;;;;;;;;;;;;
2026/01/26;0700 UTC;;;;;;;;;;;;;;;;;;
2026/01/26;0800 UTC;;;;;;;;;;;;;;;;;;
2026/01/26;0900 UTC;;;;;;;;;;;;;;;;;;
2026/01/26;1000 UTC;;;;;;;;;;;;;;;;;;
2026/01/26;1100 UTC;;;;;;;;;;;;;;;;;;
2026/01/26;1200 UTC;;;;;;;;;;;;;;;;;;
2026/01/26;1300 UTC;;;;;;;;;;;;;;;;;;
2026/01/26;1400 UTC;;;;;;;;;;;;;;;;;;
2026/01/26;1500 UTC;;;;;;;;;;;;;;;;;;
2026/01/26;1600 UTC;;;;;;;;;;;;;;;;;;
2026/01/26;1700 UTC;;;;;;;;;;;;;;;;;;
2026/01/26;1800 UTC;;;;;;;;;;;;;;;;;;
2026/01/26;1900 UTC;;;;;;;;;;;;;;;;;;
2026/01/26;2000 UTC;;;;;;;;;;;;;;;;;;
2026/01/26;2100 UTC;;;;;;;;;;;;;;;;;;
2026/01/26;2200 UTC;;;;;;;;;;;;;;;;;;
2026/01/26;2300 UTC;;;;;;;;;;;;;;;;;;
2026/01/27;0000 UTC;;;;;;;;;;;;;;;;;;
2026/01/27;0100 UTC;;;;;;;;;;;;;;;;;;
2026/01/27;0200 UTC;;;;;;;;;;;;;;;;;;
2026/01/27;0300 UTC;;;;;;;;;;;;;;;;;;
2026/01/27;0400 UTC;;;;;;;;;;;;;;;;;;
2026/01/27;0500 UTC;;;;;;;;;;;;;;;;;;
2026/01/27;0600 UTC;;;;;;;;;;;;;;;;;;
2026/01/27;0700 UTC;;;;;;;;;;;;;;;;;;
2026/01/27;0800 UTC;;;;;;;;;;;;;;;;;;
2026/01/27;0900 UTC;;;;;;;;;;;;;;;;;;
2026/01/27;1000 UTC;;;;;;;;;;;;;;;;;;
2026/01/27;1100 UTC;;;;;;;;;;;;;;;;;;
2026/01/27;1200 UTC;;;;;;;;;;;;;;;;;;
2026/01/27;1300 UTC;;;;;;;;;;;;;;;;;;
2026/01/27;1400 UTC;;;;;;;;;;;;;;;;;;
2026/01/27;1500 UTC;;;;;;;;;;;;;;;;;;
2026/01/27;1600 UTC;;;;;;;;;;;;;;;;;;
2026/01/27;1700 UTC;;;;;;;;;;;;;;;;;;
2026/01/27;1800 UTC;;;;;;;;;;;;;;;;;;
2026/01/27;1900 UTC;;;;;;;;;;;;;;;;;;
2026/01/27;2000 UTC;;;;;;;;;;;;;;;;;;
2026/01/27;2100 UTC;;;;;;;;;;;;;;;;;;
2026/01/27;2200 UTC;;;;;;;;;;;;;;;;;;
2026/01/27;2300 UTC;;;;;;;;;;;;;;;;;;
2026/01/28;0000 UTC;;;;;;;;;;;;;;;;;;
2026/01/28;0100 UTC;;;;;;;;;;;;;;;;;;
2026/01/28;0200 UTC;;;;;;;;;;;;;;;;;;
2026/01/28;0300 UTC;;;;;;;;;;;;;;;;;;
2026/01/28;0400 UTC;;;;;;;;;;;;;;;;;;
2026/01/28;0500 UTC;;;;;;;;;;;;;;;;;;
2026/01/28;0600 UTC;;;;;;;;;;;;;;;;;;
2026/01/28;0700 UTC;;;;;;;;;;;;;;;;;;
2026/01/28;0800 UTC;;;;;;;;;;;;;;;;;;
2026/01/28;0900 UTC;;;;;;;;;;;;;;;;;;
2026/01/28;1000 UTC;;;;;;;;;;;;;;;;;;
2026/01/28;1100 UTC;;;;;;;;;;;;;;;;;;
2026/01/28;1200 UTC;;;;;;;;;;;;;;;;;;
2026/01/28;1300 UTC;;;;;;;;;;;;;;;;;;
2026/01/28;1400 UTC;;;;;;;;;;;;;;;;;;
2026/01/28;1500 UTC;;;;;;;;;;;;;;;;;;
2026/01/28;1600 UTC;;;;;;;;;;;;;;;;;;
2026/01/28;1700 UTC;;;;;;;;;;;;;;;;;;
2026/01/28;1800 UTC;;;;;;;;;;;;;;;;;;
2026/01/28;1900 UTC;;;;;;;;;;;;;;;;;;
2026/01/28;2000 UTC;;;;;;;;;;;;;;;;;;
2026/01/28;2100 UTC;;;;;;;;;;;;;;;;;;
2026/01/28;2200 UTC;;;;;;;;;;;;;;;;;;
2026/01/28;2300 UTC;;;;;;;;;;;;;;;;;;
2026/01/29;0000 UTC;;;;;;;;;;;;;;;;;;
2026/01/29;0100 UTC;;;;;;;;;;;;;;;;;;
2026/01/29;0200 UTC;;;;;;;;;;;;;;;;;;
2026/01/29;0300 UTC;;;;;;;;;;;;;;;;;;
2026/01/29;0400 UTC;;;;;;;;;;;;;;;;;;
2026/01/29;0500 UTC;;;;;;;;;;;;;;;;;;
2026/01/29;0600 UTC;;;;;;;;;;;;;;;;;;
2026/01/29;0700 UTC;;;;;;;;;;;;;;;;;;
2026/01/29;0800 UTC;;;;;;;;;;;;;;;;;;
2026/01/29;0900 UTC;;;;;;;;;;;;;;;;;;
2026/01/29;1000 UTC;;;;;;;;;;;;;;;;;;
2026/01/29;1100 UTC;;;;;;;;;;;;;;;;;;
2026/01/29;1200 UTC;;;;;;;;;;;;;;;;;;
2026/01/29;1300 UTC;;;;;;;;;;;;;;;;;;
2026/01/29;1400 UTC;;;;;;;;;;;;;;;;;;
2026/01/29;1500 UTC;;;;;;;;;;;;;;;;;;
2026/01/29;1600 UTC;;;;;;;;;;;;;;;;;;
2026/01/29;1700 UTC;;;;;;;;;;;;;;;;;;
2026/01/29;1800 UTC;;;;;;;;;;;;;;;;;;
2026/01/29;1900 UTC;;;;;;;;;;;;;;;;;;
2026/01/29;2000 UTC;;;;;;;;;;;;;;;;;;
2026/01/29;2100 UTC;;;;;;;;;;;;;;;;;;
2026/01/29;2200 UTC;;;;;;;;;;;;;;;;;;
2026/01/29;2300 UTC;;;;;;;;;;;;;;;;;;
2026/01/30;0000 UTC;;;;;;;;;;;;;;;;;;
2026/01/30;0100 UTC;;;;;;;;;;;;;;;;;;
2026/01/30;0200 UTC;;;;;;;;;;;;;;;;;;
2026/01/30;0300 UTC;;;;;;;;;;;;;;;;;;
2026/01/30;0400 UTC;;;;;;;;;;;;;;;;;;
2026/01/30;0500 UTC;;;;;;;;;;;;;;;;;;
2026/01/30;0600 UTC;;;;;;;;;;;;;;;;;;
2026/01/30;0700 UTC;;;;;;;;;;;;;;;;;;
2026/01/30;0800 UTC;;;;;;;;;;;;;;;;;;
2026/01/30;0900 UTC;;;;;;;;;;;;;;;;;;
2026/01/30;1000 UTC;;;;;;;;;;;;;;;;;;
2026/01/30;1100 UTC;;;;;;;;;;;;;;;;;;
2026/01/30;1200 UTC;;;;;;;;;;;;;;;;;;
2026/01/30;1300 UTC;;;;;;;;;;;;;;;;;;
2026/01/30;1400 UTC;;;;;;;;;;;;;;;;;;
2026/01/30;1500 UTC;;;;;;;;;;;;;;;;;;
2026/01/30;1600 UTC;;;;;;;;;;;;;;;;;;
2026/01/30;1700 UTC;;;;;;;;;;;;;;;;;;
2026/01/30;1800 UTC;;;;;;;;;;;;;;;;;;
2026/01/30;1900 UTC;;;;;;;;;;;;;;;;;;
2026/01/30;2000 UTC;;;;;;;;;;;;;;;;;;
2026/01/30;2100 UTC;;;;;;;;;;;;;;;;;;
2026/01/30;2200 UTC;;;;;;;;;;;;;;;;;;
2026/01/30;2300 UTC;;;;;;;;;;;;;;;;;;
2026/01/31;0000 UTC;;;;;;;;;;;;;;;;;;
2026/01/31;0100 UTC;;;;;;;;;;;;;;;;;;
2026/01/31;0200 UTC;;;;;;;;;;;;;;;;;;
2026/01/31;0300 UTC;;;;;;;;;;;;;;;;;;
2026/01/31;0400 UTC;;;;;;;;;;;;;;;;;;
2026/01/31;0500 UTC;;;;;;;;;;;;;;;;;;
2026/01/31;0600 UTC;;;;;;;;;;;;;;;;;;
2026/01/31;0700 UTC;;;;;;;;;;;;;;;;;;
2026/01/31;0800 UTC;;;;;;;;;;;;;;;;;;
2026/01/31;0900 UTC;;;;;;;;;;;;;;;;;;
2026/01/31;1000 UTC;;;;;;;;;;;;;;;;;;
2026/01/31;1100 UTC;;;;;;;;;;;;;;;;;;
2026/01/31;1200 UTC;;;;;;;;;;;;;;;;;;
2026/01/31;1300 UTC;;;;;;;;;;;;;;;;;;
2026/01/31;1400 UTC;;;;;;;;;;;;;;;;;;
2026/01/31;1500 UTC;;;;;;;;;;;;;;;;;;
2026/01/31;1600 UTC;;;;;;;;;;;;;;;;;;
2026/01/31;1700 UTC;;;;;;;;;;;;;;;;;;
2026/01/31;1800 UTC;;;;;;;;;;;;;;;;;;
2026/01/31;1900 UTC;;;;;;;;;;;;;;;;;;
2026/01/31;2000 UTC;;;;;;;;;;;;;;;;;;
2026/01/31;2100 UTC;;;;;;;;;;;;;;;;;;
2026/01/31;2200 UTC;;;;;;;;;;;;;;;;;;
2026/01/31;2300 UTC;;;;;;;;;;;;;;;;;;
2026/02/01;0000 UTC;;;;;;;;;;;;;;;;;;
2026/02/01;0100 UTC;;;;;;;;;;;;;;;;;;
2026/02/01;0200 UTC;;;;;;;;;;;;;;;;;;
2026/02/01;0300 UTC;;;;;;;;;;;;;;;;;;
2026/02/01;0400 UTC;;;;;;;;;;;;;;;;;;
2026/02/01;0500 UTC;;;;;;;;;;;;;;;;;;
2026/02/01;0600 UTC;;;;;;;;;;;;;;;;;;
2026/02/01;0700 UTC;;;;;;;;;;;;;;;;;;
2026/02/01;0800 UTC;;;;;;;;;;;;;;;;;;
2026/02/01;0900 UTC;;;;;;;;;;;;;;;;;;
2026/02/01;1000 UTC;;;;;;;;;;;;;;;;;;
2026/02/01;1100 UTC;;;;;;;;;;;;;;;;;;
2026/02/01;1200 UTC;;;;;;;;;;;;;;;;;;
2026/02/01;1300 UTC;;;;;;;;;;;;;;;;;;
2026/02/01;1400 UTC;;;;;;;;;;;;;;;;;;
2026/02/01;1500 UTC;;;;;;;;;;;;;;;;;;
2026/02/01;1600 UTC;;;;;;;;;;;;;;;;;;
2026/02/01;1700 UTC;;;;;;;;;;;;;;;;;;
2026/02/01;1800 UTC;;;;;;;;;;;;;;;;;;
2026/02/01;1900 UTC;;;;;;;;;;;;;;;;;;
2026/02/01;2000 UTC;;;;;;;;;;;;;;;;;;
2026/02/01;2100 UTC;;;;;;;;;;;;;;;;;;
2026/02/01;2200 UTC;;;;;;;;;;;;;;;;;;
2026/02/01;2300 UTC;;;;;;;;;;;;;;;;;;
2026/02/02;0000 UTC;;;;;;;;;;;;;;;;;;
2026/02/02;0100 UTC;;;;;;;;;;;;;;;;;;
2026/02/02;0200 UTC;;;;;;;;;;;;;;;;;;
2026/02/02;0300 UTC;;;;;;;;;;;;;;;;;;
2026/02/02;0400 UTC;;;;;;;;;;;;;;;;;;
2026/02/02;0500 UTC;;;;;;;;;;;;;;;;;;
2026/02/02;0600 UTC;;;;;;;;;;;;;;;;;;
2026/02/02;0700 UTC;;;;;;;;;;;;;;;;;;
2026/02/02;0800 UTC;;;;;;;;;;;;;;;;;;
2026/02/02;0900 UTC;;;;;;;;;;;;;;;;;;
2026/02/02;1000 UTC;;;;;;;;;;;;;;;;;;
2026/02/02;1100 UTC;;;;;;;;;;;;;;;;;;
2026/02/02;1200 UTC;;;;;;;;;;;;;;;;;;
2026/02/02;1300 UTC;;;;;;;;;;;;;;;;;;
2026/02/02;1400 UTC;;;;;;;;;;;;;;;;;;
2026/02/02;1500 UTC;;;;;;;;;;;;;;;;;;
2026/02/02;1600 UTC;;;;;;;;;;;;;;;;;;
2026/02/02;1700 UTC;;;;;;;;;;;;;;;;;;
2026/02/02;1800 UTC;;;;;;;;;;;;;;;;;;
2026/02/02;1900 UTC;;;;;;;;;;;;;;;;;;
2026/02/02;2000 UTC;;;;;;;;;;;;;;;;;;
2026/02/02;2100 UTC;;;;;;;;;;;;;;;;;;
2026/02/02;2200 UTC;;;;;;;;;;;;;;;;;;
2026/02/02;2300 UTC;;;;;;;;;;;;;;;;;;
2026/02/03;0000 UTC;;;;;;;;;;;;;;;;;;
2026/02/03;0100 UTC;;;;;;;;;;;;;;;;;;
2026/02/03;0200 UTC;;;;;;;;;;;;;;;;;;
2026/02/03;0300 UTC;;;;;;;;;;;;;;;;;;
2026/02/03;0400 UTC;;;;;;;;;;;;;;;;;;
2026/02/03;0500 UTC;;;;;;;;;;;;;;;;;;
2026/02/03;0600 UTC;;;;;;;;;;;;;;;;;;
2026/02/03;0700 UTC;;;;;;;;;;;;;;;;;;
2026/02/03;0800 UTC;;;;;;;;;;;;;;;;;;
2026/02/03;0900 UTC;;;;;;;;;;;;;;;;;;
2026/02/03;1000 UTC;;;;;;;;;;;;;;;;;;
2026/02/03;1100 UTC;;;;;;;;;;;;;;;;;;
2026/02/03;1200 UTC;;;;;;;;;;;;;;;;;;
2026/02/03;1300 UTC;;;;;;;;;;;;;;;;;;
2026/02/03;1400 UTC;;;;;;;;;;;;;;;;;;
2026/02/03;1500 UTC;;;;;;;;;;;;;;;;;;
2026/02/03;1600 UTC;;;;;;;;;;;;;;;;;;
2026/02/03;1700 UTC;;;;;;;;;;;;;;;;;;
2026/02/03;1800 UTC;;;;;;;;;;;;;;;;;;
2026/02/03;1900 UTC;;;;;;;;;;;;;;;;;;
2026/02/03;2000 UTC;;;;;;;;;;;;;;;;;;
2026/02/03;2100 UTC;;;;;;;;;;;;;;;;;;
2026/02/03;2200 UTC;;;;;;;;;;;;;;;;;;
2026/02/03;2300 UTC;;;;;;;;;;;;;;;;;;
2026/02/04;0000 UTC;;;;;;;;;;;;;;;;;;
2026/02/04;0100 UTC;;;;;;;;;;;;;;;;;;
2026/02/04;0200 UTC;;;;;;;;;;;;;;;;;;
2026/02/04;0300 UTC;;;;;;;;;;;;;;;;;;
2026/02/04;0400 UTC;;;;;;;;;;;;;;;;;;
2026/02/04;0500 UTC;;;;;;;;;;;;;;;;;;
2026/02/04;0600 UTC;;;;;;;;;;;;;;;;;;
2026/02/04;0700 UTC;;;;;;;;;;;;;;;;;;
2026/02/04;0800 UTC;;;;;;;;;;;;;;;;;;
2026/02/04;0900 UTC;;;;;;;;;;;;;;;;;;
2026/02/04;1000 UTC;;;;;;;;;;;;;;;;;;
2026/02/04;1100 UTC;;;;;;;;;;;;;;;;;;
2026/02/04;1200 UTC;;;;;;;;;;;;;;;;;;
2026/02/04;1300 UTC;;;;;;;;;;;;;;;;;;
2026/02/04;1400 UTC;;;;;;;;;;;;;;;;;;
2026/02/04;1500 UTC;;;;;;;;;;;;;;;;;;
2026/02/04;1600 UTC;;;;;;;;;;;;;;;;;;
2026/02/04;1700 UTC;;;;;;;;;;;;;;;;;;
2026/02/04;1800 UTC;;;;;;;;;;;;;;;;;;
2026/02/04;1900 UTC;;;;;;;;;;;;;;;;;;
2026/02/04;2000 UTC;;;;;;;;;;;;;;;;;;
2026/02/04;2100 UTC;;;;;;;;;;;;;;;;;;
2026/02/04;2200 UTC;;;;;;;;;;;;;;;;;;
2026/02/04;2300 UTC;;;;;;;;;;;;;;;;;;
2026/02/05;0000 UTC;;;;;;;;;;;;;;;;;;
2026/02/05;0100 UTC;;;;;;;;;;;;;;;;;;
2026/02/05;0200 UTC;;;;;;;;;;;;;;;;;;
2026/02/05;0300 UTC;;;;;;;;;;;;;;;;;;
2026/02/05;0400 UTC;;;;;;;;;;;;;;;;;;
2026/02/05;0500 UTC;;;;;;;;;;;;;;;;;;
2026/02/05;0600 UTC;;;;;;;;;;;;;;;;;;
2026/02/05;0700 UTC;;;;;;;;;;;;;;;;;;
2026/02/05;0800 UTC;;;;;;;;;;;;;;;;;;
2026/02/05;0900 UTC;;;;;;;;;;;;;;;;;;
2026/02/05;1000 UTC;;;;;;;;;;;;;;;;;;
2026/02/05;1100 UTC;;;;;;;;;;;;;;;;;;
2026/02/05;1200 UTC;;;;;;;;;;;;;;;;;;
2026/02/05;1300 UTC;;;;;;;;;;;;;;;;;;
2026/02/05;1400 UTC;;;;;;;;;;;;;;;;;;
2026/02/05;1500 UTC;;;;;;;;;;;;;;;;;;
2026/02/05;1600 UTC;;;;;;;;;;;;;;;;;;
2026/02/05;1700 UTC;;;;;;;;;;;;;;;;;;
2026/02/05;1800 UTC;;;;;;;;;;;;;;;;;;
2026/02/05;1900 UTC;;;;;;;;;;;;;;;;;;
2026/02/05;2000 UTC;;;;;;;;;;;;;;;;;;
2026/02/05;2100 UTC;;;;;;;;;;;;;;;;;;
2026/02/05;2200 UTC;;;;;;;;;;;;;;;;;;
2026/02/05;2300 UTC;;;;;;;;;;;;;;;;;;
2026/02/06;0000 UTC;;;;;;;;;;;;;;;;;;
2026/02/06;0100 UTC;;;;;;;;;;;;;;;;;;
2026/02/06;0200 UTC;;;;;;;;;;;;;;;;;;
2026/02/06;0300 UTC;;;;;;;;;;;;;;;;;;
2026/02/06;0400 UTC;;;;;;;;;;;;;;;;;;
2026/02/06;0500 UTC;;;;;;;;;;;;;;;;;;
2026/02/06;0600 UTC;;;;;;;;;;;;;;;;;;
2026/02/06;0700 UTC;;;;;;;;;;;;;;;;;;
2026/02/06;0800 UTC;;;;;;;;;;;;;;;;;;
2026/02/06;0900 UTC;;;;;;;;;;;;;;;;;;
2026/02/06;1000 UTC;;;;;;;;;;;;;;;;;;
2026/02/06;1100 UTC;;;;;;;;;;;;;;;;;;
2026/02/06;1200 UTC;;;;;;;;;;;;;;;;;;
2026/02/06;1300 UTC;;;;;;;;;;;;;;;;;;
2026/02/06;1400 UTC;;;;;;;;;;;;;;;;;;
2026/02/06;1500 UTC;;;;;;;;;;;;;;;;;;
2026/02/06;1600 UTC;;;;;;;;;;;;;;;;;;
2026/02/06;1700 UTC;;;;;;;;;;;;;;;;;;
2026/02/06;1800 UTC;;;;;;;;;;;;;;;;;;
2026/02/06;1900 UTC;;;;;;;;;;;;;;;;;;
2026/02/06;2000 UTC;;;;;;;;;;;;;;;;;;
2026/02/06;2100 UTC;;;;;;;;;;;;;;;;;;
2026/02/06;2200 UTC;;;;;;;;;;;;;;;;;;
2026/02/06;2300 UTC;;;;;;;;;;;;;;;;;;
2026/02/07;0000 UTC;;;;;;;;;;;;;;;;;;
2026/02/07;0100 UTC;;;;;;;;;;;;;;;;;;
2026/02/07;0200 UTC;;;;;;;;;;;;;;;;;;
2026/02/07;0300 UTC;;;;;;;;;;;;;;;;;;
2026/02/07;0400 UTC;;;;;;;;;;;;;;;;;;
2026/02/07;0500 UTC;;;;;;;;;;;;;;;;;;
2026/02/07;0600 UTC;;;;;;;;;;;;;;;;;;
2026/02/07;0700 UTC;;;;;;;;;;;;;;;;;;
2026/02/07;0800 UTC;;;;;;;;;;;;;;;;;;
2026/02/07;0900 UTC;;;;;;;;;;;;;;;;;;
2026/02/07;1000 UTC;;;;;;;;;;;;;;;;;;
2026/02/07;1100 UTC;;;;;;;;;;;;;;;;;;
2026/02/07;1200 UTC;;;;;;;;;;;;;;;;;;
2026/02/07;1300 UTC;;;;;;;;;;;;;;;;;;
2026/02/07;1400 UTC;;;;;;;;;;;;;;;;;;
2026/02/07;1500 UTC;;;;;;;;;;;;;;;;;;
2026/02/07;1600 UTC;;;;;;;;;;;;;;;;;;
2026/02/07;1700 UTC;;;;;;;;;;;;;;;;;;
2026/02/07;1800 UTC;;;;;;;;;;;;;;;;;;
2026/02/07;1900 UTC;;;;;;;;;;;;;;;;;;
2026/02/07;2000 UTC;;;;;;;;;;;;;;;;;;
2026/02/07;2100 UTC;;;;;;;;;;;;;;;;;;
2026/02/07;2200 UTC;;;;;;;;;;;;;;;;;;
2026/02/07;2300 UTC;;;;;;;;;;;;;;;;;;
2026/02/08;0000 UTC;;;;;;;;;;;;;;;;;;
2026/02/08;0100 UTC;;;;;;;;;;;;;;;;;;
2026/02/08;0200 UTC;;;;;;;;;;;;;;;;;;
2026/02/08;0300 UTC;;;;;;;;;;;;;;;;;;
2026/02/08;0400 UTC;;;;;;;;;;;;;;;;;;
2026/02/08;0500 UTC;;;;;;;;;;;;;;;;;;
2026/02/08;0600 UTC;;;;;;;;;;;;;;;;;;
2026/02/08;0700 UTC;;;;;;;;;;;;;;;;;;
2026/02/08;0800 UTC;;;;;;;;;;;;;;;;;;
2026/02/08;0900 UTC;;;;;;;;;;;;;;;;;;
2026/02/08;1000 UTC;;;;;;;;;;;;;;;;;;
2026/02/08;1100 UTC;;;;;;;;;;;;;;;;;;
2026/02/08;1200 UTC;;;;;;;;;;;;;;;;;;
2026/02/08;1300 UTC;;;;;;;;;;;;;;;;;;
2026/02/08;1400 UTC;;;;;;;;;;;;;;;;;;
2026/02/08;1500 UTC;;;;;;;;;;;;;;;;;;
2026/02/08;1600 UTC;;;;;;;;;;;;;;;;;;
2026/02/08;1700 UTC;;;;;;;;;;;;;;;;;;
2026/02/08;1800 UTC;;;;;;;;;;;;;;;;;;
2026/02/08;1900 UTC;;;;;;;;;;;;;;;;;;
2026/02/08;2000 UTC;;;;;;;;;;;;;;;;;;
2026/02/08;2100 UTC;;;;;;;;;;;;;;;;;;
2026/02/08;2200 UTC;;;;;;;;;;;;;;;;;;
2026/02/08;2300 UTC;;;;;;;;;;;;;;;;;;
2026/02/09;0000 UTC;;;;;;;;;;;;;;;;;;
2026/02/09;0100 UTC;;;;;;;;;;;;;;;;;;
2026/02/09;0200 UTC;;;;;;;;;;;;;;;;;;
2026/02/09;0300 UTC;;;;;;;;;;;;;;;;;;
2026/02/09;0400 UTC;;;;;;;;;;;;;;;;;;
2026/02/09;0500 UTC;;;;;;;;;;;;;;;;;;
2026/02/09;0600 UTC;;;;;;;;;;;;;;;;;;
2026/02/09;0700 UTC;;;;;;;;;;;;;;;;;;
2026/02/09;0800 UTC;;;;;;;;;;;;;;;;;;
2026/02/09;0900 UTC;;;;;;;;;;;;;;;;;;
2026/02/09;1000 UTC;;;;;;;;;;;;;;;;;;
2026/02/09;1100 UTC;;;;;;;;;;;;;;;;;;
2026/02/09;1200 UTC;;;;;;;;;;;;;;;;;;
2026/02/09;1300 UTC;;;;;;;;;;;;;;;;;;
2026/02/09;1400 UTC;;;;;;;;;;;;;;;;;;
2026/02/09;1500 UTC;;;;;;;;;;;;;;;;;;
2026/02/09;1600 UTC;;;;;;;;;;;;;;;;;;
2026/02/09;1700 UTC;;;;;;;;;;;;;;;;;;
2026/02/09;1800 UTC;;;;;;;;;;;;;;;;;;
2026/02/09;1900 UTC;;;;;;;;;;;;;;;;;;
2026/02/09;2000 UTC;;;;;;;;;;;;;;;;;;
2026/02/09;2100 UTC;;;;;;;;;;;;;;;;;;
2026/02/09;2200 UTC;;;;;;;;;;;;;;;;;;
2026/02/09;2300 UTC;;;;;;;;;;;;;;;;;;
2026/02/10;0000 UTC;;;;;;;;;;;;;;;;;;
2026/02/10;0100 UTC;;;;;;;;;;;;;;;;;;
2026/02/10;0200 UTC;;;;;;;;;;;;;;;;;;
2026/02/10;0300 UTC;;;;;;;;;;;;;;;;;;
2026/02/10;0400 UTC;;;;;;;;;;;;;;;;;;
2026/02/10;0500 UTC;;;;;;;;;;;;;;;;;;
2026/02/10;0600 UTC;;;;;;;;;;;;;;;;;;
2026/02/10;0700 UTC;;;;;;;;;;;;;;;;;;
2026/02/10;0800 UTC;;;;;;;;;;;;;;;;;;
2026/02/10;0900 UTC;;;;;;;;;;;;;;;;;;
2026/02/10;1000 UTC;;;;;;;;;;;;;;;;;;
2026/02/10;1100 UTC;;;;;;;;;;;;;;;;;;
2026/02/10;1200 UTC;;;;;;;;;;;;;;;;;;
2026/02/10;1300 UTC;;;;;;;;;;;;;;;;;;
2026/02/10;1400 UTC;;;;;;;;;;;;;;;;;;
2026/02/10;1500 UTC;;;;;;;;;;;;;;;;;;
2026/02/10;1600 UTC;;;;;;;;;;;;;;;;;;
2026/02/10;1700 UTC;;;;;;;;;;;;;;;;;;
2026/02/10;1800 UTC;;;;;;;;;;;;;;;;;;
2026/02/10;1900 UTC;;;;;;;;;;;;;;;;;;
2026/02/10;2000 UTC;;;;;;;;;;;;;;;;;;
2026/02/10;2100 UTC;;;;;;;;;;;;;;;;;;
2026/02/10;2200 UTC;;;;;;;;;;;;;;;;;;
2026/02/10;2300 UTC;;;;;;;;;;;;;;;;;;
2026/02/11;0000 UTC;;;;;;;;;;;;;;;;;;
2026/02/11;0100 UTC;;;;;;;;;;;;;;;;;;
2026/02/11;0200 UTC;;;;;;;;;;;;;;;;;;
2026/02/11;0300 UTC;;;;;;;;;;;;;;;;;;
2026/02/11;0400 UTC;;;;;;;;;;;;;;;;;;
2026/02/11;0500 UTC;;;;;;;;;;;;;;;;;;
2026/02/11;0600 UTC;;;;;;;;;;;;;;;;;;
2026/02/11;0700 UTC;;;;;;;;;;;;;;;;;;
2026/02/11;0800 UTC;;;;;;;;;;;;;;;;;;
2026/02/11;0900 UTC;;;;;;;;;;;;;;;;;;
2026/02/11;1000 UTC;;;;;;;;;;;;;;;;;;
2026/02/11;1100 UTC;;;;;;;;;;;;;;;;;;
2026/02/11;1200 UTC;;;;;;;;;;;;;;;;;;
2026/02/11;1300 UTC;;;;;;;;;;;;;;;;;;
2026/02/11;1400 UTC;;;;;;;;;;;;;;;;;;
2026/02/11;1500 UTC;;;;;;;;;;;;;;;;;;
2026/02/11;1600 UTC;;;;;;;;;;;;;;;;;;
2026/02/11;1700 UTC;;;;;;;;;;;;;;;;;;
2026/02/11;1800 UTC;;;;;;;;;;;;;;;;;;
2026/02/11;1900 UTC;;;;;;;;;;;;;;;;;;
2026/02/11;2000 UTC;;;;;;;;;;;;;;;;;;
2026/02/11;2100 UTC;;;;;;;;;;;;;;;;;;
2026/02/11;2200 UTC;;;;;;;;;;;;;;;;;;
2026/02/11;2300 UTC;;;;;;;;;;;;;;;;;;
2026/02/12;0000 UTC;;;;;;;;;;;;;;;;;;
2026/02/12;0100 UTC;;;;;;;;;;;;;;;;;;
2026/02/12;0200 UTC;;;;;;;;;;;;;;;;;;
2026/02/12;0300 UTC;;;;;;;;;;;;;;;;;;
2026/02/12;0400 UTC;;;;;;;;;;;;;;;;;;
2026/02/12;0500 UTC;;;;;;;;;;;;;;;;;;
2026/02/12;0600 UTC;;;;;;;;;;;;;;;;;;
2026/02/12;0700 UTC;;;;;;;;;;;;;;;;;;
2026/02/12;0800 UTC;;;;;;;;;;;;;;;;;;
2026/02/12;0900 UTC;;;;;;;;;;;;;;;;;;
2026/02/12;1000 UTC;;;;;;;;;;;;;;;;;;
2026/02/12;1100 UTC;;;;;;;;;;;;;;;;;;
2026/02/12;1200 UTC;;;;;;;;;;;;;;;;;;
2026/02/12;1300 UTC;;;;;;;;;;;;;;;;;;
2026/02/12;1400 UTC;;;;;;;;;;;;;;;;;;
2026/02/12;1500 UTC;;;;;;;;;;;;;;;;;;
2026/02/12;1600 UTC;;;;;;;;;;;;;;;;;;
2026/02/12;1700 UTC;;;;;;;;;;;;;;;;;;
2026/02/12;1800 UTC;;;;;;;;;;;;;;;;;;
2026/02/12;1900 UTC;;;;;;;;;;;;;;;;;;
2026/02/12;2000 UTC;;;;;;;;;;;;;;;;;;
2026/02/12;2100 UTC;;;;;;;;;;;;;;;;;;
2026/02/12;2200 UTC;;;;;;;;;;;;;;;;;;
2026/02/12;2300 UTC;;;;;;;;;;;;;;;;;;
2026/02/13;0000 UTC;;;;;;;;;;;;;;;;;;
2026/02/13;0100 UTC;;;;;;;;;;;;;;;;;;
2026/02/13;0200 UTC;;;;;;;;;;;;;;;;;;
2026/02/13;0300 UTC;;;;;;;;;;;;;;;;;;
2026/02/13;0400 UTC;;;;;;;;;;;;;;;;;;
2026/02/13;0500 UTC;;;;;;;;;;;;;;;;;;
2026/02/13;0600 UTC;;;;;;;;;;;;;;;;;;
2026/02/13;0700 UTC;;;;;;;;;;;;;;;;;;
2026/02/13;0800 UTC;;;;;;;;;;;;;;;;;;
2026/02/13;0900 UTC;;;;;;;;;;;;;;;;;;
2026/02/13;1000 UTC;;;;;;;;;;;;;;;;;;
2026/02/13;1100 UTC;;;;;;;;;;;;;;;;;;
2026/02/13;1200 UTC;;;;;;;;;;;;;;;;;;
2026/02/13;1300 UTC;;;;;;;;;;;;;;;;;;
2026/02/13;1400 UTC;;;;;;;;;;;;;;;;;;
2026/02/13;1500 UTC;;;;;;;;;;;;;;;;;;
2026/02/13;1600 UTC;;;;;;;;;;;;;;;;;;
2026/02/13;1700 UTC;;;;;;;;;;;;;;;;;;
2026/02/13;1800 UTC;;;;;;;;;;;;;;;;;;
2026/02/13;1900 UTC;;;;;;;;;;;;;;;;;;
2026/02/13;2000 UTC;;;;;;;;;;;;;;;;;;
2026/02/13;2100 UTC;;;;;;;;;;;;;;;;;;
2026/02/13;2200 UTC;;;;;;;;;;;;;;;;;;
2026/02/13;2300 UTC;;;;;;;;;;;;;;;;;;
2026/02/14;0000 UTC;;;;;;;;;;;;;;;;;;
2026/02/14;0100 UTC;;;;;;;;;;;;;;;;;;
2026/02/14;0200 UTC;;;;;;;;;;;;;;;;;;
2026/02/14;0300 UTC;;;;;;;;;;;;;;;;;;
2026/02/14;0400 UTC;;;;;;;;;;;;;;;;;;
2026/02/14;0500 UTC;;;;;;;;;;;;;;;;;;
2026/02/14;0600 UTC;;;;;;;;;;;;;;;;;;
2026/02/14;0700 UTC;;;;;;;;;;;;;;;;;;
2026/02/14;0800 UTC;;;;;;;;;;;;;;;;;;
2026/02/14;0900 UTC;;;;;;;;;;;;;;;;;;
2026/02/14;1000 UTC;;;;;;;;;;;;;;;;;;
2026/02/14;1100 UTC;;;;;;;;;;;;;;;;;;
2026/02/14;1200 UTC;;;;;;;;;;;;;;;;;;
2026/02/14;1300 UTC;;;;;;;;;;;;;;;;;;
2026/02/14;1400 UTC;;;;;;;;;;;;;;;;;;
2026/02/14;1500 UTC;;;;;;;;;;;;;;;;;;
2026/02/14;1600 UTC;;;;;;;;;;;;;;;;;;
2026/02/14;1700 UTC;;;;;;;;;;;;;;;;;;
2026/02/14;1800 UTC;;;;;;;;;;;;;;;;;;
2026/02/14;1900 UTC;;;;;;;;;;;;;;;;;;
2026/02/14;2000 UTC;;;;;;;;;;;;;;;;;;
2026/02/14;2100 UTC;;;;;;;;;;;;;;;;;;
2026/02/14;2200 UTC;;;;;;;;;;;;;;;;;;
2026/02/14;2300 UTC;;;;;;;;;;;;;;;;;;
2026/02/15;0000 UTC;;;;;;;;;;;;;;;;;;
2026/02/15;0100 UTC;;;;;;;;;;;;;;;;;;
2026/02/15;0200 UTC;;;;;;;;;;;;;;;;;;
2026/02/15;0300 UTC;;;;;;;;;;;;;;;;;;
2026/02/15;0400 UTC;;;;;;;;;;;;;;;;;;
2026/02/15;0500 UTC;;;;;;;;;;;;;;;;;;
2026/02/15;0600 UTC;;;;;;;;;;;;;;;;;;
2026/02/15;0700 UTC;;;;;;;;;;;;;;;;;;
2026/02/15;0800 UTC;;;;;;;;;;;;;;;;;;
2026/02/15;0900 UTC;;;;;;;;;;;;;;;;;;
2026/02/15;1000 UTC;;;;;;;;;;;;;;;;;;
2026/02/15;1100 UTC;;;;;;;;;;;;;;;;;;
2026/02/15;1200 UTC;;;;;;;;;;;;;;;;;;
2026/02/15;1300 UTC;;;;;;;;;;;;;;;;;;
2026/02/15;1400 UTC;;;;;;;;;;;;;;;;;;
2026/02/15;1500 UTC;;;;;;;;;;;;;;;;;;
2026/02/15;1600 UTC;;;;;;;;;;;;;;;;;;
2026/02/15;1700 UTC;;;;;;;;;;;;;;;;;;
2026/02/15;1800 UTC;;;;;;;;;;;;;;;;;;
2026/02/15;1900 UTC;;;;;;;;;;;;;;;;;;
2026/02/15;2000 UTC;;;;;;;;;;;;;;;;;;
2026/02/15;2100 UTC;;;;;;;;;;;;;;;;;;
2026/02/15;2200 UTC;;;;;;;;;;;;;;;;;;
2026/02/15;2300 UTC;;;;;;;;;;;;;;;;;;
2026/02/16;0000 UTC;;;;;;;;;;;;;;;;;;
2026/02/16;0100 UTC;;;;;;;;;;;;;;;;;;
2026/02/16;0200 UTC;;;;;;;;;;;;;;;;;;
2026/02/16;0300 UTC;;;;;;;;;;;;;;;;;;
2026/02/16;0400 UTC;;;;;;;;;;;;;;;;;;
2026/02/16;0500 UTC;;;;;;;;;;;;;;;;;;
2026/02/16;0600 UTC;;;;;;;;;;;;;;;;;;
2026/02/16;0700 UTC;;;;;;;;;;;;;;;;;;
2026/02/16;0800 UTC;;;;;;;;;;;;;;;;;;
2026/02/16;0900 UTC;;;;;;;;;;;;;;;;;;
2026/02/16;1000 UTC;;;;;;;;;;;;;;;;;;
2026/02/16;1100 UTC;;;;;;;;;;;;;;;;;;
2026/02/16;1200 UTC;;;;;;;;;;;;;;;;;;
2026/02/16;1300 UTC;;;;;;;;;;;;;;;;;;
2026/02/16;1400 UTC;;;;;;;;;;;;;;;;;;
2026/02/16;1500 UTC;;;;;;;;;;;;;;;;;;
2026/02/16;1600 UTC;;;;;;;;;;;;;;;;;;
2026/02/16;1700 UTC;;;;;;;;;;;;;;;;;;
2026/02/16;1800 UTC;;;;;;;;;;;;;;;;;;
2026/02/16;1900 UTC;;;;;;;;;;;;;;;;;;
2026/02/16;2000 UTC;;;;;;;;;;;;;;;;;;
2026/02/16;2100 UTC;;;;;;;;;;;;;;;;;;
2026/02/16;2200 UTC;;;;;;;;;;;;;;;;;;
2026/02/16;2300 UTC;;;;;;;;;;;;;;;;;;
2026/02/17;0000 UTC;;;;;;;;;;;;;;;;;;
2026/02/17;0100 UTC;;;;;;;;;;;;;;;;;;
2026/02/17;0200 UTC;;;;;;;;;;;;;;;;;;
2026/02/17;0300 UTC;;;;;;;;;;;;;;;;;;
2026/02/17;0400 UTC;;;;;;;;;;;;;;;;;;
2026/02/17;0500 UTC;;;;;;;;;;;;;;;;;;
2026/02/17;0600 UTC;;;;;;;;;;;;;;;;;;
2026/02/17;0700 UTC;;;;;;;;;;;;;;;;;;
2026/02/17;0800 UTC;;;;;;;;;;;;;;;;;;
2026/02/17;0900 UTC;;;;;;;;;;;;;;;;;;
2026/02/17;1000 UTC;;;;;;;;;;;;;;;;;;
2026/02/17;1100 UTC;;;;;;;;;;;;;;;;;;
2026/02/17;1200 UTC;;;;;;;;;;;;;;;;;;
2026/02/17;1300 UTC;;;;;;;;;;;;;;;;;;
2026/02/17;1400 UTC;;;;;;;;;;;;;;;;;;
2026/02/17;1500 UTC;;;;;;;;;;;;;;;;;;
2026/02/17;1600 UTC;;;;;;;;;;;;;;;;;;
2026/02/17;1700 UTC;;;;;;;;;;;;;;;;;;
2026/02/17;1800 UTC;;;;;;;;;;;;;;;;;;
2026/02/17;1900 UTC;;;;;;;;;;;;;;;;;;
2026/02/17;2000 UTC;;;;;;;;;;;;;;;;;;
2026/02/17;2100 UTC;;;;;;;;;;;;;;;;;;
2026/02/17;2200 UTC;;;;;;;;;;;;;;;;;;
2026/02/17;2300 UTC;;;;;;;;;;;;;;;;;;
2026/02/18;0000 UTC;;;;;;;;;;;;;;;;;;
2026/02/18;0100 UTC;;;;;;;;;;;;;;;;;;
2026/02/18;0200 UTC;;;;;;;;;;;;;;;;;;
2026/02/18;0300 UTC;;;;;;;;;;;;;;;;;;
2026/02/18;0400 UTC;;;;;;;;;;;;;;;;;;
2026/02/18;0500 UTC;;;;;;;;;;;;;;;;;;
2026/02/18;0600 UTC;;;;;;;;;;;;;;;;;;
2026/02/18;0700 UTC;;;;;;;;;;;;;;;;;;
2026/02/18;0800 UTC;;;;;;;;;;;;;;;;;;
2026/02/18;0900 UTC;;;;;;;;;;;;;;;;;;
2026/02/18;1000 UTC;;;;;;;;;;;;;;;;;;
2026/02/18;1100 UTC;;;;;;;;;;;;;;;;;;
2026/02/18;1200 UTC;;;;;;;;;;;;;;;;;;
2026/02/18;1300 UTC;;;;;;;;;;;;;;;;;;
2026/02/18;1400 UTC;;;;;;;;;;;;;;;;;;
2026/02/18;1500 UTC;;;;;;;;;;;;;;;;;;
2026/02/18;1600 UTC;;;;;;;;;;;;;;;;;;
2026/02/18;1700 UTC;;;;;;;;;;;;;;;;;;
2026/02/18;1800 UTC;;;;;;;;;;;;;;;;;;
2026/02/18;1900 UTC;;;;;;;;;;;;;;;;;;
2026/02/18;2000 UTC;;;;;;;;;;;;;;;;;;
2026/02/18;2100 UTC;;;;;;;;;;;;;;;;;;
2026/02/18;2200 UTC;;;;;;;;;;;;;;;;;;
2026/02/18;2300 UTC;;;;;;;;;;;;;;;;;;
2026/02/19;0000 UTC;;;;;;;;;;;;;;;;;;
2026/02/19;0100 UTC;;;;;;;;;;;;;;;;;;
2026/02/19;0200 UTC;;;;;;;;;;;;;;;;;;
2026/02/19;0300 UTC;;;;;;;;;;;;;;;;;;
2026/02/19;0400 UTC;;;;;;;;;;;;;;;;;;
2026/02/19;0500 UTC;;;;;;;;;;;;;;;;;;
2026/02/19;0600 UTC;;;;;;;;;;;;;;;;;;
2026/02/19;0700 UTC;;;;;;;;;;;;;;;;;;
2026/02/19;0800 UTC;;;;;;;;;;;;;;;;;;
2026/02/19;0900 UTC;;;;;;;;;;;;;;;;;;
2026/02/19;1000 UTC;;;;;;;;;;;;;;;;;;
2026/02/19;1100 UTC;;;;;;;;;;;;;;;;;;
2026/02/19;1200 UTC;;;;;;;;;;;;;;;;;;
2026/02/19;1300 UTC;;;;;;;;;;;;;;;;;;
2026/02/19;1400 UTC;;;;;;;;;;;;;;;;;;
2026/02/19;1500 UTC;;;;;;;;;;;;;;;;;;
2026/02/19;1600 UTC;;;;;;;;;;;;;;;;;;
2026/02/19;1700 UTC;;;;;;;;;;;;;;;;;;
2026/02/19;1800 UTC;;;;;;;;;;;;;;;;;;
2026/02/19;1900 UTC;;;;;;;;;;;;;;;;;;
2026/02/19;2000 UTC;;;;;;;;;;;;;;;;;;
2026/02/19;2100 UTC;;;;;;;;;;;;;;;;;;
2026/02/19;2200 UTC;;;;;;;;;;;;;;;;;;
2026/02/19;2300 UTC;;;;;;;;;;;;;;;;;;
2026/02/20;0000 UTC;;;;;;;;;;;;;;;;;;
2026/02/20;0100 UTC;;;;;;;;;;;;;;;;;;
2026/02/20;0200 UTC;;;;;;;;;;;;;;;;;;
2026/02/20;0300 UTC;;;;;;;;;;;;;;;;;;
2026/02/20;0400 UTC;;;;;;;;;;;;;;;;;;
2026/02/20;0500 UTC;;;;;;;;;;;;;;;;;;
2026/02/20;0600 UTC;;;;;;;;;;;;;;;;;;
2026/02/20;0700 UTC;;;;;;;;;;;;;;;;;;
2026/02/20;0800 UTC;;;;;;;;;;;;;;;;;;
2026/02/20;0900 UTC;;;;;;;;;;;;;;;;;;
2026/02/20;1000 UTC;;;;;;;;;;;;;;;;;;
2026/02/20;1100 UTC;;;;;;;;;;;;;;;;;;
2026/02/20;1200 UTC;;;;;;;;;;;;;;;;;;
2026/02/20;1300 UTC;;;;;;;;;;;;;;;;;;
2026/02/20;1400 UTC;;;;;;;;;;;;;;;;;;
2026/02/20;1500 UTC;;;;;;;;;;;;;;;;;;
2026/02/20;1600 UTC;;;;;;;;;;;;;;;;;;
2026/02/20;1700 UTC;;;;;;;;;;;;;;;;;;
2026/02/20;1800 UTC;;;;;;;;;;;;;;;;;;
2026/02/20;1900 UTC;;;;;;;;;;;;;;;;;;
2026/02/20;2000 UTC;;;;;;;;;;;;;;;;;;
2026/02/20;2100 UTC;;;;;;;;;;;;;;;;;;
2026/02/20;2200 UTC;;;;;;;;;;;;;;;;;;
2026/02/20;2300 UTC;;;;;;;;;;;;;;;;;;
2026/02/21;0000 UTC;;;;;;;;;;;;;;;;;;
2026/02/21;0100 UTC;;;;;;;;;;;;;;;;;;
2026/02/21;0200 UTC;;;;;;;;;;;;;;;;;;
2026/02/21;0300 UTC;;;;;;;;;;;;;;;;;;
2026/02/21;0400 UTC;;;;;;;;;;;;;;;;;;
2026/02/21;0500 UTC;;;;;;;;;;;;;;;;;;
2026/02/21;0600 UTC;;;;;;;;;;;;;;;;;;
2026/02/21;0700 UTC;;;;;;;;;;;;;;;;;;
2026/02/21;0800 UTC;;;;;;;;;;;;;;;;;;
2026/02/21;0900 UTC;;;;;;;;;;;;;;;;;;
2026/02/21;1000 UTC;;;;;;;;;;;;;;;;;;
2026/02/21;1100 UTC;;;;;;;;;;;;;;;;;;
2026/02/21;1200 UTC;;;;;;;;;;;;;;;;;;
2026/02/21;1300 UTC;;;;;;;;;;;;;;;;;;
2026/02/21;1400 UTC;;;;;;;;;;;;;;;;;;
2026/02/21;1500 UTC;;;;;;;;;;;;;;;;;;
2026/02/21;1600 UTC;;;;;;;;;;;;;;;;;;
2026/02/21;1700 UTC;;;;;;;;;;;;;;;;;;
2026/02/21;1800 UTC;;;;;;;;;;;;;;;;;;
2026/02/21;1900 UTC;;;;;;;;;;;;;;;;;;
2026/02/21;2000 UTC;;;;;;;;;;;;;;;;;;
2026/02/21;2100 UTC;;;;;;;;;;;;;;;;;;
2026/02/21;2200 UTC;;;;;;;;;;;;;;;;;;
2026/02/21;2300 UTC;;;;;;;;;;;;;;;;;;
2026/02/22;0000 UTC;;;;;;;;;;;;;;;;;;
2026/02/22;0100 UTC;;;;;;;;;;;;;;;;;;
2026/02/22;0200 UTC;;;;;;;;;;;;;;;;;;
2026/02/22;0300 UTC;;;;;;;;;;;;;;;;;;
2026/02/22;0400 UTC;;;;;;;;;;;;;;;;;;
2026/02/22;0500 UTC;;;;;;;;;;;;;;;;;;
2026/02/22;0600 UTC;;;;;;;;;;;;;;;;;;
2026/02/22;0700 UTC;;;;;;;;;;;;;;;;;;
2026/02/22;0800 UTC;;;;;;;;;;;;;;;;;;
2026/02/22;0900 UTC;;;;;;;;;;;;;;;;;;
2026/02/22;1000 UTC;;;;;;;;;;;;;;;;;;
2026/02/22;1100 UTC;;;;;;;;;;;;;;;;;;
2026/02/22;1200 UTC;;;;;;;;;;;;;;;;;;
2026/02/22;1300 UTC;;;;;;;;;;;;;;;;;;
2026/02/22;1400 UTC;;;;;;;;;;;;;;;;;;
2026/02/22;1500 UTC;;;;;;;;;;;;;;;;;;
2026/02/22;1600 UTC;;;;;;;;;;;;;;;;;;
2026/02/22;1700 UTC;;;;;;;;;;;;;;;;;;
2026/02/22;1800 UTC;;;;;;;;;;;;;;;;;;
2026/02/22;1900 UTC;;;;;;;;;;;;;;;;;;
2026/02/22;2000 UTC;;;;;;;;;;;;;;;;;;
2026/02/22;2100 UTC;;;;;;;;;;;;;;;;;;
2026/02/22;2200 UTC;;;;;;;;;;;;;;;;;;
2026/02/22;2300 UTC;;;;;;;;;;;;;;;;;;
2026/02/23;0000 UTC;;;;;;;;;;;;;;;;;;
2026/02/23;0100 UTC;;;;;;;;;;;;;;;;;;
2026/02/23;0200 UTC;;;;;;;;;;;;;;;;;;
2026/02/23;0300 UTC;;;;;;;;;;;;;;;;;;
2026/02/23;0400 UTC;;;;;;;;;;;;;;;;;;
2026/02/23;0500 UTC;;;;;;;;;;;;;;;;;;
2026/02/23;0600 UTC;;;;;;;;;;;;;;;;;;
2026/02/23;0700 UTC;;;;;;;;;;;;;;;;;;
2026/02/23;0800 UTC;;;;;;;;;;;;;;;;;;
2026/02/23;0900 UTC;;;;;;;;;;;;;;;;;;
2026/02/23;1000 UTC;;;;;;;;;;;;;;;;;;
2026/02/23;1100 UTC;;;;;;;;;;;;;;;;;;
2026/02/23;1200 UTC;;;;;;;;;;;;;;;;;;
2026/02/23;1300 UTC;;;;;;;;;;;;;;;;;;
2026/02/23;1400 UTC;;;;;;;;;;;;;;;;;;
2026/02/23;1500 UTC;;;;;;;;;;;;;;;;;;
2026/02/23;1600 UTC;;;;;;;;;;;;;;;;;;
2026/02/23;1700 UTC;;;;;;;;;;;;;;;;;;
2026/02/23;1800 UTC;;;;;;;;;;;;;;;;;;
2026/02/23;1900 UTC;;;;;;;;;;;;;;;;;;
2026/02/23;2000 UTC;;;;;;;;;;;;;;;;;;
2026/02/23;2100 UTC;;;;;;;;;;;;;;;;;;
2026/02/23;2200 UTC;;;;;;;;;;;;;;;;;;
2026/02/23;2300 UTC;;;;;;;;;;;;;;;;;;
2026/02/24;0000 UTC;;;;;;;;;;;;;;;;;;
2026/02/24;0100 UTC;;;;;;;;;;;;;;;;;;
2026/02/24;0200 UTC;;;;;;;;;;;;;;;;;;
2026/02/24;0300 UTC;;;;;;;;;;;;;;;;;;
2026/02/24;0400 UTC;;;;;;;;;;;;;;;;;;
2026/02/24;0500 UTC;;;;;;;;;;;;;;;;;;
2026/02/24;0600 UTC;;;;;;;;;;;;;;;;;;
2026/02/24;0700 UTC;;;;;;;;;;;;;;;;;;
2026/02/24;0800 UTC;;;;;;;;;;;;;;;;;;
2026/02/24;0900 UTC;;;;;;;;;;;;;;;;;;
2026/02/24;1000 UTC;;;;;;;;;;;;;;;;;;
2026/02/24;1100 UTC;;;;;;;;;;;;;;;;;;
2026/02/24;1200 UTC;;;;;;;;;;;;;;;;;;
2026/02/24;1300 UTC;;;;;;;;;;;;;;;;;;
2026/02/24;1400 UTC;;;;;;;;;;;;;;;;;;
2026/02/24;1500 UTC;;;;;;;;;;;;;;;;;;
2026/02/24;1600 UTC;;;;;;;;;;;;;;;;;;
2026/02/24;1700 UTC;;;;;;;;;;;;;;;;;;
2026/02/24;1800 UTC;;;;;;;;;;;;;;;;;;
2026/02/24;1900 UTC;;;;;;;;;;;;;;;;;;
2026/02/24;2000 UTC;;;;;;;;;;;;;;;;;;
2026/02/24;2100 UTC;;;;;;;;;;;;;;;;;;
2026/02/24;2200 UTC;;;;;;;;;;;;;;;;;;
2026/02/24;2300 UTC;;;;;;;;;;;;;;;;;;
2026/02/25;0000 UTC;;;;;;;;;;;;;;;;;;
2026/02/25;0100 UTC;;;;;;;;;;;;;;;;;;
2026/02/25;0200 UTC;;;;;;;;;;;;;;;;;;
2026/02/25;0300 UTC;;;;;;;;;;;;;;;;;;
2026/02/25;0400 UTC;;;;;;;;;;;;;;;;;;
2026/02/25;0500 UTC;;;;;;;;;;;;;;;;;;
2026/02/25;0600 UTC;;;;;;;;;;;;;;;;;;
2026/02/25;0700 UTC;;;;;;;;;;;;;;;;;;
2026/02/25;0800 UTC;;;;;;;;;;;;;;;;;;
2026/02/25;0900 UTC;;;;;;;;;;;;;;;;;;
2026/02/25;1000 UTC;;;;;;;;;;;;;;;;;;
2026/02/25;1100 UTC;;;;;;;;;;;;;;;;;;
2026/02/25;1200 UTC;;;;;;;;;;;;;;;;;;
2026/02/25;1300 UTC;;;;;;;;;;;;;;;;;;
2026/02/25;1400 UTC;;;;;;;;;;;;;;;;;;
2026/02/25;1500 UTC;;;;;;;;;;;;;;;;;;
2026/02/25;1600 UTC;;;;;;;;;;;;;;;;;;
2026/02/25;1700 UTC;;;;;;;;;;;;;;;;;;
2026/02/25;1800 UTC;;;;;;;;;;;;;;;;;;
2026/02/25;1900 UTC;;;;;;;;;;;;;;;;;;
2026/02/25;2000 UTC;;;;;;;;;;;;;;;;;;
2026/02/25;2100 UTC;;;;;;;;;;;;;;;;;;
2026/02/25;2200 UTC;;;;;;;;;;;;;;;;;;
2026/02/25;2300 UTC;;;;;;;;;;;;;;;;;;
2026/02/26;0000 UTC;;;;;;;;;;;;;;;;;;
2026/02/26;0100 UTC;;;;;;;;;;;;;;;;;;
2026/02/26;0200 UTC;;;;;;;;;;;;;;;;;;
2026/02/26;0300 UTC;;;;;;;;;;;;;;;;;;
2026/02/26;0400 UTC;;;;;;;;;;;;;;;;;;
2026/02/26;0500 UTC;;;;;;;;;;;;;;;;;;
2026/02/26;0600 UTC;;;;;;;;;;;;;;;;;;
2026/02/26;0700 UTC;;;;;;;;;;;;;;;;;;
2026/02/26;0800 UTC;;;;;;;;;;;;;;;;;;
2026/02/26;0900 UTC;;;;;;;;;;;;;;;;;;
2026/02/26;1000 UTC;;;;;;;;;;;;;;;;;;
2026/02/26;1100 UTC;;;;;;;;;;;;;;;;;;
2026/02/26;1200 UTC;;;;;;;;;;;;;;;;;;
2026/02/26;1300 UTC;;;;;;;;;;;;;;;;;;
2026/02/26;1400 UTC;;;;;;;;;;;;;;;;;;
2026/02/26;1500 UTC;;;;;;;;;;;;;;;;;;
2026/02/26;1600 UTC;;;;;;;;;;;;;;;;;;
2026/02/26;1700 UTC;;;;;;;;;;;;;;;;;;
2026/02/26;1800 UTC;;;;;;;;;;;;;;;;;;
2026/02/26;1900 UTC;;;;;;;;;;;;;;;;;;
2026/02/26;2000 UTC;;;;;;;;;;;;;;;;;;
2026/02/26;2100 UTC;;;;;;;;;;;;;;;;;;
2026/02/26;2200 UTC;;;;;;;;;;;;;;;;;;
2026/02/26;2300 UTC;;;;;;;;;;;;;;;;;;
2026/02/27;0000 UTC;;;;;;;;;;;;;;;;;;
2026/02/27;0100 UTC;;;;;;;;;;;;;;;;;;
2026/02/27;0200 UTC;;;;;;;;;;;;;;;;;;
2026/02/27;0300 UTC;;;;;;;;;;;;;;;;;;
2026/02/27;0400 UTC;;;;;;;;;;;;;;;;;;
2026/02/27;0500 UTC;;;;;;;;;;;;;;;;;;
2026/02/27;0600 UTC;;;;;;;;;;;;;;;;;;
2026/02/27;0700 UTC;;;;;;;;;;;;;;;;;;
2026/02/27;0800 UTC;;;;;;;;;;;;;;;;;;
2026/02/27;0900 UTC;;;;;;;;;;;;;;;;;;
2026/02/27;1000 UTC;;;;;;;;;;;;;;;;;;
2026/02/27;1100 UTC;;;;;;;;;;;;;;;;;;
2026/02/27;1200 UTC;;;;;;;;;;;;;;;;;;
2026/02/27;1300 UTC;;;;;;;;;;;;;;;;;;
2026/02/27;1400 UTC;;;;;;;;;;;;;;;;;;
2026/02/27;1500 UTC;;;;;;;;;;;;;;;;;;
2026/02/27;1600 UTC;;;;;;;;;;;;;;;;;;
2026/02/27;1700 UTC;;;;;;;;;;;;;;;;;;
2026/02/27;1800 UTC;;;;;;;;;;;;;;;;;;
2026/02/27;1900 UTC;;;;;;;;;;;;;;;;;;
2026/02/27;2000 UTC;;;;;;;;;;;;;;;;;;
2026/02/27;2100 UTC;;;;;;;;;;;;;;;;;;
2026/02/27;2200 UTC;;;;;;;;;;;;;;;;;;
2026/02/27;2300 UTC;;;;;;;;;;;;;;;;;;
2026/02/28;0000 UTC;;;;;;;;;;;;;;;;;;
2026/02/28;0100 UTC;;;;;;;;;;;;;;;;;;
2026/02/28;0200 UTC;;;;;;;;;;;;;;;;;;
2026/02/28;0300 UTC;;;;;;;;;;;;;;;;;;
2026/02/28;0400 UTC;;;;;;;;;;;;;;;;;;
2026/02/28;0500 UTC;;;;;;;;;;;;;;;;;;
2026/02/28;0600 UTC;;;;;;;;;;;;;;;;;;
2026/02/28;0700 UTC;;;;;;;;;;;;;;;;;;
2026/02/28;0800 UTC;;;;;;;;;;;;;;;;;;
2026/02/28;0900 UTC;;;;;;;;;;;;;;;;;;
2026/02/28;1000 UTC;;;;;;;;;;;;;;;;;;
2026/02/28;1100 UTC;;;;;;;;;;;;;;;;;;
2026/02/28;1200 UTC;;;;;;;;;;;;;;;;;;
2026/02/28;1300 UTC;;;;;;;;;;;;;;;;;;
2026/02/28;1400 UTC;;;;;;;;;;;;;;;;;;
2026/02/28;1500 UTC;;;;;;;;;;;;;;;;;;
2026/02/28;1600 UTC;;;;;;;;;;;;;;;;;;
2026/02/28;1700 UTC;;;;;;;;;;;;;;;;;;
2026/02/28;1800 UTC;;;;;;;;;;;;;;;;;;
2026/02/28;1900 UTC;;;;;;;;;;;;;;;;;;
2026/02/28;2000 UTC;;;;;;;;;;;;;;;;;;
2026/02/28;2100 UTC;;;;;;;;;;;;;;;;;;
2026/02/28;2200 UTC;;;;;;;;;;;;;;;;;;
2026/02/28;2300 UTC;;;;;;;;;;;;;;;;;;
2026/03/01;0000 UTC;;;;;;;;;;;;;;;;;;
2026/03/01;0100 UTC;;;;;;;;;;;;;;;;;;
2026/03/01;0200 UTC;;;;;;;;;;;;;;;;;;
2026/03/01;0300 UTC;;;;;;;;;;;;;;;;;;
2026/03/01;0400 UTC;;;;;;;;;;;;;;;;;;
2026/03/01;0500 UTC;;;;;;;;;;;;;;;;;;
2026/03/01;0600 UTC;;;;;;;;;;;;;;;;;;
2026/03/01;0700 UTC;;;;;;;;;;;;;;;;;;
2026/03/01;0800 UTC;;;;;;;;;;;;;;;;;;
2026/03/01;0900 UTC;;;;;;;;;;;;;;;;;;
2026/03/01;1000 UTC;;;;;;;;;;;;;;;;;;
2026/03/01;1100 UTC;;;;;;;;;;;;;;;;;;
2026/03/01;1200 UTC;;;;;;;;;;;;;;;;;;
2026/03/01;1300 UTC;;;;;;;;;;;;;;;;;;
2026/03/01;1400 UTC;;;;;;;;;;;;;;;;;;
2026/03/01;1500 UTC;;;;;;;;;;;;;;;;;;
2026/03/01;1600 UTC;;;;;;;;;;;;;;;;;;
2026/03/01;1700 UTC;;;;;;;;;;;;;;;;;;
2026/03/01;1800 UTC;;;;;;;;;;;;;;;;;;
2026/03/01;1900 UTC;;;;;;;;;;;;;;;;;;
2026/03/01;2000 UTC;;;;;;;;;;;;;;;;;;
2026/03/01;2100 UTC;;;;;;;;;;;;;;;;;;
2026/03/01;2200 UTC;;;;;;;;;;;;;;;;;;
2026/03/01;2300 UTC;;;;;;;;;;;;;;;;;;
2026/03/02;0000 UTC;;;;;;;;;;;;;;;;;;
2026/03/02;0100 UTC;;;;;;;;;;;;;;;;;;
2026/03/02;0200 UTC;;;;;;;;;;;;;;;;;;
2026/03/02;0300 UTC;;;;;;;;;;;;;;;;;;
2026/03/02;0400 UTC;;;;;;;;;;;;;;;;;;
2026/03/02;0500 UTC;;;;;;;;;;;;;;;;;;
2026/03/02;0600 UTC;;;;;;;;;;;;;;;;;;
2026/03/02;0700 UTC;;;;;;;;;;;;;;;;;;
2026/03/02;0800 UTC;;;;;;;;;;;;;;;;;;
2026/03/02;0900 UTC;;;;;;;;;;;;;;;;;;
2026/03/02;1000 UTC;;;;;;;;;;;;;;;;;;
2026/03/02;1100 UTC;;;;;;;;;;;;;;;;;;
2026/03/02;1200 UTC;;;;;;;;;;;;;;;;;;
2026/03/02;1300 UTC;;;;;;;;;;;;;;;;;;
2026/03/02;1400 UTC;;;;;;;;;;;;;;;;;;
2026/03/02;1500 UTC;;;;;;;;;;;;;;;;;;
2026/03/02;1600 UTC;;;;;;;;;;;;;;;;;;
2026/03/02;1700 UTC;;;;;;;;;;;;;;;;;;
2026/03/02;1800 UTC;;;;;;;;;;;;;;;;;;
2026/03/02;1900 UTC;;;;;;;;;;;;;;;;;;
2026/03/02;2000 UTC;;;;;;;;;;;;;;;;;;
2026/03/02;2100 UTC;;;;;;;;;;;;;;;;;;
2026/03/02;2200 UTC;;;;;;;;;;;;;;;;;;
2026/03/02;2300 UTC;;;;;;;;;;;;;;;;;;
2026/03/03;0000 UTC;;;;;;;;;;;;;;;;;;
2026/03/03;0100 UTC;;;;;;;;;;;;;;;;;;
2026/03/03;0200 UTC;;;;;;;;;;;;;;;;;;
2026/03/03;0300 UTC;;;;;;;;;;;;;;;;;;
2026/03/03;0400 UTC;;;;;;;;;;;;;;;;;;
2026/03/03;0500 UTC;;;;;;;;;;;;;;;;;;
2026/03/03;0600 UTC;;;;;;;;;;;;;;;;;;
2026/03/03;0700 UTC;;;;;;;;;;;;;;;;;;
2026/03/03;0800 UTC;;;;;;;;;;;;;;;;;;
2026/03/03;0900 UTC;;;;;;;;;;;;;;;;;;
2026/03/03;1000 UTC;;;;;;;;;;;;;;;;;;
2026/03/03;1100 UTC;;;;;;;;;;;;;;;;;;
2026/03/03;1200 UTC;;;;;;;;;;;;;;;;;;
2026/03/03;1300 UTC;;;;;;;;;;;;;;;;;;
2026/03/03;1400 UTC;;;;;;;;;;;;;;;;;;
2026/03/03;1500 UTC;;;;;;;;;;;;;;;;;;
2026/03/03;1600 UTC;;;;;;;;;;;;;;;;;;
2026/03/03;1700 UTC;;;;;;;;;;;;;;;;;;
2026/03/03;1800 UTC;;;;;;;;;;;;;;;;;;
2026/03/03;1900 UTC;;;;;;;;;;;;;;;;;;
2026/03/03;2000 UTC;;;;;;;;;;;;;;;;;;
2026/03/03;2100 UTC;;;;;;;;;;;;;;;;;;
2026/03/03;2200 UTC;;;;;;;;;;;;;;;;;;
2026/03/03;2300 UTC;;;;;;;;;;;;;;;;;;
2026/03/04;0000 UTC;;;;;;;;;;;;;;;;;;
2026/03/04;0100 UTC;;;;;;;;;;;;;;;;;;
2026/03/04;0200 UTC;;;;;;;;;;;;;;;;;;
2026/03/04;0300 UTC;;;;;;;;;;;;;;;;;;
2026/03/04;0400 UTC;;;;;;;;;;;;;;;;;;
2026/03/04;0500 UTC;;;;;;;;;;;;;;;;;;
2026/03/04;0600 UTC;;;;;;;;;;;;;;;;;;
2026/03/04;0700 UTC;;;;;;;;;;;;;;;;;;
2026/03/04;0800 UTC;;;;;;;;;;;;;;;;;;
2026/03/04;0900 UTC;;;;;;;;;;;;;;;;;;
2026/03/04;1000 UTC;;;;;;;;;;;;;;;;;;
2026/03/04;1100 UTC;;;;;;;;;;;;;;;;;;
2026/03/04;1200 UTC;;;;;;;;;;;;;;;;;;
2026/03/04;1300 UTC;;;;;;;;;;;;;;;;;;
2026/03/04;1400 UTC;;;;;;;;;;;;;;;;;;
2026/03/04;1500 UTC;;;;;;;;;;;;;;;;;;
2026/03/04;1600 UTC;;;;;;;;;;;;;;;;;;
2026/03/04;1700 UTC;;;;;;;;;;;;;;;;;;
2026/03/04;1800 UTC;;;;;;;;;;;;;;;;;;
2026/03/04;1900 UTC;;;;;;;;;;;;;;;;;;
2026/03/04;2000 UTC;;;;;;;;;;;;;;;;;;
2026/03/04;2100 UTC;;;;;;;;;;;;;;;;;;
2026/03/04;2200 UTC;;;;;;;;;;;;;;;;;;
2026/03/04;2300 UTC;;;;;;;;;;;;;;;;;;
2026/03/05;0000 UTC;;;;;;;;;;;;;;;;;;
2026/03/05;0100 UTC;;;;;;;;;;;;;;;;;;
2026/03/05;0200 UTC;;;;;;;;;;;;;;;;;;
2026/03/05;0300 UTC;;;;;;;;;;;;;;;;;;
2026/03/05;0400 UTC;;;;;;;;;;;;;;;;;;
2026/03/05;0500 UTC;;;;;;;;;;;;;;;;;;
2026/03/05;0600 UTC;;;;;;;;;;;;;;;;;;
2026/03/05;0700 UTC;;;;;;;;;;;;;;;;;;
2026/03/05;0800 UTC;;;;;;;;;;;;;;;;;;
2026/03/05;0900 UTC;;;;;;;;;;;;;;;;;;
2026/03/05;1000 UTC;;;;;;;;;;;;;;;;;;
2026/03/05;1100 UTC;;;;;;;;;;;;;;;;;;
2026/03/05;1200 UTC;;;;;;;;;;;;;;;;;;
2026/03/05;1300 UTC;;;;;;;;;;;;;;;;;;
2026/03/05;1400 UTC;;;;;;;;;;;;;;;;;;
2026/03/05;1500 UTC;;;;;;;;;;;;;;;;;;
2026/03/05;1600 UTC;;;;;;;;;;;;;;;;;;
2026/03/05;1700 UTC;;;;;;;;;;;;;;;;;;
2026/03/05;1800 UTC;;;;;;;;;;;;;;;;;;
2026/03/05;1900 UTC;;;;;;;;;;;;;;;;;;
2026/03/05;2000 UTC;;;;;;;;;;;;;;;;;;
2026/03/05;2100 UTC;;;;;;;;;;;;;;;;;;
2026/03/05;2200 UTC;;;;;;;;;;;;;;;;;;
2026/03/05;2300 UTC;;;;;;;;;;;;;;;;;;
2026/03/06;0000 UTC;;;;;;;;;;;;;;;;;;
2026/03/06;0100 UTC;;;;;;;;;;;;;;;;;;
2026/03/06;0200 UTC;;;;;;;;;;;;;;;;;;
2026/03/06;0300 UTC;;;;;;;;;;;;;;;;;;
2026/03/06;0400 UTC;;;;;;;;;;;;;;;;;;
2026/03/06;0500 UTC;;;;;;;;;;;;;;;;;;
2026/03/06;0600 UTC;;;;;;;;;;;;;;;;;;
2026/03/06;0700 UTC;;;;;;;;;;;;;;;;;;
2026/03/06;0800 UTC;;;;;;;;;;;;;;;;;;
2026/03/06;0900 UTC;;;;;;;;;;;;;;;;;;
2026/03/06;1000 UTC;;;;;;;;;;;;;;;;;;
2026/03/06;1100 UTC;;;;;;;;;;;;;;;;;;
2026/03/06;1200 UTC;;;;;;;;;;;;;;;;;;
2026/03/06;1300 UTC;;;;;;;;;;;;;;;;;;
2026/03/06;1400 UTC;;;;;;;;;;;;;;;;;;
2026/03/06;1500 UTC;;;;;;;;;;;;;;;;;;
2026/03/06;1600 UTC;;;;;;;;;;;;;;;;;;
2026/03/06;1700 UTC;;;;;;;;;;;;;;;;;;
2026/03/06;1800 UTC;;;;;;;;;;;;;;;;;;
2026/03/06;1900 UTC;;;;;;;;;;;;;;;;;;
2026/03/06;2000 UTC;;;;;;;;;;;;;;;;;;
2026/03/06;2100 UTC;;;;;;;;;;;;;;;;;;
2026/03/06;2200 UTC;;;;;;;;;;;;;;;;;;
2026/03/06;2300 UTC;;;;;;;;;;;;;;;;;;
2026/03/07;0000 UTC;;;;;;;;;;;;;;;;;;
2026/03/07;0100 UTC;;;;;;;;;;;;;;;;;;
2026/03/07;0200 UTC;;;;;;;;;;;;;;;;;;
2026/03/07;0300 UTC;;;;;;;;;;;;;;;;;;
2026/03/07;0400 UTC;;;;;;;;;;;;;;;;;;
2026/03/07;0500 UTC;;;;;;;;;;;;;;;;;;
2026/03/07;0600 UTC;;;;;;;;;;;;;;;;;;
2026/03/07;0700 UTC;;;;;;;;;;;;;;;;;;
2026/03/07;0800 UTC;;;;;;;;;;;;;;;;;;
2026/03/07;0900 UTC;;;;;;;;;;;;;;;;;;
2026/03/07;1000 UTC;;;;;;;;;;;;;;;;;;
2026/03/07;1100 UTC;;;;;;;;;;;;;;;;;;
2026/03/07;1200 UTC;;;;;;;;;;;;;;;;;;
2026/03/07;1300 UTC;;;;;;;;;;;;;;;;;;
2026/03/07;1400 UTC;;;;;;;;;;;;;;;;;;
2026/03/07;1500 UTC;;;;;;;;;;;;;;;;;;
2026/03/07;1600 UTC;;;;;;;;;;;;;;;;;;
2026/03/07;1700 UTC;;;;;;;;;;;;;;;;;;
2026/03/07;1800 UTC;;;;;;;;;;;;;;;;;;
2026/03/07;1900 UTC;;;;;;;;;;;;;;;;;;
2026/03/07;2000 UTC;;;;;;;;;;;;;;;;;;
2026/03/07;2100 UTC;;;;;;;;;;;;;;;;;;
2026/03/07;2200 UTC;;;;;;;;;;;;;;;;;;
2026/03/07;2300 UTC;;;;;;;;;;;;;;;;;;
2026/03/08;0000 UTC;;;;;;;;;;;;;;;;;;
2026/03/08;0100 UTC;;;;;;;;;;;;;;;;;;
2026/03/08;0200 UTC;;;;;;;;;;;;;;;;;;
2026/03/08;0300 UTC;;;;;;;;;;;;;;;;;;
2026/03/08;0400 UTC;;;;;;;;;;;;;;;;;;
2026/03/08;0500 UTC;;;;;;;;;;;;;;;;;;
2026/03/08;0600 UTC;;;;;;;;;;;;;;;;;;
2026/03/08;0700 UTC;;;;;;;;;;;;;;;;;;
2026/03/08;0800 UTC;;;;;;;;;;;;;;;;;;
2026/03/08;0900 UTC;;;;;;;;;;;;;;;;;;
2026/03/08;1000 UTC;;;;;;;;;;;;;;;;;;
2026/03/08;1100 UTC;;;;;;;;;;;;;;;;;;
2026/03/08;1200 UTC;;;;;;;;;;;;;;;;;;
2026/03/08;1300 UTC;;;;;;;;;;;;;;;;;;
2026/03/08;1400 UTC;;;;;;;;;;;;;;;;;;
2026/03/08;1500 UTC;;;;;;;;;;;;;;;;;;
2026/03/08;1600 UTC;;;;;;;;;;;;;;;;;;
2026/03/08;1700 UTC;;;;;;;;;;;;;;;;;;
2026/03/08;1800 UTC;;;;;;;;;;;;;;;;;;
2026/03/08;1900 UTC;;;;;;;;;;;;;;;;;;
2026/03/08;2000 UTC;;;;;;;;;;;;;;;;;;
2026/03/08;2100 UTC;;;;;;;;;;;;;;;;;;
2026/03/08;2200 UTC;;;;;;;;;;;;;;;;;;
2026/03/08;2300 UTC;;;;;;;;;;;;;;;;;;
2026/03/09;0000 UTC;;;;;;;;;;;;;;;;;;
2026/03/09;0100 UTC;;;;;;;;;;;;;;;;;;
2026/03/09;0200 UTC;;;;;;;;;;;;;;;;;;
2026/03/09;0300 UTC;;;;;;;;;;;;;;;;;;
2026/03/09;0400 UTC;;;;;;;;;;;;;;;;;;
2026/03/09;0500 UTC;;;;;;;;;;;;;;;;;;
2026/03/09;0600 UTC;;;;;;;;;;;;;;;;;;
2026/03/09;0700 UTC;;;;;;;;;;;;;;;;;;
2026/03/09;0800 UTC;;;;;;;;;;;;;;;;;;
2026/03/09;0900 UTC;;;;;;;;;;;;;;;;;;
2026/03/09;1000 UTC;;;;;;;;;;;;;;;;;;
2026/03/09;1100 UTC;;;;;;;;;;;;;;;;;;
2026/03/09;1200 UTC;;;;;;;;;;;;;;;;;;
2026/03/09;1300 UTC;;;;;;;;;;;;;;;;;;
2026/03/09;1400 UTC;;;;;;;;;;;;;;;;;;
2026/03/09;1500 UTC;;;;;;;;;;;;;;;;;;
2026/03/09;1600 UTC;;;;;;;;;;;;;;;;;;
2026/03/09;1700 UTC;;;;;;;;;;;;;;;;;;
2026/03/09;1800 UTC;;;;;;;;;;;;;;;;;;
2026/03/09;1900 UTC;;;;;;;;;;;;;;;;;;
2026/03/09;2000 UTC;;;;;;;;;;;;;;;;;;
2026/03/09;2100 UTC;;;;;;;;;;;;;;;;;;
2026/03/09;2200 UTC;;;;;;;;;;;;;;;;;;
2026/03/09;2300 UTC;;;;;;;;;;;;;;;;;;
2026/03/10;0000 UTC;;;;;;;;;;;;;;;;;;
2026/03/10;0100 UTC;;;;;;;;;;;;;;;;;;
2026/03/10;0200 UTC;;;;;;;;;;;;;;;;;;
2026/03/10;0300 UTC;;;;;;;;;;;;;;;;;;
2026/03/10;0400 UTC;;;;;;;;;;;;;;;;;;
2026/03/10;0500 UTC;;;;;;;;;;;;;;;;;;
2026/03/10;0600 UTC;;;;;;;;;;;;;;;;;;
2026/03/10;0700 UTC;;;;;;;;;;;;;;;;;;
2026/03/10;0800 UTC;;;;;;;;;;;;;;;;;;
2026/03/10;0900 UTC;;;;;;;;;;;;;;;;;;
2026/03/10;1000 UTC;;;;;;;;;;;;;;;;;;
2026/03/10;1100 UTC;;;;;;;;;;;;;;;;;;
2026/03/10;1200 UTC;;;;;;;;;;;;;;;;;;
2026/03/10;1300 UTC;;;;;;;;;;;;;;;;;;
2026/03/10;1400 UTC;;;;;;;;;;;;;;;;;;
2026/03/10;1500 UTC;;;;;;;;;;;;;;;;;;
2026/03/10;1600 UTC;;;;;;;;;;;;;;;;;;
2026/03/10;1700 UTC;;;;;;;;;;;;;;;;;;
2026/03/10;1800 UTC;;;;;;;;;;;;;;;;;;
2026/03/10;1900 UTC;;;;;;;;;;;;;;;;;;
2026/03/10;2000 UTC;;;;;;;;;;;;;;;;;;
2026/03/10;2100 UTC;;;;;;;;;;;;;;;;;;
2026/03/10;2200 UTC;;;;;;;;;;;;;;;;;;
2026/03/10;2300 UTC;;;;;;;;;;;;;;;;;;
2026/03/11;0000 UTC;;;;;;;;;;;;;;;;;;
2026/03/11;0100 UTC;;;;;;;;;;;;;;;;;;
2026/03/11;0200 UTC;;;;;;;;;;;;;;;;;;
2026/03/11;0300 UTC;;;;;;;;;;;;;;;;;;
2026/03/11;0400 UTC;;;;;;;;;;;;;;;;;;
2026/03/11;0500 UTC;;;;;;;;;;;;;;;;;;
2026/03/11;0600 UTC;;;;;;;;;;;;;;;;;;
2026/03/11;0700 UTC;;;;;;;;;;;;;;;;;;
2026/03/11;0800 UTC;;;;;;;;;;;;;;;;;;
2026/03/11;0900 UTC;;;;;;;;;;;;;;;;;;
2026/03/11;1000 UTC;;;;;;;;;;;;;;;;;;
2026/03/11;1100 UTC;;;;;;;;;;;;;;;;;;
2026/03/11;1200 UTC;;;;;;;;;;;;;;;;;;
2026/03/11;1300 UTC;;;;;;;;;;;;;;;;;;
2026/03/11;1400 UTC;;;;;;;;;;;;;;;;;;
2026/03/11;1500 UTC;;;;;;;;;;;;;;;;;;
2026/03/11;1600 UTC;;;;;;;;;;;;;;;;;;
2026/03/11;1700 UTC;;;;;;;;;;;;;;;;;;
2026/03/11;1800 UTC;;;;;;;;;;;;;;;;;;
2026/03/11;1900 UTC;;;;;;;;;;;;;;;;;;
2026/03/11;2000 UTC;;;;;;;;;;;;;;;;;;
2026/03/11;2100 UTC;;;;;;;;;;;;;;;;;;
2026/03/11;2200 UTC;;;;;;;;;;;;;;;;;;
2026/03/11;2300 UTC;;;;;;;;;;;;;;;;;;
2026/03/12;0000 UTC;;;;;;;;;;;;;;;;;;
2026/03/12;0100 UTC;;;;;;;;;;;;;;;;;;
2026/03/12;0200 UTC;;;;;;;;;;;;;;;;;;
2026/03/12;0300 UTC;;;;;;;;;;;;;;;;;;
2026/03/12;0400 UTC;;;;;;;;;;;;;;;;;;
2026/03/12;0500 UTC;;;;;;;;;;;;;;;;;;
2026/03/12;0600 UTC;;;;;;;;;;;;;;;;;;
2026/03/12;0700 UTC;;;;;;;;;;;;;;;;;;
2026/03/12;0800 UTC;;;;;;;;;;;;;;;;;;
2026/03/12;0900 UTC;;;;;;;;;;;;;;;;;;
2026/03/12;1000 UTC;;;;;;;;;;;;;;;;;;
2026/03/12;1100 UTC;;;;;;;;;;;;;;;;;;
2026/03/12;1200 UTC;;;;;;;;;;;;;;;;;;
2026/03/12;1300 UTC;;;;;;;;;;;;;;;;;;
2026/03/12;1400 UTC;;;;;;;;;;;;;;;;;;
2026/03/12;1500 UTC;;;;;;;;;;;;;;;;;;
2026/03/12;1600 UTC;;;;;;;;;;;;;;;;;;
2026/03/12;1700 UTC;;;;;;;;;;;;;;;;;;
2026/03/12;1800 UTC;;;;;;;;;;;;;;;;;;
2026/03/12;1900 UTC;;;;;;;;;;;;;;;;;;
2026/03/12;2000 UTC;;;;;;;;;;;;;;;;;;
2026/03/12;2100 UTC;;;;;;;;;;;;;;;;;;
2026/03/12;2200 UTC;;;;;;;;;;;;;;;;;;
2026/03/12;2300 UTC;;;;;;;;;;;;;;;;;;
2026/03/13;0000 UTC;;;;;;;;;;;;;;;;;;
2026/03/13;0100 UTC;;;;;;;;;;;;;;;;;;
2026/03/13;0200 UTC;;;;;;;;;;;;;;;;;;
2026/03/13;0300 UTC;;;;;;;;;;;;;;;;;;
2026/03/13;0400 UTC;;;;;;;;;;;;;;;;;;
2026/03/13;0500 UTC;;;;;;;;;;;;;;;;;;
2026/03/13;0600 UTC;;;;;;;;;;;;;;;;;;
2026/03/13;0700 UTC;;;;;;;;;;;;;;;;;;
2026/03/13;0800 UTC;;;;;;;;;;;;;;;;;;
2026/03/13;0900 UTC;;;;;;;;;;;;;;;;;;
2026/03/13;1000 UTC;;;;;;;;;;;;;;;;;;
2026/03/13;1100 UTC;;;;;;;;;;;;;;;;;;
2026/03/13;1200 UTC;;;;;;;;;;;;;;;;;;
2026/03/13;1300 UTC;;;;;;;;;;;;;;;;;;
2026/03/13;1400 UTC;;;;;;;;;;;;;;;;;;
2026/03/13;1500 UTC;;;;;;;;;;;;;;;;;;
2026/03/13;1600 UTC;;;;;;;;;;;;;;;;;;
2026/03/13;1700 UTC;;;;;;;;;;;;;;;;;;
2026/03/13;1800 UTC;;;;;;;;;;;;;;;;;;
2026/03/13;1900 UTC;;;;;;;;;;;;;;;;;;
2026/03/13;2000 UTC;;;;;;;;;;;;;;;;;;
2026/03/13;2100 UTC;;;;;;;;;;;;;;;;;;
2026/03/13;2200 UTC;;;;;;;;;;;;;;;;;;
2026/03/13;2300 UTC;;;;;;;;;;;;;;;;;;
2026/03/14;0000 UTC;;;;;;;;;;;;;;;;;;
2026/03/14;0100 UTC;;;;;;;;;;;;;;;;;;
2026/03/14;0200 UTC;;;;;;;;;;;;;;;;;;
2026/03/14;0300 UTC;;;;;;;;;;;;;;;;;;
2026/03/14;0400 UTC;;;;;;;;;;;;;;;;;;
2026/03/14;0500 UTC;;;;;;;;;;;;;;;;;;
2026/03/14;0600 UTC;;;;;;;;;;;;;;;;;;
2026/03/14;0700 UTC;;;;;;;;;;;;;;;;;;
2026/03/14;0800 UTC;;;;;;;;;;;;;;;;;;
2026/03/14;0900 UTC;;;;;;;;;;;;;;;;;;
2026/03/14;1000 UTC;;;;;;;;;;;;;;;;;;
2026/03/14;1100 UTC;;;;;;;;;;;;;;;;;;
2026/03/14;1200 UTC;;;;;;;;;;;;;;;;;;
2026/03/14;1300 UTC;;;;;;;;;;;;;;;;;;
2026/03/14;1400 UTC;;;;;;;;;;;;;;;;;;
2026/03/14;1500 UTC;;;;;;;;;;;;;;;;;;
2026/03/14;1600 UTC;;;;;;;;;;;;;;;;;;
2026/03/14;1700 UTC;;;;;;;;;;;;;;;;;;
2026/03/14;1800 UTC;;;;;;;;;;;;;;;;;;
2026/03/14;1900 UTC;;;;;;;;;;;;;;;;;;
2026/03/14;2000 UTC;;;;;;;;;;;;;;;;;;
2026/03/14;2100 UTC;;;;;;;;;;;;;;;;;;
2026/03/14;2200 UTC;;;;;;;;;;;;;;;;;;
2026/03/14;2300 UTC;;;;;;;;;;;;;;;;;;
2026/03/15;0000 UTC;;;;;;;;;;;;;;;;;;
2026/03/15;0100 UTC;;;;;;;;;;;;;;;;;;
2026/03/15;0200 UTC;;;;;;;;;;;;;;;;;;
2026/03/15;0300 UTC;;;;;;;;;;;;;;;;;;
2026/03/15;0400 UTC;;;;;;;;;;;;;;;;;;
2026/03/15;0500 UTC;;;;;;;;;;;;;;;;;;
2026/03/15;0600 UTC;;;;;;;;;;;;;;;;;;
2026/03/15;0700 UTC;;;;;;;;;;;;;;;;;;
2026/03/15;0800 UTC;;;;;;;;;;;;;;;;;;
2026/03/15;0900 UTC;;;;;;;;;;;;;;;;;;
2026/03/15;1000 UTC;;;;;;;;;;;;;;;;;;
2026/03/15;1100 UTC;;;;;;;;;;;;;;;;;;
2026/03/15;1200 UTC;;;;;;;;;;;;;;;;;;
2026/03/15;1300 UTC;;;;;;;;;;;;;;;;;;
2026/03/15;1400 UTC;;;;;;;;;;;;;;;;;;
2026/03/15;1500 UTC;;;;;;;;;;;;;;;;;;
2026/03/15;1600 UTC;;;;;;;;;;;;;;;;;;
2026/03/15;1700 UTC;;;;;;;;;;;;;;;;;;
2026/03/15;1800 UTC;;;;;;;;;;;;;;;;;;
2026/03/15;1900 UTC;;;;;;;;;;;;;;;;;;
2026/03/15;2000 UTC;;;;;;;;;;;;;;;;;;
2026/03/15;2100 UTC;;;;;;;;;;;;;;;;;;
2026/03/15;2200 UTC;;;;;;;;;;;;;;;;;;
2026/03/15;2300 UTC;;;;;;;;;;;;;;;;;;
2026/03/16;0000 UTC;;;;;;;;;;;;;;;;;;
2026/03/16;0100 UTC;;;;;;;;;;;;;;;;;;
2026/03/16;0200 UTC;;;;;;;;;;;;;;;;;;
2026/03/16;0300 UTC;;;;;;;;;;;;;;;;;;
2026/03/16;0400 UTC;;;;;;;;;;;;;;;;;;
2026/03/16;0500 UTC;;;;;;;;;;;;;;;;;;
2026/03/16;0600 UTC;;;;;;;;;;;;;;;;;;
2026/03/16;0700 UTC;;;;;;;;;;;;;;;;;;
2026/03/16;0800 UTC;;;;;;;;;;;;;;;;;;
2026/03/16;0900 UTC;;;;;;;;;;;;;;;;;;
2026/03/16;1000 UTC;;;;;;;;;;;;;;;;;;
2026/03/16;1100 UTC;;;;;;;;;;;;;;;;;;
2026/03/16;1200 UTC;;;;;;;;;;;;;;;;;;
2026/03/16;1300 UTC;;;;;;;;;;;;;;;;;;
2026/03/16;1400 UTC;;;;;;;;;;;;;;;;;;
2026/03/16;1500 UTC;;;;;;;;;;;;;;;;;;
2026/03/16;1600 UTC;;;;;;;;;;;;;;;;;;
2026/03/16;1700 UTC;;;;;;;;;;;;;;;;;;
2026/03/16;1800 UTC;;;;;;;;;;;;;;;;;;
2026/03/16;1900 UTC;;;;;;;;;;;;;;;;;;
2026/03/16;2000 UTC;;;;;;;;;;;;;;;;;;
2026/03/16;2100 UTC;;;;;;;;;;;;;;;;;;
2026/03/16;2200 UTC;;;;;;;;;;;;;;;;;;
2026/03/16;2300 UTC;;;;;;;;;;;;;;;;;;
2026/03/17;0000 UTC;;;;;;;;;;;;;;;;;;
2026/03/17;0100 UTC;;;;;;;;;;;;;;;;;;
2026/03/17;0200 UTC;;;;;;;;;;;;;;;;;;
2026/03/17;0300 UTC;;;;;;;;;;;;;;;;;;
2026/03/17;0400 UTC;;;;;;;;;;;;;;;;;;
2026/03/17;0500 UTC;;;;;;;;;;;;;;;;;;
2026/03/17;0600 UTC;;;;;;;;;;;;;;;;;;
2026/03/17;0700 UTC;;;;;;;;;;;;;;;;;;
2026/03/17;0800 UTC;;;;;;;;;;;;;;;;;;
2026/03/17;0900 UTC;;;;;;;;;;;;;;;;;;
2026/03/17;1000 UTC;;;;;;;;;;;;;;;;;;
2026/03/17;1100 UTC;;;;;;;;;;;;;;;;;;
2026/03/17;1200 UTC;;;;;;;;;;;;;;;;;;
2026/03/17;1300 UTC;;;;;;;;;;;;;;;;;;
2026/03/17;1400 UTC;;;;;;;;;;;;;;;;;;
2026/03/17;1500 UTC;;;;;;;;;;;;;;;;;;
2026/03/17;1600 UTC;;;;;;;;;;;;;;;;;;
2026/03/17;1700 UTC;;;;;;;;;;;;;;;;;;
2026/03/17;1800 UTC;;;;;;;;;;;;;;;;;;
2026/03/17;1900 UTC;;;;;;;;;;;;;;;;;;
2026/03/17;2000 UTC;;;;;;;;;;;;;;;;;;
2026/03/17;2100 UTC;;;;;;;;;;;;;;;;;;
2026/03/17;2200 UTC;;;;;;;;;;;;;;;;;;
2026/03/17;2300 UTC;;;;;;;;;;;;;;;;;;
2026/03/18;0000 UTC;;;;;;;;;;;;;;;;;;
2026/03/18;0100 UTC;;;;;;;;;;;;;;;;;;
2026/03/18;0200 UTC;;;;;;;;;;;;;;;;;;
2026/03/18;0300 UTC;;;;;;;;;;;;;;;;;;
2026/03/18;0400 UTC;;;;;;;;;;;;;;;;;;
2026/03/18;0500 UTC;;;;;;;;;;;;;;;;;;
2026/03/18;0600 UTC;;;;;;;;;;;;;;;;;;
2026/03/18;0700 UTC;;;;;;;;;;;;;;;;;;
2026/03/18;0800 UTC;;;;;;;;;;;;;;;;;;
2026/03/18;0900 UTC;;;;;;;;;;;;;;;;;;
2026/03/18;1000 UTC;;;;;;;;;;;;;;;;;;
2026/03/18;1100 UTC;;;;;;;;;;;;;;;;;;
2026/03/18;1200 UTC;;;;;;;;;;;;;;;;;;
2026/03/18;1300 UTC;;;;;;;;;;;;;;;;;;
2026/03/18;1400 UTC;;;;;;;;;;;;;;;;;;
2026/03/18;1500 UTC;;;;;;;;;;;;;;;;;;
2026/03/18;1600 UTC;;;;;;;;;;;;;;;;;;
2026/03/18;1700 UTC;;;;;;;;;;;;;;;;;;
2026/03/18;1800 UTC;;;;;;;;;;;;;;;;;;
2026/03/18;1900 UTC;;;;;;;;;;;;;;;;;;
2026/03/18;2000 UTC;;;;;;;;;;;;;;;;;;
2026/03/18;2100 UTC;;;;;;;;;;;;;;;;;;
2026/03/18;2200 UTC;;;;;;;;;;;;;;;;;;
2026/03/18;2300 UTC;;;;;;;;;;;;;;;;;;
2026/03/19;0000 UTC;;;;;;;;;;;;;;;;;;
2026/03/19;0100 UTC;;;;;;;;;;;;;;;;;;
2026/03/19;0200 UTC;;;;;;;;;;;;;;;;;;
2026/03/19;0300 UTC;;;;;;;;;;;;;;;;;;
2026/03/19;0400 UTC;;;;;;;;;;;;;;;;;;
2026/03/19;0500 UTC;;;;;;;;;;;;;;;;;;
2026/03/19;0600 UTC;;;;;;;;;;;;;;;;;;
2026/03/19;0700 UTC;;;;;;;;;;;;;;;;;;
2026/03/19;0800 UTC;;;;;;;;;;;;;;;;;;
2026/03/19;0900 UTC;;;;;;;;;;;;;;;;;;
2026/03/19;1000 UTC;;;;;;;;;;;;;;;;;;
2026/03/19;1100 UTC;;;;;;;;;;;;;;;;;;
2026/03/19;1200 UTC;;;;;;;;;;;;;;;;;;
2026/03/19;1300 UTC;;;;;;;;;;;;;;;;;;
2026/03/19;1400 UTC;;;;;;;;;;;;;;;;;;
2026/03/19;1500 UTC;;;;;;;;;;;;;;;;;;
2026/03/19;1600 UTC;;;;;;;;;;;;;;;;;;
2026/03/19;1700 UTC;;;;;;;;;;;;;;;;;;
2026/03/19;1800 UTC;;;;;;;;;;;;;;;;;;
2026/03/19;1900 UTC;;;;;;;;;;;;;;;;;;
2026/03/19;2000 UTC;;;;;;;;;;;;;;;;;;
2026/03/19;2100 UTC;;;;;;;;;;;;;;;;;;
2026/03/19;2200 UTC;;;;;;;;;;;;;;;;;;
2026/03/19;2300 UTC;;;;;;;;;;;;;;;;;;
2026/03/20;0000 UTC;;;;;;;;;;;;;;;;;;
2026/03/20;0100 UTC;;;;;;;;;;;;;;;;;;
2026/03/20;0200 UTC;;;;;;;;;;;;;;;;;;
2026/03/20;0300 UTC;;;;;;;;;;;;;;;;;;
2026/03/20;0400 UTC;;;;;;;;;;;;;;;;;;
2026/03/20;0500 UTC;;;;;;;;;;;;;;;;;;
2026/03/20;0600 UTC;;;;;;;;;;;;;;;;;;
2026/03/20;0700 UTC;;;;;;;;;;;;;;;;;;
2026/03/20;0800 UTC;;;;;;;;;;;;;;;;;;
2026/03/20;0900 UTC;;;;;;;;;;;;;;;;;;
2026/03/20;1000 UTC;;;;;;;;;;;;;;;;;;
2026/03/20;1100 UTC;;;;;;;;;;;;;;;;;;
2026/03/20;1200 UTC;;;;;;;;;;;;;;;;;;
2026/03/20;1300 UTC;;;;;;;;;;;;;;;;;;
2026/03/20;1400 UTC;;;;;;;;;;;;;;;;;;
2026/03/20;1500 UTC;;;;;;;;;;;;;;;;;;
2026/03/20;1600 UTC;;;;;;;;;;;;;;;;;;
2026/03/20;1700 UTC;;;;;;;;;;;;;;;;;;
2026/03/20;1800 UTC;;;;;;;;;;;;;;;;;;
2026/03/20;1900 UTC;;;;;;;;;;;;;;;;;;
2026/03/20;2000 UTC;;;;;;;;;;;;;;;;;;
2026/03/20;2100 UTC;;;;;;;;;;;;;;;;;;
2026/03/20;2200 UTC;;;;;;;;;;;;;;;;;;
2026/03/20;2300 UTC;;;;;;;;;;;;;;;;;;
2026/03/21;0000 UTC;;;;;;;;;;;;;;;;;;
2026/03/21;0100 UTC;;;;;;;;;;;;;;;;;;
2026/03/21;0200 UTC;;;;;;;;;;;;;;;;;;
2026/03/21;0300 UTC;;;;;;;;;;;;;;;;;;
2026/03/21;0400 UTC;;;;;;;;;;;;;;;;;;
2026/03/21;0500 UTC;;;;;;;;;;;;;;;;;;
2026/03/21;0600 UTC;;;;;;;;;;;;;;;;;;
2026/03/21;0700 UTC;;;;;;;;;;;;;;;;;;
2026/03/21;0800 UTC;;;;;;;;;;;;;;;;;;
2026/03/21;0900 UTC;;;;;;;;;;;;;;;;;;
2026/03/21;1000 UTC;;;;;;;;;;;;;;;;;;
2026/03/21;1100 UTC;;;;;;;;;;;;;;;;;;
2026/03/21;1200 UTC;;;;;;;;;;;;;;;;;;
2026/03/21;1300 UTC;;;;;;;;;;;;;;;;;;
2026/03/21;1400 UTC;;;;;;;;;;;;;;;;;;
2026/03/21;1500 UTC;;;;;;;;;;;;;;;;;;
2026/03/21;1600 UTC;;;;;;;;;;;;;;;;;;
2026/03/21;1700 UTC;;;;;;;;;;;;;;;;;;
2026/03/21;1800 UTC;;;;;;;;;;;;;;;;;;
2026/03/21;1900 UTC;;;;;;;;;;;;;;;;;;
2026/03/21;2000 UTC;;;;;;;;;;;;;;;;;;
2026/03/21;2100 UTC;;;;;;;;;;;;;;;;;;
2026/03/21;2200 UTC;;;;;;;;;;;;;;;;;;
2026/03/21;2300 UTC;;;;;;;;;;;;;;;;;;
2026/03/22;0000 UTC;;;;;;;;;;;;;;;;;;
2026/03/22;0100 UTC;;;;;;;;;;;;;;;;;;
2026/03/22;0200 UTC;;;;;;;;;;;;;;;;;;
2026/03/22;0300 UTC;;;;;;;;;;;;;;;;;;
2026/03/22;0400 UTC;;;;;;;;;;;;;;;;;;
2026/03/22;0500 UTC;;;;;;;;;;;;;;;;;;
2026/03/22;0600 UTC;;;;;;;;;;;;;;;;;;
2026/03/22;0700 UTC;;;;;;;;;;;;;;;;;;
2026/03/22;0800 UTC;;;;;;;;;;;;;;;;;;
2026/03/22;0900 UTC;;;;;;;;;;;;;;;;;;
2026/03/22;1000 UTC;;;;;;;;;;;;;;;;;;
2026/03/22;1100 UTC;;;;;;;;;;;;;;;;;;
2026/03/22;1200 UTC;;;;;;;;;;;;;;;;;;
2026/03/22;1300 UTC;;;;;;;;;;;;;;;;;;
2026/03/22;1400 UTC;;;;;;;;;;;;;;;;;;
2026/03/22;1500 UTC;;;;;;;;;;;;;;;;;;
2026/03/22;1600 UTC;;;;;;;;;;;;;;;;;;
2026/03/22;1700 UTC;;;;;;;;;;;;;;;;;;
2026/03/22;1800 UTC;;;;;;;;;;;;;;;;;;
2026/03/22;1900 UTC;;;;;;;;;;;;;;;;;;
2026/03/22;2000 UTC;;;;;;;;;;;;;;;;;;
2026/03/22;2100 UTC;;;;;;;;;;;;;;;;;;
2026/03/22;2200 UTC;;;;;;;;;;;;;;;;;;
2026/03/22;2300 UTC;;;;;;;;;;;;;;;;;;
2026/03/23;0000 UTC;;;;;;;;;;;;;;;;;;
2026/03/23;0100 UTC;;;;;;;;;;;;;;;;;;
2026/03/23;0200 UTC;;;;;;;;;;;;;;;;;;
2026/03/23;0300 UTC;;;;;;;;;;;;;;;;;;
2026/03/23;0400 UTC;;;;;;;;;;;;;;;;;;
2026/03/23;0500 UTC;;;;;;;;;;;;;;;;;;
2026/03/23;0600 UTC;;;;;;;;;;;;;;;;;;
2026/03/23;0700 UTC;;;;;;;;;;;;;;;;;;
2026/03/23;0800 UTC;;;;;;;;;;;;;;;;;;
2026/03/23;0900 UTC;;;;;;;;;;;;;;;;;;
2026/03/23;1000 UTC;;;;;;;;;;;;;;;;;;
2026/03/23;1100 UTC;;;;;;;;;;;;;;;;;;
2026/03/23;1200 UTC;;;;;;;;;;;;;;;;;;
2026/03/23;1300 UTC;;;;;;;;;;;;;;;;;;
2026/03/23;1400 UTC;;;;;;;;;;;;;;;;;;
2026/03/23;1500 UTC;;;;;;;;;;;;;;;;;;
2026/03/23;1600 UTC;;;;;;;;;;;;;;;;;;
2026/03/23;1700 UTC;;;;;;;;;;;;;;;;;;
2026/03/23;1800 UTC;;;;;;;;;;;;;;;;;;
2026/03/23;1900 UTC;;;;;;;;;;;;;;;;;;
2026/03/23;2000 UTC;;;;;;;;;;;;;;;;;;
2026/03/23;2100 UTC;;;;;;;;;;;;;;;;;;
2026/03/23;2200 UTC;;;;;;;;;;;;;;;;;;
2026/03/23;2300 UTC;;;;;;;;;;;;;;;;;;
2026/03/24;0000 UTC;;;;;;;;;;;;;;;;;;
2026/03/24;0100 UTC;;;;;;;;;;;;;;;;;;
2026/03/24;0200 UTC;;;;;;;;;;;;;;;;;;
2026/03/24;0300 UTC;;;;;;;;;;;;;;;;;;
2026/03/24;0400 UTC;;;;;;;;;;;;;;;;;;
2026/03/24;0500 UTC;;;;;;;;;;;;;;;;;;
2026/03/24;0600 UTC;;;;;;;;;;;;;;;;;;
2026/03/24;0700 UTC;;;;;;;;;;;;;;;;;;
2026/03/24;0800 UTC;;;;;;;;;;;;;;;;;;
2026/03/24;0900 UTC;;;;;;;;;;;;;;;;;;
2026/03/24;1000 UTC;;;;;;;;;;;;;;;;;;
2026/03/24;1100 UTC;;;;;;;;;;;;;;;;;;
2026/03/24;1200 UTC;;;;;;;;;;;;;;;;;;
2026/03/24;1300 UTC;;;;;;;;;;;;;;;;;;
2026/03/24;1400 UTC;;;;;;;;;;;;;;;;;;
2026/03/24;1500 UTC;;;;;;;;;;;;;;;;;;
2026/03/24;1600 UTC;;;;;;;;;;;;;;;;;;
2026/03/24;1700 UTC;;;;;;;;;;;;;;;;;;
2026/03/24;1800 UTC;;;;;;;;;;;;;;;;;;
2026/03/24;1900 UTC;;;;;;;;;;;;;;;;;;
2026/03/24;2000 UTC;;;;;;;;;;;;;;;;;;
2026/03/24;2100 UTC;;;;;;;;;;;;;;;;;;
2026/03/24;2200 UTC;;;;;;;;;;;;;;;;;;
2026/03/24;2300 UTC;;;;;;;;;;;;;;;;;;
2026/03/25;0000 UTC;;;;;;;;;;;;;;;;;;
2026/03/25;0100 UTC;;;;;;;;;;;;;;;;;;
2026/03/25;0200 UTC;;;;;;;;;;;;;;;;;;
2026/03/25;0300 UTC;;;;;;;;;;;;;;;;;;
2026/03/25;0400 UTC;;;;;;;;;;;;;;;;;;
2026/03/25;0500 UTC;;;;;;;;;;;;;;;;;;
2026/03/25;0600 UTC;;;;;;;;;;;;;;;;;;
2026/03/25;0700 UTC;;;;;;;;;;;;;;;;;;
2026/03/25;0800 UTC;;;;;;;;;;;;;;;;;;
2026/03/25;0900 UTC;;;;;;;;;;;;;;;;;;
2026/03/25;1000 UTC;;;;;;;;;;;;;;;;;;
2026/03/25;1100 UTC;;;;;;;;;;;;;;;;;;
2026/03/25;1200 UTC;;;;;;;;;;;;;;;;;;
2026/03/25;1300 UTC;;;;;;;;;;;;;;;;;;
2026/03/25;1400 UTC;;;;;;;;;;;;;;;;;;
2026/03/25;1500 UTC;;;;;;;;;;;;;;;;;;
2026/03/25;1600 UTC;;;;;;;;;;;;;;;;;;
2026/03/25;1700 UTC;;;;;;;;;;;;;;;;;;
2026/03/25;1800 UTC;;;;;;;;;;;;;;;;;;
2026/03/25;1900 UTC;;;;;;;;;;;;;;;;;;
2026/03/25;2000 UTC;;;;;;;;;;;;;;;;;;
2026/03/25;2100 UTC;;;;;;;;;;;;;;;;;;
2026/03/25;2200 UTC;;;;;;;;;;;;;;;;;;
2026/03/25;2300 UTC;;;;;;;;;;;;;;;;;;
2026/03/26;0000 UTC;;;;;;;;;;;;;;;;;;
2026/03/26;0100 UTC;;;;;;;;;;;;;;;;;;
2026/03/26;0200 UTC;;;;;;;;;;;;;;;;;;
2026/03/26;0300 UTC;;;;;;;;;;;;;;;;;;
2026/03/26;0400 UTC;;;;;;;;;;;;;;;;;;
2026/03/26;0500 UTC;;;;;;;;;;;;;;;;;;
2026/03/26;0600 UTC;;;;;;;;;;;;;;;;;;
2026/03/26;0700 UTC;;;;;;;;;;;;;;;;;;
2026/03/26;0800 UTC;;;;;;;;;;;;;;;;;;
2026/03/26;0900 UTC;;;;;;;;;;;;;;;;;;
2026/03/26;1000 UTC;;;;;;;;;;;;;;;;;;
2026/03/26;1100 UTC;;;;;;;;;;;;;;;;;;
2026/03/26;1200 UTC;;;;;;;;;;;;;;;;;;
2026/03/26;1300 UTC;;;;;;;;;;;;;;;;;;
2026/03/26;1400 UTC;;;;;;;;;;;;;;;;;;
2026/03/26;1500 UTC;;;;;;;;;;;;;;;;;;
2026/03/26;1600 UTC;;;;;;;;;;;;;;;;;;
2026/03/26;1700 UTC;;;;;;;;;;;;;;;;;;
2026/03/26;1800 UTC;;;;;;;;;;;;;;;;;;
2026/03/26;1900 UTC;;;;;;;;;;;;;;;;;;
2026/03/26;2000 UTC;;;;;;;;;;;;;;;;;;
2026/03/26;2100 UTC;;;;;;;;;;;;;;;;;;
2026/03/26;2200 UTC;;;;;;;;;;;;;;;;;;
2026/03/26;2300 UTC;;;;;;;;;;;;;;;;;;
2026/03/27;0000 UTC;;;;;;;;;;;;;;;;;;
2026/03/27;0100 UTC;;;;;;;;;;;;;;;;;;
2026/03/27;0200 UTC;;;;;;;;;;;;;;;;;;
2026/03/27;0300 UTC;;;;;;;;;;;;;;;;;;
2026/03/27;0400 UTC;;;;;;;;;;;;;;;;;;
2026/03/27;0500 UTC;;;;;;;;;;;;;;;;;;
2026/03/27;0600 UTC;;;;;;;;;;;;;;;;;;
2026/03/27;0700 UTC;;;;;;;;;;;;;;;;;;
2026/03/27;0800 UTC;;;;;;;;;;;;;;;;;;
2026/03/27;0900 UTC;;;;;;;;;;;;;;;;;;
2026/03/27;1000 UTC;;;;;;;;;;;;;;;;;;
2026/03/27;1100 UTC;;;;;;;;;;;;;;;;;;
2026/03/27;1200 UTC;;;;;;;;;;;;;;;;;;
2026/03/27;1300 UTC;;;;;;;;;;;;;;;;;;
2026/03/27;1400 UTC;;;;;;;;;;;;;;;;;;
2026/03/27;1500 UTC;;;;;;;;;;;;;;;;;;
2026/03/27;1600 UTC;;;;;;;;;;;;;;;;;;
2026/03/27;1700 UTC;;;;;;;;;;;;;;;;;;
2026/03/27;1800 UTC;;;;;;;;;;;;;;;;;;
2026/03/27;1900 UTC;;;;;;;;;;;;;;;;;;
2026/03/27;2000 UTC;;;;;;;;;;;;;;;;;;
2026/03/27;2100 UTC;;;;;;;;;;;;;;;;;;
2026/03/27;2200 UTC;;;;;;;;;;;;;;;;;;
2026/03/27;2300 UTC;;;;;;;;;;;;;;;;;;
2026/03/28;0000 UTC;;;;;;;;;;;;;;;;;;
2026/03/28;0100 UTC;;;;;;;;;;;;;;;;;;
2026/03/28;0200 UTC;;;;;;;;;;;;;;;;;;
2026/03/28;0300 UTC;;;;;;;;;;;;;;;;;;
2026/03/28;0400 UTC;;;;;;;;;;;;;;;;;;
2026/03/28;0500 UTC;;;;;;;;;;;;;;;;;;
2026/03/28;0600 UTC;;;;;;;;;;;;;;;;;;
2026/03/28;0700 UTC;;;;;;;;;;;;;;;;;;
2026/03/28;0800 UTC;;;;;;;;;;;;;;;;;;
2026/03/28;0900 UTC;;;;;;;;;;;;;;;;;;
2026/03/28;1000 UTC;;;;;;;;;;;;;;;;;;
2026/03/28;1100 UTC;;;;;;;;;;;;;;;;;;
2026/03/28;1200 UTC;;;;;;;;;;;;;;;;;;
2026/03/28;1300 UTC;;;;;;;;;;;;;;;;;;
2026/03/28;1400 UTC;;;;;;;;;;;;;;;;;;
2026/03/28;1500 UTC;;;;;;;;;;;;;;;;;;
2026/03/28;1600 UTC;;;;;;;;;;;;;;;;;;
2026/03/28;1700 UTC;;;;;;;;;;;;;;;;;;
2026/03/28;1800 UTC;;;;;;;;;;;;;;;;;;
2026/03/28;1900 UTC;;;;;;;;;;;;;;;;;;
2026/03/28;2000 UTC;;;;;;;;;;;;;;;;;;
2026/03/28;2100 UTC;;;;;;;;;;;;;;;;;;
2026/03/28;2200 UTC;;;;;;;;;;;;;;;;;;
2026/03/28;2300 UTC;;;;;;;;;;;;;;;;;;
2026/03/29;0000 UTC;;;;;;;;;;;;;;;;;;
2026/03/29;0100 UTC;;;;;;;;;;;;;;;;;;
2026/03/29;0200 UTC;;;;;;;;;;;;;;;;;;
2026/03/29;0300 UTC;;;;;;;;;;;;;;;;;;
2026/03/29;0400 UTC;;;;;;;;;;;;;;;;;;
2026/03/29;0500 UTC;;;;;;;;;;;;;;;;;;
2026/03/29;0600 UTC;;;;;;;;;;;;;;;;;;
2026/03/29;0700 UTC;;;;;;;;;;;;;;;;;;
2026/03/29;0800 UTC;;;;;;;;;;;;;;;;;;
2026/03/29;0900 UTC;;;;;;;;;;;;;;;;;;
2026/03/29;1000 UTC;;;;;;;;;;;;;;;;;;
2026/03/29;1100 UTC;;;;;;;;;;;;;;;;;;
2026/03/29;1200 UTC;;;;;;;;;;;;;;;;;;
2026/03/29;1300 UTC;;;;;;;;;;;;;;;;;;
2026/03/29;1400 UTC;;;;;;;;;;;;;;;;;;
2026/03/29;1500 UTC;;;;;;;;;;;;;;;;;;
2026/03/29;1600 UTC;;;;;;;;;;;;;;;;;;
2026/03/29;1700 UTC;;;;;;;;;;;;;;;;;;
2026/03/29;1800 UTC;;;;;;;;;;;;;;;;;;
2026/03/29;1900 UTC;;;;;;;;;;;;;;;;;;
2026/03/29;2000 UTC;;;;;;;;;;;;;;;;;;
2026/03/29;2100 UTC;;;;;;;;;;;;;;;;;;
2026/03/29;2200 UTC;;;;;;;;;;;;;;;;;;
2026/03/29;2300 UTC;;;;;;;;;;;;;;;;;;
2026/03/30;0000 UTC;;;;;;;;;;;;;;;;;;
2026/03/30;0100 UTC;;;;;;;;;;;;;;;;;;
2026/03/30;0200 UTC;;;;;;;;;;;;;;;;;;
2026/03/30;0300 UTC;;;;;;;;;;;;;;;;;;
2026/03/30;0400 UTC;;;;;;;;;;;;;;;;;;
2026/03/30;0500 UTC;;;;;;;;;;;;;;;;;;
2026/03/30;0600 UTC;;;;;;;;;;;;;;;;;;
2026/03/30;0700 UTC;;;;;;;;;;;;;;;;;;
2026/03/30;0800 UTC;;;;;;;;;;;;;;;;;;
2026/03/30;0900 UTC;;;;;;;;;;;;;;;;;;
2026/03/30;1000 UTC;;;;;;;;;;;;;;;;;;
2026/03/30;1100 UTC;;;;;;;;;;;;;;;;;;
2026/03/30;1200 UTC;;;;;;;;;;;;;;;;;;
2026/03/30;1300 UTC;;;;;;;;;;;;;;;;;;
2026/03/30;1400 UTC;;;;;;;;;;;;;;;;;;
2026/03/30;1500 UTC;;;;;;;;;;;;;;;;;;
2026/03/30;1600 UTC;;;;;;;;;;;;;;;;;;
2026/03/30;1700 UTC;;;;;;;;;;;;;;;;;;
2026/03/30;1800 UTC;;;;;;;;;;;;;;;;;;
2026/03/30;1900 UTC;;;;;;;;;;;;;;;;;;
2026/03/30;2000 UTC;;;;;;;;;;;;;;;;;;
2026/03/30;2100 UTC;;;;;;;;;;;;;;;;;;
2026/03/30;2200 UTC;;;;;;;;;;;;;;;;;;
2026/03/30;2300 UTC;;;;;;;;;;;;;;;;;;
2026/03/31;0000 UTC;;;;;;;;;;;;;;;;;;
2026/03/31;0100 UTC;;;;;;;;;;;;;;;;;;
2026/03/31;0200 UTC;;;;;;;;;;;;;;;;;;
2026/03/31;0300 UTC;;;;;;;;;;;;;;;;;;
2026/03/31;0400 UTC;;;;;;;;;;;;;;;;;;
2026/03/31;0500 UTC;;;;;;;;;;;;;;;;;;
2026/03/31;0600 UTC;;;;;;;;;;;;;;;;;;
2026/03/31;0700 UTC;;;;;;;;;;;;;;;;;;
2026/03/31;0800 UTC;;;;;;;;;;;;;;;;;;
2026/03/31;0900 UTC;;;;;;;;;;;;;;;;;;
2026/03/31;1000 UTC;;;;;;;;;;;;;;;;;;
2026/03/31;1100 UTC;;;;;;;;;;;;;;;;;;
2026/03/31;1200 UTC;;;;;;;;;;;;;;;;;;
2026/03/31;1300 UTC;;;;;;;;;;;;;;;;;;
2026/03/31;1400 UTC;;;;;;;;;;;;;;;;;;
2026/03/31;1500 UTC;;;;;;;;;;;;;;;;;;
2026/03/31;1600 UTC;;;;;;;;;;;;;;;;;;
2026/03/31;1700 UTC;;;;;;;;;;;;;;;;;;
2026/03/31;1800 UTC;;;;;;;;;;;;;;;;;;
2026/03/31;1900 UTC;;;;;;;;;;;;;;;;;;
2026/03/31;2000 UTC;;;;;;;;;;;;;;;;;;
2026/03/31;2100 UTC;;;;;;;;;;;;;;;;;;
2026/03/31;2200 UTC;;;;;;;;;;;;;;;;;;
2026/03/31;2300 UTC;;;;;;;;;;;;;;;;;;
2026/04/01;0000 UTC;;;;;;;;;;;;;;;;;;
2026/04/01;0100 UTC;;;;;;;;;;;;;;;;;;
2026/04/01;0200 UTC;;;;;;;;;;;;;;;;;;
2026/04/01;0300 UTC;;;;;;;;;;;;;;;;;;
2026/04/01;0400 UTC;;;;;;;;;;;;;;;;;;
2026/04/01;0500 UTC;;;;;;;;;;;;;;;;;;
2026/04/01;0600 UTC;;;;;;;;;;;;;;;;;;
2026/04/01;0700 UTC;;;;;;;;;;;;;;;;;;
2026/04/01;0800 UTC;;;;;;;;;;;;;;;;;;
2026/04/01;0900 UTC;;;;;;;;;;;;;;;;;;
2026/04/01;1000 UTC;;;;;;;;;;;;;;;;;;
2026/04/01;1100 UTC;;;;;;;;;;;;;;;;;;
2026/04/01;1200 UTC;;;;;;;;;;;;;;;;;;
2026/04/01;1300 UTC;;;;;;;;;;;;;;;;;;
2026/04/01;1400 UTC;;;;;;;;;;;;;;;;;;
2026/04/01;1500 UTC;;;;;;;;;;;;;;;;;;
2026/04/01;1600 UTC;;;;;;;;;;;;;;;;;;
2026/04/01;1700 UTC;;;;;;;;;;;;;;;;;;
2026/04/01;1800 UTC;;;;;;;;;;;;;;;;;;
2026/04/01;1900 UTC;;;;;;;;;;;;;;;;;;
2026/04/01;2000 UTC;;;;;;;;;;;;;;;;;;
2026/04/01;2100 UTC;;;;;;;;;;;;;;;;;;
2026/04/01;2200 UTC;;;;;;;;;;;;;;;;;;
2026/04/01;2300 UTC;;;;;;;;;;;;;;;;;;
2026/04/02;0000 UTC;;;;;;;;;;;;;;;;;;
2026/04/02;0100 UTC;;;;;;;;;;;;;;;;;;
2026/04/02;0200 UTC;;;;;;;;;;;;;;;;;;
2026/04/02;0300 UTC;;;;;;;;;;;;;;;;;;
2026/04/02;0400 UTC;;;;;;;;;;;;;;;;;;
2026/04/02;0500 UTC;;;;;;;;;;;;;;;;;;
2026/04/02;0600 UTC;;;;;;;;;;;;;;;;;;
2026/04/02;0700 UTC;;;;;;;;;;;;;;;;;;
2026/04/02;0800 UTC;;;;;;;;;;;;;;;;;;
2026/04/02;0900 UTC;;;;;;;;;;;;;;;;;;
2026/04/02;1000 UTC;;;;;;;;;;;;;;;;;;
2026/04/02;1100 UTC;;;;;;;;;;;;;;;;;;
2026/04/02;1200 UTC;;;;;;;;;;;;;;;;;;
2026/04/02;1300 UTC;;;;;;;;;;;;;;;;;;
2026/04/02;1400 UTC;;;;;;;;;;;;;;;;;;
2026/04/02;1500 UTC;;;;;;;;;;;;;;;;;;
2026/04/02;1600 UTC;;;;;;;;;;;;;;;;;;
2026/04/02;1700 UTC;;;;;;;;;;;;;;;;;;
2026/04/02;1800 UTC;;;;;;;;;;;;;;;;;;
2026/04/02;1900 UTC;;;;;;;;;;;;;;;;;;
2026/04/02;2000 UTC;;;;;;;;;;;;;;;;;;
2026/04/02;2100 UTC;;;;;;;;;;;;;;;;;;
2026/04/02;2200 UTC;;;;;;;;;;;;;;;;;;
2026/04/02;2300 UTC;;;;;;;;;;;;;;;;;;
2026/04/03;0000 UTC;;;;;;;;;;;;;;;;;;
2026/04/03;0100 UTC;;;;;;;;;;;;;;;;;;
2026/04/03;0200 UTC;;;;;;;;;;;;;;;;;;
2026/04/03;0300 UTC;;;;;;;;;;;;;;;;;;
2026/04/03;0400 UTC;;;;;;;;;;;;;;;;;;
2026/04/03;0500 UTC;;;;;;;;;;;;;;;;;;
2026/04/03;0600 UTC;;;;;;;;;;;;;;;;;;
2026/04/03;0700 UTC;;;;;;;;;;;;;;;;;;
2026/04/03;0800 UTC;;;;;;;;;;;;;;;;;;
2026/04/03;0900 UTC;;;;;;;;;;;;;;;;;;
2026/04/03;1000 UTC;;;;;;;;;;;;;;;;;;
2026/04/03;1100 UTC;;;;;;;;;;;;;;;;;;
2026/04/03;1200 UTC;;;;;;;;;;;;;;;;;;
2026/04/03;1300 UTC;;;;;;;;;;;;;;;;;;
2026/04/03;1400 UTC;;;;;;;;;;;;;;;;;;
2026/04/03;1500 UTC;;;;;;;;;;;;;;;;;;
2026/04/03;1600 UTC;;;;;;;;;;;;;;;;;;
2026/04/03;1700 UTC;;;;;;;;;;;;;;;;;;
2026/04/03;1800 UTC;;;;;;;;;;;;;;;;;;
2026/04/03;1900 UTC;;;;;;;;;;;;;;;;;;
2026/04/03;2000 UTC;;;;;;;;;;;;;;;;;;
2026/04/03;2100 UTC;;;;;;;;;;;;;;;;;;
2026/04/03;2200 UTC;;;;;;;;;;;;;;;;;;
2026/04/03;2300 UTC;;;;;;;;;;;;;;;;;;
2026/04/04;0000 UTC;;;;;;;;;;;;;;;;;;
2026/04/04;0100 UTC;;;;;;;;;;;;;;;;;;
2026/04/04;0200 UTC;;;;;;;;;;;;;;;;;;
2026/04/04;0300 UTC;;;;;;;;;;;;;;;;;;
2026/04/04;0400 UTC;;;;;;;;;;;;;;;;;;
2026/04/04;0500 UTC;;;;;;;;;;;;;;;;;;
2026/04/04;0600 UTC;;;;;;;;;;;;;;;;;;
2026/04/04;0700 UTC;;;;;;;;;;;;;;;;;;
2026/04/04;0800 UTC;;;;;;;;;;;;;;;;;;
2026/04/04;0900 UTC;;;;;;;;;;;;;;;;;;
2026/04/04;1000 UTC;;;;;;;;;;;;;;;;;;
2026/04/04;1100 UTC;;;;;;;;;;;;;;;;;;
2026/04/04;1200 UTC;;;;;;;;;;;;;;;;;;
2026/04/04;1300 UTC;;;;;;;;;;;;;;;;;;
2026/04/04;1400 UTC;;;;;;;;;;;;;;;;;;
2026/04/04;1500 UTC;;;;;;;;;;;;;;;;;;
2026/04/04;1600 UTC;;;;;;;;;;;;;;;;;;
2026/04/04;1700 UTC;;;;;;;;;;;;;;;;;;
2026/04/04;1800 UTC;;;;;;;;;;;;;;;;;;
2026/04/04;1900 UTC;;;;;;;;;;;;;;;;;;
2026/04/04;2000 UTC;;;;;;;;;;;;;;;;;;
2026/04/04;2100 UTC;;;;;;;;;;;;;;;;;;
2026/04/04;2200 UTC;;;;;;;;;;;;;;;;;;
2026/04/04;2300 UTC;;;;;;;;;;;;;;;;;;
2026/04/05;0000 UTC;;;;;;;;;;;;;;;;;;
2026/04/05;0100 UTC;;;;;;;;;;;;;;;;;;
2026/04/05;0200 UTC;;;;;;;;;;;;;;;;;;
2026/04/05;0300 UTC;;;;;;;;;;;;;;;;;;
2026/04/05;0400 UTC;;;;;;;;;;;;;;;;;;
2026/04/05;0500 UTC;;;;;;;;;;;;;;;;;;
2026/04/05;0600 UTC;;;;;;;;;;;;;;;;;;
2026/04/05;0700 UTC;;;;;;;;;;;;;;;;;;
2026/04/05;0800 UTC;;;;;;;;;;;;;;;;;;
2026/04/05;0900 UTC;;;;;;;;;;;;;;;;;;
2026/04/05;1000 UTC;;;;;;;;;;;;;;;;;;
2026/04/05;1100 UTC;;;;;;;;;;;;;;;;;;
2026/04/05;1200 UTC;;;;;;;;;;;;;;;;;;
2026/04/05;1300 UTC;;;;;;;;;;;;;;;;;;
2026/04/05;1400 UTC;;;;;;;;;;;;;;;;;;
2026/04/05;1500 UTC;;;;;;;;;;;;;;;;;;
2026/04/05;1600 UTC;;;;;;;;;;;;;;;;;;
2026/04/05;1700 UTC;;;;;;;;;;;;;;;;;;
2026/04/05;1800 UTC;;;;;;;;;;;;;;;;;;
2026/04/05;1900 UTC;;;;;;;;;;;;;;;;;;
2026/04/05;2000 UTC;;;;;;;;;;;;;;;;;;
2026/04/05;2100 UTC;;;;;;;;;;;;;;;;;;
2026/04/05;2200 UTC;;;;;;;;;;;;;;;;;;
2026/04/05;2300 UTC;;;;;;;;;;;;;;;;;;
2026/04/06;0000 UTC;;;;;;;;;;;;;;;;;;
2026/04/06;0100 UTC;;;;;;;;;;;;;;;;;;
2026/04/06;0200 UTC;;;;;;;;;;;;;;;;;;
2026/04/06;0300 UTC;;;;;;;;;;;;;;;;;;
2026/04/06;0400 UTC;;;;;;;;;;;;;;;;;;
2026/04/06;0500 UTC;;;;;;;;;;;;;;;;;;
2026/04/06;0600 UTC;;;;;;;;;;;;;;;;;;
2026/04/06;0700 UTC;;;;;;;;;;;;;;;;;;
2026/04/06;0800 UTC;;;;;;;;;;;;;;;;;;
2026/04/06;0900 UTC;;;;;;;;;;;;;;;;;;
2026/04/06;1000 UTC;;;;;;;;;;;;;;;;;;
2026/04/06;1100 UTC;;;;;;;;;;;;;;;;;;
2026/04/06;1200 UTC;;;;;;;;;;;;;;;;;;
2026/04/06;1300 UTC;;;;;;;;;;;;;;;;;;
2026/04/06;1400 UTC;;;;;;;;;;;;;;;;;;
2026/04/06;1500 UTC;;;;;;;;;;;;;;;;;;
2026/04/06;1600 UTC;;;;;;;;;;;;;;;;;;
2026/04/06;1700 UTC;;;;;;;;;;;;;;;;;;
2026/04/06;1800 UTC;;;;;;;;;;;;;;;;;;
2026/04/06;1900 UTC;;;;;;;;;;;;;;;;;;
2026/04/06;2000 UTC;;;;;;;;;;;;;;;;;;
2026/04/06;2100 UTC;;;;;;;;;;;;;;;;;;
2026/04/06;2200 UTC;;;;;;;;;;;;;;;;;;
2026/04/06;2300 UTC;;;;;;;;;;;;;;;;;;
2026/04/07;0000 UTC;;;;;;;;;;;;;;;;;;
2026/04/07;0100 UTC;;;;;;;;;;;;;;;;;;
2026/04/07;0200 UTC;;;;;;;;;;;;;;;;;;
2026/04/07;0300 UTC;;;;;;;;;;;;;;;;;;
2026/04/07;0400 UTC;;;;;;;;;;;;;;;;;;
2026/04/07;0500 UTC;;;;;;;;;;;;;;;;;;
2026/04/07;0600 UTC;;;;;;;;;;;;;;;;;;
2026/04/07;0700 UTC;;;;;;;;;;;;;;;;;;
2026/04/07;0800 UTC;;;;;;;;;;;;;;;;;;
2026/04/07;0900 UTC;;;;;;;;;;;;;;;;;;
2026/04/07;1000 UTC;;;;;;;;;;;;;;;;;;
2026/04/07;1100 UTC;;;;;;;;;;;;;;;;;;
2026/04/07;1200 UTC;;;;;;;;;;;;;;;;;;
2026/04/07;1300 UTC;;;;;;;;;;;;;;;;;;
2026/04/07;1400 UTC;;;;;;;;;;;;;;;;;;
2026/04/07;1500 UTC;;;;;;;;;;;;;;;;;;
2026/04/07;1600 UTC;;;;;;;;;;;;;;;;;;
2026/04/07;1700 UTC;;;;;;;;;;;;;;;;;;
2026/04/07;1800 UTC;;;;;;;;;;;;;;;;;;
2026/04/07;1900 UTC;;;;;;;;;;;;;;;;;;
2026/04/07;2000 UTC;;;;;;;;;;;;;;;;;;
2026/04/07;2100 UTC;;;;;;;;;;;;;;;;;;
2026/04/07;2200 UTC;;;;;;;;;;;;;;;;;;
2026/04/07;2300 UTC;;;;;;;;;;;;;;;;;;
2026/04/08;0000 UTC;;;;;;;;;;;;;;;;;;
2026/04/08;0100 UTC;;;;;;;;;;;;;;;;;;
2026/04/08;0200 UTC;;;;;;;;;;;;;;;;;;
2026/04/08;0300 UTC;;;;;;;;;;;;;;;;;;
2026/04/08;0400 UTC;;;;;;;;;;;;;;;;;;
2026/04/08;0500 UTC;;;;;;;;;;;;;;;;;;
2026/04/08;0600 UTC;;;;;;;;;;;;;;;;;;
2026/04/08;0700 UTC;;;;;;;;;;;;;;;;;;
2026/04/08;0800 UTC;;;;;;;;;;;;;;;;;;
2026/04/08;0900 UTC;;;;;;;;;;;;;;;;;;
2026/04/08;1000 UTC;;;;;;;;;;;;;;;;;;
2026/04/08;1100 UTC;;;;;;;;;;;;;;;;;;
2026/04/08;1200 UTC;;;;;;;;;;;;;;;;;;
2026/04/08;1300 UTC;;;;;;;;;;;;;;;;;;
2026/04/08;1400 UTC;;;;;;;;;;;;;;;;;;
2026/04/08;1500 UTC;;;;;;;;;;;;;;;;;;
2026/04/08;1600 UTC;;;;;;;;;;;;;;;;;;
2026/04/08;1700 UTC;;;;;;;;;;;;;;;;;;
2026/04/08;1800 UTC;;;;;;;;;;;;;;;;;;
2026/04/08;1900 UTC;;;;;;;;;;;;;;;;;;
2026/04/08;2000 UTC;;;;;;;;;;;;;;;;;;
2026/04/08;2100 UTC;;;;;;;;;;;;;;;;;;
2026/04/08;2200 UTC;;;;;;;;;;;;;;;;;;
2026/04/08;2300 UTC;;;;;;;;;;;;;;;;;;
2026/04/09;0000 UTC;;;;;;;;;;;;;;;;;;
2026/04/09;0100 UTC;;;;;;;;;;;;;;;;;;
2026/04/09;0200 UTC;;;;;;;;;;;;;;;;;;
2026/04/09;0300 UTC;;;;;;;;;;;;;;;;;;
2026/04/09;0400 UTC;;;;;;;;;;;;;;;;;;
2026/04/09;0500 UTC;;;;;;;;;;;;;;;;;;
2026/04/09;0600 UTC;;;;;;;;;;;;;;;;;;
2026/04/09;0700 UTC;;;;;;;;;;;;;;;;;;
2026/04/09;0800 UTC;;;;;;;;;;;;;;;;;;
2026/04/09;0900 UTC;;;;;;;;;;;;;;;;;;
2026/04/09;1000 UTC;;;;;;;;;;;;;;;;;;
2026/04/09;1100 UTC;;;;;;;;;;;;;;;;;;
2026/04/09;1200 UTC;;;;;;;;;;;;;;;;;;
2026/04/09;1300 UTC;;;;;;;;;;;;;;;;;;
2026/04/09;1400 UTC;;;;;;;;;;;;;;;;;;
2026/04/09;1500 UTC;;;;;;;;;;;;;;;;;;
2026/04/09;1600 UTC;;;;;;;;;;;;;;;;;;
2026/04/09;1700 UTC;;;;;;;;;;;;;;;;;;
2026/04/09;1800 UTC;;;;;;;;;;;;;;;;;;
2026/04/09;1900 UTC;;;;;;;;;;;;;;;;;;
2026/04/09;2000 UTC;;;;;;;;;;;;;;;;;;
2026/04/09;2100 UTC;;;;;;;;;;;;;;;;;;
2026/04/09;2200 UTC;;;;;;;;;;;;;;;;;;
2026/04/09;2300 UTC;;;;;;;;;;;;;;;;;;
2026/04/10;0000 UTC;;;;;;;;;;;;;;;;;;
2026/04/10;0100 UTC;;;;;;;;;;;;;;;;;;
2026/04/10;0200 UTC;;;;;;;;;;;;;;;;;;
2026/04/10;0300 UTC;;;;;;;;;;;;;;;;;;
2026/04/10;0400 UTC;;;;;;;;;;;;;;;;;;
2026/04/10;0500 UTC;;;;;;;;;;;;;;;;;;
2026/04/10;0600 UTC;;;;;;;;;;;;;;;;;;
2026/04/10;0700 UTC;;;;;;;;;;;;;;;;;;
2026/04/10;0800 UTC;;;;;;;;;;;;;;;;;;
2026/04/10;0900 UTC;;;;;;;;;;;;;;;;;;
2026/04/10;1000 UTC;;;;;;;;;;;;;;;;;;
2026/04/10;1100 UTC;;;;;;;;;;;;;;;;;;
2026/04/10;1200 UTC;;;;;;;;;;;;;;;;;;
2026/04/10;1300 UTC;;;;;;;;;;;;;;;;;;
2026/04/10;1400 UTC;;;;;;;;;;;;;;;;;;
2026/04/10;1500 UTC;;;;;;;;;;;;;;;;;;
2026/04/10;1600 UTC;;;;;;;;;;;;;;;;;;
2026/04/10;1700 UTC;;;;;;;;;;;;;;;;;;
2026/04/10;1800 UTC;;;;;;;;;;;;;;;;;;
2026/04/10;1900 UTC;;;;;;;;;;;;;;;;;;
2026/04/10;2000 UTC;;;;;;;;;;;;;;;;;;
2026/04/10;2100 UTC;;;;;;;;;;;;;;;;;;
2026/04/10;2200 UTC;;;;;;;;;;;;;;;;;;
2026/04/10;2300 UTC;;;;;;;;;;;;;;;;;;
2026/04/11;0000 UTC;;;;;;;;;;;;;;;;;;
2026/04/11;0100 UTC;;;;;;;;;;;;;;;;;;
2026/04/11;0200 UTC;;;;;;;;;;;;;;;;;;
2026/04/11;0300 UTC;;;;;;;;;;;;;;;;;;
2026/04/11;0400 UTC;;;;;;;;;;;;;;;;;;
2026/04/11;0500 UTC;;;;;;;;;;;;;;;;;;
2026/04/11;0600 UTC;;;;;;;;;;;;;;;;;;
2026/04/11;0700 UTC;;;;;;;;;;;;;;;;;;
2026/04/11;0800 UTC;;;;;;;;;;;;;;;;;;
2026/04/11;0900 UTC;;;;;;;;;;;;;;;;;;
2026/04/11;1000 UTC;;;;;;;;;;;;;;;;;;
2026/04/11;1100 UTC;;;;;;;;;;;;;;;;;;
2026/04/11;1200 UTC;;;;;;;;;;;;;;;;;;
2026/04/11;1300 UTC;;;;;;;;;;;;;;;;;;
2026/04/11;1400 UTC;;;;;;;;;;;;;;;;;;
2026/04/11;1500 UTC;;;;;;;;;;;;;;;;;;
2026/04/11;1600 UTC;;;;;;;;;;;;;;;;;;
2026/04/11;1700 UTC;;;;;;;;;;;;;;;;;;
2026/04/11;1800 UTC;;;;;;;;;;;;;;;;;;
2026/04/11;1900 UTC;;;;;;;;;;;;;;;;;;
2026/04/11;2000 UTC;;;;;;;;;;;;;;;;;;
2026/04/11;2100 UTC;;;;;;;;;;;;;;;;;;
2026/04/11;2200 UTC;;;;;;;;;;;;;;;;;;
2026/04/11;2300 UTC;;;;;;;;;;;;;;;;;;
2026/04/12;0000 UTC;;;;;;;;;;;;;;;;;;
2026/04/12;0100 UTC;;;;;;;;;;;;;;;;;;
2026/04/12;0200 UTC;;;;;;;;;;;;;;;;;;
2026/04/12;0300 UTC;;;;;;;;;;;;;;;;;;
2026/04/12;0400 UTC;;;;;;;;;;;;;;;;;;
2026/04/12;0500 UTC;;;;;;;;;;;;;;;;;;
2026/04/12;0600 UTC;;;;;;;;;;;;;;;;;;
2026/04/12;0700 UTC;;;;;;;;;;;;;;;;;;
2026/04/12;0800 UTC;;;;;;;;;;;;;;;;;;
2026/04/12;0900 UTC;;;;;;;;;;;;;;;;;;
2026/04/12;1000 UTC;;;;;;;;;;;;;;;;;;
2026/04/12;1100 UTC;;;;;;;;;;;;;;;;;;
2026/04/12;1200 UTC;;;;;;;;;;;;;;;;;;
2026/04/12;1300 UTC;;;;;;;;;;;;;;;;;;
2026/04/12;1400 UTC;;;;;;;;;;;;;;;;;;
2026/04/12;1500 UTC;;;;;;;;;;;;;;;;;;
2026/04/12;1600 UTC;;;;;;;;;;;;;;;;;;
2026/04/12;1700 UTC;;;;;;;;;;;;;;;;;;
2026/04/12;1800 UTC;;;;;;;;;;;;;;;;;;
2026/04/12;1900 UTC;;;;;;;;;;;;;;;;;;
2026/04/12;2000 UTC;;;;;;;;;;;;;;;;;;
2026/04/12;2100 UTC;;;;;;;;;;;;;;;;;;
2026/04/12;2200 UTC;;;;;;;;;;;;;;;;;;
2026/04/12;2300 UTC;;;;;;;;;;;;;;;;;;
2026/04/13;0000 UTC;;;;;;;;;;;;;;;;;;
2026/04/13;0100 UTC;;;;;;;;;;;;;;;;;;
2026/04/13;0200 UTC;;;;;;;;;;;;;;;;;;
2026/04/13;0300 UTC;;;;;;;;;;;;;;;;;;
2026/04/13;0400 UTC;;;;;;;;;;;;;;;;;;
2026/04/13;0500 UTC;;;;;;;;;;;;;;;;;;
2026/04/13;0600 UTC;;;;;;;;;;;;;;;;;;
2026/04/13;0700 UTC;;;;;;;;;;;;;;;;;;
2026/04/13;0800 UTC;;;;;;;;;;;;;;;;;;
2026/04/13;0900 UTC;;;;;;;;;;;;;;;;;;
2026/04/13;1000 UTC;;;;;;;;;;;;;;;;;;
2026/04/13;1100 UTC;;;;;;;;;;;;;;;;;;
2026/04/13;1200 UTC;;;;;;;;;;;;;;;;;;
2026/04/13;1300 UTC;;;;;;;;;;;;;;;;;;
2026/04/13;1400 UTC;;;;;;;;;;;;;;;;;;
2026/04/13;1500 UTC;;;;;;;;;;;;;;;;;;
2026/04/13;1600 UTC;;;;;;;;;;;;;;;;;;
2026/04/13;1700 UTC;;;;;;;;;;;;;;;;;;
2026/04/13;1800 UTC;;;;;;;;;;;;;;;;;;
2026/04/13;1900 UTC;;;;;;;;;;;;;;;;;;
2026/04/13;2000 UTC;;;;;;;;;;;;;;;;;;
2026/04/13;2100 UTC;;;;;;;;;;;;;;;;;;
2026/04/13;2200 UTC;;;;;;;;;;;;;;;;;;
2026/04/13;2300 UTC;;;;;;;;;;;;;;;;;;
2026/04/14;0000 UTC;;;;;;;;;;;;;;;;;;
2026/04/14;0100 UTC;;;;;;;;;;;;;;;;;;
2026/04/14;0200 UTC;;;;;;;;;;;;;;;;;;
2026/04/14;0300 UTC;;;;;;;;;;;;;;;;;;
2026/04/14;0400 UTC;;;;;;;;;;;;;;;;;;
2026/04/14;0500 UTC;;;;;;;;;;;;;;;;;;
2026/04/14;0600 UTC;;;;;;;;;;;;;;;;;;
2026/04/14;0700 UTC;;;;;;;;;;;;;;;;;;
2026/04/14;0800 UTC;;;;;;;;;;;;;;;;;;
2026/04/14;0900 UTC;;;;;;;;;;;;;;;;;;
2026/04/14;1000 UTC;;;;;;;;;;;;;;;;;;
2026/04/14;1100 UTC;;;;;;;;;;;;;;;;;;
2026/04/14;1200 UTC;;;;;;;;;;;;;;;;;;
2026/04/14;1300 UTC;;;;;;;;;;;;;;;;;;
2026/04/14;1400 UTC;;;;;;;;;;;;;;;;;;
2026/04/14;1500 UTC;;;;;;;;;;;;;;;;;;
2026/04/14;1600 UTC;;;;;;;;;;;;;;;;;;
2026/04/14;1700 UTC;;;;;;;;;;;;;;;;;;
2026/04/14;1800 UTC;;;;;;;;;;;;;;;;;;
2026/04/14;1900 UTC;;;;;;;;;;;;;;;;;;
2026/04/14;2000 UTC;;;;;;;;;;;;;;;;;;
2026/04/14;2100 UTC;;;;;;;;;;;;;;;;;;
2026/04/14;2200 UTC;;;;;;;;;;;;;;;;;;
2026/04/14;2300 UTC;;;;;;;;;;;;;;;;;;
2026/04/15;0000 UTC;;;;;;;;;;;;;;;;;;
2026/04/15;0100 UTC;;;;;;;;;;;;;;;;;;
2026/04/15;0200 UTC;;;;;;;;;;;;;;;;;;
2026/04/15;0300 UTC;;;;;;;;;;;;;;;;;;
2026/04/15;0400 UTC;;;;;;;;;;;;;;;;;;
2026/04/15;0500 UTC;;;;;;;;;;;;;;;;;;
2026/04/15;0600 UTC;;;;;;;;;;;;;;;;;;
2026/04/15;0700 UTC;;;;;;;;;;;;;;;;;;
2026/04/15;0800 UTC;;;;;;;;;;;;;;;;;;
2026/04/15;0900 UTC;;;;;;;;;;;;;;;;;;
2026/04/15;1000 UTC;;;;;;;;;;;;;;;;;;
2026/04/15;1100 UTC;;;;;;;;;;;;;;;;;;
2026/04/15;1200 UTC;;;;;;;;;;;;;;;;;;
2026/04/15;1300 UTC;;;;;;;;;;;;;;;;;;
2026/04/15;1400 UTC;;;;;;;;;;;;;;;;;;
2026/04/15;1500 UTC;;;;;;;;;;;;;;;;;;
2026/04/15;1600 UTC;;;;;;;;;;;;;;;;;;
2026/04/15;1700 UTC;;;;;;;;;;;;;;;;;;
2026/04/15;1800 UTC;;;;;;;;;;;;;;;;;;
2026/04/15;1900 UTC;;;;;;;;;;;;;;;;;;
2026/04/15;2000 UTC;;;;;;;;;;;;;;;;;;
2026/04/15;2100 UTC;;;;;;;;;;;;;;;;;;
2026/04/15;2200 UTC;;;;;;;;;;;;;;;;;;
2026/04/15;2300 UTC;;;;;;;;;;;;;;;;;;
2026/04/16;0000 UTC;;;;;;;;;;;;;;;;;;
2026/04/16;0100 UTC;;;;;;;;;;;;;;;;;;
2026/04/16;0200 UTC;;;;;;;;;;;;;;;;;;
2026/04/16;0300 UTC;;;;;;;;;;;;;;;;;;
2026/04/16;0400 UTC;;;;;;;;;;;;;;;;;;
2026/04/16;0500 UTC;;;;;;;;;;;;;;;;;;
2026/04/16;0600 UTC;;;;;;;;;;;;;;;;;;
2026/04/16;0700 UTC;;;;;;;;;;;;;;;;;;
2026/04/16;0800 UTC;;;;;;;;;;;;;;;;;;
2026/04/16;0900 UTC;;;;;;;;;;;;;;;;;;
2026/04/16;1000 UTC;;;;;;;;;;;;;;;;;;
2026/04/16;1100 UTC;;;;;;;;;;;;;;;;;;
2026/04/16;1200 UTC;;;;;;;;;;;;;;;;;;
2026/04/16;1300 UTC;;;;;;;;;;;;;;;;;;
2026/04/16;1400 UTC;;;;;;;;;;;;;;;;;;
2026/04/16;1500 UTC;;;;;;;;;;;;;;;;;;
2026/04/16;1600 UTC;;;;;;;;;;;;;;;;;;
2026/04/16;1700 UTC;;;;;;;;;;;;;;;;;;
2026/04/16;1800 UTC;;;;;;;;;;;;;;;;;;
2026/04/16;1900 UTC;;;;;;;;;;;;;;;;;;
2026/04/16;2000 UTC;;;;;;;;;;;;;;;;;;
2026/04/16;2100 UTC;;;;;;;;;;;;;;;;;;
2026/04/16;2200 UTC;;;;;;;;;;;;;;;;;;
2026/04/16;2300 UTC;;;;;;;;;;;;;;;;;;
2026/04/17;0000 UTC;;;;;;;;;;;;;;;;;;
2026/04/17;0100 UTC;;;;;;;;;;;;;;;;;;
2026/04/17;0200 UTC;;;;;;;;;;;;;;;;;;
2026/04/17;0300 UTC;;;;;;;;;;;;;;;;;;
2026/04/17;0400 UTC;;;;;;;;;;;;;;;;;;
2026/04/17;0500 UTC;;;;;;;;;;;;;;;;;;
2026/04/17;0600 UTC;;;;;;;;;;;;;;;;;;
2026/04/17;0700 UTC;;;;;;;;;;;;;;;;;;
2026/04/17;0800 UTC;;;;;;;;;;;;;;;;;;
2026/04/17;0900 UTC;;;;;;;;;;;;;;;;;;
2026/04/17;1000 UTC;;;;;;;;;;;;;;;;;;
2026/04/17;1100 UTC;;;;;;;;;;;;;;;;;;
2026/04/17;1200 UTC;;;;;;;;;;;;;;;;;;
2026/04/17;1300 UTC;;;;;;;;;;;;;;;;;;
2026/04/17;1400 UTC;;;;;;;;;;;;;;;;;;
2026/04/17;1500 UTC;;;;;;;;;;;;;;;;;;
2026/04/17;1600 UTC;;;;;;;;;;;;;;;;;;
2026/04/17;1700 UTC;;;;;;;;;;;;;;;;;;
2026/04/17;1800 UTC;;;;;;;;;;;;;;;;;;
2026/04/17;1900 UTC;;;;;;;;;;;;;;;;;;
2026/04/17;2000 UTC;;;;;;;;;;;;;;;;;;
2026/04/17;2100 UTC;;;;;;;;;;;;;;;;;;
2026/04/17;2200 UTC;;;;;;;;;;;;;;;;;;
2026/04/17;2300 UTC;;;;;;;;;;;;;;;;;;
2026/04/18;0000 UTC;;;;;;;;;;;;;;;;;;
2026/04/18;0100 UTC;;;;;;;;;;;;;;;;;;
2026/04/18;0200 UTC;;;;;;;;;;;;;;;;;;
2026/04/18;0300 UTC;;;;;;;;;;;;;;;;;;
2026/04/18;0400 UTC;;;;;;;;;;;;;;;;;;
2026/04/18;0500 UTC;;;;;;;;;;;;;;;;;;
2026/04/18;0600 UTC;;;;;;;;;;;;;;;;;;
2026/04/18;0700 UTC;;;;;;;;;;;;;;;;;;
2026/04/18;0800 UTC;;;;;;;;;;;;;;;;;;
2026/04/18;0900 UTC;;;;;;;;;;;;;;;;;;
2026/04/18;1000 UTC;;;;;;;;;;;;;;;;;;
2026/04/18;1100 UTC;;;;;;;;;;;;;;;;;;
2026/04/18;1200 UTC;;;;;;;;;;;;;;;;;;
2026/04/18;1300 UTC;;;;;;;;;;;;;;;;;;
2026/04/18;1400 UTC;;;;;;;;;;;;;;;;;;
2026/04/18;1500 UTC;;;;;;;;;;;;;;;;;;
2026/04/18;1600 UTC;;;;;;;;;;;;;;;;;;
2026/04/18;1700 UTC;;;;;;;;;;;;;;;;;;
2026/04/18;1800 UTC;;;;;;;;;;;;;;;;;;
2026/04/18;1900 UTC;;;;;;;;;;;;;;;;;;
2026/04/18;2000 UTC;;;;;;;;;;;;;;;;;;
2026/04/18;2100 UTC;;;;;;;;;;;;;;;;;;
2026/04/18;2200 UTC;;;;;;;;;;;;;;;;;;
2026/04/18;2300 UTC;;;;;;;;;;;;;;;;;;
2026/04/19;0000 UTC;;;;;;;;;;;;;;;;;;
2026/04/19;0100 UTC;;;;;;;;;;;;;;;;;;
2026/04/19;0200 UTC;;;;;;;;;;;;;;;;;;
2026/04/19;0300 UTC;;;;;;;;;;;;;;;;;;
2026/04/19;0400 UTC;;;;;;;;;;;;;;;;;;
2026/04/19;0500 UTC;;;;;;;;;;;;;;;;;;
2026/04/19;0600 UTC;;;;;;;;;;;;;;;;;;
2026/04/19;0700 UTC;;;;;;;;;;;;;;;;;;
2026/04/19;0800 UTC;;;;;;;;;;;;;;;;;;
2026/04/19;0900 UTC;;;;;;;;;;;;;;;;;;
2026/04/19;1000 UTC;;;;;;;;;;;;;;;;;;
2026/04/19;1100 UTC;;;;;;;;;;;;;;;;;;
2026/04/19;1200 UTC;;;;;;;;;;;;;;;;;;
2026/04/19;1300 UTC;;;;;;;;;;;;;;;;;;
2026/04/19;1400 UTC;;;;;;;;;;;;;;;;;;
2026/04/19;1500 UTC;;;;;;;;;;;;;;;;;;
2026/04/19;1600 UTC;;;;;;;;;;;;;;;;;;
2026/04/19;1700 UTC;;;;;;;;;;;;;;;;;;
2026/04/19;1800 UTC;;;;;;;;;;;;;;;;;;
2026/04/19;1900 UTC;;;;;;;;;;;;;;;;;;
2026/04/19;2000 UTC;;;;;;;;;;;;;;;;;;
2026/04/19;2100 UTC;;;;;;;;;;;;;;;;;;
2026/04/19;2200 UTC;;;;;;;;;;;;;;;;;;
2026/04/19;2300 UTC;;;;;;;;;;;;;;;;;;
2026/04/20;0000 UTC;;;;;;;;;;;;;;;;;;
2026/04/20;0100 UTC;;;;;;;;;;;;;;;;;;
2026/04/20;0200 UTC;;;;;;;;;;;;;;;;;;
2026/04/20;0300 UTC;;;;;;;;;;;;;;;;;;
2026/04/20;0400 UTC;;;;;;;;;;;;;;;;;;
2026/04/20;0500 UTC;;;;;;;;;;;;;;;;;;
2026/04/20;0600 UTC;;;;;;;;;;;;;;;;;;
2026/04/20;0700 UTC;;;;;;;;;;;;;;;;;;
2026/04/20;0800 UTC;;;;;;;;;;;;;;;;;;
2026/04/20;0900 UTC;;;;;;;;;;;;;;;;;;
2026/04/20;1000 UTC;;;;;;;;;;;;;;;;;;
2026/04/20;1100 UTC;;;;;;;;;;;;;;;;;;
2026/04/20;1200 UTC;;;;;;;;;;;;;;;;;;
2026/04/20;1300 UTC;;;;;;;;;;;;;;;;;;
2026/04/20;1400 UTC;;;;;;;;;;;;;;;;;;
2026/04/20;1500 UTC;;;;;;;;;;;;;;;;;;
2026/04/20;1600 UTC;;;;;;;;;;;;;;;;;;
2026/04/20;1700 UTC;;;;;;;;;;;;;;;;;;
2026/04/20;1800 UTC;;;;;;;;;;;;;;;;;;
2026/04/20;1900 UTC;;;;;;;;;;;;;;;;;;
2026/04/20;2000 UTC;;;;;;;;;;;;;;;;;;
2026/04/20;2100 UTC;;;;;;;;;;;;;;;;;;
2026/04/20;2200 UTC;;;;;;;;;;;;;;;;;;
2026/04/20;2300 UTC;;;;;;;;;;;;;;;;;;
2026/04/21;0000 UTC;;;;;;;;;;;;;;;;;;
2026/04/21;0100 UTC;;;;;;;;;;;;;;;;;;
2026/04/21;0200 UTC;;;;;;;;;;;;;;;;;;
2026/04/21;0300 UTC;;;;;;;;;;;;;;;;;;
2026/04/21;0400 UTC;;;;;;;;;;;;;;;;;;
2026/04/21;0500 UTC;;;;;;;;;;;;;;;;;;
2026/04/21;0600 UTC;;;;;;;;;;;;;;;;;;
2026/04/21;0700 UTC;;;;;;;;;;;;;;;;;;
2026/04/21;0800 UTC;;;;;;;;;;;;;;;;;;
2026/04/21;0900 UTC;;;;;;;;;;;;;;;;;;
2026/04/21;1000 UTC;;;;;;;;;;;;;;;;;;
2026/04/21;1100 UTC;;;;;;;;;;;;;;;;;;
2026/04/21;1200 UTC;;;;;;;;;;;;;;;;;;
2026/04/21;1300 UTC;;;;;;;;;;;;;;;;;;
2026/04/21;1400 UTC;;;;;;;;;;;;;;;;;;
2026/04/21;1500 UTC;;;;;;;;;;;;;;;;;;
2026/04/21;1600 UTC;;;;;;;;;;;;;;;;;;
2026/04/21;1700 UTC;;;;;;;;;;;;;;;;;;
2026/04/21;1800 UTC;;;;;;;;;;;;;;;;;;
2026/04/21;1900 UTC;;;;;;;;;;;;;;;;;;
2026/04/21;2000 UTC;;;;;;;;;;;;;;;;;;
2026/04/21;2100 UTC;;;;;;;;;;;;;;;;;;
2026/04/21;2200 UTC;;;;;;;;;;;;;;;;;;
2026/04/21;2300 UTC;;;;;;;;;;;;;;;;;;
2026/04/22;0000 UTC;;;;;;;;;;;;;;;;;;
2026/04/22;0100 UTC;;;;;;;;;;;;;;;;;;
2026/04/22;0200 UTC;;;;;;;;;;;;;;;;;;
2026/04/22;0300 UTC;;;;;;;;;;;;;;;;;;
2026/04/22;0400 UTC;;;;;;;;;;;;;;;;;;
2026/04/22;0500 UTC;;;;;;;;;;;;;;;;;;
2026/04/22;0600 UTC;;;;;;;;;;;;;;;;;;
2026/04/22;0700 UTC;;;;;;;;;;;;;;;;;;
2026/04/22;0800 UTC;;;;;;;;;;;;;;;;;;
2026/04/22;0900 UTC;;;;;;;;;;;;;;;;;;
2026/04/22;1000 UTC;;;;;;;;;;;;;;;;;;
2026/04/22;1100 UTC;;;;;;;;;;;;;;;;;;
2026/04/22;1200 UTC;;;;;;;;;;;;;;;;;;
2026/04/22;1300 UTC;;;;;;;;;;;;;;;;;;
2026/04/22;1400 UTC;;;;;;;;;;;;;;;;;;
2026/04/22;1500 UTC;;;;;;;;;;;;;;;;;;
2026/04/22;1600 UTC;;;;;;;;;;;;;;;;;;
2026/04/22;1700 UTC;;;;;;;;;;;;;;;;;;
2026/04/22;1800 UTC;0;959;959,1;958,9;2725,4;;;;;;;;;;284;3,7;2,2;
2026/04/22;1900 UTC;2;959;959,2;958,8;838,8;;;;;;;;;;181;6,6;2,6;
2026/04/22;2000 UTC;,2;959,3;959,4;959,1;340,8;;;;;;;;;;273;1,1;,5;
2026/04/22;2100 UTC;0;959,5;959,8;959,3;90,9;;;;;;;;;;194;2;,8;
2026/04/22;2200 UTC;0;960,1;960,5;959,8;,3;;;;;;;;;;99;,8;,5;
2026/04/22;2300 UTC;0;960,9;961,2;960,5;0;;;;;;;;;;205;1;,4;
2026/04/23;0000 UTC;0;961,4;961,6;961,2;0;;;;;;;;;;150;,9;,5;
2026/04/23;0100 UTC;0;961,6;961,7;961,5;0;;;;;;;;;;178;1;,4;
2026/04/23;0200 UTC;0;961,7;961,8;961,6;0;;;;;;;;;;96;,9;,5;
2026/04/23;0300 UTC;0;961,7;961,8;961,6;0;;;;;;;;;;127;,8;,5;
2026/04/23;0400 UTC;0;961,6;961,7;961,5;0;;;;;;;;;;202;,8;,3;
2026/04/23;0500 UTC;0;961,4;961,5;961,2;0;;;;;;;;;;243;,7;,3;
2026/04/23;0600 UTC;,2;961,2;961,4;961,1;0;;;;;;;;;;222;,4;,2;
2026/04/23;0700 UTC;0;960,8;961,1;960,7;0;;;;;;;;;;239;1,3;,7;
2026/04/23;0800 UTC;0;960,8;961,1;960,7;0;;;;;;;;;;97;,6;,3;
2026/04/23;0900 UTC;0;961,3;961,6;961,1;0;;;;;;;;;;153;1,9;,6;
2026/04/23;1000 UTC;0;962;962,4;961,6;0;;;;;;;;;;228;,9;,3;
2026/04/23;1100 UTC;0;962,5;962,7;962,4;118;;;;;;;;;;181;1,8;,6;
2026/04/23;1200 UTC;0;962,9;963,3;962,6;372,4;;;;;;;;;;224;2,5;,9;
2026/04/23;1300 UTC;0;963,4;963,4;963,3;930,4;;;;;;;;;;177;2,9;1,4;
2026/04/23;1400 UTC;0;963,2;963,4;963;2460,1;;;;;;;;;;181;3,4;1,7;
2026/04/23;1500 UTC;0;962,6;963;962,4;1833,6;;;;;;;;;;211;3,4;1,7;
2026/04/23;1600 UTC;0;962,3;962,7;961,7;432,5;;;;;;;;;;195;2,6;1,1;
2026/04/23;1700 UTC;0;961,4;961,8;961,1;469,3;;;;;;;;;;190;2;,9;
2026/04/23;1800 UTC;0;960,9;961,3;960,6;604,3;;;;;;;;;;117;2,1;,8;
2026/04/23;1900 UTC;,2;960,5;960,9;960,1;452,7;;;;;;;;;;184;1,6;,7;
2026/04/23;2000 UTC;0;960,2;960,4;960,1;314,7;;;;;;;;;;175;1,8;,7;
2026/04/23;2100 UTC;0;960,5;960,7;960,2;101,4;;;;;;;;;;188;3,9;1,4;
2026/04/23;2200 UTC;0;961;961,2;960,7;0;;;;;;;;;;211;3,4;1,1;
2026/04/23;2300 UTC;0;961,5;961,9;961,2;0;;;;;;;;;;219;2,8;1,1;
2026/04/24;0000 UTC;0;961,9;962;961,7;0;;;;;;;;;;221;2,2;1;
2026/04/24;0100 UTC;0;961,9;962;961,8;0;;;;;;;;;;210;1,7;,8;
2026/04/24;0200 UTC;0;961,9;962,1;961,6;0;;;;;;;;;;173;2;,8;
2026/04/24;0300 UTC;0;961,3;961,6;961;0;;;;;;;;;;153;2;,7;
2026/04/24;0400 UTC;0;960,8;961,1;960,4;0;;;;;;;;;;229;1,2;,6;
2026/04/24;0500 UTC;0;960,3;960,5;960;0;;;;;;;;;;170;2,3;,9;
2026/04/24;0600 UTC;0;960;960,1;959,9;0;;;;;;;;;;194;1,5;,8;
2026/04/24;0700 UTC;0;959,8;960;959,6;0;;;;;;;;;;155;2,7;1,3;
2026/04/24;0800 UTC;0;959,8;960,1;959,6;0;;;;;;;;;;168;2,2;,7;
2026/04/24;0900 UTC;0;960,1;960,2;960;0;;;;;;;;;;163;3,5;1,6;
2026/04/24;1000 UTC;0;960,7;961;960,2;,7;;;;;;;;;;131;1,8;,6;
2026/04/24;1100 UTC;0;961,1;961,3;960,9;122,9;;;;;;;;;;223;,8;,3;
2026/04/24;1200 UTC;0;961,4;961,9;961,1;208,8;;;;;;;;;;130;2,2;,7;
2026/04/24;1300 UTC;0;961,2;961,4;961;840,8;;;;;;;;;;63;2,2;1;
2026/04/24;1400 UTC;0;960,9;961,1;960,7;1019;;;;;;;;;;288;2,7;1,2;
2026/04/24;1500 UTC;0;960,4;960,7;960,1;539,7;;;;;;;;;;57;2,1;1,2;
2026/04/24;1600 UTC;,2;959,5;960,1;958,9;697,3;;;;;;;;;;278;2,1;,9;
2026/04/24;1700 UTC;,2;958,7;958,8;958,6;1005,1;;;;;;;;;;226;2,1;,8;
2026/04/24;1800 UTC;,6;958,3;958,6;958;671,8;;;;;;;;;;46;2,4;1,3;
2026/04/24;1900 UTC;,8;957,9;958,1;957,7;247,8;;;;;;;;;;122;2,7;1,4;
2026/04/24;2000 UTC;0;957,9;958;957,8;166,6;;;;;;;;;;294;3,1;1,3;
2026/04/24;2100 UTC;,2;957,7;957,9;957,6;47,6;;;;;;;;;;312;1,7;1;
2026/04/24;2200 UTC;0;957,5;957,9;957,4;0;;;;;;;;;;299;2,1;,9;
2026/04/24;2300 UTC;0;957,4;957,7;957,3;0;;;;;;;;;;114;1,7;,5;
2026/04/25;0000 UTC;,8;957,5;958,1;957,3;0;;;;;;;;;;277;1,8;,8;
2026/04/25;0100 UTC;4,7;958,3;958,5;958,1;0;;;;;;;;;;128;1,4;,9;
2026/04/25;0200 UTC;1,4;958;958,2;957,7;0;;;;;;;;;;255;2,7;1,1;
2026/04/25;0300 UTC;,4;958;958,3;957,7;0;;;;;;;;;;72;2,1;1,4;
2026/04/25;0400 UTC;,6;957,9;958,4;957,4;0;;;;;;;;;;69;2,9;1,3;
2026/04/25;0500 UTC;,4;957,6;957,9;957,3;0;;;;;;;;;;154;1,7;,7;
2026/04/25;0600 UTC;0;956,6;957,4;955,9;0;;;;;;;;;;277;2,4;1,1;
2026/04/25;0700 UTC;0;955,8;956,2;955,3;0;;;;;;;;;;246;2,2;1;
2026/04/25;0800 UTC;0;956,4;956,7;955,7;0;;;;;;;;;;207;1,7;,6;
2026/04/25;0900 UTC;0;956,6;956,8;956,5;0;;;;;;;;;;250;,6;,4;
2026/04/25;1000 UTC;0;957;957,3;956,7;4,7;;;;;;;;;;184;1,3;,6;
2026/04/25;1100 UTC;0;957,4;957,5;957,3;383;;;;;;;;;;200;1,2;,6;
2026/04/25;1200 UTC;0;957,9;958,3;957,5;751,1;;;;;;;;;;65;1,6;,9;
2026/04/25;1300 UTC;0;958,5;958,7;958,3;934,8;;;;;;;;;;299;3,4;1,7;
2026/04/25;1400 UTC;,2;958,3;958,7;958,1;1711,8;;;;;;;;;;300;2,9;1,4;
2026/04/25;1500 UTC;0;957,7;958;957,4;2910,4;;;;;;;;;;293;4,8;2,5;
2026/04/25;1600 UTC;0;957,1;957,4;956,7;2313,9;;;;;;;;;;304;5,1;2,1;
2026/04/25;1700 UTC;0;956,3;956,7;956;1222,7;;;;;;;;;;293;3;1,6;
2026/04/25;1800 UTC;0;955,8;956;955,6;1915,2;;;;;;;;;;299;4,7;1,9;
2026/04/25;1900 UTC;0;955,6;955,7;955,5;1216,1;;;;;;;;;;276;3,8;1,9;
2026/04/25;2000 UTC;0;955,8;955,8;955,7;832,6;;;;;;;;;;307;3,4;1,8;
2026/04/25;2100 UTC;0;955,8;955,9;955,7;137,9;;;;;;;;;;111;1,3;,4;
2026/04/25;2200 UTC;0;955,8;955,9;955,7;0;;;;;;;;;;184;,9;,3;
2026/04/25;2300 UTC;0;955,9;956,2;955,7;0;;;;;;;;;;293;1,2;,6;
2026/04/26;0000 UTC;0;955,9;956,2;955,7;0;;;;;;;;;;208;1,1;,7;
2026/04/26;0100 UTC;0;955,8;955,9;955,6;0;;;;;;;;;;138;1,3;,6;
2026/04/26;0200 UTC;0;955,8;956;955,5;0;;;;;;;;;;122;1,7;,7;
2026/04/26;0300 UTC;0;955,6;955,8;955,3;0;;;;;;;;;;233;1;,6;
2026/04/26;0400 UTC;0;955,5;955,8;955,2;0;;;;;;;;;;235;,8;,4;
2026/04/26;0500 UTC;2,6;955,2;955,7;954,8;0;;;;;;;;;;100;1;,5;
2026/04/26;0600 UTC;,6;954,5;955,2;953,8;0;;;;;;;;;;94;2,2;1;
2026/04/26;0700 UTC;,4;953,6;954,3;952,7;0;;;;;;;;;;226;,6;,3;
2026/04/26;0800 UTC;,2;953,2;953,4;953;0;;;;;;;;;;167;1,7;,4;
2026/04/26;0900 UTC;,8;953,4;953,7;953,1;0;;;;;;;;;;141;1,4;,6;
2026/04/26;1000 UTC;,2;953,8;954,1;953,5;0;;;;;;;;;;140;1,1;,4;
2026/04/26;1100 UTC;,2;954,4;954,6;954;68,4;;;;;;;;;;224;1,7;,6;
2026/04/26;1200 UTC;0;954,9;955,1;954,6;373,2;;;;;;;;;;254;1,1;,5;
2026/04/26;1300 UTC;0;955,1;955,2;955;911,4;;;;;;;;;;54;2;1,1;
2026/04/26;1400 UTC;0;954,9;955;954,8;1783,5;;;;;;;;;;119;2,3;1,2;
2026/04/26;1500 UTC;0;954,6;955;954,3;1832,4;;;;;;;;;;154;1,7;,7;
2026/04/26;1600 UTC;0;953,9;954,3;953,5;2804,1;;;;;;;;;;239;3,9;1,5;
2026/04/26;1700 UTC;0;953;953,5;952,5;1495,8;;;;;;;;;;269;2,5;1,2;
2026/04/26;1800 UTC;0;952,3;952,5;952,1;1598;;;;;;;;;;242;3,2;1,9;
2026/04/26;1900 UTC;0;952;952,2;951,8;1944,4;;;;;;;;;;259;5;3,2;
2026/04/26;2000 UTC;0;952,7;953;952,2;1096,4;;;;;;;;;;272;3,6;2;
2026/04/26;2100 UTC;0;953,8;954,3;953,1;81,2;;;;;;;;;;208;1;,4;
2026/04/26;2200 UTC;0;954,3;954,7;954;0;;;;;;;;;;228;1,2;,4;
2026/04/26;2300 UTC;0;955,1;955,2;954,7;0;;;;;;;;;;125;,9;,6;
2026/04/27;0000 UTC;0;955,6;956,1;955,2;0;;;;;;;;;;191;,8;,4;
2026/04/27;0100 UTC;0;956,2;956,5;955,8;0;;;;;;;;;;73;,8;,3;
2026/04/27;0200 UTC;0;956,5;956,6;956,4;0;;;;;;;;;;230;,5;,3;
2026/04/27;0300 UTC;0;956,6;956,9;956,5;0;;;;;;;;;;180;,6;,3;
2026/04/27;0400 UTC;0;956,9;957;956,8;0;;;;;;;;;;163;,6;,2;
2026/04/27;0500 UTC;0;956,6;956,8;956,5;0;;;;;;;;;;247;,8;,3;
2026/04/27;0600 UTC;0;956,5;956,6;956,4;0;;;;;;;;;;205;1,6;,6;
2026/04/27;0700 UTC;0;956,4;956,7;956,3;0;;;;;;;;;;164;,4;,2;
2026/04/27;0800 UTC;0;956,8;957,2;956,6;0;;;;;;;;;;203;,6;,3;
2026/04/27;0900 UTC;0;957,6;958,1;957,2;0;;;;;;;;;;109;,9;,5;
2026/04/27;1000 UTC;0;958,5;958,9;958,1;,8;;;;;;;;;;153;,4;,2;
2026/04/27;1100 UTC;0;959,1;959,3;958,9;295,2;;;;;;;;;;97;1,5;,7;
2026/04/27;1200 UTC;0;959,8;960,3;959,3;1063,2;;;;;;;;;;288;5,6;2,7;
2026/04/27;1300 UTC;0;960,4;960,6;960,3;2213,3;;;;;;;;;;269;6,3;2,6;
2026/04/27;1400 UTC;0;960,6;960,7;960,3;2913;;;;;;;;;;255;4,9;2,4;
2026/04/27;1500 UTC;0;960,3;960,6;960,1;3370,2;;;;;;;;;;249;7,5;3,6;
2026/04/27;1600 UTC;0;959,8;960,1;959,6;3461,6;;;;;;;;;;225;5;2,3;
2026/04/27;1700 UTC;0;959,5;959,7;959,2;3325,1;;;;;;;;;;311;6,6;3,4;
2026/04/27;1800 UTC;0;959,1;959,3;959;2833,5;;;;;;;;;;250;5,7;3,3;
2026/04/27;1900 UTC;0;959,2;959,5;959;2098,3;;;;;;;;;;267;4,8;2,5;
2026/04/27;2000 UTC;0;959,6;959,7;959,4;1159,8;;;;;;;;;;277;3,1;1,7;
2026/04/27;2100 UTC;0;959,8;960;959,7;243,6;;;;;;;;;;199;1,2;,7;
2026/04/27;2200 UTC;0;960,2;960,5;960;0;;;;;;;;;;234;,6;,3;
2026/04/27;2300 UTC;0;960,7;961,2;960,5;0;;;;;;;;;;86;,5;,3;
2026/04/28;0000 UTC;0;961,6;961,8;961,2;0;;;;;;;;;;185;1,1;,6;
2026/04/28;0100 UTC;0;961,8;961,8;961,7;0;;;;;;;;;;276;,8;,3;
2026/04/28;0200 UTC;0;961,9;962;961,8;0;;;;;;;;;;140;,6;,3;
2026/04/28;0300 UTC;0;961,9;961,9;961,8;0;;;;;;;;;;205;,4;,2;
2026/04/28;0400 UTC;0;961,6;961,8;961,3;0;;;;;;;;;;127;,9;,5;
2026/04/28;0500 UTC;0;961,4;961,5;961,2;0;;;;;;;;;;219;,5;,2;
2026/04/28;0600 UTC;0;961,1;961,3;960,8;0;;;;;;;;;;192;,8;,3;
2026/04/28;0700 UTC;0;960,8;960,9;960,6;0;;;;;;;;;;196;,8;,3;
2026/04/28;0800 UTC;0;960,6;960,8;960,5;0;;;;;;;;;;275;,7;,3;
2026/04/28;0900 UTC;0;961,1;961,5;960,8;0;;;;;;;;;;217;,8;,2;
2026/04/28;1000 UTC;0;961,8;962,2;961,5;,9;;;;;;;;;;251;,6;,3;
2026/04/28;1100 UTC;0;962,6;962,9;962,2;225,1;;;;;;;;;;286;1;,3;
2026/04/28;1200 UTC;,2;962,9;963;962,8;916,2;;;;;;;;;;255;1,1;,6;
2026/04/28;1300 UTC;0;962,8;963;962,7;2169,2;;;;;;;;;;137;1,8;,5;
2026/04/28;1400 UTC;0;962,7;962,8;962,6;2887,7;;;;;;;;;;217;2,4;1,2;
2026/04/28;1500 UTC;0;962,3;962,6;961,9;3315,1;;;;;;;;;;183;3,2;1,4;
2026/04/28;1600 UTC;0;961,3;961,9;960,7;3420,9;;;;;;;;;;231;4;1,6;
2026/04/28;1700 UTC;0;960,4;960,7;960,1;3249,8;;;;;;;;;;174;3,9;2,1;
2026/04/28;1800 UTC;0;959,9;960,1;959,8;2710,7;;;;;;;;;;161;3,6;1,7;
2026/04/28;1900 UTC;0;959,6;959,8;959,4;1978,4;;;;;;;;;;133;3,4;1,6;
2026/04/28;2000 UTC;0;959,3;959,4;959,2;1093,1;;;;;;;;;;155;2,9;1,4;
2026/04/28;2100 UTC;0;959,2;959,3;959,1;228;;;;;;;;;;183;,9;,3;
2026/04/28;2200 UTC;0;959,3;959,7;959,1;0;;;;;;;;;;175;,8;,4;
2026/04/28;2300 UTC;0;959,8;960,1;959,6;0;;;;;;;;;;97;1,4;,4;
2026/04/29;0000 UTC;0;960,1;960,2;959,9;0;;;;;;;;;;120;,6;,4;
2026/04/29;0100 UTC;0;960,3;960,4;960,2;0;;;;;;;;;;261;,6;,3;
2026/04/29;0200 UTC;0;960,3;960,4;960,1;0;;;;;;;;;;106;1,3;,7;
2026/04/29;0300 UTC;0;960,4;960,6;960,2;0;;;;;;;;;;163;,4;,2;
2026/04/29;0400 UTC;0;960,2;960,4;960,1;0;;;;;;;;;;276;1,2;,5;
2026/04/29;0500 UTC;0;959,8;960,3;959,3;0;;;;;;;;;;129;1,1;,5;
2026/04/29;0600 UTC;0;958,9;959,3;958,4;0;;;;;;;;;;143;,8;,3;
2026/04/29;0700 UTC;0;958;958,4;957,7;0;;;;;;;;;;201;,7;,3;
2026/04/29;0800 UTC;0;957,7;957,8;957,5;0;;;;;;;;;;239;1;,6;
2026/04/29;0900 UTC;0;957,6;957,7;957,4;0;;;;;;;;;;221;1;,5;
2026/04/29;1000 UTC;0;958;958,6;957,5;0;;;;;;;;;;160;,6;,3;
2026/04/29;1100 UTC;0;958,8;959,1;958,6;66;;;;;;;;;;229;1;,4;
2026/04/29;1200 UTC;0;959,1;959,3;959;346,9;;;;;;;;;;294;1;,6;
2026/04/29;1300 UTC;0;959,3;959,5;959;1343,1;;;;;;;;;;95;2,4;1;
2026/04/29;1400 UTC;0;959,1;959,5;959;1850;;;;;;;;;;154;2,5;1,1;
2026/04/29;1500 UTC;0;958,7;959,4;958;2257,7;;;;;;;;;;163;5,4;1,8;
2026/04/29;1600 UTC;0;957,8;958,2;957,5;2682,4;;;;;;;;;;155;3,2;1,3;
2026/04/29;1700 UTC;0;957;957,5;956,6;2855,5;;;;;;;;;;205;3,7;1,7;
2026/04/29;1800 UTC;0;956,4;956,7;956,2;2615,9;;;;;;;;;;166;4,4;1,9;
2026/04/29;1900 UTC;0;956,3;956,6;956,1;1465,7;;;;;;;;;;161;3,3;1,5;
2026/04/29;2000 UTC;0;957;957,4;956,5;760,9;;;;;;;;;;193;2,8;1,3;
2026/04/29;2100 UTC;0;957,6;957,8;957,4;125,9;;;;;;;;;;202;3,2;1,1;
2026/04/29;2200 UTC;0;958;958,2;957,7;0;;;;;;;;;;205;2,2;,8;
2026/04/29;2300 UTC;0;958,4;958,7;958,2;;;;;;;;;;;135;,7;,3;
2026/04/30;0000 UTC;0;959,1;959,3;958,7;0;;;;;;;;;;239;,6;,3;
2026/04/30;0100 UTC;0;959,1;959,3;959;0;;;;;;;;;;223;,8;,2;
2026/04/30;0200 UTC;0;959,2;959,4;959;0;;;;;;;;;;198;,9;,6;
2026/04/30;0300 UTC;0;959,6;960;959,3;0;;;;;;;;;;204;,7;,3;
2026/04/30;0400 UTC;0;960,2;960,3;960;0;;;;;;;;;;106;,9;,4;
2026/04/30;0500 UTC;0;960,4;960,6;960,2;0;;;;;;;;;;206;,6;,2;
2026/04/30;0600 UTC;0;960,3;960,5;960,1;0;;;;;;;;;;146;,4;,2;
2026/04/30;0700 UTC;0;960,1;960,2;960;0;;;;;;;;;;221;,5;,2;
2026/04/30;0800 UTC;0;960,1;960,2;960;0;;;;;;;;;;288;,5;,2;
2026/04/30;0900 UTC;0;960,2;960,5;960,1;0;;;;;;;;;;262;,9;,4;
2026/04/30;1000 UTC;0;960,7;961;960,5;,4;;;;;;;;;;204;,7;,4;
2026/04/30;1100 UTC;0;961,3;961,6;961;148,2;;;;;;;;;;290;1,1;,6;
2026/04/30;1200 UTC;0;961,9;962,2;961,6;569,3;;;;;;;;;;232;1;,5;
2026/04/30;1300 UTC;0;962,3;962,4;962,1;1628;;;;;;;;;;264;1,4;,5;
2026/04/30;1400 UTC;0;962;962,3;961,5;2821,6;;;;;;;;;;200;2,1;,6;
2026/04/30;1500 UTC;0;961,3;961,5;961;3204,5;;;;;;;;;;46;3,2;1,9;
2026/04/30;1600 UTC;0;960,6;961;960,2;3302,1;;;;;;;;;;105;3,3;1,5;
2026/04/30;1700 UTC;0;959,8;960,2;959,3;3152,4;;;;;;;;;;145;3,5;1,6;
2026/04/30;1800 UTC;0;959,1;959,3;958,8;2663,3;;;;;;;;;;79;3,4;1,2;
2026/04/30;1900 UTC;0;958,9;959;958,8;1915,5;;;;;;;;;;186;2,1;,9;
2026/04/30;2000 UTC;0;959;959,2;958,9;980,3;;;;;;;;;;182;3,4;1,4;
2026/04/30;2100 UTC;0;959,2;959,3;959;162,6;;;;;;;;;;257;1,1;,4;
2026/04/30;2200 UTC;0;959,6;959,8;959,4;0;;;;;;;;;;204;,5;,3;
2026/04/30;2300 UTC;0;960,1;960,5;959,7;0;;;;;;;;;;178;,7;,4;
2026/05/01;0000 UTC;0;960,7;960,9;960,5;0;;;;;;;;;;90;,7;,2;
2026/05/01;0100 UTC;0;961;961,1;960,9;0;;;;;;;;;;169;,3;,1;
2026/05/01;0200 UTC;0;961,1;961,2;961,1;0;;;;;;;;;;224;,8;,5;
2026/05/01;0300 UTC;0;961,5;961,7;961,2;0;;;;;;;;;;241;,7;,3;
2026/05/01;0400 UTC;0;961,3;961,5;961;0;;;;;;;;;;125;1,1;,5;
2026/05/01;0500 UTC;0;960,8;961,1;960,5;0;;;;;;;;;;210;1;,5;
2026/05/01;0600 UTC;0;960,3;960,5;960,1;0;;;;;;;;;;206;,8;,4;
2026/05/01;0700 UTC;0;959,9;960,2;959,7;0;;;;;;;;;;186;,7;,2;
2026/05/01;0800 UTC;0;959,8;960;959,7;0;;;;;;;;;;144;,8;,3;
2026/05/01;0900 UTC;0;959,9;960;959,8;0;;;;;;;;;;135;1,9;,8;
2026/05/01;1000 UTC;0;960,3;960,5;960;1,2;;;;;;;;;;226;1,2;,6;
2026/05/01;1100 UTC;0;960,5;960,7;960,4;449,9;;;;;;;;;;190;2,5;1,1;
2026/05/01;1200 UTC;0;960,4;960,6;960,2;1079,5;;;;;;;;;;288;4,7;2,2;
2026/05/01;1300 UTC;0;960,6;960,8;960,4;1968,1;;;;;;;;;;104;7,4;3,9;
2026/05/01;1400 UTC;0;960,9;961;960,8;2655,4;;;;;;;;;;56;4,8;2,8;
2026/05/01;1500 UTC;0;960,2;960,9;959,8;3063,1;;;;;;;;;;319;6,4;3,2;
2026/05/01;1600 UTC;0;959;959,7;958,2;3196;;;;;;;;;;86;6,7;3,5;
2026/05/01;1700 UTC;0;957,4;958,2;956,8;3058,6;;;;;;;;;;322;8,3;4,7;
2026/05/01;1800 UTC;0;956,3;956,7;955,6;2497,3;;;;;;;;;;229;8;4;
2026/05/01;1900 UTC;0;955,6;955,8;955,5;1819,6;;;;;;;;;;307;7,7;3,7;
2026/05/01;2000 UTC;0;955,8;956,1;955,6;617,5;;;;;;;;;;312;6,4;2,9;
2026/05/01;2100 UTC;0;956,2;956,3;956;148,3;;;;;;;;;;123;2,3;,6;
2026/05/01;2200 UTC;0;956,5;956,7;956,2;0;;;;;;;;;;152;7,2;3,7;
2026/05/01;2300 UTC;0;956,8;957,1;956,5;0;;;;;;;;;;204;4,6;1;
2026/05/02;0000 UTC;0;956,7;956,9;956,5;0;;;;;;;;;;295;1,4;,5;
2026/05/02;0100 UTC;0;956,5;956,7;956,3;0;;;;;;;;;;300;1;,5;
2026/05/02;0200 UTC;0;956,6;957;956,2;0;;;;;;;;;;133;6,1;2,4;
2026/05/02;0300 UTC;4,1;957,9;958,7;956,7;0;;;;;;;;;;96;4,7;2,3;
2026/05/02;0400 UTC;24,4;957,6;958,5;956,8;0;;;;;;;;;;170;3,8;1,5;
2026/05/02;0500 UTC;15,4;958,4;959,8;957;0;;;;;;;;;;103;2;,9;
2026/05/02;0600 UTC;6,1;958,3;958,7;957,8;0;;;;;;;;;;91;1,8;1,2;
2026/05/02;0700 UTC;4,7;957,8;958;957,4;0;;;;;;;;;;174;4;1,5;
2026/05/02;0800 UTC;5,5;957,1;957,9;955,7;0;;;;;;;;;;151;5,8;1,9;
2026/05/02;0900 UTC;,2;956,5;957;955,7;0;;;;;;;;;;218;2,6;1,1;
2026/05/02;1000 UTC;0;956,8;957,4;956,5;0;;;;;;;;;;264;2,5;1,1;
2026/05/02;1100 UTC;0;957,6;958,5;956,9;6,2;;;;;;;;;;164;1,1;,5;
2026/05/02;1200 UTC;0;959,3;960,3;958,4;127,4;;;;;;;;;;174;1,7;,7;
2026/05/02;1300 UTC;0;960,5;960,8;960;318,7;;;;;;;;;;154;1,1;,5;
2026/05/02;1400 UTC;0;961,2;961,4;960,9;584,3;;;;;;;;;;267;2,5;1,4;
2026/05/02;1500 UTC;0;961;961,4;960,8;2067,4;;;;;;;;;;244;4,9;2,2;
2026/05/02;1600 UTC;0;961,4;961,5;961;1842,1;;;;;;;;;;243;4,7;2,5;
2026/05/02;1700 UTC;0;961,2;961,3;961;1936,5;;;;;;;;;;201;5,8;2,6;
2026/05/02;1800 UTC;0;961;961,1;960,9;1617,9;;;;;;;;;;194;5;2;
2026/05/02;1900 UTC;0;961,4;961,8;961;1057,3;;;;;;;;;;192;5,4;2,3;
2026/05/02;2000 UTC;0;962,2;962,5;961,8;594,4;;;;;;;;;;190;4,7;2,2;
2026/05/02;2100 UTC;0;962,7;963,1;962,4;201;;;;;;;;;;174;3;1;
2026/05/02;2200 UTC;0;963,5;963,8;963,1;0;;;;;;;;;;199;3,3;1,3;
2026/05/02;2300 UTC;0;963,9;964;963,7;0;;;;;;;;;;200;1,9;1;
2026/05/03;0000 UTC;0;964,1;964,5;963,9;0;;;;;;;;;;145;1,6;,4;
2026/05/03;0100 UTC;0;965,1;965,4;964,6;0;;;;;;;;;;202;3,9;1,1;
2026/05/03;0200 UTC;0;965,6;965,8;965,4;0;;;;;;;;;;211;2,7;1,3;
2026/05/03;0300 UTC;0;965,8;965,9;965,8;0;;;;;;;;;;244;1,9;,8;
2026/05/03;0400 UTC;0;966;966,2;965,9;0;;;;;;;;;;194;4,4;1,9;
2026/05/03;0500 UTC;0;966,1;966,1;966;0;;;;;;;;;;201;4;1,6;
2026/05/03;0600 UTC;0;966;966,1;965,9;0;;;;;;;;;;128;3;1,2;
2026/05/03;0700 UTC;0;965,9;966;965,9;0;;;;;;;;;;263;1,4;,7;
2026/05/03;0800 UTC;0;965,8;965,9;965,8;0;;;;;;;;;;130;1,3;,4;
2026/05/03;0900 UTC;0;966,1;966,2;965,9;0;;;;;;;;;;139;1,1;,6;
2026/05/03;1000 UTC;0;966,4;966,6;966,2;,1;;;;;;;;;;121;,8;,4;
2026/05/03;1100 UTC;0;966,8;967;966,5;313,9;;;;;;;;;;208;,8;,4;
2026/05/03;1200 UTC;0;967;967,2;966,9;1258,5;;;;;;;;;;127;4,4;2,1;
2026/05/03;1300 UTC;0;967,3;967,4;967,1;2123,7;;;;;;;;;;121;3,7;1,6;
2026/05/03;1400 UTC;0;967,2;967,4;967,1;2868,2;;;;;;;;;;90;4,4;2,3;
2026/05/03;1500 UTC;0;966,6;967;966;3257,5;;;;;;;;;;68;5;2,1;
2026/05/03;1600 UTC;0;965,4;966;964,8;3365,6;;;;;;;;;;135;4,7;1,4;
2026/05/03;1700 UTC;0;964,3;964,8;963,7;3206,7;;;;;;;;;;140;2,3;1,1;
2026/05/03;1800 UTC;0;963,4;963,7;963,1;2698,7;;;;;;;;;;155;3,5;1,5;
2026/05/03;1900 UTC;0;962,8;963;962,4;1953,2;;;;;;;;;;167;3,1;1,5;
2026/05/03;2000 UTC;0;962,3;962,4;962,2;1039,8;;;;;;;;;;171;3;1,4;
2026/05/03;2100 UTC;0;962,3;962,4;962,2;187,9;;;;;;;;;;178;2,9;,9;
2026/05/03;2200 UTC;0;962;962,2;961,8;0;;;;;;;;;;289;1,4;,6;
2026/05/03;2300 UTC;0;962,2;962,3;962;0;;;;;;;;;;254;,6;,3;
2026/05/04;0000 UTC;0;962,2;962,4;962,1;0;;;;;;;;;;208;,5;,2;
2026/05/04;0100 UTC;0;962;962,2;961,8;0;;;;;;;;;;246;,7;,4;
2026/05/04;0200 UTC;0;961,8;961,9;961,7;0;;;;;;;;;;180;1;,5;
2026/05/04;0300 UTC;0;961,7;961,9;961,6;0;;;;;;;;;;218;1;,4;
2026/05/04;0400 UTC;0;961,3;961,6;961;0;;;;;;;;;;217;,8;,5;
2026/05/04;0500 UTC;0;960,8;961,1;960,5;0;;;;;;;;;;236;,7;,2;
2026/05/04;0600 UTC;0;960,3;960,6;959,9;0;;;;;;;;;;131;,4;,2;
2026/05/04;0700 UTC;0;959,6;959,9;959,3;0;;;;;;;;;;215;,8;,3;
2026/05/04;0800 UTC;0;959,4;959,5;959,3;0;;;;;;;;;;254;,6;,3;
2026/05/04;0900 UTC;0;959,4;959,5;959,2;0;;;;;;;;;;234;1,2;,6;
2026/05/04;1000 UTC;0;959,6;959,8;959,5;0;;;;;;;;;;152;,6;,4;
2026/05/04;1100 UTC;0;960,1;960,4;959,7;145,6;;;;;;;;;;112;,8;,5;
2026/05/04;1200 UTC;0;960,6;960,7;960,4;571,8;;;;;;;;;;180;,7;,3;
2026/05/04;1300 UTC;0;960,6;960,8;960,5;783,3;;;;;;;;;;78;1;,4;
2026/05/04;1400 UTC;0;960,9;961;960,7;780,1;;;;;;;;;;249;1,2;,5;
2026/05/04;1500 UTC;0;960,5;960,9;960,1;1870,7;;;;;;;;;;61;3,2;1,8;
2026/05/04;1600 UTC;0;960,1;960,3;959,8;1290,2;;;;;;;;;;182;3,7;1,6;
2026/05/04;1700 UTC;0;959,3;959,8;958,9;864;;;;;;;;;;270;4,1;2,1;
2026/05/04;1800 UTC;2,2;958,9;959,1;958,7;159,2;;;;;;;;;;163;1,9;1;
2026/05/04;1900 UTC;2,2;958,7;958,9;958,5;90,9;;;;;;;;;;60;1,7;1,1;
2026/05/04;2000 UTC;1,4;958,7;958,9;958,4;84;;;;;;;;;;78;1,7;,9;
2026/05/04;2100 UTC;1,4;959,1;959,2;958,9;29,5;;;;;;;;;;63;1,4;,8;
2026/05/04;2200 UTC;1,4;959,2;959,3;959;0;;;;;;;;;;262;1,6;,5;
2026/05/04;2300 UTC;,4;959,5;959,7;959,4;0;;;;;;;;;;182;,8;,4;
2026/05/05;0000 UTC;0;960,1;960,4;959,7;0;;;;;;;;;;124;,6;,2;
2026/05/05;0100 UTC;0;960,5;960,7;960,4;0;;;;;;;;;;245;1,1;,6;
2026/05/05;0200 UTC;0;960,7;960,9;960,6;0;;;;;;;;;;110;1,2;,6;
2026/05/05;0300 UTC;0;960,9;961;960,8;0;;;;;;;;;;163;,9;,4;
2026/05/05;0400 UTC;0;960,8;960,9;960,8;0;;;;;;;;;;184;1,2;,4;
2026/05/05;0500 UTC;0;960,9;960,9;960,8;0;;;;;;;;;;191;1;,5;
2026/05/05;0600 UTC;0;960,8;960,9;960,5;0;;;;;;;;;;220;1,1;,7;
2026/05/05;0700 UTC;0;960,4;960,5;960,2;0;;;;;;;;;;123;,8;,4;
2026/05/05;0800 UTC;0;960,3;960,4;960,2;0;;;;;;;;;;59;,7;,2;
2026/05/05;0900 UTC;0;960,4;960,7;960,2;0;;;;;;;;;;223;,8;,3;
2026/05/05;1000 UTC;0;961;961,4;960,8;,2;;;;;;;;;;147;,8;,5;
2026/05/05;1100 UTC;0;961,8;962;961,4;239,3;;;;;;;;;;200;,6;,3;
2026/05/05;1200 UTC;0;962,3;962,3;962,1;963,9;;;;;;;;;;214;1,2;,4;
2026/05/05;1300 UTC;0;962,7;963;962,3;1882,8;;;;;;;;;;109;3,1;1,3;
2026/05/05;1400 UTC;0;963,1;963,2;963;2567,4;;;;;;;;;;86;3,8;2;
2026/05/05;1500 UTC;0;962,8;963;962,6;2934,8;;;;;;;;;;195;2,9;1,4;
2026/05/05;1600 UTC;0;962,3;962,6;962;3004,7;;;;;;;;;;267;4,3;1,8;
2026/05/05;1700 UTC;0;961,6;962;961,2;2913;;;;;;;;;;260;3,9;1,7;
2026/05/05;1800 UTC;0;960,9;961,2;960,8;2436,5;;;;;;;;;;296;3,5;2,1;
2026/05/05;1900 UTC;0;960,8;960,9;960,7;1720,2;;;;;;;;;;297;3,5;1,9;
2026/05/05;2000 UTC;0;960,9;961;960,8;747,7;;;;;;;;;;260;1,5;,7;
2026/05/05;2100 UTC;0;960,9;961;960,8;102,5;;;;;;;;;;190;,4;,2;
2026/05/05;2200 UTC;0;961,1;961,3;960,9;0;;;;;;;;;;225;,8;,5;
2026/05/05;2300 UTC;0;961,4;961,5;961,2;;;;;;;;;;;168;,4;,2;
2026/05/06;0000 UTC;0;961,5;961,5;961,4;;;;;;;;;;;200;,8;,4;
2026/05/06;0100 UTC;0;961,6;961,6;961,5;0;;;;;;;;;;148;,4;,2;
2026/05/06;0200 UTC;0;961,7;961,8;961,6;0;;;;;;;;;;173;,7;,4;
2026/05/06;0300 UTC;0;961,6;961,7;961,5;0;;;;;;;;;;175;,4;,1;
2026/05/06;0400 UTC;0;961,6;961,7;961,5;0;;;;;;;;;;161;,3;,2;
2026/05/06;0500 UTC;0;961,9;962,1;961,6;0;;;;;;;;;;193;,7;,3;
2026/05/06;0600 UTC;0;962,2;962,5;961,9;0;;;;;;;;;;50;1,1;,6;
2026/05/06;0700 UTC;0;962,1;962,3;962;0;;;;;;;;;;232;,8;,3;
2026/05/06;0800 UTC;0;961,7;962;961,5;0;;;;;;;;;;285;,7;,3;
2026/05/06;0900 UTC;0;961,6;961,8;961,4;0;;;;;;;;;;232;,8;,2;
2026/05/06;1000 UTC;0;961,9;962;961,7;0;;;;;;;;;;153;,5;,2;
2026/05/06;1100 UTC;0;962,4;962,8;962;46,8;;;;;;;;;;241;1;,4;
2026/05/06;1200 UTC;0;963;963,1;962,8;635,6;;;;;;;;;;255;1;,5;
2026/05/06;1300 UTC;0;963;963,1;962,9;1584,7;;;;;;;;;;211;2,9;1,4;
2026/05/06;1400 UTC;0;962,8;963;962,5;2158,8;;;;;;;;;;252;3,5;1,7;
2026/05/06;1500 UTC;0;962;962,5;961,4;2805,6;;;;;;;;;;196;5,1;2,4;
2026/05/06;1600 UTC;0;961,1;961,4;960,6;2661,6;;;;;;;;;;283;6,4;3,3;
2026/05/06;1700 UTC;0;960,1;960,7;959,5;2414,7;;;;;;;;;;184;6,1;2,9;
2026/05/06;1800 UTC;0;959,3;959,5;959,1;1616,6;;;;;;;;;;271;5,5;3;
2026/05/06;1900 UTC;0;958,9;959,1;958,6;1431,6;;;;;;;;;;212;4,4;2,2;
2026/05/06;2000 UTC;0;958,5;958,7;958,3;643,7;;;;;;;;;;170;2,5;1,2;
2026/05/06;2100 UTC;0;958,4;958,5;958,3;164,2;;;;;;;;;;239;,9;,3;
2026/05/06;2200 UTC;0;958,3;958,4;958,2;0;;;;;;;;;;110;,5;,2;
2026/05/06;2300 UTC;0;958,3;958,4;958,1;0;;;;;;;;;;166;,5;,2;
2026/05/07;0000 UTC;0;958,4;958,5;958,3;0;;;;;;;;;;162;,8;,3;
2026/05/07;0100 UTC;0;958,4;958,5;958,2;0;;;;;;;;;;156;,7;,2;
2026/05/07;0200 UTC;0;958,1;958,3;958;0;;;;;;;;;;202;1,5;,3;
2026/05/07;0300 UTC;0;957,8;958;957,6;;;;;;;;;;;239;3,5;1,5;
2026/05/07;0400 UTC;0;957,4;957,6;957,2;;;;;;;;;;;267;3,8;1,8;
2026/05/07;0500 UTC;0;956,9;957,2;956,5;;;;;;;;;;;295;3,2;1,1;
2026/05/07;0600 UTC;0;956,1;956,5;955,7;;;;;;;;;;;258;2,4;1;
2026/05/07;0700 UTC;0;955,3;955,8;954,9;;;;;;;;;;;273;1,8;,8;
2026/05/07;0800 UTC;0;954,6;954,9;954,1;;;;;;;;;;;159;3,8;1,9;
2026/05/07;0900 UTC;0;953,9;954,2;953,7;;;;;;;;;;;236;4;1,2;
2026/05/07;1000 UTC;0;953,7;953,9;953,4;;;;;;;;;;;206;5,5;1,8;
2026/05/07;1100 UTC;0;953,6;953,7;953,4;;;;;;;;;;;84;4,7;2,5;
2026/05/07;1200 UTC;0;953,6;954;953,3;;;;;;;;;;;193;5,8;2,4;
2026/05/07;1300 UTC;0;954,3;954,5;953,9;519,6;;;;;;;;;;244;5,9;2,9;
2026/05/07;1400 UTC;0;953,7;954,3;953;1967,8;;;;;;;;;;246;8,9;4;
2026/05/07;1500 UTC;0;952,4;953,1;951,5;2952,3;;;;;;;;;;286;11,9;5,8;
2026/05/07;1600 UTC;0;950,8;951,6;950,1;3101,8;;;;;;;;;;283;16,6;6,3;
2026/05/07;1700 UTC;0;949,6;950,3;949,1;2361,6;;;;;;;;;;292;15;5,6;
2026/05/07;1800 UTC;0;949;949,4;948,6;2098,4;;;;;;;;;;308;11,6;5,6;
2026/05/07;1900 UTC;0;948,7;948,9;948,4;1542,2;;;;;;;;;;292;8,9;4,6;
2026/05/07;2000 UTC;0;948,5;948,8;948,3;637,1;;;;;;;;;;299;8,1;3,8;
2026/05/07;2100 UTC;0;948,4;948,6;948,3;65,3;;;;;;;;;;193;4,4;1,8;
2026/05/07;2200 UTC;0;948,4;948,6;948;0;;;;;;;;;;86;4,6;1,8;
2026/05/07;2300 UTC;0;948,3;948,4;948;0;;;;;;;;;;242;1,6;,8;
2026/05/08;0000 UTC;0;948,3;948,4;948,2;0;;;;;;;;;;187;3,5;1,5;
2026/05/08;0100 UTC;0;948,5;948,6;948,3;0;;;;;;;;;;186;5,9;2,6;
2026/05/08;0200 UTC;0;947,9;948,4;947,4;0;;;;;;;;;;123;6,5;3,4;
2026/05/08;0300 UTC;0;948,6;949,5;947,4;0;;;;;;;;;;264;11,1;5,7;
2026/05/08;0400 UTC;1,2;949,2;949,4;948,9;,1;;;;;;;;;;301;5,6;2,3;
2026/05/08;0500 UTC;3;949,2;950;948,7;0;;;;;;;;;;253;4,7;2,2;
2026/05/08;0600 UTC;,6;949,2;949,7;948;0;;;;;;;;;;282;12;4,8;
2026/05/08;0700 UTC;,4;949,4;950,6;947,8;,9;;;;;;;;;;256;8,8;3,8;
2026/05/08;0800 UTC;0;950,7;951;950,4;0;;;;;;;;;;302;4,4;2;
2026/05/08;0900 UTC;0;951,4;951,8;951;0;;;;;;;;;;287;5,2;3;
2026/05/08;1000 UTC;0;952,3;952,7;951,8;0;;;;;;;;;;284;4,9;2,4;
2026/05/08;1100 UTC;0;953,2;953,6;952,7;29,8;;;;;;;;;;293;6,8;3,6;
2026/05/08;1200 UTC;0;953,8;954,1;953,5;373,7;;;;;;;;;;289;6,8;2,7;
2026/05/08;1300 UTC;0;954,2;954,4;953,9;922,7;;;;;;;;;;294;7,1;3,6;
2026/05/08;1400 UTC;0;954,2;954,4;954;1933,9;;;;;;;;;;307;6,9;3,9;
2026/05/08;1500 UTC;0;954,1;954,5;953,7;3140,6;;;;;;;;;;281;7,5;3,9;
2026/05/08;1600 UTC;0;953,4;953,8;952,9;;;;;;;;;;;312;8,4;4,3;
2026/05/08;1700 UTC;0;952,8;953,1;952,4;2955,1;;;;;;;;;;291;7,8;3,7;
2026/05/08;1800 UTC;0;952,4;952,4;952,3;2548,9;;;;;;;;;;288;6,4;3,5;
2026/05/08;1900 UTC;0;952,6;952,9;952,4;1831,4;;;;;;;;;;290;8,9;4,7;
2026/05/08;2000 UTC;0;952,7;952,9;952,5;847,4;;;;;;;;;;274;5,3;2,5;
2026/05/08;2100 UTC;0;952,7;953;952,6;145,4;;;;;;;;;;164;1,8;,7;
2026/05/08;2200 UTC;0;953,3;953,8;952,9;0;;;;;;;;;;215;1,5;,6;
2026/05/08;2300 UTC;0;954,1;954,5;953,6;0;;;;;;;;;;244;1,2;,4;
2026/05/09;0000 UTC;0;954,7;954,9;954,5;0;;;;;;;;;;181;1,1;,6;
2026/05/09;0100 UTC;0;955;955,4;954,5;0;;;;;;;;;;119;1,3;,5;
2026/05/09;0200 UTC;0;955,5;955,8;955,4;0;;;;;;;;;;156;1,5;,8;
2026/05/09;0300 UTC;0;955,9;956,2;955,5;0;;;;;;;;;;191;1,2;,7;
2026/05/09;0400 UTC;0;956,3;956,7;955,9;0;;;;;;;;;;167;,6;,2;
2026/05/09;0500 UTC;0;956,8;957;956,6;0;;;;;;;;;;258;,7;,3;
2026/05/09;0600 UTC;0;957;957,8;956,8;0;;;;;;;;;;188;1,3;,6;
2026/05/09;0700 UTC;0;958;958,3;957,8;0;;;;;;;;;;83;1;,4;
2026/05/09;0800 UTC;0;958,2;958,3;958;0;;;;;;;;;;168;,7;,3;
2026/05/09;0900 UTC;0;958,2;958,4;958;0;;;;;;;;;;291;,7;,4;
2026/05/09;1000 UTC;0;959;959,6;958,4;0;;;;;;;;;;259;,5;,2;
2026/05/09;1100 UTC;0;960;960,6;959,6;184,5;;;;;;;;;;69;1;,5;
2026/05/09;1200 UTC;0;961,2;961,6;960,6;695,6;;;;;;;;;;126;1,1;,5;
2026/05/09;1300 UTC;0;961,5;961,7;961,3;932;;;;;;;;;;228;1,9;,7;
2026/05/09;1400 UTC;0;961,5;961,7;961,3;1685,3;;;;;;;;;;233;3,4;1,3;
2026/05/09;1500 UTC;0;961,4;961,6;961,3;1445,1;;;;;;;;;;277;2,8;1,5;
2026/05/09;1600 UTC;0;961,1;961,6;960,7;2088,1;;;;;;;;;;287;3;1,5;
2026/05/09;1700 UTC;0;960,4;960,7;960,2;913,1;;;;;;;;;;299;3,4;1,8;
2026/05/09;1800 UTC;0;960,4;960,6;960,2;613,5;;;;;;;;;;284;3,6;1,8;
2026/05/09;1900 UTC;0;960,3;960,5;960,1;431,9;;;;;;;;;;296;4,9;2,2;
2026/05/09;2000 UTC;0;960,5;960,7;960,4;196,9;;;;;;;;;;302;3,5;1,5;
2026/05/09;2100 UTC;0;960,9;961,1;960,7;31,3;;;;;;;;;;162;1,8;,9;
2026/05/09;2200 UTC;0;961,4;961,8;961;0;;;;;;;;;;140;,8;,4;
2026/05/09;2300 UTC;0;962;962,4;961,6;0;;;;;;;;;;153;,9;,4;
2026/05/10;0000 UTC;0;962,7;962,9;962,3;0;;;;;;;;;;133;,7;,3;
2026/05/10;0100 UTC;0;962,9;963;962,8;0;;;;;;;;;;73;,7;,4;
2026/05/10;0200 UTC;0;963,4;963,8;962,9;0;;;;;;;;;;201;,5;,3;
2026/05/10;0300 UTC;0;964,2;964,4;963,8;0;;;;;;;;;;163;,8;,3;
2026/05/10;0400 UTC;0;964,6;964,7;964,4;0;;;;;;;;;;276;2;,9;
2026/05/10;0500 UTC;0;964,9;965,1;964,6;0;;;;;;;;;;273;3,5;1,3;
2026/05/10;0600 UTC;0;964,7;964,9;964,5;0;;;;;;;;;;263;2;,8;
2026/05/10;0700 UTC;0;964,4;964,6;964,2;0;;;;;;;;;;101;,9;,4;
2026/05/10;0800 UTC;0;964,2;964,3;964;0;;;;;;;;;;269;3,1;1,5;
2026/05/10;0900 UTC;0;964,3;964,5;964,2;0;;;;;;;;;;285;1,3;,7;
2026/05/10;1000 UTC;0;964,5;964,7;964,3;0;;;;;;;;;;261;1,4;,9;
2026/05/10;1100 UTC;0;965;965,1;964,6;122,2;;;;;;;;;;244;2,2;1,2;
2026/05/10;1200 UTC;0;965,4;965,6;965,2;661,8;;;;;;;;;;262;5;2,6;
2026/05/10;1300 UTC;0;965,4;965,5;965,3;1094,6;;;;;;;;;;241;4,3;2,3;
2026/05/10;1400 UTC;0;965,2;965,4;965;1297,9;;;;;;;;;;251;5,1;2,4;
2026/05/10;1500 UTC;0;965,1;965,3;965;1329,1;;;;;;;;;;287;5;2,7;
2026/05/10;1600 UTC;0;964,5;965;964;1970,2;;;;;;;;;;293;6,6;2,9;
2026/05/10;1700 UTC;0;963,8;964,1;963,6;1169,5;;;;;;;;;;289;7;3,1;
2026/05/10;1800 UTC;0;963,7;963,9;963,5;1344,5;;;;;;;;;;293;6,8;3,2;
2026/05/10;1900 UTC;0;963,9;964;963,7;932,9;;;;;;;;;;275;6,2;3,2;
2026/05/10;2000 UTC;0;964;964,4;963,8;289,4;;;;;;;;;;288;4,8;2;
2026/05/10;2100 UTC;0;964,5;964,7;964,3;80,9;;;;;;;;;;298;2,1;1,2;
2026/05/10;2200 UTC;0;964,5;964,9;964,2;0;;;;;;;;;;261;1,8;1,2;
2026/05/10;2300 UTC;0;965,2;965,5;964,8;0;;;;;;;;;;254;1,4;,8;
2026/05/11;0000 UTC;0;965,7;966;965,4;0;;;;;;;;;;212;1,2;,4;
2026/05/11;0100 UTC;0;966;966,1;965,9;0;;;;;;;;;;233;,9;,4;
2026/05/11;0200 UTC;0;966;966,2;965,8;0;;;;;;;;;;185;1;,6;
2026/05/11;0300 UTC;0;966,1;966,2;965,9;0;;;;;;;;;;150;1,2;,7;
2026/05/11;0400 UTC;0;965,6;965,9;965,5;0;;;;;;;;;;156;,7;,4;
2026/05/11;0500 UTC;0;965,5;965,6;965,4;0;;;;;;;;;;153;,8;,3;
2026/05/11;0600 UTC;0;965,2;965,4;965;0;;;;;;;;;;181;,5;,2;
2026/05/11;0700 UTC;0;964,9;965;964,7;0;;;;;;;;;;233;1,2;,6;
2026/05/11;0800 UTC;0;964,8;964,9;964,8;0;;;;;;;;;;261;,7;,3;
2026/05/11;0900 UTC;0;964,8;965,1;964,6;0;;;;;;;;;;249;,8;,5;
2026/05/11;1000 UTC;0;965,1;965,3;964,9;0;;;;;;;;;;246;,9;,3;
2026/05/11;1100 UTC;0;965,4;965,6;965,2;269;;;;;;;;;;142;,9;,2;
2026/05/11;1200 UTC;0;965,8;966;965,6;792;;;;;;;;;;47;1,6;,8;
2026/05/11;1300 UTC;0;966,1;966,2;966;1814;;;;;;;;;;82;5,4;1,7;
2026/05/11;1400 UTC;0;965,9;966;965,8;2677,2;;;;;;;;;;276;4,2;2,1;
2026/05/11;1500 UTC;0;965,5;965,8;965,3;3072,9;;;;;;;;;;276;4,3;2;
2026/05/11;1600 UTC;0;964,9;965,3;964,6;3189,1;;;;;;;;;;276;5,7;2,2;
2026/05/11;1700 UTC;0;964,3;964,6;964,1;3020,7;;;;;;;;;;262;5,3;3,1;
2026/05/11;1800 UTC;0;964;964,1;963,9;2518;;;;;;;;;;302;5,5;2,9;
2026/05/11;1900 UTC;0;963,9;964;963,8;1790,4;;;;;;;;;;293;4,8;2,4;
2026/05/11;2000 UTC;0;964;964,3;963,9;924;;;;;;;;;;298;4,8;2,7;
2026/05/11;2100 UTC;0;964,3;964,5;964,2;138,8;;;;;;;;;;262;2;,9;
2026/05/11;2200 UTC;0;964,7;964,9;964,5;0;;;;;;;;;;165;,9;,5;
2026/05/11;2300 UTC;0;965,1;965,3;964,9;0;;;;;;;;;;203;1;,5;
2026/05/12;0000 UTC;0;965,3;965,4;965,1;0;;;;;;;;;;159;1;,5;
2026/05/12;0100 UTC;0;965,4;965,5;965,3;0;;;;;;;;;;150;1,3;,7;
2026/05/12;0200 UTC;0;965,5;965,6;965,5;0;;;;;;;;;;118;,4;,2;
2026/05/12;0300 UTC;0;965,4;965,5;965,2;0;;;;;;;;;;187;,5;,3;
2026/05/12;0400 UTC;0;965;965,3;964,7;0;;;;;;;;;;301;,4;,2;
2026/05/12;0500 UTC;0;964,8;965;964,7;0;;;;;;;;;;144;,9;,5;
2026/05/12;0600 UTC;0;964,4;964,7;963,9;0;;;;;;;;;;226;,7;,4;
2026/05/12;0700 UTC;0;963,8;963,9;963,6;0;;;;;;;;;;241;,5;,2;
2026/05/12;0800 UTC;0;963,6;963,7;963,6;0;;;;;;;;;;262;,7;,3;
2026/05/12;0900 UTC;0;963,7;963,9;963,6;0;;;;;;;;;;141;,4;,2;
2026/05/12;1000 UTC;0;964,2;964,5;963,9;0;;;;;;;;;;257;1;,3;
2026/05/12;1100 UTC;0;964,7;964,9;964,5;267,6;;;;;;;;;;308;,7;,4;
2026/05/12;1200 UTC;0;964,9;965;964,8;892,7;;;;;;;;;;74;2,4;1,1;
2026/05/12;1300 UTC;0;964,5;964,8;964,3;1977,8;;;;;;;;;;255;2,6;1,5;
2026/05/12;1400 UTC;0;964,2;964,3;963,9;2671,9;;;;;;;;;;251;4,7;1,9;
2026/05/12;1500 UTC;0;963,3;963,9;962,8;3058,4;;;;;;;;;;268;3,3;1,5;
2026/05/12;1600 UTC;0;962,3;962,8;961,7;3153,2;;;;;;;;;;193;3,7;1,2;
2026/05/12;1700 UTC;0;961,3;961,7;960,8;3047,8;;;;;;;;;;302;5,8;3,1;
2026/05/12;1800 UTC;0;960,6;960,8;960,3;2526,1;;;;;;;;;;303;5,9;2,7;
2026/05/12;1900 UTC;0;960,2;960,4;959,9;1790,5;;;;;;;;;;291;4;2,2;
2026/05/12;2000 UTC;0;959,8;960;959,8;913,1;;;;;;;;;;268;3,1;1,4;
2026/05/12;2100 UTC;0;959,8;959,9;959,7;125,1;;;;;;;;;;127;,9;,4;
2026/05/12;2200 UTC;0;959,9;960;959,8;0;;;;;;;;;;116;,5;,3;
2026/05/12;2300 UTC;0;960,4;960,6;960;0;;;;;;;;;;273;,4;,2;
2026/05/13;0000 UTC;0;960,6;960,7;960,5;0;;;;;;;;;;246;1,4;,8;
2026/05/13;0100 UTC;0;960,8;961;960,6;0;;;;;;;;;;138;,8;,4;
2026/05/13;0200 UTC;0;961,2;961,4;961;0;;;;;;;;;;206;,7;,3;
2026/05/13;0300 UTC;0;961,3;961,6;961,2;0;;;;;;;;;;245;1,3;,4;
2026/05/13;0400 UTC;0;961,6;961,7;961,4;0;;;;;;;;;;170;,9;,3;
2026/05/13;0500 UTC;0;961,5;961,6;961,4;0;;;;;;;;;;181;,4;,2;
2026/05/13;0600 UTC;0;961,6;961,8;961,5;0;;;;;;;;;;210;,7;,3;
2026/05/13;0700 UTC;0;961,8;961,9;961,6;0;;;;;;;;;;186;,8;,4;
2026/05/13;0800 UTC;0;961,5;961,8;961,3;0;;;;;;;;;;133;,8;,4;
2026/05/13;0900 UTC;0;961,6;961,9;961,3;0;;;;;;;;;;195;,4;,2;
2026/05/13;1000 UTC;0;962,1;962,3;961,8;0;;;;;;;;;;196;1;,5;
2026/05/13;1100 UTC;0;962,4;962,4;962,4;363,1;;;;;;;;;;268;,7;,3;
2026/05/13;1200 UTC;0;962,7;963;962,4;623,3;;;;;;;;;;215;1,3;,6;
2026/05/13;1300 UTC;0;962,9;963;962,6;911,6;;;;;;;;;;281;1,4;,8;
2026/05/13;1400 UTC;0;962,7;962,9;962,4;1850,9;;;;;;;;;;116;2,3;1,3;
2026/05/13;1500 UTC;0;962,2;962,5;961,8;2639;;;;;;;;;;57;2,5;1,3;
2026/05/13;1600 UTC;0;961,3;961,8;960,9;3073,8;;;;;;;;;;116;3,4;1,7;
2026/05/13;1700 UTC;0;960,4;960,8;960;2958,4;;;;;;;;;;291;4,2;2;
2026/05/13;1800 UTC;0;959,8;960;959,6;2447,3;;;;;;;;;;288;4,5;2,1;
2026/05/13;1900 UTC;0;959,5;959,7;959,4;1732,7;;;;;;;;;;263;3,8;1,9;
2026/05/13;2000 UTC;0;959,7;959,7;959,6;886,3;;;;;;;;;;269;1,6;,9;
2026/05/13;2100 UTC;0;959,9;960,1;959,7;117,4;;;;;;;;;;243;,7;,3;
2026/05/13;2200 UTC;0;960,2;960,3;960,1;0;;;;;;;;;;104;,8;,4;
2026/05/13;2300 UTC;0;960,5;960,8;960,3;0;;;;;;;;;;172;,8;,3;
2026/05/14;0000 UTC;0;960,8;960,9;960,7;0;;;;;;;;;;190;1;,4;
2026/05/14;0100 UTC;0;960,9;961;960,9;0;;;;;;;;;;233;,8;,4;
2026/05/14;0200 UTC;0;960,9;961;960,9;0;;;;;;;;;;207;,7;,2;
2026/05/14;0300 UTC;0;960,8;960,9;960,7;0;;;;;;;;;;179;,8;,5;
2026/05/14;0400 UTC;0;960,5;960,7;960,2;0;;;;;;;;;;232;,5;,3;
2026/05/14;0500 UTC;0;960,2;960,3;960,1;0;;;;;;;;;;194;,4;,2;
2026/05/14;0600 UTC;0;960;960,1;959,9;0;;;;;;;;;;247;,7;,2;
2026/05/14;0700 UTC;0;959,8;959,9;959,6;0;;;;;;;;;;214;1,7;,6;
2026/05/14;0800 UTC;0;959,8;960,1;959,6;0;;;;;;;;;;70;1;,6;
2026/05/14;0900 UTC;0;960,4;960,6;960,2;0;;;;;;;;;;181;,7;,4;
2026/05/14;1000 UTC;0;960,9;961,4;960,6;0;;;;;;;;;;260;,7;,3;
2026/05/14;1100 UTC;0;961,9;962,3;961,4;152,7;;;;;;;;;;146;,6;,3;
2026/05/14;1200 UTC;0;962,3;962,4;962,2;803,8;;;;;;;;;;225;1,3;,5;
2026/05/14;1300 UTC;0;962,3;962,4;962,2;1846,2;;;;;;;;;;193;1,9;1;
2026/05/14;1400 UTC;0;962,2;962,3;962;2558,7;;;;;;;;;;211;2;1,1;
2026/05/14;1500 UTC;0;961,7;962;961,5;2949,3;;;;;;;;;;203;2,7;1,3;
2026/05/14;1600 UTC;0;961;961,4;960,5;3058,8;;;;;;;;;;98;3,3;1,7;
2026/05/14;1700 UTC;0;960,1;960,5;959,7;2886,3;;;;;;;;;;110;2,8;,7;
2026/05/14;1800 UTC;0;959,3;959,7;959,1;2392,6;;;;;;;;;;112;2,3;1,2;
2026/05/14;1900 UTC;0;959,5;959,9;958,9;1243,5;;;;;;;;;;184;2,1;,8;
2026/05/14;2000 UTC;0;959,9;960,2;959,7;477,6;;;;;;;;;;162;1,1;,6;
2026/05/14;2100 UTC;0;960,1;960,4;959,7;74,9;;;;;;;;;;178;1,5;,6;
2026/05/14;2200 UTC;0;960,6;960,8;960,4;0;;;;;;;;;;215;2,8;,9;
2026/05/14;2300 UTC;0;961;961,3;960,8;0;;;;;;;;;;243;1,4;,8;
2026/05/15;0000 UTC;0;961,5;961,7;961,3;0;;;;;;;;;;166;1;,4;
2026/05/15;0100 UTC;0;961,8;962;961,7;0;;;;;;;;;;81;1,8;,7;
2026/05/15;0200 UTC;0;961,9;962;961,7;0;;;;;;;;;;140;1,2;,5;
2026/05/15;0300 UTC;0;961,9;962;961,8;0;;;;;;;;;;278;1,4;,6;
2026/05/15;0400 UTC;0;962;962,2;961,9;0;;;;;;;;;;304;1,2;,7;
2026/05/15;0500 UTC;0;962,3;962,5;962,1;0;;;;;;;;;;160;2,1;,6;
2026/05/15;0600 UTC;0;962,2;962,3;962;0;;;;;;;;;;195;2,3;,7;
2026/05/15;0700 UTC;0;961,9;962,1;961,7;0;;;;;;;;;;235;1,7;,6;
2026/05/15;0800 UTC;0;961,6;961,8;961,5;0;;;;;;;;;;178;1,1;,4;
2026/05/15;0900 UTC;0;961,5;961,7;961,4;0;;;;;;;;;;132;2,4;1;
2026/05/15;1000 UTC;0;961,6;961,8;961,5;0;;;;;;;;;;231;1,7;,8;
2026/05/15;1100 UTC;0;962,2;962,4;961,8;40,1;;;;;;;;;;220;2,5;,8;
2026/05/15;1200 UTC;0;962,6;962,7;962,4;303,6;;;;;;;;;;141;2,2;1,1;
2026/05/15;1300 UTC;0;962,3;962,6;962;1229,5;;;;;;;;;;179;3,6;1,9;
2026/05/15;1400 UTC;0;962,1;962,1;962;2188;;;;;;;;;;232;4,6;1,8;
2026/05/15;1500 UTC;0;961,6;961,9;961,2;2329,8;;;;;;;;;;150;3,2;1,5;
2026/05/15;1600 UTC;0;960,9;961,2;960,3;2276,7;;;;;;;;;;156;4,9;2,5;
2026/05/15;1700 UTC;0;959,7;960,3;959,3;2782,7;;;;;;;;;;176;4,5;2,3;
2026/05/15;1800 UTC;0;959;959,3;958,6;2230;;;;;;;;;;154;5,4;2,3;
2026/05/15;1900 UTC;0;958,5;958,6;958,5;1545,6;;;;;;;;;;195;4,5;2;
2026/05/15;2000 UTC;0;958,6;958,9;958,5;736,2;;;;;;;;;;197;4,6;1,7;
2026/05/15;2100 UTC;0;959,3;959,7;958,8;88,4;;;;;;;;;;196;4,4;1,8;
2026/05/15;2200 UTC;0;959,8;959,9;959,7;0;;;;;;;;;;203;2,8;1,2;
2026/05/15;2300 UTC;0;959,9;960,2;959,8;0;;;;;;;;;;211;3,5;1,8;
2026/05/16;0000 UTC;0;960,2;960,3;960;0;;;;;;;;;;158;1,7;,6;
2026/05/16;0100 UTC;0;960;960,1;959,8;0;;;;;;;;;;232;1,8;,6;
2026/05/16;0200 UTC;0;959,8;960,1;959,6;0;;;;;;;;;;152;,8;,4;
2026/05/16;0300 UTC;0;959,5;959,6;959,5;0;;;;;;;;;;262;,7;,3;
2026/05/16;0400 UTC;0;959,4;959,6;959,3;0;;;;;;;;;;248;,6;,4;
2026/05/16;0500 UTC;0;959,5;959,7;959,2;0;;;;;;;;;;119;1,3;,5;
2026/05/16;0600 UTC;0;959;959,2;958,9;0;;;;;;;;;;229;,8;,4;
2026/05/16;0700 UTC;0;958,8;958,9;958,6;0;;;;;;;;;;187;1,5;,5;
2026/05/16;0800 UTC;0;958,3;958,5;958,3;0;;;;;;;;;;242;,9;,3;
2026/05/16;0900 UTC;0;958,3;958,5;958,2;0;;;;;;;;;;156;1,1;,7;
2026/05/16;1000 UTC;0;958,7;959;958,4;0;;;;;;;;;;227;1;,7;
2026/05/16;1100 UTC;0;959,1;959,4;958,9;201,6;;;;;;;;;;115;,8;,3;
2026/05/16;1200 UTC;0;959,7;959,8;959,4;865,1;;;;;;;;;;79;1,2;,6;
2026/05/16;1300 UTC;0;959,9;960,1;959,7;1536,5;;;;;;;;;;66;2,3;,8;
2026/05/16;1400 UTC;0;959,8;960;959,5;2172,5;;;;;;;;;;179;2,9;1,2;
2026/05/16;1500 UTC;0;959,3;959,6;958,9;1928;;;;;;;;;;234;2,7;1,3;
2026/05/16;1600 UTC;0;958,5;958,8;958,2;1816,6;;;;;;;;;;300;3,2;1,5;
2026/05/16;1700 UTC;0;957,6;958,2;957,1;1709,5;;;;;;;;;;213;2,3;1,1;
2026/05/16;1800 UTC;0;956,7;957;956,5;1833,8;;;;;;;;;;142;3,8;1,2;
2026/05/16;1900 UTC;0;956,6;956,7;956,5;858;;;;;;;;;;221;1,8;,6;
2026/05/16;2000 UTC;0;956,5;956,7;956,4;521,9;;;;;;;;;;203;1,2;,6;
2026/05/16;2100 UTC;0;956,9;957;956,7;48,9;;;;;;;;;;282;,6;,2;
2026/05/16;2200 UTC;0;957,2;957,3;956,9;0;;;;;;;;;;274;1,1;,5;
2026/05/16;2300 UTC;0;957,6;958;957,3;0;;;;;;;;;;214;2,5;1;
2026/05/17;0000 UTC;0;958,3;958,6;958;0;;;;;;;;;;289;1;,6;
2026/05/17;0100 UTC;0;958,7;958,9;958,6;0;;;;;;;;;;277;,8;,4;
2026/05/17;0200 UTC;0;958,7;958,9;958,5;0;;;;;;;;;;190;1,1;,4;
2026/05/17;0300 UTC;0;958,7;959;958,5;0;;;;;;;;;;256;1,1;,4;
2026/05/17;0400 UTC;0;958,9;959,1;958,8;0;;;;;;;;;;106;1,8;1,1;
2026/05/17;0500 UTC;0;958,7;958,8;958,5;0;;;;;;;;;;264;1,8;,6;
2026/05/17;0600 UTC;0;958,4;958,6;958,4;0;;;;;;;;;;166;1,4;,5;
2026/05/17;0700 UTC;0;958,1;958,4;957,9;0;;;;;;;;;;219;1,8;,8;
2026/05/17;0800 UTC;0;957,7;957,9;957,4;0;;;;;;;;;;181;2,4;,9;
2026/05/17;0900 UTC;0;957,7;957,8;957,4;0;;;;;;;;;;226;1,8;,7;
2026/05/17;1000 UTC;0;958,1;958,2;957,8;0;;;;;;;;;;150;1,9;1;
2026/05/17;1100 UTC;0;958,2;958,7;958;18;;;;;;;;;;235;1,5;1;
2026/05/17;1200 UTC;0;958,5;958,9;958,2;130;;;;;;;;;;161;2,1;,8;
2026/05/17;1300 UTC;0;959;959,3;958,8;;;;;;;;;;;194;2,7;,8;
2026/05/17;1400 UTC;0;959;959,2;958,8;;;;;;;;;;;229;2,2;1,4;
2026/05/17;1500 UTC;0;958,7;959,1;958,5;582,4;;;;;;;;;;156;2,2;1;
2026/05/17;1600 UTC;0;958,2;958,5;958;;;;;;;;;;;217;3,1;1,4;
2026/05/17;1700 UTC;0;958,1;958,1;958;;;;;;;;;;;209;2,8;1,1;
2026/05/17;1800 UTC;0;958,1;958,2;958;;;;;;;;;;;199;2,3;1;
2026/05/17;1900 UTC;0;958,3;958,4;958,2;;;;;;;;;;;209;2,8;1,2;
2026/05/17;2000 UTC;0;958,3;958,4;958,1;;;;;;;;;;;191;4,4;1,5;
2026/05/17;2100 UTC;0;958,8;959,1;958,4;;;;;;;;;;;205;3,3;1,2;
2026/05/17;2200 UTC;0;959,4;959,7;959,1;;;;;;;;;;;208;3,4;1,5;
2026/05/17;2300 UTC;0;960;960,3;959,7;;;;;;;;;;;157;3,3;1,3;
2026/05/18;0000 UTC;0;960,4;960,7;960,2;;;;;;;;;;;181;4,7;1,7;
2026/05/18;0100 UTC;0;961,3;961,6;960,8;;;;;;;;;;;146;3,4;1,5;
2026/05/18;0200 UTC;0;961,7;961,9;961,6;;;;;;;;;;;202;3,1;1,2;
2026/05/18;0300 UTC;0;962,2;962,3;961,9;;;;;;;;;;;208;4,4;1,7;
2026/05/18;0400 UTC;,2;962,2;962,3;962,1;;;;;;;;;;;213;5,1;2;
2026/05/18;0500 UTC;0;962,2;962,3;962,1;;;;;;;;;;;193;5;1,5;
2026/05/18;0600 UTC;0;962,5;962,6;962,1;;;;;;;;;;;176;4,2;1,4;
2026/05/18;0700 UTC;,4;962,8;963;962,5;0;;;;;;;;;;211;3,7;1,5;
2026/05/18;0800 UTC;,4;963,3;963,7;963;0;;;;;;;;;;196;5,1;2,1;
2026/05/18;0900 UTC;0;963,8;963,9;963,7;0;;;;;;;;;;209;3,8;1,5;
2026/05/18;1000 UTC;,6;964,2;964,5;963,9;0;;;;;;;;;;176;2,9;,9;
2026/05/18;1100 UTC;,4;964,8;965,1;964,5;16,3;;;;;;;;;;146;1,5;,5;
2026/05/18;1200 UTC;0;965,3;965,6;965;193,3;;;;;;;;;;194;3,2;1,2;
2026/05/18;1300 UTC;0;965,6;965,8;965,5;618,1;;;;;;;;;;173;2,4;,8;
2026/05/18;1400 UTC;0;965,9;966;965,8;1241,7;;;;;;;;;;176;3,7;1,9;
2026/05/18;1500 UTC;0;965,9;966;965,8;1285;;;;;;;;;;181;4,1;2,1;
2026/05/18;1600 UTC;0;965,8;965,9;965,6;1024,1;;;;;;;;;;178;2,9;1,5;
2026/05/18;1700 UTC;0;965,5;965,7;965,4;;;;;;;;;;;199;4,4;1,8;
2026/05/18;1800 UTC;0;965,2;965,4;965,1;;;;;;;;;;;199;3,7;1,9;
2026/05/18;1900 UTC;0;965,1;965,2;965;;;;;;;;;;;232;3,9;2,3;
2026/05/18;2000 UTC;0;965,2;965,4;965;;;;;;;;;;;194;3,4;1,2;
2026/05/18;2100 UTC;0;965,4;965,4;965,3;13,5;;;;;;;;;;215;2,8;1,2;
2026/05/18;2200 UTC;0;965,7;965,9;965,4;0;;;;;;;;;;197;3,5;1,5;
2026/05/18;2300 UTC;0;966;966,2;966;0;;;;;;;;;;198;3,8;1,2;
2026/05/19;0000 UTC;0;966,3;966,5;966,1;0;;;;;;;;;;192;2;,5;
2026/05/19;0100 UTC;0;966,5;966,6;966,5;0;;;;;;;;;;99;1,1;,4;
2026/05/19;0200 UTC;0;966,5;966,6;966,3;0;;;;;;;;;;190;1,2;,7;
2026/05/19;0300 UTC;0;966,3;966,4;966,1;0;;;;;;;;;;222;,7;,2;
2026/05/19;0400 UTC;0;966;966,1;966;0;;;;;;;;;;259;,6;,3;
2026/05/19;0500 UTC;0;965,9;966;965,7;0;;;;;;;;;;178;,7;,3;
2026/05/19;0600 UTC;0;965,5;965,7;965,2;0;;;;;;;;;;275;1;,4;
2026/05/19;0700 UTC;0;965,1;965,2;965;0;;;;;;;;;;186;,8;,4;
2026/05/19;0800 UTC;0;964,9;965;964,8;0;;;;;;;;;;240;,7;,4;
2026/05/19;0900 UTC;0;965;965;964,9;0;;;;;;;;;;173;2,7;1;
2026/05/19;1000 UTC;0;965,3;965,6;965;0;;;;;;;;;;180;1,5;,7;
2026/05/19;1100 UTC;0;965,9;966,1;965,6;22,5;;;;;;;;;;153;1,9;,4;
2026/05/19;1200 UTC;0;966,2;966,3;966,1;170,1;;;;;;;;;;214;2,5;,7;
2026/05/19;1300 UTC;0;966,6;966,9;966,3;396,5;;;;;;;;;;206;2;1,1;
2026/05/19;1400 UTC;0;966,9;967;966,8;673,5;;;;;;;;;;106;2,4;1,3;
2026/05/19;1500 UTC;0;966,6;966,8;966,3;1057,4;;;;;;;;;;315;2,5;1,5;
2026/05/19;1600 UTC;0;966,1;966,3;965,7;2966,1;;;;;;;;;;148;2,3;1,1;
2026/05/19;1700 UTC;0;965,2;965,6;964,8;2859,7;;;;;;;;;;147;3;1,2;
2026/05/19;1800 UTC;0;964,4;964,8;964,2;2362;;;;;;;;;;117;3,5;1,8;
2026/05/19;1900 UTC;0;964,1;964,4;963,9;1638;;;;;;;;;;111;2,9;1,5;
2026/05/19;2000 UTC;0;963,9;964;963,8;1059,5;;;;;;;;;;168;2,7;1,6;
2026/05/19;2100 UTC;0;964,1;964,4;963,8;;;;;;;;;;;178;1,4;,5;
2026/05/19;2200 UTC;0;964,6;964,9;964,3;0;;;;;;;;;;206;,4;,1;
2026/05/19;2300 UTC;0;965;965,2;964,9;0;;;;;;;;;;200;,7;,4;
2026/05/20;0000 UTC;0;965,4;965,5;965,2;0;;;;;;;;;;217;,6;,2;
2026/05/20;0100 UTC;0;965,6;965,7;965,4;0;;;;;;;;;;164;,8;,5;
2026/05/20;0200 UTC;0;965,6;965,7;965,5;0;;;;;;;;;;150;,9;,4;
2026/05/20;0300 UTC;0;965,6;965,7;965,6;0;;;;;;;;;;217;1;,3;
2026/05/20;0400 UTC;0;965,6;965,7;965,5;0;;;;;;;;;;73;1,1;,7;
2026/05/20;0500 UTC;,2;965,6;965,7;965,5;0;;;;;;;;;;70;1,6;,9;
2026/05/20;0600 UTC;0;965,5;965,6;965,4;0;;;;;;;;;;78;2;1,2;
2026/05/20;0700 UTC;0;965,1;965,3;964,9;0;;;;;;;;;;127;1,9;1;
2026/05/20;0800 UTC;0;964,9;965;964,7;0;;;;;;;;;;243;1,7;,9;
2026/05/20;0900 UTC;0;965;965,3;964,8;0;;;;;;;;;;65;2;1,2;
2026/05/20;1000 UTC;0;965,7;966,1;965,3;0;;;;;;;;;;45;2,3;1,4;
2026/05/20;1100 UTC;0;966,5;966,8;966,1;58,3;;;;;;;;;;93;2,4;1,2;
2026/05/20;1200 UTC;0;967;967,2;966,8;321,8;;;;;;;;;;75;2,2;1,3;
2026/05/20;1300 UTC;0;967,5;967,8;967,2;784,1;;;;;;;;;;140;2,2;1;
2026/05/20;1400 UTC;0;967,8;967,9;967,6;1976,3;;;;;;;;;;69;2,1;1,2;
2026/05/20;1500 UTC;0;967,4;967,6;967,2;2893,5;;;;;;;;;;111;2,1;1,1;
2026/05/20;1600 UTC;0;966,7;967,2;966,3;3075;;;;;;;;;;253;4,3;2,3;
2026/05/20;1700 UTC;0;966;966,4;965,7;2850,5;;;;;;;;;;290;4,8;2,7;
2026/05/20;1800 UTC;0;965,3;965,7;965;2347,6;;;;;;;;;;280;4,6;1,9;
2026/05/20;1900 UTC;0;965;965,1;964,8;1640,9;;;;;;;;;;296;3,5;1,8;
2026/05/20;2000 UTC;0;964,9;965;964,8;841,6;;;;;;;;;;250;3,5;2;
2026/05/20;2100 UTC;0;965,3;965,5;965;0;;;;;;;;;;229;1,5;,9;
2026/05/20;2200 UTC;0;965,9;966,2;965,5;0;;;;;;;;;;261;,8;,4;
2026/05/20;2300 UTC;0;966,4;966,6;966,2;0;;;;;;;;;;84;1;,6;
2026/05/21;0000 UTC;0;966,7;967;966,5;0;;;;;;;;;;247;1;,4;
2026/05/21;0100 UTC;0;967,2;967,4;967;0;;;;;;;;;;215;,7;,3;
2026/05/21;0200 UTC;0;967,4;967,4;967,3;0;;;;;;;;;;257;,6;,3;
2026/05/21;0300 UTC;0;967,4;967,5;967,3;0;;;;;;;;;;183;,8;,2;
2026/05/21;0400 UTC;0;967,5;967,6;967,3;0;;;;;;;;;;251;,8;,3;
2026/05/21;0500 UTC;0;967,3;967,5;967,2;0;;;;;;;;;;177;,5;,2;
2026/05/21;0600 UTC;0;967,5;967,6;967,4;0;;;;;;;;;;250;,4;,2;
2026/05/21;0700 UTC;0;967,5;967,6;967,4;0;;;;;;;;;;197;,7;,4;
2026/05/21;0800 UTC;0;967,3;967,4;967,2;0;;;;;;;;;;128;1;,5;
2026/05/21;0900 UTC;0;967,4;967,6;967,2;0;;;;;;;;;;305;,4;,2;
2026/05/21;1000 UTC;0;967,9;968,2;967,6;0;;;;;;;;;;180;,7;,3;
2026/05/21;1100 UTC;0;968,5;968,8;968,2;99,3;;;;;;;;;;269;,9;,4;
2026/05/21;1200 UTC;;;;;;;;;;;;;;;;;;
2026/05/21;1300 UTC;;;;;;;;;;;;;;;;;;
2026/05/21;1400 UTC;;;;;;;;;;;;;;;;;;
2026/05/21;1500 UTC;;;;;;;;;;;;;;;;;;
2026/05/21;1600 UTC;;;;;;;;;;;;;;;;;;
2026/05/21;1700 UTC;;;;;;;;;;;;;;;;;;
2026/05/21;1800 UTC;;;;;;;;;;;;;;;;;;
2026/05/21;1900 UTC;;;;;;;;;;;;;;;;;;
2026/05/21;2000 UTC;;;;;;;;;;;;;;;;;;
2026/05/21;2100 UTC;;;;;;;;;;;;;;;;;;
2026/05/21;2200 UTC;;;;;;;;;;;;;;;;;;
2026/05/21;2300 UTC;;;;;;;;;;;;;;;;;;
2026/05/22;0000 UTC;;;;;;;;;;;;;;;;;;
2026/05/22;0100 UTC;;;;;;;;;;;;;;;;;;
2026/05/22;0200 UTC;;;;;;;;;;;;;;;;;;
2026/05/22;0300 UTC;;;;;;;;;;;;;;;;;;
2026/05/22;0400 UTC;;;;;;;;;;;;;;;;;;
2026/05/22;0500 UTC;;;;;;;;;;;;;;;;;;
2026/05/22;0600 UTC;;;;;;;;;;;;;;;;;;
2026/05/22;0700 UTC;;;;;;;;;;;;;;;;;;
2026/05/22;0800 UTC;;;;;;;;;;;;;;;;;;
2026/05/22;0900 UTC;;;;;;;;;;;;;;;;;;
2026/05/22;1000 UTC;;;;;;;;;;;;;;;;;;
2026/05/22;1100 UTC;;;;;;;;;;;;;;;;;;
2026/05/22;1200 UTC;;;;;;;;;;;;;;;;;;
2026/05/22;1300 UTC;;;;;;;;;;;;;;;;;;
2026/05/22;1400 UTC;;;;;;;;;;;;;;;;;;
2026/05/22;1500 UTC;;;;;;;;;;;;;;;;;;
2026/05/22;1600 UTC;;;;;;;;;;;;;;;;;;
2026/05/22;1700 UTC;;;;;;;;;;;;;;;;;;
2026/05/22;1800 UTC;;;;;;;;;;;;;;;;;;
2026/05/22;1900 UTC;;;;;;;;;;;;;;;;;;
2026/05/22;2000 UTC;;;;;;;;;;;;;;;;;;
2026/05/22;2100 UTC;;;;;;;;;;;;;;;;;;
2026/05/22;2200 UTC;;;;;;;;;;;;;;;;;;
2026/05/22;2300 UTC;;;;;;;;;;;;;;;;;;
2026/05/23;0000 UTC;;;;;;;;;;;;;;;;;;
2026/05/23;0100 UTC;;;;;;;;;;;;;;;;;;
2026/05/23;0200 UTC;;;;;;;;;;;;;;;;;;
2026/05/23;0300 UTC;;;;;;;;;;;;;;;;;;
2026/05/23;0400 UTC;;;;;;;;;;;;;;;;;;
2026/05/23;0500 UTC;;;;;;;;;;;;;;;;;;
2026/05/23;0600 UTC;;;;;;;;;;;;;;;;;;
2026/05/23;0700 UTC;;;;;;;;;;;;;;;;;;
2026/05/23;0800 UTC;;;;;;;;;;;;;;;;;;
2026/05/23;0900 UTC;;;;;;;;;;;;;;;;;;
2026/05/23;1000 UTC;;;;;;;;;;;;;;;;;;
2026/05/23;1100 UTC;;;;;;;;;;;;;;;;;;
2026/05/23;1200 UTC;;;;;;;;;;;;;;;;;;
2026/05/23;1300 UTC;;;;;;;;;;;;;;;;;;
2026/05/23;1400 UTC;;;;;;;;;;;;;;;;;;
2026/05/23;1500 UTC;;;;;;;;;;;;;;;;;;
2026/05/23;1600 UTC;;;;;;;;;;;;;;;;;;
2026/05/23;1700 UTC;;;;;;;;;;;;;;;;;;
2026/05/23;1800 UTC;;;;;;;;;;;;;;;;;;
2026/05/23;1900 UTC;;;;;;;;;;;;;;;;;;
2026/05/23;2000 UTC;;;;;;;;;;;;;;;;;;
2026/05/23;2100 UTC;;;;;;;;;;;;;;;;;;
2026/05/23;2200 UTC;;;;;;;;;;;;;;;;;;
2026/05/23;2300 UTC;;;;;;;;;;;;;;;;;;
2026/05/24;0000 UTC;;;;;;;;;;;;;;;;;;
2026/05/24;0100 UTC;;;;;;;;;;;;;;;;;;
2026/05/24;0200 UTC;;;;;;;;;;;;;;;;;;
2026/05/24;0300 UTC;;;;;;;;;;;;;;;;;;
2026/05/24;0400 UTC;;;;;;;;;;;;;;;;;;
2026/05/24;0500 UTC;;;;;;;;;;;;;;;;;;
2026/05/24;0600 UTC;;;;;;;;;;;;;;;;;;
2026/05/24;0700 UTC;;;;;;;;;;;;;;;;;;
2026/05/24;0800 UTC;;;;;;;;;;;;;;;;;;
2026/05/24;0900 UTC;;;;;;;;;;;;;;;;;;
2026/05/24;1000 UTC;;;;;;;;;;;;;;;;;;
2026/05/24;1100 UTC;;;;;;;;;;;;;;;;;;
2026/05/24;1200 UTC;;;;;;;;;;;;;;;;;;
2026/05/24;1300 UTC;;;;;;;;;;;;;;;;;;
2026/05/24;1400 UTC;;;;;;;;;;;;;;;;;;
2026/05/24;1500 UTC;;;;;;;;;;;;;;;;;;
2026/05/24;1600 UTC;;;;;;;;;;;;;;;;;;
2026/05/24;1700 UTC;;;;;;;;;;;;;;;;;;
2026/05/24;1800 UTC;;;;;;;;;;;;;;;;;;
2026/05/24;1900 UTC;;;;;;;;;;;;;;;;;;
2026/05/24;2000 UTC;;;;;;;;;;;;;;;;;;
2026/05/24;2100 UTC;;;;;;;;;;;;;;;;;;
2026/05/24;2200 UTC;;;;;;;;;;;;;;;;;;
2026/05/24;2300 UTC;;;;;;;;;;;;;;;;;;
2026/05/25;0000 UTC;;;;;;;;;;;;;;;;;;
2026/05/25;0100 UTC;;;;;;;;;;;;;;;;;;
2026/05/25;0200 UTC;;;;;;;;;;;;;;;;;;
2026/05/25;0300 UTC;;;;;;;;;;;;;;;;;;
2026/05/25;0400 UTC;;;;;;;;;;;;;;;;;;
2026/05/25;0500 UTC;;;;;;;;;;;;;;;;;;
2026/05/25;0600 UTC;;;;;;;;;;;;;;;;;;
2026/05/25;0700 UTC;;;;;;;;;;;;;;;;;;
2026/05/25;0800 UTC;;;;;;;;;;;;;;;;;;
2026/05/25;0900 UTC;;;;;;;;;;;;;;;;;;
2026/05/25;1000 UTC;;;;;;;;;;;;;;;;;;
2026/05/25;1100 UTC;;;;;;;;;;;;;;;;;;
2026/05/25;1200 UTC;;;;;;;;;;;;;;;;;;
2026/05/25;1300 UTC;;;;;;;;;;;;;;;;;;
2026/05/25;1400 UTC;;;;;;;;;;;;;;;;;;
2026/05/25;1500 UTC;;;;;;;;;;;;;;;;;;
2026/05/25;1600 UTC;;;;;;;;;;;;;;;;;;
2026/05/25;1700 UTC;;;;;;;;;;;;;;;;;;
2026/05/25;1800 UTC;;;;;;;;;;;;;;;;;;
2026/05/25;1900 UTC;;;;;;;;;;;;;;;;;;
2026/05/25;2000 UTC;;;;;;;;;;;;;;;;;;
2026/05/25;2100 UTC;;;;;;;;;;;;;;;;;;
2026/05/25;2200 UTC;;;;;;;;;;;;;;;;;;
2026/05/25;2300 UTC;;;;;;;;;;;;;;;;;;
2026/05/26;0000 UTC;;;;;;;;;;;;;;;;;;
2026/05/26;0100 UTC;;;;;;;;;;;;;;;;;;
2026/05/26;0200 UTC;;;;;;;;;;;;;;;;;;
2026/05/26;0300 UTC;;;;;;;;;;;;;;;;;;
2026/05/26;0400 UTC;;;;;;;;;;;;;;;;;;
2026/05/26;0500 UTC;;;;;;;;;;;;;;;;;;
2026/05/26;0600 UTC;;;;;;;;;;;;;;;;;;
2026/05/26;0700 UTC;;;;;;;;;;;;;;;;;;
2026/05/26;0800 UTC;;;;;;;;;;;;;;;;;;
2026/05/26;0900 UTC;;;;;;;;;;;;;;;;;;
2026/05/26;1000 UTC;;;;;;;;;;;;;;;;;;
2026/05/26;1100 UTC;;;;;;;;;;;;;;;;;;
2026/05/26;1200 UTC;;;;;;;;;;;;;;;;;;
2026/05/26;1300 UTC;;;;;;;;;;;;;;;;;;
2026/05/26;1400 UTC;;;;;;;;;;;;;;;;;;
2026/05/26;1500 UTC;;;;;;;;;;;;;;;;;;
2026/05/26;1600 UTC;;;;;;;;;;;;;;;;;;
2026/05/26;1700 UTC;;;;;;;;;;;;;;;;;;
2026/05/26;1800 UTC;;;;;;;;;;;;;;;;;;
2026/05/26;1900 UTC;;;;;;;;;;;;;;;;;;
2026/05/26;2000 UTC;;;;;;;;;;;;;;;;;;
2026/05/26;2100 UTC;;;;;;;;;;;;;;;;;;
2026/05/26;2200 UTC;;;;;;;;;;;;;;;;;;
2026/05/26;2300 UTC;;;;;;;;;;;;;;;;;;
2026/05/27;0000 UTC;;;;;;;;;;;;;;;;;;
2026/05/27;0100 UTC;;;;;;;;;;;;;;;;;;
2026/05/27;0200 UTC;;;;;;;;;;;;;;;;;;
2026/05/27;0300 UTC;;;;;;;;;;;;;;;;;;
2026/05/27;0400 UTC;;;;;;;;;;;;;;;;;;
2026/05/27;0500 UTC;;;;;;;;;;;;;;;;;;
2026/05/27;0600 UTC;;;;;;;;;;;;;;;;;;
2026/05/27;0700 UTC;;;;;;;;;;;;;;;;;;
2026/05/27;0800 UTC;;;;;;;;;;;;;;;;;;
2026/05/27;0900 UTC;;;;;;;;;;;;;;;;;;
2026/05/27;1000 UTC;;;;;;;;;;;;;;;;;;
2026/05/27;1100 UTC;;;;;;;;;;;;;;;;;;
2026/05/27;1200 UTC;;;;;;;;;;;;;;;;;;
2026/05/27;1300 UTC;;;;;;;;;;;;;;;;;;
2026/05/27;1400 UTC;;;;;;;;;;;;;;;;;;
2026/05/27;1500 UTC;;;;;;;;;;;;;;;;;;
2026/05/27;1600 UTC;;;;;;;;;;;;;;;;;;
2026/05/27;1700 UTC;;;;;;;;;;;;;;;;;;
2026/05/27;1800 UTC;;;;;;;;;;;;;;;;;;
2026/05/27;1900 UTC;;;;;;;;;;;;;;;;;;
2026/05/27;2000 UTC;;;;;;;;;;;;;;;;;;
2026/05/27;2100 UTC;;;;;;;;;;;;;;;;;;
2026/05/27;2200 UTC;;;;;;;;;;;;;;;;;;
2026/05/27;2300 UTC;;;;;;;;;;;;;;;;;;
2026/05/28;0000 UTC;;;;;;;;;;;;;;;;;;
2026/05/28;0100 UTC;;;;;;;;;;;;;;;;;;
2026/05/28;0200 UTC;;;;;;;;;;;;;;;;;;
2026/05/28;0300 UTC;;;;;;;;;;;;;;;;;;
2026/05/28;0400 UTC;;;;;;;;;;;;;;;;;;
2026/05/28;0500 UTC;;;;;;;;;;;;;;;;;;
2026/05/28;0600 UTC;;;;;;;;;;;;;;;;;;
2026/05/28;0700 UTC;;;;;;;;;;;;;;;;;;
2026/05/28;0800 UTC;;;;;;;;;;;;;;;;;;
2026/05/28;0900 UTC;;;;;;;;;;;;;;;;;;
2026/05/28;1000 UTC;;;;;;;;;;;;;;;;;;
2026/05/28;1100 UTC;;;;;;;;;;;;;;;;;;
2026/05/28;1200 UTC;;;;;;;;;;;;;;;;;;
2026/05/28;1300 UTC;;;;;;;;;;;;;;;;;;
2026/05/28;1400 UTC;;;;;;;;;;;;;;;;;;
2026/05/28;1500 UTC;;;;;;;;;;;;;;;;;;
2026/05/28;1600 UTC;;;;;;;;;;;;;;;;;;
2026/05/28;1700 UTC;;;;;;;;;;;;;;;;;;
2026/05/28;1800 UTC;;;;;;;;;;;;;;;;;;
2026/05/28;1900 UTC;;;;;;;;;;;;;;;;;;
2026/05/28;2000 UTC;;;;;;;;;;;;;;;;;;
2026/05/28;2100 UTC;;;;;;;;;;;;;;;;;;
2026/05/28;2200 UTC;;;;;;;;;;;;;;;;;;
2026/05/28;2300 UTC;;;;;;;;;;;;;;;;;;
2026/05/29;0000 UTC;;;;;;;;;;;;;;;;;;
2026/05/29;0100 UTC;;;;;;;;;;;;;;;;;;
2026/05/29;0200 UTC;;;;;;;;;;;;;;;;;;
2026/05/29;0300 UTC;;;;;;;;;;;;;;;;;;
2026/05/29;0400 UTC;;;;;;;;;;;;;;;;;;
2026/05/29;0500 UTC;;;;;;;;;;;;;;;;;;
2026/05/29;0600 UTC;;;;;;;;;;;;;;;;;;
2026/05/29;0700 UTC;;;;;;;;;;;;;;;;;;
2026/05/29;0800 UTC;;;;;;;;;;;;;;;;;;
2026/05/29;0900 UTC;;;;;;;;;;;;;;;;;;
2026/05/29;1000 UTC;;;;;;;;;;;;;;;;;;
2026/05/29;1100 UTC;;;;;;;;;;;;;;;;;;
2026/05/29;1200 UTC;;;;;;;;;;;;;;;;;;
2026/05/29;1300 UTC;;;;;;;;;;;;;;;;;;
2026/05/29;1400 UTC;;;;;;;;;;;;;;;;;;
2026/05/29;1500 UTC;;;;;;;;;;;;;;;;;;
2026/05/29;1600 UTC;;;;;;;;;;;;;;;;;;
2026/05/29;1700 UTC;;;;;;;;;;;;;;;;;;
2026/05/29;1800 UTC;;;;;;;;;;;;;;;;;;
2026/05/29;1900 UTC;;;;;;;;;;;;;;;;;;
2026/05/29;2000 UTC;;;;;;;;;;;;;;;;;;
2026/05/29;2100 UTC;;;;;;;;;;;;;;;;;;
2026/05/29;2200 UTC;;;;;;;;;;;;;;;;;;
2026/05/29;2300 UTC;;;;;;;;;;;;;;;;;;
2026/05/30;0000 UTC;;;;;;;;;;;;;;;;;;
2026/05/30;0100 UTC;;;;;;;;;;;;;;;;;;
2026/05/30;0200 UTC;;;;;;;;;;;;;;;;;;
2026/05/30;0300 UTC;;;;;;;;;;;;;;;;;;
2026/05/30;0400 UTC;;;;;;;;;;;;;;;;;;
2026/05/30;0500 UTC;;;;;;;;;;;;;;;;;;
2026/05/30;0600 UTC;;;;;;;;;;;;;;;;;;
2026/05/30;0700 UTC;;;;;;;;;;;;;;;;;;
2026/05/30;0800 UTC;;;;;;;;;;;;;;;;;;
2026/05/30;0900 UTC;;;;;;;;;;;;;;;;;;
2026/05/30;1000 UTC;;;;;;;;;;;;;;;;;;
2026/05/30;1100 UTC;;;;;;;;;;;;;;;;;;
2026/05/30;1200 UTC;;;;;;;;;;;;;;;;;;
2026/05/30;1300 UTC;;;;;;;;;;;;;;;;;;
2026/05/30;1400 UTC;;;;;;;;;;;;;;;;;;
2026/05/30;1500 UTC;;;;;;;;;;;;;;;;;;
2026/05/30;1600 UTC;;;;;;;;;;;;;;;;;;
2026/05/30;1700 UTC;;;;;;;;;;;;;;;;;;
2026/05/30;1800 UTC;;;;;;;;;;;;;;;;;;
2026/05/30;1900 UTC;;;;;;;;;;;;;;;;;;
2026/05/30;2000 UTC;;;;;;;;;;;;;;;;;;
2026/05/30;2100 UTC;;;;;;;;;;;;;;;;;;
2026/05/30;2200 UTC;;;;;;;;;;;;;;;;;;
2026/05/30;2300 UTC;;;;;;;;;;;;;;;;;;
2026/05/31;0000 UTC;;;;;;;;;;;;;;;;;;
2026/05/31;0100 UTC;;;;;;;;;;;;;;;;;;
2026/05/31;0200 UTC;;;;;;;;;;;;;;;;;;
2026/05/31;0300 UTC;;;;;;;;;;;;;;;;;;
2026/05/31;0400 UTC;;;;;;;;;;;;;;;;;;
2026/05/31;0500 UTC;;;;;;;;;;;;;;;;;;
2026/05/31;0600 UTC;;;;;;;;;;;;;;;;;;
2026/05/31;0700 UTC;;;;;;;;;;;;;;;;;;
2026/05/31;0800 UTC;;;;;;;;;;;;;;;;;;
2026/05/31;0900 UTC;;;;;;;;;;;;;;;;;;
2026/05/31;1000 UTC;;;;;;;;;;;;;;;;;;
2026/05/31;1100 UTC;;;;;;;;;;;;;;;;;;
2026/05/31;1200 UTC;;;;;;;;;;;;;;;;;;
2026/05/31;1300 UTC;;;;;;;;;;;;;;;;;;
2026/05/31;1400 UTC;;;;;;;;;;;;;;;;;;
2026/05/31;1500 UTC;;;;;;;;;;;;;;;;;;
2026/05/31;1600 UTC;;;;;;;;;;;;;;;;;;
2026/05/31;1700 UTC;;;;;;;;;;;;;;;;;;
2026/05/31;1800 UTC;;;;;;;;;;;;;;;;;;
2026/05/31;1900 UTC;;;;;;;;;;;;;;;;;;
2026/05/31;2000 UTC;;;;;;;;;;;;;;;;;;
2026/05/31;2100 UTC;;;;;;;;;;;;;;;;;;
2026/05/31;2200 UTC;;;;;;;;;;;;;;;;;;
2026/05/31;2300 UTC;;;;;;;;;;;;;;;;;;
2026/06/01;0000 UTC;;;;;;;;;;;;;;;;;;
2026/06/01;0100 UTC;;;;;;;;;;;;;;;;;;
2026/06/01;0200 UTC;;;;;;;;;;;;;;;;;;
2026/06/01;0300 UTC;;;;;;;;;;;;;;;;;;
2026/06/01;0400 UTC;;;;;;;;;;;;;;;;;;
2026/06/01;0500 UTC;;;;;;;;;;;;;;;;;;
2026/06/01;0600 UTC;;;;;;;;;;;;;;;;;;
2026/06/01;0700 UTC;;;;;;;;;;;;;;;;;;
2026/06/01;0800 UTC;;;;;;;;;;;;;;;;;;
2026/06/01;0900 UTC;;;;;;;;;;;;;;;;;;
2026/06/01;1000 UTC;;;;;;;;;;;;;;;;;;
2026/06/01;1100 UTC;;;;;;;;;;;;;;;;;;
2026/06/01;1200 UTC;;;;;;;;;;;;;;;;;;
2026/06/01;1300 UTC;;;;;;;;;;;;;;;;;;
2026/06/01;1400 UTC;;;;;;;;;;;;;;;;;;
2026/06/01;1500 UTC;;;;;;;;;;;;;;;;;;
2026/06/01;1600 UTC;;;;;;;;;;;;;;;;;;
2026/06/01;1700 UTC;;;;;;;;;;;;;;;;;;
2026/06/01;1800 UTC;;;;;;;;;;;;;;;;;;
2026/06/01;1900 UTC;;;;;;;;;;;;;;;;;;
2026/06/01;2000 UTC;;;;;;;;;;;;;;;;;;
2026/06/01;2100 UTC;;;;;;;;;;;;;;;;;;
2026/06/01;2200 UTC;;;;;;;;;;;;;;;;;;
2026/06/01;2300 UTC;;;;;;;;;;;;;;;;;;
2026/06/02;0000 UTC;;;;;;;;;;;;;;;;;;
2026/06/02;0100 UTC;;;;;;;;;;;;;;;;;;
2026/06/02;0200 UTC;;;;;;;;;;;;;;;;;;
2026/06/02;0300 UTC;;;;;;;;;;;;;;;;;;
2026/06/02;0400 UTC;;;;;;;;;;;;;;;;;;
2026/06/02;0500 UTC;;;;;;;;;;;;;;;;;;
2026/06/02;0600 UTC;;;;;;;;;;;;;;;;;;
2026/06/02;0700 UTC;;;;;;;;;;;;;;;;;;
2026/06/02;0800 UTC;;;;;;;;;;;;;;;;;;
2026/06/02;0900 UTC;;;;;;;;;;;;;;;;;;
2026/06/02;1000 UTC;;;;;;;;;;;;;;;;;;
2026/06/02;1100 UTC;;;;;;;;;;;;;;;;;;
2026/06/02;1200 UTC;;;;;;;;;;;;;;;;;;
2026/06/02;1300 UTC;;;;;;;;;;;;;;;;;;
2026/06/02;1400 UTC;;;;;;;;;;;;;;;;;;
2026/06/02;1500 UTC;;;;;;;;;;;;;;;;;;
2026/06/02;1600 UTC;;;;;;;;;;;;;;;;;;
2026/06/02;1700 UTC;;;;;;;;;;;;;;;;;;
2026/06/02;1800 UTC;;;;;;;;;;;;;;;;;;
2026/06/02;1900 UTC;;;;;;;;;;;;;;;;;;
2026/06/02;2000 UTC;;;;;;;;;;;;;;;;;;
2026/06/02;2100 UTC;;;;;;;;;;;;;;;;;;
2026/06/02;2200 UTC;;;;;;;;;;;;;;;;;;
2026/06/02;2300 UTC;;;;;;;;;;;;;;;;;;
2026/06/03;0000 UTC;;;;;;;;;;;;;;;;;;
2026/06/03;0100 UTC;;;;;;;;;;;;;;;;;;
2026/06/03;0200 UTC;;;;;;;;;;;;;;;;;;
2026/06/03;0300 UTC;;;;;;;;;;;;;;;;;;
2026/06/03;0400 UTC;;;;;;;;;;;;;;;;;;
2026/06/03;0500 UTC;;;;;;;;;;;;;;;;;;
2026/06/03;0600 UTC;;;;;;;;;;;;;;;;;;
2026/06/03;0700 UTC;;;;;;;;;;;;;;;;;;
2026/06/03;0800 UTC;;;;;;;;;;;;;;;;;;
2026/06/03;0900 UTC;;;;;;;;;;;;;;;;;;
2026/06/03;1000 UTC;;;;;;;;;;;;;;;;;;
2026/06/03;1100 UTC;;;;;;;;;;;;;;;;;;
2026/06/03;1200 UTC;;;;;;;;;;;;;;;;;;
2026/06/03;1300 UTC;;;;;;;;;;;;;;;;;;
2026/06/03;1400 UTC;;;;;;;;;;;;;;;;;;
2026/06/03;1500 UTC;;;;;;;;;;;;;;;;;;
2026/06/03;1600 UTC;;;;;;;;;;;;;;;;;;
2026/06/03;1700 UTC;;;;;;;;;;;;;;;;;;
2026/06/03;1800 UTC;;;;;;;;;;;;;;;;;;
2026/06/03;1900 UTC;;;;;;;;;;;;;;;;;;
2026/06/03;2000 UTC;;;;;;;;;;;;;;;;;;
2026/06/03;2100 UTC;;;;;;;;;;;;;;;;;;
2026/06/03;2200 UTC;;;;;;;;;;;;;;;;;;
2026/06/03;2300 UTC;;;;;;;;;;;;;;;;;;
2026/06/04;0000 UTC;;;;;;;;;;;;;;;;;;
2026/06/04;0100 UTC;;;;;;;;;;;;;;;;;;
2026/06/04;0200 UTC;;;;;;;;;;;;;;;;;;
2026/06/04;0300 UTC;;;;;;;;;;;;;;;;;;
2026/06/04;0400 UTC;;;;;;;;;;;;;;;;;;
2026/06/04;0500 UTC;;;;;;;;;;;;;;;;;;
2026/06/04;0600 UTC;;;;;;;;;;;;;;;;;;
2026/06/04;0700 UTC;;;;;;;;;;;;;;;;;;
2026/06/04;0800 UTC;;;;;;;;;;;;;;;;;;
2026/06/04;0900 UTC;;;;;;;;;;;;;;;;;;
2026/06/04;1000 UTC;;;;;;;;;;;;;;;;;;
2026/06/04;1100 UTC;;;;;;;;;;;;;;;;;;
2026/06/04;1200 UTC;;;;;;;;;;;;;;;;;;
2026/06/04;1300 UTC;;;;;;;;;;;;;;;;;;
2026/06/04;1400 UTC;;;;;;;;;;;;;;;;;;
2026/06/04;1500 UTC;;;;;;;;;;;;;;;;;;
2026/06/04;1600 UTC;;;;;;;;;;;;;;;;;;
2026/06/04;1700 UTC;;;;;;;;;;;;;;;;;;
2026/06/04;1800 UTC;;;;;;;;;;;;;;;;;;
2026/06/04;1900 UTC;;;;;;;;;;;;;;;;;;
2026/06/04;2000 UTC;;;;;;;;;;;;;;;;;;
2026/06/04;2100 UTC;;;;;;;;;;;;;;;;;;
2026/06/04;2200 UTC;;;;;;;;;;;;;;;;;;
2026/06/04;2300 UTC;;;;;;;;;;;;;;;;;;
2026/06/05;0000 UTC;;;;;;;;;;;;;;;;;;
2026/06/05;0100 UTC;;;;;;;;;;;;;;;;;;
2026/06/05;0200 UTC;;;;;;;;;;;;;;;;;;
2026/06/05;0300 UTC;;;;;;;;;;;;;;;;;;
2026/06/05;0400 UTC;;;;;;;;;;;;;;;;;;
2026/06/05;0500 UTC;;;;;;;;;;;;;;;;;;
2026/06/05;0600 UTC;;;;;;;;;;;;;;;;;;
2026/06/05;0700 UTC;;;;;;;;;;;;;;;;;;
2026/06/05;0800 UTC;;;;;;;;;;;;;;;;;;
2026/06/05;0900 UTC;;;;;;;;;;;;;;;;;;
2026/06/05;1000 UTC;;;;;;;;;;;;;;;;;;
2026/06/05;1100 UTC;;;;;;;;;;;;;;;;;;
2026/06/05;1200 UTC;;;;;;;;;;;;;;;;;;
2026/06/05;1300 UTC;;;;;;;;;;;;;;;;;;
2026/06/05;1400 UTC;;;;;;;;;;;;;;;;;;
2026/06/05;1500 UTC;;;;;;;;;;;;;;;;;;
2026/06/05;1600 UTC;;;;;;;;;;;;;;;;;;
2026/06/05;1700 UTC;;;;;;;;;;;;;;;;;;
2026/06/05;1800 UTC;;;;;;;;;;;;;;;;;;
2026/06/05;1900 UTC;;;;;;;;;;;;;;;;;;
2026/06/05;2000 UTC;;;;;;;;;;;;;;;;;;
2026/06/05;2100 UTC;;;;;;;;;;;;;;;;;;
2026/06/05;2200 UTC;;;;;;;;;;;;;;;;;;
2026/06/05;2300 UTC;;;;;;;;;;;;;;;;;;
2026/06/06;0000 UTC;;;;;;;;;;;;;;;;;;
2026/06/06;0100 UTC;;;;;;;;;;;;;;;;;;
2026/06/06;0200 UTC;;;;;;;;;;;;;;;;;;
2026/06/06;0300 UTC;;;;;;;;;;;;;;;;;;
2026/06/06;0400 UTC;;;;;;;;;;;;;;;;;;
2026/06/06;0500 UTC;;;;;;;;;;;;;;;;;;
2026/06/06;0600 UTC;;;;;;;;;;;;;;;;;;
2026/06/06;0700 UTC;;;;;;;;;;;;;;;;;;
2026/06/06;0800 UTC;;;;;;;;;;;;;;;;;;
2026/06/06;0900 UTC;;;;;;;;;;;;;;;;;;
2026/06/06;1000 UTC;;;;;;;;;;;;;;;;;;
2026/06/06;1100 UTC;;;;;;;;;;;;;;;;;;
2026/06/06;1200 UTC;;;;;;;;;;;;;;;;;;
2026/06/06;1300 UTC;;;;;;;;;;;;;;;;;;
2026/06/06;1400 UTC;;;;;;;;;;;;;;;;;;
2026/06/06;1500 UTC;;;;;;;;;;;;;;;;;;
2026/06/06;1600 UTC;;;;;;;;;;;;;;;;;;
2026/06/06;1700 UTC;;;;;;;;;;;;;;;;;;
2026/06/06;1800 UTC;;;;;;;;;;;;;;;;;;
2026/06/06;1900 UTC;;;;;;;;;;;;;;;;;;
2026/06/06;2000 UTC;;;;;;;;;;;;;;;;;;
2026/06/06;2100 UTC;;;;;;;;;;;;;;;;;;
2026/06/06;2200 UTC;;;;;;;;;;;;;;;;;;
2026/06/06;2300 UTC;;;;;;;;;;;;;;;;;;
2026/06/07;0000 UTC;;;;;;;;;;;;;;;;;;
2026/06/07;0100 UTC;;;;;;;;;;;;;;;;;;
2026/06/07;0200 UTC;;;;;;;;;;;;;;;;;;
2026/06/07;0300 UTC;;;;;;;;;;;;;;;;;;
2026/06/07;0400 UTC;;;;;;;;;;;;;;;;;;
2026/06/07;0500 UTC;;;;;;;;;;;;;;;;;;
2026/06/07;0600 UTC;;;;;;;;;;;;;;;;;;
2026/06/07;0700 UTC;;;;;;;;;;;;;;;;;;
2026/06/07;0800 UTC;;;;;;;;;;;;;;;;;;
2026/06/07;0900 UTC;;;;;;;;;;;;;;;;;;
2026/06/07;1000 UTC;;;;;;;;;;;;;;;;;;
2026/06/07;1100 UTC;;;;;;;;;;;;;;;;;;
2026/06/07;1200 UTC;;;;;;;;;;;;;;;;;;
2026/06/07;1300 UTC;;;;;;;;;;;;;;;;;;
2026/06/07;1400 UTC;;;;;;;;;;;;;;;;;;
2026/06/07;1500 UTC;;;;;;;;;;;;;;;;;;
2026/06/07;1600 UTC;;;;;;;;;;;;;;;;;;
2026/06/07;1700 UTC;;;;;;;;;;;;;;;;;;
2026/06/07;1800 UTC;;;;;;;;;;;;;;;;;;
2026/06/07;1900 UTC;;;;;;;;;;;;;;;;;;
2026/06/07;2000 UTC;;;;;;;;;;;;;;;;;;
2026/06/07;2100 UTC;;;;;;;;;;;;;;;;;;
2026/06/07;2200 UTC;;;;;;;;;;;;;;;;;;
2026/06/07;2300 UTC;;;;;;;;;;;;;;;;;;
2026/06/08;0000 UTC;;;;;;;;;;;;;;;;;;
2026/06/08;0100 UTC;;;;;;;;;;;;;;;;;;
2026/06/08;0200 UTC;;;;;;;;;;;;;;;;;;
2026/06/08;0300 UTC;;;;;;;;;;;;;;;;;;
2026/06/08;0400 UTC;;;;;;;;;;;;;;;;;;
2026/06/08;0500 UTC;;;;;;;;;;;;;;;;;;
2026/06/08;0600 UTC;;;;;;;;;;;;;;;;;;
2026/06/08;0700 UTC;;;;;;;;;;;;;;;;;;
2026/06/08;0800 UTC;;;;;;;;;;;;;;;;;;
2026/06/08;0900 UTC;;;;;;;;;;;;;;;;;;
2026/06/08;1000 UTC;;;;;;;;;;;;;;;;;;
2026/06/08;1100 UTC;;;;;;;;;;;;;;;;;;
2026/06/08;1200 UTC;;;;;;;;;;;;;;;;;;
2026/06/08;1300 UTC;;;;;;;;;;;;;;;;;;
2026/06/08;1400 UTC;;;;;;;;;;;;;;;;;;
2026/06/08;1500 UTC;;;;;;;;;;;;;;;;;;
2026/06/08;1600 UTC;;;;;;;;;;;;;;;;;;
2026/06/08;1700 UTC;;;;;;;;;;;;;;;;;;
2026/06/08;1800 UTC;;;;;;;;;;;;;;;;;;
2026/06/08;1900 UTC;;;;;;;;;;;;;;;;;;
2026/06/08;2000 UTC;;;;;;;;;;;;;;;;;;
2026/06/08;2100 UTC;;;;;;;;;;;;;;;;;;
2026/06/08;2200 UTC;;;;;;;;;;;;;;;;;;
2026/06/08;2300 UTC;;;;;;;;;;;;;;;;;;
2026/06/09;0000 UTC;;;;;;;;;;;;;;;;;;
2026/06/09;0100 UTC;;;;;;;;;;;;;;;;;;
2026/06/09;0200 UTC;;;;;;;;;;;;;;;;;;
2026/06/09;0300 UTC;;;;;;;;;;;;;;;;;;
2026/06/09;0400 UTC;;;;;;;;;;;;;;;;;;
2026/06/09;0500 UTC;;;;;;;;;;;;;;;;;;
2026/06/09;0600 UTC;;;;;;;;;;;;;;;;;;
2026/06/09;0700 UTC;;;;;;;;;;;;;;;;;;
2026/06/09;0800 UTC;;;;;;;;;;;;;;;;;;
2026/06/09;0900 UTC;;;;;;;;;;;;;;;;;;
2026/06/09;1000 UTC;;;;;;;;;;;;;;;;;;
2026/06/09;1100 UTC;;;;;;;;;;;;;;;;;;
2026/06/09;1200 UTC;;;;;;;;;;;;;;;;;;
2026/06/09;1300 UTC;;;;;;;;;;;;;;;;;;
2026/06/09;1400 UTC;;;;;;;;;;;;;;;;;;
2026/06/09;1500 UTC;;;;;;;;;;;;;;;;;;
2026/06/09;1600 UTC;;;;;;;;;;;;;;;;;;
2026/06/09;1700 UTC;;;;;;;;;;;;;;;;;;
2026/06/09;1800 UTC;;;;;;;;;;;;;;;;;;
2026/06/09;1900 UTC;;;;;;;;;;;;;;;;;;
2026/06/09;2000 UTC;;;;;;;;;;;;;;;;;;
2026/06/09;2100 UTC;;;;;;;;;;;;;;;;;;
2026/06/09;2200 UTC;;;;;;;;;;;;;;;;;;
2026/06/09;2300 UTC;;;;;;;;;;;;;;;;;;
2026/06/10;0000 UTC;;;;;;;;;;;;;;;;;;
2026/06/10;0100 UTC;;;;;;;;;;;;;;;;;;
2026/06/10;0200 UTC;;;;;;;;;;;;;;;;;;
2026/06/10;0300 UTC;;;;;;;;;;;;;;;;;;
2026/06/10;0400 UTC;;;;;;;;;;;;;;;;;;
2026/06/10;0500 UTC;;;;;;;;;;;;;;;;;;
2026/06/10;0600 UTC;;;;;;;;;;;;;;;;;;
2026/06/10;0700 UTC;;;;;;;;;;;;;;;;;;
2026/06/10;0800 UTC;;;;;;;;;;;;;;;;;;
2026/06/10;0900 UTC;;;;;;;;;;;;;;;;;;
2026/06/10;1000 UTC;;;;;;;;;;;;;;;;;;
2026/06/10;1100 UTC;;;;;;;;;;;;;;;;;;
2026/06/10;1200 UTC;;;;;;;;;;;;;;;;;;
2026/06/10;1300 UTC;;;;;;;;;;;;;;;;;;
2026/06/10;1400 UTC;;;;;;;;;;;;;;;;;;
2026/06/10;1500 UTC;;;;;;;;;;;;;;;;;;
2026/06/10;1600 UTC;;;;;;;;;;;;;;;;;;
2026/06/10;1700 UTC;;;;;;;;;;;;;;;;;;
2026/06/10;1800 UTC;;;;;;;;;;;;;;;;;;
2026/06/10;1900 UTC;;;;;;;;;;;;;;;;;;
2026/06/10;2000 UTC;;;;;;;;;;;;;;;;;;
2026/06/10;2100 UTC;;;;;;;;;;;;;;;;;;
2026/06/10;2200 UTC;;;;;;;;;;;;;;;;;;
2026/06/10;2300 UTC;;;;;;;;;;;;;;;;;;
2026/06/11;0000 UTC;;;;;;;;;;;;;;;;;;
2026/06/11;0100 UTC;;;;;;;;;;;;;;;;;;
2026/06/11;0200 UTC;;;;;;;;;;;;;;;;;;
2026/06/11;0300 UTC;;;;;;;;;;;;;;;;;;
2026/06/11;0400 UTC;;;;;;;;;;;;;;;;;;
2026/06/11;0500 UTC;;;;;;;;;;;;;;;;;;
2026/06/11;0600 UTC;;;;;;;;;;;;;;;;;;
2026/06/11;0700 UTC;;;;;;;;;;;;;;;;;;
2026/06/11;0800 UTC;;;;;;;;;;;;;;;;;;
2026/06/11;0900 UTC;;;;;;;;;;;;;;;;;;
2026/06/11;1000 UTC;;;;;;;;;;;;;;;;;;
2026/06/11;1100 UTC;;;;;;;;;;;;;;;;;;
2026/06/11;1200 UTC;;;;;;;;;;;;;;;;;;
2026/06/11;1300 UTC;;;;;;;;;;;;;;;;;;
2026/06/11;1400 UTC;;;;;;;;;;;;;;;;;;
2026/06/11;1500 UTC;;;;;;;;;;;;;;;;;;
2026/06/11;1600 UTC;;;;;;;;;;;;;;;;;;
2026/06/11;1700 UTC;;;;;;;;;;;;;;;;;;
2026/06/11;1800 UTC;;;;;;;;;;;;;;;;;;
2026/06/11;1900 UTC;;;;;;;;;;;;;;;;;;
2026/06/11;2000 UTC;;;;;;;;;;;;;;;;;;
2026/06/11;2100 UTC;;;;;;;;;;;;;;;;;;
2026/06/11;2200 UTC;;;;;;;;;;;;;;;;;;
2026/06/11;2300 UTC;;;;;;;;;;;;;;;;;;
2026/06/12;0000 UTC;;;;;;;;;;;;;;;;;;
2026/06/12;0100 UTC;;;;;;;;;;;;;;;;;;
2026/06/12;0200 UTC;;;;;;;;;;;;;;;;;;
2026/06/12;0300 UTC;;;;;;;;;;;;;;;;;;
2026/06/12;0400 UTC;;;;;;;;;;;;;;;;;;
2026/06/12;0500 UTC;;;;;;;;;;;;;;;;;;
2026/06/12;0600 UTC;;;;;;;;;;;;;;;;;;
2026/06/12;0700 UTC;;;;;;;;;;;;;;;;;;
2026/06/12;0800 UTC;;;;;;;;;;;;;;;;;;
2026/06/12;0900 UTC;;;;;;;;;;;;;;;;;;
2026/06/12;1000 UTC;;;;;;;;;;;;;;;;;;
2026/06/12;1100 UTC;;;;;;;;;;;;;;;;;;
2026/06/12;1200 UTC;;;;;;;;;;;;;;;;;;
2026/06/12;1300 UTC;;;;;;;;;;;;;;;;;;
2026/06/12;1400 UTC;;;;;;;;;;;;;;;;;;
2026/06/12;1500 UTC;;;;;;;;;;;;;;;;;;
2026/06/12;1600 UTC;;;;;;;;;;;;;;;;;;
2026/06/12;1700 UTC;;;;;;;;;;;;;;;;;;
2026/06/12;1800 UTC;;;;;;;;;;;;;;;;;;
2026/06/12;1900 UTC;;;;;;;;;;;;;;;;;;
2026/06/12;2000 UTC;;;;;;;;;;;;;;;;;;
2026/06/12;2100 UTC;;;;;;;;;;;;;;;;;;
2026/06/12;2200 UTC;;;;;;;;;;;;;;;;;;
2026/06/12;2300 UTC;;;;;;;;;;;;;;;;;;
2026/06/13;0000 UTC;;;;;;;;;;;;;;;;;;
2026/06/13;0100 UTC;;;;;;;;;;;;;;;;;;
2026/06/13;0200 UTC;;;;;;;;;;;;;;;;;;
2026/06/13;0300 UTC;;;;;;;;;;;;;;;;;;
2026/06/13;0400 UTC;;;;;;;;;;;;;;;;;;
2026/06/13;0500 UTC;;;;;;;;;;;;;;;;;;
2026/06/13;0600 UTC;;;;;;;;;;;;;;;;;;
2026/06/13;0700 UTC;;;;;;;;;;;;;;;;;;
2026/06/13;0800 UTC;;;;;;;;;;;;;;;;;;
2026/06/13;0900 UTC;;;;;;;;;;;;;;;;;;
2026/06/13;1000 UTC;;;;;;;;;;;;;;;;;;
2026/06/13;1100 UTC;;;;;;;;;;;;;;;;;;
2026/06/13;1200 UTC;;;;;;;;;;;;;;;;;;
2026/06/13;1300 UTC;;;;;;;;;;;;;;;;;;
2026/06/13;1400 UTC;;;;;;;;;;;;;;;;;;
2026/06/13;1500 UTC;;;;;;;;;;;;;;;;;;
2026/06/13;1600 UTC;;;;;;;;;;;;;;;;;;
2026/06/13;1700 UTC;;;;;;;;;;;;;;;;;;
2026/06/13;1800 UTC;;;;;;;;;;;;;;;;;;
2026/06/13;1900 UTC;;;;;;;;;;;;;;;;;;
2026/06/13;2000 UTC;;;;;;;;;;;;;;;;;;
2026/06/13;2100 UTC;;;;;;;;;;;;;;;;;;
2026/06/13;2200 UTC;;;;;;;;;;;;;;;;;;
2026/06/13;2300 UTC;;;;;;;;;;;;;;;;;;
2026/06/14;0000 UTC;;;;;;;;;;;;;;;;;;
2026/06/14;0100 UTC;;;;;;;;;;;;;;;;;;
2026/06/14;0200 UTC;;;;;;;;;;;;;;;;;;
2026/06/14;0300 UTC;;;;;;;;;;;;;;;;;;
2026/06/14;0400 UTC;;;;;;;;;;;;;;;;;;
2026/06/14;0500 UTC;;;;;;;;;;;;;;;;;;
2026/06/14;0600 UTC;;;;;;;;;;;;;;;;;;
2026/06/14;0700 UTC;;;;;;;;;;;;;;;;;;
2026/06/14;0800 UTC;;;;;;;;;;;;;;;;;;
2026/06/14;0900 UTC;;;;;;;;;;;;;;;;;;
2026/06/14;1000 UTC;;;;;;;;;;;;;;;;;;
2026/06/14;1100 UTC;;;;;;;;;;;;;;;;;;
2026/06/14;1200 UTC;;;;;;;;;;;;;;;;;;
2026/06/14;1300 UTC;;;;;;;;;;;;;;;;;;
2026/06/14;1400 UTC;;;;;;;;;;;;;;;;;;
2026/06/14;1500 UTC;;;;;;;;;;;;;;;;;;
2026/06/14;1600 UTC;;;;;;;;;;;;;;;;;;
2026/06/14;1700 UTC;;;;;;;;;;;;;;;;;;
2026/06/14;1800 UTC;;;;;;;;;;;;;;;;;;
2026/06/14;1900 UTC;;;;;;;;;;;;;;;;;;
2026/06/14;2000 UTC;;;;;;;;;;;;;;;;;;
2026/06/14;2100 UTC;;;;;;;;;;;;;;;;;;
2026/06/14;2200 UTC;;;;;;;;;;;;;;;;;;
2026/06/14;2300 UTC;;;;;;;;;;;;;;;;;;
2026/06/15;0000 UTC;;;;;;;;;;;;;;;;;;
2026/06/15;0100 UTC;;;;;;;;;;;;;;;;;;
2026/06/15;0200 UTC;;;;;;;;;;;;;;;;;;
2026/06/15;0300 UTC;;;;;;;;;;;;;;;;;;
2026/06/15;0400 UTC;;;;;;;;;;;;;;;;;;
2026/06/15;0500 UTC;;;;;;;;;;;;;;;;;;
2026/06/15;0600 UTC;;;;;;;;;;;;;;;;;;
2026/06/15;0700 UTC;;;;;;;;;;;;;;;;;;
2026/06/15;0800 UTC;;;;;;;;;;;;;;;;;;
2026/06/15;0900 UTC;;;;;;;;;;;;;;;;;;
2026/06/15;1000 UTC;;;;;;;;;;;;;;;;;;
2026/06/15;1100 UTC;;;;;;;;;;;;;;;;;;
2026/06/15;1200 UTC;;;;;;;;;;;;;;;;;;
2026/06/15;1300 UTC;;;;;;;;;;;;;;;;;;
2026/06/15;1400 UTC;;;;;;;;;;;;;;;;;;
2026/06/15;1500 UTC;;;;;;;;;;;;;;;;;;
2026/06/15;1600 UTC;;;;;;;;;;;;;;;;;;
2026/06/15;1700 UTC;;;;;;;;;;;;;;;;;;
2026/06/15;1800 UTC;;;;;;;;;;;;;;;;;;
2026/06/15;1900 UTC;;;;;;;;;;;;;;;;;;
2026/06/15;2000 UTC;;;;;;;;;;;;;;;;;;
2026/06/15;2100 UTC;;;;;;;;;;;;;;;;;;
2026/06/15;2200 UTC;;;;;;;;;;;;;;;;;;
2026/06/15;2300 UTC;;;;;;;;;;;;;;;;;;
2026/06/16;0000 UTC;;;;;;;;;;;;;;;;;;
2026/06/16;0100 UTC;;;;;;;;;;;;;;;;;;
2026/06/16;0200 UTC;;;;;;;;;;;;;;;;;;
2026/06/16;0300 UTC;;;;;;;;;;;;;;;;;;
2026/06/16;0400 UTC;;;;;;;;;;;;;;;;;;
2026/06/16;0500 UTC;;;;;;;;;;;;;;;;;;
2026/06/16;0600 UTC;;;;;;;;;;;;;;;;;;
2026/06/16;0700 UTC;;;;;;;;;;;;;;;;;;
2026/06/16;0800 UTC;;;;;;;;;;;;;;;;;;
2026/06/16;0900 UTC;;;;;;;;;;;;;;;;;;
2026/06/16;1000 UTC;;;;;;;;;;;;;;;;;;
2026/06/16;1100 UTC;;;;;;;;;;;;;;;;;;
2026/06/16;1200 UTC;;;;;;;;;;;;;;;;;;
2026/06/16;1300 UTC;;;;;;;;;;;;;;;;;;
2026/06/16;1400 UTC;;;;;;;;;;;;;;;;;;
2026/06/16;1500 UTC;;;;;;;;;;;;;;;;;;
2026/06/16;1600 UTC;;;;;;;;;;;;;;;;;;
2026/06/16;1700 UTC;;;;;;;;;;;;;;;;;;
2026/06/16;1800 UTC;;;;;;;;;;;;;;;;;;
2026/06/16;1900 UTC;;;;;;;;;;;;;;;;;;
2026/06/16;2000 UTC;;;;;;;;;;;;;;;;;;
2026/06/16;2100 UTC;;;;;;;;;;;;;;;;;;
2026/06/16;2200 UTC;;;;;;;;;;;;;;;;;;
2026/06/16;2300 UTC;;;;;;;;;;;;;;;;;;
2026/06/17;0000 UTC;;;;;;;;;;;;;;;;;;
2026/06/17;0100 UTC;;;;;;;;;;;;;;;;;;
2026/06/17;0200 UTC;;;;;;;;;;;;;;;;;;
2026/06/17;0300 UTC;;;;;;;;;;;;;;;;;;
2026/06/17;0400 UTC;;;;;;;;;;;;;;;;;;
2026/06/17;0500 UTC;;;;;;;;;;;;;;;;;;
2026/06/17;0600 UTC;;;;;;;;;;;;;;;;;;
2026/06/17;0700 UTC;;;;;;;;;;;;;;;;;;
2026/06/17;0800 UTC;;;;;;;;;;;;;;;;;;
2026/06/17;0900 UTC;;;;;;;;;;;;;;;;;;
2026/06/17;1000 UTC;;;;;;;;;;;;;;;;;;
2026/06/17;1100 UTC;;;;;;;;;;;;;;;;;;
2026/06/17;1200 UTC;;;;;;;;;;;;;;;;;;
2026/06/17;1300 UTC;;;;;;;;;;;;;;;;;;
2026/06/17;1400 UTC;;;;;;;;;;;;;;;;;;
2026/06/17;1500 UTC;;;;;;;;;;;;;;;;;;
2026/06/17;1600 UTC;;;;;;;;;;;;;;;;;;
2026/06/17;1700 UTC;;;;;;;;;;;;;;;;;;
2026/06/17;1800 UTC;;;;;;;;;;;;;;;;;;
2026/06/17;1900 UTC;;;;;;;;;;;;;;;;;;
2026/06/17;2000 UTC;;;;;;;;;;;;;;;;;;
2026/06/17;2100 UTC;;;;;;;;;;;;;;;;;;
2026/06/17;2200 UTC;;;;;;;;;;;;;;;;;;
2026/06/17;2300 UTC;;;;;;;;;;;;;;;;;;
2026/06/18;0000 UTC;;;;;;;;;;;;;;;;;;
2026/06/18;0100 UTC;;;;;;;;;;;;;;;;;;
2026/06/18;0200 UTC;;;;;;;;;;;;;;;;;;
2026/06/18;0300 UTC;;;;;;;;;;;;;;;;;;
2026/06/18;0400 UTC;;;;;;;;;;;;;;;;;;
2026/06/18;0500 UTC;;;;;;;;;;;;;;;;;;
2026/06/18;0600 UTC;;;;;;;;;;;;;;;;;;
2026/06/18;0700 UTC;;;;;;;;;;;;;;;;;;
2026/06/18;0800 UTC;;;;;;;;;;;;;;;;;;
2026/06/18;0900 UTC;;;;;;;;;;;;;;;;;;
2026/06/18;1000 UTC;;;;;;;;;;;;;;;;;;
2026/06/18;1100 UTC;;;;;;;;;;;;;;;;;;
2026/06/18;1200 UTC;;;;;;;;;;;;;;;;;;
2026/06/18;1300 UTC;;;;;;;;;;;;;;;;;;
2026/06/18;1400 UTC;;;;;;;;;;;;;;;;;;
2026/06/18;1500 UTC;;;;;;;;;;;;;;;;;;
2026/06/18;1600 UTC;;;;;;;;;;;;;;;;;;
2026/06/18;1700 UTC;;;;;;;;;;;;;;;;;;
2026/06/18;1800 UTC;;;;;;;;;;;;;;;;;;
2026/06/18;1900 UTC;;;;;;;;;;;;;;;;;;
2026/06/18;2000 UTC;;;;;;;;;;;;;;;;;;
2026/06/18;2100 UTC;;;;;;;;;;;;;;;;;;
2026/06/18;2200 UTC;;;;;;;;;;;;;;;;;;
2026/06/18;2300 UTC;;;;;;;;;;;;;;;;;;
2026/06/19;0000 UTC;;;;;;;;;;;;;;;;;;
2026/06/19;0100 UTC;;;;;;;;;;;;;;;;;;
2026/06/19;0200 UTC;;;;;;;;;;;;;;;;;;
2026/06/19;0300 UTC;;;;;;;;;;;;;;;;;;
2026/06/19;0400 UTC;;;;;;;;;;;;;;;;;;
2026/06/19;0500 UTC;;;;;;;;;;;;;;;;;;
2026/06/19;0600 UTC;;;;;;;;;;;;;;;;;;
2026/06/19;0700 UTC;;;;;;;;;;;;;;;;;;
2026/06/19;0800 UTC;;;;;;;;;;;;;;;;;;
2026/06/19;0900 UTC;;;;;;;;;;;;;;;;;;
2026/06/19;1000 UTC;;;;;;;;;;;;;;;;;;
2026/06/19;1100 UTC;;;;;;;;;;;;;;;;;;
2026/06/19;1200 UTC;;;;;;;;;;;;;;;;;;
2026/06/19;1300 UTC;;;;;;;;;;;;;;;;;;
2026/06/19;1400 UTC;;;;;;;;;;;;;;;;;;
2026/06/19;1500 UTC;;;;;;;;;;;;;;;;;;
2026/06/19;1600 UTC;;;;;;;;;;;;;;;;;;
2026/06/19;1700 UTC;;;;;;;;;;;;;;;;;;
2026/06/19;1800 UTC;;;;;;;;;;;;;;;;;;
2026/06/19;1900 UTC;;;;;;;;;;;;;;;;;;
2026/06/19;2000 UTC;;;;;;;;;;;;;;;;;;
2026/06/19;2100 UTC;;;;;;;;;;;;;;;;;;
2026/06/19;2200 UTC;;;;;;;;;;;;;;;;;;
2026/06/19;2300 UTC;;;;;;;;;;;;;;;;;;
2026/06/20;0000 UTC;;;;;;;;;;;;;;;;;;
2026/06/20;0100 UTC;;;;;;;;;;;;;;;;;;
2026/06/20;0200 UTC;;;;;;;;;;;;;;;;;;
2026/06/20;0300 UTC;;;;;;;;;;;;;;;;;;
2026/06/20;0400 UTC;;;;;;;;;;;;;;;;;;
2026/06/20;0500 UTC;;;;;;;;;;;;;;;;;;
2026/06/20;0600 UTC;;;;;;;;;;;;;;;;;;
2026/06/20;0700 UTC;;;;;;;;;;;;;;;;;;
2026/06/20;0800 UTC;;;;;;;;;;;;;;;;;;
2026/06/20;0900 UTC;;;;;;;;;;;;;;;;;;
2026/06/20;1000 UTC;;;;;;;;;;;;;;;;;;
2026/06/20;1100 UTC;;;;;;;;;;;;;;;;;;
2026/06/20;1200 UTC;;;;;;;;;;;;;;;;;;
2026/06/20;1300 UTC;;;;;;;;;;;;;;;;;;
2026/06/20;1400 UTC;;;;;;;;;;;;;;;;;;
2026/06/20;1500 UTC;;;;;;;;;;;;;;;;;;
2026/06/20;1600 UTC;;;;;;;;;;;;;;;;;;
2026/06/20;1700 UTC;;;;;;;;;;;;;;;;;;
2026/06/20;1800 UTC;;;;;;;;;;;;;;;;;;
2026/06/20;1900 UTC;;;;;;;;;;;;;;;;;;
2026/06/20;2000 UTC;;;;;;;;;;;;;;;;;;
2026/06/20;2100 UTC;;;;;;;;;;;;;;;;;;
2026/06/20;2200 UTC;;;;;;;;;;;;;;;;;;
2026/06/20;2300 UTC;;;;;;;;;;;;;;;;;;
2026/06/21;0000 UTC;;;;;;;;;;;;;;;;;;
2026/06/21;0100 UTC;;;;;;;;;;;;;;;;;;
2026/06/21;0200 UTC;;;;;;;;;;;;;;;;;;
2026/06/21;0300 UTC;;;;;;;;;;;;;;;;;;
2026/06/21;0400 UTC;;;;;;;;;;;;;;;;;;
2026/06/21;0500 UTC;;;;;;;;;;;;;;;;;;
2026/06/21;0600 UTC;;;;;;;;;;;;;;;;;;
2026/06/21;0700 UTC;;;;;;;;;;;;;;;;;;
2026/06/21;0800 UTC;;;;;;;;;;;;;;;;;;
2026/06/21;0900 UTC;;;;;;;;;;;;;;;;;;
2026/06/21;1000 UTC;;;;;;;;;;;;;;;;;;
2026/06/21;1100 UTC;;;;;;;;;;;;;;;;;;
2026/06/21;1200 UTC;;;;;;;;;;;;;;;;;;
2026/06/21;1300 UTC;;;;;;;;;;;;;;;;;;
2026/06/21;1400 UTC;;;;;;;;;;;;;;;;;;
2026/06/21;1500 UTC;;;;;;;;;;;;;;;;;;
2026/06/21;1600 UTC;;;;;;;;;;;;;;;;;;
2026/06/21;1700 UTC;;;;;;;;;;;;;;;;;;
2026/06/21;1800 UTC;;;;;;;;;;;;;;;;;;
2026/06/21;1900 UTC;;;;;;;;;;;;;;;;;;
2026/06/21;2000 UTC;;;;;;;;;;;;;;;;;;
2026/06/21;2100 UTC;;;;;;;;;;;;;;;;;;
2026/06/21;2200 UTC;;;;;;;;;;;;;;;;;;
2026/06/21;2300 UTC;;;;;;;;;;;;;;;;;;
2026/06/22;0000 UTC;;;;;;;;;;;;;;;;;;
2026/06/22;0100 UTC;;;;;;;;;;;;;;;;;;
2026/06/22;0200 UTC;;;;;;;;;;;;;;;;;;
2026/06/22;0300 UTC;;;;;;;;;;;;;;;;;;
2026/06/22;0400 UTC;;;;;;;;;;;;;;;;;;
2026/06/22;0500 UTC;;;;;;;;;;;;;;;;;;
2026/06/22;0600 UTC;;;;;;;;;;;;;;;;;;
2026/06/22;0700 UTC;;;;;;;;;;;;;;;;;;
2026/06/22;0800 UTC;;;;;;;;;;;;;;;;;;
2026/06/22;0900 UTC;;;;;;;;;;;;;;;;;;
2026/06/22;1000 UTC;;;;;;;;;;;;;;;;;;
2026/06/22;1100 UTC;;;;;;;;;;;;;;;;;;
2026/06/22;1200 UTC;;;;;;;;;;;;;;;;;;
2026/06/22;1300 UTC;;;;;;;;;;;;;;;;;;
2026/06/22;1400 UTC;;;;;;;;;;;;;;;;;;
2026/06/22;1500 UTC;;;;;;;;;;;;;;;;;;
2026/06/22;1600 UTC;;;;;;;;;;;;;;;;;;
2026/06/22;1700 UTC;;;;;;;;;;;;;;;;;;
2026/06/22;1800 UTC;;;;;;;;;;;;;;;;;;
2026/06/22;1900 UTC;;;;;;;;;;;;;;;;;;
2026/06/22;2000 UTC;;;;;;;;;;;;;;;;;;
2026/06/22;2100 UTC;;;;;;;;;;;;;;;;;;
2026/06/22;2200 UTC;;;;;;;;;;;;;;;;;;
2026/06/22;2300 UTC;;;;;;;;;;;;;;;;;;
2026/06/23;0000 UTC;;;;;;;;;;;;;;;;;;
2026/06/23;0100 UTC;;;;;;;;;;;;;;;;;;
2026/06/23;0200 UTC;;;;;;;;;;;;;;;;;;
2026/06/23;0300 UTC;;;;;;;;;;;;;;;;;;
2026/06/23;0400 UTC;;;;;;;;;;;;;;;;;;
2026/06/23;0500 UTC;;;;;;;;;;;;;;;;;;
2026/06/23;0600 UTC;;;;;;;;;;;;;;;;;;
2026/06/23;0700 UTC;;;;;;;;;;;;;;;;;;
2026/06/23;0800 UTC;;;;;;;;;;;;;;;;;;
2026/06/23;0900 UTC;;;;;;;;;;;;;;;;;;
2026/06/23;1000 UTC;;;;;;;;;;;;;;;;;;
2026/06/23;1100 UTC;;;;;;;;;;;;;;;;;;
2026/06/23;1200 UTC;;;;;;;;;;;;;;;;;;
2026/06/23;1300 UTC;;;;;;;;;;;;;;;;;;
2026/06/23;1400 UTC;;;;;;;;;;;;;;;;;;
2026/06/23;1500 UTC;;;;;;;;;;;;;;;;;;
2026/06/23;1600 UTC;;;;;;;;;;;;;;;;;;
2026/06/23;1700 UTC;;;;;;;;;;;;;;;;;;
2026/06/23;1800 UTC;;;;;;;;;;;;;;;;;;
2026/06/23;1900 UTC;;;;;;;;;;;;;;;;;;
2026/06/23;2000 UTC;;;;;;;;;;;;;;;;;;
2026/06/23;2100 UTC;;;;;;;;;;;;;;;;;;
2026/06/23;2200 UTC;;;;;;;;;;;;;;;;;;
2026/06/23;2300 UTC;;;;;;;;;;;;;;;;;;
2026/06/24;0000 UTC;;;;;;;;;;;;;;;;;;
2026/06/24;0100 UTC;;;;;;;;;;;;;;;;;;
2026/06/24;0200 UTC;;;;;;;;;;;;;;;;;;
2026/06/24;0300 UTC;;;;;;;;;;;;;;;;;;
2026/06/24;0400 UTC;;;;;;;;;;;;;;;;;;
2026/06/24;0500 UTC;;;;;;;;;;;;;;;;;;
2026/06/24;0600 UTC;;;;;;;;;;;;;;;;;;
2026/06/24;0700 UTC;;;;;;;;;;;;;;;;;;
2026/06/24;0800 UTC;;;;;;;;;;;;;;;;;;
2026/06/24;0900 UTC;;;;;;;;;;;;;;;;;;
2026/06/24;1000 UTC;;;;;;;;;;;;;;;;;;
2026/06/24;1100 UTC;;;;;;;;;;;;;;;;;;
2026/06/24;1200 UTC;;;;;;;;;;;;;;;;;;
2026/06/24;1300 UTC;;;;;;;;;;;;;;;;;;
2026/06/24;1400 UTC;;;;;;;;;;;;;;;;;;
2026/06/24;1500 UTC;;;;;;;;;;;;;;;;;;
2026/06/24;1600 UTC;;;;;;;;;;;;;;;;;;
2026/06/24;1700 UTC;;;;;;;;;;;;;;;;;;
2026/06/24;1800 UTC;;;;;;;;;;;;;;;;;;
2026/06/24;1900 UTC;;;;;;;;;;;;;;;;;;
2026/06/24;2000 UTC;;;;;;;;;;;;;;;;;;
2026/06/24;2100 UTC;;;;;;;;;;;;;;;;;;
2026/06/24;2200 UTC;;;;;;;;;;;;;;;;;;
2026/06/24;2300 UTC;;;;;;;;;;;;;;;;;;
2026/06/25;0000 UTC;;;;;;;;;;;;;;;;;;
2026/06/25;0100 UTC;;;;;;;;;;;;;;;;;;
2026/06/25;0200 UTC;;;;;;;;;;;;;;;;;;
2026/06/25;0300 UTC;;;;;;;;;;;;;;;;;;
2026/06/25;0400 UTC;;;;;;;;;;;;;;;;;;
2026/06/25;0500 UTC;;;;;;;;;;;;;;;;;;
2026/06/25;0600 UTC;;;;;;;;;;;;;;;;;;
2026/06/25;0700 UTC;;;;;;;;;;;;;;;;;;
2026/06/25;0800 UTC;;;;;;;;;;;;;;;;;;
2026/06/25;0900 UTC;;;;;;;;;;;;;;;;;;
2026/06/25;1000 UTC;;;;;;;;;;;;;;;;;;
2026/06/25;1100 UTC;;;;;;;;;;;;;;;;;;
2026/06/25;1200 UTC;;;;;;;;;;;;;;;;;;
2026/06/25;1300 UTC;;;;;;;;;;;;;;;;;;
2026/06/25;1400 UTC;;;;;;;;;;;;;;;;;;
2026/06/25;1500 UTC;;;;;;;;;;;;;;;;;;
2026/06/25;1600 UTC;;;;;;;;;;;;;;;;;;
2026/06/25;1700 UTC;;;;;;;;;;;;;;;;;;
2026/06/25;1800 UTC;;;;;;;;;;;;;;;;;;
2026/06/25;1900 UTC;;;;;;;;;;;;;;;;;;
2026/06/25;2000 UTC;;;;;;;;;;;;;;;;;;
2026/06/25;2100 UTC;;;;;;;;;;;;;;;;;;
2026/06/25;2200 UTC;;;;;;;;;;;;;;;;;;
2026/06/25;2300 UTC;;;;;;;;;;;;;;;;;;
2026/06/26;0000 UTC;;;;;;;;;;;;;;;;;;
2026/06/26;0100 UTC;;;;;;;;;;;;;;;;;;
2026/06/26;0200 UTC;;;;;;;;;;;;;;;;;;
2026/06/26;0300 UTC;;;;;;;;;;;;;;;;;;
2026/06/26;0400 UTC;;;;;;;;;;;;;;;;;;
2026/06/26;0500 UTC;;;;;;;;;;;;;;;;;;
2026/06/26;0600 UTC;;;;;;;;;;;;;;;;;;
2026/06/26;0700 UTC;;;;;;;;;;;;;;;;;;
2026/06/26;0800 UTC;;;;;;;;;;;;;;;;;;
2026/06/26;0900 UTC;;;;;;;;;;;;;;;;;;
2026/06/26;1000 UTC;;;;;;;;;;;;;;;;;;
2026/06/26;1100 UTC;;;;;;;;;;;;;;;;;;
2026/06/26;1200 UTC;;;;;;;;;;;;;;;;;;
2026/06/26;1300 UTC;;;;;;;;;;;;;;;;;;
2026/06/26;1400 UTC;;;;;;;;;;;;;;;;;;
2026/06/26;1500 UTC;;;;;;;;;;;;;;;;;;
2026/06/26;1600 UTC;;;;;;;;;;;;;;;;;;
2026/06/26;1700 UTC;;;;;;;;;;;;;;;;;;
2026/06/26;1800 UTC;;;;;;;;;;;;;;;;;;
2026/06/26;1900 UTC;;;;;;;;;;;;;;;;;;
2026/06/26;2000 UTC;;;;;;;;;;;;;;;;;;
2026/06/26;2100 UTC;;;;;;;;;;;;;;;;;;
2026/06/26;2200 UTC;;;;;;;;;;;;;;;;;;
2026/06/26;2300 UTC;;;;;;;;;;;;;;;;;;
2026/06/27;0000 UTC;;;;;;;;;;;;;;;;;;
2026/06/27;0100 UTC;;;;;;;;;;;;;;;;;;
2026/06/27;0200 UTC;;;;;;;;;;;;;;;;;;
2026/06/27;0300 UTC;;;;;;;;;;;;;;;;;;
2026/06/27;0400 UTC;;;;;;;;;;;;;;;;;;
2026/06/27;0500 UTC;;;;;;;;;;;;;;;;;;
2026/06/27;0600 UTC;;;;;;;;;;;;;;;;;;
2026/06/27;0700 UTC;;;;;;;;;;;;;;;;;;
2026/06/27;0800 UTC;;;;;;;;;;;;;;;;;;
2026/06/27;0900 UTC;;;;;;;;;;;;;;;;;;
2026/06/27;1000 UTC;;;;;;;;;;;;;;;;;;
2026/06/27;1100 UTC;;;;;;;;;;;;;;;;;;
2026/06/27;1200 UTC;;;;;;;;;;;;;;;;;;
2026/06/27;1300 UTC;;;;;;;;;;;;;;;;;;
2026/06/27;1400 UTC;;;;;;;;;;;;;;;;;;
2026/06/27;1500 UTC;;;;;;;;;;;;;;;;;;
2026/06/27;1600 UTC;;;;;;;;;;;;;;;;;;
2026/06/27;1700 UTC;;;;;;;;;;;;;;;;;;
2026/06/27;1800 UTC;;;;;;;;;;;;;;;;;;
2026/06/27;1900 UTC;;;;;;;;;;;;;;;;;;
2026/06/27;2000 UTC;;;;;;;;;;;;;;;;;;
2026/06/27;2100 UTC;;;;;;;;;;;;;;;;;;
2026/06/27;2200 UTC;;;;;;;;;;;;;;;;;;
2026/06/27;2300 UTC;;;;;;;;;;;;;;;;;;
2026/06/28;0000 UTC;;;;;;;;;;;;;;;;;;
2026/06/28;0100 UTC;;;;;;;;;;;;;;;;;;
2026/06/28;0200 UTC;;;;;;;;;;;;;;;;;;
2026/06/28;0300 UTC;;;;;;;;;;;;;;;;;;
2026/06/28;0400 UTC;;;;;;;;;;;;;;;;;;
2026/06/28;0500 UTC;;;;;;;;;;;;;;;;;;
2026/06/28;0600 UTC;;;;;;;;;;;;;;;;;;
2026/06/28;0700 UTC;;;;;;;;;;;;;;;;;;
2026/06/28;0800 UTC;;;;;;;;;;;;;;;;;;
2026/06/28;0900 UTC;;;;;;;;;;;;;;;;;;
2026/06/28;1000 UTC;;;;;;;;;;;;;;;;;;
2026/06/28;1100 UTC;;;;;;;;;;;;;;;;;;
2026/06/28;1200 UTC;;;;;;;;;;;;;;;;;;
2026/06/28;1300 UTC;;;;;;;;;;;;;;;;;;
2026/06/28;1400 UTC;;;;;;;;;;;;;;;;;;
2026/06/28;1500 UTC;;;;;;;;;;;;;;;;;;
2026/06/28;1600 UTC;;;;;;;;;;;;;;;;;;
2026/06/28;1700 UTC;;;;;;;;;;;;;;;;;;
2026/06/28;1800 UTC;;;;;;;;;;;;;;;;;;
2026/06/28;1900 UTC;;;;;;;;;;;;;;;;;;
2026/06/28;2000 UTC;;;;;;;;;;;;;;;;;;
2026/06/28;2100 UTC;;;;;;;;;;;;;;;;;;
2026/06/28;2200 UTC;;;;;;;;;;;;;;;;;;
2026/06/28;2300 UTC;;;;;;;;;;;;;;;;;;
2026/06/29;0000 UTC;;;;;;;;;;;;;;;;;;
2026/06/29;0100 UTC;;;;;;;;;;;;;;;;;;
2026/06/29;0200 UTC;;;;;;;;;;;;;;;;;;
2026/06/29;0300 UTC;;;;;;;;;;;;;;;;;;
2026/06/29;0400 UTC;;;;;;;;;;;;;;;;;;
2026/06/29;0500 UTC;;;;;;;;;;;;;;;;;;
2026/06/29;0600 UTC;;;;;;;;;;;;;;;;;;
2026/06/29;0700 UTC;;;;;;;;;;;;;;;;;;
2026/06/29;0800 UTC;;;;;;;;;;;;;;;;;;
2026/06/29;0900 UTC;;;;;;;;;;;;;;;;;;
2026/06/29;1000 UTC;;;;;;;;;;;;;;;;;;
2026/06/29;1100 UTC;;;;;;;;;;;;;;;;;;
2026/06/29;1200 UTC;;;;;;;;;;;;;;;;;;
2026/06/29;1300 UTC;;;;;;;;;;;;;;;;;;
2026/06/29;1400 UTC;;;;;;;;;;;;;;;;;;
2026/06/29;1500 UTC;;;;;;;;;;;;;;;;;;
2026/06/29;1600 UTC;;;;;;;;;;;;;;;;;;
2026/06/29;1700 UTC;;;;;;;;;;;;;;;;;;
2026/06/29;1800 UTC;;;;;;;;;;;;;;;;;;
2026/06/29;1900 UTC;;;;;;;;;;;;;;;;;;
2026/06/29;2000 UTC;;;;;;;;;;;;;;;;;;
2026/06/29;2100 UTC;;;;;;;;;;;;;;;;;;
2026/06/29;2200 UTC;;;;;;;;;;;;;;;;;;
2026/06/29;2300 UTC;;;;;;;;;;;;;;;;;;
2026/06/30;0000 UTC;;;;;;;;;;;;;;;;;;
2026/06/30;0100 UTC;;;;;;;;;;;;;;;;;;
2026/06/30;0200 UTC;;;;;;;;;;;;;;;;;;
2026/06/30;0300 UTC;;;;;;;;;;;;;;;;;;
2026/06/30;0400 UTC;;;;;;;;;;;;;;;;;;
2026/06/30;0500 UTC;;;;;;;;;;;;;;;;;;
2026/06/30;0600 UTC;;;;;;;;;;;;;;;;;;
2026/06/30;0700 UTC;;;;;;;;;;;;;;;;;;
2026/06/30;0800 UTC;;;;;;;;;;;;;;;;;;
2026/06/30;0900 UTC;;;;;;;;;;;;;;;;;;
2026/06/30;1000 UTC;;;;;;;;;;;;;;;;;;
2026/06/30;1100 UTC;;;;;;;;;;;;;;;;;;
2026/06/30;1200 UTC;;;;;;;;;;;;;;;;;;
2026/06/30;1300 UTC;;;;;;;;;;;;;;;;;;
2026/06/30;1400 UTC;;;;;;;;;;;;;;;;;;
2026/06/30;1500 UTC;;;;;;;;;;;;;;;;;;
2026/06/30;1600 UTC;;;;;;;;;;;;;;;;;;
2026/06/30;1700 UTC;;;;;;;;;;;;;;;;;;
2026/06/30;1800 UTC;;;;;;;;;;;;;;;;;;
2026/06/30;1900 UTC;;;;;;;;;;;;;;;;;;
2026/06/30;2000 UTC;;;;;;;;;;;;;;;;;;
2026/06/30;2100 UTC;;;;;;;;;;;;;;;;;;
2026/06/30;2200 UTC;;;;;;;;;;;;;;;;;;
2026/06/30;2300 UTC;;;;;;;;;;;;;;;;;;
2026/07/01;0000 UTC;;;;;;;;;;;;;;;;;;
2026/07/01;0100 UTC;;;;;;;;;;;;;;;;;;
2026/07/01;0200 UTC;;;;;;;;;;;;;;;;;;
2026/07/01;0300 UTC;;;;;;;;;;;;;;;;;;
2026/07/01;0400 UTC;;;;;;;;;;;;;;;;;;
2026/07/01;0500 UTC;;;;;;;;;;;;;;;;;;
2026/07/01;0600 UTC;;;;;;;;;;;;;;;;;;
2026/07/01;0700 UTC;;;;;;;;;;;;;;;;;;
2026/07/01;0800 UTC;;;;;;;;;;;;;;;;;;
2026/07/01;0900 UTC;;;;;;;;;;;;;;;;;;
2026/07/01;1000 UTC;;;;;;;;;;;;;;;;;;
2026/07/01;1100 UTC;;;;;;;;;;;;;;;;;;
2026/07/01;1200 UTC;;;;;;;;;;;;;;;;;;
2026/07/01;1300 UTC;;;;;;;;;;;;;;;;;;
2026/07/01;1400 UTC;;;;;;;;;;;;;;;;;;
2026/07/01;1500 UTC;;;;;;;;;;;;;;;;;;
2026/07/01;1600 UTC;;;;;;;;;;;;;;;;;;
2026/07/01;1700 UTC;;;;;;;;;;;;;;;;;;
2026/07/01;1800 UTC;;;;;;;;;;;;;;;;;;
2026/07/01;1900 UTC;;;;;;;;;;;;;;;;;;
2026/07/01;2000 UTC;;;;;;;;;;;;;;;;;;
2026/07/01;2100 UTC;;;;;;;;;;;;;;;;;;
2026/07/01;2200 UTC;;;;;;;;;;;;;;;;;;
2026/07/01;2300 UTC;;;;;;;;;;;;;;;;;;
2026/07/02;0000 UTC;;;;;;;;;;;;;;;;;;
2026/07/02;0100 UTC;;;;;;;;;;;;;;;;;;
2026/07/02;0200 UTC;;;;;;;;;;;;;;;;;;
2026/07/02;0300 UTC;;;;;;;;;;;;;;;;;;
2026/07/02;0400 UTC;;;;;;;;;;;;;;;;;;
2026/07/02;0500 UTC;;;;;;;;;;;;;;;;;;
2026/07/02;0600 UTC;;;;;;;;;;;;;;;;;;
2026/07/02;0700 UTC;;;;;;;;;;;;;;;;;;
2026/07/02;0800 UTC;;;;;;;;;;;;;;;;;;
2026/07/02;0900 UTC;;;;;;;;;;;;;;;;;;
2026/07/02;1000 UTC;;;;;;;;;;;;;;;;;;
2026/07/02;1100 UTC;;;;;;;;;;;;;;;;;;
2026/07/02;1200 UTC;;;;;;;;;;;;;;;;;;
2026/07/02;1300 UTC;;;;;;;;;;;;;;;;;;
2026/07/02;1400 UTC;;;;;;;;;;;;;;;;;;
2026/07/02;1500 UTC;;;;;;;;;;;;;;;;;;
2026/07/02;1600 UTC;;;;;;;;;;;;;;;;;;
2026/07/02;1700 UTC;;;;;;;;;;;;;;;;;;
2026/07/02;1800 UTC;;;;;;;;;;;;;;;;;;
2026/07/02;1900 UTC;;;;;;;;;;;;;;;;;;
2026/07/02;2000 UTC;;;;;;;;;;;;;;;;;;
2026/07/02;2100 UTC;;;;;;;;;;;;;;;;;;
2026/07/02;2200 UTC;;;;;;;;;;;;;;;;;;
2026/07/02;2300 UTC;;;;;;;;;;;;;;;;;;
2026/07/03;0000 UTC;;;;;;;;;;;;;;;;;;
2026/07/03;0100 UTC;;;;;;;;;;;;;;;;;;
2026/07/03;0200 UTC;;;;;;;;;;;;;;;;;;
2026/07/03;0300 UTC;;;;;;;;;;;;;;;;;;
2026/07/03;0400 UTC;;;;;;;;;;;;;;;;;;
2026/07/03;0500 UTC;;;;;;;;;;;;;;;;;;
2026/07/03;0600 UTC;;;;;;;;;;;;;;;;;;
2026/07/03;0700 UTC;;;;;;;;;;;;;;;;;;
2026/07/03;0800 UTC;;;;;;;;;;;;;;;;;;
2026/07/03;0900 UTC;;;;;;;;;;;;;;;;;;
2026/07/03;1000 UTC;;;;;;;;;;;;;;;;;;
2026/07/03;1100 UTC;;;;;;;;;;;;;;;;;;
2026/07/03;1200 UTC;;;;;;;;;;;;;;;;;;
2026/07/03;1300 UTC;;;;;;;;;;;;;;;;;;
2026/07/03;1400 UTC;;;;;;;;;;;;;;;;;;
2026/07/03;1500 UTC;;;;;;;;;;;;;;;;;;
2026/07/03;1600 UTC;;;;;;;;;;;;;;;;;;
2026/07/03;1700 UTC;;;;;;;;;;;;;;;;;;
2026/07/03;1800 UTC;;;;;;;;;;;;;;;;;;
2026/07/03;1900 UTC;;;;;;;;;;;;;;;;;;
2026/07/03;2000 UTC;;;;;;;;;;;;;;;;;;
2026/07/03;2100 UTC;;;;;;;;;;;;;;;;;;
2026/07/03;2200 UTC;;;;;;;;;;;;;;;;;;
2026/07/03;2300 UTC;;;;;;;;;;;;;;;;;;
2026/07/04;0000 UTC;;;;;;;;;;;;;;;;;;
2026/07/04;0100 UTC;;;;;;;;;;;;;;;;;;
2026/07/04;0200 UTC;;;;;;;;;;;;;;;;;;
2026/07/04;0300 UTC;;;;;;;;;;;;;;;;;;
2026/07/04;0400 UTC;;;;;;;;;;;;;;;;;;
2026/07/04;0500 UTC;;;;;;;;;;;;;;;;;;
2026/07/04;0600 UTC;;;;;;;;;;;;;;;;;;
2026/07/04;0700 UTC;;;;;;;;;;;;;;;;;;
2026/07/04;0800 UTC;;;;;;;;;;;;;;;;;;
2026/07/04;0900 UTC;;;;;;;;;;;;;;;;;;
2026/07/04;1000 UTC;;;;;;;;;;;;;;;;;;
2026/07/04;1100 UTC;;;;;;;;;;;;;;;;;;
2026/07/04;1200 UTC;;;;;;;;;;;;;;;;;;
2026/07/04;1300 UTC;;;;;;;;;;;;;;;;;;
2026/07/04;1400 UTC;;;;;;;;;;;;;;;;;;
2026/07/04;1500 UTC;;;;;;;;;;;;;;;;;;
2026/07/04;1600 UTC;;;;;;;;;;;;;;;;;;
2026/07/04;1700 UTC;;;;;;;;;;;;;;;;;;
2026/07/04;1800 UTC;;;;;;;;;;;;;;;;;;
2026/07/04;1900 UTC;;;;;;;;;;;;;;;;;;
2026/07/04;2000 UTC;;;;;;;;;;;;;;;;;;
2026/07/04;2100 UTC;;;;;;;;;;;;;;;;;;
2026/07/04;2200 UTC;;;;;;;;;;;;;;;;;;
2026/07/04;2300 UTC;;;;;;;;;;;;;;;;;;
2026/07/05;0000 UTC;;;;;;;;;;;;;;;;;;
2026/07/05;0100 UTC;;;;;;;;;;;;;;;;;;
2026/07/05;0200 UTC;;;;;;;;;;;;;;;;;;
2026/07/05;0300 UTC;;;;;;;;;;;;;;;;;;
2026/07/05;0400 UTC;;;;;;;;;;;;;;;;;;
2026/07/05;0500 UTC;;;;;;;;;;;;;;;;;;
2026/07/05;0600 UTC;;;;;;;;;;;;;;;;;;
2026/07/05;0700 UTC;;;;;;;;;;;;;;;;;;
2026/07/05;0800 UTC;;;;;;;;;;;;;;;;;;
2026/07/05;0900 UTC;;;;;;;;;;;;;;;;;;
2026/07/05;1000 UTC;;;;;;;;;;;;;;;;;;
2026/07/05;1100 UTC;;;;;;;;;;;;;;;;;;
2026/07/05;1200 UTC;;;;;;;;;;;;;;;;;;
2026/07/05;1300 UTC;;;;;;;;;;;;;;;;;;
2026/07/05;1400 UTC;;;;;;;;;;;;;;;;;;
2026/07/05;1500 UTC;;;;;;;;;;;;;;;;;;
2026/07/05;1600 UTC;;;;;;;;;;;;;;;;;;
2026/07/05;1700 UTC;;;;;;;;;;;;;;;;;;
2026/07/05;1800 UTC;;;;;;;;;;;;;;;;;;
2026/07/05;1900 UTC;;;;;;;;;;;;;;;;;;
2026/07/05;2000 UTC;;;;;;;;;;;;;;;;;;
2026/07/05;2100 UTC;;;;;;;;;;;;;;;;;;
2026/07/05;2200 UTC;;;;;;;;;;;;;;;;;;
2026/07/05;2300 UTC;;;;;;;;;;;;;;;;;;
2026/07/06;0000 UTC;;;;;;;;;;;;;;;;;;
2026/07/06;0100 UTC;;;;;;;;;;;;;;;;;;
2026/07/06;0200 UTC;;;;;;;;;;;;;;;;;;
2026/07/06;0300 UTC;;;;;;;;;;;;;;;;;;
2026/07/06;0400 UTC;;;;;;;;;;;;;;;;;;
2026/07/06;0500 UTC;;;;;;;;;;;;;;;;;;
2026/07/06;0600 UTC;;;;;;;;;;;;;;;;;;
2026/07/06;0700 UTC;;;;;;;;;;;;;;;;;;
2026/07/06;0800 UTC;;;;;;;;;;;;;;;;;;
2026/07/06;0900 UTC;;;;;;;;;;;;;;;;;;
2026/07/06;1000 UTC;;;;;;;;;;;;;;;;;;
2026/07/06;1100 UTC;;;;;;;;;;;;;;;;;;
2026/07/06;1200 UTC;;;;;;;;;;;;;;;;;;
2026/07/06;1300 UTC;;;;;;;;;;;;;;;;;;
2026/07/06;1400 UTC;;;;;;;;;;;;;;;;;;
2026/07/06;1500 UTC;;;;;;;;;;;;;;;;;;
2026/07/06;1600 UTC;;;;;;;;;;;;;;;;;;
2026/07/06;1700 UTC;;;;;;;;;;;;;;;;;;
2026/07/06;1800 UTC;;;;;;;;;;;;;;;;;;
2026/07/06;1900 UTC;;;;;;;;;;;;;;;;;;
2026/07/06;2000 UTC;;;;;;;;;;;;;;;;;;
2026/07/06;2100 UTC;;;;;;;;;;;;;;;;;;
2026/07/06;2200 UTC;;;;;;;;;;;;;;;;;;
2026/07/06;2300 UTC;;;;;;;;;;;;;;;;;;
2026/07/07;0000 UTC;;;;;;;;;;;;;;;;;;
2026/07/07;0100 UTC;;;;;;;;;;;;;;;;;;
2026/07/07;0200 UTC;;;;;;;;;;;;;;;;;;
2026/07/07;0300 UTC;;;;;;;;;;;;;;;;;;
2026/07/07;0400 UTC;;;;;;;;;;;;;;;;;;
2026/07/07;0500 UTC;;;;;;;;;;;;;;;;;;
2026/07/07;0600 UTC;;;;;;;;;;;;;;;;;;
2026/07/07;0700 UTC;;;;;;;;;;;;;;;;;;
2026/07/07;0800 UTC;;;;;;;;;;;;;;;;;;
2026/07/07;0900 UTC;;;;;;;;;;;;;;;;;;
2026/07/07;1000 UTC;;;;;;;;;;;;;;;;;;
2026/07/07;1100 UTC;;;;;;;;;;;;;;;;;;
2026/07/07;1200 UTC;;;;;;;;;;;;;;;;;;
2026/07/07;1300 UTC;;;;;;;;;;;;;;;;;;
2026/07/07;1400 UTC;;;;;;;;;;;;;;;;;;
2026/07/07;1500 UTC;;;;;;;;;;;;;;;;;;
2026/07/07;1600 UTC;;;;;;;;;;;;;;;;;;
2026/07/07;1700 UTC;;;;;;;;;;;;;;;;;;
2026/07/07;1800 UTC;;;;;;;;;;;;;;;;;;
2026/07/07;1900 UTC;;;;;;;;;;;;;;;;;;
2026/07/07;2000 UTC;;;;;;;;;;;;;;;;;;
2026/07/07;2100 UTC;;;;;;;;;;;;;;;;;;
2026/07/07;2200 UTC;;;;;;;;;;;;;;;;;;
2026/07/07;2300 UTC;;;;;;;;;;;;;;;;;;
2026/07/08;0000 UTC;;;;;;;;;;;;;;;;;;
2026/07/08;0100 UTC;;;;;;;;;;;;;;;;;;
2026/07/08;0200 UTC;;;;;;;;;;;;;;;;;;
2026/07/08;0300 UTC;;;;;;;;;;;;;;;;;;
2026/07/08;0400 UTC;;;;;;;;;;;;;;;;;;
2026/07/08;0500 UTC;;;;;;;;;;;;;;;;;;
2026/07/08;0600 UTC;;;;;;;;;;;;;;;;;;
2026/07/08;0700 UTC;;;;;;;;;;;;;;;;;;
2026/07/08;0800 UTC;;;;;;;;;;;;;;;;;;
2026/07/08;0900 UTC;;;;;;;;;;;;;;;;;;
2026/07/08;1000 UTC;;;;;;;;;;;;;;;;;;
2026/07/08;1100 UTC;;;;;;;;;;;;;;;;;;
2026/07/08;1200 UTC;;;;;;;;;;;;;;;;;;
2026/07/08;1300 UTC;;;;;;;;;;;;;;;;;;
2026/07/08;1400 UTC;;;;;;;;;;;;;;;;;;
2026/07/08;1500 UTC;;;;;;;;;;;;;;;;;;
2026/07/08;1600 UTC;;;;;;;;;;;;;;;;;;
2026/07/08;1700 UTC;;;;;;;;;;;;;;;;;;
2026/07/08;1800 UTC;;;;;;;;;;;;;;;;;;
2026/07/08;1900 UTC;;;;;;;;;;;;;;;;;;
2026/07/08;2000 UTC;;;;;;;;;;;;;;;;;;
2026/07/08;2100 UTC;;;;;;;;;;;;;;;;;;
2026/07/08;2200 UTC;;;;;;;;;;;;;;;;;;
2026/07/08;2300 UTC;;;;;;;;;;;;;;;;;;
2026/07/09;0000 UTC;;;;;;;;;;;;;;;;;;
2026/07/09;0100 UTC;;;;;;;;;;;;;;;;;;
2026/07/09;0200 UTC;;;;;;;;;;;;;;;;;;
2026/07/09;0300 UTC;;;;;;;;;;;;;;;;;;
2026/07/09;0400 UTC;;;;;;;;;;;;;;;;;;
2026/07/09;0500 UTC;;;;;;;;;;;;;;;;;;
2026/07/09;0600 UTC;;;;;;;;;;;;;;;;;;
2026/07/09;0700 UTC;;;;;;;;;;;;;;;;;;
2026/07/09;0800 UTC;;;;;;;;;;;;;;;;;;
2026/07/09;0900 UTC;;;;;;;;;;;;;;;;;;
2026/07/09;1000 UTC;;;;;;;;;;;;;;;;;;
2026/07/09;1100 UTC;;;;;;;;;;;;;;;;;;
2026/07/09;1200 UTC;;;;;;;;;;;;;;;;;;
2026/07/09;1300 UTC;;;;;;;;;;;;;;;;;;
2026/07/09;1400 UTC;;;;;;;;;;;;;;;;;;
2026/07/09;1500 UTC;;;;;;;;;;;;;;;;;;
2026/07/09;1600 UTC;;;;;;;;;;;;;;;;;;
2026/07/09;1700 UTC;;;;;;;;;;;;;;;;;;
2026/07/09;1800 UTC;;;;;;;;;;;;;;;;;;
2026/07/09;1900 UTC;;;;;;;;;;;;;;;;;;
2026/07/09;2000 UTC;;;;;;;;;;;;;;;;;;
2026/07/09;2100 UTC;;;;;;;;;;;;;;;;;;
2026/07/09;2200 UTC;;;;;;;;;;;;;;;;;;
2026/07/09;2300 UTC;;;;;;;;;;;;;;;;;;
2026/07/10;0000 UTC;;;;;;;;;;;;;;;;;;
2026/07/10;0100 UTC;;;;;;;;;;;;;;;;;;
2026/07/10;0200 UTC;;;;;;;;;;;;;;;;;;
2026/07/10;0300 UTC;;;;;;;;;;;;;;;;;;
2026/07/10;0400 UTC;;;;;;;;;;;;;;;;;;
2026/07/10;0500 UTC;;;;;;;;;;;;;;;;;;
2026/07/10;0600 UTC;;;;;;;;;;;;;;;;;;
2026/07/10;0700 UTC;;;;;;;;;;;;;;;;;;
2026/07/10;0800 UTC;;;;;;;;;;;;;;;;;;
2026/07/10;0900 UTC;;;;;;;;;;;;;;;;;;
2026/07/10;1000 UTC;;;;;;;;;;;;;;;;;;
2026/07/10;1100 UTC;;;;;;;;;;;;;;;;;;
2026/07/10;1200 UTC;;;;;;;;;;;;;;;;;;
2026/07/10;1300 UTC;;;;;;;;;;;;;;;;;;
2026/07/10;1400 UTC;;;;;;;;;;;;;;;;;;
2026/07/10;1500 UTC;;;;;;;;;;;;;;;;;;
2026/07/10;1600 UTC;;;;;;;;;;;;;;;;;;
2026/07/10;1700 UTC;;;;;;;;;;;;;;;;;;
2026/07/10;1800 UTC;;;;;;;;;;;;;;;;;;
2026/07/10;1900 UTC;;;;;;;;;;;;;;;;;;
2026/07/10;2000 UTC;;;;;;;;;;;;;;;;;;
2026/07/10;2100 UTC;;;;;;;;;;;;;;;;;;
2026/07/10;2200 UTC;;;;;;;;;;;;;;;;;;
2026/07/10;2300 UTC;;;;;;;;;;;;;;;;;;
2026/07/11;0000 UTC;;;;;;;;;;;;;;;;;;
2026/07/11;0100 UTC;;;;;;;;;;;;;;;;;;
2026/07/11;0200 UTC;;;;;;;;;;;;;;;;;;
2026/07/11;0300 UTC;;;;;;;;;;;;;;;;;;
2026/07/11;0400 UTC;;;;;;;;;;;;;;;;;;
2026/07/11;0500 UTC;;;;;;;;;;;;;;;;;;
2026/07/11;0600 UTC;;;;;;;;;;;;;;;;;;
2026/07/11;0700 UTC;;;;;;;;;;;;;;;;;;
2026/07/11;0800 UTC;;;;;;;;;;;;;;;;;;
2026/07/11;0900 UTC;;;;;;;;;;;;;;;;;;
2026/07/11;1000 UTC;;;;;;;;;;;;;;;;;;
2026/07/11;1100 UTC;;;;;;;;;;;;;;;;;;
2026/07/11;1200 UTC;;;;;;;;;;;;;;;;;;
2026/07/11;1300 UTC;;;;;;;;;;;;;;;;;;
2026/07/11;1400 UTC;;;;;;;;;;;;;;;;;;
2026/07/11;1500 UTC;;;;;;;;;;;;;;;;;;
2026/07/11;1600 UTC;;;;;;;;;;;;;;;;;;
2026/07/11;1700 UTC;;;;;;;;;;;;;;;;;;
2026/07/11;1800 UTC;;;;;;;;;;;;;;;;;;
2026/07/11;1900 UTC;;;;;;;;;;;;;;;;;;
2026/07/11;2000 UTC;;;;;;;;;;;;;;;;;;
2026/07/11;2100 UTC;;;;;;;;;;;;;;;;;;
2026/07/11;2200 UTC;;;;;;;;;;;;;;;;;;
2026/07/11;2300 UTC;;;;;;;;;;;;;;;;;;
2026/07/12;0000 UTC;;;;;;;;;;;;;;;;;;
2026/07/12;0100 UTC;;;;;;;;;;;;;;;;;;
2026/07/12;0200 UTC;;;;;;;;;;;;;;;;;;
2026/07/12;0300 UTC;;;;;;;;;;;;;;;;;;
2026/07/12;0400 UTC;;;;;;;;;;;;;;;;;;
2026/07/12;0500 UTC;;;;;;;;;;;;;;;;;;
2026/07/12;0600 UTC;;;;;;;;;;;;;;;;;;
2026/07/12;0700 UTC;;;;;;;;;;;;;;;;;;
2026/07/12;0800 UTC;;;;;;;;;;;;;;;;;;
2026/07/12;0900 UTC;;;;;;;;;;;;;;;;;;
2026/07/12;1000 UTC;;;;;;;;;;;;;;;;;;
2026/07/12;1100 UTC;;;;;;;;;;;;;;;;;;
2026/07/12;1200 UTC;;;;;;;;;;;;;;;;;;
2026/07/12;1300 UTC;;;;;;;;;;;;;;;;;;
2026/07/12;1400 UTC;;;;;;;;;;;;;;;;;;
2026/07/12;1500 UTC;;;;;;;;;;;;;;;;;;
2026/07/12;1600 UTC;;;;;;;;;;;;;;;;;;
2026/07/12;1700 UTC;;;;;;;;;;;;;;;;;;
2026/07/12;1800 UTC;;;;;;;;;;;;;;;;;;
2026/07/12;1900 UTC;;;;;;;;;;;;;;;;;;
2026/07/12;2000 UTC;;;;;;;;;;;;;;;;;;
2026/07/12;2100 UTC;;;;;;;;;;;;;;;;;;
2026/07/12;2200 UTC;;;;;;;;;;;;;;;;;;
2026/07/12;2300 UTC;;;;;;;;;;;;;;;;;;
2026/07/13;0000 UTC;;;;;;;;;;;;;;;;;;
2026/07/13;0100 UTC;;;;;;;;;;;;;;;;;;
2026/07/13;0200 UTC;;;;;;;;;;;;;;;;;;
2026/07/13;0300 UTC;;;;;;;;;;;;;;;;;;
2026/07/13;0400 UTC;;;;;;;;;;;;;;;;;;
2026/07/13;0500 UTC;;;;;;;;;;;;;;;;;;
2026/07/13;0600 UTC;;;;;;;;;;;;;;;;;;
2026/07/13;0700 UTC;;;;;;;;;;;;;;;;;;
2026/07/13;0800 UTC;;;;;;;;;;;;;;;;;;
2026/07/13;0900 UTC;;;;;;;;;;;;;;;;;;
2026/07/13;1000 UTC;;;;;;;;;;;;;;;;;;
2026/07/13;1100 UTC;;;;;;;;;;;;;;;;;;
2026/07/13;1200 UTC;;;;;;;;;;;;;;;;;;
2026/07/13;1300 UTC;;;;;;;;;;;;;;;;;;
2026/07/13;1400 UTC;;;;;;;;;;;;;;;;;;
2026/07/13;1500 UTC;;;;;;;;;;;;;;;;;;
2026/07/13;1600 UTC;;;;;;;;;;;;;;;;;;
2026/07/13;1700 UTC;;;;;;;;;;;;;;;;;;
2026/07/13;1800 UTC;;;;;;;;;;;;;;;;;;
2026/07/13;1900 UTC;;;;;;;;;;;;;;;;;;
2026/07/13;2000 UTC;;;;;;;;;;;;;;;;;;
2026/07/13;2100 UTC;;;;;;;;;;;;;;;;;;
2026/07/13;2200 UTC;;;;;;;;;;;;;;;;;;
2026/07/13;2300 UTC;;;;;;;;;;;;;;;;;;
2026/07/14;0000 UTC;;;;;;;;;;;;;;;;;;
2026/07/14;0100 UTC;;;;;;;;;;;;;;;;;;
2026/07/14;0200 UTC;;;;;;;;;;;;;;;;;;
2026/07/14;0300 UTC;;;;;;;;;;;;;;;;;;
2026/07/14;0400 UTC;;;;;;;;;;;;;;;;;;
2026/07/14;0500 UTC;;;;;;;;;;;;;;;;;;
2026/07/14;0600 UTC;;;;;;;;;;;;;;;;;;
2026/07/14;0700 UTC;;;;;;;;;;;;;;;;;;
2026/07/14;0800 UTC;;;;;;;;;;;;;;;;;;
2026/07/14;0900 UTC;;;;;;;;;;;;;;;;;;
2026/07/14;1000 UTC;;;;;;;;;;;;;;;;;;
2026/07/14;1100 UTC;;;;;;;;;;;;;;;;;;
2026/07/14;1200 UTC;;;;;;;;;;;;;;;;;;
2026/07/14;1300 UTC;;;;;;;;;;;;;;;;;;
2026/07/14;1400 UTC;;;;;;;;;;;;;;;;;;
2026/07/14;1500 UTC;;;;;;;;;;;;;;;;;;
2026/07/14;1600 UTC;;;;;;;;;;;;;;;;;;
2026/07/14;1700 UTC;;;;;;;;;;;;;;;;;;
2026/07/14;1800 UTC;;;;;;;;;;;;;;;;;;
2026/07/14;1900 UTC;;;;;;;;;;;;;;;;;;
2026/07/14;2000 UTC;;;;;;;;;;;;;;;;;;
2026/07/14;2100 UTC;;;;;;;;;;;;;;;;;;
2026/07/14;2200 UTC;;;;;;;;;;;;;;;;;;
2026/07/14;2300 UTC;;;;;;;;;;;;;;;;;;
2026/07/15;0000 UTC;;;;;;;;;;;;;;;;;;
2026/07/15;0100 UTC;;;;;;;;;;;;;;;;;;
2026/07/15;0200 UTC;;;;;;;;;;;;;;;;;;
2026/07/15;0300 UTC;;;;;;;;;;;;;;;;;;
2026/07/15;0400 UTC;;;;;;;;;;;;;;;;;;
2026/07/15;0500 UTC;;;;;;;;;;;;;;;;;;
2026/07/15;0600 UTC;;;;;;;;;;;;;;;;;;
2026/07/15;0700 UTC;;;;;;;;;;;;;;;;;;
2026/07/15;0800 UTC;;;;;;;;;;;;;;;;;;
2026/07/15;0900 UTC;;;;;;;;;;;;;;;;;;
2026/07/15;1000 UTC;;;;;;;;;;;;;;;;;;
2026/07/15;1100 UTC;;;;;;;;;;;;;;;;;;
2026/07/15;1200 UTC;;;;;;;;;;;;;;;;;;
2026/07/15;1300 UTC;;;;;;;;;;;;;;;;;;
2026/07/15;1400 UTC;;;;;;;;;;;;;;;;;;
2026/07/15;1500 UTC;;;;;;;;;;;;;;;;;;
2026/07/15;1600 UTC;;;;;;;;;;;;;;;;;;
2026/07/15;1700 UTC;;;;;;;;;;;;;;;;;;
2026/07/15;1800 UTC;;;;;;;;;;;;;;;;;;
2026/07/15;1900 UTC;;;;;;;;;;;;;;;;;;
2026/07/15;2000 UTC;;;;;;;;;;;;;;;;;;
2026/07/15;2100 UTC;;;;;;;;;;;;;;;;;;
2026/07/15;2200 UTC;;;;;;;;;;;;;;;;;;
2026/07/15;2300 UTC;;;;;;;;;;;;;;;;;;
2026/07/16;0000 UTC;;;;;;;;;;;;;;;;;;
2026/07/16;0100 UTC;;;;;;;;;;;;;;;;;;
2026/07/16;0200 UTC;;;;;;;;;;;;;;;;;;
2026/07/16;0300 UTC;;;;;;;;;;;;;;;;;;
2026/07/16;0400 UTC;;;;;;;;;;;;;;;;;;
2026/07/16;0500 UTC;;;;;;;;;;;;;;;;;;
2026/07/16;0600 UTC;;;;;;;;;;;;;;;;;;
2026/07/16;0700 UTC;;;;;;;;;;;;;;;;;;
2026/07/16;0800 UTC;;;;;;;;;;;;;;;;;;
2026/07/16;0900 UTC;;;;;;;;;;;;;;;;;;
2026/07/16;1000 UTC;;;;;;;;;;;;;;;;;;
2026/07/16;1100 UTC;;;;;;;;;;;;;;;;;;
2026/07/16;1200 UTC;;;;;;;;;;;;;;;;;;
2026/07/16;1300 UTC;;;;;;;;;;;;;;;;;;
2026/07/16;1400 UTC;;;;;;;;;;;;;;;;;;
2026/07/16;1500 UTC;;;;;;;;;;;;;;;;;;
2026/07/16;1600 UTC;;;;;;;;;;;;;;;;;;
2026/07/16;1700 UTC;;;;;;;;;;;;;;;;;;
2026/07/16;1800 UTC;;;;;;;;;;;;;;;;;;
2026/07/16;1900 UTC;;;;;;;;;;;;;;;;;;
2026/07/16;2000 UTC;;;;;;;;;;;;;;;;;;
2026/07/16;2100 UTC;;;;;;;;;;;;;;;;;;
2026/07/16;2200 UTC;;;;;;;;;;;;;;;;;;
2026/07/16;2300 UTC;;;;;;;;;;;;;;;;;;
2026/07/17;0000 UTC;;;;;;;;;;;;;;;;;;
2026/07/17;0100 UTC;;;;;;;;;;;;;;;;;;
2026/07/17;0200 UTC;;;;;;;;;;;;;;;;;;
2026/07/17;0300 UTC;;;;;;;;;;;;;;;;;;
2026/07/17;0400 UTC;;;;;;;;;;;;;;;;;;
2026/07/17;0500 UTC;;;;;;;;;;;;;;;;;;
2026/07/17;0600 UTC;;;;;;;;;;;;;;;;;;
2026/07/17;0700 UTC;;;;;;;;;;;;;;;;;;
2026/07/17;0800 UTC;;;;;;;;;;;;;;;;;;
2026/07/17;0900 UTC;;;;;;;;;;;;;;;;;;
2026/07/17;1000 UTC;;;;;;;;;;;;;;;;;;
2026/07/17;1100 UTC;;;;;;;;;;;;;;;;;;
2026/07/17;1200 UTC;;;;;;;;;;;;;;;;;;
2026/07/17;1300 UTC;;;;;;;;;;;;;;;;;;
2026/07/17;1400 UTC;;;;;;;;;;;;;;;;;;
2026/07/17;1500 UTC;;;;;;;;;;;;;;;;;;
2026/07/17;1600 UTC;;;;;;;;;;;;;;;;;;
2026/07/17;1700 UTC;;;;;;;;;;;;;;;;;;
2026/07/17;1800 UTC;;;;;;;;;;;;;;;;;;
2026/07/17;1900 UTC;;;;;;;;;;;;;;;;;;
2026/07/17;2000 UTC;;;;;;;;;;;;;;;;;;
2026/07/17;2100 UTC;;;;;;;;;;;;;;;;;;
2026/07/17;2200 UTC;;;;;;;;;;;;;;;;;;
2026/07/17;2300 UTC;;;;;;;;;;;;;;;;;;
2026/07/18;0000 UTC;;;;;;;;;;;;;;;;;;
2026/07/18;0100 UTC;;;;;;;;;;;;;;;;;;
2026/07/18;0200 UTC;;;;;;;;;;;;;;;;;;
2026/07/18;0300 UTC;;;;;;;;;;;;;;;;;;
2026/07/18;0400 UTC;;;;;;;;;;;;;;;;;;
2026/07/18;0500 UTC;;;;;;;;;;;;;;;;;;
2026/07/18;0600 UTC;;;;;;;;;;;;;;;;;;
2026/07/18;0700 UTC;;;;;;;;;;;;;;;;;;
2026/07/18;0800 UTC;;;;;;;;;;;;;;;;;;
2026/07/18;0900 UTC;;;;;;;;;;;;;;;;;;
2026/07/18;1000 UTC;;;;;;;;;;;;;;;;;;
2026/07/18;1100 UTC;;;;;;;;;;;;;;;;;;
2026/07/18;1200 UTC;;;;;;;;;;;;;;;;;;
2026/07/18;1300 UTC;;;;;;;;;;;;;;;;;;
2026/07/18;1400 UTC;;;;;;;;;;;;;;;;;;
2026/07/18;1500 UTC;;;;;;;;;;;;;;;;;;
2026/07/18;1600 UTC;;;;;;;;;;;;;;;;;;
2026/07/18;1700 UTC;;;;;;;;;;;;;;;;;;
2026/07/18;1800 UTC;;;;;;;;;;;;;;;;;;
2026/07/18;1900 UTC;;;;;;;;;;;;;;;;;;
2026/07/18;2000 UTC;;;;;;;;;;;;;;;;;;
2026/07/18;2100 UTC;;;;;;;;;;;;;;;;;;
2026/07/18;2200 UTC;;;;;;;;;;;;;;;;;;
2026/07/18;2300 UTC;;;;;;;;;;;;;;;;;;
2026/07/19;0000 UTC;;;;;;;;;;;;;;;;;;
2026/07/19;0100 UTC;;;;;;;;;;;;;;;;;;
2026/07/19;0200 UTC;;;;;;;;;;;;;;;;;;
2026/07/19;0300 UTC;;;;;;;;;;;;;;;;;;
2026/07/19;0400 UTC;;;;;;;;;;;;;;;;;;
2026/07/19;0500 UTC;;;;;;;;;;;;;;;;;;
2026/07/19;0600 UTC;;;;;;;;;;;;;;;;;;
2026/07/19;0700 UTC;;;;;;;;;;;;;;;;;;
2026/07/19;0800 UTC;;;;;;;;;;;;;;;;;;
2026/07/19;0900 UTC;;;;;;;;;;;;;;;;;;
2026/07/19;1000 UTC;;;;;;;;;;;;;;;;;;
2026/07/19;1100 UTC;;;;;;;;;;;;;;;;;;
2026/07/19;1200 UTC;;;;;;;;;;;;;;;;;;
2026/07/19;1300 UTC;;;;;;;;;;;;;;;;;;
2026/07/19;1400 UTC;;;;;;;;;;;;;;;;;;
2026/07/19;1500 UTC;;;;;;;;;;;;;;;;;;
2026/07/19;1600 UTC;;;;;;;;;;;;;;;;;;
2026/07/19;1700 UTC;;;;;;;;;;;;;;;;;;
2026/07/19;1800 UTC;;;;;;;;;;;;;;;;;;
2026/07/19;1900 UTC;;;;;;;;;;;;;;;;;;
2026/07/19;2000 UTC;;;;;;;;;;;;;;;;;;
2026/07/19;2100 UTC;;;;;;;;;;;;;;;;;;
2026/07/19;2200 UTC;;;;;;;;;;;;;;;;;;
2026/07/19;2300 UTC;;;;;;;;;;;;;;;;;;
2026/07/20;0000 UTC;;;;;;;;;;;;;;;;;;
2026/07/20;0100 UTC;;;;;;;;;;;;;;;;;;
2026/07/20;0200 UTC;;;;;;;;;;;;;;;;;;
2026/07/20;0300 UTC;;;;;;;;;;;;;;;;;;
2026/07/20;0400 UTC;;;;;;;;;;;;;;;;;;
2026/07/20;0500 UTC;;;;;;;;;;;;;;;;;;
2026/07/20;0600 UTC;;;;;;;;;;;;;;;;;;
2026/07/20;0700 UTC;;;;;;;;;;;;;;;;;;
2026/07/20;0800 UTC;;;;;;;;;;;;;;;;;;
2026/07/20;0900 UTC;;;;;;;;;;;;;;;;;;
2026/07/20;1000 UTC;;;;;;;;;;;;;;;;;;
2026/07/20;1100 UTC;;;;;;;;;;;;;;;;;;
2026/07/20;1200 UTC;;;;;;;;;;;;;;;;;;
2026/07/20;1300 UTC;;;;;;;;;;;;;;;;;;
2026/07/20;1400 UTC;;;;;;;;;;;;;;;;;;
2026/07/20;1500 UTC;;;;;;;;;;;;;;;;;;
2026/07/20;1600 UTC;;;;;;;;;;;;;;;;;;
2026/07/20;1700 UTC;;;;;;;;;;;;;;;;;;
2026/07/20;1800 UTC;;;;;;;;;;;;;;;;;;
2026/07/20;1900 UTC;;;;;;;;;;;;;;;;;;
2026/07/20;2000 UTC;;;;;;;;;;;;;;;;;;
2026/07/20;2100 UTC;;;;;;;;;;;;;;;;;;
2026/07/20;2200 UTC;;;;;;;;;;;;;;;;;;
2026/07/20;2300 UTC;;;;;;;;;;;;;;;;;;
2026/07/21;0000 UTC;;;;;;;;;;;;;;;;;;
2026/07/21;0100 UTC;;;;;;;;;;;;;;;;;;
2026/07/21;0200 UTC;;;;;;;;;;;;;;;;;;
2026/07/21;0300 UTC;;;;;;;;;;;;;;;;;;
2026/07/21;0400 UTC;;;;;;;;;;;;;;;;;;
2026/07/21;0500 UTC;;;;;;;;;;;;;;;;;;
2026/07/21;0600 UTC;;;;;;;;;;;;;;;;;;
2026/07/21;0700 UTC;;;;;;;;;;;;;;;;;;
2026/07/21;0800 UTC;;;;;;;;;;;;;;;;;;
2026/07/21;0900 UTC;;;;;;;;;;;;;;;;;;
2026/07/21;1000 UTC;;;;;;;;;;;;;;;;;;
2026/07/21;1100 UTC;;;;;;;;;;;;;;;;;;
2026/07/21;1200 UTC;;;;;;;;;;;;;;;;;;
2026/07/21;1300 UTC;;;;;;;;;;;;;;;;;;
2026/07/21;1400 UTC;;;;;;;;;;;;;;;;;;
2026/07/21;1500 UTC;;;;;;;;;;;;;;;;;;
2026/07/21;1600 UTC;;;;;;;;;;;;;;;;;;
2026/07/21;1700 UTC;;;;;;;;;;;;;;;;;;
2026/07/21;1800 UTC;;;;;;;;;;;;;;;;;;
2026/07/21;1900 UTC;;;;;;;;;;;;;;;;;;
2026/07/21;2000 UTC;;;;;;;;;;;;;;;;;;
2026/07/21;2100 UTC;;;;;;;;;;;;;;;;;;
2026/07/21;2200 UTC;;;;;;;;;;;;;;;;;;
2026/07/21;2300 UTC;;;;;;;;;;;;;;;;;;
2026/07/22;0000 UTC;;;;;;;;;;;;;;;;;;
2026/07/22;0100 UTC;;;;;;;;;;;;;;;;;;
2026/07/22;0200 UTC;;;;;;;;;;;;;;;;;;
2026/07/22;0300 UTC;;;;;;;;;;;;;;;;;;
2026/07/22;0400 UTC;;;;;;;;;;;;;;;;;;
2026/07/22;0500 UTC;;;;;;;;;;;;;;;;;;
2026/07/22;0600 UTC;;;;;;;;;;;;;;;;;;
2026/07/22;0700 UTC;;;;;;;;;;;;;;;;;;
2026/07/22;0800 UTC;;;;;;;;;;;;;;;;;;
2026/07/22;0900 UTC;;;;;;;;;;;;;;;;;;
2026/07/22;1000 UTC;;;;;;;;;;;;;;;;;;
2026/07/22;1100 UTC;;;;;;;;;;;;;;;;;;
2026/07/22;1200 UTC;;;;;;;;;;;;;;;;;;
2026/07/22;1300 UTC;;;;;;;;;;;;;;;;;;
2026/07/22;1400 UTC;;;;;;;;;;;;;;;;;;
2026/07/22;1500 UTC;;;;;;;;;;;;;;;;;;
2026/07/22;1600 UTC;;;;;;;;;;;;;;;;;;
2026/07/22;1700 UTC;;;;;;;;;;;;;;;;;;
2026/07/22;1800 UTC;;;;;;;;;;;;;;;;;;
2026/07/22;1900 UTC;;;;;;;;;;;;;;;;;;
2026/07/22;2000 UTC;;;;;;;;;;;;;;;;;;
2026/07/22;2100 UTC;;;;;;;;;;;;;;;;;;
2026/07/22;2200 UTC;;;;;;;;;;;;;;;;;;
2026/07/22;2300 UTC;;;;;;;;;;;;;;;;;;
2026/07/23;0000 UTC;;;;;;;;;;;;;;;;;;
2026/07/23;0100 UTC;;;;;;;;;;;;;;;;;;
2026/07/23;0200 UTC;;;;;;;;;;;;;;;;;;
2026/07/23;0300 UTC;;;;;;;;;;;;;;;;;;
2026/07/23;0400 UTC;;;;;;;;;;;;;;;;;;
2026/07/23;0500 UTC;;;;;;;;;;;;;;;;;;
2026/07/23;0600 UTC;;;;;;;;;;;;;;;;;;
2026/07/23;0700 UTC;;;;;;;;;;;;;;;;;;
2026/07/23;0800 UTC;;;;;;;;;;;;;;;;;;
2026/07/23;0900 UTC;;;;;;;;;;;;;;;;;;
2026/07/23;1000 UTC;;;;;;;;;;;;;;;;;;
2026/07/23;1100 UTC;;;;;;;;;;;;;;;;;;
2026/07/23;1200 UTC;;;;;;;;;;;;;;;;;;
2026/07/23;1300 UTC;;;;;;;;;;;;;;;;;;
2026/07/23;1400 UTC;;;;;;;;;;;;;;;;;;
2026/07/23;1500 UTC;;;;;;;;;;;;;;;;;;
2026/07/23;1600 UTC;;;;;;;;;;;;;;;;;;
2026/07/23;1700 UTC;;;;;;;;;;;;;;;;;;
2026/07/23;1800 UTC;;;;;;;;;;;;;;;;;;
2026/07/23;1900 UTC;;;;;;;;;;;;;;;;;;
2026/07/23;2000 UTC;;;;;;;;;;;;;;;;;;
2026/07/23;2100 UTC;;;;;;;;;;;;;;;;;;
2026/07/23;2200 UTC;;;;;;;;;;;;;;;;;;
2026/07/23;2300 UTC;;;;;;;;;;;;;;;;;;
2026/07/24;0000 UTC;;;;;;;;;;;;;;;;;;
2026/07/24;0100 UTC;;;;;;;;;;;;;;;;;;
2026/07/24;0200 UTC;;;;;;;;;;;;;;;;;;
2026/07/24;0300 UTC;;;;;;;;;;;;;;;;;;
2026/07/24;0400 UTC;;;;;;;;;;;;;;;;;;
2026/07/24;0500 UTC;;;;;;;;;;;;;;;;;;
2026/07/24;0600 UTC;;;;;;;;;;;;;;;;;;
2026/07/24;0700 UTC;;;;;;;;;;;;;;;;;;
2026/07/24;0800 UTC;;;;;;;;;;;;;;;;;;
2026/07/24;0900 UTC;;;;;;;;;;;;;;;;;;
2026/07/24;1000 UTC;;;;;;;;;;;;;;;;;;
2026/07/24;1100 UTC;;;;;;;;;;;;;;;;;;
2026/07/24;1200 UTC;;;;;;;;;;;;;;;;;;
2026/07/24;1300 UTC;;;;;;;;;;;;;;;;;;
2026/07/24;1400 UTC;;;;;;;;;;;;;;;;;;
2026/07/24;1500 UTC;;;;;;;;;;;;;;;;;;
2026/07/24;1600 UTC;;;;;;;;;;;;;;;;;;
2026/07/24;1700 UTC;;;;;;;;;;;;;;;;;;
2026/07/24;1800 UTC;;;;;;;;;;;;;;;;;;
2026/07/24;1900 UTC;;;;;;;;;;;;;;;;;;
2026/07/24;2000 UTC;;;;;;;;;;;;;;;;;;
2026/07/24;2100 UTC;;;;;;;;;;;;;;;;;;
2026/07/24;2200 UTC;;;;;;;;;;;;;;;;;;
2026/07/24;2300 UTC;;;;;;;;;;;;;;;;;;
2026/07/25;0000 UTC;;;;;;;;;;;;;;;;;;
2026/07/25;0100 UTC;;;;;;;;;;;;;;;;;;
2026/07/25;0200 UTC;;;;;;;;;;;;;;;;;;
2026/07/25;0300 UTC;;;;;;;;;;;;;;;;;;
2026/07/25;0400 UTC;;;;;;;;;;;;;;;;;;
2026/07/25;0500 UTC;;;;;;;;;;;;;;;;;;
2026/07/25;0600 UTC;;;;;;;;;;;;;;;;;;
2026/07/25;0700 UTC;;;;;;;;;;;;;;;;;;
2026/07/25;0800 UTC;;;;;;;;;;;;;;;;;;
2026/07/25;0900 UTC;;;;;;;;;;;;;;;;;;
2026/07/25;1000 UTC;;;;;;;;;;;;;;;;;;
2026/07/25;1100 UTC;;;;;;;;;;;;;;;;;;
2026/07/25;1200 UTC;;;;;;;;;;;;;;;;;;
2026/07/25;1300 UTC;;;;;;;;;;;;;;;;;;
2026/07/25;1400 UTC;;;;;;;;;;;;;;;;;;
2026/07/25;1500 UTC;;;;;;;;;;;;;;;;;;
2026/07/25;1600 UTC;;;;;;;;;;;;;;;;;;
2026/07/25;1700 UTC;;;;;;;;;;;;;;;;;;
2026/07/25;1800 UTC;;;;;;;;;;;;;;;;;;
2026/07/25;1900 UTC;;;;;;;;;;;;;;;;;;
2026/07/25;2000 UTC;;;;;;;;;;;;;;;;;;
2026/07/25;2100 UTC;;;;;;;;;;;;;;;;;;
2026/07/25;2200 UTC;;;;;;;;;;;;;;;;;;
2026/07/25;2300 UTC;;;;;;;;;;;;;;;;;;
2026/07/26;0000 UTC;;;;;;;;;;;;;;;;;;
2026/07/26;0100 UTC;;;;;;;;;;;;;;;;;;
2026/07/26;0200 UTC;;;;;;;;;;;;;;;;;;
2026/07/26;0300 UTC;;;;;;;;;;;;;;;;;;
2026/07/26;0400 UTC;;;;;;;;;;;;;;;;;;
2026/07/26;0500 UTC;;;;;;;;;;;;;;;;;;
2026/07/26;0600 UTC;;;;;;;;;;;;;;;;;;
2026/07/26;0700 UTC;;;;;;;;;;;;;;;;;;
2026/07/26;0800 UTC;;;;;;;;;;;;;;;;;;
2026/07/26;0900 UTC;;;;;;;;;;;;;;;;;;
2026/07/26;1000 UTC;;;;;;;;;;;;;;;;;;
2026/07/26;1100 UTC;;;;;;;;;;;;;;;;;;
2026/07/26;1200 UTC;;;;;;;;;;;;;;;;;;
2026/07/26;1300 UTC;;;;;;;;;;;;;;;;;;
2026/07/26;1400 UTC;;;;;;;;;;;;;;;;;;
2026/07/26;1500 UTC;;;;;;;;;;;;;;;;;;
2026/07/26;1600 UTC;;;;;;;;;;;;;;;;;;
2026/07/26;1700 UTC;;;;;;;;;;;;;;;;;;
2026/07/26;1800 UTC;;;;;;;;;;;;;;;;;;
2026/07/26;1900 UTC;;;;;;;;;;;;;;;;;;
2026/07/26;2000 UTC;;;;;;;;;;;;;;;;;;
2026/07/26;2100 UTC;;;;;;;;;;;;;;;;;;
2026/07/26;2200 UTC;;;;;;;;;;;;;;;;;;
2026/07/26;2300 UTC;;;;;;;;;;;;;;;;;;
2026/07/27;0000 UTC;;;;;;;;;;;;;;;;;;
2026/07/27;0100 UTC;;;;;;;;;;;;;;;;;;
2026/07/27;0200 UTC;;;;;;;;;;;;;;;;;;
2026/07/27;0300 UTC;;;;;;;;;;;;;;;;;;
2026/07/27;0400 UTC;;;;;;;;;;;;;;;;;;
2026/07/27;0500 UTC;;;;;;;;;;;;;;;;;;
2026/07/27;0600 UTC;;;;;;;;;;;;;;;;;;
2026/07/27;0700 UTC;;;;;;;;;;;;;;;;;;
2026/07/27;0800 UTC;;;;;;;;;;;;;;;;;;
2026/07/27;0900 UTC;;;;;;;;;;;;;;;;;;
2026/07/27;1000 UTC;;;;;;;;;;;;;;;;;;
2026/07/27;1100 UTC;;;;;;;;;;;;;;;;;;
2026/07/27;1200 UTC;;;;;;;;;;;;;;;;;;
2026/07/27;1300 UTC;;;;;;;;;;;;;;;;;;
2026/07/27;1400 UTC;;;;;;;;;;;;;;;;;;
2026/07/27;1500 UTC;;;;;;;;;;;;;;;;;;
2026/07/27;1600 UTC;;;;;;;;;;;;;;;;;;
2026/07/27;1700 UTC;;;;;;;;;;;;;;;;;;
2026/07/27;1800 UTC;;;;;;;;;;;;;;;;;;
2026/07/27;1900 UTC;;;;;;;;;;;;;;;;;;
2026/07/27;2000 UTC;;;;;;;;;;;;;;;;;;
2026/07/27;2100 UTC;0;954,6;955,2;952,9;2,8;22,1;19,2;22,5;21,7;19,6;19,1;88;82;84;257;4,3;2;
2026/07/27;2200 UTC;11,8;956,6;957,1;954,7;3,9;17,7;17,3;22,1;17,2;19,8;16,4;98;77;98;183;15,7;2,3;
2026/07/27;2300 UTC;3;956,6;957,3;956,3;0;17,3;17,3;17,8;17,3;17,6;17,3;100;98;100;336;4,4;,7;
2026/07/28;0000 UTC;0;956,2;956,8;956;0;16,7;16,7;17,3;16,7;17,3;16,7;100;100;100;60;1,9;,6;
2026/07/28;0100 UTC;0;956;956,2;956;0;16,2;16,2;16,7;16;16,7;16;100;100;100;117;1;,5;
2026/07/28;0200 UTC;0;955,5;956;955,5;0;15,4;15,4;16,2;15,4;16,2;15,4;100;100;100;348;1,1;,1;
2026/07/28;0300 UTC;0;954,3;955,5;954,3;0;15;15;15,4;15;15,4;15;100;100;100;264;,6;,2;
2026/07/28;0400 UTC;0;954,1;954,4;954;0;18;18;18;14,9;18;14,9;100;100;100;340;4,2;1,7;
2026/07/28;0500 UTC;0;953;954,1;953;0;21;18,1;21,1;18,1;18,4;17,9;100;83;83;331;6,8;3,3;
2026/07/28;0600 UTC;0;952,3;953;952,3;0;22;17,5;22,2;21,1;18,2;17,5;83;76;76;333;9,8;4,2;
2026/07/28;0700 UTC;0;952,4;952,7;952,1;0;22,4;16,9;22,5;22,1;17,7;16,9;76;71;71;328;9;4;
2026/07/28;0800 UTC;,2;954,1;954,7;952,2;0;20,7;15,8;22,8;20,7;17,3;15,8;74;69;74;219;12,3;6;
2026/07/28;0900 UTC;,2;954,2;954,6;953,6;0;17,4;16,6;20,6;17,4;16,7;15,3;95;73;95;111;10,4;2;
2026/07/28;1000 UTC;14,2;955,8;957,8;954,3;0;16,9;16,9;17,4;16,9;17;16,5;100;95;100;61;7,4;1,8;
2026/07/28;1100 UTC;3,7;956,2;956,3;954,7;,7;16,8;16,8;16,9;16,8;16,9;16,8;100;100;100;295;3,7;1,1;
2026/07/28;1200 UTC;5,1;956,6;956,8;956;19,8;16,9;16,9;16,9;16,8;16,9;16,8;100;100;100;121;4,7;1;
2026/07/28;1300 UTC;,8;958,1;958,1;956,4;61,8;17,1;17;17,1;16,9;17,1;16,9;100;100;100;201;2,9;1,3;
2026/07/28;1400 UTC;11,8;958;958,4;957,1;41,4;17,2;17,2;17,2;17,1;17,2;17;100;98;100;186;5,2;1,6;
2026/07/28;1500 UTC;17,3;958,4;958,8;957,7;51,1;17,1;17,1;17,2;17,1;17,2;17,1;100;100;100;73;5,1;1;
2026/07/28;1600 UTC;4,9;957,5;958,8;957,5;177,6;17,2;17,2;17,3;17,1;17,3;17,1;100;100;100;132;2,7;,7;
2026/07/28;1700 UTC;7,1;957;958,1;956,5;138,3;17;17;17,2;17;17,2;17;100;100;100;94;2,8;1,6;
2026/07/28;1800 UTC;8,9;956,2;957,1;956,1;108,3;17;17;17,1;17;17,1;17;100;100;100;20;3,8;2;
2026/07/28;1900 UTC;2;956,1;956,9;956;106,5;17;17;17;16,9;17;16,8;100;99;100;80;2,8;,8;
2026/07/28;2000 UTC;0;955,8;956,3;955,4;124,2;16,7;16,2;17;16,7;16,9;16,2;100;96;97;124;3,7;1,1;
2026/07/28;2100 UTC;0;955,8;956,2;955,4;29,8;16,6;16,1;16,8;16,6;16,4;15,9;98;95;97;105;4,3;1;
2026/07/28;2200 UTC;0;954,6;955,8;954,2;0;16,4;15,7;16,7;16,4;16,2;15,2;97;91;95;25;4,3;1,6;
2026/07/28;2300 UTC;,8;955,1;956,3;954,5;0;16;15,7;16,5;16;15,9;15,5;98;95;98;210;4,8;1,8;
2026/07/29;0000 UTC;,4;953,7;956,2;953,7;0;15,7;15,5;16,4;15,7;15,7;15,4;99;94;99;349;5,6;1;
2026/07/29;0100 UTC;2;953,4;954,7;953,1;0;16;14,9;16,2;15,7;15,5;14,7;99;92;93;18;5,5;1,8;
2026/07/29;0200 UTC;0;952,5;953,3;952,4;0;15,9;14,6;16,7;15,5;15;14,4;96;87;92;251;5,2;1,2;
2026/07/29;0300 UTC;,2;951,2;952,5;951,2;0;15,1;15,1;15,9;15,1;15,1;14,5;100;92;100;262;2,4;,6;
2026/07/29;0400 UTC;2,8;953,1;953,9;951;0;15,4;14,9;16;15,1;15,1;14,6;100;92;96;176;10,3;3,1;
2026/07/29;0500 UTC;14,8;957,1;957,2;953,1;0;15,2;14,9;15,5;15,1;15;14,7;99;96;98;206;7,6;3,1;
2026/07/29;0600 UTC;4,9;955,8;957,1;955,5;0;14,1;13,9;15,2;14,1;14,9;13,7;99;95;99;186;7,9;1,3;
2026/07/29;0700 UTC;6,1;957,5;958;955,3;0;13,5;13,1;14,2;13,5;13,9;13,1;99;95;97;206;8,2;2,3;
2026/07/29;0800 UTC;4,5;956;957,7;956;0;13,2;13,2;13,5;13,2;13,3;13,1;100;97;100;360;4,1;2,1;
2026/07/29;0900 UTC;2;954,9;956,7;954,9;0;13,2;13,2;13,2;13,2;13,2;13,1;100;99;99;111;3,3;1,5;
2026/07/29;1000 UTC;2;959,9;959,9;954,5;0;13,9;13,4;14,2;13,2;13,4;13;100;93;97;269;8,1;2,8;
2026/07/29;1100 UTC;1,4;956,5;960,5;955,8;6,5;13,9;13,3;14,5;13,8;13,4;12,7;97;91;96;20;7,2;1,8;
2026/07/29;1200 UTC;0;957;957,3;956,6;97,1;14;13,2;14;13,7;13,4;13,1;97;95;95;313;4,1;1,2;
2026/07/29;1300 UTC;0;956,3;957;956,2;710,6;16,2;13,5;16,2;14,1;13,7;13;95;84;84;337;4,2;,9;
2026/07/29;1400 UTC;,2;956,4;957,1;956,3;2151,1;19;14,1;19,2;16,3;15,5;13,1;84;70;73;6;2,8;1,3;
2026/07/29;1500 UTC;0;956,7;956,7;956,2;2088,6;21,1;15,4;21,1;19;15,8;13,7;76;66;70;354;3,5;1,9;
2026/07/29;1600 UTC;0;956,7;957;956,6;2783,7;22,7;15,8;22,9;21,1;16,4;14,5;74;60;65;283;3,9;1,8;
2026/07/29;1700 UTC;0;957,3;957,3;956,7;2855,7;21,4;16,2;22,6;21;17,9;15,5;78;65;72;161;5,6;2,4;
2026/07/29;1800 UTC;0;957,8;957,8;957,3;2447,2;20,8;15,3;21,6;20,8;16,5;15,2;74;69;70;189;6,1;2,8;
2026/07/29;1900 UTC;0;958,1;958,1;957,7;1757,1;19,9;14,7;21,2;19,8;16;14,7;75;69;72;164;6,3;2,5;
2026/07/29;2000 UTC;0;958,2;958,2;958,1;882,3;19;14,5;19,8;19;15,4;14,4;78;72;75;136;4,5;1,6;
2026/07/29;2100 UTC;0;959,3;959,3;958,2;184,2;17,2;14,3;19;17,2;14,9;14,3;85;75;83;226;3,6;,8;
2026/07/29;2200 UTC;0;959,7;959,7;959,3;0;16,2;14;17,2;16,2;14,6;13,9;87;82;87;275;2,1;,7;
2026/07/29;2300 UTC;0;960,7;960,7;959,8;0;16;13,8;16,2;16;14,4;13,7;90;86;87;72;2,2;,8;
2026/07/30;0000 UTC;0;961,5;961,5;960,7;0;15,6;13,9;16;15,6;14,3;13,7;92;87;90;300;2,4;,6;
2026/07/30;0100 UTC;0;961,6;961,7;961,4;0;15;14;15,5;15;14,3;13,8;95;90;93;207;1,8;,5;
2026/07/30;0200 UTC;0;962,1;962,1;961,6;0;13,3;13,3;15;13,2;14,1;12,9;100;94;100;15;1,2;,3;
2026/07/30;0300 UTC;0;962;962,2;962;0;12,1;12;13,3;12,1;13,3;12;100;97;100;330;1,1;,4;
2026/07/30;0400 UTC;0;962,2;962,2;961,8;0;11,7;11,7;12,3;11,6;12,3;11,6;100;100;100;83;,8;,4;
2026/07/30;0500 UTC;0;962,4;962,4;961,8;0;11,1;11,1;11,7;11;11,7;11;100;100;100;141;2;1;
2026/07/30;0600 UTC;0;961,7;962,4;961,7;0;11,5;11,5;11,5;10,7;11,5;10,7;100;100;100;208;2;,6;
2026/07/30;0700 UTC;0;961,8;961,9;961,6;0;11,7;11,7;11,8;11,3;11,8;11,3;100;100;100;343;2;,4;
2026/07/30;0800 UTC;0;962;962;961,6;0;11,9;11,9;12;11,7;12;11,7;100;100;100;161;3;1;
2026/07/30;0900 UTC;0;962,7;962,7;962;0;11,2;11,2;11,9;11,2;11,9;11,2;100;100;100;207;3,2;,7;
2026/07/30;1000 UTC;0;963,8;963,8;962,7;0;11,6;11,6;11,6;11,2;11,6;11,2;100;100;100;31;2,5;,6;
2026/07/30;1100 UTC;0;964,9;964,9;963,8;25,7;12;12;12;11,6;12;11,6;100;100;100;77;1,1;,7;
2026/07/30;1200 UTC;0;965,2;965,5;964,9;322,6;12,5;12,4;12,5;12;12,4;12;100;99;99;121;2,9;,9;
2026/07/30;1300 UTC;0;965,3;965,3;965;760,8;13,7;12,8;13,7;12,5;12,9;12,1;99;92;94;141;3,7;1,3;
2026/07/30;1400 UTC;0;965;965,3;965;1106,3;14,9;13;14,9;13,7;13,5;12,6;94;88;88;148;4,2;1,6;
2026/07/30;1500 UTC;0;964,3;965,1;964,3;1943,4;17,2;13,3;17,2;14,9;14,1;12,7;92;78;78;104;4,2;1,8;
2026/07/30;1600 UTC;0;963,3;964,3;963,3;2949,3;18,5;13,6;18,7;17,1;13,8;12,6;80;70;73;40;4,9;2,2;
2026/07/30;1700 UTC;0;963;963,3;962,9;2912,2;19,7;14,4;19,7;18,6;15,5;13,2;77;69;72;155;4,6;2,1;
2026/07/30;1800 UTC;0;962,4;963;962,4;2443,2;20,7;14,8;20,7;19,6;15,5;13,8;73;68;69;152;4,5;2;
2026/07/30;1900 UTC;0;962,5;962,6;962,2;1747,3;21,2;15,5;21,9;20,6;16,2;14,4;73;67;70;159;4,3;2,5;
2026/07/30;2000 UTC;0;962,3;962,5;962,1;933,2;20;16,1;21,2;20;16,5;15,3;79;69;78;174;4,4;1,7;
2026/07/30;2100 UTC;0;962,3;962,5;962,3;177,5;18;15,8;19,9;18;16,4;15,7;87;78;87;168;3,4;1,7;
2026/07/30;2200 UTC;0;962,3;962,3;962,1;0;16,1;15,5;18;16,1;15,9;15,5;96;86;96;349;1,9;,3;
2026/07/30;2300 UTC;0;962,9;962,9;962,3;0;15,2;15,1;16,1;15,2;15,5;15;100;96;99;139;1;,4;
2026/07/31;0000 UTC;0;963,3;963,3;962,8;0;14,4;14,3;15,4;14,4;15,2;14,2;100;97;99;242;1,5;,3;
2026/07/31;0100 UTC;0;963,4;963,4;963,2;0;14,4;14,4;15,1;14,3;15,1;14,3;100;99;100;326;1,1;,4;
2026/07/31;0200 UTC;0;963,9;964;963,3;0;14,7;14,5;15,3;14,2;14,9;14,1;100;96;99;287;2,1;,5;
2026/07/31;0300 UTC;0;964;964,1;963,8;0;14,5;14,5;14,7;14,3;14,6;14,2;100;99;100;203;1,5;,4;
2026/07/31;0400 UTC;0;963,5;964;963,4;0;14,7;14,2;14,9;14,1;14,6;14,1;100;95;97;337;3,1;1,1;
2026/07/31;0500 UTC;0;963,7;963,7;963,5;0;14,4;14,1;14,7;14;14,2;13,6;100;96;98;326;1,5;,6;
2026/07/31;0600 UTC;0;963,4;963,6;963,4;0;14,1;13,5;14,6;14,1;14,2;13,5;99;95;96;94;1,4;,6;
2026/07/31;0700 UTC;0;962,8;963,4;962,8;0;15,4;14,1;15,5;14;14,3;13,6;100;92;92;114;4,5;1,3;
2026/07/31;0800 UTC;0;962,6;962,8;962,5;0;15,5;14,2;15,8;15,5;14,3;14,1;92;90;92;25;4,5;1,1;
2026/07/31;0900 UTC;0;962,9;962,9;962,6;0;15,4;14,2;15,6;14,8;14,3;14,1;96;92;92;3;3,7;1;
2026/07/31;1000 UTC;0;963,3;963,3;962,9;0;15,5;14,2;15,6;15,1;14,3;14,1;95;91;92;24;4,2;2,1;
2026/07/31;1100 UTC;0;963,6;963,6;963,3;118,6;16;14,1;16;15,4;14,2;13,9;93;88;88;24;4,2;1,9;
2026/07/31;1200 UTC;0;963,8;963,9;963,6;865,3;17,9;13,9;17,9;16;14,3;13,9;88;77;77;10;6,6;2,4;
2026/07/31;1300 UTC;0;964,3;964,3;963,8;1687,1;19,6;14,6;19,6;17,9;14,9;14;80;72;73;11;6,4;2,8;
2026/07/31;1400 UTC;0;964;964,4;964;2351,9;21,4;15;21,4;19,6;15,6;14,4;74;65;67;13;6,2;3,2;
2026/07/31;1500 UTC;0;963,2;964,1;963,2;2791,6;23,3;15,3;23,3;21,5;16;14,6;67;59;61;5;6,7;3,8;
2026/07/31;1600 UTC;0;962;963,2;962;2943,8;25,1;15,3;25,2;23,4;16,4;15,2;63;54;55;17;7,6;4,1;
2026/07/31;1700 UTC;0;960,7;962;960,7;2813,5;26,3;16;26,5;25,1;16,7;15,2;60;52;53;7;8,2;3,6;
2026/07/31;1800 UTC;0;960,1;960,7;960,1;2389,2;27;16,8;27,3;26,3;17,8;15,9;57;52;54;1;7,2;3,3;
2026/07/31;1900 UTC;0;959,5;960,1;959,5;1752,3;27;17,3;27,1;26,7;17,7;16,4;57;53;55;9;7;2,8;
2026/07/31;2000 UTC;0;959,2;959,5;959,2;972,2;25,6;16,8;27,1;25,6;17,7;16,3;58;55;58;21;7,3;3;
2026/07/31;2100 UTC;0;959,4;959,4;959,2;203,5;23,5;16,1;25,6;23,5;16,7;16;63;56;63;14;7,7;3,7;
2026/07/31;2200 UTC;0;959,7;959,7;959,3;0;21,9;16,3;23,6;21,4;16,4;15,9;72;62;70;19;6,4;1,9;
2026/07/31;2300 UTC;0;959,9;959,9;959,7;0;21;15,9;21,9;21;16,3;15,8;72;70;72;28;6,5;3,2;
2026/08/01;0000 UTC;0;960,4;960,4;959,9;0;19,6;14,9;21;19,6;15,9;14,8;75;71;74;10;7;2,7;
2026/08/01;0100 UTC;0;960,7;960,8;960,6;0;19;13;19,8;18,8;14,5;12,9;72;68;68;11;7,3;2,9;
2026/08/01;0200 UTC;0;960,6;960,7;960,5;0;17,8;12,2;19;17,7;13;12,2;71;68;70;359;6,5;1,9;
2026/08/01;0300 UTC;0;960,6;960,7;960,6;0;17,4;12,1;17,8;17,4;12,2;11,8;71;69;71;6;6;2,8;
2026/08/01;0400 UTC;0;960,3;960,7;960,3;0;17,2;12,2;17,6;17,1;12,3;11,9;73;70;73;17;5,9;2,2;
2026/08/01;0500 UTC;0;959,6;960,4;959,6;0;16,6;12,2;17,1;16,6;12,4;12,1;75;73;75;6;5,9;2,4;
2026/08/01;0600 UTC;0;959,2;959,6;959,2;0;16,4;12,1;16,9;16,4;12,2;12;76;73;76;11;6,6;2,3;
2026/08/01;0700 UTC;0;958,4;959,2;958,4;0;16,4;12;16,5;16,2;12,2;11,9;77;75;75;22;7;3,3;
2026/08/01;0800 UTC;0;958,3;958,5;958,2;0;16,2;12,1;16,5;16,1;12,1;11,9;77;75;77;348;6,4;2,4;
2026/08/01;0900 UTC;0;958,3;958,4;958,2;0;16,6;12;16,6;16;12,1;11,9;77;74;74;353;7,6;3,6;
2026/08/01;1000 UTC;0;958,5;958,6;958,2;0;16,3;11,7;16,8;16,3;12;11,6;75;73;74;345;8,8;2,8;
2026/08/01;1100 UTC;0;958,7;958,7;958,5;124,8;17,1;11,4;17,1;16,2;11,7;11,3;74;69;69;347;6,5;2,5;
2026/08/01;1200 UTC;0;958,5;958,8;958,4;888,4;19,1;11,8;19,1;17,1;12;11,2;69;62;63;340;6,8;3,6;
2026/08/01;1300 UTC;0;958,3;958,5;958,1;1674,8;22,1;12,9;22,1;19,1;13;11,7;63;54;56;2;8,8;3,2;
2026/08/01;1400 UTC;0;958;958,4;958;2375,7;24,5;13,4;24,5;22,2;13,9;12,2;55;48;50;4;8,5;3,1;
2026/08/01;1500 UTC;0;956,9;958;956,8;2793,1;26,9;14,1;26,9;24,6;15;12,7;51;44;45;354;8,3;3,5;
2026/08/01;1600 UTC;0;955,9;956,8;955,9;2940,6;28,3;14,5;28,3;26,7;15,9;13,8;48;43;43;339;8,7;3,1;
2026/08/01;1700 UTC;0;954,6;955,9;954,6;2807,5;28,2;14,5;28,4;27,8;15,6;13,5;47;40;43;334;12;4,4;
2026/08/01;1800 UTC;0;953,7;954,6;953,7;2350,1;28,4;15,1;28,6;28;15,9;14;47;42;44;345;11;4,1;
2026/08/01;1900 UTC;0;953,6;953,7;953,5;1346,5;27,7;15,4;28,3;27,6;15,9;14,6;48;44;47;353;9,1;3,9;
2026/08/01;2000 UTC;0;953,3;953,5;953,1;541,6;26,4;15,8;27,7;26,4;16,8;15,1;53;47;52;354;8,2;2,6;
2026/08/01;2100 UTC;0;954,8;954,8;953,3;80,7;25,6;16,1;26,4;25,4;16,7;15,7;58;52;56;293;7,6;3,9;
2026/08/01;2200 UTC;0;957,4;957,5;954,8;,2;20,8;16,8;25,7;20,8;16,9;16;78;55;78;291;15,2;4,1;
2026/08/01;2300 UTC;0;959,7;959,7;957,4;0;18,5;15,4;20,7;18,4;17;15,4;85;78;82;282;11,1;5;
2026/08/02;0000 UTC;0;959,5;959,7;959,1;0;17,8;15;18,5;17,8;15,7;14,9;85;81;83;332;7,3;1,8;
2026/08/02;0100 UTC;0;957,5;959,4;957,5;0;17,6;14,6;17,7;17,3;15,1;14,5;87;82;82;12;7,3;3,5;
2026/08/02;0200 UTC;0;960;960;957,4;0;17,4;14,2;17,7;16,9;14,7;14,1;86;80;81;275;6;2,6;
2026/08/02;0300 UTC;0;960,4;960,6;959,7;0;16,4;14,1;17,4;16,4;14,4;14,1;87;81;87;266;5,3;1,2;
2026/08/02;0400 UTC;0;960,8;960,8;960,4;0;15,6;14,1;16,3;15,6;14,2;14,1;91;87;91;251;3,8;,6;
2026/08/02;0500 UTC;0;960,2;961;960,1;0;14,4;13,8;15,6;14,4;14,2;13,8;96;91;96;281;2,3;,7;
2026/08/02;0600 UTC;0;960,1;960,4;960,1;0;13,9;13,3;14,4;13,8;13,8;13,3;98;95;97;121;1,7;,7;
2026/08/02;0700 UTC;0;960,6;960,6;960,2;0;12,9;12,6;13,9;12,9;13,5;12,5;100;97;98;30;1,4;,4;
2026/08/02;0800 UTC;0;960,3;960,6;960,3;0;12,1;12,1;12,9;12,1;12,8;12,1;100;98;100;291;1;,3;
2026/08/02;0900 UTC;0;960,4;960,5;960,3;0;12,2;12,2;12,2;11,9;12,2;11,9;100;100;100;173;,9;,4;
2026/08/02;1000 UTC;0;960,9;960,9;960,3;0;11,8;11,8;12,3;11,8;12,3;11,8;100;100;100;17;,7;,4;
2026/08/02;1100 UTC;0;961,3;961,4;960,9;58,3;12;12;12,1;11,8;12,1;11,8;100;100;100;317;1;,4;
2026/08/02;1200 UTC;0;962;962;961,2;439,8;13,3;13,3;13,3;12;13,3;12;100;100;100;302;1,1;,5;
2026/08/02;1300 UTC;0;962,2;962,2;962;1313,7;16,7;14;16,9;13,3;14,9;13,3;100;81;85;129;2,6;1,6;
2026/08/02;1400 UTC;0;962,1;962,5;962,1;1922,1;18,4;14,7;18,4;16,6;14,8;13,8;87;76;79;155;2,9;1;
2026/08/02;1500 UTC;0;961,6;962,1;961,6;2205,4;20;14;20,3;18,5;15,3;13,8;79;67;69;321;3,3;,7;
2026/08/02;1600 UTC;0;961,1;961,6;961,1;1724,3;20,8;15;20,8;20;15,8;14,1;75;68;69;133;2,9;1,1;
2026/08/02;1700 UTC;0;960,5;961;960,5;1697,1;21,2;15,6;21,2;20,7;16,1;14,7;73;67;70;225;2,8;1,2;
2026/08/02;1800 UTC;0;960,3;960,5;960,3;1892,1;22,2;15,4;22,2;21,2;16;14,5;71;64;65;239;3,1;,8;
2026/08/02;1900 UTC;0;960,2;960,4;960,2;1515,3;22,3;16,1;23;22,1;16,9;15,4;72;64;68;181;3,3;1,6;
2026/08/02;2000 UTC;0;960,2;960,3;960,1;756,4;22;16;22,3;21,7;16,8;15,7;73;67;69;184;2,9;,9;
2026/08/02;2100 UTC;0;960,2;960,3;960,1;166;18,7;16,8;22,2;18,7;17,5;16,2;89;69;89;124;1,6;,3;
2026/08/02;2200 UTC;0;960,5;960,5;960,2;0;16,7;16,1;18,7;16,7;16,9;16,1;97;88;96;286;,7;,3;
2026/08/02;2300 UTC;0;960,9;960,9;960,5;0;15,9;15,8;16,8;15,9;16,3;15,7;100;95;100;348;,7;,2;
2026/08/03;0000 UTC;0;961,4;961,4;960,9;0;15,3;15,2;16;15,3;15,9;15;100;97;100;191;,7;,3;
2026/08/03;0100 UTC;0;961,4;961,4;961,2;0;14,6;14,5;15,5;14,6;15,5;14,5;100;99;99;337;,9;,3;
2026/08/03;0200 UTC;0;961,5;961,5;961,4;0;14,5;14,5;14,8;14,4;14,8;14,4;100;100;100;125;,5;,2;
2026/08/03;0300 UTC;0;961,2;961,5;961,2;0;14;14;14,6;14;14,6;14;100;100;100;193;,7;,1;
2026/08/03;0400 UTC;0;961,2;961,2;961,1;0;13,8;13,8;14,2;13,8;14,2;13,8;100;100;100;169;,6;,2;
2026/08/03;0500 UTC;0;961,1;961,3;961,1;0;13,8;13,8;14;13,8;14;13,8;100;100;100;230;,8;,6;
2026/08/03;0600 UTC;0;960,7;961,1;960,7;0;13,7;13,7;13,9;13,7;13,9;13,7;100;100;100;166;,7;,5;
2026/08/03;0700 UTC;0;960,5;960,7;960,4;0;13,6;13,6;13,7;13,4;13,7;13,4;100;100;100;331;,8;,3;
2026/08/03;0800 UTC;0;960,3;960,5;960,3;0;13,3;13,3;13,6;13,3;13,6;13,3;100;100;100;192;,5;,2;
2026/08/03;0900 UTC;0;960,8;960,8;960,4;0;13,1;13,1;13,3;13;13,3;13;100;100;100;208;,6;,4;
2026/08/03;1000 UTC;0;961,4;961,4;960,9;0;12,7;12,7;13,1;12,6;13,1;12,6;100;100;100;254;,7;,5;
2026/08/03;1100 UTC;0;961,8;961,8;961,5;100,9;13,1;13,1;13,1;12,7;13,1;12,7;100;100;100;162;,9;,2;
2026/08/03;1200 UTC;0;962,2;962,2;961,8;551,3;14,9;14,9;14,9;13,2;14,9;13,2;100;100;100;352;,8;,2;
2026/08/03;1300 UTC;0;962,1;962,3;962;1033,4;17,3;16,8;17,3;14,8;16,8;14,8;100;96;97;332;1,1;,4;
2026/08/03;1400 UTC;0;961,9;962,2;961,9;1438,2;21,2;17,6;21,2;17,5;18,3;17;98;78;80;297;1,1;,5;
2026/08/03;1500 UTC;0;961;961,9;961;1933,6;23,8;18,1;23,8;21,3;18,6;17;81;69;70;343;2,6;1;
2026/08/03;1600 UTC;0;960,5;961;960,4;2028,1;25,2;17,8;25,2;23,7;18,5;17,2;71;64;64;5;3,6;1,2;
2026/08/03;1700 UTC;0;960;960,5;959,9;2133,2;26,6;18,4;26,7;25,2;18,6;17,3;67;57;61;341;3,9;1,9;
2026/08/03;1800 UTC;0;960;960;959,8;1638,5;26,7;16,5;27,2;26,6;18,7;15,8;61;51;54;311;6,2;2,5;
2026/08/03;1900 UTC;0;960,1;960,1;959,9;1045,7;25,6;17,3;27,1;25,6;17,8;16,4;61;53;60;308;5,4;2,1;
2026/08/03;2000 UTC;0;959,8;960,1;959,8;439,3;24,3;18;25,6;24,3;18,3;17;68;59;68;343;4,1;1,6;
2026/08/03;2100 UTC;0;960,5;960,5;959,8;91,5;23,3;15,9;24,3;23,1;18,5;15,9;74;63;63;302;5,7;2,9;
2026/08/03;2200 UTC;0;960,8;960,9;960,6;0;22,1;15,9;23,3;22,1;15,9;15,5;68;62;68;281;6,8;2,2;
2026/08/03;2300 UTC;0;960,5;960,9;960,4;0;20,9;16;22;20,9;16,2;15,7;74;68;74;344;4,2;,8;
2026/08/04;0000 UTC;0;960,7;960,7;960,5;0;19,9;16,1;20,9;19,9;16,6;15,9;80;73;79;332;3;,9;
2026/08/04;0100 UTC;0;960,6;960,8;960,6;0;19,7;15,2;20,5;19,1;16,5;15,2;84;75;76;352;2,2;1,2;
2026/08/04;0200 UTC;0;960,6;960,7;960,4;0;18,6;15,7;20,3;18,5;16,2;15,2;85;73;83;308;2,2;,8;
2026/08/04;0300 UTC;0;960,6;960,8;960,5;0;17,1;15;18,5;17,1;15,7;14,9;88;80;88;40;2,5;,5;
2026/08/04;0400 UTC;0;960,3;960,6;960,3;0;16,4;15,1;17,1;15,9;15,3;14,9;95;88;92;335;1,8;,7;
2026/08/04;0500 UTC;0;958,9;960,3;958,9;0;17,5;15,1;17,7;16,4;15,2;14,9;92;84;86;22;3,7;2;
2026/08/04;0600 UTC;0;958,7;958,9;958,6;0;15,7;14,7;17,6;14,7;15,1;14,2;99;85;94;102;3,5;,7;
2026/08/04;0700 UTC;0;958,2;958,7;958,1;0;15,2;14;15,9;14,7;14,9;14;99;92;93;146;1,5;,6;
2026/08/04;0800 UTC;0;959;959;958,2;0;15,6;14,9;15,6;14,4;15;13,8;100;94;96;150;1,7;,7;
2026/08/04;0900 UTC;0;959,9;959,9;959;0;15,3;14,9;15,9;15;15;14,6;99;94;98;341;1,2;,3;
2026/08/04;1000 UTC;0;961,2;961,2;959,9;0;15,6;15,2;15,6;15,2;15,2;14,9;99;96;97;86;1,1;,5;
2026/08/04;1100 UTC;0;961,7;961,7;961,1;20,5;15,5;15,3;15,8;15,5;15,4;15,2;99;96;99;290;1,9;,7;
2026/08/04;1200 UTC;,2;962,3;962,3;961,6;266,8;16,8;16;16,8;15,5;16;15,3;100;94;95;242;1,3;,3;
2026/08/04;1300 UTC;0;962,3;962,6;962,3;626,1;18,4;16,7;18,4;16,9;16,8;15,9;96;86;90;336;2,8;,6;
2026/08/04;1400 UTC;0;961,8;962,3;961,8;424,9;19;16,9;19;18,4;17,4;16,1;93;86;88;245;2,4;,6;
2026/08/04;1500 UTC;0;961,4;961,8;961,4;779,3;20,3;17;20,3;19;17,7;16,5;88;81;81;150;2,2;1,1;
2026/08/04;1600 UTC;0;960,4;961,4;960,4;2774,7;22,7;16,4;22,7;20,4;18,1;14,9;83;62;68;123;3,3;1,2;
2026/08/04;1700 UTC;0;959,5;960,3;959,5;2232,9;23,3;15,8;23,8;22,4;17,5;15,5;71;61;63;90;3,3;1,5;
2026/08/04;1800 UTC;0;958,5;959,5;958,5;1555;23,5;16,1;23,8;23,1;16,8;15,2;68;61;63;138;2,8;1,3;
2026/08/04;1900 UTC;0;958,1;958,4;958,1;1029,1;23,3;16,8;24,3;23,3;17,3;15,6;69;60;67;336;3,6;,9;
2026/08/04;2000 UTC;0;958,2;958,2;958,1;274;21,5;17,9;23,3;21,5;18,2;16,6;81;67;80;97;2;,3;
2026/08/04;2100 UTC;0;958,7;958,7;958,2;48,5;20;18,1;21,5;19,9;18,8;17,8;90;79;89;136;,9;,4;
2026/08/04;2200 UTC;0;958,9;958,9;958,7;0;18,7;17,8;20;18,7;18,4;17,8;94;90;94;266;,8;,3;
2026/08/04;2300 UTC;0;959,1;959,2;958,9;0;18;17,6;18,7;18;18;17,5;98;94;98;205;,6;,2;
2026/08/05;0000 UTC;0;959,2;959,2;959,1;0;17,5;17,5;18;17,5;17,7;17,4;99;97;99;332;,6;,2;
2026/08/05;0100 UTC;0;959;959,2;959;0;16,9;16,9;17,6;16,9;17,5;16,8;100;97;100;2;1;,3;
2026/08/05;0200 UTC;0;959;959,1;958,9;0;16,4;16,4;17;16,4;17;16,4;100;100;100;36;,8;,4;
2026/08/05;0300 UTC;0;958,8;959,1;958,8;0;16;16;16,4;15,8;16,4;15,8;100;100;100;160;,8;,3;
2026/08/05;0400 UTC;0;958,8;958,9;958,7;0;16;16;16,2;15,5;16,2;15,5;100;100;100;79;,7;,3;
2026/08/05;0500 UTC;0;958,6;958,8;958,6;0;15,7;15,7;16,1;15,7;16,1;15,7;100;100;100;295;,8;,3;
2026/08/05;0600 UTC;0;958,1;958,6;958,1;0;15,7;15,7;15,8;15,6;15,8;15,6;100;100;100;256;,6;,2;
2026/08/05;0700 UTC;,2;957,7;958,1;957,7;0;15,8;15,8;15,9;15,7;15,9;15,7;100;100;100;219;,8;,3;
2026/08/05;0800 UTC;0;957,3;957,8;957,3;0;15,6;15,6;16;15,6;16;15,6;100;100;100;241;,8;,4;
2026/08/05;0900 UTC;0;957,4;957,4;957,2;0;15,4;15,4;15,8;15,4;15,8;15,4;100;100;100;234;1;,4;
2026/08/05;1000 UTC;0;957,9;957,9;957,4;0;15,5;15,5;15,7;15,4;15,7;15,4;100;100;100;207;,8;,4;
2026/08/05;1100 UTC;0;958,5;958,6;957,9;10,8;16,2;16,2;16,2;15,5;16,2;15,5;100;100;100;73;1,8;,8;
2026/08/05;1200 UTC;0;958,7;958,7;958,4;145,9;17;17;17;16;17;16;100;100;100;257;1,3;,5;
2026/08/05;1300 UTC;0;959,2;959,2;958,7;697,4;18,9;17,2;18,9;17;17,5;16,4;100;86;90;312;2,4;1,1;
2026/08/05;1400 UTC;0;959,1;959,3;959,1;708,1;19,5;16,7;19,5;19;17,4;16,4;90;84;84;4;3,2;1,2;
2026/08/05;1500 UTC;0;958,2;959,1;958,2;740;20;16,6;20,1;19,5;17,1;16,4;86;80;80;27;3,6;1,8;
2026/08/05;1600 UTC;0;957;958,2;957;1948,7;21,5;15,2;21,8;20;17;15,2;80;67;67;4;4,9;2,1;
2026/08/05;1700 UTC;0;956,3;957;956,1;1701,9;21,6;15,8;22;21,2;16,4;15,1;73;66;70;10;5,4;2,1;
2026/08/05;1800 UTC;0;955,8;956,2;955,8;508,4;19,7;16,7;21,7;19,7;17,1;15,8;83;70;83;299;5,2;2,1;
2026/08/05;1900 UTC;0;955,5;955,8;955,5;581,5;21,2;16,6;21,2;19,4;17,8;16,3;88;75;75;322;3,4;,9;
2026/08/05;2000 UTC;0;955,4;955,6;955,4;690,5;20,7;16,7;22,2;20,6;17,3;16,4;79;70;78;11;2,9;1,7;
2026/08/05;2100 UTC;0;955,6;955,6;955,4;104,2;18,6;17,6;20,8;18,6;17,7;16,5;94;77;94;226;3;,5;
2026/08/05;2200 UTC;0;955,4;955,7;955,4;0;18,2;17,4;18,8;18,2;17,8;17,4;95;93;95;28;1,2;,3;
2026/08/05;2300 UTC;0;955,8;955,8;955,3;0;16,9;16,7;18,2;16,9;17,4;16,6;99;95;99;253;1,2;,7;
2026/08/06;0000 UTC;0;955,9;955,9;955,7;0;16,2;16,2;16,9;16;16,7;15,8;100;96;100;239;1,3;,4;
2026/08/06;0100 UTC;0;955,8;956;955,8;0;17,3;16,5;17,5;16,2;16,7;16,2;100;94;95;71;1,3;,7;
2026/08/06;0200 UTC;0;955,6;955,8;955,5;0;16,1;15,7;17,3;16,1;16,6;15,5;98;95;97;96;1,5;,5;
2026/08/06;0300 UTC;0;955,3;955,7;955,3;0;15,6;15,5;16,2;15,6;15,9;15,3;99;96;99;57;1,2;,4;
2026/08/06;0400 UTC;0;955;955,3;955;0;15,5;15,4;15,7;15,4;15,6;15,2;100;98;99;109;2,7;,7;
2026/08/06;0500 UTC;0;955;955,1;954,9;0;14,8;14,8;15,5;14,8;15,5;14,6;100;98;100;177;1,4;,3;
2026/08/06;0600 UTC;0;954,2;955;954,2;0;13,8;13,8;15,7;13,8;15,7;13,8;100;98;100;263;1,6;,6;
2026/08/06;0700 UTC;0;953,4;954,2;953,4;0;14;14;14,5;13,8;14,5;13,8;100;100;100;18;,9;,4;
2026/08/06;0800 UTC;0;952,7;953,4;952,6;0;13,5;13,5;14,3;13,4;14,3;13,4;100;100;100;310;,8;,3;
2026/08/06;0900 UTC;0;952,5;952,7;952,4;0;15,2;15,2;15,2;13,3;15,2;13,3;100;100;100;162;2;,6;
2026/08/06;1000 UTC;0;953,1;953,1;952,5;0;14;14;15,3;14;15,3;14;100;100;100;69;1,3;,5;
2026/08/06;1100 UTC;0;952,9;953,3;952,7;160,9;14,3;14,2;14,7;13,9;14,7;13,9;100;99;99;326;1,2;,5;
2026/08/06;1200 UTC;,2;953,2;953,2;952,9;953,7;18,7;16,5;18,9;14,3;17;14,1;99;85;87;23;1,1;,4;
2026/08/06;1300 UTC;0;952,6;953,2;952,5;1333,3;20,3;17,5;20,6;18,2;17,6;16,4;91;82;84;339;3,2;1,6;
2026/08/06;1400 UTC;0;952,5;952,9;952,4;868,6;20,7;17,7;20,8;20,3;18,1;17,2;86;81;83;351;4,8;1,6;
2026/08/06;1500 UTC;9,3;953;953,5;952;333,8;17,9;17,3;20,9;17,9;18,2;17,3;96;82;96;338;6,8;3,5;
2026/08/06;1600 UTC;4,1;951,6;953,1;951,5;192,1;17,7;17,5;17,8;17,2;17,5;16,8;100;96;98;20;4,2;2,4;
2026/08/06;1700 UTC;,2;950,5;951,5;950,5;556,9;18,7;17,9;18,7;17,8;18,2;17,5;98;95;96;354;5,3;1,7;
2026/08/06;1800 UTC;,4;949,3;950,7;949,2;1680,2;21,2;18,4;21,5;18,7;19,5;17,9;96;81;84;11;5,5;3,3;
2026/08/06;1900 UTC;0;949;949,3;948,9;1151,5;21,6;16,9;21,9;21,3;19,1;16,9;86;74;75;340;7;3,4;
2026/08/06;2000 UTC;0;948,7;949;948,7;370,4;20,2;16,6;21,5;20,2;17,2;16,2;81;74;80;356;7,8;2,4;
2026/08/06;2100 UTC;0;948,8;949,2;948,6;32,8;20;16,7;20,3;19,9;16,8;16,3;81;78;81;340;8,1;3,9;
2026/08/06;2200 UTC;1,4;948,8;949,1;948,7;0;18,3;16;19,9;18,2;16,9;15,8;88;83;87;324;11,6;2,9;
2026/08/06;2300 UTC;,8;948,2;948,8;948;0;17,6;16;18,2;17,5;16,3;15,8;92;87;90;341;6,9;2,6;
2026/08/07;0000 UTC;,4;949,6;949,6;948,2;0;16,7;15,9;17,7;16,6;16,2;15,7;97;89;95;276;5,3;1,7;
2026/08/07;0100 UTC;12,4;952,6;953,1;950,1;,1;15,4;14,7;17;15,4;15,8;14,5;96;89;96;267;10,8;4,5;
2026/08/07;0200 UTC;6,1;950,3;952,8;950,3;0;15,3;14,6;15,5;15,3;14,9;14,4;97;94;96;339;7,9;2,2;
2026/08/07;0300 UTC;,4;949,2;950,6;949,2;0;16;14,3;16;15,3;14,7;14;96;88;90;320;9,1;3,5;
2026/08/07;0400 UTC;0;949,9;949,9;949,2;0;16,1;14,5;16,1;15,3;14,7;14,1;93;89;91;284;7,2;2,6;
2026/08/07;0500 UTC;0;950,6;950,6;949,9;0;15,8;14,7;16,1;15,8;15,2;14,6;96;91;93;261;5,6;3;
2026/08/07;0600 UTC;0;950,8;950,9;950,5;0;15,1;13;15,9;15,1;14,7;12,7;93;86;87;277;6,6;2;
2026/08/07;0700 UTC;0;951,1;951,2;950,9;0;13,9;12,3;15,1;13,9;13,1;12,1;94;86;90;234;4,1;,6;
2026/08/07;0800 UTC;0;951,7;951,7;951,2;0;13,1;10,5;14,2;13,1;12,8;10,3;93;81;84;265;4,9;2;
2026/08/07;0900 UTC;,2;952,9;952,9;951,8;0;12;8,6;13,1;12;10,5;8,6;86;79;79;276;5,6;3;
2026/08/07;1000 UTC;0;954,4;954,4;952,9;0;11,2;8,5;12;11;8,7;7,9;84;78;83;286;6;1,6;
2026/08/07;1100 UTC;0;955,5;955,5;954,4;110,9;11,3;8;11,3;11;8,9;7,8;86;79;80;274;5,8;2,4;
2026/08/07;1200 UTC;0;956;956,1;955,4;779;11,5;7,3;11,9;11,3;8,2;7;81;73;75;308;6,4;2,7;
2026/08/07;1300 UTC;0;956,7;956,8;956,1;1275;11,8;6,9;12,2;11,4;7,9;6,4;78;68;72;305;6,3;3,1;
2026/08/07;1400 UTC;0;957;957;956,6;1934,9;13,4;7,2;13,7;11,6;7,8;6,2;75;65;66;271;5,8;2,2;
2026/08/07;1500 UTC;0;956,3;957;956,3;2587,4;14,7;6,2;14,8;12,3;7,7;5,5;70;57;57;286;5,5;2,3;
2026/08/07;1600 UTC;0;956;956,6;956;2186,6;13,5;7,3;14,5;13,4;7,8;5,6;68;56;66;243;5,2;1,9;
2026/08/07;1700 UTC;0;955,6;956,2;955,6;1104,9;13,3;6,9;13,7;13,2;7,8;6,6;68;63;65;311;5,7;2,4;
2026/08/07;1800 UTC;0;955,3;955,7;955,1;1054,7;13,1;7,6;13,4;13;8,3;6,9;72;66;69;333;5,1;2,4;
2026/08/07;1900 UTC;0;955;955,3;955;1043,7;13,7;7,7;13,7;13;8,4;7,4;73;66;67;298;4,6;1,9;
2026/08/07;2000 UTC;0;955,4;955,4;954,9;1129;13,7;7,3;14,3;13,4;8,2;6,8;68;63;65;274;4,2;2;
2026/08/07;2100 UTC;0;955,1;955,5;955,1;267,9;11,1;8,4;13,7;11;9;7;85;64;83;236;2,7;,7;
2026/08/07;2200 UTC;0;955,3;955,3;955,1;0;8,2;7,6;11,1;8,2;8,8;7,6;97;84;96;201;,8;,3;
2026/08/07;2300 UTC;0;955,4;955,5;955,2;0;7,2;7;8,2;7,2;7,9;6,9;100;95;99;236;,8;,3;
2026/08/08;0000 UTC;0;955,2;955,4;955,1;0;6,1;6,1;7,3;6,1;7,3;6,1;100;97;100;327;1,1;,3;
2026/08/08;0100 UTC;0;954,5;955,1;954,5;0;5,8;5,8;6,3;5,8;6,3;5,8;100;100;100;76;,8;,5;
2026/08/08;0200 UTC;0;954,4;954,5;954,4;0;5,2;5,2;5,8;5;5,8;5;100;100;100;196;,9;,3;
2026/08/08;0300 UTC;0;953,8;954,5;953,8;0;5,4;5,4;5,5;5,3;5,5;5,3;100;100;100;114;,8;,5;
2026/08/08;0400 UTC;0;953,2;953,7;953,1;0;5,3;5,3;5,6;5,2;5,6;5,2;100;100;100;326;1,1;,4;
2026/08/08;0500 UTC;0;952,6;953,2;952,6;0;4,9;4,9;5,3;4,8;5,3;4,8;100;100;100;24;1,4;,3;
2026/08/08;0600 UTC;0;951,8;952,6;951,8;0;4,6;4,6;4,9;4,5;4,9;4,5;100;100;100;38;1,3;,2;
2026/08/08;0700 UTC;0;951;951,8;951;0;4,6;4,6;4,9;4,6;4,9;4,6;100;100;100;267;1,5;,8;
2026/08/08;0800 UTC;0;951,1;951,1;951;0;4,4;4,4;4,6;4,3;4,6;4,3;100;100;100;336;1;,1;
2026/08/08;0900 UTC;0;950,9;951,1;950,8;0;4,8;4,8;4,8;4,4;4,8;4,4;100;100;100;204;1,1;,5;
2026/08/08;1000 UTC;0;951,5;951,6;951;0;5,3;5,3;5,3;4,8;5,3;4,8;100;100;100;264;1,2;,5;
2026/08/08;1100 UTC;0;951,7;951,7;951,3;52,8;6,6;6,6;6,6;5,4;6,6;5,4;100;100;100;224;1,5;,5;
2026/08/08;1200 UTC;0;951;951,7;951;422,2;8,2;8,2;8,3;6,6;8,3;6,6;100;100;100;57;2,2;,6;
2026/08/08;1300 UTC;0;950,9;951,2;950,9;637,6;10,2;10,2;10,2;8,3;10,2;8,3;100;100;100;29;1,5;,5;
2026/08/08;1400 UTC;0;950,6;951;950,4;458,4;10,9;10,8;10,9;10,2;10,8;10;100;98;99;159;2,6;,7;
2026/08/08;1500 UTC;0;949,8;950,5;949,7;518,2;12,1;11,9;12,1;11;11,9;11;100;97;99;20;1,6;,9;
2026/08/08;1600 UTC;,4;949,2;949,8;949,2;578,9;13;12,7;13;12,1;12,8;11,9;99;97;98;58;1,6;,9;
2026/08/08;1700 UTC;,8;949,5;949,6;948,9;355,6;14;13,9;14;12,9;13,9;12,5;100;97;100;237;4,2;1,5;
2026/08/08;1800 UTC;0;949,8;949,8;949,4;658,9;15;12,8;15,2;14;14;12;100;81;87;348;5,7;1,6;
2026/08/08;1900 UTC;0;950,2;950,3;949,7;243,7;14,2;12,4;14,9;14,2;13,3;11,8;93;83;89;356;3,8;1,3;
2026/08/08;2000 UTC;0;950,5;950,5;949,6;821,7;15,2;10,5;15,4;14,2;12,5;10,5;89;74;74;285;5,2;2,8;
2026/08/08;2100 UTC;0;952,3;952,3;950,5;257,4;13,2;11,1;15,1;13,2;11,3;10,8;87;75;87;309;4,4;,7;
2026/08/08;2200 UTC;0;953,5;953,5;952,3;0;10;9,8;13,1;10;11,1;9,8;100;87;98;254;2,3;1,5;
2026/08/08;2300 UTC;0;954,6;954,6;953,5;0;9,7;9,7;10,1;9,5;10,1;9,4;100;99;100;256;2;,9;
2026/08/09;0000 UTC;0;955,6;955,6;954,6;0;9,2;9,1;9,9;9,2;9,9;9,1;100;99;99;166;1,7;,4;
2026/08/09;0100 UTC;0;956,4;956,4;955,7;0;9,6;9,6;10,2;9;10,2;9;100;97;100;9;4,1;,3;
2026/08/09;0200 UTC;0;957,6;957,6;956,4;0;9,7;9,7;9,9;9,4;9,9;9,4;100;100;100;126;,9;,3;
2026/08/09;0300 UTC;0;958,3;958,4;957,7;0;10;10;10;9,1;10;9,1;100;100;100;133;1;,6;
2026/08/09;0400 UTC;0;958,2;958,4;958,2;0;8,8;8,8;10,6;8,8;10,3;8,5;100;94;100;289;2;,4;
2026/08/09;0500 UTC;0;957,6;958,2;957,6;0;7,8;7,8;8,9;7,8;8,9;7,8;100;100;100;244;1,1;,2;
2026/08/09;0600 UTC;0;957,8;957,8;957,5;0;6,3;6,3;7,8;6,3;7,8;6,3;100;100;100;260;1,6;,4;
2026/08/09;0700 UTC;,2;958,3;958,3;957,4;0;6,8;6,8;6,8;6,2;6,8;6,2;100;100;100;253;1,8;,5;
2026/08/09;0800 UTC;0;958,8;958,8;958,3;0;6,4;6,4;6,9;6,2;6,9;6,2;100;100;100;50;2,8;1,1;
2026/08/09;0900 UTC;0;960,2;960,2;958,8;0;5,9;5,9;6,7;5,9;6,7;5,9;100;100;100;246;1,7;,7;
2026/08/09;1000 UTC;0;961,3;961,3;960,3;0;6,2;6,2;6,2;5,9;6,2;5,9;100;100;100;209;1,5;,8;
2026/08/09;1100 UTC;0;961,1;961,4;961,1;39,8;6,6;6,6;6,7;6,1;6,7;6,1;100;100;100;161;2,5;1;
2026/08/09;1200 UTC;0;961,4;961,4;960,7;283,9;7,3;6,7;7,3;6,6;7;6,6;100;96;96;95;6;2,2;
2026/08/09;1300 UTC;0;962,4;962,4;961,5;840,4;8,2;6,6;8,6;7,3;7,5;6,3;97;87;89;96;5,3;1,2;
2026/08/09;1400 UTC;0;962,1;962,7;962,1;2206,1;11,1;6,6;11,1;8,3;7,6;6;94;72;74;116;5;1,9;
2026/08/09;1500 UTC;0;961,9;962,2;961,8;2855,3;12,6;6,8;12,6;10,8;7,5;5,9;76;65;68;120;4,7;1,9;
2026/08/09;1600 UTC;0;962,1;962,2;961,8;3406,9;14,6;6,5;14,8;12,7;8;5,5;70;56;58;147;5,2;1,9;
2026/08/09;1700 UTC;0;961,5;962;961,3;2497,7;14;7,2;14,8;13,4;7,3;4,7;63;53;63;180;4,8;2,4;
2026/08/09;1800 UTC;0;961,2;961,6;961,1;1187,5;14,2;6,2;14,6;13,4;7,5;5,2;65;55;59;195;4,2;1,7;
2026/08/09;1900 UTC;0;961,5;961,6;961,1;1741,6;15,3;5;15,4;14,2;7,1;4;62;49;50;114;5,4;1,9;
2026/08/09;2000 UTC;0;962;962;961,6;1070,1;14,1;5,6;15,5;14,1;5,8;4,4;57;48;57;193;4,2;1,4;
2026/08/09;2100 UTC;0;962,9;962,9;962,1;246;11,5;3,2;14;11,5;5,9;2,8;59;52;57;208;4,5;1,8;
2026/08/09;2200 UTC;0;963,9;963,9;962,9;0;9,2;3,6;11,4;9,2;4;2,7;70;56;68;225;4;1;
2026/08/09;2300 UTC;0;965;965;963,9;0;8,6;3,7;9,4;8,6;4,1;3,1;71;66;71;231;4,4;1,1;
2026/08/10;0000 UTC;0;965,5;965,5;964,9;0;6,7;4,3;8,6;6,6;4,4;3,3;85;70;85;8;1,8;,5;
2026/08/10;0100 UTC;0;965,9;965,9;965,5;0;5,4;3,7;6,9;5,4;4,2;3,4;90;79;89;148;1,4;,3;
2026/08/10;0200 UTC;0;966,8;966,8;965,9;0;4,6;3,6;5,6;4,4;3,9;3,5;97;87;93;134;,9;,3;
2026/08/10;0300 UTC;0;967,6;967,7;966,8;0;3,8;3,3;4,6;3,5;3,7;3,2;99;93;97;115;,8;,3;
2026/08/10;0400 UTC;0;967,9;968;967,6;0;3,2;3,2;3,8;2,9;3,3;2,8;100;97;100;206;,6;,2;
2026/08/10;0500 UTC;0;968;968,1;967,9;0;2,4;2,4;3,2;2,1;3,2;2,1;100;99;100;116;,6;,4;
2026/08/10;0600 UTC;0;967,8;968;967,6;0;1,7;1,7;2,5;1,7;2,5;1,7;100;100;100;158;,6;,3;
2026/08/10;0700 UTC;0;968,7;968,7;967,7;0;1,9;1,9;1,9;1,3;1,9;1,3;100;100;100;48;1,2;,6;
2026/08/10;0800 UTC;0;969,2;969,2;968,7;0;1,1;1,1;2;1;2;1;100;100;100;218;2,3;,4;
2026/08/10;0900 UTC;0;970,5;970,5;969,1;0;1,1;1,1;1,3;,6;1,3;,6;100;100;100;83;1,3;,6;
2026/08/10;1000 UTC;0;970,9;971,2;970,4;,1;1,1;1,1;1,7;1;1,7;1;100;100;100;181;2,9;,7;
2026/08/10;1100 UTC;,2;972,2;972,2;971;241,9;1,8;1,8;1,8;,8;1,8;,8;100;100;100;41;1,3;,5;
2026/08/10;1200 UTC;0;972,8;972,8;972,2;918,3;5,9;4,5;5,9;1,8;4,6;1,8;100;91;91;111;2,8;,9;
2026/08/10;1300 UTC;0;972,9;973;972,8;1796,4;8,5;3,3;8,7;6;5,1;2,8;91;67;70;130;6,4;1,7;
2026/08/10;1400 UTC;0;972,5;973;972,4;2619,8;10,3;4,4;10,4;8,6;4,5;2,8;70;60;67;126;6,9;2,7;
2026/08/10;1500 UTC;0;972;972,5;972;3011,2;12,1;2,2;12,3;10,5;4,4;2;64;49;51;129;5,8;2,3;
2026/08/10;1600 UTC;0;971,2;972;971,2;3076,1;13;1,7;13,2;11,9;3,1;,8;53;44;46;126;6,7;2,8;
2026/08/10;1700 UTC;0;970,1;971,2;970,1;2967;13,9;2,6;14,2;12,9;3;,6;50;40;46;154;5,9;2,6;
2026/08/10;1800 UTC;0;969,7;970,1;969,6;2350,9;14,4;,1;14,4;13,8;2,1;-,6;44;36;38;144;5,9;2;
2026/08/10;1900 UTC;0;969,7;969,8;969,4;1979,9;15,1;-,9;15,1;14,2;1,7;-2,7;42;29;33;137;5,9;2;
2026/08/10;2000 UTC;0;969,6;969,9;969,6;805,2;13;0;15,2;13;1;-3,4;42;28;41;194;4,2;1,1;
2026/08/10;2100 UTC;0;969,8;969,8;969,5;217,4;10,6;-,3;13,2;10,6;,3;-1,8;49;36;47;215;5,1;1,4;
2026/08/10;2200 UTC;0;970,3;970,5;969,9;0;9,8;2,6;10,6;9,8;2,7;-,2;61;47;61;228;4;1,1;
2026/08/10;2300 UTC;0;971;971;970,2;0;9,5;4;9,8;9,4;4;2,5;68;60;68;191;3;,8;
2026/08/11;0000 UTC;0;971,8;971,8;971;0;9;5;9,5;9;5,1;4,1;76;69;76;161;5,1;1,4;
2026/08/11;0100 UTC;0;971,9;972;971,7;0;8,6;5,2;8,9;8,6;5,2;4,9;79;76;79;129;4,6;1,1;
2026/08/11;0200 UTC;0;971,9;972,3;971,9;0;8,5;5;8,7;8,5;5,1;4,8;79;77;79;150;5,4;1,5;
2026/08/11;0300 UTC;0;971,9;972;971,7;0;8,3;5,2;8,5;8,3;5,5;4,9;82;78;81;145;3,6;,9;
2026/08/11;0400 UTC;0;970,8;971,8;970,8;0;8,2;5,4;8,3;8,2;5,6;5,2;84;81;83;271;3,3;,7;
2026/08/11;0500 UTC;0;970,4;970,9;970,4;0;8;5,5;8,2;8;5,7;5,4;85;83;84;224;3,9;,9;
2026/08/11;0600 UTC;0;969,7;970,4;969,7;0;7,9;5,7;8;7,9;5,8;5,5;86;84;86;169;2,8;1;
2026/08/11;0700 UTC;0;969,2;969,8;969,2;0;7,8;5,6;7,9;7,8;5,8;5,5;87;85;86;159;3,6;1,2;
2026/08/11;0800 UTC;0;968,8;969,2;968,6;0;7,8;5,9;7,8;7,7;5,9;5,6;88;86;88;178;3,8;,9;
2026/08/11;0900 UTC;0;968,8;968,8;968,6;0;8,1;6,1;8,1;7,8;6,2;5,8;88;87;87;163;3,2;1,5;
2026/08/11;1000 UTC;0;969,3;969,3;968,8;0;8,3;6,6;8,3;8,1;6,6;6;89;87;89;32;3,4;,4;
2026/08/11;1100 UTC;0;969,3;969,4;969,2;44,6;8,7;6,9;8,7;8,3;7;6,4;90;88;89;163;3,4;1,1;
2026/08/11;1200 UTC;0;969,7;969,7;969,3;198,4;9,7;7,7;9,7;8,7;7,8;6,9;89;86;87;157;3,3;1,2;
2026/08/11;1300 UTC;0;969,6;969,8;969,6;395,9;11,1;8,2;11,1;9,7;8,4;7,6;89;82;82;140;2,4;1,2;
2026/08/11;1400 UTC;0;969,3;969,8;969,3;402,8;12,2;8,2;12,2;11,1;8,7;7,9;84;76;76;78;4,5;1,1;
2026/08/11;1500 UTC;0;969,3;969,5;969,3;301,7;12,3;8,1;12,3;12,2;8,5;7,7;78;74;75;54;4,7;1,6;
2026/08/11;1600 UTC;,2;968,8;969,4;968,8;325,4;11,8;9;12,3;11,8;9,1;7,6;83;73;83;67;5,3;1,1;
2026/08/11;1700 UTC;,8;967,8;968,7;967,7;299,4;11,1;10,1;11,8;11;10,4;8,6;95;81;93;134;3,2;,6;
2026/08/11;1800 UTC;0;967;967,7;967;181,9;10,9;10,3;11,1;10,9;10,4;9,9;96;93;96;164;2,7;1,2;
2026/08/11;1900 UTC;,2;966,2;967;966,2;226,7;11,1;10,5;11,1;10,9;10,6;10;97;94;96;137;2,8;1,2;
2026/08/11;2000 UTC;0;966,6;966,6;966;183,8;11,2;10,2;11,2;11,1;10,6;10;96;93;94;176;3,4;1;
2026/08/11;2100 UTC;0;966,5;966,8;966,5;12,7;10,9;10,3;11,2;10,9;10,5;10,2;97;93;96;141;2,8;1,2;
2026/08/11;2200 UTC;,2;966,9;966,9;966,3;0;10,7;10,1;10,9;10,7;10,4;10,1;97;96;96;189;3,3;1;
2026/08/11;2300 UTC;,2;967,3;967,3;966,9;0;10,6;10,3;10,7;10,6;10,3;10;98;96;98;157;2,1;1,1;
2026/08/12;0000 UTC;,2;966,6;967,3;966,5;0;10,4;10,3;10,6;10,4;10,4;10,2;99;98;99;173;2,8;,5;
2026/08/12;0100 UTC;,2;966,4;966,6;966,2;0;10,5;10,3;10,5;10,4;10,4;10,2;99;98;99;167;1,8;,9;
2026/08/12;0200 UTC;,4;965,8;966,4;965,8;0;10,4;10,4;10,5;10,4;10,5;10,3;100;99;100;191;1;,4;
2026/08/12;0300 UTC;,2;964,9;965,8;964,9;0;10,4;10,4;10,4;10,4;10,4;10,3;100;100;100;155;2,5;1;
2026/08/12;0400 UTC;,8;964;964,9;963,8;0;10,4;10,4;10,4;10,4;10,4;10,4;100;100;100;312;1,5;,7;
2026/08/12;0500 UTC;,8;963,1;964,1;963;0;10,8;10,8;10,8;10,4;10,8;10,4;100;100;100;103;2;,9;
2026/08/12;0600 UTC;,6;961,7;963,1;961,7;0;10,8;10,8;10,9;10,8;10,8;10,7;100;99;100;83;1,6;,6;
2026/08/12;0700 UTC;2,4;961,6;962;961,3;0;11;11;11;10,7;11;10,7;100;100;100;355;2;,6;
2026/08/12;0800 UTC;7,5;961,3;962,5;961,1;0;10,9;10,9;11;10,9;11;10,9;100;100;100;108;3,8;2;
2026/08/12;0900 UTC;1,8;961,2;961,3;960,7;0;10,8;10,8;10,9;10,7;10,9;10,7;100;100;100;251;2;,9;
2026/08/12;1000 UTC;5,5;961,2;961,7;960,8;0;11,4;11,4;11,7;10,9;11,7;10,9;100;100;100;149;3,6;2;
2026/08/12;1100 UTC;3,9;962,1;962,1;961,3;9,4;11,5;11,5;11,6;11,4;11,6;11,4;100;100;100;255;3,6;,7;
2026/08/12;1200 UTC;10,4;962,4;962,4;961,5;19,7;11,6;11,6;11,7;11,5;11,7;11,5;100;100;100;238;2,8;1,2;
2026/08/12;1300 UTC;5,5;961,7;962,2;961,7;52,7;11,8;11,8;11,8;11,7;11,8;11,7;100;100;100;138;2,7;,9;
2026/08/12;1400 UTC;5,9;961,9;962,2;961,4;50,2;12;12;12;11,8;12;11,8;100;100;100;310;2,1;1,2;
2026/08/12;1500 UTC;5,1;961;962,2;960,8;120,1;12,7;12,7;12,7;12;12,7;12;100;100;100;131;2,8;,8;
2026/08/12;1600 UTC;3,7;960,1;961,1;960;230,3;13,6;13,6;13,7;12,7;13,7;12,7;100;100;100;47;2,2;,4;
2026/08/12;1700 UTC;2,4;959,5;960,2;959,4;232,7;14;14;14;13,5;14;13,5;100;100;100;176;2,5;,8;
2026/08/12;1800 UTC;,4;958,3;959,5;958,3;321,2;14,4;14,3;14,4;13,7;14,4;13,7;100;100;100;120;3;,3;
2026/08/12;1900 UTC;0;957,7;958,3;957,7;574,3;15,8;15,4;15,8;14,4;15,5;14,3;100;97;97;270;1,2;,4;
2026/08/12;2000 UTC;0;957,4;957,8;957,4;364,3;16,5;15,5;16,5;15,8;15,9;15,3;98;94;94;332;2,6;1,1;
2026/08/12;2100 UTC;0;957,7;957,7;957,4;78,3;16,2;15,2;16,5;16,1;15,7;15,2;95;94;94;8;3,6;1,3;
2026/08/12;2200 UTC;0;958,1;958,1;957,7;0;15,8;15;16,2;15,7;15,3;15;96;94;95;248;2;,7;
2026/08/12;2300 UTC;0;958,5;958,5;958;0;15,5;15;15,9;15,5;15;14,8;97;94;97;257;1,8;,3;
2026/08/13;0000 UTC;0;958,5;958,7;958,5;0;14,9;14,8;15,5;14,9;15,1;14,8;99;97;99;356;1,6;,6;
2026/08/13;0100 UTC;0;958,7;958,8;958,3;0;15,4;14,3;15,4;15,1;14,7;14,2;97;93;93;320;2,3;,6;
2026/08/13;0200 UTC;0;959,2;959,2;958,7;0;15;14,6;15,4;15;14,6;14,2;97;93;97;347;2,5;1,2;
2026/08/13;0300 UTC;0;959;959,2;958,9;0;15,2;14,6;15,3;14,9;14,7;14,5;99;95;96;26;2,4;1,2;
2026/08/13;0400 UTC;,2;958,6;959;958,4;0;14,5;14,5;15,5;14,5;14,7;14,5;100;94;100;208;3;,6;
2026/08/13;0500 UTC;,8;958,4;958,9;958,4;0;14,7;14,7;15,1;14,5;14,7;14,4;100;96;100;188;2,1;1;
2026/08/13;0600 UTC;,2;958,4;958,8;958,2;0;14,6;14,6;14,7;14,5;14,7;14,5;100;99;100;152;2,2;,7;
2026/08/13;0700 UTC;0;958,1;958,5;957,9;0;14,5;14,5;14,6;14,4;14,6;14,4;100;100;100;123;2,5;,8;
2026/08/13;0800 UTC;0;957,5;958,2;957,2;0;14,3;14,3;14,5;14,3;14,5;14,3;100;100;100;310;2;,8;
2026/08/13;0900 UTC;,6;957,3;958,1;956,8;0;14,5;14,5;14,5;14,2;14,5;14,2;100;100;100;200;5,4;2;
2026/08/13;1000 UTC;,4;956,9;957,4;956,9;0;14,3;14,3;14,6;14,2;14,6;14,2;100;100;100;86;2,7;1,5;
2026/08/13;1100 UTC;11,6;958,2;959,3;956,5;2,6;15,4;15,2;15,4;14,3;15,2;14,3;100;99;99;241;16,9;2,5;
2026/08/13;1200 UTC;2;959,7;959,7;957,9;68,2;15,3;15,3;15,4;15,1;15,3;15,1;100;99;100;334;3,2;1;
2026/08/13;1300 UTC;0;959,9;960,2;959,7;150,6;15;14,9;15,8;15;15,8;14,9;100;99;99;179;5,5;2,4;
2026/08/13;1400 UTC;0;959,8;959,9;959,7;413,6;14,7;14,6;14,9;14,3;14,8;14,1;100;98;99;197;5,2;1,5;
2026/08/13;1500 UTC;0;960,3;960,4;959,9;382,8;14,4;14,1;14,9;14,4;14,8;14;99;97;98;171;3,6;1,6;
2026/08/13;1600 UTC;0;959,9;960,6;959,8;303,4;14,2;14;14,4;14,1;14,2;13,9;99;98;98;193;4,2;1,2;
2026/08/13;1700 UTC;0;959,5;959,9;959,3;448,6;14,3;14;14,5;14,2;14,2;13,8;99;96;98;205;2,8;1,5;
2026/08/13;1800 UTC;0;959,4;959,6;959,3;440;14,6;14;14,8;14,3;14,4;13,8;99;95;97;195;2,7;1,2;
2026/08/13;1900 UTC;0;959,5;959,6;959,3;325,9;14,3;14,1;14,6;14,3;14,2;13,9;99;96;99;158;3;1,2;
2026/08/13;2000 UTC;0;959,7;959,7;959,4;214,4;14,2;14,1;14,4;14,2;14,1;13,9;99;97;99;168;2,7;1;
2026/08/13;2100 UTC;0;960,6;960,6;959,7;46,3;14;14;14,3;14;14,2;14;100;99;100;205;2,9;,8;
2026/08/13;2200 UTC;0;961,2;961,2;960,6;0;13,8;13,8;14;13,8;14;13,8;100;100;100;188;3,7;1,5;
2026/08/13;2300 UTC;0;961,9;961,9;961,2;0;13,7;13,7;13,8;13,7;13,8;13,7;100;100;100;194;2,9;,9;
2026/08/14;0000 UTC;;;;;;;;;;;;;;;;;;
2026/08/14;0100 UTC;;;;;;;;;;;;;;;;;;
2026/08/14;0200 UTC;;;;;;;;;;;;;;;;;;
2026/08/14;0300 UTC;;;;;;;;;;;;;;;;;;
2026/08/14;0400 UTC;;;;;;;;;;;;;;;;;;
2026/08/14;0500 UTC;;;;;;;;;;;;;;;;;;
2026/08/14;0600 UTC;;;;;;;;;;;;;;;;;;
2026/08/14;0700 UTC;;;;;;;;;;;;;;;;;;
2026/08/14;0800 UTC;;;;;;;;;;;;;;;;;;
2026/08/14;0900 UTC;;;;;;;;;;;;;;;;;;
2026/08/14;1000 UTC;;;;;;;;;;;;;;;;;;
2026/08/14;1100 UTC;;;;;;;;;;;;;;;;;;
2026/08/14;1200 UTC;;;;;;;;;;;;;;;;;;
2026/08/14;1300 UTC;;;;;;;;;;;;;;;;;;
2026/08/14;1400 UTC;;;;;;;;;;;;;;;;;;
2026/08/14;1500 UTC;;;;;;;;;;;;;;;;;;
2026/08/14;1600 UTC;;;;;;;;;;;;;;;;;;
2026/08/14;1700 UTC;;;;;;;;;;;;;;;;;;
2026/08/14;1800 UTC;;;;;;;;;;;;;;;;;;
2026/08/14;1900 UTC;;;;;;;;;;;;;;;;;;
2026/08/14;2000 UTC;;;;;;;;;;;;;;;;;;
2026/08/14;2100 UTC;;;;;;;;;;;;;;;;;;
2026/08/14;2200 UTC;;;;;;;;;;;;;;;;;;
2026/08/14;2300 UTC;;;;;;;;;;;;;;;;;;
2026/08/15;0000 UTC;;;;;;;;;;;;;;;;;;
2026/08/15;0100 UTC;;;;;;;;;;;;;;;;;;
2026/08/15;0200 UTC;;;;;;;;;;;;;;;;;;
2026/08/15;0300 UTC;;;;;;;;;;;;;;;;;;
2026/08/15;0400 UTC;;;;;;;;;;;;;;;;;;
2026/08/15;0500 UTC;;;;;;;;;;;;;;;;;;
2026/08/15;0600 UTC;;;;;;;;;;;;;;;;;;
2026/08/15;0700 UTC;;;;;;;;;;;;;;;;;;
2026/08/15;0800 UTC;;;;;;;;;;;;;;;;;;
2026/08/15;0900 UTC;;;;;;;;;;;;;;;;;;
2026/08/15;1000 UTC;;;;;;;;;;;;;;;;;;
2026/08/15;1100 UTC;;;;;;;;;;;;;;;;;;
2026/08/15;1200 UTC;;;;;;;;;;;;;;;;;;
2026/08/15;1300 UTC;;;;;;;;;;;;;;;;;;
2026/08/15;1400 UTC;;;;;;;;;;;;;;;;;;
2026/08/15;1500 UTC;;;;;;;;;;;;;;;;;;
2026/08/15;1600 UTC;;;;;;;;;;;;;;;;;;
2026/08/15;1700 UTC;;;;;;;;;;;;;;;;;;
2026/08/15;1800 UTC;;;;;;;;;;;;;;;;;;
2026/08/15;1900 UTC;;;;;;;;;;;;;;;;;;
2026/08/15;2000 UTC;;;;;;;;;;;;;;;;;;
2026/08/15;2100 UTC;;;;;;;;;;;;;;;;;;
2026/08/15;2200 UTC;;;;;;;;;;;;;;;;;;
2026/08/15;2300 UTC;;;;;;;;;;;;;;;;;;
2026/08/16;0000 UTC;;;;;;;;;;;;;;;;;;
2026/08/16;0100 UTC;;;;;;;;;;;;;;;;;;
2026/08/16;0200 UTC;;;;;;;;;;;;;;;;;;
2026/08/16;0300 UTC;;;;;;;;;;;;;;;;;;
2026/08/16;0400 UTC;;;;;;;;;;;;;;;;;;
2026/08/16;0500 UTC;;;;;;;;;;;;;;;;;;
2026/08/16;0600 UTC;;;;;;;;;;;;;;;;;;
2026/08/16;0700 UTC;;;;;;;;;;;;;;;;;;
2026/08/16;0800 UTC;;;;;;;;;;;;;;;;;;
2026/08/16;0900 UTC;;;;;;;;;;;;;;;;;;
2026/08/16;1000 UTC;;;;;;;;;;;;;;;;;;
2026/08/16;1100 UTC;;;;;;;;;;;;;;;;;;
2026/08/16;1200 UTC;;;;;;;;;;;;;;;;;;
2026/08/16;1300 UTC;;;;;;;;;;;;;;;;;;
2026/08/16;1400 UTC;;;;;;;;;;;;;;;;;;
2026/08/16;1500 UTC;;;;;;;;;;;;;;;;;;
2026/08/16;1600 UTC;;;;;;;;;;;;;;;;;;
2026/08/16;1700 UTC;;;;;;;;;;;;;;;;;;
2026/08/16;1800 UTC;;;;;;;;;;;;;;;;;;
2026/08/16;1900 UTC;;;;;;;;;;;;;;;;;;
2026/08/16;2000 UTC;;;;;;;;;;;;;;;;;;
2026/08/16;2100 UTC;;;;;;;;;;;;;;;;;;
2026/08/16;2200 UTC;;;;;;;;;;;;;;;;;;
2026/08/16;2300 UTC;;;;;;;;;;;;;;;;;;
2026/08/17;0000 UTC;;;;;;;;;;;;;;;;;;
2026/08/17;0100 UTC;;;;;;;;;;;;;;;;;;
2026/08/17;0200 UTC;;;;;;;;;;;;;;;;;;
2026/08/17;0300 UTC;;;;;;;;;;;;;;;;;;
2026/08/17;0400 UTC;;;;;;;;;;;;;;;;;;
2026/08/17;0500 UTC;;;;;;;;;;;;;;;;;;
2026/08/17;0600 UTC;;;;;;;;;;;;;;;;;;
2026/08/17;0700 UTC;;;;;;;;;;;;;;;;;;
2026/08/17;0800 UTC;;;;;;;;;;;;;;;;;;
2026/08/17;0900 UTC;;;;;;;;;;;;;;;;;;
2026/08/17;1000 UTC;;;;;;;;;;;;;;;;;;
2026/08/17;1100 UTC;;;;;;;;;;;;;;;;;;
2026/08/17;1200 UTC;;;;;;;;;;;;;;;;;;
2026/08/17;1300 UTC;;;;;;;;;;;;;;;;;;
2026/08/17;1400 UTC;;;;;;;;;;;;;;;;;;
2026/08/17;1500 UTC;;;;;;;;;;;;;;;;;;
2026/08/17;1600 UTC;;;;;;;;;;;;;;;;;;
2026/08/17;1700 UTC;;;;;;;;;;;;;;;;;;
2026/08/17;1800 UTC;;;;;;;;;;;;;;;;;;
2026/08/17;1900 UTC;;;;;;;;;;;;;;;;;;
2026/08/17;2000 UTC;;;;;;;;;;;;;;;;;;
2026/08/17;2100 UTC;;;;;;;;;;;;;;;;;;
2026/08/17;2200 UTC;;;;;;;;;;;;;;;;;;
2026/08/17;2300 UTC;;;;;;;;;;;;;;;;;;
2026/08/18;0000 UTC;;;;;;;;;;;;;;;;;;
2026/08/18;0100 UTC;;;;;;;;;;;;;;;;;;
2026/08/18;0200 UTC;;;;;;;;;;;;;;;;;;
2026/08/18;0300 UTC;;;;;;;;;;;;;;;;;;
2026/08/18;0400 UTC;;;;;;;;;;;;;;;;;;
2026/08/18;0500 UTC;;;;;;;;;;;;;;;;;;
2026/08/18;0600 UTC;;;;;;;;;;;;;;;;;;
2026/08/18;0700 UTC;;;;;;;;;;;;;;;;;;
2026/08/18;0800 UTC;;;;;;;;;;;;;;;;;;
2026/08/18;0900 UTC;;;;;;;;;;;;;;;;;;
2026/08/18;1000 UTC;;;;;;;;;;;;;;;;;;
2026/08/18;1100 UTC;;;;;;;;;;;;;;;;;;
2026/08/18;1200 UTC;;;;;;;;;;;;;;;;;;
2026/08/18;1300 UTC;;;;;;;;;;;;;;;;;;
2026/08/18;1400 UTC;;;;;;;;;;;;;;;;;;
2026/08/18;1500 UTC;;;;;;;;;;;;;;;;;;
2026/08/18;1600 UTC;;;;;;;;;;;;;;;;;;
2026/08/18;1700 UTC;;;;;;;;;;;;;;;;;;
2026/08/18;1800 UTC;;;;;;;;;;;;;;;;;;
2026/08/18;1900 UTC;;;;;;;;;;;;;;;;;;
2026/08/18;2000 UTC;;;;;;;;;;;;;;;;;;
2026/08/18;2100 UTC;;;;;;;;;;;;;;;;;;
2026/08/18;2200 UTC;;;;;;;;;;;;;;;;;;
2026/08/18;2300 UTC;;;;;;;;;;;;;;;;;;
2026/08/19;0000 UTC;;;;;;;;;;;;;;;;;;
2026/08/19;0100 UTC;;;;;;;;;;;;;;;;;;
2026/08/19;0200 UTC;;;;;;;;;;;;;;;;;;
2026/08/19;0300 UTC;;;;;;;;;;;;;;;;;;
2026/08/19;0400 UTC;;;;;;;;;;;;;;;;;;
2026/08/19;0500 UTC;;;;;;;;;;;;;;;;;;
2026/08/19;0600 UTC;;;;;;;;;;;;;;;;;;
2026/08/19;0700 UTC;;;;;;;;;;;;;;;;;;
2026/08/19;0800 UTC;;;;;;;;;;;;;;;;;;
2026/08/19;0900 UTC;;;;;;;;;;;;;;;;;;
2026/08/19;1000 UTC;;;;;;;;;;;;;;;;;;
2026/08/19;1100 UTC;;;;;;;;;;;;;;;;;;
2026/08/19;1200 UTC;;;;;;;;;;;;;;;;;;
2026/08/19;1300 UTC;;;;;;;;;;;;;;;;;;
2026/08/19;1400 UTC;;;;;;;;;;;;;;;;;;
2026/08/19;1500 UTC;;;;;;;;;;;;;;;;;;
2026/08/19;1600 UTC;;;;;;;;;;;;;;;;;;
2026/08/19;1700 UTC;;;;;;;;;;;;;;;;;;
2026/08/19;1800 UTC;;;;;;;;;;;;;;;;;;
2026/08/19;1900 UTC;;;;;;;;;;;;;;;;;;
2026/08/19;2000 UTC;;;;;;;;;;;;;;;;;;
2026/08/19;2100 UTC;;;;;;;;;;;;;;;;;;
2026/08/19;2200 UTC;;;;;;;;;;;;;;;;;;
2026/08/19;2300 UTC;;;;;;;;;;;;;;;;;;
2026/08/20;0000 UTC;;;;;;;;;;;;;;;;;;
2026/08/20;0100 UTC;;;;;;;;;;;;;;;;;;
2026/08/20;0200 UTC;;;;;;;;;;;;;;;;;;
2026/08/20;0300 UTC;;;;;;;;;;;;;;;;;;
2026/08/20;0400 UTC;;;;;;;;;;;;;;;;;;
2026/08/20;0500 UTC;;;;;;;;;;;;;;;;;;
2026/08/20;0600 UTC;;;;;;;;;;;;;;;;;;
2026/08/20;0700 UTC;;;;;;;;;;;;;;;;;;
2026/08/20;0800 UTC;;;;;;;;;;;;;;;;;;
2026/08/20;0900 UTC;;;;;;;;;;;;;;;;;;
2026/08/20;1000 UTC;;;;;;;;;;;;;;;;;;
2026/08/20;1100 UTC;;;;;;;;;;;;;;;;;;
2026/08/20;1200 UTC;;;;;;;;;;;;;;;;;;
2026/08/20;1300 UTC;;;;;;;;;;;;;;;;;;
2026/08/20;1400 UTC;;;;;;;;;;;;;;;;;;
2026/08/20;1500 UTC;;;;;;;;;;;;;;;;;;
2026/08/20;1600 UTC;;;;;;;;;;;;;;;;;;
2026/08/20;1700 UTC;;;;;;;;;;;;;;;;;;
2026/08/20;1800 UTC;;;;;;;;;;;;;;;;;;
2026/08/20;1900 UTC;;;;;;;;;;;;;;;;;;
2026/08/20;2000 UTC;;;;;;;;;;;;;;;;;;
2026/08/20;2100 UTC;;;;;;;;;;;;;;;;;;
2026/08/20;2200 UTC;;;;;;;;;;;;;;;;;;
2026/08/20;2300 UTC;;;;;;;;;;;;;;;;;;
2026/08/21;0000 UTC;;;;;;;;;;;;;;;;;;
2026/08/21;0100 UTC;;;;;;;;;;;;;;;;;;
2026/08/21;0200 UTC;;;;;;;;;;;;;;;;;;
2026/08/21;0300 UTC;;;;;;;;;;;;;;;;;;
2026/08/21;0400 UTC;;;;;;;;;;;;;;;;;;
2026/08/21;0500 UTC;;;;;;;;;;;;;;;;;;
2026/08/21;0600 UTC;;;;;;;;;;;;;;;;;;
2026/08/21;0700 UTC;;;;;;;;;;;;;;;;;;
2026/08/21;0800 UTC;;;;;;;;;;;;;;;;;;
2026/08/21;0900 UTC;;;;;;;;;;;;;;;;;;
2026/08/21;1000 UTC;;;;;;;;;;;;;;;;;;
2026/08/21;1100 UTC;;;;;;;;;;;;;;;;;;
2026/08/21;1200 UTC;;;;;;;;;;;;;;;;;;
2026/08/21;1300 UTC;;;;;;;;;;;;;;;;;;
2026/08/21;1400 UTC;;;;;;;;;;;;;;;;;;
2026/08/21;1500 UTC;;;;;;;;;;;;;;;;;;
2026/08/21;1600 UTC;;;;;;;;;;;;;;;;;;
2026/08/21;1700 UTC;;;;;;;;;;;;;;;;;;
2026/08/21;1800 UTC;;;;;;;;;;;;;;;;;;
2026/08/21;1900 UTC;;;;;;;;;;;;;;;;;;
2026/08/21;2000 UTC;;;;;;;;;;;;;;;;;;
2026/08/21;2100 UTC;;;;;;;;;;;;;;;;;;
2026/08/21;2200 UTC;;;;;;;;;;;;;;;;;;
2026/08/21;2300 UTC;;;;;;;;;;;;;;;;;;
2026/08/22;0000 UTC;;;;;;;;;;;;;;;;;;
2026/08/22;0100 UTC;;;;;;;;;;;;;;;;;;
2026/08/22;0200 UTC;;;;;;;;;;;;;;;;;;
2026/08/22;0300 UTC;;;;;;;;;;;;;;;;;;
2026/08/22;0400 UTC;;;;;;;;;;;;;;;;;;
2026/08/22;0500 UTC;;;;;;;;;;;;;;;;;;
2026/08/22;0600 UTC;;;;;;;;;;;;;;;;;;
2026/08/22;0700 UTC;;;;;;;;;;;;;;;;;;
2026/08/22;0800 UTC;;;;;;;;;;;;;;;;;;
2026/08/22;0900 UTC;;;;;;;;;;;;;;;;;;
2026/08/22;1000 UTC;;;;;;;;;;;;;;;;;;
2026/08/22;1100 UTC;;;;;;;;;;;;;;;;;;
2026/08/22;1200 UTC;;;;;;;;;;;;;;;;;;
2026/08/22;1300 UTC;;;;;;;;;;;;;;;;;;
2026/08/22;1400 UTC;;;;;;;;;;;;;;;;;;
2026/08/22;1500 UTC;;;;;;;;;;;;;;;;;;
2026/08/22;1600 UTC;;;;;;;;;;;;;;;;;;
2026/08/22;1700 UTC;;;;;;;;;;;;;;;;;;
2026/08/22;1800 UTC;;;;;;;;;;;;;;;;;;
2026/08/22;1900 UTC;;;;;;;;;;;;;;;;;;
2026/08/22;2000 UTC;;;;;;;;;;;;;;;;;;
2026/08/22;2100 UTC;;;;;;;;;;;;;;;;;;
2026/08/22;2200 UTC;;;;;;;;;;;;;;;;;;
2026/08/22;2300 UTC;;;;;;;;;;;;;;;;;;
2026/08/23;0000 UTC;;;;;;;;;;;;;;;;;;
2026/08/23;0100 UTC;;;;;;;;;;;;;;;;;;
2026/08/23;0200 UTC;;;;;;;;;;;;;;;;;;
2026/08/23;0300 UTC;;;;;;;;;;;;;;;;;;
2026/08/23;0400 UTC;;;;;;;;;;;;;;;;;;
2026/08/23;0500 UTC;;;;;;;;;;;;;;;;;;
2026/08/23;0600 UTC;;;;;;;;;;;;;;;;;;
2026/08/23;0700 UTC;;;;;;;;;;;;;;;;;;
2026/08/23;0800 UTC;;;;;;;;;;;;;;;;;;
2026/08/23;0900 UTC;;;;;;;;;;;;;;;;;;
2026/08/23;1000 UTC;;;;;;;;;;;;;;;;;;
2026/08/23;1100 UTC;;;;;;;;;;;;;;;;;;
2026/08/23;1200 UTC;;;;;;;;;;;;;;;;;;
2026/08/23;1300 UTC;;;;;;;;;;;;;;;;;;
2026/08/23;1400 UTC;;;;;;;;;;;;;;;;;;
2026/08/23;1500 UTC;;;;;;;;;;;;;;;;;;
2026/08/23;1600 UTC;;;;;;;;;;;;;;;;;;
2026/08/23;1700 UTC;;;;;;;;;;;;;;;;;;
2026/08/23;1800 UTC;;;;;;;;;;;;;;;;;;
2026/08/23;1900 UTC;;;;;;;;;;;;;;;;;;
2026/08/23;2000 UTC;;;;;;;;;;;;;;;;;;
2026/08/23;2100 UTC;;;;;;;;;;;;;;;;;;
2026/08/23;2200 UTC;;;;;;;;;;;;;;;;;;
2026/08/23;2300 UTC;;;;;;;;;;;;;;;;;;
2026/08/24;0000 UTC;;;;;;;;;;;;;;;;;;
2026/08/24;0100 UTC;;;;;;;;;;;;;;;;;;
2026/08/24;0200 UTC;;;;;;;;;;;;;;;;;;
2026/08/24;0300 UTC;;;;;;;;;;;;;;;;;;
2026/08/24;0400 UTC;;;;;;;;;;;;;;;;;;
2026/08/24;0500 UTC;;;;;;;;;;;;;;;;;;
2026/08/24;0600 UTC;;;;;;;;;;;;;;;;;;
2026/08/24;0700 UTC;;;;;;;;;;;;;;;;;;
2026/08/24;0800 UTC;;;;;;;;;;;;;;;;;;
2026/08/24;0900 UTC;;;;;;;;;;;;;;;;;;
2026/08/24;1000 UTC;;;;;;;;;;;;;;;;;;
2026/08/24;1100 UTC;;;;;;;;;;;;;;;;;;
2026/08/24;1200 UTC;;;;;;;;;;;;;;;;;;
2026/08/24;1300 UTC;;;;;;;;;;;;;;;;;;
2026/08/24;1400 UTC;;;;;;;;;;;;;;;;;;
2026/08/24;1500 UTC;;;;;;;;;;;;;;;;;;
2026/08/24;1600 UTC;;;;;;;;;;;;;;;;;;
2026/08/24;1700 UTC;;;;;;;;;;;;;;;;;;
2026/08/24;1800 UTC;;;;;;;;;;;;;;;;;;
2026/08/24;1900 UTC;;;;;;;;;;;;;;;;;;
2026/08/24;2000 UTC;;;;;;;;;;;;;;;;;;
2026/08/24;2100 UTC;;;;;;;;;;;;;;;;;;
2026/08/24;2200 UTC;;;;;;;;;;;;;;;;;;
2026/08/24;2300 UTC;;;;;;;;;;;;;;;;;;
2026/08/25;0000 UTC;;;;;;;;;;;;;;;;;;
2026/08/25;0100 UTC;;;;;;;;;;;;;;;;;;
2026/08/25;0200 UTC;;;;;;;;;;;;;;;;;;
2026/08/25;0300 UTC;;;;;;;;;;;;;;;;;;
2026/08/25;0400 UTC;;;;;;;;;;;;;;;;;;
2026/08/25;0500 UTC;;;;;;;;;;;;;;;;;;
2026/08/25;0600 UTC;;;;;;;;;;;;;;;;;;
2026/08/25;0700 UTC;;;;;;;;;;;;;;;;;;
2026/08/25;0800 UTC;;;;;;;;;;;;;;;;;;
2026/08/25;0900 UTC;;;;;;;;;;;;;;;;;;
2026/08/25;1000 UTC;;;;;;;;;;;;;;;;;;
2026/08/25;1100 UTC;;;;;;;;;;;;;;;;;;
2026/08/25;1200 UTC;;;;;;;;;;;;;;;;;;
2026/08/25;1300 UTC;;;;;;;;;;;;;;;;;;
2026/08/25;1400 UTC;;;;;;;;;;;;;;;;;;
2026/08/25;1500 UTC;;;;;;;;;;;;;;;;;;
2026/08/25;1600 UTC;;;;;;;;;;;;;;;;;;
2026/08/25;1700 UTC;;;;;;;;;;;;;;;;;;
2026/08/25;1800 UTC;;;;;;;;;;;;;;;;;;
2026/08/25;1900 UTC;;;;;;;;;;;;;;;;;;
2026/08/25;2000 UTC;;;;;;;;;;;;;;;;;;
2026/08/25;2100 UTC;;;;;;;;;;;;;;;;;;
2026/08/25;2200 UTC;;;;;;;;;;;;;;;;;;
2026/08/25;2300 UTC;;;;;;;;;;;;;;;;;;
2026/08/26;0000 UTC;;;;;;;;;;;;;;;;;;
2026/08/26;0100 UTC;;;;;;;;;;;;;;;;;;
2026/08/26;0200 UTC;;;;;;;;;;;;;;;;;;
2026/08/26;0300 UTC;;;;;;;;;;;;;;;;;;
2026/08/26;0400 UTC;;;;;;;;;;;;;;;;;;
2026/08/26;0500 UTC;;;;;;;;;;;;;;;;;;
2026/08/26;0600 UTC;;;;;;;;;;;;;;;;;;
2026/08/26;0700 UTC;;;;;;;;;;;;;;;;;;
2026/08/26;0800 UTC;;;;;;;;;;;;;;;;;;
2026/08/26;0900 UTC;;;;;;;;;;;;;;;;;;
2026/08/26;1000 UTC;;;;;;;;;;;;;;;;;;
2026/08/26;1100 UTC;;;;;;;;;;;;;;;;;;
2026/08/26;1200 UTC;;;;;;;;;;;;;;;;;;
2026/08/26;1300 UTC;;;;;;;;;;;;;;;;;;
2026/08/26;1400 UTC;;;;;;;;;;;;;;;;;;
2026/08/26;1500 UTC;;;;;;;;;;;;;;;;;;
2026/08/26;1600 UTC;;;;;;;;;;;;;;;;;;
2026/08/26;1700 UTC;;;;;;;;;;;;;;;;;;
2026/08/26;1800 UTC;;;;;;;;;;;;;;;;;;
2026/08/26;1900 UTC;;;;;;;;;;;;;;;;;;
2026/08/26;2000 UTC;;;;;;;;;;;;;;;;;;
2026/08/26;2100 UTC;;;;;;;;;;;;;;;;;;
2026/08/26;2200 UTC;;;;;;;;;;;;;;;;;;
2026/08/26;2300 UTC;;;;;;;;;;;;;;;;;;
2026/08/27;0000 UTC;;;;;;;;;;;;;;;;;;
2026/08/27;0100 UTC;;;;;;;;;;;;;;;;;;
2026/08/27;0200 UTC;;;;;;;;;;;;;;;;;;
2026/08/27;0300 UTC;;;;;;;;;;;;;;;;;;
2026/08/27;0400 UTC;;;;;;;;;;;;;;;;;;
2026/08/27;0500 UTC;;;;;;;;;;;;;;;;;;
2026/08/27;0600 UTC;;;;;;;;;;;;;;;;;;
2026/08/27;0700 UTC;;;;;;;;;;;;;;;;;;
2026/08/27;0800 UTC;;;;;;;;;;;;;;;;;;
2026/08/27;0900 UTC;;;;;;;;;;;;;;;;;;
2026/08/27;1000 UTC;;;;;;;;;;;;;;;;;;
2026/08/27;1100 UTC;;;;;;;;;;;;;;;;;;
2026/08/27;1200 UTC;;;;;;;;;;;;;;;;;;
2026/08/27;1300 UTC;;;;;;;;;;;;;;;;;;
2026/08/27;1400 UTC;;;;;;;;;;;;;;;;;;
2026/08/27;1500 UTC;;;;;;;;;;;;;;;;;;
2026/08/27;1600 UTC;;;;;;;;;;;;;;;;;;
2026/08/27;1700 UTC;;;;;;;;;;;;;;;;;;
2026/08/27;1800 UTC;;;;;;;;;;;;;;;;;;
2026/08/27;1900 UTC;;;;;;;;;;;;;;;;;;
2026/08/27;2000 UTC;;;;;;;;;;;;;;;;;;
2026/08/27;2100 UTC;;;;;;;;;;;;;;;;;;
2026/08/27;2200 UTC;;;;;;;;;;;;;;;;;;
2026/08/27;2300 UTC;;;;;;;;;;;;;;;;;;
2026/08/28;0000 UTC;;;;;;;;;;;;;;;;;;
2026/08/28;0100 UTC;;;;;;;;;;;;;;;;;;
2026/08/28;0200 UTC;;;;;;;;;;;;;;;;;;
2026/08/28;0300 UTC;;;;;;;;;;;;;;;;;;
2026/08/28;0400 UTC;;;;;;;;;;;;;;;;;;
2026/08/28;0500 UTC;;;;;;;;;;;;;;;;;;
2026/08/28;0600 UTC;;;;;;;;;;;;;;;;;;
2026/08/28;0700 UTC;;;;;;;;;;;;;;;;;;
2026/08/28;0800 UTC;;;;;;;;;;;;;;;;;;
2026/08/28;0900 UTC;;;;;;;;;;;;;;;;;;
2026/08/28;1000 UTC;;;;;;;;;;;;;;;;;;
2026/08/28;1100 UTC;;;;;;;;;;;;;;;;;;
2026/08/28;1200 UTC;;;;;;;;;;;;;;;;;;
2026/08/28;1300 UTC;;;;;;;;;;;;;;;;;;
2026/08/28;1400 UTC;;;;;;;;;;;;;;;;;;
2026/08/28;1500 UTC;;;;;;;;;;;;;;;;;;
2026/08/28;1600 UTC;;;;;;;;;;;;;;;;;;
2026/08/28;1700 UTC;;;;;;;;;;;;;;;;;;
2026/08/28;1800 UTC;;;;;;;;;;;;;;;;;;
2026/08/28;1900 UTC;;;;;;;;;;;;;;;;;;
2026/08/28;2000 UTC;;;;;;;;;;;;;;;;;;
2026/08/28;2100 UTC;;;;;;;;;;;;;;;;;;
2026/08/28;2200 UTC;;;;;;;;;;;;;;;;;;
2026/08/28;2300 UTC;;;;;;;;;;;;;;;;;;
2026/08/29;0000 UTC;;;;;;;;;;;;;;;;;;
2026/08/29;0100 UTC;;;;;;;;;;;;;;;;;;
2026/08/29;0200 UTC;;;;;;;;;;;;;;;;;;
2026/08/29;0300 UTC;;;;;;;;;;;;;;;;;;
2026/08/29;0400 UTC;;;;;;;;;;;;;;;;;;
2026/08/29;0500 UTC;;;;;;;;;;;;;;;;;;
2026/08/29;0600 UTC;;;;;;;;;;;;;;;;;;
2026/08/29;0700 UTC;;;;;;;;;;;;;;;;;;
2026/08/29;0800 UTC;;;;;;;;;;;;;;;;;;
2026/08/29;0900 UTC;;;;;;;;;;;;;;;;;;
2026/08/29;1000 UTC;;;;;;;;;;;;;;;;;;
2026/08/29;1100 UTC;;;;;;;;;;;;;;;;;;
2026/08/29;1200 UTC;;;;;;;;;;;;;;;;;;
2026/08/29;1300 UTC;;;;;;;;;;;;;;;;;;
2026/08/29;1400 UTC;;;;;;;;;;;;;;;;;;
2026/08/29;1500 UTC;;;;;;;;;;;;;;;;;;
2026/08/29;1600 UTC;;;;;;;;;;;;;;;;;;
2026/08/29;1700 UTC;;;;;;;;;;;;;;;;;;
2026/08/29;1800 UTC;;;;;;;;;;;;;;;;;;
2026/08/29;1900 UTC;;;;;;;;;;;;;;;;;;
2026/08/29;2000 UTC;;;;;;;;;;;;;;;;;;
2026/08/29;2100 UTC;;;;;;;;;;;;;;;;;;
2026/08/29;2200 UTC;;;;;;;;;;;;;;;;;;
2026/08/29;2300 UTC;;;;;;;;;;;;;;;;;;
2026/08/30;0000 UTC;;;;;;;;;;;;;;;;;;
2026/08/30;0100 UTC;;;;;;;;;;;;;;;;;;
2026/08/30;0200 UTC;;;;;;;;;;;;;;;;;;
2026/08/30;0300 UTC;;;;;;;;;;;;;;;;;;
2026/08/30;0400 UTC;;;;;;;;;;;;;;;;;;
2026/08/30;0500 UTC;;;;;;;;;;;;;;;;;;
2026/08/30;0600 UTC;;;;;;;;;;;;;;;;;;
2026/08/30;0700 UTC;;;;;;;;;;;;;;;;;;
2026/08/30;0800 UTC;;;;;;;;;;;;;;;;;;
2026/08/30;0900 UTC;;;;;;;;;;;;;;;;;;
2026/08/30;1000 UTC;;;;;;;;;;;;;;;;;;
2026/08/30;1100 UTC;;;;;;;;;;;;;;;;;;
2026/08/30;1200 UTC;;;;;;;;;;;;;;;;;;
2026/08/30;1300 UTC;;;;;;;;;;;;;;;;;;
2026/08/30;1400 UTC;;;;;;;;;;;;;;;;;;
2026/08/30;1500 UTC;;;;;;;;;;;;;;;;;;
2026/08/30;1600 UTC;;;;;;;;;;;;;;;;;;
2026/08/30;1700 UTC;;;;;;;;;;;;;;;;;;
2026/08/30;1800 UTC;;;;;;;;;;;;;;;;;;
2026/08/30;1900 UTC;;;;;;;;;;;;;;;;;;
2026/08/30;2000 UTC;;;;;;;;;;;;;;;;;;
2026/08/30;2100 UTC;;;;;;;;;;;;;;;;;;
2026/08/30;2200 UTC;;;;;;;;;;;;;;;;;;
2026/08/30;2300 UTC;;;;;;;;;;;;;;;;;;
2026/08/31;0000 UTC;;;;;;;;;;;;;;;;;;
2026/08/31;0100 UTC;;;;;;;;;;;;;;;;;;
2026/08/31;0200 UTC;;;;;;;;;;;;;;;;;;
2026/08/31;0300 UTC;;;;;;;;;;;;;;;;;;
2026/08/31;0400 UTC;;;;;;;;;;;;;;;;;;
2026/08/31;0500 UTC;;;;;;;;;;;;;;;;;;
2026/08/31;0600 UTC;;;;;;;;;;;;;;;;;;
2026/08/31;0700 UTC;;;;;;;;;;;;;;;;;;
2026/08/31;0800 UTC;;;;;;;;;;;;;;;;;;
2026/08/31;0900 UTC;;;;;;;;;;;;;;;;;;
2026/08/31;1000 UTC;;;;;;;;;;;;;;;;;;
2026/08/31;1100 UTC;;;;;;;;;;;;;;;;;;
2026/08/31;1200 UTC;;;;;;;;;;;;;;;;;;
2026/08/31;1300 UTC;;;;;;;;;;;;;;;;;;
2026/08/31;1400 UTC;;;;;;;;;;;;;;;;;;
2026/08/31;1500 UTC;;;;;;;;;;;;;;;;;;
2026/08/31;1600 UTC;;;;;;;;;;;;;;;;;;
2026/08/31;1700 UTC;;;;;;;;;;;;;;;;;;
2026/08/31;1800 UTC;;;;;;;;;;;;;;;;;;
2026/08/31;1900 UTC;;;;;;;;;;;;;;;;;;
2026/08/31;2000 UTC;;;;;;;;;;;;;;;;;;
2026/08/31;2100 UTC;;;;;;;;;;;;;;;;;;
2026/08/31;2200 UTC;;;;;;;;;;;;;;;;;;
2026/08/31;2300 UTC;;;;;;;;;;;;;;;;;;
