REGIAO:;S
UF:;RS
ESTACAO:;FAXINAL DO SOTURNO
CODIGO (WMO):;B854
LATITUDE:;-29,58749999
LONGITUDE:;-53,42749999
ALTITUDE:;70
DATA DE FUNDACAO:;11/03/26
Data;Hora UTC;PRECIPITAÇÃO TOTAL, HORÁRIO (mm);PRESSAO ATMOSFERICA AO NIVEL DA ESTACAO, HORARIA (mB);PRESSÃO ATMOSFERICA MAX.NA HORA ANT. (AUT) (mB);PRESSÃO ATMOSFERICA MIN. NA HORA ANT. (AUT) (mB);RADIACAO GLOBAL (Kj/m²);TEMPERATURA DO AR - BULBO SECO, HORARIA (°C);TEMPERATURA DO PONTO DE ORVALHO (°C);TEMPERATURA MÁXIMA NA HORA ANT. (AUT) (°C);TEMPERATURA MÍNIMA NA HORA ANT. (AUT) (°C);TEMPERATURA ORVALHO MAX. NA HORA ANT. (AUT) (°C);TEMPERATURA ORVALHO MIN. NA HORA ANT. (AUT) (°C);UMIDADE REL. MAX. NA HORA ANT. (AUT) (%);UMIDADE REL. MIN. NA HORA ANT. (AUT) (%);UMIDADE RELATIVA DO AR, HORARIA (%);VENTO, DIREÇÃO HORARIA (gr) (° (gr));VENTO, RAJADA MAXIMA (m/s);VENTO, VELOCIDADE HORARIA (m/s);
2026/03/11;0000 UTC;;;;;;;;;;;;;;;;;;
2026/03/11;0100 UTC;;;;;;;;;;;;;;;;;;
2026/03/11;0200 UTC;;;;;;;;;;;;;;;;;;
2026/03/11;0300 UTC;;;;;;;;;;;;;;;;;;
2026/03/11;0400 UTC;;;;;;;;;;;;;;;;;;
2026/03/11;0500 UTC;;;;;;;;;;;;;;;;;;
2026/03/11;0600 UTC;;;;;;;;;;;;;;;;;;
2026/03/11;0700 UTC;;;;;;;;;;;;;;;;;;
2026/03/11;0800 UTC;;;;;;;;;;;;;;;;;;
2026/03/11;0900 UTC;;;;;;;;;;;;;;;;;;
2026/03/11;1000 UTC;;;;;;;;;;;;;;;;;;
2026/03/11;1100 UTC;;;;;;;;;;;;;;;;;;
2026/03/11;1200 UTC;;;;;;;;;;;;;;;;;;
2026/03/11;1300 UTC;;;;;;;;;;;;;;;;;;
2026/03/11;1400 UTC;;;;;;;;;;;;;;;;;;
2026/03/11;1500 UTC;;;;;;;;;;;;;;;;;;
2026/03/11;1600 UTC;;;;;;;;;;;;;;;;;;
2026/03/11;1700 UTC;;;;;;;;;;;;;;;;;;
2026/03/11;1800 UTC;;;;;;;;;;;;;;;;;;
2026/03/11;1900 UTC;;;;;;;;;;;;;;;;;;
2026/03/11;2000 UTC;;;;;;;;;;;;;;;;;;
2026/03/11;2100 UTC;;;;;;;;;;;;;;;;;;
2026/03/11;2200 UTC;;;;;;;;;;;;;;;;;;
2026/03/11;2300 UTC;;;;;;;;;;;;;;;;;;
2026/03/12;0000 UTC;;;;;;;;;;;;;;;;;;
2026/03/12;0100 UTC;;;;;;;;;;;;;;;;;;
2026/03/12;0200 UTC;;;;;;;;;;;;;;;;;;
2026/03/12;0300 UTC;;;;;;;;;;;;;;;;;;
2026/03/12;0400 UTC;;;;;;;;;;;;;;;;;;
2026/03/12;0500 UTC;;;;;;;;;;;;;;;;;;
2026/03/12;0600 UTC;;;;;;;;;;;;;;;;;;
2026/03/12;0700 UTC;;;;;;;;;;;;;;;;;;
2026/03/12;0800 UTC;;;;;;;;;;;;;;;;;;
2026/03/12;0900 UTC;;;;;;;;;;;;;;;;;;
2026/03/12;1000 UTC;;;;;;;;;;;;;;;;;;
2026/03/12;1100 UTC;;;;;;;;;;;;;;;;;;
2026/03/12;1200 UTC;;;;;;;;;;;;;;;;;;
2026/03/12;1300 UTC;;;;;;;;;;;;;;;;;;
2026/03/12;1400 UTC;;;;;;;;;;;;;;;;;;
2026/03/12;1500 UTC;;;;;;;;;;;;;;;;;;
2026/03/12;1600 UTC;;;;;;;;;;;;;;;;;;
2026/03/12;1700 UTC;;;;;;;;;;;;;;;;;;
2026/03/12;1800 UTC;;;;;;;;;;;;;;;;;;
2026/03/12;1900 UTC;;;;;;;;;;;;;;;;;;
2026/03/12;2000 UTC;;;;;;;;;;;;;;;;;;
2026/03/12;2100 UTC;;;;;;;;;;;;;;;;;;
2026/03/12;2200 UTC;;;;;;;;;;;;;;;;;;
2026/03/12;2300 UTC;;;;;;;;;;;;;;;;;;
2026/03/13;0000 UTC;;;;;;;;;;;;;;;;;;
2026/03/13;0100 UTC;;;;;;;;;;;;;;;;;;
2026/03/13;0200 UTC;;;;;;;;;;;;;;;;;;
2026/03/13;0300 UTC;;;;;;;;;;;;;;;;;;
2026/03/13;0400 UTC;;;;;;;;;;;;;;;;;;
2026/03/13;0500 UTC;;;;;;;;;;;;;;;;;;
2026/03/13;0600 UTC;;;;;;;;;;;;;;;;;;
2026/03/13;0700 UTC;;;;;;;;;;;;;;;;;;
2026/03/13;0800 UTC;;;;;;;;;;;;;;;;;;
2026/03/13;0900 UTC;;;;;;;;;;;;;;;;;;
2026/03/13;1000 UTC;;;;;;;;;;;;;;;;;;
2026/03/13;1100 UTC;;;;;;;;;;;;;;;;;;
2026/03/13;1200 UTC;;;;;;;;;;;;;;;;;;
2026/03/13;1300 UTC;;;;;;;;;;;;;;;;;;
2026/03/13;1400 UTC;;;;;;;;;;;;;;;;;;
2026/03/13;1500 UTC;;;;;;;;;;;;;;;;;;
2026/03/13;1600 UTC;;;;;;;;;;;;;;;;;;
2026/03/13;1700 UTC;;;;;;;;;;;;;;;;;;
2026/03/13;1800 UTC;;;;;;;;;;;;;;;;;;
2026/03/13;1900 UTC;;;;;;;;;;;;;;;;;;
2026/03/13;2000 UTC;;;;;;;;;;;;;;;;;;
2026/03/13;2100 UTC;;;;;;;;;;;;;;;;;;
2026/03/13;2200 UTC;;;;;;;;;;;;;;;;;;
2026/03/13;2300 UTC;;;;;;;;;;;;;;;;;;
2026/03/14;0000 UTC;;;;;;;;;;;;;;;;;;
2026/03/14;0100 UTC;;;;;;;;;;;;;;;;;;
2026/03/14;0200 UTC;;;;;;;;;;;;;;;;;;
2026/03/14;0300 UTC;;;;;;;;;;;;;;;;;;
2026/03/14;0400 UTC;;;;;;;;;;;;;;;;;;
2026/03/14;0500 UTC;;;;;;;;;;;;;;;;;;
2026/03/14;0600 UTC;;;;;;;;;;;;;;;;;;
2026/03/14;0700 UTC;;;;;;;;;;;;;;;;;;
2026/03/14;0800 UTC;;;;;;;;;;;;;;;;;;
2026/03/14;0900 UTC;;;;;;;;;;;;;;;;;;
2026/03/14;1000 UTC;;;;;;;;;;;;;;;;;;
2026/03/14;1100 UTC;;;;;;;;;;;;;;;;;;
2026/03/14;1200 UTC;;;;;;;;;;;;;;;;;;
2026/03/14;1300 UTC;;;;;;;;;;;;;;;;;;
2026/03/14;1400 UTC;;;;;;;;;;;;;;;;;;
2026/03/14;1500 UTC;;;;;;;;;;;;;;;;;;
2026/03/14;1600 UTC;;;;;;;;;;;;;;;;;;
2026/03/14;1700 UTC;;;;;;;;;;;;;;;;;;
2026/03/14;1800 UTC;;;;;;;;;;;;;;;;;;
2026/03/14;1900 UTC;;;;;;;;;;;;;;;;;;
2026/03/14;2000 UTC;;;;;;;;;;;;;;;;;;
2026/03/14;2100 UTC;;;;;;;;;;;;;;;;;;
2026/03/14;2200 UTC;;;;;;;;;;;;;;;;;;
2026/03/14;2300 UTC;;;;;;;;;;;;;;;;;;
2026/03/15;0000 UTC;;;;;;;;;;;;;;;;;;
2026/03/15;0100 UTC;;;;;;;;;;;;;;;;;;
2026/03/15;0200 UTC;;;;;;;;;;;;;;;;;;
2026/03/15;0300 UTC;;;;;;;;;;;;;;;;;;
2026/03/15;0400 UTC;;;;;;;;;;;;;;;;;;
2026/03/15;0500 UTC;;;;;;;;;;;;;;;;;;
2026/03/15;0600 UTC;;;;;;;;;;;;;;;;;;
2026/03/15;0700 UTC;;;;;;;;;;;;;;;;;;
2026/03/15;0800 UTC;;;;;;;;;;;;;;;;;;
2026/03/15;0900 UTC;;;;;;;;;;;;;;;;;;
2026/03/15;1000 UTC;;;;;;;;;;;;;;;;;;
2026/03/15;1100 UTC;;;;;;;;;;;;;;;;;;
2026/03/15;1200 UTC;;;;;;;;;;;;;;;;;;
2026/03/15;1300 UTC;;;;;;;;;;;;;;;;;;
2026/03/15;1400 UTC;;;;;;;;;;;;;;;;;;
2026/03/15;1500 UTC;;;;;;;;;;;;;;;;;;
2026/03/15;1600 UTC;;;;;;;;;;;;;;;;;;
2026/03/15;1700 UTC;;;;;;;;;;;;;;;;;;
2026/03/15;1800 UTC;;;;;;;;;;;;;;;;;;
2026/03/15;1900 UTC;;;;;;;;;;;;;;;;;;
2026/03/15;2000 UTC;;;;;;;;;;;;;;;;;;
2026/03/15;2100 UTC;;;;;;;;;;;;;;;;;;
2026/03/15;2200 UTC;;;;;;;;;;;;;;;;;;
2026/03/15;2300 UTC;;;;;;;;;;;;;;;;;;
2026/03/16;0000 UTC;;;;;;;;;;;;;;;;;;
2026/03/16;0100 UTC;;;;;;;;;;;;;;;;;;
2026/03/16;0200 UTC;;;;;;;;;;;;;;;;;;
2026/03/16;0300 UTC;;;;;;;;;;;;;;;;;;
2026/03/16;0400 UTC;;;;;;;;;;;;;;;;;;
2026/03/16;0500 UTC;;;;;;;;;;;;;;;;;;
2026/03/16;0600 UTC;;;;;;;;;;;;;;;;;;
2026/03/16;0700 UTC;;;;;;;;;;;;;;;;;;
2026/03/16;0800 UTC;;;;;;;;;;;;;;;;;;
2026/03/16;0900 UTC;;;;;;;;;;;;;;;;;;
2026/03/16;1000 UTC;;;;;;;;;;;;;;;;;;
2026/03/16;1100 UTC;;;;;;;;;;;;;;;;;;
2026/03/16;1200 UTC;;;;;;;;;;;;;;;;;;
2026/03/16;1300 UTC;;;;;;;;;;;;;;;;;;
2026/03/16;1400 UTC;;;;;;;;;;;;;;;;;;
2026/03/16;1500 UTC;;;;;;;;;;;;;;;;;;
2026/03/16;1600 UTC;;;;;;;;;;;;;;;;;;
2026/03/16;1700 UTC;;;;;;;;;;;;;;;;;;
2026/03/16;1800 UTC;;;;;;;;;;;;;;;;;;
2026/03/16;1900 UTC;;;;;;;;;;;;;;;;;;
2026/03/16;2000 UTC;;;;;;;;;;;;;;;;;;
2026/03/16;2100 UTC;;;;;;;;;;;;;;;;;;
2026/03/16;2200 UTC;;;;;;;;;;;;;;;;;;
2026/03/16;2300 UTC;;;;;;;;;;;;;;;;;;
2026/03/17;0000 UTC;;;;;;;;;;;;;;;;;;
2026/03/17;0100 UTC;;;;;;;;;;;;;;;;;;
2026/03/17;0200 UTC;;;;;;;;;;;;;;;;;;
2026/03/17;0300 UTC;;;;;;;;;;;;;;;;;;
2026/03/17;0400 UTC;;;;;;;;;;;;;;;;;;
2026/03/17;0500 UTC;;;;;;;;;;;;;;;;;;
2026/03/17;0600 UTC;;;;;;;;;;;;;;;;;;
2026/03/17;0700 UTC;;;;;;;;;;;;;;;;;;
2026/03/17;0800 UTC;;;;;;;;;;;;;;;;;;
2026/03/17;0900 UTC;;;;;;;;;;;;;;;;;;
2026/03/17;1000 UTC;;;;;;;;;;;;;;;;;;
2026/03/17;1100 UTC;;;;;;;;;;;;;;;;;;
2026/03/17;1200 UTC;;;;;;;;;;;;;;;;;;
2026/03/17;1300 UTC;;;;;;;;;;;;;;;;;;
2026/03/17;1400 UTC;;;;;;;;;;;;;;;;;;
2026/03/17;1500 UTC;;;;;;;;;;;;;;;;;;
2026/03/17;1600 UTC;;;;;;;;;;;;;;;;;;
2026/03/17;1700 UTC;;;;;;;;;;;;;;;;;;
2026/03/17;1800 UTC;;;;;;;;;;;;;;;;;;
2026/03/17;1900 UTC;;;;;;;;;;;;;;;;;;
2026/03/17;2000 UTC;;;;;;;;;;;;;;;;;;
2026/03/17;2100 UTC;;;;;;;;;;;;;;;;;;
2026/03/17;2200 UTC;;;;;;;;;;;;;;;;;;
2026/03/17;2300 UTC;;;;;;;;;;;;;;;;;;
2026/03/18;0000 UTC;;;;;;;;;;;;;;;;;;
2026/03/18;0100 UTC;;;;;;;;;;;;;;;;;;
2026/03/18;0200 UTC;;;;;;;;;;;;;;;;;;
2026/03/18;0300 UTC;;;;;;;;;;;;;;;;;;
2026/03/18;0400 UTC;;;;;;;;;;;;;;;;;;
2026/03/18;0500 UTC;;;;;;;;;;;;;;;;;;
2026/03/18;0600 UTC;;;;;;;;;;;;;;;;;;
2026/03/18;0700 UTC;;;;;;;;;;;;;;;;;;
2026/03/18;0800 UTC;;;;;;;;;;;;;;;;;;
2026/03/18;0900 UTC;;;;;;;;;;;;;;;;;;
2026/03/18;1000 UTC;;;;;;;;;;;;;;;;;;
2026/03/18;1100 UTC;;;;;;;;;;;;;;;;;;
2026/03/18;1200 UTC;;;;;;;;;;;;;;;;;;
2026/03/18;1300 UTC;;;;;;;;;;;;;;;;;;
2026/03/18;1400 UTC;;;;;;;;;;;;;;;;;;
2026/03/18;1500 UTC;;;;;;;;;;;;;;;;;;
2026/03/18;1600 UTC;;;;;;;;;;;;;;;;;;
2026/03/18;1700 UTC;;;;;;;;;;;;;;;;;;
2026/03/18;1800 UTC;;;;;;;;;;;;;;;;;;
2026/03/18;1900 UTC;;;;;;;;;;;;;;;;;;
2026/03/18;2000 UTC;;;;;;;;;;;;;;;;;;
2026/03/18;2100 UTC;;;;;;;;;;;;;;;;;;
2026/03/18;2200 UTC;;;;;;;;;;;;;;;;;;
2026/03/18;2300 UTC;;;;;;;;;;;;;;;;;;
2026/03/19;0000 UTC;;;;;;;;;;;;;;;;;;
2026/03/19;0100 UTC;;;;;;;;;;;;;;;;;;
2026/03/19;0200 UTC;;;;;;;;;;;;;;;;;;
2026/03/19;0300 UTC;;;;;;;;;;;;;;;;;;
2026/03/19;0400 UTC;;;;;;;;;;;;;;;;;;
2026/03/19;0500 UTC;;;;;;;;;;;;;;;;;;
2026/03/19;0600 UTC;;;;;;;;;;;;;;;;;;
2026/03/19;0700 UTC;;;;;;;;;;;;;;;;;;
2026/03/19;0800 UTC;;;;;;;;;;;;;;;;;;
2026/03/19;0900 UTC;;;;;;;;;;;;;;;;;;
2026/03/19;1000 UTC;;;;;;;;;;;;;;;;;;
2026/03/19;1100 UTC;;;;;;;;;;;;;;;;;;
2026/03/19;1200 UTC;;;;;;;;;;;;;;;;;;
2026/03/19;1300 UTC;;;;;;;;;;;;;;;;;;
2026/03/19;1400 UTC;;;;;;;;;;;;;;;;;;
2026/03/19;1500 UTC;;;;;;;;;;;;;;;;;;
2026/03/19;1600 UTC;;;;;;;;;;;;;;;;;;
2026/03/19;1700 UTC;;;;;;;;;;;;;;;;;;
2026/03/19;1800 UTC;;;;;;;;;;;;;;;;;;
2026/03/19;1900 UTC;;;;;;;;;;;;;;;;;;
2026/03/19;2000 UTC;;;;;;;;;;;;;;;;;;
2026/03/19;2100 UTC;;;;;;;;;;;;;;;;;;
2026/03/19;2200 UTC;;;;;;;;;;;;;;;;;;
2026/03/19;2300 UTC;;;;;;;;;;;;;;;;;;
2026/03/20;0000 UTC;;;;;;;;;;;;;;;;;;
2026/03/20;0100 UTC;;;;;;;;;;;;;;;;;;
2026/03/20;0200 UTC;;;;;;;;;;;;;;;;;;
2026/03/20;0300 UTC;;;;;;;;;;;;;;;;;;
2026/03/20;0400 UTC;;;;;;;;;;;;;;;;;;
2026/03/20;0500 UTC;;;;;;;;;;;;;;;;;;
2026/03/20;0600 UTC;;;;;;;;;;;;;;;;;;
2026/03/20;0700 UTC;;;;;;;;;;;;;;;;;;
2026/03/20;0800 UTC;;;;;;;;;;;;;;;;;;
2026/03/20;0900 UTC;;;;;;;;;;;;;;;;;;
2026/03/20;1000 UTC;;;;;;;;;;;;;;;;;;
2026/03/20;1100 UTC;;;;;;;;;;;;;;;;;;
2026/03/20;1200 UTC;;;;;;;;;;;;;;;;;;
2026/03/20;1300 UTC;;;;;;;;;;;;;;;;;;
2026/03/20;1400 UTC;;;;;;;;;;;;;;;;;;
2026/03/20;1500 UTC;;;;;;;;;;;;;;;;;;
2026/03/20;1600 UTC;;;;;;;;;;;;;;;;;;
2026/03/20;1700 UTC;;;;;;;;;;;;;;;;;;
2026/03/20;1800 UTC;;;;;;;;;;;;;;;;;;
2026/03/20;1900 UTC;;;;;;;;;;;;;;;;;;
2026/03/20;2000 UTC;;;;;;;;;;;;;;;;;;
2026/03/20;2100 UTC;;;;;;;;;;;;;;;;;;
2026/03/20;2200 UTC;;;;;;;;;;;;;;;;;;
2026/03/20;2300 UTC;;;;;;;;;;;;;;;;;;
2026/03/21;0000 UTC;;;;;;;;;;;;;;;;;;
2026/03/21;0100 UTC;;;;;;;;;;;;;;;;;;
2026/03/21;0200 UTC;;;;;;;;;;;;;;;;;;
2026/03/21;0300 UTC;;;;;;;;;;;;;;;;;;
2026/03/21;0400 UTC;;;;;;;;;;;;;;;;;;
2026/03/21;0500 UTC;;;;;;;;;;;;;;;;;;
2026/03/21;0600 UTC;;;;;;;;;;;;;;;;;;
2026/03/21;0700 UTC;;;;;;;;;;;;;;;;;;
2026/03/21;0800 UTC;;;;;;;;;;;;;;;;;;
2026/03/21;0900 UTC;;;;;;;;;;;;;;;;;;
2026/03/21;1000 UTC;;;;;;;;;;;;;;;;;;
2026/03/21;1100 UTC;;;;;;;;;;;;;;;;;;
2026/03/21;1200 UTC;;;;;;;;;;;;;;;;;;
2026/03/21;1300 UTC;;;;;;;;;;;;;;;;;;
2026/03/21;1400 UTC;;;;;;;;;;;;;;;;;;
2026/03/21;1500 UTC;;;;;;;;;;;;;;;;;;
2026/03/21;1600 UTC;;;;;;;;;;;;;;;;;;
2026/03/21;1700 UTC;;;;;;;;;;;;;;;;;;
2026/03/21;1800 UTC;;;;;;;;;;;;;;;;;;
2026/03/21;1900 UTC;;;;;;;;;;;;;;;;;;
2026/03/21;2000 UTC;;;;;;;;;;;;;;;;;;
2026/03/21;2100 UTC;;;;;;;;;;;;;;;;;;
2026/03/21;2200 UTC;;;;;;;;;;;;;;;;;;
2026/03/21;2300 UTC;;;;;;;;;;;;;;;;;;
2026/03/22;0000 UTC;;;;;;;;;;;;;;;;;;
2026/03/22;0100 UTC;;;;;;;;;;;;;;;;;;
2026/03/22;0200 UTC;;;;;;;;;;;;;;;;;;
2026/03/22;0300 UTC;;;;;;;;;;;;;;;;;;
2026/03/22;0400 UTC;;;;;;;;;;;;;;;;;;
2026/03/22;0500 UTC;;;;;;;;;;;;;;;;;;
2026/03/22;0600 UTC;;;;;;;;;;;;;;;;;;
2026/03/22;0700 UTC;;;;;;;;;;;;;;;;;;
2026/03/22;0800 UTC;;;;;;;;;;;;;;;;;;
2026/03/22;0900 UTC;;;;;;;;;;;;;;;;;;
2026/03/22;1000 UTC;;;;;;;;;;;;;;;;;;
2026/03/22;1100 UTC;;;;;;;;;;;;;;;;;;
2026/03/22;1200 UTC;;;;;;;;;;;;;;;;;;
2026/03/22;1300 UTC;;;;;;;;;;;;;;;;;;
2026/03/22;1400 UTC;;;;;;;;;;;;;;;;;;
2026/03/22;1500 UTC;;;;;;;;;;;;;;;;;;
2026/03/22;1600 UTC;;;;;;;;;;;;;;;;;;
2026/03/22;1700 UTC;;;;;;;;;;;;;;;;;;
2026/03/22;1800 UTC;;;;;;;;;;;;;;;;;;
2026/03/22;1900 UTC;;;;;;;;;;;;;;;;;;
2026/03/22;2000 UTC;;;;;;;;;;;;;;;;;;
2026/03/22;2100 UTC;;;;;;;;;;;;;;;;;;
2026/03/22;2200 UTC;;;;;;;;;;;;;;;;;;
2026/03/22;2300 UTC;;;;;;;;;;;;;;;;;;
2026/03/23;0000 UTC;;;;;;;;;;;;;;;;;;
2026/03/23;0100 UTC;;;;;;;;;;;;;;;;;;
2026/03/23;0200 UTC;;;;;;;;;;;;;;;;;;
2026/03/23;0300 UTC;;;;;;;;;;;;;;;;;;
2026/03/23;0400 UTC;;;;;;;;;;;;;;;;;;
2026/03/23;0500 UTC;;;;;;;;;;;;;;;;;;
2026/03/23;0600 UTC;;;;;;;;;;;;;;;;;;
2026/03/23;0700 UTC;;;;;;;;;;;;;;;;;;
2026/03/23;0800 UTC;;;;;;;;;;;;;;;;;;
2026/03/23;0900 UTC;;;;;;;;;;;;;;;;;;
2026/03/23;1000 UTC;;;;;;;;;;;;;;;;;;
2026/03/23;1100 UTC;;;;;;;;;;;;;;;;;;
2026/03/23;1200 UTC;;;;;;;;;;;;;;;;;;
2026/03/23;1300 UTC;;;;;;;;;;;;;;;;;;
2026/03/23;1400 UTC;;;;;;;;;;;;;;;;;;
2026/03/23;1500 UTC;;;;;;;;;;;;;;;;;;
2026/03/23;1600 UTC;;;;;;;;;;;;;;;;;;
2026/03/23;1700 UTC;;;;;;;;;;;;;;;;;;
2026/03/23;1800 UTC;;;;;;;;;;;;;;;;;;
2026/03/23;1900 UTC;;;;;;;;;;;;;;;;;;
2026/03/23;2000 UTC;;;;;;;;;;;;;;;;;;
2026/03/23;2100 UTC;;;;;;;;;;;;;;;;;;
2026/03/23;2200 UTC;;;;;;;;;;;;;;;;;;
2026/03/23;2300 UTC;;;;;;;;;;;;;;;;;;
2026/03/24;0000 UTC;;;;;;;;;;;;;;;;;;
2026/03/24;0100 UTC;;;;;;;;;;;;;;;;;;
2026/03/24;0200 UTC;;;;;;;;;;;;;;;;;;
2026/03/24;0300 UTC;;;;;;;;;;;;;;;;;;
2026/03/24;0400 UTC;;;;;;;;;;;;;;;;;;
2026/03/24;0500 UTC;;;;;;;;;;;;;;;;;;
2026/03/24;0600 UTC;;;;;;;;;;;;;;;;;;
2026/03/24;0700 UTC;;;;;;;;;;;;;;;;;;
2026/03/24;0800 UTC;;;;;;;;;;;;;;;;;;
2026/03/24;0900 UTC;;;;;;;;;;;;;;;;;;
2026/03/24;1000 UTC;;;;;;;;;;;;;;;;;;
2026/03/24;1100 UTC;;;;;;;;;;;;;;;;;;
2026/03/24;1200 UTC;;;;;;;;;;;;;;;;;;
2026/03/24;1300 UTC;;;;;;;;;;;;;;;;;;
2026/03/24;1400 UTC;;;;;;;;;;;;;;;;;;
2026/03/24;1500 UTC;;;;;;;;;;;;;;;;;;
2026/03/24;1600 UTC;;;;;;;;;;;;;;;;;;
2026/03/24;1700 UTC;;;;;;;;;;;;;;;;;;
2026/03/24;1800 UTC;;;;;;;;;;;;;;;;;;
2026/03/24;1900 UTC;;;;;;;;;;;;;;;;;;
2026/03/24;2000 UTC;;;;;;;;;;;;;;;;;;
2026/03/24;2100 UTC;;;;;;;;;;;;;;;;;;
2026/03/24;2200 UTC;;;;;;;;;;;;;;;;;;
2026/03/24;2300 UTC;;;;;;;;;;;;;;;;;;
2026/03/25;0000 UTC;;;;;;;;;;;;;;;;;;
2026/03/25;0100 UTC;;;;;;;;;;;;;;;;;;
2026/03/25;0200 UTC;;;;;;;;;;;;;;;;;;
2026/03/25;0300 UTC;;;;;;;;;;;;;;;;;;
2026/03/25;0400 UTC;;;;;;;;;;;;;;;;;;
2026/03/25;0500 UTC;;;;;;;;;;;;;;;;;;
2026/03/25;0600 UTC;;;;;;;;;;;;;;;;;;
2026/03/25;0700 UTC;;;;;;;;;;;;;;;;;;
2026/03/25;0800 UTC;;;;;;;;;;;;;;;;;;
2026/03/25;0900 UTC;;;;;;;;;;;;;;;;;;
2026/03/25;1000 UTC;;;;;;;;;;;;;;;;;;
2026/03/25;1100 UTC;;;;;;;;;;;;;;;;;;
2026/03/25;1200 UTC;;;;;;;;;;;;;;;;;;
2026/03/25;1300 UTC;;;;;;;;;;;;;;;;;;
2026/03/25;1400 UTC;;;;;;;;;;;;;;;;;;
2026/03/25;1500 UTC;;;;;;;;;;;;;;;;;;
2026/03/25;1600 UTC;;;;;;;;;;;;;;;;;;
2026/03/25;1700 UTC;;;;;;;;;;;;;;;;;;
2026/03/25;1800 UTC;;;;;;;;;;;;;;;;;;
2026/03/25;1900 UTC;;;;;;;;;;;;;;;;;;
2026/03/25;2000 UTC;;;;;;;;;;;;;;;;;;
2026/03/25;2100 UTC;;;;;;;;;;;;;;;;;;
2026/03/25;2200 UTC;;;;;;;;;;;;;;;;;;
2026/03/25;2300 UTC;;;;;;;;;;;;;;;;;;
2026/03/26;0000 UTC;;;;;;;;;;;;;;;;;;
2026/03/26;0100 UTC;;;;;;;;;;;;;;;;;;
2026/03/26;0200 UTC;;;;;;;;;;;;;;;;;;
2026/03/26;0300 UTC;;;;;;;;;;;;;;;;;;
2026/03/26;0400 UTC;;;;;;;;;;;;;;;;;;
2026/03/26;0500 UTC;;;;;;;;;;;;;;;;;;
2026/03/26;0600 UTC;;;;;;;;;;;;;;;;;;
2026/03/26;0700 UTC;;;;;;;;;;;;;;;;;;
2026/03/26;0800 UTC;;;;;;;;;;;;;;;;;;
2026/03/26;0900 UTC;;;;;;;;;;;;;;;;;;
2026/03/26;1000 UTC;;;;;;;;;;;;;;;;;;
2026/03/26;1100 UTC;;;;;;;;;;;;;;;;;;
2026/03/26;1200 UTC;;;;;;;;;;;;;;;;;;
2026/03/26;1300 UTC;;;;;;;;;;;;;;;;;;
2026/03/26;1400 UTC;;;;;;;;;;;;;;;;;;
2026/03/26;1500 UTC;;;;;;;;;;;;;;;;;;
2026/03/26;1600 UTC;;;;;;;;;;;;;;;;;;
2026/03/26;1700 UTC;;;;;;;;;;;;;;;;;;
2026/03/26;1800 UTC;;;;;;;;;;;;;;;;;;
2026/03/26;1900 UTC;;;;;;;;;;;;;;;;;;
2026/03/26;2000 UTC;;;;;;;;;;;;;;;;;;
2026/03/26;2100 UTC;;;;;;;;;;;;;;;;;;
2026/03/26;2200 UTC;;;;;;;;;;;;;;;;;;
2026/03/26;2300 UTC;;;;;;;;;;;;;;;;;;
2026/03/27;0000 UTC;;;;;;;;;;;;;;;;;;
2026/03/27;0100 UTC;;;;;;;;;;;;;;;;;;
2026/03/27;0200 UTC;;;;;;;;;;;;;;;;;;
2026/03/27;0300 UTC;;;;;;;;;;;;;;;;;;
2026/03/27;0400 UTC;;;;;;;;;;;;;;;;;;
2026/03/27;0500 UTC;;;;;;;;;;;;;;;;;;
2026/03/27;0600 UTC;;;;;;;;;;;;;;;;;;
2026/03/27;0700 UTC;;;;;;;;;;;;;;;;;;
2026/03/27;0800 UTC;;;;;;;;;;;;;;;;;;
2026/03/27;0900 UTC;;;;;;;;;;;;;;;;;;
2026/03/27;1000 UTC;;;;;;;;;;;;;;;;;;
2026/03/27;1100 UTC;;;;;;;;;;;;;;;;;;
2026/03/27;1200 UTC;;;;;;;;;;;;;;;;;;
2026/03/27;1300 UTC;;;;;;;;;;;;;;;;;;
2026/03/27;1400 UTC;;;;;;;;;;;;;;;;;;
2026/03/27;1500 UTC;;;;;;;;;;;;;;;;;;
2026/03/27;1600 UTC;;;;;;;;;;;;;;;;;;
2026/03/27;1700 UTC;;;;;;;;;;;;;;;;;;
2026/03/27;1800 UTC;;;;;;;;;;;;;;;;;;
2026/03/27;1900 UTC;;;;;;;;;;;;;;;;;;
2026/03/27;2000 UTC;;;;;;;;;;;;;;;;;;
2026/03/27;2100 UTC;;;;;;;;;;;;;;;;;;
2026/03/27;2200 UTC;;;;;;;;;;;;;;;;;;
2026/03/27;2300 UTC;;;;;;;;;;;;;;;;;;
2026/03/28;0000 UTC;;;;;;;;;;;;;;;;;;
2026/03/28;0100 UTC;;;;;;;;;;;;;;;;;;
2026/03/28;0200 UTC;;;;;;;;;;;;;;;;;;
2026/03/28;0300 UTC;;;;;;;;;;;;;;;;;;
2026/03/28;0400 UTC;;;;;;;;;;;;;;;;;;
2026/03/28;0500 UTC;;;;;;;;;;;;;;;;;;
2026/03/28;0600 UTC;;;;;;;;;;;;;;;;;;
2026/03/28;0700 UTC;;;;;;;;;;;;;;;;;;
2026/03/28;0800 UTC;;;;;;;;;;;;;;;;;;
2026/03/28;0900 UTC;;;;;;;;;;;;;;;;;;
2026/03/28;1000 UTC;;;;;;;;;;;;;;;;;;
2026/03/28;1100 UTC;;;;;;;;;;;;;;;;;;
2026/03/28;1200 UTC;;;;;;;;;;;;;;;;;;
2026/03/28;1300 UTC;;;;;;;;;;;;;;;;;;
2026/03/28;1400 UTC;;;;;;;;;;;;;;;;;;
2026/03/28;1500 UTC;;;;;;;;;;;;;;;;;;
2026/03/28;1600 UTC;;;;;;;;;;;;;;;;;;
2026/03/28;1700 UTC;;;;;;;;;;;;;;;;;;
2026/03/28;1800 UTC;;;;;;;;;;;;;;;;;;
2026/03/28;1900 UTC;;;;;;;;;;;;;;;;;;
2026/03/28;2000 UTC;;;;;;;;;;;;;;;;;;
2026/03/28;2100 UTC;;;;;;;;;;;;;;;;;;
2026/03/28;2200 UTC;;;;;;;;;;;;;;;;;;
2026/03/28;2300 UTC;;;;;;;;;;;;;;;;;;
2026/03/29;0000 UTC;;;;;;;;;;;;;;;;;;
2026/03/29;0100 UTC;;;;;;;;;;;;;;;;;;
2026/03/29;0200 UTC;;;;;;;;;;;;;;;;;;
2026/03/29;0300 UTC;;;;;;;;;;;;;;;;;;
2026/03/29;0400 UTC;;;;;;;;;;;;;;;;;;
2026/03/29;0500 UTC;;;;;;;;;;;;;;;;;;
2026/03/29;0600 UTC;;;;;;;;;;;;;;;;;;
2026/03/29;0700 UTC;;;;;;;;;;;;;;;;;;
2026/03/29;0800 UTC;;;;;;;;;;;;;;;;;;
2026/03/29;0900 UTC;;;;;;;;;;;;;;;;;;
2026/03/29;1000 UTC;;;;;;;;;;;;;;;;;;
2026/03/29;1100 UTC;;;;;;;;;;;;;;;;;;
2026/03/29;1200 UTC;;;;;;;;;;;;;;;;;;
2026/03/29;1300 UTC;;;;;;;;;;;;;;;;;;
2026/03/29;1400 UTC;;;;;;;;;;;;;;;;;;
2026/03/29;1500 UTC;;;;;;;;;;;;;;;;;;
2026/03/29;1600 UTC;;;;;;;;;;;;;;;;;;
2026/03/29;1700 UTC;;;;;;;;;;;;;;;;;;
2026/03/29;1800 UTC;;;;;;;;;;;;;;;;;;
2026/03/29;1900 UTC;;;;;;;;;;;;;;;;;;
2026/03/29;2000 UTC;;;;;;;;;;;;;;;;;;
2026/03/29;2100 UTC;;;;;;;;;;;;;;;;;;
2026/03/29;2200 UTC;;;;;;;;;;;;;;;;;;
2026/03/29;2300 UTC;;;;;;;;;;;;;;;;;;
2026/03/30;0000 UTC;;;;;;;;;;;;;;;;;;
2026/03/30;0100 UTC;;;;;;;;;;;;;;;;;;
2026/03/30;0200 UTC;;;;;;;;;;;;;;;;;;
2026/03/30;0300 UTC;;;;;;;;;;;;;;;;;;
2026/03/30;0400 UTC;;;;;;;;;;;;;;;;;;
2026/03/30;0500 UTC;;;;;;;;;;;;;;;;;;
2026/03/30;0600 UTC;;;;;;;;;;;;;;;;;;
2026/03/30;0700 UTC;;;;;;;;;;;;;;;;;;
2026/03/30;0800 UTC;;;;;;;;;;;;;;;;;;
2026/03/30;0900 UTC;;;;;;;;;;;;;;;;;;
2026/03/30;1000 UTC;;;;;;;;;;;;;;;;;;
2026/03/30;1100 UTC;;;;;;;;;;;;;;;;;;
2026/03/30;1200 UTC;;;;;;;;;;;;;;;;;;
2026/03/30;1300 UTC;;;;;;;;;;;;;;;;;;
2026/03/30;1400 UTC;;;;;;;;;;;;;;;;;;
2026/03/30;1500 UTC;;;;;;;;;;;;;;;;;;
2026/03/30;1600 UTC;;;;;;;;;;;;;;;;;;
2026/03/30;1700 UTC;;;;;;;;;;;;;;;;;;
2026/03/30;1800 UTC;;;;;;;;;;;;;;;;;;
2026/03/30;1900 UTC;;;;;;;;;;;;;;;;;;
2026/03/30;2000 UTC;;;;;;;;;;;;;;;;;;
2026/03/30;2100 UTC;;;;;;;;;;;;;;;;;;
2026/03/30;2200 UTC;;;;;;;;;;;;;;;;;;
2026/03/30;2300 UTC;;;;;;;;;;;;;;;;;;
2026/03/31;0000 UTC;;;;;;;;;;;;;;;;;;
2026/03/31;0100 UTC;;;;;;;;;;;;;;;;;;
2026/03/31;0200 UTC;;;;;;;;;;;;;;;;;;
2026/03/31;0300 UTC;;;;;;;;;;;;;;;;;;
2026/03/31;0400 UTC;;;;;;;;;;;;;;;;;;
2026/03/31;0500 UTC;;;;;;;;;;;;;;;;;;
2026/03/31;0600 UTC;;;;;;;;;;;;;;;;;;
2026/03/31;0700 UTC;;;;;;;;;;;;;;;;;;
2026/03/31;0800 UTC;;;;;;;;;;;;;;;;;;
2026/03/31;0900 UTC;;;;;;;;;;;;;;;;;;
2026/03/31;1000 UTC;;;;;;;;;;;;;;;;;;
2026/03/31;1100 UTC;;;;;;;;;;;;;;;;;;
2026/03/31;1200 UTC;;;;;;;;;;;;;;;;;;
2026/03/31;1300 UTC;;;;;;;;;;;;;;;;;;
2026/03/31;1400 UTC;;;;;;;;;;;;;;;;;;
2026/03/31;1500 UTC;;;;;;;;;;;;;;;;;;
2026/03/31;1600 UTC;;;;;;;;;;;;;;;;;;
2026/03/31;1700 UTC;;;;;;;;;;;;;;;;;;
2026/03/31;1800 UTC;;;;;;;;;;;;;;;;;;
2026/03/31;1900 UTC;;;;;;;;;;;;;;;;;;
2026/03/31;2000 UTC;;;;;;;;;;;;;;;;;;
2026/03/31;2100 UTC;;;;;;;;;;;;;;;;;;
2026/03/31;2200 UTC;;;;;;;;;;;;;;;;;;
2026/03/31;2300 UTC;;;;;;;;;;;;;;;;;;
2026/04/01;0000 UTC;;;;;;;;;;;;;;;;;;
2026/04/01;0100 UTC;;;;;;;;;;;;;;;;;;
2026/04/01;0200 UTC;;;;;;;;;;;;;;;;;;
2026/04/01;0300 UTC;;;;;;;;;;;;;;;;;;
2026/04/01;0400 UTC;;;;;;;;;;;;;;;;;;
2026/04/01;0500 UTC;;;;;;;;;;;;;;;;;;
2026/04/01;0600 UTC;;;;;;;;;;;;;;;;;;
2026/04/01;0700 UTC;;;;;;;;;;;;;;;;;;
2026/04/01;0800 UTC;;;;;;;;;;;;;;;;;;
2026/04/01;0900 UTC;;;;;;;;;;;;;;;;;;
2026/04/01;1000 UTC;;;;;;;;;;;;;;;;;;
2026/04/01;1100 UTC;;;;;;;;;;;;;;;;;;
2026/04/01;1200 UTC;;;;;;;;;;;;;;;;;;
2026/04/01;1300 UTC;;;;;;;;;;;;;;;;;;
2026/04/01;1400 UTC;;;;;;;;;;;;;;;;;;
2026/04/01;1500 UTC;;;;;;;;;;;;;;;;;;
2026/04/01;1600 UTC;;;;;;;;;;;;;;;;;;
2026/04/01;1700 UTC;;;;;;;;;;;;;;;;;;
2026/04/01;1800 UTC;;;;;;;;;;;;;;;;;;
2026/04/01;1900 UTC;;;;;;;;;;;;;;;;;;
2026/04/01;2000 UTC;;;;;;;;;;;;;;;;;;
2026/04/01;2100 UTC;;;;;;;;;;;;;;;;;;
2026/04/01;2200 UTC;;;;;;;;;;;;;;;;;;
2026/04/01;2300 UTC;;;;;;;;;;;;;;;;;;
2026/04/02;0000 UTC;;;;;;;;;;;;;;;;;;
2026/04/02;0100 UTC;;;;;;;;;;;;;;;;;;
2026/04/02;0200 UTC;;;;;;;;;;;;;;;;;;
2026/04/02;0300 UTC;;;;;;;;;;;;;;;;;;
2026/04/02;0400 UTC;;;;;;;;;;;;;;;;;;
2026/04/02;0500 UTC;;;;;;;;;;;;;;;;;;
2026/04/02;0600 UTC;;;;;;;;;;;;;;;;;;
2026/04/02;0700 UTC;;;;;;;;;;;;;;;;;;
2026/04/02;0800 UTC;;;;;;;;;;;;;;;;;;
2026/04/02;0900 UTC;;;;;;;;;;;;;;;;;;
2026/04/02;1000 UTC;;;;;;;;;;;;;;;;;;
2026/04/02;1100 UTC;;;;;;;;;;;;;;;;;;
2026/04/02;1200 UTC;;;;;;;;;;;;;;;;;;
2026/04/02;1300 UTC;;;;;;;;;;;;;;;;;;
2026/04/02;1400 UTC;;;;;;;;;;;;;;;;;;
2026/04/02;1500 UTC;;;;;;;;;;;;;;;;;;
2026/04/02;1600 UTC;;;;;;;;;;;;;;;;;;
2026/04/02;1700 UTC;;;;;;;;;;;;;;;;;;
2026/04/02;1800 UTC;;;;;;;;;;;;;;;;;;
2026/04/02;1900 UTC;;;;;;;;;;;;;;;;;;
2026/04/02;2000 UTC;;;;;;;;;;;;;;;;;;
2026/04/02;2100 UTC;;;;;;;;;;;;;;;;;;
2026/04/02;2200 UTC;;;;;;;;;;;;;;;;;;
2026/04/02;2300 UTC;;;;;;;;;;;;;;;;;;
2026/04/03;0000 UTC;;;;;;;;;;;;;;;;;;
2026/04/03;0100 UTC;;;;;;;;;;;;;;;;;;
2026/04/03;0200 UTC;;;;;;;;;;;;;;;;;;
2026/04/03;0300 UTC;;;;;;;;;;;;;;;;;;
2026/04/03;0400 UTC;;;;;;;;;;;;;;;;;;
2026/04/03;0500 UTC;;;;;;;;;;;;;;;;;;
2026/04/03;0600 UTC;;;;;;;;;;;;;;;;;;
2026/04/03;0700 UTC;;;;;;;;;;;;;;;;;;
2026/04/03;0800 UTC;;;;;;;;;;;;;;;;;;
2026/04/03;0900 UTC;;;;;;;;;;;;;;;;;;
2026/04/03;1000 UTC;;;;;;;;;;;;;;;;;;
2026/04/03;1100 UTC;;;;;;;;;;;;;;;;;;
2026/04/03;1200 UTC;;;;;;;;;;;;;;;;;;
2026/04/03;1300 UTC;;;;;;;;;;;;;;;;;;
2026/04/03;1400 UTC;;;;;;;;;;;;;;;;;;
2026/04/03;1500 UTC;;;;;;;;;;;;;;;;;;
2026/04/03;1600 UTC;;;;;;;;;;;;;;;;;;
2026/04/03;1700 UTC;;;;;;;;;;;;;;;;;;
2026/04/03;1800 UTC;;;;;;;;;;;;;;;;;;
2026/04/03;1900 UTC;;;;;;;;;;;;;;;;;;
2026/04/03;2000 UTC;;;;;;;;;;;;;;;;;;
2026/04/03;2100 UTC;;;;;;;;;;;;;;;;;;
2026/04/03;2200 UTC;;;;;;;;;;;;;;;;;;
2026/04/03;2300 UTC;;;;;;;;;;;;;;;;;;
2026/04/04;0000 UTC;;;;;;;;;;;;;;;;;;
2026/04/04;0100 UTC;;;;;;;;;;;;;;;;;;
2026/04/04;0200 UTC;;;;;;;;;;;;;;;;;;
2026/04/04;0300 UTC;;;;;;;;;;;;;;;;;;
2026/04/04;0400 UTC;;;;;;;;;;;;;;;;;;
2026/04/04;0500 UTC;;;;;;;;;;;;;;;;;;
2026/04/04;0600 UTC;;;;;;;;;;;;;;;;;;
2026/04/04;0700 UTC;;;;;;;;;;;;;;;;;;
2026/04/04;0800 UTC;;;;;;;;;;;;;;;;;;
2026/04/04;0900 UTC;;;;;;;;;;;;;;;;;;
2026/04/04;1000 UTC;;;;;;;;;;;;;;;;;;
2026/04/04;1100 UTC;;;;;;;;;;;;;;;;;;
2026/04/04;1200 UTC;;;;;;;;;;;;;;;;;;
2026/04/04;1300 UTC;;;;;;;;;;;;;;;;;;
2026/04/04;1400 UTC;;;;;;;;;;;;;;;;;;
2026/04/04;1500 UTC;;;;;;;;;;;;;;;;;;
2026/04/04;1600 UTC;;;;;;;;;;;;;;;;;;
2026/04/04;1700 UTC;;;;;;;;;;;;;;;;;;
2026/04/04;1800 UTC;;;;;;;;;;;;;;;;;;
2026/04/04;1900 UTC;;;;;;;;;;;;;;;;;;
2026/04/04;2000 UTC;;;;;;;;;;;;;;;;;;
2026/04/04;2100 UTC;;;;;;;;;;;;;;;;;;
2026/04/04;2200 UTC;;;;;;;;;;;;;;;;;;
2026/04/04;2300 UTC;;;;;;;;;;;;;;;;;;
2026/04/05;0000 UTC;;;;;;;;;;;;;;;;;;
2026/04/05;0100 UTC;;;;;;;;;;;;;;;;;;
2026/04/05;0200 UTC;;;;;;;;;;;;;;;;;;
2026/04/05;0300 UTC;;;;;;;;;;;;;;;;;;
2026/04/05;0400 UTC;;;;;;;;;;;;;;;;;;
2026/04/05;0500 UTC;;;;;;;;;;;;;;;;;;
2026/04/05;0600 UTC;;;;;;;;;;;;;;;;;;
2026/04/05;0700 UTC;;;;;;;;;;;;;;;;;;
2026/04/05;0800 UTC;;;;;;;;;;;;;;;;;;
2026/04/05;0900 UTC;;;;;;;;;;;;;;;;;;
2026/04/05;1000 UTC;;;;;;;;;;;;;;;;;;
2026/04/05;1100 UTC;;;;;;;;;;;;;;;;;;
2026/04/05;1200 UTC;;;;;;;;;;;;;;;;;;
2026/04/05;1300 UTC;;;;;;;;;;;;;;;;;;
2026/04/05;1400 UTC;;;;;;;;;;;;;;;;;;
2026/04/05;1500 UTC;;;;;;;;;;;;;;;;;;
2026/04/05;1600 UTC;;;;;;;;;;;;;;;;;;
2026/04/05;1700 UTC;;;;;;;;;;;;;;;;;;
2026/04/05;1800 UTC;;;;;;;;;;;;;;;;;;
2026/04/05;1900 UTC;;;;;;;;;;;;;;;;;;
2026/04/05;2000 UTC;;;;;;;;;;;;;;;;;;
2026/04/05;2100 UTC;;;;;;;;;;;;;;;;;;
2026/04/05;2200 UTC;;;;;;;;;;;;;;;;;;
2026/04/05;2300 UTC;;;;;;;;;;;;;;;;;;
2026/04/06;0000 UTC;;;;;;;;;;;;;;;;;;
2026/04/06;0100 UTC;;;;;;;;;;;;;;;;;;
2026/04/06;0200 UTC;;;;;;;;;;;;;;;;;;
2026/04/06;0300 UTC;;;;;;;;;;;;;;;;;;
2026/04/06;0400 UTC;;;;;;;;;;;;;;;;;;
2026/04/06;0500 UTC;;;;;;;;;;;;;;;;;;
2026/04/06;0600 UTC;;;;;;;;;;;;;;;;;;
2026/04/06;0700 UTC;;;;;;;;;;;;;;;;;;
2026/04/06;0800 UTC;;;;;;;;;;;;;;;;;;
2026/04/06;0900 UTC;;;;;;;;;;;;;;;;;;
2026/04/06;1000 UTC;;;;;;;;;;;;;;;;;;
2026/04/06;1100 UTC;;;;;;;;;;;;;;;;;;
2026/04/06;1200 UTC;;;;;;;;;;;;;;;;;;
2026/04/06;1300 UTC;;;;;;;;;;;;;;;;;;
2026/04/06;1400 UTC;;;;;;;;;;;;;;;;;;
2026/04/06;1500 UTC;;;;;;;;;;;;;;;;;;
2026/04/06;1600 UTC;;;;;;;;;;;;;;;;;;
2026/04/06;1700 UTC;;;;;;;;;;;;;;;;;;
2026/04/06;1800 UTC;;;;;;;;;;;;;;;;;;
2026/04/06;1900 UTC;;;;;;;;;;;;;;;;;;
2026/04/06;2000 UTC;;;;;;;;;;;;;;;;;;
2026/04/06;2100 UTC;;;;;;;;;;;;;;;;;;
2026/04/06;2200 UTC;;;;;;;;;;;;;;;;;;
2026/04/06;2300 UTC;;;;;;;;;;;;;;;;;;
2026/04/07;0000 UTC;;;;;;;;;;;;;;;;;;
2026/04/07;0100 UTC;;;;;;;;;;;;;;;;;;
2026/04/07;0200 UTC;;;;;;;;;;;;;;;;;;
2026/04/07;0300 UTC;;;;;;;;;;;;;;;;;;
2026/04/07;0400 UTC;;;;;;;;;;;;;;;;;;
2026/04/07;0500 UTC;;;;;;;;;;;;;;;;;;
2026/04/07;0600 UTC;;;;;;;;;;;;;;;;;;
2026/04/07;0700 UTC;;;;;;;;;;;;;;;;;;
2026/04/07;0800 UTC;;;;;;;;;;;;;;;;;;
2026/04/07;0900 UTC;;;;;;;;;;;;;;;;;;
2026/04/07;1000 UTC;;;;;;;;;;;;;;;;;;
2026/04/07;1100 UTC;;;;;;;;;;;;;;;;;;
2026/04/07;1200 UTC;;;;;;;;;;;;;;;;;;
2026/04/07;1300 UTC;;;;;;;;;;;;;;;;;;
2026/04/07;1400 UTC;;;;;;;;;;;;;;;;;;
2026/04/07;1500 UTC;;;;;;;;;;;;;;;;;;
2026/04/07;1600 UTC;;;;;;;;;;;;;;;;;;
2026/04/07;1700 UTC;;;;;;;;;;;;;;;;;;
2026/04/07;1800 UTC;;;;;;;;;;;;;;;;;;
2026/04/07;1900 UTC;;;;;;;;;;;;;;;;;;
2026/04/07;2000 UTC;;;;;;;;;;;;;;;;;;
2026/04/07;2100 UTC;;;;;;;;;;;;;;;;;;
2026/04/07;2200 UTC;;;;;;;;;;;;;;;;;;
2026/04/07;2300 UTC;;;;;;;;;;;;;;;;;;
2026/04/08;0000 UTC;;;;;;;;;;;;;;;;;;
2026/04/08;0100 UTC;;;;;;;;;;;;;;;;;;
2026/04/08;0200 UTC;;;;;;;;;;;;;;;;;;
2026/04/08;0300 UTC;;;;;;;;;;;;;;;;;;
2026/04/08;0400 UTC;;;;;;;;;;;;;;;;;;
2026/04/08;0500 UTC;;;;;;;;;;;;;;;;;;
2026/04/08;0600 UTC;;;;;;;;;;;;;;;;;;
2026/04/08;0700 UTC;;;;;;;;;;;;;;;;;;
2026/04/08;0800 UTC;;;;;;;;;;;;;;;;;;
2026/04/08;0900 UTC;;;;;;;;;;;;;;;;;;
2026/04/08;1000 UTC;;;;;;;;;;;;;;;;;;
2026/04/08;1100 UTC;;;;;;;;;;;;;;;;;;
2026/04/08;1200 UTC;;;;;;;;;;;;;;;;;;
2026/04/08;1300 UTC;;;;;;;;;;;;;;;;;;
2026/04/08;1400 UTC;;;;;;;;;;;;;;;;;;
2026/04/08;1500 UTC;;;;;;;;;;;;;;;;;;
2026/04/08;1600 UTC;;;;;;;;;;;;;;;;;;
2026/04/08;1700 UTC;;;;;;;;;;;;;;;;;;
2026/04/08;1800 UTC;;;;;;;;;;;;;;;;;;
2026/04/08;1900 UTC;;;;;;;;;;;;;;;;;;
2026/04/08;2000 UTC;;;;;;;;;;;;;;;;;;
2026/04/08;2100 UTC;;;;;;;;;;;;;;;;;;
2026/04/08;2200 UTC;;;;;;;;;;;;;;;;;;
2026/04/08;2300 UTC;;;;;;;;;;;;;;;;;;
2026/04/09;0000 UTC;;;;;;;;;;;;;;;;;;
2026/04/09;0100 UTC;;;;;;;;;;;;;;;;;;
2026/04/09;0200 UTC;;;;;;;;;;;;;;;;;;
2026/04/09;0300 UTC;;;;;;;;;;;;;;;;;;
2026/04/09;0400 UTC;;;;;;;;;;;;;;;;;;
2026/04/09;0500 UTC;;;;;;;;;;;;;;;;;;
2026/04/09;0600 UTC;;;;;;;;;;;;;;;;;;
2026/04/09;0700 UTC;;;;;;;;;;;;;;;;;;
2026/04/09;0800 UTC;;;;;;;;;;;;;;;;;;
2026/04/09;0900 UTC;;;;;;;;;;;;;;;;;;
2026/04/09;1000 UTC;;;;;;;;;;;;;;;;;;
2026/04/09;1100 UTC;;;;;;;;;;;;;;;;;;
2026/04/09;1200 UTC;;;;;;;;;;;;;;;;;;
2026/04/09;1300 UTC;;;;;;;;;;;;;;;;;;
2026/04/09;1400 UTC;;;;;;;;;;;;;;;;;;
2026/04/09;1500 UTC;;;;;;;;;;;;;;;;;;
2026/04/09;1600 UTC;;;;;;;;;;;;;;;;;;
2026/04/09;1700 UTC;;;;;;;;;;;;;;;;;;
2026/04/09;1800 UTC;;;;;;;;;;;;;;;;;;
2026/04/09;1900 UTC;;;;;;;;;;;;;;;;;;
2026/04/09;2000 UTC;;;;;;;;;;;;;;;;;;
2026/04/09;2100 UTC;;;;;;;;;;;;;;;;;;
2026/04/09;2200 UTC;;;;;;;;;;;;;;;;;;
2026/04/09;2300 UTC;;;;;;;;;;;;;;;;;;
2026/04/10;0000 UTC;;;;;;;;;;;;;;;;;;
2026/04/10;0100 UTC;;;;;;;;;;;;;;;;;;
2026/04/10;0200 UTC;;;;;;;;;;;;;;;;;;
2026/04/10;0300 UTC;;;;;;;;;;;;;;;;;;
2026/04/10;0400 UTC;;;;;;;;;;;;;;;;;;
2026/04/10;0500 UTC;;;;;;;;;;;;;;;;;;
2026/04/10;0600 UTC;;;;;;;;;;;;;;;;;;
2026/04/10;0700 UTC;;;;;;;;;;;;;;;;;;
2026/04/10;0800 UTC;;;;;;;;;;;;;;;;;;
2026/04/10;0900 UTC;;;;;;;;;;;;;;;;;;
2026/04/10;1000 UTC;;;;;;;;;;;;;;;;;;
2026/04/10;1100 UTC;;;;;;;;;;;;;;;;;;
2026/04/10;1200 UTC;;;;;;;;;;;;;;;;;;
2026/04/10;1300 UTC;;;;;;;;;;;;;;;;;;
2026/04/10;1400 UTC;;;;;;;;;;;;;;;;;;
2026/04/10;1500 UTC;;;;;;;;;;;;;;;;;;
2026/04/10;1600 UTC;;;;;;;;;;;;;;;;;;
2026/04/10;1700 UTC;;;;;;;;;;;;;;;;;;
2026/04/10;1800 UTC;;;;;;;;;;;;;;;;;;
2026/04/10;1900 UTC;;;;;;;;;;;;;;;;;;
2026/04/10;2000 UTC;;;;;;;;;;;;;;;;;;
2026/04/10;2100 UTC;;;;;;;;;;;;;;;;;;
2026/04/10;2200 UTC;;;;;;;;;;;;;;;;;;
2026/04/10;2300 UTC;;;;;;;;;;;;;;;;;;
2026/04/11;0000 UTC;;;;;;;;;;;;;;;;;;
2026/04/11;0100 UTC;;;;;;;;;;;;;;;;;;
2026/04/11;0200 UTC;;;;;;;;;;;;;;;;;;
2026/04/11;0300 UTC;;;;;;;;;;;;;;;;;;
2026/04/11;0400 UTC;;;;;;;;;;;;;;;;;;
2026/04/11;0500 UTC;;;;;;;;;;;;;;;;;;
2026/04/11;0600 UTC;;;;;;;;;;;;;;;;;;
2026/04/11;0700 UTC;;;;;;;;;;;;;;;;;;
2026/04/11;0800 UTC;;;;;;;;;;;;;;;;;;
2026/04/11;0900 UTC;;;;;;;;;;;;;;;;;;
2026/04/11;1000 UTC;;;;;;;;;;;;;;;;;;
2026/04/11;1100 UTC;;;;;;;;;;;;;;;;;;
2026/04/11;1200 UTC;;;;;;;;;;;;;;;;;;
2026/04/11;1300 UTC;;;;;;;;;;;;;;;;;;
2026/04/11;1400 UTC;;;;;;;;;;;;;;;;;;
2026/04/11;1500 UTC;;;;;;;;;;;;;;;;;;
2026/04/11;1600 UTC;;;;;;;;;;;;;;;;;;
2026/04/11;1700 UTC;;;;;;;;;;;;;;;;;;
2026/04/11;1800 UTC;;;;;;;;;;;;;;;;;;
2026/04/11;1900 UTC;;;;;;;;;;;;;;;;;;
2026/04/11;2000 UTC;;;;;;;;;;;;;;;;;;
2026/04/11;2100 UTC;;;;;;;;;;;;;;;;;;
2026/04/11;2200 UTC;;;;;;;;;;;;;;;;;;
2026/04/11;2300 UTC;;;;;;;;;;;;;;;;;;
2026/04/12;0000 UTC;;;;;;;;;;;;;;;;;;
2026/04/12;0100 UTC;;;;;;;;;;;;;;;;;;
2026/04/12;0200 UTC;;;;;;;;;;;;;;;;;;
2026/04/12;0300 UTC;;;;;;;;;;;;;;;;;;
2026/04/12;0400 UTC;;;;;;;;;;;;;;;;;;
2026/04/12;0500 UTC;;;;;;;;;;;;;;;;;;
2026/04/12;0600 UTC;;;;;;;;;;;;;;;;;;
2026/04/12;0700 UTC;;;;;;;;;;;;;;;;;;
2026/04/12;0800 UTC;;;;;;;;;;;;;;;;;;
2026/04/12;0900 UTC;;;;;;;;;;;;;;;;;;
2026/04/12;1000 UTC;;;;;;;;;;;;;;;;;;
2026/04/12;1100 UTC;;;;;;;;;;;;;;;;;;
2026/04/12;1200 UTC;;;;;;;;;;;;;;;;;;
2026/04/12;1300 UTC;;;;;;;;;;;;;;;;;;
2026/04/12;1400 UTC;;;;;;;;;;;;;;;;;;
2026/04/12;1500 UTC;;;;;;;;;;;;;;;;;;
2026/04/12;1600 UTC;;;;;;;;;;;;;;;;;;
2026/04/12;1700 UTC;;;;;;;;;;;;;;;;;;
2026/04/12;1800 UTC;;;;;;;;;;;;;;;;;;
2026/04/12;1900 UTC;;;;;;;;;;;;;;;;;;
2026/04/12;2000 UTC;;;;;;;;;;;;;;;;;;
2026/04/12;2100 UTC;;;;;;;;;;;;;;;;;;
2026/04/12;2200 UTC;;;;;;;;;;;;;;;;;;
2026/04/12;2300 UTC;;;;;;;;;;;;;;;;;;
2026/04/13;0000 UTC;;;;;;;;;;;;;;;;;;
2026/04/13;0100 UTC;;;;;;;;;;;;;;;;;;
2026/04/13;0200 UTC;;;;;;;;;;;;;;;;;;
2026/04/13;0300 UTC;;;;;;;;;;;;;;;;;;
2026/04/13;0400 UTC;;;;;;;;;;;;;;;;;;
2026/04/13;0500 UTC;;;;;;;;;;;;;;;;;;
2026/04/13;0600 UTC;;;;;;;;;;;;;;;;;;
2026/04/13;0700 UTC;;;;;;;;;;;;;;;;;;
2026/04/13;0800 UTC;;;;;;;;;;;;;;;;;;
2026/04/13;0900 UTC;;;;;;;;;;;;;;;;;;
2026/04/13;1000 UTC;;;;;;;;;;;;;;;;;;
2026/04/13;1100 UTC;;;;;;;;;;;;;;;;;;
2026/04/13;1200 UTC;;;;;;;;;;;;;;;;;;
2026/04/13;1300 UTC;;;;;;;;;;;;;;;;;;
2026/04/13;1400 UTC;;;;;;;;;;;;;;;;;;
2026/04/13;1500 UTC;;;;;;;;;;;;;;;;;;
2026/04/13;1600 UTC;;;;;;;;;;;;;;;;;;
2026/04/13;1700 UTC;;;;;;;;;;;;;;;;;;
2026/04/13;1800 UTC;;;;;;;;;;;;;;;;;;
2026/04/13;1900 UTC;;;;;;;;;;;;;;;;;;
2026/04/13;2000 UTC;;;;;;;;;;;;;;;;;;
2026/04/13;2100 UTC;;;;;;;;;;;;;;;;;;
2026/04/13;2200 UTC;;;;;;;;;;;;;;;;;;
2026/04/13;2300 UTC;;;;;;;;;;;;;;;;;;
2026/04/14;0000 UTC;;;;;;;;;;;;;;;;;;
2026/04/14;0100 UTC;;;;;;;;;;;;;;;;;;
2026/04/14;0200 UTC;;;;;;;;;;;;;;;;;;
2026/04/14;0300 UTC;;;;;;;;;;;;;;;;;;
2026/04/14;0400 UTC;;;;;;;;;;;;;;;;;;
2026/04/14;0500 UTC;;;;;;;;;;;;;;;;;;
2026/04/14;0600 UTC;;;;;;;;;;;;;;;;;;
2026/04/14;0700 UTC;;;;;;;;;;;;;;;;;;
2026/04/14;0800 UTC;;;;;;;;;;;;;;;;;;
2026/04/14;0900 UTC;;;;;;;;;;;;;;;;;;
2026/04/14;1000 UTC;;;;;;;;;;;;;;;;;;
2026/04/14;1100 UTC;;;;;;;;;;;;;;;;;;
2026/04/14;1200 UTC;;;;;;;;;;;;;;;;;;
2026/04/14;1300 UTC;;;;;;;;;;;;;;;;;;
2026/04/14;1400 UTC;;;;;;;;;;;;;;;;;;
2026/04/14;1500 UTC;;;;;;;;;;;;;;;;;;
2026/04/14;1600 UTC;;;;;;;;;;;;;;;;;;
2026/04/14;1700 UTC;;;;;;;;;;;;;;;;;;
2026/04/14;1800 UTC;;;;;;;;;;;;;;;;;;
2026/04/14;1900 UTC;;;;;;;;;;;;;;;;;;
2026/04/14;2000 UTC;;;;;;;;;;;;;;;;;;
2026/04/14;2100 UTC;;;;;;;;;;;;;;;;;;
2026/04/14;2200 UTC;;;;;;;;;;;;;;;;;;
2026/04/14;2300 UTC;;;;;;;;;;;;;;;;;;
2026/04/15;0000 UTC;;;;;;;;;;;;;;;;;;
2026/04/15;0100 UTC;;;;;;;;;;;;;;;;;;
2026/04/15;0200 UTC;;;;;;;;;;;;;;;;;;
2026/04/15;0300 UTC;;;;;;;;;;;;;;;;;;
2026/04/15;0400 UTC;;;;;;;;;;;;;;;;;;
2026/04/15;0500 UTC;;;;;;;;;;;;;;;;;;
2026/04/15;0600 UTC;;;;;;;;;;;;;;;;;;
2026/04/15;0700 UTC;;;;;;;;;;;;;;;;;;
2026/04/15;0800 UTC;;;;;;;;;;;;;;;;;;
2026/04/15;0900 UTC;;;;;;;;;;;;;;;;;;
2026/04/15;1000 UTC;;;;;;;;;;;;;;;;;;
2026/04/15;1100 UTC;;;;;;;;;;;;;;;;;;
2026/04/15;1200 UTC;;;;;;;;;;;;;;;;;;
2026/04/15;1300 UTC;;;;;;;;;;;;;;;;;;
2026/04/15;1400 UTC;;;;;;;;;;;;;;;;;;
2026/04/15;1500 UTC;;;;;;;;;;;;;;;;;;
2026/04/15;1600 UTC;;;;;;;;;;;;;;;;;;
2026/04/15;1700 UTC;;;;;;;;;;;;;;;;;;
2026/04/15;1800 UTC;;;;;;;;;;;;;;;;;;
2026/04/15;1900 UTC;;;;;;;;;;;;;;;;;;
2026/04/15;2000 UTC;;;;;;;;;;;;;;;;;;
2026/04/15;2100 UTC;;;;;;;;;;;;;;;;;;
2026/04/15;2200 UTC;;;;;;;;;;;;;;;;;;
2026/04/15;2300 UTC;;;;;;;;;;;;;;;;;;
2026/04/16;0000 UTC;;;;;;;;;;;;;;;;;;
2026/04/16;0100 UTC;;;;;;;;;;;;;;;;;;
2026/04/16;0200 UTC;;;;;;;;;;;;;;;;;;
2026/04/16;0300 UTC;;;;;;;;;;;;;;;;;;
2026/04/16;0400 UTC;;;;;;;;;;;;;;;;;;
2026/04/16;0500 UTC;;;;;;;;;;;;;;;;;;
2026/04/16;0600 UTC;;;;;;;;;;;;;;;;;;
2026/04/16;0700 UTC;;;;;;;;;;;;;;;;;;
2026/04/16;0800 UTC;;;;;;;;;;;;;;;;;;
2026/04/16;0900 UTC;;;;;;;;;;;;;;;;;;
2026/04/16;1000 UTC;;;;;;;;;;;;;;;;;;
2026/04/16;1100 UTC;;;;;;;;;;;;;;;;;;
2026/04/16;1200 UTC;;;;;;;;;;;;;;;;;;
2026/04/16;1300 UTC;;;;;;;;;;;;;;;;;;
2026/04/16;1400 UTC;;;;;;;;;;;;;;;;;;
2026/04/16;1500 UTC;;;;;;;;;;;;;;;;;;
2026/04/16;1600 UTC;;;;;;;;;;;;;;;;;;
2026/04/16;1700 UTC;;;;;;;;;;;;;;;;;;
2026/04/16;1800 UTC;;;;;;;;;;;;;;;;;;
2026/04/16;1900 UTC;;;;;;;;;;;;;;;;;;
2026/04/16;2000 UTC;;;;;;;;;;;;;;;;;;
2026/04/16;2100 UTC;;;;;;;;;;;;;;;;;;
2026/04/16;2200 UTC;;;;;;;;;;;;;;;;;;
2026/04/16;2300 UTC;;;;;;;;;;;;;;;;;;
2026/04/17;0000 UTC;;;;;;;;;;;;;;;;;;
2026/04/17;0100 UTC;;;;;;;;;;;;;;;;;;
2026/04/17;0200 UTC;;;;;;;;;;;;;;;;;;
2026/04/17;0300 UTC;;;;;;;;;;;;;;;;;;
2026/04/17;0400 UTC;;;;;;;;;;;;;;;;;;
2026/04/17;0500 UTC;;;;;;;;;;;;;;;;;;
2026/04/17;0600 UTC;;;;;;;;;;;;;;;;;;
2026/04/17;0700 UTC;;;;;;;;;;;;;;;;;;
2026/04/17;0800 UTC;;;;;;;;;;;;;;;;;;
2026/04/17;0900 UTC;;;;;;;;;;;;;;;;;;
2026/04/17;1000 UTC;;;;;;;;;;;;;;;;;;
2026/04/17;1100 UTC;;;;;;;;;;;;;;;;;;
2026/04/17;1200 UTC;;;;;;;;;;;;;;;;;;
2026/04/17;1300 UTC;;;;;;;;;;;;;;;;;;
2026/04/17;1400 UTC;;;;;;;;;;;;;;;;;;
2026/04/17;1500 UTC;;;;;;;;;;;;;;;;;;
2026/04/17;1600 UTC;;;;;;;;;;;;;;;;;;
2026/04/17;1700 UTC;;;;;;;;;;;;;;;;;;
2026/04/17;1800 UTC;;;;;;;;;;;;;;;;;;
2026/04/17;1900 UTC;;;;;;;;;;;;;;;;;;
2026/04/17;2000 UTC;;;;;;;;;;;;;;;;;;
2026/04/17;2100 UTC;;;;;;;;;;;;;;;;;;
2026/04/17;2200 UTC;;;;;;;;;;;;;;;;;;
2026/04/17;2300 UTC;;;;;;;;;;;;;;;;;;
2026/04/18;0000 UTC;;;;;;;;;;;;;;;;;;
2026/04/18;0100 UTC;;;;;;;;;;;;;;;;;;
2026/04/18;0200 UTC;;;;;;;;;;;;;;;;;;
2026/04/18;0300 UTC;;;;;;;;;;;;;;;;;;
2026/04/18;0400 UTC;;;;;;;;;;;;;;;;;;
2026/04/18;0500 UTC;;;;;;;;;;;;;;;;;;
2026/04/18;0600 UTC;;;;;;;;;;;;;;;;;;
2026/04/18;0700 UTC;;;;;;;;;;;;;;;;;;
2026/04/18;0800 UTC;;;;;;;;;;;;;;;;;;
2026/04/18;0900 UTC;;;;;;;;;;;;;;;;;;
2026/04/18;1000 UTC;;;;;;;;;;;;;;;;;;
2026/04/18;1100 UTC;;;;;;;;;;;;;;;;;;
2026/04/18;1200 UTC;;;;;;;;;;;;;;;;;;
2026/04/18;1300 UTC;;;;;;;;;;;;;;;;;;
2026/04/18;1400 UTC;;;;;;;;;;;;;;;;;;
2026/04/18;1500 UTC;;;;;;;;;;;;;;;;;;
2026/04/18;1600 UTC;;;;;;;;;;;;;;;;;;
2026/04/18;1700 UTC;;;;;;;;;;;;;;;;;;
2026/04/18;1800 UTC;;;;;;;;;;;;;;;;;;
2026/04/18;1900 UTC;;;;;;;;;;;;;;;;;;
2026/04/18;2000 UTC;;;;;;;;;;;;;;;;;;
2026/04/18;2100 UTC;;;;;;;;;;;;;;;;;;
2026/04/18;2200 UTC;;;;;;;;;;;;;;;;;;
2026/04/18;2300 UTC;;;;;;;;;;;;;;;;;;
2026/04/19;0000 UTC;;;;;;;;;;;;;;;;;;
2026/04/19;0100 UTC;;;;;;;;;;;;;;;;;;
2026/04/19;0200 UTC;;;;;;;;;;;;;;;;;;
2026/04/19;0300 UTC;;;;;;;;;;;;;;;;;;
2026/04/19;0400 UTC;;;;;;;;;;;;;;;;;;
2026/04/19;0500 UTC;;;;;;;;;;;;;;;;;;
2026/04/19;0600 UTC;;;;;;;;;;;;;;;;;;
2026/04/19;0700 UTC;;;;;;;;;;;;;;;;;;
2026/04/19;0800 UTC;;;;;;;;;;;;;;;;;;
2026/04/19;0900 UTC;;;;;;;;;;;;;;;;;;
2026/04/19;1000 UTC;;;;;;;;;;;;;;;;;;
2026/04/19;1100 UTC;;;;;;;;;;;;;;;;;;
2026/04/19;1200 UTC;;;;;;;;;;;;;;;;;;
2026/04/19;1300 UTC;;;;;;;;;;;;;;;;;;
2026/04/19;1400 UTC;;;;;;;;;;;;;;;;;;
2026/04/19;1500 UTC;;;;;;;;;;;;;;;;;;
2026/04/19;1600 UTC;;;;;;;;;;;;;;;;;;
2026/04/19;1700 UTC;;;;;;;;;;;;;;;;;;
2026/04/19;1800 UTC;;;;;;;;;;;;;;;;;;
2026/04/19;1900 UTC;;;;;;;;;;;;;;;;;;
2026/04/19;2000 UTC;;;;;;;;;;;;;;;;;;
2026/04/19;2100 UTC;;;;;;;;;;;;;;;;;;
2026/04/19;2200 UTC;;;;;;;;;;;;;;;;;;
2026/04/19;2300 UTC;;;;;;;;;;;;;;;;;;
2026/04/20;0000 UTC;;;;;;;;;;;;;;;;;;
2026/04/20;0100 UTC;;;;;;;;;;;;;;;;;;
2026/04/20;0200 UTC;;;;;;;;;;;;;;;;;;
2026/04/20;0300 UTC;;;;;;;;;;;;;;;;;;
2026/04/20;0400 UTC;;;;;;;;;;;;;;;;;;
2026/04/20;0500 UTC;;;;;;;;;;;;;;;;;;
2026/04/20;0600 UTC;;;;;;;;;;;;;;;;;;
2026/04/20;0700 UTC;;;;;;;;;;;;;;;;;;
2026/04/20;0800 UTC;;;;;;;;;;;;;;;;;;
2026/04/20;0900 UTC;;;;;;;;;;;;;;;;;;
2026/04/20;1000 UTC;;;;;;;;;;;;;;;;;;
2026/04/20;1100 UTC;;;;;;;;;;;;;;;;;;
2026/04/20;1200 UTC;;;;;;;;;;;;;;;;;;
2026/04/20;1300 UTC;;;;;;;;;;;;;;;;;;
2026/04/20;1400 UTC;;;;;;;;;;;;;;;;;;
2026/04/20;1500 UTC;;;;;;;;;;;;;;;;;;
2026/04/20;1600 UTC;;;;;;;;;;;;;;;;;;
2026/04/20;1700 UTC;;;;;;;;;;;;;;;;;;
2026/04/20;1800 UTC;;;;;;;;;;;;;;;;;;
2026/04/20;1900 UTC;;;;;;;;;;;;;;;;;;
2026/04/20;2000 UTC;;;;;;;;;;;;;;;;;;
2026/04/20;2100 UTC;;;;;;;;;;;;;;;;;;
2026/04/20;2200 UTC;;;;;;;;;;;;;;;;;;
2026/04/20;2300 UTC;;;;;;;;;;;;;;;;;;
2026/04/21;0000 UTC;;;;;;;;;;;;;;;;;;
2026/04/21;0100 UTC;;;;;;;;;;;;;;;;;;
2026/04/21;0200 UTC;;;;;;;;;;;;;;;;;;
2026/04/21;0300 UTC;;;;;;;;;;;;;;;;;;
2026/04/21;0400 UTC;;;;;;;;;;;;;;;;;;
2026/04/21;0500 UTC;;;;;;;;;;;;;;;;;;
2026/04/21;0600 UTC;;;;;;;;;;;;;;;;;;
2026/04/21;0700 UTC;;;;;;;;;;;;;;;;;;
2026/04/21;0800 UTC;;;;;;;;;;;;;;;;;;
2026/04/21;0900 UTC;;;;;;;;;;;;;;;;;;
2026/04/21;1000 UTC;;;;;;;;;;;;;;;;;;
2026/04/21;1100 UTC;;;;;;;;;;;;;;;;;;
2026/04/21;1200 UTC;;;;;;;;;;;;;;;;;;
2026/04/21;1300 UTC;;;;;;;;;;;;;;;;;;
2026/04/21;1400 UTC;;;;;;;;;;;;;;;;;;
2026/04/21;1500 UTC;;;;;;;;;;;;;;;;;;
2026/04/21;1600 UTC;;;;;;;;;;;;;;;;;;
2026/04/21;1700 UTC;;;;;;;;;;;;;;;;;;
2026/04/21;1800 UTC;;;;;;;;;;;;;;;;;;
2026/04/21;1900 UTC;;;;;;;;;;;;;;;;;;
2026/04/21;2000 UTC;;;;;;;;;;;;;;;;;;
2026/04/21;2100 UTC;;;;;;;;;;;;;;;;;;
2026/04/21;2200 UTC;;;;;;;;;;;;;;;;;;
2026/04/21;2300 UTC;;;;;;;;;;;;;;;;;;
2026/04/22;0000 UTC;;;;;;;;;;;;;;;;;;
2026/04/22;0100 UTC;;;;;;;;;;;;;;;;;;
2026/04/22;0200 UTC;;;;;;;;;;;;;;;;;;
2026/04/22;0300 UTC;;;;;;;;;;;;;;;;;;
2026/04/22;0400 UTC;;;;;;;;;;;;;;;;;;
2026/04/22;0500 UTC;;;;;;;;;;;;;;;;;;
2026/04/22;0600 UTC;;;;;;;;;;;;;;;;;;
2026/04/22;0700 UTC;;;;;;;;;;;;;;;;;;
2026/04/22;0800 UTC;;;;;;;;;;;;;;;;;;
2026/04/22;0900 UTC;;;;;;;;;;;;;;;;;;
2026/04/22;1000 UTC;;;;;;;;;;;;;;;;;;
2026/04/22;1100 UTC;;;;;;;;;;;;;;;;;;
2026/04/22;1200 UTC;;;;;;;;;;;;;;;;;;
2026/04/22;1300 UTC;;;;;;;;;;;;;;;;;;
2026/04/22;1400 UTC;;;;;;;;;;;;;;;;;;
2026/04/22;1500 UTC;;;;;;;;;;;;;;;;;;
2026/04/22;1600 UTC;;;;;;;;;;;;;;;;;;
2026/04/22;1700 UTC;;;;;;;;;;;;;;;;;;
2026/04/22;1800 UTC;;;;;;;;;;;;;;;;;;
2026/04/22;1900 UTC;;;;;;;;;;;;;;;;;;
2026/04/22;2000 UTC;;;;;;;;;;;;;;;;;;
2026/04/22;2100 UTC;;;;;;;;;;;;;;;;;;
2026/04/22;2200 UTC;;;;;;;;;;;;;;;;;;
2026/04/22;2300 UTC;;;;;;;;;;;;;;;;;;
2026/04/23;0000 UTC;;;;;;;;;;;;;;;;;;
2026/04/23;0100 UTC;;;;;;;;;;;;;;;;;;
2026/04/23;0200 UTC;;;;;;;;;;;;;;;;;;
2026/04/23;0300 UTC;;;;;;;;;;;;;;;;;;
2026/04/23;0400 UTC;;;;;;;;;;;;;;;;;;
2026/04/23;0500 UTC;;;;;;;;;;;;;;;;;;
2026/04/23;0600 UTC;;;;;;;;;;;;;;;;;;
2026/04/23;0700 UTC;;;;;;;;;;;;;;;;;;
2026/04/23;0800 UTC;;;;;;;;;;;;;;;;;;
2026/04/23;0900 UTC;;;;;;;;;;;;;;;;;;
2026/04/23;1000 UTC;;;;;;;;;;;;;;;;;;
2026/04/23;1100 UTC;;;;;;;;;;;;;;;;;;
2026/04/23;1200 UTC;;;;;;;;;;;;;;;;;;
2026/04/23;1300 UTC;;;;;;;;;;;;;;;;;;
2026/04/23;1400 UTC;,6;1013,8;1014,2;1013,4;205,7;18,7;18,1;18,8;18,4;18,6;17,7;100;95;97;221;2,2;1;
2026/04/23;1500 UTC;,4;1012,9;1013,5;1012,4;601,7;19,3;18,2;19,9;18,8;18,8;17,8;98;92;95;133;1,8;,8;
2026/04/23;1600 UTC;0;1011,9;1012,4;1011,7;1022;20,5;19;21,5;19,9;19,9;18,1;95;90;93;149;2,7;1,4;
2026/04/23;1700 UTC;0;1011,6;1011,9;1011,5;1173,1;22,4;20,2;22,9;21,5;20,9;19,5;94;85;89;184;2,8;1,1;
2026/04/23;1800 UTC;0;1011,3;1011,6;1010,9;351,8;22,3;20,3;22,8;22,1;20,6;20;92;87;90;164;2,9;1,3;
2026/04/23;1900 UTC;0;1010,6;1010,9;1010,5;455,8;22,6;20,6;22,8;22,1;20,8;20,2;92;87;90;151;2,8;1,4;
2026/04/23;2000 UTC;0;1010,8;1011,1;1010,5;117,3;22,3;20,6;22,6;22,2;21;20,3;93;90;91;155;3;1,4;
2026/04/23;2100 UTC;0;1011,4;1011,9;1011;20,5;21,9;19,9;22,2;21,6;20,5;19,5;92;89;90;161;3,2;1,2;
2026/04/23;2200 UTC;0;1011,3;1011,7;1010,8;0;21,3;19,6;21,6;21,2;19,9;19,4;93;91;92;151;4,1;2,2;
2026/04/23;2300 UTC;0;1011,9;1012,3;1011,4;0;21;18,9;21,2;20,6;19,4;18,7;92;88;90;153;3,5;1,8;
2026/04/24;0000 UTC;0;1012,5;1012,8;1012,3;0;20,5;18,9;20,6;20,4;19,1;18,8;93;91;92;143;3,1;1,4;
2026/04/24;0100 UTC;0;1012,9;1013,1;1012,8;0;20,3;19,1;20,4;20,3;19,3;18,9;95;93;94;164;1,1;,5;
2026/04/24;0200 UTC;0;1012,5;1012,8;1012,2;0;20,3;18,9;20,4;20,2;19,3;18,6;95;92;93;138;4,8;2,4;
2026/04/24;0300 UTC;,2;1011,9;1012,2;1011,6;0;19,8;18,8;20,2;19,6;19,1;18,5;97;93;95;134;3,3;1,3;
2026/04/24;0400 UTC;,2;1011,5;1011,8;1011,2;0;19,5;18,4;19,6;19,4;18,8;18,1;96;93;95;122;2,1;,8;
2026/04/24;0500 UTC;,6;1011,6;1012;1011,2;0;19,1;18,5;19,4;19;18,6;18,2;98;94;97;188;3,2;1,2;
2026/04/24;0600 UTC;4;1012;1012,3;1011,6;0;18,9;18,5;19,1;18,8;18,7;18,2;99;96;98;142;3,3;1,6;
2026/04/24;0700 UTC;2,4;1011,3;1011,6;1010,9;0;18,5;18,3;18,8;18,3;18,7;18,1;100;99;99;160;4,1;1,8;
2026/04/24;0800 UTC;1,6;1010,5;1010,9;1010,1;0;18,2;18;18,3;18,2;18,2;17,9;100;98;99;141;3,8;1,8;
2026/04/24;0900 UTC;2,4;1010,3;1010,5;1010;0;18,3;18,2;18,3;18,2;18,2;18,1;100;99;99;156;4;2,1;
2026/04/24;1000 UTC;,4;1010,3;1010,6;1010,1;0;18,3;18,2;18,3;18,2;18,3;18,2;100;100;100;154;2,9;1,5;
2026/04/24;1100 UTC;1,8;1010,6;1010,7;1010,4;6,2;18,4;18,4;18,5;18,4;18,5;18,3;100;100;100;152;3,1;1,2;
2026/04/24;1200 UTC;5,8;1010,9;1011,7;1010,7;27,7;18,6;18,5;18,6;18,5;18,6;18,5;100;100;100;193;4,4;1,4;
2026/04/24;1300 UTC;4,8;1011,3;1011,9;1011;141,5;18,7;18,5;18,9;18,6;18,7;18,4;100;98;99;137;3,7;2,2;
2026/04/24;1400 UTC;,2;1010,8;1011,1;1010,6;173,9;19,1;18,7;19,2;18,9;18,9;18,4;99;96;98;194;3,3;1,3;
2026/04/24;1500 UTC;2,4;1010,5;1011;1010;237,3;19,4;19;19,5;19,2;19,3;18,5;99;96;98;149;2,6;1,1;
2026/04/24;1600 UTC;6,8;1009,6;1010;1009,3;195,5;19,5;19,3;19,7;19,4;19,6;19,1;99;98;99;193;2,7;,9;
2026/04/24;1700 UTC;6,6;1008,7;1009,2;1008,3;170;19,5;19,5;19,6;19,4;19,6;19,3;100;99;100;164;2,4;1,1;
2026/04/24;1800 UTC;,4;1008;1008,4;1007,6;243,3;19,8;19,7;20;19,6;19,9;19,5;100;99;100;151;2,8;1;
2026/04/24;1900 UTC;,2;1007,9;1008;1007,6;215,7;19,9;19,7;20,1;19,8;19,9;19,5;99;98;99;158;3,6;1,5;
2026/04/24;2000 UTC;0;1007,6;1008;1007,2;188,1;20;19,6;20,1;19,9;19,7;19,4;99;97;98;139;4,1;2,4;
2026/04/24;2100 UTC;,2;1007,3;1007,6;1007,1;45,5;19,8;19,6;19,9;19,7;19,6;19,5;99;98;99;154;3,8;1,8;
2026/04/24;2200 UTC;,4;1007,2;1007,6;1006,4;0;19,7;19,6;19,7;19,6;19,7;19,5;100;99;100;156;2,9;1,7;
2026/04/24;2300 UTC;,6;1007,2;1007,8;1006,6;0;19,7;19,6;19,7;19,6;19,7;19,6;100;100;100;166;3,5;1,4;
2026/04/25;0000 UTC;,2;1008;1008,5;1007;0;19,7;19,6;19,8;19,7;19,7;19,6;100;99;100;140;1,6;,9;
2026/04/25;0100 UTC;,4;1007,7;1008,5;1007,1;0;19,7;19,7;19,7;19,6;19,7;19,6;100;100;100;230;2,1;1,1;
2026/04/25;0200 UTC;0;1007,5;1008,5;1005,6;0;19,7;19,6;20,1;19,6;19,7;19,1;100;95;100;94;6,7;3,2;
2026/04/25;0300 UTC;,4;1006,9;1007,6;1005,6;0;19,9;19,5;20,5;19,7;19,7;18,9;100;92;98;203;4,7;1,3;
2026/04/25;0400 UTC;0;1007,1;1007,6;1006,6;0;19,6;19,5;19,8;19,5;19,6;19,4;100;99;100;170;2,3;,7;
2026/04/25;0500 UTC;0;1006,8;1007;1006,6;0;19,5;19,5;19,5;19,4;19,5;19,4;100;100;100;195;2,7;1;
2026/04/25;0600 UTC;0;1006,9;1007,2;1006,5;0;19,3;19,3;19,4;19,3;19,4;19,3;100;100;100;129;2,2;1,2;
2026/04/25;0700 UTC;0;1006,8;1006,8;1006,7;0;19,2;19,2;19,3;19,1;19,3;19,1;100;100;100;174;1,9;,8;
2026/04/25;0800 UTC;0;1006,7;1006,9;1006,5;0;19,1;19,1;19,2;19,1;19,2;19;100;100;100;125;1,8;,6;
2026/04/25;0900 UTC;0;1006,6;1006,8;1006,5;0;19,1;19;19,1;19;19,1;18,9;100;100;100;137;,7;,4;
2026/04/25;1000 UTC;0;1006,7;1006,9;1006,5;0;19;19;19,1;18,9;19,1;18,9;100;100;100;186;1,4;,7;
2026/04/25;1100 UTC;0;1007,4;1007,7;1006,9;63,1;19,1;19;19,3;18,9;19,1;18,9;100;99;100;135;1,4;,8;
2026/04/25;1200 UTC;;;;;;;;;;;;;;;;;;
2026/04/25;1300 UTC;0;1008,5;1008,6;1008,3;816,2;20,2;19;20,9;19,8;19,4;18,6;96;89;94;172;2,1;,9;
2026/04/25;1400 UTC;0;1008,5;1008,7;1008,3;1112,6;21,2;18,9;21,5;20,9;19,4;18,1;91;84;88;199;1,8;,7;
2026/04/25;1500 UTC;0;1008;1008,3;1007,7;1459,8;21,7;19;22,7;21,2;19,6;17,9;91;77;86;79;2,4;1,1;
2026/04/25;1600 UTC;0;1007,3;1007,7;1007;2280,6;23,4;19;24,2;22,4;20,2;18,1;88;72;78;164;4,4;2,3;
2026/04/25;1700 UTC;0;1006,5;1007;1006,1;897,3;22,7;19,2;23;22,3;20,1;18,6;89;78;83;140;2;1;
2026/04/25;1800 UTC;0;1005,7;1006;1005,5;1104,1;23,4;19,4;23,7;22,9;20,1;18,5;83;76;80;167;3,8;1,7;
2026/04/25;1900 UTC;0;1005,4;1005,5;1005,4;1517,6;24;19,8;24,9;23,5;20,5;19,3;83;74;79;154;3;1,4;
2026/04/25;2000 UTC;0;1005,4;1005,5;1005,3;488,5;23,7;19,3;25;23;19,7;18,6;83;71;78;105;1,9;,4;
2026/04/25;2100 UTC;0;1005,2;1005,4;1005,1;143,3;22,7;20,4;23,2;22;20,9;19,4;94;81;88;66;1,4;,6;
2026/04/25;2200 UTC;0;1005,1;1005,2;1005;,4;21,1;20,3;21,9;20,8;20,6;19,8;97;93;96;264;2,3;1,1;
2026/04/25;2300 UTC;0;1005,2;1005,3;1005;0;20,3;19,6;20,8;19,6;20;19,2;98;95;96;34;1,7;1,2;
2026/04/26;0000 UTC;0;1005,2;1005,2;1004,9;0;19,4;18,9;19,6;19,1;19,3;18,5;99;96;98;326;2,8;1,8;
2026/04/26;0100 UTC;0;1005;1005,1;1004,8;0;19,2;18,8;19,6;18,8;19,1;18,6;100;95;98;303;2,3;1,6;
2026/04/26;0200 UTC;0;1005,4;1005,6;1005,1;0;18,8;18,7;18,9;18,6;18,9;18,6;100;99;100;329;3,6;2,1;
2026/04/26;0300 UTC;0;1005,3;1005,4;1005,1;0;18,5;18,3;18,8;18,3;18,7;18;100;98;99;294;2,6;1,6;
2026/04/26;0400 UTC;0;1005;1005,1;1004,8;0;18,1;18,1;18,3;17,8;18,3;17,9;100;100;100;286;1,2;,8;
2026/04/26;0500 UTC;0;1004,6;1004,9;1004,2;0;17,7;17,7;17,8;17,4;17,9;17,4;100;100;100;142;1,2;,6;
2026/04/26;0600 UTC;0;1004;1004,3;1003,6;0;17,6;17,6;17,8;17,4;17,8;17,4;100;100;100;287;2;1,2;
2026/04/26;0700 UTC;0;1003,6;1003,7;1003,5;0;17,4;17,4;17,5;17,1;17,5;17,1;100;100;100;314;1,6;,8;
2026/04/26;0800 UTC;0;1003,5;1003,6;1003,3;0;17,2;17,2;17,5;17,1;17,5;17,1;100;100;100;31;1,7;1,1;
2026/04/26;0900 UTC;0;;;;0;;;;;;;;;;61;1;,6;
2026/04/26;1000 UTC;0;;;;0;;;;;;;;;;257;4,1;2,5;
2026/04/26;1100 UTC;0;;;;73,9;;;;;;;;;;323;3,2;2;
2026/04/26;1200 UTC;0;;;;495,8;;;;;;;;;;315;3,1;1,8;
2026/04/26;1300 UTC;0;;;;1790,5;;;;;;;;;;261;1,6;,8;
2026/04/26;1400 UTC;0;;;;2181,9;;;;;;;;;;101;1,7;,7;
2026/04/26;1500 UTC;0;;;;2522,5;;;;;;;;;;265;3,8;2;
2026/04/26;1600 UTC;0;;;;2173,4;;;;;;;;;;182;1,8;,9;
2026/04/26;1700 UTC;0;;;;1949,2;;;;;;;;;;256;5,3;2,3;
2026/04/26;1800 UTC;0;;;;2281,5;;;;;;;;;;278;6,1;3,3;
2026/04/26;1900 UTC;0;;;;1301,3;;;;;;;;;;262;5,6;2,6;
2026/04/26;2000 UTC;0;;;;675,8;;;;;;;;;;288;2,6;1,2;
2026/04/26;2100 UTC;0;;;;192,6;;;;;;;;;;341;2,7;2;
2026/04/26;2200 UTC;0;;;;,2;;;;;;;;;;330;2,8;2,1;
2026/04/26;2300 UTC;0;;;;0;;;;;;;;;;309;2,9;2,1;
2026/04/27;0000 UTC;0;;;;0;;;;;;;;;;311;3,2;2,2;
2026/04/27;0100 UTC;0;;;;0;;;;;;;;;;326;3,4;2,1;
2026/04/27;0200 UTC;0;;;;0;;;;;;;;;;265;5,9;1,9;
2026/04/27;0300 UTC;0;;;;0;;;;;;;;;;281;6;3;
2026/04/27;0400 UTC;0;;;;0;;;;;;;;;;254;7,2;2,4;
2026/04/27;0500 UTC;0;;;;0;;;;;;;;;;60;2,3;1,2;
2026/04/27;0600 UTC;0;;;;0;;;;;;;;;;203;7,7;1,4;
2026/04/27;0700 UTC;0;;;;0;;;;;;;;;;247;3,5;1,4;
2026/04/27;0800 UTC;0;;;;0;;;;;;;;;;233;3,5;1,4;
2026/04/27;0900 UTC;0;;;;0;;;;;;;;;;252;3,1;1,2;
2026/04/27;1000 UTC;0;;;;0;;;;;;;;;;297;1,7;1,1;
2026/04/27;1100 UTC;0;;;;155,1;;;;;;;;;;242;4,8;1,7;
2026/04/27;1200 UTC;0;;;;1006,6;;;;;;;;;;279;4,1;2,2;
2026/04/27;1300 UTC;0;;;;1726,9;;;;;;;;;;261;3,9;2,1;
2026/04/27;1400 UTC;0;;;;2328,3;;;;;;;;;;301;5,8;3;
2026/04/27;1500 UTC;0;;;;2734,4;;;;;;;;;;261;5,4;2,5;
2026/04/27;1600 UTC;0;;;;2830,8;;;;;;;;;;270;7,2;3,1;
2026/04/27;1700 UTC;0;;;;2724,3;;;;;;;;;;259;4,6;2;
2026/04/27;1800 UTC;0;;;;2350,8;;;;;;;;;;239;5,4;2;
2026/04/27;1900 UTC;0;;;;1766,9;;;;;;;;;;244;4,4;2,1;
2026/04/27;2000 UTC;0;;;;1003,2;;;;;;;;;;285;4,5;2,3;
2026/04/27;2100 UTC;0;;;;263,8;;;;;;;;;;249;2,3;1,4;
2026/04/27;2200 UTC;0;;;;0;;;;;;;;;;319;3,5;2,3;
2026/04/27;2300 UTC;0;;;;0;;;;;;;;;;322;3,7;2,8;
2026/04/28;0000 UTC;0;;;;0;;;;;;;;;;314;4,1;2,8;
2026/04/28;0100 UTC;0;;;;0;;;;;;;;;;309;4,5;3,1;
2026/04/28;0200 UTC;0;;;;0;;;;;;;;;;318;3,8;2,8;
2026/04/28;0300 UTC;0;;;;0;;;;;;;;;;299;3,2;2,2;
2026/04/28;0400 UTC;0;;;;0;;;;;;;;;;316;4,4;2,5;
2026/04/28;0500 UTC;0;;;;0;;;;;;;;;;308;3;2;
2026/04/28;0600 UTC;0;;;;0;;;;;;;;;;313;1,7;1;
2026/04/28;0700 UTC;0;;;;0;;;;;;;;;;316;1,6;1,1;
2026/04/28;0800 UTC;0;1011,5;1011,6;1011,4;0;6,9;6,4;7;6,8;6,7;6,1;98;97;97;286;2,4;1,3;
2026/04/28;0900 UTC;0;1011,7;1012;1011,6;0;6,4;6;6,8;6,3;6,2;5,8;99;97;98;321;1,6;,9;
2026/04/28;1000 UTC;0;1012,5;1013;1012;0;6,2;5,9;6,4;6,1;6,1;5,8;100;98;99;329;2,1;1,4;
2026/04/28;1100 UTC;0;1013,4;1013,8;1013;175,6;6,4;5,6;7,5;6,2;6;5,4;98;92;96;293;2,6;1,7;
2026/04/28;1200 UTC;0;1014,2;1014,5;1013,8;891,6;8,8;6;9,9;7,6;6,6;5,6;93;79;86;283;2;1,1;
2026/04/28;1300 UTC;0;1014,6;1014,8;1014,5;1690,5;11,9;6,2;13,7;10;6,8;5,6;82;61;71;206;1,9;,9;
2026/04/28;1400 UTC;0;1014,7;1014,9;1014,6;2280;14,7;5,5;15,9;13,6;6,3;4,6;61;46;54;109;2,2;1,2;
2026/04/28;1500 UTC;0;1014,2;1014,6;1013,8;2700,2;16,4;6,8;17,2;15,8;8,5;5,3;58;47;52;152;3,1;1,1;
2026/04/28;1600 UTC;0;1013,3;1013,8;1012,8;2778,6;17,9;7,4;18,4;17,3;9,2;6;57;41;47;161;2,5;1,1;
2026/04/28;1700 UTC;0;1012,2;1012,8;1011,5;2683,6;18,9;7,3;19,7;18;9,4;6,1;51;36;42;120;2,8;1,3;
2026/04/28;1800 UTC;0;1011,2;1011,5;1010,9;2315,4;19,7;6,8;20,1;19,1;8,6;5,1;44;27;35;171;2,7;1,4;
2026/04/28;1900 UTC;0;1010,8;1011;1010,6;1727,9;20;6,6;20,3;19,6;7,9;5,7;38;30;33;152;2,6;1,4;
2026/04/28;2000 UTC;0;1010,4;1010,6;1010,2;969,5;20;6,8;20,2;19,7;8,4;5,9;43;30;34;118;1,6;,9;
2026/04/28;2100 UTC;0;1010,2;1010,3;1010;246;17,7;8,8;19,7;14,5;10,8;7,4;77;40;55;260;1,7;,9;
2026/04/28;2200 UTC;0;1010,1;1010,2;1010;0;13,2;8,7;14,4;12,6;9,9;7,5;83;71;78;227;3,9;2,2;
2026/04/28;2300 UTC;0;1010,5;1010,7;1010,2;0;11,8;8,2;13,2;10,7;9;7,3;91;71;82;338;2,5;1,6;
2026/04/29;0000 UTC;0;1010,5;1010,7;1010,4;0;10,8;8,1;11,1;10,4;8,6;7,5;91;83;86;303;2;1,2;
2026/04/29;0100 UTC;0;1010,4;1010,7;1010,2;0;10,1;8,1;10,4;9,7;8,8;7,7;93;87;90;299;2,3;1,8;
2026/04/29;0200 UTC;0;1010,7;1010,8;1010,6;0;9,7;8;9,8;9,6;8,4;7,6;94;89;92;318;2,6;1,9;
2026/04/29;0300 UTC;0;1010,4;1010,7;1010,1;0;9,5;8;9,7;9,3;8,2;7,8;94;91;93;328;3;1,6;
2026/04/29;0400 UTC;0;1009,5;1010,1;1009,2;0;9,3;7,7;9,5;9,2;8;7,3;94;89;92;306;5,5;3,4;
2026/04/29;0500 UTC;0;1008,7;1009,2;1008,2;0;9,2;7,3;9,7;9;7,6;7,1;93;88;90;302;4,5;2,9;
2026/04/29;0600 UTC;0;1008;1008,4;1007,7;0;9,2;7;9,4;8,8;7,3;6,8;92;87;89;137;2,2;1,1;
2026/04/29;0700 UTC;0;1008,1;1008,3;1007,9;0;8,3;7,2;8,8;7,8;7,6;7;97;91;94;114;1,3;,7;
2026/04/29;0800 UTC;0;1007,9;1008;1007,8;0;7,6;7,3;7,7;7,4;7,5;7,1;99;97;99;306;1,5;1,1;
2026/04/29;0900 UTC;0;1008,2;1008,5;1007,8;0;7,5;7,1;7,7;7,4;7,3;7;99;97;98;296;2,6;1,6;
2026/04/29;1000 UTC;0;1008,9;1009,4;1008,4;0;7,4;7;7,7;7,3;7,1;6,8;98;97;98;315;2,5;1,2;
2026/04/29;1100 UTC;0;1009,5;1009,8;1009,3;158,4;7,4;6,9;8,7;7,1;7,6;6,8;99;93;97;236;1,6;,5;
2026/04/29;1200 UTC;0;1010;1010,1;1009,8;0;10,2;7,3;11,7;8,8;8,1;6,8;92;77;85;281;1,8;,6;
2026/04/29;1300 UTC;0;1010;1010,1;1009,9;1626,8;13,4;8;15;11,8;8,8;6,9;78;68;73;126;1,4;,8;
2026/04/29;1400 UTC;0;1009,9;1010;1009,6;2196,3;16,2;9;17,3;15;9,6;8,3;69;59;64;126;2,4;1,5;
2026/04/29;1500 UTC;0;1008,9;1009,5;1008,5;2607,1;18,1;10;19,1;17,1;10,9;8,8;64;56;60;158;3,2;1,4;
2026/04/29;1600 UTC;0;1008,4;1008,6;1008,2;2707,2;20;11;20,9;19,1;11,9;9,8;60;49;55;149;3,9;1,9;
2026/04/29;1700 UTC;0;1007,9;1008,2;1007,6;2599,6;21,7;11,9;22,3;20,8;12,8;11;56;46;51;161;3,2;1,4;
2026/04/29;1800 UTC;0;1007,4;1007,6;1007,2;2232;22,9;11,5;23,7;22,4;12,6;10,4;50;39;43;163;2,8;1,3;
2026/04/29;1900 UTC;0;1007,3;1007,4;1007,3;1654;23,4;11,4;23,6;23,3;12,3;10,9;44;37;40;146;3,5;1,4;
2026/04/29;2000 UTC;0;1007,7;1007,9;1007,4;925,9;23,2;11,3;23,6;22,5;11,9;10,4;45;36;40;143;2,2;1,3;
2026/04/29;2100 UTC;0;1008;1008,1;1007,8;225;20,3;12;22,5;17,2;13,1;11,2;75;44;59;241;1,8;,9;
2026/04/29;2200 UTC;0;1007,7;1008;1007,6;0;15,8;11,6;17,1;15;12,8;9,8;83;71;79;332;3,4;2,3;
2026/04/29;2300 UTC;0;1007,9;1008;1007,8;0;14,3;10,3;15,6;13,3;10,8;9,5;86;72;80;329;3,2;2,1;
2026/04/30;0000 UTC;0;1008,1;1008,4;1007,9;0;13,2;10,2;13,9;12,7;10,8;9,6;90;80;85;303;3,4;2,2;
2026/04/30;0100 UTC;0;1008,7;1009,1;1008,4;0;12,9;10,2;13,1;12,3;10,5;9,9;90;85;87;316;2,2;1,4;
2026/04/30;0200 UTC;0;1009,4;1009,8;1009,1;0;12;10,1;12,7;11;10,3;9,8;96;86;91;133;1,3;,9;
2026/04/30;0300 UTC;0;1010,1;1010,3;1009,8;0;10,8;10,2;11,2;10,4;10,5;9,9;99;95;97;209;1,4;,8;
2026/04/30;0400 UTC;0;1010,3;1010,4;1009,9;0;10,4;9,9;10,5;10,2;10,2;9,7;99;97;98;318;2,4;1,7;
2026/04/30;0500 UTC;0;1010;1010,1;1009,9;0;10,7;9,7;10,8;10,4;9,9;9,5;97;94;95;301;3,1;2,1;
2026/04/30;0600 UTC;0;1009,8;1010;1009,7;0;10,5;9,5;10,7;10,4;9,7;9,2;96;93;95;315;3,9;2,3;
2026/04/30;0700 UTC;0;1009,6;1009,7;1009,4;0;10,5;9,2;10,7;10,4;9,3;8,9;94;92;93;330;2,6;1,6;
2026/04/30;0800 UTC;0;1009,8;1009,9;1009,6;0;10;8,9;10,7;9,5;9,1;8,7;98;91;94;313;3;1,7;
2026/04/30;0900 UTC;0;1010;1010,1;1009,9;0;9,3;8,7;10,2;8,9;9,1;8,5;99;92;97;327;1,6;1;
2026/04/30;1000 UTC;0;1010,3;1010,5;1010,1;0;8,8;8,6;9;8,6;8,8;8,4;100;98;99;322;,9;,6;
2026/04/30;1100 UTC;0;1010,9;1011,2;1010,6;148;8,8;8,7;10,2;8,6;9,1;8,5;100;95;99;257;1,4;,9;
2026/04/30;1200 UTC;0;1011,4;1011,7;1011,2;1094,2;12;9,3;13,9;10,3;10,1;8,8;94;79;87;299;2;1,2;
2026/04/30;1300 UTC;0;1011,7;1011,8;1011,5;1642,3;15,8;10,6;18,2;13,9;11,5;9,7;83;65;74;243;2,3;1,3;
2026/04/30;1400 UTC;0;1011,5;1011,6;1011,3;2197,6;19,7;11,4;21,5;18,1;12,1;10,6;68;52;58;71;1,5;,7;
2026/04/30;1500 UTC;0;1011,2;1011,4;1010,9;2590,1;22,2;12,2;22,9;21,5;13,5;11,3;54;46;50;144;2,2;1,3;
2026/04/30;1600 UTC;0;1010,5;1010,8;1009,9;2681,6;23,6;13,8;24,2;22,8;15,6;12,1;57;46;51;137;3,1;1,6;
2026/04/30;1700 UTC;0;1009,5;1009,9;1009,3;2561;24,9;14,5;25,5;24;15,4;13,5;55;41;48;143;3,4;1,7;
2026/04/30;1800 UTC;0;1009;1009,4;1008,8;2202,1;25,4;14,2;25,6;25,2;14,9;13,6;47;42;44;157;4;2,1;
2026/04/30;1900 UTC;0;1008,7;1008,8;1008,6;1629,4;25,8;14,9;26;25,6;15,5;14,2;48;41;46;141;3,3;1,8;
2026/04/30;2000 UTC;0;1008,8;1008,9;1008,7;909,9;25,6;14,4;25,8;25;15;13,9;48;41;44;143;2,5;1,3;
2026/04/30;2100 UTC;0;1008,9;1009;1008,8;215,5;22,8;15;25;19,6;15,9;14,4;75;48;61;309;1,5;,9;
2026/04/30;2200 UTC;0;1008,9;1009;1008,7;0;17,7;14,3;19,6;16,6;14,9;13,6;88;76;83;335;2;,9;
2026/04/30;2300 UTC;0;1008,9;1009,2;1008,8;0;16,3;13,7;16,9;15,4;14,3;13,4;91;84;87;301;2,1;1,5;
2026/05/01;0000 UTC;0;1009,2;1009,3;1009,1;0;15,3;13,4;15,8;14,4;13,5;13,2;95;87;91;303;2,2;1,6;
2026/05/01;0100 UTC;0;1009,3;1009,3;1009,2;0;14,4;13,3;15;13,8;13,4;13,1;97;92;94;194;1,6;,8;
2026/05/01;0200 UTC;0;1009,5;1009,7;1009,3;0;13,4;12,9;13,8;13,3;13,1;12,8;98;97;98;306;2,4;,9;
2026/05/01;0300 UTC;0;1009,7;1009,8;1009,6;0;13,4;12,8;13,6;12,9;13,2;12,3;99;96;97;320;2,6;1,4;
2026/05/01;0400 UTC;0;1009,5;1009,7;1009,3;0;13,1;12,6;13,4;12,8;12,8;12,2;99;96;97;261;1,5;,5;
2026/05/01;0500 UTC;0;1009;1009,4;1008,7;0;12,8;12,3;13,2;12,5;12,6;12;99;96;97;321;2,3;1,2;
2026/05/01;0600 UTC;0;1008,5;1008,8;1008,1;0;12,6;12,1;13;12,2;12,4;11,8;99;96;98;141;1,2;,6;
2026/05/01;0700 UTC;0;1008,1;1008,3;1007,6;0;12,2;11,9;12,5;12;12,3;11,6;100;97;99;91;1,8;,9;
2026/05/01;0800 UTC;0;1007,3;1007,5;1007,2;0;12,4;12,1;12,7;12,2;12,3;11,9;99;97;99;160;1,4;,6;
2026/05/01;0900 UTC;0;1007,7;1007,9;1007,3;0;12,8;12,3;13,4;12,5;12,6;12;99;95;97;296;2,6;1,8;
2026/05/01;1000 UTC;0;1007,7;1007,9;1007,5;0;14,1;12,8;15,1;13,5;13,3;12,4;95;90;93;299;4,9;3,1;
2026/05/01;1100 UTC;0;1007,9;1008,3;1007,5;117,3;15,6;13,7;17,6;14,8;14,6;13,1;93;85;90;319;4,1;2,2;
2026/05/01;1200 UTC;0;1008,1;1008,2;1007,9;400,6;18,3;15;18,8;17,7;15,5;14,6;85;81;83;287;4,6;2,9;
2026/05/01;1300 UTC;0;1008,2;1008,4;1007,9;689;20,2;15,8;21,1;18,8;16,5;15,1;83;76;78;229;3,5;1,5;
2026/05/01;1400 UTC;0;1008,1;1008,5;1007,7;560,7;21,5;17,1;22,2;20,8;17,7;16,5;82;72;78;185;1,2;,6;
2026/05/01;1500 UTC;0;1007;1007,8;1006,3;469,5;22;17,3;22,3;21,2;18,1;16,7;82;72;76;205;2;,9;
2026/05/01;1600 UTC;0;1005,3;1006,2;1004,4;580,8;21,4;17,9;21,7;21,1;18,5;17,5;85;81;83;172;2,4;1,1;
2026/05/01;1700 UTC;0;1004,3;1005;1004,1;483,4;22,4;18,5;22,8;21,7;19,1;17;84;76;81;163;6,9;2,3;
2026/05/01;1800 UTC;,4;1006,2;1006,7;1005,1;94,7;18,4;16,4;21,1;17,7;16,9;16;96;77;90;125;5,5;2,9;
2026/05/01;1900 UTC;1;1005,6;1006;1005,3;151,2;18,1;17;18,2;17,9;17,5;16,5;97;93;95;184;3;1,3;
2026/05/01;2000 UTC;,2;1005,8;1006,2;1005,3;146,6;17,9;17,5;18;17,8;17,7;17,2;98;97;98;135;2,6;1,5;
2026/05/01;2100 UTC;0;1004,6;1005,3;1003,8;29,8;18;17,7;18,1;17,9;17,8;17,6;99;98;98;231;2,1;,9;
2026/05/01;2200 UTC;13,8;1004;1006,3;1002,8;0;17,9;17,7;18;17,8;17,9;17,5;100;98;99;229;8,2;4,1;
2026/05/01;2300 UTC;41,6;1004,8;1006,7;1003,5;0;18,2;18,1;18,4;18;18,4;17,9;100;99;100;169;5,6;2,2;
2026/05/02;0000 UTC;5;1005,2;1005,7;1004,8;0;18,4;18,5;18,5;18,3;18,5;18,4;100;100;100;250;2,8;1,2;
2026/05/02;0100 UTC;8,6;1005,3;1006,2;1004,7;0;18,4;18,5;18,5;18,4;18,5;18,4;100;100;100;80;5,8;2,1;
2026/05/02;0200 UTC;16,6;1005;1006;1004,2;0;18,9;18,9;19,1;18,5;19,1;18,5;100;100;100;266;27,7;2,6;
2026/05/02;0300 UTC;25,6;1004,9;1005,8;1004,2;0;19,2;19,2;19,6;18,8;19,6;18,8;100;100;100;302;7,3;3,8;
2026/05/02;0400 UTC;13,6;1004,8;1005,5;1004,2;0;20,5;20,5;21,2;19,7;21,3;19,7;100;100;100;311;4,2;2,3;
2026/05/02;0500 UTC;,4;1004,3;1004,9;1003,6;,1;20,6;20,7;20,7;20,5;20,7;20,6;100;100;100;304;3,5;2;
2026/05/02;0600 UTC;0;1004,7;1004,9;1004,3;0;20,6;20,7;20,8;20,3;20,8;20,3;100;100;100;309;4;2,1;
2026/05/02;0700 UTC;0;1004,9;1005,4;1004,6;0;20;20;20,8;19,3;20,9;19,3;100;100;100;130;3,6;1,2;
2026/05/02;0800 UTC;0;1005,6;1006,1;1005,2;0;19,4;19,4;19,4;19,3;19,5;19,3;100;100;100;150;1,6;,7;
2026/05/02;0900 UTC;0;1006,2;1006,9;1005,9;0;19,2;19,2;19,3;18,8;19,4;18,9;100;100;100;207;1,2;,6;
2026/05/02;1000 UTC;0;1007,8;1008,5;1007;0;19;19,1;19,1;18,9;19,1;18,9;100;100;100;138;2,9;1,4;
2026/05/02;1100 UTC;0;1009;1009,2;1008,5;33,6;19;18,9;19,1;18,9;19,1;18,6;100;98;99;59;2,2;1,6;
2026/05/02;1200 UTC;0;1009,9;1010,5;1009,2;401,4;19,1;18,4;19,3;18,9;18,8;17,7;99;94;97;154;1,7;,7;
2026/05/02;1300 UTC;0;1011,1;1011,6;1010,5;727,1;19,8;18,4;20,2;19,4;18,9;17,7;97;88;93;73;2,1;1,2;
2026/05/02;1400 UTC;0;1012,3;1013;1011,6;1229,9;20,4;18,1;20,7;20,2;19;17,6;94;85;88;238;2,1;,8;
2026/05/02;1500 UTC;0;1013;1013,2;1012,9;813,8;21;17,8;21,3;20,7;18,7;16,9;89;80;84;176;4,2;1,6;
2026/05/02;1600 UTC;0;1013,2;1013,6;1012,9;1006,1;21,5;17,4;21,8;21,1;18;16,9;83;77;80;221;4,4;1,1;
2026/05/02;1700 UTC;0;1013,4;1013,7;1013,2;1001,7;21,8;16,9;22,1;21,6;17,5;16,3;79;73;76;211;4,3;1,2;
2026/05/02;1800 UTC;0;1013;1013,3;1012,9;1350,1;22,3;16,2;22,7;21,8;17;15,6;73;66;69;228;4,2;1,7;
2026/05/02;1900 UTC;0;1013,5;1013,9;1013,2;1260,2;22,2;16,1;22,4;22;16,7;15,4;72;65;70;254;5,7;2,7;
2026/05/02;2000 UTC;0;1014,2;1014,4;1013,9;1015,2;22,4;15,5;22,8;21,9;16,3;14,6;71;62;65;203;4,2;1,2;
2026/05/02;2100 UTC;0;1014,6;1014,9;1014,3;184,1;20,9;13,6;22,1;19,7;15,1;12,2;68;60;64;222;4,6;1,4;
2026/05/02;2200 UTC;0;1015,1;1015,5;1014,8;0;18,6;11,5;19,7;17,1;12,8;10,8;74;60;64;121;2,9;,9;
2026/05/02;2300 UTC;0;1016;1016,5;1015,5;0;15,8;12,1;17;15,2;12,8;11,5;86;73;81;142;2,2;1,1;
2026/05/03;0000 UTC;0;1017;1017,5;1016,5;0;14,8;11,3;15,3;14,4;11,8;10,6;85;79;82;117;3,4;1,4;
2026/05/03;0100 UTC;0;1017,9;1018,1;1017,6;0;13,8;9,6;14,5;12,8;10,6;9,2;84;76;79;150;2,5;1;
2026/05/03;0200 UTC;0;1018,3;1018,5;1018,1;0;12,1;9,2;12,8;11,6;10;8,5;89;83;86;145;2;1,2;
2026/05/03;0300 UTC;0;1018,5;1018,6;1018,4;0;11,3;8,4;11,8;10,8;9;7,7;89;82;86;164;1,7;,7;
2026/05/03;0400 UTC;0;1018,6;1018,7;1018,6;0;10,2;8,9;10,8;9,8;9,4;7,5;96;83;93;109;1,5;,5;
2026/05/03;0500 UTC;0;1018,7;1018,8;1018,5;0;9,9;7,5;10,3;9,5;8,6;6,3;94;82;88;153;,9;,3;
2026/05/03;0600 UTC;0;1018,4;1018,5;1018,2;0;9;7,9;9,5;8,8;8,5;7,1;97;90;94;60;1,4;,7;
2026/05/03;0700 UTC;0;1018,1;1018,2;1018;0;8,6;7,1;9;8,2;7,6;6,5;97;90;92;114;,8;,4;
2026/05/03;0800 UTC;0;1018,1;1018,2;1018;0;7,8;7,1;8,2;7,6;7,5;6,6;98;94;96;305;,9;,7;
2026/05/03;0900 UTC;0;1018,1;1018,2;1018,1;0;7,3;6,7;7,6;6,9;7,1;6,4;99;95;97;225;1,2;,9;
2026/05/03;1000 UTC;0;1018,3;1018,6;1018,1;0;6,8;6,4;7;6,7;6,7;6,2;99;97;98;341;2,4;1,5;
2026/05/03;1100 UTC;0;1018,5;1018,7;1018,4;119;6,9;6,5;7,7;6,7;6,8;6,1;99;95;98;332;1,9;1,3;
2026/05/03;1200 UTC;0;1018,8;1019;1018,7;977,6;9;6,8;10,2;7,8;7,6;6,2;95;81;89;291;2,3;1,4;
2026/05/03;1300 UTC;0;1019,1;1019,3;1019;1651,7;11,5;6,6;12,8;10,2;7,4;5,8;84;66;75;267;2,3;1,2;
2026/05/03;1400 UTC;0;1018,6;1019,2;1018,2;2246;13,9;6,6;15,2;12,4;8,1;5,6;73;57;64;145;3,1;1,3;
2026/05/03;1500 UTC;0;1017,7;1018,1;1017,3;2635,6;15,2;6,9;15,6;14,7;8,1;6;64;55;59;145;3,8;1,4;
2026/05/03;1600 UTC;0;1016,6;1017,3;1016;2736,4;16,2;7,7;16,7;15,6;8,8;6,7;63;54;58;141;3,7;1,8;
2026/05/03;1700 UTC;0;1015,5;1016;1015;2612,1;17,3;8,4;18;16,5;9,3;7,3;61;52;55;174;3,5;1,6;
2026/05/03;1800 UTC;0;1014,5;1015;1014,1;2237,6;18,2;9;18,8;17,6;10,1;8,1;60;50;54;165;4;2;
2026/05/03;1900 UTC;0;1013,9;1014,1;1013,6;1650,9;18,7;9,3;19;18,4;10,4;8,6;57;50;53;154;4,1;1,9;
2026/05/03;2000 UTC;0;1013,2;1013,6;1012,9;917,3;18,6;9,7;18,9;18,2;11;9,2;62;52;55;155;3,7;1,8;
2026/05/03;2100 UTC;0;1012,6;1012,9;1012,5;205,2;16,9;10,1;18,1;14,8;12,1;9,3;85;56;66;163;1;,5;
2026/05/03;2200 UTC;0;1012,5;1012,6;1012,3;0;13,1;11,2;14,7;12,4;11,6;10,6;94;84;90;323;1,5;,9;
2026/05/03;2300 UTC;0;1012,3;1012,4;1012,1;0;11,8;10,5;12,3;11,4;10,9;10,1;97;91;94;57;1,1;,5;
2026/05/04;0000 UTC;0;1012,4;1012,9;1012;0;10,9;10,2;11,4;10,4;10,5;10;99;95;97;26;1,4;,7;
2026/05/04;0100 UTC;0;1012,3;1012,8;1011,9;0;10,6;10,2;10,8;10,4;10,6;10;100;96;98;319;2,2;1;
2026/05/04;0200 UTC;0;1011,7;1011,9;1011,6;0;10,1;9,9;10,7;9,8;10,2;9,5;99;97;99;182;1,1;,6;
2026/05/04;0300 UTC;0;1011,4;1011,7;1011;0;9,8;9,7;10,1;9,7;9,8;9,6;100;99;99;293;1,2;,7;
2026/05/04;0400 UTC;0;1011,1;1011,2;1010,9;0;9,9;9,8;10,1;9,8;10;9,6;100;99;99;278;1,4;,8;
2026/05/04;0500 UTC;0;1010,7;1010,9;1010,5;0;9,7;9,5;9,9;9,4;9,6;9,3;100;98;99;82;1,2;,6;
2026/05/04;0600 UTC;0;1010;1010,5;1009,7;0;9,2;9,2;9,3;9;9,3;9;100;100;100;62;1,1;,7;
2026/05/04;0700 UTC;0;1009,5;1009,7;1009,2;0;8,9;8,9;9;8,8;9;8,8;100;100;100;306;1,4;,7;
2026/05/04;0800 UTC;0;1009,2;1009,4;1009;0;8,9;8,9;9;8,8;9;8,8;100;100;100;306;2,2;1,3;
2026/05/04;0900 UTC;0;1008,9;1009,1;1008,7;0;9;9;9,1;8,8;9,1;8,9;100;100;100;230;1,4;,5;
2026/05/04;1000 UTC;0;1009;1009,1;1008,8;0;8,9;8,9;9,1;8,8;9,1;8,8;100;99;100;273;2,2;1;
2026/05/04;1100 UTC;0;1009,1;1009,3;1008,9;110,1;9,2;9;10;8,9;9,5;8,7;100;97;99;181;1,6;,9;
2026/05/04;1200 UTC;0;1009,5;1009,7;1009,2;795,4;11,7;9,8;13;10,1;10,4;9,3;97;86;90;157;1,6;,8;
2026/05/04;1300 UTC;0;1009,9;1010,1;1009,7;1380,9;14,4;11,3;16,7;13;12,7;9,8;87;79;84;230;1,3;,5;
2026/05/04;1400 UTC;0;1009,7;1010;1009,5;2077,4;19,4;14,1;20,9;16,8;15,4;13;83;68;74;277;3,7;2;
2026/05/04;1500 UTC;0;1009,3;1009,6;1009;2071,3;22,1;15,7;22,9;20,7;16,9;14,5;71;65;68;127;2,4;1,3;
2026/05/04;1600 UTC;0;1009;1009,1;1008,7;811,5;22,7;17;23,1;22,5;17,8;16,3;75;68;72;329;3,5;2,2;
2026/05/04;1700 UTC;0;1008,4;1008,7;1008;767;23,2;17,6;23,5;22,8;18,1;17,2;76;69;72;296;3,1;1,8;
2026/05/04;1800 UTC;0;1007,4;1008;1007,2;480,4;22,8;18,1;23;22,5;18,4;17,7;78;75;76;318;3,2;1,7;
2026/05/04;1900 UTC;0;1007,1;1007,2;1006,9;224,6;22,4;18,6;22,8;22,2;19;18,2;84;77;81;318;4,4;2,8;
2026/05/04;2000 UTC;0;1007;1007,2;1006,8;175,5;21,5;19,2;22,2;20,7;19,6;18,8;94;83;88;294;3,3;2,3;
2026/05/04;2100 UTC;0;1007,2;1007,5;1007;103;20,8;19,4;20,9;20,6;19,5;19,2;94;93;93;322;2,9;1,9;
2026/05/04;2200 UTC;0;1007,4;1007,5;1007,2;0;20,5;19,1;20,7;20,2;19,3;19;94;92;93;325;3,6;2,2;
2026/05/04;2300 UTC;0;1007,6;1007,8;1007,3;0;20,3;19,1;20,3;20,2;19,1;19;95;94;94;325;3,5;2,1;
2026/05/05;0000 UTC;0;1007,9;1008,2;1007,7;0;20,3;19;20,4;20,2;19,1;18,9;94;93;93;314;4,6;3,1;
2026/05/05;0100 UTC;0;1008,2;1008,3;1008;0;20,4;19;20,5;20,3;19;18,9;93;93;93;306;4,4;3,4;
2026/05/05;0200 UTC;0;1008,2;1008,3;1008,1;0;20,5;19;20,7;20,3;19,1;19;94;92;92;310;4,3;2,9;
2026/05/05;0300 UTC;0;1008,5;1008,7;1008,2;0;20,3;19,1;20,8;20,1;19,2;19;95;92;94;311;3,4;2,2;
2026/05/05;0400 UTC;0;1008,7;1008,8;1008,6;0;20,7;19,2;21;20,5;19,3;19,1;94;91;92;313;4,9;2,8;
2026/05/05;0500 UTC;0;1008,6;1008,7;1008,6;0;20,9;19,3;21;20,8;19,3;19,2;92;91;92;302;5,1;3,2;
2026/05/05;0600 UTC;0;1008,4;1008,6;1008,3;0;20,9;19,3;21;20,8;19,3;19,3;93;91;92;302;4,2;2,7;
2026/05/05;0700 UTC;0;1008,3;1008,3;1008,2;0;21;19,3;21,2;20,9;19,4;19,3;92;90;92;306;5;2,8;
2026/05/05;0800 UTC;0;1008,3;1008,5;1008,2;0;21,2;19,3;21,4;20,8;19,3;19,2;92;89;90;298;5,2;2,9;
2026/05/05;0900 UTC;0;1008,5;1008,7;1008,4;0;20,7;19,1;20,9;20,4;19,2;18,9;93;91;92;294;6,2;3,8;
2026/05/05;1000 UTC;0;1008,9;1009,1;1008,7;0;20,3;18,8;20,5;20,1;18,9;18,7;93;92;93;291;6,2;4,3;
2026/05/05;1100 UTC;0;1009,4;1009,8;1009;94,2;20,2;18,6;20,7;20;18,7;18,5;93;89;92;305;5,6;3,6;
2026/05/05;1200 UTC;0;1010,2;1010,6;1009,8;807,2;21,6;18,8;22,5;20,8;19,1;18,5;89;83;86;299;6,3;3,7;
2026/05/05;1300 UTC;0;1010,9;1011;1010,5;1453,5;23,5;19,4;24,4;22,5;19,8;19;83;77;80;292;6,2;4,3;
2026/05/05;1400 UTC;0;1011,1;1011,2;1011;2018,7;25,5;20,3;26,8;24,4;20,8;19,7;77;70;74;276;4,8;3,2;
2026/05/05;1500 UTC;0;1010,8;1011;1010,6;2374,9;28,3;21,3;28,9;26,9;21,7;20,7;70;61;65;313;5,9;3,7;
2026/05/05;1600 UTC;0;1010,3;1010,6;1009,8;2476,4;29,7;21,8;30,3;29;22,7;21,3;65;57;61;304;5;2,9;
2026/05/05;1700 UTC;0;1009,4;1009,8;1009,1;2258,3;30,9;22,4;31,5;30,3;23,2;21,6;60;54;57;142;4,8;2,1;
2026/05/05;1800 UTC;0;1008,8;1009;1008,6;1841;31,6;22,4;32,1;30,8;23,2;21,5;57;50;54;222;3,9;1,9;
2026/05/05;1900 UTC;0;1008,6;1008,7;1008,5;1425,9;32;22,2;32,2;31,6;22,8;21,7;54;49;51;105;5,2;2,6;
2026/05/05;2000 UTC;0;1008,4;1008,6;1008,2;770,7;31,6;22;32;30,7;22,7;21,4;58;49;52;189;2,3;1,4;
2026/05/05;2100 UTC;0;1008,3;1008,4;1008,1;158,2;28,2;21,7;30,6;26,1;22,5;21,1;76;57;67;250;1,7;1,1;
2026/05/05;2200 UTC;0;1008,6;1008,8;1008,4;0;25,2;20,9;26,1;24,4;21,4;20,5;85;73;79;171;1,3;,7;
2026/05/05;2300 UTC;0;1008,8;1008,9;1008,7;0;23,6;21,3;24,4;23,2;21,6;20,9;92;84;89;316;2,5;1,2;
2026/05/06;0000 UTC;0;1009,1;1009,1;1008,9;0;22,7;20,8;23,4;22,2;21,1;20,6;92;88;91;315;2,1;1,4;
2026/05/06;0100 UTC;0;1009,1;1009,2;1009;0;21,9;20,5;22,1;21,6;20,7;20,4;94;93;93;309;2,6;1,5;
2026/05/06;0200 UTC;0;1009,1;1009,3;1008,8;0;21,6;20,3;21,9;21,1;20,4;19,9;94;92;93;274;1,6;,6;
2026/05/06;0300 UTC;0;1008,9;1009;1008,8;0;21,2;19,9;21,5;20,7;20,1;19,6;96;93;94;266;1,7;1;
2026/05/06;0400 UTC;0;1009,1;1009,4;1008,8;0;20,5;19,6;21,2;19,9;19,8;19,4;98;92;96;287;1,3;,8;
2026/05/06;0500 UTC;0;1009,5;1009,8;1009;0;20;19,4;20,2;19,8;19,6;19,1;99;96;97;322;1,6;1,2;
2026/05/06;0600 UTC;0;1010;1010,2;1009,9;0;19,9;19,3;20,1;19,5;19,4;19,1;99;96;97;319;2,9;1,8;
2026/05/06;0700 UTC;0;1010;1010,2;1009,5;0;19,9;19,2;20,2;19,7;19,2;19,1;97;95;96;277;3,1;2,3;
2026/05/06;0800 UTC;0;1009,2;1009,5;1009;0;19,9;19;20,2;19,5;19,2;18,7;97;94;95;176;1,1;,3;
2026/05/06;0900 UTC;0;1009;1009,1;1008,8;0;19,5;18,9;20;19,3;19,1;18,7;99;95;97;299;2,9;1,4;
2026/05/06;1000 UTC;0;1009;1009,3;1008,8;0;20,9;18,7;21,2;20,2;18,9;18,6;94;87;89;290;3,9;2,3;
2026/05/06;1100 UTC;0;1009,7;1009,9;1009,3;65,7;20,8;18,6;21,5;20,2;18,7;18,5;92;85;89;299;4,9;2,9;
2026/05/06;1200 UTC;0;1010;1010,3;1009,7;633,9;22,7;18,9;23,4;21,6;19,5;18,6;85;79;81;293;5,8;3,7;
2026/05/06;1300 UTC;0;1010,1;1010,3;1010;1257,4;24,7;19,8;26;23,4;20,3;19,3;81;71;75;298;7,1;4,3;
2026/05/06;1400 UTC;0;1010;1010,1;1009,8;1595,4;27;20,6;28,1;26;21,3;20,2;71;65;68;306;6,7;4,3;
2026/05/06;1500 UTC;0;1009,7;1010;1009,3;1469,7;28;21,1;28,9;27,2;21,7;20,7;69;62;66;301;6,6;3,9;
2026/05/06;1600 UTC;0;1008,8;1009,3;1008,2;1240,5;28,7;21,6;28,9;28,4;21,9;21,2;66;63;64;286;5,1;3,3;
2026/05/06;1700 UTC;0;1007,5;1008,2;1006,9;1634,5;29,5;22,2;30,6;28,8;23,1;21,7;67;61;64;197;2,7;,9;
2026/05/06;1800 UTC;0;1006,4;1006,9;1006;1844,9;31;23,3;31,4;30,5;24;22,5;65;58;61;208;3,3;1,5;
2026/05/06;1900 UTC;0;1005,7;1006;1005,5;1398,2;31,9;23,1;32,8;31;24,3;22,3;64;49;56;316;5,6;2,5;
2026/05/06;2000 UTC;0;1005,2;1005,5;1005,1;691,9;31,9;22,1;32,4;31,5;22,5;21,5;53;48;51;160;4,5;2,7;
2026/05/06;2100 UTC;0;1005,1;1005,2;1004,9;134,7;30;21,5;31,4;28,9;22,3;20,7;61;54;57;206;3,4;2,2;
2026/05/06;2200 UTC;0;1004,9;1005;1004,8;0;26,7;21,3;29;25;21,8;20,8;82;60;73;327;1,8;1;
2026/05/06;2300 UTC;0;1005,2;1005,3;1005;0;24;21,3;24,9;23,2;21,7;21,1;91;83;86;124;2,2;,9;
2026/05/07;0000 UTC;0;1004,9;1005,1;1004,7;0;23,7;21,3;24,3;23,3;21,4;21,1;90;85;88;290;2,5;1,2;
2026/05/07;0100 UTC;0;1004,6;1004,8;1004,4;0;23,4;21;23,7;22,8;21,3;20,8;92;86;88;267;2,4;1;
2026/05/07;0200 UTC;0;1004,2;1004,4;1004,1;0;25;20,5;28,4;23,6;21,1;19,6;87;60;77;285;3,7;1,8;
2026/05/07;0300 UTC;0;1004;1004,2;1003,8;0;25;20,2;26;24,4;20,5;19,4;79;71;76;287;3,3;2,3;
2026/05/07;0400 UTC;0;1003,5;1003,8;1003,3;0;24,4;19,9;24,6;24,2;20,2;19,6;79;77;78;283;5,3;2,2;
2026/05/07;0500 UTC;0;1003;1003,3;1002,6;0;24,7;19,5;27,3;24,1;19,8;18,8;79;59;74;309;6,1;3,1;
2026/05/07;0600 UTC;0;1001,9;1002,6;1001,2;0;28,5;19,4;28,9;26,2;19,7;18,9;65;51;55;315;9,7;5,7;
2026/05/07;0700 UTC;0;1000,6;1001,2;1000,1;0;28,7;19,1;29,1;28,3;19,3;18,8;54;50;52;320;14;6,8;
2026/05/07;0800 UTC;0;1000;1000,4;999,6;0;28,5;19,1;28,8;28,2;19,2;18,8;55;51;53;311;13,7;8,6;
2026/05/07;0900 UTC;0;999,7;999,9;999,3;0;27,7;19;28,2;27,4;19,1;18,8;58;54;56;329;13;6,6;
2026/05/07;1000 UTC;0;999;999,5;998,4;0;27,5;18,9;27,8;27,2;19,1;18,6;58;56;57;308;17,6;7,5;
2026/05/07;1100 UTC;0;999,3;999,8;998,6;131,3;27,5;18,7;27,8;27,1;18,9;18,5;58;54;56;321;11,2;5,7;
2026/05/07;1200 UTC;0;1000;1000,1;999,7;395;26,7;18,8;27,7;25,2;19,3;18;68;55;61;304;11,5;4,9;
2026/05/07;1300 UTC;0;999,4;1000,1;998,9;1461,6;28,7;19,3;29,3;26,7;19,6;18,7;61;49;53;298;14,7;7,1;
2026/05/07;1400 UTC;0;998,1;999;997;1993,1;29,7;19,8;30,1;29,2;20,3;19,3;52;49;51;235;13,4;6,6;
2026/05/07;1500 UTC;0;996,3;996,9;995,5;2442,5;31,2;20,5;32;30,2;21,1;20,1;51;43;46;236;11,2;6,6;
2026/05/07;1600 UTC;0;995,3;996;994,8;2412,6;32,3;20,6;33,1;31,7;21,2;20;44;39;42;193;12;5,3;
2026/05/07;1700 UTC;0;994,5;995;994,2;1931,9;32,3;20,4;32,8;31,9;20,9;20;42;39;40;307;15,2;7,2;
2026/05/07;1800 UTC;0;994;994,6;993,4;1351,7;31,8;20,2;32,8;31,1;20,9;19,6;44;38;42;295;13,3;5,9;
2026/05/07;1900 UTC;0;993,2;993,5;992,9;879,3;31,5;19,9;31,7;31,2;20,2;19,4;43;40;42;236;13,6;5,5;
2026/05/07;2000 UTC;0;993,5;993,7;993,2;367,6;31;19,5;31,5;30,7;19,9;19,1;44;41;43;228;14,5;6,5;
2026/05/07;2100 UTC;0;993,5;993,8;992,9;60,2;30,4;19,3;30,8;29,9;19,5;19;47;43;44;234;12,2;6,5;
2026/05/07;2200 UTC;0;992,3;992,9;991,8;0;29,7;19;30;29,4;19,2;18,8;48;45;46;219;11,7;5,9;
2026/05/07;2300 UTC;0;991,9;992,2;991,6;0;29,4;18,8;29,7;29;19,1;18,6;48;46;47;286;13,8;7,6;
2026/05/08;0000 UTC;4,8;994;996,5;991,9;7,1;25,6;18,6;29,2;20,3;19,5;17,8;89;48;65;328;8,9;4,8;
2026/05/08;0100 UTC;6,6;996,2;996,9;995,4;0;20,8;18,6;21,2;20,3;18,9;18,1;93;85;89;310;12;5,8;
2026/05/08;0200 UTC;4,6;995,5;996,4;994,9;0;20,1;18,9;20,3;19,9;19,1;18,6;96;92;94;256;5,1;3;
2026/05/08;0300 UTC;5;997,4;998,8;995,8;2,1;18,7;17,1;20,1;17,3;18,8;15,2;94;83;92;311;6;3,5;
2026/05/08;0400 UTC;2,8;999,3;1000,1;998,3;,5;16,6;14,3;17,6;15,6;16,1;12,6;93;83;89;272;9,2;4,9;
2026/05/08;0500 UTC;3;999,8;1000,7;999,2;0;15,1;12,8;15,7;14,8;13,5;12,3;92;84;88;267;4,1;2,7;
2026/05/08;0600 UTC;,2;999,4;999,8;999;0;14,9;12,3;15,1;14,8;12,9;11,8;90;84;87;319;6;3,1;
2026/05/08;0700 UTC;0;999,8;1000,2;999,4;0;15,1;11,4;15,3;15;12;10,9;85;78;81;314;8,5;4,7;
2026/05/08;0800 UTC;0;1000,5;1001,3;999,9;0;15,1;11;15,2;15;11,4;10,4;82;77;79;286;7,6;4,1;
2026/05/08;0900 UTC;0;1001,9;1002,3;1001,4;0;14,4;9,1;15;13,8;10,9;8,1;80;69;73;310;6,1;4;
2026/05/08;1000 UTC;0;1002,3;1002,4;1002,2;0;13,3;8,1;13,8;13;8,8;7,6;78;71;74;333;7,2;4,3;
2026/05/08;1100 UTC;0;1002,6;1002,8;1002,2;79,8;12,9;7,8;13,2;12,7;8,1;7,4;77;73;75;325;6,9;4,2;
2026/05/08;1200 UTC;0;1003,2;1003,6;1002,7;857,9;13,7;7,8;14,3;13,2;8,2;7,5;73;68;70;309;7,3;4;
2026/05/08;1300 UTC;0;1003,9;1004,3;1003,4;1559,9;15;7,9;15,9;14,3;8,6;7,5;70;62;65;319;9,5;5,2;
2026/05/08;1400 UTC;0;1004,4;1004,6;1004,1;2137,8;16,3;8;16,9;15,9;8,9;7,4;64;54;58;301;11,3;7;
2026/05/08;1500 UTC;0;1004,1;1004,4;1003,8;2573;17,3;7,6;17,8;16,8;8,5;7,1;57;47;52;309;11,3;6,5;
2026/05/08;1600 UTC;0;1003,6;1003,9;1003,2;2188,1;17,7;7,5;18,1;17;8,3;6,8;53;45;49;299;9,2;6,6;
2026/05/08;1700 UTC;0;1002,8;1003,2;1002,3;1964;18,1;7,7;18,7;17,5;8,6;7,2;52;44;48;301;10,5;6,6;
2026/05/08;1800 UTC;0;1002,3;1002,5;1002,1;2133,1;18,9;7,8;19,2;18,6;8,6;7;48;41;45;308;11,4;6,3;
2026/05/08;1900 UTC;0;1002,5;1002,6;1002,3;1549,7;18,7;7,2;19;18,5;8,1;6,6;46;40;42;291;8,4;5,4;
2026/05/08;2000 UTC;0;1002,6;1002,9;1002,4;835,4;18,2;7,3;18,5;18;8,2;6,6;51;41;46;308;5,9;3,6;
2026/05/08;2100 UTC;0;1002,9;1003;1002,8;169,6;16,8;7,4;18;15,5;8,1;6,7;60;47;53;320;4,4;2,8;
2026/05/08;2200 UTC;0;1003,6;1004,1;1003;0;14,5;7,5;15,5;13,6;8,5;6,8;73;57;65;335;3,1;2;
2026/05/08;2300 UTC;0;1004,6;1005;1004,1;0;13,8;7,6;14,2;13,2;8,6;6,7;77;63;69;284;2,6;1,9;
2026/05/09;0000 UTC;0;1005,8;1005,8;1005,8;0;12,2;8,9;12,2;12,1;9,1;8,5;85;81;83;338;2,6;1,3;
2026/05/09;0100 UTC;0;1006;1006,4;1005,7;0;11,5;8,7;12,1;10,8;9,4;8,2;93;83;86;235;,8;,3;
2026/05/09;0200 UTC;0;1006,6;1007,1;1006,4;0;11;7,2;11,5;10,5;9,6;5,3;94;70;81;313;2,9;2;
2026/05/09;0300 UTC;0;1007;1007,3;1006,8;0;11,2;4,9;11,5;10,7;5,9;4,3;76;65;68;109;1,5;,7;
2026/05/09;0400 UTC;0;1007;1007,8;1006,7;0;10;6,1;10,7;9,7;6,7;5,3;84;77;81;229;2,8;1,5;
2026/05/09;0500 UTC;0;1007,9;1008,3;1007,2;0;9,4;6,6;9,9;9,2;7,5;5,6;91;79;86;293;2,6;2,3;
2026/05/09;0600 UTC;0;1008,9;1009,2;1008,7;0;9;7;9,1;9;7,3;6,7;91;88;90;302;2,6;1,8;
2026/05/09;0700 UTC;0;;1008,9;1008,8;0;9,1;7,1;9,2;8,8;7,4;6,8;92;90;;288;2;1,2;
2026/05/09;0800 UTC;0;1009;1009,3;1008,2;0;8,4;6,9;8,7;8;7,6;5,7;95;89;93;317;2,3;1,7;
2026/05/09;0900 UTC;;;;;;;;;;;;;;;;;;
2026/05/09;1000 UTC;;;;;;;;;;;;;;;;;;
2026/05/09;1100 UTC;;;;;;;;;;;;;;;;;;
2026/05/09;1200 UTC;;;;;;;;;;;;;;;;;;
2026/05/09;1300 UTC;;;;;;;;;;;;;;;;;;
2026/05/09;1400 UTC;;;;;;;;;;;;;;;;;;
2026/05/09;1500 UTC;0;1011,7;1011,9;1011,5;1674,9;16,2;4,9;16,9;15,3;5,6;4,1;47;39;43;307;7;3,8;
2026/05/09;1600 UTC;0;1011,7;1011,8;1011,6;1545,8;17,1;5,4;17,4;16,8;6,1;4,6;44;39;41;292;7,9;5,1;
2026/05/09;1700 UTC;0;1011,3;1011,6;1011,1;1473,4;17,1;5,1;17,5;16,9;6;4,4;43;37;40;286;6,8;4,5;
2026/05/09;1800 UTC;0;1011;1011,2;1010,7;1788,4;17,6;5,5;17,9;17,3;6;4,9;43;37;39;267;8,2;4,9;
2026/05/09;1900 UTC;0;1011,1;1011,4;1010,6;1242,8;17;5,2;17,4;16,8;5,8;4,7;44;39;41;271;6,2;3,5;
2026/05/09;2000 UTC;0;1011,4;1011,7;1011,1;828,1;16,6;5,4;17,3;16,1;5,9;4,7;49;40;44;265;6,4;2,2;
2026/05/09;2100 UTC;0;1012,1;1012,7;1011,5;166;15,1;5,8;16,1;14;6,2;5,4;61;47;53;249;3,9;1,6;
2026/05/09;2200 UTC;0;1013,3;1013,8;1012,5;0;13,5;5,7;14,2;12,8;6,2;5,2;64;57;61;248;7,3;2,8;
2026/05/09;2300 UTC;0;1014,4;1014,9;1013,9;0;12,6;5,2;12,8;12,4;6;4,9;68;60;63;245;4;1,7;
2026/05/10;0000 UTC;0;1015,3;1015,6;1014,9;0;12,3;5,3;12,4;12,2;6,2;4,7;69;62;65;281;4,8;2;
2026/05/10;0100 UTC;0;1015,8;1016;1015,5;0;12,2;5,2;12,3;12,1;5,9;4,6;68;62;65;285;5,2;2,6;
2026/05/10;0200 UTC;0;1016,2;1016,4;1016;0;12;5,3;12,2;11,8;5,7;4,7;70;63;66;288;3,1;1,7;
2026/05/10;0300 UTC;0;1016,6;1017;1016,3;0;11,8;5,4;11,9;11,6;6,3;4,9;73;65;68;280;4,6;2,1;
2026/05/10;0400 UTC;0;1016,7;1016,9;1016,4;0;11,5;5,8;11,7;11,3;6,2;5,3;74;68;71;288;4,7;2,8;
2026/05/10;0500 UTC;0;1016,7;1016,8;1016,5;0;11,2;6;11,3;11;6,6;5,8;77;73;74;304;6,4;3,9;
2026/05/10;0600 UTC;0;1016,8;1016,9;1016,6;0;10,8;5,9;11;10,6;6,3;5,6;78;74;76;270;3,5;1,5;
2026/05/10;0700 UTC;0;1016,5;1016,7;1016;0;10,7;6;10,8;10,7;6,4;5,6;78;74;76;299;3,7;2,4;
2026/05/10;0800 UTC;0;1015,7;1016;1015,6;0;10,6;5,8;10,7;10,5;6,2;5,3;78;73;76;294;3,4;2,2;
2026/05/10;0900 UTC;0;1015,9;1016,2;1015,7;0;10,7;5,7;10,7;10,6;6,3;5,2;78;73;75;260;3,2;1,6;
2026/05/10;1000 UTC;0;1016,7;1017;1016,3;0;10,3;6,1;10,7;9,9;6,8;5,6;85;75;79;223;3,5;1,2;
2026/05/10;1100 UTC;0;;1017;1017;0;10,1;5,9;10,3;10;6,6;5,4;83;77;79;268;1,5;,8;
2026/05/10;1200 UTC;0;1017,2;1017,4;1016,4;308,2;10,5;5,8;10,9;10,3;6,4;5,1;80;73;76;269;3,2;1,6;
2026/05/10;1300 UTC;0;1017,6;1017,8;1017,3;983,9;11,3;5,3;11,9;11;6,2;4,9;75;67;70;256;4,3;2,4;
2026/05/10;1400 UTC;0;1017,7;1017,9;1017,5;1815,6;12,3;5;12,7;11,7;5,8;4,5;70;60;63;270;4,7;2,8;
2026/05/10;1500 UTC;0;1017,3;1017,6;1017,2;1612,8;12,9;5,1;14;12;5,7;4,3;65;55;61;275;5,7;2,2;
2026/05/10;1600 UTC;0;1016,8;1017,3;1016,3;1406,3;13,3;4,8;13,7;12,7;5,5;4,1;62;53;58;284;6;3,1;
2026/05/10;1700 UTC;0;1015,9;1016,4;1015,6;1481,5;14;4,7;14,9;13,5;5,3;4;59;49;54;261;6,5;2,7;
2026/05/10;1800 UTC;0;1015,6;1015,8;1015,3;1372,6;14,6;4,8;15,1;14,2;5,4;4,1;54;49;51;263;6;3,4;
2026/05/10;1900 UTC;0;1015,5;1015,6;1015,4;1159,2;14,7;4,9;15,3;14,1;5,4;4,3;54;48;51;278;6,6;3,3;
2026/05/10;2000 UTC;0;1015,6;1015,8;1015,4;849;14,9;4,9;15,3;14,5;5,3;4,5;52;48;50;286;5,1;3,2;
2026/05/10;2100 UTC;0;1015,6;1015,9;1015,3;164,4;13,6;4,9;14,5;12,2;5,2;4,7;65;52;57;284;3,5;2,2;
2026/05/10;2200 UTC;0;1016;1016,4;1015,9;0;11;5,7;12,1;10,2;6,5;5;81;65;74;266;1,4;,6;
2026/05/10;2300 UTC;0;1016,4;1016,8;1016,2;0;9,2;7;10,4;8,7;7,6;5,4;92;75;89;266;2;,9;
2026/05/11;0000 UTC;0;1017;1017,2;1016,8;0;8,6;6,9;9,2;8,2;7,3;6,1;95;85;91;270;1,6;,9;
2026/05/11;0100 UTC;0;1017,2;1017,3;1017;0;8,1;6,7;8,4;7,9;6,9;6,3;95;90;93;300;3,1;2,1;
2026/05/11;0200 UTC;0;1017,5;1017,6;1017,2;0;7,9;6,3;8,2;7,6;6,5;6,1;94;90;92;321;3,5;2,2;
2026/05/11;0300 UTC;0;1017,2;1017,5;1017,1;0;7,6;5,9;7,9;7,3;6,1;5,7;94;89;91;300;4,3;2,8;
2026/05/11;0400 UTC;0;1017,1;1017,2;1016,9;0;7,3;5,5;7,5;7;5,8;5,4;93;90;91;302;4,3;2,9;
2026/05/11;0500 UTC;0;1016,9;1017;1016,8;0;6,9;5,3;7;6,8;5,6;5;93;90;92;300;3,4;2,1;
2026/05/11;0600 UTC;0;1016,7;1016,9;1016,6;0;6,5;5;6,8;6,2;5,1;4,9;94;90;92;289;3,5;2,5;
2026/05/11;0700 UTC;0;1016,3;1016,6;1016;0;6,1;4,9;6,3;5,8;5,1;4,7;95;92;94;301;3,2;2;
2026/05/11;0800 UTC;0;1015,9;1016,1;1015,8;0;5,6;4,6;5,8;5,5;4,9;4,4;96;94;95;304;4,3;3;
2026/05/11;0900 UTC;0;1016;1016,2;1015,8;0;5,4;4,5;5,6;5,2;4,6;4,3;96;95;96;301;4,8;3;
2026/05/11;1000 UTC;0;1016,3;1016,4;1016,1;0;5,1;4,1;5,4;5;4,2;4;96;94;95;303;4,6;3,1;
2026/05/11;1100 UTC;0;1016,5;1016,7;1016,3;64,8;5,1;3,9;5,5;5,1;4,1;3,8;95;93;94;301;4,6;3,4;
2026/05/11;1200 UTC;0;1017;1017,1;1016,7;939,3;7,3;4,6;9,1;5,6;5,6;4;93;80;86;296;3,6;2,6;
2026/05/11;1300 UTC;0;1017,3;1017,4;1017,1;1579,4;11,1;5,1;12,5;9,1;5,9;4,2;82;61;70;313;5;3,1;
2026/05/11;1400 UTC;0;1017,1;1017,3;1016,9;2098,2;13,6;4,9;14,5;12,5;5,5;4,3;61;49;57;304;4,7;2,8;
2026/05/11;1500 UTC;0;1016,8;1017;1016,5;2477,2;15,4;5,3;16;14,7;6,2;4,7;56;46;50;224;4,2;2,1;
2026/05/11;1600 UTC;0;1016,3;1016,6;1016,1;2584,8;16,7;5,3;17,1;15,9;6,6;4,2;51;37;43;274;5,1;2,4;
2026/05/11;1700 UTC;0;1015,6;1016,1;1015,3;2464,1;17,6;5,5;18;16,8;6,4;4,8;45;36;40;283;5,1;2,6;
2026/05/11;1800 UTC;0;1015,1;1015,2;1014,9;2103,5;18,2;5,8;18,6;17,8;6,3;5;41;35;38;277;5,4;2;
2026/05/11;1900 UTC;0;1014,9;1015;1014,8;1536,9;18,4;6;18,8;18,2;6,8;5,4;41;36;38;274;4,6;2,7;
2026/05/11;2000 UTC;0;1014,9;1015,1;1014,8;823;18,2;5,8;18,4;18;6,4;5,5;42;36;38;266;2,9;1,4;
2026/05/11;2100 UTC;0;1015,2;1015,3;1015,1;153,5;15,8;7,4;18;12,8;8,9;6;78;41;58;168;1,1;,4;
2026/05/11;2200 UTC;0;1015,2;1015,4;1015,1;0;11,5;7,6;12,7;11;8,8;6,5;85;78;81;338;3;2;
2026/05/11;2300 UTC;0;1015,4;1015,6;1015,4;0;10,4;7;11,1;9,4;7,6;6,4;90;77;83;309;2,8;1,8;
2026/05/12;0000 UTC;0;1015,8;1015,9;1015,6;0;9,4;6,9;9,6;9,3;7,3;6,6;90;85;87;317;3,1;2,3;
2026/05/12;0100 UTC;0;1016;1016;1015,9;0;9,1;6,6;9,1;9;6,7;6,5;88;87;87;311;3,9;2,5;
2026/05/12;0200 UTC;0;1015,9;1016;1015,7;0;8,4;6,7;9;8;6,8;6,5;93;88;91;312;3,2;1,8;
2026/05/12;0300 UTC;0;1015,7;1015,8;1015,6;0;8;6,4;8,3;7,6;6,5;6,3;94;91;92;300;3,2;2,2;
2026/05/12;0400 UTC;0;1015,4;1015,6;1015,2;0;7,8;6,1;7,9;7,5;6,5;6;94;91;92;304;3,7;2,5;
2026/05/12;0500 UTC;0;1015,2;1015,3;1015,1;0;7,4;5,8;7,6;7,1;6,1;5,7;94;91;92;288;3;2;
2026/05/12;0600 UTC;0;1014,9;1015,1;1014,4;0;6,8;5,6;7,2;6,6;5,9;5,4;96;91;94;292;3,3;2,7;
2026/05/12;0700 UTC;0;1014,4;1014,5;1014,2;0;6,5;5,6;6,7;6,3;5,7;5,2;97;93;95;294;3,4;2,4;
2026/05/12;0800 UTC;0;1014,1;1014,3;1013,9;0;6,2;5,2;6,4;6,1;5,4;4,8;96;93;95;282;3,4;2,3;
2026/05/12;0900 UTC;;;;;;;;;;;;;;;;;;
2026/05/12;1000 UTC;0;1014,2;1014,5;1014;0;5;4,5;5,7;4,7;4,9;4;100;95;97;322;2,5;1,5;
2026/05/12;1100 UTC;0;1014,4;1014,5;1014,3;58,4;5,5;4,3;6,2;5,1;4,5;4,1;97;90;94;299;5,5;3,6;
2026/05/12;1200 UTC;0;1014,7;1014,9;1014,5;917,2;8;4,5;9,6;6,3;5,3;4,1;90;77;82;302;4,5;2,4;
2026/05/12;1300 UTC;0;1014,6;1014,8;1014,4;1543,6;11,6;5,9;13,6;9,6;6,5;5;79;62;71;303;5,4;3,5;
2026/05/12;1400 UTC;0;1014,3;1014,5;1013,9;2124;15,5;6,6;17;13,6;7,1;6,1;64;48;56;291;5,3;3,6;
2026/05/12;1500 UTC;0;1013,5;1013,9;1013,1;2501,5;18,1;7,2;19,3;17,1;8,1;6,4;51;43;46;301;6;2,9;
2026/05/12;1600 UTC;0;1012,7;1013,2;1012,3;2589,6;19,8;8,2;20,6;19,1;8,9;7,6;47;40;42;251;4,5;2,4;
2026/05/12;1700 UTC;0;;;;2449;21,3;8,9;22,2;20,4;9,7;8,2;42;34;38;305;5,1;2,1;
2026/05/12;1800 UTC;0;;;;2090,8;22;9,1;23,1;20,4;9,8;8,2;42;31;36;302;5;2,6;
2026/05/12;1900 UTC;0;;;;1507,5;22,1;9,7;23,3;20,4;11,5;8,2;47;31;38;132;3,4;1,6;
2026/05/12;2000 UTC;0;;;;792,9;21,9;10;23,3;20,4;11,6;8,2;50;31;40;136;2,2;,8;
2026/05/12;2100 UTC;0;;;;143,3;21,1;10,2;23,3;15;12,4;8,2;79;31;45;209;2,1;1,3;
2026/05/12;2200 UTC;0;;;;0;20;10,2;23,3;12,9;12,4;8,2;86;31;51;286;1,7;,9;
2026/05/12;2300 UTC;0;;;;0;18,8;10,1;23,3;11,5;12,4;8,2;89;31;56;330;2,4;1,6;
2026/05/13;0000 UTC;0;;;;0;17,9;9,9;23,3;10,5;12,4;8,2;91;31;60;338;2,2;1,3;
2026/05/13;0100 UTC;0;1010,8;1011,1;1010,4;0;10,6;8,1;10,9;10,1;8,4;7,7;91;85;88;311;4,2;2,4;
2026/05/13;0200 UTC;0;1011,2;1011,4;1011,1;0;10,2;7,6;10,8;9;7,8;7,2;93;83;87;307;1,9;1;
2026/05/13;0300 UTC;0;1011,3;1011,4;1011,2;0;9,5;7,3;9,8;9;7,7;6,9;93;86;89;298;4;2,6;
2026/05/13;0400 UTC;0;1011,3;1011,5;1011,2;0;9,5;6,8;9,7;9,2;7;6,7;88;86;87;306;4,7;2,7;
2026/05/13;0500 UTC;0;1011,6;1012;1011,1;0;9,2;6,5;9,6;8,8;6,8;6,3;89;84;87;314;4,9;3;
2026/05/13;0600 UTC;0;1011,7;1012;1011,5;0;8,1;6,6;9,1;7,5;6,9;6,4;97;86;92;301;2,3;1,3;
2026/05/13;0700 UTC;0;1011,4;1011,5;1011,3;0;7,8;6,4;8,5;7,3;6,6;6,2;96;89;93;131;2,9;2;
2026/05/13;0800 UTC;0;1011,2;1011,4;1011,1;0;7,7;6,3;8,4;7,1;6,6;6;96;89;93;304;3,5;2;
2026/05/13;0900 UTC;0;1011,5;1011,8;1011,1;0;7,4;6,1;7,7;7,1;6,4;5,8;96;90;93;306;4,8;3,1;
2026/05/13;1000 UTC;0;1012,1;1012,3;1011,8;0;7,7;5,7;7,8;7,6;5,8;5,5;91;89;90;317;4,4;3;
2026/05/13;1100 UTC;0;1012,6;1012,7;1012,6;180,8;7,7;5,4;7,9;7,7;5,4;5,3;89;87;88;309;4,6;3;
2026/05/13;1200 UTC;0;1012,7;1012,9;1012,6;804,3;9,3;6;10,9;8;6,7;5,3;87;78;83;303;4,1;2,5;
2026/05/13;1300 UTC;0;1012,9;1013;1012,7;1473,3;12,6;7,2;14,4;10,9;8,6;6,1;79;67;73;300;2,6;1,8;
2026/05/13;1400 UTC;0;1012,6;1012,8;1012,4;2031,1;16,2;8,9;18,1;14,3;10,4;7,8;69;57;64;136;1,7;,8;
2026/05/13;1500 UTC;0;1012,2;1012,5;1011,8;2402,3;19,2;9,6;20;18,1;10,8;8,8;62;46;52;166;2,4;1;
2026/05/13;1600 UTC;0;1011,5;1011,7;1011,2;2494,6;20,1;9,6;20,7;19,9;10,6;9;52;42;47;168;2,8;1,6;
2026/05/13;1700 UTC;0;1010,9;1011,2;1010,5;2365,7;21,1;9,5;21,8;20,5;10,2;9,1;;;;294;3,2;1,3;
2026/05/13;1800 UTC;0;1010,2;1010,5;1010;2004,5;22;9,7;22,7;21,4;10,4;9,3;43;35;39;181;2,4;,8;
2026/05/13;1900 UTC;0;1009,8;1010;1009,7;1441,5;22,3;10,3;22,9;21,8;11,6;9,4;48;35;40;136;3,1;1,7;
2026/05/13;2000 UTC;0;1009,9;1010;1009,8;751,9;21,2;11,4;21,8;20,3;12;10,9;57;47;51;128;2,5;1,4;
2026/05/13;2100 UTC;0;1009,9;1010;1009,9;129,1;18,1;11,9;20,3;15,3;12,4;11,3;85;56;69;49;1,2;,9;
2026/05/13;2200 UTC;0;1009,9;1010;1009,9;0;14;11,4;15,3;13,2;12,5;10,6;91;83;87;309;2,9;1,4;
2026/05/13;2300 UTC;0;1010,4;1010,7;1010;0;12,7;10,8;14,1;11,7;11;10,6;94;83;90;308;1,6;1,2;
2026/05/14;0000 UTC;0;1010,7;1010,8;1010,6;0;11,9;10,3;12,8;11,3;10,5;10,2;95;88;92;317;1,8;1,1;
2026/05/14;0100 UTC;0;1010,7;1010,7;1010,6;0;11,2;10,1;11,5;10,6;10,3;9,9;97;92;95;297;3,7;2,4;
2026/05/14;0200 UTC;0;1010,6;1010,7;1010,3;0;10,7;9,9;11,3;10;10,1;9,3;98;94;96;308;2;1,2;
2026/05/14;0300 UTC;0;1010,3;1010,4;1010,1;0;10,1;9,5;10,4;9,9;9,7;9,4;98;95;97;334;3,2;1,8;
2026/05/14;0400 UTC;0;1009,8;1010,1;1009,7;0;9,7;9,1;10,4;9,2;9,4;8,8;99;95;97;311;2,1;1,3;
2026/05/14;0500 UTC;0;1010;1010,2;1009,7;0;9,3;8,8;9,5;9;9,1;8,5;99;96;97;295;2;1,4;
2026/05/14;0600 UTC;0;1010;1010,2;1009,9;0;8,3;8,1;9;7,9;8,5;7,7;100;98;99;319;1,9;1,3;
2026/05/14;0700 UTC;0;1010,2;1010,4;1010;0;8,1;7,9;8,3;7,7;8,3;7,5;100;98;99;328;1,5;,8;
2026/05/14;0800 UTC;0;1010,5;1010,6;1010,3;0;7,4;7,4;7,7;7;7,6;7;100;99;100;50;,6;,4;
2026/05/14;0900 UTC;0;1010,7;1011,1;1010,4;0;7,1;7,1;7,5;6,9;7,6;6,9;100;100;100;170;1,4;,7;
2026/05/14;1000 UTC;0;1011,5;1011,8;1011,1;0;6,9;6,9;7,2;6,6;7,2;6,6;100;100;100;135;1,2;,7;
2026/05/14;1100 UTC;0;1012,1;1012,5;1011,7;51,2;6,7;6,8;7,2;6,6;7,2;6,6;100;100;100;301;1,5;1,2;
2026/05/14;1200 UTC;0;1012,5;1012,6;1012,4;496,2;9,2;7,9;10,9;7,3;8,8;7,2;99;88;94;175;1;,4;
2026/05/14;1300 UTC;0;1012,7;1013,2;1012,5;;12,2;9,3;13,4;10,9;10,3;8,5;90;80;85;;;;
2026/05/14;1400 UTC;0;1012,9;1013,2;1012,7;;14,4;9,7;16,3;13,2;10,5;9,2;82;69;76;;;;
2026/05/14;1500 UTC;0;1012,5;1012,9;1012,2;;16,9;10,8;17,7;16;11,5;9,9;74;64;69;;;;
2026/05/14;1600 UTC;0;1011,7;1012,2;1011,4;;18,3;11,7;19;17,6;12,7;10,7;71;62;67;;;;
2026/05/14;1700 UTC;0;1011,2;1011,5;1010,9;;19,4;12;20;18,8;12,5;11,4;67;59;63;;;;
2026/05/14;1800 UTC;0;1010,9;1011;1010,7;;20,4;11,9;20,9;19,8;12,8;11,4;63;54;58;;;;
2026/05/14;1900 UTC;0;1010,8;1010,9;1010,6;;20,9;11,7;21,1;20,7;12,5;11,2;58;51;54;;;;
2026/05/14;2000 UTC;0;1010,8;1011;1010,6;;20,6;11,5;20,9;19,9;12;11;58;50;54;;;;
2026/05/14;2100 UTC;0;1011,4;1011,5;1011,1;;18;12,2;19,8;15,1;12,8;11,4;88;58;71;;;;
2026/05/14;2200 UTC;0;1011,7;1011,9;1011,5;;14,1;12,4;15;13,4;12,8;12;94;88;92;;;;
2026/05/14;2300 UTC;0;1012,1;1012,3;1011,8;;12,8;11,5;13,4;12,4;12;11,3;95;92;93;;;;
2026/05/15;0000 UTC;0;;;;;;;;;;;;;;;;;
2026/05/15;0100 UTC;0;1012,9;1013;1012,6;0;11,8;11,1;11,9;11,7;11,4;11;98;96;97;226;,9;,4;
2026/05/15;0200 UTC;0;1012,8;1012,9;1012,7;0;11,4;11;12;11,2;11,4;10,5;99;95;98;58;1,4;,8;
2026/05/15;0300 UTC;0;1013;1013,2;1012,8;0;11,3;11;12;10,9;11,4;10,6;100;97;99;134;2;1,3;
2026/05/15;0400 UTC;0;1013,4;1013,5;1013,2;0;12,5;11,7;12,8;11,9;11,9;11,2;98;94;96;135;1,6;,9;
2026/05/15;0500 UTC;0;1013,6;1013,6;1013,5;0;12,8;11,6;12,9;12,7;12;10,9;96;91;94;161;3,3;1,7;
2026/05/15;0600 UTC;0;1013,4;1013,6;1013,3;0;12,6;10,1;12,8;12,3;10,9;9,7;91;86;88;150;3,5;1,8;
2026/05/15;0700 UTC;0;1013,1;1013,2;1012,9;0;11,8;9,7;12,3;11;10,2;9,3;92;88;90;169;3,5;1,7;
2026/05/15;0800 UTC;0;1012,8;1012,9;1012,8;0;10,4;9;11;9,9;9,2;8,9;96;91;93;162;1,9;1;
2026/05/15;0900 UTC;0;1012,9;1013,1;1012,7;0;9,2;8,8;9,9;8,9;9;8,6;99;96;98;58;1,3;,9;
2026/05/15;1000 UTC;0;1013,1;1013,5;1013;0;8,7;8,6;8,9;8,5;8,8;8,4;100;99;99;33;1,2;,9;
2026/05/15;1100 UTC;0;1013,8;1013,8;1013,8;235,6;10,1;10;10,2;10,1;10;9,9;99;99;99;152;1,2;,7;
2026/05/15;1200 UTC;0;1013,9;1014;1013,8;334,3;10,9;9,7;11,4;10,2;10,1;9,3;99;90;94;127;2,6;1,1;
2026/05/15;1300 UTC;0;1014,1;1014,2;1013,9;610;11,6;10;12,4;11;10,5;9,5;94;89;92;116;3,3;1,4;
2026/05/15;1400 UTC;0;1014;1014,2;1013,7;1123,1;13,3;10,3;14,1;12,4;10,9;9,8;91;81;85;136;1,7;,8;
2026/05/15;1500 UTC;0;1013,2;1013,7;1012,7;1690,8;15,4;10,6;16,8;13,9;11,5;10;84;68;76;157;3,6;1;
2026/05/15;1600 UTC;0;1012,3;1012,7;1012;2273;17,2;10,7;18,1;15,9;11,5;10,1;72;64;67;170;4,8;2,1;
2026/05/15;1700 UTC;0;1011,3;1012;1010,8;2235;18,4;11,3;19,1;17,6;12,2;10,7;68;60;64;177;4,1;1,6;
2026/05/15;1800 UTC;0;1010,4;1010,8;1010,3;1963,8;19,2;11,6;19,5;18,9;12,2;11;66;59;62;146;4,3;2,2;
2026/05/15;1900 UTC;0;1010,1;1010,1;1010;1298,8;18,8;11,8;19,1;18,5;12,2;11,4;67;63;65;156;4,6;2,1;
2026/05/15;2000 UTC;0;1010;1010;1009,9;717;18,2;11,6;18,6;17,7;11,9;11,2;71;64;67;153;2,9;1,5;
2026/05/15;2100 UTC;0;1009,9;1010;1009,8;120,4;16,4;11,6;17,7;14,9;11,9;11,5;84;69;76;150;1,8;1,1;
2026/05/15;2200 UTC;0;1009,8;1010;1009,6;0;13,5;11,8;14,8;12,6;12,2;11,5;96;84;91;261;1;,4;
2026/05/15;2300 UTC;0;1009,7;1009,8;1009,6;0;12,1;11,3;12,8;11,4;11,8;11;98;94;96;50;1,7;0;
2026/05/16;0000 UTC;0;1009,9;1010;1009,7;0;11,3;10,9;11,5;11,2;11,3;10,6;99;96;98;283;1,7;1,1;
2026/05/16;0100 UTC;0;1010,2;1010,5;1010;0;11;10,4;11,5;10,5;10,8;10;99;96;97;327;1,6;1;
2026/05/16;0200 UTC;0;1010,2;1010,3;1010,1;0;10,2;10;10,8;9,6;10,7;9,2;100;97;99;125;1,4;,7;
2026/05/16;0300 UTC;0;1010,7;1010,9;1010,2;0;9,6;9,5;9,9;9,2;9,9;9;100;98;99;179;1,1;,5;
2026/05/16;0400 UTC;0;1010,3;1010,6;1010,1;0;9,2;9,2;9,3;9,1;9,3;9,1;100;99;100;278;,6;,3;
2026/05/16;0500 UTC;0;1009,9;1010,1;1009,7;0;8,9;8,9;9,1;8,7;9,2;8,7;100;100;100;300;1,3;1,1;
2026/05/16;0600 UTC;0;1009,5;1009,7;1009,3;0;8,8;8,8;9;8,6;9;8,6;100;100;100;257;2,1;1,1;
2026/05/16;0700 UTC;0;1009,1;1009,4;1008,8;0;8,5;8,5;8,9;8,1;9;8,1;100;100;100;102;1,8;1;
2026/05/16;0800 UTC;0;1009;1009,2;1008,8;0;8,4;8,4;8,5;8,2;8,5;8,3;100;100;100;318;1,3;,8;
2026/05/16;0900 UTC;0;1008,8;1009;1008,5;0;8,1;8,1;8,4;7,8;8,4;7,8;100;100;100;291;1,3;,7;
2026/05/16;1000 UTC;0;1009,2;1009,4;1008,9;0;8,2;8,2;8,4;8,1;8,4;8,1;100;100;100;290;1,6;,8;
2026/05/16;1100 UTC;0;1009,6;1010;1009,4;47,7;8,6;8,6;8,8;8,4;8,9;8,5;100;100;100;296;2,6;1,7;
2026/05/16;1200 UTC;0;1010,2;1010,5;1010;293,9;9,3;9,3;9,8;8,8;9,8;8,8;100;100;100;281;1,1;,6;
2026/05/16;1300 UTC;0;1010,4;1010,5;1010,3;674,6;10,8;10,4;12;9,8;11,2;9,8;100;94;98;169;1,6;,4;
2026/05/16;1400 UTC;0;1010,3;1010,5;1010,2;1058,8;13;11,3;14,1;12;12,2;10,7;95;87;91;171;1;0;
2026/05/16;1500 UTC;0;1009,9;1010,1;1009,5;1019,3;14,9;12;15,3;14,2;12,7;11,5;88;84;86;;;;
2026/05/16;1600 UTC;0;1009,2;1009,5;1008,7;1622,6;16;12,7;16,7;15,2;13,3;12,2;87;80;84;;;;
2026/05/16;1700 UTC;0;1008,3;1008,7;1007,9;2028;17,6;13,4;18,4;16,3;14;12,6;84;76;79;;;;
2026/05/16;1800 UTC;0;1007,6;1007,9;1007,5;1383,8;18,4;14,1;18,9;18,1;14,7;13,7;81;75;78;;;;
2026/05/16;1900 UTC;0;1007,5;1007,6;1007,3;1132,3;18,9;14,3;19,3;18,6;14,6;14;80;75;77;;;;
2026/05/16;2000 UTC;0;1007,4;1007,5;1007,3;620,1;19;14,5;19,3;18,2;14,7;14,2;83;75;77;;;;
2026/05/16;2100 UTC;0;1007,5;1007,6;1007,4;132,9;18,2;14,8;18,7;17,1;15;14,5;89;79;83;;;;
2026/05/16;2200 UTC;0;1007,6;1007,9;1007,4;0;15,6;14,5;17;14,7;14,8;14,1;97;89;95;;;;
2026/05/16;2300 UTC;0;1008,3;1008,6;1007,9;0;14,9;14,5;15,4;14,6;14,8;14,1;99;97;98;;;;
2026/05/17;0000 UTC;0;1008,9;1009;1008,7;0;15,2;14,5;15,5;15;14,8;14,3;97;95;96;;;;
2026/05/17;0100 UTC;0;1009,2;1009,6;1008,8;0;14,4;14,1;14,9;14;14,4;13,7;100;97;99;131;2,2;,9;
2026/05/17;0200 UTC;0;1009,6;1009,8;1009,4;0;14,5;14,2;14,6;14,4;14,4;14,1;100;98;98;162;,7;,4;
2026/05/17;0300 UTC;0;1009,7;1009,9;1009,5;0;14,8;14,1;15,1;14,6;14,3;14;99;95;97;153;1,6;1;
2026/05/17;0400 UTC;0;1009,8;1010;1009,6;0;15,2;14,2;15,3;15,1;14,4;14;96;94;95;128;1,6;1;
2026/05/17;0500 UTC;0;1009,7;1009,9;1009,5;0;15,2;14,2;15,2;15,2;14,4;14,1;96;95;95;151;1,4;,8;
2026/05/17;0600 UTC;0;1009,2;1009,5;1008,9;0;15,1;14,2;15,2;15,1;14,3;14,1;96;95;96;176;1,2;,6;
2026/05/17;0700 UTC;0;1008,7;1008,9;1008,4;0;15,1;14,3;15,2;15;14,5;14,1;97;95;96;102;1,5;1;
2026/05/17;0800 UTC;0;1008,6;1008,7;1008,3;0;15,1;14,4;15,1;15;14,6;14,2;97;96;97;117;1,4;,7;
2026/05/17;0900 UTC;0;1008,4;1008,6;1008,3;0;15,3;14,6;15,3;15,1;14,7;14,5;98;96;97;154;1,8;,9;
2026/05/17;1000 UTC;0;1008,5;1008,8;1008,1;0;15,2;14,6;15,3;15,2;14,7;14,5;97;96;97;169;2,5;,8;
2026/05/17;1100 UTC;0;1008,8;1009,2;1008,7;10,1;15,2;14,4;15,2;15,1;14,6;14,2;97;95;96;176;3,1;1,2;
2026/05/17;1200 UTC;0;1009,5;1009,7;1009,1;79,6;15,2;14,2;15,2;15,1;14,3;14,1;96;94;95;163;2,9;1,4;
2026/05/17;1300 UTC;0;1009,7;1010,1;1009,6;129,2;15,4;14,2;15,5;15,2;14,4;14,1;95;93;94;141;3,7;1,8;
2026/05/17;1400 UTC;0;1010,5;1010,6;1010,1;231,9;15,7;14,2;15,9;15,5;14,5;14;94;91;93;142;2,2;1,3;
2026/05/17;1500 UTC;0;1010;1010,5;1009,7;274,1;15,8;14,4;16;15,7;14,5;14,2;94;92;93;151;3,5;1,9;
2026/05/17;1600 UTC;0;1009,9;1010;1009,8;261,3;16,1;14,5;16,3;16;14,7;14,3;93;91;92;148;2,7;1,5;
2026/05/17;1700 UTC;0;1009,8;1009,9;1009,7;233,5;16,1;14,9;16,4;15,8;15,3;14,5;97;91;94;145;2,1;1,1;
2026/05/17;1800 UTC;0;1009,8;1009,9;1009,7;108,6;15,9;15,2;16;15,7;15,4;15;97;95;96;180;3,2;1,3;
2026/05/17;1900 UTC;0;1010;1010;1009,9;85,8;15,6;15,1;15,7;15,5;15,2;14,9;99;97;98;167;4;1,8;
2026/05/17;2000 UTC;,6;1010,4;1010,6;1010,1;49;15,2;14,7;15,5;14,8;15,2;14,5;99;96;98;164;3,3;1,5;
2026/05/17;2100 UTC;0;1010,9;1011,2;1010,6;7,8;14,7;14,3;14,8;14,5;14,6;13,9;99;97;98;159;4,5;1,8;
2026/05/17;2200 UTC;0;1011,6;1012;1011,2;0;14,3;13,9;14,5;14,3;14;13,7;98;97;98;141;2,5;1,2;
2026/05/17;2300 UTC;0;1012,3;1012,5;1012;0;14,2;14;14,3;14,2;14,1;13,8;99;98;99;140;2,1;1,2;
2026/05/18;0000 UTC;,8;1013;1013,5;1012,5;0;14,1;13,8;14,3;13,8;14,1;13,4;99;97;99;177;4,8;1,4;
2026/05/18;0100 UTC;2;1013,9;1014,1;1013,5;0;13,5;13,2;13,8;13,4;13,4;13,1;99;98;99;154;3,2;1,3;
2026/05/18;0200 UTC;1,4;1014,3;1014,6;1014,1;0;13,4;13,3;13,5;13,3;13,4;13,2;100;99;100;157;3,4;1,2;
2026/05/18;0300 UTC;,2;1014,8;1015,1;1014,6;0;13,5;13,3;13,5;13,4;13,5;13,1;100;98;99;171;2,7;1,2;
2026/05/18;0400 UTC;,6;1015;1015;1015;0;13,5;13,3;13,5;13,5;13,3;13,3;99;99;99;170;5,1;2,2;
2026/05/18;0500 UTC;,4;;;;0;;;;;;;;;;134;2,8;1,6;
2026/05/18;0600 UTC;0;;;;0;;;;;;;;;;143;2,2;1,2;
2026/05/18;0700 UTC;0;;;;0;;;;;;;;;;149;1,8;,8;
2026/05/18;0800 UTC;0;;;;0;;;;;;;;;;136;1,9;,8;
2026/05/18;0900 UTC;0;1016,6;1016,6;1016,5;0;11,6;9,9;11,7;11,5;10,6;9,3;95;89;92;149;2;1,1;
2026/05/18;1000 UTC;0;1016,9;1017,3;1016,5;0;10,7;8,8;11,5;9,8;9,7;7,6;94;86;91;112;2,2;1;
2026/05/18;1100 UTC;0;1017,7;1018,1;1017,2;0;9,5;8;9,8;9,3;8,4;7,8;95;91;93;89;1,3;,8;
2026/05/18;1200 UTC;0;1018,3;1018,6;1018,1;642,7;10,8;8,1;11,9;9,3;8,7;7,6;95;80;87;108;2,2;1,2;
2026/05/18;1300 UTC;0;1018,8;1018,9;1018,6;1341,8;12,3;7,8;12,8;11,9;8,5;6,9;83;72;77;143;3;1,4;
2026/05/18;1400 UTC;0;1019;1019,1;1018,9;1997,6;13,1;7,3;13,7;12,7;8,2;6,4;75;67;71;120;3;1,5;
2026/05/18;1500 UTC;0;1018,8;1019,1;1018,6;2318,3;14,2;7,8;14,9;13,3;9;7;74;63;68;130;3,9;1,8;
2026/05/18;1600 UTC;0;1018,4;1018,6;1018,2;2459,3;15,2;7,8;15,5;14,8;8,5;7;68;58;63;133;3,4;2;
2026/05/18;1700 UTC;0;1017,9;1018,2;1017,6;2324,5;15,8;7,8;16,3;15,2;9,1;6,7;66;54;60;174;4,9;1,7;
2026/05/18;1800 UTC;0;1017,2;1017,6;1017;1988;16,5;7,5;16,9;16,1;8,3;6,7;59;50;55;166;4,7;1,6;
2026/05/18;1900 UTC;0;1016,9;1017;1016,9;1424,3;16,9;7,1;17,2;16,7;7,7;6,2;54;45;51;168;3;1,4;
2026/05/18;2000 UTC;0;1016,9;1017;1016,9;733,8;16,4;6,8;16,9;16,1;7,3;6,3;55;47;52;168;3;1,5;
2026/05/18;2100 UTC;0;1017;1017,1;1017;117,6;14,3;8,4;16;11,7;10;7;89;55;71;202;1,5;,9;
2026/05/18;2200 UTC;0;1017,3;1017,7;1017,1;0;10,9;8,9;11,6;10,6;9,9;7,9;93;86;90;320;3,3;1,7;
2026/05/18;2300 UTC;0;1017,8;1017,9;1017,7;0;10,3;8,1;10,9;9,9;8,5;7,7;92;86;89;318;3,4;2,3;
2026/05/19;0000 UTC;0;1017,9;1018;1017,8;0;9,7;8;10;9,2;8,2;7,9;94;89;92;307;2,7;1,9;
2026/05/19;0100 UTC;0;1017,9;1018;1017,9;0;8,9;8;9,2;8,7;8,2;7,8;97;95;96;316;3;1,8;
2026/05/19;0200 UTC;0;1018;1018,1;1017,9;0;8,4;7,8;8,6;8,1;7,9;7,7;98;96;97;334;1,9;1,1;
2026/05/19;0300 UTC;0;1018,1;1018,2;1018,1;0;8;7,4;8,1;7,7;7,7;7,2;98;96;97;327;2,3;1,1;
2026/05/19;0400 UTC;0;1017,9;1018,1;1017,8;0;7,3;7;7,7;6,9;7,3;6,5;100;97;98;292;1,2;,5;
2026/05/19;0500 UTC;0;1017,7;1017,8;1017,6;0;6,6;6,5;6,9;6,4;6,7;6,3;100;99;100;305;1,8;1,3;
2026/05/19;0600 UTC;0;1017,5;1017,7;1017,4;0;6,4;6,3;6,6;6,1;6,4;6;100;99;99;311;2,3;1,6;
2026/05/19;0700 UTC;0;1017,4;1017,4;1017,2;0;6,2;6;6,3;6;6,3;5,8;100;99;99;294;2;1,2;
2026/05/19;0800 UTC;0;1017,2;1017,3;1017;0;5,6;5,5;6;5,4;5,8;5,2;100;99;100;298;1;,5;
2026/05/19;0900 UTC;0;1017;1017,1;1016,9;0;5,3;5,3;5,4;5,2;5,5;5,1;100;99;100;312;2,2;1,3;
2026/05/19;1000 UTC;0;1017,3;1017,7;1017,1;0;5;4,9;5,3;4,6;5,2;4,5;100;99;99;159;,6;,2;
2026/05/19;1100 UTC;0;1017,9;1018;1017,7;36,1;4,7;4,7;4,9;4,4;4,9;4,5;100;100;100;328;1,1;,7;
2026/05/19;1200 UTC;0;1018,2;1018,3;1018;642,3;6,6;5,4;8;4,9;6,1;4,9;100;87;94;292;1,2;,7;
2026/05/19;1300 UTC;0;1018,6;1018,7;1018,3;1376,3;9,5;6,4;11,1;8,1;7,3;5,6;90;79;85;91;1,5;,5;
2026/05/19;1400 UTC;0;1018,8;1018,9;1018,7;2175,2;12,2;7;12,9;11;8;6,2;81;67;74;149;3,3;1,8;
2026/05/19;1500 UTC;0;1018,5;1018,8;1018,2;0;13,4;7,8;14,4;12,5;8,6;6,8;78;67;72;125;3,9;2;
2026/05/19;1600 UTC;0;1017,8;1018,2;1017,2;2462;15;8,4;16;14,2;9,5;7,7;72;62;67;140;3,8;1,5;
2026/05/19;1700 UTC;0;1016,9;1017,2;1016,5;2330,6;16,2;8,5;16,7;15,7;9,4;7,6;66;57;61;155;4,1;1,9;
2026/05/19;1800 UTC;0;1016,4;1016,6;1016,2;1975,7;16,7;8,2;17,2;16,3;9;7,3;61;52;58;113;3,9;1,6;
2026/05/19;1900 UTC;0;1015,9;1016,2;1015,7;1420;17,4;7;17,8;16,9;9;6;58;43;48;171;4,6;2,1;
2026/05/19;2000 UTC;0;1015,6;1015,7;1015,5;737,8;16,7;6,7;17,3;16;7,3;6,1;54;45;50;165;3,5;1,5;
2026/05/19;2100 UTC;0;1015,8;1015,9;1015,6;117,7;14;7,7;16;11,5;8,9;6,3;85;53;68;90;1,8;,8;
2026/05/19;2200 UTC;0;1016,1;1016,3;1015,9;0;10,6;7,8;11,4;10,1;8,9;6,5;91;78;86;340;4;2,9;
2026/05/19;2300 UTC;0;1016,4;1016,6;1016,2;0;9,7;7;10,8;9;7,3;6,7;90;80;86;330;2,8;2;
2026/05/20;0000 UTC;0;1016,7;1016,8;1016,6;0;8,7;7;9,4;8,2;7,2;6,8;95;87;92;321;3,1;2,1;
2026/05/20;0100 UTC;0;1017;1017,1;1016,8;0;8,1;6,9;8,4;7,8;6,9;6,6;95;93;94;316;3,2;1,9;
2026/05/20;0200 UTC;0;1017,2;1017,4;1017;0;7,5;6,7;7,8;7,1;6,8;6,5;97;95;96;308;3,3;2,1;
2026/05/20;0300 UTC;0;1017,4;1017,5;1017,3;0;7,1;6,3;7,4;6,7;6,5;6,2;97;95;96;320;;1,9;
2026/05/20;0400 UTC;0;1017,3;1017,4;1017,2;0;6,6;6;6,7;6,5;6,2;5,7;98;96;97;302;3,8;2,7;
2026/05/20;0500 UTC;0;1017,1;1017,2;1016,9;0;6,5;5,5;6,7;6,3;5,7;5,3;96;94;95;306;4,9;3,2;
2026/05/20;0600 UTC;0;1016,8;1017;1016,6;0;6,1;5,2;6,3;5,8;5,3;4,9;96;94;95;309;3,8;2,2;
2026/05/20;0700 UTC;0;1016,5;1016,6;1016,3;0;5,7;4,8;5,9;5,6;4,9;4,6;96;95;96;306;3,8;2,5;
2026/05/20;0800 UTC;0;1016,5;1016,5;1016,4;0;5,1;4,6;5,6;4,7;4,8;4,3;99;95;98;320;1,5;,8;
2026/05/20;0900 UTC;0;1016,6;1016,7;1016,4;0;4,5;4,3;4,7;4,2;4,5;4;100;99;99;293;2,1;1;
2026/05/20;1000 UTC;0;1017,1;1017,5;1016,7;0;4,4;4,2;4,7;3,9;4,5;3,8;100;98;99;129;1;,6;
2026/05/20;1100 UTC;0;1017,9;1018,3;1017,5;33,2;4,1;4;4,3;3,9;4,3;3,6;100;99;100;230;,9;,5;
2026/05/20;1200 UTC;0;1018,5;1018,6;1018,3;620,3;6,4;5;8,4;4,2;6,1;4,2;100;86;93;230;1;,5;
2026/05/20;1300 UTC;0;1018,8;1019;1018,5;1444,5;9,9;6,4;11,3;8,5;7,5;5,6;88;79;83;176;1,3;,5;
2026/05/20;1400 UTC;0;1019;1019,1;1018,9;1784,2;13,5;7,6;15,1;11;8,1;7;81;60;70;69;2,1;,8;
2026/05/20;1500 UTC;0;1018,9;1019;1018,5;2278,8;15,8;7,1;16,6;15,1;7,9;6,7;61;53;57;134;2,3;,9;
2026/05/20;1600 UTC;0;1018,3;1018,5;1018,1;2451,2;16,9;7,4;17,5;16,4;8,1;6,9;57;50;52;192;2,9;1,1;
2026/05/20;1700 UTC;0;1017,6;1018,1;1017,2;2308,4;17,7;7;18,3;17,1;8,2;6,1;54;42;47;241;3,4;1,5;
2026/05/20;1800 UTC;0;1017;1017,2;1016,8;1947,2;18,2;7,3;18,5;17,7;8,3;6,8;50;43;46;262;3,5;2;
2026/05/20;1900 UTC;0;1016,7;1016,8;1016,6;1396,1;18,5;7,4;18,8;18,2;8;7;48;42;45;261;3,9;1,6;
2026/05/20;2000 UTC;0;1016,8;1016,9;1016,7;711,1;18,3;7,7;18,7;18;8,4;7,2;52;44;47;263;2,5;1,3;
2026/05/20;2100 UTC;0;1017;1017,1;1016,9;109,3;15,6;8,9;18;12,8;10,2;7,7;86;49;67;267;1,8;1,1;
2026/05/20;2200 UTC;0;1017,3;1017,6;1017;0;11,9;8,9;12,8;11,4;9,5;8,4;87;83;85;290;3;1,7;
2026/05/20;2300 UTC;0;1017,6;1017,6;1017,5;0;10,9;8,4;11,4;10,6;8,6;8,1;89;85;87;308;3,3;2,6;
2026/05/21;0000 UTC;0;1017,8;1018;1017,6;0;10,3;8,3;10,9;9,8;8,5;8,2;93;87;90;303;3,6;2,7;
2026/05/21;0100 UTC;0;1018,1;1018,2;1018;0;9,6;8,2;10,1;9,4;8,4;8;95;91;93;304;3,8;2,4;
2026/05/21;0200 UTC;0;1018,3;1018,6;1018,1;0;8,7;0;9,4;7,9;;;99;93;95;151;1,6;,8;
2026/05/21;0300 UTC;0;1019;1019,3;1018,6;0;7,6;7,4;7,9;7,3;7,6;7,1;100;98;99;245;,8;,5;
2026/05/21;0400 UTC;0;1019,3;1019,4;1019,2;0;7,1;7;7,3;6,9;7,2;6,7;100;99;99;314;1,2;,6;
2026/05/21;0500 UTC;0;1019,5;1019,7;1019,3;0;6,7;6,6;7;6,4;7;6,3;100;99;100;290;1,2;,7;
2026/05/21;0600 UTC;0;1019,5;1019,7;1019,4;0;6,2;6,2;6,4;6;6,5;6;100;100;100;146;1;,6;
2026/05/21;0700 UTC;0;1019,2;1019,4;1019,1;0;5,8;5,9;6,2;5,5;6,2;5,6;100;100;100;160;,6;,2;
2026/05/21;0800 UTC;0;1019,3;1019,4;1019,2;0;6,6;6,6;7;6,2;7;6,2;100;99;100;273;,9;,4;
2026/05/21;0900 UTC;0;1019,6;1019,8;1019,4;0;7,3;6,9;7,5;7;7,2;6,7;99;96;98;230;,8;,3;
2026/05/21;1000 UTC;0;1019,9;1020,1;1019,7;0;7,5;6,9;7,5;7,4;7,1;6,7;98;96;97;132;1,1;,4;
2026/05/21;1100 UTC;0;1020,4;1020,7;1020,1;57,5;7,2;6,8;7,4;7;7;6,7;99;97;98;26;,7;,5;
2026/05/21;1200 UTC;0;1021,1;1021,4;1020,7;739,4;8,8;7,5;11,2;7,2;8;6,9;99;79;93;145;1,3;,5;
2026/05/21;1300 UTC;0;1021,8;1022,1;1021,4;1485,7;11,5;6,9;12,1;11;7,7;6,3;83;73;77;138;2,5;1,5;
2026/05/21;1400 UTC;0;1022,2;1022,3;1022,1;1257;12,1;7,1;12,3;11,9;7,8;6,5;79;72;75;134;4,1;2;
2026/05/21;1500 UTC;0;1022;1022,2;1021,7;2033,5;13,3;6,7;14,1;12,4;7,8;5,8;74;60;67;147;3,8;1,9;
2026/05/21;1600 UTC;0;1021,2;1021,7;1020,7;2209;14,2;6,4;14,8;13,6;7,3;5,6;64;58;61;153;4,8;2,4;
2026/05/21;1700 UTC;0;1020,5;1020,7;1020,2;1223,5;14,1;6,5;15,1;13,4;7,6;5,5;66;57;62;164;3,9;1,5;
2026/05/21;1800 UTC;0;1020;1020,4;1019,7;1546;14,8;6,4;15,4;14;7,2;5,7;62;53;58;150;5;1,7;
2026/05/21;1900 UTC;0;1019,6;1019,9;1019,5;1277;15;6,3;15,9;14,1;7;5,8;62;53;56;152;3,8;1,7;
2026/05/21;2000 UTC;0;1019,6;1019,7;1019,5;631,5;14,5;6,2;15,6;13,4;6,8;5,6;64;53;58;146;4;1,6;
2026/05/21;2100 UTC;0;1019,8;1019,9;1019,7;103,2;12,5;7,2;13,4;10,8;8,5;5,9;88;63;74;101;,4;,2;
2026/05/21;2200 UTC;0;1020;1020,1;1019,9;0;9,8;7,5;10,8;9;8,3;6,9;93;85;89;265;1;,4;
2026/05/21;2300 UTC;0;1020,4;1021;1020,1;0;8,4;7,2;8,9;8,1;7,5;6,8;96;93;94;305;2,4;1,7;
2026/05/22;0000 UTC;0;1021,2;1021,4;1021;0;8;6,9;8,6;7,6;7,2;6,5;96;92;94;317;2,6;2,1;
2026/05/22;0100 UTC;0;1021,1;1021,3;1020,7;0;7,1;6,4;7,8;6,7;6,6;6,3;99;93;97;111;,8;,4;
2026/05/22;0200 UTC;0;1020,6;1020,8;1020,4;0;6,7;6,5;6,9;6,5;6,9;6,2;100;98;99;305;1,5;,9;
2026/05/22;0300 UTC;0;1020,5;1020,6;1020,4;0;6,3;6,2;6,7;5,9;6,5;5,7;100;98;99;320;1,4;,9;
2026/05/22;0400 UTC;0;1020,8;1020,8;1020,7;0;6;6;6;6;6;5,9;100;100;100;315;1,8;1;
2026/05/22;0500 UTC;0;;;;0;;;;;;;;;;302;2,7;1,7;
2026/05/22;0600 UTC;0;;;;0;;;;;;;;;;104;2,7;,3;
2026/05/22;0700 UTC;0;;;;0;;;;;;;;;;243;1,7;,3;
2026/05/22;0800 UTC;0;;;;0;;;;;;;;;;258;1,1;,4;
2026/05/22;0900 UTC;0;;;;0;;;;;;;;;;214;1;,4;
2026/05/22;1000 UTC;0;;;;0;;;;;;;;;;285;,8;,5;
2026/05/22;1100 UTC;0;;;;51,6;;;;;;;;;;287;1,7;,5;
2026/05/22;1200 UTC;0;;;;285,9;;;;;;;;;;237;1,3;,7;
2026/05/22;1300 UTC;0;;;;544,8;;;;;;;;;;117;2;,8;
2026/05/22;1400 UTC;0;;;;1087,8;;;;;;;;;;118;2,9;1,5;
2026/05/22;1500 UTC;0;;;;1366,4;;;;;;;;;;149;3,4;1,7;
2026/05/22;1600 UTC;0;;;;1041,2;;;;;;;;;;150;4,7;2,1;
2026/05/22;1700 UTC;0;;;;430,8;;;;;;;;;;153;4,4;2,1;
2026/05/22;1800 UTC;0;;;;321,5;;;;;;;;;;155;5,3;1,8;
2026/05/22;1900 UTC;0;;;;335,9;;;;;;;;;;140;3,9;2,1;
2026/05/22;2000 UTC;0;;;;294,5;;;;;;;;;;120;4,4;1,2;
2026/05/22;2100 UTC;0;;;;26,6;;;;;;;;;;182;2,5;,3;
2026/05/22;2200 UTC;0;;;;0;;;;;;;;;;96;1,8;,5;
2026/05/22;2300 UTC;0;;;;0;;;;;;;;;;253;2,1;,5;
2026/05/23;0000 UTC;,6;;;;0;;;;;;;;;;217;3,6;1,1;
2026/05/23;0100 UTC;0;;;;0;;;;;;;;;;71;2,4;,6;
2026/05/23;0200 UTC;0;;;;0;;;;;;;;;;306;1,6;1,3;
2026/05/23;0300 UTC;0;;;;0;;;;;;;;;;192;1,9;,4;
2026/05/23;0400 UTC;0;;;;0;;;;;;;;;;313;2;1,5;
2026/05/23;0500 UTC;0;;;;0;;;;;;;;;;251;1,6;,9;
2026/05/23;0600 UTC;0;;;;0;;;;;;;;;;263;2,6;,7;
2026/05/23;0700 UTC;0;;;;0;;;;;;;;;;311;2,1;,6;
2026/05/23;0800 UTC;0;;;;0;;;;;;;;;;194;,9;,3;
2026/05/23;0900 UTC;0;;;;0;;;;;;;;;;283;1,8;1,2;
2026/05/23;1000 UTC;0;;;;0;;;;;;;;;;237;1,5;,7;
2026/05/23;1100 UTC;0;;;;30;;;;;;;;;;76;1,6;,7;
2026/05/23;1200 UTC;0;;;;194,9;;;;;;;;;;249;1,2;,5;
2026/05/23;1300 UTC;,2;;;;371,1;;;;;;;;;;258;1,3;,4;
2026/05/23;1400 UTC;0;;;;607,4;;;;;;;;;;149;2,2;1,2;
2026/05/23;1500 UTC;0;;;;1200,6;;;;;;;;;;151;3,2;,9;
2026/05/23;1600 UTC;0;;;;1856,2;;;;;;;;;;146;22,9;1,6;
2026/05/23;1700 UTC;0;;;;1641;;;;;;;;;;148;4,5;1,9;
2026/05/23;1800 UTC;0;;;;1168;;;;;;;;;;153;5,8;2,1;
2026/05/23;1900 UTC;0;;;;1241,2;;;;;;;;;;133;5,8;2,3;
2026/05/23;2000 UTC;0;;;;554,9;;;;;;;;;;148;5,1;1,6;
2026/05/23;2100 UTC;0;;;;95,1;;;;;;;;;;84;2,5;,7;
2026/05/23;2200 UTC;0;;;;0;;;;;;;;;;59;1,3;,7;
2026/05/23;2300 UTC;0;;;;0;;;;;;;;;;165;2,6;1,4;
2026/05/24;0000 UTC;0;;;;0;;;;;;;;;;176;3,6;1;
2026/05/24;0100 UTC;0;;;;0;;;;;;;;;;89;2,4;,3;
2026/05/24;0200 UTC;0;;;;0;;;;;;;;;;82;1,6;,9;
2026/05/24;0300 UTC;0;;;;0;;;;;;;;;;116;1,6;,6;
2026/05/24;0400 UTC;0;;;;0;;;;;;;;;;137;1;,2;
2026/05/24;0500 UTC;0;;;;0;;;;;;;;;;101;,8;,3;
2026/05/24;0600 UTC;0;;;;0;;;;;;;;;;105;1,1;,5;
2026/05/24;0700 UTC;0;;;;0;;;;;;;;;;156;1,1;,4;
2026/05/24;0800 UTC;0;;;;0;;;;;;;;;;133;1,7;,8;
2026/05/24;0900 UTC;0;;;;0;;;;;;;;;;134;1,4;,2;
2026/05/24;1000 UTC;0;;;;0;;;;;;;;;;34;1,3;,6;
2026/05/24;1100 UTC;0;;;;58,5;;;;;;;;;;321;,8;,5;
2026/05/24;1200 UTC;0;;;;457,9;;;;;;;;;;73;1,1;,6;
2026/05/24;1300 UTC;0;;;;1076,6;;;;;;;;;;138;3,5;2,1;
2026/05/24;1400 UTC;;;;;;;;;;;;;;;;;;
2026/05/24;1500 UTC;0;1015,7;1016;1015,5;1102,2;16,9;13;17,8;16;13,8;12,6;85;76;80;155;3,9;1,8;
2026/05/24;1600 UTC;0;1015,2;1015,5;1014,9;926,2;17,8;13,3;18,1;17,6;13,7;13;79;76;77;148;4;2,2;
2026/05/24;1700 UTC;0;1014,5;1014,9;1014,3;893,5;18,4;13,5;18,7;18;13,9;13,2;78;73;76;142;3,1;1,8;
2026/05/24;1800 UTC;0;1013,8;1014,3;1013,6;1107;19,2;13,3;19,6;18,7;14,1;12,8;74;68;71;142;4,8;2,9;
2026/05/24;1900 UTC;0;1013,6;1013,8;1013,4;885,3;19,2;13;19,6;18,9;13,5;12,4;72;67;69;135;4,5;2,8;
2026/05/24;2000 UTC;0;1013,4;1013,6;1013,3;328,6;18,5;12,6;19,1;18,1;13,2;12,1;74;67;71;91;1,9;,8;
2026/05/24;2100 UTC;0;1013,6;1013,7;1013,4;59,2;17,2;12,5;18,2;15,2;13,2;11,6;88;70;76;126;1,8;,8;
2026/05/24;2200 UTC;0;1013,5;1013,6;1013,4;0;14,4;12,6;15,3;13,7;12,9;12,4;94;86;91;113;1,5;,7;
2026/05/24;2300 UTC;0;1013,8;1013,8;1013,6;0;12,8;12,2;13,6;12,4;12,4;11,9;99;93;97;163;1,5;1;
2026/05/25;0000 UTC;0;1013,8;1013,9;1013,7;0;12,2;11,8;12,4;11,6;12;11,3;99;97;98;286;1,1;,6;
2026/05/25;0100 UTC;0;;;;0;11,4;11,2;11,6;11,2;11,5;11;100;99;99;312;1,7;1,2;
2026/05/25;0200 UTC;0;1013,5;1013,6;1013,4;0;10,7;10,6;10,9;10,5;10,9;10,3;100;99;100;290;1;,7;
2026/05/25;0300 UTC;0;1013,3;1013,5;1013,2;0;10,4;10,4;10,6;10;10,6;10;100;100;100;317;1,6;1;
2026/05/25;0400 UTC;0;1013,4;1013,5;1013,3;0;10,2;10,2;10,6;9,9;10,7;9,9;100;100;100;306;1;,8;
2026/05/25;0500 UTC;0;1013,3;1013,5;1013,2;0;10,3;10,3;10,9;9,9;10,9;10;100;100;100;287;1,1;,6;
2026/05/25;0600 UTC;0;1013;1013,2;1012,8;0;11,2;11,1;11,3;10,9;11,3;10,8;100;98;99;202;1,3;,5;
2026/05/25;0700 UTC;0;1012,8;1013,1;1012,6;0;11,5;11,4;11,7;11,3;11,7;11,1;100;99;100;205;1,6;1;
2026/05/25;0800 UTC;0;1012,7;1013;1012,5;0;11,9;11,9;11,9;11,7;12;11,8;100;100;100;257;,9;,6;
2026/05/25;0900 UTC;0;1012,5;1012,7;1012,2;0;12;12;12,1;11,9;12,1;11,9;100;100;100;271;1,5;,8;
2026/05/25;1000 UTC;0;1012,6;1013,1;1012,3;0;12,1;12,2;12,2;12;12,2;12;100;100;100;283;;,6;
2026/05/25;1100 UTC;0;1013,4;1013,7;1013;29,3;12,3;12,3;12,4;12,2;12,5;12,2;100;100;100;288;1,7;1,2;
2026/05/25;1200 UTC;0;1013,6;1013,8;1013,1;167;12,7;12,7;12,9;12,5;12,9;12,5;100;100;100;292;2,9;1,4;
2026/05/25;1300 UTC;0;1014;1014,1;1013,8;413;13;12,9;13,2;12,8;13,2;12,7;100;98;100;282;1,5;,8;
2026/05/25;1400 UTC;0;1014;1014,2;1013,8;817;14;12,9;14,8;13,2;13,4;12,6;98;90;95;138;2;,8;
2026/05/25;1500 UTC;0;1013,7;1013,9;1013,5;643,6;14,5;13,1;15,1;14,2;13,4;12,7;95;90;93;104;2;1;
2026/05/25;1600 UTC;0;1013,5;1014;1013,2;509,4;14,8;13,5;15,2;14,3;13,8;13,2;96;91;94;162;2,2;1;
2026/05/25;1700 UTC;0;1013;1013,5;1012,4;223,7;14,9;13,7;15,1;14,8;13,9;13,4;95;92;94;145;1,5;,7;
2026/05/25;1800 UTC;0;1012,2;1012,5;1011,9;213,4;15,1;13,9;15,3;15;14,2;13,7;95;92;94;284;1,8;1;
2026/05/25;1900 UTC;,8;1011,6;1012,3;1011,1;303,5;15,2;14,5;15,3;15,1;14,8;13,8;98;93;96;207;1,6;,5;
2026/05/25;2000 UTC;0;1011,2;1011,6;1010,9;128,1;15,4;14,9;15,5;15,3;15,1;14,5;98;96;97;55;1,7;1,2;
2026/05/25;2100 UTC;0;1011,3;1011,6;1011,1;4,6;15,4;15;15,4;15,3;15,1;14,9;99;97;98;192;1,8;1,1;
2026/05/25;2200 UTC;,6;1011,8;1012,1;1011,2;0;15,4;15;15,5;15,3;15,2;14,9;99;97;98;279;2,2;1,3;
2026/05/25;2300 UTC;1,8;1012,5;1012,8;1011,8;0;15,3;15,1;15,4;15,3;15,2;15;99;99;99;222;1;,3;
2026/05/26;0000 UTC;,2;1011,7;1012,7;1010,7;0;15,5;15,2;15,8;15,3;15,3;15,1;100;98;99;182;2,3;,7;
2026/05/26;0100 UTC;0;1011,9;1012;1011,6;0;15,5;15,3;15,5;15,5;15,4;15,2;99;98;99;203;2,3;,9;
2026/05/26;0200 UTC;0;1011,9;1012;1011,8;;15,4;15,4;15,5;15,4;15,4;15,3;100;99;100;;;;
2026/05/26;0300 UTC;0;1011,8;1012;1011,7;;15,4;15,4;15,5;15,4;15,5;15,4;100;100;100;;;;
2026/05/26;0400 UTC;0;1011,4;1011,8;1011,1;;15,5;15,5;15,5;15,4;15,5;15,5;100;100;100;;;;
2026/05/26;0500 UTC;0;1011,5;1011,8;1011,2;;15,6;15,6;15,6;15,5;15,7;15,5;100;100;100;;;;
2026/05/26;0600 UTC;0;1011,4;1011,6;1011,2;;15,7;15,7;15,7;15,6;15,7;15,6;100;100;100;;;;
2026/05/26;0700 UTC;0;1011,3;1011,4;1011,2;;15,7;15,7;15,7;15,7;15,8;15,7;100;100;100;;;;
2026/05/26;0800 UTC;2,2;1011,3;1011,5;1011,1;;15,6;15,7;15,7;15,6;15,7;15,6;100;100;100;;;;
2026/05/26;0900 UTC;1,6;1010,9;1011,1;1010,8;;15,6;15,6;15,6;15,6;15,7;15,6;100;100;100;;;;
2026/05/26;1000 UTC;,2;1011,4;1011,8;1011;0;15,6;15,6;15,6;15,6;15,7;15,6;100;100;100;150;1,2;,7;
2026/05/26;1100 UTC;0;1012,2;1012,6;1011,8;1,2;15,6;15,6;15,7;15,6;15,7;15,6;100;100;100;117;1,8;,8;
2026/05/26;1200 UTC;0;1012,9;1013,1;1012,6;38,1;15,8;15,8;15,9;15,7;16;15,7;100;100;100;103;2;,8;
2026/05/26;1300 UTC;0;1013,3;1013,5;1013,1;199,2;16,2;16,2;16,5;15,9;16,5;15,9;100;100;100;2;24,1;;
2026/05/26;1400 UTC;,2;1013,6;1013,7;1013,4;422,5;16,7;16,5;16,9;16,4;16,7;16,3;100;98;99;311;25,3;7,3;
2026/05/26;1500 UTC;0;1013,4;1013,6;1013,2;392,4;17,3;16,6;17,5;16,9;16,8;16,3;98;95;96;114;25,6;3,8;
2026/05/26;1600 UTC;0;1013,1;1013,2;1013;475,2;18;16,7;18,3;17,5;17;16,5;97;91;94;2;28;;
2026/05/26;1700 UTC;0;1012,6;1012,9;1012,4;595;18,8;16,7;19,4;18,4;17,1;16,1;93;84;89;99;28,4;5,5;
2026/05/26;1800 UTC;0;1012,4;1012,5;1012,3;781,2;19,5;16,4;20,3;19,2;16,8;15,9;87;78;85;94;1,8;1;
2026/05/26;1900 UTC;0;1012,3;1012,3;1012,2;1074,8;20,7;16,2;21;20,3;16,7;15,8;80;75;78;191;1,9;1,1;
2026/05/26;2000 UTC;0;1012,3;1012,3;1012,2;476,2;20,6;16,6;21,1;20,1;17,3;15,8;85;75;80;229;1,3;,9;
2026/05/26;2100 UTC;0;1012,7;1013,1;1012,3;27,7;18,5;16,9;20;18;17,2;15,9;95;85;92;228;4,3;1,2;
2026/05/26;2200 UTC;0;1013,4;1013,7;1013,1;0;18,2;14,9;18,7;17,5;15,8;14,4;89;79;84;151;1,7;,9;
2026/05/26;2300 UTC;0;1014;1014,4;1013,7;0;17,3;15,1;17,5;17;15,6;14,8;91;88;89;136;1,2;,5;
2026/05/27;0000 UTC;0;1014,6;1014,7;1014,4;0;16,2;14,6;17;15;15,1;14;96;89;92;109;1,6;,9;
2026/05/27;0100 UTC;0;1014,8;1015;1014,7;0;14,3;13,7;14,8;13,6;14;13,1;98;95;97;128;1,3;1;
2026/05/27;0200 UTC;0;1015;1015,1;1014,9;0;13,4;13;13,6;13,2;13,3;12,8;99;97;98;315;1,4;1;
2026/05/27;0300 UTC;0;1015,3;1015,4;1015,2;0;13;12,8;13,2;12,6;13,1;12,5;100;98;99;315;1,6;1,1;
2026/05/27;0400 UTC;0;1015,2;1015,3;1015,1;0;13;13;13,1;12,9;13,1;12,8;100;100;100;179;1,6;1;
2026/05/27;0500 UTC;0;1015,4;1015,4;1015,3;0;12,8;12,9;13,1;12,6;13,1;12,6;100;100;100;248;1,5;,5;
2026/05/27;0600 UTC;0;1015,2;1015,4;1015,1;0;12,9;12,9;13,2;12,7;13,2;12,7;100;100;100;273;1,5;,7;
2026/05/27;0700 UTC;0;1015,2;1015,2;1015,1;0;12,9;12,8;13,1;12,8;13,1;12,7;100;99;100;303;2,3;1;
2026/05/27;0800 UTC;0;1015,1;1015,3;1015,1;0;13,3;12,9;13,4;13,1;13;12,8;99;98;98;267;1,4;,7;
2026/05/27;0900 UTC;0;1015,2;1015,3;1015,1;0;13,4;13;13,5;13,3;13,3;12,7;99;97;98;180;,8;,5;
2026/05/27;1000 UTC;0;1015,2;1015,4;1015,1;0;13,4;13,2;13,6;13,2;13,5;12,9;100;97;99;211;1,3;,6;
2026/05/27;1100 UTC;0;1016;1016,3;1015,6;31,1;14;13,7;14,2;13,7;13,9;13,6;100;98;99;239;1,3;,8;
2026/05/27;1200 UTC;0;1016,6;1017;1016,2;204,2;14,6;14;15;14,2;14,2;13,7;98;95;97;272;,8;,4;
2026/05/27;1300 UTC;0;1017;1017,2;1017;444;15,3;14,1;15,9;14,8;14,6;13,8;;90;96;155;2,2;1,1;
2026/05/27;1400 UTC;0;1017,2;1017,3;1017,2;873,6;16,4;14;16,9;15,9;14,4;13,7;91;84;88;148;1,3;,5;
2026/05/27;1500 UTC;0;1016,9;1017,2;1016,7;1153,1;17,7;14,1;18,5;17;14,5;13,7;86;77;82;147;2,9;1,2;
2026/05/27;1600 UTC;0;1016,3;1016,7;1015,9;1056,6;19;14,2;19,6;18,5;14,6;13,7;80;72;76;159;3;1,5;
2026/05/27;1700 UTC;0;1015,5;1015,9;1015,2;983,5;19,5;14,1;20;19,2;14,6;13,5;77;70;73;156;3;1,6;
2026/05/27;1800 UTC;0;1015,1;1015,2;1015;900,9;19,9;14;20,2;19,6;14,7;13,6;73;69;71;148;4,5;1,8;
2026/05/27;1900 UTC;0;1014,9;1015;1014,8;795,2;19,8;13,8;20,4;19,2;14,4;13,6;74;67;70;138;5,4;2,9;
2026/05/27;2000 UTC;0;1014,9;1015;1014,8;301;19,2;14,2;19,3;19;14,8;13,8;79;72;75;112;2,1;,9;
2026/05/27;2100 UTC;0;1014,8;1015;1014,7;56;17,6;14,4;18,9;16,1;15,4;13,8;89;77;84;88;2,3;1,1;
2026/05/27;2200 UTC;0;1014,8;1015;1014,7;0;15,5;13,3;16,1;14,8;14;13;92;87;89;163;1,5;,5;
2026/05/27;2300 UTC;0;1015;1015;1014,9;0;14;13,1;14,8;13,2;13,4;12,9;98;92;96;208;1,6;,9;
2026/05/28;0000 UTC;0;1015;1015,1;1014,8;0;12,9;12,5;13,2;12,3;12,9;12;99;98;98;65;1,3;,7;
2026/05/28;0100 UTC;0;1015,3;1015,5;1014,9;0;12,6;12,3;13;12,2;12,7;12;100;96;99;306;1,9;1,3;
2026/05/28;0200 UTC;0;1015,5;1015,8;1015,3;0;12,2;11,9;12,5;11,9;12,2;11,5;99;96;98;295;2,9;2;
2026/05/28;0300 UTC;0;1015,6;1015,8;1015,4;0;11,8;11,6;12,2;11,4;12,1;11,2;100;98;99;159;2,5;,7;
2026/05/28;0400 UTC;0;1015,4;1015,6;1015,3;0;11,7;11,7;11,8;11,5;11,8;11,5;100;100;100;153;,7;,2;
2026/05/28;0500 UTC;0;1015,3;1015,4;1015,2;0;11,4;11,5;11,8;11,2;11,8;11,2;100;100;100;183;1,1;,3;
2026/05/28;0600 UTC;0;1015;1015,3;1014,8;0;11,4;11,4;11,5;11,3;11,5;11,3;100;100;100;274;1,5;1;
2026/05/28;0700 UTC;0;1014,5;1014,8;1014,3;0;11,6;11,7;11,8;11,4;11,8;11,4;100;100;100;58;1,6;,8;
2026/05/28;0800 UTC;0;1014,3;1014,3;1014,2;0;11,7;11,7;11,8;11,6;11,8;11,6;100;100;100;272;1;,5;
2026/05/28;0900 UTC;0;1014,2;1014,3;1014,2;0;11,8;11,8;11,9;11,6;11,9;11,6;100;100;100;331;1,7;1,3;
2026/05/28;1000 UTC;,2;1014,6;1014,9;1014,3;0;12,1;12,1;12,2;11,9;12,3;11,9;100;100;100;308;1,3;,8;
2026/05/28;1100 UTC;0;1015,1;1015,2;1014,9;27,7;12,2;12,2;12,3;12,1;12,3;12,1;100;100;100;21;1,8;1,2;
2026/05/28;1200 UTC;0;1015,3;1015,4;1015,2;169,6;12,4;12,5;12,6;12,3;12,6;12,3;100;100;100;102;1,9;,9;
2026/05/28;1300 UTC;0;1015,6;1015,9;1015,4;341,5;12,7;12,7;13;12,4;13;12,4;100;100;100;155;2,8;1,6;
2026/05/28;1400 UTC;0;1015,9;1015,9;1015,7;679,8;13,3;13,1;14,1;12,9;13,5;12,9;100;96;99;156;2,6;1,3;
2026/05/28;1500 UTC;0;1015,5;1015,7;1015,3;1291,9;14,9;13,2;15,9;14,1;13,7;12,7;97;85;91;148;2,6;1,3;
2026/05/28;1600 UTC;0;1014,8;1015,3;1014,3;1808,9;17,3;13,5;18,4;15,6;14,3;12,9;87;75;81;129;2,9;1,6;
2026/05/28;1700 UTC;0;1013,9;1014,2;1013,6;2021,2;19;13,9;19,8;18,4;14,7;13,3;77;70;74;142;5,2;2,5;
2026/05/28;1800 UTC;0;1013,4;1013,6;1013,2;1003,5;18,2;13,4;18,8;17,9;14,1;12,9;78;74;76;152;5;2,4;
2026/05/28;1900 UTC;0;1013,1;1013,2;1013,1;775;17,8;13,1;17,9;17,6;13,7;12,8;80;75;77;160;3,3;1,5;
2026/05/28;2000 UTC;0;1013,2;1013,3;1013,1;292,2;17,4;13;17,8;17,1;13,3;12,8;80;75;78;146;3;1,7;
2026/05/28;2100 UTC;0;1013,3;1013,5;1013,1;40,8;16,6;13,1;17,1;15,9;13,5;12,8;86;79;83;156;2,2;,8;
2026/05/28;2200 UTC;0;1013,6;1013,8;1013,4;0;14,7;12,9;15,8;13,9;13,5;12,5;96;85;91;89;1,1;,6;
2026/05/28;2300 UTC;0;1014,1;1014,3;1013,8;0;13,4;12,8;13,9;13,1;13;12,6;98;95;97;88;1;,5;
2026/05/29;0000 UTC;0;1014,5;1014,8;1014,3;0;12,9;12,6;13,1;12,7;12,7;12,5;99;98;99;215;1;,7;
2026/05/29;0100 UTC;0;1014,7;1014,9;1014,6;0;12,4;12,3;12,8;12,2;12,6;12,1;100;99;99;292;,6;,3;
2026/05/29;0200 UTC;0;1014,7;1014,9;1014,5;0;12,1;12,1;12,3;12;12,3;11,9;100;99;100;58;,8;,3;
2026/05/29;0300 UTC;0;1015;1015,2;1014,8;0;11,9;11,9;12,1;11,6;12,2;11,6;100;100;100;185;,9;,5;
2026/05/29;0400 UTC;0;1014,9;1014,9;1014,8;0;11,7;11,7;11,8;11,6;11,8;11,6;100;100;100;239;1;,3;
2026/05/29;0500 UTC;0;1014,7;1014,8;1014,7;0;11,8;11,8;11,9;11,5;12;11,5;100;100;100;127;,5;,4;
2026/05/29;0600 UTC;0;1014,6;1014,8;1014,4;0;12;12,1;12,3;11,8;12,3;11,9;100;100;100;318;,7;,4;
2026/05/29;0700 UTC;0;1014,2;1014,4;1014;0;12,3;12,3;12,4;12,3;12,4;12,1;100;99;100;296;,8;,5;
2026/05/29;0800 UTC;0;1013,9;1014;1013,8;0;12,6;12,4;12,8;12,3;12,7;12,2;100;99;99;292;1,8;,7;
2026/05/29;0900 UTC;0;1013,9;1014,3;1013,7;0;12,9;12,6;13,1;12,8;12,8;12,4;99;98;99;278;,9;,5;
2026/05/29;1000 UTC;0;1014,5;1014,6;1014,2;0;13,2;12,8;13,3;13;12,9;12,7;99;97;98;182;1,2;,6;
2026/05/29;1100 UTC;0;1015;1015,2;1014,7;16,4;13,4;12,9;13,5;13,3;13,1;12,8;98;97;98;280;1,9;,9;
2026/05/29;1200 UTC;0;1015,2;1015,3;1014,9;107,9;13,7;13;14;13,5;13,2;12,9;97;96;97;261;1,6;1;
2026/05/29;1300 UTC;0;1015,7;1016;1015,3;230,4;14,2;13,3;14,6;14;13,8;13;96;94;95;63;1,1;,6;
2026/05/29;1400 UTC;0;1015,7;1016,1;1015,5;525,2;15,2;14;15,8;14,7;14,5;13,6;96;92;94;155;2,6;,9;
2026/05/29;1500 UTC;0;1015,3;1015,5;1015,2;760;16,3;14,5;16,8;15,8;14,9;14,1;93;88;91;152;3,4;1,4;
2026/05/29;1600 UTC;0;1015;1015,3;1014,8;377,9;16,8;14,7;17;16,6;14,9;14,4;92;87;89;167;2,9;1,1;
2026/05/29;1700 UTC;,2;1014,4;1014,8;1013,8;195,9;16,6;14,7;16,7;16,4;15,2;14,4;94;89;91;159;2,9;1,5;
2026/05/29;1800 UTC;,8;1013,8;1014;1013,4;360,3;16,4;15,3;16,6;16,2;15,7;14,8;96;92;94;152;1,7;,5;
2026/05/29;1900 UTC;0;1013,1;1013,4;1013;351,5;16,6;15,3;16,7;16,5;15,6;15;95;92;94;193;1;,4;
2026/05/29;2000 UTC;0;1013,3;1013,7;1013;62,7;16,5;15,5;16,6;16,3;15,7;15,1;97;93;95;233;,9;,4;
2026/05/29;2100 UTC;0;1013,8;1014;1013,7;6,4;16,2;15,7;16,4;16;15,8;15,4;99;95;97;209;1,1;,6;
2026/05/29;2200 UTC;,4;980,3;1014,1;;0;15,9;15,7;16;15,8;15,8;15,6;99;99;99;297;1,2;,8;
2026/05/29;2300 UTC;0;1014,2;1014,3;1014,1;0;15,7;15,6;15,8;15,7;15,7;15,5;100;99;99;264;1,9;,8;
2026/05/30;0000 UTC;0;1014,4;1014,5;1014,3;0;15,5;15,4;15,6;15,5;15,6;15,3;100;99;99;247;2;,5;
2026/05/30;0100 UTC;0;1014,2;1014,3;1014,1;0;15,4;15,3;15,5;15,3;15,3;15,2;100;99;99;187;1,4;,7;
2026/05/30;0200 UTC;0;1014,4;1014,4;1014,2;0;15,1;15;15,4;14,8;15,2;14,8;100;99;100;250;1,3;,4;
2026/05/30;0300 UTC;0;1014,6;1014,8;1014,4;0;14,6;14,6;14,8;14,5;14,8;14,5;100;100;100;141;1,1;,3;
2026/05/30;0400 UTC;0;1014,5;1014,7;1014,4;0;14,7;14,8;14,9;14,5;14,9;14,6;100;100;100;249;1,1;,8;
2026/05/30;0500 UTC;0;1014,2;1014,4;1014;0;14,9;14,9;14,9;14,8;14,9;14,8;100;100;100;300;1;,6;
2026/05/30;0600 UTC;0;1014;1014,1;1013,8;0;15;15;15;14,9;15;14,9;100;100;100;288;,9;,5;
2026/05/30;0700 UTC;0;1013,8;1014;1013,7;0;14,9;14,9;15;14,8;15;14,9;100;100;100;260;,8;,5;
2026/05/30;0800 UTC;0;1014;1014;1013,9;0;14,9;14,9;14,9;14,9;15;14,9;100;100;100;32;1,2;,7;
2026/05/30;0900 UTC;0;1014;1014,1;1014;0;14,9;15;15;14,9;15;14,9;100;100;100;258;1,4;,7;
2026/05/30;1000 UTC;0;1014,4;1014,6;1014,1;0;14,9;14,9;14,9;14,8;15;14,8;100;100;100;188;1;,4;
2026/05/30;1100 UTC;0;1014,9;1015,2;1014,6;41,6;14,6;14,7;14,8;14,6;14,8;14,6;100;100;100;217;,6;,3;
2026/05/30;1200 UTC;0;1015,6;1015,9;1015,2;240,4;14,9;14,9;15,4;14,6;15,2;14,6;100;99;100;315;1;,6;
2026/05/30;1300 UTC;0;1016,1;1016,2;1015,9;462,9;15,8;15,1;16,4;15,4;15,3;14,9;99;93;96;203;;6,8;
2026/05/30;1400 UTC;0;1016,2;1016,2;1016,1;992,4;17,1;15,3;17,8;16,4;15,9;14,9;94;87;91;84;;12,2;
2026/05/30;1500 UTC;0;1015,9;1016,1;1015,6;1280,3;18,3;15,4;18,4;17,8;16;14,9;89;83;86;157;1,9;1;
2026/05/30;1600 UTC;0;1015,1;1015,6;1014,8;1817,4;19,3;15,4;20,4;18,2;16,4;15;87;75;81;99;2,1;1;
2026/05/30;1700 UTC;0;1014,4;1014,8;1014;1833,8;20,7;16,3;21,7;20;16,9;15,8;82;73;78;152;4,8;2;
2026/05/30;1800 UTC;0;1013,8;1014;1013,6;1213,7;20,8;16,7;21,7;20,1;17,4;16,2;83;73;80;174;3,7;1,4;
2026/05/30;1900 UTC;0;1013,6;1013,8;1013,5;588,2;20,1;16,6;20,3;19,7;17;16,3;84;81;82;166;4,5;2;
2026/05/30;2000 UTC;0;1013,7;1013,8;1013,6;151,6;19,3;16,5;19,7;19;16,9;16,3;89;83;86;128;2,5;1,3;
2026/05/30;2100 UTC;0;1014;1014,2;1013,8;20,5;18,8;16,7;19;18,5;16,9;16,4;91;88;90;159;1,9;,8;
2026/05/30;2200 UTC;0;1014,3;1014,4;1014,2;0;18,4;16,4;18,5;18,2;16,7;16;92;88;90;102;1,8;,8;
2026/05/30;2300 UTC;0;1014,4;1014,5;1014,3;0;18;16,3;18,2;17,8;16,5;16,1;93;91;92;113;1,5;,8;
2026/05/31;0000 UTC;0;1014,5;1014,6;1014,4;0;17,8;16,2;17,9;17,8;16,5;16;93;91;92;134;1,1;,4;
2026/05/31;0100 UTC;0;1014,7;1014,7;1014,5;0;17,7;16,5;17,8;17,5;16,8;16;96;91;94;153;1,6;1,2;
2026/05/31;0200 UTC;0;1014,5;1014,6;1014,4;0;17,7;16,4;17,7;17,6;16,6;16,2;95;93;94;222;1,2;,6;
2026/05/31;0300 UTC;0;1014,5;1014,6;1014,4;0;17,5;16,6;17,6;17,4;16,8;16,5;97;95;96;144;,7;,4;
2026/05/31;0400 UTC;0;1014,7;1014,8;1014,6;0;17,3;16,6;17,4;17,1;16,8;16,3;97;96;97;124;1,6;,9;
2026/05/31;0500 UTC;0;1014,6;1014,7;1014,4;0;17,1;16,4;17,1;17,1;16,5;16,3;97;96;96;93;1;,4;
2026/05/31;0600 UTC;0;1014,3;1014,5;1014,1;0;17,1;16,5;17,1;17;16,6;16,4;98;97;97;317;,7;,3;
2026/05/31;0700 UTC;0;1014;1014,1;1014;0;17,1;16,5;17,1;17,1;16,6;16,4;98;97;97;306;1,4;,9;
2026/05/31;0800 UTC;0;1014;1014,1;1013,9;0;17,1;16,1;17,1;17,1;16,5;15,5;97;92;95;313;2;1;
2026/05/31;0900 UTC;0;1014;1014;1013,9;0;17;15,4;17,1;16,8;15,7;15,1;94;91;92;345;1,9;1,4;
2026/05/31;1000 UTC;0;1014,4;1014,7;1014,1;0;16,7;15,5;16,9;16,6;15,8;15;96;91;94;290;1,6;1,1;
2026/05/31;1100 UTC;0;1014,9;1015,2;1014,7;17,9;16,7;15,5;16,8;16,5;15,8;14,9;96;91;94;329;2,2;1,4;
2026/05/31;1200 UTC;0;1015,4;1015,5;1015,2;255,8;17,3;15,1;18,5;16,9;15,5;14,8;92;83;89;328;;2,6;
2026/05/31;1300 UTC;0;1015,7;1016;1015,4;0;18,9;14,8;19,3;18,5;15,4;14,3;;76;80;302;3,4;2,2;
2026/05/31;1400 UTC;0;1016;1016;1015,8;1328;19,2;14,1;20,6;18,5;14,7;13,2;79;65;75;136;2,3;1,1;
2026/05/31;1500 UTC;0;1015,6;1015,8;1015,3;1324,5;20,2;13,7;20,9;19,7;14,8;12,6;76;62;68;122;2,5;1,3;
2026/05/31;1600 UTC;0;1014,9;1015,3;1014,5;1937,8;20,7;14,3;21,4;20;15,3;13,7;73;62;68;156;4,2;2;
2026/05/31;1700 UTC;0;1014,2;1014,5;1013,8;2130,4;20,7;14,5;21,2;20,4;15,6;14;74;65;69;173;5,2;2,2;
2026/05/31;1800 UTC;0;1013,5;1013,8;1013,3;1857,9;20,7;14,3;21,1;20,3;15;13,5;72;65;68;146;3,4;1,6;
2026/05/31;1900 UTC;0;1013,3;1013,4;1013,2;1368;20,7;14;21,1;20,4;14,9;13,6;70;65;67;175;3,9;1,9;
2026/05/31;2000 UTC;0;1013,4;1013,5;1013,3;702,8;20;13,6;20,4;19,3;14,1;13;71;65;68;162;4;1,7;
2026/05/31;2100 UTC;0;1013,5;1013,7;1013,3;66,8;18,4;13,6;19,3;17,2;14,3;12,9;84;70;76;120;1,3;,6;
2026/05/31;2200 UTC;0;1013,9;1014,1;1013,7;0;16,6;12,8;17,2;15,6;13,8;12,4;86;77;81;103;1,8;,7;
2026/05/31;2300 UTC;0;1014,4;1014,6;1014,1;0;14,6;12,9;15,5;14;13,1;12,7;94;86;91;128;1,9;,7;
2026/06/01;0000 UTC;0;1014,7;1014,8;1014,6;0;13,6;12,5;14;13,3;12,9;12,3;95;94;95;292;2,1;1,4;
2026/06/01;0100 UTC;0;1014,7;1014,8;1014,6;0;12,9;12,3;13,2;12,5;12,4;12;98;95;97;299;2;1,5;
2026/06/01;0200 UTC;0;1014,6;1014,8;1014,4;0;12,2;11,9;12,9;11,8;12,2;11,5;99;97;98;318;2,4;1,7;
2026/06/01;0300 UTC;0;1014,7;1014,8;1014,6;0;11,5;11,5;11,6;11,5;11,6;11,4;100;100;100;301;2,1;1,3;
2026/06/01;0400 UTC;0;1014,6;1014,8;1014,4;0;11,4;11,2;11,6;11,2;11,5;10,9;100;98;99;288;2,1;1,6;
2026/06/01;0500 UTC;0;1014,8;1015;1014,5;0;10,9;10,9;11,2;10,7;11,1;10,7;100;99;100;323;2;1,1;
2026/06/01;0600 UTC;0;1014,8;1014,9;1014,6;0;10,4;10,4;10,7;10,2;10,7;10,2;100;100;100;321;1,8;1,2;
2026/06/01;0700 UTC;0;1014,8;1015;1014,7;0;10;10;10,2;9,8;10,2;9,8;100;100;100;237;,9;,3;
2026/06/01;0800 UTC;0;1014,8;1015;1014,7;0;9,9;9,9;10,2;9,7;10,2;9,7;100;100;100;159;1;,6;
2026/06/01;0900 UTC;;;;;;;;;;;;;;;;;;
2026/06/01;1000 UTC;0;1015,4;1015,8;1015,2;0;9,2;9,2;9,3;9;9,3;9,1;100;100;100;79;1,3;,6;
2026/06/01;1100 UTC;0;1016,3;1016,7;1015,8;22,4;9,5;9,5;9,7;9,3;9,8;9,3;100;100;100;210;1;,5;
2026/06/01;1200 UTC;0;1017,1;1017,3;1016,7;126,4;10,2;10,2;10,6;9,7;10,6;9,8;100;100;100;131;2,7;1,3;
2026/06/01;1300 UTC;0;1017,5;1017,6;1017,3;347,9;11;11;11,7;10,6;11,7;10,6;100;100;100;143;1,7;,9;
2026/06/01;1400 UTC;0;1017,8;1017,9;1017,6;778,1;12,1;11,8;12,5;11,6;12,2;11,5;100;95;99;181;1,8;,9;
2026/06/01;1500 UTC;0;1017,6;1017,8;1017,4;820,9;13;11,4;13,6;12,5;11,9;11,1;96;88;92;103;2;,9;
2026/06/01;1600 UTC;0;1017,1;1017,4;1016,8;1164,1;14;11,4;14,8;13,5;12;11;91;83;87;158;2,6;1,4;
2026/06/01;1700 UTC;0;1016,3;1016,8;1015,9;1981,7;16;12,1;17;14,6;13;11,3;85;75;80;155;4,4;2,3;
2026/06/01;1800 UTC;0;1015,7;1015,9;1015,4;1781,8;17;12,2;17,5;16,4;12,9;11,7;80;73;76;147;4,1;2,3;
2026/06/01;1900 UTC;0;1015,3;1015,4;1015,1;1273,4;17,4;12,2;17,7;17,2;12,7;11,8;77;73;74;167;3,4;1,9;
2026/06/01;2000 UTC;0;1015,4;1015,6;1015,2;611,5;17,1;12,2;17,4;16,6;12,6;11,9;79;73;76;151;3,3;1,7;
2026/06/01;2100 UTC;0;1015,6;1015,6;1015,6;0;14,6;12,6;14,8;14,5;12,7;12,5;91;89;90;112;,6;,3;
2026/06/01;2200 UTC;0;1015,8;1016;1015,6;0;13,6;12,8;14,5;13;13,1;12,3;98;92;96;214;1,5;,8;
2026/06/01;2300 UTC;0;1016,4;1016,7;1016;0;12,7;12,2;13;12,3;12,5;11,8;99;97;98;128;1,2;,6;
2026/06/02;0000 UTC;0;1016,8;1017;1016,6;0;12;11,8;12,3;11,8;12,1;11,6;100;99;99;323;1,6;1,2;
2026/06/02;0100 UTC;0;1016,9;1017,1;1016,7;0;12,6;12,3;12,9;12;12,5;11,9;100;96;98;271;1,2;,6;
2026/06/02;0200 UTC;0;1017,2;1017,4;1016,9;0;13;12,5;13,3;12,8;12,9;12,1;98;96;98;248;1;,5;
2026/06/02;0300 UTC;0;1017,4;1017,5;1017,2;0;13,5;13;13,8;13,3;13,1;12,7;98;96;97;102;1,1;,6;
2026/06/02;0400 UTC;0;1017,2;1017,4;1017,1;0;14,1;13,1;14,4;13,8;13,2;13;97;93;95;158;2,2;1,2;
2026/06/02;0500 UTC;0;1017,3;1017,4;1017,1;0;14,3;12,5;14,5;14;13,1;12,1;94;90;91;141;1,7;,9;
2026/06/02;0600 UTC;0;1017,3;1017,4;1017,2;0;13,5;12;14;12,9;12,4;11,8;97;90;93;113;,7;,4;
2026/06/02;0700 UTC;0;1017,1;1017,2;1016,9;0;12,5;12,1;12,9;12,1;12,3;11,7;99;97;98;46;1,2;,5;
2026/06/02;0800 UTC;0;1016,9;1017;1016,8;0;11,4;11,2;12,1;10,8;11,7;10,6;100;98;99;61;1,1;,5;
2026/06/02;0900 UTC;0;1017;1017,1;1016,9;0;10,6;10,6;10,8;10,5;10,9;10,4;100;100;100;36;1,3;1;
2026/06/02;1000 UTC;0;1017,7;1018,1;1017,2;0;10,1;10,1;10,5;9,9;10,4;9,9;100;99;100;122;,9;,4;
2026/06/02;1100 UTC;0;1018,8;1019,3;1018,1;42;10;10;10,5;9,6;10,5;9,6;100;100;100;266;,5;,3;
2026/06/02;1200 UTC;0;1019,4;1019,5;1019,2;277,8;11,4;11,2;12,1;10,5;11,6;10,5;100;96;99;77;2;1,3;
2026/06/02;1300 UTC;0;1019,6;1019,9;1019,4;658,2;12,5;11,3;13,4;12;12;10,9;98;91;94;106;2,8;1,3;
2026/06/02;1400 UTC;0;1019,9;1020;1019,7;1283;14,2;11,7;16;13,3;12,5;11,1;92;80;88;136;2,9;1,4;
2026/06/02;1500 UTC;0;1019,6;1019,8;1019,3;1472,6;16,2;11,8;16,7;15,6;12,5;11,3;81;75;78;152;3,7;2;
2026/06/02;1600 UTC;0;1018,9;1019,3;1018,5;1376,4;17,2;12,1;17,8;16,7;12,9;11,6;77;71;75;145;4,3;2,2;
2026/06/02;1700 UTC;0;1017,9;1018,5;1017,5;1460,1;18,1;12,5;18,7;17,7;13,4;12;76;69;72;158;3,7;2;
2026/06/02;1800 UTC;0;1017,5;1017,6;1017,3;803,1;18,4;12,6;18,9;18;13,3;12,2;75;68;71;154;3,5;1,7;
2026/06/02;1900 UTC;0;1017,4;1017,5;1017,4;459,9;18;12,5;18,4;17,5;13,1;11,9;75;70;73;121;5,1;2,9;
2026/06/02;2000 UTC;0;1017,4;1017,5;1017,3;261,3;17;12,1;17,5;16,6;12,4;11,7;78;72;75;121;3,7;1,4;
2026/06/02;2100 UTC;0;1017,7;1018,1;1017,5;71,7;16;12,1;16,6;15,4;12,5;11,8;85;77;80;96;1,7;,6;
2026/06/02;2200 UTC;0;1018,2;1018,4;1017,8;0;14;12,3;15,3;13,1;12,5;11,9;97;86;91;144;1,3;,5;
2026/06/02;2300 UTC;0;1018,3;1018,4;1018,1;0;12,8;12;13,2;12,7;12,3;11,7;97;94;96;234;1,8;,5;
2026/06/03;0000 UTC;0;1018,4;1018,4;1018,3;0;12,3;11,7;12,8;12;11,9;11,5;99;94;97;216;1,1;,7;
2026/06/03;0100 UTC;0;1018,3;1018,6;1018,2;0;11,8;11,6;12;11,5;11,8;11,1;99;97;99;263;1,3;,6;
2026/06/03;0200 UTC;0;1018,6;1018,8;1018,5;0;11,5;11,4;11,6;11,4;11,5;11,2;100;99;99;83;1,4;,8;
2026/06/03;0300 UTC;0;1018,8;1019;1018,8;0;11,6;11,5;11,7;11,5;11,7;11,4;100;99;100;267;1,5;,8;
2026/06/03;0400 UTC;0;1018,9;1019;1018,8;0;11,4;11,2;11,7;11,2;11,4;11,1;100;99;99;286;1,9;1,2;
2026/06/03;0500 UTC;0;1018,8;1018,9;1018,5;0;10,8;10,7;11,2;10,4;11,1;10,4;100;99;100;280;,9;,5;
2026/06/03;0600 UTC;0;1018,1;1018,5;1017,8;0;10,5;10,5;10,7;10,3;10,7;10,3;100;100;100;192;1,6;,9;
2026/06/03;0700 UTC;0;1017,6;1017,9;1017,3;0;10,4;10,4;10,5;10;10,6;10,1;100;100;100;265;1,1;,7;
2026/06/03;0800 UTC;0;1017,4;1017,5;1017,3;0;9,8;9,8;10;9,5;10,1;9,5;100;100;100;155;,9;,4;
2026/06/03;0900 UTC;0;1017,5;1017,7;1017,4;0;9,4;9,4;9,6;9,2;9,6;9,2;100;100;100;287;1,2;,7;
2026/06/03;1000 UTC;0;1017,7;1018;1017,6;0;9,3;9,3;9,4;9,2;9,5;9,2;100;100;100;106;1,2;,7;
2026/06/03;1100 UTC;0;1018,3;1018,5;1018;22,9;9,3;9,3;9,5;9,1;9,6;9,2;100;100;100;321;1,2;,8;
2026/06/03;1200 UTC;0;1018,7;1018,9;1018,5;280,9;9,7;9,7;10,3;9,2;10,3;9,2;100;100;100;69;1,8;,8;
2026/06/03;1300 UTC;0;1019,2;1019,6;1018,9;1158,7;11,9;11,3;13,9;10,2;12;10,2;100;90;97;318;4,2;1,9;
2026/06/03;1400 UTC;0;1019,5;1019,7;1019,4;1718,3;15,2;12,2;16,3;14;13;11,5;90;80;85;297;;2,5;
2026/06/03;1500 UTC;0;1019,2;1019,4;1018,9;2099;17,3;12,8;18,1;16,1;13,5;12,4;83;73;78;88;;1,2;
2026/06/03;1600 UTC;0;1018,7;1019;1018,5;2215,4;18,7;13,6;19,3;18;14,4;12,9;78;71;75;169;4;1,9;
2026/06/03;1700 UTC;0;1018,1;1018,5;1017,7;2018,5;19;13,9;19,6;18,4;14,5;13,4;77;72;75;164;3,2;1,5;
2026/06/03;1800 UTC;0;1017,4;1017,7;1017,2;1743,9;19,8;14,5;20,1;19,4;15;13,9;76;71;73;146;3,5;1,9;
2026/06/03;1900 UTC;0;1017;1017,2;1016,9;1231,7;20,3;14,8;20,4;20,1;15,1;14,4;75;71;72;149;3;1,8;
2026/06/03;2000 UTC;0;1017,1;1017,3;1017;585,6;19,9;14,9;20,5;19;15,3;14,7;79;73;75;149;3,5;1,6;
2026/06/03;2100 UTC;0;1017,4;1017,6;1017,2;52;17,9;14,9;19;16,4;15,3;14,6;94;78;85;62;1,2;,6;
2026/06/03;2200 UTC;0;1017,6;1017,7;1017,6;0;15,5;14,9;16,3;15;15,3;14,5;98;95;97;80;1,8;1;
2026/06/03;2300 UTC;0;1017,7;1017,9;1017,6;0;14,9;14,4;15,1;14,6;14,7;14,1;98;96;97;323;2,9;1,5;
2026/06/04;0000 UTC;0;1018,3;1018,6;1017,9;0;14,1;13,7;14,8;13,5;14,1;13,2;99;96;98;322;2,2;1,8;
2026/06/04;0100 UTC;0;1018,6;1018,7;1018,5;0;13,6;13,5;13,8;13,4;13,7;13,2;100;99;99;297;2,5;1,1;
2026/06/04;0200 UTC;0;1018,6;1018,8;1018,5;0;13;12,9;13,3;12,7;13,1;12,7;100;99;100;321;2,3;1,5;
2026/06/04;0300 UTC;0;1019;1019,2;1018,8;0;12,6;12,5;13,1;12,3;13,2;12,2;100;99;100;258;1,3;,8;
2026/06/04;0400 UTC;0;1019;1019,2;1018,9;0;12,3;12,4;12,7;12,1;12,7;12,1;100;100;100;315;2,1;1,2;
2026/06/04;0500 UTC;0;1018,9;1019;1018,8;0;12,5;12,5;12,8;12,2;12,8;12,2;100;100;100;292;2,6;1,1;
2026/06/04;0600 UTC;0;1019;1019,1;1019;0;12,3;12,4;12,6;12,1;12,6;12,2;100;100;100;325;2,3;1,5;
2026/06/04;0700 UTC;0;1019;1019,1;1019;0;12,3;12,4;12,6;11,9;12,6;12;100;100;100;213;1,5;,9;
2026/06/04;0800 UTC;0;1018,8;1019;1018,6;0;11,4;11,5;11,9;10,9;11,9;10,9;100;100;100;285;2,6;1,6;
2026/06/04;0900 UTC;0;1018,8;1019,1;1018,6;0;11,4;11,4;11,5;11,3;11,5;11,3;100;100;100;306;2;1,2;
2026/06/04;1000 UTC;0;1019,5;1019,7;1019,2;0;10,7;10,8;11,2;10,3;11,2;10,3;100;100;100;126;,6;,2;
2026/06/04;1100 UTC;0;1020,1;1020,4;1019,7;24;10,2;10,2;10,5;10;10,5;10;100;100;100;109;1;,5;
2026/06/04;1200 UTC;,2;1020,5;1020,5;1020,3;424;11,1;11;12,2;10,1;12;10,1;100;98;100;146;1,6;1;
2026/06/04;1300 UTC;0;1020,7;1020,9;1020,5;1190,6;13,5;12,1;14,9;12;12,8;11,6;98;86;93;107;;;
2026/06/04;1400 UTC;0;1020,5;1020,9;1020,2;1699,7;16,4;12,6;18;15;13,4;12,1;88;74;81;47;;;
2026/06/04;1500 UTC;0;1020,1;1020,3;1019,9;2098,3;19,2;13,5;20,4;17,8;14,1;12,6;76;65;71;160;2,8;1,1;
2026/06/04;1600 UTC;0;1019,5;1019,9;1019,1;2236,5;20,6;13,7;21,3;20;14,7;13,3;70;62;66;99;2,8;1,4;
2026/06/04;1700 UTC;0;1018,6;1019,1;1018,1;2028,6;21,7;14,7;22,1;21,3;15,5;14;68;63;65;127;2,5;1,4;
2026/06/04;1800 UTC;0;1017,9;1018,1;1017,7;1729,8;22,4;15,1;22,7;21,9;15,8;14,6;66;61;64;136;3,2;2;
2026/06/04;1900 UTC;0;1017,5;1017,7;1017,3;1223,7;22,5;15,1;22,7;22,3;15,6;14,8;66;61;63;140;3,1;2;
2026/06/04;2000 UTC;0;1017,4;1017,5;1017,3;445,4;21,3;14,9;22,5;20,2;15,3;14,6;74;61;68;135;2,9;1,7;
2026/06/04;2100 UTC;0;1017,4;1017,5;1017,2;68,9;19,2;14,8;20,2;17,4;15,5;14,5;90;73;78;86;1,6;,7;
2026/06/04;2200 UTC;0;1017,2;1017,3;1017,1;0;16,3;15,2;17,3;15,6;15,5;14,7;97;91;95;205;1,2;,8;
2026/06/04;2300 UTC;0;1017,1;1017,2;1017;0;15,3;14,6;15,6;15;15;14,3;97;96;97;135;1,3;,9;
2026/06/05;0000 UTC;0;1017,3;1017,4;1017,2;0;14,6;14,1;15,1;14,2;14,4;13,8;99;96;97;309;1,3;,8;
2026/06/05;0100 UTC;0;1017,3;1017,4;1017,2;0;14;13,8;14,3;13,8;14,1;13,6;99;98;99;305;2,4;1,6;
2026/06/05;0200 UTC;0;1017,4;1017,5;1017,3;0;13,7;13,5;14,2;13,4;13,9;13,2;100;98;99;304;2,3;1,6;
2026/06/05;0300 UTC;0;1017,1;1017,4;1016,9;0;13,3;13,2;13,8;13;13,8;12,9;100;99;99;285;2,2;1,4;
2026/06/05;0400 UTC;0;1016,7;1016,9;1016,5;0;12,7;12,7;13,2;12,4;13,2;12,4;100;99;100;319;1,7;1,1;
2026/06/05;0500 UTC;0;1016,4;1016,5;1016,1;0;12,1;12,2;12,3;11,8;12,3;11,8;100;100;100;269;1,1;,6;
2026/06/05;0600 UTC;0;1016,1;1016,2;1016;0;11,9;11,9;12,3;11,6;12,3;11,7;100;100;100;232;,8;,3;
2026/06/05;0700 UTC;0;1015,9;1016;1015,8;0;11,4;11,4;12;11;12;11;100;100;100;245;,9;,3;
2026/06/05;0800 UTC;0;1016;1016,1;1015,8;0;10,8;10,9;11,2;10,4;11,2;10,5;100;100;100;297;1,3;,8;
2026/06/05;0900 UTC;0;1016,3;1016,5;1016,2;0;10,8;10,8;11,1;10,5;11,1;10,6;100;100;100;314;2,6;1,6;
2026/06/05;1000 UTC;0;1016,5;1016,6;1016,4;0;11,7;11,6;12,2;11,2;11,9;11,2;100;98;99;298;3,7;3;
2026/06/05;1100 UTC;0;1016,6;1016,7;1016,6;29,3;12,4;11,8;12,8;11,9;12;11,5;99;95;97;294;4,5;3,6;
2026/06/05;1200 UTC;0;1016,8;1016,9;1016,5;130,1;14,4;12,5;16,2;12,8;13,2;11,8;96;84;91;302;4,2;3,3;
2026/06/05;1300 UTC;0;1017,4;1017,5;1017;;17,3;13,5;18,5;16,3;14,1;12,9;84;77;81;;;;
2026/06/05;1400 UTC;0;1017,3;1017,5;1016,9;;19,7;14,6;20,6;18,5;15,1;13,9;78;71;74;;;;
2026/06/05;1500 UTC;0;1016,4;1016,9;1016,2;;21,6;15,2;22,4;20,6;15,6;14,7;72;64;68;;;;
2026/06/05;1600 UTC;0;1015,7;1016,1;1015,3;;23,1;15,7;23,9;22,4;16,3;15,2;67;60;63;;;;
2026/06/05;1700 UTC;0;1014,9;1015,3;1014,5;;24,1;16,2;24,7;23,6;16,7;15,8;64;58;61;;;;
2026/06/05;1800 UTC;0;1014,1;1014,4;1013,8;;24,9;16,7;25,4;24,2;17,2;16,2;63;57;59;;;;
2026/06/05;1900 UTC;0;1013,6;1013,8;1013,3;;25,7;17,1;26;25,3;17,6;16,6;60;55;57;;;;
2026/06/05;2000 UTC;0;1013,1;1013,3;1012,8;;24,9;17,6;25,9;23,9;18,4;17,1;72;57;64;;;;
2026/06/05;2100 UTC;0;1013,1;1013,1;1013;;21,9;17,3;24;20,5;18,2;16,7;85;68;77;;;;
2026/06/05;2200 UTC;0;1012,9;1013;1012,9;;19,5;17,2;20,5;18,6;17,6;16,9;93;83;89;;;;
2026/06/05;2300 UTC;0;1013;1013,1;1012,9;;18,2;16,9;18,7;17,6;17,1;16,6;96;92;94;;;;
2026/06/06;0000 UTC;0;1012,9;1013;1012,9;;17,8;16,6;18,1;17,4;16,8;16,3;97;91;94;;;;
2026/06/06;0100 UTC;0;1012,8;1012,9;1012,7;0;17,3;16,4;17,5;17,2;16,5;16,2;96;95;95;293;3,1;2;
2026/06/06;0200 UTC;0;1012,8;1012,9;1012,7;0;16,7;15,9;17,1;16,3;16,2;15,5;97;95;96;292;2,7;1,6;
2026/06/06;0300 UTC;0;1012,8;1012,9;1012,7;0;16,1;15,2;16,4;15,6;15,6;14,9;97;95;96;311;3,9;2,3;
2026/06/06;0400 UTC;0;1012,7;1012,8;1012,6;0;15,5;14,7;16,1;15;15,1;14,4;97;95;96;304;3,7;2,5;
2026/06/06;0500 UTC;0;1012,6;1012,7;1012,6;0;15,1;14,2;15,3;14,7;14,4;13,9;97;94;95;315;3,8;2,8;
2026/06/06;0600 UTC;0;1012,4;1012,6;1012,2;0;14,8;13,9;15;14,7;14;13,8;96;95;95;301;3,9;2,9;
2026/06/06;0700 UTC;0;1012;1012,2;1011,9;0;14,5;13,7;14,7;14,3;13,8;13,5;97;95;96;308;3,1;2,3;
2026/06/06;0800 UTC;0;1011,9;1011,9;1011,8;0;14,4;13,6;14,8;14,2;13,7;13,5;97;95;96;317;3;1,9;
2026/06/06;0900 UTC;0;1011,6;1011,8;1011,5;0;14,1;13,4;14,4;13,9;13,6;13,2;97;95;96;309;2,4;1,6;
2026/06/06;1000 UTC;0;1011,6;1011,7;1011,5;0;14,1;13,3;14,2;13,9;13,5;13,2;97;95;96;310;3,2;1,9;
2026/06/06;1100 UTC;0;1011,9;1012,1;1011,7;63,9;14,2;13,2;14,4;14;13,3;13,2;96;94;95;315;3,6;2,4;
2026/06/06;1200 UTC;0;1012,3;1012,4;1012,1;351,3;15,2;13,6;16;14,4;14,3;13,3;95;90;92;306;4,6;2,3;
2026/06/06;1300 UTC;0;1012,3;1012,4;1012,1;788,7;17;14,4;18,3;16;15;13,9;91;81;87;286;;;
2026/06/06;1400 UTC;0;1012,2;1012,4;1012;1565;19,9;15,4;21,5;18,3;16,2;14,5;83;72;78;251;1,4;,6;
2026/06/06;1500 UTC;0;1011,8;1012,1;1011,6;1544,9;22,5;16,6;23,9;21,5;17,3;16;75;65;70;259;2,9;1,3;
2026/06/06;1600 UTC;0;1011,1;1011,6;1010,6;2071,3;24,1;16,7;24,9;23,5;17,6;16,1;67;61;63;275;3,8;1,4;
2026/06/06;1700 UTC;0;1010,2;1010,6;1009,9;1714,4;24,6;17,4;25,1;24,1;18,2;16,9;68;61;64;169;4,2;1,8;
2026/06/06;1800 UTC;0;1009,7;1009,9;1009,5;1157,6;24,1;17,6;24,5;23,8;18,4;17,2;71;65;68;150;3,2;1,7;
2026/06/06;1900 UTC;0;1009,5;1009,6;1009,4;826,4;23,9;17,5;24,1;23,3;18;17,1;72;66;68;140;2,6;1,6;
2026/06/06;2000 UTC;0;1009,7;1009,8;1009,6;335,7;23;17,8;23,3;22,5;18,4;17,4;79;71;74;130;1,3;,8;
2026/06/06;2100 UTC;0;1009,8;1009,9;1009,7;42,9;21,1;18,2;22,5;20,1;18,7;17,9;91;77;86;76;1,1;,6;
2026/06/06;2200 UTC;0;1009,8;1009,9;1009,7;0;19,6;17,6;20;19;18;17,4;93;89;90;114;1,1;,7;
2026/06/06;2300 UTC;0;1010;1010,1;1009,9;0;19,2;17,4;19,5;18,9;17,7;17,2;93;89;91;241;1,6;1,1;
2026/06/07;0000 UTC;0;1010,2;1010,3;1010,1;0;18,3;17,2;18,8;18,2;17,4;17;95;93;94;325;2,1;1,3;
2026/06/07;0100 UTC;0;1010,1;1010,2;1009,9;0;18,2;17,2;18,6;17,8;17,4;17;96;94;95;0;;1,8;
2026/06/07;0200 UTC;,4;1010,2;1010,4;1010;0;18,3;17,3;18,5;18,1;17,5;17;97;94;95;328;2,2;1,6;
2026/06/07;0300 UTC;0;1010,2;1010,3;1010,1;0;18;17,5;18,1;17,9;17,6;17,4;98;96;97;285;1,3;,6;
2026/06/07;0400 UTC;0;1010,1;1010,2;1010;0;17,7;17,5;17,9;17,6;17,5;17,4;99;98;99;311;1,6;1,2;
2026/06/07;0500 UTC;0;1010;1010;1009,9;0;17,4;17,3;17,6;17,3;17,5;17,1;100;99;99;224;1,8;1,1;
2026/06/07;0600 UTC;0;1009,9;1010;1009,7;0;17,2;17,1;17,3;17;17,3;16,9;100;99;100;109;1,6;,6;
2026/06/07;0700 UTC;0;1009,5;1009,8;1009,1;0;16,7;16,7;16,9;16,5;16,9;16,5;100;100;100;230;,9;,4;
2026/06/07;0800 UTC;0;1009;1009,2;1008,9;0;16,5;16,5;16,6;16,3;16,6;16,4;100;100;100;116;1,4;,5;
2026/06/07;0900 UTC;0;1009,3;1009,5;1009;0;16,8;16,9;16,9;16,6;16,9;16,6;100;100;100;117;1,4;,7;
2026/06/07;1000 UTC;0;1009,9;1010,2;1009,3;0;16,9;16,9;17;16,9;17;16,9;100;100;100;150;3;1,6;
2026/06/07;1100 UTC;,2;1010,5;1010,8;1010,2;14,7;16,9;16,9;17;16,9;17,1;16,9;100;100;100;155;2,3;1,2;
2026/06/07;1200 UTC;,2;1011,1;1011,3;1010,7;82,3;16,9;16,9;17;16,8;17;16,8;100;100;100;143;2,3;1,1;
2026/06/07;1300 UTC;,2;1011,5;1011,8;1011,2;0;16,9;16,9;17;16,8;17,1;16,9;100;100;100;92;,8;,5;
2026/06/07;1400 UTC;0;1011,4;1011,4;1011,3;179,5;16,8;16,8;17;16,5;17,1;16,5;100;100;100;148;4,6;2,6;
2026/06/07;1500 UTC;0;1011,2;1011,4;1011,1;217,5;16,5;16,6;16,6;16,4;16,7;16,5;100;100;100;164;3,1;1,2;
2026/06/07;1600 UTC;0;1010,9;1011,2;1010,7;257,9;16,8;16,8;16,9;16,5;17;16,6;100;100;100;183;3,8;1,2;
2026/06/07;1700 UTC;0;1010,3;1010,8;1010,1;200,1;16,8;16,7;16,9;16,7;16,9;16,5;100;99;99;155;3,6;1,7;
2026/06/07;1800 UTC;0;1010,1;1010,1;1010,1;118,2;16,7;16,5;16,7;16,7;16,6;16,5;99;99;99;158;3,2;1,7;
2026/06/07;1900 UTC;0;1010,1;1010,2;1010;117,5;16,8;16,6;16,9;16,7;16,7;16,5;99;99;99;182;1,9;,7;
2026/06/07;2000 UTC;0;1010,1;1010,2;1009,9;69,4;17;16,5;17,1;16,9;16,6;16,4;98;97;98;154;2,1;,9;
2026/06/07;2100 UTC;0;1010,4;1010,6;1010,1;6,8;17;16,6;17,1;16,9;16,7;16,3;99;97;98;155;3,1;1,5;
2026/06/07;2200 UTC;0;1010,5;1010,7;1010,4;0;16,7;16,1;16,9;16,6;16,3;15,9;97;96;97;153;4;1,7;
2026/06/07;2300 UTC;0;1011;1011,3;1010,6;0;16,6;15,9;16,7;16,6;16,1;15,7;97;95;96;156;2,8;1,6;
2026/06/08;0000 UTC;0;1011,2;1011,5;1011;0;16,6;15,9;16,7;16,6;16,1;15,7;97;95;97;169;1,8;,9;
2026/06/08;0100 UTC;0;1011,7;1011,8;1011,6;0;16,6;16;16,6;16,6;16,1;15,9;97;97;97;125;1;,3;
2026/06/08;0200 UTC;0;1011,6;1011,6;1011,5;0;16,5;15,8;16,5;16,4;16,1;15,2;98;94;97;159;3,1;1,8;
2026/06/08;0300 UTC;,2;1011,4;1011,6;1011,2;0;16,2;15,1;16,4;15,9;15,2;15;96;93;95;159;2,9;1,8;
2026/06/08;0400 UTC;2,4;1011,5;1011,6;1011,2;0;15,7;15,3;15,9;15,4;15,4;15,1;99;96;98;161;19,9;5,2;
2026/06/08;0500 UTC;1;1011,4;1011,6;1011,3;0;15,2;15,1;15,4;15,1;15,3;15;100;99;99;171;2,7;1,2;
2026/06/08;0600 UTC;,6;1011,1;1011,4;1010,8;0;15,1;15,1;15,1;15,1;15,1;15;100;100;100;174;2,4;,9;
2026/06/08;0700 UTC;0;1010,6;1010,8;1010,2;0;15,1;15,1;15,1;15;15,2;15;100;100;100;178;3,3;1,2;
2026/06/08;0800 UTC;0;1010,4;1011;1010,1;0;14,9;14,9;15;14,9;15;14,9;100;100;100;169;2,6;1,3;
2026/06/08;0900 UTC;1,4;1010,3;1010,7;1010,1;0;14,9;14,9;15;14,9;15;14,9;100;100;100;174;2,6;1,2;
2026/06/08;1000 UTC;,6;1010,4;1010,5;1010,2;0;14,9;14,9;14,9;14,8;14,9;14,8;100;100;100;246;1,3;,7;
2026/06/08;1100 UTC;,2;1010,6;1010,7;1010,5;5,4;14,9;14,9;15;14,8;15;14,9;100;100;100;111;1,1;,6;
2026/06/08;1200 UTC;1;1010,7;1011,1;1010,5;55,9;15;14,9;15,1;14,9;15,1;14,8;100;99;100;193;1,2;,5;
2026/06/08;1300 UTC;,4;1011,4;1011,5;1011,1;180,3;15,2;15;15,6;15,1;15,3;14,8;100;97;99;117;2,3;1,3;
2026/06/08;1400 UTC;0;1011,5;1011,6;1011,3;840,4;16,2;15;16,6;15,6;15,4;14,5;98;89;94;169;1,2;,7;
2026/06/08;1500 UTC;0;1011,2;1011,4;1011;871,9;16,9;14,9;17,2;16,6;15,6;14,1;93;87;90;272;2;1,2;
2026/06/08;1600 UTC;0;1010,6;1011;1010,1;1548,7;18,5;15,3;19,5;17,2;16,1;14,6;88;80;84;297;2,2;,8;
2026/06/08;1700 UTC;0;1009,8;1010,1;1009,6;1133,6;19,4;15,9;19,9;18,8;16,6;15,4;86;80;83;202;2,8;1;
2026/06/08;1800 UTC;0;1009,6;1009,6;1009,4;943,5;19,6;16,4;20;19,3;16,8;15,9;87;80;84;135;2,7;1,3;
2026/06/08;1900 UTC;0;1009,5;1009,6;1009,5;724,1;19,8;16,6;20,5;19,4;17;16;86;80;84;146;2,7;1,5;
2026/06/08;2000 UTC;0;1009,5;1009,7;1009,4;202,5;19,2;16,6;19,5;19;17;16,3;89;85;87;105;1,7;,8;
2026/06/08;2100 UTC;0;1009,9;1009,9;1009,7;31,6;18,7;16,7;19;18,1;17,1;15,6;94;84;90;71;1;,4;
2026/06/08;2200 UTC;0;1010;1010,1;1009,8;0;16,8;16,2;18,1;16;16,9;15,6;98;94;97;61;1,7;,9;
2026/06/08;2300 UTC;0;1010,2;1010,3;1010,1;0;15,5;15,2;16;15,2;15,6;14,7;99;97;98;323;1,9;1,2;
2026/06/09;0000 UTC;0;1010,4;1010,5;1010,2;0;15,7;14,8;16;15,3;15;14,7;97;94;96;318;1,4;,9;
2026/06/09;0100 UTC;0;1010,6;1010,9;1010,5;0;15,7;15;15,9;15,7;15,2;14,9;97;95;97;285;1,6;1,1;
2026/06/09;0200 UTC;0;1010,8;1010,9;1010,7;0;15,6;15,1;15,7;15,6;15,2;15;98;97;97;276;1;,6;
2026/06/09;0300 UTC;0;1010,8;1010,9;1010,7;0;16,3;14,3;17,2;15,6;15,1;13,6;98;82;90;247;2;1,1;
2026/06/09;0400 UTC;0;1010,8;1010,9;1010,7;0;16,4;14,1;16,5;15,9;14,3;13,9;91;87;88;331;2,9;1,8;
2026/06/09;0500 UTC;0;1010,8;1010,8;1010,6;0;16,7;13,8;16,8;16,5;14,1;13,5;87;84;86;276;2,9;1,7;
2026/06/09;0600 UTC;0;1010,6;1010,8;1010,5;0;15,3;13,5;16,6;14,1;13,7;13,3;98;84;91;181;,9;,6;
2026/06/09;0700 UTC;0;1010,6;1010,7;1010,5;0;14;13,6;14,4;13,6;13,7;13,4;99;95;98;332;2,4;1,6;
2026/06/09;0800 UTC;0;1010,5;1010,6;1010,5;0;13,6;13;14,5;13,1;13,4;12,8;99;94;97;286;1,8;1,3;
2026/06/09;0900 UTC;0;1010,7;1010,8;1010,5;0;13,4;13,2;13,5;13,3;13,3;13,1;100;98;99;294;2,3;1,7;
2026/06/09;1000 UTC;;;;;;;;;;;;;;;;;;
2026/06/09;1100 UTC;;;;;;;;;;;;;;;;;;
2026/06/09;1200 UTC;0;1012;1012,3;1011,7;213,1;15,2;13,7;16;14,3;14;13,4;97;89;93;296;2,2;1,6;
2026/06/09;1300 UTC;0;1012,5;1012,9;1012,2;304;16,2;13,7;16,7;15,8;14,5;13;93;83;87;129;2,3;1,3;
2026/06/09;1400 UTC;0;1012,9;1013;1012,7;370;16;14,1;16,5;15,7;14,4;13,7;93;86;90;134;1,6;,9;
2026/06/09;1500 UTC;0;1012,4;1012,6;1012;1117,4;17;13,3;18,1;16,4;14;12,6;88;74;82;204;;,8;
2026/06/09;1600 UTC;0;1011,6;1012;1011,3;819,9;17,6;12,8;18,2;17,4;13,8;12,4;80;72;76;148;2;,9;
2026/06/09;1700 UTC;0;1010,8;1011,3;1010,5;857,7;17,7;13,2;18,4;17,4;14;12,6;82;72;78;156;1,9;,7;
2026/06/09;1800 UTC;0;1010,2;1010,5;1010;810,6;18,3;13,3;18,5;18,2;14,1;12,7;78;72;75;140;2,7;1,6;
2026/06/09;1900 UTC;0;1010,1;1010,2;1010;500,6;18,2;13,1;18,5;17,8;13,8;12,4;77;72;74;166;2,4;,9;
2026/06/09;2000 UTC;0;1010,2;1010,5;1010;101,2;17,2;12,6;17,8;16,8;13,4;11,8;82;72;77;124;2,8;1,3;
2026/06/09;2100 UTC;0;1010,9;1011,1;1010,5;3,5;16,6;13,2;16,8;16,4;13,9;12,8;87;80;83;201;,6;,3;
2026/06/09;2200 UTC;0;1011,1;1011,2;1011;0;15,2;13,5;16,4;14;14;12,7;96;82;91;42;1,6;,9;
2026/06/09;2300 UTC;0;1011;1011,2;1010,9;0;13,3;12,7;14;12,7;13,3;12,2;98;97;97;93;,8;,4;
2026/06/10;0000 UTC;0;1011,2;1011,7;1011;0;12,4;12,1;12,6;12,3;12,3;11,9;99;98;99;308;1,9;1;
2026/06/10;0100 UTC;0;1012,2;1012,5;1011,9;0;12,4;12,1;12,6;12,2;12,3;11,9;99;98;98;299;2,1;,9;
2026/06/10;0200 UTC;0;1012,1;1012,4;1011,8;0;12,3;12;12,5;12,1;12,1;11,9;99;98;99;268;,9;,4;
2026/06/10;0300 UTC;0;1011,8;1012,2;1011,5;0;12,1;11,8;12,3;12;12,1;11,5;99;97;98;294;1,7;1;
2026/06/10;0400 UTC;0;1011,3;1011,6;1011;0;12,1;11,8;12,2;11,8;12;11,6;100;97;99;321;1,1;,6;
2026/06/10;0500 UTC;0;1010,7;1011,1;1010,4;0;11,5;11,4;11,8;11,2;11,6;11,2;100;99;100;319;1,1;,6;
2026/06/10;0600 UTC;0;1010,3;1010,5;1009,9;0;10,9;10,9;11,2;10,7;11,2;10,7;100;100;100;256;1,6;,8;
2026/06/10;0700 UTC;0;1009,7;1010;1009,5;0;10,6;10,7;10,8;10,5;10,9;10,5;100;100;100;234;1,6;,8;
2026/06/10;0800 UTC;0;1009,8;1010,1;1009,6;0;10,7;10,7;10,8;10,6;10,8;10,6;100;100;100;115;1,3;,6;
2026/06/10;0900 UTC;0;1010;1010,4;1009,7;0;11;11,1;11,2;10,8;11,2;10,9;100;100;100;239;,8;,4;
2026/06/10;1000 UTC;0;1010,4;1010,5;1010,1;0;11,3;11,3;11,5;11,2;11,5;11,2;100;100;100;321;1,7;,9;
2026/06/10;1100 UTC;0;1010,5;1010,7;1010,3;23,9;11,7;11,7;11,8;11,6;11,8;11,6;100;100;100;217;1,7;,9;
2026/06/10;1200 UTC;0;1010,5;1010,6;1010,4;211,7;11,9;11,9;12,1;11,7;12,1;11,8;100;100;100;274;2,4;1,5;
2026/06/10;1300 UTC;0;1010,7;1010,9;1010,6;519,3;12,6;12,1;13,1;12,1;12,3;11,8;100;94;97;185;1,5;,7;
2026/06/10;1400 UTC;0;1010,8;1010,9;1010,7;785,8;13,8;11,8;14,1;13,1;12,6;11,3;94;87;90;155;2,3;1,3;
2026/06/10;1500 UTC;0;1010,5;1010,8;1010,4;810,3;13,8;12,2;14;13,5;12,7;11,7;95;89;92;151;2,6;1,3;
2026/06/10;1600 UTC;0;1010;1010,5;1009,6;1404,1;14,9;12,2;15,6;14;12,9;11,6;92;84;87;113;2,1;1,1;
2026/06/10;1700 UTC;0;1009,3;1009,6;1008,8;1827,2;16,5;12,8;17,2;15,6;13,5;12,2;86;78;82;137;2,8;1,6;
2026/06/10;1800 UTC;0;1008,5;1008,9;1008,1;1076,5;17,4;13,3;18,2;16,8;14,1;12,8;84;75;80;135;3,6;2,1;
2026/06/10;1900 UTC;0;1007,6;1008,1;1007,4;1167,7;18,3;13,7;18,7;17,8;14,1;13,2;80;74;77;158;5,1;2,5;
2026/06/10;2000 UTC;0;1007,4;1007,6;1007,3;359,1;17,4;13,6;18,1;16,8;14;13,4;84;78;81;149;3,6;1,8;
2026/06/10;2100 UTC;0;1007,7;1007,8;1007,5;74,4;16,3;13,5;16,8;15,8;13,8;13,2;89;83;86;144;2,7;1,4;
2026/06/10;2200 UTC;0;1008,1;1008,3;1007,8;0;15,5;13,5;15,8;15,1;13,8;13,2;91;89;90;179;4;1,6;
2026/06/10;2300 UTC;0;1008,4;1008,6;1008,3;0;14,7;13;15,1;14,5;13,3;12,8;92;91;92;154;2,3;1,1;
2026/06/11;0000 UTC;0;1008,5;1008,7;1008,4;0;14,3;12,9;14,5;14,1;13,1;12,8;95;92;93;114;1,3;,6;
2026/06/11;0100 UTC;0;1008,7;1009;1008,6;0;14;13;14,1;13,9;13,2;12,8;96;94;95;131;1;,5;
2026/06/11;0200 UTC;0;1008,9;1009;1008,8;0;13,8;12,9;13,9;13,7;13,1;12,7;96;94;96;152;,8;,4;
2026/06/11;0300 UTC;0;1008,9;1009;1008,7;0;13,6;13;13,8;13,4;13,1;12,8;97;96;97;80;1,2;,6;
2026/06/11;0400 UTC;0;1008,6;1008,8;1008,5;0;13,2;12,7;13,5;12,7;13;12,3;98;97;98;67;,8;,3;
2026/06/11;0500 UTC;0;1008,4;1008,6;1008,2;0;12,6;12,5;13;12,4;13;12,3;100;99;100;151;1;,4;
2026/06/11;0600 UTC;0;1008,4;1008,6;1008,3;0;13,4;13;13,5;13;13;12,9;100;97;98;196;1,3;,6;
2026/06/11;0700 UTC;0;1008,3;1008,6;1008;0;13,4;13;13,4;13,4;13,1;12,8;99;97;98;145;2,5;1,3;
2026/06/11;0800 UTC;0;1008,3;1008,4;1008,1;0;13,3;12,8;13,4;13,3;13;12,7;98;97;98;142;1,3;,7;
2026/06/11;0900 UTC;0;1008,3;1008,5;1008,2;0;13,3;12,7;13,3;13,2;12,8;12,7;98;97;97;170;,7;,3;
2026/06/11;1000 UTC;0;1009,1;1009,6;1008,5;0;13,4;12,9;13,5;13,3;13;12,7;98;97;97;140;1;,5;
2026/06/11;1100 UTC;0;1009,6;1009,7;1009,5;8,9;13,5;13;13,6;13,5;13,1;12,9;98;97;97;145;1,2;,5;
2026/06/11;1200 UTC;0;1009,8;1010,2;1009,6;98,7;13,7;12,9;13,8;13,5;13,1;12,8;97;95;96;138;1,3;,7;
2026/06/11;1300 UTC;0;1010,4;1010,5;1010,2;196,3;14;13;14,1;13,8;13,2;12,7;96;94;95;155;2;1,1;
2026/06/11;1400 UTC;0;1010,5;1010,6;1010,4;158;14,2;13,4;14,3;14;13,5;13,2;97;95;96;158;2,5;1,2;
2026/06/11;1500 UTC;0;1010,3;1010,6;1010;266,3;14,6;13,3;14,8;14,3;13,6;13,1;96;92;94;147;2,6;1,3;
2026/06/11;1600 UTC;0;1009,6;1010;1009,4;333,2;15;13,3;15,1;14,7;13,5;13;93;90;91;153;2,1;1,2;
2026/06/11;1700 UTC;0;1008,8;1009,5;1008,2;276,8;15,2;13,4;15,4;15,1;13,6;13,1;92;89;91;144;3,3;1,8;
2026/06/11;1800 UTC;0;1008;1008,2;1007,7;229,8;15,4;13,4;15,5;15,3;13,7;13,2;91;89;90;157;4,3;2,1;
2026/06/11;1900 UTC;0;1007,6;1007,8;1007,2;132,1;15,3;13,4;15,5;15,1;13,6;13,3;92;89;90;168;4;2,1;
2026/06/11;2000 UTC;0;1007,6;1008;1007,4;41,7;15,1;13,6;15,2;15;13,8;13,4;94;92;93;158;4,3;2;
2026/06/11;2100 UTC;0;1007,9;1008,1;1007,6;3,5;15;13,6;15;15;13,7;13,6;93;93;93;141;2,8;1,4;
2026/06/11;2200 UTC;,2;1007,8;1007,9;1007,6;0;15;13,8;15;14,8;14;13,6;96;93;94;144;2,9;1,7;
2026/06/11;2300 UTC;0;1007,3;1007,6;1007,1;0;14,6;14,2;14,8;14,5;14,5;14;99;96;98;153;4,3;2,1;
2026/06/12;0000 UTC;,2;1006,5;1007,1;1006,2;0;14,6;14,4;14,7;14,5;14,5;14,4;100;99;99;157;4,9;2,2;
2026/06/12;0100 UTC;0;1006,7;1007;1006,3;0;14,7;14,4;14,8;14,6;14,5;14,4;99;98;98;155;3,6;1,8;
2026/06/12;0200 UTC;;;;;;;;;;;;;;;;;;
2026/06/12;0300 UTC;3,2;1005,7;1006,7;1004,9;0;14,7;14,6;14,8;14,6;14,7;14,6;100;99;100;9;;;
2026/06/12;0400 UTC;1,6;1004,8;1005,1;1004,4;0;14,7;14,6;14,7;14,6;14,7;14,6;100;100;100;114;;;
2026/06/12;0500 UTC;3;1004,1;1005,1;1003,7;0;14,6;14,6;14,7;14,6;14,6;14,6;100;100;100;51;;;
2026/06/12;0600 UTC;1;1003,2;1003,9;1002;0;14,6;14,7;14,7;14,6;14,7;14,6;100;100;100;273;;;
2026/06/12;0700 UTC;0;1002,6;1003;1002,2;0;14,8;14,7;14,8;14,6;14,7;14,6;100;99;100;33;;;
2026/06/12;0800 UTC;,4;1002,1;1002,3;1001,7;0;14,7;14,6;14,8;14,6;14,7;14,6;100;99;100;11;;;
2026/06/12;0900 UTC;1,4;1001,7;1001,8;1001,7;0;14,6;14,6;14,7;14,5;14,7;14,6;100;100;100;132;;;
2026/06/12;1000 UTC;,2;1001,9;1002;1001,8;0;14,5;14,6;14,6;14,5;14,6;14,5;100;100;100;106;;;
2026/06/12;1100 UTC;,4;1002,3;1002,7;1002,1;,1;14,6;14,6;14,7;14,6;14,7;14,6;100;100;100;358;;;
2026/06/12;1200 UTC;,4;1002,9;1003,3;1002,6;29,9;14,7;14,7;14,8;14,7;14,8;14,6;100;99;100;1;;;
2026/06/12;1300 UTC;,2;1003,6;1004;1003,3;128;14,9;14,7;15,2;14,8;14,8;14,5;100;96;99;2;;;
2026/06/12;1400 UTC;0;1004,1;1004,2;1003,9;238,9;15,5;14,5;15,6;15,2;14,8;14,1;98;93;95;4;;;
2026/06/12;1500 UTC;,2;1004,2;1004,3;1004,2;282,3;15,2;14,5;15,6;14,9;14,8;14,3;98;94;97;187;;;
2026/06/12;1600 UTC;,4;1004,1;1004,2;1004;298;14,9;14,4;15;14,8;14,7;14,1;98;96;97;36;;;
2026/06/12;1700 UTC;,4;1004;1004,1;1003,9;280,9;15;14,2;15,1;14,9;14,6;13,6;98;93;96;248;;3,1;
2026/06/12;1800 UTC;0;1004,2;1004,4;1004,1;364,4;15,4;13,7;15,5;15,1;14;13,1;94;88;91;261;3;,9;
2026/06/12;1900 UTC;,2;1004,7;1005;1004,4;176,9;15,5;13,2;15,7;15,3;14,2;12,7;94;86;89;214;5,5;1,4;
2026/06/12;2000 UTC;0;1005,2;1005,4;1004,9;154,1;15,7;13,3;15,9;15,6;13,7;12,7;91;85;88;228;4,3;1,4;
2026/06/12;2100 UTC;0;1005,8;1006,2;1005,5;14,1;15,5;13,2;15,8;15,2;13,9;12,7;94;85;89;310;1,8;1;
2026/06/12;2200 UTC;0;1006,7;1007,2;1006,3;0;14,9;13,8;15,1;14,9;14;13,7;95;93;94;321;2,2;1,3;
2026/06/12;2300 UTC;0;1007,7;1008,2;1007,2;0;15,1;13,4;15,3;15;13,8;13;94;89;91;178;2,4;,5;
2026/06/13;0000 UTC;0;1008,5;1008,8;1008,2;0;14,9;13,4;15,1;14,8;13,9;13;95;90;92;124;2,5;1,5;
2026/06/13;0100 UTC;0;1009,2;1009,4;1008,9;0;14,7;13,6;15,1;14,4;14;12,8;98;89;94;33;1,6;1,1;
2026/06/13;0200 UTC;0;1009,2;1009,3;1009,1;0;14,3;14;14,4;14,3;14,1;13,8;99;98;98;120;1;,5;
2026/06/13;0300 UTC;0;1009,1;1009,3;1009;0;14,2;13,9;14,3;14,2;14,1;13,8;99;98;98;152;,9;,3;
2026/06/13;0400 UTC;0;1009;1009,1;1008,9;0;14,3;13,6;14,4;14,2;13,8;13,4;98;95;96;310;1,2;,8;
2026/06/13;0500 UTC;0;1009,1;1009,2;1009;0;14,2;13,6;14,3;14,2;13,7;13,4;97;96;97;221;1,6;1,1;
2026/06/13;0600 UTC;0;1009,1;1009,3;1009;0;14,1;13,6;14,2;13,9;13,8;13,4;98;96;98;32;1,3;1;
2026/06/13;0700 UTC;0;1008,9;1009,1;1008,8;0;13,2;13;13,9;12,5;13,5;12,3;100;98;99;93;1;,5;
2026/06/13;0800 UTC;0;1008,8;1009;1008,6;0;12,5;12,2;12,7;12,2;12,4;11,9;100;97;98;160;1;,4;
2026/06/13;0900 UTC;0;1009,2;1009,5;1009;0;12,3;12,2;12,5;12;12,5;11,8;100;98;99;337;2,6;1,4;
2026/06/13;1000 UTC;0;1010;1010,4;1009,7;0;12,5;12,2;12,6;12,5;12,4;11,8;100;96;98;298;3,4;2;
2026/06/13;1100 UTC;0;1010,9;1011,4;1010,4;19,3;12,6;12,4;12,8;12,5;12,5;12,2;99;98;99;299;2,2;1,4;
2026/06/13;1200 UTC;0;1011,7;1012,1;1011,4;324,7;13,1;12,3;13,6;12,8;12,7;12,1;98;92;96;300;3,7;2,6;
2026/06/13;1300 UTC;0;1012,5;1012,8;1012,1;838,8;14,4;12,3;15,3;13,6;12,7;12;94;85;90;318;21,9;9,3;
2026/06/13;1400 UTC;0;1012,8;1012,9;1012,7;1053,5;15,9;12,7;16,8;15;13,4;12,1;89;80;84;286;23,8;,9;
2026/06/13;1500 UTC;0;1012,7;1012,9;1012,6;1292,6;17,3;12;17,6;16,9;13;11,1;80;68;73;291;2,2;1,3;
2026/06/13;1600 UTC;0;1012,1;1012,6;1011,7;1412,9;17,9;11,5;18,6;17,5;12;10,9;71;64;68;30;2,7;1,5;
2026/06/13;1700 UTC;0;1011,2;1011,6;1010,8;1156,8;18,4;11,4;18,8;18,1;12,9;10,5;72;60;65;153;2,7;1,5;
2026/06/13;1800 UTC;0;1010,5;1010,8;1010,3;881,4;18,1;12,1;18,3;18;12,8;11,4;73;66;70;126;2,7;1,5;
2026/06/13;1900 UTC;0;1010,4;1010,5;1010,3;473,7;18;12,3;18,2;17,9;13,2;11,6;75;67;71;150;1,7;,9;
2026/06/13;2000 UTC;0;1010,2;1010,3;1010,1;193,6;17,4;12,4;17,9;16,9;13,7;11,6;;;;100;1,1;,5;
2026/06/13;2100 UTC;0;1010,4;1010,6;1010,2;54,1;16,5;13,5;16,9;15,9;14,3;12,6;90;80;85;110;,9;,5;
2026/06/13;2200 UTC;0;1010,8;1010,9;1010,6;0;15,4;13,6;15,9;15,2;14,1;13,1;94;89;91;90;1;,6;
2026/06/13;2300 UTC;0;1011,2;1011,5;1010,8;0;15,1;13,7;15,3;14,9;14;13,3;94;90;93;43;1;,7;
2026/06/14;0000 UTC;0;1011,4;1011,5;1011,3;0;14,9;13,6;15;14,8;14,2;13,2;96;91;93;307;2;1,1;
2026/06/14;0100 UTC;0;1011,9;1012,2;1011,5;0;14,8;13,6;14,8;14,6;14;13,2;96;92;94;137;1,4;1;
2026/06/14;0200 UTC;0;1012,1;1012,2;1012;0;14,5;13,2;14,6;14,4;13,9;12,8;96;91;94;220;1,7;1,2;
2026/06/14;0300 UTC;0;1012,1;1012,3;1012;0;14,4;13,5;14,5;14,4;13,8;13,2;97;94;95;323;1,3;,8;
2026/06/14;0400 UTC;0;1012;1012,2;1011,9;0;14,3;13,5;14,4;14,2;13,7;13,3;97;95;96;316;1,8;1,2;
2026/06/14;0500 UTC;0;1012,1;1012,3;1011,9;0;14,2;13,5;14,2;14,1;13,6;13,2;97;95;96;305;1,5;,9;
2026/06/14;0600 UTC;0;1012,1;1012,3;1012;0;14,1;13,4;14,2;14,1;13,6;13,1;98;95;96;300;1,8;,9;
2026/06/14;0700 UTC;0;1012;1012,1;1011,9;0;14;13,4;14,1;13,9;13,6;13,1;99;96;97;124;1,2;,6;
2026/06/14;0800 UTC;0;1012,3;1012,4;1012,1;0;14;12,3;14,2;13,8;13,5;10,7;98;83;91;190;2,6;,9;
2026/06/14;0900 UTC;0;1012,6;1012,7;1012,3;0;14;10,4;14,2;13,7;11,3;9,3;87;76;82;121;1,8;,9;
2026/06/14;1000 UTC;0;1013;1013,5;1012,6;0;13,6;10,3;13,7;13,4;11,3;9,7;89;80;84;151;3,1;1,4;
2026/06/14;1100 UTC;0;1013,6;1013,8;1013,3;18,1;13,3;10,3;13,4;12,8;10,6;10;87;84;85;340;2,6;1,9;
2026/06/14;1200 UTC;0;1014;1014,3;1013,6;442,7;13,2;10,4;14,8;12,2;10,9;9,9;91;79;86;144;1,1;,6;
2026/06/14;1300 UTC;0;1014,5;1014,8;1014,2;1150,6;15,4;9,9;16,2;14,7;10,7;9,3;80;66;73;104;1,8;1;
2026/06/14;1400 UTC;0;1014,7;1014,8;1014,6;1817,6;17,1;9,4;18;16,3;10,4;8,5;68;53;61;167;4,3;2,3;
2026/06/14;1500 UTC;0;1014,6;1014,7;1014,5;2056,8;17,6;9,5;17,9;17,2;10,1;8,6;62;55;59;165;4,1;1,9;
2026/06/14;1600 UTC;0;1014,4;1014,6;1014,2;1924,5;18;10,1;18,4;17,1;11;9,1;68;56;61;191;4,9;1,8;
2026/06/14;1700 UTC;0;1014,1;1014,4;1013,8;968,8;16,9;10,5;17,6;16,4;10,9;9,9;71;64;68;189;4;1,6;
2026/06/14;1800 UTC;0;1013,7;1013,8;1013,6;506,6;16,2;10,6;16,4;16;11,2;10,2;75;70;72;216;2,4;1,1;
2026/06/14;1900 UTC;0;1013,6;1013,7;1013,5;551,4;16;10,3;16,2;15,5;11,2;9,8;76;69;72;243;3;1,2;
2026/06/14;2000 UTC;0;1013,8;1013,9;1013,7;221;15,3;10,3;15,4;15,1;10,7;9,9;78;72;75;287;2,1;,5;
2026/06/14;2100 UTC;0;1014,1;1014,4;1013,8;33;14,8;10,5;15,1;14,2;11,6;9,9;87;75;79;208;1,4;,6;
2026/06/14;2200 UTC;0;1014,7;1014,8;1014,4;0;13,6;11,7;14,2;13,2;12,1;11,3;93;87;90;138;1;,7;
2026/06/14;2300 UTC;0;1015,1;1015,4;1014,8;0;13,2;11,6;13,3;13;11,9;11,2;94;91;92;60;,9;,5;
2026/06/15;0000 UTC;0;1015,5;1015,7;1015,4;0;13;11,5;13,1;13;12;10,7;95;89;92;140;2,3;,7;
2026/06/15;0100 UTC;0;1015,9;1016,1;1015,7;0;12,9;10,1;13,2;12,6;10,7;9,7;89;82;86;124;1,8;1,1;
2026/06/15;0200 UTC;0;1016,2;1016,2;1016,1;0;12,4;9,6;12,7;11,7;10,4;8,7;89;84;86;130;1,8;1,1;
2026/06/15;0300 UTC;0;1016,2;1016,2;1016,1;0;10,8;8,6;11,6;10,1;9,1;8,4;94;85;89;184;1,9;,6;
2026/06/15;0400 UTC;0;1016,2;1016,3;1016,1;0;9,6;8,4;10,1;9,2;8,8;8,2;96;92;94;107;1,2;,5;
2026/06/15;0500 UTC;0;1016,4;1016,6;1016,3;0;9,5;8,4;9,6;9,3;8,8;8;96;92;95;137;1,3;,7;
2026/06/15;0600 UTC;0;1016,3;1016,6;1016,1;0;8,7;8;9,3;8,5;8,2;7,9;98;94;96;140;1,6;,9;
2026/06/15;0700 UTC;0;1016,1;1016,2;1016;0;9,4;8,1;9,6;8,7;8,3;7,5;97;90;93;212;1,2;,6;
2026/06/15;0800 UTC;0;1015,9;1016;1015,7;0;8,7;8,1;9,2;8,3;8,3;7,9;98;95;97;260;1,3;,5;
2026/06/15;0900 UTC;0;1015,8;1015,9;1015,7;0;8,2;7,7;8,5;7,7;8,2;6,9;99;95;97;281;1,9;1,4;
2026/06/15;1000 UTC;0;1016,3;1016,8;1015,9;0;7,6;7,1;7,7;7,6;7,3;6,9;98;97;97;178;1,5;,6;
2026/06/15;1100 UTC;0;1017;1017;1017;51,2;7,9;6,9;7,9;7,7;7,2;6,7;96;94;95;253;1,4;,8;
2026/06/15;1200 UTC;0;1017,3;1017,7;1017;201,5;8;6,9;8,6;7,7;7,4;6,6;96;91;94;245;,8;,3;
2026/06/15;1300 UTC;0;1018,1;1018,5;1017,7;438;9,3;7,7;9,9;8,7;8,2;6,9;94;85;92;141;3,3;1,7;
2026/06/15;1400 UTC;0;1018,4;1018,5;1018,2;740,9;10,3;7,1;10,7;9,9;7,9;6,5;89;79;84;165;3,1;1,5;
2026/06/15;1500 UTC;0;1017,7;1018,3;1017,1;1036,6;10,8;6,9;11,1;10,5;7,4;6,4;83;77;80;153;2,9;1,5;
2026/06/15;1600 UTC;0;1016,9;1017,1;1016,4;1426,9;11,6;6,9;12,2;11;7,5;6,5;81;72;77;177;3;1,3;
2026/06/15;1700 UTC;0;1015,8;1016,4;1015,4;2027,3;13;6,9;13,9;12;7,9;6,4;74;65;70;249;2,1;,9;
2026/06/15;1800 UTC;0;1015,2;1015,5;1015;1765,5;13,7;7,1;14,1;13,2;7,8;6,6;71;64;67;156;3,2;1,2;
2026/06/15;1900 UTC;0;1014,9;1015,1;1014,8;1315,4;14,2;6,8;14,6;13,9;7,8;6,1;67;60;63;195;2,1;,9;
2026/06/15;2000 UTC;0;1014,8;1015,2;1014,6;635,6;14,4;6,6;15;14;7,3;6,2;65;58;61;181;1,8;,9;
2026/06/15;2100 UTC;0;1015,5;1015,7;1015,3;37,7;12;7,9;13,9;10,3;9,2;6,3;92;63;79;64;1,1;,7;
2026/06/15;2200 UTC;0;1015,7;1015,8;1015,5;0;9,6;8,2;10,2;9;8,7;7,6;95;92;93;321;1,8;,9;
2026/06/15;2300 UTC;0;1015,8;1016,1;1015,7;0;8,8;7,4;9,1;8,3;7,6;7,2;96;91;93;302;2,1;1,5;
2026/06/16;0000 UTC;0;1016,1;1016,3;1016;0;8;7,1;8,3;7,6;7,5;6,8;97;94;96;344;2,4;1,7;
2026/06/16;0100 UTC;0;1016;1016,2;1015,9;0;7,4;6,8;7,8;7,1;7;6,6;98;96;97;302;2,2;1,7;
2026/06/16;0200 UTC;0;1016,4;1016,6;1016,2;0;7;6,6;7,2;6,4;6,9;6,1;99;98;98;323;2;1,3;
2026/06/16;0300 UTC;0;1016,5;1016,6;1016,5;0;6,4;6,3;6,6;6,2;6,5;6,1;100;99;99;306;2,6;1,7;
2026/06/16;0400 UTC;0;1016,3;1016,5;1016,2;0;6,1;5,9;6,2;5,9;6,1;5,7;99;98;99;296;2,7;1,5;
2026/06/16;0500 UTC;0;1016,1;1016,2;1016;0;5,7;5,5;5,9;5,5;5,7;5,3;99;99;99;316;2,3;1,7;
2026/06/16;0600 UTC;0;1015,9;1016,1;1015,6;0;5,2;5,1;5,5;4,7;5,3;4,7;100;99;99;310;1,7;1,1;
2026/06/16;0700 UTC;0;1015,5;1015,6;1015,3;0;4,6;4,6;4,7;4,5;4,8;4,5;100;100;100;312;3,2;1,7;
2026/06/16;0800 UTC;0;1015,3;1015,5;1015,1;0;4,6;4,5;4,8;4,4;4,7;4,3;100;99;99;302;3,4;2;
2026/06/16;0900 UTC;0;1015,1;1015,4;1015;0;4,4;4;4,6;4,2;4,2;4;99;97;98;300;2,8;1,5;
2026/06/16;1000 UTC;0;1015,7;1016,1;1015,4;0;4;3,8;4,2;3,7;4;3,5;99;98;99;311;1,9;1,1;
2026/06/16;1100 UTC;0;1016;1016,3;1015,8;17,6;3,8;3,6;4;3,6;3,9;3,5;100;98;99;309;4,2;2,2;
2026/06/16;1200 UTC;0;1016,4;1016,7;1016,2;447,4;5,2;4,1;6,9;4,2;5,3;3,5;97;89;94;246;2,5;,9;
2026/06/16;1300 UTC;0;1016,8;1016,9;1016,6;1249,1;8,3;5,5;9,8;6,7;7;4,4;91;80;86;281;3,1;1,5;
2026/06/16;1400 UTC;0;1017;1017,2;1016,6;1779,4;10,6;6,6;11,7;9,4;7,3;6;86;74;80;307;5,3;3,3;
2026/06/16;1500 UTC;0;1016,5;1017;1016;2129,9;13,1;7,5;14,9;11,6;8,3;6,6;77;64;72;247;2,9;1,5;
2026/06/16;1600 UTC;0;1015,5;1016;1015;2278,9;15,3;7,9;16;14,7;9;7;66;60;63;277;3,3;1,8;
2026/06/16;1700 UTC;0;1014,6;1015;1014,2;2074,7;16,7;8,7;17,2;15,9;9,7;8;67;55;60;301;3,1;1,6;
2026/06/16;1800 UTC;0;1014;1014,2;1013,7;1768,3;17,4;8,4;17,9;16,7;9;8,1;59;51;55;289;2,7;1,5;
2026/06/16;1900 UTC;0;1013,5;1013,7;1013,2;1270,6;17,6;9,3;18,2;17,2;10;8,1;64;50;58;153;2,4;1,4;
2026/06/16;2000 UTC;0;1013,3;1013,4;1013,2;616,4;16,9;9,8;17,2;16,5;10,3;9,5;68;62;64;153;1,8;,7;
2026/06/16;2100 UTC;0;1013,3;1013,4;1013,1;41,5;14,4;10,7;16,6;12,3;11,7;9,7;93;67;82;159;1,2;,7;
2026/06/16;2200 UTC;0;1013,7;1013,9;1013,4;0;11,5;9,8;12,3;10,7;10,6;9,4;96;89;92;84;1,4;,9;
2026/06/16;2300 UTC;0;1014,3;1014,7;1013,9;0;10,3;9;10,6;10;9,8;8,5;96;90;93;334;2,1;1,5;
2026/06/17;0000 UTC;0;1014,8;1015,1;1014,6;0;9,7;8,4;10,1;9,1;8,8;8;97;90;93;321;1,9;1,4;
2026/06/17;0100 UTC;0;1015,2;1015,3;1015;0;8,7;8;9,1;8,4;8,5;7,5;98;95;97;311;2,6;1,9;
2026/06/17;0200 UTC;0;1015,3;1015,4;1015,1;0;8,6;7,6;8,7;8,4;7,8;7,3;96;94;95;302;3,6;1,7;
2026/06/17;0300 UTC;0;1015,4;1015,5;1015,3;0;7,6;7;8,4;7,2;7,4;6,7;99;95;97;303;2,7;1,4;
2026/06/17;0400 UTC;0;1015,3;1015,4;1015,2;0;7,5;6,7;7,7;7,2;7;6,5;97;95;96;315;2,7;1,6;
2026/06/17;0500 UTC;;;;;;;;;;;;;;;;;;
2026/06/17;0600 UTC;;;;;;;;;;;;;;;;;;
2026/06/17;0700 UTC;;;;;;;;;;;;;;;;;;
2026/06/17;0800 UTC;0;1016,4;1016,7;1016,1;0;6;5,2;6,4;5,7;5,5;5;98;94;96;263;4,7;2,7;
2026/06/17;0900 UTC;0;1016,2;1016,4;1016,1;0;6;4,9;6,2;5,7;5;4,8;96;93;94;263;2;1,1;
2026/06/17;1000 UTC;0;1016,8;1017,2;1016,4;0;5,2;4,7;5,9;4,7;4,9;4,4;100;95;98;296;,8;,4;
2026/06/17;1100 UTC;0;1017,9;1017,9;1017,8;63,3;4,9;4,9;5;4,6;5;4,6;100;99;100;297;1,5;,8;
2026/06/17;1200 UTC;0;1017,9;1018;1017,8;445;6,2;5,3;7,7;5;6,1;4,8;99;89;95;296;2,6;1,7;
2026/06/17;1300 UTC;0;1018;1018,2;1017,8;1143,6;9,2;6;10,7;7,7;6,6;5,4;90;77;84;302;2,6;1,6;
2026/06/17;1400 UTC;0;1018,4;1018,5;1018,2;1611,3;12,6;7,3;14,3;10,7;8,4;5,9;79;67;73;148;1,6;,7;
2026/06/17;1500 UTC;0;1018,5;1018,7;1018,4;2009,6;15,1;8,7;16,3;14;9,6;8;73;63;68;130;3,4;1,8;
2026/06/17;1600 UTC;0;1018,4;1018,6;1018,2;2116,1;16,9;9,3;17,1;16,3;9,9;8,7;67;59;62;121;3,8;1,8;
2026/06/17;1700 UTC;0;1018;1018,2;1017,6;2057,4;17,4;9,8;17,7;16,8;11;9,1;67;60;62;135;3;1,3;
2026/06/17;1800 UTC;0;1017,3;1017,6;1017,1;1682,7;18,1;10,2;18,6;17,6;10,9;9,7;64;58;61;86;1,9;1;
2026/06/17;1900 UTC;0;1017,2;1017,2;1017,1;1227,6;18,9;10,5;19,1;18,3;11,1;9,9;61;54;58;138;2,2;1,2;
2026/06/17;2000 UTC;0;1017,1;1017,2;1017;591,7;18,2;10,8;18,9;17,1;11,2;10,5;69;58;63;150;2;1;
2026/06/17;2100 UTC;0;1017,3;1017,5;1017,2;50,8;15,1;11,8;17;13,2;12,3;10,9;92;69;83;47;1,3;,8;
2026/06/17;2200 UTC;0;1017,6;1017,7;1017,5;0;12,3;11,2;13,1;11,6;11,6;10,7;96;91;95;147;1,1;,6;
2026/06/17;2300 UTC;0;1017,8;1017,9;1017,6;0;10,9;10,1;11,6;10,5;10,7;9,7;97;95;96;330;1,8;1,2;
2026/06/18;0000 UTC;0;1018;1018,2;1017,9;0;10,1;9,6;10,5;9,8;9,9;9,3;98;96;97;304;2;1,5;
2026/06/18;0100 UTC;0;1018,1;1018,3;1018,1;0;9,5;9,2;10;9,2;9,5;8,9;100;97;98;304;2,5;1,9;
2026/06/18;0200 UTC;0;1017,9;1018,1;1017,7;0;9,2;9;9,6;8,8;9,4;8,7;100;98;99;286;1,6;,7;
2026/06/18;0300 UTC;0;1017,6;1017,7;1017,4;0;8,5;8,5;9;8,2;9;8,1;100;99;100;330;1,3;1;
2026/06/18;0400 UTC;0;1017,3;1017,5;1016,9;0;8;8;8,4;7,8;8,4;7,8;100;100;100;317;1,1;,6;
2026/06/18;0500 UTC;0;1016,7;1017;1016,5;0;7,6;7,6;7,9;7,4;7,9;7,4;100;100;100;241;,9;,5;
2026/06/18;0600 UTC;0;1016,5;1016,5;1016,3;0;7,5;7,6;7,8;7,3;7,8;7,3;100;100;100;121;1,3;,7;
2026/06/18;0700 UTC;0;1016,2;1016,3;1016;0;7,5;7,5;7,6;7,2;7,6;7,3;100;100;100;159;1,5;,7;
2026/06/18;0800 UTC;,2;1016;1016,1;1015,7;0;7,2;7,2;7,3;7,1;7,3;7,1;100;100;100;250;1;,6;
2026/06/18;0900 UTC;;;;;;;;;;;;;;;;;;
2026/06/18;1000 UTC;0;1016,3;1016,6;1015,9;0;7,5;7,5;7,5;7,3;7,6;7,4;100;100;100;210;1;,5;
2026/06/18;1100 UTC;0;1016,7;1016,8;1016,5;12,1;7,4;7,4;7,5;7,3;7,5;7,3;100;100;100;282;1,4;,8;
2026/06/18;1200 UTC;0;1016,6;1016,8;1016,5;139,4;7,4;7,4;7,6;7,2;7,7;7,2;100;100;100;107;1,1;,5;
2026/06/18;1300 UTC;0;1016,6;1016,8;1016,2;0;7,9;8;8,4;7,6;8,4;7,6;100;100;100;0;2,5;0;
2026/06/18;1400 UTC;0;1016;1016;1015,9;408,4;9,1;9,1;9,1;9;9,2;9,1;100;100;100;181;2;,8;
2026/06/18;1500 UTC;0;1015,6;1015,6;1015,4;940,5;9,6;9,5;10;9,3;9,8;9,3;100;99;100;89;1,7;,8;
2026/06/18;1600 UTC;0;1014,7;1015,4;1014,1;1096,1;10,6;9,8;11,3;10;10,2;9,4;99;92;96;160;2,8;1,5;
2026/06/18;1700 UTC;0;1013,4;1014;1013;1619,7;12,6;9,9;13,6;11,1;11;9,4;93;82;87;155;17;1,1;
2026/06/18;1800 UTC;0;1012,8;1013,1;1012,5;1242,4;14,7;10,8;15,1;13,8;11,5;10,2;84;77;81;107;2,1;1;
2026/06/18;1900 UTC;0;1012,3;1012,6;1011,9;586,2;15,4;10,9;15,6;15,1;11,3;10,4;79;74;77;130;2;1,2;
2026/06/18;2000 UTC;0;1011,4;1011,9;1010,8;361,4;15,3;11,2;15,6;14,7;11,7;10,6;83;76;79;185;,9;,5;
2026/06/18;2100 UTC;0;1010,3;1011;1009,8;28;13,5;11,7;14,6;12,8;12,2;10,9;95;82;91;282;2,3;,8;
2026/06/18;2200 UTC;0;1009,7;1009,8;1009,4;0;12,3;11,6;12,8;12,1;11,7;11,4;98;94;96;187;2,8;1,7;
2026/06/18;2300 UTC;0;1009,2;1009,5;1009;0;12;11,3;12,5;11,8;11,5;11,2;98;94;97;163;2,2;1,1;
2026/06/19;0000 UTC;0;1007,9;1008,9;1007,3;0;12;11,2;12,2;11,7;11,4;11,1;98;95;96;277;3,6;1,5;
2026/06/19;0100 UTC;0;1006,6;1007,3;1006;0;13,9;10,2;17,1;11,9;11,1;9,2;96;61;82;293;26,8;4;
2026/06/19;0200 UTC;0;1006,1;1006,2;1005,8;0;19,5;9;19,7;19,3;9,2;8,9;50;47;48;289;12,8;5,8;
2026/06/19;0300 UTC;0;1006;1006,5;1005,6;0;19,1;9;19,7;18,4;9,3;8,5;54;46;50;261;9,9;3,4;
2026/06/19;0400 UTC;0;1005,9;1006,4;1005,1;0;18,8;9;19,6;17,6;9,3;8,4;58;46;51;284;6,5;3,4;
2026/06/19;0500 UTC;0;1006,9;1009,5;1005,5;0;18,3;9,1;19,4;17,6;9,6;8,3;60;47;54;279;9,3;5,4;
2026/06/19;0600 UTC;0;1009,6;1010,2;1009,1;0;17,4;9,1;18,3;16;10,1;8,9;69;54;59;149;4,4;1,6;
2026/06/19;0700 UTC;,2;1010,8;1011,2;1010,2;0;15;10,3;16,2;14,1;11;9,3;83;66;76;195;4,4;,8;
2026/06/19;0800 UTC;4,8;1010,5;1011,6;1009,6;0;13,1;11,6;14;12,8;12;10,6;96;83;93;302;5,7;3,1;
2026/06/19;0900 UTC;5,6;1008,7;1009,5;1007,6;0;13,1;12,1;14;12,7;12,5;11,6;98;91;95;302;6,8;3,9;
2026/06/19;1000 UTC;,8;1006,8;1007,3;1006,2;0;15,6;12,2;16,3;14,2;12,5;11,9;90;79;83;319;10,5;5,9;
2026/06/19;1100 UTC;0;1007,9;1008,5;1007,1;5;15,2;12,6;15,5;15;12,8;12,3;89;84;87;291;4,8;2,9;
2026/06/19;1200 UTC;0;1008,5;1008,7;1008,1;67,4;15,1;12,9;15,3;14,9;13,2;12,7;91;87;89;302;4;2,4;
2026/06/19;1300 UTC;;;;;;;;;;;;;;;;;;
2026/06/19;1400 UTC;;;;;;;;;;;;;;;;;;
2026/06/19;1500 UTC;0;1009,9;1010,1;1009,8;202,5;15,4;13,6;15,7;15,3;14;13,3;93;88;91;324;5,7;3,8;
2026/06/19;1600 UTC;0;1009,6;1009,9;1009,2;249,6;15,4;13,8;15,7;15,3;14,1;13,1;94;87;92;321;4;2,5;
2026/06/19;1700 UTC;;;;;;;;;;;;;;;;;;
2026/06/19;1800 UTC;0;1008,9;1009,1;1008,6;196,6;16,2;13,8;16,5;15,9;14,1;13,6;91;86;88;323;5,2;3,3;
2026/06/19;1900 UTC;0;1008,9;1009,1;1008,8;125,1;16,6;13,7;16,7;16,4;13,9;13,5;87;84;85;306;3,8;2,1;
2026/06/19;2000 UTC;0;1009,3;1009,9;1009;74,6;15,8;13,2;16,6;15,1;14,3;12,6;91;85;87;254;5,8;2,4;
2026/06/19;2100 UTC;0;1010,4;1010,9;1010;5,5;14,7;11,9;15;14,4;12,7;11,5;88;84;86;270;5,7;2,3;
2026/06/19;2200 UTC;0;1011,6;1012,1;1010,8;0;13,5;11;14,4;12,9;12,1;9,8;92;83;88;153;3,9;1;
2026/06/19;2300 UTC;0;1012,3;1012,7;1012,1;0;12,7;10,6;12,9;12,6;11;10,2;92;87;90;129;1,2;,7;
2026/06/20;0000 UTC;0;1012,9;1013,1;1012,7;0;12,5;10,1;13;12;10,9;9;91;84;88;198;4,6;1,5;
2026/06/20;0100 UTC;0;1013,2;1013,6;1012,9;0;12,1;9,4;12,2;11,9;9,8;8,9;89;84;87;163;3,3;1,5;
2026/06/20;0200 UTC;0;1013,2;1013,4;1013,1;0;11,8;9,8;11,9;11,7;10,3;9,6;93;88;90;118;,9;,6;
2026/06/20;0300 UTC;0;1013,3;1013,5;1013,1;0;11,8;9,8;11,9;11,7;10,3;9,3;93;87;90;138;1,3;,6;
2026/06/20;0400 UTC;0;1013,6;1013,8;1013,5;0;11,8;9,6;11,9;11,7;10;8,8;91;85;89;157;3,3;,9;
2026/06/20;0500 UTC;0;1013,3;1013,6;1013;0;11,7;8,5;11,8;11,4;9,1;7,8;87;81;84;149;1,5;,5;
2026/06/20;0600 UTC;0;1012,9;1013;1012,7;0;10,8;8,4;11,4;10,5;8,7;7,8;91;84;88;109;1,9;1,1;
2026/06/20;0700 UTC;0;1012,3;1012,7;1012,1;0;10,4;7,9;10,9;9,7;8,4;7,3;92;83;87;110;1,2;,3;
2026/06/20;0800 UTC;0;1012,2;1012,4;1012;0;9,6;8,3;9,7;9,3;8,8;7,8;96;91;94;262;2,2;1,2;
2026/06/20;0900 UTC;0;1012,3;1012,3;1012,2;0;9,2;8;9,3;9,1;8,3;7,7;95;92;94;256;1,3;,8;
2026/06/20;1000 UTC;0;1012,4;1012,5;1012,2;0;9;7,6;9,2;8,8;7,8;7,2;95;91;93;293;,8;,5;
2026/06/20;1100 UTC;0;1012,7;1012,8;1012,5;6,3;9,1;7,9;9,4;9;8,5;7,6;96;93;94;126;2;1,1;
2026/06/20;1200 UTC;0;1013;1013,1;1012,7;199,2;9,7;7,7;9,9;9,4;8,1;7,1;94;87;90;134;3;1,9;
2026/06/20;1300 UTC;0;1013,3;1013,4;1013,1;600,6;10,2;0;10,7;9,9;;;89;81;86;166;3,2;1,6;
2026/06/20;1400 UTC;0;1013,5;1013,6;1013,2;1016,8;10,9;7,6;11,4;10,6;8,5;7,1;86;80;83;152;4;2,1;
2026/06/20;1500 UTC;0;1012,6;1013,2;1012;1242,2;11,6;7,6;12,8;11,1;8,2;7,2;84;75;80;155;3,8;1,9;
2026/06/20;1600 UTC;0;1011,3;1011,9;1010,8;1784,1;12,9;6,6;13,6;12,3;8;5,9;76;61;69;167;3,7;1,6;
2026/06/20;1700 UTC;0;1010,3;1010,8;1009,9;1691,5;13,2;5,8;13,8;12,5;7,2;5,1;69;59;63;163;2,9;1,6;
2026/06/20;1800 UTC;0;1009,7;1010;1009,3;1347,6;13,5;6,1;14,4;12,7;7,1;5,5;69;59;63;77;4,8;2,4;
2026/06/20;1900 UTC;0;1009,3;1009,5;1008,9;1337,5;14,2;6,5;15;13,1;7,3;5,7;67;57;61;237;2,3;,6;
2026/06/20;2000 UTC;0;1009,3;1009,6;1008,9;706,3;14,2;6,5;14,8;13,7;7;6;65;57;62;169;2,6;1,5;
2026/06/20;2100 UTC;0;1009,5;1009,6;1009,4;64;12,4;7,2;13,7;10,6;8,5;6,3;89;63;74;106;1,9;,7;
2026/06/20;2200 UTC;0;1009,6;1009,9;1009,4;0;9,9;8;10,6;9,4;8,6;7,3;95;86;91;114;1,4;,7;
2026/06/20;2300 UTC;0;1010;1010,1;1009,8;0;9,6;8,2;9,8;9,4;8,5;7,6;95;90;93;272;1,1;,6;
2026/06/21;0000 UTC;0;1010,1;1010,3;1009,9;0;9,1;8;9,5;8,9;8,3;7,5;96;93;94;165;1;,4;
2026/06/21;0100 UTC;0;1010,4;1010,6;1010,2;0;9,1;8,2;9,4;8,9;8,4;7,9;97;93;96;189;1,5;,7;
2026/06/21;0200 UTC;0;1010,3;1010,5;1010,2;0;9,8;7,8;10,3;9,4;8;7,4;93;86;90;251;2,9;1,1;
2026/06/21;0300 UTC;0;1010,4;1010,5;1010,1;0;9,5;8,2;9,6;9,4;8,7;8;95;92;94;194;1,6;1;
2026/06/21;0400 UTC;0;1009,7;1010,1;1009,3;0;8,6;7,9;9,5;8;8,3;7,5;98;93;96;315;2,2;1,6;
2026/06/21;0500 UTC;0;1009,1;1009,4;1009;0;7,7;7,3;8;7,4;7,5;7,2;99;97;98;319;2,5;1,2;
2026/06/21;0600 UTC;0;1008,9;1009,2;1008,8;0;7,1;6,8;7,6;6,6;7,3;6,4;100;98;99;318;2;1,4;
2026/06/21;0700 UTC;0;1009;1009,4;1008,8;0;6,5;6,4;6,7;6,3;6,7;6,1;100;99;99;306;1,3;,8;
2026/06/21;0800 UTC;0;1009,6;1009,8;1009,4;0;6,8;6,8;7,2;6,3;7,1;6,2;100;99;100;278;2,2;,8;
2026/06/21;0900 UTC;0;1009,5;1009,6;1009,3;0;7,2;7;7,5;7;7,2;6,6;100;98;99;297;2,1;1;
2026/06/21;1000 UTC;0;1009,7;1009,8;1009,4;0;7,6;7,2;7,7;7,5;7,3;7;99;97;98;205;1,2;,5;
2026/06/21;1100 UTC;0;1010,1;1010,7;1009,7;31,3;7;6,8;7,6;6,7;7,2;6,6;100;98;99;270;1,3;,9;
2026/06/21;1200 UTC;;;;;;;;;;;;;;;;;;
2026/06/21;1300 UTC;;;;;;;;;;;;;;;;;;
2026/06/21;1400 UTC;;;;;;;;;;;;;;;;;;
2026/06/21;1500 UTC;;;;;;;;;;;;;;;;;;
2026/06/21;1600 UTC;;;;;;;;;;;;;;;;;;
2026/06/21;1700 UTC;;;;;;;;;;;;;;;;;;
2026/06/21;1800 UTC;;;;;;;;;;;;;;;;;;
2026/06/21;1900 UTC;;;;;;;;;;;;;;;;;;
2026/06/21;2000 UTC;;;;;;;;;;;;;;;;;;
2026/06/21;2100 UTC;;;;;;;;;;;;;;;;;;
2026/06/21;2200 UTC;;;;;;;;;;;;;;;;;;
2026/06/21;2300 UTC;;;;;;;;;;;;;;;;;;
2026/06/22;0000 UTC;;;;;;;;;;;;;;;;;;
2026/06/22;0100 UTC;;;;;;;;;;;;;;;;;;
2026/06/22;0200 UTC;;;;;;;;;;;;;;;;;;
2026/06/22;0300 UTC;;;;;;;;;;;;;;;;;;
2026/06/22;0400 UTC;;;;;;;;;;;;;;;;;;
2026/06/22;0500 UTC;;;;;;;;;;;;;;;;;;
2026/06/22;0600 UTC;;;;;;;;;;;;;;;;;;
2026/06/22;0700 UTC;;;;;;;;;;;;;;;;;;
2026/06/22;0800 UTC;;;;;;;;;;;;;;;;;;
2026/06/22;0900 UTC;;;;;;;;;;;;;;;;;;
2026/06/22;1000 UTC;;;;;;;;;;;;;;;;;;
2026/06/22;1100 UTC;2,8;1006,2;1007;1005,5;0;11,2;11,1;11,2;11,1;11,1;11;100;99;99;169;12,2;4,6;
2026/06/22;1200 UTC;5,2;1005,8;1006,7;1005,1;9,8;11,1;11,1;11,2;11,1;11,2;11;100;99;100;201;5,1;1,9;
2026/06/22;1300 UTC;4,8;1005,7;1006,4;1004,1;94,7;11,2;11,2;11,3;11,2;11,3;11,2;100;100;100;170;5,8;2,2;
2026/06/22;1400 UTC;,6;1006,2;1006,7;1004,4;131,1;11,4;11,1;11,5;11,3;11,3;10,9;100;98;99;152;2,3;1,1;
2026/06/22;1500 UTC;,2;1006;1006,2;1005,8;174,4;11,4;11,2;11,5;11,4;11,3;11,1;99;98;99;166;3,1;1,5;
2026/06/22;1600 UTC;,8;1005,8;1006,1;1005,5;294,9;11,6;11,4;11,7;11,5;11,6;11,3;99;99;99;154;2,6;1,2;
2026/06/22;1700 UTC;,2;1005,6;1005,7;1005,4;240;11,9;11,6;12;11,7;11,8;11,2;99;96;98;174;,7;,2;
2026/06/22;1800 UTC;0;1005,7;1006,2;1005,3;176,2;12,2;11,1;12,4;12;11,6;9,7;97;87;95;248;3,4;1,3;
2026/06/22;1900 UTC;0;1006,6;1007,1;1006,2;79,9;12,1;9,6;12,2;11,9;10,7;8,5;94;82;87;114;1,5;,6;
2026/06/22;2000 UTC;0;1007,6;1008,1;1007,1;56,8;11,9;8,8;12,1;11,7;10,1;7,9;91;80;84;186;1,7;,8;
2026/06/22;2100 UTC;0;1008,7;1009,1;1008,2;19,9;11,7;8;11,9;11,5;8,8;7,2;86;78;81;225;3,4;1;
2026/06/22;2200 UTC;0;1009,5;1009,9;1009,1;0;11;8,2;11,7;10;9,1;7;94;77;86;29;2,7;2;
2026/06/22;2300 UTC;0;1010,3;1010,6;1010,1;0;9,2;8,5;9,8;9;8,7;8,3;97;94;96;39;2,1;1,4;
2026/06/23;0000 UTC;0;1011;1011,3;1010,8;0;9,1;7,7;10;8,6;8,2;6,6;97;84;93;322;3,6;2,1;
2026/06/23;0100 UTC;0;1011,6;1011,7;1011,6;0;8,9;7,6;9,2;8,6;8;7,3;95;92;94;89;2,1;,9;
2026/06/23;0200 UTC;0;1011,7;1011,8;1011,7;0;8,1;7,3;8,6;7,7;7,8;7;98;94;96;295;2,5;2,1;
2026/06/23;0300 UTC;0;1011,6;1011,7;1011,5;0;7,3;7;7,7;7;7,3;6,8;100;97;99;291;3;2,3;
2026/06/23;0400 UTC;0;1011,7;1011,9;1011,6;0;6,7;6,6;7;6,3;6,9;6,2;100;99;99;300;3,3;2,4;
2026/06/23;0500 UTC;0;1011,6;1011,7;1011,5;0;5,8;5,8;5,8;5,8;5,9;5,8;100;100;100;292;3,3;2,7;
2026/06/23;0600 UTC;0;1011,8;1012,5;1011,5;0;5,7;5,6;5,8;5,6;5,9;5,3;100;98;99;291;2,2;1,6;
2026/06/23;0700 UTC;0;1012,8;1012,9;1012,4;0;5,9;5,2;6,1;5,7;5,4;5;98;95;97;304;3,8;2,5;
2026/06/23;0800 UTC;,2;1012,7;1012,8;1012,6;0;5,8;4,9;6,2;5,3;5;4,8;97;93;95;296;3,6;2,8;
2026/06/23;0900 UTC;0;1012,8;1012,9;1012,6;0;5,2;4,6;5,4;5;4,8;4,4;98;96;97;309;3,5;2;
2026/06/23;1000 UTC;0;1013;1013,3;1012,8;0;5;4,4;5,2;4,9;4,5;4,3;98;96;97;309;3,2;2,5;
2026/06/23;1100 UTC;;;;;;;;;;;;;;;;;;
2026/06/23;1200 UTC;0;1013,8;1013,9;1013,6;447,4;6,1;4,6;8,8;4,8;5,6;4,1;97;77;92;334;3,9;2,5;
2026/06/23;1300 UTC;0;1014;1014,1;1013,9;1185,3;9,7;4,1;10,6;8,8;4,7;3,6;79;66;72;327;4,1;2,7;
2026/06/23;1400 UTC;0;1014,1;1014,2;1014;1760,9;11,3;3,9;12,1;10,6;4,9;3,4;69;58;63;315;4,5;2,3;
2026/06/23;1500 UTC;0;1014,1;1014,2;1013,9;1763,8;12,4;4;13,1;11,9;5,6;3;66;52;58;273;7,5;3;
2026/06/23;1600 UTC;0;1013,7;1014;1013,3;2308,2;13,4;3,7;14;12,9;4,5;2,8;55;47;51;275;7,6;3,6;
2026/06/23;1700 UTC;0;1012,8;1013,4;1012,4;2074,7;13,8;3,6;14,3;13,4;4,8;2,8;53;45;49;275;8,3;4,5;
2026/06/23;1800 UTC;0;1012,3;1012,5;1012,2;1906,5;14,2;3,5;14,7;13,8;4,6;2,5;51;43;46;253;6,2;2,6;
2026/06/23;1900 UTC;0;1012,3;1012,5;1012,2;1310,1;13,9;3;14,2;13,7;4,2;2,3;50;42;45;266;6,7;3,2;
2026/06/23;2000 UTC;0;1012,5;1012,6;1012,3;672,1;13,6;3;13,9;13,2;3,6;2,5;52;44;47;282;5,3;3;
2026/06/23;2100 UTC;0;1012,8;1013;1012,6;69,1;11,9;3,9;13,2;9,2;6,4;2,7;84;49;60;33;1,9;1,4;
2026/06/23;2200 UTC;0;1013,2;1013,5;1012,9;0;8,2;5,4;9,1;7,6;6,3;4,5;89;83;86;327;2,1;1,5;
2026/06/23;2300 UTC;0;1013,7;1014;1013,5;0;7,3;4,5;7,6;6,9;4,8;4,2;89;83;86;312;3,3;2,3;
2026/06/24;0000 UTC;0;1014,2;1014,4;1014;0;6,8;4,7;7;6,4;4,9;4,6;92;88;90;307;2,7;1,9;
2026/06/24;0100 UTC;;;;;;;;;;;;;;;;;;
2026/06/24;0200 UTC;0;1014,5;1014,7;1014,3;0;5,7;4,1;5,9;5,4;4,4;3,9;95;90;92;313;4,5;2,7;
2026/06/24;0300 UTC;0;1014,8;1014,9;1014,7;0;5,4;4,1;5,7;5,1;4,4;3,9;94;92;94;303;4,5;3,1;
2026/06/24;0400 UTC;0;1014,8;1014,8;1014,7;0;4,8;3,6;5;4,6;3,9;3,4;95;93;94;300;5;3,6;
2026/06/24;0500 UTC;0;1014,8;1014,9;1014,7;0;4,5;3,1;4,6;4,3;3,4;3;95;92;93;299;4,9;3,2;
2026/06/24;0600 UTC;0;1014,6;1014,8;1014,3;0;4,3;2,7;4,3;4,1;3;2,5;93;91;92;296;5,1;3,5;
2026/06/24;0700 UTC;0;1014,2;1014,3;1014,1;0;4;2,4;4,1;3,9;2,7;2,3;93;92;92;302;5,6;3,3;
2026/06/24;0800 UTC;0;1013,9;1014,1;1013,7;0;3,7;2,2;4;3,5;2,3;2,1;94;91;93;305;5,5;3,8;
2026/06/24;0900 UTC;;;;;;;;;;;;;;;;;;
2026/06/24;1000 UTC;0;1014,2;1014,3;1014,2;0;3,8;2,3;3,9;3,8;2,4;2,2;93;92;92;299;4,3;2,1;
2026/06/24;1100 UTC;0;1014,5;1014,9;1014,2;14;4,1;2,4;4,2;3,9;2,6;2,2;93;90;91;296;3,1;1,9;
2026/06/24;1200 UTC;0;1015,2;1015,4;1014,9;417,4;0;2,4;;;2,8;2;90;78;86;275;3,8;2,7;
2026/06/24;1300 UTC;0;1015,5;1015,6;1015,4;1158,3;9;3,1;10,5;7,2;3,7;2,6;78;64;71;306;5,1;3,3;
2026/06/24;1400 UTC;0;1015,3;1015,5;1015,1;1756,4;11,6;3,5;12,7;10,4;4,5;2,9;64;54;59;318;6,4;3,7;
2026/06/24;1500 UTC;0;1014,9;1015,2;1014,6;1641,2;13;3,7;13,5;12,5;4,7;3,2;57;50;53;322;6,3;3,7;
2026/06/24;1600 UTC;0;1013,9;1014,6;1013,1;2266,7;14,5;3,9;15,1;13,7;4,5;3,4;52;44;47;295;7,2;3,8;
2026/06/24;1700 UTC;0;1012,6;1013,2;1012,1;1832,8;15,1;4,1;15,8;14,5;4,9;3,4;48;43;45;323;7,4;4;
2026/06/24;1800 UTC;0;1011,9;1012,2;1011,6;1318,7;15,4;4,1;15,9;14,9;4,7;3,4;47;41;43;295;6,3;4,1;
2026/06/24;1900 UTC;0;1011,8;1011,9;1011,7;917,7;15,2;4,4;16,2;14,7;5,6;3,8;49;43;46;291;6,3;3,5;
2026/06/24;2000 UTC;0;1012,1;1012,4;1011,9;547,4;15;4,5;15,6;14,3;5,1;3,8;53;42;47;332;3,8;2;
2026/06/24;2100 UTC;0;1012,4;1012,5;1012,2;70,9;13,5;4,5;14,2;12,8;5,2;4;59;50;55;313;4,5;2,8;
2026/06/24;2200 UTC;0;1012,8;1013,1;1012,5;0;12,1;4,6;13;10,8;5,5;3,9;72;54;63;270;2,6;1,4;
2026/06/24;2300 UTC;;;;;;;;;;;;;;;;;;
2026/06/25;0000 UTC;;;;;;;;;;;;;;;;;;
2026/06/25;0100 UTC;;;;;;;;;;;;;;;;;;
2026/06/25;0200 UTC;;;;;;;;;;;;;;;;;;
2026/06/25;0300 UTC;;;;;;;;;;;;;;;;;;
2026/06/25;0400 UTC;;;;;;;;;;;;;;;;;;
2026/06/25;0500 UTC;;;;;;;;;;;;;;;;;;
2026/06/25;0600 UTC;;;;;;;;;;;;;;;;;;
2026/06/25;0700 UTC;;;;;;;;;;;;;;;;;;
2026/06/25;0800 UTC;;;;;;;;;;;;;;;;;;
2026/06/25;0900 UTC;;;;;;;;;;;;;;;;;;
2026/06/25;1000 UTC;;;;;;;;;;;;;;;;;;
2026/06/25;1100 UTC;;;;;;;;;;;;;;;;;;
2026/06/25;1200 UTC;;;;;;;;;;;;;;;;;;
2026/06/25;1300 UTC;;;;;;;;;;;;;;;;;;
2026/06/25;1400 UTC;;;;;;;;;;;;;;;;;;
2026/06/25;1500 UTC;;;;;;;;;;;;;;;;;;
2026/06/25;1600 UTC;;;;;;;;;;;;;;;;;;
2026/06/25;1700 UTC;;;;;;;;;;;;;;;;;;
2026/06/25;1800 UTC;;;;;;;;;;;;;;;;;;
2026/06/25;1900 UTC;;;;;;;;;;;;;;;;;;
2026/06/25;2000 UTC;;;;;;;;;;;;;;;;;;
2026/06/25;2100 UTC;;;;;;;;;;;;;;;;;;
2026/06/25;2200 UTC;;;;;;;;;;;;;;;;;;
2026/06/25;2300 UTC;;;;;;;;;;;;;;;;;;
2026/06/26;0000 UTC;;;;;;;;;;;;;;;;;;
2026/06/26;0100 UTC;;;;;;;;;;;;;;;;;;
2026/06/26;0200 UTC;;;;;;;;;;;;;;;;;;
2026/06/26;0300 UTC;;;;;;;;;;;;;;;;;;
2026/06/26;0400 UTC;;;;;;;;;;;;;;;;;;
2026/06/26;0500 UTC;;;;;;;;;;;;;;;;;;
2026/06/26;0600 UTC;;;;;;;;;;;;;;;;;;
2026/06/26;0700 UTC;;;;;;;;;;;;;;;;;;
2026/06/26;0800 UTC;;;;;;;;;;;;;;;;;;
2026/06/26;0900 UTC;0;1016,7;1016,7;1016,6;0;6,1;3,9;6,2;6;3,9;3,8;90;88;89;306;8;5,7;
2026/06/26;1000 UTC;;;;;;;;;;;;;;;;;;
2026/06/26;1100 UTC;0;1017,4;1017,6;1017,3;16,4;6;3,7;6,1;5,8;3,9;3,5;90;87;89;309;7,5;5;
2026/06/26;1200 UTC;0;1018,1;1018,6;1017,6;417,8;6,9;3,6;8,5;5,9;3,8;3,5;88;76;84;320;4,5;2,3;
2026/06/26;1300 UTC;0;1018,7;1018,8;1018,6;1175,4;9,9;4,1;10,7;8,6;4,7;3,6;76;68;71;306;5,3;3,3;
2026/06/26;1400 UTC;0;1018,7;1018,8;1018,6;1743,8;11,7;5,3;12,9;10,6;6,2;4,5;73;63;68;304;3;1,7;
2026/06/26;1500 UTC;0;1018,4;1018,7;1018,1;2106,7;14;6,3;14,9;12,9;7,2;5,5;66;59;62;78;1,8;,8;
2026/06/26;1600 UTC;0;1017,7;1018,1;1017,2;2256,4;15,6;7,2;16,2;14,9;8,2;6,5;62;56;58;125;2,5;1,4;
2026/06/26;1700 UTC;0;1016,6;1017,2;1016,2;2092,9;17;8,1;17,7;16,1;9,1;7,2;60;53;56;188;3,4;1,3;
2026/06/26;1800 UTC;0;1016;1016,1;1015,9;1790,6;18;9,1;18,5;17,4;10,1;8,1;60;52;55;163;5;2,3;
2026/06/26;1900 UTC;0;1015,5;1015,9;1015,1;1287,7;18;9,5;18,2;17,8;9,9;9,1;60;55;58;143;3,3;1,9;
2026/06/26;2000 UTC;0;1015,2;1015,4;1015;644,9;17,5;9,6;18;16,9;10,2;9,1;63;58;60;155;2,3;1,2;
2026/06/26;2100 UTC;0;1015,5;1015,6;1015,4;65;14,8;10,1;17;12,3;11,1;9,1;91;61;76;41;1,8;,9;
2026/06/26;2200 UTC;0;1015,6;1015,8;1015,5;0;11,2;9,6;12,2;10,4;10,5;9,2;94;90;92;82;1,3;,7;
2026/06/26;2300 UTC;0;1016,2;1016,5;1015,8;0;9,7;8,5;10,4;9,3;9,3;8;97;91;94;206;,9;,6;
2026/06/27;0000 UTC;0;1016,8;1017;1016,6;0;8,7;7,8;9,4;8,2;8,5;7,3;97;92;95;290;2,1;1,3;
2026/06/27;0100 UTC;0;1017,2;1017,3;1017;0;8,1;7,5;8,5;7,9;7,8;7,3;98;94;97;311;3,1;2,2;
2026/06/27;0200 UTC;0;1017;1017,2;1016,9;0;7,6;7,1;8,5;7,2;7,8;6,8;99;95;98;274;1,9;1;
2026/06/27;0300 UTC;0;1016,9;1017;1016,8;0;6,8;6,5;7,2;6,3;6,9;6,1;100;98;99;322;1,2;,4;
2026/06/27;0400 UTC;0;1016,7;1016,9;1016,5;0;6,2;6,1;6,6;6,1;6,6;5,9;100;99;100;308;3,3;2,4;
2026/06/27;0500 UTC;0;1016,3;1016,5;1016,1;0;6,4;6;6,6;6,2;6,5;5,7;99;98;98;296;1,8;1,1;
2026/06/27;0600 UTC;0;1016;1016,2;1015,8;0;5,7;5,5;6,2;5,2;5,8;5;100;98;99;176;,9;,5;
2026/06/27;0700 UTC;0;1015,7;1015,9;1015,5;0;5,2;5,2;5,4;5;5,4;5;100;100;100;312;1,8;,8;
2026/06/27;0800 UTC;0;1015,3;1015,5;1015,1;0;5,2;5,1;5,4;5;5,4;4,8;100;99;100;71;1;,5;
2026/06/27;0900 UTC;0;1015,1;1015,2;1015;0;4,8;4,8;5;4,6;4,9;4,7;100;100;100;218;1,2;,4;
2026/06/27;1000 UTC;0;1015,2;1015,3;1015;0;4,7;4,7;4,9;4,5;5;4,5;100;100;100;286;1,6;,7;
2026/06/27;1100 UTC;0;1015,4;1015,5;1015,3;21,9;5,2;5,2;5,7;4,8;5,7;4,8;100;100;100;90;,7;,4;
2026/06/27;1200 UTC;0;1015,8;1016,1;1015,4;393;7;6,7;9;5,7;7,3;5,7;100;90;98;133;1,4;,7;
2026/06/27;1300 UTC;0;1016;1016;1015,9;1139,1;10,3;7,7;12,1;9,1;8,6;6,7;91;80;87;203;1;,4;
2026/06/27;1400 UTC;0;1015,9;1016;1015,6;1309,6;13,8;8,7;14,8;12,1;9,3;7,9;82;69;75;75;1,4;,8;
2026/06/27;1500 UTC;0;1015,4;1015,9;1014,9;1414,9;15,8;9,5;17,6;14,3;10,4;8,8;76;63;68;203;2,6;1;
2026/06/27;1600 UTC;0;1014,3;1014,8;1014;1809,2;18,2;10,3;18,8;17,5;11,1;9,6;65;59;61;185;1,2;,4;
2026/06/27;1700 UTC;0;1013,4;1014;1012,7;1133;18,4;11,5;19,3;17,7;12,4;10,6;73;61;66;99;3;1,4;
2026/06/27;1800 UTC;0;1012,5;1012,8;1012;839,3;18,9;12;19,5;18,3;12,5;11,2;70;59;66;142;2,8;1,6;
2026/06/27;1900 UTC;0;1011,8;1012;1011,8;522,8;17,9;11,7;18,4;17,6;12,4;11,4;72;67;69;148;1,8;,9;
2026/06/27;2000 UTC;0;1011,7;1011,9;1011,5;177,5;17,5;12,2;17,7;17,1;12,7;11,5;78;69;74;167;1,5;,6;
2026/06/27;2100 UTC;0;1011,6;1011,9;1011,3;17;16,6;13,1;17,1;16;14;12,1;89;76;83;98;1,4;,7;
2026/06/27;2200 UTC;0;1011,4;1011,7;1011,1;0;15,8;13,7;16,1;15,4;14,1;13,4;91;88;90;44;1,9;1;
2026/06/27;2300 UTC;0;1011,2;1011,3;1010,9;0;15,1;13,5;15,4;14,6;13,7;13,2;94;89;92;85;1,5;,9;
2026/06/28;0000 UTC;0;1011,2;1011,5;1010,8;0;14,4;13,3;14,8;13,8;13,6;13,1;97;92;95;310;1,7;1,3;
2026/06/28;0100 UTC;0;1010,9;1011,2;1010,6;0;13,4;12,9;13,9;13,1;13,2;12,6;99;95;98;112;2;,8;
2026/06/28;0200 UTC;0;1010,8;1010,9;1010,6;0;13,2;12,9;13,4;13,1;13;12,7;99;97;98;130;1,8;,8;
2026/06/28;0300 UTC;0;1010,5;1010,8;1009,9;0;13,6;13;13,7;13,4;13,1;12,8;98;96;97;;;;
2026/06/28;0400 UTC;0;1009,9;1010,2;1009,5;0;14,2;13,6;15;13,4;14,3;12,9;99;94;97;;;;
2026/06/28;0500 UTC;0;1009,3;1009,7;1008,6;0;14,6;13,8;14,9;14,4;14,3;13,6;97;95;96;;;;
2026/06/28;0600 UTC;,4;1008,7;1009,4;1007,9;0;16,2;15,1;16,7;14,8;15,6;14;98;90;95;;;;
2026/06/28;0700 UTC;,4;1008;1008,8;1007,5;0;16,5;15,7;17;16,1;15,9;15,5;98;93;96;;;;
2026/06/28;0800 UTC;17,6;1008,4;1009;1007,5;0;16,3;16,1;16,6;16;16,4;15,7;100;96;99;;;;
2026/06/28;0900 UTC;,4;1007,8;1008,5;1007,4;0;17;16,2;17,8;16,6;16,4;15,9;99;91;96;;;;
2026/06/28;1000 UTC;0;1008,2;1008,5;1007,9;0;18;15,7;18,4;17,7;15,9;15,4;91;85;89;309;;;
2026/06/28;1100 UTC;,4;1009,1;1009,6;1008,5;0;16,8;16,1;17,8;16,4;16,2;15,7;99;90;96;134;;1,4;
2026/06/28;1200 UTC;4;1009,1;1009,5;1008,7;2,6;16,1;16;16,4;15,9;16,3;15,8;100;99;100;238;;1,1;
2026/06/28;1300 UTC;,4;1008,8;1009,3;1008,4;19,3;15,9;15,9;16,1;15,8;16,1;15,8;100;100;100;270;;3,3;
2026/06/28;1400 UTC;0;1009;1009,6;1008,7;79,5;16,3;16,3;16,6;16,1;16,4;16,1;100;99;100;357;;;
2026/06/28;1500 UTC;1,2;1009,2;1009,6;1008,5;43,9;16,5;16,4;16,6;16,3;16,5;16,3;100;99;99;11;;;
2026/06/28;1600 UTC;7;1008,3;1009,5;1006,9;54,1;16,8;16,4;18,8;16,3;16,8;16,2;100;88;98;296;;11,3;
2026/06/28;1700 UTC;1;1008,1;1008,4;1007,7;73,4;17,3;16,7;18,5;17;16,8;16,3;99;91;97;318;;;
2026/06/28;1800 UTC;,2;1007,8;1007,9;1007,6;104,7;17,9;16,8;18;17,7;16,9;16,7;96;93;95;355;;;
2026/06/28;1900 UTC;0;1007,4;1007,8;1006,9;184,7;17,7;16,9;17,8;17,6;17,1;16,8;97;95;96;356;;;
2026/06/28;2000 UTC;,2;1007,5;1007,7;1007,2;80,5;18;17;18,4;17,6;17,2;16,6;97;91;95;300;3,9;2,8;
2026/06/28;2100 UTC;,2;1007,9;1008,3;1007,7;21,4;17,7;17;17,8;17,6;17,3;16,8;98;95;96;284;3,8;1,9;
2026/06/28;2200 UTC;0;1009,1;1009,6;1008,3;0;17,1;15,9;17,6;16,9;16,9;15,3;96;92;94;320;3,2;1,6;
2026/06/28;2300 UTC;0;1010;1010,3;1009,6;0;16,4;14,5;17;15,2;15,2;14,1;95;87;90;61;2,3;,9;
2026/06/29;0000 UTC;0;1010,5;1010,7;1010,3;0;14,6;13,4;15,1;13,9;14,2;12,8;96;92;94;221;2,4;1,6;
2026/06/29;0100 UTC;0;1011;1011,3;1010,6;0;13,7;12,7;14,1;13,3;13,1;12,4;97;93;95;306;2,5;1,4;
2026/06/29;0200 UTC;0;1011,5;1011,8;1011,3;0;12,9;12,3;13,5;12,4;12,7;12;99;95;97;272;2,6;,9;
2026/06/29;0300 UTC;0;1012;1012,2;1011,7;0;12,1;11,6;12,7;11,5;12,3;10,9;100;92;97;60;1,3;,8;
2026/06/29;0400 UTC;0;1012,2;1012,4;1012;0;11,2;10,6;12;10,7;11,1;10,1;98;94;97;133;1,5;1;
2026/06/29;0500 UTC;0;1012,4;1012,5;1012,2;0;10,1;9,8;10,6;9,7;10,2;9,4;99;98;98;175;1,7;1,2;
2026/06/29;0600 UTC;0;1012,6;1012,8;1012,4;0;9,5;9,2;9,8;9;9,5;8,9;100;98;99;335;2,2;1,4;
2026/06/29;0700 UTC;,2;1012,8;1013,1;1012,6;0;8,9;8,8;9,1;8,7;9;8,5;100;99;99;268;2,6;1,5;
2026/06/29;0800 UTC;0;1013,1;1013,2;1013;0;8,5;8,4;8,8;8,2;8,7;8,2;100;99;100;305;3,2;1,9;
2026/06/29;0900 UTC;0;1013,3;1013,5;1013,1;0;7,9;7,9;8,4;7,5;8,4;7,5;100;100;100;303;1,8;1;
2026/06/29;1000 UTC;0;1013,9;1014,4;1013,5;0;7,6;7,7;7,8;7,2;7,9;7,2;100;100;100;105;,8;,5;
2026/06/29;1100 UTC;0;1014,7;1014,8;1014,4;22,1;6,9;6,9;7,1;6,8;7,2;6,8;100;100;100;241;,9;,6;
2026/06/29;1200 UTC;0;1015,1;1015,1;1014,9;236,3;7,7;7,7;8,5;7;8,5;7,1;100;100;100;301;1,9;1,3;
2026/06/29;1300 UTC;0;1015,2;1015,5;1015;597,1;9,1;9;9,6;8,5;9,4;8,5;100;98;100;265;1,2;,6;
2026/06/29;1400 UTC;0;1015,6;1015,8;1015,4;833,5;10,7;9,4;11,2;9,7;9,9;8,8;98;88;94;137;1,8;,8;
2026/06/29;1500 UTC;0;1015,5;1015,7;1015,2;1261,4;11,9;9,5;13,2;11,2;9,9;9;93;81;88;148;1,8;,8;
2026/06/29;1600 UTC;0;1014,8;1015,2;1014,1;2446,1;14;9,5;14,6;13,2;10,3;8,3;81;74;77;151;3,7;2,2;
2026/06/29;1700 UTC;0;1013,7;1014,1;1013,1;2235,5;14,6;9,7;15;14,3;10,4;9;79;73;76;163;4,4;2,3;
2026/06/29;1800 UTC;0;1013;1013,2;1012,8;1322,2;14,6;9,8;15,3;14,1;10,4;9,3;80;71;76;167;4,7;2;
2026/06/29;1900 UTC;0;1012,6;1012,8;1012,5;755,6;14,3;9,8;14,7;14;10,3;9,3;80;75;77;169;3,6;1,5;
2026/06/29;2000 UTC;0;1012,9;1013;1012,8;436,9;14,1;10;14,4;14;10,5;9,6;82;77;79;155;3,6;1,7;
2026/06/29;2100 UTC;0;1013;1013,2;1012,9;105;13,5;10;14,2;12,4;10,4;9,5;89;78;82;124;2,1;1,3;
2026/06/29;2200 UTC;0;1013,2;1013,3;1013,1;0;12,3;10,4;12,4;12,1;10,8;10,1;92;89;91;167;1,2;,6;
2026/06/29;2300 UTC;0;1013,2;1013,5;1013;0;12,2;10,4;12,4;12;10,9;9,8;94;87;91;140;2,5;1,4;
2026/06/30;0000 UTC;0;1013,6;1013,7;1013,4;0;12;10,2;12,3;11,7;10,5;9,9;94;88;91;106;1,5;,6;
2026/06/30;0100 UTC;0;1013,8;1013,9;1013,6;0;11,9;10,2;12;11,7;10,5;10;93;90;92;104;2,3;,8;
2026/06/30;0200 UTC;0;1013,6;1013,7;1013,5;0;11,7;9,9;12;11,4;10,2;9,5;92;90;91;127;2,5;1,4;
2026/06/30;0300 UTC;0;1013,8;1014;1013,5;0;11,4;9,8;11,5;11,1;10,2;9,4;95;89;92;93;2,3;1,1;
2026/06/30;0400 UTC;0;1013,9;1014;1013,6;0;11,3;9,6;11,5;11;9,9;9,3;93;90;92;120;2,6;1,5;
2026/06/30;0500 UTC;0;1013,3;1013,7;1013;0;10,2;9,2;11;9,9;9,4;9;97;92;95;155;2,7;1,2;
2026/06/30;0600 UTC;0;1012,8;1013,1;1012,4;0;10;9,5;10,2;9,8;9,7;9,3;99;97;97;122;2,3;1,1;
2026/06/30;0700 UTC;0;1012,5;1012,6;1012,3;0;9,9;9,6;10;9,9;9,7;9,4;99;97;98;126;2,9;1,5;
2026/06/30;0800 UTC;0;1012,3;1012,5;1012,2;0;9,8;9,2;9,9;9,5;9,5;8,8;98;96;97;166;3,3;1,7;
2026/06/30;0900 UTC;0;1012,2;1012,4;1012,1;0;9,2;8,7;9,5;8,9;8,9;8,5;99;96;98;125;2,4;1,5;
2026/06/30;1000 UTC;0;1012,5;1012,7;1012,3;0;9;8,5;9;8,9;8,6;8,4;98;97;98;127;1,4;,9;
2026/06/30;1100 UTC;;;;;;;;;;;;;;;;;;
2026/06/30;1200 UTC;0;1013,1;1013,3;1012,9;153,1;9,2;8,8;9,4;9,1;9;8,5;98;97;98;128;2,3;1;
2026/06/30;1300 UTC;0;1013,4;1013,6;1013,2;238;9,5;9;9,8;9,3;9,3;8,7;99;96;98;184;2,6;,7;
2026/06/30;1400 UTC;0;1013,3;1013,6;1013,1;456,1;10,2;0;10,7;9,8;;;;;;0;;,8;
2026/06/30;1500 UTC;0;1012,7;1013,1;1012,2;1098,6;11,5;9,2;12,3;10,8;9,5;8,8;92;85;88;159;2,7;1,4;
2026/06/30;1600 UTC;0;1011,8;1012,2;1011,2;881;12,7;9,7;13,3;12,3;10,5;9,2;88;83;85;144;3;1,7;
2026/06/30;1700 UTC;0;1010,7;1011,1;1010,3;707,9;13,4;10,3;13,6;13,1;10,8;10;87;83;85;176;2,7;1,3;
2026/06/30;1800 UTC;0;1010;1010,3;1009,5;495,1;13,7;10,7;13,9;13,6;11,2;10,3;87;83;85;161;4,2;2;
2026/06/30;1900 UTC;0;1009,2;1009,5;1008,9;306,1;13,7;10,9;13,9;13,6;11,3;10,6;88;84;86;168;4,2;1,9;
2026/06/30;2000 UTC;0;1009;1009,3;1008,7;106,3;13,6;11,2;13,7;13,5;11,5;11;90;87;88;155;3,8;1,6;
2026/06/30;2100 UTC;0;1009,3;1009,7;1009;8,8;13,3;11,4;13,5;13,1;11,6;11,2;92;89;91;179;2,5;,7;
2026/06/30;2200 UTC;0;1009,2;1009,6;1009;0;13;11,8;13,1;12,9;12,1;11,4;96;91;94;158;1,6;,6;
2026/06/30;2300 UTC;,2;1009,2;1009,3;1009;0;12,7;12,2;12,9;12,6;12,3;12;98;96;97;105;1;,5;
2026/07/01;0000 UTC;0;1009,1;1009,3;1008,8;0;12,5;12,1;12,6;12,4;12,2;11,8;99;97;98;155;1,8;,9;
2026/07/01;0100 UTC;0;1009,4;1009,6;1009,3;0;12,6;12;12,6;12,6;12,1;11,8;98;96;97;144;1,6;,9;
2026/07/01;0200 UTC;0;1009,7;1009,9;1009,4;0;12,6;12,1;12,7;12,6;12,3;12;98;97;98;144;1,4;1;
2026/07/01;0300 UTC;0;1010,1;1010,3;1009,9;0;12,7;12,3;12,8;12,7;12,5;12,2;98;98;98;164;2,4;,8;
2026/07/01;0400 UTC;0;1010;1010,3;1009,7;0;12,8;12,3;12,8;12,7;12,4;12,3;98;97;98;162;2,1;,7;
2026/07/01;0500 UTC;0;1010;1010,4;1009,8;0;12,6;12,4;12,7;12,6;12,5;12,3;99;98;99;179;1,8;,5;
2026/07/01;0600 UTC;0;1009,8;1010,1;1009,5;0;12,5;12,5;12,6;12,5;12,5;12,4;100;99;100;155;1,4;,6;
2026/07/01;0700 UTC;0;1009,4;1009,6;1009;0;12,5;12,4;12,5;12,5;12,4;12,3;100;99;100;171;2;,9;
2026/07/01;0800 UTC;0;1009,2;1009,5;1009;0;12,4;12,4;12,5;12,4;12,5;12,4;100;100;100;140;1,2;,7;
2026/07/01;0900 UTC;0;1008,9;1009,2;1008,7;0;12,4;12,4;12,4;12,4;12,5;12,4;100;100;100;196;1,8;,7;
2026/07/01;1000 UTC;0;1009,5;1009,9;1009,1;0;12,4;12,4;12,4;12,3;12,4;12,4;100;100;100;173;2;,7;
2026/07/01;1100 UTC;0;1010,1;1010,6;1009,6;7,9;12,3;12,3;12,4;12,3;12,4;12,3;100;100;100;172;2,2;1,1;
2026/07/01;1200 UTC;0;1010,6;1011;1010;81,8;12,5;12,5;12,6;12,4;12,6;12,4;100;100;100;160;3,4;1,5;
2026/07/01;1300 UTC;0;1011,3;1011,7;1010,9;153,8;12,6;12,5;12,8;12,6;12,6;12,4;100;99;99;159;3,4;1,6;
2026/07/01;1400 UTC;;;;;;;;;;;;;;;;;;
2026/07/01;1500 UTC;;;;;;;;;;;;;;;;;;
2026/07/01;1600 UTC;;;;;;;;;;;;;;;;;;
2026/07/01;1700 UTC;0;1009,8;1010,3;1009,5;284,7;13,4;12,5;13,5;13,2;12,6;12,3;96;94;95;149;2,9;1,5;
2026/07/01;1800 UTC;,2;1010;1010,4;1009,6;92,6;13,6;12,5;13,7;13,5;13;12,3;97;93;94;91;1,4;,8;
2026/07/01;1900 UTC;0;1009,3;1009,7;1009;96,4;13,6;12,9;13,6;13,6;13,1;12,8;97;96;97;118;1,5;,5;
2026/07/01;2000 UTC;,4;1009,8;1010,5;1009,4;49,7;13,7;13,2;13,7;13,6;13,3;12,9;98;96;98;309;1;,5;
2026/07/01;2100 UTC;,6;1010,8;1011,1;1010,5;12,6;13,8;13,6;13,8;13,7;13,7;13,3;99;98;99;190;1,6;,6;
2026/07/01;2200 UTC;1,2;1011,4;1012,1;1011;0;13,8;13,7;13,8;13,8;13,7;13,6;100;99;99;211;1,8;,7;
2026/07/01;2300 UTC;,2;1011,6;1012;1011,3;0;13,8;13,8;13,9;13,8;13,9;13,7;100;100;100;164;3,8;1,4;
2026/07/02;0000 UTC;1;1012,6;1012,8;1011,9;0;13,9;13,9;14;13,9;14;13,9;100;100;100;144;2,8;1,5;
2026/07/02;0100 UTC;0;1012,8;1013,2;1012,5;0;14;14;14,1;14;14,1;14;100;100;100;141;2,9;1,6;
2026/07/02;0200 UTC;0;1013,5;1013,7;1013,2;0;14,1;14,1;14,2;14,1;14,2;14,1;100;100;100;144;2,6;1,7;
2026/07/02;0300 UTC;0;1013,6;1013,7;1013,4;0;14,1;14,2;14,2;14,1;14,2;14,1;100;100;100;160;3,3;1,4;
2026/07/02;0400 UTC;0;1013,6;1013,8;1013,1;0;14,2;14,2;14,2;14,2;14,2;14,1;100;100;100;81;18,7;8,6;
2026/07/02;0500 UTC;0;1013,8;1014;1013,5;0;14,2;14,1;14,2;14,2;14,2;14,1;100;99;100;141;18,4;1,2;
2026/07/02;0600 UTC;0;1013,8;1014,2;1013,7;0;14,2;14;14,3;14,2;14,1;13,9;100;98;99;125;3,4;1,5;
2026/07/02;0700 UTC;,2;1013,7;1014,4;1013,3;0;14,3;13,7;14,5;14,1;13,9;13,6;99;96;97;211;2,4;,7;
2026/07/02;0800 UTC;1,2;1014;1014,4;1013,6;0;13,9;13,9;14,1;13,8;13,9;13,8;100;99;100;128;2,1;1,2;
2026/07/02;0900 UTC;0;1013,5;1014;1012,9;0;13,9;13,9;13,9;13,9;14;13,9;100;100;100;5;17,7;16,9;
2026/07/02;1000 UTC;,2;1014;1014,5;1013,6;0;14;14;14;13,9;14,1;14;100;100;100;35;17,9;16,5;
2026/07/02;1100 UTC;0;1014,7;1015,3;1014,1;,7;13,8;13,6;14;13,6;14;13,4;100;99;99;112;17,5;5,3;
2026/07/02;1200 UTC;,6;1015,5;1016,2;1014,9;16,1;13,4;13,3;13,6;13,2;13,4;13,2;100;99;99;135;2,9;1,4;
2026/07/02;1300 UTC;,6;1016,4;1017,3;1015,9;53,5;13;12,8;13,2;12,5;13,2;12,2;100;98;99;169;5,3;2;
2026/07/02;1400 UTC;1,2;1017,6;1018;1017,2;0;12,1;11,9;12,5;11,8;12,2;11,5;99;98;99;174;5,5;2,3;
2026/07/02;1500 UTC;,8;1017,8;1018,1;1017,4;152,5;11,5;11,2;11,8;11,3;11,6;10,9;99;98;99;158;5,5;2,5;
2026/07/02;1600 UTC;1,2;1017,7;1018,1;1017,4;187;11,2;11;11,4;11,1;11,3;10,8;100;98;99;151;4,9;2,9;
2026/07/02;1700 UTC;1,4;1017,4;1017,8;1017,3;281,7;11,2;11;11,3;11,1;11,2;10,7;100;98;99;166;4,9;1,8;
2026/07/02;1800 UTC;,2;1017,4;1017,5;1017,3;302,8;11,2;10,8;11,4;11;11,1;10,4;99;97;98;178;5,1;2,1;
2026/07/02;1900 UTC;0;1017,6;1017,7;1017,5;209;11;10,6;11,1;10,9;10,9;10,4;99;97;98;161;4,3;2,2;
2026/07/02;2000 UTC;,2;1018,1;1018,3;1017,6;0;10,8;10,5;11;10,7;10,8;10,3;99;98;98;0;4,3;2,3;
2026/07/02;2100 UTC;,2;1018,7;1018,9;1018,3;19,3;10,3;9,9;10,8;10,1;10,5;9,5;99;97;98;170;4,9;1,8;
2026/07/02;2200 UTC;0;1019,3;1019,7;1018,9;0;10;9,7;10,1;9,9;9,9;9,4;100;96;98;168;4,7;1,7;
2026/07/02;2300 UTC;0;1020,1;1020,4;1019,7;0;9,4;9,1;9,9;9,1;9,6;8,7;99;97;98;168;4,2;1,7;
2026/07/03;0000 UTC;,2;1020,7;1021;1020,4;0;9;8,1;9,1;8,9;8,7;7,3;98;92;96;141;3,2;,8;
2026/07/03;0100 UTC;0;1021,2;1021,4;1021;0;9;7,1;9,1;9;8;6;95;85;90;180;3,5;1,3;
2026/07/03;0200 UTC;0;1021,4;1021,5;1021,3;0;9;5,9;9,1;8,9;6,7;4,9;88;79;84;212;1,8;,7;
2026/07/03;0300 UTC;0;1021,4;1021,6;1021,3;0;8,9;6;9,1;8,7;7,3;4,4;93;77;85;119;2,2;,6;
2026/07/03;0400 UTC;0;1021,6;1021,8;1021,4;0;8,4;4,5;8,8;8,1;6,6;3,5;89;76;81;203;4;1,3;
2026/07/03;0500 UTC;0;1021,8;1021,9;1021,7;;7,4;2,4;8;6,8;3,6;1,8;79;73;75;;;;
2026/07/03;0600 UTC;0;1021,8;1022;1021,6;;6,8;1,9;7;6,3;2,3;1,5;;;;;;;
2026/07/03;0700 UTC;0;1022,1;1022,4;1022;;5,8;1,8;6,3;5,4;2,5;,8;82;77;80;;;;
2026/07/03;0800 UTC;0;1022,4;1022,6;1022,2;0;4,7;,3;5,3;4,1;1,5;1,1;87;79;83;132;2;1,2;
2026/07/03;0900 UTC;0;1022,5;1022,7;1022,3;0;3,5;,8;4,1;2,9;1,5;0;90;82;86;146;1,8;,9;
2026/07/03;1000 UTC;0;1022,7;1022,8;1022,5;0;2,5;,4;3;1,8;1,1;-1,3;96;80;89;39;2,5;1,3;
2026/07/03;1100 UTC;0;1023,1;1023,5;1022,8;16,5;1,7;,6;2;1,6;,9;,3;96;92;94;301;1,6;,9;
2026/07/03;1200 UTC;0;1023,6;1023,7;1023,5;464,8;2,7;,9;4,1;1,7;1,3;,4;96;85;91;184;1,5;,9;
2026/07/03;1300 UTC;0;1023,8;1024;1023,6;1197,9;5,2;-,4;6,3;3,9;1,1;-1,9;85;63;72;241;1,1;,5;
2026/07/03;1400 UTC;0;1023,7;1024;1023,5;1749,2;6,7;-,1;7,8;6,1;1,1;-1,1;69;63;66;126;2,3;1;
2026/07/03;1500 UTC;0;1023,1;1023,6;1022,8;2138,8;7,7;,7;8,4;7,2;1,8;0;68;61;65;115;3,2;1,6;
2026/07/03;1600 UTC;0;1022,5;1022,9;1022,1;2315,6;8,8;1,8;9,4;8,2;2,9;,8;72;60;65;119;3,7;2,1;
2026/07/03;1700 UTC;0;1021,8;1022,1;1021,5;2300,9;9,4;1,8;9,8;8,8;2,7;,9;68;59;62;52;3,9;2,2;
2026/07/03;1800 UTC;0;1021;1021,4;1020,7;1785,5;10;2,1;10,7;9,4;3,5;,9;67;53;60;93;2;1,1;
2026/07/03;1900 UTC;0;1020,7;1020,9;1020,5;1269,4;10,5;1,5;11,1;9,9;2,9;,8;60;53;55;151;2,6;1;
2026/07/03;2000 UTC;0;1020,3;1020,5;1020,2;684,2;10,5;1,7;10,9;10,2;2,7;1,3;61;53;56;213;1,6;,8;
2026/07/03;2100 UTC;0;1020,4;1020,6;1020,2;94,7;9,2;3,6;10,3;7,7;5,3;1,5;88;57;72;173;2;1,3;
2026/07/03;2200 UTC;0;1020,9;1021;1020,7;0;6,6;4,5;7;6,3;4,9;4;91;88;90;337;2,8;1,8;
2026/07/03;2300 UTC;0;1021,4;1021,6;1021;0;6,2;3,7;6,5;5,7;4;3,4;89;86;88;319;2,8;1,6;
2026/07/04;0000 UTC;0;1021,6;1021,8;1021,4;0;5,7;3,8;5,9;5,4;4,2;3,5;93;88;91;315;2,4;1,8;
2026/07/04;0100 UTC;0;1021,5;1021,7;1021,3;0;5,9;4,3;6,1;5,7;4,6;4;93;90;92;298;1,9;1,1;
2026/07/04;0200 UTC;0;1021,4;1021,5;1021,3;0;6,1;4,4;6,2;6,1;4,7;3,9;92;89;91;294;1,3;,7;
2026/07/04;0300 UTC;0;1021,2;1021,4;1021,1;0;6,1;4,6;6,2;6,1;4,9;4,1;94;90;92;164;1;,3;
2026/07/04;0400 UTC;0;1021,1;1021,3;1021;0;6,3;4,7;6,4;6,1;5,3;4,1;95;89;92;276;1,6;,8;
2026/07/04;0500 UTC;0;1021;1021,2;1020,9;0;6,4;4,8;6,5;6,2;5,3;4,3;94;89;92;279;2,5;1,4;
2026/07/04;0600 UTC;0;1020,5;1021;1020,1;0;6,6;4,8;6,7;6,4;5,3;4,4;93;88;91;321;1,2;,8;
2026/07/04;0700 UTC;0;1019,9;1020,1;1019,7;0;6,7;5,4;6,8;6,6;6;4,2;97;87;93;147;,9;,5;
2026/07/04;0800 UTC;0;1019,5;1019,7;1019,3;0;6,6;6,1;6,8;6,5;6,2;5,9;97;97;97;265;,9;,5;
2026/07/04;0900 UTC;0;1019,4;1019,5;1019,3;0;7;6;7,1;6,9;6,1;5,8;96;94;95;265;1;,5;
2026/07/04;1000 UTC;0;1019,6;1019,8;1019,4;0;7;6;7;6,9;6,2;5,7;96;94;95;278;1;,4;
2026/07/04;1100 UTC;0;1020;1020,5;1019,7;5,1;7;5,7;7,2;7;6,1;5,5;95;92;93;176;,8;,5;
2026/07/04;1200 UTC;0;1020,3;1020,5;1020;80,8;7,4;6,2;7,7;7,1;6,5;5,9;95;93;94;135;,8;,4;
2026/07/04;1300 UTC;0;1020,7;1020,9;1020,5;225,1;8,1;6,2;8,5;7,7;6,4;5,8;93;86;90;150;2,4;1,2;
2026/07/04;1400 UTC;0;1020,8;1021,1;1020,7;468;9;6;9,5;8,6;6,4;5,6;89;81;85;160;2,9;1,3;
2026/07/04;1500 UTC;0;1020,6;1020,9;1020,2;604,2;9,7;5,5;10;9,5;6,2;5,1;83;76;79;157;4,1;2,2;
2026/07/04;1600 UTC;0;1020,3;1020,6;1019,8;728,9;10,3;5,1;10,6;9,9;5,7;4,5;78;70;74;150;3,5;1,6;
2026/07/04;1700 UTC;0;1019,1;1019,9;1018,4;917,3;10,7;4,8;11,1;10,3;5,4;4,2;74;67;70;182;3;1,3;
2026/07/04;1800 UTC;0;1017,3;1018,3;1016,7;1142,6;11,4;5,1;11,9;10,9;5,8;4,6;73;67;69;155;4,1;2,2;
2026/07/04;1900 UTC;0;1016,9;1017,2;1016,5;661,4;11,4;5,5;11,7;11,2;6,1;5;74;67;70;162;3,6;1,7;
2026/07/04;2000 UTC;0;1017,2;1017,4;1017,1;383,8;10,8;5,9;11,1;10,5;6,3;5,5;77;73;75;144;3,6;2,1;
2026/07/04;2100 UTC;0;1017,3;1017,7;1017,2;46,6;10;6,1;10,5;9,4;6,6;5,6;86;76;80;140;2,5;1,3;
2026/07/04;2200 UTC;0;1017,7;1018,2;1017;0;9;6,6;9,4;8,8;7,3;6,2;91;85;88;136;2,6;1,6;
2026/07/04;2300 UTC;0;1017;1017,8;1015,8;0;9;6,5;9,2;8,9;6,9;6;90;84;88;129;5,8;2,7;
2026/07/05;0000 UTC;0;1016,6;1017;1016,2;0;9,1;6,3;9,3;8,7;7;5,8;91;83;86;80;1,8;1,1;
2026/07/05;0100 UTC;0;1017,5;1017,9;1017;0;8,5;7;8,7;8,4;7,3;6,8;95;91;93;105;1,6;,8;
2026/07/05;0200 UTC;0;1017;1017,6;1016,7;0;8,6;6,9;8,9;8,4;7,2;6,5;94;88;91;131;1,6;,9;
2026/07/05;0300 UTC;0;1017,2;1017,5;1017;0;8,1;6,9;8,8;7,3;7,3;6,4;98;89;94;31;1,8;1,3;
2026/07/05;0400 UTC;0;1016,6;1017,1;1016;0;7,5;6,9;7,7;7,2;7;6,7;99;96;97;228;1,4;1;
2026/07/05;0500 UTC;0;1016,5;1016,7;1016,3;0;7,1;6,8;7,4;6,8;7;6,6;99;;97;89;1,3;,7;
2026/07/05;0600 UTC;0;1016,2;1016,4;1015,9;0;6,5;6,5;6,8;6,4;6,6;6,3;100;99;100;295;,6;,3;
2026/07/05;0700 UTC;;;;;;;;;;;;;;;;;;
2026/07/05;0800 UTC;;;;;;;;;;;;;;;;;;
2026/07/05;0900 UTC;0;1014,8;1015,3;1014,5;0;7,9;7,6;8,1;7,8;7,7;7,5;99;98;98;276;2,5;1,4;
2026/07/05;1000 UTC;0;1014,8;1015;1014,6;0;8,1;7,7;8,4;7,8;7,8;7,5;99;97;98;89;,5;,3;
2026/07/05;1100 UTC;0;1014,9;1015;1014,7;5,3;8,6;8;8,8;8,4;8,3;7,6;98;95;97;273;1,2;,8;
2026/07/05;1200 UTC;0;1015;1015,1;1014,9;65,7;8,9;8,1;9;8,8;8,4;7,8;97;94;96;254;1,8;1,1;
2026/07/05;1300 UTC;0;1015,4;1015,6;1015,1;214,1;9,2;8;9,7;8,9;8,2;7,7;96;91;94;297;1,1;,6;
2026/07/05;1400 UTC;0;1015,4;1015,5;1015,4;642,6;10,5;8;10,6;10,4;8,4;7,8;89;87;88;148;1,4;,7;
2026/07/05;1500 UTC;0;1014,9;1015,3;1014,3;901,6;11,2;8;11,8;10,6;8,5;7,4;89;80;84;156;2;,8;
2026/07/05;1600 UTC;0;1013,8;1014,4;1013,1;1043,1;12,2;8,3;12,6;11,8;9;7,7;83;78;80;145;2,4;1,3;
2026/07/05;1700 UTC;0;1012,7;1013,2;1012,3;1763,4;13,6;8,9;14,3;12,6;9,7;8,4;83;73;77;128;2,6;1,2;
2026/07/05;1800 UTC;0;1012,1;1012,3;1011,9;1114,3;14,4;9,5;14,7;14,1;10,2;8,9;79;72;76;129;2,5;1,6;
2026/07/05;1900 UTC;0;1011,8;1011,9;1011,5;476;14,4;9,8;14,5;14,4;10,4;9,3;80;74;77;131;2,2;1,2;
2026/07/05;2000 UTC;0;1011,7;1011,8;1011,6;123,6;14,2;10,4;14,4;13,9;10,7;9,9;83;78;81;150;2,6;1,4;
2026/07/05;2100 UTC;0;1011,9;1012,2;1011,6;20,6;13,6;10,7;13,9;13,3;11;10,4;88;83;86;139;2,9;1,5;
2026/07/05;2200 UTC;0;1012;1012,1;1011,9;0;13,2;11;13,3;13;11,4;10,7;92;87;89;148;1;,3;
2026/07/05;2300 UTC;0;1011,8;1012;1011,6;0;12,7;11,4;13;12,4;11,6;11;96;90;93;32;,9;,6;
2026/07/06;0000 UTC;0;1011,8;1012;1011,5;0;12,3;11,5;12,4;12,2;11,6;11,4;97;96;96;128;1,2;,6;
2026/07/06;0100 UTC;0;1011,9;1012,1;1011,8;0;12,1;11,4;12,2;12;11,5;11,2;98;95;97;198;1,9;1,3;
2026/07/06;0200 UTC;0;1012;1012,3;1011,8;0;12,3;11,2;12,4;12,1;11,3;11;96;94;95;276;1,7;1,1;
2026/07/06;0300 UTC;0;1012,3;1012,5;1012,1;0;12,3;11,4;12,4;12,2;11,6;11,3;97;95;96;255;1,8;1,1;
2026/07/06;0400 UTC;0;1012,2;1012,4;1012,1;0;12,3;11,5;12,3;12,2;11,7;11,2;97;95;96;150;1,4;,7;
2026/07/06;0500 UTC;0;1012,1;1012,3;1011,9;0;12,3;11,5;12,4;12,3;11,6;11,4;96;95;96;163;1,3;,7;
2026/07/06;0600 UTC;0;1012,5;1012,9;1012,2;0;12,4;11,5;12,4;12,3;11,6;11,3;96;95;96;244;1,7;,6;
2026/07/06;0700 UTC;0;1013;1013,2;1012,8;0;12,3;11,6;12,5;12,2;11,8;11,1;98;93;96;241;2;,8;
2026/07/06;0800 UTC;0;1012,6;1012,8;1012,2;0;13;10,8;13,1;12,9;11,2;10,2;91;86;89;322;4,1;2,4;
2026/07/06;0900 UTC;0;1012,5;1012,9;1012,2;0;12,9;10,2;13,1;12,8;10,5;9,7;88;84;86;259;2,9;1,3;
2026/07/06;1000 UTC;0;1013;1013,2;1012,8;0;12,8;9,8;13;12,5;10,2;9,5;88;83;85;172;1,8;,5;
2026/07/06;1100 UTC;0;1013,5;1014;1012,9;3,7;12,4;9,3;12,6;12,2;10,5;8,4;91;80;85;262;4,4;2;
2026/07/06;1200 UTC;0;1014,5;1015;1014;70,4;12,3;8,7;12,4;12,2;9,1;8,1;85;79;82;275;4,5;2,6;
2026/07/06;1300 UTC;0;1015,4;1016,1;1014,8;202,8;12,2;8;12,4;11,8;8,6;6,9;82;75;79;249;6;2,8;
2026/07/06;1400 UTC;0;1016,1;1016,3;1015,9;242,7;11,6;7,5;11,8;11,4;8,1;6,9;82;75;80;261;4,1;2;
2026/07/06;1500 UTC;0;1016,3;1016,5;1016;248,5;11,3;7,4;11,5;11;8,1;6,9;85;77;81;284;3,2;2,1;
2026/07/06;1600 UTC;0;1015,6;1016;1015,3;433,9;11,9;7;12,2;11,5;7,8;6,4;81;71;76;286;3,5;2,2;
2026/07/06;1700 UTC;0;1014,9;1015,3;1014,5;789,6;12,6;7,1;13,2;12,1;7,6;6,7;76;68;73;306;4,8;2,5;
2026/07/06;1800 UTC;0;1014,4;1014,6;1014,1;1482;13,8;6,4;14,8;13;7,2;5,4;71;57;63;260;5;2,9;
2026/07/06;1900 UTC;0;1014,2;1014,3;1014,1;1391,8;14,2;5,8;14,5;13,3;6,5;5;64;54;58;284;5;3;
2026/07/06;2000 UTC;0;1014,4;1014,5;1014,3;550,2;13,8;5,7;14,3;13;6,3;5,3;65;55;60;262;3;1,6;
2026/07/06;2100 UTC;0;1014,7;1014,8;1014,5;84,2;12,3;6,3;13,1;10;7,9;5,6;89;63;70;35;2,4;1,6;
2026/07/06;2200 UTC;0;1015;1015,2;1014,8;0;9,4;7,2;10;8,6;7,9;6,5;92;85;89;304;1,7;1;
2026/07/06;2300 UTC;0;1015,6;1015,9;1015,3;0;7,8;6,5;8,6;7,3;6,7;6,3;96;90;94;300;2,1;1,1;
2026/07/07;0000 UTC;0;1016;1016;1015,9;0;7,1;5,9;7,5;6,6;6,4;5,6;96;91;94;314;2,5;1,9;
2026/07/07;0100 UTC;0;1016,3;1016,6;1016;0;6,8;5,6;7,1;6,4;6;5,5;96;92;94;298;2,4;1,7;
2026/07/07;0200 UTC;0;1016,9;1017,1;1016,6;0;6,2;5,3;6,5;5,9;5,7;5,1;97;95;96;293;2,5;1,8;
2026/07/07;0300 UTC;0;1017,1;1017,2;1017;0;5,8;5;6;5,6;5,3;4,6;97;95;96;310;3,4;1,8;
2026/07/07;0400 UTC;0;1017,1;1017,2;1017,1;0;5,2;4,5;5,7;5;4,7;4,3;98;95;96;307;1,9;1,3;
2026/07/07;0500 UTC;0;1016,9;1017,1;1016,7;0;4,8;4,2;5;4,6;4,4;4;98;96;97;312;2,5;2,1;
2026/07/07;0600 UTC;0;1016,8;1017;1016,6;0;4,4;3,9;4,7;4,2;4;3,6;98;95;97;304;4,2;2,7;
2026/07/07;0700 UTC;0;1017;1017,1;1016,9;0;4,3;3,4;4,5;4,2;3,6;3,2;96;95;96;305;4,6;3,2;
2026/07/07;0800 UTC;;;;;;;;;;;;;;;;;;
2026/07/07;0900 UTC;;;;;;;;;;;;;;;;;;
2026/07/07;1000 UTC;;;;;;;;;;;;;;;;;;
2026/07/07;1100 UTC;0;1016,4;1016,5;1016,3;20,3;3,7;2,1;3,8;3,4;2,2;2;94;91;92;302;6,9;4,5;
2026/07/07;1200 UTC;0;1016,7;1016,9;1016,3;446,7;4,5;2,2;5,8;3,5;2,9;2;93;83;88;301;7;4,6;
2026/07/07;1300 UTC;0;1017,3;1017,5;1016,9;1279,9;7,4;3,2;9,2;5,8;4,1;2,4;83;74;79;300;6,1;4;
2026/07/07;1400 UTC;0;1017,4;1017,5;1017,2;1757;10,6;4,2;12,3;9,1;5,1;3,7;76;59;68;298;5,3;3,7;
2026/07/07;1500 UTC;0;1017,1;1017,3;1016,8;2146,7;13,5;4,4;14,4;12,4;5,4;3,6;62;48;55;328;6,5;3,8;
2026/07/07;1600 UTC;0;1016,5;1016,9;1016,1;2320,1;14,9;5;15,8;14,3;5,5;4,3;53;46;50;312;6,4;3,5;
2026/07/07;1700 UTC;0;1015,9;1016,2;1015,6;2159,6;16,2;5,1;16,6;15,8;6;4,2;50;40;44;283;6,3;4;
2026/07/07;1800 UTC;0;1015,5;1015,7;1015,3;1857,6;16,6;5;17;16,2;5,9;4,2;45;39;42;296;5,7;3,3;
2026/07/07;1900 UTC;0;1014,9;1015,3;1014,5;1385;16,7;4,9;17;16,5;5,7;4,3;44;39;41;295;4,5;2,7;
2026/07/07;2000 UTC;0;1014,5;1014,6;1014,4;723,8;16,3;4,8;16,6;16;5,2;4,5;44;41;43;287;5,9;3,5;
2026/07/07;2100 UTC;0;1014,4;1014,6;1014,3;80,7;13;6,4;16;11;7,8;4,8;77;44;67;280;2,5;1,7;
2026/07/07;2200 UTC;0;1014,5;1014,5;1014,3;0;9,9;5,9;11,3;9;6,8;4,8;87;69;80;330;2,1;1,2;
2026/07/07;2300 UTC;0;1014,8;1015;1014,5;0;8,7;5,9;9,7;8;6,4;5,6;91;80;86;108;1,1;,5;
2026/07/08;0000 UTC;0;1015,2;1015,3;1014,9;0;8;6;8,6;7,4;6,6;5,7;94;85;90;306;2,5;1,5;
2026/07/08;0100 UTC;0;1014,9;1015,1;1014,6;0;7,2;5,7;7,4;6,9;6;5,4;93;91;92;285;3,9;2,4;
2026/07/08;0200 UTC;0;1014,9;1015,1;1014,7;0;7,2;5,3;7,5;6,7;5,6;5,1;93;89;91;310;2,9;1,5;
2026/07/08;0300 UTC;0;1015,2;1015,4;1015;0;6,3;5;6,8;5,8;5,3;4,8;96;91;94;323;2,2;1,3;
2026/07/08;0400 UTC;0;1015,4;1015,6;1015;0;5,7;4,7;6,3;5,2;4,8;4,6;98;92;95;312;2;1,2;
2026/07/08;0500 UTC;0;1014,6;1015,1;1014,1;0;5,4;4,4;5,8;5,2;4,7;4,2;97;92;95;286;6,3;4,3;
2026/07/08;0600 UTC;0;1014,6;1014,7;1014,2;0;5,5;4,1;5,9;4,8;4,3;3,8;96;90;93;147;1;,3;
2026/07/08;0700 UTC;0;1014,3;1014,5;1014,1;0;4,4;4,1;4,8;4,2;4,3;3,9;99;96;98;288;1,6;,8;
2026/07/08;0800 UTC;0;1013,9;1014,1;1013,7;0;4,8;4;5,6;4,3;4,4;3,8;99;91;96;295;5,6;3,4;
2026/07/08;0900 UTC;0;1014;1014,4;1013,8;0;5,5;3,6;5,6;5,3;3,8;3,5;92;90;91;317;4,8;2,4;
2026/07/08;1000 UTC;0;1014,7;1014,9;1014,4;0;5,4;3,6;5,8;4,9;3,7;3,4;94;89;91;292;2,5;,9;
2026/07/08;1100 UTC;0;1015,2;1015,5;1014,9;15,2;4,8;3,8;5,5;4,2;4,1;3,5;99;90;95;151;1,9;,7;
2026/07/08;1200 UTC;0;1015,4;1015,5;1015,3;455,2;6,1;4,3;7,6;4,4;4,7;3,8;99;82;91;302;6,6;4,5;
2026/07/08;1300 UTC;;;;;;;;;;;;;;;;;;
2026/07/08;1400 UTC;;;;;;;;;;;;;;;;;;
2026/07/08;1500 UTC;;;;;;;;;;;;;;;;;;
2026/07/08;1600 UTC;;;;;;;;;;;;;;;;;;
2026/07/08;1700 UTC;;;;;;;;;;;;;;;;;;
2026/07/08;1800 UTC;;;;;;;;;;;;;;;;;;
2026/07/08;1900 UTC;;;;;;;;;;;;;;;;;;
2026/07/08;2000 UTC;;;;;;;;;;;;;;;;;;
2026/07/08;2100 UTC;;;;;;;;;;;;;;;;;;
2026/07/08;2200 UTC;;;;;;;;;;;;;;;;;;
2026/07/08;2300 UTC;;;;;;;;;;;;;;;;;;
2026/07/09;0000 UTC;;;;;;;;;;;;;;;;;;
2026/07/09;0100 UTC;;;;;;;;;;;;;;;;;;
2026/07/09;0200 UTC;0;1011,8;1011,9;1011,6;0;9,3;8,4;9,6;8,5;8,6;8;98;94;96;238;1,3;,6;
2026/07/09;0300 UTC;0;1011,6;1011,7;1011,4;0;8,5;8;8,9;8,2;8,3;7,8;99;96;98;316;2,8;1,9;
2026/07/09;0400 UTC;0;1011,3;1011,5;1011,2;0;8,4;7,7;8,8;7,7;7,9;7,2;99;95;96;232;2,1;1,1;
2026/07/09;0500 UTC;0;1011,3;1011,5;1011,2;0;7,4;7;8,4;6,9;7,8;6,6;99;95;98;288;,8;,3;
2026/07/09;0600 UTC;0;1011,2;1011,5;1011;0;6,9;6,8;7,4;6,7;7;6,3;100;96;99;303;3,1;1,1;
2026/07/09;0700 UTC;0;1010,6;1011;1010,4;0;6,5;6,2;7;6;6,6;6;100;96;99;93;1,8;,9;
2026/07/09;0800 UTC;0;1010,4;1010,5;1010,3;0;6,5;6,3;6,9;6,1;6,8;5,6;100;96;99;114;1,5;,4;
2026/07/09;0900 UTC;0;1010,4;1010,6;1010,3;0;6,1;5,9;6,5;5,7;6,4;5,6;100;98;99;43;1,1;,7;
2026/07/09;1000 UTC;0;1011;1011;1010,9;0;5,7;5,3;5,8;5,6;5,3;5,2;98;97;98;242;1,4;,6;
2026/07/09;1100 UTC;0;1011;1011,5;1010,5;11,9;9,3;5,1;10,9;5,6;5,8;4,7;99;69;79;324;5,9;4,1;
2026/07/09;1200 UTC;0;1011,4;1011,7;1011,1;406,8;10,6;5,1;11,8;9,1;5,3;4,8;80;66;73;316;7,2;4,6;
2026/07/09;1300 UTC;0;1012,2;1012,5;1011,8;1115,8;13,4;5,7;14,8;11,6;6,4;5,2;69;57;62;309;6,2;4,2;
2026/07/09;1400 UTC;0;1012,1;1012,3;1011,9;1695,5;15,6;7,4;17;14,7;8,5;6,2;62;56;59;298;7,1;4,4;
2026/07/09;1500 UTC;0;1011,7;1012,1;1011,5;2107,9;18,3;9,1;19,8;17,1;10,3;8,3;58;50;54;297;6,6;4,7;
2026/07/09;1600 UTC;0;1011,1;1011,5;1010,7;1642,3;20,5;10,5;21,5;19,8;11,3;9,7;53;48;50;296;5,4;3,4;
2026/07/09;1700 UTC;0;1010,1;1010,7;1009,5;1835,3;22,5;11,8;24,1;21,6;13,1;11,1;49;43;47;306;4,7;2,8;
2026/07/09;1800 UTC;0;1009,3;1009,5;1009,2;938,8;22,8;12,8;24,1;21,9;13,2;12,3;56;42;50;300;3,1;2;
2026/07/09;1900 UTC;0;1008,8;1009,2;1008,5;502,3;21,9;13,2;22;21,8;13,7;12,7;59;54;57;312;2,6;1,9;
2026/07/09;2000 UTC;0;1008,3;1008,6;1008,2;517,1;22,3;13,6;22,7;21,8;14;13,1;60;53;57;294;2,1;1,2;
2026/07/09;2100 UTC;0;1008,3;1008,4;1008;109,8;19,9;14,6;22,4;17,7;15,2;13,8;85;58;73;263;1,1;,7;
2026/07/09;2200 UTC;0;1008;1008,3;1007,8;0;17,1;13,8;17,6;16,5;14,7;13,2;87;80;84;291;4,7;2,8;
2026/07/09;2300 UTC;0;1008,4;1008,6;1008,3;0;16,6;13,5;17;15,8;13,7;13,3;88;83;85;292;1,8;1,4;
2026/07/10;0000 UTC;0;1008,6;1008,8;1008,3;0;15,7;13,2;16,9;14,7;13,4;13;92;81;87;292;1,9;1,3;
2026/07/10;0100 UTC;0;1009,1;1009,5;1008,7;0;14,5;13,1;15;14,2;13,3;12,9;96;90;93;183;2,4;1,5;
2026/07/10;0200 UTC;0;1009,7;1009,8;1009,5;0;14,8;13,4;15;14,6;13,6;13,2;95;91;93;184;1,2;,7;
2026/07/10;0300 UTC;0;1009,4;1009,8;1009;0;14,3;13,3;14,7;14;13,5;13,1;97;93;95;247;1,6;1,1;
2026/07/10;0400 UTC;0;1009,1;1009,3;1008,7;0;14,1;13,2;14,3;13,8;13,2;13;97;94;95;105;2,5;,8;
2026/07/10;0500 UTC;0;1008,5;1008,7;1008;0;14,3;13,2;14,5;13,9;13,3;13;97;93;94;84;3,3;1,8;
2026/07/10;0600 UTC;0;1008;1008,2;1007,6;0;14,5;13,1;14,8;14,1;13,4;13;95;91;93;194;2,1;1,4;
2026/07/10;0700 UTC;0;1007,6;1007,8;1007,3;0;15,1;13,1;15,8;14,1;13,2;13;95;87;90;308;5,7;3;
2026/07/10;0800 UTC;,8;1007,6;1008,1;1007,3;0;15,2;13,6;15,6;14,7;14;13,2;97;88;92;110;2,6;1,5;
2026/07/10;0900 UTC;,2;1008,1;1008,4;1007,7;0;14,5;14;14,8;14,3;14,2;13,8;99;96;98;173;1,9;,8;
2026/07/10;1000 UTC;1;1008,3;1008,5;1008,1;0;14,4;14,2;14,6;14,3;14,4;14,1;99;99;99;273;4,6;2,8;
2026/07/10;1100 UTC;0;1008,3;1008,5;1008;16,3;14,2;14,1;14,5;14,1;14,4;14;100;99;99;281;2,8;1,6;
2026/07/10;1200 UTC;0;1008,5;1008,7;1008,3;282,5;14,9;14,5;15,8;14,5;14,9;14,2;99;96;98;306;2,8;1,4;
2026/07/10;1300 UTC;,2;1008,9;1009,3;1008,5;427,8;16,2;14,8;16,4;15,8;15,1;14,5;95;91;93;331;1,9;1,2;
2026/07/10;1400 UTC;,8;1009,2;1009,4;1008,9;364,8;16,3;15,4;16,6;15,8;15,7;15,2;98;93;96;180;3,1;1,4;
2026/07/10;1500 UTC;,4;1008,7;1009;1008,1;829,1;16,1;15,3;16,8;15,8;15,8;15;98;92;96;157;24,8;;
2026/07/10;1600 UTC;0;1007,7;1008,1;1007,1;1861;17,9;15,3;18,9;16,8;16,1;14,9;94;81;87;84;28,3;10,1;
2026/07/10;1700 UTC;0;1006,6;1007,2;1006,2;1378,2;18,9;15,7;19,3;18,4;16,1;15,1;87;81;84;124;2,3;1,5;
2026/07/10;1800 UTC;0;1006;1006,3;1005,8;1041;19,6;15,9;20,2;19,1;16,6;15,5;85;78;82;101;1,9;1,1;
2026/07/10;1900 UTC;0;1005,9;1006,1;1005,7;637,6;19,9;16,4;20,2;19,7;17;15,8;86;79;82;117;1,6;,7;
2026/07/10;2000 UTC;0;1005,9;1006,3;1005,7;136,2;19,4;17;19,9;19,1;17,4;16,6;91;85;88;163;1;,3;
2026/07/10;2100 UTC;0;1006,1;1006,3;1005,8;53,8;18,6;17;19,1;17,8;17,8;15,9;95;87;92;155;2,4;1,3;
2026/07/10;2200 UTC;0;1005,8;1006,1;1005,6;0;17,5;15,5;17,9;17,1;15,8;15,1;92;87;90;168;3,2;1;
2026/07/10;2300 UTC;0;1006,1;1006,2;1006;0;16,9;14,7;17,3;16,4;15,5;14,2;91;88;89;152;2,2;,8;
2026/07/11;0000 UTC;0;1006,1;1006,3;1005,9;0;16,1;14,5;16,4;15,9;15;14;95;89;92;128;1,4;,6;
2026/07/11;0100 UTC;0;1006;1006,2;1005,8;0;15,6;14,3;16;15,4;14,6;14;96;91;94;185;,8;,3;
2026/07/11;0200 UTC;0;1006,3;1006,6;1006;0;15,5;14,7;15,7;15,4;14,9;14,4;97;94;96;138;1,3;,7;
2026/07/11;0300 UTC;0;1005,7;1006,2;1005,2;0;15,6;13,7;15,7;15,6;14,7;12,9;96;86;90;167;,7;,4;
2026/07/11;0400 UTC;0;1005,4;1005,7;1005,2;0;15,4;13,3;15,6;15,3;14,5;11,6;95;82;89;134;2;1,4;
2026/07/11;0500 UTC;0;1005,5;1005,9;1005,3;0;15,1;11,9;15,3;15;12,4;11,4;86;81;84;123;2;1,1;
2026/07/11;0600 UTC;0;1005,1;1005,8;1004,6;0;14,9;12,2;15;14,6;12,8;11,6;91;84;87;27;1,8;1,3;
2026/07/11;0700 UTC;0;1004,8;1005;1004,6;0;14,6;12,4;14,7;14,5;13,2;11,6;93;86;89;61;1,4;1;
2026/07/11;0800 UTC;0;1004,7;1004,9;1004,2;0;14,5;11,4;14,6;14,4;12,4;10,6;90;81;84;127;2,4;1,4;
2026/07/11;0900 UTC;,2;1004,6;1005,1;1004,3;0;14,2;11,2;14,5;13,9;12,1;10,4;91;80;85;138;2;1;
2026/07/11;1000 UTC;7;1005,4;1005,8;1004,9;0;13,2;12,5;13,9;12,9;12,8;11,9;99;90;97;168;1,6;,8;
2026/07/11;1100 UTC;2,2;1006,1;1006,4;1005,8;,7;13,2;13;13,5;12,9;13,3;12,6;99;98;99;238;1,5;,7;
2026/07/11;1200 UTC;,4;1006,1;1006,9;1005,7;102,7;13,8;0;14,2;13,5;;;99;98;99;301;2;1,3;
2026/07/11;1300 UTC;,2;1006,9;1007,3;1006,6;89,8;14,2;13,9;14,3;14,1;14;13,8;99;98;99;99;2,4;1,1;
2026/07/11;1400 UTC;0;1006,8;1007,4;1006,2;483,7;14,7;13,8;15,3;14,3;14,1;13,2;98;90;96;83;1,8;1;
2026/07/11;1500 UTC;0;1005,4;1006,2;1004,8;1090;15,9;14,1;16,4;15,3;14,8;13,4;93;88;91;270;5;2,2;
2026/07/11;1600 UTC;0;1004,9;1005,3;1004,6;861,5;16,6;14,2;16,8;16,2;14,7;13,8;91;86;88;173;2,9;1,2;
2026/07/11;1700 UTC;0;1005,3;1006,5;1004,2;283,9;16,8;14,8;16,9;16,6;15,2;14,3;92;87;90;169;4,3;2;
2026/07/11;1800 UTC;0;1006,5;1006,8;1005,9;165,3;16,2;14,7;16,7;16;14,9;14,3;94;89;92;150;4;1,8;
2026/07/11;1900 UTC;0;1006,2;1006,3;1006;135,6;16;14,7;16,1;16;14,9;14,5;95;92;93;161;3,4;1,5;
2026/07/11;2000 UTC;0;1006,7;1006,9;1006,3;73;15,8;15,1;16;15,6;15,3;14,6;98;93;97;130;1,9;1;
2026/07/11;2100 UTC;0;1007,2;1007,4;1006,9;8,1;15,6;15;15,8;15,6;15,2;14,6;98;94;97;115;1,5;,8;
2026/07/11;2200 UTC;0;1007,5;1007,7;1007,3;0;15,7;14,9;15,8;15,6;15,1;14,6;98;94;96;105;2,2;1;
2026/07/11;2300 UTC;0;1007,9;1008,2;1007,6;0;15,4;15;15,6;15,2;15,1;15;99;98;98;150;2,1;1;
2026/07/12;0000 UTC;0;1008,4;1008,7;1008,3;0;15,1;14,8;15,2;15;14,9;14,6;99;98;98;111;1,7;,8;
2026/07/12;0100 UTC;,2;1008,5;1008,7;1008,4;0;15,1;14,2;15,3;15;14,8;13,7;98;92;95;122;1,5;,7;
2026/07/12;0200 UTC;0;1008,7;1008,8;1008,4;0;15,1;14,3;15,2;14,8;14,5;13,8;98;93;96;83;1,7;1;
2026/07/12;0300 UTC;0;1008,9;1009,1;1008,7;0;14,7;14,3;14,8;14,6;14,4;14,2;99;97;98;300;1;,5;
2026/07/12;0400 UTC;0;1009;1009,1;1008,9;0;14,3;14,2;14,6;14,1;14,3;14;100;99;99;66;1;,7;
2026/07/12;0500 UTC;0;1008,9;1009,1;1008,8;0;14,2;14,1;14,2;14,1;14,2;13,9;100;99;100;111;1,9;1,2;
2026/07/12;0600 UTC;0;1009,2;1009,4;1008,9;0;13,7;13,7;14,1;13,6;13,9;13,5;100;99;100;242;1,1;,5;
2026/07/12;0700 UTC;0;1009,5;1009,7;1009,3;0;14;13,2;14,6;13,7;13,9;11,9;100;88;96;249;4,1;1,4;
2026/07/12;0800 UTC;0;1009,5;1009,7;1009,4;0;14,2;12,1;14,5;14;12,4;11,7;92;87;90;264;5,1;2,5;
2026/07/12;0900 UTC;0;1010,2;1010,7;1009,7;0;13,8;11,8;14;13,6;12;11,7;91;89;90;261;4,8;2,1;
2026/07/12;1000 UTC;0;1011,2;1011,6;1010,7;0;13,6;11,8;13,7;13,5;12,2;11,5;93;90;91;298;2,1;1,3;
2026/07/12;1100 UTC;0;1011,9;1012,2;1011,6;17;13,6;11,4;13,7;13,5;11,9;10,7;92;86;89;244;3,2;1,5;
2026/07/12;1200 UTC;0;1012,6;1013;1012,3;214,9;13,6;10,7;13,6;13,5;11,1;10,2;88;83;85;270;2,6;1;
2026/07/12;1300 UTC;0;1013,4;1013,9;1013;356,5;13,8;9,5;13,9;13,6;10,6;8,9;85;75;79;;3,6;1,7;
2026/07/12;1400 UTC;0;1014,3;1014,7;1013,9;268;13,2;9,3;13,8;12,7;9,8;8,8;84;77;81;;4,4;3,1;
2026/07/12;1500 UTC;0;1014,6;1014,7;1014,4;796,2;13,1;8,7;13,7;12,7;9,3;8;83;72;78;;6,6;3,7;
2026/07/12;1600 UTC;0;1014,4;1014,5;1014,3;890,5;13,3;7,7;13,9;12,8;8,6;7;75;70;72;;6,1;3;
2026/07/12;1700 UTC;0;1014,3;1014,4;1014,2;801,4;12,9;7,3;13,1;12,7;7,8;6,9;75;70;72;;4,9;2,6;
2026/07/12;1800 UTC;0;1014,4;1014,6;1014,2;453,2;12,5;7,1;13;12,2;7,5;6,8;76;70;73;;4,9;2,2;
2026/07/12;1900 UTC;0;1014,7;1014,8;1014,5;0;12,5;;12,6;12,4;;;76;70;73;;3,6;2,2;
2026/07/12;2000 UTC;0;1014,8;1015,1;1014,6;146;12,4;7,1;12,5;12,3;8,6;6,4;82;69;73;;1,6;1;
2026/07/12;2100 UTC;0;1015,3;1015,6;1015;35;12;8,5;12,3;11,8;9,7;7,9;89;79;83;;1,2;,6;
2026/07/12;2200 UTC;0;1015,9;1016,2;1015,6;0;11,9;7,6;12;11,8;8,9;6,8;85;74;79;;3,5;1,8;
2026/07/12;2300 UTC;0;1016,2;1016,3;1016,1;0;11,7;7,4;12;11,3;8,7;6,6;87;73;78;;2;1,4;
2026/07/13;0000 UTC;0;1016,5;1016,6;1016,3;0;11,3;8,3;11,5;11,1;9;7,7;89;82;85;;1,4;1;
2026/07/13;0100 UTC;0;1016,6;1016,7;1016,5;0;11,1;8,5;11,2;11,1;9;8;89;84;87;291;2;1,1;
2026/07/13;0200 UTC;0;1016,8;1016,9;1016,6;0;11,6;8,2;11,8;11,3;9;7,4;87;79;83;253;3,7;1,7;
2026/07/13;0300 UTC;0;1016,7;1016,9;1016,5;0;11,5;8,2;11,7;11,2;8,7;8;87;81;84;330;2,2;1,2;
2026/07/13;0400 UTC;0;1016,4;1016,6;1016,2;0;11,2;8,6;11,3;11;9,2;8,3;90;85;87;57;2,3;1,2;
2026/07/13;0500 UTC;0;1016,5;1016,6;1016,4;0;11,3;8,9;11,5;11;9,6;8,1;93;84;88;58;1,3;,4;
2026/07/13;0600 UTC;0;1016,3;1016,4;1016,1;0;11,4;8,4;11,5;11,2;9,1;8;89;83;85;163;2,1;,7;
2026/07/13;0700 UTC;0;1016,3;1016,4;1016,2;0;11,2;8,4;11,3;11,1;8,7;8,2;87;85;86;150;1,8;,9;
2026/07/13;0800 UTC;0;1016,3;1016,4;1016,3;0;11;8,4;11,1;11;8,8;8;89;85;87;177;3;1,1;
2026/07/13;0900 UTC;0;1016,5;1016,6;1016,3;0;10,9;8,5;11;10,8;9,2;8,1;92;86;88;107;1,3;,5;
2026/07/13;1000 UTC;0;1016,6;1016,7;1016,5;0;10,8;8,7;10,8;10,8;9;8,4;91;88;90;121;1,2;,5;
2026/07/13;1100 UTC;0;1017,2;1017,5;1016,7;12,4;10,7;8,7;10,8;10,7;8,9;8,4;91;88;90;130;1,6;,9;
2026/07/13;1200 UTC;0;1017,8;1018;1017,6;168,2;10,9;8,5;11,1;10,8;8,9;8,1;90;86;88;144;2,7;1,6;
2026/07/13;1300 UTC;0;1018,6;1019;1018;459,1;11,3;8,2;11,5;11,1;8,5;7,9;86;82;84;152;3,2;1,6;
2026/07/13;1400 UTC;0;1019,1;1019,2;1019;0;11,8;8,3;12;11,6;8,8;7,5;85;78;82;145;2,6;,9;
2026/07/13;1500 UTC;0;;;;;;;;;;;;;;;;;
2026/07/13;1600 UTC;0;1018,3;1018,6;1018,1;641;12,5;7,1;12,6;12,2;7,7;6,7;76;71;73;150;2,7;1,3;
2026/07/13;1700 UTC;0;1017,9;1018,1;1017,7;576,9;12,5;7,3;12,8;12,3;7,8;6,7;76;71;74;151;2,4;1,4;
2026/07/13;1800 UTC;0;1017,6;1017,8;1017,3;599,2;12,7;7,4;13;12,5;7,9;6,9;77;71;74;110;1,9;1;
2026/07/13;1900 UTC;0;1017;1017,3;1016,8;790,3;13,2;7,8;13,4;12,9;8,4;7,2;76;70;73;136;2,3;1,5;
2026/07/13;2000 UTC;0;1016,8;1017;1016,7;352,3;13;8;13,3;12,9;8,6;7,5;78;72;75;172;2,2;,9;
2026/07/13;2100 UTC;0;1017,1;1017,3;1016,9;73,6;12,3;8,2;12,9;12;8,7;7,9;83;76;79;142;2;1,4;
2026/07/13;2200 UTC;0;1017,4;1017,8;1017;0;11,5;8,6;12;11,3;9,1;8,4;88;82;86;153;1,2;,7;
2026/07/13;2300 UTC;0;1017,8;1017,9;1017,7;0;11,4;8,9;11,5;11,3;9,3;8,5;89;86;87;148;1,7;1,2;
2026/07/14;0000 UTC;0;1017,9;1018;1017,8;0;11;8,9;11,5;10,3;9,2;8,5;91;88;89;136;2,1;1,2;
2026/07/14;0100 UTC;0;1017,8;1018;1017,7;0;9,4;8,5;10,2;9;8,7;8,2;97;91;95;139;1,3;,6;
2026/07/14;0200 UTC;0;1017,5;1017,8;1017,3;0;9,1;8,4;9,4;8,7;8,8;8;99;94;96;232;1,4;,6;
2026/07/14;0300 UTC;0;1017,3;1017,5;1016,9;0;8,1;7,7;8,7;7,6;8,1;7,3;99;97;98;292;1,6;1;
2026/07/14;0400 UTC;0;1017;1017,1;1016,8;0;7,4;7,1;7,8;6,7;7,5;6,6;99;98;98;281;1,2;,7;
2026/07/14;0500 UTC;0;1016,6;1016,9;1016,5;0;6,8;6,7;7;6,4;6,9;6,4;100;99;100;291;2;1,4;
2026/07/14;0600 UTC;0;1016,3;1016,6;1015,9;0;6,3;6,3;6,5;6;6,5;6;100;100;100;303;1,7;1,1;
2026/07/14;0700 UTC;0;1015,6;1015,9;1015,3;0;6,2;6,2;6,4;5,9;6,5;6;100;100;100;311;3,2;2,1;
2026/07/14;0800 UTC;0;1015,2;1015,4;1015;0;6,3;6,3;6,5;6;6,5;6;100;100;100;280;2,4;1,7;
2026/07/14;0900 UTC;;;;;;;;;;;;;;;;;;
2026/07/14;1000 UTC;;;;;;;;;;;;;;;;;;
2026/07/14;1100 UTC;;;;;;;;;;;;;;;;;;
2026/07/14;1200 UTC;;;;;;;;;;;;;;;;;;
2026/07/14;1300 UTC;;;;;;;;;;;;;;;;;;
2026/07/14;1400 UTC;;;;;;;;;;;;;;;;;;
2026/07/14;1500 UTC;;;;;;;;;;;;;;;;;;
2026/07/14;1600 UTC;;;;;;;;;;;;;;;;;;
2026/07/14;1700 UTC;;;;;;;;;;;;;;;;;;
2026/07/14;1800 UTC;;;;;;;;;;;;;;;;;;
2026/07/14;1900 UTC;;;;;;;;;;;;;;;;;;
2026/07/14;2000 UTC;;;;;;;;;;;;;;;;;;
2026/07/14;2100 UTC;;;;;;;;;;;;;;;;;;
2026/07/14;2200 UTC;;;;;;;;;;;;;;;;;;
2026/07/14;2300 UTC;;;;;;;;;;;;;;;;;;
2026/07/15;0000 UTC;;;;;;;;;;;;;;;;;;
2026/07/15;0100 UTC;0;1012,8;1012,9;1012,7;0;10;9,6;10,3;9,4;10;9;99;97;98;304;1,5;,8;
2026/07/15;0200 UTC;0;1012,7;1012,8;1012,4;0;9,2;9;9,4;8,9;9,4;8,8;100;98;99;134;1,5;,5;
2026/07/15;0300 UTC;0;1012,1;1012,4;1011,7;0;8,7;8,7;9;8,5;9;8,5;100;100;100;158;1;,5;
2026/07/15;0400 UTC;0;1011,4;1011,7;1011,2;0;10,1;8,8;12,2;8,3;9,4;8,3;100;83;93;290;5,4;3,3;
2026/07/15;0500 UTC;0;1011,3;1011,4;1011,1;0;12,7;8,7;13,2;12;8,8;8,6;84;78;80;315;4;2,5;
2026/07/15;0600 UTC;0;1011,2;1011,4;1011,1;0;12,9;8,6;13,3;12,8;8,7;8,5;79;77;78;290;4;1,9;
2026/07/15;0700 UTC;0;1011,4;1011,5;1011,3;0;12,2;8,3;12,7;11,4;8,6;8,2;84;78;81;265;2,5;1;
2026/07/15;0800 UTC;0;1011,5;1011,6;1011,4;0;11,8;8,1;12;11,5;8,2;8;83;81;82;298;4,6;2,9;
2026/07/15;0900 UTC;0;1011,6;1011,9;1011,4;0;12;8;12,2;11,8;8,1;7,9;81;79;80;331;5,2;3,4;
2026/07/15;1000 UTC;0;1012,1;1012,3;1011,9;0;11,9;7,9;12,1;11,6;8;7,9;82;79;80;300;5,1;3,5;
2026/07/15;1100 UTC;0;1012,5;1012,7;1012,3;16,8;11,6;7,9;11,9;11,5;8;7,9;82;80;81;313;4,7;2,7;
2026/07/15;1200 UTC;0;1012,8;1012,8;1012,7;475;12;8,1;13;11,2;8,6;7,9;84;77;81;304;3,9;2;
2026/07/15;1300 UTC;0;1012,8;1012,9;1012,7;1232,4;14,2;8,9;15,5;13;9,9;8,3;78;70;74;308;4,6;2,7;
2026/07/15;1400 UTC;0;1012,8;1013;1012,5;1806,8;16,8;10,3;18,5;15,4;11,1;9,4;73;61;67;312;4,1;2,5;
2026/07/15;1500 UTC;0;1012,2;1012,5;1011,8;2205;19,8;10,6;20,6;18,5;11,2;10,1;61;49;54;42;5,3;3,2;
2026/07/15;1600 UTC;0;1011,4;1011,8;1010,9;2379,2;21,1;11,2;21,4;20,5;11,7;10,6;53;47;50;154;5,7;3,2;
2026/07/15;1700 UTC;0;1010,3;1010,9;1009,8;2218,1;21,8;11,6;22,1;21,5;12;11,1;51;46;49;96;5,7;3,5;
2026/07/15;1800 UTC;0;1009,4;1009,8;1008,9;1844,8;22;11,9;22,1;21,8;12,3;11,5;52;48;50;46;6,3;3,7;
2026/07/15;1900 UTC;0;1008,6;1008,9;1008,5;1435,1;22,3;12,3;22,5;22,1;12,8;11,9;52;48;50;114;5,2;2,8;
2026/07/15;2000 UTC;0;1008,5;1008,6;1008,2;758,7;22,2;12,5;22,5;21,8;12,9;12,1;55;49;51;312;3,1;1,6;
2026/07/15;2100 UTC;0;1008,1;1008,2;1008;131,8;19,4;13,3;21,9;16,2;14,4;12,4;84;53;69;28;2,2;1,5;
2026/07/15;2200 UTC;0;1008;1008,2;1007,9;0;15,3;12,2;16,2;14,6;13,1;11,5;87;82;85;305;1,6;1,2;
2026/07/15;2300 UTC;0;1008,3;1008,5;1008,2;0;13,7;11,3;14,5;12,9;11,7;10,9;91;85;88;274;2,5;1,3;
2026/07/16;0000 UTC;0;1008,3;1008,5;1008,2;0;13,2;11,2;13,9;12,6;11,5;10,9;93;86;90;316;3,5;2,4;
2026/07/16;0100 UTC;0;1008,1;1008,1;1008;0;13,2;11,2;13,4;13;11,4;11;91;88;90;279;5;3,8;
2026/07/16;0200 UTC;0;1008,1;1008,2;1008;0;13,3;10,8;13,5;13;11;10,6;89;87;88;265;3,6;2,3;
2026/07/16;0300 UTC;0;1008;1008,2;1007,7;0;13,6;10,5;14,2;13,1;10,6;10,4;87;81;84;251;4,1;2;
2026/07/16;0400 UTC;0;994,8;1007,9;;0;14;10,4;15,7;13;10,6;10,3;88;73;82;243;3,1;1,6;
2026/07/16;0500 UTC;0;1007,8;1008;1007,5;0;15,3;10,4;16;14,6;10,6;10,3;79;72;76;219;2,3;,9;
2026/07/16;0600 UTC;0;1008;1008,1;1007,9;0;15,9;10,5;16,5;14,9;10,7;10,4;78;70;73;313;3,8;1,9;
2026/07/16;0700 UTC;0;1007,8;1008;1007,5;0;16,5;10,5;16,6;16,3;10,7;10,4;71;70;70;314;3,5;1,7;
2026/07/16;0800 UTC;0;1007,4;1007,7;1007,3;0;16,2;10,4;16,5;15,6;10,5;10,2;73;69;71;307;7,7;4,7;
2026/07/16;0900 UTC;0;1007,5;1007,6;1007,4;0;16,3;10,3;16,5;15,9;10,4;10,1;72;69;70;303;6,4;4,2;
2026/07/16;1000 UTC;0;1007,9;1008,2;1007,6;0;16,8;10;17,2;16,1;10,2;9,8;70;64;66;311;5,6;3,7;
2026/07/16;1100 UTC;0;1008,4;1008,6;1008,1;23,8;17;9,8;17,3;16,7;10;9,7;66;62;64;307;5,9;3,1;
2026/07/16;1200 UTC;0;1008,7;1008,9;1008,5;388;17,8;10,1;19,2;16,7;10,7;9,6;66;56;61;308;6,5;4,2;
2026/07/16;1300 UTC;0;1008,9;1009;1008,7;1161,4;20;11,2;21;19,2;12;10,5;58;54;56;300;7,6;4,9;
2026/07/16;1400 UTC;0;1008,8;1009;1008,4;1722;22;12,4;23,1;21;13,3;11,6;54;49;52;305;7,6;4,3;
2026/07/16;1500 UTC;0;1008;1008,4;1007,4;2073,9;24,1;13,9;25,3;23,1;15,4;13;52;45;49;297;6;3,7;
2026/07/16;1600 UTC;0;1006,7;1007,4;1006;2364,8;26,5;15,3;27,6;25,3;16,4;14,2;50;40;44;278;7,9;3;
2026/07/16;1700 UTC;0;1005,4;1006;1004,9;2084,3;27,7;15,9;28,1;27,4;16,5;15,3;45;38;41;46;8,6;4,7;
2026/07/16;1800 UTC;0;1004,3;1004,9;1003,8;1776,1;28,2;16,4;28,4;27,7;16,9;15,9;43;39;41;126;7,8;4,3;
2026/07/16;1900 UTC;0;1003,4;1003,8;1003;1322,8;28,4;16,8;28,6;28,2;17,4;16,4;45;41;42;186;7;3,2;
2026/07/16;2000 UTC;0;1002,5;1003,1;1002,1;705,9;28,4;17;28,5;28;17,3;16,6;46;41;43;305;5,5;1,7;
2026/07/16;2100 UTC;0;1002;1002,1;1001,7;126,9;27,2;16,4;28;26,2;16,9;15,7;49;43;46;246;2,9;1;
2026/07/16;2200 UTC;0;1001,6;1001,7;1001,4;0;23,5;15,7;26;22,2;16,3;15,2;68;50;61;220;2,2;,8;
2026/07/16;2300 UTC;0;1001,4;1001,5;1001,3;0;24,8;15,6;26,7;22;16,1;15;68;46;54;235;8,8;3,1;
2026/07/17;0000 UTC;0;1001,3;1001,5;1001,1;0;26,9;15,8;27,2;26,5;16;15,6;47;43;45;117;9,8;5,4;
2026/07/17;0100 UTC;0;1000,8;1001,2;1000,5;0;27,1;15,8;27,4;26,6;16;15,5;45;43;44;58;14,3;7,9;
2026/07/17;0200 UTC;0;1000,5;1000,7;1000,1;0;27,1;15,7;27,3;26,7;15,9;15,6;44;42;43;49;16,3;9,6;
2026/07/17;0300 UTC;0;1000,8;1001,2;1000,3;0;27,2;15,7;27,5;27;15,9;15,5;43;41;42;72;15;9,6;
2026/07/17;0400 UTC;0;1001,1;1001,3;1000,5;0;26,9;15,6;27,3;26,7;15,8;15,4;44;42;43;91;13,9;8;
2026/07/17;0500 UTC;0;1000,9;1001,2;1000,4;0;26,7;15,5;27,1;26,5;15,6;15,4;45;42;44;95;14;9,2;
2026/07/17;0600 UTC;0;1000,6;1000,9;1000,2;0;26,5;15,5;26,7;26,2;15,6;15,4;46;44;45;78;17;9,3;
2026/07/17;0700 UTC;0;1000,2;1000,6;999,6;0;26,1;15,3;26,5;25,8;15,6;15,2;47;45;46;99;19,3;10,6;
2026/07/17;0800 UTC;0;999,9;1000,2;999,6;0;25,8;15,2;26,1;25,3;15,4;15;49;46;47;50;16,3;10;
2026/07/17;0900 UTC;0;999,7;1000;999,4;0;25,9;15,5;26,2;25,7;15,7;15,2;49;47;48;66;16,4;10,6;
2026/07/17;1000 UTC;0;1000;1000,4;999,6;0;25,7;15,5;26;25,4;15,7;15,4;50;48;49;86;17,4;9,8;
2026/07/17;1100 UTC;0;1000,7;1001,3;999,8;30,8;25,4;15,5;25,6;25;15,6;15,4;52;49;50;191;14,8;8;
2026/07/17;1200 UTC;0;1001,1;1001,4;1000,9;431,2;25,5;15,6;25,9;25,2;15,8;15,4;51;50;51;109;14,6;7,8;
2026/07/17;1300 UTC;0;1000,8;1001,2;1000,2;1020,8;26,4;16,2;27,1;25,9;16,7;15,8;51;48;49;81;17,1;9,3;
2026/07/17;1400 UTC;0;1000,4;1000,8;1000,1;1548;27,2;16,8;27,5;26,9;17,2;16,5;49;47;48;146;18,3;8,6;
2026/07/17;1500 UTC;0;999,9;1000,3;999,4;2008,3;27,8;17,4;28,4;27,5;18,1;17;50;47;48;120;17,4;9,1;
2026/07/17;1600 UTC;0;998,9;999,5;998;2063,9;29,5;18,8;30,4;28,4;19,4;18;49;44;46;129;14,6;8,5;
2026/07/17;1700 UTC;0;997,5;998,1;996,9;1649;30,5;19,4;31,1;30,2;20,2;19,1;46;44;45;130;17,9;8,6;
2026/07/17;1800 UTC;0;996,6;997,1;996;1763,5;31,3;20,2;31,5;31,1;20,5;19,8;46;43;45;75;18;8,8;
2026/07/17;1900 UTC;0;995,9;996,3;995,5;1291,3;31,9;20,9;32,1;31,6;21,1;20,6;46;44;45;204;17,5;7,6;
2026/07/17;2000 UTC;0;995,8;996,1;995,4;658,4;31,7;20,9;32;31,4;21;20,6;47;44;46;166;14,3;7,1;
2026/07/17;2100 UTC;0;995,8;996;995,5;99,8;31;20,6;31,4;30,6;20,8;20,3;49;46;48;154;15,7;9,6;
2026/07/17;2200 UTC;0;996,1;996,6;995,7;0;30,5;20,2;30,6;30,2;20,5;20;50;48;49;160;15,6;8,8;
2026/07/17;2300 UTC;0;997;997,3;996,4;0;29,9;20;30,3;29,5;20,3;19,8;52;50;51;140;18,3;10,4;
2026/07/18;0000 UTC;0;997;997,2;996,8;0;29,2;19,6;29,7;28,9;19,9;19,3;52;51;52;48;14,4;9,1;
2026/07/18;0100 UTC;0;997,5;997,9;996,9;0;28,9;19,2;29,2;28,4;19,5;18,9;53;51;51;63;15,7;8,8;
2026/07/18;0200 UTC;0;998,7;999,4;997,8;0;28,3;18,9;28,5;28;19;18,7;54;52;53;177;14,3;8;
2026/07/18;0300 UTC;0;999,3;999,5;999;0;27,9;18,7;28,2;27,5;18,9;18,4;55;53;54;166;14,7;8,4;
2026/07/18;0400 UTC;0;999,4;999,7;999,1;0;27,6;18,5;27,7;27,3;18,6;18,3;56;54;54;138;17,3;9,6;
2026/07/18;0500 UTC;0;999,6;999,8;999,1;0;27,6;18,3;27,7;27,4;18,5;18,1;55;53;54;179;14,6;8,6;
2026/07/18;0600 UTC;0;999,2;999,6;998,8;0;27,3;18;27,6;27;18,3;17,8;55;53;54;232;13,6;7,8;
2026/07/18;0700 UTC;0;998,7;999,2;998,4;0;27,1;17,9;27,3;26,9;18;17,8;54;53;54;123;15,3;8,6;
2026/07/18;0800 UTC;0;998,3;998,7;997,6;0;26,8;17,6;27;26,6;17,8;17,4;55;54;54;100;16,4;9,3;
2026/07/18;0900 UTC;0;997,9;998,2;997,6;0;26,7;17,4;26,9;26,5;17,6;17,2;55;53;54;145;16,7;9,6;
2026/07/18;1000 UTC;0;998;998,4;997,4;0;26,7;17,2;26,9;26,5;17,4;17,1;54;51;53;119;18,2;10;
2026/07/18;1100 UTC;0;998,4;999;998,2;23;26,6;17;26,9;26,2;17,1;16,8;53;51;52;187;14,5;8,1;
2026/07/18;1200 UTC;0;999,1;999,4;998,7;89;26,3;16,8;26,5;26,1;16,9;16,6;53;51;52;216;16,2;7;
2026/07/18;1300 UTC;0;999,2;999,4;998,9;353,2;26,4;16,8;26,5;26,3;16,9;16,6;52;51;52;176;14,8;6,1;
2026/07/18;1400 UTC;0;998,9;999,2;998,7;984,4;26,9;17;27,2;26,4;17,4;16,7;52;50;51;157;17,9;8,3;
2026/07/18;1500 UTC;0;998,5;998,8;998,2;1892,6;28;17,9;28,8;27,2;18,8;17,2;51;48;50;216;9,7;5,1;
2026/07/18;1600 UTC;0;997,9;998,2;997,4;1750,6;28,9;18,9;29,2;28,6;19,5;18,5;53;49;50;275;11,3;4,8;
2026/07/18;1700 UTC;0;996,7;997,5;996,3;2083,4;29,6;19,7;30,2;29;20,2;19,2;52;49;51;162;12,6;6,3;
2026/07/18;1800 UTC;0;995,9;996,3;995,5;1798,3;30,4;20,4;30,7;30,1;20,7;20,1;51;49;50;205;11,6;6,2;
2026/07/18;1900 UTC;0;995,5;995,7;995,2;1277,4;30,8;20,7;30,9;30,7;20,9;20,5;51;49;50;260;12,6;6,4;
2026/07/18;2000 UTC;0;995,6;995,9;995,3;606,4;30,5;20,6;30,9;29,7;20,9;20,2;53;49;50;245;7,4;3,6;
2026/07/18;2100 UTC;0;996,2;996,6;995,9;82,1;29,6;20,2;30;29;20,5;19,9;55;51;53;226;7;2,8;
2026/07/18;2200 UTC;0;996,8;997,2;996,6;0;28,8;19,7;29,1;28,4;20,1;19,4;56;53;55;261;7,2;3,4;
2026/07/18;2300 UTC;0;997,6;997,8;997,2;0;27;19,4;28,5;26,3;19,7;19;66;56;62;216;2,7;1;
2026/07/19;0000 UTC;0;997,9;998,2;997,5;0;28,1;19;28,8;26,8;19,4;18,5;62;50;54;240;10,2;5,3;
2026/07/19;0100 UTC;0;998,3;998,6;998;0;28,7;18,7;28,9;28,5;18,9;18,5;51;49;50;173;14,5;7;
2026/07/19;0200 UTC;0;998,5;998,8;998,2;0;28,6;18,3;28,8;28,4;18,8;17,8;50;47;48;57;16,4;9,6;
2026/07/19;0300 UTC;0;998,1;998,4;997,7;0;28,2;17,7;28,6;27,9;18;17,4;49;46;48;41;14,4;9,8;
2026/07/19;0400 UTC;0;997,9;998,3;997,4;0;27,7;17,2;28;27,4;17,5;16,9;48;46;47;35;18,9;11,2;
2026/07/19;0500 UTC;0;997,5;997,8;997,2;0;27,4;16,8;27,5;27,2;17,1;16,5;48;46;47;54;15,8;10,2;
2026/07/19;0600 UTC;0;997,1;997,7;996,4;0;27;16,3;27,3;26,6;16,6;16;47;46;46;91;17;9,8;
2026/07/19;0700 UTC;0;996,3;997;995,9;0;26,7;15,9;26,9;26,6;16,1;15,8;47;45;46;105;19,8;10,5;
2026/07/19;0800 UTC;0;995,9;996,6;995,2;0;26,9;15,8;27,2;26,7;16;15,5;46;43;44;77;21,8;13,3;
2026/07/19;0900 UTC;0;995,8;996,1;995,4;0;26,8;15,5;27;26,7;15,7;15,3;44;43;43;93;20,2;12,3;
2026/07/19;1000 UTC;,8;995,9;996,3;995,6;0;26,4;15,1;26,6;26,2;15,3;14,8;44;43;43;161;24;11,6;
2026/07/19;1100 UTC;0;995,9;996,5;995;45,3;26;14,7;26,3;25,7;14,9;14,6;45;43;44;78;23,1;14,5;
2026/07/19;1200 UTC;0;995,8;997,2;994,5;305;25,8;14,7;26;25,5;14,8;14,5;46;43;44;314;14,3;7,5;
2026/07/19;1300 UTC;0;999;1000,9;997;240,6;24,3;15,4;25,9;21,6;16,6;14,5;75;45;55;147;7,2;2;
2026/07/19;1400 UTC;0;1001,2;1001,6;1000,7;56,1;20,3;16,5;21,5;19,4;16,8;16,2;87;75;81;131;5,5;3;
2026/07/19;1500 UTC;5,8;1000,8;1001,6;999,6;84,9;18,5;17,3;19,3;18,1;17,9;16,7;99;87;94;151;3,2;1,1;
2026/07/19;1600 UTC;3,6;999,6;1000;998,9;131,4;18,4;17,8;18,7;18,1;18,1;17,2;99;94;97;170;2,1;,9;
2026/07/19;1700 UTC;5,8;998,4;999;997,9;92,7;18,2;17,9;18,4;18,2;18;17,7;99;98;98;171;1,4;,7;
2026/07/19;1800 UTC;2,2;997,9;998,4;997,7;204,9;18,3;18,2;18,5;18,1;18,3;18;99;99;99;141;3,9;2,2;
2026/07/19;1900 UTC;0;998;998,2;997,8;139,8;18,6;17,9;18,8;18,5;18,4;17,2;99;92;97;146;7,6;4;
2026/07/19;2000 UTC;1,8;998,9;999,9;998,2;16,6;18,3;17,3;18,7;17,8;17,7;16,8;96;94;95;144;8,2;4,5;
2026/07/19;2100 UTC;16,8;1000,5;1000,9;999,9;1;17,2;16,8;17,8;17;17,1;16,3;100;96;98;118;7,4;4;
2026/07/19;2200 UTC;1,4;1000,5;1001,2;1000;0;17,1;16,4;17,3;16,9;16,7;16;99;94;97;159;3,8;1,8;
2026/07/19;2300 UTC;7,6;1001,1;1002,1;999,7;0;17;16,6;17,5;16,8;16,8;16,3;99;94;98;57;6,2;3,5;
2026/07/20;0000 UTC;1,4;1000,4;1000,7;999,8;0;18,1;16,2;18,2;17,6;16,6;15,8;95;89;91;107;3,3;1,3;
2026/07/20;0100 UTC;,6;1001,2;1002,2;1000,5;0;17,5;16,7;18;17,2;17;16,3;99;93;96;205;1,4;,7;
2026/07/20;0200 UTC;1,2;1001,1;1001,8;999,1;0;17,4;16,8;17,9;17,1;17;16,6;99;95;97;206;1,9;,6;
2026/07/20;0300 UTC;5,4;1001,3;1002,1;1000,5;0;17,4;16,9;18;17,2;17;16,7;99;94;97;58;6,7;2,1;
2026/07/20;0400 UTC;0;1001,3;1001,7;1000,7;0;17,4;16,9;17,6;17,1;17,1;16,8;99;96;98;73;1,7;,5;
2026/07/20;0500 UTC;0;1001,7;1001,9;1001,2;0;17;16,9;17,1;16,9;17;16,8;100;99;100;226;1,2;,7;
2026/07/20;0600 UTC;0;1000,8;1001,1;1000,1;0;16,7;16,7;16,9;16,5;17;16,5;100;100;100;148;2;1;
2026/07/20;0700 UTC;4,2;1000,9;1002,1;1000,4;0;16,8;16,9;17,2;16,7;17,2;16,7;100;100;100;264;6,7;2,4;
2026/07/20;0800 UTC;,4;1000,4;1001,7;999,2;0;17;17;17,2;16,8;17,2;16,9;100;100;100;212;2,5;1;
2026/07/20;0900 UTC;0;999,1;999,8;998,5;0;16,8;16,8;16,9;16,7;16,9;16,7;100;100;100;182;1,4;,7;
2026/07/20;1000 UTC;,4;1000,4;1001,8;999,3;0;17,5;17;18,2;16,9;17,2;16,9;100;94;98;290;5,7;3,6;
2026/07/20;1100 UTC;3,6;1001,6;1002,2;1000;0;19;17,3;21,2;17,8;17,6;17,1;96;79;92;172;12,6;6,9;
2026/07/20;1200 UTC;3;999,6;1001,3;996,6;2,7;20,4;17,5;21,6;19,3;17,9;17,1;93;78;86;317;6,6;3,9;
2026/07/20;1300 UTC;,6;1000,1;1000,4;999,8;361,9;19,7;17,9;20,6;19;18,4;17,7;95;86;91;278;6;3,4;
2026/07/20;1400 UTC;0;1000,3;1000,5;1000,1;230,3;20;18,3;20,3;19,7;18,8;17,8;94;89;91;97;2,3;1;
2026/07/20;1500 UTC;0;1000;1000,5;999,6;311;20,3;18,7;20,6;20,1;18,9;18,1;94;88;92;197;2,5;,9;
2026/07/20;1600 UTC;0;999,3;999,6;998,9;463,6;22,5;17,6;23,4;20,7;18,7;16,8;90;68;76;302;8,4;3,1;
2026/07/20;1700 UTC;0;998,4;998,9;998,1;701,1;23,5;17,7;24,1;23;18,1;16,8;75;67;71;311;11,7;5,9;
2026/07/20;1800 UTC;0;998,1;998,3;998;593,6;23,8;18,2;24,1;23,4;18,6;17,5;75;68;72;316;7,9;4,6;
2026/07/20;1900 UTC;0;998;998,2;997,7;522,5;23,6;18,9;23,8;23,4;19,3;18,3;79;74;76;293;5,9;3,3;
2026/07/20;2000 UTC;0;998,3;998,6;998,1;193,3;24,4;19,5;24,8;23,5;19,7;19,2;80;73;75;327;5,3;2,8;
2026/07/20;2100 UTC;2,6;998,7;998,7;998,5;10;23,1;20,3;24;22,9;20,6;19,4;86;75;85;286;2,9;1,9;
2026/07/20;2200 UTC;0;999,3;999,3;998,7;0;22,2;20,5;23,1;22,2;20,5;20,2;90;84;90;261;3,3;1,8;
2026/07/20;2300 UTC;0;1000;1000;999,3;0;21,5;20,6;22,2;21,5;20,6;20,4;95;90;95;80;2,6;,7;
2026/07/21;0000 UTC;,2;1000,5;1000,5;999,9;0;20,9;20,8;21,6;20,9;20,8;20,6;99;95;99;331;1,7;,8;
2026/07/21;0100 UTC;,4;1000,8;1000,8;1000,5;0;20,7;20,7;21;20,7;20,8;20,6;100;99;100;0;1,7;,5;
2026/07/21;0200 UTC;,2;1001,1;1001,2;1000,8;0;20,5;20,4;20,8;20,5;20,8;20,4;100;99;100;130;2,4;,5;
2026/07/21;0300 UTC;,4;1001,3;1001,4;1001;0;20,3;20,3;20,5;20,3;20,5;20,3;100;100;100;61;1,7;,6;
2026/07/21;0400 UTC;,4;1001,5;1001,5;1001,3;0;20,2;20,2;20,3;20,2;20,3;20,2;100;100;100;107;1,3;,4;
2026/07/21;0500 UTC;,2;1001,7;1001,8;1001,3;0;20,1;20,1;20,3;20,1;20,3;20,1;100;100;100;47;1,2;,4;
2026/07/21;0600 UTC;0;1001,2;1001,7;1001,1;0;20,1;20,1;20,1;20,1;20,1;20,1;100;100;100;222;1,1;,4;
2026/07/21;0700 UTC;0;1001,4;1001,5;1001,3;0;20;20;20,1;20;20,1;20;100;100;100;172;1,6;,6;
2026/07/21;0800 UTC;0;1000,7;1001,4;1000,7;0;20;20;20,1;20;20,1;20;100;100;100;201;1,3;,7;
2026/07/21;0900 UTC;0;1000,2;1000,7;1000,1;0;19,9;19,9;20,1;19,9;20,1;19,9;100;100;100;166;2,3;,8;
2026/07/21;1000 UTC;0;1000,8;1001,1;999,8;0;19,5;19,5;19,8;19,5;19,8;19,5;100;100;100;152;3,6;1,8;
2026/07/21;1100 UTC;,6;1002,1;1002,1;1000,8;,1;19,1;19;19,5;19,1;19,5;19;100;99;100;144;4;1,9;
2026/07/21;1200 UTC;3,8;1003,9;1003,9;1002,1;10,1;18,8;18,8;19,1;18,8;19;18,8;100;100;100;127;3,2;1,2;
2026/07/21;1300 UTC;5,4;1004,6;1004,6;1003,5;15,4;18,2;17,8;18,8;18,2;18,8;17,8;100;97;97;89;4,1;2,1;
2026/07/21;1400 UTC;5,4;1002,5;1004,7;1001,6;64,4;18;17,4;18,3;17,9;17,9;17,3;99;96;97;128;6,3;3,7;
2026/07/21;1500 UTC;1,8;1002;1003,5;1001;45,5;17,8;17,7;18,1;17,8;17,8;17,4;99;96;99;166;4,1;,5;
2026/07/21;1600 UTC;1,2;1000,5;1002;1000;69,8;17,7;17,7;17,8;17,7;17,8;17,7;100;99;100;300;3;1,2;
2026/07/21;1700 UTC;4,2;1000,2;1001;1000,2;43,1;17,8;17,8;17,8;17,8;17,8;17,7;100;99;100;97;2,8;1,4;
2026/07/21;1800 UTC;5,8;1001,2;1002,1;999,7;16;17,9;17,9;17,9;17,7;17,9;17,7;100;100;100;314;3;1;
2026/07/21;1900 UTC;2,6;998,9;1000,9;997,2;18,3;18;17,9;18,4;17,8;17,9;17,7;100;96;100;238;6,5;1,2;
2026/07/21;2000 UTC;0;1000,8;1001;998,9;14;18;18;18;17,9;18;17,9;100;100;100;7;2,7;2,1;
2026/07/21;2100 UTC;0;1000,8;1000,9;999,4;8,9;18,2;18;18,2;18;18;17,9;100;99;99;293;3,4;1,6;
2026/07/21;2200 UTC;0;1000,8;1001,1;1000,6;0;18;18;18,2;18;18,1;18;100;99;100;134;2,3;1,3;
2026/07/21;2300 UTC;0;1000,8;1000,9;1000,4;0;17,8;17,8;18;17,8;18;17,8;100;100;100;129;5,3;1,9;
2026/07/22;0000 UTC;0;1001,5;1001,5;1000,8;0;17,8;17,8;17,8;17,8;17,8;17,8;100;100;100;157;3,6;1,5;
2026/07/22;0100 UTC;,6;1002,4;1002,4;1001,5;0;18;18;18;17,8;18;17,8;100;100;100;123;3,2;,6;
2026/07/22;0200 UTC;,8;1002,8;1002,8;1002,5;0;18;18;18;18;18;18;100;100;100;156;1,5;,7;
2026/07/22;0300 UTC;1,4;1002,9;1003,4;1002,8;0;18;18;18;18;18;18;100;100;100;160;3,5;1,6;
2026/07/22;0400 UTC;,4;1002,7;1003,2;1002,7;0;17,8;17,8;17,9;17,8;17,9;17,8;100;100;100;127;2,6;1,3;
2026/07/22;0500 UTC;0;1003,3;1003,4;1002,6;0;17,5;17,3;17,8;17,5;17,8;17,3;100;98;98;137;3,4;1,9;
2026/07/22;0600 UTC;0;1002,7;1003,2;1002,6;0;17,3;17,1;17,5;17,3;17,3;17;99;98;99;127;3,4;1,2;
2026/07/22;0700 UTC;,2;1003,6;1003,6;1002,7;0;17;16,9;17,3;17;17,1;16,9;100;99;99;153;3,2;1,8;
2026/07/22;0800 UTC;0;1003,6;1003,6;1003,2;0;16,6;16,3;17;16,6;16,8;16,2;99;97;99;143;4,1;2,2;
2026/07/22;0900 UTC;,4;1003,4;1003,7;1003,4;0;16;16;16,5;16;16,3;15,9;100;99;100;141;5,5;2,3;
2026/07/22;1000 UTC;,4;1004,6;1004,6;1003,5;0;16;16;16;16;16;16;100;100;100;150;3,5;1,3;
2026/07/22;1100 UTC;0;1004,9;1004,9;1004,6;3,4;16;16;16,1;16;16,1;16;100;100;100;171;3,1;1,4;
2026/07/22;1200 UTC;,6;1005,7;1005,8;1004,9;81,5;16,2;16,2;16,3;16;16,3;16;100;100;100;166;3,7;1,8;
2026/07/22;1300 UTC;0;1006,1;1006,1;1005,7;148;16,6;16,5;16,6;16,2;16,6;16,2;100;99;99;167;3,8;2,1;
2026/07/22;1400 UTC;,8;1006,4;1006,6;1006,1;237,9;16,8;16,6;16,8;16,6;16,6;16,4;99;99;99;161;4,6;2,4;
2026/07/22;1500 UTC;,8;1005,9;1006,4;1005,9;384,1;17,1;16,9;17,1;16,7;16,9;16,6;99;98;99;173;4,7;1,7;
2026/07/22;1600 UTC;,4;1004,8;1006,1;1004,8;486;17,3;17;17,3;17;17,1;16,6;99;98;99;170;5,4;2,3;
2026/07/22;1700 UTC;2,8;1004,4;1004,9;1004,3;357,4;17,3;17,1;17,3;17,1;17,1;16,8;99;98;99;181;4,7;1,4;
2026/07/22;1800 UTC;,2;1004,6;1004,6;1004,2;447,8;17,6;17,3;17,7;17,3;17,5;17,1;99;97;98;173;4,5;1,6;
2026/07/22;1900 UTC;1,4;1005,4;1005,4;1004,6;278,1;17,5;17,3;17,8;17,5;17,5;17,2;99;97;99;212;3;1;
2026/07/22;2000 UTC;3,8;1006,1;1006,1;1005,4;178,7;17,4;17,2;17,5;17,4;17,3;17,1;99;98;99;153;2,3;1,1;
2026/07/22;2100 UTC;,6;1006,2;1006,3;1005,9;88,3;17,1;16,9;17,4;17,1;17,2;16,9;99;98;99;133;3,1;1;
2026/07/22;2200 UTC;0;1007;1007;1006;0;17;16,6;17,1;16,9;16,9;16,6;99;98;98;146;2,6;1,3;
2026/07/22;2300 UTC;0;1008,1;1008,1;1007,1;0;17,1;16,6;17,1;17;16,8;16,6;99;97;97;251;2,4;,5;
2026/07/23;0000 UTC;2,6;1008,8;1008,8;1008,1;0;16,3;16,3;17,1;16,3;16,8;16,2;100;97;99;162;4,2;1,6;
2026/07/23;0100 UTC;4;1009,8;1009,8;1008,9;0;15,7;15,5;16,3;15,7;16,3;15,5;100;98;99;167;7,2;3,4;
2026/07/23;0200 UTC;5,4;1011,1;1011,1;1009,9;0;14,8;14,6;15,7;14,8;15,5;14,6;99;98;99;176;8,2;2,5;
2026/07/23;0300 UTC;,4;1011;1011,3;1011;0;14,5;14,4;14,7;14,5;14,6;14,4;99;98;99;152;6,8;2,9;
2026/07/23;0400 UTC;,2;1010,9;1011;1010,6;0;14,5;14,1;14,5;14,4;14,3;14,1;99;98;98;168;5,3;2,7;
2026/07/23;0500 UTC;0;1011,3;1011,5;1010,9;0;13,7;13,5;14,5;13,7;14,2;13,5;99;96;99;162;5,3;,5;
2026/07/23;0600 UTC;0;1011,1;1011,3;1011;0;13,3;13,1;13,7;13,3;13,5;13,1;100;99;99;59;1,4;,8;
2026/07/23;0700 UTC;0;1011,4;1011,7;1011,2;0;13,4;13,4;13,4;13,1;13,4;13;100;99;100;6;2,5;1,2;
2026/07/23;0800 UTC;0;1012;1012;1011,4;0;13,6;13,5;13,6;13,3;13,5;13,3;100;99;100;139;1,9;1,1;
2026/07/23;0900 UTC;0;1012,8;1012,8;1012;0;13,8;13,3;13,9;13,6;13,6;13,3;99;97;97;166;4,4;1,9;
2026/07/23;1000 UTC;,2;1012,9;1013,2;1012,8;0;13,4;13,2;13,8;13,4;13,3;13;99;96;99;153;4,5;2,2;
2026/07/23;1100 UTC;,2;1013,4;1013,4;1012,8;18,7;13,5;13,1;13,5;13,3;13,2;13;99;97;97;150;3,9;1,3;
2026/07/23;1200 UTC;0;1013,9;1013,9;1013,4;270,4;14,2;13,3;14,2;13,5;13,5;13;98;94;95;159;3,4;1,2;
2026/07/23;1300 UTC;0;1014,4;1014,4;1013,9;386,6;14,7;13,8;14,7;14,2;13,9;13,3;96;93;94;151;3,5;1,6;
2026/07/23;1400 UTC;0;1014,4;1014,5;1014,3;1222;16,2;13,4;17;14,7;14,7;13,4;95;82;83;164;4,4;2,5;
2026/07/23;1500 UTC;0;1013,6;1014,4;1013,6;934,1;16,8;13,7;16,9;16;14,3;12,9;89;78;82;166;5;2;
2026/07/23;1600 UTC;0;1013,1;1013,6;1013,1;1216,3;17,7;12,5;17,9;16,8;14;12;82;69;71;126;4,9;2,4;
2026/07/23;1700 UTC;0;1012,8;1013,1;1012,6;811,4;17,4;13,6;17,9;17,4;14;12;80;69;78;162;4,6;2,5;
2026/07/23;1800 UTC;0;1012,4;1012,8;1012,3;526,6;16,9;13,7;17,4;16,9;14,3;13,4;84;79;82;141;5,4;2,9;
2026/07/23;1900 UTC;0;1012,7;1012,7;1012,3;249;16,7;14;16,9;16,7;14,2;13,5;85;81;84;137;5,4;1,5;
2026/07/23;2000 UTC;0;1012,9;1012,9;1012,6;136,2;16,7;14;16,7;16,7;14,8;13,6;89;82;84;160;2,9;1,5;
2026/07/23;2100 UTC;0;1012,4;1012,9;1012,3;43,1;15,7;14,2;16,7;15,7;14,6;13,9;92;83;90;153;4,1;2,1;
2026/07/23;2200 UTC;0;1012,7;1012,7;1012,4;0;15,5;14,2;15,7;15,5;14,4;14;93;90;92;148;4;1,7;
2026/07/23;2300 UTC;0;1013,1;1013,1;1012,7;0;15,1;14,2;15,6;15,1;14,4;14;95;91;95;153;3,7;2;
2026/07/24;0000 UTC;0;1013,4;1013,4;1013;0;14,6;14,1;15,1;14,6;14,4;13,9;97;95;97;180;4;,6;
2026/07/24;0100 UTC;0;1013,2;1013,6;1013,1;0;14,8;14,4;14,8;14,7;14,4;14,2;98;96;98;131;1,7;1;
2026/07/24;0200 UTC;0;1013;1013,2;1013;0;15,2;14;15,2;14,8;14,5;13,9;98;92;93;148;3;1,6;
2026/07/24;0300 UTC;0;1012,8;1013,1;1012,7;0;15,1;13,9;15,2;15,1;14,1;13,7;94;92;92;145;3,7;1,6;
2026/07/24;0400 UTC;0;1012,3;1012,7;1012,3;0;15;13,8;15,1;15;14,3;13,7;95;91;92;154;3,7;1,7;
2026/07/24;0500 UTC;0;1012,1;1012,4;1012,1;0;14,7;13,6;15;14,7;14;13,6;94;92;93;168;3,8;2;
2026/07/24;0600 UTC;0;1011,4;1012,1;1011,4;0;14;13,4;14,7;14;13,8;13,4;97;93;96;166;3,8;1,8;
2026/07/24;0700 UTC;0;1011,1;1011,4;1011,1;0;13,5;13,2;14;13,5;13,4;13,1;98;96;98;185;4,1;,9;
2026/07/24;0800 UTC;0;1011;1011,2;1011;0;13,5;13;13,6;13,4;13,2;12,9;98;97;97;127;1,8;,5;
2026/07/24;0900 UTC;0;1011,1;1011,2;1010,9;0;13,2;12,9;13,5;13,2;13,1;12,9;98;97;98;64;1,7;1,2;
2026/07/24;1000 UTC;0;1011,6;1011,6;1011,1;0;13,2;12,9;13,3;13,2;13;12,8;98;97;98;48;1,8;,9;
2026/07/24;1100 UTC;0;1011,8;1011,8;1011,5;21,6;13,1;12,9;13,2;13,1;13;12,8;99;98;99;355;2,4;1,3;
2026/07/24;1200 UTC;0;1012,3;1012,4;1011,8;261;13,4;12,7;13,4;12,9;12,9;12,6;99;95;95;62;2,4;,5;
2026/07/24;1300 UTC;0;1013;1013;1012,3;734,7;14,7;12,7;14,7;13,4;13,1;12,5;96;87;87;354;2,1;,7;
2026/07/24;1400 UTC;0;1012,8;1013;1012,8;1597,3;16,3;12,7;16,5;14,9;13,5;12,6;88;79;79;206;2,1;,5;
2026/07/24;1500 UTC;0;1012,5;1012,9;1012,5;1790,2;17,2;13,1;17,4;16,1;13,5;12,3;83;74;76;134;3,2;1,8;
2026/07/24;1600 UTC;0;1011,8;1012,5;1011,8;1925,8;18,5;13,8;18,7;17,1;14,4;13;80;72;74;123;3,2;1,3;
2026/07/24;1700 UTC;0;1010,3;1011,8;1010,3;1413,5;18,7;14,8;19;18,5;14,9;13,5;79;71;78;124;3;1,7;
2026/07/24;1800 UTC;0;1010,3;1010,3;1009,5;977,9;18,7;14,9;19,1;18,6;15,3;14,2;80;75;78;167;4;1,8;
2026/07/24;1900 UTC;0;1010,6;1010,9;1010,4;437,8;18,2;15,1;18,7;18,2;15,4;14,4;83;76;82;142;4,1;2,1;
2026/07/24;2000 UTC;0;1011,3;1011,4;1010,6;259;18,1;15,5;18,3;18,1;15,7;15;86;81;85;162;4;1,5;
2026/07/24;2100 UTC;0;1010,9;1011,5;1010,8;57,1;17,3;15,3;18,1;17,3;16,1;15,2;92;84;88;130;2,5;1,3;
2026/07/24;2200 UTC;0;1010,8;1011,6;1010,8;0;15,8;15,2;17,3;15,8;15,5;15,1;97;89;96;47;1,6;,8;
2026/07/24;2300 UTC;0;1010,6;1011,4;1010,6;0;15,8;15;16,5;15,8;15,4;14,9;97;91;95;125;2,5;,8;
2026/07/25;0000 UTC;0;1010,9;1010,9;1010,2;0;15;14,6;15,7;14,9;15;14,5;98;95;98;352;2,3;1,5;
2026/07/25;0100 UTC;0;1011,5;1011,6;1011,1;0;14,2;14;14,9;14,1;14,5;14;100;97;99;3;2,6;1,3;
2026/07/25;0200 UTC;0;1011,8;1011,8;1011,4;0;14,5;14,3;14,8;14,2;14,4;14;100;97;99;350;3,6;1,3;
2026/07/25;0300 UTC;0;1012;1012,1;1011,8;0;15,2;14,8;15,4;14,5;14,9;14,4;99;96;97;171;2,6;,6;
2026/07/25;0400 UTC;0;1012,2;1012,4;1011,9;0;15;14,6;15,2;14,9;14,8;14,4;98;96;98;31;1,6;,7;
2026/07/25;0500 UTC;0;1011,9;1012,3;1011,9;0;14,7;14,5;15,2;14,7;14,9;14,5;99;97;98;263;1,4;,5;
2026/07/25;0600 UTC;0;1011,2;1012;1011,2;0;13,3;13,3;14,7;13,3;14,5;13,3;100;98;100;38;1,4;,4;
2026/07/25;0700 UTC;0;1011,1;1011,2;1010,9;0;13,5;13,5;13,5;13,1;13,5;13,1;100;100;100;321;,9;,4;
2026/07/25;0800 UTC;0;1010,5;1011,1;1010,5;0;14,3;14,3;14,4;13,6;14,4;13,6;100;100;100;300;3,2;2,2;
2026/07/25;0900 UTC;0;1011,1;1011,1;1010,4;0;14;14;14,2;14;14,2;14;100;100;100;317;4,8;2,8;
2026/07/25;1000 UTC;0;1011,5;1011,8;1011,1;0;13,7;13,7;14;13,7;14;13,7;100;100;100;42;4,4;,9;
2026/07/25;1100 UTC;0;1012,4;1012,7;1011,5;15,5;13,8;13,8;13,8;13,6;13,8;13,6;100;100;100;14;1,8;,7;
2026/07/25;1200 UTC;0;1012,9;1012,9;1012,2;165,2;13,7;13,7;13,8;13,4;13,8;13,4;100;100;100;296;2,4;1;
2026/07/25;1300 UTC;0;1012,8;1013,3;1012,8;478,9;14,9;14;14,9;13,6;14,2;13,6;100;93;95;290;4,4;2;
2026/07/25;1400 UTC;0;1012,7;1013,1;1012,5;704,2;16,2;14,4;16,2;14,9;14,5;13,8;95;88;89;294;3,5;1,3;
2026/07/25;1500 UTC;0;1012,3;1012,8;1012,3;887,9;17,6;14,7;17,6;16,3;15,2;14,2;89;83;83;133;3,3;,9;
2026/07/25;1600 UTC;0;1011,8;1012,4;1011,8;790,5;18;15;18;17,5;15,6;14,6;86;82;82;247;2,2;,9;
2026/07/25;1700 UTC;0;1010,5;1011,8;1010,5;931,5;18,1;15,2;18,5;17,9;15,5;14,7;84;79;83;45;5,5;3,9;
2026/07/25;1800 UTC;0;1011;1011,3;1010,4;813,7;18,8;15,7;18,9;18,1;15,7;14,9;84;80;82;7;5,7;2,5;
2026/07/25;1900 UTC;0;1010,6;1011;1010,6;573,1;18,9;15,8;19;18,8;15,9;15,3;83;80;82;313;4,4;2,2;
2026/07/25;2000 UTC;0;1010,7;1010,7;1010,4;284,4;18,8;15,9;18,9;18,8;16,1;15,5;84;81;83;3;3,3;1,7;
2026/07/25;2100 UTC;0;1010,7;1010,7;1010,4;37,6;18,3;16,6;18,8;18,3;16,6;15,6;90;82;90;159;3;,3;
2026/07/25;2200 UTC;0;1011,4;1011,4;1010,7;0;17,8;16,4;18,3;17,7;17;16,4;95;90;91;264;1,6;,4;
2026/07/25;2300 UTC;0;1011,3;1011,4;1011,2;0;17,1;16,5;17,9;17,1;17;16,4;96;92;96;170;1,2;,4;
2026/07/26;0000 UTC;0;1011,1;1011,4;1011,1;0;17,2;16,5;17,4;16,9;16,6;16,2;97;93;96;352;1,4;,4;
2026/07/26;0100 UTC;0;1011,1;1011,2;1010,9;0;17,1;16,7;17,3;17,1;16,8;16,5;97;95;97;13;1,2;,9;
2026/07/26;0200 UTC;0;1010,7;1011,1;1010,6;0;16,5;16,2;17,2;16,5;16,7;16,2;98;96;98;302;1,3;1;
2026/07/26;0300 UTC;0;1010,4;1010,8;1010,4;0;15,8;15,7;16,5;15,8;16,3;15,7;100;98;99;328;1,6;,7;
2026/07/26;0400 UTC;0;1010,2;1010,6;1010,1;0;15,4;15,3;15,8;15,4;15,7;15,3;100;99;99;313;1,9;,9;
2026/07/26;0500 UTC;0;1009,8;1010,2;1009,8;0;15;15;15,4;14,9;15,4;14,8;100;99;100;10;1,6;,7;
2026/07/26;0600 UTC;0;1009,4;1009,8;1009,4;0;15;15;15;14,6;15;14,6;100;100;100;344;1,8;,9;
2026/07/26;0700 UTC;0;1009,2;1009,4;1009,2;0;16,1;15,7;16,1;15;15,7;15;100;97;98;331;3,1;,8;
2026/07/26;0800 UTC;0;1009;1009,2;1008,9;0;17;16;17;16;16,1;15,7;98;94;94;323;3,6;,9;
2026/07/26;0900 UTC;0;1009,2;1009,2;1008,7;0;16,8;16;17,4;16,5;16,2;15,8;96;92;95;14;3;,8;
2026/07/26;1000 UTC;0;1009,7;1009,7;1009,2;0;17,8;16,4;17,8;16,8;16,4;16,1;96;91;91;295;4,3;2,6;
2026/07/26;1100 UTC;0;1009,9;1010;1009,6;11,7;18,1;16,3;18,1;17,7;16,4;16,2;92;89;89;302;5,8;3,5;
2026/07/26;1200 UTC;0;1010,4;1010,4;1009,8;208,1;18,9;16,7;18,9;18,2;16,8;16,4;90;88;88;301;6,1;3,7;
2026/07/26;1300 UTC;0;1010,9;1010,9;1010,3;371,6;19,6;17,1;19,6;18,9;17,2;16,7;88;85;86;301;5,4;3,8;
2026/07/26;1400 UTC;0;1010,7;1011,2;1010,7;290,6;19,6;17,7;19,7;19,2;17,7;17,1;90;85;89;278;5,3;3,6;
2026/07/26;1500 UTC;0;1009,9;1010,4;1009,9;896,6;21;17,9;21;20;18,2;17,5;87;82;82;288;5,4;4,3;
2026/07/26;1600 UTC;0;1009,1;1009,9;1009,1;952,8;23;18,5;23;21,2;18,9;17,8;83;76;76;316;6,4;4,4;
2026/07/26;1700 UTC;0;1007,9;1009,1;1007,9;1713,2;24,2;18,9;24,8;23;19,7;18,5;78;70;72;320;6,7;3,7;
2026/07/26;1800 UTC;0;1007,4;1007,9;1007,4;1533,3;23,9;19,5;24,8;23,9;20;18,8;77;71;76;337;6,7;3,2;
2026/07/26;1900 UTC;0;1007,2;1007,4;1007,1;449,7;23,5;19,7;24,2;23,5;19,9;19,1;80;73;79;328;4,7;1,9;
2026/07/26;2000 UTC;0;1007,5;1007,5;1007,1;70,6;23;19,7;23,6;23;19,8;19,3;82;77;82;276;4,2;1,3;
2026/07/26;2100 UTC;0;1007,7;1007,8;1007,5;14,2;21,1;19,3;23;21,1;20,2;19,3;90;82;90;119;4,1;2,1;
2026/07/26;2200 UTC;0;1008,1;1008,2;1007,7;0;20,5;19,4;21,1;20,5;19,5;19,2;93;89;93;125;4,3;1,5;
2026/07/26;2300 UTC;0;1008,5;1008,7;1008;0;19,9;19,2;20,5;19,9;19,3;19,1;96;93;96;110;2,5;,9;
2026/07/27;0000 UTC;0;1008,1;1008,7;1008,1;0;19,4;18,9;19,9;19,4;19,1;18,9;97;95;97;80;1,8;,3;
2026/07/27;0100 UTC;0;1008,3;1008,6;1008,2;0;18,9;18,7;19,3;18,9;18,9;18,7;99;97;99;349;1,7;1,3;
2026/07/27;0200 UTC;0;1008,5;1008,6;1008,3;0;18,5;18,2;18,9;18,4;18,7;18,2;100;98;98;247;3;1,1;
2026/07/27;0300 UTC;0;1008,3;1008,7;1008,3;0;18,4;18,4;18,4;18;18,4;17,9;100;98;100;143;2,4;1;
2026/07/27;0400 UTC;0;1008;1008,5;1008;0;18,4;18,4;18,4;18,3;18,4;18,3;100;100;100;127;1,8;,9;
2026/07/27;0500 UTC;0;1007,7;1008,2;1007,7;0;18,3;18,3;18,4;18,3;18,4;18,3;100;100;100;212;1,8;,8;
2026/07/27;0600 UTC;0;1007,4;1007,8;1007,3;0;18,3;18,3;18,3;18,3;18,3;18,3;100;100;100;303;1,6;,9;
2026/07/27;0700 UTC;0;1007,1;1007,5;1007;0;18,4;18,4;18,4;18,3;18,4;18,3;100;100;100;146;1,7;,5;
2026/07/27;0800 UTC;0;1006,8;1007,1;1006,6;0;18,3;18,3;18,4;18,3;18,4;18,3;100;100;100;353;1,5;,3;
2026/07/27;0900 UTC;0;1006,4;1006,8;1006,3;0;18,3;18,3;18,3;18,3;18,3;18,3;100;100;100;163;1,4;,6;
2026/07/27;1000 UTC;0;1006,8;1006,8;1006,4;0;18,2;18,2;18,3;18,2;18,3;18,2;100;100;100;329;1;,5;
2026/07/27;1100 UTC;0;1007,3;1007,3;1006,8;11,9;18,2;18,2;18,2;18,2;18,2;18,2;100;100;100;103;1;,3;
2026/07/27;1200 UTC;0;1007,3;1007,4;1007,1;183,6;18,6;18,6;18,6;18,2;18,6;18,2;100;100;100;136;1;,5;
2026/07/27;1300 UTC;0;1007,2;1007,3;1006,7;380,2;18,5;18,5;18,8;18,5;18,8;18,5;100;100;100;231;2,3;1,3;
2026/07/27;1400 UTC;0;1006,4;1007,2;1006,4;859;19,9;19,4;19,9;18,5;19,4;18,5;100;96;97;343;1,6;,4;
2026/07/27;1500 UTC;0;1005,8;1006,4;1005,3;919,1;21,2;19,6;21,2;20;19,8;19;97;90;90;238;1,4;,9;
2026/07/27;1600 UTC;0;1003,9;1005,8;1003,8;476,5;21,4;20,1;21,6;21,2;20,2;19,6;92;89;92;174;2,6;1,3;
2026/07/27;1700 UTC;0;1003,5;1004;1003,3;153,7;20,5;19,6;21,4;20,5;20,1;19,6;95;92;95;150;3,4;,4;
2026/07/27;1800 UTC;0;1003,6;1003,7;1002,5;28,4;20,2;19,9;20,5;20,2;19,9;19,6;98;95;98;;;;
2026/07/27;1900 UTC;7,2;1004,8;1005,6;1003,5;4,1;19,3;19,1;20,2;19,3;19,9;19,1;99;98;99;;;;
2026/07/27;2000 UTC;1,2;1003,8;1004,6;1003,7;41,8;19,2;19;19,6;19,1;19,1;18,5;99;94;99;;;;
2026/07/27;2100 UTC;0;1003,5;1004;1003,2;112,6;19,2;19;19,7;19,1;19,1;18,9;99;96;99;;;;
2026/07/27;2200 UTC;0;1003,9;1004;1003,5;,1;18,6;18,5;19,1;18,6;19;18,5;100;99;100;;;;
2026/07/27;2300 UTC;0;1003,9;1004,1;1003,9;0;18,7;18,7;18,7;18,6;18,7;18,5;100;100;100;;;;
2026/07/28;0000 UTC;0;1003,6;1003,9;1003,6;0;18,4;18,4;18,7;18,4;18,7;18,4;100;100;100;;;;
2026/07/28;0100 UTC;0;1002,7;1003,5;1002,7;0;18,3;18,3;18,4;18,3;18,4;18,3;100;100;100;;;;
2026/07/28;0200 UTC;0;1001,5;1002,6;1001,5;0;18,1;18,1;18,3;18;18,3;18;100;100;100;;;;
2026/07/28;0300 UTC;0;1000,4;1001,4;1000,4;0;19,4;18,8;19,4;18;18,8;18;100;96;96;;;;
2026/07/28;0400 UTC;0;1001,7;1001,7;999,9;0;21;19,5;21;19,5;19,5;18,7;96;90;91;;;;
2026/07/28;0500 UTC;13,2;1001,9;1003,8;1001,3;,5;19,8;19,2;21,2;19,6;20;18,7;98;90;96;;;;
2026/07/28;0600 UTC;1,6;1000,7;1002,4;1000,7;0;19,6;19;20,6;19,6;19,4;18,6;97;89;97;;;;
2026/07/28;0700 UTC;,2;1001,3;1001,9;1000,8;0;19,2;18,7;20,4;19,1;19;18,2;99;88;97;;;;
2026/07/28;0800 UTC;7;1000,9;1003,6;1000,9;0;20,5;18,8;20,5;18,9;18,9;18,6;99;90;90;;;;
2026/07/28;0900 UTC;0;1001,5;1001,7;1000,4;0;19,6;18,9;21;19,5;19,2;18,7;97;87;96;;;;
2026/07/28;1000 UTC;,2;1002,3;1002,7;1001,5;0;19,4;19,2;19,7;19,4;19,2;18,9;98;95;98;;;;
2026/07/28;1100 UTC;,8;1003,5;1003,5;1001,9;0;19,1;19,1;19,5;19;19,2;18,9;100;98;100;;;;
2026/07/28;1200 UTC;,2;1004;1004,1;1003,1;9,4;19,2;19,1;19,3;19,1;19,2;19,1;100;99;99;;;;
2026/07/28;1300 UTC;11,6;1004,1;1005,3;1003,9;4,6;20,9;19,2;20,9;19,1;19,6;18,9;100;89;90;;;;
2026/07/28;1400 UTC;1;1004,4;1004,4;1003,6;112,4;19,7;19,5;21,3;19,7;19,5;18,8;99;86;99;;;;
2026/07/28;1500 UTC;,6;1004;1005,3;1003,8;289,8;20,8;19;20,8;19,6;19,8;18,9;99;89;89;;;;
2026/07/28;1600 UTC;,2;1003,3;1004,8;1003,2;179,9;21;18;21;20,3;19,6;17,8;94;82;83;;;;
2026/07/28;1700 UTC;,2;1002,5;1003,8;1002,5;200,4;19,9;17,7;21;19,9;18,4;17,3;88;83;87;;;;
2026/07/28;1800 UTC;1,6;1002,5;1003,3;1002;157;19,4;18,3;19,9;19,1;18,3;17,6;95;89;93;;;;
2026/07/28;1900 UTC;0;1003,2;1003,2;1002,4;175,3;19,5;18,7;19,5;19,3;18,7;18,2;96;93;95;;;;
2026/07/28;2000 UTC;0;1004,2;1004,8;1003,1;32,7;19,3;18,6;19,5;19,1;18,8;18,4;98;94;96;;;;
2026/07/28;2100 UTC;3,6;1003,7;1004,7;1002,5;24,1;18,7;18,5;19,3;18,7;18,7;18,5;99;96;99;;;;
2026/07/28;2200 UTC;0;1002,4;1003,6;1002,1;0;18,4;18,1;18,7;18,3;18,5;18,1;100;98;98;;;;
2026/07/28;2300 UTC;2,8;1001,6;1002,4;1000,3;,1;17,7;16,6;18,7;17,7;18,2;15,6;99;84;93;;;;
2026/07/29;0000 UTC;3;1001,9;1004,7;999,7;,4;16,8;16,3;19,6;16,8;16,9;14,6;98;74;97;;;;
2026/07/29;0100 UTC;4,2;1003,4;1004,6;1001,1;0;17;16,3;17,8;16,8;16,5;15,6;99;87;96;;;;
2026/07/29;0200 UTC;12,2;1007,5;1007,5;1003,5;0;17,3;16,9;17,4;16,8;17,2;16,3;99;95;98;;;;
2026/07/29;0300 UTC;5;1007,3;1007,7;1006,1;0;16,7;16,2;17,3;16,7;16,8;16,2;98;96;97;;;;
2026/07/29;0400 UTC;5,8;1006,9;1007,8;1004,8;0;16,2;15,7;16,7;16,1;16,4;15,6;99;96;97;;;;
2026/07/29;0500 UTC;4,4;1007,6;1009;1005,5;0;15,8;15,3;16,2;15,8;15,8;14,9;98;92;97;;;;
2026/07/29;0600 UTC;1,8;1002,9;1007,4;1002,4;0;15,9;13,6;16,2;15,6;15,3;13,2;97;83;86;;;;
2026/07/29;0700 UTC;0;1003,5;1003,9;1003,1;0;16;13,7;16,1;15,2;14,3;13,3;93;84;86;;;;
2026/07/29;0800 UTC;4,2;1008,6;1008,6;1003,1;0;15,5;14,7;16,4;15,4;14,7;13,2;95;83;95;;;;
2026/07/29;0900 UTC;6,6;1006,6;1010,5;1006,6;0;15,8;14,9;16,1;15,2;15;14,2;97;90;94;;;;
2026/07/29;1000 UTC;,2;1002;1006,5;1000,6;0;16,5;13,3;17,4;15,6;14,9;12,6;94;74;81;;;;
2026/07/29;1100 UTC;0;1004,1;1004,2;1002;22,6;15,7;13,9;16,6;15,6;14,3;13,4;92;81;89;;;;
2026/07/29;1200 UTC;0;1006,5;1006,5;1004,2;305,8;16,8;14,1;16,8;15,7;14,2;13,8;89;84;84;;;;
2026/07/29;1300 UTC;0;1007,9;1008;1006,8;1183,4;18,6;15;18,6;16,8;15,5;13,8;85;77;80;107;6,1;3;
2026/07/29;1400 UTC;0;1008,8;1008,8;1008;1661,2;19;14,9;19,7;18,6;16,1;14,3;82;74;77;134;5,4;1,6;
2026/07/29;1500 UTC;0;1008,7;1009;1008,6;890,4;19,4;14,3;19,4;19;15,4;13,8;79;71;72;313;4,5;,3;
2026/07/29;1600 UTC;0;1008,9;1008,9;1008,6;1145,6;19,4;15,4;19,8;19,2;16,1;13,7;82;68;78;181;5,6;2,1;
2026/07/29;1700 UTC;0;1008,6;1009;1008,6;1388,4;19,9;15,7;20,4;19,4;16;15,1;80;73;77;156;5;2,3;
2026/07/29;1800 UTC;0;1008,3;1008,6;1008,1;1311,1;20,5;14,7;21,2;19,9;16,5;14,4;79;66;70;122;4,7;1,3;
2026/07/29;1900 UTC;0;1008,5;1008,5;1008,1;697,6;20,2;15,2;20,6;20,2;16,1;14,7;77;70;73;159;4,2;1,3;
2026/07/29;2000 UTC;0;1008,9;1008,9;1008,5;252,1;19,7;15,3;20,1;19,7;16,2;15,1;80;73;76;112;3,4;,8;
2026/07/29;2100 UTC;0;1009,9;1009,9;1008,8;29,4;18,7;16,3;19,7;18,7;17,2;15,5;89;77;86;147;4;2,1;
2026/07/29;2200 UTC;0;1010,6;1010,6;1009,8;0;18,1;16,2;18,7;18,1;16,5;15,7;89;84;89;124;3,9;1;
2026/07/29;2300 UTC;0;1011,2;1011,4;1010,6;0;17,9;15,5;18,1;17,8;16,7;14,8;93;82;86;123;1,6;,6;
2026/07/30;0000 UTC;0;1011,4;1011,4;1011,1;0;17,3;16;17,9;17,3;16,4;15,3;93;85;92;136;1,3;,9;
2026/07/30;0100 UTC;0;1011,9;1012;1011,3;0;16,5;15,8;17,2;16,5;16,1;15,7;96;92;96;75;1,4;,5;
2026/07/30;0200 UTC;0;1011,8;1012,1;1011,8;0;15,7;15,4;16,4;15,7;15,8;15,4;98;95;98;48;1,1;,6;
2026/07/30;0300 UTC;0;1011,8;1012;1011,7;0;14,6;14,5;15,6;14,6;15,3;14,5;100;98;99;336;1,6;,6;
2026/07/30;0400 UTC;0;1012,1;1012,1;1011,8;0;14,2;14,2;14,6;13,9;14,5;13,8;100;99;100;0;3,7;2;
2026/07/30;0500 UTC;0;1012,3;1012,5;1012,1;0;13,8;13,8;14,6;13,7;14,3;13,7;100;98;100;291;3,2;,9;
2026/07/30;0600 UTC;0;1012;1012,4;1011,9;0;14,1;14,1;14,1;13,7;14,1;13,7;100;100;100;9;,8;,3;
2026/07/30;0700 UTC;0;1012;1012,1;1011,9;0;15;15;15;14,1;15;14,1;100;100;100;160;1,6;,9;
2026/07/30;0800 UTC;0;1012,3;1012,3;1011,9;0;15,1;14,8;15,1;15;15;14,8;100;98;98;103;2,8;,9;
2026/07/30;0900 UTC;0;1012,3;1012,3;1012,1;0;14,4;14,3;15,1;14,4;14,8;14,3;99;98;99;99;2,4;,5;
2026/07/30;1000 UTC;0;1013,3;1013,3;1012,2;0;14,2;14,1;14,5;14,2;14,5;14,1;100;99;99;34;2,4;1,7;
2026/07/30;1100 UTC;0;1014;1014,1;1013,3;29,5;13,8;13,3;14,2;13,8;14,2;13,3;100;96;97;25;2;,9;
2026/07/30;1200 UTC;0;1014,7;1014,7;1014,1;239,4;14,6;14,2;14,6;13,8;14,3;13,3;99;97;97;260;1,7;,9;
2026/07/30;1300 UTC;0;1015,1;1015,1;1014,7;427;16,1;14;16,1;14,6;14,7;13,9;98;87;87;218;3,2;1,6;
2026/07/30;1400 UTC;0;1015;1015,1;1014,9;832,6;17,6;14,9;17,6;16,2;14,9;13,6;89;81;84;154;4;1,9;
2026/07/30;1500 UTC;0;1014,4;1015;1014,3;1535,9;18,8;15;19,1;17,5;15,5;14,1;86;74;78;153;5,3;2,7;
2026/07/30;1600 UTC;0;1013,8;1014,6;1013,8;2031,1;20,2;15,8;20,2;18,8;15,8;14;78;69;76;153;6,7;3,4;
2026/07/30;1700 UTC;0;1013,2;1013,9;1013,2;2324,2;20,5;15,9;20,5;19,8;16,2;14,7;78;72;75;161;6,6;3,6;
2026/07/30;1800 UTC;0;1012,5;1013,2;1012,5;1578,9;20,7;15,8;20,7;19,8;15,8;14,8;76;71;74;155;6,5;2,6;
2026/07/30;1900 UTC;0;1011,4;1012,4;1011,4;1233,3;21;16,1;21;20,2;16,7;15,2;78;71;74;158;6,3;2,1;
2026/07/30;2000 UTC;0;1010,8;1011,4;1010,8;742,1;20,5;15,7;21,1;20,5;16,5;15,4;76;71;74;153;5,1;2,4;
2026/07/30;2100 UTC;0;1011,1;1011,2;1010,8;189,2;18,8;15,6;20,4;18,8;16,1;15,4;82;74;82;144;5,2;1,9;
2026/07/30;2200 UTC;0;1012,2;1012,2;1011,1;,1;17,9;16;18,8;17,9;16;15,5;89;82;89;173;4,6;,8;
2026/07/30;2300 UTC;0;1012;1012,7;1012;0;17,7;15,7;18,2;17,7;16,1;15,4;89;84;88;154;3,8;1,4;
2026/07/31;0000 UTC;0;1011,9;1012,2;1011,7;0;16,6;15,7;17,9;16,6;15,8;15;94;83;94;231;4,5;,4;
2026/07/31;0100 UTC;0;1011,6;1012;1011,4;0;15,7;15,3;16,6;15,7;15,6;15,3;97;93;97;249;2,1;,4;
2026/07/31;0200 UTC;0;1011,7;1011,7;1011,1;0;15,6;15,4;15,8;15,6;15,4;15,2;98;97;98;271;1,6;,6;
2026/07/31;0300 UTC;0;1012,4;1012,5;1011,7;0;15,3;15,1;15,7;15,3;15,4;15;99;97;99;271;1,1;,6;
2026/07/31;0400 UTC;0;1011,9;1012,4;1011,8;0;15,1;15;15,5;15,1;15,3;15;100;98;100;271;1,1;,6;
2026/07/31;0500 UTC;0;1011,6;1011,9;1011,6;0;14,9;14,8;15,2;14,9;15,1;14,8;100;99;99;271;1,1;,6;
2026/07/31;0600 UTC;0;1010,9;1011,6;1010,9;0;14,7;14,7;14,9;14,7;14,8;14,7;100;99;100;271;1,1;,6;
2026/07/31;0700 UTC;0;1010,3;1010,9;1010,3;0;14,4;14,4;14,7;14,4;14,7;14,4;100;100;100;271;1,1;,6;
2026/07/31;0800 UTC;0;1010,1;1010,3;1010,1;0;14,2;14,2;14,4;14,1;14,4;14,1;100;100;100;271;1,1;,6;
2026/07/31;0900 UTC;0;1010,5;1010,5;1010;0;13,9;13,9;14,1;13,9;14,1;13,9;100;100;100;271;1,1;,6;
2026/07/31;1000 UTC;0;1010,9;1010,9;1010,5;0;13,9;13,9;14,1;13,9;14,1;13,9;100;100;100;271;1,1;,6;
2026/07/31;1100 UTC;0;1011,3;1011,4;1010,9;36,5;14,2;14,2;14,2;13,9;14,2;13,9;100;100;100;271;1,1;,6;
2026/07/31;1200 UTC;0;1011,4;1011,5;1011,2;678,1;18,7;16,5;18,7;14,2;16,7;14,2;100;87;87;307;3,4;2,1;
2026/07/31;1300 UTC;0;1011,6;1011,6;1011,3;1292;21,4;17;21,4;18,8;17,3;16,4;87;76;76;292;5,7;4,5;
2026/07/31;1400 UTC;0;1011,1;1011,6;1011,1;1827;24,1;17,7;24,1;21,5;18,2;16,7;76;67;67;299;5,5;3,6;
2026/07/31;1500 UTC;0;1010,1;1011,1;1010,1;2218,7;26,1;18,6;26,1;24;18,7;17,3;69;62;64;307;5,8;2,4;
2026/07/31;1600 UTC;0;1009,1;1010,1;1009,1;2380,9;27,3;18,2;27,3;26,1;19,3;17,3;65;55;58;12;6,3;3,1;
2026/07/31;1700 UTC;0;1008;1009,1;1008;2296,2;28;17,5;28,1;27,3;19;17,3;59;52;53;12;6,6;4,1;
2026/07/31;1800 UTC;0;1007,1;1007,9;1007,1;1993;28,4;18,4;28,4;28;18,9;17,5;57;53;55;6;6,6;3,9;
2026/07/31;1900 UTC;0;1006,6;1007,1;1006,6;1480,1;28,5;18,4;28,7;28,3;19;17,6;56;52;54;349;6,8;3,8;
2026/07/31;2000 UTC;0;1006,3;1006,6;1006,2;837,2;27,7;18,7;28,5;27,7;19,4;18,3;60;54;58;349;7,9;2,6;
2026/07/31;2100 UTC;0;1006,2;1006,3;1006,2;201,7;24,2;20,5;27,8;24,2;20,9;18,6;80;58;80;335;4,3;1,1;
2026/07/31;2200 UTC;0;1006,1;1006,2;1006;0;24;19,4;24,4;22,1;20,6;19,1;88;73;76;283;2,9;1,5;
2026/07/31;2300 UTC;0;1006,4;1006,5;1006,1;0;21,2;19,4;24;21,2;19,9;19,1;90;76;90;319;3;1,1;
2026/08/01;0000 UTC;0;1006,3;1006,4;1006,2;0;25,8;17,9;25,9;21,1;19,5;17,9;89;62;62;267;2,5;2,1;
2026/08/01;0100 UTC;0;1006,2;1006,4;1006,1;0;26,2;17,6;26,4;26;18,2;17,6;61;59;59;0;0;0;
2026/08/01;0200 UTC;0;1005,5;1006,2;1005,5;0;26;17,1;26,5;26;17,8;16,8;60;56;58;0;0;0;
2026/08/01;0300 UTC;0;1005,6;1005,6;1005,3;0;26,2;15,5;26,5;26;17;15,4;57;52;52;0;0;0;
2026/08/01;0400 UTC;0;1004,7;1005,6;1004,7;0;25,8;15,1;26,2;25,7;15,7;14,9;53;51;52;0;0;0;
2026/08/01;0500 UTC;0;1004,7;1005,1;1004,6;0;25;15,1;25,7;24;15,6;14,6;58;51;54;0;0;0;
2026/08/01;0600 UTC;0;1004,3;1004,8;1004,1;0;24,2;14,9;25;22,9;15,3;14,3;61;52;56;0;0;0;
2026/08/01;0700 UTC;0;1003;1004,2;1003;0;24,5;14,4;25;24;14,8;14,2;55;52;53;0;0;0;
2026/08/01;0800 UTC;0;1002,1;1003,1;1002;0;25,7;14,1;25,8;24,4;14,5;13,7;54;48;49;0;0;0;
2026/08/01;0900 UTC;,2;1002,4;1002,6;1001,9;0;25,1;14,1;25,6;25,1;14,3;13,7;51;48;51;7;20,3;12,1;
2026/08/01;1000 UTC;0;1003,2;1003,2;1002,3;0;25,3;13,6;25,7;24,8;14,1;13,6;51;47;48;7;19,3;12,1;
2026/08/01;1100 UTC;0;1002,9;1003,4;1002,5;38,3;25;13,5;25,4;24,4;13,8;13,2;51;48;49;7;19,3;12,1;
2026/08/01;1200 UTC;0;1003;1003,3;1002,6;588,7;25,7;13,2;25,7;22,8;14,1;13;58;46;46;318;19,3;5;
2026/08/01;1300 UTC;0;1003,7;1003,8;1003;1282,4;26,1;14,4;26,2;24,3;14,7;13;53;46;49;308;10,7;3,9;
2026/08/01;1400 UTC;0;1002,2;1003,8;1002,2;1828,9;27,1;14,9;27,1;25,8;14,9;13,9;51;46;47;0;17,1;9,6;
2026/08/01;1500 UTC;0;1000,7;1002,2;1000,5;2235,4;28,1;15,7;28,2;27;16;14,6;49;46;47;15;21,2;12,1;
2026/08/01;1600 UTC;0;999,9;1000,8;999,7;2233,9;29,2;17;29,4;28,2;17,3;15,5;49;46;48;12;19,7;10,7;
2026/08/01;1700 UTC;0;1001,9;1002;999,7;951;25,8;17,4;30;25,8;18;16,7;62;45;60;291;14,9;3;
2026/08/01;1800 UTC;0;1003,6;1003,7;1001,9;850,8;22,8;17;26,2;22,8;18;17;70;59;70;289;12,2;7;
2026/08/01;1900 UTC;0;1005,2;1005,3;1003,7;227,7;19,1;16,1;22,7;19,1;17;16;83;70;83;288;12,2;5,3;
2026/08/01;2000 UTC;,2;1006,5;1006,6;1005,2;76,2;18,1;15,6;19,1;18,1;16,5;15,6;90;83;85;257;7,9;1,6;
2026/08/01;2100 UTC;6;1007,3;1007,9;1006,5;3,4;16,4;15,4;18,1;16,4;16,2;14,9;95;86;94;100;8,9;1,3;
2026/08/01;2200 UTC;1,4;1007,2;1007,5;1004,6;0;16,3;15,2;16,7;16,1;15,7;14,6;97;88;93;222;6,5;2,3;
2026/08/01;2300 UTC;0;1007,5;1007,5;1006,5;0;16;15,4;16,4;16;15,7;15,2;97;94;96;341;4;1,3;
2026/08/02;0000 UTC;0;1008,8;1009;1007,6;0;15,9;15,4;16;15,7;15,5;15;97;95;97;296;3,5;2,2;
2026/08/02;0100 UTC;0;1009,3;1009,4;1008,9;0;15,7;15,1;15,9;15,7;15,4;15;97;95;96;311;3;1,2;
2026/08/02;0200 UTC;0;1009,7;1009,7;1009,3;0;15,6;15;15,8;15,6;15,1;14,7;97;94;97;303;4,6;3,3;
2026/08/02;0300 UTC;0;1010,6;1010,6;1009,7;0;15,8;15;15,8;15,6;15,3;14,9;97;95;95;220;4,5;1,2;
2026/08/02;0400 UTC;0;1010,8;1010,9;1010,5;0;15,8;15,1;15,9;15,7;15,2;14,7;97;93;96;125;2,7;,5;
2026/08/02;0500 UTC;0;1010,7;1010,8;1010,7;0;14,4;14,2;15,9;14,4;15;14,2;99;94;99;13;1,9;,8;
2026/08/02;0600 UTC;0;1011;1011;1010,7;0;14,6;14,6;14,6;14,1;14,6;14;100;99;100;99;1,2;,4;
2026/08/02;0700 UTC;0;1010,4;1011;1010,4;0;15,2;15,1;15,2;14,6;15,1;14,6;100;99;99;2;1,2;,7;
2026/08/02;0800 UTC;0;1010,5;1010,7;1010,4;0;15,5;15,2;15,5;15,2;15,2;15;99;98;98;298;1,6;,3;
2026/08/02;0900 UTC;0;1010,8;1010,8;1010,4;0;15,5;15,4;15,5;15,5;15,4;15,2;99;98;99;286;1;,6;
2026/08/02;1000 UTC;0;1011,2;1011,2;1010,8;0;15,5;15,2;15,5;15,5;15,4;15,1;99;97;98;292;1,8;1,2;
2026/08/02;1100 UTC;0;1011,8;1011,8;1011,3;28,2;15,6;15;15,6;15,5;15,2;15;98;96;96;236;1,3;,6;
2026/08/02;1200 UTC;0;1011,8;1011,9;1011,5;197,6;16,1;15,2;16,1;15,6;15,3;15;96;94;95;347;1,3;,4;
2026/08/02;1300 UTC;0;1012,2;1012,3;1011,8;613,8;17,8;13,8;17,8;16,1;15,2;13,4;95;76;77;306;5;1;
2026/08/02;1400 UTC;0;1012,1;1012,5;1012,1;876,3;18,6;15,7;18,6;17,9;16;13,5;87;76;83;167;4;2,2;
2026/08/02;1500 UTC;0;1012,1;1012,3;1012,1;1835,4;19,6;15,7;19,8;18,5;16,1;14,5;85;75;78;149;4;1,9;
2026/08/02;1600 UTC;0;1011,5;1012,1;1011,5;2449;20,3;15,7;20,8;19,6;16,3;15;79;71;75;158;4,4;2,2;
2026/08/02;1700 UTC;0;1010,4;1011,4;1010,4;1870,1;21;15,6;21;20;16,6;15,2;79;70;71;159;5;2,6;
2026/08/02;1800 UTC;0;1009,6;1010,3;1009,6;1421,1;21,1;16;21,1;20,6;16,5;15,2;76;70;73;151;4,5;1,4;
2026/08/02;1900 UTC;0;1009,3;1009,6;1009,3;1421;21,5;16,3;21,9;21,1;16,8;15,5;74;68;73;126;2,8;1,4;
2026/08/02;2000 UTC;0;1009,2;1009,3;1009,1;792,8;21;16,9;22;21;17,3;16;79;70;77;152;4,1;1,5;
2026/08/02;2100 UTC;0;1009,4;1009,4;1009,1;147,7;19,4;17,2;21;19,4;17,6;16,7;87;77;87;163;3,2;1,3;
2026/08/02;2200 UTC;0;1010;1010;1009,4;,1;17,6;17;19,3;17,6;17,6;17;97;87;96;63;1,6;,6;
2026/08/02;2300 UTC;0;1010;1010;1009,9;0;16,8;16,5;17,6;16,8;17;16,5;98;95;98;38;1,8;1;
2026/08/03;0000 UTC;0;1010,8;1010,8;1010;0;16,2;16;16,8;16,2;16,6;16;99;98;99;73;1,7;,6;
2026/08/03;0100 UTC;0;1010,8;1011;1010,8;0;16,2;16,1;16,4;16,2;16,3;16;100;99;99;47;1,5;,9;
2026/08/03;0200 UTC;0;1010,6;1010,9;1010,5;0;16,2;16;16,3;16,1;16,2;16;100;99;99;334;1,8;,7;
2026/08/03;0300 UTC;0;1010,5;1010,7;1010,5;0;15,8;15,8;16,2;15,8;16,1;15,7;100;99;100;59;1,4;,6;
2026/08/03;0400 UTC;0;1010,2;1010,6;1010,2;0;16,3;16,3;16,3;15,8;16,3;15,8;100;100;100;348;1,3;,2;
2026/08/03;0500 UTC;0;1009,8;1010,3;1009,8;0;16,4;16,1;16,4;16,3;16,3;16;100;98;98;268;1,4;,8;
2026/08/03;0600 UTC;0;1009,8;1009,8;1009,6;0;16,4;16;16,5;16,3;16,1;15,9;98;97;98;203;1,6;,6;
2026/08/03;0700 UTC;0;1009,9;1010,1;1009,8;0;16,2;16;16,4;16,1;16,1;15,8;99;97;99;113;3;,9;
2026/08/03;0800 UTC;0;1009,8;1009,9;1009,8;0;16,2;16,1;16,2;16,1;16,1;16;100;99;99;39;1,5;,7;
2026/08/03;0900 UTC;0;1010;1010,1;1009,7;0;16,1;16;16,2;16,1;16,1;16;100;99;99;315;1,3;,8;
2026/08/03;1000 UTC;0;1010,6;1010,6;1010;0;16,2;16;16,2;16,1;16,1;15,9;99;98;99;342;1,9;1,2;
2026/08/03;1100 UTC;0;1010,6;1010,7;1010,5;20,7;16,1;15,9;16,2;16;16;15,8;99;98;99;342;2,1;1;
2026/08/03;1200 UTC;0;1011,2;1011,2;1010,6;145,4;16,3;15,9;16,3;16;16;15,9;100;97;97;32;1,8;,2;
2026/08/03;1300 UTC;0;1011,1;1011,3;1011;268,5;16,6;16,1;16,6;16,3;16,2;15,8;98;97;97;350;1,8;,7;
2026/08/03;1400 UTC;0;1010,2;1011,1;1010,2;762,9;17,8;16,4;17,8;16,7;16,7;16;97;91;91;284;3,3;1,8;
2026/08/03;1500 UTC;0;1009,7;1010,1;1009,6;1654,1;20,6;17,6;20,6;17,8;18,1;16,3;92;83;83;294;3,2;2,1;
2026/08/03;1600 UTC;0;1009,1;1009,8;1009,1;1225,5;22,1;18,3;22,2;20,6;18,8;17,5;84;77;79;244;3,6;1;
2026/08/03;1700 UTC;0;1008,8;1009,1;1008,5;983,4;23,1;19,2;23,1;22,1;19,7;18,3;82;78;79;36;1,6;,5;
2026/08/03;1800 UTC;0;1008;1009;1008;762,7;22,5;19,6;23,3;22,1;20,3;19,2;89;78;84;177;4,3;1,4;
2026/08/03;1900 UTC;0;1007,5;1008,1;1007,5;741,5;22,5;20,1;22,5;22,2;20,2;19,4;87;82;86;190;2,9;1,1;
2026/08/03;2000 UTC;0;1008,4;1008,4;1007,5;422,6;21,6;19,7;22,5;21,6;20,1;19,5;90;85;89;135;3,3;1,1;
2026/08/03;2100 UTC;0;1008;1008,6;1008;95,2;24,4;18;24,4;21,4;19,9;17,6;92;67;68;333;8;4,9;
2026/08/03;2200 UTC;0;1008,1;1008,1;1007,7;0;22,4;18,1;24,4;22,3;18,5;17,3;78;66;77;277;7,9;3,1;
2026/08/03;2300 UTC;0;1007,6;1008,1;1007,2;0;24;17,7;24,1;22,1;18,4;17,4;79;67;68;345;10,2;5;
2026/08/04;0000 UTC;0;1008,3;1008,4;1007,6;0;22,2;17,3;24;21,9;18,1;16,9;77;67;74;283;8,8;1,6;
2026/08/04;0100 UTC;0;1007,5;1008,3;1007,5;0;20,3;17,3;22;19,8;17,8;17,2;87;76;83;309;3;1,4;
2026/08/04;0200 UTC;0;1007,8;1008;1007,6;0;20,9;17,2;20,9;19,9;17,4;17,1;85;79;79;305;5;3,4;
2026/08/04;0300 UTC;0;1007,8;1008;1007,7;0;20,5;17,1;21,1;20,3;17,3;17;82;78;81;312;5,5;3,7;
2026/08/04;0400 UTC;0;1007,4;1007,8;1006,8;0;19,8;17;20,8;19,8;17,2;17;84;80;84;298;6,4;4,3;
2026/08/04;0500 UTC;0;1007,1;1007,5;1006,9;0;19,3;16,9;20,4;18,8;17,1;16,8;89;81;86;292;6,6;4,3;
2026/08/04;0600 UTC;0;1007,9;1007,9;1007;0;18,9;17,2;19,9;18,9;17,3;16,8;90;82;90;356;5,7;1,3;
2026/08/04;0700 UTC;0;1007,6;1008,1;1007,1;0;19;16,8;19,9;18,7;17,3;16,6;91;82;87;291;4,9;3,4;
2026/08/04;0800 UTC;0;1008,5;1008,7;1007,6;0;19,3;16,7;19,4;19;16,9;16,6;87;84;85;316;6,7;3,9;
2026/08/04;0900 UTC;0;1008,8;1008,8;1008,5;0;20,1;16,6;20,1;19,1;16,8;16,2;86;80;80;295;5,6;3,3;
2026/08/04;1000 UTC;0;1009,3;1009,3;1008,8;0;19,2;16,9;20,2;19,1;16,9;16,7;87;81;86;298;5,6;3,2;
2026/08/04;1100 UTC;0;1010,7;1010,7;1009,3;82,2;18,9;16,9;19,1;18,6;17,4;16,8;92;86;88;121;4,2;,6;
2026/08/04;1200 UTC;0;1011,2;1011,2;1010,7;283,8;20,2;17,1;20,2;18,9;18;16,9;90;82;82;66;2,3;,5;
2026/08/04;1300 UTC;0;1011,4;1011,4;1011,2;557;20,6;18,1;20,6;20,1;18,3;17,2;88;82;86;150;3,2;1,7;
2026/08/04;1400 UTC;0;1010,4;1011,4;1010,4;783,8;21,3;18;21,3;20,6;18,5;17,5;87;81;81;53;3,6;,8;
2026/08/04;1500 UTC;0;1009,8;1010,6;1009,8;673,1;22,1;18,4;22,1;21,3;18,6;17,8;83;79;80;298;2,2;1;
2026/08/04;1600 UTC;0;1008,7;1009,7;1008,7;1045,2;22,7;18,9;22,9;22;19,3;18;81;78;79;296;5,3;3,6;
2026/08/04;1700 UTC;0;1007,5;1008,7;1007,5;1200,3;23,9;19;23,9;22,8;19,1;18,3;79;71;74;286;5,5;3,1;
2026/08/04;1800 UTC;0;1006,9;1007,5;1006,9;1622,6;25,7;18;26,1;23,8;19,5;17,8;75;62;62;347;5,6;2,8;
2026/08/04;1900 UTC;0;1006,6;1006,9;1006,6;816,9;25,3;19,6;25,7;25,1;19,9;18,1;72;63;71;328;4,7;1,3;
2026/08/04;2000 UTC;0;1007;1007;1006,6;526,4;25,2;18;25,5;25,1;19,6;17,7;71;63;64;16;3,6;1;
2026/08/04;2100 UTC;0;1007,3;1007,3;1007;146,5;21,7;19,7;25,2;21,7;20,6;17,3;89;62;89;19;2,2;1,4;
2026/08/04;2200 UTC;0;1007,5;1007,6;1007,3;0;20,5;19,3;21,6;20,5;19,9;19,2;93;87;93;57;2,2;,7;
2026/08/04;2300 UTC;0;1007,9;1007,9;1007,5;0;20,1;18,8;20,5;20,1;19,4;18,8;95;92;92;299;1,4;,9;
2026/08/05;0000 UTC;0;1008;1008,1;1007,9;0;19,6;19;20,2;19,6;19;18,8;96;92;96;354;1,5;,6;
2026/08/05;0100 UTC;0;1007,9;1008,1;1007,9;0;19,1;18,8;19,6;19,1;19;18,7;98;96;98;18;1,2;,4;
2026/08/05;0200 UTC;0;1008;1008;1007,8;0;19,5;19,1;19,5;18,9;19,1;18,6;99;97;98;116;1,8;,7;
2026/08/05;0300 UTC;0;1007,8;1008,1;1007,8;0;19;18,6;19,6;19;19,1;18,6;98;96;97;336;1,8;1,2;
2026/08/05;0400 UTC;0;1007,9;1008;1007,8;0;18,8;18,6;19;18,7;18,6;18,5;99;97;99;338;1,8;,6;
2026/08/05;0500 UTC;0;1007,4;1007,9;1007,4;0;18,6;18,5;18,8;18,5;18,7;18,5;100;99;100;286;1,3;,6;
2026/08/05;0600 UTC;0;1006,9;1007,4;1006,9;0;18,3;18,3;18,6;18,3;18,5;18,3;100;100;100;309;1,4;,3;
2026/08/05;0700 UTC;0;1006,5;1007;1006,5;0;18,4;18,4;18,5;18,3;18,5;18,3;100;100;100;255;1,6;,5;
2026/08/05;0800 UTC;,2;1005,9;1006,5;1005,9;0;18,2;18,2;18,4;18,2;18,4;18,2;100;100;100;308;1,1;,5;
2026/08/05;0900 UTC;0;1005,9;1005,9;1005,7;0;18,3;18,3;18,3;18,2;18,3;18,2;100;100;100;351;1;,3;
2026/08/05;1000 UTC;0;1006,6;1006,6;1006;0;18,2;18,2;18,3;18,2;18,3;18,2;100;100;100;315;1,6;,3;
2026/08/05;1100 UTC;0;1007,4;1007,4;1006,6;22,5;18,1;18,1;18,3;18,1;18,3;18,1;100;100;100;295;1,8;1;
2026/08/05;1200 UTC;0;1007,4;1007,5;1007,2;235,6;18,5;18,5;18,5;18,1;18,5;18,1;100;100;100;59;1,8;,5;
2026/08/05;1300 UTC;0;1008,1;1008,1;1007,4;674,1;19,3;19,2;19,3;18,4;19,2;18,4;100;99;99;209;1,6;,5;
2026/08/05;1400 UTC;0;1007,7;1008,1;1007,7;1054,5;22;19,7;22;19,3;20;18,8;99;87;87;227;1,6;,5;
2026/08/05;1500 UTC;0;1007,3;1007,8;1007,3;1523,7;22,7;20;22,7;21,7;20,5;19,5;90;83;85;122;2,9;1,1;
2026/08/05;1600 UTC;0;1006,1;1007,3;1006,1;2010,6;25,4;18,8;25,6;22,8;20,6;18;87;65;67;297;6,4;2,9;
2026/08/05;1700 UTC;0;1004,9;1006,1;1004,9;2332,6;26;18,4;26;25,4;19,3;17,9;68;62;63;311;5,8;3,4;
2026/08/05;1800 UTC;0;1004,5;1004,9;1004,5;1680,8;25,4;18,9;26,1;25,2;19,3;17,8;70;61;67;285;6,6;2,8;
2026/08/05;1900 UTC;0;1004;1004,4;1003,9;1495,1;26;18,3;26,3;25,5;19,5;17,7;68;60;63;16;5,3;2,4;
2026/08/05;2000 UTC;0;1003,7;1004;1003,7;758,7;25,9;18,1;26,5;25,4;18,5;17,6;65;59;62;354;4,2;1,7;
2026/08/05;2100 UTC;0;1003,7;1003,8;1003,6;217,6;22,4;19,7;25,9;22,4;20;18,1;86;62;85;22;3,3;1,8;
2026/08/05;2200 UTC;0;1004,2;1004,3;1003,8;,3;20,7;19,2;22,5;20,7;19,9;18,8;91;80;91;250;3,3;,5;
2026/08/05;2300 UTC;0;1004,4;1004,4;1004,1;0;20,3;18,6;20,7;20;19,3;18,4;94;89;90;305;2,4;1,7;
2026/08/06;0000 UTC;0;1004,1;1004,4;1004,1;0;19,8;18,7;20,3;19,7;18,8;18,6;94;90;93;298;3,7;1,6;
2026/08/06;0100 UTC;0;1004,3;1004,3;1003,9;0;19,2;18,4;19,8;19,2;18,6;18,4;95;92;95;295;5,3;2,5;
2026/08/06;0200 UTC;0;1003,6;1004,2;1003,5;0;19,7;18,1;20,2;19,1;18,4;18;95;88;90;257;4,8;,8;
2026/08/06;0300 UTC;0;1003,7;1003,8;1003,5;0;18,4;17,9;19,7;18,4;18,2;17,8;98;91;97;350;2,6;1,3;
2026/08/06;0400 UTC;0;1003,5;1003,7;1003,4;0;20;18,2;20,9;18,4;18,3;17,9;97;84;90;288;5,8;3,8;
2026/08/06;0500 UTC;0;1002,9;1003,5;1002,9;0;19,2;18;19,9;19;18,2;17,9;94;90;93;321;4,1;3;
2026/08/06;0600 UTC;0;1001,9;1002,9;1001,9;0;19;17,8;19,6;19;18;17,8;93;90;93;294;4,8;2,3;
2026/08/06;0700 UTC;0;1001;1001,8;1001;0;18,3;17,6;19;18,3;17,8;17,5;96;93;96;335;2,7;,6;
2026/08/06;0800 UTC;0;1000,7;1001;1000,6;0;18,7;17,4;19;18,3;17,6;17,4;96;92;92;325;5,7;2,2;
2026/08/06;0900 UTC;0;1001;1001;1000,6;0;18,1;17,2;18,9;18,1;17,5;17,2;95;91;95;58;5;,6;
2026/08/06;1000 UTC;0;1001,2;1001,2;1000,9;0;18,2;17,1;18,3;17,9;17,2;17;95;93;93;314;4;2,5;
2026/08/06;1100 UTC;0;1000,8;1001,3;1000,8;47,6;18,2;17,1;18,6;18,1;17,1;17;94;91;93;299;3,5;2,3;
2026/08/06;1200 UTC;0;1000,7;1000,9;1000,7;692,7;20,2;17,5;20,2;18;17,6;17;94;84;85;303;5,9;3,7;
2026/08/06;1300 UTC;0;1000,6;1000,8;1000,4;1193,6;22;18;22;20;18,4;17,4;86;78;78;293;6,7;5,1;
2026/08/06;1400 UTC;0;1000;1000,7;1000;1493,7;23,5;19;23,8;22;19,1;18;80;75;76;302;7,2;4,3;
2026/08/06;1500 UTC;0;998,7;1000;998,6;2038,3;26,1;19,5;26,1;23,5;20;18,8;77;65;67;294;7,1;3,8;
2026/08/06;1600 UTC;0;997,6;998,7;997,6;2099,7;26,5;19,9;27,1;26;20,5;19,2;69;65;67;340;10,5;4,5;
2026/08/06;1700 UTC;0;995,8;997,6;995,8;1593;26,9;19,6;27;26;20,6;19,1;71;62;64;349;10,5;4,7;
2026/08/06;1800 UTC;0;994,8;995,9;994,7;1542;27,4;19,1;27,5;26,5;19,9;18,3;65;59;61;340;11,8;4,2;
2026/08/06;1900 UTC;0;994,2;994,9;994,2;1007,1;26,5;18,1;27,7;26,5;19,6;17,9;62;57;60;348;16,4;6,2;
2026/08/06;2000 UTC;0;993,4;994,3;993,4;466,7;25,8;17,6;26,6;25,8;18,7;17,3;63;59;61;338;13,4;7,3;
2026/08/06;2100 UTC;0;993,5;993,5;992,8;59;22,7;17,6;25,7;22,7;17,7;16,9;73;60;73;344;16,5;9,1;
2026/08/06;2200 UTC;3,8;995,5;996,4;992,8;2,1;20,4;17,4;22,7;20,3;18,4;17,2;88;73;83;322;18,4;9,2;
2026/08/06;2300 UTC;14;999,4;999,7;996;2,6;17,2;15,8;20,4;17,1;18,6;15,5;94;86;91;327;18,4;4,5;
2026/08/07;0000 UTC;5,2;997,7;999,7;997,5;0;18,1;15,8;18,4;17,2;16,1;15,2;93;83;86;315;11,9;5,2;
2026/08/07;0100 UTC;0;998,7;998,7;997,4;0;18,8;15,8;19;18,1;15,9;15,1;86;79;83;312;9,5;5,6;
2026/08/07;0200 UTC;0;1000,2;1000,2;998,6;0;19;15,3;19,1;18,6;15,8;15,2;83;78;79;303;9,4;5,2;
2026/08/07;0300 UTC;0;1001;1001;1000,2;0;18,2;13,7;19,1;18,2;15,3;13,7;80;75;75;263;8,3;2,3;
2026/08/07;0400 UTC;0;1001,7;1001,8;1001;0;16,4;11,5;18,3;16,4;14,5;11,4;80;71;73;253;7;2,4;
2026/08/07;0500 UTC;0;1001,9;1002;1001,8;0;16,1;10,7;16,5;15,9;11,8;10,5;75;69;70;264;7,3;3,2;
2026/08/07;0600 UTC;0;1002,6;1002,6;1001,9;0;15;10,3;16,2;15;11,4;9,4;76;65;74;244;7,8;3,3;
2026/08/07;0700 UTC;0;1003;1003;1002,5;0;14,3;9,6;14,9;14,3;10,4;9,6;75;72;73;274;8,4;2,5;
2026/08/07;0800 UTC;0;1003,9;1003,9;1003;0;13,5;8,3;14,3;13,5;9,9;8,2;75;69;71;242;7,5;3,4;
2026/08/07;0900 UTC;0;1005,3;1005,3;1004;0;13,2;9,1;13,5;13,2;9,2;8,2;77;71;76;243;5;1,3;
2026/08/07;1000 UTC;0;1006,5;1006,5;1005,8;0;12,1;9,4;13;12,1;9,4;8,6;83;75;83;258;5,9;2,4;
2026/08/07;1100 UTC;0;1007,3;1007,3;1006,5;46,6;10,9;8,3;12,1;10,6;10;8;95;82;84;234;7,5;2,8;
2026/08/07;1200 UTC;0;1007,9;1008;1007,3;288,5;11,8;7,9;11,8;10,9;8,6;7,2;85;74;77;205;6,7;1,4;
2026/08/07;1300 UTC;0;1008,9;1008,9;1007,9;418,8;11,5;7,6;11,9;11,5;8,2;6,9;80;72;76;197;4,3;1,5;
2026/08/07;1400 UTC;0;1009,3;1009,6;1008,8;545,5;11,9;6,2;11,9;11,5;8;6,2;78;68;68;253;4,5;2;
2026/08/07;1500 UTC;0;1008,8;1009,2;1008,7;1339,9;12,8;6,3;12,8;11,7;6,7;5,4;69;63;65;244;4,8;1;
2026/08/07;1600 UTC;0;1008,2;1008,8;1008,2;1991,2;13,8;7,1;14,1;12,7;8,3;5,6;69;59;64;302;3,7;,9;
2026/08/07;1700 UTC;0;1007,5;1008,2;1007,5;1636,6;14,2;6,4;14,5;13,2;7,8;5,7;66;56;59;51;3,3;,7;
2026/08/07;1800 UTC;0;1006,8;1007,6;1006,8;2530;15,7;6;15,7;14,4;7,5;5,1;62;49;53;330;5,2;,9;
2026/08/07;1900 UTC;0;1006,3;1006,8;1006,3;1591,7;16,1;5,6;16,1;15,1;7,3;4,1;59;46;50;314;4,8;1;
2026/08/07;2000 UTC;0;1005,9;1006,3;1005,8;988,1;15,7;7,6;16,2;15,5;7,6;5,4;59;50;59;268;3,4;1,2;
2026/08/07;2100 UTC;0;1006;1006,3;1005,9;264,8;13,2;8,1;15,6;13,2;8,6;7;72;58;71;141;4,3;1,2;
2026/08/07;2200 UTC;0;1005,8;1006;1005,7;,3;11;9,2;13,1;11;9,4;7,6;88;69;88;16;1,8;,9;
2026/08/07;2300 UTC;0;1005,7;1005,9;1005,7;0;10,4;8,5;11;10,1;9,2;8,1;90;86;88;351;2,9;1,9;
2026/08/08;0000 UTC;0;1004,9;1005,8;1004,9;0;9,1;8,3;10,3;9,1;8,7;8,1;95;89;95;314;2,9;1,2;
2026/08/08;0100 UTC;0;1004,8;1005;1004,8;0;8,9;8,2;9,2;8,5;8,4;7,9;98;92;95;326;3,2;1,3;
2026/08/08;0200 UTC;0;1004,4;1004,9;1004,4;0;8,3;7,9;8,9;8,2;8,2;7,6;98;95;98;334;2,7;1;
2026/08/08;0300 UTC;0;1003,9;1004,5;1003,9;0;7,4;7,2;8,3;7,4;7,9;7,1;99;97;99;307;2;,9;
2026/08/08;0400 UTC;0;1003,4;1003,9;1003,4;0;7;6,9;7,3;7;7,3;6,8;100;99;99;339;1,8;1,2;
2026/08/08;0500 UTC;0;1002,3;1003,4;1002,3;0;6,6;6,6;6,9;6,6;6,8;6,6;100;99;100;327;1,3;,6;
2026/08/08;0600 UTC;0;1001,9;1002,3;1001,9;0;6,3;6,3;6,6;6,3;6,6;6,3;100;100;100;298;1,5;1,1;
2026/08/08;0700 UTC;0;1001,8;1002,1;1001,7;0;6,1;6,1;6,5;6,1;6,5;6,1;100;100;100;26;1,2;,7;
2026/08/08;0800 UTC;0;1001,8;1001,9;1001,5;0;6,4;6,4;6,4;5,9;6,4;5,9;100;100;100;179;1,3;,4;
2026/08/08;0900 UTC;0;1002,2;1002,2;1001,8;0;7,1;7,1;7,1;6,5;7,1;6,5;100;100;100;266;1,1;,6;
2026/08/08;1000 UTC;0;1001,7;1002,2;1001,6;0;7,8;7,4;7,8;7,1;7,4;7,1;100;97;97;283;2,7;1,8;
2026/08/08;1100 UTC;0;1002,2;1002,2;1001,6;21,8;8;7,4;8;7,7;7,8;7,2;98;96;96;45;2,8;,7;
2026/08/08;1200 UTC;0;1001,9;1002,2;1001,7;299,7;9,3;7,9;9,3;8;8,2;7,3;97;91;91;302;1,7;1,2;
2026/08/08;1300 UTC;0;1001,6;1001,9;1001,6;513,4;10;8,7;10;9,3;8,9;7,9;94;90;92;310;4,4;3;
2026/08/08;1400 UTC;0;1000,8;1001,9;1000,8;416,5;11,3;9,2;11,3;10;9,6;8,6;93;87;87;265;4,3;1,2;
2026/08/08;1500 UTC;0;1001,1;1001,5;1000,7;739,9;13,5;11,2;13,5;11,3;11,2;9,1;90;84;86;301;3,7;2,7;
2026/08/08;1600 UTC;0;1000,5;1001,3;1000,4;779,7;15,1;12,3;15,1;13,6;12,4;10,9;87;82;84;280;4,1;2,5;
2026/08/08;1700 UTC;0;999,3;1000,5;999,3;2294;18,4;11,9;18,4;15,2;13,4;11,9;84;66;66;297;4,7;2,2;
2026/08/08;1800 UTC;0;999,8;999,8;999,3;2233,1;18,5;12,6;19,1;17,9;13,9;11,6;75;63;69;155;5,4;2,6;
2026/08/08;1900 UTC;0;1000,8;1000,8;999,6;1678,9;18,9;9,8;19,7;18,5;13,7;6,6;73;43;56;246;5,5;2,9;
2026/08/08;2000 UTC;0;1002,5;1002,5;1000,7;1110,8;16,8;9,2;18,8;16,8;10,8;8,9;61;53;61;237;7;3;
2026/08/08;2100 UTC;0;1003,7;1003,7;1002,5;247;15,7;9,7;16,9;15,7;9,7;8,8;67;60;67;182;5,5;1,1;
2026/08/08;2200 UTC;0;1004,6;1004,7;1003,7;1,4;14,7;9,1;15,7;14,4;10,2;8,3;72;65;69;175;4,6;1,2;
2026/08/08;2300 UTC;0;1005,9;1005,9;1004,6;0;14;9,9;14,7;13,9;10,3;8,6;78;68;76;149;3,1;,6;
2026/08/09;0000 UTC;0;1006,8;1006,8;1005,8;0;11,9;10;14;11,9;11;9;90;73;88;340;2,1;1,2;
2026/08/09;0100 UTC;0;1007,4;1007,4;1006,7;0;10,6;9,2;11,9;10,6;10,1;9,2;93;87;91;353;3,3;1,7;
2026/08/09;0200 UTC;0;1008,3;1008,4;1007,4;0;10,2;8,9;11,1;9,8;9,2;8,7;94;87;92;322;3,8;2,3;
2026/08/09;0300 UTC;0;1009,3;1009,3;1008,3;0;9,6;8,9;10,1;9,4;9,2;8,8;96;92;96;313;3;1,9;
2026/08/09;0400 UTC;0;1008,8;1009,3;1008,8;0;8,9;8,4;9,5;8,9;8,8;8,3;97;95;96;308;3,3;1,8;
2026/08/09;0500 UTC;0;1009,4;1009,4;1008,6;0;8,4;8;9;8,3;8,4;7,9;98;96;97;333;2,7;1,7;
2026/08/09;0600 UTC;0;1009,2;1009,6;1009,2;0;8,1;7,9;8,5;7,9;8,1;7,6;99;96;99;77;2,7;1,1;
2026/08/09;0700 UTC;0;1011,6;1011,6;1009,2;0;8,8;8,2;8,8;8,1;8,3;7,8;99;96;96;302;2,5;1,7;
2026/08/09;0800 UTC;0;1011,9;1012,1;1011,5;0;8,2;8,1;8,8;8,1;8,4;7,8;99;95;99;108;2,4;1,1;
2026/08/09;0900 UTC;0;1012,6;1012,6;1011,8;0;9,1;6,1;9,6;8,2;8,2;6,1;99;81;82;134;4;2;
2026/08/09;1000 UTC;0;1013;1013,1;1012,6;0;8,9;5,7;9,1;8,8;6,7;5,7;87;81;81;129;4,6;2,2;
2026/08/09;1100 UTC;0;1013;;;43,2;8,9;5,7;;;;;;;81;130;3,5;1,8;
2026/08/09;1200 UTC;0;1013;;;799,4;8,9;5,7;;;;;;;81;157;4,6;2,7;
2026/08/09;1300 UTC;0;1013;;;1513,3;8,9;5,7;;;;;;;81;151;4,9;2,8;
2026/08/09;1400 UTC;0;1013;;;2147,9;8,9;5,7;;;;;;;81;161;5,4;3,1;
2026/08/09;1500 UTC;0;1013;;;2566,6;8,9;5,7;;;;;;;81;154;6,4;2,5;
2026/08/09;1600 UTC;0;1013;;;2690,3;8,9;5,7;;;;;;;81;158;5,1;2,2;
2026/08/09;1700 UTC;0;1013;;;2618,2;8,9;5,7;;;;;;;81;141;5;2;
2026/08/09;1800 UTC;0;1013;;;2289;8,9;5,7;;;;;;;81;162;4,8;2,6;
2026/08/09;1900 UTC;0;1013;;;1731,4;8,9;5,7;;;;;;;81;162;6,1;2,2;
2026/08/09;2000 UTC;0;1013;;;1020,5;8,9;5,7;;;;;;;81;175;6;2;
2026/08/09;2100 UTC;0;1013;;;291,1;8,9;5,7;;;;;;;81;169;4,7;1,2;
2026/08/09;2200 UTC;0;1013;;;,5;8,9;5,7;;;;;;;81;348;2;1,4;
2026/08/09;2300 UTC;0;1013;;;0;8,9;5,7;;;;;;;81;313;1,7;,9;
2026/08/10;0000 UTC;0;1013;;;0;8,9;5,7;;;;;;;81;359;2,6;,8;
2026/08/10;0100 UTC;0;1018,6;1018,6;1017,8;0;7,2;6,2;8;7,2;6,8;5,8;94;90;93;2;1,9;,4;
2026/08/10;0200 UTC;0;1019,3;1019,3;1018,6;0;6,5;6,2;7,2;6,5;6,3;5,8;98;91;98;346;1,2;,5;
2026/08/10;0300 UTC;0;1020,2;1020,2;1019,3;0;6,2;5,9;6,5;6,2;6,2;5,7;99;97;98;47;1,1;,5;
2026/08/10;0400 UTC;0;1020;1020,3;1020;0;6;5,6;6,2;6;5,9;5,5;99;96;97;290;1,5;,3;
2026/08/10;0500 UTC;0;1020,3;1020,3;1020,1;0;5,6;5;6;5,5;5,7;4,8;99;95;96;44;1,6;,7;
2026/08/10;0600 UTC;0;1021,1;1021,1;1020,3;0;5;4,7;5,6;5;5,1;4,6;98;96;98;26;1,2;,5;
2026/08/10;0700 UTC;0;1021,4;1021,5;1021,2;0;5;4,5;5,3;5;4,9;4,4;99;95;97;111;1,5;,4;
2026/08/10;0800 UTC;0;1022,1;1022,1;1021,4;0;5,4;4,2;5,5;4,8;5;4,2;99;92;92;136;2,2;,7;
2026/08/10;0900 UTC;0;1023,3;1023,3;1022,2;0;5,5;4,3;5,8;5,4;4,5;4;93;89;92;133;2,4;,5;
2026/08/10;1000 UTC;0;1024,3;1024,3;1023,3;0;6,9;3,5;6,9;5,2;4,4;3,3;94;78;78;120;3,1;1,6;
2026/08/10;1100 UTC;0;1024,8;1024,8;1024,3;57,6;7;3;7;6,7;3,6;2,9;80;75;75;131;2,7;1,6;
2026/08/10;1200 UTC;0;1025,6;1025,6;1024,8;642,1;8,7;3,3;8,8;6,7;4,3;3;82;69;69;159;4,4;2,2;
2026/08/10;1300 UTC;0;1025,9;1026;1025,6;1591,2;10,7;4,3;10,7;8,8;5,2;3,5;75;63;64;148;5,9;3,2;
2026/08/10;1400 UTC;0;1025,3;1025,9;1025,3;2162,3;12,2;4;12,2;10,6;4,6;3,1;66;57;57;148;7,8;4,2;
2026/08/10;1500 UTC;0;1024,3;1025,3;1024,3;2431,6;12,8;4,2;13,2;12;4,6;3;58;51;56;148;7,6;4,4;
2026/08/10;1600 UTC;0;1024,1;1024,5;1024;2494,7;13,9;5,1;14,4;13;5,8;3,5;59;51;55;149;8,5;3,7;
2026/08/10;1700 UTC;0;1023,1;1024,1;1022,9;2388,2;14,6;3,1;14,9;13,6;5,3;3,1;56;46;46;149;8;4,1;
2026/08/10;1800 UTC;0;1022,7;1023,2;1022,7;1879,3;14,7;5;15;14,4;5,6;3,2;55;45;52;153;7,1;3,5;
2026/08/10;1900 UTC;0;1022,3;1022,9;1022,3;1350,2;14,8;4,6;15,2;14,6;5,6;3,1;54;45;50;140;6,6;3,3;
2026/08/10;2000 UTC;0;1022,8;1022,8;1022,4;813,8;14,2;4,5;14,8;14,2;5,3;3,3;54;46;52;143;6,8;3;
2026/08/10;2100 UTC;0;1023,1;1023,1;1022,5;270,5;12,9;4,6;14,2;12,9;5,2;4,1;58;51;57;137;6;2,4;
2026/08/10;2200 UTC;0;1023,3;1023,5;1023,1;,4;9,7;7,3;12,8;9,7;7,5;4,5;86;57;85;32;3,7;,3;
2026/08/10;2300 UTC;0;1023,5;1023,6;1023,2;0;10,7;6,6;10,7;8,7;7,4;6,1;90;75;76;146;4,3;2,1;
2026/08/11;0000 UTC;0;1024;1024;1023,4;0;10,4;6,2;11;10,4;6,7;6,1;76;73;75;142;6,5;2,9;
2026/08/11;0100 UTC;0;1023,8;1024,1;1023,7;0;9,5;6,1;10,4;9,5;6,2;5,8;80;74;80;150;4,7;1,8;
2026/08/11;0200 UTC;0;1023,9;1024,1;1023,8;0;8,5;6;9,4;8,5;6,6;5,8;87;80;85;132;2,5;,5;
2026/08/11;0300 UTC;0;1024;1024,2;1023,9;0;7,7;5,9;8,5;7,4;6,5;5,9;92;85;88;102;2,4;,9;
2026/08/11;0400 UTC;0;1023,4;1024;1023,4;0;7,8;5,7;7,9;7,6;6,1;5,4;89;85;87;165;2,2;,8;
2026/08/11;0500 UTC;0;1023;1023,5;1023;0;6,6;5,9;7,8;6,6;6;5,4;95;86;95;162;2,1;,7;
2026/08/11;0600 UTC;0;1021,9;1023;1021,9;0;6,1;5,5;6,9;6,1;5,9;5,5;96;91;96;97;1,8;,8;
2026/08/11;0700 UTC;0;1021,6;1021,9;1021,6;0;7,1;5,5;7,2;6,1;5,8;5,3;96;88;90;158;2,9;1,7;
2026/08/11;0800 UTC;0;1021,1;1021,7;1021,1;0;7,1;5,8;7,3;7,1;5,8;5,5;91;89;91;165;2,7;1,6;
2026/08/11;0900 UTC;0;1021,1;1021,2;1020,9;0;7,1;5,8;7,1;7;6;5,7;93;91;92;161;3,8;2;
2026/08/11;1000 UTC;0;1021,6;1021,6;1021,1;0;6,9;5,7;7,1;6,9;6;5,7;93;92;92;165;3,6;1,9;
2026/08/11;1100 UTC;0;1021,6;1021,9;1021,5;75;7,2;6;7,2;6,7;6,1;5,7;95;92;92;167;2,8;1,6;
2026/08/11;1200 UTC;0;1021,9;1021,9;1021,6;488;8,2;6,4;8,3;7,2;6,4;5,9;93;86;89;153;3,3;2,1;
2026/08/11;1300 UTC;0;1021,6;1021,9;1021,6;967,1;9,8;6,7;9,8;8,2;7,1;6,1;90;81;81;142;4,1;1,7;
2026/08/11;1400 UTC;0;1021,7;1021,9;1021,6;921,9;11,6;7,3;11,6;9,8;8,4;6,7;84;74;75;145;3,4;1,9;
2026/08/11;1500 UTC;0;1020,8;1021,7;1020,8;898,6;12,8;8,7;12,8;11,6;9;7,3;78;73;76;154;4,4;2,7;
2026/08/11;1600 UTC;0;1020;1020,8;1020;818,8;12,8;8,8;13,1;12,7;9,2;8,3;80;74;76;162;7,2;3,3;
2026/08/11;1700 UTC;0;1019;1020;1019;550,3;13,1;9,1;13,1;12,9;9,2;8,7;78;75;76;159;6,8;3,2;
2026/08/11;1800 UTC;0;1018,4;1018,9;1018,3;475,9;13,2;9,3;13,2;13;9,7;8,7;80;75;78;160;5,8;2,8;
2026/08/11;1900 UTC;0;1018,3;1018,5;1018;215,6;13,1;9,3;13,2;13;9,6;8,7;79;75;78;140;5,1;1,5;
2026/08/11;2000 UTC;1,4;1018,1;1018,8;1018,1;33,6;11,7;10,8;13,1;11,7;11,3;9,1;96;76;94;81;3,4;1,4;
2026/08/11;2100 UTC;2,2;1017;1018;1017;17,6;11,6;10,8;11,7;11,4;11;10;96;90;95;79;3,8;,6;
2026/08/11;2200 UTC;1,6;1017,6;1017,8;1017,3;0;11,4;11,1;11,4;11,3;11,1;10,9;98;97;98;60;2;,7;
2026/08/11;2300 UTC;3;1017,8;1018,1;1017,7;0;11,2;11,2;11,4;11,2;11,2;11,1;100;99;100;100;1;,5;
2026/08/12;0000 UTC;0;1017,6;1018;1017,6;0;11,3;11,3;11,3;11,2;11,3;11,1;100;99;100;94;1;,6;
2026/08/12;0100 UTC;0;1017,2;1017,6;1017,1;0;11,5;11,4;11,5;11,4;11,4;11,3;100;99;99;141;2;,5;
2026/08/12;0200 UTC;0;1016,2;1017,2;1016,1;0;11,6;11,4;11,6;11,5;11,6;11,4;100;99;99;145;1,8;1,1;
2026/08/12;0300 UTC;0;1016,2;1016,3;1016;0;11,8;11,6;11,8;11,6;11,7;11,5;99;98;98;150;3,1;1,7;
2026/08/12;0400 UTC;1,2;1014,8;1016,2;1014,8;0;11,7;11,4;11,8;11,7;11,5;11,3;98;97;98;149;3,6;1,8;
2026/08/12;0500 UTC;6,2;1014,3;1015,6;1014;0;11,5;11,5;11,7;11,5;11,6;11,4;100;98;100;134;4;2;
2026/08/12;0600 UTC;2,2;1013,4;1014,2;1013,2;0;11,5;11,5;11,5;11,5;11,5;11,5;100;100;100;159;3,5;1,6;
2026/08/12;0700 UTC;2,4;1013,4;1013,5;1013;0;11,7;11,7;11,7;11,5;11,7;11,5;100;100;100;168;3,4;1,3;
2026/08/12;0800 UTC;6;1012,8;1013,5;1012,8;0;11,7;11,7;11,7;11,7;11,7;11,7;100;100;100;150;3,6;1,6;
2026/08/12;0900 UTC;2,2;1012,4;1012,8;1012;0;11,8;11,8;11,8;11,7;11,8;11,7;100;100;100;160;3,8;1,2;
2026/08/12;1000 UTC;4,6;1012,8;1012,8;1012,3;0;11,9;11,9;11,9;11,8;11,9;11,8;100;100;100;167;2,4;,8;
2026/08/12;1100 UTC;2;1012,6;1012,8;1012,2;6,3;12;12;12;11,9;12;11,9;100;100;100;188;2,4;,8;
2026/08/12;1200 UTC;1,6;1012,5;1012,8;1012,3;65,1;12,1;12,1;12,1;11,9;12,1;11,9;100;100;100;124;2,8;1;
2026/08/12;1300 UTC;4;1012,7;1012,8;1012,4;169,9;12,3;12,3;12,3;12,1;12,3;12,1;100;100;100;133;2,8;,8;
2026/08/12;1400 UTC;7,8;1012;1012,8;1012;204,6;12,4;12,4;12,4;12,3;12,4;12,2;100;100;100;193;1,8;,7;
2026/08/12;1500 UTC;4,2;1011,6;1012,3;1011,6;170,7;12,6;12,5;12,6;12,4;12,6;12,3;100;99;100;132;1,7;,7;
2026/08/12;1600 UTC;,2;1010,2;1011,5;1010,2;323,1;12,9;12,5;12,9;12,6;12,8;12,3;100;97;97;250;2,2;,6;
2026/08/12;1700 UTC;0;1009,1;1010,2;1009,1;210,8;13,2;12,7;13,2;13;12,8;12,4;98;96;97;288;1,8;,8;
2026/08/12;1800 UTC;0;1007,9;1009;1007,9;262,5;13,6;13;13,7;13,2;13,2;12,6;98;95;96;62;1,6;,6;
2026/08/12;1900 UTC;0;1007,7;1008;1007,6;211,7;13,9;13,2;13,9;13,6;13,3;12,9;97;94;95;34;1,4;,3;
2026/08/12;2000 UTC;0;1007,1;1007,7;1007,1;133,3;14,1;13,5;14,1;13,9;13,6;13,1;97;94;97;179;1,8;,3;
2026/08/12;2100 UTC;0;1007,4;1007,6;1007,1;30,8;13,8;13,6;14,1;13,8;13,7;13,4;99;96;99;120;1,4;,9;
2026/08/12;2200 UTC;,2;1007,9;1008;1007,4;0;13,7;13,5;13,8;13,7;13,6;13,5;99;98;99;138;2;1,4;
2026/08/12;2300 UTC;,4;1008,4;1008,4;1007,9;0;13,7;13,7;13,7;13,7;13,7;13,5;100;99;100;161;3,1;1,1;
2026/08/13;0000 UTC;0;1008,8;1008,8;1008,4;0;13,6;13,6;13,7;13,6;13,7;13,6;100;100;100;123;2;,5;
2026/08/13;0100 UTC;,4;1008,8;1008,9;1008,6;0;13,7;13,7;13,7;13,7;13,7;13,7;100;100;100;28;,8;,3;
2026/08/13;0200 UTC;1,6;1009,2;1009,3;1008,9;0;13,7;13,7;13,7;13,7;13,7;13,7;100;100;100;188;1,1;,4;
2026/08/13;0300 UTC;1;1009,4;1009,6;1009,2;0;13,7;13,7;13,7;13,7;13,7;13,7;100;100;100;129;1,6;1;
2026/08/13;0400 UTC;2,2;1008,7;1009,4;1008,7;0;13,7;13,7;13,7;13,7;13,7;13,7;100;100;100;153;2,8;1,6;
2026/08/13;0500 UTC;3,4;1009,1;1009,6;1008,7;0;13,7;13,7;13,8;13,7;13,8;13,7;100;100;100;153;2,7;1,3;
2026/08/13;0600 UTC;3,2;1008,7;1009,1;1008,4;0;13,8;13,8;13,8;13,7;13,8;13,7;100;100;100;142;2,4;1;
2026/08/13;0700 UTC;1,6;1008,8;1008,9;1008,3;0;13,9;13,9;13,9;13,8;13,9;13,8;100;100;100;165;3,1;1,5;
2026/08/13;0800 UTC;,6;1007,5;1008,7;1007,5;0;14;14;14;14;14;14;100;100;100;147;3,1;1,4;
2026/08/13;0900 UTC;1;1009,4;1009,4;1006,9;0;14,2;14,2;14,2;14;14,2;14;100;100;100;197;4,5;1,5;
2026/08/13;1000 UTC;2;1009,7;1009,7;1009,2;0;14,3;14,1;14,3;14,2;14,2;14,1;100;99;99;161;5;2,6;
2026/08/13;1100 UTC;,8;1010,4;1010,4;1009,4;7;14,2;14,2;14,3;14,2;14,2;14,1;100;99;100;170;3,8;2,2;
2026/08/13;1200 UTC;,2;1011,5;1011,5;1010,4;36,9;14,3;13,9;14,3;14,2;14,2;13,9;100;98;98;162;5,5;2,1;
2026/08/13;1300 UTC;0;1011,2;1011,5;1011;190,9;14,3;14;14,3;14,2;14;13,9;99;98;98;152;5;2,5;
2026/08/13;1400 UTC;0;1011,3;1011,5;1011,1;310,6;14,9;14,5;14,9;14,4;14,5;14;98;97;97;158;4,9;2;
2026/08/13;1500 UTC;0;1010,8;1011,4;1010,8;858,8;15,9;14,7;15,9;14,9;14,7;14,2;97;92;93;151;4,6;2,4;
2026/08/13;1600 UTC;0;1010,7;1011;1010,7;782,6;16,5;14,7;16,6;15,9;15,2;14,4;93;88;90;157;4,6;1,9;
2026/08/13;1700 UTC;0;1010,3;1010,7;1010,2;673,6;16,8;15;16,8;16,5;15,3;14,6;91;87;89;141;4,1;1,7;
2026/08/13;1800 UTC;0;1010,1;1010,4;1010;328,7;16,6;15,2;17;16,5;15,5;15;92;88;91;157;3,1;1,5;
2026/08/13;1900 UTC;0;1010,3;1010,3;1010,1;241,6;16;15,5;16,6;16;15,6;15,1;97;91;97;151;3,3;1,8;
2026/08/13;2000 UTC;0;1010,8;1010,8;1010,3;132,4;15,9;15,3;16;15,9;15,6;15,3;97;96;96;156;4,4;1,8;
2026/08/13;2100 UTC;0;1011,8;1011,8;1010,8;27,9;15;14,7;15,9;15;15,4;14,7;98;96;98;145;6,7;3,7;
2026/08/13;2200 UTC;0;1012,5;1012,5;1011,9;0;14,7;14,2;15;14,7;14,7;14,1;99;97;97;163;6,1;3,3;
2026/08/13;2300 UTC;0;1013,3;1013,3;1012,5;0;14,7;13,9;14,7;14,7;14,2;13,9;97;95;95;155;6,6;2,8;
2026/08/14;0000 UTC;0;1013,7;1013,7;1013,3;0;14,6;13,8;14,7;14,6;14,1;13,8;97;95;95;152;5,7;3,1;
2026/08/14;0100 UTC;0;1013,9;1013,9;1013,7;0;14,5;13,7;14,6;14,5;13,8;13,6;95;94;95;153;6;3,2;
2026/08/14;0200 UTC;0;1013,8;1014;1013,6;0;14;13,5;14,5;14;13,9;13,5;98;95;96;154;7,1;3;
2026/08/14;0300 UTC;0;1014,1;1014,1;1013,8;0;14;13,3;14,1;14;13,5;13,2;96;95;95;150;6;2,1;
2026/08/14;0400 UTC;,2;1014,3;1014,5;1014,1;0;13,9;13,3;14;13,9;13,4;13,3;96;95;96;154;4,4;1,8;
2026/08/14;0500 UTC;0;1013,6;1014,3;1013,6;0;13,5;13,1;13,9;13,5;13,4;13,1;98;96;98;154;5,4;2,6;
2026/08/14;0600 UTC;0;1013;1013,6;1013;0;13,3;13;13,5;13,3;13,1;13;98;97;98;157;5,2;1,9;
2026/08/14;0700 UTC;0;1013;1013;1012,7;0;13,2;12,8;13,3;13,2;13,1;12,8;99;98;98;154;4,2;1,7;
2026/08/14;0800 UTC;0;1013,4;1013,4;1012,9;0;13,3;12,9;13,3;13,2;12,9;12,8;98;97;97;171;3,2;1,5;
2026/08/14;0900 UTC;0;1013,3;1013,5;1013,3;0;13,3;12,8;13,3;13,3;13;12,8;98;97;97;165;3,1;1,7;
2026/08/14;1000 UTC;0;1014,1;1014,1;1013,3;0;13,2;12,9;13,3;13,2;12,9;12,7;98;96;98;171;3,1;1,2;
2026/08/14;1100 UTC;0;1014,4;1014,4;1014,2;31,5;13,5;13;13,5;13,2;13;12,9;98;97;97;165;3,1;1,5;
2026/08/14;1200 UTC;0;1014,9;1014,9;1014,9;460,2;14,2;13,4;14,2;14,1;13,5;13,2;95;94;95;167;2,8;1,6;
2026/08/14;1300 UTC;0;1015;1015,2;1014,9;741,5;15,1;13,6;15,1;14,2;13,8;13,3;95;90;91;150;4,3;2,4;
2026/08/14;1400 UTC;0;1014,8;1015,1;1014,8;680;16;14;16;15,1;14,2;13,4;92;88;88;164;5,2;2,9;
2026/08/14;1500 UTC;0;1014,4;1014,8;1014,4;622,7;16,4;14,1;16,4;15,7;14,4;13,9;91;86;86;155;4,8;2;
2026/08/14;1600 UTC;0;1013,9;1014,4;1013,8;560,9;16,6;14,3;16,7;16,4;14,7;13,9;90;85;86;159;4,9;2,5;
2026/08/14;1700 UTC;0;1013,2;1013,9;1013,2;379,5;16,7;14,4;16,7;16,5;14,5;14,1;87;85;86;152;5,2;1,7;
2026/08/14;1800 UTC;0;1012,4;1013,2;1012,4;434,9;17;14;17;16,7;14,4;13,5;86;80;82;125;4,2;2;
2026/08/14;1900 UTC;0;1012,5;1012,7;1012;240,1;16,9;13,9;17,1;16,9;14,4;13,6;85;80;82;69;4,2;,9;
2026/08/14;2000 UTC;0;1011,8;1012,7;1011,6;135;16,7;14,8;16,9;16,7;14,8;13,6;88;81;88;115;3,7;,6;
2026/08/14;2100 UTC;0;1011,8;1011,8;1011,1;28,1;16,4;14,8;16,7;16,3;15;14,6;92;88;90;235;2,1;,8;
2026/08/14;2200 UTC;0;1011,5;1011,9;1011,4;0;16;15,2;16,4;16;15,2;14,8;95;90;95;165;4;2,1;
2026/08/14;2300 UTC;0;1011,6;1011,7;1011,3;0;16;15,3;16,1;16;15,3;15,2;96;95;96;159;4,1;1,7;
2026/08/15;0000 UTC;0;1012,1;1012,1;1011,7;0;15,8;15,3;16;15,8;15,4;15,2;97;96;97;206;3,1;,8;
2026/08/15;0100 UTC;0;1012;1012,4;1012;0;15,8;15,2;15,8;15,8;15,3;15,2;97;96;96;135;3;1,6;
2026/08/15;0200 UTC;0;1012,4;1012,4;1012;0;15,8;15,2;15,9;15,8;15,3;15,1;97;95;96;223;2,8;,4;
2026/08/15;0300 UTC;0;1012,5;1012,7;1012,4;0;15,8;14,9;15,8;15,7;15,2;14,9;97;94;95;159;4,7;2,4;
2026/08/15;0400 UTC;0;1012,4;1012,5;1012,4;0;15,5;14,9;15,8;15,5;15;14,8;96;94;96;171;3,5;1,2;
2026/08/15;0500 UTC;0;1012,1;1012,5;1012,1;0;15,1;14,9;15,5;15,1;14,9;14,8;98;96;98;95;2,2;,4;
2026/08/15;0600 UTC;0;1011,9;1012,2;1011,8;0;15;14,8;15,1;15;14,9;14,8;99;98;98;174;1,1;,4;
2026/08/15;0700 UTC;0;1011,3;1011,9;1011,3;0;15;14,6;15;15;14,8;14,6;98;98;98;146;1,9;,8;
2026/08/15;0800 UTC;0;1010,8;1011,4;1010,8;0;15;14,7;15;15;14,7;14,6;98;98;98;45;1,4;,5;
2026/08/15;0900 UTC;0;1010,7;1010,8;1010,7;0;15;14,7;15;15;14,7;14,6;98;98;98;59;,9;,5;
2026/08/15;1000 UTC;0;1011,3;1011,4;1010,8;0;15;14,5;15;15;14,7;14,4;98;96;97;55;1,3;,6;
2026/08/15;1100 UTC;0;1011,5;1011,6;1011,3;37,7;15;14,7;15;14,9;14,7;14,5;98;97;98;39;1,3;1;
2026/08/15;1200 UTC;0;1011,8;1011,9;1011,5;193,6;15,5;14,9;15,5;15;14,9;14,5;98;95;96;17;1,7;1;
2026/08/15;1300 UTC;0;1011,6;1011,8;1011,5;744,8;16,2;15,1;16,5;15,5;15,3;14,7;96;90;93;289;2,6;1,2;
2026/08/15;1400 UTC;0;1011,3;1011,6;1011,3;1785,5;18,7;15,7;18,8;16,2;15,9;14,9;94;81;83;23;28,1;,7;
2026/08/15;1500 UTC;0;1010,7;1011,3;1010,7;2367,9;19,9;16,3;20;18,7;17,2;15,7;86;80;80;132;4,3;2,3;
2026/08/15;1600 UTC;0;1009,9;1011;1009,9;2116;21,2;17,3;21,3;19,9;17,6;16,1;83;76;78;152;4;1,9;
2026/08/15;1700 UTC;0;1008,8;1009,9;1008,8;1517,1;21,7;17,9;21,7;21,1;18;17,1;81;77;79;153;4,6;2;
2026/08/15;1800 UTC;0;1007,9;1008,7;1007,8;1219,7;22,1;17,9;22,2;21,8;18,4;17,3;80;74;77;161;4,3;2,2;
2026/08/15;1900 UTC;0;1007,5;1007,9;1007,5;627,4;22,4;18,9;22,4;22,2;19;18;81;77;81;121;3,6;1,1;
2026/08/15;2000 UTC;0;1007;1007,6;1007;249,7;22;19,1;22,4;22;19,2;18,3;84;78;83;112;2;,5;
2026/08/15;2100 UTC;0;1006,8;1007;1006,8;160,8;20,5;19,6;22;20,5;19,9;19,1;94;84;94;2;1,4;1;
2026/08/15;2200 UTC;0;1006,6;1006,9;1006,5;,4;19;18,5;20,5;19;19,6;18,5;97;95;97;353;1,7;,6;
2026/08/15;2300 UTC;0;1006,9;1006,9;1006,5;0;18,8;18,2;19;18,7;18,6;18,1;97;95;96;346;2,2;,8;
2026/08/16;0000 UTC;0;1006,9;1007,3;1006,8;0;18,6;18,1;18,8;18,2;18,2;17,9;98;96;97;332;2,6;,9;
2026/08/16;0100 UTC;0;1006,9;1007,1;1006,9;0;18,6;18,3;18,7;18,5;18,3;18,1;98;97;98;3;2,1;,6;
2026/08/16;0200 UTC;0;1006,9;1007,1;1006,8;0;18,4;18,2;18,7;18,4;18,3;18,2;99;98;99;260;1,2;,6;
2026/08/16;0300 UTC;0;1007,4;1007,4;1006,8;0;18,4;18,2;18,4;18,2;18,2;18,1;99;99;99;219;1,2;,6;
2026/08/16;0400 UTC;0;1007,2;1007,6;1007,1;0;18,4;18,2;18,5;18,3;18,3;18,2;100;99;99;299;2,4;1,7;
2026/08/16;0500 UTC;0;1006,6;1007,2;1006,5;0;19;18,4;19,3;18,4;18,5;18,2;99;95;96;272;4,8;2,4;
2026/08/16;0600 UTC;0;1005,7;1006,6;1005,7;0;21,1;18,8;21,3;19;18,9;18,4;96;86;86;318;5,3;2,3;
2026/08/16;0700 UTC;,2;1005,4;1005,9;1005,4;0;20,9;18,8;21,5;20,8;19,1;18,6;90;84;88;293;5,9;2,4;
2026/08/16;0800 UTC;0;1004,4;1005,7;1004,4;0;21,4;18,5;21,5;20,9;18,8;18,5;87;83;84;299;6,5;4;
2026/08/16;0900 UTC;0;1004,7;1004,8;1004,3;0;21,9;18,4;22,2;21,3;18,5;18,3;84;79;80;283;9,6;3,4;
2026/08/16;1000 UTC;0;1004;1004,7;1003,8;0;21,6;18,3;22;21,1;18,5;18,2;84;80;81;295;5,2;2,9;
2026/08/16;1100 UTC;0;1004,8;1004,8;1004;31,4;22,1;18,2;22,4;21,6;18,4;18;81;77;79;288;7,5;4,4;
2026/08/16;1200 UTC;0;1006,8;1006,8;1004,8;107,9;22,1;18,2;22,5;22;18,4;18;79;76;79;307;7;4,3;
2026/08/16;1300 UTC;0;1006,2;1007;1006,2;351,9;22,2;18,8;22,3;21,9;19,3;18,1;83;78;81;176;6;,8;
2026/08/16;1400 UTC;0;1005,9;1006,7;1005,8;319;21,7;19,5;22,2;21,5;19,5;18,6;87;80;87;163;3,1;1;
2026/08/16;1500 UTC;0;1006,5;1006,7;1006;540,2;20;18,6;22;20;19,7;18,5;92;84;91;160;5,2;3,1;
2026/08/16;1600 UTC;,8;1005,1;1006,5;1005,1;326,4;19,7;19,1;20,1;19,7;19,2;18,5;96;91;96;159;5,2;2,1;
2026/08/16;1700 UTC;,2;1005,1;1005,9;1005;560,9;20,4;19,8;20,4;19,7;19,8;19;97;93;96;175;4,9;1,2;
2026/08/16;1800 UTC;0;1004,7;1005,4;1004,7;804,4;21,2;19,4;21,2;20,3;19,8;19,1;96;88;89;131;4,7;,9;
2026/08/16;1900 UTC;0;1003,8;1004,6;1003,8;1297,9;22,9;19,8;23,2;21,1;20,1;19,3;92;80;83;170;2,6;,6;
2026/08/16;2000 UTC;0;1003,7;1003,8;1003,6;937,4;23,7;19,8;24;22,8;20,1;19,4;84;77;79;160;2,6;1,4;
2026/08/16;2100 UTC;0;1003,7;1003,8;1003,7;252,1;22,3;20;23,7;22,3;20,4;19,7;88;79;87;113;2,6;,9;
2026/08/16;2200 UTC;0;1003,8;1003,8;1003,6;1,8;20,3;19,8;22,2;20,3;20,4;19,8;97;87;97;56;1,5;1,1;
2026/08/16;2300 UTC;0;1004,2;1004,2;1003,8;0;19,5;19,2;20,2;19,5;19,8;19,2;99;97;99;56;1,2;1,1;
2026/08/17;0000 UTC;0;1004,4;1004,4;1004,1;0;18,9;18,8;19,4;18,8;19,2;18,7;99;98;99;293;1,6;1,3;
2026/08/17;0100 UTC;0;1004,4;1004,4;1004,2;0;19,3;19,2;19,3;18,5;19,2;18,3;100;99;100;277;2,8;1,5;
2026/08/17;0200 UTC;0;1004,5;1004,5;1004,3;0;18,9;18,6;19,3;18,8;19,2;18,5;100;98;99;351;2,2;,8;
2026/08/17;0300 UTC;0;1004,7;1004,8;1004,5;0;18;18;18,8;18;18,8;17,9;100;99;100;323;1,6;,5;
2026/08/17;0400 UTC;0;1004,9;1004,9;1004,6;0;18,3;18,3;18,5;17,9;18,5;17,9;100;100;100;1;2,4;1,5;
2026/08/17;0500 UTC;0;1005;1005,1;1004,8;0;18,7;18,5;19,1;18,4;19,1;18,4;100;99;99;344;2,8;1;
2026/08/17;0600 UTC;0;1004,6;1005;1004,6;0;20,3;19,3;20,3;18,7;19,3;18,5;100;94;94;320;3,9;1,4;
2026/08/17;0700 UTC;0;1004,1;1004,6;1004,1;0;21,7;19,2;21,8;20,5;19,3;19,1;92;85;86;291;6,2;3,3;
2026/08/17;0800 UTC;0;1003,7;1004,1;1003,6;0;22,2;18,9;22,7;21,6;19,2;18,8;86;79;82;290;6,4;3,9;
2026/08/17;0900 UTC;0;1003;1003,7;1003;0;22,4;18,4;22,7;22;18,9;18,3;82;77;78;308;5,9;3;
2026/08/17;1000 UTC;0;1003,3;1003,3;1003;0;22,8;18,2;23;22,4;18,4;18;78;74;75;334;5,8;2,1;
2026/08/17;1100 UTC;0;1003,9;1003,9;1003,2;101,8;23,5;18,1;23,5;22,7;18,3;17,9;76;72;72;285;7,4;4,2;
2026/08/17;1200 UTC;0;1004,9;1005,1;1004;570,8;24;18,5;24,3;23,5;18,7;18,1;72;69;71;276;7,6;4;
2026/08/17;1300 UTC;0;1005;1005,3;1004,9;1057;26;19;26,1;24;19,3;18,3;72;64;65;281;7,9;5,5;
2026/08/17;1400 UTC;0;1005,1;1005,2;1004,9;1864,8;27,8;19,5;28,1;26;20;18,8;67;58;61;284;9,4;5,7;
2026/08/17;1500 UTC;0;1004,9;1005,2;1004,9;1905,2;30,2;20,2;30,2;27,8;20,9;18,7;62;51;55;295;9,6;5,3;
2026/08/17;1600 UTC;0;1004,7;1005;1004,5;2155,3;31,2;19,5;31,3;30,1;20,8;18,1;57;47;50;299;11,1;4,7;
2026/08/17;1700 UTC;0;1004,5;1005,2;1004,5;1131,5;25,9;21,3;31,2;25,5;21,6;19,2;77;50;76;148;8;3,4;
2026/08/17;1800 UTC;0;1004,1;1004,6;1004,1;1882,6;26,6;21,5;27,4;26;22,5;21,3;77;73;74;163;7;4;
2026/08/17;1900 UTC;0;1004;1004,1;1003,9;1560,6;26,4;21,5;26,7;26;22,1;21,1;78;73;75;160;7,3;3;
2026/08/17;2000 UTC;0;1004,3;1004,3;1004;948,7;25,4;21,2;26,4;25,4;22,1;21,2;79;75;78;155;5,5;2,7;
2026/08/17;2100 UTC;0;1004,5;1004,5;1004,1;283,3;23,8;21;25,3;23,8;21,4;20,9;84;78;84;185;4,7;1,1;
2026/08/17;2200 UTC;0;1004,9;1005;1004,6;2,1;22,5;20,3;23,8;22,5;21;20,3;88;84;88;168;4;1,1;
2026/08/17;2300 UTC;0;1005,5;1005,5;1004,9;0;21,4;20,2;22,5;21,4;20,4;20,1;93;87;93;49;3,2;,7;
2026/08/18;0000 UTC;0;1005,4;1005,6;1005,4;0;20,3;19,8;21,4;20,3;20,2;19,8;97;93;97;5;1,6;1;
2026/08/18;0100 UTC;0;1005,2;1005,3;1005,1;0;19,7;19,5;20,2;19,7;19,8;19,4;99;97;98;321;2;,7;
2026/08/18;0200 UTC;0;1005,1;1005,2;1004,9;0;19,2;19;19,7;19,2;19,4;19;99;97;99;323;1,6;,7;
2026/08/18;0300 UTC;;;;;;;;;;;;;;;;;;
2026/08/18;0400 UTC;0;1005,4;1005,7;1005,4;0;18,8;18,8;19,2;18,8;19,1;18,8;100;99;100;335;1,7;1;
2026/08/18;0500 UTC;0;1005,2;1005,5;1005,1;0;19,4;19,4;19,4;18,8;19,4;18,7;100;100;100;1;2,8;1,6;
2026/08/18;0600 UTC;0;1005,7;1005,7;1005,2;0;19,5;19,3;19,7;19,5;19,5;19,2;100;98;99;214;2,9;,3;
2026/08/18;0700 UTC;0;1006,6;1006,7;1005,6;0;18,9;18,4;19,5;18,9;19,4;18,4;99;97;97;120;5,7;2,7;
2026/08/18;0800 UTC;0;1006,7;1006,8;1006,5;0;18,6;18,3;18,9;18,6;18,4;18,1;98;96;98;155;6;1,7;
2026/08/18;0900 UTC;0;1006,7;1006,8;1006,5;0;18,6;18,3;18,6;18,6;18,3;18,2;98;98;98;184;3,3;,7;
2026/08/18;1000 UTC;0;1007;1007,1;1006,6;0;18,7;18,3;18,7;18,6;18,4;18,2;98;97;98;313;2,8;,6;
2026/08/18;1100 UTC;0;1007,4;1007,5;1007;40,1;18,9;18,5;18,9;18,5;18,6;18,3;99;98;98;263;1,6;,9;
2026/08/18;1200 UTC;0;1007,8;1008;1007,3;584,9;20,9;19;20,9;18,9;19,2;18,4;98;89;89;345;2,6;,7;
2026/08/18;1300 UTC;0;1008;1008,1;1007,5;1049,9;21,7;19,7;21,7;20,9;19,8;18,8;91;85;89;330;2,2;1,3;
2026/08/18;1400 UTC;0;1008,5;1008,5;1008;1597,8;23,3;19,9;23,3;21,7;20,2;19,1;88;78;81;161;2,9;,7;
2026/08/18;1500 UTC;0;1007,8;1008,5;1007,8;1736,3;23,9;20,2;24;23,3;20,7;19,4;84;78;79;156;3,5;2;
2026/08/18;1600 UTC;0;1007,6;1007,9;1007,5;1886,7;24,5;20,7;24,6;23,8;21,3;19,9;84;77;79;151;4,5;2;
2026/08/18;1700 UTC;0;1007,3;1007,7;1007,2;1979,3;25,6;21,4;25,7;24,4;21,8;20,6;83;75;78;155;5,2;2,8;
2026/08/18;1800 UTC;0;1006,9;1007,4;1006,9;1788,5;25,2;21,3;25,6;24,6;21,6;20,5;83;76;79;148;5,9;2,8;
2026/08/18;1900 UTC;0;1006,9;1007,1;1006,6;1000,8;24,3;21,1;25,5;24,3;21,4;20,7;82;75;82;152;4,6;2,2;
2026/08/18;2000 UTC;0;1007,8;1008;1006,9;352,4;24;21,6;24,4;23,9;21,7;20,9;87;81;87;115;3,3;1,7;
2026/08/18;2100 UTC;0;1009,4;1009,4;1007,8;104,8;23,2;20,9;24;23,2;21,3;20,9;88;83;87;164;2,8;,5;
2026/08/18;2200 UTC;0;1009,1;1009,6;1009,1;,3;22,5;20,7;23,2;22,4;21,6;20,7;92;87;90;77;3,2;2,2;
2026/08/18;2300 UTC;0;1009;1009,1;1008,7;0;21,7;20,8;22,6;21,7;20,9;20,6;95;89;95;71;3,3;,9;
2026/08/19;0000 UTC;0;1009,6;1009,7;1008,8;0;21,4;20,9;21,9;21,4;21;20,7;97;93;97;18;1,6;,7;
2026/08/19;0100 UTC;0;1011;1011,2;1010;0;20,9;20,6;21,4;20,7;20,9;20,4;99;97;98;50;1,8;1,2;
2026/08/19;0200 UTC;0;1010,9;1011;1010,7;0;20,9;20,4;21,3;20,9;20,6;20,4;98;96;97;319;1,9;,5;
2026/08/19;0300 UTC;0;1010,8;1011;1010,8;0;21,2;20,3;21,2;20,7;20,6;20,3;97;95;95;115;2,4;1,1;
2026/08/19;0400 UTC;0;1011;1011,1;1010,5;0;20,5;20;21,3;20,5;20,4;19,9;97;93;97;331;2,6;,6;
2026/08/19;0500 UTC;0;1010,7;1011;1010,2;0;21,7;19,9;21,7;20,4;20;19,7;97;89;90;327;6,3;3,5;
2026/08/19;0600 UTC;0;1010,9;1010,9;1010,6;0;20,5;19,8;21,7;20,5;20,3;19,7;98;91;95;130;5;2,4;
2026/08/19;0700 UTC;0;1010,5;1010,9;1010,5;0;20;19,1;20,5;20;19,8;19;96;94;95;107;4,1;1,5;
2026/08/19;0800 UTC;0;1011;1011,2;1010,4;0;20,1;19;20,1;20;19,1;18,9;94;93;94;7;3,2;,6;
2026/08/19;0900 UTC;0;1011,7;1011,8;1010,7;0;19,8;18,4;20,1;19,8;19,2;18,2;95;89;92;80;3,6;,3;
2026/08/19;1000 UTC;0;1012,4;1012,4;1011,5;0;19,4;18,3;19,8;19,4;18,7;18,3;94;92;93;137;4,1;2,3;
2026/08/19;1100 UTC;0;1013,7;1013,7;1012,4;15,2;18,9;18,1;19,4;18,8;18,4;18;96;93;95;109;5;1,5;
2026/08/19;1200 UTC;0;1014,1;1014,1;1013,3;103,7;18,3;17,8;18,9;18,3;18,1;17,8;98;94;97;124;4,6;2,3;
2026/08/19;1300 UTC;0;1013,5;1014,1;1013,5;195,5;18,4;17,6;18,4;18,3;18,1;17,6;98;95;95;149;5,4;2,1;
2026/08/19;1400 UTC;0;1013,5;1013,6;1013,3;388,1;19,1;17,6;19,2;18,4;18;17,1;96;88;91;161;4,6;1,7;
2026/08/19;1500 UTC;0;1013;1013,5;1013;494,7;19;18,1;19,3;19;18,4;17,6;95;91;94;168;3,6;1;
2026/08/19;1600 UTC;0;1013,1;1013,1;1012,8;202,5;18,8;18,2;19;18,8;18,3;17,8;96;94;96;158;2,9;1;
2026/08/19;1700 UTC;,2;1012,8;1013,1;1012,7;214,4;19,1;18,2;19,2;18,9;18,4;17,9;96;93;94;146;1,6;1;
2026/08/19;1800 UTC;0;1012,3;1012,8;1012,3;155,2;18,8;18,1;19,1;18,8;18,5;18;97;94;96;130;2,6;1,1;
2026/08/19;1900 UTC;0;1011,1;1012,3;1011,1;178,2;19;18,5;19;18,8;18,5;18;97;95;97;136;3,5;1,9;
2026/08/19;2000 UTC;0;1010,8;1011,1;1010,7;99,7;18,9;18,4;19;18,6;18,5;18,2;98;96;97;150;4,5;1,5;
2026/08/19;2100 UTC;,2;1011,1;1011,1;1010,5;25,8;18,7;18,5;18,9;18,7;18,6;18,3;99;97;99;182;4;1,5;
2026/08/19;2200 UTC;,2;1011;1011,6;1011;0;18,5;18,5;18,7;18,5;18,6;18,4;100;99;100;161;4,1;2,3;
2026/08/19;2300 UTC;0;1009,8;1011;1009,7;0;18,4;18,3;18,6;18,4;18,6;18,3;100;99;100;144;7,3;3,8;
2026/08/20;0000 UTC;0;1010,2;1010,4;1009,8;0;18,2;18;18,4;18,2;18,3;18;100;99;99;165;5,5;2,5;
2026/08/20;0100 UTC;0;1009,9;1010,3;1009,9;0;18,1;17,9;18,1;18,1;18;17,9;99;98;99;187;3,9;1,2;
2026/08/20;0200 UTC;0;1009,3;1010;1009,3;0;17,9;17,6;18,1;17,9;17,9;17,6;99;98;98;161;4;2;
2026/08/20;0300 UTC;0;1008,6;1009,3;1008,5;0;17,7;17,4;17,9;17,7;17,7;17,4;99;98;98;158;4,5;1,8;
2026/08/20;0400 UTC;0;1007,6;1008,6;1007,6;0;17,5;17,1;17,7;17,5;17,4;17,1;98;98;98;164;4,5;1,4;
2026/08/20;0500 UTC;0;1006,4;1007,6;1006,4;0;17,5;17,1;17,5;17,5;17,2;17;98;97;98;172;3,1;1,3;
2026/08/20;0600 UTC;0;1006;1006,4;1005,9;0;17,4;17;17,5;17,4;17,1;17;98;97;97;286;2,4;,7;
2026/08/20;0700 UTC;0;1005,1;1006;1004,9;0;17,3;17,1;17,4;17,3;17,1;17;99;97;99;315;5;3,1;
2026/08/20;0800 UTC;0;1004,5;1005,7;1004,2;0;17,4;17,1;17,4;17,3;17,2;17,1;99;98;99;94;5,5;,5;
2026/08/20;0900 UTC;0;1004,6;1004,7;1004,3;0;17,5;17,3;17,5;17,4;17,3;17,1;99;99;99;168;1,5;,6;
2026/08/20;1000 UTC;2,2;1006,4;1006,4;1004,1;0;17,5;17,5;17,5;17,4;17,5;17,2;100;99;100;297;6,9;3;
2026/08/20;1100 UTC;8,6;1005,9;1006,8;1005,5;21;17,4;16,2;17,7;17,4;17,4;16,2;100;92;93;335;8,4;3,1;
2026/08/20;1200 UTC;,6;1006,6;1006,7;1005,8;107,4;17,1;15,3;17,4;16,9;16,2;15;93;88;89;327;7,9;4,8;
2026/08/20;1300 UTC;,2;1007,3;1007,3;1006,4;357,6;17,1;14,4;17,1;16,9;15,5;14,3;91;84;84;331;9,7;4,8;
2026/08/20;1400 UTC;0;1007,3;1007,5;1007;1022,6;17,2;13,3;17,7;16,8;14,6;13,3;85;76;77;317;10,7;6,4;
2026/08/20;1500 UTC;0;1006,5;1007,3;1006,5;1761,6;18,8;13,8;18,8;17,2;14,4;13,2;79;72;72;314;9,6;5,2;
2026/08/20;1600 UTC;0;1005,9;1006,5;1005,9;1061,4;18,4;13,5;18,8;18,3;14,2;13,1;76;70;73;313;11,8;5,7;
2026/08/20;1700 UTC;0;1005,2;1005,9;1005,2;1060;18,5;13,4;18,7;18,4;14,4;13;77;70;72;312;11,3;6;
2026/08/20;1800 UTC;0;1004,9;1005,2;1004,9;1011,3;17,9;12,3;18,6;17,9;13,3;12,2;72;68;70;316;12,3;6,9;
2026/08/20;1900 UTC;0;1004,8;1005,1;1004,8;776,9;17,4;12,4;18,1;17,3;13;12,1;75;69;73;312;11,1;6,2;
2026/08/20;2000 UTC;0;1005,3;1005,3;1004,7;502,3;16,8;11,8;17,7;16,8;12,7;11,7;74;68;72;313;12,1;6,3;
2026/08/20;2100 UTC;0;1005,6;1005,6;1005,2;232,8;16;11,8;17,3;16;12,5;11,6;78;70;76;316;10,8;6,7;
2026/08/20;2200 UTC;0;1006,6;1006,6;1005,7;3,9;15,4;11,1;16;15,3;12;11,1;77;75;76;313;9,9;6;
2026/08/20;2300 UTC;0;1007,5;1007,5;1006,6;0;14,9;10,7;15,4;14,8;11,3;10,7;80;74;76;307;10,7;6,1;
2026/08/21;0000 UTC;0;1007,6;1007,7;1007,5;0;14,5;10,1;14,9;14,5;10,8;9,9;76;73;75;319;11,4;6,4;
2026/08/21;0100 UTC;0;1008;1008,2;1007,6;0;14,4;9,8;14,5;14,4;10,3;9,8;76;74;74;321;9,9;6,2;
2026/08/21;0200 UTC;0;1008,6;1008,6;1008;0;14;10,4;14,4;14;10,4;9,8;79;74;79;311;12,3;5,8;
2026/08/21;0300 UTC;0;1008,5;1008,8;1008,5;0;13,8;10,5;13,9;13,6;10,8;10,3;82;79;81;327;11,7;6,9;
2026/08/21;0400 UTC;0;1009,1;1009,1;1008,6;0;14,1;10,8;14,2;13,8;10,8;10,4;81;79;80;319;10,3;4,7;
2026/08/21;0500 UTC;0;1009,6;1009,6;1009;0;14,1;11,3;14,3;14,1;11,3;10,7;83;79;83;287;8,2;3,3;
2026/08/21;0600 UTC;0;1009,8;1009,9;1009,7;0;13,4;9,4;14,1;13,4;12;9,4;91;77;77;261;4,4;1,3;
2026/08/21;0700 UTC;0;1010;1010,2;1009,8;0;11,2;10;13,4;11,2;10,1;9;93;78;93;16;3,9;1,2;
2026/08/21;0800 UTC;0;1010,2;1010,2;1010;0;11,1;7,4;12;11,1;10;7;93;72;78;320;4,3;2,2;
2026/08/21;0900 UTC;0;1011;1011;1010,2;0;10,4;6,4;11,1;10,4;7,4;6,3;79;75;76;316;4,9;2,3;
2026/08/21;1000 UTC;0;1011,8;1011,8;1010,9;0;9;7,1;10,4;9;7,3;6,3;88;76;88;307;4,4;2,7;
2026/08/21;1100 UTC;0;1012,6;1012,6;1011,9;148;10,9;6,7;10,9;8,7;7,4;6,6;91;75;75;0;3,7;2,3;
2026/08/21;1200 UTC;0;1012,8;1012,9;1012,3;532;12,3;7;12,3;10,5;7,8;6,6;83;69;70;319;3,5;2;
2026/08/21;1300 UTC;0;1013,7;1013,7;1012,8;827,6;13,1;8,4;13,3;12,4;8,6;7,2;74;67;73;242;3,6;1,2;
2026/08/21;1400 UTC;0;1014;1014,1;1013,7;749,9;13,5;9,2;13,9;13,2;9,3;7,7;76;69;76;184;4,4;1,8;
2026/08/21;1500 UTC;0;1014,1;1014,2;1013,9;1086,5;13,7;8,5;13,9;13,5;9,4;8,4;76;70;71;252;5,1;2,4;
2026/08/21;1600 UTC;0;1013,9;1014,1;1013,8;2604,9;14,8;8,8;15,2;13,7;9,6;8,4;73;66;67;241;5,3;2,5;
2026/08/21;1700 UTC;0;1013,5;1013,9;1013,5;2447,7;16,3;9,4;16,4;14,5;9,9;8,9;73;62;64;266;5,2;2,5;
2026/08/21;1800 UTC;0;1013,8;1013,8;1013,5;2307,7;16,8;9,9;16,9;16,2;10,2;8,8;66;59;64;232;4,8;2,3;
2026/08/21;1900 UTC;0;1013,9;1013,9;1013,7;1573,7;16,5;9,3;16,8;16,2;10;8,9;66;61;62;263;7,6;2,6;
2026/08/21;2000 UTC;0;1014,3;1014,3;1013,9;1106,3;16,8;9,3;17,2;16,5;10,6;9;66;59;61;260;4,1;1,3;
2026/08/21;2100 UTC;0;1014,9;1014,9;1014,1;362,3;15,7;9,7;17,3;15,7;9,7;8,5;67;57;67;254;4,6;1,3;
2026/08/21;2200 UTC;0;1015,3;1015,3;1014,9;3,2;12,6;10,5;15,7;12,6;10,9;8,8;89;66;87;10;2,5;,7;
2026/08/21;2300 UTC;0;1016;1016;1015,3;0;11,9;9,9;12,9;11,8;10,9;9;90;79;88;131;2;,8;
2026/08/22;0000 UTC;0;1016,8;1016,8;1016;0;13;7,2;13,4;11,6;10,3;6,7;90;66;68;214;3,7;1,2;
2026/08/22;0100 UTC;0;1017,2;1017,2;1016,9;0;12,2;7,2;12,8;12,2;7,6;6,8;72;68;71;188;5,1;1,5;
2026/08/22;0200 UTC;0;1017,4;1017,4;1017,1;0;10,6;7,9;12,2;10,6;8;7,1;83;71;83;130;4;1,3;
2026/08/22;0300 UTC;0;1017,4;1017,5;1017,3;0;9,6;7,5;10,6;9,3;8,3;7,5;92;83;87;71;1,9;,8;
2026/08/22;0400 UTC;0;1017,4;1017,4;1017,3;0;9,9;6,8;10,1;9,5;8,1;6,6;90;79;81;132;2,9;,9;
2026/08/22;0500 UTC;0;1017,6;1017,7;1017,4;0;9,2;6,5;9,9;9,2;7,5;6,4;87;81;83;140;2,5;1,2;
2026/08/22;0600 UTC;0;1017,5;1017,7;1017,4;0;8,2;5,6;9,3;8,2;6,5;5,6;85;79;84;126;3,3;,9;
2026/08/22;0700 UTC;0;1017,8;1017,8;1017,4;0;7,7;5,1;8,5;7,7;5,7;4,9;84;81;83;146;3,7;,7;
2026/08/22;0800 UTC;0;1017,9;1018;1017,8;0;8,1;4,9;8,2;7,4;5,3;4,3;86;77;80;135;2,9;1,7;
2026/08/22;0900 UTC;0;1018,3;1018,3;1018;0;7,8;4,3;8,1;7,8;5,3;4,1;83;77;78;112;3,1;1,7;
2026/08/22;1000 UTC;0;1019;1019,1;1018,3;0;6,8;4,8;7,8;6,7;5,1;4,1;89;78;87;113;3,5;1,1;
2026/08/22;1100 UTC;0;1019,5;1019,5;1019,1;163,6;7,5;5,2;7,5;6,7;5,3;4,6;90;84;85;54;2,2;,8;
2026/08/22;1200 UTC;0;1020,2;1020,2;1019,5;910,4;8,8;3,7;9,2;7,6;5,2;3,5;85;68;70;145;2,9;1,3;
2026/08/22;1300 UTC;0;1020,6;1020,6;1020,2;1755,3;10;4,4;10,5;8,8;4,5;2,7;72;60;68;126;4,2;2,3;
2026/08/22;1400 UTC;0;1020,4;1020,7;1020,4;2165,9;10,8;4,3;11;9,5;4,6;2;67;56;64;119;4,6;1,8;
2026/08/22;1500 UTC;0;1019,6;1020,4;1019,6;2632,8;11,2;2,8;11,5;10;4,4;1,3;64;51;56;105;4,3;1,7;
2026/08/22;1600 UTC;0;1018,5;1019,6;1018,5;2967;12,5;1,6;12,5;11,3;4;,9;61;46;47;190;3,6;1,3;
2026/08/22;1700 UTC;0;1017,6;1018,5;1017,6;2849,1;13,1;1,9;13,2;12;3,5;1;53;44;46;236;3,9;1,8;
2026/08/22;1800 UTC;0;1016,7;1017,6;1016,7;2507;13,8;4;14,4;13;5,8;1,6;58;44;51;137;4,3;2;
2026/08/22;1900 UTC;0;1016,3;1016,7;1016,3;1931,8;14,3;3,2;14,4;13,8;4,8;1,9;53;43;47;179;4;1,9;
2026/08/22;2000 UTC;0;1016,1;1016,3;1016;1179,9;14,2;2,8;14,5;14;4,5;1,9;52;43;46;143;4,2;2;
2026/08/22;2100 UTC;0;1016,2;1016,2;1016;366,5;12,2;4,4;14,2;12,2;4,9;2,5;60;45;59;141;3,6;1,2;
2026/08/22;2200 UTC;0;1016,5;1016,5;1016,2;1,3;9;6,7;12,2;9;7,1;4,4;85;59;85;11;1,9;1;
2026/08/22;2300 UTC;0;1017,2;1017,2;1016,5;0;8;5,8;9;8;6,5;5,1;86;78;86;13;2,6;1,4;
2026/08/23;0000 UTC;0;1017,7;1017,7;1017,2;0;7,7;4,9;8,1;7,3;6,1;4,7;88;80;82;340;4;2,6;
2026/08/23;0100 UTC;0;1017,8;1017,8;1017,6;0;6,8;5,4;7,4;6,7;5,5;5;91;87;90;312;3;2,3;
2026/08/23;0200 UTC;0;1017,8;1018;1017,8;0;5,9;5;6,9;5,9;5,6;5;96;90;94;351;3;1,3;
2026/08/23;0300 UTC;0;1017,8;1017,9;1017,6;0;5,5;4,9;5,9;5,5;5,1;4,5;96;91;96;330;2,7;1,4;
2026/08/23;0400 UTC;0;1017,5;1017,8;1017,5;0;5,2;4,8;5,5;5,2;5;4,7;97;95;97;319;3;2;
2026/08/23;0500 UTC;0;1017,6;1017,6;1017,4;0;4,9;4,3;5,2;4,8;4,8;4,3;98;96;96;309;3,9;2,2;
2026/08/23;0600 UTC;0;1017,3;1017,7;1017,3;0;4;4;4,9;4;4,3;3,8;99;96;99;331;2,9;,9;
2026/08/23;0700 UTC;0;1017,2;1017,5;1017;0;3,5;3,4;4,2;3,5;4;3,4;100;99;100;307;2;1,5;
2026/08/23;0800 UTC;0;1017,1;1017,2;1017;0;3,3;3,3;3,6;3,2;3,5;3,2;100;99;100;304;2,2;1,3;
2026/08/23;0900 UTC;0;1017,5;1017,5;1017,1;0;3,2;3,2;3,6;3,2;3,5;3;100;98;100;350;2,5;,6;
2026/08/23;1000 UTC;0;1018,5;1018,5;1017,4;0;2,7;2,7;3,3;2,6;3,3;2,6;100;99;100;7;1,4;,9;
2026/08/23;1100 UTC;0;1019;1019;1018,5;173,6;4,3;3,8;4,4;2,7;4,2;2,7;100;97;97;262;,9;,3;
2026/08/23;1200 UTC;0;1019,4;1019,4;1019;940;6,9;4,6;6,9;4,3;5,2;3,6;97;85;85;298;1,9;1;
2026/08/23;1300 UTC;0;1019,8;1019,8;1019,4;1563;10,7;5,3;10,7;6,9;5,8;4,3;87;69;69;98;1,8;,9;
2026/08/23;1400 UTC;0;1019,8;1020;1019,8;2544,4;13;4,1;13,2;10,8;5,8;3,4;68;52;55;120;4,2;2;
2026/08/23;1500 UTC;0;1019,2;1019,9;1019,2;2834,6;13,3;1,3;13,7;12,8;4,9;1,3;58;44;44;192;4,7;1,8;
2026/08/23;1600 UTC;0;1018,5;1019,2;1018,5;2989,2;14,8;4;14,8;13,3;5,3;1,5;54;45;48;140;4,8;1,6;
2026/08/23;1700 UTC;0;1017,6;1018,5;1017,6;2863,9;15,2;5;15,2;14,4;6;3;55;45;51;134;4,4;2,2;
2026/08/23;1800 UTC;0;1017,1;1017,6;1017,1;2510,1;15,6;4,1;15,8;14,8;5,8;,8;53;38;46;145;4,5;2;
2026/08/23;1900 UTC;0;1016,6;1017,2;1016,6;1931;15,9;3,4;16;15,3;5,7;1,9;51;39;43;87;3,4;1,3;
2026/08/23;2000 UTC;0;1017;1017;1016,6;1181,5;15,7;4,2;16,2;15,6;5,4;,8;50;36;46;147;4;1,6;
2026/08/23;2100 UTC;0;1017,2;1017,3;1017;392,3;14,2;2,6;15,7;14,2;5,6;2,4;52;43;45;150;3,3;,9;
2026/08/23;2200 UTC;0;1017,7;1017,8;1017,2;2,2;9,9;7,1;14,1;9,9;8,3;2,9;86;47;83;29;1,7;,6;
2026/08/23;2300 UTC;0;1018,6;1018,6;1017,7;0;9,3;5,6;9,9;9;7;5,2;85;75;78;338;2,8;1,9;
2026/08/24;0000 UTC;0;1018,8;1018,8;1018,6;0;7,6;5,5;9,3;7,6;6;5,1;89;78;86;322;3,1;1,6;
2026/08/24;0100 UTC;0;1018,4;1018,9;1018,4;0;7,4;5,5;8;7,1;5,9;5,1;88;84;88;303;3,4;2;
2026/08/24;0200 UTC;0;1018,1;1018,4;1018;0;6,8;5,3;7,3;6,7;5,6;5,2;91;87;90;313;3,3;1,5;
2026/08/24;0300 UTC;0;1018,5;1018,5;1018,2;0;6,1;5,3;6,3;6,1;5,5;5,2;95;93;95;298;3,1;2,1;
2026/08/24;0400 UTC;0;1018,2;1018,5;1018,2;0;5,4;4,8;6,2;5,3;5,4;4,7;96;93;96;101;3,4;,4;
2026/08/24;0500 UTC;0;1018,3;1018,5;1018,2;0;5,4;4,7;5,5;4,8;5,1;4,5;99;95;95;243;2,5;1,6;
2026/08/24;0600 UTC;0;1017,9;1018,2;1017,9;0;4,6;4,3;5,4;4,6;4,8;4,3;98;95;98;328;1,5;,7;
2026/08/24;0700 UTC;0;1017,8;1017,9;1017,7;0;4,2;4,1;4,5;4;4,4;3,9;100;98;99;328;1,9;,8;
2026/08/24;0800 UTC;0;1017,8;1017,8;1017,6;0;3,6;3,5;4,2;3,6;4,1;3,4;100;98;100;52;,6;,3;
2026/08/24;0900 UTC;0;1018,6;1018,6;1017,8;0;3,4;3,4;3,6;3,3;3,5;3,3;100;100;100;24;1,2;,7;
2026/08/24;1000 UTC;0;1019;1019;1018,6;0;3,7;3,7;3,7;3,2;3,7;3,2;100;100;100;312;1,8;,9;
2026/08/24;1100 UTC;0;1019,7;1019,7;1019;72,2;4,6;4,2;4,6;3,7;4,3;3,7;100;96;97;285;2,2;,9;
2026/08/24;1200 UTC;0;1020,1;1020,1;1019,9;485,4;6,2;5,5;6,2;5,4;5,6;4,8;97;95;95;27;1,3;,4;
2026/08/24;1300 UTC;0;1020,2;1020,2;1020,1;774,7;7,2;5,7;7,2;6,1;6,2;5,4;97;90;90;226;2,4;1;
2026/08/24;1400 UTC;0;1020;1020,3;1020;2033,7;9,7;7,5;9,9;7,1;7,6;5,6;93;81;86;146;3,5;2;
2026/08/24;1500 UTC;0;1019,2;1020,1;1019,2;2876,7;12,7;8;12,7;9,8;8,8;6,9;86;72;73;143;4,5;2,8;
2026/08/24;1600 UTC;0;1017,8;1019,2;1017,8;3008,8;14,4;8,2;14,4;12,7;9,1;6,9;75;64;66;155;5,6;2,9;
2026/08/24;1700 UTC;0;1016,4;1017,8;1016,4;2876;15,3;8,1;15,7;14,4;9,2;7,4;68;59;62;156;6,7;3,4;
2026/08/24;1800 UTC;0;1015,3;1016,4;1015,3;2432,6;15,4;8,1;15,8;15;9,2;7,4;66;60;62;152;6,3;2,7;
2026/08/24;1900 UTC;0;1014,5;1015,3;1014,5;1177,9;14,7;8,3;15,5;14,6;9,2;7,8;68;62;65;158;5,7;2,5;
2026/08/24;2000 UTC;0;1015;1015,1;1014,5;546,1;14;8,6;14,7;14;9,1;8;71;64;70;156;6,1;3;
2026/08/24;2100 UTC;0;1015,1;1015,2;1014,9;190,7;13;8,6;14;13;9,1;8,4;76;70;75;152;5,6;2,5;
2026/08/24;2200 UTC;0;1014,8;1015,1;1014,8;3,2;11,7;8,5;12,9;11,7;8,8;8,4;82;74;81;162;4,4;1;
2026/08/24;2300 UTC;0;1014,5;1014,8;1014,5;0;9,8;8,8;11,6;9,8;9,4;8,5;96;81;94;2;1,7;1,1;
2026/08/25;0000 UTC;0;1015,3;1015,4;1014,5;0;8,8;8,3;9,8;8,8;8,9;8,2;96;93;96;66;1,8;,5;
2026/08/25;0100 UTC;0;1015,4;1015,5;1015,3;0;8,3;8,1;8,8;8,3;8,4;8,1;98;96;98;349;1,8;,8;
2026/08/25;0200 UTC;0;1015,3;1015,5;1015,2;0;7,7;7,7;8,3;7,6;8,1;7,5;100;98;100;125;1,4;,6;
2026/08/25;0300 UTC;0;1015,5;1015,5;1015,2;0;7,4;7,3;7,8;7,4;7,8;7,3;100;99;99;354;1,4;,8;
2026/08/25;0400 UTC;0;1015,2;1015,6;1015,1;0;7,1;7,1;7,4;7,1;7,3;7;100;99;100;41;1,2;,5;
2026/08/25;0500 UTC;0;1014,1;1015,2;1014,1;0;7,6;7,6;7,6;7,1;7,6;7,1;100;99;100;109;1,6;,4;
2026/08/25;0600 UTC;0;1014,1;1014,1;1013,7;0;7,7;7,1;7,7;7,6;7,6;7;100;96;96;166;2,7;1,4;
2026/08/25;0700 UTC;0;1014,1;1014,2;1013,9;0;7,6;7;7,7;7,5;7,1;6,7;96;95;96;178;3,5;1;
2026/08/25;0800 UTC;0;1014,2;1014,2;1013,7;0;7,4;6,7;7,6;7,4;6,8;6,4;96;92;95;151;3,5;1,3;
2026/08/25;0900 UTC;0;1013,9;1014,2;1013,9;0;6,2;6,1;7,4;6,2;6,7;6,1;99;95;99;21;2,1;1,3;
2026/08/25;1000 UTC;0;1013,8;1013,9;1013,6;,2;6,1;6;6,4;6,1;6,4;5,9;100;98;99;273;2,4;,9;
2026/08/25;1100 UTC;0;1013,9;1014,5;1013,8;223,1;7,2;6,5;7,2;5,8;6,6;5,6;100;95;95;315;1,4;,8;
2026/08/25;1200 UTC;0;1014;1014,8;1013,9;960,4;9,2;6,9;9,6;7,3;7,4;6,5;95;84;85;52;2,8;2;
2026/08/25;1300 UTC;0;1014,3;1014,3;1014;1838,3;10,9;7,1;11,1;9,2;7,8;6,7;87;76;77;130;3,3;1,7;
2026/08/25;1400 UTC;0;1014,6;1014,8;1014,2;1974,6;12,7;8,5;12,7;10,6;8,7;7,3;84;72;76;144;6,2;2,5;
2026/08/25;1500 UTC;0;1013,6;1014,5;1013,5;2746,4;13,8;8,7;14;12,9;9,4;7,6;77;68;71;153;5,8;2,6;
2026/08/25;1600 UTC;0;1012,2;1013,6;1012,2;2872,1;15,2;9,6;15,4;14;10,3;8,4;74;67;69;167;5,2;2,2;
2026/08/25;1700 UTC;0;1011,1;1012,2;1011,1;2714,7;16,6;10;16,6;14,7;11,1;8,8;73;65;65;173;5;2,3;
2026/08/25;1800 UTC;0;1010,1;1011,2;1010,1;2526,3;17;11,1;17,2;16;11,5;9,9;72;65;68;154;5,2;2,7;
2026/08/25;1900 UTC;0;1009,5;1010,1;1009,5;1888,6;16,9;10,7;17,4;16,8;11,8;10,7;70;66;67;164;6;2,7;
2026/08/25;2000 UTC;0;1009,5;1009,8;1009,5;987,4;16,2;11,4;17,3;16,1;11,7;10,5;73;66;73;140;5,5;2,7;
2026/08/25;2100 UTC;0;1009,4;1009,5;1009,2;384,9;14,8;11,3;16,3;14,8;11,7;10,9;80;70;80;159;5;2;
2026/08/25;2200 UTC;0;1009,3;1009,5;1009,2;4;13,2;11;14,7;13,1;11,8;11;90;80;87;196;3,7;,6;
2026/08/25;2300 UTC;0;1010,2;1010,3;1009,4;0;12,6;11,2;13,2;12,3;11,5;11,1;95;87;91;147;2,4;,8;
2026/08/26;0000 UTC;;;;;;;;;;;;;;;;;;
2026/08/26;0100 UTC;0;1010,4;1010,5;1010,3;0;11,3;11,1;11,5;11,1;11,2;10,7;99;97;99;131;1,5;,7;
2026/08/26;0200 UTC;0;1009,7;1010,5;1009,6;0;11,4;11;11,6;11,3;11,2;11;99;96;97;299;1,8;,7;
2026/08/26;0300 UTC;0;1010;1010,1;1009,4;0;11,3;11;11,6;11;11;10,7;99;96;98;107;2,1;,7;
2026/08/26;0400 UTC;0;1009,7;1010;1009,4;0;10,9;10,8;11,3;10,7;11;10,5;100;97;99;244;2;,5;
2026/08/26;0500 UTC;0;1009,7;1010,1;1009,7;0;10,5;10,5;10,9;10,1;10,8;10;100;98;100;33;1,5;1,1;
2026/08/26;0600 UTC;0;1008,6;1009,7;1008,6;0;10,8;10,5;11,1;10,5;11;10,5;100;98;98;262;1,9;,7;
2026/08/26;0700 UTC;0;1008,1;1008,6;1008,1;0;11,1;11;11,1;10,6;11;10,4;100;98;100;344;2,3;1,1;
2026/08/26;0800 UTC;0;1007,4;1008,1;1007,4;0;11,1;10,9;11,2;11,1;11;10,8;100;98;98;294;3,1;1,9;
2026/08/26;0900 UTC;0;1007,3;1007,4;1007;0;10,9;10,7;11,2;10,9;10,9;10,7;99;98;99;334;4,2;2,4;
2026/08/26;1000 UTC;0;1007,9;1008;1007,3;,1;10,8;10,7;10,9;10,8;10,8;10,7;100;99;99;10;3,1;,8;
2026/08/26;1100 UTC;0;1008,6;1008,6;1007,9;69,2;11;10,7;11;10,8;10,8;10,5;99;98;99;309;2,2;,7;
2026/08/26;1200 UTC;0;1008,8;1008,8;1008,5;269,6;11,1;10,8;11,1;10,9;10,9;10,6;99;98;98;342;2,4;1,1;
2026/08/26;1300 UTC;0;1008,2;1008,9;1008,2;906,6;13;11,1;13;11,1;11,3;10,7;98;88;88;318;4,6;1,4;
2026/08/26;1400 UTC;0;1007,9;1008,2;1007,8;2273,1;17,4;12,7;17,5;13,1;13,2;11,1;88;71;74;136;2,9;1,1;
2026/08/26;1500 UTC;0;1007;1008;1007;2647,1;17,2;13,6;18,3;16,7;14;12,3;83;70;80;152;5,1;2,6;
2026/08/26;1600 UTC;0;1005,7;1007;1005,7;2572,7;19,9;14,4;19,9;17,1;15,1;13,4;81;71;71;143;4,2;1,8;
2026/08/26;1700 UTC;0;1003,9;1005,7;1003,9;2429,7;21,3;15,8;21,3;19,8;16,5;14,3;76;70;71;157;5;2,7;
2026/08/26;1800 UTC;0;1002,8;1003,8;1002,7;1474,8;21,3;16,2;21,4;21;16,7;15,6;76;70;72;164;5,3;2;
2026/08/26;1900 UTC;0;1002,3;1002,8;1002,3;1728,9;22,4;17;22,5;21,4;17,5;16,1;76;70;71;157;4,3;1,8;
2026/08/26;2000 UTC;0;1002,2;1002,3;1002,1;918,3;22,8;17,5;22,8;21,9;17,7;16,7;76;70;72;144;4,4;2,2;
2026/08/26;2100 UTC;0;1002,3;1002,4;1002,2;335;21,5;17,8;22,8;21,5;17,9;17,2;80;71;80;149;3,4;,8;
2026/08/26;2200 UTC;0;1002;1002,3;1002;9,5;18,4;17,6;21,5;18,4;18,3;17,5;95;80;95;16;2,2;1,2;
2026/08/26;2300 UTC;0;1002,3;1002,3;1002;0;17,7;17;18,4;17,7;17,6;16,9;96;94;96;328;1,7;,9;
2026/08/27;0000 UTC;0;1002,8;1002,8;1002,3;0;17,4;16,6;17,9;17,2;17;16,5;96;94;95;332;2,5;1,7;
2026/08/27;0100 UTC;0;1002,6;1002,9;1002,5;0;16,8;16,4;17,3;16,5;16,6;16,1;99;95;97;310;2,5;1,8;
2026/08/27;0200 UTC;0;1002,4;1002,4;1002,4;0;16,6;16,3;16,6;16,6;16,3;16,3;98;98;98;323;2;1,2;
2026/08/27;0300 UTC;0;1002,2;1002,4;1002,1;0;15,5;15,3;16,6;15,5;16,3;15,3;100;97;99;306;1,6;,4;
2026/08/27;0400 UTC;0;1001,9;1002,3;1001,9;0;15,7;15,7;15,9;15,4;15,9;15,3;100;99;100;118;2,4;,5;
2026/08/27;0500 UTC;0;1001,7;1002;1001,6;0;16,3;16;16,3;15,4;16,2;15,3;100;98;98;261;2,2;,6;
2026/08/27;0600 UTC;0;1001,1;1001,7;1001,1;0;20,1;17;20,1;16,2;17,1;15,9;99;82;82;305;6;4;
2026/08/27;0700 UTC;0;1000,9;1001,1;1000,8;0;20,2;17,1;20,5;20;17,2;17;83;81;82;313;5,9;3,6;
2026/08/27;0800 UTC;0;1001,2;1001,2;1000,9;0;19,8;16,9;20,3;19,7;17,2;16,9;84;82;83;307;6,2;3,9;
2026/08/27;0900 UTC;0;1001,6;1001,6;1001,1;0;19,6;17;19,9;19,4;17;16,9;86;83;85;295;6,1;2,9;
2026/08/27;1000 UTC;0;1001,9;1002;1001,6;2;20,1;17,1;20,3;19,7;17,2;17;84;82;83;301;5,3;3,1;
2026/08/27;1100 UTC;0;1001,9;1002;1001,8;160,1;20,7;17,3;20,7;20,1;17,4;17,1;83;80;81;294;5,4;3,5;
2026/08/27;1200 UTC;0;1001,6;1002;1001,6;900,3;23,8;17,3;23,8;20,7;17,9;17,1;81;67;67;310;7,5;3,7;
2026/08/27;1300 UTC;0;1001,3;1001,7;1001,3;1434,1;25,6;17,8;25,8;23,9;18,1;17;69;59;62;306;10,2;4,9;
2026/08/27;1400 UTC;0;1000,8;1001,3;1000,8;2254,5;26,9;17,9;26,9;25,7;18,1;16,7;62;56;58;315;11,8;6,2;
2026/08/27;1500 UTC;0;999,7;1000,8;999,7;2381,8;27,9;18,4;28;26,9;18,7;17,3;59;54;56;323;11,3;5,8;
2026/08/27;1600 UTC;0;998,4;999,6;998,4;1879,6;28,5;18,3;29;27,9;19,2;18,1;58;52;54;339;10,2;5;
2026/08/27;1700 UTC;0;996,9;998,4;996,9;2477,8;30,5;19;30,7;28,5;19,3;18,2;55;48;50;340;8,6;4,7;
2026/08/27;1800 UTC;0;995,6;996,9;995,5;2297,3;31,4;19,1;31,4;30,4;19,7;18,7;52;48;48;323;11;5,4;
2026/08/27;1900 UTC;0;995,3;995,5;995;1690,8;31,3;19,5;31,8;31,3;20;19;51;48;50;336;10;5,6;
2026/08/27;2000 UTC;0;995,4;995,4;995,2;1051,4;30,9;19,8;31,4;30,9;19,8;19,1;52;48;52;346;9,5;3,4;
2026/08/27;2100 UTC;0;995,7;995,7;995,3;326,4;29,3;19,6;30,9;29,3;20;19,2;56;51;56;351;7,8;2,7;
2026/08/27;2200 UTC;0;996;996;995,7;6,8;27,4;19,7;29,4;27,4;20;19,4;63;56;63;334;6,6;2,1;
2026/08/27;2300 UTC;0;996,9;996,9;996;0;23,7;20,4;27,4;23,5;20,4;19,7;82;63;82;289;3,6;2,8;
2026/08/28;0000 UTC;0;997,3;997,3;996,9;0;23,2;20,3;24,1;23,1;20,4;20,1;84;79;83;288;4,6;3;
2026/08/28;0100 UTC;0;997,4;997,5;997,3;0;24,5;20;24,5;23,1;20,2;20;84;76;76;306;6,6;4,9;
2026/08/28;0200 UTC;0;996,9;997,4;996,9;0;23,2;19,9;24,5;23,2;20,1;19,8;81;76;81;301;7,8;4,4;
2026/08/28;0300 UTC;0;997,2;997,2;996,8;0;23,8;19,6;23,8;23,1;19,9;19,2;82;77;77;284;9,9;5,4;
2026/08/28;0400 UTC;0;997,6;997,6;997,3;0;23,8;19,3;23,8;23,5;19,6;19,2;78;76;76;302;6,6;4,3;
2026/08/28;0500 UTC;0;996,7;997,6;996,7;0;23,3;18,9;24;23,2;19,3;18,9;78;74;76;287;7,1;4,3;
2026/08/28;0600 UTC;0;996,1;996,7;996,1;0;23,8;18,7;24,2;23,4;19;18,5;76;71;73;288;7,7;4,5;
2026/08/28;0700 UTC;0;995,1;996,2;995;0;23,4;18,4;24;23,2;18,7;18,4;75;72;74;282;8,6;6;
2026/08/28;0800 UTC;0;994,1;995;994;0;24,2;18,1;24,2;23,1;18,6;18,1;75;69;69;302;10,2;5,4;
2026/08/28;0900 UTC;0;994;994,2;993,8;0;24;18,4;25,7;24;18,5;17,8;71;63;71;290;11,1;5,7;
2026/08/28;1000 UTC;0;994,4;994,6;993,9;0;24;18,3;24,4;23,6;18,4;18,1;72;69;71;284;9;5,5;
2026/08/28;1100 UTC;0;996,1;996,1;994,3;35,5;24,1;18,5;24,4;23,6;18,7;18,1;73;69;71;236;7,7;2,3;
2026/08/28;1200 UTC;0;998,6;999,2;996;48;18,8;17;24,4;18,8;19,3;17;89;70;89;170;8,2;3,5;
2026/08/28;1300 UTC;0;998,6;999,5;998,6;101,1;18,6;17,7;18,8;18,1;17,7;16,9;96;89;94;160;6,7;2,3;
2026/08/28;1400 UTC;0;998,5;998,7;998,3;699,7;19,9;17,6;20;18,7;18,1;17,3;93;86;87;172;4,9;2,3;
2026/08/28;1500 UTC;0;999,1;999,1;998,4;466,2;20,3;18,1;20,3;19,8;18,2;17,6;90;86;87;181;4,6;1,2;
2026/08/28;1600 UTC;0;999,4;1000;998,9;214,7;18,7;16,5;20,3;18,7;18,1;16,4;87;85;87;153;8,2;3,8;
2026/08/28;1700 UTC;0;997,9;999,7;997,9;361,2;19,4;16,7;19,6;18,4;17;16,4;90;82;84;139;9,7;2,4;
2026/08/28;1800 UTC;0;999,1;999,2;996,5;552,4;19,8;16,4;20,8;19,4;17,3;16,4;85;78;81;205;8;2,8;
2026/08/28;1900 UTC;,6;997;999,8;996,8;95,9;18,1;16,4;19,7;17,9;16,6;15,6;92;80;90;212;10,3;1,7;
2026/08/28;2000 UTC;12,6;998,7;1000,1;996,7;57;16,7;16,5;18;16,7;16,6;16,2;99;89;99;175;7,9;1,7;
2026/08/28;2100 UTC;,4;998,4;998,9;998,2;108,8;16,8;16,7;17;16,7;16,8;16,5;99;98;99;125;4,7;,7;
2026/08/28;2200 UTC;1,6;999,5;999,6;998,5;,7;16,9;16,7;17;16,8;16,8;16,6;99;98;99;125;2,5;1;
2026/08/28;2300 UTC;5,6;1000,7;1001;999,4;0;16,7;16,5;16,9;16,7;16,7;16,4;99;98;99;142;4,5;1,5;
2026/08/29;0000 UTC;1;1000,9;1001,1;1000,5;0;16,6;16,6;16,7;16,6;16,6;16,5;100;99;100;180;3,2;,9;
2026/08/29;0100 UTC;0;1000,9;1001,3;1000,8;0;16,6;16,5;16,7;16,6;16,7;16,5;100;100;100;243;1,7;,6;
2026/08/29;0200 UTC;0;1001,9;1001,9;1000,9;0;16,5;16,4;16,6;16,5;16,6;16,4;100;100;100;144;3,1;2;
2026/08/29;0300 UTC;0;1002,8;1003,1;1001,9;0;16,5;16,4;16,5;16,4;16,5;16,3;100;99;100;159;4;2,1;
2026/08/29;0400 UTC;0;1003,3;1003,3;1002,6;0;16,4;16,1;16,5;16,4;16,4;16;100;98;98;145;5,9;2,6;
2026/08/29;0500 UTC;0;1002,6;1003,2;1002,6;0;16,4;16,1;16,4;16,4;16,1;16;98;97;98;162;5,5;2,5;
2026/08/29;0600 UTC;0;1002,4;1003,1;1002,1;0;16,4;15,9;16,4;16,3;16,1;15,9;98;97;97;158;4,9;3;
2026/08/29;0700 UTC;0;1001,4;1002,5;1001,4;0;16,2;15,6;16,4;16,2;15,9;15,6;97;96;96;148;5,8;2,3;
2026/08/29;0800 UTC;0;1001,4;1001,9;1001,3;0;16,1;15,5;16,2;16,1;15,7;15,5;97;96;96;153;5,8;2,8;
2026/08/29;0900 UTC;0;1001,9;1001,9;1000,9;0;16;15,6;16,1;16;15,6;15,5;98;96;97;161;5,3;2,1;
2026/08/29;1000 UTC;0;1002,6;1003;1001,8;0;16;15,8;16,1;16;15,8;15,6;98;97;98;134;3,9;1,9;
2026/08/29;1100 UTC;0;1003,4;1003,4;1002,6;34,2;16,2;15,9;16,2;16;16;15,7;99;98;98;154;4,7;1,8;
2026/08/29;1200 UTC;0;1004,8;1006,2;1003,4;159,1;16,8;16;16,8;16,2;16,2;15,9;98;95;95;149;6,7;3,3;
2026/08/29;1300 UTC;0;1005,6;1005,6;1004,3;406,4;17,3;16;17,3;16,8;16,3;15,8;97;92;92;157;7,3;3,5;
2026/08/29;1400 UTC;0;1005,1;1005,5;1004,9;551,9;17,7;15,3;17,7;17,2;16,2;15,3;93;86;86;142;8,3;4,1;
2026/08/29;1500 UTC;0;1004,9;1005,9;1004,9;676,4;18,1;15,7;18,1;17,7;16,1;15,5;90;86;86;144;7,8;4,1;
2026/08/29;1600 UTC;0;1004,4;1004,8;1004;1011,6;18,8;16;19,2;18,1;16,7;15,5;88;81;84;151;7,1;3,7;
2026/08/29;1700 UTC;0;1004,1;1004,5;1003,9;894;19,2;15,6;19,3;18,8;16,2;15,6;85;80;80;148;6,6;3,1;
2026/08/29;1800 UTC;0;1003,3;1004,4;1003,3;1163;19,6;16;20,1;19;16,6;15,4;82;76;80;151;7,3;3,1;
2026/08/29;1900 UTC;0;1003,7;1003,9;1003,2;596,7;18,5;16,6;20,2;18,4;16,9;15,9;90;78;89;146;6,8;2,9;
2026/08/29;2000 UTC;0;1004,8;1004,8;1003,6;283,5;18,4;16,5;18,5;18,4;16,7;16,2;89;87;89;161;5,2;2,3;
2026/08/29;2100 UTC;0;1004,7;1005;1004,7;149,8;17,8;16,5;18,4;17,8;16,7;16,3;92;88;92;154;4,8;2,1;
2026/08/29;2200 UTC;0;1005,7;1005,8;1004,7;3,3;17,2;16,2;17,8;17,2;16,5;16,2;94;92;94;149;4,3;1,6;
2026/08/29;2300 UTC;0;1006,1;1006,3;1005,7;0;17,1;16,1;17,3;17;16,3;16;95;93;94;138;3,2;1,3;
2026/08/30;0000 UTC;0;1007,2;1007,2;1006,1;0;16,8;15,9;17,1;16,8;16,1;15,8;95;94;94;130;3,7;1,8;
2026/08/30;0100 UTC;0;1007,5;1007,5;1007;0;16,9;15,9;16,9;16,8;16;15,9;95;94;94;158;4,9;1,6;
2026/08/30;0200 UTC;0;1007,3;1007,6;1007,2;0;16,5;15,3;16,9;16,5;16;15,2;95;92;93;154;4,5;2,6;
2026/08/30;0300 UTC;0;1007,6;1007,6;1007,1;0;16,4;14,9;16,5;16,4;15,3;14,9;93;91;91;147;5,9;2,8;
2026/08/30;0400 UTC;0;1007,8;1007,8;1007,6;0;15,9;15,2;16,4;15,9;15,3;14,8;96;91;96;158;5,9;2,9;
2026/08/30;0500 UTC;0;1007,7;1008;1007,7;0;15,8;15,2;15,9;15,8;15,3;15,2;97;96;97;151;6,2;2,8;
2026/08/30;0600 UTC;0;1007,4;1007,8;1007,4;0;15,8;15,2;15,8;15,8;15,3;15,2;97;96;97;151;6;2,8;
2026/08/30;0700 UTC;0;1007,4;1007,5;1007,3;0;15,8;15,1;15,8;15,8;15,3;15;97;95;95;152;5,3;2,1;
2026/08/30;0800 UTC;0;1007,1;1007,4;1007;0;15,8;15,1;15,8;15,8;15,1;15;95;95;95;149;5,4;2;
2026/08/30;0900 UTC;0;1007,4;1007,4;1007;0;15,8;15;15,9;15,8;15,1;14,9;95;94;95;148;4,2;1,6;
2026/08/30;1000 UTC;0;1008;1008;1007,4;,7;15,9;15,1;15,9;15,8;15,2;15;96;95;95;151;3,7;1,2;
2026/08/30;1100 UTC;0;1007,5;1008;1007,5;122;16,3;15,5;16,3;15,8;15,5;15,1;96;94;95;149;5;2,5;
2026/08/30;1200 UTC;0;1007,9;1008,1;1007,5;381,5;17,1;15,7;17,1;16,3;15,8;15,5;95;91;91;141;7,4;3,2;
2026/08/30;1300 UTC;0;1008;1008,2;1007,8;546,9;17,9;15,9;17,9;17,1;16;15,5;91;88;88;156;6;2,3;
2026/08/30;1400 UTC;0;1008,2;1008,4;1008;516,9;18,7;14,9;18,8;17,9;16;14,9;88;78;78;131;5,2;2,7;
2026/08/30;1500 UTC;0;1008,1;1008,6;1008;557,2;18,8;16,1;18,9;18,7;16,1;14,7;85;78;85;151;5,2;2,4;
2026/08/30;1600 UTC;0;1007,7;1008,2;1007,7;450;18,9;15,7;19;18,8;16,2;15,5;85;81;82;148;4,7;2,3;
2026/08/30;1700 UTC;0;1007;1007,7;1007;562,6;19,4;15,4;19,4;18,9;16,3;15,1;83;77;78;133;5;2,2;
2026/08/30;1800 UTC;0;1005,9;1006,9;1005,9;814;20;16,2;20,2;19,3;16,5;15,6;81;76;78;160;5,4;2,9;
2026/08/30;1900 UTC;0;1005,3;1006,1;1005,3;588,4;20,1;17;20,2;20;17,1;16,1;83;78;82;158;6,2;2,5;
2026/08/30;2000 UTC;0;1005,4;1005,6;1005,1;181,4;19,9;16,3;20,1;19,9;17,1;16,3;84;80;80;145;6;2,4;
2026/08/30;2100 UTC;0;1004,7;1005,7;1004,7;52,8;19,5;16,7;20,1;19,5;16,9;16,2;84;79;84;152;6;2,5;
2026/08/30;2200 UTC;1,4;1006,8;1007,8;1003;,3;19;17;19,6;19;17;15,9;88;80;88;238;6,2;2,8;
2026/08/30;2300 UTC;7;1005,6;1006,9;1005,4;,1;17,4;16,9;18,7;17,3;17,3;16,8;98;90;97;127;5,6;2,3;
2026/08/31;0000 UTC;0;1006,3;1007,7;1005,3;0;17,3;16,2;17,6;17,3;17;16,1;98;91;93;145;7,3;2,4;
2026/08/31;0100 UTC;1,2;1007,2;1007,2;1006,3;0;16,8;16,4;17,2;16,8;16,4;16,1;97;94;97;160;4,3;1,7;
2026/08/31;0200 UTC;0;1006,4;1007,3;1006,4;0;16,6;16,2;16,8;16,6;16,3;16,2;98;96;97;165;4,7;2,1;
2026/08/31;0300 UTC;0;1006,1;1006,3;1005,8;0;16,3;16,1;16,6;16,3;16,1;16;99;97;99;161;3,4;1,8;
2026/08/31;0400 UTC;0;1006,4;1006,7;1006,1;0;16,5;16;16,5;16,2;16,2;16;99;97;97;145;3,3;1,5;
2026/08/31;0500 UTC;0;1005,5;1006,4;1005,5;0;16,5;16;16,5;16,4;16,1;16;98;97;97;144;3,3;1,7;
2026/08/31;0600 UTC;0;1005,4;1005,7;1005,2;0;16,4;15,9;16,5;16,4;16,1;15,9;97;96;97;154;3,6;1,5;
2026/08/31;0700 UTC;0;1004,9;1005,2;1004,9;0;16,4;15,8;16,4;16,3;16;15,8;98;96;96;131;3,5;1,8;
2026/08/31;0800 UTC;0;1003,7;1004,9;1003,7;0;16,4;15,7;16,4;16,4;15,9;15,7;97;95;96;142;4,6;2,6;
2026/08/31;0900 UTC;0;1003,2;1003,7;1003,2;0;16,4;15,8;16,5;16,4;15,8;15,6;96;95;96;148;5,1;2,1;
2026/08/31;1000 UTC;0;1003,9;1003,9;1002,9;0;16,5;15,8;16,5;16,4;15,9;15,7;96;95;96;144;5,4;2,4;
2026/08/31;1100 UTC;0;1004,3;1004,9;1004;69,7;16,5;16,1;16,5;16,4;16,1;15,8;98;95;97;161;3,8;1,6;
2026/08/31;1200 UTC;0;1004,4;1004,7;1004,3;248,6;17,1;16;17,1;16,6;16,2;15,9;97;94;94;160;3,5;1,4;
2026/08/31;1300 UTC;0;1003,6;1005,2;1003,6;278,6;17,4;16,2;17,5;17,1;16,4;15,9;94;91;92;139;3,8;2,2;
2026/08/31;1400 UTC;0;1003,5;1004,4;1003,1;692,3;18,6;16,6;18,7;17,5;16,7;16;92;86;88;133;4,3;2,2;
2026/08/31;1500 UTC;0;1003,1;1003,8;1003,1;344,9;18,2;16,6;18,6;18,2;16,8;16,2;91;87;90;141;3,8;2,2;
2026/08/31;1600 UTC;,2;1003,5;1003,6;1003,2;226;18,2;16,8;18,6;18,2;17,1;16,3;92;87;91;156;3;1;
2026/08/31;1700 UTC;0;1002,1;1003,4;1002,1;291,6;18,2;16,7;18,4;18,1;17,2;16,6;94;90;91;191;3,2;1,3;
2026/08/31;1800 UTC;0;1001,9;1002,4;1001,8;155;18,2;16,5;18,3;18,2;16,9;16,5;92;90;90;167;4,6;1,9;
2026/08/31;1900 UTC;0;1002,4;1002,4;1001,6;258,2;18,5;16,9;18,7;18,2;17,2;16,5;92;88;90;171;4;1,6;
2026/08/31;2000 UTC;,2;1002,9;1002,9;1002,4;176,1;18,5;16,9;18,6;18,4;17;16,5;91;89;91;186;4;1,1;
2026/08/31;2100 UTC;0;1003,1;1003,4;1002,9;124,1;18,1;17,2;18,5;18,1;17,3;16,8;95;90;95;275;2,8;1,8;
2026/08/31;2200 UTC;0;1003,9;1003,9;1003,1;14,3;17,5;17,2;18,1;17,4;17,2;17;99;94;98;143;1,8;,6;
2026/08/31;2300 UTC;0;1004,2;1004,2;1003,8;0;17,9;17,1;18;17,5;17,2;17;98;94;95;144;3,1;1,6;
