REGIAO:;S
UF:;RS
ESTACAO:;MACAMBARA
CODIGO (WMO):;B851
LATITUDE:;-29,15527777
LONGITUDE:;-56,1786111
ALTITUDE:;95
DATA DE FUNDACAO:;29/04/26
Data;Hora UTC;PRECIPITAÇÃO TOTAL, HORÁRIO (mm);PRESSAO ATMOSFERICA AO NIVEL DA ESTACAO, HORARIA (mB);PRESSÃO ATMOSFERICA MAX.NA HORA ANT. (AUT) (mB);PRESSÃO ATMOSFERICA MIN. NA HORA ANT. (AUT) (mB);RADIACAO GLOBAL (Kj/m²);TEMPERATURA DO AR - BULBO SECO, HORARIA (°C);TEMPERATURA DO PONTO DE ORVALHO (°C);TEMPERATURA MÁXIMA NA HORA ANT. (AUT) (°C);TEMPERATURA MÍNIMA NA HORA ANT. (AUT) (°C);TEMPERATURA ORVALHO MAX. NA HORA ANT. (AUT) (°C);TEMPERATURA ORVALHO MIN. NA HORA ANT. (AUT) (°C);UMIDADE REL. MAX. NA HORA ANT. (AUT) (%);UMIDADE REL. MIN. NA HORA ANT. (AUT) (%);UMIDADE RELATIVA DO AR, HORARIA (%);VENTO, DIREÇÃO HORARIA (gr) (° (gr));VENTO, RAJADA MAXIMA (m/s);VENTO, VELOCIDADE HORARIA (m/s);
2026/04/29;0000 UTC;;;;;;;;;;;;;;;;;;
2026/04/29;0100 UTC;;;;;;;;;;;;;;;;;;
2026/04/29;0200 UTC;;;;;;;;;;;;;;;;;;
2026/04/29;0300 UTC;;;;;;;;;;;;;;;;;;
2026/04/29;0400 UTC;;;;;;;;;;;;;;;;;;
2026/04/29;0500 UTC;;;;;;;;;;;;;;;;;;
2026/04/29;0600 UTC;;;;;;;;;;;;;;;;;;
2026/04/29;0700 UTC;;;;;;;;;;;;;;;;;;
2026/04/29;0800 UTC;;;;;;;;;;;;;;;;;;
2026/04/29;0900 UTC;;;;;;;;;;;;;;;;;;
2026/04/29;1000 UTC;;;;;;;;;;;;;;;;;;
2026/04/29;1100 UTC;;;;;;;;;;;;;;;;;;
2026/04/29;1200 UTC;;;;;;;;;;;;;;;;;;
2026/04/29;1300 UTC;;;;;;;;;;;;;;;;;;
2026/04/29;1400 UTC;;;;;;;;;;;;;;;;;;
2026/04/29;1500 UTC;;;;;;;;;;;;;;;;;;
2026/04/29;1600 UTC;;;;;;;;;;;;;;;;;;
2026/04/29;1700 UTC;;;;;;;;;;;;;;;;;;
2026/04/29;1800 UTC;;;;;;;;;;;;;;;;;;
2026/04/29;1900 UTC;;;;;;;;;;;;;;;;;;
2026/04/29;2000 UTC;;;;;;;;;;;;;;;;;;
2026/04/29;2100 UTC;;;;;;;;;;;;;;;;;;
2026/04/29;2200 UTC;;;;;;;;;;;;;;;;;;
2026/04/29;2300 UTC;;;;;;;;;;;;;;;;;;
2026/04/30;0000 UTC;;;;;;;;;;;;;;;;;;
2026/04/30;0100 UTC;0;1004,8;1005,2;1004,5;0;16,7;11;18;15,4;12,4;9,4;80;57;72;184;1,1;,6;
2026/04/30;0200 UTC;0;1005,4;1005,6;1005,2;0;15,3;10,3;15,8;14,7;11,1;10,1;82;73;75;152;,9;,4;
2026/04/30;0300 UTC;0;1005,6;1005,7;1005,5;0;14;11,1;14,8;13,2;11,8;10,5;92;79;85;120;1;,5;
2026/04/30;0400 UTC;0;1005,8;1005,9;1005,7;0;14,5;11,4;15,2;13,1;11,8;10,7;92;79;84;65;1,8;,9;
2026/04/30;0500 UTC;0;1005,9;1006,2;1005,7;0;13,4;11,1;14,5;12,7;11,5;10,6;93;83;89;186;1,6;1;
2026/04/30;0600 UTC;0;1006,1;1006,2;1005,9;0;12,5;11,1;13,2;12;11,6;10,7;97;91;93;111;1;,6;
2026/04/30;0700 UTC;0;1005,6;1005,9;1005,5;0;12,6;10,8;14,2;12;11,6;9,9;98;79;91;80;1,6;,9;
2026/04/30;0800 UTC;0;1005,6;1005,7;1005,4;0;13,7;9,6;14,2;13;10;9,2;83;77;80;61;1,8;,9;
2026/04/30;0900 UTC;0;1005,4;1005,6;1005,3;0;13,3;9,5;14,4;12,5;9,8;9,2;86;75;81;84;1,8;,8;
2026/04/30;1000 UTC;0;1005,6;1005,8;1005,4;0;12;9,5;13,6;10,8;10,1;9;94;79;87;144;1,3;,8;
2026/04/30;1100 UTC;0;1006,1;1006,4;1005,8;279,9;10,5;9,5;11,1;10,3;9,8;9,2;96;93;95;149;,9;,5;
2026/04/30;1200 UTC;0;1006,3;1006,5;1006,1;2524,5;13,6;10,5;15,5;11,2;11,6;9,8;93;77;85;118;2,6;1,3;
2026/04/30;1300 UTC;0;1006,6;1006,7;1006,3;2730,2;18,1;11,9;20,9;15,6;12,7;10,9;81;53;69;86;3,4;2,2;
2026/04/30;1400 UTC;0;1006,1;1006,4;1005,8;2365,2;22,6;12,3;23,9;20,9;13,4;11,2;56;42;48;93;5;2,7;
2026/04/30;1500 UTC;;;;;;;;;;;;;;;;;;
2026/04/30;1600 UTC;0;1004,7;1005,1;1004,3;1278,9;26,3;14;26,8;25,8;14,9;13,2;42;35;39;67;5,6;2,7;
2026/04/30;1700 UTC;0;1004;1004,4;1003,5;538,7;27;14,4;27,4;26,5;15;13,5;40;33;37;69;5,4;2,8;
2026/04/30;1800 UTC;0;1003,2;1003,5;1003,1;379,7;27,5;14,3;27,8;27,2;15,3;13;39;28;34;59;5,7;2,9;
2026/04/30;1900 UTC;0;1002,8;1003,1;1002,6;324,1;27,6;13,9;27,8;27,4;15,2;12,9;37;27;32;65;4,8;2,4;
2026/04/30;2000 UTC;0;1002,5;1002,7;1002,3;245,9;27,1;13,6;27,5;26,3;14,2;13,1;38;29;32;71;3,6;1,9;
2026/04/30;2100 UTC;0;1002,3;1002,4;1002,1;94,6;24,9;13,3;26,3;23,1;13,8;12,9;50;36;42;62;2,1;1,5;
2026/04/30;2200 UTC;0;1002,3;1002,4;1002,2;0;21,5;12,2;23;20,4;13,2;11,7;58;50;54;71;2,8;1,5;
2026/04/30;2300 UTC;0;1002,4;1002,6;1002,3;0;20,3;11,4;20,9;19,8;12,2;10,7;59;52;55;61;3,7;2,3;
2026/05/01;0000 UTC;0;1002,9;1003,2;1002,6;0;19,3;10,8;20,8;17,7;11,2;10,5;67;50;57;96;4,3;2,2;
2026/05/01;0100 UTC;0;1003,4;1003,6;1003,2;0;18,6;10,6;19,1;18,2;10,9;10,3;62;57;60;99;4,4;2,1;
2026/05/01;0200 UTC;0;1003,4;1003,7;1003;0;17,9;11,2;18,6;17,5;11,6;10,6;69;61;66;63;4;2,4;
2026/05/01;0300 UTC;0;1003,2;1003,6;1002,9;0;17,8;11,3;18,8;17,3;11,7;11;70;64;68;76;4,6;2,2;
2026/05/01;0400 UTC;0;1002,7;1002,9;1002,6;0;19,3;11,7;19,4;18,8;12,2;11,3;65;61;62;66;4,5;2,4;
2026/05/01;0500 UTC;0;1002,1;1002,6;1001,8;0;19;11,9;19,3;18,8;12,3;11,6;67;62;64;76;4,2;2,2;
2026/05/01;0600 UTC;0;1001,9;1002;1001,6;0;18,7;12,4;19;18,4;12,8;12;71;66;69;74;3;1,6;
2026/05/01;0700 UTC;,8;1001,8;1002,3;1001,6;0;18,8;13,1;19,2;16,8;14,6;12,5;89;67;71;91;5,2;2,1;
2026/05/01;0800 UTC;3,6;1001,3;1002,1;1001,1;0;16,7;15,2;17,5;16,1;15,6;14,6;96;87;92;59;5,5;3,3;
2026/05/01;0900 UTC;0;1000,8;1001,1;1000,5;0;17,5;15;17,8;17,2;15,5;14,7;89;85;87;59;6,9;3,9;
2026/05/01;1000 UTC;0;1000,5;1000,9;1000,2;0;18,1;15,9;18,6;17,8;16,1;15,5;91;87;89;58;5,8;3,7;
2026/05/01;1100 UTC;0;1000,4;1000,7;1000,1;11,8;18,9;16;19,2;18,6;16,1;15,9;87;84;86;51;7,9;4,1;
2026/05/01;1200 UTC;0;1000,6;1001;1000,2;51,2;19,4;16,6;20,2;19;17,1;16,1;87;84;86;51;6,5;3,1;
2026/05/01;1300 UTC;,2;1000,6;1000,8;1000,4;545,8;21,5;18;22,7;20,2;19,1;17,1;85;80;83;66;8;3,4;
2026/05/01;1400 UTC;0;1000,7;1000,9;1000,4;277,5;22,8;19,6;23,5;22,6;20,4;19;87;81;84;57;6,8;2,9;
2026/05/01;1500 UTC;;;;;;;;;;;;;;;;;;
2026/05/01;1600 UTC;0;1000,1;1000,7;999,3;544,6;25,3;21,9;28,1;23,9;23,6;21;87;75;83;150;4,5;1,9;
2026/05/01;1700 UTC;0;998,9;999,2;998,6;294,2;27,5;23,3;28,1;27,2;23,7;22,7;81;74;79;310;5,3;3,6;
2026/05/01;1800 UTC;0;998,5;998,8;998,2;326,2;26,2;22,6;28,8;23,4;24,4;21,1;89;74;82;196;4,2;2,3;
2026/05/01;1900 UTC;0;998,2;998,5;998;178;23,9;21,7;24,7;23,2;22;21,3;92;86;89;153;1,8;1,1;
2026/05/01;2000 UTC;6;998,5;999;998;166,4;23;22,3;23,4;22,5;22,7;21,6;98;92;97;129;3,4;1,2;
2026/05/01;2100 UTC;0;998,7;998,9;998,5;40,8;22,3;22;22,5;22;22,1;21,8;99;97;98;134;2,3;1,2;
2026/05/01;2200 UTC;3,8;998,8;999,3;998,5;0;22,2;22,1;22,6;21,8;22,5;21,7;100;98;99;201;2,8;1,9;
2026/05/01;2300 UTC;2,2;999,5;1000;999;0;22,5;22,5;22,7;22,4;22,6;22,3;100;100;100;185;4,5;1,5;
2026/05/02;0000 UTC;2;999,9;1000,8;999,2;0;22,3;22,2;22,6;22,1;22,5;22,1;100;99;99;162;1,6;1;
2026/05/02;0100 UTC;,6;1000,8;1001,1;1000,5;0;21,7;21,6;22,1;21;22,1;20,9;100;99;100;104;3,9;2;
2026/05/02;0200 UTC;12,1;1001,2;1001,8;1000,8;0;20,8;20,8;20,9;20,8;20,9;20,6;100;99;100;70;3,4;1,4;
2026/05/02;0300 UTC;3,4;1001,7;1001,9;1001,3;0;20,9;20,9;20,9;20,9;21;20,9;100;100;100;280;2,2;1,1;
2026/05/02;0400 UTC;0;1002;1002,4;1001,7;0;20,9;21;21;20,9;21;20,8;100;100;100;192;1,9;1,2;
2026/05/02;0500 UTC;0;1002,5;1002,7;1002,2;0;20,8;20,8;21;20,7;21;20,8;100;100;100;237;1,9;,7;
2026/05/02;0600 UTC;,2;1002,4;1002,6;1002,2;0;20,6;20,5;20,8;20,5;20,8;20,4;100;99;99;211;4,7;2,9;
2026/05/02;0700 UTC;0;1002,6;1002,9;1002,4;0;20,7;20,4;20,8;20,5;20,5;20,3;99;98;99;193;4,8;2,5;
2026/05/02;0800 UTC;0;1003,3;1003,8;1002,8;0;20,3;19,9;20,5;19,9;20,4;19,4;99;97;98;187;4,8;2,1;
2026/05/02;0900 UTC;0;1004,4;1005,1;1003,8;0;19,6;18,9;19,9;19,3;19,4;17,8;98;93;97;179;5,1;2,4;
2026/05/02;1000 UTC;0;1005,5;1005,9;1005,1;0;18,7;17,7;19,3;18,2;17,9;17,5;97;92;95;181;3;1,1;
2026/05/02;1100 UTC;0;1006,6;1007,2;1006;21,5;18;17,1;18,2;17,6;17,5;16,9;96;94;95;184;4,7;1,1;
2026/05/02;1200 UTC;0;1007,6;1008,3;1006,9;473,9;17,9;17;18,6;17,6;17,4;16,8;97;93;95;194;4,9;2,8;
2026/05/02;1300 UTC;0;1008,8;1009,6;1008,3;1712,1;19,5;17,4;20,7;18,5;17,9;17;94;83;89;185;8,3;3,7;
2026/05/02;1400 UTC;0;1010;1010,6;1009,5;1115,5;20,2;17,3;21;19,5;17,8;16,8;89;81;85;174;6,8;3,2;
2026/05/02;1500 UTC;0;1010,4;1010,6;1010,2;1530,1;21,3;16,9;22,2;20,4;17,8;16,4;81;74;78;179;7,8;2,8;
2026/05/02;1600 UTC;0;1010,4;1010,5;1010,3;899,9;22,8;16,1;23,2;22,2;17,5;15;76;60;67;168;5,7;3,3;
2026/05/02;1700 UTC;0;1010,4;1010,5;1010,3;415;23;14,8;23,3;22,8;15,5;13,9;63;55;59;174;7,8;3;
2026/05/02;1800 UTC;0;1010,4;1010,6;1010,2;385;22,8;13,3;23,1;22,6;14,6;11,5;59;43;52;173;5,7;3,2;
2026/05/02;1900 UTC;0;1010,5;1010,9;1010,2;341,3;22,1;12,4;22,5;21,6;13,1;11,2;54;48;52;182;8,4;3,5;
2026/05/02;2000 UTC;0;1010,9;1011;1010,7;280,4;21;10,6;21,6;20,3;11,2;9,7;50;46;48;175;8,7;2,9;
2026/05/02;2100 UTC;0;1011,4;1011,7;1011;121,3;19,2;9,5;20,3;17,7;10;9,1;58;47;51;169;3;1,5;
2026/05/02;2200 UTC;0;1012,1;1012,4;1011,7;,6;16,1;9,3;17,6;15;9,6;8,9;70;58;66;179;2,4;1,2;
2026/05/02;2300 UTC;0;1012,8;1013,2;1012,4;0;14,1;8,8;15;13,6;9;8,3;75;70;73;169;2,4;1,4;
2026/05/03;0000 UTC;0;1013,5;1013,7;1013,2;0;13,3;7,9;13,9;12,9;8,4;7,4;75;71;73;176;2,8;1,3;
2026/05/03;0100 UTC;0;1014;1014,4;1013,8;0;12,3;7,5;12,8;11,7;7,7;7,3;79;73;76;158;2,8;1,6;
2026/05/03;0200 UTC;0;1014,5;1014,7;1014,3;0;11,4;7,1;12;10,8;7,5;6,8;83;76;78;157;2,4;1,3;
2026/05/03;0300 UTC;0;1015;1015,2;1014,7;0;10,3;7;10,9;9,9;7,4;6,8;85;82;84;148;2;1,2;
2026/05/03;0400 UTC;0;1015,2;1015,4;1015,1;0;9,6;6,4;9,9;9,4;6,8;6,1;85;83;84;154;1,7;1,2;
2026/05/03;0500 UTC;0;1015,4;1015,5;1015,2;0;8,7;6,2;9,5;7,8;6,4;5,9;92;82;87;158;1,6;1;
2026/05/03;0600 UTC;0;1015,2;1015,3;1015,1;0;7,7;6,3;8;7,4;6,8;6;95;90;93;144;1,1;,7;
2026/05/03;0700 UTC;0;1015;1015,1;1014,9;0;7,2;5,8;7,7;6,8;6,1;5,7;96;91;93;127;1,1;,5;
2026/05/03;0800 UTC;0;1014,7;1014,9;1014,5;0;7,1;5,5;7,2;6,8;5,9;5,1;95;90;92;131;1,5;,8;
2026/05/03;0900 UTC;0;1014,6;1014,9;1014,4;0;6,9;5,2;7,1;6,7;5,5;4,9;94;90;92;136;1,5;1;
2026/05/03;1000 UTC;0;1014,4;1014,5;1014,3;0;6,5;5,1;6,8;6,3;5,3;4,9;94;91;93;140;2,1;1,1;
2026/05/03;1100 UTC;0;1014,4;1014,5;1014,3;342,9;6,4;5,2;7,5;6,1;5,6;4,9;96;90;94;127;3,2;1,5;
2026/05/03;1200 UTC;0;1014;1014,4;1013,6;2651,3;8,8;5,9;9,9;7,6;6,4;5,4;90;80;85;128;4,6;2,6;
2026/05/03;1300 UTC;0;1013,7;1013,9;1013,4;2965,6;11,6;6,4;12,9;9,9;7,1;5,8;82;66;74;119;7,9;3,2;
2026/05/03;1400 UTC;0;1013,2;1013,5;1012,8;2713,4;14;6,3;15,3;13;7,4;5,6;68;55;61;103;7,1;3,6;
2026/05/03;1500 UTC;0;1012,3;1012,8;1011,9;2131,4;15,8;6,4;16,7;14,9;7,4;5,6;59;47;53;91;7,8;3,7;
2026/05/03;1600 UTC;0;1011,2;1012;1010,5;1371;17,4;7,5;18,3;16,4;8,7;6,3;57;47;51;102;6,3;3,1;
2026/05/03;1700 UTC;0;1009,8;1010,5;1009,2;550,3;18,7;7,9;19,3;17,9;9;7;51;42;46;98;7;3,7;
2026/05/03;1800 UTC;0;1008,5;1009,1;1007,9;395,5;19,8;8,3;20,3;19,1;9,2;7,7;45;40;43;98;6,4;3,1;
2026/05/03;1900 UTC;0;1007,4;1007,9;1006,9;326,7;20,3;9;20,7;19,9;10;8,5;47;40;44;105;5,5;2,3;
2026/05/03;2000 UTC;0;1006,9;1007,1;1006,8;268;20,6;9,5;20,9;20,1;10,3;8,9;48;40;45;99;4;2,2;
2026/05/03;2100 UTC;0;1006,6;1006,8;1006,5;96,5;19,6;9,8;20,5;17,9;10,3;9,1;60;44;51;118;2,2;,8;
2026/05/03;2200 UTC;0;1006,2;1006,5;1006,1;0;16,4;9,7;17,8;15,1;10;9,2;73;60;66;82;2,6;1;
2026/05/03;2300 UTC;0;1006,9;1007,1;1006,4;0;13,8;10;15;13,1;10,3;9,6;85;73;81;147;1,2;,8;
2026/05/04;0000 UTC;0;1006,8;1007,1;1006,6;0;12,8;9,7;13,1;12,1;10;9,6;88;83;85;140;1,7;1;
2026/05/04;0100 UTC;0;1006,8;1006,9;1006,7;0;11,8;9,6;12,1;11,6;9,7;9,3;89;88;89;121;3,1;1,3;
2026/05/04;0200 UTC;0;1006,4;1006,7;1006,1;0;11,3;9;11,5;10,9;9,4;8,8;90;88;89;127;4;1,4;
2026/05/04;0300 UTC;0;1006;1006,3;1005,8;0;10,4;8,7;10,9;10,1;8,9;8,5;93;90;91;131;2,1;1,1;
2026/05/04;0400 UTC;0;1005,7;1005,9;1005,5;0;9,7;8,3;10,1;9,3;8,5;8,2;95;91;93;133;1,8;1,1;
2026/05/04;0500 UTC;0;1005,2;1005,4;1004,9;0;9,2;8,2;9,4;9;8,4;8;96;94;95;136;2,1;1,3;
2026/05/04;0600 UTC;0;1004,7;1004,9;1004,3;0;9;8,1;9,1;9;8,2;8;96;94;96;129;1,9;1,5;
2026/05/04;0700 UTC;0;1003,9;1004,2;1003,5;0;8,9;8,2;9;8,7;8,3;8,1;97;96;96;128;3,1;1,2;
2026/05/04;0800 UTC;0;1003,6;1003,7;1003,4;0;8,7;8,2;8,9;8,5;8,4;8,1;98;97;97;137;1,9;1,3;
2026/05/04;0900 UTC;0;1003,6;1003,8;1003,4;0;9;8,3;9,3;8,8;8,4;8,2;97;95;96;108;3,7;1,8;
2026/05/04;1000 UTC;0;1003,7;1003,9;1003,4;0;9,2;8,5;9,3;9;8,7;8,3;98;95;97;130;1,6;1,2;
2026/05/04;1100 UTC;0;1004,1;1004,3;1003,9;80,4;9,6;9;10,5;9,3;9,4;8,7;98;94;97;117;2,2;1,2;
2026/05/04;1200 UTC;0;1004,7;1005;1004,3;520,8;11,8;10,2;13,7;10,5;11,6;9,1;95;88;92;107;2,1;1;
2026/05/04;1300 UTC;0;1004,9;1005,1;1004,7;336,1;15,2;12,3;17;13,7;14;11,4;91;77;85;69;3,9;2;
2026/05/04;1400 UTC;0;1004,9;1005;1004,7;235,2;17,7;13,2;18,4;16,8;14,1;12,6;82;74;78;54;3,5;1,9;
2026/05/04;1500 UTC;0;1004,5;1004,9;1004,1;283,6;18,5;13,9;19,2;17,9;14,8;13,3;80;75;77;58;4;1,7;
2026/05/04;1600 UTC;0;1003,9;1004,1;1003,7;426,2;20,2;15,7;20,9;19,3;16,9;14,6;80;75;77;52;3;1,4;
2026/05/04;1700 UTC;0;1003,3;1003,9;1002,7;301,3;20,8;16,9;21,1;20,4;17,5;16,3;83;78;80;78;2,1;1,4;
2026/05/04;1800 UTC;0;1002,4;1002,7;1002,2;292,9;21,4;17,7;22;21;18,5;17,1;84;79;81;56;2,7;1,3;
2026/05/04;1900 UTC;0;1002;1002,3;1001,7;238,8;21,9;18,6;22,5;21,3;19,5;18;85;80;83;54;2,3;1,2;
2026/05/04;2000 UTC;;;;;;;;;;;;;;;;;;
2026/05/04;2100 UTC;0;1001,9;1002;1001,8;35;21,8;19,8;22,2;21,4;19,9;19,6;92;88;90;67;1,8;1,1;
2026/05/04;2200 UTC;;;;;;;;;;;;;;;;;;
2026/05/04;2300 UTC;0;1002,2;1002,2;1002,1;0;20,6;19,7;20,8;20,4;19,9;19,5;96;94;96;54;3;1,8;
2026/05/05;0000 UTC;0;1002,3;1002,5;1002,1;0;20,2;19,6;20,5;19,8;19,8;19,4;98;96;97;72;3,4;1,8;
2026/05/05;0100 UTC;0;1002,6;1002,8;1002,4;0;19,8;19,2;19,9;19,5;19,5;19;98;97;97;66;2,8;1,8;
2026/05/05;0200 UTC;0;1002,8;1002,9;1002,7;0;19,7;19,1;19,8;19,5;19,2;18,9;98;97;97;62;3,3;1,6;
2026/05/05;0300 UTC;0;1003;1003,1;1002,8;0;20;19,3;20,1;19,7;19,5;19,1;98;96;97;60;3,3;2,1;
2026/05/05;0400 UTC;0;1003,2;1003,3;1003;0;20,3;19,6;20,5;20,1;19,8;19,5;97;96;97;55;4,2;2;
2026/05/05;0500 UTC;0;1003,3;1003,4;1003,3;0;20,6;19,9;20,8;20,5;20;19,8;97;96;96;;;;
2026/05/05;0600 UTC;0;1003,1;1003,3;1002,9;0;20,8;20;20,9;20,5;20,1;19,9;97;96;96;;;;
2026/05/05;0700 UTC;0;1002,9;1003;1002,8;0;20,9;20,1;21,1;20,6;20,2;20;97;95;96;;;;
2026/05/05;0800 UTC;0;1002,9;1003,1;1002,8;0;21,2;20,2;21,3;21,1;20,3;20,2;96;95;95;;;;
2026/05/05;0900 UTC;0;1003,2;1003,4;1003,1;0;20,9;20,1;21,1;20,9;20,2;20,1;96;95;96;;;;
2026/05/05;1000 UTC;0;1003,5;1003,8;1003,4;0;20,7;19,9;20,9;20,5;20,1;19,7;96;95;96;;;;
2026/05/05;1100 UTC;0;1004,1;1004,5;1003,8;222,7;20,8;19,7;21,5;20,5;19,8;19,6;96;91;95;;;;
2026/05/05;1200 UTC;0;1004,7;1004,9;1004,6;1899,2;22,8;19,9;24;21,6;20,5;19,6;91;80;85;;;;
2026/05/05;1300 UTC;0;1004,9;1005,1;1004,8;2333,1;24,8;20,2;25,7;23,9;20,8;19,8;81;73;77;62;5,9;2,7;
2026/05/05;1400 UTC;0;1005,2;1005,2;1005;2074,5;27;20,8;28,2;25,8;21,4;20,3;75;64;69;82;7,7;2,7;
2026/05/05;1500 UTC;0;1004,9;1005,2;1004,6;1675,8;28,5;21,4;29,3;27,9;22,4;20,6;68;61;65;102;6,3;2,5;
2026/05/05;1600 UTC;0;1004,3;1004,7;1003,9;956,7;29,7;22,1;30,4;29,2;22,8;21,5;65;59;62;103;6,8;3,2;
2026/05/05;1700 UTC;0;1003,5;1003,9;1003,1;430,5;30,9;22,4;31,4;30,5;23,1;22;61;54;58;122;7,3;2,8;
2026/05/05;1800 UTC;0;1002,7;1003,1;1002,4;344,9;31,4;22,4;31,7;31,1;23,1;21,8;59;52;55;144;5,4;1,8;
2026/05/05;1900 UTC;0;1002,2;1002,4;1002,1;312,3;31,6;22,3;31,8;31,4;22,9;21,9;56;51;54;124;6,1;2,4;
2026/05/05;2000 UTC;0;1002,1;1002,1;1002;173;30,8;22;31,6;30;22,4;21,7;61;52;56;116;4,1;1,5;
2026/05/05;2100 UTC;0;1002,1;1002,2;1002;64,9;29,2;22,1;30,7;27,5;22,2;21,8;72;56;64;42;2,8;1,3;
2026/05/05;2200 UTC;0;1002,4;1002,5;1002,2;0;26,5;21,4;27,5;25,8;21,8;21;76;72;75;50;2,6;1,3;
2026/05/05;2300 UTC;0;1002,6;1002,8;1002,4;0;25,5;21;25,8;25,2;21,1;20,9;80;76;77;46;3,1;1,5;
2026/05/06;0000 UTC;0;1003;1003,4;1002,8;0;25;20,9;25,2;24,9;21,1;20,8;80;79;79;48;3,1;1,6;
2026/05/06;0100 UTC;0;1003,3;1003,4;1003,2;0;24,8;20,7;25,1;24,4;20,9;20,6;81;79;80;49;3,8;1,4;
2026/05/06;0200 UTC;0;1003,4;1003,5;1003,2;0;24,2;20,5;24,6;23,5;20,6;20,5;85;80;82;40;3,1;1,5;
2026/05/06;0300 UTC;0;1003,3;1003,5;1003,2;0;23,4;20,5;23,6;23,2;20,5;20,4;86;84;85;44;3,8;1,6;
2026/05/06;0400 UTC;0;1003,4;1003,6;1003,3;0;23,1;20,5;23,3;22,9;20,5;20,4;88;86;87;36;3,7;1,7;
2026/05/06;0500 UTC;0;1003,4;1003,5;1003,4;0;22,6;20,4;23;22,3;20,5;20,4;90;87;89;47;2,4;1,1;
2026/05/06;0600 UTC;0;1003,5;1003,6;1003,5;0;22,5;20,4;22,6;22,4;20,4;20,3;90;89;89;50;2,4;1,4;
2026/05/06;0700 UTC;0;1003,6;1003,6;1003,5;0;23;20,5;23,4;22,5;20,7;20,4;90;86;88;54;2,7;1,5;
2026/05/06;0800 UTC;;;;;;;;;;;;;;;;;;
2026/05/06;0900 UTC;0;1003,5;1003,6;1003,3;0;22,3;20,1;22,9;21,7;20,5;19,8;91;88;89;48;4,2;2,2;
2026/05/06;1000 UTC;0;1003,4;1003,6;1003,3;0;21,8;19,6;22,1;21,5;19,8;19,4;90;88;89;50;4,3;2,1;
2026/05/06;1100 UTC;0;1003,5;1003,6;1003,4;125,3;21,9;19,5;22,2;21,6;19,6;19,4;89;87;88;55;4,6;2,5;
2026/05/06;1200 UTC;0;1003,7;1003,8;1003,4;1260,9;23,1;19,9;24,7;22;20,4;19,6;88;78;84;53;5,9;2,6;
2026/05/06;1300 UTC;0;1003,5;1003,6;1003,4;1391,2;25,5;20,8;26,2;24,7;21,2;20,3;80;73;76;59;6,4;2,6;
2026/05/06;1400 UTC;0;1003,5;1003,7;1003,2;1280,9;26,9;21,5;27,9;25,9;22,3;20,8;76;69;73;56;6,3;2,5;
2026/05/06;1500 UTC;0;1002,8;1003,2;1002,4;1328,2;29,2;22,2;30,6;27,9;23,5;21,6;71;59;65;79;6,1;2,6;
2026/05/06;1600 UTC;0;1001,9;1002,5;1001,4;918,4;30,7;22,4;31,4;30,4;23,3;21,9;63;55;58;97;7;2,8;
2026/05/06;1700 UTC;0;1000,8;1001,4;1000,2;556,7;31,1;22,3;31,6;30,8;22,8;21,7;59;53;56;113;7,2;3,2;
2026/05/06;1800 UTC;0;999,6;1000,2;999,2;529,4;31,9;22,5;32,3;31,4;23,1;22;56;48;53;170;7,2;2,6;
2026/05/06;1900 UTC;0;998,9;999,3;998,6;390,6;32;22,3;32,3;31,7;23;21,7;54;50;52;111;8,3;3,6;
2026/05/06;2000 UTC;0;998,5;998,7;998,4;244,5;31,3;22,2;31,8;30,9;22,9;21,7;60;50;55;78;5,6;2;
2026/05/06;2100 UTC;0;998,2;998,4;998,1;104,4;29,5;22,1;31;27,8;22,5;21,9;71;56;63;48;4;1,6;
2026/05/06;2200 UTC;0;998,3;998,4;998,1;0;27;21,9;27,7;26,1;22;21,8;79;71;74;50;3,8;1,6;
2026/05/06;2300 UTC;0;998,2;998,4;998;0;25,9;21,8;26,1;25,6;21,9;21,8;81;79;80;50;3,8;1,8;
2026/05/07;0000 UTC;0;997,9;998;997,8;0;25,9;21,8;26;25,7;21,8;21,6;80;79;79;62;5,2;2,1;
2026/05/07;0100 UTC;0;997,9;998;997,8;0;25,5;21,5;25,9;25,3;21,6;21,4;81;78;80;55;4,1;1,9;
2026/05/07;0200 UTC;0;997,6;997,9;997,5;0;25,3;21,3;25,4;25,2;21,4;21,1;81;79;80;49;5,3;2,4;
2026/05/07;0300 UTC;0;997,4;997,5;997,1;0;25,2;21,1;25,3;25,1;21,2;20,9;80;79;79;49;6,4;2,5;
2026/05/07;0400 UTC;0;996,8;997,2;996,6;0;24,9;20,8;25,1;24,8;21;20,6;80;79;79;61;5,1;2,2;
2026/05/07;0500 UTC;0;996,4;996,7;996,1;0;24,5;20,5;24,7;24,2;20,7;20,4;81;79;80;49;5,8;2,4;
2026/05/07;0600 UTC;0;995,7;996,1;995,3;0;24,1;20,3;24,2;24;20,4;20,2;81;80;81;49;5;2,5;
2026/05/07;0700 UTC;0;995,1;995,3;994,9;0;24;20,2;24,2;23,9;20,2;20,1;81;80;81;49;5;2,3;
2026/05/07;0800 UTC;0;994,5;994,9;993,9;0;23,7;20,1;23,9;23,4;20,2;20;83;81;82;52;5,3;2;
2026/05/07;0900 UTC;0;993,4;993,9;992,9;0;23,6;19,8;23,7;23,4;20,1;19,5;83;79;81;42;7,2;3,4;
2026/05/07;1000 UTC;0;993,5;993,8;992,8;0;23,7;19,4;23,9;23,5;19,5;19,3;80;77;79;81;5,9;2,6;
2026/05/07;1100 UTC;0;993,9;994,1;993,7;38,7;23,7;19,3;23,9;23,6;19,4;19,1;79;76;78;81;6;2,6;
2026/05/07;1200 UTC;0;993,2;993,7;992,7;1245,7;25;19,2;26,1;23,9;19,5;19;76;65;71;92;8,5;4,4;
2026/05/07;1300 UTC;0;991,9;992,6;991,1;2259,4;26,8;19,4;27,3;26,2;19,6;19,2;66;60;63;108;12,4;6;
2026/05/07;1400 UTC;0;990,3;991,2;989,4;1302;28,2;19,8;29,1;27,3;20,3;19,2;61;55;58;127;12,7;5,4;
2026/05/07;1500 UTC;0;988,8;989,4;988,5;506,2;29,6;20,4;30,3;29,2;21,3;19,9;56;51;54;190;11,4;4,3;
2026/05/07;1600 UTC;0;989,1;989,6;988,4;432,3;30;20,5;30,5;29,4;21,2;20,1;55;50;53;203;12,6;4;
2026/05/07;1700 UTC;0;987,7;988,6;986,8;352,4;29,6;20,3;30,3;29,1;21,1;19,8;56;50;54;186;10,4;3,8;
2026/05/07;1800 UTC;0;986,7;987,2;986,2;162,9;28,6;19,8;29,1;28,3;20,2;19,4;57;54;56;206;10,4;3,7;
2026/05/07;1900 UTC;1,2;987,3;990,1;986;43,7;25,5;19,1;28,3;19,1;19,8;17,7;97;56;68;239;17,5;10,3;
2026/05/07;2000 UTC;;;;;;;;;;;;;;;;;;
2026/05/07;2100 UTC;,8;991,5;992,4;990,2;,3;18,4;17,6;18,7;18,1;18,1;17,1;97;94;96;238;15,1;9,7;
2026/05/07;2200 UTC;1,8;992,9;994;991,2;0;17,8;16,7;18,1;17,3;17,2;16,1;96;92;94;231;14,4;9,2;
2026/05/07;2300 UTC;,2;993,2;994,2;992,3;,1;16,4;14,2;17,3;15,7;16,2;12;94;81;89;213;16,4;9,7;
2026/05/08;0000 UTC;0;994,7;997,2;993,6;0;15,5;11,7;15,7;15,3;12,1;11;83;78;81;226;11,5;7,6;
2026/05/08;0100 UTC;,6;996,4;997,6;995,5;0;14,4;12,2;15,4;13,8;12,8;11,3;95;79;89;226;6,5;3,8;
2026/05/08;0200 UTC;,4;996,7;997,6;996,2;0;13,8;12,7;14;13,7;13,1;12,2;96;92;94;298;3,4;2,4;
2026/05/08;0300 UTC;,8;997,8;998,7;996,6;0;13,8;13,1;13,9;13,7;13,4;12,9;97;95;96;279;5,7;3,5;
2026/05/08;0400 UTC;0;998,1;998,4;997,8;0;13,8;12,4;14,1;13,1;13,5;11,4;97;90;93;260;8;4,5;
2026/05/08;0500 UTC;0;998,8;999,1;998,3;0;12,4;10,8;13,1;11,9;11,3;10,6;95;90;92;268;5,2;3,6;
2026/05/08;0600 UTC;0;999,3;999,6;998,8;0;11,5;10,1;12;10,9;10,8;9,8;95;91;93;298;5,6;3,7;
2026/05/08;0700 UTC;0;999,8;1000;999,5;0;10,9;10;11,2;10,7;10,1;9,8;96;94;95;300;5,4;3,9;
2026/05/08;0800 UTC;0;1000;1000,2;999,8;0;10,7;9,8;11;10,3;9,9;9,7;97;94;96;311;5,6;4,2;
2026/05/08;0900 UTC;0;1000,4;1000,5;1000,1;0;10,1;9,6;10,4;9,8;9,8;9,3;98;97;97;305;4,3;3,3;
2026/05/08;1000 UTC;0;1000;1000,3;999,7;0;9,7;9,1;9,8;9,2;9,4;8,7;98;96;97;313;4,8;3,5;
2026/05/08;1100 UTC;0;1001,2;1001,9;1000,3;;9,6;9;10,1;9,2;9,2;8,8;98;94;97;314;5,7;4,2;
2026/05/08;1200 UTC;0;1002,2;1002,4;1001,8;;10,8;9,3;11,7;10;9,7;8,8;96;86;92;305;6,4;4,6;
2026/05/08;1300 UTC;0;1002,6;1002,7;1002,2;;12,9;9,4;13,9;11,7;10,2;8,9;90;76;83;283;7,7;5,1;
2026/05/08;1400 UTC;,2;1002,8;1003;1002,5;;14,6;9;15,2;13,9;10;7,4;79;62;72;278;10,4;6,5;
2026/05/08;1500 UTC;0;1002,2;1002,6;1001,8;;15,7;7,5;16,5;14,8;8,4;6;66;53;59;277;8,4;5,6;
2026/05/08;1600 UTC;0;1001,6;1001,9;1001,1;;16,3;6,8;16,8;15,4;7,5;6,1;57;49;53;279;10;6,2;
2026/05/08;1700 UTC;0;1000,8;1001,1;1000,5;;16,8;6,9;17,3;16,3;7,8;6,1;55;45;50;273;10,6;6,8;
2026/05/08;1800 UTC;0;1000,2;1000,6;999,9;;17,1;7;17,5;16,7;7,9;6,1;53;45;49;272;8,3;5,5;
2026/05/08;1900 UTC;0;1000,3;1000,5;1000;;16,7;6,3;17,5;16;7,7;5,1;53;44;48;267;8,8;5,6;
2026/05/08;2000 UTC;0;1000,4;1000,6;1000,3;;15,8;4,9;16,5;15,1;5,9;4,2;48;42;46;258;9,1;5,2;
2026/05/08;2100 UTC;0;1000,8;1001,2;1000,4;;14,1;4,1;15,1;12,8;4,7;3,4;55;47;50;263;6,8;3,6;
2026/05/08;2200 UTC;0;1001,5;1001,8;1001,2;;12,1;3,5;12,7;11,4;3,8;3;62;52;57;265;4,3;2,7;
2026/05/08;2300 UTC;0;1002,3;1002,6;1001,7;;11,2;3,7;11,7;10,8;3,9;3,3;65;59;62;270;3,5;2,2;
2026/05/09;0000 UTC;0;1002,7;1002,9;1002,4;;10,8;3,5;11,1;10,3;4,1;2,8;68;59;63;266;3,3;2,2;
2026/05/09;0100 UTC;0;1003,3;1003,9;1002,8;;10,3;3,2;11,1;9,4;4;2,8;72;59;64;286;2,7;1,8;
2026/05/09;0200 UTC;0;1004;1004,5;1003,6;;9,6;3,9;9,8;9,2;4,7;3,4;77;68;72;301;2,3;1,7;
2026/05/09;0300 UTC;0;1004,6;1005;1004;;8,9;4,4;9,4;8,5;5;3,6;80;72;77;291;3,4;2,3;
2026/05/09;0400 UTC;0;1005,3;1005,8;1004,9;;8,5;4,8;8,9;8,3;5,2;4,4;84;79;81;299;2,6;1,8;
2026/05/09;0500 UTC;0;1005,9;1006,2;1005,6;;8,8;5,5;9,1;8,4;5,8;5,1;85;81;83;313;3,2;2,6;
2026/05/09;0600 UTC;0;1005,9;1006,3;1005,5;;8,4;5,8;9,1;7,8;6,2;5;92;81;87;283;3,9;2,5;
2026/05/09;0700 UTC;0;1006,3;1006,5;1006;;8,5;6;9,1;7,9;6,3;5,1;92;81;87;295;3,6;2;
2026/05/09;0800 UTC;0;1006;1006,3;1005,8;;8,6;6,3;9,2;8,1;6,5;5,7;92;85;88;286;3,8;2,7;
2026/05/09;0900 UTC;0;1006,3;1006,5;1006,1;;8,5;5,5;9,2;7,9;6;4,5;90;77;85;272;3,7;2,4;
2026/05/09;1000 UTC;0;1006,7;1007,5;1006,1;;8,6;4,7;8,9;8;5,5;4,2;87;77;80;243;5,5;3,4;
2026/05/09;1100 UTC;0;1008;1008,4;1007,5;;8,8;4,5;9,2;8,5;5,4;3,6;83;73;78;296;3,5;2,2;
2026/05/09;1200 UTC;0;1008,7;1009;1008,3;;9,8;5,2;10,7;8,6;5,9;4,5;84;70;77;277;3,4;2,5;
2026/05/09;1300 UTC;0;1009,4;1009,9;1009;;11;5,6;11,9;10,2;6,4;4,8;76;68;73;282;5,4;3,3;
2026/05/09;1400 UTC;0;1010,2;1010,5;1009,8;;12,9;5,3;14,2;11,9;6,7;4,2;72;52;62;243;10,4;6,6;
2026/05/09;1500 UTC;0;1010,4;1010,7;1010,2;;13,5;4,9;14,1;12,8;5,5;4,3;61;53;57;241;10,4;7;
2026/05/09;1600 UTC;0;1010,5;1010,9;1010,3;;13,6;5,5;14;12,8;6;4,7;62;54;59;236;8,5;5,4;
2026/05/09;1700 UTC;0;1010,2;1010,5;1010;;14,2;6;14,7;13,5;6,7;5,3;62;57;59;236;8;5,5;
2026/05/09;1800 UTC;0;1010,1;1010,4;1009,9;;13,6;6,3;14,4;13;6,7;6;66;59;64;231;9,4;6,6;
2026/05/09;1900 UTC;0;1010,4;1010,6;1010,2;;13,5;6,5;14;13;6,9;6;67;63;65;234;7,6;5,5;
2026/05/09;2000 UTC;0;1010,6;1011,1;1010,2;;12,8;6,2;13,7;12,2;6,6;5,4;71;62;67;232;10,2;7;
2026/05/09;2100 UTC;0;1011,3;1011,5;1011,1;;11,8;6;12,1;11,5;6,2;5,6;73;69;71;211;5,2;3,8;
2026/05/09;2200 UTC;0;1011,4;1011,7;1011,2;;11,2;6,7;11,5;11;7,1;6,2;80;74;78;240;3,2;2,4;
2026/05/09;2300 UTC;0;1012,2;1012,8;1011,8;;11,3;6,7;11,4;11,1;7,2;6;80;73;77;232;8,6;5,7;
2026/05/10;0000 UTC;0;1013,2;1013,9;1012,7;;10,1;6,2;11,1;9;6,4;6;86;74;81;231;4;2,9;
2026/05/10;0100 UTC;0;1014,2;1014,7;1013,9;;9;6;9,2;8,6;6,1;5,9;86;84;85;256;3,4;1,9;
2026/05/10;0200 UTC;0;1014,9;1015,1;1014,7;;8,4;5,9;8,8;7,8;6,1;5,6;91;85;87;283;3,7;2,3;
2026/05/10;0300 UTC;0;1015,1;1015,4;1015;;9,1;6,5;9,8;7,9;6,8;6,1;92;83;87;257;3,6;2,1;
2026/05/10;0400 UTC;0;1015,2;1015,4;1015,1;;9,2;6,6;9,9;8,3;7;6,3;91;83;87;230;4,3;2,8;
2026/05/10;0500 UTC;0;1015,3;1015,4;1015,2;;9,6;7;10;9;7,3;6,7;90;84;87;245;4,9;3,1;
2026/05/10;0600 UTC;0;1015,1;1015,3;1014,8;;9,9;6,7;10;9,7;7,2;6,4;86;83;84;231;6,1;4,1;
2026/05/10;0700 UTC;0;1014,5;1014,8;1014,3;;9,4;6,6;9,8;9,1;7;6,4;89;84;86;239;4,3;3;
2026/05/10;0800 UTC;0;1014,3;1014,6;1014,2;;9,4;6,8;9,6;9;7;6,6;88;85;87;229;4,7;3;
2026/05/10;0900 UTC;0;1014,8;1015;1014,5;;8,8;6,9;9;8,6;7,3;6,6;92;89;90;227;4,7;3,4;
2026/05/10;1000 UTC;0;1014,6;1014,8;1014,4;;8,1;6,2;8,9;7,1;6,6;5,8;94;88;90;277;3,3;1,8;
2026/05/10;1100 UTC;0;1014,8;1015,2;1014,5;;7,4;6,2;8;7;6,6;6;96;93;94;277;2,9;1,9;
2026/05/10;1200 UTC;0;1014,8;1015,1;1014,7;;8,8;6,8;9,9;7,9;7,3;6,4;93;86;90;270;4,1;2,6;
2026/05/10;1300 UTC;0;1015,2;1015,3;1015;;10,7;7;11,8;9,9;7,4;6,6;86;76;81;235;5;3,2;
2026/05/10;1400 UTC;0;1015,1;1015,4;1014,8;;11,8;7;12,8;11,1;7,7;6;80;72;76;232;3,6;2,3;
2026/05/10;1500 UTC;0;1014,9;1015;1014,7;;12,8;6,3;13,5;11,6;7,4;5,4;73;61;67;216;5;3,2;
2026/05/10;1600 UTC;0;1014,6;1014,8;1014,4;;13,5;5,7;14,5;12,2;6,9;4,8;71;55;61;251;5,1;2,8;
2026/05/10;1700 UTC;0;1013,9;1014,4;1013,5;;14,3;5,1;15,2;13,5;6,3;4,2;60;49;54;257;5,2;3,2;
2026/05/10;1800 UTC;0;1013;1013,5;1012,8;;15,2;4,9;15,7;14,6;5,8;4,1;53;45;49;243;6,3;3,9;
2026/05/10;1900 UTC;0;1013,1;1013,2;1012,8;;15;4,7;15,5;14,2;5,5;4;54;44;49;252;5,3;3,1;
2026/05/10;2000 UTC;0;1012,9;1013,2;1012,7;;15,1;4,9;15,4;14,8;5,6;4,4;52;46;49;253;5;2,7;
2026/05/10;2100 UTC;0;1013,1;1013,3;1012,8;;13,7;4,7;14,8;11,9;5,2;4,1;62;49;55;269;3,6;2,1;
2026/05/10;2200 UTC;0;1013,5;1013,8;1013,3;;11,1;4,9;11,8;10,2;5,6;4,3;76;63;69;298;2,3;1,7;
2026/05/10;2300 UTC;0;1013,8;1014,1;1013,7;;10,1;5,4;10,8;9,4;5,7;5,1;81;72;77;296;2,6;2,1;
2026/05/11;0000 UTC;0;1014,3;1014,5;1014,1;;9,5;5,1;9,8;9,1;5,4;4,9;81;76;78;293;2,8;2;
2026/05/11;0100 UTC;0;1014,6;1014,7;1014,4;;9,3;5,3;9,6;8,9;5,4;4,8;83;78;80;268;3,2;2;
2026/05/11;0200 UTC;0;1014,7;1014,8;1014,7;;9,2;4,8;9,8;8,8;5,2;4,5;81;75;78;263;4,3;2,7;
2026/05/11;0300 UTC;0;1014,7;1014,8;1014,6;;8,6;4,7;9,7;7,4;5,3;4,5;90;74;81;301;1,8;1,5;
2026/05/11;0400 UTC;0;1014,6;1014,8;1014,4;;7,2;5,1;7,5;7;5,2;4,9;91;88;89;293;1,9;1,6;
2026/05/11;0500 UTC;0;1014,2;1014,4;1014,1;;7;5,1;7,6;6,5;5,6;4,8;95;86;91;319;1,9;1,5;
2026/05/11;0600 UTC;0;1014,1;1014,3;1013,7;;6,7;5,3;7;6,4;5,8;4,8;95;91;93;304;2,7;2,1;
2026/05/11;0700 UTC;0;1013,7;1013,8;1013,5;;6,4;5,6;6,9;6,1;6;4,8;98;93;96;299;2,8;2;
2026/05/11;0800 UTC;0;1013,3;1013,6;1013,2;;6,5;5,3;6,7;6,3;5,7;5;96;92;94;309;2,6;1,9;
2026/05/11;0900 UTC;0;1013,5;1013,7;1013,3;;5,7;5,4;6,4;5,3;5,8;4,6;100;96;98;314;1,5;1;
2026/05/11;1000 UTC;0;1013,8;1013,9;1013,7;;5,7;5,7;5,9;5,3;5,9;5,4;100;100;100;329;1,6;,9;
2026/05/11;1100 UTC;0;1014;1014,2;1013,9;;5,7;5,6;6,3;5,2;6,1;4,9;100;97;99;326;2,1;1,2;
2026/05/11;1200 UTC;0;1014,3;1014,4;1014,2;;8,2;6,3;9,7;6,4;7,1;5,9;99;82;90;317;2,4;1,9;
2026/05/11;1300 UTC;0;1014,4;1014,4;1014,3;;11;6,5;12,1;9,8;7,4;5,4;85;67;78;314;3,2;2;
2026/05/11;1400 UTC;;;;;;;;;;;;;;;;;;
2026/05/11;1500 UTC;;;;;;;;;;;;;;;;;;
2026/05/11;1600 UTC;0;1013,6;1013,9;1013,3;;15,9;5,6;16,8;15,4;7,1;4,9;56;45;48;237;4,7;1,7;
2026/05/11;1700 UTC;0;1013;1013,3;1012,6;;16,8;5,9;17,7;16,3;6,9;5,3;50;42;45;179;4,4;1,2;
2026/05/11;1800 UTC;0;1012,3;1012,6;1012,1;;17,3;6,1;17,9;16,7;7,2;4,8;48;40;44;229;5,3;2,3;
2026/05/11;1900 UTC;0;1011,9;1012,1;1011,7;;17,6;6,3;18,2;17,3;7,3;5,7;47;41;43;300;5,3;2,5;
2026/05/11;2000 UTC;0;1011,8;1011,8;1011,7;;17,6;6,2;17,9;17,2;6,8;5,6;48;40;43;301;3,5;1,7;
2026/05/11;2100 UTC;0;1011,7;1011,7;1011,6;;16,1;6,7;17,1;13,9;7,3;6,2;65;46;53;312;1,5;,7;
2026/05/11;2200 UTC;0;1011,9;1012;1011,7;;12,2;6,2;13,8;11,5;6,9;5,4;73;65;70;313;1,2;,8;
2026/05/11;2300 UTC;0;1012;1012;1011,9;;11,3;5,2;11,7;10,6;6;4,6;75;65;70;257;1,5;,5;
2026/05/12;0000 UTC;0;1012;1012,1;1012;;10,7;5,1;11,1;10,1;5,7;4,7;76;69;72;34;2,2;,7;
2026/05/12;0100 UTC;0;1012;1012,1;1011,9;;9,9;5,2;10,2;9,4;5,5;4,9;80;75;77;105;1,2;,6;
2026/05/12;0200 UTC;0;1012,1;1012,2;1011,9;;9,5;4,7;10,2;8,7;5,1;4,4;81;71;76;31;1;,7;
2026/05/12;0300 UTC;0;1012;1012,2;1011,9;;9,6;4,6;10,3;8,9;4,9;4,3;80;71;75;47;2,4;1,1;
2026/05/12;0400 UTC;0;1012;1012,1;1011,9;;8,1;4,5;8,9;7,1;4,9;4,1;86;79;82;221;1,2;,6;
2026/05/12;0500 UTC;0;1011,9;1012;1011,7;;7,1;4,8;7,6;6,6;5,4;4,3;91;84;88;45;1,2;,7;
2026/05/12;0600 UTC;0;1011,4;1011,7;1011,1;;7,2;5,1;7,6;6,8;5,4;4,8;92;87;89;27;2,2;1,1;
2026/05/12;0700 UTC;0;1010,8;1011,1;1010,7;;6,8;5,5;7,2;6,2;5,9;5,1;95;90;93;51;2,2;1,1;
2026/05/12;0800 UTC;0;1010,7;1010,8;1010,6;;6,3;5,2;6,8;6;5,5;4,9;96;92;94;49;1,3;,7;
2026/05/12;0900 UTC;0;1010,6;1010,7;1010,4;;5,9;5,3;6,3;5,6;5,6;5;99;95;97;119;,7;,2;
2026/05/12;1000 UTC;0;1010,9;1011,2;1010,5;;5,6;5,4;5,7;5,5;5,6;5,3;100;98;99;69;,9;,4;
2026/05/12;1100 UTC;0;1011,4;1011,5;1011,2;;5,9;5,5;7,3;5,6;6,1;5;100;93;98;32;2,1;1,2;
2026/05/12;1200 UTC;0;1011,2;1011,4;1010,9;;9,3;6,5;10,7;7,4;7,2;5,9;93;81;86;86;4,2;1,7;
2026/05/12;1300 UTC;0;1011,1;1011,3;1010,9;;12;7,2;13,6;10,6;7,8;6,5;82;69;76;91;5;2,2;
2026/05/12;1400 UTC;;;;;;;;;;;;;;;;;;
2026/05/12;1500 UTC;;;;;;;;;;;;;;;;;;
2026/05/12;1600 UTC;;;;;;;;;;;;;;;;;;
2026/05/12;1700 UTC;0;1008,7;1009,4;1008;;19,2;8,6;19,9;18,5;9,6;7,6;54;41;47;306;6,5;3,5;
2026/05/12;1800 UTC;0;1007,7;1008,1;1007,2;;20;8,7;20,4;19,5;9,3;7,6;46;39;43;299;5,5;3,4;
2026/05/12;1900 UTC;0;1007;1007,3;1006,7;;20,3;8,9;20,5;20,1;9,5;8,1;46;40;43;302;5,1;3,6;
2026/05/12;2000 UTC;0;1006,3;1006,6;1006,1;;20,2;8,8;20,5;19,8;9,2;8,4;46;40;43;299;3,7;2,6;
2026/05/12;2100 UTC;0;1006,2;1006,3;1006,1;;18,3;8,9;19,7;16,3;9,3;8,5;63;44;53;304;2,3;1,7;
2026/05/12;2200 UTC;0;1006,4;1006,5;1006,3;;14,2;7,8;16,1;12,8;8,8;7,1;73;63;68;78;1,4;,6;
2026/05/12;2300 UTC;0;1006,6;1006,9;1006,4;;12,5;7,9;12,9;12;8,2;7,6;81;75;77;286;2,6;1,3;
2026/05/13;0000 UTC;0;1007;1007,1;1006,8;;12,3;7,8;12,7;11,7;8,5;6,7;80;74;77;260;2,2;,8;
2026/05/13;0100 UTC;0;1007,4;1007,7;1007,1;;11,5;7,3;12;10,7;7,7;7;83;76;79;43;1,4;,9;
2026/05/13;0200 UTC;0;1008;1008,2;1007,7;;10,7;7,4;11,6;10;7,7;7;86;79;84;144;1,4;,7;
2026/05/13;0300 UTC;0;1008,3;1008,4;1008,1;;10,1;7,3;10,8;9,5;7,8;6,8;90;82;86;261;2,4;1;
2026/05/13;0400 UTC;0;1008,1;1008,3;1008;;9,9;7,7;10,4;9,2;8,2;7;92;86;89;316;2,6;2;
2026/05/13;0500 UTC;0;1008,4;1008,7;1008,2;;9,2;7,3;10,5;8,1;7,8;6,7;97;85;90;290;1,2;,8;
2026/05/13;0600 UTC;0;1008,4;1008,6;1008,2;;7,6;7;8,3;7,3;8;6;100;93;97;76;,9;,5;
2026/05/13;0700 UTC;0;1007,8;1008,1;1007,5;;7,8;7,3;8,2;7,3;7,9;6,8;100;93;97;304;2,4;1,1;
2026/05/13;0800 UTC;0;1007,7;1007,8;1007,6;;8,5;6,9;9,1;8;7,8;6,3;96;89;92;273;2,8;1,2;
2026/05/13;0900 UTC;0;1007,9;1008,1;1007,7;;8;7,3;9;7,1;8;6,6;100;92;97;60;1,6;1;
2026/05/13;1000 UTC;0;1008,7;1009,1;1008,1;;6,4;6,3;7,9;5,6;8;5;100;96;99;69;1,2;,7;
2026/05/13;1100 UTC;0;1009,1;1009,2;1009;;7,3;7,3;8,9;6;8;6;100;94;100;49;3;1,9;
2026/05/13;1200 UTC;0;1008,9;1009,1;1008,7;;10,9;8,5;12,4;9;9,7;7,6;93;82;88;58;3,3;1,4;
2026/05/13;1300 UTC;0;1008,5;1008,8;1008,4;;14;9,8;15,7;12,4;10,8;9;86;72;79;55;3;1,6;
2026/05/13;1400 UTC;;;;;;;;;;;;;;;;;;
2026/05/13;1500 UTC;0;1008,1;1008,4;1008;;19,1;10,4;20,1;18,4;11,3;9,6;61;51;56;228;2,2;1;
2026/05/13;1600 UTC;0;1007,7;1008;1007,4;;19,8;10,2;20;19,4;10,9;9,7;56;50;52;222;3,1;1,5;
2026/05/13;1700 UTC;0;1006,8;1007,4;1006,3;;20,4;10,5;20,8;20;11,4;9,9;56;46;50;270;3,2;2,1;
2026/05/13;1800 UTC;0;1006;1006,3;1005,7;;21,2;10,5;21,9;20,6;11,3;9,8;51;43;46;290;2,7;1,2;
2026/05/13;1900 UTC;0;1005,4;1005,7;1005,3;;21,7;10,7;22;21,3;11,6;10,3;49;43;45;307;2,4;1,2;
2026/05/13;2000 UTC;0;1005,3;1005,3;1005,2;;22;10,9;22,4;21,6;11,7;10,1;49;41;45;199;1,4;,5;
2026/05/13;2100 UTC;0;1005,3;1005,6;1005,1;;20,2;10,7;21,9;17,8;12;9,6;60;46;53;60;1;,5;
2026/05/13;2200 UTC;0;1005,7;1006;1005,5;;16,6;8,9;17,8;15,9;10;8,2;64;59;61;27;,9;,6;
2026/05/13;2300 UTC;0;1006,2;1006,3;1006;;14,3;8,3;16,1;12,1;8,9;8,1;82;60;70;94;1,2;,6;
2026/05/14;0000 UTC;0;1006,5;1006,7;1006,3;;12,6;8,6;13;11,9;9,2;8;84;77;80;119;1;,5;
2026/05/14;0100 UTC;0;1006,5;1006,6;1006,2;;12,3;8,1;13,3;11,5;8,4;7,8;83;75;79;118;1,6;,8;
2026/05/14;0200 UTC;0;1006,2;1006,3;1006,2;;12,4;8,3;14,2;11,6;8,7;7,9;84;71;79;88;3;1,7;
2026/05/14;0300 UTC;0;1005,7;1006,1;1005,5;;13,6;8,2;14,1;13,2;8,6;7,8;76;71;73;63;2,5;1,5;
2026/05/14;0400 UTC;0;1005,5;1005,7;1005,4;;13,3;7,9;13,8;12,9;8,1;7,6;75;70;73;89;2,2;1,4;
2026/05/14;0500 UTC;0;1005,9;1006,2;1005,5;;10,6;7,7;13;9,2;8,3;7;95;74;86;236;,7;,2;
2026/05/14;0600 UTC;0;1006,3;1006,5;1006,1;;9,1;8,1;9,3;8,8;8,4;7,7;96;93;95;149;2;1,1;
2026/05/14;0700 UTC;0;1006,5;1006,6;1006,4;;8,6;8,2;9,1;8,4;8,6;7,9;99;95;98;154;1,6;,8;
2026/05/14;0800 UTC;0;1006,6;1006,7;1006,5;;8,4;7,9;8,5;8,3;8;7,7;98;97;97;136;1,4;,9;
2026/05/14;0900 UTC;0;1006,7;1006,8;1006,6;;8,3;7,4;8,4;8,1;7,8;7,1;97;94;96;132;1,7;1;
2026/05/14;1000 UTC;0;1006,9;1007,3;1006,7;;8,2;7,1;8,5;7,9;7,3;6,8;96;93;94;145;1,4;,7;
2026/05/14;1100 UTC;0;1007,8;1008,3;1007,4;;7,8;6,9;8,2;7,6;7;6,7;97;94;95;144;1,6;,9;
2026/05/14;1200 UTC;0;1008,5;1008,7;1008,3;;9,7;7,6;11,2;8,3;8,7;6,9;93;86;90;136;2,5;1,5;
2026/05/14;1300 UTC;0;1008,4;1008,7;1008,1;;12,9;9,5;14,9;11,2;10,6;8,5;88;75;83;115;3,6;1,7;
2026/05/14;1400 UTC;0;1008,1;1008,2;1008;;16,6;10,8;18,3;14,6;11,8;9,5;78;65;71;131;2,5;1,3;
2026/05/14;1500 UTC;0;1007,8;1008,1;1007,5;;19,1;11,5;20,3;18,2;12,5;10,8;67;57;62;124;3,7;1,9;
2026/05/14;1600 UTC;0;1007,4;1007,6;1007,2;;20,8;12,3;21,3;20,2;13,4;11,4;61;52;57;149;2,8;1,3;
2026/05/14;1700 UTC;0;1006,6;1007,2;1006,3;;21,8;12,1;22,2;21,1;12,9;11,3;56;46;51;174;3,8;1,5;
2026/05/14;1800 UTC;0;1006,3;1006,4;1006,2;;22,2;11,9;22,4;21,9;12,4;11,4;51;46;48;129;3,1;1,4;
2026/05/14;1900 UTC;0;1006;1006,2;1005,9;;22,4;12;22,6;22,1;12,8;11,4;51;45;48;141;1,8;,9;
2026/05/14;2000 UTC;0;1006,2;1006,5;1005,9;;21,9;11,7;22,5;21,2;12,4;11,2;52;46;49;186;3,4;1,5;
2026/05/14;2100 UTC;0;1006,7;1007;1006,5;;19,6;11,2;21,2;17,8;11,6;10,8;65;51;58;178;1,1;,6;
2026/05/14;2200 UTC;0;1007,2;1007,6;1006,9;;16,8;10,7;17,8;16;11;10,6;74;65;70;166;1,5;,7;
2026/05/14;2300 UTC;0;1008;1008,4;1007,6;;14,9;10,8;16;14,1;11,1;10,5;83;74;79;148;3;2;
2026/05/15;0000 UTC;0;1008,7;1008,9;1008,4;;14,2;10,8;14,9;13,5;11;10,6;86;81;83;146;2,4;1,4;
2026/05/15;0100 UTC;0;1009,1;1009,2;1008,9;;13;9,8;13,5;12,6;10,4;9,4;85;84;84;150;2,4;1,5;
2026/05/15;0200 UTC;0;1009,4;1009,6;1009,3;;12,3;8,6;12,5;11,8;9,3;7,4;84;78;82;145;2,6;1,7;
2026/05/15;0300 UTC;0;1009,6;1009,7;1009,5;;11;6,7;11,7;10,5;7,4;6,2;80;78;79;152;2,5;1,4;
2026/05/15;0400 UTC;0;1009,7;1009,8;1009,6;;10;6,2;10,4;9,6;6,3;6,1;83;79;81;145;2,3;1,3;
2026/05/15;0500 UTC;0;1009,5;1009,6;1009,4;;9,5;6,5;9,6;9,4;6,8;6,3;87;83;85;146;2,6;1,3;
2026/05/15;0600 UTC;0;1009,3;1009,6;1008,9;;9;6,7;9,4;8,8;6,9;6,6;90;86;89;127;2;1,4;
2026/05/15;0700 UTC;0;1009;1009,2;1008,8;;8,8;7;8,9;8,6;7,3;6,8;92;90;91;132;2,1;1,4;
2026/05/15;0800 UTC;0;1008,8;1009;1008,7;;8,8;7,2;9;8,7;7,3;7,1;93;91;92;124;2;1,2;
2026/05/15;0900 UTC;0;1008,8;1009;1008,6;;8,8;7,4;9,1;8,5;7,7;7,2;94;92;93;139;2;1,2;
2026/05/15;1000 UTC;0;1009;1009,3;1008,6;;9,3;7,8;9,5;9;7,9;7,7;94;92;93;124;1,9;1,2;
2026/05/15;1100 UTC;0;1009,6;1009,8;1009,3;;9,7;8,3;10;9,5;8,6;7,9;94;92;93;136;2,4;1,6;
2026/05/15;1200 UTC;0;1009,6;1009,7;1009,5;;11;9,1;12,1;10;9,5;8,7;94;85;90;129;3,9;1,9;
2026/05/15;1300 UTC;0;1009,4;1009,6;1009,3;;13;9,2;14,2;11,8;9,9;8,7;86;77;81;127;4,9;2,1;
2026/05/15;1400 UTC;0;1009,3;1009,4;1009,2;;15;10;16;14,1;10,7;9,4;79;72;75;130;4,9;2;
2026/05/15;1500 UTC;0;1008,8;1009,2;1008,3;;17,1;10,9;18,4;16;11,8;10,3;74;64;69;138;3,2;1,8;
2026/05/15;1600 UTC;0;1007,7;1008,2;1007,1;;19,1;11,7;19,9;18,2;12,4;11;67;59;63;136;3,2;1,7;
2026/05/15;1700 UTC;0;1006,5;1007,1;1005,9;;20,1;12;20,6;19,6;12,6;11,5;62;55;60;125;5,7;2,2;
2026/05/15;1800 UTC;0;1005,4;1005,9;1005;;20,6;11,7;21,1;20,1;12,2;11,1;59;52;55;111;4,4;2,1;
2026/05/15;1900 UTC;0;1004,8;1005;1004,6;;21,1;11,3;21,5;20,5;11,8;10,8;55;49;51;134;2,5;1,5;
2026/05/15;2000 UTC;0;1004,6;1004,6;1004,5;;21;11;21,3;20,4;11,4;10,4;52;48;50;128;3,7;1,4;
2026/05/15;2100 UTC;0;1004,6;1004,9;1004,6;;18,8;10,4;20,4;16,7;10,9;10;67;51;58;153;1,9;1,1;
2026/05/15;2200 UTC;0;1004,8;1004,9;1004,7;;15,2;9,7;16,6;13,8;10;9,4;78;67;73;156;1,5;,9;
2026/05/15;2300 UTC;0;1005;1005,1;1004,8;;13;9,4;13,6;12,7;9,5;9,1;83;79;82;151;1,8;1,1;
2026/05/16;0000 UTC;;;;;;;;;;;;;;;;;;
2026/05/16;0100 UTC;0;1005,7;1006,1;1005,4;;11,8;9,4;12,4;11,5;9,6;9,3;90;85;88;148;1,7;,9;
2026/05/16;0200 UTC;0;1006;1006,1;1005,9;;10,9;9,5;11,5;10,4;9,8;9;96;89;93;152;1,5;1;
2026/05/16;0300 UTC;0;1006;1006,1;1005,8;;10,8;9,7;11;10,5;9,8;9,6;96;94;95;139;1,7;1;
2026/05/16;0400 UTC;0;1005,6;1005,9;1005,1;;10,3;9,6;10,5;10,1;9,7;9,5;97;96;96;136;1,7;1,1;
2026/05/16;0500 UTC;0;1005,1;1005,2;1005;;9,9;9,5;10,1;9,7;9,6;9,4;99;97;98;133;1,4;1;
2026/05/16;0600 UTC;0;1004,9;1005,2;1004,5;;9,6;9,4;9,7;9,4;9,5;9,2;100;99;99;127;1,7;1;
2026/05/16;0700 UTC;0;1004,3;1004,5;1004,1;;9,4;9,3;9,6;9,2;9,5;9,1;100;99;99;142;1,5;,8;
2026/05/16;0800 UTC;0;1004,5;1004,6;1004,3;;9,1;9,1;9,2;8,9;9,2;9;100;99;100;132;2;1,3;
2026/05/16;0900 UTC;0;1004,4;1004,5;1004,3;;8,9;8,9;9;8,7;9;8,8;100;100;100;133;1,6;1,1;
2026/05/16;1000 UTC;0;1004,8;1005;1004,4;;8,6;8,7;8,7;8,5;8,8;8,5;100;100;100;136;1,5;1,1;
2026/05/16;1100 UTC;0;1005,3;1005,5;1004,9;;8,4;8,4;8,8;8,2;8,8;8,3;100;100;100;134;1,8;1,1;
2026/05/16;1200 UTC;0;1005,6;1005,7;1005,5;;9,6;9,4;10,3;8,8;9,9;8,8;100;97;99;125;3;1,5;
2026/05/16;1300 UTC;0;1005,7;1005,8;1005,6;;11;10,5;12,1;10;11,5;9,6;99;94;98;131;2,8;1,5;
2026/05/16;1400 UTC;0;1005,6;1005,7;1005,5;;14,2;12;15,7;12,1;12,9;11,1;97;80;89;123;3,2;1,4;
2026/05/16;1500 UTC;0;1005,1;1005,5;1004,6;;17,3;12,9;18,8;15,6;13,8;12,2;85;73;78;135;3;1,3;
2026/05/16;1600 UTC;0;1004,3;1004,6;1003,9;;19,8;14;20,8;18,9;14,7;13,2;75;65;71;143;3,1;1,3;
2026/05/16;1700 UTC;0;1003,4;1003,9;1002,9;;21,4;14;22,2;20,6;15;13,2;71;58;63;130;4,4;1,2;
2026/05/16;1800 UTC;0;1002,6;1002,9;1002,4;;21,9;13,9;22,6;21,4;14,5;13,3;63;56;60;127;2,3;1,1;
2026/05/16;1900 UTC;0;1002,5;1002,6;1002,3;;22,3;14;22,7;21,9;14,5;13,6;63;55;58;134;2,8;1,2;
2026/05/16;2000 UTC;0;1002,4;1002,7;1002,2;;21,2;13,5;22,6;20,4;14,3;13,3;65;56;62;158;1,3;,7;
2026/05/16;2100 UTC;0;1002,9;1003,2;1002,7;;19,6;13,5;20,4;18,6;13,8;13,1;72;65;69;174;1;,5;
2026/05/16;2200 UTC;0;1003,5;1003,8;1003,1;;17,9;13;18,6;17,6;13,2;12,8;77;73;76;171;1;,6;
2026/05/16;2300 UTC;0;1004,2;1004,6;1003,8;;16,5;13,1;17,6;15,8;13,5;12,8;87;76;83;132;1,1;,7;
2026/05/17;0000 UTC;;;;;;;;;;;;;;;;;;
2026/05/17;0100 UTC;0;1005;1005,4;1004,8;;16,1;13,1;16,5;15,7;13,2;13;87;83;85;161;1,8;1,1;
2026/05/17;0200 UTC;0;1005,6;1005,9;1005,3;;15,6;13;15,7;15,4;13,2;12,9;89;86;87;144;2,4;1,4;
2026/05/17;0300 UTC;0;1006,2;1006,5;1005,7;;15,4;12,8;15,5;15,2;13,2;12,6;89;86;87;155;2,3;1,2;
2026/05/17;0400 UTC;0;1006,2;1006,6;1005,9;;14,9;12,5;15,2;14,6;12,7;12,4;90;87;88;163;2;1,1;
2026/05/17;0500 UTC;0;1006;1006,3;1005,7;;14,2;12,3;14,6;13,7;12,5;12,1;92;89;90;148;1,7;1,1;
2026/05/17;0600 UTC;0;1005,5;1005,7;1005,2;;13,5;12,1;13,6;13,3;12,3;12;94;92;93;142;1,8;1;
2026/05/17;0700 UTC;0;1005;1005,2;1004,8;;13,4;12,2;13,4;13,3;12,3;12,1;95;94;94;166;1,7;,9;
2026/05/17;0800 UTC;0;1004,6;1004,8;1004,3;;13,4;12,2;13,5;13,3;12,3;12;95;93;94;181;2,3;1;
2026/05/17;0900 UTC;0;1005;1005,3;1004,8;;13,2;11,9;13,3;12,9;12,1;11,7;95;94;94;191;3,5;1,7;
2026/05/17;1000 UTC;0;1005,7;1006,1;1005,3;;12,1;11,4;12,9;11,8;11,7;11,3;98;94;96;191;3,2;1,8;
2026/05/17;1100 UTC;0;1006,1;1006,3;1005,9;;12,3;11,6;12,6;12;11,8;11,4;97;96;97;154;1,5;,8;
2026/05/17;1200 UTC;0;1006,5;1007;1006,1;;13;12;13,4;12,6;12,3;11,6;96;94;95;214;7,4;5,3;
2026/05/17;1300 UTC;0;1007,1;1007,3;1006,8;;13,7;12,2;14,3;13,2;12,4;12;95;89;92;186;5,4;2,6;
2026/05/17;1400 UTC;0;1007,4;1007,6;1007,3;;14,9;12,4;15,4;14,4;12,7;12,2;90;84;87;172;3,5;1,9;
2026/05/17;1500 UTC;0;1007,7;1007,8;1007,6;;15,4;12,5;15,7;15,2;12,7;12,2;87;84;85;180;3,3;1,5;
2026/05/17;1600 UTC;0;1007,4;1007,7;1007,1;;16,6;13;17,3;15,7;13,4;12,5;85;79;82;165;2,8;1,5;
2026/05/17;1700 UTC;0;1007;1007,2;1006,9;;17,7;13,2;18,1;17;13,7;12,9;81;75;78;194;6,2;3,1;
2026/05/17;1800 UTC;0;1006,7;1006,9;1006,5;;18,8;13,2;19,5;17,9;14;12,7;76;66;72;213;6,6;4,8;
2026/05/17;1900 UTC;0;1006,6;1006,8;1006,4;;19,8;12,3;20,5;19,1;13;11,5;67;60;63;194;6,3;3,9;
2026/05/17;2000 UTC;0;1007,1;1007,6;1006,7;;19;11,7;19,8;18,2;12,2;11,3;68;60;64;194;8,1;5;
2026/05/17;2100 UTC;0;1008;1008,5;1007,6;;17,3;11;18,5;15,9;11,6;10,8;75;64;69;204;5;3,5;
2026/05/17;2200 UTC;0;1008,9;1009,3;1008,6;;15,4;10,9;15,8;15,1;11;10,8;79;76;78;203;4,9;3,6;
2026/05/17;2300 UTC;0;1009,8;1010,3;1009,3;;14,7;10,7;15,1;13,7;11;10,2;82;79;80;205;5,8;4,1;
2026/05/18;0000 UTC;;;;;;;;;;;;;;;;;;
2026/05/18;0100 UTC;0;1011,5;1011,6;1011,3;;13,5;9;14,2;12,9;9,4;8,6;79;76;78;158;3,3;2;
2026/05/18;0200 UTC;0;1011,8;1012,1;1011,6;;12,4;8,7;12,9;12,1;8,9;8,6;84;79;82;164;2,6;1,6;
2026/05/18;0300 UTC;0;1012,4;1012,6;1012,1;;12,6;9,2;12,8;12,3;9,5;8,9;86;82;83;176;3,1;1,4;
2026/05/18;0400 UTC;0;1012,6;1012,7;1012,5;;12;9,5;12,3;11,7;9,7;9,3;90;86;87;174;2,6;1,1;
2026/05/18;0500 UTC;0;1013;1013,4;1012,6;;11,3;9,7;11,7;10,9;9,8;9,6;94;90;92;202;4,1;2,9;
2026/05/18;0600 UTC;0;1013,4;1013,5;1013,2;;11,1;10;11,4;10,8;10,2;9,7;95;94;95;197;7;4,8;
2026/05/18;0700 UTC;0;1013,2;1013,3;1013,1;;11,6;10,1;11,7;11,4;10,2;9,9;94;91;92;170;2,4;1,4;
2026/05/18;0800 UTC;0;1013,4;1013,8;1013,1;;11,6;10,1;11,7;11,5;10,2;10;93;92;93;173;2;1,1;
2026/05/18;0900 UTC;0;1014;1014,2;1013,8;;11,4;9,4;11,7;10,4;10;8,8;93;89;90;185;2,1;1,1;
2026/05/18;1000 UTC;0;1014,2;1014,4;1014,1;;10,7;8,9;10,9;10,4;9,2;8,6;93;89;91;172;2,3;1,4;
2026/05/18;1100 UTC;0;1014,8;1015,1;1014,4;;10;8,3;10,7;9,3;8,6;7,8;93;90;91;192;2,3;1,3;
2026/05/18;1200 UTC;0;1015,5;1015,9;1015,1;;10,5;8,2;11,6;9,3;8,8;7,8;93;84;89;168;2,1;1,1;
2026/05/18;1300 UTC;0;1016;1016,2;1015,8;;12,2;8,7;13,6;11,4;9,3;8,3;86;75;82;152;3,3;1,6;
2026/05/18;1400 UTC;;;;;;;;;;;;;;;;;;
2026/05/18;1500 UTC;0;1016,1;1016,3;1015,9;;15;8,5;15,9;13,5;9,2;7,9;74;61;68;141;3;1,5;
2026/05/18;1600 UTC;0;1015,6;1015,9;1015,2;;16,6;8,5;17,5;15,7;9,6;7,8;65;55;59;149;4;1,5;
2026/05/18;1700 UTC;0;1014,8;1015,2;1014,4;;17,3;7,7;17,9;17,1;9,4;6;58;44;52;184;5,2;1,9;
2026/05/18;1800 UTC;0;1014,1;1014,4;1013,8;;17,6;7,5;17,9;17,2;8,3;6,9;54;47;50;173;4,8;1,8;
2026/05/18;1900 UTC;0;1013,5;1013,8;1013,3;;17,6;6,4;17,9;17,3;8,1;5,2;52;38;44;182;5;2,3;
2026/05/18;2000 UTC;;;;;;;;;;;;;;;;;;
2026/05/18;2100 UTC;0;1013,6;1013,8;1013,4;;15,3;5,6;16,7;13,5;6;5,2;59;45;52;199;3,9;2,9;
2026/05/18;2200 UTC;0;1014,1;1014,3;1013,8;;11,5;5,7;13,4;10,6;6,2;5,3;77;59;71;210;3,5;2,6;
2026/05/18;2300 UTC;0;1014,4;1014,6;1014,3;;10,6;5,3;10,8;9,9;5,6;5,1;76;72;74;192;2,6;1,2;
2026/05/19;0000 UTC;0;1014,8;1015;1014,6;;9,4;5;9,9;9;5,1;4,8;79;76;78;207;1,5;1,2;
2026/05/19;0100 UTC;0;1015,1;1015,2;1015;;8,6;4,7;8,9;8,3;5;4,5;83;78;81;199;2,6;1,6;
2026/05/19;0200 UTC;0;1015,2;1015,3;1015,1;;7,9;4,5;9;7;4,7;4,3;88;78;83;205;1,8;1,4;
2026/05/19;0300 UTC;0;1015,3;1015,4;1015,1;;7,8;4,8;8,6;7,3;5,5;4,3;88;83;85;200;2,2;1,7;
2026/05/19;0400 UTC;0;1015,1;1015,2;1015;;6,7;4,5;7,2;6,2;4,7;4,2;91;87;89;203;1,8;1,4;
2026/05/19;0500 UTC;0;1014,9;1015;1014,8;;6,9;4,5;7,2;6,1;4,8;3,9;90;86;88;190;1,6;1,2;
2026/05/19;0600 UTC;0;1014,7;1014,8;1014,5;;5,6;4,3;6;5,4;4,8;3,9;96;90;93;165;1,4;,9;
2026/05/19;0700 UTC;0;1014,3;1014,5;1014,2;;5,6;4,7;5,7;5,4;4,9;4,4;97;95;95;170;1;,7;
2026/05/19;0800 UTC;0;1014,1;1014,2;1014;;5,1;4,6;5,3;4,8;4,8;4,4;99;95;98;154;,9;,7;
2026/05/19;0900 UTC;0;1014,1;1014,1;1014;;4,8;4,6;5,2;4,5;5,1;4,2;100;98;99;178;1,1;,6;
2026/05/19;1000 UTC;0;1014,4;1014,7;1014,1;;4,6;4,2;5;4,4;4,5;3,5;99;95;98;170;1,1;,7;
2026/05/19;1100 UTC;0;1015;1015,3;1014,8;;4,6;4,1;5,2;3,8;4,8;3;100;92;97;149;1;,6;
2026/05/19;1200 UTC;0;1015,4;1015,4;1015,3;;7,2;5,3;8,9;5,3;6,2;4,5;96;85;90;141;1,2;,7;
2026/05/19;1300 UTC;0;1015,5;1015,6;1015,3;;10,6;6,5;12,6;8,8;7,4;5,4;88;69;80;105;1,6;,8;
2026/05/19;1400 UTC;0;1015,5;1015,6;1015,4;;13,3;7,1;14,3;12,3;8,1;6,2;75;60;69;110;2,7;1,1;
2026/05/19;1500 UTC;0;1015,1;1015,4;1014,9;;15;6,5;16;14,1;7,4;4,8;64;50;57;165;2,6;1,4;
2026/05/19;1600 UTC;0;1014,4;1014,9;1014;;16,2;6,5;17;15,6;7,4;5,9;59;48;52;203;7,9;2,1;
2026/05/19;1700 UTC;0;1013,5;1014;1013,2;;17;6,8;17,7;16,5;7,6;6,1;52;45;49;195;5,6;2,6;
2026/05/19;1800 UTC;0;1012,7;1013,2;1012,4;;17,3;7;17,8;16,9;7,6;6,2;52;45;48;238;5,3;2,9;
2026/05/19;1900 UTC;0;1012,2;1012,4;1012;;17,6;7;18,1;17,3;7,8;6,4;50;44;47;196;3,3;1,9;
2026/05/19;2000 UTC;0;1012;1012,1;1011,9;;17,4;6,9;17,8;17;7,4;6,5;49;45;47;177;2,1;,8;
2026/05/19;2100 UTC;0;1012,1;1012,3;1011,9;;15,8;6,7;17;13,9;7,1;6,4;63;49;55;223;1,4;,6;
2026/05/19;2200 UTC;0;1012,7;1013;1012,3;;12,4;6,5;13,8;11,3;6,8;6,2;75;64;71;237;2,4;1,9;
2026/05/19;2300 UTC;0;1013,1;1013,3;1013;;11;6;11,3;10,8;6,3;5,9;77;74;75;237;2,4;2,1;
2026/05/20;0000 UTC;0;1013,5;1013,7;1013,3;;10,9;6,3;11,4;10,5;6,5;6,1;79;74;77;233;1,4;1,2;
2026/05/20;0100 UTC;0;1013,8;1014;1013,6;;11;5,7;11,5;10,6;6;5,4;74;73;73;230;1,4;1;
2026/05/20;0200 UTC;0;1014,1;1014,3;1014;;10,6;5,5;11,2;9,3;5,9;5,3;80;72;74;234;2,9;1,9;
2026/05/20;0300 UTC;0;1014,4;1014,5;1014,2;;9,3;5,6;9,5;8,9;5,8;5,4;84;80;82;238;1,7;1,5;
2026/05/20;0400 UTC;0;1014,5;1014,6;1014,4;;9,4;5,6;9,7;9,2;5,7;5,4;82;79;81;220;1,4;1,1;
2026/05/20;0500 UTC;0;1014,3;1014,5;1014,1;;9,3;5,6;9,6;9;6;5,2;84;78;81;230;1,1;,8;
2026/05/20;0600 UTC;0;1014;1014,1;1013,9;;9;5,1;9,4;8,3;5,6;4,9;86;79;81;209;1,4;1,2;
2026/05/20;0700 UTC;0;1013,9;1014;1013,9;;8,3;5,8;8,7;8;6,1;5,6;90;86;88;198;1,9;1,6;
2026/05/20;0800 UTC;0;1013,9;1013,9;1013,8;;7,7;5,7;8,7;6,4;6;5,1;97;86;90;153;,6;,5;
2026/05/20;0900 UTC;0;1014,1;1014,4;1013,9;;6;5,9;6,4;5,7;6,2;5,4;100;96;99;186;1,2;,5;
2026/05/20;1000 UTC;0;1014,7;1015;1014,4;;5,8;5,5;6,3;5,3;6;4,4;100;95;98;270;,6;,4;
2026/05/20;1100 UTC;0;1015,4;1015,7;1015,1;;5,8;5,6;6,9;4,9;6,4;4,8;100;96;99;246;1,4;1,1;
2026/05/20;1200 UTC;0;1015,8;1015,9;1015,6;;8,7;6,7;10,4;6,8;7,5;5,8;95;84;90;235;2,3;1,5;
2026/05/20;1300 UTC;0;1016,1;1016,3;1015,9;;12,1;7,3;13,4;10,4;8,7;6,5;86;70;76;229;3,4;1,9;
2026/05/20;1400 UTC;0;1016,4;1016,5;1016,3;;14,6;7,7;15,7;13,5;8,7;6,9;72;61;66;219;4,4;2,9;
2026/05/20;1500 UTC;0;1016,1;1016,4;1015,8;;16,6;8;17,4;15,7;8,6;7,3;62;52;57;201;5,6;2,7;
2026/05/20;1600 UTC;0;1015,5;1015,7;1015,1;;17,8;7,9;18,4;17,3;8,5;7,2;55;47;51;205;6,8;3,9;
2026/05/20;1700 UTC;0;1014,7;1015,1;1014,3;;18,2;8,3;18,7;17,8;9;7,6;55;47;50;244;6,8;4;
2026/05/20;1800 UTC;0;1014;1014,3;1013,7;;18,6;8,1;18,9;18,2;8,7;7,4;52;44;47;216;6,8;4,3;
2026/05/20;1900 UTC;0;1013,6;1013,7;1013,5;;18,7;7,7;18,9;18,5;8,2;7;48;42;45;221;6,2;4;
2026/05/20;2000 UTC;0;1013,6;1013,8;1013,5;;18,3;7,3;18,6;17,9;7,9;6,9;50;42;45;221;5,6;3,4;
2026/05/20;2100 UTC;0;1013,9;1014;1013,8;;16;7,6;17,8;13,4;8;7,3;71;48;58;230;2,8;2,4;
2026/05/20;2200 UTC;0;1014,4;1014,7;1014;;12,7;7,5;13,4;12,3;7,6;7,2;75;71;74;238;2,6;2;
2026/05/20;2300 UTC;0;1014,7;1014,8;1014,7;;12,3;7,4;12,9;12,1;7,6;7,2;76;73;75;224;1,8;1,5;
2026/05/21;0000 UTC;;;;;;;;;;;;;;;;;;
2026/05/21;0100 UTC;0;1015,3;1015,3;1015,2;;12;7,1;12,3;11,7;7,7;6,6;80;72;76;205;1,8;1,4;
2026/05/21;0200 UTC;0;1015,5;1015,8;1015,2;;10,7;7,5;11,6;10;7,8;7,2;89;80;84;219;2,7;2,2;
2026/05/21;0300 UTC;0;1016;1016,2;1015,8;;10,1;7,1;10,6;9,6;7,7;6,3;89;82;85;183;1,3;,8;
2026/05/21;0400 UTC;0;1016,3;1016,5;1016,2;;9,5;6;10;9,1;6,2;5,9;85;80;82;153;1,4;1;
2026/05/21;0500 UTC;0;1016,2;1016,3;1016,2;;8,3;6;9;7,8;6,1;5,8;91;85;88;131;1,2;,8;
2026/05/21;0600 UTC;0;1016,3;1016,4;1016,2;;7,7;5,8;8,1;7,1;6;5,5;93;89;90;148;1,1;,8;
2026/05/21;0700 UTC;0;1016,2;1016,3;1016,1;;6,7;5,7;7,1;6,2;6;5,3;97;93;95;156;2;1;
2026/05/21;0800 UTC;0;1016,2;1016,3;1016,1;;6,3;5,6;6,6;5,9;5,9;5,3;98;95;96;164;1,5;,9;
2026/05/21;0900 UTC;0;1016,3;1016,5;1016,1;;5,8;5,4;6,1;5,5;5,7;4,9;99;97;98;160;1,5;,9;
2026/05/21;1000 UTC;0;1016,9;1017,3;1016,5;;5,4;5,1;5,7;5,2;5,3;4,7;99;97;98;163;1,8;,8;
2026/05/21;1100 UTC;0;1017,7;1018;1017,3;;5,7;5,3;6,2;5,3;5,7;4,9;99;95;98;140;1,4;,7;
2026/05/21;1200 UTC;0;1017,9;1018;1017,7;;7,6;6,1;8,6;6,2;7;5,2;95;90;93;139;2,4;1,5;
2026/05/21;1300 UTC;0;1017,7;1017,9;1017,6;;10,2;7,3;11,3;8,7;7,7;6,9;92;80;86;129;4,6;2,2;
2026/05/21;1400 UTC;0;1017,9;1018;1017,7;;12,5;7,7;13,8;11,3;8,5;7,3;81;71;76;128;5,6;2,4;
2026/05/21;1500 UTC;0;1017,6;1017,7;1017,4;;14,3;8,1;15,1;13,5;8,6;7,6;72;65;69;132;4,6;2,1;
2026/05/21;1600 UTC;0;1017,1;1017,4;1016,8;;15,3;7,9;16,2;14,1;8,8;7;68;59;63;133;4;1,9;
2026/05/21;1700 UTC;0;1016,5;1016,9;1016;;15,9;7,6;16,8;14,7;8,7;6,7;65;53;58;143;5,3;1,8;
2026/05/21;1800 UTC;0;1015,8;1016;1015,5;;15,7;7,2;17,4;14,9;8,5;6,5;61;51;58;153;3,3;1,7;
2026/05/21;1900 UTC;0;1015;1015,4;1014,8;;15,8;6,9;16,4;14,9;7,4;6,3;59;53;56;159;3,6;1,9;
2026/05/21;2000 UTC;0;1015,1;1015,2;1015;;15;6,4;15,4;14,7;6,7;6,1;59;55;57;135;2,8;1,6;
2026/05/21;2100 UTC;0;1015,2;1015,4;1015,1;;13,8;6,2;14,7;12,2;6,5;6;69;57;62;140;1,8;1,1;
2026/05/21;2200 UTC;0;1015,9;1016,3;1015,4;;11,1;5,7;12,2;10,1;6;5,5;77;69;73;154;1,8;1,2;
2026/05/21;2300 UTC;0;1016,6;1016,7;1016,3;;9,6;5,5;10,1;9,1;5,6;5,2;81;78;79;153;2,7;1,3;
2026/05/22;0000 UTC;0;1016,8;1016,9;1016,7;;9;5;9,4;8,4;5,3;4,8;82;79;80;141;2,3;1,4;
2026/05/22;0100 UTC;0;1017,2;1017,5;1016,9;;7,6;4,4;8,3;6,3;4,8;4;90;82;84;152;1,3;,7;
2026/05/22;0200 UTC;;;;;;;;;;;;;;;;;;
2026/05/22;0300 UTC;0;1017,6;1017,8;1017,4;;6,4;3,9;6,7;6,1;4;3,8;89;86;88;149;2;1,3;
2026/05/22;0400 UTC;0;1017,3;1017,4;1017,1;;5,9;3,8;6,4;5,5;4;3,6;91;88;89;145;1,6;1;
2026/05/22;0500 UTC;0;1017;1017,2;1016,8;;5,2;3,5;5,5;4,9;3,6;3,2;92;91;91;146;1,7;1;
2026/05/22;0600 UTC;0;1016,7;1016,8;1016,6;;4,5;3,3;4,9;4,1;3,5;3;95;92;94;160;1,9;1;
2026/05/22;0700 UTC;0;1016,5;1016,7;1016,1;;4;2,9;4,2;3,9;3,1;2,8;96;93;94;157;1,8;1,1;
2026/05/22;0800 UTC;0;1016;1016,1;1015,9;;4,1;3,1;4,2;3,9;3,2;2,9;96;94;95;155;1,6;1,1;
2026/05/22;0900 UTC;0;1016,3;1016,6;1016;;4;3,1;4,1;3,9;3,2;3;96;95;95;162;1,6;1;
2026/05/22;1000 UTC;0;1016,9;1017,3;1016,5;;3,9;3,1;4;3,8;3,2;2,9;96;95;96;150;1,4;,9;
2026/05/22;1100 UTC;0;1017,3;1017,4;1017,1;;3,8;3;4;3,7;3,2;2,9;97;95;96;138;1,6;,9;
2026/05/22;1200 UTC;0;1017,1;1017,3;1016,8;;5,1;3,8;6,8;3,9;4,9;3;96;90;94;144;3,1;1,9;
2026/05/22;1300 UTC;0;1016,7;1017,1;1016,2;;7,6;5,3;9;6,8;6,1;4,6;90;84;89;120;5,4;2,7;
2026/05/22;1400 UTC;0;1016,5;1016,8;1016,2;;10,9;6,8;12,6;9,2;7,7;6,1;85;71;79;104;7;3,5;
2026/05/22;1500 UTC;0;1016,1;1016,5;1015,7;;12,9;7,2;13,6;12;7,7;6,7;75;69;72;123;5;2,1;
2026/05/22;1600 UTC;0;1015,4;1015,8;1015;;13,8;7,6;14,5;13,1;8,2;7,1;72;66;69;126;3,7;1,8;
2026/05/22;1700 UTC;0;1014,8;1015;1014,6;;14,4;7,8;15;14,1;8,2;7,4;68;65;67;151;2,8;1,5;
2026/05/22;1800 UTC;0;1014,3;1014,6;1014;;14,6;8;15;14,3;8,2;7,7;68;64;67;152;3,2;1,7;
2026/05/22;1900 UTC;0;1014,2;1014,4;1014;;14,5;8,1;14,8;14,3;8,6;7,8;70;66;68;151;2,8;1,5;
2026/05/22;2000 UTC;0;1014,4;1014,5;1014,3;;14,6;8,1;14,8;14,4;8,4;7,8;69;66;68;144;3;1,8;
2026/05/22;2100 UTC;0;1014,6;1014,7;1014,5;;14;7,9;14,8;12,7;8,2;7,7;76;65;70;150;2,1;1,1;
2026/05/22;2200 UTC;0;1015;1015,4;1014,6;;11,5;7,6;12,6;10,6;7,9;7,4;84;76;81;159;1,6;1;
2026/05/22;2300 UTC;0;1015,3;1015,4;1015,2;;9,8;7,5;10,7;9,4;7,8;7,2;91;84;88;123;1,6;,9;
2026/05/23;0000 UTC;;;;;;;;;;;;;;;;;;
2026/05/23;0100 UTC;0;1015,8;1015,9;1015,8;;8,4;6,8;8,8;7,7;7,2;6,5;96;90;92;161;1,7;1;
2026/05/23;0200 UTC;0;1015,7;1015,9;1015,6;;7,9;6,7;8,7;7,5;6,9;6,5;96;90;94;158;1,7;,9;
2026/05/23;0300 UTC;0;1015,7;1015,7;1015,6;;7,2;6,5;7,6;6,8;6,7;6,2;98;95;96;175;1,6;,6;
2026/05/23;0400 UTC;0;1015,7;1015,8;1015,6;;6,7;6,3;6,8;6,5;6,7;6;100;97;98;145;1;,7;
2026/05/23;0500 UTC;0;1015,4;1015,6;1015,2;;6,9;6,5;7;6,8;6,7;6,3;100;97;98;128;1,2;,8;
2026/05/23;0600 UTC;0;1015,1;1015,2;1014,9;;6,7;6,4;6,9;6;6,7;5,7;99;98;98;131;1,3;,7;
2026/05/23;0700 UTC;0;1015;1015,1;1014,9;;5,5;5,4;6,1;4,7;6,1;4,7;100;99;100;177;1,2;,9;
2026/05/23;0800 UTC;0;1015,1;1015,1;1015;;4,9;4,9;5,3;4,5;5,3;4,5;100;100;100;185;1,2;,8;
2026/05/23;0900 UTC;0;1014,9;1015;1014,8;;5;5;5,3;4,5;5,4;4,6;100;100;100;151;1;,7;
2026/05/23;1000 UTC;0;1015,1;1015,2;1014,9;;4,9;5;5,1;4,8;5,1;4,8;100;100;100;166;1,1;,6;
2026/05/23;1100 UTC;0;1015,1;1015,2;1015;;5,2;5,3;5,8;4,8;5,9;4,9;100;100;100;136;1,3;,9;
2026/05/23;1200 UTC;0;1015,1;1015,3;1015;;6,4;6,5;7;5,8;7,1;5,9;100;100;100;131;2,1;1,2;
2026/05/23;1300 UTC;0;1015,1;1015,3;1014,9;;7,8;7,9;8,9;7;9;7,1;100;100;100;143;2,1;1,1;
2026/05/23;1400 UTC;0;1015,2;1015,4;1015,1;;9,5;9,5;10,6;8,8;10,5;8,8;100;99;100;160;2,1;1;
2026/05/23;1500 UTC;0;1015,1;1015,3;1014,9;;10,8;10,2;11,6;10,2;10,7;9,9;100;92;97;151;2,6;1,4;
2026/05/23;1600 UTC;0;1014,5;1014,9;1014,1;;12,6;10,4;13,4;11,5;10,7;10,1;94;84;89;137;2,9;1,4;
2026/05/23;1700 UTC;0;1013,4;1014,1;1012,8;;14;10,6;15,6;13,1;11,8;10,1;87;77;83;119;3,9;1,9;
2026/05/23;1800 UTC;0;1012,4;1012,8;1012,2;;16,2;11;17,1;14,9;11,4;10,4;80;69;74;137;3,8;1,3;
2026/05/23;1900 UTC;0;1012;1012,2;1011,8;;17,4;10,9;17,9;16,9;11,3;10,4;71;65;67;;;;
2026/05/23;2000 UTC;0;1011,6;1011,8;1011,4;;17,7;10,8;18;17,6;11,2;10,4;67;63;65;150;1,7;,8;
2026/05/23;2100 UTC;0;1011,6;1011,8;1011,4;;16,4;10,7;17,7;14,2;11,1;10,4;82;66;71;199;1,3;1;
2026/05/23;2200 UTC;0;1012,1;1012,3;1011,8;;12,9;10,1;14,1;12,1;10,5;9,8;89;82;86;223;1,1;,6;
2026/05/23;2300 UTC;0;1012,6;1012,7;1012,4;;11,8;9,7;12,6;11,4;9,9;9,4;92;86;89;144;1,2;,7;
2026/05/24;0000 UTC;0;1012,7;1012,8;1012,6;;11,1;9,6;11,7;10,4;9,8;9,4;96;90;93;185;1,2;,3;
2026/05/24;0100 UTC;0;1012,7;1012,7;1012,6;;10;9,6;10,3;9,8;9,9;9,3;100;96;98;143;1,2;,8;
2026/05/24;0200 UTC;0;1012,5;1012,6;1012,4;;10;9,7;10,3;9,7;10;9,4;100;97;98;138;,9;,6;
2026/05/24;0300 UTC;0;1012,6;1012,7;1012,6;;9,9;9,7;10;9,7;9,9;9,3;100;98;99;148;1,3;,8;
2026/05/24;0400 UTC;0;1012,4;1012,6;1012,2;;9,3;9,1;9,6;9;9,4;8,9;100;98;99;147;1,5;,9;
2026/05/24;0500 UTC;0;1012;1012,2;1011,7;;8,9;8,9;9;8,6;9;8,5;100;100;100;142;1,2;,6;
2026/05/24;0600 UTC;0;1011,5;1011,7;1011,2;;8,6;8,7;8,7;8,5;8,8;8,5;100;100;100;136;1,7;1,1;
2026/05/24;0700 UTC;0;1011,1;1011,2;1011;;8,3;8,4;8,5;8,1;8,6;8,1;100;100;100;130;1,8;,8;
2026/05/24;0800 UTC;0;1011;1011;1010,8;;8,4;8,4;8,7;8,1;8,8;8,2;100;100;100;134;2,2;1,5;
2026/05/24;0900 UTC;0;1010,8;1010,8;1010,7;;9,7;9,8;10,5;8,8;10,6;8,8;100;100;100;131;2,8;1,5;
2026/05/24;1000 UTC;0;1010,8;1011;1010,6;;10,7;10,8;10,9;10,5;11;10,6;100;100;100;126;3;1,6;
2026/05/24;1100 UTC;,2;1011,2;1011,3;1011;;11,1;11,2;11,3;10,9;11,3;11;100;100;100;122;4,3;2;
2026/05/24;1200 UTC;0;1011,3;1011,4;1011,2;;11,5;11,5;11,7;11,3;11,8;11,3;100;100;100;113;4,8;2,5;
2026/05/24;1300 UTC;0;1011,5;1011,8;1011,2;;11,9;11,9;12,3;11,6;12,3;11,7;100;100;100;120;4,8;2;
2026/05/24;1400 UTC;0;1011,8;1011,9;1011,7;;13;12,6;13,6;12,2;12,9;12,2;100;95;98;130;4,1;1,4;
2026/05/24;1500 UTC;0;1011,1;1011,7;1010,6;;16,2;13;17,8;13,7;13,5;12,4;95;75;84;128;4,8;2;
2026/05/24;1600 UTC;0;1009,9;1010,5;1009,4;;18,5;13,2;19,1;17,6;13,8;12,7;78;70;73;109;4,5;2,3;
2026/05/24;1700 UTC;0;1009,3;1009,4;1009,2;;19,7;13,4;20,5;19;14,1;12,9;73;66;68;119;3,7;1,9;
2026/05/24;1800 UTC;0;1009;1009,2;1008,6;;20,4;13,5;20,9;19,7;14;12,9;68;63;65;147;3,2;1,8;
2026/05/24;1900 UTC;0;1008,1;1008,5;1007,9;;20,7;13,4;21;19,9;13,8;12,9;66;62;64;;;;
2026/05/24;2000 UTC;0;1008;1008,1;1007,9;;19,6;12,9;20,4;19,1;13,3;12,7;69;64;67;148;2,7;1,5;
2026/05/24;2100 UTC;0;1007,8;1008;1007,7;;18;12,6;19,1;16,5;12,9;12,3;79;69;73;142;2,1;1,1;
2026/05/24;2200 UTC;0;1008,1;1008,4;1007,8;;15,6;12,1;16,4;14,9;12,3;12;85;79;83;142;2,1;1,1;
2026/05/24;2300 UTC;0;1008,5;1008,6;1008,4;;14,2;11,8;14,9;13,7;12;11,6;90;85;88;144;1,8;1;
2026/05/25;0000 UTC;0;1008,5;1008,6;1008,3;;13,1;11,6;13,7;12,7;11,8;11,4;95;90;92;134;1,7;,9;
2026/05/25;0100 UTC;0;1008,5;1008,8;1008,4;;12,3;11,5;12,8;11,9;11,7;11,2;98;94;96;148;1,2;,7;
2026/05/25;0200 UTC;0;1008,7;1008,8;1008,7;;11,9;11,4;12,2;11,7;11,7;11,2;99;97;98;146;1,5;,8;
2026/05/25;0300 UTC;0;1008,7;1008,8;1008,6;;12;11,7;12,3;11,6;11,9;11,2;99;98;98;155;1,1;,6;
2026/05/25;0400 UTC;0;1008,5;1008,8;1008,3;;12,5;12;12,7;12,3;12,1;11,9;98;97;97;130;1,4;,9;
2026/05/25;0500 UTC;0;1008,1;1008,4;1008;;12,6;12,1;12,7;12,4;12,2;12;98;97;98;154;1,5;1;
2026/05/25;0600 UTC;0;1008,1;1008,3;1007,8;;12,7;12,2;12,8;12,6;12,3;12,1;98;97;98;143;1,8;1;
2026/05/25;0700 UTC;0;1007,7;1007,9;1007,4;;12,7;12,1;12,8;12,7;12,3;12,1;97;97;97;124;2,4;1,2;
2026/05/25;0800 UTC;0;1007,5;1007,6;1007,3;;12,6;12,1;12,7;12,4;12,2;12;98;97;98;152;1,4;,9;
2026/05/25;0900 UTC;0;1007,2;1007,5;1007;;12,5;12,1;12,6;12,4;12,3;12;99;98;98;137;2,4;1,3;
2026/05/25;1000 UTC;0;1007,7;1008,6;1007,2;;12,9;12,5;13;12,7;12,6;12,3;98;98;98;143;2,3;1,2;
2026/05/25;1100 UTC;0;1008,8;1009,1;1008,5;;13,1;12,7;13,1;13;12,8;12,6;98;97;98;132;1,8;1;
2026/05/25;1200 UTC;0;1009,2;1009,3;1009;;13,3;12,9;13,7;13,1;13,1;12,7;98;97;98;144;1,7;,9;
2026/05/25;1300 UTC;0;1009,1;1009,4;1009;;14;13,2;14,5;13,7;13,5;12,9;97;94;96;149;2,4;1,2;
2026/05/25;1400 UTC;0;1009,3;1009,5;1008,6;;15;13,5;16,2;14,4;14;13,3;95;87;93;115;5,6;2,5;
2026/05/25;1500 UTC;0;1008,4;1008,9;1008,1;;17,3;13,9;18;16,1;14,5;13,4;90;79;83;94;4,5;2,3;
2026/05/25;1600 UTC;0;1007,9;1008,2;1007,6;;18,1;14,1;18,5;17,8;14,6;13,8;83;79;80;101;3;1,5;
2026/05/25;1700 UTC;0;1007,1;1007,6;1006,6;;18,9;14,5;19,3;18,4;15;14,1;81;77;78;131;3,3;1,1;
2026/05/25;1800 UTC;0;1006,4;1006,7;1005,9;;19,6;14,9;20,2;19,3;15,5;14,6;78;74;77;146;1,6;,9;
2026/05/25;1900 UTC;0;1006,4;1006,5;1006,1;;20,1;15,3;20,3;19,7;15,5;15;78;74;76;114;2,1;,9;
2026/05/25;2000 UTC;0;1006,2;1006,5;1005,9;;19,5;15,2;19,7;19,3;15,4;14,8;80;76;78;146;1,3;,8;
2026/05/25;2100 UTC;0;1006,8;1007,1;1006,5;;18,9;15,1;19,3;18,3;15,3;15;84;79;81;173;1,3;,6;
2026/05/25;2200 UTC;0;1007,1;1007,3;1006,9;;18;14,9;18,3;17,7;15,1;14,8;86;84;85;150;1,1;,8;
2026/05/25;2300 UTC;0;1007,4;1007,9;1007,2;;17,4;14,9;17,7;17,2;15;14,7;88;86;87;160;1,7;,9;
2026/05/26;0000 UTC;0;1008,1;1008,3;1007,7;;17;14,7;17,2;16,8;14,8;14,7;90;87;89;160;1,7;1;
2026/05/26;0100 UTC;0;1008,2;1008,4;1007,9;;16,5;14,6;16,8;16,2;14,7;14,5;92;89;90;128;1,6;,9;
2026/05/26;0200 UTC;0;1008,1;1008,6;1007,9;;15,9;14,5;16,3;15,6;14,6;14,4;94;91;93;178;1,2;,7;
2026/05/26;0300 UTC;0;1008,5;1008,7;1008,4;;15,7;14,5;15,8;15,6;14,6;14,4;95;93;94;191;2,3;1,5;
2026/05/26;0400 UTC;0;1008,3;1008,5;1008,1;;15,4;14,6;15,6;15,3;14,7;14,5;96;95;96;178;1,5;,8;
2026/05/26;0500 UTC;0;1008,3;1008,4;1008,1;;15;14,3;15,3;14,9;14,5;14,2;97;96;96;152;1,3;,9;
2026/05/26;0600 UTC;0;1008,2;1008,3;1008,1;;14,9;14,4;15;14,8;14,4;14,3;98;97;97;133;1,7;1,1;
2026/05/26;0700 UTC;0;1008,2;1008,3;1008;;15;14,4;15;14,9;14,4;14,4;97;97;97;145;1,2;,6;
2026/05/26;0800 UTC;0;1008,3;1008,5;1008,1;;14,7;14,4;14,9;14,7;14,5;14,4;99;98;98;216;3,6;2,7;
2026/05/26;0900 UTC;0;1008,5;1008,6;1008,4;;14,8;14,6;14,9;14,7;14,6;14,5;99;98;99;213;3;2;
2026/05/26;1000 UTC;0;1008,7;1009,1;1008,5;;14,8;14,5;14,9;14,5;14,6;14,1;99;98;98;221;4;3;
2026/05/26;1100 UTC;0;1009,6;1010;1009,1;;13,7;13,5;14,4;13,2;14,1;13;99;98;99;205;5,6;3,8;
2026/05/26;1200 UTC;0;1010,3;1010,5;1010;;13,7;13,2;15,2;13,2;13,9;13;99;93;98;191;3,2;1,6;
2026/05/26;1300 UTC;0;1010,5;1010,6;1010,5;;16,5;14,2;17,9;15,2;14,8;13,9;93;83;89;;;;
2026/05/26;1400 UTC;0;1010,8;1010,9;1010,6;;18,3;14,7;19;17,7;15,3;14,2;84;80;82;120;;6,1;
2026/05/26;1500 UTC;0;1010,8;1010,9;1010,6;;18,2;14,9;18,9;17,7;15,4;14,6;86;80;84;151;2,7;1,5;
2026/05/26;1600 UTC;0;1010,3;1010,6;1009,9;;19,4;15;20,7;18,1;15,6;14,6;85;71;78;156;3,3;1,3;
2026/05/26;1700 UTC;0;1009,7;1009,9;1009,4;;21,3;15,1;21,9;20,7;15,6;14,5;73;66;69;170;2,9;1,2;
2026/05/26;1800 UTC;0;1009,1;1009,4;1008,9;;22,2;15,1;22,6;21,7;15,7;14,6;68;61;65;178;4;1,8;
2026/05/26;1900 UTC;0;1008,9;1009;1008,7;;22,3;14,5;22,8;21,6;15,2;13,9;64;58;61;;;;
2026/05/26;2000 UTC;0;1008,8;1008,9;1008,7;;22,1;13,8;22,4;21,6;14,7;12,6;64;54;58;;;;
2026/05/26;2100 UTC;0;1009,2;1009,5;1008,9;;20,7;13,1;21,7;19;13,4;12,9;69;56;62;179;1;,6;
2026/05/26;2200 UTC;0;1009,7;1010;1009,5;;17,2;13;18,9;16,2;13,4;12,7;84;70;79;141;2,6;1,4;
2026/05/26;2300 UTC;0;1010,4;1010,9;1010;;16,1;13,2;16,9;15,1;13,5;12,9;90;83;85;145;1,5;,9;
2026/05/27;0000 UTC;0;1011,2;1011,5;1010,9;;14,5;12,9;15;14;13;12,7;94;90;92;121;2;1,1;
2026/05/27;0100 UTC;0;1011,5;1011,6;1011,5;;13,4;12,4;14;12,7;12,8;11,8;97;93;95;148;1,4;,8;
2026/05/27;0200 UTC;0;1011,5;1011,6;1011,4;;12,4;11,7;12,7;11,8;12,1;11,3;98;96;97;140;1,3;,7;
2026/05/27;0300 UTC;0;1011,8;1012;1011,6;;11,6;11,3;11,8;11,4;11,6;11,2;99;98;99;137;1,4;,8;
2026/05/27;0400 UTC;0;1011,8;1012;1011,6;;11,1;11;11,4;10,7;11,3;10,6;100;99;100;141;1,4;,9;
2026/05/27;0500 UTC;0;1011,6;1011,7;1011,6;;10,5;10,5;10,7;10,4;10,7;10,4;100;100;100;132;1,4;,9;
2026/05/27;0600 UTC;0;1011,6;1011,7;1011,5;;10,1;10,1;10,4;9,5;10,5;9,6;100;100;100;113;1,3;,7;
2026/05/27;0700 UTC;0;1011,4;1011,6;1011,3;;9,5;9,6;9,8;9;9,8;9,1;100;100;100;154;1,2;,8;
2026/05/27;0800 UTC;0;1011,3;1011,4;1011,2;;10,5;10,6;11,3;9,4;11,4;9,5;100;100;100;133;2,1;1,3;
2026/05/27;0900 UTC;0;1011,3;1011,4;1011,2;;11,6;11,6;11,9;11,3;11,9;11,4;100;100;100;130;2,7;1,5;
2026/05/27;1000 UTC;0;1011,6;1011,7;1011,4;;11,8;11,9;11,9;11,8;12;11,8;100;100;100;137;2,7;1,6;
2026/05/27;1100 UTC;0;1012;1012,4;1011,7;;11,8;11,9;11,9;11,7;11,9;11,8;100;100;100;132;3,2;1,8;
2026/05/27;1200 UTC;0;1012,6;1012,8;1012,4;;12;12;12,3;11,8;12,4;11,8;100;100;100;122;3,6;1,8;
2026/05/27;1300 UTC;0;1012,8;1013;1012,7;;12,7;12,7;13;12,3;13;12,4;100;100;100;113;4,3;1,8;
2026/05/27;1400 UTC;0;1013,1;1013,2;1012,9;;13,6;13,4;15,1;13;13,7;12,8;100;90;99;87;4,8;2,5;
2026/05/27;1500 UTC;0;1012,5;1013,1;1012;;16,2;13,4;17,9;15;14,2;12,5;94;76;86;104;4,9;2,4;
2026/05/27;1600 UTC;0;1011,3;1012;1010,5;;19,4;13,7;20,3;17,7;14,6;12,8;79;64;72;90;5,8;3,1;
2026/05/27;1700 UTC;0;1010,1;1010,6;1009,6;;20,5;13,7;21,1;20;14,4;12,7;70;59;66;103;5,6;2,6;
2026/05/27;1800 UTC;0;1009,2;1009,6;1009;;21,5;13;22,3;20,8;13,8;12,3;62;55;58;116;4,4;2;
2026/05/27;1900 UTC;0;1009,1;1009,1;1008,9;;21,7;13;22,3;21;13,6;12,5;60;54;56;;;;
2026/05/27;2000 UTC;0;1009,1;1009,4;1009;;20,6;13,1;22,1;19;13,6;12,7;70;54;63;83;5;2,5;
2026/05/27;2100 UTC;0;1009,5;1009,5;1009,4;;18;12,4;19,1;16,9;12,9;12;76;69;72;87;3,7;1,6;
2026/05/27;2200 UTC;0;1009,8;1010,1;1009,5;;16;11,7;16,8;15,3;12;11,5;81;76;78;86;4,1;1,5;
2026/05/27;2300 UTC;0;1010,1;1010,2;1010,1;;14,3;11,4;15,3;13,9;11,6;11,2;88;81;86;112;2,9;1,2;
2026/05/28;0000 UTC;0;1010,4;1010,5;1010,2;;13,2;11,2;13,9;12,4;11,5;10,9;94;87;90;150;1;,7;
2026/05/28;0100 UTC;0;1010,4;1010,5;1010,3;;11,9;11,2;12,3;11,7;11,4;10,9;98;94;96;137;1,1;,7;
2026/05/28;0200 UTC;0;1010,4;1010,5;1010,3;;11,8;11;11,9;11,5;11,2;10,9;97;96;96;143;1,2;,6;
2026/05/28;0300 UTC;0;1010,5;1010,6;1010,4;;11;10,6;11,5;10,7;11;10,3;100;97;98;147;1,3;,8;
2026/05/28;0400 UTC;0;1010,4;1010,5;1010,2;;10,8;10,7;10,9;10,6;10,8;10,6;100;100;100;141;1,5;,9;
2026/05/28;0500 UTC;0;1010;1010,2;1009,9;;10,4;10,4;10,6;10,1;10,6;10,2;100;100;100;131;2,3;1;
2026/05/28;0600 UTC;0;1009,7;1009,9;1009,6;;10;10,1;10,2;9,9;10,3;10;100;100;100;147;1,1;,6;
2026/05/28;0700 UTC;0;1009,4;1009,6;1009,2;;10,1;10,1;10,2;9,9;10,3;9,9;100;100;100;136;1,7;1,1;
2026/05/28;0800 UTC;0;1009;1009,3;1008,8;;9,8;9,8;9,9;9,7;9,9;9,7;100;100;100;133;1,8;1,2;
2026/05/28;0900 UTC;0;1008,8;1008,9;1008,6;;10,1;10,2;10,3;9,8;10,4;9,8;100;100;100;124;2,1;1,3;
2026/05/28;1000 UTC;,2;1008,8;1009;1008,7;;10,1;10;10,3;9,7;10,3;9,7;100;99;100;134;1,7;1,3;
2026/05/28;1100 UTC;0;1009,2;1009,5;1009;;9,9;9,9;10,5;9,7;10,4;9,7;100;100;100;133;2,3;1,5;
2026/05/28;1200 UTC;0;1009,6;1010;1009,4;;11,3;10,9;12,2;10,5;11,7;10,5;100;97;98;135;2;1,2;
2026/05/28;1300 UTC;0;1010,1;1010,2;1009,9;;13;11,9;13,9;12,2;12,5;11,5;97;90;94;123;4,6;2,2;
2026/05/28;1400 UTC;0;1010,3;1010,4;1010,2;;14,8;12,4;15,5;14;13;12;91;84;88;116;4,5;2,3;
2026/05/28;1500 UTC;0;1010,1;1010,4;1009,7;;16,7;13;17,9;15,5;13,7;12,5;88;77;82;121;3,6;1,9;
2026/05/28;1600 UTC;0;1009,4;1009,7;1009;;18,4;13,7;19;17,7;14,2;13,1;80;73;77;121;3,6;1,9;
2026/05/28;1700 UTC;0;1008,5;1009;1008,1;;19,3;14,1;19,7;19;14,4;13,8;75;71;74;130;2,7;1,5;
2026/05/28;1800 UTC;0;1007,7;1008,1;1007,4;;19,8;14,2;20,3;19,5;14,5;13,8;74;70;72;131;2,6;1,5;
2026/05/28;1900 UTC;0;1007,2;1007,4;1007;;20,5;14,3;20,7;20,3;14,6;13,9;71;66;69;112;3,9;1,9;
2026/05/28;2000 UTC;0;1007,1;1007,3;1006,9;;20,5;14,4;20,7;20,2;14,7;14,2;72;68;70;136;2;1,1;
2026/05/28;2100 UTC;0;1007,3;1007,4;1007,3;;19,2;14,3;20,1;18,2;14,8;13,8;78;72;75;143;2,4;1,3;
2026/05/28;2200 UTC;0;1007,7;1007,9;1007,4;;17,8;13,9;18,1;17,5;14,1;13,7;83;78;81;138;2,4;1,4;
2026/05/28;2300 UTC;0;1008;1008,2;1007,9;;17,3;13,8;17,5;17;14;13,7;84;82;83;133;2,7;1,5;
2026/05/29;0000 UTC;0;1008,3;1008,5;1008,2;;16,9;13,8;17;16,8;13,8;13,7;85;83;84;124;2,8;1,5;
2026/05/29;0100 UTC;0;1008,7;1008,9;1008,4;;16,7;13,8;16,8;16,5;13,8;13,7;86;85;85;134;2,9;1,8;
2026/05/29;0200 UTC;0;1008,8;1009,1;1008,7;;16,3;13,5;16,5;16;13,6;13,4;87;85;86;141;2,5;1,3;
2026/05/29;0300 UTC;0;1009,1;1009,2;1008,9;;15,9;13,3;16;15,7;13,4;13,1;87;86;87;138;2,2;1,2;
2026/05/29;0400 UTC;0;1009,1;1009,2;1009;;15,5;13,1;15,7;15,4;13,2;13;88;87;88;131;2;1,3;
2026/05/29;0500 UTC;0;1009;1009,1;1008,9;;15,4;12,9;15,5;15,3;13,1;12,8;88;87;88;135;2,4;1,6;
2026/05/29;0600 UTC;0;1008,7;1008,9;1008,4;;15,1;12,8;15,3;15;12,9;12,6;89;88;88;126;2,5;1,6;
2026/05/29;0700 UTC;0;1008,1;1008,4;1007,9;;14,9;12,6;15,1;14,9;12,7;12,5;89;88;88;128;2,3;1,5;
2026/05/29;0800 UTC;0;1007,7;1007,9;1007,5;;14,8;12,6;14,9;14,8;12,7;12,5;89;88;89;129;3,9;1,8;
2026/05/29;0900 UTC;0;1007,8;1008;1007,7;;14,7;12,7;14,8;14,5;12,9;12,6;91;89;90;129;3;1,8;
2026/05/29;1000 UTC;0;1008,3;1008,5;1007,9;;14,6;12,8;14,7;14,6;12,9;12,7;91;91;91;138;2,1;1,2;
2026/05/29;1100 UTC;0;1009;1009,2;1008,5;;14,7;12,9;14,8;14,6;13;12,8;92;90;91;147;2,6;1,4;
2026/05/29;1200 UTC;0;1009,7;1009,9;1009,2;;14,8;13;14,8;14,7;13,1;12,9;92;91;91;134;2,4;1,6;
2026/05/29;1300 UTC;0;1010,3;1011,2;1009,8;;15;13,1;15,2;14,8;13,3;13;92;90;91;152;2,2;1,2;
2026/05/29;1400 UTC;0;1011,4;1011,6;1011,2;;15,2;13,4;15,5;15,1;13,6;13,1;91;90;91;155;3,2;1,7;
2026/05/29;1500 UTC;0;1011;1011,4;1010,1;;15,6;13,8;15,8;15,5;14;13,5;92;90;91;119;6,5;2,7;
2026/05/29;1600 UTC;0;1009,3;1010,1;1008,7;;15,9;14,3;16,5;15,5;14,7;14;94;89;92;98;5;2,9;
2026/05/29;1700 UTC;0;1008,5;1008,8;1008,1;;17,4;14,6;18;16,5;15;14,4;91;83;86;154;2,6;1,5;
2026/05/29;1800 UTC;0;1008,1;1008,5;1007,7;;17,7;14,6;18,2;17,3;15;14,1;88;80;84;117;5,1;1,6;
2026/05/29;1900 UTC;0;1008,2;1008,4;1007,9;;18,3;14,6;18,6;17,5;15,3;14,1;89;79;82;;;;
2026/05/29;2000 UTC;0;1008,3;1008,4;1008,2;;17,1;15;17,5;17;15,3;14,9;90;88;89;;;;
2026/05/29;2100 UTC;0;1008,6;1008,9;1008,3;;16,8;15;17,1;16,2;15,1;14,9;94;89;91;;;;
2026/05/29;2200 UTC;0;1009;1009,6;1008,7;;15,6;14,8;16,1;15,1;15;14,5;97;94;96;;;;
2026/05/29;2300 UTC;0;1009,7;1009,8;1009,5;;15,1;14,6;15,2;14,8;14,7;14,4;98;97;98;;;;
2026/05/30;0000 UTC;0;1010;1010,2;1009,8;;14,6;14,4;14,9;14,4;14,7;14,2;99;98;99;;;;
2026/05/30;0100 UTC;0;1010,2;1010,3;1009,9;;15;14,8;15,1;14,9;14,8;14,7;99;99;99;;;;
2026/05/30;0200 UTC;0;1010,3;1010,4;1010,2;;15,2;14,8;15,2;15;14,9;14,7;99;98;98;;;;
2026/05/30;0300 UTC;0;1010,2;1010,3;1010,2;;15,2;14,7;15,2;15,2;14,8;14,7;98;97;98;;;;
2026/05/30;0400 UTC;0;1010,3;1010,5;1010,1;;15;14,6;15,2;14,9;14,7;14,5;98;97;98;;;;
2026/05/30;0500 UTC;0;1010,4;1010,6;1010,3;;14,9;14,5;14,9;14,8;14,5;14,5;98;98;98;;;;
2026/05/30;0600 UTC;0;1010,3;1010,4;1010,2;;14,8;14,4;14,9;14,8;14,5;14,3;98;98;98;;;;
2026/05/30;0700 UTC;0;1010;1010,2;1009,6;;14,5;14,2;14,8;13,8;14,3;13,7;100;98;98;;;;
2026/05/30;0800 UTC;0;1010;1010,1;1009,8;;13,1;13;13,8;12,5;13,8;12,5;100;98;100;;;;
2026/05/30;0900 UTC;0;1010,2;1010,4;1010,1;;14;14,1;14,1;13,7;14,2;13,8;100;100;100;;;;
2026/05/30;1000 UTC;0;1010,7;1011,3;1010,4;;14;14;14;13,8;14,1;13,9;100;100;100;;;;
2026/05/30;1100 UTC;0;1011,7;1012;1011,3;;13,7;13,8;13,8;13,6;13,9;13,7;100;100;100;;;;
2026/05/30;1200 UTC;0;1012,3;1012,5;1012,1;;13,8;13,9;14,2;13,6;14,3;13,7;100;100;100;;;;
2026/05/30;1300 UTC;0;1012,3;1012,5;1012,2;;14,9;14,7;15,7;14,2;14,9;14,3;100;94;99;;;;
2026/05/30;1400 UTC;0;1012,5;1012,5;1012,4;;16,5;14,6;17,9;15,5;15,2;14,1;96;85;90;;;;
2026/05/30;1500 UTC;0;1012,4;1012,5;1012,2;;17,5;14,9;18;16,9;15,5;14,6;90;85;87;;;;
2026/05/30;1600 UTC;0;1011,7;1012,2;1011,3;;18,6;15,2;19,8;17,1;15,6;14,8;90;78;83;;;;
2026/05/30;1700 UTC;0;1010,7;1011,3;1010,2;;20,6;15,6;21,2;19,9;16,2;15,2;81;71;75;;;;
2026/05/30;1800 UTC;0;1009,8;1010,2;1009,5;;21,6;15,7;21,9;21,2;16,2;15,1;74;68;71;;;;
2026/05/30;1900 UTC;0;1009,4;1009,5;1009,4;;21,8;15,7;22,1;21,4;16,3;15,3;72;68;70;;;;
2026/05/30;2000 UTC;0;1009,6;1009,8;1009,4;;21,1;15,6;21,6;20,3;16,1;15,2;78;68;73;;;;
2026/05/30;2100 UTC;;;;;;;;;;;;;;;;;;
2026/05/30;2200 UTC;0;1010,3;1010,5;1010;;18,5;15;19;18,1;15,3;14,8;86;80;82;;;;
2026/05/30;2300 UTC;0;1010,7;1010,9;1010,5;;17,8;15,3;18,5;16,7;15,5;15;91;84;87;;;;
2026/05/31;0000 UTC;0;1011;1011,2;1010,8;;15,9;14,7;16,7;15;15;14,2;97;92;94;;;;
2026/05/31;0100 UTC;0;1011,4;1011,5;1011,3;;14,6;14,2;14,9;14,2;14,4;13,8;99;96;98;;;;
2026/05/31;0200 UTC;0;1011,5;1011,7;1011,4;;14;13,9;14,1;13,9;14,1;13,7;100;98;100;;;;
2026/05/31;0300 UTC;0;1011,8;1011,9;1011,7;;13,4;13,4;14;12,7;14;12,5;100;99;100;;;;
2026/05/31;0400 UTC;0;1011,7;1011,8;1011,7;;13,5;13,6;13,9;12,5;13,9;12,4;100;99;100;;;;
2026/05/31;0500 UTC;0;1011,7;1011,8;1011,6;;12,2;12,2;12,4;11,8;12,4;11,9;100;99;100;;;;
2026/05/31;0600 UTC;0;1011,5;1011,6;1011,4;;12;12,1;12,4;11,6;12,4;11,6;100;100;100;;;;
2026/05/31;0700 UTC;0;1011,3;1011,4;1011,2;;11,5;11,5;11,8;11,1;11,9;11,1;100;100;100;;;;
2026/05/31;0800 UTC;0;1011,3;1011,3;1011,2;;11,3;11,4;11,7;10,9;11,8;11;100;100;100;;;;
2026/05/31;0900 UTC;0;1011,3;1011,3;1011,2;;11;11,1;11,2;10,8;11,3;10,9;100;100;100;;;;
2026/05/31;1000 UTC;0;1011,4;1011,8;1011,2;;10,7;10,8;11,4;9,9;11,5;9,9;100;100;100;;;;
2026/05/31;1100 UTC;0;1012;1012,4;1011,8;;9,8;9,8;10,2;9,3;10,3;9,4;100;100;100;;;;
2026/05/31;1200 UTC;0;1012,5;1012,6;1012,4;;10,1;10,1;10,6;9,6;10,7;9,7;100;100;100;;;;
2026/05/31;1300 UTC;0;1012,7;1012,9;1012,6;;11,9;12;13,4;10,6;13,3;10,7;100;99;100;;;;
2026/05/31;1400 UTC;0;1012,8;1013;1012,6;;15;14;16,5;13,6;14,7;13,4;100;86;95;;;;
2026/05/31;1500 UTC;0;1012,2;1012,6;1011,8;;17,9;13,4;18,7;16,7;14,7;12,7;86;72;77;;;;
2026/05/31;1600 UTC;0;1011,3;1011,8;1010,8;;19,2;13,3;19,9;18,2;14,3;12,5;78;67;71;;;;
2026/05/31;1700 UTC;0;1010,4;1010,8;1009,9;;19,8;13;20,3;19;13,8;12,4;71;63;66;;;;
2026/05/31;1800 UTC;0;1009,5;1009,9;1009,2;;20,2;12,9;21;19,2;13,6;12,5;68;59;64;;;;
2026/05/31;1900 UTC;0;1009;1009,2;1008,8;;20,7;12,9;21,2;20,4;13,6;12,3;63;59;61;;;;
2026/05/31;2000 UTC;0;1008,9;1009;1008,8;;20,4;12,6;20,7;19,6;13;12,3;64;58;61;;;;
2026/05/31;2100 UTC;0;1009,2;1009,6;1009;;18;11,9;19,5;16,5;12,4;11,6;75;64;70;;;;
2026/05/31;2200 UTC;0;1010;1010,3;1009,6;;15,2;11,1;16,4;14;11,5;10,8;86;76;80;;;;
2026/05/31;2300 UTC;0;1010,6;1010,7;1010,4;;14,1;11,5;14,7;13,5;12,1;10,8;90;82;87;;;;
2026/06/01;0000 UTC;0;1010,8;1011;1010,6;;13,3;11,9;14;12,6;12,1;11,6;96;90;93;;;;
2026/06/01;0100 UTC;0;1011;1011,2;1010,8;;11,7;11,3;12,7;10,7;12,1;10,1;100;96;98;;;;
2026/06/01;0200 UTC;0;1010,7;1010,9;1010,6;;10,9;10,9;11,7;10,2;11,8;10,1;100;99;100;;;;
2026/06/01;0300 UTC;0;1010,9;1011,3;1010,7;;10,6;10,7;11,2;10;11,3;10,1;100;100;100;;;;
2026/06/01;0400 UTC;0;1011,5;1011,7;1011,2;;9,5;9,5;10,1;9,1;10,1;9,1;100;100;100;;;;
2026/06/01;0500 UTC;0;1011,5;1011,6;1011,4;;9,3;9,4;9,7;8,9;9,7;8,9;100;100;100;;;;
2026/06/01;0600 UTC;,2;1011,6;1011,7;1011,4;;8,7;8,8;9,1;8,3;9,2;8,4;100;100;100;;;;
2026/06/01;0700 UTC;0;1011,4;1011,6;1011;;8,6;8,6;8,8;8,3;8,9;8,4;100;100;100;;;;
2026/06/01;0800 UTC;0;1011,1;1011,2;1011;;8,2;8,3;8,6;7,8;8,6;7,9;100;100;100;;;;
2026/06/01;0900 UTC;0;1011,1;1011,2;1011;;8,6;8,7;8,8;8,2;8,8;8,2;100;100;100;;;;
2026/06/01;1000 UTC;0;1011,6;1012;1011,2;;8,7;8,8;8,8;8,6;8,9;8,7;100;100;100;;;;
2026/06/01;1100 UTC;0;1012,4;1012,9;1012,1;;9;9;9,2;8,8;9,3;8,9;100;100;100;;;;
2026/06/01;1200 UTC;0;1013,1;1013,3;1012,8;;9,6;9,7;10,3;9,3;10,4;9,3;100;100;100;;;;
2026/06/01;1300 UTC;0;1013,5;1013,7;1013,3;;10,9;11;11,7;10,2;11,7;10,3;100;100;100;;;;
2026/06/01;1400 UTC;0;1013,9;1014;1013,7;;12;12;12,8;11,3;12,7;11,4;100;99;100;;;;
2026/06/01;1500 UTC;0;1013,6;1013,8;1013,1;;14,2;12,5;15,8;12,7;13,3;11,8;99;83;92;;;;
2026/06/01;1600 UTC;0;1012,9;1013,2;1012,5;;17,6;12,4;18,9;16,1;13;11,7;83;67;74;;;;
2026/06/01;1700 UTC;0;1012,1;1012,5;1011,7;;18,1;12,1;19,1;17,1;13;11,6;74;66;70;;;;
2026/06/01;1800 UTC;0;1011,2;1011,7;1010,7;;18,5;11,6;19,1;17,8;12,5;11;70;62;66;;;;
2026/06/01;1900 UTC;0;1010,8;1010,9;1010,6;;18,2;11,2;18,7;17,7;11,7;10,8;67;63;65;;;;
2026/06/01;2000 UTC;0;1011;1011,3;1010,9;;17,7;11;18,5;16,9;11,2;10,7;71;62;66;;;;
2026/06/01;2100 UTC;0;1011,6;1011,8;1011,4;;15,9;11;16,8;15,2;11,2;10,9;80;70;75;;;;
2026/06/01;2200 UTC;0;1011,8;1012;1011,7;;14,8;10,8;15,2;14,4;11,2;10,6;81;79;80;;;;
2026/06/01;2300 UTC;0;1012,2;1012,3;1012;;13,8;10,6;14,4;13,2;10,7;10,4;86;81;84;;;;
2026/06/02;0000 UTC;0;1012,7;1013;1012,3;;12,5;10,3;13,2;12,1;10,6;9,9;90;86;89;;;;
2026/06/02;0100 UTC;0;1013;1013,1;1012,9;;11,7;9,7;12,1;11,4;9,9;9,5;91;89;90;;;;
2026/06/02;0200 UTC;0;1013,2;1013,3;1013;;11,3;9,5;11,7;10,8;9,7;9,4;93;90;91;;;;
2026/06/02;0300 UTC;0;1013,2;1013,4;1013,1;;10,1;9,2;10,8;9,7;9,6;8,9;98;93;96;;;;
2026/06/02;0400 UTC;0;1013,2;1013,3;1013;;9,5;8,8;9,8;9,2;9,2;8,5;98;96;97;;;;
2026/06/02;0500 UTC;0;1013,1;1013,2;1012,8;;9,4;8,8;9,5;9,2;9,1;8,5;98;97;97;;;;
2026/06/02;0600 UTC;0;1012,8;1012,9;1012,7;;9,3;9;9,6;9;9,2;8,8;99;97;98;;;;
2026/06/02;0700 UTC;0;1012,8;1012,8;1012,7;;9;8,9;9,2;8,9;9,1;8,8;100;99;99;;;;
2026/06/02;0800 UTC;0;1012,6;1012,8;1012,5;;8,8;8,8;9,1;8,5;9,1;8,6;100;100;100;;;;
2026/06/02;0900 UTC;0;1012,6;1012,7;1012,6;;8,3;8,4;8,5;8,3;8,6;8,3;100;100;100;;;;
2026/06/02;1000 UTC;0;1012,8;1013;1012,6;;8,5;8,6;8,7;8,3;8,8;8,4;100;100;100;;;;
2026/06/02;1100 UTC;0;1013,3;1013,7;1013;;9,1;9,1;9,6;8,7;9,6;8,8;100;100;100;;;;
2026/06/02;1200 UTC;0;1013,9;1014;1013,7;;10,6;10,7;12,1;9,6;12,1;9,6;100;100;100;;;;
2026/06/02;1300 UTC;;;;;;;;;;;;;;;;;;
2026/06/02;1400 UTC;0;1014,1;1014,2;1013,9;;16,4;12,8;17,6;15;13,4;12,2;88;76;82;;;;
2026/06/02;1500 UTC;0;1013,8;1014,1;1013,5;;18,7;13,2;19,4;17,7;13,8;12,8;78;68;73;;;;
2026/06/02;1600 UTC;0;1013,1;1013,5;1012,7;;19,4;13,4;19,9;19,1;13,9;13;72;68;70;;;;
2026/06/02;1700 UTC;0;1012,5;1012,7;1012,3;;20;13,6;20,7;19,4;14,2;12,9;70;64;68;;;;
2026/06/02;1800 UTC;0;1012;1012,2;1011,8;;20,8;13,9;21,5;20;14,6;13,4;69;61;65;;;;
2026/06/02;1900 UTC;0;1011,6;1011,8;1011,5;;21,1;13,8;21,4;20,9;14,3;13,4;66;61;64;;;;
2026/06/02;2000 UTC;0;1011,5;1011,7;1011,4;;20,8;13,6;21,2;20,3;13,9;13,2;66;62;64;;;;
2026/06/02;2100 UTC;0;1012;1012,1;1011,7;;18,7;13,1;20,3;16,9;13,5;12,8;80;65;72;;;;
2026/06/02;2200 UTC;0;1012,4;1012,6;1012,1;;15,9;12,6;16,8;14,9;12,8;12,4;88;80;84;;;;
2026/06/02;2300 UTC;0;1012,6;1012,7;1012,6;;14,7;12,3;15,2;14,3;12,5;12,2;90;86;88;;;;
2026/06/03;0000 UTC;0;1013;1013,3;1012,7;;14,1;12,3;14,3;14;12,4;12,2;92;90;91;;;;
2026/06/03;0100 UTC;0;1013,4;1013,6;1013,3;;13,5;12,1;13,9;13,3;12,2;12,1;94;92;93;;;;
2026/06/03;0200 UTC;0;1013,9;1014,2;1013,6;;13;11,9;13,4;12,6;12,1;11,7;96;93;95;;;;
2026/06/03;0300 UTC;0;1014;1014,1;1013,9;;12,3;11,7;12,6;12;11,9;11,5;98;96;97;;;;
2026/06/03;0400 UTC;0;1013,7;1013,9;1013,5;;11,7;11,3;12,2;11,4;11,7;11,1;99;97;98;;;;
2026/06/03;0500 UTC;0;1013,5;1013,6;1013,4;;11;10,9;11,4;10,7;11,2;10,7;100;99;99;;;;
2026/06/03;0600 UTC;0;1013;1013,4;1012,8;;10,7;10,7;11;10,3;11,1;10,3;100;100;100;;;;
2026/06/03;0700 UTC;0;1012,9;1013;1012,8;;10,3;10,3;10,4;10,2;10,5;10,2;100;100;100;;;;
2026/06/03;0800 UTC;0;1012,6;1012,8;1012,4;;10,1;10,2;10,3;10;10,4;10;100;100;100;;;;
2026/06/03;0900 UTC;0;1012,4;1012,6;1012,3;;9,8;9,9;10;9,5;10,1;9,5;100;100;100;;;;
2026/06/03;1000 UTC;0;1013;1013,4;1012,6;;9,4;9,5;9,5;9,3;9,6;9,4;100;100;100;;;;
2026/06/03;1100 UTC;0;1013,3;1013,5;1013,2;;9,4;9,5;9,6;9,2;9,6;9,3;100;100;100;;;;
2026/06/03;1200 UTC;;;;;;;;;;;;;;;;;;
2026/06/03;1300 UTC;0;1014,3;1014,6;1014,1;;13,1;11,5;14,2;11,8;12,4;10,8;97;88;92;;;;
2026/06/03;1400 UTC;0;1014,6;1014,7;1014,5;;15;12,3;16,2;14,2;13;11,5;89;82;86;;;;
2026/06/03;1500 UTC;0;1014,2;1014,5;1013,9;;17,4;13,3;18,7;16,1;14,4;12,6;84;75;80;;;;
2026/06/03;1600 UTC;0;1013,5;1013,9;1012,9;;19,6;14,3;21;18,7;15,5;13,7;77;70;73;;;;
2026/06/03;1700 UTC;0;1012,5;1012,9;1012;;21,6;15;22,7;20,9;15,8;14,3;71;60;67;;;;
2026/06/03;1800 UTC;0;1011,7;1012;1011,5;;23,3;15,4;24;22,4;15,9;14,8;64;56;60;;;;
2026/06/03;1900 UTC;0;1011,3;1011,5;1011,2;;24,3;15,4;24,8;23,7;16;14,7;58;54;56;;;;
2026/06/03;2000 UTC;0;1011,2;1011,5;1011,1;;24;15,7;25;22,1;16,1;15,2;66;53;58;;;;
2026/06/03;2100 UTC;0;1011,9;1012,3;1011,5;;20,2;14,5;22;18,7;15,3;14;76;66;72;;;;
2026/06/03;2200 UTC;0;1012,5;1012,6;1012,3;;17,7;13,9;18,7;17,1;14;13,7;83;77;81;;;;
2026/06/03;2300 UTC;0;1012,9;1013;1012,5;;16,3;13,6;17,1;15,7;13,7;13,5;90;83;87;;;;
2026/06/04;0000 UTC;0;1013,2;1013,4;1013;;15,5;13,5;15,8;15,1;13,6;13,4;91;89;90;;;;
2026/06/04;0100 UTC;0;1013,8;1014;1013,4;;14,5;13,3;15;13,9;13,4;13,1;96;92;94;;;;
2026/06/04;0200 UTC;0;1014,1;1014,2;1014;;13,9;13,3;14;13,7;13,3;13,2;98;96;97;;;;
2026/06/04;0300 UTC;0;1014,3;1014,4;1014,2;;13,5;13,1;13,7;13,2;13,3;12,9;99;98;98;;;;
2026/06/04;0400 UTC;0;1014,3;1014,5;1014,2;;12,8;12,7;13,2;12,5;13;12,5;100;99;99;;;;
2026/06/04;0500 UTC;0;1014,5;1014,5;1014,4;;12,3;12,3;12,6;12;12,6;12,1;100;100;100;;;;
2026/06/04;0600 UTC;0;1014,2;1014,4;1014,1;;11,9;12;12,1;11,6;12,1;11,7;100;100;100;;;;
2026/06/04;0700 UTC;0;1014;1014,1;1013,9;;11,4;11,5;11,7;11,3;11,7;11,3;100;100;100;;;;
2026/06/04;0800 UTC;0;1013,9;1013,9;1013,8;;11;11,1;11,5;10,6;11,6;10,6;100;100;100;;;;
2026/06/04;0900 UTC;0;1013,9;1014;1013,8;;10,5;10,5;10,7;10,2;10,8;10,2;100;100;100;;;;
2026/06/04;1000 UTC;0;1014,3;1014,6;1014;;9,8;9,9;10,2;9,7;10,2;9,8;100;100;100;;;;
2026/06/04;1100 UTC;0;1014,8;1015;1014,6;;9,6;9,7;9,9;9,4;9,9;9,5;100;100;100;;;;
2026/06/04;1200 UTC;;;;;;;;;;;;;;;;;;
2026/06/04;1300 UTC;0;1015,4;1015,4;1015,3;;13,3;12,7;15,4;11,4;13,6;11,4;100;89;97;;;;
2026/06/04;1400 UTC;0;1015,1;1015,3;1014,9;;18;14,1;19,9;15,5;15,2;13,1;89;72;81;;;;
2026/06/04;1500 UTC;0;1014,6;1014,9;1014,1;;21,2;15;22,6;19,9;15,9;14,3;76;62;69;;;;
2026/06/04;1600 UTC;0;1013,5;1014,1;1012,9;;23,2;15,4;24;22,5;16,1;14,8;64;56;61;;;;
2026/06/04;1700 UTC;0;1012,5;1012,9;1012;;24,4;15,4;25;23,7;16;14,7;60;51;55;;;;
2026/06/04;1800 UTC;0;1011,7;1012,1;1011,4;;24,8;15,2;25,1;24,6;16;14,8;56;50;52;;;;
2026/06/04;1900 UTC;0;1011,3;1011,4;1011,1;;24,3;15,2;24,8;23,7;15,8;14,8;57;52;54;;;;
2026/06/04;2000 UTC;0;1011,1;1011,3;1011;;23,7;15,2;23,9;23,4;15,7;14,7;61;55;58;;;;
2026/06/04;2100 UTC;0;1011,3;1011,4;1011,1;;21,8;14,4;23,3;20,5;14,8;14;67;57;63;;;;
2026/06/04;2200 UTC;0;1011,5;1011,6;1011,4;;19,3;13,5;20,5;18,2;14;13,1;75;67;71;;;;
2026/06/04;2300 UTC;0;1011,5;1011,5;1011,4;;18,3;13;18,6;18,1;13,2;12,9;74;73;73;;;;
2026/06/05;0000 UTC;0;1011,4;1011,5;1011,3;;17,6;13,1;18,4;17;13,3;12,8;80;73;77;;;;
2026/06/05;0100 UTC;0;1011,5;1011,6;1011,3;;15,4;12,5;16,9;14,1;13,2;12,2;91;80;86;;;;
2026/06/05;0200 UTC;0;1011,3;1011,5;1011,2;;14,2;12,3;14,7;13,8;12,6;12,1;93;88;90;;;;
2026/06/05;0300 UTC;0;1011,2;1011,2;1011,2;;13,8;12,2;14;13,4;12,3;12;93;91;92;;;;
2026/06/05;0400 UTC;0;1011,1;1011,2;1011,1;;13,5;12,1;13,8;13,2;12,2;11,9;95;92;93;;;;
2026/06/05;0500 UTC;0;1011,3;1011,4;1011,2;;13;12,1;13,4;12,7;12,4;11,8;97;93;96;;;;
2026/06/05;0600 UTC;0;1011,4;1011,5;1011,3;;12,5;12,1;12,8;11,7;12,6;11,2;100;96;98;;;;
2026/06/05;0700 UTC;0;1011,2;1011,3;1011,1;;12,4;12,5;12,6;12,3;12,6;12,4;100;100;100;;;;
2026/06/05;0800 UTC;0;1011,2;1011,4;1011;;12,5;12,5;12,8;12,3;12,8;12,3;100;99;100;;;;
2026/06/05;0900 UTC;0;1010,8;1011;1010,7;;12,7;12,5;13;12,5;12,7;12,3;100;98;99;;;;
2026/06/05;1000 UTC;0;1010,8;1010,9;1010,7;;12,8;12,4;13,1;12,6;12,8;12;99;96;98;;;;
2026/06/05;1100 UTC;0;1011,1;1011,2;1010,9;;13,8;12,7;14,6;12,7;13;12,1;98;91;94;;;;
2026/06/05;1200 UTC;0;1011,2;1011,3;1010,9;;15,3;13,4;16,5;14,4;14;12,9;93;87;91;;;;
2026/06/05;1300 UTC;0;1011,4;1011,7;1011;;17,2;14,2;17,9;16,6;14,7;13,9;87;83;85;;;;
2026/06/05;1400 UTC;0;1011,5;1011,7;1011,2;;20,3;15,3;21,6;18;16,1;14,4;82;69;75;;;;
2026/06/05;1500 UTC;0;1010,8;1011,1;1010,3;;22,8;16,1;23,6;21,7;16,6;15,4;70;64;66;;;;
2026/06/05;1600 UTC;0;1010;1010,2;1009,8;;23,8;16,6;24,2;23,4;17;16,3;66;63;64;;;;
2026/06/05;1700 UTC;0;1009,4;1009,8;1009,1;;24,8;17,4;25,3;24,1;18;16,8;65;61;63;;;;
2026/06/05;1800 UTC;0;1008,8;1009,1;1008,6;;24,8;17,6;25,4;24,3;18;17,3;66;60;64;;;;
2026/06/05;1900 UTC;0;1008,4;1008,6;1008,4;;24,9;17,3;25,5;24,1;17,6;16,8;66;58;62;;;;
2026/06/05;2000 UTC;0;1008,3;1008,5;1008,2;;24,7;17;25,2;24,2;17,9;16,4;65;60;62;;;;
2026/06/05;2100 UTC;0;1008,3;1008,4;1008,3;;22,6;15,9;24,3;20,5;16,5;15;72;61;66;;;;
2026/06/05;2200 UTC;0;1008,3;1008,4;1008,3;;19,1;14,8;20,5;18,5;15,1;14,5;82;72;79;;;;
2026/06/05;2300 UTC;0;1008,5;1008,6;1008,3;;18,6;14,7;19,2;18;14,8;14,5;83;78;80;;;;
2026/06/06;0000 UTC;0;1008,6;1008,8;1008,5;;17,9;14,9;18,1;17,6;15,2;14,7;87;83;85;;;;
2026/06/06;0100 UTC;0;1008,9;1009;1008,8;;17;14,8;17,6;16,2;15,1;14,4;93;87;89;;;;
2026/06/06;0200 UTC;0;1008,9;1009;1008,8;;17,1;14,6;17,4;16,7;14,9;14,4;89;86;88;;;;
2026/06/06;0300 UTC;0;1008,9;1009;1008,8;;16,4;14,4;16,8;16,1;14,7;14,1;92;88;90;;;;
2026/06/06;0400 UTC;0;1008,9;1008,9;1008,7;;15,7;14,3;16,1;15,3;14,7;14;96;91;93;;;;
2026/06/06;0500 UTC;0;1008,7;1008,8;1008,6;;15,6;14,7;16,2;15,3;15,3;14,2;98;91;95;;;;
2026/06/06;0600 UTC;0;1008,3;1008,7;1008,1;;15,2;14,5;15,8;14,7;15,1;14,1;99;95;97;;;;
2026/06/06;0700 UTC;0;1007,9;1008,1;1007,8;;14,6;14,3;15,1;13,8;14,9;13,6;100;97;99;;;;
2026/06/06;0800 UTC;0;1007,6;1007,8;1007,5;;13,9;13,9;14,3;13,6;14,3;13,6;100;99;100;;;;
2026/06/06;0900 UTC;0;1007,4;1007,5;1007,2;;14;14;14,3;13,8;14,4;13,8;100;100;100;;;;
2026/06/06;1000 UTC;0;1007,6;1007,8;1007,3;;14,2;14,1;14,3;14;14,4;13,9;100;99;100;;;;
2026/06/06;1100 UTC;0;1007,9;1008,1;1007,8;;15;14,7;15,3;14,1;14,9;14;100;97;98;;;;
2026/06/06;1200 UTC;;;;;;;;;;;;;;;;;;
2026/06/06;1300 UTC;0;1008,4;1008,5;1008,3;;17,6;16,1;19,1;16,7;16,8;15,6;95;86;92;;;;
2026/06/06;1400 UTC;0;1008,2;1008,4;1007,9;;20,1;16,9;21,3;19,1;17,7;16,2;88;79;84;;;;
2026/06/06;1500 UTC;0;1007,7;1007,9;1007,4;;21,8;17,7;22,4;21,4;18,1;17,4;83;76;79;;;;
2026/06/06;1600 UTC;0;1006,8;1007,4;1006,2;;22,8;18,1;23,5;22,2;18,7;17,5;79;73;76;;;;
2026/06/06;1700 UTC;0;1005,8;1006,2;1005,5;;23,4;18,3;23,8;23,1;18,8;18;77;72;75;;;;
2026/06/06;1800 UTC;0;1005,3;1005,4;1005,1;;24;18,2;24,3;23,6;18,9;17,9;75;68;71;;;;
2026/06/06;1900 UTC;0;1005,2;1005,2;1005;;24,1;18;24,3;23,8;18,5;17,4;73;67;70;;;;
2026/06/06;2000 UTC;0;1005,1;1005,1;1005;;23,6;17,7;24;23,3;18,1;17,4;73;68;70;;;;
2026/06/06;2100 UTC;0;1005,2;1005,3;1005;;22,1;17,6;23,3;21,4;18,1;17,3;80;72;77;;;;
2026/06/06;2200 UTC;0;1005,3;1005,4;1005,3;;21,1;17,2;21,5;20,6;17,4;17;83;79;81;;;;
2026/06/06;2300 UTC;0;1005,5;1005,6;1005,3;;20;17,1;20,6;19,4;17,3;17;89;83;85;;;;
2026/06/07;0000 UTC;;;;;;;;;;;;;;;;;;
2026/06/07;0100 UTC;0;1006;1006,1;1005,9;;19,2;17;19,5;18,8;17,2;16,9;92;88;89;;;;
2026/06/07;0200 UTC;0;1006;1006,1;1005,9;;18,9;17,1;19,2;18,7;17,3;16,8;92;88;91;;;;
2026/06/07;0300 UTC;0;1006,2;1006,3;1006,1;;19;17;19,2;18,8;17,2;16,5;92;87;90;;;;
2026/06/07;0400 UTC;0;1006,2;1006,3;1006;;18,6;16,8;18,8;18,4;17;16,6;93;90;91;;;;
2026/06/07;0500 UTC;0;1006;1006,2;1005,8;;18,5;17,1;18,7;18,4;17,2;17;94;92;93;;;;
2026/06/07;0600 UTC;0;1005,6;1005,8;1005,3;;18,4;17;18,7;18;17,1;16,7;94;92;93;;;;
2026/06/07;0700 UTC;0;1005,3;1005,3;1005,2;;17,9;16,9;18,1;17,6;17;16,7;96;94;95;;;;
2026/06/07;0800 UTC;0;1005,4;1005,7;1005,2;;17,4;16,8;17,6;17,2;17,1;16,6;98;96;97;;;;
2026/06/07;0900 UTC;0;1005,8;1005,9;1005,7;;17,3;17;17,4;17,1;17,2;16,6;99;98;98;;;;
2026/06/07;1000 UTC;0;1005,9;1006;1005,7;;16,7;16,5;17,1;16,3;16,7;16,2;100;98;99;;;;
2026/06/07;1100 UTC;0;1005,9;1006;1005,7;;16,2;16,2;16,4;15,8;16,4;15,9;100;100;100;;;;
2026/06/07;1200 UTC;0;1005,8;1006;1005,7;;17,1;16,6;18,4;16;17;16,1;100;92;98;;;;
2026/06/07;1300 UTC;0;1005,9;1006;1005,7;;19,5;17;20,7;18,4;17,5;16,7;92;84;88;;;;
2026/06/07;1400 UTC;0;1005,9;1006,2;1005,7;;21,8;17,1;22,5;20,8;17,7;16,7;84;72;77;;;;
2026/06/07;1500 UTC;0;1005,6;1006,1;1005;;23,6;17,2;24,4;22,5;18;16,3;74;65;68;;;;
2026/06/07;1600 UTC;0;1004,7;1004,9;1004,5;;24,4;17,6;24,7;24,2;18,1;17,3;69;64;66;;;;
2026/06/07;1700 UTC;0;1004,1;1004,4;1004;;23,7;17,9;24,2;23,1;18,3;17,2;73;65;71;;;;
2026/06/07;1800 UTC;0;1003,8;1004,1;1003,5;;23;17,7;23,2;22,9;17,9;17,4;75;72;73;;;;
2026/06/07;1900 UTC;0;1003,7;1004,3;1003,2;;22,3;17,7;23,2;20,9;18,3;17,2;87;71;77;;;;
2026/06/07;2000 UTC;7,4;1004,4;1004,6;1004,1;;19,5;18,8;20,8;19,1;18,9;18,3;99;87;96;;;;
2026/06/07;2100 UTC;0;1004,9;1005,3;1004,6;;18,8;18,4;19,1;18,7;18,8;18,1;99;97;98;;;;
2026/06/07;2200 UTC;11,1;1006,1;1006,7;1005,3;;17,8;17,3;18,8;16,8;18,4;15,8;99;91;97;;;;
2026/06/07;2300 UTC;,4;1006,2;1006,5;1006;;17,3;17;17,5;17,1;17,2;16,7;99;98;99;;;;
2026/06/08;0000 UTC;,2;1006,5;1006,6;1006,2;;17,1;16,9;17,3;16,9;17,1;16,7;99;98;99;;;;
2026/06/08;0100 UTC;0;1005,9;1006,4;1005,5;;16,7;16,4;16,9;16,5;16,7;16,2;99;98;99;;;;
2026/06/08;0200 UTC;0;1005,9;1006,2;1005,7;;16,5;16;16,5;16,4;16,2;15,9;98;97;98;;;;
2026/06/08;0300 UTC;0;1006,3;1006,5;1006,1;;16,4;15,8;16,5;16,3;15,9;15,5;98;95;97;;;;
2026/06/08;0400 UTC;,2;1006,5;1006,6;1006,3;;16,4;15,8;16,5;16,3;15,9;15,6;98;96;97;;;;
2026/06/08;0500 UTC;0;1006,8;1006,9;1006,5;;16,2;16;16,4;16,2;16,1;15,8;99;97;99;;;;
2026/06/08;0600 UTC;0;1006,5;1006,9;1006,1;;16,1;16;16,2;16,1;16,1;15,9;100;99;100;;;;
2026/06/08;0700 UTC;0;1005,9;1006,1;1005,8;;15,9;15,9;16,1;15,6;16;15,6;100;100;100;;;;
2026/06/08;0800 UTC;0;1005,9;1006;1005,8;;15,7;15,8;15,8;15,5;15,9;15,6;100;100;100;;;;
2026/06/08;0900 UTC;0;1006;1006,4;1005,7;;15,7;15,8;16;15,4;16,1;15,5;100;100;100;;;;
2026/06/08;1000 UTC;0;1006,6;1006,8;1006,4;;16,1;16,1;16,1;16;16,1;16,1;100;100;100;;;;
2026/06/08;1100 UTC;0;1007;1007,4;1006,8;;16,2;16,2;16,3;16,1;16,3;16,1;100;100;100;;;;
2026/06/08;1200 UTC;;;;;;;;;;;;;;;;;;
2026/06/08;1300 UTC;0;1008,2;1008,4;1007,8;;17,2;16,6;17,6;16,6;16,8;16,3;100;94;97;;;;
2026/06/08;1400 UTC;0;1008,3;1008,4;1008,2;;17,7;16,1;18;17,6;16,5;15,4;95;87;92;;;;
2026/06/08;1500 UTC;0;1008,3;1008,5;1008;;18,3;15,3;19,1;17,9;16,1;14,7;90;80;85;;;;
2026/06/08;1600 UTC;0;1007,7;1008;1007,1;;19,2;14,8;20;18,8;15,3;14,3;82;74;78;;;;
2026/06/08;1700 UTC;0;1007;1007,2;1006,8;;19,1;14;19,9;18,8;14,5;13,5;78;70;75;;;;
2026/06/08;1800 UTC;0;1006,6;1006,8;1006,5;;19,3;14,3;20,1;18,9;14,8;13,8;78;71;75;;;;
2026/06/08;1900 UTC;0;1006,7;1006,8;1006,6;;18,3;14,5;18,9;17,6;14,8;13,7;84;78;81;;;;
2026/06/08;2000 UTC;0;1006,9;1007;1006,7;;17,5;13,3;17,9;17,3;13,9;12,5;81;75;79;;;;
2026/06/08;2100 UTC;0;1007,1;1007,2;1007;;16,9;13,8;17,3;16,3;14,3;13,1;90;79;84;;;;
2026/06/08;2200 UTC;0;1007,3;1007,5;1007,1;;16,2;14,2;16,3;16,1;14,5;14;92;89;90;;;;
2026/06/08;2300 UTC;0;1007,6;1007,8;1007,5;;16,1;14,5;16,2;16;14,8;14,3;94;91;92;;;;
2026/06/09;0000 UTC;0;1008;1008,2;1007,8;;15,9;14,6;16,1;15,8;14,8;14,4;94;92;93;;;;
2026/06/09;0100 UTC;0;1008,4;1008,5;1008,2;;15,6;14,3;15,8;15,3;14,5;14,1;94;92;93;;;;
2026/06/09;0200 UTC;0;1008,6;1008,6;1008,5;;15,4;14,4;15,5;15,3;14,5;14,3;95;94;95;;;;
2026/06/09;0300 UTC;0;1008,6;1008,6;1008,5;;15,2;14,4;15,4;14,9;14,5;14,4;98;95;96;;;;
2026/06/09;0400 UTC;0;1008,5;1008,6;1008,5;;14,9;14,3;15,1;14,3;14,6;13,8;98;95;97;;;;
2026/06/09;0500 UTC;0;1008,6;1008,7;1008,5;;13,8;13,6;14,3;13,4;13,9;13,3;100;98;99;;;;
2026/06/09;0600 UTC;0;1008,5;1008,7;1008,3;;13,7;13,6;14;13,3;13,9;13,2;100;99;99;;;;
2026/06/09;0700 UTC;0;1008,3;1008,3;1008,2;;14,4;14;14,5;14;14,2;13,9;100;97;98;;;;
2026/06/09;0800 UTC;0;1008,2;1008,3;1008,1;;14,3;13,8;14,4;14,2;14;13,5;98;96;97;;;;
2026/06/09;0900 UTC;0;1008,1;1008,3;1007,9;;14;13,2;14,2;13,7;13,6;12,6;97;94;96;;;;
2026/06/09;1000 UTC;0;1008,7;1009;1008,3;;13,5;12,5;13,6;13,4;12,7;12,3;97;94;95;;;;
2026/06/09;1100 UTC;0;1009,3;1009,5;1009;;13,5;12,6;13,6;13,4;12,8;12,4;97;94;95;;;;
2026/06/09;1200 UTC;;;;;;;;;;;;;;;;;;
2026/06/09;1300 UTC;0;1009,6;1009,7;1009,3;;14,6;12,5;15,5;14,1;12,9;12,2;93;84;90;;;;
2026/06/09;1400 UTC;0;1009,3;1009,5;1009,2;;15,6;12,5;16,4;15,1;13,3;11,6;89;79;84;;;;
2026/06/09;1500 UTC;0;1009;1009,4;1008,7;;15,4;12,3;15,6;15,2;12,8;11,8;88;82;85;;;;
2026/06/09;1600 UTC;0;1008,3;1008,7;1008;;15,7;11,9;16;15,5;12,7;11,3;85;78;81;;;;
2026/06/09;1700 UTC;0;1007,5;1008;1007,3;;16,1;11,7;16,2;15,9;12,1;11,3;80;76;78;;;;
2026/06/09;1800 UTC;0;1007;1007,4;1006,8;;16;11,8;16,1;15,9;12,3;11,3;81;77;79;;;;
2026/06/09;1900 UTC;0;1006,8;1006,9;1006,7;;15,9;12;16,1;15,7;12,3;11,6;82;79;80;;;;
2026/06/09;2000 UTC;0;1006,9;1007;1006,8;;15,8;12;16,1;15,5;12,2;11,7;83;79;81;;;;
2026/06/09;2100 UTC;0;1006,8;1006,9;1006,7;;15,3;12,1;15,5;15,1;12,3;11,9;86;82;84;;;;
2026/06/09;2200 UTC;0;1007;1007,6;1006,6;;14,9;12,4;15,1;14,7;12,6;12,1;89;85;87;;;;
2026/06/09;2300 UTC;0;1007,8;1008;1007,6;;14,6;12,6;14,7;14,5;12,8;12,2;91;88;90;;;;
2026/06/10;0000 UTC;0;1008,2;1008,3;1008;;14,5;12,6;14,6;14,4;13;12,3;93;89;91;;;;
2026/06/10;0100 UTC;0;1008;1008,2;1007,7;;14,2;12,9;14,4;14;13,4;12,5;97;91;93;;;;
2026/06/10;0200 UTC;0;1007,7;1008,1;1007,2;;14,2;13;14,3;14;13,3;12,8;96;93;94;;;;
2026/06/10;0300 UTC;0;1007,1;1007,3;1007;;13,3;12,7;14;12,6;13;12,5;100;94;97;;;;
2026/06/10;0400 UTC;0;1006,6;1007,1;1006,3;;12,2;12,2;12,6;11,3;12,7;11,3;100;99;100;;;;
2026/06/10;0500 UTC;0;1006,4;1006,6;1006,2;;11,6;11,7;12,2;11,1;12,3;11,2;100;100;100;;;;
2026/06/10;0600 UTC;0;1005,9;1006,2;1005,4;;11,3;11,2;11,6;11,1;11,7;10,7;100;98;99;;;;
2026/06/10;0700 UTC;;;;;;;;;;;;;;;;;;
2026/06/10;0800 UTC;0;1004,9;1005,2;1004,7;;11,2;11;11,2;11;11,2;10,6;100;97;99;;;;
2026/06/10;0900 UTC;0;1005;1005,2;1004,7;;11,3;10,4;11,5;11;10,7;10;97;94;95;;;;
2026/06/10;1000 UTC;0;1005,3;1005,5;1005,1;;11;10,3;11,1;10,6;10,5;10,1;98;96;97;;;;
2026/06/10;1100 UTC;0;1005,2;1005,4;1005,1;;10,2;10,1;10,6;10,1;10,2;10;100;98;99;;;;
2026/06/10;1200 UTC;0;1005,5;1005,7;1005,4;;10,7;10,7;11,3;10,1;11,2;10,1;100;100;100;;;;
2026/06/10;1300 UTC;0;1005,6;1005,8;1005,6;;12;11,5;13,4;11,3;12,4;11;99;93;97;;;;
2026/06/10;1400 UTC;0;1005,8;1006;1005,5;;14,6;12,5;15,7;13,4;13,5;11,8;96;85;90;;;;
2026/06/10;1500 UTC;0;1005,3;1005,5;1005;;16,7;12,9;17,4;15,6;13,5;12,3;87;77;81;;;;
2026/06/10;1600 UTC;0;1004,2;1005;1003,5;;18,9;13,6;20,2;17;14,7;12,8;82;66;73;;;;
2026/06/10;1700 UTC;0;1002,8;1003,4;1002,2;;20,6;13,9;21,3;19,8;14,6;13,2;72;62;66;;;;
2026/06/10;1800 UTC;0;1002;1002,3;1001,8;;21,8;14,1;22,2;21,3;14,6;13,6;64;58;62;;;;
2026/06/10;1900 UTC;0;1001,3;1001,7;1001,1;;21,8;14,7;22,4;21,1;15,2;13,8;69;58;65;;;;
2026/06/10;2000 UTC;0;1001,2;1001,5;1001,1;;20,2;14,5;21,4;19,4;15;14,2;75;67;71;;;;
2026/06/10;2100 UTC;0;1001,8;1002,2;1001,5;;18,5;14;19,5;17,9;14,3;13,9;80;73;77;;;;
2026/06/10;2200 UTC;0;1002,6;1002,9;1002,3;;17,4;13,9;17,9;17;14,1;13,7;84;80;83;;;;
2026/06/10;2300 UTC;0;1002,7;1002,7;1002,5;;16,6;13,5;17;16,1;13,8;13,4;87;83;85;;;;
2026/06/11;0000 UTC;0;1002,7;1002,9;1002,5;;15,8;13,5;16,1;15,5;13,6;13,3;90;86;88;;;;
2026/06/11;0100 UTC;0;1003;1003,1;1002,8;;15,4;13,6;15,5;15,1;13,6;13,6;92;90;91;;;;
2026/06/11;0200 UTC;0;1003,1;1003,3;1003;;15;13,7;15,1;14,9;13,8;13,6;94;92;93;;;;
2026/06/11;0300 UTC;0;1003,7;1004,1;1003,1;;15,2;13,9;15,3;15,1;14,1;13,7;94;93;94;;;;
2026/06/11;0400 UTC;0;1003,9;1004,1;1003,8;;15,2;14;15,3;15;14,1;13,8;95;94;94;;;;
2026/06/11;0500 UTC;0;1003,7;1003,8;1003,5;;14,8;13,8;15;14,6;13,9;13,6;96;94;95;;;;
2026/06/11;0600 UTC;0;1003,3;1003,6;1003,1;;14,5;13,6;14,6;14,2;13,7;13,5;97;95;96;;;;
2026/06/11;0700 UTC;0;1003,5;1003,8;1003,2;;14;13,4;14,2;13,9;13,5;13,3;98;96;97;;;;
2026/06/11;0800 UTC;0;1003,7;1003,8;1003,5;;14;13,4;14,1;14;13,5;13,3;97;96;97;;;;
2026/06/11;0900 UTC;,2;1003,5;1003,6;1003,3;;13,6;13,3;14;13,4;13,4;13,3;99;97;99;;;;
2026/06/11;1000 UTC;0;1003,8;1004,3;1003,5;;13,5;13,3;13,5;13,4;13,4;13,3;99;99;99;;;;
2026/06/11;1100 UTC;,4;1004,7;1005,2;1004,3;;13,6;13,4;13,7;13,5;13,5;13,3;99;99;99;;;;
2026/06/11;1200 UTC;4,6;1005,3;1005,6;1005,1;;13,6;13,6;13,8;13,6;13,9;13,5;100;99;100;;;;
2026/06/11;1300 UTC;,6;1005,8;1006,1;1005,3;;14;14;14,1;13,7;14,1;13,7;100;100;100;;;;
2026/06/11;1400 UTC;3,4;1006,2;1006,5;1005,6;;13,9;13,9;14;13,8;14,1;13,9;100;100;100;;;;
2026/06/11;1500 UTC;2,4;1005,8;1006,3;1005,4;;14,1;14,1;14,2;13,8;14,3;13,9;100;100;100;;;;
2026/06/11;1600 UTC;0;1005,1;1005,5;1004,7;;14,2;14,1;14,3;14,2;14,2;14;100;99;100;;;;
2026/06/11;1700 UTC;0;1004,4;1004,7;1004,1;;13,9;13,6;14,2;13,7;14;13,4;99;98;99;;;;
2026/06/11;1800 UTC;1;1003,7;1004,1;1003,3;;13,6;13,4;13,7;13,5;13,4;13,3;99;98;99;;;;
2026/06/11;1900 UTC;,6;1002,8;1003,4;1002,4;;13,4;13,2;13,5;13,3;13,4;13;99;98;99;;;;
2026/06/11;2000 UTC;0;1002,3;1002,8;1002;;13,3;12,9;13,3;13,2;13;12,8;99;97;98;;;;
2026/06/11;2100 UTC;5,8;1003;1004;1002,5;;12,7;12,3;13,3;12,3;12,9;11,3;99;94;98;;;;
2026/06/11;2200 UTC;9;1004,3;1005,1;1003,4;;12,2;11,8;12,4;12,1;12;11,4;100;95;98;;;;
2026/06/11;2300 UTC;2,2;1004,2;1005,3;1003,4;;12,2;11,9;12,3;12,1;12;11,8;99;97;98;;;;
2026/06/12;0000 UTC;4;1005,5;1006;1005,1;;12,2;12,1;12,3;12,2;12,1;11,9;100;98;99;;;;
2026/06/12;0100 UTC;2,6;1004,3;1005,3;1003,2;;12,2;12;12,3;12;12,2;11,7;100;98;99;;;;
2026/06/12;0200 UTC;0;1002,5;1003,2;1001,8;;12,1;11,7;12,1;12;11,8;11,6;99;98;98;;;;
2026/06/12;0300 UTC;,2;1001,7;1003,1;1001,3;;12,4;11,5;12,8;12;11,8;11,4;98;94;96;;;;
2026/06/12;0400 UTC;0;1003,3;1003,6;1002,9;;12,8;11,8;13;12,7;12,1;11,5;97;92;95;;;;
2026/06/12;0500 UTC;0;1003;1003,2;1002,7;;12,8;12,3;12,9;12,8;12,4;12,1;98;96;97;;;;
2026/06/12;0600 UTC;0;1002,9;1003,2;1002,6;;12,7;12,2;12,9;12,4;12,5;11,9;98;97;98;;;;
2026/06/12;0700 UTC;0;1002,6;1002,7;1002,4;;12,4;11,9;12,4;12,3;12;11,8;98;97;98;;;;
2026/06/12;0800 UTC;0;1002,2;1002,4;1002;;12,2;11,6;12,3;12,1;11,8;11,4;97;96;97;;;;
2026/06/12;0900 UTC;0;1002,3;1002,6;1002,1;;12,2;11,4;12,2;12,1;11,5;11,3;97;96;96;;;;
2026/06/12;1000 UTC;0;1002,5;1002,7;1002,3;;12,1;11,4;12,2;11,9;11,5;11,2;97;96;96;;;;
2026/06/12;1100 UTC;0;1003;1003,6;1002,5;;11,6;11,1;11,9;11;11,3;10,4;99;96;97;;;;
2026/06/12;1200 UTC;0;1004;1004,4;1003,5;;12,3;11,5;12,6;11,5;11,8;11,1;98;94;96;;;;
2026/06/12;1300 UTC;0;1004,6;1004,8;1004,3;;12,8;12;13,3;12,5;12,3;11,8;97;94;96;;;;
2026/06/12;1400 UTC;0;1004,5;1004,6;1004,3;;14,2;12,3;15,3;13,3;13;11,9;95;84;90;;;;
2026/06/12;1500 UTC;0;1004,4;1004,6;1004,2;;16,3;12,8;17,4;15,3;13,7;12,3;89;78;83;;;;
2026/06/12;1600 UTC;;;;;;;;;;;;;;;;;;
2026/06/12;1700 UTC;0;1003,6;1004;1003,2;;17,2;12,5;17,8;16,8;12,9;12,1;80;72;76;;;;
2026/06/12;1800 UTC;0;1003,1;1003,1;1002,9;;17,3;12,9;18,1;16,8;13,4;12,3;83;73;78;;;;
2026/06/12;1900 UTC;0;1003,2;1003,4;1003,1;;16,5;13,1;16,9;16,2;13,4;12,7;85;80;83;;;;
2026/06/12;2000 UTC;0;1003,6;1003,9;1003,4;;15,4;12,8;16,2;14,8;13,2;12,4;90;84;87;;;;
2026/06/12;2100 UTC;0;1004,1;1004,4;1003,9;;14,5;12,5;14,8;14,2;12,7;12,3;92;88;90;;;;
2026/06/12;2200 UTC;0;1004,9;1005,2;1004,4;;14;12,7;14,2;13,8;12,8;12,5;94;92;94;;;;
2026/06/12;2300 UTC;0;1005,6;1005,8;1005,3;;13,5;12,2;13,9;13;12,8;11,8;95;92;94;;;;
2026/06/13;0000 UTC;0;1005,9;1006,1;1005,7;;12,5;11,7;13,1;11,5;12;10,7;98;93;96;;;;
2026/06/13;0100 UTC;0;1006,2;1006,5;1006;;11,7;11,8;12,6;11,1;12,7;10,9;100;99;100;;;;
2026/06/13;0200 UTC;0;1006,3;1006,4;1006,3;;12,8;12,6;13;12,6;12,8;12,4;100;97;99;;;;
2026/06/13;0300 UTC;0;1006,2;1006,5;1006,1;;12,8;12,3;13,1;12,2;12,6;11,9;100;97;98;;;;
2026/06/13;0400 UTC;0;1006,5;1006,7;1006,4;;12,2;11,9;12,7;11,5;12,5;11,2;100;97;99;;;;
2026/06/13;0500 UTC;0;1006,5;1006,6;1006,4;;12,6;12,3;12,8;12,2;12,6;12,1;99;98;99;;;;
2026/06/13;0600 UTC;0;1006,4;1006,6;1006,3;;12,4;12,4;12,6;12,3;12,5;12,3;100;99;100;;;;
2026/06/13;0700 UTC;0;1006,3;1006,4;1006,2;;12,2;12,2;12,3;12,1;12,3;12,1;100;100;100;;;;
2026/06/13;0800 UTC;0;1006,5;1006,7;1006,4;;11,9;12;12,1;11,7;12,2;11,7;100;100;100;;;;
2026/06/13;0900 UTC;0;1006,9;1007,1;1006,8;;11,5;11,6;11,7;11,5;11,7;11,6;100;100;100;;;;
2026/06/13;1000 UTC;0;1007,4;1007,7;1007;;11,6;11,7;11,8;11,5;11,8;11,6;100;100;100;;;;
2026/06/13;1100 UTC;0;1008,2;1008,6;1007,7;;11,9;11,8;12;11,8;11,9;11,7;100;99;99;;;;
2026/06/13;1200 UTC;0;1008,9;1009,2;1008,6;;12,2;11,9;12,4;12;12,1;11,8;99;98;98;;;;
2026/06/13;1300 UTC;0;1009,4;1009,7;1009;;12,6;12;12,9;12,3;12,3;11,7;98;94;97;;;;
2026/06/13;1400 UTC;0;1009,9;1010;1009,7;;13,1;11,9;13,4;12,9;12,3;11,6;96;91;94;;;;
2026/06/13;1500 UTC;0;1009,7;1010;1009,3;;13,6;11,9;13,9;13,3;12,2;11,6;93;90;92;;;;
2026/06/13;1600 UTC;0;1008,7;1009,3;1008;;14,7;11,9;15,6;13,9;12,4;11,6;92;81;86;;;;
2026/06/13;1700 UTC;0;1007,7;1008;1007,3;;15,7;11,7;15,8;15,4;12,4;11,3;84;78;80;;;;
2026/06/13;1800 UTC;0;1007;1007,3;1006,9;;15,9;11,6;16;15,6;12,2;11,1;83;76;79;;;;
2026/06/13;1900 UTC;0;1006,8;1007;1006,7;;15,6;11,8;15,7;15,5;12,3;11,2;83;78;81;;;;
2026/06/13;2000 UTC;0;1006,7;1006,8;1006,7;;15,4;11,5;15,5;15,3;12;11,1;82;78;80;;;;
2026/06/13;2100 UTC;0;1007;1007,2;1006,8;;15,1;11,6;15,3;14,9;12,2;11,2;87;80;82;;;;
2026/06/13;2200 UTC;0;1007,5;1007,9;1007,2;;14,7;12,4;14,9;14,6;12,6;12,1;90;87;88;;;;
2026/06/13;2300 UTC;0;1008;1008,3;1007,8;;14,6;11,9;14,9;14,4;12,5;10,5;90;79;87;;;;
2026/06/14;0000 UTC;0;1008,7;1008,9;1008,3;;14,5;11,8;14,9;14,4;12,4;10,8;90;80;86;;;;
2026/06/14;0100 UTC;0;1009,1;1009,3;1008,8;;14,2;12,4;14,3;14,1;12,6;12,2;93;90;91;;;;
2026/06/14;0200 UTC;0;1009,2;1009,3;1009,1;;14,2;12;14,4;14,1;12,4;11,1;92;84;89;;;;
2026/06/14;0300 UTC;0;1009,5;1009,6;1009,4;;14;11,8;14,1;13,8;12,4;11,1;92;86;89;;;;
2026/06/14;0400 UTC;0;1009,7;1009,9;1009,6;;13,7;11,7;13,9;13,5;12,1;11,2;92;87;90;;;;
2026/06/14;0500 UTC;0;1009,9;1010;1009,8;;13,3;11,8;13,5;13,2;11,9;11,6;93;91;92;;;;
2026/06/14;0600 UTC;0;1009,9;1009,9;1009,8;;13,2;11,7;13,2;13,1;11,8;11,5;93;92;93;;;;
2026/06/14;0700 UTC;0;1009,7;1009,9;1009,5;;13;11,7;13,1;12,9;12;11,4;95;92;94;;;;
2026/06/14;0800 UTC;0;1009,6;1009,7;1009,5;;12,3;11,4;13;10,8;12;10,2;100;93;95;;;;
2026/06/14;0900 UTC;0;1009,6;1009,7;1009,5;;11,2;11,1;11,6;10,9;11,4;10,8;100;98;99;;;;
2026/06/14;1000 UTC;0;1009,7;1010,1;1009,5;;10,9;11;11,2;10,5;11,2;10,5;100;100;100;;;;
2026/06/14;1100 UTC;0;1010,4;1010,8;1010,1;;10,5;10,6;10,9;10,2;10,9;10,3;100;100;100;;;;
2026/06/14;1200 UTC;;;;;;;;;;;;;;;;;;
2026/06/14;1300 UTC;0;1011,4;1011,7;1011,2;;13,8;12,3;14,4;12,4;12,9;11,2;100;84;92;;;;
2026/06/14;1400 UTC;0;1011,9;1012,1;1011,7;;15,1;11,4;15,6;14,4;12,1;10,7;87;77;82;;;;
2026/06/14;1500 UTC;0;1012;1012,1;1011,8;;15,7;11,5;16;15,5;12,3;11;82;76;79;;;;
2026/06/14;1600 UTC;0;1011,6;1011,9;1011,3;;16;11,9;16,4;15,6;12,4;11,5;82;77;80;;;;
2026/06/14;1700 UTC;;;;;;;;;;;;;;;;;;
2026/06/14;1800 UTC;0;1010,4;1010,5;1010,3;;15,9;12,1;16,5;15,5;12,5;11,7;84;77;81;;;;
2026/06/14;1900 UTC;0;1010,3;1010,5;1010,1;;16,2;12;17,5;15,5;12,5;11,4;84;72;79;;;;
2026/06/14;2000 UTC;0;1010,3;1010,5;1010,1;;15,7;11,1;16;15,3;11,6;10,6;79;74;77;;;;
2026/06/14;2100 UTC;0;1010,8;1011,1;1010,4;;14,4;10,7;15,7;13,2;10,9;10,3;88;74;81;;;;
2026/06/14;2200 UTC;0;1011,3;1011,5;1011,1;;12,5;10,4;13,2;12,2;10,7;10,2;90;88;90;;;;
2026/06/14;2300 UTC;0;1011,9;1012,3;1011,5;;12,3;9,9;12,8;11,6;10,4;9,5;90;86;88;;;;
2026/06/15;0000 UTC;0;1012,5;1012,8;1012,3;;11,8;9,1;12,1;11,7;9,4;8,7;89;83;86;;;;
2026/06/15;0100 UTC;0;1013,1;1013,2;1012,9;;11,7;8,6;12,1;11,1;9,1;8,2;86;83;84;;;;
2026/06/15;0200 UTC;0;1013,2;1013,3;1013,1;;10,2;8,1;11;9,4;8,4;7,7;93;87;90;;;;
2026/06/15;0300 UTC;0;1013,3;1013,4;1013,1;;9,4;7,7;9,5;9,1;8,1;7,3;94;90;92;;;;
2026/06/15;0400 UTC;0;1013,5;1013,7;1013,3;;8,7;7,2;9,3;8;7,3;6,8;96;90;92;;;;
2026/06/15;0500 UTC;0;1013,5;1013,7;1013,3;;7,9;7,1;8,2;7,6;7,3;6,7;97;95;96;;;;
2026/06/15;0600 UTC;0;1013,5;1013,6;1013,3;;7,1;6,5;7,6;6,7;6,7;6,1;98;95;97;;;;
2026/06/15;0700 UTC;0;1013,4;1013,5;1013,3;;6,7;6;6,8;6,4;6,3;5,4;97;95;97;;;;
2026/06/15;0800 UTC;0;1013,4;1013,5;1013,3;;5,6;5,4;6,3;5,1;5,7;5;100;95;99;;;;
2026/06/15;0900 UTC;0;1013,4;1013,5;1013,3;;5,5;5,2;5,9;5,2;5,6;4,8;99;97;98;;;;
2026/06/15;1000 UTC;0;1013,7;1014;1013,4;;5,2;5;5,3;5,1;5,2;4,8;100;98;99;;;;
2026/06/15;1100 UTC;0;1014;1014,3;1013,8;;5;4,9;5,2;4,7;5;4,7;100;98;99;;;;
2026/06/15;1200 UTC;0;1014,5;1014,6;1014,3;;5,6;5,3;6,4;4,8;6;4,8;100;97;98;;;;
2026/06/15;1300 UTC;0;1014,9;1015,2;1014,6;;7,6;6;8,7;6,5;6,5;5,6;97;86;92;;;;
2026/06/15;1400 UTC;0;1015,1;1015,3;1014,9;;9,4;5,9;10;8,6;6,7;5;89;77;83;;;;
2026/06/15;1500 UTC;0;1014,5;1014,9;1014,1;;11,2;6;12,4;10;6,8;5,3;81;66;74;;;;
2026/06/15;1600 UTC;0;1013,5;1014,1;1013,1;;12,6;5;13;12,2;6,2;4,1;68;57;62;;;;
2026/06/15;1700 UTC;0;1012,6;1013,1;1012,1;;13,5;4,8;14,3;12,9;5,4;4;62;51;56;;;;
2026/06/15;1800 UTC;0;1011,9;1012,1;1011,7;;13,8;4,8;14,2;13,4;5,6;4,1;59;51;55;;;;
2026/06/15;1900 UTC;0;1011,7;1011,8;1011,6;;13,9;4,7;14,4;13,4;5,5;3,9;57;50;54;;;;
2026/06/15;2000 UTC;0;1011,7;1011,8;1011,6;;13,7;5;14,5;13;5,8;4,2;61;51;56;;;;
2026/06/15;2100 UTC;0;1012,2;1012,4;1011,9;;12;5,6;13;10,9;6;4,8;74;59;68;;;;
2026/06/15;2200 UTC;0;1012,5;1012,7;1012,4;;10,2;5,3;10,9;9,8;5,5;4,9;77;73;75;;;;
2026/06/15;2300 UTC;0;1012,7;1012,8;1012,6;;9;5,4;9,8;8,5;6,1;4,8;87;76;82;;;;
2026/06/16;0000 UTC;0;1012,9;1013;1012,6;;7,8;4,8;8,5;7,6;5,1;4,4;87;83;85;;;;
2026/06/16;0100 UTC;0;1013,2;1013,3;1013;;6,8;4,7;7,6;6,1;5;4,3;93;85;90;;;;
2026/06/16;0200 UTC;0;1013,3;1013,5;1013,2;;6,4;4,7;7,1;6;4,9;4,3;94;88;91;;;;
2026/06/16;0300 UTC;0;1013,3;1013,4;1013,2;;6,5;4,5;6,9;5,7;4,7;4,3;94;88;90;;;;
2026/06/16;0400 UTC;0;1013,3;1013,4;1013,1;;5,9;4,8;6,5;5,4;5,2;4,1;97;92;94;;;;
2026/06/16;0500 UTC;0;1012,8;1013,1;1012,6;;5,3;4,8;5,6;5,1;5,1;4,2;99;94;97;;;;
2026/06/16;0600 UTC;0;1012,6;1012,7;1012,6;;5,5;4,7;5,6;5,1;5;4,5;98;95;96;;;;
2026/06/16;0700 UTC;0;1012,4;1012,6;1012,3;;5,3;4,6;6;4,9;4,8;3,9;99;93;96;;;;
2026/06/16;0800 UTC;0;1012,3;1012,5;1012,1;;4,2;4;4,8;3,9;4,3;3,6;100;97;99;;;;
2026/06/16;0900 UTC;0;1012,2;1012,3;1012,1;;4,3;4,1;4,9;3,9;4,7;3,6;100;96;99;;;;
2026/06/16;1000 UTC;0;1012,6;1013,1;1012,2;;4,5;4,3;4,7;4,1;4,6;3,6;100;97;99;;;;
2026/06/16;1100 UTC;0;1013,5;1013,9;1013,1;;4,6;4,5;5;4;5;3,7;100;97;99;;;;
2026/06/16;1200 UTC;0;1013,9;1014;1013,8;;6,1;5,1;8;4,9;6,1;4,4;99;89;95;;;;
2026/06/16;1300 UTC;0;1013,8;1014;1013,7;;10;5,9;11,4;8,1;6,8;5;90;72;80;;;;
2026/06/16;1400 UTC;0;1013,6;1013,7;1013,4;;11,7;5,5;12,4;11,1;6,6;4,7;75;65;69;;;;
2026/06/16;1500 UTC;0;1013,1;1013,4;1012,8;;13,1;6,2;13,8;12,4;7,1;5,4;70;63;66;;;;
2026/06/16;1600 UTC;0;1012,2;1012,8;1011,7;;14,4;6,8;14,9;13,8;7,4;6,3;67;58;62;;;;
2026/06/16;1700 UTC;0;1011,1;1011,6;1010,7;;15,5;6,3;16,2;14,7;7,2;5,1;62;46;54;;;;
2026/06/16;1800 UTC;0;1010,3;1010,7;1010,1;;16,6;5,9;17;16;6,9;4,9;53;41;47;;;;
2026/06/16;1900 UTC;0;1009,9;1010,1;1009,7;;17;7;17,5;16,7;7,8;6,2;54;46;50;;;;
2026/06/16;2000 UTC;0;1010,1;1010,3;1009,9;;16,6;7,1;17,3;15,9;8;6,3;60;46;53;;;;
2026/06/16;2100 UTC;0;1010,4;1010,6;1010,2;;14,3;6,7;16,2;12,6;7,5;5,8;67;54;62;;;;
2026/06/16;2200 UTC;0;1010,7;1010,9;1010,6;;12,1;6,6;12,9;11,2;6,9;5,9;79;67;72;;;;
2026/06/16;2300 UTC;0;1011;1011,2;1010,8;;11,7;6,4;12,3;10,9;6,5;6;77;70;73;;;;
2026/06/17;0000 UTC;0;1011,3;1011,4;1011,2;;10,3;6,1;11;9,5;6,6;5,6;83;77;79;;;;
2026/06/17;0100 UTC;0;1011,8;1012;1011,5;;9,5;6,1;10,2;8,5;6,5;5,7;90;79;83;;;;
2026/06/17;0200 UTC;0;1011,9;1012,1;1011,8;;9,3;6,2;10,1;8,9;6,6;5,8;88;79;85;;;;
2026/06/17;0300 UTC;0;1012,3;1012,5;1012;;9,1;6;9,4;8,5;6,7;5,4;88;80;85;;;;
2026/06/17;0400 UTC;0;1012,4;1012,5;1012,3;;8,4;5,7;8,6;8,2;6,1;5,3;89;84;86;;;;
2026/06/17;0500 UTC;0;1012,5;1012,6;1012,4;;8,4;5,9;8,8;7,9;6,5;5,6;93;85;88;;;;
2026/06/17;0600 UTC;0;1012,5;1012,6;1012,4;;8,2;5,4;8,5;7,7;6,1;5,1;89;84;86;;;;
2026/06/17;0700 UTC;0;1012,6;1012,8;1012,5;;8;5,3;8,5;7;5,8;4,6;91;83;86;;;;
2026/06/17;0800 UTC;0;1012,6;1012,7;1012,5;;7,1;5,8;7,7;6,5;7,1;4,7;99;88;94;;;;
2026/06/17;0900 UTC;0;1012,7;1013,2;1012,5;;6,5;5,1;7,5;4,8;6,1;3,9;99;88;93;;;;
2026/06/17;1000 UTC;0;1013,7;1014,1;1013,2;;5,3;5,1;5,7;5,1;5,6;4,8;100;97;99;;;;
2026/06/17;1100 UTC;0;1014,4;1014,5;1014,2;;5,2;4,8;5,6;4,9;5,1;4,6;100;96;98;;;;
2026/06/17;1200 UTC;0;1014,6;1014,9;1014,4;;6,7;5,2;8,8;5,6;6,3;4,6;97;88;93;;;;
2026/06/17;1300 UTC;0;1015;1015,1;1014,8;;11,2;7,2;12,6;8,9;8,1;6,4;89;71;80;;;;
2026/06/17;1400 UTC;0;1015,1;1015,2;1014,9;;13,7;8,3;14,9;12,7;9,2;7;77;68;73;;;;
2026/06/17;1500 UTC;0;1014,7;1014,9;1014,5;;15,8;9,2;16,7;14,9;9,9;8,4;72;63;67;;;;
2026/06/17;1600 UTC;0;1014,1;1014,5;1013,6;;17,4;9,2;18,1;16,5;10,2;8,3;66;53;59;;;;
2026/06/17;1700 UTC;0;1013,2;1013,6;1012,9;;18,8;10;19,4;18;10,9;9,1;60;54;56;;;;
2026/06/17;1800 UTC;0;1012,6;1012,9;1012,4;;19,4;10,5;20,2;18,5;11,4;9,8;61;50;56;;;;
2026/06/17;1900 UTC;0;1012,4;1012,5;1012,3;;19,2;10,4;19,4;19;11;9,8;59;53;56;;;;
2026/06/17;2000 UTC;0;1012,3;1012,4;1012,2;;18,4;10,7;19;17,7;11,5;10,1;68;56;61;;;;
2026/06/17;2100 UTC;0;1012,5;1012,6;1012,4;;16,3;11,2;17,6;15,1;11,5;11;79;69;74;;;;
2026/06/17;2200 UTC;0;1012,6;1012,7;1012,5;;14,9;10,9;15,1;14,4;11,2;10,7;84;78;80;;;;
2026/06/17;2300 UTC;0;1012,7;1012,8;1012,5;;13,6;11;14,4;13,1;11,3;10,7;90;84;87;;;;
2026/06/18;0000 UTC;0;1012,6;1012,8;1012,3;;12,9;10,4;13,5;12,5;10,8;10;88;86;88;;;;
2026/06/18;0100 UTC;0;1012,1;1012,3;1011,9;;12,2;9,8;12,5;12;10;9,8;89;88;88;;;;
2026/06/18;0200 UTC;0;1011,8;1012;1011,6;;11,5;9,8;12;11,2;9,9;9,7;93;89;91;;;;
2026/06/18;0300 UTC;0;1011,5;1011,6;1011,4;;11,3;9,9;11,6;11;10;9,7;94;91;93;;;;
2026/06/18;0400 UTC;0;1011,2;1011,5;1010,9;;11,6;10;11,9;11,3;10;9,9;93;90;92;;;;
2026/06/18;0500 UTC;0;1010,6;1010,9;1010,3;;11,6;9,8;11,9;11,3;10;9,6;93;89;91;;;;
2026/06/18;0600 UTC;0;1010,1;1010,4;1009,9;;11,5;9,6;11,7;11,1;9,7;9,5;92;90;90;;;;
2026/06/18;0700 UTC;0;1009,9;1010,1;1009,7;;10,9;9,3;11,1;10,6;9,5;9,1;93;91;92;;;;
2026/06/18;0800 UTC;0;1009,7;1009,8;1009,4;;10,4;8,6;10,6;10,2;9,1;8,2;93;89;91;;;;
2026/06/18;0900 UTC;0;1009;1009,3;1008,7;;10,6;8,1;10,7;10,5;8,2;8;89;87;87;;;;
2026/06/18;1000 UTC;0;1008,8;1008,8;1008,7;;10,6;8;10,8;10,4;8,1;8;88;87;87;;;;
2026/06/18;1100 UTC;;;;;;;;;;;;;;;;;;
2026/06/18;1200 UTC;0;1008,9;1009;1008,7;;11,2;8,2;12,7;10,7;8,8;7,8;88;79;85;;;;
2026/06/18;1300 UTC;0;1008,5;1008,7;1008,4;;13,7;8,7;15,1;12,8;9,3;8,4;79;67;75;;;;
2026/06/18;1400 UTC;0;1008,2;1008,5;1007,7;;15,8;8,8;16,4;15,1;9,3;8,1;69;62;65;;;;
2026/06/18;1500 UTC;0;1007,2;1007,7;1007;;17,2;9,3;17,7;16,5;10;8,8;65;57;61;;;;
2026/06/18;1600 UTC;0;1006,6;1007,2;1006;;18,6;10,2;19,5;17,4;10,9;9,6;64;53;58;;;;
2026/06/18;1700 UTC;0;1005,7;1006;1005,2;;20,5;10,9;21,2;19,3;11,7;10,1;55;48;52;;;;
2026/06/18;1800 UTC;0;1004,7;1005,2;1004,2;;19,9;11,2;20,1;19,7;11,8;10,6;60;53;57;;;;
2026/06/18;1900 UTC;0;1003,5;1004,2;1003;;19,2;11,4;19,8;18,8;11,9;11;64;57;61;;;;
2026/06/18;2000 UTC;0;1002,7;1003,2;1002,1;;18,3;11,5;18,9;17,9;11,8;11,2;69;63;66;;;;
2026/06/18;2100 UTC;0;1001,2;1002,1;1000,1;;17,7;11;17,9;17,5;11,3;10,9;67;65;67;;;;
2026/06/18;2200 UTC;0;1000,6;1001;1000,2;;17,6;10,8;17,8;17,4;11,1;10,7;68;65;66;;;;
2026/06/18;2300 UTC;0;999,5;1000,4;999;;17,3;10,7;17,5;17,1;10,9;10,4;69;65;67;;;;
2026/06/19;0000 UTC;0;999,8;1000;999,2;;17,4;10,3;17,7;17;10,5;10,2;66;63;65;;;;
2026/06/19;0100 UTC;0;1000,9;1003,4;999,8;;16,8;10,6;17;16,2;11,8;10,3;77;67;69;;;;
2026/06/19;0200 UTC;1,6;1003,2;1004,2;1002,5;;14,7;13;16,1;14,2;13,5;11,7;97;78;91;;;;
2026/06/19;0300 UTC;6,6;1005,1;1006,3;1004,1;;14;13,7;14,1;13,9;13,8;13,5;100;97;98;;;;
2026/06/19;0400 UTC;10,5;1005,5;1006,3;1005;;13,7;13,8;13,9;13,6;13,9;13,7;100;100;100;;;;
2026/06/19;0500 UTC;2;1004,7;1005,2;1004;;13,8;13,9;14;13,6;14;13,7;100;100;100;;;;
2026/06/19;0600 UTC;1,8;1003;1004,1;1001,6;;14,2;14,3;14,6;14;14,6;14;100;100;100;;;;
2026/06/19;0700 UTC;,2;1002,3;1003,2;1001,1;;14,9;14,8;15,1;14,6;15;14,6;100;99;100;;;;
2026/06/19;0800 UTC;,2;1003,4;1003,5;1003,1;;15,1;15,1;15,2;15,1;15,2;14,9;100;99;100;;;;
2026/06/19;0900 UTC;,6;1003,7;1004;1003,4;;15,1;15,1;15,2;14,7;15,2;14,3;100;98;100;;;;
2026/06/19;1000 UTC;0;1004,4;1004,8;1003,9;;14,1;13,7;14,7;13,8;14,3;13,1;98;96;98;;;;
2026/06/19;1100 UTC;;;;;;;;;;;;;;;;;;
2026/06/19;1200 UTC;;;;;;;;;;;;;;;;;;
2026/06/19;1300 UTC;0;1007,2;1007,4;1006,9;;13,4;12,1;13,5;13,3;12,4;11,8;95;92;94;;;;
2026/06/19;1400 UTC;,2;1007,6;1007,9;1007,3;;13,2;11,8;13,5;13;12,4;11,3;95;90;93;;;;
2026/06/19;1500 UTC;0;1008,3;1008,7;1007,7;;13,1;11,4;13,4;12,8;11,8;11;93;90;92;;;;
2026/06/19;1600 UTC;0;1008,6;1008,8;1008,2;;13,2;10,9;13,5;12,9;11,3;10,5;92;87;89;;;;
2026/06/19;1700 UTC;0;1007,9;1008,3;1007,7;;13;10,7;13,1;12,9;11;10,4;90;87;89;;;;
2026/06/19;1800 UTC;0;1007,8;1008;1007,5;;12,9;10,6;13,1;12,8;10,9;10,3;90;87;88;;;;
2026/06/19;1900 UTC;0;1007,6;1007,8;1007,4;;13,1;10,5;13,3;13;10,9;10,1;89;85;87;;;;
2026/06/19;2000 UTC;0;1007,9;1008,4;1007,6;;13,4;10,4;13,6;13,1;10,8;10,1;88;84;85;;;;
2026/06/19;2100 UTC;0;1008,5;1008,8;1008,2;;13,2;10,7;13,3;12,9;11;10,2;89;85;88;;;;
2026/06/19;2200 UTC;0;1009;1009,5;1008,6;;12,8;10,8;12,9;12,7;10,9;10,5;91;88;90;;;;
2026/06/19;2300 UTC;0;1009,7;1009,9;1009,4;;12,5;9,9;12,8;12,3;10,8;8,3;90;80;87;;;;
2026/06/20;0000 UTC;0;1010,1;1010,5;1009,8;;11,8;8,4;12,4;10,7;8,8;8,1;87;79;83;;;;
2026/06/20;0100 UTC;0;1010,4;1010,6;1010,2;;9,8;8,1;10,8;9,1;8,3;7,7;95;86;91;;;;
2026/06/20;0200 UTC;0;1010,5;1010,8;1010,2;;8,6;8;9,2;7,8;8,5;6,5;100;92;97;;;;
2026/06/20;0300 UTC;0;1011;1011,2;1010,8;;8,1;8;8,3;7,7;8,3;7,6;100;99;100;;;;
2026/06/20;0400 UTC;0;1011;1011,2;1010,7;;7,8;7,8;8;7,4;8,1;7,5;100;100;100;;;;
2026/06/20;0500 UTC;0;1010,7;1010,8;1010,5;;7,5;7,6;8,7;6,4;8,7;6,5;100;100;100;;;;
2026/06/20;0600 UTC;0;1010,2;1010,6;1009,9;;8,2;8,3;8,6;7,8;8,7;7,8;100;100;100;;;;
2026/06/20;0700 UTC;0;1009,8;1009,9;1009,7;;7,5;7,6;7,9;7,1;8;7,1;100;99;100;;;;
2026/06/20;0800 UTC;0;1009,7;1009,9;1009,5;;7,4;7,5;7,8;6,6;7,9;6,7;100;100;100;;;;
2026/06/20;0900 UTC;0;1009,1;1009,5;1008,9;;6,6;6,7;8;5,5;8,1;5,5;100;100;100;;;;
2026/06/20;1000 UTC;0;1009;1009,1;1008,8;;5,3;5,3;5,8;5;5,8;5,1;100;100;100;;;;
2026/06/20;1100 UTC;;;;;;;;;;;;;;;;;;
2026/06/20;1200 UTC;0;1009,6;1009,9;1009,3;;5;5;5,8;4,3;5,9;4,3;100;100;100;;;;
2026/06/20;1300 UTC;0;1009,5;1009,8;1009,4;;7,4;7,4;8,8;5,9;8,6;6;100;99;100;;;;
2026/06/20;1400 UTC;0;1009,3;1009,5;1008,9;;10,4;8,4;12;9;9,2;7,6;99;81;90;;;;
2026/06/20;1500 UTC;0;1008,5;1008,9;1008,2;;12,5;7,4;13,8;11,9;9;5,8;84;67;75;;;;
2026/06/20;1600 UTC;0;1007,5;1008,2;1006,9;;13,3;6,6;14,3;12,2;8,2;5,8;76;60;67;;;;
2026/06/20;1700 UTC;0;1006,2;1007;1005,2;;13,7;6,3;14,7;12,7;7,5;5,6;69;59;63;;;;
2026/06/20;1800 UTC;0;1004,9;1005,3;1004,8;;14,1;6,3;14,7;13,7;7,7;5,6;68;57;61;;;;
2026/06/20;1900 UTC;0;1004,7;1004,8;1004,6;;14,5;6;15;14,1;6,7;5,6;61;55;58;;;;
2026/06/20;2000 UTC;0;1004,7;1004,9;1004,5;;14,6;6,2;15,2;14;7,1;5,6;63;54;58;;;;
2026/06/20;2100 UTC;0;1005,3;1005,6;1004,9;;12,4;6,5;14;11;7;6,1;77;62;70;;;;
2026/06/20;2200 UTC;0;1005,1;1005,5;1005;;10,2;6,1;11;9,2;6,4;5,8;84;76;79;;;;
2026/06/20;2300 UTC;0;1005,6;1006,2;1004,9;;8,9;6,1;9,6;8,4;6,4;5,8;89;83;86;;;;
2026/06/21;0000 UTC;0;1006,1;1006,3;1006;;8,7;6,5;9,2;8,2;6,9;6,2;92;85;89;;;;
2026/06/21;0100 UTC;0;1005,9;1006;1005,8;;8,8;6,5;9,3;8,5;6,8;6,2;91;85;88;;;;
2026/06/21;0200 UTC;0;1005,9;1006;1005,5;;8,4;6,6;8,6;8;6,8;6,5;93;90;91;;;;
2026/06/21;0300 UTC;0;1005,7;1005,8;1005,4;;8,1;6,4;8,2;7,8;6,6;6,1;93;90;91;;;;
2026/06/21;0400 UTC;0;1005,5;1005,7;1005,3;;7,7;5,9;8,1;7,4;6,2;5,6;93;89;91;;;;
2026/06/21;0500 UTC;0;1005,4;1005,6;1005,2;;7,5;5,7;8,1;7,2;6;5,5;94;88;91;;;;
2026/06/21;0600 UTC;0;1005,2;1005,4;1005;;6,8;5,7;7,3;6;6;5,1;96;92;94;;;;
2026/06/21;0700 UTC;0;1005,1;1005,2;1004,9;;5,8;5,3;6,7;5,2;5,9;4,5;100;94;97;;;;
2026/06/21;0800 UTC;0;1005,1;1005,2;1004,9;;5,2;5,2;5,4;4,9;5,5;4,9;100;100;100;;;;
2026/06/21;0900 UTC;0;1004,9;1005,2;1004,6;;5,1;5,1;5,6;4,5;5,6;4,5;100;100;100;;;;
2026/06/21;1000 UTC;0;1005,1;1005,5;1004,7;;4,5;4,6;4,7;4,3;4,7;4,3;100;100;100;;;;
2026/06/21;1100 UTC;0;1006,1;1006,3;1005,5;;4,3;4,4;4,5;4,2;4,6;4,3;100;100;100;;;;
2026/06/21;1200 UTC;0;1006,2;1006,3;1006;;5,3;5,1;6,6;4,4;5,7;4,4;100;94;98;;;;
2026/06/21;1300 UTC;0;1006,2;1006,5;1006,1;;9;7,4;11,9;6,6;10;5,6;96;88;92;;;;
2026/06/21;1400 UTC;0;1006,8;1007;1006,5;;12;9,7;12,4;11,7;10,2;9,3;90;85;88;;;;
2026/06/21;1500 UTC;0;1006,3;1006,7;1005,9;;13,8;9,7;14,9;12,4;10,4;9,2;88;73;80;;;;
2026/06/21;1600 UTC;0;1005,4;1005,9;1005,1;;14,9;8,1;15,6;14,3;9,9;6,7;77;61;66;;;;
2026/06/21;1700 UTC;0;1005;1005,3;1004,2;;15,2;7,6;16,3;14,7;8,3;6,7;66;58;62;;;;
2026/06/21;1800 UTC;0;1003,6;1004,2;1003,2;;15,7;7,7;16,7;14,9;8,9;6,8;65;57;60;;;;
2026/06/21;1900 UTC;0;1002,9;1003,2;1002,3;;14,9;8,3;16;14,5;8,6;7,6;70;58;67;;;;
2026/06/21;2000 UTC;0;1002,6;1002,9;1002,1;;14,3;8,2;14,5;13,9;8,6;7,8;73;67;70;;;;
2026/06/21;2100 UTC;0;1002,5;1002,8;1002,2;;13,5;8,6;14;13,2;9;8,3;79;72;75;;;;
2026/06/21;2200 UTC;0;1002,7;1003,2;1002,4;;13;9;13,2;12,7;9,3;8,7;82;79;80;;;;
2026/06/21;2300 UTC;0;1003,2;1003,5;1002,7;;12,5;9,3;12,7;12,3;9,6;9;86;82;84;;;;
2026/06/22;0000 UTC;0;1002,8;1003,1;1002,3;;12,3;9;12,5;12,2;9,8;8,6;88;81;84;;;;
2026/06/22;0100 UTC;0;1002,9;1003,3;1002,5;;12,1;8,8;12,4;12;9;8,6;85;81;83;;;;
2026/06/22;0200 UTC;0;1003,3;1003,7;1003;;11,9;8,9;12,1;11,9;9,2;8,4;87;82;85;;;;
2026/06/22;0300 UTC;0;1003,9;1004,6;1003,3;;11,7;8,9;11,8;11,7;9,2;8,5;87;84;86;;;;
2026/06/22;0400 UTC;0;1004,3;1004,6;1004;;11,5;8,8;11,7;11,4;9;8,5;88;84;86;;;;
2026/06/22;0500 UTC;0;1003,6;1004,3;1003,1;;11,3;9,1;11,4;11,2;9,4;8,9;90;88;89;;;;
2026/06/22;0600 UTC;0;1003,2;1003,5;1002,7;;11,3;9,5;11,4;11,1;9,8;9,3;93;90;91;;;;
2026/06/22;0700 UTC;,2;1002,6;1002,9;1002,1;;11;10;11,2;10,8;10,2;9,6;97;92;95;;;;
2026/06/22;0800 UTC;,2;1001,9;1002,2;1001,4;;10,8;10,3;10,9;10,7;10,4;10,2;98;97;98;;;;
2026/06/22;0900 UTC;,2;1001,4;1001,8;1001;;10,6;10,2;10,8;10,5;10,4;10,1;98;98;98;;;;
2026/06/22;1000 UTC;0;1002,3;1003;1001;;10,5;10;10,6;10,5;10,2;9,8;98;97;97;;;;
2026/06/22;1100 UTC;0;1003,5;1004,6;1002,4;;10,6;9,8;10,8;10,4;9,9;9,6;97;95;96;;;;
2026/06/22;1200 UTC;0;1005;1005,2;1004,4;;10,7;9,6;10,8;10,6;9,8;9,5;96;94;95;;;;
2026/06/22;1300 UTC;0;1004,6;1005,1;1004,3;;11,2;9,4;11,8;10,8;9,7;9;95;86;91;;;;
2026/06/22;1400 UTC;0;1004,5;1004,8;1004,1;;12,9;9,4;13,9;11,8;10,2;8,8;87;77;82;;;;
2026/06/22;1500 UTC;0;1005;1005,3;1004,4;;14,4;9,2;15,1;13,7;9,9;8,5;79;69;74;;;;
2026/06/22;1600 UTC;0;1005,1;1005,3;1005;;14,4;8,6;15,7;13,4;9,3;7,6;78;62;71;;;;
2026/06/22;1700 UTC;,2;1005;1005,2;1004,9;;13,7;8,5;14,9;13,4;8,9;8,1;77;70;74;;;;
2026/06/22;1800 UTC;0;1005,1;1005,3;1004,9;;14,3;7,9;15,4;13,5;8,7;7,1;74;61;68;;;;
2026/06/22;1900 UTC;0;1005,5;1005,8;1005,3;;14,1;6,7;14,9;13,4;7,4;6;68;57;63;;;;
2026/06/22;2000 UTC;0;1006;1006,3;1005,7;;14;6;14,6;13,1;6,9;4,8;66;56;60;;;;
2026/06/22;2100 UTC;0;1006,8;1007,3;1006,2;;12,2;5,9;13,5;10,7;6,8;4,7;81;57;68;;;;
2026/06/22;2200 UTC;0;1007,7;1008,1;1007,3;;9,7;6,7;10,6;8,9;7,1;6,4;89;81;85;;;;
2026/06/22;2300 UTC;0;1008,4;1008,8;1008,1;;9,7;6,6;10,1;9,2;6,8;6,4;87;82;85;;;;
2026/06/23;0000 UTC;0;1009;1009,3;1008,7;;9,1;6,4;9,5;8,7;6,5;6,1;89;84;86;;;;
2026/06/23;0100 UTC;0;1009,2;1009,3;1009,1;;8,3;6;8,6;7,8;6,4;5,5;89;88;88;;;;
2026/06/23;0200 UTC;0;1009,2;1010;1008,6;;7,1;5,6;7,8;6,4;6;5,2;96;89;92;;;;
2026/06/23;0300 UTC;0;1010,6;1010,9;1010;;6,7;5;7,5;6;5,8;4,5;96;86;92;;;;
2026/06/23;0400 UTC;0;1010,7;1010,8;1010,5;;6,7;5,3;7,1;6;5,8;4,7;94;91;93;;;;
2026/06/23;0500 UTC;0;1010,8;1011,2;1010,5;;6,1;4,9;6,4;5,7;5,1;4,7;95;93;94;;;;
2026/06/23;0600 UTC;0;1011,2;1011,4;1011;;5,6;4,6;5,9;5,2;4,8;4,4;97;93;95;;;;
2026/06/23;0700 UTC;0;1010,9;1011,1;1010,8;;6,2;4,1;6,6;5,6;4,5;3,9;94;87;90;;;;
2026/06/23;0800 UTC;0;1010,5;1010,9;1010,3;;6,5;3,7;6,7;6,4;3,9;3,6;87;85;86;;;;
2026/06/23;0900 UTC;0;1010,4;1010,6;1010,3;;5,2;3,4;6,7;4,6;3,7;3,3;94;85;91;;;;
2026/06/23;1000 UTC;0;1010,9;1011,4;1010,6;;4,4;3,2;4,8;3,9;3,5;2,8;96;93;94;;;;
2026/06/23;1100 UTC;0;1011,7;1011,9;1011,4;;4,4;3,3;4,6;4,2;3,5;3,1;95;94;94;;;;
2026/06/23;1200 UTC;0;1011,8;1011,9;1011,7;;5,7;3,9;6,9;4,6;4,5;3,2;93;87;91;;;;
2026/06/23;1300 UTC;0;1011,7;1011,9;1011,5;;8,4;5,2;9,9;7;6,2;4,4;88;79;84;;;;
2026/06/23;1400 UTC;0;1011,6;1011,8;1011,5;;10,7;6,1;11,9;9,6;7,1;5,3;83;71;77;;;;
2026/06/23;1500 UTC;0;1011,4;1011,5;1011,2;;12,6;5,5;13,1;11,9;6,6;4,5;73;58;65;;;;
2026/06/23;1600 UTC;0;1010,9;1011,2;1010,6;;13,5;4,2;13,8;13,2;5,8;2,9;63;45;53;;;;
2026/06/23;1700 UTC;0;1010,3;1010,7;1010,1;;13,8;3,8;14,2;13,5;4,4;3;54;45;50;;;;
2026/06/23;1800 UTC;0;1009,8;1010,1;1009,4;;13,9;3,3;14,3;13,1;3,9;2,5;52;43;47;;;;
2026/06/23;1900 UTC;0;1009,6;1009,8;1009,5;;13,3;2,9;14,6;12,2;4,1;2;53;43;48;;;;
2026/06/23;2000 UTC;0;1009,7;1009,8;1009,6;;13,1;2,8;13,9;12,1;3,5;2,3;53;44;49;;;;
2026/06/23;2100 UTC;0;1009,9;1010,2;1009,7;;11,3;3;12,5;9,7;3,3;2,6;66;52;59;;;;
2026/06/23;2200 UTC;0;1010,4;1010,6;1010,2;;9;2,7;9,6;8,5;3,1;2,3;72;67;69;;;;
2026/06/23;2300 UTC;0;1010,8;1011,1;1010,6;;8,5;2,3;9,1;7,3;2,5;2,1;75;67;69;;;;
2026/06/24;0000 UTC;0;1011,1;1011,2;1011;0;7;2;7,8;6,1;2,5;1,7;79;70;75;;;;
2026/06/24;0100 UTC;0;1011,2;1011,3;1011,2;0;6,4;2,7;6,8;6;3,4;1,9;85;76;82;;;;
2026/06/24;0200 UTC;0;1011,6;1011,8;1011,3;0;5,9;3,4;6,4;5,6;3,6;3,1;89;84;87;;;;
2026/06/24;0300 UTC;0;1011,7;1011,8;1011,6;0;5,8;2,7;6,7;4,6;3,2;2,1;90;81;85;;;;
2026/06/24;0400 UTC;0;1011,8;1011,9;1011,7;0;5,1;2,9;5,9;4,5;3,3;2,1;92;85;89;;;;
2026/06/24;0500 UTC;0;1011,9;1012;1011,8;0;4,3;2,6;4,6;3,9;3,4;2,2;95;89;92;;;;
2026/06/24;0600 UTC;0;1011,8;1011,9;1011,6;0;3,9;2,7;4,3;3,4;3;2,3;97;91;94;;;;
2026/06/24;0700 UTC;0;1011,4;1011,6;1011,2;0;3,4;2,6;3,9;3;3,1;2,1;98;95;96;;;;
2026/06/24;0800 UTC;0;1011,3;1011,4;1011,1;0;3,6;2,5;4,1;3,2;2,9;2,3;97;92;94;;;;
2026/06/24;0900 UTC;0;1011,2;1011,4;1011,1;0;3,7;2,5;4,2;3,1;2,7;2,2;98;91;94;;;;
2026/06/24;1000 UTC;0;1011,3;1011,5;1011,2;0;4,5;2,7;4,7;4;3;2,4;93;90;91;;;;
2026/06/24;1100 UTC;0;1011,8;1011,9;1011,6;8,3;4,8;3;5,2;4,4;3,1;2,6;92;89;91;;;;
2026/06/24;1200 UTC;0;1011,9;1012;1011,7;211,9;5,4;3,4;6,5;4,8;4,1;2,9;92;88;90;;;;
2026/06/24;1300 UTC;0;1011,9;1012;1011,8;352,1;8,2;4,7;9,8;6,5;5,7;4,1;88;77;82;;;;
2026/06/24;1400 UTC;0;1011,8;1012,1;1011,5;399,5;11,3;5,1;13,2;9,8;6,1;4,5;78;60;69;;;;
2026/06/24;1500 UTC;0;1011,1;1011,5;1010,7;341,2;14;5,3;14,7;13,2;6;4,7;63;53;56;;;;
2026/06/24;1600 UTC;0;1010,2;1010,7;1009,7;333,4;15,1;5,7;15,6;14,6;6,5;5,2;56;50;53;;;;
2026/06/24;1700 UTC;0;1009,1;1009,6;1008,6;331,4;15,5;5,8;16,2;14,8;6,5;5,2;55;48;51;;;;
2026/06/24;1800 UTC;0;1008,4;1008,6;1008;345;15,7;5,7;16,5;14,7;6,5;4,9;54;45;50;;;;
2026/06/24;1900 UTC;0;1008,3;1008,4;1008,1;300,1;15,7;5,6;16,2;15,2;6;5;52;47;49;;;;
2026/06/24;2000 UTC;;;;;;;;;;;;;;;;;;
2026/06/24;2100 UTC;0;1008,5;1008,7;1008,3;62,3;13,6;5,9;14,8;11,8;6,5;5,3;68;56;62;;;;
2026/06/24;2200 UTC;0;1008,9;1009,2;1008,7;0;10,6;5,1;11,7;9,7;5,5;4,7;76;69;72;;;;
2026/06/24;2300 UTC;0;1009,5;1009,8;1009,2;0;9,5;5,2;10,3;9;5,8;4,8;82;75;78;;;;
2026/06/25;0000 UTC;0;1009,6;1009,8;1009,5;0;9,2;5;10,2;8,1;5,4;4,6;87;73;79;;;;
2026/06/25;0100 UTC;0;1010,1;1010,2;1009,9;0;8,1;5,5;8,4;7,9;5,6;5,3;89;85;87;;;;
2026/06/25;0200 UTC;0;1010,4;1010,8;1010,2;0;8,6;5,2;8,9;7,9;5,5;5,1;87;81;83;;;;
2026/06/25;0300 UTC;0;1011;1011,1;1010,7;0;8,2;5;8,4;7,9;5,2;4,8;86;82;84;;;;
2026/06/25;0400 UTC;0;1011;1011,2;1010,8;0;7,8;4,8;8,1;7,4;5,2;4,6;86;84;85;;;;
2026/06/25;0500 UTC;0;1011;1011,4;1010,6;0;8,2;4,8;8,8;8;5;4,6;85;80;83;;;;
2026/06/25;0600 UTC;0;1011,3;1011,7;1010,9;0;9;4,7;9;8,8;5;4,5;80;78;79;;;;
2026/06/25;0700 UTC;0;1011,6;1011,7;1011,3;0;9;5;9,2;8,8;5,3;4,8;82;78;80;;;;
2026/06/25;0800 UTC;0;1011,7;1012,3;1011;0;8,5;5;8,9;8,1;5,2;4,7;85;80;82;;;;
2026/06/25;0900 UTC;0;1012,6;1012,9;1012,2;0;8,4;4,9;8,6;8,2;5,4;4,6;85;81;82;;;;
2026/06/25;1000 UTC;0;1013,1;1013,7;1012,7;0;8,1;5;8,3;8;5,2;4,7;86;82;84;;;;
2026/06/25;1100 UTC;0;1014;1014,3;1013,6;2,5;8,1;5,1;8,4;7,9;5,2;4,9;86;83;85;;;;
2026/06/25;1200 UTC;0;1014,5;1015;1013,8;56,2;8,3;5;8,7;8,2;5,3;4,8;85;81;83;;;;
2026/06/25;1300 UTC;0;1015,3;1015,7;1015;194,3;9,1;5,5;9,8;8,7;5,9;4,9;84;79;82;;;;
2026/06/25;1400 UTC;0;1015,6;1015,9;1015,4;466,1;11,5;6,1;13,8;9,8;7,2;5,6;81;65;73;;;;
2026/06/25;1500 UTC;0;1015,5;1015,7;1015,3;372;14,3;7,1;15;13,9;7,7;6,5;67;58;64;;;;
2026/06/25;1600 UTC;0;1014,9;1015,2;1014,6;330,2;15,5;7;16,1;14,6;7,9;6,1;63;54;58;;;;
2026/06/25;1700 UTC;0;1013,9;1014,6;1013,1;345,6;16,6;7,1;17,5;16,1;7,7;6,5;58;49;52;;;;
2026/06/25;1800 UTC;0;1012,7;1013,2;1012,4;327,5;17,6;7;17,8;17,1;7,5;6,6;50;45;47;;;;
2026/06/25;1900 UTC;0;1012,4;1012,6;1012,2;286,1;17,9;7,1;18,1;17,6;7,6;6,6;48;44;46;;;;
2026/06/25;2000 UTC;0;1012,4;1012,6;1012,2;203,4;17,5;7,1;17,8;17;7,5;6,8;52;46;48;;;;
2026/06/25;2100 UTC;0;1012,7;1013;1012,5;50,9;15,4;7,1;17,1;13,3;7,6;6,6;67;49;59;;;;
2026/06/25;2200 UTC;0;1013,3;1013,4;1013;0;11,8;6,3;13,2;10,8;6,9;6,1;80;66;73;;;;
2026/06/25;2300 UTC;0;1013,4;1013,6;1013,3;0;10,8;6,9;11,1;10,3;7;6,7;83;79;80;;;;
2026/06/26;0000 UTC;0;1013,9;1014,2;1013,6;0;9,1;6,7;10,3;8,5;6,8;6,5;92;83;88;;;;
2026/06/26;0100 UTC;0;1014,2;1014,3;1014;0;8,8;6,7;9,2;8,5;7;6,4;91;87;89;;;;
2026/06/26;0200 UTC;0;1014,2;1014,4;1014;0;8,4;6,7;8,9;7,8;7;6,2;95;88;91;;;;
2026/06/26;0300 UTC;0;1014;1014,2;1013,8;0;7,4;6,6;7,9;7,1;6,8;6;97;94;96;;;;
2026/06/26;0400 UTC;0;1013,7;1013,8;1013,6;0;7,6;6,2;7,8;7,4;6,4;6;94;91;93;;;;
2026/06/26;0500 UTC;0;1013,6;1013,8;1013,3;0;7,5;5,8;7,6;7,2;6,1;5,5;93;90;92;;;;
2026/06/26;0600 UTC;0;1013,2;1013,3;1012,8;0;6,9;5,4;7,3;6,2;5,7;4,9;94;91;93;;;;
2026/06/26;0700 UTC;0;1012,7;1012,8;1012,7;0;5,8;4,8;6,3;4,6;5,4;3,9;97;93;95;;;;
2026/06/26;0800 UTC;0;1012,6;1012,7;1012,4;0;5,2;4,6;5,7;4,6;5,1;4;99;94;97;;;;
2026/06/26;0900 UTC;0;1012,3;1012,4;1012,1;0;6,1;4,1;6,7;5,1;4,4;3,8;95;88;90;;;;
2026/06/26;1000 UTC;0;1012,5;1012,7;1012,3;0;5,8;3,6;6;5,6;3,8;3,4;89;88;89;;;;
2026/06/26;1100 UTC;0;1013,2;1013,7;1012,7;18,6;5,2;3,3;5,7;4,5;3,5;2,9;94;88;91;;;;
2026/06/26;1200 UTC;0;1013,7;1013,8;1013,6;358,2;6,8;4;8,5;5,3;5,1;3,2;90;80;86;;;;
2026/06/26;1300 UTC;0;1013,7;1013,8;1013,6;433,8;9,9;5,4;11,6;8,6;6,7;4,7;82;72;77;;;;
2026/06/26;1400 UTC;0;1013,6;1013,7;1013,5;596,9;12,5;6,4;13,9;11,5;7;5,6;75;64;69;;;;
2026/06/26;1500 UTC;0;1013;1013,5;1012,6;437,8;14,6;6,9;15,7;13,6;8,1;6,2;65;55;61;;;;
2026/06/26;1600 UTC;0;1012,3;1012,6;1012;334,6;16,3;7,3;17,1;15,3;8;6,2;60;48;55;;;;
2026/06/26;1700 UTC;0;1011,4;1012;1010,7;328,5;17,4;6,3;18,1;16,7;7,2;5,8;49;39;45;;;;
2026/06/26;1800 UTC;0;1010,1;1010,7;1009,8;318,6;18,2;6,3;18,6;17,9;7,2;5,4;46;36;40;;;;
2026/06/26;1900 UTC;0;1009,7;1009,9;1009,5;279,2;18,3;6,6;18,5;18,2;7,3;5,9;45;38;41;;;;
2026/06/26;2000 UTC;;;;;;;;;;;;;;;;;;
2026/06/26;2100 UTC;0;1009,8;1010,2;1009,5;56,2;16;6,6;17,4;14,2;6,8;6,4;61;46;53;;;;
2026/06/26;2200 UTC;0;1010,6;1010,9;1010,1;0;12,8;6,4;14,1;12,3;6,6;6,1;71;62;68;;;;
2026/06/26;2300 UTC;0;1011,2;1011,4;1010,9;0;11,5;6,5;12,5;10,4;6,9;6;81;71;75;;;;
2026/06/27;0000 UTC;;;;;;;;;;;;;;;;;;
2026/06/27;0100 UTC;0;1011,6;1011,7;1011,5;0;10,4;5,7;11,3;9,7;6;5,3;82;71;76;;;;
2026/06/27;0200 UTC;0;1011,5;1011,6;1011,4;0;11,3;5,1;11,7;10,9;5,3;5;72;67;69;;;;
2026/06/27;0300 UTC;0;1011,5;1011,6;1011,3;0;11;5;11,3;10,7;5,2;4,7;72;69;70;;;;
2026/06/27;0400 UTC;0;1011,1;1011,3;1011;0;10,8;4,9;11,2;10,1;5;4,7;74;68;70;;;;
2026/06/27;0500 UTC;0;1011,4;1011,6;1011,1;0;7,8;5,2;10,1;6,7;5,6;4,5;94;73;87;;;;
2026/06/27;0600 UTC;0;1011,3;1011,6;1011;0;6,8;5,2;7;6,6;5,5;4,9;95;90;92;;;;
2026/06/27;0700 UTC;0;1010,7;1011;1010,5;0;6,8;5;7;6,5;5,1;4,9;92;90;91;;;;
2026/06/27;0800 UTC;0;1010,5;1010,6;1010,3;0;6,3;5;6,5;6;5,1;4,9;95;92;94;;;;
2026/06/27;0900 UTC;0;1010,2;1010,3;1010,2;0;6,2;4,9;6,4;6,1;5,1;4,8;94;93;93;;;;
2026/06/27;1000 UTC;0;1010,4;1010,5;1010,3;0;6,1;4,9;6,8;5,9;5;4,8;95;91;94;;;;
2026/06/27;1100 UTC;0;1010,4;1010,5;1010,3;16,7;6,1;4,9;6,8;5,8;5;4,6;96;90;94;;;;
2026/06/27;1200 UTC;0;1010,3;1010,4;1010,1;391,6;7,2;5,2;8,4;6,2;6;4,8;94;86;90;;;;
2026/06/27;1300 UTC;0;1010,5;1010,6;1010,1;553,2;10,8;7;12,3;8,5;8,1;5,7;88;76;81;;;;
2026/06/27;1400 UTC;0;1010,6;1010,8;1010,2;365,9;14,1;8,6;15,4;12,2;9,4;8;80;66;72;;;;
2026/06/27;1500 UTC;0;1009,8;1010,3;1009,3;399,6;16,5;9,5;17,1;15,4;10,5;8,6;70;61;65;;;;
2026/06/27;1600 UTC;0;1009;1009,4;1008,7;375,1;17,6;10,3;18,4;17;11,2;9,7;68;60;64;;;;
2026/06/27;1700 UTC;0;1008,1;1008,7;1007,6;232,8;17,3;10,7;17,7;17,1;11,2;10,3;70;64;67;;;;
2026/06/27;1800 UTC;0;1006,9;1007,6;1006,4;217,1;17,4;11,3;17,7;17,1;12;10,8;72;67;69;;;;
2026/06/27;1900 UTC;0;1006,1;1006,7;1005,9;149,7;17,9;11,9;18,5;17,6;12,4;11,4;74;67;70;;;;
2026/06/27;2000 UTC;0;1006,1;1006,2;1005,9;40,8;17,5;12,7;17,6;17,2;13,2;12,2;80;73;76;;;;
2026/06/27;2100 UTC;0;1005,6;1006;1005,3;23,3;16,9;13,1;17,4;16,4;13,4;12,8;84;78;81;;;;
2026/06/27;2200 UTC;0;1005,6;1005,9;1005,4;0;16,7;12,9;16,9;16,5;13,2;12,7;83;79;81;;;;
2026/06/27;2300 UTC;0;1005,7;1006;1005,4;0;16,7;13,1;16,8;16,5;13,3;12,8;83;80;82;;;;
2026/06/28;0000 UTC;0;1005,4;1005,9;1005,2;0;16,7;13,3;16,9;16,5;13,5;13,2;85;82;83;;;;
2026/06/28;0100 UTC;0;1005,4;1005,6;1005,2;0;16,5;13,9;16,9;16,3;14,5;13,5;89;85;87;;;;
2026/06/28;0200 UTC;0;1005,3;1005,5;1005,1;0;17,1;15;17,2;16,9;15,3;14,6;91;88;89;;;;
2026/06/28;0300 UTC;,6;1005,5;1005,9;1005,2;0;17;15,6;17,2;16,6;15,9;15,4;96;91;93;;;;
2026/06/28;0400 UTC;1,2;1004,9;1005,2;1004,6;0;16,5;16;16,7;16,3;16,2;15,8;99;96;97;;;;
2026/06/28;0500 UTC;0;1004,6;1004,8;1004,4;0;16,4;16,2;16,6;16,3;16,4;16;99;99;99;;;;
2026/06/28;0600 UTC;0;1004,3;1004,6;1004;0;16,5;16,4;16,6;16,4;16,4;16,3;100;99;99;;;;
2026/06/28;0700 UTC;,2;1004,1;1004,2;1003,9;0;16,4;16,4;16,4;16,3;16,4;16,3;100;100;100;;;;
2026/06/28;0800 UTC;1,4;1003,8;1004;1003,6;0;16,4;16,4;16,5;16,3;16,5;16,3;100;100;100;;;;
2026/06/28;0900 UTC;0;1003,6;1003,8;1003,4;0;16,4;16,4;16,4;16,3;16,5;16,3;100;100;100;;;;
2026/06/28;1000 UTC;0;1004,2;1004,5;1003,7;0;16,2;16,3;16,4;15,6;16,4;15,6;100;100;100;;;;
2026/06/28;1100 UTC;1,6;1005,1;1005,8;1004,5;0;15,4;15,5;15,6;15,4;15,6;15,4;100;100;100;;;;
2026/06/28;1200 UTC;,2;1005,8;1006,1;1005,5;,1;15,4;15,4;15,4;15,3;15,5;15,4;100;100;100;;;;
2026/06/28;1300 UTC;,2;1006,3;1006,9;1005,5;2,4;15,4;15,5;15,5;15,4;15,5;15,4;100;100;100;;;;
2026/06/28;1400 UTC;0;1007,1;1007,4;1006,8;38,5;15,4;15,5;15,5;15,3;15,6;15,4;100;100;100;;;;
2026/06/28;1500 UTC;0;1006,9;1007,4;1006,5;146,1;16;16;16,3;15,6;16,3;15,6;100;98;100;;;;
2026/06/28;1600 UTC;0;1006,7;1006,9;1006,1;157,7;16,3;15,4;16,8;16,2;15,9;14,5;98;91;95;;;;
2026/06/28;1700 UTC;0;1006;1006,3;1005,4;349,6;18;14,4;19;16,7;15,6;13;93;71;82;;;;
2026/06/28;1800 UTC;0;1005,6;1005,7;1005,4;308,5;19;13,4;19,5;18,6;14;12,9;75;69;72;;;;
2026/06/28;1900 UTC;0;1005,8;1005,9;1005,5;280,5;19,5;13,1;19,7;19,3;13,7;12,6;72;65;68;;;;
2026/06/28;2000 UTC;0;1005,7;1006,1;1005,4;205,5;19,1;11,8;19,7;18,5;12,7;11,1;66;59;64;;;;
2026/06/28;2100 UTC;0;1006,2;1006,7;1006;60,9;16,7;10,8;18,5;14,2;11,5;10,3;81;62;70;;;;
2026/06/28;2200 UTC;0;1006,9;1007,2;1006,7;0;13,3;9,8;14,1;12,7;10,3;9,5;84;80;82;;;;
2026/06/28;2300 UTC;0;1007,7;1008,1;1007,2;0;12,8;9;13;12,4;9,5;8,4;83;79;81;;;;
2026/06/29;0000 UTC;0;1008,7;1009,1;1008,1;0;12,3;7,9;12,6;12;8,4;7,6;80;75;78;;;;
2026/06/29;0100 UTC;0;1009,1;1009,2;1009;0;11,1;7,5;12,4;10,1;7,6;7,4;88;76;82;;;;
2026/06/29;0200 UTC;0;1009,3;1009,5;1009,2;0;10,3;7;10,7;9,9;7,5;6,6;86;81;84;;;;
2026/06/29;0300 UTC;0;1009,5;1009,7;1009,3;0;9,6;6,9;10;9,3;7,2;6,7;88;84;86;;;;
2026/06/29;0400 UTC;0;1009,7;1009,8;1009,6;0;9,2;6,8;9,8;8,6;7,2;6,3;90;86;88;;;;
2026/06/29;0500 UTC;0;1009,9;1009,9;1009,8;0;8,7;6,4;9;8,3;6,7;6,2;90;87;89;;;;
2026/06/29;0600 UTC;0;1009,8;1009,9;1009,7;0;7,5;6,2;8,3;6,6;6,5;5,7;97;90;93;;;;
2026/06/29;0700 UTC;0;1010;1010,1;1010;0;6,7;6,2;7;6,1;6,8;4,9;99;94;97;;;;
2026/06/29;0800 UTC;0;1010,1;1010,3;1010;0;6,5;6,1;7,1;5,5;6,8;4,5;100;94;98;;;;
2026/06/29;0900 UTC;0;1010,1;1010,2;1010;0;6,4;5,9;6,8;6;6,2;5,6;99;96;98;;;;
2026/06/29;1000 UTC;0;1010,5;1010,8;1010,2;0;6,3;5,8;6,7;5,9;6,1;5,5;99;96;98;;;;
2026/06/29;1100 UTC;0;1011,1;1011,5;1010,8;13,5;5,5;5,4;6;5,1;5,8;5;100;99;100;;;;
2026/06/29;1200 UTC;0;1011,7;1011,9;1011,5;285,2;6,7;5,9;7,9;5,7;6,4;5,6;100;92;96;;;;
2026/06/29;1300 UTC;0;1011,8;1011,9;1011,7;438,5;9,4;7,2;10,9;7,8;8,4;6,3;93;86;89;;;;
2026/06/29;1400 UTC;0;1011,7;1011,9;1011,5;529,6;12,2;8,7;13,4;10,9;9,6;7,6;88;78;82;;;;
2026/06/29;1500 UTC;0;1011,3;1011,6;1011,1;406,9;14,6;9,6;15,8;13,2;10,5;8,6;83;68;75;;;;
2026/06/29;1600 UTC;0;1010,5;1011,1;1009,8;316,7;16,3;8,9;16,8;15,8;10,2;7,8;72;56;63;;;;
2026/06/29;1700 UTC;0;1009,5;1009,8;1009,2;311,1;17,1;8,5;17,6;16,8;9,7;7,6;62;53;57;;;;
2026/06/29;1800 UTC;0;1009,2;1009,3;1009;278,8;17,3;8,8;18,2;16,4;10;7,4;63;52;57;;;;
2026/06/29;1900 UTC;0;1008,6;1009;1008,4;262,3;17,4;8,7;17,9;17;9,5;7,6;60;51;57;;;;
2026/06/29;2000 UTC;0;1008,2;1008,3;1008,1;183;16,7;8,1;17,2;16,1;9;7,3;59;56;57;;;;
2026/06/29;2100 UTC;0;1008,4;1008,7;1008,2;53,2;14,8;8,2;16,1;13,2;9,6;7,3;82;57;67;;;;
2026/06/29;2200 UTC;0;1009,2;1009,7;1008,7;0;11,8;9,4;13,1;10,3;9,6;9;94;82;88;;;;
2026/06/29;2300 UTC;0;1009,9;1010,1;1009,6;0;10,4;8,9;11;9,9;9,7;8,7;96;92;93;;;;
2026/06/30;0000 UTC;;;;;;;;;;;;;;;;;;
2026/06/30;0100 UTC;0;1010,5;1010,6;1010,4;0;8,8;8,1;9,1;8,5;8,4;7,7;98;96;97;;;;
2026/06/30;0200 UTC;0;1010,4;1010,6;1010,3;0;8,4;7,6;8,8;7,8;7,9;7,3;98;95;96;;;;
2026/06/30;0300 UTC;0;1010,4;1010,5;1010,2;0;7,3;7,1;7,8;6,7;7,5;6,5;100;97;99;;;;
2026/06/30;0400 UTC;0;1010,4;1010,6;1010,1;0;7,1;7,1;7,3;6,6;7,4;6,5;100;99;100;;;;
2026/06/30;0500 UTC;0;1009,9;1010,2;1009,6;0;7;6,9;7,3;6,7;7,2;6,7;100;99;100;;;;
2026/06/30;0600 UTC;0;1009,6;1009,9;1009,3;0;6,9;6,9;7;6,7;7,1;6,7;100;100;100;;;;
2026/06/30;0700 UTC;0;1009;1009,2;1008,7;0;6,5;6,5;6,7;6,3;6,7;6,3;100;100;100;;;;
2026/06/30;0800 UTC;0;1008,4;1008,8;1008;0;6,3;6,2;6,5;5,8;6,5;5,7;100;99;100;;;;
2026/06/30;0900 UTC;0;1008;1008,2;1007,7;0;5,6;5,6;5,9;5,4;5,9;5,4;100;99;100;;;;
2026/06/30;1000 UTC;,2;1007,8;1008,3;1007,6;0;5,6;5,4;5,8;5,4;5,6;5,3;100;99;99;;;;
2026/06/30;1100 UTC;0;1008,5;1008,8;1008,2;2,9;6;5,7;6,2;5,8;6;5,6;99;98;99;;;;
2026/06/30;1200 UTC;0;1008,8;1009,1;1008,6;48;6,3;6,4;6,8;6,1;6,8;6;100;99;100;;;;
2026/06/30;1300 UTC;0;1008,6;1008,8;1008,4;104,6;7,4;7,5;8,3;6,8;8,3;6,8;100;100;100;;;;
2026/06/30;1400 UTC;0;1008,7;1008,9;1008,4;163,7;9;8,7;9,8;8,3;9;8,4;100;94;98;;;;
2026/06/30;1500 UTC;0;1008,6;1008,9;1008,2;140,4;10,4;9,2;10,8;9,9;9,6;8,6;96;92;94;;;;
2026/06/30;1600 UTC;0;1007,5;1008,4;1006,7;275,4;11,2;9,7;11,8;10,4;10,1;9,3;97;89;93;;;;
2026/06/30;1700 UTC;0;1006;1006,6;1005,4;327,2;12,7;10,1;13,2;11,8;10,6;9,6;90;84;87;;;;
2026/06/30;1800 UTC;0;1004,9;1005,4;1004,6;244,4;13,5;10,4;13,9;13,1;10,8;10,1;87;82;85;;;;
2026/06/30;1900 UTC;0;1004,6;1004,9;1004,4;140,7;13,9;10,6;14;13,7;10,9;10,3;85;82;84;;;;
2026/06/30;2000 UTC;0;1004,7;1004,8;1004,4;66,5;13,6;10,7;13,9;13,3;10,9;10,5;88;83;86;;;;
2026/06/30;2100 UTC;0;1004,8;1005;1004,7;14,3;13,1;10,6;13,3;12,8;10,8;10,4;89;86;88;;;;
2026/06/30;2200 UTC;0;1004,8;1005;1004,7;0;12,6;10,7;12,8;12,5;10,9;10,4;92;89;90;;;;
2026/06/30;2300 UTC;0;1005,1;1005,3;1005;0;12,4;10,7;12,5;12,2;10,9;10,5;92;90;91;;;;
2026/07/01;0000 UTC;0;1005,3;1005,4;1005,2;0;12;10,4;12,2;11,8;10,5;10,3;93;92;92;;;;
2026/07/01;0100 UTC;0;1005,4;1005,5;1005,2;0;11,7;10,4;11,8;11,7;10,5;10,3;94;93;93;;;;
2026/07/01;0200 UTC;0;1005,4;1005,5;1005,3;0;11,7;10,6;11,7;11,7;10,7;10,4;95;94;95;;;;
2026/07/01;0300 UTC;0;1005,5;1005,6;1005,4;0;11,7;10,7;11,7;11,6;10,8;10,7;96;95;95;;;;
2026/07/01;0400 UTC;0;1005,5;1005,7;1005,4;0;11,7;11;11,9;11,6;11,2;10,8;97;96;97;;;;
2026/07/01;0500 UTC;0;1005,3;1005,4;1005;0;12;11,2;12,1;11,9;11,3;11,1;96;95;96;;;;
2026/07/01;0600 UTC;0;1005,1;1005,2;1004,9;0;12,1;11,3;12,3;12;11,5;11,2;96;96;96;;;;
2026/07/01;0700 UTC;0;1004,8;1004,9;1004,7;0;12,2;11,5;12,3;12,2;11,6;11,4;97;96;97;;;;
2026/07/01;0800 UTC;0;1004,6;1004,8;1004,4;0;12,2;11,6;12,3;12,1;11,7;11,6;97;96;97;;;;
2026/07/01;0900 UTC;0;1004,6;1004,8;1004,4;0;12,1;11,6;12,2;12,1;11,7;11,6;98;97;98;;;;
2026/07/01;1000 UTC;0;1004,9;1005,3;1004,5;0;12,1;11,7;12,2;12,1;11,8;11,6;98;98;98;;;;
2026/07/01;1100 UTC;0;1005,5;1005,8;1005,2;,3;12,3;11,9;12,4;12,2;12;11,8;98;98;98;;;;
2026/07/01;1200 UTC;0;1005,7;1006,1;1005,3;33,6;12,6;12,1;12,9;12,4;12,3;12;98;97;98;;;;
2026/07/01;1300 UTC;0;1006;1006,3;1005,7;87,8;13,1;12,3;13,5;12,9;12,5;12,2;97;94;96;;;;
2026/07/01;1400 UTC;0;1006,4;1006,7;1006;;14;12,5;14,3;13,5;12,8;12,3;95;91;93;;;;
2026/07/01;1500 UTC;0;1006,3;1006,7;1005,9;;14,2;12,5;14,8;13,9;12,8;12,3;93;89;92;;;;
2026/07/01;1600 UTC;0;1006,4;1006,8;1006;;14,3;12,6;14,8;14,1;12,7;12,4;93;89;91;;;;
2026/07/01;1700 UTC;0;1006,2;1006,6;1005,9;;14,2;12,7;14,3;14,1;12,9;12,5;94;91;92;;;;
2026/07/01;1800 UTC;0;1006,5;1006,8;1006,1;;14,1;12,9;14,1;13,9;13,1;12,7;95;94;94;;;;
2026/07/01;1900 UTC;0;1006,3;1006,7;1006,1;;14;12,7;14,1;13,9;12,8;12,6;94;93;94;;;;
2026/07/01;2000 UTC;0;1006,6;1007,2;1006,4;;13,8;12,5;13,9;13,7;12,7;12,3;94;93;93;;;;
2026/07/01;2100 UTC;0;1007,2;1007,6;1006,6;;13,6;12,2;13,7;13,4;12,3;12,1;94;93;93;;;;
2026/07/01;2200 UTC;0;1008,1;1008,6;1007,5;;13,2;11,8;13,4;13;12,2;11,6;94;93;93;;;;
2026/07/01;2300 UTC;0;1008,8;1009,4;1008,4;;12,8;11,4;13;12,6;11,6;11,2;94;92;93;;;;
2026/07/02;0000 UTC;0;1009,4;1009,7;1009,2;;12,4;11,1;12,6;12,2;11,3;11;94;93;94;;;;
2026/07/02;0100 UTC;0;1009,8;1010,1;1009,6;;12,2;11;12,2;12,1;11,1;10,9;95;94;94;;;;
2026/07/02;0200 UTC;0;1010,2;1010,8;1009,7;;12,2;11,1;12,3;12,1;11,2;11;95;94;94;;;;
2026/07/02;0300 UTC;0;1010,8;1011;1010,5;;12,4;11,4;12,5;12,3;11,6;11,2;95;94;95;;;;
2026/07/02;0400 UTC;0;1011,3;1011,7;1010,5;;12,7;11,8;12,8;12,5;12;11,6;96;95;96;;;;
2026/07/02;0500 UTC;0;1012,2;1012,5;1011,7;;12,8;12,3;12,9;12,7;12,4;12;98;96;97;;;;
2026/07/02;0600 UTC;0;1011,8;1012,5;1011,4;;12,9;12,4;13;12,9;12,5;12,3;98;97;97;;;;
2026/07/02;0700 UTC;0;1011,6;1011,9;1011,1;;13;12,1;13,1;12,9;12,3;11,8;97;94;95;;;;
2026/07/02;0800 UTC;0;1011;1011,2;1010,7;;12,7;11,4;12,9;12,6;11,8;11,2;94;93;93;;;;
2026/07/02;0900 UTC;0;1011,6;1012,3;1011;;12,4;10,9;12,6;12,2;11,2;10,7;93;92;93;;;;
2026/07/02;1000 UTC;0;1012,7;1013,1;1012,2;;12;10,4;12,2;11,7;10,8;9,9;93;91;92;;;;
2026/07/02;1100 UTC;0;1013,7;1014,4;1012,7;;11,6;9,9;11,7;11,6;10;9,7;92;90;91;;;;
2026/07/02;1200 UTC;0;1014,7;1015,3;1014;;11,2;9,1;11,6;10,9;9,7;8,3;91;87;89;;;;
2026/07/02;1300 UTC;0;1015,8;1016,3;1015,3;;10,7;8,2;10,8;10,6;8,4;7,8;88;86;87;;;;
2026/07/02;1400 UTC;0;1016,5;1016,8;1016,2;;11;7,9;11,3;10,7;8,2;7,7;86;83;84;;;;
2026/07/02;1500 UTC;0;1016,5;1016,8;1016,3;;11,9;8,1;12,6;11,2;8,6;7,9;85;78;81;;;;
2026/07/02;1600 UTC;0;1016,3;1016,5;1016;;13;8,2;13,5;12,3;8,6;7,7;79;73;76;;;;
2026/07/02;1700 UTC;0;1015,6;1016;1015,4;;13,6;8;14,1;13,2;8,4;7,6;75;70;72;;;;
2026/07/02;1800 UTC;0;1015,4;1015,7;1015,2;;13;7,7;13,6;12,5;8,3;7,3;76;69;73;;;;
2026/07/02;1900 UTC;0;1015,7;1015,8;1015,6;;12,3;7,3;12,8;12,1;7,7;6,9;77;73;75;;;;
2026/07/02;2000 UTC;0;1016;1016,2;1015,8;;12;7,2;12,2;11,6;7,5;7;78;74;76;;;;
2026/07/02;2100 UTC;0;1016,6;1016,9;1016,2;;11,3;7,2;11,6;11;7,4;7;81;78;80;;;;
2026/07/02;2200 UTC;0;1017,3;1017,7;1016,9;;10,6;6,5;11;10,1;7,5;4,7;85;73;80;;;;
2026/07/02;2300 UTC;0;1018,3;1018,8;1017,7;;9,1;4,6;10;8,4;4,8;4,4;81;74;77;;;;
2026/07/03;0000 UTC;0;1019;1019,2;1018,8;;7,8;4,4;8,3;7,4;4,6;4,2;84;81;83;;;;
2026/07/03;0100 UTC;0;1019,6;1019,8;1019,3;;6,6;4,3;7,4;6;4,4;4,2;91;85;88;;;;
2026/07/03;0200 UTC;0;1019,8;1020;1019,7;;5,8;4,2;6;5,6;4,3;3,9;93;91;92;;;;
2026/07/03;0300 UTC;0;1020,3;1020,5;1020;;5,8;2,8;6,1;5,4;3,9;2,3;92;83;85;;;;
2026/07/03;0400 UTC;0;1020,4;1020,6;1020,3;;4,9;2,1;5,4;4,5;2,4;1,6;87;84;86;;;;
2026/07/03;0500 UTC;0;1020,5;1020,8;1020,4;;4,1;,8;4,5;3,6;1,6;,3;86;83;84;;;;
2026/07/03;0600 UTC;0;1020,6;1020,8;1020,4;;3,3;,2;3,7;2,9;,4;0;86;83;84;;;;
2026/07/03;0700 UTC;0;1020,4;1020,5;1020,3;;2,7;-,2;2,9;2,6;,1;-,4;87;85;86;;;;
2026/07/03;0800 UTC;0;1020,2;1020,4;1019,9;;2,3;-,6;2,6;1,8;-,4;-,7;88;84;86;;;;
2026/07/03;0900 UTC;0;1020,1;1020,4;1019,9;;1,5;-,9;1,9;1,1;-,6;-1;90;87;88;;;;
2026/07/03;1000 UTC;0;1020,8;1021,1;1020,3;;,7;-1,2;1,1;,4;-,9;-1,5;93;89;90;;;;
2026/07/03;1100 UTC;0;1021,3;1021,4;1021,2;;0;-1,5;,3;-,2;-1,4;-1,7;93;91;92;;;;
2026/07/03;1200 UTC;0;1021,4;1021,5;1021,2;;1,6;-1,4;2,8;,1;-,5;-1,8;92;81;85;;;;
2026/07/03;1300 UTC;0;1021,2;1021,2;1021;;4,4;-1;5,7;2,8;-,4;-1,6;83;66;73;;;;
2026/07/03;1400 UTC;0;1021,3;1021,4;1021,1;;6,8;-,7;8;5,6;,1;-1,6;68;57;62;;;;
2026/07/03;1500 UTC;0;1020,9;1021,2;1020,6;;8,4;-,3;9,2;7,7;,2;-1;59;53;56;;;;
2026/07/03;1600 UTC;0;1020;1020,7;1019;;9,4;-,3;9,8;8,6;1,1;-1,1;58;46;51;;;;
2026/07/03;1700 UTC;0;1018,6;1019,1;1018,3;;10,3;0;10,7;9,9;1;-1;52;44;49;;;;
2026/07/03;1800 UTC;0;1017,9;1018,3;1017,7;;10,7;-,1;11,4;10,3;,9;-1;50;42;46;;;;
2026/07/03;1900 UTC;0;1017,4;1017,6;1017,2;;10,7;,4;11,3;10,2;,8;-,8;51;42;48;;;;
2026/07/03;2000 UTC;0;1017,3;1017,4;1017,1;;10,5;,3;10,9;10,1;,8;0;52;46;49;;;;
2026/07/03;2100 UTC;0;1017,4;1017,7;1017,3;;8,8;,4;10;7,8;,8;0;62;51;58;;;;
2026/07/03;2200 UTC;0;1017,9;1018,3;1017,7;;6,9;,6;7,9;6,5;1;,2;72;62;68;;;;
2026/07/03;2300 UTC;0;1018,3;1018,4;1018,2;;5,8;,5;6,5;5;,9;,3;78;70;74;;;;
2026/07/04;0000 UTC;;;;;;;;;;;;;;;;;;
2026/07/04;0100 UTC;0;1018,6;1018,8;1018,5;;4,5;,3;5;4;,7;0;82;75;79;;;;
2026/07/04;0200 UTC;0;1018,4;1018,6;1018,3;;4,4;,6;5;3,9;1,4;,3;85;77;81;;;;
2026/07/04;0300 UTC;0;1018,2;1018,4;1018;;3,5;,9;3,9;2,9;1,5;,6;90;84;87;;;;
2026/07/04;0400 UTC;0;1017,8;1018;1017,6;;2,8;1,3;3;2,6;2;,8;95;90;93;;;;
2026/07/04;0500 UTC;0;1017,6;1017,7;1017,5;;2,6;1,2;2,9;2,1;1,7;,9;97;90;93;;;;
2026/07/04;0600 UTC;0;1017,1;1017,4;1017;;1,6;1,2;2,1;1,4;1,5;,9;99;96;98;;;;
2026/07/04;0700 UTC;0;1016,8;1017;1016,7;;1,4;1;1,5;1,2;1,3;,6;99;97;98;;;;
2026/07/04;0800 UTC;0;1016,3;1016,7;1015,9;;1,9;,9;2,2;1,3;1,4;,6;99;93;95;;;;
2026/07/04;0900 UTC;0;1016;1016,2;1015,8;;1,8;1;2;1,6;1,1;,8;97;95;96;;;;
2026/07/04;1000 UTC;0;1016,1;1016,3;1015,9;;1,4;,8;1,7;1,2;1,2;,6;98;97;97;;;;
2026/07/04;1100 UTC;0;1016,3;1016,5;1016,2;;1,2;,7;1,4;,9;,9;,4;99;97;97;;;;
2026/07/04;1200 UTC;0;1016,5;1016,6;1016,3;;2,1;1,3;3,5;1,2;2,7;,7;98;94;96;;;;
2026/07/04;1300 UTC;0;1016,3;1016,6;1015,9;;4,7;3,2;6;3,5;4,3;2,4;96;90;93;;;;
2026/07/04;1400 UTC;0;1016,7;1017,1;1016,1;;7,3;4,9;8,8;6,1;5,5;4,1;92;83;88;;;;
2026/07/04;1500 UTC;0;1016,2;1016,9;1015,2;;9,7;5,8;10,4;8,8;6,6;5,4;85;76;80;;;;
2026/07/04;1600 UTC;0;1014,7;1015,2;1014;;11,4;6,2;11,9;10;6,6;5,6;79;71;74;;;;
2026/07/04;1700 UTC;0;1013,8;1014,1;1013,3;;11,9;6,4;12,1;11,7;6,8;5,9;75;70;73;;;;
2026/07/04;1800 UTC;0;1013,1;1013,5;1012,7;;11,8;6,4;11,9;11,6;6,7;6,2;75;72;73;;;;
2026/07/04;1900 UTC;0;1012,8;1013,4;1012;;11,2;6,3;11,6;10,8;6,5;6;78;73;75;;;;
2026/07/04;2000 UTC;0;1012,6;1013,2;1012;;10,4;6;10,9;9,9;6,3;5,7;79;76;78;;;;
2026/07/04;2100 UTC;0;1012,4;1013,1;1011,7;;9,7;5,7;9,9;9,4;5,9;5,5;82;78;80;;;;
2026/07/04;2200 UTC;0;1012,7;1013,2;1012,3;;9,2;5,5;9,4;9;5,7;5,4;83;80;82;;;;
2026/07/04;2300 UTC;0;1012,8;1013,1;1012,4;;8,8;5,5;9;8,5;5,7;5,5;85;83;84;;;;
2026/07/05;0000 UTC;0;1012,8;1013,1;1012,4;;8,7;5,5;8,9;8,5;5,6;5,4;85;83;84;;;;
2026/07/05;0100 UTC;0;1012,9;1013;1012,7;;8,9;5,5;8,9;8,9;5,6;5,4;84;82;83;;;;
2026/07/05;0200 UTC;0;1012,4;1012,8;1012,2;;8,9;5,5;9;8,9;5,6;5,4;83;82;83;;;;
2026/07/05;0300 UTC;0;1012,1;1012,3;1012;;8,8;5,8;8,9;8,8;6;5,5;86;83;85;;;;
2026/07/05;0400 UTC;0;1011,9;1012;1011,7;;8,7;6;8,9;8,7;6,2;5,9;87;86;87;;;;
2026/07/05;0500 UTC;0;1011,6;1011,8;1011,5;;8,8;6,4;8,9;8,8;6,5;6,2;89;87;88;;;;
2026/07/05;0600 UTC;0;1011,2;1011,5;1010,9;;8,8;6,5;8,9;8,8;6,6;6,4;89;88;88;;;;
2026/07/05;0700 UTC;0;1010,7;1011;1010,4;;9;6,6;9,2;8,9;6,7;6,5;89;87;88;;;;
2026/07/05;0800 UTC;0;1010,1;1010,4;1009,8;;9,1;6,6;9,2;9;6,8;6,5;89;87;88;;;;
2026/07/05;0900 UTC;0;1009,6;1009,9;1009,4;;9,1;6,9;9,2;9;7,1;6,7;90;89;89;;;;
2026/07/05;1000 UTC;0;1009,5;1009,8;1009,3;;9,2;7,1;9,2;9,1;7,2;7;91;89;90;;;;
2026/07/05;1100 UTC;0;1009,8;1010;1009,6;;9,2;7,2;9,3;9,1;7,3;7,1;91;89;90;;;;
2026/07/05;1200 UTC;0;1010,2;1010,3;1009,9;;9,3;7,2;9,4;9,2;7,3;7,1;90;89;90;;;;
2026/07/05;1300 UTC;0;1010,1;1010,2;1009,8;;9,7;7,4;10;9,4;7,6;7,2;90;87;88;;;;
2026/07/05;1400 UTC;0;1010;1010,2;1009,9;;10,4;7,6;11,1;10;8,1;7,3;88;83;86;;;;
2026/07/05;1500 UTC;0;1010;1010,2;1009,8;;11,2;7,9;11,3;11;8,3;7,7;85;82;83;;;;
2026/07/05;1600 UTC;0;1009,2;1009,8;1009;;11,7;8,2;12,3;11,1;8,4;7,8;85;79;82;;;;
2026/07/05;1700 UTC;0;1008,7;1009;1008,3;;12,3;8,3;12,6;12;8,7;8,1;82;79;80;;;;
2026/07/05;1800 UTC;0;1008;1008,2;1007,8;;12,7;8,6;13,1;12,3;8,9;8,2;81;78;79;;;;
2026/07/05;1900 UTC;0;1007,9;1008,1;1007,8;;13,1;8,7;13,3;12,9;9;8,5;80;77;78;;;;
2026/07/05;2000 UTC;0;1008,1;1008,2;1007,9;;12,9;8,8;13;12,8;9;8,5;81;78;79;;;;
2026/07/05;2100 UTC;0;1008,5;1008,7;1008,3;;12,5;8,9;12,7;12,2;9,2;8,6;85;80;82;;;;
2026/07/05;2200 UTC;0;1008,7;1009,1;1008,4;;12;9,3;12,2;11,8;9,5;9;89;84;86;;;;
2026/07/05;2300 UTC;0;1009,4;1009,8;1009;;11,7;9,5;11,8;11,6;9,8;9,2;91;87;89;;;;
2026/07/06;0000 UTC;0;1009,9;1010,2;1009,7;;11,6;9,5;11,6;11,5;9,7;9,4;91;89;90;;;;
2026/07/06;0100 UTC;0;1010,5;1010,7;1010,2;;11,4;9,3;11,5;11,3;9,4;9,2;91;89;90;;;;
2026/07/06;0200 UTC;0;1010,8;1011,2;1010,5;;11,2;9,4;11,3;11;9,6;9,2;92;90;91;;;;
2026/07/06;0300 UTC;0;1011,4;1011,5;1011,1;;10,9;9,1;11;10,6;9,2;9;92;91;91;;;;
2026/07/06;0400 UTC;0;1011,4;1011,6;1011,1;;10,5;9;10,6;10,4;9,1;8,9;93;92;92;;;;
2026/07/06;0500 UTC;0;1011,5;1011,7;1011,4;;10,3;8,9;10,5;10,2;9;8,8;93;92;93;;;;
2026/07/06;0600 UTC;0;1011,6;1011,8;1011,3;;9,6;8,6;10,1;9,2;8,7;8,3;96;93;95;;;;
2026/07/06;0700 UTC;0;1011,7;1011,8;1011,5;;9,4;8,5;9,5;9,2;8,7;8,2;96;95;95;;;;
2026/07/06;0800 UTC;0;1011,5;1011,6;1011,2;;8,9;8,1;9,2;8,6;8,3;7,9;98;95;96;;;;
2026/07/06;0900 UTC;0;1011,2;1011,4;1011;;8,7;7,9;8,7;8,6;8,1;7,7;97;95;96;;;;
2026/07/06;1000 UTC;0;1011,8;1012,2;1011,4;;8,6;7,9;8,7;8,6;8,1;7,3;97;93;96;;;;
2026/07/06;1100 UTC;0;1012,8;1013,4;1012,2;;8,3;7,1;8,7;7,9;7,5;6,2;96;91;94;;;;
2026/07/06;1200 UTC;0;1013,6;1014;1013,3;;8,1;6,2;8,2;7,9;6,5;5,5;93;88;91;;;;
2026/07/06;1300 UTC;0;1014,1;1014,4;1013,9;;8,7;5,4;9,9;7,6;5,8;5;90;76;84;;;;
2026/07/06;1400 UTC;0;1014,4;1014,5;1014,2;;9,8;4,7;11;9,3;5,3;4;79;67;75;;;;
2026/07/06;1500 UTC;0;1014,1;1014,2;1013,9;;11,1;4,2;11,7;10,7;5,3;3,7;68;62;66;;;;
2026/07/06;1600 UTC;0;1013,8;1014;1013,5;;11,3;4,2;12;10,6;4,9;3,5;68;60;65;;;;
2026/07/06;1700 UTC;0;1013,2;1013,7;1012,8;;11,9;4,3;12,7;11,1;4,8;3,6;67;58;62;;;;
2026/07/06;1800 UTC;0;1012,5;1012,8;1012,3;;12,3;4;12,7;12;4,6;3,5;62;55;59;;;;
2026/07/06;1900 UTC;0;1012,3;1012,4;1012,2;;12,4;4;12,7;12,2;4,2;3,6;60;56;58;;;;
2026/07/06;2000 UTC;0;1012,3;1012,4;1012,2;;12,3;3,9;12,7;12;4,3;3,5;60;56;58;;;;
2026/07/06;2100 UTC;0;1012,6;1012,8;1012,4;;11;3,8;12;9,5;4,2;3,4;70;58;64;;;;
2026/07/06;2200 UTC;0;1013,3;1013,6;1012,8;;8,5;3,6;9,8;7,7;3,8;3,1;80;69;75;;;;
2026/07/06;2300 UTC;0;1013,8;1013,9;1013,6;;8,6;3,1;9;8;3,3;2,9;76;71;72;;;;
2026/07/07;0000 UTC;0;1014,1;1014,1;1013,9;;8,4;2,5;8,9;7,9;3;2,1;73;69;71;;;;
2026/07/07;0100 UTC;0;1014,3;1014,4;1014,2;;8,1;1,9;8,3;7,9;2,1;1,7;71;68;69;;;;
2026/07/07;0200 UTC;0;1014,2;1014,3;1014,2;;7;1,9;7,8;5,7;2,4;1,5;84;69;74;;;;
2026/07/07;0300 UTC;0;1014,3;1014,4;1014,1;;5,5;2,3;6,1;5,1;2,7;1,9;86;82;84;;;;
2026/07/07;0400 UTC;0;1014,1;1014,2;1013,9;;4,8;2,9;5,2;4,2;4;2,2;96;86;91;;;;
2026/07/07;0500 UTC;0;1013,9;1014;1013,8;;5,4;3,6;5,9;4,2;4,5;2,8;98;88;91;;;;
2026/07/07;0600 UTC;0;1013,7;1013,8;1013,4;;4,4;3,9;4,9;4,1;4,1;3,5;99;94;98;;;;
2026/07/07;0700 UTC;0;1013,1;1013,4;1013;;3,8;3,8;4,1;3,6;4;3,6;100;99;100;;;;
2026/07/07;0800 UTC;0;1013;1013,1;1012,9;;3,5;3,5;3,8;3,1;3,9;3;100;98;100;;;;
2026/07/07;0900 UTC;0;1013,1;1013,2;1013;;3,6;3,5;3,8;3,4;3,8;3,2;100;98;99;;;;
2026/07/07;1000 UTC;0;1013,5;1013,8;1013,2;;3,4;3,3;3,8;3;3,8;2,9;100;99;100;;;;
2026/07/07;1100 UTC;0;1013,8;1014,1;1013,6;;3,3;3,3;3,5;3;3,5;3;100;100;100;;;;
2026/07/07;1200 UTC;0;1014,1;1014,2;1014,1;;4,5;3,9;5,9;3,2;4,5;3,1;100;91;97;;;;
2026/07/07;1300 UTC;0;1014,1;1014,2;1013,9;;7,5;5;8,8;5,9;5,6;4,1;92;82;87;;;;
2026/07/07;1400 UTC;0;1014,3;1014,4;1014,1;;10,2;5,9;11,4;8,8;6,6;5,2;84;72;79;;;;
2026/07/07;1500 UTC;0;1014,3;1014,5;1014;;12,4;5,9;13,5;11,4;6,5;5,2;75;59;67;;;;
2026/07/07;1600 UTC;0;1013,7;1014;1013,3;;14,3;5,4;14,9;13,4;5,9;4,7;61;52;55;;;;
2026/07/07;1700 UTC;0;1012,6;1013,4;1012;;15,3;5,2;15,9;14,5;5,9;4,5;54;44;49;;;;
2026/07/07;1800 UTC;0;1011,7;1012;1011,3;;16;5;16,5;15,5;5,7;4,5;49;42;45;;;;
2026/07/07;1900 UTC;0;1010,9;1011,3;1010,6;;16,6;5,1;16,9;16,3;5,8;4,4;45;40;42;;;;
2026/07/07;2000 UTC;0;1010,5;1010,7;1010,5;;16,4;5,2;16,8;16;5,6;4,7;47;41;44;;;;
2026/07/07;2100 UTC;0;1010,5;1010,6;1010,4;;14,5;4,9;16,1;12,5;5,6;4,2;59;45;52;;;;
2026/07/07;2200 UTC;0;1010,6;1010,7;1010,4;;10,7;3,9;12,4;9,4;4,2;3,6;72;59;66;;;;
2026/07/07;2300 UTC;0;1010,8;1010,9;1010,6;;9,2;3,7;9,8;8,8;4;3,2;75;70;72;;;;
2026/07/08;0000 UTC;0;1010,9;1011;1010,6;;8,6;3,7;9,8;8,2;4,1;3,4;78;71;75;;;;
2026/07/08;0100 UTC;0;1010,4;1010,6;1010,3;;8,9;4,1;9,6;8,1;4,2;3,9;79;72;76;;;;
2026/07/08;0200 UTC;0;1010,4;1010,6;1010,2;;8;3,7;8,2;7,8;3,9;3,5;79;77;78;;;;
2026/07/08;0300 UTC;0;1010,7;1011;1010,4;;7,8;3,4;8,1;7,3;3,5;3,3;80;77;78;;;;
2026/07/08;0400 UTC;0;1010,5;1010,9;1010,2;;7,7;3,6;8,1;7,2;3,7;3,3;81;78;79;;;;
2026/07/08;0500 UTC;0;1010,1;1010,4;1009,9;;7,3;3,7;7,6;6,8;3,8;3,5;84;80;82;;;;
2026/07/08;0600 UTC;0;1010,1;1010,2;1009,9;;6,2;3,6;6,8;5,7;3,7;3,3;89;84;87;;;;
2026/07/08;0700 UTC;0;1010;1010,1;1009,8;;5,6;3,5;5,8;5,4;3,8;3,2;91;88;89;;;;
2026/07/08;0800 UTC;0;1009,8;1009,9;1009,8;;5,4;3,5;5,8;4,5;3,6;3,2;95;88;90;;;;
2026/07/08;0900 UTC;0;1009,8;1010;1009,6;;3,8;3,1;5;3;4,2;2,2;100;93;97;;;;
2026/07/08;1000 UTC;0;1010,1;1010,4;1009,9;;4,6;3,4;5,2;4,1;3,7;3,2;95;92;94;;;;
2026/07/08;1100 UTC;0;1010,3;1010,5;1010,2;;4,8;3,6;5,3;4,1;3,8;3,3;96;92;94;;;;
2026/07/08;1200 UTC;0;1010,4;1010,6;1010,2;;6,6;4,1;7,8;5,3;4,8;3,6;92;84;88;;;;
2026/07/08;1300 UTC;0;1010,5;1010,6;1010,4;;9,2;5,3;10,7;7,9;5,8;4,5;86;75;80;;;;
2026/07/08;1400 UTC;0;1010,4;1010,6;1010,1;;12,1;6,1;13,7;10,7;7;5,4;76;63;70;;;;
2026/07/08;1500 UTC;0;1009,8;1010,2;1009,4;;14,9;7;16;13,6;7,8;6,3;65;57;61;;;;
2026/07/08;1600 UTC;0;1008,9;1009,4;1008,4;;16,7;7,6;17,7;16;8,3;7;59;50;55;;;;
2026/07/08;1700 UTC;0;1007,8;1008,4;1007,1;;18,3;8,1;18,9;17,5;8,9;7,3;53;46;49;;;;
2026/07/08;1800 UTC;0;1006,6;1007;1006,2;;19,4;8,5;20;18,7;9,3;7,8;49;40;46;;;;
2026/07/08;1900 UTC;0;1006;1006,2;1005,7;;20;8,6;20,3;19,6;9,4;8,1;47;40;43;;;;
2026/07/08;2000 UTC;0;1005,5;1005,8;1005,4;;19,4;8,4;20;18,7;9,3;7,9;50;42;45;;;;
2026/07/08;2100 UTC;0;1005,8;1006,1;1005,4;;17,9;8,4;18,7;16,6;8,8;8;57;49;53;;;;
2026/07/08;2200 UTC;0;1006,3;1006,8;1006;;13,7;7,1;16,5;12,8;7,9;6,5;71;57;67;;;;
2026/07/08;2300 UTC;0;1007,1;1007,2;1006,8;;12,2;6,4;12,9;11,3;7;5,8;75;66;71;;;;
2026/07/09;0000 UTC;0;1006,6;1007,1;1006,3;;12,7;6,1;13,1;12,3;6,4;5,9;70;65;67;;;;
2026/07/09;0100 UTC;0;1006,2;1006,4;1006;;12;5,9;12,5;11,2;6,1;5,7;73;68;70;;;;
2026/07/09;0200 UTC;0;1005,8;1006,1;1005,6;;11,9;5,6;12,1;11,7;5,7;5,5;70;67;68;;;;
2026/07/09;0300 UTC;0;1005,8;1005,9;1005,6;;11,2;5,6;11,7;11;5,8;5,5;73;69;72;;;;
2026/07/09;0400 UTC;0;1006;1006,1;1005,9;;10,9;5,8;11,3;10,4;5,9;5,7;77;72;74;;;;
2026/07/09;0500 UTC;0;1005,7;1005,9;1005,5;;10;5,8;10,5;9,4;5,9;5,6;81;77;79;;;;
2026/07/09;0600 UTC;0;1005,8;1006;1005,7;;8,5;5,5;9,5;7,5;5,7;5,1;89;81;85;;;;
2026/07/09;0700 UTC;0;1005,5;1005,8;1005,3;;7,1;5,2;7,9;6,6;5,5;4,9;93;86;90;;;;
2026/07/09;0800 UTC;0;1005,6;1005,8;1005,4;;6,3;5;6,6;6,1;5,2;4,8;95;92;94;;;;
2026/07/09;0900 UTC;0;1005,7;1005,8;1005,6;;6,2;4,8;6,5;6;5,1;4,4;95;90;93;;;;
2026/07/09;1000 UTC;0;1006;1006,2;1005,8;;6,4;4,8;6,8;5,9;5,2;4,4;94;90;92;;;;
2026/07/09;1100 UTC;0;1006,1;1006,2;1005,9;;7,9;5,7;9,8;6,7;6,4;5,1;93;83;89;;;;
2026/07/09;1200 UTC;0;1006,5;1006,8;1006,2;;10,9;6,5;11,5;9,8;7;6,1;83;74;78;;;;
2026/07/09;1300 UTC;0;1007;1007,1;1006,8;;12,1;7,2;12,9;11,5;7,8;6,8;79;72;75;;;;
2026/07/09;1400 UTC;0;1006,8;1007,1;1006,5;;14;7,8;15,8;12,9;9;7;72;62;69;;;;
2026/07/09;1500 UTC;0;1006,4;1006,6;1006,4;;16,4;8,5;16,9;15,7;8,9;8;64;58;61;;;;
2026/07/09;1600 UTC;0;1006,2;1006,5;1005,9;;17,7;9,4;18,6;16,9;10,1;8,7;61;57;59;;;;
2026/07/09;1700 UTC;0;1005,6;1005,8;1005,3;;18,9;10,4;19,5;18,6;11;9,7;62;53;57;;;;
2026/07/09;1800 UTC;0;1004,8;1005,2;1004,4;;19,3;11,1;20;18,6;11,8;10,6;62;56;59;;;;
2026/07/09;1900 UTC;0;1003,9;1004,4;1003,6;;20,1;11,7;20,8;19,6;12,4;11,2;61;56;58;;;;
2026/07/09;2000 UTC;0;1003,5;1003,6;1003,4;;20,3;12,4;20,8;19,8;13;12;64;56;60;;;;
2026/07/09;2100 UTC;0;1003,3;1003,5;1003,1;;18,1;12,2;20;17;12,6;12;75;61;70;;;;
2026/07/09;2200 UTC;0;1003,4;1003,7;1003;;16,4;11,9;17;15,8;12;11,7;80;75;77;;;;
2026/07/09;2300 UTC;0;1004,2;1004,5;1003,7;;15,9;12;16,2;15,4;12,4;11,8;83;80;81;;;;
2026/07/10;0000 UTC;0;1004,5;1005,1;1004,3;;14,7;11,9;16,1;13,9;12,3;11,7;89;81;86;;;;
2026/07/10;0100 UTC;0;1005,1;1005,3;1004,7;;14,7;12,1;15,2;14;12,3;11,9;90;84;87;;;;
2026/07/10;0200 UTC;0;1005,2;1005,7;1004,7;;14,3;12,1;15,3;13,8;12,2;11,8;92;84;89;;;;
2026/07/10;0300 UTC;0;1005,5;1005,8;1005,1;;14,1;12,2;14,3;13,4;12,4;11,8;93;90;91;;;;
2026/07/10;0400 UTC;0;1005,1;1005,2;1004,9;;13,7;11,9;14;13,3;12,2;11,5;93;89;91;;;;
2026/07/10;0500 UTC;0;1004,4;1004,9;1003,9;;14,1;11,7;15,1;13,3;12;11,6;92;82;88;;;;
2026/07/10;0600 UTC;;;;;;;;;;;;;;;;;;
2026/07/10;0700 UTC;0;1003,5;1003,9;1003,4;;14,7;11,9;15,1;14,1;12,1;11,6;88;84;86;;;;
2026/07/10;0800 UTC;0;1003,6;1003,8;1003,5;;15,5;12,4;16,1;14,8;12,7;12,1;87;83;85;;;;
2026/07/10;0900 UTC;0;1003,5;1003,7;1003,3;;13,3;11,8;14,8;12,6;12,3;11,7;96;87;93;;;;
2026/07/10;1000 UTC;0;1003,5;1003,6;1003,4;;12,8;11,8;13;12,5;11,9;11,6;96;94;95;;;;
2026/07/10;1100 UTC;0;1003,5;1003,8;1003,3;;12,8;11,7;13;12,6;11,8;11,6;96;94;95;;;;
2026/07/10;1200 UTC;0;1003,4;1003,8;1003,1;;13,6;12;14,8;12,9;12,5;11,6;95;88;92;;;;
2026/07/10;1300 UTC;0;1003,4;1003,6;1003,1;;16,5;13;18,2;14,7;13,7;12,4;89;76;82;;;;
2026/07/10;1400 UTC;0;1003,2;1003,5;1003;;19,5;14,1;20,9;18,3;14,8;13,5;77;68;73;;;;
2026/07/10;1500 UTC;0;1002,5;1002,9;1002,1;;21,6;15;22,5;20,9;15,7;14,6;70;64;67;;;;
2026/07/10;1600 UTC;0;1001,6;1002,1;1001,1;;23,2;16;24,1;22,6;16,6;15,3;67;61;64;;;;
2026/07/10;1700 UTC;0;1000,6;1001,2;1000,1;;24,1;16,6;24,6;23,4;17,2;16,1;65;60;62;;;;
2026/07/10;1800 UTC;0;999,7;1000,2;999,4;;25;17;25,3;24,4;17,7;16,6;63;58;60;;;;
2026/07/10;1900 UTC;0;999,3;999,6;999,1;;23,8;16,4;24,8;23,1;17,2;15,9;66;61;63;;;;
2026/07/10;2000 UTC;0;999,4;999,6;999,2;;22,2;15,5;23,3;21,2;16,1;15,1;70;63;66;;;;
2026/07/10;2100 UTC;0;999,7;1000;999,5;;20,5;15,2;21,1;19,9;15,4;15,1;77;71;74;;;;
2026/07/10;2200 UTC;0;1000;1000,1;999,8;;19,2;15,2;19,8;18,5;15,3;15,1;84;77;80;;;;
2026/07/10;2300 UTC;0;1000;1000,1;999,9;;18,1;15,2;18,5;17,8;15,3;15,1;87;84;85;;;;
2026/07/11;0000 UTC;0;1000,5;1000,9;1000;;17,6;15,2;17,7;17,4;15,2;15,1;88;87;88;;;;
2026/07/11;0100 UTC;0;1000,8;1001,1;1000,5;;17,5;15,2;17,7;17,3;15,2;15,1;89;87;88;;;;
2026/07/11;0200 UTC;0;1000,2;1000,5;1000;;17,1;15,3;17,3;17;15,4;15,2;92;89;91;;;;
2026/07/11;0300 UTC;0;1000,1;1000,2;999,9;;17,1;15,4;17,2;17;15,4;15,3;92;91;91;;;;
2026/07/11;0400 UTC;0;999,8;1000;999,6;;16,7;15,4;17,1;16,4;15,5;15,2;95;92;94;;;;
2026/07/11;0500 UTC;0;1000,3;1000,8;999,6;;16;15,2;16,4;15,8;15,4;15;97;94;96;;;;
2026/07/11;0600 UTC;0;1000,6;1000,8;1000,5;;16,1;14,9;16,1;16;15;14,8;95;93;94;;;;
2026/07/11;0700 UTC;0;1000,5;1000,8;1000,2;;15,9;14,6;16,1;15,8;14,8;14,5;94;93;94;;;;
2026/07/11;0800 UTC;0;1000,3;1000,6;1000;;15,8;14,6;15,9;15,7;14,7;14,5;94;94;94;;;;
2026/07/11;0900 UTC;0;1000,5;1000,8;1000;;15,6;14,3;15,7;15,5;14,5;14;94;92;93;;;;
2026/07/11;1000 UTC;0;1001;1001,4;1000,7;;15,3;13,1;15,5;14,8;13,9;12,8;92;87;89;;;;
2026/07/11;1100 UTC;0;1001,8;1002,5;1001,4;;14,5;12,5;14,8;14,2;12,8;12,2;91;89;90;;;;
2026/07/11;1200 UTC;0;1002,8;1003;1002,5;;14,6;12,1;15,3;14,2;12,2;11,8;90;83;87;;;;
2026/07/11;1300 UTC;0;1002,4;1002,9;1002;;15,9;12;16,8;15,4;12,3;11,8;84;76;81;;;;
2026/07/11;1400 UTC;4,6;1002,1;1002,2;1001,3;;19,4;14,6;23,3;7,4;19,7;;80;24;74;;;;
2026/07/11;1500 UTC;0;1003,2;1003,3;1002,1;;19,7;14,2;19,9;18,5;14,9;13,7;76;69;71;;;;
2026/07/11;1600 UTC;0;1003,1;1003,4;1002,8;;20,4;15;20,5;18,7;15,2;14;75;70;71;;;;
2026/07/11;1700 UTC;0;1002,7;1003,1;1002,7;;21,2;14,1;21,3;20,4;15,3;14,1;71;64;64;;;;
2026/07/11;1800 UTC;0;1002,9;1002,9;1002,4;;21,5;13,7;21,7;20,9;15;13,5;67;61;61;;;;
2026/07/11;1900 UTC;0;1003,1;1003,2;1002,8;;21,2;13,3;21,5;21;14,1;13;63;60;61;;;;
2026/07/11;2000 UTC;0;1003,6;1003,6;1003,1;;20,4;13;21,4;20,4;13,9;13;64;60;62;;;;
2026/07/11;2100 UTC;0;1004,2;1004,2;1003,7;;18;13,1;20,4;18;13,1;12,7;73;62;73;;;;
2026/07/11;2200 UTC;0;1004,6;1004,6;1004,2;;15,5;12,7;18;14,9;13,1;12,4;86;73;83;;;;
2026/07/11;2300 UTC;0;1005,2;1005,2;1004,6;;14;12,5;15,7;13,8;12,8;12,2;91;83;91;;;;
2026/07/12;0000 UTC;0;1006;1006;1005,2;;13,9;12,5;14,1;13,8;12,5;12,4;92;90;91;;;;
2026/07/12;0100 UTC;0;1006,2;1006,2;1006;;13,7;12,4;14,1;13,6;12,5;12,4;92;90;92;;;;
2026/07/12;0200 UTC;0;1007,1;1007,1;1006,2;;14,1;12,7;14,2;13,5;12,9;12,4;94;91;91;;;;
2026/07/12;0300 UTC;0;1007,3;1007,3;1007;;13,3;12,3;14,1;13,2;12,6;12,3;94;91;94;;;;
2026/07/12;0400 UTC;0;1007,5;1007,5;1007,3;;13;12,1;13,3;12,7;12,4;11,9;95;94;94;;;;
2026/07/12;0500 UTC;0;1008,1;1008,1;1007,5;;11,3;10,7;13,1;11,3;12,1;10,7;96;92;96;;;;
2026/07/12;0600 UTC;0;1008,2;1008,3;1008;;10,5;10,3;11,2;10,5;10,7;10,3;99;96;99;;;;
2026/07/12;0700 UTC;0;1008,7;1008,7;1008,2;;9,8;9,8;10,5;9,8;10,3;9,8;100;98;100;;;;
2026/07/12;0800 UTC;0;1009,2;1009,2;1008,8;;10,2;10;10,2;9,7;10;9,6;100;99;99;;;;
2026/07/12;0900 UTC;0;1009,5;1009,5;1009,1;;10,6;10,2;10,6;10,2;10,3;10;99;97;97;;;;
2026/07/12;1000 UTC;0;1010,4;1010,4;1009,5;;10,6;9,9;10,7;10,6;10,3;9,9;97;95;95;;;;
2026/07/12;1100 UTC;0;1011,2;1011,2;1010,4;;9,6;9,2;10,6;9,6;9,9;9,2;97;94;97;;;;
2026/07/12;1200 UTC;0;1012;1012;1011,3;;10,2;8,8;10,2;9,7;9,4;8,6;97;90;91;;;;
2026/07/12;1300 UTC;0;1012,8;1012,8;1012;;10,3;7,8;10,3;9,9;8,9;7,6;91;84;85;;;;
2026/07/12;1400 UTC;0;1013,2;1013,2;1012,8;;11,1;7,7;11,3;10,3;8,5;7,3;87;79;80;;;;
2026/07/12;1500 UTC;0;1012,9;1013,3;1012,9;;12,8;8,2;12,8;11,2;8,4;7,5;80;73;73;;;;
2026/07/12;1600 UTC;0;1012,3;1013;1012,2;;13,5;8,1;14;12,5;8,6;7,5;75;68;70;;;;
2026/07/12;1700 UTC;0;1011,9;1012,3;1011,9;;13;7,9;14,3;12,7;8,9;7,5;73;66;71;;;;
2026/07/12;1800 UTC;0;1012,1;1012,1;1011,8;;12,6;7,7;13,6;12,5;8,2;7,3;74;67;72;;;;
2026/07/12;1900 UTC;0;1012;1012,1;1011,9;;13,7;7,4;14,4;12,1;7,9;7,2;72;64;65;;;;
2026/07/12;2000 UTC;0;1012,3;1012,3;1012;;13,6;7,6;14,1;13,4;7,9;7,1;69;63;67;;;;
2026/07/12;2100 UTC;0;1012,8;1012,8;1012,3;;11,7;8;13,6;11,7;8,4;7,6;78;67;78;;;;
2026/07/12;2200 UTC;0;1013,1;1013,2;1012,8;;10,8;8,2;11,6;10;8,3;7,7;86;79;84;;;;
2026/07/12;2300 UTC;0;1013,5;1013,5;1013,1;;11,1;8,6;11,5;10,8;8,6;7,9;84;79;84;;;;
2026/07/13;0000 UTC;;;;;;;;;;;;;;;;;;
2026/07/13;0100 UTC;0;1014;1014;1013,7;;8,9;7,3;10,2;8,9;8,3;7,3;90;87;90;;;;
2026/07/13;0200 UTC;0;1014,3;1014,3;1014;;8,4;6,9;8,9;8,2;7,3;6,8;92;89;90;;;;
2026/07/13;0300 UTC;0;1014,2;1014,3;1014,2;;10;7,7;10;8,4;7,7;7;91;86;86;;;;
2026/07/13;0400 UTC;0;1014,2;1014,3;1014;;10,5;8,4;10,5;9,9;8,5;7,7;89;86;87;;;;
2026/07/13;0500 UTC;0;1013,9;1014,2;1013,9;;10,5;8,3;10,6;10,5;8,6;8,2;87;85;86;;;;
2026/07/13;0600 UTC;0;1013,6;1014;1013,6;;10,5;8,3;10,6;10,4;8,5;7,8;87;83;86;;;;
2026/07/13;0700 UTC;0;1013,8;1013,8;1013,6;;10,3;8,4;10,5;10,3;8,5;8,2;88;86;88;;;;
2026/07/13;0800 UTC;0;1013,6;1013,9;1013,6;;10,4;7,5;10,4;10,2;8,5;7,5;89;82;82;;;;
2026/07/13;0900 UTC;0;1013,6;1013,7;1013,5;;9,8;7,8;10,5;9,8;8,3;7,6;89;82;87;;;;
2026/07/13;1000 UTC;0;1013,7;1013,7;1013,4;;9,4;7,5;9,8;9,4;7,9;7,3;89;86;88;;;;
2026/07/13;1100 UTC;0;1014,2;1014,2;1013,7;;9,3;7,6;9,5;9,3;7,7;7,4;89;87;89;;;;
2026/07/13;1200 UTC;;;;;;;;;;;;;;;;;;
2026/07/13;1300 UTC;0;1015,5;1015,7;1015,5;;10,3;6,9;10,3;9,1;7,2;6,6;85;80;80;;;;
2026/07/13;1400 UTC;0;1015,7;1015,8;1015,5;;10,3;7,1;10,9;10;7,5;6,9;83;77;81;;;;
2026/07/13;1500 UTC;0;1015,4;1015,8;1015,4;;10,8;7,7;10,9;10,3;7,9;7,1;83;79;81;;;;
2026/07/13;1600 UTC;0;1014,3;1015,3;1014,3;;12,4;7,8;12,4;10,8;8,1;7,3;81;72;73;;;;
2026/07/13;1700 UTC;0;1013,1;1014,2;1013,1;;13,2;7,9;13,5;12,2;8,4;7,3;76;66;70;;;;
2026/07/13;1800 UTC;0;1012,2;1013,1;1012,1;;14,4;7,7;15,5;13,2;8,9;7,2;70;61;64;;;;
2026/07/13;1900 UTC;0;1011,9;1012,2;1011,9;;14,6;8,6;15,4;14,5;8,7;7,8;67;61;67;;;;
2026/07/13;2000 UTC;;;;;;;;;;;;;;;;;;
2026/07/13;2100 UTC;0;1011,7;1011,8;1011,5;;12,6;8,5;13,8;12,6;8,7;8,3;76;70;76;;;;
2026/07/13;2200 UTC;0;1012,1;1012,3;1011,7;;10,1;8,4;12,5;10,1;8,6;8,3;89;76;89;;;;
2026/07/13;2300 UTC;0;1012,4;1012,4;1012;;9,4;8;10,1;9,4;8,4;8;91;89;91;;;;
2026/07/14;0000 UTC;0;1012,5;1012,7;1012,4;;8,4;7,6;9,3;8,4;8;7,6;95;91;95;;;;
2026/07/14;0100 UTC;0;1012,5;1012,8;1012,5;;7,7;7,1;8,4;7,7;7,5;7,1;96;94;96;;;;
2026/07/14;0200 UTC;0;1012,2;1012,5;1012,1;;7,1;6,6;7,7;7,1;7,1;6,6;97;96;97;;;;
2026/07/14;0300 UTC;0;1011,9;1012,2;1011,8;;7;6,5;7,2;7;6,9;6,5;98;96;97;;;;
2026/07/14;0400 UTC;0;1011,9;1012;1011,8;;6,8;6,3;7,2;6,7;6,7;6,2;98;95;97;;;;
2026/07/14;0500 UTC;0;1011,6;1011,9;1011,3;;6,3;6;7;6,3;6,5;5,7;99;95;98;;;;
2026/07/14;0600 UTC;0;1010,7;1011,6;1010,7;;6,3;6;6,6;6,1;6,3;5,7;99;96;98;;;;
2026/07/14;0700 UTC;0;1010,4;1010,9;1010,4;;5,4;5,2;6,3;5,4;6;5,2;99;97;99;;;;
2026/07/14;0800 UTC;0;1009,8;1010,4;1009,8;;5,2;5;5,6;5,2;5,5;5;99;98;99;;;;
2026/07/14;0900 UTC;0;1010,1;1010,1;1009,8;;4,4;4,4;5,2;4,4;5;4,3;100;99;100;;;;
2026/07/14;1000 UTC;0;1010;1010,1;1009,8;;4,6;4,6;4,6;4,2;4,6;4,2;100;100;100;;;;
2026/07/14;1100 UTC;0;1010,6;1010,6;1010;;4,4;4,3;4,6;4,1;4,6;4,1;100;99;99;;;;
2026/07/14;1200 UTC;0;1010,6;1010,9;1010,6;;9,2;7,4;9,2;4,5;7,5;4,4;99;88;88;;;;
2026/07/14;1300 UTC;0;1010,9;1010,9;1010,6;;11,7;8,7;11,7;9,3;8,7;7,1;88;80;81;;;;
2026/07/14;1400 UTC;0;1010,5;1010,9;1010,5;;14,8;9,6;14,8;11,8;10,1;8,5;81;71;71;;;;
2026/07/14;1500 UTC;0;1009,7;1010,5;1009,7;;16,5;9,5;16,5;14,5;10,1;9;73;62;63;;;;
2026/07/14;1600 UTC;0;1008,5;1009,7;1008,5;;17,9;10,1;18,2;16,5;10,4;9,2;66;57;60;;;;
2026/07/14;1700 UTC;0;1007,4;1008,4;1007,4;;19,4;9,2;19,7;17,8;10,7;9,2;63;51;51;;;;
2026/07/14;1800 UTC;0;1006,7;1007,4;1006,7;;20,2;9,8;20,3;19,4;10,5;8,8;56;49;51;;;;
2026/07/14;1900 UTC;0;1006,1;1006,7;1006,1;;19,9;10,3;20,3;19,8;10,8;9,1;56;49;54;;;;
2026/07/14;2000 UTC;0;1006;1006,1;1006;;19,2;10,2;20,1;19,2;10,9;9,9;57;53;56;;;;
2026/07/14;2100 UTC;0;1006;1006,1;1006;;16;10,3;19,2;16;10,5;10;69;55;69;;;;
2026/07/14;2200 UTC;0;1006,1;1006,1;1006;;14,5;10;15,8;14,3;10,3;10;75;70;75;;;;
2026/07/14;2300 UTC;0;1006,2;1006,3;1006,1;;13,6;9,9;14,6;13;10,1;9,7;81;75;78;;;;
2026/07/15;0000 UTC;0;1006,2;1006,3;1006,2;;13;9,9;13,6;12,7;9,9;9,7;82;78;81;;;;
2026/07/15;0100 UTC;0;1006,3;1006,3;1006,2;;13,2;10;13,6;12,8;10,1;9,9;83;79;81;;;;
2026/07/15;0200 UTC;0;1005,8;1006,4;1005,8;;13,2;10,1;13,4;13;10,2;10;82;81;82;;;;
2026/07/15;0300 UTC;0;1005,6;1005,8;1005,6;;13;10;13,2;12,7;10,1;10;83;81;82;;;;
2026/07/15;0400 UTC;0;1005,6;1005,7;1005,5;;12,2;9,7;13;12,2;10;9,7;85;82;84;;;;
2026/07/15;0500 UTC;0;1005,7;1005,8;1005,6;;11,2;9,2;12,2;11,2;9,6;9,2;88;84;87;;;;
2026/07/15;0600 UTC;0;1005,3;1005,7;1005,3;;11,1;9,1;11,4;11;9,2;9;88;86;87;;;;
2026/07/15;0700 UTC;0;1005,4;1005,4;1005,3;;11,3;8,9;11,5;11,1;9,1;8,9;88;85;85;;;;
2026/07/15;0800 UTC;0;1005,1;1005,4;1005,1;;10,7;8,6;11,3;10,7;8,9;8,6;87;85;86;;;;
2026/07/15;0900 UTC;0;1005,2;1005,2;1005,1;;9,9;8;10,6;9,8;8,6;8;89;86;88;;;;
2026/07/15;1000 UTC;0;1005,6;1005,6;1005,2;;9,7;7,8;10;9,6;8,1;7,8;89;87;88;;;;
2026/07/15;1100 UTC;0;1005,8;1005,8;1005,6;;10,6;8,2;10,6;9,3;8,2;7,6;90;85;85;;;;
2026/07/15;1200 UTC;0;1005,9;1005,9;1005,8;;13;9,3;13;10,6;9,5;8,1;85;78;78;;;;
2026/07/15;1300 UTC;0;1005,7;1005,9;1005,6;;15,8;10,7;15,8;13,1;10,7;9,2;78;71;72;;;;
2026/07/15;1400 UTC;0;1005,4;1005,8;1005,4;;18;11,2;18;15,9;11,4;10,3;71;64;64;;;;
2026/07/15;1500 UTC;0;1004,6;1005,4;1004,6;;20;11,5;20;18,1;11,9;11;64;57;58;;;;
2026/07/15;1600 UTC;0;1003,6;1004,6;1003,6;;21,6;11,9;21,6;20;12,4;11,4;59;54;54;;;;
2026/07/15;1700 UTC;0;1002,4;1003,6;1002,4;;23;12,7;23;21,5;13;11,9;57;51;52;;;;
2026/07/15;1800 UTC;0;1001,3;1002,4;1001,3;;23,8;13,5;23,9;23;13,5;12,2;54;49;52;;;;
2026/07/15;1900 UTC;0;1000,4;1001,3;1000,4;;23,9;12,8;23,9;23,7;13,7;12,6;53;49;50;;;;
2026/07/15;2000 UTC;0;1000,3;1000,4;1000,3;;23,1;13,1;24;23,1;13,6;12,6;54;49;53;;;;
2026/07/15;2100 UTC;0;1000,5;1000,5;1000,3;;20,3;13,7;23,1;20,3;13,7;13;66;53;66;;;;
2026/07/15;2200 UTC;0;1000,2;1000,5;1000,2;;18,7;13,3;20,2;18,7;13,7;13,2;71;65;71;;;;
2026/07/15;2300 UTC;0;1000,1;1000,2;1000;;18,4;12,8;18,8;18,3;13,3;12,8;71;70;70;;;;
2026/07/16;0000 UTC;0;1000,2;1000,4;1000,1;;17,7;12,5;18,6;17,7;12,9;12,5;72;69;71;;;;
2026/07/16;0100 UTC;0;1000,2;1000,3;1000,2;;17,8;12,3;17,9;17,5;12,5;12,2;72;70;70;;;;
2026/07/16;0200 UTC;0;999,9;1000,2;999,9;;17,7;11,9;17,9;17,7;12,3;11,9;70;69;69;;;;
2026/07/16;0300 UTC;0;1000,1;1000,1;999,7;;17,3;11,8;17,8;17,3;12;11,7;70;68;70;;;;
2026/07/16;0400 UTC;0;1000;1000,3;1000;;17;11,7;17,3;16,7;11,9;11,7;73;70;71;;;;
2026/07/16;0500 UTC;0;1000,6;1000,6;999,9;;17,6;11,3;17,7;17;11,7;11,2;71;66;66;;;;
2026/07/16;0600 UTC;;;;;;;;;;;;;;;;;;
2026/07/16;0700 UTC;0;1000,1;1000,6;1000,1;;16,9;11;17,1;16,5;11,1;11;70;67;69;;;;
2026/07/16;0800 UTC;0;999,8;1000,1;999,8;;17,2;10,8;17,3;16,8;11,1;10,8;69;66;66;;;;
2026/07/16;0900 UTC;0;999,6;999,8;999,5;;16,7;10,9;17,2;16,6;10,9;10,8;69;66;69;;;;
2026/07/16;1000 UTC;0;999,9;999,9;999,6;;17,1;10,9;17,1;16,6;11;10,8;69;67;67;;;;
2026/07/16;1100 UTC;0;1000,3;1000,3;999,9;;16,9;10,9;17,2;16,6;11;10,9;69;67;68;;;;
2026/07/16;1200 UTC;0;1000,4;1000,5;1000,3;;18,6;11,5;18,6;16,9;11,6;10,9;68;63;63;;;;
2026/07/16;1300 UTC;0;1000,3;1000,4;1000,2;;20,3;11,9;20,4;18,5;12,2;11,4;64;58;58;;;;
2026/07/16;1400 UTC;0;999,8;1000,3;999,8;;21,7;13,1;21,7;20,3;13,1;12;60;58;58;;;;
2026/07/16;1500 UTC;0;998,9;999,8;998,9;;24,7;14,4;24,9;21,7;14,4;13;58;51;53;;;;
2026/07/16;1600 UTC;0;997,4;998,8;997,4;;27,6;14,3;27,7;24,6;15,1;14,1;53;43;44;;;;
2026/07/16;1700 UTC;;;;;;;;;;;;;;;;;;
2026/07/16;1800 UTC;0;994,4;995,9;994,4;;30;15;30;29,2;15,3;14,5;42;40;40;;;;
2026/07/16;1900 UTC;0;993,3;994,4;993,3;;30;15,4;30,2;30;15,8;14,7;42;39;41;;;;
2026/07/16;2000 UTC;0;992,7;993,3;992,6;;28,6;15,4;30;28,6;15,8;15,1;45;41;45;;;;
2026/07/16;2100 UTC;0;992,4;992,6;992,3;;27;15,4;28,6;27;15,6;15,2;49;45;49;;;;
2026/07/16;2200 UTC;0;992,7;992,7;992,4;;24,9;15;26,1;24,9;15,3;14,8;54;51;54;;;;
2026/07/16;2300 UTC;0;993,1;993,3;992,8;;23,9;15;24,9;23,9;15,3;15;58;54;58;;;;
2026/07/17;0000 UTC;0;993,2;993,3;993,1;;24,1;15,3;24,2;23,8;15,4;14,9;58;57;58;;;;
2026/07/17;0100 UTC;0;993;993,2;993;;;;;23,9;;15,5;62;59;62;;;;
2026/07/17;0200 UTC;0;993,3;993,3;993,1;;;;;;;42,8;63;61;61;;;;
2026/07/17;0300 UTC;0;993;993,3;993;;;;;;;;62;59;59;;;;
2026/07/17;0400 UTC;0;993;993,2;992,9;;;;;;;;62;59;62;;;;
2026/07/17;0500 UTC;0;992,7;993,1;992,7;;;;;;;;64;61;64;;;;
2026/07/17;0600 UTC;0;992,4;992,8;992,3;;;;;;;;66;60;60;;;;
2026/07/17;0700 UTC;0;991,8;992,4;991,8;;;;;;;;60;57;59;;;;
2026/07/17;0800 UTC;0;991,4;991,8;991,2;;;;;;;;61;59;61;;;;
2026/07/17;0900 UTC;0;991,5;991,6;991,3;;;;;;;;64;61;63;;;;
2026/07/17;1000 UTC;0;991,5;991,7;991,5;;;;;;;;66;63;64;;;;
2026/07/17;1100 UTC;0;991,6;991,7;991,5;;;;;;;;70;64;69;;;;
2026/07/17;1200 UTC;0;991,6;991,7;991,5;;;;;;;;69;62;62;;;;
2026/07/17;1300 UTC;0;991,8;991,8;991,6;;;;;;;;62;58;59;;;;
2026/07/17;1400 UTC;0;991,8;992;991,7;;;;;;;;58;54;55;;;;
2026/07/17;1500 UTC;0;990,9;991,9;990,9;;;;;;;;54;51;51;;;;
2026/07/17;1600 UTC;0;990;990,8;990;;;;;;;;52;49;50;;;;
2026/07/17;1700 UTC;0;988,9;989,9;988,9;;;;;;;;52;50;52;;;;
2026/07/17;1800 UTC;0;988,5;988,9;988,3;;;;;;;;54;51;53;;;;
2026/07/17;1900 UTC;0;988,1;988,5;988,1;;;;;;;;54;52;53;;;;
2026/07/17;2000 UTC;0;988,3;988,3;988,1;;;;;;;;55;53;55;;;;
2026/07/17;2100 UTC;0;988,9;988,9;988,3;;;;;;;;61;55;61;;;;
2026/07/17;2200 UTC;0;989;989,1;988,9;;;;;;;;66;61;65;;;;
2026/07/17;2300 UTC;0;989,9;989,9;989;;;;;;;;71;65;71;;;;
2026/07/18;0000 UTC;0;990,7;990,7;989,9;;;;;;;;73;71;71;;;;
2026/07/18;0100 UTC;0;991,2;991,2;990,8;;;;;;;;76;71;76;;;;
2026/07/18;0200 UTC;0;992;992;991,3;;;;;;;;79;75;77;;;;
2026/07/18;0300 UTC;0;992,1;992,1;992;;;;;;;;77;75;76;;;;
2026/07/18;0400 UTC;0;992;992,2;992;;;;;;;;78;76;76;;;;
2026/07/18;0500 UTC;0;991,3;992;991,3;;;;;;;;76;72;72;;;;
2026/07/18;0600 UTC;0;990,7;991,2;990,7;;;;;;;;73;70;70;;;;
2026/07/18;0700 UTC;0;990,2;990,7;990,2;;;;;;;;71;70;71;;;;
2026/07/18;0800 UTC;0;990,1;990,2;989,9;;;;;;;;71;70;71;;;;
2026/07/18;0900 UTC;0;990,2;990,2;990;;;;;;;;73;71;72;;;;
2026/07/18;1000 UTC;0;990,9;990,9;990,1;;;;;;;;73;72;72;;;;
2026/07/18;1100 UTC;0;991,4;991,4;990,9;;;;;;;;73;72;72;;;;
2026/07/18;1200 UTC;0;991,8;991,8;991,2;;;;;;;;72;68;68;;;;
2026/07/18;1300 UTC;0;991,7;991,9;991,6;;;;;;;;68;64;64;;;;
2026/07/18;1400 UTC;0;991,8;991,9;991,7;;;;;;;;65;60;61;;;;
2026/07/18;1500 UTC;0;991;991,7;991;;;;;;;;62;57;58;;;;
2026/07/18;1600 UTC;0;990;991;990;;;;;;;;59;56;57;;;;
2026/07/18;1700 UTC;0;989,2;990;989,1;;;;;;;;59;57;57;;;;
2026/07/18;1800 UTC;0;988,9;989,2;988,7;;;;;;;;60;57;57;;;;
2026/07/18;1900 UTC;0;988,3;988,9;988,3;;;;;;;;61;55;61;;;;
2026/07/18;2000 UTC;0;989;989;988,3;;;;;;;;63;60;63;;;;
2026/07/18;2100 UTC;0;989,3;989,3;989;;;;;;;;68;62;67;;;;
2026/07/18;2200 UTC;0;990;990;989,3;;;;;;;;73;68;72;;;;
2026/07/18;2300 UTC;0;991,1;991,1;990;;;;;;;;75;72;72;;;;
2026/07/19;0000 UTC;0;991,2;991,3;991;;;;;;;;74;71;73;;;;
2026/07/19;0100 UTC;0;991,2;991,2;991,1;;;;;;;;77;72;77;;;;
2026/07/19;0200 UTC;0;991;991,2;991;;;;;;;;78;71;72;;;;
2026/07/19;0300 UTC;0;990,7;991,1;990,6;;;;;;;;72;69;69;;;;
2026/07/19;0400 UTC;0;990,2;990,8;990;;;;;;;;70;68;69;;;;
2026/07/19;0500 UTC;0;989,3;990,3;989,3;;;;;;;;70;67;67;;;;
2026/07/19;0600 UTC;0;988,7;989,3;988,7;;;;;;;;67;66;67;;;;
2026/07/19;0700 UTC;0;988,4;988,7;988,4;;;;;;;;62;62;62;;;;
2026/07/19;0800 UTC;0;989,1;989,1;988,2;;;;;;;;62;60;61;;;;
2026/07/19;0900 UTC;0;989,5;989,5;989;;;;;;;;64;61;63;;;;
2026/07/19;1000 UTC;0;989,9;990;989,3;;;;;;;;66;63;65;;;;
2026/07/19;1100 UTC;0;991,9;991,9;989,8;;;;;;;;70;64;70;;;;
2026/07/19;1200 UTC;0;992,4;993;992,1;;;;;;;;88;70;88;;;;
2026/07/19;1300 UTC;0;993,2;993,5;992,4;;;;;;;;94;87;93;;;;
2026/07/19;1400 UTC;,2;992,1;993,4;991,9;;;;;;;;94;92;93;;;;
2026/07/19;1500 UTC;2,2;991,2;992,6;991,1;;;;;;;;98;92;97;;;;
2026/07/19;1600 UTC;,2;989,7;991,3;989,7;;;;;;;;96;86;89;;;;
2026/07/19;1700 UTC;0;989,3;989,7;988,6;;;;;;;;90;72;72;;;;
2026/07/19;1800 UTC;11,5;990,3;990,6;989;;;;;;;;99;77;99;;;;
2026/07/19;1900 UTC;26,3;990,5;990,9;989,7;;;;;;;;100;99;100;;;;
2026/07/19;2000 UTC;5;990,5;991;990,2;;;;;;;;100;100;100;;;;
2026/07/19;2100 UTC;0;991,2;991,3;990,5;;;;;;;;100;99;99;;;;
2026/07/19;2200 UTC;0;992,3;992,3;991,2;;;;;;;;100;99;100;;;;
2026/07/19;2300 UTC;0;993,5;993,6;992,4;;;;;;;;100;100;100;;;;
2026/07/20;0000 UTC;0;994,2;994,3;993,5;;;;;;;;100;100;100;;;;
2026/07/20;0100 UTC;0;994;994,4;993,9;;;;;;;;100;100;100;;;;
2026/07/20;0200 UTC;0;994,4;994,6;994;;;;;;;;100;100;100;;;;
2026/07/20;0300 UTC;0;995,2;995,2;994,4;;;;;;;;100;100;100;;;;
2026/07/20;0400 UTC;0;994,5;995,3;994,5;;;;;;;;100;100;100;;;;
2026/07/20;0500 UTC;0;994,7;995,1;994,4;;;;;;;;100;100;100;;;;
2026/07/20;0600 UTC;2,8;993,9;995,2;993,9;;;;;;;;100;100;100;;;;
2026/07/20;0700 UTC;,2;993;993,8;992,9;;;;;;;;100;100;100;;;;
2026/07/20;0800 UTC;0;992,9;993,7;992,5;;;;;;;;100;100;100;;;;
2026/07/20;0900 UTC;,6;992,5;993,2;989,8;;;;;;;;100;98;99;;;;
2026/07/20;1000 UTC;0;993,5;993,5;992,1;;;;;;;;100;99;100;;;;
2026/07/20;1100 UTC;,2;993,9;993,9;993,2;;;;;;;;100;100;100;;;;
2026/07/20;1200 UTC;0;994,8;994,8;993,8;;;;;;;;100;99;99;;;;
2026/07/20;1300 UTC;0;994,5;994,8;994,5;;;;;;;;99;92;92;;;;
2026/07/20;1400 UTC;0;994,4;994,8;994,4;;;;;;;;94;84;85;;;;
2026/07/20;1500 UTC;0;994,7;994,8;994,5;;;;;;;;89;85;89;;;;
2026/07/20;1600 UTC;0;994,4;994,7;994,4;;;;;;;;93;87;93;;;;
2026/07/20;1700 UTC;0;994,6;994,6;994,4;;;;;;;;99;93;98;;;;
2026/07/20;1800 UTC;;;;;;;;;;;;;;;;;;
2026/07/20;1900 UTC;0;995,1;995,3;995,1;;;;;;;;99;98;98;;;;
2026/07/20;2000 UTC;0;995,8;995,8;995,1;;;;;;;;98;96;97;;;;
2026/07/20;2100 UTC;0;996,1;996,2;995,6;;;;;;;;97;95;96;;;;
2026/07/20;2200 UTC;0;996,7;996,7;996;;;;;;;;96;94;96;;;;
2026/07/20;2300 UTC;0;996,9;997,1;996,5;;;;;;;;97;96;97;;;;
2026/07/21;0000 UTC;0;997,9;998;996,8;;;;;;;;98;96;97;;;;
2026/07/21;0100 UTC;0;998,3;998,4;997,8;;;;;;;;97;96;96;;;;
2026/07/21;0200 UTC;0;998,4;998,6;998,3;;;;;;;;99;96;99;;;;
2026/07/21;0300 UTC;0;999;999,1;998,4;;;;;;;;99;96;96;;;;
2026/07/21;0400 UTC;0;999,5;999,5;998,9;;;;;;;;99;96;97;;;;
2026/07/21;0500 UTC;0;999,5;999,5;999;;;;;;;;100;97;97;;;;
2026/07/21;0600 UTC;0;999,1;999,7;999,1;;;;;;;;100;97;100;;;;
2026/07/21;0700 UTC;0;998,3;999,2;998,3;;;;;;;;100;98;100;;;;
2026/07/21;0800 UTC;0;997,7;998,5;997,5;;;;;;;;100;99;100;;;;
2026/07/21;0900 UTC;0;998,2;998,2;997,3;;;;;;;;100;100;100;;;;
2026/07/21;1000 UTC;0;1000,3;1000,3;998,2;;;;;;;;100;100;100;;;;
2026/07/21;1100 UTC;1,4;997,6;1002,3;997,5;;;;;;;;100;100;100;;;;
2026/07/21;1200 UTC;1,2;998,7;998,7;997,6;;;;;;;;100;100;100;;;;
2026/07/21;1300 UTC;1,4;998,8;999,4;998,3;;;;;;;;100;99;99;;;;
2026/07/21;1400 UTC;0;998,8;998,9;996,6;;;;;;;;100;98;99;;;;
2026/07/21;1500 UTC;,4;998,5;1000,7;998,3;;;;;;;;100;99;100;;;;
2026/07/21;1600 UTC;,6;997,7;999,2;997,6;;;;;;;;100;99;99;;;;
2026/07/21;1700 UTC;0;996,9;998;996,9;;;;;;;;99;97;98;;;;
2026/07/21;1800 UTC;0;996,5;996,8;996,3;;;;;;;;98;94;94;;;;
2026/07/21;1900 UTC;0;997,1;997,1;996,4;;;;;;;;96;92;94;;;;
2026/07/21;2000 UTC;0;997,2;997,5;997,1;;;;;;;;96;93;94;;;;
2026/07/21;2100 UTC;0;997,5;997,6;997;;;;;;;;96;93;96;;;;
2026/07/21;2200 UTC;0;997;997,7;997;;;;;;;;96;94;95;;;;
2026/07/21;2300 UTC;0;997,9;997,9;996,9;;;;;;;;98;95;98;;;;
2026/07/22;0000 UTC;;;;;;;;;;;;;;;;;;
2026/07/22;0100 UTC;0;1000,3;1000,3;999,5;;;;;;;;94;93;94;;;;
2026/07/22;0200 UTC;0;999,6;1000,3;999,6;;;;;;;;95;91;93;;;;
2026/07/22;0300 UTC;0;999,9;999,9;999,6;;;;;;;;97;93;97;;;;
2026/07/22;0400 UTC;0;1000,2;1000,4;999,7;;;;;;;;98;92;93;;;;
2026/07/22;0500 UTC;0;1001,1;1001,2;1000,2;;;;;;;;100;93;98;;;;
2026/07/22;0600 UTC;0;1000,2;1001,1;1000,1;;;;;;;;100;96;98;;;;
2026/07/22;0700 UTC;0;1000,5;1000,5;999,9;;;;;;;;98;97;97;;;;
2026/07/22;0800 UTC;0;1000,2;1000,9;1000;;;;;;;;99;97;98;;;;
2026/07/22;0900 UTC;0;1000,9;1000,9;1000,1;;;;;;;;99;97;97;;;;
2026/07/22;1000 UTC;0;1001,5;1001,8;1000,9;;;;;;;;99;97;98;;;;
2026/07/22;1100 UTC;0;1002,4;1002,5;1001,5;;;;;;;;99;98;98;;;;
2026/07/22;1200 UTC;,2;1003,7;1003,7;1002,5;;;;;;;;100;98;100;;;;
2026/07/22;1300 UTC;0;1003,9;1004,1;1003,7;;;;;;;;100;97;97;;;;
2026/07/22;1400 UTC;0;1003,7;1004,1;1003,7;;;;;;;;98;90;94;;;;
2026/07/22;1500 UTC;0;1003,5;1004;1003,5;;;;;;;;95;86;91;;;;
2026/07/22;1600 UTC;0;1002,9;1003,5;1002,9;;;;;;;;95;82;89;;;;
2026/07/22;1700 UTC;0;1003,2;1003,2;1002,9;;;;;;;;92;83;85;;;;
2026/07/22;1800 UTC;0;1003,2;1003,2;1002,8;;;;;;;;87;80;85;;;;
2026/07/22;1900 UTC;0;1003,7;1003,9;1003,1;;;;;;;;94;84;93;;;;
2026/07/22;2000 UTC;0;1004;1004;1003,6;;;;;;;;93;89;91;;;;
2026/07/22;2100 UTC;0;1004,9;1004,9;1004;;;;;;;;94;90;94;;;;
2026/07/22;2200 UTC;0;1005,4;1005,4;1004,9;;;;;;;;95;92;94;;;;
2026/07/22;2300 UTC;0;1006,3;1006,3;1005,5;;;;;;;;95;92;93;;;;
2026/07/23;0000 UTC;0;1007;1007;1006,2;;;;;;;;94;88;88;;;;
2026/07/23;0100 UTC;0;1007,2;1007,4;1007,1;;;;;;;;88;84;85;;;;
2026/07/23;0200 UTC;0;1008;1008;1007,2;;;;;;;;95;85;95;;;;
2026/07/23;0300 UTC;0;1008,5;1008,7;1007,9;;;;;;;;98;92;94;;;;
2026/07/23;0400 UTC;0;1008,6;1008,6;1008,3;;;;;;;;96;91;93;;;;
2026/07/23;0500 UTC;0;1008,9;1008,9;1008,5;;;;;;;;99;92;97;;;;
2026/07/23;0600 UTC;0;1008,9;1009,1;1008,7;;;;;;;;97;96;96;;;;
2026/07/23;0700 UTC;0;1008,8;1009,1;1008,8;;;;;;;;96;95;96;;;;
2026/07/23;0800 UTC;0;1008,5;1008,8;1008,4;;;;;;;;97;94;96;;;;
2026/07/23;0900 UTC;;;;;;;;;;;;;;;;;;
2026/07/23;1000 UTC;0;1008,8;1008,8;1008,3;;;;;;;;96;95;96;;;;
2026/07/23;1100 UTC;0;1009,5;1009,5;1008,8;;;;;;;;97;95;95;;;;
2026/07/23;1200 UTC;0;1009,7;1009,7;1009,5;;;;;;;;96;93;94;;;;
2026/07/23;1300 UTC;0;1009,7;1009,7;1009,6;;;;;;;;94;86;87;;;;
2026/07/23;1400 UTC;0;1009,6;1009,7;1009,6;;;;;;;;88;84;87;;;;
2026/07/23;1500 UTC;0;1009;1009,7;1009;;;;;;;;87;80;82;;;;
2026/07/23;1600 UTC;0;1008,6;1009;1008,5;;;;;;;;82;77;78;;;;
2026/07/23;1700 UTC;0;1007,8;1008,6;1007,8;;;;;;;;80;72;72;;;;
2026/07/23;1800 UTC;0;1007,1;1007,9;1007,1;;;;;;;;76;72;73;;;;
2026/07/23;1900 UTC;0;1006,9;1007,1;1006,8;;;;;;;;79;72;79;;;;
2026/07/23;2000 UTC;0;1007,1;1007,1;1006,8;;;;;;;;84;78;84;;;;
2026/07/23;2100 UTC;0;1007,4;1007,5;1007,1;;;;;;;;86;84;85;;;;
2026/07/23;2200 UTC;;;;;;;;;;;;;;;;;;
2026/07/23;2300 UTC;0;1007,5;1007,6;1007,2;;;;;;;;91;89;90;;;;
2026/07/24;0000 UTC;0;1007,6;1007,6;1007,3;;;;;;;;91;90;91;;;;
2026/07/24;0100 UTC;0;1007,6;1007,7;1007,6;;;;;;;;91;90;90;;;;
2026/07/24;0200 UTC;0;1007,8;1007,9;1007,6;;;;;;;;91;90;91;;;;
2026/07/24;0300 UTC;0;1007,7;1007,8;1007,6;;;;;;;;93;91;93;;;;
2026/07/24;0400 UTC;0;1007,2;1007,7;1007,1;;;;;;;;94;92;94;;;;
2026/07/24;0500 UTC;0;1006,7;1007,2;1006,7;;;;;;;;95;94;95;;;;
2026/07/24;0600 UTC;0;1006,4;1006,7;1006,1;;;;;;;;97;95;97;;;;
2026/07/24;0700 UTC;0;1005,9;1006,4;1005,9;;;;;;;;99;97;99;;;;
2026/07/24;0800 UTC;0;1006;1006;1005,7;;;;;;;;100;99;100;;;;
2026/07/24;0900 UTC;;;;;;;;;;;;;;;;;;
2026/07/24;1000 UTC;0;1006,8;1006,9;1006;;;;;;;;100;100;100;;;;
2026/07/24;1100 UTC;0;1007,2;1007,2;1006,8;;;;;;;;100;100;100;;;;
2026/07/24;1200 UTC;0;1007,9;1008,1;1007,3;;;;;;;;100;100;100;;;;
2026/07/24;1300 UTC;0;1008,4;1008,4;1007,9;;;;;;;;100;90;91;;;;
2026/07/24;1400 UTC;0;1007,7;1008,5;1007,7;;;;;;;;92;88;90;;;;
2026/07/24;1500 UTC;0;1007,9;1008,1;1007,5;;;;;;;;92;81;85;;;;
2026/07/24;1600 UTC;0;1007,3;1007,9;1007,2;;;;;;;;87;76;76;;;;
2026/07/24;1700 UTC;0;1006,4;1007,4;1006,2;;;;;;;;82;77;78;;;;
2026/07/24;1800 UTC;0;1006,3;1006,4;1006,3;;;;;;;;81;75;78;;;;
2026/07/24;1900 UTC;0;1005,6;1006,5;1005,6;;;;;;;;81;77;79;;;;
2026/07/24;2000 UTC;0;1005,7;1005,8;1005,5;;;;;;;;84;80;84;;;;
2026/07/24;2100 UTC;0;1006,3;1006,4;1005,8;;;;;;;;87;82;86;;;;
2026/07/24;2200 UTC;0;1007,2;1007,2;1006,4;;;;;;;;90;86;88;;;;
2026/07/24;2300 UTC;0;1007,3;1007,5;1007,2;;;;;;;;90;88;89;;;;
2026/07/25;0000 UTC;0;1007,9;1007,9;1007,3;;;;;;;;92;89;92;;;;
2026/07/25;0100 UTC;0;1008;1008,1;1007,9;;;;;;;;96;92;96;;;;
2026/07/25;0200 UTC;0;1008,4;1008,4;1008;;;;;;;;99;96;99;;;;
2026/07/25;0300 UTC;0;1008,2;1008,6;1008,2;;;;;;;;100;97;99;;;;
2026/07/25;0400 UTC;0;1007,9;1008,6;1007,9;;;;;;;;100;98;100;;;;
2026/07/25;0500 UTC;0;1007,5;1008,1;1007,5;;;;;;;;100;100;100;;;;
2026/07/25;0600 UTC;0;1007,1;1007,5;1007,1;;;;;;;;100;99;100;;;;
2026/07/25;0700 UTC;0;1006,8;1007,2;1006,8;;;;;;;;100;100;100;;;;
2026/07/25;0800 UTC;0;1006,5;1006,8;1006,2;;;;;;;;100;100;100;;;;
2026/07/25;0900 UTC;;;;;;;;;;;;;;;;;;
2026/07/25;1000 UTC;0;1007,5;1007,5;1006,5;;;;;;;;100;100;100;;;;
2026/07/25;1100 UTC;0;1007,3;1007,6;1007,3;;;;;;;;100;100;100;;;;
2026/07/25;1200 UTC;0;1007;1007,7;1007;;;;;;;;100;100;100;;;;
2026/07/25;1300 UTC;0;1007,7;1007,7;1006,9;;;;;;;;100;100;100;;;;
2026/07/25;1400 UTC;0;1007,7;1007,9;1007,5;;;;;;;;100;98;99;;;;
2026/07/25;1500 UTC;0;1007,7;1007,7;1007,6;;;;;;;;99;96;97;;;;
2026/07/25;1600 UTC;0;1007;1007,8;1006,9;;;;;;;;98;92;93;;;;
2026/07/25;1700 UTC;0;1005,7;1007;1005,6;;;;;;;;94;88;89;;;;
2026/07/25;1800 UTC;0;1005,1;1005,7;1004,9;;;;;;;;90;86;88;;;;
2026/07/25;1900 UTC;0;1005;1005,1;1004,8;;;;;;;;91;87;90;;;;
2026/07/25;2000 UTC;0;1004,9;1005,3;1004,9;;;;;;;;92;89;89;;;;
2026/07/25;2100 UTC;0;1005,4;1005,4;1004,8;;;;;;;;93;88;93;;;;
2026/07/25;2200 UTC;0;1005,5;1005,7;1005,4;;;;;;;;95;93;95;;;;
2026/07/25;2300 UTC;0;1005,4;1005,5;1005,2;;;;;;;;96;95;96;;;;
2026/07/26;0000 UTC;0;1005,5;1005,5;1005,3;;;;;;;;99;95;99;;;;
2026/07/26;0100 UTC;0;1005,5;1005,7;1005,5;;;;;;;;100;98;100;;;;
2026/07/26;0200 UTC;0;1005,5;1005,6;1005,5;;;;;;;;100;100;100;;;;
2026/07/26;0300 UTC;0;1005,1;1005,4;1004,9;;;;;;;;100;100;100;;;;
2026/07/26;0400 UTC;0;1004,6;1005,1;1004,6;;;;;;;;100;100;100;;;;
2026/07/26;0500 UTC;0;1004,9;1005,1;1004,6;;;;;;;;100;100;100;;;;
2026/07/26;0600 UTC;0;1004,9;1005;1004,7;;;;;;;;100;100;100;;;;
2026/07/26;0700 UTC;0;1004,9;1005;1004,8;;;;;;;;100;100;100;;;;
2026/07/26;0800 UTC;0;1004,5;1004,8;1004,3;;;;;;;;100;100;100;;;;
2026/07/26;0900 UTC;0;1004,7;1004,7;1004,5;;;;;;;;100;100;100;;;;
2026/07/26;1000 UTC;0;1005;1005;1004,7;;;;;;;;100;100;100;;;;
2026/07/26;1100 UTC;,4;1005,7;1005,7;1005;;;;;;;;100;100;100;;;;
2026/07/26;1200 UTC;,6;1006,5;1006,5;1005,7;;;;;;;;100;100;100;;;;
2026/07/26;1300 UTC;0;1006,8;1006,8;1006,3;;;;;;;;100;96;96;;;;
2026/07/26;1400 UTC;0;1006,5;1006,8;1006,2;;;;;;;;97;94;94;;;;
2026/07/26;1500 UTC;0;1006,4;1006,5;1006,3;;;;;;;;97;94;96;;;;
2026/07/26;1600 UTC;0;1005,3;1006,4;1005,3;;;;;;;;97;83;83;;;;
2026/07/26;1700 UTC;0;1004,2;1005,3;1004,2;;;;;;;;85;72;77;;;;
2026/07/26;1800 UTC;0;1003,7;1004,2;1003,7;;;;;;;;80;66;72;;;;
2026/07/26;1900 UTC;;;;;;;;;;;;;;;;;;
2026/07/26;2000 UTC;;;;;;;;;;;;;;;;;;
2026/07/26;2100 UTC;0;1003,6;1003,7;1003,1;;;;;;;;84;70;82;;;;
2026/07/26;2200 UTC;0;1003,6;1003,9;1003,6;;;;;;;;90;83;89;;;;
2026/07/26;2300 UTC;0;1004;1004;1003,6;;;;;;;;94;89;93;;;;
2026/07/27;0000 UTC;0;1004,3;1004,4;1004;;;;;;;;94;93;93;;;;
2026/07/27;0100 UTC;0;1004,2;1004,2;1004;;;;;;;;98;93;98;;;;
2026/07/27;0200 UTC;0;1003,5;1004,2;1003,5;;;;;;;;98;95;95;;;;
2026/07/27;0300 UTC;0;1003,8;1004;1003,5;;;;;;;;100;95;98;;;;
2026/07/27;0400 UTC;0;1003,4;1003,8;1003,2;;;;;;;;100;98;98;;;;
2026/07/27;0500 UTC;0;1003,1;1003,5;1003,1;;;;;;;;98;94;98;;;;
2026/07/27;0600 UTC;0;1002,5;1003,1;1002,5;;;;;;;;98;96;97;;;;
2026/07/27;0700 UTC;0;1001,8;1002,6;1001,8;;;;;;;;99;97;99;;;;
2026/07/27;0800 UTC;0;1001,1;1001,8;1001,1;;;;;;;;99;94;94;;;;
2026/07/27;0900 UTC;;;;;;;;;;;;;;;;;;
2026/07/27;1000 UTC;0;1000,7;1000,8;1000,4;;;;;;;;97;94;96;;;;
2026/07/27;1100 UTC;0;1000,8;1000,8;1000,5;;;;;;;;97;96;96;;;;
2026/07/27;1200 UTC;0;1000,6;1001,2;1000,6;;;;;;;;97;94;95;;;;
2026/07/27;1300 UTC;0;999,7;1000,8;999,5;;;;;;;;95;94;95;;;;
2026/07/27;1400 UTC;0;999,3;999,9;999,3;;;;;;;;95;94;94;;;;
2026/07/27;1500 UTC;,2;998,6;999,7;998,4;;;;;;;;95;94;94;;;;
2026/07/27;1600 UTC;9,8;998,6;1000,9;998,6;;;;;;;;100;95;100;;;;
2026/07/27;1700 UTC;,2;998,2;999,6;998,2;;;;;;;;99;97;97;;;;
2026/07/27;1800 UTC;0;997,5;998,2;997,5;;;;;;;;98;82;82;;;;
2026/07/27;1900 UTC;0;996,6;997,4;996,5;;;;;;;;85;79;82;;;;
2026/07/27;2000 UTC;0;996,1;996,6;996,1;;;;;;;;84;80;83;;;;
2026/07/27;2100 UTC;0;996,1;996,3;996;;;;;;;;90;83;90;;;;
2026/07/27;2200 UTC;0;996,1;996,2;996;;;;;;;;94;90;94;;;;
2026/07/27;2300 UTC;0;996,2;996,4;996;;;;;;;;94;92;92;;;;
2026/07/28;0000 UTC;0;996,2;996,9;996,1;;;;;;;;94;92;93;;;;
2026/07/28;0100 UTC;0;995,6;996,7;995,6;;;;;;;;94;91;91;;;;
2026/07/28;0200 UTC;0;996,1;996,1;995,6;;;;;;;;92;91;91;;;;
2026/07/28;0300 UTC;0;996,5;996,8;996,1;;;;;;;;96;92;96;;;;
2026/07/28;0400 UTC;0;996,5;996,6;996,4;;;;;;;;98;95;98;;;;
2026/07/28;0500 UTC;0;996,6;996,7;996,3;;;;;;;;98;93;93;;;;
2026/07/28;0600 UTC;0;996;996,6;995,9;;;;;;;;98;91;98;;;;
2026/07/28;0700 UTC;0;996,4;996,4;996,1;;;;;;;;98;95;96;;;;
2026/07/28;0800 UTC;0;996,4;996,5;996,4;;;;;;;;97;94;94;;;;
2026/07/28;0900 UTC;0;996;996,7;996;;;;;;;;99;94;99;;;;
2026/07/28;1000 UTC;0;997,3;997,3;995;;;;;;;;100;98;98;;;;
2026/07/28;1100 UTC;5;998;998,2;997;;;;;;;;99;96;99;;;;
2026/07/28;1200 UTC;,4;998;998,1;997,4;;;;;;;;99;96;98;;;;
2026/07/28;1300 UTC;2,4;998,3;998,4;997,8;;;;;;;;99;93;94;;;;
2026/07/28;1400 UTC;0;998,1;998,4;998,1;;;;;;;;94;75;76;;;;
2026/07/28;1500 UTC;0;997,3;998,2;997,3;;;;;;;;82;72;76;;;;
2026/07/28;1600 UTC;0;996,3;997,4;996,3;;;;;;;;81;69;71;;;;
2026/07/28;1700 UTC;0;994,8;996,3;994,8;;;;;;;;74;65;69;;;;
2026/07/28;1800 UTC;;;;;;;;;;;;;;;;;;
2026/07/28;1900 UTC;0;993,2;993,9;993,2;;;;;;;;74;67;72;;;;
2026/07/28;2000 UTC;0;992,4;993,2;992,4;;;;;;;;78;72;78;;;;
2026/07/28;2100 UTC;0;990,5;992,4;990,4;;;;;;;;82;78;82;;;;
2026/07/28;2200 UTC;12,7;992;993,3;988,6;;;;;;;;99;82;97;;;;
2026/07/28;2300 UTC;37,4;994,2;996;990,1;;;;;;;;100;91;99;;;;
2026/07/29;0000 UTC;8,2;995,5;995,6;993,9;;;;;;;;100;97;97;;;;
2026/07/29;0100 UTC;,6;996,5;996,5;995,3;;;;;;;;99;95;95;;;;
2026/07/29;0200 UTC;1;998,9;999;996,3;;;;;;;;97;93;96;;;;
2026/07/29;0300 UTC;,2;999;999,7;998,6;;;;;;;;96;88;89;;;;
2026/07/29;0400 UTC;0;998,6;999,5;997,5;;;;;;;;89;86;87;;;;
2026/07/29;0500 UTC;0;998,1;998,7;997,9;;;;;;;;88;86;87;;;;
2026/07/29;0600 UTC;2,4;1001,4;1003,8;997,7;;;;;;;;94;87;94;;;;
2026/07/29;0700 UTC;1,6;999,1;1001,5;999,1;;;;;;;;97;92;93;;;;
2026/07/29;0800 UTC;0;998,6;999,1;998,6;;;;;;;;94;92;92;;;;
2026/07/29;0900 UTC;0;999;999;998,7;;;;;;;;96;92;96;;;;
2026/07/29;1000 UTC;0;1000,9;1000,9;999;;;;;;;;98;96;97;;;;
2026/07/29;1100 UTC;0;1002,1;1002,1;1001;;;;;;;;99;95;95;;;;
2026/07/29;1200 UTC;0;1003,5;1003,5;1002,1;;;;;;;;96;89;94;;;;
2026/07/29;1300 UTC;;;;;;;;;;;;;;;;;;
2026/07/29;1400 UTC;;;;;;;;;;;;;;;;;;
2026/07/29;1500 UTC;0;1004,3;1004,8;1004,3;;;;;;;;85;74;78;;;;
2026/07/29;1600 UTC;0;1004,1;1004,4;1004;;;;;;;;78;72;73;;;;
2026/07/29;1700 UTC;0;1003,5;1004;1003,4;;;;;;;;79;72;79;;;;
2026/07/29;1800 UTC;0;1003,4;1003,5;1003,1;;;;;;;;80;74;79;;;;
2026/07/29;1900 UTC;0;1003,5;1003,5;1003,3;;;;;;;;80;73;74;;;;
2026/07/29;2000 UTC;0;1004;1004;1003,5;;;;;;;;78;74;76;;;;
2026/07/29;2100 UTC;0;1005;1005;1004;;;;;;;;82;75;82;;;;
2026/07/29;2200 UTC;0;1005,5;1005,6;1005;;;;;;;;90;82;90;;;;
2026/07/29;2300 UTC;0;1006,1;1006,2;1005,4;;;;;;;;93;88;93;;;;
2026/07/30;0000 UTC;0;1006,5;1006,5;1006;;;;;;;;95;93;93;;;;
2026/07/30;0100 UTC;0;1006,9;1007,1;1006,6;;;;;;;;97;92;97;;;;
2026/07/30;0200 UTC;0;1006,4;1006,8;1006,4;;;;;;;;98;96;98;;;;
2026/07/30;0300 UTC;0;1006,3;1006,4;1006,1;;;;;;;;98;97;98;;;;
2026/07/30;0400 UTC;0;1006,7;1006,7;1006,2;;;;;;;;98;98;98;;;;
2026/07/30;0500 UTC;0;1006,8;1007,1;1006,7;;;;;;;;98;98;98;;;;
2026/07/30;0600 UTC;0;1006,3;1006,8;1006,2;;;;;;;;99;98;99;;;;
2026/07/30;0700 UTC;0;1005,8;1006,3;1005,8;;;;;;;;99;97;97;;;;
2026/07/30;0800 UTC;0;1006,1;1006,3;1005,7;;;;;;;;98;97;97;;;;
2026/07/30;0900 UTC;0;1006,5;1006,6;1006,1;;;;;;;;99;97;99;;;;
2026/07/30;1000 UTC;0;1006,9;1007;1006,5;;;;;;;;100;99;100;;;;
2026/07/30;1100 UTC;0;1007,4;1007,4;1007;;;;;;;;100;98;98;;;;
2026/07/30;1200 UTC;;;;;;;;;;;;;;;;;;
2026/07/30;1300 UTC;0;1007,6;1007,6;1007,2;;;;;;;;91;83;85;;;;
2026/07/30;1400 UTC;0;1008;1008;1007,5;;;;;;;;87;78;81;;;;
2026/07/30;1500 UTC;;;;;;;;;;;;;;;;;;
2026/07/30;1600 UTC;0;1005,9;1007,1;1005,9;;;;;;;;78;72;75;;;;
2026/07/30;1700 UTC;0;1004,8;1005,9;1004,8;;;;;;;;75;66;66;;;;
2026/07/30;1800 UTC;0;1003,7;1004,8;1003,7;;;;;;;;71;64;67;;;;
2026/07/30;1900 UTC;0;1003,6;1003,7;1003,5;;;;;;;;70;65;67;;;;
2026/07/30;2000 UTC;0;1003,6;1003,6;1003,5;498,9;;;;;;;74;67;71;;;;
2026/07/30;2100 UTC;0;1003,5;1003,8;1003,4;266,8;;;;;;;79;71;79;;;;
2026/07/30;2200 UTC;0;1003,7;1003,7;1003,4;4,3;;;;;;;87;78;86;;;;
2026/07/30;2300 UTC;0;1003,7;1003,7;1003,6;0;;;;;;;90;86;90;;;;
2026/07/31;0000 UTC;0;1004,3;1004,3;1003,6;0;;;;;;;94;90;94;;;;
2026/07/31;0100 UTC;0;1004,6;1004,6;1004,2;0;;;;;;;96;94;96;;;;
2026/07/31;0200 UTC;0;1004,5;1004,6;1004,5;0;;;;;;;98;96;97;;;;
2026/07/31;0300 UTC;0;1004,3;1004,5;1004,3;0;;;;;;;97;89;89;;;;
2026/07/31;0400 UTC;0;1004,1;1004,3;1004;0;;;;;;;96;88;93;;;;
2026/07/31;0500 UTC;0;1003,7;1004,1;1003,7;0;;;;;;;93;89;90;;;;
2026/07/31;0600 UTC;0;1003,1;1003,7;1003,1;0;;;;;;;91;90;91;;;;
2026/07/31;0700 UTC;0;1002,5;1003,1;1002,5;0;;;;;;;93;91;93;;;;
2026/07/31;0800 UTC;0;1002,3;1002,5;1002,1;0;;;;;;;93;92;92;;;;
2026/07/31;0900 UTC;0;1002,4;1002,4;1002,2;0;;;;;;;92;90;91;;;;
2026/07/31;1000 UTC;0;1002,8;1002,8;1002,3;0;;;;;;;91;90;90;;;;
2026/07/31;1100 UTC;0;1003,2;1003,2;1002,8;36,6;;;;;;;91;89;89;;;;
2026/07/31;1200 UTC;0;1003,2;1003,4;1003,2;521,4;;;;;;;89;81;82;;;;
2026/07/31;1300 UTC;;;;;;;;;;;;;;;;;;
2026/07/31;1400 UTC;0;1003,2;1003,4;1003,2;1724,4;;;;;;;75;70;71;;;;
2026/07/31;1500 UTC;0;1002,4;1003,2;1002,4;2115,8;;;;;;;71;66;67;;;;
2026/07/31;1600 UTC;0;1001,1;1002,4;1001,1;2252,8;;;;;;;68;63;65;;;;
2026/07/31;1700 UTC;0;1000;1001,1;1000;2256,9;;;;;;;65;60;60;;;;
2026/07/31;1800 UTC;;;;;;;;;;;;;;;;;;
2026/07/31;1900 UTC;0;998,2;999;998,2;1516,5;;;;;;;56;52;54;;;;
2026/07/31;2000 UTC;0;997,8;998,2;997,7;907,9;;;;;;;56;53;55;;;;
2026/07/31;2100 UTC;0;997,9;997,9;997,7;279,4;;;;;;;63;55;61;;;;
2026/07/31;2200 UTC;0;998,4;998,4;997,9;3,7;;;;;;;66;61;65;;;;
2026/07/31;2300 UTC;0;998,6;998,6;998,3;0;;;;;;;69;64;69;;;;
2026/08/01;0000 UTC;0;998,6;998,6;998,4;0;;;;;;;74;69;72;;;;
2026/08/01;0100 UTC;0;998,8;998,9;998,7;0;;;;;;;75;71;75;;;;
2026/08/01;0200 UTC;0;998,2;998,8;997,7;0;;;;;;;77;74;75;;;;
2026/08/01;0300 UTC;0;998,1;998,4;998,1;0;;;;;;;77;74;77;;;;
2026/08/01;0400 UTC;0;997,5;998,2;997,5;0;;;;;;;78;76;78;;;;
2026/08/01;0500 UTC;0;997;997,5;997;0;;;;;;;78;76;78;;;;
2026/08/01;0600 UTC;0;996,2;996,9;995,9;0;;;;;;;79;76;77;;;;
2026/08/01;0700 UTC;0;996,2;996,6;996,2;0;;;;;;;80;77;80;;;;
2026/08/01;0800 UTC;0;995,6;996,2;995,6;0;;;;;;;80;71;72;;;;
2026/08/01;0900 UTC;0;995,6;995,9;995,5;0;;;;;;;72;68;69;;;;
2026/08/01;1000 UTC;0;995,7;995,9;995,6;0;;;;;;;71;68;70;;;;
2026/08/01;1100 UTC;0;995,7;995,8;995,4;17,9;;;;;;;72;70;71;;;;
2026/08/01;1200 UTC;0;995,6;995,7;995,4;500,6;;;;;;;72;64;64;;;;
2026/08/01;1300 UTC;0;996,4;996,4;995,6;721,3;;;;;;;67;63;63;;;;
2026/08/01;1400 UTC;18,1;1002,5;1002,9;996,7;41,4;;;;;;;97;63;95;;;;
2026/08/01;1500 UTC;6,4;1004,2;1004,6;1002,5;64,7;;;;;;;97;94;96;;;;
2026/08/01;1600 UTC;4,8;1005;1005;1003,2;114,8;;;;;;;98;96;98;;;;
2026/08/01;1700 UTC;4,4;1004,1;1005,4;1004,1;160,4;;;;;;;99;97;99;;;;
2026/08/01;1800 UTC;3,8;1002;1004,3;1002;148,1;;;;;;;100;98;98;;;;
2026/08/01;1900 UTC;1;1001,4;1002,2;998,4;276;;;;;;;98;91;91;;;;
2026/08/01;2000 UTC;0;1002,5;1002,5;1001,4;809,9;;;;;;;92;82;83;;;;
2026/08/01;2100 UTC;0;1004;1004;1002,5;311,6;;;;;;;90;82;90;;;;
2026/08/01;2200 UTC;0;1004,3;1004,4;1003,9;5,7;;;;;;;93;86;92;;;;
2026/08/01;2300 UTC;0;1004,9;1005;1004,2;0;;;;;;;92;87;89;;;;
2026/08/02;0000 UTC;0;1005,8;1005,8;1005;0;;;;;;;93;89;93;;;;
2026/08/02;0100 UTC;0;1006,4;1006,4;1005,8;0;;;;;;;93;89;91;;;;
2026/08/02;0200 UTC;0;1006,3;1006,5;1006,3;0;;;;;;;95;89;94;;;;
2026/08/02;0300 UTC;0;1006,3;1006,5;1006,3;0;;;;;;;95;90;90;;;;
2026/08/02;0400 UTC;0;1006;1006,3;1006;0;;;;;;;91;86;88;;;;
2026/08/02;0500 UTC;0;1006,1;1006,3;1005,9;0;;;;;;;90;85;89;;;;
2026/08/02;0600 UTC;0;1005,7;1006,2;1005,7;0;;;;;;;91;86;87;;;;
2026/08/02;0700 UTC;0;1005,7;1005,8;1005,5;0;;;;;;;91;86;90;;;;
2026/08/02;0800 UTC;0;1005,9;1006,1;1005,8;0;;;;;;;92;88;91;;;;
2026/08/02;0900 UTC;0;1005,5;1006;1005,5;0;;;;;;;93;90;92;;;;
2026/08/02;1000 UTC;0;1006,1;1006,1;1005,4;0;;;;;;;95;92;94;;;;
2026/08/02;1100 UTC;0;1005,7;1006;1005,6;17,2;;;;;;;95;93;94;;;;
2026/08/02;1200 UTC;0;1006,1;1006,2;1005,5;249,9;;;;;;;95;93;93;;;;
2026/08/02;1300 UTC;0;1006,7;1006,9;1006;543,4;;;;;;;95;91;93;;;;
2026/08/02;1400 UTC;0;1006,9;1006,9;1006,5;740,9;;;;;;;93;88;90;;;;
2026/08/02;1500 UTC;0;1006;1006,9;1005,9;1203;;;;;;;91;83;83;;;;
2026/08/02;1600 UTC;0;1005,3;1006;1005,3;1736,7;;;;;;;86;79;80;;;;
2026/08/02;1700 UTC;0;1003,7;1005,2;1003,6;2084,2;;;;;;;82;76;76;;;;
2026/08/02;1800 UTC;0;1003;1003,7;1002,9;1539,8;;;;;;;79;74;75;;;;
2026/08/02;1900 UTC;0;1002,5;1003,1;1002,5;1125,8;;;;;;;79;75;77;;;;
2026/08/02;2000 UTC;0;1002,6;1002,6;1002,3;583,7;;;;;;;81;77;81;;;;
2026/08/02;2100 UTC;;;;;;;;;;;;;;;;;;
2026/08/02;2200 UTC;0;1003,1;1003,1;1002,4;14,1;;;;;;;90;83;90;;;;
2026/08/02;2300 UTC;0;1003,7;1003,8;1003,2;0;;;;;;;94;90;93;;;;
2026/08/03;0000 UTC;0;1004;1004;1003,7;0;;;;;;;94;93;94;;;;
2026/08/03;0100 UTC;0;1003,7;1003,9;1003,5;0;;;;;;;95;93;94;;;;
2026/08/03;0200 UTC;0;1003,8;1003,9;1003,6;0;;;;;;;97;94;97;;;;
2026/08/03;0300 UTC;0;1003,8;1004;1003,8;0;;;;;;;99;97;98;;;;
2026/08/03;0400 UTC;0;1004,1;1004,1;1003,7;0;;;;;;;99;97;99;;;;
2026/08/03;0500 UTC;0;1004;1004,1;1003,9;0;;;;;;;99;99;99;;;;
2026/08/03;0600 UTC;0;1003,8;1004;1003,8;0;;;;;;;100;99;100;;;;
2026/08/03;0700 UTC;0;1003,6;1003,8;1003,6;0;;;;;;;100;99;99;;;;
2026/08/03;0800 UTC;0;1003,4;1003,6;1003,4;0;;;;;;;99;99;99;;;;
2026/08/03;0900 UTC;0;1003,4;1003,4;1003,2;0;;;;;;;100;99;99;;;;
2026/08/03;1000 UTC;0;1004;1004;1003,3;0;;;;;;;99;98;99;;;;
2026/08/03;1100 UTC;0;1004,1;1004,2;1004;21,4;;;;;;;99;98;98;;;;
2026/08/03;1200 UTC;0;1003,6;1004,2;1003,6;453,1;;;;;;;98;88;88;;;;
2026/08/03;1300 UTC;0;1003,5;1003,6;1003;490,9;;;;;;;90;83;83;;;;
2026/08/03;1400 UTC;0;1004;1004,8;1003,6;315,2;;;;;;;86;82;85;;;;
2026/08/03;1500 UTC;0;1004,4;1004,6;1002,9;405,3;;;;;;;88;85;86;;;;
2026/08/03;1600 UTC;0;1002,8;1004,4;1002,8;109;;;;;;;89;86;88;;;;
2026/08/03;1700 UTC;0;1002,9;1003,3;1002,7;123;;;;;;;88;86;87;;;;
2026/08/03;1800 UTC;0;1002,4;1003;1002,3;166,9;;;;;;;90;83;83;;;;
2026/08/03;1900 UTC;0;1001,9;1003,1;1001,9;64,7;;;;;;;87;84;85;;;;
2026/08/03;2000 UTC;0;1001,9;1002,1;1001,6;67,5;;;;;;;87;77;81;;;;
2026/08/03;2100 UTC;0;1002,2;1002,2;1001,4;18;;;;;;;86;80;82;;;;
2026/08/03;2200 UTC;,2;1002,4;1003;1002;0;;;;;;;91;79;91;;;;
2026/08/03;2300 UTC;0;1002,4;1002,6;1002;0;;;;;;;94;88;91;;;;
2026/08/04;0000 UTC;17,3;1004;1004,6;1001,9;,7;;;;;;;100;73;76;321;28,2;9;
2026/08/04;0100 UTC;1,2;1002,3;1003,2;1001,4;0;;;;;;;87;77;87;15;30,4;3,4;
2026/08/04;0200 UTC;0;1001,5;1002,3;1001,4;0;;;;;;;89;84;87;86;28,5;;
2026/08/04;0300 UTC;0;1001,5;1001,8;1001,4;0;;;;;;;86;82;83;29;27,4;3,6;
2026/08/04;0400 UTC;,2;1004,1;1004,1;1001,2;0;;;;;;;84;77;80;337;25,2;5,4;
2026/08/04;0500 UTC;25,7;1006,3;1006,5;1004;,5;18,1;17,7;;18,1;;17,7;99;82;98;191;29,6;8,4;
2026/08/04;0600 UTC;6,2;1004,4;1006,3;1004,1;0;18,3;17,4;18,6;18;17,8;17,4;99;93;94;37;28,8;1,7;
2026/08/04;0700 UTC;3;1003,9;1005,1;1003,9;0;18,9;17,4;19,3;18,2;17,6;16,2;95;84;91;87;30,9;;
2026/08/04;0800 UTC;0;1003,4;1004;1003,4;0;19,8;17,3;20;19;17,7;17,3;91;85;85;35;30,8;3,1;
2026/08/04;0900 UTC;0;1003,4;1003,4;1002,9;0;19,5;17,3;20;19,4;17,4;17,1;88;84;87;26;7,3;2,5;
2026/08/04;1000 UTC;;;;;;;;;;;;;;;;;;
2026/08/04;1100 UTC;0;1003,4;1003,4;1003,1;25,9;18,7;17,2;18,8;18,5;17,2;17,1;92;90;91;90;28,6;;
2026/08/04;1200 UTC;0;1003,9;1003,9;1003,5;247,7;19,3;17,9;19,3;18,7;18,1;17,2;93;90;92;42;26,9;2;
2026/08/04;1300 UTC;0;1004,4;1004,4;1003,9;642,8;20,4;17,8;20,4;19,3;18,4;17,8;92;85;85;7;8,6;1,2;
2026/08/04;1400 UTC;0;1004,8;1004,8;1004,5;661,5;21,2;18,4;21,2;20,4;18,8;17,8;88;83;84;90;2,4;1,2;
2026/08/04;1500 UTC;0;1004,6;1004,8;1004,6;880,7;21,7;19,1;21,8;21,2;19,2;17,9;86;81;85;131;3,5;1,3;
2026/08/04;1600 UTC;0;1003,9;1004,6;1003,9;1130;22,5;18,8;22,5;21,7;19,1;18,1;85;77;79;95;3,3;1,6;
2026/08/04;1700 UTC;0;1003;1003,9;1003;983;23,2;19,3;23,2;22,5;19,7;18,4;82;75;79;81;2,6;1,2;
2026/08/04;1800 UTC;;;;;;;;;;;;;;;;;;
2026/08/04;1900 UTC;0;1002,5;1002,5;1002,3;701;23,1;19,8;23,3;23;19,9;18,5;83;75;82;2;3,4;1,1;
2026/08/04;2000 UTC;0;1002,4;1002,5;1002,1;549,5;22,8;19,4;23,2;22,8;20;19,2;83;79;81;255;3,4;,5;
2026/08/04;2100 UTC;0;1002,8;1002,8;1002,4;129,6;21,2;19,6;22,7;21,2;20,2;19,2;91;81;91;44;1,4;,2;
2026/08/04;2200 UTC;0;1003,2;1003,3;1002,8;2,5;19,7;19;21,2;19,7;19,7;18,8;96;91;96;236;1,8;1,4;
2026/08/04;2300 UTC;0;1003;1003,2;1003;0;19,6;19,5;20,2;19,5;19,6;19,1;99;95;99;148;1,2;,3;
2026/08/05;0000 UTC;0;1003,1;1003,2;1002,9;0;20,3;19,1;20,3;19,2;19,6;18,9;99;93;93;55;2,6;1,9;
2026/08/05;0100 UTC;0;1003;1003,2;1003;0;20;18,6;20,2;19,7;19;18,6;96;91;92;69;2,1;1,2;
2026/08/05;0200 UTC;0;1003;1003;1002,8;0;19,7;18,6;20,1;19,1;18,6;17,9;96;91;94;59;2,9;1,2;
2026/08/05;0300 UTC;0;1003,2;1003,2;1002,9;0;18,7;18,2;19,9;18,7;18,7;18,1;97;92;97;152;2,6;,5;
2026/08/05;0400 UTC;0;1003,1;1003,4;1003,1;0;17,6;17,6;18,7;17,4;18,3;17,4;100;96;100;93;24,7;;
2026/08/05;0500 UTC;0;1003,2;1003,2;1003;0;16,6;16,5;17,9;16,6;17,9;16,5;100;99;99;94;24,1;;
2026/08/05;0600 UTC;0;1002,5;1003,2;1002,5;0;17;17;17,7;16,4;17,7;16,4;100;99;100;100;23,6;1,4;
2026/08/05;0700 UTC;0;1001,8;1002,5;1001,8;0;17,4;17,4;17,7;16,5;17,7;16,5;100;100;100;93;10;,8;
2026/08/05;0800 UTC;0;1001,9;1001,9;1001,8;0;16,1;16,1;17,6;15,7;17,6;15,7;100;100;100;99;20,8;16,8;
2026/08/05;0900 UTC;0;1002;1002;1001,8;0;15,7;15,7;16,8;15,7;16,8;15,7;100;100;100;94;20,8;17,1;
2026/08/05;1000 UTC;0;1002,7;1002,7;1002,1;0;16,8;16,8;16,8;15,6;16,8;15,6;100;100;100;97;19,4;17,8;
2026/08/05;1100 UTC;0;1003,1;1003,1;1002,7;12,2;16,7;16,7;16,9;16,5;16,9;16,5;100;100;100;91;21,2;20;
2026/08/05;1200 UTC;0;1002,9;1003,3;1002,9;334,1;18,6;18,6;18,6;16,8;18,6;16,8;100;100;100;84;22,7;1,4;
2026/08/05;1300 UTC;0;1002,7;1002,9;1002,7;1123,9;22,2;19,8;22,2;18,6;19,9;18,6;100;84;87;39;3,9;2,1;
2026/08/05;1400 UTC;0;1002,5;1002,8;1002,5;1837,7;23,6;20,1;23,6;22;20,4;19,2;89;78;80;19;5,4;1,9;
2026/08/05;1500 UTC;0;1001,9;1002,4;1001,9;2228,1;24,7;20,7;24,7;23,7;20,7;19,2;80;73;78;0;4,9;1,5;
2026/08/05;1600 UTC;0;1001,1;1001,9;1001,1;2405;25,2;19,3;25,5;24,4;21;18,7;78;67;70;353;5,1;1,9;
2026/08/05;1700 UTC;0;1000,2;1001;1000,2;2127,2;25,4;19,3;25,8;24,7;20,6;18,8;75;68;69;333;3,8;1,4;
2026/08/05;1800 UTC;0;999,3;1000,2;999,3;1775,8;25,7;19,7;26,1;24,9;20,7;19,4;74;68;69;28;4;1,6;
2026/08/05;1900 UTC;0;998,9;999,3;998,9;1282,1;26;19,1;26,2;25,1;20,4;18,9;75;64;65;322;3,2;1,3;
2026/08/05;2000 UTC;0;998,9;998,9;998,9;560,7;25,1;19,8;25,9;25,1;20,5;19,1;73;68;73;9;2,3;,5;
2026/08/05;2100 UTC;0;999,2;999,2;998,9;158,2;23,8;21;25;23,8;21,2;19,9;85;74;84;256;1,1;,4;
2026/08/05;2200 UTC;0;999,2;999,3;999,1;2,1;22,3;20,4;23,8;22,3;21,1;20,4;90;82;89;60;,8;,4;
2026/08/05;2300 UTC;0;999,5;999,5;999,2;0;21,8;19,5;22,3;21,8;20,4;19,4;89;86;86;68;1;,6;
2026/08/06;0000 UTC;0;999,5;999,5;999,5;0;21,7;19,7;21,9;21,5;19,9;19,5;91;86;88;46;1,8;1,2;
2026/08/06;0100 UTC;0;999,4;999,5;999,4;0;20,7;19,5;21,2;20,6;19,8;19,4;94;91;93;37;1,8;,7;
2026/08/06;0200 UTC;0;999,2;999,4;999,1;0;20;19,1;20,7;19,9;19,6;19,1;95;93;95;41;1,6;,6;
2026/08/06;0300 UTC;0;998,7;999,2;998,7;0;19,3;18,3;20;19,3;19,1;18,3;95;93;94;34;1,8;,7;
2026/08/06;0400 UTC;0;998;998,7;998;0;18,7;18,2;19,3;18,6;18,3;17,9;97;93;97;27;5,9;1,1;
2026/08/06;0500 UTC;0;997,5;998;997,3;0;17,9;17,7;19,1;17,9;18,3;17,3;98;94;98;90;26;;
2026/08/06;0600 UTC;0;996,5;997,5;996,5;0;18,9;17,9;19,1;17,9;18;17,7;100;94;94;88;27,3;18,3;
2026/08/06;0700 UTC;0;996,1;996,5;996;0;18,3;17,7;18,9;18,2;17,9;17,6;97;94;97;91;27;;
2026/08/06;0800 UTC;0;995,7;996,1;995,7;0;18,3;17,7;18,3;18;17,9;17,6;98;96;96;89;26,3;16,2;
2026/08/06;0900 UTC;0;995,7;995,7;995,5;0;18,2;17,5;18,5;18,1;17,7;17,5;97;95;96;90;26,9;;
2026/08/06;1000 UTC;0;995,5;995,7;995,5;0;18,3;17,5;18,4;18,1;17,6;17,5;97;95;95;90;26,5;;
2026/08/06;1100 UTC;0;995,2;995,6;995,1;55,4;19;17,8;19;18,2;17,8;17,5;96;93;93;41;26,9;2,2;
2026/08/06;1200 UTC;0;995,2;995,4;995;419,8;20,1;18,6;20,1;19;18,7;17,8;93;90;91;30;5,1;2,3;
2026/08/06;1300 UTC;0;994,8;995,2;994,7;1111;21,6;19,4;21,8;19,9;19,5;18,4;92;85;87;27;6,8;3,1;
2026/08/06;1400 UTC;0;994,1;994,2;994,1;2326,8;23,8;19,8;23,8;23,8;19,8;19,7;78;78;78;0;0;0;
2026/08/06;1500 UTC;0;992,6;993,7;992,6;1546,1;24,3;20,5;25,1;23,8;20,5;19,7;80;73;79;31;6,6;2,1;
2026/08/06;1600 UTC;0;991,3;992,6;991,3;1609,4;25,1;20,1;25,8;24,5;20,6;19,6;76;70;74;12;8,8;3,3;
2026/08/06;1700 UTC;0;990,1;991,3;990,1;1391,1;25,8;19,8;26;25,2;20,6;19,7;75;69;70;10;9,7;3,4;
2026/08/06;1800 UTC;0;989,6;990,1;989,6;1323,3;25,8;20,1;26,6;25,8;20,4;19,5;72;65;71;6;8;2,3;
2026/08/06;1900 UTC;0;989,4;989,7;989,4;592,9;24,7;20,4;26;24,7;20,6;19,9;78;70;77;345;8,7;1,6;
2026/08/06;2000 UTC;1,4;989,8;989,8;989,2;48,6;23,3;21;24,7;23,2;21,2;20,2;88;76;87;315;7,2;4,3;
2026/08/06;2100 UTC;6,2;992,3;992,8;989,6;5,9;17,2;16,3;23,3;17,1;21,2;16,1;96;75;95;91;20,1;18,7;
2026/08/06;2200 UTC;,8;993,4;993,8;991,4;5,7;18,2;16,3;18,2;17,1;16,6;16;96;87;89;107;22,4;14,7;
2026/08/06;2300 UTC;0;996,1;996,1;993,5;0;17,2;15,2;18,2;17,2;16,4;15,2;89;87;88;129;18,4;11,8;
2026/08/07;0000 UTC;0;997,9;997,9;996,2;0;16,7;14;17,1;16,4;15,3;13,6;93;82;84;118;19;15,5;
2026/08/07;0100 UTC;0;999,1;999,2;998,2;0;15,5;12,8;16,9;15,5;14,1;12,8;85;79;84;124;18,3;12,6;
2026/08/07;0200 UTC;0;1000,5;1000,5;999,2;0;14,2;11,6;15,6;14,2;12,9;11,6;87;82;84;151;15,4;9,9;
2026/08/07;0300 UTC;,4;1001,3;1001,4;1000,5;0;12,9;10,6;14,2;12,9;11,7;10,3;87;82;86;152;14,5;9,9;
2026/08/07;0400 UTC;0;1002,4;1002,6;1001,4;0;12,2;8,3;12,9;12,2;10,5;8,3;86;77;77;143;12,5;8,4;
2026/08/07;0500 UTC;0;1002,8;1003;1002,3;0;11,4;8,6;12,2;11,4;8,9;8,3;84;77;83;178;8,6;5,7;
2026/08/07;0600 UTC;0;1003,2;1003,2;1002,7;0;10,8;8,3;11,5;10,7;9;8;88;81;84;197;11,1;7,8;
2026/08/07;0700 UTC;0;1003,5;1003,6;1003,1;0;10,6;8;10,9;10,5;8,5;7,6;85;82;84;193;10,1;6,6;
2026/08/07;0800 UTC;0;1003,6;1003,8;1003,4;0;10,3;7,9;10,6;10,3;8,1;7,5;86;82;85;191;11,1;7,6;
2026/08/07;0900 UTC;0;1003,8;1004;1003,5;0;10;7,2;10,3;10;8,1;6,8;87;80;83;189;10,8;6;
2026/08/07;1000 UTC;0;1004,1;1004,2;1003,7;0;9,5;7,2;10;9,5;7,7;7,1;86;82;86;196;9,4;5,6;
2026/08/07;1100 UTC;0;1004,7;1004,8;1003,9;32,3;9,1;7,2;9,5;9;7,4;7;89;85;88;199;7,5;2,6;
2026/08/07;1200 UTC;0;1005,8;1005,8;1004,8;788,5;10,7;7,5;10,7;9,1;8;7,1;89;80;80;135;7,1;5,3;
2026/08/07;1300 UTC;0;1006,4;1006,4;1005,8;562,2;10,5;6,9;10,6;10;7,7;6,5;84;77;78;111;7,4;5,2;
2026/08/07;1400 UTC;;;;;;;;;;;;;;;;;;
2026/08/07;1500 UTC;0;1006,1;1006,4;1006,1;1342,7;11,6;6,4;12,2;10,8;7,7;6,3;78;68;71;103;9,4;7,2;
2026/08/07;1600 UTC;0;1005,8;1006,1;1005,7;2408,5;12,9;5,9;13,4;11,5;7,8;5,5;74;61;62;136;12,2;5,9;
2026/08/07;1700 UTC;0;1004,5;1005,8;1004,5;2595,6;13,7;5,8;13,7;12,6;7,5;5;67;57;59;108;13,4;8,2;
2026/08/07;1800 UTC;0;1003,3;1004,4;1003,3;2255,6;14,2;6,3;14,9;13,4;6,9;4,5;63;52;59;110;15;9,4;
2026/08/07;1900 UTC;0;1002,4;1003,3;1002,4;1727,6;14,6;6,5;14,7;14;7,4;5,2;63;55;58;93;14,7;12,2;
2026/08/07;2000 UTC;0;1002,3;1002,4;1002,2;1046,6;14,3;6,1;14,8;14,3;6,9;5,6;61;55;58;81;14,8;1,5;
2026/08/07;2100 UTC;0;1001,6;1002,3;1001,6;341,7;12,9;5,9;14,3;12,9;6,8;5,4;65;56;63;85;12,8;1,2;
2026/08/07;2200 UTC;0;1001,5;1001,7;1001,4;4,5;10,2;6,3;12,8;10,2;6,9;5,9;77;63;77;57;1,9;,4;
2026/08/07;2300 UTC;0;1001,2;1001,6;1001,2;0;9,4;7;10,2;9,4;7,8;6,5;85;78;84;68;1;,5;
2026/08/08;0000 UTC;0;1000,9;1001,3;1000,9;0;9,1;7,1;9,8;9,1;7,6;6,8;89;82;87;51;1,5;,8;
2026/08/08;0100 UTC;0;1000,4;1000,9;1000,4;0;8,6;6,7;9,5;8,6;7,2;6,6;88;84;88;52;2;,9;
2026/08/08;0200 UTC;0;999,7;1000,4;999,7;0;9,7;7,7;9,7;8,5;7,8;6,6;92;85;88;87;7,5;6,6;
2026/08/08;0300 UTC;0;998,8;999,7;998,8;0;9,3;7,6;9,7;9,2;7,8;7,3;89;87;89;84;7,4;6,1;
2026/08/08;0400 UTC;0;998,1;998,7;998,1;0;8,6;7,2;9,6;8,6;7,7;7,1;91;85;91;82;7,6;5,2;
2026/08/08;0500 UTC;0;997,9;998;997,7;0;8,4;7,3;8,8;8,3;7,3;7,1;93;89;93;88;6,5;3,4;
2026/08/08;0600 UTC;0;998;998;997,7;0;6,2;5,8;8,4;6,2;7,5;5,8;99;93;97;111;5,9;2;
2026/08/08;0700 UTC;0;997,5;998,1;997,5;0;7,3;7,3;7,5;6,2;7,5;6;100;98;100;92;6,3;1,7;
2026/08/08;0800 UTC;0;996,9;997,6;996,9;0;7,1;7;7,4;7,1;7,4;7;100;99;99;98;6,9;1,7;
2026/08/08;0900 UTC;0;996,9;997;996,3;0;6,7;6,7;7,4;6,7;7,4;6,7;100;99;100;142;1,7;,7;
2026/08/08;1000 UTC;0;997,1;997,3;996,9;0;6,8;6,7;6,9;6,4;6,8;6,4;100;99;99;105;1,9;1,5;
2026/08/08;1100 UTC;0;998,1;998,2;997,1;59,7;7,5;7,4;7,5;6,4;7,4;6,3;100;99;100;105;1,5;1,5;
2026/08/08;1200 UTC;0;998,6;998,7;997,9;357,3;8,8;8,2;8,8;7,5;8,3;7,4;99;96;96;99;8;5,8;
2026/08/08;1300 UTC;0;999;999,1;998,5;415,6;10;8,8;10;8,8;9;8,1;97;92;93;95;8,2;8;
2026/08/08;1400 UTC;0;999,3;999,5;998,9;605,9;11,1;9,4;11,1;10;10;8,7;94;87;89;95;8;5,9;
2026/08/08;1500 UTC;0;999,2;999,3;999;1506,9;13,6;9,6;13,6;11,1;10,6;9,1;90;77;77;87;12,3;8,3;
2026/08/08;1600 UTC;0;998,6;999,2;998,5;2784,2;14,9;9,8;15;13,6;10,9;8,9;81;68;72;99;14,5;9,9;
2026/08/08;1700 UTC;0;998;998,6;998;2474,5;16,9;10,3;16,9;14,9;11,5;9,7;75;65;65;112;15,5;11,7;
2026/08/08;1800 UTC;0;998,5;998,5;997,9;1761,2;16;10;17,7;16;11,4;9,6;69;61;67;118;18,4;11,8;
2026/08/08;1900 UTC;0;998,8;998,8;998,2;1543,3;17,9;10,1;18,2;16;11,3;9,5;69;60;60;111;19,2;15,7;
2026/08/08;2000 UTC;0;999,4;999,4;998,7;977,9;16,9;9,4;18;16;10,8;9,1;68;58;61;110;18,6;13,7;
2026/08/08;2100 UTC;0;1000,2;1000,2;999,3;365,8;14,9;9,9;16,9;14,9;10,4;9;72;60;72;102;17,4;13,5;
2026/08/08;2200 UTC;0;1001,5;1001,5;1000,2;6,4;12,8;9,6;14,8;12,8;10,1;9,6;81;72;81;101;14,4;11;
2026/08/08;2300 UTC;0;1002,6;1002,6;1001,6;0;11,8;9,2;13;11,8;9,7;9,2;85;80;84;103;11,7;8,8;
2026/08/09;0000 UTC;0;1003,5;1003,5;1002,6;0;11,4;9,1;11,8;10,7;9,3;9;90;84;86;96;9,2;8,3;
2026/08/09;0100 UTC;0;1004,6;1004,6;1003,8;0;10;8,4;11,4;9,9;8,9;8,2;90;84;90;109;8,4;6,1;
2026/08/09;0200 UTC;0;1004,9;1004,9;1004,5;0;10,5;8;10,7;10,1;8,6;8;90;84;85;101;8,2;6,4;
2026/08/09;0300 UTC;0;1005,9;1005,9;1004,8;0;9,9;7,8;10,7;9,8;8,2;7,8;89;85;87;98;8,1;5,7;
2026/08/09;0400 UTC;0;1005,6;1006,4;1005,6;0;8,8;7,4;10;8,7;8;7,3;92;85;91;103;6,6;4,2;
2026/08/09;0500 UTC;0;1008,1;1008,1;1005,6;0;7,8;6,3;9;7,7;7,5;6,3;94;90;90;97;5;2,5;
2026/08/09;0600 UTC;0;1008,9;1008,9;1008,1;0;7;6,4;7,7;6,3;6,5;5,3;97;90;96;165;3,8;1,6;
2026/08/09;0700 UTC;0;1008,6;1008,9;1008,5;0;7;5,2;7,9;6,9;7,2;5,2;97;87;89;110;6;4,1;
2026/08/09;0800 UTC;0;1008,2;1008,6;1008,2;0;7;4,9;7,1;6,9;5,5;4,9;90;87;87;103;5,3;4,3;
2026/08/09;0900 UTC;0;1007,9;1008,1;1007,5;0;6,9;4,5;7,2;6,8;5;4,3;88;82;85;141;6,3;2,3;
2026/08/09;1000 UTC;0;1007,7;1008;1007,6;0;6,3;3,9;6,8;6,3;4,5;3,9;87;82;84;152;3,3;2;
2026/08/09;1100 UTC;0;1007,8;1008;1007,5;52,1;6,8;3,9;6,8;6,2;4;3,8;85;82;82;127;5,6;2,3;
2026/08/09;1200 UTC;0;1009;1009;1007,9;744,3;9;4;9;6,8;4,5;3,7;81;71;71;119;8,7;3,7;
2026/08/09;1300 UTC;0;1009,5;1009,5;1008,9;1484,4;11,2;3,9;11,2;9;4,7;3,2;73;58;61;106;9,3;7,6;
2026/08/09;1400 UTC;0;1010,3;1010,3;1009,4;2107,6;13,2;3;13,2;11,3;4,8;2,7;63;50;50;101;13,1;10,4;
2026/08/09;1500 UTC;0;1010,7;1010,8;1010,2;2525,9;14,1;4;14,3;13,1;4,3;2,8;53;47;50;101;14,3;11,3;
2026/08/09;1600 UTC;0;1010,5;1010,7;1010,5;2701,3;15,6;3,8;15,6;14,3;5,5;2,8;53;44;45;97;16,5;13,5;
2026/08/09;1700 UTC;0;1009,9;1010,5;1009,9;2611,5;16,3;4,5;16,5;15,2;5,6;2,9;50;43;46;98;17,7;14,5;
2026/08/09;1800 UTC;0;1009,6;1009,9;1009,6;2293;16,9;2,8;17,1;16,3;5,8;2,6;49;38;39;109;18,8;13;
2026/08/09;1900 UTC;0;1009,8;1009,8;1009,4;1764,3;16,6;1,2;17,2;16,6;4,7;,6;44;33;35;159;18,6;2,3;
2026/08/09;2000 UTC;0;1010,2;1010,2;1009,9;1080,6;16,2;2;16,9;16,2;3,8;,4;43;33;38;154;18,8;3,8;
2026/08/09;2100 UTC;0;1011;1011;1010,2;365;14,2;3,6;16,2;14,2;3,8;,3;49;34;49;151;14,8;1,6;
2026/08/09;2200 UTC;0;1011,7;1011,7;1011;6,5;11,6;5,5;14,2;11,6;5,6;3,2;66;49;66;155;2,8;1,3;
2026/08/09;2300 UTC;0;1012,8;1012,8;1011,7;0;10,6;4,3;12,1;10,6;5,4;4,3;66;61;65;152;2,5;1,5;
2026/08/10;0000 UTC;0;1013,7;1013,7;1012,8;0;9,7;4,7;10,6;9,7;4,7;4,2;71;65;71;152;2,9;1,5;
2026/08/10;0100 UTC;0;1014,2;1014,2;1013,7;0;8,9;5;9,5;8,9;5;4,7;76;72;76;148;2,8;1,5;
2026/08/10;0200 UTC;0;1014,9;1014,9;1014,2;0;8,9;4,7;9;8,7;5,1;4,7;78;75;75;149;2,8;1,8;
2026/08/10;0300 UTC;0;1015,8;1015,8;1014,8;0;8,3;4,4;9;8,3;4,8;4,2;77;72;76;155;3,2;1,7;
2026/08/10;0400 UTC;0;1016,4;1016,5;1015,8;0;7,7;3,8;8,3;7,7;4,3;3,7;76;73;76;154;3,3;1,9;
2026/08/10;0500 UTC;0;1017,3;1017,3;1016,4;0;7,3;3,6;7,7;7,2;3,8;3,6;78;76;77;154;3;1,9;
2026/08/10;0600 UTC;0;1017,9;1017,9;1017,2;0;6,8;3,5;7,3;6,8;3,7;3,4;80;77;80;154;3,2;1,7;
2026/08/10;0700 UTC;0;1018,2;1018,3;1017,9;0;6,1;3,3;6,8;6,1;3,5;3,3;83;79;82;153;2,6;1,4;
2026/08/10;0800 UTC;0;1017,8;1018,1;1017,7;0;6;3;6,2;6;3,3;3;83;80;81;151;3,6;1,9;
2026/08/10;0900 UTC;0;1018,5;1018,5;1017,8;0;5,9;2,8;6,2;5,9;3;2,7;81;79;80;152;4,1;2,1;
2026/08/10;1000 UTC;0;1019,5;1019,5;1018,5;0;4,9;3;5,9;4,9;3;2,8;87;81;87;151;3,4;1,4;
2026/08/10;1100 UTC;0;1019,8;1019,8;1019,4;1,7;6,5;2,8;6,5;5;3;2,6;87;76;77;139;4,9;2,9;
2026/08/10;1200 UTC;0;1020,2;1020,4;1019,8;714,5;8,4;3,5;8,4;6,5;3,5;2,5;76;70;71;122;10;5;
2026/08/10;1300 UTC;0;1020,5;1020,6;1020,2;1362,5;9,9;3,3;10,6;8,4;4,2;2,8;71;61;63;115;9;6,3;
2026/08/10;1400 UTC;0;1020,7;1020,9;1020,3;1619,3;11,6;1,7;12,1;9,9;3,9;1,4;64;50;50;108;10,4;8,6;
2026/08/10;1500 UTC;0;1020,4;1020,9;1020,4;2189,7;13,6;3;13,6;11,7;3;1,2;53;46;49;104;13,5;10,1;
2026/08/10;1600 UTC;0;1019,9;1020,4;1019,7;2050,5;14,7;3,8;14,7;13,2;3,8;,8;49;42;48;110;15,6;6,4;
2026/08/10;1700 UTC;;;;;;;;;;;;;;;;;;
2026/08/10;1800 UTC;0;1018;1018,8;1017,9;1689,1;15,4;1,3;15,7;14,4;3,2;1,3;46;38;38;136;16,3;3,3;
2026/08/10;1900 UTC;0;1017,9;1018,2;1017,9;1234,2;15;2,4;15,8;15;3,7;,5;46;36;43;139;7,4;2,8;
2026/08/10;2000 UTC;0;1018,1;1018,2;1017,9;615,9;13,9;3,5;14,9;13,9;4,5;2,2;53;42;50;137;4,9;2,5;
2026/08/10;2100 UTC;0;1018,4;1018,6;1018,1;121,1;13;5;13,9;13;5,3;3,8;59;51;58;138;3,8;1,6;
2026/08/10;2200 UTC;0;1018,5;1018,8;1018,4;6,3;12,1;6;13;12,1;6,2;4,8;67;57;66;140;3;1,1;
2026/08/10;2300 UTC;0;1018,3;1018,5;1018;0;11,9;5,4;12,1;11,7;6,9;5,4;72;64;64;150;4,5;2,2;
2026/08/11;0000 UTC;0;1018,8;1018,8;1018,2;0;10,9;5,1;11,9;10,9;5,4;4,8;67;62;67;148;5,1;2,2;
2026/08/11;0100 UTC;0;1018,5;1019;1018,5;0;9,9;5,4;10,7;9,9;5,6;5,1;74;68;73;147;4;2;
2026/08/11;0200 UTC;0;1018,2;1018,6;1018,1;0;9;5,5;9,9;9;5,6;5,4;79;74;79;149;3,8;2;
2026/08/11;0300 UTC;0;1018,3;1018,3;1017,9;0;8,9;5,9;9;8,8;5,9;5,4;82;78;81;146;3,7;1,7;
2026/08/11;0400 UTC;0;1017,9;1018,3;1017,9;0;9,5;6,1;9,5;9;6,1;5,7;81;78;79;107;7;4,9;
2026/08/11;0500 UTC;0;1017;1017,9;1017;0;10;5,7;10;9,5;6,2;5,7;80;74;74;105;8,7;6,7;
2026/08/11;0600 UTC;0;1016,3;1017;1016,3;0;9,7;5,7;10,1;9,7;5,9;5,5;76;74;76;109;8,4;6,3;
2026/08/11;0700 UTC;0;1015,8;1016,2;1015,8;0;9,3;5,6;9,7;9,3;5,8;5,4;79;75;78;109;8,3;5,5;
2026/08/11;0800 UTC;0;1015,6;1015,9;1015,5;0;8,9;5,9;9,3;8,9;6;5,6;82;78;81;110;7,5;4,7;
2026/08/11;0900 UTC;0;1015,6;1015,8;1015,4;0;8,7;5,8;8,9;8,7;6;5,7;83;81;82;114;7,2;3,9;
2026/08/11;1000 UTC;0;1015,8;1015,8;1015,6;0;8,5;5,9;8,7;8,5;6;5,7;84;82;84;112;5,7;3,8;
2026/08/11;1100 UTC;0;1015,8;1015,8;1015,3;30,4;8,4;5,6;8,5;8,4;6;5,5;84;81;82;113;7,8;4,2;
2026/08/11;1200 UTC;0;1016,2;1016,2;1015,5;187,2;8,9;5,7;8,9;8,5;5,9;5,5;83;80;80;115;7,3;4,8;
2026/08/11;1300 UTC;0;1016,3;1016,4;1016;267,4;9,7;6,3;9,7;8,9;6,4;5,6;82;79;80;109;7,2;5,4;
2026/08/11;1400 UTC;0;1015,7;1016,3;1015,7;668,5;10,4;6,5;10,4;9,7;6,8;6,2;80;77;77;104;10;7,2;
2026/08/11;1500 UTC;0;1015,5;1015,9;1015,5;529,9;11,2;7,3;11,2;10,4;7,4;6,6;80;76;77;100;10,5;8,1;
2026/08/11;1600 UTC;0;1014,8;1015,5;1014,8;501,5;11,1;8;11,7;11,1;8,1;7,2;82;74;81;100;11,5;8,3;
2026/08/11;1700 UTC;0;1013,6;1014,7;1013,6;295,4;11,2;8;11,4;11,1;8,3;7,6;83;79;81;103;10,9;8,4;
2026/08/11;1800 UTC;0;1012,6;1013,6;1012,5;199,2;11,6;8,5;11,6;11,2;8,5;7,9;83;79;81;101;10,8;9;
2026/08/11;1900 UTC;0;1011,9;1012,6;1011,9;238,4;11,9;8,6;11,9;11,6;8,7;8,2;81;79;80;99;13,2;9,9;
2026/08/11;2000 UTC;0;1012;1012;1011,7;114;11,4;9,4;11,9;11,4;9,4;8,3;87;79;87;100;12,9;9,1;
2026/08/11;2100 UTC;,4;1012,2;1012,2;1011,8;27,1;11;9,8;11,4;11;10;9,4;94;87;93;100;11;7,9;
2026/08/11;2200 UTC;1,4;1011,8;1012,2;1011,8;0;10,7;10,2;11;10,7;10,2;9,8;97;93;97;100;9,3;7,7;
2026/08/11;2300 UTC;3,2;1010,9;1011,8;1010,4;0;10,5;10,1;10,7;10,5;10,3;10,1;98;97;97;101;12,5;8,2;
2026/08/12;0000 UTC;1;1011,4;1011,5;1010,9;0;10,7;10,5;10,7;10,5;10,5;10,1;98;97;98;99;11,2;7,5;
2026/08/12;0100 UTC;4;1011,1;1011,7;1010,9;0;10,7;10,7;10,7;10,7;10,7;10,5;100;99;100;100;8,8;7,4;
2026/08/12;0200 UTC;1,6;1010;1011,3;1010;0;10,9;10,9;10,9;10,7;10,9;10,7;100;100;100;99;10,2;8,5;
2026/08/12;0300 UTC;,6;1010,2;1010,3;1009,6;0;11,1;11;11,1;10,9;11,1;10,9;100;100;100;99;11,2;8,3;
2026/08/12;0400 UTC;,8;1010,1;1010,2;1009,9;0;11,2;11,1;11,2;11,1;11,1;11;100;100;100;100;10,1;8,3;
2026/08/12;0500 UTC;,8;1009;1010,2;1008,9;0;11,2;11,2;11,2;11,1;11,2;11,1;100;100;100;99;10,7;9;
2026/08/12;0600 UTC;,2;1007,9;1009;1007,9;0;11,3;11,3;11,3;11,2;11,3;11,2;100;100;100;98;12,3;9,4;
2026/08/12;0700 UTC;0;1007,3;1008,1;1007,1;0;11,6;11,4;11,6;11,3;11,5;11,3;100;99;99;97;11,9;10;
2026/08/12;0800 UTC;0;1006,7;1007,5;1006,6;0;11,7;11,6;11,7;11,6;11,6;11,5;99;99;99;96;11,5;9,8;
2026/08/12;0900 UTC;0;1006,4;1006,8;1006,3;0;11,7;11,7;11,7;11,7;11,7;11,6;100;99;100;96;11,3;9,6;
2026/08/12;1000 UTC;0;1006,7;1006,8;1006,4;0;11,8;11,8;11,8;11,7;11,8;11,7;100;100;100;96;11,5;9,7;
2026/08/12;1100 UTC;0;1006,6;1006,7;1006,3;7,2;12;11,9;12;11,8;11,9;11,8;100;100;100;94;11,8;10;
2026/08/12;1200 UTC;0;1006,7;1006,9;1006,6;60;12,4;12,3;12,4;12;12,4;11,9;100;99;99;94;12,7;11,5;
2026/08/12;1300 UTC;0;1006,7;1006,8;1006,5;144,6;12,9;12,9;12,9;12,4;12,9;12,3;100;99;99;94;12,1;10,7;
2026/08/12;1400 UTC;,2;1006,6;1007;1006,6;209,1;13,2;13,2;13,2;12,9;13,2;12,8;100;99;100;94;11,5;10,6;
2026/08/12;1500 UTC;0;1006,2;1006,6;1006,2;251;13,6;13,5;13,6;13,1;13,5;13;100;99;100;94;12,1;11,2;
2026/08/12;1600 UTC;,4;1005,7;1006,2;1005,7;275,1;13,9;13,7;13,9;13,6;13,7;13,5;100;99;99;90;12,4;10,4;
2026/08/12;1700 UTC;,2;1004,5;1005,7;1004,5;285,6;14,1;13,9;14,1;13,8;13,9;13,6;99;99;99;306;11,5;1,9;
2026/08/12;1800 UTC;,2;1003,6;1004,5;1003,6;338,6;14,5;13,9;14,5;14;14,1;13,7;99;96;97;81;13,1;11,3;
2026/08/12;1900 UTC;0;1002,8;1003,6;1002,8;330,2;14,5;14,1;14,6;14,4;14,2;13,9;98;96;97;87;14,5;13,2;
2026/08/12;2000 UTC;0;1003,2;1003,2;1002,5;366,9;15,1;14,4;15,1;14,5;14,5;14,1;99;96;96;87;16,1;12,5;
2026/08/12;2100 UTC;0;1003,6;1003,6;1003,2;102,5;14,6;14,3;15,1;14,6;14,5;14,2;98;96;98;88;15,3;11,7;
2026/08/12;2200 UTC;;;;;;;;;;;;;;;;;;
2026/08/12;2300 UTC;0;1004,5;1004,6;1004,1;0;14,1;14;14,3;14,1;14,2;14;99;99;99;89;12;10;
2026/08/13;0000 UTC;,2;1005,3;1005,3;1004,4;0;14;14;14,1;14;14;14;100;99;100;267;11,4;1,9;
2026/08/13;0100 UTC;,2;1005,8;1006,1;1005,5;0;14;14;14;14;14;14;100;100;100;242;4,4;2,2;
2026/08/13;0200 UTC;,2;1005,2;1005,9;1004,7;0;13,8;13,8;14;13,8;14;13,8;100;100;100;263;3,3;1;
2026/08/13;0300 UTC;,2;1005,8;1006,1;1005,2;0;13,8;13,8;13,9;13,8;13,9;13,8;100;100;100;278;3,4;1,7;
2026/08/13;0400 UTC;0;1005,7;1005,9;1005,3;0;13,6;13,6;13,8;13,6;13,8;13,6;100;100;100;269;2,9;1,4;
2026/08/13;0500 UTC;0;1005,9;1006,2;1005,3;0;13,6;13,6;13,6;13,6;13,6;13,6;100;100;100;285;3,5;1,6;
2026/08/13;0600 UTC;0;1005,4;1006;1005,1;0;13,5;13,5;13,6;13,5;13,6;13,5;100;100;100;98;11,5;9,6;
2026/08/13;0700 UTC;0;1005,7;1005,8;1005,4;0;13,4;13,4;13,5;13,4;13,5;13,4;100;100;100;271;10,1;2,6;
2026/08/13;0800 UTC;1;1005,3;1005,7;1005,1;0;13,3;13,3;13,4;13,3;13,4;13,3;100;100;100;237;4,7;2,3;
2026/08/13;0900 UTC;0;1005;1005,8;1004,5;0;13;13;13,3;13;13,3;13;100;100;100;315;3,9;,2;
2026/08/13;1000 UTC;0;1005,8;1005,8;1004,3;0;13;13;13;12,7;13;12,7;100;100;100;243;4,8;3;
2026/08/13;1100 UTC;0;1006,8;1006,8;1005,6;8,6;13;13;13,1;13;13,1;13;100;100;100;274;4,7;1,8;
2026/08/13;1200 UTC;0;1007,4;1007,5;1006,3;307,8;13,8;13,3;13,8;13;13,4;13;100;97;97;87;9;8,5;
2026/08/13;1300 UTC;0;1008,1;1008,1;1007,3;788,5;14,2;13,2;14,3;13,8;13,6;13;97;93;94;94;10,4;9,1;
2026/08/13;1400 UTC;0;1008,1;1008,3;1008;671,3;14,2;12,7;14,4;13,9;13,5;12,4;95;89;90;97;11,6;10,3;
2026/08/13;1500 UTC;0;1007,5;1008,1;1007,5;1212,2;15,5;12,9;15,8;14,2;14,1;12,5;92;83;85;98;14,9;9,8;
2026/08/13;1600 UTC;0;1006,9;1007,5;1006,8;1753,5;17,3;13,2;17,3;15,4;13,5;12,3;86;74;77;15;16;1;
2026/08/13;1700 UTC;0;1006,7;1007;1006,6;1465,4;17,5;13,5;17,5;16,7;13,6;12,4;81;74;78;92;21,3;16,2;
2026/08/13;1800 UTC;0;1006,4;1006,7;1006,3;1710,4;18,6;12,8;18,6;17,5;13,8;12,1;77;67;69;94;22;17,4;
2026/08/13;1900 UTC;0;1006,1;1006,4;1005,9;1639,1;18,4;13,3;19,1;17,9;14;12;73;66;72;98;23,8;18,4;
2026/08/13;2000 UTC;0;1006,6;1006,6;1006;661,4;17,2;14,4;19;17,2;14,4;12,6;83;68;83;97;23,6;17,9;
2026/08/13;2100 UTC;0;1007,6;1007,6;1006,6;139,1;15,5;14,2;17,2;15,5;14,8;13,8;93;81;92;101;18,9;14,6;
2026/08/13;2200 UTC;,2;1008,2;1008,2;1007,6;8,1;15,4;15;15,6;15,4;15;14,1;98;91;98;99;17,5;14,6;
2026/08/13;2300 UTC;0;1008,5;1008,5;1008,1;0;14,1;13,9;15,5;14,1;15,1;13,8;99;97;99;100;18,2;14;
2026/08/14;0000 UTC;0;1009,1;1009,1;1008,5;0;13,8;13,2;14,1;13,8;13,9;13;99;95;96;99;16,6;13,4;
2026/08/14;0100 UTC;0;1009,9;1009,9;1009,2;0;13,4;13,1;13,8;13,4;13,2;13,1;98;96;98;99;15,3;12;
2026/08/14;0200 UTC;0;1009,9;1010;1009,8;0;13,6;13,1;13,6;13,4;13,2;13,1;98;97;97;98;14,1;12,6;
2026/08/14;0300 UTC;0;1009,4;1010;1009,4;0;13,4;13,1;13,6;13,4;13,2;13,1;98;97;98;98;14,1;12,2;
2026/08/14;0400 UTC;0;1009,2;1009,5;1009,2;0;13,4;13,2;13,4;13,4;13,2;13,1;99;98;99;97;13,9;12,3;
2026/08/14;0500 UTC;0;1009,1;1009,3;1009,1;0;13,4;13,3;13,4;13,4;13,3;13,1;99;98;99;96;15,7;12,1;
2026/08/14;0600 UTC;0;1009;1009,2;1008,9;0;13,7;13,1;13,7;13,4;13,3;13;99;96;96;95;15;12,6;
2026/08/14;0700 UTC;0;1008,4;1009;1008,3;0;13,3;13,1;13,6;13,3;13,2;13;99;96;99;95;14,5;11,7;
2026/08/14;0800 UTC;0;1008,5;1008,5;1008,2;0;13,4;13,2;13,4;13,3;13,2;13,1;99;98;98;96;12,6;11,5;
2026/08/14;0900 UTC;0;1008,6;1008,7;1008,4;0;13,4;13,3;13,4;13,4;13,3;13,2;99;99;99;97;13,1;11,6;
2026/08/14;1000 UTC;0;1008,9;1008,9;1008,6;0;13,3;13,2;13,4;13,3;13,3;13,2;100;99;100;98;13,6;12;
2026/08/14;1100 UTC;0;1009,5;1009,5;1008,9;78;13,4;12,9;13,4;13,2;13,2;12,8;99;97;97;98;13,7;12;
2026/08/14;1200 UTC;0;1009,7;1009,8;1009,4;371,7;13,8;12,7;13,9;13,2;13;12,6;97;93;93;98;14,8;12,6;
2026/08/14;1300 UTC;0;1010,2;1010,2;1009,7;459,8;14,2;13;14,3;13,8;13,1;12,7;94;91;92;97;16,4;13,9;
2026/08/14;1400 UTC;0;1010,1;1010,2;1009,7;393,6;14,5;12,9;14,5;14,1;13,2;12,8;94;90;90;95;16,9;14,5;
2026/08/14;1500 UTC;0;1009,4;1010,2;1009,4;603,9;15,4;13,3;15,4;14,5;13,6;13;91;88;88;96;17,8;15,5;
2026/08/14;1600 UTC;0;1009,4;1009,9;1009,3;392,4;15,3;13,5;15,4;15,2;13,7;13,3;91;88;89;96;18,7;15,2;
2026/08/14;1700 UTC;0;1008,5;1009,4;1008,4;497,5;15,8;13,5;16;15,3;13,9;13,4;91;85;86;95;18;16;
2026/08/14;1800 UTC;0;1007,5;1008,4;1007,5;485,7;16,1;13,7;16,1;15,6;13,9;13,4;88;86;86;95;17,6;16,5;
2026/08/14;1900 UTC;0;1006,9;1007,5;1006,8;410,7;16,1;13,9;16,1;15,8;14,2;13,5;89;85;87;96;18,3;16,8;
2026/08/14;2000 UTC;0;1007,3;1007,3;1006,9;259,4;15,7;13,9;16,3;15,7;14,2;13,7;89;85;89;95;18,7;16;
2026/08/14;2100 UTC;0;1007,1;1007,3;1007;66;15,5;14;15,7;15,5;14,1;13,8;91;89;91;95;17,7;15,5;
2026/08/14;2200 UTC;0;1007,1;1007,1;1006,9;2,2;15,2;14;15,4;15,2;14,1;13,9;93;91;92;94;16,6;15;
2026/08/14;2300 UTC;0;1007,1;1007,1;1006,8;0;15,2;13,9;15,2;15,1;14,1;13,9;93;92;92;95;16,3;15;
2026/08/15;0000 UTC;;;;;;;;;;;;;;;;;;
2026/08/15;0100 UTC;0;1008;1008;1007,4;0;14,8;14;15;14,8;14,1;14;95;94;95;95;15,1;14,1;
2026/08/15;0200 UTC;0;1007,9;1008;1007,6;0;14,7;14;14,8;14,7;14,1;14;96;95;95;94;15,8;14;
2026/08/15;0300 UTC;0;1007,4;1007,8;1007,4;0;14,9;14,1;14,9;14,8;14,2;14;96;95;95;94;17;14,8;
2026/08/15;0400 UTC;0;1007,4;1007,5;1007,3;0;14,7;14;14,9;14,7;14,2;14;96;95;96;94;16,3;14,3;
2026/08/15;0500 UTC;0;1007;1007,4;1007;0;13,6;13,4;14,6;13,6;14;13,4;99;96;99;95;14,7;13;
2026/08/15;0600 UTC;0;1006,9;1007;1006,8;0;13,5;13,5;13,6;13,4;13,5;13,4;100;99;100;95;13,3;12,3;
2026/08/15;0700 UTC;0;1006,1;1006,9;1006,1;0;13,6;13,6;13,6;13,3;13,6;13,3;100;100;100;94;12,8;12;
2026/08/15;0800 UTC;0;1005,7;1006,2;1005,7;0;13,8;13,7;13,8;13,6;13,7;13,6;100;99;99;94;12;12;
2026/08/15;0900 UTC;0;1005,3;1005,7;1005,2;0;13,9;13,8;13,9;13,8;13,8;13,7;99;99;99;94;12;12;
2026/08/15;1000 UTC;0;1005,5;1005,5;1005,3;0;13,9;13,9;13,9;13,8;13,9;13,7;100;99;100;94;12;12;
2026/08/15;1100 UTC;0;1005,7;1005,8;1005,5;36,8;14,4;14,3;14,4;13,9;14,3;13,9;100;100;100;96;14,5;13,8;
2026/08/15;1200 UTC;0;1005,9;1006;1005;189,2;15,3;14,9;15,3;14,4;14,9;14,4;100;97;97;94;16,6;15,5;
2026/08/15;1300 UTC;0;1005,9;1006;1005,7;316,6;16,2;15,4;16,2;15,3;15,4;14,8;97;94;95;121;16,5;1;
2026/08/15;1400 UTC;0;1006,1;1006,1;1005,9;635,1;17,7;16;17,7;16,2;16,1;15,3;95;90;90;135;21,1;2,7;
2026/08/15;1500 UTC;0;1005,2;1006,1;1005,2;1721,4;20,4;16,8;20,4;17,9;17,3;15,7;89;80;80;97;25,5;;
2026/08/15;1600 UTC;0;1004,1;1005,2;1004,1;2332,5;21,7;17,8;21,7;20,4;18,1;16,5;84;76;79;70;25,9;2,4;
2026/08/15;1700 UTC;0;1003;1004,1;1003;1834,7;22,4;18,5;22,7;21,4;18,8;17,5;81;76;78;72;4,8;2,1;
2026/08/15;1800 UTC;0;1002;1003;1002;1077,4;22,5;18,2;22,8;22,1;19,1;18,2;82;76;77;74;3,8;2;
2026/08/15;1900 UTC;0;1001,1;1002;1001,1;1037,6;23;18,9;23,2;22,6;19,1;17,7;79;73;78;82;3,3;1,9;
2026/08/15;2000 UTC;0;1000,6;1001,1;1000,5;641,8;22,6;19,2;23,3;22,6;19,5;18,4;81;74;81;83;4;2,3;
2026/08/15;2100 UTC;0;1000,7;1000,8;1000,5;219,9;21,6;19,1;22,6;21,6;19,5;19;86;81;86;62;3,6;1,7;
2026/08/15;2200 UTC;0;1000,4;1000,7;1000,4;8,4;21,2;19,2;21,6;21;19,3;19,1;90;87;88;92;3;1,7;
2026/08/15;2300 UTC;0;1000,7;1000,7;1000,3;0;20,7;19,5;21,2;20,6;19,5;19,1;93;88;93;100;2,7;1,1;
2026/08/16;0000 UTC;0;1000,6;1000,8;1000,3;0;20,2;19,4;20,7;20,2;19,6;19,4;95;93;95;95;3,9;1,1;
2026/08/16;0100 UTC;0;1000,9;1000,9;1000,6;0;19,9;19,3;20,2;19,9;19,5;19,3;96;95;96;146;1,5;,8;
2026/08/16;0200 UTC;0;1000,7;1000,9;1000,6;0;19;18,7;19,9;19;19,3;18,7;98;96;98;135;2,1;1,2;
2026/08/16;0300 UTC;0;1000,9;1001;1000,7;0;18,9;18,6;19;18,9;18,8;18,6;98;98;98;124;2,2;1,3;
2026/08/16;0400 UTC;0;1000,8;1000,9;1000,8;0;18,8;18,6;18,9;18,8;18,7;18,6;99;98;99;115;3,1;1,3;
2026/08/16;0500 UTC;0;1000,4;1000,8;1000,4;0;19;18,8;19;18,9;18,8;18,6;99;98;99;92;2,9;1,4;
2026/08/16;0600 UTC;0;999,8;1000,4;999,8;0;19,3;19,1;19,3;19;19,1;18,8;99;98;98;139;3,1;1,1;
2026/08/16;0700 UTC;0;998,9;999,7;998,9;0;22;20,5;22;19,3;20,5;19,1;98;91;91;61;4,9;3,1;
2026/08/16;0800 UTC;0;998,1;998,9;998,1;0;22,1;20,5;22,1;21,9;20,6;20,5;92;91;91;42;5,7;2,6;
2026/08/16;0900 UTC;2,2;999,2;999,2;997,1;0;21,6;20,9;22,1;21,6;21;20,5;96;91;96;16;10,7;5;
2026/08/16;1000 UTC;7,2;999;1000,7;999;0;22,9;20,7;22,9;21,5;21,1;20,6;98;87;87;63;6,9;3,6;
2026/08/16;1100 UTC;0;998,3;999,1;998,2;21,5;22,4;20,6;23,1;22,1;20,8;20,5;91;86;90;53;8,1;4,5;
2026/08/16;1200 UTC;0;998,4;998,4;997,9;154,1;22,4;20,6;22,4;22,2;20,7;20,5;91;89;90;44;8;3,2;
2026/08/16;1300 UTC;0;998,8;998,8;998,3;224,9;22,4;20,7;22,4;22,2;20,7;20,5;90;89;90;44;6,9;3,2;
2026/08/16;1400 UTC;0;998,8;999;998,6;535,2;23,6;21;23,7;22,4;21,3;20,6;90;85;85;39;6,6;2,5;
2026/08/16;1500 UTC;0;998;998,8;998;1205,5;26;21,6;26;23,6;22,1;20,8;85;77;77;35;7,1;2,9;
2026/08/16;1600 UTC;0;997,4;998;997,4;1489;28,3;21,5;28,3;26,1;22,5;21,3;78;66;67;11;8,1;2,3;
2026/08/16;1700 UTC;0;997;997,5;997;1697,4;30,1;21,9;30,1;28,3;22,7;21,1;70;61;62;301;7,3;3,3;
2026/08/16;1800 UTC;0;996,4;997;996,4;2071,5;30,5;21,2;30,5;30,1;22,4;20,2;62;55;57;315;10,4;5,6;
2026/08/16;1900 UTC;0;996,1;996,3;996,1;1274,5;29,9;22,2;30,6;29,2;22,7;20,7;67;56;63;308;9,6;2,6;
2026/08/16;2000 UTC;0;996,2;996,3;996,1;711,2;27,8;22,8;30,5;27,8;23;21,2;75;58;74;216;3,6;2,1;
2026/08/16;2100 UTC;0;996,5;996,5;996,2;253,6;27,1;23,3;27,7;27,1;23,3;22,6;79;74;79;131;2,2;,4;
2026/08/16;2200 UTC;0;996,8;996,8;996,4;7,4;25,6;21,8;27;25,3;23,2;21,7;86;79;79;127;2;1,1;
2026/08/16;2300 UTC;0;997,6;997,6;996,7;0;24,8;22,1;25,6;24,8;22,1;21,7;85;79;85;150;2,1;1;
2026/08/17;0000 UTC;0;998,1;998,1;997,6;0;22,8;22;24,7;22,8;22,3;22;96;85;96;131;1,9;1,4;
2026/08/17;0100 UTC;0;998,7;998,7;998,2;0;22;21,3;22,7;21,9;21,9;21,3;96;95;96;121;2,3;1,4;
2026/08/17;0200 UTC;0;998,7;998,8;998,5;0;21,8;21,2;22,1;21,8;21,3;21,2;96;95;96;116;3,4;1,1;
2026/08/17;0300 UTC;0;998,6;998,8;998,5;0;22,8;21,2;22,8;21,8;21,3;21,2;96;91;91;84;4,6;1,7;
2026/08/17;0400 UTC;0;998,4;998,6;998,4;0;23,6;20,9;23,6;22,6;21,3;20,9;92;85;85;59;4,8;3,2;
2026/08/17;0500 UTC;0;998,1;998,4;998,1;0;23,4;20,7;23,6;22,9;21;20,6;88;85;85;53;5,2;2,7;
2026/08/17;0600 UTC;0;998,1;998,1;997,9;0;23,1;20,5;23,3;23;20,7;20,5;86;85;85;57;4,4;1,9;
2026/08/17;0700 UTC;0;997,6;998,2;997,6;0;23;20,3;23,3;22;20,6;20,1;91;84;85;37;4,5;1,5;
2026/08/17;0800 UTC;0;997,1;997,6;997;0;22,6;19,9;23,3;22,6;20,3;19,8;85;82;85;49;3,1;1,7;
2026/08/17;0900 UTC;0;997,1;997,2;996,9;0;22,1;19,2;22,8;22,1;19,9;19,1;85;81;83;26;3;1,4;
2026/08/17;1000 UTC;0;997,5;997,5;997,1;0;21,6;19;22,1;21,6;19,3;19;86;84;85;28;4,8;2,1;
2026/08/17;1100 UTC;0;997,9;997,9;997,3;50,3;22;19;22,1;21,6;19,1;18,9;85;83;83;28;6;2,9;
2026/08/17;1200 UTC;0;998,5;998,5;997,9;444,4;23;19,5;23;22;19,5;18,9;84;80;81;29;6,4;2,5;
2026/08/17;1300 UTC;0;998,8;998,8;998,4;860,3;24,6;20,1;24,6;23;20,1;19,2;81;73;76;22;7,3;2,2;
2026/08/17;1400 UTC;0;998,9;998,9;998,8;1788,3;27,8;20,3;27,8;24,7;20,8;19,6;74;64;64;15;7,8;3,7;
2026/08/17;1500 UTC;0;998,9;998,9;998,8;2204,8;29,2;21,4;29,2;27,8;21,4;19,8;65;60;63;15;10,5;2,3;
2026/08/17;1600 UTC;0;998,5;998,9;998,5;1959,3;29,5;20,4;30,1;29,2;21,8;19,5;64;54;58;14;7,4;2;
2026/08/17;1700 UTC;0;997,3;998,5;997,3;1967,8;31,2;22,1;31,2;29,6;22,1;19,5;61;53;59;20;6,8;1,2;
2026/08/17;1800 UTC;0;997,1;997,3;997;1949,6;31,3;20,3;31,9;30,2;22;19,9;58;49;52;317;7,6;4,7;
2026/08/17;1900 UTC;0;996,9;997,1;996,8;1655,7;31,3;20,9;31,5;31,2;21,4;19,5;56;49;54;325;8,9;2;
2026/08/17;2000 UTC;0;997,2;997,3;996,9;848,6;29,2;21,5;31,3;29,2;22,3;20,5;67;53;63;77;6,7;,7;
2026/08/17;2100 UTC;0;997,9;997,9;997,2;308,3;26,9;22,7;30,1;26,9;23;21,2;78;60;78;40;2,9;,6;
2026/08/17;2200 UTC;0;998,9;998,9;997,9;7,7;25,5;21,6;26,8;25,3;22,7;21,6;83;76;79;27;1,5;,7;
2026/08/17;2300 UTC;0;999,7;999,7;999;0;26,3;20,9;26,5;24,9;22,5;20,1;85;71;72;279;4,4;2,9;
2026/08/18;0000 UTC;;;;;;;;;;;;;;;;;;
2026/08/18;0100 UTC;;;;;;;;;;;;;;;;;;
2026/08/18;0200 UTC;;;;;;;;;;;;;;;;;;
2026/08/18;0300 UTC;0;1002;1002;1000,3;0;21,5;19,3;22,5;21,5;21;19,2;92;83;87;245;7,8;5;
2026/08/18;0400 UTC;0;1001,6;1002,1;1001,5;0;20,3;19,4;21,4;20,3;19,5;19,3;95;88;95;99;26,1;;
2026/08/18;0500 UTC;0;1001,5;1001,7;1001,3;0;20,2;19,4;20,4;20,2;19,4;19,4;95;94;95;93;26,7;;
2026/08/18;0600 UTC;0;1001,1;1001,6;1001;0;20,1;19,5;20,2;19,9;19,5;19,3;97;95;96;92;27,4;;
2026/08/18;0700 UTC;0;1000,6;1001,1;1000,4;0;19,7;19,3;20,4;19,7;19,6;19,3;98;95;98;90;28,4;;
2026/08/18;0800 UTC;0;1001,6;1001,6;1000,6;0;19,8;19,4;19,8;19,6;19,4;19,2;98;97;97;65;25,2;16,9;
2026/08/18;0900 UTC;0;1001,7;1001,8;1001,5;0;19,7;19,1;20;19,7;19,4;19,1;98;96;97;83;26,2;13,3;
2026/08/18;1000 UTC;0;1002,8;1003,2;1001,7;0;19,9;19;20;19,2;19,2;18,9;99;94;95;253;23,3;3,3;
2026/08/18;1100 UTC;0;1004;1004;1002,8;22,5;19;18,7;19,9;19;19,1;18,7;99;95;98;96;22,9;19,9;
2026/08/18;1200 UTC;0;1004,6;1004,6;1003,8;211,3;19,2;18,6;19,2;19;18,8;18,4;98;97;97;99;23,1;;
2026/08/18;1300 UTC;0;1005,1;1005,2;1004,5;693,8;20;18,6;20,2;19;18,8;18,1;97;90;92;97;25,2;;
2026/08/18;1400 UTC;0;1004,2;1005,6;1004,2;1068,7;20,7;18,7;20,8;20;19,3;18,1;94;86;89;158;24,9;11,3;
2026/08/18;1500 UTC;0;1005;1005,1;1003,9;1240,1;21,2;19;22;20,7;19,6;18,4;89;82;87;153;25,9;14,1;
2026/08/18;1600 UTC;0;1004,5;1005,2;1004,4;1610,6;22,6;18,6;22,6;20,7;19,5;18,1;88;76;79;305;25,2;2,7;
2026/08/18;1700 UTC;0;1005,8;1005,8;1004,3;2030,9;21,8;18,6;23,9;21,8;19,6;18,3;82;72;82;280;10,6;7,1;
2026/08/18;1800 UTC;0;1004,7;1005,7;1004,7;842,5;19,9;17,1;21,8;19,4;18,6;16,4;86;79;84;91;23,9;;
2026/08/18;1900 UTC;2,2;1005;1006,2;1004,7;220,8;18,3;17,3;19,9;18,3;17,8;16,9;96;83;94;96;23;16,9;
2026/08/18;2000 UTC;0;1005,6;1005,9;1005;186,6;16,7;16,1;18,2;16,7;17,3;16;96;92;96;100;18,2;14,4;
2026/08/18;2100 UTC;0;1006,4;1007;1005,7;66,5;15,7;14,6;16,7;15,4;16,1;14,6;97;94;94;105;15,9;11,5;
2026/08/18;2200 UTC;0;1007,9;1007,9;1006;3,7;15,7;14,9;15,7;15,5;15;14,6;97;94;95;94;16,6;12,3;
2026/08/18;2300 UTC;0;1007,3;1007,9;1007;0;15,3;14,7;15,7;15,3;15;14,6;97;93;96;90;16,1;14,9;
2026/08/19;0000 UTC;;;;;;;;;;;;;;;;;;
2026/08/19;0100 UTC;0;1008,2;1008,8;1007,8;0;15,4;14,6;15,4;15,3;14,9;14,5;97;94;95;94;15,4;13,6;
2026/08/19;0200 UTC;;;;;;;;;;;;;;;;;;
2026/08/19;0300 UTC;0;1009;1009,1;1008;0;14,8;14,1;15,1;14,8;14,2;13,9;96;94;95;95;14,5;11,6;
2026/08/19;0400 UTC;0;1008,5;1009,1;1008,2;0;14,5;13,5;14,8;14,5;14,3;13,5;97;94;94;94;13;10,8;
2026/08/19;0500 UTC;0;1009,1;1009,1;1008,1;0;14,4;13,7;14,6;14,4;13,8;13,4;95;93;95;88;12,6;10,5;
2026/08/19;0600 UTC;0;1008,3;1009,3;1008,3;0;14,2;14,1;14,4;14,2;14,1;13,6;99;95;99;94;12,3;11,5;
2026/08/19;0700 UTC;0;1008,3;1008,4;1008;0;14;13,8;14,2;13,9;14,1;13,8;100;99;99;92;12,9;12,1;
2026/08/19;0800 UTC;0;1008,1;1008,8;1008;0;13,6;13,5;14,1;13,6;14;13,5;100;99;100;100;12,6;9,3;
2026/08/19;0900 UTC;0;1008,1;1008,8;1008,1;0;13,5;13,3;13,7;13,5;13,5;13,1;100;97;99;92;12,9;11,9;
2026/08/19;1000 UTC;0;1008,6;1008,9;1008;0;13,4;13,3;13,5;13,4;13,4;13,2;99;98;99;94;12,9;10,3;
2026/08/19;1100 UTC;0;1009,3;1009,3;1007,9;11,4;13,8;13,7;13,8;13,4;13,8;13,3;100;99;99;99;12,9;10,5;
2026/08/19;1200 UTC;;;;;;;;;;;;;;;;;;
2026/08/19;1300 UTC;0;1009,6;1010,2;1009,5;260,1;14,6;14;14,6;14;14;13,6;98;95;96;94;15,2;13,6;
2026/08/19;1400 UTC;0;1010,4;1010,4;1009,5;376,8;15,3;14,3;15,3;14,7;14,4;13,7;96;93;93;90;16,2;14,7;
2026/08/19;1500 UTC;0;1009,7;1010,4;1009,7;498,3;16;14,3;16;15,3;14,7;14,1;96;90;90;91;17,3;16,3;
2026/08/19;1600 UTC;0;1008,9;1009,7;1008,8;475,6;16,4;15;16,4;15,7;15,2;14,2;95;90;92;90;19;17,4;
2026/08/19;1700 UTC;,2;1008,2;1008,9;1008,1;426,2;16,5;15;16,6;16,4;15,6;14,9;94;90;91;89;19,8;18,4;
2026/08/19;1800 UTC;0;1007,5;1008,3;1007,5;271,1;16,8;15,2;16,9;16,5;15,5;15;92;89;90;89;20,1;18,4;
2026/08/19;1900 UTC;2,2;1007,7;1008;1007,4;72,1;16,1;15,8;16,7;16,1;15,8;15,2;98;91;98;90;19,1;16,3;
2026/08/19;2000 UTC;,8;1006,3;1007,6;1006,3;90,8;16,1;16;16,1;16;16;15,6;99;97;99;94;17,8;16;
2026/08/19;2100 UTC;0;1006,2;1006,4;1006;69,6;16,1;15,9;16,1;16,1;16;15,7;99;98;99;98;16,9;15,5;
2026/08/19;2200 UTC;,4;1006,5;1006,5;1005,8;1,1;15,9;15,9;16,1;15,9;16;15,8;100;99;100;100;16,8;13,8;
2026/08/19;2300 UTC;1,6;1006,3;1006,8;1006;0;15,2;15,2;15,9;15,2;15,9;15,2;100;100;100;105;14,9;12,3;
2026/08/20;0000 UTC;;;;;;;;;;;;;;;;;;
2026/08/20;0100 UTC;,6;1006,4;1007;1005,9;0;14,4;14,2;14,5;14,3;14,4;14,1;100;99;99;103;13;11,1;
2026/08/20;0200 UTC;3,2;1007;1007,2;1006,1;0;14,4;14,3;14,6;14,4;14,6;14,3;100;98;100;79;12,7;8,6;
2026/08/20;0300 UTC;3,2;1006,9;1007;1005,6;0;13;12,8;14,4;12,9;14,3;12,7;100;98;99;85;11;5,9;
2026/08/20;0400 UTC;6,4;1006,6;1007,4;1005,4;0;12,9;12,7;13,1;12,8;13;12,6;100;98;99;84;9,3;5,5;
2026/08/20;0500 UTC;2,8;1004,2;1006,3;1004,2;0;12,8;12,8;12,9;12,7;12,8;12,6;100;99;100;95;10,5;9,8;
2026/08/20;0600 UTC;2,8;1005;1005,1;1003,2;0;13;13;13,1;12,8;13,1;12,8;100;100;100;89;13,1;10,9;
2026/08/20;0700 UTC;2;1004,1;1004,9;1003,9;0;12,9;12,7;13,1;12,9;13,1;12,7;100;99;99;63;13,2;6;
2026/08/20;0800 UTC;1;1003,5;1004,1;1003,5;0;12,6;12,3;12,9;12,6;12,7;12,3;99;98;98;91;9,3;5;
2026/08/20;0900 UTC;,8;1004;1004,1;1003,5;0;12,4;12,1;12,6;12,4;12,4;12;99;97;98;84;8,6;7,3;
2026/08/20;1000 UTC;,2;1004;1004;1003,8;0;12,5;12,4;12,6;12,4;12,4;12,1;99;98;99;76;10,8;7,7;
2026/08/20;1100 UTC;1,2;1004,7;1004,8;1004;26,6;12,6;12,5;12,6;12,4;12,5;12,3;100;99;100;62;9,6;6,5;
2026/08/20;1200 UTC;,2;1004,5;1004,9;1004,4;256,4;12,9;12,3;13;12,6;12,5;12,2;100;95;97;65;8,9;7;
2026/08/20;1300 UTC;0;1005,1;1005,3;1004,6;289,5;12,9;12,2;13;12,8;12,6;12,2;98;95;95;54;9,8;6,5;
2026/08/20;1400 UTC;0;1005,1;1005,2;1004,8;662,2;13,6;12,3;13,6;12,8;12,3;11,8;96;90;92;52;9,2;6,1;
2026/08/20;1500 UTC;0;1004,3;1005;1004,3;1236,6;14,5;11,3;15;13,6;12,9;11,3;92;81;81;58;11;7,2;
2026/08/20;1600 UTC;0;1004;1004,4;1004;1030,5;14,3;11,3;15,1;13,5;13,1;10,9;94;79;82;42;12,5;7;
2026/08/20;1700 UTC;0;1003,8;1004;1003,8;620;13,2;11,4;14,5;13,1;11,7;10,9;91;79;89;44;9,8;4,7;
2026/08/20;1800 UTC;0;1003,4;1003,9;1003,3;747,3;13,8;10,6;14,2;13,3;12;10,4;90;80;81;43;9;6,1;
2026/08/20;1900 UTC;0;1003;1003,3;1002,8;864,2;13,8;10,9;14,8;13,8;11,5;10,4;83;77;83;56;11,3;6,8;
2026/08/20;2000 UTC;0;1003,7;1003,7;1003;284,1;13,2;11,8;13,8;12,9;12,2;10,8;95;83;91;69;9,5;5,5;
2026/08/20;2100 UTC;0;1004,3;1004,3;1003,7;121,5;13,3;11,6;13,4;12,9;12,2;11,3;95;87;90;54;8,2;5,3;
2026/08/20;2200 UTC;0;1004,7;1004,7;1004,3;10,4;12,7;11,9;13,3;12,7;11,9;11,5;95;89;95;41;8,3;5,4;
2026/08/20;2300 UTC;0;1005,3;1005,3;1004,6;0;12,7;12,5;12,8;12,6;12,5;11,8;99;95;99;73;9,5;5,6;
2026/08/21;0000 UTC;0;1006,1;1006,1;1005,2;0;12,7;12,1;12,9;12,7;12,6;12,1;99;95;96;90;8,8;6,9;
2026/08/21;0100 UTC;0;1007,2;1007,3;1006,2;0;11,7;10,5;12,5;11,7;11,9;10,5;97;92;92;159;7,6;4,2;
2026/08/21;0200 UTC;0;1007,9;1008;1007;0;10,1;8,9;11,7;10,1;10,6;8,9;93;90;92;163;7,9;4,6;
2026/08/21;0300 UTC;0;1008,7;1008,7;1007,8;0;8,9;8,3;10;8,9;8,9;8,3;97;93;96;186;5,4;2,2;
2026/08/21;0400 UTC;0;1008,7;1009,1;1008,7;0;9;7,6;9,2;8,8;8,3;7,6;96;91;91;194;5,6;1,9;
2026/08/21;0500 UTC;0;1008,6;1008,7;1008,4;0;8;6,9;9;7,7;7,6;6,6;94;90;93;119;2,8;1,8;
2026/08/21;0600 UTC;0;1008,3;1008,6;1008,2;0;7,4;7;8,1;7,3;7;6,7;97;92;97;61;6,6;1,9;
2026/08/21;0700 UTC;0;1008,4;1008,4;1008,2;0;7,5;7,2;7,8;7,2;7,6;6,7;99;96;98;60;7,1;2,2;
2026/08/21;0800 UTC;0;1008,3;1008,5;1008,1;0;7,7;7,7;8;7,4;7,9;7,1;100;98;100;56;7,3;1;
2026/08/21;0900 UTC;0;1008,6;1008,7;1008,3;0;7,6;7,6;7,9;7,5;7,9;7,5;100;100;100;92;6,9;6,1;
2026/08/21;1000 UTC;0;1009,1;1009,1;1008,5;0;6,8;6,8;7,8;6,8;7,8;6,8;100;100;100;79;6,1;4,6;
2026/08/21;1100 UTC;0;1009,8;1009,8;1009,1;77,3;8,6;8,6;8,6;6,9;8,6;6,9;100;100;100;74;;;
2026/08/21;1200 UTC;0;1010;1010,1;1009,8;668,6;9,6;9,6;9,7;8,6;9,7;8,6;100;100;100;74;;;
2026/08/21;1300 UTC;0;1010,3;1010,3;1010;1890,5;12,8;11,3;12,8;9,8;11,3;9,8;100;90;91;85;;;
2026/08/21;1400 UTC;0;1010,3;1010,3;1010,1;2259,3;15;11,6;15;12,7;12;10,8;91;79;80;80;;;
2026/08/21;1500 UTC;0;1010,4;1010,4;1010,2;2610,7;16,9;10,5;17,1;15,2;12,1;10,4;82;65;66;95;;;
2026/08/21;1600 UTC;0;1010,4;1010,5;1010,4;2789,9;18,2;12,1;18,5;16,8;12,6;10,4;70;61;68;99;;;
2026/08/21;1700 UTC;0;1009,8;1010,4;1009,8;2532,8;18,6;11,9;18,9;17,6;12,9;10,6;70;61;65;98;;;
2026/08/21;1800 UTC;0;1009,5;1009,8;1009,5;2327,8;18,5;11;19;17,8;12,9;11;71;62;62;100;;;
2026/08/21;1900 UTC;0;1010;1010;1009,4;1816,3;17,9;11,4;19;17,9;13;10,9;69;61;66;103;;;
2026/08/21;2000 UTC;0;1010,7;1010,7;1009,9;1247,3;17,9;12;19;17,9;12,7;11,2;69;62;68;101;;;
2026/08/21;2100 UTC;0;1011,2;1011,2;1010,7;441,2;16,5;12;18,1;16,5;12,5;11,5;77;66;75;102;;;
2026/08/21;2200 UTC;;;;;;;;;;;;;;;;;;
2026/08/21;2300 UTC;0;1012,8;1012,8;1012,1;0;13,3;11;13,9;13;11,5;11;88;85;86;106;;;
2026/08/22;0000 UTC;0;1013,6;1013,6;1012,8;0;11,8;9,3;13,2;11,8;11,1;9,3;89;84;85;103;;;
2026/08/22;0100 UTC;0;1014;1014,1;1013,7;0;11;8,5;11,6;11;9,3;8,5;87;83;84;157;;;
2026/08/22;0200 UTC;0;1014,2;1014,3;1014;0;10,1;8,2;11;10,1;8,5;8,2;88;84;88;165;;;
2026/08/22;0300 UTC;0;1014,2;1014,4;1014,2;0;9,8;7,4;10,1;9,8;8,3;7,4;89;85;85;158;;;
2026/08/22;0400 UTC;0;1014,7;1014,7;1014,3;0;8,6;6,7;9,8;8,6;7,3;6,6;88;83;88;169;;;
2026/08/22;0500 UTC;0;1014,9;1014,9;1014,6;0;7,9;6,2;8,6;7,9;6,7;6,1;89;87;89;170;;;
2026/08/22;0600 UTC;0;1015;1015,2;1014,9;0;7,3;6;7,9;7,3;6,3;6;92;89;91;167;;;
2026/08/22;0700 UTC;0;1015,2;1015,3;1015;0;6,6;5,7;7,4;6,6;6;5,7;94;90;94;166;;;
2026/08/22;0800 UTC;0;1015,3;1015,4;1015,2;0;6,6;5,1;6,8;6,6;5,7;5;94;88;91;152;;;
2026/08/22;0900 UTC;0;1015,8;1015,8;1015,2;0;6,1;4,6;6,6;6,1;5,2;4,6;91;89;90;157;;;
2026/08/22;1000 UTC;0;1016,5;1016,5;1015,8;0;5,3;4,4;6,1;5,3;4,6;4,3;94;90;94;163;;;
2026/08/22;1100 UTC;0;1016,8;1016,9;1016,5;100;5,8;4,5;5,8;4,8;4,6;4,1;96;91;91;155;;;
2026/08/22;1200 UTC;0;1016,8;1016,9;1016,7;923,6;7,7;3,6;7,7;5,9;4,6;3,5;92;75;75;105;;;
2026/08/22;1300 UTC;0;1017,2;1017,2;1016,7;1668,1;9,6;2,7;9,6;7,7;4,1;2;77;60;62;116;;;
2026/08/22;1400 UTC;0;1017;1017,2;1017;2299,9;11;2,7;11,1;9,6;3,5;2;65;54;56;127;;;
2026/08/22;1500 UTC;0;1016,4;1017;1016,4;2687,2;11,8;3,8;11,8;10,9;3,8;1,6;61;51;58;105;;;
2026/08/22;1600 UTC;0;1015,3;1016,4;1015,3;2879,9;12,7;2,9;12,9;11,8;4,7;2;59;50;51;102;;;
2026/08/22;1700 UTC;0;1014,3;1015,3;1014,3;2782,8;13,2;3,3;13,9;12,2;5,2;1,6;58;45;51;97;;;
2026/08/22;1800 UTC;0;1012,9;1014,2;1012,9;2433,8;13,9;3,7;14,3;13,1;5,2;2,6;56;46;50;169;;;
2026/08/22;1900 UTC;0;1012,4;1012,9;1012,4;1919,9;14,2;4,3;14,6;13,6;4,9;2,9;55;46;51;177;;;
2026/08/22;2000 UTC;0;1012,3;1012,5;1012,2;1190,2;14,3;3,8;14,7;14,1;5;2,7;53;45;49;97;;;
2026/08/22;2100 UTC;0;1012,4;1012,4;1012,3;487;12,7;5,5;14,2;12,7;5,9;3,1;62;49;61;177;;;
2026/08/22;2200 UTC;0;1013,1;1013,1;1012,4;130,1;10,3;5,4;12,6;10,3;6,1;4,7;73;61;71;6;;;
2026/08/22;2300 UTC;0;1013,6;1013,6;1013;0;9,6;5;10,2;9;6,6;4,8;81;69;73;254;;;
2026/08/23;0000 UTC;0;1014;1014,1;1013,6;0;9,3;5,2;9,9;9,1;5,6;4,9;78;71;75;184;;;
2026/08/23;0100 UTC;0;1013,9;1014;1013,8;0;7,9;5,4;9,4;7,8;6,1;5,3;86;77;84;170;;;
2026/08/23;0200 UTC;0;1014,2;1014,2;1013,9;0;8,1;5,7;8,4;7,8;5,7;5,3;85;82;85;157;;;
2026/08/23;0300 UTC;0;1014,4;1014,4;1014,1;0;8,1;6,6;8,1;7,7;6,6;5,4;90;84;90;181;;;
2026/08/23;0400 UTC;;;;;;;;;;;;;;;;;;
2026/08/23;0500 UTC;0;1013,9;1014,2;1013,9;0;7,6;5,1;8,4;7,5;5,5;4,8;87;81;84;162;;;
2026/08/23;0600 UTC;0;1013,7;1013,9;1013,5;0;6,5;5,4;7,7;6,5;5,4;4,9;92;83;92;153;;;
2026/08/23;0700 UTC;0;1013,7;1013,7;1013,5;0;6,1;4,6;6,6;6;5,4;4,6;93;89;90;152;;;
2026/08/23;0800 UTC;0;1013,7;1013,8;1013,5;0;6;4,5;6;5,6;4,8;4,4;93;90;90;143;;;
2026/08/23;0900 UTC;0;1013,8;1013,8;1013,6;0;5,8;4,6;6,1;5,7;4,7;4,5;92;90;92;103;;;
2026/08/23;1000 UTC;0;1014,8;1014,8;1013,8;0;5,3;4,5;5,9;5,3;4,6;4,4;94;91;94;136;;;
2026/08/23;1100 UTC;0;1015,3;1015,3;1014,9;99,8;6,3;4,9;6,3;5,3;4,9;4,4;94;90;90;141;;;
2026/08/23;1200 UTC;0;1015,4;1015,4;1015,2;921,6;8,9;5,6;8,9;6,4;6;4,8;91;80;80;114;;;
2026/08/23;1300 UTC;0;1015,6;1015,8;1015,5;1661,1;11,6;5,4;11,6;9;6,7;5,3;82;66;66;100;;;
2026/08/23;1400 UTC;0;1015,5;1015,6;1015,5;2290,1;12,8;5,3;13,1;11,4;6,4;5;69;59;60;98;;;
2026/08/23;1500 UTC;0;1015,1;1015,5;1015;2679,1;14,4;5,4;14,6;12,9;6,7;4,4;63;52;55;97;;;
2026/08/23;1600 UTC;0;1014,5;1015,1;1014,5;2854,1;14,8;5,7;15,7;14;6,9;4,3;59;50;54;95;;;
2026/08/23;1700 UTC;0;1013,6;1014,5;1013,6;2777,6;16,4;4,3;16,4;14,8;6,8;3,4;57;42;44;95;;;
2026/08/23;1800 UTC;0;1013;1013,6;1013;2440,9;16,9;4,4;17,2;16,3;5,9;2,8;49;39;43;96;;;
2026/08/23;1900 UTC;0;1012,5;1013;1012,5;1900,9;16,8;3,2;17,4;16,6;5,9;1,9;47;37;40;90;;;
2026/08/23;2000 UTC;0;1012,4;1012,6;1012,4;1191;17;4,3;17,2;16,8;5,2;2,7;46;39;43;95;;;
2026/08/23;2100 UTC;0;1012,7;1012,7;1012,4;448,4;15,2;4,6;16,9;15,2;5,9;3,8;51;42;49;146;;;
2026/08/23;2200 UTC;0;1013,6;1013,6;1012,7;13,5;11,8;6,3;15,2;11,5;6,7;4,2;70;48;69;152;;;
2026/08/23;2300 UTC;0;1014;1014;1013,6;0;10,5;4,9;12,5;10,5;6,4;4,9;70;62;68;134;;;
2026/08/24;0000 UTC;0;1014,1;1014,3;1014;0;11;5,3;11,5;10,5;5,5;4,7;68;64;68;83;;;
2026/08/24;0100 UTC;0;1014,2;1014,2;1014;0;10;5,2;10,9;10;5,6;5,1;72;68;72;90;;;
2026/08/24;0200 UTC;0;1014,8;1014,8;1014,2;0;8,6;5,2;10,2;8;5,3;4,7;83;70;79;119;;;
2026/08/24;0300 UTC;0;1014,4;1014,8;1014,4;0;8,2;4,8;8,6;8,1;5,3;4,8;82;77;79;129;;;
2026/08/24;0400 UTC;0;1014,1;1014,4;1014;0;8,1;4,7;8,8;8;4,9;4,2;80;73;79;124;;;
2026/08/24;0500 UTC;0;1013,7;1014,1;1013,7;0;7,4;4,6;8,1;7,4;4,7;4,3;83;78;83;125;;;
2026/08/24;0600 UTC;0;1013,1;1013,7;1013,1;0;6,3;4,4;7,4;6,3;4,7;4,3;88;83;88;136;;;
2026/08/24;0700 UTC;0;1013,4;1013,4;1013;0;5,8;4;6,5;5,6;4,4;3,8;89;86;88;155;;;
2026/08/24;0800 UTC;0;1013,8;1013,8;1013,4;0;6;4,6;6,2;5,8;4,6;3,9;91;87;90;139;;;
2026/08/24;0900 UTC;0;1014,4;1014,4;1013,8;0;5,5;4,4;6,1;5,3;4,8;4,2;93;90;93;147;;;
2026/08/24;1000 UTC;0;1014,9;1014,9;1014,4;0;5,3;4,5;5,8;5,2;4,6;4,4;95;92;95;145;;;
2026/08/24;1100 UTC;0;1015;1015,4;1014,9;140,7;6,6;5,4;6,6;5,2;5,4;4,5;95;91;92;138;;;
2026/08/24;1200 UTC;0;1015;1015,2;1015;837,8;9,6;6,8;9,6;6,7;7;5,4;92;82;83;105;;;
2026/08/24;1300 UTC;0;1014,9;1015;1014,8;1335,1;11,8;6,7;11,8;9,7;7,3;5,9;82;69;71;99;;;
2026/08/24;1400 UTC;0;1014,6;1015;1014,5;2086,7;14,4;7,5;14,4;11,8;7,8;6,4;74;60;63;97;;;
2026/08/24;1500 UTC;0;1013,7;1014,7;1013,7;2192,5;15,9;7,7;15,9;14,2;8;6,3;64;55;58;97;;;
2026/08/24;1600 UTC;0;1012,4;1013,6;1012,4;1995,2;16,4;7,4;16,7;15,3;8,3;6,5;61;53;55;96;;;
2026/08/24;1700 UTC;0;1011,3;1012,3;1011,3;1956,5;16,4;7,9;17,3;16,3;8,4;6,5;57;50;57;97;;;
2026/08/24;1800 UTC;0;1010,3;1011,2;1010,3;1660,4;16,8;6,9;17,4;16,4;8,1;6;58;49;52;96;;;
2026/08/24;1900 UTC;0;1010,2;1010,4;1010,1;1143,6;16,7;7,3;16,9;16,7;7,9;6,3;56;50;54;103;;;
2026/08/24;2000 UTC;0;1010,1;1010,3;1010;770,7;15,5;8,3;17,1;15,5;8,3;6,6;62;50;62;149;;;
2026/08/24;2100 UTC;0;1010,3;1010,3;1010,1;284,9;14,3;8;15,5;14,3;8,8;7,7;67;61;66;122;;;
2026/08/24;2200 UTC;0;1010,4;1010,5;1010,3;20,6;12,3;8,6;14,2;12,3;8,8;8;78;66;78;131;;;
2026/08/24;2300 UTC;0;1010,8;1010,8;1010,3;0;11,3;8,3;12,3;11,3;8,7;8,3;82;78;82;131;;;
2026/08/25;0000 UTC;0;1011,3;1011,4;1010,8;0;10,5;8,2;11,3;10,5;8,4;8,1;86;82;86;142;;;
2026/08/25;0100 UTC;0;1011,1;1011,2;1011;0;10,1;8,3;10,6;10;8,4;8,2;89;86;89;137;;;
2026/08/25;0200 UTC;0;1010,9;1011,2;1010,9;0;9,3;7,9;10;9,2;8,3;7,9;92;89;91;152;;;
2026/08/25;0300 UTC;0;1010,8;1011;1010,4;0;8,7;7,6;9,3;8,6;8;7,6;93;91;93;143;;;
2026/08/25;0400 UTC;0;1010,1;1010,8;1010,1;0;7,9;7,3;8,7;7,9;7,6;7,2;96;93;96;142;;;
2026/08/25;0500 UTC;0;1009,6;1010,2;1009,6;0;7,9;7,1;8,2;7,8;7,3;6,9;96;93;95;144;;;
2026/08/25;0600 UTC;0;1009;1009,6;1008,9;0;7,3;6,7;8;7,3;7,1;6,7;96;94;96;138;;;
2026/08/25;0700 UTC;0;1008,9;1009,2;1008,8;0;6,9;6,5;7,3;6,9;6,7;6,4;97;96;97;141;;;
2026/08/25;0800 UTC;0;1008,5;1009;1008,5;0;7;6,5;7,1;6,8;6,6;6,4;98;96;96;152;;;
2026/08/25;0900 UTC;0;1008,4;1008,7;1008,3;0;6,9;6,8;7;6,8;6,8;6,4;99;96;99;152;;;
2026/08/25;1000 UTC;0;1008,6;1008,9;1008,4;0;7,3;7,2;7,3;6,9;7,3;6,8;100;99;100;152;;;
2026/08/25;1100 UTC;0;1009,1;1009,2;1008,4;75,1;7,2;7,1;7,5;7,2;7,5;7,1;100;100;100;152;;;
2026/08/25;1200 UTC;0;1009,5;1009,6;1009,1;315,1;8,8;8;8,8;7,2;8;7,1;100;94;94;133;;;
2026/08/25;1300 UTC;;;;;;;;;;;;;;;;;;
2026/08/25;1400 UTC;0;1009;1009,6;1009;2214,7;12,6;9,6;12,6;9,8;9,8;7,6;90;80;82;102;;;
2026/08/25;1500 UTC;0;1008,1;1008,9;1008,1;2702,3;14,8;10,2;14,8;12,2;10,4;8,6;83;71;74;97;;;
2026/08/25;1600 UTC;0;1006,6;1008;1006,6;2842,7;17,2;10,8;17,5;14,9;11,8;9,4;74;60;66;94;;;
2026/08/25;1700 UTC;0;1005,9;1006,5;1005,8;2655,7;18,3;9,2;18,8;17,3;11,3;8,7;67;54;55;95;;;
2026/08/25;1800 UTC;;;;;;;;;;;;;;;;;;
2026/08/25;1900 UTC;0;1004;1004,9;1004;1472,1;19,4;10,7;20;18,8;11,3;9,7;60;53;57;94;;;
2026/08/25;2000 UTC;0;1003,8;1004,1;1003,6;1130,6;19,3;10,1;20;18,9;11;9,5;58;51;55;94;;;
2026/08/25;2100 UTC;0;1003,9;1003,9;1003,6;438,6;17,2;10,9;19,5;17,2;11,2;9,2;67;51;66;118;;;
2026/08/25;2200 UTC;0;1004,1;1004,1;1003,9;17,9;15;11,1;17,3;15;11,6;10,9;77;66;77;139;;;
2026/08/25;2300 UTC;0;1004,5;1004,5;1004,1;0;13,9;11,1;15;13,9;11,4;11;83;78;83;144;;;
2026/08/26;0000 UTC;0;1004,7;1004,7;1004,5;0;12,9;10,8;13,8;12,9;11,1;10,8;87;83;87;130;;;
2026/08/26;0100 UTC;0;1004,5;1004,8;1004,5;0;12,6;10,6;13;12,5;10,8;10,5;88;86;88;125;;;
2026/08/26;0200 UTC;0;1004;1004,6;1004;0;11,5;10,2;12,5;11,5;10,6;10,1;92;88;92;129;;;
2026/08/26;0300 UTC;0;1004,4;1004,5;1004;0;11,4;10,1;11,5;11,3;10,2;10;92;91;92;143;;;
2026/08/26;0400 UTC;0;1004,4;1004,6;1004,2;0;10,8;9,9;11,4;10,8;10,2;9,9;95;92;94;134;;;
2026/08/26;0500 UTC;0;1003,5;1004,5;1003,5;0;10,6;9,9;11;10,6;10,1;9,9;96;94;96;122;;;
2026/08/26;0600 UTC;0;1003,1;1003,6;1003,1;0;10,3;9,8;10,6;10,3;9,9;9,7;97;95;96;131;;;
2026/08/26;0700 UTC;0;1002,1;1003,1;1002,1;0;9,9;9,5;10,3;9,8;9,8;9,5;98;96;98;129;;;
2026/08/26;0800 UTC;0;1001,6;1002,1;1001,6;0;9,7;9,5;9,9;9,7;9,6;9,4;99;98;99;101;;;
2026/08/26;0900 UTC;0;1001,6;1001,6;1001,3;0;9,7;9,5;9,9;9,6;9,7;9,4;99;98;99;102;;;
2026/08/26;1000 UTC;0;1001,9;1001,9;1001,5;0;9,8;9,7;9,8;9,7;9,7;9,5;99;99;99;102;;;
2026/08/26;1100 UTC;0;1002,1;1002,2;1002;211,9;11,2;10,3;11,2;9,8;10,4;9,6;99;95;95;102;;;
2026/08/26;1200 UTC;0;1002,1;1002,3;1002;739;13,2;11,5;13,2;11,1;11,5;10,4;96;89;89;95;;;
2026/08/26;1300 UTC;0;1001,8;1002,1;1001,8;1206,6;15,6;12,6;15,6;13,3;12,8;11,3;92;81;82;95;;;
2026/08/26;1400 UTC;0;1001;1001,8;1001;1859,2;19,9;14,3;19,9;15,6;15;12,6;84;70;70;92;;;
2026/08/26;1500 UTC;0;999,8;1000,9;999,8;2613,5;23,1;16,4;23,2;19,8;16,5;14,5;74;62;66;66;;;
2026/08/26;1600 UTC;0;998,2;999,8;998,2;2782,9;24,9;17,3;24,9;23,3;17,5;15,7;66;59;62;58;;;
2026/08/26;1700 UTC;0;996,6;998,1;996,6;2630,8;26,2;17,2;26,5;24,9;18,3;16,1;65;55;58;51;;;
2026/08/26;1800 UTC;0;995,5;996,6;995,5;2100,9;26,7;17,5;27;26,1;18,8;17;61;55;57;50;;;
2026/08/26;1900 UTC;0;995,2;995,5;995,1;1354,8;27,5;18,5;27,5;25,6;18,7;17,3;65;56;58;47;;;
2026/08/26;2000 UTC;0;994,8;995,2;994,8;1121;26,8;18,4;27,5;26,8;18,7;17,6;61;56;60;62;;;
2026/08/26;2100 UTC;0;994,8;994,8;994,7;412;24,7;19;26,8;24,7;19,4;18,2;71;59;71;67;;;
2026/08/26;2200 UTC;0;995,3;995,3;994,8;19,8;22,8;18,5;24,7;22,8;19,2;18,4;77;71;77;61;;;
2026/08/26;2300 UTC;0;995,5;995,5;995,2;0;22,3;18,5;22,8;22,2;18,6;18,2;79;77;79;68;;;
2026/08/27;0000 UTC;0;995,8;995,8;995,5;0;20,5;18,2;22,3;20,1;18,5;18;88;79;86;99;;;
2026/08/27;0100 UTC;0;995,8;995,9;995,8;0;20,4;18,2;20,6;19,9;18,3;18;89;86;87;90;;;
2026/08/27;0200 UTC;0;995,8;995,8;995,6;0;21,7;18,5;21,9;20,5;18,5;18,2;87;81;82;43;;;
2026/08/27;0300 UTC;0;995,5;995,8;995,5;0;20,4;18,3;21,7;20,4;18,5;18,3;87;82;87;89;;;
2026/08/27;0400 UTC;0;995,5;995,6;995,5;0;21;18,3;21;20,4;18,3;18,2;87;85;85;85;;;
2026/08/27;0500 UTC;0;995,1;995,5;995;0;20,6;18,1;21;20,6;18,3;18,1;86;85;85;89;;;
2026/08/27;0600 UTC;0;994,7;995,1;994,7;0;20,6;18;20,6;20,1;18,1;17,9;87;85;85;89;;;
2026/08/27;0700 UTC;0;994,8;994,8;994,7;0;20,2;17,8;20,7;20,2;18;17,8;86;84;86;89;;;
2026/08/27;0800 UTC;0;994,8;994,9;994,7;0;19,8;17,6;20,2;19,8;17,8;17,6;88;86;88;89;;;
2026/08/27;0900 UTC;0;995;995,1;994,7;0;19,8;17,7;19,8;19,5;17,7;17,5;88;87;88;88;;;
2026/08/27;1000 UTC;0;995,1;995,1;994,9;,2;19,8;17,7;19,8;19,7;17,8;17,6;88;87;88;88;;;
2026/08/27;1100 UTC;0;995;995,2;995;105,8;20,3;17,8;20,3;19,8;17,9;17,7;88;86;86;88;;;
2026/08/27;1200 UTC;0;995,1;995,1;994,9;485,3;21,7;18,3;21,7;20,2;18,4;17,8;87;81;81;67;;;
2026/08/27;1300 UTC;0;994,5;995;994,4;1465,7;23,8;19;23,8;21,8;19;18,1;80;73;75;28;;;
2026/08/27;1400 UTC;0;993,9;994,5;993,9;2171,1;26,1;19,3;26,1;23,9;19,5;18,6;74;66;66;14;;;
2026/08/27;1500 UTC;0;993;993,9;993;2522,5;28,4;19,5;28,4;26,1;20,2;19;67;58;59;11;;;
2026/08/27;1600 UTC;;;;;;;;;;;;;;;;;;
2026/08/27;1700 UTC;0;990,8;992;990,8;2456,4;30,3;21,3;30,3;29,2;21,3;19,8;59;55;58;360;;;
2026/08/27;1800 UTC;0;989,8;990,8;989,8;2180,8;30,9;20,6;30,9;30,3;21,3;20,1;58;53;55;9;;;
2026/08/27;1900 UTC;0;989,3;989,8;989,3;1628,3;30,9;20,8;31,1;30,6;21,2;20,1;57;52;55;12;;;
2026/08/27;2000 UTC;0;989,6;989,6;989,3;1001,4;30;20,8;31;29,6;21,3;20,4;59;54;58;18;;;
2026/08/27;2100 UTC;0;990;990;989,6;419,1;28,1;21;30;28,1;21,3;20,6;66;57;66;342;;;
2026/08/27;2200 UTC;0;990,7;990,7;990;21,3;24,7;21,1;28;24,7;21,7;20,9;81;65;81;96;;;
2026/08/27;2300 UTC;0;991,2;991,2;990,7;0;24,7;20,5;24,8;23,6;21,2;20,4;83;77;77;32;;;
2026/08/28;0000 UTC;0;991,6;991,6;991,2;0;24,1;20,1;25;24;20,7;20,1;81;75;78;53;;;
2026/08/28;0100 UTC;0;991,9;991,9;991,6;0;23,5;20,7;24,4;23,5;20,8;20,1;85;77;85;61;;;
2026/08/28;0200 UTC;0;991,8;991,9;991,8;0;23,1;20,4;23,9;23,1;20,7;20,3;85;81;85;57;;;
2026/08/28;0300 UTC;0;991,9;991,9;991,7;0;23;20,1;23,8;22,8;20,4;20,1;85;81;84;47;;;
2026/08/28;0400 UTC;0;991,9;991,9;991,8;0;23,1;20;23,4;23;20,2;20;84;82;83;49;;;
2026/08/28;0500 UTC;0;991,5;992;991,5;0;22,8;19,8;23,3;22,8;20,1;19,8;84;82;83;57;;;
2026/08/28;0600 UTC;0;990,9;991,6;990,9;0;21,3;19,6;22,9;21,2;20;19,6;91;82;90;59;;;
2026/08/28;0700 UTC;0;989,9;991;989,9;0;22,6;19,4;22,9;21,5;19,7;19,4;89;81;82;32;;;
2026/08/28;0800 UTC;0;989,3;989,9;989,2;0;22,5;19,4;22,9;22,5;19,5;19,3;83;81;83;26;;;
2026/08/28;0900 UTC;0;989,5;989,6;989,2;0;21,7;19,3;22,4;21,6;19,5;19,3;87;83;86;49;;;
2026/08/28;1000 UTC;0;989,6;989,9;989,2;0;21;19,2;21,7;21;19,3;19,1;90;87;90;52;;;
2026/08/28;1100 UTC;0;990,4;990,4;989,5;16;20,5;19,2;21,7;20,5;19,4;19,2;92;87;92;202;;;
2026/08/28;1200 UTC;0;991;991,1;990,4;99,6;21,1;19,6;21,1;20,5;19,6;19,2;93;91;91;112;;;
2026/08/28;1300 UTC;0;992,1;992,1;991;377;20,8;19,3;21,6;20,8;20,2;19,3;92;89;91;95;;;
2026/08/28;1400 UTC;0;993,2;993,2;992,2;695,9;19,9;18;20,8;19,8;19,4;17,8;93;87;89;110;;;
2026/08/28;1500 UTC;0;993,4;993,9;993,2;1034,1;18,6;16,7;20,1;18,5;17,9;16,5;89;85;89;139;;;
2026/08/28;1600 UTC;0;992,5;993,5;992,5;1914,9;21,5;17,9;21,5;18,6;17,9;16,4;88;78;80;95;;;
2026/08/28;1700 UTC;0;991,8;992,5;991,8;1231,2;22;18,4;22,2;21,3;18,4;17,7;82;77;80;101;;;
2026/08/28;1800 UTC;0;992,1;992,2;991,5;394;20,8;18,3;22;20,8;18,4;17,8;85;77;85;135;;;
2026/08/28;1900 UTC;1,4;991,6;992,5;991,4;1265,3;20,2;18,2;20,9;19,8;19,3;18,1;93;86;88;95;;;
2026/08/28;2000 UTC;0;992,6;992,6;991,6;1230,7;20,5;17,9;21,2;20,1;18,9;17,6;89;83;85;96;;;
2026/08/28;2100 UTC;0;993,5;993,5;992,4;299,8;19,9;17,7;20,7;19,9;17,9;17,4;87;83;87;131;;;
2026/08/28;2200 UTC;0;994,2;994,2;993,6;21,5;18,7;16,8;19,9;18,7;17,8;16,7;89;86;89;128;;;
2026/08/28;2300 UTC;0;995,1;995,2;994,2;0;18;16,6;18,7;18;16,8;16,5;91;88;91;136;;;
2026/08/29;0000 UTC;0;996;996;995,2;0;17,2;15,9;18;17,2;16,6;15,9;93;91;92;125;;;
2026/08/29;0100 UTC;0;996,9;996,9;996,1;0;16,9;15,8;17,2;16,7;15,9;15,8;95;92;93;158;;;
2026/08/29;0200 UTC;0;997,9;997,9;996,9;0;16,6;15,7;16,9;16,6;15,9;15,6;94;93;94;150;;;
2026/08/29;0300 UTC;0;998;998;997,5;0;16,3;15,4;16,6;16,3;15,7;15,4;95;94;95;141;;;
2026/08/29;0400 UTC;0;998,1;998,2;997,7;0;16,6;15,5;16,6;16,3;15,5;15,4;95;93;93;142;;;
2026/08/29;0500 UTC;0;996,8;998,1;996,8;0;16,4;15,2;16,7;16,4;15,5;15,2;93;92;93;150;;;
2026/08/29;0600 UTC;0;997,1;997,4;996,8;0;16,4;15,3;16,4;16,3;15,3;15,2;94;93;93;124;;;
2026/08/29;0700 UTC;0;996,7;997,1;996,7;0;16,4;15,2;16,4;16,3;15,4;15,2;94;93;93;137;;;
2026/08/29;0800 UTC;0;995,9;996,7;995,7;0;16,3;15,2;16,4;16,3;15,3;15,2;93;93;93;137;;;
2026/08/29;0900 UTC;0;997,2;997,2;995,7;0;16,4;15;16,6;16,3;15,2;14,9;93;89;91;138;;;
2026/08/29;1000 UTC;0;997,9;998,6;997,2;0;15,7;14,7;16,4;15,6;15;14,6;94;92;94;145;;;
2026/08/29;1100 UTC;0;999;999,3;997,9;37,4;15,4;14,4;15,7;15,4;14,7;14,4;94;92;94;149;;;
2026/08/29;1200 UTC;0;999,8;999,8;999;190,6;15,6;14,2;15,7;15,3;14,4;14,2;94;91;91;146;;;
2026/08/29;1300 UTC;0;999,9;1000,1;999,4;492,9;16,4;14,4;16,4;15,6;14,7;14,2;92;88;88;145;;;
2026/08/29;1400 UTC;0;1000,1;1000,2;999,9;731;17,9;14,9;18,1;16,4;15,2;14,4;88;81;82;98;;;
2026/08/29;1500 UTC;0;999,8;1000,2;999,7;1627,5;18,9;15,3;19,4;17,9;15,8;14,9;83;78;79;98;;;
2026/08/29;1600 UTC;0;999,2;999,8;999,1;1189,7;19,1;15,5;19,8;18,9;15,8;15,3;81;77;79;133;;;
2026/08/29;1700 UTC;0;998,9;999,3;998,9;1058,2;20,1;15,9;20,1;19,2;16;15,3;80;75;77;97;;;
2026/08/29;1800 UTC;0;998,3;998,9;998,2;1657,1;21,4;16,3;21,5;20,2;16,7;15,6;77;72;73;96;;;
2026/08/29;1900 UTC;0;998,1;998,3;998,1;1277,2;21,6;16,1;21,6;20,7;16,5;15,8;76;71;71;97;;;
2026/08/29;2000 UTC;0;999,1;999,2;998;692,1;20,3;15,6;21,5;20,3;16,5;15,6;77;71;74;116;;;
2026/08/29;2100 UTC;0;999,3;999,5;999,1;297,5;19,2;15,8;20,3;19,2;16;15,5;81;75;81;118;;;
2026/08/29;2200 UTC;0;1000,1;1000,1;999,3;17,2;18,4;15,8;19,2;18,4;15,8;15,6;85;80;85;125;;;
2026/08/29;2300 UTC;0;1001,3;1001,3;1000,1;0;17,5;15,3;18,3;17,5;15,7;15,3;87;85;87;138;;;
2026/08/30;0000 UTC;0;1001,6;1001,7;1001,1;0;16,7;15,2;17,5;16,7;15,4;15,2;91;87;91;141;;;
2026/08/30;0100 UTC;0;1002,3;1002,3;1001,4;0;16,3;14,9;16,7;16,3;15,3;14,9;92;91;91;134;;;
2026/08/30;0200 UTC;0;1002,5;1002,6;1002,2;0;16,1;14,7;16,3;16;14,9;14,7;92;91;91;140;;;
2026/08/30;0300 UTC;0;1002,6;1002,6;1002,2;0;16,2;15;16,2;16;15;14,7;93;91;93;137;;;
2026/08/30;0400 UTC;0;1002,8;1002,9;1002,6;0;15,8;14,9;16,2;15,8;15;14,9;94;93;94;130;;;
2026/08/30;0500 UTC;0;1002,7;1002,9;1002,6;0;15,7;14,8;15,8;15,5;14,9;14,8;95;94;94;126;;;
2026/08/30;0600 UTC;0;1002,2;1002,7;1002,2;0;15;14,2;15,7;15;14,8;14,2;95;94;95;136;;;
2026/08/30;0700 UTC;0;1001,9;1002,2;1001,9;0;14,5;13,9;15;14,5;14,2;13,9;96;95;96;136;;;
2026/08/30;0800 UTC;0;1001,2;1001,8;1001,2;0;14,3;13,6;14,5;14,3;13,9;13,6;96;95;96;135;;;
2026/08/30;0900 UTC;0;1001,7;1001,7;1001,2;0;14,1;13,4;14,3;14,1;13,6;13,4;96;95;96;136;;;
2026/08/30;1000 UTC;0;1001,6;1001,7;1001,4;0;14,2;13,5;14,2;14;13,5;13,4;96;95;95;139;;;
2026/08/30;1100 UTC;0;1001,4;1001,7;1001,4;188,6;15,4;13,9;15,4;14,2;13,9;13,5;95;90;90;128;;;
2026/08/30;1200 UTC;0;1002,2;1002,3;1001,2;735,2;16,5;14,3;16,6;15,4;14,4;13,8;90;86;87;118;;;
2026/08/30;1300 UTC;0;1003;1003,1;1002,1;854,7;17,5;14,7;17,7;16,5;14,9;14,1;87;82;84;97;;;
2026/08/30;1400 UTC;0;1002,8;1003;1002,7;1173,9;18,7;15;18,7;17,3;15,2;14,5;85;79;79;97;;;
2026/08/30;1500 UTC;0;1002,3;1002,8;1002,2;1394,8;19,7;15,7;19,7;18,5;15,7;14,6;80;76;77;95;;;
2026/08/30;1600 UTC;0;1001,3;1002,3;1001,3;1575,8;20,7;16,1;20,7;19,7;16,1;15,1;78;73;75;95;;;
2026/08/30;1700 UTC;0;1000,6;1001,4;1000,6;2113,7;22;16,8;22;20,7;16,9;15,8;76;70;73;96;;;
2026/08/30;1800 UTC;0;999,7;1000,5;999,7;1853,9;22,1;16,2;22,6;21,3;17;16,1;75;69;69;96;;;
2026/08/30;1900 UTC;0;999,6;999,8;999,5;1249,6;21,3;16,2;22,2;21,2;16,7;16,1;75;69;72;98;;;
2026/08/30;2000 UTC;0;999,3;999,6;999,3;761,3;20,9;16,3;21,3;20,6;16,6;15,8;77;72;75;96;;;
2026/08/30;2100 UTC;0;999,7;999,7;999,3;325,5;19,9;16,2;20,9;19,9;16,4;15,9;80;74;79;109;;;
2026/08/30;2200 UTC;0;1000;1000;999,6;9,6;18,9;16,2;19,9;18,9;16,4;16,1;84;79;84;112;;;
2026/08/30;2300 UTC;0;1000,6;1000,6;1000;0;19;16,1;19;18,9;16,3;16,1;85;83;83;102;;;
2026/08/31;0000 UTC;0;1000,8;1000,9;1000,6;0;18,3;16,2;19,1;18,3;16,2;16;87;83;87;112;;;
2026/08/31;0100 UTC;0;1001;1001,2;1000,7;0;17,5;16;18,3;17,5;16,2;16;91;88;91;122;;;
2026/08/31;0200 UTC;0;1000,8;1001,2;1000,7;0;17,2;15,9;17,5;17,2;16;15,9;92;91;92;106;;;
2026/08/31;0300 UTC;0;1000,9;1001,2;1000,5;0;16,9;15,9;17,2;16,9;15,9;15,8;94;92;94;131;;;
2026/08/31;0400 UTC;0;1000,9;1001,3;1000,7;0;16,6;15,7;17;16,6;15,9;15,6;94;93;94;135;;;
2026/08/31;0500 UTC;0;1000,6;1001;1000,6;0;16,2;15,4;16,6;16,2;15,7;15,4;95;94;95;131;;;
2026/08/31;0600 UTC;0;1000;1000,6;999,9;0;15,8;15,2;16,3;15,8;15,5;15,2;96;95;96;144;;;
2026/08/31;0700 UTC;0;999;1000;999;0;15,9;15,2;16;15,7;15,3;15,2;97;95;96;129;;;
2026/08/31;0800 UTC;0;998,1;999;998,1;0;15,7;15,1;15,9;15,7;15,2;15,1;96;95;96;131;;;
2026/08/31;0900 UTC;0;997,3;998,1;997,3;0;15,6;15,1;15,7;15,5;15,1;15,1;97;96;97;138;;;
2026/08/31;1000 UTC;0;997,7;998;997,1;0;16,4;15,6;16,4;15,6;15,6;15,1;97;95;95;121;;;
2026/08/31;1100 UTC;0;998,6;999,2;997,6;26,4;16,6;15,8;16,6;16,4;15,8;15,5;95;94;95;95;;;
2026/08/31;1200 UTC;0;998,9;998,9;997,4;123,5;16,8;15,7;16,8;16,6;15,8;15,7;95;93;93;94;;;
2026/08/31;1300 UTC;0;998,7;1000,1;997,5;183,9;17;15,8;17;16,8;15,8;15,6;93;92;93;93;;;
2026/08/31;1400 UTC;0;999,3;999,5;998,4;278,1;17,7;15,9;17,7;17;16,1;15,6;92;89;89;94;;;
2026/08/31;1500 UTC;0;998,5;999,2;998,5;1520,1;19,7;16,3;19,9;17,7;17,1;16;90;81;81;95;;;
2026/08/31;1600 UTC;0;998,5;998,9;998,5;1078;20,6;17,5;20,6;19,4;17,5;16,4;84;80;82;94;;;
2026/08/31;1700 UTC;0;997,6;998,5;997,6;1622;22;17,8;22,3;20,8;18,2;17,1;81;75;77;96;;;
2026/08/31;1800 UTC;0;997,3;997,5;997,1;945,6;20,8;17,2;22,3;20,8;18,1;17,2;82;75;79;95;;;
2026/08/31;1900 UTC;0;997,8;997,8;997,2;552;20,4;17,3;21,2;20,4;17,9;17,3;83;79;83;95;;;
2026/08/31;2000 UTC;0;998,4;998,4;997,8;231,1;20,1;17,2;20,4;20,1;17,6;17,2;85;82;83;95;;;
2026/08/31;2100 UTC;0;999;999;998,3;103;19,1;17,7;20,1;19,1;17,8;17,1;92;83;92;94;;;
2026/08/31;2200 UTC;0;999,8;999,8;999;,1;18,4;17,3;19,1;18,4;17,8;17,2;94;92;93;95;;;
2026/08/31;2300 UTC;0;1000,8;1000,8;999,8;0;18,3;17,1;18,4;18,3;17,3;17;94;92;93;95;;;
