REGIAO:;S
UF:;RS
ESTACAO:;CASCA
CODIGO (WMO):;B858
LATITUDE:;-28,56361111
LONGITUDE:;-51,96916666
ALTITUDE:;602
DATA DE FUNDACAO:;24/02/26
Data;Hora UTC;PRECIPITAÇÃO TOTAL, HORÁRIO (mm);PRESSAO ATMOSFERICA AO NIVEL DA ESTACAO, HORARIA (mB);PRESSÃO ATMOSFERICA MAX.NA HORA ANT. (AUT) (mB);PRESSÃO ATMOSFERICA MIN. NA HORA ANT. (AUT) (mB);RADIACAO GLOBAL (Kj/m²);TEMPERATURA DO AR - BULBO SECO, HORARIA (°C);TEMPERATURA DO PONTO DE ORVALHO (°C);TEMPERATURA MÁXIMA NA HORA ANT. (AUT) (°C);TEMPERATURA MÍNIMA NA HORA ANT. (AUT) (°C);TEMPERATURA ORVALHO MAX. NA HORA ANT. (AUT) (°C);TEMPERATURA ORVALHO MIN. NA HORA ANT. (AUT) (°C);UMIDADE REL. MAX. NA HORA ANT. (AUT) (%);UMIDADE REL. MIN. NA HORA ANT. (AUT) (%);UMIDADE RELATIVA DO AR, HORARIA (%);VENTO, DIREÇÃO HORARIA (gr) (° (gr));VENTO, RAJADA MAXIMA (m/s);VENTO, VELOCIDADE HORARIA (m/s);
2026/02/24;0000 UTC;;;;;;;;;;;;;;;;;;
2026/02/24;0100 UTC;;;;;;;;;;;;;;;;;;
2026/02/24;0200 UTC;;;;;;;;;;;;;;;;;;
2026/02/24;0300 UTC;;;;;;;;;;;;;;;;;;
2026/02/24;0400 UTC;;;;;;;;;;;;;;;;;;
2026/02/24;0500 UTC;;;;;;;;;;;;;;;;;;
2026/02/24;0600 UTC;;;;;;;;;;;;;;;;;;
2026/02/24;0700 UTC;;;;;;;;;;;;;;;;;;
2026/02/24;0800 UTC;;;;;;;;;;;;;;;;;;
2026/02/24;0900 UTC;;;;;;;;;;;;;;;;;;
2026/02/24;1000 UTC;;;;;;;;;;;;;;;;;;
2026/02/24;1100 UTC;;;;;;;;;;;;;;;;;;
2026/02/24;1200 UTC;;;;;;;;;;;;;;;;;;
2026/02/24;1300 UTC;;;;;;;;;;;;;;;;;;
2026/02/24;1400 UTC;;;;;;;;;;;;;;;;;;
2026/02/24;1500 UTC;;;;;;;;;;;;;;;;;;
2026/02/24;1600 UTC;;;;;;;;;;;;;;;;;;
2026/02/24;1700 UTC;;;;;;;;;;;;;;;;;;
2026/02/24;1800 UTC;;;;;;;;;;;;;;;;;;
2026/02/24;1900 UTC;;;;;;;;;;;;;;;;;;
2026/02/24;2000 UTC;;;;;;;;;;;;;;;;;;
2026/02/24;2100 UTC;;;;;;;;;;;;;;;;;;
2026/02/24;2200 UTC;;;;;;;;;;;;;;;;;;
2026/02/24;2300 UTC;;;;;;;;;;;;;;;;;;
2026/02/25;0000 UTC;;;;;;;;;;;;;;;;;;
2026/02/25;0100 UTC;;;;;;;;;;;;;;;;;;
2026/02/25;0200 UTC;;;;;;;;;;;;;;;;;;
2026/02/25;0300 UTC;;;;;;;;;;;;;;;;;;
2026/02/25;0400 UTC;;;;;;;;;;;;;;;;;;
2026/02/25;0500 UTC;;;;;;;;;;;;;;;;;;
2026/02/25;0600 UTC;;;;;;;;;;;;;;;;;;
2026/02/25;0700 UTC;;;;;;;;;;;;;;;;;;
2026/02/25;0800 UTC;;;;;;;;;;;;;;;;;;
2026/02/25;0900 UTC;;;;;;;;;;;;;;;;;;
2026/02/25;1000 UTC;;;;;;;;;;;;;;;;;;
2026/02/25;1100 UTC;;;;;;;;;;;;;;;;;;
2026/02/25;1200 UTC;;;;;;;;;;;;;;;;;;
2026/02/25;1300 UTC;;;;;;;;;;;;;;;;;;
2026/02/25;1400 UTC;;;;;;;;;;;;;;;;;;
2026/02/25;1500 UTC;;;;;;;;;;;;;;;;;;
2026/02/25;1600 UTC;;;;;;;;;;;;;;;;;;
2026/02/25;1700 UTC;;;;;;;;;;;;;;;;;;
2026/02/25;1800 UTC;;;;;;;;;;;;;;;;;;
2026/02/25;1900 UTC;;;;;;;;;;;;;;;;;;
2026/02/25;2000 UTC;;;;;;;;;;;;;;;;;;
2026/02/25;2100 UTC;;;;;;;;;;;;;;;;;;
2026/02/25;2200 UTC;;;;;;;;;;;;;;;;;;
2026/02/25;2300 UTC;;;;;;;;;;;;;;;;;;
2026/02/26;0000 UTC;;;;;;;;;;;;;;;;;;
2026/02/26;0100 UTC;;;;;;;;;;;;;;;;;;
2026/02/26;0200 UTC;;;;;;;;;;;;;;;;;;
2026/02/26;0300 UTC;;;;;;;;;;;;;;;;;;
2026/02/26;0400 UTC;;;;;;;;;;;;;;;;;;
2026/02/26;0500 UTC;;;;;;;;;;;;;;;;;;
2026/02/26;0600 UTC;;;;;;;;;;;;;;;;;;
2026/02/26;0700 UTC;;;;;;;;;;;;;;;;;;
2026/02/26;0800 UTC;;;;;;;;;;;;;;;;;;
2026/02/26;0900 UTC;;;;;;;;;;;;;;;;;;
2026/02/26;1000 UTC;;;;;;;;;;;;;;;;;;
2026/02/26;1100 UTC;;;;;;;;;;;;;;;;;;
2026/02/26;1200 UTC;;;;;;;;;;;;;;;;;;
2026/02/26;1300 UTC;;;;;;;;;;;;;;;;;;
2026/02/26;1400 UTC;;;;;;;;;;;;;;;;;;
2026/02/26;1500 UTC;;;;;;;;;;;;;;;;;;
2026/02/26;1600 UTC;;;;;;;;;;;;;;;;;;
2026/02/26;1700 UTC;;;;;;;;;;;;;;;;;;
2026/02/26;1800 UTC;;;;;;;;;;;;;;;;;;
2026/02/26;1900 UTC;;;;;;;;;;;;;;;;;;
2026/02/26;2000 UTC;;;;;;;;;;;;;;;;;;
2026/02/26;2100 UTC;;;;;;;;;;;;;;;;;;
2026/02/26;2200 UTC;;;;;;;;;;;;;;;;;;
2026/02/26;2300 UTC;;;;;;;;;;;;;;;;;;
2026/02/27;0000 UTC;;;;;;;;;;;;;;;;;;
2026/02/27;0100 UTC;;;;;;;;;;;;;;;;;;
2026/02/27;0200 UTC;;;;;;;;;;;;;;;;;;
2026/02/27;0300 UTC;;;;;;;;;;;;;;;;;;
2026/02/27;0400 UTC;;;;;;;;;;;;;;;;;;
2026/02/27;0500 UTC;;;;;;;;;;;;;;;;;;
2026/02/27;0600 UTC;;;;;;;;;;;;;;;;;;
2026/02/27;0700 UTC;;;;;;;;;;;;;;;;;;
2026/02/27;0800 UTC;;;;;;;;;;;;;;;;;;
2026/02/27;0900 UTC;;;;;;;;;;;;;;;;;;
2026/02/27;1000 UTC;;;;;;;;;;;;;;;;;;
2026/02/27;1100 UTC;;;;;;;;;;;;;;;;;;
2026/02/27;1200 UTC;;;;;;;;;;;;;;;;;;
2026/02/27;1300 UTC;;;;;;;;;;;;;;;;;;
2026/02/27;1400 UTC;;;;;;;;;;;;;;;;;;
2026/02/27;1500 UTC;;;;;;;;;;;;;;;;;;
2026/02/27;1600 UTC;;;;;;;;;;;;;;;;;;
2026/02/27;1700 UTC;;;;;;;;;;;;;;;;;;
2026/02/27;1800 UTC;;;;;;;;;;;;;;;;;;
2026/02/27;1900 UTC;;;;;;;;;;;;;;;;;;
2026/02/27;2000 UTC;;;;;;;;;;;;;;;;;;
2026/02/27;2100 UTC;;;;;;;;;;;;;;;;;;
2026/02/27;2200 UTC;;;;;;;;;;;;;;;;;;
2026/02/27;2300 UTC;;;;;;;;;;;;;;;;;;
2026/02/28;0000 UTC;;;;;;;;;;;;;;;;;;
2026/02/28;0100 UTC;;;;;;;;;;;;;;;;;;
2026/02/28;0200 UTC;;;;;;;;;;;;;;;;;;
2026/02/28;0300 UTC;;;;;;;;;;;;;;;;;;
2026/02/28;0400 UTC;;;;;;;;;;;;;;;;;;
2026/02/28;0500 UTC;;;;;;;;;;;;;;;;;;
2026/02/28;0600 UTC;;;;;;;;;;;;;;;;;;
2026/02/28;0700 UTC;;;;;;;;;;;;;;;;;;
2026/02/28;0800 UTC;;;;;;;;;;;;;;;;;;
2026/02/28;0900 UTC;;;;;;;;;;;;;;;;;;
2026/02/28;1000 UTC;;;;;;;;;;;;;;;;;;
2026/02/28;1100 UTC;;;;;;;;;;;;;;;;;;
2026/02/28;1200 UTC;;;;;;;;;;;;;;;;;;
2026/02/28;1300 UTC;;;;;;;;;;;;;;;;;;
2026/02/28;1400 UTC;;;;;;;;;;;;;;;;;;
2026/02/28;1500 UTC;;;;;;;;;;;;;;;;;;
2026/02/28;1600 UTC;;;;;;;;;;;;;;;;;;
2026/02/28;1700 UTC;;;;;;;;;;;;;;;;;;
2026/02/28;1800 UTC;;;;;;;;;;;;;;;;;;
2026/02/28;1900 UTC;;;;;;;;;;;;;;;;;;
2026/02/28;2000 UTC;;;;;;;;;;;;;;;;;;
2026/02/28;2100 UTC;;;;;;;;;;;;;;;;;;
2026/02/28;2200 UTC;;;;;;;;;;;;;;;;;;
2026/02/28;2300 UTC;;;;;;;;;;;;;;;;;;
2026/03/01;0000 UTC;;;;;;;;;;;;;;;;;;
2026/03/01;0100 UTC;;;;;;;;;;;;;;;;;;
2026/03/01;0200 UTC;;;;;;;;;;;;;;;;;;
2026/03/01;0300 UTC;;;;;;;;;;;;;;;;;;
2026/03/01;0400 UTC;;;;;;;;;;;;;;;;;;
2026/03/01;0500 UTC;;;;;;;;;;;;;;;;;;
2026/03/01;0600 UTC;;;;;;;;;;;;;;;;;;
2026/03/01;0700 UTC;;;;;;;;;;;;;;;;;;
2026/03/01;0800 UTC;;;;;;;;;;;;;;;;;;
2026/03/01;0900 UTC;;;;;;;;;;;;;;;;;;
2026/03/01;1000 UTC;;;;;;;;;;;;;;;;;;
2026/03/01;1100 UTC;;;;;;;;;;;;;;;;;;
2026/03/01;1200 UTC;;;;;;;;;;;;;;;;;;
2026/03/01;1300 UTC;;;;;;;;;;;;;;;;;;
2026/03/01;1400 UTC;;;;;;;;;;;;;;;;;;
2026/03/01;1500 UTC;;;;;;;;;;;;;;;;;;
2026/03/01;1600 UTC;;;;;;;;;;;;;;;;;;
2026/03/01;1700 UTC;;;;;;;;;;;;;;;;;;
2026/03/01;1800 UTC;;;;;;;;;;;;;;;;;;
2026/03/01;1900 UTC;;;;;;;;;;;;;;;;;;
2026/03/01;2000 UTC;;;;;;;;;;;;;;;;;;
2026/03/01;2100 UTC;;;;;;;;;;;;;;;;;;
2026/03/01;2200 UTC;;;;;;;;;;;;;;;;;;
2026/03/01;2300 UTC;;;;;;;;;;;;;;;;;;
2026/03/02;0000 UTC;;;;;;;;;;;;;;;;;;
2026/03/02;0100 UTC;;;;;;;;;;;;;;;;;;
2026/03/02;0200 UTC;;;;;;;;;;;;;;;;;;
2026/03/02;0300 UTC;;;;;;;;;;;;;;;;;;
2026/03/02;0400 UTC;;;;;;;;;;;;;;;;;;
2026/03/02;0500 UTC;;;;;;;;;;;;;;;;;;
2026/03/02;0600 UTC;;;;;;;;;;;;;;;;;;
2026/03/02;0700 UTC;;;;;;;;;;;;;;;;;;
2026/03/02;0800 UTC;;;;;;;;;;;;;;;;;;
2026/03/02;0900 UTC;;;;;;;;;;;;;;;;;;
2026/03/02;1000 UTC;;;;;;;;;;;;;;;;;;
2026/03/02;1100 UTC;;;;;;;;;;;;;;;;;;
2026/03/02;1200 UTC;;;;;;;;;;;;;;;;;;
2026/03/02;1300 UTC;;;;;;;;;;;;;;;;;;
2026/03/02;1400 UTC;;;;;;;;;;;;;;;;;;
2026/03/02;1500 UTC;;;;;;;;;;;;;;;;;;
2026/03/02;1600 UTC;;;;;;;;;;;;;;;;;;
2026/03/02;1700 UTC;;;;;;;;;;;;;;;;;;
2026/03/02;1800 UTC;;;;;;;;;;;;;;;;;;
2026/03/02;1900 UTC;;;;;;;;;;;;;;;;;;
2026/03/02;2000 UTC;;;;;;;;;;;;;;;;;;
2026/03/02;2100 UTC;;;;;;;;;;;;;;;;;;
2026/03/02;2200 UTC;;;;;;;;;;;;;;;;;;
2026/03/02;2300 UTC;;;;;;;;;;;;;;;;;;
2026/03/03;0000 UTC;;;;;;;;;;;;;;;;;;
2026/03/03;0100 UTC;;;;;;;;;;;;;;;;;;
2026/03/03;0200 UTC;;;;;;;;;;;;;;;;;;
2026/03/03;0300 UTC;;;;;;;;;;;;;;;;;;
2026/03/03;0400 UTC;;;;;;;;;;;;;;;;;;
2026/03/03;0500 UTC;;;;;;;;;;;;;;;;;;
2026/03/03;0600 UTC;;;;;;;;;;;;;;;;;;
2026/03/03;0700 UTC;;;;;;;;;;;;;;;;;;
2026/03/03;0800 UTC;;;;;;;;;;;;;;;;;;
2026/03/03;0900 UTC;;;;;;;;;;;;;;;;;;
2026/03/03;1000 UTC;;;;;;;;;;;;;;;;;;
2026/03/03;1100 UTC;;;;;;;;;;;;;;;;;;
2026/03/03;1200 UTC;;;;;;;;;;;;;;;;;;
2026/03/03;1300 UTC;;;;;;;;;;;;;;;;;;
2026/03/03;1400 UTC;;;;;;;;;;;;;;;;;;
2026/03/03;1500 UTC;;;;;;;;;;;;;;;;;;
2026/03/03;1600 UTC;;;;;;;;;;;;;;;;;;
2026/03/03;1700 UTC;;;;;;;;;;;;;;;;;;
2026/03/03;1800 UTC;;;;;;;;;;;;;;;;;;
2026/03/03;1900 UTC;;;;;;;;;;;;;;;;;;
2026/03/03;2000 UTC;;;;;;;;;;;;;;;;;;
2026/03/03;2100 UTC;;;;;;;;;;;;;;;;;;
2026/03/03;2200 UTC;;;;;;;;;;;;;;;;;;
2026/03/03;2300 UTC;;;;;;;;;;;;;;;;;;
2026/03/04;0000 UTC;;;;;;;;;;;;;;;;;;
2026/03/04;0100 UTC;;;;;;;;;;;;;;;;;;
2026/03/04;0200 UTC;;;;;;;;;;;;;;;;;;
2026/03/04;0300 UTC;;;;;;;;;;;;;;;;;;
2026/03/04;0400 UTC;;;;;;;;;;;;;;;;;;
2026/03/04;0500 UTC;;;;;;;;;;;;;;;;;;
2026/03/04;0600 UTC;;;;;;;;;;;;;;;;;;
2026/03/04;0700 UTC;;;;;;;;;;;;;;;;;;
2026/03/04;0800 UTC;;;;;;;;;;;;;;;;;;
2026/03/04;0900 UTC;;;;;;;;;;;;;;;;;;
2026/03/04;1000 UTC;;;;;;;;;;;;;;;;;;
2026/03/04;1100 UTC;;;;;;;;;;;;;;;;;;
2026/03/04;1200 UTC;;;;;;;;;;;;;;;;;;
2026/03/04;1300 UTC;;;;;;;;;;;;;;;;;;
2026/03/04;1400 UTC;;;;;;;;;;;;;;;;;;
2026/03/04;1500 UTC;;;;;;;;;;;;;;;;;;
2026/03/04;1600 UTC;;;;;;;;;;;;;;;;;;
2026/03/04;1700 UTC;;;;;;;;;;;;;;;;;;
2026/03/04;1800 UTC;;;;;;;;;;;;;;;;;;
2026/03/04;1900 UTC;;;;;;;;;;;;;;;;;;
2026/03/04;2000 UTC;;;;;;;;;;;;;;;;;;
2026/03/04;2100 UTC;;;;;;;;;;;;;;;;;;
2026/03/04;2200 UTC;;;;;;;;;;;;;;;;;;
2026/03/04;2300 UTC;;;;;;;;;;;;;;;;;;
2026/03/05;0000 UTC;;;;;;;;;;;;;;;;;;
2026/03/05;0100 UTC;;;;;;;;;;;;;;;;;;
2026/03/05;0200 UTC;;;;;;;;;;;;;;;;;;
2026/03/05;0300 UTC;;;;;;;;;;;;;;;;;;
2026/03/05;0400 UTC;;;;;;;;;;;;;;;;;;
2026/03/05;0500 UTC;;;;;;;;;;;;;;;;;;
2026/03/05;0600 UTC;;;;;;;;;;;;;;;;;;
2026/03/05;0700 UTC;;;;;;;;;;;;;;;;;;
2026/03/05;0800 UTC;;;;;;;;;;;;;;;;;;
2026/03/05;0900 UTC;;;;;;;;;;;;;;;;;;
2026/03/05;1000 UTC;;;;;;;;;;;;;;;;;;
2026/03/05;1100 UTC;;;;;;;;;;;;;;;;;;
2026/03/05;1200 UTC;;;;;;;;;;;;;;;;;;
2026/03/05;1300 UTC;;;;;;;;;;;;;;;;;;
2026/03/05;1400 UTC;;;;;;;;;;;;;;;;;;
2026/03/05;1500 UTC;;;;;;;;;;;;;;;;;;
2026/03/05;1600 UTC;;;;;;;;;;;;;;;;;;
2026/03/05;1700 UTC;;;;;;;;;;;;;;;;;;
2026/03/05;1800 UTC;;;;;;;;;;;;;;;;;;
2026/03/05;1900 UTC;;;;;;;;;;;;;;;;;;
2026/03/05;2000 UTC;;;;;;;;;;;;;;;;;;
2026/03/05;2100 UTC;;;;;;;;;;;;;;;;;;
2026/03/05;2200 UTC;;;;;;;;;;;;;;;;;;
2026/03/05;2300 UTC;;;;;;;;;;;;;;;;;;
2026/03/06;0000 UTC;;;;;;;;;;;;;;;;;;
2026/03/06;0100 UTC;;;;;;;;;;;;;;;;;;
2026/03/06;0200 UTC;;;;;;;;;;;;;;;;;;
2026/03/06;0300 UTC;;;;;;;;;;;;;;;;;;
2026/03/06;0400 UTC;;;;;;;;;;;;;;;;;;
2026/03/06;0500 UTC;;;;;;;;;;;;;;;;;;
2026/03/06;0600 UTC;;;;;;;;;;;;;;;;;;
2026/03/06;0700 UTC;;;;;;;;;;;;;;;;;;
2026/03/06;0800 UTC;;;;;;;;;;;;;;;;;;
2026/03/06;0900 UTC;;;;;;;;;;;;;;;;;;
2026/03/06;1000 UTC;;;;;;;;;;;;;;;;;;
2026/03/06;1100 UTC;;;;;;;;;;;;;;;;;;
2026/03/06;1200 UTC;;;;;;;;;;;;;;;;;;
2026/03/06;1300 UTC;;;;;;;;;;;;;;;;;;
2026/03/06;1400 UTC;;;;;;;;;;;;;;;;;;
2026/03/06;1500 UTC;;;;;;;;;;;;;;;;;;
2026/03/06;1600 UTC;;;;;;;;;;;;;;;;;;
2026/03/06;1700 UTC;;;;;;;;;;;;;;;;;;
2026/03/06;1800 UTC;;;;;;;;;;;;;;;;;;
2026/03/06;1900 UTC;;;;;;;;;;;;;;;;;;
2026/03/06;2000 UTC;;;;;;;;;;;;;;;;;;
2026/03/06;2100 UTC;;;;;;;;;;;;;;;;;;
2026/03/06;2200 UTC;;;;;;;;;;;;;;;;;;
2026/03/06;2300 UTC;;;;;;;;;;;;;;;;;;
2026/03/07;0000 UTC;;;;;;;;;;;;;;;;;;
2026/03/07;0100 UTC;;;;;;;;;;;;;;;;;;
2026/03/07;0200 UTC;;;;;;;;;;;;;;;;;;
2026/03/07;0300 UTC;;;;;;;;;;;;;;;;;;
2026/03/07;0400 UTC;;;;;;;;;;;;;;;;;;
2026/03/07;0500 UTC;;;;;;;;;;;;;;;;;;
2026/03/07;0600 UTC;;;;;;;;;;;;;;;;;;
2026/03/07;0700 UTC;;;;;;;;;;;;;;;;;;
2026/03/07;0800 UTC;;;;;;;;;;;;;;;;;;
2026/03/07;0900 UTC;;;;;;;;;;;;;;;;;;
2026/03/07;1000 UTC;;;;;;;;;;;;;;;;;;
2026/03/07;1100 UTC;;;;;;;;;;;;;;;;;;
2026/03/07;1200 UTC;;;;;;;;;;;;;;;;;;
2026/03/07;1300 UTC;;;;;;;;;;;;;;;;;;
2026/03/07;1400 UTC;;;;;;;;;;;;;;;;;;
2026/03/07;1500 UTC;;;;;;;;;;;;;;;;;;
2026/03/07;1600 UTC;;;;;;;;;;;;;;;;;;
2026/03/07;1700 UTC;;;;;;;;;;;;;;;;;;
2026/03/07;1800 UTC;;;;;;;;;;;;;;;;;;
2026/03/07;1900 UTC;;;;;;;;;;;;;;;;;;
2026/03/07;2000 UTC;;;;;;;;;;;;;;;;;;
2026/03/07;2100 UTC;;;;;;;;;;;;;;;;;;
2026/03/07;2200 UTC;;;;;;;;;;;;;;;;;;
2026/03/07;2300 UTC;;;;;;;;;;;;;;;;;;
2026/03/08;0000 UTC;;;;;;;;;;;;;;;;;;
2026/03/08;0100 UTC;;;;;;;;;;;;;;;;;;
2026/03/08;0200 UTC;;;;;;;;;;;;;;;;;;
2026/03/08;0300 UTC;;;;;;;;;;;;;;;;;;
2026/03/08;0400 UTC;;;;;;;;;;;;;;;;;;
2026/03/08;0500 UTC;;;;;;;;;;;;;;;;;;
2026/03/08;0600 UTC;;;;;;;;;;;;;;;;;;
2026/03/08;0700 UTC;;;;;;;;;;;;;;;;;;
2026/03/08;0800 UTC;;;;;;;;;;;;;;;;;;
2026/03/08;0900 UTC;;;;;;;;;;;;;;;;;;
2026/03/08;1000 UTC;;;;;;;;;;;;;;;;;;
2026/03/08;1100 UTC;;;;;;;;;;;;;;;;;;
2026/03/08;1200 UTC;;;;;;;;;;;;;;;;;;
2026/03/08;1300 UTC;;;;;;;;;;;;;;;;;;
2026/03/08;1400 UTC;;;;;;;;;;;;;;;;;;
2026/03/08;1500 UTC;;;;;;;;;;;;;;;;;;
2026/03/08;1600 UTC;;;;;;;;;;;;;;;;;;
2026/03/08;1700 UTC;;;;;;;;;;;;;;;;;;
2026/03/08;1800 UTC;;;;;;;;;;;;;;;;;;
2026/03/08;1900 UTC;;;;;;;;;;;;;;;;;;
2026/03/08;2000 UTC;;;;;;;;;;;;;;;;;;
2026/03/08;2100 UTC;;;;;;;;;;;;;;;;;;
2026/03/08;2200 UTC;;;;;;;;;;;;;;;;;;
2026/03/08;2300 UTC;;;;;;;;;;;;;;;;;;
2026/03/09;0000 UTC;;;;;;;;;;;;;;;;;;
2026/03/09;0100 UTC;;;;;;;;;;;;;;;;;;
2026/03/09;0200 UTC;;;;;;;;;;;;;;;;;;
2026/03/09;0300 UTC;;;;;;;;;;;;;;;;;;
2026/03/09;0400 UTC;;;;;;;;;;;;;;;;;;
2026/03/09;0500 UTC;;;;;;;;;;;;;;;;;;
2026/03/09;0600 UTC;;;;;;;;;;;;;;;;;;
2026/03/09;0700 UTC;;;;;;;;;;;;;;;;;;
2026/03/09;0800 UTC;;;;;;;;;;;;;;;;;;
2026/03/09;0900 UTC;;;;;;;;;;;;;;;;;;
2026/03/09;1000 UTC;;;;;;;;;;;;;;;;;;
2026/03/09;1100 UTC;;;;;;;;;;;;;;;;;;
2026/03/09;1200 UTC;;;;;;;;;;;;;;;;;;
2026/03/09;1300 UTC;;;;;;;;;;;;;;;;;;
2026/03/09;1400 UTC;;;;;;;;;;;;;;;;;;
2026/03/09;1500 UTC;;;;;;;;;;;;;;;;;;
2026/03/09;1600 UTC;;;;;;;;;;;;;;;;;;
2026/03/09;1700 UTC;;;;;;;;;;;;;;;;;;
2026/03/09;1800 UTC;;;;;;;;;;;;;;;;;;
2026/03/09;1900 UTC;;;;;;;;;;;;;;;;;;
2026/03/09;2000 UTC;;;;;;;;;;;;;;;;;;
2026/03/09;2100 UTC;;;;;;;;;;;;;;;;;;
2026/03/09;2200 UTC;;;;;;;;;;;;;;;;;;
2026/03/09;2300 UTC;;;;;;;;;;;;;;;;;;
2026/03/10;0000 UTC;;;;;;;;;;;;;;;;;;
2026/03/10;0100 UTC;;;;;;;;;;;;;;;;;;
2026/03/10;0200 UTC;;;;;;;;;;;;;;;;;;
2026/03/10;0300 UTC;;;;;;;;;;;;;;;;;;
2026/03/10;0400 UTC;;;;;;;;;;;;;;;;;;
2026/03/10;0500 UTC;;;;;;;;;;;;;;;;;;
2026/03/10;0600 UTC;;;;;;;;;;;;;;;;;;
2026/03/10;0700 UTC;;;;;;;;;;;;;;;;;;
2026/03/10;0800 UTC;;;;;;;;;;;;;;;;;;
2026/03/10;0900 UTC;;;;;;;;;;;;;;;;;;
2026/03/10;1000 UTC;;;;;;;;;;;;;;;;;;
2026/03/10;1100 UTC;;;;;;;;;;;;;;;;;;
2026/03/10;1200 UTC;;;;;;;;;;;;;;;;;;
2026/03/10;1300 UTC;;;;;;;;;;;;;;;;;;
2026/03/10;1400 UTC;;;;;;;;;;;;;;;;;;
2026/03/10;1500 UTC;;;;;;;;;;;;;;;;;;
2026/03/10;1600 UTC;;;;;;;;;;;;;;;;;;
2026/03/10;1700 UTC;;;;;;;;;;;;;;;;;;
2026/03/10;1800 UTC;;;;;;;;;;;;;;;;;;
2026/03/10;1900 UTC;;;;;;;;;;;;;;;;;;
2026/03/10;2000 UTC;;;;;;;;;;;;;;;;;;
2026/03/10;2100 UTC;;;;;;;;;;;;;;;;;;
2026/03/10;2200 UTC;;;;;;;;;;;;;;;;;;
2026/03/10;2300 UTC;;;;;;;;;;;;;;;;;;
2026/03/11;0000 UTC;;;;;;;;;;;;;;;;;;
2026/03/11;0100 UTC;;;;;;;;;;;;;;;;;;
2026/03/11;0200 UTC;;;;;;;;;;;;;;;;;;
2026/03/11;0300 UTC;;;;;;;;;;;;;;;;;;
2026/03/11;0400 UTC;;;;;;;;;;;;;;;;;;
2026/03/11;0500 UTC;;;;;;;;;;;;;;;;;;
2026/03/11;0600 UTC;;;;;;;;;;;;;;;;;;
2026/03/11;0700 UTC;;;;;;;;;;;;;;;;;;
2026/03/11;0800 UTC;;;;;;;;;;;;;;;;;;
2026/03/11;0900 UTC;;;;;;;;;;;;;;;;;;
2026/03/11;1000 UTC;;;;;;;;;;;;;;;;;;
2026/03/11;1100 UTC;;;;;;;;;;;;;;;;;;
2026/03/11;1200 UTC;;;;;;;;;;;;;;;;;;
2026/03/11;1300 UTC;;;;;;;;;;;;;;;;;;
2026/03/11;1400 UTC;;;;;;;;;;;;;;;;;;
2026/03/11;1500 UTC;;;;;;;;;;;;;;;;;;
2026/03/11;1600 UTC;;;;;;;;;;;;;;;;;;
2026/03/11;1700 UTC;;;;;;;;;;;;;;;;;;
2026/03/11;1800 UTC;;;;;;;;;;;;;;;;;;
2026/03/11;1900 UTC;;;;;;;;;;;;;;;;;;
2026/03/11;2000 UTC;;;;;;;;;;;;;;;;;;
2026/03/11;2100 UTC;;;;;;;;;;;;;;;;;;
2026/03/11;2200 UTC;;;;;;;;;;;;;;;;;;
2026/03/11;2300 UTC;;;;;;;;;;;;;;;;;;
2026/03/12;0000 UTC;;;;;;;;;;;;;;;;;;
2026/03/12;0100 UTC;;;;;;;;;;;;;;;;;;
2026/03/12;0200 UTC;;;;;;;;;;;;;;;;;;
2026/03/12;0300 UTC;;;;;;;;;;;;;;;;;;
2026/03/12;0400 UTC;;;;;;;;;;;;;;;;;;
2026/03/12;0500 UTC;;;;;;;;;;;;;;;;;;
2026/03/12;0600 UTC;;;;;;;;;;;;;;;;;;
2026/03/12;0700 UTC;;;;;;;;;;;;;;;;;;
2026/03/12;0800 UTC;;;;;;;;;;;;;;;;;;
2026/03/12;0900 UTC;;;;;;;;;;;;;;;;;;
2026/03/12;1000 UTC;;;;;;;;;;;;;;;;;;
2026/03/12;1100 UTC;;;;;;;;;;;;;;;;;;
2026/03/12;1200 UTC;;;;;;;;;;;;;;;;;;
2026/03/12;1300 UTC;;;;;;;;;;;;;;;;;;
2026/03/12;1400 UTC;;;;;;;;;;;;;;;;;;
2026/03/12;1500 UTC;;;;;;;;;;;;;;;;;;
2026/03/12;1600 UTC;;;;;;;;;;;;;;;;;;
2026/03/12;1700 UTC;;;;;;;;;;;;;;;;;;
2026/03/12;1800 UTC;;;;;;;;;;;;;;;;;;
2026/03/12;1900 UTC;;;;;;;;;;;;;;;;;;
2026/03/12;2000 UTC;;;;;;;;;;;;;;;;;;
2026/03/12;2100 UTC;;;;;;;;;;;;;;;;;;
2026/03/12;2200 UTC;;;;;;;;;;;;;;;;;;
2026/03/12;2300 UTC;;;;;;;;;;;;;;;;;;
2026/03/13;0000 UTC;;;;;;;;;;;;;;;;;;
2026/03/13;0100 UTC;;;;;;;;;;;;;;;;;;
2026/03/13;0200 UTC;;;;;;;;;;;;;;;;;;
2026/03/13;0300 UTC;;;;;;;;;;;;;;;;;;
2026/03/13;0400 UTC;;;;;;;;;;;;;;;;;;
2026/03/13;0500 UTC;;;;;;;;;;;;;;;;;;
2026/03/13;0600 UTC;;;;;;;;;;;;;;;;;;
2026/03/13;0700 UTC;;;;;;;;;;;;;;;;;;
2026/03/13;0800 UTC;;;;;;;;;;;;;;;;;;
2026/03/13;0900 UTC;;;;;;;;;;;;;;;;;;
2026/03/13;1000 UTC;;;;;;;;;;;;;;;;;;
2026/03/13;1100 UTC;;;;;;;;;;;;;;;;;;
2026/03/13;1200 UTC;;;;;;;;;;;;;;;;;;
2026/03/13;1300 UTC;;;;;;;;;;;;;;;;;;
2026/03/13;1400 UTC;;;;;;;;;;;;;;;;;;
2026/03/13;1500 UTC;;;;;;;;;;;;;;;;;;
2026/03/13;1600 UTC;;;;;;;;;;;;;;;;;;
2026/03/13;1700 UTC;;;;;;;;;;;;;;;;;;
2026/03/13;1800 UTC;;;;;;;;;;;;;;;;;;
2026/03/13;1900 UTC;;;;;;;;;;;;;;;;;;
2026/03/13;2000 UTC;;;;;;;;;;;;;;;;;;
2026/03/13;2100 UTC;;;;;;;;;;;;;;;;;;
2026/03/13;2200 UTC;;;;;;;;;;;;;;;;;;
2026/03/13;2300 UTC;;;;;;;;;;;;;;;;;;
2026/03/14;0000 UTC;;;;;;;;;;;;;;;;;;
2026/03/14;0100 UTC;;;;;;;;;;;;;;;;;;
2026/03/14;0200 UTC;;;;;;;;;;;;;;;;;;
2026/03/14;0300 UTC;;;;;;;;;;;;;;;;;;
2026/03/14;0400 UTC;;;;;;;;;;;;;;;;;;
2026/03/14;0500 UTC;;;;;;;;;;;;;;;;;;
2026/03/14;0600 UTC;;;;;;;;;;;;;;;;;;
2026/03/14;0700 UTC;;;;;;;;;;;;;;;;;;
2026/03/14;0800 UTC;;;;;;;;;;;;;;;;;;
2026/03/14;0900 UTC;;;;;;;;;;;;;;;;;;
2026/03/14;1000 UTC;;;;;;;;;;;;;;;;;;
2026/03/14;1100 UTC;;;;;;;;;;;;;;;;;;
2026/03/14;1200 UTC;;;;;;;;;;;;;;;;;;
2026/03/14;1300 UTC;;;;;;;;;;;;;;;;;;
2026/03/14;1400 UTC;;;;;;;;;;;;;;;;;;
2026/03/14;1500 UTC;;;;;;;;;;;;;;;;;;
2026/03/14;1600 UTC;;;;;;;;;;;;;;;;;;
2026/03/14;1700 UTC;;;;;;;;;;;;;;;;;;
2026/03/14;1800 UTC;;;;;;;;;;;;;;;;;;
2026/03/14;1900 UTC;;;;;;;;;;;;;;;;;;
2026/03/14;2000 UTC;;;;;;;;;;;;;;;;;;
2026/03/14;2100 UTC;;;;;;;;;;;;;;;;;;
2026/03/14;2200 UTC;;;;;;;;;;;;;;;;;;
2026/03/14;2300 UTC;;;;;;;;;;;;;;;;;;
2026/03/15;0000 UTC;;;;;;;;;;;;;;;;;;
2026/03/15;0100 UTC;;;;;;;;;;;;;;;;;;
2026/03/15;0200 UTC;;;;;;;;;;;;;;;;;;
2026/03/15;0300 UTC;;;;;;;;;;;;;;;;;;
2026/03/15;0400 UTC;;;;;;;;;;;;;;;;;;
2026/03/15;0500 UTC;;;;;;;;;;;;;;;;;;
2026/03/15;0600 UTC;;;;;;;;;;;;;;;;;;
2026/03/15;0700 UTC;;;;;;;;;;;;;;;;;;
2026/03/15;0800 UTC;;;;;;;;;;;;;;;;;;
2026/03/15;0900 UTC;;;;;;;;;;;;;;;;;;
2026/03/15;1000 UTC;;;;;;;;;;;;;;;;;;
2026/03/15;1100 UTC;;;;;;;;;;;;;;;;;;
2026/03/15;1200 UTC;;;;;;;;;;;;;;;;;;
2026/03/15;1300 UTC;;;;;;;;;;;;;;;;;;
2026/03/15;1400 UTC;;;;;;;;;;;;;;;;;;
2026/03/15;1500 UTC;;;;;;;;;;;;;;;;;;
2026/03/15;1600 UTC;;;;;;;;;;;;;;;;;;
2026/03/15;1700 UTC;;;;;;;;;;;;;;;;;;
2026/03/15;1800 UTC;;;;;;;;;;;;;;;;;;
2026/03/15;1900 UTC;;;;;;;;;;;;;;;;;;
2026/03/15;2000 UTC;;;;;;;;;;;;;;;;;;
2026/03/15;2100 UTC;;;;;;;;;;;;;;;;;;
2026/03/15;2200 UTC;;;;;;;;;;;;;;;;;;
2026/03/15;2300 UTC;;;;;;;;;;;;;;;;;;
2026/03/16;0000 UTC;;;;;;;;;;;;;;;;;;
2026/03/16;0100 UTC;;;;;;;;;;;;;;;;;;
2026/03/16;0200 UTC;;;;;;;;;;;;;;;;;;
2026/03/16;0300 UTC;;;;;;;;;;;;;;;;;;
2026/03/16;0400 UTC;;;;;;;;;;;;;;;;;;
2026/03/16;0500 UTC;;;;;;;;;;;;;;;;;;
2026/03/16;0600 UTC;;;;;;;;;;;;;;;;;;
2026/03/16;0700 UTC;;;;;;;;;;;;;;;;;;
2026/03/16;0800 UTC;;;;;;;;;;;;;;;;;;
2026/03/16;0900 UTC;;;;;;;;;;;;;;;;;;
2026/03/16;1000 UTC;;;;;;;;;;;;;;;;;;
2026/03/16;1100 UTC;;;;;;;;;;;;;;;;;;
2026/03/16;1200 UTC;;;;;;;;;;;;;;;;;;
2026/03/16;1300 UTC;;;;;;;;;;;;;;;;;;
2026/03/16;1400 UTC;;;;;;;;;;;;;;;;;;
2026/03/16;1500 UTC;;;;;;;;;;;;;;;;;;
2026/03/16;1600 UTC;;;;;;;;;;;;;;;;;;
2026/03/16;1700 UTC;;;;;;;;;;;;;;;;;;
2026/03/16;1800 UTC;;;;;;;;;;;;;;;;;;
2026/03/16;1900 UTC;;;;;;;;;;;;;;;;;;
2026/03/16;2000 UTC;;;;;;;;;;;;;;;;;;
2026/03/16;2100 UTC;;;;;;;;;;;;;;;;;;
2026/03/16;2200 UTC;;;;;;;;;;;;;;;;;;
2026/03/16;2300 UTC;;;;;;;;;;;;;;;;;;
2026/03/17;0000 UTC;;;;;;;;;;;;;;;;;;
2026/03/17;0100 UTC;;;;;;;;;;;;;;;;;;
2026/03/17;0200 UTC;;;;;;;;;;;;;;;;;;
2026/03/17;0300 UTC;;;;;;;;;;;;;;;;;;
2026/03/17;0400 UTC;;;;;;;;;;;;;;;;;;
2026/03/17;0500 UTC;;;;;;;;;;;;;;;;;;
2026/03/17;0600 UTC;;;;;;;;;;;;;;;;;;
2026/03/17;0700 UTC;;;;;;;;;;;;;;;;;;
2026/03/17;0800 UTC;;;;;;;;;;;;;;;;;;
2026/03/17;0900 UTC;;;;;;;;;;;;;;;;;;
2026/03/17;1000 UTC;;;;;;;;;;;;;;;;;;
2026/03/17;1100 UTC;;;;;;;;;;;;;;;;;;
2026/03/17;1200 UTC;;;;;;;;;;;;;;;;;;
2026/03/17;1300 UTC;;;;;;;;;;;;;;;;;;
2026/03/17;1400 UTC;;;;;;;;;;;;;;;;;;
2026/03/17;1500 UTC;;;;;;;;;;;;;;;;;;
2026/03/17;1600 UTC;;;;;;;;;;;;;;;;;;
2026/03/17;1700 UTC;;;;;;;;;;;;;;;;;;
2026/03/17;1800 UTC;;;;;;;;;;;;;;;;;;
2026/03/17;1900 UTC;;;;;;;;;;;;;;;;;;
2026/03/17;2000 UTC;;;;;;;;;;;;;;;;;;
2026/03/17;2100 UTC;;;;;;;;;;;;;;;;;;
2026/03/17;2200 UTC;;;;;;;;;;;;;;;;;;
2026/03/17;2300 UTC;;;;;;;;;;;;;;;;;;
2026/03/18;0000 UTC;;;;;;;;;;;;;;;;;;
2026/03/18;0100 UTC;;;;;;;;;;;;;;;;;;
2026/03/18;0200 UTC;;;;;;;;;;;;;;;;;;
2026/03/18;0300 UTC;;;;;;;;;;;;;;;;;;
2026/03/18;0400 UTC;;;;;;;;;;;;;;;;;;
2026/03/18;0500 UTC;;;;;;;;;;;;;;;;;;
2026/03/18;0600 UTC;;;;;;;;;;;;;;;;;;
2026/03/18;0700 UTC;;;;;;;;;;;;;;;;;;
2026/03/18;0800 UTC;;;;;;;;;;;;;;;;;;
2026/03/18;0900 UTC;;;;;;;;;;;;;;;;;;
2026/03/18;1000 UTC;;;;;;;;;;;;;;;;;;
2026/03/18;1100 UTC;;;;;;;;;;;;;;;;;;
2026/03/18;1200 UTC;;;;;;;;;;;;;;;;;;
2026/03/18;1300 UTC;;;;;;;;;;;;;;;;;;
2026/03/18;1400 UTC;;;;;;;;;;;;;;;;;;
2026/03/18;1500 UTC;;;;;;;;;;;;;;;;;;
2026/03/18;1600 UTC;;;;;;;;;;;;;;;;;;
2026/03/18;1700 UTC;;;;;;;;;;;;;;;;;;
2026/03/18;1800 UTC;;;;;;;;;;;;;;;;;;
2026/03/18;1900 UTC;;;;;;;;;;;;;;;;;;
2026/03/18;2000 UTC;;;;;;;;;;;;;;;;;;
2026/03/18;2100 UTC;;;;;;;;;;;;;;;;;;
2026/03/18;2200 UTC;;;;;;;;;;;;;;;;;;
2026/03/18;2300 UTC;;;;;;;;;;;;;;;;;;
2026/03/19;0000 UTC;;;;;;;;;;;;;;;;;;
2026/03/19;0100 UTC;;;;;;;;;;;;;;;;;;
2026/03/19;0200 UTC;;;;;;;;;;;;;;;;;;
2026/03/19;0300 UTC;;;;;;;;;;;;;;;;;;
2026/03/19;0400 UTC;;;;;;;;;;;;;;;;;;
2026/03/19;0500 UTC;;;;;;;;;;;;;;;;;;
2026/03/19;0600 UTC;;;;;;;;;;;;;;;;;;
2026/03/19;0700 UTC;;;;;;;;;;;;;;;;;;
2026/03/19;0800 UTC;;;;;;;;;;;;;;;;;;
2026/03/19;0900 UTC;;;;;;;;;;;;;;;;;;
2026/03/19;1000 UTC;;;;;;;;;;;;;;;;;;
2026/03/19;1100 UTC;;;;;;;;;;;;;;;;;;
2026/03/19;1200 UTC;;;;;;;;;;;;;;;;;;
2026/03/19;1300 UTC;;;;;;;;;;;;;;;;;;
2026/03/19;1400 UTC;;;;;;;;;;;;;;;;;;
2026/03/19;1500 UTC;;;;;;;;;;;;;;;;;;
2026/03/19;1600 UTC;;;;;;;;;;;;;;;;;;
2026/03/19;1700 UTC;;;;;;;;;;;;;;;;;;
2026/03/19;1800 UTC;;;;;;;;;;;;;;;;;;
2026/03/19;1900 UTC;;;;;;;;;;;;;;;;;;
2026/03/19;2000 UTC;;;;;;;;;;;;;;;;;;
2026/03/19;2100 UTC;;;;;;;;;;;;;;;;;;
2026/03/19;2200 UTC;;;;;;;;;;;;;;;;;;
2026/03/19;2300 UTC;;;;;;;;;;;;;;;;;;
2026/03/20;0000 UTC;;;;;;;;;;;;;;;;;;
2026/03/20;0100 UTC;;;;;;;;;;;;;;;;;;
2026/03/20;0200 UTC;;;;;;;;;;;;;;;;;;
2026/03/20;0300 UTC;;;;;;;;;;;;;;;;;;
2026/03/20;0400 UTC;;;;;;;;;;;;;;;;;;
2026/03/20;0500 UTC;;;;;;;;;;;;;;;;;;
2026/03/20;0600 UTC;;;;;;;;;;;;;;;;;;
2026/03/20;0700 UTC;;;;;;;;;;;;;;;;;;
2026/03/20;0800 UTC;;;;;;;;;;;;;;;;;;
2026/03/20;0900 UTC;;;;;;;;;;;;;;;;;;
2026/03/20;1000 UTC;;;;;;;;;;;;;;;;;;
2026/03/20;1100 UTC;;;;;;;;;;;;;;;;;;
2026/03/20;1200 UTC;;;;;;;;;;;;;;;;;;
2026/03/20;1300 UTC;;;;;;;;;;;;;;;;;;
2026/03/20;1400 UTC;;;;;;;;;;;;;;;;;;
2026/03/20;1500 UTC;;;;;;;;;;;;;;;;;;
2026/03/20;1600 UTC;;;;;;;;;;;;;;;;;;
2026/03/20;1700 UTC;;;;;;;;;;;;;;;;;;
2026/03/20;1800 UTC;;;;;;;;;;;;;;;;;;
2026/03/20;1900 UTC;;;;;;;;;;;;;;;;;;
2026/03/20;2000 UTC;;;;;;;;;;;;;;;;;;
2026/03/20;2100 UTC;;;;;;;;;;;;;;;;;;
2026/03/20;2200 UTC;;;;;;;;;;;;;;;;;;
2026/03/20;2300 UTC;;;;;;;;;;;;;;;;;;
2026/03/21;0000 UTC;;;;;;;;;;;;;;;;;;
2026/03/21;0100 UTC;;;;;;;;;;;;;;;;;;
2026/03/21;0200 UTC;;;;;;;;;;;;;;;;;;
2026/03/21;0300 UTC;;;;;;;;;;;;;;;;;;
2026/03/21;0400 UTC;;;;;;;;;;;;;;;;;;
2026/03/21;0500 UTC;;;;;;;;;;;;;;;;;;
2026/03/21;0600 UTC;;;;;;;;;;;;;;;;;;
2026/03/21;0700 UTC;;;;;;;;;;;;;;;;;;
2026/03/21;0800 UTC;;;;;;;;;;;;;;;;;;
2026/03/21;0900 UTC;;;;;;;;;;;;;;;;;;
2026/03/21;1000 UTC;;;;;;;;;;;;;;;;;;
2026/03/21;1100 UTC;;;;;;;;;;;;;;;;;;
2026/03/21;1200 UTC;;;;;;;;;;;;;;;;;;
2026/03/21;1300 UTC;;;;;;;;;;;;;;;;;;
2026/03/21;1400 UTC;;;;;;;;;;;;;;;;;;
2026/03/21;1500 UTC;;;;;;;;;;;;;;;;;;
2026/03/21;1600 UTC;;;;;;;;;;;;;;;;;;
2026/03/21;1700 UTC;;;;;;;;;;;;;;;;;;
2026/03/21;1800 UTC;;;;;;;;;;;;;;;;;;
2026/03/21;1900 UTC;;;;;;;;;;;;;;;;;;
2026/03/21;2000 UTC;;;;;;;;;;;;;;;;;;
2026/03/21;2100 UTC;;;;;;;;;;;;;;;;;;
2026/03/21;2200 UTC;;;;;;;;;;;;;;;;;;
2026/03/21;2300 UTC;;;;;;;;;;;;;;;;;;
2026/03/22;0000 UTC;;;;;;;;;;;;;;;;;;
2026/03/22;0100 UTC;;;;;;;;;;;;;;;;;;
2026/03/22;0200 UTC;;;;;;;;;;;;;;;;;;
2026/03/22;0300 UTC;;;;;;;;;;;;;;;;;;
2026/03/22;0400 UTC;;;;;;;;;;;;;;;;;;
2026/03/22;0500 UTC;;;;;;;;;;;;;;;;;;
2026/03/22;0600 UTC;;;;;;;;;;;;;;;;;;
2026/03/22;0700 UTC;;;;;;;;;;;;;;;;;;
2026/03/22;0800 UTC;;;;;;;;;;;;;;;;;;
2026/03/22;0900 UTC;;;;;;;;;;;;;;;;;;
2026/03/22;1000 UTC;;;;;;;;;;;;;;;;;;
2026/03/22;1100 UTC;;;;;;;;;;;;;;;;;;
2026/03/22;1200 UTC;;;;;;;;;;;;;;;;;;
2026/03/22;1300 UTC;;;;;;;;;;;;;;;;;;
2026/03/22;1400 UTC;;;;;;;;;;;;;;;;;;
2026/03/22;1500 UTC;;;;;;;;;;;;;;;;;;
2026/03/22;1600 UTC;;;;;;;;;;;;;;;;;;
2026/03/22;1700 UTC;;;;;;;;;;;;;;;;;;
2026/03/22;1800 UTC;;;;;;;;;;;;;;;;;;
2026/03/22;1900 UTC;;;;;;;;;;;;;;;;;;
2026/03/22;2000 UTC;;;;;;;;;;;;;;;;;;
2026/03/22;2100 UTC;;;;;;;;;;;;;;;;;;
2026/03/22;2200 UTC;;;;;;;;;;;;;;;;;;
2026/03/22;2300 UTC;;;;;;;;;;;;;;;;;;
2026/03/23;0000 UTC;;;;;;;;;;;;;;;;;;
2026/03/23;0100 UTC;;;;;;;;;;;;;;;;;;
2026/03/23;0200 UTC;;;;;;;;;;;;;;;;;;
2026/03/23;0300 UTC;;;;;;;;;;;;;;;;;;
2026/03/23;0400 UTC;;;;;;;;;;;;;;;;;;
2026/03/23;0500 UTC;;;;;;;;;;;;;;;;;;
2026/03/23;0600 UTC;;;;;;;;;;;;;;;;;;
2026/03/23;0700 UTC;;;;;;;;;;;;;;;;;;
2026/03/23;0800 UTC;;;;;;;;;;;;;;;;;;
2026/03/23;0900 UTC;;;;;;;;;;;;;;;;;;
2026/03/23;1000 UTC;;;;;;;;;;;;;;;;;;
2026/03/23;1100 UTC;;;;;;;;;;;;;;;;;;
2026/03/23;1200 UTC;;;;;;;;;;;;;;;;;;
2026/03/23;1300 UTC;;;;;;;;;;;;;;;;;;
2026/03/23;1400 UTC;;;;;;;;;;;;;;;;;;
2026/03/23;1500 UTC;;;;;;;;;;;;;;;;;;
2026/03/23;1600 UTC;;;;;;;;;;;;;;;;;;
2026/03/23;1700 UTC;;;;;;;;;;;;;;;;;;
2026/03/23;1800 UTC;;;;;;;;;;;;;;;;;;
2026/03/23;1900 UTC;;;;;;;;;;;;;;;;;;
2026/03/23;2000 UTC;;;;;;;;;;;;;;;;;;
2026/03/23;2100 UTC;;;;;;;;;;;;;;;;;;
2026/03/23;2200 UTC;;;;;;;;;;;;;;;;;;
2026/03/23;2300 UTC;;;;;;;;;;;;;;;;;;
2026/03/24;0000 UTC;;;;;;;;;;;;;;;;;;
2026/03/24;0100 UTC;;;;;;;;;;;;;;;;;;
2026/03/24;0200 UTC;;;;;;;;;;;;;;;;;;
2026/03/24;0300 UTC;;;;;;;;;;;;;;;;;;
2026/03/24;0400 UTC;;;;;;;;;;;;;;;;;;
2026/03/24;0500 UTC;;;;;;;;;;;;;;;;;;
2026/03/24;0600 UTC;;;;;;;;;;;;;;;;;;
2026/03/24;0700 UTC;;;;;;;;;;;;;;;;;;
2026/03/24;0800 UTC;;;;;;;;;;;;;;;;;;
2026/03/24;0900 UTC;;;;;;;;;;;;;;;;;;
2026/03/24;1000 UTC;;;;;;;;;;;;;;;;;;
2026/03/24;1100 UTC;;;;;;;;;;;;;;;;;;
2026/03/24;1200 UTC;;;;;;;;;;;;;;;;;;
2026/03/24;1300 UTC;;;;;;;;;;;;;;;;;;
2026/03/24;1400 UTC;;;;;;;;;;;;;;;;;;
2026/03/24;1500 UTC;;;;;;;;;;;;;;;;;;
2026/03/24;1600 UTC;;;;;;;;;;;;;;;;;;
2026/03/24;1700 UTC;;;;;;;;;;;;;;;;;;
2026/03/24;1800 UTC;;;;;;;;;;;;;;;;;;
2026/03/24;1900 UTC;;;;;;;;;;;;;;;;;;
2026/03/24;2000 UTC;;;;;;;;;;;;;;;;;;
2026/03/24;2100 UTC;;;;;;;;;;;;;;;;;;
2026/03/24;2200 UTC;;;;;;;;;;;;;;;;;;
2026/03/24;2300 UTC;;;;;;;;;;;;;;;;;;
2026/03/25;0000 UTC;;;;;;;;;;;;;;;;;;
2026/03/25;0100 UTC;;;;;;;;;;;;;;;;;;
2026/03/25;0200 UTC;;;;;;;;;;;;;;;;;;
2026/03/25;0300 UTC;;;;;;;;;;;;;;;;;;
2026/03/25;0400 UTC;;;;;;;;;;;;;;;;;;
2026/03/25;0500 UTC;;;;;;;;;;;;;;;;;;
2026/03/25;0600 UTC;;;;;;;;;;;;;;;;;;
2026/03/25;0700 UTC;;;;;;;;;;;;;;;;;;
2026/03/25;0800 UTC;;;;;;;;;;;;;;;;;;
2026/03/25;0900 UTC;;;;;;;;;;;;;;;;;;
2026/03/25;1000 UTC;;;;;;;;;;;;;;;;;;
2026/03/25;1100 UTC;;;;;;;;;;;;;;;;;;
2026/03/25;1200 UTC;;;;;;;;;;;;;;;;;;
2026/03/25;1300 UTC;;;;;;;;;;;;;;;;;;
2026/03/25;1400 UTC;;;;;;;;;;;;;;;;;;
2026/03/25;1500 UTC;;;;;;;;;;;;;;;;;;
2026/03/25;1600 UTC;;;;;;;;;;;;;;;;;;
2026/03/25;1700 UTC;;;;;;;;;;;;;;;;;;
2026/03/25;1800 UTC;;;;;;;;;;;;;;;;;;
2026/03/25;1900 UTC;;;;;;;;;;;;;;;;;;
2026/03/25;2000 UTC;;;;;;;;;;;;;;;;;;
2026/03/25;2100 UTC;;;;;;;;;;;;;;;;;;
2026/03/25;2200 UTC;;;;;;;;;;;;;;;;;;
2026/03/25;2300 UTC;;;;;;;;;;;;;;;;;;
2026/03/26;0000 UTC;;;;;;;;;;;;;;;;;;
2026/03/26;0100 UTC;;;;;;;;;;;;;;;;;;
2026/03/26;0200 UTC;;;;;;;;;;;;;;;;;;
2026/03/26;0300 UTC;;;;;;;;;;;;;;;;;;
2026/03/26;0400 UTC;;;;;;;;;;;;;;;;;;
2026/03/26;0500 UTC;;;;;;;;;;;;;;;;;;
2026/03/26;0600 UTC;;;;;;;;;;;;;;;;;;
2026/03/26;0700 UTC;;;;;;;;;;;;;;;;;;
2026/03/26;0800 UTC;;;;;;;;;;;;;;;;;;
2026/03/26;0900 UTC;;;;;;;;;;;;;;;;;;
2026/03/26;1000 UTC;;;;;;;;;;;;;;;;;;
2026/03/26;1100 UTC;;;;;;;;;;;;;;;;;;
2026/03/26;1200 UTC;;;;;;;;;;;;;;;;;;
2026/03/26;1300 UTC;;;;;;;;;;;;;;;;;;
2026/03/26;1400 UTC;;;;;;;;;;;;;;;;;;
2026/03/26;1500 UTC;;;;;;;;;;;;;;;;;;
2026/03/26;1600 UTC;;;;;;;;;;;;;;;;;;
2026/03/26;1700 UTC;;;;;;;;;;;;;;;;;;
2026/03/26;1800 UTC;;;;;;;;;;;;;;;;;;
2026/03/26;1900 UTC;;;;;;;;;;;;;;;;;;
2026/03/26;2000 UTC;;;;;;;;;;;;;;;;;;
2026/03/26;2100 UTC;;;;;;;;;;;;;;;;;;
2026/03/26;2200 UTC;;;;;;;;;;;;;;;;;;
2026/03/26;2300 UTC;;;;;;;;;;;;;;;;;;
2026/03/27;0000 UTC;;;;;;;;;;;;;;;;;;
2026/03/27;0100 UTC;;;;;;;;;;;;;;;;;;
2026/03/27;0200 UTC;;;;;;;;;;;;;;;;;;
2026/03/27;0300 UTC;;;;;;;;;;;;;;;;;;
2026/03/27;0400 UTC;;;;;;;;;;;;;;;;;;
2026/03/27;0500 UTC;;;;;;;;;;;;;;;;;;
2026/03/27;0600 UTC;;;;;;;;;;;;;;;;;;
2026/03/27;0700 UTC;;;;;;;;;;;;;;;;;;
2026/03/27;0800 UTC;;;;;;;;;;;;;;;;;;
2026/03/27;0900 UTC;;;;;;;;;;;;;;;;;;
2026/03/27;1000 UTC;;;;;;;;;;;;;;;;;;
2026/03/27;1100 UTC;;;;;;;;;;;;;;;;;;
2026/03/27;1200 UTC;;;;;;;;;;;;;;;;;;
2026/03/27;1300 UTC;;;;;;;;;;;;;;;;;;
2026/03/27;1400 UTC;;;;;;;;;;;;;;;;;;
2026/03/27;1500 UTC;;;;;;;;;;;;;;;;;;
2026/03/27;1600 UTC;;;;;;;;;;;;;;;;;;
2026/03/27;1700 UTC;;;;;;;;;;;;;;;;;;
2026/03/27;1800 UTC;;;;;;;;;;;;;;;;;;
2026/03/27;1900 UTC;;;;;;;;;;;;;;;;;;
2026/03/27;2000 UTC;;;;;;;;;;;;;;;;;;
2026/03/27;2100 UTC;;;;;;;;;;;;;;;;;;
2026/03/27;2200 UTC;;;;;;;;;;;;;;;;;;
2026/03/27;2300 UTC;;;;;;;;;;;;;;;;;;
2026/03/28;0000 UTC;;;;;;;;;;;;;;;;;;
2026/03/28;0100 UTC;;;;;;;;;;;;;;;;;;
2026/03/28;0200 UTC;;;;;;;;;;;;;;;;;;
2026/03/28;0300 UTC;;;;;;;;;;;;;;;;;;
2026/03/28;0400 UTC;;;;;;;;;;;;;;;;;;
2026/03/28;0500 UTC;;;;;;;;;;;;;;;;;;
2026/03/28;0600 UTC;;;;;;;;;;;;;;;;;;
2026/03/28;0700 UTC;;;;;;;;;;;;;;;;;;
2026/03/28;0800 UTC;;;;;;;;;;;;;;;;;;
2026/03/28;0900 UTC;;;;;;;;;;;;;;;;;;
2026/03/28;1000 UTC;;;;;;;;;;;;;;;;;;
2026/03/28;1100 UTC;;;;;;;;;;;;;;;;;;
2026/03/28;1200 UTC;;;;;;;;;;;;;;;;;;
2026/03/28;1300 UTC;;;;;;;;;;;;;;;;;;
2026/03/28;1400 UTC;;;;;;;;;;;;;;;;;;
2026/03/28;1500 UTC;;;;;;;;;;;;;;;;;;
2026/03/28;1600 UTC;;;;;;;;;;;;;;;;;;
2026/03/28;1700 UTC;;;;;;;;;;;;;;;;;;
2026/03/28;1800 UTC;;;;;;;;;;;;;;;;;;
2026/03/28;1900 UTC;;;;;;;;;;;;;;;;;;
2026/03/28;2000 UTC;;;;;;;;;;;;;;;;;;
2026/03/28;2100 UTC;;;;;;;;;;;;;;;;;;
2026/03/28;2200 UTC;;;;;;;;;;;;;;;;;;
2026/03/28;2300 UTC;;;;;;;;;;;;;;;;;;
2026/03/29;0000 UTC;;;;;;;;;;;;;;;;;;
2026/03/29;0100 UTC;;;;;;;;;;;;;;;;;;
2026/03/29;0200 UTC;;;;;;;;;;;;;;;;;;
2026/03/29;0300 UTC;;;;;;;;;;;;;;;;;;
2026/03/29;0400 UTC;;;;;;;;;;;;;;;;;;
2026/03/29;0500 UTC;;;;;;;;;;;;;;;;;;
2026/03/29;0600 UTC;;;;;;;;;;;;;;;;;;
2026/03/29;0700 UTC;;;;;;;;;;;;;;;;;;
2026/03/29;0800 UTC;;;;;;;;;;;;;;;;;;
2026/03/29;0900 UTC;;;;;;;;;;;;;;;;;;
2026/03/29;1000 UTC;;;;;;;;;;;;;;;;;;
2026/03/29;1100 UTC;;;;;;;;;;;;;;;;;;
2026/03/29;1200 UTC;;;;;;;;;;;;;;;;;;
2026/03/29;1300 UTC;;;;;;;;;;;;;;;;;;
2026/03/29;1400 UTC;;;;;;;;;;;;;;;;;;
2026/03/29;1500 UTC;;;;;;;;;;;;;;;;;;
2026/03/29;1600 UTC;;;;;;;;;;;;;;;;;;
2026/03/29;1700 UTC;;;;;;;;;;;;;;;;;;
2026/03/29;1800 UTC;;;;;;;;;;;;;;;;;;
2026/03/29;1900 UTC;;;;;;;;;;;;;;;;;;
2026/03/29;2000 UTC;;;;;;;;;;;;;;;;;;
2026/03/29;2100 UTC;;;;;;;;;;;;;;;;;;
2026/03/29;2200 UTC;;;;;;;;;;;;;;;;;;
2026/03/29;2300 UTC;;;;;;;;;;;;;;;;;;
2026/03/30;0000 UTC;;;;;;;;;;;;;;;;;;
2026/03/30;0100 UTC;;;;;;;;;;;;;;;;;;
2026/03/30;0200 UTC;;;;;;;;;;;;;;;;;;
2026/03/30;0300 UTC;;;;;;;;;;;;;;;;;;
2026/03/30;0400 UTC;;;;;;;;;;;;;;;;;;
2026/03/30;0500 UTC;;;;;;;;;;;;;;;;;;
2026/03/30;0600 UTC;;;;;;;;;;;;;;;;;;
2026/03/30;0700 UTC;;;;;;;;;;;;;;;;;;
2026/03/30;0800 UTC;;;;;;;;;;;;;;;;;;
2026/03/30;0900 UTC;;;;;;;;;;;;;;;;;;
2026/03/30;1000 UTC;;;;;;;;;;;;;;;;;;
2026/03/30;1100 UTC;;;;;;;;;;;;;;;;;;
2026/03/30;1200 UTC;;;;;;;;;;;;;;;;;;
2026/03/30;1300 UTC;;;;;;;;;;;;;;;;;;
2026/03/30;1400 UTC;;;;;;;;;;;;;;;;;;
2026/03/30;1500 UTC;;;;;;;;;;;;;;;;;;
2026/03/30;1600 UTC;;;;;;;;;;;;;;;;;;
2026/03/30;1700 UTC;;;;;;;;;;;;;;;;;;
2026/03/30;1800 UTC;;;;;;;;;;;;;;;;;;
2026/03/30;1900 UTC;;;;;;;;;;;;;;;;;;
2026/03/30;2000 UTC;;;;;;;;;;;;;;;;;;
2026/03/30;2100 UTC;;;;;;;;;;;;;;;;;;
2026/03/30;2200 UTC;;;;;;;;;;;;;;;;;;
2026/03/30;2300 UTC;;;;;;;;;;;;;;;;;;
2026/03/31;0000 UTC;;;;;;;;;;;;;;;;;;
2026/03/31;0100 UTC;;;;;;;;;;;;;;;;;;
2026/03/31;0200 UTC;;;;;;;;;;;;;;;;;;
2026/03/31;0300 UTC;;;;;;;;;;;;;;;;;;
2026/03/31;0400 UTC;;;;;;;;;;;;;;;;;;
2026/03/31;0500 UTC;;;;;;;;;;;;;;;;;;
2026/03/31;0600 UTC;;;;;;;;;;;;;;;;;;
2026/03/31;0700 UTC;;;;;;;;;;;;;;;;;;
2026/03/31;0800 UTC;;;;;;;;;;;;;;;;;;
2026/03/31;0900 UTC;;;;;;;;;;;;;;;;;;
2026/03/31;1000 UTC;;;;;;;;;;;;;;;;;;
2026/03/31;1100 UTC;;;;;;;;;;;;;;;;;;
2026/03/31;1200 UTC;;;;;;;;;;;;;;;;;;
2026/03/31;1300 UTC;;;;;;;;;;;;;;;;;;
2026/03/31;1400 UTC;;;;;;;;;;;;;;;;;;
2026/03/31;1500 UTC;;;;;;;;;;;;;;;;;;
2026/03/31;1600 UTC;;;;;;;;;;;;;;;;;;
2026/03/31;1700 UTC;;;;;;;;;;;;;;;;;;
2026/03/31;1800 UTC;;;;;;;;;;;;;;;;;;
2026/03/31;1900 UTC;;;;;;;;;;;;;;;;;;
2026/03/31;2000 UTC;;;;;;;;;;;;;;;;;;
2026/03/31;2100 UTC;;;;;;;;;;;;;;;;;;
2026/03/31;2200 UTC;;;;;;;;;;;;;;;;;;
2026/03/31;2300 UTC;;;;;;;;;;;;;;;;;;
2026/04/01;0000 UTC;;;;;;;;;;;;;;;;;;
2026/04/01;0100 UTC;;;;;;;;;;;;;;;;;;
2026/04/01;0200 UTC;;;;;;;;;;;;;;;;;;
2026/04/01;0300 UTC;;;;;;;;;;;;;;;;;;
2026/04/01;0400 UTC;;;;;;;;;;;;;;;;;;
2026/04/01;0500 UTC;;;;;;;;;;;;;;;;;;
2026/04/01;0600 UTC;;;;;;;;;;;;;;;;;;
2026/04/01;0700 UTC;;;;;;;;;;;;;;;;;;
2026/04/01;0800 UTC;;;;;;;;;;;;;;;;;;
2026/04/01;0900 UTC;;;;;;;;;;;;;;;;;;
2026/04/01;1000 UTC;;;;;;;;;;;;;;;;;;
2026/04/01;1100 UTC;;;;;;;;;;;;;;;;;;
2026/04/01;1200 UTC;;;;;;;;;;;;;;;;;;
2026/04/01;1300 UTC;;;;;;;;;;;;;;;;;;
2026/04/01;1400 UTC;;;;;;;;;;;;;;;;;;
2026/04/01;1500 UTC;;;;;;;;;;;;;;;;;;
2026/04/01;1600 UTC;;;;;;;;;;;;;;;;;;
2026/04/01;1700 UTC;;;;;;;;;;;;;;;;;;
2026/04/01;1800 UTC;;;;;;;;;;;;;;;;;;
2026/04/01;1900 UTC;;;;;;;;;;;;;;;;;;
2026/04/01;2000 UTC;;;;;;;;;;;;;;;;;;
2026/04/01;2100 UTC;;;;;;;;;;;;;;;;;;
2026/04/01;2200 UTC;;;;;;;;;;;;;;;;;;
2026/04/01;2300 UTC;;;;;;;;;;;;;;;;;;
2026/04/02;0000 UTC;;;;;;;;;;;;;;;;;;
2026/04/02;0100 UTC;;;;;;;;;;;;;;;;;;
2026/04/02;0200 UTC;;;;;;;;;;;;;;;;;;
2026/04/02;0300 UTC;;;;;;;;;;;;;;;;;;
2026/04/02;0400 UTC;;;;;;;;;;;;;;;;;;
2026/04/02;0500 UTC;;;;;;;;;;;;;;;;;;
2026/04/02;0600 UTC;;;;;;;;;;;;;;;;;;
2026/04/02;0700 UTC;;;;;;;;;;;;;;;;;;
2026/04/02;0800 UTC;;;;;;;;;;;;;;;;;;
2026/04/02;0900 UTC;;;;;;;;;;;;;;;;;;
2026/04/02;1000 UTC;;;;;;;;;;;;;;;;;;
2026/04/02;1100 UTC;;;;;;;;;;;;;;;;;;
2026/04/02;1200 UTC;;;;;;;;;;;;;;;;;;
2026/04/02;1300 UTC;;;;;;;;;;;;;;;;;;
2026/04/02;1400 UTC;;;;;;;;;;;;;;;;;;
2026/04/02;1500 UTC;;;;;;;;;;;;;;;;;;
2026/04/02;1600 UTC;;;;;;;;;;;;;;;;;;
2026/04/02;1700 UTC;;;;;;;;;;;;;;;;;;
2026/04/02;1800 UTC;;;;;;;;;;;;;;;;;;
2026/04/02;1900 UTC;;;;;;;;;;;;;;;;;;
2026/04/02;2000 UTC;;;;;;;;;;;;;;;;;;
2026/04/02;2100 UTC;;;;;;;;;;;;;;;;;;
2026/04/02;2200 UTC;;;;;;;;;;;;;;;;;;
2026/04/02;2300 UTC;;;;;;;;;;;;;;;;;;
2026/04/03;0000 UTC;;;;;;;;;;;;;;;;;;
2026/04/03;0100 UTC;;;;;;;;;;;;;;;;;;
2026/04/03;0200 UTC;;;;;;;;;;;;;;;;;;
2026/04/03;0300 UTC;;;;;;;;;;;;;;;;;;
2026/04/03;0400 UTC;;;;;;;;;;;;;;;;;;
2026/04/03;0500 UTC;;;;;;;;;;;;;;;;;;
2026/04/03;0600 UTC;;;;;;;;;;;;;;;;;;
2026/04/03;0700 UTC;;;;;;;;;;;;;;;;;;
2026/04/03;0800 UTC;;;;;;;;;;;;;;;;;;
2026/04/03;0900 UTC;;;;;;;;;;;;;;;;;;
2026/04/03;1000 UTC;;;;;;;;;;;;;;;;;;
2026/04/03;1100 UTC;;;;;;;;;;;;;;;;;;
2026/04/03;1200 UTC;;;;;;;;;;;;;;;;;;
2026/04/03;1300 UTC;;;;;;;;;;;;;;;;;;
2026/04/03;1400 UTC;;;;;;;;;;;;;;;;;;
2026/04/03;1500 UTC;;;;;;;;;;;;;;;;;;
2026/04/03;1600 UTC;;;;;;;;;;;;;;;;;;
2026/04/03;1700 UTC;;;;;;;;;;;;;;;;;;
2026/04/03;1800 UTC;;;;;;;;;;;;;;;;;;
2026/04/03;1900 UTC;;;;;;;;;;;;;;;;;;
2026/04/03;2000 UTC;;;;;;;;;;;;;;;;;;
2026/04/03;2100 UTC;;;;;;;;;;;;;;;;;;
2026/04/03;2200 UTC;;;;;;;;;;;;;;;;;;
2026/04/03;2300 UTC;;;;;;;;;;;;;;;;;;
2026/04/04;0000 UTC;;;;;;;;;;;;;;;;;;
2026/04/04;0100 UTC;;;;;;;;;;;;;;;;;;
2026/04/04;0200 UTC;;;;;;;;;;;;;;;;;;
2026/04/04;0300 UTC;;;;;;;;;;;;;;;;;;
2026/04/04;0400 UTC;;;;;;;;;;;;;;;;;;
2026/04/04;0500 UTC;;;;;;;;;;;;;;;;;;
2026/04/04;0600 UTC;;;;;;;;;;;;;;;;;;
2026/04/04;0700 UTC;;;;;;;;;;;;;;;;;;
2026/04/04;0800 UTC;;;;;;;;;;;;;;;;;;
2026/04/04;0900 UTC;;;;;;;;;;;;;;;;;;
2026/04/04;1000 UTC;;;;;;;;;;;;;;;;;;
2026/04/04;1100 UTC;;;;;;;;;;;;;;;;;;
2026/04/04;1200 UTC;;;;;;;;;;;;;;;;;;
2026/04/04;1300 UTC;;;;;;;;;;;;;;;;;;
2026/04/04;1400 UTC;;;;;;;;;;;;;;;;;;
2026/04/04;1500 UTC;;;;;;;;;;;;;;;;;;
2026/04/04;1600 UTC;;;;;;;;;;;;;;;;;;
2026/04/04;1700 UTC;;;;;;;;;;;;;;;;;;
2026/04/04;1800 UTC;;;;;;;;;;;;;;;;;;
2026/04/04;1900 UTC;;;;;;;;;;;;;;;;;;
2026/04/04;2000 UTC;;;;;;;;;;;;;;;;;;
2026/04/04;2100 UTC;;;;;;;;;;;;;;;;;;
2026/04/04;2200 UTC;;;;;;;;;;;;;;;;;;
2026/04/04;2300 UTC;;;;;;;;;;;;;;;;;;
2026/04/05;0000 UTC;;;;;;;;;;;;;;;;;;
2026/04/05;0100 UTC;;;;;;;;;;;;;;;;;;
2026/04/05;0200 UTC;;;;;;;;;;;;;;;;;;
2026/04/05;0300 UTC;;;;;;;;;;;;;;;;;;
2026/04/05;0400 UTC;;;;;;;;;;;;;;;;;;
2026/04/05;0500 UTC;;;;;;;;;;;;;;;;;;
2026/04/05;0600 UTC;;;;;;;;;;;;;;;;;;
2026/04/05;0700 UTC;;;;;;;;;;;;;;;;;;
2026/04/05;0800 UTC;;;;;;;;;;;;;;;;;;
2026/04/05;0900 UTC;;;;;;;;;;;;;;;;;;
2026/04/05;1000 UTC;;;;;;;;;;;;;;;;;;
2026/04/05;1100 UTC;;;;;;;;;;;;;;;;;;
2026/04/05;1200 UTC;;;;;;;;;;;;;;;;;;
2026/04/05;1300 UTC;;;;;;;;;;;;;;;;;;
2026/04/05;1400 UTC;;;;;;;;;;;;;;;;;;
2026/04/05;1500 UTC;;;;;;;;;;;;;;;;;;
2026/04/05;1600 UTC;;;;;;;;;;;;;;;;;;
2026/04/05;1700 UTC;;;;;;;;;;;;;;;;;;
2026/04/05;1800 UTC;;;;;;;;;;;;;;;;;;
2026/04/05;1900 UTC;;;;;;;;;;;;;;;;;;
2026/04/05;2000 UTC;;;;;;;;;;;;;;;;;;
2026/04/05;2100 UTC;;;;;;;;;;;;;;;;;;
2026/04/05;2200 UTC;;;;;;;;;;;;;;;;;;
2026/04/05;2300 UTC;;;;;;;;;;;;;;;;;;
2026/04/06;0000 UTC;;;;;;;;;;;;;;;;;;
2026/04/06;0100 UTC;;;;;;;;;;;;;;;;;;
2026/04/06;0200 UTC;;;;;;;;;;;;;;;;;;
2026/04/06;0300 UTC;;;;;;;;;;;;;;;;;;
2026/04/06;0400 UTC;;;;;;;;;;;;;;;;;;
2026/04/06;0500 UTC;;;;;;;;;;;;;;;;;;
2026/04/06;0600 UTC;;;;;;;;;;;;;;;;;;
2026/04/06;0700 UTC;;;;;;;;;;;;;;;;;;
2026/04/06;0800 UTC;;;;;;;;;;;;;;;;;;
2026/04/06;0900 UTC;;;;;;;;;;;;;;;;;;
2026/04/06;1000 UTC;;;;;;;;;;;;;;;;;;
2026/04/06;1100 UTC;;;;;;;;;;;;;;;;;;
2026/04/06;1200 UTC;;;;;;;;;;;;;;;;;;
2026/04/06;1300 UTC;;;;;;;;;;;;;;;;;;
2026/04/06;1400 UTC;;;;;;;;;;;;;;;;;;
2026/04/06;1500 UTC;;;;;;;;;;;;;;;;;;
2026/04/06;1600 UTC;;;;;;;;;;;;;;;;;;
2026/04/06;1700 UTC;;;;;;;;;;;;;;;;;;
2026/04/06;1800 UTC;;;;;;;;;;;;;;;;;;
2026/04/06;1900 UTC;;;;;;;;;;;;;;;;;;
2026/04/06;2000 UTC;;;;;;;;;;;;;;;;;;
2026/04/06;2100 UTC;;;;;;;;;;;;;;;;;;
2026/04/06;2200 UTC;;;;;;;;;;;;;;;;;;
2026/04/06;2300 UTC;;;;;;;;;;;;;;;;;;
2026/04/07;0000 UTC;;;;;;;;;;;;;;;;;;
2026/04/07;0100 UTC;;;;;;;;;;;;;;;;;;
2026/04/07;0200 UTC;;;;;;;;;;;;;;;;;;
2026/04/07;0300 UTC;;;;;;;;;;;;;;;;;;
2026/04/07;0400 UTC;;;;;;;;;;;;;;;;;;
2026/04/07;0500 UTC;;;;;;;;;;;;;;;;;;
2026/04/07;0600 UTC;;;;;;;;;;;;;;;;;;
2026/04/07;0700 UTC;;;;;;;;;;;;;;;;;;
2026/04/07;0800 UTC;;;;;;;;;;;;;;;;;;
2026/04/07;0900 UTC;;;;;;;;;;;;;;;;;;
2026/04/07;1000 UTC;;;;;;;;;;;;;;;;;;
2026/04/07;1100 UTC;;;;;;;;;;;;;;;;;;
2026/04/07;1200 UTC;;;;;;;;;;;;;;;;;;
2026/04/07;1300 UTC;;;;;;;;;;;;;;;;;;
2026/04/07;1400 UTC;;;;;;;;;;;;;;;;;;
2026/04/07;1500 UTC;;;;;;;;;;;;;;;;;;
2026/04/07;1600 UTC;;;;;;;;;;;;;;;;;;
2026/04/07;1700 UTC;;;;;;;;;;;;;;;;;;
2026/04/07;1800 UTC;;;;;;;;;;;;;;;;;;
2026/04/07;1900 UTC;;;;;;;;;;;;;;;;;;
2026/04/07;2000 UTC;;;;;;;;;;;;;;;;;;
2026/04/07;2100 UTC;;;;;;;;;;;;;;;;;;
2026/04/07;2200 UTC;;;;;;;;;;;;;;;;;;
2026/04/07;2300 UTC;;;;;;;;;;;;;;;;;;
2026/04/08;0000 UTC;;;;;;;;;;;;;;;;;;
2026/04/08;0100 UTC;;;;;;;;;;;;;;;;;;
2026/04/08;0200 UTC;;;;;;;;;;;;;;;;;;
2026/04/08;0300 UTC;;;;;;;;;;;;;;;;;;
2026/04/08;0400 UTC;;;;;;;;;;;;;;;;;;
2026/04/08;0500 UTC;;;;;;;;;;;;;;;;;;
2026/04/08;0600 UTC;;;;;;;;;;;;;;;;;;
2026/04/08;0700 UTC;;;;;;;;;;;;;;;;;;
2026/04/08;0800 UTC;;;;;;;;;;;;;;;;;;
2026/04/08;0900 UTC;;;;;;;;;;;;;;;;;;
2026/04/08;1000 UTC;;;;;;;;;;;;;;;;;;
2026/04/08;1100 UTC;;;;;;;;;;;;;;;;;;
2026/04/08;1200 UTC;;;;;;;;;;;;;;;;;;
2026/04/08;1300 UTC;;;;;;;;;;;;;;;;;;
2026/04/08;1400 UTC;;;;;;;;;;;;;;;;;;
2026/04/08;1500 UTC;;;;;;;;;;;;;;;;;;
2026/04/08;1600 UTC;;;;;;;;;;;;;;;;;;
2026/04/08;1700 UTC;;;;;;;;;;;;;;;;;;
2026/04/08;1800 UTC;;;;;;;;;;;;;;;;;;
2026/04/08;1900 UTC;;;;;;;;;;;;;;;;;;
2026/04/08;2000 UTC;;;;;;;;;;;;;;;;;;
2026/04/08;2100 UTC;;;;;;;;;;;;;;;;;;
2026/04/08;2200 UTC;;;;;;;;;;;;;;;;;;
2026/04/08;2300 UTC;;;;;;;;;;;;;;;;;;
2026/04/09;0000 UTC;;;;;;;;;;;;;;;;;;
2026/04/09;0100 UTC;;;;;;;;;;;;;;;;;;
2026/04/09;0200 UTC;;;;;;;;;;;;;;;;;;
2026/04/09;0300 UTC;;;;;;;;;;;;;;;;;;
2026/04/09;0400 UTC;;;;;;;;;;;;;;;;;;
2026/04/09;0500 UTC;;;;;;;;;;;;;;;;;;
2026/04/09;0600 UTC;;;;;;;;;;;;;;;;;;
2026/04/09;0700 UTC;;;;;;;;;;;;;;;;;;
2026/04/09;0800 UTC;;;;;;;;;;;;;;;;;;
2026/04/09;0900 UTC;;;;;;;;;;;;;;;;;;
2026/04/09;1000 UTC;;;;;;;;;;;;;;;;;;
2026/04/09;1100 UTC;;;;;;;;;;;;;;;;;;
2026/04/09;1200 UTC;;;;;;;;;;;;;;;;;;
2026/04/09;1300 UTC;;;;;;;;;;;;;;;;;;
2026/04/09;1400 UTC;;;;;;;;;;;;;;;;;;
2026/04/09;1500 UTC;;;;;;;;;;;;;;;;;;
2026/04/09;1600 UTC;;;;;;;;;;;;;;;;;;
2026/04/09;1700 UTC;;;;;;;;;;;;;;;;;;
2026/04/09;1800 UTC;;;;;;;;;;;;;;;;;;
2026/04/09;1900 UTC;;;;;;;;;;;;;;;;;;
2026/04/09;2000 UTC;;;;;;;;;;;;;;;;;;
2026/04/09;2100 UTC;;;;;;;;;;;;;;;;;;
2026/04/09;2200 UTC;;;;;;;;;;;;;;;;;;
2026/04/09;2300 UTC;;;;;;;;;;;;;;;;;;
2026/04/10;0000 UTC;;;;;;;;;;;;;;;;;;
2026/04/10;0100 UTC;;;;;;;;;;;;;;;;;;
2026/04/10;0200 UTC;;;;;;;;;;;;;;;;;;
2026/04/10;0300 UTC;;;;;;;;;;;;;;;;;;
2026/04/10;0400 UTC;;;;;;;;;;;;;;;;;;
2026/04/10;0500 UTC;;;;;;;;;;;;;;;;;;
2026/04/10;0600 UTC;;;;;;;;;;;;;;;;;;
2026/04/10;0700 UTC;;;;;;;;;;;;;;;;;;
2026/04/10;0800 UTC;;;;;;;;;;;;;;;;;;
2026/04/10;0900 UTC;;;;;;;;;;;;;;;;;;
2026/04/10;1000 UTC;;;;;;;;;;;;;;;;;;
2026/04/10;1100 UTC;;;;;;;;;;;;;;;;;;
2026/04/10;1200 UTC;;;;;;;;;;;;;;;;;;
2026/04/10;1300 UTC;;;;;;;;;;;;;;;;;;
2026/04/10;1400 UTC;;;;;;;;;;;;;;;;;;
2026/04/10;1500 UTC;;;;;;;;;;;;;;;;;;
2026/04/10;1600 UTC;;;;;;;;;;;;;;;;;;
2026/04/10;1700 UTC;;;;;;;;;;;;;;;;;;
2026/04/10;1800 UTC;;;;;;;;;;;;;;;;;;
2026/04/10;1900 UTC;;;;;;;;;;;;;;;;;;
2026/04/10;2000 UTC;;;;;;;;;;;;;;;;;;
2026/04/10;2100 UTC;;;;;;;;;;;;;;;;;;
2026/04/10;2200 UTC;;;;;;;;;;;;;;;;;;
2026/04/10;2300 UTC;;;;;;;;;;;;;;;;;;
2026/04/11;0000 UTC;;;;;;;;;;;;;;;;;;
2026/04/11;0100 UTC;;;;;;;;;;;;;;;;;;
2026/04/11;0200 UTC;;;;;;;;;;;;;;;;;;
2026/04/11;0300 UTC;;;;;;;;;;;;;;;;;;
2026/04/11;0400 UTC;;;;;;;;;;;;;;;;;;
2026/04/11;0500 UTC;;;;;;;;;;;;;;;;;;
2026/04/11;0600 UTC;;;;;;;;;;;;;;;;;;
2026/04/11;0700 UTC;;;;;;;;;;;;;;;;;;
2026/04/11;0800 UTC;;;;;;;;;;;;;;;;;;
2026/04/11;0900 UTC;;;;;;;;;;;;;;;;;;
2026/04/11;1000 UTC;;;;;;;;;;;;;;;;;;
2026/04/11;1100 UTC;;;;;;;;;;;;;;;;;;
2026/04/11;1200 UTC;;;;;;;;;;;;;;;;;;
2026/04/11;1300 UTC;;;;;;;;;;;;;;;;;;
2026/04/11;1400 UTC;;;;;;;;;;;;;;;;;;
2026/04/11;1500 UTC;;;;;;;;;;;;;;;;;;
2026/04/11;1600 UTC;;;;;;;;;;;;;;;;;;
2026/04/11;1700 UTC;;;;;;;;;;;;;;;;;;
2026/04/11;1800 UTC;;;;;;;;;;;;;;;;;;
2026/04/11;1900 UTC;;;;;;;;;;;;;;;;;;
2026/04/11;2000 UTC;;;;;;;;;;;;;;;;;;
2026/04/11;2100 UTC;;;;;;;;;;;;;;;;;;
2026/04/11;2200 UTC;;;;;;;;;;;;;;;;;;
2026/04/11;2300 UTC;;;;;;;;;;;;;;;;;;
2026/04/12;0000 UTC;;;;;;;;;;;;;;;;;;
2026/04/12;0100 UTC;;;;;;;;;;;;;;;;;;
2026/04/12;0200 UTC;;;;;;;;;;;;;;;;;;
2026/04/12;0300 UTC;;;;;;;;;;;;;;;;;;
2026/04/12;0400 UTC;;;;;;;;;;;;;;;;;;
2026/04/12;0500 UTC;;;;;;;;;;;;;;;;;;
2026/04/12;0600 UTC;;;;;;;;;;;;;;;;;;
2026/04/12;0700 UTC;;;;;;;;;;;;;;;;;;
2026/04/12;0800 UTC;;;;;;;;;;;;;;;;;;
2026/04/12;0900 UTC;;;;;;;;;;;;;;;;;;
2026/04/12;1000 UTC;;;;;;;;;;;;;;;;;;
2026/04/12;1100 UTC;;;;;;;;;;;;;;;;;;
2026/04/12;1200 UTC;;;;;;;;;;;;;;;;;;
2026/04/12;1300 UTC;;;;;;;;;;;;;;;;;;
2026/04/12;1400 UTC;;;;;;;;;;;;;;;;;;
2026/04/12;1500 UTC;;;;;;;;;;;;;;;;;;
2026/04/12;1600 UTC;;;;;;;;;;;;;;;;;;
2026/04/12;1700 UTC;;;;;;;;;;;;;;;;;;
2026/04/12;1800 UTC;;;;;;;;;;;;;;;;;;
2026/04/12;1900 UTC;;;;;;;;;;;;;;;;;;
2026/04/12;2000 UTC;;;;;;;;;;;;;;;;;;
2026/04/12;2100 UTC;;;;;;;;;;;;;;;;;;
2026/04/12;2200 UTC;;;;;;;;;;;;;;;;;;
2026/04/12;2300 UTC;;;;;;;;;;;;;;;;;;
2026/04/13;0000 UTC;;;;;;;;;;;;;;;;;;
2026/04/13;0100 UTC;;;;;;;;;;;;;;;;;;
2026/04/13;0200 UTC;;;;;;;;;;;;;;;;;;
2026/04/13;0300 UTC;;;;;;;;;;;;;;;;;;
2026/04/13;0400 UTC;;;;;;;;;;;;;;;;;;
2026/04/13;0500 UTC;;;;;;;;;;;;;;;;;;
2026/04/13;0600 UTC;;;;;;;;;;;;;;;;;;
2026/04/13;0700 UTC;;;;;;;;;;;;;;;;;;
2026/04/13;0800 UTC;;;;;;;;;;;;;;;;;;
2026/04/13;0900 UTC;;;;;;;;;;;;;;;;;;
2026/04/13;1000 UTC;;;;;;;;;;;;;;;;;;
2026/04/13;1100 UTC;;;;;;;;;;;;;;;;;;
2026/04/13;1200 UTC;;;;;;;;;;;;;;;;;;
2026/04/13;1300 UTC;;;;;;;;;;;;;;;;;;
2026/04/13;1400 UTC;;;;;;;;;;;;;;;;;;
2026/04/13;1500 UTC;;;;;;;;;;;;;;;;;;
2026/04/13;1600 UTC;;;;;;;;;;;;;;;;;;
2026/04/13;1700 UTC;;;;;;;;;;;;;;;;;;
2026/04/13;1800 UTC;;;;;;;;;;;;;;;;;;
2026/04/13;1900 UTC;;;;;;;;;;;;;;;;;;
2026/04/13;2000 UTC;;;;;;;;;;;;;;;;;;
2026/04/13;2100 UTC;;;;;;;;;;;;;;;;;;
2026/04/13;2200 UTC;;;;;;;;;;;;;;;;;;
2026/04/13;2300 UTC;;;;;;;;;;;;;;;;;;
2026/04/14;0000 UTC;;;;;;;;;;;;;;;;;;
2026/04/14;0100 UTC;;;;;;;;;;;;;;;;;;
2026/04/14;0200 UTC;;;;;;;;;;;;;;;;;;
2026/04/14;0300 UTC;;;;;;;;;;;;;;;;;;
2026/04/14;0400 UTC;;;;;;;;;;;;;;;;;;
2026/04/14;0500 UTC;;;;;;;;;;;;;;;;;;
2026/04/14;0600 UTC;;;;;;;;;;;;;;;;;;
2026/04/14;0700 UTC;;;;;;;;;;;;;;;;;;
2026/04/14;0800 UTC;;;;;;;;;;;;;;;;;;
2026/04/14;0900 UTC;;;;;;;;;;;;;;;;;;
2026/04/14;1000 UTC;;;;;;;;;;;;;;;;;;
2026/04/14;1100 UTC;;;;;;;;;;;;;;;;;;
2026/04/14;1200 UTC;;;;;;;;;;;;;;;;;;
2026/04/14;1300 UTC;;;;;;;;;;;;;;;;;;
2026/04/14;1400 UTC;;;;;;;;;;;;;;;;;;
2026/04/14;1500 UTC;;;;;;;;;;;;;;;;;;
2026/04/14;1600 UTC;;;;;;;;;;;;;;;;;;
2026/04/14;1700 UTC;;;;;;;;;;;;;;;;;;
2026/04/14;1800 UTC;;;;;;;;;;;;;;;;;;
2026/04/14;1900 UTC;;;;;;;;;;;;;;;;;;
2026/04/14;2000 UTC;;;;;;;;;;;;;;;;;;
2026/04/14;2100 UTC;;;;;;;;;;;;;;;;;;
2026/04/14;2200 UTC;;;;;;;;;;;;;;;;;;
2026/04/14;2300 UTC;;;;;;;;;;;;;;;;;;
2026/04/15;0000 UTC;;;;;;;;;;;;;;;;;;
2026/04/15;0100 UTC;;;;;;;;;;;;;;;;;;
2026/04/15;0200 UTC;;;;;;;;;;;;;;;;;;
2026/04/15;0300 UTC;;;;;;;;;;;;;;;;;;
2026/04/15;0400 UTC;;;;;;;;;;;;;;;;;;
2026/04/15;0500 UTC;;;;;;;;;;;;;;;;;;
2026/04/15;0600 UTC;;;;;;;;;;;;;;;;;;
2026/04/15;0700 UTC;;;;;;;;;;;;;;;;;;
2026/04/15;0800 UTC;;;;;;;;;;;;;;;;;;
2026/04/15;0900 UTC;;;;;;;;;;;;;;;;;;
2026/04/15;1000 UTC;;;;;;;;;;;;;;;;;;
2026/04/15;1100 UTC;;;;;;;;;;;;;;;;;;
2026/04/15;1200 UTC;;;;;;;;;;;;;;;;;;
2026/04/15;1300 UTC;;;;;;;;;;;;;;;;;;
2026/04/15;1400 UTC;;;;;;;;;;;;;;;;;;
2026/04/15;1500 UTC;;;;;;;;;;;;;;;;;;
2026/04/15;1600 UTC;;;;;;;;;;;;;;;;;;
2026/04/15;1700 UTC;;;;;;;;;;;;;;;;;;
2026/04/15;1800 UTC;;;;;;;;;;;;;;;;;;
2026/04/15;1900 UTC;;;;;;;;;;;;;;;;;;
2026/04/15;2000 UTC;;;;;;;;;;;;;;;;;;
2026/04/15;2100 UTC;;;;;;;;;;;;;;;;;;
2026/04/15;2200 UTC;;;;;;;;;;;;;;;;;;
2026/04/15;2300 UTC;;;;;;;;;;;;;;;;;;
2026/04/16;0000 UTC;;;;;;;;;;;;;;;;;;
2026/04/16;0100 UTC;;;;;;;;;;;;;;;;;;
2026/04/16;0200 UTC;;;;;;;;;;;;;;;;;;
2026/04/16;0300 UTC;;;;;;;;;;;;;;;;;;
2026/04/16;0400 UTC;;;;;;;;;;;;;;;;;;
2026/04/16;0500 UTC;;;;;;;;;;;;;;;;;;
2026/04/16;0600 UTC;;;;;;;;;;;;;;;;;;
2026/04/16;0700 UTC;;;;;;;;;;;;;;;;;;
2026/04/16;0800 UTC;;;;;;;;;;;;;;;;;;
2026/04/16;0900 UTC;;;;;;;;;;;;;;;;;;
2026/04/16;1000 UTC;;;;;;;;;;;;;;;;;;
2026/04/16;1100 UTC;;;;;;;;;;;;;;;;;;
2026/04/16;1200 UTC;;;;;;;;;;;;;;;;;;
2026/04/16;1300 UTC;;;;;;;;;;;;;;;;;;
2026/04/16;1400 UTC;;;;;;;;;;;;;;;;;;
2026/04/16;1500 UTC;;;;;;;;;;;;;;;;;;
2026/04/16;1600 UTC;;;;;;;;;;;;;;;;;;
2026/04/16;1700 UTC;;;;;;;;;;;;;;;;;;
2026/04/16;1800 UTC;;;;;;;;;;;;;;;;;;
2026/04/16;1900 UTC;;;;;;;;;;;;;;;;;;
2026/04/16;2000 UTC;;;;;;;;;;;;;;;;;;
2026/04/16;2100 UTC;;;;;;;;;;;;;;;;;;
2026/04/16;2200 UTC;;;;;;;;;;;;;;;;;;
2026/04/16;2300 UTC;;;;;;;;;;;;;;;;;;
2026/04/17;0000 UTC;;;;;;;;;;;;;;;;;;
2026/04/17;0100 UTC;;;;;;;;;;;;;;;;;;
2026/04/17;0200 UTC;;;;;;;;;;;;;;;;;;
2026/04/17;0300 UTC;;;;;;;;;;;;;;;;;;
2026/04/17;0400 UTC;;;;;;;;;;;;;;;;;;
2026/04/17;0500 UTC;;;;;;;;;;;;;;;;;;
2026/04/17;0600 UTC;;;;;;;;;;;;;;;;;;
2026/04/17;0700 UTC;;;;;;;;;;;;;;;;;;
2026/04/17;0800 UTC;;;;;;;;;;;;;;;;;;
2026/04/17;0900 UTC;;;;;;;;;;;;;;;;;;
2026/04/17;1000 UTC;;;;;;;;;;;;;;;;;;
2026/04/17;1100 UTC;;;;;;;;;;;;;;;;;;
2026/04/17;1200 UTC;;;;;;;;;;;;;;;;;;
2026/04/17;1300 UTC;;;;;;;;;;;;;;;;;;
2026/04/17;1400 UTC;;;;;;;;;;;;;;;;;;
2026/04/17;1500 UTC;;;;;;;;;;;;;;;;;;
2026/04/17;1600 UTC;;;;;;;;;;;;;;;;;;
2026/04/17;1700 UTC;;;;;;;;;;;;;;;;;;
2026/04/17;1800 UTC;;;;;;;;;;;;;;;;;;
2026/04/17;1900 UTC;;;;;;;;;;;;;;;;;;
2026/04/17;2000 UTC;;;;;;;;;;;;;;;;;;
2026/04/17;2100 UTC;;;;;;;;;;;;;;;;;;
2026/04/17;2200 UTC;;;;;;;;;;;;;;;;;;
2026/04/17;2300 UTC;;;;;;;;;;;;;;;;;;
2026/04/18;0000 UTC;;;;;;;;;;;;;;;;;;
2026/04/18;0100 UTC;;;;;;;;;;;;;;;;;;
2026/04/18;0200 UTC;;;;;;;;;;;;;;;;;;
2026/04/18;0300 UTC;;;;;;;;;;;;;;;;;;
2026/04/18;0400 UTC;;;;;;;;;;;;;;;;;;
2026/04/18;0500 UTC;;;;;;;;;;;;;;;;;;
2026/04/18;0600 UTC;;;;;;;;;;;;;;;;;;
2026/04/18;0700 UTC;;;;;;;;;;;;;;;;;;
2026/04/18;0800 UTC;;;;;;;;;;;;;;;;;;
2026/04/18;0900 UTC;;;;;;;;;;;;;;;;;;
2026/04/18;1000 UTC;;;;;;;;;;;;;;;;;;
2026/04/18;1100 UTC;;;;;;;;;;;;;;;;;;
2026/04/18;1200 UTC;;;;;;;;;;;;;;;;;;
2026/04/18;1300 UTC;;;;;;;;;;;;;;;;;;
2026/04/18;1400 UTC;;;;;;;;;;;;;;;;;;
2026/04/18;1500 UTC;;;;;;;;;;;;;;;;;;
2026/04/18;1600 UTC;;;;;;;;;;;;;;;;;;
2026/04/18;1700 UTC;;;;;;;;;;;;;;;;;;
2026/04/18;1800 UTC;;;;;;;;;;;;;;;;;;
2026/04/18;1900 UTC;;;;;;;;;;;;;;;;;;
2026/04/18;2000 UTC;;;;;;;;;;;;;;;;;;
2026/04/18;2100 UTC;;;;;;;;;;;;;;;;;;
2026/04/18;2200 UTC;;;;;;;;;;;;;;;;;;
2026/04/18;2300 UTC;;;;;;;;;;;;;;;;;;
2026/04/19;0000 UTC;;;;;;;;;;;;;;;;;;
2026/04/19;0100 UTC;;;;;;;;;;;;;;;;;;
2026/04/19;0200 UTC;;;;;;;;;;;;;;;;;;
2026/04/19;0300 UTC;;;;;;;;;;;;;;;;;;
2026/04/19;0400 UTC;;;;;;;;;;;;;;;;;;
2026/04/19;0500 UTC;;;;;;;;;;;;;;;;;;
2026/04/19;0600 UTC;;;;;;;;;;;;;;;;;;
2026/04/19;0700 UTC;;;;;;;;;;;;;;;;;;
2026/04/19;0800 UTC;;;;;;;;;;;;;;;;;;
2026/04/19;0900 UTC;;;;;;;;;;;;;;;;;;
2026/04/19;1000 UTC;;;;;;;;;;;;;;;;;;
2026/04/19;1100 UTC;;;;;;;;;;;;;;;;;;
2026/04/19;1200 UTC;;;;;;;;;;;;;;;;;;
2026/04/19;1300 UTC;;;;;;;;;;;;;;;;;;
2026/04/19;1400 UTC;;;;;;;;;;;;;;;;;;
2026/04/19;1500 UTC;;;;;;;;;;;;;;;;;;
2026/04/19;1600 UTC;;;;;;;;;;;;;;;;;;
2026/04/19;1700 UTC;;;;;;;;;;;;;;;;;;
2026/04/19;1800 UTC;;;;;;;;;;;;;;;;;;
2026/04/19;1900 UTC;;;;;;;;;;;;;;;;;;
2026/04/19;2000 UTC;;;;;;;;;;;;;;;;;;
2026/04/19;2100 UTC;;;;;;;;;;;;;;;;;;
2026/04/19;2200 UTC;;;;;;;;;;;;;;;;;;
2026/04/19;2300 UTC;;;;;;;;;;;;;;;;;;
2026/04/20;0000 UTC;;;;;;;;;;;;;;;;;;
2026/04/20;0100 UTC;;;;;;;;;;;;;;;;;;
2026/04/20;0200 UTC;;;;;;;;;;;;;;;;;;
2026/04/20;0300 UTC;;;;;;;;;;;;;;;;;;
2026/04/20;0400 UTC;;;;;;;;;;;;;;;;;;
2026/04/20;0500 UTC;;;;;;;;;;;;;;;;;;
2026/04/20;0600 UTC;;;;;;;;;;;;;;;;;;
2026/04/20;0700 UTC;;;;;;;;;;;;;;;;;;
2026/04/20;0800 UTC;;;;;;;;;;;;;;;;;;
2026/04/20;0900 UTC;;;;;;;;;;;;;;;;;;
2026/04/20;1000 UTC;;;;;;;;;;;;;;;;;;
2026/04/20;1100 UTC;;;;;;;;;;;;;;;;;;
2026/04/20;1200 UTC;;;;;;;;;;;;;;;;;;
2026/04/20;1300 UTC;;;;;;;;;;;;;;;;;;
2026/04/20;1400 UTC;;;;;;;;;;;;;;;;;;
2026/04/20;1500 UTC;;;;;;;;;;;;;;;;;;
2026/04/20;1600 UTC;;;;;;;;;;;;;;;;;;
2026/04/20;1700 UTC;;;;;;;;;;;;;;;;;;
2026/04/20;1800 UTC;;;;;;;;;;;;;;;;;;
2026/04/20;1900 UTC;;;;;;;;;;;;;;;;;;
2026/04/20;2000 UTC;;;;;;;;;;;;;;;;;;
2026/04/20;2100 UTC;;;;;;;;;;;;;;;;;;
2026/04/20;2200 UTC;;;;;;;;;;;;;;;;;;
2026/04/20;2300 UTC;;;;;;;;;;;;;;;;;;
2026/04/21;0000 UTC;;;;;;;;;;;;;;;;;;
2026/04/21;0100 UTC;;;;;;;;;;;;;;;;;;
2026/04/21;0200 UTC;;;;;;;;;;;;;;;;;;
2026/04/21;0300 UTC;;;;;;;;;;;;;;;;;;
2026/04/21;0400 UTC;;;;;;;;;;;;;;;;;;
2026/04/21;0500 UTC;;;;;;;;;;;;;;;;;;
2026/04/21;0600 UTC;;;;;;;;;;;;;;;;;;
2026/04/21;0700 UTC;;;;;;;;;;;;;;;;;;
2026/04/21;0800 UTC;;;;;;;;;;;;;;;;;;
2026/04/21;0900 UTC;;;;;;;;;;;;;;;;;;
2026/04/21;1000 UTC;;;;;;;;;;;;;;;;;;
2026/04/21;1100 UTC;;;;;;;;;;;;;;;;;;
2026/04/21;1200 UTC;;;;;;;;;;;;;;;;;;
2026/04/21;1300 UTC;;;;;;;;;;;;;;;;;;
2026/04/21;1400 UTC;;;;;;;;;;;;;;;;;;
2026/04/21;1500 UTC;;;;;;;;;;;;;;;;;;
2026/04/21;1600 UTC;;;;;;;;;;;;;;;;;;
2026/04/21;1700 UTC;;;;;;;;;;;;;;;;;;
2026/04/21;1800 UTC;;;;;;;;;;;;;;;;;;
2026/04/21;1900 UTC;;;;;;;;;;;;;;;;;;
2026/04/21;2000 UTC;;;;;;;;;;;;;;;;;;
2026/04/21;2100 UTC;;;;;;;;;;;;;;;;;;
2026/04/21;2200 UTC;;;;;;;;;;;;;;;;;;
2026/04/21;2300 UTC;;;;;;;;;;;;;;;;;;
2026/04/22;0000 UTC;;;;;;;;;;;;;;;;;;
2026/04/22;0100 UTC;;;;;;;;;;;;;;;;;;
2026/04/22;0200 UTC;;;;;;;;;;;;;;;;;;
2026/04/22;0300 UTC;;;;;;;;;;;;;;;;;;
2026/04/22;0400 UTC;;;;;;;;;;;;;;;;;;
2026/04/22;0500 UTC;;;;;;;;;;;;;;;;;;
2026/04/22;0600 UTC;;;;;;;;;;;;;;;;;;
2026/04/22;0700 UTC;;;;;;;;;;;;;;;;;;
2026/04/22;0800 UTC;;;;;;;;;;;;;;;;;;
2026/04/22;0900 UTC;;;;;;;;;;;;;;;;;;
2026/04/22;1000 UTC;;;;;;;;;;;;;;;;;;
2026/04/22;1100 UTC;;;;;;;;;;;;;;;;;;
2026/04/22;1200 UTC;;;;;;;;;;;;;;;;;;
2026/04/22;1300 UTC;;;;;;;;;;;;;;;;;;
2026/04/22;1400 UTC;;;;;;;;;;;;;;;;;;
2026/04/22;1500 UTC;;;;;;;;;;;;;;;;;;
2026/04/22;1600 UTC;;;;;;;;;;;;;;;;;;
2026/04/22;1700 UTC;;;;;;;;;;;;;;;;;;
2026/04/22;1800 UTC;;;;;;;;;;;;;;;;;;
2026/04/22;1900 UTC;;;;;;;;;;;;;;;;;;
2026/04/22;2000 UTC;;;;;;;;;;;;;;;;;;
2026/04/22;2100 UTC;0;947,8;947,9;947,7;114,2;25,3;20;25,7;24,7;20,5;19,7;76;72;74;165;2,4;1,1;
2026/04/22;2200 UTC;0;948,3;948,5;948,1;0;23;20;23,2;22,7;20,2;19,9;87;84;85;67;,8;,3;
2026/04/22;2300 UTC;0;948,8;949;948,5;0;22,5;20;22,7;22,1;20,2;19,8;89;86;87;137;,5;,3;
2026/04/23;0000 UTC;;;;;;;;;;;;;;;;;;
2026/04/23;0100 UTC;0;949,3;949,4;949,2;0;20,5;19,6;21;20,1;19,8;19,4;98;93;96;107;1;,2;
2026/04/23;0200 UTC;;;;;;;;;;;;;;;;;;
2026/04/23;0300 UTC;0;949,3;949,3;949,2;0;19,3;19,1;19,6;19;19,5;18,5;100;97;99;137;,4;,2;
2026/04/23;0400 UTC;0;949,1;949,2;949;0;18,8;18,6;19,2;18,4;19,2;18,1;100;98;99;335;,5;,1;
2026/04/23;0500 UTC;0;948,9;949;948,8;0;18,4;18,4;18,7;18,1;18,7;18,1;100;99;100;224;,7;,3;
2026/04/23;0600 UTC;0;948,7;948,8;948,5;0;18,1;18,2;18,3;18;18,4;18;100;100;100;151;,5;,2;
2026/04/23;0700 UTC;0;948,3;948,5;948,1;0;18,3;18,3;18,4;18,2;18,5;18,3;100;100;100;214;,6;,2;
2026/04/23;0800 UTC;0;948,3;948,6;948;0;18,4;18,5;18,5;18,3;18,5;18,4;100;100;100;133;1,2;,7;
2026/04/23;0900 UTC;0;948,7;949;948,5;0;18,3;18,4;18,4;18,3;18,5;18,3;100;100;100;222;1,4;,5;
2026/04/23;1000 UTC;0;949,4;949,8;949;,2;18,3;18,4;18,4;18,3;18,4;18,3;100;100;100;159;1,9;,7;
2026/04/23;1100 UTC;0;949,9;950,2;949,8;56,9;18,4;18,5;18,5;18,4;18,6;18,4;100;100;100;152;1,8;,7;
2026/04/23;1200 UTC;0;950,3;950,7;950,2;266;18,6;18,7;18,9;18,4;19;18,5;100;100;100;163;2;,7;
2026/04/23;1300 UTC;0;950,8;950,9;950,7;471,6;19,2;19;19,8;18,8;19,5;18,6;100;94;99;153;2,5;,9;
2026/04/23;1400 UTC;0;950,8;950,9;950,7;742;20,6;18,9;21,4;19,8;19,6;18,5;96;87;91;210;2,6;,9;
2026/04/23;1500 UTC;0;950,4;950,7;950,2;949,5;22,1;19,1;23;21,4;19,6;18,7;88;79;85;164;1,9;,7;
2026/04/23;1600 UTC;0;950;950,7;949,3;412,3;22,6;19,3;22,8;22,4;19,6;18,8;85;80;83;160;3,4;1,3;
2026/04/23;1700 UTC;0;949,1;949,3;948,9;317,8;22,2;19,2;22,5;21,8;19,5;18,8;86;83;85;169;3,8;1,8;
2026/04/23;1800 UTC;,2;948,7;949,1;948,3;154,4;21,2;19;21,8;21;19,6;18,7;93;85;89;180;2;,8;
2026/04/23;1900 UTC;,4;948,3;948,7;948,1;255,6;20,8;19,7;21;20,6;20,2;19,2;97;91;95;204;1;,4;
2026/04/23;2000 UTC;0;948;948,2;947,9;324,2;21;20;21,3;20,7;20,5;19,4;97;92;95;200;1,1;,3;
2026/04/23;2100 UTC;;;;;;;;;;;;;;;;;;
2026/04/23;2200 UTC;0;948,4;948,6;948,1;,1;20,2;19,8;20,4;20;20,1;19,4;100;96;98;152;5,1;1,7;
2026/04/23;2300 UTC;;;;;;;;;;;;;;;;;;
2026/04/24;0000 UTC;;;;;;;;;;;;;;;;;;
2026/04/24;0100 UTC;0;949,4;949,5;949,3;0;19,9;19,2;19,9;19,9;19,3;19,1;97;96;97;151;4,7;1,9;
2026/04/24;0200 UTC;0;949,3;949,5;949,1;0;19,9;19,3;19,9;19,8;19,3;19,2;98;97;97;144;4;1,3;
2026/04/24;0300 UTC;0;948,8;949,2;948,4;0;19,7;19,2;19,8;19,5;19,3;19,1;98;97;98;159;3,8;1,2;
2026/04/24;0400 UTC;0;948,2;948,5;947,8;0;19,4;19;19,5;19,2;19,1;18,9;99;98;98;168;2;,5;
2026/04/24;0500 UTC;0;947,7;947,8;947,4;0;19,1;18,9;19,2;19;19;18,7;99;99;99;230;,9;,3;
2026/04/24;0600 UTC;0;947,3;947,4;947,2;0;18,6;18,5;18,9;18,4;18,7;18,4;100;99;100;231;1,3;,4;
2026/04/24;0700 UTC;0;947,1;947,4;946,9;0;18,3;18,3;18,4;18,2;18,5;18,1;100;99;100;175;1,2;,3;
2026/04/24;0800 UTC;0;947,1;947,3;946,9;0;18,2;17,8;18,4;18,1;18,1;17,1;100;94;98;155;2,7;1,3;
2026/04/24;0900 UTC;0;947,2;947,4;947,1;0;18,2;17,3;18,4;18;17,5;17,1;97;94;96;114;,5;,2;
2026/04/24;1000 UTC;0;948;948,3;947,4;,1;17,9;17,2;17,9;17,8;17,4;17;97;96;97;174;,9;,4;
2026/04/24;1100 UTC;0;948,3;948,9;948,1;50,3;17,8;17,4;18;17,7;17,5;17,2;98;96;98;199;1,9;,7;
2026/04/24;1200 UTC;0;948,7;948,8;948,5;190,3;18,2;17,4;18,7;18;17,9;16,9;98;93;96;246;,7;,3;
2026/04/24;1300 UTC;0;948,8;948,9;948,7;610,3;19,5;17,2;19,8;18,8;17,7;16,2;93;82;89;157;1,3;,5;
2026/04/24;1400 UTC;0;948,6;948,7;948,5;751,1;20,3;16,6;20,8;19,8;17,6;15,5;88;74;81;116;1,8;,8;
2026/04/24;1500 UTC;,2;948,1;948,5;947,7;434;19,9;16,7;20,4;19,7;17,9;15,5;91;76;84;131;1,8;,5;
2026/04/24;1600 UTC;,2;947,2;947,9;946,6;778,9;20,3;17,3;21,4;19,8;18,2;16;92;79;85;150;2,2;,9;
2026/04/24;1700 UTC;0;946,5;946,7;946,4;811,8;21,4;16,9;21,6;21,3;17,9;16,2;82;74;78;290;4;1,7;
2026/04/24;1800 UTC;1,8;946,2;946,6;945,6;376,1;20,2;17,6;21,6;18,4;18,4;16,8;97;76;87;113;2;,6;
2026/04/24;1900 UTC;,2;945,5;945,7;945,4;280,1;18,6;18;18,9;18,3;18,7;17,6;99;94;97;213;1,5;,6;
2026/04/24;2000 UTC;0;945,4;945,4;945,3;110,4;18,2;17,7;18,3;18,2;17,9;17,5;98;96;97;119;1,4;,4;
2026/04/24;2100 UTC;1,4;945,3;945,5;945,2;0;18;17,6;18,2;17,7;18;17,2;99;96;98;83;1;,3;
2026/04/24;2200 UTC;0;945;945,2;944,9;0;17,6;17,5;17,7;17,5;17,6;17,4;100;98;100;132;,9;,5;
2026/04/24;2300 UTC;0;944,8;945;944,7;0;17,6;17,6;17,7;17,5;17,7;17,5;100;100;100;146;,9;,5;
2026/04/25;0000 UTC;4,2;945,1;945,7;944,8;0;17,8;17,8;17,9;17,7;17,9;17,6;100;100;100;284;1,9;,8;
2026/04/25;0100 UTC;7;945,7;946;945,5;0;17,8;17,9;17,8;17,8;17,9;17,8;100;100;100;198;,9;,5;
2026/04/25;0200 UTC;1,4;945,6;945,8;945,2;0;17,7;17,8;17,8;17,6;17,9;17,6;100;100;100;219;1;,3;
2026/04/25;0300 UTC;,2;945,6;945,9;945,5;0;17,7;17,7;17,8;17,5;17,9;17,6;100;100;100;301;1,8;,8;
2026/04/25;0400 UTC;,2;945,4;945,9;945;0;18,1;18,1;18,2;17,8;18,3;17,9;100;100;100;119;1,3;,5;
2026/04/25;0500 UTC;0;945,3;945,6;944,9;0;18,2;18,3;18,3;18,1;18,4;18,2;100;100;100;175;2,3;,6;
2026/04/25;0600 UTC;0;944,2;944,9;943,5;0;18,3;18,3;18,3;18,1;18,4;18,1;100;100;100;200;1,6;,8;
2026/04/25;0700 UTC;0;943,5;943,7;943,3;0;18,1;17,9;18,1;18;18,1;17,5;100;98;99;259;3,4;1;
2026/04/25;0800 UTC;,2;943,7;944;943,4;0;17,9;17,3;18;17,7;17,6;17;98;96;97;159;1,3;,4;
2026/04/25;0900 UTC;0;944,1;944,3;943,7;0;17,5;17,4;17,7;17,3;17,5;17,3;100;98;100;273;,9;,4;
2026/04/25;1000 UTC;0;944,3;944,6;944;2,2;17;17;17,3;16,7;17,3;16,8;100;100;100;140;,7;,3;
2026/04/25;1100 UTC;0;944,8;945;944,6;175,6;17;17,1;17,5;16,8;17,6;16,9;100;100;100;250;1,3;,3;
2026/04/25;1200 UTC;0;945,4;945,9;944,9;446,5;18,1;17,4;18,7;17,6;17,8;16,8;100;91;96;275;2,4;1,3;
2026/04/25;1300 UTC;0;946,1;946,3;945,9;479,4;18,7;17,1;19,2;18,4;17,7;16,5;95;89;92;263;3,9;2;
2026/04/25;1400 UTC;0;946;946,3;945,7;588;18,8;16,8;19,1;18,4;17,5;16,4;94;87;90;260;3,8;1,9;
2026/04/25;1500 UTC;0;945,7;945,8;945,5;1658,4;20,3;16,9;21,2;19,1;18;16,2;92;75;83;290;3,9;1,9;
2026/04/25;1600 UTC;0;945,2;945,5;945;1174,3;21,2;16,7;22,1;20,5;17,7;15,8;83;73;78;262;4,2;2,1;
2026/04/25;1700 UTC;0;944,6;945;944,4;2026,6;22;16,7;23,1;20,4;17,8;16,1;83;68;74;282;5,2;3,1;
2026/04/25;1800 UTC;0;944,1;944,4;943,9;1742,1;22,8;16,6;23,7;22;17,6;16;73;65;69;272;4,7;2,1;
2026/04/25;1900 UTC;0;943,9;944;943,9;804,1;22,3;16,6;23,4;21,6;17,2;16;77;66;71;295;3,8;1,8;
2026/04/25;2000 UTC;0;943,9;944;943,8;427;21,4;16,9;21,6;21,1;17,4;16,3;81;74;77;290;2,8;1,2;
2026/04/25;2100 UTC;;;;;;;;;;;;;;;;;;
2026/04/25;2200 UTC;0;943,6;943,7;943,4;0;19,9;16,8;20,2;19,6;17,3;16,4;87;83;85;286;2,3;1,1;
2026/04/25;2300 UTC;0;943,6;943,8;943,4;0;19,4;16,8;19,6;19,2;17,1;16,5;89;85;87;263;1,6;,7;
2026/04/26;0000 UTC;;;;;;;;;;;;;;;;;;
2026/04/26;0100 UTC;0;943,2;943,4;943;0;17,7;17;18;17,2;17,1;16,8;98;95;97;179;,9;,5;
2026/04/26;0200 UTC;0;943,2;943,5;942,9;0;17,2;16,9;17,3;17,1;17;16,7;99;98;99;149;1,1;,7;
2026/04/26;0300 UTC;0;943;943,1;942,8;0;17,4;17;17,4;17,3;17,2;16,9;99;97;98;124;1;,5;
2026/04/26;0400 UTC;,4;943;943,2;942,8;0;17,4;17,3;17,5;17,4;17,4;17,1;100;98;99;223;,9;,5;
2026/04/26;0500 UTC;2;942,7;943;942,4;0;17,4;17,4;17,5;17,4;17,5;17,4;100;100;100;198;,7;,3;
2026/04/26;0600 UTC;1;941,8;942,3;941,1;0;17,2;17,3;17,4;17,1;17,5;17,2;100;100;100;135;1,1;,5;
2026/04/26;0700 UTC;,2;941;941,3;940,3;0;17,1;17,2;17,2;17,1;17,3;17,1;100;100;100;175;,9;,3;
2026/04/26;0800 UTC;0;940,7;940,9;940,4;0;17,2;17,3;17,3;17,2;17,4;17,3;100;100;100;199;1,3;,6;
2026/04/26;0900 UTC;,8;940,8;941;940,3;0;17,3;17,3;17,3;17,3;17,4;17,3;100;100;100;102;,8;,4;
2026/04/26;1000 UTC;0;941,2;941,5;940,8;0;17,4;17,4;17,4;17,3;17,5;17,4;100;100;100;114;1,6;,3;
2026/04/26;1100 UTC;,2;941,8;942,2;941,5;43,8;17,4;17,5;17,6;17,4;17,7;17,4;100;100;100;179;1,4;,5;
2026/04/26;1200 UTC;0;942,4;942,6;942,1;265,1;17,8;17,6;18,1;17,5;17,8;17,3;100;97;99;147;1,2;,7;
2026/04/26;1300 UTC;0;942,6;942,8;942,5;556;18,5;17,6;19,1;18,1;18,1;16,6;98;88;95;166;1,2;,6;
2026/04/26;1400 UTC;0;942,7;942,9;942,5;1073,2;20;17,5;20,8;19,1;18,4;16,7;94;82;88;291;2,6;1,2;
2026/04/26;1500 UTC;0;942,5;942,8;942,3;2096,4;21,8;17,2;23;20,8;18,6;16,3;83;70;77;238;2,8;1,1;
2026/04/26;1600 UTC;0;942;942,4;941,8;2436,5;23,4;17,3;25,4;22,1;18,3;16,3;77;60;69;291;4,3;2;
2026/04/26;1700 UTC;0;941,4;941,8;940,9;2152;24,2;17,4;25,3;22,8;18,4;16,6;72;61;66;279;4,2;1,7;
2026/04/26;1800 UTC;0;940,7;941;940,3;2447,2;25,3;16,7;25,9;25;18,3;15,6;64;52;57;280;5,1;2,5;
2026/04/26;1900 UTC;0;940,5;940,8;940,3;1583,7;25,3;15,8;26;24,8;16,6;15;58;50;53;242;6;2,1;
2026/04/26;2000 UTC;0;941,2;941,7;940,8;909,4;24,5;15,1;25,6;23,7;16,3;14,3;56;50;53;249;4,2;1,9;
2026/04/26;2100 UTC;0;942,1;942,4;941,7;85,3;22;14,1;24,1;20,9;14,9;13,3;63;53;60;284;3,8;1,9;
2026/04/26;2200 UTC;0;942,5;942,7;942,2;0;19,5;14;19,7;19,3;14,3;13,8;75;70;73;282;1,7;,9;
2026/04/26;2300 UTC;0;942,9;942,9;942,8;0;18,8;13,7;18,8;18,8;13,8;13,6;75;74;74;306;1,3;,9;
2026/04/27;0000 UTC;;;;;;;;;;;;;;;;;;
2026/04/27;0100 UTC;0;943,8;944;943,4;0;17,1;14,3;17,6;16,6;14,7;13,8;90;81;86;240;,9;,4;
2026/04/27;0200 UTC;0;943,9;944;943,8;0;16,5;13,9;16,7;16,2;14,2;13,6;89;85;87;271;1;,5;
2026/04/27;0300 UTC;0;944,1;944,2;943,9;0;15,9;13,7;16,6;15,4;13,9;13,4;91;85;89;212;,6;,2;
2026/04/27;0400 UTC;0;944,1;944,2;943,9;0;15;13,4;15,4;14,4;13,7;12,9;94;90;92;161;1;,4;
2026/04/27;0500 UTC;0;943,8;944;943,7;0;14,2;12,8;14,9;13,5;13,1;12,6;98;89;93;155;,6;,3;
2026/04/27;0600 UTC;0;943,5;943,7;943,4;0;13;12,4;13,3;12,7;12,9;12;98;96;97;168;1;,5;
2026/04/27;0700 UTC;0;943,6;943,8;943,4;0;13,6;12,5;14;12,7;12,8;12,2;99;92;94;247;1,3;,7;
2026/04/27;0800 UTC;0;943,9;944,2;943,8;0;13,2;12,5;13,4;13;12,8;12,1;98;94;97;253;3;1,6;
2026/04/27;0900 UTC;0;944,9;945;944,8;0;12,2;11,9;12,4;12,1;12,1;11,6;99;98;98;233;;,9;
2026/04/27;1000 UTC;0;945,4;945,7;945;,2;12;9,6;12,3;11,7;11,6;8,5;98;83;88;288;1,8;,7;
2026/04/27;1100 UTC;0;946,1;946,4;945,7;55,5;12;9,6;12,3;11,7;10,3;8,4;91;84;88;285;4,9;2,9;
2026/04/27;1200 UTC;0;946,9;947,4;946,5;228,2;12,3;7,6;12,4;12,1;10,5;5,9;91;68;77;269;6,5;3,5;
2026/04/27;1300 UTC;0;931,6;947,5;;325,9;12,8;6,4;13,1;12,4;7,3;5,1;74;68;29;280;6,9;3,4;
2026/04/27;1400 UTC;0;947,7;947,9;947,4;1160,2;13,8;5,6;14,7;13,1;6,9;4,9;65;52;59;262;6,6;3,2;
2026/04/27;1500 UTC;0;947,7;947,9;947,5;2818,1;15,7;5,2;16,5;14,7;6,2;4,5;55;42;47;279;5,4;2,8;
2026/04/27;1600 UTC;0;947,5;947,7;947,3;2911,9;17,1;5,4;17,8;16,3;6,1;4,8;46;37;42;279;6,6;3,5;
2026/04/27;1700 UTC;0;947,2;947,4;947;2761,4;17,6;4,7;18,1;17,2;5,7;3,8;41;30;35;262;7,1;2,6;
2026/04/27;1800 UTC;0;946,9;947;946,8;2364,2;18,1;4;18,4;17,6;4,6;3,3;32;27;30;244;5,2;2,2;
2026/04/27;1900 UTC;0;947;947,2;946,9;1737,8;17,9;3,9;18,3;17,6;4,8;3,1;33;26;30;285;5,4;2,6;
2026/04/27;2000 UTC;0;947,3;947,4;947,2;975;17,2;3,2;17,8;16,6;4,3;2,6;34;27;30;288;5,7;2,4;
2026/04/27;2100 UTC;0;947,4;947,5;947,3;212,9;15,3;2,8;16,6;13,4;3,5;2,3;46;31;37;295;2,4;1,1;
2026/04/27;2200 UTC;0;947,3;947,4;947,2;0;12;2,7;13,3;11,2;3,1;2,2;58;47;54;288;2,2;1,4;
2026/04/27;2300 UTC;0;947,5;947,8;947,3;0;10,5;3,2;11,2;9,7;3,9;2,5;71;57;64;175;,9;,4;
2026/04/28;0000 UTC;0;948,1;948,2;947,9;0;9,1;3,6;9,7;8,5;4,6;2,6;77;66;72;252;1,4;,6;
2026/04/28;0100 UTC;0;948,1;948,2;948;0;7,8;3,9;8,6;7,1;4,9;3,2;89;74;81;157;,9;,4;
2026/04/28;0200 UTC;0;948,2;948,2;948,1;0;6,8;4,5;7,1;6,3;4,8;4,2;92;86;89;135;,6;,4;
2026/04/28;0300 UTC;0;948;948,1;947,8;0;5,9;4,6;6,3;5,4;4,9;4,2;98;91;94;220;,6;,3;
2026/04/28;0400 UTC;0;947,6;947,8;947,4;0;5,3;4,6;5,6;5;4,8;4,4;98;95;96;167;,9;,4;
2026/04/28;0500 UTC;0;947,4;947,5;947,2;0;4,7;4,3;5,1;4,4;4,6;4;99;97;98;199;,8;,3;
2026/04/28;0600 UTC;0;947;947,2;946,8;0;4,3;4,1;4,4;4,2;4,3;3,8;100;98;99;98;,5;,2;
2026/04/28;0700 UTC;0;946,7;946,8;946,5;0;3,9;3,7;4,2;3,5;4;3,3;100;98;99;224;,6;,3;
2026/04/28;0800 UTC;0;946,6;946,8;946,5;0;3,3;3,2;3,6;3;3,6;2,9;100;99;100;204;1,2;,4;
2026/04/28;0900 UTC;0;947,1;947,3;946,8;0;2,9;2,9;3,2;2,5;3,2;2,6;100;100;100;184;,9;,3;
2026/04/28;1000 UTC;0;947,7;;;;2,6;2,6;;;;;;;100;;;;
2026/04/28;1100 UTC;0;948,4;948,9;948,1;42,4;2,8;2,8;3,1;2,5;3,1;2,5;100;100;100;163;,8;,4;
2026/04/28;1200 UTC;0;948,9;949,1;948,8;204,2;,2;,4;3,2;3,1;3,3;3,2;100;92;98;154;,9;,6;
2026/04/28;1300 UTC;0;949,1;949,2;949;318,4;8,9;4,7;10,8;6,5;5,4;3,3;92;66;79;146;1,2;,5;
2026/04/28;1400 UTC;0;949,3;949,3;949,1;1139,4;12,6;4,6;14,1;10,8;5,8;3,3;66;54;60;179;1,8;,6;
2026/04/28;1500 UTC;0;949,2;949,3;948,9;2823,8;16,8;6,5;18,9;14,2;8;5,3;56;40;49;198;2;,8;
2026/04/28;1600 UTC;0;948,6;948,9;948,2;2864,3;19,5;6,5;21,1;18,4;8,4;5,4;48;27;35;265;4;1,2;
2026/04/28;1700 UTC;0;948;948,2;947,7;2698,2;20,5;6,4;21,1;19,7;7,9;5,2;37;25;29;158;3,3;1;
2026/04/28;1800 UTC;0;947,6;947,7;947,4;2285,6;21,4;6,6;22,1;20,8;7,9;6;30;25;26;241;2,2;,8;
2026/04/28;1900 UTC;0;947,3;947,5;947,1;1657,6;21,9;7,2;22,2;21,5;8,2;6,5;32;25;27;243;2,8;1,1;
2026/04/28;2000 UTC;;;;;;;;;;;;;;;;;;
2026/04/28;2100 UTC;0;946,9;947,1;946,5;193;18,3;7,1;19,9;16,1;8,2;6,5;58;35;44;154;1,3;,6;
2026/04/28;2200 UTC;0;946,6;946,7;946,5;0;14,3;6,6;15,9;13,1;7,2;6,1;68;54;62;179;,7;,3;
2026/04/28;2300 UTC;0;946,8;946,9;946,6;0;12,4;6,7;13,1;11,3;7,3;6,1;78;68;72;109;,6;,2;
2026/04/29;0000 UTC;0;946,8;947;946,6;0;10,9;6,9;11,3;10,4;7,6;6,3;83;76;80;205;,5;,2;
2026/04/29;0100 UTC;0;946,9;947;946,8;0;9,9;6,9;10,3;9,3;7,1;6,5;88;82;85;190;,9;,5;
2026/04/29;0200 UTC;0;946,7;946,7;946,6;0;8,8;7,1;8,9;8,8;7,2;7,1;92;91;91;32;,7;,4;
2026/04/29;0300 UTC;0;946,8;946,9;946,7;0;8,2;6,8;8,7;7,9;7,1;6,5;95;92;93;159;1;,2;
2026/04/29;0400 UTC;0;946,6;946,8;946,4;0;7,8;6,8;8,4;7,4;7,3;6,4;97;93;95;153;3,1;1,2;
2026/04/29;0500 UTC;0;946,3;946,5;946;0;7,5;6,5;7,7;7,4;6,7;6,3;96;94;95;149;,9;,5;
2026/04/29;0600 UTC;0;944,8;944,8;944,7;0;7,2;6,3;7,2;7,1;6,4;6,2;96;95;96;213;,5;,3;
2026/04/29;0700 UTC;0;944,2;944,3;944,1;0;6,6;6;6,9;6,3;6,4;5,8;99;96;97;194;,9;,4;
2026/04/29;0800 UTC;0;943,9;944,1;943,7;0;6,6;6,1;7,1;6,3;6,4;5,8;99;96;98;193;,9;,5;
2026/04/29;0900 UTC;0;943,8;943,9;943,6;0;6,1;5,9;6,2;6;6,1;5,5;100;97;99;205;,4;,2;
2026/04/29;1000 UTC;0;944,8;944,8;944,8;0;6,6;6,4;6,7;6,6;6,4;6,4;99;99;99;210;,6;,4;
2026/04/29;1100 UTC;0;945,1;945,3;944,9;51,4;7,1;6,4;8;6,6;7,2;6,1;99;94;97;116;,8;,4;
2026/04/29;1200 UTC;0;945,6;945,6;945,5;256,5;8,4;7,3;8,4;8,4;7,4;7,1;95;94;94;305;,6;,2;
2026/04/29;1300 UTC;0;945,5;945,7;945,3;396,5;9,8;7,9;11,9;8,4;9,3;7;94;86;90;153;1,9;,9;
2026/04/29;1400 UTC;0;946;946,3;945,6;823,1;13,8;10,2;14,7;12;11,2;8,6;88;78;82;140;1,4;,5;
2026/04/29;1500 UTC;0;945,6;946,2;945,3;1653,3;15,9;11;18;14,6;11,8;10,5;83;66;76;144;2,1;,7;
2026/04/29;1600 UTC;0;945,3;945,4;944,9;1820,5;18,2;11,9;19,6;17,5;12,6;11,1;73;62;68;186;2,9;1,2;
2026/04/29;1700 UTC;0;944,6;944,9;944,3;2369,9;20,9;13,1;22,1;19,6;13,8;12,4;65;56;61;170;2,1;,8;
2026/04/29;1800 UTC;0;944,2;944,4;944;2146,8;22,6;12,5;23,5;22;13,6;11,4;57;43;50;149;4,5;2,1;
2026/04/29;1900 UTC;0;944,2;944,5;944;1090,2;22,2;11,8;22,7;21,5;12,7;10,8;53;41;48;150;4,6;2,1;
2026/04/29;2000 UTC;;;;;;;;;;;;;;;;;;
2026/04/29;2100 UTC;0;945,2;945,3;945;122,2;19,8;11,6;20,4;18,1;12,4;10,6;68;51;59;104;2;,7;
2026/04/29;2200 UTC;0;945,3;945,5;945,2;0;17;11,9;18,1;15,8;12,3;11,6;80;69;75;146;,5;,2;
2026/04/29;2300 UTC;;;;;;;;;;;;;;;;;;
2026/04/30;0000 UTC;;;;;;;;;;;;;;;;;;
2026/04/30;0100 UTC;0;946;946,1;945,9;0;12,1;10,9;12,6;11,5;11,3;10,4;96;92;94;157;,8;,5;
2026/04/30;0200 UTC;0;945,9;946,1;945,9;0;10,7;10,1;11,1;10,4;10,6;9,7;100;95;97;162;,8;,5;
2026/04/30;0300 UTC;0;946,2;946,4;946;0;10,5;10,1;10,9;10,3;10,7;8,9;100;93;98;158;,7;,4;
2026/04/30;0400 UTC;0;946,8;946,9;946,4;0;10,1;,6;10,6;9,6;8,8;8,6;100;92;97;132;;,4;
2026/04/30;0500 UTC;0;947;947;946,9;0;9,5;9,1;10,2;8,8;10;8,5;100;97;98;163;,9;,6;
2026/04/30;0600 UTC;0;946,7;946,8;946,5;0;8,9;8,9;9,2;8,5;9,2;8,3;100;99;100;96;,2;,1;
2026/04/30;0700 UTC;0;946,5;946,7;946,4;0;8,2;8,2;8,6;7,8;8,7;7,8;100;99;100;167;,7;,4;
2026/04/30;0800 UTC;0;946,5;946,5;946,4;0;7,7;7,8;8,5;7,2;8,6;7,2;100;100;100;176;,8;,4;
2026/04/30;0900 UTC;0;946,5;946,7;946,5;0;7;7,1;7,3;6,5;7,4;6,5;100;100;100;160;,7;,5;
2026/04/30;1000 UTC;0;946,9;947,3;946,6;,1;6,6;6,7;6,9;6,4;7;6,5;100;100;100;133;,5;,2;
2026/04/30;1100 UTC;0;947,8;947,9;947,6;75,1;6,3;6,4;6,4;6,2;6,5;6,3;100;100;100;262;,4;,2;
2026/04/30;1200 UTC;0;948,2;948,5;947,9;167;7,5;7,5;9,1;6,4;9,2;6,5;100;100;100;150;1,2;,6;
2026/04/30;1300 UTC;0;948,7;948,9;948,4;387,6;11,2;10,6;13,3;9,2;12,2;9,3;100;93;97;292;1,4;,7;
2026/04/30;1400 UTC;0;948,8;948,9;948,6;1112,3;15,4;12,7;17,4;13,3;13,6;11,9;93;73;86;156;2,5;,7;
2026/04/30;1500 UTC;0;948,5;948,6;948,4;2713,5;19,9;11,6;21,7;17,5;12,9;9,9;76;46;59;184;2,2;,7;
2026/04/30;1600 UTC;0;948,3;948,5;948,1;2761,1;22,6;11;23,6;21,6;12,3;10;52;36;42;179;2,7;1;
2026/04/30;1700 UTC;0;947,7;948;947,5;2629,8;23,8;11,2;24,5;23;12;9,9;42;32;37;160;2,5;,9;
2026/04/30;1800 UTC;0;947,2;947,5;947;2176,2;24,5;11,4;24,9;24,2;12,3;10,5;38;31;35;136;2,3;,9;
2026/04/30;1900 UTC;0;947,1;947,2;947;1380,2;24,8;11,8;25,6;23,8;12,7;11;42;30;35;138;1,4;,6;
2026/04/30;2000 UTC;;;;;;;;;;;;;;;;;;
2026/04/30;2100 UTC;0;947,1;947,2;947;141,2;22;11,2;23,7;20;12,3;10,3;55;40;46;114;1,9;1;
2026/04/30;2200 UTC;0;947,1;947,3;947,1;0;18,3;10,4;19,9;16,9;10,8;9,8;67;52;60;204;,7;,2;
2026/04/30;2300 UTC;0;947,4;947,7;947,1;0;15,9;10,6;16,9;14,9;11;10,1;78;66;73;94;,4;,2;
2026/05/01;0000 UTC;0;947,9;948;947,9;0;14,3;10,8;14,4;14;11;10,3;83;81;82;224;1,7;,6;
2026/05/01;0100 UTC;;;;;;;;;;;;;;;;;;
2026/05/01;0200 UTC;;;;;;;;;;;;;;;;;;
2026/05/01;0300 UTC;0;948,4;948,5;948,3;0;12,1;10,8;12,4;11,9;11,2;10,4;96;91;94;139;1,6;,7;
2026/05/01;0400 UTC;0;948,1;948,3;947,9;0;13,3;11,3;14,6;12,3;12;10,9;94;87;90;132;2,1;,8;
2026/05/01;0500 UTC;0;947,7;947,9;947,4;0;14,9;12,5;15,3;14,5;12,7;12;89;86;88;125;1,9;,6;
2026/05/01;0600 UTC;0;947,2;947,4;946,9;0;15,3;12,8;15,5;14,9;13,1;12,6;89;86;88;155;2,5;,9;
2026/05/01;0700 UTC;0;946,9;947,2;946,7;0;15,2;12,6;15,7;14,6;12,8;12,5;90;84;87;160;1,3;,5;
2026/05/01;0800 UTC;0;946,9;947,1;946,7;0;14,6;12,4;14,9;14,3;12,6;12,2;91;87;89;146;3,1;,8;
2026/05/01;0900 UTC;0;946,9;947,1;946,8;0;14,9;12,5;15,1;14,5;12,7;12,3;90;86;88;110;2,7;,8;
2026/05/01;1000 UTC;0;947,3;947,6;947;,4;14,9;12,6;15,1;14,7;12,8;12,4;90;87;89;92;1,2;,6;
2026/05/01;1100 UTC;0;947,7;947,8;947,5;98,5;15,6;12,6;16,4;14,8;12,9;12,4;89;82;85;127;2,7;,9;
2026/05/01;1200 UTC;0;947,7;947,8;947,5;206;17,3;13;18;16,4;13,5;12,6;83;77;79;135;3,1;,9;
2026/05/01;1300 UTC;0;948,1;;;;19,1;,9;;;;;;;73;106;2,3;1,2;
2026/05/01;1400 UTC;0;948,5;948,7;948,2;1126,7;21,4;15;22,9;19,8;15,9;14,2;72;63;68;173;5;1,4;
2026/05/01;1500 UTC;0;948,3;948,6;948;2518,7;25;16,5;26,6;23;17,6;15,3;66;52;57;155;3,7;1,4;
2026/05/01;1600 UTC;0;947,4;948;946,7;2669;27,3;17,7;28,2;26,6;18,7;17;56;49;52;200;4,2;1,6;
2026/05/01;1700 UTC;0;946,2;946,7;945,7;2336,3;28,7;18,3;29,8;27,8;19;17,7;52;44;48;205;6,3;2,2;
2026/05/01;1800 UTC;0;945,2;945,8;944,6;2094,5;29,6;18,8;29,8;29,3;19,3;18,4;49;44;46;166;6;2,9;
2026/05/01;1900 UTC;0;944,5;944,6;944,4;1448,3;29,2;18,6;29,8;28,3;19,1;18,3;50;45;47;222;7,5;2,9;
2026/05/01;2000 UTC;0;944,6;944,8;944,4;610,5;27,8;18,4;28,2;27;19,2;18,1;56;50;53;265;5,1;2,3;
2026/05/01;2100 UTC;0;944,6;944,8;944,5;66,9;26,1;18;27;25,5;18,3;17,8;62;56;60;284;3,5;1,7;
2026/05/01;2200 UTC;0;944,5;944,6;944,3;0;25,3;17,9;25,5;25;18,1;17,8;65;62;63;242;2,7;1,2;
2026/05/01;2300 UTC;0;944,3;944,5;944,2;0;24,7;18;25;24,4;18,2;17,8;69;64;66;123;3,2;,9;
2026/05/02;0000 UTC;;;;;;;;;;;;;;;;;;
2026/05/02;0100 UTC;0;944,4;944,6;944,2;0;20,1;17,3;20,6;20;17,6;17,1;87;84;86;174;2,4;,6;
2026/05/02;0200 UTC;0;944,1;944,4;944;0;23,2;18,3;24,4;20,7;18,7;17,6;85;71;75;212;6,7;2,4;
2026/05/02;0300 UTC;0;944,7;945,2;944;,4;22,7;17,9;24,6;19,7;18,8;16,5;86;68;76;158;5,3;2,2;
2026/05/02;0400 UTC;1,4;944,8;945,9;943,9;0;18,6;16,5;19,6;18,3;17,3;16,2;95;84;89;219;5,5;1,6;
2026/05/02;0500 UTC;16,6;945,8;947,3;943,7;0;17,6;17,4;18,2;17,4;17,6;17,1;100;95;99;226;1,7;,7;
2026/05/02;0600 UTC;4,6;945,7;946,5;945,1;0;17,5;17,6;17,6;17,4;17,7;17,5;100;100;100;160;2,4;,5;
2026/05/02;0700 UTC;5,4;945,4;945,7;944,8;0;17,4;17,5;17,4;17,3;17,5;17,4;100;100;100;290;1,2;,5;
2026/05/02;0800 UTC;6;935;946;;0;17,4;17,5;17,5;17,4;17,6;17,5;100;100;100;137;3,2;1;
2026/05/02;0900 UTC;,4;944,2;945;943;0;17,6;17,6;17,7;17,5;17,8;17,5;100;100;100;140;5,2;1,5;
2026/05/02;1000 UTC;0;944,4;945;943,1;0;17,6;17,6;17,7;17,6;17,7;17,5;100;99;100;265;3,2;,8;
2026/05/02;1100 UTC;0;945,9;946,1;945,9;11,8;17,7;17,4;17,7;17,6;17,5;17,3;99;98;99;241;1,8;,7;
2026/05/02;1200 UTC;0;946,8;947,6;945,9;67,2;17,6;17,5;17,7;17,5;17,7;17,4;100;99;100;239;3,4;1,4;
2026/05/02;1300 UTC;0;947,9;948,4;947,4;186,7;17,8;17,7;17,9;17,6;17,9;17,6;100;99;100;237;3,3;1,2;
2026/05/02;1400 UTC;0;948,8;948,9;948,4;481,4;18,3;18,1;19;17,9;18,6;17,8;100;97;99;257;2,9;1,5;
2026/05/02;1500 UTC;0;948,7;949;948,5;1436;20,1;18,5;20,8;19;19,5;17,8;98;87;92;219;3,1;1,4;
2026/05/02;1600 UTC;0;949,4;949,5;949,3;1541,7;21,2;17,5;21,5;20,7;18,5;16,2;89;74;81;224;4,5;2,1;
2026/05/02;1700 UTC;0;949,1;949,3;948,9;1361,3;21,4;15,9;22;21,1;16,8;14,9;77;67;72;206;2,9;1,1;
2026/05/02;1800 UTC;0;949;949,1;948,9;1257,2;22,2;14,9;22,7;21,9;16;14,1;68;60;63;200;4,8;1,9;
2026/05/02;1900 UTC;0;949,1;949,3;948,9;792,7;21,8;14,7;22,1;21,4;15,3;14,2;69;61;65;178;4,7;1,9;
2026/05/02;2000 UTC;0;949,5;949,9;949,2;362,2;20,4;15,8;21,4;19,1;16,6;14,4;85;66;77;161;6,6;3,1;
2026/05/02;2100 UTC;0;950,3;950,3;950,2;,8;17,8;15,3;18;17,6;15,4;15,2;88;87;87;184;3,1;1,3;
2026/05/02;2200 UTC;0;950,6;951;950,3;0;17,1;14,9;17,6;16,6;15,2;14,5;92;88;89;143;2,4;,9;
2026/05/02;2300 UTC;;;;;;;;;;;;;;;;;;
2026/05/03;0000 UTC;0;951,2;951,6;950,9;0;15,4;13,4;15,9;15;13,8;13,2;92;88;90;151;1,3;,5;
2026/05/03;0100 UTC;;;;;;;;;;;;;;;;;;
2026/05/03;0200 UTC;0;952,5;952,6;952,2;0;14,5;12,1;14,8;14,2;13;10,9;91;83;88;145;6,5;2,8;
2026/05/03;0300 UTC;0;952,7;952,8;952,6;0;13,7;10,1;14,2;13,1;11,1;9,5;85;81;82;164;4,6;2;
2026/05/03;0400 UTC;0;952,7;952,8;952,6;0;13,2;9,9;13,3;13,1;10,6;9,2;87;80;83;159;3,2;1,6;
2026/05/03;0500 UTC;0;952,6;952,8;952,6;0;12,6;10;13,3;11,7;10,6;9,4;89;85;87;160;4,6;2,3;
2026/05/03;0600 UTC;0;952,3;952,3;952,3;0;11,1;9,1;11,1;11,1;9,3;9;91;89;90;164;4,4;2;
2026/05/03;0700 UTC;0;952,1;952,2;952,1;0;9,5;6,7;9,7;9,3;6,9;6,5;87;85;86;156;4,9;2,5;
2026/05/03;0800 UTC;0;952,1;952,2;952;0;8,6;6,6;9,3;7,9;6,8;6,3;94;86;90;149;2,1;,9;
2026/05/03;0900 UTC;0;952,1;952,2;952;0;7,5;6,5;7,9;7,3;6,7;6,3;96;93;95;147;2,2;1,1;
2026/05/03;1000 UTC;0;952,4;952,6;952,2;0;6,8;6,2;7,3;6,6;6,3;6;98;95;97;223;1,2;,4;
2026/05/03;1100 UTC;0;952,8;953,1;952,6;39,9;6,3;6;6,6;6,1;6,2;5,8;99;98;99;237;1,1;,5;
2026/05/03;1200 UTC;0;953,1;953,4;952,9;156;7,3;4,7;8,3;6,3;5,8;3;98;97;;163;3,8;1,4;
2026/05/03;1300 UTC;0;953,6;953,7;953,4;532,3;9,5;3,7;10,7;8,3;4,5;2,8;76;66;71;189;2,5;,9;
2026/05/03;1400 UTC;0;953,7;953,8;953,6;1169,6;11,5;4,1;12,4;10,6;5,4;3;70;59;63;171;3,2;1,1;
2026/05/03;1500 UTC;0;953,4;953,6;952,9;2749,2;14;5,5;15,1;12,5;6,3;4,6;64;52;57;157;2,6;1;
2026/05/03;1600 UTC;0;952,5;953;952,1;2873,8;15,9;6,1;17,1;15,1;6,9;5;55;45;51;223;2;,8;
2026/05/03;1700 UTC;0;951,6;952,1;951,2;2692;17,6;6,8;18,4;16,6;7,7;5,8;51;41;46;226;2,3;,9;
2026/05/03;1800 UTC;0;950,9;951,2;950,6;2258,7;18,9;7,7;19,5;18,5;8,6;6,8;47;40;44;154;3,5;1,3;
2026/05/03;1900 UTC;0;937,3;950,6;;1637,2;19,2;8,1;19,5;19;8,8;7,6;48;41;44;142;3,4;1,3;
2026/05/03;2000 UTC;0;949,9;950;949,8;782,1;19;8,3;19,5;18,2;9;7,7;50;44;47;134;3,1;1,3;
2026/05/03;2100 UTC;0;949,6;949,9;949,2;127,5;16,9;8;18,2;15,2;8,4;7,6;63;48;55;136;3,1;1,5;
2026/05/03;2200 UTC;0;948,9;949;948,9;0;13,1;8,1;13,6;12,7;8,5;7,8;77;73;75;109;1;,4;
2026/05/03;2300 UTC;0;949,1;949,1;949;0;12,3;8;12,7;11,6;8,2;7,6;83;75;78;71;,6;,3;
2026/05/04;0000 UTC;0;948,9;949,1;948,7;0;11;8,1;11,6;10,4;8,5;7,8;90;81;86;144;,8;,3;
2026/05/04;0100 UTC;;;;;;;;;;;;;;;;;;
2026/05/04;0200 UTC;0;948,3;948,4;948,2;0;9,3;8,5;9,5;9,2;8,7;8,1;97;94;96;197;,7;,3;
2026/05/04;0300 UTC;0;947,9;948;947,9;0;9,5;8,3;9,6;9,5;8,4;8,1;95;92;94;204;,6;,3;
2026/05/04;0400 UTC;0;947,7;947,9;947,5;0;9,4;8,7;9,7;9,3;9,2;8,3;98;94;96;0;,9;0;
2026/05/04;0500 UTC;0;947,3;947,5;947,1;0;10,2;9,6;12,2;9,3;11,5;8,4;100;94;97;101;3;,6;
2026/05/04;0600 UTC;0;946,8;947,1;946,5;0;12,7;11,7;12,9;12,2;12;11,4;97;94;95;112;2,1;,8;
2026/05/04;0700 UTC;0;946,3;946,6;945,8;0;13,1;11,9;13,2;12,9;12,1;11,8;96;93;94;99;1,6;,6;
2026/05/04;0800 UTC;0;946;946,1;946;0;13,3;11,8;13,4;13,1;11,9;11,7;94;92;92;171;1,6;,8;
2026/05/04;0900 UTC;0;946,1;946,2;945,9;0;13,1;12;13,2;13;12,1;11,8;95;93;94;191;,9;,4;
2026/05/04;1000 UTC;0;946,4;946,6;946,1;0;13,5;12,3;13,7;13,2;12,4;12,1;95;93;94;114;1,5;,5;
2026/05/04;1100 UTC;0;947;947,4;946,5;98,1;14,2;12,6;14,9;13,7;13,2;12,3;93;90;92;122;2;,6;
2026/05/04;1200 UTC;0;947,7;947,9;947,4;289,8;15,7;13,2;16,3;14,9;13,8;12,7;92;84;88;121;3,2;,8;
2026/05/04;1300 UTC;0;947,8;948;947,6;639,8;17,3;13,9;18,4;16,3;14,6;13,3;87;79;83;127;3,1;1,2;
2026/05/04;1400 UTC;0;948,3;948,4;948;976,7;19,3;14,9;20,5;18,5;15,7;14,3;82;74;78;161;2,6;1;
2026/05/04;1500 UTC;0;948,2;948,4;947,9;1086,3;21;15,6;21,6;20,5;16,2;14,9;77;70;73;185;2,4;1,1;
2026/05/04;1600 UTC;0;948;948,2;947,5;622,6;20,8;16,2;21,4;20,5;16,8;15,7;81;73;77;183;4,5;1,8;
2026/05/04;1700 UTC;;;;;;;;;;;;;;;;;;
2026/05/04;1800 UTC;;;;;;;;;;;;;;;;;;
2026/05/04;1900 UTC;;;;;;;;;;;;;;;;;;
2026/05/04;2000 UTC;;;;;;;;;;;;;;;;;;
2026/05/04;2100 UTC;;;;;;;;;;;;;;;;;;
2026/05/04;2200 UTC;;;;;;;;;;;;;;;;;;
2026/05/04;2300 UTC;;;;;;;;;;;;;;;;;;
2026/05/05;0000 UTC;;;;;;;;;;;;;;;;;;
2026/05/05;0100 UTC;0;948;948,1;947,8;0;17,6;17,4;17,6;17,5;17,5;17,2;100;98;99;144;,7;,4;
2026/05/05;0200 UTC;0;948,2;948,4;948,1;0;17,4;17,4;17,5;17,4;17,4;17,2;100;99;100;116;1,1;,7;
2026/05/05;0300 UTC;0;948,4;948,4;948,3;0;17,3;17,2;17,4;17,3;17,3;17,1;100;99;99;121;1;,4;
2026/05/05;0400 UTC;0;948,3;948,4;948,2;0;17,2;17;17,3;17;17,2;16,9;100;99;99;110;2;,6;
2026/05/05;0500 UTC;0;948,3;948,4;948,2;0;17,4;17;17,5;17,2;17,1;16,9;99;97;98;87;1,8;,5;
2026/05/05;0600 UTC;0;948,2;948,4;948;0;17,3;16,9;17,5;17,2;17,1;16,8;99;97;98;64;1;,5;
2026/05/05;0700 UTC;0;947,7;947,9;947,6;0;17;16,7;17,2;16,8;16,9;16,6;99;98;99;53;1,2;,4;
2026/05/05;0800 UTC;0;947,6;947,6;947,5;0;16,7;16,4;16,8;16,6;16,7;16,2;100;98;99;121;1,3;,9;
2026/05/05;0900 UTC;0;947,7;948;947,5;0;16,9;16,3;17,1;16,6;16,4;16,1;99;96;97;100;1,5;,7;
2026/05/05;1000 UTC;0;931,7;948,6;;,2;16,9;;17,1;16,8;;16;98;95;97;104;1,2;,6;
2026/05/05;1100 UTC;0;949;949,3;948,6;94,8;17,5;16,4;17,7;17;16,7;16,2;97;93;95;76;1,2;,5;
2026/05/05;1200 UTC;0;949,6;949,8;949,3;151,1;18,5;16,7;19,2;17,7;17;16,5;95;87;91;179;1,4;,4;
2026/05/05;1300 UTC;0;950,2;950,6;949,8;349,7;20,3;17,6;21,5;19,2;18,5;16,9;90;83;87;213;4,5;1,7;
2026/05/05;1400 UTC;0;950,7;950,9;950,5;1006,1;22,8;18,6;24,1;21,6;19,7;17,8;84;72;79;286;4,8;2,1;
2026/05/05;1500 UTC;0;950,8;950,9;950,7;2468,1;25,6;19;26,6;24,2;20;18,1;73;62;67;278;4,5;1,8;
2026/05/05;1600 UTC;0;950,8;950,9;950,5;2562,1;27,4;19,4;28;26,6;20,2;18,6;66;54;60;265;5,4;2,1;
2026/05/05;1700 UTC;0;950,1;950,5;949,8;2377,9;28,1;19,4;28,9;27,5;20,2;18,6;61;52;57;257;4;1,7;
2026/05/05;1800 UTC;0;949,6;949,8;949,4;2037,6;28,9;19,6;29,5;28,4;20,5;18,9;58;51;54;269;4,1;1,8;
2026/05/05;1900 UTC;0;949,5;949,6;949,4;1111,8;28,3;19,3;29,2;27,4;20;18,9;60;50;55;258;2,5;1,1;
2026/05/05;2000 UTC;0;949,5;949,6;949,4;569,3;28,3;19,6;29,1;27,3;20,1;19,2;63;53;57;219;1,8;,8;
2026/05/05;2100 UTC;0;949,3;949,5;949,2;96,9;25,5;19,7;27,3;24;20,2;19,2;78;62;71;183;,9;,3;
2026/05/05;2200 UTC;0;949,2;949,3;949,1;0;22,6;19;23,9;21,6;19,3;18,7;88;75;82;169;,8;,3;
2026/05/05;2300 UTC;0;949,2;949,3;949,2;0;21,4;18,7;21,9;20,7;18,9;18,5;90;84;87;99;,6;,3;
2026/05/06;0000 UTC;0;949,2;949,3;949,2;0;20,1;18,5;20,7;19,6;18,7;18,4;94;89;92;160;,8;,2;
2026/05/06;0100 UTC;;;;;;;;;;;;;;;;;;
2026/05/06;0200 UTC;0;949,3;949,4;949,2;0;18,3;17,9;18,7;18,1;18,2;17,6;99;96;98;121;,4;,2;
2026/05/06;0300 UTC;0;949,1;949,2;949;0;17,9;17,5;18,1;17,6;17,8;17;99;96;98;294;,6;,3;
2026/05/06;0400 UTC;0;949,1;949,2;948,9;0;17,4;17,1;17,5;17,3;17,3;16,9;99;97;99;159;,4;,2;
2026/05/06;0500 UTC;0;949,3;949,5;949;0;17,1;16,9;17,3;16,9;17,2;16,3;100;96;99;210;,8;,3;
2026/05/06;0600 UTC;0;949,5;949,8;949,3;0;16,9;16,9;17,1;16,7;17,2;16,3;100;98;100;162;1,2;,5;
2026/05/06;0700 UTC;0;949,5;949,7;949,4;0;16,8;16,7;16,9;16,7;17;16,4;100;98;99;116;,8;,3;
2026/05/06;0800 UTC;0;949;949,4;948,7;0;17,4;16,7;17,7;16,8;17;16,1;100;93;96;100;2,3;,6;
2026/05/06;0900 UTC;0;948,9;949,2;948,6;0;17,6;16,5;18,1;17,3;16,8;16,1;96;92;94;272;1,2;,4;
2026/05/06;1000 UTC;0;949,2;949,4;949;0;18,6;16,7;19,8;17,6;16,9;16,5;96;85;91;73;2,7;1,1;
2026/05/06;1100 UTC;0;949,8;950,3;949,3;38,4;20,3;17,1;20,8;19,8;17,4;16,8;86;82;84;69;2,7;,9;
2026/05/06;1200 UTC;0;950,6;950,8;950,3;314,1;21,3;17,7;22,1;20,9;18,4;17,2;84;79;82;115;2,6;,9;
2026/05/06;1300 UTC;0;950,8;950,8;950,7;583,8;23,2;18,4;24,8;22,1;19,6;17,7;82;69;76;180;3,2;1;
2026/05/06;1400 UTC;0;950,7;950,9;950,6;1100,3;25,6;19,2;26,7;24,9;20,1;18,4;71;64;68;171;6,3;2,4;
2026/05/06;1500 UTC;0;950,3;950,6;950,1;2102,2;28,1;20;28,8;26,7;20,7;19,1;66;54;60;243;6,2;2,5;
2026/05/06;1600 UTC;0;949,7;950;949,3;2053,8;28,9;19,8;29,5;28,2;20,5;19,3;60;51;54;153;5;2,4;
2026/05/06;1700 UTC;0;948,8;949,3;948,3;1809,1;29,4;19,8;30;28,7;20,8;19,3;57;49;52;254;5,6;2,7;
2026/05/06;1800 UTC;0;948;948,3;947,7;980,3;28,2;19,5;29,3;27,7;20,5;18,9;63;51;56;166;3,5;1,4;
2026/05/06;1900 UTC;0;947,5;947,8;947,3;955,7;28,7;20;29,3;28,1;20,8;19,3;60;54;56;141;3,6;1,5;
2026/05/06;2000 UTC;;;;;;;;;;;;;;;;;;
2026/05/06;2100 UTC;0;946,9;947,1;946,7;87,6;26,3;19,2;27,6;24,4;19,6;18,7;72;59;65;115;2;,6;
2026/05/06;2200 UTC;0;946,5;946,7;946,3;0;23,9;18,6;24,4;23,5;19,1;18,3;75;72;74;175;3;1;
2026/05/06;2300 UTC;0;946,4;946,5;946,3;0;22,8;18,3;23,5;22;18,5;18,1;81;74;77;266;2,2;,6;
2026/05/07;0000 UTC;0;946,5;946,5;946,4;0;21,9;18,1;22,1;21,7;18,3;17,9;82;80;81;188;1,5;,4;
2026/05/07;0100 UTC;0;946,3;946,5;946,2;0;21,6;18,1;21,9;21,1;18,4;17,9;85;80;83;109;1,3;,4;
2026/05/07;0200 UTC;0;946,1;946,2;945,9;0;20,9;18;21;20,6;18,1;17,8;87;84;86;174;3;,6;
2026/05/07;0300 UTC;0;945,8;945,9;945,4;0;21,9;17,6;22,9;20,8;18;17,2;86;73;78;155;5,1;1,7;
2026/05/07;0400 UTC;0;945,4;945,5;945,2;0;22,9;17,4;23,2;22,5;17,5;17,3;75;71;73;181;3,9;1,7;
2026/05/07;0500 UTC;0;944,9;945,2;944,5;0;22,3;17,4;22,5;21,9;17,5;17,2;78;74;75;167;4,2;1,6;
2026/05/07;0600 UTC;0;944,1;944,5;943,7;0;21,9;17,2;22;21,6;17,4;17;78;76;77;181;4,3;1,5;
2026/05/07;0700 UTC;0;943,3;943,7;942,9;0;21,5;17;21,6;21,4;17,2;16,9;79;77;78;131;4,1;1,6;
2026/05/07;0800 UTC;0;942,5;942,8;942,1;0;21,7;17;21,8;21,6;17,1;16,9;77;76;76;160;4,4;1,7;
2026/05/07;0900 UTC;0;942;942,2;941,7;0;21,6;16,8;21,8;21,4;17;16,7;78;75;76;207;5,4;2,1;
2026/05/07;1000 UTC;0;941,5;941,8;941,2;0;21,9;16,7;22,2;21,8;16,8;16,4;75;72;74;139;7,7;3,1;
2026/05/07;1100 UTC;0;941,4;941,6;941,1;92,8;22;16,4;22,2;21,9;16,6;16,2;73;71;72;204;6,3;2,5;
2026/05/07;1200 UTC;0;941,8;941,8;941,7;560;23,2;16,6;23,3;23,2;16,7;16,5;67;66;67;180;7,5;2,3;
2026/05/07;1300 UTC;0;942,2;942,5;941,8;437,9;23,2;16,7;24;23;17,2;16,5;69;64;68;113;4,8;2,5;
2026/05/07;1400 UTC;0;941,9;942,3;941,4;1107,6;24,9;17,4;26,1;24,1;18;16,9;66;57;62;193;8,5;3,5;
2026/05/07;1500 UTC;0;940,9;941,5;939,9;2415,4;27,2;17,8;27,7;26,2;18,3;17,2;57;51;53;178;11,1;4,6;
2026/05/07;1600 UTC;0;939,5;940,1;938,9;2394,9;28,1;18,2;28,3;27,6;18,6;17,8;54;49;51;189;9,4;4,3;
2026/05/07;1700 UTC;0;938,3;939;937,9;1623;27,7;17,3;29;26,7;18,2;16,5;52;45;48;257;12,1;5,1;
2026/05/07;1800 UTC;0;937,6;937,8;937,5;1903,5;28,6;17,8;29,3;27,8;18,3;17,2;48;43;46;243;9,2;4,6;
2026/05/07;1900 UTC;0;937,6;937,8;937,4;1128,3;28,3;17,2;28,9;27,2;17,9;16,5;47;42;45;271;8,9;3,6;
2026/05/07;2000 UTC;;;;;;;;;;;;;;;;;;
2026/05/07;2100 UTC;0;936,8;936,9;936,7;55,6;25,2;16,3;25,6;24,4;16,6;16,1;59;53;56;149;4,2;1,8;
2026/05/07;2200 UTC;0;936,6;936,8;936,3;0;24,5;15,8;24,7;24,2;16,2;15,3;59;55;57;158;5,3;2,2;
2026/05/07;2300 UTC;0;936,4;936,6;936,1;0;23,9;15,4;24,5;23;15,7;15,1;62;55;58;110;2,8;1,1;
2026/05/08;0000 UTC;0;936,5;936,7;936,4;0;23,1;15,2;23,2;22,9;15,6;14,9;62;59;61;155;4,3;1,8;
2026/05/08;0100 UTC;0;936,5;936,8;936,3;0;23,3;15,4;23,5;23,1;15,7;15;62;59;60;142;6,4;2,7;
2026/05/08;0200 UTC;0;935,8;936,3;935,3;0;23,6;15,8;23,7;23,4;16,1;15,5;63;60;61;149;7,2;2,8;
2026/05/08;0300 UTC;1,4;936,8;937,8;935,3;1,6;22,3;15,6;23,6;18,6;16,2;14,5;86;61;67;259;10,3;5,7;
2026/05/08;0400 UTC;1;937,1;937,6;936,8;0;17,5;15,9;18,4;17,2;16,3;15,5;95;85;92;286;5,5;2,6;
2026/05/08;0500 UTC;,2;936,6;936,8;936,2;0;17,5;16,1;17,6;17,2;16,5;15,9;96;92;93;303;10,9;4,4;
2026/05/08;0600 UTC;1,2;937;937,7;936,3;0;17,4;15,7;17,7;16,9;16,1;15,3;94;89;91;297;10,3;4,5;
2026/05/08;0700 UTC;,2;;;;1,6;13,9;12,4;17;12,5;15,8;11,3;96;88;93;268;7,9;4,1;
2026/05/08;0800 UTC;0;937,9;938,2;937,2;0;12,4;11,5;12,5;12,4;11,8;11;97;93;95;280;5,8;3;
2026/05/08;0900 UTC;0;;938,4;938,3;0;12,3;11;12,4;12,2;11,4;10,5;95;91;93;277;6,5;3,4;
2026/05/08;1000 UTC;,2;939,4;939,9;938,2;0;12,1;10,5;12,2;11,7;10,8;10,1;95;90;92;264;;4,4;
2026/05/08;1100 UTC;0;940,3;940,6;939,9;25,8;11,6;10,3;11,7;11,4;10,8;9,5;96;90;94;276;8,4;4,2;
2026/05/08;1200 UTC;0;940,8;941,2;940,5;184,6;11,4;8,9;11,5;11,4;9,8;8;92;82;87;258;6,8;3,3;
2026/05/08;1300 UTC;0;941,3;941,6;941;571,6;12;8,5;12,5;11,4;9,1;7,9;86;79;83;284;6;3;
2026/05/08;1400 UTC;0;941,5;941,7;941,4;1164,8;13,3;8,8;14,2;12,6;9,5;8,3;83;71;78;293;5,5;2,9;
2026/05/08;1500 UTC;0;941,6;941,8;941,3;2593,1;15,5;8,3;16,4;14,2;9,8;7,1;76;55;64;266;8;3,8;
2026/05/08;1600 UTC;0;941,1;941,4;940,8;2561,2;16,5;7,2;17,4;15,9;8,2;6,2;60;45;53;286;7,5;3,4;
2026/05/08;1700 UTC;0;940,6;941;940,3;2506,4;17,5;7;18;17;8,1;6,2;52;44;47;282;6,8;3,4;
2026/05/08;1800 UTC;0;940,4;940,5;940,3;2100,9;18,2;7,1;18,7;17,9;7,9;6,5;49;42;44;256;6,3;2,9;
2026/05/08;1900 UTC;0;940,7;940,9;940,4;1514,9;18,4;5,8;18,9;18;7,4;4,7;43;32;37;0;9;4;
2026/05/08;2000 UTC;0;940,5;940,7;940,3;683,1;17,5;5,5;18,1;16,7;6,2;4,8;45;33;40;263;5,4;2,7;
2026/05/08;2100 UTC;0;940,4;940,5;940,3;77;15,1;5,5;16,7;14,3;6,1;5,2;58;45;52;286;3;1,5;
2026/05/08;2200 UTC;0;940,9;941;940,9;0;13,1;5,5;13,1;13,1;5,7;5,3;63;61;62;215;1,9;1,1;
2026/05/08;2300 UTC;0;941,4;941,7;941;0;12,8;5,1;13,1;12,3;5,9;4,5;65;58;61;314;2,3;1,1;
2026/05/09;0000 UTC;0;941,7;941,8;941,5;0;12,1;4,9;12,3;11,9;5,7;4,5;68;61;64;260;4,3;2,1;
2026/05/09;0100 UTC;0;942;942,3;941,5;0;11,6;4,5;12,1;11,1;5,6;4,1;69;61;65;297;3;,8;
2026/05/09;0200 UTC;0;942,4;942,6;942,2;0;10,6;4,5;11,1;10,2;5;3,8;72;66;69;243;1,7;,8;
2026/05/09;0300 UTC;0;942,7;942,9;942,3;0;9,9;4,5;10,3;9,5;4,9;4;76;69;73;266;1,4;,5;
2026/05/09;0400 UTC;0;942,9;943,1;942,5;0;9,3;4,8;9,6;9;5,6;4,3;82;74;77;203;,9;,4;
2026/05/09;0500 UTC;0;943,3;943,5;943;0;9,1;5;9,4;8,5;5,8;4,5;85;76;79;185;,6;,2;
2026/05/09;0600 UTC;0;943,6;944,2;943,3;0;8,1;5,5;8,6;7,5;5,8;5;92;82;87;212;,7;,4;
2026/05/09;0700 UTC;0;944,4;944,7;944,1;0;7,7;5,2;7,9;7,5;5,8;4,9;92;85;87;285;2;1,1;
2026/05/09;0800 UTC;0;944,4;944,5;944,3;0;7,5;5;7,8;7,2;5,2;4,7;90;86;88;291;1,7;,9;
2026/05/09;0900 UTC;0;944,4;944,9;944,3;0;6,7;5;7,2;6,4;5,3;4,7;94;88;91;97;,6;,4;
2026/05/09;1000 UTC;0;945,7;945,7;945,7;0;5,2;4,6;5,2;5,2;4,6;4,6;97;97;97;299;,6;,3;
2026/05/09;1100 UTC;0;947;947,1;947;73,8;5,4;4,1;5,4;5,4;4,1;4,1;93;93;93;290;,8;,5;
2026/05/09;1200 UTC;0;947,5;948;947,1;209,1;6,9;3,8;8,2;5,3;5;,8;96;65;84;0;1,5;0;
2026/05/09;1300 UTC;0;948,1;948,2;948;655,6;9,3;2,6;9,5;9;4,6;1,1;77;59;67;249;1,8;,7;
2026/05/09;1400 UTC;;;;;;;;;;;;;;;;;;
2026/05/09;1500 UTC;;;;;;;;;;;;;;;;;;
2026/05/09;1600 UTC;;;;;;;;;;;;;;;;;;
2026/05/09;1700 UTC;;;;;;;;;;;;;;;;;;
2026/05/09;1800 UTC;;;;;;;;;;;;;;;;;;
2026/05/09;1900 UTC;;;;;;;;;;;;;;;;;;
2026/05/09;2000 UTC;0;947,5;947,7;947,4;116,9;10,7;2,4;10,9;10,6;2,8;2,1;61;56;58;291;4,6;2,1;
2026/05/09;2100 UTC;0;947,7;947,9;947,6;28;10,2;2,8;10,6;9,9;3,5;2,2;68;59;63;287;2,3;1,1;
2026/05/09;2200 UTC;0;948,2;948,4;947,8;0;9,5;3,2;9,9;8,9;3,6;2,8;72;65;68;278;1,5;,9;
2026/05/09;2300 UTC;0;948,6;948,8;948,2;0;8,4;3,4;8,9;7,8;4;2,9;80;70;75;289;2,8;1,2;
2026/05/10;0000 UTC;0;;;;;8;;;;;;;;76;;;;
2026/05/10;0100 UTC;0;;;;;;;;;;;;;;;;;
2026/05/10;0200 UTC;0;;;;;;;;;;;;;;;;;
2026/05/10;0300 UTC;0;;;;;;;;;;;;;;;;;
2026/05/10;0400 UTC;0;;;;;;;;;;;;;;;;;
2026/05/10;0500 UTC;0;;;;;;;;;;;;;;;;;
2026/05/10;0600 UTC;0;951,1;951,4;950,8;0;7;3,7;7,2;6,6;4,1;3,2;87;81;84;265;2,9;1,4;
2026/05/10;0700 UTC;0;950,5;950,6;950,4;0;6,6;4,4;6,6;6,6;4,6;4,1;90;88;89;279;2,3;1,2;
2026/05/10;0800 UTC;0;950,5;950,6;950,4;0;,4;,3;6,6;6,6;4,4;4,4;90;87;88;289;3,2;1,4;
2026/05/10;0900 UTC;0;950,5;950,6;950,4;0;6,3;4,1;6,5;6,3;4,6;3,7;91;87;89;268;3,6;1,8;
2026/05/10;1000 UTC;0;950,8;951;950,7;0;6,5;3,4;6,6;6,4;3,9;2,9;88;82;85;284;2,5;1;
2026/05/10;1100 UTC;0;951,5;951,6;951,5;44,3;6,5;4,8;6,5;6,5;5;4,7;93;91;92;247;2,9;1,3;
2026/05/10;1200 UTC;0;951,7;951,9;951,5;248,8;6,6;4,8;7;6,2;5,3;4,4;93;87;91;229;3,3;1,6;
2026/05/10;1300 UTC;0;952;952;951,9;466,7;6,6;4,8;6,8;6,5;5,4;4,2;94;87;91;226;3,3;1,2;
2026/05/10;1400 UTC;0;951,9;952,1;951,8;753,3;7,6;4,3;8,8;6,9;5,1;3,7;90;76;84;272;4,4;2,2;
2026/05/10;1500 UTC;0;952;952;951,9;799;9,6;3,3;9,7;9,6;3,6;2,7;70;65;68;276;5,5;2,9;
2026/05/10;1600 UTC;0;951,5;951,9;951;1080;10,1;3,4;10,8;9,6;4,2;3;72;63;66;267;5,8;2,6;
2026/05/10;1700 UTC;0;950,8;951;950,5;868,7;10,2;3,4;10,7;9,8;3,8;2,9;69;63;66;258;7,2;3,6;
2026/05/10;1800 UTC;;;;;;;;;;;;;;;;;;
2026/05/10;1900 UTC;;;;;;;;;;;;;;;;;;
2026/05/10;2000 UTC;0;950,8;951;950,6;220,9;9,2;2,8;9,4;9;3,4;2,4;71;66;68;267;5,9;2,9;
2026/05/10;2100 UTC;0;951;951,1;951;0;8,4;3,3;8,4;8,4;3,5;3,1;76;74;74;282;3,7;1,4;
2026/05/10;2200 UTC;0;940,2;951,4;;0;7,7;3,3;8,3;7,1;3,5;3,1;81;75;78;302;3;1,1;
2026/05/10;2300 UTC;0;951,6;951,8;951,3;0;6,6;3,6;7,1;6,3;3,9;3,2;88;81;85;284;2,9;1,3;
2026/05/11;0000 UTC;0;952,1;952,2;952,1;0;6;3,4;6;6;3,4;3,3;87;87;87;263;1,8;,9;
2026/05/11;0100 UTC;;;;;;;;;;;;;;;;;;
2026/05/11;0200 UTC;;;;;;;;;;;;;;;;;;
2026/05/11;0300 UTC;;;;;;;;;;;;;;;;;;
2026/05/11;0400 UTC;;;;;;;;;;;;;;;;;;
2026/05/11;0500 UTC;;;;;;;;;;;;;;;;;;
2026/05/11;0600 UTC;0;951;951,3;950,7;0;4,5;2,9;4,6;4,3;3;2,7;93;91;92;267;2,3;,9;
2026/05/11;0700 UTC;0;950,8;950,8;950,7;0;4;2,8;4,3;3,9;2,9;2,7;95;93;94;295;2,3;,9;
2026/05/11;0800 UTC;0;950,5;950,6;950,5;0;3,9;2,7;4;3,7;2,8;2,6;96;94;94;249;2;,6;
2026/05/11;0900 UTC;0;950,5;950,7;950,3;0;3,4;2,8;3,6;3,3;2,9;2,5;97;96;97;202;1;,6;
2026/05/11;1000 UTC;0;950,8;950,9;950,6;0;3,2;2,7;3,4;3,1;3;2,5;99;96;97;246;3;1,4;
2026/05/11;1100 UTC;0;951,1;951,3;950,9;33;3,2;2,8;3,4;3,1;3;2,5;99;97;98;228;;,7;
2026/05/11;1200 UTC;0;951,4;951,9;950,9;0;4;3,1;5,9;3,1;3,6;2,5;99;87;95;273;5;2,6;
2026/05/11;1300 UTC;0;952,4;952,4;952,4;247,4;8,1;2,6;8,1;8,1;3,3;2,2;76;70;73;250;3,9;2;
2026/05/11;1400 UTC;0;952,5;952,6;952,4;1092,1;8,7;3,2;9,8;7,9;3,8;2,1;77;65;72;289;4,9;2,1;
2026/05/11;1500 UTC;0;952,2;952,4;952;2597,1;11,1;2,2;11,9;9,9;4,1;,6;68;45;56;281;5,3;2,4;
2026/05/11;1600 UTC;0;951,9;952,1;951,6;2288,2;12,9;2;13,7;11,8;2,9;1;53;40;45;272;5,2;2,4;
2026/05/11;1700 UTC;0;951,5;951,7;951,3;2423,1;13,9;2,5;14,5;13,4;3;1,9;47;39;43;274;5,2;2,4;
2026/05/11;1800 UTC;0;951,4;951,5;951,3;2094,1;14,8;3;15,3;14,4;3,5;2,5;44;38;41;267;5,8;3;
2026/05/11;1900 UTC;0;951,3;951,4;951,3;1495,1;15;2,9;15,3;14,7;3,4;2,3;42;37;40;264;5,2;2,8;
2026/05/11;2000 UTC;0;951,4;951,5;951,2;599,2;14,4;2,9;14,9;13,7;3,5;2,5;45;40;43;296;4,6;2,3;
2026/05/11;2100 UTC;0;951,4;951,5;951,3;80,8;12,4;2,5;13,7;10,6;2,7;2,3;60;44;50;303;2;1;
2026/05/11;2200 UTC;0;951,3;951,4;951,3;0;9,5;2,8;10,5;8,7;3,5;2,4;72;60;67;203;,7;,2;
2026/05/11;2300 UTC;0;951,3;951,3;951,3;0;6,8;3,7;6,9;6,8;3,8;3,6;85;84;84;277;,6;,3;
2026/05/12;0000 UTC;0;935,8;951,6;;0;6;3,5;6,7;5,3;3,8;3,1;92;83;88;217;,6;,2;
2026/05/12;0100 UTC;0;951,5;951,6;951,4;0;5,1;3,5;5,3;4,8;3,8;3,2;94;90;92;242;1;,5;
2026/05/12;0200 UTC;0;951,4;951,6;951,3;0;4,3;3,2;5,1;3,7;3,6;2,9;98;90;94;136;,9;,5;
2026/05/12;0300 UTC;0;951,3;951,4;951,1;0;,3;,2;4,3;4,2;3,5;3,4;99;95;97;169;,4;,2;
2026/05/12;0400 UTC;;;;;;;;;;;;;;;;;;
2026/05/12;0500 UTC;0;950,6;950,7;950,4;0;2,6;2,3;2,9;2,3;2,9;1,8;100;97;99;179;,7;,3;
2026/05/12;0600 UTC;0;950,1;950,4;949,8;0;2;1,9;2,3;1,6;2,2;1,5;100;98;99;287;1,1;,5;
2026/05/12;0700 UTC;0;949,5;949,8;949,4;0;1,8;1,8;1,9;1,4;2;1,2;100;99;100;263;,7;,2;
2026/05/12;0800 UTC;0;949,4;949,5;949,2;0;1,4;1,4;1,6;1;1,7;,9;100;99;100;198;,7;,3;
2026/05/12;0900 UTC;0;949,2;949,4;949,2;0;,8;,8;1;,6;,9;,6;100;99;100;208;,6;,2;
2026/05/12;1000 UTC;0;949,8;950,1;949,4;0;,7;,7;,9;,5;,9;,5;100;100;100;204;,5;,3;
2026/05/12;1100 UTC;0;950,3;950,6;950,1;20,7;1;,9;2;,5;2;,5;100;99;100;178;,6;,2;
2026/05/12;1200 UTC;0;950,8;950,9;950,6;;2,7;2,4;3,9;2,1;3,2;1,9;100;96;99;;;;
2026/05/12;1300 UTC;0;950,6;950,7;950,5;225,5;8;4,8;9,1;6,9;5,3;4,2;88;79;84;135;;,7;
2026/05/12;1400 UTC;0;950,6;950,7;950,4;845,3;11,6;5,3;14,4;9,2;6,5;4,3;79;58;69;194;2,1;,7;
2026/05/12;1500 UTC;0;950,1;950,4;949,9;2529,1;17,4;6,9;19,3;14,4;8,3;5,1;58;29;48;293;5,5;2,3;
2026/05/12;1600 UTC;0;949,7;949,9;949,4;2392,2;20,2;5,9;20,8;19,3;6,9;4,6;32;25;29;276;5,4;2,7;
2026/05/12;1700 UTC;0;949;949,4;948,7;2492;21,5;6,6;22,2;20,7;7,2;5,8;27;25;25;277;4,4;2,4;
2026/05/12;1800 UTC;0;948,4;948,7;948,2;2081,9;22;7,1;22,3;21,5;7,5;6,6;27;25;25;293;5,5;2,5;
2026/05/12;1900 UTC;0;948,1;948,2;947,9;1482,8;22,1;7,1;22,4;21,5;7,4;6,5;25;25;25;275;6,1;3;
2026/05/12;2000 UTC;0;947,7;947,9;947,5;605,3;21,2;6,2;21,5;20,7;6,5;5,8;27;25;25;280;3,2;1,7;
2026/05/12;2100 UTC;0;947,5;947,6;947,3;82,4;18,7;5;20,8;16;6;3,5;39;25;32;306;1,6;1;
2026/05/12;2200 UTC;0;947,1;947,3;946,9;0;14,8;2,7;15,9;14;3,7;1,7;43;36;39;270;2;,8;
2026/05/12;2300 UTC;0;947,2;947,4;947;0;13,3;1,9;14,3;12,4;2,7;1,1;50;38;43;112;1;,6;
2026/05/13;0000 UTC;0;947,5;947,5;947,4;0;9,1;2,3;9,1;9;2,6;2;68;65;66;165;,3;,1;
2026/05/13;0100 UTC;0;947,5;947,6;947,5;0;8,9;3,4;9;8,8;3,5;3,4;73;72;73;134;1,4;,4;
2026/05/13;0200 UTC;0;947,7;947,9;947,6;0;8,5;3,6;9;8;4,1;3,2;78;72;75;178;1;,2;
2026/05/13;0300 UTC;;;;;;;;;;;;;;;;;;
2026/05/13;0400 UTC;;;;;;;;;;;;;;;;;;
2026/05/13;0500 UTC;0;947,6;947,8;947,5;0;8,6;3,9;9,6;7,3;4,2;3,6;84;70;77;269;,8;,3;
2026/05/13;0600 UTC;0;947,6;947,6;947,6;0;6,2;4,1;6,2;6,2;4,1;4,1;89;89;89;231;,4;,2;
2026/05/13;0700 UTC;0;947,8;948;947,6;0;5,2;3,7;6,2;4,7;4,1;3,2;96;88;92;296;,5;,2;
2026/05/13;0800 UTC;0;947,5;947,6;947,4;0;4,1;3,4;4,3;3,8;3,6;2,9;98;95;96;228;,5;,2;
2026/05/13;0900 UTC;0;947,7;947,8;947,5;0;3,8;3,4;4,3;3,5;3,7;2,8;99;95;98;233;,6;,2;
2026/05/13;1000 UTC;;;;;;;;;;;;;;;;;;
2026/05/13;1100 UTC;0;948,1;948,2;947,9;95,6;4,4;3,8;4,8;3,9;4,4;3,3;99;93;97;165;1;,5;
2026/05/13;1200 UTC;0;948,7;949;948,2;0;5,9;4,4;7,6;4,8;5,9;3,5;96;87;92;238;1;,5;
2026/05/13;1300 UTC;;;;;;;;;;;;;;;;;;
2026/05/13;1400 UTC;;;;;;;;;;;;;;;;;;
2026/05/13;1500 UTC;0;;;;956,1;15,6;7,8;17,4;13,6;9,3;7;71;49;61;0;3,9;1,7;
2026/05/13;1600 UTC;0;948,6;948,8;948,1;1836;18,5;8;19,5;17,3;8,7;6,9;53;44;47;279;3,7;1,8;
2026/05/13;1700 UTC;0;948,1;948,4;947,7;1906;20;8,2;20,6;19,5;8,9;7,6;45;37;41;271;3,7;1,9;
2026/05/13;1800 UTC;0;947,5;947,7;947,3;1444,6;21,1;8,4;21,6;20,7;9,1;7,9;41;33;36;272;4,5;2,2;
2026/05/13;1900 UTC;;;;;;;;;;;;;;;;;;
2026/05/13;2000 UTC;0;947,4;947,5;947,3;0;20,5;7,7;20,9;19,9;8,5;7;43;32;36;239;3,1;1,3;
2026/05/13;2100 UTC;0;947,5;947,6;947,4;75;17,8;7,6;19,8;15,1;8,6;7;61;41;49;318;1,4;,7;
2026/05/13;2200 UTC;0;;;;;13,6;7;;;;;;;67;;;;
2026/05/13;2300 UTC;0;947,3;947,5;946,5;0;11,1;6,9;12,4;10,6;7,5;6,5;82;71;79;89;,6;,3;
2026/05/14;0000 UTC;0;947,4;947,5;947,3;0;9,6;6,8;11;8,7;6,9;6,6;90;79;86;229;,5;,2;
2026/05/14;0100 UTC;0;947,4;947,5;947,3;0;8,4;6,8;8,7;7,9;7;6,4;94;91;92;262;,4;,2;
2026/05/14;0200 UTC;;;;;;;;;;;;;;;;;;
2026/05/14;0300 UTC;0;947,1;947,2;946,9;0;7,1;6,2;7,8;6,7;6,7;5,4;98;93;95;178;,5;,2;
2026/05/14;0400 UTC;0;946,9;946,9;946,8;0;6,3;5,9;6,8;5,9;6,3;5,4;99;93;98;193;,8;,4;
2026/05/14;0500 UTC;0;946,3;946,3;946,3;0;5,6;5,5;5,7;5,6;5,7;5,4;100;99;99;155;,2;,1;
2026/05/14;0600 UTC;0;946,2;946,3;946,1;0;5,4;5,1;5,8;5,1;5,8;4,4;100;96;98;154;,8;,4;
2026/05/14;0700 UTC;0;;;;;;;;;;;;;;196;1;,3;
2026/05/14;0800 UTC;0;;;;;;;;;;;;;;262;,8;,3;
2026/05/14;0900 UTC;0;;;;;;;;;;;;;;147;,8;,3;
2026/05/14;1000 UTC;0;;;;;;;;;;;;;;204;,9;,4;
2026/05/14;1100 UTC;0;;;;;;;;;;;;;;209;1,1;,2;
2026/05/14;1200 UTC;0;;;;;;;;;;;;;;164;1,7;,4;
2026/05/14;1300 UTC;0;948,7;948,8;948,7;255;8,7;6,1;9,9;7,6;6,8;5,7;91;83;87;147;1,4;,5;
2026/05/14;1400 UTC;0;948,7;948,9;948,5;1312,7;12,9;6,2;14,1;12;6,8;5,7;73;59;66;117;1,5;,7;
2026/05/14;1500 UTC;0;948,6;948,6;948,5;2249,3;16,4;6,3;17,9;14,2;7,3;5,5;58;44;49;139;2,2;,9;
2026/05/14;1600 UTC;0;948,4;948,6;948,2;1769,5;19,5;7,5;20,8;17,8;8,5;6,6;48;35;40;258;3,5;1,5;
2026/05/14;1700 UTC;0;947,8;948,2;947,3;1937;20,8;8,3;21,3;20,3;8,9;7,7;40;34;37;106;1,7;,8;
2026/05/14;1800 UTC;0;947;947,3;946,8;1423,2;21,5;9;22,2;21;9,5;8,4;41;34;37;203;1,9;,8;
2026/05/14;1900 UTC;0;947,3;947,6;946,9;575,4;20,4;8;21,9;19,9;9,3;7,3;41;34;38;257;3,9;1,8;
2026/05/14;2000 UTC;0;947,4;947,5;947,1;276,7;19,2;7,8;20,2;18,5;8,5;7,2;49;38;43;171;2,5;,8;
2026/05/14;2100 UTC;0;947,5;947,6;947,2;61,2;17,6;9;18,7;15,9;9,6;8,5;66;49;57;308;1,6;,9;
2026/05/14;2200 UTC;0;947,5;947,7;947,4;0;14,9;8,1;15,9;13,8;9,1;7,5;70;64;66;139;,8;,4;
2026/05/14;2300 UTC;0;947,8;948;947,7;0;13,2;8;13,8;12,7;8,3;7,5;78;71;74;69;1;,5;
2026/05/15;0000 UTC;0;948,3;948,5;948;0;12,9;8,5;13,3;12,1;9,1;8,1;82;75;78;55;,9;,3;
2026/05/15;0100 UTC;0;948,5;948,6;948,4;0;12,5;8,7;12,9;11,8;9,1;8,2;86;77;81;101;1;,5;
2026/05/15;0200 UTC;0;948,4;948,6;948,2;0;11,6;9,3;11,8;11;9,6;8,9;91;86;89;131;1,1;,3;
2026/05/15;0300 UTC;0;948,4;948,4;948,3;0;10,6;9,9;10,6;10,5;10;9,4;97;94;96;131;1,8;,7;
2026/05/15;0400 UTC;0;948,5;948,6;948,3;0;11,1;10,1;11,5;10,6;10,5;9,4;98;94;95;145;3;1,1;
2026/05/15;0500 UTC;0;948,7;948,8;948,6;0;11,6;10,5;11,6;11,5;10,5;10,4;95;94;94;137;2,1;,8;
2026/05/15;0600 UTC;0;948,6;948,6;948,5;0;11,7;10,4;11,7;11,7;10,4;10,3;93;93;93;150;2,6;1,2;
2026/05/15;0700 UTC;0;948,4;948,6;948,2;0;11,6;10,2;11,7;11,5;10,4;10,1;93;93;93;163;3,5;1;
2026/05/15;0800 UTC;0;947,8;947,8;947,8;0;11;10,1;11;11;10,1;10,1;96;95;95;153;2,8;1,4;
2026/05/15;0900 UTC;0;947,9;948;947,8;0;0;10,1;;;10,2;10;96;96;96;150;3,1;1,1;
2026/05/15;1000 UTC;0;948;948,3;947,8;0;10,8;10,1;10,9;10,8;10,1;10;97;96;96;153;2,9;1,2;
2026/05/15;1100 UTC;0;948,6;948,9;948,3;37,9;10,8;10,1;11;10,8;10,2;10;97;96;96;151;3,1;1,5;
2026/05/15;1200 UTC;0;949;949,1;948,8;282,5;11,4;10,1;11,8;11;10,3;9,9;96;91;94;171;1,8;,8;
2026/05/15;1300 UTC;0;948,9;949;948,7;548;12,4;10,1;13,6;11,7;10,4;9,8;92;82;88;173;2,8;1,1;
2026/05/15;1400 UTC;0;948,9;949;948,7;1162,1;14,7;10,3;15,8;13,6;10,7;9,9;84;72;78;176;2,5;1,1;
2026/05/15;1500 UTC;0;948,6;948,9;948,3;1591,8;16,7;10,4;17,4;15,5;10,9;10;75;64;69;170;3;1,6;
2026/05/15;1600 UTC;0;948;948,3;947,3;1395,8;18,5;10,9;19,6;17,4;11,6;10,3;68;58;62;146;3,2;1,1;
2026/05/15;1700 UTC;0;946,9;947,3;946,6;1763,5;19,8;11,4;20,3;19,3;12;10,8;61;56;58;144;3,1;1,5;
2026/05/15;1800 UTC;0;946,3;946,5;946;1276,9;20,4;12,1;20,7;19,9;12,6;11,4;63;55;59;142;3,3;1,1;
2026/05/15;1900 UTC;0;945,9;946;945,9;723,8;19,2;12,3;19,9;18,2;12,7;12;71;62;65;160;3,9;1,7;
2026/05/15;2000 UTC;0;945,9;946;945,8;268,9;17,9;12,2;18,6;17,3;12,4;11,9;74;67;71;158;4,1;2,1;
2026/05/15;2100 UTC;0;946,2;946,4;945,9;50,2;16,1;11,8;17,3;14,8;12,2;11,6;84;74;79;139;3,9;1,7;
2026/05/15;2200 UTC;0;946,5;946,6;946,4;0;13,8;11,3;14,7;13;11,6;11,1;91;84;88;143;4,7;2,3;
2026/05/15;2300 UTC;0;946,8;946,9;946,8;0;12,8;11,1;12,8;12,8;11,2;11;92;91;91;146;3,5;1,3;
2026/05/16;0000 UTC;0;947;947;946,9;0;12,7;11;12,8;12,6;11,1;11;93;91;92;149;2,8;,9;
2026/05/16;0100 UTC;0;946,7;946,9;946,6;0;12,6;11,1;12,6;12,6;11,2;11;93;92;93;190;1,2;,3;
2026/05/16;0200 UTC;0;946,6;946,8;946,3;0;12,5;11,3;12,6;12,4;11,4;11,1;95;93;94;215;,9;,3;
2026/05/16;0300 UTC;0;946,2;946,4;946;0;11,6;11,1;12,4;11,2;11,2;11;99;94;97;156;,5;,2;
2026/05/16;0400 UTC;0;945,9;946;945,8;0;11;10,9;11,3;10,5;11,2;10,3;100;99;99;188;,8;,3;
2026/05/16;0500 UTC;0;945,9;946,1;945,6;0;10,4;13,2;10,5;10,3;;10,1;100;99;100;168;,9;,6;
2026/05/16;0600 UTC;0;945,5;945,6;945,4;0;10,3;10,3;10,5;10,1;10,6;10;100;99;100;165;,8;,3;
2026/05/16;0700 UTC;0;945,2;945,4;944,9;0;10,6;10,7;10,8;10,4;10,8;10,5;100;100;100;241;1,3;,3;
2026/05/16;0800 UTC;0;944,9;945;944,8;0;10,8;10,9;11,1;10,7;11,1;10,7;100;100;100;166;1,4;,4;
2026/05/16;0900 UTC;0;944,9;945;944,8;0;10,8;10,8;11,1;10,5;11,2;10,5;100;99;100;88;,8;,3;
2026/05/16;1000 UTC;0;945,4;945,6;945,1;0;10,6;10,7;10,7;10,5;10,8;10,6;100;100;100;104;1,1;,4;
2026/05/16;1100 UTC;0;945,8;946,1;945,5;48,8;10,5;10,6;10,7;10,3;10,7;10,4;100;100;100;148;,8;,3;
2026/05/16;1200 UTC;0;946,4;946,6;946,1;322;10,8;10,9;11,5;10,2;11,6;10,3;100;100;100;197;1,3;,8;
2026/05/16;1300 UTC;0;946,8;946,9;946,6;528,1;12,5;12,5;13,7;11,5;13,2;11,6;100;97;100;140;1,1;,3;
2026/05/16;1400 UTC;0;946,9;946,9;946,8;1200,9;16,9;13,2;17,5;16,2;13,5;13;86;79;82;128;2;,6;
2026/05/16;1500 UTC;0;946,7;946,8;946,4;1050,9;18,5;13,8;19,1;17,6;14,4;13,1;80;73;76;103;1,4;,7;
2026/05/16;1600 UTC;0;946;946,4;945,7;1071,3;19,6;13,9;20;18,9;14,6;13,4;76;68;72;199;1,6;,5;
2026/05/16;1700 UTC;0;945,2;945,7;944,6;1102,9;20,5;14;20,9;20;14,5;13,5;70;65;68;184;1,5;,6;
2026/05/16;1800 UTC;0;944,5;944,6;944,3;988,3;21,1;14,2;21,6;20,6;15;13,8;69;62;66;151;1;,5;
2026/05/16;1900 UTC;0;944,2;944,4;943,9;502,6;20,8;14,4;21,2;20,4;14,9;13,6;71;65;68;106;1,5;,7;
2026/05/16;2000 UTC;0;944,1;944,2;943,9;247,3;19,9;14,3;20,5;19,2;15,2;13,6;77;66;72;105;1,2;,5;
2026/05/16;2100 UTC;0;944,4;944,5;944,2;28,6;18,8;14,2;19,2;18,3;14,8;13,7;80;73;77;206;1,1;,5;
2026/05/16;2200 UTC;0;944,5;944,6;944,3;0;17,8;14,2;18,2;17,4;14,4;13,8;84;80;82;113;1;,4;
2026/05/16;2300 UTC;0;944,9;945,2;944,6;0;16,9;13,9;17,3;16,7;14,6;13,5;88;84;85;118;1,4;,5;
2026/05/17;0000 UTC;0;945,5;945,7;945,2;0;16,7;13,8;16,8;16,5;14,1;13,5;88;84;86;130;2;,6;
2026/05/17;0100 UTC;0;945,9;945,9;945,9;0;16,1;13,8;16,1;16,1;13,9;13,8;89;89;89;122;1,6;1,1;
2026/05/17;0200 UTC;0;;;;;;;;;;;;;;65;1;,4;
2026/05/17;0300 UTC;0;;;;;;;;;;;;;;63;,7;,4;
2026/05/17;0400 UTC;0;;;;;;;;;;;;;;;;;
2026/05/17;0500 UTC;0;;;;;;;;;;;;;;;;;
2026/05/17;0600 UTC;0;;;;;;;;;;;;;;;;;
2026/05/17;0700 UTC;0;;;;;;;;;;;;;;;;;
2026/05/17;0800 UTC;0;944,4;944,8;944,2;0;13,5;13,6;13,6;13,5;13,6;13,6;100;100;100;174;2,1;,5;
2026/05/17;0900 UTC;0;944,5;944,7;944,3;0;13,6;13,6;13,6;13,5;13,7;13,6;100;100;100;166;2,9;1,4;
2026/05/17;1000 UTC;0;945;945,1;944,8;0;13,4;13,5;13,5;13,4;13,5;13,4;100;100;100;227;1,5;,5;
2026/05/17;1100 UTC;0;945,3;945,3;945,3;57,8;13,4;13,5;13,4;13,4;13,5;13,4;100;100;100;162;2,1;1;
2026/05/17;1200 UTC;0;945,4;945,9;944,9;103,1;13,5;0;13,6;13,4;;;100;100;100;179;1,1;,5;
2026/05/17;1300 UTC;0;945,8;946;945,4;257,5;14;13,7;14,4;13,5;14;13,5;100;96;99;166;2,4;,9;
2026/05/17;1400 UTC;0;946;946,2;945,8;381;14,4;13,7;14,7;14,2;13,9;13,5;98;95;96;173;1,6;,8;
2026/05/17;1500 UTC;0;945,8;946,1;945,6;338,3;14,9;13,8;15,2;14,6;14,2;13,6;97;92;95;163;1;,4;
2026/05/17;1600 UTC;0;945,3;945,6;945,1;523,3;16;13,8;16,4;15,2;14,3;13,3;94;86;89;227;1;,5;
2026/05/17;1700 UTC;0;945,2;945,3;945,1;436,6;16,4;13,8;16,7;16,2;14;13,4;88;84;87;174;3,2;1,6;
2026/05/17;1800 UTC;0;945,2;945,3;945,1;305,2;16,2;14;16,4;16;14,3;13,7;91;88;89;199;3,4;1,4;
2026/05/17;1900 UTC;0;945,3;945,4;945,2;197,7;15,7;14,1;16,3;15,3;14,3;13,9;94;89;92;176;4,3;1,9;
2026/05/17;2000 UTC;0;945,3;945,4;945,2;83,2;15,1;14,1;15,2;15,1;14,2;13,9;96;94;95;167;5,4;2,6;
2026/05/17;2100 UTC;0;945,8;946;945,4;7,4;15;14;15,1;14,9;14,2;13,8;96;94;95;172;2,8;1,3;
2026/05/17;2200 UTC;0;946,3;946,5;946,2;0;14,6;13,7;14,7;14,5;13,9;13,6;96;95;96;162;5,6;3,2;
2026/05/17;2300 UTC;0;946,8;946,9;946,4;0;14,3;13,2;14,5;14,2;13,9;12,5;97;92;95;156;5,3;2,3;
2026/05/18;0000 UTC;0;947,3;947,5;947;0;13,9;12,7;14,1;13,9;12,8;12,6;95;93;94;154;6,1;2,6;
2026/05/18;0100 UTC;0;948;948,2;947,6;0;13,8;12,6;13,9;13,7;12,9;12,3;96;93;94;153;4,8;1,6;
2026/05/18;0200 UTC;0;948,4;948,6;948,2;0;13,5;12,1;13,7;13,2;12,3;11,9;95;91;93;165;4,3;2,4;
2026/05/18;0300 UTC;0;948,7;948,8;948,5;0;12,8;12;13,2;12,5;12,2;11,9;97;94;96;158;5,6;2,9;
2026/05/18;0400 UTC;0;948,6;948,7;948,6;0;11,8;11,3;12;11,6;11,6;11,1;98;97;97;159;7,3;3,6;
2026/05/18;0500 UTC;0;948,6;948,8;948,4;0;11,2;10,8;11,6;11,1;11,2;10,6;99;97;98;158;6,5;3,1;
2026/05/18;0600 UTC;0;948,9;949,1;948,8;;10,9;10,6;11,1;10,9;10,7;10,5;99;97;98;;;;
2026/05/18;0700 UTC;0;949,2;949,3;949;;10,9;10,5;11;10,7;10,6;10,4;99;97;98;;;;
2026/05/18;0800 UTC;,2;949,7;950;949,4;;10,3;9,9;10,7;10,1;10,6;9,5;99;97;98;;;;
2026/05/18;0900 UTC;0;918,4;950,2;;;10;9,3;10,1;9,8;9,6;9;97;95;96;;;;
2026/05/18;1000 UTC;0;950,4;950,9;950,1;;9,7;8,8;9,9;9,7;9,2;8,5;97;94;95;;;;
2026/05/18;1100 UTC;0;951,2;951,4;950,8;;9,7;8,9;9,8;9,6;9,2;8,6;97;95;96;;;;
2026/05/18;1200 UTC;;;;;;;;;;;;;;;;;;
2026/05/18;1300 UTC;0;951,9;952,2;951,8;380,3;10,5;9,2;10,7;10,1;9,5;8,7;97;90;93;145;3,9;1,4;
2026/05/18;1400 UTC;0;952,4;952,4;952,3;1703,3;12,6;8,8;12,7;12,5;9,4;8,3;84;79;81;170;4,4;1,8;
2026/05/18;1500 UTC;0;952,4;952,5;952,3;1095,2;12,7;8,9;13,5;12,2;9,3;8,5;85;77;81;165;4,3;2,1;
2026/05/18;1600 UTC;0;952,3;952,4;952,2;658,5;12,5;8,5;13,1;12,2;9,1;8,1;83;77;80;166;5,6;2,7;
2026/05/18;1700 UTC;0;952;952,2;951,7;0;12,6;8,5;12,9;12,4;8,9;8,2;82;77;79;167;4,8;2,6;
2026/05/18;1800 UTC;;;;;;;;;;;;;;;;;;
2026/05/18;1900 UTC;;;;;;;;;;;;;;;;;;
2026/05/18;2000 UTC;0;951,6;951,7;951,4;151,4;10,8;8,6;11,4;10,6;8,8;8,4;91;86;89;171;4,5;2,1;
2026/05/18;2100 UTC;0;951,7;951,8;951,6;20,2;10,6;8;10,7;10,3;8,5;7,7;89;86;87;179;5,4;2,2;
2026/05/18;2200 UTC;0;952;952,3;951,8;0;10,2;7,6;10,3;10,2;7,9;7,3;88;85;87;170;4,1;1,8;
2026/05/18;2300 UTC;;;;;;;;;;;;;;;;;;
2026/05/19;0000 UTC;0;952,6;952,8;952,4;0;10;7,8;10,1;9,8;8,1;7,6;90;88;89;158;4,6;2;
2026/05/19;0100 UTC;0;952,8;952,9;952,7;0;9,8;7,9;9,9;9,7;8,1;7,8;92;90;91;144;2,7;,9;
2026/05/19;0200 UTC;0;952,8;952,9;952,6;0;9,5;7,6;9,7;9,3;8,2;7;93;87;90;125;1;,3;
2026/05/19;0300 UTC;0;952,5;952,7;952,3;0;9,3;7,2;9,5;9,2;7,8;6,9;93;88;89;154;1,8;1;
2026/05/19;0400 UTC;0;952,2;952,3;952,1;0;8,4;7;9,2;7,8;7,1;6,7;96;89;93;78;,6;,2;
2026/05/19;0500 UTC;0;951,9;952,1;951,8;0;7,2;6,9;7,8;6,7;7,2;6,4;100;96;98;145;,4;,2;
2026/05/19;0600 UTC;0;951,3;951,4;951,2;0;6,2;6,3;6,4;6,1;6,5;6;100;100;100;164;,5;,3;
2026/05/19;0700 UTC;0;951,1;951,1;951;0;6,9;7;7,6;6,4;7,7;6,5;100;100;100;149;1,5;,3;
2026/05/19;0800 UTC;;;;;;;;;;;;;;;;;;
2026/05/19;0900 UTC;0;951;951,1;951;0;8,1;7,9;8,2;8,1;8;7,8;99;99;99;177;1,9;,6;
2026/05/19;1000 UTC;0;951,3;951,6;951,2;0;8,1;7,9;8,2;8,1;8;7,8;99;99;7;213;2,1;,9;
2026/05/19;1100 UTC;0;951,9;952,2;951,6;14,2;8;7,9;8,2;7,9;8;7,7;100;98;99;158;2,4;1,1;
2026/05/19;1200 UTC;0;952,3;952,5;952,2;0;7,8;7,8;8;7,6;8;7,6;100;100;100;164;1,3;,6;
2026/05/19;1300 UTC;0;953,1;953,2;953,1;391,9;8,3;7,4;8,5;8,2;7,7;7,1;96;94;95;214;1,2;,5;
2026/05/19;1400 UTC;0;953,1;953,2;953;0;9,1;7,4;9,9;8,5;7,8;7;96;86;92;189;2;,7;
2026/05/19;1500 UTC;0;953;953,1;952,8;1129,7;10,4;7,1;12,1;9,7;7,6;6,4;89;75;83;209;1,6;,8;
2026/05/19;1600 UTC;0;952,7;952,8;952,5;1813,9;13,6;7,1;14,3;12,3;7,9;6,7;74;63;68;150;2,3;1,1;
2026/05/19;1700 UTC;0;952,1;952,5;951,7;1654,4;14,9;7,2;16,1;14;8,1;5,7;66;48;62;195;2,8;1,3;
2026/05/19;1800 UTC;0;951,6;951,8;951,5;1373,2;16,4;6,4;17;15,7;7,1;5,6;55;46;50;245;3,1;1,6;
2026/05/19;1900 UTC;;;;;;;;;;;;;;;;;;
2026/05/19;2000 UTC;0;951;951,2;950,8;348,5;16,3;6,1;16,6;15,8;7;4,8;54;42;49;257;2,4;1,5;
2026/05/19;2100 UTC;0;951;951,1;950,8;49;13,9;6,8;15,8;12;7,3;6;76;51;65;134;2,2;1,1;
2026/05/19;2200 UTC;0;951,2;951,3;951;0;11,1;7,6;11,9;10,1;7,9;7,2;88;77;83;49;,7;,3;
2026/05/19;2300 UTC;;;;;;;;;;;;;;;;;;
2026/05/20;0000 UTC;;;;;;;;;;;;;;;;;;
2026/05/20;0100 UTC;0;951,7;951,8;951,7;0;7,4;7;7,6;7;7,5;6,4;99;95;98;149;,5;,2;
2026/05/20;0200 UTC;;;;;;;;;;;;;;;;;;
2026/05/20;0300 UTC;0;951,6;951,6;951,6;0;5,3;5,4;5,4;5,2;5,4;5,2;100;100;100;123;,6;,3;
2026/05/20;0400 UTC;0;951,5;951,6;951,5;0;4,9;4,9;5,4;4,4;5,5;4,4;100;99;100;243;,6;,3;
2026/05/20;0500 UTC;0;951,5;951,6;951,5;0;4,3;4,3;4,4;4,2;4,4;4,2;100;100;100;149;,6;,3;
2026/05/20;0600 UTC;0;951,4;951,5;951,3;0;4;4;4,2;3,7;4,3;3,7;100;100;100;107;,9;,4;
2026/05/20;0700 UTC;0;951;951,2;950,8;0;3,6;3,7;3,7;3,5;3,7;3,6;100;100;7;127;1;,3;
2026/05/20;0800 UTC;0;950,6;950,6;950,6;0;3,4;3,5;3,4;3,4;3,5;3,5;100;100;100;263;,5;,3;
2026/05/20;0900 UTC;0;950,8;951,1;950,6;0;3,6;3,6;3,8;3,4;3,8;3,5;100;100;100;60;,8;,2;
2026/05/20;1000 UTC;0;951,8;951,8;951,8;0;3,9;4;3,9;3,9;4;4;100;100;100;60;,6;,3;
2026/05/20;1100 UTC;0;952,6;952,6;952,6;152,4;3,7;3,7;3,7;3,6;3,8;3,7;100;100;100;263;1;,5;
2026/05/20;1200 UTC;,2;952,8;953;952,6;344,2;3,9;4;4,2;3,6;4,3;3,6;100;100;100;142;1,1;,4;
2026/05/20;1300 UTC;,2;953,1;953,7;952,6;626;4,7;4,7;6,1;3,6;6,2;3,6;100;100;100;136;;,7;
2026/05/20;1400 UTC;0;953,7;953,8;953,7;1423,6;8,9;6,8;10,3;7,9;7,5;6;97;80;90;212;2;1,1;
2026/05/20;1500 UTC;0;953,8;953,9;953,7;2123;12,2;5,4;13,4;10,5;6,6;3,6;80;52;66;232;3,4;1,2;
2026/05/20;1600 UTC;0;953,6;953,9;953,4;1776,5;14,1;5;14,8;13,2;6,1;3,5;62;49;55;296;5,1;2,3;
2026/05/20;1700 UTC;0;953,2;953,4;952,8;1814,1;14,9;5,1;15,9;14,2;5,8;4,6;57;46;51;285;5,1;2,4;
2026/05/20;1800 UTC;0;952,3;952,3;952,3;1237,7;16,2;4,5;16,3;16,1;4,8;4;43;40;41;270;5;2,5;
2026/05/20;1900 UTC;;;;;;;;;;;;;;;;;;
2026/05/20;2000 UTC;0;952,3;952,4;952,2;367,9;15,2;2,9;16,1;14,4;3,9;2,3;41;35;38;275;4;1,8;
2026/05/20;2100 UTC;0;952,3;952,3;952,2;0;12,9;2,8;14,6;11,1;3,3;2,6;59;41;49;294;1,9;,9;
2026/05/20;2200 UTC;0;952,5;952,7;952,2;0;10;3,2;11,1;9,1;3,6;2,8;72;59;66;249;1,7;,9;
2026/05/20;2300 UTC;;;;;;;;;;;;;;;;;;
2026/05/21;0000 UTC;;;;;;;;;;;;;;;;;;
2026/05/21;0100 UTC;0;953,2;953,3;953,1;0;7,1;,7;7,6;6;3,2;3,1;88;78;81;180;,6;,3;
2026/05/21;0200 UTC;0;953,3;953,5;953,2;0;5,6;3,7;5,9;5,4;3,8;3,5;92;88;90;112;,6;,2;
2026/05/21;0300 UTC;;;;;;;;;;;;;;;;;;
2026/05/21;0400 UTC;;;;;;;;;;;;;;;;;;
2026/05/21;0500 UTC;;;;;;;;;;;;;;;;;;
2026/05/21;0600 UTC;;;;;;;;;;;;;;;;;;
2026/05/21;0700 UTC;0;952,9;953;952,8;0;2,9;2,9;3,2;2,6;3,2;2,5;100;99;100;144;,5;,2;
2026/05/21;0800 UTC;0;952,7;952,8;952,7;0;2,1;2;2,5;1,8;2,6;1,7;100;99;100;232;,5;,3;
2026/05/21;0900 UTC;0;952,8;952,9;952,7;0;1,9;1,9;2,3;1,5;2,3;1,2;100;99;100;90;,7;,3;
2026/05/21;1000 UTC;0;953,2;953,6;952,9;0;1,5;1,5;1,8;1,1;1,9;,9;100;99;100;213;,7;,2;
2026/05/21;1100 UTC;0;953,9;954,3;953,5;50,5;1,2;1,2;1,5;,9;1,5;,9;100;99;100;282;,6;,2;
2026/05/21;1200 UTC;0;954,7;954,9;954,4;367,6;3,2;2,9;4,8;1,6;4,1;1,4;100;95;99;185;1,1;,4;
2026/05/21;1300 UTC;0;;955;954,9;0;6,4;,3;7,7;4,9;4,3;4,1;97;90;93;155;1,7;,7;
2026/05/21;1400 UTC;0;955,8;955,8;954,9;788,2;8,3;5,2;9,2;7,6;5,8;4,7;90;78;84;171;3,1;1,4;
2026/05/21;1500 UTC;0;955,6;955,8;955,4;816;9,5;4,9;10,3;9;5,5;4,4;80;72;77;172;2;,8;
2026/05/21;1600 UTC;0;955,2;955,4;954,9;1372,9;11,4;4,8;13,2;9,8;5,4;4,4;75;58;67;162;2,5;1;
2026/05/21;1700 UTC;0;954,7;954,9;954,4;1593,3;13,2;5,1;14,5;12,5;5,9;4,3;64;54;59;112;3,2;1,1;
2026/05/21;1800 UTC;0;954,3;954,4;954,1;1266,1;13,7;5,3;14,6;12,8;5,9;4,6;62;52;58;170;4,1;1,5;
2026/05/21;1900 UTC;;;;;;;;;;;;;;;;;;
2026/05/21;2000 UTC;0;953,9;954;953,7;377,9;12,1;4,9;13,1;10,9;5,4;4,5;69;60;64;167;5,7;2,7;
2026/05/21;2100 UTC;0;954,1;954,1;954,1;0;8,4;4,4;8,4;8,3;4,5;4,3;81;80;80;129;2,4;1,1;
2026/05/21;2200 UTC;0;954,1;954,2;954;0;7,7;4,2;8,3;7,2;4,5;3,9;85;80;82;59;1,4;,7;
2026/05/21;2300 UTC;0;954,5;954,8;954,2;0;6,7;4;7,2;6,3;4,1;3,8;89;83;86;106;1;,4;
2026/05/22;0000 UTC;;;;;;;;;;;;;;;;;;
2026/05/22;0100 UTC;0;954,9;955;954,8;0;5,2;4,1;5,5;4,7;4,3;3,8;97;92;95;151;3,2;,5;
2026/05/22;0200 UTC;0;954,7;954,8;954,7;0;4,4;4,1;4,5;4,4;4,2;4,1;99;98;98;121;,9;,4;
2026/05/22;0300 UTC;0;954,7;954,8;954,6;0;4,2;4;4,4;3,9;4,2;3,9;100;99;99;226;,5;,2;
2026/05/22;0400 UTC;0;954,3;954,7;954,1;0;4;4;4,1;3,7;4,2;3,6;100;99;100;217;,5;,1;
2026/05/22;0500 UTC;0;954;954;954;0;3,9;3,9;4;3,8;4;3,8;100;100;100;95;,6;,3;
2026/05/22;0600 UTC;0;954;954,1;953,8;0;3,9;3,8;4,1;3,6;4,2;3,4;100;99;100;75;1;,4;
2026/05/22;0700 UTC;0;953,9;954;953,9;0;3,3;3,3;3,4;3,2;3,4;3,2;100;100;100;75;1,4;,6;
2026/05/22;0800 UTC;0;953,7;954,1;953,4;0;4,4;3;;2,8;3,3;2,9;100;100;100;100;,9;,3;
2026/05/22;0900 UTC;0;953,3;953,5;953,2;0;2,6;2,7;2,8;2,5;2,9;2,6;100;100;100;115;,6;,3;
2026/05/22;1000 UTC;0;953,6;953,9;953,4;0;2,7;2,7;2,8;2,4;2,9;2,5;100;100;100;44;,6;,3;
2026/05/22;1100 UTC;0;953,9;954;953,8;65;2,9;2,9;3,1;2,8;3,2;2,8;100;100;100;182;,8;,3;
2026/05/22;1200 UTC;0;;;;;;;;;;;;;;;;;
2026/05/22;1300 UTC;0;938,7;954,7;;525,3;5,7;5,2;7,1;4,2;6,1;4,2;100;93;97;175;1;,5;
2026/05/22;1400 UTC;0;954,6;954,8;954,4;881,9;8,3;6,1;9,3;7,1;6,8;5,4;93;85;89;155;1,7;,7;
2026/05/22;1500 UTC;0;954,3;954,5;954;1145,2;10,2;6,6;11,4;9,2;7,5;6,2;88;77;82;174;2,6;,8;
2026/05/22;1600 UTC;0;953,9;954,2;953,5;1201,3;12,2;7,3;12,9;11,5;7,8;6,8;79;73;76;141;2,2;1;
2026/05/22;1700 UTC;0;953,1;953,4;952,9;674,2;12,9;8,1;13,4;12,3;8,5;7,5;80;73;76;155;2,3;,8;
2026/05/22;1800 UTC;0;953,1;953,2;952,9;457,9;12,3;8,3;12,5;12;8,6;8;83;79;80;199;1,4;,5;
2026/05/22;1900 UTC;0;953,1;953,3;952,9;131,5;11,6;8,4;12;11,3;8,8;8,1;87;81;84;194;1,3;,6;
2026/05/22;2000 UTC;0;953,3;953,4;953;45,6;11,1;9;11,3;10,6;9,7;8,6;95;87;90;136;1,2;,3;
2026/05/22;2100 UTC;,2;953,6;953,7;953,4;,3;10,3;9,5;10,6;10;9,7;9,3;98;94;96;173;1,2;,3;
2026/05/22;2200 UTC;;;;;;;;;;;;;;;;;;
2026/05/22;2300 UTC;;;;;;;;;;;;;;;;;;
2026/05/23;0000 UTC;2;954,4;954,6;954,2;0;9,8;9,9;9,8;9,7;9,9;9,8;100;100;100;187;1,1;,4;
2026/05/23;0100 UTC;,2;954,9;955;954,8;0;10;10,1;10;10;10,1;10,1;100;100;100;151;1,9;1,2;
2026/05/23;0200 UTC;2,2;954,7;954,9;954,4;0;10,1;10,1;10,1;10;10,2;10,1;100;100;100;187;1,1;,5;
2026/05/23;0300 UTC;0;954,3;954,5;954,1;0;10;11,4;10,1;9,8;;9,8;100;100;100;175;1;,2;
2026/05/23;0400 UTC;0;953,9;954,1;953,7;0;9,8;9,8;9,8;9,7;9,9;9,8;100;100;100;121;,4;,1;
2026/05/23;0500 UTC;0;953,7;953,7;953,7;0;9,8;9,9;9,9;9,8;9,9;9,9;100;100;100;109;1,4;,6;
2026/05/23;0600 UTC;;;;;;;;;;;;;;;;;;
2026/05/23;0700 UTC;;;;;;;;;;;;;;;;;;
2026/05/23;0800 UTC;;;;;;;;;;;;;;;;;;
2026/05/23;0900 UTC;;;;;;;;;;;;;;;;;;
2026/05/23;1000 UTC;0;953,5;953,6;953,3;0;9,1;9;9,2;9,1;9,3;-,1;100;100;100;183;,6;,4;
2026/05/23;1100 UTC;;;;;;;;;;;;;;;;;;
2026/05/23;1200 UTC;0;953,5;953,6;953,5;201,1;9,9;9,9;10,2;9,5;10,3;9,5;100;100;100;197;,8;,2;
2026/05/23;1300 UTC;;;;;;;;;;;;;;;;;;
2026/05/23;1400 UTC;0;953,9;954;953,8;445,6;11,3;10,1;11,6;10,8;10,5;9,6;97;92;94;138;2,1;1;
2026/05/23;1500 UTC;0;953,6;953,8;953,4;640,3;11,7;9,9;12,2;11,4;10,6;9,4;94;87;91;165;2;,9;
2026/05/23;1600 UTC;0;953,1;953,4;952,8;800;12,6;10,2;12,9;12,1;10,9;9,8;92;86;88;147;2,5;1,1;
2026/05/23;1700 UTC;0;952,5;952,8;952,1;713,2;13,2;10,5;13,7;12,9;11,2;10;88;84;86;148;2,2;,8;
2026/05/23;1800 UTC;0;952;952,1;951,9;569,9;13,9;10,8;14,2;13,7;11,2;10,3;87;81;84;144;2,9;1;
2026/05/23;1900 UTC;0;951,8;951,9;951,7;306,2;13,7;11,1;14;13,4;11,8;10,5;92;84;87;136;1,5;,7;
2026/05/23;2000 UTC;0;951,7;951,8;951,6;137,1;13,5;11,6;13,5;13,4;12;11,1;93;88;91;168;,6;,2;
2026/05/23;2100 UTC;0;951,7;951,8;951,7;28,9;13,1;11,7;13,4;12,5;12;11,5;95;91;93;76;,6;,3;
2026/05/23;2200 UTC;0;951,9;952;951,7;0;12,6;11,3;12,7;12,3;11,7;10,9;97;91;94;145;2,4;1,1;
2026/05/23;2300 UTC;0;951,9;952;951,8;0;12,4;11,3;12,5;12,2;11,4;11;96;92;95;146;1,7;,7;
2026/05/24;0000 UTC;0;952,1;952,2;951,9;0;12,2;11,5;12,3;12,2;11,6;11,4;97;96;96;148;2,2;,9;
2026/05/24;0100 UTC;0;952;952,2;951,8;0;12,3;11,6;12,3;12,3;11,8;11,5;98;96;97;239;2,1;,5;
2026/05/24;0200 UTC;0;951,8;951,8;951,7;0;12,2;11,8;12,3;12,2;11,9;11,8;99;98;98;211;1;,3;
2026/05/24;0300 UTC;0;951,7;951,8;951,6;0;12,2;11,9;12,2;12,2;12;11,9;99;98;99;194;1,3;,4;
2026/05/24;0400 UTC;0;951,4;951,6;951,3;0;12,2;11,9;12,2;12,2;12;11,8;;;;153;1,6;,8;
2026/05/24;0500 UTC;0;951,3;951,3;951,1;0;12,2;11,9;12,2;12,2;12;11,8;99;98;98;176;1,1;,5;
2026/05/24;0600 UTC;0;950,9;951,1;950,8;0;12,2;11,8;12,2;12,2;12;11,7;99;97;98;153;2,3;1,1;
2026/05/24;0700 UTC;0;950,7;950,8;950,6;0;12,1;11,7;12,2;12;11,8;11,6;98;98;98;152;3,2;1,4;
2026/05/24;0800 UTC;0;950,4;950,5;950,2;0;11,9;11,6;12;11,8;11,7;11,5;99;98;99;154;2,2;1;
2026/05/24;0900 UTC;0;950,4;950,6;950,3;0;11,7;11,6;11,8;11,6;11,7;11,5;100;99;99;160;2,7;1,1;
2026/05/24;1000 UTC;0;950,8;951;950,6;0;11,6;11,5;11,6;11,5;11,6;11,4;100;99;100;148;2;,6;
2026/05/24;1100 UTC;0;951,3;951,5;951;19;11,6;11,4;11,7;11,5;11,5;11,2;99;98;99;194;1,3;,3;
2026/05/24;1200 UTC;0;951,7;951,8;951,5;143,3;11,9;11;12,1;11,7;11,3;10,5;98;93;96;191;1;,5;
2026/05/24;1300 UTC;0;951,9;952,1;951,8;339,4;12,4;10,8;12,7;12,1;11,1;10,4;94;90;92;150;3,7;1,2;
2026/05/24;1400 UTC;0;952;952,1;951,9;661,4;12,9;10,8;13,2;12,6;11,4;10,3;92;86;89;176;2,1;,9;
2026/05/24;1500 UTC;0;951,7;;;;14,6;11;;;;;;;82;210;1,4;,8;
2026/05/24;1600 UTC;0;951;951,2;950,7;1781,1;16,9;11,4;18,3;15,8;12,1;10,6;78;66;73;147;4,1;1,2;
2026/05/24;1700 UTC;0;950,4;950,7;950,1;1611,4;18,1;11,9;19;17,1;12,5;11,2;73;65;69;151;2,5;,8;
2026/05/24;1800 UTC;0;950,1;950,2;950;1261;19,2;12;19,8;18,4;12,6;11,5;71;60;64;167;4,7;2,1;
2026/05/24;1900 UTC;;;;;;;;;;;;;;;;;;
2026/05/24;2000 UTC;0;949,6;949,8;949,5;384,6;17,8;12,3;19,1;17,3;12,7;12;75;67;72;158;2,9;1,2;
2026/05/24;2100 UTC;0;949,6;949,8;949,4;36,8;15,8;12,3;17,3;14,4;12,5;12;89;75;83;142;2,4;,9;
2026/05/24;2200 UTC;;;;;;;;;;;;;;;;;;
2026/05/24;2300 UTC;0;950,3;950,5;950,2;0;13,9;12,5;13,9;13,9;12,7;12,3;94;92;93;136;2,2;,8;
2026/05/25;0000 UTC;0;950,3;950,4;950,1;0;13,8;12,7;13,9;13,8;12,8;12,5;95;93;94;163;1,5;,4;
2026/05/25;0100 UTC;0;950,3;950,4;950,2;0;13,6;12,7;13,7;13,5;12,8;12,6;96;95;96;158;1,8;,5;
2026/05/25;0200 UTC;0;950,2;950,3;950,1;0;13,3;12,6;13,5;13;12,8;12,4;98;96;97;191;1,2;,3;
2026/05/25;0300 UTC;0;950,1;950,2;949,9;0;12,6;12,2;13;12,1;12,5;11,8;100;97;98;229;,8;,3;
2026/05/25;0400 UTC;0;949,7;950;949,5;0;11,8;11,8;12,1;11,6;12;11,6;100;99;100;190;1,6;,5;
2026/05/25;0500 UTC;0;949,6;949,7;949,4;0;11,6;11,6;11,7;11,3;11,8;11,4;100;100;100;155;,9;,6;
2026/05/25;0600 UTC;0;949,1;949,5;948,8;0;11;11,1;11,3;10,8;11,4;10,9;100;100;100;136;,9;,5;
2026/05/25;0700 UTC;0;948,7;948,8;948,7;0;11;11,1;11,2;10,8;11,2;10,9;100;100;100;147;1,3;,6;
2026/05/25;0800 UTC;0;948,5;948,7;948,4;0;12;11,7;12,6;11,1;12;11,2;100;96;98;139;1,9;1,1;
2026/05/25;0900 UTC;0;948,6;948,8;948,3;0;11,5;11;12,6;10,7;11,8;10,4;100;94;97;176;,4;,2;
2026/05/25;1000 UTC;0;949,3;949,7;948,8;0;11,1;11,1;11,5;10,7;11,6;10,6;100;99;100;119;,8;,4;
2026/05/25;1100 UTC;0;949,8;949,9;949,7;37,8;12,2;11,8;12,5;11,5;11,9;11,5;100;97;98;151;1,6;,7;
2026/05/25;1200 UTC;0;950,3;950,7;949,8;228,4;13;12,2;13,7;12,4;12,5;11,9;98;93;96;188;1,7;,8;
2026/05/25;1300 UTC;;;;;;;;;;;;;;;;;;
2026/05/25;1400 UTC;0;951;951,1;950,8;471,9;17,4;14,3;17,7;17,3;14,8;14;87;83;84;141;1,6;,5;
2026/05/25;1500 UTC;0;950,9;951,1;950,8;153,1;17,2;14,4;17,7;16,7;14,8;14,1;90;82;86;134;1,3;,6;
2026/05/25;1600 UTC;2,4;950,8;951,1;950,4;90,3;15,9;15,2;16,7;15,5;15,6;14,6;100;90;96;259;1,7;,7;
2026/05/25;1700 UTC;1,4;950,4;950,8;950,1;339,2;15,8;15,6;16,2;15,6;16,1;15;100;96;99;190;1;,3;
2026/05/25;1800 UTC;0;949,4;950,1;949;351,9;16,2;15,9;16,5;15,8;16,1;15,6;100;95;98;173;1,4;,4;
2026/05/25;1900 UTC;;;;;;;;;;;;;;;;;;
2026/05/25;2000 UTC;;;;;;;;;;;;;;;;;;
2026/05/25;2100 UTC;;;;;;;;;;;;;;;;;;
2026/05/25;2200 UTC;,2;949,3;949,4;949,1;0;15,6;15,7;15,7;15,6;15,7;15,6;100;100;100;103;1,2;,6;
2026/05/25;2300 UTC;;;;;;;;;;;;;;;;;;
2026/05/26;0000 UTC;1;949;949,8;948,3;0;15,7;15,7;15,8;15,5;15,8;15,5;100;100;100;202;3,1;1;
2026/05/26;0100 UTC;0;949,6;949,6;949,5;0;16,2;15,9;16,2;16,2;15,9;15,8;99;98;98;211;2,3;1,4;
2026/05/26;0200 UTC;,6;949,8;950;949,4;0;16,2;15,9;16,3;16,1;15,9;15,8;99;98;98;110;3,9;1;
2026/05/26;0300 UTC;0;949,3;949,7;949,1;0;16,2;15,7;16,4;16;15,8;15,5;98;97;;134;2,1;,8;
2026/05/26;0400 UTC;0;948,7;949,1;948,3;0;15,5;15,3;16;15;15,6;14,9;100;98;99;127;1,4;,4;
2026/05/26;0500 UTC;0;948,2;948,5;948;0;15;14,8;15,3;14,7;15;14,7;100;97;99;124;3,1;,7;
2026/05/26;0600 UTC;,2;933,9;948,5;;0;15,9;14,7;16,5;15,3;15;14,4;97;91;94;121;6,6;2,2;
2026/05/26;0700 UTC;7,4;947,9;949,4;946,7;0;15,9;15,1;16,4;15,4;15,4;14,7;100;92;96;152;2,5;1,2;
2026/05/26;0800 UTC;,4;947,6;948;946,9;0;15,4;15,4;15,4;15,3;15,4;15,4;100;100;100;153;2,6;1,3;
2026/05/26;0900 UTC;1,4;948,2;948,5;947,3;0;15,3;15,4;15,3;15,2;15,4;15,3;100;100;100;0;,8;,2;
2026/05/26;1000 UTC;1,8;948,6;948,9;948,2;0;15,2;15,3;15,3;15,2;15,4;15,3;100;100;100;103;1,2;,6;
2026/05/26;1100 UTC;1;948,9;949,3;948,7;21,8;15,4;15,5;15,7;15,2;15,7;15,3;100;100;100;58;1,5;,3;
2026/05/26;1200 UTC;;;;;;;;;;;;;;;;;;
2026/05/26;1300 UTC;;;;;;;;;;;;;;;;;;
2026/05/26;1400 UTC;;;;;;;;;;;;;;;;;;
2026/05/26;1500 UTC;;;;;;;;;;;;;;;;;;
2026/05/26;1600 UTC;;;;;;;;;;;;;;;;;;
2026/05/26;1700 UTC;;;;;;;;;;;;;;;;;;
2026/05/26;1800 UTC;;;;;;;;;;;;;;;;;;
2026/05/26;1900 UTC;;;;;;;;;;;;;;;;;;
2026/05/26;2000 UTC;;;;;;;;;;;;;;;;;;
2026/05/26;2100 UTC;0;948,8;948,9;948,6;6;16,7;16,4;16,8;16,6;16,5;16,3;99;98;98;255;4,2;2;
2026/05/26;2200 UTC;0;949,1;949,4;948,9;0;16,5;16,2;16,6;16,3;16,4;15,9;99;97;99;240;2,1;,8;
2026/05/26;2300 UTC;;;;;;;;;;;;;;;;;;
2026/05/27;0000 UTC;0;950,4;950,6;950;0;15,1;14,9;15,2;15;15,1;14,6;100;98;99;168;3,4;,9;
2026/05/27;0100 UTC;0;950,8;950,9;950,6;0;14,9;14,6;15;14,7;14,7;14,4;100;97;99;118;,8;,3;
2026/05/27;0200 UTC;0;951;951,1;950,9;0;14,7;14,6;14,8;14,6;14,8;14,5;100;99;100;144;,8;,3;
2026/05/27;0300 UTC;0;951,2;951,3;951,1;0;14,5;14,3;14,6;14,3;14,7;13,8;100;97;99;157;3,3;1,2;
2026/05/27;0400 UTC;0;951;951,2;950,8;0;14,1;13,8;14,3;13,9;14;13,6;100;97;98;146;3;1,5;
2026/05/27;0500 UTC;0;950,7;950,8;950,5;0;13,8;13,7;13,9;13,6;13,8;13,5;100;99;100;136;1,9;,5;
2026/05/27;0600 UTC;0;950,4;950,5;950,4;0;13,6;13,5;13,6;13,5;13,6;13,2;100;98;99;148;1,6;,6;
2026/05/27;0700 UTC;0;950,4;950,4;950,3;0;13,5;13,1;13,6;13,3;13,5;12,7;100;97;98;129;3,2;,8;
2026/05/27;0800 UTC;0;950,4;950,4;950,3;0;13,3;12,7;13,3;13,2;13,1;12,2;99;94;97;160;2;,8;
2026/05/27;0900 UTC;0;950,6;950,8;950,4;0;13,1;12,7;13,2;13,1;12,9;12,3;99;96;98;170;1;,4;
2026/05/27;1000 UTC;;;;;;;;;;;;;;;;;;
2026/05/27;1100 UTC;0;951,9;951,9;951,8;109,5;13,3;12,7;13,3;13,2;12,8;12,6;97;97;97;144;2,8;1,1;
2026/05/27;1200 UTC;0;952,2;952,5;951,9;265,4;13,6;13;13,9;13,4;13,3;12,6;99;94;97;183;2,2;,8;
2026/05/27;1300 UTC;0;952,6;952,7;952,5;475,6;13,9;12,2;14,2;13,9;12,6;11,7;94;89;91;153;2,7;1,1;
2026/05/27;1400 UTC;0;952,8;953;952,7;856,6;15,2;12,2;16;14,2;12,9;11,6;92;80;85;158;4,6;2,6;
2026/05/27;1500 UTC;0;952,9;953;952,8;1006,8;15,9;12,1;16,1;15,6;13;11,2;86;75;81;144;3,8;1,6;
2026/05/27;1600 UTC;0;952,6;952,8;952,3;1164,3;16,4;11,6;16,8;16;12,2;10,9;80;71;76;151;3,2;1,1;
2026/05/27;1700 UTC;0;951,9;952,3;951,5;1116,8;17;11,2;18,1;16,4;12,2;10,5;77;65;71;144;3,3;,9;
2026/05/27;1800 UTC;0;951,2;951,5;951;1392,2;18;11,4;18,8;17,4;12,5;10,7;71;62;67;162;5;1,6;
2026/05/27;1900 UTC;;;;;;;;;;;;;;;;;;
2026/05/27;2000 UTC;0;951,2;951,3;951,1;222,7;16,8;11,4;17,2;16,4;12;10,8;76;69;73;166;3,8;2,2;
2026/05/27;2100 UTC;0;951,3;951,3;951,2;51,5;15,7;11,6;16,7;14,6;11,8;11,4;84;74;80;155;3,1;1,5;
2026/05/27;2200 UTC;0;951,3;951,4;951,2;0;14;11,2;14,6;13,2;11,5;10,9;90;83;86;75;1,6;,6;
2026/05/27;2300 UTC;0;951,5;951,6;951,4;0;12,6;11,1;13,2;12;11,3;10,9;96;89;92;100;,9;,3;
2026/05/28;0000 UTC;0;951,6;951,7;951,5;0;11,4;10,9;12;10,9;11,3;10,3;100;95;98;162;,4;,1;
2026/05/28;0100 UTC;0;951,6;951,6;951,5;0;10,2;10,1;10,6;9,8;10,6;9,6;100;98;100;147;1;,4;
2026/05/28;0200 UTC;0;951,5;951,6;951,4;0;9,8;9,8;10,2;9,4;10,3;9,5;100;100;100;276;,7;,3;
2026/05/28;0300 UTC;0;951,3;951,4;951,2;0;9,1;9,2;9,6;8,6;9,7;8,7;100;100;100;227;,5;,2;
2026/05/28;0400 UTC;;;;;;;;;;;;;;;;;;
2026/05/28;0500 UTC;;;;;;;;;;;;;;;;;;
2026/05/28;0600 UTC;;;;;;;;;;;;;;;;;;
2026/05/28;0700 UTC;;;;;;;;;;;;;;;;;;
2026/05/28;0800 UTC;;;;;;;;;;;;;;;;;;
2026/05/28;0900 UTC;;;;;;;;;;;;;;;;;;
2026/05/28;1000 UTC;0;950,2;950,2;950,2;0;6,2;6,3;6,6;6;6,7;6;100;100;100;276;1,1;,7;
2026/05/28;1100 UTC;0;951;951;951;154,7;6,7;6,7;6,8;6,5;6,8;6,6;100;100;100;178;1,1;,5;
2026/05/28;1200 UTC;,2;951;;;;8,5;8,5;;;;;;;100;182;;,3;
2026/05/28;1300 UTC;;;;;;;;;;;;;;;;;;
2026/05/28;1400 UTC;0;951,5;951,6;951,5;2175,6;15,6;11,7;15,7;15,5;12,1;11,3;83;79;81;159;2,5;1,3;
2026/05/28;1500 UTC;;;;;;;;;;;;;;;;;;
2026/05/28;1600 UTC;0;951,2;951,4;951;2268,7;19,2;12,1;20,1;18,3;12,9;11,3;69;58;64;264;2,4;1;
2026/05/28;1700 UTC;0;950,6;951;950,2;2123,7;20,8;12,7;21,6;19,8;13,4;12,1;64;56;59;235;3,4;1,3;
2026/05/28;1800 UTC;;;;;;;;;;;;;;;;;;
2026/05/28;1900 UTC;;;;;;;;;;;;;;;;;;
2026/05/28;2000 UTC;0;949,5;949,5;949,4;0;21,2;13,3;22,1;19,7;13,8;12,6;67;56;61;116;1,9;,8;
2026/05/28;2100 UTC;0;949,6;949,7;949,5;23,3;18,2;13,2;19,7;16,9;13,6;12,9;80;66;75;150;4;1,9;
2026/05/28;2200 UTC;0;950;950,3;949,7;0;15,8;13,1;16,9;15,1;13,3;12,9;89;81;86;123;,5;,2;
2026/05/28;2300 UTC;0;950,4;950,5;950,3;0;14,5;12,9;15;13,9;13;12,7;94;89;92;124;,5;,2;
2026/05/29;0000 UTC;0;950,7;950,8;950,5;0;13,5;12,8;13,9;13,1;13;12,5;98;95;97;208;1,3;,5;
2026/05/29;0100 UTC;0;950,9;951;950,9;0;12,7;12,5;13;12,5;12,7;12,3;100;97;99;152;3,6;1,1;
2026/05/29;0200 UTC;0;935,2;951,2;;0;12,4;12,5;12,5;12,3;12,6;12,4;100;100;100;176;1;,4;
2026/05/29;0300 UTC;0;951,3;951,4;951,2;0;12,2;12,3;12,3;12,1;12,4;12,2;100;100;100;151;1,5;,7;
2026/05/29;0400 UTC;0;951,2;951,3;951,1;0;12,3;12,4;12,4;12,2;12,4;12,3;100;100;100;148;2,4;,8;
2026/05/29;0500 UTC;0;951;951,1;950,8;0;12,2;12,3;12,3;12,2;12,3;12,2;100;100;100;163;1,4;,6;
2026/05/29;0600 UTC;0;950,8;950,9;950,7;0;12,2;12,3;12,2;12,1;12,3;12,2;100;100;100;209;1;,4;
2026/05/29;0700 UTC;0;950,6;950,8;950,4;0;12,2;12,3;12,2;12,1;12,3;12,2;100;100;100;172;,8;,3;
2026/05/29;0800 UTC;0;950,3;950,4;950,2;0;12,3;12,3;12,3;12,2;12,4;12,3;100;100;100;150;,6;,3;
2026/05/29;0900 UTC;0;950,3;950,5;950,2;0;12,1;12,2;12,3;12;12,4;12;100;100;100;162;1;,3;
2026/05/29;1000 UTC;0;950,9;950,9;950,9;0;11,7;11,6;11,7;11,7;11,6;11,6;100;100;100;155;,9;,3;
2026/05/29;1100 UTC;0;951;951,2;950,9;22,6;11,6;11,6;11,7;11,5;11,8;11,5;100;100;100;162;,9;,4;
2026/05/29;1200 UTC;0;951,5;951,7;951;241;11,5;11,3;11,6;11,4;11,6;11,1;100;98;99;147;1,4;,4;
2026/05/29;1300 UTC;0;951,9;952,2;951,6;506,6;12,2;11,3;13;11,5;11,6;11;99;90;95;206;1,6;,7;
2026/05/29;1400 UTC;0;952,2;952,4;951,9;1046,9;14,3;11,5;16,2;13,1;12,3;10,9;93;79;86;190;;1,5;
2026/05/29;1500 UTC;0;;;;1689,7;16,4;11,9;17;15,9;12,3;11,5;81;74;78;;;;
2026/05/29;1600 UTC;0;;;;1214;16,5;12,4;17;15,8;13,1;11,9;83;77;80;;;;
2026/05/29;1700 UTC;0;950,6;950,9;950,1;691,5;16,4;12,8;16,7;16,1;13,2;12,4;84;80;82;171;1,6;,7;
2026/05/29;1800 UTC;0;950;950,1;949,8;909;17,1;13,1;17,7;16,4;13,5;12,7;83;77;80;151;2,9;1,3;
2026/05/29;1900 UTC;;;;;;;;;;;;;;;;;;
2026/05/29;2000 UTC;0;949,9;949,9;949,8;181,8;16,4;13,6;16,7;15,8;13,8;13,3;89;84;86;169;3,4;1,2;
2026/05/29;2100 UTC;0;949,9;950;949,8;11,4;15,2;13,3;15,8;14,9;13,5;13,2;92;88;91;134;,9;,5;
2026/05/29;2200 UTC;,2;950,3;950,7;950;0;14,5;13,3;14,9;14,1;13,6;13;97;92;94;162;1,9;,9;
2026/05/29;2300 UTC;4;951;951,2;950,7;0;13,8;13,6;14,1;13,7;13,7;13,3;100;96;99;139;1,2;,5;
2026/05/30;0000 UTC;4;951,1;951,2;951,1;0;13,5;13,4;13,7;13,3;13,6;13,3;100;99;100;128;2;,7;
2026/05/30;0100 UTC;;;;;;;;;;;;;;;;;;
2026/05/30;0200 UTC;4,2;951,3;951,4;951,2;0;13,2;13,2;13,2;13,2;13,3;13,1;100;100;100;117;,8;,4;
2026/05/30;0300 UTC;3,6;951,5;951,6;951,4;0;13,2;13,3;13,3;13,2;13,4;13,2;100;100;100;131;,9;,3;
2026/05/30;0400 UTC;2,6;951,4;951,5;951,2;0;13,1;13,2;13,2;13,1;13,3;13,2;100;100;100;216;,8;,2;
2026/05/30;0500 UTC;;;;;;;;;;;;;;;;;;
2026/05/30;0600 UTC;0;950,8;951;950,3;0;13,1;13,1;13,2;12,9;13,3;13;100;100;100;186;,9;,3;
2026/05/30;0700 UTC;0;950,3;950,3;950,3;0;13,3;13,4;13,3;13,3;13,4;13,3;100;100;100;234;1,3;,4;
2026/05/30;0800 UTC;0;950,2;950,3;950,2;0;13,3;13,4;13,4;13,3;13,5;13,3;100;100;100;134;1;,4;
2026/05/30;0900 UTC;0;950,2;950,2;950,2;0;13,2;13,2;13,2;13,1;13,3;13,1;100;99;100;94;,9;,3;
2026/05/30;1000 UTC;0;950,2;950,2;950,2;0;13,2;13;13,2;13,1;13,2;12,9;100;99;99;115;,9;,6;
2026/05/30;1100 UTC;0;951,6;951,6;951,6;162,4;13,4;12,9;13,4;13,4;13;12,9;98;97;98;141;2,4;,8;
2026/05/30;1200 UTC;0;951,8;952;951,6;235,7;14;13,2;14,2;13,5;13,6;12,8;98;93;96;111;2,4;,7;
2026/05/30;1300 UTC;0;952,3;952,5;952;408,3;14,6;13,4;15,5;14,2;14,2;12,9;97;89;94;305;2;,9;
2026/05/30;1400 UTC;0;952,4;952,6;952,4;818,2;16,5;14,2;17,2;15,8;14,7;13,7;92;85;88;279;2,8;1,3;
2026/05/30;1500 UTC;0;952,4;952,6;952,2;884,3;17,2;14,4;17,6;16,9;15,2;13,7;91;82;86;226;1,9;,6;
2026/05/30;1600 UTC;0;952;952,2;951,8;961;18;14,7;18,2;17,5;15,4;14,1;87;80;84;270;4;2,4;
2026/05/30;1700 UTC;0;951,4;951,8;951,2;1155,2;18,3;14,8;19,3;17,7;16,1;14;88;75;82;221;2,8;1;
2026/05/30;1800 UTC;0;951;951,2;950,9;1664,1;19,8;14,7;20,7;19;15,5;14,2;83;68;75;156;2,2;1;
2026/05/30;1900 UTC;0;950,7;951;950,5;611,4;19,1;14,4;20,1;18,2;15,1;13,6;83;70;77;153;1,9;,7;
2026/05/30;2000 UTC;0;950,6;950,6;950,5;102,9;19;14,9;19,1;18,9;15,2;14,6;81;78;80;250;2,4;1,3;
2026/05/30;2100 UTC;;;;;;;;;;;;;;;;;;
2026/05/30;2200 UTC;0;950,9;951,1;950,8;0;16,2;15,1;16,3;16;15,2;14,9;95;94;94;254;3,8;1,5;
2026/05/30;2300 UTC;;;;;;;;;;;;;;;;;;
2026/05/31;0000 UTC;0;951,3;951,3;951,2;0;15,1;14,5;15,5;14,8;14,7;14,3;99;95;97;260;1;,6;
2026/05/31;0100 UTC;0;951,1;951,2;951;0;14,6;0;14,9;14,1;;;100;98;99;166;,7;,5;
2026/05/31;0200 UTC;0;951,2;951,3;951,1;0;13,8;13,8;14,2;13,4;14,3;13,5;100;100;100;309;,8;,5;
2026/05/31;0300 UTC;0;951,2;951,3;951,1;0;13,6;13,7;13,8;13,4;13,9;13,5;100;100;100;217;,5;,1;
2026/05/31;0400 UTC;0;951;951,1;950,9;0;14;14;14,1;13,7;14,2;13,7;100;100;100;177;,5;,3;
2026/05/31;0500 UTC;0;951,1;951,2;951;0;14,2;14,3;14,3;14,1;14,4;14,2;100;100;100;101;,6;,2;
2026/05/31;0600 UTC;0;950,8;951;950,6;0;14,3;14,4;14,4;14,2;14,4;14,3;100;100;100;92;1;,4;
2026/05/31;0700 UTC;0;950,6;950,7;950,5;0;14,2;14,3;14,2;14,2;14,3;14,2;100;100;100;189;,8;,2;
2026/05/31;0800 UTC;0;950,5;950,6;950,3;0;14,2;14,2;14,2;14,1;14,3;14,2;100;100;100;105;1,1;,3;
2026/05/31;0900 UTC;0;950,4;950,7;950,3;0;14,1;14,2;14,2;14,1;14,3;14,2;100;100;100;97;,8;,3;
2026/05/31;1000 UTC;0;950,9;951,1;950,6;0;14,1;14,1;14,2;14;14,2;14,1;100;100;100;120;,8;,2;
2026/05/31;1100 UTC;0;951,4;951,7;951,1;28;14,1;14,2;14,2;14;14,2;14,1;100;100;100;271;1,6;,7;
2026/05/31;1200 UTC;0;951,9;952,2;951,7;160,7;14,3;14,4;14,5;14,1;14,6;14,2;100;100;100;305;1,2;,6;
2026/05/31;1300 UTC;0;952,5;;;;14,8;14,6;;;;;;;99;196;,8;,5;
2026/05/31;1400 UTC;0;952,4;952,6;952,3;372,6;15,7;14,7;16;15,5;15,1;14,3;97;93;95;86;1,9;,6;
2026/05/31;1500 UTC;0;952;952,3;951,8;1213,1;17,1;13,9;18,3;16;15;12,9;95;76;84;222;2,4;,5;
2026/05/31;1600 UTC;0;951,5;951,8;951,2;1284;18,4;13,5;19,7;17,6;14,2;13;81;68;76;281;4,8;1,8;
2026/05/31;1700 UTC;0;950,9;951,2;950,6;1886,3;19,9;18,1;20,5;18,6;;12,7;74;63;68;282;5;2,3;
2026/05/31;1800 UTC;0;950,4;950,6;950,2;1587,4;20,6;13,1;21;20,2;13,8;12,3;67;59;62;271;5,3;3;
2026/05/31;1900 UTC;0;950;950,2;949,9;1119,7;20,3;12,5;20,7;20;13,1;12;64;58;61;278;5;2,6;
2026/05/31;2000 UTC;0;950;950;949,9;415,1;19,2;12,5;20,2;18,2;12,7;12,1;72;60;66;297;2,1;,9;
2026/05/31;2100 UTC;;;;;;;;;;;;;;;;;;
2026/05/31;2200 UTC;0;950,1;950,3;950;0;14,8;12,9;15,7;14,2;13,2;12,6;93;87;91;270;,4;,2;
2026/05/31;2300 UTC;;;;;;;;;;;;;;;;;;
2026/06/01;0000 UTC;;950,6;950,9;950,4;0;12,5;12,2;13,1;12,1;12,5;11,8;100;97;98;256;,5;,3;
2026/06/01;0100 UTC;;950,8;950,9;950,7;0;12,3;12,3;12,9;12,1;13;11,9;100;98;100;116;,9;,3;
2026/06/01;0200 UTC;;950,7;950,8;950,6;0;12,9;12,9;13,2;12,5;13,2;11,9;100;97;100;121;,5;,3;
2026/06/01;0300 UTC;;950,6;950,7;950,5;0;13,3;13,3;13,4;13,1;13,5;13,1;100;100;100;161;1,7;,7;
2026/06/01;0400 UTC;;950,5;950,6;950,5;0;13,4;13,4;13,4;13,4;13,5;13,3;100;100;100;126;,9;,4;
2026/06/01;0500 UTC;;950,3;950,4;950,1;0;13,4;13,4;13,4;13,3;13,5;13,4;100;100;100;229;,8;,5;
2026/06/01;0600 UTC;;;;;;;;;;;;;;;;;;
2026/06/01;0700 UTC;;950,1;950,3;950;0;13,1;13,1;13,2;12,6;13,3;12,6;100;100;100;167;,8;,5;
2026/06/01;0800 UTC;;950,2;950,3;950,1;0;12,7;12,8;12,8;12,6;12,8;12,7;100;100;100;185;,9;,4;
2026/06/01;0900 UTC;;;;;;;;;;;;;;;;;;
2026/06/01;1000 UTC;;950,8;951;950,6;0;12,4;12,5;12,6;12,3;12,6;12,4;100;100;100;289;1,1;,6;
2026/06/01;1100 UTC;;951,3;951,8;951;15,2;12,1;12,2;12,3;12;12,4;12;100;100;100;221;,8;,3;
2026/06/01;1200 UTC;;952;952,2;951,8;105,9;12;12,1;12,2;11,9;12,2;11,9;100;100;100;184;1,8;,8;
2026/06/01;1300 UTC;;952,5;952,9;952,2;240,2;12,3;12,3;12,5;12;12,6;12,1;100;100;100;195;1,2;,5;
2026/06/01;1400 UTC;;953;953,1;952,9;747,1;13,2;12,4;14,5;12,4;12,9;11,8;100;87;96;217;3,5;1,3;
2026/06/01;1500 UTC;;952,9;953;952,8;2077,8;16,1;11,9;17,6;14,5;12,6;11,3;90;69;79;170;2,5;,9;
2026/06/01;1600 UTC;;952,7;953;952,4;1217;16,6;11,2;18;16;12,4;10,6;78;66;73;168;1,3;,5;
2026/06/01;1700 UTC;;952,1;952,4;951,9;1211,2;17,2;11,2;18,7;16,5;11,9;10,7;75;64;70;163;1,2;,5;
2026/06/01;1800 UTC;;951,7;951,9;951,6;1483;17,9;10,9;19;16,7;11,5;10,2;73;58;65;146;4,2;1,6;
2026/06/01;1900 UTC;;951,5;951,7;951,4;933,7;18;10,5;19;16,6;11,2;9,6;69;57;62;201;2;,8;
2026/06/01;2000 UTC;;951,4;951,5;951,3;369,4;17,7;10,2;18,7;16,6;10,8;9,8;68;58;63;125;1,4;,5;
2026/06/01;2100 UTC;;951,5;951,6;951,5;25,1;15,2;10,3;16,6;13,8;10,9;9,5;86;65;76;304;,9;,4;
2026/06/01;2200 UTC;;;;;;;;;;;;;;;;;;
2026/06/01;2300 UTC;;951,9;952;951,8;0;11,6;10,7;12,1;11,1;11,1;10,4;98;94;95;105;,5;,2;
2026/06/02;0000 UTC;;952,2;952,4;952;0;10,7;10,4;11,1;10,5;10,7;10,2;99;98;99;177;,9;,2;
2026/06/02;0100 UTC;;952,4;952,6;952,2;0;10,3;10,2;10,7;9,9;10,7;9,5;100;98;99;95;,5;,2;
2026/06/02;0200 UTC;;952,5;952,5;952,5;0;9,7;9,7;9,8;9,6;9,8;9,6;100;100;100;257;,3;,1;
2026/06/02;0300 UTC;;952,5;952,6;952,4;0;9,4;9,4;9,8;8,9;9,9;8,9;100;99;100;152;,7;,2;
2026/06/02;0400 UTC;;;;;;;;;;;;;;;;;;
2026/06/02;0500 UTC;;953,2;953,2;953,1;0;9,3;9,4;9,3;9,3;9,4;9,4;100;100;100;175;1,2;,5;
2026/06/02;0600 UTC;;;953,1;;0;9,9;0;10,1;9,3;;;;;;228;1;,3;
2026/06/02;0700 UTC;;;;;0;10,1;10,1;10,1;10;10,2;10;100;100;100;193;1,2;,4;
2026/06/02;0800 UTC;;952,6;952,6;952,6;0;10,1;9,6;10,1;10;9,7;9,6;98;98;98;136;1,4;,6;
2026/06/02;0900 UTC;;952,6;952,7;952,5;0;10;9,6;10;10;9,8;9,5;99;97;98;207;1;,4;
2026/06/02;1000 UTC;;953,1;953,2;953,1;0;10,4;9,6;10,4;10,4;9,7;9,5;96;96;96;182;1,1;,4;
2026/06/02;1100 UTC;;953,4;954;953,2;20,3;10,5;9,8;10,7;10,4;10,1;9,6;97;96;96;235;;,5;
2026/06/02;1200 UTC;;954,5;954,6;954,5;171,9;11;10;11,1;11;10,1;9,9;95;94;95;200;,9;,4;
2026/06/02;1300 UTC;;955,1;955,5;954,6;0;11,2;9,9;11,3;11;10,3;9,6;96;92;94;175;1,4;,5;
2026/06/02;1400 UTC;;955,4;955,6;955,1;463,2;11,6;9,8;11,9;11,2;10,2;9,4;94;88;91;142;2,2;,7;
2026/06/02;1500 UTC;;;;;466,1;12;9,7;12,3;11,6;10,3;9,3;92;87;89;156;1;,5;
2026/06/02;1600 UTC;;;;;;;;;;;;;;;;;;
2026/06/02;1700 UTC;;953,9;954,1;953,8;633;14;10,9;14,4;13,5;11,4;10,5;87;83;85;193;1,3;,6;
2026/06/02;1800 UTC;;953,8;953,9;953,7;796,4;14,7;11;15,4;14,3;11,6;10,7;85;78;81;232;2,1;,9;
2026/06/02;1900 UTC;;953,6;953,8;953,3;723,1;15,5;11,2;16,1;14,9;11,7;10,8;82;74;79;151;2;,7;
2026/06/02;2000 UTC;;953,3;953,4;953,2;251,5;15,2;11,5;15,9;14,8;12,1;11,2;85;77;82;132;1,6;,6;
2026/06/02;2100 UTC;;953,6;953,7;953,4;45,3;14,2;11,7;15;13,4;12,1;11,5;91;84;88;137;2;1;
2026/06/02;2200 UTC;;;;;;;;;;;;;;;;;;
2026/06/02;2300 UTC;;954;954,2;953,8;0;11,8;11,7;12,2;11,6;12;11,3;100;97;99;136;2,1;,9;
2026/06/03;0000 UTC;;954,5;954,7;954,2;0;12,2;12;12,2;12,1;12,1;11,9;100;99;99;141;2,7;1;
2026/06/03;0100 UTC;;954,8;954,8;954,7;0;12,1;12,1;12,1;12,1;12,2;12,1;100;100;100;150;,9;,3;
2026/06/03;0200 UTC;;954,6;954,7;954,5;0;12,1;12,2;12,1;12,1;12,2;12,1;100;100;100;222;1,8;,6;
2026/06/03;0300 UTC;;954,7;954,7;954,6;0;12,2;12,2;12,3;12,1;12,3;12;100;99;100;192;1,1;,3;
2026/06/03;0400 UTC;;954,5;;;;2,4;11,8;12,2;;;;;;99;145;,7;,4;
2026/06/03;0500 UTC;;;;;;;;;;;;;;;;;;
2026/06/03;0600 UTC;;954,3;;;;11,1;11,1;11,1;;;;;;100;126;,6;,4;
2026/06/03;0700 UTC;;953,9;954,2;953,6;0;10,9;10,9;11;10,6;11,1;10,6;100;100;100;151;1,7;1;
2026/06/03;0800 UTC;;953,5;953,7;953,4;0;10,6;10,6;11,2;10,5;10,7;10,5;100;97;100;115;1,6;,9;
2026/06/03;0900 UTC;;953,6;953,8;953,4;0;11;10,2;11,3;10,4;10,5;9,8;99;95;96;133;1,2;,6;
2026/06/03;1000 UTC;;953,9;954,1;953,7;0;10,4;10;10,6;10,1;10,1;9,7;99;97;98;105;,9;,5;
2026/06/03;1100 UTC;;954,2;954,6;954;41,9;10,3;9,9;10,5;10,2;10;9,7;98;97;98;153;1,4;,9;
2026/06/03;1200 UTC;;955;955,4;954,6;140,9;10,9;10;11,6;10,5;10,1;9,8;97;91;95;165;1,3;,6;
2026/06/03;1300 UTC;;955,6;955,8;955,3;452,7;12,9;10,2;14,1;11,6;10,9;9,7;92;82;86;115;2,7;1;
2026/06/03;1400 UTC;;955,8;955,9;955,7;862;15,5;11;16,8;14,1;11,9;10,4;84;73;78;168;2,9;1;
2026/06/03;1500 UTC;;955,8;955,9;955,7;2178,8;18,2;11,8;18,9;16,8;12,4;11,2;73;64;68;148;1,9;,9;
2026/06/03;1600 UTC;;955,8;955,9;955,5;2198;19,8;12,3;20,4;19;12,7;11,8;67;58;62;130;2,8;1,2;
2026/06/03;1700 UTC;;955,2;955,5;955;;0;12,7;;;13,1;12,2;63;55;59;116;2,6;1;
2026/06/03;1800 UTC;;955;955,1;954,9;1629,2;21,2;12,4;21,6;20,7;12,8;12;60;53;56;140;2,1;,9;
2026/06/03;1900 UTC;;954,9;955;954,8;1098,9;21,5;12,1;21,8;21,2;12,7;11,2;57;48;53;131;1,4;,5;
2026/06/03;2000 UTC;;954,8;954,9;954,7;340,4;20,9;12,2;21,9;19,6;12,7;11,6;63;52;56;146;1;,3;
2026/06/03;2100 UTC;;954,8;954,9;954,7;23,8;17,8;12,2;19,5;16,4;12,9;11,7;78;64;72;107;,8;,4;
2026/06/03;2200 UTC;;954,7;954,8;954,6;0;15,2;12,1;16,4;14,2;12,4;11,7;91;76;84;309;,6;,3;
2026/06/03;2300 UTC;;955,1;955,1;955,1;0;12,8;12;12,8;12,7;12,1;12;97;96;96;128;,6;,4;
2026/06/04;0000 UTC;;955,5;955,6;955,1;0;12,4;11,8;12,8;12;12,1;11,3;99;95;97;140;,7;,4;
2026/06/04;0100 UTC;;955,6;955,7;955,5;0;11,6;11,3;11,7;11,5;11,5;11,1;99;98;98;178;1;,4;
2026/06/04;0200 UTC;;956,1;956,1;956,1;0;12,1;10,2;12,2;12,1;10,4;10,2;91;90;91;132;1,4;,9;
2026/06/04;0300 UTC;;956,1;956,2;956;0;12;9,9;12,2;11,9;10,2;9,6;91;88;90;176;1,8;,9;
2026/06/04;0400 UTC;;956;956,1;955,9;0;12,2;9,3;12,3;12;9,6;9;88;84;86;146;2;,7;
2026/06/04;0500 UTC;;;;;;;;;;;;;;;;;;
2026/06/04;0600 UTC;;955,8;956,1;955,6;0;11,3;9;11,6;11,2;9,2;8,9;90;87;89;138;;1;
2026/06/04;0700 UTC;;955,5;955,6;955,4;0;11,3;9;11,6;11,1;9,1;8,8;90;86;88;143;1,7;,8;
2026/06/04;0800 UTC;;955,3;955,4;955,2;0;11,2;9,2;11,4;11;9,3;9;92;89;90;131;1,5;,4;
2026/06/04;0900 UTC;;955,4;955,6;955,2;0;11,1;11,4;11,7;10,9;;8,9;92;87;90;133;;,9;
2026/06/04;1000 UTC;;956,1;956,1;956,1;0;11,8;9,1;11,9;11,7;9,2;9;87;86;87;149;1,7;,7;
2026/06/04;1100 UTC;;956,4;956,6;956,1;19,9;12,1;9;12,6;11,6;9,1;8,9;87;82;84;122;2,3;,9;
2026/06/04;1200 UTC;;956,8;957,1;956,5;112,8;13,7;9,4;14,2;13;9,7;9,2;81;76;79;118;5;1,4;
2026/06/04;1300 UTC;;957,2;957,4;957;448,3;15,3;10,2;16,3;14,3;10,8;9,6;78;70;75;129;4,6;1,4;
2026/06/04;1400 UTC;;957,2;957,3;957;909,6;17,4;11,2;18,7;16,3;12,1;10,3;72;65;69;143;4,8;1,4;
2026/06/04;1500 UTC;;957;957,1;956,9;2202,1;19,5;12;20,2;18,7;12,8;11,3;66;61;63;139;4,9;1,2;
2026/06/04;1600 UTC;;956,7;956,9;956,5;2142,3;21,1;12,9;21,7;20,2;13,5;12,2;64;55;59;139;6,1;2,1;
2026/06/04;1700 UTC;;956,3;956,6;956;2087,2;22;12,8;22,3;20,9;13,4;12,2;59;51;54;161;5,3;1,5;
2026/06/04;1800 UTC;;;;;;;;;;;;;;;;;;
2026/06/04;1900 UTC;;955,6;955,9;955,4;1100,1;22,2;12,9;22,6;21,9;13,2;12,6;56;51;54;135;3,1;,8;
2026/06/04;2000 UTC;;955,3;955,5;955,3;335,1;21,2;12,6;22;20,2;13,1;11,9;62;53;57;90;2,6;,6;
2026/06/04;2100 UTC;;955,1;955,3;955;22,8;18,4;11,7;20,2;16,8;12,5;11,1;73;60;66;74;2,9;,4;
2026/06/04;2200 UTC;;;;;;;;;;;;;;;;;;
2026/06/04;2300 UTC;;954,8;954,9;954,7;0;14,2;11,6;14,9;13,6;11,7;11,3;89;83;87;180;,4;,2;
2026/06/05;0000 UTC;;954,6;954,7;954,5;0;13;11,6;13,6;12,7;11,8;11,3;95;90;93;160;,9;,4;
2026/06/05;0100 UTC;;954,6;954,7;954,6;0;12,7;11,6;12,9;12,4;11,7;11,5;96;93;95;121;1,6;,3;
2026/06/05;0200 UTC;;954,8;954,9;954,7;0;13,1;11,4;13,3;12,7;11,6;11,2;94;90;91;145;1,2;,5;
2026/06/05;0300 UTC;;954,7;954,9;954,5;0;13,3;11,6;13,8;12,9;11,8;11,4;94;89;91;105;3;,6;
2026/06/05;0400 UTC;;954,4;954,4;954,2;0;13,8;11,8;13,9;13,6;12;11,6;91;89;90;129;1,9;,6;
2026/06/05;0500 UTC;;954,2;954,3;954;0;13,9;12;14,3;13,5;12,1;11,6;92;89;90;104;2,9;1,2;
2026/06/05;0600 UTC;;953,9;954,1;953,4;0;13,7;12,1;13,9;13,5;12,2;11,9;93;91;92;87;3,4;1,2;
2026/06/05;0700 UTC;;953,3;953,5;953,2;0;13,5;12;14;13,3;12,1;11,8;93;90;92;140;5,2;1,7;
2026/06/05;0800 UTC;;;;;;;;;;;;;;;;;;
2026/06/05;0900 UTC;;;;;0;12,3;11,3;12,8;11,9;11,5;11,1;97;93;95;131;3,1;1,3;
2026/06/05;1000 UTC;;953,8;954,2;952,6;0;12,8;11,3;13,1;12,3;11,5;11,1;95;90;93;103;2,2;,5;
2026/06/05;1100 UTC;;954,2;954,4;954,1;22,9;13,3;11,5;13,8;12,7;11,6;11,3;94;89;91;76;3;1,2;
2026/06/05;1200 UTC;;954,5;954,6;954,4;102,2;14,6;11,8;15,5;13,7;12,2;11,5;90;83;86;75;3,9;1,6;
2026/06/05;1300 UTC;;954,7;955;954,5;506,4;16,5;12,3;17,4;15,5;12,7;11,9;83;75;79;203;4,2;1,9;
2026/06/05;1400 UTC;;955;955,1;954,9;943,6;18,4;12,9;19,5;17,4;13,3;12,3;76;68;72;119;3,9;1,4;
2026/06/05;1500 UTC;;955;955,1;954,8;2090,5;20,8;13,4;21,9;19,7;14,1;12,8;69;58;63;171;4;1,3;
2026/06/05;1600 UTC;;954,5;954,9;954,1;1849,6;22,1;13,9;22,4;21,7;14,4;13,4;63;57;59;233;3,7;1,4;
2026/06/05;1700 UTC;;953,5;954,1;953;1363,9;22,3;14,1;22,6;21,9;14,8;13,6;62;56;59;219;3,6;1,2;
2026/06/05;1800 UTC;;;;;;;;;;;;;;;;;;
2026/06/05;1900 UTC;;952,6;952,8;952,4;1036,8;23;13,6;23,3;22,6;14;13,1;55;51;53;295;3,4;1,5;
2026/06/05;2000 UTC;;952,4;952,5;952,3;344,1;22,4;13,7;23,4;21,4;14,1;13,5;63;52;57;162;2,3;1,1;
2026/06/05;2100 UTC;;952,2;952,5;951,9;28,8;19,4;13,7;21,4;18;14,1;13,3;77;61;72;120;,8;,3;
2026/06/05;2200 UTC;;951,7;951,9;951,5;0;17,2;13,3;17,9;16,3;13,6;13;84;77;81;170;,6;,2;
2026/06/05;2300 UTC;;951,5;951,7;951,4;0;15,9;12,9;16,4;15,2;13,1;12,7;89;82;85;148;,8;,4;
2026/06/06;0000 UTC;;951,3;951,4;951,1;0;15,1;12,7;15,5;14,7;13;12,5;90;86;88;203;,8;,3;
2026/06/06;0100 UTC;;;;;;;;;;;;;;;;;;
2026/06/06;0200 UTC;;950,8;951;950,7;0;14,4;12,2;14,5;14,1;12,4;12;91;88;89;114;1,5;,6;
2026/06/06;0300 UTC;;950,6;950,7;950,6;0;14,5;11,8;15;13,9;12,2;11,6;91;83;87;94;1,4;,5;
2026/06/06;0400 UTC;;950,6;950,6;950,5;0;14,1;11,8;14,9;13,6;12,2;11,5;91;84;88;196;1,6;,6;
2026/06/06;0500 UTC;;950,3;950,5;950;0;13,5;11,7;13,9;13;11,9;11,5;94;89;91;169;1,3;,4;
2026/06/06;0600 UTC;;949,8;950;949,6;0;13,1;11,6;13,3;12,9;11,8;11,3;94;91;93;134;,8;,4;
2026/06/06;0700 UTC;;949,5;949,7;949,4;0;13,3;11,5;13,7;12,6;11,8;11;93;87;91;168;1;,4;
2026/06/06;0800 UTC;;949,3;949,4;949,2;0;11,9;11,1;12,6;11,4;11,3;10,8;98;93;96;222;1,4;,4;
2026/06/06;0900 UTC;;949,3;949,4;949,2;0;11,2;11;11,4;10,8;11,3;10,6;100;97;99;131;,6;,3;
2026/06/06;1000 UTC;;949,6;949,8;949,4;0;10,7;10,6;11;10,4;11,1;10,3;100;99;100;110;,6;,4;
2026/06/06;1100 UTC;;949,7;949,7;949,6;37,5;10,7;10,7;11,1;10,3;11,1;10,1;100;99;100;162;,7;,3;
2026/06/06;1200 UTC;;949,7;949,8;949,6;153,4;12;11,6;13,5;11,1;12,2;10,8;100;94;98;126;,7;,3;
2026/06/06;1300 UTC;;950,1;950,1;950,1;835;16,7;13,8;16,9;16,6;13,9;13,6;86;84;85;213;1,8;1,1;
2026/06/06;1400 UTC;;950,1;950,2;950,1;1072,5;18,7;14,5;19,5;18,1;15;14,2;82;75;79;280;3,9;1,9;
2026/06/06;1500 UTC;;949,8;950,1;949,5;1251,1;19,4;14,3;20,2;18,9;14,9;13,9;77;70;75;285;4,8;2,6;
2026/06/06;1600 UTC;;949,2;949,6;948,9;1794,8;20,6;14,5;21,2;20,2;15,1;14,2;72;66;69;285;6,4;3,5;
2026/06/06;1700 UTC;;948,4;948,8;948,1;1505,4;21,1;14,4;21,8;20,2;14,9;14;70;63;66;244;4,5;1,6;
2026/06/06;1800 UTC;;948,2;948,3;948,1;1163,9;21,5;14,2;21,9;21;14,8;13,5;66;60;63;268;6,4;2,1;
2026/06/06;1900 UTC;;948;948,3;947,8;769;21;13,9;21,6;20,6;14,6;13,6;67;62;65;260;4,2;1,9;
2026/06/06;2000 UTC;;947,9;948;947,9;332,4;20,7;13,9;21,6;19,8;14,2;13,7;71;61;66;269;3,2;1,5;
2026/06/06;2100 UTC;;947,7;947,9;947,5;31,2;18,7;14;19,7;17,7;14,3;13,8;81;71;76;302;1;,6;
2026/06/06;2200 UTC;;947,8;948;947,5;0;16,9;14,2;17,6;16,1;14,4;13,9;92;81;87;195;,5;,2;
2026/06/06;2300 UTC;;948;948,1;947,9;0;15,7;14,2;16,1;15,3;14,4;13,9;94;91;93;81;,7;,3;
2026/06/07;0000 UTC;;948,2;948,2;948;0;14,8;13,9;15,2;14,4;14,1;13,6;97;94;95;116;,7;,2;
2026/06/07;0100 UTC;;948,1;948,2;948;0;14,1;13,8;14,4;13,9;14;13,5;100;97;98;192;,3;,1;
2026/06/07;0200 UTC;;948;948;947,9;0;14;13,6;14,1;13,9;13,9;13,3;99;97;98;265;,3;,1;
2026/06/07;0300 UTC;;947,7;947,9;947,6;0;13,9;13,6;14;13,7;13,8;13,2;99;97;99;130;1,7;,6;
2026/06/07;0400 UTC;;947,5;947,5;947,5;0;13;13;13;13;13,1;13;100;100;100;141;,8;,6;
2026/06/07;0500 UTC;;947,5;947,6;947,5;0;12,9;12,9;13;12,6;13,1;12,6;100;100;100;152;,5;,3;
2026/06/07;0600 UTC;;947,4;947,5;947,1;0;12,6;12,6;13;12,4;13;12,4;100;100;100;164;,6;,3;
2026/06/07;0700 UTC;;946,9;947;946,7;0;12,4;12,4;12,7;12,2;12,8;12,1;100;99;100;171;,5;,3;
2026/06/07;0800 UTC;;946,5;946,7;946,3;0;12,1;12,1;12,4;11,8;12,5;11,7;100;99;100;178;,6;,2;
2026/06/07;0900 UTC;;946,3;946,5;946,2;0;11,9;11,9;12;11,8;12,1;11,8;100;100;100;224;,5;,2;
2026/06/07;1000 UTC;;946,8;947;946,5;0;12,1;12,2;12,4;11,8;12,5;11,8;100;100;100;133;2,1;1,1;
2026/06/07;1100 UTC;;947,4;947,6;947;50,6;12,7;12,7;13,5;12,2;13,6;12,2;100;96;100;121;1,2;,6;
2026/06/07;1200 UTC;;947,8;948;947,6;128,8;13,5;13,1;13,8;13,3;13,5;12,7;99;97;98;241;,6;,3;
2026/06/07;1300 UTC;;948,2;948,4;948;477,8;14,4;13,9;15,3;13,8;14,5;13,5;99;93;98;211;,9;,5;
2026/06/07;1400 UTC;;948,6;948,8;948,4;0;16,3;14,8;17;15,3;15,6;14;96;87;93;268;;2,2;
2026/06/07;1500 UTC;;948,5;948,7;948,3;755,8;17,3;14,3;17,7;17;15,2;13,7;91;80;85;270;4,2;1,8;
2026/06/07;1600 UTC;;948,2;948,4;947,8;777,5;17,9;13,9;18;17,6;14,6;13,5;84;78;80;251;3,4;2;
2026/06/07;1700 UTC;;947,3;947,8;947;932,4;17,8;14,7;18,6;17,4;16,4;13,5;91;78;85;274;1,7;,9;
2026/06/07;1800 UTC;;;;;;;;;;;;;;;;;;
2026/06/07;1900 UTC;;947,1;947,1;947;162,8;16,9;16,1;17;16,8;16,3;15,9;97;94;96;151;3;,9;
2026/06/07;2000 UTC;;947,1;947,3;947;120,6;16,6;15,9;16,8;16,5;16,2;15,6;98;94;96;156;2,1;1,1;
2026/06/07;2100 UTC;;947,4;947,5;947,3;5,6;16,3;15,6;16,5;16;15,9;15,4;98;96;97;125;,7;,2;
2026/06/07;2200 UTC;;;;;;;;;;;;;;;;;;
2026/06/07;2300 UTC;;947,7;947,8;947,5;0;15,1;15;15,4;14,9;15,3;14,8;100;98;99;188;,7;,3;
2026/06/08;0000 UTC;;948;948,1;947,8;0;15,3;15,3;15,4;15,3;15,4;15,2;100;99;100;145;2,1;,7;
2026/06/08;0100 UTC;;948,1;948,2;947,9;0;15,4;15,2;15,4;15,3;15,3;15,1;100;99;99;230;1,4;,4;
2026/06/08;0200 UTC;;948,3;948,5;948,2;0;15,4;15,3;15,4;15,3;15,3;15,2;100;100;100;163;,7;,3;
2026/06/08;0300 UTC;;948,3;948,5;948,1;0;15,3;15,2;15,3;15,3;15,3;15,1;100;99;100;146;,9;,3;
2026/06/08;0400 UTC;;;;;;;;;;;;;;;;;;
2026/06/08;0500 UTC;;947,7;947,9;947,6;0;15;15,1;15,1;15;15,1;15;100;100;100;209;,9;,3;
2026/06/08;0600 UTC;;947,2;947,6;947;0;14,9;15;15;14,9;15;14,9;100;100;100;229;1,3;,4;
2026/06/08;0700 UTC;;946,8;947,1;946,6;0;14,8;14,8;14,9;14,7;14,9;14,8;100;100;100;157;,5;,2;
2026/06/08;0800 UTC;;946,5;946,6;946,4;0;14,6;14,7;14,7;14,5;14,8;14,6;100;100;100;187;1,1;,5;
2026/06/08;0900 UTC;;946,6;946,8;946,5;0;14,4;14,5;14,5;14,3;14,6;14,4;100;100;100;98;,8;,4;
2026/06/08;1000 UTC;;;;;;;;;;;;;;;;;;
2026/06/08;1100 UTC;;947,5;947,6;947,4;18,6;14,2;14,2;14,2;14,1;14,3;14,2;100;100;100;220;1,2;,4;
2026/06/08;1200 UTC;;;;;;;;;;;;;;;;;;
2026/06/08;1300 UTC;;948,2;948,4;948;0;15,2;;16,1;14,5;;14,1;100;91;97;0;,9;0;
2026/06/08;1400 UTC;;948,5;948,6;948,3;895,2;17,3;14,3;18,3;16,2;15;13,6;92;78;85;296;4,5;2,1;
2026/06/08;1500 UTC;;948,4;948,5;948,2;1169,8;18,6;14,2;18,9;18,2;14,5;13,7;81;75;78;296;8,8;3,1;
2026/06/08;1600 UTC;;948,1;948,3;947,7;681,8;18,4;14;19,1;18;14,7;13,5;82;76;78;281;5,2;2,6;
2026/06/08;1700 UTC;;947,4;947,7;947;606,7;18,2;13,8;18,7;17,7;14,1;13,3;80;75;78;291;5,4;2,4;
2026/06/08;1800 UTC;;;;;;;;;;;;;;;;;;
2026/06/08;1900 UTC;;946,8;946,9;946,7;823,2;19,2;13,8;20,2;18,6;14,3;13,5;77;69;73;292;6,2;2,8;
2026/06/08;2000 UTC;;946,8;946,9;946,6;234,9;18,6;13,8;19,2;17,6;14,4;13,5;84;72;76;239;4,2;1,7;
2026/06/08;2100 UTC;;;;;;;;;;;;;;;;;;
2026/06/08;2200 UTC;;947,1;947,2;946,9;0;16,1;14,6;16,4;15,8;14,8;14,5;94;90;92;255;1,7;,6;
2026/06/08;2300 UTC;;947,3;947,4;947,2;0;15,3;14,5;15,7;14,9;14,6;14,4;98;94;96;305;1,5;,6;
2026/06/09;0000 UTC;;947,5;947,6;947,4;0;14,7;14,5;14,9;14,5;14,7;14,1;100;97;99;240;1,1;,5;
2026/06/09;0100 UTC;;947,5;947,6;947,5;0;14,8;14,4;14,9;14,7;14,6;14,1;98;97;98;301;2;1,1;
2026/06/09;0200 UTC;;;;;;;;;;;;;;;;;;
2026/06/09;0300 UTC;;;;;;;;;;;;;;;;;;
2026/06/09;0400 UTC;;;;;;;;;;;;;;;;;;
2026/06/09;0500 UTC;;;;;;;;;;;;;;;;;;
2026/06/09;0600 UTC;;;;;;;;;;;;;;;;;;
2026/06/09;0700 UTC;;;;;;;;;;;;;;;;;;
2026/06/09;0800 UTC;;;;;;;;;;;;;;;;;;
2026/06/09;0900 UTC;;;;;;;;;;;;;;;;;;
2026/06/09;1000 UTC;;;;;;;;;;;;;;;;;;
2026/06/09;1100 UTC;;;;;;;;;;;;;;;;;;
2026/06/09;1200 UTC;;;;;;;;;;;;;;;;;;
2026/06/09;1300 UTC;;;;;;;;;;;;;;;;;;
2026/06/09;1400 UTC;;;;;;;;;;;;;;;;;;
2026/06/09;1500 UTC;;;;;;;;;;;;;;;;;;
2026/06/09;1600 UTC;;;;;;;;;;;;;;;;;;
2026/06/09;1700 UTC;;;;;;;;;;;;;;;;;;
2026/06/09;1800 UTC;;;;;;;;;;;;;;;;;;
2026/06/09;1900 UTC;;;;;;;;;;;;;;;;;;
2026/06/09;2000 UTC;;;;;;;;;;;;;;;;;;
2026/06/09;2100 UTC;;;;;;;;;;;;;;;;;;
2026/06/09;2200 UTC;;;;;;;;;;;;;;;;;;
2026/06/09;2300 UTC;;;;;;;;;;;;;;;;;;
2026/06/10;0000 UTC;;;;;;;;;;;;;;;;;;
2026/06/10;0100 UTC;;947,9;948,2;947,8;0;9,4;8,7;9,8;9;8,9;8,2;98;95;96;235;,5;,1;
2026/06/10;0200 UTC;;947,7;948;947,4;0;8,5;8,2;8,9;8,2;8,4;7,9;100;96;98;211;,7;,3;
2026/06/10;0300 UTC;;;;;;;;;;;;;;;;;;
2026/06/10;0400 UTC;;;;;;;;;;;;;;;;;;
2026/06/10;0500 UTC;;;;;;;;;;;;;;;;;;
2026/06/10;0600 UTC;;;;;;;;;;;;;;;;;;
2026/06/10;0700 UTC;;;;;;;;;;;;;;;;;;
2026/06/10;0800 UTC;;945,6;945,9;945,4;0;0;0;;;;;100;100;100;105;,8;,4;
2026/06/10;0900 UTC;;945,7;946;945,5;0;7,1;7,1;7,2;6,8;7,3;6,8;100;100;100;116;,7;,3;
2026/06/10;1000 UTC;;946,5;946,8;946;0;6,5;6,6;6,8;6,4;6,8;6,4;100;100;100;143;1,5;,9;
2026/06/10;1100 UTC;;946,5;946,8;946,2;30,4;6,5;6,5;6,6;6,4;6,7;6,4;100;100;100;211;,9;,3;
2026/06/10;1200 UTC;;946,6;946,9;946,3;179,8;7,1;7,1;7,4;6,7;7,5;6,7;100;100;100;241;1,1;,5;
2026/06/10;1300 UTC;;947,2;947,5;946,9;340,7;8;8;8,6;7,4;8,6;7,5;100;100;100;135;1,1;,4;
2026/06/10;1400 UTC;;946,9;947,1;946,6;517,8;9,1;9,1;9,8;8,6;9,8;8,7;100;100;100;223;1,2;,5;
2026/06/10;1500 UTC;;946,7;946,8;946,5;732,9;10,7;10,1;11,3;9,8;10,4;9,6;100;94;97;221;1,2;,4;
2026/06/10;1600 UTC;;945,9;946;945,9;680,8;12,6;10,4;12,7;12,5;10,6;10,3;90;89;89;90;1,1;,6;
2026/06/10;1700 UTC;;;;;;;;;;;;;;;;;;
2026/06/10;1800 UTC;;945,2;945,6;945;487,6;14,2;11,1;14,5;13,8;11,6;10,5;86;83;85;139;1;,3;
2026/06/10;1900 UTC;;;;;;;;;;;;;;;;;;
2026/06/10;2000 UTC;;944,4;944,7;944,2;114,8;13,4;11,6;13,9;13,2;11,9;11,4;93;88;91;147;,6;,3;
2026/06/10;2100 UTC;;;;;;;;;;;;;;;;;;
2026/06/10;2200 UTC;;944,7;944,8;944,6;0;12,6;11,9;12,7;12,6;12;11,8;97;96;96;128;1;,4;
2026/06/10;2300 UTC;;944,7;944,8;944,5;0;12,5;11,8;12,7;12,3;12;11,7;97;96;96;121;,8;,3;
2026/06/11;0000 UTC;;944,8;945,2;944,5;0;12,3;11,7;12,3;12,2;11,8;11,6;98;97;97;150;,7;,2;
2026/06/11;0100 UTC;;945,5;945,8;945,2;0;12,4;11,8;12,5;12,3;11,9;11,6;97;96;97;73;1;,5;
2026/06/11;0200 UTC;;945,8;945,9;945,7;0;12,4;11,9;12,5;12,3;12;11,8;98;97;98;116;,8;,3;
2026/06/11;0300 UTC;;945,5;945,6;945,4;0;12,2;11,8;12,2;12,2;11,9;11,8;98;98;98;129;,8;,3;
2026/06/11;0400 UTC;;945,4;945,6;945,2;0;11,8;11,6;12,2;11,5;11,8;11,4;100;98;99;123;,5;,2;
2026/06/11;0500 UTC;;945,3;945,4;945,2;0;11,6;11,7;11,7;11,5;11,7;11,6;100;100;100;178;,6;,3;
2026/06/11;0600 UTC;;945;945,2;944,6;0;11,6;11,7;11,7;11,5;11,7;11,6;100;100;100;183;,7;,3;
2026/06/11;0700 UTC;;944,5;944,8;944,3;0;11,6;11,7;11,7;11,5;11,7;11,6;100;100;100;180;1,1;,4;
2026/06/11;0800 UTC;;944,4;944,5;944,3;0;11,5;11,6;11,7;11,2;11,7;11,3;100;100;100;179;1;,4;
2026/06/11;0900 UTC;;944,6;945;944,2;0;11,2;11,3;11,3;11,2;11,4;11,2;100;100;100;125;1,1;,4;
2026/06/11;1000 UTC;;945,3;945,7;945;0;11,1;11,2;11,2;11;11,2;11,1;100;100;100;155;1,7;1;
2026/06/11;1100 UTC;;946;946,2;945,8;50,4;11,6;11,7;11,9;11,1;12;11,2;100;100;100;176;,7;,4;
2026/06/11;1200 UTC;;946;946,1;946;313,5;12,2;12,3;12,6;11,9;12,7;12;100;100;100;155;,7;,3;
2026/06/11;1300 UTC;;946,4;946,5;946,3;607,7;13,7;12,5;14,1;13,2;12,9;12,2;98;91;94;163;2,1;,8;
2026/06/11;1400 UTC;;946,6;946,7;946,4;1026,9;15,3;12,7;16,8;14,1;13,2;12,3;93;79;87;205;1,6;,8;
2026/06/11;1500 UTC;;946,6;946,8;946,4;0;17;13,1;17,3;16,5;13,6;12,7;83;78;80;126;1,4;,5;
2026/06/11;1600 UTC;;946;946,3;945,5;724,3;17,7;13,6;18,7;17;13,9;13,1;83;72;79;208;3;1,1;
2026/06/11;1700 UTC;;;;;;;;;;;;;;;;;;
2026/06/11;1800 UTC;;944,3;945,1;943,7;367,7;17,2;13,4;17,5;16,9;13,7;13,1;83;79;81;147;2,3;,8;
2026/06/11;1900 UTC;;;;;;;;;;;;;;;;;;
2026/06/11;2000 UTC;;;;;;;;;;;;;;;;;;
2026/06/11;2100 UTC;;944,3;944,4;944,2;5,6;15,1;14,7;15,5;15;14,8;14,4;99;95;98;78;,9;,5;
2026/06/11;2200 UTC;;;;;;;;;;;;;;;;;;
2026/06/11;2300 UTC;;944,1;944,5;943,7;0;14,5;14,4;14,8;14,1;14,7;14,1;100;99;100;169;1;,4;
2026/06/12;0000 UTC;;943,5;943,7;943,3;0;14,1;14,1;14,1;14;14,2;14,1;100;100;100;216;,7;,2;
2026/06/12;0100 UTC;;943;943,3;942,8;0;14,1;14,2;14,2;14,1;14,3;14,1;100;100;100;176;,8;,3;
2026/06/12;0200 UTC;;942,8;942,9;942,6;0;14,3;14,3;14,3;14,2;14,4;14,3;100;100;100;231;,9;,4;
2026/06/12;0300 UTC;;942,4;942,9;942;0;14,3;14,4;14,4;14,2;14,4;14,3;100;100;100;174;,6;,3;
2026/06/12;0400 UTC;;941,7;941,7;941,7;0;14,2;14,3;14,2;14,2;14,3;14,3;100;100;100;156;,5;,3;
2026/06/12;0500 UTC;;940,9;941,7;940,5;0;14,1;14,2;14,2;14;14,3;14;100;100;100;202;1,3;,4;
2026/06/12;0600 UTC;;940;940,5;939,5;0;14,1;14,1;14,3;14;14,4;14;100;100;100;134;1,3;,6;
2026/06/12;0700 UTC;;939,3;939,4;939,3;0;15,5;14,9;15,6;15,3;14,9;14,8;97;97;97;166;3,6;1,1;
2026/06/12;0800 UTC;;939,3;939,4;939;0;15,7;15,1;15,9;15,6;15,2;14,9;98;95;97;282;3,6;1;
2026/06/12;0900 UTC;;939,2;939,5;938,9;0;15,7;15;15,9;15,6;15,2;14,8;98;96;97;163;1,3;,4;
2026/06/12;1000 UTC;;939,1;939,3;938,8;0;15,3;14,8;15,6;15;14,9;14,6;99;96;98;261;1,1;,5;
2026/06/12;1100 UTC;;939,3;939,4;939,2;87,1;14,9;14,4;15,1;14,5;14,6;14,2;99;96;98;94;1,3;,4;
2026/06/12;1200 UTC;;;;;;;;;;;;;;;;;;
2026/06/12;1300 UTC;;939,8;939,9;939,6;332,7;16,1;14,6;16,6;15,9;15,1;14,1;94;89;92;307;3,6;1,7;
2026/06/12;1400 UTC;;940,3;940,6;939,8;64,5;15,3;14,5;16,1;14,5;15,2;13,8;98;93;96;280;9,1;3,9;
2026/06/12;1500 UTC;;940,3;940,5;940;375,1;14;13,5;14,4;13,7;13,8;13,2;99;96;98;272;8,5;4,2;
2026/06/12;1600 UTC;;940,1;940,3;940;674,9;14,1;13,3;14,8;13,7;13,8;12,5;99;92;96;269;8,2;4,4;
2026/06/12;1700 UTC;;939,9;940;939,7;669,4;13,8;12,8;14,2;13,5;13,3;12,4;97;92;95;298;7,5;3,6;
2026/06/12;1800 UTC;;;;;;;;;;;;;;;;;;
2026/06/12;1900 UTC;;;;;;;;;;;;;;;;;;
2026/06/12;2000 UTC;;;;;;;;;;;;;;;;;;
2026/06/12;2100 UTC;;;;;;;;;;;;;;;;;;
2026/06/12;2200 UTC;;;;;;;;;;;;;;;;;;
2026/06/12;2300 UTC;;;;;;;;;;;;;;;;;;
2026/06/13;0000 UTC;;943,4;943,7;943;0;12,1;11,5;12,3;12,1;11,6;11,2;98;96;97;267;5,8;3,1;
2026/06/13;0100 UTC;;944;944,2;943,8;0;12;11,4;12,1;11,9;11,6;11,2;98;96;97;265;5,1;2,3;
2026/06/13;0200 UTC;;944,4;944,7;944,1;0;12;11,4;12;11,9;11,6;11,3;98;96;97;267;5,3;2,5;
2026/06/13;0300 UTC;;944,5;944,7;944,4;0;11,8;11,7;11,9;11,8;11,8;11,6;100;98;99;259;4,5;2,4;
2026/06/13;0400 UTC;;944,3;944,5;944,2;0;11,8;11,5;11,9;11,6;11,8;11,2;100;98;99;233;4;2,1;
2026/06/13;0500 UTC;;;;;;;;;;;;;;;;;;
2026/06/13;0600 UTC;;944,6;944,7;944,5;0;11,4;10,8;11,6;11,3;11;10,5;97;96;97;241;3,8;2,1;
2026/06/13;0700 UTC;;944,5;944,7;944,4;0;11,3;10,8;11,4;11,2;11;10,6;99;97;98;223;2;,9;
2026/06/13;0800 UTC;;945;945;944,9;0;11;10,7;11,1;10,8;10,9;10,5;99;98;98;227;3,2;1,4;
2026/06/13;0900 UTC;;945;945,3;944,9;0;10,7;10,6;10,8;10,6;10,7;10,5;100;99;99;229;1,8;,9;
2026/06/13;1000 UTC;;945,8;946,1;945,3;0;10,7;10,6;10,8;10,7;10,7;10,4;100;98;99;233;1,4;,6;
2026/06/13;1100 UTC;;946,5;946,7;946,2;10,9;10,6;10,3;10,7;10,5;10,6;10;99;96;98;231;2;,8;
2026/06/13;1200 UTC;;947,3;948,1;946,7;222,6;10,8;10,2;11,2;10,5;10,5;9,7;99;94;97;272;1,9;1;
2026/06/13;1300 UTC;;948,6;949;948,1;376,9;0;10,2;;;10,7;9,4;97;88;94;293;3,5;0;
2026/06/13;1400 UTC;;949,1;949,2;948,9;845,9;12,4;9,6;13,2;12;10,3;8,9;89;81;86;273;3,2;1,5;
2026/06/13;1500 UTC;;949;949,2;948,8;624,7;12,9;9,3;13,3;12,7;10,5;8,8;86;79;82;294;2,6;1,3;
2026/06/13;1600 UTC;;948,5;948,8;948,2;754,9;13,3;9,3;13,5;12,9;10;8,7;84;77;80;271;2,7;1,2;
2026/06/13;1700 UTC;;947,9;948,2;947,6;554,7;13,4;9,4;13,5;13,2;10,3;8,5;85;75;80;271;2,9;1,7;
2026/06/13;1800 UTC;;947,5;947,6;947,3;464,5;13,5;9,5;13,6;13,4;10;9;83;77;80;262;3;1,2;
2026/06/13;1900 UTC;;;;;;;;;;;;;;;;;;
2026/06/13;2000 UTC;;946,8;946,9;946,7;96,1;13,2;9,6;13,5;12,9;10,2;8,9;85;78;82;183;1,3;,4;
2026/06/13;2100 UTC;;;;;;;;;;;;;;;;;;
2026/06/13;2200 UTC;;947;947,1;946,9;0;12,3;9,2;12,4;12,2;9,7;8,5;87;81;85;101;,9;,4;
2026/06/13;2300 UTC;;;;;;;;;;;;;;;;;;
2026/06/14;0000 UTC;;947,6;947,9;947,5;0;11,9;10,1;12;11,8;10,5;9,4;93;87;91;252;,7;,3;
2026/06/14;0100 UTC;;947,7;947,8;947,5;0;11,7;10,3;11,8;11,6;10,6;9,8;95;91;93;117;;,5;
2026/06/14;0200 UTC;;948;948,1;947,8;0;11,6;10,3;11,6;11,5;10,6;9,9;95;91;93;63;1,1;,5;
2026/06/14;0300 UTC;;;;;;;;;;;;;;;;;;
2026/06/14;0400 UTC;;948,2;948,3;948;0;11;10,4;11,1;11;10,6;10,2;98;96;97;276;,9;,4;
2026/06/14;0500 UTC;;;;;;;;;;;;;;;;;;
2026/06/14;0600 UTC;;;;;;;;;;;;;;;;;;
2026/06/14;0700 UTC;;;;;;;;;;;;;;;;;;
2026/06/14;0800 UTC;;;;;;;;;;;;;;;;;;
2026/06/14;0900 UTC;;;;;;;;;;;;;;;;;;
2026/06/14;1000 UTC;;;;;;;;;;;;;;;;;;
2026/06/14;1100 UTC;;;;;;;;;;;;;;;;;;
2026/06/14;1200 UTC;;949,6;949,6;949,5;394,7;11,1;8,5;11,2;11,1;8,9;8;89;84;87;189;2,6;1,3;
2026/06/14;1300 UTC;;949,9;950;949,7;0;11,9;7,7;12,5;11,2;8,8;6,3;88;69;79;202;2,6;1,3;
2026/06/14;1400 UTC;;950,2;950,4;950,1;0;13;6,7;13,5;12,5;7,3;6,1;73;64;69;223;4,7;1,9;
2026/06/14;1500 UTC;;950,1;950,4;949,9;1157,5;13,6;6,8;14,5;12,8;7,4;5,8;71;57;66;236;3,4;1,8;
2026/06/14;1600 UTC;;949,8;949,9;949,7;0;14,1;7,5;15;13,5;8,1;6,5;71;61;67;195;3,8;1,8;
2026/06/14;1700 UTC;;949,6;949,8;949,4;1389,5;14,3;7,3;15,2;13,3;8,1;6,6;73;57;65;245;4,4;2,3;
2026/06/14;1800 UTC;;949,2;949,4;949;1125,5;14,9;7;16;14,1;7,6;6,3;67;53;60;198;2,9;1,2;
2026/06/14;1900 UTC;;948,9;949,2;948,8;429,9;14,1;6,9;14,7;13,8;7,7;5,9;67;60;64;189;3,6;1,4;
2026/06/14;2000 UTC;;948,9;949,1;948,8;220,6;13,7;7,2;14;13,1;7,7;6,6;72;64;68;131;2,8;,9;
2026/06/14;2100 UTC;;;;;;;;;;;;;;;;;;
2026/06/14;2200 UTC;;949,1;949,6;948,8;0;12,7;7,6;14;11,5;8,6;6,6;84;64;74;98;1,3;,5;
2026/06/14;2300 UTC;;949,3;950,3;948,8;0;12,4;7,8;14;11,2;8,7;6,6;87;64;77;157;3,1;1,5;
2026/06/15;0000 UTC;;949,5;950,6;948,8;0;12;7,8;14;9,9;8,7;6,6;90;64;79;122;1,2;,6;
2026/06/15;0100 UTC;;950,5;950,6;950,4;0;9,9;8;10;9,7;8,2;7,9;92;89;91;87;,8;,3;
2026/06/15;0200 UTC;;950,5;950,6;950,4;0;9,1;8;9,6;8,9;8,1;7,9;96;92;95;122;1,4;,4;
2026/06/15;0300 UTC;;950,7;950,7;950,6;0;9,1;8,1;9,3;8,9;8,4;7,4;97;91;95;139;1,2;,3;
2026/06/15;0400 UTC;;950,5;950,7;950,4;0;9,1;7,9;9,3;8,5;8,1;7,7;96;92;94;237;,6;,3;
2026/06/15;0500 UTC;;950,5;950,6;950,4;0;8;7,5;8,5;7,4;7,7;7,1;99;96;98;149;,5;,2;
2026/06/15;0600 UTC;;950,1;950,2;950,1;0;6,9;6,9;6,9;6,8;7;6,9;100;100;100;182;,6;,4;
2026/06/15;0700 UTC;;950,1;950,2;950;0;7,2;7,2;7,6;6,8;7,6;6,9;100;100;100;152;2,7;1,3;
2026/06/15;0800 UTC;;949,9;949,9;949,8;0;7,4;7,4;7,5;7,4;7,5;7,3;100;100;100;156;2,8;1,1;
2026/06/15;0900 UTC;;949,9;950,1;949,8;0;7,4;7,4;7,5;7,3;7,5;7,1;100;99;100;162;1,4;,7;
2026/06/15;1000 UTC;;950,1;950,4;950;0;7,3;7,2;7,4;7,3;7,4;7,1;100;99;99;222;1;,5;
2026/06/15;1100 UTC;;950,9;951;950,8;50,4;7,4;6,9;7,4;7,3;7,2;6,7;99;97;98;158;1,1;,4;
2026/06/15;1200 UTC;;951,2;951,6;951;207,9;7,6;6,5;8;7,4;7;6;97;90;94;172;2,4;1,2;
2026/06/15;1300 UTC;;951,9;952;951,5;593,1;8,4;6;9,7;7,9;6,7;5,4;92;84;88;174;2,7;1,2;
2026/06/15;1400 UTC;;951,9;952;951,7;1215,8;10,2;5,6;11,5;9,5;6,8;4,4;85;66;77;168;2,2;,9;
2026/06/15;1500 UTC;;951,8;952;951,4;1584,5;11,4;5,1;12,2;10,7;6;4,2;75;64;69;187;2;,7;
2026/06/15;1600 UTC;;951,1;951,4;950,6;1620,9;12,2;5,3;13,3;11,5;6,4;4,6;69;59;65;206;3,5;1,6;
2026/06/15;1700 UTC;;950,2;950,6;949,9;1285,9;12,2;5;12,9;11,6;5,8;4,5;69;60;64;172;2,4;1;
2026/06/15;1800 UTC;;949,6;949,8;949,5;1551,2;13,4;5,3;13,7;12,7;6,3;4,7;63;57;59;172;4,2;1,9;
2026/06/15;1900 UTC;;949,8;949,9;949,6;1060,7;13,3;5,7;14,3;12,5;6,4;5;67;58;62;173;3;1,7;
2026/06/15;2000 UTC;;949,6;949,8;949,4;316,4;11,6;5,4;12,4;10,8;6;4,8;73;65;69;168;2,1;1,1;
2026/06/15;2100 UTC;;;;;;;;;;;;;;;;;;
2026/06/15;2200 UTC;;950,1;950,2;949,9;0;7,9;6;8,7;7,2;6,3;5,6;94;86;90;236;,6;,3;
2026/06/15;2300 UTC;;950,3;950,4;950,2;0;6,7;5,9;7,2;6,3;6,1;5,6;97;94;96;292;,8;,5;
2026/06/16;0000 UTC;;950,1;950,4;949,9;0;5,9;5,4;6,3;5,3;5,8;4,9;99;96;97;208;,6;,3;
2026/06/16;0100 UTC;;950,3;950,4;950,1;0;5;4,7;5,2;4,8;5;4,4;100;98;99;116;,4;,2;
2026/06/16;0200 UTC;;950,4;950,7;950,1;0;4,5;4,4;4,8;4,2;4,8;4;100;98;99;176;,6;,2;
2026/06/16;0300 UTC;;950,5;950,6;950,4;0;3,9;3,8;4,3;3,6;4,3;3,5;100;99;100;165;,5;,3;
2026/06/16;0400 UTC;;950,5;950,5;950,5;0;3,5;3,6;3,5;3,5;3,6;3,5;100;100;100;158;1,2;,6;
2026/06/16;0500 UTC;;950,5;950,6;950,4;0;3,3;3,3;3,5;3,2;3,5;3,2;100;100;100;132;,7;,3;
2026/06/16;0600 UTC;;950,4;950,4;950,4;0;3,2;3,3;3,3;3,2;3,3;3,3;100;100;100;156;,7;,3;
2026/06/16;0700 UTC;;;;;;;;;;;;;;;;;;
2026/06/16;0800 UTC;;;;;;;;;;;;;;;;;;
2026/06/16;0900 UTC;;;;;;;;;;;;;;;;;;
2026/06/16;1000 UTC;;;;;;;;;;;;;;;;;;
2026/06/16;1100 UTC;;;;;;;;;;;;;;;;;;
2026/06/16;1200 UTC;;;;;;;;;;;;;;;;;;
2026/06/16;1300 UTC;;;;;;;;;;;;;;;;;;
2026/06/16;1400 UTC;;;;;;;;;;;;;;;;;;
2026/06/16;1500 UTC;;;;;;;;;;;;;;;;;;
2026/06/16;1600 UTC;;950,9;951,1;950,6;2223,4;14,4;7,4;15,8;13,3;8,1;6,6;74;59;65;299;3,1;1,4;
2026/06/16;1700 UTC;;;;;2060,2;15,9;6,6;16,7;15,2;7,8;4,2;62;40;53;287;4,1;2,5;
2026/06/16;1800 UTC;;950,1;950,2;949,3;1710,6;16,6;6;17,3;16,2;7,6;4,1;54;39;47;264;4,5;2,5;
2026/06/16;1900 UTC;;950,1;950,3;949,9;1189,9;16,1;5,1;16,4;15,8;5,7;4,6;48;43;45;296;3,4;1,7;
2026/06/16;2000 UTC;;950,1;950,2;950;291,8;15,4;4,3;16,3;14,5;5,6;2,7;48;40;45;276;3,3;1,8;
2026/06/16;2100 UTC;;;;;;;;;;;;;;;;;;
2026/06/16;2200 UTC;;;;;;;;;;;;;;;;;;
2026/06/16;2300 UTC;;950,2;950,3;950,2;0;7,7;3,9;9,3;6,8;4,2;3,3;87;70;81;171;,8;,4;
2026/06/17;0000 UTC;;950,4;950,6;950,2;0;6,4;4,2;6,8;5,9;4,4;3,9;91;87;89;211;,5;,2;
2026/06/17;0100 UTC;;950,5;950,6;950,4;0;5,3;4;5,8;5;4,1;3,7;96;90;93;209;,3;0;
2026/06/17;0200 UTC;;950,7;950,9;950,5;0;4,8;4,1;5,1;4,6;4,3;3,6;97;94;96;277;,3;,1;
2026/06/17;0300 UTC;;935,1;951;;0;4,4;4,1;4,6;4,1;4,7;3,7;100;97;99;111;,6;,2;
2026/06/17;0400 UTC;;950,8;950,9;950,7;0;3,7;3,5;3,9;3,6;3,7;3,2;100;98;99;185;,6;,2;
2026/06/17;0500 UTC;;950,9;951,1;950,8;0;3,4;3,3;3,7;3,2;3,6;3;100;99;100;204;,5;,2;
2026/06/17;0600 UTC;;950,9;951;950,9;0;3,6;3,6;3,7;3,4;3,8;3,3;100;99;100;127;,5;,3;
2026/06/17;0700 UTC;;951;951,1;950,9;0;0;0;;;;;100;;98;176;,8;0;
2026/06/17;0800 UTC;;951;951,1;950,9;0;2,7;2,7;3,1;2,4;3,1;2,1;100;99;100;241;,5;,2;
2026/06/17;0900 UTC;;950,9;950,9;950,8;0;2,3;2,4;2,3;2,3;2,4;2,4;100;100;100;158;,4;,2;
2026/06/17;1000 UTC;;951,5;952,1;950,9;0;2,2;2,1;3,2;1,7;3,3;1,4;100;96;99;226;1,4;,6;
2026/06/17;1100 UTC;;952,3;952,6;952;19;2,3;2,3;2,6;2,1;2,6;2,2;100;100;100;146;,8;,4;
2026/06/17;1200 UTC;;952,7;952,8;952,6;86;2,9;3;3,3;2,4;3,3;2,5;100;100;100;157;,7;,3;
2026/06/17;1300 UTC;;;;;;;;;;;;;;;;;;
2026/06/17;1400 UTC;;;;;;;;;;;;;;;;;;
2026/06/17;1500 UTC;;;;;;;;;;;;;;;;;;
2026/06/17;1600 UTC;;;;;;;;;;;;;;;;;;
2026/06/17;1700 UTC;;;;;;;;;;;;;;;;;;
2026/06/17;1800 UTC;;;;;;;;;;;;;;;;;;
2026/06/17;1900 UTC;;;;;;;;;;;;;;;;;;
2026/06/17;2000 UTC;;;;;;;;;;;;;;;;;;
2026/06/17;2100 UTC;;;;;;;;;;;;;;;;;;
2026/06/17;2200 UTC;;;;;;;;;;;;;;;;;;
2026/06/17;2300 UTC;;;;;;;;;;;;;;;;;;
2026/06/18;0000 UTC;;;;;;;;;;;;;;;;;;
2026/06/18;0100 UTC;;;;;;;;;;;;;;;;;;
2026/06/18;0200 UTC;;;;;;;;;;;;;;;;;;
2026/06/18;0300 UTC;;;;;;;;;;;;;;;;;;
2026/06/18;0400 UTC;;;;;;;;;;;;;;;;;;
2026/06/18;0500 UTC;;;;;;;;;;;;;;;;;;
2026/06/18;0600 UTC;;;;;;;;;;;;;;;;;;
2026/06/18;0700 UTC;;951,4;951,6;951,2;0;2,7;2,8;3;2,4;3;2,5;100;100;100;141;,6;,3;
2026/06/18;0800 UTC;;951,1;951,2;951;0;2;2,1;2,6;1,8;2,7;1,8;100;100;100;143;,5;,2;
2026/06/18;0900 UTC;;951;951,1;950,9;0;1,7;1,8;2,1;1,4;2,2;1,5;100;100;100;170;,5;,2;
2026/06/18;1000 UTC;;951,2;951,4;951;0;1,9;2;2,5;1,6;2,6;1,7;100;100;100;221;,5;,2;
2026/06/18;1100 UTC;;951,9;952,4;951,4;22,2;1,7;1,8;2,2;1,3;2,2;1,3;100;99;100;223;1;,4;
2026/06/18;1200 UTC;;952,4;952,4;952,4;376,7;3,9;3,9;4;3,8;3,9;3,8;100;100;100;231;,6;,4;
2026/06/18;1300 UTC;;952,6;952,8;952,3;441,3;5,1;4,4;6,1;4;5,1;3,9;99;93;96;154;1,5;,8;
2026/06/18;1400 UTC;;952,6;952,7;952,5;673,9;7,7;0;9,3;6,4;;;96;86;91;161;1,4;,4;
2026/06/18;1500 UTC;;;;;;;;;;;;;;;;;;
2026/06/18;1600 UTC;;;;;;;;;;;;;;;;;;
2026/06/18;1700 UTC;;;;;;;;;;;;;;;;;;
2026/06/18;1800 UTC;;950,4;950,6;950,3;1259,3;18,2;7,8;18,6;18;8,2;7,2;50;45;48;119;3;,8;
2026/06/18;1900 UTC;;950;950,3;949,9;665,3;17,6;8,4;18,3;17,2;9,2;7,6;59;47;54;124;2,4;,7;
2026/06/18;2000 UTC;;;;;;;;;;;;;;;;;;
2026/06/18;2100 UTC;;949,3;949,5;949,1;20,5;14,6;7,5;15,5;14,1;8,1;7;67;61;65;143;3,1;,7;
2026/06/18;2200 UTC;;948,8;949,2;948,3;0;13,9;6,8;14,1;13,5;7,3;6,4;66;63;65;128;2,9;,8;
2026/06/18;2300 UTC;;948,2;948,3;947,9;0;13,6;6,8;13,9;13,3;7,1;6,6;68;64;66;110;4,8;1,3;
2026/06/19;0000 UTC;;;;;;;;;;;;;;;;;;
2026/06/19;0100 UTC;;947,8;948,1;947,2;0;12,8;7;13;12,6;7,2;6,7;72;69;71;144;5,7;1,4;
2026/06/19;0200 UTC;;945,9;946,4;945,6;0;13;7,1;13,1;12,9;7,3;7;72;70;71;127;6,2;2,6;
2026/06/19;0300 UTC;;945,9;946,3;945,5;0;13,3;6,7;13,5;13;7,1;6,3;70;66;67;121;7;2,3;
2026/06/19;0400 UTC;;945,5;946,1;944,8;0;13,3;6,2;13,4;13,1;6,5;5,9;66;62;65;109;7;2,6;
2026/06/19;0500 UTC;;945,8;946,5;945;0;13,5;5,7;13,7;13,2;5,9;5,5;63;60;61;125;9;1,9;
2026/06/19;0600 UTC;;945,5;946,3;944,8;0;12,9;5,6;13,3;12,6;5,8;5,4;65;61;63;98;6,6;2,5;
2026/06/19;0700 UTC;;944,5;945;944,2;0;13,5;5,5;13,8;13,1;5,6;5,2;62;58;60;109;9,9;2,2;
2026/06/19;0800 UTC;;944,3;944,5;944,1;0;13,6;5,4;13,9;13,3;5,7;5,1;62;56;59;159;4,1;1,4;
2026/06/19;0900 UTC;;946,8;947,7;944,5;0;13,4;5,7;13,9;12,9;6,3;5,2;67;58;62;241;4,7;2,1;
2026/06/19;1000 UTC;;947,9;948,4;947,2;0;12,5;6,4;13;11,9;7;6;75;66;70;213;1,7;,5;
2026/06/19;1100 UTC;;948,7;949,1;948,2;9,2;11,5;6,9;11,9;11,3;7,4;6,4;80;73;77;299;1,2;,6;
2026/06/19;1200 UTC;;949,2;949,8;948,2;0;10,9;8,4;11,7;10,2;9,8;6,9;98;77;88;184;1,4;,5;
2026/06/19;1300 UTC;;949,5;949,7;949,3;86,3;10,1;10;10,3;10,1;10,3;9,7;100;98;99;107;1,7;,6;
2026/06/19;1400 UTC;;949,2;949,7;948,3;105,9;10,4;10,4;10,6;10,3;10,5;10,2;100;99;100;68;4,1;1,3;
2026/06/19;1500 UTC;;;;;;;;;;;;;;;;;;
2026/06/19;1600 UTC;;;;;;;;;;;;;;;;;;
2026/06/19;1700 UTC;;;;;;;;;;;;;;;;;;
2026/06/19;1800 UTC;;;;;;;;;;;;;;;;;;
2026/06/19;1900 UTC;;;;;;;;;;;;;;;;;;
2026/06/19;2000 UTC;;;;;;;;;;;;;;;;;;
2026/06/19;2100 UTC;;;;;;;;;;;;;;;;;;
2026/06/19;2200 UTC;;;;;;;;;;;;;;;;;;
2026/06/19;2300 UTC;;;;;;;;;;;;;;;;;;
2026/06/20;0000 UTC;;947,1;947,2;947;0;12,4;11,9;12,7;12,3;12;11,7;99;95;97;280;1,4;,7;
2026/06/20;0100 UTC;;930,7;947,2;;0;12,5;12,2;12,6;12,3;12,4;12,1;;98;;274;3,8;1,6;
2026/06/20;0200 UTC;;947,1;947,3;946,8;0;12,5;12,4;12,6;12,5;12,5;12,3;100;99;100;288;1,5;,8;
2026/06/20;0300 UTC;;947,1;947,3;947;0;12,4;12,5;12,5;12,4;12,5;12,4;100;100;100;274;1,8;1,1;
2026/06/20;0400 UTC;;947,3;947,3;947,2;0;12,3;12,3;12,3;12,3;12,3;12,3;100;100;100;243;2;1,2;
2026/06/20;0500 UTC;;;;;;;;;;;;;;;;;;
2026/06/20;0600 UTC;;;;;;;;;;;;;;;;;;
2026/06/20;0700 UTC;;;;;;;;;;;;;;;;;;
2026/06/20;0800 UTC;;946,7;946,7;946,7;0;8,2;8,2;8,3;8,2;8,3;8,2;100;100;100;150;1;,4;
2026/06/20;0900 UTC;;946,4;946,6;946,2;0;8,2;8,2;8,3;8,1;8,3;8,2;100;100;100;168;2,4;1,1;
2026/06/20;1000 UTC;;946,6;946,7;946,4;0;8,2;8,2;8,2;8,1;8,3;8,1;100;100;100;159;1,3;,4;
2026/06/20;1100 UTC;;946,7;946,7;946,7;42,2;8,2;8,3;8,2;8,2;8,3;8,3;100;100;100;155;2,1;1,1;
2026/06/20;1200 UTC;;;;;;;;;;;;;;;;;;
2026/06/20;1300 UTC;;;;;;;;;;;;;;;;;;
2026/06/20;1400 UTC;;;;;;;;;;;;;;;;;;
2026/06/20;1500 UTC;;;;;;;;;;;;;;;;;;
2026/06/20;1600 UTC;;;;;;;;;;;;;;;;;;
2026/06/20;1700 UTC;;;;;;;;;;;;;;;;;;
2026/06/20;1800 UTC;;944,9;945,2;944,7;190,8;9,7;9;9,8;9,6;9,2;8,7;97;95;96;176;2,4;1;
2026/06/20;1900 UTC;;;;;;;;;;;;;;;;;;
2026/06/20;2000 UTC;;;;;;;;;;;;;;;;;;
2026/06/20;2100 UTC;;;;;;;;;;;;;;;;;;
2026/06/20;2200 UTC;;;;;;;;;;;;;;;;;;
2026/06/20;2300 UTC;;;;;;;;;;;;;;;;;;
2026/06/21;0000 UTC;;;;;;;;;;;;;;;;;;
2026/06/21;0100 UTC;;;;;;;;;;;;;;;;;;
2026/06/21;0200 UTC;;;;;;;;;;;;;;;;;;
2026/06/21;0300 UTC;;;;;;;;;;;;;;;;;;
2026/06/21;0400 UTC;;;;;;;;;;;;;;;;;;
2026/06/21;0500 UTC;;;;;;;;;;;;;;;;;;
2026/06/21;0600 UTC;;;;;;;;;;;;;;;;;;
2026/06/21;0700 UTC;;;;;;;;;;;;;;;;;;
2026/06/21;0800 UTC;;;;;;;;;;;;;;;;;;
2026/06/21;0900 UTC;;;;;;;;;;;;;;;;;;
2026/06/21;1000 UTC;;;;;;;;;;;;;;;;;;
2026/06/21;1100 UTC;;;;;;;;;;;;;;;;;;
2026/06/21;1200 UTC;;;;;;;;;;;;;;;;;;
2026/06/21;1300 UTC;;;;;;;;;;;;;;;;;;
2026/06/21;1400 UTC;;;;;;;;;;;;;;;;;;
2026/06/21;1500 UTC;;;;;;;;;;;;;;;;;;
2026/06/21;1600 UTC;;;;;;;;;;;;;;;;;;
2026/06/21;1700 UTC;;;;;;;;;;;;;;;;;;
2026/06/21;1800 UTC;;;;;;;;;;;;;;;;;;
2026/06/21;1900 UTC;;;;;;;;;;;;;;;;;;
2026/06/21;2000 UTC;;;;;;;;;;;;;;;;;;
2026/06/21;2100 UTC;;;;;;;;;;;;;;;;;;
2026/06/21;2200 UTC;;;;;;;;;;;;;;;;;;
2026/06/21;2300 UTC;;;;;;;;;;;;;;;;;;
2026/06/22;0000 UTC;;;;;;;;;;;;;;;;;;
2026/06/22;0100 UTC;;;;;;;;;;;;;;;;;;
2026/06/22;0200 UTC;;;;;;;;;;;;;;;;;;
2026/06/22;0300 UTC;;;;;;;;;;;;;;;;;;
2026/06/22;0400 UTC;;;;;;;;;;;;;;;;;;
2026/06/22;0500 UTC;;;;;;;;;;;;;;;;;;
2026/06/22;0600 UTC;;;;;;;;;;;;;;;;;;
2026/06/22;0700 UTC;;;;;;;;;;;;;;;;;;
2026/06/22;0800 UTC;;;;;;;;;;;;;;;;;;
2026/06/22;0900 UTC;;;;;;;;;;;;;;;;;;
2026/06/22;1000 UTC;;;;;;;;;;;;;;;;;;
2026/06/22;1100 UTC;;;;;;;;;;;;;;;;;;
2026/06/22;1200 UTC;;;;;;;;;;;;;;;;;;
2026/06/22;1300 UTC;;;;;;;;;;;;;;;;;;
2026/06/22;1400 UTC;;;;;;;;;;;;;;;;;;
2026/06/22;1500 UTC;;;;;;;;;;;;;;;;;;
2026/06/22;1600 UTC;;;;;;;;;;;;;;;;;;
2026/06/22;1700 UTC;;;;;;;;;;;;;;;;;;
2026/06/22;1800 UTC;;;;;;;;;;;;;;;;;;
2026/06/22;1900 UTC;;;;;;;;;;;;;;;;;;
2026/06/22;2000 UTC;;;;;;;;;;;;;;;;;;
2026/06/22;2100 UTC;;;;;;;;;;;;;;;;;;
2026/06/22;2200 UTC;;;;;;;;;;;;;;;;;;
2026/06/22;2300 UTC;;;;;;;;;;;;;;;;;;
2026/06/23;0000 UTC;;;;;;;;;;;;;;;;;;
2026/06/23;0100 UTC;;;;;;;;;;;;;;;;;;
2026/06/23;0200 UTC;;;;;;;;;;;;;;;;;;
2026/06/23;0300 UTC;;;;;;;;;;;;;;;;;;
2026/06/23;0400 UTC;;;;;;;;;;;;;;;;;;
2026/06/23;0500 UTC;;;;;;;;;;;;;;;;;;
2026/06/23;0600 UTC;;;;;;;;;;;;;;;;;;
2026/06/23;0700 UTC;;;;;;;;;;;;;;;;;;
2026/06/23;0800 UTC;;;;;;;;;;;;;;;;;;
2026/06/23;0900 UTC;;;;;;;;;;;;;;;;;;
2026/06/23;1000 UTC;;;;;;;;;;;;;;;;;;
2026/06/23;1100 UTC;;;;;;;;;;;;;;;;;;
2026/06/23;1200 UTC;;;;;;;;;;;;;;;;;;
2026/06/23;1300 UTC;;;;;;;;;;;;;;;;;;
2026/06/23;1400 UTC;;;;;;;;;;;;;;;;;;
2026/06/23;1500 UTC;;;;;;;;;;;;;;;;;;
2026/06/23;1600 UTC;;;;;;;;;;;;;;;;;;
2026/06/23;1700 UTC;;;;;;;;;;;;;;;;;;
2026/06/23;1800 UTC;;;;;;;;;;;;;;;;;;
2026/06/23;1900 UTC;;;;;;;;;;;;;;;;;;
2026/06/23;2000 UTC;;;;;;;;;;;;;;;;;;
2026/06/23;2100 UTC;;;;;;;;;;;;;;;;;;
2026/06/23;2200 UTC;;;;;;;;;;;;;;;;;;
2026/06/23;2300 UTC;;;;;;;;;;;;;;;;;;
2026/06/24;0000 UTC;;;;;;;;;;;;;;;;;;
2026/06/24;0100 UTC;;;;;;;;;;;;;;;;;;
2026/06/24;0200 UTC;;;;;;;;;;;;;;;;;;
2026/06/24;0300 UTC;;;;;;;;;;;;;;;;;;
2026/06/24;0400 UTC;;;;;;;;;;;;;;;;;;
2026/06/24;0500 UTC;;;;;;;;;;;;;;;;;;
2026/06/24;0600 UTC;;;;;;;;;;;;;;;;;;
2026/06/24;0700 UTC;;;;;;;;;;;;;;;;;;
2026/06/24;0800 UTC;;;;;;;;;;;;;;;;;;
2026/06/24;0900 UTC;;;;;;;;;;;;;;;;;;
2026/06/24;1000 UTC;;;;;;;;;;;;;;;;;;
2026/06/24;1100 UTC;;;;;;;;;;;;;;;;;;
2026/06/24;1200 UTC;;;;;;;;;;;;;;;;;;
2026/06/24;1300 UTC;;;;;;;;;;;;;;;;;;
2026/06/24;1400 UTC;;;;;;;;;;;;;;;;;;
2026/06/24;1500 UTC;;;;;;;;;;;;;;;;;;
2026/06/24;1600 UTC;;;;;;;;;;;;;;;;;;
2026/06/24;1700 UTC;;;;;;;;;;;;;;;;;;
2026/06/24;1800 UTC;;;;;;;;;;;;;;;;;;
2026/06/24;1900 UTC;;;;;;;;;;;;;;;;;;
2026/06/24;2000 UTC;;;;;;;;;;;;;;;;;;
2026/06/24;2100 UTC;;;;;;;;;;;;;;;;;;
2026/06/24;2200 UTC;;;;;;;;;;;;;;;;;;
2026/06/24;2300 UTC;;;;;;;;;;;;;;;;;;
2026/06/25;0000 UTC;;;;;;;;;;;;;;;;;;
2026/06/25;0100 UTC;;;;;;;;;;;;;;;;;;
2026/06/25;0200 UTC;;;;;;;;;;;;;;;;;;
2026/06/25;0300 UTC;;;;;;;;;;;;;;;;;;
2026/06/25;0400 UTC;;;;;;;;;;;;;;;;;;
2026/06/25;0500 UTC;;;;;;;;;;;;;;;;;;
2026/06/25;0600 UTC;;;;;;;;;;;;;;;;;;
2026/06/25;0700 UTC;;;;;;;;;;;;;;;;;;
2026/06/25;0800 UTC;;;;;;;;;;;;;;;;;;
2026/06/25;0900 UTC;;;;;;;;;;;;;;;;;;
2026/06/25;1000 UTC;;;;;;;;;;;;;;;;;;
2026/06/25;1100 UTC;;;;;;;;;;;;;;;;;;
2026/06/25;1200 UTC;;;;;;;;;;;;;;;;;;
2026/06/25;1300 UTC;;;;;;;;;;;;;;;;;;
2026/06/25;1400 UTC;;;;;;;;;;;;;;;;;;
2026/06/25;1500 UTC;;;;;;;;;;;;;;;;;;
2026/06/25;1600 UTC;;;;;;;;;;;;;;;;;;
2026/06/25;1700 UTC;;;;;;;;;;;;;;;;;;
2026/06/25;1800 UTC;;;;;;;;;;;;;;;;;;
2026/06/25;1900 UTC;;;;;;;;;;;;;;;;;;
2026/06/25;2000 UTC;;;;;;;;;;;;;;;;;;
2026/06/25;2100 UTC;;;;;;;;;;;;;;;;;;
2026/06/25;2200 UTC;;;;;;;;;;;;;;;;;;
2026/06/25;2300 UTC;;;;;;;;;;;;;;;;;;
2026/06/26;0000 UTC;;;;;;;;;;;;;;;;;;
2026/06/26;0100 UTC;;;;;;;;;;;;;;;;;;
2026/06/26;0200 UTC;;;;;;;;;;;;;;;;;;
2026/06/26;0300 UTC;;;;;;;;;;;;;;;;;;
2026/06/26;0400 UTC;;;;;;;;;;;;;;;;;;
2026/06/26;0500 UTC;;;;;;;;;;;;;;;;;;
2026/06/26;0600 UTC;;;;;;;;;;;;;;;;;;
2026/06/26;0700 UTC;;;;;;;;;;;;;;;;;;
2026/06/26;0800 UTC;;;;;;;;;;;;;;;;;;
2026/06/26;0900 UTC;;;;;;;;;;;;;;;;;;
2026/06/26;1000 UTC;;;;;;;;;;;;;;;;;;
2026/06/26;1100 UTC;;;;;;;;;;;;;;;;;;
2026/06/26;1200 UTC;;;;;;;;;;;;;;;;;;
2026/06/26;1300 UTC;;;;;;;;;;;;;;;;;;
2026/06/26;1400 UTC;;;;;;;;;;;;;;;;;;
2026/06/26;1500 UTC;;;;;;;;;;;;;;;;;;
2026/06/26;1600 UTC;;;;;;;;;;;;;;;;;;
2026/06/26;1700 UTC;;;;;;;;;;;;;;;;;;
2026/06/26;1800 UTC;;;;;;;;;;;;;;;;;;
2026/06/26;1900 UTC;;;;;;;;;;;;;;;;;;
2026/06/26;2000 UTC;;;;;;;;;;;;;;;;;;
2026/06/26;2100 UTC;;;;;;;;;;;;;;;;;;
2026/06/26;2200 UTC;;;;;;;;;;;;;;;;;;
2026/06/26;2300 UTC;;;;;;;;;;;;;;;;;;
2026/06/27;0000 UTC;;;;;;;;;;;;;;;;;;
2026/06/27;0100 UTC;;;;;;;;;;;;;;;;;;
2026/06/27;0200 UTC;;;;;;;;;;;;;;;;;;
2026/06/27;0300 UTC;;;;;;;;;;;;;;;;;;
2026/06/27;0400 UTC;;;;;;;;;;;;;;;;;;
2026/06/27;0500 UTC;;;;;;;;;;;;;;;;;;
2026/06/27;0600 UTC;;;;;;;;;;;;;;;;;;
2026/06/27;0700 UTC;;;;;;;;;;;;;;;;;;
2026/06/27;0800 UTC;;;;;;;;;;;;;;;;;;
2026/06/27;0900 UTC;;;;;;;;;;;;;;;;;;
2026/06/27;1000 UTC;;;;;;;;;;;;;;;;;;
2026/06/27;1100 UTC;;;;;;;;;;;;;;;;;;
2026/06/27;1200 UTC;;;;;;;;;;;;;;;;;;
2026/06/27;1300 UTC;;;;;;;;;;;;;;;;;;
2026/06/27;1400 UTC;;;;;;;;;;;;;;;;;;
2026/06/27;1500 UTC;;;;;;;;;;;;;;;;;;
2026/06/27;1600 UTC;;;;;;;;;;;;;;;;;;
2026/06/27;1700 UTC;;;;;;;;;;;;;;;;;;
2026/06/27;1800 UTC;;;;;;;;;;;;;;;;;;
2026/06/27;1900 UTC;;;;;;;;;;;;;;;;;;
2026/06/27;2000 UTC;;;;;;;;;;;;;;;;;;
2026/06/27;2100 UTC;;;;;;;;;;;;;;;;;;
2026/06/27;2200 UTC;;;;;;;;;;;;;;;;;;
2026/06/27;2300 UTC;;;;;;;;;;;;;;;;;;
2026/06/28;0000 UTC;;;;;;;;;;;;;;;;;;
2026/06/28;0100 UTC;;;;;;;;;;;;;;;;;;
2026/06/28;0200 UTC;;;;;;;;;;;;;;;;;;
2026/06/28;0300 UTC;;;;;;;;;;;;;;;;;;
2026/06/28;0400 UTC;;;;;;;;;;;;;;;;;;
2026/06/28;0500 UTC;;;;;;;;;;;;;;;;;;
2026/06/28;0600 UTC;;;;;;;;;;;;;;;;;;
2026/06/28;0700 UTC;;;;;;;;;;;;;;;;;;
2026/06/28;0800 UTC;;;;;;;;;;;;;;;;;;
2026/06/28;0900 UTC;;;;;;;;;;;;;;;;;;
2026/06/28;1000 UTC;;;;;;;;;;;;;;;;;;
2026/06/28;1100 UTC;;;;;;;;;;;;;;;;;;
2026/06/28;1200 UTC;;948,5;949;948,1;3,6;14,7;14,7;14,7;14,6;14,8;14,6;100;100;100;85;2,2;,7;
2026/06/28;1300 UTC;;949,4;949,5;949,3;18,3;14,9;15;14,9;14,9;15;15;100;100;100;346;3,5;1,6;
2026/06/28;1400 UTC;;948,3;948,4;948,2;20,7;14,7;14,8;14,7;14,7;14,8;14,8;100;100;100;359;1,7;,9;
2026/06/28;1500 UTC;;948,3;948,4;948,3;18,3;14,6;14,7;14,6;14,6;14,7;14,7;100;100;100;;1;,5;
2026/06/28;1600 UTC;;;;;;;;;;;;;;;;;;
2026/06/28;1700 UTC;;947,5;947,7;947,4;72,5;14,5;14,5;14,6;14,5;14,6;14,3;100;99;100;280;3,4;1,5;
2026/06/28;1800 UTC;;;;;;;;;;;;;;;;;;
2026/06/28;1900 UTC;;;;;;;;;;;;;;;;;;
2026/06/28;2000 UTC;;;;;;;;;;;;;;;;;;
2026/06/28;2100 UTC;;946,3;946,3;946,2;0;13,5;12,8;13,6;13,5;12,8;12,7;97;96;96;64;3,6;1,1;
2026/06/28;2200 UTC;;946,3;946,6;945,8;0;13,6;12,7;13,7;13,4;13;12,5;97;94;95;351;;2,4;
2026/06/28;2300 UTC;;946,3;946,8;945,5;0;13,9;12,8;14,1;13,7;12,9;12,6;95;93;94;329;6,9;2,1;
2026/06/29;0000 UTC;;946,7;947,2;945,8;0;14;12,9;14,2;13,9;13;12,8;95;93;94;327;6,6;2,4;
2026/06/29;0100 UTC;;947,2;947,7;946,1;0;14,3;13,2;14,5;13,9;13,4;13;96;93;95;269;;1,5;
2026/06/29;0200 UTC;;947,4;947,8;947,1;0;14,4;13,5;14,5;14,3;13,8;13,3;97;95;96;254;;2,2;
2026/06/29;0300 UTC;;947,6;947,8;947,2;0;14,5;13,9;14,5;14,4;14,1;13,7;98;96;97;275;5,2;2,3;
2026/06/29;0400 UTC;;947,2;947,5;946,9;0;14,3;14,2;14,4;14,2;14,3;14;100;98;99;274;4,3;1,9;
2026/06/29;0500 UTC;;947,5;947,7;947,1;0;14,1;14;14,2;13,6;14,2;13,2;100;97;100;222;;1,6;
2026/06/29;0600 UTC;;947,9;948;947,7;0;13,2;12,4;13,6;12,6;13,2;11,7;98;94;96;262;3,6;2;
2026/06/29;0700 UTC;;948,1;948,2;947,9;0;13,9;11,8;;11,8;12,1;11,6;100;96;99;201;;,6;
2026/06/29;0800 UTC;;947,8;947,8;947,8;0;11,5;11,4;11,5;11,5;11,5;11,4;100;100;100;102;,9;,5;
2026/06/29;0900 UTC;;948;948;947,9;0;11,4;11,5;11,4;11,4;11,5;11,5;100;100;100;335;1,2;,4;
2026/06/29;1000 UTC;;948,5;948,9;948;0;11,4;11,4;11,5;11,3;11,5;11,2;100;99;100;143;2,2;,9;
2026/06/29;1100 UTC;;949,4;949,4;949,3;17,6;11,1;10,6;11,3;10,9;11,2;9,8;100;94;98;110;3,3;,9;
2026/06/29;1200 UTC;;949,6;949,6;949,6;372,5;11,4;10,6;11,5;11,4;10,7;10,5;97;95;96;152;2,6;1,1;
2026/06/29;1300 UTC;;949,8;949,9;949,8;600,4;12,3;11;12,3;12,2;11,2;10,8;95;93;94;219;2,8;,9;
2026/06/29;1400 UTC;;949,9;949,9;949,8;692,3;12,6;10,2;12,6;12,5;10,7;9,9;91;87;88;154;3,7;2,1;
2026/06/29;1500 UTC;;949,8;949,8;949,7;1569,8;13,8;10,4;14;13,6;10,9;10,2;84;82;83;161;3,3;1,3;
2026/06/29;1600 UTC;;949,3;949,3;949,3;1076,2;14,9;10,6;15;14,9;11,1;10,3;81;77;79;184;1,4;,5;
2026/06/29;1700 UTC;;948,6;948,6;948,5;2208,3;15,8;10,9;16;15,5;11,3;10,4;78;73;76;23;2,3;,8;
2026/06/29;1800 UTC;;948,4;948,4;948,4;1816,2;16,6;11,1;16,8;16,3;11,6;10,8;76;70;72;63;1,6;,8;
2026/06/29;1900 UTC;;948,4;948,4;948,4;920,8;16,9;11,2;17,1;16,7;11,4;10,9;73;69;72;160;1,7;,7;
2026/06/29;2000 UTC;;;;;;;;;;;;;;;;;;
2026/06/29;2100 UTC;;948,1;948,1;948,1;0;14,7;12;14,8;14,7;12,2;11,9;87;86;86;117;,6;,3;
2026/06/29;2200 UTC;;948;948,1;948;0;14,5;12,1;14,7;14,3;12,5;11,9;90;86;88;127;1,1;,2;
2026/06/29;2300 UTC;;948,1;948,3;948;0;14;11,6;14,3;13,6;12,2;11,3;90;87;88;144;4,5;1,7;
2026/06/30;0000 UTC;;948,3;948,4;948,3;0;13,2;11,2;13,2;13,1;11,3;11;91;89;90;155;2,3;,9;
2026/06/30;0100 UTC;;948,2;948,3;948;0;12,7;11,1;13,1;12,3;11,3;10,9;94;90;92;142;2,8;,7;
2026/06/30;0200 UTC;;948,1;948,4;947,9;0;11,8;10,9;12,3;11,6;11;10,7;97;;94;115;2,8;,4;
2026/06/30;0300 UTC;;;;;;;;;;;;;;;;;;
2026/06/30;0400 UTC;;;;;;;;;;;;;;;;;;
2026/06/30;0500 UTC;;;;;;;;;;;;;;;;;;
2026/06/30;0600 UTC;;947,1;947,2;947,1;0;10,6;10,5;10,6;10,6;10,5;10,5;100;100;100;124;,8;,4;
2026/06/30;0700 UTC;;947;947,1;946,9;0;10,2;10,1;10,4;10,1;10,2;9,9;100;98;99;135;2,2;,7;
2026/06/30;0800 UTC;;946,8;946,9;946,6;0;10;10;10,1;9,9;10,1;9,9;100;100;100;134;2,3;1;
2026/06/30;0900 UTC;;946,7;947;946,5;0;9,9;9,9;9,9;9,8;10;9,8;100;100;100;138;2,2;,9;
2026/06/30;1000 UTC;;946,8;947;946,6;0;9,7;0;9,8;9,6;;;100;100;100;147;;1,2;
2026/06/30;1100 UTC;;947,6;947,6;947,6;18,9;9,6;9,7;9,7;9,6;9,7;9,7;100;100;100;143;,8;,5;
2026/06/30;1200 UTC;;947,8;947,8;947,7;156,8;9,9;9,9;9,9;9,9;10;9,9;100;100;100;207;,9;,4;
2026/06/30;1300 UTC;;948,1;948,2;948;490,7;10,2;10;10,3;10,1;10,2;9,9;100;99;99;162;2,3;1,3;
2026/06/30;1400 UTC;;948,2;948,3;948,2;449,7;11,1;10,6;11,1;11;10,7;10,5;98;97;98;153;1,9;,9;
2026/06/30;1500 UTC;;;;;;;;;;;;;;;;;;
2026/06/30;1600 UTC;;;;;;;;;;;;;;;;;;
2026/06/30;1700 UTC;;945,7;945,8;945,7;705,6;12,8;11,5;12,9;12,8;11,9;11,4;95;93;93;36;1,9;,9;
2026/06/30;1800 UTC;;945,4;945,4;945,3;628,6;13,1;11,9;13,2;13;12,1;11,7;95;93;94;172;1,7;,6;
2026/06/30;1900 UTC;;944,9;945;944,9;333,6;13,6;12,3;13,6;13,6;12,5;12,1;95;93;94;154;1,5;,5;
2026/06/30;2000 UTC;;;;;;;;;;;;;;;;;;
2026/06/30;2100 UTC;;944,2;944,3;944,2;0;12,2;12,1;12,2;12,1;12,2;12,1;100;100;100;152;1,6;,8;
2026/06/30;2200 UTC;;944,6;945;944,3;0;11,9;12;12,1;11,8;12,1;11,9;100;100;100;140;2,1;,6;
2026/06/30;2300 UTC;;945;945,2;944,8;0;11,8;11,9;11,9;11,8;11,9;11,8;100;100;100;275;;,4;
2026/07/01;0000 UTC;;;;;;;;;;;;;;;;;;
2026/07/01;0100 UTC;;;;;;;;;;;;;;;;;;
2026/07/01;0200 UTC;;;;;;;;;;;;;;;;;;
2026/07/01;0300 UTC;;945,8;946;945,6;0;11,3;11,4;11,5;11,2;11,5;11,3;100;100;100;178;2;,5;
2026/07/01;0400 UTC;;946,2;946,4;946;0;11,4;11,4;11,5;11,3;11,5;11,4;100;100;100;17;1,5;,8;
2026/07/01;0500 UTC;;945,9;946,1;945,8;0;11,4;11,5;11,4;11,3;11,5;11,4;100;100;100;345;1,1;,3;
2026/07/01;0600 UTC;;945,7;945,8;945,5;0;11,4;11,5;11,4;11,3;11,5;11,4;100;100;100;134;1,8;,5;
2026/07/01;0700 UTC;;945,6;945,7;945,4;0;11,5;11,6;11,7;11,3;11,8;11,4;100;100;100;68;1,1;,5;
2026/07/01;0800 UTC;;945,4;945,5;945,1;0;11,6;11,7;11,7;11,5;11,7;11,6;100;100;100;4;1,5;,7;
2026/07/01;0900 UTC;;945,2;945,4;944,9;0;11,6;11,7;11,9;11,5;11,9;11,6;100;100;100;142;1,1;,6;
2026/07/01;1000 UTC;;945,5;945,9;944,9;0;12,2;12,3;13,2;11,9;13,3;11,9;100;100;100;99;1,6;,8;
2026/07/01;1100 UTC;;;;;;;;;;;;;;;;;;
2026/07/01;1200 UTC;;946,7;947;946,5;204,2;14,9;15;15,4;13,9;15,4;14;100;100;100;338;1,1;,4;
2026/07/01;1300 UTC;;;;;;;;;;;;;;;;;;
2026/07/01;1400 UTC;;947,3;947,5;947,2;813,7;17,3;16,5;17,4;17,2;16,6;16,3;96;95;96;117;1,3;,6;
2026/07/01;1500 UTC;;947,4;948,1;947;235,5;17,6;16,7;17,8;17,3;16,9;16,3;97;93;96;359;3,7;1,8;
2026/07/01;1600 UTC;;;;;;;;;;;;;;;;;;
2026/07/01;1700 UTC;;;;;;;;;;;;;;;;;;
2026/07/01;1800 UTC;;945,2;945,2;945,1;130,8;16,9;17;16,9;16,9;17;17;100;100;100;167;1,4;,7;
2026/07/01;1900 UTC;;;;;;;;;;;;;;;;;;
2026/07/01;2000 UTC;;946,1;946,1;946;0;16,7;16,7;16,7;16,7;16,8;16,7;100;100;100;157;1,3;,8;
2026/07/01;2100 UTC;;946;946,7;945;0;16,7;16,8;16,8;16,6;16,9;16,7;100;100;100;339;2,4;1,1;
2026/07/01;2200 UTC;;946,4;946,8;946;0;16,6;16,7;16,7;16,5;16,8;16,6;100;100;100;116;2,1;,7;
2026/07/01;2300 UTC;;947;947,3;946,6;0;16,6;16,6;16,7;16,4;16,8;16,5;100;100;100;139;1,4;,6;
2026/07/02;0000 UTC;;947,2;947,7;946,5;0;16,4;16,4;16,4;16,2;16,5;16,3;100;100;100;232;1,5;,6;
2026/07/02;0100 UTC;;948,1;948,5;947,7;0;16,3;16,3;16,3;16,2;16,4;16,2;100;100;100;146;2,4;1,1;
2026/07/02;0200 UTC;;948,5;949;947,8;0;16,1;16,1;16,2;15,9;16,2;16;100;100;100;118;4,4;,5;
2026/07/02;0300 UTC;;949,1;949,7;948,7;0;15,2;15,3;15,9;14,5;16;14,6;100;100;100;154;;1;
2026/07/02;0400 UTC;;949;949,5;948,7;0;14,1;14,2;14,5;13,7;14,6;13,8;100;100;100;80;13,3;,8;
2026/07/02;0500 UTC;;948,8;948,8;948,8;0;13,4;13,4;13,4;13,3;13,4;13,4;100;100;100;180;1,8;1;
2026/07/02;0600 UTC;;;948,7;948,2;0;13;13,3;13,4;;13,4;13,2;100;100;100;30;;,8;
2026/07/02;0700 UTC;;948,3;949;947,9;0;13;13,1;13,1;12,8;13,2;12,9;100;100;100;143;3,7;1,1;
2026/07/02;0800 UTC;;948,5;949;948,1;0;12,8;12,8;12,9;12,7;12,9;12,7;100;100;100;165;;1;
2026/07/02;0900 UTC;;948,8;949;948,4;0;12,6;12,6;12,7;12,5;12,7;12,5;100;100;100;131;2,7;,5;
2026/07/02;1000 UTC;;;;;;;;;;;;;;;;;;
2026/07/02;1100 UTC;;949,7;950,2;949,2;0;12,2;12,3;12,3;12,2;12,3;12,3;100;100;100;52;2,7;,7;
2026/07/02;1200 UTC;;949,9;950;949,8;22,2;12,3;12,3;12,3;12,3;12,4;12,3;100;100;100;159;1,7;,6;
2026/07/02;1300 UTC;;;;;;;;;;;;;;;;;;
2026/07/02;1400 UTC;;950,3;950,4;950,3;71,6;12,6;12,7;12,6;12,6;12,7;12,6;100;100;100;101;1;,5;
2026/07/02;1500 UTC;;949,8;949,8;949,8;136,5;12,8;12,8;12,8;12,7;12,9;12,8;100;100;100;;,9;,3;
2026/07/02;1600 UTC;;;;;;;;;;;;;;;;;;
2026/07/02;1700 UTC;;;;;;;;;;;;;;;;;;
2026/07/02;1800 UTC;;949,5;949,6;949,4;147,9;12,5;12,3;12,6;12,5;12,5;12,1;100;98;99;167;5,4;3;
2026/07/02;1900 UTC;;;;;;;;;;;;;;;;;;
2026/07/02;2000 UTC;;950,1;950,1;950,1;35,6;11,7;11,4;11,7;11,7;11,4;11,3;99;98;98;162;5,1;2,9;
2026/07/02;2100 UTC;;950,6;950,7;950,5;0;10,8;10,7;10,8;10,7;10,7;10,6;100;100;100;168;5;;
2026/07/02;2200 UTC;;951,3;951,9;950,7;0;10,4;10,1;10,7;10,1;10,6;9,7;100;97;99;174;5,2;1,7;
2026/07/02;2300 UTC;;952,4;952,4;952,3;0;9,4;9,3;9,5;9,4;9,4;9,2;100;99;99;190;5,5;1,7;
2026/07/03;0000 UTC;;;;;;;;;;;;;;;;;;
2026/07/03;0100 UTC;;952,9;953;952,7;0;9;8,5;9;8,9;8,7;8,2;99;96;98;162;4;;
2026/07/03;0200 UTC;;953,2;953,3;953;0;8,9;8,5;8,9;8,8;8,7;8,2;99;97;98;180;3,5;1;
2026/07/03;0300 UTC;;953,2;953,3;953,1;0;8,7;8,5;8,8;8,6;8,7;8,3;100;98;99;179;3,5;1;
2026/07/03;0400 UTC;;953,1;953,2;953;0;8,5;8,5;8,5;8,4;8,6;8,4;100;100;100;163;2,6;1,1;
2026/07/03;0500 UTC;;952,9;953,1;952,8;0;8,3;8,4;8,4;8,1;8,5;8,2;100;100;100;180;2,9;1,2;
2026/07/03;0600 UTC;;937;953;;0;8;8;8,2;7,6;8,2;7,5;100;99;100;187;;1,7;
2026/07/03;0700 UTC;;952,9;953;952,8;0;6,5;6,3;6,9;6;7;5,8;100;99;99;166;5,8;2,8;
2026/07/03;0800 UTC;;953,2;953,3;953;0;5,4;5,4;5,7;5,2;5,8;5,2;100;99;100;153;;1,9;
2026/07/03;0900 UTC;;;;;;;;;;;;;;;;;;
2026/07/03;1000 UTC;;;;;;;;;;;;;;;;;;
2026/07/03;1100 UTC;;954,6;954,6;954,6;28,6;4,1;4;4,1;4;4,1;3,9;100;99;100;153;3,6;2,4;
2026/07/03;1200 UTC;;955;955;954,9;135,7;3,1;2,6;3,1;3;2,8;2,6;98;97;98;158;4,8;2;
2026/07/03;1300 UTC;;955,4;955,4;955,3;557,5;3;2,4;3,1;2,9;2,7;2,1;98;95;97;179;1,1;,4;
2026/07/03;1400 UTC;;955,3;955,3;955,2;1410,5;4,5;3,5;4,8;4,4;3,8;2,9;96;92;95;49;2,4;,9;
2026/07/03;1500 UTC;;955;955,3;954,8;2062,8;5,6;,9;6,2;4,9;3,5;-1,5;91;62;76;147;5,1;2,3;
2026/07/03;1600 UTC;;;;;;;;;;;;;;;;;;
2026/07/03;1700 UTC;;953,9;953,9;953,8;1958,1;8,5;-1,2;8,6;8,3;-,1;-2,7;57;44;52;178;3,9;1,9;
2026/07/03;1800 UTC;;953,8;953,8;953,7;1678,5;8,6;-1,7;8,6;8,6;-1;-2;52;47;49;155;3,7;1,9;
2026/07/03;1900 UTC;;953,4;953,5;953,2;1052,5;8,7;-,9;9,1;8,2;,3;-2;58;48;52;152;3,9;1,3;
2026/07/03;2000 UTC;;;;;;;;;;;;;;;;;;
2026/07/03;2100 UTC;;;;;;;;;;;;;;;;;;
2026/07/03;2200 UTC;;;;;;;;;;;;;;;;;;
2026/07/03;2300 UTC;;;;;;;;;;;;;;;;;;
2026/07/04;0000 UTC;;;;;;;;;;;;;;;;;;
2026/07/04;0100 UTC;;954,4;954,5;954,3;0;2,1;1,9;2,4;1,8;2,3;1,6;99;98;99;348;;,6;
2026/07/04;0200 UTC;;954,4;954,4;954,3;0;1,4;1,4;1,7;1,3;1,7;1,2;100;100;100;158;,6;,3;
2026/07/04;0300 UTC;;954,3;954,5;954,2;0;1,3;1,3;1,4;1;1,5;1,1;100;100;100;302;1;,2;
2026/07/04;0400 UTC;;954,2;954,3;954;0;1,5;1,6;2;1,2;2;1,3;100;100;100;141;,9;,3;
2026/07/04;0500 UTC;;953,6;953,8;953,5;0;2,3;2,3;2,4;2,2;2,3;2,2;100;99;100;18;1,1;,5;
2026/07/04;0600 UTC;;953,4;953,6;953,3;0;2,5;2,5;2,7;2,3;2,7;2,3;100;99;100;137;1,7;,8;
2026/07/04;0700 UTC;;953,2;953,4;953,1;0;3,2;2,8;3,2;3,1;2,9;2,4;98;97;98;164;1,4;,4;
2026/07/04;0800 UTC;;952,9;953,1;952,8;0;3,2;3;3,4;3,1;3,3;2,5;100;97;99;145;2,2;1;
2026/07/04;0900 UTC;;952,8;953;952,7;0;3,6;3,2;3,7;3,4;3,4;3;99;97;98;206;2,8;,4;
2026/07/04;1000 UTC;;953;953,1;952,9;0;3,8;0;3,9;3,7;;;99;96;97;197;2,7;,4;
2026/07/04;1100 UTC;;953,6;953,6;953,5;33,4;3,8;2,9;3,8;3,8;3;2,8;96;95;95;234;1,4;,4;
2026/07/04;1200 UTC;;953,7;953,8;953,7;213,2;4,4;3,2;4,4;4,4;3,4;3;95;93;94;279;1,5;,5;
2026/07/04;1300 UTC;;954,4;954,4;954,3;323,3;5,3;3,3;5,3;5,3;3,7;3;92;89;90;322;2,5;,8;
2026/07/04;1400 UTC;;954,2;954,3;954,2;895,3;6,3;3,7;6,5;6,2;4,2;3,2;90;84;87;141;1,8;,7;
2026/07/04;1500 UTC;;953,8;954;953,6;1185,8;7,3;3,5;7,8;6,8;4,1;3,1;86;78;81;162;3,9;2,1;
2026/07/04;1600 UTC;;;;;;;;;;;;;;;;;;
2026/07/04;1700 UTC;;952,7;952,8;952,6;1488,1;10,5;4,7;10,7;10,4;4,9;4,5;72;70;71;180;2,9;1,6;
2026/07/04;1800 UTC;;951,3;951,3;951,3;1617,9;11,3;5;11,3;11,2;5,3;4,5;70;66;69;148;2;1,2;
2026/07/04;1900 UTC;;950,4;950,5;950,4;566,4;10,7;5,1;10,8;10,7;5,3;4,9;73;71;72;143;4,2;2;
2026/07/04;2000 UTC;;;;;;;;;;;;;;;;;;
2026/07/04;2100 UTC;;;;;;;;;;;;;;;;;;
2026/07/04;2200 UTC;;951,1;951,5;950,6;0;8,1;5,6;8,2;7,9;5,9;5,3;89;86;88;105;2,9;,6;
2026/07/04;2300 UTC;;951,5;951,7;951,3;0;7,7;5,6;7,9;7,5;6;5,2;92;87;89;137;19,7;,4;
2026/07/05;0000 UTC;;951,2;951,7;950,9;0;7,2;5,8;7,5;6,9;6,1;5,6;94;92;93;296;1,8;,6;
2026/07/05;0100 UTC;;950,6;951,1;949,8;0;6,8;6;6,9;6,7;6,2;5,6;97;94;96;176;3;1,3;
2026/07/05;0200 UTC;;950,8;951,3;950,2;0;6,8;6,2;6,8;6,8;6,6;5,9;99;96;97;191;2,8;1;
2026/07/05;0300 UTC;;951;951,6;950,2;0;6,8;6,5;6,9;6,8;6,7;6,3;100;98;99;142;5;,6;
2026/07/05;0400 UTC;;951,1;951,8;950,6;0;6,7;6,6;6,8;6,6;6,8;6,4;100;99;99;81;3,5;1;
2026/07/05;0500 UTC;;950,9;951,6;950,4;;6,5;6,5;6,6;6,4;6,6;6,5;100;100;100;210;;,4;
2026/07/05;0600 UTC;;934,3;950,6;;;6,4;6,5;6,5;6,4;6,5;6,4;100;100;100;151;;,4;
2026/07/05;0700 UTC;;949,9;950;949,7;;6,4;6,4;6,4;6,3;6,5;6,4;100;100;100;150;,8;,7;
2026/07/05;0800 UTC;;949,6;949,7;949,4;0;6,3;6,4;6,4;6,3;6,4;6,4;100;100;100;166;1,8;,5;
2026/07/05;0900 UTC;;950;950,3;949,5;0;6,4;6,4;6,4;6,3;6,5;6,3;100;100;100;150;2,7;1;
2026/07/05;1000 UTC;;950,4;950,5;950,3;0;6,1;6,1;6,2;6;6,2;6,1;100;100;100;248;2,8;,4;
2026/07/05;1100 UTC;;950,4;950,5;950,3;25,2;6,1;6,2;6,2;6,1;6,2;6,2;100;100;100;221;1,1;,4;
2026/07/05;1200 UTC;;950,5;950,6;950,4;180,5;6,5;6,5;6,8;6,3;6,8;6,3;100;100;100;268;1,2;,5;
2026/07/05;1300 UTC;;950,7;950,9;950,6;396,9;7,3;7,4;7,9;6,7;7,9;6,8;100;100;100;312;1,4;,5;
2026/07/05;1400 UTC;;950,8;950,8;950,8;885,4;11,6;9,6;11,7;11,3;10;9,3;92;88;90;165;1;,5;
2026/07/05;1500 UTC;;950,3;950,4;950,3;1525;14,3;10,5;14,4;14,1;10,6;10,2;82;79;81;82;1,3;,7;
2026/07/05;1600 UTC;;;;;;;;;;;;;;;;;;
2026/07/05;1700 UTC;;948,8;948,8;948,8;670;17,7;12,9;17,8;17,7;13,2;12,7;78;75;76;102;1;,4;
2026/07/05;1800 UTC;;948,7;948,8;948,5;406,7;18,3;13,2;18,3;18,2;13,4;12,6;76;72;75;22;2;,9;
2026/07/05;1900 UTC;;948,3;948,5;948,1;0;0;13,1;;;13,7;12,4;80;73;76;94;;,6;
2026/07/05;2000 UTC;;;;;;;;;;;;;;;;;;
2026/07/05;2100 UTC;;;;;;;;;;;;;;;;;;
2026/07/05;2200 UTC;;948,6;948,7;948,4;0;14,9;13,9;15,5;14,4;14,1;13,7;97;93;95;154;,7;,2;
2026/07/05;2300 UTC;;948,4;948,5;948,3;0;14;13,5;14,5;13,6;13,8;13,1;99;95;97;40;,6;,2;
2026/07/06;0000 UTC;;948,4;948,5;948,2;0;13,9;13,5;14,4;13,5;14;12,6;100;93;98;154;1;,4;
2026/07/06;0100 UTC;;948,5;948,6;948,3;0;14,3;12,9;14,8;13,8;13,4;12,7;98;89;93;109;1,5;,6;
2026/07/06;0200 UTC;;948,6;948,9;948,3;0;14,3;12,5;14,8;13,7;12,7;12,1;;;;;;,7;
2026/07/06;0300 UTC;;;;;;;;;;;;;;;;;;
2026/07/06;0400 UTC;;949,1;949,2;949;0;15;12,4;15,6;14,2;12,5;12,3;91;84;87;346;2,9;1,7;
2026/07/06;0500 UTC;;948,8;949,1;948,7;0;15,2;12,5;15,6;14,8;12,6;12,4;89;84;86;354;2,7;1,5;
2026/07/06;0600 UTC;;948,3;948,7;947,9;0;14,7;12,6;15,3;14,5;12,7;12,4;91;86;89;5;2,7;,9;
2026/07/06;0700 UTC;;947,7;947,9;947,6;0;14,8;12,5;14,9;14,4;12,6;12,4;91;88;89;306;3,4;1,8;
2026/07/06;0800 UTC;;948;948,4;947,7;0;14,1;12,6;14,7;13,8;12,8;12,4;94;89;92;263;;3,6;
2026/07/06;0900 UTC;;948,3;948,6;947,9;0;13,6;12,6;14;13,4;12,8;12,1;96;93;95;272;6,1;2,9;
2026/07/06;1000 UTC;;;;;;;;;;;;;;;;;;
2026/07/06;1100 UTC;;;;;;;;;;;;;;;;;;
2026/07/06;1200 UTC;;949,2;949,3;949,1;116,7;12,3;8;12,4;12,2;8,2;7,9;80;78;79;278;4,1;2,2;
2026/07/06;1300 UTC;;949,7;949,7;949,6;477,9;12,2;8,7;12,2;12,2;8,8;8,6;83;82;83;269;4,4;2,7;
2026/07/06;1400 UTC;;949,9;950;949,9;624,7;11,8;9,2;11,9;11,7;9,4;9,2;87;87;87;273;4;2,2;
2026/07/06;1500 UTC;;950,5;950,6;950,5;126,5;11,4;8,4;11,4;11,4;8,5;8,3;86;84;85;275;4,4;2,6;
2026/07/06;1600 UTC;;;;;;;;;;;;;;;;;;
2026/07/06;1700 UTC;;948,9;949,2;948,5;126,1;10,2;8;10,2;10,1;8,2;7,9;90;89;89;280;3,9;1,9;
2026/07/06;1800 UTC;;;;;;;;;;;;;;;;;;
2026/07/06;1900 UTC;;;;;;;;;;;;;;;;;;
2026/07/06;2000 UTC;;;;;;;;;;;;;;;;;;
2026/07/06;2100 UTC;;;;;;;;;;;;;;;;;;
2026/07/06;2200 UTC;;949,9;950,2;949,8;0;9,1;6,3;9,1;9;6,9;5,6;89;83;86;255;5,4;9,5;
2026/07/06;2300 UTC;;950,2;950,3;950;0;8,3;5,4;9;7,6;5,8;5,2;89;83;86;281;4,9;1,3;
2026/07/07;0000 UTC;;;;;;;;;;;;;;;;;;
2026/07/07;0100 UTC;;950,3;950,5;950,1;0;6,1;6,1;6,5;6;6,4;5,6;100;98;100;295;2,9;1,4;
2026/07/07;0200 UTC;;950,9;951,1;950,5;0;7,2;5,4;7,4;6,9;5,8;5;94;88;91;253;5,2;2,1;
2026/07/07;0300 UTC;;;;;;;;;;;;;;;;;;
2026/07/07;0400 UTC;;;;;;;;;;;;;;;;;;
2026/07/07;0500 UTC;;;;;;;;;;;;;;;;;;
2026/07/07;0600 UTC;;;;;;;;;;;;;;;;;;
2026/07/07;0700 UTC;;;;;;;;;;;;;;;;;;
2026/07/07;0800 UTC;;;;;;;;;;;;;;;;;;
2026/07/07;0900 UTC;;;;;;;;;;;;;;;;;;
2026/07/07;1000 UTC;;;;;;;;;;;;;;;;;;
2026/07/07;1100 UTC;;951,4;951,5;951,4;36,6;3,8;3,3;3,9;3,8;3,4;3,3;98;97;97;264;2,2;1,5;
2026/07/07;1200 UTC;;951,6;951,7;951,6;369,6;4,5;2,9;4,6;4,4;3,2;2,6;94;91;92;315;3;1,4;
2026/07/07;1300 UTC;;952,3;952,4;952,3;1504,4;5,6;2,1;5,9;5,3;2,5;1,8;84;81;83;278;3,8;2,1;
2026/07/07;1400 UTC;;952,5;952,6;952,5;2124,2;7,6;2,4;7,7;7,5;2,6;2;75;72;74;289;4,2;1,9;
2026/07/07;1500 UTC;;952,2;952,3;952,2;2369,9;9,7;1,3;9,8;9,6;1,6;1;60;56;58;257;3,4;2,1;
2026/07/07;1600 UTC;;;;;;;;;;;;;;;;;;
2026/07/07;1700 UTC;;951,3;951,3;951,2;2141,1;11,5;2,3;11,9;11,3;2,5;2,1;56;52;54;277;4;1,8;
2026/07/07;1800 UTC;;951;951;951;1674,8;12,1;3,2;12,4;11,8;3,4;2,9;58;54;55;282;4,1;1,9;
2026/07/07;1900 UTC;;951,1;951,1;951,1;1060,5;12,5;3,3;12,6;12,4;3,5;3,1;55;53;54;282;3,8;1,8;
2026/07/07;2000 UTC;;;;;;;;;;;;;;;;;;
2026/07/07;2100 UTC;;950,3;950,3;950,3;0;8,8;3,5;8,9;8,7;3,6;3,4;74;72;73;307;2,4;,8;
2026/07/07;2200 UTC;;950,2;950,3;950,1;0;7,6;3,5;8,7;7;3,7;3,4;82;74;79;293;;,6;
2026/07/07;2300 UTC;;950,2;950,4;950,1;0;6,1;3,5;6,8;5,7;3,7;3,2;89;84;87;154;1,3;,3;
2026/07/08;0000 UTC;;950,4;950,5;950,3;0;5,2;3,2;5,8;4,8;3,5;2,9;93;87;90;27;1,1;,4;
2026/07/08;0100 UTC;;950,6;951;950,4;0;3,7;3;4;3,4;3,2;2,8;98;95;96;293;1;,3;
2026/07/08;0200 UTC;;950,4;950,5;950,3;0;3,1;2,8;3,2;2,9;3,1;2,4;100;97;99;331;,7;,4;
2026/07/08;0300 UTC;;950,2;950,4;950;0;2,2;2;2,4;2,1;2,1;1,9;100;98;99;192;,9;,5;
2026/07/08;0400 UTC;;950,3;950,4;950,1;0;1,8;1,8;2,1;1,5;2,1;1,3;100;99;100;225;,7;,3;
2026/07/08;0500 UTC;;950,2;;;;1,5;1,5;;;;;;;100;218;,4;,3;
2026/07/08;0600 UTC;;949,8;;;;1;1;;;;;;;100;229;,3;,3;
2026/07/08;0700 UTC;;948,9;;;;,4;,4;;;;;;;100;160;,6;,8;
2026/07/08;0800 UTC;;948,9;;;;,5;,5;;;;;;;100;253;,5;,3;
2026/07/08;0900 UTC;;949,2;949,2;949,1;0;,1;0;,2;0;,2;-,1;100;99;100;182;,7;,3;
2026/07/08;1000 UTC;;949,5;949,7;949,1;0;,1;,1;,3;-,2;,4;-,1;100;100;100;197;;,3;
2026/07/08;1100 UTC;;950,4;950,5;950,4;45,8;,2;,2;,2;,2;,2;,2;100;100;100;148;,7;,5;
2026/07/08;1200 UTC;;950,9;950,9;950,9;132,2;1,7;1,7;1,7;1,6;1,7;1,7;100;100;100;268;,7;,4;
2026/07/08;1300 UTC;;951,1;951,2;951,1;635,8;5,1;3,4;5,4;5;3,8;3,1;92;90;91;155;1;,5;
2026/07/08;1400 UTC;;951;951,1;950,9;1510,5;9,4;4,7;10,8;8,1;5,5;4,3;81;70;77;139;1,5;,8;
2026/07/08;1500 UTC;;951,2;951,3;951,2;2224,5;16,2;6;16,4;16,1;6,6;5,6;52;46;49;348;2,7;1;
2026/07/08;1600 UTC;;;;;;;;;;;;;;;;;;
2026/07/08;1700 UTC;;949,9;949,9;949,9;2078,5;19,8;6;19,9;19,8;6,2;5,8;32;30;31;3;4,1;1,8;
2026/07/08;1800 UTC;;949,6;949,6;949,5;1640,3;20,3;5,6;20,4;20,2;6,1;5,4;29;25;27;324;3,5;1,8;
2026/07/08;1900 UTC;;949,1;949,2;949,1;1034,2;20,2;5,3;20,3;20;5,5;5;26;25;26;318;4,2;2,1;
2026/07/08;2000 UTC;;949,2;949,2;949,2;112,4;18,2;5,2;18,3;18;5,6;4,8;37;33;35;36;1;,4;
2026/07/08;2100 UTC;;948,9;948,9;948,9;0;13,4;4,4;13,6;13;4,6;4,2;57;53;55;347;1,1;,6;
2026/07/08;2200 UTC;;949;949,1;948,9;0;11,6;4,4;12,9;10,3;5,1;3,5;72;54;64;312;1;,2;
2026/07/08;2300 UTC;;949,5;949,8;949,1;0;9,5;4,8;10,3;8,7;5,2;4,1;81;71;77;27;;,1;
2026/07/09;0000 UTC;;;;;;;;;;;;;;;;;;
2026/07/09;0100 UTC;;950,1;950,2;949,9;0;7;3,8;7,4;6,6;4,4;3,1;88;79;84;186;,6;,3;
2026/07/09;0200 UTC;;949,2;949,9;948,7;0;6,4;3,8;7,2;5,8;4;3,2;91;80;87;144;1,4;1;
2026/07/09;0300 UTC;;948,4;948,7;948,2;0;5,9;3,6;6,4;5,5;4;3,1;92;85;89;155;;,4;
2026/07/09;0400 UTC;;948,1;948,1;948,1;;5,3;3,6;5,3;5,3;3,6;3,6;92;92;92;;;;
2026/07/09;0500 UTC;;947,9;948;947,8;0;5,6;3,2;5,8;5,2;3,5;2,7;90;85;88;178;2,1;,4;
2026/07/09;0600 UTC;;947,9;;;;6,2;2,4;;;;;;;81;136;,8;,4;
2026/07/09;0700 UTC;;947,3;947,5;947,2;0;6,2;1,9;6,9;5,6;2,4;1,2;83;73;78;61;1,8;,6;
2026/07/09;0800 UTC;;947,3;947,4;947,2;0;9;1,7;10,8;6,9;2,2;1,2;74;56;64;115;3;,7;
2026/07/09;0900 UTC;;;;;;;;;;;;;;;;;;
2026/07/09;1000 UTC;;947,9;947,9;947,8;0;6,1;2,3;6,9;5,4;2,6;2;86;77;81;142;2,1;,5;
2026/07/09;1100 UTC;;948,1;948,1;948,1;78,8;4,8;2,5;4,9;4,7;2,6;2,3;89;87;88;355;1;,4;
2026/07/09;1200 UTC;;948,5;948,6;948,5;191,2;7,9;3,7;8,1;7,7;4;3,2;80;77;79;310;1;,5;
2026/07/09;1300 UTC;;949,4;949,4;949,4;1215,2;12,1;4,7;12,2;11,9;4,8;4,6;64;63;63;130;,6;,2;
2026/07/09;1400 UTC;;949,5;949,5;949,5;2058,6;16,8;7,2;17,1;16,4;7,5;6,8;53;49;52;341;2,2;1,2;
2026/07/09;1500 UTC;;949,2;949,3;949,1;2260;20,5;8,7;20,9;20,1;9,1;8,4;44;39;41;346;5,2;2,1;
2026/07/09;1600 UTC;;;;;;;;;;;;;;;;;;
2026/07/09;1700 UTC;;948,2;948,3;948,2;2062,4;22,4;11,3;22,5;22,4;11,6;11,1;46;44;44;266;5,7;2,9;
2026/07/09;1800 UTC;;947,9;947,9;947,9;1650,7;22,5;11,5;22,5;22,4;11,8;11,3;47;44;45;290;5;2,4;
2026/07/09;1900 UTC;;947,5;947,5;947,5;1096,4;22,6;12,4;22,6;22,5;12,6;12,2;50;48;49;278;4,6;2,3;
2026/07/09;2000 UTC;;;;;;;;;;;;;;;;;;
2026/07/09;2100 UTC;;946,9;946,9;946,9;0;17,6;12,2;17,7;17,5;12,2;12,1;73;73;73;358;,8;,3;
2026/07/09;2200 UTC;;946,9;947,1;946,8;0;16,3;11,8;17,5;15,1;12,2;11,5;84;72;77;359;1,1;,3;
2026/07/09;2300 UTC;;946,9;947;946,8;0;14,8;11,5;15;14,5;12,1;11;86;80;83;20;2,2;1;
2026/07/10;0000 UTC;;946,7;946,8;946,6;0;15,1;10,5;15,4;14,9;11;10,2;80;75;77;312;;,3;
2026/07/10;0100 UTC;;946,8;946,9;946,6;0;14;10,1;14,4;13,5;10,6;9,8;83;78;81;76;1,3;,4;
2026/07/10;0200 UTC;;946,7;946,8;946,5;0;14,2;9,5;14,5;13,5;10,1;9;83;73;76;123;;,7;
2026/07/10;0300 UTC;;946,7;946,8;946,6;0;13,1;9,3;14,6;11,7;9,6;8,9;88;72;81;120;1,5;,3;
2026/07/10;0400 UTC;;946,5;946,6;946,4;0;11,6;9,6;11,7;11,3;9,8;9,3;91;89;90;242;;,2;
2026/07/10;0500 UTC;;946,4;946,6;946,1;0;11,3;9,7;11,6;11,1;10;9,3;94;89;92;63;,5;,2;
2026/07/10;0600 UTC;;945,7;946;945,5;0;11,3;9,9;11,6;10,9;10,1;9,6;94;91;93;84;1,2;,4;
2026/07/10;0700 UTC;;945,1;945,3;945;0;11,1;10;11,2;11,1;10,1;9,8;95;93;94;22;1,2;,6;
2026/07/10;0800 UTC;;944,9;944,9;944,9;0;11,8;11,3;11,9;11,7;11,7;10,9;99;96;98;40;1,2;,7;
2026/07/10;0900 UTC;;945,1;945,3;944,9;0;11,7;11,5;12;11,3;12;10,8;100;97;99;137;;1;
2026/07/10;1000 UTC;;945,1;945,2;944,8;0;12,3;12,3;12,6;11,6;12,7;11,6;100;100;100;79;;,7;
2026/07/10;1100 UTC;;945,5;945,5;945,5;57,9;12,1;12,2;12,1;12,1;12,2;12,1;100;100;100;143;,8;,3;
2026/07/10;1200 UTC;;;;;;;;;;;;;;;;;;
2026/07/10;1300 UTC;;946,3;946,8;945,9;586,8;14,7;13,2;15,5;13,7;13,9;12,3;96;89;92;153;2,6;1;
2026/07/10;1400 UTC;;946,9;946,9;946,9;674,3;16,3;13,7;16,4;16,3;14;13,2;88;84;87;352;2,1;1,3;
2026/07/10;1500 UTC;;945,9;946;945,7;2001,5;17,3;13,8;17,7;17;14;13,3;84;78;83;7;1,9;,8;
2026/07/10;1600 UTC;;945,1;945,1;945,1;862,7;18,3;14,7;18,5;18,2;15;14,5;83;81;82;120;,9;,5;
2026/07/10;1700 UTC;;944,2;944,2;944,2;527,6;19,3;15,5;19,4;19,3;15,6;15,3;82;80;81;2;2,8;1,1;
2026/07/10;1800 UTC;;943,9;944;943,9;632;19,8;15,7;19,8;19,7;15,9;15,5;81;79;80;347;3,4;1,3;
2026/07/10;1900 UTC;;;;;;;;;;;;;;;;;;
2026/07/10;2000 UTC;;;;;;;;;;;;;;;;;;
2026/07/10;2100 UTC;;944,2;944,2;944,1;0;17,6;15,9;17,6;17,5;16;15,8;92;91;91;19;,9;,3;
2026/07/10;2200 UTC;;944,3;944,4;944,2;0;17;16,2;17,5;16,8;16,3;15,9;98;92;96;104;1,3;,6;
2026/07/10;2300 UTC;;944,1;944,3;943,8;0;16,4;16,1;16,8;16;16,3;16;100;97;99;41;2,2;,7;
2026/07/11;0000 UTC;;944,4;944,6;944,1;0;16;16;16;15,9;16;16;100;100;100;10;3,5;,9;
2026/07/11;0100 UTC;;944;944,2;943,7;0;16;15,8;16;15,9;16;15,6;100;98;99;118;3;,9;
2026/07/11;0200 UTC;;943,9;944,1;943,7;0;15,9;15,6;16;15,7;15,7;15,5;100;98;99;113;3,2;,8;
2026/07/11;0300 UTC;;943,7;944;943,5;0;15,9;15,5;16,1;15,7;15,6;15,3;99;97;98;119;3,3;,5;
2026/07/11;0400 UTC;;942,9;943,1;942,8;0;15,4;15,4;15,5;15,3;15,5;15,2;100;100;100;33;;,8;
2026/07/11;0500 UTC;;942,6;943;942,2;0;15,2;15,3;15,4;15;15,5;15,1;100;100;100;104;1,2;,6;
2026/07/11;0600 UTC;;942;942,2;941,8;0;15;15,1;15,3;14,8;15,4;14,7;100;99;100;167;;,7;
2026/07/11;0700 UTC;;941,8;942,1;941,3;0;15,3;15,3;15,7;15;15,6;15;100;98;100;92;;,7;
2026/07/11;0800 UTC;;;;;;;;;;;;;;;;;;
2026/07/11;0900 UTC;;;;;;;;;;;;;;;;;;
2026/07/11;1000 UTC;;;;;;;;;;;;;;;;;;
2026/07/11;1100 UTC;;;;;;;;;;;;;;;;;;
2026/07/11;1200 UTC;;;;;;;;;;;;;;;;;;
2026/07/11;1300 UTC;;;;;;;;;;;;;;;;;;
2026/07/11;1400 UTC;;;;;;;;;;;;;;;;;;
2026/07/11;1500 UTC;;;;;;;;;;;;;;;;;;
2026/07/11;1600 UTC;;942,1;942,3;942;1310,5;15,4;14,7;15,6;15,3;15;14,4;97;96;97;25;2,6;1;
2026/07/11;1700 UTC;;;;;;;;;;;;;;;;;;
2026/07/11;1800 UTC;;;;;;;;;;;;;;;;;;
2026/07/11;1900 UTC;;;;;;;;;;;;;;;;;;
2026/07/11;2000 UTC;;;;;;;;;;;;;;;;;;
2026/07/11;2100 UTC;;942,7;942,8;942,7;0;16;15,7;16,1;15,9;15,7;15,6;99;98;98;180;3,4;1,6;
2026/07/11;2200 UTC;;943;943,4;942,7;0;15,5;15,3;15,9;15,3;15,7;15;100;98;99;151;3,6;1,2;
2026/07/11;2300 UTC;;943,5;943,6;943,3;0;15,1;15,1;15,3;14,9;15,2;14,7;100;99;100;134;3,9;1,4;
2026/07/12;0000 UTC;;943,6;943,8;943,4;0;13,9;13,9;14,3;13,6;14,4;13,7;100;100;100;1;4,4;,7;
2026/07/12;0100 UTC;;943,7;943,9;943,6;0;13,4;13,5;13,6;13,3;13,7;13,3;100;100;100;153;3;,9;
2026/07/12;0200 UTC;;944;944,2;943,9;0;13,2;13,3;13,3;13,2;13,3;13,3;100;100;100;191;1,6;,4;
2026/07/12;0300 UTC;;;;;;;;;;;;;;;;;;
2026/07/12;0400 UTC;;;;;;;;;;;;;;;;;;
2026/07/12;0500 UTC;;944,5;944,5;944,4;0;13,1;13;13,1;13;13,2;12,6;100;98;100;245;3,1;1,6;
2026/07/12;0600 UTC;;944,4;944,5;944,3;0;12,8;12,6;13;12,6;12,8;12,3;100;98;99;233;3,1;1,3;
2026/07/12;0700 UTC;;944,4;944,5;944,3;0;12,1;11,8;12,5;11,9;12,2;11,7;99;98;98;284;3,8;1,3;
2026/07/12;0800 UTC;;944,3;944,6;944,2;0;11,5;11,1;11,9;11,2;11,7;10,1;99;94;98;233;4,9;2,5;
2026/07/12;0900 UTC;;945,1;945,6;944,6;0;,8;,7;11,3;11,3;10;9,7;95;89;92;246;5,5;1,5;
2026/07/12;1000 UTC;;;;;;;;;;;;;;;;;;
2026/07/12;1100 UTC;;947;947,1;947;52,9;10,6;9,5;10,7;10,6;9,7;9,4;95;93;94;303;22,5;;
2026/07/12;1200 UTC;;947,6;947,6;947,6;254,8;11,3;9,8;11,3;11,2;10;9,7;93;92;93;259;2,4;1,4;
2026/07/12;1300 UTC;;948,2;948,2;948,2;693;12,4;9,5;12,5;12,4;10;9,2;88;84;86;251;5;2,9;
2026/07/12;1400 UTC;;948,6;948,7;948,6;856,8;13,3;9,1;13,4;13,3;9,5;8,8;81;77;79;235;4,3;1,8;
2026/07/12;1500 UTC;;;;;;;;;;;;;;;;;;
2026/07/12;1600 UTC;;947,9;948;947,9;2330;14,4;8,6;14,8;14;8,9;8,2;73;68;71;197;3,5;2,3;
2026/07/12;1700 UTC;;947,9;947,9;947,8;360,8;13,9;8,6;14;13,8;8,8;8,4;74;72;74;208;4;1,9;
2026/07/12;1800 UTC;;947,8;947,9;947,7;1181,3;14;8,4;14,2;13,9;8,6;8,2;74;70;72;281;7,7;4,6;
2026/07/12;1900 UTC;;948,3;948,3;948,2;0;13,8;6,7;14,2;13,6;7,2;6,1;65;63;64;278;7,2;4,7;
2026/07/12;2000 UTC;;;;;;;;;;;;;;;;;;
2026/07/12;2100 UTC;;948,9;948,9;948,9;0;10,8;7;10,9;10,8;7,1;6,9;81;81;81;270;3,8;1,9;
2026/07/12;2200 UTC;;949,2;949,6;949;0;10,3;6,8;10,8;9,7;7;6,7;86;81;83;263;5,6;2,3;
2026/07/12;2300 UTC;;949,8;950,1;949,5;0;8,9;6,9;9,7;1,5;7;6,8;92;85;89;265;;1,7;
2026/07/13;0000 UTC;;950,3;950,5;950,1;0;8,3;6,7;8,5;8;6,9;6,6;94;91;92;262;;2,5;
2026/07/13;0100 UTC;;;;;;;;;;;;;;;;;;
2026/07/13;0200 UTC;;951;951,1;950,8;0;7,6;5,6;7,8;7,3;6,2;5,1;94;87;90;218;3,2;1,3;
2026/07/13;0300 UTC;;;;;;;;;;;;;;;;;;
2026/07/13;0400 UTC;;;;;;;;;;;;;;;;;;
2026/07/13;0500 UTC;;;;;;;;;;;;;;;;;;
2026/07/13;0600 UTC;;;;;;;;;;;;;;;;;;
2026/07/13;0700 UTC;;;;;;;;;;;;;;;;;;
2026/07/13;0800 UTC;;;;;;;;;;;;;;;;;;
2026/07/13;0900 UTC;;;;;;;;;;;;;;;;;;
2026/07/13;1000 UTC;;;;;;;;;;;;;;;;;;
2026/07/13;1100 UTC;;;;;;;;;;;;;;;;;;
2026/07/13;1200 UTC;;;;;;;;;;;;;;;;;;
2026/07/13;1300 UTC;;;;;;;;;;;;;;;;;;
2026/07/13;1400 UTC;;;;;;;;;;;;;;;;;;
2026/07/13;1500 UTC;;;;;;;;;;;;;;;;;;
2026/07/13;1600 UTC;;;;;;;;;;;;;;;;;;
2026/07/13;1700 UTC;;;;;;;;;;;;;;;;;;
2026/07/13;1800 UTC;;;;;;;;;;;;;;;;;;
2026/07/13;1900 UTC;;;;;;;;;;;;;;;;;;
2026/07/13;2000 UTC;;;;;;;;;;;;;;;;;;
2026/07/13;2100 UTC;;;;;;;;;;;;;;;;;;
2026/07/13;2200 UTC;;;;;;;;;;;;;;;;;;
2026/07/13;2300 UTC;;;;;;;;;;;;;;;;;;
2026/07/14;0000 UTC;;;;;;;;;;;;;;;;;;
2026/07/14;0100 UTC;;;;;;;;;;;;;;;;;;
2026/07/14;0200 UTC;;;;;;;;;;;;;;;;;;
2026/07/14;0300 UTC;;;;;;;;;;;;;;;;;;
2026/07/14;0400 UTC;;;;;;;;;;;;;;;;;;
2026/07/14;0500 UTC;;;;;;;;;;;;;;;;;;
2026/07/14;0600 UTC;;;;;;;;;;;;;;;;;;
2026/07/14;0700 UTC;;;;;;;;;;;;;;;;;;
2026/07/14;0800 UTC;;;;;;;;;;;;;;;;;;
2026/07/14;0900 UTC;;;;;;;;;;;;;;;;;;
2026/07/14;1000 UTC;;;;;;;;;;;;;;;;;;
2026/07/14;1100 UTC;;;;;;;;;;;;;;;;;;
2026/07/14;1200 UTC;;;;;;;;;;;;;;;;;;
2026/07/14;1300 UTC;;;;;;;;;;;;;;;;;;
2026/07/14;1400 UTC;;;;;;;;;;;;;;;;;;
2026/07/14;1500 UTC;;;;;;;;;;;;;;;;;;
2026/07/14;1600 UTC;;;;;;;;;;;;;;;;;;
2026/07/14;1700 UTC;;;;;;;;;;;;;;;;;;
2026/07/14;1800 UTC;;;;;;;;;;;;;;;;;;
2026/07/14;1900 UTC;;;;;;;;;;;;;;;;;;
2026/07/14;2000 UTC;;;;;;;;;;;;;;;;;;
2026/07/14;2100 UTC;;;;;;;;;;;;;;;;;;
2026/07/14;2200 UTC;;;;;;;;;;;;;;;;;;
2026/07/14;2300 UTC;;950,3;950,4;950,2;0;10,6;8,6;11;10;8,8;8,5;93;88;90;102;1,3;,3;
2026/07/15;0000 UTC;;950,4;950,5;950,3;0;10,4;8,1;10,6;10;8,6;7,5;93;85;88;117;2,4;,8;
2026/07/15;0100 UTC;;950,3;950,4;950,3;0;10,5;7,2;10,9;10,3;7,5;7,1;86;81;84;59;3,8;1,2;
2026/07/15;0200 UTC;;950,4;950,5;950;0;11,3;7;11,9;10,9;7,1;6,8;81;75;79;40;5,5;1,9;
2026/07/15;0300 UTC;;950,3;950,4;950,3;0;10,8;6,8;10,8;10,8;6,8;6,8;80;80;80;102;2,8;1,4;
2026/07/15;0400 UTC;;950;950,3;949,8;0;10,4;6,7;10,8;10,2;6,9;6,6;83;80;82;123;3,2;1,3;
2026/07/15;0500 UTC;;949,3;949,8;948,8;0;10,7;6,9;11,2;10,3;7,2;6,6;83;79;81;86;5,1;2,1;
2026/07/15;0600 UTC;;948,6;948,9;948,3;0;10,8;7,3;11,3;10,4;7,4;7,2;85;80;83;92;5,9;1,5;
2026/07/15;0700 UTC;;948,5;948,7;948,3;0;10,6;7,1;11;10,2;7,4;6,8;84;82;83;126;6,9;1;
2026/07/15;0800 UTC;;948,6;948,7;948,5;0;9,9;6,8;10,1;9,5;6,8;6,7;86;83;84;110;3,7;,7;
2026/07/15;0900 UTC;;948,9;949;948,7;0;9,7;6,7;9,8;9,5;6,8;6,6;86;84;85;112;3;1,2;
2026/07/15;1000 UTC;;;;;;;;;;;;;;;;;;
2026/07/15;1100 UTC;;949,4;949,7;949,3;22,3;9,4;6,3;9,8;8,9;6,4;6,2;87;82;85;121;4,4;1,4;
2026/07/15;1200 UTC;;949,9;950;949,7;101,6;10,3;6,4;11,3;9,7;6,6;6,2;83;76;81;99;;1,5;
2026/07/15;1300 UTC;;950;950;949,9;313,1;13,2;7,1;13,6;12,8;7,6;6,8;71;68;69;112;6,5;1,1;
2026/07/15;1400 UTC;;950,2;950,2;950,2;2168,8;15,9;8,2;16,2;15,7;8,4;8;63;61;62;25;4,1;1,6;
2026/07/15;1500 UTC;;950,4;950,4;950,3;2403,1;18,6;9,4;18,7;18,5;9,6;9,1;55;53;54;34;2,5;1;
2026/07/15;1600 UTC;;949,7;949,8;949,7;2296,1;20,1;9,7;20,1;20,1;9,9;9,3;49;46;48;354;4;2,1;
2026/07/15;1700 UTC;;948,9;948,9;948,8;2176,7;20,9;10,1;20,9;20,9;10,4;9,9;47;45;46;3;5;2,1;
2026/07/15;1800 UTC;;948,4;948,4;948,4;1715,7;21,5;10,9;21,6;21,5;11,3;10,7;49;46;47;19;3;1,3;
2026/07/15;1900 UTC;;;;;;;;;;;;;;;;;;
2026/07/15;2000 UTC;;947,7;947,7;947,7;316,7;20,5;10,9;20,5;20,4;11,1;10,7;53;51;52;21;1,5;,7;
2026/07/15;2100 UTC;;947,4;947,4;947,3;0;16,7;9,6;16,8;16,6;9,8;9,4;65;63;65;119;,8;,4;
2026/07/15;2200 UTC;;947,2;947,3;947;0;15,3;9,6;16,5;14,3;9,9;9,3;76;64;71;120;1,2;,3;
2026/07/15;2300 UTC;;947,1;947,3;947;0;14,7;9,5;15,1;14,1;9,7;9,2;77;71;74;142;2,2;,5;
2026/07/16;0000 UTC;;947,3;947,4;947,2;0;14,3;9,2;14,8;14;9,3;9;76;71;74;166;1,6;,7;
2026/07/16;0100 UTC;;947,6;947,7;947,4;0;14,6;8,9;15,1;14,2;9,1;8,7;74;69;72;143;2,5;,7;
2026/07/16;0200 UTC;;;;;;;;;;;;;;;;;;
2026/07/16;0300 UTC;;947,6;947,7;947,5;0;13,4;9,1;13,7;13;9,3;8,9;80;76;79;61;;1,2;
2026/07/16;0400 UTC;;947,4;947,5;947,3;0;13,6;9,1;14;13,2;9,2;8,9;79;75;77;30;6;2;
2026/07/16;0500 UTC;;947,2;947,5;947;0;13,5;8,8;14,1;13;9,1;8,6;79;72;77;26;5,7;2,4;
2026/07/16;0600 UTC;;947;947,1;947;0;13,9;8,4;14,1;13,6;8,5;8,2;74;71;72;26;5,9;2;
2026/07/16;0700 UTC;;946,8;946,9;946,8;0;13,1;8,3;13,2;12,9;8,3;8,2;76;76;76;42;4,2;1,7;
2026/07/16;0800 UTC;;;;;;;;;;;;;;;;;;
2026/07/16;0900 UTC;;947,5;947,6;947,3;0;12,3;8,1;12,8;12;8,1;8;80;76;79;128;3,4;1,4;
2026/07/16;1000 UTC;;947,9;948,2;947,6;0;11,9;8,1;12,2;11,7;8,2;7,9;82;79;81;136;5,6;1,1;
2026/07/16;1100 UTC;;948,3;948,4;948,2;32,3;11,9;8;12,3;11,6;8,2;7,9;82;78;81;140;2,7;1;
2026/07/16;1200 UTC;;948,7;948,8;948,6;140,1;14,5;8,2;15,1;14,1;8,6;7,8;71;66;69;96;3,8;1,4;
2026/07/16;1300 UTC;;948,8;948,9;948,8;449,6;18,3;9;18,5;18,2;9,3;8,7;54;52;53;21;4,8;2,6;
2026/07/16;1400 UTC;;948,9;948,9;948,9;2086,2;21;10,7;21,1;20,8;10,9;10,5;49;47;49;12;4,6;2,4;
2026/07/16;1500 UTC;;948,8;948,8;948,7;2319,2;23,6;12,3;23,6;23,5;13;11,8;47;42;44;26;3;1,4;
2026/07/16;1600 UTC;;947,8;947,9;947,8;2213,3;25,1;13,8;25,2;25,1;14,3;13,3;46;41;44;23;4,8;1,6;
2026/07/16;1700 UTC;;946,6;946,7;946,6;2102;26,1;14,4;26,1;26,1;14,6;14,2;42;40;41;24;3,7;1,7;
2026/07/16;1800 UTC;;945,8;945,9;945,8;1657,7;26,3;14,8;26,5;26,1;15,1;14,4;43;41;42;336;2,5;1;
2026/07/16;1900 UTC;;945,2;945,2;945,1;1051,9;26,2;14,4;26,3;26,2;14,9;14,2;44;40;41;10;2,8;1,4;
2026/07/16;2000 UTC;;944,8;944,9;944,8;326;24,3;13,7;24,4;24,3;13,9;13,5;48;46;47;45;4;1,5;
2026/07/16;2100 UTC;;944;944,1;944;0;21,7;13;21,9;21,5;13;12,9;57;56;56;98;3,3;1,5;
2026/07/16;2200 UTC;;944;944,1;943,9;0;21,1;12,8;21,9;20,5;13,2;12,4;60;57;58;112;5,3;1,1;
2026/07/16;2300 UTC;;944,1;944,2;944;0;20,2;12,1;20,6;19,9;12,8;11,5;61;57;60;125;3,2;1,2;
2026/07/17;0000 UTC;;944,1;944,2;943,9;0;19,7;11,2;19,9;19,5;11,6;10,9;60;56;58;120;3,7;1,5;
2026/07/17;0100 UTC;;943,7;943,9;943,6;0;19,9;11,4;20,2;19,6;11,7;11,2;60;56;58;70;5,4;1,5;
2026/07/17;0200 UTC;;943,6;943,7;943,4;0;19,9;11,4;20,2;19,7;11,7;11,2;59;57;58;46;6,7;1,7;
2026/07/17;0300 UTC;;943,6;943,7;943,5;0;19,9;11,4;20;19,8;11,4;11,3;58;57;57;23;8;3,5;
2026/07/17;0400 UTC;;943,6;943,8;943,4;0;19,5;11,3;19,9;19,3;11,4;11,2;60;57;59;11;9,3;3,4;
2026/07/17;0500 UTC;;943,5;943,7;943,2;0;19,4;11,3;19,8;19,2;11,4;11,2;61;58;59;7;9,7;3,1;
2026/07/17;0600 UTC;;943,2;943,4;942,9;0;19,5;11,4;19,9;19,1;11,5;11,1;62;58;60;5;8;2,7;
2026/07/17;0700 UTC;;;;;;;;;;;;;;;;;;
2026/07/17;0800 UTC;;;;;;;;;;;;;;;;;;
2026/07/17;0900 UTC;;;;;;;;;;;;;;;;;;
2026/07/17;1000 UTC;;;;;;;;;;;;;;;;;;
2026/07/17;1100 UTC;;943,6;943,7;943,5;57,1;19,7;12;19,8;19,6;12,1;11,9;62;61;62;24;8,4;3,3;
2026/07/17;1200 UTC;;943,7;943,8;943,7;154,6;20,8;12,6;20,8;20,7;12,7;12,4;60;58;59;35;7,3;2,6;
2026/07/17;1300 UTC;;944;944;943,9;647,2;22,7;13,5;22,7;22,6;13,6;13,3;55;53;54;35;5,9;2,8;
2026/07/17;1400 UTC;;943,8;943,9;943,7;1973;24,3;14,2;24,4;24,2;14,4;14;50;48;49;24;8,2;3,5;
2026/07/17;1500 UTC;;;;;;;;;;;;;;;;;;
2026/07/17;1600 UTC;0;942,6;942,7;942,5;2134,1;27;15,9;27,1;26,9;16;15,7;45;44;44;3;8,2;4,8;
2026/07/17;1700 UTC;0;941,9;942;941,8;2014,1;27,6;16,4;27,7;27,6;16,5;16,2;44;43;44;8;8,1;3,7;
2026/07/17;1800 UTC;0;941,4;941,4;941,3;1569,8;28;17,1;28,1;28;17,1;17;46;45;45;359;7,3;4;
2026/07/17;1900 UTC;0;940,8;940,8;940,7;985,1;28,3;17,8;28,4;28,3;18;17,5;48;46;47;354;5,4;3,1;
2026/07/17;2000 UTC;0;940,6;940,6;940,6;311,9;27,2;17,4;27,3;27,1;17,6;17,4;51;51;51;6;4,7;2,8;
2026/07/17;2100 UTC;0;940,3;940,3;940,3;0;25,4;16,6;25,4;25,3;16,6;16,5;56;56;56;10;7,2;3,7;
2026/07/17;2200 UTC;0;940,2;940,3;939,9;0;25,4;16,5;25,6;25,1;16,6;16,4;57;54;56;4;12,3;3,7;
2026/07/17;2300 UTC;0;940,4;940,5;940,2;0;24,6;16,3;25,1;24;16,5;16,1;61;56;58;359;8,8;2,1;
2026/07/18;0000 UTC;0;940,5;940,7;940,3;0;24;16;24,3;23,7;16,2;15,7;61;59;60;6;9,4;2,3;
2026/07/18;0100 UTC;0;940,6;940,8;940,4;0;23,3;15,8;23,7;23;15,9;15,6;63;61;63;1;6,9;2,8;
2026/07/18;0200 UTC;0;941;941,2;940,7;0;22,6;15,6;23,1;22;15,7;15,4;67;63;65;8;7,3;1,7;
2026/07/18;0300 UTC;0;941,6;941,9;941,2;0;21,3;15,2;22;20,9;15,4;15;71;67;69;14;5,7;2,3;
2026/07/18;0400 UTC;0;942,1;942,4;941,9;0;20,5;15;21,2;20,3;15,2;14,8;73;70;72;24;4,6;1,3;
2026/07/18;0500 UTC;0;942,1;942,4;941,9;0;20,2;14,8;20,6;19,9;15;14,7;74;71;73;56;4,4;1,4;
2026/07/18;0600 UTC;0;941,7;942;941,4;0;20,2;14,7;20,5;20;14,8;14,6;74;71;73;18;4,4;1,7;
2026/07/18;0700 UTC;0;941,3;941,4;941,2;0;20,3;14,6;20,6;20,1;14,7;14,5;73;70;72;6;7,8;2,4;
2026/07/18;0800 UTC;0;941;941,3;940,8;0;20,1;14,5;20,4;19,9;14,6;14,4;73;71;72;10;4,9;1,9;
2026/07/18;0900 UTC;0;940,7;940,9;940,4;0;20;14,4;20,1;19,9;14,5;14,3;73;71;72;4;6;2,3;
2026/07/18;1000 UTC;0;941;941,3;940,7;0;20,2;14,4;20,4;20;14,5;14,3;72;70;71;9;6,8;2,3;
2026/07/18;1100 UTC;0;941,7;941,8;941,6;64,5;19,7;14,3;19,8;19,7;14,3;14,2;73;72;73;7;5,6;2,1;
2026/07/18;1200 UTC;0;941,6;941,7;941,6;162,9;20,7;14,7;20,8;20,7;14,7;14,6;70;69;70;30;4,4;2,2;
2026/07/18;1300 UTC;0;941,8;941,8;941,7;734,8;23,3;15,5;23,3;23,2;15,7;15,4;62;61;61;357;5,4;2,6;
2026/07/18;1400 UTC;0;941,7;941,8;941,7;2378,1;25,5;16,3;25,7;25,4;16,5;16,2;55;54;54;360;7,2;3,2;
2026/07/18;1500 UTC;;;;;;;;;;;;;;;;;;
2026/07/18;1600 UTC;0;940,5;940,6;940,5;2130,6;27,7;17,5;27,7;27,6;17,7;17,4;50;49;49;358;7,4;4;
2026/07/18;1700 UTC;0;940,2;940,2;940,2;2019,1;28,5;17,9;28,6;28,4;18,1;17,9;48;47;47;347;8,2;4,8;
2026/07/18;1800 UTC;0;939,4;939,5;939,4;1599;28,4;17,9;28,5;28,3;18,1;17,7;49;47;47;349;8,5;4,3;
2026/07/18;1900 UTC;0;939,1;939,1;939;996,1;27,9;17,6;28;27,9;17,7;17,4;48;48;48;352;9;4;
2026/07/18;2000 UTC;0;939,3;939,4;939,3;335,4;26,8;17;26,9;26,7;17,1;16,9;51;51;51;358;8,3;4,1;
2026/07/18;2100 UTC;0;939,2;939,2;939,1;0;25;16,1;25;24,9;16,1;16,1;56;55;56;3;8;3,5;
2026/07/18;2200 UTC;0;939,4;939,6;939,1;0;24,5;15,7;24,9;24,1;16,1;15,5;57;55;56;0;8,2;3,1;
2026/07/18;2300 UTC;0;939,7;939,8;939,6;0;24;15,5;24,1;23,8;15,6;15,4;59;57;58;357;10,6;3,7;
2026/07/19;0000 UTC;0;940,2;940,6;939,8;0;23,4;15,3;24;22,7;15,5;15,1;62;57;60;351;10,6;1,9;
2026/07/19;0100 UTC;0;941;941,4;940,6;0;22,8;15,1;22,9;22,6;15,2;14,9;62;61;61;343;5,3;1,4;
2026/07/19;0200 UTC;0;941,6;941,8;941,4;0;22,4;15;22,6;22,2;15,2;14,9;65;62;63;22;4,1;1,4;
2026/07/19;0300 UTC;0;941,8;941,9;941,7;0;22,1;14,9;22,2;22;15,1;14,6;65;62;64;16;6,8;2,1;
2026/07/19;0400 UTC;0;941,7;941,9;941,6;0;21,9;14,5;22,2;21,7;14,8;14,4;64;62;63;17;6;2,1;
2026/07/19;0500 UTC;0;941,3;941,6;940,8;0;21,6;14,1;21,8;21,4;14,4;13,7;64;60;62;18;9;3,1;
2026/07/19;0600 UTC;0;940,6;941;940,2;0;21,2;13,4;21,4;21,1;13,8;13;63;60;61;12;9,7;3,1;
2026/07/19;0700 UTC;;;;;;;;;;;;;;;;;;
2026/07/19;0800 UTC;0;939,4;939,7;939;0;20,5;12,2;20,9;20,3;12,6;11,9;59;58;58;358;10,1;3;
2026/07/19;0900 UTC;0;939,3;939,6;939,1;0;20,4;11,8;20,5;20,2;12;11,6;58;56;57;2;11,3;3,7;
2026/07/19;1000 UTC;0;939,4;939,7;939,2;0;20,4;11,6;20,5;20,2;11,8;11,5;57;55;56;358;10,6;4,3;
2026/07/19;1100 UTC;0;939,9;940;939,7;73,4;20,7;11,5;20,8;20,5;11,7;11,3;55;53;54;360;10,6;4,1;
2026/07/19;1200 UTC;0;939,6;939,7;939,6;363,5;21,4;11,8;21,5;21,4;11,9;11,7;52;51;52;7;12,6;5,4;
2026/07/19;1300 UTC;0;939,6;939,7;939,5;1158,1;22,5;12,4;22,6;22,5;12,6;12,3;50;49;49;2;12,1;5,6;
2026/07/19;1400 UTC;0;939,7;939,7;939,7;2193;24,2;13,3;24,5;23,9;13,4;13;46;44;45;356;8;5;
2026/07/19;1500 UTC;;;;;;;;;;;;;;;;;;
2026/07/19;1600 UTC;0;939,2;939,4;939;1348,4;25,7;14,4;25,9;25,3;14,7;14;45;42;43;358;9,3;4,3;
2026/07/19;1700 UTC;0;938,4;938,5;938,4;1151,1;26;14,8;26;25,9;15;14,8;45;44;44;352;9,6;4,7;
2026/07/19;1800 UTC;0;937,9;937,9;937,8;938,9;26,3;14,9;26,4;26,2;15,1;14,8;44;43;43;352;7,7;4;
2026/07/19;1900 UTC;0;938,2;938,3;938,1;962,2;26,1;14,9;26,2;26;15;14,7;44;43;44;338;6,8;3,5;
2026/07/19;2000 UTC;0;938,2;938,3;938,1;82,1;24,5;14;24,5;24,4;14,1;13,9;48;47;47;346;7,4;4,4;
2026/07/19;2100 UTC;0;938,1;938,2;938,1;0;23,5;13,6;23,6;23,5;13,7;13,6;51;50;51;349;8,2;3,7;
2026/07/19;2200 UTC;0;938,3;938,6;938,1;0;23,4;13,5;23,5;23,1;13,6;13,4;52;50;51;356;8,1;3,2;
2026/07/19;2300 UTC;0;938,7;939;938,4;0;23,2;13,4;23,4;22,9;13,5;13,3;52;50;51;356;10,4;2,6;
2026/07/20;0000 UTC;0;939,2;939,6;938,9;0;22,6;13,4;23,2;20,2;14,3;13,1;70;50;54;154;6,3;3,3;
2026/07/20;0100 UTC;0;939,8;940;939,6;0;18,8;14,7;19,8;17,8;14,9;14,4;86;73;80;91;4,2;,8;
2026/07/20;0200 UTC;0;940,3;941;939,8;0;17,2;15;17,7;16,9;15,2;14,9;91;86;89;160;2,4;,8;
2026/07/20;0300 UTC;0;941,2;941,7;940,6;0;16,9;15,3;17;16,8;15,4;15,2;93;91;92;165;4,9;,8;
2026/07/20;0400 UTC;3,2;943,1;945;941,6;0;16,4;15,3;16,8;15,6;15,4;15;99;92;94;192;8,4;2,9;
2026/07/20;0500 UTC;1,2;943,8;944,2;942,8;0;15,3;15,2;15,6;15,2;15,4;14,9;100;97;99;83;5,5;,8;
2026/07/20;0600 UTC;;;;;;;;;;;;;;;;;;
2026/07/20;0700 UTC;7,2;940,7;941,7;940,3;0;15,8;15,4;16;15,6;15,6;14,9;100;95;98;96;3,5;,6;
2026/07/20;0800 UTC;;;;;;;;;;;;;;;;;;
2026/07/20;0900 UTC;,4;940,1;940,5;939,9;0;15,6;15,5;15,7;15,5;15,6;15,4;100;99;100;274;2,3;,4;
2026/07/20;1000 UTC;0;940,5;940,7;940,3;0;15,6;15,7;15,7;15,6;15,7;15,6;100;100;100;111;1,3;,3;
2026/07/20;1100 UTC;0;940,2;940,2;940,1;15,8;15,6;15,6;15,6;15,6;15,7;15,5;100;100;100;160;1,9;1,1;
2026/07/20;1200 UTC;0;941,9;942,1;941,6;8,2;16,2;15,4;16,2;16,1;15,4;15,3;96;96;96;201;9;4,1;
2026/07/20;1300 UTC;,2;943,1;943,2;943;73,6;15,8;15,8;15,9;15,8;15,8;15,8;100;100;100;331;2;,6;
2026/07/20;1400 UTC;0;942,4;942,6;942,1;260;16,2;16,2;16,2;16,1;16,2;16,2;100;100;100;101;1,2;,4;
2026/07/20;1500 UTC;;;;;;;;;;;;;;;;;;
2026/07/20;1600 UTC;;;;;;;;;;;;;;;;;;
2026/07/20;1700 UTC;0;939,2;939,3;939,1;2070;22,5;16,9;22,8;22,3;17,4;16,5;74;71;72;2;5,6;3,3;
2026/07/20;1800 UTC;0;939,1;939,1;939;429,8;22,6;16,3;22,6;22,6;16,4;16,2;69;68;68;357;6,7;3,3;
2026/07/20;1900 UTC;;;;;;;;;;;;;;;;;;
2026/07/20;2000 UTC;0;939,1;939,3;939;43,6;22,9;16,1;22,9;22,9;16,1;16;66;66;66;0;5,5;3,2;
2026/07/20;2100 UTC;,4;939,6;939,7;939,5;0;19,3;17,7;19,3;19,2;18;17,3;94;90;92;321;2,1;,9;
2026/07/20;2200 UTC;,2;939,5;939,6;939,3;0;19,2;17,5;19,4;19,1;18;17;94;89;91;9;3,4;1,2;
2026/07/20;2300 UTC;0;939,5;940,2;939,1;0;20,2;16,5;20,5;19,3;17;16;85;78;81;311;;,7;
2026/07/21;0000 UTC;,2;940,4;940,8;940;0;19,2;17,5;20,6;18,8;17,8;16,3;95;79;91;304;;,4;
2026/07/21;0100 UTC;2,4;941,5;942,2;940,7;0;18,6;17,9;18,8;18,4;18,1;17,5;98;94;96;341;7,7;2,1;
2026/07/21;0200 UTC;2,2;941,4;941,9;941,1;0;;17,9;;18,4;18;17,7;98;96;97;328;4,4;2,1;
2026/07/21;0300 UTC;;;;;;;;;;;;;;;;;;
2026/07/21;0400 UTC;;;;;;;;;;;;;;;;;;
2026/07/21;0500 UTC;0;941,2;941,4;941;0;18,2;17,8;18,2;18,1;17,9;17,7;99;98;98;95;3,4;,6;
2026/07/21;0600 UTC;,2;940,9;941,4;940,7;0;;;;;;;99;90;94;345;4,7;,9;
2026/07/21;0700 UTC;,4;940,9;941,4;940,7;0;;;;;;;98;96;97;214;3;,8;
2026/07/21;0800 UTC;;;;;;;;;;;;;;;;;;
2026/07/21;0900 UTC;14,8;941;941,4;940,6;0;18;18;18,1;17,9;18,1;17,9;100;99;100;10;3,3;,9;
2026/07/21;1000 UTC;,8;940,2;940,6;939,5;0;17,9;17,7;18;17,8;17,9;17,3;100;97;99;345;3,6;1,1;
2026/07/21;1100 UTC;0;940,4;940,7;940,1;0;18;17,1;18,3;17,6;17,4;16,7;98;94;95;9;5,6;1,3;
2026/07/21;1200 UTC;30,2;941,9;943,1;940,6;,9;18;17,7;18,5;17,7;17,9;17,3;100;94;98;239;6,4;,9;
2026/07/21;1300 UTC;1;942,3;942,4;942,3;14,1;17,5;17,6;17,6;17,5;17,7;17,6;100;100;100;345;4,4;1,6;
2026/07/21;1400 UTC;,4;942;942,1;941,9;16,1;17,4;17,5;17,4;17,4;17,5;17,5;100;100;100;182;3,7;1,9;
2026/07/21;1500 UTC;;;;;;;;;;;;;;;;;;
2026/07/21;1600 UTC;8,4;940,4;941;940,1;6,3;17,2;17,3;17,3;17,1;17,3;17,2;100;100;100;317;2,4;,9;
2026/07/21;1700 UTC;1,6;938,7;938,9;938,7;12,5;16,9;17;16,9;16,9;17;17;100;100;100;163;1,7;,3;
2026/07/21;1800 UTC;;;;;;;;;;;;;;;;;;
2026/07/21;1900 UTC;;;;;;;;;;;;;;;;;;
2026/07/21;2000 UTC;,4;939,9;940;939,8;0;16,6;16,7;16,6;16,6;16,7;16,6;100;100;100;217;1,1;,3;
2026/07/21;2100 UTC;2,6;939,3;939,7;938,7;0;16,5;16,5;16,6;16,2;16,6;16,3;100;100;100;179;1,7;,5;
2026/07/21;2200 UTC;5,8;939;940,1;938,3;0;16,1;16,2;16,2;16;16,3;16,1;100;100;100;136;3,3;1;
2026/07/21;2300 UTC;;;;;;;;;;;;;;;;;;
2026/07/22;0000 UTC;;;;;;;;;;;;;;;;;;
2026/07/22;0100 UTC;7,8;940,2;940,7;939,8;0;16,2;16,2;16,2;16,1;16,3;16,2;100;100;100;88;3,4;1;
2026/07/22;0200 UTC;6,2;940,4;940,7;940,1;0;16,2;16,3;16,3;16,2;16,4;16,2;100;100;100;17;5,8;1,8;
2026/07/22;0300 UTC;4;940,2;940,6;939,4;0;16,3;16,3;16,5;16,1;16,4;16,2;100;99;100;360;7;2;
2026/07/22;0400 UTC;2,2;939,2;940,8;937;0;16,6;16,2;17;16,4;16,5;15,7;99;96;98;49;9;1,9;
2026/07/22;0500 UTC;;;;;;;;;;;;;;;;;;
2026/07/22;0600 UTC;;;;;;;;;;;;;;;;;;
2026/07/22;0700 UTC;0;939,9;940,5;939,4;0;15,9;15,5;16,1;15,6;15,8;15,3;99;96;98;303;1,9;,6;
2026/07/22;0800 UTC;;;;;;;;;;;;;;;;;;
2026/07/22;0900 UTC;;;;;;;;;;;;;;;;;;
2026/07/22;1000 UTC;0;940,8;941,1;940,6;0;15,5;15,6;15,7;15,4;15,7;15,4;100;100;100;147;;,5;
2026/07/22;1100 UTC;0;941,5;941,6;941,5;33,9;15,8;15,7;15,8;15,7;15,7;15,6;100;99;100;138;,6;,4;
2026/07/22;1200 UTC;0;942,5;942,5;942,4;50,6;16,2;15,9;16,2;16,1;15,9;15,8;99;98;99;71;1;,3;
2026/07/22;1300 UTC;0;942,5;942,6;942,5;236,7;17,4;15,9;17,4;17,3;16;15,7;93;92;93;8;4;1,5;
2026/07/22;1400 UTC;0;942,6;942,8;942,4;406;17,5;15,7;17,7;17,3;16,1;15,3;93;88;91;358;3,6;1,3;
2026/07/22;1500 UTC;;;;;;;;;;;;;;;;;;
2026/07/22;1600 UTC;0;941,5;941,6;941,4;571,3;19,2;16,3;19,2;19,2;16,5;16,2;87;85;86;343;5,9;2,4;
2026/07/22;1700 UTC;0;941;941;940,9;230,7;19,1;15,9;19,1;19;16,1;15,8;85;83;84;4;4,9;2,5;
2026/07/22;1800 UTC;0;940,1;940,2;940,1;1022,8;19,5;16,2;19,6;19,4;16,3;16;84;83;83;347;6;2,7;
2026/07/22;1900 UTC;;;;;;;;;;;;;;;;;;
2026/07/22;2000 UTC;0;941,4;941,4;941,3;78,6;19,2;15,8;19,2;19,1;15,9;15,7;84;83;83;324;4,6;2,2;
2026/07/22;2100 UTC;0;941,9;941,9;941,8;0;17,4;17,2;17,5;17,4;17,2;17,2;99;99;99;278;1,6;1,1;
2026/07/22;2200 UTC;,2;942,4;942,7;941,9;0;17,3;17;17,6;17;17,4;16,5;99;97;98;256;4,1;1,6;
2026/07/22;2300 UTC;;;;;;;;;;;;;;;;;;
2026/07/23;0000 UTC;,2;943,9;944,3;943,6;0;16;15,8;16,3;15,8;16;15,5;100;97;99;211;4,5;1,6;
2026/07/23;0100 UTC;0;944,6;944,7;944,6;0;15,2;14,9;15,5;15;15,2;14,6;99;98;98;197;2,5;1,2;
2026/07/23;0200 UTC;0;945;945,5;944,5;0;14,9;14,5;15;14,9;14,8;14,2;99;96;98;224;3,4;1;
2026/07/23;0300 UTC;0;945,9;945,9;945,9;0;14,7;14,5;14,7;14,7;14,6;14,5;99;99;99;204;1,1;,8;
2026/07/23;0400 UTC;;;;;;;;;;;;;;;;;;
2026/07/23;0500 UTC;0;946,3;946,4;946,2;0;13,5;12,9;13,8;13,3;13,4;12,6;98;96;97;159;5,8;1,8;
2026/07/23;0600 UTC;;;;;;;;;;;;;;;;;;
2026/07/23;0700 UTC;;;;;;;;;;;;;;;;;;
2026/07/23;0800 UTC;;;;;;;;;;;;;;;;;;
2026/07/23;0900 UTC;;;;;;;;;;;;;;;;;;
2026/07/23;1000 UTC;;;;;;;;;;;;;;;;;;
2026/07/23;1100 UTC;;;;;;;;;;;;;;;;;;
2026/07/23;1200 UTC;0;949,1;949,3;948,9;347,6;12,3;10,9;12,4;12,3;11,3;10,6;95;91;93;139;5,8;1,6;
2026/07/23;1300 UTC;0;950;950;950;655,5;12,8;10,5;12,8;12,8;10,7;10,4;89;88;88;136;2,6;1;
2026/07/23;1400 UTC;0;949,9;950;949,9;895,1;13,6;10,2;13,6;13,6;10,4;10;84;82;83;155;3,3;1,4;
2026/07/23;1500 UTC;;;;;;;;;;;;;;;;;;
2026/07/23;1600 UTC;0;949,2;949,2;949,2;1108,5;14,6;10,2;14,6;14,5;10,5;10;80;77;78;144;4;1,2;
2026/07/23;1700 UTC;0;948,5;948,5;948,5;686,9;14,5;10,7;14,5;14,4;11;10,4;82;79;81;134;2,6;1,1;
2026/07/23;1800 UTC;0;948,5;948,5;948,5;342,3;14,3;11,2;14,3;14,2;11,4;11;86;84;85;150;3,3;1,6;
2026/07/23;1900 UTC;0;948,2;948,3;948,2;243,9;14;11,3;14;13,9;11,5;11;88;85;87;138;2,8;1,3;
2026/07/23;2000 UTC;0;948,3;948,5;948,2;191,3;14,1;11,4;14,1;13,9;11,7;10,7;89;83;86;145;3,2;1,5;
2026/07/23;2100 UTC;0;948,1;948,2;948,1;0;12,9;10,9;13;12,9;11;10,8;90;90;90;161;3,2;1,6;
2026/07/23;2200 UTC;0;948,1;948,2;948;0;12,1;10,9;12,8;11,4;11,1;10,7;98;90;94;16;1,9;,6;
2026/07/23;2300 UTC;0;948,3;948,7;948,1;0;11,3;11,1;11,5;11,1;11,4;10,9;100;98;99;61;;,4;
2026/07/24;0000 UTC;0;949;949,1;948,8;0;12,2;11,7;12,3;12;11,8;11,6;99;97;98;133;3,9;1,1;
2026/07/24;0100 UTC;0;949,2;949,3;949;0;12,4;11,7;12,4;12,3;11,8;11,5;97;96;97;139;5,4;1,3;
2026/07/24;0200 UTC;0;949,3;949,4;949,2;0;12,2;11,7;12,3;12;11,8;11,5;98;97;97;11;2,3;,3;
2026/07/24;0300 UTC;0;948,7;948,9;948,6;0;11,2;11,2;11,4;11,1;11,3;11,1;100;99;100;215;2,3;,4;
2026/07/24;0400 UTC;0;948,3;948,6;948;0;10,8;10,8;11,1;10,5;11,1;10,6;100;100;100;157;2,2;,3;
2026/07/24;0500 UTC;;;;;;;;;;;;;;;;;;
2026/07/24;0600 UTC;0;947,6;947,9;947,4;0;;9,9;;;10,1;9,5;100;99;100;243;1;,5;
2026/07/24;0700 UTC;0;947,3;947,4;947,1;0;9,6;9,4;9,8;9,4;9,6;9,1;100;98;99;262;;,4;
2026/07/24;0800 UTC;;;;;;;;;;;;;;;;;;
2026/07/24;0900 UTC;;;;;;;;;;;;;;;;;;
2026/07/24;1000 UTC;;;;;;;;;;;;;;;;;;
2026/07/24;1100 UTC;;;;;;;;;;;;;;;;;;
2026/07/24;1200 UTC;;;;;;;;;;;;;;;;;;
2026/07/24;1300 UTC;0;948,8;949;948,5;415,1;14,2;11,9;14,6;13,3;12,4;11,4;92;85;88;91;3,2;,6;
2026/07/24;1400 UTC;0;949,6;949,6;949,5;730,7;17,1;13,2;17,2;17;13,8;12,9;83;79;81;52;1,9;,7;
2026/07/24;1500 UTC;0;949,4;949,5;949,3;0;18,2;13,7;18,4;17,8;14,4;13,1;80;75;77;14;4;1,4;
2026/07/24;1600 UTC;0;948,5;948,6;948,5;1098,8;18,4;13,7;18,6;18,2;14,2;13,1;79;74;76;8;2,2;1;
2026/07/24;1700 UTC;0;947,7;947,8;947,7;1648,6;19,6;14,2;19,7;19,4;14,4;13,9;74;71;73;30;3,2;1,3;
2026/07/24;1800 UTC;0;947,9;947,9;947,8;524,3;19,6;14,2;19,7;19,4;14,4;13,9;74;73;73;6;4,2;1,8;
2026/07/24;1900 UTC;;;;;;;;;;;;;;;;;;
2026/07/24;2000 UTC;0;947,3;947,3;947,2;14,5;18,1;13,8;18,1;18,1;14;13,6;79;77;78;4;3,5;1,8;
2026/07/24;2100 UTC;0;947,6;947,7;947,5;0;17,3;13,4;17,6;17;13,6;13,1;82;79;80;52;4,3;,6;
2026/07/24;2200 UTC;0;947,8;948,3;947,3;0;16,4;13,7;17;15,8;14,4;13;92;81;86;330;2,8;,9;
2026/07/24;2300 UTC;,2;948,7;949;948;0;15,3;14,3;15,8;15,1;14,5;14,1;97;92;95;94;2,9;,4;
2026/07/25;0000 UTC;,2;949,7;950,3;949,1;0;15,1;14,6;15,1;15;14,7;14,5;98;97;98;308;1;,4;
2026/07/25;0100 UTC;,4;949,9;950,7;948,5;0;14,7;14,5;15;14,4;14,8;13,4;99;95;99;102;4,2;1,3;
2026/07/25;0200 UTC;,4;948,5;949;947,8;0;14,2;13;14,5;13,8;13,6;12,4;97;92;94;92;;1,7;
2026/07/25;0300 UTC;0;948,1;948,2;948;0;13,1;12,3;13,8;12,6;12,6;12,1;99;93;96;143;3,2;,4;
2026/07/25;0400 UTC;0;947,9;948,2;947,6;0;12,6;12;12,9;12,4;12,4;11,6;99;93;97;141;2,6;,7;
2026/07/25;0500 UTC;0;948,2;948,2;948,2;0;12,4;11,6;12,5;12,4;11,7;11,5;96;95;96;117;1,3;,7;
2026/07/25;0600 UTC;;;;;;;;;;;;;;;;;;
2026/07/25;0700 UTC;;;;;;;;;;;;;;;;;;
2026/07/25;0800 UTC;;;;;;;;;;;;;;;;;;
2026/07/25;0900 UTC;0;;;947,4;0;9,4;9,4;9,6;9,1;9,6;9,2;100;100;100;171;;,5;
2026/07/25;1000 UTC;0;;;;0;9,3;9,3;9,6;9;9,7;9,1;100;100;100;352;,8;,5;
2026/07/25;1100 UTC;0;949,1;949,3;949,1;118,6;8,9;9;8,9;8,9;9;8,9;100;100;100;259;,6;,3;
2026/07/25;1200 UTC;0;949,9;949,9;949,9;425,7;9,6;9,7;9,7;9,6;9,7;9,7;100;100;100;125;1;,6;
2026/07/25;1300 UTC;0;949,8;949,9;949,8;703,4;10,8;10,9;11;10,7;11;10,8;100;100;100;97;1;,4;
2026/07/25;1400 UTC;0;950,1;950,1;950,1;2074,4;13,9;13,2;14;13,9;13,4;13,1;98;96;97;308;1,2;,6;
2026/07/25;1500 UTC;;;;;;;;;;;;;;;;;;
2026/07/25;1600 UTC;;;;;;;;;;;;;;;;;;
2026/07/25;1700 UTC;;;;;;;;;;;;;;;;;;
2026/07/25;1800 UTC;;;;;;;;;;;;;;;;;;
2026/07/25;1900 UTC;;;;;;;;;;;;;;;;;;
2026/07/25;2000 UTC;;;;;;;;;;;;;;;;;;
2026/07/25;2100 UTC;;;;;;;;;;;;;;;;;;
2026/07/25;2200 UTC;;;;;;;;;;;;;;;;;;
2026/07/25;2300 UTC;;;;;;;;;;;;;;;;;;
2026/07/26;0000 UTC;;;;;;;;;;;;;;;;;;
2026/07/26;0100 UTC;0;948,8;948,9;948,8;0;14,5;13,9;14,6;14,4;14,1;13,6;97;96;97;337;1,1;,6;
2026/07/26;0200 UTC;;;;;;;;;;;;;;;;;;
2026/07/26;0300 UTC;;;;;;;;;;;;;;;;;;
2026/07/26;0400 UTC;;;;;;;;;;;;;;;;;;
2026/07/26;0500 UTC;;;;;;;;;;;;;;;;;;
2026/07/26;0600 UTC;;;;;;;;;;;;;;;;;;
2026/07/26;0700 UTC;0;947,5;947,7;947,3;0;15,2;12,2;15,4;15;12,5;11,8;87;82;85;13;3,8;1,3;
2026/07/26;0800 UTC;0;947,6;947,8;947,4;0;15,2;11,8;15,4;14,8;12,2;11,4;85;80;83;119;3,7;,5;
2026/07/26;0900 UTC;0;947,7;947,9;947,6;0;14,6;11,5;14,8;14,4;11,7;11,1;86;83;84;100;1,2;,5;
2026/07/26;1000 UTC;0;948;948,1;947,8;0;14,4;11,6;14,5;14,2;12,1;11,3;88;84;86;83;2,4;,9;
2026/07/26;1100 UTC;0;948,5;948,5;948,4;110,9;14,7;12,6;14,7;14,6;12,7;12,5;90;90;90;112;1,8;,6;
2026/07/26;1200 UTC;0;948,9;949;948,9;367,5;16,5;13,7;16,6;16,4;13,8;13,6;86;86;86;30;4,2;1,1;
2026/07/26;1300 UTC;0;949,3;949,3;949,3;640,6;18,3;14,1;18,4;18,3;14,4;14;80;78;79;323;3,3;1,4;
2026/07/26;1400 UTC;0;949,4;949,4;949,4;1180,8;20;15,2;20,1;20;15,3;15,1;76;75;76;333;3,6;2,3;
2026/07/26;1500 UTC;0;948,7;948,7;948,7;387;20,4;15,7;20,5;20,4;16;15,5;77;76;76;333;3,9;2,1;
2026/07/26;1600 UTC;0;948;948,1;948;164,4;20,6;16;20,8;20,4;16,1;15,9;78;76;77;289;3,8;2;
2026/07/26;1700 UTC;0;947,6;948;947,2;295,5;19,8;16,3;20,4;19,2;16,8;15,9;87;78;83;257;3,6;1,8;
2026/07/26;1800 UTC;0;947;947,3;946,7;500,1;19,5;16,6;20,4;19,1;17,2;16,2;88;83;86;;;;
2026/07/26;1900 UTC;0;946,3;946,3;946,3;887,4;21,5;17,7;21,7;21,4;17,8;17,5;81;80;81;308;2,9;1,2;
2026/07/26;2000 UTC;0;946,5;946,5;946,4;81,1;20,4;17,6;20,5;20,4;17,7;17,6;86;86;86;;;;
2026/07/26;2100 UTC;0;946,6;946,8;946,4;11,8;20,1;17,5;20,4;19,8;17,6;17,4;89;85;87;;;;
2026/07/26;2200 UTC;0;947;947,1;946,8;0;19,7;17,6;19,8;19,4;17,6;17,5;91;88;90;;;;
2026/07/26;2300 UTC;0;946,9;947,1;946,8;0;19,1;17,5;19,4;18,7;17,6;17,3;94;91;92;349;2,3;1,2;
2026/07/27;0000 UTC;0;947;947,1;946,9;0;18,5;17,4;18,7;18,4;17,5;17,4;96;94;95;53;1,4;,3;
2026/07/27;0100 UTC;0;947;947,1;946,9;0;18,2;17,5;18,3;18,2;17,6;17,5;97;96;96;128;1,2;,5;
2026/07/27;0200 UTC;0;947,1;947,2;947;0;18,2;17,5;18,3;18,1;17,6;17,5;97;96;97;21;1,6;,4;
2026/07/27;0300 UTC;0;947,1;947,2;947;0;18,3;17,5;18,4;18,2;17,6;17,4;97;95;96;5;1,5;,7;
2026/07/27;0400 UTC;0;946,8;947;946,5;0;18,2;17,4;18,3;18;17,5;17,4;97;96;96;11;2,5;,4;
2026/07/27;0500 UTC;0;946,4;946,7;946,1;0;18,1;17,3;18,3;17,8;17,4;17,2;98;95;96;45;1,8;,6;
2026/07/27;0600 UTC;0;945,8;945,9;945,8;0;17,7;17,2;17,8;17,6;17,3;17,2;99;97;98;360;2,1;,9;
2026/07/27;0700 UTC;0;945,5;945,8;945,3;0;17,7;17,2;17,8;17,6;17,3;17,1;98;97;97;123;1,5;,7;
2026/07/27;0800 UTC;0;945,4;945,5;945,3;0;17,9;17,3;18;17,7;17,4;17,1;98;96;97;105;1,5;,7;
2026/07/27;0900 UTC;0;945,3;945,4;945,2;0;17,9;17,3;18,3;17,8;17,5;17,2;98;96;97;34;;,9;
2026/07/27;1000 UTC;0;945,4;945,7;945,1;0;18,4;17,4;18,8;18,3;17,5;17,3;96;93;95;355;4,1;2,6;
2026/07/27;1100 UTC;0;946,1;946,1;946;165,8;19,2;17,4;19,2;19,1;17,4;17,3;91;91;91;350;5;3,5;
2026/07/27;1200 UTC;0;946,4;946,7;946,2;386,8;19,8;17,5;20;19,5;17,6;17,4;90;87;88;347;5,2;2,7;
2026/07/27;1300 UTC;0;946,4;946,5;946,4;407,6;20,8;17,8;20,9;20,8;17,8;17,7;85;84;85;336;3,5;2,1;
2026/07/27;1400 UTC;0;946,3;946,4;946,3;893,5;22,9;18,7;23;22,9;18,9;18,6;80;78;79;1;4,9;2;
2026/07/27;1500 UTC;0;945,2;945,2;945,2;1924,8;24,8;19,2;25,1;24,7;19,4;19,1;73;71;72;347;4,2;2,1;
2026/07/27;1600 UTC;0;945;945,1;944,9;1191;25,3;19,6;25,3;25,2;19,8;19,4;73;70;72;341;4,4;2,4;
2026/07/27;1700 UTC;0;943,5;943,5;943,5;722,3;24,6;19,2;24,6;24,5;19,4;19;74;72;73;341;4,2;2,6;
2026/07/27;1800 UTC;0;943,1;943,5;942,6;540,8;24,3;19,2;24,5;23,8;19,8;18,6;76;73;75;335;4,8;2,7;
2026/07/27;1900 UTC;;;;;;;;;;;;;;;;;;
2026/07/27;2000 UTC;0;942,2;942,6;941,8;31,2;22,9;18,5;23,1;22,6;18,9;18,2;79;76;78;;;;
2026/07/27;2100 UTC;0;941,7;942,8;940,5;0;22,8;18,2;23,2;22,6;18,5;17,8;79;74;77;;;;
2026/07/27;2200 UTC;5,2;943,5;944,5;942,7;0;19,6;17,8;23,1;18,5;18,7;16,2;99;75;91;;;;
2026/07/27;2300 UTC;0;944,1;944,2;943,8;0;18,4;18,2;18,8;18,1;18,6;17,9;100;98;99;;;;
2026/07/28;0000 UTC;0;943,6;943,9;943,4;0;17,8;17,9;18,1;17,5;18,1;17,6;100;100;100;176;,5;,3;
2026/07/28;0100 UTC;0;943,6;943,7;943,3;0;17,4;17,5;17,6;17,3;17,6;17,4;100;100;100;43;1,2;,4;
2026/07/28;0200 UTC;0;943,1;943,4;942,8;0;16,9;17;17,4;16,6;17,4;16,7;100;100;100;136;1,4;,6;
2026/07/28;0300 UTC;;;;;;;;;;;;;;;;;;
2026/07/28;0400 UTC;0;941,7;941,9;941,5;0;20,4;17,7;20,9;19,5;18,1;17,4;92;83;87;350;8,5;4,8;
2026/07/28;0500 UTC;0;941,5;941,8;940,9;0;21;17,3;21,1;20,9;17,5;17,1;83;80;81;346;10,1;5;
2026/07/28;0600 UTC;0;940,4;940,9;939,9;0;21,3;16,9;21,4;21,1;17,1;16,7;80;77;78;346;10,7;5,9;
2026/07/28;0700 UTC;0;940,4;940,5;940,2;0;21,4;16,5;21,5;21,3;16,6;16,4;76;75;76;357;10;5,4;
2026/07/28;0800 UTC;0;940,2;941,3;939,8;0;21,3;16,3;21,4;21,1;16,5;16,1;76;74;75;;;;
2026/07/28;0900 UTC;;;;;;;;;;;;;;;;;;
2026/07/28;1000 UTC;11,4;942,5;944,8;941,1;0;17,6;17,1;18,9;16,6;;;99;81;92;;;;
2026/07/28;1100 UTC;1,6;942,7;943,5;941,8;1,7;16,5;16,5;16,6;16,4;16,6;16,4;100;99;100;;;;
2026/07/28;1200 UTC;0;943,9;944,2;943,6;13,1;16,5;16,6;16,6;16,4;16,7;16,5;100;100;100;;;;
2026/07/28;1300 UTC;5,4;944,1;944,7;943,7;186,7;16,7;16,8;17;16,5;17;16,5;100;100;100;;;;
2026/07/28;1400 UTC;1;944,9;945,5;944,2;108,5;17;17,1;17,1;16,9;17,2;16,9;100;100;100;;;;
2026/07/28;1500 UTC;;;;;;;;;;;;;;;;;;
2026/07/28;1600 UTC;0;945,4;945,7;945,1;92,1;16,9;17;16,9;16,9;17;17;100;100;100;;;;
2026/07/28;1700 UTC;3,6;944,4;945,4;943,8;95,4;16,7;16,8;16,9;16,6;16,9;16,7;100;100;100;;;;
2026/07/28;1800 UTC;;;;;;;;;;;;;;;;;;
2026/07/28;1900 UTC;0;943,7;944,1;943,3;115,3;16,4;16,5;16,6;16,3;16,7;16,3;100;100;100;;;;
2026/07/28;2000 UTC;0;943;943,6;942,7;296,1;16,6;16,5;16,8;16,4;16,6;16,2;100;97;99;;;;
2026/07/28;2100 UTC;0;943;943,1;942,7;75,5;16,5;16,2;16,8;16;16,5;15,9;99;97;98;;;;
2026/07/28;2200 UTC;,2;926,6;942,9;;0;15,5;15,2;16;15,2;15,8;;100;99;100;95;1,8;,6;
2026/07/28;2300 UTC;;;;;;;;;;;;;;;;;;
2026/07/29;0000 UTC;;;;;;;;;;;;;;;;;;
2026/07/29;0100 UTC;,2;940,6;940,9;940,3;0;14,9;14,7;15,1;14,9;15,1;14,2;100;96;99;;;;
2026/07/29;0200 UTC;0;939,9;940,4;939,3;0;14,8;14,1;15,1;14,6;14,4;13,6;99;93;96;;;;
2026/07/29;0300 UTC;0;938,9;939,6;938,2;0;15,1;14;15,7;14,7;14,3;13,7;97;90;94;;;;
2026/07/29;0400 UTC;;;;;;;;;;;;;;;;;;
2026/07/29;0500 UTC;6,4;943,6;944,3;943;0;14,5;14,5;14,7;14,4;14,7;14,4;100;99;100;199;8,1;3;
2026/07/29;0600 UTC;2,8;942,8;943,5;941,9;0;14,1;13,7;14,2;13,9;13,9;13,4;99;97;98;147;8,6;3,8;
2026/07/29;0700 UTC;5,6;943,3;944,7;942,5;0;13,4;13,1;13,9;13;13,5;12,8;100;98;99;161;8,6;3,6;
2026/07/29;0800 UTC;5,2;943,9;945,1;943;0;;12,7;;;12,8;12,6;100;98;99;42;6,6;1,3;
2026/07/29;0900 UTC;3,2;942,9;944;941;0;12,6;12,7;12,7;12,6;12,7;12,6;100;100;100;192;3,4;1;
2026/07/29;1000 UTC;4,8;944,7;947,7;940,9;0;12,9;13;13,2;12,6;13,2;12,7;100;100;100;243;6,9;2,9;
2026/07/29;1100 UTC;0;944,3;944,5;944,2;14,5;12,9;13;13;12,9;13;13;100;100;100;140;2,6;1,6;
2026/07/29;1200 UTC;0;944,1;944,3;943,9;165,5;13,1;12,9;13,1;13,1;13;12,8;99;98;99;100;1,9;1,2;
2026/07/29;1300 UTC;0;943,6;943,7;943,6;331,3;14,4;13,8;14,5;14,3;13,9;13,6;98;96;97;211;1,4;,8;
2026/07/29;1400 UTC;0;943,9;944;943,9;1619;17,3;14,9;17,4;17,3;15,5;14,6;91;86;88;293;2,1;1;
2026/07/29;1500 UTC;;;;;;;;;;;;;;;;;;
2026/07/29;1600 UTC;0;944,5;944,6;944,5;2458,1;21,7;15,7;21,7;21,6;16,1;15,5;72;69;70;350;4,8;3,3;
2026/07/29;1700 UTC;0;945,3;945,3;945,2;2254,2;22;14,4;22,1;21,9;14,7;14,2;64;61;62;264;4,2;2,8;
2026/07/29;1800 UTC;0;945,6;945,6;945,6;2149,5;23;15,4;23,1;23;15,7;14,9;63;60;62;265;2,9;1,9;
2026/07/29;1900 UTC;0;945,8;945,8;945,7;840,7;19,6;15,3;19,8;19,5;15,4;15,2;79;78;78;150;4,5;2,3;
2026/07/29;2000 UTC;0;945,9;945,9;945,8;474,7;19,4;14,8;19,5;19,3;15;14,7;77;76;77;113;1,4;,9;
2026/07/29;2100 UTC;0;946,6;946,6;946,5;0;16,8;14,2;16,9;16,8;14,2;14,1;87;87;87;146;2,9;1,7;
2026/07/29;2200 UTC;0;946,7;946,9;946,5;0;15,9;14;16,7;15,4;14,5;13,7;92;87;90;123;2,6;,5;
2026/07/29;2300 UTC;0;947,4;947,8;946,9;0;15,3;13,5;15,4;15,2;13,9;13,1;92;89;91;314;2,5;,5;
2026/07/30;0000 UTC;0;948,2;948,5;947,9;0;15,2;13,3;15,3;15,2;13,8;12,8;93;88;90;132;3,2;1,1;
2026/07/30;0100 UTC;0;948,6;948,8;948,5;0;15;13,1;15,2;14,7;13,3;12,9;92;89;90;183;1,9;,3;
2026/07/30;0200 UTC;0;948,8;948,9;948,7;0;14,2;13;14,7;13,6;13,2;12,9;97;92;94;95;,9;,2;
2026/07/30;0300 UTC;0;949;949,1;948,8;0;13,2;12,9;13,6;12,8;13,1;12,5;100;96;98;264;1;,2;
2026/07/30;0400 UTC;;;;;;;;;;;;;;;;;;
2026/07/30;0500 UTC;0;948,7;948,7;948,7;0;11,8;11,9;11,8;11,8;11,9;11,9;100;100;100;120;1,4;,6;
2026/07/30;0600 UTC;0;948,3;948,3;948,3;;11,3;11,4;11,3;11,3;11,4;11,4;100;100;100;;;;
2026/07/30;0700 UTC;0;948,3;948,4;948,1;0;;11,3;;;11,4;11;100;100;100;32;1,1;,5;
2026/07/30;0800 UTC;;;;;;;;;;;;;;;;;;
2026/07/30;0900 UTC;0;948,8;949,2;948,5;0;11,3;11,3;11,3;11,2;11,4;11,3;100;100;100;267;2,8;,6;
2026/07/30;1000 UTC;0;949,8;950,4;949,1;0;11,2;11,3;11,3;11,1;11,4;11,2;100;100;100;131;1,8;,6;
2026/07/30;1100 UTC;0;951,3;951,3;951,2;92,8;11,3;11,4;11,3;11,3;11,4;11,4;100;100;100;180;1;,5;
2026/07/30;1200 UTC;;;;;;;;;;;;;;;;;;
2026/07/30;1300 UTC;0;951,7;951,8;951,6;576,2;12,4;12,4;12,9;12;12,8;11,9;100;96;99;219;2,2;,7;
2026/07/30;1400 UTC;0;952,1;952,1;952;916,1;14,8;12,9;14,8;14,7;13,4;12,6;93;89;91;110;1,6;,7;
2026/07/30;1500 UTC;0;951,4;951,6;951,4;2408;17,6;12,9;17,9;17,4;13,3;12,5;80;73;76;147;2,5;,8;
2026/07/30;1600 UTC;0;950,6;950,6;950,6;2521,3;19,1;13,8;19,3;19;14,4;13,5;76;72;74;257;2,4;1,2;
2026/07/30;1700 UTC;0;950,5;950,5;950,4;2248,5;20,4;14,5;20,4;20,4;14,9;14,3;73;70;71;143;3,6;1,7;
2026/07/30;1800 UTC;0;950,1;950,1;950,1;1775,6;21;15;21,1;20,9;15,2;14,9;71;69;70;147;3,4;1,9;
2026/07/30;1900 UTC;0;950,1;950,1;950,1;1132,2;21;15,5;21;20,9;15,8;15,2;74;71;73;165;4,3;2,5;
2026/07/30;2000 UTC;0;949,9;950;949,9;403,2;20,9;15,6;20,9;20,8;15,7;15,3;75;72;74;153;1,6;,7;
2026/07/30;2100 UTC;0;949,7;949,8;949,7;0;18,1;15,6;18,2;18;15,6;15,5;88;87;87;;;;
2026/07/30;2200 UTC;0;949,4;949,8;949,3;0;17,2;15,4;18;16,9;15,6;15,2;92;88;91;;;;
2026/07/30;2300 UTC;0;949,7;950;949,5;0;16,7;15,1;16,9;16,3;15,3;15;95;91;92;;;;
2026/07/31;0000 UTC;0;950,2;950,3;950;0;16,4;14,9;16,6;16,2;15,2;14,4;95;90;93;;;;
2026/07/31;0100 UTC;0;950,4;950,6;950,3;0;16;14,2;16,3;15,9;14,6;13,9;92;90;91;;;;
2026/07/31;0200 UTC;0;950,5;950,7;950,4;0;15,6;13,8;15,9;15,3;14;13,7;;;;;;;
2026/07/31;0300 UTC;0;950,9;951,2;950,4;0;15,2;13,7;15,4;15;13,8;13,6;94;92;93;;;;
2026/07/31;0400 UTC;0;950,7;951,1;950,4;0;14,9;13,8;15,1;14,7;13,9;13,6;96;93;94;210;1,4;,5;
2026/07/31;0500 UTC;0;950,7;950,8;950,5;0;15,2;13,9;15,5;14,7;13,9;13,8;95;92;93;;;;
2026/07/31;0600 UTC;0;950,4;950,7;950,3;0;15,2;13,9;15,4;15;13,9;13,8;94;92;93;;;;
2026/07/31;0700 UTC;0;950,1;950,4;949,9;0;15,2;14;15,3;15,1;14,2;13,9;;;;233;1,9;,8;
2026/07/31;0800 UTC;0;949,7;949,9;949,6;0;15,2;14;15,4;14,8;14,1;13,9;96;93;94;;;;
2026/07/31;0900 UTC;;;;;;;;;;;;;;;;;;
2026/07/31;1000 UTC;0;950,3;950,4;950,2;0;14,6;13,5;14,6;14,4;13,7;13,4;96;94;95;;;;
2026/07/31;1100 UTC;0;950,6;950,6;950,5;67,6;14,7;13,1;14,8;14,5;13,2;13;93;91;92;;;;
2026/07/31;1200 UTC;;;;;;;;;;;;;;;;;;
2026/07/31;1300 UTC;;;;;;;;;;;;;;;;;;
2026/07/31;1400 UTC;;;;;;;;;;;;;;;;;;
2026/07/31;1500 UTC;;;;;;;;;;;;;;;;;;
2026/07/31;1600 UTC;;;;;;;;;;;;;;;;;;
2026/07/31;1700 UTC;;;;;;;;;;;;;;;;;;
2026/07/31;1800 UTC;;;;;;;;;;;;;;;;;;
2026/07/31;1900 UTC;;;;;;;;;;;;;;;;;;
2026/07/31;2000 UTC;;;;;;;;;;;;;;;;;;
2026/07/31;2100 UTC;;;;;;;;;;;;;;;;;;
2026/07/31;2200 UTC;;;;;;;;;;;;;;;;;;
2026/07/31;2300 UTC;;;;;;;;;;;;;;;;;;
2026/08/01;0000 UTC;;;;;;;;;;;;;;;;;;
2026/08/01;0100 UTC;;;;;;;;;;;;;;;;;;
2026/08/01;0200 UTC;;;;;;;;;;;;;;;;;;
2026/08/01;0300 UTC;;;;;;;;;;;;;;;;;;
2026/08/01;0400 UTC;;;;;;;;;;;;;;;;;;
2026/08/01;0500 UTC;;;;;;;;;;;;;;;;;;
2026/08/01;0600 UTC;0;946,4;946,5;946,3;0;15,8;11,5;15,9;15,7;11,6;11,4;79;78;79;106;5,2;1,8;
2026/08/01;0700 UTC;0;945,9;946,4;945,3;0;15,8;11,4;16;15,6;11,6;11,1;79;76;78;67;6,3;2,3;
2026/08/01;0800 UTC;;;;;;;;;;;;;;;;;;
2026/08/01;0900 UTC;0;945,2;945,5;945,1;0;16,3;11,1;16,7;16,1;11,3;10,5;75;70;74;17;10,4;3,6;
2026/08/01;1000 UTC;0;945,4;945,7;945,1;0;16,6;10,7;16,8;16,3;11,1;10,3;73;68;71;8;9,6;3,6;
2026/08/01;1100 UTC;;;;;;;;;;;;;;;;;;
2026/08/01;1200 UTC;0;945,9;946;945,9;246,8;18,9;11,1;18,9;18,9;11,3;11;62;60;61;1;8;3,7;
2026/08/01;1300 UTC;0;945,8;945,9;945,7;471,6;20,6;11,9;20,7;20,5;12;11,6;57;55;56;359;10,8;6,7;
2026/08/01;1400 UTC;;;;;;;;;;;;;;;;;;
2026/08/01;1500 UTC;0;944,7;944,8;944,7;2450,7;24,9;14,6;24,9;24,8;14,8;14,5;50;48;49;2;12,3;7,2;
2026/08/01;1600 UTC;0;944,1;944,1;944;2445,2;26;15,5;26;25,9;15,6;15,3;48;47;47;3;12,6;7,3;
2026/08/01;1700 UTC;0;943,1;943,1;942,9;2213,8;27;16,5;27,1;26,9;16,7;16,2;49;46;47;360;10,7;5,5;
2026/08/01;1800 UTC;0;942,1;942,2;942,1;1444,1;27;16,5;27,1;27;16,7;16,3;49;46;47;6;11,8;6,2;
2026/08/01;1900 UTC;0;942;942;941,9;827,5;26,3;16,6;26,4;26,3;16,8;16,3;52;50;51;4;8,7;4,8;
2026/08/01;2000 UTC;0;941,6;941,7;941,6;230,9;25,4;16,5;25,5;25,4;16,6;16,4;56;55;55;;;;
2026/08/01;2100 UTC;0;942,6;943,9;941,6;74,6;24,8;16,5;25,5;22;16,7;16,3;72;55;58;;;;
2026/08/01;2200 UTC;0;944,9;945,6;944;,1;20,2;16,2;21,9;19,5;16,5;16;83;73;80;265;13,6;5;
2026/08/01;2300 UTC;0;946,7;947,5;945,6;0;18,2;15,5;19,5;16,6;16,3;14,3;91;83;87;270;11,7;5,1;
2026/08/02;0000 UTC;0;947;947,2;946,7;0;16,4;14,5;16,6;16,2;14,8;14;92;89;90;327;;2,4;
2026/08/02;0100 UTC;0;946,1;946,8;945,2;0;16,6;13,6;17,3;16,2;14,4;12,8;91;79;85;356;9,2;2,8;
2026/08/02;0200 UTC;0;946,4;947,5;945,3;0;17,1;13,3;17,7;16,5;13,7;12,9;86;76;81;264;8,4;1,8;
2026/08/02;0300 UTC;0;947,6;947,9;946,9;0;16,4;13,3;16,7;16,1;13,6;13,1;86;83;84;311;5,6;2,1;
2026/08/02;0400 UTC;0;948;948,1;947,9;0;15,7;13,1;15,8;15,7;13,2;13,1;88;87;87;296;4,2;2;
2026/08/02;0500 UTC;0;947,7;948;947,4;0;15,2;13,1;15,6;14,9;13,2;13;91;88;89;298;;,8;
2026/08/02;0600 UTC;0;947,3;947,5;947;0;14,4;13,1;14,9;14;13,2;13;96;91;94;282;2,3;,5;
2026/08/02;0700 UTC;0;947,4;947,5;947,2;0;13,8;13,1;14;13,6;13,2;12,9;98;96;97;178;1,1;,5;
2026/08/02;0800 UTC;0;947,3;947,4;947,1;0;13,2;13;13,6;12,9;13,2;12,8;100;97;99;330;,7;,4;
2026/08/02;0900 UTC;0;947,2;947,3;947,1;0;12,6;12,6;12,9;12,4;12,8;12,3;100;99;100;82;,9;,4;
2026/08/02;1000 UTC;;;;;;;;;;;;;;;;;;
2026/08/02;1100 UTC;0;948,1;948,2;948;141,6;12,5;12,5;12,6;12,5;12,6;12,5;100;100;100;223;,3;,1;
2026/08/02;1200 UTC;0;948,9;948,9;948,8;575,7;14,1;13,6;14,2;14;13,7;13,5;98;97;97;257;,7;,3;
2026/08/02;1300 UTC;0;949,2;949,3;949,2;1025,6;16,1;13,3;16,1;15,9;13,6;13;88;85;86;157;1,7;,5;
2026/08/02;1400 UTC;;;;;;;;;;;;;;;;;;
2026/08/02;1500 UTC;0;949,1;949,2;949,1;1206,4;19,1;13,6;19,2;19,1;13,8;13,4;74;71;73;174;1,4;,4;
2026/08/02;1600 UTC;0;948,8;948,8;948,7;1410,5;20;14;20,2;19,9;14,2;13,8;72;69;70;124;1,8;,6;
2026/08/02;1700 UTC;0;948,2;948,2;948,1;1051;20,6;14,7;20,6;20,6;15,2;14,4;73;69;71;119;1;,5;
2026/08/02;1800 UTC;0;948;948,1;948;1966,5;21,9;15,5;22;21,8;15,7;15,2;69;67;68;139;2,1;,8;
2026/08/02;1900 UTC;0;948;948,1;948;1054,9;21,9;15,9;22;21,8;16,5;15,7;72;68;70;135;1,9;1;
2026/08/02;2000 UTC;0;948;948;948;490;21,5;16,2;21,6;21,4;16,4;16;74;72;74;155;,8;,4;
2026/08/02;2100 UTC;0;948;948;947,9;0;19,2;16,2;19,3;19,1;16,2;16,1;85;84;85;358;,6;,3;
2026/08/02;2200 UTC;0;947,9;948;947,8;0;18,6;16,1;19,1;17,9;16,2;16;92;85;88;200;,6;,2;
2026/08/02;2300 UTC;0;948;948,2;947,9;0;17,5;16;17,9;17;16,2;15,8;95;91;93;274;1;,2;
2026/08/03;0000 UTC;0;948,3;948,6;948,1;0;16,8;15,8;17,2;16,3;16,1;15,5;97;93;95;139;1;,5;
2026/08/03;0100 UTC;0;948,6;948,6;948,5;0;16;15,5;16,6;15,7;16,2;14,9;99;94;97;309;1,7;,3;
2026/08/03;0200 UTC;0;948,5;948,6;948,5;0;15,8;15,1;16,9;15,3;15,7;14,5;99;92;97;122;1,5;,8;
2026/08/03;0300 UTC;0;948,5;948,6;948,3;0;15,7;14,8;17;15,2;15,3;14,2;99;88;95;250;1,8;,2;
2026/08/03;0400 UTC;0;948,2;948,3;948,1;0;15,1;15;15,3;14,9;15,2;14,4;100;97;99;255;,5;,2;
2026/08/03;0500 UTC;0;948,2;948,4;948,1;0;14,9;14,7;15;14,7;15;14;100;97;99;91;,7;,2;
2026/08/03;0600 UTC;0;947,9;947,9;947,8;0;14,5;14,3;14,5;14,4;14,4;14,1;99;99;99;284;,7;,3;
2026/08/03;0700 UTC;0;947,6;947,8;947,4;0;14,5;14,4;14,7;14,3;14,6;14;100;98;99;117;,8;,1;
2026/08/03;0800 UTC;0;947,4;947,5;947,2;0;14,6;14,5;15,2;14,2;15,3;13,9;100;98;100;285;1,8;,3;
2026/08/03;0900 UTC;0;947,5;947,8;947,3;0;14,7;14,5;15,5;14,3;15,6;13,8;100;97;99;89;1,3;,5;
2026/08/03;1000 UTC;0;948,3;948,4;948,2;0;15,5;14,9;16;15,2;15,3;14,3;98;95;97;32;3;,8;
2026/08/03;1100 UTC;0;948,9;948,9;948,9;166,4;15,7;14,8;15,8;15,7;15;14,6;96;94;95;3;1,3;,4;
2026/08/03;1200 UTC;0;949,3;949,5;949,3;434,9;17,8;15,8;17,8;17,6;16,2;15,2;92;88;90;86;2,8;,6;
2026/08/03;1300 UTC;0;949,6;949,7;949,6;848,5;20;15,9;20,1;19,8;16,5;15,6;83;77;80;63;1,7;,7;
2026/08/03;1400 UTC;;;;;;;;;;;;;;;;;;
2026/08/03;1500 UTC;0;949;949;948,9;1309,4;23,6;17,3;23,7;23,5;17,7;17;71;67;69;31;3;1,2;
2026/08/03;1600 UTC;0;948,7;948,7;948,7;1896,3;25,5;17,6;25,7;25,4;18,2;17,3;64;59;60;347;3,5;1,9;
2026/08/03;1700 UTC;0;948,3;948,3;948,3;1232,9;26,2;16,8;26,3;26,1;17,2;16,5;55;51;53;332;5,4;2,6;
2026/08/03;1800 UTC;;;;;;;;;;;;;;;;;;
2026/08/03;1900 UTC;0;948,4;948,4;948,3;403,4;24,5;17,7;24,5;24,4;17,8;17,6;67;66;66;309;3;1,6;
2026/08/03;2000 UTC;0;948;948,1;948;202,4;23,4;16,9;23,4;23,3;17,2;16,5;69;66;68;323;4,2;2,4;
2026/08/03;2100 UTC;0;948,6;948,6;948,6;0;22;15,4;22,1;22;15,5;15,4;67;67;67;329;4,8;2,3;
2026/08/03;2200 UTC;0;;;;0;21,5;15,2;22;20,9;15,6;3,2;73;67;69;343;;2,9;
2026/08/03;2300 UTC;0;;;;0;20,8;15,5;20,9;20,5;15,7;15,4;75;73;74;345;;2,6;
2026/08/04;0000 UTC;0;948,1;948,3;948;0;20,4;14,9;20,6;20,2;15,4;14,4;74;71;73;269;6,2;1,5;
2026/08/04;0100 UTC;0;948,5;948,6;948,3;0;19,9;14,6;20,2;19,5;14,9;14,3;77;71;74;338;4,3;1,2;
2026/08/04;0200 UTC;0;948,3;948,4;948,2;0;18,9;14,8;19,5;18;15;14,6;84;77;80;326;3,5;1,6;
2026/08/04;0300 UTC;0;;;;;;;;;;;;;;;;;
2026/08/04;0400 UTC;0;;;;;;;;;;;;;;;;;
2026/08/04;0500 UTC;0;;;;;;;;;;;;;;;;;
2026/08/04;0600 UTC;0;;;;;;;;;;;;;;;;;
2026/08/04;0700 UTC;0;;;;;;;;;;;;;;;;;
2026/08/04;0800 UTC;0;;;;;;;;;;;;;;;;;
2026/08/04;0900 UTC;0;;;;;;;;;;;;;;;;;
2026/08/04;1000 UTC;0;;;;;;;;;;;;;;;;;
2026/08/04;1100 UTC;0;949;949;949;34,1;16,3;14,9;16,3;16,2;15;14,8;94;92;93;197;,4;,2;
2026/08/04;1200 UTC;0;949,6;949,6;949,6;292,2;18,2;15,1;18,3;18,1;15,2;14,8;85;83;84;296;1,5;,8;
2026/08/04;1300 UTC;0;949,7;949,7;949,7;161,9;19,2;15,4;19,3;19;15,7;14,9;82;78;81;103;1,1;,8;
2026/08/04;1400 UTC;;;;;;;;;;;;;;;;;;
2026/08/04;1500 UTC;0;949;949,1;948,9;1175,8;20,7;15,8;20,8;20,6;16,2;15,4;78;74;76;142;1,8;,7;
2026/08/04;1600 UTC;0;948,6;948,9;948,2;1729,7;21,5;16,2;22,2;20,8;17;15,4;79;67;74;146;3,6;1,8;
2026/08/04;1700 UTC;;;;;;;;;;;;;;;;;;
2026/08/04;1800 UTC;;;;;;;;;;;;;;;;;;
2026/08/04;1900 UTC;0;946,3;946,6;946;557,6;22,3;16,9;22,7;22;17,6;16,2;78;69;73;;;;
2026/08/04;2000 UTC;0;946;946,1;946;213;21,3;17,3;22;21;17,8;16,9;84;75;80;;;;
2026/08/04;2100 UTC;0;946,4;946,4;946,4;0;20,4;16,5;20,4;20,3;16,6;16,4;81;80;81;95;,6;,4;
2026/08/04;2200 UTC;0;946,5;946,5;946,4;0;20;16,5;20,3;19,8;16,7;16,3;85;81;82;103;1,2;,3;
2026/08/04;2300 UTC;0;946,6;946,8;946,5;0;19,3;16,7;19,8;18,8;17;16,5;90;84;87;110;,9;,5;
2026/08/05;0000 UTC;0;946,7;946,7;946,6;0;17,8;16,7;17,9;17,7;16,8;16,6;95;94;95;167;,7;,3;
2026/08/05;0100 UTC;0;946,6;946,8;946,4;0;17,5;16,7;17,9;17,2;16,9;16,4;98;93;96;79;,7;,4;
2026/08/05;0200 UTC;0;946,3;946,4;946,3;0;16,8;16,2;17,5;16,4;16,8;15,7;100;94;97;80;,9;,4;
2026/08/05;0300 UTC;0;946,2;946,3;946,1;0;16,5;15,9;16,9;16,3;16,6;15,5;99;94;97;48;,9;,3;
2026/08/05;0400 UTC;0;946,2;946,3;946;0;16,1;15,8;16,3;16;16,1;15,5;99;97;98;333;,7;,3;
2026/08/05;0500 UTC;0;946;946,2;945,9;0;16,2;15,9;16,4;16;16,2;15,5;100;97;99;169;,8;,5;
2026/08/05;0600 UTC;0;945,6;945,9;945,3;0;16,3;15,7;16,5;16,1;16,1;15,4;98;96;97;279;1,2;,2;
2026/08/05;0700 UTC;0;945,1;945,3;944,9;0;16,4;15,9;16,6;16,2;16,2;15,6;98;97;26;198;;,3;
2026/08/05;0800 UTC;0;944,8;945;944,5;0;16,3;15,8;16,5;15,9;15,9;15,6;98;96;97;167;,7;,3;
2026/08/05;0900 UTC;0;944,6;944,7;944,4;0;15,9;15,6;16;15,8;15,7;15,6;99;98;99;279;,5;,3;
2026/08/05;1000 UTC;0;944,9;945,3;944,7;0;15,9;15,7;16,1;15,8;15,9;15,6;99;99;99;25;,5;,2;
2026/08/05;1100 UTC;0;945,6;945,6;945,6;67,2;16,9;15,6;16,9;16,9;15,7;15,5;94;93;94;11;2;,8;
2026/08/05;1200 UTC;0;946;946;945,9;227,7;17,9;15;18;17,9;15,2;14,8;87;84;86;33;1,9;,7;
2026/08/05;1300 UTC;0;946,7;946,7;946,7;609,6;19,4;15,7;19,4;19,4;15,7;15;79;76;79;0;3,2;1,7;
2026/08/05;1400 UTC;3,4;946,8;946,9;946,8;708,4;19,6;15,2;19,6;19,4;16,1;14,4;81;72;76;1;4,2;2;
2026/08/05;1500 UTC;0;945,9;946,8;945,9;661,9;19,7;15,5;19,7;19,2;15,9;14,7;80;74;77;55;4,6;,6;
2026/08/05;1600 UTC;0;944,7;945,9;944,7;1598,9;21,7;16,2;22;19,7;16,5;15;78;66;71;55;3,1;1;
2026/08/05;1700 UTC;0;944,1;944,7;944,1;819,1;20,3;16,1;22,3;20,3;16,4;15,6;77;66;77;341;5,6;2,5;
2026/08/05;1800 UTC;0;943,5;944,1;943,5;636,8;20,7;15,9;20,7;20,2;16,3;15,5;77;74;74;351;5,8;2,6;
2026/08/05;1900 UTC;0;943,3;943,6;943,3;544,7;20,7;16,1;20,8;20,4;16,7;15,6;79;73;75;352;5,1;2,1;
2026/08/05;2000 UTC;0;943,3;943,4;943,3;468;20,6;15,9;20,9;20,1;16,7;15,6;80;72;75;28;3,8;,7;
2026/08/05;2100 UTC;0;943,2;943,4;943,2;78,3;19,2;16,1;21;19,2;16,5;15,9;83;73;83;36;2,2;,3;
2026/08/05;2200 UTC;0;943,2;943,3;943,1;0;18,2;16,5;19,2;18,2;16,6;16;90;82;90;348;1,1;,7;
2026/08/05;2300 UTC;0;943,2;943,3;943;0;17,4;16,1;18,2;17,4;16,6;16,1;92;89;92;44;3,5;1;
2026/08/06;0000 UTC;0;943,4;943,4;943,2;0;16,9;15,8;17,4;16,9;16,1;15,8;94;92;94;93;1,8;,5;
2026/08/06;0100 UTC;0;943,2;943,6;943,2;0;16,3;15,7;16,7;16,3;15,8;15,7;96;94;96;23;1,2;,5;
2026/08/06;0200 UTC;0;942,9;943,2;942,9;0;16;15,6;16,5;16;15,7;15,5;98;95;97;18;2,2;,8;
2026/08/06;0300 UTC;0;942,6;943;942,6;0;16,2;15,7;16,3;16;15,8;15,5;97;96;97;2;6;2,7;
2026/08/06;0400 UTC;0;942,5;942,7;942,4;0;15,8;15,6;16,2;15,8;15,8;15,4;99;97;99;334;3,7;,7;
2026/08/06;0500 UTC;0;942,2;942,4;942,1;0;16,1;15,7;16,1;15,6;15,7;15,5;100;97;97;355;4,4;1,7;
2026/08/06;0600 UTC;0;941,5;942,2;941,5;0;15,9;15,7;16,1;15,9;15,7;15,6;98;97;98;34;2;,7;
2026/08/06;0700 UTC;0;940,6;941,4;940,6;0;15,8;15,5;16;15,8;15,7;15,5;99;98;98;112;1,4;,4;
2026/08/06;0800 UTC;0;940;940,6;940;0;15,6;15,4;15,7;15,4;15,5;15,3;100;99;99;27;3,5;1,2;
2026/08/06;0900 UTC;0;939,8;940;939,7;0;15,4;15,3;15,7;15,4;15,5;15,2;99;98;99;42;4,8;,7;
2026/08/06;1000 UTC;0;940,2;940,3;;0;15,9;15,6;15,9;15,1;15,7;15;100;98;98;359;5,4;2,8;
2026/08/06;1100 UTC;0;940,2;940,3;940;46,4;15,7;15,7;16,1;15,4;15,7;15,2;100;97;100;359;5,1;,7;
2026/08/06;1200 UTC;0;940,6;940,7;940,2;253,8;17,8;16,5;17,8;15,8;16,8;15,8;100;93;93;355;4,5;2,5;
2026/08/06;1300 UTC;0;940,1;940,5;940;398,8;19,7;17,4;19,9;17,8;17,4;16,5;93;84;86;352;6,2;3,1;
2026/08/06;1400 UTC;0;940,6;940,8;940;382,6;19,6;17,2;19,8;19,6;17,6;17,2;88;86;86;349;8,4;3,9;
2026/08/06;1500 UTC;1,8;940;940,6;939,9;169,2;17,3;16,4;19,5;17,2;17,2;16,3;96;84;94;319;8,5;1,7;
2026/08/06;1600 UTC;1,2;939,1;940,1;939,1;371;18,3;17,5;18,3;17,4;17,7;16,5;99;93;96;125;3,1;,5;
2026/08/06;1700 UTC;,8;937,9;939;937,9;840,5;20,5;19,2;20,5;18,3;19,5;17,2;97;89;93;10;4,1;1,5;
2026/08/06;1800 UTC;0;937,3;938;937,2;1858,5;22,7;17,9;22,7;20,5;19,2;17,2;91;73;74;354;8,6;3,2;
2026/08/06;1900 UTC;0;937,3;937,6;937,2;853,6;20,7;16,1;22,8;20,7;18,7;16,1;79;69;75;353;7,1;3,4;
2026/08/06;2000 UTC;0;936,7;937,4;936,4;171,2;19,3;16,4;20,6;19,1;17,2;16;88;75;83;1;7,1;2,8;
2026/08/06;2100 UTC;,2;937,1;937,3;936,7;18,1;18,9;16,2;19,5;18,8;16,7;16;87;82;84;348;10,1;5,4;
2026/08/06;2200 UTC;1,2;936,3;937,5;936,3;0;17;15,8;19;17;16,3;15,5;93;81;93;346;10,2;3,5;
2026/08/06;2300 UTC;,8;935,9;936,5;935,6;0;17;14,5;17;16,7;15,9;14,5;94;85;85;3;10,3;3,5;
2026/08/07;0000 UTC;1,4;937,8;937,8;935,2;0;16;15,2;17,3;16;15,2;13,8;95;82;95;294;10,2;2;
2026/08/07;0100 UTC;6;940,2;940,2;937,9;0;15,4;15,3;15,8;15,3;15,3;14,6;99;93;99;208;6,6;3;
2026/08/07;0200 UTC;9,8;938,1;940,5;938,1;0;14,8;14,3;15,4;14,7;15,4;14,1;100;93;97;340;12,9;3,8;
2026/08/07;0300 UTC;,8;936,9;938,2;936,9;0;14,8;14,1;15;14,8;14,4;13,9;97;94;96;315;8,4;2,1;
2026/08/07;0400 UTC;0;937,2;937,2;936,7;0;15,1;14,4;15,1;14,7;14,4;14;97;94;95;284;5,4;2,7;
2026/08/07;0500 UTC;,6;937,9;938;937,2;0;15;14,3;15,2;14,9;14,9;14,3;99;95;96;244;7,8;3,7;
2026/08/07;0600 UTC;0;938,2;938,3;938;0;14;12,5;15;13,9;14,3;12,3;96;90;91;243;10;3,3;
2026/08/07;0700 UTC;,2;938,3;938,3;938,1;0;13,3;12,5;14;13,2;12,6;12,2;95;90;95;258;5,2;2,5;
2026/08/07;0800 UTC;0;938,9;938,9;938,3;0;12;10,7;13,3;12;12,5;10,6;95;88;91;242;8,2;2,9;
2026/08/07;0900 UTC;0;939,9;939,9;939;0;10,8;8,9;12;10,8;10,7;8,8;93;87;88;253;6,4;2,9;
2026/08/07;1000 UTC;0;941,2;941,3;939,9;0;10,4;8,4;10,8;10,4;8,9;8,1;90;85;88;262;6,1;3;
2026/08/07;1100 UTC;0;942,1;942,1;941,2;61;10,1;7,7;10,4;10,1;8,8;7,7;91;84;85;250;6,1;3,2;
2026/08/07;1200 UTC;0;942,9;943;942,1;297,8;9,9;7,5;10,1;9,8;8;6,8;87;81;85;244;7,4;2;
2026/08/07;1300 UTC;0;943,6;943,6;943,6;354,2;10,2;7,1;10,2;10,2;7,1;7,1;81;81;81;232;3;2,1;
2026/08/07;1400 UTC;0;944;944;943,4;651,4;10,9;5,9;11;10,2;8;5,7;85;70;71;245;5,5;2,9;
2026/08/07;1500 UTC;0;943,5;944,1;943,5;1114,8;11,9;7,1;12;10,9;7,4;5,5;74;66;73;311;4,8;1,7;
2026/08/07;1600 UTC;0;943,3;943,4;943,3;1119,6;12,3;6,7;12,3;12;7,3;6,4;72;68;69;302;4,5;2,2;
2026/08/07;1700 UTC;0;942,5;943,5;942,5;713,9;11,6;6,7;12,4;11,5;7,2;6,2;74;68;72;268;4,9;2,6;
2026/08/07;1800 UTC;0;942,4;942,7;942,3;750,8;12;7;12,1;11,7;8;6,4;77;69;71;287;4,5;2,4;
2026/08/07;1900 UTC;0;942,2;942,4;942,1;1532,9;13,6;6,4;14;12;8,4;6,4;71;62;62;298;4,9;2,2;
2026/08/07;2000 UTC;0;942,5;942,5;942;990,3;12,9;7,1;13,5;12,8;7,7;6,1;70;61;67;297;5,1;1,9;
2026/08/07;2100 UTC;0;942,1;942,6;942,1;230,8;10,9;7,5;12,9;10,9;7,8;6,9;80;68;80;345;3;1,6;
2026/08/07;2200 UTC;0;942;942,1;941,9;0;8,8;7,4;10,8;8,8;7,9;7,3;91;80;91;320;2,7;,5;
2026/08/07;2300 UTC;0;941,8;942;941,8;0;7,4;7,1;8,8;7,4;7,4;6,9;98;91;98;147;1,2;,4;
2026/08/08;0000 UTC;0;941,3;941,8;941,3;0;6,5;6,4;7,4;6,5;7,1;6,4;99;96;99;129;1,5;,5;
2026/08/08;0100 UTC;0;940,7;941,3;940,7;0;5,9;5,8;6,7;5,9;6,7;5,6;100;97;100;143;,9;,8;
2026/08/08;0200 UTC;0;940,5;940,7;940,4;0;5,2;5,2;5,8;5;5,8;4,9;100;99;100;143;,8;,8;
2026/08/08;0300 UTC;0;939,9;940,5;939,9;0;4,4;4,4;5,2;4,4;5,2;4,3;100;99;100;27;,8;,3;
2026/08/08;0400 UTC;0;939,3;939,9;939,3;0;4,3;4,3;4,5;4,3;4,5;4,3;100;100;100;166;,7;,5;
2026/08/08;0500 UTC;0;938,5;939,3;938,5;0;3,9;3,9;4,3;3,8;4,3;3,8;100;100;100;183;,7;,2;
2026/08/08;0600 UTC;0;937,6;938,5;937,6;0;6,4;6,4;6,4;3,8;6,4;3,8;100;100;100;129;1,8;,8;
2026/08/08;0700 UTC;0;937,2;937,7;937,1;0;9,7;9,7;10,1;6,5;10,1;6,5;100;100;100;123;1,5;,9;
2026/08/08;0800 UTC;0;937,4;937,5;937,1;0;8,9;8,9;10,1;8,7;10,1;8,6;100;97;100;123;,9;,9;
2026/08/08;0900 UTC;0;937,2;937,4;936,9;0;10,8;10,8;10,8;8,5;10,8;8,3;100;97;100;20;1;1;
2026/08/08;1000 UTC;0;937,6;937,6;937,2;0;10;10;10,7;9,2;10,7;8,9;100;96;100;20;1;1;
2026/08/08;1100 UTC;0;938;938;937,7;47,7;10,7;10,7;10,7;10,1;10,7;10,1;100;100;100;0;0;0;
2026/08/08;1200 UTC;0;937,7;938,1;937,6;278;12,2;11,9;12,2;10,5;11,9;10,5;100;98;98;0;0;0;
2026/08/08;1300 UTC;0;937,4;938;937,4;282,8;12,7;12,3;12,7;12;12,3;11,5;98;96;97;0;0;0;
2026/08/08;1400 UTC;0;937,4;937,8;937,2;417,2;14,1;13,8;14,1;12,8;13,8;12,4;99;93;99;346;1,2;,6;
2026/08/08;1500 UTC;,2;937;937,4;936,9;331,6;14,9;14,9;14,9;14,1;14,9;13,7;100;97;100;289;2,7;,8;
2026/08/08;1600 UTC;,4;936,3;937;936,3;489;15;14,7;15,4;14,9;15,2;14,6;100;97;98;287;4,5;2,6;
2026/08/08;1700 UTC;,2;936,8;936,8;936,2;523,5;13,7;13,1;15,3;13,7;15;13,1;99;96;96;255;9,7;4,9;
2026/08/08;1800 UTC;,2;937,1;937,5;936,8;615,6;13,3;11,6;13,6;13,3;13,1;11,5;98;89;90;276;9,9;3,3;
2026/08/08;1900 UTC;0;937,1;937,7;937;309,4;12,8;11,7;13,4;12,6;12;10,8;94;88;92;268;6,4;2,5;
2026/08/08;2000 UTC;0;938,1;938,1;936,9;634,8;14;11,2;14,4;12,9;12,6;10,9;94;81;83;285;6,1;2,9;
2026/08/08;2100 UTC;0;939,3;939,3;938,2;98,2;12,3;11;13,8;12,3;11,1;10,7;92;83;92;289;6;2,7;
2026/08/08;2200 UTC;0;940,3;940,3;939,3;5;11,1;10,6;12,2;11,1;11;10,6;97;92;97;238;5,9;1;
2026/08/08;2300 UTC;0;941,3;941,3;940,3;0;10,5;10,5;11,1;10,5;10,7;10,4;100;97;100;104;2,1;,6;
2026/08/09;0000 UTC;0;942,2;942,2;941,3;0;9,5;9,5;10,5;9,5;10,5;9,5;100;99;100;315;1,1;,3;
2026/08/09;0100 UTC;0;942,7;942,7;942,3;0;9,3;9,3;9,6;9,1;9,6;9,1;100;100;100;123;,4;,3;
2026/08/09;0200 UTC;0;944,1;944,1;942,7;0;10;9,7;10,7;9,3;10,5;9,3;100;95;98;329;2,5;,6;
2026/08/09;0300 UTC;0;944,8;944,9;944,2;0;10,3;9,7;10,6;9,9;10,3;9,7;100;96;96;133;2,5;1,2;
2026/08/09;0400 UTC;0;944,8;944,9;944,7;0;9,8;9,6;10,3;9,8;9,8;9,5;100;96;98;127;1,7;,8;
2026/08/09;0500 UTC;0;944;944,8;944;0;8,7;8,7;9,8;8,7;9,6;8,4;100;92;100;95;2,5;,3;
2026/08/09;0600 UTC;0;944,1;944,1;943,6;0;7,3;7,3;8,6;7,3;8,6;7,3;100;98;100;124;,5;,4;
2026/08/09;0700 UTC;0;944,6;944,6;943,7;0;6,6;6,6;7,5;6,3;7,5;6,3;100;100;100;124;,4;,4;
2026/08/09;0800 UTC;,2;944,7;944,7;944,5;0;5,9;5,9;6,8;5,6;6,8;5,6;100;100;100;124;,4;,4;
2026/08/09;0900 UTC;0;946,3;946,4;944,8;0;5,4;5,4;6,1;5,2;6,1;5,2;100;100;100;;,4;;
2026/08/09;1000 UTC;0;947,2;947,2;946,4;0;4,7;4,7;5,4;4,6;5,4;4,6;100;100;100;;,4;;
2026/08/09;1100 UTC;0;946,8;947,2;946,8;0;5,5;5,5;5,5;4,4;5,5;4,4;100;100;100;;,4;;
2026/08/09;1200 UTC;0;947,9;948;946,8;0;6,4;6,4;6,5;5,6;6,5;5,6;100;100;100;;,4;;
2026/08/09;1300 UTC;0;948,9;948,9;947,7;0;7,7;6,5;7,7;6,4;7,1;6,1;100;92;92;;2,7;;
2026/08/09;1400 UTC;0;948,5;948,9;948,5;0;9,1;6;9,7;7,7;7,4;5,9;95;79;81;;4,7;;
2026/08/09;1500 UTC;0;;;;;;;;;;;;;;167;2,5;2,3;
2026/08/09;1600 UTC;0;949;949,2;948,4;3092,8;12,7;6,2;13,6;11,7;8,5;6,1;77;63;65;142;4,9;1;
2026/08/09;1700 UTC;0;948,6;949,1;948,4;2250,6;14,6;6,9;14,6;12,3;8,2;5,8;72;58;60;178;6,7;1,7;
2026/08/09;1800 UTC;0;948;948,7;947,8;1527,6;14,1;6,6;14,6;13,3;7,9;5,6;65;57;60;166;6,1;2,1;
2026/08/09;1900 UTC;0;948,6;948,6;948,1;911,4;13,3;6,4;14;13,1;7;5,4;65;57;63;163;6,1;2,6;
2026/08/09;2000 UTC;0;948,9;948,9;948,6;772,5;13,6;5,7;14,2;13,2;7;4,8;66;54;59;166;5,4;1,9;
2026/08/09;2100 UTC;0;949,5;949,6;948,9;221,5;11,4;5,4;13,8;11,4;6;4,9;67;55;67;181;4,9;1,4;
2026/08/09;2200 UTC;0;950,2;950,2;949,6;0;9,2;4,3;11,3;9,2;5,5;4,1;72;65;72;149;3,5;1,5;
2026/08/09;2300 UTC;0;951,1;951,1;950,2;0;8,3;3,2;9,2;8,3;4,7;2,4;75;65;70;105;2,5;1;
2026/08/10;0000 UTC;0;951,6;951,6;951,1;0;7,5;2,8;8,2;7,4;3,3;2,3;75;67;72;69;3,3;,7;
2026/08/10;0100 UTC;0;951,9;951,9;951,6;0;6,7;2,9;7,5;6,7;3,3;2,5;77;72;76;48;1,5;,4;
2026/08/10;0200 UTC;0;952,7;952,7;951,9;0;5,8;3,2;6,7;5,8;3,5;2,9;85;76;83;152;1,3;,2;
2026/08/10;0300 UTC;0;953,5;953,5;952,7;0;5,1;3,3;5,9;5,1;3,6;3,1;89;83;88;134;,7;,2;
2026/08/10;0400 UTC;0;953,5;953,7;953,5;0;4,5;2,7;5,2;4,4;3,5;2,7;90;85;88;155;,9;,4;
2026/08/10;0500 UTC;0;953,5;953,6;953,4;0;3,9;2,8;4,7;3,9;2,9;2,6;92;87;92;61;,8;,3;
2026/08/10;0600 UTC;0;953,3;953,5;953,2;0;3,2;2,4;3,9;3,2;2,7;2,4;95;92;94;121;1,5;,2;
2026/08/10;0700 UTC;0;954,2;954,2;953,2;0;2,9;2,3;3,2;2,6;2,4;2,1;98;94;96;335;,7;,3;
2026/08/10;0800 UTC;0;954,5;954,5;954;0;2,5;1;3,2;2,5;2,4;,8;96;85;90;33;,6;,3;
2026/08/10;0900 UTC;0;955,7;955,7;954,4;0;2,6;1,1;2,7;2;1,6;,7;97;87;90;123;1,7;,8;
2026/08/10;1000 UTC;0;956,4;956,5;955,6;0;1,8;1,1;2,8;1,8;1,1;,6;95;87;95;146;1,3;,6;
2026/08/10;1100 UTC;0;957,6;957,6;956,4;65,4;2;1,4;2,1;1,7;1,6;,9;97;94;96;175;1,2;,2;
2026/08/10;1200 UTC;0;958,2;958,3;957,6;191,7;5,3;1,9;5,3;2;2;1,3;96;79;79;143;3,5;,7;
2026/08/10;1300 UTC;0;958,8;958,8;958,2;331,4;7,4;1,4;7,4;5,3;2,4;,6;80;64;66;144;7,2;2,3;
2026/08/10;1400 UTC;0;958,3;958,9;958,3;1708,9;9,2;1,9;9,2;7,3;3;,9;66;60;60;142;7;2,4;
2026/08/10;1500 UTC;0;958,4;958,6;958,4;2546,5;11,4;1,5;11,4;10,2;3;1,5;59;50;50;133;6,4;2,1;
2026/08/10;1600 UTC;0;957,9;958,4;957,9;2527,1;13,1;3,2;13,1;11,4;3,2;1,1;53;46;51;148;5,3;1,2;
2026/08/10;1700 UTC;0;956,7;957,9;956,7;2348,8;13,6;2,1;13,8;12,8;3,4;1,1;52;43;46;144;6,6;2,4;
2026/08/10;1800 UTC;0;956,5;956,8;956,4;2025,3;13,9;1,5;14,5;13,4;3,5;1,3;49;42;43;139;6,4;2,3;
2026/08/10;1900 UTC;0;956,6;956,6;956,2;1445,8;13,8;,3;14,6;13,6;3,2;,2;48;39;40;152;6,5;3,2;
2026/08/10;2000 UTC;0;956;956,7;956;638,9;12,3;-2,1;13,6;12,3;1;-2,3;43;34;37;150;7,1;3,4;
2026/08/10;2100 UTC;0;956,4;956,4;955,8;177,2;10,9;-1;12,4;10,9;-,1;-2,4;46;36;44;157;5,5;2,1;
2026/08/10;2200 UTC;0;956,5;956,7;956,3;0;9,6;1,5;10,8;9,6;1,7;-1,7;58;42;57;151;6,1;2,5;
2026/08/10;2300 UTC;0;957,1;957,1;956,5;0;9,1;3,2;9,6;9,1;3,5;1,5;67;57;67;154;6,1;1,4;
2026/08/11;0000 UTC;0;957,8;957,8;957,1;0;8,6;4,3;9,1;8,6;4,4;3,3;75;67;75;135;6,3;1,6;
2026/08/11;0100 UTC;0;957,9;958;957,7;0;8;5;8,5;8;5;4,3;81;75;81;138;5,6;1,9;
2026/08/11;0200 UTC;0;957,7;958,1;957,7;0;7,8;4,7;8;7,8;5;4,7;82;80;81;143;5,9;1,7;
2026/08/11;0300 UTC;0;957,7;957,8;957,5;0;7,6;4,9;7,7;7,6;5,1;4,7;84;81;83;142;5,5;1,9;
2026/08/11;0400 UTC;0;956,7;957,6;956,7;0;7,6;5,2;7,6;7,6;5,2;4,9;85;83;85;142;5,2;1,4;
2026/08/11;0500 UTC;0;956,2;956,8;956,2;0;7,6;5,3;7,6;7,6;5,4;5,1;86;84;86;149;5,7;1,7;
2026/08/11;0600 UTC;0;955,6;956,2;955,6;0;7,4;5,4;7,6;7,4;5,5;5,2;88;85;87;148;4,8;1,6;
2026/08/11;0700 UTC;0;954,9;955,6;954,8;0;7,3;5,5;7,4;7,3;5,6;5,3;89;87;88;143;4,3;1,5;
2026/08/11;0800 UTC;0;954,5;955,1;954,5;0;7,3;5,8;7,4;7,3;5,8;5,4;90;88;90;138;5,1;1,4;
2026/08/11;0900 UTC;0;954,7;954,7;954,5;0;7,6;6,1;7,6;7,3;6,1;5,7;91;89;90;61;4,2;,7;
2026/08/11;1000 UTC;0;955,1;955,2;954,7;0;7,9;6,7;7,9;7,6;6,7;6,1;92;90;92;130;2,1;,5;
2026/08/11;1100 UTC;0;955,3;955,3;955,1;32,9;8,8;7,4;8,8;7,9;7,4;6,6;92;90;91;131;2,2;,6;
2026/08/11;1200 UTC;0;955,7;955,7;955,2;123,8;9,6;7,6;9,6;8,8;7,9;7,3;91;87;88;134;1,5;,6;
2026/08/11;1300 UTC;0;955,9;955,9;955,7;282,7;10,9;8,4;10,9;9,6;8,5;7,8;89;83;85;194;2;,6;
2026/08/11;1400 UTC;0;956;956;955,8;264;11,5;8,1;11,5;10,9;8,6;7,8;85;79;80;155;2,8;,6;
2026/08/11;1500 UTC;0;955,7;955,9;955,7;256,8;11,1;8,6;11,5;11,1;8,6;7,8;85;79;85;153;3,4;,7;
2026/08/11;1600 UTC;0;955,3;955,7;955,3;258,5;11;8,9;11,2;11;9;8,2;87;82;87;114;3,1;,7;
2026/08/11;1700 UTC;1,2;954;955,3;954;253,9;10,1;9,8;11;10,1;9,8;8,9;98;87;98;113;2,6;,7;
2026/08/11;1800 UTC;,4;953,2;954;953,1;245,6;10,3;9,9;10,3;10;10;9,5;99;96;98;224;2,2;,6;
2026/08/11;1900 UTC;0;952,6;953,3;952,5;184,9;10,5;10,2;10,5;10,2;10,2;9,7;99;96;98;204;2;,7;
2026/08/11;2000 UTC;0;953,1;953,1;952,4;115,3;10,4;10;10,6;10,4;10,2;9,6;98;94;97;148;2,5;,2;
2026/08/11;2100 UTC;,6;952,9;953,1;952,8;12,8;10,3;10,1;10,4;10,3;10,2;9,8;99;96;99;117;1;,3;
2026/08/11;2200 UTC;,2;953,4;953,4;952,8;0;10,2;10,2;10,3;10,1;10,2;10;100;99;100;170;3;1,2;
2026/08/11;2300 UTC;,4;953,5;953,5;953,3;0;10;10;10,2;10;10,2;10;100;99;100;139;3,1;1,2;
2026/08/12;0000 UTC;,4;953,1;953,5;952,9;0;9,9;9,9;10;9,9;10;9,9;100;100;100;253;2;,6;
2026/08/12;0100 UTC;,2;952,7;953,1;952,7;0;9,9;9,9;9,9;9,8;9,9;9,8;100;100;100;206;1,1;,5;
2026/08/12;0200 UTC;,6;952,3;952,8;952,2;0;10;10;10,1;9,9;10,1;9,9;100;100;100;152;1,4;,5;
2026/08/12;0300 UTC;,2;951,3;952,3;951,3;0;10,2;10,2;10,2;10;10,2;10;100;100;100;168;1,6;,6;
2026/08/12;0400 UTC;1,2;950,7;951,2;950,6;0;10,4;10,4;10,4;10,2;10,4;10,2;100;100;100;55;1,4;,6;
2026/08/12;0500 UTC;,2;949,5;949,6;949,5;0;11;11;11;11;11;11;100;100;100;175;1,9;,7;
2026/08/12;0600 UTC;2;948,2;949,5;948,1;0;11,3;11,3;11,4;11;11,4;11;100;100;100;80;2,9;,6;
2026/08/12;0700 UTC;,4;948;948,5;947,9;0;11,9;11,9;11,9;11,3;11,9;11,3;100;100;100;127;2,4;,4;
2026/08/12;0800 UTC;2,8;947,5;949;947,4;0;11,7;11,7;11,9;11,7;11,9;11,7;100;100;100;161;2,6;,6;
2026/08/12;0900 UTC;3,8;947,6;948,6;946,6;0;11,7;11,7;11,7;11,6;11,7;11,6;100;100;100;95;3,1;1,4;
2026/08/12;1000 UTC;2,6;948;948,5;947;0;11,9;11,9;11,9;11,7;11,9;11,7;100;100;100;95;1,4;1,4;
2026/08/12;1100 UTC;2,6;948,7;948,7;947,9;12,3;12,2;12,2;12,3;11,9;12,3;11,9;100;100;100;95;1,4;1,4;
2026/08/12;1200 UTC;5,8;948,4;949,6;948;12,2;12,3;12,3;12,4;12,2;12,4;12,2;100;100;100;215;2,9;2,1;
2026/08/12;1300 UTC;4,2;948,6;949;948,4;41,6;12,4;12,4;12,4;12,3;12,4;12,3;100;100;100;208;2,7;,5;
2026/08/12;1400 UTC;6,4;948,9;949,3;948,5;59,3;12,8;12,8;12,8;12,4;12,8;12,4;100;100;100;138;1,7;,7;
2026/08/12;1500 UTC;5,2;948,1;948,9;947,6;227,4;13,8;13,8;13,8;12,8;13,8;12,8;100;100;100;130;3,2;1,2;
2026/08/12;1600 UTC;9,6;946,8;948,1;946,8;224,2;15,3;15,3;17,7;13,8;17,7;13,8;100;100;100;21;3,1;1,1;
2026/08/12;1700 UTC;7,4;946,4;947,5;946,4;173,9;15,5;15,5;15,5;15,4;15,5;15,4;100;100;100;62;2,7;,5;
2026/08/12;1800 UTC;0;945,6;946,4;945,6;394,5;16,1;15,5;16,1;15,5;15,9;15,3;100;95;97;66;3,6;1,1;
2026/08/12;1900 UTC;0;945,1;945,6;945,1;384,2;16,2;15,4;16,2;16,1;15,8;15,1;97;93;95;53;3,4;1,1;
2026/08/12;2000 UTC;0;944,9;945,2;944,8;298,6;16,2;15,1;16,3;16,1;15,5;14,8;96;92;94;60;4,7;,8;
2026/08/12;2100 UTC;0;944,9;945,1;944,9;95,7;15,6;14,7;16,2;15,6;15,3;14,6;96;93;94;95;3,4;,7;
2026/08/12;2200 UTC;0;945,3;945,3;944,9;0;15,4;14,2;15,6;15,1;14,8;14,2;96;93;93;100;3,4;1,3;
2026/08/12;2300 UTC;0;945,7;945,7;945,2;0;15,1;14,3;15,5;15,1;14,5;14,2;95;93;95;21;3,6;1,1;
2026/08/13;0000 UTC;0;945,7;945,7;945,7;0;14,8;14,1;15;14,8;14,2;14,1;96;95;96;136;2;,5;
2026/08/13;0100 UTC;0;945,8;945,8;945,6;0;14,6;14;14,7;14,5;14,2;14;97;96;97;113;2,1;,3;
2026/08/13;0200 UTC;0;946,3;946,3;945,8;0;14,7;14,1;14,7;14,5;14,2;14;98;96;96;14;1,5;,2;
2026/08/13;0300 UTC;0;946;946,5;946;0;14,8;14,2;14,9;14,7;14,3;14;97;95;96;75;2;,6;
2026/08/13;0400 UTC;0;946;946,3;945,6;0;14,4;14,3;14,8;14,4;14,3;14,1;99;96;99;51;1,8;,5;
2026/08/13;0500 UTC;,2;945,4;946;945,4;0;14,5;14,4;14,6;14,4;14,4;14,2;99;98;99;72;2;,6;
2026/08/13;0600 UTC;0;945,4;945,9;945,3;0;14,7;14,6;14,9;14,4;14,7;14,3;100;98;99;51;2;,5;
2026/08/13;0700 UTC;0;945;945,3;944,9;0;14,4;14,4;14,7;14,4;14,6;14,4;100;99;100;152;1,6;1;
2026/08/13;0800 UTC;0;944,5;945,3;944,4;0;14,3;14,3;14,5;14,3;14,5;14,3;100;100;100;82;2,1;,5;
2026/08/13;0900 UTC;0;944,3;944,6;944,3;0;14,3;14,3;14,3;14,2;14,3;14,2;100;100;100;27;1,3;,4;
2026/08/13;1000 UTC;0;943,7;944,5;943,7;0;14,3;14,3;14,3;14,2;14,3;14,2;100;100;100;124;2,9;,7;
2026/08/13;1100 UTC;11;945,2;946,7;943,5;7,9;14,9;14,9;14,9;14,1;14,9;14,1;100;100;100;214;13,6;3,2;
2026/08/13;1200 UTC;3;946,7;946,9;945,3;38,5;15,4;15,4;15,4;14,9;15,4;14,9;100;100;100;257;4,9;1,8;
2026/08/13;1300 UTC;0;946,9;947,3;946,7;181,5;15,9;15,9;15,9;15,4;15,9;15,4;100;100;100;264;4,2;1,8;
2026/08/13;1400 UTC;0;947;947,1;946,5;289,7;16,2;16,2;16,2;15,8;16,2;15,8;100;100;100;265;3,9;1,4;
2026/08/13;1500 UTC;0;947,2;947,3;947;207,7;14,9;14,9;16,3;14,9;16,3;14,9;100;99;100;163;3,8;1,9;
2026/08/13;1600 UTC;0;946,8;947,3;946,8;225,2;14,6;14,6;14,9;14,5;14,9;14,5;100;100;100;154;4,8;1,8;
2026/08/13;1700 UTC;0;946,5;946,9;946,3;263,1;14,4;14,4;14,7;14,3;14,7;14,3;100;100;100;162;2,9;,6;
2026/08/13;1800 UTC;,2;946,4;946,6;946,2;414,8;14,4;14,4;14,8;14,3;14,8;14,3;100;100;100;151;3,2;1,3;
2026/08/13;1900 UTC;0;946,5;946,5;946,3;180,1;14,1;14,1;14,5;14,1;14,5;14,1;100;100;100;156;3,1;1,5;
2026/08/13;2000 UTC;0;946,6;946,7;946,5;155,1;14,3;14,3;14,4;14,1;14,4;14,1;100;100;100;192;2,8;,3;
2026/08/13;2100 UTC;0;947,5;947,5;946,6;50,1;14,1;14,1;14,3;14,1;14,3;14,1;100;100;100;167;2,8;1,4;
2026/08/13;2200 UTC;0;948;948;947,5;0;13,7;13,7;14,1;13,7;14,1;13,7;100;100;100;155;3,5;1,4;
2026/08/13;2300 UTC;0;948,8;948,8;948;0;13,6;13,6;13,7;13,6;13,7;13,6;100;100;100;152;4,1;,8;
2026/08/14;0000 UTC;0;949;949;948,8;0;13,4;13,4;13,6;13,4;13,6;13,4;100;100;100;143;3;1,3;
2026/08/14;0100 UTC;0;949,1;949,3;948,9;0;13,3;13,3;13,4;13,3;13,4;13,3;100;100;100;142;4,4;1,7;
2026/08/14;0200 UTC;0;949,4;949,4;949,1;0;13,3;13,3;13,4;13,3;13,4;13,3;100;100;100;136;3,8;1,5;
2026/08/14;0300 UTC;0;949,2;949,3;949,1;0;13,2;13,2;13,3;13,2;13,3;13,2;100;100;100;140;4;1,3;
2026/08/14;0400 UTC;0;949,3;949,4;949,2;0;12,9;12,9;13,2;12,9;13,2;12,9;100;100;100;165;3,6;,8;
2026/08/14;0500 UTC;0;948,9;949,3;948,9;0;12,7;12,7;12,9;12,7;12,9;12,7;100;100;100;152;2,7;1,5;
2026/08/14;0600 UTC;,2;948,6;948,9;948,5;0;12,6;12,6;12,7;12,6;12,7;12,6;100;100;100;144;3,1;1;
2026/08/14;0700 UTC;0;948,2;948,6;948,2;0;12,5;12,5;12,6;12,5;12,6;12,5;100;100;100;138;3,9;1,1;
2026/08/14;0800 UTC;0;948,2;948,2;948,1;0;12,4;12,4;12,5;12,4;12,5;12,4;100;100;100;176;4,3;,4;
2026/08/14;0900 UTC;0;948,5;948,5;948,1;0;12,5;12,5;12,5;12,4;12,5;12,4;100;100;100;146;2,5;1,1;
2026/08/14;1000 UTC;0;948,9;948,9;948,5;0;12,4;12,4;12,5;12,4;12,5;12,4;100;100;100;139;3,6;,9;
2026/08/14;1100 UTC;0;949,4;949,4;948,8;75;12,3;12,3;12,4;12,3;12,4;12,3;100;100;100;147;3,1;1,3;
2026/08/14;1200 UTC;0;950;950;949,4;329,4;12,9;12,8;12,9;12,3;12,8;12,3;100;99;100;135;4,1;,7;
2026/08/14;1300 UTC;0;950,3;950,4;950,1;423,9;13,5;13,4;13,5;13;13,4;12,8;100;97;99;141;2,9;1,1;
2026/08/14;1400 UTC;0;950,6;950,7;950,4;491,4;13,9;13,6;13,9;13,3;13,6;12,9;100;96;98;149;3,9;1,3;
2026/08/14;1500 UTC;0;950,3;950,7;950,3;912,2;15,4;14,5;15,4;13,9;14,6;13,2;98;92;95;165;3,5;1,1;
2026/08/14;1600 UTC;0;949,8;950,3;949,8;1728,7;17,2;15,2;17,3;15,5;15,9;13,9;95;86;88;195;2,5;,6;
2026/08/14;1700 UTC;0;949,2;949,8;949,2;1151,5;18,3;15,7;18,4;17,3;16,3;15,3;93;84;85;156;3,5;1,7;
2026/08/14;1800 UTC;0;948,6;949,1;948,2;463,1;17,9;16,2;18,5;17,9;16,8;15,8;91;86;90;143;3,1;1,2;
2026/08/14;1900 UTC;0;948,2;948,7;948,1;486,2;18;16,4;18,1;17,8;16,6;15,9;92;88;90;152;4;1,9;
2026/08/14;2000 UTC;0;948,1;948,2;947,7;325,3;17,5;16,4;18;17,5;16,7;16,1;93;89;93;142;3,7;,8;
2026/08/14;2100 UTC;0;948,2;948,2;947,6;38,2;16,8;16;17,5;16,8;16,4;15,9;95;92;95;147;3,3;1;
2026/08/14;2200 UTC;0;947,3;948,7;947,3;0;16,1;15,7;16,8;16,1;16,1;15,7;98;94;98;205;1,2;,4;
2026/08/14;2300 UTC;0;948;948,3;947,2;0;15,8;15,3;16,2;15,8;15,7;15,2;98;95;97;143;4;1,2;
2026/08/15;0000 UTC;,6;948,6;949,2;947,8;0;15,4;15,4;15,8;15,4;15,5;15,2;100;97;100;192;2,4;,8;
2026/08/15;0100 UTC;0;948,1;949,2;948,1;0;15,5;14,7;15,5;15,3;15,4;14,7;100;95;95;120;4;1,6;
2026/08/15;0200 UTC;0;949,7;949,7;948,1;0;15,5;14,8;15,6;15,3;14,9;14,5;97;94;96;2;3,9;,8;
2026/08/15;0300 UTC;0;949,6;949,7;948,8;0;15;14,7;15,5;15;14,9;14,6;98;95;98;344;2,5;,4;
2026/08/15;0400 UTC;0;949,4;949,7;949,1;0;15,2;14,3;15,2;14,7;14,7;14,2;98;94;94;61;4,6;1,1;
2026/08/15;0500 UTC;,2;948,6;949,6;948,6;0;15,2;14,3;15,4;15,1;14,5;14,2;96;93;95;43;4;1;
2026/08/15;0600 UTC;0;948;949;948;0;15;14,4;15,2;15;14,5;14,2;96;94;96;77;4,1;,8;
2026/08/15;0700 UTC;,6;948,6;948,9;948;0;14,8;14,4;15,1;14,8;14,6;14,3;98;95;98;148;3,1;1,5;
2026/08/15;0800 UTC;0;948,4;948,6;948,2;0;14,1;14,1;14,8;14,1;14,5;14,1;100;98;100;35;2;,4;
2026/08/15;0900 UTC;0;948,5;948,5;948,2;0;13,5;13,5;14,1;13,5;14,1;13,5;100;100;100;52;1,1;,2;
2026/08/15;1000 UTC;0;948,8;948,8;948,3;0;13,1;13,1;13,6;13,1;13,6;13,1;100;100;100;148;1;,3;
2026/08/15;1100 UTC;0;949,2;949,2;948,8;66,6;13,6;13,6;13,6;13,1;13,6;13,1;100;100;100;241;1,3;,5;
2026/08/15;1200 UTC;0;949,5;949,5;949,1;234,2;15,9;14,6;15,9;13,6;14,6;13,6;100;91;92;161;3;1,1;
2026/08/15;1300 UTC;0;949,5;949,7;949,4;616,4;18;15,1;18;15,9;15,4;14,3;91;81;83;139;3,7;1;
2026/08/15;1400 UTC;0;949,4;949,5;949,2;1434,6;20,4;16;20,4;18;16,8;14,8;85;76;76;8;4,7;,9;
2026/08/15;1500 UTC;0;949,3;949,5;949;2244,9;22;16,5;22;20,5;17,2;15,5;78;68;71;23;5,9;1,5;
2026/08/15;1600 UTC;0;948,7;949,3;948,6;1500,8;22,7;16,6;22,7;21,5;17,8;16,1;77;67;69;49;4,7;1,1;
2026/08/15;1700 UTC;0;948;948,7;948;1799,3;23,9;18,1;24;22,8;18,6;16,7;74;65;70;11;4,6;1,6;
2026/08/15;1800 UTC;0;947,3;948;947,3;1376;23,1;17,4;24,2;23,1;18,5;17,1;75;65;71;61;5,1;,9;
2026/08/15;1900 UTC;0;946,9;947,3;946,9;899,5;23,8;18;23,8;22,7;18,4;17,1;76;69;70;44;3,2;,8;
2026/08/15;2000 UTC;0;946,5;946,9;946,5;530;22,2;18,7;24;22,2;18,7;17,2;81;67;81;131;2,9;,4;
2026/08/15;2100 UTC;0;946,4;946,6;946,4;83,2;20,9;18,3;22,1;20,9;19,1;18,2;86;79;85;115;1,3;,3;
2026/08/15;2200 UTC;0;946,3;946,4;946,1;,1;19,9;17,6;20,9;19,9;18,3;17,5;88;85;86;104;3,1;,7;
2026/08/15;2300 UTC;0;946,9;946,9;946,3;0;19,6;17,2;20;19,6;17,7;17,2;87;85;86;25;3,8;,9;
2026/08/16;0000 UTC;0;947;947,1;946,8;0;18,7;16,5;19,5;18,7;17,3;16,4;87;84;87;129;6,6;,6;
2026/08/16;0100 UTC;0;947,2;947,5;947;0;18,2;16,2;18,7;18,2;16,7;16,2;90;86;88;49;4,1;1,3;
2026/08/16;0200 UTC;0;947,3;947,7;947,2;0;18,8;16,1;18,8;18,2;16,5;16;89;84;84;15;5,2;1,8;
2026/08/16;0300 UTC;0;947,5;947,9;947,2;0;18;15,8;18,8;17,9;16,2;15,8;88;84;87;105;5;1,1;
2026/08/16;0400 UTC;0;947,7;947,7;947,3;0;18,1;15,7;18,1;17,6;15,9;15,6;88;85;86;58;6,9;1,6;
2026/08/16;0500 UTC;0;947,3;947,8;947,3;0;17,7;15,6;18,1;17,7;15,7;15,5;88;86;87;96;5,4;1,1;
2026/08/16;0600 UTC;0;947;947,3;946,9;0;17,9;15,5;18,1;17,6;15,6;15,5;88;85;86;83;7,6;2,1;
2026/08/16;0700 UTC;0;946,7;947;946,7;0;17,9;15,4;17,9;17,7;15,6;15,4;87;85;85;69;6,8;1,9;
2026/08/16;0800 UTC;0;946,3;946,7;946,3;0;17,6;15,3;17,9;17,5;15,5;15,3;87;85;87;63;7,3;1,5;
2026/08/16;0900 UTC;0;946,3;946,4;946,2;0;17,2;15,3;17,6;17;15,4;15,2;89;87;89;95;5,6;1;
2026/08/16;1000 UTC;0;945,8;946,3;945,7;0;17,4;15,2;17,4;16,9;15,3;15,1;90;87;87;55;6,7;1,8;
2026/08/16;1100 UTC;0;946;946;945,7;118,8;18,4;15,2;18,5;17,2;15,6;15,1;88;81;81;30;9,2;2,3;
2026/08/16;1200 UTC;0;946,3;946,3;946;417,6;19,8;15,8;19,8;18,5;16,1;15,2;82;76;78;83;7,8;1,9;
2026/08/16;1300 UTC;0;946,4;946,6;946,2;764,7;21,7;16,1;21,7;19,8;16,8;15,4;78;70;71;58;8,8;2,2;
2026/08/16;1400 UTC;0;946,1;946,3;946,1;1123,8;22,9;16,4;23,1;21,7;16,9;15,7;73;65;67;19;8,4;2,1;
2026/08/16;1500 UTC;0;946,4;946,4;946,1;913,5;22,8;17,3;23,1;22,8;17,8;16,3;73;66;71;82;6;1,2;
2026/08/16;1600 UTC;0;945,8;946,4;945,8;1748,7;25,7;17,9;26;22,8;18,9;16,5;75;59;62;18;5,9;1,7;
2026/08/16;1700 UTC;0;945,3;945,8;945,3;2153,3;26,9;18,3;27,1;25,8;19,1;16,8;63;55;59;16;6,5;2;
2026/08/16;1800 UTC;0;944,8;945,3;944,8;2073,2;27,9;17,8;28;27;19,4;17,4;62;54;54;27;6,5;1,5;
2026/08/16;1900 UTC;0;944,9;945,1;944,8;1566,9;28,1;19,2;28,3;27,6;20,3;17,7;62;54;59;8;4,4;1,3;
2026/08/16;2000 UTC;0;944,7;944,9;944,7;830,9;26;19,3;28,1;26;19,9;18,5;67;57;67;63;3,6;1;
2026/08/16;2100 UTC;0;944,5;944,7;944,5;237,7;23,3;18,4;26;23,3;19,3;18,4;75;64;74;120;4,3;,7;
2026/08/16;2200 UTC;0;944,6;944,6;944,4;,1;21,8;18;23,3;21,8;18,6;17,9;79;74;79;129;3;,7;
2026/08/16;2300 UTC;0;945;945;944,6;0;21,2;17,1;21,8;21,1;18;17,1;80;77;78;116;3,1;1,1;
2026/08/17;0000 UTC;0;945,1;945,2;945;0;20,8;16,7;21,2;20,8;17,2;16,7;79;76;78;126;5,2;1,3;
2026/08/17;0100 UTC;0;945,3;945,3;945,1;0;20,6;16,5;20,9;20,5;16,8;16,5;78;77;78;70;8;2;
2026/08/17;0200 UTC;0;945,6;945,7;945,3;0;20,4;16,5;20,7;20,3;16,6;16,4;79;77;79;65;7,4;2,3;
2026/08/17;0300 UTC;0;946,1;946,2;945,6;0;20,1;16,7;20,4;20,1;16,7;16,5;81;79;81;111;6,8;1,9;
2026/08/17;0400 UTC;0;946,2;946,3;946,1;0;19,5;16,7;20,1;19,4;16,8;16,6;84;81;84;122;6,7;1,5;
2026/08/17;0500 UTC;0;946,1;946,3;946,1;0;19,9;16,6;20;19,5;16,8;16,6;84;81;82;103;6,8;2,1;
2026/08/17;0600 UTC;0;946;946,1;946;0;20,2;16,6;20,3;19,8;16,8;16,5;82;80;80;90;6,9;2,3;
2026/08/17;0700 UTC;0;945,8;946;945,8;0;20,2;16,6;20,3;20;16,7;16,4;81;79;80;82;7,8;2;
2026/08/17;0800 UTC;0;945,6;945,8;945,5;0;19,7;16,4;20,2;19,6;16,6;16,3;81;79;81;92;6,6;1,9;
2026/08/17;0900 UTC;0;945,7;945,7;945,6;0;19,2;16,3;19,8;19,1;16,4;16,1;83;81;83;88;6,1;1,3;
2026/08/17;1000 UTC;0;945,5;945,7;945,4;0;20,4;16,2;20,4;19,2;16,4;16,2;83;76;76;63;5,7;1,9;
2026/08/17;1100 UTC;0;945,5;945,6;945,4;55,8;21;16,2;21,1;20,5;16,4;16;77;74;74;353;8,9;2,3;
2026/08/17;1200 UTC;0;946,3;946,3;945,5;216,1;22,9;16,4;22,9;21;16,7;16;74;67;67;347;9;4;
2026/08/17;1300 UTC;0;946,8;946,8;946,2;704,8;24,7;16,8;24,7;22,9;17,2;16,4;67;61;61;3;10,5;4,6;
2026/08/17;1400 UTC;0;946,9;946,9;946,7;1397,3;26,5;17;26,5;24,7;17,5;16,5;62;55;56;359;10,2;4,6;
2026/08/17;1500 UTC;0;947,2;947,3;946,9;2561,1;29,2;16,7;29,2;26,6;18,3;16,7;59;47;47;357;10,7;4,2;
2026/08/17;1600 UTC;0;946,6;947,4;946,6;2305,8;29,8;17;30,1;28,4;17,9;16,7;51;46;46;352;8,7;4,2;
2026/08/17;1700 UTC;0;945,9;946,6;945,8;2491,2;30,4;16,8;30,8;29,3;18,3;16,3;50;43;44;342;10,9;5,2;
2026/08/17;1800 UTC;0;945,4;945,9;945,4;2114,3;30,4;17,3;30,8;30,2;18;16,1;48;42;46;342;10,7;4,2;
2026/08/17;1900 UTC;0;944,9;945,4;944,9;1517,1;29,9;17,7;30,5;29,9;18,4;17;50;45;48;342;9,6;3,4;
2026/08/17;2000 UTC;0;944,9;945;944,9;925,8;29,2;18,7;30,1;29,2;18,9;17,5;54;47;53;350;8,1;2,6;
2026/08/17;2100 UTC;0;944,6;945;944,6;215,8;26,5;18,8;29,2;26,5;18,9;18,3;63;52;63;349;4,9;1,8;
2026/08/17;2200 UTC;0;944,8;944,8;944,6;,1;24,5;18,7;26,4;24,4;19,1;18,5;71;64;70;336;3,2;1,2;
2026/08/17;2300 UTC;0;945,2;945,2;944,8;0;23,9;18,1;24,5;23,8;18,7;18,1;72;70;70;15;2,1;,8;
2026/08/18;0000 UTC;0;945,3;945,3;945,1;0;24,2;17,9;24,2;23,5;18,2;17,4;72;67;68;337;5,4;1,8;
2026/08/18;0100 UTC;0;945,4;945,5;945,4;0;24,2;16,7;24,5;23,8;17,7;16,7;68;63;63;341;6,1;2,4;
2026/08/18;0200 UTC;0;945,6;945,6;945,3;0;24,7;16,5;24,9;24,2;16,8;16,1;63;59;61;345;7,8;2,8;
2026/08/18;0300 UTC;;;;;;;;;;;;;;;;;;
2026/08/18;0400 UTC;0;945,7;945,8;945,5;0;24;15,6;24,7;24;16,1;15,4;60;57;59;0;8,8;2;
2026/08/18;0500 UTC;0;945,6;945,8;945,6;0;23,5;16,1;24,6;23,5;16,3;15,2;64;56;63;14;8,7;1,9;
2026/08/18;0600 UTC;0;945,5;945,6;945,5;0;24,1;16,4;24,3;23,5;16,4;16;63;60;62;356;11,6;4,7;
2026/08/18;0700 UTC;0;945,4;945,5;945,4;0;24,1;16,4;24,3;24;16,6;16,1;63;61;62;353;11,1;4,4;
2026/08/18;0800 UTC;0;945,6;945,6;945,4;0;23,7;16,3;24,1;23,7;16,5;16,2;64;62;63;354;10,9;3,6;
2026/08/18;0900 UTC;0;945,8;945,9;945,6;0;23,8;16,1;24;23,7;16,3;15,9;63;61;62;355;10,2;3,8;
2026/08/18;1000 UTC;0;946,2;946,3;945,8;0;23,8;15,7;23,9;23,6;16,2;15,7;63;60;61;355;8,5;4;
2026/08/18;1100 UTC;0;946,9;946,9;946,2;138,3;23,6;16;23,9;23,4;16,4;15,7;64;60;63;347;10,4;3;
2026/08/18;1200 UTC;0;947,4;947,4;946,9;282,7;24,5;16,3;24,5;23,6;16,8;15,9;65;60;60;341;8,2;4;
2026/08/18;1300 UTC;0;947,5;947,6;947,4;745,2;26,7;16,7;26,8;24,5;17;16,2;61;53;54;331;9,8;4,6;
2026/08/18;1400 UTC;0;947,5;947,6;947,4;1469,3;28,5;16,9;28,5;26,7;17,7;16,5;55;49;49;331;4,6;4,6;
2026/08/18;1500 UTC;0;947,5;947,5;947,4;2397,8;29,6;17,4;29,6;28,6;18,1;16,3;51;46;48;349;12,7;6,1;
2026/08/18;1600 UTC;0;947,5;947,6;947,4;2429,7;30,5;18,1;30,8;29,5;18,8;16,9;50;46;47;341;13,3;4,4;
2026/08/18;1700 UTC;0;947,1;947,5;947,1;2260,5;31,3;17,5;31,3;30,1;19,3;17,1;50;44;44;327;12;3,9;
2026/08/18;1800 UTC;0;947;947,2;946,9;1676,2;30,8;17,5;30,9;29,6;17,7;16,3;47;42;45;334;11,4;3,2;
2026/08/18;1900 UTC;0;947,2;947,2;946,9;1460,6;30,3;16,5;31,2;29,6;18,1;15,9;48;42;44;315;9,4;2,9;
2026/08/18;2000 UTC;0;947,1;947,3;947,1;752,8;28,7;17,7;30,1;28,7;17,8;16,6;51;45;51;337;8,4;2,5;
2026/08/18;2100 UTC;0;946,7;947,1;946,7;99,8;26,2;17,9;28,6;26,2;18,2;17,4;61;51;60;351;4,8;1,9;
2026/08/18;2200 UTC;0;947,5;947,5;946,7;,3;25,1;17,8;26,1;25,1;18,2;17,7;64;61;64;260;4;,6;
2026/08/18;2300 UTC;0;948,2;948,4;947,2;0;23,5;18,4;25,1;23,5;18,7;18;74;65;73;231;10,6;3,8;
2026/08/19;0000 UTC;0;948,5;948,5;948;0;22;18,9;23,4;22;19;18;83;75;83;256;4,7;2,3;
2026/08/19;0100 UTC;0;949,2;949,2;948,5;0;21;19,2;21,9;21;19,3;19;90;84;90;18;3,7;1;
2026/08/19;0200 UTC;0;949,2;949,3;949,1;0;20,5;19;21;20,5;19,2;19;92;89;92;247;2,3;,3;
2026/08/19;0300 UTC;0;949,1;949,2;948,8;0;19,3;18,6;20,4;19,3;19,1;18,6;96;92;96;272;1,3;,3;
2026/08/19;0400 UTC;0;949;949,1;948,9;0;18,9;18,4;19,5;18,9;18,8;18,3;97;95;97;248;1,6;,5;
2026/08/19;0500 UTC;0;948,6;949,1;948,6;0;19,1;18,8;19,3;18,9;18,9;18,5;98;96;98;242;2,9;,6;
2026/08/19;0600 UTC;0;948,5;948,6;948,4;0;18,3;18,1;19,2;18,3;18,9;18;99;97;99;298;1,7;,7;
2026/08/19;0700 UTC;0;948,4;948,7;948,4;0;19,4;19,1;19,4;18,1;19,1;17,9;100;98;98;239;3,7;1,5;
2026/08/19;0800 UTC;0;948,6;948,6;948,3;0;18,9;18,9;19,4;18,9;19,2;18,8;100;98;100;200;3,3;,7;
2026/08/19;0900 UTC;0;949,8;949,8;948,6;0;19,1;18,9;19,1;18,8;18,9;18,7;100;99;99;39;1,6;,3;
2026/08/19;1000 UTC;0;949,8;950,1;949,6;0;19,1;19;19,1;18,9;19;18,7;100;98;100;206;1,3;,6;
2026/08/19;1100 UTC;0;950,2;950,4;949,8;45,1;19;18,9;19,1;19;19,1;18,9;100;99;99;113;1,6;,3;
2026/08/19;1200 UTC;0;950,7;950,7;950,2;178,4;19,4;19,3;19,4;19;19,3;18,9;100;99;99;125;1,4;,5;
2026/08/19;1300 UTC;0;950,7;951,1;950,7;411,7;20,7;19,5;20,7;19,4;19,6;19,2;99;91;93;72;2,3;,6;
2026/08/19;1400 UTC;0;951;951,1;950,6;766,4;21,9;19,6;21,9;20,7;20,1;19,1;93;85;87;193;2,5;,9;
2026/08/19;1500 UTC;0;950,7;951;950,7;651,8;21,7;20;22,2;21,7;20,2;19,3;90;84;90;201;2,7;,7;
2026/08/19;1600 UTC;0;950,7;950,7;950,4;638,1;21,5;19,9;22,4;21,5;20,4;19,4;91;83;90;155;3;1,5;
2026/08/19;1700 UTC;,4;950;950,7;949,9;288,4;21;19,7;21,5;21;20,4;19,5;95;89;93;260;2,7;,4;
2026/08/19;1800 UTC;0;950;950,1;949,6;994,7;22,2;20,5;22,2;21;20,9;19,8;97;86;90;355;2,4;,9;
2026/08/19;1900 UTC;0;948,5;950,1;948,5;633;21,8;18,6;22,4;21,6;20,8;18,5;91;82;82;198;2,5;,4;
2026/08/19;2000 UTC;0;948,1;948,6;948,1;377,8;20,9;18,8;21,9;20,9;20;18,3;90;80;88;109;1,7;,4;
2026/08/19;2100 UTC;0;948,2;948,4;948,1;56,7;20;18,3;20,8;20;18,9;18,2;91;86;90;54;1,1;,3;
2026/08/19;2200 UTC;0;948,1;948,2;948;0;19;18,4;20;19;18,6;18,3;96;90;96;153;1,7;,8;
2026/08/19;2300 UTC;0;948,5;948,5;948,1;0;18,8;17,8;19;18,7;18,4;17,7;97;94;94;2;1,2;,4;
2026/08/20;0000 UTC;0;948,4;948,5;948,3;0;18,4;17,6;18,8;18,3;17,8;17,5;96;93;95;339;1,1;,4;
2026/08/20;0100 UTC;0;948,5;948,6;948,4;0;17,9;17,2;18,4;17,9;17,8;17,2;97;95;96;226;,8;,3;
2026/08/20;0200 UTC;0;947,6;948,5;947,6;0;17,8;16,9;17,9;17,8;17,2;16,8;96;93;95;226;,7;,4;
2026/08/20;0300 UTC;0;946,7;947,6;946,7;0;17,9;16,9;17,9;17,7;17;16,8;96;93;94;159;1,1;,6;
2026/08/20;0400 UTC;0;946,1;946,7;946,1;0;18;16,7;18,2;17,9;16,9;16,6;94;91;92;264;1,6;,5;
2026/08/20;0500 UTC;0;945;946;945;0;18,3;17,2;18,3;17,9;17,2;16,7;94;92;94;213;1,7;,5;
2026/08/20;0600 UTC;0;944,2;944,9;944,2;0;18,4;17,6;18,6;18,3;17,6;17,2;95;93;95;286;1,8;,3;
2026/08/20;0700 UTC;0;943,5;944,2;943,5;0;19,4;17,7;19,4;18,4;17,7;17,5;95;89;89;132;3,5;1,3;
2026/08/20;0800 UTC;0;943,8;944;943,5;0;20,3;17,5;20,5;19,5;17,7;17,3;89;83;84;11;7,9;2,4;
2026/08/20;0900 UTC;0;943,1;943,8;943;0;19,9;17,2;20,2;19,7;17,5;17,1;86;84;85;42;6,7;1,7;
2026/08/20;1000 UTC;0;943,8;943,8;943;0;20;17;20,2;19,9;17,2;16,9;84;82;82;0;9,7;2,9;
2026/08/20;1100 UTC;0;944;944,6;943,8;97;20,1;17,2;20,1;20;17,2;16,8;84;82;83;0;11,7;3,8;
2026/08/20;1200 UTC;0;944,9;944,9;944,1;237,1;19,6;17,4;20,1;19,6;17,6;17,1;88;83;87;343;7,1;3,6;
2026/08/20;1300 UTC;3;945,2;945,4;944,8;76,1;16;15,5;19,6;16;18;15,5;97;87;97;259;11,1;5,4;
2026/08/20;1400 UTC;2,4;945,3;945,6;945;298,5;15,7;15,3;15,7;15,4;15,4;15;99;97;98;312;9;1,4;
2026/08/20;1500 UTC;2,6;944,5;945,3;944,5;238,7;16,5;16,1;16,5;15,7;16,2;15,2;99;97;97;333;6,8;3,1;
2026/08/20;1600 UTC;1,8;942,9;944,5;942,2;398,1;16,8;16,4;16,8;16,4;16,4;15,9;99;96;98;329;6,5;1,9;
2026/08/20;1700 UTC;0;942,3;943,1;942,3;523,2;16,3;15,6;17,1;16,3;16,5;15,5;97;93;96;289;7,9;3,6;
2026/08/20;1800 UTC;,2;942,5;942,5;942;407,8;14,8;14,2;16,1;14,8;15;14,1;98;93;96;277;8,3;3,9;
2026/08/20;1900 UTC;0;942,3;942,4;942,3;443,6;15,5;14,4;15,5;14,7;14,6;14;97;93;93;288;9,7;3;
2026/08/20;2000 UTC;0;942,2;942,4;942,1;320,4;14,9;13,6;15,6;14,9;14,5;13,6;94;90;92;277;9,1;4,4;
2026/08/20;2100 UTC;0;942,7;942,7;942,2;125,9;14,3;13,3;14,9;14,3;13,7;13,2;93;90;93;266;11,3;3,2;
2026/08/20;2200 UTC;0;943,3;943,3;942,7;,7;13,5;11,9;14,4;13,5;13,3;11,7;94;87;90;311;9;3;
2026/08/20;2300 UTC;,2;944,1;944,1;943,3;0;12,6;11,8;13,7;12,6;12,3;11,8;95;89;95;262;8,7;5,2;
2026/08/21;0000 UTC;,4;944,5;944,5;944,1;0;11,6;11;12,6;11,6;11,8;10,6;96;90;96;281;13,1;4,2;
2026/08/21;0100 UTC;,2;945,2;945,2;944,6;0;10,8;10,2;11,6;10,8;11;9,9;97;93;96;287;11,9;3,9;
2026/08/21;0200 UTC;,2;945,6;945,7;945,3;0;9,5;7,9;10,8;9,5;10,2;7,8;96;86;90;278;11,4;3,8;
2026/08/21;0300 UTC;0;946;946,1;867;0;9;7,8;9,4;8,9;8,2;7,7;93;90;92;282;7,7;3,3;
2026/08/21;0400 UTC;0;945,7;946;945,6;0;9;8;9,2;8,9;8,1;7,4;94;89;93;308;8,5;2,9;
2026/08/21;0500 UTC;0;945,6;945,8;945,4;0;9,4;7,7;9,4;8,9;8,2;7,6;94;89;89;293;9,2;4,5;
2026/08/21;0600 UTC;0;945,4;945,6;945,3;0;9;8,5;9,4;9;8,5;7,7;96;89;96;286;11;4,2;
2026/08/21;0700 UTC;,2;945,7;945,7;945,2;0;9;8,6;9;8,9;8,7;8,4;99;97;97;286;9;4,6;
2026/08/21;0800 UTC;,4;945,4;945,7;945,3;0;9,1;8,8;9,1;9;8,9;8,6;99;97;98;280;9,6;2,7;
2026/08/21;0900 UTC;0;945,6;945,6;945,3;0;9,3;9;9,3;9,1;9;8,7;98;97;98;276;7,4;3,1;
2026/08/21;1000 UTC;,2;946,2;946,2;945,6;,2;9,3;9,1;9,3;9,3;9,2;8,9;99;98;99;274;8,5;3,5;
2026/08/21;1100 UTC;,2;947,1;947,1;946,5;110,2;9,6;9;9,6;9,4;9,3;9;99;96;96;266;7,5;3,8;
2026/08/21;1200 UTC;0;947,8;947,9;947,1;343,3;10;8,3;10;9,6;9,2;8;97;89;89;265;9;3,8;
2026/08/21;1300 UTC;0;948,4;948,6;947,9;657,8;10,9;6,8;11,1;9,9;8,6;6,7;90;76;76;270;7,6;3,1;
2026/08/21;1400 UTC;0;948,6;948,7;948,3;1369,4;12,5;7,8;12,5;10,8;7,8;6;77;69;73;270;7,3;3,4;
2026/08/21;1500 UTC;0;949,1;949,2;948,6;2770,9;14;7,1;14;12,3;8,1;6,2;71;61;63;252;8,3;3,5;
2026/08/21;1600 UTC;0;949;949,2;948,9;2125,3;13,8;7,7;14,5;13,5;8,3;6,4;69;60;66;263;8,7;3,2;
2026/08/21;1700 UTC;0;948,8;949,1;948,7;1632,6;13,6;7,1;14,7;13,5;8,6;7,1;70;61;65;263;8;3,6;
2026/08/21;1800 UTC;0;948,6;948,8;948,6;1379,4;14,4;7;15,1;13,6;8,5;6,9;67;60;61;258;7,6;3,5;
2026/08/21;1900 UTC;0;949,3;949,3;948,6;1061,8;14,8;7;14,9;13,8;8,1;6,5;66;59;59;246;8,7;4,7;
2026/08/21;2000 UTC;0;949,6;949,6;949,3;601,8;14,3;7,4;14,8;13,7;8,5;6,7;69;60;63;247;8,7;2,5;
2026/08/21;2100 UTC;0;949,9;950;949,6;200,5;12,7;8,3;14,6;12,7;8,6;7,5;75;63;74;232;6,2;1,8;
2026/08/21;2200 UTC;0;950,2;950,2;949,9;,6;11,8;7,6;12,6;11,8;8,5;7,6;79;74;75;240;4,5;2,3;
2026/08/21;2300 UTC;0;950,8;950,8;950,1;0;10,6;7,5;11,9;10,5;7,9;7,5;83;75;81;240;4,4;2,1;
2026/08/22;0000 UTC;0;951,1;951,1;951;0;9,6;7,5;10;9,6;7,5;7,3;87;84;87;247;3,2;1,3;
2026/08/22;0100 UTC;0;950,9;951,2;950,9;0;8,8;7,2;9,5;8,7;7,4;7,1;90;87;90;235;2;,8;
2026/08/22;0200 UTC;0;951,1;951,2;950,9;0;8,1;7,1;8,7;8;7,2;7;94;90;93;236;3;1,9;
2026/08/22;0300 UTC;0;951,3;951,3;951,1;0;7,9;6,4;8,2;7,9;7,1;6,4;94;90;91;237;2,9;1,1;
2026/08/22;0400 UTC;0;951,1;951,3;950,9;0;7,5;5,9;7,8;7,5;6,4;5,7;91;88;90;;2,1;;
2026/08/22;0500 UTC;0;950,9;951,1;950,9;0;6,6;5,7;7,4;6,6;5,9;5,6;95;89;94;203;1,5;,8;
2026/08/22;0600 UTC;0;950,6;951;950,6;0;6,6;5,8;6,7;6,1;5,8;5,5;97;93;94;139;3,8;,9;
2026/08/22;0700 UTC;0;950,3;950,6;950,3;0;5,8;5,8;6,6;5,8;6;5,5;99;94;99;70;1,4;,3;
2026/08/22;0800 UTC;0;950,4;950,4;950,3;0;5,6;5,4;5,9;5,5;5,8;5,4;100;99;99;64;1,3;,6;
2026/08/22;0900 UTC;0;950,9;950,9;950,4;0;4,7;4,6;5,6;4,7;5,3;4,5;100;97;100;214;1,3;,4;
2026/08/22;1000 UTC;0;951,3;951,3;950,9;,2;4,5;4,5;4,7;4,2;4,7;4,1;100;99;100;214;,4;,4;
2026/08/22;1100 UTC;0;952,3;952,3;951,3;135,5;5,5;5,5;5,5;4,2;5,5;4,2;100;100;100;184;,4;,1;
2026/08/22;1200 UTC;0;953;953;952,3;314,7;6,9;5,3;6,9;5,5;6;5;100;88;90;184;,1;,1;
2026/08/22;1300 UTC;0;953,5;953,5;953;588,4;8,4;4,9;8,4;6,9;6;4,9;93;78;78;313;2,5;1;
2026/08/22;1400 UTC;0;953,3;953,7;953,3;1669,3;10,6;5,5;10,6;8,4;6,2;4,1;82;66;71;304;4,6;2,3;
2026/08/22;1500 UTC;0;952,9;953,3;952,9;3002,9;12,4;4,8;12,4;10,7;5,9;4;70;59;60;314;6,3;2,9;
2026/08/22;1600 UTC;0;952,4;953;952,4;2958,9;13,5;4,9;13,5;11,8;5,8;3,4;64;53;56;312;7,3;2,5;
2026/08/22;1700 UTC;0;951,7;952,5;951,7;2880,7;13,9;4;14,2;12,7;4,7;2,8;56;48;51;283;6,4;3,4;
2026/08/22;1800 UTC;0;951,3;951,7;951,2;2471,3;14,5;3,3;14,8;13,7;4,6;2,8;53;45;47;280;7,8;2,7;
2026/08/22;1900 UTC;0;951,1;951,3;951;1863,4;14,5;3,1;14,8;14;4;1,9;49;43;46;293;7,1;3;
2026/08/22;2000 UTC;0;951,1;951,1;951;1120,7;13,7;1,9;14,7;13,7;3,6;1,8;49;44;45;279;5,8;3;
2026/08/22;2100 UTC;0;951,1;951,1;951;331,8;11,4;3,1;13,7;11,4;3,2;1,6;57;44;57;291;4,8;1,3;
2026/08/22;2200 UTC;0;951,1;951,1;951;,4;9,3;2,9;11,3;9,3;3,7;2,8;65;58;64;299;2,9;1,4;
2026/08/22;2300 UTC;0;951,2;951,2;951;0;7,2;4,2;9,3;7,2;4,5;2,8;81;64;81;259;2;,3;
2026/08/23;0000 UTC;0;951,5;951,5;951,2;0;5,8;3,7;7,2;5,8;4,3;3,4;87;80;86;157;1;,3;
2026/08/23;0100 UTC;0;951,6;951,7;951,6;0;5;3,4;6;5;3,5;2,5;90;78;90;126;1,1;,7;
2026/08/23;0200 UTC;0;951,6;951,8;951,5;0;3,5;2,9;5;3,5;3,5;2,7;96;90;95;179;,9;,3;
2026/08/23;0300 UTC;0;951,4;951,6;951,4;0;3,1;2,3;3,9;3,1;3,2;2,3;97;93;94;306;,8;,4;
2026/08/23;0400 UTC;0;951,5;951,5;951,4;0;2,3;2,1;3,1;2,3;2,5;1,8;99;94;99;149;,8;,3;
2026/08/23;0500 UTC;0;951,2;951,5;951,2;0;2;1,9;2,4;1,9;2,2;1,8;100;98;100;4;,6;,1;
2026/08/23;0600 UTC;0;950,7;951,2;950,7;0;1,4;1,4;1,9;1,3;1,9;1,1;100;99;100;219;,2;,1;
2026/08/23;0700 UTC;0;950,9;950,9;950,7;0;,6;,6;1,4;,6;1,4;,6;100;100;100;148;,8;,3;
2026/08/23;0800 UTC;0;950,8;951;950,8;0;,2;,2;,6;,1;,6;,1;100;100;100;144;,4;,2;
2026/08/23;0900 UTC;0;951,4;951,4;950,9;0;-,6;-,6;,2;-,6;,2;-,6;100;100;100;0;0;0;
2026/08/23;1000 UTC;0;951,7;951,8;951,3;,5;-,7;-,7;-,6;-,7;-,6;-,7;100;100;100;0;0;0;
2026/08/23;1100 UTC;0;952,4;952,4;951,7;55,3;-,5;-,5;-,5;-,8;-,5;-,8;100;100;100;0;0;0;
2026/08/23;1200 UTC;0;953;953;952,4;164,5;2,1;2,1;2,1;-,5;2,1;-,5;100;100;100;0;0;0;
2026/08/23;1300 UTC;0;953,5;953,5;952,9;646,5;6,5;3,6;6,5;2,2;4,5;2,2;100;80;82;179;2,5;,7;
2026/08/23;1400 UTC;0;953,5;953,6;953,4;1522,7;9,1;3,6;9,1;6,5;4;2,4;82;64;68;167;5,2;1,2;
2026/08/23;1500 UTC;0;953,5;953,6;953,5;2921,2;10,8;2,6;11,3;9,2;4;1,3;68;52;57;126;3,8;1,3;
2026/08/23;1600 UTC;0;952,9;953,5;952,9;3027,9;13,1;2,6;13,5;10,8;3,2;-,2;59;41;49;231;2,9;1,4;
2026/08/23;1700 UTC;0;952,2;952,9;952,2;2874,4;13,6;2,7;14,1;13;3,9;,7;52;41;48;231;1,4;1,4;
2026/08/23;1800 UTC;0;952;952,2;951,9;2481,3;15,9;-,5;15,9;13,8;3,7;-,6;48;33;33;207;1,9;1,7;
2026/08/23;1900 UTC;0;951,7;952;951,7;1861,8;15,5;2,1;15,9;15,3;3,1;-,2;42;34;41;146;4,1;1,1;
2026/08/23;2000 UTC;0;952;952;951,7;1122,2;15,3;2,7;15,9;15;2,9;0;44;35;43;171;3,6;1;
2026/08/23;2100 UTC;0;951,8;952;951,8;334,7;13,2;2,6;15,3;13,2;3,4;,4;49;37;49;93;2,6;,4;
2026/08/23;2200 UTC;0;952,1;952,1;951,7;,4;9,8;3,4;13,1;9,8;4,7;2,2;70;50;64;11;1;,5;
2026/08/23;2300 UTC;0;952,7;952,7;952,3;0;8,1;4,7;8,7;8,1;4,7;3,7;79;72;79;274;1;,3;
2026/08/24;0000 UTC;0;953,1;953,1;952,7;0;7,4;3,4;8,2;7,4;4,9;2,9;81;72;76;152;2,7;,5;
2026/08/24;0100 UTC;0;953;953,2;953;0;6;3,7;7,4;6;4;3,2;85;75;85;168;1,6;,4;
2026/08/24;0200 UTC;0;952,8;952,8;952,8;0;5,3;3,6;5,5;5,3;3,7;3,5;89;88;89;152;,6;,3;
2026/08/24;0300 UTC;0;952,8;952,9;952,6;0;4,5;3,3;5,3;4,2;3,7;3,2;93;87;92;195;,9;,2;
2026/08/24;0400 UTC;0;952,5;952,6;952,5;0;3,7;2,7;4,1;3,6;3,3;2,7;95;93;93;241;1,4;,5;
2026/08/24;0500 UTC;0;951,6;952,5;951,6;0;3;2,9;3,7;2,9;2,9;2,4;99;93;99;82;1,1;,4;
2026/08/24;0600 UTC;0;951,7;951,8;951,5;0;2,5;2,4;3;2,3;2,9;2;100;97;99;59;1;,4;
2026/08/24;0700 UTC;0;951,3;951,8;951,3;0;1,5;1,4;2,5;1,5;2,3;1,4;100;97;100;148;,9;,1;
2026/08/24;0800 UTC;0;951,2;951,3;950,9;0;1,2;1,1;1,6;1,1;1,6;,9;100;98;100;129;,8;,6;
2026/08/24;0900 UTC;0;951,9;951,9;951,2;0;1,3;1,3;1,5;,9;1,5;,8;100;99;100;51;,5;,1;
2026/08/24;1000 UTC;0;952,7;952,7;951,9;,7;,5;,5;1,3;,5;1,3;,5;100;100;100;51;,1;,1;
2026/08/24;1100 UTC;0;953,3;953,3;952,7;52,3;,7;,7;,7;,4;,7;,4;100;100;100;31;,6;,1;
2026/08/24;1200 UTC;0;953,6;953,6;953,3;220,6;3,9;3,3;3,9;,8;3,4;,8;100;96;96;149;,3;,2;
2026/08/24;1300 UTC;0;953,6;953,6;953,4;755,5;8,6;3,9;8,6;4;5;3,3;96;72;72;160;2,5;,9;
2026/08/24;1400 UTC;;;;;;;;;;;;;;;;;;
2026/08/24;1500 UTC;;;;;;;;;;;;;;;;;;
2026/08/24;1600 UTC;;;;;;;;;;;;;;;;;;
2026/08/24;1700 UTC;;;;;;;;;;;;;;;;;;
2026/08/24;1800 UTC;;;;;;;;;;;;;;;;;;
2026/08/24;1900 UTC;;;;;;;;;;;;;;;;;;
2026/08/24;2000 UTC;;;;;;;;;;;;;;;;;;
2026/08/24;2100 UTC;0;949,7;949,7;949,5;48,4;12,8;5,3;13,7;12,8;6,3;4;61;53;60;117;1,9;,6;
2026/08/24;2200 UTC;0;949,7;949,8;949,6;0;11,7;4,1;12,7;11,7;5,6;3,5;62;56;60;97;1,9;,2;
2026/08/24;2300 UTC;0;950,1;950,2;949,7;0;10,1;6,4;11,7;10,1;6,5;4,1;78;60;78;166;2,3;,3;
2026/08/25;0000 UTC;0;950,4;950,5;950,1;0;9,2;7;10;9,2;7,2;6,4;86;78;86;5;1,5;,6;
2026/08/25;0100 UTC;0;949,5;950,3;949,5;0;8,5;6,9;9,1;8,5;7,2;6,8;90;87;89;113;1,3;,2;
2026/08/25;0200 UTC;0;949,6;949,6;949,3;0;7,8;6,8;8,5;7,8;7;6,7;93;90;93;109;1,5;,4;
2026/08/25;0300 UTC;0;949,4;949,7;949,4;0;7;6,3;7,9;7;6,8;6,3;96;92;96;57;2,3;,4;
2026/08/25;0400 UTC;0;949;949,5;949;0;6,4;6,1;7;6,4;6,5;6,1;98;96;98;10;,8;,4;
2026/08/25;0500 UTC;0;948,9;949,2;948,9;0;6;6;6,4;6;6,2;5,8;100;98;100;28;1;,5;
2026/08/25;0600 UTC;0;948,5;949,1;948,5;0;5,7;5,7;6;5,5;6;5,5;100;99;100;22;1;,3;
2026/08/25;0700 UTC;0;947,6;948,5;947,6;0;5,9;5,9;6;5,7;6;5,7;100;100;100;238;1,1;,4;
2026/08/25;0800 UTC;0;947,6;947,7;947,4;0;5,7;5,7;5,9;5,6;5,9;5,6;100;100;100;140;1,2;,5;
2026/08/25;0900 UTC;0;948,2;948,3;947,7;0;5,8;5,8;5,9;5,7;5,9;5,7;100;100;100;161;2,9;,8;
2026/08/25;1000 UTC;0;949,1;949,2;948,2;0;5,7;5,7;5,9;5,7;5,9;5,7;100;100;100;147;3,9;1,6;
2026/08/25;1100 UTC;0;949,4;949,6;949,1;37,3;6;6;6;5,7;6;5,7;100;100;100;211;3,4;,8;
2026/08/25;1200 UTC;0;949,3;949,4;949;299,4;6,7;6,7;6,7;6;6,7;6;100;100;100;116;1,6;,5;
2026/08/25;1300 UTC;0;949,3;949,6;949,2;781,2;9,1;9,1;9,1;6,8;9,1;6,8;100;100;100;11;2;,9;
2026/08/25;1400 UTC;0;949,1;949,4;949,1;1612,8;13,7;10,4;13,7;9,1;10,6;9,1;100;80;80;105;2,6;1;
2026/08/25;1500 UTC;0;948,5;949;948,5;2918,5;18,9;13,7;18,9;13,9;13,7;10,6;83;66;72;100;2,9;,9;
2026/08/25;1600 UTC;0;948;948,5;948;2910,5;21,6;13,7;22,3;19,1;13,8;11,8;68;52;61;100;,9;,9;
2026/08/25;1700 UTC;0;947,2;948;947,2;2526,5;23,1;10,1;23,4;21;14,8;9;65;40;44;6;5,3;2;
2026/08/25;1800 UTC;0;946,6;947,2;946,6;2373,9;24,1;9,4;24,1;23;12,1;7,7;49;36;39;330;5;2,1;
2026/08/25;1900 UTC;0;945,8;946,6;945,8;1785,8;23,9;9,5;24,3;23,6;10,9;8;44;36;40;353;5,2;2,4;
2026/08/25;2000 UTC;0;946;946,3;945,9;1056,5;23,5;9,6;24,1;23,3;10,2;7,9;42;36;41;315;5,3;1,8;
2026/08/25;2100 UTC;0;945,9;946;945,8;311,5;20,7;10,4;23,5;20,7;10,4;8,3;52;40;52;338;4;,8;
2026/08/25;2200 UTC;0;945,8;945,9;945,7;,6;16,5;10,3;20,6;16,5;10,7;10;67;51;67;347;1,6;,4;
2026/08/25;2300 UTC;0;946,2;946,2;945,7;0;14,5;10,9;16,5;14,5;11,7;9,8;80;66;79;284;1,7;,3;
2026/08/26;0000 UTC;0;946,6;946,6;946,2;0;13,4;11,5;14,4;13,4;11,7;10,7;88;79;88;58;1,4;,3;
2026/08/26;0100 UTC;0;946,7;946,8;946,6;0;12,2;11;13,3;12,2;11,5;11;93;89;93;39;1,2;,5;
2026/08/26;0200 UTC;0;946,5;946,7;946,2;0;11;10,5;12,2;11;11;10,4;97;92;96;181;1,3;,3;
2026/08/26;0300 UTC;0;946,5;946,8;946,3;0;10,4;10;11,1;10,4;10,5;10;97;95;97;14;1,5;,5;
2026/08/26;0400 UTC;0;945,8;946,5;945,8;0;9,8;9,8;10,4;9,8;9,9;9,7;100;97;100;188;1,4;,3;
2026/08/26;0500 UTC;0;945,5;945,8;945,5;0;9,7;9,7;9,9;9,7;9,9;9,7;100;100;100;72;1;,1;
2026/08/26;0600 UTC;0;945,1;945,6;945,1;0;9,4;9,4;9,7;9,4;9,7;9,4;100;100;100;72;,1;,1;
2026/08/26;0700 UTC;0;944,5;945,2;944,5;0;9,1;9,1;9,3;9,1;9,3;9,1;100;100;100;72;,1;,1;
2026/08/26;0800 UTC;0;944,3;944,7;944,3;0;8,7;8,7;9,1;8,7;9,1;8,7;100;100;100;72;,1;,1;
2026/08/26;0900 UTC;0;944,3;944,3;944;0;8,1;8,1;8,7;8,1;8,7;8,1;100;100;100;72;,1;,1;
2026/08/26;1000 UTC;0;944,7;944,7;944,3;0;8;8;8,2;7,8;8,2;7,8;100;100;100;72;,1;,1;
2026/08/26;1100 UTC;0;945,2;945,2;944,7;62;8,9;8,9;9;7,9;9;7,9;100;100;100;72;,1;,1;
2026/08/26;1200 UTC;0;946;946;945,3;265,1;12,1;12,1;12,1;8,8;12,1;8,8;100;100;100;72;,1;,1;
2026/08/26;1300 UTC;0;945,8;946,1;945,8;668,6;17;13,1;17;12,3;13,4;11,9;100;77;77;142;3,6;,5;
2026/08/26;1400 UTC;0;946;946;945,8;1410,9;21,1;13,8;21,1;17,1;15,6;13,3;82;63;63;338;3;,9;
2026/08/26;1500 UTC;0;945,6;946,1;945,6;2714,6;24,3;13,9;24,3;21,2;16;13,9;68;52;52;342;3,7;1;
2026/08/26;1600 UTC;0;944,7;945,6;944,7;2828,5;26;14;26;23,6;15,9;13,1;60;46;47;343;4,9;2;
2026/08/26;1700 UTC;0;944;944,7;944;2677,3;26,3;13,4;26,7;25,7;15,5;12,8;53;43;45;357;6,2;2,8;
2026/08/26;1800 UTC;0;943,1;943,9;943,1;2311,4;26,6;12,5;26,9;26,2;14,7;11;49;37;42;348;7,1;3;
2026/08/26;1900 UTC;0;942,2;943,1;942,2;1729,4;25,9;13,7;26,8;25,9;14,7;10,7;49;37;47;44;6,8;1,3;
2026/08/26;2000 UTC;0;942,1;942,1;942;1002,9;25,6;14,3;26,1;25,6;14,9;12,6;52;44;50;29;3,9;1;
2026/08/26;2100 UTC;0;941,8;942,1;941,8;229,8;22,4;13,9;25,5;22,4;14,5;13,3;60;48;58;57;3,5;,9;
2026/08/26;2200 UTC;0;941,8;941,8;941,7;2,6;20,2;14;22,4;20,2;14,4;13,5;69;58;68;64;3;,4;
2026/08/26;2300 UTC;0;942,3;942,3;941,8;0;18,4;14,4;20,2;18,4;14,6;14;78;68;78;263;1,3;,4;
2026/08/27;0000 UTC;0;942,6;942,6;942,3;0;18,7;14,6;18,7;17,9;14,8;14,1;81;76;77;44;1,5;,4;
2026/08/27;0100 UTC;0;942,7;942,7;942,6;0;18,4;14,8;19;18,4;14,9;14,5;80;75;79;94;1,2;,4;
2026/08/27;0200 UTC;0;942,8;942,9;942,7;0;18;14,8;18,4;17,8;14,9;14,7;82;79;82;86;2,8;,8;
2026/08/27;0300 UTC;0;942,8;942,9;942,7;0;18,3;15;18,8;18;15,1;14,8;82;79;81;47;2,9;,7;
2026/08/27;0400 UTC;0;942,5;942,9;942,5;0;17,6;15;18,3;17,6;15,1;14,9;85;81;85;23;3;1,1;
2026/08/27;0500 UTC;0;942,1;942,3;942,1;0;17,2;14,8;17,5;17,1;14,9;14,8;87;85;86;9;4,2;1,2;
2026/08/27;0600 UTC;0;941,5;942,1;941,5;0;16,6;14,6;17,4;16,6;14,9;14,6;88;85;88;17;3,9;,9;
2026/08/27;0700 UTC;0;941,2;941,5;941,1;0;16,1;14,4;16,6;16;14,6;14,3;90;88;89;69;4,6;,8;
2026/08/27;0800 UTC;0;941,3;941,3;941,1;0;16,1;14,3;16,1;15,7;14,4;14,2;92;89;89;21;3,9;1,3;
2026/08/27;0900 UTC;0;941,8;941,8;941,3;0;16,7;14,3;16,8;16;14,4;14,2;90;85;86;22;6,6;1,4;
2026/08/27;1000 UTC;0;942,2;942,2;941,8;4,5;16,3;14,3;16,6;16,2;14,4;14,1;88;86;88;106;3,5;,4;
2026/08/27;1100 UTC;0;942,6;942,6;942,1;148,2;18;14,5;18;16,1;14,6;14;89;79;80;4;6,6;2,4;
2026/08/27;1200 UTC;0;943;943;942,5;402,9;19,1;14,6;19,1;17,9;15;14,2;81;75;75;11;7;2,3;
2026/08/27;1300 UTC;0;942,6;943;942,6;695,4;21,3;15,7;21,3;19,1;15,7;14,6;76;66;70;37;6,2;1,5;
2026/08/27;1400 UTC;0;942,2;942,7;942,2;1563,6;24,2;15,4;24,2;21,3;16,5;14,9;70;57;58;6;8,1;3,1;
2026/08/27;1500 UTC;0;941,3;942,2;941,3;2706,9;26,1;16,4;26,2;24,2;17,1;15,2;62;53;55;355;9,5;4,6;
2026/08/27;1600 UTC;0;940,5;941,3;940,5;2791,4;27,5;17,1;27,6;26,2;17,4;15,8;56;50;53;0;8,9;3;
2026/08/27;1700 UTC;0;939,6;940,5;939,6;2299,7;28,2;16,9;28,6;26,7;17,6;16,1;56;47;51;335;9,4;3,6;
2026/08/27;1800 UTC;0;938,6;939,6;938,6;2197,6;28,1;17,6;28,2;27,4;18,3;16,7;57;50;53;0;9,6;3,8;
2026/08/27;1900 UTC;0;937,7;938,6;937,7;1062,2;28,3;17,7;28,3;26,9;18,2;17,2;57;52;53;353;7,8;3,9;
2026/08/27;2000 UTC;0;937,7;937,8;937,7;694,2;28;17,7;28,4;27,1;18,3;17,3;57;52;54;351;8,1;3,1;
2026/08/27;2100 UTC;0;938;938;937,7;200,2;25,6;18,1;27,9;25,6;18,2;17,6;63;53;63;333;6,1;,8;
2026/08/27;2200 UTC;0;938;938,1;937,9;,5;23,9;17,7;25,5;23,9;18,2;17,6;70;64;68;355;4,9;1,8;
2026/08/27;2300 UTC;0;938,4;938,4;937,9;0;24,2;17,1;24,4;23,8;17,7;17;68;63;65;346;8;2,6;
2026/08/28;0000 UTC;0;938,4;938,5;938,3;0;24,8;16,8;24,8;24;17,1;16,7;65;61;61;2;11,4;4,7;
2026/08/28;0100 UTC;0;938,7;938,8;938,5;0;24,2;16,9;25;24,2;16,9;16,7;64;60;64;355;12,9;4,3;
2026/08/28;0200 UTC;0;938,9;938,9;938,6;0;24;16,7;24,2;23,9;16,9;16,7;65;63;64;0;10,7;4,8;
2026/08/28;0300 UTC;0;938,9;939;938,8;0;23;17;24,1;22,7;17,1;16,6;70;63;69;4;10,5;2,9;
2026/08/28;0400 UTC;0;938,8;938,9;938,7;0;22,9;16,9;23;22,6;17;16,8;71;69;69;354;14,3;5,9;
2026/08/28;0500 UTC;0;938,4;938,8;938,2;0;22,5;16,9;22,9;22,4;17;16,8;71;69;70;356;12,4;5,7;
2026/08/28;0600 UTC;0;937,9;938,4;937,8;0;22,3;16,6;22,6;22,2;16,9;16,6;71;70;70;356;12,6;6;
2026/08/28;0700 UTC;0;937,4;937,9;937,4;0;22,2;16,5;22,4;22,1;16,7;16,4;71;69;70;351;13;6,3;
2026/08/28;0800 UTC;0;936,5;937,4;936,5;0;22;16,4;22,2;21,8;16,5;16,3;71;70;70;356;12,2;6,2;
2026/08/28;0900 UTC;0;936,2;936,4;936;0;22,1;16,4;22,2;21,9;16,4;16,2;71;69;70;2;12,6;4,8;
2026/08/28;1000 UTC;0;935,8;936,2;935,8;1,6;21,6;16,3;22,1;21,6;16,4;16,3;72;70;72;350;11,4;5,2;
2026/08/28;1100 UTC;0;935,8;935,9;935,7;130,6;22,5;16,5;22,5;21,6;16,6;16,3;72;69;69;355;13,8;6,1;
2026/08/28;1200 UTC;0;936;936,1;935,7;431,2;24,4;17,2;24,4;22,5;17,2;16,5;69;64;64;348;15;7;
2026/08/28;1300 UTC;0;936,7;936,8;936,1;552,7;24,9;17,7;24,9;24,4;17,7;17,2;65;63;64;342;14,9;6,4;
2026/08/28;1400 UTC;0;937;937,2;936,7;921,9;26,9;18,2;26,9;24,9;18,6;17,4;65;58;59;328;15,4;5,6;
2026/08/28;1500 UTC;0;937,5;937,5;936,9;974,6;26,5;18,2;27;26,5;18,7;18;61;58;60;293;12,3;3,7;
2026/08/28;1600 UTC;0;937,4;937,6;937,2;1425,5;28,1;19,6;28,1;26,5;19,6;18,2;61;55;60;283;10,6;3,2;
2026/08/28;1700 UTC;0;936,8;937,6;936,8;1425,7;20,8;17,2;28,3;20,8;19;17,2;81;55;80;143;8,7;2,3;
2026/08/28;1800 UTC;0;935,9;937,1;935,9;1485,6;21,9;17,2;21,9;20,5;17,7;17;82;75;75;151;5,9;1,8;
2026/08/28;1900 UTC;0;936,3;936,8;935,6;1277,9;19,7;16,7;21,9;19,4;17,9;16,5;86;74;83;162;8,2;3,3;
2026/08/28;2000 UTC;0;936,1;936,4;935,9;222,1;17,5;16;19,7;17,5;16,8;15,8;91;82;91;150;6,6;1,6;
2026/08/28;2100 UTC;0;937,1;938,8;935,8;83;17;15,8;17,6;17;16,1;15,6;93;89;93;157;10,7;1;
2026/08/28;2200 UTC;,2;937,8;938,2;936,8;11,7;16,3;16;17;16,3;16,1;15,6;98;92;98;111;5,5;1,7;
2026/08/28;2300 UTC;2;937,7;938;937,4;0;16,1;16,1;16,3;16,1;16,2;16;100;99;100;141;1,9;,5;
2026/08/29;0000 UTC;0;937,9;937,9;937,6;0;16,1;16,1;16,1;15,9;16,1;15,9;100;100;100;53;1,5;,5;
2026/08/29;0100 UTC;0;938,7;938,7;937,7;0;16,2;16,2;16,3;16;16,3;16;100;100;100;191;1,5;,6;
2026/08/29;0200 UTC;0;939,8;939,8;938,7;0;16,4;16,4;16,7;16,3;16,7;16,3;100;99;100;130;2,5;1;
2026/08/29;0300 UTC;0;939,8;939,9;939,6;0;15,8;15,8;16,4;15,8;16,3;15,8;100;100;100;213;3,3;,4;
2026/08/29;0400 UTC;0;939,4;940;939,4;0;15,6;15,6;15,8;15,6;15,8;15,6;100;100;100;82;1,8;,4;
2026/08/29;0500 UTC;0;938,9;939,6;938,8;0;15,6;15,6;15,7;15,6;15,7;15,6;100;100;100;111;2,2;,9;
2026/08/29;0600 UTC;,2;938,9;939,3;938,8;0;15,6;15,6;15,6;15,6;15,6;15,6;100;100;100;144;4,2;1,2;
2026/08/29;0700 UTC;0;938,5;939,2;938,5;0;15,4;15,4;15,6;15,4;15,6;15,4;100;100;100;151;4,3;1,5;
2026/08/29;0800 UTC;0;938,3;938,6;938;0;15,4;15,4;15,4;15,4;15,4;15,4;100;100;100;149;5,4;1,9;
2026/08/29;0900 UTC;5,2;940,4;940,4;937,6;0;15,4;15,4;15,4;15,2;15,4;15,2;100;100;100;289;5,4;1,6;
2026/08/29;1000 UTC;3,8;938,9;940,3;938,5;,9;15,2;15,2;15,4;15,2;15,4;15,2;100;100;100;124;4,8;,8;
2026/08/29;1100 UTC;,6;940,8;941,2;938,9;9;15,4;15,4;15,4;15,2;15,4;15,2;100;100;100;204;4,5;1,7;
2026/08/29;1200 UTC;2,2;940,2;940,7;939,5;198,1;15,5;15,5;15,7;15,2;15,7;15,2;100;100;100;147;4,1;1,2;
2026/08/29;1300 UTC;0;940,5;941,8;939,9;327,4;15,8;15,4;15,8;15,5;15,7;15,3;100;97;97;159;6,5;2,8;
2026/08/29;1400 UTC;,4;942;942,1;940,3;460,7;15,9;15,6;16,2;15,8;16,1;15,3;99;96;98;351;4,4;,8;
2026/08/29;1500 UTC;,8;941,8;941,9;940,3;266,3;15,6;15,6;16,1;15,6;16;15,5;100;98;100;151;5,3;1,6;
2026/08/29;1600 UTC;,8;940,2;942,3;940,2;572,2;15,5;14,9;15,8;15,3;15,6;14,8;100;95;96;155;7,4;3,7;
2026/08/29;1700 UTC;0;940,3;940,5;940,1;699,7;15,5;14,7;16,1;15,4;15,6;14,6;97;94;95;149;6,7;3;
2026/08/29;1800 UTC;,2;940,9;941;940;164;15,1;14,6;15,5;15,1;15;14,6;99;96;97;177;7;2,4;
2026/08/29;1900 UTC;0;940,3;941,5;940,1;125,2;15,1;14,6;15,1;14,8;14,9;14,3;99;96;97;150;7,6;1;
2026/08/29;2000 UTC;0;941,3;943,1;939,5;76,8;14,8;14,3;15;14,7;14,6;13,9;97;94;97;158;12;1,3;
2026/08/29;2100 UTC;0;942,1;943,5;940,7;42,7;14,7;14,2;14,8;14,7;14,5;14,1;99;96;97;173;6,7;1,6;
2026/08/29;2200 UTC;0;942,2;942,3;941,7;,1;14,6;14,1;14,7;14,6;14,4;14;98;96;97;133;4,9;,9;
2026/08/29;2300 UTC;0;943,2;943,2;942,2;0;14,7;14,1;14,8;14,6;14,3;14;98;95;96;139;4,3;1,5;
2026/08/30;0000 UTC;0;943,8;943,8;943,1;0;14,9;14,1;14,9;14,6;14,3;14;97;95;95;129;4,6;1,1;
2026/08/30;0100 UTC;0;944;944,4;943,6;0;15;13,8;15;14,8;14,1;13,7;95;92;93;285;3,8;,4;
2026/08/30;0200 UTC;0;944;944,4;944;0;14,4;13,5;15;14,4;14;13;95;91;94;125;1,8;,5;
2026/08/30;0300 UTC;0;944,1;944,1;943,9;0;13,9;13;14,4;13,6;13,5;12,8;96;92;94;203;1,5;,4;
2026/08/30;0400 UTC;0;943,8;944,1;943,8;0;14,6;13,2;14,8;13,9;13,3;12,9;94;90;91;207;1,7;,4;
2026/08/30;0500 UTC;0;943,6;943,9;943,4;0;14,9;13,4;15;14,6;13,6;13;93;89;91;202;1,5;,4;
2026/08/30;0600 UTC;0;943,3;943,7;943,2;0;15;13;15,2;14,9;13,5;12,8;91;87;88;132;3,1;1,2;
2026/08/30;0700 UTC;0;943;943,3;942,9;0;14,1;12,9;15,1;14,1;13,3;12,8;93;87;93;132;4,3;,7;
2026/08/30;0800 UTC;0;943,1;943,1;942,5;0;13,2;12,5;14,1;13,1;13;12,5;96;92;96;338;3,5;,6;
2026/08/30;0900 UTC;0;943,3;943,6;942,9;0;13,2;12,6;13,3;13,1;12,8;12,5;97;95;96;157;4,3;1,6;
2026/08/30;1000 UTC;0;943,9;943,9;943,1;1,4;13,2;12,6;13,2;13,1;12,7;12,3;97;95;97;148;4,2;,7;
2026/08/30;1100 UTC;0;944,2;944,2;943,7;113,3;13,5;13;13,5;13,1;13;12,5;97;95;97;145;3,5;1,2;
2026/08/30;1200 UTC;0;944,8;945;944;334,4;14,2;13,1;14,2;13,5;13,3;12,7;96;91;94;146;4,1;1,9;
2026/08/30;1300 UTC;0;944,6;945,1;944,6;669,8;15,3;13,9;15,3;14,2;14;12,9;94;89;92;146;4;,9;
2026/08/30;1400 UTC;0;944,7;945;944,6;579;15,4;14;15,5;15;14,1;13,4;93;88;91;154;4,9;1,6;
2026/08/30;1500 UTC;0;944;944,7;944;747,9;17;15,1;17;15,4;15,1;13,8;92;86;89;147;4,2;,7;
2026/08/30;1600 UTC;0;944;944,2;943,7;723,4;16,8;14,6;17,2;16,5;15,1;14,3;91;84;87;153;4,9;2,5;
2026/08/30;1700 UTC;0;943,2;943,9;942,8;455,5;16,7;14,7;17;16,4;15,1;14,5;91;87;88;160;4,1;1,8;
2026/08/30;1800 UTC;0;942,9;943,3;942,6;259,7;16,1;15,1;16,6;16,1;15,2;14,6;94;89;94;156;4,5;2,3;
2026/08/30;1900 UTC;,2;942,7;943;942,1;129;15,4;15,2;16;15,3;15,3;15;99;94;98;133;5,4;,8;
2026/08/30;2000 UTC;2,2;941,8;943,3;941,7;86,1;15,3;15,2;15,4;15,3;15,3;15;100;98;99;80;5,4;,5;
2026/08/30;2100 UTC;0;942,4;943,1;941,7;19;15,5;15,3;15,5;15,3;15,3;15,1;100;98;99;147;6;2,2;
2026/08/30;2200 UTC;1,2;942,2;942,6;941,4;0;15,5;15,4;15,5;15,4;15,5;15,2;100;99;99;133;4,6;1,6;
2026/08/30;2300 UTC;4,8;942,3;943;941,4;0;15,2;15,2;15,5;15,2;15,4;15,2;100;99;100;137;4,6;,9;
2026/08/31;0000 UTC;2,8;942,7;943,7;942,3;0;15,3;15,3;15,3;15,2;15,3;15,2;100;100;100;146;3,2;1,5;
2026/08/31;0100 UTC;6;944,3;945,2;942,9;0;15;14,9;15,4;15;15,4;14,9;100;99;99;141;7,6;2,4;
2026/08/31;0200 UTC;1;943,9;944,8;943,9;0;14,6;14,5;15;14,6;14,9;14,5;100;99;99;147;5,9;2,7;
2026/08/31;0300 UTC;0;943,4;944,1;943,1;0;14,3;14,3;14,6;14,3;14,5;14,3;100;99;100;135;4,4;,6;
2026/08/31;0400 UTC;,4;943,1;944,1;943;0;14,3;14,3;14,3;14,3;14,3;14,3;100;100;100;143;2,2;,5;
2026/08/31;0500 UTC;0;942,7;943,5;942,2;0;14,2;14,2;14,3;14,2;14,3;14,1;100;100;100;81;2,6;,7;
2026/08/31;0600 UTC;0;941,8;942,8;941,7;0;14,2;14,2;14,2;14,1;14,2;14,1;100;100;100;284;1,4;,6;
2026/08/31;0700 UTC;0;941;942;941;0;13,9;13,9;14,3;13,9;14,3;13,9;100;100;100;181;2;,5;
2026/08/31;0800 UTC;0;940,2;941;940,1;0;13,5;13,5;13,9;13,5;13,9;13,5;100;100;100;165;2,8;,6;
2026/08/31;0900 UTC;0;940,3;940,3;938,9;0;13,4;13,4;13,7;13,4;13,7;13,4;100;100;100;337;2,2;,3;
2026/08/31;1000 UTC;0;940,6;940,9;940,3;0;14,1;14,1;14,1;13,4;14,1;13,4;100;100;100;190;1,5;,4;
2026/08/31;1100 UTC;0;941,3;941,7;940,6;21,6;14,6;14,6;14,6;14;14,6;14;100;100;100;357;2,9;,4;
2026/08/31;1200 UTC;0;941,3;941,6;941,1;73,7;14,9;14,9;14,9;14,6;14,9;14,6;100;100;100;204;1,8;,4;
2026/08/31;1300 UTC;0;941,9;941,9;940,9;200,4;15,1;15;15,1;14,9;15,1;14,7;100;99;100;255;3,5;1,2;
2026/08/31;1400 UTC;2;941,4;942;941,4;130,1;15,6;15,6;15,6;15,1;15,6;15;100;99;100;92;4,9;1,2;
2026/08/31;1500 UTC;,4;941;941;940,6;302,5;18;17,8;18;17,6;17,8;17,2;99;96;99;342;4,4;1,2;
2026/08/31;1600 UTC;2,2;941,2;941,5;940,8;199;18;17,6;18,1;18;17,9;17,6;99;97;98;356;7,8;3,1;
2026/08/31;1700 UTC;,8;940,5;941,1;940,4;274,3;17,7;17,5;18;17,6;17,7;17;99;96;99;87;5,2;,7;
2026/08/31;1800 UTC;2;941,4;941,4;940,6;196,7;17,3;17,2;17,7;17,2;17,5;17;100;98;99;233;2,1;1;
2026/08/31;1900 UTC;2,2;941,1;941,8;940,8;126,5;17;17;17,3;17;17,2;16,9;100;99;100;132;3,4;,8;
2026/08/31;2000 UTC;1,2;936,7;941,1;936,7;96;16,3;16,3;17;16,3;17;16,3;100;99;100;146;3,9;,8;
2026/08/31;2100 UTC;0;938,1;939,3;936,6;52,6;15,3;14,8;16,2;15,3;16,2;14,7;100;94;96;114;3,5;,8;
2026/08/31;2200 UTC;0;939,2;939,9;937,5;,6;14,8;14,6;15,3;14,7;14,9;14,5;99;96;99;151;3,3;,7;
2026/08/31;2300 UTC;0;940,2;941;939,2;0;14,5;14,4;14,8;14,5;14,7;14,4;100;99;100;164;1,6;,6;
