REGIAO:;S
UF:;RS
ESTACAO:;ALEGRETE (MARONNA)
CODIGO (WMO):;B847
LATITUDE:;-29,82138888
LONGITUDE:;-55,88722221
ALTITUDE:;120
DATA DE FUNDACAO:;04/02/26
Data;Hora UTC;PRECIPITAÇÃO TOTAL, HORÁRIO (mm);PRESSAO ATMOSFERICA AO NIVEL DA ESTACAO, HORARIA (mB);PRESSÃO ATMOSFERICA MAX.NA HORA ANT. (AUT) (mB);PRESSÃO ATMOSFERICA MIN. NA HORA ANT. (AUT) (mB);RADIACAO GLOBAL (Kj/m²);TEMPERATURA DO AR - BULBO SECO, HORARIA (°C);TEMPERATURA DO PONTO DE ORVALHO (°C);TEMPERATURA MÁXIMA NA HORA ANT. (AUT) (°C);TEMPERATURA MÍNIMA NA HORA ANT. (AUT) (°C);TEMPERATURA ORVALHO MAX. NA HORA ANT. (AUT) (°C);TEMPERATURA ORVALHO MIN. NA HORA ANT. (AUT) (°C);UMIDADE REL. MAX. NA HORA ANT. (AUT) (%);UMIDADE REL. MIN. NA HORA ANT. (AUT) (%);UMIDADE RELATIVA DO AR, HORARIA (%);VENTO, DIREÇÃO HORARIA (gr) (° (gr));VENTO, RAJADA MAXIMA (m/s);VENTO, VELOCIDADE HORARIA (m/s);
2026/02/04;0000 UTC;;;;;;;;;;;;;;;;;;
2026/02/04;0100 UTC;;;;;;;;;;;;;;;;;;
2026/02/04;0200 UTC;;;;;;;;;;;;;;;;;;
2026/02/04;0300 UTC;;;;;;;;;;;;;;;;;;
2026/02/04;0400 UTC;;;;;;;;;;;;;;;;;;
2026/02/04;0500 UTC;;;;;;;;;;;;;;;;;;
2026/02/04;0600 UTC;;;;;;;;;;;;;;;;;;
2026/02/04;0700 UTC;;;;;;;;;;;;;;;;;;
2026/02/04;0800 UTC;;;;;;;;;;;;;;;;;;
2026/02/04;0900 UTC;;;;;;;;;;;;;;;;;;
2026/02/04;1000 UTC;;;;;;;;;;;;;;;;;;
2026/02/04;1100 UTC;;;;;;;;;;;;;;;;;;
2026/02/04;1200 UTC;;;;;;;;;;;;;;;;;;
2026/02/04;1300 UTC;;;;;;;;;;;;;;;;;;
2026/02/04;1400 UTC;;;;;;;;;;;;;;;;;;
2026/02/04;1500 UTC;;;;;;;;;;;;;;;;;;
2026/02/04;1600 UTC;;;;;;;;;;;;;;;;;;
2026/02/04;1700 UTC;;;;;;;;;;;;;;;;;;
2026/02/04;1800 UTC;;;;;;;;;;;;;;;;;;
2026/02/04;1900 UTC;;;;;;;;;;;;;;;;;;
2026/02/04;2000 UTC;;;;;;;;;;;;;;;;;;
2026/02/04;2100 UTC;;;;;;;;;;;;;;;;;;
2026/02/04;2200 UTC;;;;;;;;;;;;;;;;;;
2026/02/04;2300 UTC;;;;;;;;;;;;;;;;;;
2026/02/05;0000 UTC;;;;;;;;;;;;;;;;;;
2026/02/05;0100 UTC;;;;;;;;;;;;;;;;;;
2026/02/05;0200 UTC;;;;;;;;;;;;;;;;;;
2026/02/05;0300 UTC;;;;;;;;;;;;;;;;;;
2026/02/05;0400 UTC;;;;;;;;;;;;;;;;;;
2026/02/05;0500 UTC;;;;;;;;;;;;;;;;;;
2026/02/05;0600 UTC;;;;;;;;;;;;;;;;;;
2026/02/05;0700 UTC;;;;;;;;;;;;;;;;;;
2026/02/05;0800 UTC;;;;;;;;;;;;;;;;;;
2026/02/05;0900 UTC;;;;;;;;;;;;;;;;;;
2026/02/05;1000 UTC;;;;;;;;;;;;;;;;;;
2026/02/05;1100 UTC;;;;;;;;;;;;;;;;;;
2026/02/05;1200 UTC;;;;;;;;;;;;;;;;;;
2026/02/05;1300 UTC;;;;;;;;;;;;;;;;;;
2026/02/05;1400 UTC;;;;;;;;;;;;;;;;;;
2026/02/05;1500 UTC;;;;;;;;;;;;;;;;;;
2026/02/05;1600 UTC;;;;;;;;;;;;;;;;;;
2026/02/05;1700 UTC;;;;;;;;;;;;;;;;;;
2026/02/05;1800 UTC;;;;;;;;;;;;;;;;;;
2026/02/05;1900 UTC;;;;;;;;;;;;;;;;;;
2026/02/05;2000 UTC;;;;;;;;;;;;;;;;;;
2026/02/05;2100 UTC;;;;;;;;;;;;;;;;;;
2026/02/05;2200 UTC;;;;;;;;;;;;;;;;;;
2026/02/05;2300 UTC;;;;;;;;;;;;;;;;;;
2026/02/06;0000 UTC;;;;;;;;;;;;;;;;;;
2026/02/06;0100 UTC;;;;;;;;;;;;;;;;;;
2026/02/06;0200 UTC;;;;;;;;;;;;;;;;;;
2026/02/06;0300 UTC;;;;;;;;;;;;;;;;;;
2026/02/06;0400 UTC;;;;;;;;;;;;;;;;;;
2026/02/06;0500 UTC;;;;;;;;;;;;;;;;;;
2026/02/06;0600 UTC;;;;;;;;;;;;;;;;;;
2026/02/06;0700 UTC;;;;;;;;;;;;;;;;;;
2026/02/06;0800 UTC;;;;;;;;;;;;;;;;;;
2026/02/06;0900 UTC;;;;;;;;;;;;;;;;;;
2026/02/06;1000 UTC;;;;;;;;;;;;;;;;;;
2026/02/06;1100 UTC;;;;;;;;;;;;;;;;;;
2026/02/06;1200 UTC;;;;;;;;;;;;;;;;;;
2026/02/06;1300 UTC;;;;;;;;;;;;;;;;;;
2026/02/06;1400 UTC;;;;;;;;;;;;;;;;;;
2026/02/06;1500 UTC;;;;;;;;;;;;;;;;;;
2026/02/06;1600 UTC;;;;;;;;;;;;;;;;;;
2026/02/06;1700 UTC;;;;;;;;;;;;;;;;;;
2026/02/06;1800 UTC;;;;;;;;;;;;;;;;;;
2026/02/06;1900 UTC;;;;;;;;;;;;;;;;;;
2026/02/06;2000 UTC;;;;;;;;;;;;;;;;;;
2026/02/06;2100 UTC;;;;;;;;;;;;;;;;;;
2026/02/06;2200 UTC;;;;;;;;;;;;;;;;;;
2026/02/06;2300 UTC;;;;;;;;;;;;;;;;;;
2026/02/07;0000 UTC;;;;;;;;;;;;;;;;;;
2026/02/07;0100 UTC;;;;;;;;;;;;;;;;;;
2026/02/07;0200 UTC;;;;;;;;;;;;;;;;;;
2026/02/07;0300 UTC;;;;;;;;;;;;;;;;;;
2026/02/07;0400 UTC;;;;;;;;;;;;;;;;;;
2026/02/07;0500 UTC;;;;;;;;;;;;;;;;;;
2026/02/07;0600 UTC;;;;;;;;;;;;;;;;;;
2026/02/07;0700 UTC;;;;;;;;;;;;;;;;;;
2026/02/07;0800 UTC;;;;;;;;;;;;;;;;;;
2026/02/07;0900 UTC;;;;;;;;;;;;;;;;;;
2026/02/07;1000 UTC;;;;;;;;;;;;;;;;;;
2026/02/07;1100 UTC;;;;;;;;;;;;;;;;;;
2026/02/07;1200 UTC;;;;;;;;;;;;;;;;;;
2026/02/07;1300 UTC;;;;;;;;;;;;;;;;;;
2026/02/07;1400 UTC;;;;;;;;;;;;;;;;;;
2026/02/07;1500 UTC;;;;;;;;;;;;;;;;;;
2026/02/07;1600 UTC;;;;;;;;;;;;;;;;;;
2026/02/07;1700 UTC;;;;;;;;;;;;;;;;;;
2026/02/07;1800 UTC;;;;;;;;;;;;;;;;;;
2026/02/07;1900 UTC;;;;;;;;;;;;;;;;;;
2026/02/07;2000 UTC;;;;;;;;;;;;;;;;;;
2026/02/07;2100 UTC;;;;;;;;;;;;;;;;;;
2026/02/07;2200 UTC;;;;;;;;;;;;;;;;;;
2026/02/07;2300 UTC;;;;;;;;;;;;;;;;;;
2026/02/08;0000 UTC;;;;;;;;;;;;;;;;;;
2026/02/08;0100 UTC;;;;;;;;;;;;;;;;;;
2026/02/08;0200 UTC;;;;;;;;;;;;;;;;;;
2026/02/08;0300 UTC;;;;;;;;;;;;;;;;;;
2026/02/08;0400 UTC;;;;;;;;;;;;;;;;;;
2026/02/08;0500 UTC;;;;;;;;;;;;;;;;;;
2026/02/08;0600 UTC;;;;;;;;;;;;;;;;;;
2026/02/08;0700 UTC;;;;;;;;;;;;;;;;;;
2026/02/08;0800 UTC;;;;;;;;;;;;;;;;;;
2026/02/08;0900 UTC;;;;;;;;;;;;;;;;;;
2026/02/08;1000 UTC;;;;;;;;;;;;;;;;;;
2026/02/08;1100 UTC;;;;;;;;;;;;;;;;;;
2026/02/08;1200 UTC;;;;;;;;;;;;;;;;;;
2026/02/08;1300 UTC;;;;;;;;;;;;;;;;;;
2026/02/08;1400 UTC;;;;;;;;;;;;;;;;;;
2026/02/08;1500 UTC;;;;;;;;;;;;;;;;;;
2026/02/08;1600 UTC;;;;;;;;;;;;;;;;;;
2026/02/08;1700 UTC;;;;;;;;;;;;;;;;;;
2026/02/08;1800 UTC;;;;;;;;;;;;;;;;;;
2026/02/08;1900 UTC;;;;;;;;;;;;;;;;;;
2026/02/08;2000 UTC;;;;;;;;;;;;;;;;;;
2026/02/08;2100 UTC;;;;;;;;;;;;;;;;;;
2026/02/08;2200 UTC;;;;;;;;;;;;;;;;;;
2026/02/08;2300 UTC;;;;;;;;;;;;;;;;;;
2026/02/09;0000 UTC;;;;;;;;;;;;;;;;;;
2026/02/09;0100 UTC;;;;;;;;;;;;;;;;;;
2026/02/09;0200 UTC;;;;;;;;;;;;;;;;;;
2026/02/09;0300 UTC;;;;;;;;;;;;;;;;;;
2026/02/09;0400 UTC;;;;;;;;;;;;;;;;;;
2026/02/09;0500 UTC;;;;;;;;;;;;;;;;;;
2026/02/09;0600 UTC;;;;;;;;;;;;;;;;;;
2026/02/09;0700 UTC;;;;;;;;;;;;;;;;;;
2026/02/09;0800 UTC;;;;;;;;;;;;;;;;;;
2026/02/09;0900 UTC;;;;;;;;;;;;;;;;;;
2026/02/09;1000 UTC;;;;;;;;;;;;;;;;;;
2026/02/09;1100 UTC;;;;;;;;;;;;;;;;;;
2026/02/09;1200 UTC;;;;;;;;;;;;;;;;;;
2026/02/09;1300 UTC;;;;;;;;;;;;;;;;;;
2026/02/09;1400 UTC;;;;;;;;;;;;;;;;;;
2026/02/09;1500 UTC;;;;;;;;;;;;;;;;;;
2026/02/09;1600 UTC;;;;;;;;;;;;;;;;;;
2026/02/09;1700 UTC;;;;;;;;;;;;;;;;;;
2026/02/09;1800 UTC;;;;;;;;;;;;;;;;;;
2026/02/09;1900 UTC;;;;;;;;;;;;;;;;;;
2026/02/09;2000 UTC;;;;;;;;;;;;;;;;;;
2026/02/09;2100 UTC;;;;;;;;;;;;;;;;;;
2026/02/09;2200 UTC;;;;;;;;;;;;;;;;;;
2026/02/09;2300 UTC;;;;;;;;;;;;;;;;;;
2026/02/10;0000 UTC;;;;;;;;;;;;;;;;;;
2026/02/10;0100 UTC;;;;;;;;;;;;;;;;;;
2026/02/10;0200 UTC;;;;;;;;;;;;;;;;;;
2026/02/10;0300 UTC;;;;;;;;;;;;;;;;;;
2026/02/10;0400 UTC;;;;;;;;;;;;;;;;;;
2026/02/10;0500 UTC;;;;;;;;;;;;;;;;;;
2026/02/10;0600 UTC;;;;;;;;;;;;;;;;;;
2026/02/10;0700 UTC;;;;;;;;;;;;;;;;;;
2026/02/10;0800 UTC;;;;;;;;;;;;;;;;;;
2026/02/10;0900 UTC;;;;;;;;;;;;;;;;;;
2026/02/10;1000 UTC;;;;;;;;;;;;;;;;;;
2026/02/10;1100 UTC;;;;;;;;;;;;;;;;;;
2026/02/10;1200 UTC;;;;;;;;;;;;;;;;;;
2026/02/10;1300 UTC;;;;;;;;;;;;;;;;;;
2026/02/10;1400 UTC;;;;;;;;;;;;;;;;;;
2026/02/10;1500 UTC;;;;;;;;;;;;;;;;;;
2026/02/10;1600 UTC;;;;;;;;;;;;;;;;;;
2026/02/10;1700 UTC;;;;;;;;;;;;;;;;;;
2026/02/10;1800 UTC;;;;;;;;;;;;;;;;;;
2026/02/10;1900 UTC;;;;;;;;;;;;;;;;;;
2026/02/10;2000 UTC;;;;;;;;;;;;;;;;;;
2026/02/10;2100 UTC;;;;;;;;;;;;;;;;;;
2026/02/10;2200 UTC;;;;;;;;;;;;;;;;;;
2026/02/10;2300 UTC;;;;;;;;;;;;;;;;;;
2026/02/11;0000 UTC;;;;;;;;;;;;;;;;;;
2026/02/11;0100 UTC;;;;;;;;;;;;;;;;;;
2026/02/11;0200 UTC;;;;;;;;;;;;;;;;;;
2026/02/11;0300 UTC;;;;;;;;;;;;;;;;;;
2026/02/11;0400 UTC;;;;;;;;;;;;;;;;;;
2026/02/11;0500 UTC;;;;;;;;;;;;;;;;;;
2026/02/11;0600 UTC;;;;;;;;;;;;;;;;;;
2026/02/11;0700 UTC;;;;;;;;;;;;;;;;;;
2026/02/11;0800 UTC;;;;;;;;;;;;;;;;;;
2026/02/11;0900 UTC;;;;;;;;;;;;;;;;;;
2026/02/11;1000 UTC;;;;;;;;;;;;;;;;;;
2026/02/11;1100 UTC;;;;;;;;;;;;;;;;;;
2026/02/11;1200 UTC;;;;;;;;;;;;;;;;;;
2026/02/11;1300 UTC;;;;;;;;;;;;;;;;;;
2026/02/11;1400 UTC;;;;;;;;;;;;;;;;;;
2026/02/11;1500 UTC;;;;;;;;;;;;;;;;;;
2026/02/11;1600 UTC;;;;;;;;;;;;;;;;;;
2026/02/11;1700 UTC;;;;;;;;;;;;;;;;;;
2026/02/11;1800 UTC;;;;;;;;;;;;;;;;;;
2026/02/11;1900 UTC;;;;;;;;;;;;;;;;;;
2026/02/11;2000 UTC;;;;;;;;;;;;;;;;;;
2026/02/11;2100 UTC;;;;;;;;;;;;;;;;;;
2026/02/11;2200 UTC;;;;;;;;;;;;;;;;;;
2026/02/11;2300 UTC;;;;;;;;;;;;;;;;;;
2026/02/12;0000 UTC;;;;;;;;;;;;;;;;;;
2026/02/12;0100 UTC;;;;;;;;;;;;;;;;;;
2026/02/12;0200 UTC;;;;;;;;;;;;;;;;;;
2026/02/12;0300 UTC;;;;;;;;;;;;;;;;;;
2026/02/12;0400 UTC;;;;;;;;;;;;;;;;;;
2026/02/12;0500 UTC;;;;;;;;;;;;;;;;;;
2026/02/12;0600 UTC;;;;;;;;;;;;;;;;;;
2026/02/12;0700 UTC;;;;;;;;;;;;;;;;;;
2026/02/12;0800 UTC;;;;;;;;;;;;;;;;;;
2026/02/12;0900 UTC;;;;;;;;;;;;;;;;;;
2026/02/12;1000 UTC;;;;;;;;;;;;;;;;;;
2026/02/12;1100 UTC;;;;;;;;;;;;;;;;;;
2026/02/12;1200 UTC;;;;;;;;;;;;;;;;;;
2026/02/12;1300 UTC;;;;;;;;;;;;;;;;;;
2026/02/12;1400 UTC;;;;;;;;;;;;;;;;;;
2026/02/12;1500 UTC;;;;;;;;;;;;;;;;;;
2026/02/12;1600 UTC;;;;;;;;;;;;;;;;;;
2026/02/12;1700 UTC;;;;;;;;;;;;;;;;;;
2026/02/12;1800 UTC;;;;;;;;;;;;;;;;;;
2026/02/12;1900 UTC;;;;;;;;;;;;;;;;;;
2026/02/12;2000 UTC;;;;;;;;;;;;;;;;;;
2026/02/12;2100 UTC;;;;;;;;;;;;;;;;;;
2026/02/12;2200 UTC;;;;;;;;;;;;;;;;;;
2026/02/12;2300 UTC;;;;;;;;;;;;;;;;;;
2026/02/13;0000 UTC;;;;;;;;;;;;;;;;;;
2026/02/13;0100 UTC;;;;;;;;;;;;;;;;;;
2026/02/13;0200 UTC;;;;;;;;;;;;;;;;;;
2026/02/13;0300 UTC;;;;;;;;;;;;;;;;;;
2026/02/13;0400 UTC;;;;;;;;;;;;;;;;;;
2026/02/13;0500 UTC;;;;;;;;;;;;;;;;;;
2026/02/13;0600 UTC;;;;;;;;;;;;;;;;;;
2026/02/13;0700 UTC;;;;;;;;;;;;;;;;;;
2026/02/13;0800 UTC;;;;;;;;;;;;;;;;;;
2026/02/13;0900 UTC;;;;;;;;;;;;;;;;;;
2026/02/13;1000 UTC;;;;;;;;;;;;;;;;;;
2026/02/13;1100 UTC;;;;;;;;;;;;;;;;;;
2026/02/13;1200 UTC;;;;;;;;;;;;;;;;;;
2026/02/13;1300 UTC;;;;;;;;;;;;;;;;;;
2026/02/13;1400 UTC;;;;;;;;;;;;;;;;;;
2026/02/13;1500 UTC;;;;;;;;;;;;;;;;;;
2026/02/13;1600 UTC;;;;;;;;;;;;;;;;;;
2026/02/13;1700 UTC;;;;;;;;;;;;;;;;;;
2026/02/13;1800 UTC;;;;;;;;;;;;;;;;;;
2026/02/13;1900 UTC;;;;;;;;;;;;;;;;;;
2026/02/13;2000 UTC;;;;;;;;;;;;;;;;;;
2026/02/13;2100 UTC;;;;;;;;;;;;;;;;;;
2026/02/13;2200 UTC;;;;;;;;;;;;;;;;;;
2026/02/13;2300 UTC;;;;;;;;;;;;;;;;;;
2026/02/14;0000 UTC;;;;;;;;;;;;;;;;;;
2026/02/14;0100 UTC;;;;;;;;;;;;;;;;;;
2026/02/14;0200 UTC;;;;;;;;;;;;;;;;;;
2026/02/14;0300 UTC;;;;;;;;;;;;;;;;;;
2026/02/14;0400 UTC;;;;;;;;;;;;;;;;;;
2026/02/14;0500 UTC;;;;;;;;;;;;;;;;;;
2026/02/14;0600 UTC;;;;;;;;;;;;;;;;;;
2026/02/14;0700 UTC;;;;;;;;;;;;;;;;;;
2026/02/14;0800 UTC;;;;;;;;;;;;;;;;;;
2026/02/14;0900 UTC;;;;;;;;;;;;;;;;;;
2026/02/14;1000 UTC;;;;;;;;;;;;;;;;;;
2026/02/14;1100 UTC;;;;;;;;;;;;;;;;;;
2026/02/14;1200 UTC;;;;;;;;;;;;;;;;;;
2026/02/14;1300 UTC;;;;;;;;;;;;;;;;;;
2026/02/14;1400 UTC;;;;;;;;;;;;;;;;;;
2026/02/14;1500 UTC;;;;;;;;;;;;;;;;;;
2026/02/14;1600 UTC;;;;;;;;;;;;;;;;;;
2026/02/14;1700 UTC;;;;;;;;;;;;;;;;;;
2026/02/14;1800 UTC;;;;;;;;;;;;;;;;;;
2026/02/14;1900 UTC;;;;;;;;;;;;;;;;;;
2026/02/14;2000 UTC;;;;;;;;;;;;;;;;;;
2026/02/14;2100 UTC;;;;;;;;;;;;;;;;;;
2026/02/14;2200 UTC;;;;;;;;;;;;;;;;;;
2026/02/14;2300 UTC;;;;;;;;;;;;;;;;;;
2026/02/15;0000 UTC;;;;;;;;;;;;;;;;;;
2026/02/15;0100 UTC;;;;;;;;;;;;;;;;;;
2026/02/15;0200 UTC;;;;;;;;;;;;;;;;;;
2026/02/15;0300 UTC;;;;;;;;;;;;;;;;;;
2026/02/15;0400 UTC;;;;;;;;;;;;;;;;;;
2026/02/15;0500 UTC;;;;;;;;;;;;;;;;;;
2026/02/15;0600 UTC;;;;;;;;;;;;;;;;;;
2026/02/15;0700 UTC;;;;;;;;;;;;;;;;;;
2026/02/15;0800 UTC;;;;;;;;;;;;;;;;;;
2026/02/15;0900 UTC;;;;;;;;;;;;;;;;;;
2026/02/15;1000 UTC;;;;;;;;;;;;;;;;;;
2026/02/15;1100 UTC;;;;;;;;;;;;;;;;;;
2026/02/15;1200 UTC;;;;;;;;;;;;;;;;;;
2026/02/15;1300 UTC;;;;;;;;;;;;;;;;;;
2026/02/15;1400 UTC;;;;;;;;;;;;;;;;;;
2026/02/15;1500 UTC;;;;;;;;;;;;;;;;;;
2026/02/15;1600 UTC;;;;;;;;;;;;;;;;;;
2026/02/15;1700 UTC;;;;;;;;;;;;;;;;;;
2026/02/15;1800 UTC;;;;;;;;;;;;;;;;;;
2026/02/15;1900 UTC;;;;;;;;;;;;;;;;;;
2026/02/15;2000 UTC;;;;;;;;;;;;;;;;;;
2026/02/15;2100 UTC;;;;;;;;;;;;;;;;;;
2026/02/15;2200 UTC;;;;;;;;;;;;;;;;;;
2026/02/15;2300 UTC;;;;;;;;;;;;;;;;;;
2026/02/16;0000 UTC;;;;;;;;;;;;;;;;;;
2026/02/16;0100 UTC;;;;;;;;;;;;;;;;;;
2026/02/16;0200 UTC;;;;;;;;;;;;;;;;;;
2026/02/16;0300 UTC;;;;;;;;;;;;;;;;;;
2026/02/16;0400 UTC;;;;;;;;;;;;;;;;;;
2026/02/16;0500 UTC;;;;;;;;;;;;;;;;;;
2026/02/16;0600 UTC;;;;;;;;;;;;;;;;;;
2026/02/16;0700 UTC;;;;;;;;;;;;;;;;;;
2026/02/16;0800 UTC;;;;;;;;;;;;;;;;;;
2026/02/16;0900 UTC;;;;;;;;;;;;;;;;;;
2026/02/16;1000 UTC;;;;;;;;;;;;;;;;;;
2026/02/16;1100 UTC;;;;;;;;;;;;;;;;;;
2026/02/16;1200 UTC;;;;;;;;;;;;;;;;;;
2026/02/16;1300 UTC;;;;;;;;;;;;;;;;;;
2026/02/16;1400 UTC;;;;;;;;;;;;;;;;;;
2026/02/16;1500 UTC;;;;;;;;;;;;;;;;;;
2026/02/16;1600 UTC;;;;;;;;;;;;;;;;;;
2026/02/16;1700 UTC;;;;;;;;;;;;;;;;;;
2026/02/16;1800 UTC;;;;;;;;;;;;;;;;;;
2026/02/16;1900 UTC;;;;;;;;;;;;;;;;;;
2026/02/16;2000 UTC;;;;;;;;;;;;;;;;;;
2026/02/16;2100 UTC;;;;;;;;;;;;;;;;;;
2026/02/16;2200 UTC;;;;;;;;;;;;;;;;;;
2026/02/16;2300 UTC;;;;;;;;;;;;;;;;;;
2026/02/17;0000 UTC;;;;;;;;;;;;;;;;;;
2026/02/17;0100 UTC;;;;;;;;;;;;;;;;;;
2026/02/17;0200 UTC;;;;;;;;;;;;;;;;;;
2026/02/17;0300 UTC;;;;;;;;;;;;;;;;;;
2026/02/17;0400 UTC;;;;;;;;;;;;;;;;;;
2026/02/17;0500 UTC;;;;;;;;;;;;;;;;;;
2026/02/17;0600 UTC;;;;;;;;;;;;;;;;;;
2026/02/17;0700 UTC;;;;;;;;;;;;;;;;;;
2026/02/17;0800 UTC;;;;;;;;;;;;;;;;;;
2026/02/17;0900 UTC;;;;;;;;;;;;;;;;;;
2026/02/17;1000 UTC;;;;;;;;;;;;;;;;;;
2026/02/17;1100 UTC;;;;;;;;;;;;;;;;;;
2026/02/17;1200 UTC;;;;;;;;;;;;;;;;;;
2026/02/17;1300 UTC;;;;;;;;;;;;;;;;;;
2026/02/17;1400 UTC;;;;;;;;;;;;;;;;;;
2026/02/17;1500 UTC;;;;;;;;;;;;;;;;;;
2026/02/17;1600 UTC;;;;;;;;;;;;;;;;;;
2026/02/17;1700 UTC;;;;;;;;;;;;;;;;;;
2026/02/17;1800 UTC;;;;;;;;;;;;;;;;;;
2026/02/17;1900 UTC;;;;;;;;;;;;;;;;;;
2026/02/17;2000 UTC;;;;;;;;;;;;;;;;;;
2026/02/17;2100 UTC;;;;;;;;;;;;;;;;;;
2026/02/17;2200 UTC;;;;;;;;;;;;;;;;;;
2026/02/17;2300 UTC;;;;;;;;;;;;;;;;;;
2026/02/18;0000 UTC;;;;;;;;;;;;;;;;;;
2026/02/18;0100 UTC;;;;;;;;;;;;;;;;;;
2026/02/18;0200 UTC;;;;;;;;;;;;;;;;;;
2026/02/18;0300 UTC;;;;;;;;;;;;;;;;;;
2026/02/18;0400 UTC;;;;;;;;;;;;;;;;;;
2026/02/18;0500 UTC;;;;;;;;;;;;;;;;;;
2026/02/18;0600 UTC;;;;;;;;;;;;;;;;;;
2026/02/18;0700 UTC;;;;;;;;;;;;;;;;;;
2026/02/18;0800 UTC;;;;;;;;;;;;;;;;;;
2026/02/18;0900 UTC;;;;;;;;;;;;;;;;;;
2026/02/18;1000 UTC;;;;;;;;;;;;;;;;;;
2026/02/18;1100 UTC;;;;;;;;;;;;;;;;;;
2026/02/18;1200 UTC;;;;;;;;;;;;;;;;;;
2026/02/18;1300 UTC;;;;;;;;;;;;;;;;;;
2026/02/18;1400 UTC;;;;;;;;;;;;;;;;;;
2026/02/18;1500 UTC;;;;;;;;;;;;;;;;;;
2026/02/18;1600 UTC;;;;;;;;;;;;;;;;;;
2026/02/18;1700 UTC;;;;;;;;;;;;;;;;;;
2026/02/18;1800 UTC;;;;;;;;;;;;;;;;;;
2026/02/18;1900 UTC;;;;;;;;;;;;;;;;;;
2026/02/18;2000 UTC;;;;;;;;;;;;;;;;;;
2026/02/18;2100 UTC;;;;;;;;;;;;;;;;;;
2026/02/18;2200 UTC;;;;;;;;;;;;;;;;;;
2026/02/18;2300 UTC;;;;;;;;;;;;;;;;;;
2026/02/19;0000 UTC;;;;;;;;;;;;;;;;;;
2026/02/19;0100 UTC;;;;;;;;;;;;;;;;;;
2026/02/19;0200 UTC;;;;;;;;;;;;;;;;;;
2026/02/19;0300 UTC;;;;;;;;;;;;;;;;;;
2026/02/19;0400 UTC;;;;;;;;;;;;;;;;;;
2026/02/19;0500 UTC;;;;;;;;;;;;;;;;;;
2026/02/19;0600 UTC;;;;;;;;;;;;;;;;;;
2026/02/19;0700 UTC;;;;;;;;;;;;;;;;;;
2026/02/19;0800 UTC;;;;;;;;;;;;;;;;;;
2026/02/19;0900 UTC;;;;;;;;;;;;;;;;;;
2026/02/19;1000 UTC;;;;;;;;;;;;;;;;;;
2026/02/19;1100 UTC;;;;;;;;;;;;;;;;;;
2026/02/19;1200 UTC;;;;;;;;;;;;;;;;;;
2026/02/19;1300 UTC;;;;;;;;;;;;;;;;;;
2026/02/19;1400 UTC;;;;;;;;;;;;;;;;;;
2026/02/19;1500 UTC;;;;;;;;;;;;;;;;;;
2026/02/19;1600 UTC;;;;;;;;;;;;;;;;;;
2026/02/19;1700 UTC;;;;;;;;;;;;;;;;;;
2026/02/19;1800 UTC;;;;;;;;;;;;;;;;;;
2026/02/19;1900 UTC;;;;;;;;;;;;;;;;;;
2026/02/19;2000 UTC;;;;;;;;;;;;;;;;;;
2026/02/19;2100 UTC;;;;;;;;;;;;;;;;;;
2026/02/19;2200 UTC;;;;;;;;;;;;;;;;;;
2026/02/19;2300 UTC;;;;;;;;;;;;;;;;;;
2026/02/20;0000 UTC;;;;;;;;;;;;;;;;;;
2026/02/20;0100 UTC;;;;;;;;;;;;;;;;;;
2026/02/20;0200 UTC;;;;;;;;;;;;;;;;;;
2026/02/20;0300 UTC;;;;;;;;;;;;;;;;;;
2026/02/20;0400 UTC;;;;;;;;;;;;;;;;;;
2026/02/20;0500 UTC;;;;;;;;;;;;;;;;;;
2026/02/20;0600 UTC;;;;;;;;;;;;;;;;;;
2026/02/20;0700 UTC;;;;;;;;;;;;;;;;;;
2026/02/20;0800 UTC;;;;;;;;;;;;;;;;;;
2026/02/20;0900 UTC;;;;;;;;;;;;;;;;;;
2026/02/20;1000 UTC;;;;;;;;;;;;;;;;;;
2026/02/20;1100 UTC;;;;;;;;;;;;;;;;;;
2026/02/20;1200 UTC;;;;;;;;;;;;;;;;;;
2026/02/20;1300 UTC;;;;;;;;;;;;;;;;;;
2026/02/20;1400 UTC;;;;;;;;;;;;;;;;;;
2026/02/20;1500 UTC;;;;;;;;;;;;;;;;;;
2026/02/20;1600 UTC;;;;;;;;;;;;;;;;;;
2026/02/20;1700 UTC;;;;;;;;;;;;;;;;;;
2026/02/20;1800 UTC;;;;;;;;;;;;;;;;;;
2026/02/20;1900 UTC;;;;;;;;;;;;;;;;;;
2026/02/20;2000 UTC;;;;;;;;;;;;;;;;;;
2026/02/20;2100 UTC;;;;;;;;;;;;;;;;;;
2026/02/20;2200 UTC;;;;;;;;;;;;;;;;;;
2026/02/20;2300 UTC;;;;;;;;;;;;;;;;;;
2026/02/21;0000 UTC;;;;;;;;;;;;;;;;;;
2026/02/21;0100 UTC;;;;;;;;;;;;;;;;;;
2026/02/21;0200 UTC;;;;;;;;;;;;;;;;;;
2026/02/21;0300 UTC;;;;;;;;;;;;;;;;;;
2026/02/21;0400 UTC;;;;;;;;;;;;;;;;;;
2026/02/21;0500 UTC;;;;;;;;;;;;;;;;;;
2026/02/21;0600 UTC;;;;;;;;;;;;;;;;;;
2026/02/21;0700 UTC;;;;;;;;;;;;;;;;;;
2026/02/21;0800 UTC;;;;;;;;;;;;;;;;;;
2026/02/21;0900 UTC;;;;;;;;;;;;;;;;;;
2026/02/21;1000 UTC;;;;;;;;;;;;;;;;;;
2026/02/21;1100 UTC;;;;;;;;;;;;;;;;;;
2026/02/21;1200 UTC;;;;;;;;;;;;;;;;;;
2026/02/21;1300 UTC;;;;;;;;;;;;;;;;;;
2026/02/21;1400 UTC;;;;;;;;;;;;;;;;;;
2026/02/21;1500 UTC;;;;;;;;;;;;;;;;;;
2026/02/21;1600 UTC;;;;;;;;;;;;;;;;;;
2026/02/21;1700 UTC;;;;;;;;;;;;;;;;;;
2026/02/21;1800 UTC;;;;;;;;;;;;;;;;;;
2026/02/21;1900 UTC;;;;;;;;;;;;;;;;;;
2026/02/21;2000 UTC;;;;;;;;;;;;;;;;;;
2026/02/21;2100 UTC;;;;;;;;;;;;;;;;;;
2026/02/21;2200 UTC;;;;;;;;;;;;;;;;;;
2026/02/21;2300 UTC;;;;;;;;;;;;;;;;;;
2026/02/22;0000 UTC;;;;;;;;;;;;;;;;;;
2026/02/22;0100 UTC;;;;;;;;;;;;;;;;;;
2026/02/22;0200 UTC;;;;;;;;;;;;;;;;;;
2026/02/22;0300 UTC;;;;;;;;;;;;;;;;;;
2026/02/22;0400 UTC;;;;;;;;;;;;;;;;;;
2026/02/22;0500 UTC;;;;;;;;;;;;;;;;;;
2026/02/22;0600 UTC;;;;;;;;;;;;;;;;;;
2026/02/22;0700 UTC;;;;;;;;;;;;;;;;;;
2026/02/22;0800 UTC;;;;;;;;;;;;;;;;;;
2026/02/22;0900 UTC;;;;;;;;;;;;;;;;;;
2026/02/22;1000 UTC;;;;;;;;;;;;;;;;;;
2026/02/22;1100 UTC;;;;;;;;;;;;;;;;;;
2026/02/22;1200 UTC;;;;;;;;;;;;;;;;;;
2026/02/22;1300 UTC;;;;;;;;;;;;;;;;;;
2026/02/22;1400 UTC;;;;;;;;;;;;;;;;;;
2026/02/22;1500 UTC;;;;;;;;;;;;;;;;;;
2026/02/22;1600 UTC;;;;;;;;;;;;;;;;;;
2026/02/22;1700 UTC;;;;;;;;;;;;;;;;;;
2026/02/22;1800 UTC;;;;;;;;;;;;;;;;;;
2026/02/22;1900 UTC;;;;;;;;;;;;;;;;;;
2026/02/22;2000 UTC;;;;;;;;;;;;;;;;;;
2026/02/22;2100 UTC;;;;;;;;;;;;;;;;;;
2026/02/22;2200 UTC;;;;;;;;;;;;;;;;;;
2026/02/22;2300 UTC;;;;;;;;;;;;;;;;;;
2026/02/23;0000 UTC;;;;;;;;;;;;;;;;;;
2026/02/23;0100 UTC;;;;;;;;;;;;;;;;;;
2026/02/23;0200 UTC;;;;;;;;;;;;;;;;;;
2026/02/23;0300 UTC;;;;;;;;;;;;;;;;;;
2026/02/23;0400 UTC;;;;;;;;;;;;;;;;;;
2026/02/23;0500 UTC;;;;;;;;;;;;;;;;;;
2026/02/23;0600 UTC;;;;;;;;;;;;;;;;;;
2026/02/23;0700 UTC;;;;;;;;;;;;;;;;;;
2026/02/23;0800 UTC;;;;;;;;;;;;;;;;;;
2026/02/23;0900 UTC;;;;;;;;;;;;;;;;;;
2026/02/23;1000 UTC;;;;;;;;;;;;;;;;;;
2026/02/23;1100 UTC;;;;;;;;;;;;;;;;;;
2026/02/23;1200 UTC;;;;;;;;;;;;;;;;;;
2026/02/23;1300 UTC;;;;;;;;;;;;;;;;;;
2026/02/23;1400 UTC;;;;;;;;;;;;;;;;;;
2026/02/23;1500 UTC;;;;;;;;;;;;;;;;;;
2026/02/23;1600 UTC;;;;;;;;;;;;;;;;;;
2026/02/23;1700 UTC;;;;;;;;;;;;;;;;;;
2026/02/23;1800 UTC;;;;;;;;;;;;;;;;;;
2026/02/23;1900 UTC;;;;;;;;;;;;;;;;;;
2026/02/23;2000 UTC;;;;;;;;;;;;;;;;;;
2026/02/23;2100 UTC;;;;;;;;;;;;;;;;;;
2026/02/23;2200 UTC;;;;;;;;;;;;;;;;;;
2026/02/23;2300 UTC;;;;;;;;;;;;;;;;;;
2026/02/24;0000 UTC;;;;;;;;;;;;;;;;;;
2026/02/24;0100 UTC;;;;;;;;;;;;;;;;;;
2026/02/24;0200 UTC;;;;;;;;;;;;;;;;;;
2026/02/24;0300 UTC;;;;;;;;;;;;;;;;;;
2026/02/24;0400 UTC;;;;;;;;;;;;;;;;;;
2026/02/24;0500 UTC;;;;;;;;;;;;;;;;;;
2026/02/24;0600 UTC;;;;;;;;;;;;;;;;;;
2026/02/24;0700 UTC;;;;;;;;;;;;;;;;;;
2026/02/24;0800 UTC;;;;;;;;;;;;;;;;;;
2026/02/24;0900 UTC;;;;;;;;;;;;;;;;;;
2026/02/24;1000 UTC;;;;;;;;;;;;;;;;;;
2026/02/24;1100 UTC;;;;;;;;;;;;;;;;;;
2026/02/24;1200 UTC;;;;;;;;;;;;;;;;;;
2026/02/24;1300 UTC;;;;;;;;;;;;;;;;;;
2026/02/24;1400 UTC;;;;;;;;;;;;;;;;;;
2026/02/24;1500 UTC;;;;;;;;;;;;;;;;;;
2026/02/24;1600 UTC;;;;;;;;;;;;;;;;;;
2026/02/24;1700 UTC;;;;;;;;;;;;;;;;;;
2026/02/24;1800 UTC;;;;;;;;;;;;;;;;;;
2026/02/24;1900 UTC;;;;;;;;;;;;;;;;;;
2026/02/24;2000 UTC;;;;;;;;;;;;;;;;;;
2026/02/24;2100 UTC;;;;;;;;;;;;;;;;;;
2026/02/24;2200 UTC;;;;;;;;;;;;;;;;;;
2026/02/24;2300 UTC;;;;;;;;;;;;;;;;;;
2026/02/25;0000 UTC;;;;;;;;;;;;;;;;;;
2026/02/25;0100 UTC;;;;;;;;;;;;;;;;;;
2026/02/25;0200 UTC;;;;;;;;;;;;;;;;;;
2026/02/25;0300 UTC;;;;;;;;;;;;;;;;;;
2026/02/25;0400 UTC;;;;;;;;;;;;;;;;;;
2026/02/25;0500 UTC;;;;;;;;;;;;;;;;;;
2026/02/25;0600 UTC;;;;;;;;;;;;;;;;;;
2026/02/25;0700 UTC;;;;;;;;;;;;;;;;;;
2026/02/25;0800 UTC;;;;;;;;;;;;;;;;;;
2026/02/25;0900 UTC;;;;;;;;;;;;;;;;;;
2026/02/25;1000 UTC;;;;;;;;;;;;;;;;;;
2026/02/25;1100 UTC;;;;;;;;;;;;;;;;;;
2026/02/25;1200 UTC;;;;;;;;;;;;;;;;;;
2026/02/25;1300 UTC;;;;;;;;;;;;;;;;;;
2026/02/25;1400 UTC;;;;;;;;;;;;;;;;;;
2026/02/25;1500 UTC;;;;;;;;;;;;;;;;;;
2026/02/25;1600 UTC;;;;;;;;;;;;;;;;;;
2026/02/25;1700 UTC;;;;;;;;;;;;;;;;;;
2026/02/25;1800 UTC;;;;;;;;;;;;;;;;;;
2026/02/25;1900 UTC;;;;;;;;;;;;;;;;;;
2026/02/25;2000 UTC;;;;;;;;;;;;;;;;;;
2026/02/25;2100 UTC;;;;;;;;;;;;;;;;;;
2026/02/25;2200 UTC;;;;;;;;;;;;;;;;;;
2026/02/25;2300 UTC;;;;;;;;;;;;;;;;;;
2026/02/26;0000 UTC;;;;;;;;;;;;;;;;;;
2026/02/26;0100 UTC;;;;;;;;;;;;;;;;;;
2026/02/26;0200 UTC;;;;;;;;;;;;;;;;;;
2026/02/26;0300 UTC;;;;;;;;;;;;;;;;;;
2026/02/26;0400 UTC;;;;;;;;;;;;;;;;;;
2026/02/26;0500 UTC;;;;;;;;;;;;;;;;;;
2026/02/26;0600 UTC;;;;;;;;;;;;;;;;;;
2026/02/26;0700 UTC;;;;;;;;;;;;;;;;;;
2026/02/26;0800 UTC;;;;;;;;;;;;;;;;;;
2026/02/26;0900 UTC;;;;;;;;;;;;;;;;;;
2026/02/26;1000 UTC;;;;;;;;;;;;;;;;;;
2026/02/26;1100 UTC;;;;;;;;;;;;;;;;;;
2026/02/26;1200 UTC;;;;;;;;;;;;;;;;;;
2026/02/26;1300 UTC;;;;;;;;;;;;;;;;;;
2026/02/26;1400 UTC;;;;;;;;;;;;;;;;;;
2026/02/26;1500 UTC;;;;;;;;;;;;;;;;;;
2026/02/26;1600 UTC;;;;;;;;;;;;;;;;;;
2026/02/26;1700 UTC;;;;;;;;;;;;;;;;;;
2026/02/26;1800 UTC;;;;;;;;;;;;;;;;;;
2026/02/26;1900 UTC;;;;;;;;;;;;;;;;;;
2026/02/26;2000 UTC;;;;;;;;;;;;;;;;;;
2026/02/26;2100 UTC;;;;;;;;;;;;;;;;;;
2026/02/26;2200 UTC;;;;;;;;;;;;;;;;;;
2026/02/26;2300 UTC;;;;;;;;;;;;;;;;;;
2026/02/27;0000 UTC;;;;;;;;;;;;;;;;;;
2026/02/27;0100 UTC;;;;;;;;;;;;;;;;;;
2026/02/27;0200 UTC;;;;;;;;;;;;;;;;;;
2026/02/27;0300 UTC;;;;;;;;;;;;;;;;;;
2026/02/27;0400 UTC;;;;;;;;;;;;;;;;;;
2026/02/27;0500 UTC;;;;;;;;;;;;;;;;;;
2026/02/27;0600 UTC;;;;;;;;;;;;;;;;;;
2026/02/27;0700 UTC;;;;;;;;;;;;;;;;;;
2026/02/27;0800 UTC;;;;;;;;;;;;;;;;;;
2026/02/27;0900 UTC;;;;;;;;;;;;;;;;;;
2026/02/27;1000 UTC;;;;;;;;;;;;;;;;;;
2026/02/27;1100 UTC;;;;;;;;;;;;;;;;;;
2026/02/27;1200 UTC;;;;;;;;;;;;;;;;;;
2026/02/27;1300 UTC;;;;;;;;;;;;;;;;;;
2026/02/27;1400 UTC;;;;;;;;;;;;;;;;;;
2026/02/27;1500 UTC;;;;;;;;;;;;;;;;;;
2026/02/27;1600 UTC;;;;;;;;;;;;;;;;;;
2026/02/27;1700 UTC;;;;;;;;;;;;;;;;;;
2026/02/27;1800 UTC;;;;;;;;;;;;;;;;;;
2026/02/27;1900 UTC;;;;;;;;;;;;;;;;;;
2026/02/27;2000 UTC;;;;;;;;;;;;;;;;;;
2026/02/27;2100 UTC;;;;;;;;;;;;;;;;;;
2026/02/27;2200 UTC;;;;;;;;;;;;;;;;;;
2026/02/27;2300 UTC;;;;;;;;;;;;;;;;;;
2026/02/28;0000 UTC;;;;;;;;;;;;;;;;;;
2026/02/28;0100 UTC;;;;;;;;;;;;;;;;;;
2026/02/28;0200 UTC;;;;;;;;;;;;;;;;;;
2026/02/28;0300 UTC;;;;;;;;;;;;;;;;;;
2026/02/28;0400 UTC;;;;;;;;;;;;;;;;;;
2026/02/28;0500 UTC;;;;;;;;;;;;;;;;;;
2026/02/28;0600 UTC;;;;;;;;;;;;;;;;;;
2026/02/28;0700 UTC;;;;;;;;;;;;;;;;;;
2026/02/28;0800 UTC;;;;;;;;;;;;;;;;;;
2026/02/28;0900 UTC;;;;;;;;;;;;;;;;;;
2026/02/28;1000 UTC;;;;;;;;;;;;;;;;;;
2026/02/28;1100 UTC;;;;;;;;;;;;;;;;;;
2026/02/28;1200 UTC;;;;;;;;;;;;;;;;;;
2026/02/28;1300 UTC;;;;;;;;;;;;;;;;;;
2026/02/28;1400 UTC;;;;;;;;;;;;;;;;;;
2026/02/28;1500 UTC;;;;;;;;;;;;;;;;;;
2026/02/28;1600 UTC;;;;;;;;;;;;;;;;;;
2026/02/28;1700 UTC;;;;;;;;;;;;;;;;;;
2026/02/28;1800 UTC;;;;;;;;;;;;;;;;;;
2026/02/28;1900 UTC;;;;;;;;;;;;;;;;;;
2026/02/28;2000 UTC;;;;;;;;;;;;;;;;;;
2026/02/28;2100 UTC;;;;;;;;;;;;;;;;;;
2026/02/28;2200 UTC;;;;;;;;;;;;;;;;;;
2026/02/28;2300 UTC;;;;;;;;;;;;;;;;;;
2026/03/01;0000 UTC;;;;;;;;;;;;;;;;;;
2026/03/01;0100 UTC;;;;;;;;;;;;;;;;;;
2026/03/01;0200 UTC;;;;;;;;;;;;;;;;;;
2026/03/01;0300 UTC;;;;;;;;;;;;;;;;;;
2026/03/01;0400 UTC;;;;;;;;;;;;;;;;;;
2026/03/01;0500 UTC;;;;;;;;;;;;;;;;;;
2026/03/01;0600 UTC;;;;;;;;;;;;;;;;;;
2026/03/01;0700 UTC;;;;;;;;;;;;;;;;;;
2026/03/01;0800 UTC;;;;;;;;;;;;;;;;;;
2026/03/01;0900 UTC;;;;;;;;;;;;;;;;;;
2026/03/01;1000 UTC;;;;;;;;;;;;;;;;;;
2026/03/01;1100 UTC;;;;;;;;;;;;;;;;;;
2026/03/01;1200 UTC;;;;;;;;;;;;;;;;;;
2026/03/01;1300 UTC;;;;;;;;;;;;;;;;;;
2026/03/01;1400 UTC;;;;;;;;;;;;;;;;;;
2026/03/01;1500 UTC;;;;;;;;;;;;;;;;;;
2026/03/01;1600 UTC;;;;;;;;;;;;;;;;;;
2026/03/01;1700 UTC;;;;;;;;;;;;;;;;;;
2026/03/01;1800 UTC;;;;;;;;;;;;;;;;;;
2026/03/01;1900 UTC;;;;;;;;;;;;;;;;;;
2026/03/01;2000 UTC;;;;;;;;;;;;;;;;;;
2026/03/01;2100 UTC;;;;;;;;;;;;;;;;;;
2026/03/01;2200 UTC;;;;;;;;;;;;;;;;;;
2026/03/01;2300 UTC;;;;;;;;;;;;;;;;;;
2026/03/02;0000 UTC;;;;;;;;;;;;;;;;;;
2026/03/02;0100 UTC;;;;;;;;;;;;;;;;;;
2026/03/02;0200 UTC;;;;;;;;;;;;;;;;;;
2026/03/02;0300 UTC;;;;;;;;;;;;;;;;;;
2026/03/02;0400 UTC;;;;;;;;;;;;;;;;;;
2026/03/02;0500 UTC;;;;;;;;;;;;;;;;;;
2026/03/02;0600 UTC;;;;;;;;;;;;;;;;;;
2026/03/02;0700 UTC;;;;;;;;;;;;;;;;;;
2026/03/02;0800 UTC;;;;;;;;;;;;;;;;;;
2026/03/02;0900 UTC;;;;;;;;;;;;;;;;;;
2026/03/02;1000 UTC;;;;;;;;;;;;;;;;;;
2026/03/02;1100 UTC;;;;;;;;;;;;;;;;;;
2026/03/02;1200 UTC;;;;;;;;;;;;;;;;;;
2026/03/02;1300 UTC;;;;;;;;;;;;;;;;;;
2026/03/02;1400 UTC;;;;;;;;;;;;;;;;;;
2026/03/02;1500 UTC;;;;;;;;;;;;;;;;;;
2026/03/02;1600 UTC;;;;;;;;;;;;;;;;;;
2026/03/02;1700 UTC;;;;;;;;;;;;;;;;;;
2026/03/02;1800 UTC;;;;;;;;;;;;;;;;;;
2026/03/02;1900 UTC;;;;;;;;;;;;;;;;;;
2026/03/02;2000 UTC;;;;;;;;;;;;;;;;;;
2026/03/02;2100 UTC;;;;;;;;;;;;;;;;;;
2026/03/02;2200 UTC;;;;;;;;;;;;;;;;;;
2026/03/02;2300 UTC;;;;;;;;;;;;;;;;;;
2026/03/03;0000 UTC;;;;;;;;;;;;;;;;;;
2026/03/03;0100 UTC;;;;;;;;;;;;;;;;;;
2026/03/03;0200 UTC;;;;;;;;;;;;;;;;;;
2026/03/03;0300 UTC;;;;;;;;;;;;;;;;;;
2026/03/03;0400 UTC;;;;;;;;;;;;;;;;;;
2026/03/03;0500 UTC;;;;;;;;;;;;;;;;;;
2026/03/03;0600 UTC;;;;;;;;;;;;;;;;;;
2026/03/03;0700 UTC;;;;;;;;;;;;;;;;;;
2026/03/03;0800 UTC;;;;;;;;;;;;;;;;;;
2026/03/03;0900 UTC;;;;;;;;;;;;;;;;;;
2026/03/03;1000 UTC;;;;;;;;;;;;;;;;;;
2026/03/03;1100 UTC;;;;;;;;;;;;;;;;;;
2026/03/03;1200 UTC;;;;;;;;;;;;;;;;;;
2026/03/03;1300 UTC;;;;;;;;;;;;;;;;;;
2026/03/03;1400 UTC;;;;;;;;;;;;;;;;;;
2026/03/03;1500 UTC;;;;;;;;;;;;;;;;;;
2026/03/03;1600 UTC;;;;;;;;;;;;;;;;;;
2026/03/03;1700 UTC;;;;;;;;;;;;;;;;;;
2026/03/03;1800 UTC;;;;;;;;;;;;;;;;;;
2026/03/03;1900 UTC;;;;;;;;;;;;;;;;;;
2026/03/03;2000 UTC;;;;;;;;;;;;;;;;;;
2026/03/03;2100 UTC;;;;;;;;;;;;;;;;;;
2026/03/03;2200 UTC;;;;;;;;;;;;;;;;;;
2026/03/03;2300 UTC;;;;;;;;;;;;;;;;;;
2026/03/04;0000 UTC;;;;;;;;;;;;;;;;;;
2026/03/04;0100 UTC;;;;;;;;;;;;;;;;;;
2026/03/04;0200 UTC;;;;;;;;;;;;;;;;;;
2026/03/04;0300 UTC;;;;;;;;;;;;;;;;;;
2026/03/04;0400 UTC;;;;;;;;;;;;;;;;;;
2026/03/04;0500 UTC;;;;;;;;;;;;;;;;;;
2026/03/04;0600 UTC;;;;;;;;;;;;;;;;;;
2026/03/04;0700 UTC;;;;;;;;;;;;;;;;;;
2026/03/04;0800 UTC;;;;;;;;;;;;;;;;;;
2026/03/04;0900 UTC;;;;;;;;;;;;;;;;;;
2026/03/04;1000 UTC;;;;;;;;;;;;;;;;;;
2026/03/04;1100 UTC;;;;;;;;;;;;;;;;;;
2026/03/04;1200 UTC;;;;;;;;;;;;;;;;;;
2026/03/04;1300 UTC;;;;;;;;;;;;;;;;;;
2026/03/04;1400 UTC;;;;;;;;;;;;;;;;;;
2026/03/04;1500 UTC;;;;;;;;;;;;;;;;;;
2026/03/04;1600 UTC;;;;;;;;;;;;;;;;;;
2026/03/04;1700 UTC;;;;;;;;;;;;;;;;;;
2026/03/04;1800 UTC;;;;;;;;;;;;;;;;;;
2026/03/04;1900 UTC;;;;;;;;;;;;;;;;;;
2026/03/04;2000 UTC;;;;;;;;;;;;;;;;;;
2026/03/04;2100 UTC;;;;;;;;;;;;;;;;;;
2026/03/04;2200 UTC;;;;;;;;;;;;;;;;;;
2026/03/04;2300 UTC;;;;;;;;;;;;;;;;;;
2026/03/05;0000 UTC;;;;;;;;;;;;;;;;;;
2026/03/05;0100 UTC;;;;;;;;;;;;;;;;;;
2026/03/05;0200 UTC;;;;;;;;;;;;;;;;;;
2026/03/05;0300 UTC;;;;;;;;;;;;;;;;;;
2026/03/05;0400 UTC;;;;;;;;;;;;;;;;;;
2026/03/05;0500 UTC;;;;;;;;;;;;;;;;;;
2026/03/05;0600 UTC;;;;;;;;;;;;;;;;;;
2026/03/05;0700 UTC;;;;;;;;;;;;;;;;;;
2026/03/05;0800 UTC;;;;;;;;;;;;;;;;;;
2026/03/05;0900 UTC;;;;;;;;;;;;;;;;;;
2026/03/05;1000 UTC;;;;;;;;;;;;;;;;;;
2026/03/05;1100 UTC;;;;;;;;;;;;;;;;;;
2026/03/05;1200 UTC;;;;;;;;;;;;;;;;;;
2026/03/05;1300 UTC;;;;;;;;;;;;;;;;;;
2026/03/05;1400 UTC;;;;;;;;;;;;;;;;;;
2026/03/05;1500 UTC;;;;;;;;;;;;;;;;;;
2026/03/05;1600 UTC;;;;;;;;;;;;;;;;;;
2026/03/05;1700 UTC;;;;;;;;;;;;;;;;;;
2026/03/05;1800 UTC;;;;;;;;;;;;;;;;;;
2026/03/05;1900 UTC;;;;;;;;;;;;;;;;;;
2026/03/05;2000 UTC;;;;;;;;;;;;;;;;;;
2026/03/05;2100 UTC;;;;;;;;;;;;;;;;;;
2026/03/05;2200 UTC;;;;;;;;;;;;;;;;;;
2026/03/05;2300 UTC;;;;;;;;;;;;;;;;;;
2026/03/06;0000 UTC;;;;;;;;;;;;;;;;;;
2026/03/06;0100 UTC;;;;;;;;;;;;;;;;;;
2026/03/06;0200 UTC;;;;;;;;;;;;;;;;;;
2026/03/06;0300 UTC;;;;;;;;;;;;;;;;;;
2026/03/06;0400 UTC;;;;;;;;;;;;;;;;;;
2026/03/06;0500 UTC;;;;;;;;;;;;;;;;;;
2026/03/06;0600 UTC;;;;;;;;;;;;;;;;;;
2026/03/06;0700 UTC;;;;;;;;;;;;;;;;;;
2026/03/06;0800 UTC;;;;;;;;;;;;;;;;;;
2026/03/06;0900 UTC;;;;;;;;;;;;;;;;;;
2026/03/06;1000 UTC;;;;;;;;;;;;;;;;;;
2026/03/06;1100 UTC;;;;;;;;;;;;;;;;;;
2026/03/06;1200 UTC;;;;;;;;;;;;;;;;;;
2026/03/06;1300 UTC;;;;;;;;;;;;;;;;;;
2026/03/06;1400 UTC;;;;;;;;;;;;;;;;;;
2026/03/06;1500 UTC;;;;;;;;;;;;;;;;;;
2026/03/06;1600 UTC;;;;;;;;;;;;;;;;;;
2026/03/06;1700 UTC;;;;;;;;;;;;;;;;;;
2026/03/06;1800 UTC;;;;;;;;;;;;;;;;;;
2026/03/06;1900 UTC;;;;;;;;;;;;;;;;;;
2026/03/06;2000 UTC;;;;;;;;;;;;;;;;;;
2026/03/06;2100 UTC;;;;;;;;;;;;;;;;;;
2026/03/06;2200 UTC;;;;;;;;;;;;;;;;;;
2026/03/06;2300 UTC;;;;;;;;;;;;;;;;;;
2026/03/07;0000 UTC;;;;;;;;;;;;;;;;;;
2026/03/07;0100 UTC;;;;;;;;;;;;;;;;;;
2026/03/07;0200 UTC;;;;;;;;;;;;;;;;;;
2026/03/07;0300 UTC;;;;;;;;;;;;;;;;;;
2026/03/07;0400 UTC;;;;;;;;;;;;;;;;;;
2026/03/07;0500 UTC;;;;;;;;;;;;;;;;;;
2026/03/07;0600 UTC;;;;;;;;;;;;;;;;;;
2026/03/07;0700 UTC;;;;;;;;;;;;;;;;;;
2026/03/07;0800 UTC;;;;;;;;;;;;;;;;;;
2026/03/07;0900 UTC;;;;;;;;;;;;;;;;;;
2026/03/07;1000 UTC;;;;;;;;;;;;;;;;;;
2026/03/07;1100 UTC;;;;;;;;;;;;;;;;;;
2026/03/07;1200 UTC;;;;;;;;;;;;;;;;;;
2026/03/07;1300 UTC;;;;;;;;;;;;;;;;;;
2026/03/07;1400 UTC;;;;;;;;;;;;;;;;;;
2026/03/07;1500 UTC;;;;;;;;;;;;;;;;;;
2026/03/07;1600 UTC;;;;;;;;;;;;;;;;;;
2026/03/07;1700 UTC;;;;;;;;;;;;;;;;;;
2026/03/07;1800 UTC;;;;;;;;;;;;;;;;;;
2026/03/07;1900 UTC;;;;;;;;;;;;;;;;;;
2026/03/07;2000 UTC;;;;;;;;;;;;;;;;;;
2026/03/07;2100 UTC;;;;;;;;;;;;;;;;;;
2026/03/07;2200 UTC;;;;;;;;;;;;;;;;;;
2026/03/07;2300 UTC;;;;;;;;;;;;;;;;;;
2026/03/08;0000 UTC;;;;;;;;;;;;;;;;;;
2026/03/08;0100 UTC;;;;;;;;;;;;;;;;;;
2026/03/08;0200 UTC;;;;;;;;;;;;;;;;;;
2026/03/08;0300 UTC;;;;;;;;;;;;;;;;;;
2026/03/08;0400 UTC;;;;;;;;;;;;;;;;;;
2026/03/08;0500 UTC;;;;;;;;;;;;;;;;;;
2026/03/08;0600 UTC;;;;;;;;;;;;;;;;;;
2026/03/08;0700 UTC;;;;;;;;;;;;;;;;;;
2026/03/08;0800 UTC;;;;;;;;;;;;;;;;;;
2026/03/08;0900 UTC;;;;;;;;;;;;;;;;;;
2026/03/08;1000 UTC;;;;;;;;;;;;;;;;;;
2026/03/08;1100 UTC;;;;;;;;;;;;;;;;;;
2026/03/08;1200 UTC;;;;;;;;;;;;;;;;;;
2026/03/08;1300 UTC;;;;;;;;;;;;;;;;;;
2026/03/08;1400 UTC;;;;;;;;;;;;;;;;;;
2026/03/08;1500 UTC;;;;;;;;;;;;;;;;;;
2026/03/08;1600 UTC;;;;;;;;;;;;;;;;;;
2026/03/08;1700 UTC;;;;;;;;;;;;;;;;;;
2026/03/08;1800 UTC;;;;;;;;;;;;;;;;;;
2026/03/08;1900 UTC;;;;;;;;;;;;;;;;;;
2026/03/08;2000 UTC;;;;;;;;;;;;;;;;;;
2026/03/08;2100 UTC;;;;;;;;;;;;;;;;;;
2026/03/08;2200 UTC;;;;;;;;;;;;;;;;;;
2026/03/08;2300 UTC;;;;;;;;;;;;;;;;;;
2026/03/09;0000 UTC;;;;;;;;;;;;;;;;;;
2026/03/09;0100 UTC;;;;;;;;;;;;;;;;;;
2026/03/09;0200 UTC;;;;;;;;;;;;;;;;;;
2026/03/09;0300 UTC;;;;;;;;;;;;;;;;;;
2026/03/09;0400 UTC;;;;;;;;;;;;;;;;;;
2026/03/09;0500 UTC;;;;;;;;;;;;;;;;;;
2026/03/09;0600 UTC;;;;;;;;;;;;;;;;;;
2026/03/09;0700 UTC;;;;;;;;;;;;;;;;;;
2026/03/09;0800 UTC;;;;;;;;;;;;;;;;;;
2026/03/09;0900 UTC;;;;;;;;;;;;;;;;;;
2026/03/09;1000 UTC;;;;;;;;;;;;;;;;;;
2026/03/09;1100 UTC;;;;;;;;;;;;;;;;;;
2026/03/09;1200 UTC;;;;;;;;;;;;;;;;;;
2026/03/09;1300 UTC;;;;;;;;;;;;;;;;;;
2026/03/09;1400 UTC;;;;;;;;;;;;;;;;;;
2026/03/09;1500 UTC;;;;;;;;;;;;;;;;;;
2026/03/09;1600 UTC;;;;;;;;;;;;;;;;;;
2026/03/09;1700 UTC;;;;;;;;;;;;;;;;;;
2026/03/09;1800 UTC;;;;;;;;;;;;;;;;;;
2026/03/09;1900 UTC;;;;;;;;;;;;;;;;;;
2026/03/09;2000 UTC;;;;;;;;;;;;;;;;;;
2026/03/09;2100 UTC;;;;;;;;;;;;;;;;;;
2026/03/09;2200 UTC;;;;;;;;;;;;;;;;;;
2026/03/09;2300 UTC;;;;;;;;;;;;;;;;;;
2026/03/10;0000 UTC;;;;;;;;;;;;;;;;;;
2026/03/10;0100 UTC;;;;;;;;;;;;;;;;;;
2026/03/10;0200 UTC;;;;;;;;;;;;;;;;;;
2026/03/10;0300 UTC;;;;;;;;;;;;;;;;;;
2026/03/10;0400 UTC;;;;;;;;;;;;;;;;;;
2026/03/10;0500 UTC;;;;;;;;;;;;;;;;;;
2026/03/10;0600 UTC;;;;;;;;;;;;;;;;;;
2026/03/10;0700 UTC;;;;;;;;;;;;;;;;;;
2026/03/10;0800 UTC;;;;;;;;;;;;;;;;;;
2026/03/10;0900 UTC;;;;;;;;;;;;;;;;;;
2026/03/10;1000 UTC;;;;;;;;;;;;;;;;;;
2026/03/10;1100 UTC;;;;;;;;;;;;;;;;;;
2026/03/10;1200 UTC;;;;;;;;;;;;;;;;;;
2026/03/10;1300 UTC;;;;;;;;;;;;;;;;;;
2026/03/10;1400 UTC;;;;;;;;;;;;;;;;;;
2026/03/10;1500 UTC;;;;;;;;;;;;;;;;;;
2026/03/10;1600 UTC;;;;;;;;;;;;;;;;;;
2026/03/10;1700 UTC;;;;;;;;;;;;;;;;;;
2026/03/10;1800 UTC;;;;;;;;;;;;;;;;;;
2026/03/10;1900 UTC;;;;;;;;;;;;;;;;;;
2026/03/10;2000 UTC;;;;;;;;;;;;;;;;;;
2026/03/10;2100 UTC;;;;;;;;;;;;;;;;;;
2026/03/10;2200 UTC;;;;;;;;;;;;;;;;;;
2026/03/10;2300 UTC;;;;;;;;;;;;;;;;;;
2026/03/11;0000 UTC;;;;;;;;;;;;;;;;;;
2026/03/11;0100 UTC;;;;;;;;;;;;;;;;;;
2026/03/11;0200 UTC;;;;;;;;;;;;;;;;;;
2026/03/11;0300 UTC;;;;;;;;;;;;;;;;;;
2026/03/11;0400 UTC;;;;;;;;;;;;;;;;;;
2026/03/11;0500 UTC;;;;;;;;;;;;;;;;;;
2026/03/11;0600 UTC;;;;;;;;;;;;;;;;;;
2026/03/11;0700 UTC;;;;;;;;;;;;;;;;;;
2026/03/11;0800 UTC;;;;;;;;;;;;;;;;;;
2026/03/11;0900 UTC;;;;;;;;;;;;;;;;;;
2026/03/11;1000 UTC;;;;;;;;;;;;;;;;;;
2026/03/11;1100 UTC;;;;;;;;;;;;;;;;;;
2026/03/11;1200 UTC;;;;;;;;;;;;;;;;;;
2026/03/11;1300 UTC;;;;;;;;;;;;;;;;;;
2026/03/11;1400 UTC;;;;;;;;;;;;;;;;;;
2026/03/11;1500 UTC;;;;;;;;;;;;;;;;;;
2026/03/11;1600 UTC;;;;;;;;;;;;;;;;;;
2026/03/11;1700 UTC;;;;;;;;;;;;;;;;;;
2026/03/11;1800 UTC;;;;;;;;;;;;;;;;;;
2026/03/11;1900 UTC;;;;;;;;;;;;;;;;;;
2026/03/11;2000 UTC;;;;;;;;;;;;;;;;;;
2026/03/11;2100 UTC;;;;;;;;;;;;;;;;;;
2026/03/11;2200 UTC;;;;;;;;;;;;;;;;;;
2026/03/11;2300 UTC;;;;;;;;;;;;;;;;;;
2026/03/12;0000 UTC;;;;;;;;;;;;;;;;;;
2026/03/12;0100 UTC;;;;;;;;;;;;;;;;;;
2026/03/12;0200 UTC;;;;;;;;;;;;;;;;;;
2026/03/12;0300 UTC;;;;;;;;;;;;;;;;;;
2026/03/12;0400 UTC;;;;;;;;;;;;;;;;;;
2026/03/12;0500 UTC;;;;;;;;;;;;;;;;;;
2026/03/12;0600 UTC;;;;;;;;;;;;;;;;;;
2026/03/12;0700 UTC;;;;;;;;;;;;;;;;;;
2026/03/12;0800 UTC;;;;;;;;;;;;;;;;;;
2026/03/12;0900 UTC;;;;;;;;;;;;;;;;;;
2026/03/12;1000 UTC;;;;;;;;;;;;;;;;;;
2026/03/12;1100 UTC;;;;;;;;;;;;;;;;;;
2026/03/12;1200 UTC;;;;;;;;;;;;;;;;;;
2026/03/12;1300 UTC;;;;;;;;;;;;;;;;;;
2026/03/12;1400 UTC;;;;;;;;;;;;;;;;;;
2026/03/12;1500 UTC;;;;;;;;;;;;;;;;;;
2026/03/12;1600 UTC;;;;;;;;;;;;;;;;;;
2026/03/12;1700 UTC;;;;;;;;;;;;;;;;;;
2026/03/12;1800 UTC;;;;;;;;;;;;;;;;;;
2026/03/12;1900 UTC;;;;;;;;;;;;;;;;;;
2026/03/12;2000 UTC;;;;;;;;;;;;;;;;;;
2026/03/12;2100 UTC;;;;;;;;;;;;;;;;;;
2026/03/12;2200 UTC;;;;;;;;;;;;;;;;;;
2026/03/12;2300 UTC;;;;;;;;;;;;;;;;;;
2026/03/13;0000 UTC;;;;;;;;;;;;;;;;;;
2026/03/13;0100 UTC;;;;;;;;;;;;;;;;;;
2026/03/13;0200 UTC;;;;;;;;;;;;;;;;;;
2026/03/13;0300 UTC;;;;;;;;;;;;;;;;;;
2026/03/13;0400 UTC;;;;;;;;;;;;;;;;;;
2026/03/13;0500 UTC;;;;;;;;;;;;;;;;;;
2026/03/13;0600 UTC;;;;;;;;;;;;;;;;;;
2026/03/13;0700 UTC;;;;;;;;;;;;;;;;;;
2026/03/13;0800 UTC;;;;;;;;;;;;;;;;;;
2026/03/13;0900 UTC;;;;;;;;;;;;;;;;;;
2026/03/13;1000 UTC;;;;;;;;;;;;;;;;;;
2026/03/13;1100 UTC;;;;;;;;;;;;;;;;;;
2026/03/13;1200 UTC;;;;;;;;;;;;;;;;;;
2026/03/13;1300 UTC;;;;;;;;;;;;;;;;;;
2026/03/13;1400 UTC;;;;;;;;;;;;;;;;;;
2026/03/13;1500 UTC;;;;;;;;;;;;;;;;;;
2026/03/13;1600 UTC;;;;;;;;;;;;;;;;;;
2026/03/13;1700 UTC;;;;;;;;;;;;;;;;;;
2026/03/13;1800 UTC;;;;;;;;;;;;;;;;;;
2026/03/13;1900 UTC;;;;;;;;;;;;;;;;;;
2026/03/13;2000 UTC;;;;;;;;;;;;;;;;;;
2026/03/13;2100 UTC;;;;;;;;;;;;;;;;;;
2026/03/13;2200 UTC;;;;;;;;;;;;;;;;;;
2026/03/13;2300 UTC;;;;;;;;;;;;;;;;;;
2026/03/14;0000 UTC;;;;;;;;;;;;;;;;;;
2026/03/14;0100 UTC;;;;;;;;;;;;;;;;;;
2026/03/14;0200 UTC;;;;;;;;;;;;;;;;;;
2026/03/14;0300 UTC;;;;;;;;;;;;;;;;;;
2026/03/14;0400 UTC;;;;;;;;;;;;;;;;;;
2026/03/14;0500 UTC;;;;;;;;;;;;;;;;;;
2026/03/14;0600 UTC;;;;;;;;;;;;;;;;;;
2026/03/14;0700 UTC;;;;;;;;;;;;;;;;;;
2026/03/14;0800 UTC;;;;;;;;;;;;;;;;;;
2026/03/14;0900 UTC;;;;;;;;;;;;;;;;;;
2026/03/14;1000 UTC;;;;;;;;;;;;;;;;;;
2026/03/14;1100 UTC;;;;;;;;;;;;;;;;;;
2026/03/14;1200 UTC;;;;;;;;;;;;;;;;;;
2026/03/14;1300 UTC;;;;;;;;;;;;;;;;;;
2026/03/14;1400 UTC;;;;;;;;;;;;;;;;;;
2026/03/14;1500 UTC;;;;;;;;;;;;;;;;;;
2026/03/14;1600 UTC;;;;;;;;;;;;;;;;;;
2026/03/14;1700 UTC;;;;;;;;;;;;;;;;;;
2026/03/14;1800 UTC;;;;;;;;;;;;;;;;;;
2026/03/14;1900 UTC;;;;;;;;;;;;;;;;;;
2026/03/14;2000 UTC;;;;;;;;;;;;;;;;;;
2026/03/14;2100 UTC;;;;;;;;;;;;;;;;;;
2026/03/14;2200 UTC;;;;;;;;;;;;;;;;;;
2026/03/14;2300 UTC;;;;;;;;;;;;;;;;;;
2026/03/15;0000 UTC;;;;;;;;;;;;;;;;;;
2026/03/15;0100 UTC;;;;;;;;;;;;;;;;;;
2026/03/15;0200 UTC;;;;;;;;;;;;;;;;;;
2026/03/15;0300 UTC;;;;;;;;;;;;;;;;;;
2026/03/15;0400 UTC;;;;;;;;;;;;;;;;;;
2026/03/15;0500 UTC;;;;;;;;;;;;;;;;;;
2026/03/15;0600 UTC;;;;;;;;;;;;;;;;;;
2026/03/15;0700 UTC;;;;;;;;;;;;;;;;;;
2026/03/15;0800 UTC;;;;;;;;;;;;;;;;;;
2026/03/15;0900 UTC;;;;;;;;;;;;;;;;;;
2026/03/15;1000 UTC;;;;;;;;;;;;;;;;;;
2026/03/15;1100 UTC;;;;;;;;;;;;;;;;;;
2026/03/15;1200 UTC;;;;;;;;;;;;;;;;;;
2026/03/15;1300 UTC;;;;;;;;;;;;;;;;;;
2026/03/15;1400 UTC;;;;;;;;;;;;;;;;;;
2026/03/15;1500 UTC;;;;;;;;;;;;;;;;;;
2026/03/15;1600 UTC;;;;;;;;;;;;;;;;;;
2026/03/15;1700 UTC;;;;;;;;;;;;;;;;;;
2026/03/15;1800 UTC;;;;;;;;;;;;;;;;;;
2026/03/15;1900 UTC;;;;;;;;;;;;;;;;;;
2026/03/15;2000 UTC;;;;;;;;;;;;;;;;;;
2026/03/15;2100 UTC;;;;;;;;;;;;;;;;;;
2026/03/15;2200 UTC;;;;;;;;;;;;;;;;;;
2026/03/15;2300 UTC;;;;;;;;;;;;;;;;;;
2026/03/16;0000 UTC;;;;;;;;;;;;;;;;;;
2026/03/16;0100 UTC;;;;;;;;;;;;;;;;;;
2026/03/16;0200 UTC;;;;;;;;;;;;;;;;;;
2026/03/16;0300 UTC;;;;;;;;;;;;;;;;;;
2026/03/16;0400 UTC;;;;;;;;;;;;;;;;;;
2026/03/16;0500 UTC;;;;;;;;;;;;;;;;;;
2026/03/16;0600 UTC;;;;;;;;;;;;;;;;;;
2026/03/16;0700 UTC;;;;;;;;;;;;;;;;;;
2026/03/16;0800 UTC;;;;;;;;;;;;;;;;;;
2026/03/16;0900 UTC;;;;;;;;;;;;;;;;;;
2026/03/16;1000 UTC;;;;;;;;;;;;;;;;;;
2026/03/16;1100 UTC;;;;;;;;;;;;;;;;;;
2026/03/16;1200 UTC;;;;;;;;;;;;;;;;;;
2026/03/16;1300 UTC;;;;;;;;;;;;;;;;;;
2026/03/16;1400 UTC;;;;;;;;;;;;;;;;;;
2026/03/16;1500 UTC;;;;;;;;;;;;;;;;;;
2026/03/16;1600 UTC;;;;;;;;;;;;;;;;;;
2026/03/16;1700 UTC;;;;;;;;;;;;;;;;;;
2026/03/16;1800 UTC;;;;;;;;;;;;;;;;;;
2026/03/16;1900 UTC;;;;;;;;;;;;;;;;;;
2026/03/16;2000 UTC;;;;;;;;;;;;;;;;;;
2026/03/16;2100 UTC;;;;;;;;;;;;;;;;;;
2026/03/16;2200 UTC;;;;;;;;;;;;;;;;;;
2026/03/16;2300 UTC;;;;;;;;;;;;;;;;;;
2026/03/17;0000 UTC;;;;;;;;;;;;;;;;;;
2026/03/17;0100 UTC;;;;;;;;;;;;;;;;;;
2026/03/17;0200 UTC;;;;;;;;;;;;;;;;;;
2026/03/17;0300 UTC;;;;;;;;;;;;;;;;;;
2026/03/17;0400 UTC;;;;;;;;;;;;;;;;;;
2026/03/17;0500 UTC;;;;;;;;;;;;;;;;;;
2026/03/17;0600 UTC;;;;;;;;;;;;;;;;;;
2026/03/17;0700 UTC;;;;;;;;;;;;;;;;;;
2026/03/17;0800 UTC;;;;;;;;;;;;;;;;;;
2026/03/17;0900 UTC;;;;;;;;;;;;;;;;;;
2026/03/17;1000 UTC;;;;;;;;;;;;;;;;;;
2026/03/17;1100 UTC;;;;;;;;;;;;;;;;;;
2026/03/17;1200 UTC;;;;;;;;;;;;;;;;;;
2026/03/17;1300 UTC;;;;;;;;;;;;;;;;;;
2026/03/17;1400 UTC;;;;;;;;;;;;;;;;;;
2026/03/17;1500 UTC;;;;;;;;;;;;;;;;;;
2026/03/17;1600 UTC;;;;;;;;;;;;;;;;;;
2026/03/17;1700 UTC;;;;;;;;;;;;;;;;;;
2026/03/17;1800 UTC;;;;;;;;;;;;;;;;;;
2026/03/17;1900 UTC;;;;;;;;;;;;;;;;;;
2026/03/17;2000 UTC;;;;;;;;;;;;;;;;;;
2026/03/17;2100 UTC;;;;;;;;;;;;;;;;;;
2026/03/17;2200 UTC;;;;;;;;;;;;;;;;;;
2026/03/17;2300 UTC;;;;;;;;;;;;;;;;;;
2026/03/18;0000 UTC;;;;;;;;;;;;;;;;;;
2026/03/18;0100 UTC;;;;;;;;;;;;;;;;;;
2026/03/18;0200 UTC;;;;;;;;;;;;;;;;;;
2026/03/18;0300 UTC;;;;;;;;;;;;;;;;;;
2026/03/18;0400 UTC;;;;;;;;;;;;;;;;;;
2026/03/18;0500 UTC;;;;;;;;;;;;;;;;;;
2026/03/18;0600 UTC;;;;;;;;;;;;;;;;;;
2026/03/18;0700 UTC;;;;;;;;;;;;;;;;;;
2026/03/18;0800 UTC;;;;;;;;;;;;;;;;;;
2026/03/18;0900 UTC;;;;;;;;;;;;;;;;;;
2026/03/18;1000 UTC;;;;;;;;;;;;;;;;;;
2026/03/18;1100 UTC;;;;;;;;;;;;;;;;;;
2026/03/18;1200 UTC;;;;;;;;;;;;;;;;;;
2026/03/18;1300 UTC;;;;;;;;;;;;;;;;;;
2026/03/18;1400 UTC;;;;;;;;;;;;;;;;;;
2026/03/18;1500 UTC;;;;;;;;;;;;;;;;;;
2026/03/18;1600 UTC;;;;;;;;;;;;;;;;;;
2026/03/18;1700 UTC;;;;;;;;;;;;;;;;;;
2026/03/18;1800 UTC;;;;;;;;;;;;;;;;;;
2026/03/18;1900 UTC;;;;;;;;;;;;;;;;;;
2026/03/18;2000 UTC;;;;;;;;;;;;;;;;;;
2026/03/18;2100 UTC;;;;;;;;;;;;;;;;;;
2026/03/18;2200 UTC;;;;;;;;;;;;;;;;;;
2026/03/18;2300 UTC;;;;;;;;;;;;;;;;;;
2026/03/19;0000 UTC;;;;;;;;;;;;;;;;;;
2026/03/19;0100 UTC;;;;;;;;;;;;;;;;;;
2026/03/19;0200 UTC;;;;;;;;;;;;;;;;;;
2026/03/19;0300 UTC;;;;;;;;;;;;;;;;;;
2026/03/19;0400 UTC;;;;;;;;;;;;;;;;;;
2026/03/19;0500 UTC;;;;;;;;;;;;;;;;;;
2026/03/19;0600 UTC;;;;;;;;;;;;;;;;;;
2026/03/19;0700 UTC;;;;;;;;;;;;;;;;;;
2026/03/19;0800 UTC;;;;;;;;;;;;;;;;;;
2026/03/19;0900 UTC;;;;;;;;;;;;;;;;;;
2026/03/19;1000 UTC;;;;;;;;;;;;;;;;;;
2026/03/19;1100 UTC;;;;;;;;;;;;;;;;;;
2026/03/19;1200 UTC;;;;;;;;;;;;;;;;;;
2026/03/19;1300 UTC;;;;;;;;;;;;;;;;;;
2026/03/19;1400 UTC;;;;;;;;;;;;;;;;;;
2026/03/19;1500 UTC;;;;;;;;;;;;;;;;;;
2026/03/19;1600 UTC;;;;;;;;;;;;;;;;;;
2026/03/19;1700 UTC;;;;;;;;;;;;;;;;;;
2026/03/19;1800 UTC;;;;;;;;;;;;;;;;;;
2026/03/19;1900 UTC;;;;;;;;;;;;;;;;;;
2026/03/19;2000 UTC;;;;;;;;;;;;;;;;;;
2026/03/19;2100 UTC;;;;;;;;;;;;;;;;;;
2026/03/19;2200 UTC;;;;;;;;;;;;;;;;;;
2026/03/19;2300 UTC;;;;;;;;;;;;;;;;;;
2026/03/20;0000 UTC;;;;;;;;;;;;;;;;;;
2026/03/20;0100 UTC;;;;;;;;;;;;;;;;;;
2026/03/20;0200 UTC;;;;;;;;;;;;;;;;;;
2026/03/20;0300 UTC;;;;;;;;;;;;;;;;;;
2026/03/20;0400 UTC;;;;;;;;;;;;;;;;;;
2026/03/20;0500 UTC;;;;;;;;;;;;;;;;;;
2026/03/20;0600 UTC;;;;;;;;;;;;;;;;;;
2026/03/20;0700 UTC;;;;;;;;;;;;;;;;;;
2026/03/20;0800 UTC;;;;;;;;;;;;;;;;;;
2026/03/20;0900 UTC;;;;;;;;;;;;;;;;;;
2026/03/20;1000 UTC;;;;;;;;;;;;;;;;;;
2026/03/20;1100 UTC;;;;;;;;;;;;;;;;;;
2026/03/20;1200 UTC;;;;;;;;;;;;;;;;;;
2026/03/20;1300 UTC;;;;;;;;;;;;;;;;;;
2026/03/20;1400 UTC;;;;;;;;;;;;;;;;;;
2026/03/20;1500 UTC;;;;;;;;;;;;;;;;;;
2026/03/20;1600 UTC;;;;;;;;;;;;;;;;;;
2026/03/20;1700 UTC;;;;;;;;;;;;;;;;;;
2026/03/20;1800 UTC;;;;;;;;;;;;;;;;;;
2026/03/20;1900 UTC;;;;;;;;;;;;;;;;;;
2026/03/20;2000 UTC;;;;;;;;;;;;;;;;;;
2026/03/20;2100 UTC;;;;;;;;;;;;;;;;;;
2026/03/20;2200 UTC;;;;;;;;;;;;;;;;;;
2026/03/20;2300 UTC;;;;;;;;;;;;;;;;;;
2026/03/21;0000 UTC;;;;;;;;;;;;;;;;;;
2026/03/21;0100 UTC;;;;;;;;;;;;;;;;;;
2026/03/21;0200 UTC;;;;;;;;;;;;;;;;;;
2026/03/21;0300 UTC;;;;;;;;;;;;;;;;;;
2026/03/21;0400 UTC;;;;;;;;;;;;;;;;;;
2026/03/21;0500 UTC;;;;;;;;;;;;;;;;;;
2026/03/21;0600 UTC;;;;;;;;;;;;;;;;;;
2026/03/21;0700 UTC;;;;;;;;;;;;;;;;;;
2026/03/21;0800 UTC;;;;;;;;;;;;;;;;;;
2026/03/21;0900 UTC;;;;;;;;;;;;;;;;;;
2026/03/21;1000 UTC;;;;;;;;;;;;;;;;;;
2026/03/21;1100 UTC;;;;;;;;;;;;;;;;;;
2026/03/21;1200 UTC;;;;;;;;;;;;;;;;;;
2026/03/21;1300 UTC;;;;;;;;;;;;;;;;;;
2026/03/21;1400 UTC;;;;;;;;;;;;;;;;;;
2026/03/21;1500 UTC;;;;;;;;;;;;;;;;;;
2026/03/21;1600 UTC;;;;;;;;;;;;;;;;;;
2026/03/21;1700 UTC;;;;;;;;;;;;;;;;;;
2026/03/21;1800 UTC;;;;;;;;;;;;;;;;;;
2026/03/21;1900 UTC;;;;;;;;;;;;;;;;;;
2026/03/21;2000 UTC;;;;;;;;;;;;;;;;;;
2026/03/21;2100 UTC;;;;;;;;;;;;;;;;;;
2026/03/21;2200 UTC;;;;;;;;;;;;;;;;;;
2026/03/21;2300 UTC;;;;;;;;;;;;;;;;;;
2026/03/22;0000 UTC;;;;;;;;;;;;;;;;;;
2026/03/22;0100 UTC;;;;;;;;;;;;;;;;;;
2026/03/22;0200 UTC;;;;;;;;;;;;;;;;;;
2026/03/22;0300 UTC;;;;;;;;;;;;;;;;;;
2026/03/22;0400 UTC;;;;;;;;;;;;;;;;;;
2026/03/22;0500 UTC;;;;;;;;;;;;;;;;;;
2026/03/22;0600 UTC;;;;;;;;;;;;;;;;;;
2026/03/22;0700 UTC;;;;;;;;;;;;;;;;;;
2026/03/22;0800 UTC;;;;;;;;;;;;;;;;;;
2026/03/22;0900 UTC;;;;;;;;;;;;;;;;;;
2026/03/22;1000 UTC;;;;;;;;;;;;;;;;;;
2026/03/22;1100 UTC;;;;;;;;;;;;;;;;;;
2026/03/22;1200 UTC;;;;;;;;;;;;;;;;;;
2026/03/22;1300 UTC;;;;;;;;;;;;;;;;;;
2026/03/22;1400 UTC;;;;;;;;;;;;;;;;;;
2026/03/22;1500 UTC;;;;;;;;;;;;;;;;;;
2026/03/22;1600 UTC;;;;;;;;;;;;;;;;;;
2026/03/22;1700 UTC;;;;;;;;;;;;;;;;;;
2026/03/22;1800 UTC;;;;;;;;;;;;;;;;;;
2026/03/22;1900 UTC;;;;;;;;;;;;;;;;;;
2026/03/22;2000 UTC;;;;;;;;;;;;;;;;;;
2026/03/22;2100 UTC;;;;;;;;;;;;;;;;;;
2026/03/22;2200 UTC;;;;;;;;;;;;;;;;;;
2026/03/22;2300 UTC;;;;;;;;;;;;;;;;;;
2026/03/23;0000 UTC;;;;;;;;;;;;;;;;;;
2026/03/23;0100 UTC;;;;;;;;;;;;;;;;;;
2026/03/23;0200 UTC;;;;;;;;;;;;;;;;;;
2026/03/23;0300 UTC;;;;;;;;;;;;;;;;;;
2026/03/23;0400 UTC;;;;;;;;;;;;;;;;;;
2026/03/23;0500 UTC;;;;;;;;;;;;;;;;;;
2026/03/23;0600 UTC;;;;;;;;;;;;;;;;;;
2026/03/23;0700 UTC;;;;;;;;;;;;;;;;;;
2026/03/23;0800 UTC;;;;;;;;;;;;;;;;;;
2026/03/23;0900 UTC;;;;;;;;;;;;;;;;;;
2026/03/23;1000 UTC;;;;;;;;;;;;;;;;;;
2026/03/23;1100 UTC;;;;;;;;;;;;;;;;;;
2026/03/23;1200 UTC;;;;;;;;;;;;;;;;;;
2026/03/23;1300 UTC;;;;;;;;;;;;;;;;;;
2026/03/23;1400 UTC;;;;;;;;;;;;;;;;;;
2026/03/23;1500 UTC;;;;;;;;;;;;;;;;;;
2026/03/23;1600 UTC;;;;;;;;;;;;;;;;;;
2026/03/23;1700 UTC;;;;;;;;;;;;;;;;;;
2026/03/23;1800 UTC;;;;;;;;;;;;;;;;;;
2026/03/23;1900 UTC;;;;;;;;;;;;;;;;;;
2026/03/23;2000 UTC;;;;;;;;;;;;;;;;;;
2026/03/23;2100 UTC;;;;;;;;;;;;;;;;;;
2026/03/23;2200 UTC;;;;;;;;;;;;;;;;;;
2026/03/23;2300 UTC;;;;;;;;;;;;;;;;;;
2026/03/24;0000 UTC;;;;;;;;;;;;;;;;;;
2026/03/24;0100 UTC;;;;;;;;;;;;;;;;;;
2026/03/24;0200 UTC;;;;;;;;;;;;;;;;;;
2026/03/24;0300 UTC;;;;;;;;;;;;;;;;;;
2026/03/24;0400 UTC;;;;;;;;;;;;;;;;;;
2026/03/24;0500 UTC;;;;;;;;;;;;;;;;;;
2026/03/24;0600 UTC;;;;;;;;;;;;;;;;;;
2026/03/24;0700 UTC;;;;;;;;;;;;;;;;;;
2026/03/24;0800 UTC;;;;;;;;;;;;;;;;;;
2026/03/24;0900 UTC;;;;;;;;;;;;;;;;;;
2026/03/24;1000 UTC;;;;;;;;;;;;;;;;;;
2026/03/24;1100 UTC;;;;;;;;;;;;;;;;;;
2026/03/24;1200 UTC;;;;;;;;;;;;;;;;;;
2026/03/24;1300 UTC;;;;;;;;;;;;;;;;;;
2026/03/24;1400 UTC;;;;;;;;;;;;;;;;;;
2026/03/24;1500 UTC;;;;;;;;;;;;;;;;;;
2026/03/24;1600 UTC;;;;;;;;;;;;;;;;;;
2026/03/24;1700 UTC;;;;;;;;;;;;;;;;;;
2026/03/24;1800 UTC;;;;;;;;;;;;;;;;;;
2026/03/24;1900 UTC;;;;;;;;;;;;;;;;;;
2026/03/24;2000 UTC;;;;;;;;;;;;;;;;;;
2026/03/24;2100 UTC;;;;;;;;;;;;;;;;;;
2026/03/24;2200 UTC;;;;;;;;;;;;;;;;;;
2026/03/24;2300 UTC;;;;;;;;;;;;;;;;;;
2026/03/25;0000 UTC;;;;;;;;;;;;;;;;;;
2026/03/25;0100 UTC;;;;;;;;;;;;;;;;;;
2026/03/25;0200 UTC;;;;;;;;;;;;;;;;;;
2026/03/25;0300 UTC;;;;;;;;;;;;;;;;;;
2026/03/25;0400 UTC;;;;;;;;;;;;;;;;;;
2026/03/25;0500 UTC;;;;;;;;;;;;;;;;;;
2026/03/25;0600 UTC;;;;;;;;;;;;;;;;;;
2026/03/25;0700 UTC;;;;;;;;;;;;;;;;;;
2026/03/25;0800 UTC;;;;;;;;;;;;;;;;;;
2026/03/25;0900 UTC;;;;;;;;;;;;;;;;;;
2026/03/25;1000 UTC;;;;;;;;;;;;;;;;;;
2026/03/25;1100 UTC;;;;;;;;;;;;;;;;;;
2026/03/25;1200 UTC;;;;;;;;;;;;;;;;;;
2026/03/25;1300 UTC;;;;;;;;;;;;;;;;;;
2026/03/25;1400 UTC;;;;;;;;;;;;;;;;;;
2026/03/25;1500 UTC;;;;;;;;;;;;;;;;;;
2026/03/25;1600 UTC;;;;;;;;;;;;;;;;;;
2026/03/25;1700 UTC;;;;;;;;;;;;;;;;;;
2026/03/25;1800 UTC;;;;;;;;;;;;;;;;;;
2026/03/25;1900 UTC;;;;;;;;;;;;;;;;;;
2026/03/25;2000 UTC;;;;;;;;;;;;;;;;;;
2026/03/25;2100 UTC;;;;;;;;;;;;;;;;;;
2026/03/25;2200 UTC;;;;;;;;;;;;;;;;;;
2026/03/25;2300 UTC;;;;;;;;;;;;;;;;;;
2026/03/26;0000 UTC;;;;;;;;;;;;;;;;;;
2026/03/26;0100 UTC;;;;;;;;;;;;;;;;;;
2026/03/26;0200 UTC;;;;;;;;;;;;;;;;;;
2026/03/26;0300 UTC;;;;;;;;;;;;;;;;;;
2026/03/26;0400 UTC;;;;;;;;;;;;;;;;;;
2026/03/26;0500 UTC;;;;;;;;;;;;;;;;;;
2026/03/26;0600 UTC;;;;;;;;;;;;;;;;;;
2026/03/26;0700 UTC;;;;;;;;;;;;;;;;;;
2026/03/26;0800 UTC;;;;;;;;;;;;;;;;;;
2026/03/26;0900 UTC;;;;;;;;;;;;;;;;;;
2026/03/26;1000 UTC;;;;;;;;;;;;;;;;;;
2026/03/26;1100 UTC;;;;;;;;;;;;;;;;;;
2026/03/26;1200 UTC;;;;;;;;;;;;;;;;;;
2026/03/26;1300 UTC;;;;;;;;;;;;;;;;;;
2026/03/26;1400 UTC;;;;;;;;;;;;;;;;;;
2026/03/26;1500 UTC;;;;;;;;;;;;;;;;;;
2026/03/26;1600 UTC;;;;;;;;;;;;;;;;;;
2026/03/26;1700 UTC;;;;;;;;;;;;;;;;;;
2026/03/26;1800 UTC;;;;;;;;;;;;;;;;;;
2026/03/26;1900 UTC;;;;;;;;;;;;;;;;;;
2026/03/26;2000 UTC;;;;;;;;;;;;;;;;;;
2026/03/26;2100 UTC;;;;;;;;;;;;;;;;;;
2026/03/26;2200 UTC;;;;;;;;;;;;;;;;;;
2026/03/26;2300 UTC;;;;;;;;;;;;;;;;;;
2026/03/27;0000 UTC;;;;;;;;;;;;;;;;;;
2026/03/27;0100 UTC;;;;;;;;;;;;;;;;;;
2026/03/27;0200 UTC;;;;;;;;;;;;;;;;;;
2026/03/27;0300 UTC;;;;;;;;;;;;;;;;;;
2026/03/27;0400 UTC;;;;;;;;;;;;;;;;;;
2026/03/27;0500 UTC;;;;;;;;;;;;;;;;;;
2026/03/27;0600 UTC;;;;;;;;;;;;;;;;;;
2026/03/27;0700 UTC;;;;;;;;;;;;;;;;;;
2026/03/27;0800 UTC;;;;;;;;;;;;;;;;;;
2026/03/27;0900 UTC;;;;;;;;;;;;;;;;;;
2026/03/27;1000 UTC;;;;;;;;;;;;;;;;;;
2026/03/27;1100 UTC;;;;;;;;;;;;;;;;;;
2026/03/27;1200 UTC;;;;;;;;;;;;;;;;;;
2026/03/27;1300 UTC;;;;;;;;;;;;;;;;;;
2026/03/27;1400 UTC;;;;;;;;;;;;;;;;;;
2026/03/27;1500 UTC;;;;;;;;;;;;;;;;;;
2026/03/27;1600 UTC;;;;;;;;;;;;;;;;;;
2026/03/27;1700 UTC;;;;;;;;;;;;;;;;;;
2026/03/27;1800 UTC;;;;;;;;;;;;;;;;;;
2026/03/27;1900 UTC;;;;;;;;;;;;;;;;;;
2026/03/27;2000 UTC;;;;;;;;;;;;;;;;;;
2026/03/27;2100 UTC;;;;;;;;;;;;;;;;;;
2026/03/27;2200 UTC;;;;;;;;;;;;;;;;;;
2026/03/27;2300 UTC;;;;;;;;;;;;;;;;;;
2026/03/28;0000 UTC;;;;;;;;;;;;;;;;;;
2026/03/28;0100 UTC;;;;;;;;;;;;;;;;;;
2026/03/28;0200 UTC;;;;;;;;;;;;;;;;;;
2026/03/28;0300 UTC;;;;;;;;;;;;;;;;;;
2026/03/28;0400 UTC;;;;;;;;;;;;;;;;;;
2026/03/28;0500 UTC;;;;;;;;;;;;;;;;;;
2026/03/28;0600 UTC;;;;;;;;;;;;;;;;;;
2026/03/28;0700 UTC;;;;;;;;;;;;;;;;;;
2026/03/28;0800 UTC;;;;;;;;;;;;;;;;;;
2026/03/28;0900 UTC;;;;;;;;;;;;;;;;;;
2026/03/28;1000 UTC;;;;;;;;;;;;;;;;;;
2026/03/28;1100 UTC;;;;;;;;;;;;;;;;;;
2026/03/28;1200 UTC;;;;;;;;;;;;;;;;;;
2026/03/28;1300 UTC;;;;;;;;;;;;;;;;;;
2026/03/28;1400 UTC;;;;;;;;;;;;;;;;;;
2026/03/28;1500 UTC;;;;;;;;;;;;;;;;;;
2026/03/28;1600 UTC;;;;;;;;;;;;;;;;;;
2026/03/28;1700 UTC;;;;;;;;;;;;;;;;;;
2026/03/28;1800 UTC;;;;;;;;;;;;;;;;;;
2026/03/28;1900 UTC;;;;;;;;;;;;;;;;;;
2026/03/28;2000 UTC;;;;;;;;;;;;;;;;;;
2026/03/28;2100 UTC;;;;;;;;;;;;;;;;;;
2026/03/28;2200 UTC;;;;;;;;;;;;;;;;;;
2026/03/28;2300 UTC;;;;;;;;;;;;;;;;;;
2026/03/29;0000 UTC;;;;;;;;;;;;;;;;;;
2026/03/29;0100 UTC;;;;;;;;;;;;;;;;;;
2026/03/29;0200 UTC;;;;;;;;;;;;;;;;;;
2026/03/29;0300 UTC;;;;;;;;;;;;;;;;;;
2026/03/29;0400 UTC;;;;;;;;;;;;;;;;;;
2026/03/29;0500 UTC;;;;;;;;;;;;;;;;;;
2026/03/29;0600 UTC;;;;;;;;;;;;;;;;;;
2026/03/29;0700 UTC;;;;;;;;;;;;;;;;;;
2026/03/29;0800 UTC;;;;;;;;;;;;;;;;;;
2026/03/29;0900 UTC;;;;;;;;;;;;;;;;;;
2026/03/29;1000 UTC;;;;;;;;;;;;;;;;;;
2026/03/29;1100 UTC;;;;;;;;;;;;;;;;;;
2026/03/29;1200 UTC;;;;;;;;;;;;;;;;;;
2026/03/29;1300 UTC;;;;;;;;;;;;;;;;;;
2026/03/29;1400 UTC;;;;;;;;;;;;;;;;;;
2026/03/29;1500 UTC;;;;;;;;;;;;;;;;;;
2026/03/29;1600 UTC;;;;;;;;;;;;;;;;;;
2026/03/29;1700 UTC;;;;;;;;;;;;;;;;;;
2026/03/29;1800 UTC;;;;;;;;;;;;;;;;;;
2026/03/29;1900 UTC;;;;;;;;;;;;;;;;;;
2026/03/29;2000 UTC;;;;;;;;;;;;;;;;;;
2026/03/29;2100 UTC;;;;;;;;;;;;;;;;;;
2026/03/29;2200 UTC;;;;;;;;;;;;;;;;;;
2026/03/29;2300 UTC;;;;;;;;;;;;;;;;;;
2026/03/30;0000 UTC;;;;;;;;;;;;;;;;;;
2026/03/30;0100 UTC;;;;;;;;;;;;;;;;;;
2026/03/30;0200 UTC;;;;;;;;;;;;;;;;;;
2026/03/30;0300 UTC;;;;;;;;;;;;;;;;;;
2026/03/30;0400 UTC;;;;;;;;;;;;;;;;;;
2026/03/30;0500 UTC;;;;;;;;;;;;;;;;;;
2026/03/30;0600 UTC;;;;;;;;;;;;;;;;;;
2026/03/30;0700 UTC;;;;;;;;;;;;;;;;;;
2026/03/30;0800 UTC;;;;;;;;;;;;;;;;;;
2026/03/30;0900 UTC;;;;;;;;;;;;;;;;;;
2026/03/30;1000 UTC;;;;;;;;;;;;;;;;;;
2026/03/30;1100 UTC;;;;;;;;;;;;;;;;;;
2026/03/30;1200 UTC;;;;;;;;;;;;;;;;;;
2026/03/30;1300 UTC;;;;;;;;;;;;;;;;;;
2026/03/30;1400 UTC;;;;;;;;;;;;;;;;;;
2026/03/30;1500 UTC;;;;;;;;;;;;;;;;;;
2026/03/30;1600 UTC;;;;;;;;;;;;;;;;;;
2026/03/30;1700 UTC;;;;;;;;;;;;;;;;;;
2026/03/30;1800 UTC;;;;;;;;;;;;;;;;;;
2026/03/30;1900 UTC;;;;;;;;;;;;;;;;;;
2026/03/30;2000 UTC;;;;;;;;;;;;;;;;;;
2026/03/30;2100 UTC;;;;;;;;;;;;;;;;;;
2026/03/30;2200 UTC;;;;;;;;;;;;;;;;;;
2026/03/30;2300 UTC;;;;;;;;;;;;;;;;;;
2026/03/31;0000 UTC;;;;;;;;;;;;;;;;;;
2026/03/31;0100 UTC;;;;;;;;;;;;;;;;;;
2026/03/31;0200 UTC;;;;;;;;;;;;;;;;;;
2026/03/31;0300 UTC;;;;;;;;;;;;;;;;;;
2026/03/31;0400 UTC;;;;;;;;;;;;;;;;;;
2026/03/31;0500 UTC;;;;;;;;;;;;;;;;;;
2026/03/31;0600 UTC;;;;;;;;;;;;;;;;;;
2026/03/31;0700 UTC;;;;;;;;;;;;;;;;;;
2026/03/31;0800 UTC;;;;;;;;;;;;;;;;;;
2026/03/31;0900 UTC;;;;;;;;;;;;;;;;;;
2026/03/31;1000 UTC;;;;;;;;;;;;;;;;;;
2026/03/31;1100 UTC;;;;;;;;;;;;;;;;;;
2026/03/31;1200 UTC;;;;;;;;;;;;;;;;;;
2026/03/31;1300 UTC;;;;;;;;;;;;;;;;;;
2026/03/31;1400 UTC;;;;;;;;;;;;;;;;;;
2026/03/31;1500 UTC;;;;;;;;;;;;;;;;;;
2026/03/31;1600 UTC;;;;;;;;;;;;;;;;;;
2026/03/31;1700 UTC;;;;;;;;;;;;;;;;;;
2026/03/31;1800 UTC;;;;;;;;;;;;;;;;;;
2026/03/31;1900 UTC;;;;;;;;;;;;;;;;;;
2026/03/31;2000 UTC;;;;;;;;;;;;;;;;;;
2026/03/31;2100 UTC;;;;;;;;;;;;;;;;;;
2026/03/31;2200 UTC;;;;;;;;;;;;;;;;;;
2026/03/31;2300 UTC;;;;;;;;;;;;;;;;;;
2026/04/01;0000 UTC;;;;;;;;;;;;;;;;;;
2026/04/01;0100 UTC;;;;;;;;;;;;;;;;;;
2026/04/01;0200 UTC;;;;;;;;;;;;;;;;;;
2026/04/01;0300 UTC;;;;;;;;;;;;;;;;;;
2026/04/01;0400 UTC;;;;;;;;;;;;;;;;;;
2026/04/01;0500 UTC;;;;;;;;;;;;;;;;;;
2026/04/01;0600 UTC;;;;;;;;;;;;;;;;;;
2026/04/01;0700 UTC;;;;;;;;;;;;;;;;;;
2026/04/01;0800 UTC;;;;;;;;;;;;;;;;;;
2026/04/01;0900 UTC;;;;;;;;;;;;;;;;;;
2026/04/01;1000 UTC;;;;;;;;;;;;;;;;;;
2026/04/01;1100 UTC;;;;;;;;;;;;;;;;;;
2026/04/01;1200 UTC;;;;;;;;;;;;;;;;;;
2026/04/01;1300 UTC;;;;;;;;;;;;;;;;;;
2026/04/01;1400 UTC;;;;;;;;;;;;;;;;;;
2026/04/01;1500 UTC;;;;;;;;;;;;;;;;;;
2026/04/01;1600 UTC;;;;;;;;;;;;;;;;;;
2026/04/01;1700 UTC;;;;;;;;;;;;;;;;;;
2026/04/01;1800 UTC;;;;;;;;;;;;;;;;;;
2026/04/01;1900 UTC;;;;;;;;;;;;;;;;;;
2026/04/01;2000 UTC;;;;;;;;;;;;;;;;;;
2026/04/01;2100 UTC;;;;;;;;;;;;;;;;;;
2026/04/01;2200 UTC;;;;;;;;;;;;;;;;;;
2026/04/01;2300 UTC;;;;;;;;;;;;;;;;;;
2026/04/02;0000 UTC;;;;;;;;;;;;;;;;;;
2026/04/02;0100 UTC;;;;;;;;;;;;;;;;;;
2026/04/02;0200 UTC;;;;;;;;;;;;;;;;;;
2026/04/02;0300 UTC;;;;;;;;;;;;;;;;;;
2026/04/02;0400 UTC;;;;;;;;;;;;;;;;;;
2026/04/02;0500 UTC;;;;;;;;;;;;;;;;;;
2026/04/02;0600 UTC;;;;;;;;;;;;;;;;;;
2026/04/02;0700 UTC;;;;;;;;;;;;;;;;;;
2026/04/02;0800 UTC;;;;;;;;;;;;;;;;;;
2026/04/02;0900 UTC;;;;;;;;;;;;;;;;;;
2026/04/02;1000 UTC;;;;;;;;;;;;;;;;;;
2026/04/02;1100 UTC;;;;;;;;;;;;;;;;;;
2026/04/02;1200 UTC;;;;;;;;;;;;;;;;;;
2026/04/02;1300 UTC;;;;;;;;;;;;;;;;;;
2026/04/02;1400 UTC;;;;;;;;;;;;;;;;;;
2026/04/02;1500 UTC;;;;;;;;;;;;;;;;;;
2026/04/02;1600 UTC;;;;;;;;;;;;;;;;;;
2026/04/02;1700 UTC;;;;;;;;;;;;;;;;;;
2026/04/02;1800 UTC;;;;;;;;;;;;;;;;;;
2026/04/02;1900 UTC;;;;;;;;;;;;;;;;;;
2026/04/02;2000 UTC;;;;;;;;;;;;;;;;;;
2026/04/02;2100 UTC;;;;;;;;;;;;;;;;;;
2026/04/02;2200 UTC;;;;;;;;;;;;;;;;;;
2026/04/02;2300 UTC;;;;;;;;;;;;;;;;;;
2026/04/03;0000 UTC;;;;;;;;;;;;;;;;;;
2026/04/03;0100 UTC;;;;;;;;;;;;;;;;;;
2026/04/03;0200 UTC;;;;;;;;;;;;;;;;;;
2026/04/03;0300 UTC;;;;;;;;;;;;;;;;;;
2026/04/03;0400 UTC;;;;;;;;;;;;;;;;;;
2026/04/03;0500 UTC;;;;;;;;;;;;;;;;;;
2026/04/03;0600 UTC;;;;;;;;;;;;;;;;;;
2026/04/03;0700 UTC;;;;;;;;;;;;;;;;;;
2026/04/03;0800 UTC;;;;;;;;;;;;;;;;;;
2026/04/03;0900 UTC;;;;;;;;;;;;;;;;;;
2026/04/03;1000 UTC;;;;;;;;;;;;;;;;;;
2026/04/03;1100 UTC;;;;;;;;;;;;;;;;;;
2026/04/03;1200 UTC;;;;;;;;;;;;;;;;;;
2026/04/03;1300 UTC;;;;;;;;;;;;;;;;;;
2026/04/03;1400 UTC;;;;;;;;;;;;;;;;;;
2026/04/03;1500 UTC;;;;;;;;;;;;;;;;;;
2026/04/03;1600 UTC;;;;;;;;;;;;;;;;;;
2026/04/03;1700 UTC;;;;;;;;;;;;;;;;;;
2026/04/03;1800 UTC;;;;;;;;;;;;;;;;;;
2026/04/03;1900 UTC;;;;;;;;;;;;;;;;;;
2026/04/03;2000 UTC;;;;;;;;;;;;;;;;;;
2026/04/03;2100 UTC;;;;;;;;;;;;;;;;;;
2026/04/03;2200 UTC;;;;;;;;;;;;;;;;;;
2026/04/03;2300 UTC;;;;;;;;;;;;;;;;;;
2026/04/04;0000 UTC;;;;;;;;;;;;;;;;;;
2026/04/04;0100 UTC;;;;;;;;;;;;;;;;;;
2026/04/04;0200 UTC;;;;;;;;;;;;;;;;;;
2026/04/04;0300 UTC;;;;;;;;;;;;;;;;;;
2026/04/04;0400 UTC;;;;;;;;;;;;;;;;;;
2026/04/04;0500 UTC;;;;;;;;;;;;;;;;;;
2026/04/04;0600 UTC;;;;;;;;;;;;;;;;;;
2026/04/04;0700 UTC;;;;;;;;;;;;;;;;;;
2026/04/04;0800 UTC;;;;;;;;;;;;;;;;;;
2026/04/04;0900 UTC;;;;;;;;;;;;;;;;;;
2026/04/04;1000 UTC;;;;;;;;;;;;;;;;;;
2026/04/04;1100 UTC;;;;;;;;;;;;;;;;;;
2026/04/04;1200 UTC;;;;;;;;;;;;;;;;;;
2026/04/04;1300 UTC;;;;;;;;;;;;;;;;;;
2026/04/04;1400 UTC;;;;;;;;;;;;;;;;;;
2026/04/04;1500 UTC;;;;;;;;;;;;;;;;;;
2026/04/04;1600 UTC;;;;;;;;;;;;;;;;;;
2026/04/04;1700 UTC;;;;;;;;;;;;;;;;;;
2026/04/04;1800 UTC;;;;;;;;;;;;;;;;;;
2026/04/04;1900 UTC;;;;;;;;;;;;;;;;;;
2026/04/04;2000 UTC;;;;;;;;;;;;;;;;;;
2026/04/04;2100 UTC;;;;;;;;;;;;;;;;;;
2026/04/04;2200 UTC;;;;;;;;;;;;;;;;;;
2026/04/04;2300 UTC;;;;;;;;;;;;;;;;;;
2026/04/05;0000 UTC;;;;;;;;;;;;;;;;;;
2026/04/05;0100 UTC;;;;;;;;;;;;;;;;;;
2026/04/05;0200 UTC;;;;;;;;;;;;;;;;;;
2026/04/05;0300 UTC;;;;;;;;;;;;;;;;;;
2026/04/05;0400 UTC;;;;;;;;;;;;;;;;;;
2026/04/05;0500 UTC;;;;;;;;;;;;;;;;;;
2026/04/05;0600 UTC;;;;;;;;;;;;;;;;;;
2026/04/05;0700 UTC;;;;;;;;;;;;;;;;;;
2026/04/05;0800 UTC;;;;;;;;;;;;;;;;;;
2026/04/05;0900 UTC;;;;;;;;;;;;;;;;;;
2026/04/05;1000 UTC;;;;;;;;;;;;;;;;;;
2026/04/05;1100 UTC;;;;;;;;;;;;;;;;;;
2026/04/05;1200 UTC;;;;;;;;;;;;;;;;;;
2026/04/05;1300 UTC;;;;;;;;;;;;;;;;;;
2026/04/05;1400 UTC;;;;;;;;;;;;;;;;;;
2026/04/05;1500 UTC;;;;;;;;;;;;;;;;;;
2026/04/05;1600 UTC;;;;;;;;;;;;;;;;;;
2026/04/05;1700 UTC;;;;;;;;;;;;;;;;;;
2026/04/05;1800 UTC;;;;;;;;;;;;;;;;;;
2026/04/05;1900 UTC;;;;;;;;;;;;;;;;;;
2026/04/05;2000 UTC;;;;;;;;;;;;;;;;;;
2026/04/05;2100 UTC;;;;;;;;;;;;;;;;;;
2026/04/05;2200 UTC;;;;;;;;;;;;;;;;;;
2026/04/05;2300 UTC;;;;;;;;;;;;;;;;;;
2026/04/06;0000 UTC;;;;;;;;;;;;;;;;;;
2026/04/06;0100 UTC;;;;;;;;;;;;;;;;;;
2026/04/06;0200 UTC;;;;;;;;;;;;;;;;;;
2026/04/06;0300 UTC;;;;;;;;;;;;;;;;;;
2026/04/06;0400 UTC;;;;;;;;;;;;;;;;;;
2026/04/06;0500 UTC;;;;;;;;;;;;;;;;;;
2026/04/06;0600 UTC;;;;;;;;;;;;;;;;;;
2026/04/06;0700 UTC;;;;;;;;;;;;;;;;;;
2026/04/06;0800 UTC;;;;;;;;;;;;;;;;;;
2026/04/06;0900 UTC;;;;;;;;;;;;;;;;;;
2026/04/06;1000 UTC;;;;;;;;;;;;;;;;;;
2026/04/06;1100 UTC;;;;;;;;;;;;;;;;;;
2026/04/06;1200 UTC;;;;;;;;;;;;;;;;;;
2026/04/06;1300 UTC;;;;;;;;;;;;;;;;;;
2026/04/06;1400 UTC;;;;;;;;;;;;;;;;;;
2026/04/06;1500 UTC;;;;;;;;;;;;;;;;;;
2026/04/06;1600 UTC;;;;;;;;;;;;;;;;;;
2026/04/06;1700 UTC;;;;;;;;;;;;;;;;;;
2026/04/06;1800 UTC;;;;;;;;;;;;;;;;;;
2026/04/06;1900 UTC;;;;;;;;;;;;;;;;;;
2026/04/06;2000 UTC;;;;;;;;;;;;;;;;;;
2026/04/06;2100 UTC;;;;;;;;;;;;;;;;;;
2026/04/06;2200 UTC;;;;;;;;;;;;;;;;;;
2026/04/06;2300 UTC;;;;;;;;;;;;;;;;;;
2026/04/07;0000 UTC;;;;;;;;;;;;;;;;;;
2026/04/07;0100 UTC;;;;;;;;;;;;;;;;;;
2026/04/07;0200 UTC;;;;;;;;;;;;;;;;;;
2026/04/07;0300 UTC;;;;;;;;;;;;;;;;;;
2026/04/07;0400 UTC;;;;;;;;;;;;;;;;;;
2026/04/07;0500 UTC;;;;;;;;;;;;;;;;;;
2026/04/07;0600 UTC;;;;;;;;;;;;;;;;;;
2026/04/07;0700 UTC;;;;;;;;;;;;;;;;;;
2026/04/07;0800 UTC;;;;;;;;;;;;;;;;;;
2026/04/07;0900 UTC;;;;;;;;;;;;;;;;;;
2026/04/07;1000 UTC;;;;;;;;;;;;;;;;;;
2026/04/07;1100 UTC;;;;;;;;;;;;;;;;;;
2026/04/07;1200 UTC;;;;;;;;;;;;;;;;;;
2026/04/07;1300 UTC;;;;;;;;;;;;;;;;;;
2026/04/07;1400 UTC;;;;;;;;;;;;;;;;;;
2026/04/07;1500 UTC;;;;;;;;;;;;;;;;;;
2026/04/07;1600 UTC;;;;;;;;;;;;;;;;;;
2026/04/07;1700 UTC;;;;;;;;;;;;;;;;;;
2026/04/07;1800 UTC;;;;;;;;;;;;;;;;;;
2026/04/07;1900 UTC;;;;;;;;;;;;;;;;;;
2026/04/07;2000 UTC;;;;;;;;;;;;;;;;;;
2026/04/07;2100 UTC;;;;;;;;;;;;;;;;;;
2026/04/07;2200 UTC;;;;;;;;;;;;;;;;;;
2026/04/07;2300 UTC;;;;;;;;;;;;;;;;;;
2026/04/08;0000 UTC;;;;;;;;;;;;;;;;;;
2026/04/08;0100 UTC;;;;;;;;;;;;;;;;;;
2026/04/08;0200 UTC;;;;;;;;;;;;;;;;;;
2026/04/08;0300 UTC;;;;;;;;;;;;;;;;;;
2026/04/08;0400 UTC;;;;;;;;;;;;;;;;;;
2026/04/08;0500 UTC;;;;;;;;;;;;;;;;;;
2026/04/08;0600 UTC;;;;;;;;;;;;;;;;;;
2026/04/08;0700 UTC;;;;;;;;;;;;;;;;;;
2026/04/08;0800 UTC;;;;;;;;;;;;;;;;;;
2026/04/08;0900 UTC;;;;;;;;;;;;;;;;;;
2026/04/08;1000 UTC;;;;;;;;;;;;;;;;;;
2026/04/08;1100 UTC;;;;;;;;;;;;;;;;;;
2026/04/08;1200 UTC;;;;;;;;;;;;;;;;;;
2026/04/08;1300 UTC;;;;;;;;;;;;;;;;;;
2026/04/08;1400 UTC;;;;;;;;;;;;;;;;;;
2026/04/08;1500 UTC;;;;;;;;;;;;;;;;;;
2026/04/08;1600 UTC;;;;;;;;;;;;;;;;;;
2026/04/08;1700 UTC;;;;;;;;;;;;;;;;;;
2026/04/08;1800 UTC;;;;;;;;;;;;;;;;;;
2026/04/08;1900 UTC;;;;;;;;;;;;;;;;;;
2026/04/08;2000 UTC;;;;;;;;;;;;;;;;;;
2026/04/08;2100 UTC;;;;;;;;;;;;;;;;;;
2026/04/08;2200 UTC;;;;;;;;;;;;;;;;;;
2026/04/08;2300 UTC;;;;;;;;;;;;;;;;;;
2026/04/09;0000 UTC;;;;;;;;;;;;;;;;;;
2026/04/09;0100 UTC;;;;;;;;;;;;;;;;;;
2026/04/09;0200 UTC;;;;;;;;;;;;;;;;;;
2026/04/09;0300 UTC;;;;;;;;;;;;;;;;;;
2026/04/09;0400 UTC;;;;;;;;;;;;;;;;;;
2026/04/09;0500 UTC;;;;;;;;;;;;;;;;;;
2026/04/09;0600 UTC;;;;;;;;;;;;;;;;;;
2026/04/09;0700 UTC;;;;;;;;;;;;;;;;;;
2026/04/09;0800 UTC;;;;;;;;;;;;;;;;;;
2026/04/09;0900 UTC;;;;;;;;;;;;;;;;;;
2026/04/09;1000 UTC;;;;;;;;;;;;;;;;;;
2026/04/09;1100 UTC;;;;;;;;;;;;;;;;;;
2026/04/09;1200 UTC;;;;;;;;;;;;;;;;;;
2026/04/09;1300 UTC;;;;;;;;;;;;;;;;;;
2026/04/09;1400 UTC;;;;;;;;;;;;;;;;;;
2026/04/09;1500 UTC;;;;;;;;;;;;;;;;;;
2026/04/09;1600 UTC;;;;;;;;;;;;;;;;;;
2026/04/09;1700 UTC;;;;;;;;;;;;;;;;;;
2026/04/09;1800 UTC;;;;;;;;;;;;;;;;;;
2026/04/09;1900 UTC;;;;;;;;;;;;;;;;;;
2026/04/09;2000 UTC;;;;;;;;;;;;;;;;;;
2026/04/09;2100 UTC;;;;;;;;;;;;;;;;;;
2026/04/09;2200 UTC;;;;;;;;;;;;;;;;;;
2026/04/09;2300 UTC;;;;;;;;;;;;;;;;;;
2026/04/10;0000 UTC;;;;;;;;;;;;;;;;;;
2026/04/10;0100 UTC;;;;;;;;;;;;;;;;;;
2026/04/10;0200 UTC;;;;;;;;;;;;;;;;;;
2026/04/10;0300 UTC;;;;;;;;;;;;;;;;;;
2026/04/10;0400 UTC;;;;;;;;;;;;;;;;;;
2026/04/10;0500 UTC;;;;;;;;;;;;;;;;;;
2026/04/10;0600 UTC;;;;;;;;;;;;;;;;;;
2026/04/10;0700 UTC;;;;;;;;;;;;;;;;;;
2026/04/10;0800 UTC;;;;;;;;;;;;;;;;;;
2026/04/10;0900 UTC;;;;;;;;;;;;;;;;;;
2026/04/10;1000 UTC;;;;;;;;;;;;;;;;;;
2026/04/10;1100 UTC;;;;;;;;;;;;;;;;;;
2026/04/10;1200 UTC;;;;;;;;;;;;;;;;;;
2026/04/10;1300 UTC;;;;;;;;;;;;;;;;;;
2026/04/10;1400 UTC;;;;;;;;;;;;;;;;;;
2026/04/10;1500 UTC;;;;;;;;;;;;;;;;;;
2026/04/10;1600 UTC;;;;;;;;;;;;;;;;;;
2026/04/10;1700 UTC;;;;;;;;;;;;;;;;;;
2026/04/10;1800 UTC;;;;;;;;;;;;;;;;;;
2026/04/10;1900 UTC;;;;;;;;;;;;;;;;;;
2026/04/10;2000 UTC;;;;;;;;;;;;;;;;;;
2026/04/10;2100 UTC;;;;;;;;;;;;;;;;;;
2026/04/10;2200 UTC;;;;;;;;;;;;;;;;;;
2026/04/10;2300 UTC;;;;;;;;;;;;;;;;;;
2026/04/11;0000 UTC;;;;;;;;;;;;;;;;;;
2026/04/11;0100 UTC;;;;;;;;;;;;;;;;;;
2026/04/11;0200 UTC;;;;;;;;;;;;;;;;;;
2026/04/11;0300 UTC;;;;;;;;;;;;;;;;;;
2026/04/11;0400 UTC;;;;;;;;;;;;;;;;;;
2026/04/11;0500 UTC;;;;;;;;;;;;;;;;;;
2026/04/11;0600 UTC;;;;;;;;;;;;;;;;;;
2026/04/11;0700 UTC;;;;;;;;;;;;;;;;;;
2026/04/11;0800 UTC;;;;;;;;;;;;;;;;;;
2026/04/11;0900 UTC;;;;;;;;;;;;;;;;;;
2026/04/11;1000 UTC;;;;;;;;;;;;;;;;;;
2026/04/11;1100 UTC;;;;;;;;;;;;;;;;;;
2026/04/11;1200 UTC;;;;;;;;;;;;;;;;;;
2026/04/11;1300 UTC;;;;;;;;;;;;;;;;;;
2026/04/11;1400 UTC;;;;;;;;;;;;;;;;;;
2026/04/11;1500 UTC;;;;;;;;;;;;;;;;;;
2026/04/11;1600 UTC;;;;;;;;;;;;;;;;;;
2026/04/11;1700 UTC;;;;;;;;;;;;;;;;;;
2026/04/11;1800 UTC;;;;;;;;;;;;;;;;;;
2026/04/11;1900 UTC;;;;;;;;;;;;;;;;;;
2026/04/11;2000 UTC;;;;;;;;;;;;;;;;;;
2026/04/11;2100 UTC;;;;;;;;;;;;;;;;;;
2026/04/11;2200 UTC;;;;;;;;;;;;;;;;;;
2026/04/11;2300 UTC;;;;;;;;;;;;;;;;;;
2026/04/12;0000 UTC;;;;;;;;;;;;;;;;;;
2026/04/12;0100 UTC;;;;;;;;;;;;;;;;;;
2026/04/12;0200 UTC;;;;;;;;;;;;;;;;;;
2026/04/12;0300 UTC;;;;;;;;;;;;;;;;;;
2026/04/12;0400 UTC;;;;;;;;;;;;;;;;;;
2026/04/12;0500 UTC;;;;;;;;;;;;;;;;;;
2026/04/12;0600 UTC;;;;;;;;;;;;;;;;;;
2026/04/12;0700 UTC;;;;;;;;;;;;;;;;;;
2026/04/12;0800 UTC;;;;;;;;;;;;;;;;;;
2026/04/12;0900 UTC;;;;;;;;;;;;;;;;;;
2026/04/12;1000 UTC;;;;;;;;;;;;;;;;;;
2026/04/12;1100 UTC;;;;;;;;;;;;;;;;;;
2026/04/12;1200 UTC;;;;;;;;;;;;;;;;;;
2026/04/12;1300 UTC;;;;;;;;;;;;;;;;;;
2026/04/12;1400 UTC;;;;;;;;;;;;;;;;;;
2026/04/12;1500 UTC;;;;;;;;;;;;;;;;;;
2026/04/12;1600 UTC;;;;;;;;;;;;;;;;;;
2026/04/12;1700 UTC;;;;;;;;;;;;;;;;;;
2026/04/12;1800 UTC;;;;;;;;;;;;;;;;;;
2026/04/12;1900 UTC;;;;;;;;;;;;;;;;;;
2026/04/12;2000 UTC;;;;;;;;;;;;;;;;;;
2026/04/12;2100 UTC;;;;;;;;;;;;;;;;;;
2026/04/12;2200 UTC;;;;;;;;;;;;;;;;;;
2026/04/12;2300 UTC;;;;;;;;;;;;;;;;;;
2026/04/13;0000 UTC;;;;;;;;;;;;;;;;;;
2026/04/13;0100 UTC;;;;;;;;;;;;;;;;;;
2026/04/13;0200 UTC;;;;;;;;;;;;;;;;;;
2026/04/13;0300 UTC;;;;;;;;;;;;;;;;;;
2026/04/13;0400 UTC;;;;;;;;;;;;;;;;;;
2026/04/13;0500 UTC;;;;;;;;;;;;;;;;;;
2026/04/13;0600 UTC;;;;;;;;;;;;;;;;;;
2026/04/13;0700 UTC;;;;;;;;;;;;;;;;;;
2026/04/13;0800 UTC;;;;;;;;;;;;;;;;;;
2026/04/13;0900 UTC;;;;;;;;;;;;;;;;;;
2026/04/13;1000 UTC;;;;;;;;;;;;;;;;;;
2026/04/13;1100 UTC;;;;;;;;;;;;;;;;;;
2026/04/13;1200 UTC;;;;;;;;;;;;;;;;;;
2026/04/13;1300 UTC;;;;;;;;;;;;;;;;;;
2026/04/13;1400 UTC;;;;;;;;;;;;;;;;;;
2026/04/13;1500 UTC;;;;;;;;;;;;;;;;;;
2026/04/13;1600 UTC;;;;;;;;;;;;;;;;;;
2026/04/13;1700 UTC;;;;;;;;;;;;;;;;;;
2026/04/13;1800 UTC;;;;;;;;;;;;;;;;;;
2026/04/13;1900 UTC;;;;;;;;;;;;;;;;;;
2026/04/13;2000 UTC;;;;;;;;;;;;;;;;;;
2026/04/13;2100 UTC;;;;;;;;;;;;;;;;;;
2026/04/13;2200 UTC;;;;;;;;;;;;;;;;;;
2026/04/13;2300 UTC;;;;;;;;;;;;;;;;;;
2026/04/14;0000 UTC;;;;;;;;;;;;;;;;;;
2026/04/14;0100 UTC;;;;;;;;;;;;;;;;;;
2026/04/14;0200 UTC;;;;;;;;;;;;;;;;;;
2026/04/14;0300 UTC;;;;;;;;;;;;;;;;;;
2026/04/14;0400 UTC;;;;;;;;;;;;;;;;;;
2026/04/14;0500 UTC;;;;;;;;;;;;;;;;;;
2026/04/14;0600 UTC;;;;;;;;;;;;;;;;;;
2026/04/14;0700 UTC;;;;;;;;;;;;;;;;;;
2026/04/14;0800 UTC;;;;;;;;;;;;;;;;;;
2026/04/14;0900 UTC;;;;;;;;;;;;;;;;;;
2026/04/14;1000 UTC;;;;;;;;;;;;;;;;;;
2026/04/14;1100 UTC;;;;;;;;;;;;;;;;;;
2026/04/14;1200 UTC;;;;;;;;;;;;;;;;;;
2026/04/14;1300 UTC;;;;;;;;;;;;;;;;;;
2026/04/14;1400 UTC;;;;;;;;;;;;;;;;;;
2026/04/14;1500 UTC;;;;;;;;;;;;;;;;;;
2026/04/14;1600 UTC;;;;;;;;;;;;;;;;;;
2026/04/14;1700 UTC;;;;;;;;;;;;;;;;;;
2026/04/14;1800 UTC;;;;;;;;;;;;;;;;;;
2026/04/14;1900 UTC;;;;;;;;;;;;;;;;;;
2026/04/14;2000 UTC;;;;;;;;;;;;;;;;;;
2026/04/14;2100 UTC;;;;;;;;;;;;;;;;;;
2026/04/14;2200 UTC;;;;;;;;;;;;;;;;;;
2026/04/14;2300 UTC;;;;;;;;;;;;;;;;;;
2026/04/15;0000 UTC;;;;;;;;;;;;;;;;;;
2026/04/15;0100 UTC;;;;;;;;;;;;;;;;;;
2026/04/15;0200 UTC;;;;;;;;;;;;;;;;;;
2026/04/15;0300 UTC;;;;;;;;;;;;;;;;;;
2026/04/15;0400 UTC;;;;;;;;;;;;;;;;;;
2026/04/15;0500 UTC;;;;;;;;;;;;;;;;;;
2026/04/15;0600 UTC;;;;;;;;;;;;;;;;;;
2026/04/15;0700 UTC;;;;;;;;;;;;;;;;;;
2026/04/15;0800 UTC;;;;;;;;;;;;;;;;;;
2026/04/15;0900 UTC;;;;;;;;;;;;;;;;;;
2026/04/15;1000 UTC;;;;;;;;;;;;;;;;;;
2026/04/15;1100 UTC;;;;;;;;;;;;;;;;;;
2026/04/15;1200 UTC;;;;;;;;;;;;;;;;;;
2026/04/15;1300 UTC;;;;;;;;;;;;;;;;;;
2026/04/15;1400 UTC;;;;;;;;;;;;;;;;;;
2026/04/15;1500 UTC;;;;;;;;;;;;;;;;;;
2026/04/15;1600 UTC;;;;;;;;;;;;;;;;;;
2026/04/15;1700 UTC;;;;;;;;;;;;;;;;;;
2026/04/15;1800 UTC;;;;;;;;;;;;;;;;;;
2026/04/15;1900 UTC;;;;;;;;;;;;;;;;;;
2026/04/15;2000 UTC;;;;;;;;;;;;;;;;;;
2026/04/15;2100 UTC;;;;;;;;;;;;;;;;;;
2026/04/15;2200 UTC;;;;;;;;;;;;;;;;;;
2026/04/15;2300 UTC;;;;;;;;;;;;;;;;;;
2026/04/16;0000 UTC;;;;;;;;;;;;;;;;;;
2026/04/16;0100 UTC;;;;;;;;;;;;;;;;;;
2026/04/16;0200 UTC;;;;;;;;;;;;;;;;;;
2026/04/16;0300 UTC;;;;;;;;;;;;;;;;;;
2026/04/16;0400 UTC;;;;;;;;;;;;;;;;;;
2026/04/16;0500 UTC;;;;;;;;;;;;;;;;;;
2026/04/16;0600 UTC;;;;;;;;;;;;;;;;;;
2026/04/16;0700 UTC;;;;;;;;;;;;;;;;;;
2026/04/16;0800 UTC;;;;;;;;;;;;;;;;;;
2026/04/16;0900 UTC;;;;;;;;;;;;;;;;;;
2026/04/16;1000 UTC;;;;;;;;;;;;;;;;;;
2026/04/16;1100 UTC;;;;;;;;;;;;;;;;;;
2026/04/16;1200 UTC;;;;;;;;;;;;;;;;;;
2026/04/16;1300 UTC;;;;;;;;;;;;;;;;;;
2026/04/16;1400 UTC;;;;;;;;;;;;;;;;;;
2026/04/16;1500 UTC;;;;;;;;;;;;;;;;;;
2026/04/16;1600 UTC;;;;;;;;;;;;;;;;;;
2026/04/16;1700 UTC;;;;;;;;;;;;;;;;;;
2026/04/16;1800 UTC;;;;;;;;;;;;;;;;;;
2026/04/16;1900 UTC;;;;;;;;;;;;;;;;;;
2026/04/16;2000 UTC;;;;;;;;;;;;;;;;;;
2026/04/16;2100 UTC;;;;;;;;;;;;;;;;;;
2026/04/16;2200 UTC;;;;;;;;;;;;;;;;;;
2026/04/16;2300 UTC;;;;;;;;;;;;;;;;;;
2026/04/17;0000 UTC;;;;;;;;;;;;;;;;;;
2026/04/17;0100 UTC;;;;;;;;;;;;;;;;;;
2026/04/17;0200 UTC;;;;;;;;;;;;;;;;;;
2026/04/17;0300 UTC;;;;;;;;;;;;;;;;;;
2026/04/17;0400 UTC;;;;;;;;;;;;;;;;;;
2026/04/17;0500 UTC;;;;;;;;;;;;;;;;;;
2026/04/17;0600 UTC;;;;;;;;;;;;;;;;;;
2026/04/17;0700 UTC;;;;;;;;;;;;;;;;;;
2026/04/17;0800 UTC;;;;;;;;;;;;;;;;;;
2026/04/17;0900 UTC;;;;;;;;;;;;;;;;;;
2026/04/17;1000 UTC;;;;;;;;;;;;;;;;;;
2026/04/17;1100 UTC;;;;;;;;;;;;;;;;;;
2026/04/17;1200 UTC;;;;;;;;;;;;;;;;;;
2026/04/17;1300 UTC;;;;;;;;;;;;;;;;;;
2026/04/17;1400 UTC;;;;;;;;;;;;;;;;;;
2026/04/17;1500 UTC;;;;;;;;;;;;;;;;;;
2026/04/17;1600 UTC;;;;;;;;;;;;;;;;;;
2026/04/17;1700 UTC;;;;;;;;;;;;;;;;;;
2026/04/17;1800 UTC;;;;;;;;;;;;;;;;;;
2026/04/17;1900 UTC;;;;;;;;;;;;;;;;;;
2026/04/17;2000 UTC;;;;;;;;;;;;;;;;;;
2026/04/17;2100 UTC;;;;;;;;;;;;;;;;;;
2026/04/17;2200 UTC;;;;;;;;;;;;;;;;;;
2026/04/17;2300 UTC;;;;;;;;;;;;;;;;;;
2026/04/18;0000 UTC;;;;;;;;;;;;;;;;;;
2026/04/18;0100 UTC;;;;;;;;;;;;;;;;;;
2026/04/18;0200 UTC;;;;;;;;;;;;;;;;;;
2026/04/18;0300 UTC;;;;;;;;;;;;;;;;;;
2026/04/18;0400 UTC;;;;;;;;;;;;;;;;;;
2026/04/18;0500 UTC;;;;;;;;;;;;;;;;;;
2026/04/18;0600 UTC;;;;;;;;;;;;;;;;;;
2026/04/18;0700 UTC;;;;;;;;;;;;;;;;;;
2026/04/18;0800 UTC;;;;;;;;;;;;;;;;;;
2026/04/18;0900 UTC;;;;;;;;;;;;;;;;;;
2026/04/18;1000 UTC;;;;;;;;;;;;;;;;;;
2026/04/18;1100 UTC;;;;;;;;;;;;;;;;;;
2026/04/18;1200 UTC;;;;;;;;;;;;;;;;;;
2026/04/18;1300 UTC;;;;;;;;;;;;;;;;;;
2026/04/18;1400 UTC;;;;;;;;;;;;;;;;;;
2026/04/18;1500 UTC;;;;;;;;;;;;;;;;;;
2026/04/18;1600 UTC;;;;;;;;;;;;;;;;;;
2026/04/18;1700 UTC;;;;;;;;;;;;;;;;;;
2026/04/18;1800 UTC;;;;;;;;;;;;;;;;;;
2026/04/18;1900 UTC;;;;;;;;;;;;;;;;;;
2026/04/18;2000 UTC;;;;;;;;;;;;;;;;;;
2026/04/18;2100 UTC;;;;;;;;;;;;;;;;;;
2026/04/18;2200 UTC;;;;;;;;;;;;;;;;;;
2026/04/18;2300 UTC;;;;;;;;;;;;;;;;;;
2026/04/19;0000 UTC;;;;;;;;;;;;;;;;;;
2026/04/19;0100 UTC;;;;;;;;;;;;;;;;;;
2026/04/19;0200 UTC;;;;;;;;;;;;;;;;;;
2026/04/19;0300 UTC;;;;;;;;;;;;;;;;;;
2026/04/19;0400 UTC;;;;;;;;;;;;;;;;;;
2026/04/19;0500 UTC;;;;;;;;;;;;;;;;;;
2026/04/19;0600 UTC;;;;;;;;;;;;;;;;;;
2026/04/19;0700 UTC;;;;;;;;;;;;;;;;;;
2026/04/19;0800 UTC;;;;;;;;;;;;;;;;;;
2026/04/19;0900 UTC;;;;;;;;;;;;;;;;;;
2026/04/19;1000 UTC;;;;;;;;;;;;;;;;;;
2026/04/19;1100 UTC;;;;;;;;;;;;;;;;;;
2026/04/19;1200 UTC;;;;;;;;;;;;;;;;;;
2026/04/19;1300 UTC;;;;;;;;;;;;;;;;;;
2026/04/19;1400 UTC;;;;;;;;;;;;;;;;;;
2026/04/19;1500 UTC;;;;;;;;;;;;;;;;;;
2026/04/19;1600 UTC;;;;;;;;;;;;;;;;;;
2026/04/19;1700 UTC;;;;;;;;;;;;;;;;;;
2026/04/19;1800 UTC;;;;;;;;;;;;;;;;;;
2026/04/19;1900 UTC;;;;;;;;;;;;;;;;;;
2026/04/19;2000 UTC;;;;;;;;;;;;;;;;;;
2026/04/19;2100 UTC;;;;;;;;;;;;;;;;;;
2026/04/19;2200 UTC;;;;;;;;;;;;;;;;;;
2026/04/19;2300 UTC;;;;;;;;;;;;;;;;;;
2026/04/20;0000 UTC;;;;;;;;;;;;;;;;;;
2026/04/20;0100 UTC;;;;;;;;;;;;;;;;;;
2026/04/20;0200 UTC;;;;;;;;;;;;;;;;;;
2026/04/20;0300 UTC;;;;;;;;;;;;;;;;;;
2026/04/20;0400 UTC;;;;;;;;;;;;;;;;;;
2026/04/20;0500 UTC;;;;;;;;;;;;;;;;;;
2026/04/20;0600 UTC;;;;;;;;;;;;;;;;;;
2026/04/20;0700 UTC;;;;;;;;;;;;;;;;;;
2026/04/20;0800 UTC;;;;;;;;;;;;;;;;;;
2026/04/20;0900 UTC;;;;;;;;;;;;;;;;;;
2026/04/20;1000 UTC;;;;;;;;;;;;;;;;;;
2026/04/20;1100 UTC;;;;;;;;;;;;;;;;;;
2026/04/20;1200 UTC;;;;;;;;;;;;;;;;;;
2026/04/20;1300 UTC;;;;;;;;;;;;;;;;;;
2026/04/20;1400 UTC;0;1001,9;1002,1;1001,8;767,4;20,3;16,3;20,5;20,1;16,5;16,2;81;79;80;;;;
2026/04/20;1500 UTC;0;1002;1002,3;1001,6;711,2;21,1;16,7;21,6;20,6;17,4;16,1;81;75;78;;;;
2026/04/20;1600 UTC;0;1002,3;1002,7;1002,1;401,1;21,8;17,3;21,8;21,6;18;16,8;81;75;78;262;1,9;,8;
2026/04/20;1700 UTC;,2;1002,2;1002,7;1001,1;291,2;21,2;18,5;21,8;20,7;19,6;17,6;94;79;86;154;5,7;2,5;
2026/04/20;1800 UTC;,4;1002,3;1002,6;1001,1;227,6;20,5;19,3;20,7;20,3;19,7;18,4;97;89;94;296;1,8;1,2;
2026/04/20;1900 UTC;1;1002,8;1003,1;1002,4;166,1;19,9;19;20,4;19,5;19,7;18,7;97;93;95;283;4,1;2,1;
2026/04/20;2000 UTC;,6;1001,8;1002,4;1001,2;114;19,5;19,1;19,5;19,4;19,3;19;99;97;98;80;4,1;1,4;
2026/04/20;2100 UTC;,2;1001,7;1002;1001,3;50,3;19,5;19,3;19,5;19,4;19,4;19,1;99;99;99;84;4;2,4;
2026/04/20;2200 UTC;;;;;;;;;;;;;;;;;;
2026/04/20;2300 UTC;0;1001,4;1002;1000,8;0;19,4;19,1;19,5;19,3;19,2;19;99;98;99;139;3,4;,7;
2026/04/21;0000 UTC;;;;;;;;;;;;;;;;;;
2026/04/21;0100 UTC;0;1001,3;1001,9;1001;0;19,8;19,2;19,9;19,6;19,3;19,1;98;96;97;89;5,9;3,8;
2026/04/21;0200 UTC;0;1002,3;1002,5;1001,7;0;19,7;19,2;19,8;19,6;19,2;19,1;98;97;97;61;5,9;3,4;
2026/04/21;0300 UTC;0;1002,4;1002,5;1002,2;0;19,7;19,1;19,8;19,7;19,2;19,1;97;97;97;72;6,7;4;
2026/04/21;0400 UTC;0;1002,2;1002,2;1002;0;19,8;18,9;19,9;19,7;19,1;18,7;97;94;96;73;7,6;4,4;
2026/04/21;0500 UTC;0;1002,3;1002,4;1002,1;0;19,5;18,5;19,9;19,3;18,7;18,3;96;94;95;89;5,4;3,3;
2026/04/21;0600 UTC;0;1002;1002,2;1001,7;0;19,2;18,3;19,4;19,1;18,4;18,2;96;95;95;76;5,4;3;
2026/04/21;0700 UTC;0;1001,7;1001,9;1001,4;0;19,2;18,4;19,4;19,1;18,6;18,3;97;96;96;78;4,8;2,8;
2026/04/21;0800 UTC;0;1001,5;1001,6;1001,3;0;19,5;18,6;19,5;19,4;18,7;18,5;96;95;96;91;3,2;1,7;
2026/04/21;0900 UTC;0;1002;1002,2;1001,5;0;19,4;18,7;19,5;19,4;18,7;18,6;97;96;96;96;4,4;2,3;
2026/04/21;1000 UTC;0;1002,3;1002,4;1002,2;0;19,2;18,7;19,3;19,1;18,8;18,7;98;97;97;91;3,6;2,1;
2026/04/21;1100 UTC;0;1002,6;1002,8;1002,3;69,2;19,3;18,7;19,5;19,1;18,8;18,6;97;96;97;91;3,6;2,1;
2026/04/21;1200 UTC;0;1003,3;1003,6;1002,8;266,3;19,9;19;20,4;19,5;19,3;18,7;97;94;96;114;3,3;1,7;
2026/04/21;1300 UTC;0;1003,4;1003,5;1003,3;657,6;21,1;19,5;21,8;20,4;20;19,1;95;89;92;56;4,4;1,6;
2026/04/21;1400 UTC;0;1003,6;1003,7;1003,4;1192,8;22,8;20,2;23,4;21,9;21,2;19,7;91;84;87;31;4,4;2,6;
2026/04/21;1500 UTC;0;1003,6;1003,7;1003,2;1367,9;24;20,5;24,8;23,4;21,1;20;87;78;83;58;3,8;2,1;
2026/04/21;1600 UTC;0;1003;1003,2;1002,6;2396,4;25,8;20,7;26,9;24,7;21,6;20,2;81;67;74;77;5;2,5;
2026/04/21;1700 UTC;0;1002,2;1002,6;1001,9;1491;26,2;20,5;26,6;25,7;21;20,1;75;68;72;135;3,8;2,3;
2026/04/21;1800 UTC;0;1001,6;1001,9;1001,4;1776,6;26,8;20,6;27,7;26,2;21,3;20;72;65;69;226;3,6;1,6;
2026/04/21;1900 UTC;0;1001,4;1001,4;1001,3;1106,8;27;20,7;27,9;26,4;21,7;20,2;73;65;69;119;1,1;,5;
2026/04/21;2000 UTC;0;1001,4;1001,6;1001,2;554,1;26,7;20,7;27,4;25,8;21,2;20,3;76;65;70;275;2,3;1,2;
2026/04/21;2100 UTC;0;1001,5;1001,6;1001,4;189,8;25,7;20,8;26;25;21,4;20,2;80;72;75;294;2,6;1,7;
2026/04/21;2200 UTC;0;1001,6;1001,6;1001,5;7;24,5;21;25;23,7;21,7;20,7;90;79;83;292;1;,5;
2026/04/21;2300 UTC;0;1001,7;1001,9;1001,6;0;22,6;20,8;23,6;21,9;21,6;20,6;95;88;91;158;1,4;,9;
2026/04/22;0000 UTC;0;1002,1;1002,2;1001,9;0;21,5;20,6;21,9;21,1;20,9;20,3;97;94;96;210;1,3;,8;
2026/04/22;0100 UTC;0;1002,3;1002,6;1002,2;0;21,1;20,1;21,5;20,7;20,3;19,9;97;93;95;182;1,6;1,4;
2026/04/22;0200 UTC;0;1002,8;1003;1002,6;0;21,7;20,3;22,3;20,7;20,8;20;96;90;93;206;2,5;1,8;
2026/04/22;0300 UTC;0;1003;1003,1;1002,9;0;22,2;20,5;22,4;22,1;20,7;20,3;92;90;91;170;1,9;1,2;
2026/04/22;0400 UTC;0;1003,1;1003,2;1003,1;0;21,6;20,6;22,3;20,8;20,8;20,1;98;91;95;184;1,2;,9;
2026/04/22;0500 UTC;0;1003,1;1003,2;1002,9;0;20,4;20;21;20;20,5;19,6;99;96;98;164;2,2;1,2;
2026/04/22;0600 UTC;0;1002,8;1002,9;1002,6;0;20;19,6;20,3;19,8;19,9;19,3;99;97;98;100;1;,8;
2026/04/22;0700 UTC;0;1002,3;1002,4;1002,2;0;19,4;19,1;19,7;18,9;19,5;18,6;100;98;99;238;1,6;,7;
2026/04/22;0800 UTC;0;1002,3;1002,5;1002,2;0;19,1;19,1;19,5;18,8;19,6;18,7;100;100;13;158;2,5;1;
2026/04/22;0900 UTC;0;1002,5;1002,8;1002,4;0;19;19;19,4;18,5;19,4;18,4;100;99;100;50;1,2;,7;
2026/04/22;1000 UTC;0;1003;1003,4;1002,8;0;18,3;18,3;19;18;19,1;17,9;100;99;100;191;3,5;2,7;
2026/04/22;1100 UTC;0;1003,7;1003,9;1003,4;76,8;19,5;19,5;19,7;19;19,7;19,1;100;100;100;55;1,5;,8;
2026/04/22;1200 UTC;0;1004,2;1004,6;1003,8;717,7;20,7;20,1;22,4;19,7;20,9;19,6;100;89;97;219;1;,6;
2026/04/22;1300 UTC;0;1004,8;1004,9;1004,6;1610,5;23,8;21;25,4;22,4;21,8;20,5;92;77;86;183;3,8;2,1;
2026/04/22;1400 UTC;;;;;;;;;;;;;;;;;;
2026/04/22;1500 UTC;0;1005;1005,1;1004,8;2057,9;27;21,1;28,1;26;22,1;20,4;77;65;71;177;6;3,5;
2026/04/22;1600 UTC;0;1004,8;1004,9;1004,7;1917,6;26,8;21,5;27,9;26;22,5;21;78;69;73;188;5,2;2,8;
2026/04/22;1700 UTC;0;1004,3;1004,7;1003,8;1841,2;27;21,1;28;26,3;22;20,6;75;66;71;185;6,4;3,7;
2026/04/22;1800 UTC;0;1003,6;1003,8;1003,3;1652,8;27,2;20,8;27,9;26,3;21,4;20,2;71;63;68;177;5,7;3,4;
2026/04/22;1900 UTC;0;1003,2;1003,4;1003,1;1576,3;27,6;20,7;28;26,5;21,2;20;70;62;66;178;5,3;3,1;
2026/04/22;2000 UTC;0;1003,5;1003,6;1003,1;910,1;27;20,5;27,7;26,4;21,3;20,2;70;64;67;177;5,1;3,3;
2026/04/22;2100 UTC;0;1003,8;1004,1;1003,6;362,1;25,7;20,3;26,7;24,5;20,6;20;78;68;73;182;5,4;3,4;
2026/04/22;2200 UTC;0;1004,1;1004,4;1004;8,7;23,6;19,8;24,4;22,8;20,2;19,6;85;78;81;170;4,3;3,2;
2026/04/22;2300 UTC;0;1004,7;1005,1;1004,4;0;22,8;19,5;23;22,3;19,7;19,2;86;81;83;134;2,9;1,2;
2026/04/23;0000 UTC;;;;;;;;;;;;;;;;;;
2026/04/23;0100 UTC;0;1006,1;1006,4;1005,8;0;21,5;19,5;21,7;21,4;19,8;19,3;91;88;90;163;2,8;1,6;
2026/04/23;0200 UTC;0;1006,4;1006,6;1006,3;0;21,6;19,1;21,8;21,3;19,5;18,8;89;85;87;127;4,1;1,7;
2026/04/23;0300 UTC;0;1006,3;1006,4;1006,1;0;21;18,9;21,3;20,8;19,1;18,7;90;89;89;124;5,9;2,6;
2026/04/23;0400 UTC;0;1006,5;1006,7;1006,3;0;20,6;18;20,9;20,1;18,8;15,9;91;79;87;125;7,4;4,2;
2026/04/23;0500 UTC;0;1006,7;1006,9;1006,5;0;19,7;15,5;20,1;19,2;16,1;14,8;80;78;79;131;7,2;3,5;
2026/04/23;0600 UTC;0;1006,6;1006,9;1006,1;0;18,7;14,4;19,2;18,1;15,2;13,9;80;77;79;137;7,5;3;
2026/04/23;0700 UTC;,4;1006,8;1007,6;1006,1;,4;17,4;13,8;18,1;16;14,2;13,2;90;78;82;132;8,3;3,4;
2026/04/23;0800 UTC;;;;;;;;;;;;;;;;;;
2026/04/23;0900 UTC;;;;;;;;;;;;;;;;;;
2026/04/23;1000 UTC;,6;1006,6;1007,1;1006,1;0;15,7;14,2;16;15,6;14,7;13,9;95;90;92;132;4,6;2,1;
2026/04/23;1100 UTC;1,4;1007,4;1007,7;1007;23,1;15,6;14,8;15,8;15,5;15;14,5;97;95;96;120;5,8;3,3;
2026/04/23;1200 UTC;;;;;;;;;;;;;;;;;;
2026/04/23;1300 UTC;0;1007,8;1008,2;1007,4;417;15,8;14,3;16;15,7;14,9;13,9;95;90;92;92;5,4;3;
2026/04/23;1400 UTC;,2;1008,3;1008,8;1007,8;442,4;16,5;13,9;16,7;15,9;14,8;13,1;93;83;87;132;3,8;1,5;
2026/04/23;1500 UTC;0;1007,7;1008,5;1006,6;332,7;16,7;14,4;16,9;16,5;15,1;13,6;92;85;88;85;6,2;3,3;
2026/04/23;1600 UTC;0;1006,8;1007,4;1006,3;587;17,4;14,2;17,7;16,8;14,9;13,6;87;80;84;156;5,8;2,5;
2026/04/23;1700 UTC;0;1006,2;1006,6;1005,5;381,4;18;15,3;18,2;17,6;15,7;14,9;89;84;87;109;6,6;4;
2026/04/23;1800 UTC;0;1005,6;1006;1004,9;306,7;18;15,3;18,3;17,6;15,8;14,9;90;83;87;122;7,7;3,9;
2026/04/23;1900 UTC;,4;1005,4;1005,6;1005,1;288,2;17,6;15,7;17,7;17,4;16,2;15,2;93;88;91;142;5,5;2,5;
2026/04/23;2000 UTC;0;1005,7;1006,2;1005,2;158,7;17,7;15,2;17,8;17,5;15,7;14,9;91;86;88;125;6,5;2,9;
2026/04/23;2100 UTC;0;1005,6;1005,9;1005,4;60,2;0;15,3;;;15,5;15;90;87;88;113;6,1;3,9;
2026/04/23;2200 UTC;0;1006;1006,9;1005,3;,6;17,6;15,4;17,7;17,4;15,7;15,1;91;87;89;121;6,5;2,7;
2026/04/23;2300 UTC;,2;1006,6;1006,9;1006,4;0;17,2;15,5;17,6;17;15,8;15,1;94;88;92;121;4,7;2,3;
2026/04/24;0000 UTC;,2;1006,7;1007,1;1006,4;0;16,8;15,5;17;16,7;15,8;15,1;95;91;93;105;6;3,4;
2026/04/24;0100 UTC;,4;1006,4;1006,8;1006;0;16,9;16;17;16,8;16,3;15,7;97;95;96;124;6;3,5;
2026/04/24;0200 UTC;,4;1006,8;1007;1006,5;0;17;16,2;17,2;16,9;16,4;16,2;97;96;96;100;6,8;4,4;
2026/04/24;0300 UTC;,2;1006,5;1006,8;1006,2;0;17,3;16,5;17,3;17,2;16,7;16,3;97;95;96;119;5,6;3,1;
2026/04/24;0400 UTC;1,2;1006,8;1007;1006,4;0;17,3;16,9;17,4;17,2;17,1;16,7;99;97;98;92;5,1;2,8;
2026/04/24;0500 UTC;,6;1005,5;1006,2;1005;0;17,6;17,3;17,8;17,3;17,5;17,1;99;98;99;76;7;3,8;
2026/04/24;0600 UTC;,4;1004,6;1005,3;1004,1;0;17,9;17,7;18;17,8;17,8;17,5;99;98;99;64;7,4;4,5;
2026/04/24;0700 UTC;0;1004,6;1005,3;1004,1;0;18,4;18;18,5;18,1;18,2;17,9;99;98;98;122;3,4;1,7;
2026/04/24;0800 UTC;0;1004,5;1005,1;1004;0;18,3;18;18,4;18,1;18,1;17,9;99;98;99;90;3,2;1,8;
2026/04/24;0900 UTC;,6;1003,3;1004,4;1002,4;0;18,3;17,9;18,3;18,1;18;17,8;99;97;98;178;6,3;4,2;
2026/04/24;1000 UTC;0;1004,7;1005;1004,3;0;18,2;17,7;18,4;18;17,8;17,5;98;97;97;143;4,2;1,6;
2026/04/24;1100 UTC;0;1004,9;1005;1004,6;47,6;17,9;17,4;18;17,8;17,5;17,3;98;97;98;131;5,4;2,9;
2026/04/24;1200 UTC;;;;;;;;;;;;;;;;;;
2026/04/24;1300 UTC;0;1005,4;1005,6;1005,1;1041,3;19,7;18;20,6;19;18,7;17,6;95;86;92;119;7,6;4,6;
2026/04/24;1400 UTC;0;1005,6;1005,8;1005,2;925,5;20,9;18;21,2;20,6;18,8;17,6;90;83;86;101;7,4;4;
2026/04/24;1500 UTC;0;1004,9;1005,3;1004,2;1132,1;21,4;18;21,9;21,1;18,4;17,7;86;80;83;105;8,2;4,7;
2026/04/24;1600 UTC;0;1003,7;1004,3;1003,3;884,4;21,5;18;21,9;21,3;18,4;17,5;84;79;82;95;7,2;4;
2026/04/24;1700 UTC;0;1003,4;1003,8;1003;1026,8;21,9;18,2;22,3;21,3;18,7;17,7;84;78;81;100;6,1;3,4;
2026/04/24;1800 UTC;0;1002,9;1003,3;1002,6;602,1;21,9;18,2;22,2;21,7;18,6;17,9;83;79;82;89;6,3;3,1;
2026/04/24;1900 UTC;0;1002,3;1003,1;1001,3;224,9;21,4;18,2;21,9;21;18,5;18;86;81;84;93;6,2;3,7;
2026/04/24;2000 UTC;0;1001,6;1002,1;1001;234,8;20,9;18,4;21;20,8;18,6;18,1;88;86;87;90;5,5;3,8;
2026/04/24;2100 UTC;0;1002,1;1002,5;1001,4;72,7;20,7;18,2;20,9;20,4;18,5;18,1;89;86;88;94;5;2;
2026/04/24;2200 UTC;0;1002,5;1002,9;1002;,4;20,1;18,2;20,4;19,7;18,5;17,9;94;88;90;131;2;1,1;
2026/04/24;2300 UTC;0;1001,9;1002,3;1001,6;0;19,7;18,2;19,8;19,5;18,5;18,1;94;92;93;104;4,9;2;
2026/04/25;0000 UTC;0;1002,4;1002,6;1002,1;0;19,4;18,3;19,6;19,2;18,4;18,2;96;93;94;116;2,5;1,4;
2026/04/25;0100 UTC;0;1002,5;1002,8;1002,3;0;19,2;18,3;19,4;19,1;18,4;18,3;96;95;96;110;2;1,2;
2026/04/25;0200 UTC;0;1002,4;1002,6;1002,2;0;19,1;18,4;19,2;19,1;18,4;18,3;97;96;96;117;2,3;1,1;
2026/04/25;0300 UTC;0;1002,4;1002,7;1002,1;;18,9;18,4;19,1;18,8;18,4;18,3;98;96;97;124;2,8;1,5;
2026/04/25;0400 UTC;0;1002,1;1002,2;1002,1;;18,5;18,1;18,9;18,1;18,4;17,8;99;97;98;147;1,9;,8;
2026/04/25;0500 UTC;0;1002,1;1002,2;1002;;17,5;17,4;18,1;17,3;17,8;16,8;100;97;99;170;4;2,5;
2026/04/25;0600 UTC;0;1001,9;1002;1001,8;0;17,3;17,3;17,4;17,2;17,4;17,3;100;100;100;160;3,7;1,7;
2026/04/25;0700 UTC;0;1001,3;1001,8;1000,9;0;17,8;17,5;18,1;17,4;17,7;17,2;100;97;99;119;3,1;2,1;
2026/04/25;0800 UTC;0;1001;1001;1000,9;0;17,3;17,1;17,3;17,2;17,2;17;100;99;99;129;3,1;1,4;
2026/04/25;0900 UTC;0;1001,3;1001,5;1001;0;16,7;16,6;17,2;16,3;17,1;16,3;100;99;100;128;2,3;1;
2026/04/25;1000 UTC;0;1001,7;1001,8;1001,7;0;16,2;16,3;16,3;16,2;16,4;16,2;100;100;100;124;3,1;2;
2026/04/25;1100 UTC;0;1002,1;1002,6;1001,7;103,7;16,5;16,4;16,7;16,3;16,6;16,3;100;99;100;0;2,2;0;
2026/04/25;1200 UTC;0;1002,9;1003,3;1002,5;679,6;18,1;17,3;20;16,7;18,5;16,5;99;89;96;121;2,3;1,3;
2026/04/25;1300 UTC;0;1003,4;1003,5;1003,2;1390,4;20,4;0;20,6;20,1;;;91;85;87;115;3,1;2;
2026/04/25;1400 UTC;0;1003,3;1003,5;1003;2174,1;21,6;18,3;22,7;20,6;19,1;17,6;91;77;83;114;2,9;1,6;
2026/04/25;1500 UTC;0;1002,6;1003;1002,3;0;23,4;18,3;24,4;22,6;19,6;17,7;81;69;74;116;3,9;2;
2026/04/25;1600 UTC;0;1001,8;1002,2;1001,3;2509;24,5;17,9;25,1;24;18,8;17,3;71;63;67;173;3,6;2,1;
2026/04/25;1700 UTC;0;1000,7;1001,3;1000,3;2439;25,2;18,1;26;24,2;19,3;17;70;59;64;106;4,3;2,4;
2026/04/25;1800 UTC;0;1000;1000,2;999,7;2361,6;25,9;17,7;26,3;25,3;18,8;16,8;64;55;59;128;4,2;2,5;
2026/04/25;1900 UTC;0;999,7;999,8;999,6;1810,2;26,1;17,5;26,3;25,8;18,4;16;62;49;57;92;3,3;1,8;
2026/04/25;2000 UTC;0;999,6;999,7;999,5;1077,4;26;17,3;26,5;25,6;18,2;16,7;61;53;56;87;3,3;1,7;
2026/04/25;2100 UTC;0;999,4;999,5;999,3;372;24,7;17,5;25,6;23,5;18,1;16,8;71;56;64;69;1,8;1,2;
2026/04/25;2200 UTC;0;999,2;999,3;999,1;4,2;22;18,1;23,5;21;18,5;17,5;86;71;80;53;2,2;1,1;
2026/04/25;2300 UTC;0;999,3;999,4;999,1;0;20,2;18;21;19,5;18,2;17,9;92;85;89;92;1,2;,6;
2026/04/26;0000 UTC;0;999,6;999,8;999,4;0;19,2;18,1;19,6;18,7;18,3;17,9;97;92;94;37;1,2;,8;
2026/04/26;0100 UTC;0;1000;1000,1;999,8;0;18,2;17,8;18,6;18;18,1;17,4;99;95;98;46;1,6;1;
2026/04/26;0200 UTC;0;1000;1000,1;1000;0;18,1;17,5;18,5;17,8;17,8;17,2;98;95;97;192;1,1;,5;
2026/04/26;0300 UTC;0;1000;1000,1;1000;0;18;17,5;18,2;17,8;17,7;17;98;95;97;194;2,5;1,6;
2026/04/26;0400 UTC;0;1000;1000,1;999,7;0;17,6;17,2;18;17,3;17,7;16,8;99;96;98;184;1,3;1;
2026/04/26;0500 UTC;0;999,5;999,7;999,2;0;17,1;16,8;17,6;16,7;17,2;16,2;100;95;99;174;2;1,4;
2026/04/26;0600 UTC;0;998,9;999,2;998,7;0;16,9;16,7;17,3;16,5;17,2;16,3;100;97;99;158;1,5;,9;
2026/04/26;0700 UTC;0;;998,7;;0;16,6;16,5;17;16,3;17;16,2;100;99;100;249;,8;,6;
2026/04/26;0800 UTC;0;;;;0;16,1;16,1;16,3;15,8;16,4;15,6;100;99;100;194;2,3;1,9;
2026/04/26;0900 UTC;0;;;;0;16,3;16,3;16,7;15,9;16,7;16;100;98;100;198;2;1,6;
2026/04/26;1000 UTC;0;;;;0;16;15,9;16,5;15,7;16,5;15,6;100;99;100;130;1,7;,4;
2026/04/26;1100 UTC;0;;;;71,6;15,7;15,7;16,6;15,3;16,6;15,2;100;99;100;219;,8;,3;
2026/04/26;1200 UTC;0;;;;837,8;18,9;17,5;20,4;16,7;18,2;16,6;100;87;93;317;1,2;,6;
2026/04/26;1300 UTC;0;;;;1529,7;21,5;17,9;22,6;20,4;19;17,1;87;73;82;271;2,3;1,2;
2026/04/26;1400 UTC;0;;;;2140,1;23,4;17,5;24,3;22,6;18,5;16,9;78;64;71;249;5,1;2,9;
2026/04/26;1500 UTC;0;;;;2556,4;25;17,7;25,8;24,2;18,7;17,2;71;59;64;236;7,1;4,9;
2026/04/26;1600 UTC;0;;;;2773,7;26,2;17,5;26,7;25,5;18,5;16,7;64;51;57;240;8,3;4,3;
2026/04/26;1700 UTC;0;;;;2035,8;26,1;16,6;27,1;25;17,6;15,7;58;45;53;225;9,8;6;
2026/04/26;1800 UTC;0;;;;1522,7;25,8;15,8;26,9;25,2;16,6;15,2;53;47;50;228;8,5;6;
2026/04/26;1900 UTC;0;;;;1811,7;26,3;16;26,9;25,2;16,5;15,4;53;46;48;221;10,1;5,5;
2026/04/26;2000 UTC;0;;;;1063,1;25,8;15,4;26,2;25,1;16,1;14,9;53;45;48;224;9,1;5,4;
2026/04/26;2100 UTC;0;;;;404,2;24,5;14,8;25,5;23,3;15,3;14,4;56;46;51;224;5,4;3,5;
2026/04/26;2200 UTC;0;;;;5,8;21,3;14,4;23,3;19,6;14,7;14,2;73;56;65;202;4,3;2,6;
2026/04/26;2300 UTC;0;;;;0;19,6;14,3;20,3;18,8;14,7;13,7;78;70;74;197;11,2;7,6;
2026/04/27;0000 UTC;;;;;;;;;;;;;;;;;;
2026/04/27;0100 UTC;0;1002,4;1002,8;1002;0;17,3;11;18,2;16,6;12,3;9,8;71;65;68;194;7,9;5,2;
2026/04/27;0200 UTC;0;1003,2;1003,5;1002,7;0;15,7;9,2;16,6;15,3;10;8;69;64;67;203;6,3;4,4;
2026/04/27;0300 UTC;0;1003,7;1003,9;1003,5;0;15,2;7;15,6;14,8;8,1;4,9;63;50;59;202;9,9;7;
2026/04/27;0400 UTC;0;1003,9;1004;1003,7;0;14,3;4,5;15;13,4;5,2;3,7;53;48;51;193;10,1;7,1;
2026/04/27;0500 UTC;0;1004,1;1004,5;1003,6;0;12,5;3,8;13,4;11,7;4;3,6;61;52;56;207;8;5,7;
2026/04/27;0600 UTC;0;1004,7;1005;1004,4;0;10,9;3,7;11,7;10,2;4,2;3,2;66;61;64;195;8;5,3;
2026/04/27;0700 UTC;0;1005,2;1005,6;1005;0;9,2;3,4;10,2;8,8;3,6;3;73;65;71;197;8;5,3;
2026/04/27;0800 UTC;0;1005,7;1006;1005,4;0;8;2,9;8,8;7,2;3,2;2,5;78;70;74;213;5,1;2,9;
2026/04/27;0900 UTC;0;1006;1006,3;1005,9;0;7;2,3;7,3;6,4;3,1;1,4;81;72;77;209;4,6;2,8;
2026/04/27;1000 UTC;0;1006,4;1006,8;1006,2;0;5,7;1,6;6;5,5;2,2;1,2;82;77;80;201;5,8;4,2;
2026/04/27;1100 UTC;0;1007,2;1007,4;1007;0;6,4;1,1;7,3;5,8;1,6;,8;77;69;73;207;7,7;5,3;
2026/04/27;1200 UTC;0;1007,7;1008;1007,4;877,1;8,7;1,9;9,9;7,3;2,9;1;69;63;66;201;8,3;6,1;
2026/04/27;1300 UTC;0;1008,1;1008,2;1007,9;1620,3;11,2;3,7;12,4;10;4,6;2,8;65;59;62;202;8;5,7;
2026/04/27;1400 UTC;;;;;;;;;;;;;;;;;;
2026/04/27;1500 UTC;0;1007,6;1007,9;1007,3;2657,6;15;5,8;15,9;14;6,6;5,1;57;49;54;210;8,5;4,9;
2026/04/27;1600 UTC;;;;;;;;;;;;;;;;;;
2026/04/27;1700 UTC;0;1006,3;1006,7;1005,9;2747,1;17,6;6;18,1;16,9;7;4,9;49;37;42;220;8,3;4,8;
2026/04/27;1800 UTC;0;1005,8;1005,9;1005,7;2440;18,2;5,3;18,6;17,8;6,6;3,8;42;28;35;230;7,5;4,4;
2026/04/27;1900 UTC;0;1005,8;1005,9;1005,7;1895,5;18,4;5,2;18,8;18;5,9;4,5;37;31;34;211;8,1;5,8;
2026/04/27;2000 UTC;0;1005,8;1005,9;1005,6;1172,1;17,8;4,6;18,2;17,3;5,5;4;37;31;34;212;6,4;4,3;
2026/04/27;2100 UTC;0;1005,9;1006;1005,7;405,1;16,5;4,4;17,4;15,1;5,1;3,9;47;34;39;221;4,4;2,3;
2026/04/27;2200 UTC;0;1006,2;1006,3;1005,9;4,8;13,1;3,8;14,9;12,3;4,8;3;60;48;54;204;2,7;2;
2026/04/27;2300 UTC;0;1006,6;1006,9;1006,3;0;11,6;3,6;12,6;10,6;5,2;2,8;71;54;60;197;2;1,5;
2026/04/28;0000 UTC;0;1007;1007,2;1006,8;0;10,3;3,8;11,3;9,3;5,2;2,5;76;57;68;190;;2,1;
2026/04/28;0100 UTC;0;1007,2;1007,3;1007,2;0;9,1;2,7;9,3;8,9;2,9;2,5;70;67;68;181;2,3;1,9;
2026/04/28;0200 UTC;0;1007,2;1007,3;1007,1;0;8,2;2,8;9,3;7,6;3,5;2,2;78;65;73;176;2,3;2,1;
2026/04/28;0300 UTC;0;1006,9;1007,1;1006,8;0;9,1;1,9;10,2;7,3;3,6;,9;81;55;64;168;3,4;2,2;
2026/04/28;0400 UTC;0;1006,7;1006,9;1006,5;0;9;1,7;9,5;8,4;2,5;1,1;70;59;64;150;2,7;1,1;
2026/04/28;0500 UTC;0;1006,3;1006,5;1006,1;0;8,3;1,9;9,1;7,5;2,7;1;74;61;68;123;2,9;1,5;
2026/04/28;0600 UTC;0;1005,9;1006;1005,7;0;6,7;2,1;7,3;6,2;2,6;1,4;81;71;77;119;3,4;2;
2026/04/28;0700 UTC;0;1005,6;1005,7;1005,5;0;6,8;1,7;7,2;6,5;2,3;1,3;79;72;74;117;2,8;1,8;
2026/04/28;0800 UTC;;;;;;;;;;;;;;;;;;
2026/04/28;0900 UTC;;;;;;;;;;;;;;;;;;
2026/04/28;1000 UTC;;;;;;;;;;;;;;;;;;
2026/04/28;1100 UTC;;;;;;;;;;;;;;;;;;
2026/04/28;1200 UTC;0;1008,3;1008,5;1008,1;1010,4;10,7;3,7;11,6;9,9;4,4;3,1;68;61;65;118;3,6;2,3;
2026/04/28;1300 UTC;0;1008,5;1008,6;1008,4;1582;13,4;4,7;14,8;11,7;5,8;3,3;62;51;57;110;4,6;2,8;
2026/04/28;1400 UTC;0;1008,3;1008,5;1008,3;2192,9;15,5;5,1;16,1;14,7;6,4;4;54;40;48;100;5,7;3,4;
2026/04/28;1500 UTC;0;1008;1008,4;1007,5;2595,2;17,1;5,2;18;16,4;6,1;4,4;47;34;40;119;5,4;2,8;
2026/04/28;1600 UTC;0;1007,1;1007,5;1006,6;2732,8;18,4;5,6;19;17,9;6,4;4,7;41;32;36;134;5,7;2,2;
2026/04/28;1700 UTC;0;1006,2;1006,6;1005,9;2672;18,8;6,3;19,1;18,5;7,3;5,4;42;33;37;99;6,1;2;
2026/04/28;1800 UTC;0;1005,6;1005,9;1005,4;2371,5;19,2;6;19,6;18,7;6,7;5,2;37;30;34;125;3,1;1,3;
2026/04/28;1900 UTC;0;1005,3;1005,4;1005,2;1815,5;19,8;6,6;20,1;19,3;7,6;5,7;39;31;34;208;2,8;,9;
2026/04/28;2000 UTC;0;1004,6;1005,2;1004,3;1101,4;20,1;6,7;20,4;19,7;7,6;5,7;37;29;33;101;1,7;,7;
2026/04/28;2100 UTC;0;1004,3;1004,4;1004,3;366,4;18,7;7,2;20,1;17,3;8,1;6,7;53;34;42;26;2,1;1,4;
2026/04/28;2200 UTC;0;1004,2;1004,4;1004,1;2;14,7;8,4;17,2;12,8;9,8;7,1;81;51;69;47;1,9;,7;
2026/04/28;2300 UTC;0;1004,3;1004,4;1004;0;12,3;8;13,1;11,8;9,3;6,2;84;67;79;95;1,2;,8;
2026/04/29;0000 UTC;0;1004,2;1004,5;1004;0;11,6;8;12,2;11;9,6;6,5;90;72;82;134;1,1;,6;
2026/04/29;0100 UTC;0;1004,1;1004,2;1004;0;11,3;7,7;11,7;10,8;8,6;6,8;87;76;82;121;1,3;,9;
2026/04/29;0200 UTC;0;1004,1;1004,2;1003,9;0;10,6;7,5;11,4;10;8,6;6,7;88;78;84;137;1,7;,9;
2026/04/29;0300 UTC;0;1003,7;1004,2;1003,1;0;10,4;7,1;10,9;9,6;7,7;6,5;87;79;83;28;1,9;1,2;
2026/04/29;0400 UTC;0;1002,8;1003,1;1002,6;0;9,8;6,8;10,9;9,3;7,6;5,7;91;74;85;79;2,9;1,3;
2026/04/29;0500 UTC;;;;;;;;;;;;;;;;;;
2026/04/29;0600 UTC;0;1001,9;1002,1;1001,6;0;9,5;6,4;10;9,1;6,7;5,9;88;82;85;122;1,7;1,1;
2026/04/29;0700 UTC;0;1001,4;1001,7;1001,1;0;9,2;6,2;9,8;8,7;6,7;5,8;88;80;85;115;3,7;2,2;
2026/04/29;0800 UTC;0;1001,5;1001,7;1001,2;0;8,9;6,2;9,9;8,4;6,5;5,8;90;80;86;134;1,9;,7;
2026/04/29;0900 UTC;0;1001,7;1001,8;1001,5;0;8,8;5,8;9,1;8,2;6,4;5,5;91;83;85;113;3,9;2,5;
2026/04/29;1000 UTC;0;1002;1002,2;1001,9;0;9,6;5,5;10;9,4;5,7;5,3;81;77;79;113;3,4;2,2;
2026/04/29;1100 UTC;;;;;;;;;;;;;;;;;;
2026/04/29;1200 UTC;0;1002,7;1002,9;1002,6;912,1;12,3;6,7;13,3;11,5;7,4;5,8;74;69;72;109;4,5;2,7;
2026/04/29;1300 UTC;0;1003;1003,1;1002,9;1530,5;15;7,7;16,4;13,4;8,8;6,8;69;59;64;85;5,3;2,6;
2026/04/29;1400 UTC;0;1002,9;1002,9;1002,8;2359,6;18,8;10,1;19,1;18,7;10,4;9,8;59;55;56;92;3,7;2,1;
2026/04/29;1500 UTC;0;1003,1;1003,3;1002,8;2528,7;20,4;10,2;21,5;19,1;11,1;9,6;58;42;49;92;3,4;2,1;
2026/04/29;1600 UTC;0;1002,8;1003;1002,5;2670,4;22,2;10,4;23;21,2;11,3;9,7;49;37;41;93;2,9;1,5;
2026/04/29;1700 UTC;0;1002,2;1002,5;1001,9;2604,4;23,7;11,1;24,4;23;12,4;10,3;41;34;37;248;3,9;1,5;
2026/04/29;1800 UTC;0;1001,7;1001,9;1001,5;2293,1;24,8;11,8;25,5;24;12,6;11,1;40;33;35;306;2,8;1,4;
2026/04/29;1900 UTC;0;1001,5;1001,6;1001,5;1758,3;25,3;12;25,9;24,8;13;11,4;37;30;33;232;3,2;1,8;
2026/04/29;2000 UTC;0;1001,4;1001,5;1001,3;1075,9;25,3;12,2;25,9;25;13;11,3;39;31;34;248;3,9;1,6;
2026/04/29;2100 UTC;0;1001,3;1001,4;1001,2;350,1;23,8;12,7;25,4;21,5;13,5;11,8;54;34;44;;;;
2026/04/29;2200 UTC;0;1001,3;1001,4;1001,1;2,8;18,6;12,6;21,5;16,3;14,2;11,5;79;51;70;;;;
2026/04/29;2300 UTC;0;1001,6;1002;1001,3;0;15,7;11,3;16,5;15;12;10,4;83;73;78;;;;
2026/04/30;0000 UTC;0;1002,4;1002,8;1002;0;15,1;10,1;16,2;14,3;11,2;8,7;80;65;75;;;;
2026/04/30;0100 UTC;0;1003,1;1003,3;1002,8;0;14,6;9,6;15,8;13,8;10,3;8,9;80;66;75;;;;
2026/04/30;0200 UTC;0;1003,5;1003,6;1003,3;0;14,8;9,2;16,1;13,4;9,9;8,7;81;63;72;;;;
2026/04/30;0300 UTC;0;1003,7;1003,9;1003,6;0;13,2;9,2;15,3;12,1;9,7;8,8;86;69;80;164;5,7;3,2;
2026/04/30;0400 UTC;0;1003,7;1003,9;1003,6;0;14,8;8,9;15,4;14,1;9,7;8,5;76;67;71;112;3,2;1,8;
2026/04/30;0500 UTC;0;1003,7;1003,8;1003,6;0;12,3;9,1;14,6;11;9,6;8,5;91;72;84;124;2;1;
2026/04/30;0600 UTC;0;1003,7;1003,8;1003,6;0;11,7;8,9;12,5;10,9;9,3;8,7;91;81;86;118;1,8;1,2;
2026/04/30;0700 UTC;0;1003,6;1003,7;1003,5;0;12,2;8,9;13,1;11,2;9,1;8,7;89;79;84;115;3,5;2,3;
2026/04/30;0800 UTC;0;1003,8;1003,9;1003,5;0;12,1;8,9;12,6;10,9;9,1;8,7;89;82;84;119;2,6;1,6;
2026/04/30;0900 UTC;0;1003,5;1003,8;1003,4;0;11,1;8,7;12,1;10,4;8,9;8,6;93;83;88;106;3;1,7;
2026/04/30;1000 UTC;0;1003,6;1003,8;1003,4;0;12;8,5;12,1;11,5;8,8;8,3;85;82;83;112;2,9;1,9;
2026/04/30;1100 UTC;0;1004,1;1004,2;1003,8;62,8;11,5;8,5;12,3;11,2;8,9;8,2;85;83;85;111;2,9;1,8;
2026/04/30;1200 UTC;0;1004,5;1004,8;1004,2;806,8;14,2;9,3;15,6;12,4;10,1;8,6;82;70;75;105;2,7;1,5;
2026/04/30;1300 UTC;0;1004,9;1005,1;1004,8;1515,3;17,2;10,5;19,4;15,6;11,8;9,5;73;58;66;75;2,4;1,3;
2026/04/30;1400 UTC;0;1005,1;1005,2;1005;2114,3;20,9;12;22,1;19,5;13,1;10,9;61;52;55;67;3,4;2;
2026/04/30;1500 UTC;0;1004,6;1005,1;1004;2514,8;23,1;13;24,3;22;14;12,2;56;44;50;60;5,5;3,3;
2026/04/30;1600 UTC;0;1003,8;1004,1;1003,4;2666,5;25,3;13,3;26,1;24,4;14,1;12,7;45;35;40;60;4,9;2,5;
2026/04/30;1700 UTC;0;1003,2;1003,5;1002,9;2600,9;26,4;13,5;27;25,8;14,2;12,4;39;32;35;57;4,7;2,4;
2026/04/30;1800 UTC;0;1002,5;1002,9;1002,2;2301,8;27,2;13,5;27,6;26,8;14,7;13,1;36;28;32;71;4,7;2,6;
2026/04/30;1900 UTC;0;1002,1;1002,2;1002;1768,9;27,5;13,5;27,7;27,3;14,2;12,8;34;27;30;78;4,1;2,1;
2026/04/30;2000 UTC;0;1001,9;1002;1001,8;1068,8;27,2;13,7;27,6;26,6;14,3;13,2;37;30;33;90;3,4;2,2;
2026/04/30;2100 UTC;0;1001,7;1001,8;1001,4;347,6;24,9;13,4;26,6;23;14,1;12,3;48;34;43;99;3,8;2,5;
2026/04/30;2200 UTC;0;1001,4;1001,5;1001,2;3,6;21,2;12;23;20,2;12,6;11,7;58;48;54;108;4,1;2,5;
2026/04/30;2300 UTC;0;1001,2;1001,4;1001,1;0;20,3;11,4;20,6;20,1;11,8;11,1;58;53;55;95;5;3,3;
2026/05/01;0000 UTC;0;1001,8;1002,1;1001,4;0;19,9;10,9;20,3;19,6;11,2;10,6;56;53;55;89;6,2;4;
2026/05/01;0100 UTC;0;1002,2;1002,3;1002,1;0;19,1;11;19,5;18,7;11,1;10,8;61;57;59;92;6,6;4,4;
2026/05/01;0200 UTC;;;;;;;;;;;;;;;;;;
2026/05/01;0300 UTC;0;1001,8;1002,1;1001,6;0;17,9;10,9;18,3;17,6;11;10,7;66;63;65;88;7,1;4,6;
2026/05/01;0400 UTC;0;1001,5;1001,9;1001,2;0;17,8;11;18,5;17,3;11,2;10,8;68;63;66;73;6,7;4;
2026/05/01;0500 UTC;0;1001,2;1001,4;1000,8;0;18,1;11,3;18,5;17,9;11,5;11,1;68;63;66;;;;
2026/05/01;0600 UTC;0;1000,5;1000,8;1000,2;0;18;11,4;18,3;17,8;11,5;11,2;68;65;67;;;;
2026/05/01;0700 UTC;0;1000;1000,3;999,8;0;17,7;11,5;17,9;17,5;11,7;11,4;;;;;;;
2026/05/01;0800 UTC;0;999,8;999,9;999,6;0;17,7;11,7;18;17,5;11,9;11,4;71;69;70;;;;
2026/05/01;0900 UTC;0;999,6;999,9;999,3;0;17,4;12,2;18;17,1;12,5;11,7;76;69;74;;;;
2026/05/01;1000 UTC;0;999,3;999,6;998,8;0;17,6;12,5;18;17,1;13;12,2;76;73;75;;;;
2026/05/01;1100 UTC;;;;;;;;;;;;;;;;;;
2026/05/01;1200 UTC;0;998,5;999,1;998;6,6;18,3;15,2;19;17,9;15,6;14,9;86;83;85;;;;
2026/05/01;1300 UTC;1,8;998,5;999,4;998,2;9,3;18,8;16,7;19,6;18,2;17,6;15,6;95;82;90;;;;
2026/05/01;1400 UTC;,2;999,9;1000,7;998,8;14,2;19,5;17,8;20,7;18;18,7;16,8;95;88;92;;;;
2026/05/01;1500 UTC;;;;;;;;;;;;;;;;;;
2026/05/01;1600 UTC;14,4;999,4;1000,5;998,4;156,5;19,5;19,5;19,7;19;19,7;19;100;100;100;;;;
2026/05/01;1700 UTC;37,1;998,1;998,7;997,1;41,9;19,9;20;20,7;19,5;20,8;19,5;100;100;100;;;;
2026/05/01;1800 UTC;23,1;997,8;998,3;997,4;88,6;20,6;20,6;20,8;20,2;20,9;20,3;100;100;100;;;;
2026/05/01;1900 UTC;,8;997;997,4;996,7;128,1;20,7;20,8;20,9;20,5;21;20,6;100;100;100;;;;
2026/05/01;2000 UTC;3;997,3;997,5;997,1;154,3;20,4;20,5;20,9;20,1;21;20,1;100;100;100;;;;
2026/05/01;2100 UTC;4,9;997,8;998,3;997,5;17,7;20,4;20,5;20,5;20,2;20,6;20,2;100;100;100;;;;
2026/05/01;2200 UTC;8,3;997,7;998,2;996,6;,4;20,2;20,3;20,4;20,2;20,4;20,2;100;100;100;;;;
2026/05/01;2300 UTC;2,6;998,4;999;997,7;0;20,3;20,4;20,4;20,3;20,5;20,4;100;100;100;;;;
2026/05/02;0000 UTC;,2;998,8;999,2;998,5;0;20,4;20,4;20,4;20,3;20,5;20,3;100;100;100;;;;
2026/05/02;0100 UTC;0;999,5;999,6;999,2;0;20,2;20,3;20,3;20,1;20,4;20,2;100;100;100;;;;
2026/05/02;0200 UTC;0;999,4;999,6;999,2;0;20;20,1;20,1;19,8;20,2;19,9;100;100;100;;;;
2026/05/02;0300 UTC;0;999,7;999,9;999,3;0;19,8;19,8;19,9;19,7;20;19,8;100;100;100;;;;
2026/05/02;0400 UTC;0;1000,4;1000,9;999,9;0;19,9;20;20,1;19,8;20,1;19,8;100;100;100;;;;
2026/05/02;0500 UTC;0;1000,8;1001;1000,5;0;19,8;19,8;19,9;19,7;19,9;19,8;100;100;100;;;;
2026/05/02;0600 UTC;0;1001;1001,2;1000,8;0;20,1;20,1;20,2;19,9;20,2;19,7;100;99;100;;;;
2026/05/02;0700 UTC;0;1001;1001,4;1000,8;0;19,7;19,4;20;19,5;19,7;19,1;99;97;98;;;;
2026/05/02;0800 UTC;;;;;;;;;;;;;;;;;;
2026/05/02;0900 UTC;0;1002,6;1002,9;1002,4;0;18;17,1;18,6;17,6;17,6;16,9;97;93;95;;;;
2026/05/02;1000 UTC;0;1003,2;1003,8;1002,9;0;17,5;16,8;17,7;17,1;17;16,6;98;96;97;;;;
2026/05/02;1100 UTC;0;1004,5;1005,2;1003,8;65,1;17;16,4;17,1;16,9;16,6;16,3;97;97;97;;;;
2026/05/02;1200 UTC;0;1006,1;1007,1;1005,2;711,9;18,1;16,5;18,9;17,1;16,7;16,2;96;87;92;185;3,5;2,5;
2026/05/02;1300 UTC;0;1007,8;1008,7;1007,1;1023,1;18,6;16,1;19,1;17,8;16,7;15,4;90;86;88;;;;
2026/05/02;1400 UTC;0;1009,2;1009,7;1008,7;1418;18;15,2;18,9;17,5;15,7;14,7;88;82;86;;;;
2026/05/02;1500 UTC;0;1009,8;1009,9;1009,7;2576;20,1;15,5;20,9;19;16,8;14,7;85;71;77;;;;
2026/05/02;1600 UTC;0;1009,8;1009,9;1009,7;2653,6;20,5;14,7;20,7;20,3;15,6;13,7;76;66;71;;;;
2026/05/02;1700 UTC;0;1009,6;1009,8;1009,2;2626,9;20,6;13,4;20,9;20,4;14,7;11,6;70;55;64;;;;
2026/05/02;1800 UTC;0;1009,4;1009,6;1009,2;2312,5;20,6;12;20,8;20,3;13,2;10;63;48;57;;;;
2026/05/02;1900 UTC;0;1009,6;1009,8;1009,4;1782,5;20,3;10,5;20,6;19,9;11,3;9,8;55;48;51;;;;
2026/05/02;2000 UTC;0;1009,9;1010,2;1009,7;1087,9;19,6;9,8;20;18,9;10,7;8,7;55;48;51;;;;
2026/05/02;2100 UTC;0;1010,3;1010,6;1010,1;347,2;17,9;8,3;18,9;16,7;9,2;7,7;59;48;52;;;;
2026/05/02;2200 UTC;0;1010,8;1011;1010,5;3,3;15,2;7,7;16,6;13,9;8,6;7,2;69;58;63;;;;
2026/05/02;2300 UTC;0;1011,1;1011,3;1010,9;0;13,4;7,3;13,9;13;7,9;6,7;74;67;70;176;8,1;5,7;
2026/05/03;0000 UTC;0;1011,8;1011,9;1011,6;0;11,9;6,5;12,1;11,9;6,7;6,3;74;71;73;173;7,4;5,2;
2026/05/03;0100 UTC;0;1012,2;1012,2;1012,2;0;12,3;5;12,4;12,3;5,2;4,8;64;63;63;154;8;3;
2026/05/03;0200 UTC;0;1012,4;1012,5;1012,2;0;11,6;4,7;12,2;11,1;5,1;4,3;68;62;66;132;6,8;3,1;
2026/05/03;0300 UTC;;;;;;;;;;;;;;;;;;
2026/05/03;0400 UTC;0;1012,7;1012,8;1012,4;0;9,6;4;10,3;9;4,3;3,7;76;68;72;136;5;2,3;
2026/05/03;0500 UTC;0;1012,5;1012,6;1012,3;0;9;3,7;9,2;8,6;4,1;3,4;76;71;73;123;5,1;2,6;
2026/05/03;0600 UTC;0;1012,6;1012,7;1012,5;0;7,8;3,9;8,6;7,1;4,6;3,4;87;75;80;112;2,1;1,1;
2026/05/03;0700 UTC;0;1012,5;1012,6;1012,3;0;6,2;4,2;7,1;5,7;5,3;3,8;95;86;90;102;1,7;,7;
2026/05/03;0800 UTC;0;1012,5;1012,6;1012,3;0;5,3;4,7;5,6;4,8;5,2;3,8;99;91;97;124;2;1,1;
2026/05/03;0900 UTC;0;1012,4;1012,5;1012,2;0;5,3;4,4;5,5;5,1;4,7;4;97;94;96;115;2,2;1,3;
2026/05/03;1000 UTC;0;1012,5;1012,9;1012,2;0;5,6;4,3;5,7;5,3;4,6;4,1;95;92;94;100;2,3;1,2;
2026/05/03;1100 UTC;0;1012,6;1012,6;1012,5;207,6;7,1;4,9;7,2;7;5,2;4,8;90;89;89;118;4,2;2,6;
2026/05/03;1200 UTC;0;1012,6;1012,7;1012,5;821;8,8;0;10,1;7,2;;;90;78;83;101;5,4;3,1;
2026/05/03;1300 UTC;0;1012,3;1012,5;1012;1557,9;11,4;5,7;12,3;10,1;6,8;4,8;81;63;72;89;7,4;4,6;
2026/05/03;1400 UTC;0;1012;1012,2;1011,6;2181,5;13,3;5,5;14,4;12,3;6,6;4,8;66;56;61;96;7,2;4,3;
2026/05/03;1500 UTC;0;1011;1011,7;1010,4;2600,5;15;5,7;15,8;14,2;6,8;5;59;50;54;87;8,5;4,7;
2026/05/03;1600 UTC;0;1010;1010,4;1009,5;2731,9;16,5;6,5;17,1;15,7;7,4;5,5;55;45;50;81;7,9;4,3;
2026/05/03;1700 UTC;0;1008,8;1009,5;1008,2;2668;17,6;6,9;18;17;8,1;5,9;52;41;47;78;7,4;4;
2026/05/03;1800 UTC;0;1007,6;1008,2;1007;2343,4;18,2;7,4;18,5;17,9;8,5;6,5;51;43;46;83;6,7;4,2;
2026/05/03;1900 UTC;0;1006,6;1007;1006,2;1786,5;18,6;7,9;18,9;18,3;8,8;7,2;50;43;47;92;8;4,3;
2026/05/03;2000 UTC;0;1006,1;1006,4;1005,9;1081,5;18,4;7,8;18,7;18;8,4;7,1;51;44;47;89;6,6;3,3;
2026/05/03;2100 UTC;0;1005,7;1005,9;1005,5;332,4;17;7,5;18;15,5;8;7,1;;;;0;;0;
2026/05/03;2200 UTC;0;1005,3;1005,6;1005;2,1;14,5;7,6;15,4;14,1;8;7;69;60;66;100;5,2;3;
2026/05/03;2300 UTC;0;1005,6;1005,9;1005,5;0;13,1;7,1;13,5;12,6;7,4;6,8;73;67;70;119;4,6;3;
2026/05/04;0000 UTC;0;1005,4;1005,6;1005,2;0;12,5;7,5;12,7;12,1;7,7;7,2;77;73;75;108;5,5;3;
2026/05/04;0100 UTC;0;1005,5;1005,6;1005,2;0;11,6;7,4;12;11,1;7,6;7,1;82;77;79;105;5,1;2,9;
2026/05/04;0200 UTC;0;1004,9;1005,2;1004,7;0;11,2;7,5;11,4;11,1;7,7;7,3;82;80;81;94;5,5;3,9;
2026/05/04;0300 UTC;0;1004,3;1004,7;1004,1;0;11,3;7,1;11,5;11,1;7,4;6,8;81;77;79;95;7,4;4,8;
2026/05/04;0400 UTC;0;1004;1004,1;1003,8;0;11,1;7;11,2;11;7,1;6,8;80;78;79;102;7;4,5;
2026/05/04;0500 UTC;0;1003,5;1003,9;1003,3;0;10,9;7,2;11,2;10,7;7,4;6,9;83;79;81;101;6,9;4,2;
2026/05/04;0600 UTC;0;1002,8;1003,3;1002,1;0;10,7;7,3;10,8;10,7;7,4;7,2;84;82;83;103;7,1;4,2;
2026/05/04;0700 UTC;0;1002;1002,1;1001,8;0;10;7,3;10,6;9,7;7,4;7,2;88;83;86;115;6,2;3,8;
2026/05/04;0800 UTC;0;1001,7;1002;1001,6;0;9,7;7,4;9,9;9,5;7,6;7,3;90;87;89;103;5,2;3,2;
2026/05/04;0900 UTC;0;1001,6;1001,7;1001,5;0;9,5;7,5;9,6;9,3;7,6;7,4;91;89;90;108;5,2;3;
2026/05/04;1000 UTC;0;1001,8;1001,9;1001,7;0;9,3;7,7;9,5;9,1;7,8;7,6;93;91;92;102;4,8;2,6;
2026/05/04;1100 UTC;0;1002,1;1002,4;1001,8;71,2;9,6;8,1;10;9,3;8,4;7,9;93;91;92;98;3,9;1,9;
2026/05/04;1200 UTC;0;1002,8;1003,1;1002,4;721,4;11,9;8,7;13,5;10,1;9,5;8,2;91;78;84;100;3,3;2,2;
2026/05/04;1300 UTC;0;1003,2;1003,4;1003,1;1009,7;14,2;10,1;15;13,5;11,1;9,1;83;76;79;91;3,1;1,8;
2026/05/04;1400 UTC;;;;;;;;;;;;;;;;;;
2026/05/04;1500 UTC;0;1002,9;1003,2;1002,8;2037,6;20;13,3;21,2;18,7;14,5;12,1;71;63;66;84;4,3;1,9;
2026/05/04;1600 UTC;0;1002,8;1003;1002,4;964,4;21;14,3;21,4;20,7;15;13,9;70;63;67;166;2,9;1,1;
2026/05/04;1700 UTC;0;1001,9;1002,4;1001,5;802,8;21,2;15;21,6;20,8;15,8;14,5;72;67;69;;;;
2026/05/04;1800 UTC;0;1001,1;1001,5;1000,7;843;21,7;15,7;22,1;21,4;16,4;15,3;73;69;70;;;;
2026/05/04;1900 UTC;0;1000,5;1000,7;1000,4;727,9;22,2;16,4;22,5;22;17,1;16;73;69;71;;;;
2026/05/04;2000 UTC;0;1000,4;1000,5;1000,4;323;22,2;17;22,3;22,1;17,7;16,6;78;71;74;;;;
2026/05/04;2100 UTC;0;1000,5;1000,5;1000,3;89;21,8;18,1;22,2;21,3;18,5;17,4;86;76;82;;;;
2026/05/04;2200 UTC;0;1000,4;1000,5;1000,3;,3;21;18;21,3;20,7;18,2;17,7;86;83;85;;;;
2026/05/04;2300 UTC;0;1000,7;1000,9;1000,5;0;20,5;18;20,7;20,3;18,6;17,7;90;85;88;;;;
2026/05/05;0000 UTC;0;1001,1;1001,2;1000,9;0;20,6;18,8;20,7;20,5;19,1;18,5;93;89;91;;;;
2026/05/05;0100 UTC;0;1001,1;1001,3;1001;0;20,6;19,3;20,8;20,3;19,5;19,2;95;93;94;;;;
2026/05/05;0200 UTC;0;1001,5;1001,7;1001,2;0;20,2;19,4;20,4;20;19,6;19,2;97;95;96;;;;
2026/05/05;0300 UTC;0;1001,9;1002;1001,7;0;20,5;19,6;20,6;20,3;19,6;19,5;96;95;95;;;;
2026/05/05;0400 UTC;0;1001,9;1002;1001,8;0;20,4;19,5;20,6;20,2;19,6;19,4;97;95;96;;;;
2026/05/05;0500 UTC;0;1001,8;1002;1001,7;0;20,7;19,5;20,8;20,5;19,6;19,5;95;93;94;;;;
2026/05/05;0600 UTC;0;1001,8;1001,9;1001,7;0;20,4;19,4;20,8;20,2;19,5;19,3;96;93;95;;;;
2026/05/05;0700 UTC;0;1001,6;1001,8;1001,4;0;19,9;19,3;20,1;19,7;19,5;19,1;98;96;97;;;;
2026/05/05;0800 UTC;0;1001,6;1001,7;1001,5;0;20;19,5;20,1;19,9;19,6;19,3;98;97;98;;;;
2026/05/05;0900 UTC;0;1001,7;1001,9;1001,5;0;20,2;19,7;20,4;20;19,8;19,5;98;97;97;;;;
2026/05/05;1000 UTC;0;1002,1;1002,4;1001,9;0;20,3;19,7;20,5;20;19,8;19,5;98;96;97;;;;
2026/05/05;1100 UTC;0;1002,8;1003;1002,5;64,8;20,1;19,7;20,5;19,9;19,8;19,5;98;96;98;;;;
2026/05/05;1200 UTC;0;1003,4;1003,7;1003;677,9;21,8;19,9;22,8;20,5;20,4;19,7;96;87;91;;;;
2026/05/05;1300 UTC;0;1003,9;1004,1;1003,6;1348,1;24,5;20,3;25,9;22,9;20,8;20;87;73;79;;;;
2026/05/05;1400 UTC;0;1004,1;1004,2;1004;1912,4;27;21;28,2;25,9;21,5;20,4;75;65;70;350;5;4,2;
2026/05/05;1500 UTC;0;1003,8;1004,1;1003,5;2278,6;28,9;21,6;29,8;28;22,2;21,1;66;61;63;312;8,8;5,6;
2026/05/05;1600 UTC;0;1003,3;1003,5;1003;2289,5;29,7;21,9;30,1;29,4;22,4;21,5;63;59;61;334;8,7;6,4;
2026/05/05;1700 UTC;0;1002,5;1003;1002,2;1997,2;30,3;21,8;30,7;29,8;22,2;21,3;60;54;58;320;9,8;5,7;
2026/05/05;1800 UTC;0;1001,9;1002,1;1001,6;2023,3;30,9;22,1;31,5;29,9;22,8;21,3;59;54;56;315;8;5,3;
2026/05/05;1900 UTC;0;1001,4;1001,6;1001,3;1494,6;31;21,9;31,4;30,5;22,4;21,5;57;53;55;334;6,4;4,7;
2026/05/05;2000 UTC;0;1001,4;1001,5;1001,3;916;30,7;22;31,2;30,2;22,3;21,5;59;53;56;286;5,4;3;
2026/05/05;2100 UTC;0;1001,4;1001,4;1001,3;230,8;28,8;21,7;30,1;27,7;22;21,4;69;58;65;26;2,5;1,9;
2026/05/05;2200 UTC;0;1001,5;1001,6;1001,3;1,1;26,6;21,1;27,7;25,7;21,6;20,7;76;69;73;34;1,9;1,1;
2026/05/05;2300 UTC;0;1001,5;1001,6;1001,4;0;25,6;20,7;25,9;25,3;21,2;20,4;78;73;76;44;2,4;1,3;
2026/05/06;0000 UTC;0;1001,7;1001,8;1001,5;0;25,2;20,4;25,8;24,8;20,5;20,2;77;74;76;;;;
2026/05/06;0100 UTC;0;1002;1002,2;1001,8;0;24,5;20;25;24;20,2;19,8;79;76;78;;;;
2026/05/06;0200 UTC;0;1002;1002,1;1001,8;0;23,7;19,9;24;23,4;20;19,8;82;79;81;;;;
2026/05/06;0300 UTC;0;1002;1002,1;1001,9;0;23;19,9;23,6;22,7;19,9;19,8;86;82;84;;;;
2026/05/06;0400 UTC;0;1002,1;1002,2;1002;0;22,5;19,8;22,8;22;19,9;19,7;88;85;87;;;;
2026/05/06;0500 UTC;0;1002,2;1002,5;1002;0;22,2;19,7;22,6;21,9;19,8;19,6;89;85;87;;;;
2026/05/06;0600 UTC;0;1002,5;1002,6;1002,4;0;22,3;19,8;22,6;22,1;19,8;19,7;88;86;87;;;;
2026/05/06;0700 UTC;0;1002,6;1002,7;1002,3;0;22,2;19,9;22,8;21,6;20,1;19,7;92;86;89;;;;
2026/05/06;0800 UTC;0;1002,2;1002,7;1002;0;22,3;20;23;21,5;20,2;19,8;93;85;88;;;;
2026/05/06;0900 UTC;1;1002;1002,9;1001,7;,4;21,5;20,5;22,2;21,2;20,7;20,1;97;90;95;;;;
2026/05/06;1000 UTC;;;;;;;;;;;;;;;;;;
2026/05/06;1100 UTC;0;1002,1;1002,2;1002;84,4;21,7;20;21,9;21,4;20,2;19,9;94;90;92;;;;
2026/05/06;1200 UTC;0;1002,2;1002,4;1002;572;22,8;20,2;23,7;21,8;20,9;19,8;91;84;87;;;;
2026/05/06;1300 UTC;0;1002,5;1002,7;1002,3;906,2;24,4;20,8;25;23,8;21,1;20,4;86;79;82;;;;
2026/05/06;1400 UTC;0;1002,5;1002,7;1002,2;1436,7;26;21,6;27,4;24,7;22,4;20,8;83;72;78;67;6,9;4,9;
2026/05/06;1500 UTC;0;1001,9;1002,3;1001,5;2099,5;29;22,4;29,8;27,3;23,2;22;75;62;67;136;7,8;5,3;
2026/05/06;1600 UTC;0;1000,9;1001,5;1000,4;2469,1;30,7;22,3;31,6;29,7;22,8;21,8;64;54;58;219;9,2;5,7;
2026/05/06;1700 UTC;0;999,7;1000,4;999,1;2057,3;31,3;22,1;31,9;30,4;22,9;21,6;59;50;54;189;9,6;6;
2026/05/06;1800 UTC;0;998,7;999,1;998,3;1763,2;31,5;21,5;32,4;30,9;22,3;21;52;47;50;328;10,1;6,8;
2026/05/06;1900 UTC;0;998;998,4;997,8;1257,9;31,1;21,8;31,8;30,2;22,6;21,2;56;51;53;336;11,1;7,1;
2026/05/06;2000 UTC;0;997,7;997,9;997,5;678,8;29,8;21,6;30,3;29,3;21,8;21,2;62;55;59;98;6,1;4,1;
2026/05/06;2100 UTC;0;997,4;997,5;997,2;212,9;28,5;21,5;29,5;27,5;21,9;21,2;69;61;65;28;5,1;3,3;
2026/05/06;2200 UTC;0;997,1;997,2;996,9;1,2;26,8;21;27,5;26,4;21,2;20,9;73;69;71;34;3,7;2,2;
2026/05/06;2300 UTC;0;997;997;996,8;0;25,9;20,8;26,5;25,5;20,9;20,7;76;72;75;31;5,2;3,1;
2026/05/07;0000 UTC;0;996,8;997;996,7;0;25,3;20,7;25,6;25;20,8;20,7;79;76;77;35;4,4;2,5;
2026/05/07;0100 UTC;0;996,9;997;996,8;0;24,9;20,7;25,1;24,8;20,8;20,7;80;78;79;33;4,3;2,7;
2026/05/07;0200 UTC;0;996,9;997;996,7;0;25,1;20,8;25,2;25;20,9;20,8;79;78;79;25;5,3;3,1;
2026/05/07;0300 UTC;0;996,4;996,8;996,1;0;24,8;20,7;25;24,6;20,8;20,6;80;78;79;20;5,4;3,9;
2026/05/07;0400 UTC;0;995,8;996,1;995,4;0;25;20,4;25,3;24,8;20,6;20,2;78;75;77;90;6,9;4,7;
2026/05/07;0500 UTC;0;995;995,4;994,5;0;25,3;20,2;25,6;25;20,3;20;76;73;75;188;9,7;5,8;
2026/05/07;0600 UTC;0;994,2;994,7;993,8;0;25,1;20,1;25,4;24,8;20,2;20;76;73;75;291;8,9;5,8;
2026/05/07;0700 UTC;0;993,5;993,8;993;0;25,2;19,9;25,3;24,9;20,1;19,8;76;73;74;231;10,4;6,7;
2026/05/07;0800 UTC;0;992,7;993,3;991,9;0;24,9;19,7;25;24,8;19,9;19,6;75;74;74;167;11,9;7,8;
2026/05/07;0900 UTC;0;991,7;992,1;991,2;0;24,6;19,4;24,8;24,3;19,7;19,2;75;73;74;260;9,8;6,3;
2026/05/07;1000 UTC;0;991,5;991,8;991,2;0;24,8;19,3;25,1;24,4;19,4;19,1;74;71;73;271;12,9;7,9;
2026/05/07;1100 UTC;0;991,5;991,8;991;19;24,8;19;25;24,6;19,2;18,8;73;70;71;101;11,8;8,2;
2026/05/07;1200 UTC;0;990,3;991;989,9;521,9;25,3;18,9;26,2;24,7;19,2;18,7;71;64;68;227;12,9;9,1;
2026/05/07;1300 UTC;0;989,5;990;988,3;1277,2;27,2;19,3;28,2;26,3;19,5;19;65;56;60;324;17,3;11,3;
2026/05/07;1400 UTC;0;988,8;989,3;988,2;1989,1;28,8;19,7;29,4;28,3;20,2;19,4;57;52;55;327;16,1;11,2;
2026/05/07;1500 UTC;0;987,8;988,5;987,3;2319,6;29,9;20,2;30,4;29,5;20,8;19,9;53;50;52;;;;
2026/05/07;1600 UTC;0;987,3;987,7;986,7;1562,9;29,6;20,2;30,6;28,6;20,7;19,7;56;49;53;;;;
2026/05/07;1700 UTC;0;985,9;986,9;984,8;922,9;29,1;19,9;29,7;28,5;20,3;19,6;57;51;54;;;;
2026/05/07;1800 UTC;,2;984,5;985,1;984;470,3;27,7;19,7;29,4;26,2;20,1;19,4;67;52;60;;;;
2026/05/07;1900 UTC;1,4;985,2;987,4;983,8;69,4;23,6;19,2;26,6;19,5;19,9;18,7;97;65;78;;;;
2026/05/07;2000 UTC;5,5;986,9;987,7;985,8;18;19,2;18,8;19,5;18,9;19;18,4;99;97;98;;;;
2026/05/07;2100 UTC;,4;988,3;989;987,5;40,2;18,9;18,4;19,1;18,4;18,7;17,5;98;96;98;;;;
2026/05/07;2200 UTC;,2;990,1;991;989;,6;17,9;16,6;18,4;17,7;17,5;16,1;96;91;93;;;;
2026/05/07;2300 UTC;;;;;;;;;;;;;;;;;;
2026/05/08;0000 UTC;0;991;991,6;990,1;0;15,2;11,6;15,5;14,9;12,4;11,1;85;80;82;;;;
2026/05/08;0100 UTC;1,8;993,2;994,7;991,2;1;13,9;12,1;15;13,3;12,8;11;97;80;91;256;5,9;3;
2026/05/08;0200 UTC;,4;993,4;994,4;992,7;0;13,5;13,1;13,6;13,3;13,3;12,7;99;97;98;;;;
2026/05/08;0300 UTC;1,4;994,4;995,8;993,2;0;13,8;13,2;13,9;13,6;13,4;12,8;98;95;97;;;;
2026/05/08;0400 UTC;1,2;995,2;995,6;994,8;,7;13,1;11,7;13,8;12,2;13,2;10,5;98;88;93;237;10,4;5;
2026/05/08;0500 UTC;0;995,3;995,7;995;0;11,7;10,4;12,2;11,3;10,8;9,9;95;92;94;247;5,8;3,1;
2026/05/08;0600 UTC;0;995,9;996,2;995,6;0;10,9;9,9;11,3;10,5;10;9,7;97;93;95;281;4,7;2,8;
2026/05/08;0700 UTC;0;996,2;996,6;995,9;0;10,4;9,6;10,7;10,3;9,7;9,4;96;95;96;276;5,8;3,7;
2026/05/08;0800 UTC;0;996,5;996,9;996,1;0;10,1;9,3;10,4;10;9,5;9,1;96;95;96;290;5,8;3,6;
2026/05/08;0900 UTC;0;996,9;997;996,7;0;9,9;8,9;10,1;9,6;9,2;8,6;96;94;95;275;5;2,8;
2026/05/08;1000 UTC;0;996,7;997;996,5;0;9,4;8,4;9,6;9,1;8,7;8,3;96;94;95;276;4,8;3;
2026/05/08;1100 UTC;0;997,4;998;996,8;0;0;8,4;;;8,9;8,2;98;95;96;280;6,4;4,2;
2026/05/08;1200 UTC;0;998,7;999,4;997,9;729,9;10,8;8,9;11,7;10;9,5;8,6;95;86;91;285;7,3;5;
2026/05/08;1300 UTC;;;;;;;;;;;;;;;;;;
2026/05/08;1400 UTC;0;999,5;999,7;999,3;1146,7;12,7;8,6;13,2;11,6;9,7;7;87;70;79;274;10,2;6,1;
2026/05/08;1500 UTC;,2;999,3;999,7;999;2134;13,8;6,8;14,5;13;8;4,8;74;53;65;253;10,5;6,5;
2026/05/08;1600 UTC;0;998,9;999,2;998,4;2585,6;14,6;4,8;15,1;14,3;6;4;58;48;51;260;9,3;5,6;
2026/05/08;1700 UTC;0;998,4;998,6;998,2;2515;15,1;5,2;15,4;14,7;6,4;4,7;55;48;51;276;12,7;7,5;
2026/05/08;1800 UTC;0;998;998,3;997,8;2185,5;15,2;5,2;15,5;14,7;5,9;4,7;53;48;50;262;9,6;5,5;
2026/05/08;1900 UTC;0;997,9;998,2;997,7;1672,5;15,2;4,7;15,6;14,5;5,7;3,4;52;44;47;254;11,5;6,4;
2026/05/08;2000 UTC;0;998,1;998,3;997,9;972,8;14,3;3,5;14,7;13,8;4,1;3;49;44;46;253;8,4;4,9;
2026/05/08;2100 UTC;0;998,4;998,5;998,3;280,9;12,9;3,2;13,8;11,3;3,7;2,7;60;47;51;268;5,4;2,8;
2026/05/08;2200 UTC;0;999;999;998,9;0;9;4,1;9,2;9;4,6;3,8;77;74;75;282;2,6;1,8;
2026/05/08;2300 UTC;0;999,4;999,7;999;0;8,9;4;9,3;8,2;4,9;3,6;83;72;76;319;2,9;1,5;
2026/05/09;0000 UTC;0;1000;1000,3;999,7;0;8,1;4,2;8,4;7,9;4,8;3,9;83;78;81;307;3,1;2,2;
2026/05/09;0100 UTC;0;1000,7;1000,9;1000,4;0;8;4,6;8,6;7,2;6,1;3,8;93;77;83;179;,8;,5;
2026/05/09;0200 UTC;0;1001,5;1001,8;1001,1;0;6,7;5,7;6,9;6,5;6,1;5,3;98;94;95;108;,7;,3;
2026/05/09;0300 UTC;;;;;;;;;;;;;;;;;;
2026/05/09;0400 UTC;;;;;;;;;;;;;;;;;;
2026/05/09;0500 UTC;0;1002,8;1003,3;1002,4;0;7,5;4,8;7,9;7,2;5,2;4,4;89;83;86;298;2,3;1,9;
2026/05/09;0600 UTC;0;1003,3;1003,5;1003,1;0;7,7;4,8;7,9;7,5;5,2;4,5;88;84;85;245;2,4;1,5;
2026/05/09;0700 UTC;0;1003,4;1003,6;1003,1;0;7,5;4,9;7,8;7;5,3;4,5;91;84;87;316;1,6;1,2;
2026/05/09;0800 UTC;;;;;;;;;;;;;;;;;;
2026/05/09;0900 UTC;0;1003,6;1004;1003,4;0;7,2;5;7,6;6,9;5,4;4,7;92;88;89;261;2,7;1,4;
2026/05/09;1000 UTC;0;1004,2;1005;1003,7;0;6,9;5,3;7,1;6,8;5,5;5,1;93;91;92;293;3,6;2,6;
2026/05/09;1100 UTC;0;1004,2;1004,8;1003,8;0;7,1;5,3;7,5;6,9;5,7;5;92;89;91;301;2,2;1,7;
2026/05/09;1200 UTC;0;1005,5;1006,2;1004,8;306,6;8,3;5,6;8,7;7,5;6,1;5;92;82;87;299;4,5;3,2;
2026/05/09;1300 UTC;0;1007;1007,4;1006,3;1004,2;10;5,1;10,9;8,7;6,5;4,2;84;68;75;250;8,2;4,7;
2026/05/09;1400 UTC;0;1008;1008,1;1007,8;2120,4;11,7;4,4;12;11,4;5;4;66;61;64;232;11,5;7,5;
2026/05/09;1500 UTC;0;1007,9;1008,1;1007,6;2379,5;12,3;4,5;12,8;11,8;5,4;3,8;64;57;61;239;10;6,6;
2026/05/09;1600 UTC;0;1007,7;1008;1007,5;2350,3;12,1;5;12,7;11,6;6,1;4,4;70;60;65;240;10,8;6,6;
2026/05/09;1700 UTC;0;1007,5;1007,7;1007,2;1969,8;12,1;5,5;12,8;11,8;6,4;5,1;71;64;67;220;11,2;6,8;
2026/05/09;1800 UTC;0;1007,5;1007,6;1007,3;1310,1;12,2;5,7;13,2;11,8;6,5;5,2;71;64;67;228;11;7;
2026/05/09;1900 UTC;;;;;;;;;;;;;;;;;;
2026/05/09;2000 UTC;0;1008,3;1008,5;1008,1;109,9;11,1;5,6;11,2;10,9;5,9;5,1;75;70;72;242;6,7;4,1;
2026/05/09;2100 UTC;0;1008,5;1008,6;1008,4;40,1;10,9;6;10,9;10,8;6,4;5,5;78;73;76;258;6,2;3,6;
2026/05/09;2200 UTC;0;1008,6;1008,8;1008,4;0;10,8;6,5;10,8;10,7;6,7;6,2;80;77;79;225;8,1;5,1;
2026/05/09;2300 UTC;0;1009,3;1009,8;1008,8;0;10,4;6,5;10,8;10,1;7;6,1;82;78;80;235;7,6;4,8;
2026/05/10;0000 UTC;0;1010,8;1010,8;1010,7;0;9,8;6,7;9,8;9,8;6,9;6,5;85;83;85;233;3,9;2,4;
2026/05/10;0100 UTC;;;;;;;;;;;;;;;;;;
2026/05/10;0200 UTC;;;;;;;;;;;;;;;;;;
2026/05/10;0300 UTC;;;;;;;;;;;;;;;;;;
2026/05/10;0400 UTC;;;;;;;;;;;;;;;;;;
2026/05/10;0500 UTC;;;;;;;;;;;;;;;;;;
2026/05/10;0600 UTC;;;;;;;;;;;;;;;;;;
2026/05/10;0700 UTC;;;;;;;;;;;;;;;;;;
2026/05/10;0800 UTC;;;;;;;;;;;;;;;;;;
2026/05/10;0900 UTC;;;;;;;;;;;;;;;;;;
2026/05/10;1000 UTC;;;;;;;;;;;;;;;;;;
2026/05/10;1100 UTC;;;;;;;;;;;;;;;;;;
2026/05/10;1200 UTC;;;;;;;;;;;;;;;;;;
2026/05/10;1300 UTC;;;;;;;;;;;;;;;;;;
2026/05/10;1400 UTC;;;;;;;;;;;;;;;;;;
2026/05/10;1500 UTC;;;;;;;;;;;;;;;;;;
2026/05/10;1600 UTC;;;;;;;;;;;;;;;;;;
2026/05/10;1700 UTC;;;;;;;;;;;;;;;;;;
2026/05/10;1800 UTC;;;;;;;;;;;;;;;;;;
2026/05/10;1900 UTC;;;;;;;;;;;;;;;;;;
2026/05/10;2000 UTC;;;;;;;;;;;;;;;;;;
2026/05/10;2100 UTC;;;;;;;;;;;;;;;;;;
2026/05/10;2200 UTC;;;;;;;;;;;;;;;;;;
2026/05/10;2300 UTC;;;;;;;;;;;;;;;;;;
2026/05/11;0000 UTC;;;;;;;;;;;;;;;;;;
2026/05/11;0100 UTC;;;;;;;;;;;;;;;;;;
2026/05/11;0200 UTC;;;;;;;;;;;;;;;;;;
2026/05/11;0300 UTC;;;;;;;;;;;;;;;;;;
2026/05/11;0400 UTC;;;;;;;;;;;;;;;;;;
2026/05/11;0500 UTC;;;;;;;;;;;;;;;;;;
2026/05/11;0600 UTC;;;;;;;;;;;;;;;;;;
2026/05/11;0700 UTC;;;;;;;;;;;;;;;;;;
2026/05/11;0800 UTC;;;;;;;;;;;;;;;;;;
2026/05/11;0900 UTC;;;;;;;;;;;;;;;;;;
2026/05/11;1000 UTC;;;;;;;;;;;;;;;;;;
2026/05/11;1100 UTC;;;;;;;;;;;;;;;;;;
2026/05/11;1200 UTC;;;;;;;;;;;;;;;;;;
2026/05/11;1300 UTC;;;;;;;;;;;;;;;;;;
2026/05/11;1400 UTC;;;;;;;;;;;;;;;;;;
2026/05/11;1500 UTC;;;;;;;;;;;;;;;;;;
2026/05/11;1600 UTC;;;;;;;;;;;;;;;;;;
2026/05/11;1700 UTC;;;;;;;;;;;;;;;;;;
2026/05/11;1800 UTC;;;;;;;;;;;;;;;;;;
2026/05/11;1900 UTC;;;;;;;;;;;;;;;;;;
2026/05/11;2000 UTC;;;;;;;;;;;;;;;;;;
2026/05/11;2100 UTC;;;;;;;;;;;;;;;;;;
2026/05/11;2200 UTC;;;;;;;;;;;;;;;;;;
2026/05/11;2300 UTC;;;;;;;;;;;;;;;;;;
2026/05/12;0000 UTC;;;;;;;;;;;;;;;;;;
2026/05/12;0100 UTC;;;;;;;;;;;;;;;;;;
2026/05/12;0200 UTC;;;;;;;;;;;;;;;;;;
2026/05/12;0300 UTC;;;;;;;;;;;;;;;;;;
2026/05/12;0400 UTC;;;;;;;;;;;;;;;;;;
2026/05/12;0500 UTC;;;;;;;;;;;;;;;;;;
2026/05/12;0600 UTC;;;;;;;;;;;;;;;;;;
2026/05/12;0700 UTC;;;;;;;;;;;;;;;;;;
2026/05/12;0800 UTC;;;;;;;;;;;;;;;;;;
2026/05/12;0900 UTC;;;;;;;;;;;;;;;;;;
2026/05/12;1000 UTC;;;;;;;;;;;;;;;;;;
2026/05/12;1100 UTC;;;;;;;;;;;;;;;;;;
2026/05/12;1200 UTC;;;;;;;;;;;;;;;;;;
2026/05/12;1300 UTC;;;;;;;;;;;;;;;;;;
2026/05/12;1400 UTC;;;;;;;;;;;;;;;;;;
2026/05/12;1500 UTC;;;;;;;;;;;;;;;;;;
2026/05/12;1600 UTC;;;;;;;;;;;;;;;;;;
2026/05/12;1700 UTC;;;;;;;;;;;;;;;;;;
2026/05/12;1800 UTC;;;;;;;;;;;;;;;;;;
2026/05/12;1900 UTC;;;;;;;;;;;;;;;;;;
2026/05/12;2000 UTC;;;;;;;;;;;;;;;;;;
2026/05/12;2100 UTC;;;;;;;;;;;;;;;;;;
2026/05/12;2200 UTC;;;;;;;;;;;;;;;;;;
2026/05/12;2300 UTC;;;;;;;;;;;;;;;;;;
2026/05/13;0000 UTC;;;;;;;;;;;;;;;;;;
2026/05/13;0100 UTC;;;;;;;;;;;;;;;;;;
2026/05/13;0200 UTC;;;;;;;;;;;;;;;;;;
2026/05/13;0300 UTC;;;;;;;;;;;;;;;;;;
2026/05/13;0400 UTC;;;;;;;;;;;;;;;;;;
2026/05/13;0500 UTC;;;;;;;;;;;;;;;;;;
2026/05/13;0600 UTC;;;;;;;;;;;;;;;;;;
2026/05/13;0700 UTC;;;;;;;;;;;;;;;;;;
2026/05/13;0800 UTC;;;;;;;;;;;;;;;;;;
2026/05/13;0900 UTC;;;;;;;;;;;;;;;;;;
2026/05/13;1000 UTC;;;;;;;;;;;;;;;;;;
2026/05/13;1100 UTC;;;;;;;;;;;;;;;;;;
2026/05/13;1200 UTC;;;;;;;;;;;;;;;;;;
2026/05/13;1300 UTC;;;;;;;;;;;;;;;;;;
2026/05/13;1400 UTC;;;;;;;;;;;;;;;;;;
2026/05/13;1500 UTC;;;;;;;;;;;;;;;;;;
2026/05/13;1600 UTC;;;;;;;;;;;;;;;;;;
2026/05/13;1700 UTC;;;;;;;;;;;;;;;;;;
2026/05/13;1800 UTC;;;;;;;;;;;;;;;;;;
2026/05/13;1900 UTC;;;;;;;;;;;;;;;;;;
2026/05/13;2000 UTC;;;;;;;;;;;;;;;;;;
2026/05/13;2100 UTC;;;;;;;;;;;;;;;;;;
2026/05/13;2200 UTC;;;;;;;;;;;;;;;;;;
2026/05/13;2300 UTC;;;;;;;;;;;;;;;;;;
2026/05/14;0000 UTC;;;;;;;;;;;;;;;;;;
2026/05/14;0100 UTC;;;;;;;;;;;;;;;;;;
2026/05/14;0200 UTC;;;;;;;;;;;;;;;;;;
2026/05/14;0300 UTC;;;;;;;;;;;;;;;;;;
2026/05/14;0400 UTC;;;;;;;;;;;;;;;;;;
2026/05/14;0500 UTC;;;;;;;;;;;;;;;;;;
2026/05/14;0600 UTC;;;;;;;;;;;;;;;;;;
2026/05/14;0700 UTC;;;;;;;;;;;;;;;;;;
2026/05/14;0800 UTC;;;;;;;;;;;;;;;;;;
2026/05/14;0900 UTC;;;;;;;;;;;;;;;;;;
2026/05/14;1000 UTC;;;;;;;;;;;;;;;;;;
2026/05/14;1100 UTC;;;;;;;;;;;;;;;;;;
2026/05/14;1200 UTC;;;;;;;;;;;;;;;;;;
2026/05/14;1300 UTC;;;;;;;;;;;;;;;;;;
2026/05/14;1400 UTC;;;;;;;;;;;;;;;;;;
2026/05/14;1500 UTC;;;;;;;;;;;;;;;;;;
2026/05/14;1600 UTC;;;;;;;;;;;;;;;;;;
2026/05/14;1700 UTC;;;;;;;;;;;;;;;;;;
2026/05/14;1800 UTC;;;;;;;;;;;;;;;;;;
2026/05/14;1900 UTC;;;;;;;;;;;;;;;;;;
2026/05/14;2000 UTC;;;;;;;;;;;;;;;;;;
2026/05/14;2100 UTC;;;;;;;;;;;;;;;;;;
2026/05/14;2200 UTC;;;;;;;;;;;;;;;;;;
2026/05/14;2300 UTC;;;;;;;;;;;;;;;;;;
2026/05/15;0000 UTC;;;;;;;;;;;;;;;;;;
2026/05/15;0100 UTC;;;;;;;;;;;;;;;;;;
2026/05/15;0200 UTC;;;;;;;;;;;;;;;;;;
2026/05/15;0300 UTC;;;;;;;;;;;;;;;;;;
2026/05/15;0400 UTC;;;;;;;;;;;;;;;;;;
2026/05/15;0500 UTC;;;;;;;;;;;;;;;;;;
2026/05/15;0600 UTC;;;;;;;;;;;;;;;;;;
2026/05/15;0700 UTC;;;;;;;;;;;;;;;;;;
2026/05/15;0800 UTC;;;;;;;;;;;;;;;;;;
2026/05/15;0900 UTC;;;;;;;;;;;;;;;;;;
2026/05/15;1000 UTC;;;;;;;;;;;;;;;;;;
2026/05/15;1100 UTC;;;;;;;;;;;;;;;;;;
2026/05/15;1200 UTC;;;;;;;;;;;;;;;;;;
2026/05/15;1300 UTC;;;;;;;;;;;;;;;;;;
2026/05/15;1400 UTC;;;;;;;;;;;;;;;;;;
2026/05/15;1500 UTC;;;;;;;;;;;;;;;;;;
2026/05/15;1600 UTC;;;;;;;;;;;;;;;;;;
2026/05/15;1700 UTC;;;;;;;;;;;;;;;;;;
2026/05/15;1800 UTC;;;;;;;;;;;;;;;;;;
2026/05/15;1900 UTC;;;;;;;;;;;;;;;;;;
2026/05/15;2000 UTC;;;;;;;;;;;;;;;;;;
2026/05/15;2100 UTC;;;;;;;;;;;;;;;;;;
2026/05/15;2200 UTC;;;;;;;;;;;;;;;;;;
2026/05/15;2300 UTC;;;;;;;;;;;;;;;;;;
2026/05/16;0000 UTC;;;;;;;;;;;;;;;;;;
2026/05/16;0100 UTC;;;;;;;;;;;;;;;;;;
2026/05/16;0200 UTC;;;;;;;;;;;;;;;;;;
2026/05/16;0300 UTC;;;;;;;;;;;;;;;;;;
2026/05/16;0400 UTC;;;;;;;;;;;;;;;;;;
2026/05/16;0500 UTC;;;;;;;;;;;;;;;;;;
2026/05/16;0600 UTC;;;;;;;;;;;;;;;;;;
2026/05/16;0700 UTC;;;;;;;;;;;;;;;;;;
2026/05/16;0800 UTC;;;;;;;;;;;;;;;;;;
2026/05/16;0900 UTC;;;;;;;;;;;;;;;;;;
2026/05/16;1000 UTC;;;;;;;;;;;;;;;;;;
2026/05/16;1100 UTC;;;;;;;;;;;;;;;;;;
2026/05/16;1200 UTC;;;;;;;;;;;;;;;;;;
2026/05/16;1300 UTC;;;;;;;;;;;;;;;;;;
2026/05/16;1400 UTC;;;;;;;;;;;;;;;;;;
2026/05/16;1500 UTC;;;;;;;;;;;;;;;;;;
2026/05/16;1600 UTC;;;;;;;;;;;;;;;;;;
2026/05/16;1700 UTC;;;;;;;;;;;;;;;;;;
2026/05/16;1800 UTC;;;;;;;;;;;;;;;;;;
2026/05/16;1900 UTC;;;;;;;;;;;;;;;;;;
2026/05/16;2000 UTC;;;;;;;;;;;;;;;;;;
2026/05/16;2100 UTC;;;;;;;;;;;;;;;;;;
2026/05/16;2200 UTC;;;;;;;;;;;;;;;;;;
2026/05/16;2300 UTC;;;;;;;;;;;;;;;;;;
2026/05/17;0000 UTC;;;;;;;;;;;;;;;;;;
2026/05/17;0100 UTC;;;;;;;;;;;;;;;;;;
2026/05/17;0200 UTC;;;;;;;;;;;;;;;;;;
2026/05/17;0300 UTC;;;;;;;;;;;;;;;;;;
2026/05/17;0400 UTC;;;;;;;;;;;;;;;;;;
2026/05/17;0500 UTC;;;;;;;;;;;;;;;;;;
2026/05/17;0600 UTC;;;;;;;;;;;;;;;;;;
2026/05/17;0700 UTC;;;;;;;;;;;;;;;;;;
2026/05/17;0800 UTC;;;;;;;;;;;;;;;;;;
2026/05/17;0900 UTC;;;;;;;;;;;;;;;;;;
2026/05/17;1000 UTC;;;;;;;;;;;;;;;;;;
2026/05/17;1100 UTC;;;;;;;;;;;;;;;;;;
2026/05/17;1200 UTC;;;;;;;;;;;;;;;;;;
2026/05/17;1300 UTC;;;;;;;;;;;;;;;;;;
2026/05/17;1400 UTC;;;;;;;;;;;;;;;;;;
2026/05/17;1500 UTC;;;;;;;;;;;;;;;;;;
2026/05/17;1600 UTC;;;;;;;;;;;;;;;;;;
2026/05/17;1700 UTC;;;;;;;;;;;;;;;;;;
2026/05/17;1800 UTC;;;;;;;;;;;;;;;;;;
2026/05/17;1900 UTC;;;;;;;;;;;;;;;;;;
2026/05/17;2000 UTC;;;;;;;;;;;;;;;;;;
2026/05/17;2100 UTC;;;;;;;;;;;;;;;;;;
2026/05/17;2200 UTC;;;;;;;;;;;;;;;;;;
2026/05/17;2300 UTC;;;;;;;;;;;;;;;;;;
2026/05/18;0000 UTC;;;;;;;;;;;;;;;;;;
2026/05/18;0100 UTC;;;;;;;;;;;;;;;;;;
2026/05/18;0200 UTC;;;;;;;;;;;;;;;;;;
2026/05/18;0300 UTC;;;;;;;;;;;;;;;;;;
2026/05/18;0400 UTC;;;;;;;;;;;;;;;;;;
2026/05/18;0500 UTC;;;;;;;;;;;;;;;;;;
2026/05/18;0600 UTC;;;;;;;;;;;;;;;;;;
2026/05/18;0700 UTC;;;;;;;;;;;;;;;;;;
2026/05/18;0800 UTC;;;;;;;;;;;;;;;;;;
2026/05/18;0900 UTC;;;;;;;;;;;;;;;;;;
2026/05/18;1000 UTC;;;;;;;;;;;;;;;;;;
2026/05/18;1100 UTC;;;;;;;;;;;;;;;;;;
2026/05/18;1200 UTC;;;;;;;;;;;;;;;;;;
2026/05/18;1300 UTC;;;;;;;;;;;;;;;;;;
2026/05/18;1400 UTC;;;;;;;;;;;;;;;;;;
2026/05/18;1500 UTC;;;;;;;;;;;;;;;;;;
2026/05/18;1600 UTC;;;;;;;;;;;;;;;;;;
2026/05/18;1700 UTC;;;;;;;;;;;;;;;;;;
2026/05/18;1800 UTC;;;;;;;;;;;;;;;;;;
2026/05/18;1900 UTC;;;;;;;;;;;;;;;;;;
2026/05/18;2000 UTC;;;;;;;;;;;;;;;;;;
2026/05/18;2100 UTC;;;;;;;;;;;;;;;;;;
2026/05/18;2200 UTC;;;;;;;;;;;;;;;;;;
2026/05/18;2300 UTC;;;;;;;;;;;;;;;;;;
2026/05/19;0000 UTC;;;;;;;;;;;;;;;;;;
2026/05/19;0100 UTC;;;;;;;;;;;;;;;;;;
2026/05/19;0200 UTC;;;;;;;;;;;;;;;;;;
2026/05/19;0300 UTC;;;;;;;;;;;;;;;;;;
2026/05/19;0400 UTC;;;;;;;;;;;;;;;;;;
2026/05/19;0500 UTC;;;;;;;;;;;;;;;;;;
2026/05/19;0600 UTC;;;;;;;;;;;;;;;;;;
2026/05/19;0700 UTC;;;;;;;;;;;;;;;;;;
2026/05/19;0800 UTC;;;;;;;;;;;;;;;;;;
2026/05/19;0900 UTC;;;;;;;;;;;;;;;;;;
2026/05/19;1000 UTC;;;;;;;;;;;;;;;;;;
2026/05/19;1100 UTC;;;;;;;;;;;;;;;;;;
2026/05/19;1200 UTC;;;;;;;;;;;;;;;;;;
2026/05/19;1300 UTC;;;;;;;;;;;;;;;;;;
2026/05/19;1400 UTC;;;;;;;;;;;;;;;;;;
2026/05/19;1500 UTC;;;;;;;;;;;;;;;;;;
2026/05/19;1600 UTC;;;;;;;;;;;;;;;;;;
2026/05/19;1700 UTC;;;;;;;;;;;;;;;;;;
2026/05/19;1800 UTC;;;;;;;;;;;;;;;;;;
2026/05/19;1900 UTC;;;;;;;;;;;;;;;;;;
2026/05/19;2000 UTC;;;;;;;;;;;;;;;;;;
2026/05/19;2100 UTC;;;;;;;;;;;;;;;;;;
2026/05/19;2200 UTC;;;;;;;;;;;;;;;;;;
2026/05/19;2300 UTC;;;;;;;;;;;;;;;;;;
2026/05/20;0000 UTC;;;;;;;;;;;;;;;;;;
2026/05/20;0100 UTC;;;;;;;;;;;;;;;;;;
2026/05/20;0200 UTC;;;;;;;;;;;;;;;;;;
2026/05/20;0300 UTC;;;;;;;;;;;;;;;;;;
2026/05/20;0400 UTC;;;;;;;;;;;;;;;;;;
2026/05/20;0500 UTC;;;;;;;;;;;;;;;;;;
2026/05/20;0600 UTC;;;;;;;;;;;;;;;;;;
2026/05/20;0700 UTC;;;;;;;;;;;;;;;;;;
2026/05/20;0800 UTC;;;;;;;;;;;;;;;;;;
2026/05/20;0900 UTC;;;;;;;;;;;;;;;;;;
2026/05/20;1000 UTC;;;;;;;;;;;;;;;;;;
2026/05/20;1100 UTC;;;;;;;;;;;;;;;;;;
2026/05/20;1200 UTC;;;;;;;;;;;;;;;;;;
2026/05/20;1300 UTC;;;;;;;;;;;;;;;;;;
2026/05/20;1400 UTC;;;;;;;;;;;;;;;;;;
2026/05/20;1500 UTC;;;;;;;;;;;;;;;;;;
2026/05/20;1600 UTC;;;;;;;;;;;;;;;;;;
2026/05/20;1700 UTC;;;;;;;;;;;;;;;;;;
2026/05/20;1800 UTC;;;;;;;;;;;;;;;;;;
2026/05/20;1900 UTC;;;;;;;;;;;;;;;;;;
2026/05/20;2000 UTC;;;;;;;;;;;;;;;;;;
2026/05/20;2100 UTC;;;;;;;;;;;;;;;;;;
2026/05/20;2200 UTC;;;;;;;;;;;;;;;;;;
2026/05/20;2300 UTC;;;;;;;;;;;;;;;;;;
2026/05/21;0000 UTC;;;;;;;;;;;;;;;;;;
2026/05/21;0100 UTC;;;;;;;;;;;;;;;;;;
2026/05/21;0200 UTC;;;;;;;;;;;;;;;;;;
2026/05/21;0300 UTC;;;;;;;;;;;;;;;;;;
2026/05/21;0400 UTC;;;;;;;;;;;;;;;;;;
2026/05/21;0500 UTC;;;;;;;;;;;;;;;;;;
2026/05/21;0600 UTC;;;;;;;;;;;;;;;;;;
2026/05/21;0700 UTC;;;;;;;;;;;;;;;;;;
2026/05/21;0800 UTC;;;;;;;;;;;;;;;;;;
2026/05/21;0900 UTC;;;;;;;;;;;;;;;;;;
2026/05/21;1000 UTC;;;;;;;;;;;;;;;;;;
2026/05/21;1100 UTC;;;;;;;;;;;;;;;;;;
2026/05/21;1200 UTC;;;;;;;;;;;;;;;;;;
2026/05/21;1300 UTC;;;;;;;;;;;;;;;;;;
2026/05/21;1400 UTC;;;;;;;;;;;;;;;;;;
2026/05/21;1500 UTC;;;;;;;;;;;;;;;;;;
2026/05/21;1600 UTC;;;;;;;;;;;;;;;;;;
2026/05/21;1700 UTC;;;;;;;;;;;;;;;;;;
2026/05/21;1800 UTC;;;;;;;;;;;;;;;;;;
2026/05/21;1900 UTC;;;;;;;;;;;;;;;;;;
2026/05/21;2000 UTC;;;;;;;;;;;;;;;;;;
2026/05/21;2100 UTC;;;;;;;;;;;;;;;;;;
2026/05/21;2200 UTC;;;;;;;;;;;;;;;;;;
2026/05/21;2300 UTC;;;;;;;;;;;;;;;;;;
2026/05/22;0000 UTC;;;;;;;;;;;;;;;;;;
2026/05/22;0100 UTC;;;;;;;;;;;;;;;;;;
2026/05/22;0200 UTC;;;;;;;;;;;;;;;;;;
2026/05/22;0300 UTC;;;;;;;;;;;;;;;;;;
2026/05/22;0400 UTC;;;;;;;;;;;;;;;;;;
2026/05/22;0500 UTC;;;;;;;;;;;;;;;;;;
2026/05/22;0600 UTC;;;;;;;;;;;;;;;;;;
2026/05/22;0700 UTC;;;;;;;;;;;;;;;;;;
2026/05/22;0800 UTC;;;;;;;;;;;;;;;;;;
2026/05/22;0900 UTC;;;;;;;;;;;;;;;;;;
2026/05/22;1000 UTC;;;;;;;;;;;;;;;;;;
2026/05/22;1100 UTC;;;;;;;;;;;;;;;;;;
2026/05/22;1200 UTC;;;;;;;;;;;;;;;;;;
2026/05/22;1300 UTC;;;;;;;;;;;;;;;;;;
2026/05/22;1400 UTC;;;;;;;;;;;;;;;;;;
2026/05/22;1500 UTC;;;;;;;;;;;;;;;;;;
2026/05/22;1600 UTC;;;;;;;;;;;;;;;;;;
2026/05/22;1700 UTC;;;;;;;;;;;;;;;;;;
2026/05/22;1800 UTC;;;;;;;;;;;;;;;;;;
2026/05/22;1900 UTC;;;;;;;;;;;;;;;;;;
2026/05/22;2000 UTC;;;;;;;;;;;;;;;;;;
2026/05/22;2100 UTC;;;;;;;;;;;;;;;;;;
2026/05/22;2200 UTC;;;;;;;;;;;;;;;;;;
2026/05/22;2300 UTC;;;;;;;;;;;;;;;;;;
2026/05/23;0000 UTC;;;;;;;;;;;;;;;;;;
2026/05/23;0100 UTC;;;;;;;;;;;;;;;;;;
2026/05/23;0200 UTC;;;;;;;;;;;;;;;;;;
2026/05/23;0300 UTC;;;;;;;;;;;;;;;;;;
2026/05/23;0400 UTC;;;;;;;;;;;;;;;;;;
2026/05/23;0500 UTC;;;;;;;;;;;;;;;;;;
2026/05/23;0600 UTC;;;;;;;;;;;;;;;;;;
2026/05/23;0700 UTC;;;;;;;;;;;;;;;;;;
2026/05/23;0800 UTC;;;;;;;;;;;;;;;;;;
2026/05/23;0900 UTC;;;;;;;;;;;;;;;;;;
2026/05/23;1000 UTC;;;;;;;;;;;;;;;;;;
2026/05/23;1100 UTC;;;;;;;;;;;;;;;;;;
2026/05/23;1200 UTC;;;;;;;;;;;;;;;;;;
2026/05/23;1300 UTC;;;;;;;;;;;;;;;;;;
2026/05/23;1400 UTC;;;;;;;;;;;;;;;;;;
2026/05/23;1500 UTC;;;;;;;;;;;;;;;;;;
2026/05/23;1600 UTC;;;;;;;;;;;;;;;;;;
2026/05/23;1700 UTC;;;;;;;;;;;;;;;;;;
2026/05/23;1800 UTC;;;;;;;;;;;;;;;;;;
2026/05/23;1900 UTC;;;;;;;;;;;;;;;;;;
2026/05/23;2000 UTC;;;;;;;;;;;;;;;;;;
2026/05/23;2100 UTC;;;;;;;;;;;;;;;;;;
2026/05/23;2200 UTC;;;;;;;;;;;;;;;;;;
2026/05/23;2300 UTC;;;;;;;;;;;;;;;;;;
2026/05/24;0000 UTC;;;;;;;;;;;;;;;;;;
2026/05/24;0100 UTC;;;;;;;;;;;;;;;;;;
2026/05/24;0200 UTC;;;;;;;;;;;;;;;;;;
2026/05/24;0300 UTC;;;;;;;;;;;;;;;;;;
2026/05/24;0400 UTC;;;;;;;;;;;;;;;;;;
2026/05/24;0500 UTC;;;;;;;;;;;;;;;;;;
2026/05/24;0600 UTC;;;;;;;;;;;;;;;;;;
2026/05/24;0700 UTC;;;;;;;;;;;;;;;;;;
2026/05/24;0800 UTC;;;;;;;;;;;;;;;;;;
2026/05/24;0900 UTC;;;;;;;;;;;;;;;;;;
2026/05/24;1000 UTC;;;;;;;;;;;;;;;;;;
2026/05/24;1100 UTC;;;;;;;;;;;;;;;;;;
2026/05/24;1200 UTC;;;;;;;;;;;;;;;;;;
2026/05/24;1300 UTC;;;;;;;;;;;;;;;;;;
2026/05/24;1400 UTC;;;;;;;;;;;;;;;;;;
2026/05/24;1500 UTC;;;;;;;;;;;;;;;;;;
2026/05/24;1600 UTC;;;;;;;;;;;;;;;;;;
2026/05/24;1700 UTC;;;;;;;;;;;;;;;;;;
2026/05/24;1800 UTC;;;;;;;;;;;;;;;;;;
2026/05/24;1900 UTC;;;;;;;;;;;;;;;;;;
2026/05/24;2000 UTC;;;;;;;;;;;;;;;;;;
2026/05/24;2100 UTC;;;;;;;;;;;;;;;;;;
2026/05/24;2200 UTC;;;;;;;;;;;;;;;;;;
2026/05/24;2300 UTC;;;;;;;;;;;;;;;;;;
2026/05/25;0000 UTC;;;;;;;;;;;;;;;;;;
2026/05/25;0100 UTC;;;;;;;;;;;;;;;;;;
2026/05/25;0200 UTC;;;;;;;;;;;;;;;;;;
2026/05/25;0300 UTC;;;;;;;;;;;;;;;;;;
2026/05/25;0400 UTC;;;;;;;;;;;;;;;;;;
2026/05/25;0500 UTC;;;;;;;;;;;;;;;;;;
2026/05/25;0600 UTC;;;;;;;;;;;;;;;;;;
2026/05/25;0700 UTC;;;;;;;;;;;;;;;;;;
2026/05/25;0800 UTC;;;;;;;;;;;;;;;;;;
2026/05/25;0900 UTC;;;;;;;;;;;;;;;;;;
2026/05/25;1000 UTC;;;;;;;;;;;;;;;;;;
2026/05/25;1100 UTC;;;;;;;;;;;;;;;;;;
2026/05/25;1200 UTC;;;;;;;;;;;;;;;;;;
2026/05/25;1300 UTC;;;;;;;;;;;;;;;;;;
2026/05/25;1400 UTC;;;;;;;;;;;;;;;;;;
2026/05/25;1500 UTC;;;;;;;;;;;;;;;;;;
2026/05/25;1600 UTC;;;;;;;;;;;;;;;;;;
2026/05/25;1700 UTC;;;;;;;;;;;;;;;;;;
2026/05/25;1800 UTC;;;;;;;;;;;;;;;;;;
2026/05/25;1900 UTC;;;;;;;;;;;;;;;;;;
2026/05/25;2000 UTC;;;;;;;;;;;;;;;;;;
2026/05/25;2100 UTC;;;;;;;;;;;;;;;;;;
2026/05/25;2200 UTC;;;;;;;;;;;;;;;;;;
2026/05/25;2300 UTC;;;;;;;;;;;;;;;;;;
2026/05/26;0000 UTC;;;;;;;;;;;;;;;;;;
2026/05/26;0100 UTC;;;;;;;;;;;;;;;;;;
2026/05/26;0200 UTC;;;;;;;;;;;;;;;;;;
2026/05/26;0300 UTC;;;;;;;;;;;;;;;;;;
2026/05/26;0400 UTC;;;;;;;;;;;;;;;;;;
2026/05/26;0500 UTC;;;;;;;;;;;;;;;;;;
2026/05/26;0600 UTC;;;;;;;;;;;;;;;;;;
2026/05/26;0700 UTC;;;;;;;;;;;;;;;;;;
2026/05/26;0800 UTC;;;;;;;;;;;;;;;;;;
2026/05/26;0900 UTC;;;;;;;;;;;;;;;;;;
2026/05/26;1000 UTC;;;;;;;;;;;;;;;;;;
2026/05/26;1100 UTC;;;;;;;;;;;;;;;;;;
2026/05/26;1200 UTC;;;;;;;;;;;;;;;;;;
2026/05/26;1300 UTC;;;;;;;;;;;;;;;;;;
2026/05/26;1400 UTC;;;;;;;;;;;;;;;;;;
2026/05/26;1500 UTC;;;;;;;;;;;;;;;;;;
2026/05/26;1600 UTC;;;;;;;;;;;;;;;;;;
2026/05/26;1700 UTC;;;;;;;;;;;;;;;;;;
2026/05/26;1800 UTC;;;;;;;;;;;;;;;;;;
2026/05/26;1900 UTC;;;;;;;;;;;;;;;;;;
2026/05/26;2000 UTC;;;;;;;;;;;;;;;;;;
2026/05/26;2100 UTC;;;;;;;;;;;;;;;;;;
2026/05/26;2200 UTC;;;;;;;;;;;;;;;;;;
2026/05/26;2300 UTC;;;;;;;;;;;;;;;;;;
2026/05/27;0000 UTC;;;;;;;;;;;;;;;;;;
2026/05/27;0100 UTC;;;;;;;;;;;;;;;;;;
2026/05/27;0200 UTC;;;;;;;;;;;;;;;;;;
2026/05/27;0300 UTC;;;;;;;;;;;;;;;;;;
2026/05/27;0400 UTC;;;;;;;;;;;;;;;;;;
2026/05/27;0500 UTC;;;;;;;;;;;;;;;;;;
2026/05/27;0600 UTC;;;;;;;;;;;;;;;;;;
2026/05/27;0700 UTC;;;;;;;;;;;;;;;;;;
2026/05/27;0800 UTC;;;;;;;;;;;;;;;;;;
2026/05/27;0900 UTC;;;;;;;;;;;;;;;;;;
2026/05/27;1000 UTC;;;;;;;;;;;;;;;;;;
2026/05/27;1100 UTC;;;;;;;;;;;;;;;;;;
2026/05/27;1200 UTC;;;;;;;;;;;;;;;;;;
2026/05/27;1300 UTC;;;;;;;;;;;;;;;;;;
2026/05/27;1400 UTC;;;;;;;;;;;;;;;;;;
2026/05/27;1500 UTC;;;;;;;;;;;;;;;;;;
2026/05/27;1600 UTC;;;;;;;;;;;;;;;;;;
2026/05/27;1700 UTC;;;;;;;;;;;;;;;;;;
2026/05/27;1800 UTC;;;;;;;;;;;;;;;;;;
2026/05/27;1900 UTC;;;;;;;;;;;;;;;;;;
2026/05/27;2000 UTC;;;;;;;;;;;;;;;;;;
2026/05/27;2100 UTC;;;;;;;;;;;;;;;;;;
2026/05/27;2200 UTC;;;;;;;;;;;;;;;;;;
2026/05/27;2300 UTC;;;;;;;;;;;;;;;;;;
2026/05/28;0000 UTC;;;;;;;;;;;;;;;;;;
2026/05/28;0100 UTC;;;;;;;;;;;;;;;;;;
2026/05/28;0200 UTC;;;;;;;;;;;;;;;;;;
2026/05/28;0300 UTC;;;;;;;;;;;;;;;;;;
2026/05/28;0400 UTC;;;;;;;;;;;;;;;;;;
2026/05/28;0500 UTC;;;;;;;;;;;;;;;;;;
2026/05/28;0600 UTC;;;;;;;;;;;;;;;;;;
2026/05/28;0700 UTC;;;;;;;;;;;;;;;;;;
2026/05/28;0800 UTC;;;;;;;;;;;;;;;;;;
2026/05/28;0900 UTC;;;;;;;;;;;;;;;;;;
2026/05/28;1000 UTC;;;;;;;;;;;;;;;;;;
2026/05/28;1100 UTC;;;;;;;;;;;;;;;;;;
2026/05/28;1200 UTC;;;;;;;;;;;;;;;;;;
2026/05/28;1300 UTC;;;;;;;;;;;;;;;;;;
2026/05/28;1400 UTC;;;;;;;;;;;;;;;;;;
2026/05/28;1500 UTC;;;;;;;;;;;;;;;;;;
2026/05/28;1600 UTC;;;;;;;;;;;;;;;;;;
2026/05/28;1700 UTC;;;;;;;;;;;;;;;;;;
2026/05/28;1800 UTC;;;;;;;;;;;;;;;;;;
2026/05/28;1900 UTC;;;;;;;;;;;;;;;;;;
2026/05/28;2000 UTC;;;;;;;;;;;;;;;;;;
2026/05/28;2100 UTC;;;;;;;;;;;;;;;;;;
2026/05/28;2200 UTC;;;;;;;;;;;;;;;;;;
2026/05/28;2300 UTC;;;;;;;;;;;;;;;;;;
2026/05/29;0000 UTC;;;;;;;;;;;;;;;;;;
2026/05/29;0100 UTC;;;;;;;;;;;;;;;;;;
2026/05/29;0200 UTC;;;;;;;;;;;;;;;;;;
2026/05/29;0300 UTC;;;;;;;;;;;;;;;;;;
2026/05/29;0400 UTC;;;;;;;;;;;;;;;;;;
2026/05/29;0500 UTC;;;;;;;;;;;;;;;;;;
2026/05/29;0600 UTC;;;;;;;;;;;;;;;;;;
2026/05/29;0700 UTC;;;;;;;;;;;;;;;;;;
2026/05/29;0800 UTC;;;;;;;;;;;;;;;;;;
2026/05/29;0900 UTC;;;;;;;;;;;;;;;;;;
2026/05/29;1000 UTC;;;;;;;;;;;;;;;;;;
2026/05/29;1100 UTC;;;;;;;;;;;;;;;;;;
2026/05/29;1200 UTC;;;;;;;;;;;;;;;;;;
2026/05/29;1300 UTC;;;;;;;;;;;;;;;;;;
2026/05/29;1400 UTC;;;;;;;;;;;;;;;;;;
2026/05/29;1500 UTC;;;;;;;;;;;;;;;;;;
2026/05/29;1600 UTC;;;;;;;;;;;;;;;;;;
2026/05/29;1700 UTC;;;;;;;;;;;;;;;;;;
2026/05/29;1800 UTC;;;;;;;;;;;;;;;;;;
2026/05/29;1900 UTC;;;;;;;;;;;;;;;;;;
2026/05/29;2000 UTC;;;;;;;;;;;;;;;;;;
2026/05/29;2100 UTC;;;;;;;;;;;;;;;;;;
2026/05/29;2200 UTC;;;;;;;;;;;;;;;;;;
2026/05/29;2300 UTC;;;;;;;;;;;;;;;;;;
2026/05/30;0000 UTC;;;;;;;;;;;;;;;;;;
2026/05/30;0100 UTC;;;;;;;;;;;;;;;;;;
2026/05/30;0200 UTC;;;;;;;;;;;;;;;;;;
2026/05/30;0300 UTC;;;;;;;;;;;;;;;;;;
2026/05/30;0400 UTC;;;;;;;;;;;;;;;;;;
2026/05/30;0500 UTC;;;;;;;;;;;;;;;;;;
2026/05/30;0600 UTC;;;;;;;;;;;;;;;;;;
2026/05/30;0700 UTC;;;;;;;;;;;;;;;;;;
2026/05/30;0800 UTC;;;;;;;;;;;;;;;;;;
2026/05/30;0900 UTC;;;;;;;;;;;;;;;;;;
2026/05/30;1000 UTC;;;;;;;;;;;;;;;;;;
2026/05/30;1100 UTC;;;;;;;;;;;;;;;;;;
2026/05/30;1200 UTC;;;;;;;;;;;;;;;;;;
2026/05/30;1300 UTC;;;;;;;;;;;;;;;;;;
2026/05/30;1400 UTC;;;;;;;;;;;;;;;;;;
2026/05/30;1500 UTC;;;;;;;;;;;;;;;;;;
2026/05/30;1600 UTC;;;;;;;;;;;;;;;;;;
2026/05/30;1700 UTC;;;;;;;;;;;;;;;;;;
2026/05/30;1800 UTC;;;;;;;;;;;;;;;;;;
2026/05/30;1900 UTC;;;;;;;;;;;;;;;;;;
2026/05/30;2000 UTC;;;;;;;;;;;;;;;;;;
2026/05/30;2100 UTC;;;;;;;;;;;;;;;;;;
2026/05/30;2200 UTC;;;;;;;;;;;;;;;;;;
2026/05/30;2300 UTC;;;;;;;;;;;;;;;;;;
2026/05/31;0000 UTC;;;;;;;;;;;;;;;;;;
2026/05/31;0100 UTC;;;;;;;;;;;;;;;;;;
2026/05/31;0200 UTC;;;;;;;;;;;;;;;;;;
2026/05/31;0300 UTC;;;;;;;;;;;;;;;;;;
2026/05/31;0400 UTC;;;;;;;;;;;;;;;;;;
2026/05/31;0500 UTC;;;;;;;;;;;;;;;;;;
2026/05/31;0600 UTC;;;;;;;;;;;;;;;;;;
2026/05/31;0700 UTC;;;;;;;;;;;;;;;;;;
2026/05/31;0800 UTC;;;;;;;;;;;;;;;;;;
2026/05/31;0900 UTC;;;;;;;;;;;;;;;;;;
2026/05/31;1000 UTC;;;;;;;;;;;;;;;;;;
2026/05/31;1100 UTC;;;;;;;;;;;;;;;;;;
2026/05/31;1200 UTC;;;;;;;;;;;;;;;;;;
2026/05/31;1300 UTC;;;;;;;;;;;;;;;;;;
2026/05/31;1400 UTC;;;;;;;;;;;;;;;;;;
2026/05/31;1500 UTC;;;;;;;;;;;;;;;;;;
2026/05/31;1600 UTC;;;;;;;;;;;;;;;;;;
2026/05/31;1700 UTC;;;;;;;;;;;;;;;;;;
2026/05/31;1800 UTC;;;;;;;;;;;;;;;;;;
2026/05/31;1900 UTC;;;;;;;;;;;;;;;;;;
2026/05/31;2000 UTC;;;;;;;;;;;;;;;;;;
2026/05/31;2100 UTC;;;;;;;;;;;;;;;;;;
2026/05/31;2200 UTC;;;;;;;;;;;;;;;;;;
2026/05/31;2300 UTC;;;;;;;;;;;;;;;;;;
2026/06/01;0000 UTC;;;;;;;;;;;;;;;;;;
2026/06/01;0100 UTC;;;;;;;;;;;;;;;;;;
2026/06/01;0200 UTC;;;;;;;;;;;;;;;;;;
2026/06/01;0300 UTC;;;;;;;;;;;;;;;;;;
2026/06/01;0400 UTC;;;;;;;;;;;;;;;;;;
2026/06/01;0500 UTC;;;;;;;;;;;;;;;;;;
2026/06/01;0600 UTC;;;;;;;;;;;;;;;;;;
2026/06/01;0700 UTC;;;;;;;;;;;;;;;;;;
2026/06/01;0800 UTC;;;;;;;;;;;;;;;;;;
2026/06/01;0900 UTC;;;;;;;;;;;;;;;;;;
2026/06/01;1000 UTC;;;;;;;;;;;;;;;;;;
2026/06/01;1100 UTC;;;;;;;;;;;;;;;;;;
2026/06/01;1200 UTC;;;;;;;;;;;;;;;;;;
2026/06/01;1300 UTC;;;;;;;;;;;;;;;;;;
2026/06/01;1400 UTC;;;;;;;;;;;;;;;;;;
2026/06/01;1500 UTC;;;;;;;;;;;;;;;;;;
2026/06/01;1600 UTC;;;;;;;;;;;;;;;;;;
2026/06/01;1700 UTC;;;;;;;;;;;;;;;;;;
2026/06/01;1800 UTC;;;;;;;;;;;;;;;;;;
2026/06/01;1900 UTC;;;;;;;;;;;;;;;;;;
2026/06/01;2000 UTC;;;;;;;;;;;;;;;;;;
2026/06/01;2100 UTC;;;;;;;;;;;;;;;;;;
2026/06/01;2200 UTC;;;;;;;;;;;;;;;;;;
2026/06/01;2300 UTC;;;;;;;;;;;;;;;;;;
2026/06/02;0000 UTC;;;;;;;;;;;;;;;;;;
2026/06/02;0100 UTC;;;;;;;;;;;;;;;;;;
2026/06/02;0200 UTC;;;;;;;;;;;;;;;;;;
2026/06/02;0300 UTC;;;;;;;;;;;;;;;;;;
2026/06/02;0400 UTC;;;;;;;;;;;;;;;;;;
2026/06/02;0500 UTC;;;;;;;;;;;;;;;;;;
2026/06/02;0600 UTC;;;;;;;;;;;;;;;;;;
2026/06/02;0700 UTC;;;;;;;;;;;;;;;;;;
2026/06/02;0800 UTC;;;;;;;;;;;;;;;;;;
2026/06/02;0900 UTC;;;;;;;;;;;;;;;;;;
2026/06/02;1000 UTC;;;;;;;;;;;;;;;;;;
2026/06/02;1100 UTC;;;;;;;;;;;;;;;;;;
2026/06/02;1200 UTC;;;;;;;;;;;;;;;;;;
2026/06/02;1300 UTC;;;;;;;;;;;;;;;;;;
2026/06/02;1400 UTC;;;;;;;;;;;;;;;;;;
2026/06/02;1500 UTC;;;;;;;;;;;;;;;;;;
2026/06/02;1600 UTC;;;;;;;;;;;;;;;;;;
2026/06/02;1700 UTC;;;;;;;;;;;;;;;;;;
2026/06/02;1800 UTC;;;;;;;;;;;;;;;;;;
2026/06/02;1900 UTC;;;;;;;;;;;;;;;;;;
2026/06/02;2000 UTC;;;;;;;;;;;;;;;;;;
2026/06/02;2100 UTC;;;;;;;;;;;;;;;;;;
2026/06/02;2200 UTC;;;;;;;;;;;;;;;;;;
2026/06/02;2300 UTC;;;;;;;;;;;;;;;;;;
2026/06/03;0000 UTC;;;;;;;;;;;;;;;;;;
2026/06/03;0100 UTC;;;;;;;;;;;;;;;;;;
2026/06/03;0200 UTC;;;;;;;;;;;;;;;;;;
2026/06/03;0300 UTC;;;;;;;;;;;;;;;;;;
2026/06/03;0400 UTC;;;;;;;;;;;;;;;;;;
2026/06/03;0500 UTC;;;;;;;;;;;;;;;;;;
2026/06/03;0600 UTC;;;;;;;;;;;;;;;;;;
2026/06/03;0700 UTC;;;;;;;;;;;;;;;;;;
2026/06/03;0800 UTC;;;;;;;;;;;;;;;;;;
2026/06/03;0900 UTC;;;;;;;;;;;;;;;;;;
2026/06/03;1000 UTC;;;;;;;;;;;;;;;;;;
2026/06/03;1100 UTC;;;;;;;;;;;;;;;;;;
2026/06/03;1200 UTC;;;;;;;;;;;;;;;;;;
2026/06/03;1300 UTC;;;;;;;;;;;;;;;;;;
2026/06/03;1400 UTC;;;;;;;;;;;;;;;;;;
2026/06/03;1500 UTC;;;;;;;;;;;;;;;;;;
2026/06/03;1600 UTC;;;;;;;;;;;;;;;;;;
2026/06/03;1700 UTC;;;;;;;;;;;;;;;;;;
2026/06/03;1800 UTC;;;;;;;;;;;;;;;;;;
2026/06/03;1900 UTC;;;;;;;;;;;;;;;;;;
2026/06/03;2000 UTC;;;;;;;;;;;;;;;;;;
2026/06/03;2100 UTC;;;;;;;;;;;;;;;;;;
2026/06/03;2200 UTC;;;;;;;;;;;;;;;;;;
2026/06/03;2300 UTC;;;;;;;;;;;;;;;;;;
2026/06/04;0000 UTC;;;;;;;;;;;;;;;;;;
2026/06/04;0100 UTC;;;;;;;;;;;;;;;;;;
2026/06/04;0200 UTC;;;;;;;;;;;;;;;;;;
2026/06/04;0300 UTC;;;;;;;;;;;;;;;;;;
2026/06/04;0400 UTC;;;;;;;;;;;;;;;;;;
2026/06/04;0500 UTC;;;;;;;;;;;;;;;;;;
2026/06/04;0600 UTC;;;;;;;;;;;;;;;;;;
2026/06/04;0700 UTC;;;;;;;;;;;;;;;;;;
2026/06/04;0800 UTC;;;;;;;;;;;;;;;;;;
2026/06/04;0900 UTC;;;;;;;;;;;;;;;;;;
2026/06/04;1000 UTC;;;;;;;;;;;;;;;;;;
2026/06/04;1100 UTC;;;;;;;;;;;;;;;;;;
2026/06/04;1200 UTC;;;;;;;;;;;;;;;;;;
2026/06/04;1300 UTC;;;;;;;;;;;;;;;;;;
2026/06/04;1400 UTC;;;;;;;;;;;;;;;;;;
2026/06/04;1500 UTC;;;;;;;;;;;;;;;;;;
2026/06/04;1600 UTC;;;;;;;;;;;;;;;;;;
2026/06/04;1700 UTC;;;;;;;;;;;;;;;;;;
2026/06/04;1800 UTC;;;;;;;;;;;;;;;;;;
2026/06/04;1900 UTC;;;;;;;;;;;;;;;;;;
2026/06/04;2000 UTC;;;;;;;;;;;;;;;;;;
2026/06/04;2100 UTC;;;;;;;;;;;;;;;;;;
2026/06/04;2200 UTC;;;;;;;;;;;;;;;;;;
2026/06/04;2300 UTC;;;;;;;;;;;;;;;;;;
2026/06/05;0000 UTC;;;;;;;;;;;;;;;;;;
2026/06/05;0100 UTC;;;;;;;;;;;;;;;;;;
2026/06/05;0200 UTC;;;;;;;;;;;;;;;;;;
2026/06/05;0300 UTC;;;;;;;;;;;;;;;;;;
2026/06/05;0400 UTC;;;;;;;;;;;;;;;;;;
2026/06/05;0500 UTC;;;;;;;;;;;;;;;;;;
2026/06/05;0600 UTC;;;;;;;;;;;;;;;;;;
2026/06/05;0700 UTC;;;;;;;;;;;;;;;;;;
2026/06/05;0800 UTC;;;;;;;;;;;;;;;;;;
2026/06/05;0900 UTC;;;;;;;;;;;;;;;;;;
2026/06/05;1000 UTC;;;;;;;;;;;;;;;;;;
2026/06/05;1100 UTC;;;;;;;;;;;;;;;;;;
2026/06/05;1200 UTC;;;;;;;;;;;;;;;;;;
2026/06/05;1300 UTC;;;;;;;;;;;;;;;;;;
2026/06/05;1400 UTC;;;;;;;;;;;;;;;;;;
2026/06/05;1500 UTC;;;;;;;;;;;;;;;;;;
2026/06/05;1600 UTC;;;;;;;;;;;;;;;;;;
2026/06/05;1700 UTC;;;;;;;;;;;;;;;;;;
2026/06/05;1800 UTC;;;;;;;;;;;;;;;;;;
2026/06/05;1900 UTC;;;;;;;;;;;;;;;;;;
2026/06/05;2000 UTC;;;;;;;;;;;;;;;;;;
2026/06/05;2100 UTC;;;;;;;;;;;;;;;;;;
2026/06/05;2200 UTC;;;;;;;;;;;;;;;;;;
2026/06/05;2300 UTC;;;;;;;;;;;;;;;;;;
2026/06/06;0000 UTC;;;;;;;;;;;;;;;;;;
2026/06/06;0100 UTC;;;;;;;;;;;;;;;;;;
2026/06/06;0200 UTC;;;;;;;;;;;;;;;;;;
2026/06/06;0300 UTC;;;;;;;;;;;;;;;;;;
2026/06/06;0400 UTC;;;;;;;;;;;;;;;;;;
2026/06/06;0500 UTC;;;;;;;;;;;;;;;;;;
2026/06/06;0600 UTC;;;;;;;;;;;;;;;;;;
2026/06/06;0700 UTC;;;;;;;;;;;;;;;;;;
2026/06/06;0800 UTC;;;;;;;;;;;;;;;;;;
2026/06/06;0900 UTC;;;;;;;;;;;;;;;;;;
2026/06/06;1000 UTC;;;;;;;;;;;;;;;;;;
2026/06/06;1100 UTC;;;;;;;;;;;;;;;;;;
2026/06/06;1200 UTC;;;;;;;;;;;;;;;;;;
2026/06/06;1300 UTC;;;;;;;;;;;;;;;;;;
2026/06/06;1400 UTC;;;;;;;;;;;;;;;;;;
2026/06/06;1500 UTC;;;;;;;;;;;;;;;;;;
2026/06/06;1600 UTC;;;;;;;;;;;;;;;;;;
2026/06/06;1700 UTC;;;;;;;;;;;;;;;;;;
2026/06/06;1800 UTC;;;;;;;;;;;;;;;;;;
2026/06/06;1900 UTC;;;;;;;;;;;;;;;;;;
2026/06/06;2000 UTC;;;;;;;;;;;;;;;;;;
2026/06/06;2100 UTC;;;;;;;;;;;;;;;;;;
2026/06/06;2200 UTC;;;;;;;;;;;;;;;;;;
2026/06/06;2300 UTC;;;;;;;;;;;;;;;;;;
2026/06/07;0000 UTC;;;;;;;;;;;;;;;;;;
2026/06/07;0100 UTC;;;;;;;;;;;;;;;;;;
2026/06/07;0200 UTC;;;;;;;;;;;;;;;;;;
2026/06/07;0300 UTC;;;;;;;;;;;;;;;;;;
2026/06/07;0400 UTC;;;;;;;;;;;;;;;;;;
2026/06/07;0500 UTC;;;;;;;;;;;;;;;;;;
2026/06/07;0600 UTC;;;;;;;;;;;;;;;;;;
2026/06/07;0700 UTC;;;;;;;;;;;;;;;;;;
2026/06/07;0800 UTC;;;;;;;;;;;;;;;;;;
2026/06/07;0900 UTC;;;;;;;;;;;;;;;;;;
2026/06/07;1000 UTC;;;;;;;;;;;;;;;;;;
2026/06/07;1100 UTC;;;;;;;;;;;;;;;;;;
2026/06/07;1200 UTC;;;;;;;;;;;;;;;;;;
2026/06/07;1300 UTC;;;;;;;;;;;;;;;;;;
2026/06/07;1400 UTC;;;;;;;;;;;;;;;;;;
2026/06/07;1500 UTC;;;;;;;;;;;;;;;;;;
2026/06/07;1600 UTC;;;;;;;;;;;;;;;;;;
2026/06/07;1700 UTC;;;;;;;;;;;;;;;;;;
2026/06/07;1800 UTC;;;;;;;;;;;;;;;;;;
2026/06/07;1900 UTC;;;;;;;;;;;;;;;;;;
2026/06/07;2000 UTC;;;;;;;;;;;;;;;;;;
2026/06/07;2100 UTC;;;;;;;;;;;;;;;;;;
2026/06/07;2200 UTC;;;;;;;;;;;;;;;;;;
2026/06/07;2300 UTC;;;;;;;;;;;;;;;;;;
2026/06/08;0000 UTC;;;;;;;;;;;;;;;;;;
2026/06/08;0100 UTC;;;;;;;;;;;;;;;;;;
2026/06/08;0200 UTC;;;;;;;;;;;;;;;;;;
2026/06/08;0300 UTC;;;;;;;;;;;;;;;;;;
2026/06/08;0400 UTC;;;;;;;;;;;;;;;;;;
2026/06/08;0500 UTC;;;;;;;;;;;;;;;;;;
2026/06/08;0600 UTC;;;;;;;;;;;;;;;;;;
2026/06/08;0700 UTC;;;;;;;;;;;;;;;;;;
2026/06/08;0800 UTC;;;;;;;;;;;;;;;;;;
2026/06/08;0900 UTC;;;;;;;;;;;;;;;;;;
2026/06/08;1000 UTC;;;;;;;;;;;;;;;;;;
2026/06/08;1100 UTC;;;;;;;;;;;;;;;;;;
2026/06/08;1200 UTC;;;;;;;;;;;;;;;;;;
2026/06/08;1300 UTC;;;;;;;;;;;;;;;;;;
2026/06/08;1400 UTC;;;;;;;;;;;;;;;;;;
2026/06/08;1500 UTC;;;;;;;;;;;;;;;;;;
2026/06/08;1600 UTC;;;;;;;;;;;;;;;;;;
2026/06/08;1700 UTC;;;;;;;;;;;;;;;;;;
2026/06/08;1800 UTC;;;;;;;;;;;;;;;;;;
2026/06/08;1900 UTC;;;;;;;;;;;;;;;;;;
2026/06/08;2000 UTC;;;;;;;;;;;;;;;;;;
2026/06/08;2100 UTC;;;;;;;;;;;;;;;;;;
2026/06/08;2200 UTC;;;;;;;;;;;;;;;;;;
2026/06/08;2300 UTC;;;;;;;;;;;;;;;;;;
2026/06/09;0000 UTC;;;;;;;;;;;;;;;;;;
2026/06/09;0100 UTC;;;;;;;;;;;;;;;;;;
2026/06/09;0200 UTC;;;;;;;;;;;;;;;;;;
2026/06/09;0300 UTC;;;;;;;;;;;;;;;;;;
2026/06/09;0400 UTC;;;;;;;;;;;;;;;;;;
2026/06/09;0500 UTC;;;;;;;;;;;;;;;;;;
2026/06/09;0600 UTC;;;;;;;;;;;;;;;;;;
2026/06/09;0700 UTC;;;;;;;;;;;;;;;;;;
2026/06/09;0800 UTC;;;;;;;;;;;;;;;;;;
2026/06/09;0900 UTC;;;;;;;;;;;;;;;;;;
2026/06/09;1000 UTC;;;;;;;;;;;;;;;;;;
2026/06/09;1100 UTC;;;;;;;;;;;;;;;;;;
2026/06/09;1200 UTC;;;;;;;;;;;;;;;;;;
2026/06/09;1300 UTC;;;;;;;;;;;;;;;;;;
2026/06/09;1400 UTC;;;;;;;;;;;;;;;;;;
2026/06/09;1500 UTC;;;;;;;;;;;;;;;;;;
2026/06/09;1600 UTC;;;;;;;;;;;;;;;;;;
2026/06/09;1700 UTC;;;;;;;;;;;;;;;;;;
2026/06/09;1800 UTC;;;;;;;;;;;;;;;;;;
2026/06/09;1900 UTC;;;;;;;;;;;;;;;;;;
2026/06/09;2000 UTC;;;;;;;;;;;;;;;;;;
2026/06/09;2100 UTC;;;;;;;;;;;;;;;;;;
2026/06/09;2200 UTC;;;;;;;;;;;;;;;;;;
2026/06/09;2300 UTC;;;;;;;;;;;;;;;;;;
2026/06/10;0000 UTC;;;;;;;;;;;;;;;;;;
2026/06/10;0100 UTC;;;;;;;;;;;;;;;;;;
2026/06/10;0200 UTC;;;;;;;;;;;;;;;;;;
2026/06/10;0300 UTC;;;;;;;;;;;;;;;;;;
2026/06/10;0400 UTC;;;;;;;;;;;;;;;;;;
2026/06/10;0500 UTC;;;;;;;;;;;;;;;;;;
2026/06/10;0600 UTC;;;;;;;;;;;;;;;;;;
2026/06/10;0700 UTC;;;;;;;;;;;;;;;;;;
2026/06/10;0800 UTC;;;;;;;;;;;;;;;;;;
2026/06/10;0900 UTC;;;;;;;;;;;;;;;;;;
2026/06/10;1000 UTC;;;;;;;;;;;;;;;;;;
2026/06/10;1100 UTC;;;;;;;;;;;;;;;;;;
2026/06/10;1200 UTC;;;;;;;;;;;;;;;;;;
2026/06/10;1300 UTC;;;;;;;;;;;;;;;;;;
2026/06/10;1400 UTC;;;;;;;;;;;;;;;;;;
2026/06/10;1500 UTC;;;;;;;;;;;;;;;;;;
2026/06/10;1600 UTC;;;;;;;;;;;;;;;;;;
2026/06/10;1700 UTC;;;;;;;;;;;;;;;;;;
2026/06/10;1800 UTC;;;;;;;;;;;;;;;;;;
2026/06/10;1900 UTC;;;;;;;;;;;;;;;;;;
2026/06/10;2000 UTC;;;;;;;;;;;;;;;;;;
2026/06/10;2100 UTC;;;;;;;;;;;;;;;;;;
2026/06/10;2200 UTC;;;;;;;;;;;;;;;;;;
2026/06/10;2300 UTC;;;;;;;;;;;;;;;;;;
2026/06/11;0000 UTC;;;;;;;;;;;;;;;;;;
2026/06/11;0100 UTC;;;;;;;;;;;;;;;;;;
2026/06/11;0200 UTC;;;;;;;;;;;;;;;;;;
2026/06/11;0300 UTC;;;;;;;;;;;;;;;;;;
2026/06/11;0400 UTC;;;;;;;;;;;;;;;;;;
2026/06/11;0500 UTC;;;;;;;;;;;;;;;;;;
2026/06/11;0600 UTC;;;;;;;;;;;;;;;;;;
2026/06/11;0700 UTC;;;;;;;;;;;;;;;;;;
2026/06/11;0800 UTC;;;;;;;;;;;;;;;;;;
2026/06/11;0900 UTC;;;;;;;;;;;;;;;;;;
2026/06/11;1000 UTC;;;;;;;;;;;;;;;;;;
2026/06/11;1100 UTC;;;;;;;;;;;;;;;;;;
2026/06/11;1200 UTC;;;;;;;;;;;;;;;;;;
2026/06/11;1300 UTC;;;;;;;;;;;;;;;;;;
2026/06/11;1400 UTC;;;;;;;;;;;;;;;;;;
2026/06/11;1500 UTC;;;;;;;;;;;;;;;;;;
2026/06/11;1600 UTC;;;;;;;;;;;;;;;;;;
2026/06/11;1700 UTC;;;;;;;;;;;;;;;;;;
2026/06/11;1800 UTC;;;;;;;;;;;;;;;;;;
2026/06/11;1900 UTC;;;;;;;;;;;;;;;;;;
2026/06/11;2000 UTC;;;;;;;;;;;;;;;;;;
2026/06/11;2100 UTC;;;;;;;;;;;;;;;;;;
2026/06/11;2200 UTC;;;;;;;;;;;;;;;;;;
2026/06/11;2300 UTC;;;;;;;;;;;;;;;;;;
2026/06/12;0000 UTC;;;;;;;;;;;;;;;;;;
2026/06/12;0100 UTC;;;;;;;;;;;;;;;;;;
2026/06/12;0200 UTC;;;;;;;;;;;;;;;;;;
2026/06/12;0300 UTC;;;;;;;;;;;;;;;;;;
2026/06/12;0400 UTC;;;;;;;;;;;;;;;;;;
2026/06/12;0500 UTC;;;;;;;;;;;;;;;;;;
2026/06/12;0600 UTC;;;;;;;;;;;;;;;;;;
2026/06/12;0700 UTC;;;;;;;;;;;;;;;;;;
2026/06/12;0800 UTC;;;;;;;;;;;;;;;;;;
2026/06/12;0900 UTC;;;;;;;;;;;;;;;;;;
2026/06/12;1000 UTC;;;;;;;;;;;;;;;;;;
2026/06/12;1100 UTC;;;;;;;;;;;;;;;;;;
2026/06/12;1200 UTC;;;;;;;;;;;;;;;;;;
2026/06/12;1300 UTC;;;;;;;;;;;;;;;;;;
2026/06/12;1400 UTC;;;;;;;;;;;;;;;;;;
2026/06/12;1500 UTC;;;;;;;;;;;;;;;;;;
2026/06/12;1600 UTC;;;;;;;;;;;;;;;;;;
2026/06/12;1700 UTC;;;;;;;;;;;;;;;;;;
2026/06/12;1800 UTC;;;;;;;;;;;;;;;;;;
2026/06/12;1900 UTC;;;;;;;;;;;;;;;;;;
2026/06/12;2000 UTC;;;;;;;;;;;;;;;;;;
2026/06/12;2100 UTC;;;;;;;;;;;;;;;;;;
2026/06/12;2200 UTC;;;;;;;;;;;;;;;;;;
2026/06/12;2300 UTC;;;;;;;;;;;;;;;;;;
2026/06/13;0000 UTC;;;;;;;;;;;;;;;;;;
2026/06/13;0100 UTC;;;;;;;;;;;;;;;;;;
2026/06/13;0200 UTC;;;;;;;;;;;;;;;;;;
2026/06/13;0300 UTC;;;;;;;;;;;;;;;;;;
2026/06/13;0400 UTC;;;;;;;;;;;;;;;;;;
2026/06/13;0500 UTC;;;;;;;;;;;;;;;;;;
2026/06/13;0600 UTC;;;;;;;;;;;;;;;;;;
2026/06/13;0700 UTC;;;;;;;;;;;;;;;;;;
2026/06/13;0800 UTC;;;;;;;;;;;;;;;;;;
2026/06/13;0900 UTC;;;;;;;;;;;;;;;;;;
2026/06/13;1000 UTC;;;;;;;;;;;;;;;;;;
2026/06/13;1100 UTC;;;;;;;;;;;;;;;;;;
2026/06/13;1200 UTC;;;;;;;;;;;;;;;;;;
2026/06/13;1300 UTC;;;;;;;;;;;;;;;;;;
2026/06/13;1400 UTC;;;;;;;;;;;;;;;;;;
2026/06/13;1500 UTC;;;;;;;;;;;;;;;;;;
2026/06/13;1600 UTC;;;;;;;;;;;;;;;;;;
2026/06/13;1700 UTC;;;;;;;;;;;;;;;;;;
2026/06/13;1800 UTC;;;;;;;;;;;;;;;;;;
2026/06/13;1900 UTC;;;;;;;;;;;;;;;;;;
2026/06/13;2000 UTC;;;;;;;;;;;;;;;;;;
2026/06/13;2100 UTC;;;;;;;;;;;;;;;;;;
2026/06/13;2200 UTC;;;;;;;;;;;;;;;;;;
2026/06/13;2300 UTC;;;;;;;;;;;;;;;;;;
2026/06/14;0000 UTC;;;;;;;;;;;;;;;;;;
2026/06/14;0100 UTC;;;;;;;;;;;;;;;;;;
2026/06/14;0200 UTC;;;;;;;;;;;;;;;;;;
2026/06/14;0300 UTC;;;;;;;;;;;;;;;;;;
2026/06/14;0400 UTC;;;;;;;;;;;;;;;;;;
2026/06/14;0500 UTC;;;;;;;;;;;;;;;;;;
2026/06/14;0600 UTC;;;;;;;;;;;;;;;;;;
2026/06/14;0700 UTC;;;;;;;;;;;;;;;;;;
2026/06/14;0800 UTC;;;;;;;;;;;;;;;;;;
2026/06/14;0900 UTC;;;;;;;;;;;;;;;;;;
2026/06/14;1000 UTC;;;;;;;;;;;;;;;;;;
2026/06/14;1100 UTC;;;;;;;;;;;;;;;;;;
2026/06/14;1200 UTC;;;;;;;;;;;;;;;;;;
2026/06/14;1300 UTC;;;;;;;;;;;;;;;;;;
2026/06/14;1400 UTC;;;;;;;;;;;;;;;;;;
2026/06/14;1500 UTC;;;;;;;;;;;;;;;;;;
2026/06/14;1600 UTC;;;;;;;;;;;;;;;;;;
2026/06/14;1700 UTC;;;;;;;;;;;;;;;;;;
2026/06/14;1800 UTC;;;;;;;;;;;;;;;;;;
2026/06/14;1900 UTC;;;;;;;;;;;;;;;;;;
2026/06/14;2000 UTC;;;;;;;;;;;;;;;;;;
2026/06/14;2100 UTC;;;;;;;;;;;;;;;;;;
2026/06/14;2200 UTC;;;;;;;;;;;;;;;;;;
2026/06/14;2300 UTC;;;;;;;;;;;;;;;;;;
2026/06/15;0000 UTC;;;;;;;;;;;;;;;;;;
2026/06/15;0100 UTC;;;;;;;;;;;;;;;;;;
2026/06/15;0200 UTC;;;;;;;;;;;;;;;;;;
2026/06/15;0300 UTC;;;;;;;;;;;;;;;;;;
2026/06/15;0400 UTC;;;;;;;;;;;;;;;;;;
2026/06/15;0500 UTC;;;;;;;;;;;;;;;;;;
2026/06/15;0600 UTC;;;;;;;;;;;;;;;;;;
2026/06/15;0700 UTC;;;;;;;;;;;;;;;;;;
2026/06/15;0800 UTC;;;;;;;;;;;;;;;;;;
2026/06/15;0900 UTC;;;;;;;;;;;;;;;;;;
2026/06/15;1000 UTC;;;;;;;;;;;;;;;;;;
2026/06/15;1100 UTC;;;;;;;;;;;;;;;;;;
2026/06/15;1200 UTC;;;;;;;;;;;;;;;;;;
2026/06/15;1300 UTC;;;;;;;;;;;;;;;;;;
2026/06/15;1400 UTC;;;;;;;;;;;;;;;;;;
2026/06/15;1500 UTC;;;;;;;;;;;;;;;;;;
2026/06/15;1600 UTC;;;;;;;;;;;;;;;;;;
2026/06/15;1700 UTC;;;;;;;;;;;;;;;;;;
2026/06/15;1800 UTC;;;;;;;;;;;;;;;;;;
2026/06/15;1900 UTC;;;;;;;;;;;;;;;;;;
2026/06/15;2000 UTC;;;;;;;;;;;;;;;;;;
2026/06/15;2100 UTC;;;;;;;;;;;;;;;;;;
2026/06/15;2200 UTC;;;;;;;;;;;;;;;;;;
2026/06/15;2300 UTC;;;;;;;;;;;;;;;;;;
2026/06/16;0000 UTC;;;;;;;;;;;;;;;;;;
2026/06/16;0100 UTC;;;;;;;;;;;;;;;;;;
2026/06/16;0200 UTC;;;;;;;;;;;;;;;;;;
2026/06/16;0300 UTC;;;;;;;;;;;;;;;;;;
2026/06/16;0400 UTC;;;;;;;;;;;;;;;;;;
2026/06/16;0500 UTC;;;;;;;;;;;;;;;;;;
2026/06/16;0600 UTC;;;;;;;;;;;;;;;;;;
2026/06/16;0700 UTC;;;;;;;;;;;;;;;;;;
2026/06/16;0800 UTC;;;;;;;;;;;;;;;;;;
2026/06/16;0900 UTC;;;;;;;;;;;;;;;;;;
2026/06/16;1000 UTC;;;;;;;;;;;;;;;;;;
2026/06/16;1100 UTC;;;;;;;;;;;;;;;;;;
2026/06/16;1200 UTC;;;;;;;;;;;;;;;;;;
2026/06/16;1300 UTC;;;;;;;;;;;;;;;;;;
2026/06/16;1400 UTC;;;;;;;;;;;;;;;;;;
2026/06/16;1500 UTC;;;;;;;;;;;;;;;;;;
2026/06/16;1600 UTC;;;;;;;;;;;;;;;;;;
2026/06/16;1700 UTC;;;;;;;;;;;;;;;;;;
2026/06/16;1800 UTC;;;;;;;;;;;;;;;;;;
2026/06/16;1900 UTC;;;;;;;;;;;;;;;;;;
2026/06/16;2000 UTC;;;;;;;;;;;;;;;;;;
2026/06/16;2100 UTC;;;;;;;;;;;;;;;;;;
2026/06/16;2200 UTC;;;;;;;;;;;;;;;;;;
2026/06/16;2300 UTC;;;;;;;;;;;;;;;;;;
2026/06/17;0000 UTC;;;;;;;;;;;;;;;;;;
2026/06/17;0100 UTC;;;;;;;;;;;;;;;;;;
2026/06/17;0200 UTC;;;;;;;;;;;;;;;;;;
2026/06/17;0300 UTC;;;;;;;;;;;;;;;;;;
2026/06/17;0400 UTC;;;;;;;;;;;;;;;;;;
2026/06/17;0500 UTC;;;;;;;;;;;;;;;;;;
2026/06/17;0600 UTC;;;;;;;;;;;;;;;;;;
2026/06/17;0700 UTC;;;;;;;;;;;;;;;;;;
2026/06/17;0800 UTC;;;;;;;;;;;;;;;;;;
2026/06/17;0900 UTC;;;;;;;;;;;;;;;;;;
2026/06/17;1000 UTC;;;;;;;;;;;;;;;;;;
2026/06/17;1100 UTC;;;;;;;;;;;;;;;;;;
2026/06/17;1200 UTC;;;;;;;;;;;;;;;;;;
2026/06/17;1300 UTC;;;;;;;;;;;;;;;;;;
2026/06/17;1400 UTC;;;;;;;;;;;;;;;;;;
2026/06/17;1500 UTC;;;;;;;;;;;;;;;;;;
2026/06/17;1600 UTC;;;;;;;;;;;;;;;;;;
2026/06/17;1700 UTC;;;;;;;;;;;;;;;;;;
2026/06/17;1800 UTC;;;;;;;;;;;;;;;;;;
2026/06/17;1900 UTC;;;;;;;;;;;;;;;;;;
2026/06/17;2000 UTC;;;;;;;;;;;;;;;;;;
2026/06/17;2100 UTC;;;;;;;;;;;;;;;;;;
2026/06/17;2200 UTC;;;;;;;;;;;;;;;;;;
2026/06/17;2300 UTC;;;;;;;;;;;;;;;;;;
2026/06/18;0000 UTC;;;;;;;;;;;;;;;;;;
2026/06/18;0100 UTC;;;;;;;;;;;;;;;;;;
2026/06/18;0200 UTC;;;;;;;;;;;;;;;;;;
2026/06/18;0300 UTC;;;;;;;;;;;;;;;;;;
2026/06/18;0400 UTC;;;;;;;;;;;;;;;;;;
2026/06/18;0500 UTC;;;;;;;;;;;;;;;;;;
2026/06/18;0600 UTC;;;;;;;;;;;;;;;;;;
2026/06/18;0700 UTC;;;;;;;;;;;;;;;;;;
2026/06/18;0800 UTC;;;;;;;;;;;;;;;;;;
2026/06/18;0900 UTC;;;;;;;;;;;;;;;;;;
2026/06/18;1000 UTC;;;;;;;;;;;;;;;;;;
2026/06/18;1100 UTC;;;;;;;;;;;;;;;;;;
2026/06/18;1200 UTC;;;;;;;;;;;;;;;;;;
2026/06/18;1300 UTC;;;;;;;;;;;;;;;;;;
2026/06/18;1400 UTC;;;;;;;;;;;;;;;;;;
2026/06/18;1500 UTC;;;;;;;;;;;;;;;;;;
2026/06/18;1600 UTC;;;;;;;;;;;;;;;;;;
2026/06/18;1700 UTC;;;;;;;;;;;;;;;;;;
2026/06/18;1800 UTC;;;;;;;;;;;;;;;;;;
2026/06/18;1900 UTC;;;;;;;;;;;;;;;;;;
2026/06/18;2000 UTC;;;;;;;;;;;;;;;;;;
2026/06/18;2100 UTC;;;;;;;;;;;;;;;;;;
2026/06/18;2200 UTC;;;;;;;;;;;;;;;;;;
2026/06/18;2300 UTC;;;;;;;;;;;;;;;;;;
2026/06/19;0000 UTC;;;;;;;;;;;;;;;;;;
2026/06/19;0100 UTC;;;;;;;;;;;;;;;;;;
2026/06/19;0200 UTC;;;;;;;;;;;;;;;;;;
2026/06/19;0300 UTC;;;;;;;;;;;;;;;;;;
2026/06/19;0400 UTC;;;;;;;;;;;;;;;;;;
2026/06/19;0500 UTC;;;;;;;;;;;;;;;;;;
2026/06/19;0600 UTC;;;;;;;;;;;;;;;;;;
2026/06/19;0700 UTC;;;;;;;;;;;;;;;;;;
2026/06/19;0800 UTC;;;;;;;;;;;;;;;;;;
2026/06/19;0900 UTC;;;;;;;;;;;;;;;;;;
2026/06/19;1000 UTC;;;;;;;;;;;;;;;;;;
2026/06/19;1100 UTC;;;;;;;;;;;;;;;;;;
2026/06/19;1200 UTC;;;;;;;;;;;;;;;;;;
2026/06/19;1300 UTC;;;;;;;;;;;;;;;;;;
2026/06/19;1400 UTC;;;;;;;;;;;;;;;;;;
2026/06/19;1500 UTC;;;;;;;;;;;;;;;;;;
2026/06/19;1600 UTC;;;;;;;;;;;;;;;;;;
2026/06/19;1700 UTC;;;;;;;;;;;;;;;;;;
2026/06/19;1800 UTC;;;;;;;;;;;;;;;;;;
2026/06/19;1900 UTC;;;;;;;;;;;;;;;;;;
2026/06/19;2000 UTC;;;;;;;;;;;;;;;;;;
2026/06/19;2100 UTC;;;;;;;;;;;;;;;;;;
2026/06/19;2200 UTC;;;;;;;;;;;;;;;;;;
2026/06/19;2300 UTC;;;;;;;;;;;;;;;;;;
2026/06/20;0000 UTC;;;;;;;;;;;;;;;;;;
2026/06/20;0100 UTC;;;;;;;;;;;;;;;;;;
2026/06/20;0200 UTC;;;;;;;;;;;;;;;;;;
2026/06/20;0300 UTC;;;;;;;;;;;;;;;;;;
2026/06/20;0400 UTC;;;;;;;;;;;;;;;;;;
2026/06/20;0500 UTC;;;;;;;;;;;;;;;;;;
2026/06/20;0600 UTC;;;;;;;;;;;;;;;;;;
2026/06/20;0700 UTC;;;;;;;;;;;;;;;;;;
2026/06/20;0800 UTC;;;;;;;;;;;;;;;;;;
2026/06/20;0900 UTC;;;;;;;;;;;;;;;;;;
2026/06/20;1000 UTC;;;;;;;;;;;;;;;;;;
2026/06/20;1100 UTC;;;;;;;;;;;;;;;;;;
2026/06/20;1200 UTC;;;;;;;;;;;;;;;;;;
2026/06/20;1300 UTC;;;;;;;;;;;;;;;;;;
2026/06/20;1400 UTC;;;;;;;;;;;;;;;;;;
2026/06/20;1500 UTC;;;;;;;;;;;;;;;;;;
2026/06/20;1600 UTC;;;;;;;;;;;;;;;;;;
2026/06/20;1700 UTC;;;;;;;;;;;;;;;;;;
2026/06/20;1800 UTC;;;;;;;;;;;;;;;;;;
2026/06/20;1900 UTC;;;;;;;;;;;;;;;;;;
2026/06/20;2000 UTC;;;;;;;;;;;;;;;;;;
2026/06/20;2100 UTC;;;;;;;;;;;;;;;;;;
2026/06/20;2200 UTC;;;;;;;;;;;;;;;;;;
2026/06/20;2300 UTC;;;;;;;;;;;;;;;;;;
2026/06/21;0000 UTC;;;;;;;;;;;;;;;;;;
2026/06/21;0100 UTC;;;;;;;;;;;;;;;;;;
2026/06/21;0200 UTC;;;;;;;;;;;;;;;;;;
2026/06/21;0300 UTC;;;;;;;;;;;;;;;;;;
2026/06/21;0400 UTC;;;;;;;;;;;;;;;;;;
2026/06/21;0500 UTC;;;;;;;;;;;;;;;;;;
2026/06/21;0600 UTC;;;;;;;;;;;;;;;;;;
2026/06/21;0700 UTC;;;;;;;;;;;;;;;;;;
2026/06/21;0800 UTC;;;;;;;;;;;;;;;;;;
2026/06/21;0900 UTC;;;;;;;;;;;;;;;;;;
2026/06/21;1000 UTC;;;;;;;;;;;;;;;;;;
2026/06/21;1100 UTC;;;;;;;;;;;;;;;;;;
2026/06/21;1200 UTC;;;;;;;;;;;;;;;;;;
2026/06/21;1300 UTC;;;;;;;;;;;;;;;;;;
2026/06/21;1400 UTC;;;;;;;;;;;;;;;;;;
2026/06/21;1500 UTC;;;;;;;;;;;;;;;;;;
2026/06/21;1600 UTC;;;;;;;;;;;;;;;;;;
2026/06/21;1700 UTC;;;;;;;;;;;;;;;;;;
2026/06/21;1800 UTC;;;;;;;;;;;;;;;;;;
2026/06/21;1900 UTC;;;;;;;;;;;;;;;;;;
2026/06/21;2000 UTC;;;;;;;;;;;;;;;;;;
2026/06/21;2100 UTC;;;;;;;;;;;;;;;;;;
2026/06/21;2200 UTC;;;;;;;;;;;;;;;;;;
2026/06/21;2300 UTC;;;;;;;;;;;;;;;;;;
2026/06/22;0000 UTC;;;;;;;;;;;;;;;;;;
2026/06/22;0100 UTC;;;;;;;;;;;;;;;;;;
2026/06/22;0200 UTC;;;;;;;;;;;;;;;;;;
2026/06/22;0300 UTC;;;;;;;;;;;;;;;;;;
2026/06/22;0400 UTC;;;;;;;;;;;;;;;;;;
2026/06/22;0500 UTC;;;;;;;;;;;;;;;;;;
2026/06/22;0600 UTC;;;;;;;;;;;;;;;;;;
2026/06/22;0700 UTC;;;;;;;;;;;;;;;;;;
2026/06/22;0800 UTC;;;;;;;;;;;;;;;;;;
2026/06/22;0900 UTC;;;;;;;;;;;;;;;;;;
2026/06/22;1000 UTC;;;;;;;;;;;;;;;;;;
2026/06/22;1100 UTC;;;;;;;;;;;;;;;;;;
2026/06/22;1200 UTC;;;;;;;;;;;;;;;;;;
2026/06/22;1300 UTC;;;;;;;;;;;;;;;;;;
2026/06/22;1400 UTC;;;;;;;;;;;;;;;;;;
2026/06/22;1500 UTC;;;;;;;;;;;;;;;;;;
2026/06/22;1600 UTC;;;;;;;;;;;;;;;;;;
2026/06/22;1700 UTC;;;;;;;;;;;;;;;;;;
2026/06/22;1800 UTC;;;;;;;;;;;;;;;;;;
2026/06/22;1900 UTC;;;;;;;;;;;;;;;;;;
2026/06/22;2000 UTC;;;;;;;;;;;;;;;;;;
2026/06/22;2100 UTC;;;;;;;;;;;;;;;;;;
2026/06/22;2200 UTC;;;;;;;;;;;;;;;;;;
2026/06/22;2300 UTC;;;;;;;;;;;;;;;;;;
2026/06/23;0000 UTC;;;;;;;;;;;;;;;;;;
2026/06/23;0100 UTC;;;;;;;;;;;;;;;;;;
2026/06/23;0200 UTC;;;;;;;;;;;;;;;;;;
2026/06/23;0300 UTC;;;;;;;;;;;;;;;;;;
2026/06/23;0400 UTC;;;;;;;;;;;;;;;;;;
2026/06/23;0500 UTC;;;;;;;;;;;;;;;;;;
2026/06/23;0600 UTC;;;;;;;;;;;;;;;;;;
2026/06/23;0700 UTC;;;;;;;;;;;;;;;;;;
2026/06/23;0800 UTC;;;;;;;;;;;;;;;;;;
2026/06/23;0900 UTC;;;;;;;;;;;;;;;;;;
2026/06/23;1000 UTC;;;;;;;;;;;;;;;;;;
2026/06/23;1100 UTC;;;;;;;;;;;;;;;;;;
2026/06/23;1200 UTC;;;;;;;;;;;;;;;;;;
2026/06/23;1300 UTC;;;;;;;;;;;;;;;;;;
2026/06/23;1400 UTC;;;;;;;;;;;;;;;;;;
2026/06/23;1500 UTC;;;;;;;;;;;;;;;;;;
2026/06/23;1600 UTC;;;;;;;;;;;;;;;;;;
2026/06/23;1700 UTC;;;;;;;;;;;;;;;;;;
2026/06/23;1800 UTC;;;;;;;;;;;;;;;;;;
2026/06/23;1900 UTC;;;;;;;;;;;;;;;;;;
2026/06/23;2000 UTC;;;;;;;;;;;;;;;;;;
2026/06/23;2100 UTC;;;;;;;;;;;;;;;;;;
2026/06/23;2200 UTC;;;;;;;;;;;;;;;;;;
2026/06/23;2300 UTC;;;;;;;;;;;;;;;;;;
2026/06/24;0000 UTC;;;;;;;;;;;;;;;;;;
2026/06/24;0100 UTC;;;;;;;;;;;;;;;;;;
2026/06/24;0200 UTC;;;;;;;;;;;;;;;;;;
2026/06/24;0300 UTC;;;;;;;;;;;;;;;;;;
2026/06/24;0400 UTC;;;;;;;;;;;;;;;;;;
2026/06/24;0500 UTC;;;;;;;;;;;;;;;;;;
2026/06/24;0600 UTC;;;;;;;;;;;;;;;;;;
2026/06/24;0700 UTC;;;;;;;;;;;;;;;;;;
2026/06/24;0800 UTC;;;;;;;;;;;;;;;;;;
2026/06/24;0900 UTC;;;;;;;;;;;;;;;;;;
2026/06/24;1000 UTC;;;;;;;;;;;;;;;;;;
2026/06/24;1100 UTC;;;;;;;;;;;;;;;;;;
2026/06/24;1200 UTC;;;;;;;;;;;;;;;;;;
2026/06/24;1300 UTC;;;;;;;;;;;;;;;;;;
2026/06/24;1400 UTC;;;;;;;;;;;;;;;;;;
2026/06/24;1500 UTC;;;;;;;;;;;;;;;;;;
2026/06/24;1600 UTC;;;;;;;;;;;;;;;;;;
2026/06/24;1700 UTC;;;;;;;;;;;;;;;;;;
2026/06/24;1800 UTC;;;;;;;;;;;;;;;;;;
2026/06/24;1900 UTC;;;;;;;;;;;;;;;;;;
2026/06/24;2000 UTC;;;;;;;;;;;;;;;;;;
2026/06/24;2100 UTC;;;;;;;;;;;;;;;;;;
2026/06/24;2200 UTC;;;;;;;;;;;;;;;;;;
2026/06/24;2300 UTC;;;;;;;;;;;;;;;;;;
2026/06/25;0000 UTC;;;;;;;;;;;;;;;;;;
2026/06/25;0100 UTC;;;;;;;;;;;;;;;;;;
2026/06/25;0200 UTC;;;;;;;;;;;;;;;;;;
2026/06/25;0300 UTC;;;;;;;;;;;;;;;;;;
2026/06/25;0400 UTC;;;;;;;;;;;;;;;;;;
2026/06/25;0500 UTC;;;;;;;;;;;;;;;;;;
2026/06/25;0600 UTC;;;;;;;;;;;;;;;;;;
2026/06/25;0700 UTC;;;;;;;;;;;;;;;;;;
2026/06/25;0800 UTC;;;;;;;;;;;;;;;;;;
2026/06/25;0900 UTC;;;;;;;;;;;;;;;;;;
2026/06/25;1000 UTC;;;;;;;;;;;;;;;;;;
2026/06/25;1100 UTC;;;;;;;;;;;;;;;;;;
2026/06/25;1200 UTC;;;;;;;;;;;;;;;;;;
2026/06/25;1300 UTC;;;;;;;;;;;;;;;;;;
2026/06/25;1400 UTC;;;;;;;;;;;;;;;;;;
2026/06/25;1500 UTC;;;;;;;;;;;;;;;;;;
2026/06/25;1600 UTC;;;;;;;;;;;;;;;;;;
2026/06/25;1700 UTC;;;;;;;;;;;;;;;;;;
2026/06/25;1800 UTC;;;;;;;;;;;;;;;;;;
2026/06/25;1900 UTC;;;;;;;;;;;;;;;;;;
2026/06/25;2000 UTC;;;;;;;;;;;;;;;;;;
2026/06/25;2100 UTC;;;;;;;;;;;;;;;;;;
2026/06/25;2200 UTC;;;;;;;;;;;;;;;;;;
2026/06/25;2300 UTC;;;;;;;;;;;;;;;;;;
2026/06/26;0000 UTC;;;;;;;;;;;;;;;;;;
2026/06/26;0100 UTC;;;;;;;;;;;;;;;;;;
2026/06/26;0200 UTC;;;;;;;;;;;;;;;;;;
2026/06/26;0300 UTC;;;;;;;;;;;;;;;;;;
2026/06/26;0400 UTC;;;;;;;;;;;;;;;;;;
2026/06/26;0500 UTC;;;;;;;;;;;;;;;;;;
2026/06/26;0600 UTC;;;;;;;;;;;;;;;;;;
2026/06/26;0700 UTC;;;;;;;;;;;;;;;;;;
2026/06/26;0800 UTC;;;;;;;;;;;;;;;;;;
2026/06/26;0900 UTC;;;;;;;;;;;;;;;;;;
2026/06/26;1000 UTC;;;;;;;;;;;;;;;;;;
2026/06/26;1100 UTC;;;;;;;;;;;;;;;;;;
2026/06/26;1200 UTC;;;;;;;;;;;;;;;;;;
2026/06/26;1300 UTC;;;;;;;;;;;;;;;;;;
2026/06/26;1400 UTC;;;;;;;;;;;;;;;;;;
2026/06/26;1500 UTC;;;;;;;;;;;;;;;;;;
2026/06/26;1600 UTC;;;;;;;;;;;;;;;;;;
2026/06/26;1700 UTC;;;;;;;;;;;;;;;;;;
2026/06/26;1800 UTC;;;;;;;;;;;;;;;;;;
2026/06/26;1900 UTC;;;;;;;;;;;;;;;;;;
2026/06/26;2000 UTC;;;;;;;;;;;;;;;;;;
2026/06/26;2100 UTC;;;;;;;;;;;;;;;;;;
2026/06/26;2200 UTC;;;;;;;;;;;;;;;;;;
2026/06/26;2300 UTC;;;;;;;;;;;;;;;;;;
2026/06/27;0000 UTC;;;;;;;;;;;;;;;;;;
2026/06/27;0100 UTC;;;;;;;;;;;;;;;;;;
2026/06/27;0200 UTC;;;;;;;;;;;;;;;;;;
2026/06/27;0300 UTC;;;;;;;;;;;;;;;;;;
2026/06/27;0400 UTC;;;;;;;;;;;;;;;;;;
2026/06/27;0500 UTC;;;;;;;;;;;;;;;;;;
2026/06/27;0600 UTC;;;;;;;;;;;;;;;;;;
2026/06/27;0700 UTC;;;;;;;;;;;;;;;;;;
2026/06/27;0800 UTC;;;;;;;;;;;;;;;;;;
2026/06/27;0900 UTC;;;;;;;;;;;;;;;;;;
2026/06/27;1000 UTC;;;;;;;;;;;;;;;;;;
2026/06/27;1100 UTC;;;;;;;;;;;;;;;;;;
2026/06/27;1200 UTC;;;;;;;;;;;;;;;;;;
2026/06/27;1300 UTC;;;;;;;;;;;;;;;;;;
2026/06/27;1400 UTC;;;;;;;;;;;;;;;;;;
2026/06/27;1500 UTC;;;;;;;;;;;;;;;;;;
2026/06/27;1600 UTC;;;;;;;;;;;;;;;;;;
2026/06/27;1700 UTC;;;;;;;;;;;;;;;;;;
2026/06/27;1800 UTC;;;;;;;;;;;;;;;;;;
2026/06/27;1900 UTC;;;;;;;;;;;;;;;;;;
2026/06/27;2000 UTC;;;;;;;;;;;;;;;;;;
2026/06/27;2100 UTC;;;;;;;;;;;;;;;;;;
2026/06/27;2200 UTC;;;;;;;;;;;;;;;;;;
2026/06/27;2300 UTC;;;;;;;;;;;;;;;;;;
2026/06/28;0000 UTC;;;;;;;;;;;;;;;;;;
2026/06/28;0100 UTC;;;;;;;;;;;;;;;;;;
2026/06/28;0200 UTC;;;;;;;;;;;;;;;;;;
2026/06/28;0300 UTC;;;;;;;;;;;;;;;;;;
2026/06/28;0400 UTC;;;;;;;;;;;;;;;;;;
2026/06/28;0500 UTC;;;;;;;;;;;;;;;;;;
2026/06/28;0600 UTC;;;;;;;;;;;;;;;;;;
2026/06/28;0700 UTC;;;;;;;;;;;;;;;;;;
2026/06/28;0800 UTC;;;;;;;;;;;;;;;;;;
2026/06/28;0900 UTC;;;;;;;;;;;;;;;;;;
2026/06/28;1000 UTC;;;;;;;;;;;;;;;;;;
2026/06/28;1100 UTC;;;;;;;;;;;;;;;;;;
2026/06/28;1200 UTC;;;;;;;;;;;;;;;;;;
2026/06/28;1300 UTC;;;;;;;;;;;;;;;;;;
2026/06/28;1400 UTC;;;;;;;;;;;;;;;;;;
2026/06/28;1500 UTC;;;;;;;;;;;;;;;;;;
2026/06/28;1600 UTC;;;;;;;;;;;;;;;;;;
2026/06/28;1700 UTC;;;;;;;;;;;;;;;;;;
2026/06/28;1800 UTC;;;;;;;;;;;;;;;;;;
2026/06/28;1900 UTC;;;;;;;;;;;;;;;;;;
2026/06/28;2000 UTC;;;;;;;;;;;;;;;;;;
2026/06/28;2100 UTC;;;;;;;;;;;;;;;;;;
2026/06/28;2200 UTC;;;;;;;;;;;;;;;;;;
2026/06/28;2300 UTC;;;;;;;;;;;;;;;;;;
2026/06/29;0000 UTC;;;;;;;;;;;;;;;;;;
2026/06/29;0100 UTC;;;;;;;;;;;;;;;;;;
2026/06/29;0200 UTC;;;;;;;;;;;;;;;;;;
2026/06/29;0300 UTC;;;;;;;;;;;;;;;;;;
2026/06/29;0400 UTC;;;;;;;;;;;;;;;;;;
2026/06/29;0500 UTC;;;;;;;;;;;;;;;;;;
2026/06/29;0600 UTC;;;;;;;;;;;;;;;;;;
2026/06/29;0700 UTC;;;;;;;;;;;;;;;;;;
2026/06/29;0800 UTC;;;;;;;;;;;;;;;;;;
2026/06/29;0900 UTC;;;;;;;;;;;;;;;;;;
2026/06/29;1000 UTC;;;;;;;;;;;;;;;;;;
2026/06/29;1100 UTC;;;;;;;;;;;;;;;;;;
2026/06/29;1200 UTC;;;;;;;;;;;;;;;;;;
2026/06/29;1300 UTC;;;;;;;;;;;;;;;;;;
2026/06/29;1400 UTC;;;;;;;;;;;;;;;;;;
2026/06/29;1500 UTC;;;;;;;;;;;;;;;;;;
2026/06/29;1600 UTC;;;;;;;;;;;;;;;;;;
2026/06/29;1700 UTC;;;;;;;;;;;;;;;;;;
2026/06/29;1800 UTC;;;;;;;;;;;;;;;;;;
2026/06/29;1900 UTC;;;;;;;;;;;;;;;;;;
2026/06/29;2000 UTC;;;;;;;;;;;;;;;;;;
2026/06/29;2100 UTC;;;;;;;;;;;;;;;;;;
2026/06/29;2200 UTC;;;;;;;;;;;;;;;;;;
2026/06/29;2300 UTC;;;;;;;;;;;;;;;;;;
2026/06/30;0000 UTC;;;;;;;;;;;;;;;;;;
2026/06/30;0100 UTC;;;;;;;;;;;;;;;;;;
2026/06/30;0200 UTC;;;;;;;;;;;;;;;;;;
2026/06/30;0300 UTC;;;;;;;;;;;;;;;;;;
2026/06/30;0400 UTC;;;;;;;;;;;;;;;;;;
2026/06/30;0500 UTC;;;;;;;;;;;;;;;;;;
2026/06/30;0600 UTC;;;;;;;;;;;;;;;;;;
2026/06/30;0700 UTC;;;;;;;;;;;;;;;;;;
2026/06/30;0800 UTC;;;;;;;;;;;;;;;;;;
2026/06/30;0900 UTC;;;;;;;;;;;;;;;;;;
2026/06/30;1000 UTC;;;;;;;;;;;;;;;;;;
2026/06/30;1100 UTC;;;;;;;;;;;;;;;;;;
2026/06/30;1200 UTC;;;;;;;;;;;;;;;;;;
2026/06/30;1300 UTC;;;;;;;;;;;;;;;;;;
2026/06/30;1400 UTC;;;;;;;;;;;;;;;;;;
2026/06/30;1500 UTC;;;;;;;;;;;;;;;;;;
2026/06/30;1600 UTC;;;;;;;;;;;;;;;;;;
2026/06/30;1700 UTC;;;;;;;;;;;;;;;;;;
2026/06/30;1800 UTC;;;;;;;;;;;;;;;;;;
2026/06/30;1900 UTC;;;;;;;;;;;;;;;;;;
2026/06/30;2000 UTC;;;;;;;;;;;;;;;;;;
2026/06/30;2100 UTC;;;;;;;;;;;;;;;;;;
2026/06/30;2200 UTC;;;;;;;;;;;;;;;;;;
2026/06/30;2300 UTC;;;;;;;;;;;;;;;;;;
2026/07/01;0000 UTC;;;;;;;;;;;;;;;;;;
2026/07/01;0100 UTC;;;;;;;;;;;;;;;;;;
2026/07/01;0200 UTC;;;;;;;;;;;;;;;;;;
2026/07/01;0300 UTC;;;;;;;;;;;;;;;;;;
2026/07/01;0400 UTC;;;;;;;;;;;;;;;;;;
2026/07/01;0500 UTC;;;;;;;;;;;;;;;;;;
2026/07/01;0600 UTC;;;;;;;;;;;;;;;;;;
2026/07/01;0700 UTC;;;;;;;;;;;;;;;;;;
2026/07/01;0800 UTC;;;;;;;;;;;;;;;;;;
2026/07/01;0900 UTC;;;;;;;;;;;;;;;;;;
2026/07/01;1000 UTC;;;;;;;;;;;;;;;;;;
2026/07/01;1100 UTC;;;;;;;;;;;;;;;;;;
2026/07/01;1200 UTC;;;;;;;;;;;;;;;;;;
2026/07/01;1300 UTC;;;;;;;;;;;;;;;;;;
2026/07/01;1400 UTC;;;;;;;;;;;;;;;;;;
2026/07/01;1500 UTC;;;;;;;;;;;;;;;;;;
2026/07/01;1600 UTC;;;;;;;;;;;;;;;;;;
2026/07/01;1700 UTC;;;;;;;;;;;;;;;;;;
2026/07/01;1800 UTC;;;;;;;;;;;;;;;;;;
2026/07/01;1900 UTC;;;;;;;;;;;;;;;;;;
2026/07/01;2000 UTC;;;;;;;;;;;;;;;;;;
2026/07/01;2100 UTC;;;;;;;;;;;;;;;;;;
2026/07/01;2200 UTC;;;;;;;;;;;;;;;;;;
2026/07/01;2300 UTC;;;;;;;;;;;;;;;;;;
2026/07/02;0000 UTC;;;;;;;;;;;;;;;;;;
2026/07/02;0100 UTC;;;;;;;;;;;;;;;;;;
2026/07/02;0200 UTC;;;;;;;;;;;;;;;;;;
2026/07/02;0300 UTC;;;;;;;;;;;;;;;;;;
2026/07/02;0400 UTC;;;;;;;;;;;;;;;;;;
2026/07/02;0500 UTC;;;;;;;;;;;;;;;;;;
2026/07/02;0600 UTC;;;;;;;;;;;;;;;;;;
2026/07/02;0700 UTC;;;;;;;;;;;;;;;;;;
2026/07/02;0800 UTC;;;;;;;;;;;;;;;;;;
2026/07/02;0900 UTC;;;;;;;;;;;;;;;;;;
2026/07/02;1000 UTC;;;;;;;;;;;;;;;;;;
2026/07/02;1100 UTC;;;;;;;;;;;;;;;;;;
2026/07/02;1200 UTC;;;;;;;;;;;;;;;;;;
2026/07/02;1300 UTC;;;;;;;;;;;;;;;;;;
2026/07/02;1400 UTC;;;;;;;;;;;;;;;;;;
2026/07/02;1500 UTC;;;;;;;;;;;;;;;;;;
2026/07/02;1600 UTC;;;;;;;;;;;;;;;;;;
2026/07/02;1700 UTC;;;;;;;;;;;;;;;;;;
2026/07/02;1800 UTC;;;;;;;;;;;;;;;;;;
2026/07/02;1900 UTC;;;;;;;;;;;;;;;;;;
2026/07/02;2000 UTC;;;;;;;;;;;;;;;;;;
2026/07/02;2100 UTC;;;;;;;;;;;;;;;;;;
2026/07/02;2200 UTC;;;;;;;;;;;;;;;;;;
2026/07/02;2300 UTC;;;;;;;;;;;;;;;;;;
2026/07/03;0000 UTC;;;;;;;;;;;;;;;;;;
2026/07/03;0100 UTC;;;;;;;;;;;;;;;;;;
2026/07/03;0200 UTC;;;;;;;;;;;;;;;;;;
2026/07/03;0300 UTC;;;;;;;;;;;;;;;;;;
2026/07/03;0400 UTC;;;;;;;;;;;;;;;;;;
2026/07/03;0500 UTC;;;;;;;;;;;;;;;;;;
2026/07/03;0600 UTC;;;;;;;;;;;;;;;;;;
2026/07/03;0700 UTC;;;;;;;;;;;;;;;;;;
2026/07/03;0800 UTC;;;;;;;;;;;;;;;;;;
2026/07/03;0900 UTC;;;;;;;;;;;;;;;;;;
2026/07/03;1000 UTC;;;;;;;;;;;;;;;;;;
2026/07/03;1100 UTC;;;;;;;;;;;;;;;;;;
2026/07/03;1200 UTC;;;;;;;;;;;;;;;;;;
2026/07/03;1300 UTC;;;;;;;;;;;;;;;;;;
2026/07/03;1400 UTC;;;;;;;;;;;;;;;;;;
2026/07/03;1500 UTC;;;;;;;;;;;;;;;;;;
2026/07/03;1600 UTC;;;;;;;;;;;;;;;;;;
2026/07/03;1700 UTC;;;;;;;;;;;;;;;;;;
2026/07/03;1800 UTC;;;;;;;;;;;;;;;;;;
2026/07/03;1900 UTC;;;;;;;;;;;;;;;;;;
2026/07/03;2000 UTC;;;;;;;;;;;;;;;;;;
2026/07/03;2100 UTC;;;;;;;;;;;;;;;;;;
2026/07/03;2200 UTC;;;;;;;;;;;;;;;;;;
2026/07/03;2300 UTC;;;;;;;;;;;;;;;;;;
2026/07/04;0000 UTC;;;;;;;;;;;;;;;;;;
2026/07/04;0100 UTC;;;;;;;;;;;;;;;;;;
2026/07/04;0200 UTC;;;;;;;;;;;;;;;;;;
2026/07/04;0300 UTC;;;;;;;;;;;;;;;;;;
2026/07/04;0400 UTC;;;;;;;;;;;;;;;;;;
2026/07/04;0500 UTC;;;;;;;;;;;;;;;;;;
2026/07/04;0600 UTC;;;;;;;;;;;;;;;;;;
2026/07/04;0700 UTC;;;;;;;;;;;;;;;;;;
2026/07/04;0800 UTC;;;;;;;;;;;;;;;;;;
2026/07/04;0900 UTC;;;;;;;;;;;;;;;;;;
2026/07/04;1000 UTC;;;;;;;;;;;;;;;;;;
2026/07/04;1100 UTC;;;;;;;;;;;;;;;;;;
2026/07/04;1200 UTC;;;;;;;;;;;;;;;;;;
2026/07/04;1300 UTC;;;;;;;;;;;;;;;;;;
2026/07/04;1400 UTC;;;;;;;;;;;;;;;;;;
2026/07/04;1500 UTC;;;;;;;;;;;;;;;;;;
2026/07/04;1600 UTC;;;;;;;;;;;;;;;;;;
2026/07/04;1700 UTC;;;;;;;;;;;;;;;;;;
2026/07/04;1800 UTC;;;;;;;;;;;;;;;;;;
2026/07/04;1900 UTC;;;;;;;;;;;;;;;;;;
2026/07/04;2000 UTC;;;;;;;;;;;;;;;;;;
2026/07/04;2100 UTC;;;;;;;;;;;;;;;;;;
2026/07/04;2200 UTC;;;;;;;;;;;;;;;;;;
2026/07/04;2300 UTC;;;;;;;;;;;;;;;;;;
2026/07/05;0000 UTC;;;;;;;;;;;;;;;;;;
2026/07/05;0100 UTC;;;;;;;;;;;;;;;;;;
2026/07/05;0200 UTC;;;;;;;;;;;;;;;;;;
2026/07/05;0300 UTC;;;;;;;;;;;;;;;;;;
2026/07/05;0400 UTC;;;;;;;;;;;;;;;;;;
2026/07/05;0500 UTC;;;;;;;;;;;;;;;;;;
2026/07/05;0600 UTC;;;;;;;;;;;;;;;;;;
2026/07/05;0700 UTC;;;;;;;;;;;;;;;;;;
2026/07/05;0800 UTC;;;;;;;;;;;;;;;;;;
2026/07/05;0900 UTC;;;;;;;;;;;;;;;;;;
2026/07/05;1000 UTC;;;;;;;;;;;;;;;;;;
2026/07/05;1100 UTC;;;;;;;;;;;;;;;;;;
2026/07/05;1200 UTC;;;;;;;;;;;;;;;;;;
2026/07/05;1300 UTC;;;;;;;;;;;;;;;;;;
2026/07/05;1400 UTC;;;;;;;;;;;;;;;;;;
2026/07/05;1500 UTC;;;;;;;;;;;;;;;;;;
2026/07/05;1600 UTC;;;;;;;;;;;;;;;;;;
2026/07/05;1700 UTC;;;;;;;;;;;;;;;;;;
2026/07/05;1800 UTC;;;;;;;;;;;;;;;;;;
2026/07/05;1900 UTC;;;;;;;;;;;;;;;;;;
2026/07/05;2000 UTC;;;;;;;;;;;;;;;;;;
2026/07/05;2100 UTC;;;;;;;;;;;;;;;;;;
2026/07/05;2200 UTC;;;;;;;;;;;;;;;;;;
2026/07/05;2300 UTC;;;;;;;;;;;;;;;;;;
2026/07/06;0000 UTC;;;;;;;;;;;;;;;;;;
2026/07/06;0100 UTC;;;;;;;;;;;;;;;;;;
2026/07/06;0200 UTC;;;;;;;;;;;;;;;;;;
2026/07/06;0300 UTC;;;;;;;;;;;;;;;;;;
2026/07/06;0400 UTC;;;;;;;;;;;;;;;;;;
2026/07/06;0500 UTC;;;;;;;;;;;;;;;;;;
2026/07/06;0600 UTC;;;;;;;;;;;;;;;;;;
2026/07/06;0700 UTC;;;;;;;;;;;;;;;;;;
2026/07/06;0800 UTC;;;;;;;;;;;;;;;;;;
2026/07/06;0900 UTC;;;;;;;;;;;;;;;;;;
2026/07/06;1000 UTC;;;;;;;;;;;;;;;;;;
2026/07/06;1100 UTC;;;;;;;;;;;;;;;;;;
2026/07/06;1200 UTC;;;;;;;;;;;;;;;;;;
2026/07/06;1300 UTC;;;;;;;;;;;;;;;;;;
2026/07/06;1400 UTC;;;;;;;;;;;;;;;;;;
2026/07/06;1500 UTC;;;;;;;;;;;;;;;;;;
2026/07/06;1600 UTC;;;;;;;;;;;;;;;;;;
2026/07/06;1700 UTC;;;;;;;;;;;;;;;;;;
2026/07/06;1800 UTC;;;;;;;;;;;;;;;;;;
2026/07/06;1900 UTC;;;;;;;;;;;;;;;;;;
2026/07/06;2000 UTC;;;;;;;;;;;;;;;;;;
2026/07/06;2100 UTC;;;;;;;;;;;;;;;;;;
2026/07/06;2200 UTC;;;;;;;;;;;;;;;;;;
2026/07/06;2300 UTC;;;;;;;;;;;;;;;;;;
2026/07/07;0000 UTC;;;;;;;;;;;;;;;;;;
2026/07/07;0100 UTC;;;;;;;;;;;;;;;;;;
2026/07/07;0200 UTC;;;;;;;;;;;;;;;;;;
2026/07/07;0300 UTC;;;;;;;;;;;;;;;;;;
2026/07/07;0400 UTC;;;;;;;;;;;;;;;;;;
2026/07/07;0500 UTC;;;;;;;;;;;;;;;;;;
2026/07/07;0600 UTC;;;;;;;;;;;;;;;;;;
2026/07/07;0700 UTC;;;;;;;;;;;;;;;;;;
2026/07/07;0800 UTC;;;;;;;;;;;;;;;;;;
2026/07/07;0900 UTC;;;;;;;;;;;;;;;;;;
2026/07/07;1000 UTC;;;;;;;;;;;;;;;;;;
2026/07/07;1100 UTC;;;;;;;;;;;;;;;;;;
2026/07/07;1200 UTC;;;;;;;;;;;;;;;;;;
2026/07/07;1300 UTC;;;;;;;;;;;;;;;;;;
2026/07/07;1400 UTC;;;;;;;;;;;;;;;;;;
2026/07/07;1500 UTC;;;;;;;;;;;;;;;;;;
2026/07/07;1600 UTC;;;;;;;;;;;;;;;;;;
2026/07/07;1700 UTC;;;;;;;;;;;;;;;;;;
2026/07/07;1800 UTC;;;;;;;;;;;;;;;;;;
2026/07/07;1900 UTC;;;;;;;;;;;;;;;;;;
2026/07/07;2000 UTC;;;;;;;;;;;;;;;;;;
2026/07/07;2100 UTC;;;;;;;;;;;;;;;;;;
2026/07/07;2200 UTC;;;;;;;;;;;;;;;;;;
2026/07/07;2300 UTC;;;;;;;;;;;;;;;;;;
2026/07/08;0000 UTC;;;;;;;;;;;;;;;;;;
2026/07/08;0100 UTC;;;;;;;;;;;;;;;;;;
2026/07/08;0200 UTC;;;;;;;;;;;;;;;;;;
2026/07/08;0300 UTC;;;;;;;;;;;;;;;;;;
2026/07/08;0400 UTC;;;;;;;;;;;;;;;;;;
2026/07/08;0500 UTC;;;;;;;;;;;;;;;;;;
2026/07/08;0600 UTC;;;;;;;;;;;;;;;;;;
2026/07/08;0700 UTC;;;;;;;;;;;;;;;;;;
2026/07/08;0800 UTC;;;;;;;;;;;;;;;;;;
2026/07/08;0900 UTC;;;;;;;;;;;;;;;;;;
2026/07/08;1000 UTC;;;;;;;;;;;;;;;;;;
2026/07/08;1100 UTC;;;;;;;;;;;;;;;;;;
2026/07/08;1200 UTC;;;;;;;;;;;;;;;;;;
2026/07/08;1300 UTC;;;;;;;;;;;;;;;;;;
2026/07/08;1400 UTC;;;;;;;;;;;;;;;;;;
2026/07/08;1500 UTC;;;;;;;;;;;;;;;;;;
2026/07/08;1600 UTC;;;;;;;;;;;;;;;;;;
2026/07/08;1700 UTC;;;;;;;;;;;;;;;;;;
2026/07/08;1800 UTC;;;;;;;;;;;;;;;;;;
2026/07/08;1900 UTC;;;;;;;;;;;;;;;;;;
2026/07/08;2000 UTC;;;;;;;;;;;;;;;;;;
2026/07/08;2100 UTC;;;;;;;;;;;;;;;;;;
2026/07/08;2200 UTC;;;;;;;;;;;;;;;;;;
2026/07/08;2300 UTC;;;;;;;;;;;;;;;;;;
2026/07/09;0000 UTC;;;;;;;;;;;;;;;;;;
2026/07/09;0100 UTC;;;;;;;;;;;;;;;;;;
2026/07/09;0200 UTC;;;;;;;;;;;;;;;;;;
2026/07/09;0300 UTC;;;;;;;;;;;;;;;;;;
2026/07/09;0400 UTC;;;;;;;;;;;;;;;;;;
2026/07/09;0500 UTC;;;;;;;;;;;;;;;;;;
2026/07/09;0600 UTC;;;;;;;;;;;;;;;;;;
2026/07/09;0700 UTC;;;;;;;;;;;;;;;;;;
2026/07/09;0800 UTC;;;;;;;;;;;;;;;;;;
2026/07/09;0900 UTC;;;;;;;;;;;;;;;;;;
2026/07/09;1000 UTC;;;;;;;;;;;;;;;;;;
2026/07/09;1100 UTC;;;;;;;;;;;;;;;;;;
2026/07/09;1200 UTC;;;;;;;;;;;;;;;;;;
2026/07/09;1300 UTC;;;;;;;;;;;;;;;;;;
2026/07/09;1400 UTC;;;;;;;;;;;;;;;;;;
2026/07/09;1500 UTC;;;;;;;;;;;;;;;;;;
2026/07/09;1600 UTC;;;;;;;;;;;;;;;;;;
2026/07/09;1700 UTC;;;;;;;;;;;;;;;;;;
2026/07/09;1800 UTC;;;;;;;;;;;;;;;;;;
2026/07/09;1900 UTC;;;;;;;;;;;;;;;;;;
2026/07/09;2000 UTC;;;;;;;;;;;;;;;;;;
2026/07/09;2100 UTC;;;;;;;;;;;;;;;;;;
2026/07/09;2200 UTC;;;;;;;;;;;;;;;;;;
2026/07/09;2300 UTC;;;;;;;;;;;;;;;;;;
2026/07/10;0000 UTC;;;;;;;;;;;;;;;;;;
2026/07/10;0100 UTC;;;;;;;;;;;;;;;;;;
2026/07/10;0200 UTC;;;;;;;;;;;;;;;;;;
2026/07/10;0300 UTC;;;;;;;;;;;;;;;;;;
2026/07/10;0400 UTC;;;;;;;;;;;;;;;;;;
2026/07/10;0500 UTC;;;;;;;;;;;;;;;;;;
2026/07/10;0600 UTC;;;;;;;;;;;;;;;;;;
2026/07/10;0700 UTC;;;;;;;;;;;;;;;;;;
2026/07/10;0800 UTC;;;;;;;;;;;;;;;;;;
2026/07/10;0900 UTC;;;;;;;;;;;;;;;;;;
2026/07/10;1000 UTC;;;;;;;;;;;;;;;;;;
2026/07/10;1100 UTC;;;;;;;;;;;;;;;;;;
2026/07/10;1200 UTC;;;;;;;;;;;;;;;;;;
2026/07/10;1300 UTC;;;;;;;;;;;;;;;;;;
2026/07/10;1400 UTC;;;;;;;;;;;;;;;;;;
2026/07/10;1500 UTC;;;;;;;;;;;;;;;;;;
2026/07/10;1600 UTC;;;;;;;;;;;;;;;;;;
2026/07/10;1700 UTC;;;;;;;;;;;;;;;;;;
2026/07/10;1800 UTC;;;;;;;;;;;;;;;;;;
2026/07/10;1900 UTC;;;;;;;;;;;;;;;;;;
2026/07/10;2000 UTC;;;;;;;;;;;;;;;;;;
2026/07/10;2100 UTC;;;;;;;;;;;;;;;;;;
2026/07/10;2200 UTC;;;;;;;;;;;;;;;;;;
2026/07/10;2300 UTC;;;;;;;;;;;;;;;;;;
2026/07/11;0000 UTC;;;;;;;;;;;;;;;;;;
2026/07/11;0100 UTC;;;;;;;;;;;;;;;;;;
2026/07/11;0200 UTC;;;;;;;;;;;;;;;;;;
2026/07/11;0300 UTC;;;;;;;;;;;;;;;;;;
2026/07/11;0400 UTC;;;;;;;;;;;;;;;;;;
2026/07/11;0500 UTC;;;;;;;;;;;;;;;;;;
2026/07/11;0600 UTC;;;;;;;;;;;;;;;;;;
2026/07/11;0700 UTC;;;;;;;;;;;;;;;;;;
2026/07/11;0800 UTC;;;;;;;;;;;;;;;;;;
2026/07/11;0900 UTC;;;;;;;;;;;;;;;;;;
2026/07/11;1000 UTC;;;;;;;;;;;;;;;;;;
2026/07/11;1100 UTC;;;;;;;;;;;;;;;;;;
2026/07/11;1200 UTC;;;;;;;;;;;;;;;;;;
2026/07/11;1300 UTC;;;;;;;;;;;;;;;;;;
2026/07/11;1400 UTC;;;;;;;;;;;;;;;;;;
2026/07/11;1500 UTC;;;;;;;;;;;;;;;;;;
2026/07/11;1600 UTC;;;;;;;;;;;;;;;;;;
2026/07/11;1700 UTC;;;;;;;;;;;;;;;;;;
2026/07/11;1800 UTC;;;;;;;;;;;;;;;;;;
2026/07/11;1900 UTC;;;;;;;;;;;;;;;;;;
2026/07/11;2000 UTC;;;;;;;;;;;;;;;;;;
2026/07/11;2100 UTC;;;;;;;;;;;;;;;;;;
2026/07/11;2200 UTC;;;;;;;;;;;;;;;;;;
2026/07/11;2300 UTC;;;;;;;;;;;;;;;;;;
2026/07/12;0000 UTC;;;;;;;;;;;;;;;;;;
2026/07/12;0100 UTC;;;;;;;;;;;;;;;;;;
2026/07/12;0200 UTC;;;;;;;;;;;;;;;;;;
2026/07/12;0300 UTC;;;;;;;;;;;;;;;;;;
2026/07/12;0400 UTC;;;;;;;;;;;;;;;;;;
2026/07/12;0500 UTC;;;;;;;;;;;;;;;;;;
2026/07/12;0600 UTC;;;;;;;;;;;;;;;;;;
2026/07/12;0700 UTC;;;;;;;;;;;;;;;;;;
2026/07/12;0800 UTC;;;;;;;;;;;;;;;;;;
2026/07/12;0900 UTC;;;;;;;;;;;;;;;;;;
2026/07/12;1000 UTC;;;;;;;;;;;;;;;;;;
2026/07/12;1100 UTC;;;;;;;;;;;;;;;;;;
2026/07/12;1200 UTC;;;;;;;;;;;;;;;;;;
2026/07/12;1300 UTC;;;;;;;;;;;;;;;;;;
2026/07/12;1400 UTC;;;;;;;;;;;;;;;;;;
2026/07/12;1500 UTC;;;;;;;;;;;;;;;;;;
2026/07/12;1600 UTC;;;;;;;;;;;;;;;;;;
2026/07/12;1700 UTC;;;;;;;;;;;;;;;;;;
2026/07/12;1800 UTC;;;;;;;;;;;;;;;;;;
2026/07/12;1900 UTC;;;;;;;;;;;;;;;;;;
2026/07/12;2000 UTC;;;;;;;;;;;;;;;;;;
2026/07/12;2100 UTC;;;;;;;;;;;;;;;;;;
2026/07/12;2200 UTC;;;;;;;;;;;;;;;;;;
2026/07/12;2300 UTC;;;;;;;;;;;;;;;;;;
2026/07/13;0000 UTC;;;;;;;;;;;;;;;;;;
2026/07/13;0100 UTC;;;;;;;;;;;;;;;;;;
2026/07/13;0200 UTC;;;;;;;;;;;;;;;;;;
2026/07/13;0300 UTC;;;;;;;;;;;;;;;;;;
2026/07/13;0400 UTC;;;;;;;;;;;;;;;;;;
2026/07/13;0500 UTC;;;;;;;;;;;;;;;;;;
2026/07/13;0600 UTC;;;;;;;;;;;;;;;;;;
2026/07/13;0700 UTC;;;;;;;;;;;;;;;;;;
2026/07/13;0800 UTC;;;;;;;;;;;;;;;;;;
2026/07/13;0900 UTC;;;;;;;;;;;;;;;;;;
2026/07/13;1000 UTC;;;;;;;;;;;;;;;;;;
2026/07/13;1100 UTC;;;;;;;;;;;;;;;;;;
2026/07/13;1200 UTC;;;;;;;;;;;;;;;;;;
2026/07/13;1300 UTC;;;;;;;;;;;;;;;;;;
2026/07/13;1400 UTC;;;;;;;;;;;;;;;;;;
2026/07/13;1500 UTC;;;;;;;;;;;;;;;;;;
2026/07/13;1600 UTC;;;;;;;;;;;;;;;;;;
2026/07/13;1700 UTC;;;;;;;;;;;;;;;;;;
2026/07/13;1800 UTC;;;;;;;;;;;;;;;;;;
2026/07/13;1900 UTC;;;;;;;;;;;;;;;;;;
2026/07/13;2000 UTC;;;;;;;;;;;;;;;;;;
2026/07/13;2100 UTC;;;;;;;;;;;;;;;;;;
2026/07/13;2200 UTC;;;;;;;;;;;;;;;;;;
2026/07/13;2300 UTC;;;;;;;;;;;;;;;;;;
2026/07/14;0000 UTC;;;;;;;;;;;;;;;;;;
2026/07/14;0100 UTC;;;;;;;;;;;;;;;;;;
2026/07/14;0200 UTC;;;;;;;;;;;;;;;;;;
2026/07/14;0300 UTC;;;;;;;;;;;;;;;;;;
2026/07/14;0400 UTC;;;;;;;;;;;;;;;;;;
2026/07/14;0500 UTC;;;;;;;;;;;;;;;;;;
2026/07/14;0600 UTC;;;;;;;;;;;;;;;;;;
2026/07/14;0700 UTC;;;;;;;;;;;;;;;;;;
2026/07/14;0800 UTC;;;;;;;;;;;;;;;;;;
2026/07/14;0900 UTC;;;;;;;;;;;;;;;;;;
2026/07/14;1000 UTC;;;;;;;;;;;;;;;;;;
2026/07/14;1100 UTC;;;;;;;;;;;;;;;;;;
2026/07/14;1200 UTC;;;;;;;;;;;;;;;;;;
2026/07/14;1300 UTC;;;;;;;;;;;;;;;;;;
2026/07/14;1400 UTC;;;;;;;;;;;;;;;;;;
2026/07/14;1500 UTC;;;;;;;;;;;;;;;;;;
2026/07/14;1600 UTC;;;;;;;;;;;;;;;;;;
2026/07/14;1700 UTC;;;;;;;;;;;;;;;;;;
2026/07/14;1800 UTC;;;;;;;;;;;;;;;;;;
2026/07/14;1900 UTC;;;;;;;;;;;;;;;;;;
2026/07/14;2000 UTC;;;;;;;;;;;;;;;;;;
2026/07/14;2100 UTC;;;;;;;;;;;;;;;;;;
2026/07/14;2200 UTC;;;;;;;;;;;;;;;;;;
2026/07/14;2300 UTC;;;;;;;;;;;;;;;;;;
2026/07/15;0000 UTC;;;;;;;;;;;;;;;;;;
2026/07/15;0100 UTC;;;;;;;;;;;;;;;;;;
2026/07/15;0200 UTC;;;;;;;;;;;;;;;;;;
2026/07/15;0300 UTC;;;;;;;;;;;;;;;;;;
2026/07/15;0400 UTC;;;;;;;;;;;;;;;;;;
2026/07/15;0500 UTC;;;;;;;;;;;;;;;;;;
2026/07/15;0600 UTC;;;;;;;;;;;;;;;;;;
2026/07/15;0700 UTC;;;;;;;;;;;;;;;;;;
2026/07/15;0800 UTC;;;;;;;;;;;;;;;;;;
2026/07/15;0900 UTC;;;;;;;;;;;;;;;;;;
2026/07/15;1000 UTC;;;;;;;;;;;;;;;;;;
2026/07/15;1100 UTC;;;;;;;;;;;;;;;;;;
2026/07/15;1200 UTC;;;;;;;;;;;;;;;;;;
2026/07/15;1300 UTC;;;;;;;;;;;;;;;;;;
2026/07/15;1400 UTC;;;;;;;;;;;;;;;;;;
2026/07/15;1500 UTC;;;;;;;;;;;;;;;;;;
2026/07/15;1600 UTC;;;;;;;;;;;;;;;;;;
2026/07/15;1700 UTC;;;;;;;;;;;;;;;;;;
2026/07/15;1800 UTC;;;;;;;;;;;;;;;;;;
2026/07/15;1900 UTC;;;;;;;;;;;;;;;;;;
2026/07/15;2000 UTC;;;;;;;;;;;;;;;;;;
2026/07/15;2100 UTC;;;;;;;;;;;;;;;;;;
2026/07/15;2200 UTC;;;;;;;;;;;;;;;;;;
2026/07/15;2300 UTC;;;;;;;;;;;;;;;;;;
2026/07/16;0000 UTC;;;;;;;;;;;;;;;;;;
2026/07/16;0100 UTC;;;;;;;;;;;;;;;;;;
2026/07/16;0200 UTC;;;;;;;;;;;;;;;;;;
2026/07/16;0300 UTC;;;;;;;;;;;;;;;;;;
2026/07/16;0400 UTC;;;;;;;;;;;;;;;;;;
2026/07/16;0500 UTC;;;;;;;;;;;;;;;;;;
2026/07/16;0600 UTC;;;;;;;;;;;;;;;;;;
2026/07/16;0700 UTC;;;;;;;;;;;;;;;;;;
2026/07/16;0800 UTC;;;;;;;;;;;;;;;;;;
2026/07/16;0900 UTC;;;;;;;;;;;;;;;;;;
2026/07/16;1000 UTC;;;;;;;;;;;;;;;;;;
2026/07/16;1100 UTC;;;;;;;;;;;;;;;;;;
2026/07/16;1200 UTC;;;;;;;;;;;;;;;;;;
2026/07/16;1300 UTC;;;;;;;;;;;;;;;;;;
2026/07/16;1400 UTC;;;;;;;;;;;;;;;;;;
2026/07/16;1500 UTC;;;;;;;;;;;;;;;;;;
2026/07/16;1600 UTC;;;;;;;;;;;;;;;;;;
2026/07/16;1700 UTC;;;;;;;;;;;;;;;;;;
2026/07/16;1800 UTC;;;;;;;;;;;;;;;;;;
2026/07/16;1900 UTC;;;;;;;;;;;;;;;;;;
2026/07/16;2000 UTC;;;;;;;;;;;;;;;;;;
2026/07/16;2100 UTC;;;;;;;;;;;;;;;;;;
2026/07/16;2200 UTC;;;;;;;;;;;;;;;;;;
2026/07/16;2300 UTC;;;;;;;;;;;;;;;;;;
2026/07/17;0000 UTC;;;;;;;;;;;;;;;;;;
2026/07/17;0100 UTC;;;;;;;;;;;;;;;;;;
2026/07/17;0200 UTC;;;;;;;;;;;;;;;;;;
2026/07/17;0300 UTC;;;;;;;;;;;;;;;;;;
2026/07/17;0400 UTC;;;;;;;;;;;;;;;;;;
2026/07/17;0500 UTC;;;;;;;;;;;;;;;;;;
2026/07/17;0600 UTC;;;;;;;;;;;;;;;;;;
2026/07/17;0700 UTC;;;;;;;;;;;;;;;;;;
2026/07/17;0800 UTC;;;;;;;;;;;;;;;;;;
2026/07/17;0900 UTC;;;;;;;;;;;;;;;;;;
2026/07/17;1000 UTC;;;;;;;;;;;;;;;;;;
2026/07/17;1100 UTC;;;;;;;;;;;;;;;;;;
2026/07/17;1200 UTC;;;;;;;;;;;;;;;;;;
2026/07/17;1300 UTC;;;;;;;;;;;;;;;;;;
2026/07/17;1400 UTC;;;;;;;;;;;;;;;;;;
2026/07/17;1500 UTC;;;;;;;;;;;;;;;;;;
2026/07/17;1600 UTC;;;;;;;;;;;;;;;;;;
2026/07/17;1700 UTC;;;;;;;;;;;;;;;;;;
2026/07/17;1800 UTC;;;;;;;;;;;;;;;;;;
2026/07/17;1900 UTC;;;;;;;;;;;;;;;;;;
2026/07/17;2000 UTC;;;;;;;;;;;;;;;;;;
2026/07/17;2100 UTC;;;;;;;;;;;;;;;;;;
2026/07/17;2200 UTC;;;;;;;;;;;;;;;;;;
2026/07/17;2300 UTC;;;;;;;;;;;;;;;;;;
2026/07/18;0000 UTC;;;;;;;;;;;;;;;;;;
2026/07/18;0100 UTC;;;;;;;;;;;;;;;;;;
2026/07/18;0200 UTC;;;;;;;;;;;;;;;;;;
2026/07/18;0300 UTC;;;;;;;;;;;;;;;;;;
2026/07/18;0400 UTC;;;;;;;;;;;;;;;;;;
2026/07/18;0500 UTC;;;;;;;;;;;;;;;;;;
2026/07/18;0600 UTC;;;;;;;;;;;;;;;;;;
2026/07/18;0700 UTC;;;;;;;;;;;;;;;;;;
2026/07/18;0800 UTC;;;;;;;;;;;;;;;;;;
2026/07/18;0900 UTC;;;;;;;;;;;;;;;;;;
2026/07/18;1000 UTC;;;;;;;;;;;;;;;;;;
2026/07/18;1100 UTC;;;;;;;;;;;;;;;;;;
2026/07/18;1200 UTC;;;;;;;;;;;;;;;;;;
2026/07/18;1300 UTC;;;;;;;;;;;;;;;;;;
2026/07/18;1400 UTC;;;;;;;;;;;;;;;;;;
2026/07/18;1500 UTC;;;;;;;;;;;;;;;;;;
2026/07/18;1600 UTC;;;;;;;;;;;;;;;;;;
2026/07/18;1700 UTC;;;;;;;;;;;;;;;;;;
2026/07/18;1800 UTC;;;;;;;;;;;;;;;;;;
2026/07/18;1900 UTC;;;;;;;;;;;;;;;;;;
2026/07/18;2000 UTC;;;;;;;;;;;;;;;;;;
2026/07/18;2100 UTC;;;;;;;;;;;;;;;;;;
2026/07/18;2200 UTC;;;;;;;;;;;;;;;;;;
2026/07/18;2300 UTC;;;;;;;;;;;;;;;;;;
2026/07/19;0000 UTC;;;;;;;;;;;;;;;;;;
2026/07/19;0100 UTC;;;;;;;;;;;;;;;;;;
2026/07/19;0200 UTC;;;;;;;;;;;;;;;;;;
2026/07/19;0300 UTC;;;;;;;;;;;;;;;;;;
2026/07/19;0400 UTC;;;;;;;;;;;;;;;;;;
2026/07/19;0500 UTC;;;;;;;;;;;;;;;;;;
2026/07/19;0600 UTC;;;;;;;;;;;;;;;;;;
2026/07/19;0700 UTC;;;;;;;;;;;;;;;;;;
2026/07/19;0800 UTC;;;;;;;;;;;;;;;;;;
2026/07/19;0900 UTC;;;;;;;;;;;;;;;;;;
2026/07/19;1000 UTC;;;;;;;;;;;;;;;;;;
2026/07/19;1100 UTC;;;;;;;;;;;;;;;;;;
2026/07/19;1200 UTC;;;;;;;;;;;;;;;;;;
2026/07/19;1300 UTC;;;;;;;;;;;;;;;;;;
2026/07/19;1400 UTC;;;;;;;;;;;;;;;;;;
2026/07/19;1500 UTC;;;;;;;;;;;;;;;;;;
2026/07/19;1600 UTC;;;;;;;;;;;;;;;;;;
2026/07/19;1700 UTC;;;;;;;;;;;;;;;;;;
2026/07/19;1800 UTC;;;;;;;;;;;;;;;;;;
2026/07/19;1900 UTC;;;;;;;;;;;;;;;;;;
2026/07/19;2000 UTC;;;;;;;;;;;;;;;;;;
2026/07/19;2100 UTC;;;;;;;;;;;;;;;;;;
2026/07/19;2200 UTC;;;;;;;;;;;;;;;;;;
2026/07/19;2300 UTC;;;;;;;;;;;;;;;;;;
2026/07/20;0000 UTC;;;;;;;;;;;;;;;;;;
2026/07/20;0100 UTC;;;;;;;;;;;;;;;;;;
2026/07/20;0200 UTC;;;;;;;;;;;;;;;;;;
2026/07/20;0300 UTC;;;;;;;;;;;;;;;;;;
2026/07/20;0400 UTC;;;;;;;;;;;;;;;;;;
2026/07/20;0500 UTC;;;;;;;;;;;;;;;;;;
2026/07/20;0600 UTC;;;;;;;;;;;;;;;;;;
2026/07/20;0700 UTC;;;;;;;;;;;;;;;;;;
2026/07/20;0800 UTC;;;;;;;;;;;;;;;;;;
2026/07/20;0900 UTC;;;;;;;;;;;;;;;;;;
2026/07/20;1000 UTC;;;;;;;;;;;;;;;;;;
2026/07/20;1100 UTC;;;;;;;;;;;;;;;;;;
2026/07/20;1200 UTC;;;;;;;;;;;;;;;;;;
2026/07/20;1300 UTC;;;;;;;;;;;;;;;;;;
2026/07/20;1400 UTC;;;;;;;;;;;;;;;;;;
2026/07/20;1500 UTC;;;;;;;;;;;;;;;;;;
2026/07/20;1600 UTC;;;;;;;;;;;;;;;;;;
2026/07/20;1700 UTC;;;;;;;;;;;;;;;;;;
2026/07/20;1800 UTC;;;;;;;;;;;;;;;;;;
2026/07/20;1900 UTC;;;;;;;;;;;;;;;;;;
2026/07/20;2000 UTC;;;;;;;;;;;;;;;;;;
2026/07/20;2100 UTC;;;;;;;;;;;;;;;;;;
2026/07/20;2200 UTC;;;;;;;;;;;;;;;;;;
2026/07/20;2300 UTC;;;;;;;;;;;;;;;;;;
2026/07/21;0000 UTC;;;;;;;;;;;;;;;;;;
2026/07/21;0100 UTC;;;;;;;;;;;;;;;;;;
2026/07/21;0200 UTC;;;;;;;;;;;;;;;;;;
2026/07/21;0300 UTC;;;;;;;;;;;;;;;;;;
2026/07/21;0400 UTC;;;;;;;;;;;;;;;;;;
2026/07/21;0500 UTC;;;;;;;;;;;;;;;;;;
2026/07/21;0600 UTC;;;;;;;;;;;;;;;;;;
2026/07/21;0700 UTC;;;;;;;;;;;;;;;;;;
2026/07/21;0800 UTC;;;;;;;;;;;;;;;;;;
2026/07/21;0900 UTC;;;;;;;;;;;;;;;;;;
2026/07/21;1000 UTC;;;;;;;;;;;;;;;;;;
2026/07/21;1100 UTC;;;;;;;;;;;;;;;;;;
2026/07/21;1200 UTC;;;;;;;;;;;;;;;;;;
2026/07/21;1300 UTC;;;;;;;;;;;;;;;;;;
2026/07/21;1400 UTC;;;;;;;;;;;;;;;;;;
2026/07/21;1500 UTC;;;;;;;;;;;;;;;;;;
2026/07/21;1600 UTC;;;;;;;;;;;;;;;;;;
2026/07/21;1700 UTC;;;;;;;;;;;;;;;;;;
2026/07/21;1800 UTC;;;;;;;;;;;;;;;;;;
2026/07/21;1900 UTC;;;;;;;;;;;;;;;;;;
2026/07/21;2000 UTC;;;;;;;;;;;;;;;;;;
2026/07/21;2100 UTC;;;;;;;;;;;;;;;;;;
2026/07/21;2200 UTC;;;;;;;;;;;;;;;;;;
2026/07/21;2300 UTC;;;;;;;;;;;;;;;;;;
2026/07/22;0000 UTC;;;;;;;;;;;;;;;;;;
2026/07/22;0100 UTC;;;;;;;;;;;;;;;;;;
2026/07/22;0200 UTC;;;;;;;;;;;;;;;;;;
2026/07/22;0300 UTC;;;;;;;;;;;;;;;;;;
2026/07/22;0400 UTC;;;;;;;;;;;;;;;;;;
2026/07/22;0500 UTC;;;;;;;;;;;;;;;;;;
2026/07/22;0600 UTC;;;;;;;;;;;;;;;;;;
2026/07/22;0700 UTC;;;;;;;;;;;;;;;;;;
2026/07/22;0800 UTC;;;;;;;;;;;;;;;;;;
2026/07/22;0900 UTC;;;;;;;;;;;;;;;;;;
2026/07/22;1000 UTC;;;;;;;;;;;;;;;;;;
2026/07/22;1100 UTC;;;;;;;;;;;;;;;;;;
2026/07/22;1200 UTC;;;;;;;;;;;;;;;;;;
2026/07/22;1300 UTC;;;;;;;;;;;;;;;;;;
2026/07/22;1400 UTC;0;1001,9;1002;1001,8;1998,5;17,5;15,4;17,9;16,6;16,3;14,8;96;85;90;148;5,6;2,5;
2026/07/22;1500 UTC;0;1001,8;1001,9;1001,8;668,5;17,7;15,2;17,9;17,5;15,5;15;89;86;88;139;4,6;2;
2026/07/22;1600 UTC;0;1001,7;1001,9;1001,5;836;17,2;14,9;17,8;17;15,4;14,4;91;83;88;143;4,2;1,9;
2026/07/22;1700 UTC;0;1001,1;1001,6;1000,8;1081;17,6;15;18,3;17;15,6;14,4;91;83;87;;;;
2026/07/22;1800 UTC;0;1000,9;1000,9;1000,9;1393,4;19,1;15;19,2;19;15,5;14,6;82;78;80;212;3,8;3;
2026/07/22;1900 UTC;0;1001,4;1001,4;1001,4;462,1;18,9;14,4;19,1;18,8;14,6;14,2;78;77;77;183;6,3;4,3;
2026/07/22;2000 UTC;0;1001,9;1002;1001,9;222,1;17,4;15,8;17,5;17,4;15,9;15,7;92;91;92;222;7,4;4,5;
2026/07/22;2100 UTC;0;1002,7;1002,7;1002,6;54,8;16,9;14,8;16,9;16,8;14,9;14,8;91;89;90;;;;
2026/07/22;2200 UTC;0;1003;1003,3;1002,5;2,6;15,7;13,5;16,8;14,9;14,8;12,2;92;86;89;;;;
2026/07/22;2300 UTC;0;1003,6;1004,1;1003,2;0;14,3;10,7;14,9;13,8;12;;88;85;86;;;;
2026/07/23;0000 UTC;0;1004,6;1005;1004,1;0;13,5;11,1;13,8;13,2;11,3;10,8;89;87;88;;;;
2026/07/23;0100 UTC;0;1005,1;1005,3;1005;0;13,3;11;13,5;13,1;11,1;10,7;89;87;88;;;;
2026/07/23;0200 UTC;0;1005,5;1005,7;1005,3;0;;10,9;;;11,2;10,8;93;87;90;;;;
2026/07/23;0300 UTC;0;1005,5;1005,8;1005,3;0;12,5;11,3;12,7;12,3;11,5;11,2;96;92;94;;;;
2026/07/23;0400 UTC;0;1005,9;1006,2;1005,7;0;12,5;11,4;12,6;12,3;11,5;11,3;96;94;95;;;;
2026/07/23;0500 UTC;0;1006,8;1007,6;1006,2;0;12,2;11,1;12,5;11,2;11,3;10,7;98;93;95;;;;
2026/07/23;0600 UTC;0;1007,4;1007,6;1007,1;0;11,3;10,9;11,7;11;11,3;10,7;99;96;98;;;;
2026/07/23;0700 UTC;0;990,2;1007,4;;0;11,7;11,3;12;11,2;11,5;11;99;97;98;;;;
2026/07/23;0800 UTC;0;1006,7;1006,9;1006,6;0;12;11,5;12,1;11,8;11,6;11,4;98;97;98;;;;
2026/07/23;0900 UTC;0;1006,9;1007,1;1006,7;0;12;11,6;12,1;12;11,7;11,5;98;97;98;;;;
2026/07/23;1000 UTC;0;1007,2;1007,3;1007;0;12,1;11,5;12,1;12;11,6;11,4;98;96;97;;;;
2026/07/23;1100 UTC;0;1007,4;1007,5;1007,3;10,6;12,1;11,5;12,3;12,1;11,6;11,4;98;96;97;;;;
2026/07/23;1200 UTC;0;1007,9;1008,3;1007,5;203;12,6;11,5;12,9;12,3;11,8;11,4;96;93;95;;;;
2026/07/23;1300 UTC;0;1008,4;1008,6;1008,3;514;13,4;11,8;13,9;12,9;12,2;11,2;94;87;92;;;;
2026/07/23;1400 UTC;0;1008,2;1008,5;1008;1111,2;14,7;11,7;15,3;13,9;12,3;11,1;89;79;85;;;;
2026/07/23;1500 UTC;0;1008;1008,2;1007,8;1115,1;15,6;11,5;16,2;15,2;12,1;11,1;82;75;79;;;;
2026/07/23;1600 UTC;0;1007,7;1007,9;1007,4;924,5;15,9;11,5;16,4;15,7;12,3;11;82;76;78;;;;
2026/07/23;1700 UTC;0;1007,3;1007,7;1007;719,7;16;11,8;16,2;15,9;12,2;11,4;81;76;79;;;;
2026/07/23;1800 UTC;0;1006,7;1007,1;1006,5;694,9;16,3;11,9;16,4;16,1;12,4;11,2;81;75;78;;;;
2026/07/23;1900 UTC;0;1006,4;1006,6;1005,9;423,7;16,2;12;16,2;16,1;12,4;11,5;81;77;79;;;;
2026/07/23;2000 UTC;0;1005,7;1006;1005,6;303,4;16,2;12,1;16,3;16,1;12,5;11,7;81;78;79;;;;
2026/07/23;2100 UTC;0;1006;1006,2;1005,7;76,9;15,9;12,4;16,2;15,8;12,6;12,1;84;80;82;;;;
2026/07/23;2200 UTC;0;1006,2;1006,3;1006,1;,7;15,6;12,4;15,8;15,6;12,6;12,2;85;83;84;;;;
2026/07/23;2300 UTC;0;1006,4;1006,5;1006,2;0;15,6;12,4;15,6;15,5;12,6;12;85;82;84;;;;
2026/07/24;0000 UTC;0;1006,5;1006,8;1006,3;0;15,5;12;15,6;15,3;12,3;11,9;84;82;83;;;;
2026/07/24;0100 UTC;0;1006,3;1006,4;1006,2;0;15,2;12,1;15,3;15,1;12,3;12;86;84;85;;;;
2026/07/24;0200 UTC;0;1006,4;1006,6;1006;0;15,1;12;15,2;15;12,2;11,9;86;83;84;;;;
2026/07/24;0300 UTC;0;1006,3;1006,4;1006,1;0;14,7;12,1;15;14,4;12,2;12,1;89;85;87;;;;
2026/07/24;0400 UTC;0;1006;1006,2;1005,5;0;14,1;;14,5;14;12,2;12,1;91;88;90;;;;
2026/07/24;0500 UTC;0;998,4;;;0;13,9;12,1;14,1;13,7;12,2;12,1;92;90;91;;;;
2026/07/24;0600 UTC;0;1005;1005,2;1004,8;0;13,9;12,3;14;13,7;12,4;12,2;93;92;92;;;;
2026/07/24;0700 UTC;0;1004,7;1005,1;1004,4;0;14;12,3;14,1;13,9;12,5;12,2;93;90;91;;;;
2026/07/24;0800 UTC;0;1004,2;1004,4;1004;0;14;12,5;14;13,9;12,6;12,3;93;92;93;;;;
2026/07/24;0900 UTC;0;1004,3;1004,7;1003,9;0;13,7;12,3;13,8;13,7;12,4;12,2;93;92;93;;;;
2026/07/24;1000 UTC;0;1004,7;1005;1004,5;0;13,6;12,2;13,7;13,5;12,3;12,1;94;92;93;;;;
2026/07/24;1100 UTC;0;1005,4;1005,9;1004,9;25,2;13,6;12,1;13,6;13,5;12,3;11,9;93;92;93;;;;
2026/07/24;1200 UTC;0;1006,2;1006,4;1005,9;0;13,6;12,2;13,8;13,5;12,3;12;94;92;93;;;;
2026/07/24;1300 UTC;;;;;;;;;;;;;;;;;;
2026/07/24;1400 UTC;;;;;;;;;;;;;;;;;;
2026/07/24;1500 UTC;;;;;;;;;;;;;;;;;;
2026/07/24;1600 UTC;;;;;;;;;;;;;;;;;;
2026/07/24;1700 UTC;;;;;;;;;;;;;;;;;;
2026/07/24;1800 UTC;;;;;;;;;;;;;;;;;;
2026/07/24;1900 UTC;0;1004,2;1004,6;1003;709,5;16,9;13,2;17,3;16,6;13,6;12,9;84;79;82;;;;
2026/07/24;2000 UTC;0;1004,6;1005,5;1002,6;273,6;16,6;13,3;16,8;16,4;13,7;12,8;86;81;83;;;;
2026/07/24;2100 UTC;0;1005,2;1005,4;1005,1;124,3;16,2;13,4;16,4;16;13,6;13,1;88;84;86;;;;
2026/07/24;2200 UTC;0;1005,6;1005,9;1005,2;;15,5;13,3;15,9;15,2;13,5;13,1;91;87;89;;;;
2026/07/24;2300 UTC;;;;;;;;;;;;;;;;;;
2026/07/25;0000 UTC;0;1006,1;1006,3;1006;0;14,1;12,8;14,7;;12,9;12,7;94;90;92;;;;
2026/07/25;0100 UTC;0;1006,2;1006,4;1005,9;0;13,6;12,7;14;13,2;13;12,4;96;94;95;;;;
2026/07/25;0200 UTC;0;1006,4;1006,6;1006,1;0;13,1;12,4;13,4;12,8;12,8;12,2;98;96;97;;;;
2026/07/25;0300 UTC;0;1006,4;1006,5;1006,3;0;13;12,3;13,1;12,9;12,5;12,2;97;96;97;;;;
2026/07/25;0400 UTC;0;1006,4;1006,6;1006,2;0;12,8;12,3;12,9;12,7;12,4;12,1;98;97;97;;;;
2026/07/25;0500 UTC;0;1006,1;1006,2;1006;0;12,6;12,2;12,8;12,5;12,3;12;98;97;98;;;;
2026/07/25;0600 UTC;0;1005,6;1006;1005,4;0;12,3;11,9;12,5;12;12,1;11,8;;;;;;;
2026/07/25;0700 UTC;0;1005,2;1005,5;1004,9;0;11,6;11,5;12;11,2;11,8;11,2;100;99;99;;;;
2026/07/25;0800 UTC;0;1004,7;1005;1004,3;0;;11,2;;;11,4;10,9;100;100;100;;;;
2026/07/25;0900 UTC;0;1004,4;1004,7;1004,2;0;11,3;11,4;11,7;11;11,8;11,1;100;100;100;;;;
2026/07/25;1000 UTC;0;1005,1;1005,5;1004,7;0;;11,8;;;11,9;11,8;100;100;100;;;;
2026/07/25;1100 UTC;0;1005,8;1006;1005,5;13,1;11,6;11,7;11,7;11,5;11,8;11,6;100;100;100;;;;
2026/07/25;1200 UTC;;;;;;;;;;;;;;;;;;
2026/07/25;1300 UTC;0;1005,6;1006,1;1005;489,6;13;13,1;13,5;12,5;13,6;12,6;100;100;100;;;;
2026/07/25;1400 UTC;0;1006,3;1006,6;1006;686,6;13,9;14;14,4;13,5;14,5;13,6;100;100;100;;;;
2026/07/25;1500 UTC;0;1006,5;1006,7;1006,2;718,8;14,7;14,7;15,1;14,2;15,1;14,3;100;99;100;;;;
2026/07/25;1600 UTC;0;1006;1006,5;1005,7;742,6;15,4;15;15,9;15;15,4;14,7;100;96;98;;;;
2026/07/25;1700 UTC;0;1005,5;1005,9;1004,9;656,8;16;15,1;16,4;15,7;15,6;14,7;97;93;96;;;;
2026/07/25;1800 UTC;0;1004,2;1004,9;1003,7;1004,6;16,9;15,4;17,3;16,4;15,8;15;96;89;92;;;;
2026/07/25;1900 UTC;0;1003,8;1004,1;1003,6;0;17,5;15,4;17,9;17,3;15,7;15,1;92;86;89;;;;
2026/07/25;2000 UTC;0;1004,1;1004,3;1003,9;242,6;17,4;15,3;17,6;17,1;15,6;15,1;91;88;90;;;;
2026/07/25;2100 UTC;0;1004,1;1004,2;1004;114,9;17;15,2;17,1;16,8;15,5;14,9;92;90;91;;;;
2026/07/25;2200 UTC;0;1004,3;1004,5;1004,2;,5;16,5;15,3;16,8;16,2;15,4;15,1;95;92;94;;;;
2026/07/25;2300 UTC;0;1004;1004,3;1003,7;0;16,2;15,1;16,2;16,2;15,3;15,1;95;94;95;;;;
2026/07/26;0000 UTC;0;1004,1;1004,2;1003,9;0;16,2;15,2;16,2;16;15,3;15,1;96;94;95;;;;
2026/07/26;0100 UTC;0;1004,1;1004,2;1004;0;16,1;15,5;16,1;16;15,6;15,3;97;97;97;;;;
2026/07/26;0200 UTC;0;1004,1;1004,2;1003,8;0;16,1;15,7;16,2;16,1;15,9;15,6;98;97;98;;;;
2026/07/26;0300 UTC;0;1003,8;1003,9;1003,6;0;16;15,8;16,2;15,9;15,9;15,7;99;98;99;96;3,7;3,1;
2026/07/26;0400 UTC;0;1003,4;1003,5;1003,3;0;16,2;15,8;16,2;16,2;15,8;15,7;98;98;98;105;4,3;2,2;
2026/07/26;0500 UTC;0;1003,6;1003,6;1003,5;0;16,1;15,7;16,1;16,1;15,7;15,7;98;98;98;93;2,8;1,5;
2026/07/26;0600 UTC;0;1003,3;1003,3;1003,3;0;16,3;15,8;16,3;16,3;15,8;15,8;98;97;98;117;2;1,5;
2026/07/26;0700 UTC;0;1003,1;1003,2;1003;0;16,2;15,8;16,2;16,2;15,8;15,7;98;98;98;115;2,6;1,7;
2026/07/26;0800 UTC;0;1002,7;1002,8;1002,7;0;16,2;15,7;16,2;16,2;15,7;15,7;98;97;97;122;2,2;1,6;
2026/07/26;0900 UTC;0;1003;1003,1;1003;0;16,1;15,7;16,1;16,1;15,8;15,7;98;98;98;154;2,4;1,2;
2026/07/26;1000 UTC;0;1002,9;1003;1002,9;0;16,2;15,9;16,2;16,2;15,9;15,9;99;99;99;98;2,4;1,5;
2026/07/26;1100 UTC;0;1003,7;1003,8;1003,6;21,2;16,2;16;16,2;16,2;16;15,9;99;99;99;110;3,2;1,9;
2026/07/26;1200 UTC;0;1004,5;1004,5;1004,5;176,9;16,8;16,3;16,8;16,7;16,4;16,2;98;98;98;129;1,4;,9;
2026/07/26;1300 UTC;0;1005,2;1005,3;1005,1;148,8;17,5;16,6;17,5;17,4;16,7;16,5;96;95;96;325;1;,7;
2026/07/26;1400 UTC;0;1004,9;1004,9;1004,8;356,2;18,8;17,3;18,8;18,8;17,4;17,1;93;92;93;354;2,1;1,5;
2026/07/26;1500 UTC;0;1004;1004;1003,9;1881,1;20,9;18,3;20,9;20,8;18,6;18,1;89;86;87;252;2,3;1,5;
2026/07/26;1600 UTC;0;1003,7;1003,8;1003,6;1016,9;21;17,9;21,1;21;18;17,6;85;83;84;236;3,5;2,5;
2026/07/26;1700 UTC;0;1002,8;1002,8;1002,7;258,9;20,7;17,5;20,8;20,7;17,8;17,4;85;83;84;266;2,7;1,8;
2026/07/26;1800 UTC;0;1002,5;1002,5;1002,5;407,2;20,7;18;20,8;20,5;18,2;17,9;87;86;87;210;5;3,8;
2026/07/26;1900 UTC;0;1002;1002;1001,9;777,3;21;17,3;21,1;21;17,5;17;82;80;81;244;2,4;1,6;
2026/07/26;2000 UTC;0;1001,8;1001,8;1001,8;656,3;22,4;16,9;22,6;22,2;17;16,7;73;72;72;197;,9;,5;
2026/07/26;2100 UTC;0;1002,2;1002,2;1002,2;23;19,4;16,6;19,7;19,2;16,6;16,5;87;84;86;245;1,9;1,8;
2026/07/26;2200 UTC;0;1002,5;1002,6;1002,5;0;17,1;16,6;17,1;16,9;16,8;16,3;99;97;98;207;1,4;1,2;
2026/07/26;2300 UTC;0;1002,5;1002,6;1002,3;0;16,3;16;16,6;16;16,3;15,5;99;97;98;;;;
2026/07/27;0000 UTC;0;1002,6;1002,8;1002,4;0;16,2;16;16,6;15,9;16,6;15,4;100;97;99;;;;
2026/07/27;0100 UTC;0;1002,5;1002,7;1002,3;0;16,7;16,3;16,9;16,2;16,7;15,8;100;97;98;;;;
2026/07/27;0200 UTC;0;1002,3;1002,5;1002,1;0;16,7;16,3;16,9;16,4;16,6;16;99;97;98;122;2,4;2,1;
2026/07/27;0300 UTC;0;1002,4;1002,6;1002,2;0;16,9;16,8;17;16,8;17,1;16,6;100;99;100;96;2;1,6;
2026/07/27;0400 UTC;0;1001,7;1001,9;1001,5;0;17,3;17,3;17,5;17,2;17,5;17;100;99;100;;;;
2026/07/27;0500 UTC;0;1001,7;1002,1;1001,5;0;16,9;17;17,2;16,8;17,1;16,8;100;99;100;;;;
2026/07/27;0600 UTC;0;1001;1001,1;1000,9;0;16,7;16,8;16,7;16,7;16,8;16,8;100;100;100;97;3,7;2,4;
2026/07/27;0700 UTC;0;1000,5;1000,6;1000,4;0;16,7;16,8;16,8;16,7;16,8;16,8;100;100;100;99;3,4;2,2;
2026/07/27;0800 UTC;0;999,7;999,8;999,7;0;16,7;16,8;16,7;16,7;16,8;16,8;100;100;100;89;4,5;2,8;
2026/07/27;0900 UTC;0;999,3;999,4;999,3;0;16,7;16,8;16,7;16,7;16,8;16,8;100;100;100;98;5,4;3,3;
2026/07/27;1000 UTC;0;999,6;999,6;999,6;0;16,8;16,9;16,8;16,8;16,9;16,9;100;100;100;111;4,6;3;
2026/07/27;1100 UTC;0;999,7;999,7;999,6;54,1;16,9;17;17;16,9;17;17;100;100;100;104;3,8;2,4;
2026/07/27;1200 UTC;0;999,8;999,8;999,7;210,5;17,3;17,3;17,3;17,2;17,4;17,3;100;100;100;113;4,6;3,1;
2026/07/27;1300 UTC;0;999,4;999,4;999,3;122;17,6;17,7;17,6;17,6;17,7;17,6;100;100;100;87;4,4;2,5;
2026/07/27;1400 UTC;0;998,5;998,7;998,3;25,1;18;18,1;18;18;18,1;18;100;100;100;71;5,4;3,2;
2026/07/27;1500 UTC;0;997,6;997,8;997,5;16,6;18,6;18,6;18,7;18,6;18,6;18,6;100;100;100;98;7,4;4,6;
2026/07/27;1600 UTC;1,8;999,2;999,6;999,1;27,9;17,9;17,5;18;17,7;17,7;17,3;98;98;98;143;6,4;2,6;
2026/07/27;1700 UTC;,2;997,7;997,9;997,6;23,5;17,4;17,2;17,4;17,4;17,2;17,2;99;99;99;94;6,2;4,3;
2026/07/27;1800 UTC;,2;996,1;996,3;995,8;467,5;17,7;16,9;17,8;17,6;16,9;16,8;96;95;96;98;8,7;5,9;
2026/07/27;1900 UTC;0;995,3;995,3;995,3;1342,1;20,3;17,4;20,5;20,2;17,7;17,2;86;85;86;67;5,9;3,4;
2026/07/27;2000 UTC;0;995,2;995,2;995,1;471,6;20,8;18;20,8;20,7;18;17,9;86;85;86;68;5,3;3,4;
2026/07/27;2100 UTC;0;995,2;995,2;995,1;37,1;19,9;18;20;19,8;18;17,9;90;90;90;54;6,4;3,2;
2026/07/27;2200 UTC;0;994,8;994,9;994,8;0;19,1;17,8;19,1;19,1;17,8;17,8;93;93;93;79;5,6;3,4;
2026/07/27;2300 UTC;0;994,8;994,9;994,7;0;18,9;17,4;19;18,9;17,5;17,4;93;92;92;54;5;3,1;
2026/07/28;0000 UTC;0;994,8;994,9;994,7;0;18,9;17,8;18,9;18,9;17,8;17,8;95;95;95;74;3,8;2,4;
2026/07/28;0100 UTC;0;994,9;995,2;994,6;0;19;18,1;19,2;18,8;18,4;17,9;97;95;96;126;4,5;3;
2026/07/28;0200 UTC;0;996;996,1;995,8;0;18,3;18;18,3;18,3;18;18;99;99;99;125;1,6;,8;
2026/07/28;0300 UTC;0;995,3;995,4;995,3;0;18,3;18,1;18,3;18,2;18,1;18,1;99;99;99;67;2;1,3;
2026/07/28;0400 UTC;0;995,1;995,2;995,1;0;18,1;18;18,1;18,1;18;18;100;100;100;82;1,3;,9;
2026/07/28;0500 UTC;0;994,9;994,9;994,9;0;18,5;18;18,5;18,5;18,1;18;98;98;98;25;2,5;1,5;
2026/07/28;0600 UTC;0;994,8;994,9;994,7;0;17,9;17,4;18;17,9;17,6;17,4;98;97;98;66;,9;,6;
2026/07/28;0700 UTC;0;995,3;995,4;995,3;0;18,8;18,3;18,8;18,8;18,4;18,2;98;97;97;128;2,7;1,4;
2026/07/28;0800 UTC;0;995,4;995,4;995,3;0;18,2;18,1;18,2;18,2;18,1;18,1;100;99;99;348;1,7;1,3;
2026/07/28;0900 UTC;0;995,3;995,3;995,2;0;17,9;17,8;17,9;17,9;17,9;17,8;100;100;100;96;1,6;1,1;
2026/07/28;1000 UTC;0;994,7;995,2;994,3;0;18,1;17,9;18,1;18,1;17,9;17,8;99;99;99;108;4,6;2,8;
2026/07/28;1100 UTC;0;995,7;996,2;995,3;2,8;18,3;18;18,5;18;18,2;17,9;99;98;99;110;5,8;3,1;
2026/07/28;1200 UTC;0;997,5;997,6;997,5;32,1;18,4;18,1;18,4;18,4;18,2;18,1;99;98;99;53;1,8;,9;
2026/07/28;1300 UTC;0;996,7;996,8;996,5;301,5;19,3;18,5;19,3;19,1;18,5;18,4;96;96;96;113;6,7;4,8;
2026/07/28;1400 UTC;0;997,2;997,2;997,1;96;19,2;18,7;19,3;19,2;18,7;18,7;97;97;97;87;5,6;3,6;
2026/07/28;1500 UTC;0;997,6;997,7;997,5;349,1;20,1;19,6;20,1;20,1;19,7;19,5;98;97;97;153;6,4;3;
2026/07/28;1600 UTC;0;995,2;995,4;995,2;1543,9;21,2;20;21,3;21,1;20,2;19,9;94;93;94;79;7,3;4,6;
2026/07/28;1700 UTC;0;994,8;994,9;994,7;2294,9;22,4;20,3;22,5;22,4;20,7;20;91;88;90;111;7,2;4,4;
2026/07/28;1800 UTC;0;994,1;994,2;994;805,2;21,6;20;21,6;21,5;20,1;19,9;93;92;92;91;7,8;5,8;
2026/07/28;1900 UTC;0;993,2;993,3;993,2;484,3;21,4;19,8;21,4;21,4;19,9;19,7;92;91;92;92;8,1;5,7;
2026/07/28;2000 UTC;0;992,7;992,8;992,6;119,4;21,2;19,7;21,2;21,1;19,7;19,7;93;92;93;87;10,1;6,2;
2026/07/28;2100 UTC;0;992,1;992,2;992;0;21,1;18,9;21,1;21;19;18,8;90;88;89;83;9,8;6,7;
2026/07/28;2200 UTC;,2;992;992,3;991,9;1,1;20,8;17,9;21;20,6;18;17,8;87;84;85;97;8,3;5,6;
2026/07/28;2300 UTC;0;993,2;993,8;992,7;0;18,5;16,5;18,7;18,5;16,5;16,4;90;89;90;79;11,8;7,3;
2026/07/29;0000 UTC;0;995;995,3;994,8;0;17,8;14,9;17,9;17,6;15;14,7;87;84;85;94;11,8;6,9;
2026/07/29;0100 UTC;2,6;996,5;997,3;995,4;,3;17,6;16;17,8;;16,3;15,4;97;89;92;95;;;
2026/07/29;0200 UTC;1;997,5;997,7;997,3;0;16,2;15,5;16,3;16,1;15,5;15,4;97;96;96;93;10,9;7;
2026/07/29;0300 UTC;,2;997,7;997,8;997,7;0;16;15;16;16;15,1;14,9;96;94;95;75;9,5;6,6;
2026/07/29;0400 UTC;0;997,3;997,4;997,2;0;16,2;14,2;16,2;16,2;14,3;14,1;90;90;90;83;12,7;7,2;
2026/07/29;0500 UTC;0;996,6;996,8;996,5;0;16;13,7;16,1;15,9;13,7;13,6;89;88;88;79;11,1;6,4;
2026/07/29;0600 UTC;,2;999,4;999,8;998,8;;15,3;14,5;15,4;15,3;14,6;14,4;96;95;96;102;9,5;5,7;
2026/07/29;0700 UTC;0;996,4;996,6;996,4;;15,4;14,3;15,4;15,4;14,4;14,2;95;94;94;44;11;6,6;
2026/07/29;0800 UTC;0;996,8;996,9;996,6;;15,6;13,6;15,6;15,5;13,6;13,5;91;90;90;62;9,4;6,2;
2026/07/29;0900 UTC;0;997,8;997,9;997,7;;15,2;13,5;15,2;15,1;13,6;13,5;92;91;92;71;4,5;2,6;
2026/07/29;1000 UTC;0;999,2;999,3;999,2;;14,3;13,3;14,3;14,2;13,4;13,3;95;95;95;123;3,4;2,1;
2026/07/29;1100 UTC;0;1000,8;1000,9;1000,6;;14,3;13,5;14,4;14,3;13,6;13,5;96;96;96;122;3,4;2,3;
2026/07/29;1200 UTC;0;1002,3;1002,4;1002,2;846,4;16,2;14,1;16,3;16,1;14,4;13,9;90;88;89;147;3;1,3;
2026/07/29;1300 UTC;0;1002,8;1002,9;1002,8;1474,6;17,8;14,5;17,9;17,8;14,6;14,4;84;83;83;167;4,1;2,7;
2026/07/29;1400 UTC;0;1003,7;1003,7;1003,6;1206,7;18,6;15,1;18,8;18,4;15,6;14,8;84;81;83;157;7,1;3,8;
2026/07/29;1500 UTC;0;1003,8;1003,8;1003,8;1480,8;18,8;15,4;19;18,6;15,9;15;86;81;83;145;6,1;3;
2026/07/29;1600 UTC;0;1003,1;1003,2;1003;991,2;18,9;15,3;18,9;18,8;15,5;15,1;83;81;82;126;6,7;4,2;
2026/07/29;1700 UTC;0;1002,1;1002,1;1002;2203,8;20,3;15,1;20,3;20,3;15,4;14,8;76;72;74;122;7,6;4,5;
2026/07/29;1800 UTC;0;1002,5;1002,5;1002,5;618,2;19,8;15,2;19,8;19,8;15,6;14,8;79;75;77;101;4,5;3,1;
2026/07/29;1900 UTC;0;1002,9;1002,9;1002,8;738,7;19,9;15;19,9;19,9;15,3;14,7;77;74;75;99;6,1;3,9;
2026/07/29;2000 UTC;0;1003,3;1003,4;1003,3;1151,3;20,1;14,9;20,3;19,9;15,1;14,9;76;73;74;117;5,7;4;
2026/07/29;2100 UTC;0;1003,6;1003,6;1003,5;71,3;19;14,8;19,1;19;14,9;14,7;80;78;79;113;5,8;4,1;
2026/07/29;2200 UTC;0;1004,2;1004,3;1004,1;0;17,1;14,4;17,2;17;14,5;14,4;87;86;87;110;3,4;2,1;
2026/07/29;2300 UTC;0;1004,7;1004,8;1004,6;0;16;14,3;16;16;14,3;14,3;92;91;91;114;3,4;2,2;
2026/07/30;0000 UTC;0;1005,3;1005,3;1005,3;0;15,9;14;15,9;15,8;14,1;13,9;91;90;91;121;5,7;3,8;
2026/07/30;0100 UTC;0;1005,3;1005,5;1005,1;0;15,4;13,5;15,8;15;13,9;13,2;91;90;90;115;;3,4;
2026/07/30;0200 UTC;0;1005,4;1005,4;1005,3;0;14,6;13,2;14,7;14,6;13,2;13,1;93;92;93;112;6,1;3,9;
2026/07/30;0300 UTC;0;1005,5;1005,5;1005,4;0;14,6;13,3;14,6;14,6;13,3;13,3;93;93;93;107;4,9;3,3;
2026/07/30;0400 UTC;0;1005,7;1005,9;1005,5;;;;14,6;;13,3;;95;;;107;5,3;4,4;
2026/07/30;0500 UTC;;;;;;;;;;;;;;;;;;
2026/07/30;0600 UTC;0;1005,2;1005,4;1005;;13,4;12,5;13,4;13,3;12,5;12,4;96;95;95;104;8,1;4,7;
2026/07/30;0700 UTC;0;1005;1005,1;1004,8;;13,1;12,2;13,2;13,1;12,3;12,2;96;95;95;105;7,3;5,2;
2026/07/30;0800 UTC;0;1005;1005;1004,9;;13;12,3;13;12,9;12,3;12,3;97;96;97;110;7,6;5,3;
2026/07/30;0900 UTC;0;1005;1005;1004,9;;13,1;12,6;13,1;13,1;12,6;12,6;97;97;97;105;8,8;6,2;
2026/07/30;1000 UTC;0;1005,6;1005,7;1005,5;;13,6;13,1;13,9;13,5;13,3;12,9;98;97;97;92;9,8;6,5;
2026/07/30;1100 UTC;0;1006,2;1006,3;1006,1;;14,2;13,3;14,2;14,2;13,3;13,3;96;95;96;87;9,3;5,8;
2026/07/30;1200 UTC;0;1006,6;1006,7;1006,5;;14,5;13,6;14,6;14,5;13,6;13,5;95;95;95;91;8,8;5,7;
2026/07/30;1300 UTC;0;1007,3;1007,3;1007,2;;15,2;13,7;15,3;15,2;13,8;13,6;93;92;92;97;10,1;6,9;
2026/07/30;1400 UTC;;;;;;;;;;;;;;;;;;
2026/07/30;1500 UTC;0;1006,4;1006,5;1006,4;;17,7;14,3;17,8;17,6;14,5;14,1;84;82;83;92;11;7,5;
2026/07/30;1600 UTC;0;1005,7;1006,4;1005,2;;18,9;14,8;20,1;17,7;15,6;14;84;75;79;90;;6,9;
2026/07/30;1700 UTC;0;1004,6;1004,6;1004,5;;21;15,5;21;20,9;15,7;15,4;74;72;73;85;10,8;6,4;
2026/07/30;1800 UTC;0;1004;1004,1;1004;;21,4;15,7;21,5;21,2;15,9;15,5;72;71;71;70;10,4;6,5;
2026/07/30;1900 UTC;0;1003,6;1003,6;1003,4;;20,5;15,6;20,7;20,4;15,7;15,4;77;74;76;90;10,2;6,7;
2026/07/30;2000 UTC;0;1003,5;1003,6;1003,4;;20,3;15,7;20,3;20,2;15,8;15,7;78;77;77;90;9,1;5,5;
2026/07/30;2100 UTC;0;1003,3;1003,3;1003,2;;19,2;15,3;19,2;19,1;15,4;15,3;81;81;81;90;9,9;6,4;
2026/07/30;2200 UTC;0;1002,7;1002,8;1002,6;;18,4;15,1;18,5;18,4;15,2;15;84;83;83;96;9,3;6,5;
2026/07/30;2300 UTC;0;1003;1003,1;1002,9;;17,8;14,9;17,9;17,8;15;14,9;85;85;85;90;8,9;5,6;
2026/07/31;0000 UTC;0;1003,1;1003,2;1002,9;;17,5;14,7;17,5;17,4;14,8;14,7;86;86;86;95;8,7;5,8;
2026/07/31;0100 UTC;0;1003,6;1003,9;1003,1;;17,4;14,7;17,6;17,3;14,8;14,7;87;86;86;89;9,7;5,7;
2026/07/31;0200 UTC;0;1003,6;1003,7;1003,5;;17,1;14,8;17,1;17,1;14,8;14,7;89;88;88;94;9,2;6,8;
2026/07/31;0300 UTC;0;1003,6;1003,7;1003,5;;17;14,8;17;17;14,8;14,8;89;89;89;98;9,7;6,5;
2026/07/31;0400 UTC;0;1003;1003;1002,9;;17,2;15,1;17,2;17,2;15,2;15,1;90;90;90;90;8,5;5,3;
2026/07/31;0500 UTC;0;1002,9;1002,9;1002,8;;17,4;15,4;17,4;17,4;15,4;15,4;90;90;90;87;6,9;4,6;
2026/07/31;0600 UTC;0;1002,5;1002,6;1002,5;;17,1;15,4;17,1;17,1;15,4;15,4;92;92;92;89;5,7;3,7;
2026/07/31;0700 UTC;0;1001,5;1001,6;1001,4;;16,7;15,3;16,8;16,7;15,4;15,3;93;93;93;100;6,4;4,7;
2026/07/31;0800 UTC;0;1001,2;1001,2;1001,2;;16,7;15,5;16,8;16,7;15,5;15,5;94;94;94;90;5;3,5;
2026/07/31;0900 UTC;0;1001,5;1001,6;1001,5;;16,9;15,6;16,9;16,9;15,6;15,6;94;93;94;91;5,8;3,6;
2026/07/31;1000 UTC;0;1002;1002;1002;;16,7;15,6;16,7;16,6;15,6;15,5;95;94;94;94;5;3,3;
2026/07/31;1100 UTC;0;1002,2;1002,2;1002,1;;16,9;15,7;17;16,9;15,7;15,6;94;94;94;90;5,8;4,1;
2026/07/31;1200 UTC;0;1002,5;1002,5;1002,5;;19;16,2;19,1;18,9;16,3;16,1;87;85;86;72;6,2;3,8;
2026/07/31;1300 UTC;0;1002,6;1002,6;1002,6;;21,9;17,5;21,9;21,8;17,6;17,5;79;78;78;64;5,9;4,1;
2026/07/31;1400 UTC;0;1002,5;1002,5;1002,5;;25,2;19,3;25,4;25;19,6;19;73;69;71;26;7,2;4;
2026/07/31;1500 UTC;0;1001,7;1001,8;1001,6;;26,9;19,7;26,9;26,8;20,2;19,5;67;63;64;17;9,8;6,8;
2026/07/31;1600 UTC;0;1000,5;1000,6;1000,3;;27,8;20,5;28;27,6;20,9;20,2;65;63;63;12;8,6;5,7;
2026/07/31;1700 UTC;0;999,2;999,3;999,1;;28,2;20,6;28,4;28,1;20,7;20,4;62;61;62;17;10,2;5,8;
2026/07/31;1800 UTC;0;998,2;998,2;998,1;;28,9;20,4;29;28,7;20,5;20,3;59;57;58;14;10,9;8,1;
2026/07/31;1900 UTC;0;997,6;997,6;997,5;;28,8;20,5;28,8;28,8;20,6;20,3;59;58;58;16;10,4;7,1;
2026/07/31;2000 UTC;0;997,2;997,3;997,1;;28,4;20,1;28,4;28,4;20,1;20;59;58;58;21;7,8;5,1;
2026/07/31;2100 UTC;0;997,2;997,2;997,1;;26,7;19,7;26,9;26,6;19,7;19,6;65;64;65;35;6,2;3,4;
2026/07/31;2200 UTC;0;997,3;997,4;997,3;;24,6;19,1;24,7;24,5;19,2;19,1;73;72;72;34;4,6;2,7;
2026/07/31;2300 UTC;0;997,5;997,5;997,5;;23,7;18,9;23,8;23,6;18,9;18,9;76;76;76;27;4,1;2,3;
2026/08/01;0000 UTC;0;997,6;997,6;997,6;;22,6;18,6;22,7;22,6;18,7;18,6;80;80;80;34;3,6;2;
2026/08/01;0100 UTC;0;997,6;997,7;997,3;;22,2;18,6;22,5;21,6;18,7;18,6;85;81;82;37;4,7;2,4;
2026/08/01;0200 UTC;0;997,4;997,4;997,3;;21,8;18,1;21,9;21,7;18,1;18;82;81;82;15;4,5;2,9;
2026/08/01;0300 UTC;0;996,5;996,6;996,5;;22,6;17,5;22,8;22,6;17,5;17,4;75;74;74;23;7,1;4,4;
2026/08/01;0400 UTC;0;996,1;996,1;996;;22,4;17,2;22,5;22,3;17,3;17,2;75;74;74;21;7,1;4,5;
2026/08/01;0500 UTC;0;995,5;995,7;995,2;;22,9;17;23,1;22,8;17,1;16,9;71;70;70;9;10,8;7;
2026/08/01;0600 UTC;0;994,3;994,3;994,3;;23,3;16,9;23,4;23,3;17;16,8;68;67;68;5;11,4;8,1;
2026/08/01;0700 UTC;0;994,4;994,4;994,4;;22,6;16,7;22,7;22,5;16,8;16,7;71;70;70;5;10,1;7,5;
2026/08/01;0800 UTC;0;993,5;993,6;993,4;;22,6;16,7;22,6;22,5;16,7;16,6;71;70;71;0;13,6;9,3;
2026/08/01;0900 UTC;0;993,4;993,5;993,4;;22;16,6;22,1;22;16,6;16,5;73;72;73;2;12,4;8,9;
2026/08/01;1000 UTC;0;993,6;993,7;993,4;;22,2;16,5;22,2;22,2;16,5;16,4;72;71;71;360;11,8;8,6;
2026/08/01;1100 UTC;0;994,5;994,6;994,5;;21,6;16,8;21,8;21,4;16,9;16,7;77;75;76;300;6,4;3,9;
2026/08/01;1200 UTC;;;;;;;;;;;;;;;;;;
2026/08/01;1300 UTC;;;;;;;;;;;;;;;;;;
2026/08/01;1400 UTC;;;;;;;;;;;;;;;;;;
2026/08/01;1500 UTC;;;;;;;;;;;;;;;;;;
2026/08/01;1600 UTC;;;;;;;;;;;;;;;;;;
2026/08/01;1700 UTC;;;;;;;;;;;;;;;;;;
2026/08/01;1800 UTC;;;;;;;;;;;;;;;;;;
2026/08/01;1900 UTC;;;;;;;;;;;;;;;;;;
2026/08/01;2000 UTC;;;;;;;;;;;;;;;;;;
2026/08/01;2100 UTC;;;;;;;;;;;;;;;;;;
2026/08/01;2200 UTC;;;;;;;;;;;;;;;;;;
2026/08/01;2300 UTC;;;;;;;;;;;;;;;;;;
2026/08/02;0000 UTC;;;;;;;;;;;;;;;;;;
2026/08/02;0100 UTC;;;;;;;;;;;;;;;;;;
2026/08/02;0200 UTC;;;;;;;;;;;;;;;;;;
2026/08/02;0300 UTC;;;;;;;;;;;;;;;;;;
2026/08/02;0400 UTC;;;;;;;;;;;;;;;;;;
2026/08/02;0500 UTC;;;;;;;;;;;;;;;;;;
2026/08/02;0600 UTC;;;;;;;;;;;;;;;;;;
2026/08/02;0700 UTC;;;;;;;;;;;;;;;;;;
2026/08/02;0800 UTC;;;;;;;;;;;;;;;;;;
2026/08/02;0900 UTC;;;;;;;;;;;;;;;;;;
2026/08/02;1000 UTC;;;;;;;;;;;;;;;;;;
2026/08/02;1100 UTC;;;;;;;;;;;;;;;;;;
2026/08/02;1200 UTC;;;;;;;;;;;;;;;;;;
2026/08/02;1300 UTC;;;;;;;;;;;;;;;;;;
2026/08/02;1400 UTC;;;;;;;;;;;;;;;;;;
2026/08/02;1500 UTC;;;;;;;;;;;;;;;;;;
2026/08/02;1600 UTC;;;;;;;;;;;;;;;;;;
2026/08/02;1700 UTC;;;;;;;;;;;;;;;;;;
2026/08/02;1800 UTC;;;;;;;;;;;;;;;;;;
2026/08/02;1900 UTC;;;;;;;;;;;;;;;;;;
2026/08/02;2000 UTC;;;;;;;;;;;;;;;;;;
2026/08/02;2100 UTC;;;;;;;;;;;;;;;;;;
2026/08/02;2200 UTC;;;;;;;;;;;;;;;;;;
2026/08/02;2300 UTC;;;;;;;;;;;;;;;;;;
2026/08/03;0000 UTC;;;;;;;;;;;;;;;;;;
2026/08/03;0100 UTC;;;;;;;;;;;;;;;;;;
2026/08/03;0200 UTC;;;;;;;;;;;;;;;;;;
2026/08/03;0300 UTC;;;;;;;;;;;;;;;;;;
2026/08/03;0400 UTC;;;;;;;;;;;;;;;;;;
2026/08/03;0500 UTC;;;;;;;;;;;;;;;;;;
2026/08/03;0600 UTC;;;;;;;;;;;;;;;;;;
2026/08/03;0700 UTC;;;;;;;;;;;;;;;;;;
2026/08/03;0800 UTC;;;;;;;;;;;;;;;;;;
2026/08/03;0900 UTC;;;;;;;;;;;;;;;;;;
2026/08/03;1000 UTC;;;;;;;;;;;;;;;;;;
2026/08/03;1100 UTC;;;;;;;;;;;;;;;;;;
2026/08/03;1200 UTC;;;;;;;;;;;;;;;;;;
2026/08/03;1300 UTC;;;;;;;;;;;;;;;;;;
2026/08/03;1400 UTC;;;;;;;;;;;;;;;;;;
2026/08/03;1500 UTC;;;;;;;;;;;;;;;;;;
2026/08/03;1600 UTC;;;;;;;;;;;;;;;;;;
2026/08/03;1700 UTC;;;;;;;;;;;;;;;;;;
2026/08/03;1800 UTC;;;;;;;;;;;;;;;;;;
2026/08/03;1900 UTC;;;;;;;;;;;;;;;;;;
2026/08/03;2000 UTC;;;;;;;;;;;;;;;;;;
2026/08/03;2100 UTC;;;;;;;;;;;;;;;;;;
2026/08/03;2200 UTC;;;;;;;;;;;;;;;;;;
2026/08/03;2300 UTC;;;;;;;;;;;;;;;;;;
2026/08/04;0000 UTC;;;;;;;;;;;;;;;;;;
2026/08/04;0100 UTC;;;;;;;;;;;;;;;;;;
2026/08/04;0200 UTC;;;;;;;;;;;;;;;;;;
2026/08/04;0300 UTC;;;;;;;;;;;;;;;;;;
2026/08/04;0400 UTC;;;;;;;;;;;;;;;;;;
2026/08/04;0500 UTC;;;;;;;;;;;;;;;;;;
2026/08/04;0600 UTC;;;;;;;;;;;;;;;;;;
2026/08/04;0700 UTC;;;;;;;;;;;;;;;;;;
2026/08/04;0800 UTC;;;;;;;;;;;;;;;;;;
2026/08/04;0900 UTC;;;;;;;;;;;;;;;;;;
2026/08/04;1000 UTC;;;;;;;;;;;;;;;;;;
2026/08/04;1100 UTC;;;;;;;;;;;;;;;;;;
2026/08/04;1200 UTC;;;;;;;;;;;;;;;;;;
2026/08/04;1300 UTC;;;;;;;;;;;;;;;;;;
2026/08/04;1400 UTC;;;;;;;;;;;;;;;;;;
2026/08/04;1500 UTC;;;;;;;;;;;;;;;;;;
2026/08/04;1600 UTC;;;;;;;;;;;;;;;;;;
2026/08/04;1700 UTC;;;;;;;;;;;;;;;;;;
2026/08/04;1800 UTC;0;1000,9;1001,6;1000,9;1307,1;23,7;18,4;24,5;23,7;18,9;17,8;74;67;72;6;5,9;3,7;
2026/08/04;1900 UTC;0;1000,7;1000,9;1000,7;754,4;23,6;19,2;23,8;23,5;19,8;18,1;78;71;76;323;5,4;2,1;
2026/08/04;2000 UTC;0;1001,1;1001,1;1000,7;447,3;22,9;19,7;23,6;22,9;19,7;18,9;82;75;82;328;3,6;1,7;
2026/08/04;2100 UTC;0;1001,5;1001,6;1001;148,3;21,4;19,3;22,9;21,4;20;19,3;89;82;88;322;2,5;1,7;
2026/08/04;2200 UTC;0;1001,6;1001,6;1001,5;4,1;20,4;19,2;21,5;20,3;19,5;19,1;94;87;93;114;1,9;1,1;
2026/08/04;2300 UTC;0;1001,5;1001,8;1001,5;0;20;19;20,4;20;19,6;19;96;93;94;68;1,3;,8;
2026/08/05;0000 UTC;0;1001,7;1001,7;1001,5;0;19,4;18,5;20;19,4;19,1;18,5;97;94;95;98;2;1,2;
2026/08/05;0100 UTC;0;1001,5;1001,7;1001,5;0;18,4;18,1;19;18,4;18,4;18;98;96;98;90;1,8;1;
2026/08/05;0200 UTC;0;1001,6;1001,6;1001,4;0;18,3;17,9;18,5;18;18,2;17,6;99;96;98;101;2,5;1,2;
2026/08/05;0300 UTC;0;1001,9;1001,9;1001,6;0;18,3;17,9;18,6;17,9;18,3;17,4;99;96;98;123;3,4;2,1;
2026/08/05;0400 UTC;0;1001,5;1002;1001,5;0;17,8;17,5;18,6;17,8;18,2;17,4;99;97;98;109;3,2;1,6;
2026/08/05;0500 UTC;0;1001,2;1001,5;1001,2;0;17,5;17,5;17,6;17,1;17,6;16,9;100;99;100;136;2,6;1,1;
2026/08/05;0600 UTC;0;1000,7;1001,2;1000,7;0;18,4;17,9;18,8;17,6;18,3;17,6;100;96;97;109;3,2;1;
2026/08/05;0700 UTC;0;1000,4;1000,7;1000,4;0;17,1;17;18,4;17,1;17,9;16,9;100;97;100;125;2,7;,9;
2026/08/05;0800 UTC;0;1000,3;1000,4;1000,3;0;16,3;16,3;17,1;16,2;17;16,2;100;99;100;79;2,2;1;
2026/08/05;0900 UTC;0;1000,3;1000,3;1000;0;15,9;15,9;17,1;15,9;17,1;15,9;100;100;100;159;3,3;,9;
2026/08/05;1000 UTC;0;1001,1;1001,1;1000,3;0;15,8;15,8;16,5;15,1;16,5;15,1;100;100;100;108;2,3;1,3;
2026/08/05;1100 UTC;0;1001,3;1001,4;1001,1;12,5;16,4;16,4;16,4;15,8;16,4;15,8;100;100;100;120;3,1;2,3;
2026/08/05;1200 UTC;0;1001,3;1001,4;1001,2;419,7;17,7;17,7;17,7;16,3;17,7;16,3;100;100;100;120;3,2;2,1;
2026/08/05;1300 UTC;0;1001,5;1001,5;1001;893,4;18,8;18,4;18,8;17,7;18,4;17,4;100;95;98;50;5,8;2,4;
2026/08/05;1400 UTC;0;1001,1;1001,6;1001,1;1633,9;22,1;19,3;22,1;18,8;19,8;18,3;98;84;84;38;4,8;2,6;
2026/08/05;1500 UTC;0;1000,9;1001,1;1000,9;2342,8;24,8;20,1;24,8;22,1;21;19,3;88;76;76;342;5,2;2,7;
2026/08/05;1600 UTC;0;999,7;1000,9;999,7;1772,5;25,3;19,1;25,4;24,1;20,5;18,7;78;66;69;335;6,2;3,6;
2026/08/05;1700 UTC;0;998,9;999,7;998,8;2395,4;25,9;19,3;26,1;25,2;20,1;18,7;72;64;67;313;6,8;3,7;
2026/08/05;1800 UTC;0;998;998,8;998;1650;26,2;19,6;26,5;25,3;20,1;18,6;72;63;67;306;5,6;2,9;
2026/08/05;1900 UTC;0;997,8;998;997,7;1466,9;25,7;19,9;26,5;25,1;20,4;18,7;72;63;70;290;5,1;2,3;
2026/08/05;2000 UTC;0;997,6;997,8;997,6;540;24,8;19,7;25,6;24,6;20,3;19,3;76;69;73;296;3,6;1,7;
2026/08/05;2100 UTC;0;997,7;997,8;997,5;226,6;22,6;19,2;24,8;22,6;20,1;18,7;82;72;82;42;4,4;1,5;
2026/08/05;2200 UTC;0;997,8;997,9;997,7;6,7;21,3;18,3;22,5;21,3;19,2;18,2;84;80;83;18;4,9;1;
2026/08/05;2300 UTC;0;998,1;998,1;997,8;0;19,8;18,3;21,2;19,6;18,9;17,8;92;82;91;155;2,4;1,2;
2026/08/06;0000 UTC;0;998,1;998,2;998;0;20,2;18,3;20,2;19,9;18,7;18,1;92;88;89;106;2;1,1;
2026/08/06;0100 UTC;0;997,7;998,1;997,7;;19,2;17,8;20,2;19,2;18,5;17,8;93;88;91;;2,1;;
2026/08/06;0200 UTC;0;997,4;997,8;997,4;0;18,7;17,5;19,3;18,4;18,1;17,3;95;91;93;108;2,1;1,4;
2026/08/06;0300 UTC;0;997,2;997,4;997,1;0;18,4;17,7;18,7;18,1;17,7;17,2;96;92;96;87;2,1;1,1;
2026/08/06;0400 UTC;0;996,5;997,2;996,5;0;18,1;17,9;18,4;18;17,9;17,5;99;95;99;64;1,8;,9;
2026/08/06;0500 UTC;0;995,8;996,5;995,8;0;18;17,9;18,6;17,9;18,3;17,7;100;97;100;75;2,8;1,6;
2026/08/06;0600 UTC;0;995,1;995,8;995,1;0;18,2;18,1;18,4;18,1;18,4;17,9;100;99;99;86;2,7;1;
2026/08/06;0700 UTC;0;994,8;995,2;994,8;0;17,8;17,8;18,3;17,8;18,2;17,7;100;99;100;95;2;1,2;
2026/08/06;0800 UTC;0;994,3;994,9;994,3;0;18,1;18;18,5;17,8;18,5;17,8;100;99;100;91;4,6;1,5;
2026/08/06;0900 UTC;0;994,1;994,3;994;0;18;17,9;18,3;18;18,2;17,9;100;99;99;91;2,7;1,2;
2026/08/06;1000 UTC;0;993,8;994,1;993,8;0;18,2;17,8;18,2;17,9;17,9;17,8;99;97;98;91;1,2;1,2;
2026/08/06;1100 UTC;0;993,6;993,9;993,5;58,5;18,6;17,9;18,6;17,8;17,9;17,5;98;96;96;91;1,2;1,2;
2026/08/06;1200 UTC;0;993,7;993,9;993,5;419,2;20,2;18,4;20,2;18,6;18,4;17,9;96;89;90;31;4,1;2,1;
2026/08/06;1300 UTC;0;993,3;993,8;993,2;908,1;20,9;19,4;21,1;19,8;19,4;18,4;92;87;91;12;5,9;3,5;
2026/08/06;1400 UTC;0;992,8;993,5;992,7;1212,7;22,9;19,8;23,1;20,9;20,2;19,1;91;82;83;1;8,2;5,7;
2026/08/06;1500 UTC;0;991;992,8;991;1177;24,1;19,7;24,1;22,5;20,6;19,5;86;76;76;;8,4;;
2026/08/06;1600 UTC;0;989,9;991;989,9;1583,5;24,5;19,5;25,4;24,2;20,8;19,3;78;71;74;;;;
2026/08/06;1700 UTC;0;988,7;990;988,7;742,7;24,8;20,1;24,8;24,4;20,1;19,2;76;72;75;;;;
2026/08/06;1800 UTC;0;988,1;988,7;988;829,4;24,8;20;25;24,7;20,4;19,7;76;73;74;;;;
2026/08/06;1900 UTC;0;987,5;988;987,4;379,8;24;20,2;25,3;24;20,4;19,7;79;72;79;;;;
2026/08/06;2000 UTC;19,7;990,5;990,5;986,9;22,7;15,7;15,5;23,9;15,7;20,9;15,5;99;79;99;206;25,7;15,5;
2026/08/06;2100 UTC;6,5;987,9;990,5;987,6;2,9;17,9;15,4;17,9;15,7;15,7;15,1;100;85;85;237;17,1;6,5;
2026/08/06;2200 UTC;0;990,7;990,7;988,2;9,4;17,1;15,7;17,9;17,1;15,8;15,2;92;85;92;229;14,6;8,5;
2026/08/06;2300 UTC;,2;992,8;992,8;990,8;0;16,1;14,8;17,1;16,1;15,7;14,8;93;90;92;227;14,6;5,2;
2026/08/07;0000 UTC;0;995,5;995,5;992,9;0;15,7;13,3;16,2;15,7;14,9;13;94;83;86;212;16;7,5;
2026/08/07;0100 UTC;0;996,5;996,5;995,5;0;14,7;12,1;15,8;14,7;13,3;12,1;86;83;84;212;13,1;7,3;
2026/08/07;0200 UTC;0;998,1;998,1;996,4;0;12,8;10;14,7;12,8;12,1;9,9;88;82;83;213;16,7;10,1;
2026/08/07;0300 UTC;0;998,9;998,9;998,1;0;11,9;9,6;12,8;11,8;10;9,2;87;81;86;208;14,8;5,8;
2026/08/07;0400 UTC;0;999,2;999,2;998,8;0;11,5;8,8;11,9;11,3;9,6;8,5;86;82;84;226;9,9;4,3;
2026/08/07;0500 UTC;0;999,7;999,7;999,2;0;10,7;9,2;11,5;10,7;9,3;8,6;90;83;90;232;8,9;5,6;
2026/08/07;0600 UTC;0;1000,1;1000,1;999,7;0;10,3;9,2;10,8;10,3;9,4;9;94;89;93;229;8,2;4,1;
2026/08/07;0700 UTC;0;1000,8;1000,8;1000,2;0;9,6;9,1;10;9,5;9,7;8,9;98;95;96;224;9,6;4,4;
2026/08/07;0800 UTC;0;1001,4;1001,5;1000,8;0;9,8;8,7;9,8;9,4;9,1;8,2;96;91;92;239;9,7;5,6;
2026/08/07;0900 UTC;0;1001,5;1001,7;1001,3;0;9,5;7;9,9;9,4;8,2;7;90;84;84;202;10,7;7,4;
2026/08/07;1000 UTC;0;1002;1002;1001,4;0;8,9;6,6;9,5;8,9;7,2;6,6;88;84;86;197;10,1;5,3;
2026/08/07;1100 UTC;0;1002,1;1002,1;1001,8;40;8,7;5,6;9,1;8,7;6,5;5,3;84;78;81;183;10,3;5;
2026/08/07;1200 UTC;;;;;;;;;;;;;;;;;;
2026/08/07;1300 UTC;;;;;;;;;;;;;;;;;;
2026/08/07;1400 UTC;;;;;;;;;;;;;;;;;;
2026/08/07;1500 UTC;;;;;;;;;;;;;;;;;;
2026/08/07;1600 UTC;;;;;;;;;;;;;;;;;;
2026/08/07;1700 UTC;;;;;;;;;;;;;;;;;;
2026/08/07;1800 UTC;;;;;;;;;;;;;;;;;;
2026/08/07;1900 UTC;;;;;;;;;;;;;;;;;;
2026/08/07;2000 UTC;;;;;;;;;;;;;;;;;;
2026/08/07;2100 UTC;;;;;;;;;;;;;;;;;;
2026/08/07;2200 UTC;;;;;;;;;;;;;;;;;;
2026/08/07;2300 UTC;;;;;;;;;;;;;;;;;;
2026/08/08;0000 UTC;;;;;;;;;;;;;;;;;;
2026/08/08;0100 UTC;;;;;;;;;;;;;;;;;;
2026/08/08;0200 UTC;0;997,5;998,2;997,5;0;7,5;6,1;7,5;6,8;6,6;6;96;91;91;91;2,7;1,8;
2026/08/08;0300 UTC;0;996,8;997,5;996,8;0;8,6;6,1;8,7;7,5;6,4;5,9;91;83;84;83;3,9;2,2;
2026/08/08;0400 UTC;0;996,3;996,8;996;0;8,2;6,3;8,8;8,2;6,3;5,7;88;81;88;87;4,7;2,1;
2026/08/08;0500 UTC;0;995,8;996,2;995,8;0;7,6;6,2;8,3;7,6;6,5;6,1;91;87;91;101;3,7;1,8;
2026/08/08;0600 UTC;0;995,9;995,9;995,7;0;7,9;6,3;7,9;7,4;6,4;6;92;89;89;104;3,9;1,4;
2026/08/08;0700 UTC;0;;;;;;;;;;;;;;102;1,1;1;
2026/08/08;0800 UTC;0;995,4;995,6;995;0;6,7;5,9;7,5;6,6;6,3;5,8;95;92;95;111;4,1;1,7;
2026/08/08;0900 UTC;0;995,1;995,4;994,9;0;6,4;5,6;6,7;6,4;5,9;5,6;95;94;95;121;4,4;3,2;
2026/08/08;1000 UTC;;;;;;;;;;;;;;;;;;
2026/08/08;1100 UTC;0;995,6;995,9;995,4;37,9;6,8;5,8;6,8;6,2;5,8;5,4;96;93;94;110;5,7;3,7;
2026/08/08;1200 UTC;0;996,2;996,2;995,6;631,8;9,5;7,2;9,5;6,8;7,2;5,8;94;85;86;109;5,3;3,2;
2026/08/08;1300 UTC;0;996,7;996,8;996;654,4;10,2;8;10,2;8,9;8,2;7;92;85;86;125;5,1;1,6;
2026/08/08;1400 UTC;0;996,7;997,1;996,7;1260,3;12,5;8,9;12,5;10,2;9,5;7,7;88;76;78;21;2,8;,8;
2026/08/08;1500 UTC;0;996,9;996,9;996,3;2423,6;14,2;9,8;14,3;12,4;10;8,3;81;72;75;263;5,2;2,8;
2026/08/08;1600 UTC;0;996,7;996,7;996,6;2216,3;15,7;10,1;15,8;14,8;10,8;9,2;74;67;69;231;8;4,6;
2026/08/08;1700 UTC;0;995,9;996,6;995,9;1726,2;15,7;9,4;16,8;15,1;11,2;9,2;73;65;66;216;10,1;4,8;
2026/08/08;1800 UTC;0;996,4;996,4;995,9;1385,9;16,2;9,3;16,9;15,3;10,8;8,5;70;62;63;210;9,9;6;
2026/08/08;1900 UTC;0;996,8;996,8;996,3;1321,3;16,3;9,3;17,1;15,5;9,8;8,3;66;58;64;208;11;5,9;
2026/08/08;2000 UTC;0;997,4;997,4;996,8;1094,2;15,9;8,9;17;15,4;9,5;7,9;64;57;63;210;11,1;5,7;
2026/08/08;2100 UTC;0;998,5;998,5;997,4;391,9;14,1;8,6;15,9;14,1;9;7,7;69;60;69;194;9,7;4;
2026/08/08;2200 UTC;0;999,5;999,5;998,5;8,7;11,9;8,3;14;11,8;8,6;8,3;79;69;79;200;4,6;1,8;
2026/08/08;2300 UTC;0;1000,6;1000,6;999,5;0;11,6;8,1;12,5;10,7;8,4;7,8;83;76;79;176;4,1;2,8;
2026/08/09;0000 UTC;0;1001,5;1001,5;1000,6;0;11,2;7,7;11,9;10,5;8,1;7,5;84;76;79;171;5,2;3,2;
2026/08/09;0100 UTC;0;1002,1;1002,1;1001,6;0;10,8;7,3;11,2;10,8;7,7;7,3;80;78;79;183;7,5;5,3;
2026/08/09;0200 UTC;0;1002,6;1002,8;1002,1;0;9,2;7,1;10,9;9,2;7,4;6,9;87;78;87;164;8,1;3,8;
2026/08/09;0300 UTC;0;1003,2;1003,5;1002,4;0;8,3;6,7;9,5;8,3;7,1;6,7;90;84;90;162;6,6;3,2;
2026/08/09;0400 UTC;;;;;;;;;;;;;;;;;;
2026/08/09;0500 UTC;0;1004,3;1004,4;1003,7;0;7,5;4,3;8,2;7,2;6,4;4,3;88;80;80;172;7,1;5,2;
2026/08/09;0600 UTC;0;1005,2;1005,2;1004,3;0;6,7;4,4;7,6;6,7;4,5;4;85;78;85;166;6;1,6;
2026/08/09;0700 UTC;0;1006,9;1007;1005,9;0;4,7;3,4;6,6;4,5;4,2;3;93;81;91;181;2,7;1,1;
2026/08/09;0800 UTC;0;1006,9;1007;1006,8;0;4,6;3,5;4,6;3,3;3,8;2,2;98;91;92;114;2,3;1,1;
2026/08/09;0900 UTC;0;1006,3;1006,9;1006,3;0;6,5;2,4;6,7;4,2;3,7;2,4;94;75;75;134;4,6;1,8;
2026/08/09;1000 UTC;0;1006,1;1006,3;1005,9;0;6,7;2,1;6,9;6,5;2,6;1,9;75;71;73;131;7,1;3,4;
2026/08/09;1100 UTC;0;1005,8;1006,1;1005,7;40,4;6,1;2,4;6,8;5,9;2,7;1,6;80;70;77;130;7,7;3,5;
2026/08/09;1200 UTC;0;1006,4;1006,4;1005,7;655,1;8,1;2,7;8,1;6,2;2,7;1,8;78;65;69;118;9,2;5,7;
2026/08/09;1300 UTC;0;1008,1;1008,1;1006,4;1426,8;10,6;3,5;10,6;8,1;3,8;2,2;70;61;61;104;9,2;3,8;
2026/08/09;1400 UTC;0;1008,7;1008,7;1008,1;2052,6;12,7;4,9;12,9;10,7;4,9;2,8;66;50;59;117;6,4;3,2;
2026/08/09;1500 UTC;0;1009;1009;1008,7;2496,2;14,1;2,3;14,2;12,9;4,6;1,9;57;43;45;90;7,3;4;
2026/08/09;1600 UTC;0;1008,9;1009,1;1008,9;2682,5;16;3,2;16;14,1;4,6;1,6;52;40;42;132;5,7;2;
2026/08/09;1700 UTC;0;1008,6;1009;1008,6;2636;16;2,6;16,4;15,6;4,4;-,1;47;33;40;123;6,3;2,7;
2026/08/09;1800 UTC;0;1008,4;1008,6;1008,4;2348,1;16,8;1,1;16,8;16,1;4,5;-1;45;30;35;145;7,3;2,1;
2026/08/09;1900 UTC;0;1008,5;1008,5;1008,3;1843,8;16,4;,6;17;16,4;3,4;-1,2;41;30;34;156;6,9;3,6;
2026/08/09;2000 UTC;0;1009,2;1009,2;1008,5;1164,5;16,2;1,5;16,6;16,2;3,2;-,4;42;32;37;142;6,6;2,2;
2026/08/09;2100 UTC;0;1009,8;1009,9;1009,2;419,9;14,2;2,4;16,1;14,2;3,3;,7;46;36;45;124;5,6;2,5;
2026/08/09;2200 UTC;0;1010,6;1010,6;1009,9;8,9;11,5;4,2;14,2;11,5;4,3;2,7;61;46;61;125;4,1;2,1;
2026/08/09;2300 UTC;0;1011,5;1011,5;1010,6;0;10,9;3,6;11,4;10,9;4,2;3,2;62;58;60;131;5,3;2,3;
2026/08/10;0000 UTC;;;;;;;;;;;;;;;;;;
2026/08/10;0100 UTC;0;1012,7;1012,8;1012,4;0;9,1;3,2;10,3;9,1;3,4;2,5;67;59;67;128;5,3;2,7;
2026/08/10;0200 UTC;0;1013,8;1013,8;1012,7;0;8,5;2,8;9,2;8,5;3,2;2,5;68;64;67;133;5,5;2,6;
2026/08/10;0300 UTC;0;1014,3;1014,3;1014;0;8,3;2,6;8,4;8,2;2,9;2,4;69;66;68;134;6,4;2,5;
2026/08/10;0400 UTC;0;1014,6;1014,7;1014,2;0;8,5;2,2;8,6;8,1;2,8;2,1;69;64;65;143;6,8;2,5;
2026/08/10;0500 UTC;0;1015,4;1015,4;1014,6;0;8,1;2,1;8,6;8;2,4;1,9;67;63;66;144;8,6;2,8;
2026/08/10;0600 UTC;0;1015,7;1015,8;1015,5;0;7,8;1,7;8,2;7,7;2,1;1,4;66;62;65;144;7;2,6;
2026/08/10;0700 UTC;0;1016,3;1016,3;1015,7;0;7,3;1,5;7,8;7,3;1,9;1,4;68;64;67;139;7,6;2,5;
2026/08/10;0800 UTC;0;1016,7;1016,8;1016,5;0;7,3;1,8;7,4;7,2;2;1,6;69;67;68;139;6,8;2,9;
2026/08/10;0900 UTC;0;1016,8;1016,8;1016,6;0;5,8;1,9;7,2;5,8;2,1;1,6;77;68;76;132;7,6;3,7;
2026/08/10;1000 UTC;0;1018;1018;1016,8;0;5,1;1,9;5,8;5;2,1;1,8;80;76;80;126;7,3;3,2;
2026/08/10;1100 UTC;0;1018,3;1018,3;1018;47,2;6,2;2,1;6,2;4,8;2,2;1,8;82;75;75;129;9,6;4,7;
2026/08/10;1200 UTC;0;1018,8;1018,8;1018,2;723,1;8,1;3;8,1;6,2;3,3;2,1;75;70;70;123;11;5,6;
2026/08/10;1300 UTC;0;1019;1019,2;1018,8;1463;10,2;3,3;10,2;8,1;3,7;2,8;72;61;62;113;11,7;7;
2026/08/10;1400 UTC;0;1019,5;1019,6;1018,9;2047,3;11,9;3,4;11,9;10,1;4;2,2;62;54;56;110;11,7;5,7;
2026/08/10;1500 UTC;0;1019;1019,6;1018,9;2297,9;12,8;3,2;13,1;11,4;3,7;2,2;56;49;52;110;12;6,6;
2026/08/10;1600 UTC;0;1018,6;1019;1018,4;2602,6;14,1;2,2;14,2;12,7;4,1;2;54;45;45;120;12,1;6,4;
2026/08/10;1700 UTC;0;1017,8;1018,6;1017,8;2259,6;14,6;3;14,6;13,8;4,5;1,3;52;41;46;125;11;4,7;
2026/08/10;1800 UTC;0;1016,9;1017,7;1016,8;2059,1;14,9;4,7;15,2;14,3;5;2,7;52;45;51;125;9,4;5,2;
2026/08/10;1900 UTC;0;1016,5;1016,9;1016,5;1656,8;14,6;4,2;15;14,6;4,9;2,6;52;44;49;117;10,3;4,9;
2026/08/10;2000 UTC;0;1017;1017;1016,3;929,8;13,8;2,7;14,7;13,8;3,7;2,2;50;43;47;118;10,6;4,2;
2026/08/10;2100 UTC;0;1017,3;1017,6;1017;243,3;12;4,3;13,8;12;4,5;2,3;60;46;59;134;7,5;2,2;
2026/08/10;2200 UTC;0;1017,3;1017,3;1017,1;4,7;10,4;4,2;12;10,4;4,6;3,9;66;59;66;133;8;2,9;
2026/08/10;2300 UTC;0;1017,5;1017,6;1017,3;0;9,8;4,8;10,4;9,7;4,9;3,7;71;63;71;138;7,2;2,6;
2026/08/11;0000 UTC;0;1016,8;1017,6;1016,7;0;9,1;4,7;9,8;9;5;4,4;76;70;74;131;7,3;3,7;
2026/08/11;0100 UTC;0;1017,1;1017,3;1017;0;8,8;4,6;9,1;8,8;4,8;4,4;75;73;75;121;9;4,6;
2026/08/11;0200 UTC;0;1017;1017,3;1016,8;0;8,5;4,7;8,8;8,4;4,7;4,4;77;74;77;124;8,3;4,4;
2026/08/11;0300 UTC;0;1016,7;1017,1;1016,6;0;8,7;4,9;8,7;8,3;5;4,6;79;76;77;110;8,3;5,2;
2026/08/11;0400 UTC;0;1016,7;;;0;8,7;4,9;;;;;;;77;106;10,2;6,1;
2026/08/11;0500 UTC;0;1016,7;;;0;8,7;4,9;;;;;;;77;98;12;6;
2026/08/11;0600 UTC;0;1016,7;;;0;8,7;4,9;;;;;;;77;107;11,2;5,8;
2026/08/11;0700 UTC;0;1016,7;;;0;8,7;4,9;;;;;;;77;;12,3;;
2026/08/11;0800 UTC;0;1016,7;;;0;8,7;4,9;;;;;;;77;93;12,6;7;
2026/08/11;0900 UTC;0;1014,5;1014,5;1013,8;0;7,4;4,7;7,7;7,4;5;4,6;84;82;83;105;11,3;5,9;
2026/08/11;1000 UTC;0;1014,2;1014,5;1014,1;0;7,3;4,4;7,4;7,3;4,8;4,3;84;81;82;103;11,4;7;
2026/08/11;1100 UTC;0;1014,4;1014,6;1014,1;30;7,2;4,6;7,3;7,2;4,7;4,3;84;82;83;109;10,9;6,5;
2026/08/11;1200 UTC;0;1014,9;1015,1;1014,5;205,5;7,7;4,9;7,7;7,2;4,9;4,5;84;81;83;109;10,8;6,4;
2026/08/11;1300 UTC;0;1014,8;1015;1014,5;334,3;8,5;5,2;8,5;7,7;5,2;4,7;82;79;80;106;12,2;7,4;
2026/08/11;1400 UTC;0;1014,3;1014,5;1014,2;816,1;10,2;5,8;10,2;9,8;6;5,3;75;74;74;105;12,3;7,9;
2026/08/11;1500 UTC;0;1014;1014,3;1013,8;1021,5;11,3;6,4;11,4;10,1;6,7;5,6;75;72;72;100;12,1;6,8;
2026/08/11;1600 UTC;0;1013,6;1014,1;1013,5;795,3;11,7;7,1;11,9;11,2;7,6;6,3;76;72;73;93;10,5;6;
2026/08/11;1700 UTC;0;1012,2;1013,5;1012,2;718,1;12,7;8;12,7;11,7;8;7,1;75;71;73;97;10,7;6,3;
2026/08/11;1800 UTC;0;1011,4;1012,2;1011,3;483,7;12;9,3;12,8;12;9,3;7,8;84;72;84;93;10,3;5,8;
2026/08/11;1900 UTC;0;1010,2;1011,3;1010,2;259,2;11,9;9;12;11,9;9,3;8,7;85;81;82;96;9,8;5,6;
2026/08/11;2000 UTC;0;1010,6;1010,6;1010,1;132,3;11,9;9,1;11,9;11,9;9,2;8,7;84;81;83;100;9,9;5,4;
2026/08/11;2100 UTC;0;1010,6;1010,8;1010,4;25,3;11,7;9,3;12;11,7;9,4;9;85;82;85;97;10,8;5;
2026/08/11;2200 UTC;0;1010,3;1010,7;1010,3;0;11,9;9,5;11,9;11,7;9,5;9,1;86;84;85;97;10,6;6,4;
2026/08/11;2300 UTC;,6;1010,2;1010,7;1010,1;0;11,3;10,3;11,9;11,3;10,4;9,5;93;85;93;96;8,9;5,3;
2026/08/12;0000 UTC;2,6;1009,3;1010,2;1009,2;0;11,2;10,8;11,3;11,2;10,9;10,3;98;93;97;109;9,5;5,7;
2026/08/12;0100 UTC;3,2;1009,1;1009,2;1008,7;0;11,2;11;11,2;11,2;11;10,8;98;97;98;98;10,4;5,2;
2026/08/12;0200 UTC;,8;1009,6;1009,7;1009,1;0;11,3;11,1;11,3;11,2;11,1;10,9;98;98;98;89;8,6;2,8;
2026/08/12;0300 UTC;,8;1009,1;1009,9;1009;0;11,4;11,2;11,4;11,3;11,2;11;99;98;99;100;6,3;4,1;
2026/08/12;0400 UTC;2,8;1008,3;1009,3;1008,3;0;11,3;11,2;11,4;11,3;11,3;11,2;100;99;99;114;8,5;4,9;
2026/08/12;0500 UTC;,4;1007,2;1008,8;1006,9;0;11,1;11;11,3;11,1;11,2;11;99;99;99;95;9,4;5,6;
2026/08/12;0600 UTC;,6;1006,6;1007,5;1006,6;0;11,2;11;11,2;11,1;11,1;10,9;99;98;98;100;9,6;5,9;
2026/08/12;0700 UTC;0;1006,4;1006,7;1006,4;0;11,2;10,9;11,2;11,2;11;10,9;98;98;98;102;8,8;5,2;
2026/08/12;0800 UTC;0;1005,1;1006,1;1005,1;0;11,2;10,9;11,3;11,2;11;10,8;98;97;98;101;10,4;5,4;
2026/08/12;0900 UTC;,2;1005,1;1005,3;1004,8;0;11,3;11,1;11,3;11,2;11,1;10,9;99;98;99;95;9;5,3;
2026/08/12;1000 UTC;0;1004,7;1005,2;1004,7;0;11,3;11,2;11,3;11,3;11,2;11,1;99;98;99;95;8,9;5,4;
2026/08/12;1100 UTC;,2;1005;1005,2;1004,7;3,5;11,4;11,3;11,4;11,3;11,3;11,2;99;99;99;93;8,8;4,9;
2026/08/12;1200 UTC;,2;1004,9;1005,1;1004,7;32,7;11,7;11,5;11,7;11,4;11,6;11,3;99;99;99;95;9;5,2;
2026/08/12;1300 UTC;0;1005;1005,1;1004,8;126;12;11,9;12;11,7;11,9;11,5;99;99;99;88;8,2;4,1;
2026/08/12;1400 UTC;,2;1004,5;1005;1004,5;247,4;12,4;12,2;12,4;12;12,3;11,9;100;99;99;93;6,8;4,3;
2026/08/12;1500 UTC;,4;1004,4;1004,6;1004,3;327,5;12,8;12,7;12,8;12,4;12,8;12,3;100;99;99;90;7;2,3;
2026/08/12;1600 UTC;,2;1004,2;1004,3;1004,2;298,9;12,9;12,8;12,9;12,8;12,8;12,6;100;99;99;108;4,4;2,3;
2026/08/12;1700 UTC;,4;1002,7;1003,7;1002,7;287,1;13,4;13,3;13,5;13,1;13,4;13;100;99;99;118;3,6;2,1;
2026/08/12;1800 UTC;0;1001,5;1002,8;1001,5;437,3;13,8;13,5;13,9;13,4;13,7;13,3;100;98;98;80;4,4;2,8;
2026/08/12;1900 UTC;0;1001,4;1001,5;1001,3;353,7;14;13,7;14,2;13,8;13,9;13,5;99;97;98;82;4,7;1,7;
2026/08/12;2000 UTC;0;1001;1001,4;1000,8;195,2;14;13,8;14,1;14;14;13,7;99;98;99;97;5,5;2,9;
2026/08/12;2100 UTC;0;1001,5;1001,5;1001;89,6;14;13,9;14,1;14;13,9;13,8;99;98;99;96;4,8;1;
2026/08/12;2200 UTC;0;1002;1002,1;1001,5;,2;13,9;13,9;14;13,9;14;13,9;100;99;100;141;1,6;,7;
2026/08/12;2300 UTC;0;1002,2;1002,4;1002,1;0;13,8;13,8;13,9;13,8;13,9;13,8;100;100;100;82;2,1;1,3;
2026/08/13;0000 UTC;0;1003,6;1003,8;1002,2;0;13,8;13,8;13,8;13,8;13,8;13,8;100;100;100;199;2,6;1,8;
2026/08/13;0100 UTC;,2;1003,6;1004,2;1003;0;13,7;13,7;13,8;13,7;13,8;13,7;100;100;100;129;3,7;1,2;
2026/08/13;0200 UTC;0;1002,9;1003,7;1002,4;0;13,3;13,3;13,7;13,3;13,7;13,3;100;100;100;107;5,7;3;
2026/08/13;0300 UTC;0;1003,5;1003,8;1002,9;0;13,3;13,3;13,3;13,3;13,3;13,3;100;100;100;120;3,8;1,8;
2026/08/13;0400 UTC;0;1003,2;1004,2;1003,2;0;13,3;13,3;13,3;13,3;13,3;13,3;100;100;100;119;4;1,9;
2026/08/13;0500 UTC;,8;1003,5;1003,8;1003;0;13,1;13,1;13,3;13,1;13,3;13,1;100;100;100;119;4;2,9;
2026/08/13;0600 UTC;,2;1003,3;1003,6;1003,2;0;13,1;13,1;13,2;13,1;13,2;13,1;100;100;100;119;2,9;2,9;
2026/08/13;0700 UTC;0;1003,3;1003,3;1003,3;0;13,2;13,2;13,2;13,2;13,2;13,2;100;100;100;119;2,9;2,9;
2026/08/13;0800 UTC;0;1003,2;1003,8;1003;0;13,2;13,2;13,2;13,2;13,2;13,2;100;100;100;119;2,9;2,9;
2026/08/13;0900 UTC;0;1002,6;1003,2;1002,6;0;13,2;13,2;13,2;13,2;13,2;13,2;100;100;100;119;2,9;2,9;
2026/08/13;1000 UTC;0;1004;1004,2;1002,6;0;13,3;13,3;13,3;13,2;13,3;13,2;100;100;100;119;2,9;2,9;
2026/08/13;1100 UTC;,2;1003,8;1004,1;1003,3;12,8;13,2;13,2;13,3;13,2;13,3;13,2;100;100;100;119;2,9;2,9;
2026/08/13;1200 UTC;0;1004,2;1004,9;1003,7;167,3;13,7;13,7;13,7;13,2;13,7;13,2;100;100;100;111;3,8;2,5;
2026/08/13;1300 UTC;,2;1005,8;1006;1004,3;320,9;14,2;14,2;14,2;13,7;14,2;13,7;100;100;100;138;3,1;,9;
2026/08/13;1400 UTC;,2;1006,2;1006,3;1005,8;789,8;14,7;14,5;15,1;14,1;15,1;14,1;100;98;99;116;3,1;1,6;
2026/08/13;1500 UTC;0;1005,4;1006,2;1005,4;1285,5;16,3;14,8;16,4;14,7;15;14;99;88;91;78;3,2;1,7;
2026/08/13;1600 UTC;0;1005,2;1005,4;1005,1;1366,7;16,2;14,9;17,1;16,2;15,6;14,1;94;85;91;149;5,9;2,4;
2026/08/13;1700 UTC;0;1005;1005,3;1004,9;902,6;15,4;14,9;16,1;15,4;15,3;14,6;97;92;97;156;6,9;3,2;
2026/08/13;1800 UTC;,2;1005,1;1005,1;1005;1199,8;15,8;15;16,1;15,1;15,5;14,5;97;94;95;133;7,4;3,4;
2026/08/13;1900 UTC;0;1005;1005,1;1004,9;869,5;15,6;14,3;15,9;15,2;15,1;14,2;97;91;92;126;7,6;3,2;
2026/08/13;2000 UTC;0;1005,6;1005,6;1004,9;424,7;14,5;13,2;15,7;14,5;14,6;13,2;94;90;92;131;8,2;3,4;
2026/08/13;2100 UTC;0;1006,8;1006,8;1005,6;106,6;14,1;12,7;14,5;14;13,3;12,7;93;91;92;135;7,1;2,8;
2026/08/13;2200 UTC;0;1007,1;1007,3;1006,8;3,3;13,5;12,2;14;13,5;12,9;12,2;94;91;92;136;7,6;3,3;
2026/08/13;2300 UTC;0;1007,6;1007,6;1007,1;0;12,9;12,1;13,5;12,9;12,4;12;95;92;95;123;9,1;5;
2026/08/14;0000 UTC;0;1007,6;1007,8;1007,4;0;12,6;12;12,9;12,5;12,3;11,9;98;95;96;126;8,1;4,2;
2026/08/14;0100 UTC;0;1008,1;1008,1;1007,6;0;12,7;11,9;12,7;12,6;12,1;11,8;96;94;95;117;8,6;4,6;
2026/08/14;0200 UTC;0;1008,6;1008,6;1008,1;0;12,7;12;12,7;12,7;12,1;11,9;96;95;95;113;7,4;3,9;
2026/08/14;0300 UTC;0;1008,3;1008,6;1008,3;0;12,8;11,8;12,8;12,7;12;11,8;95;93;93;109;8,1;4,6;
2026/08/14;0400 UTC;0;1007,7;1008,3;1007,6;0;12,9;11,8;12,9;12,8;11,9;11,7;94;93;93;105;8,4;4,9;
2026/08/14;0500 UTC;0;1007,6;1007,7;1007,5;0;12,8;11,9;12,9;12,8;12;11,8;95;93;94;101;7,7;4,7;
2026/08/14;0600 UTC;0;1007,2;1007,6;1007,2;0;12,7;12,1;12,8;12,7;12,1;11,9;96;94;96;94;9,1;5,2;
2026/08/14;0700 UTC;0;1007,2;1007,2;1007,2;0;12,6;12,1;12,7;12,6;12,1;12;97;96;97;104;8,6;5,2;
2026/08/14;0800 UTC;0;1006,8;1007,1;1006,8;0;12,5;11,6;12,6;12,5;11,8;11,6;95;94;94;102;9,4;4,9;
2026/08/14;0900 UTC;0;1007,1;1007,1;1006,8;0;12,5;11,6;12,6;12,4;11,7;11,6;95;94;95;101;9,2;5,4;
2026/08/14;1000 UTC;0;1007,9;1007,9;1007,1;0;12,3;11,4;12,4;12,2;11,7;11,4;96;94;95;98;9,1;5;
2026/08/14;1100 UTC;0;1008,1;1008,2;1007,9;13,8;12,4;11,4;12,4;12,3;11,5;11,3;95;93;94;101;8,4;5,2;
2026/08/14;1200 UTC;0;1008,6;1008,6;1008;202,8;12,8;11,5;12,8;12,4;11,6;11,3;94;91;92;93;9,6;5,1;
2026/08/14;1300 UTC;0;1008,6;1008,9;1008,6;402,1;13,4;12;13,4;12,8;12,2;11,5;93;90;91;93;9,4;5,4;
2026/08/14;1400 UTC;0;1008,5;1008,7;1008,5;672,7;14;12,3;14,1;13,4;12,4;11,9;92;89;90;97;8,9;4,8;
2026/08/14;1500 UTC;0;1008,3;1008,6;1008,3;588,9;14,6;12,7;14,6;14;12,8;12,3;91;87;88;88;8,3;5;
2026/08/14;1600 UTC;0;1007,7;1008,5;1007,7;378,6;14,9;13,1;14,9;14,5;13,2;12,6;90;87;89;80;7,8;3,1;
2026/08/14;1700 UTC;0;1007,4;1008;1007,4;384,9;15,3;13,2;15,3;14,8;13,4;12,8;89;86;87;77;7,7;2,8;
2026/08/14;1800 UTC;0;1006;1007,4;1006;298,9;15,3;13,3;15,3;15,2;13,4;12,9;89;86;88;99;8,1;4,6;
2026/08/14;1900 UTC;0;1005,4;1006,2;1005,3;244,5;15,2;13,3;15,3;15,2;13,5;13,2;89;87;88;77;8,8;4,6;
2026/08/14;2000 UTC;0;1005,6;1006,2;1005,1;258,1;15,6;13,3;15,6;15,2;13,6;13,2;90;86;87;83;7,3;3,8;
2026/08/14;2100 UTC;0;1005,3;1005,9;1005,3;185,4;15,7;13,4;15,8;15,6;13,7;13,4;88;86;87;75;7;3,9;
2026/08/14;2200 UTC;0;1005,8;1005,8;1005,1;20,9;15,1;13,5;15,7;15;13,6;13,4;91;86;90;61;7,9;1,4;
2026/08/14;2300 UTC;0;1005,6;1005,9;1005,5;0;15;13,7;15,2;15;13,7;13,5;92;90;91;106;4,8;2,7;
2026/08/15;0000 UTC;0;1006,2;1006,2;1005,5;0;15;13,8;15,3;15;13,9;13,6;93;90;93;106;5,3;1,8;
2026/08/15;0100 UTC;0;1006,3;1006,3;1006;0;15,2;14,1;15,3;14,9;14,1;13,8;94;92;93;96;4,4;2,3;
2026/08/15;0200 UTC;0;1006,2;1006,4;1006,2;0;15,3;14,5;15,3;15,2;14,5;14,1;95;93;95;100;5,1;3,2;
2026/08/15;0300 UTC;0;1005,9;1006,3;1005,9;0;15,2;14,5;15,3;15,2;14,5;14,4;96;95;96;90;5,8;3,5;
2026/08/15;0400 UTC;0;1005,7;1005,8;1005,6;0;15,3;14,8;15,4;15,2;14,8;14,5;97;96;97;88;6,4;3,1;
2026/08/15;0500 UTC;0;1005,8;1005,9;1005,6;0;15,3;14,8;15,3;15,3;14,9;14,8;97;97;97;92;5,8;3,2;
2026/08/15;0600 UTC;0;1005,3;1005,8;1005,3;0;15,2;14,7;15,3;15,2;14,8;14,7;97;97;97;95;7,7;4,3;
2026/08/15;0700 UTC;0;1004,4;1005;1004,3;0;14,9;14,6;15,1;14,9;14,7;14,5;98;97;98;88;7,5;3,2;
2026/08/15;0800 UTC;0;1004,1;1004,1;1003,9;0;15;14,6;15;14,9;14,6;14,6;98;97;98;81;5,8;3;
2026/08/15;0900 UTC;0;1003,9;1004,1;1003,8;0;14,9;14,6;15;14,9;14,7;14,6;98;98;98;93;5,8;3,3;
2026/08/15;1000 UTC;0;1004,1;1004,1;1003,9;0;14,9;14,7;14,9;14,9;14,7;14,6;99;98;99;94;5,1;3,1;
2026/08/15;1100 UTC;0;1004,2;1004,3;1004;36,5;15;14,7;15;14,9;14,7;14,7;99;98;98;96;6,5;3,9;
2026/08/15;1200 UTC;0;1004,2;1004,3;1004,1;315,2;15,6;15;15,6;15;15;14,7;98;96;96;90;6,1;3,6;
2026/08/15;1300 UTC;0;1003,8;1004,3;1003,8;663,3;16,6;15,4;16,6;15,6;15,5;14,9;96;93;93;104;7,1;4,1;
2026/08/15;1400 UTC;0;1004,5;1004,6;1003,7;685,7;17,4;15,7;17,4;16,6;16;15,4;93;89;90;89;7,5;2,5;
2026/08/15;1500 UTC;0;1003,9;1004,5;1003,9;563,1;17,9;16,1;17,9;17,4;16,3;15,6;92;88;89;88;4,2;2,5;
2026/08/15;1600 UTC;0;1003;1003,9;1003;722,2;19;16,7;19;17,9;16,7;15,9;90;85;87;85;4,7;3;
2026/08/15;1700 UTC;0;1002;1003;1002;1801,4;20,5;17,4;20,6;19,1;17,6;16,4;87;79;83;70;5,1;2,2;
2026/08/15;1800 UTC;0;1001;1002;1001;787,6;20,4;17,6;20,5;20,1;17,7;16,9;85;80;84;69;4,3;2,5;
2026/08/15;1900 UTC;0;1000,2;1001;1000,1;1274,3;21,3;18,2;21,6;20,5;18,4;17,6;85;79;83;63;5,2;2,6;
2026/08/15;2000 UTC;0;999,5;1000,2;999,4;487,6;21;18,4;21,5;21;18,7;18,1;86;82;85;75;4,6;2,6;
2026/08/15;2100 UTC;0;999,3;999,6;999,3;204,7;20,1;18,3;21;20,1;18,6;18,3;90;85;90;87;4,8;2,6;
2026/08/15;2200 UTC;0;999,5;999,5;999,3;6,5;19,5;18,2;20,1;19,3;18,3;18,2;93;90;92;86;5,1;2,9;
2026/08/15;2300 UTC;0;999,5;999,8;999,5;0;19,3;18,3;19,6;19,3;18,3;18,2;94;92;94;98;5,2;3,3;
2026/08/16;0000 UTC;0;999,6;999,7;999,4;0;19,2;18,3;19,2;19,1;18,3;18,2;95;94;94;110;5,6;3,4;
2026/08/16;0100 UTC;0;999,7;1000;999,5;0;19;18,2;19,3;19;18,3;18,2;95;94;95;121;6,1;3,4;
2026/08/16;0200 UTC;0;999,4;999,8;999,4;0;19,2;18,2;19,2;19;18,2;18,2;95;94;94;112;6,9;4,6;
2026/08/16;0300 UTC;0;999,4;999,8;999,4;0;19,3;18,2;19,3;19,1;18,2;18,2;94;93;93;103;7;4,5;
2026/08/16;0400 UTC;0;999,4;999,5;999,4;0;19,3;18,3;19,4;19,2;18,3;18,2;94;93;94;94;6,4;3,8;
2026/08/16;0500 UTC;0;999,2;999,4;999,2;0;19,4;18,5;19,4;19,4;18,5;18,3;94;94;94;89;6,5;3,1;
2026/08/16;0600 UTC;0;998,3;998,7;998,3;0;19,8;18,9;19,9;19,7;18,9;18,6;95;93;94;84;5,4;2,7;
2026/08/16;0700 UTC;0;997,6;998,4;997,6;0;19,8;19;19,8;19,4;19;18,7;96;94;95;91;4,8;2,1;
2026/08/16;0800 UTC;0;996,8;997,6;996,8;0;19,8;19;20;19,1;19,1;18,6;98;94;95;87;4,1;2,4;
2026/08/16;0900 UTC;0;996,4;996,7;995,9;0;20,7;19,4;20,9;19,8;19,4;19;95;91;92;73;4,7;1,2;
2026/08/16;1000 UTC;0;997;998,1;996,6;0;19,7;19,2;20,6;19,5;19,3;18,9;98;92;97;35;4,4;1,6;
2026/08/16;1100 UTC;0;997;997,3;996,7;33,4;21;19,9;21;19,6;19,9;19,1;97;93;93;19;4,7;2,2;
2026/08/16;1200 UTC;,8;997,5;997,6;997,1;65,9;22;19,8;22;21;19,8;18,9;93;85;88;39;7;3,1;
2026/08/16;1300 UTC;1,4;997,4;997,8;997,4;159,9;22;20,7;22;21,4;20,7;19,9;94;88;92;41;6,3;2,3;
2026/08/16;1400 UTC;,8;997,4;997,8;997,3;343,6;22,8;21;22,8;22;21,1;20,7;93;89;90;24;5,5;2,8;
2026/08/16;1500 UTC;0;997,4;997,4;997;499,8;23,9;20,8;24;22,8;21,3;20,5;90;82;83;354;7;2,9;
2026/08/16;1600 UTC;0;997,4;997,6;997,3;454,3;24,8;20,9;24,8;23,8;21,6;20,7;86;79;79;334;4;1,8;
2026/08/16;1700 UTC;0;996,6;997,3;996,6;765,5;25,4;21,2;25,4;24,8;21,6;20,7;81;76;78;47;3,5;1,1;
2026/08/16;1800 UTC;0;996,1;996,7;996,1;1636,3;26,7;22,8;26,7;25,3;23;21,6;83;75;79;106;5,3;3,4;
2026/08/16;1900 UTC;0;995,7;996,1;995,7;1232,3;27,7;22,9;27,7;26,5;23;21,9;79;73;75;76;5,1;2,2;
2026/08/16;2000 UTC;0;995,8;995,8;995,6;708,9;25,4;22,5;27,9;25,3;23,6;22,2;84;73;84;103;7,2;3,7;
2026/08/16;2100 UTC;0;995,8;995,9;995,6;165,4;23,8;21,8;25,4;23,8;22,5;21,8;89;83;89;98;6,5;3,5;
2026/08/16;2200 UTC;0;996,1;996,2;995,8;7,8;22,5;20,7;23,8;22,5;21,8;20,7;90;88;90;95;6,9;4,3;
2026/08/16;2300 UTC;0;996,6;996,6;996,1;0;21,7;20,2;22,5;21,7;20,7;20,2;92;90;92;99;7,3;4;
2026/08/17;0000 UTC;0;997,2;997,2;996,6;0;20,8;19,7;21,7;20,8;20,2;19,7;93;91;93;94;6,6;3,3;
2026/08/17;0100 UTC;0;997,3;997,3;997,1;0;20,6;19,5;20,7;20,5;19,7;19,5;95;93;93;89;6;2,7;
2026/08/17;0200 UTC;0;997,3;997,4;997;0;20,6;19,5;20,7;20,4;19,5;19,4;94;93;93;90;4,2;1,4;
2026/08/17;0300 UTC;0;997,2;997,4;997,2;0;20,3;19,4;20,6;20,1;19,5;19,3;96;93;95;77;3,6;2,1;
2026/08/17;0400 UTC;0;997,3;997,4;997,2;0;20;19,4;20,8;20;19,7;19,3;96;93;96;124;3,9;1,5;
2026/08/17;0500 UTC;0;997,1;997,3;996,9;0;20,4;19,5;20,6;20;19,7;19,4;96;94;94;121;4,1;1,8;
2026/08/17;0600 UTC;0;996,7;997,2;996,7;0;20,4;19,4;20,8;20,3;19,7;19,4;95;93;94;122;4;2,4;
2026/08/17;0700 UTC;0;996,1;996,7;996,1;0;20,2;19,2;20,4;19,8;19,4;19,1;95;94;94;115;4,4;1,8;
2026/08/17;0800 UTC;0;995,3;996,1;995,3;0;21,4;19,2;21,5;20,1;19,3;19,1;94;87;87;56;4,2;2,1;
2026/08/17;0900 UTC;0;995,1;995,4;994,9;0;22,1;19,4;22,2;21,4;19,5;19,2;88;84;85;33;7,3;3,5;
2026/08/17;1000 UTC;0;995,6;995,6;995,1;0;21,8;19,2;22,1;21,6;19,4;19,2;86;85;85;22;6,7;2,7;
2026/08/17;1100 UTC;0;996,5;996,5;995,5;21,5;22,1;19,2;22,1;21,7;19,2;19,1;86;83;84;67;4,6;1,5;
2026/08/17;1200 UTC;0;997,4;997,4;996,5;86;22,4;19;22,4;21,4;19,5;18,9;88;81;81;18;4;1,9;
2026/08/17;1300 UTC;0;997,6;997,7;997,4;689,3;25;19,4;25;22,4;19,9;18,7;82;71;71;5;6,7;4,3;
2026/08/17;1400 UTC;0;998,2;998,2;997,6;1455,6;26,9;19,6;26,9;25,1;20,5;19,2;74;63;64;339;8,7;4;
2026/08/17;1500 UTC;0;998,4;998,4;998,2;1159,8;27,8;19,7;27,8;26,9;20,2;19;66;61;61;338;9,7;4,1;
2026/08/17;1600 UTC;0;997,9;998,5;997,9;2041,6;28,8;19,8;29,6;27,8;21,8;19,5;67;55;58;324;9,1;5;
2026/08/17;1700 UTC;0;996,6;997,8;996,6;1723,6;28,7;20,3;29,6;28,5;21,2;19,1;62;53;60;326;9,5;5,7;
2026/08/17;1800 UTC;0;996,2;996,6;996,1;1554,6;30,2;19,9;30,2;28,7;21,3;19,2;64;52;54;340;8,5;5,7;
2026/08/17;1900 UTC;0;996,2;996,5;996,2;1497,3;30,1;19,6;30,5;29;21,1;19,3;62;52;53;337;8,8;5,6;
2026/08/17;2000 UTC;0;996,4;996,4;996,1;808,1;28,5;21,3;30,1;28,5;21,3;19,7;65;54;65;333;7,3;2,8;
2026/08/17;2100 UTC;0;996,8;996,9;996,4;310,6;27,6;21,4;29,1;27,6;22;20,5;70;61;69;356;4,7;1,2;
2026/08/17;2200 UTC;0;997,9;997,9;996,8;5,8;24,8;21,5;27,5;24,6;22,3;21,3;86;70;82;274;1,4;,2;
2026/08/17;2300 UTC;0;998,3;998,4;997,8;0;23,6;21,5;24,8;23,6;22;21,4;89;83;88;62;1,4;,5;
2026/08/18;0000 UTC;0;998,4;998,5;998,3;0;23;21,2;24,3;23;21,6;20,8;90;82;90;20;1,8;1;
2026/08/18;0100 UTC;0;998,1;998,4;997,9;0;22,8;21;24,3;22,7;21,1;20,3;91;79;90;101;3,3;2,1;
2026/08/18;0200 UTC;0;999;999;998,1;0;21,5;21;23,2;21,5;21,5;20,9;97;89;97;173;3,2;,9;
2026/08/18;0300 UTC;0;1000,3;1000,6;999,1;0;22,3;20,6;22,8;21,4;21,2;20,2;98;87;90;206;6,7;2,9;
2026/08/18;0400 UTC;0;999,9;1001;999,9;0;21,5;20,7;22,3;21,5;21;20,5;95;90;95;133;6,7;2,2;
2026/08/18;0500 UTC;0;999,6;1000;999,5;0;20,9;19,9;21,5;20,9;20,7;19,9;95;93;94;113;6;3,6;
2026/08/18;0600 UTC;0;998,8;999,6;998,8;0;20,3;19,6;20,9;20,3;19,9;19,6;96;93;96;85;6,1;2,9;
2026/08/18;0700 UTC;0;998,4;998,8;998,1;0;20,2;19,3;20,3;20,2;19,6;19,3;96;95;95;57;7,3;3,2;
2026/08/18;0800 UTC;0;1000,2;1000,3;998,5;0;19,3;19,1;20,2;19,3;19,4;19;98;95;98;253;4,9;1,2;
2026/08/18;0900 UTC;0;1001,1;1001,2;1000,2;0;19,1;19;19,3;18,8;19,1;18,6;100;98;100;219;3,5;1,5;
2026/08/18;1000 UTC;0;1001,4;1001,6;1000,6;0;18,8;18,8;19,3;18,7;19,2;18,7;100;99;100;189;2,2;1;
2026/08/18;1100 UTC;0;1002;1002,2;1001,2;23,2;18,9;18,9;19;18,6;19;18,6;100;100;100;241;2,1;1,4;
2026/08/18;1200 UTC;0;1002,5;1002,7;1001,9;148,6;19,1;18,7;19,1;18,8;19;18,6;100;97;98;224;2,8;1,7;
2026/08/18;1300 UTC;0;1002,9;1003;1002,1;606,6;20,9;19,7;20,9;19,1;19,7;18,7;98;91;93;70;2,1;,5;
2026/08/18;1400 UTC;0;1003,8;1003,8;1002,6;1035,9;21,7;20;22,1;20,9;20,5;19,4;93;86;90;266;4,1;2,6;
2026/08/18;1500 UTC;0;1002,8;1004,3;1002;994,3;21,7;19,8;22,5;21,3;20,6;19,4;92;84;89;235;7,1;4;
2026/08/18;1600 UTC;0;1003;1003,3;1002,7;1130,3;21,4;20,1;22,2;21,4;20,8;19,8;93;89;93;242;6,1;3,9;
2026/08/18;1700 UTC;0;1002,6;1003;1002,5;1154,5;22;20,1;22,3;21,4;20,5;19,7;92;86;89;253;6;3,8;
2026/08/18;1800 UTC;,8;1004,1;1004,8;1002,6;375,3;18,4;17,6;22;18,4;20,3;17,6;97;88;95;265;13,9;6,8;
2026/08/18;1900 UTC;0;1003,1;1004,1;1002,8;342,5;17,8;17,1;18,3;17,7;17,7;16,8;97;93;96;221;9,5;2,7;
2026/08/18;2000 UTC;0;1003,1;1004,2;1003,1;192,2;17,4;16,8;17,8;17,3;17,2;16,5;97;95;96;233;7,5;4,2;
2026/08/18;2100 UTC;0;1005,2;1005,2;1002,6;86,9;17,1;16,3;17,4;17,1;16,9;16,3;97;94;95;260;7,6;4,8;
2026/08/18;2200 UTC;0;1004,3;1005,4;1004,2;3,2;16;15,6;17,1;16;16,4;15,6;98;95;97;210;8;4,1;
2026/08/18;2300 UTC;0;1005,3;1005,7;1004,3;0;16;15,6;16,1;16;15,7;15,4;98;97;97;335;3,9;,6;
2026/08/19;0000 UTC;0;1006,4;1006,4;1004,5;0;15,9;15,8;16;15,9;15,8;15,5;99;97;99;268;4,1;2;
2026/08/19;0100 UTC;0;1005,7;1006,5;1005,4;0;15,7;15,7;15,9;15,7;15,9;15,7;100;100;100;111;4;1;
2026/08/19;0200 UTC;0;1006,3;1006,8;1005,8;0;15,7;15,7;15,8;15,7;15,8;15,7;100;100;100;265;3,4;1,7;
2026/08/19;0300 UTC;0;1006,4;1006,4;1005,9;0;15,2;15,2;15,7;15,2;15,7;15,2;100;100;100;286;4;3;
2026/08/19;0400 UTC;0;1006,6;1006,7;1006,2;0;15,1;15,1;15,2;15;15,2;15;100;100;100;306;4,2;2,8;
2026/08/19;0500 UTC;0;1006,2;1006,6;1006,2;0;15,1;15,1;15,1;15;15,1;15;100;100;100;278;3,9;1,4;
2026/08/19;0600 UTC;0;1006,4;1006,4;1006,2;0;14,9;14,9;15;14,9;15;14,9;100;100;100;337;3,6;2;
2026/08/19;0700 UTC;0;1006;1006,4;1005,7;0;14,7;14,7;14,9;14,7;14,9;14,7;100;100;100;278;3,4;2,1;
2026/08/19;0800 UTC;0;1006,4;1006,5;1006;0;14,5;14,5;14,6;14,4;14,6;14,4;100;100;100;278;3,6;1,9;
2026/08/19;0900 UTC;0;1006,4;1006,7;1006;0;14,3;14,3;14,5;14,3;14,5;14,3;100;100;100;241;3,4;1,8;
2026/08/19;1000 UTC;0;1006,7;1006,9;1006,3;0;14;14;14,2;14;14,2;14;100;100;100;74;1,2;,4;
2026/08/19;1100 UTC;,2;1006,8;1007,1;1006,5;36,2;14,2;14,2;14,2;13,9;14,2;13,9;100;100;100;140;1,9;,7;
2026/08/19;1200 UTC;0;1007,9;1007,9;1006,5;250,8;14,8;14,8;14,8;14,1;14,8;14,1;100;100;100;213;1,8;,6;
2026/08/19;1300 UTC;0;1008;1008,2;1007,9;350,3;15,4;15;15,4;14,8;15;14,7;100;97;98;53;3,4;1,5;
2026/08/19;1400 UTC;0;1007,4;1008,2;1007,4;248,6;15,6;15,2;15,6;15,3;15,3;14,9;98;97;97;82;4,8;2,3;
2026/08/19;1500 UTC;0;1008,1;1008,1;1007,4;529,9;16;15,4;16,4;15,6;15,7;15,2;98;94;96;11;4,1;2,6;
2026/08/19;1600 UTC;0;1006,9;1008;1006,9;245,2;16,1;15,4;16,2;16;15,7;15;97;94;96;52;4,1;1,7;
2026/08/19;1700 UTC;,8;1006,3;1006,9;1006,3;215,9;16,1;15,7;16,2;16;15,9;15,4;98;96;98;43;4,3;1,3;
2026/08/19;1800 UTC;,6;1006;1006,4;1006;346,8;16,6;16,1;16,7;16,1;16,5;15,7;99;96;97;61;3,5;1,8;
2026/08/19;1900 UTC;,6;1005,5;1006;1005,3;126,1;16,5;16,3;16,7;16,5;16,5;16,1;99;97;99;75;3,5;1,5;
2026/08/19;2000 UTC;4,5;1005,9;1006,2;1005,5;32,5;16,4;16,4;16,5;16,4;16,5;16,3;100;99;100;24;2,3;1,2;
2026/08/19;2100 UTC;3,2;1004,4;1005,9;1004,4;17,1;16,4;16,4;16,4;16,3;16,4;16,3;100;100;100;122;1,4;1,1;
2026/08/19;2200 UTC;0;1004,1;1004,5;1004,1;,9;16,4;16,4;16,4;16,4;16,4;16,4;100;100;100;122;1,1;1,1;
2026/08/19;2300 UTC;,6;1004,6;1004,6;1003,6;0;16,5;16,5;16,5;16,5;16,5;16,5;100;100;100;120;3,8;3,3;
2026/08/20;0000 UTC;2;1004,4;1004,9;1004,1;0;16,5;16,5;16,6;16,5;16,6;16,5;100;100;100;120;3,3;3,3;
2026/08/20;0100 UTC;0;1004,8;1004,8;1004,1;0;16,6;16,6;16,6;16,6;16,6;16,6;100;100;100;0;0;0;
2026/08/20;0200 UTC;1,4;1003,2;1004,8;1003;,5;16;15,9;16,6;15,6;16,6;15,4;100;99;99;167;6,2;2,4;
2026/08/20;0300 UTC;4,1;1004;1004;1002,7;0;16,1;16,1;16,1;16;16,1;15,9;100;99;100;246;8;3,4;
2026/08/20;0400 UTC;7,5;1002,9;1004;1002,3;1,3;14,1;13,9;16,1;14,1;16,1;13,9;100;98;99;226;10,3;4,9;
2026/08/20;0500 UTC;6,5;1002,4;1004,2;1002,1;0;13,3;13,2;14,1;13,3;14;13,1;100;99;99;229;11,4;5,3;
2026/08/20;0600 UTC;1,8;1001,9;1002,3;1001,8;0;13,3;13,2;13,3;13,3;13,2;13,2;100;99;99;165;6,6;3,8;
2026/08/20;0700 UTC;2;1001,3;1001,8;1000,7;0;13,6;13,6;13,7;13,5;13,7;13,4;100;99;100;308;6,7;2,8;
2026/08/20;0800 UTC;1,2;1001,3;1001,3;1000,7;0;13,5;13,5;13,6;13,5;13,6;13,5;100;100;100;297;7,2;5,2;
2026/08/20;0900 UTC;,4;1001,2;1001,3;1000,5;0;12,9;12,9;13,5;12,9;13,5;12,9;100;100;100;287;7,4;4,8;
2026/08/20;1000 UTC;,8;1000,9;1001,2;1000,9;0;12,7;12,6;12,9;12,7;12,9;12,5;100;99;99;279;7,8;4;
2026/08/20;1100 UTC;0;1001,6;1001,6;1000,8;24;12,9;12,9;12,9;12,7;12,9;12,6;100;99;100;289;7,3;4,2;
2026/08/20;1200 UTC;1,2;1001,7;1002;1001,6;187,4;13,2;13,2;13,2;12,9;13,2;12,9;100;100;100;311;7,4;4,9;
2026/08/20;1300 UTC;,2;1002;1002;1001,4;499,9;13,4;13,3;13,6;13,2;13,5;13,1;100;99;99;302;8,7;6,3;
2026/08/20;1400 UTC;,2;1001,8;1002;1001,7;905,6;14;13,3;14,5;13,4;13,8;13,2;100;93;95;306;10;7;
2026/08/20;1500 UTC;0;1001,2;1001,9;1001,2;1063,9;14,5;13,5;14,5;13,8;13,8;12,9;98;93;94;300;11,1;6,9;
2026/08/20;1600 UTC;0;1001,2;1001,3;1001;1173,2;13,8;13,1;15,3;13,8;13,6;12,7;96;86;96;297;11,6;7,2;
2026/08/20;1700 UTC;,2;1000,6;1001,2;1000,6;1195,2;14;13,1;14,8;13,4;13,6;12,6;98;90;94;292;12,7;7,7;
2026/08/20;1800 UTC;0;999,9;1000,6;999,8;1843,2;15,2;12,6;15,8;13,8;14,1;12,2;96;81;84;298;12,7;8,6;
2026/08/20;1900 UTC;,2;999,9;1000;999,8;706,7;13,9;12,1;15,5;13,9;12,9;11,5;89;82;89;298;13;7,8;
2026/08/20;2000 UTC;0;1000,4;1000,4;1000;435;13,5;12,8;14,2;13,1;13;12;98;87;95;297;11,8;7,1;
2026/08/20;2100 UTC;0;1000,9;1000,9;1000,4;163;13,1;12,4;13,5;13;12,8;12,3;98;94;96;300;11,5;7;
2026/08/20;2200 UTC;0;1001,4;1001,4;1000,9;3,1;12,8;12,7;13,3;12,8;12,8;12,2;99;93;99;287;11,4;6,6;
2026/08/20;2300 UTC;,2;1001,8;1002,1;1001,3;0;12,1;11,8;12,9;12,1;12,8;11,8;100;97;98;239;10;6,1;
2026/08/21;0000 UTC;0;1003,5;1003,6;1001,8;0;10,6;10,4;12;10,6;11,8;10,1;99;95;98;238;10,1;6,2;
2026/08/21;0100 UTC;0;1004,4;1004,5;1003,4;0;10,5;9,9;10,6;10,4;10,5;9,6;100;94;96;241;8,8;4;
2026/08/21;0200 UTC;0;1005,3;1005,3;1004,4;0;9,1;8,9;10,5;9,1;9,9;8,9;99;95;98;251;5,3;1,5;
2026/08/21;0300 UTC;0;1005,8;1006;1005,6;0;8,2;8;8,9;8,2;8,8;7,9;100;98;98;236;4,3;3,2;
2026/08/21;0400 UTC;0;1005,8;1005,9;1005,6;0;7,7;7,6;8,2;7,6;7,9;7,4;99;98;99;262;4,4;2,2;
2026/08/21;0500 UTC;0;1005,8;1006;1005,8;0;7,3;7,3;7,7;7,3;7,6;7,3;100;99;100;265;3;2,6;
2026/08/21;0600 UTC;0;1005,2;1005,6;1005,2;0;6,6;6,6;7;6,6;7;6,6;100;100;100;264;2,7;2,7;
2026/08/21;0700 UTC;0;1005,6;1005,6;1005,1;0;6,5;6,5;6,7;6,3;6,7;6,3;100;100;100;264;2,7;2,7;
2026/08/21;0800 UTC;0;1005,4;1005,7;1005,3;0;6,6;6,6;6,7;6,4;6,7;6,4;100;100;100;264;2,7;2,7;
2026/08/21;0900 UTC;0;1005,9;1006;1005,4;0;6,3;6,3;6,9;6;6,9;6;100;100;100;264;2,7;2,7;
2026/08/21;1000 UTC;0;1006,3;1006,3;1006,1;0;6;6;6,2;6;6,2;6;100;100;100;343;1,5;,9;
2026/08/21;1100 UTC;0;1006,9;1006,9;1006,4;102,9;7,1;7,1;7,1;5,9;7,1;5,9;100;100;100;341;1,7;1,1;
2026/08/21;1200 UTC;0;1007,7;1007,7;1006,9;598,6;10,4;9,2;10,4;7,1;9,6;7,1;100;92;92;339;3;1,2;
2026/08/21;1300 UTC;0;1008,1;1008,3;1007,7;1486,1;12,2;10,6;12,2;10,5;10,6;9,1;94;86;90;155;3;,9;
2026/08/21;1400 UTC;0;1008,4;1008,5;1008,1;2197,7;13,9;10,6;14;12,4;11,2;9,8;90;77;80;245;4,3;2,1;
2026/08/21;1500 UTC;0;1009;1009;1008,4;2659,9;14,9;11,6;15,1;14;12,1;10;83;75;80;161;5,2;2,7;
2026/08/21;1600 UTC;0;1008,8;1009,2;1008,8;2439,5;15,8;11,3;16,1;14,6;12,4;10,1;84;68;74;188;5,6;3;
2026/08/21;1700 UTC;0;1008,1;1008,8;1008,1;2861,1;17,2;11,2;17,3;16;12,8;10;77;64;68;160;5,2;1,1;
2026/08/21;1800 UTC;0;1008,3;1008,3;1008;2434,7;17,1;11,9;17,8;17;12,7;10,1;74;63;71;166;4,6;2,2;
2026/08/21;1900 UTC;,2;1008,6;1008,6;1008,3;1852,3;17;9,8;17,8;16,7;12,5;9,8;74;63;63;203;5,4;2,9;
2026/08/21;2000 UTC;0;1009,4;1009,4;1008,7;1066,7;16,1;10,7;17,2;16,1;11,2;9,9;71;63;71;196;5,9;3;
2026/08/21;2100 UTC;0;1010;1010;1009,4;354,2;15,7;8,9;16,6;15,6;10,8;8,6;71;60;64;179;6,3;3,7;
2026/08/21;2200 UTC;0;1010,6;1010,6;1010;21,8;13,2;8,3;15,6;13,2;9,6;8;72;66;72;183;6,9;3,7;
2026/08/21;2300 UTC;0;1010,9;1010,9;1010,5;0;12;7,7;13,1;12;8,5;7,5;76;71;75;183;8;5,2;
2026/08/22;0000 UTC;0;1011,9;1011,9;1010,9;0;10,9;7,5;11,9;10,9;7,6;7,3;80;74;80;182;8;5,1;
2026/08/22;0100 UTC;0;1012,3;1012,3;1011,9;0;9,6;7,4;10,9;9,6;7,7;7,2;86;78;86;163;8,3;3,8;
2026/08/22;0200 UTC;0;1012,4;1012,6;1012,3;0;9,1;5,6;9,6;9,1;7,4;5,6;87;79;79;162;8;3,9;
2026/08/22;0300 UTC;0;1012,4;1012,6;1012,4;0;8,2;5,5;9,1;8,2;5,9;5,4;84;79;83;162;7,4;4;
2026/08/22;0400 UTC;0;1012,6;1012,6;1012,3;0;7,8;5,5;8,2;7,8;5,7;5,3;86;82;85;153;7;2,4;
2026/08/22;0500 UTC;0;1012,9;1013;1012,6;0;6,8;5,2;7,8;6,8;5,6;5,1;90;85;90;158;6,6;2,7;
2026/08/22;0600 UTC;0;1012,9;1013;1012,9;0;6,6;5;6,7;6,6;5,1;5;90;89;90;166;6,6;4,1;
2026/08/22;0700 UTC;;;;;;;;;;;;;;;;;;
2026/08/22;0800 UTC;;;;;;;;;;;;;;;;;;
2026/08/22;0900 UTC;;;;;;;;;;;;;;;;;;
2026/08/22;1000 UTC;;;;;;;;;;;;;;;;;;
2026/08/22;1100 UTC;;;;;;;;;;;;;;;;;;
2026/08/22;1200 UTC;;;;;;;;;;;;;;;;;;
2026/08/22;1300 UTC;;;;;;;;;;;;;;;;;;
2026/08/22;1400 UTC;;;;;;;;;;;;;;;;;;
2026/08/22;1500 UTC;;;;;;;;;;;;;;;;;;
2026/08/22;1600 UTC;;;;;;;;;;;;;;;;;;
2026/08/22;1700 UTC;;;;;;;;;;;;;;;;;;
2026/08/22;1800 UTC;;;;;;;;;;;;;;;;;;
2026/08/22;1900 UTC;;;;;;;;;;;;;;;;;;
2026/08/22;2000 UTC;;;;;;;;;;;;;;;;;;
2026/08/22;2100 UTC;;;;;;;;;;;;;;;;;;
2026/08/22;2200 UTC;;;;;;;;;;;;;;;;;;
2026/08/22;2300 UTC;;;;;;;;;;;;;;;;;;
2026/08/23;0000 UTC;;;;;;;;;;;;;;;;;;
2026/08/23;0100 UTC;0;1011,8;1011,8;1011,6;0;7,3;5,4;9,4;7,3;5,8;3,6;89;68;88;127;3,4;1,1;
2026/08/23;0200 UTC;0;1011,9;1012;1011,8;0;8;3,9;8;7,2;5,6;3,8;89;75;75;154;3,5;1,4;
2026/08/23;0300 UTC;0;1012;1012;1011,8;0;7,3;4,4;8;7,3;4,6;3,7;82;75;82;150;4,1;1,2;
2026/08/23;0400 UTC;0;1012,1;1012,2;1012;0;7,2;3,9;7,4;6,6;4,8;3,7;87;77;80;152;4,1;1,7;
2026/08/23;0500 UTC;0;1012,1;1012,2;1012,1;0;7;4,2;7,3;7;4,4;3,8;82;79;82;141;4,4;1;
2026/08/23;0600 UTC;0;1011,3;1012;1011,3;0;6,9;3,9;7,1;6,1;4,4;3,7;89;80;81;152;4,6;1,8;
2026/08/23;0700 UTC;0;1011,2;1011,3;1011;0;5,8;3,6;6,8;5,8;4,3;3,4;87;81;86;120;3,6;2,4;
2026/08/23;0800 UTC;0;1011,2;1011,3;1011;0;5,2;3,4;5,9;5,2;4;3,3;89;84;88;119;3,8;2;
2026/08/23;0900 UTC;0;1011,6;1011,7;1011,1;0;5,7;3,3;5,7;4,9;3,6;3,2;91;84;84;129;4,5;2,6;
2026/08/23;1000 UTC;0;1012,3;1012,3;1011,6;0;5,1;3,2;5,7;5;3,3;2,9;88;84;88;130;4;1,5;
2026/08/23;1100 UTC;0;1013,1;1013,1;1012,3;131;6,4;3,8;6,4;5,1;3,8;3;88;81;83;120;3,6;2;
2026/08/23;1200 UTC;0;;;;;;;;;;;;;;101;3,2;2,7;
2026/08/23;1300 UTC;0;1013,8;1013,8;1013,5;1637,7;11,1;5,7;11,1;9,3;5,7;4,1;75;64;69;114;7,5;4,1;
2026/08/23;1400 UTC;0;1014;1014;1013,8;2277;13;2,7;13,1;11,2;6;2,7;69;49;49;113;7,6;3,5;
2026/08/23;1500 UTC;0;1013,3;1014;1013,3;2712,8;14,4;4,3;14,6;12,9;5,6;1,8;59;46;50;123;6,8;2,6;
2026/08/23;1600 UTC;0;1012,5;1013,2;1012,5;2908,3;15,4;3;15,6;14,2;5,3;1,4;52;39;43;107;6,7;3,7;
2026/08/23;1700 UTC;0;1012,1;1012,5;1012,1;2877,5;16,1;3,1;16,2;15,2;5,1;1,1;49;37;42;129;7,2;2,3;
2026/08/23;1800 UTC;0;1011,3;1011,9;1011,2;2500,9;16,8;2,3;16,9;16,1;3,7;-,6;44;31;38;121;5,5;1,8;
2026/08/23;1900 UTC;0;1010,9;1011,3;1010,9;1930,6;16,7;,2;17,2;16,3;4,1;-1,7;43;28;33;74;4,3;1,9;
2026/08/23;2000 UTC;0;1011,1;1011,1;1010,9;1313,1;16,6;0;17,1;16,5;4,1;-1,1;42;30;32;89;3,8;1,9;
2026/08/23;2100 UTC;0;1011,5;1011,6;1011,1;522,6;14,7;3,2;16,7;14,7;3,9;0;47;32;46;114;3,7;1,8;
2026/08/23;2200 UTC;0;1011,8;1011,8;1011,5;21,3;11,9;4,7;14,8;11,9;5;2,1;61;42;61;111;2,5;1,5;
2026/08/23;2300 UTC;0;1012,2;1012,3;1011,8;0;9,6;5,2;11,8;9,1;6,9;3,8;83;58;74;104;2,3;1,7;
2026/08/24;0000 UTC;0;1012;1012,3;1012;0;10,4;3,9;10,4;9,6;6,1;3,8;78;64;64;100;4,4;2,7;
2026/08/24;0100 UTC;0;1012,2;1012,2;1011,9;0;9,3;4,1;10,5;9;4,4;3,6;71;64;69;104;4,2;2,5;
2026/08/24;0200 UTC;0;1012,7;1012,7;1012,2;0;7,9;4,5;9,7;7,9;4,8;3,2;80;64;79;99;3,7;1,6;
2026/08/24;0300 UTC;0;1012,6;1012,8;1012,6;0;6,7;4,3;7,9;6,6;4,6;3,7;86;75;85;119;2,7;1,5;
2026/08/24;0400 UTC;0;1012,3;1012,7;1012,3;0;7,6;3,2;7,6;5,4;4,7;3,2;91;74;74;114;3,6;2,1;
2026/08/24;0500 UTC;0;1012;1012,3;1012;0;7,2;3,6;7,6;7,1;4,1;3,2;80;74;78;119;4;2,8;
2026/08/24;0600 UTC;0;1011,5;1012;1011,5;0;6,7;4,1;7,2;6,7;4,3;3,5;84;77;84;116;4,4;2,6;
2026/08/24;0700 UTC;0;1011,3;1011,6;1011,1;0;6,2;4;6,8;6,2;4,2;3,9;86;83;85;125;4,8;2,1;
2026/08/24;0800 UTC;0;1011,8;1011,8;1011,3;0;5,7;3,9;6,2;5,7;4;3,7;89;85;89;124;3,7;2,3;
2026/08/24;0900 UTC;0;1012,2;1012,2;1011,7;0;5,6;4,4;5,8;5,6;4,4;3,9;92;89;92;122;4,1;2,9;
2026/08/24;1000 UTC;0;1013,1;1013,1;1012,2;0;5,7;4,4;6;5,6;4,5;4,2;92;89;92;128;4,7;2,5;
2026/08/24;1100 UTC;0;1013,3;1013,4;1013,2;134,1;7,2;4,8;7,2;5,6;4,8;4,2;91;85;85;122;4,6;3,2;
2026/08/24;1200 UTC;0;1013,7;1013,7;1013,3;694,9;8,9;5,8;8,9;7,3;6;4,7;87;80;81;104;6,4;3,6;
2026/08/24;1300 UTC;0;1013,6;1013,7;1013,4;1434,8;11,1;6,8;11,2;8,9;7;5,4;83;72;75;87;7;4;
2026/08/24;1400 UTC;0;1013,3;1013,7;1013,3;1911;13,2;6,8;13,2;11,2;7,5;6,1;76;64;65;110;8,2;4,9;
2026/08/24;1500 UTC;0;1012,4;1013,3;1012,4;2277,1;14,5;6,7;14,6;13,2;7,6;6,2;66;57;60;111;8,3;4,6;
2026/08/24;1600 UTC;0;1011,5;1012,4;1011,5;2068,1;14,9;6,2;15,1;14,5;7,9;6;64;56;56;109;7,8;4,3;
2026/08/24;1700 UTC;0;1010;1011,5;1010;2305,9;15,9;6,3;16;14,8;7,7;5,3;60;50;53;104;7,6;3,2;
2026/08/24;1800 UTC;0;1009,2;1010;1009,1;2123;16,7;6,8;16,7;15,8;8,6;6;61;51;52;103;6,4;2,6;
2026/08/24;1900 UTC;0;1008,9;1009,3;1008,9;1861,8;16,8;6,8;17;16,3;8,3;6,5;57;52;52;104;6;3,3;
2026/08/24;2000 UTC;0;1009,2;1009,2;1008,9;1081,9;15,8;6,7;16,9;15,8;8,8;5,7;59;50;55;110;6,7;3,5;
2026/08/24;2100 UTC;0;1008,6;1009,2;1008,6;358,8;14,4;7;15,7;14,3;7,9;6,2;61;54;61;106;5,9;2,9;
2026/08/24;2200 UTC;0;1008,5;1008,6;1008,3;28,3;12,2;7,5;14,4;12,2;7,7;6,6;73;60;73;86;4,7;1,9;
2026/08/24;2300 UTC;0;1009,5;1009,5;1008,5;0;10;7,1;12,2;9,9;8,1;7,1;88;72;82;120;2,7;1,9;
2026/08/25;0000 UTC;0;1009,4;1009,8;1009,4;0;9,6;7,1;10,3;9,6;7,3;6,9;85;79;84;98;3,7;2,2;
2026/08/25;0100 UTC;0;1009,5;1009,5;1009,2;0;8,6;6,7;9,8;8,3;7;6,6;90;81;88;124;3;1,7;
2026/08/25;0200 UTC;0;1009,4;1009,9;1009,4;0;8,4;6,7;8,8;8,3;6,9;6,6;91;86;89;114;3,1;2,1;
2026/08/25;0300 UTC;0;1009;1009,8;1009;0;8;6,6;8,3;7,9;6,9;6,5;93;89;91;127;3,8;1,7;
2026/08/25;0400 UTC;0;1008,3;1009;1008,3;0;7,9;6,4;8;7,8;6,7;6,4;92;90;91;133;5,8;3;
2026/08/25;0500 UTC;0;1007,9;1008,3;1007,8;0;7,4;6,1;8;7,3;6,5;6,1;93;90;92;124;5,9;3,7;
2026/08/25;0600 UTC;0;1007,4;1007,8;1007,4;0;7,1;6,2;7,3;7,1;6,2;6;94;92;94;111;8,2;4,4;
2026/08/25;0700 UTC;0;1007,5;1007,5;1007,2;0;7,1;6,2;7,3;7;6,3;6,1;95;93;94;112;7,9;4,8;
2026/08/25;0800 UTC;0;1006,6;1007,6;1006,6;0;7,2;6,1;7,2;7;6,3;6,1;95;93;93;103;8,9;5,8;
2026/08/25;0900 UTC;0;1006,6;1006,6;1006,1;0;7,1;6;7,2;7,1;6,2;6;94;93;93;103;9;4,8;
2026/08/25;1000 UTC;0;1007,1;1007,1;1006,5;0;6,7;5,9;7,1;6,7;6,1;5,9;95;93;95;89;6,2;3,3;
2026/08/25;1100 UTC;0;1007,5;1007,8;1007;107,1;6,8;6;6,8;6,5;6;5,8;96;94;95;110;7,4;4,1;
2026/08/25;1200 UTC;0;1007,8;1007,8;1007,2;582,7;7,8;6,5;7,9;6,8;6,7;5,9;95;90;91;91;7,8;4,4;
2026/08/25;1300 UTC;0;1008,4;1008,4;1007,8;1603,1;10,9;8,1;10,9;7,9;8,1;6,5;93;81;83;110;7,5;4,2;
2026/08/25;1400 UTC;0;1007,4;1008,5;1007,4;2230,8;12,7;8,4;12,7;10,4;8,6;7,5;84;74;75;101;7,6;4,3;
2026/08/25;1500 UTC;0;1006,7;1007,6;1006,6;2536;14,1;9;14,4;12,4;9,6;7,9;76;67;71;104;8,1;4,1;
2026/08/25;1600 UTC;0;1005,6;1006,7;1005,6;2790,2;16,6;8,5;16,6;14,2;9,8;8,3;71;59;59;97;7,1;3,9;
2026/08/25;1700 UTC;0;1004,6;1005,6;1004,6;2404,8;17,6;8;17,7;16,2;10,3;8;65;54;54;102;7,2;3,4;
2026/08/25;1800 UTC;0;1003,6;1004,6;1003,6;2417,4;18;8;19;17,5;10,1;7,8;59;49;52;76;6,7;3,6;
2026/08/25;1900 UTC;0;1003;1003,5;1003;1188,3;17,9;9,7;18,4;17,9;9,9;7,7;59;50;59;98;5,6;3,3;
2026/08/25;2000 UTC;0;1002,7;1003,1;1002,7;879,4;17;10,1;18,1;17;10,2;8,9;64;55;64;102;6,4;3,3;
2026/08/25;2100 UTC;0;1002,7;1003,1;1002,7;274,4;15,8;9,7;17,1;15,8;10,6;9,5;68;63;67;96;5,5;2,7;
2026/08/25;2200 UTC;0;1002,9;1002,9;1002,6;10,9;13,7;9,9;15,8;13,7;10,2;9,7;78;67;77;116;4,5;2,2;
2026/08/25;2300 UTC;0;1003,4;1003,5;1002,9;0;13,2;9,5;13,9;13,1;9,9;9,3;79;76;78;123;5,7;3,3;
2026/08/26;0000 UTC;0;1003,3;1003,7;1003,1;0;12,1;9,5;13,2;12,1;9,6;9,3;84;78;84;113;6,9;3,9;
2026/08/26;0100 UTC;0;1002,8;1003,5;1002,8;0;11,8;9,4;12;11,5;9,5;9,3;87;84;85;104;6,3;4,1;
2026/08/26;0200 UTC;0;1002,8;1002,8;1002,3;0;11,5;9,4;11,8;11,5;9,5;9,3;87;85;87;100;7,4;4,2;
2026/08/26;0300 UTC;0;1003,3;1003,4;1002,8;0;10,7;9,3;11,7;10,6;9,6;9,3;92;87;92;117;7,1;3,9;
2026/08/26;0400 UTC;0;1003;1003,3;1003;0;10,7;9,4;10,7;10,6;9,4;9,2;92;91;92;111;7,5;4,9;
2026/08/26;0500 UTC;0;1001,9;1002;1001,8;0;10,7;9,7;10,8;10,6;9,7;9,7;94;93;94;99;8,1;5;
2026/08/26;0600 UTC;0;1001,7;1001,9;1001,6;0;10,9;10,1;11;10,8;10,1;9,8;95;93;95;98;7,7;4,4;
2026/08/26;0700 UTC;0;1000,6;1001,7;1000,6;0;10,3;9,8;10,9;10,1;10,1;9,7;98;95;97;104;7,5;4,4;
2026/08/26;0800 UTC;0;999,9;1000,6;999,9;0;10,4;10,2;10,4;9,8;10,2;9,6;99;97;99;103;9,3;5,8;
2026/08/26;0900 UTC;0;1000,1;1000,2;999,8;0;10,5;10,4;10,6;10,4;10,5;10,2;100;99;100;109;9,1;4,6;
2026/08/26;1000 UTC;0;1000,6;1000,6;1000;0;10,4;10,4;10,5;10,4;10,4;10,4;100;100;100;106;8,1;4,7;
2026/08/26;1100 UTC;0;1000,6;1000,7;1000,5;47,6;10,6;10,6;10,6;10,4;10,6;10,4;100;100;100;99;8,3;4;
2026/08/26;1200 UTC;0;1000,8;1000,9;1000,6;440,8;11,4;11,1;11,4;11,1;11,2;10,9;99;98;98;89;7,5;4;
2026/08/26;1300 UTC;0;1000,8;1000,9;1000,7;930;13,3;11,7;13,5;11,4;12,1;11,1;98;89;90;92;7,4;3,3;
2026/08/26;1400 UTC;0;1000,3;1000,5;1000,3;1696,7;16;12,5;16;14,1;13;11,8;90;80;80;96;6,4;3;
2026/08/26;1500 UTC;0;999;1000,3;999;2663,6;19,5;14;19,5;16;14,7;12,8;82;69;71;89;6,2;3,9;
2026/08/26;1600 UTC;0;997,5;998,9;997,5;2850,5;22,3;15,7;22,3;19,4;15,8;14;74;63;66;78;6,4;4,7;
2026/08/26;1700 UTC;0;996,3;997,5;996,3;2730,4;24,6;16,2;24,6;22,4;16,5;14,6;67;58;59;78;4,7;4,7;
2026/08/26;1800 UTC;0;994,9;996,3;994,9;2022,5;25,3;17,1;25,4;24,5;17,3;15,6;61;56;61;78;4,7;4,7;
2026/08/26;1900 UTC;0;994,6;994,9;994,5;1651;25,2;16,7;26,4;25,1;17,3;16,1;60;53;59;78;4,7;4,7;
2026/08/26;2000 UTC;0;994,5;994,6;994,4;1040,6;25;17,3;25,4;24,9;17,8;16,6;64;59;62;78;4,7;4,7;
2026/08/26;2100 UTC;0;994,2;994,5;994,1;459,9;23,2;17;25;23,2;17,4;16,5;68;60;68;78;4,7;4,7;
2026/08/26;2200 UTC;0;994,2;994,2;994;23;21,6;17,3;23,2;21,6;17,3;16,9;77;68;77;92;6,7;4;
2026/08/26;2300 UTC;0;994,7;994,8;994,2;0;20,3;17,1;21,5;20,3;17,3;17;82;77;82;89;7,9;4,5;
2026/08/27;0000 UTC;0;994,7;994,7;994,6;0;19,3;17;20,3;19,3;17,1;17;87;82;87;94;7,8;4,1;
2026/08/27;0100 UTC;0;994,7;994,7;994,6;0;18,7;16,9;19,1;18,7;17;16,8;89;87;89;100;6,7;3,8;
2026/08/27;0200 UTC;0;994,9;995;994,7;0;18,4;16,8;18,7;18,3;16,9;16,8;91;89;90;101;6,6;4,2;
2026/08/27;0300 UTC;0;994,4;994,8;994,4;0;18,1;16,7;18,7;18,1;16,9;16,7;92;89;91;78;7,6;3;
2026/08/27;0400 UTC;0;994,1;994,4;994,1;0;19;16,9;19,1;18,1;17;16,7;92;87;88;58;5,5;2,5;
2026/08/27;0500 UTC;0;993,6;993,9;993,6;0;18,8;17;18,9;18,8;17;17;89;88;89;51;4,8;2,2;
2026/08/27;0600 UTC;0;993,3;993,6;993,2;0;19,7;17,3;20,2;18,7;17,5;17;90;84;86;32;5,7;2,6;
2026/08/27;0700 UTC;0;993,3;993,4;993,3;0;19,9;17,6;19,9;19,5;17,6;17,3;87;86;86;23;5,5;3;
2026/08/27;0800 UTC;0;993,3;993,4;993,3;0;20,2;17,8;20,2;19,8;17,8;17,6;87;86;86;27;6;2,9;
2026/08/27;0900 UTC;0;993,4;993,5;993,3;0;20,3;17,7;20,5;20,1;17,8;17,7;86;85;85;34;5,8;1,9;
2026/08/27;1000 UTC;0;993,4;993,7;993,3;,3;19,9;17,6;20,2;19,7;17,7;17,6;88;86;87;32;5,8;2,8;
2026/08/27;1100 UTC;0;993,3;993,7;993,3;82,1;20,5;17,6;20,5;19,9;17,7;17,6;86;84;84;10;7,5;4,5;
2026/08/27;1200 UTC;0;993,2;993,5;993,2;654,5;22,5;18,2;22,5;20,5;18,3;17,6;84;76;77;4;9,5;6,5;
2026/08/27;1300 UTC;0;992,8;993,3;992,8;858,1;23,6;18,2;23,6;22,2;18,5;17,9;79;72;72;359;11,5;6;
2026/08/27;1400 UTC;0;992,2;992,8;992,2;1750,3;25,6;18,5;25,6;23,8;18,8;17,9;72;64;65;0;9,9;7;
2026/08/27;1500 UTC;0;991,6;992,2;991,5;2584,1;27,6;19,4;27,6;25,5;19,4;18,2;66;58;61;0;7;7;
2026/08/27;1600 UTC;0;990,5;991,6;990,5;2270,2;28,6;19,6;28,6;26,9;20,1;18,5;63;58;58;0;7;7;
2026/08/27;1700 UTC;0;989,6;990,5;989,6;2661,1;29,6;19,8;29,7;28,4;20,6;19,4;61;55;56;0;7;7;
2026/08/27;1800 UTC;0;988,7;989,7;988,7;2100,6;29,5;20,2;29,9;29,2;20,5;19,5;59;54;58;0;7;7;
2026/08/27;1900 UTC;0;988,1;988,7;988,1;1750,7;29,8;20,5;30,1;29,5;21;20;59;56;57;0;7;7;
2026/08/27;2000 UTC;0;988,4;988,4;988;696,4;27,9;21,1;29,8;27,9;21,5;20,4;67;58;67;314;9,3;5,8;
2026/08/27;2100 UTC;0;989;989;988,4;181,6;26,7;20,7;27,9;26,7;21,3;20,4;70;65;70;314;9,5;4,6;
2026/08/27;2200 UTC;0;989,8;989,8;989;29,8;25,1;20,6;26,6;25,1;20,8;20,5;77;70;76;301;5,9;2;
2026/08/27;2300 UTC;0;990,3;990,3;989,7;0;24,9;20,4;25,3;24,9;20,8;20,4;77;75;76;329;2,6;1,5;
2026/08/28;0000 UTC;0;990,4;990,6;990,3;0;24,6;20,7;25,2;24,6;20,7;20,1;79;74;79;266;2,7;1,5;
2026/08/28;0100 UTC;0;990,5;990,6;990,4;0;24,6;20,5;24,7;23,7;21,2;20,4;83;78;78;35;4;1,5;
2026/08/28;0200 UTC;0;990,7;990,8;990,5;0;24,9;20,5;24,9;24,4;20,7;20,4;80;77;77;64;2,9;1,8;
2026/08/28;0300 UTC;0;990,9;991;990,7;0;24,6;20,7;24,8;23,7;20,9;20,5;84;77;79;85;3,2;1,6;
2026/08/28;0400 UTC;0;991,2;991,3;990,9;0;23;20,6;24,5;23;20,8;20,6;86;79;86;142;5,4;2,4;
2026/08/28;0500 UTC;0;990,4;991,2;990,2;0;20,6;18,9;22,9;20,6;20,6;18,9;90;87;90;127;7,2;3,8;
2026/08/28;0600 UTC;0;989,7;990,5;989,7;0;19,5;18,4;20,6;19,5;19;18,4;93;90;93;132;6,2;2,8;
2026/08/28;0700 UTC;0;988,8;989,8;988,6;0;19,2;18,3;19,4;19;18,3;18,2;96;93;95;108;6,3;2,6;
2026/08/28;0800 UTC;0;988,5;988,8;988,2;0;19,1;18,3;19,2;19;18,4;18,3;96;94;95;103;4,4;1,8;
2026/08/28;0900 UTC;,2;988,7;989,4;988,2;,2;18,8;18,4;19,4;18,8;18,5;18,3;97;94;97;134;7,3;3,5;
2026/08/28;1000 UTC;0;989,1;989,7;988,4;0;18,5;17,9;18,9;18,5;18,5;17,9;98;96;96;115;8,1;5,2;
2026/08/28;1100 UTC;,2;990,7;990,7;989;21;16,7;16,1;18,5;16,7;17,9;15,9;97;93;96;137;12;3,8;
2026/08/28;1200 UTC;0;989,8;990,7;989,7;92,2;16,3;15,5;16,7;16,1;16,1;15,3;96;94;95;106;10,2;6;
2026/08/28;1300 UTC;1,6;992,4;992,5;989,9;39,1;16;15,7;16,4;15,9;15,8;15,4;98;95;98;139;12,7;4;
2026/08/28;1400 UTC;14,2;993;993,6;991,7;45,8;16,4;16,2;16,4;15,9;16,2;15,7;100;97;99;128;13,7;7,6;
2026/08/28;1500 UTC;1,2;992,4;993,1;992,3;71,7;17;16,5;17;16,3;16,6;16,1;99;97;97;113;12,7;7,1;
2026/08/28;1600 UTC;,8;991,6;992,6;991,5;355,6;17,4;16,8;17,4;17;16,8;16,4;97;95;96;96;12,7;7,9;
2026/08/28;1700 UTC;0;991,6;991,9;991,5;406,8;17,6;16,7;17,6;17,4;16,8;16,6;96;94;94;103;12,5;7;
2026/08/28;1800 UTC;0;991,1;991,6;991,1;548;18,1;16,7;18,1;17,6;16,9;16,6;95;92;92;98;11,2;6,6;
2026/08/28;1900 UTC;0;991,3;991,3;990,9;519,8;18,1;16,4;18,1;17,9;16,9;16,4;93;90;90;94;11,6;5,9;
2026/08/28;2000 UTC;0;992,1;992,1;991,2;397;18,2;16,5;18,3;18,1;16,7;16,3;91;89;90;103;11;5,4;
2026/08/28;2100 UTC;0;992,5;992,6;992;153,6;17,9;16,3;18,2;17,9;16,5;16,3;91;89;90;93;9,3;5;
2026/08/28;2200 UTC;0;993,6;993,6;992,5;21,9;17,3;16,1;17,9;17,3;16,4;16,1;93;90;93;107;8,7;4;
2026/08/28;2300 UTC;0;994,3;994,4;994,1;0;16,7;15,5;16,8;16,7;15,8;15,5;94;93;93;126;7,7;4,3;
2026/08/29;0000 UTC;0;995,5;995,5;994,5;0;16,7;15,6;16,7;16,4;15,6;15,5;94;93;93;127;8,9;3,4;
2026/08/29;0100 UTC;0;995,9;995,9;995,6;0;16,9;15,6;17;16,7;15,7;15,5;93;91;92;126;10,3;4,4;
2026/08/29;0200 UTC;0;996,8;996,8;996;0;17,1;15,6;17,1;17;15,6;15,3;92;90;91;115;10,9;5;
2026/08/29;0300 UTC;0;996,6;997,2;996,5;0;16,5;15,4;17,1;16,5;15,6;15,3;94;90;93;127;9,4;4,5;
2026/08/29;0400 UTC;0;996,9;997,5;996,6;0;16;15,4;16,6;16;15,9;15,4;96;93;96;124;8;4,4;
2026/08/29;0500 UTC;0;996,5;997,1;996,5;0;15,1;14,7;16;15,1;15,4;14,7;97;96;97;132;7;2,7;
2026/08/29;0600 UTC;0;996,3;996,5;996,2;0;14,8;14,3;14,9;14,8;14,4;14,2;97;96;96;130;8,4;3,6;
2026/08/29;0700 UTC;0;995,6;996,3;995,4;0;14,7;14,1;14,9;14,7;14,3;14,1;97;96;96;126;9,6;4,5;
2026/08/29;0800 UTC;0;995;995,6;994,6;0;14,8;13,9;14,8;14,7;14,2;13,9;96;94;94;122;13,2;7,6;
2026/08/29;0900 UTC;0;995,8;995,9;994,9;0;14,3;13,7;14,8;14,3;13,9;13,6;96;94;96;118;12,4;6,2;
2026/08/29;1000 UTC;,2;997,8;997,8;995,5;0;13,9;13,4;14,2;13,8;13,7;13,4;98;96;97;117;11,5;4,1;
2026/08/29;1100 UTC;0;998,3;998,8;997,6;76,3;14,2;13,3;14,2;13,9;13,5;13,1;97;94;94;121;9,4;4,6;
2026/08/29;1200 UTC;0;999,3;999,4;998,3;385,1;15,2;13,6;15,2;14,2;13,7;13,3;95;90;90;119;9,4;4,9;
2026/08/29;1300 UTC;0;999,2;999,5;998,5;663;15,9;14;15,9;15,2;14;13,4;91;87;89;126;9,6;4,7;
2026/08/29;1400 UTC;0;999,3;999,6;999,1;677,9;16,7;14,1;16,7;15,9;14,2;13,7;89;85;85;122;9,5;5,2;
2026/08/29;1500 UTC;0;999,1;999,4;999;1424,8;18,2;15,1;18,8;16,7;15,8;14;86;80;82;124;10,3;4,5;
2026/08/29;1600 UTC;0;998,4;999,1;998,4;1633;18,7;15,5;19;17,8;15,7;14,6;84;78;82;108;11,1;6,6;
2026/08/29;1700 UTC;0;998,1;998,5;998;1700,5;18,9;15,3;19,3;18,7;15,9;15;83;77;79;108;11,5;6,5;
2026/08/29;1800 UTC;0;997,5;998,1;997,5;1430,6;19,4;15,3;19,9;19;16,1;15;81;75;77;100;10;6;
2026/08/29;1900 UTC;0;997,8;997,8;997,4;744;19,1;15,7;19,8;19,1;16;15,4;81;77;81;117;9,9;4,8;
2026/08/29;2000 UTC;0;998,1;998,1;997,6;647,1;19,2;15,4;19,2;18,8;15,8;15,3;83;78;78;95;9,9;5,4;
2026/08/29;2100 UTC;0;998,8;998,8;998,1;379,2;18,8;15,7;19,3;18,8;15,8;15,4;82;78;82;92;8,5;3,7;
2026/08/29;2200 UTC;0;999,4;999,4;998,7;24;18,5;15,5;18,9;18,5;15,9;15,5;84;82;83;123;7;3,6;
2026/08/29;2300 UTC;0;1000,3;1000,3;999,4;0;17,3;15,1;18,5;17,3;15,6;15,1;87;82;87;128;8,9;4,2;
2026/08/30;0000 UTC;0;1001;1001;1000,2;0;16,4;14,6;17,3;16,4;15,2;14,5;89;87;89;125;9,4;4,4;
2026/08/30;0100 UTC;0;1001,3;1001,3;1000,7;0;16,1;14,3;16,4;16,1;14,5;14,2;89;88;89;127;8,4;4,6;
2026/08/30;0200 UTC;0;1001,2;1001,5;1001,2;0;15,9;14,4;16,1;15,9;14,5;14,3;90;89;90;122;9,2;4,9;
2026/08/30;0300 UTC;0;1001,5;1001,8;1001,2;0;15,9;14,4;16;15,9;14,5;14,3;91;90;91;106;8,6;4,2;
2026/08/30;0400 UTC;0;1002,1;1002,1;1001,3;0;15,9;14,4;16;15,8;14,5;14,3;91;90;90;100;8,1;4,2;
2026/08/30;0500 UTC;0;1001,2;1002,2;1001,1;0;15,4;14;16;15,4;14,4;14;91;89;91;107;9,7;5,5;
2026/08/30;0600 UTC;0;1001,2;1001,2;1001,1;0;14,7;13,7;15,4;14,7;14;13,7;94;91;94;111;10,2;5,2;
2026/08/30;0700 UTC;0;1001,1;1001,6;1001,1;0;14,1;13,3;14,7;14;13,7;13,3;96;94;96;116;8,2;5,1;
2026/08/30;0800 UTC;0;1000,6;1001,1;1000,3;0;13,7;13,1;14,1;13,6;13,3;13,1;97;95;97;117;9;5,5;
2026/08/30;0900 UTC;0;1000,6;1000,7;1000,3;0;14,1;13,4;14,1;13,7;13,4;13,1;96;96;96;106;10,3;5,8;
2026/08/30;1000 UTC;0;1001,2;1001,2;1000,6;,1;14,5;13,6;14,5;14,1;13,7;13,4;95;95;95;100;8,9;5;
2026/08/30;1100 UTC;0;1000,7;1001,2;1000,7;221,5;14,8;13,5;14,9;14,2;13,6;13,5;96;92;92;109;11,1;6,7;
2026/08/30;1200 UTC;0;1000,9;1001;1000,7;875;16,8;14;16,8;14,8;14,3;13,5;92;84;84;105;11,6;6,3;
2026/08/30;1300 UTC;0;1001,8;1001,8;1000,7;1714,8;18,7;14,8;18,7;16,8;14,8;13,9;85;77;78;95;14;7,2;
2026/08/30;1400 UTC;0;1002,2;1002,2;1001,7;2315,6;19,7;15,4;19,8;18,8;15,4;14,2;78;72;76;89;12,8;6,4;
2026/08/30;1500 UTC;0;1001,3;1002,2;1001,3;2765,6;20,8;15,4;20,8;19,9;15,9;14,7;76;70;71;97;13,1;6,5;
2026/08/30;1600 UTC;0;1000,7;1001,3;1000,7;2918,7;21,2;15,5;21,5;20,6;16,3;15,2;75;70;70;95;12,1;9;
2026/08/30;1700 UTC;0;999,8;1000,8;999,8;1945,4;20,7;15,3;21,9;20,7;16,2;15;74;66;71;95;12,2;7,7;
2026/08/30;1800 UTC;0;999,1;999,8;999;2095,8;20,7;15,8;21,6;20,6;16,1;15,2;74;68;74;97;12,6;7,1;
2026/08/30;1900 UTC;0;998,7;999,1;998,5;1181;20,4;15,5;21;20,4;16;15,2;74;70;74;94;14,4;6,5;
2026/08/30;2000 UTC;0;998,3;998,9;998,2;444,6;20,3;15,5;20,4;20,3;15,7;15,3;75;73;74;91;11,6;6,8;
2026/08/30;2100 UTC;0;998,5;998,6;998,1;273,8;20,1;15,7;20,4;20,1;15,9;15,5;76;74;76;93;12,1;5,5;
2026/08/30;2200 UTC;0;998,6;999,1;998,5;15,6;19,4;15,9;20,1;19,4;16;15,6;80;76;80;94;7,9;5,2;
2026/08/30;2300 UTC;0;999,6;999,7;998,6;0;18,9;15,9;19,4;18,9;16;15,7;83;80;83;103;9,1;3,8;
2026/08/31;0000 UTC;0;999,7;999,9;999,3;0;18,4;15,9;18,9;18,4;16,1;15,8;86;83;85;99;7;3,9;
2026/08/31;0100 UTC;0;999,6;999,9;999,2;0;18,3;15,5;18,7;18,3;15,9;15,4;84;83;84;97;8,8;4,8;
2026/08/31;0200 UTC;0;999,9;1000,1;999,4;0;18,5;15,2;18,5;18,1;15,6;15,2;85;81;81;97;9,6;5,9;
2026/08/31;0300 UTC;0;999,9;1000;999,4;0;18,1;15,3;18,5;18,1;15,4;15,2;84;81;84;88;9,7;4,7;
2026/08/31;0400 UTC;0;999,6;1000,1;999,4;0;17,6;14,7;18,1;17,6;15,4;14,7;85;81;83;90;14;5,6;
2026/08/31;0500 UTC;0;999,3;999,7;999,3;0;17,3;14,6;17,6;17,3;14,8;14,6;85;83;84;93;12,4;5,1;
2026/08/31;0600 UTC;0;998,6;999,4;998,6;0;16,9;14,6;17,3;16,9;14,8;14,6;87;85;86;92;10,7;5,5;
2026/08/31;0700 UTC;0;998,4;998,8;998;0;16,7;14,8;16,9;16,7;14,8;14,6;89;86;88;92;10,2;4,9;
2026/08/31;0800 UTC;0;997,2;998,4;997,1;0;16,5;14,9;16,7;16,5;14,9;14,7;90;88;90;94;9,7;6,1;
2026/08/31;0900 UTC;0;996,9;997,3;996,7;0;16,3;15;16,5;16,3;15;14,8;92;90;92;117;10,5;5,8;
2026/08/31;1000 UTC;0;996,3;997,1;996,2;0;16;14,7;16,3;16;15;14,7;93;92;92;115;12,2;6,6;
2026/08/31;1100 UTC;0;997,2;997,2;996,1;57,1;16,4;14,9;16,4;16;14,9;14,6;92;90;91;95;11,6;6,5;
2026/08/31;1200 UTC;0;997,7;997,8;997;195,6;16,6;15;16,6;16,4;15,1;14,8;91;89;91;78;12,1;4,8;
2026/08/31;1300 UTC;0;997,7;998,6;997,3;298,6;16,8;15,3;16,8;16,5;15,4;15;92;91;91;99;12;6,2;
2026/08/31;1400 UTC;0;996,9;997,7;996,9;1136,4;18,9;15,9;18,9;16,8;15,9;15,3;91;82;83;110;11;6,7;
2026/08/31;1500 UTC;0;997,7;997,7;996,7;1285,9;18,8;15,7;19;18,6;16,2;15,6;85;81;82;92;11;5;
2026/08/31;1600 UTC;0;997,9;997,9;997,6;477,8;18,6;16;19;18,5;16,1;15,7;85;82;85;90;8,1;3,1;
2026/08/31;1700 UTC;0;997,4;998;997,4;413,1;17,9;17,3;18,6;17,7;17,3;15,7;96;84;96;98;7,2;2,6;
2026/08/31;1800 UTC;0;996,6;997,3;996,6;641,8;17,9;17,1;18;17,7;17,6;16,9;97;94;95;118;6,2;3,7;
2026/08/31;1900 UTC;0;996,8;996,9;996,6;520,8;18,4;17,1;18,4;17,8;17,3;16,9;97;92;92;127;7,1;3,4;
2026/08/31;2000 UTC;0;997;997,1;996,7;687,3;18,5;16,5;19;18,4;17;16,4;91;86;88;109;8,5;5,3;
2026/08/31;2100 UTC;0;997,9;997,9;997;167,6;18,3;16,4;18,5;18,3;16,7;16,4;90;88;89;106;8;4,2;
2026/08/31;2200 UTC;0;998,7;998,7;997,8;5,4;18,1;16,7;18,3;18,1;16,7;16,5;92;89;91;104;7,9;2,9;
2026/08/31;2300 UTC;0;998,8;999;998,7;0;17,9;16,9;18,2;17,9;16,9;16,6;94;91;94;96;6,5;3,9;
