REGIAO:;S
UF:;RS
ESTACAO:;SAO JOSE DO OURO
CODIGO (WMO):;B861
LATITUDE:;-27,77249999
LONGITUDE:;-51,58666666
ALTITUDE:;803
DATA DE FUNDACAO:;26/02/26
Data;Hora UTC;PRECIPITAÇÃO TOTAL, HORÁRIO (mm);PRESSAO ATMOSFERICA AO NIVEL DA ESTACAO, HORARIA (mB);PRESSÃO ATMOSFERICA MAX.NA HORA ANT. (AUT) (mB);PRESSÃO ATMOSFERICA MIN. NA HORA ANT. (AUT) (mB);RADIACAO GLOBAL (Kj/m²);TEMPERATURA DO AR - BULBO SECO, HORARIA (°C);TEMPERATURA DO PONTO DE ORVALHO (°C);TEMPERATURA MÁXIMA NA HORA ANT. (AUT) (°C);TEMPERATURA MÍNIMA NA HORA ANT. (AUT) (°C);TEMPERATURA ORVALHO MAX. NA HORA ANT. (AUT) (°C);TEMPERATURA ORVALHO MIN. NA HORA ANT. (AUT) (°C);UMIDADE REL. MAX. NA HORA ANT. (AUT) (%);UMIDADE REL. MIN. NA HORA ANT. (AUT) (%);UMIDADE RELATIVA DO AR, HORARIA (%);VENTO, DIREÇÃO HORARIA (gr) (° (gr));VENTO, RAJADA MAXIMA (m/s);VENTO, VELOCIDADE HORARIA (m/s);
2026/02/26;0000 UTC;;;;;;;;;;;;;;;;;;
2026/02/26;0100 UTC;;;;;;;;;;;;;;;;;;
2026/02/26;0200 UTC;;;;;;;;;;;;;;;;;;
2026/02/26;0300 UTC;;;;;;;;;;;;;;;;;;
2026/02/26;0400 UTC;;;;;;;;;;;;;;;;;;
2026/02/26;0500 UTC;;;;;;;;;;;;;;;;;;
2026/02/26;0600 UTC;;;;;;;;;;;;;;;;;;
2026/02/26;0700 UTC;;;;;;;;;;;;;;;;;;
2026/02/26;0800 UTC;;;;;;;;;;;;;;;;;;
2026/02/26;0900 UTC;;;;;;;;;;;;;;;;;;
2026/02/26;1000 UTC;;;;;;;;;;;;;;;;;;
2026/02/26;1100 UTC;;;;;;;;;;;;;;;;;;
2026/02/26;1200 UTC;;;;;;;;;;;;;;;;;;
2026/02/26;1300 UTC;;;;;;;;;;;;;;;;;;
2026/02/26;1400 UTC;;;;;;;;;;;;;;;;;;
2026/02/26;1500 UTC;;;;;;;;;;;;;;;;;;
2026/02/26;1600 UTC;;;;;;;;;;;;;;;;;;
2026/02/26;1700 UTC;;;;;;;;;;;;;;;;;;
2026/02/26;1800 UTC;;;;;;;;;;;;;;;;;;
2026/02/26;1900 UTC;;;;;;;;;;;;;;;;;;
2026/02/26;2000 UTC;;;;;;;;;;;;;;;;;;
2026/02/26;2100 UTC;;;;;;;;;;;;;;;;;;
2026/02/26;2200 UTC;;;;;;;;;;;;;;;;;;
2026/02/26;2300 UTC;;;;;;;;;;;;;;;;;;
2026/02/27;0000 UTC;;;;;;;;;;;;;;;;;;
2026/02/27;0100 UTC;;;;;;;;;;;;;;;;;;
2026/02/27;0200 UTC;;;;;;;;;;;;;;;;;;
2026/02/27;0300 UTC;;;;;;;;;;;;;;;;;;
2026/02/27;0400 UTC;;;;;;;;;;;;;;;;;;
2026/02/27;0500 UTC;;;;;;;;;;;;;;;;;;
2026/02/27;0600 UTC;;;;;;;;;;;;;;;;;;
2026/02/27;0700 UTC;;;;;;;;;;;;;;;;;;
2026/02/27;0800 UTC;;;;;;;;;;;;;;;;;;
2026/02/27;0900 UTC;;;;;;;;;;;;;;;;;;
2026/02/27;1000 UTC;;;;;;;;;;;;;;;;;;
2026/02/27;1100 UTC;;;;;;;;;;;;;;;;;;
2026/02/27;1200 UTC;;;;;;;;;;;;;;;;;;
2026/02/27;1300 UTC;;;;;;;;;;;;;;;;;;
2026/02/27;1400 UTC;;;;;;;;;;;;;;;;;;
2026/02/27;1500 UTC;;;;;;;;;;;;;;;;;;
2026/02/27;1600 UTC;;;;;;;;;;;;;;;;;;
2026/02/27;1700 UTC;;;;;;;;;;;;;;;;;;
2026/02/27;1800 UTC;;;;;;;;;;;;;;;;;;
2026/02/27;1900 UTC;;;;;;;;;;;;;;;;;;
2026/02/27;2000 UTC;;;;;;;;;;;;;;;;;;
2026/02/27;2100 UTC;;;;;;;;;;;;;;;;;;
2026/02/27;2200 UTC;;;;;;;;;;;;;;;;;;
2026/02/27;2300 UTC;;;;;;;;;;;;;;;;;;
2026/02/28;0000 UTC;;;;;;;;;;;;;;;;;;
2026/02/28;0100 UTC;;;;;;;;;;;;;;;;;;
2026/02/28;0200 UTC;;;;;;;;;;;;;;;;;;
2026/02/28;0300 UTC;;;;;;;;;;;;;;;;;;
2026/02/28;0400 UTC;;;;;;;;;;;;;;;;;;
2026/02/28;0500 UTC;;;;;;;;;;;;;;;;;;
2026/02/28;0600 UTC;;;;;;;;;;;;;;;;;;
2026/02/28;0700 UTC;;;;;;;;;;;;;;;;;;
2026/02/28;0800 UTC;;;;;;;;;;;;;;;;;;
2026/02/28;0900 UTC;;;;;;;;;;;;;;;;;;
2026/02/28;1000 UTC;;;;;;;;;;;;;;;;;;
2026/02/28;1100 UTC;;;;;;;;;;;;;;;;;;
2026/02/28;1200 UTC;;;;;;;;;;;;;;;;;;
2026/02/28;1300 UTC;;;;;;;;;;;;;;;;;;
2026/02/28;1400 UTC;;;;;;;;;;;;;;;;;;
2026/02/28;1500 UTC;;;;;;;;;;;;;;;;;;
2026/02/28;1600 UTC;;;;;;;;;;;;;;;;;;
2026/02/28;1700 UTC;;;;;;;;;;;;;;;;;;
2026/02/28;1800 UTC;;;;;;;;;;;;;;;;;;
2026/02/28;1900 UTC;;;;;;;;;;;;;;;;;;
2026/02/28;2000 UTC;;;;;;;;;;;;;;;;;;
2026/02/28;2100 UTC;;;;;;;;;;;;;;;;;;
2026/02/28;2200 UTC;;;;;;;;;;;;;;;;;;
2026/02/28;2300 UTC;;;;;;;;;;;;;;;;;;
2026/03/01;0000 UTC;;;;;;;;;;;;;;;;;;
2026/03/01;0100 UTC;;;;;;;;;;;;;;;;;;
2026/03/01;0200 UTC;;;;;;;;;;;;;;;;;;
2026/03/01;0300 UTC;;;;;;;;;;;;;;;;;;
2026/03/01;0400 UTC;;;;;;;;;;;;;;;;;;
2026/03/01;0500 UTC;;;;;;;;;;;;;;;;;;
2026/03/01;0600 UTC;;;;;;;;;;;;;;;;;;
2026/03/01;0700 UTC;;;;;;;;;;;;;;;;;;
2026/03/01;0800 UTC;;;;;;;;;;;;;;;;;;
2026/03/01;0900 UTC;;;;;;;;;;;;;;;;;;
2026/03/01;1000 UTC;;;;;;;;;;;;;;;;;;
2026/03/01;1100 UTC;;;;;;;;;;;;;;;;;;
2026/03/01;1200 UTC;;;;;;;;;;;;;;;;;;
2026/03/01;1300 UTC;;;;;;;;;;;;;;;;;;
2026/03/01;1400 UTC;;;;;;;;;;;;;;;;;;
2026/03/01;1500 UTC;;;;;;;;;;;;;;;;;;
2026/03/01;1600 UTC;;;;;;;;;;;;;;;;;;
2026/03/01;1700 UTC;;;;;;;;;;;;;;;;;;
2026/03/01;1800 UTC;;;;;;;;;;;;;;;;;;
2026/03/01;1900 UTC;;;;;;;;;;;;;;;;;;
2026/03/01;2000 UTC;;;;;;;;;;;;;;;;;;
2026/03/01;2100 UTC;;;;;;;;;;;;;;;;;;
2026/03/01;2200 UTC;;;;;;;;;;;;;;;;;;
2026/03/01;2300 UTC;;;;;;;;;;;;;;;;;;
2026/03/02;0000 UTC;;;;;;;;;;;;;;;;;;
2026/03/02;0100 UTC;;;;;;;;;;;;;;;;;;
2026/03/02;0200 UTC;;;;;;;;;;;;;;;;;;
2026/03/02;0300 UTC;;;;;;;;;;;;;;;;;;
2026/03/02;0400 UTC;;;;;;;;;;;;;;;;;;
2026/03/02;0500 UTC;;;;;;;;;;;;;;;;;;
2026/03/02;0600 UTC;;;;;;;;;;;;;;;;;;
2026/03/02;0700 UTC;;;;;;;;;;;;;;;;;;
2026/03/02;0800 UTC;;;;;;;;;;;;;;;;;;
2026/03/02;0900 UTC;;;;;;;;;;;;;;;;;;
2026/03/02;1000 UTC;;;;;;;;;;;;;;;;;;
2026/03/02;1100 UTC;;;;;;;;;;;;;;;;;;
2026/03/02;1200 UTC;;;;;;;;;;;;;;;;;;
2026/03/02;1300 UTC;;;;;;;;;;;;;;;;;;
2026/03/02;1400 UTC;;;;;;;;;;;;;;;;;;
2026/03/02;1500 UTC;;;;;;;;;;;;;;;;;;
2026/03/02;1600 UTC;;;;;;;;;;;;;;;;;;
2026/03/02;1700 UTC;;;;;;;;;;;;;;;;;;
2026/03/02;1800 UTC;;;;;;;;;;;;;;;;;;
2026/03/02;1900 UTC;;;;;;;;;;;;;;;;;;
2026/03/02;2000 UTC;;;;;;;;;;;;;;;;;;
2026/03/02;2100 UTC;;;;;;;;;;;;;;;;;;
2026/03/02;2200 UTC;;;;;;;;;;;;;;;;;;
2026/03/02;2300 UTC;;;;;;;;;;;;;;;;;;
2026/03/03;0000 UTC;;;;;;;;;;;;;;;;;;
2026/03/03;0100 UTC;;;;;;;;;;;;;;;;;;
2026/03/03;0200 UTC;;;;;;;;;;;;;;;;;;
2026/03/03;0300 UTC;;;;;;;;;;;;;;;;;;
2026/03/03;0400 UTC;;;;;;;;;;;;;;;;;;
2026/03/03;0500 UTC;;;;;;;;;;;;;;;;;;
2026/03/03;0600 UTC;;;;;;;;;;;;;;;;;;
2026/03/03;0700 UTC;;;;;;;;;;;;;;;;;;
2026/03/03;0800 UTC;;;;;;;;;;;;;;;;;;
2026/03/03;0900 UTC;;;;;;;;;;;;;;;;;;
2026/03/03;1000 UTC;;;;;;;;;;;;;;;;;;
2026/03/03;1100 UTC;;;;;;;;;;;;;;;;;;
2026/03/03;1200 UTC;;;;;;;;;;;;;;;;;;
2026/03/03;1300 UTC;;;;;;;;;;;;;;;;;;
2026/03/03;1400 UTC;;;;;;;;;;;;;;;;;;
2026/03/03;1500 UTC;;;;;;;;;;;;;;;;;;
2026/03/03;1600 UTC;;;;;;;;;;;;;;;;;;
2026/03/03;1700 UTC;;;;;;;;;;;;;;;;;;
2026/03/03;1800 UTC;;;;;;;;;;;;;;;;;;
2026/03/03;1900 UTC;;;;;;;;;;;;;;;;;;
2026/03/03;2000 UTC;;;;;;;;;;;;;;;;;;
2026/03/03;2100 UTC;;;;;;;;;;;;;;;;;;
2026/03/03;2200 UTC;;;;;;;;;;;;;;;;;;
2026/03/03;2300 UTC;;;;;;;;;;;;;;;;;;
2026/03/04;0000 UTC;;;;;;;;;;;;;;;;;;
2026/03/04;0100 UTC;;;;;;;;;;;;;;;;;;
2026/03/04;0200 UTC;;;;;;;;;;;;;;;;;;
2026/03/04;0300 UTC;;;;;;;;;;;;;;;;;;
2026/03/04;0400 UTC;;;;;;;;;;;;;;;;;;
2026/03/04;0500 UTC;;;;;;;;;;;;;;;;;;
2026/03/04;0600 UTC;;;;;;;;;;;;;;;;;;
2026/03/04;0700 UTC;;;;;;;;;;;;;;;;;;
2026/03/04;0800 UTC;;;;;;;;;;;;;;;;;;
2026/03/04;0900 UTC;;;;;;;;;;;;;;;;;;
2026/03/04;1000 UTC;;;;;;;;;;;;;;;;;;
2026/03/04;1100 UTC;;;;;;;;;;;;;;;;;;
2026/03/04;1200 UTC;;;;;;;;;;;;;;;;;;
2026/03/04;1300 UTC;;;;;;;;;;;;;;;;;;
2026/03/04;1400 UTC;;;;;;;;;;;;;;;;;;
2026/03/04;1500 UTC;;;;;;;;;;;;;;;;;;
2026/03/04;1600 UTC;;;;;;;;;;;;;;;;;;
2026/03/04;1700 UTC;;;;;;;;;;;;;;;;;;
2026/03/04;1800 UTC;;;;;;;;;;;;;;;;;;
2026/03/04;1900 UTC;;;;;;;;;;;;;;;;;;
2026/03/04;2000 UTC;;;;;;;;;;;;;;;;;;
2026/03/04;2100 UTC;;;;;;;;;;;;;;;;;;
2026/03/04;2200 UTC;;;;;;;;;;;;;;;;;;
2026/03/04;2300 UTC;;;;;;;;;;;;;;;;;;
2026/03/05;0000 UTC;;;;;;;;;;;;;;;;;;
2026/03/05;0100 UTC;;;;;;;;;;;;;;;;;;
2026/03/05;0200 UTC;;;;;;;;;;;;;;;;;;
2026/03/05;0300 UTC;;;;;;;;;;;;;;;;;;
2026/03/05;0400 UTC;;;;;;;;;;;;;;;;;;
2026/03/05;0500 UTC;;;;;;;;;;;;;;;;;;
2026/03/05;0600 UTC;;;;;;;;;;;;;;;;;;
2026/03/05;0700 UTC;;;;;;;;;;;;;;;;;;
2026/03/05;0800 UTC;;;;;;;;;;;;;;;;;;
2026/03/05;0900 UTC;;;;;;;;;;;;;;;;;;
2026/03/05;1000 UTC;;;;;;;;;;;;;;;;;;
2026/03/05;1100 UTC;;;;;;;;;;;;;;;;;;
2026/03/05;1200 UTC;;;;;;;;;;;;;;;;;;
2026/03/05;1300 UTC;;;;;;;;;;;;;;;;;;
2026/03/05;1400 UTC;;;;;;;;;;;;;;;;;;
2026/03/05;1500 UTC;;;;;;;;;;;;;;;;;;
2026/03/05;1600 UTC;;;;;;;;;;;;;;;;;;
2026/03/05;1700 UTC;;;;;;;;;;;;;;;;;;
2026/03/05;1800 UTC;;;;;;;;;;;;;;;;;;
2026/03/05;1900 UTC;;;;;;;;;;;;;;;;;;
2026/03/05;2000 UTC;;;;;;;;;;;;;;;;;;
2026/03/05;2100 UTC;;;;;;;;;;;;;;;;;;
2026/03/05;2200 UTC;;;;;;;;;;;;;;;;;;
2026/03/05;2300 UTC;;;;;;;;;;;;;;;;;;
2026/03/06;0000 UTC;;;;;;;;;;;;;;;;;;
2026/03/06;0100 UTC;;;;;;;;;;;;;;;;;;
2026/03/06;0200 UTC;;;;;;;;;;;;;;;;;;
2026/03/06;0300 UTC;;;;;;;;;;;;;;;;;;
2026/03/06;0400 UTC;;;;;;;;;;;;;;;;;;
2026/03/06;0500 UTC;;;;;;;;;;;;;;;;;;
2026/03/06;0600 UTC;;;;;;;;;;;;;;;;;;
2026/03/06;0700 UTC;;;;;;;;;;;;;;;;;;
2026/03/06;0800 UTC;;;;;;;;;;;;;;;;;;
2026/03/06;0900 UTC;;;;;;;;;;;;;;;;;;
2026/03/06;1000 UTC;;;;;;;;;;;;;;;;;;
2026/03/06;1100 UTC;;;;;;;;;;;;;;;;;;
2026/03/06;1200 UTC;;;;;;;;;;;;;;;;;;
2026/03/06;1300 UTC;;;;;;;;;;;;;;;;;;
2026/03/06;1400 UTC;;;;;;;;;;;;;;;;;;
2026/03/06;1500 UTC;;;;;;;;;;;;;;;;;;
2026/03/06;1600 UTC;;;;;;;;;;;;;;;;;;
2026/03/06;1700 UTC;;;;;;;;;;;;;;;;;;
2026/03/06;1800 UTC;;;;;;;;;;;;;;;;;;
2026/03/06;1900 UTC;;;;;;;;;;;;;;;;;;
2026/03/06;2000 UTC;;;;;;;;;;;;;;;;;;
2026/03/06;2100 UTC;;;;;;;;;;;;;;;;;;
2026/03/06;2200 UTC;;;;;;;;;;;;;;;;;;
2026/03/06;2300 UTC;;;;;;;;;;;;;;;;;;
2026/03/07;0000 UTC;;;;;;;;;;;;;;;;;;
2026/03/07;0100 UTC;;;;;;;;;;;;;;;;;;
2026/03/07;0200 UTC;;;;;;;;;;;;;;;;;;
2026/03/07;0300 UTC;;;;;;;;;;;;;;;;;;
2026/03/07;0400 UTC;;;;;;;;;;;;;;;;;;
2026/03/07;0500 UTC;;;;;;;;;;;;;;;;;;
2026/03/07;0600 UTC;;;;;;;;;;;;;;;;;;
2026/03/07;0700 UTC;;;;;;;;;;;;;;;;;;
2026/03/07;0800 UTC;;;;;;;;;;;;;;;;;;
2026/03/07;0900 UTC;;;;;;;;;;;;;;;;;;
2026/03/07;1000 UTC;;;;;;;;;;;;;;;;;;
2026/03/07;1100 UTC;;;;;;;;;;;;;;;;;;
2026/03/07;1200 UTC;;;;;;;;;;;;;;;;;;
2026/03/07;1300 UTC;;;;;;;;;;;;;;;;;;
2026/03/07;1400 UTC;;;;;;;;;;;;;;;;;;
2026/03/07;1500 UTC;;;;;;;;;;;;;;;;;;
2026/03/07;1600 UTC;;;;;;;;;;;;;;;;;;
2026/03/07;1700 UTC;;;;;;;;;;;;;;;;;;
2026/03/07;1800 UTC;;;;;;;;;;;;;;;;;;
2026/03/07;1900 UTC;;;;;;;;;;;;;;;;;;
2026/03/07;2000 UTC;;;;;;;;;;;;;;;;;;
2026/03/07;2100 UTC;;;;;;;;;;;;;;;;;;
2026/03/07;2200 UTC;;;;;;;;;;;;;;;;;;
2026/03/07;2300 UTC;;;;;;;;;;;;;;;;;;
2026/03/08;0000 UTC;;;;;;;;;;;;;;;;;;
2026/03/08;0100 UTC;;;;;;;;;;;;;;;;;;
2026/03/08;0200 UTC;;;;;;;;;;;;;;;;;;
2026/03/08;0300 UTC;;;;;;;;;;;;;;;;;;
2026/03/08;0400 UTC;;;;;;;;;;;;;;;;;;
2026/03/08;0500 UTC;;;;;;;;;;;;;;;;;;
2026/03/08;0600 UTC;;;;;;;;;;;;;;;;;;
2026/03/08;0700 UTC;;;;;;;;;;;;;;;;;;
2026/03/08;0800 UTC;;;;;;;;;;;;;;;;;;
2026/03/08;0900 UTC;;;;;;;;;;;;;;;;;;
2026/03/08;1000 UTC;;;;;;;;;;;;;;;;;;
2026/03/08;1100 UTC;;;;;;;;;;;;;;;;;;
2026/03/08;1200 UTC;;;;;;;;;;;;;;;;;;
2026/03/08;1300 UTC;;;;;;;;;;;;;;;;;;
2026/03/08;1400 UTC;;;;;;;;;;;;;;;;;;
2026/03/08;1500 UTC;;;;;;;;;;;;;;;;;;
2026/03/08;1600 UTC;;;;;;;;;;;;;;;;;;
2026/03/08;1700 UTC;;;;;;;;;;;;;;;;;;
2026/03/08;1800 UTC;;;;;;;;;;;;;;;;;;
2026/03/08;1900 UTC;;;;;;;;;;;;;;;;;;
2026/03/08;2000 UTC;;;;;;;;;;;;;;;;;;
2026/03/08;2100 UTC;;;;;;;;;;;;;;;;;;
2026/03/08;2200 UTC;;;;;;;;;;;;;;;;;;
2026/03/08;2300 UTC;;;;;;;;;;;;;;;;;;
2026/03/09;0000 UTC;;;;;;;;;;;;;;;;;;
2026/03/09;0100 UTC;;;;;;;;;;;;;;;;;;
2026/03/09;0200 UTC;;;;;;;;;;;;;;;;;;
2026/03/09;0300 UTC;;;;;;;;;;;;;;;;;;
2026/03/09;0400 UTC;;;;;;;;;;;;;;;;;;
2026/03/09;0500 UTC;;;;;;;;;;;;;;;;;;
2026/03/09;0600 UTC;;;;;;;;;;;;;;;;;;
2026/03/09;0700 UTC;;;;;;;;;;;;;;;;;;
2026/03/09;0800 UTC;;;;;;;;;;;;;;;;;;
2026/03/09;0900 UTC;;;;;;;;;;;;;;;;;;
2026/03/09;1000 UTC;;;;;;;;;;;;;;;;;;
2026/03/09;1100 UTC;;;;;;;;;;;;;;;;;;
2026/03/09;1200 UTC;;;;;;;;;;;;;;;;;;
2026/03/09;1300 UTC;;;;;;;;;;;;;;;;;;
2026/03/09;1400 UTC;;;;;;;;;;;;;;;;;;
2026/03/09;1500 UTC;;;;;;;;;;;;;;;;;;
2026/03/09;1600 UTC;;;;;;;;;;;;;;;;;;
2026/03/09;1700 UTC;;;;;;;;;;;;;;;;;;
2026/03/09;1800 UTC;;;;;;;;;;;;;;;;;;
2026/03/09;1900 UTC;;;;;;;;;;;;;;;;;;
2026/03/09;2000 UTC;;;;;;;;;;;;;;;;;;
2026/03/09;2100 UTC;;;;;;;;;;;;;;;;;;
2026/03/09;2200 UTC;;;;;;;;;;;;;;;;;;
2026/03/09;2300 UTC;;;;;;;;;;;;;;;;;;
2026/03/10;0000 UTC;;;;;;;;;;;;;;;;;;
2026/03/10;0100 UTC;;;;;;;;;;;;;;;;;;
2026/03/10;0200 UTC;;;;;;;;;;;;;;;;;;
2026/03/10;0300 UTC;;;;;;;;;;;;;;;;;;
2026/03/10;0400 UTC;;;;;;;;;;;;;;;;;;
2026/03/10;0500 UTC;;;;;;;;;;;;;;;;;;
2026/03/10;0600 UTC;;;;;;;;;;;;;;;;;;
2026/03/10;0700 UTC;;;;;;;;;;;;;;;;;;
2026/03/10;0800 UTC;;;;;;;;;;;;;;;;;;
2026/03/10;0900 UTC;;;;;;;;;;;;;;;;;;
2026/03/10;1000 UTC;;;;;;;;;;;;;;;;;;
2026/03/10;1100 UTC;;;;;;;;;;;;;;;;;;
2026/03/10;1200 UTC;;;;;;;;;;;;;;;;;;
2026/03/10;1300 UTC;;;;;;;;;;;;;;;;;;
2026/03/10;1400 UTC;;;;;;;;;;;;;;;;;;
2026/03/10;1500 UTC;;;;;;;;;;;;;;;;;;
2026/03/10;1600 UTC;;;;;;;;;;;;;;;;;;
2026/03/10;1700 UTC;;;;;;;;;;;;;;;;;;
2026/03/10;1800 UTC;;;;;;;;;;;;;;;;;;
2026/03/10;1900 UTC;;;;;;;;;;;;;;;;;;
2026/03/10;2000 UTC;;;;;;;;;;;;;;;;;;
2026/03/10;2100 UTC;;;;;;;;;;;;;;;;;;
2026/03/10;2200 UTC;;;;;;;;;;;;;;;;;;
2026/03/10;2300 UTC;;;;;;;;;;;;;;;;;;
2026/03/11;0000 UTC;;;;;;;;;;;;;;;;;;
2026/03/11;0100 UTC;;;;;;;;;;;;;;;;;;
2026/03/11;0200 UTC;;;;;;;;;;;;;;;;;;
2026/03/11;0300 UTC;;;;;;;;;;;;;;;;;;
2026/03/11;0400 UTC;;;;;;;;;;;;;;;;;;
2026/03/11;0500 UTC;;;;;;;;;;;;;;;;;;
2026/03/11;0600 UTC;;;;;;;;;;;;;;;;;;
2026/03/11;0700 UTC;;;;;;;;;;;;;;;;;;
2026/03/11;0800 UTC;;;;;;;;;;;;;;;;;;
2026/03/11;0900 UTC;;;;;;;;;;;;;;;;;;
2026/03/11;1000 UTC;;;;;;;;;;;;;;;;;;
2026/03/11;1100 UTC;;;;;;;;;;;;;;;;;;
2026/03/11;1200 UTC;;;;;;;;;;;;;;;;;;
2026/03/11;1300 UTC;;;;;;;;;;;;;;;;;;
2026/03/11;1400 UTC;;;;;;;;;;;;;;;;;;
2026/03/11;1500 UTC;;;;;;;;;;;;;;;;;;
2026/03/11;1600 UTC;;;;;;;;;;;;;;;;;;
2026/03/11;1700 UTC;;;;;;;;;;;;;;;;;;
2026/03/11;1800 UTC;;;;;;;;;;;;;;;;;;
2026/03/11;1900 UTC;;;;;;;;;;;;;;;;;;
2026/03/11;2000 UTC;;;;;;;;;;;;;;;;;;
2026/03/11;2100 UTC;;;;;;;;;;;;;;;;;;
2026/03/11;2200 UTC;;;;;;;;;;;;;;;;;;
2026/03/11;2300 UTC;;;;;;;;;;;;;;;;;;
2026/03/12;0000 UTC;;;;;;;;;;;;;;;;;;
2026/03/12;0100 UTC;;;;;;;;;;;;;;;;;;
2026/03/12;0200 UTC;;;;;;;;;;;;;;;;;;
2026/03/12;0300 UTC;;;;;;;;;;;;;;;;;;
2026/03/12;0400 UTC;;;;;;;;;;;;;;;;;;
2026/03/12;0500 UTC;;;;;;;;;;;;;;;;;;
2026/03/12;0600 UTC;;;;;;;;;;;;;;;;;;
2026/03/12;0700 UTC;;;;;;;;;;;;;;;;;;
2026/03/12;0800 UTC;;;;;;;;;;;;;;;;;;
2026/03/12;0900 UTC;;;;;;;;;;;;;;;;;;
2026/03/12;1000 UTC;;;;;;;;;;;;;;;;;;
2026/03/12;1100 UTC;;;;;;;;;;;;;;;;;;
2026/03/12;1200 UTC;;;;;;;;;;;;;;;;;;
2026/03/12;1300 UTC;;;;;;;;;;;;;;;;;;
2026/03/12;1400 UTC;;;;;;;;;;;;;;;;;;
2026/03/12;1500 UTC;;;;;;;;;;;;;;;;;;
2026/03/12;1600 UTC;;;;;;;;;;;;;;;;;;
2026/03/12;1700 UTC;;;;;;;;;;;;;;;;;;
2026/03/12;1800 UTC;;;;;;;;;;;;;;;;;;
2026/03/12;1900 UTC;;;;;;;;;;;;;;;;;;
2026/03/12;2000 UTC;;;;;;;;;;;;;;;;;;
2026/03/12;2100 UTC;;;;;;;;;;;;;;;;;;
2026/03/12;2200 UTC;;;;;;;;;;;;;;;;;;
2026/03/12;2300 UTC;;;;;;;;;;;;;;;;;;
2026/03/13;0000 UTC;;;;;;;;;;;;;;;;;;
2026/03/13;0100 UTC;;;;;;;;;;;;;;;;;;
2026/03/13;0200 UTC;;;;;;;;;;;;;;;;;;
2026/03/13;0300 UTC;;;;;;;;;;;;;;;;;;
2026/03/13;0400 UTC;;;;;;;;;;;;;;;;;;
2026/03/13;0500 UTC;;;;;;;;;;;;;;;;;;
2026/03/13;0600 UTC;;;;;;;;;;;;;;;;;;
2026/03/13;0700 UTC;;;;;;;;;;;;;;;;;;
2026/03/13;0800 UTC;;;;;;;;;;;;;;;;;;
2026/03/13;0900 UTC;;;;;;;;;;;;;;;;;;
2026/03/13;1000 UTC;;;;;;;;;;;;;;;;;;
2026/03/13;1100 UTC;;;;;;;;;;;;;;;;;;
2026/03/13;1200 UTC;;;;;;;;;;;;;;;;;;
2026/03/13;1300 UTC;;;;;;;;;;;;;;;;;;
2026/03/13;1400 UTC;;;;;;;;;;;;;;;;;;
2026/03/13;1500 UTC;;;;;;;;;;;;;;;;;;
2026/03/13;1600 UTC;;;;;;;;;;;;;;;;;;
2026/03/13;1700 UTC;;;;;;;;;;;;;;;;;;
2026/03/13;1800 UTC;;;;;;;;;;;;;;;;;;
2026/03/13;1900 UTC;;;;;;;;;;;;;;;;;;
2026/03/13;2000 UTC;;;;;;;;;;;;;;;;;;
2026/03/13;2100 UTC;;;;;;;;;;;;;;;;;;
2026/03/13;2200 UTC;;;;;;;;;;;;;;;;;;
2026/03/13;2300 UTC;;;;;;;;;;;;;;;;;;
2026/03/14;0000 UTC;;;;;;;;;;;;;;;;;;
2026/03/14;0100 UTC;;;;;;;;;;;;;;;;;;
2026/03/14;0200 UTC;;;;;;;;;;;;;;;;;;
2026/03/14;0300 UTC;;;;;;;;;;;;;;;;;;
2026/03/14;0400 UTC;;;;;;;;;;;;;;;;;;
2026/03/14;0500 UTC;;;;;;;;;;;;;;;;;;
2026/03/14;0600 UTC;;;;;;;;;;;;;;;;;;
2026/03/14;0700 UTC;;;;;;;;;;;;;;;;;;
2026/03/14;0800 UTC;;;;;;;;;;;;;;;;;;
2026/03/14;0900 UTC;;;;;;;;;;;;;;;;;;
2026/03/14;1000 UTC;;;;;;;;;;;;;;;;;;
2026/03/14;1100 UTC;;;;;;;;;;;;;;;;;;
2026/03/14;1200 UTC;;;;;;;;;;;;;;;;;;
2026/03/14;1300 UTC;;;;;;;;;;;;;;;;;;
2026/03/14;1400 UTC;;;;;;;;;;;;;;;;;;
2026/03/14;1500 UTC;;;;;;;;;;;;;;;;;;
2026/03/14;1600 UTC;;;;;;;;;;;;;;;;;;
2026/03/14;1700 UTC;;;;;;;;;;;;;;;;;;
2026/03/14;1800 UTC;;;;;;;;;;;;;;;;;;
2026/03/14;1900 UTC;;;;;;;;;;;;;;;;;;
2026/03/14;2000 UTC;;;;;;;;;;;;;;;;;;
2026/03/14;2100 UTC;;;;;;;;;;;;;;;;;;
2026/03/14;2200 UTC;;;;;;;;;;;;;;;;;;
2026/03/14;2300 UTC;;;;;;;;;;;;;;;;;;
2026/03/15;0000 UTC;;;;;;;;;;;;;;;;;;
2026/03/15;0100 UTC;;;;;;;;;;;;;;;;;;
2026/03/15;0200 UTC;;;;;;;;;;;;;;;;;;
2026/03/15;0300 UTC;;;;;;;;;;;;;;;;;;
2026/03/15;0400 UTC;;;;;;;;;;;;;;;;;;
2026/03/15;0500 UTC;;;;;;;;;;;;;;;;;;
2026/03/15;0600 UTC;;;;;;;;;;;;;;;;;;
2026/03/15;0700 UTC;;;;;;;;;;;;;;;;;;
2026/03/15;0800 UTC;;;;;;;;;;;;;;;;;;
2026/03/15;0900 UTC;;;;;;;;;;;;;;;;;;
2026/03/15;1000 UTC;;;;;;;;;;;;;;;;;;
2026/03/15;1100 UTC;;;;;;;;;;;;;;;;;;
2026/03/15;1200 UTC;;;;;;;;;;;;;;;;;;
2026/03/15;1300 UTC;;;;;;;;;;;;;;;;;;
2026/03/15;1400 UTC;;;;;;;;;;;;;;;;;;
2026/03/15;1500 UTC;;;;;;;;;;;;;;;;;;
2026/03/15;1600 UTC;;;;;;;;;;;;;;;;;;
2026/03/15;1700 UTC;;;;;;;;;;;;;;;;;;
2026/03/15;1800 UTC;;;;;;;;;;;;;;;;;;
2026/03/15;1900 UTC;;;;;;;;;;;;;;;;;;
2026/03/15;2000 UTC;;;;;;;;;;;;;;;;;;
2026/03/15;2100 UTC;;;;;;;;;;;;;;;;;;
2026/03/15;2200 UTC;;;;;;;;;;;;;;;;;;
2026/03/15;2300 UTC;;;;;;;;;;;;;;;;;;
2026/03/16;0000 UTC;;;;;;;;;;;;;;;;;;
2026/03/16;0100 UTC;;;;;;;;;;;;;;;;;;
2026/03/16;0200 UTC;;;;;;;;;;;;;;;;;;
2026/03/16;0300 UTC;;;;;;;;;;;;;;;;;;
2026/03/16;0400 UTC;;;;;;;;;;;;;;;;;;
2026/03/16;0500 UTC;;;;;;;;;;;;;;;;;;
2026/03/16;0600 UTC;;;;;;;;;;;;;;;;;;
2026/03/16;0700 UTC;;;;;;;;;;;;;;;;;;
2026/03/16;0800 UTC;;;;;;;;;;;;;;;;;;
2026/03/16;0900 UTC;;;;;;;;;;;;;;;;;;
2026/03/16;1000 UTC;;;;;;;;;;;;;;;;;;
2026/03/16;1100 UTC;;;;;;;;;;;;;;;;;;
2026/03/16;1200 UTC;;;;;;;;;;;;;;;;;;
2026/03/16;1300 UTC;;;;;;;;;;;;;;;;;;
2026/03/16;1400 UTC;;;;;;;;;;;;;;;;;;
2026/03/16;1500 UTC;;;;;;;;;;;;;;;;;;
2026/03/16;1600 UTC;;;;;;;;;;;;;;;;;;
2026/03/16;1700 UTC;;;;;;;;;;;;;;;;;;
2026/03/16;1800 UTC;;;;;;;;;;;;;;;;;;
2026/03/16;1900 UTC;;;;;;;;;;;;;;;;;;
2026/03/16;2000 UTC;;;;;;;;;;;;;;;;;;
2026/03/16;2100 UTC;;;;;;;;;;;;;;;;;;
2026/03/16;2200 UTC;;;;;;;;;;;;;;;;;;
2026/03/16;2300 UTC;;;;;;;;;;;;;;;;;;
2026/03/17;0000 UTC;;;;;;;;;;;;;;;;;;
2026/03/17;0100 UTC;;;;;;;;;;;;;;;;;;
2026/03/17;0200 UTC;;;;;;;;;;;;;;;;;;
2026/03/17;0300 UTC;;;;;;;;;;;;;;;;;;
2026/03/17;0400 UTC;;;;;;;;;;;;;;;;;;
2026/03/17;0500 UTC;;;;;;;;;;;;;;;;;;
2026/03/17;0600 UTC;;;;;;;;;;;;;;;;;;
2026/03/17;0700 UTC;;;;;;;;;;;;;;;;;;
2026/03/17;0800 UTC;;;;;;;;;;;;;;;;;;
2026/03/17;0900 UTC;;;;;;;;;;;;;;;;;;
2026/03/17;1000 UTC;;;;;;;;;;;;;;;;;;
2026/03/17;1100 UTC;;;;;;;;;;;;;;;;;;
2026/03/17;1200 UTC;;;;;;;;;;;;;;;;;;
2026/03/17;1300 UTC;;;;;;;;;;;;;;;;;;
2026/03/17;1400 UTC;;;;;;;;;;;;;;;;;;
2026/03/17;1500 UTC;;;;;;;;;;;;;;;;;;
2026/03/17;1600 UTC;;;;;;;;;;;;;;;;;;
2026/03/17;1700 UTC;;;;;;;;;;;;;;;;;;
2026/03/17;1800 UTC;;;;;;;;;;;;;;;;;;
2026/03/17;1900 UTC;;;;;;;;;;;;;;;;;;
2026/03/17;2000 UTC;;;;;;;;;;;;;;;;;;
2026/03/17;2100 UTC;;;;;;;;;;;;;;;;;;
2026/03/17;2200 UTC;;;;;;;;;;;;;;;;;;
2026/03/17;2300 UTC;;;;;;;;;;;;;;;;;;
2026/03/18;0000 UTC;;;;;;;;;;;;;;;;;;
2026/03/18;0100 UTC;;;;;;;;;;;;;;;;;;
2026/03/18;0200 UTC;;;;;;;;;;;;;;;;;;
2026/03/18;0300 UTC;;;;;;;;;;;;;;;;;;
2026/03/18;0400 UTC;;;;;;;;;;;;;;;;;;
2026/03/18;0500 UTC;;;;;;;;;;;;;;;;;;
2026/03/18;0600 UTC;;;;;;;;;;;;;;;;;;
2026/03/18;0700 UTC;;;;;;;;;;;;;;;;;;
2026/03/18;0800 UTC;;;;;;;;;;;;;;;;;;
2026/03/18;0900 UTC;;;;;;;;;;;;;;;;;;
2026/03/18;1000 UTC;;;;;;;;;;;;;;;;;;
2026/03/18;1100 UTC;;;;;;;;;;;;;;;;;;
2026/03/18;1200 UTC;;;;;;;;;;;;;;;;;;
2026/03/18;1300 UTC;;;;;;;;;;;;;;;;;;
2026/03/18;1400 UTC;;;;;;;;;;;;;;;;;;
2026/03/18;1500 UTC;;;;;;;;;;;;;;;;;;
2026/03/18;1600 UTC;;;;;;;;;;;;;;;;;;
2026/03/18;1700 UTC;;;;;;;;;;;;;;;;;;
2026/03/18;1800 UTC;;;;;;;;;;;;;;;;;;
2026/03/18;1900 UTC;;;;;;;;;;;;;;;;;;
2026/03/18;2000 UTC;;;;;;;;;;;;;;;;;;
2026/03/18;2100 UTC;;;;;;;;;;;;;;;;;;
2026/03/18;2200 UTC;;;;;;;;;;;;;;;;;;
2026/03/18;2300 UTC;;;;;;;;;;;;;;;;;;
2026/03/19;0000 UTC;;;;;;;;;;;;;;;;;;
2026/03/19;0100 UTC;;;;;;;;;;;;;;;;;;
2026/03/19;0200 UTC;;;;;;;;;;;;;;;;;;
2026/03/19;0300 UTC;;;;;;;;;;;;;;;;;;
2026/03/19;0400 UTC;;;;;;;;;;;;;;;;;;
2026/03/19;0500 UTC;;;;;;;;;;;;;;;;;;
2026/03/19;0600 UTC;;;;;;;;;;;;;;;;;;
2026/03/19;0700 UTC;;;;;;;;;;;;;;;;;;
2026/03/19;0800 UTC;;;;;;;;;;;;;;;;;;
2026/03/19;0900 UTC;;;;;;;;;;;;;;;;;;
2026/03/19;1000 UTC;;;;;;;;;;;;;;;;;;
2026/03/19;1100 UTC;;;;;;;;;;;;;;;;;;
2026/03/19;1200 UTC;;;;;;;;;;;;;;;;;;
2026/03/19;1300 UTC;;;;;;;;;;;;;;;;;;
2026/03/19;1400 UTC;;;;;;;;;;;;;;;;;;
2026/03/19;1500 UTC;;;;;;;;;;;;;;;;;;
2026/03/19;1600 UTC;;;;;;;;;;;;;;;;;;
2026/03/19;1700 UTC;;;;;;;;;;;;;;;;;;
2026/03/19;1800 UTC;;;;;;;;;;;;;;;;;;
2026/03/19;1900 UTC;;;;;;;;;;;;;;;;;;
2026/03/19;2000 UTC;;;;;;;;;;;;;;;;;;
2026/03/19;2100 UTC;;;;;;;;;;;;;;;;;;
2026/03/19;2200 UTC;;;;;;;;;;;;;;;;;;
2026/03/19;2300 UTC;;;;;;;;;;;;;;;;;;
2026/03/20;0000 UTC;;;;;;;;;;;;;;;;;;
2026/03/20;0100 UTC;;;;;;;;;;;;;;;;;;
2026/03/20;0200 UTC;;;;;;;;;;;;;;;;;;
2026/03/20;0300 UTC;;;;;;;;;;;;;;;;;;
2026/03/20;0400 UTC;;;;;;;;;;;;;;;;;;
2026/03/20;0500 UTC;;;;;;;;;;;;;;;;;;
2026/03/20;0600 UTC;;;;;;;;;;;;;;;;;;
2026/03/20;0700 UTC;;;;;;;;;;;;;;;;;;
2026/03/20;0800 UTC;;;;;;;;;;;;;;;;;;
2026/03/20;0900 UTC;;;;;;;;;;;;;;;;;;
2026/03/20;1000 UTC;;;;;;;;;;;;;;;;;;
2026/03/20;1100 UTC;;;;;;;;;;;;;;;;;;
2026/03/20;1200 UTC;;;;;;;;;;;;;;;;;;
2026/03/20;1300 UTC;;;;;;;;;;;;;;;;;;
2026/03/20;1400 UTC;;;;;;;;;;;;;;;;;;
2026/03/20;1500 UTC;;;;;;;;;;;;;;;;;;
2026/03/20;1600 UTC;;;;;;;;;;;;;;;;;;
2026/03/20;1700 UTC;;;;;;;;;;;;;;;;;;
2026/03/20;1800 UTC;;;;;;;;;;;;;;;;;;
2026/03/20;1900 UTC;;;;;;;;;;;;;;;;;;
2026/03/20;2000 UTC;;;;;;;;;;;;;;;;;;
2026/03/20;2100 UTC;;;;;;;;;;;;;;;;;;
2026/03/20;2200 UTC;;;;;;;;;;;;;;;;;;
2026/03/20;2300 UTC;;;;;;;;;;;;;;;;;;
2026/03/21;0000 UTC;;;;;;;;;;;;;;;;;;
2026/03/21;0100 UTC;;;;;;;;;;;;;;;;;;
2026/03/21;0200 UTC;;;;;;;;;;;;;;;;;;
2026/03/21;0300 UTC;;;;;;;;;;;;;;;;;;
2026/03/21;0400 UTC;;;;;;;;;;;;;;;;;;
2026/03/21;0500 UTC;;;;;;;;;;;;;;;;;;
2026/03/21;0600 UTC;;;;;;;;;;;;;;;;;;
2026/03/21;0700 UTC;;;;;;;;;;;;;;;;;;
2026/03/21;0800 UTC;;;;;;;;;;;;;;;;;;
2026/03/21;0900 UTC;;;;;;;;;;;;;;;;;;
2026/03/21;1000 UTC;;;;;;;;;;;;;;;;;;
2026/03/21;1100 UTC;;;;;;;;;;;;;;;;;;
2026/03/21;1200 UTC;;;;;;;;;;;;;;;;;;
2026/03/21;1300 UTC;;;;;;;;;;;;;;;;;;
2026/03/21;1400 UTC;;;;;;;;;;;;;;;;;;
2026/03/21;1500 UTC;;;;;;;;;;;;;;;;;;
2026/03/21;1600 UTC;;;;;;;;;;;;;;;;;;
2026/03/21;1700 UTC;;;;;;;;;;;;;;;;;;
2026/03/21;1800 UTC;;;;;;;;;;;;;;;;;;
2026/03/21;1900 UTC;;;;;;;;;;;;;;;;;;
2026/03/21;2000 UTC;;;;;;;;;;;;;;;;;;
2026/03/21;2100 UTC;;;;;;;;;;;;;;;;;;
2026/03/21;2200 UTC;;;;;;;;;;;;;;;;;;
2026/03/21;2300 UTC;;;;;;;;;;;;;;;;;;
2026/03/22;0000 UTC;;;;;;;;;;;;;;;;;;
2026/03/22;0100 UTC;;;;;;;;;;;;;;;;;;
2026/03/22;0200 UTC;;;;;;;;;;;;;;;;;;
2026/03/22;0300 UTC;;;;;;;;;;;;;;;;;;
2026/03/22;0400 UTC;;;;;;;;;;;;;;;;;;
2026/03/22;0500 UTC;;;;;;;;;;;;;;;;;;
2026/03/22;0600 UTC;;;;;;;;;;;;;;;;;;
2026/03/22;0700 UTC;;;;;;;;;;;;;;;;;;
2026/03/22;0800 UTC;;;;;;;;;;;;;;;;;;
2026/03/22;0900 UTC;;;;;;;;;;;;;;;;;;
2026/03/22;1000 UTC;;;;;;;;;;;;;;;;;;
2026/03/22;1100 UTC;;;;;;;;;;;;;;;;;;
2026/03/22;1200 UTC;;;;;;;;;;;;;;;;;;
2026/03/22;1300 UTC;;;;;;;;;;;;;;;;;;
2026/03/22;1400 UTC;;;;;;;;;;;;;;;;;;
2026/03/22;1500 UTC;;;;;;;;;;;;;;;;;;
2026/03/22;1600 UTC;;;;;;;;;;;;;;;;;;
2026/03/22;1700 UTC;;;;;;;;;;;;;;;;;;
2026/03/22;1800 UTC;;;;;;;;;;;;;;;;;;
2026/03/22;1900 UTC;;;;;;;;;;;;;;;;;;
2026/03/22;2000 UTC;;;;;;;;;;;;;;;;;;
2026/03/22;2100 UTC;;;;;;;;;;;;;;;;;;
2026/03/22;2200 UTC;;;;;;;;;;;;;;;;;;
2026/03/22;2300 UTC;;;;;;;;;;;;;;;;;;
2026/03/23;0000 UTC;;;;;;;;;;;;;;;;;;
2026/03/23;0100 UTC;;;;;;;;;;;;;;;;;;
2026/03/23;0200 UTC;;;;;;;;;;;;;;;;;;
2026/03/23;0300 UTC;;;;;;;;;;;;;;;;;;
2026/03/23;0400 UTC;;;;;;;;;;;;;;;;;;
2026/03/23;0500 UTC;;;;;;;;;;;;;;;;;;
2026/03/23;0600 UTC;;;;;;;;;;;;;;;;;;
2026/03/23;0700 UTC;;;;;;;;;;;;;;;;;;
2026/03/23;0800 UTC;;;;;;;;;;;;;;;;;;
2026/03/23;0900 UTC;;;;;;;;;;;;;;;;;;
2026/03/23;1000 UTC;;;;;;;;;;;;;;;;;;
2026/03/23;1100 UTC;;;;;;;;;;;;;;;;;;
2026/03/23;1200 UTC;;;;;;;;;;;;;;;;;;
2026/03/23;1300 UTC;;;;;;;;;;;;;;;;;;
2026/03/23;1400 UTC;;;;;;;;;;;;;;;;;;
2026/03/23;1500 UTC;;;;;;;;;;;;;;;;;;
2026/03/23;1600 UTC;;;;;;;;;;;;;;;;;;
2026/03/23;1700 UTC;;;;;;;;;;;;;;;;;;
2026/03/23;1800 UTC;;;;;;;;;;;;;;;;;;
2026/03/23;1900 UTC;;;;;;;;;;;;;;;;;;
2026/03/23;2000 UTC;;;;;;;;;;;;;;;;;;
2026/03/23;2100 UTC;;;;;;;;;;;;;;;;;;
2026/03/23;2200 UTC;;;;;;;;;;;;;;;;;;
2026/03/23;2300 UTC;;;;;;;;;;;;;;;;;;
2026/03/24;0000 UTC;;;;;;;;;;;;;;;;;;
2026/03/24;0100 UTC;;;;;;;;;;;;;;;;;;
2026/03/24;0200 UTC;;;;;;;;;;;;;;;;;;
2026/03/24;0300 UTC;;;;;;;;;;;;;;;;;;
2026/03/24;0400 UTC;;;;;;;;;;;;;;;;;;
2026/03/24;0500 UTC;;;;;;;;;;;;;;;;;;
2026/03/24;0600 UTC;;;;;;;;;;;;;;;;;;
2026/03/24;0700 UTC;;;;;;;;;;;;;;;;;;
2026/03/24;0800 UTC;;;;;;;;;;;;;;;;;;
2026/03/24;0900 UTC;;;;;;;;;;;;;;;;;;
2026/03/24;1000 UTC;;;;;;;;;;;;;;;;;;
2026/03/24;1100 UTC;;;;;;;;;;;;;;;;;;
2026/03/24;1200 UTC;;;;;;;;;;;;;;;;;;
2026/03/24;1300 UTC;;;;;;;;;;;;;;;;;;
2026/03/24;1400 UTC;;;;;;;;;;;;;;;;;;
2026/03/24;1500 UTC;;;;;;;;;;;;;;;;;;
2026/03/24;1600 UTC;;;;;;;;;;;;;;;;;;
2026/03/24;1700 UTC;;;;;;;;;;;;;;;;;;
2026/03/24;1800 UTC;;;;;;;;;;;;;;;;;;
2026/03/24;1900 UTC;;;;;;;;;;;;;;;;;;
2026/03/24;2000 UTC;;;;;;;;;;;;;;;;;;
2026/03/24;2100 UTC;;;;;;;;;;;;;;;;;;
2026/03/24;2200 UTC;;;;;;;;;;;;;;;;;;
2026/03/24;2300 UTC;;;;;;;;;;;;;;;;;;
2026/03/25;0000 UTC;;;;;;;;;;;;;;;;;;
2026/03/25;0100 UTC;;;;;;;;;;;;;;;;;;
2026/03/25;0200 UTC;;;;;;;;;;;;;;;;;;
2026/03/25;0300 UTC;;;;;;;;;;;;;;;;;;
2026/03/25;0400 UTC;;;;;;;;;;;;;;;;;;
2026/03/25;0500 UTC;;;;;;;;;;;;;;;;;;
2026/03/25;0600 UTC;;;;;;;;;;;;;;;;;;
2026/03/25;0700 UTC;;;;;;;;;;;;;;;;;;
2026/03/25;0800 UTC;;;;;;;;;;;;;;;;;;
2026/03/25;0900 UTC;;;;;;;;;;;;;;;;;;
2026/03/25;1000 UTC;;;;;;;;;;;;;;;;;;
2026/03/25;1100 UTC;;;;;;;;;;;;;;;;;;
2026/03/25;1200 UTC;;;;;;;;;;;;;;;;;;
2026/03/25;1300 UTC;;;;;;;;;;;;;;;;;;
2026/03/25;1400 UTC;;;;;;;;;;;;;;;;;;
2026/03/25;1500 UTC;;;;;;;;;;;;;;;;;;
2026/03/25;1600 UTC;;;;;;;;;;;;;;;;;;
2026/03/25;1700 UTC;;;;;;;;;;;;;;;;;;
2026/03/25;1800 UTC;;;;;;;;;;;;;;;;;;
2026/03/25;1900 UTC;;;;;;;;;;;;;;;;;;
2026/03/25;2000 UTC;;;;;;;;;;;;;;;;;;
2026/03/25;2100 UTC;;;;;;;;;;;;;;;;;;
2026/03/25;2200 UTC;;;;;;;;;;;;;;;;;;
2026/03/25;2300 UTC;;;;;;;;;;;;;;;;;;
2026/03/26;0000 UTC;;;;;;;;;;;;;;;;;;
2026/03/26;0100 UTC;;;;;;;;;;;;;;;;;;
2026/03/26;0200 UTC;;;;;;;;;;;;;;;;;;
2026/03/26;0300 UTC;;;;;;;;;;;;;;;;;;
2026/03/26;0400 UTC;;;;;;;;;;;;;;;;;;
2026/03/26;0500 UTC;;;;;;;;;;;;;;;;;;
2026/03/26;0600 UTC;;;;;;;;;;;;;;;;;;
2026/03/26;0700 UTC;;;;;;;;;;;;;;;;;;
2026/03/26;0800 UTC;;;;;;;;;;;;;;;;;;
2026/03/26;0900 UTC;;;;;;;;;;;;;;;;;;
2026/03/26;1000 UTC;;;;;;;;;;;;;;;;;;
2026/03/26;1100 UTC;;;;;;;;;;;;;;;;;;
2026/03/26;1200 UTC;;;;;;;;;;;;;;;;;;
2026/03/26;1300 UTC;;;;;;;;;;;;;;;;;;
2026/03/26;1400 UTC;;;;;;;;;;;;;;;;;;
2026/03/26;1500 UTC;;;;;;;;;;;;;;;;;;
2026/03/26;1600 UTC;;;;;;;;;;;;;;;;;;
2026/03/26;1700 UTC;;;;;;;;;;;;;;;;;;
2026/03/26;1800 UTC;;;;;;;;;;;;;;;;;;
2026/03/26;1900 UTC;;;;;;;;;;;;;;;;;;
2026/03/26;2000 UTC;;;;;;;;;;;;;;;;;;
2026/03/26;2100 UTC;;;;;;;;;;;;;;;;;;
2026/03/26;2200 UTC;;;;;;;;;;;;;;;;;;
2026/03/26;2300 UTC;;;;;;;;;;;;;;;;;;
2026/03/27;0000 UTC;;;;;;;;;;;;;;;;;;
2026/03/27;0100 UTC;;;;;;;;;;;;;;;;;;
2026/03/27;0200 UTC;;;;;;;;;;;;;;;;;;
2026/03/27;0300 UTC;;;;;;;;;;;;;;;;;;
2026/03/27;0400 UTC;;;;;;;;;;;;;;;;;;
2026/03/27;0500 UTC;;;;;;;;;;;;;;;;;;
2026/03/27;0600 UTC;;;;;;;;;;;;;;;;;;
2026/03/27;0700 UTC;;;;;;;;;;;;;;;;;;
2026/03/27;0800 UTC;;;;;;;;;;;;;;;;;;
2026/03/27;0900 UTC;;;;;;;;;;;;;;;;;;
2026/03/27;1000 UTC;;;;;;;;;;;;;;;;;;
2026/03/27;1100 UTC;;;;;;;;;;;;;;;;;;
2026/03/27;1200 UTC;;;;;;;;;;;;;;;;;;
2026/03/27;1300 UTC;;;;;;;;;;;;;;;;;;
2026/03/27;1400 UTC;;;;;;;;;;;;;;;;;;
2026/03/27;1500 UTC;;;;;;;;;;;;;;;;;;
2026/03/27;1600 UTC;;;;;;;;;;;;;;;;;;
2026/03/27;1700 UTC;;;;;;;;;;;;;;;;;;
2026/03/27;1800 UTC;;;;;;;;;;;;;;;;;;
2026/03/27;1900 UTC;;;;;;;;;;;;;;;;;;
2026/03/27;2000 UTC;;;;;;;;;;;;;;;;;;
2026/03/27;2100 UTC;;;;;;;;;;;;;;;;;;
2026/03/27;2200 UTC;;;;;;;;;;;;;;;;;;
2026/03/27;2300 UTC;;;;;;;;;;;;;;;;;;
2026/03/28;0000 UTC;;;;;;;;;;;;;;;;;;
2026/03/28;0100 UTC;;;;;;;;;;;;;;;;;;
2026/03/28;0200 UTC;;;;;;;;;;;;;;;;;;
2026/03/28;0300 UTC;;;;;;;;;;;;;;;;;;
2026/03/28;0400 UTC;;;;;;;;;;;;;;;;;;
2026/03/28;0500 UTC;;;;;;;;;;;;;;;;;;
2026/03/28;0600 UTC;;;;;;;;;;;;;;;;;;
2026/03/28;0700 UTC;;;;;;;;;;;;;;;;;;
2026/03/28;0800 UTC;;;;;;;;;;;;;;;;;;
2026/03/28;0900 UTC;;;;;;;;;;;;;;;;;;
2026/03/28;1000 UTC;;;;;;;;;;;;;;;;;;
2026/03/28;1100 UTC;;;;;;;;;;;;;;;;;;
2026/03/28;1200 UTC;;;;;;;;;;;;;;;;;;
2026/03/28;1300 UTC;;;;;;;;;;;;;;;;;;
2026/03/28;1400 UTC;;;;;;;;;;;;;;;;;;
2026/03/28;1500 UTC;;;;;;;;;;;;;;;;;;
2026/03/28;1600 UTC;;;;;;;;;;;;;;;;;;
2026/03/28;1700 UTC;;;;;;;;;;;;;;;;;;
2026/03/28;1800 UTC;;;;;;;;;;;;;;;;;;
2026/03/28;1900 UTC;;;;;;;;;;;;;;;;;;
2026/03/28;2000 UTC;;;;;;;;;;;;;;;;;;
2026/03/28;2100 UTC;;;;;;;;;;;;;;;;;;
2026/03/28;2200 UTC;;;;;;;;;;;;;;;;;;
2026/03/28;2300 UTC;;;;;;;;;;;;;;;;;;
2026/03/29;0000 UTC;;;;;;;;;;;;;;;;;;
2026/03/29;0100 UTC;;;;;;;;;;;;;;;;;;
2026/03/29;0200 UTC;;;;;;;;;;;;;;;;;;
2026/03/29;0300 UTC;;;;;;;;;;;;;;;;;;
2026/03/29;0400 UTC;;;;;;;;;;;;;;;;;;
2026/03/29;0500 UTC;;;;;;;;;;;;;;;;;;
2026/03/29;0600 UTC;;;;;;;;;;;;;;;;;;
2026/03/29;0700 UTC;;;;;;;;;;;;;;;;;;
2026/03/29;0800 UTC;;;;;;;;;;;;;;;;;;
2026/03/29;0900 UTC;;;;;;;;;;;;;;;;;;
2026/03/29;1000 UTC;;;;;;;;;;;;;;;;;;
2026/03/29;1100 UTC;;;;;;;;;;;;;;;;;;
2026/03/29;1200 UTC;;;;;;;;;;;;;;;;;;
2026/03/29;1300 UTC;;;;;;;;;;;;;;;;;;
2026/03/29;1400 UTC;;;;;;;;;;;;;;;;;;
2026/03/29;1500 UTC;;;;;;;;;;;;;;;;;;
2026/03/29;1600 UTC;;;;;;;;;;;;;;;;;;
2026/03/29;1700 UTC;;;;;;;;;;;;;;;;;;
2026/03/29;1800 UTC;;;;;;;;;;;;;;;;;;
2026/03/29;1900 UTC;;;;;;;;;;;;;;;;;;
2026/03/29;2000 UTC;;;;;;;;;;;;;;;;;;
2026/03/29;2100 UTC;;;;;;;;;;;;;;;;;;
2026/03/29;2200 UTC;;;;;;;;;;;;;;;;;;
2026/03/29;2300 UTC;;;;;;;;;;;;;;;;;;
2026/03/30;0000 UTC;;;;;;;;;;;;;;;;;;
2026/03/30;0100 UTC;;;;;;;;;;;;;;;;;;
2026/03/30;0200 UTC;;;;;;;;;;;;;;;;;;
2026/03/30;0300 UTC;;;;;;;;;;;;;;;;;;
2026/03/30;0400 UTC;;;;;;;;;;;;;;;;;;
2026/03/30;0500 UTC;;;;;;;;;;;;;;;;;;
2026/03/30;0600 UTC;;;;;;;;;;;;;;;;;;
2026/03/30;0700 UTC;;;;;;;;;;;;;;;;;;
2026/03/30;0800 UTC;;;;;;;;;;;;;;;;;;
2026/03/30;0900 UTC;;;;;;;;;;;;;;;;;;
2026/03/30;1000 UTC;;;;;;;;;;;;;;;;;;
2026/03/30;1100 UTC;;;;;;;;;;;;;;;;;;
2026/03/30;1200 UTC;;;;;;;;;;;;;;;;;;
2026/03/30;1300 UTC;;;;;;;;;;;;;;;;;;
2026/03/30;1400 UTC;;;;;;;;;;;;;;;;;;
2026/03/30;1500 UTC;;;;;;;;;;;;;;;;;;
2026/03/30;1600 UTC;;;;;;;;;;;;;;;;;;
2026/03/30;1700 UTC;;;;;;;;;;;;;;;;;;
2026/03/30;1800 UTC;;;;;;;;;;;;;;;;;;
2026/03/30;1900 UTC;;;;;;;;;;;;;;;;;;
2026/03/30;2000 UTC;;;;;;;;;;;;;;;;;;
2026/03/30;2100 UTC;;;;;;;;;;;;;;;;;;
2026/03/30;2200 UTC;;;;;;;;;;;;;;;;;;
2026/03/30;2300 UTC;;;;;;;;;;;;;;;;;;
2026/03/31;0000 UTC;;;;;;;;;;;;;;;;;;
2026/03/31;0100 UTC;;;;;;;;;;;;;;;;;;
2026/03/31;0200 UTC;;;;;;;;;;;;;;;;;;
2026/03/31;0300 UTC;;;;;;;;;;;;;;;;;;
2026/03/31;0400 UTC;;;;;;;;;;;;;;;;;;
2026/03/31;0500 UTC;;;;;;;;;;;;;;;;;;
2026/03/31;0600 UTC;;;;;;;;;;;;;;;;;;
2026/03/31;0700 UTC;;;;;;;;;;;;;;;;;;
2026/03/31;0800 UTC;;;;;;;;;;;;;;;;;;
2026/03/31;0900 UTC;;;;;;;;;;;;;;;;;;
2026/03/31;1000 UTC;;;;;;;;;;;;;;;;;;
2026/03/31;1100 UTC;;;;;;;;;;;;;;;;;;
2026/03/31;1200 UTC;;;;;;;;;;;;;;;;;;
2026/03/31;1300 UTC;;;;;;;;;;;;;;;;;;
2026/03/31;1400 UTC;;;;;;;;;;;;;;;;;;
2026/03/31;1500 UTC;;;;;;;;;;;;;;;;;;
2026/03/31;1600 UTC;;;;;;;;;;;;;;;;;;
2026/03/31;1700 UTC;;;;;;;;;;;;;;;;;;
2026/03/31;1800 UTC;;;;;;;;;;;;;;;;;;
2026/03/31;1900 UTC;;;;;;;;;;;;;;;;;;
2026/03/31;2000 UTC;;;;;;;;;;;;;;;;;;
2026/03/31;2100 UTC;;;;;;;;;;;;;;;;;;
2026/03/31;2200 UTC;;;;;;;;;;;;;;;;;;
2026/03/31;2300 UTC;;;;;;;;;;;;;;;;;;
2026/04/01;0000 UTC;;;;;;;;;;;;;;;;;;
2026/04/01;0100 UTC;;;;;;;;;;;;;;;;;;
2026/04/01;0200 UTC;;;;;;;;;;;;;;;;;;
2026/04/01;0300 UTC;;;;;;;;;;;;;;;;;;
2026/04/01;0400 UTC;;;;;;;;;;;;;;;;;;
2026/04/01;0500 UTC;;;;;;;;;;;;;;;;;;
2026/04/01;0600 UTC;;;;;;;;;;;;;;;;;;
2026/04/01;0700 UTC;;;;;;;;;;;;;;;;;;
2026/04/01;0800 UTC;;;;;;;;;;;;;;;;;;
2026/04/01;0900 UTC;;;;;;;;;;;;;;;;;;
2026/04/01;1000 UTC;;;;;;;;;;;;;;;;;;
2026/04/01;1100 UTC;;;;;;;;;;;;;;;;;;
2026/04/01;1200 UTC;;;;;;;;;;;;;;;;;;
2026/04/01;1300 UTC;;;;;;;;;;;;;;;;;;
2026/04/01;1400 UTC;;;;;;;;;;;;;;;;;;
2026/04/01;1500 UTC;;;;;;;;;;;;;;;;;;
2026/04/01;1600 UTC;;;;;;;;;;;;;;;;;;
2026/04/01;1700 UTC;;;;;;;;;;;;;;;;;;
2026/04/01;1800 UTC;;;;;;;;;;;;;;;;;;
2026/04/01;1900 UTC;;;;;;;;;;;;;;;;;;
2026/04/01;2000 UTC;;;;;;;;;;;;;;;;;;
2026/04/01;2100 UTC;;;;;;;;;;;;;;;;;;
2026/04/01;2200 UTC;;;;;;;;;;;;;;;;;;
2026/04/01;2300 UTC;;;;;;;;;;;;;;;;;;
2026/04/02;0000 UTC;;;;;;;;;;;;;;;;;;
2026/04/02;0100 UTC;;;;;;;;;;;;;;;;;;
2026/04/02;0200 UTC;;;;;;;;;;;;;;;;;;
2026/04/02;0300 UTC;;;;;;;;;;;;;;;;;;
2026/04/02;0400 UTC;;;;;;;;;;;;;;;;;;
2026/04/02;0500 UTC;;;;;;;;;;;;;;;;;;
2026/04/02;0600 UTC;;;;;;;;;;;;;;;;;;
2026/04/02;0700 UTC;;;;;;;;;;;;;;;;;;
2026/04/02;0800 UTC;;;;;;;;;;;;;;;;;;
2026/04/02;0900 UTC;;;;;;;;;;;;;;;;;;
2026/04/02;1000 UTC;;;;;;;;;;;;;;;;;;
2026/04/02;1100 UTC;;;;;;;;;;;;;;;;;;
2026/04/02;1200 UTC;;;;;;;;;;;;;;;;;;
2026/04/02;1300 UTC;;;;;;;;;;;;;;;;;;
2026/04/02;1400 UTC;;;;;;;;;;;;;;;;;;
2026/04/02;1500 UTC;;;;;;;;;;;;;;;;;;
2026/04/02;1600 UTC;;;;;;;;;;;;;;;;;;
2026/04/02;1700 UTC;;;;;;;;;;;;;;;;;;
2026/04/02;1800 UTC;;;;;;;;;;;;;;;;;;
2026/04/02;1900 UTC;;;;;;;;;;;;;;;;;;
2026/04/02;2000 UTC;;;;;;;;;;;;;;;;;;
2026/04/02;2100 UTC;;;;;;;;;;;;;;;;;;
2026/04/02;2200 UTC;;;;;;;;;;;;;;;;;;
2026/04/02;2300 UTC;;;;;;;;;;;;;;;;;;
2026/04/03;0000 UTC;;;;;;;;;;;;;;;;;;
2026/04/03;0100 UTC;;;;;;;;;;;;;;;;;;
2026/04/03;0200 UTC;;;;;;;;;;;;;;;;;;
2026/04/03;0300 UTC;;;;;;;;;;;;;;;;;;
2026/04/03;0400 UTC;;;;;;;;;;;;;;;;;;
2026/04/03;0500 UTC;;;;;;;;;;;;;;;;;;
2026/04/03;0600 UTC;;;;;;;;;;;;;;;;;;
2026/04/03;0700 UTC;;;;;;;;;;;;;;;;;;
2026/04/03;0800 UTC;;;;;;;;;;;;;;;;;;
2026/04/03;0900 UTC;;;;;;;;;;;;;;;;;;
2026/04/03;1000 UTC;;;;;;;;;;;;;;;;;;
2026/04/03;1100 UTC;;;;;;;;;;;;;;;;;;
2026/04/03;1200 UTC;;;;;;;;;;;;;;;;;;
2026/04/03;1300 UTC;;;;;;;;;;;;;;;;;;
2026/04/03;1400 UTC;;;;;;;;;;;;;;;;;;
2026/04/03;1500 UTC;;;;;;;;;;;;;;;;;;
2026/04/03;1600 UTC;;;;;;;;;;;;;;;;;;
2026/04/03;1700 UTC;;;;;;;;;;;;;;;;;;
2026/04/03;1800 UTC;;;;;;;;;;;;;;;;;;
2026/04/03;1900 UTC;;;;;;;;;;;;;;;;;;
2026/04/03;2000 UTC;;;;;;;;;;;;;;;;;;
2026/04/03;2100 UTC;;;;;;;;;;;;;;;;;;
2026/04/03;2200 UTC;;;;;;;;;;;;;;;;;;
2026/04/03;2300 UTC;;;;;;;;;;;;;;;;;;
2026/04/04;0000 UTC;;;;;;;;;;;;;;;;;;
2026/04/04;0100 UTC;;;;;;;;;;;;;;;;;;
2026/04/04;0200 UTC;;;;;;;;;;;;;;;;;;
2026/04/04;0300 UTC;;;;;;;;;;;;;;;;;;
2026/04/04;0400 UTC;;;;;;;;;;;;;;;;;;
2026/04/04;0500 UTC;;;;;;;;;;;;;;;;;;
2026/04/04;0600 UTC;;;;;;;;;;;;;;;;;;
2026/04/04;0700 UTC;;;;;;;;;;;;;;;;;;
2026/04/04;0800 UTC;;;;;;;;;;;;;;;;;;
2026/04/04;0900 UTC;;;;;;;;;;;;;;;;;;
2026/04/04;1000 UTC;;;;;;;;;;;;;;;;;;
2026/04/04;1100 UTC;;;;;;;;;;;;;;;;;;
2026/04/04;1200 UTC;;;;;;;;;;;;;;;;;;
2026/04/04;1300 UTC;;;;;;;;;;;;;;;;;;
2026/04/04;1400 UTC;;;;;;;;;;;;;;;;;;
2026/04/04;1500 UTC;;;;;;;;;;;;;;;;;;
2026/04/04;1600 UTC;;;;;;;;;;;;;;;;;;
2026/04/04;1700 UTC;;;;;;;;;;;;;;;;;;
2026/04/04;1800 UTC;;;;;;;;;;;;;;;;;;
2026/04/04;1900 UTC;;;;;;;;;;;;;;;;;;
2026/04/04;2000 UTC;;;;;;;;;;;;;;;;;;
2026/04/04;2100 UTC;;;;;;;;;;;;;;;;;;
2026/04/04;2200 UTC;;;;;;;;;;;;;;;;;;
2026/04/04;2300 UTC;;;;;;;;;;;;;;;;;;
2026/04/05;0000 UTC;;;;;;;;;;;;;;;;;;
2026/04/05;0100 UTC;;;;;;;;;;;;;;;;;;
2026/04/05;0200 UTC;;;;;;;;;;;;;;;;;;
2026/04/05;0300 UTC;;;;;;;;;;;;;;;;;;
2026/04/05;0400 UTC;;;;;;;;;;;;;;;;;;
2026/04/05;0500 UTC;;;;;;;;;;;;;;;;;;
2026/04/05;0600 UTC;;;;;;;;;;;;;;;;;;
2026/04/05;0700 UTC;;;;;;;;;;;;;;;;;;
2026/04/05;0800 UTC;;;;;;;;;;;;;;;;;;
2026/04/05;0900 UTC;;;;;;;;;;;;;;;;;;
2026/04/05;1000 UTC;;;;;;;;;;;;;;;;;;
2026/04/05;1100 UTC;;;;;;;;;;;;;;;;;;
2026/04/05;1200 UTC;;;;;;;;;;;;;;;;;;
2026/04/05;1300 UTC;;;;;;;;;;;;;;;;;;
2026/04/05;1400 UTC;;;;;;;;;;;;;;;;;;
2026/04/05;1500 UTC;;;;;;;;;;;;;;;;;;
2026/04/05;1600 UTC;;;;;;;;;;;;;;;;;;
2026/04/05;1700 UTC;;;;;;;;;;;;;;;;;;
2026/04/05;1800 UTC;;;;;;;;;;;;;;;;;;
2026/04/05;1900 UTC;;;;;;;;;;;;;;;;;;
2026/04/05;2000 UTC;;;;;;;;;;;;;;;;;;
2026/04/05;2100 UTC;;;;;;;;;;;;;;;;;;
2026/04/05;2200 UTC;;;;;;;;;;;;;;;;;;
2026/04/05;2300 UTC;;;;;;;;;;;;;;;;;;
2026/04/06;0000 UTC;;;;;;;;;;;;;;;;;;
2026/04/06;0100 UTC;;;;;;;;;;;;;;;;;;
2026/04/06;0200 UTC;;;;;;;;;;;;;;;;;;
2026/04/06;0300 UTC;;;;;;;;;;;;;;;;;;
2026/04/06;0400 UTC;;;;;;;;;;;;;;;;;;
2026/04/06;0500 UTC;;;;;;;;;;;;;;;;;;
2026/04/06;0600 UTC;;;;;;;;;;;;;;;;;;
2026/04/06;0700 UTC;;;;;;;;;;;;;;;;;;
2026/04/06;0800 UTC;;;;;;;;;;;;;;;;;;
2026/04/06;0900 UTC;;;;;;;;;;;;;;;;;;
2026/04/06;1000 UTC;;;;;;;;;;;;;;;;;;
2026/04/06;1100 UTC;;;;;;;;;;;;;;;;;;
2026/04/06;1200 UTC;;;;;;;;;;;;;;;;;;
2026/04/06;1300 UTC;;;;;;;;;;;;;;;;;;
2026/04/06;1400 UTC;;;;;;;;;;;;;;;;;;
2026/04/06;1500 UTC;;;;;;;;;;;;;;;;;;
2026/04/06;1600 UTC;;;;;;;;;;;;;;;;;;
2026/04/06;1700 UTC;;;;;;;;;;;;;;;;;;
2026/04/06;1800 UTC;;;;;;;;;;;;;;;;;;
2026/04/06;1900 UTC;;;;;;;;;;;;;;;;;;
2026/04/06;2000 UTC;;;;;;;;;;;;;;;;;;
2026/04/06;2100 UTC;;;;;;;;;;;;;;;;;;
2026/04/06;2200 UTC;;;;;;;;;;;;;;;;;;
2026/04/06;2300 UTC;;;;;;;;;;;;;;;;;;
2026/04/07;0000 UTC;;;;;;;;;;;;;;;;;;
2026/04/07;0100 UTC;;;;;;;;;;;;;;;;;;
2026/04/07;0200 UTC;;;;;;;;;;;;;;;;;;
2026/04/07;0300 UTC;;;;;;;;;;;;;;;;;;
2026/04/07;0400 UTC;;;;;;;;;;;;;;;;;;
2026/04/07;0500 UTC;;;;;;;;;;;;;;;;;;
2026/04/07;0600 UTC;;;;;;;;;;;;;;;;;;
2026/04/07;0700 UTC;;;;;;;;;;;;;;;;;;
2026/04/07;0800 UTC;;;;;;;;;;;;;;;;;;
2026/04/07;0900 UTC;;;;;;;;;;;;;;;;;;
2026/04/07;1000 UTC;;;;;;;;;;;;;;;;;;
2026/04/07;1100 UTC;;;;;;;;;;;;;;;;;;
2026/04/07;1200 UTC;;;;;;;;;;;;;;;;;;
2026/04/07;1300 UTC;;;;;;;;;;;;;;;;;;
2026/04/07;1400 UTC;;;;;;;;;;;;;;;;;;
2026/04/07;1500 UTC;;;;;;;;;;;;;;;;;;
2026/04/07;1600 UTC;;;;;;;;;;;;;;;;;;
2026/04/07;1700 UTC;;;;;;;;;;;;;;;;;;
2026/04/07;1800 UTC;;;;;;;;;;;;;;;;;;
2026/04/07;1900 UTC;;;;;;;;;;;;;;;;;;
2026/04/07;2000 UTC;;;;;;;;;;;;;;;;;;
2026/04/07;2100 UTC;;;;;;;;;;;;;;;;;;
2026/04/07;2200 UTC;;;;;;;;;;;;;;;;;;
2026/04/07;2300 UTC;;;;;;;;;;;;;;;;;;
2026/04/08;0000 UTC;;;;;;;;;;;;;;;;;;
2026/04/08;0100 UTC;;;;;;;;;;;;;;;;;;
2026/04/08;0200 UTC;;;;;;;;;;;;;;;;;;
2026/04/08;0300 UTC;;;;;;;;;;;;;;;;;;
2026/04/08;0400 UTC;;;;;;;;;;;;;;;;;;
2026/04/08;0500 UTC;;;;;;;;;;;;;;;;;;
2026/04/08;0600 UTC;;;;;;;;;;;;;;;;;;
2026/04/08;0700 UTC;;;;;;;;;;;;;;;;;;
2026/04/08;0800 UTC;;;;;;;;;;;;;;;;;;
2026/04/08;0900 UTC;;;;;;;;;;;;;;;;;;
2026/04/08;1000 UTC;;;;;;;;;;;;;;;;;;
2026/04/08;1100 UTC;;;;;;;;;;;;;;;;;;
2026/04/08;1200 UTC;;;;;;;;;;;;;;;;;;
2026/04/08;1300 UTC;;;;;;;;;;;;;;;;;;
2026/04/08;1400 UTC;;;;;;;;;;;;;;;;;;
2026/04/08;1500 UTC;;;;;;;;;;;;;;;;;;
2026/04/08;1600 UTC;;;;;;;;;;;;;;;;;;
2026/04/08;1700 UTC;;;;;;;;;;;;;;;;;;
2026/04/08;1800 UTC;;;;;;;;;;;;;;;;;;
2026/04/08;1900 UTC;;;;;;;;;;;;;;;;;;
2026/04/08;2000 UTC;;;;;;;;;;;;;;;;;;
2026/04/08;2100 UTC;;;;;;;;;;;;;;;;;;
2026/04/08;2200 UTC;;;;;;;;;;;;;;;;;;
2026/04/08;2300 UTC;;;;;;;;;;;;;;;;;;
2026/04/09;0000 UTC;;;;;;;;;;;;;;;;;;
2026/04/09;0100 UTC;;;;;;;;;;;;;;;;;;
2026/04/09;0200 UTC;;;;;;;;;;;;;;;;;;
2026/04/09;0300 UTC;;;;;;;;;;;;;;;;;;
2026/04/09;0400 UTC;;;;;;;;;;;;;;;;;;
2026/04/09;0500 UTC;;;;;;;;;;;;;;;;;;
2026/04/09;0600 UTC;;;;;;;;;;;;;;;;;;
2026/04/09;0700 UTC;;;;;;;;;;;;;;;;;;
2026/04/09;0800 UTC;;;;;;;;;;;;;;;;;;
2026/04/09;0900 UTC;;;;;;;;;;;;;;;;;;
2026/04/09;1000 UTC;;;;;;;;;;;;;;;;;;
2026/04/09;1100 UTC;;;;;;;;;;;;;;;;;;
2026/04/09;1200 UTC;;;;;;;;;;;;;;;;;;
2026/04/09;1300 UTC;;;;;;;;;;;;;;;;;;
2026/04/09;1400 UTC;;;;;;;;;;;;;;;;;;
2026/04/09;1500 UTC;;;;;;;;;;;;;;;;;;
2026/04/09;1600 UTC;;;;;;;;;;;;;;;;;;
2026/04/09;1700 UTC;;;;;;;;;;;;;;;;;;
2026/04/09;1800 UTC;;;;;;;;;;;;;;;;;;
2026/04/09;1900 UTC;;;;;;;;;;;;;;;;;;
2026/04/09;2000 UTC;;;;;;;;;;;;;;;;;;
2026/04/09;2100 UTC;;;;;;;;;;;;;;;;;;
2026/04/09;2200 UTC;;;;;;;;;;;;;;;;;;
2026/04/09;2300 UTC;;;;;;;;;;;;;;;;;;
2026/04/10;0000 UTC;;;;;;;;;;;;;;;;;;
2026/04/10;0100 UTC;;;;;;;;;;;;;;;;;;
2026/04/10;0200 UTC;;;;;;;;;;;;;;;;;;
2026/04/10;0300 UTC;;;;;;;;;;;;;;;;;;
2026/04/10;0400 UTC;;;;;;;;;;;;;;;;;;
2026/04/10;0500 UTC;;;;;;;;;;;;;;;;;;
2026/04/10;0600 UTC;;;;;;;;;;;;;;;;;;
2026/04/10;0700 UTC;;;;;;;;;;;;;;;;;;
2026/04/10;0800 UTC;;;;;;;;;;;;;;;;;;
2026/04/10;0900 UTC;;;;;;;;;;;;;;;;;;
2026/04/10;1000 UTC;;;;;;;;;;;;;;;;;;
2026/04/10;1100 UTC;;;;;;;;;;;;;;;;;;
2026/04/10;1200 UTC;;;;;;;;;;;;;;;;;;
2026/04/10;1300 UTC;;;;;;;;;;;;;;;;;;
2026/04/10;1400 UTC;;;;;;;;;;;;;;;;;;
2026/04/10;1500 UTC;;;;;;;;;;;;;;;;;;
2026/04/10;1600 UTC;;;;;;;;;;;;;;;;;;
2026/04/10;1700 UTC;;;;;;;;;;;;;;;;;;
2026/04/10;1800 UTC;;;;;;;;;;;;;;;;;;
2026/04/10;1900 UTC;;;;;;;;;;;;;;;;;;
2026/04/10;2000 UTC;;;;;;;;;;;;;;;;;;
2026/04/10;2100 UTC;;;;;;;;;;;;;;;;;;
2026/04/10;2200 UTC;;;;;;;;;;;;;;;;;;
2026/04/10;2300 UTC;;;;;;;;;;;;;;;;;;
2026/04/11;0000 UTC;;;;;;;;;;;;;;;;;;
2026/04/11;0100 UTC;;;;;;;;;;;;;;;;;;
2026/04/11;0200 UTC;;;;;;;;;;;;;;;;;;
2026/04/11;0300 UTC;;;;;;;;;;;;;;;;;;
2026/04/11;0400 UTC;;;;;;;;;;;;;;;;;;
2026/04/11;0500 UTC;;;;;;;;;;;;;;;;;;
2026/04/11;0600 UTC;;;;;;;;;;;;;;;;;;
2026/04/11;0700 UTC;;;;;;;;;;;;;;;;;;
2026/04/11;0800 UTC;;;;;;;;;;;;;;;;;;
2026/04/11;0900 UTC;;;;;;;;;;;;;;;;;;
2026/04/11;1000 UTC;;;;;;;;;;;;;;;;;;
2026/04/11;1100 UTC;;;;;;;;;;;;;;;;;;
2026/04/11;1200 UTC;;;;;;;;;;;;;;;;;;
2026/04/11;1300 UTC;;;;;;;;;;;;;;;;;;
2026/04/11;1400 UTC;;;;;;;;;;;;;;;;;;
2026/04/11;1500 UTC;;;;;;;;;;;;;;;;;;
2026/04/11;1600 UTC;;;;;;;;;;;;;;;;;;
2026/04/11;1700 UTC;;;;;;;;;;;;;;;;;;
2026/04/11;1800 UTC;;;;;;;;;;;;;;;;;;
2026/04/11;1900 UTC;;;;;;;;;;;;;;;;;;
2026/04/11;2000 UTC;;;;;;;;;;;;;;;;;;
2026/04/11;2100 UTC;;;;;;;;;;;;;;;;;;
2026/04/11;2200 UTC;;;;;;;;;;;;;;;;;;
2026/04/11;2300 UTC;;;;;;;;;;;;;;;;;;
2026/04/12;0000 UTC;;;;;;;;;;;;;;;;;;
2026/04/12;0100 UTC;;;;;;;;;;;;;;;;;;
2026/04/12;0200 UTC;;;;;;;;;;;;;;;;;;
2026/04/12;0300 UTC;;;;;;;;;;;;;;;;;;
2026/04/12;0400 UTC;;;;;;;;;;;;;;;;;;
2026/04/12;0500 UTC;;;;;;;;;;;;;;;;;;
2026/04/12;0600 UTC;;;;;;;;;;;;;;;;;;
2026/04/12;0700 UTC;;;;;;;;;;;;;;;;;;
2026/04/12;0800 UTC;;;;;;;;;;;;;;;;;;
2026/04/12;0900 UTC;;;;;;;;;;;;;;;;;;
2026/04/12;1000 UTC;;;;;;;;;;;;;;;;;;
2026/04/12;1100 UTC;;;;;;;;;;;;;;;;;;
2026/04/12;1200 UTC;;;;;;;;;;;;;;;;;;
2026/04/12;1300 UTC;;;;;;;;;;;;;;;;;;
2026/04/12;1400 UTC;;;;;;;;;;;;;;;;;;
2026/04/12;1500 UTC;;;;;;;;;;;;;;;;;;
2026/04/12;1600 UTC;;;;;;;;;;;;;;;;;;
2026/04/12;1700 UTC;;;;;;;;;;;;;;;;;;
2026/04/12;1800 UTC;;;;;;;;;;;;;;;;;;
2026/04/12;1900 UTC;;;;;;;;;;;;;;;;;;
2026/04/12;2000 UTC;;;;;;;;;;;;;;;;;;
2026/04/12;2100 UTC;;;;;;;;;;;;;;;;;;
2026/04/12;2200 UTC;;;;;;;;;;;;;;;;;;
2026/04/12;2300 UTC;;;;;;;;;;;;;;;;;;
2026/04/13;0000 UTC;;;;;;;;;;;;;;;;;;
2026/04/13;0100 UTC;;;;;;;;;;;;;;;;;;
2026/04/13;0200 UTC;;;;;;;;;;;;;;;;;;
2026/04/13;0300 UTC;;;;;;;;;;;;;;;;;;
2026/04/13;0400 UTC;;;;;;;;;;;;;;;;;;
2026/04/13;0500 UTC;;;;;;;;;;;;;;;;;;
2026/04/13;0600 UTC;;;;;;;;;;;;;;;;;;
2026/04/13;0700 UTC;;;;;;;;;;;;;;;;;;
2026/04/13;0800 UTC;;;;;;;;;;;;;;;;;;
2026/04/13;0900 UTC;;;;;;;;;;;;;;;;;;
2026/04/13;1000 UTC;;;;;;;;;;;;;;;;;;
2026/04/13;1100 UTC;;;;;;;;;;;;;;;;;;
2026/04/13;1200 UTC;;;;;;;;;;;;;;;;;;
2026/04/13;1300 UTC;;;;;;;;;;;;;;;;;;
2026/04/13;1400 UTC;;;;;;;;;;;;;;;;;;
2026/04/13;1500 UTC;;;;;;;;;;;;;;;;;;
2026/04/13;1600 UTC;;;;;;;;;;;;;;;;;;
2026/04/13;1700 UTC;;;;;;;;;;;;;;;;;;
2026/04/13;1800 UTC;;;;;;;;;;;;;;;;;;
2026/04/13;1900 UTC;;;;;;;;;;;;;;;;;;
2026/04/13;2000 UTC;;;;;;;;;;;;;;;;;;
2026/04/13;2100 UTC;;;;;;;;;;;;;;;;;;
2026/04/13;2200 UTC;;;;;;;;;;;;;;;;;;
2026/04/13;2300 UTC;;;;;;;;;;;;;;;;;;
2026/04/14;0000 UTC;;;;;;;;;;;;;;;;;;
2026/04/14;0100 UTC;;;;;;;;;;;;;;;;;;
2026/04/14;0200 UTC;;;;;;;;;;;;;;;;;;
2026/04/14;0300 UTC;;;;;;;;;;;;;;;;;;
2026/04/14;0400 UTC;;;;;;;;;;;;;;;;;;
2026/04/14;0500 UTC;;;;;;;;;;;;;;;;;;
2026/04/14;0600 UTC;;;;;;;;;;;;;;;;;;
2026/04/14;0700 UTC;;;;;;;;;;;;;;;;;;
2026/04/14;0800 UTC;;;;;;;;;;;;;;;;;;
2026/04/14;0900 UTC;;;;;;;;;;;;;;;;;;
2026/04/14;1000 UTC;;;;;;;;;;;;;;;;;;
2026/04/14;1100 UTC;;;;;;;;;;;;;;;;;;
2026/04/14;1200 UTC;;;;;;;;;;;;;;;;;;
2026/04/14;1300 UTC;;;;;;;;;;;;;;;;;;
2026/04/14;1400 UTC;;;;;;;;;;;;;;;;;;
2026/04/14;1500 UTC;;;;;;;;;;;;;;;;;;
2026/04/14;1600 UTC;;;;;;;;;;;;;;;;;;
2026/04/14;1700 UTC;;;;;;;;;;;;;;;;;;
2026/04/14;1800 UTC;;;;;;;;;;;;;;;;;;
2026/04/14;1900 UTC;;;;;;;;;;;;;;;;;;
2026/04/14;2000 UTC;;;;;;;;;;;;;;;;;;
2026/04/14;2100 UTC;;;;;;;;;;;;;;;;;;
2026/04/14;2200 UTC;;;;;;;;;;;;;;;;;;
2026/04/14;2300 UTC;;;;;;;;;;;;;;;;;;
2026/04/15;0000 UTC;;;;;;;;;;;;;;;;;;
2026/04/15;0100 UTC;;;;;;;;;;;;;;;;;;
2026/04/15;0200 UTC;;;;;;;;;;;;;;;;;;
2026/04/15;0300 UTC;;;;;;;;;;;;;;;;;;
2026/04/15;0400 UTC;;;;;;;;;;;;;;;;;;
2026/04/15;0500 UTC;;;;;;;;;;;;;;;;;;
2026/04/15;0600 UTC;;;;;;;;;;;;;;;;;;
2026/04/15;0700 UTC;;;;;;;;;;;;;;;;;;
2026/04/15;0800 UTC;;;;;;;;;;;;;;;;;;
2026/04/15;0900 UTC;;;;;;;;;;;;;;;;;;
2026/04/15;1000 UTC;;;;;;;;;;;;;;;;;;
2026/04/15;1100 UTC;;;;;;;;;;;;;;;;;;
2026/04/15;1200 UTC;;;;;;;;;;;;;;;;;;
2026/04/15;1300 UTC;;;;;;;;;;;;;;;;;;
2026/04/15;1400 UTC;;;;;;;;;;;;;;;;;;
2026/04/15;1500 UTC;;;;;;;;;;;;;;;;;;
2026/04/15;1600 UTC;;;;;;;;;;;;;;;;;;
2026/04/15;1700 UTC;;;;;;;;;;;;;;;;;;
2026/04/15;1800 UTC;;;;;;;;;;;;;;;;;;
2026/04/15;1900 UTC;;;;;;;;;;;;;;;;;;
2026/04/15;2000 UTC;;;;;;;;;;;;;;;;;;
2026/04/15;2100 UTC;;;;;;;;;;;;;;;;;;
2026/04/15;2200 UTC;;;;;;;;;;;;;;;;;;
2026/04/15;2300 UTC;;;;;;;;;;;;;;;;;;
2026/04/16;0000 UTC;;;;;;;;;;;;;;;;;;
2026/04/16;0100 UTC;;;;;;;;;;;;;;;;;;
2026/04/16;0200 UTC;;;;;;;;;;;;;;;;;;
2026/04/16;0300 UTC;;;;;;;;;;;;;;;;;;
2026/04/16;0400 UTC;;;;;;;;;;;;;;;;;;
2026/04/16;0500 UTC;;;;;;;;;;;;;;;;;;
2026/04/16;0600 UTC;;;;;;;;;;;;;;;;;;
2026/04/16;0700 UTC;;;;;;;;;;;;;;;;;;
2026/04/16;0800 UTC;;;;;;;;;;;;;;;;;;
2026/04/16;0900 UTC;;;;;;;;;;;;;;;;;;
2026/04/16;1000 UTC;;;;;;;;;;;;;;;;;;
2026/04/16;1100 UTC;;;;;;;;;;;;;;;;;;
2026/04/16;1200 UTC;;;;;;;;;;;;;;;;;;
2026/04/16;1300 UTC;;;;;;;;;;;;;;;;;;
2026/04/16;1400 UTC;;;;;;;;;;;;;;;;;;
2026/04/16;1500 UTC;;;;;;;;;;;;;;;;;;
2026/04/16;1600 UTC;;;;;;;;;;;;;;;;;;
2026/04/16;1700 UTC;;;;;;;;;;;;;;;;;;
2026/04/16;1800 UTC;;;;;;;;;;;;;;;;;;
2026/04/16;1900 UTC;;;;;;;;;;;;;;;;;;
2026/04/16;2000 UTC;;;;;;;;;;;;;;;;;;
2026/04/16;2100 UTC;;;;;;;;;;;;;;;;;;
2026/04/16;2200 UTC;;;;;;;;;;;;;;;;;;
2026/04/16;2300 UTC;;;;;;;;;;;;;;;;;;
2026/04/17;0000 UTC;;;;;;;;;;;;;;;;;;
2026/04/17;0100 UTC;;;;;;;;;;;;;;;;;;
2026/04/17;0200 UTC;;;;;;;;;;;;;;;;;;
2026/04/17;0300 UTC;;;;;;;;;;;;;;;;;;
2026/04/17;0400 UTC;;;;;;;;;;;;;;;;;;
2026/04/17;0500 UTC;;;;;;;;;;;;;;;;;;
2026/04/17;0600 UTC;;;;;;;;;;;;;;;;;;
2026/04/17;0700 UTC;;;;;;;;;;;;;;;;;;
2026/04/17;0800 UTC;;;;;;;;;;;;;;;;;;
2026/04/17;0900 UTC;;;;;;;;;;;;;;;;;;
2026/04/17;1000 UTC;;;;;;;;;;;;;;;;;;
2026/04/17;1100 UTC;;;;;;;;;;;;;;;;;;
2026/04/17;1200 UTC;;;;;;;;;;;;;;;;;;
2026/04/17;1300 UTC;;;;;;;;;;;;;;;;;;
2026/04/17;1400 UTC;;;;;;;;;;;;;;;;;;
2026/04/17;1500 UTC;;;;;;;;;;;;;;;;;;
2026/04/17;1600 UTC;;;;;;;;;;;;;;;;;;
2026/04/17;1700 UTC;;;;;;;;;;;;;;;;;;
2026/04/17;1800 UTC;;;;;;;;;;;;;;;;;;
2026/04/17;1900 UTC;;;;;;;;;;;;;;;;;;
2026/04/17;2000 UTC;;;;;;;;;;;;;;;;;;
2026/04/17;2100 UTC;;;;;;;;;;;;;;;;;;
2026/04/17;2200 UTC;;;;;;;;;;;;;;;;;;
2026/04/17;2300 UTC;;;;;;;;;;;;;;;;;;
2026/04/18;0000 UTC;;;;;;;;;;;;;;;;;;
2026/04/18;0100 UTC;;;;;;;;;;;;;;;;;;
2026/04/18;0200 UTC;;;;;;;;;;;;;;;;;;
2026/04/18;0300 UTC;;;;;;;;;;;;;;;;;;
2026/04/18;0400 UTC;;;;;;;;;;;;;;;;;;
2026/04/18;0500 UTC;;;;;;;;;;;;;;;;;;
2026/04/18;0600 UTC;;;;;;;;;;;;;;;;;;
2026/04/18;0700 UTC;;;;;;;;;;;;;;;;;;
2026/04/18;0800 UTC;;;;;;;;;;;;;;;;;;
2026/04/18;0900 UTC;;;;;;;;;;;;;;;;;;
2026/04/18;1000 UTC;;;;;;;;;;;;;;;;;;
2026/04/18;1100 UTC;;;;;;;;;;;;;;;;;;
2026/04/18;1200 UTC;;;;;;;;;;;;;;;;;;
2026/04/18;1300 UTC;;;;;;;;;;;;;;;;;;
2026/04/18;1400 UTC;;;;;;;;;;;;;;;;;;
2026/04/18;1500 UTC;;;;;;;;;;;;;;;;;;
2026/04/18;1600 UTC;;;;;;;;;;;;;;;;;;
2026/04/18;1700 UTC;;;;;;;;;;;;;;;;;;
2026/04/18;1800 UTC;;;;;;;;;;;;;;;;;;
2026/04/18;1900 UTC;;;;;;;;;;;;;;;;;;
2026/04/18;2000 UTC;;;;;;;;;;;;;;;;;;
2026/04/18;2100 UTC;;;;;;;;;;;;;;;;;;
2026/04/18;2200 UTC;;;;;;;;;;;;;;;;;;
2026/04/18;2300 UTC;;;;;;;;;;;;;;;;;;
2026/04/19;0000 UTC;;;;;;;;;;;;;;;;;;
2026/04/19;0100 UTC;;;;;;;;;;;;;;;;;;
2026/04/19;0200 UTC;;;;;;;;;;;;;;;;;;
2026/04/19;0300 UTC;;;;;;;;;;;;;;;;;;
2026/04/19;0400 UTC;;;;;;;;;;;;;;;;;;
2026/04/19;0500 UTC;;;;;;;;;;;;;;;;;;
2026/04/19;0600 UTC;;;;;;;;;;;;;;;;;;
2026/04/19;0700 UTC;;;;;;;;;;;;;;;;;;
2026/04/19;0800 UTC;;;;;;;;;;;;;;;;;;
2026/04/19;0900 UTC;;;;;;;;;;;;;;;;;;
2026/04/19;1000 UTC;;;;;;;;;;;;;;;;;;
2026/04/19;1100 UTC;;;;;;;;;;;;;;;;;;
2026/04/19;1200 UTC;;;;;;;;;;;;;;;;;;
2026/04/19;1300 UTC;;;;;;;;;;;;;;;;;;
2026/04/19;1400 UTC;;;;;;;;;;;;;;;;;;
2026/04/19;1500 UTC;;;;;;;;;;;;;;;;;;
2026/04/19;1600 UTC;;;;;;;;;;;;;;;;;;
2026/04/19;1700 UTC;;;;;;;;;;;;;;;;;;
2026/04/19;1800 UTC;;;;;;;;;;;;;;;;;;
2026/04/19;1900 UTC;;;;;;;;;;;;;;;;;;
2026/04/19;2000 UTC;;;;;;;;;;;;;;;;;;
2026/04/19;2100 UTC;;;;;;;;;;;;;;;;;;
2026/04/19;2200 UTC;;;;;;;;;;;;;;;;;;
2026/04/19;2300 UTC;;;;;;;;;;;;;;;;;;
2026/04/20;0000 UTC;;;;;;;;;;;;;;;;;;
2026/04/20;0100 UTC;;;;;;;;;;;;;;;;;;
2026/04/20;0200 UTC;;;;;;;;;;;;;;;;;;
2026/04/20;0300 UTC;;;;;;;;;;;;;;;;;;
2026/04/20;0400 UTC;;;;;;;;;;;;;;;;;;
2026/04/20;0500 UTC;;;;;;;;;;;;;;;;;;
2026/04/20;0600 UTC;;;;;;;;;;;;;;;;;;
2026/04/20;0700 UTC;;;;;;;;;;;;;;;;;;
2026/04/20;0800 UTC;;;;;;;;;;;;;;;;;;
2026/04/20;0900 UTC;;;;;;;;;;;;;;;;;;
2026/04/20;1000 UTC;;;;;;;;;;;;;;;;;;
2026/04/20;1100 UTC;;;;;;;;;;;;;;;;;;
2026/04/20;1200 UTC;;;;;;;;;;;;;;;;;;
2026/04/20;1300 UTC;;;;;;;;;;;;;;;;;;
2026/04/20;1400 UTC;;;;;;;;;;;;;;;;;;
2026/04/20;1500 UTC;;;;;;;;;;;;;;;;;;
2026/04/20;1600 UTC;;;;;;;;;;;;;;;;;;
2026/04/20;1700 UTC;;;;;;;;;;;;;;;;;;
2026/04/20;1800 UTC;;;;;;;;;;;;;;;;;;
2026/04/20;1900 UTC;;;;;;;;;;;;;;;;;;
2026/04/20;2000 UTC;;;;;;;;;;;;;;;;;;
2026/04/20;2100 UTC;;;;;;;;;;;;;;;;;;
2026/04/20;2200 UTC;;;;;;;;;;;;;;;;;;
2026/04/20;2300 UTC;;;;;;;;;;;;;;;;;;
2026/04/21;0000 UTC;;;;;;;;;;;;;;;;;;
2026/04/21;0100 UTC;;;;;;;;;;;;;;;;;;
2026/04/21;0200 UTC;;;;;;;;;;;;;;;;;;
2026/04/21;0300 UTC;;;;;;;;;;;;;;;;;;
2026/04/21;0400 UTC;;;;;;;;;;;;;;;;;;
2026/04/21;0500 UTC;;;;;;;;;;;;;;;;;;
2026/04/21;0600 UTC;;;;;;;;;;;;;;;;;;
2026/04/21;0700 UTC;;;;;;;;;;;;;;;;;;
2026/04/21;0800 UTC;;;;;;;;;;;;;;;;;;
2026/04/21;0900 UTC;;;;;;;;;;;;;;;;;;
2026/04/21;1000 UTC;;;;;;;;;;;;;;;;;;
2026/04/21;1100 UTC;;;;;;;;;;;;;;;;;;
2026/04/21;1200 UTC;;;;;;;;;;;;;;;;;;
2026/04/21;1300 UTC;;;;;;;;;;;;;;;;;;
2026/04/21;1400 UTC;;;;;;;;;;;;;;;;;;
2026/04/21;1500 UTC;;;;;;;;;;;;;;;;;;
2026/04/21;1600 UTC;;;;;;;;;;;;;;;;;;
2026/04/21;1700 UTC;;;;;;;;;;;;;;;;;;
2026/04/21;1800 UTC;;;;;;;;;;;;;;;;;;
2026/04/21;1900 UTC;;;;;;;;;;;;;;;;;;
2026/04/21;2000 UTC;;;;;;;;;;;;;;;;;;
2026/04/21;2100 UTC;;;;;;;;;;;;;;;;;;
2026/04/21;2200 UTC;;;;;;;;;;;;;;;;;;
2026/04/21;2300 UTC;;;;;;;;;;;;;;;;;;
2026/04/22;0000 UTC;;;;;;;;;;;;;;;;;;
2026/04/22;0100 UTC;;;;;;;;;;;;;;;;;;
2026/04/22;0200 UTC;;;;;;;;;;;;;;;;;;
2026/04/22;0300 UTC;;;;;;;;;;;;;;;;;;
2026/04/22;0400 UTC;;;;;;;;;;;;;;;;;;
2026/04/22;0500 UTC;;;;;;;;;;;;;;;;;;
2026/04/22;0600 UTC;;;;;;;;;;;;;;;;;;
2026/04/22;0700 UTC;;;;;;;;;;;;;;;;;;
2026/04/22;0800 UTC;;;;;;;;;;;;;;;;;;
2026/04/22;0900 UTC;;;;;;;;;;;;;;;;;;
2026/04/22;1000 UTC;;;;;;;;;;;;;;;;;;
2026/04/22;1100 UTC;;;;;;;;;;;;;;;;;;
2026/04/22;1200 UTC;;;;;;;;;;;;;;;;;;
2026/04/22;1300 UTC;;;;;;;;;;;;;;;;;;
2026/04/22;1400 UTC;;;;;;;;;;;;;;;;;;
2026/04/22;1500 UTC;;;;;;;;;;;;;;;;;;
2026/04/22;1600 UTC;;;;;;;;;;;;;;;;;;
2026/04/22;1700 UTC;;;;;;;;;;;;;;;;;;
2026/04/22;1800 UTC;;;;;;;;;;;;;;;;;;
2026/04/22;1900 UTC;;;;;;;;;;;;;;;;;;
2026/04/22;2000 UTC;;;;;;;;;;;;;;;;;;
2026/04/22;2100 UTC;;;;;;;;;;;;;;;;;;
2026/04/22;2200 UTC;;;;;;;;;;;;;;;;;;
2026/04/22;2300 UTC;;;;;;;;;;;;;;;;;;
2026/04/23;0000 UTC;;;;;;;;;;;;;;;;;;
2026/04/23;0100 UTC;;;;;;;;;;;;;;;;;;
2026/04/23;0200 UTC;;;;;;;;;;;;;;;;;;
2026/04/23;0300 UTC;;;;;;;;;;;;;;;;;;
2026/04/23;0400 UTC;;;;;;;;;;;;;;;;;;
2026/04/23;0500 UTC;;;;;;;;;;;;;;;;;;
2026/04/23;0600 UTC;;;;;;;;;;;;;;;;;;
2026/04/23;0700 UTC;;;;;;;;;;;;;;;;;;
2026/04/23;0800 UTC;;;;;;;;;;;;;;;;;;
2026/04/23;0900 UTC;;;;;;;;;;;;;;;;;;
2026/04/23;1000 UTC;;;;;;;;;;;;;;;;;;
2026/04/23;1100 UTC;;;;;;;;;;;;;;;;;;
2026/04/23;1200 UTC;;;;;;;;;;;;;;;;;;
2026/04/23;1300 UTC;;;;;;;;;;;;;;;;;;
2026/04/23;1400 UTC;;;;;;;;;;;;;;;;;;
2026/04/23;1500 UTC;;;;;;;;;;;;;;;;;;
2026/04/23;1600 UTC;0;928,9;929,2;928,6;2335,1;26,3;17,8;26,8;25,2;18,2;17,2;63;55;58;42;5,4;2,6;
2026/04/23;1700 UTC;;;;;;;;;;;;;;;;;;
2026/04/23;1800 UTC;;;;;;;;;;;;;;;;;;
2026/04/23;1900 UTC;0;927,3;927,4;927,2;1185,4;27,1;17,9;27,8;26,5;18,4;17,3;58;50;54;291;2,4;1,1;
2026/04/23;2000 UTC;0;927,1;927,2;927;827,8;26,9;17,9;27,6;26,2;18,3;17,6;58;51;55;169;2,7;1,4;
2026/04/23;2100 UTC;0;927,2;927,2;927;80;25,5;17,6;26,1;24,7;18;17,2;64;58;61;94;3;1,3;
2026/04/23;2200 UTC;0;927,5;927,8;927,2;0;23,9;17,2;24,6;22,8;17,4;17;71;64;66;69;3,1;1,3;
2026/04/23;2300 UTC;0;928,3;928,6;927,8;0;22,4;16,9;22,9;22;17,1;16,7;74;69;72;106;3,9;2,2;
2026/04/24;0000 UTC;0;928,7;928,8;928,5;0;21,5;16,5;22;21,3;16,7;16,3;76;74;75;64;5,2;2,8;
2026/04/24;0100 UTC;0;;;;0;20,5;16,1;21,3;20;16,4;15,9;100;75;78;62;4,7;2,7;
2026/04/24;0200 UTC;0;;;;0;19,7;15,8;20;19,4;16;15,7;81;79;80;65;6,2;3,1;
2026/04/24;0300 UTC;0;;;;0;19;15,6;19,4;18,6;15,7;15,5;85;81;83;64;5,1;2,3;
2026/04/24;0400 UTC;;;;;;;;;;;;;;;;;;
2026/04/24;0500 UTC;;;;;;;;;;;;;;;;;;
2026/04/24;0600 UTC;0;;;;0;17,6;14,9;17,7;17,4;15;14,8;87;86;86;58;6,3;3,4;
2026/04/24;0700 UTC;0;;;;0;17,1;14,8;17,3;17;14,9;14,7;89;87;88;60;6,8;4,3;
2026/04/24;0800 UTC;0;;;;0;16,7;14,6;17;16,5;14,7;14,4;90;88;90;63;8,7;4,5;
2026/04/24;0900 UTC;0;;;;0;16,6;14,1;16,7;16,6;14,5;13,8;89;86;88;65;8,4;4,2;
2026/04/24;1000 UTC;0;;;;5,5;16,6;13,6;16,6;16,5;13,8;13,4;86;84;85;57;8;5;
2026/04/24;1100 UTC;0;;;;156,5;16,7;13,4;16,9;16,6;13,5;13,3;85;82;84;62;9,4;4,5;
2026/04/24;1200 UTC;;;;;;;;;;;;;;;;;;
2026/04/24;1300 UTC;0;;;;1103,1;18,4;13,4;19,3;17,8;13,8;13,1;78;71;75;52;7,9;3,7;
2026/04/24;1400 UTC;0;;;;1122,4;19,6;13,6;20;19,2;13,9;13,2;73;69;70;49;7;4,1;
2026/04/24;1500 UTC;0;;;;1402,3;20,8;14;21,7;20;14,5;13,8;70;62;66;42;6,2;3,7;
2026/04/24;1600 UTC;0;;;;1215,4;21,9;14,4;22,4;21,4;15;14;100;60;63;51;4,4;2,3;
2026/04/24;1700 UTC;;;;;;;;;;;;;;;;;;
2026/04/24;1800 UTC;;;;;;;;;;;;;;;;;;
2026/04/24;1900 UTC;0;;;;346,9;23,1;15;23,5;22,4;15,5;14,7;100;56;65;214;2,4;1,2;
2026/04/24;2000 UTC;0;;;;206,7;22,3;15,7;22,6;22;16,5;14,7;100;61;70;135;1,8;,7;
2026/04/24;2100 UTC;0;;;;85,5;21,2;16,1;22;20,8;16,5;15,8;78;70;74;194;1,4;,7;
2026/04/24;2200 UTC;0;;;;0;20,1;15,9;20,7;19,9;16,5;15,3;82;76;79;148;1,4;,5;
2026/04/24;2300 UTC;0;;;;0;19,8;15,8;20,2;19,4;16,1;15,4;83;76;80;144;1,7;,8;
2026/04/25;0000 UTC;0;;;;0;19,5;16;20,2;19,1;16,4;15,4;86;77;82;65;3,1;1,2;
2026/04/25;0100 UTC;0;924,9;925,4;924,6;0;19;16,3;19,3;18,8;16,5;16,1;100;84;87;172;1,7;,7;
2026/04/25;0200 UTC;0;925,2;925,5;925;0;18,5;16,9;19,2;18,2;17,2;16,4;100;86;93;173;4,4;2,6;
2026/04/25;0300 UTC;1,4;925,6;925,8;925,4;0;17,9;17,1;18,3;17,6;17,3;16,9;100;93;96;201;4,9;2,8;
2026/04/25;0400 UTC;;;;;;;;;;;;;;;;;;
2026/04/25;0500 UTC;,8;926;926,2;925,6;0;17;16,7;17,1;17;17;16,2;99;96;98;238;5,4;2,9;
2026/04/25;0600 UTC;,2;925,6;925,9;925,3;0;16,9;16,6;17;16,9;16,8;16,5;99;98;99;218;1,9;1;
2026/04/25;0700 UTC;0;924,8;925,3;924,2;0;16,9;16,8;17;16,8;16,8;16,6;99;99;99;65;2,1;1,1;
2026/04/25;0800 UTC;,4;924,1;924,9;923,9;0;16,8;16;17;16,8;16,6;14,5;99;87;96;259;2;1,2;
2026/04/25;0900 UTC;,6;924,2;924,8;923,9;0;16,5;16;16,7;16,4;16,3;15,6;99;95;97;146;3,4;1,2;
2026/04/25;1000 UTC;,6;924,2;924,4;924;,1;16,5;15,8;16,5;16,4;16;15,4;98;95;97;32;4;2,8;
2026/04/25;1100 UTC;0;924,6;924,9;924,1;85,9;16,4;15,7;16,5;16,3;16,1;15,3;98;94;96;252;1,7;,4;
2026/04/25;1200 UTC;;;;;;;;;;;;;;;;;;
2026/04/25;1300 UTC;,2;925,7;925,9;925,6;526,4;16,9;16,3;17,6;16,6;16,8;16;98;96;97;297;3,9;2,2;
2026/04/25;1400 UTC;0;925,8;926;925,6;762,2;17,7;16,5;18;17,5;17,1;16,1;96;92;94;316;5,7;2,4;
2026/04/25;1500 UTC;0;925,4;925,6;925,2;1065;18,4;16,8;19;18;17,2;16,4;100;87;92;273;4,7;2,1;
2026/04/25;1600 UTC;0;924,8;925,2;924,6;995,4;19;16,8;19,5;18,7;17,3;16,2;100;84;90;253;5,1;3,1;
2026/04/25;1700 UTC;0;924,1;924,5;923,8;1489,8;20,1;16,5;21;19,3;17,4;15,8;88;78;82;262;5,2;3;
2026/04/25;1800 UTC;0;923,5;923,8;923,4;1158,1;20,2;16,9;20,5;19,7;17,3;16,6;100;81;90;260;3,8;2,1;
2026/04/25;1900 UTC;0;923,4;923,4;923,4;811,8;;;;;;;100;100;100;295;2,7;1,4;
2026/04/25;2000 UTC;0;923,4;923,4;923,4;266,6;;;;;;;100;100;100;192;2,2;1,4;
2026/04/25;2100 UTC;0;923,4;923,4;923,4;72;;;;;;;100;100;100;185;1,4;1;
2026/04/25;2200 UTC;0;923,4;923,4;923,4;0;;;;;;;100;100;100;206;1,1;,4;
2026/04/25;2300 UTC;0;923,4;923,4;923,4;0;;;;;;;100;100;100;102;1,6;,8;
2026/04/26;0000 UTC;0;923,4;923,4;923,4;0;;;;;;;100;100;100;63;2,6;1,2;
2026/04/26;0100 UTC;0;923,6;923,9;923,4;0;18,3;16,8;18,5;18,2;17,1;16,6;100;90;93;123;3,3;1,9;
2026/04/26;0200 UTC;0;923,3;923,5;923,2;0;18,5;16,5;18,6;18,3;16,8;16,4;100;89;95;78;4,5;1,4;
2026/04/26;0300 UTC;;;;;;;;;;;;;;;;;;
2026/04/26;0400 UTC;;;;;;;;;;;;;;;;;;
2026/04/26;0500 UTC;2,8;923,2;923,2;923,2;0;;;;;;;100;100;100;67;2,6;1;
2026/04/26;0600 UTC;4,9;923,2;923,2;923,2;0;;;;;;;100;100;100;169;3;1,5;
2026/04/26;0700 UTC;5,5;923,2;923,2;923,2;0;;;;;;;100;100;100;72;3,6;1,8;
2026/04/26;0800 UTC;1,4;923,2;923,2;923,2;0;;;;;;;100;100;100;309;5,5;2,5;
2026/04/26;0900 UTC;5,9;923,2;923,2;923,2;0;;;;;;;100;100;100;301;5,2;1,9;
2026/04/26;1000 UTC;4,4;923,2;923,2;923,2;,2;;;;;;;100;100;100;89;7,1;1,7;
2026/04/26;1100 UTC;,2;923,2;923,2;923,2;56,8;;;;;;;100;100;100;290;2,1;,8;
2026/04/26;1200 UTC;1,2;923,2;923,2;923,2;212,3;;;;;;;100;100;100;257;1,8;,9;
2026/04/26;1300 UTC;2,4;923,2;923,2;923,2;508,1;;;;;;;100;100;100;230;1,2;,6;
2026/04/26;1400 UTC;0;923,2;923,2;923,2;795,3;;;;;;;100;100;100;290;3,3;2,1;
2026/04/26;1500 UTC;2;923,2;923,2;923,2;814,5;;;;;;;100;100;100;301;2,7;1,5;
2026/04/26;1600 UTC;0;923,2;923,2;923,2;900,2;;;;;;;100;100;100;295;3,6;2,2;
2026/04/26;1700 UTC;0;923,2;923,2;923,2;1606,9;;;;;;;100;100;100;297;4,5;2,8;
2026/04/26;1800 UTC;0;923,2;923,2;923,2;1968,8;;;;;;;100;100;100;279;4,2;2,4;
2026/04/26;1900 UTC;0;923,2;923,2;923,2;1636,8;;;;;;;100;100;100;309;4,5;2,4;
2026/04/26;2000 UTC;0;923,2;923,2;923,2;424,3;;;;;;;100;100;100;327;4,1;2,4;
2026/04/26;2100 UTC;0;923,2;923,2;923,2;31,7;;;;;;;100;100;100;296;3,8;2,2;
2026/04/26;2200 UTC;0;923,2;923,2;923,2;0;;;;;;;100;100;100;305;1,8;1,2;
2026/04/26;2300 UTC;0;923,2;923,2;923,2;0;;;;;;;100;100;100;197;3,7;2,3;
2026/04/27;0000 UTC;0;923,2;923,2;923,2;0;;;;;;;100;100;100;199;,7;,4;
2026/04/27;0100 UTC;0;923,5;923,6;923,4;0;17,5;15,9;18;17,1;16,6;15,1;93;90;92;227;1,9;1,2;
2026/04/27;0200 UTC;;;;;;;;;;;;;;;;;;
2026/04/27;0300 UTC;0;924,1;924,4;923,9;0;16,9;14,2;17,2;16,6;15,1;13,3;92;81;86;230;3,4;2,2;
2026/04/27;0400 UTC;0;924,1;924,3;924;0;16,3;13,8;17;15,8;14,2;13,5;91;83;88;151;,7;,3;
2026/04/27;0500 UTC;0;923,9;924,1;923,7;0;15,4;13,4;15,9;14,7;14;13,1;94;88;90;198;1,5;,9;
2026/04/27;0600 UTC;0;923,5;923,7;923,3;0;14,3;13,1;14,6;14;13,5;12,4;95;92;94;168;1;,5;
2026/04/27;0700 UTC;0;923,5;923,6;923,3;0;13,7;12,3;14;13,3;12,8;11,8;95;91;93;161;,8;,3;
2026/04/27;0800 UTC;0;923,7;924,1;923,5;0;13,8;12;14,1;12,8;12,3;11,5;94;89;91;236;3,7;1,5;
2026/04/27;0900 UTC;0;924,5;925;924,2;0;13,3;11,8;13,6;13;12;11,7;95;90;93;248;3,3;2,2;
2026/04/27;1000 UTC;0;925,5;926;924,9;1,4;12,7;11,8;13;12,3;11,9;11,7;97;94;95;246;3,2;2,1;
2026/04/27;1100 UTC;0;926,5;926,8;926,1;386;12,4;11,4;13,1;12,1;11,7;10,3;98;86;95;237;4,3;3,1;
2026/04/27;1200 UTC;0;927,1;927,3;926,8;954;13,6;10;13,9;13,1;11,8;8,1;93;71;82;233;5,8;3,6;
2026/04/27;1300 UTC;0;927,4;927,5;927,3;1559,9;15;9,1;16;14;9,9;8,2;75;66;70;273;5,6;2,5;
2026/04/27;1400 UTC;0;927,4;927,5;927,2;2433,3;16,7;9,5;17,6;16;10,7;8,5;100;60;64;259;6,6;4,1;
2026/04/27;1500 UTC;0;926,9;927,2;926,7;2833,3;17,8;9;18,3;17,4;10,3;8,3;100;52;59;271;7,6;4;
2026/04/27;1600 UTC;0;926,4;926,7;926;2957,5;18,5;9,5;19,3;18;10,1;8,8;100;52;56;277;7,8;3,9;
2026/04/27;1700 UTC;0;925,8;926,1;925,5;2767,9;19,5;9,5;19,9;19;10,3;9,1;54;47;50;287;8;4,8;
2026/04/27;1800 UTC;0;925,4;925,6;925,3;2400,8;19,9;7,9;20,1;19,4;9,8;6,9;100;34;41;283;7,6;4,6;
2026/04/27;1900 UTC;0;925,6;925,9;925,3;1795,2;19,3;7;20;18;8,5;5,7;48;30;39;228;7,5;4,7;
2026/04/27;2000 UTC;0;926;926,3;925,8;1024,9;17,5;6,4;18,1;16,8;7,2;5,5;47;43;45;225;6,7;4,2;
2026/04/27;2100 UTC;0;926,4;926,5;926,3;251,2;15,6;4,5;16,7;14,3;5,4;3,5;100;42;49;223;5,1;3,2;
2026/04/27;2200 UTC;0;926,5;926,8;926,4;0;12,7;3,2;14,2;11,5;3,9;2,4;56;47;53;201;1,8;1,2;
2026/04/27;2300 UTC;0;927;927,1;926,7;0;11,1;2,2;11,5;10,8;2,9;,9;60;47;55;222;4,4;2,4;
2026/04/28;0000 UTC;0;927,3;927,6;927,1;0;10,5;1,2;11,6;9,8;1,7;,8;57;46;54;196;2,4;1,5;
2026/04/28;0100 UTC;0;927,7;927,9;927,6;0;9,6;,8;9,9;9,3;1,4;,2;59;53;56;173;2,4;1,4;
2026/04/28;0200 UTC;;;;;;;;;;;;;;;;;;
2026/04/28;0300 UTC;;;;;;;;;;;;;;;;;;
2026/04/28;0400 UTC;;;;;;;;;;;;;;;;;;
2026/04/28;0500 UTC;0;927;927,1;926,9;0;8,7;-,2;9,1;7,9;,3;-,5;61;53;56;94;3,1;1,6;
2026/04/28;0600 UTC;0;926,8;926,9;926,6;0;6,6;0;7,9;5,9;1,1;-,6;72;59;67;78;3;1,8;
2026/04/28;0700 UTC;0;926,5;926,6;926,3;0;6,1;,4;6,9;5,4;1,9;-,6;79;63;72;75;2,7;1,6;
2026/04/28;0800 UTC;0;926,4;926,5;926,3;0;6,4;1,5;6,8;5,9;2,1;1,2;80;72;76;92;3,4;2,2;
2026/04/28;0900 UTC;0;926,4;926,6;926,3;0;5,8;1,7;6,6;4,7;2,4;1,2;88;73;80;78;3,6;1,7;
2026/04/28;1000 UTC;0;927,1;927,6;926,7;1,3;5,6;2,2;6,1;4,9;2,6;1,8;88;79;83;73;2,8;1,4;
2026/04/28;1100 UTC;0;927,9;928,1;927,5;315,7;5,6;2,7;7,3;4,9;2,9;2,5;89;77;85;47;3,7;2;
2026/04/28;1200 UTC;0;928,3;928,6;928,1;798,6;8,8;2,8;9,9;7,4;3,6;2,2;78;62;70;91;3,7;2;
2026/04/28;1300 UTC;0;928,8;928,9;928,5;1601,8;11,5;4,2;13,9;9,7;5,8;2,8;70;56;63;68;4,2;1,7;
2026/04/28;1400 UTC;0;928,9;929;928,6;2469,5;14,8;6,4;16,1;13,8;8;5;61;54;58;65;4;1,9;
2026/04/28;1500 UTC;0;928,3;928,6;927,8;2849,8;17,3;7,9;18,8;16,2;8,9;7,2;60;45;53;184;2,4;1,2;
2026/04/28;1600 UTC;0;927,4;927,7;927;2938,4;19,7;8,5;20,5;18,6;9,5;7,8;100;38;48;299;4;2,5;
2026/04/28;1700 UTC;;;;;;;;;;;;;;;;;;
2026/04/28;1800 UTC;0;926,1;926,4;926;2365,1;22;8,1;22,6;21,6;9,2;6,9;37;24;30;260;3,6;1,8;
2026/04/28;1900 UTC;0;925,9;926;925,7;1748,5;22,4;7,8;22,8;22;8,5;7;33;23;27;252;3,8;2,1;
2026/04/28;2000 UTC;0;925,7;925,8;925,6;987,2;21,7;7,4;22,2;21,1;8,1;6,6;31;27;29;219;4,3;2,3;
2026/04/28;2100 UTC;0;925,9;926;925,7;223,8;19,8;7;21,1;18;7,6;6,3;45;29;36;200;2,3;1,4;
2026/04/28;2200 UTC;0;926,2;926,4;926;0;16,9;5,5;17,9;16,5;6,7;4,3;100;37;45;177;1,9;1,2;
2026/04/28;2300 UTC;0;926,4;926,7;926;0;16,7;4,7;17,6;16;7;3,6;50;33;40;170;3,4;2,4;
2026/04/29;0000 UTC;;;;;;;;;;;;;;;;;;
2026/04/29;0100 UTC;0;926,8;927,4;926,4;0;15,9;4,5;17;14,9;5,5;3,2;52;33;43;50;3,7;1,7;
2026/04/29;0200 UTC;0;926,9;927,4;926,6;0;14,4;6,7;15,2;14;7,2;5,2;66;51;61;34;5;3,1;
2026/04/29;0300 UTC;;;;;;;;;;;;;;;;;;
2026/04/29;0400 UTC;0;926,6;926,9;926,3;0;13,6;7,9;13,9;13,4;8,1;7,6;73;69;71;73;1,7;1;
2026/04/29;0500 UTC;;;;;;;;;;;;;;;;;;
2026/04/29;0600 UTC;0;925,3;925,9;924,7;0;13,2;8,6;13,4;12,8;8,9;8,4;80;76;77;72;2,8;1,2;
2026/04/29;0700 UTC;0;924,5;924,7;924,2;0;12,7;8,8;12,8;12,3;9,1;8,5;84;78;80;74;4,7;1,6;
2026/04/29;0800 UTC;0;924,1;924,4;923,9;0;13;10,3;13,2;12,3;11;9,2;89;84;87;66;4,3;2;
2026/04/29;0900 UTC;0;923,7;924;923,4;0;13,1;11;13,6;12,8;11,9;10,5;92;87;90;71;3,7;1,8;
2026/04/29;1000 UTC;0;923,7;923,9;923,5;0;13,6;11,9;14,1;12,8;12,3;11,2;93;89;92;112;6,2;2,4;
2026/04/29;1100 UTC;0;924,2;924,6;923,8;76;13,8;12,2;14,1;13,3;12,4;11,7;94;91;92;73;2,9;1,5;
2026/04/29;1200 UTC;0;924,9;925,2;924,4;269,2;14,5;12,6;15;13,9;12,9;12,4;92;89;91;126;2,4;1,3;
2026/04/29;1300 UTC;0;925,2;925,5;924,8;414,6;15,5;13,1;15,8;15;13,4;12,8;89;87;88;75;3,4;1,5;
2026/04/29;1400 UTC;0;925,5;925,7;925,3;711,4;16,4;13,5;16,9;15,8;13,9;13,2;88;84;86;100;4,8;2,5;
2026/04/29;1500 UTC;0;925,2;925,5;924,9;825,4;17,1;14,3;17,2;16,9;14,8;13,8;88;83;86;53;2,7;1,4;
2026/04/29;1600 UTC;0;924,4;924,8;923,9;1346;18,1;14,7;18,8;17,3;15;14,3;100;79;86;178;3,8;2,2;
2026/04/29;1700 UTC;;;;;;;;;;;;;;;;;;
2026/04/29;1800 UTC;0;923;923,7;922,6;442,8;18,5;15;18,7;18,3;15,4;14,7;100;80;85;56;3;1,7;
2026/04/29;1900 UTC;0;923,4;923,6;922,9;446,4;18,7;15,2;18,9;18,5;15,4;15;100;81;85;336;2,7;1,5;
2026/04/29;2000 UTC;0;923,6;923,8;923,4;237,8;17,7;14,5;18,7;;15,5;;100;83;86;127;1,4;,6;
2026/04/29;2100 UTC;0;923,8;923,8;923,8;38,7;;;;;;;100;100;100;247;2,6;1,7;
2026/04/29;2200 UTC;0;923,8;923,8;923,8;0;;;;;;;100;100;100;160;1,1;,7;
2026/04/29;2300 UTC;0;923,8;923,8;923,8;0;;;;;;;100;100;100;168;1,8;1,2;
2026/04/30;0000 UTC;;;;;;;;;;;;;;;;;;
2026/04/30;0100 UTC;0;925,9;926;925,7;0;16;12,4;16,7;15,5;14,2;10,8;92;75;82;192;1,2;,3;
2026/04/30;0200 UTC;0;926,1;926,3;926;0;15;10,8;15,6;14,1;11,7;10,4;88;76;79;271;1;,6;
2026/04/30;0300 UTC;;;;;;;;;;;;;;;;;;
2026/04/30;0400 UTC;0;926,7;927,1;926,4;0;13,4;11,8;14,1;13,1;13,5;10,8;100;83;92;45;2,6;1,7;
2026/04/30;0500 UTC;0;927,1;927,2;927;0;13,7;13,7;14;13,4;14,1;13,4;100;100;100;121;1,4;,6;
2026/04/30;0600 UTC;0;926,8;927;926,6;0;13,9;13,9;14,4;13,5;14,4;13,4;100;100;100;173;1;,4;
2026/04/30;0700 UTC;;;;;;;;;;;;;;;;;;
2026/04/30;0800 UTC;0;926,1;926,1;925,9;0;13;12,9;13,6;12,6;13,5;12,5;100;99;100;102;2,2;1,2;
2026/04/30;0900 UTC;0;926,1;926,2;926;0;12,3;12,3;12,8;11,9;12,9;11,9;100;100;100;123;1;,4;
2026/04/30;1000 UTC;0;926,6;927,1;926,2;1,4;11,5;11,5;11,9;11,2;12;11,3;100;100;100;59;2,8;1,1;
2026/04/30;1100 UTC;0;927,5;927,8;927,2;230;11,6;11,6;12,1;11,3;12,1;11,3;100;100;100;196;1,7;1;
2026/04/30;1200 UTC;0;928,2;928,7;927,8;558,5;12,5;12,5;12,8;12,2;12,7;12,1;100;99;100;71;4,5;1,8;
2026/04/30;1300 UTC;0;928,9;929;928,7;855,1;13,1;13,1;14;12,5;14;12,4;100;99;100;59;4;1,9;
2026/04/30;1400 UTC;0;928,7;928,9;928,5;1703,9;15,4;14;17;13,9;14,7;13,5;100;83;93;101;4,3;2,3;
2026/04/30;1500 UTC;0;928,2;928,5;927,9;2520,6;18,7;13,3;19,9;16,9;14,5;12,2;100;63;74;93;4,5;2,2;
2026/04/30;1600 UTC;0;927,7;928;927,4;2816,2;20,6;13,1;21,7;19,9;13,7;12,5;69;57;63;89;5,2;2,5;
2026/04/30;1700 UTC;0;927;927,4;926,6;2676,7;22,1;12,4;22,8;21,3;13,5;11,7;61;45;52;58;6;2,8;
2026/04/30;1800 UTC;;;;;;;;;;;;;;;;;;
2026/04/30;1900 UTC;0;926,3;926,5;926,2;1734,7;23,2;11,1;23,5;22,8;12,5;10;47;33;40;41;5,9;3,1;
2026/04/30;2000 UTC;0;926,3;926,5;926,2;965,4;22,7;12,6;23,2;22,5;13,1;12,1;52;45;50;47;5;2,6;
2026/04/30;2100 UTC;0;926,6;926,8;926,5;207,6;21,5;12,1;22,5;20;12,7;11,5;58;49;53;103;3,6;2;
2026/04/30;2200 UTC;0;926,8;926,8;926,8;0;19,9;11,5;19,9;19,9;11,5;11,4;100;58;98;103;4,2;2,8;
2026/04/30;2300 UTC;;;;;;;;;;;;;;;;;;
2026/05/01;0000 UTC;0;926,8;926,8;926,8;0;;;;;;;100;100;100;64;6,9;3,4;
2026/05/01;0100 UTC;0;928,1;928,6;927,7;0;16,7;12,3;17,3;16,2;12,7;11,9;82;73;78;56;6,1;3,7;
2026/05/01;0200 UTC;0;928,7;928,8;928,5;0;15,8;12,8;16,2;15,5;12,9;12,7;86;83;85;60;5,4;3,1;
2026/05/01;0300 UTC;;;;;;;;;;;;;;;;;;
2026/05/01;0400 UTC;0;928,5;928,8;928,2;0;14,8;12,3;15;14,6;12,4;12,2;89;87;88;56;6,5;3,7;
2026/05/01;0500 UTC;0;928,1;928,2;927,8;0;14,4;12,5;14,8;14,1;12,7;12,3;93;88;91;57;5,9;3,8;
2026/05/01;0600 UTC;0;927,7;927,8;927,5;0;14,2;12,7;14,3;13,9;12,8;12,7;94;92;93;56;5,2;3,3;
2026/05/01;0700 UTC;0;927,3;927,6;926,9;0;14;12,7;14,2;13,8;12,8;12,6;94;92;94;48;7,5;4,5;
2026/05/01;0800 UTC;0;927;927,2;926,9;0;14;12,4;14,2;13,8;12,6;12,2;92;91;92;50;8,1;4,8;
2026/05/01;0900 UTC;0;927,1;927,3;927;0;14,1;12,1;14,2;13,9;12,3;12;92;89;90;63;8,2;4,2;
2026/05/01;1000 UTC;0;927,6;928,1;927,2;1,3;14;11,8;14,1;13,8;11,9;11,7;90;89;89;69;7;3,5;
2026/05/01;1100 UTC;0;928,5;928,9;928,1;266,8;14;11,8;14,5;13,7;12;11,8;91;87;89;70;6,5;3,3;
2026/05/01;1200 UTC;0;928,9;929,1;928,7;754,8;15,2;12,3;16,2;14,5;12,9;11,8;87;83;85;65;8,1;3,6;
2026/05/01;1300 UTC;0;929,2;929,3;929;1556,4;16,9;13;17,9;16,1;13,4;12,7;84;77;81;56;8,8;5,3;
2026/05/01;1400 UTC;0;929;929,1;928,7;2276,8;18,9;13,8;19,9;17,8;14,5;13,2;100;71;76;44;7,5;4,5;
2026/05/01;1500 UTC;0;928,6;928,8;928,3;2620,8;21,2;14,9;22,5;19,8;15,7;14,1;100;64;70;50;5,6;3,3;
2026/05/01;1600 UTC;0;927,8;928,3;927,4;2713,9;23,4;15,8;24,6;22,4;16,4;15,3;67;58;62;56;7,1;3,9;
2026/05/01;1700 UTC;0;926,8;927,4;926,2;2567,6;24,9;16,6;25,5;24,4;17;16;60;56;58;35;6,3;4,2;
2026/05/01;1800 UTC;;;;;;;;;;;;;;;;;;
2026/05/01;1900 UTC;0;924,8;925,3;924,6;1594,6;26,7;17,3;27;26,3;17,9;16,9;56;51;53;88;6,6;4,2;
2026/05/01;2000 UTC;0;924,6;924,9;924,4;874,6;26,5;17,6;27;26,1;18;17,4;57;53;56;55;5;3,3;
2026/05/01;2100 UTC;0;925,1;925,3;924,8;180,7;25,3;17,6;26,1;23,9;17,9;17,3;100;57;62;25;2,2;1,5;
2026/05/01;2200 UTC;;;;;;;;;;;;;;;;;;
2026/05/01;2300 UTC;0;925,3;925,3;925,3;0;;;;;;;100;100;100;31;4,1;2,6;
2026/05/02;0000 UTC;;;;;;;;;;;;;;;;;;
2026/05/02;0100 UTC;;;;;;;;;;;;;;;;;;
2026/05/02;0200 UTC;0;925,8;925,9;925,6;0;21,4;17,2;21,9;21;17,2;17,1;100;77;79;53;5,6;3,2;
2026/05/02;0300 UTC;0;925,7;925,9;925,5;0;20,7;17,2;21;20,3;17,3;17,2;100;81;84;49;5,4;3,8;
2026/05/02;0400 UTC;0;925,1;925,5;924,8;0;20,4;17,3;20,7;20,2;17,3;17,2;100;83;87;22;6,4;3,5;
2026/05/02;0500 UTC;;;;;;;;;;;;;;;;;;
2026/05/02;0600 UTC;1;925,3;926,6;924,9;1,3;20,3;17,3;20,7;18,4;17,6;16,8;100;83;86;211;13,8;6,6;
2026/05/02;0700 UTC;11,5;926,1;926,6;925,6;,1;17,5;16,7;18,3;16,8;17,1;16,5;99;94;96;257;20,2;2,3;
2026/05/02;0800 UTC;15,4;926;926,7;925,4;0;16,9;16,7;17;16,8;16,9;16,6;100;99;99;124;2,9;,8;
2026/05/02;0900 UTC;4,8;926,2;926,8;925,7;0;16,8;16,7;16,9;16,6;16,9;16,5;100;99;100;60;3,5;1,6;
2026/05/02;1000 UTC;4;926,5;927;925,9;0;16,7;16,6;17,1;16,6;17;16,5;100;99;99;48;14,2;3,8;
2026/05/02;1100 UTC;2,8;926,4;927,2;925,7;0;16,8;16,5;17;16,6;16,7;16,2;100;96;98;50;8,9;3,7;
2026/05/02;1200 UTC;0;926,6;928;925,2;15,4;16,8;16,3;17;16,7;16,5;16,1;98;97;97;149;4,9;1,3;
2026/05/02;1300 UTC;0;927,9;928,7;926,9;45,6;16,7;16,4;16,8;16,6;16,7;16,2;99;98;98;209;1,8;,9;
2026/05/02;1400 UTC;0;928;928,5;927,5;158;16,8;16,6;17,1;16,6;16,9;16,4;99;99;99;277;2;1,2;
2026/05/02;1500 UTC;0;928;928,6;927,4;279,2;17;16,8;17,3;16,8;17,1;16,6;99;99;99;294;3,6;2;
2026/05/02;1600 UTC;0;928,4;928,8;928,1;572,5;17,6;17,1;17,8;17,2;17,3;16,9;99;96;98;258;6,2;3,8;
2026/05/02;1700 UTC;0;928,5;928,9;928,1;367,8;18;17,3;18,3;17,7;17,5;17,1;98;95;97;241;7;4,1;
2026/05/02;1800 UTC;;;;;;;;;;;;;;;;;;
2026/05/02;1900 UTC;0;928,1;928,4;927,7;367,1;18,7;17,4;18,9;18,5;17,7;16,9;95;90;93;232;5;2,1;
2026/05/02;2000 UTC;0;928,1;928,5;927,7;289,5;18,7;17,4;18,9;18,6;17,6;17,2;94;92;93;237;2,7;1,5;
2026/05/02;2100 UTC;0;928,9;929,5;928,3;92,4;18,4;17,5;18,7;18,1;17,9;17,3;97;94;96;243;1,6;1,1;
2026/05/02;2200 UTC;0;929,5;929,8;929,1;,3;17,9;17,1;18,3;17,5;17,7;16,1;98;93;96;193;3,2;2;
2026/05/02;2300 UTC;0;929,6;930,2;929,3;0;16,8;15;17,5;16,2;16;14,5;93;88;91;180;4,3;1,9;
2026/05/03;0000 UTC;;;;;;;;;;;;;;;;;;
2026/05/03;0100 UTC;0;931;931,3;930,6;0;14,6;13;15,1;14;13,8;12,3;94;91;92;167;5,1;2;
2026/05/03;0200 UTC;0;931,3;931,4;931,2;0;13,5;11,7;14;13,2;12,2;11,4;92;90;91;161;3,6;1,9;
2026/05/03;0300 UTC;0;931,5;931,6;931,4;0;12,9;11,4;13,2;12,5;11,5;11,2;94;91;93;152;2,5;,9;
2026/05/03;0400 UTC;0;931,7;931,8;931,5;0;12,3;11;12,6;12,2;11,2;10,8;94;92;93;164;2,8;1,5;
2026/05/03;0500 UTC;;;;;;;;;;;;;;;;;;
2026/05/03;0600 UTC;0;931,4;931,7;931,2;0;10,8;9,1;11,2;10,4;10,1;8,4;95;89;91;153;2,9;1,2;
2026/05/03;0700 UTC;0;931,1;931,3;931;0;9,9;8;10,4;9,6;8,4;7,6;91;89;90;132;2,1;,8;
2026/05/03;0800 UTC;0;931;931,2;930,9;0;9,4;8;9,6;9,2;8,2;7,8;94;91;93;106;3,8;2,1;
2026/05/03;0900 UTC;0;930,9;931,1;930,8;0;8,7;7,3;9,2;8,2;8;6,5;94;91;93;110;4,2;1,8;
2026/05/03;1000 UTC;0;931,2;931,5;931,1;,7;7,7;5,9;8,2;7,2;6,4;5,4;92;91;91;115;3,7;1,5;
2026/05/03;1100 UTC;;;;;;;;;;;;;;;;;;
2026/05/03;1200 UTC;0;932,1;932,3;932;837,6;8,4;5,3;9,1;8;5,9;4,9;87;81;84;114;5,7;2,5;
2026/05/03;1300 UTC;0;932,7;933;932,3;1518,1;9,8;5,3;10,8;8,7;6,2;4,4;86;68;78;105;5,2;2,9;
2026/05/03;1400 UTC;0;932,8;933;932,7;2330,3;11,8;5,9;13;10,6;6,8;4,9;76;63;70;83;3,5;1,8;
2026/05/03;1500 UTC;0;932,3;932,7;931,9;2799,8;13,8;6,6;15,1;12,9;8;5,5;68;57;64;46;3,9;2,2;
2026/05/03;1600 UTC;0;931,4;931,9;930,9;2866,2;15,8;7,4;16,7;15;8,4;6,4;100;50;61;82;4,7;1,9;
2026/05/03;1700 UTC;0;930,7;930,8;930,6;2725,8;17;6,6;17,4;16,6;7,6;6;100;45;90;85;4,7;2;
2026/05/03;1800 UTC;;;;;;;;;;;;;;;;;;
2026/05/03;1900 UTC;0;930,7;930,7;930,7;1732,1;;;;;;;100;100;100;36;5,7;3,1;
2026/05/03;2000 UTC;0;930,7;930,7;930,7;952,9;;;;;;;100;100;100;87;3,6;1,5;
2026/05/03;2100 UTC;0;930,7;930,7;930,7;202,3;;;;;;;100;100;100;114;3,9;2,3;
2026/05/03;2200 UTC;;;;;;;;;;;;;;;;;;
2026/05/03;2300 UTC;0;930,7;930,7;930,7;0;;;;;;;100;100;100;100;6,4;3,6;
2026/05/04;0000 UTC;0;930,7;930,7;930,7;0;;;;;;;100;100;100;81;4,4;1,9;
2026/05/04;0100 UTC;;;;;;;;;;;;;;;;;;
2026/05/04;0200 UTC;0;928,4;928,6;928,2;0;13,7;11,7;13,9;13,5;11,8;11,3;91;88;90;47;9,6;5,8;
2026/05/04;0300 UTC;0;928,6;928,7;928,3;0;13,5;11,6;13,9;13,2;11,7;11,5;92;89;90;57;8,8;5,3;
2026/05/04;0400 UTC;;;;;;;;;;;;;;;;;;
2026/05/04;0500 UTC;0;927,6;927,9;927,5;0;13,1;11,4;13,2;13;11,4;11,3;92;91;91;62;7,3;4,1;
2026/05/04;0600 UTC;0;927,3;927,6;927;0;13,3;11,5;13,5;13,1;11,6;11,4;91;90;91;68;6,4;3,3;
2026/05/04;0700 UTC;0;926,8;927,2;926,4;0;13,4;11,7;13,5;13,3;11,8;11,6;92;91;91;58;7,5;4,6;
2026/05/04;0800 UTC;;;;;;;;;;;;;;;;;;
2026/05/04;0900 UTC;0;926,5;926,6;926,2;0;13,7;11,8;13,8;13,5;11,9;11,7;91;90;91;60;6,8;3,8;
2026/05/04;1000 UTC;0;926,8;927,1;926,6;,1;13,9;11,9;14;13,8;12;11,8;90;90;90;68;5,6;3;
2026/05/04;1100 UTC;0;927,6;928;927,1;48,7;14,1;12,1;14,2;14;12,2;12;91;89;90;63;6,8;3,2;
2026/05/04;1200 UTC;0;928,2;928,5;928;179,2;14,4;12,1;14,6;14,2;12,3;12;90;88;89;65;6,2;3;
2026/05/04;1300 UTC;0;928,6;928,8;928,4;426,6;15;12,4;15,5;14,5;12,8;12,1;89;85;87;59;5,4;3,2;
2026/05/04;1400 UTC;0;928,7;928,9;928,4;631,6;15,8;12,9;16,5;15,5;13,2;12,6;87;83;85;53;6,8;3,7;
2026/05/04;1500 UTC;0;928,3;928,6;928,1;856,1;16,8;13,6;17,2;16,4;14,4;13;87;81;84;46;5,9;3,3;
2026/05/04;1600 UTC;1,8;928,5;929,1;928,1;313,7;16,7;14,6;17,2;16,1;15,6;13,9;96;84;90;41;2,4;1,5;
2026/05/04;1700 UTC;,2;927,7;928,2;927,4;694,1;16,6;15,4;17;16,3;16,1;14,9;95;92;94;27;5,4;3;
2026/05/04;1800 UTC;;;;;;;;;;;;;;;;;;
2026/05/04;1900 UTC;0;926,3;926,6;925,8;54;16,3;15,6;16,4;16,2;15,7;15,5;97;96;97;49;6,6;3,7;
2026/05/04;2000 UTC;1,4;926;926,3;925,7;71,9;16,3;15,6;16,3;16,2;15,7;15,5;97;96;96;59;5;2,3;
2026/05/04;2100 UTC;,2;926,5;926,8;925,8;120,4;16,5;15,8;16,7;16,3;16,1;15,4;97;94;96;137;3,8;1,1;
2026/05/04;2200 UTC;0;927,1;927,3;926,7;0;16,5;15,8;16,6;16,4;15,9;15,5;97;95;97;103;3,6;1,3;
2026/05/04;2300 UTC;0;927,5;927,8;927,3;0;16,4;15,7;16,9;16,2;15,8;15,4;98;92;96;77;4,8;1,7;
2026/05/05;0000 UTC;0;927,9;928,1;927,8;0;16,2;15,5;16,9;16;15,8;15,4;98;93;97;59;3;1,5;
2026/05/05;0100 UTC;0;928,4;928,6;928,1;0;16,1;15,4;16,2;16;15,4;15,3;97;95;96;71;3,6;1,8;
2026/05/05;0200 UTC;0;928,8;928,9;928,5;0;16,1;15,3;16,4;15,9;15,4;15,3;97;95;96;63;4,1;1,8;
2026/05/05;0300 UTC;0;929;929,1;928,9;0;16,1;15,3;16,2;15,9;15,4;15,3;97;96;96;65;4,8;2,7;
2026/05/05;0400 UTC;;;;;;;;;;;;;;;;;;
2026/05/05;0500 UTC;0;928,7;928,8;928,7;0;15,4;14,9;15,5;15,3;14,9;14,8;98;97;97;77;4;2,1;
2026/05/05;0600 UTC;0;928,7;928,8;928,5;0;15,4;14,9;15,4;15,3;15;14,8;98;97;98;81;4,4;2;
2026/05/05;0700 UTC;0;928,3;928,5;928,1;0;15,4;14,9;15,6;15,1;15;14,7;98;97;97;75;4,1;2,2;
2026/05/05;0800 UTC;0;928,2;928,2;928,1;0;15,1;14,7;15,3;14,9;14,8;14,6;99;97;98;68;4;2,2;
2026/05/05;0900 UTC;,2;928,3;928,6;928,1;0;14,6;14,5;14,9;14,3;14,7;14,3;100;99;99;71;4,4;2,5;
2026/05/05;1000 UTC;0;928,9;929,2;928,6;,9;14,3;14,3;14,4;14,2;14,4;14,2;100;100;100;74;3,3;1,7;
2026/05/05;1100 UTC;0;929,6;930;929,2;141,5;14,3;14,3;14,6;14,1;14,6;14,2;100;100;100;61;3,8;1,6;
2026/05/05;1200 UTC;0;930,3;930,6;930;488;15,2;15,2;15,8;14,6;15,7;14,6;100;100;100;62;3,7;1,8;
2026/05/05;1300 UTC;0;930,8;931,1;930,6;1272,4;16,5;16,2;17,3;15,8;16,8;15,7;100;96;99;57;3,4;1,9;
2026/05/05;1400 UTC;0;931,2;931,3;931,1;2385,3;19,1;17,3;20,6;17,5;18,3;16,6;100;85;91;55;3,1;1,5;
2026/05/05;1500 UTC;0;931,1;931,3;930,9;2532;22,2;17,5;23,5;20,8;18,3;16,7;87;71;77;230;4,2;2;
2026/05/05;1600 UTC;0;930,6;930,9;930,2;2617,5;24,6;17,7;25,4;23,6;18,5;16,6;74;57;65;319;6,1;2,9;
2026/05/05;1700 UTC;;;;;;;;;;;;;;;;;;
2026/05/05;1800 UTC;;;;;;;;;;;;;;;;;;
2026/05/05;1900 UTC;0;929,3;929,4;929,2;1544,3;26,4;17;26,6;26;17,6;16,5;57;50;53;325;5,4;3,1;
2026/05/05;2000 UTC;0;929,4;929,5;929,4;810,2;26,1;17,1;26,4;25,8;17,6;16,7;58;52;55;296;3,3;1,8;
2026/05/05;2100 UTC;;;;;;;;;;;;;;;;;;
2026/05/05;2200 UTC;;;;;;;;;;;;;;;;;;
2026/05/05;2300 UTC;;;;;;;;;;;;;;;;;;
2026/05/06;0000 UTC;;;;;;;;;;;;;;;;;;
2026/05/06;0100 UTC;0;929,8;929,9;929,6;0;21,2;16,2;21,6;20,6;16,2;16,1;100;73;80;82;2,7;1,5;
2026/05/06;0200 UTC;0;929,9;930;929,8;0;20,3;16;20,6;20;16,1;15,9;100;77;80;80;2,1;1,2;
2026/05/06;0300 UTC;0;929,7;929,9;929,3;0;19,7;16;19,9;19,4;16,4;15,8;100;80;82;63;4,5;2,7;
2026/05/06;0400 UTC;;;;;;;;;;;;;;;;;;
2026/05/06;0500 UTC;0;929,5;929,6;929,2;0;18,7;16,8;19;18,3;16,9;16,7;92;89;90;65;4,2;2;
2026/05/06;0600 UTC;0;929,6;929,7;929,5;0;18,2;16,7;18,3;18,1;16,7;16,6;100;92;99;76;3,2;1,5;
2026/05/06;0700 UTC;0;929,5;929,5;929,5;0;;;;;;;100;100;100;67;3;1,7;
2026/05/06;0800 UTC;;;;;;;;;;;;;;;;;;
2026/05/06;0900 UTC;0;929,5;929,5;929,5;0;;;;;;;100;100;100;57;4,4;2,6;
2026/05/06;1000 UTC;0;929,5;929,5;929,5;,7;;;;;;;100;100;100;60;3,8;1,8;
2026/05/06;1100 UTC;;;;;;;;;;;;;;;;;;
2026/05/06;1200 UTC;0;929,5;929,5;929,5;684,5;;;;;;;100;100;100;58;4,7;2,5;
2026/05/06;1300 UTC;0;929,5;929,5;929,5;1370,6;;;;;;;100;100;100;41;4,8;3,1;
2026/05/06;1400 UTC;0;929,5;929,5;929,5;2031,6;;;;;;;100;100;100;44;4,9;3,1;
2026/05/06;1500 UTC;;;;;;;;;;;;;;;;;;
2026/05/06;1600 UTC;0;929,5;929,5;929,5;2624,2;;;;;;;100;100;100;121;7,5;4;
2026/05/06;1700 UTC;;;;;;;;;;;;;;;;;;
2026/05/06;1800 UTC;;;;;;;;;;;;;;;;;;
2026/05/06;1900 UTC;0;929,5;929,5;929,5;1037,7;;;;;;;100;100;100;202;2,9;1,6;
2026/05/06;2000 UTC;0;929,5;929,5;929,5;787;;;;;;;100;100;100;305;3,1;1,9;
2026/05/06;2100 UTC;;;;;;;;;;;;;;;;;;
2026/05/06;2200 UTC;;;;;;;;;;;;;;;;;;
2026/05/06;2300 UTC;0;929,5;929,5;929,5;0;;;;;;;100;100;100;57;4;2,6;
2026/05/07;0000 UTC;0;929,5;929,5;929,5;0;;;;;;;100;100;100;58;4,6;3;
2026/05/07;0100 UTC;0;926,9;927,1;926,6;0;21,8;17;22,1;21,6;17,3;16,5;78;74;76;58;5,5;3,3;
2026/05/07;0200 UTC;0;926,7;927;926,4;0;21,2;16,9;21,6;20,8;17,1;16,8;80;76;79;56;6,5;3,7;
2026/05/07;0300 UTC;0;926,5;926,8;926,2;0;20,6;16,8;20,9;20,5;17;16,6;82;80;81;60;6,2;3,5;
2026/05/07;0400 UTC;0;926,2;926,5;925,8;0;20,2;16,5;20,6;20;16,7;16,3;82;81;82;62;5,9;3,4;
2026/05/07;0500 UTC;;;;;;;;;;;;;;;;;;
2026/05/07;0600 UTC;0;925,3;925,6;924,8;0;19,7;16,1;19,8;19,5;16,2;16;83;81;82;53;6,8;4,3;
2026/05/07;0700 UTC;0;924,5;925,2;924;0;19,7;16,1;19,8;19,5;16,3;16;83;82;82;53;7;4,5;
2026/05/07;0800 UTC;0;923,5;924,1;923,1;0;19,2;16,1;19,6;18,9;16,3;15,9;86;83;85;45;7;3,5;
2026/05/07;0900 UTC;0;923,3;923,5;923;0;19,4;16;19,7;19,2;16,1;15,9;84;82;83;47;7,2;4,1;
2026/05/07;1000 UTC;0;923,3;923,6;923;,8;19,5;16;19,7;19,2;16,2;15,9;84;82;83;53;7,2;4,6;
2026/05/07;1100 UTC;0;923,1;923,5;922,7;180,1;19;16,1;19,3;18,8;16,2;16;86;84;85;53;7,9;5,1;
2026/05/07;1200 UTC;0;923,3;923,6;923,1;583,3;19,8;16,2;20,4;19,1;16,6;16;85;79;82;46;9,2;5,8;
2026/05/07;1300 UTC;0;923,5;923,8;923,2;1447,1;21,6;16,7;22,8;20,3;17,1;16;80;70;75;36;8;5,1;
2026/05/07;1400 UTC;0;923;923,5;922,5;2153,2;23,9;17,1;25,3;22,7;18,3;16,4;72;56;66;76;12,5;6,9;
2026/05/07;1500 UTC;0;922,3;922,7;921,8;2286,5;25,4;16,6;26,1;25,1;17,2;16,1;58;53;56;190;9,7;4,9;
2026/05/07;1600 UTC;0;921;921,9;919,8;1465,9;25,3;16,4;26,3;24,5;17,2;16;60;52;56;168;10;5,4;
2026/05/07;1700 UTC;0;919,3;920,1;918,6;2268;26,1;16,8;26,9;24,6;17,4;16,3;60;48;54;231;11,3;6,7;
2026/05/07;1800 UTC;0;918,5;919;918;1773;26,9;15,8;27,3;26,3;16,7;15,2;49;43;44;307;13,5;7,5;
2026/05/07;1900 UTC;0;918,1;918,4;917,7;821,4;26,3;15,9;26,9;25,8;16,4;15,4;51;44;48;318;5,9;3,6;
2026/05/07;2000 UTC;0;918,1;918,4;917,8;429,8;25,6;15,9;26,6;25;16,4;15,3;54;48;51;197;5,5;3,2;
2026/05/07;2100 UTC;0;917,9;918,3;917,7;95,2;24,6;14,9;25,1;24,1;15,6;14,6;53;50;52;111;5,9;3,1;
2026/05/07;2200 UTC;;;;;;;;;;;;;;;;;;
2026/05/07;2300 UTC;0;917,9;918,2;917,5;0;23;14,4;23,6;22,5;14,6;14,3;60;54;57;51;5,5;2,7;
2026/05/08;0000 UTC;0;918;918,5;917,5;0;22,7;14,7;23;22,2;14,8;14,4;62;59;60;53;7,4;2,9;
2026/05/08;0100 UTC;0;918,4;918,5;918,2;0;22,3;14,7;22,5;22;14,8;14,5;63;61;62;50;9;5,3;
2026/05/08;0200 UTC;0;918,2;918,3;918;0;22,1;14,8;22,2;21,9;15;14,7;100;63;65;37;9,4;5,8;
2026/05/08;0300 UTC;0;917,5;918;917,1;0;21,8;14,9;22,3;21,4;15;14,9;100;64;67;36;9,6;5,9;
2026/05/08;0400 UTC;0;917,1;917,4;916,7;0;21;14,9;21,4;20,5;15;14,8;100;67;74;56;6;3,1;
2026/05/08;0500 UTC;6,9;916,8;916,8;916,8;3,3;;;;;;;100;100;100;261;28,1;9,2;
2026/05/08;0600 UTC;6,3;916,8;916,8;916,8;0;;;;;;;100;100;100;290;13;6,6;
2026/05/08;0700 UTC;3,6;916,8;916,8;916,8;0;;;;;;;100;100;100;286;7;4;
2026/05/08;0800 UTC;,4;916,8;916,8;916,8;0;;;;;;;100;100;100;311;7,4;3,8;
2026/05/08;0900 UTC;,4;916,8;916,8;916,8;,7;;;;;;;100;100;100;217;5,2;2,4;
2026/05/08;1000 UTC;0;916,8;916,8;916,8;0;;;;;;;100;100;100;245;3,3;1,8;
2026/05/08;1100 UTC;,6;916,8;916,8;916,8;11,9;;;;;;;100;100;100;240;5,8;3,1;
2026/05/08;1200 UTC;,4;916,8;916,8;916,8;207,9;;;;;;;100;100;100;248;7;4,2;
2026/05/08;1300 UTC;0;916,8;916,8;916,8;347,5;;;;;;;100;100;100;268;5,2;3,3;
2026/05/08;1400 UTC;0;916,8;916,8;916,8;459,3;;;;;;;100;100;100;251;5,8;3,9;
2026/05/08;1500 UTC;,2;916,8;916,8;916,8;496,4;;;;;;;100;100;100;271;5,9;4;
2026/05/08;1600 UTC;,4;916,8;916,8;916,8;1167,5;;;;;;;100;100;100;302;6,6;3,8;
2026/05/08;1700 UTC;;;;;;;;;;;;;;;;;;
2026/05/08;1800 UTC;0;916,8;916,8;916,8;994,1;;;;;;;100;100;100;281;5;2,9;
2026/05/08;1900 UTC;0;916,8;916,8;916,8;367,6;;;;;;;100;100;100;310;3,6;1,7;
2026/05/08;2000 UTC;0;916,8;916,8;916,8;272,1;;;;;;;100;100;100;329;3,6;2,5;
2026/05/08;2100 UTC;0;916,8;916,8;916,8;138,6;;;;;;;100;100;100;271;2,8;1,5;
2026/05/08;2200 UTC;0;916,8;916,8;916,8;0;;;;;;;100;100;100;323;3,2;1,7;
2026/05/08;2300 UTC;0;916,8;916,8;916,8;0;;;;;;;100;100;100;289;2,9;1,7;
2026/05/09;0000 UTC;0;916,8;916,8;916,8;0;;;;;;;100;100;100;288;4,4;2,6;
2026/05/09;0100 UTC;0;922,6;922,7;922,4;0;11,2;10,7;11,4;11;10,8;10,6;98;97;98;271;2,8;1,7;
2026/05/09;0200 UTC;0;922,8;922,9;922,6;0;10,9;10,6;11,1;10,7;10,7;10,4;99;97;98;125;1,9;,5;
2026/05/09;0300 UTC;0;922,8;923;922,6;0;10,8;10,6;10,9;10,6;10,7;10,5;99;99;99;315;2,7;1,1;
2026/05/09;0400 UTC;0;923;923,1;922,8;0;10,7;10,6;10,8;10,7;10,7;10,6;100;99;100;298;1,9;,8;
2026/05/09;0500 UTC;0;923,2;923,6;922,9;0;10,7;10,6;10,9;10,5;10,8;10,1;100;98;99;281;3,7;1,8;
2026/05/09;0600 UTC;0;923,5;923,8;923,3;0;10;9,9;10,4;9,6;10,1;9,6;100;98;99;249;2,1;1,1;
2026/05/09;0700 UTC;0;923,4;923,7;923,2;0;9,2;9,1;9,6;8,7;9,6;8,6;100;99;100;224;2,8;1,7;
2026/05/09;0800 UTC;0;923,9;924,3;923,3;0;8,4;8,3;8,8;8;8,7;7,7;100;99;99;229;1,8;1,1;
2026/05/09;0900 UTC;0;924,3;924,5;924;0;7,8;6,2;8,3;7,2;7,8;5,5;99;88;92;211;3,3;1,9;
2026/05/09;1000 UTC;0;924,9;925,7;924,4;0;6,7;5,2;7,2;6,4;5,6;4,6;96;89;92;255;2,7;1,4;
2026/05/09;1100 UTC;0;926;926,5;925,4;71,7;7;5,4;7,3;6,7;5,8;4,9;95;89;92;194;4,4;2,6;
2026/05/09;1200 UTC;0;926,5;927,1;925,9;361;7,7;4,6;8,5;7,3;5,5;3,7;91;77;84;217;4;2,1;
2026/05/09;1300 UTC;0;927,3;927,6;926,9;750,6;8,9;3,1;9,2;8,3;4,3;1,7;80;63;71;205;6,2;2,5;
2026/05/09;1400 UTC;0;927,2;927,8;926,7;627,6;9,2;2,6;9,5;9;3,4;1,7;71;63;67;183;3,7;1,9;
2026/05/09;1500 UTC;0;927,8;928,3;926,8;616,3;9,2;3;9,4;9,1;3,9;1,6;73;63;69;283;3,2;2,1;
2026/05/09;1600 UTC;0;927,6;928,1;927,2;1084,9;9,6;3;10;9,3;3,7;2,5;71;64;67;238;5,3;3,3;
2026/05/09;1700 UTC;;;;;;;;;;;;;;;;;;
2026/05/09;1800 UTC;0;927,4;927,6;927,2;658,1;10,2;3,5;10,5;9,8;4,6;2,9;72;63;67;281;2,1;1;
2026/05/09;1900 UTC;0;927;927,4;926,7;604,5;10,5;3,3;10,7;10,3;4;2,6;67;60;64;287;2,4;1,2;
2026/05/09;2000 UTC;0;926,9;927,5;926,6;157,7;10;4,3;10,4;9,6;4,9;3,4;76;66;72;322;4,9;2,4;
2026/05/09;2100 UTC;0;927,6;928,3;927,1;25,8;9,3;4,3;9,6;9,1;4,6;4;77;73;75;295;3;1,3;
2026/05/09;2200 UTC;0;928,2;928,3;928;0;8,7;5;9,2;8,7;5,5;4,6;84;77;81;316;3,4;1,7;
2026/05/09;2300 UTC;0;928,4;928,7;928,1;0;8,4;4,9;8,7;8,2;5,2;4,6;85;80;82;288;2,4;1;
2026/05/10;0000 UTC;0;928,9;929;928,7;0;7,8;4,7;8,2;7,5;5,3;4,2;86;82;84;271;2,6;1,6;
2026/05/10;0100 UTC;0;929,3;929,5;929,1;0;7,3;4,1;7,5;7,1;4,4;3,8;85;82;84;263;2,3;1,2;
2026/05/10;0200 UTC;0;929,6;930;929,3;0;6,9;3,8;7,2;6,8;3,9;3,6;86;83;84;294;4,1;2,1;
2026/05/10;0300 UTC;;;;;;;;;;;;;;;;;;
2026/05/10;0400 UTC;0;930,4;930,6;930,2;0;6,8;3,8;6,9;6,7;4;3,7;86;84;85;250;7,7;4,6;
2026/05/10;0500 UTC;0;930,8;931;930,5;0;6,6;4,1;6,8;6,4;4,3;3,8;89;85;87;250;7,3;4,1;
2026/05/10;0600 UTC;0;930,7;930,9;930,5;0;6,3;4,1;6,4;6,2;4,3;3,9;90;88;89;244;6,3;4,1;
2026/05/10;0700 UTC;0;930,2;930,5;930;0;6,1;3,8;6,2;6;4;3,1;90;85;88;263;5,1;3,2;
2026/05/10;0800 UTC;0;930;930,2;929,9;0;5,7;2,5;6;5,5;3,2;2;86;82;84;259;5,5;3;
2026/05/10;0900 UTC;0;930,2;930,3;930,1;0;5,3;1,9;5,5;5,3;2,2;1,6;84;81;83;255;4,5;2,5;
2026/05/10;1000 UTC;0;930,4;930,7;930,1;0;5,2;2,1;5,3;5,2;2,4;1,9;86;83;85;255;4,2;3;
2026/05/10;1100 UTC;0;930,8;931;930,6;67,1;5,2;2,3;5,4;5,1;2,6;1,9;87;83;85;299;3;1,6;
2026/05/10;1200 UTC;0;931;931,3;930,9;235,1;5,6;2,3;5,9;5,4;2,6;2;85;82;83;288;4,2;2,3;
2026/05/10;1300 UTC;0;931,3;931,5;931,1;355,5;5,8;2,6;6,1;5,6;3;2,1;85;82;84;253;5,7;3,6;
2026/05/10;1400 UTC;0;931,5;931,6;931,3;490,3;6,4;2,2;6,6;6,1;2,9;1,6;83;76;79;256;5,2;3,2;
2026/05/10;1500 UTC;0;931,2;931,6;931;1330,6;7,3;1,4;8,1;6,7;2;,8;76;64;70;239;4,9;2,9;
2026/05/10;1600 UTC;0;931;931,2;930,6;1603,5;8,3;1,7;9,2;7,8;2,3;1,1;70;63;67;300;5,7;3,1;
2026/05/10;1700 UTC;0;930,3;930,7;929,8;1363;8,7;2,2;9,4;8,1;3,1;1,5;70;63;67;313;6,1;3,2;
2026/05/10;1800 UTC;0;929,8;929,9;929,7;1193,3;9,1;2,5;9,7;8,7;3,4;1,9;72;64;67;291;5,6;3,4;
2026/05/10;1900 UTC;0;929,8;929,9;929,7;578,3;9;2,7;9,1;8,7;3,5;2,2;72;66;69;300;5,2;3,3;
2026/05/10;2000 UTC;0;929,8;930;929,7;320,6;8,9;3;8,9;8,8;3,4;2,7;73;69;71;286;4,3;2,3;
2026/05/10;2100 UTC;0;930,2;930,3;930,1;2,5;8,5;3,4;8,6;8,4;3,6;3,3;76;73;75;247;5,5;3,2;
2026/05/10;2200 UTC;0;930,6;930,8;930,3;0;8;3;8,4;7,7;3,4;2,6;76;74;75;254;5,9;3,4;
2026/05/10;2300 UTC;0;931,1;931,4;930,8;0;7,5;2,3;7,7;7,3;2,8;1,5;76;71;74;263;5,9;3,3;
2026/05/11;0000 UTC;0;931,7;931,9;931,3;0;7,1;2;7,3;6,7;2,4;1,2;76;71;75;242;5,3;3,1;
2026/05/11;0100 UTC;0;931,9;932,1;931,7;0;6,4;,8;6,7;5,8;1,2;,2;73;71;72;248;4,6;2,7;
2026/05/11;0200 UTC;;;;;;;;;;;;;;;;;;
2026/05/11;0300 UTC;0;931,8;931,9;931,6;0;4,5;1;4,9;4,2;1,2;,8;85;80;83;270;1,6;1;
2026/05/11;0400 UTC;0;931,6;931,7;931,4;0;4,2;,9;4,3;4;1,1;,8;84;83;84;256;2,1;1,2;
2026/05/11;0500 UTC;0;931,3;931,6;930,9;0;4;,8;4,1;3,9;,9;,8;85;84;84;263;2,9;1,4;
2026/05/11;0600 UTC;0;930,7;931;930,5;0;3,8;1;4;3,6;1,1;,9;88;84;86;268;2,7;1,1;
2026/05/11;0700 UTC;0;930,4;930,5;930,4;0;3,4;1,1;3,7;3,2;1,2;1;89;87;88;263;2,2;1;
2026/05/11;0800 UTC;0;930,3;930,4;930,1;0;3,1;1,1;3,2;2,9;1,2;1;91;89;90;244;1,9;1,4;
2026/05/11;0900 UTC;0;930,3;930,4;930,1;0;2,9;1,1;3,1;2,4;1,3;,7;94;90;91;183;,7;,4;
2026/05/11;1000 UTC;0;930,5;930,8;930,3;0;2,7;1,1;2,8;2,3;1,2;,7;94;91;92;163;,8;,4;
2026/05/11;1100 UTC;0;930,9;931,2;930,8;249,7;2,9;1,2;4;2,4;1,5;,9;95;85;91;247;1,5;,8;
2026/05/11;1200 UTC;0;931,6;931,9;931,2;800,5;4,9;1,5;5,5;4;2,2;1,1;86;81;83;266;4,1;2,5;
2026/05/11;1300 UTC;0;932;932,2;931,9;1538,7;6,4;2;7,2;5,6;2,8;1,4;83;72;78;251;5,8;2,6;
2026/05/11;1400 UTC;0;932,1;932,2;932;2178,5;8,1;2,2;9;7,1;3;1,5;76;63;70;286;4;2,4;
2026/05/11;1500 UTC;0;931,9;932,1;931,6;2682,1;9,5;1,5;10,2;8,8;2,8;,6;67;55;60;234;3,8;1,3;
2026/05/11;1600 UTC;0;931,3;931,6;931;2703,7;10,8;1,6;11,9;9,9;3,2;0;58;48;54;299;4,7;2,7;
2026/05/11;1700 UTC;0;930,7;931,1;930,6;2561,1;11,9;2,5;12,6;11,4;3,3;1;57;44;53;269;5,6;2,8;
2026/05/11;1800 UTC;0;930,5;930,6;930,4;2197,1;12,7;2;13,2;11,9;2,8;,6;51;43;46;262;5,1;2,8;
2026/05/11;1900 UTC;0;930,4;930,5;930,4;1589;13,5;2,4;14;12,5;3,3;1,4;100;42;46;277;4,2;1,8;
2026/05/11;2000 UTC;0;930,4;930,6;930,4;834,6;13,6;3,3;13,9;13,3;3,9;2,7;52;45;48;288;3,3;1,7;
2026/05/11;2100 UTC;0;930,6;930,7;930,5;145;12,3;3,5;13,5;10,4;4;3,2;67;50;56;104;1,7;,7;
2026/05/11;2200 UTC;0;930,9;931;930,7;0;9,7;3,2;10,4;8,9;3,9;2,6;71;64;67;126;1,7;,6;
2026/05/11;2300 UTC;0;931,2;931,3;930,9;0;8,6;2,9;9,5;8;3,9;2,5;77;68;71;54;1,3;,8;
2026/05/12;0000 UTC;0;931,4;931,5;931,2;0;9;3,1;9,2;8,8;3,3;3;72;70;71;263;1,7;,6;
2026/05/12;0100 UTC;;;;;;;;;;;;;;;;;;
2026/05/12;0200 UTC;0;931;931,2;930,9;0;8;3,4;9;6,9;3,5;3,2;83;71;77;111;,6;,3;
2026/05/12;0300 UTC;0;930,9;931;930,8;0;6,8;3,3;7,6;6;3,6;2,9;86;79;82;84;1,4;,7;
2026/05/12;0400 UTC;0;930,7;930,9;930,5;0;6,7;3,1;7,8;5,8;3,4;2,7;87;76;82;88;1;,5;
2026/05/12;0500 UTC;;;;;;;;;;;;;;;;;;
2026/05/12;0600 UTC;0;929,9;930,2;929,5;0;5;2,5;5,8;4,2;2,6;2,2;91;84;87;78;2,8;1,4;
2026/05/12;0700 UTC;0;929,3;929,5;929,2;0;4,1;2,4;4,8;3,4;2,5;2,2;95;88;92;70;2;,9;
2026/05/12;0800 UTC;0;929,2;929,4;929,1;0;3,5;2,3;3,8;3,1;2,5;1,9;96;92;94;73;2,4;1,4;
2026/05/12;0900 UTC;0;929,3;929,4;929,2;0;3,4;2;4,1;2,3;2,2;1,6;97;90;93;67;3,8;1,8;
2026/05/12;1000 UTC;0;929,5;929,8;929,3;,1;2,1;1,5;2,5;1,8;1,8;1;98;95;97;82;3,1;1,8;
2026/05/12;1100 UTC;0;929,8;930;929,7;261,4;3,3;1,7;4,3;2;2;1,2;98;86;92;75;4,5;2,1;
2026/05/12;1200 UTC;0;930,3;930,6;930;809,4;4,7;2;6;3,7;2,7;1,5;89;82;86;82;3,1;1,7;
2026/05/12;1300 UTC;0;930,7;930,9;930,4;1545,8;7,7;3,3;9,6;5,9;4,1;2,5;85;70;78;99;2,1;,9;
2026/05/12;1400 UTC;0;930,8;930,9;930,7;2226,3;11,3;4,4;12,9;9,8;6,4;3,5;74;60;65;278;1,8;1;
2026/05/12;1500 UTC;0;930,5;930,7;930,2;2670,7;14;4,5;14,5;12,9;6,3;2,6;65;42;52;308;4,1;2,3;
2026/05/12;1600 UTC;0;929,7;930,2;929,3;2715,8;16,2;5;18,1;14,3;6,2;3,9;100;33;45;290;4;2,3;
2026/05/12;1700 UTC;0;928,9;929,2;928,5;2590,2;18;4,5;18,7;17,6;5,8;3,5;100;28;38;279;5,2;2,8;
2026/05/12;1800 UTC;0;928,4;928,5;928,4;2207,7;18,6;5;18,8;18,4;5,6;4,4;100;29;83;321;4,8;2,6;
2026/05/12;1900 UTC;0;928,4;928,4;928,4;1597,7;;;;;;;100;100;100;302;4,8;2,8;
2026/05/12;2000 UTC;0;928,4;928,4;928,4;846,5;;;;;;;100;100;100;322;2,5;1,7;
2026/05/12;2100 UTC;0;928,4;928,4;928,4;144,5;;;;;;;100;100;100;143;1,5;,9;
2026/05/12;2200 UTC;0;928,4;928,4;928,4;0;;;;;;;100;100;100;143;1,1;,6;
2026/05/12;2300 UTC;0;928,4;928,4;928,4;0;;;;;;;100;100;100;198;1,5;1;
2026/05/13;0000 UTC;0;928,4;928,4;928,4;0;;;;;;;100;100;100;131;3,7;1,7;
2026/05/13;0100 UTC;;;;;;;;;;;;;;;;;;
2026/05/13;0200 UTC;0;928,3;928,5;928,2;0;12,3;4,5;13,6;11,2;4,8;4,2;65;55;61;80;1,5;,8;
2026/05/13;0300 UTC;0;928,3;928,5;928,2;0;11,3;4,2;11,5;11,1;4,4;4;65;63;64;61;1,8;1;
2026/05/13;0400 UTC;0;928;928,2;927,8;0;11,1;4,3;11,6;10,6;4,5;4,2;68;64;66;51;2,5;1,4;
2026/05/13;0500 UTC;0;927,8;927,9;927,7;0;10,9;4,4;11,5;9,6;4,5;4;72;65;68;74;2;1;
2026/05/13;0600 UTC;0;927,5;927,7;927,4;0;9,5;4;9,9;9,1;4,2;3,8;74;71;72;69;2,5;1;
2026/05/13;0700 UTC;0;927,5;927,8;927,4;0;9,4;3,9;9,8;8,8;4,2;3,8;76;71;73;104;1;,5;
2026/05/13;0800 UTC;0;927,7;927,9;927,6;0;7,6;4,3;8,8;6,9;4,7;3,9;88;76;84;98;,8;,4;
2026/05/13;0900 UTC;0;928;928,2;927,8;0;7,9;4,8;8,2;7,2;5;4,5;88;83;85;116;1,1;,6;
2026/05/13;1000 UTC;0;928,4;928,7;928;0;8,9;4,6;9,2;8,2;5,1;3,9;84;75;78;74;1,4;,6;
2026/05/13;1100 UTC;0;928,8;929,1;928,7;226,4;7,5;3,7;8,7;6,1;4;3,4;87;76;81;79;3,7;1,9;
2026/05/13;1200 UTC;;;;;;;;;;;;;;;;;;
2026/05/13;1300 UTC;0;929,3;929,5;929,1;1089,5;9,5;5,7;10,7;8,3;6,7;5;86;76;81;53;3,2;1,8;
2026/05/13;1400 UTC;0;929,3;929,5;929,2;1272,5;11,1;6;11,8;10,6;6,6;5,4;78;71;75;67;3,1;1,4;
2026/05/13;1500 UTC;0;929;929,2;928,7;2023,2;13,2;6,4;15,1;11,8;7,4;5,6;74;56;66;244;2,7;1,5;
2026/05/13;1600 UTC;;;;;;;;;;;;;;;;;;
2026/05/13;1700 UTC;0;927,6;928,1;927,4;2502,7;17,6;6,2;18,5;16,8;7,3;4,6;100;32;44;319;3,9;2,6;
2026/05/13;1800 UTC;;;;;;;;;;;;;;;;;;
2026/05/13;1900 UTC;0;926,8;926,9;926,6;1563,5;18,6;5,1;19;18,1;6,2;3,7;100;25;34;258;3,1;1,7;
2026/05/13;2000 UTC;0;926,6;926,6;926,5;814,4;18,5;6,1;18,6;18,4;6,2;5,9;100;37;95;305;2,8;1,5;
2026/05/13;2100 UTC;0;926,6;926,6;926,6;134,9;;;;;;;100;100;100;102;1,1;,6;
2026/05/13;2200 UTC;0;926,6;926,6;926,6;0;;;;;;;100;100;100;106;,9;,4;
2026/05/13;2300 UTC;0;926,6;926,6;926,6;0;;;;;;;100;100;100;67;1,3;,8;
2026/05/14;0000 UTC;0;926,6;926,6;926,6;0;;;;;;;100;100;100;79;1,7;,9;
2026/05/14;0100 UTC;0;927,6;927,8;927,5;0;14,2;3;14,4;13,9;3,7;2,6;49;41;44;76;2,3;,9;
2026/05/14;0200 UTC;;;;;;;;;;;;;;;;;;
2026/05/14;0300 UTC;0;927,1;927,3;927;0;11;4,6;11,4;10,8;4,9;3,9;70;63;68;73;2,7;1,6;
2026/05/14;0400 UTC;0;926,9;927,1;926,9;0;10,7;4,4;11;10,1;4,8;4,1;70;66;69;73;2,2;1,3;
2026/05/14;0500 UTC;0;926,8;926,9;926,7;0;10,8;3,8;11,3;10;4,2;3,4;70;61;65;82;3;1,8;
2026/05/14;0600 UTC;0;926,3;926,7;926;0;9,4;4,3;10,3;8,9;4,6;4,1;78;71;75;72;3,3;1,9;
2026/05/14;0700 UTC;0;925,8;926;925,7;0;8,6;4,2;9,3;8,2;4,5;3,8;80;76;78;51;2,9;1,8;
2026/05/14;0800 UTC;0;926,1;926,2;926;0;8,6;3,7;9;8;3,9;3,5;79;73;75;86;3,7;1,7;
2026/05/14;0900 UTC;0;926,2;926,3;926,1;0;8;3,9;8,6;7,5;4,2;3,7;83;76;80;80;3,7;1,9;
2026/05/14;1000 UTC;0;926,7;927;926,3;0;7,8;3,9;8,2;7,6;4;3,9;81;79;80;80;4,3;2,2;
2026/05/14;1100 UTC;0;927,4;927,6;927;228,1;8,1;4,1;8,5;7,7;4,6;4;82;79;80;74;3,5;2;
2026/05/14;1200 UTC;0;927,9;928,2;927,6;823,9;9,2;5;9,9;8,6;5,7;4,5;81;77;79;70;3,8;2,1;
2026/05/14;1300 UTC;0;928,4;928,6;928,2;1556,6;11,2;6,1;13,3;9,8;7,2;5,4;81;66;75;63;2,8;1,5;
2026/05/14;1400 UTC;0;928,6;928,7;928,4;2161,4;14,9;7;16,6;13,2;8;6,4;67;55;60;170;2,7;1,3;
2026/05/14;1500 UTC;0;928,2;928,5;927,9;2567,8;17,8;8;18,6;16,4;8,8;7,1;100;43;54;253;3,9;1,9;
2026/05/14;1600 UTC;;;;;;;;;;;;;;;;;;
2026/05/14;1700 UTC;0;927;927,5;926,4;2497,2;19,9;7,4;20,5;19,3;8,1;6,3;40;35;37;281;3,8;2,3;
2026/05/14;1800 UTC;0;926,5;926,9;926,3;1811,4;20,3;7,6;20,7;19,4;8,6;6,9;41;34;37;263;4,1;2;
2026/05/14;1900 UTC;0;926,8;927;926,5;845;19,3;7,1;19,8;18,8;7,6;6,8;41;36;39;326;4,6;2,6;
2026/05/14;2000 UTC;0;926,8;927;926,5;345,7;18,3;7,5;18,9;17,1;9,2;6,7;57;40;46;127;1,8;1,2;
2026/05/14;2100 UTC;0;927,2;927,5;926,8;52,9;16,7;8,1;17,2;15,6;8,8;7,7;64;54;57;252;1,3;,5;
2026/05/14;2200 UTC;0;927,4;927,7;927,1;0;14,9;8;15,6;14,5;9;7,4;69;63;65;127;,7;,2;
2026/05/14;2300 UTC;0;927,3;927,6;926,9;0;15;6,8;15,8;13,6;8;5,7;68;51;59;52;1,4;,8;
2026/05/15;0000 UTC;0;927,6;927,9;927,2;0;14;6,8;14,6;13,3;7,1;6,1;68;59;64;63;1,9;,7;
2026/05/15;0100 UTC;0;927,7;927,9;927,6;0;14,6;6,5;14,9;13,6;7,3;6,2;66;56;59;69;1,7;,9;
2026/05/15;0200 UTC;;;;;;;;;;;;;;;;;;
2026/05/15;0300 UTC;0;927,3;927,5;927,2;0;11,8;6,3;13,5;10,9;6,6;5,6;78;65;72;82;1,6;,8;
2026/05/15;0400 UTC;0;927,4;927,6;927,3;0;11,1;6;12,4;10,5;6,4;5,8;78;67;75;97;1,4;,7;
2026/05/15;0500 UTC;0;927,4;927,6;927,3;0;12;6,3;13;11,1;7,2;5,6;76;63;71;82;2,3;1,3;
2026/05/15;0600 UTC;0;927,3;927,5;927;0;12,8;6,2;13,2;12;7,4;5,5;77;63;67;135;1,2;0;
2026/05/15;0700 UTC;0;926,9;927,1;926,7;0;12,2;6,4;12,4;12;7,2;5,8;76;67;71;86;1,8;1;
2026/05/15;0800 UTC;0;926,7;926,8;926,5;0;11,9;6,5;12,4;11,2;7,4;5,4;77;67;73;94;5,3;2,9;
2026/05/15;0900 UTC;0;926,8;927;926,6;0;10,9;6,3;11,4;10,6;6,8;5,6;81;71;77;189;2,2;,8;
2026/05/15;1000 UTC;0;927;927,3;926,8;0;11,1;6,5;11,6;10,6;7;6;81;75;77;102;3,2;1;
2026/05/15;1100 UTC;0;927,6;927,7;927,3;106,1;11,4;6,9;11,9;10,9;7,5;6,6;81;76;78;102;5,9;3,1;
2026/05/15;1200 UTC;0;927,9;928,2;927,6;715;12,4;8,2;12,9;11,9;9;7,4;81;77;79;67;5,2;2,2;
2026/05/15;1300 UTC;0;928,3;928,4;928,2;1317,6;13,8;9,3;14,6;12,8;9,8;9;81;74;78;64;4,2;2,1;
2026/05/15;1400 UTC;0;928,4;928,5;928,1;1357,7;15,2;9,8;16,1;14,4;10,3;9,5;76;71;73;49;3,6;2,2;
2026/05/15;1500 UTC;0;927,8;928,2;927,5;1300,8;16,3;10,2;16,7;16;10,6;9,7;72;66;70;47;4;2,7;
2026/05/15;1600 UTC;0;927,3;927,5;927;1216,7;17;10;17,4;16,4;10,6;9,6;100;62;66;231;3,6;1,8;
2026/05/15;1700 UTC;;;;;;;;;;;;;;;;;;
2026/05/15;1800 UTC;0;925,5;926;925,3;1667,7;18,3;10,8;19;17,3;11,4;10,1;100;59;64;40;5,3;2,4;
2026/05/15;1900 UTC;0;925,3;925,3;925,3;958,5;18,4;10,9;18,5;18,3;11,1;10,8;100;62;96;48;4,9;2,3;
2026/05/15;2000 UTC;0;925,3;925,3;925,3;187,7;;;;;;;100;100;100;44;4,4;2,6;
2026/05/15;2100 UTC;0;925,3;925,3;925,3;61;;;;;;;100;100;100;64;4,8;2,2;
2026/05/15;2200 UTC;0;925,3;925,3;925,3;0;;;;;;;100;100;100;45;5,4;3,4;
2026/05/15;2300 UTC;0;925,3;925,3;925,3;0;;;;;;;100;100;100;61;4,4;2,4;
2026/05/16;0000 UTC;0;925,3;925,3;925,3;0;;;;;;;100;100;100;68;5,3;2,3;
2026/05/16;0100 UTC;0;926;926,1;925,7;0;13,5;12,2;13,7;13,3;12,3;12,1;95;92;94;62;5,4;2,6;
2026/05/16;0200 UTC;;;;;;;;;;;;;;;;;;
2026/05/16;0300 UTC;0;926,1;926,2;925,8;0;13,1;12,2;13,1;13;12,3;12,1;96;95;96;64;4,4;2,2;
2026/05/16;0400 UTC;0;925,6;925,8;925,4;0;13;12,2;13,1;12,9;12,3;12,1;97;95;96;53;5,5;3,4;
2026/05/16;0500 UTC;0;925,4;925,5;925,3;0;12,9;12,1;13;12,8;12,2;12;96;96;96;75;4,1;1,6;
2026/05/16;0600 UTC;0;925,2;925,4;924,9;0;12,6;12;12,8;12,5;12;11,9;97;96;97;63;3,8;2;
2026/05/16;0700 UTC;0;924,7;924,9;924,3;0;13;12,2;13,1;12,7;12,2;12;97;95;96;91;4,2;2;
2026/05/16;0800 UTC;0;924,4;924,5;924,3;0;12,9;12,1;13,2;12,6;12,2;11,8;97;94;96;64;2,6;1,4;
2026/05/16;0900 UTC;0;924,5;924,7;924,4;0;12,9;12,1;13,1;12,5;12,2;11,9;98;95;96;69;3,4;1,7;
2026/05/16;1000 UTC;0;924,8;925,1;924,6;0;12,8;12,2;13,3;12,6;12,4;12;98;95;97;91;4,6;2,3;
2026/05/16;1100 UTC;0;925,3;925,6;925,1;155,8;13,5;12,2;14,1;13,1;12,3;12;96;91;94;86;4,6;1,9;
2026/05/16;1200 UTC;0;926;926,4;925,6;434,7;14,4;12,6;14,9;14,1;12,9;12,2;93;88;91;73;3,3;1,5;
2026/05/16;1300 UTC;0;926,5;926,7;926,3;822,6;15,1;13;16,2;14,3;13,4;12,7;93;84;89;94;3;1,5;
2026/05/16;1400 UTC;0;926,6;926,7;926,5;1061;16,6;13,4;17;16,1;13,7;13,1;100;82;90;165;2,8;1,6;
2026/05/16;1500 UTC;0;926,6;926,6;926,6;1171,3;;;;;;;100;100;100;263;2,3;1,2;
2026/05/16;1600 UTC;0;926,6;926,6;926,6;512,3;;;;;;;100;100;100;287;2,2;1,2;
2026/05/16;1700 UTC;;;;;;;;;;;;;;;;;;
2026/05/16;1800 UTC;0;926,6;926,6;926,6;1176,1;;;;;;;100;100;100;244;2,5;1,3;
2026/05/16;1900 UTC;0;926,6;926,6;926,6;723;;;;;;;100;100;100;316;2,2;1,2;
2026/05/16;2000 UTC;0;926,6;926,6;926,6;431;;;;;;;100;100;100;317;2,3;1,5;
2026/05/16;2100 UTC;0;926,6;926,6;926,6;58,5;;;;;;;100;100;100;88;,8;,3;
2026/05/16;2200 UTC;0;926,6;926,6;926,6;0;;;;;;;100;100;100;188;1,1;,8;
2026/05/16;2300 UTC;0;926,6;926,6;926,6;0;;;;;;;100;100;100;185;,8;,4;
2026/05/17;0000 UTC;0;926,6;926,6;926,6;0;;;;;;;100;100;100;201;,7;,5;
2026/05/17;0100 UTC;0;925,5;925,6;925,3;0;15,7;14,2;15,8;15,5;14,5;13,9;94;91;93;95;,8;,4;
2026/05/17;0200 UTC;;;;;;;;;;;;;;;;;;
2026/05/17;0300 UTC;0;925,6;925,7;925,5;0;16,1;13,9;16,2;15,8;14,1;13,6;91;88;89;98;1,1;,5;
2026/05/17;0400 UTC;0;925,5;925,6;925,4;0;15,8;14,1;16,3;15,3;14,2;13,8;94;89;91;56;1,3;,8;
2026/05/17;0500 UTC;0;925,3;925,5;924,9;0;15,7;14,2;15,9;15,2;14,3;14,1;95;91;93;90;2,6;1,4;
2026/05/17;0600 UTC;0;925;925,2;924,8;0;15;14,3;15,5;14,5;14,6;13,7;99;93;97;73;2,8;1,1;
2026/05/17;0700 UTC;0;924,5;924,8;924,4;0;15,2;14,5;15,4;14,9;14,6;14,4;98;96;97;86;1,4;,6;
2026/05/17;0800 UTC;0;924,1;924,6;923,7;0;15,1;14,7;15,2;15;14,7;14,6;98;98;98;71;2,6;1,2;
2026/05/17;0900 UTC;0;924;924,3;923,7;0;14,6;14,5;15;14,4;14,6;14,4;100;98;99;56;2,7;1,5;
2026/05/17;1000 UTC;0;924,2;924,4;923,8;0;14,2;14,2;14,4;13,8;14,4;13,9;100;100;100;89;2,3;1;
2026/05/17;1100 UTC;0;924,9;925,1;924,4;64,1;13,9;13,9;13,9;13,8;14;13,8;100;100;100;64;2,6;1,3;
2026/05/17;1200 UTC;0;925,1;925,5;925;436,1;14,2;14,2;14,6;13,9;14,5;13,9;100;100;100;44;2,9;1,8;
2026/05/17;1300 UTC;0;925,3;925,5;925,2;791,7;14,8;14,6;15,5;14,3;14,8;14,2;100;94;99;45;3,2;2;
2026/05/17;1400 UTC;0;925,2;925,4;925,2;1289,1;15,9;14,3;16,4;15,4;14,7;13,8;100;87;97;89;3,3;1,8;
2026/05/17;1500 UTC;0;925,2;925,2;925,2;1422,4;;;;;;;100;100;100;290;3,6;1,1;
2026/05/17;1600 UTC;0;925,2;925,2;925,2;2059,4;;;;;;;100;100;100;272;3,9;2;
2026/05/17;1700 UTC;;;;;;;;;;;;;;;;;;
2026/05/17;1800 UTC;0;925,2;925,2;925,2;1209,5;;;;;;;100;100;100;243;5,6;3;
2026/05/17;1900 UTC;0;925,2;925,2;925,2;753,4;;;;;;;100;100;100;226;5,4;3,3;
2026/05/17;2000 UTC;0;925,2;925,2;925,2;556,8;;;;;;;100;100;100;219;4,6;2,4;
2026/05/17;2100 UTC;0;925,2;925,2;925,2;76,9;;;;;;;100;100;100;218;4;2,2;
2026/05/17;2200 UTC;0;925,2;925,2;925,2;0;;;;;;;100;100;100;193;4,2;2,3;
2026/05/17;2300 UTC;0;925,2;925,2;925,2;0;;;;;;;100;100;100;184;3,5;1,4;
2026/05/18;0000 UTC;0;925,2;925,2;925,2;0;;;;;;;100;100;100;191;5;3,2;
2026/05/18;0100 UTC;0;926,7;926,9;926,5;0;14,6;12,5;14,7;14,5;12,6;12,4;90;89;89;196;4,3;2,3;
2026/05/18;0200 UTC;0;927;927,3;926,9;0;14,5;12,6;14,5;14,4;12,7;12,5;91;90;91;171;1,7;,8;
2026/05/18;0300 UTC;0;927,5;927,7;927,3;0;14,3;12,8;14,5;14,1;13;12,6;94;91;92;201;2,5;1,6;
2026/05/18;0400 UTC;0;927,3;927,5;927,2;0;14,1;12;14,1;14;12,8;11,3;93;86;90;173;3,2;1,6;
2026/05/18;0500 UTC;0;927,4;927,5;927,3;0;13,9;11,3;14;13,8;11,4;11,1;88;86;87;194;2,3;1,1;
2026/05/18;0600 UTC;0;927,3;927,5;927,1;0;13,7;11,4;13,8;13,4;11,4;11,2;90;87;89;162;2,7;,9;
2026/05/18;0700 UTC;0;927,6;927,9;927,3;0;13,4;11,5;13,5;13,1;11,7;11,4;92;90;91;196;4,5;2,8;
2026/05/18;0800 UTC;0;927,9;928,1;927,8;0;12,7;11,4;13,1;12,5;11,5;11,2;94;92;94;175;3,6;1,7;
2026/05/18;0900 UTC;0;928,2;928,3;928,1;0;12,4;11;12,6;12,3;11,3;10,5;95;91;93;186;3,1;1,6;
2026/05/18;1000 UTC;0;928,6;929,2;928,3;0;11,8;10,9;12,3;11,2;11,1;10,6;98;91;95;198;6,4;3,5;
2026/05/18;1100 UTC;0;929,6;930;929,2;50,6;10,9;9,8;11,2;10,5;10,7;9;97;92;95;192;7,4;3,6;
2026/05/18;1200 UTC;0;930,3;930,5;929,9;273,4;10,3;8,5;10,5;10,2;9;8,2;93;89;91;164;5,9;3;
2026/05/18;1300 UTC;0;930,7;930,9;930,5;499,7;10,9;8;11,7;10,3;8,4;7,6;91;80;86;147;5,9;3,1;
2026/05/18;1400 UTC;0;931,1;931,3;930,9;817,7;12,5;7,8;13;11,7;8,3;7,5;81;73;77;160;6,5;3,6;
2026/05/18;1500 UTC;0;931,1;931,3;930,8;1102,1;13,6;8;14,1;13;8,6;7,6;75;70;72;142;5,1;2,4;
2026/05/18;1600 UTC;0;930,5;930,7;930,4;2133,4;15,1;8,4;15,9;14,1;8,9;7,9;100;62;67;148;5,3;3,3;
2026/05/18;1700 UTC;;;;;;;;;;;;;;;;;;
2026/05/18;1800 UTC;0;929,5;929,7;929,2;1255,5;16,5;8,3;17,2;16,1;8,8;7,8;100;56;61;222;6,5;2,7;
2026/05/18;1900 UTC;0;929,3;929,4;929,2;596,8;16,2;8,8;16,7;15,7;9,3;8,3;100;59;64;212;5,2;2,9;
2026/05/18;2000 UTC;0;929,5;929,7;929,4;340;14,9;8,8;15,8;14,5;9,2;8,6;72;65;69;215;5,2;2,8;
2026/05/18;2100 UTC;0;929,6;929,7;929,6;52,3;14,1;9,1;14,5;13,5;9,4;8,7;80;72;75;198;4,7;2,5;
2026/05/18;2200 UTC;0;930,1;930,5;929,7;0;12,3;9,1;13,4;11,3;9,4;8,7;87;80;84;190;5,4;3,2;
2026/05/18;2300 UTC;0;930,8;931;930,5;0;10,8;8,5;11,3;10,5;8,6;8,3;89;87;88;192;5,5;3,2;
2026/05/19;0000 UTC;0;931,3;931,4;931;0;10,2;8,1;10,6;9,9;8,4;7,9;91;88;90;181;5,1;2,8;
2026/05/19;0100 UTC;0;931,7;931,9;931,4;0;9,8;8,1;9,9;9,7;8,2;8;92;91;91;174;5,6;1,5;
2026/05/19;0200 UTC;0;931,8;931,9;931,6;0;10,1;8,2;10,2;9,9;8,3;8,1;92;90;91;173;2,6;1,2;
2026/05/19;0300 UTC;0;931,5;931,6;931,5;0;10,2;8,2;10,2;10,1;8,3;8,1;90;89;90;176;2,6;1,3;
2026/05/19;0400 UTC;0;931,3;931,4;931,2;0;10,1;8;10,2;10,1;8,2;7,8;91;88;89;163;2,5;1,2;
2026/05/19;0500 UTC;0;931,1;931,2;930,9;0;10;8,1;10,1;9,9;8,2;8;92;90;91;192;2,6;1,5;
2026/05/19;0600 UTC;0;930,9;931,1;930,6;0;9,7;8,1;9,9;9,7;8,2;8;93;91;92;177;2,2;1,2;
2026/05/19;0700 UTC;0;930,5;930,7;930,3;0;9,3;7,9;9,7;8,8;8,2;7,5;96;92;93;164;1,5;1;
2026/05/19;0800 UTC;0;930,2;930,3;930,1;0;8,9;8;9;8,7;8,2;7,8;96;95;96;201;,6;,3;
2026/05/19;0900 UTC;0;930,1;930,2;930;0;8,7;7,9;9,1;8,3;8,2;7,6;97;95;96;212;1;,5;
2026/05/19;1000 UTC;0;930,2;930,4;930,1;0;8,5;8;8,7;8,3;8,1;7,7;98;96;97;64;1;,4;
2026/05/19;1100 UTC;0;930,7;931;930,4;82,3;8,4;8;8,9;8,2;8,4;7,8;99;97;98;133;1,2;,7;
2026/05/19;1200 UTC;0;931,3;931,5;931;311;9,6;8,4;10,2;8,9;8,7;8,1;97;89;94;114;1;,4;
2026/05/19;1300 UTC;0;931,8;932;931,5;351;10,3;8,3;10,7;10,2;8,7;8,1;92;87;90;226;1,5;,5;
2026/05/19;1400 UTC;0;932,1;932,2;932;536,6;10,9;8,1;11,1;10,7;8,4;7,8;88;84;86;238;2,3;1,4;
2026/05/19;1500 UTC;0;931,9;932,1;931,7;1015,5;11,5;8,4;11,9;11;8,8;8;87;82;84;216;4,6;3,1;
2026/05/19;1600 UTC;0;931,5;931,7;931,2;1703,9;12,7;8,7;13,7;11,5;9,1;8,4;86;74;80;287;3,9;2;
2026/05/19;1700 UTC;;;;;;;;;;;;;;;;;;
2026/05/19;1800 UTC;0;930,2;930,6;930;2327,3;14,9;9,1;16;13,7;9,7;8,7;100;66;72;238;3,5;2,1;
2026/05/19;1900 UTC;0;930;930,1;929,8;1374,3;14,2;8,9;14,6;13,7;9,2;8,6;100;71;78;260;4,2;2,6;
2026/05/19;2000 UTC;0;929,9;930;929,8;754,3;14,2;8,9;14,8;13,8;9,1;8,8;100;71;75;243;3,7;2,2;
2026/05/19;2100 UTC;;;;;;;;;;;;;;;;;;
2026/05/19;2200 UTC;;;;;;;;;;;;;;;;;;
2026/05/19;2300 UTC;0;930,7;930,8;930,6;0;10,3;8,1;10,8;9,7;8,4;7,8;92;86;89;245;,6;,3;
2026/05/20;0000 UTC;0;930,8;930,9;930,8;0;9,6;8;10;9,2;8,4;7,5;94;89;92;162;2,3;,9;
2026/05/20;0100 UTC;0;931;931,1;930,8;0;9,5;7,7;9,9;9;8;7,1;94;88;91;118;2,2;1,2;
2026/05/20;0200 UTC;0;931,1;931,2;931;0;9,4;6,5;9,9;8,3;7,7;4,6;91;78;86;131;1,4;,7;
2026/05/20;0300 UTC;;;;;;;;;;;;;;;;;;
2026/05/20;0400 UTC;0;931,4;931,5;931,3;0;7,1;4,4;8;6,2;5;3,6;92;82;86;68;2,1;1,5;
2026/05/20;0500 UTC;0;931,4;931,5;931,2;0;7,3;4,7;8,2;6,5;4,9;4,3;91;81;87;81;1,9;1,1;
2026/05/20;0600 UTC;0;931;931,2;930,7;0;8,4;5,7;8,6;8,2;6,3;4,5;89;81;86;86;1,9;1,2;
2026/05/20;0700 UTC;0;930,4;930,7;930,2;0;8,1;5,2;8,6;7,1;6,1;3,4;93;80;85;200;1,6;,4;
2026/05/20;0800 UTC;0;930;930,2;929,9;0;6,7;4,9;7,5;6,3;5,4;4,3;95;85;91;115;,8;,4;
2026/05/20;0900 UTC;0;930,1;930,4;929,9;0;6,1;4,5;6,6;5,3;5,4;3,5;95;89;92;224;,9;,6;
2026/05/20;1000 UTC;0;930,7;931,1;930,4;0;4,8;4,2;5,4;4,1;5;3,3;99;93;97;43;1;,7;
2026/05/20;1100 UTC;0;931,6;932;931,2;253;5,9;4,8;7;5,2;5;4,2;98;87;94;74;1,1;,8;
2026/05/20;1200 UTC;0;932,3;932,4;932;951,8;8,4;5,4;9;7,1;6,1;4,3;89;77;85;239;1,1;,6;
2026/05/20;1300 UTC;0;932,8;933;932,4;1580,9;9,9;4,7;10,4;9,1;5,6;3,2;80;65;74;235;4,9;3,2;
2026/05/20;1400 UTC;0;933;933,1;932,9;2163,8;11;4;11,8;10,2;5,3;2,2;71;59;65;285;4;2,5;
2026/05/20;1500 UTC;0;932,8;932,9;932,8;2534,2;12,2;4,9;12,8;11,6;5,8;2,3;70;50;64;265;5;2,7;
2026/05/20;1600 UTC;;;;;;;;;;;;;;;;;;
2026/05/20;1700 UTC;;;;;;;;;;;;;;;;;;
2026/05/20;1800 UTC;0;931,4;931,6;931,3;2098,8;14,1;1,8;14,6;13,6;2,7;1;100;35;44;242;6,1;3,5;
2026/05/20;1900 UTC;0;931,2;931,3;931;1479,6;14,2;3,4;14,6;13,9;4,1;2,4;100;41;48;239;6;3,4;
2026/05/20;2000 UTC;0;931;931,3;930,9;757,7;14,3;3,9;14,7;14;4,5;3,3;50;46;48;233;5;2,9;
2026/05/20;2100 UTC;;;;;;;;;;;;;;;;;;
2026/05/20;2200 UTC;0;931,7;932;931,5;0;10,7;2,9;11,8;10,2;3,4;2,5;64;54;61;224;3,3;2,1;
2026/05/20;2300 UTC;0;932,1;932,4;931,9;0;9,8;2;10,4;8,8;3;1,6;66;57;61;220;4,2;2,4;
2026/05/21;0000 UTC;0;932,6;932,8;932,4;0;8,1;1,5;8,7;7,5;1,9;1,2;69;65;67;209;2,9;2,1;
2026/05/21;0100 UTC;0;932,9;933;932,8;0;7,3;1;8;6,7;1,4;,8;71;64;68;196;2,9;1,8;
2026/05/21;0200 UTC;0;932,8;932,8;932,7;0;7,5;1,4;7,8;7;1,9;,8;72;68;70;188;3,8;2,3;
2026/05/21;0300 UTC;;;;;;;;;;;;;;;;;;
2026/05/21;0400 UTC;0;932,8;932,9;932,8;0;7,4;1,9;7,5;7,1;2,1;1,9;75;72;73;191;3,2;1,4;
2026/05/21;0500 UTC;0;932,8;932,9;932,6;0;6,6;2,4;7,2;6;3;2;84;75;79;181;1,3;,7;
2026/05/21;0600 UTC;0;932,5;932,6;932,4;0;5,7;3;6,2;5,4;3,2;2,3;89;82;86;163;1,3;,9;
2026/05/21;0700 UTC;0;932,4;932,5;932,3;0;5,5;3;5,9;4,9;3,6;2,4;91;84;87;106;,5;,2;
2026/05/21;0800 UTC;0;932,1;932,3;932;0;6,1;3,1;6,8;5,5;3,5;2,4;89;81;85;150;2,3;1,4;
2026/05/21;0900 UTC;0;932,1;932,4;931,9;0;5,6;2,5;6,5;4,9;2,9;2,1;89;81;84;103;1,6;,6;
2026/05/21;1000 UTC;0;932,7;933;932,4;0;4,7;2,2;5,1;4,5;2,5;1,8;89;85;87;99;2,3;1,3;
2026/05/21;1100 UTC;0;933,3;933,6;933,1;187;3,6;1,4;4,6;2,8;1,9;1;93;85;89;228;1,5;,5;
2026/05/21;1200 UTC;0;933,7;933,9;933,5;834,6;6,2;2,7;6,8;4,7;3,8;1,7;87;79;83;68;3,9;1,9;
2026/05/21;1300 UTC;0;934,2;934,6;933,9;1530,5;8;4;9,1;6,8;4,7;3,1;84;75;80;64;3,7;1,8;
2026/05/21;1400 UTC;0;934,6;934,7;934,5;2124,4;9,9;4,4;10,6;9,1;4,9;3,9;78;69;73;55;3,6;1,8;
2026/05/21;1500 UTC;0;934,3;934,5;934,1;2485,8;11,7;4,6;12,6;10,7;5,6;3,8;72;59;65;208;2,2;1;
2026/05/21;1600 UTC;0;933,8;934,1;933,5;2536,7;13,3;3,9;14,5;12,5;4,9;3,1;61;48;53;241;3;1,4;
2026/05/21;1700 UTC;0;933,1;933,5;932,8;2396,1;14,5;4,1;15;13,8;4,7;3,7;100;46;52;200;3,4;1,6;
2026/05/21;1800 UTC;0;932,4;932,7;932,2;2112,6;15,4;4,9;16,3;14,7;5,6;4;100;44;51;290;5;2,4;
2026/05/21;1900 UTC;0;932,2;932,5;931,9;1350,9;15,7;4,7;16,3;15,1;5,5;3,8;49;42;45;245;4,4;3;
2026/05/21;2000 UTC;0;932;932,3;931,8;680,7;14,8;4,1;15,3;14,2;4,4;3,7;51;43;47;229;3,1;1,7;
2026/05/21;2100 UTC;;;;;;;;;;;;;;;;;;
2026/05/21;2200 UTC;0;932,5;932,8;932,3;0;11,2;3,7;11,6;10,9;4,4;3,2;67;59;63;107;3;1,8;
2026/05/21;2300 UTC;0;932,9;933,4;932,5;0;10,3;3,8;11;9,7;3,9;3,7;70;64;68;113;4,2;2,3;
2026/05/22;0000 UTC;0;933,2;933,5;933;0;9;4;9,7;8,5;4,2;3,6;78;70;75;136;5,2;2,5;
2026/05/22;0100 UTC;0;933,1;933,3;933;0;8,2;3,8;8,4;8,1;4;3,5;79;77;78;133;6;2,9;
2026/05/22;0200 UTC;0;933,2;933,4;933;0;8,1;3,3;8,2;8,1;3,5;3;77;75;76;124;4,5;2,5;
2026/05/22;0300 UTC;0;933,4;933,5;933,3;0;7,8;3;8,1;7,5;3,1;2,9;77;74;76;114;5,2;2,7;
2026/05/22;0400 UTC;0;933;933,3;932,6;0;7,3;3;7,5;7,2;3,3;2,9;79;77;78;120;6,8;3,2;
2026/05/22;0500 UTC;0;932,9;933;932,8;0;7,4;3,4;7,7;6,7;3,6;3,3;84;79;80;91;6,7;3,1;
2026/05/22;0600 UTC;0;932,9;933,1;932,7;0;6,6;4,1;7;6,1;4,7;3,2;90;83;88;70;5,9;2,8;
2026/05/22;0700 UTC;0;932,9;933,2;932,8;0;7;5,3;7,3;6,8;5,8;4,7;93;89;92;55;6,7;3,7;
2026/05/22;0800 UTC;0;932,5;932,8;932,3;0;7,5;5,9;7,7;7,3;5,9;5,8;92;91;92;71;6,4;3;
2026/05/22;0900 UTC;0;932,4;932,7;932,1;0;7,7;5,8;7,8;7,3;6;5,7;92;90;91;87;5,2;2,2;
2026/05/22;1000 UTC;0;932,9;933,2;932,8;0;7,8;5,7;8,1;7,4;5,8;5,6;91;88;89;68;5,2;2,7;
2026/05/22;1100 UTC;0;933,2;933,3;933,1;141,7;8,5;6,2;9;8,1;6,5;5,8;89;87;88;66;7,3;3,1;
2026/05/22;1200 UTC;0;933,3;933,5;933,2;705,1;9,8;6,7;10,7;9;7,3;6,4;88;82;84;62;7,6;3,9;
2026/05/22;1300 UTC;0;933,5;933,7;933,3;1284;11,6;7,6;12,8;10,8;8,3;7;83;76;80;63;8;3,7;
2026/05/22;1400 UTC;0;933,6;933,8;933,5;1588,2;13,3;8,3;13,7;12,7;8,6;8;77;73;75;56;7;3,6;
2026/05/22;1500 UTC;0;933,2;933,6;932,8;1227,5;14;8,8;14,7;13,3;9,5;8,4;77;72;74;60;6,9;3,1;
2026/05/22;1600 UTC;;;;;;;;;;;;;;;;;;
2026/05/22;1700 UTC;0;932,2;932,6;932;588,8;15,1;9,7;15,7;14,7;9,9;9,3;75;70;73;38;4,5;2,8;
2026/05/22;1800 UTC;0;932,3;932,5;932,1;434,8;14,7;9,5;14,9;14,5;9,8;9,2;75;73;74;28;5,1;3,5;
2026/05/22;1900 UTC;0;932,6;932,8;932,4;164,6;13,9;10,2;14,7;13,1;10,9;9,5;89;74;81;66;3,4;1,6;
2026/05/22;2000 UTC;,2;932,5;932,8;932,3;89,2;12,8;10,9;13,1;12,8;11,2;10,6;92;88;91;71;4,2;1,9;
2026/05/22;2100 UTC;;;;;;;;;;;;;;;;;;
2026/05/22;2200 UTC;,4;933,1;933,4;932,8;0;12,4;11,2;12,5;12,4;11,4;11,1;95;93;94;51;4,4;2,8;
2026/05/22;2300 UTC;0;933,3;933,5;933,2;0;12,3;10,8;12,5;11,9;11,3;9,8;95;89;93;26;8,2;5,2;
2026/05/23;0000 UTC;0;933,6;933,9;933,4;0;11,4;9,6;11,9;11,1;10;9,3;94;88;91;63;4,7;2;
2026/05/23;0100 UTC;0;933,9;934;933,7;0;10,7;8,7;11,1;10,4;9,7;8,3;93;88;90;60;3,9;2;
2026/05/23;0200 UTC;0;934,1;934,4;933,7;0;10,3;8,6;10,4;10,2;8,7;8,3;93;90;91;77;2,4;1,1;
2026/05/23;0300 UTC;;;;;;;;;;;;;;;;;;
2026/05/23;0400 UTC;0;933,4;933,9;933;0;9,9;8;10,1;9,8;8,2;7,7;92;88;90;64;3,9;1,8;
2026/05/23;0500 UTC;0;933,1;933,5;932,7;0;9,7;7,6;9,9;9,6;7,9;7,2;91;88;89;65;6,8;3,1;
2026/05/23;0600 UTC;0;932,5;932,8;932,2;0;9,5;7,2;9,6;9,3;7,5;7;90;87;89;64;5,5;2,5;
2026/05/23;0700 UTC;0;932;932,2;931,8;0;9,3;7,4;9,3;9,3;7,5;7,2;91;89;90;60;7,3;3,1;
2026/05/23;0800 UTC;0;932;932,2;931,9;0;9,4;7,3;9,4;9,3;7,4;7,2;90;89;90;66;3,5;1,7;
2026/05/23;0900 UTC;0;932,2;932,3;932;0;9,3;7,3;9,5;9,3;7,6;7,1;91;88;90;98;5,1;2,5;
2026/05/23;1000 UTC;0;932,4;932,5;932,2;0;9,3;7,6;9,3;9,2;7,9;7,3;93;90;92;90;3,6;1,7;
2026/05/23;1100 UTC;0;932,7;932,9;932,5;28,4;9,2;8;9,3;9,2;8,5;7,7;96;93;94;84;3;1,1;
2026/05/23;1200 UTC;0;932,9;933;932,8;261,2;9,6;8,9;10,1;9,2;9,3;8,5;97;96;96;73;4,8;2,2;
2026/05/23;1300 UTC;0;932,9;932,9;932,8;572;10,6;9,3;11,3;10,1;9,7;9,1;96;90;93;68;5,2;2,4;
2026/05/23;1400 UTC;0;932,8;932,9;932,6;1174,1;12;9,7;12,9;11,2;10,2;9,2;92;84;89;75;3,8;1,8;
2026/05/23;1500 UTC;0;932,2;932,5;932,1;1895,8;13,6;10,3;14,4;12,7;11,2;9,8;88;78;84;29;5,4;3;
2026/05/23;1600 UTC;;;;;;;;;;;;;;;;;;
2026/05/23;1700 UTC;0;931,1;931,4;930,9;467,6;14,2;10,4;14,3;14;10,9;10;84;78;81;147;1,4;,4;
2026/05/23;1800 UTC;0;930,8;930,9;930,7;322,4;14,2;10,5;14,4;14;10,9;10,2;83;80;81;155;1,6;1;
2026/05/23;1900 UTC;0;930,6;930,7;930,5;398;14,3;10,7;14,4;14,2;11,1;10,3;84;80;82;170;3,4;1,6;
2026/05/23;2000 UTC;0;930,6;930,8;930,6;176,6;14,2;10,8;14,3;14,1;11;10,6;85;82;83;183;2,3;1,3;
2026/05/23;2100 UTC;;;;;;;;;;;;;;;;;;
2026/05/23;2200 UTC;0;930,8;930,9;930,8;0;13,2;11,2;13,7;12,7;11,4;11;92;88;90;186;1,3;,7;
2026/05/23;2300 UTC;0;931;931,1;930,9;0;12,6;11,1;13;12,4;11,4;10,8;94;89;92;100;2;,9;
2026/05/24;0000 UTC;0;931;931;930,9;0;12,6;10,9;12,9;12,1;11,1;10,4;94;90;91;112;2,6;1,1;
2026/05/24;0100 UTC;0;930,8;930,9;930,8;0;11,7;10,6;13;11,2;11,1;10,3;98;88;95;228;1,7;1,1;
2026/05/24;0200 UTC;0;930,8;931;930,7;0;11,3;10,6;11,9;10,5;11,5;9,9;99;94;97;221;1,5;1;
2026/05/24;0300 UTC;0;930,9;931;930,8;0;11,1;10,8;11,8;10,6;11,6;10,3;100;96;98;100;4,2;1,1;
2026/05/24;0400 UTC;0;930,6;930,9;930,4;0;11,5;11;12;10,8;11,4;10,1;99;94;97;112;3,6;,9;
2026/05/24;0500 UTC;0;930,3;930,5;930;0;11;10,7;11,3;10,5;11,1;10;99;96;98;207;3,1;,8;
2026/05/24;0600 UTC;0;929,9;930;929,8;0;10,5;10,5;10,7;10,5;10,7;10,3;100;99;100;81;3,7;1,5;
2026/05/24;0700 UTC;0;929,6;929,8;929,5;0;10,8;10,9;10,9;10,7;11;10,7;100;100;100;97;4,2;1,8;
2026/05/24;0800 UTC;0;929,6;929,7;929,5;0;10,9;11;11;10,9;11,1;11;100;100;100;111;3,9;2,1;
2026/05/24;0900 UTC;0;929,7;929,8;929,5;0;11,2;11,2;11,3;11;11,2;11,1;100;99;100;102;3,6;2,1;
2026/05/24;1000 UTC;0;930;930,1;929,8;0;11,5;11;11,7;11,4;11,1;10,7;99;95;97;105;4,4;2,7;
2026/05/24;1100 UTC;0;930,3;930,5;930,1;121,5;11,7;10,6;12;11,4;10,8;10,4;96;92;95;49;3,6;2,4;
2026/05/24;1200 UTC;0;930,5;930,5;930,3;488,2;12,6;11,1;13,3;12;11,5;10,8;95;90;92;60;3,1;1,5;
2026/05/24;1300 UTC;0;930,7;931;930,3;1260,9;14,3;11,4;15,8;13,3;11,8;11;91;78;86;102;3;1,3;
2026/05/24;1400 UTC;0;930,8;930,9;930,5;0;15,7;11,5;16;15,3;12,1;10,8;82;76;79;128;2,8;1,2;
2026/05/24;1500 UTC;0;930,4;930,7;930;1368,1;16,4;11,4;16,9;15,9;11,9;10,9;100;71;77;168;3,2;2;
2026/05/24;1600 UTC;;;;;;;;;;;;;;;;;;
2026/05/24;1700 UTC;0;930;930;930;1375,3;;;;;;;100;100;100;143;3,2;1,7;
2026/05/24;1800 UTC;0;930;930;930;1322;;;;;;;100;100;100;97;3,3;1,7;
2026/05/24;1900 UTC;0;930;930;930;693,3;;;;;;;100;100;100;59;2,1;1,3;
2026/05/24;2000 UTC;0;930;930;930;299,4;;;;;;;100;100;100;86;1;,5;
2026/05/24;2100 UTC;;;;;;;;;;;;;;;;;;
2026/05/24;2200 UTC;0;930;930;930;0;;;;;;;100;100;100;100;2,5;1,5;
2026/05/24;2300 UTC;0;930;930;930;0;;;;;;;100;100;100;79;1,8;,8;
2026/05/25;0000 UTC;0;930;930;930;0;;;;;;;100;100;100;63;3,4;2;
2026/05/25;0100 UTC;0;929,5;929,6;929,5;0;14,9;11,1;15,5;14,6;11,4;10,9;84;77;81;59;4,8;2,9;
2026/05/25;0200 UTC;;;;;;;;;;;;;;;;;;
2026/05/25;0300 UTC;0;929,6;929,7;929,6;0;14,3;11,9;14,7;14;12,1;11,8;89;87;88;63;6,4;3,3;
2026/05/25;0400 UTC;0;929,5;929,6;929,3;0;13,8;11,8;14;13,7;11,8;11,7;91;89;90;55;7,5;4,5;
2026/05/25;0500 UTC;0;929,4;929,5;929,3;0;13,5;11,9;13,7;13,4;11,9;11,8;92;91;92;56;7,3;4,7;
2026/05/25;0600 UTC;0;929,1;929,3;928,9;0;13,3;11,6;13,4;13,3;11,8;11,4;92;90;91;56;6,9;4,2;
2026/05/25;0700 UTC;0;928,9;929,1;928,7;0;13,1;11,4;13,3;13;11,5;11,3;92;90;91;64;6,7;3,6;
2026/05/25;0800 UTC;0;928,5;928,7;928,2;0;13;11,4;13,1;12,8;11,5;11,4;93;92;92;63;7,3;4,1;
2026/05/25;0900 UTC;0;928,6;929;928,3;0;12,8;11,6;12,9;12,7;11,7;11,5;94;93;94;55;6,8;3,8;
2026/05/25;1000 UTC;0;929,4;929,9;929;0;13;11,8;13,1;12,8;11,9;11,7;95;94;94;76;6;3;
2026/05/25;1100 UTC;0;930;930,2;929,7;57,9;13,4;12;13,7;13,1;12,1;11,9;94;92;93;71;6,6;2,9;
2026/05/25;1200 UTC;0;930,3;930,7;930;302,8;14,1;12,3;14,4;13,7;12,5;12,1;92;90;91;74;4,8;2,5;
2026/05/25;1300 UTC;0;930,7;930,8;930,5;344,1;14,8;12,8;15,2;14,4;13,2;12,4;91;89;90;79;4,8;2,1;
2026/05/25;1400 UTC;0;931;931,2;930,6;372,1;15,6;13,2;16;15,2;13,5;13;90;86;88;62;4,4;2,3;
2026/05/25;1500 UTC;;;;;;;;;;;;;;;;;;
2026/05/25;1600 UTC;0;929,9;930,5;929,7;514,6;16,6;13,5;17,2;16,1;14;13,2;87;81;85;73;4,3;2;
2026/05/25;1700 UTC;0;929,8;930;929,5;807,9;17,6;13,7;18,2;17,2;14,3;13,5;83;78;81;95;4,3;1,7;
2026/05/25;1800 UTC;,8;929,3;929,5;929;436;17,4;13,9;17,9;16,2;14,6;13,6;100;79;82;84;4,8;2;
2026/05/25;1900 UTC;,2;928,8;929;928,4;211,8;16;14,6;16,2;15,8;14,8;14,5;94;92;93;112;7,5;3,8;
2026/05/25;2000 UTC;8,3;928,7;929,3;928,3;18,2;15,6;14,8;15,9;15,3;15,1;14,5;98;94;96;133;5,1;2,2;
2026/05/25;2100 UTC;7,3;928,9;929,5;928,5;3,1;15,4;15;15,5;15,3;15,1;14,9;99;97;98;78;5,2;2,2;
2026/05/25;2200 UTC;3;929,2;929,6;928,7;0;15,4;15;15,5;15,3;15,1;14,8;98;97;98;94;4,7;2,6;
2026/05/25;2300 UTC;,2;929,2;929,4;929;0;15,3;14,8;15,3;15,2;14,9;14,6;98;97;98;86;4,3;2,3;
2026/05/26;0000 UTC;1,8;929,1;929,4;928,4;0;15;14,5;15,2;14,9;14,6;14,3;98;97;97;65;8,4;4,3;
2026/05/26;0100 UTC;,4;929,2;930,4;928,6;0;14,8;14,2;14,9;14,7;14,4;14,1;98;96;97;141;6,5;3,6;
2026/05/26;0200 UTC;4;930,5;930,7;930,3;0;14,8;14,3;15;14,7;14,4;14,1;98;95;97;110;3,5;1,2;
2026/05/26;0300 UTC;,2;930,4;930,6;930,1;0;14,8;14,2;14,9;14,5;14,3;14;98;96;97;98;5;3;
2026/05/26;0400 UTC;0;929,7;930,1;929,3;0;14,5;13,9;14,6;14,3;14;13,9;98;97;97;75;4,7;2,3;
2026/05/26;0500 UTC;,2;929,2;929,6;929;0;14,4;13,8;14,5;14,2;13,9;13,7;98;96;97;58;6,2;3,7;
2026/05/26;0600 UTC;0;928,9;929;928,7;0;14,3;13,8;14,4;14,2;13,9;13,7;98;97;98;64;6,1;3;
2026/05/26;0700 UTC;0;928,2;929;927,9;0;14,3;13,7;14,4;14,2;13,8;13,7;98;97;97;53;5,8;3,6;
2026/05/26;0800 UTC;0;927,4;927,8;927;0;14,4;13,8;14,5;14,2;13,9;13,7;97;97;97;50;8;5,3;
2026/05/26;0900 UTC;1,2;927,2;927,7;926,7;0;14,5;14,1;14,7;14,4;14,2;13,9;98;97;98;42;6,8;4,1;
2026/05/26;1000 UTC;3,8;928,5;929,2;927,7;0;14,8;14,5;15,1;14,5;14,8;14,2;99;98;98;185;4,4;1,6;
2026/05/26;1100 UTC;1;929,1;929,4;928,9;1,3;14,9;14,8;15,1;14,8;15;14,6;100;99;99;97;2,8;1,3;
2026/05/26;1200 UTC;0;929,7;929,9;929,4;61;14,9;14,8;15,1;14,8;15,1;14,6;100;99;100;111;4,8;3;
2026/05/26;1300 UTC;0;929,9;930,1;929,8;289,8;15,1;14,9;15,5;14,9;15,2;14,7;100;98;99;67;2,6;1,4;
2026/05/26;1400 UTC;0;930;930,2;929,7;489,2;15,8;15,4;16,2;15,4;15,8;15,1;99;97;98;38;3,6;2,3;
2026/05/26;1500 UTC;0;929,5;929,7;929,2;698,9;16,6;16;17,5;16,2;16,6;15,6;98;95;97;182;3,8;2,1;
2026/05/26;1600 UTC;0;929;929,2;928,9;686,1;17,8;16,4;18,1;17,5;16,8;16,1;100;90;94;324;6;3,1;
2026/05/26;1700 UTC;0;928,9;928,9;928,9;736,5;;;;;;;100;100;100;323;4,5;2,4;
2026/05/26;1800 UTC;0;928,9;928,9;928,9;514,5;;;;;;;100;100;100;294;3,8;2,2;
2026/05/26;1900 UTC;,4;928,9;928,9;928,9;165;;;;;;;100;100;100;305;5,4;2,7;
2026/05/26;2000 UTC;0;928,9;928,9;928,9;201;;;;;;;100;100;100;253;6,8;4,2;
2026/05/26;2100 UTC;0;928,9;928,9;928,9;38,3;;;;;;;100;100;100;253;5,8;2,9;
2026/05/26;2200 UTC;0;928,9;928,9;928,9;0;;;;;;;100;100;100;246;3,5;2,2;
2026/05/26;2300 UTC;0;928,9;928,9;928,9;0;;;;;;;100;100;100;242;5,7;3,2;
2026/05/27;0000 UTC;0;928,9;928,9;928,9;0;;;;;;;100;100;100;222;5,3;2,8;
2026/05/27;0100 UTC;0;930;930,2;929,8;0;15,6;14,6;15,7;15,4;14,7;14,5;96;95;95;239;3,1;1,9;
2026/05/27;0200 UTC;0;930,3;930,4;930,1;0;15,2;14,4;15,4;14,9;14,6;14,1;97;95;96;230;5;3,1;
2026/05/27;0300 UTC;;;;;;;;;;;;;;;;;;
2026/05/27;0400 UTC;0;930,1;930,4;929,9;0;13,7;12,6;14,1;13,3;13;12,2;96;93;94;142;2,2;1,1;
2026/05/27;0500 UTC;0;929,9;930;929,8;0;12,8;12,1;13,4;12,2;12,4;11,7;98;93;97;232;1;,6;
2026/05/27;0600 UTC;0;929,7;929,9;929,4;0;12,4;11,9;12,6;11,9;12,3;11,3;100;93;98;98;1,8;,6;
2026/05/27;0700 UTC;0;929,4;929,4;929,3;0;12;11;12,5;11,5;11,4;10,4;98;92;95;177;2,3;1,3;
2026/05/27;0800 UTC;0;929,3;929,4;929,3;0;11,7;11,3;12;11,2;11,9;10,6;100;96;98;176;2,9;1,3;
2026/05/27;0900 UTC;0;929,6;929,9;929,4;0;12,1;11,6;12,3;11,8;12;11,3;100;95;97;159;4,3;2,2;
2026/05/27;1000 UTC;0;930,2;930,5;929,9;0;12,3;11,3;12,4;12,3;11,4;11,1;95;94;95;192;2,4;1,4;
2026/05/27;1100 UTC;0;930,9;931,3;930,6;26,6;12,3;11,2;12,4;12,2;11,4;10,8;95;93;94;130;2,6;1,2;
2026/05/27;1200 UTC;0;931,5;931,7;931,3;417,7;12,7;10,8;13,3;12,3;11,1;10,3;93;87;90;165;2,9;1,5;
2026/05/27;1300 UTC;0;931,8;932,1;931,7;551,2;13,7;10,7;14;13,3;11,5;9,9;88;80;85;111;2,3;1,1;
2026/05/27;1400 UTC;0;932,1;932,1;932;891,1;14,4;10,2;15,3;13,9;10,9;9,6;84;72;79;74;2,6;1,2;
2026/05/27;1500 UTC;0;932;932,1;931,8;1552,3;15,6;9,9;16,3;15,2;11;9;100;65;72;146;5,1;1,8;
2026/05/27;1600 UTC;0;931,4;931,8;931;1797;16,5;9,7;17,9;15,8;11,7;9,1;100;61;68;97;3,4;1,4;
2026/05/27;1700 UTC;0;930,6;931;930,2;1985,9;17,7;10;18,4;17,1;10,9;9,2;100;58;62;181;4,4;2,2;
2026/05/27;1800 UTC;0;930;930,3;929,9;1911,8;18,3;10,1;18,9;17,1;10,8;9,5;65;56;59;165;4,6;2;
2026/05/27;1900 UTC;0;929,8;929,9;929,7;1387,1;18,5;10,2;18,8;18,3;11,1;9,4;63;55;59;175;3,4;1,7;
2026/05/27;2000 UTC;;;;;;;;;;;;;;;;;;
2026/05/27;2100 UTC;;;;;;;;;;;;;;;;;;
2026/05/27;2200 UTC;0;930,3;930,3;930,3;0;15,6;9,7;15,6;15,6;9,7;9,6;100;70;99;121;3,1;1,2;
2026/05/27;2300 UTC;0;930,3;930,3;930,3;0;;;;;;;100;100;100;124;2,5;1,5;
2026/05/28;0000 UTC;;;;;;;;;;;;;;;;;;
2026/05/28;0100 UTC;0;930,9;931;930,7;0;12,7;8,4;13,2;11,9;8,7;8,1;81;77;79;103;5,4;3,1;
2026/05/28;0200 UTC;0;930,9;931,1;930,6;0;11,1;8,1;12;10,4;8,2;8;89;80;85;69;2,1;1;
2026/05/28;0300 UTC;0;930,8;931,1;930,5;0;10,1;8,2;10,5;9,8;8,8;7,9;93;88;90;113;4,6;1,4;
2026/05/28;0400 UTC;0;930,4;930,5;930,4;0;10,2;8,5;10,7;9,9;8,8;8,3;94;89;92;71;3,5;1,3;
2026/05/28;0500 UTC;0;930,5;930,6;930,3;0;10,1;8,2;10,4;9,8;8,5;7,9;91;90;91;77;3,6;1,7;
2026/05/28;0600 UTC;0;930;930,3;929,7;0;10,1;8;10,8;9,5;8,3;7,6;92;87;90;100;6,6;3,2;
2026/05/28;0700 UTC;0;929,8;929,9;929,7;0;8,8;7,9;9,5;8,5;8,3;7,5;99;91;95;85;5,1;2;
2026/05/28;0800 UTC;0;929,7;929,9;929,4;0;8,8;8,8;9,3;8,4;9,3;8,2;100;99;100;72;7;2,8;
2026/05/28;0900 UTC;0;929,6;929,8;929,5;0;9,5;9,6;9,6;9,3;9,7;9,3;100;100;100;64;6,6;2,5;
2026/05/28;1000 UTC;0;930;930,2;929,7;0;9,8;9,9;9,9;9,6;10;9,7;100;100;100;64;6,6;3,2;
2026/05/28;1100 UTC;0;930,6;930,9;930,2;51,5;10,2;9,9;10,4;9,9;10;9,7;100;97;99;65;7;3,5;
2026/05/28;1200 UTC;0;931,2;931,4;930,9;369,5;10,6;9,5;11;10,4;9,8;9,2;97;91;95;59;7,2;3,8;
2026/05/28;1300 UTC;0;931,5;931,7;931,3;1349,2;11,9;9,4;13,2;11;9,8;9;93;80;87;61;6,7;3,2;
2026/05/28;1400 UTC;0;931,7;931,7;931,5;2046,5;14,3;9,8;15,1;13,2;10,3;9,3;83;73;78;73;6;2,6;
2026/05/28;1500 UTC;;;;;;;;;;;;;;;;;;
2026/05/28;1600 UTC;0;930,7;931;930,3;2427;17,9;10,4;18,9;17,1;11,2;9,7;100;55;66;168;4,3;2,5;
2026/05/28;1700 UTC;;;;;;;;;;;;;;;;;;
2026/05/28;1800 UTC;0;929,6;929,6;929,6;1874,5;;;;;;;100;100;100;216;3,5;1,8;
2026/05/28;1900 UTC;0;929,6;929,6;929,6;1035,7;;;;;;;100;100;100;54;2,6;1,6;
2026/05/28;2000 UTC;0;929,6;929,6;929,6;572,4;;;;;;;100;100;100;210;2,4;1,3;
2026/05/28;2100 UTC;0;929,6;929,6;929,6;60,6;;;;;;;100;100;100;41;1,6;1,1;
2026/05/28;2200 UTC;0;929,6;929,6;929,6;0;;;;;;;100;100;100;48;1,4;,9;
2026/05/28;2300 UTC;0;929,6;929,6;929,6;0;;;;;;;100;100;100;227;1;,5;
2026/05/29;0000 UTC;;;;;;;;;;;;;;;;;;
2026/05/29;0100 UTC;;;;;;;;;;;;;;;;;;
2026/05/29;0200 UTC;0;930,3;930,5;930,2;0;14,2;11,7;14,9;13,6;12;11,5;91;84;88;88;3,1;1,7;
2026/05/29;0300 UTC;;;;;;;;;;;;;;;;;;
2026/05/29;0400 UTC;0;930,5;930,6;930,4;0;12,5;11,4;12,8;12,2;11,5;11,2;96;93;94;60;3,3;1,7;
2026/05/29;0500 UTC;0;930,2;930,4;930,2;0;12;11,2;12,3;11,7;11,4;11;97;94;96;71;3,7;1,8;
2026/05/29;0600 UTC;0;930,2;930,3;930,1;0;12,1;11;12,4;11,6;11,2;10,7;96;93;94;70;3,6;1,9;
2026/05/29;0700 UTC;0;929,9;930,1;929,7;0;11,5;10,6;11,7;11;10,8;10,4;97;94;96;59;3,3;1,6;
2026/05/29;0800 UTC;0;929,7;929,8;929,6;0;11,1;10,3;11,2;10,9;10,5;10,2;97;96;96;64;3,4;2;
2026/05/29;0900 UTC;0;929,8;930;929,6;0;10,7;10,1;10,9;10,4;10,3;9,9;98;96;97;75;4,3;2;
2026/05/29;1000 UTC;0;930,2;930,4;930;0;10,2;10;10,3;10;10,3;9,6;100;98;99;75;4,8;2,4;
2026/05/29;1100 UTC;0;930,7;930,9;930,4;43,4;10,5;10,5;10,8;10,3;10,8;10,3;100;100;100;73;5,6;2,5;
2026/05/29;1200 UTC;0;931,1;931,3;930,8;244,3;11,1;11,1;11,5;10,8;11,4;10,8;100;99;100;83;4,9;2,6;
2026/05/29;1300 UTC;0;931,5;931,8;931,2;668,7;12,4;11,7;13,8;11,5;12,2;11,3;99;90;96;63;5,5;2,1;
2026/05/29;1400 UTC;0;931,6;931,9;931,2;1435,7;14,6;12;15,4;13,6;12,4;11,6;92;82;87;59;6,1;3,5;
2026/05/29;1500 UTC;;;;;;;;;;;;;;;;;;
2026/05/29;1600 UTC;0;930,3;930,4;930,3;2209,8;2,2;12,4;17,8;;12,4;12,4;100;73;99;52;5,4;2,6;
2026/05/29;1700 UTC;0;930,3;930,3;930,3;1990,4;;;;;;;100;100;100;33;5,6;3,6;
2026/05/29;1800 UTC;0;930,3;930,3;930,3;1307,4;;;;;;;100;100;100;55;4,6;2,6;
2026/05/29;1900 UTC;0;930,3;930,3;930,3;605,4;;;;;;;100;100;100;64;3,5;1,5;
2026/05/29;2000 UTC;;;;;;;;;;;;;;;;;;
2026/05/29;2100 UTC;0;930,3;930,3;930,3;28,4;;;;;;;100;100;100;87;1,8;,7;
2026/05/29;2200 UTC;0;930,3;930,3;930,3;0;;;;;;;100;100;100;60;3;1,6;
2026/05/29;2300 UTC;0;930,3;930,3;930,3;0;;;;;;;100;100;100;69;4,5;2,1;
2026/05/30;0000 UTC;0;930,3;930,3;930,3;0;;;;;;;100;100;100;53;5;2,9;
2026/05/30;0100 UTC;;;;;;;;;;;;;;;;;;
2026/05/30;0200 UTC;,6;930,7;930,8;930,5;0;13,6;12,3;13,9;13,5;12,4;12;95;90;93;96;2,1;1,1;
2026/05/30;0300 UTC;1,6;930,9;931;930,8;0;13,3;12,6;13,5;13,2;12,7;12,3;97;94;96;77;3;1,3;
2026/05/30;0400 UTC;;;;;;;;;;;;;;;;;;
2026/05/30;0500 UTC;2,2;931,1;931,2;930,9;0;12,8;12,5;12,9;12,7;12,5;12,4;99;98;98;74;3,6;1,4;
2026/05/30;0600 UTC;3,4;930,7;930,9;930,4;0;12,7;12,4;12,7;12,6;12,5;12,3;99;99;99;86;4;1,8;
2026/05/30;0700 UTC;3,4;930,1;930,4;929,9;0;12,5;12,3;12,6;12,4;12,4;12,3;99;99;99;75;4,1;2,1;
2026/05/30;0800 UTC;,4;930;930,2;929,8;0;12,4;12,2;12,5;12,4;12,3;12,1;99;99;99;76;4,3;1,8;
2026/05/30;0900 UTC;;;;;;;;;;;;;;;;;;
2026/05/30;1000 UTC;0;930,5;930,9;930,2;0;12,1;11,8;12,3;12;12,1;11,7;99;98;98;73;3,1;1,3;
2026/05/30;1100 UTC;0;931,2;931,5;930,9;46,9;12;11,8;12,2;12;11,9;11,7;99;99;99;68;2,6;1,1;
2026/05/30;1200 UTC;0;931,6;931,7;931,5;510,5;12,8;12,1;13,5;12,2;12,5;11,9;99;93;96;43;5,4;2,9;
2026/05/30;1300 UTC;0;931,9;932,2;931,7;1128,6;14,2;12,4;14,8;13,5;12,9;11,9;94;88;91;41;3,3;2,3;
2026/05/30;1400 UTC;0;931,9;932,2;931,8;1543,4;15,3;12,7;16,1;14,6;13,4;12,1;91;84;87;131;3,6;2,1;
2026/05/30;1500 UTC;0;931,7;931,8;931,5;1974,9;17;13,2;18,5;15,8;14;12,6;100;73;83;274;3,4;1,9;
2026/05/30;1600 UTC;;;;;;;;;;;;;;;;;;
2026/05/30;1700 UTC;0;931,4;931,4;931,4;1553,9;;;;;;;100;100;100;256;4,5;2,5;
2026/05/30;1800 UTC;0;931,4;931,4;931,4;1208,3;;;;;;;100;100;100;218;4,5;2,5;
2026/05/30;1900 UTC;0;931,4;931,4;931,4;1305,6;;;;;;;100;100;100;233;4,2;2,6;
2026/05/30;2000 UTC;;;;;;;;;;;;;;;;;;
2026/05/30;2100 UTC;0;931,4;931,4;931,4;69,5;;;;;;;100;100;100;149;1,5;1,1;
2026/05/30;2200 UTC;0;931,4;931,4;931,4;0;;;;;;;100;100;100;120;,5;,2;
2026/05/30;2300 UTC;0;931,4;931,4;931,4;0;;;;;;;100;100;100;160;2,2;,9;
2026/05/31;0000 UTC;0;931,4;931,4;931,4;0;;;;;;;100;100;100;305;,7;,3;
2026/05/31;0100 UTC;;;;;;;;;;;;;;;;;;
2026/05/31;0200 UTC;0;930,7;930,9;930,6;0;14,1;12,2;15;13,5;12,5;11,9;94;86;91;47;1,9;1,3;
2026/05/31;0300 UTC;0;930,9;930,9;930,8;0;13,8;12,2;14,1;13,5;12,3;12,1;94;91;92;88;1,2;,8;
2026/05/31;0400 UTC;0;930,8;930,9;930,6;0;14;12,2;14,2;13,7;12,5;11,9;93;89;91;82;1,3;,6;
2026/05/31;0500 UTC;0;930,5;930,6;930,5;0;13,7;11,9;14,1;13,2;12;11,8;93;89;91;81;1,8;,9;
2026/05/31;0600 UTC;0;930,3;930,4;930,2;0;13,1;12;13,4;12,6;12,3;11,9;97;93;94;83;2,1;1,3;
2026/05/31;0700 UTC;0;930,1;930,3;930;0;12,4;11,9;12,7;12,1;12,1;11,5;98;96;97;68;2,2;1,2;
2026/05/31;0800 UTC;0;930;930,1;930;0;11,8;11,4;12,1;11,4;12,1;11;100;97;98;89;2,6;1,4;
2026/05/31;0900 UTC;0;930,1;930,3;930;0;11,4;11,3;11,8;11,1;11,6;11;100;98;99;65;2,7;1,4;
2026/05/31;1000 UTC;0;930,6;930,8;930,3;0;11,4;11,4;11,4;11,3;11,5;11,4;100;100;100;99;1,8;,8;
2026/05/31;1100 UTC;0;930,9;931,3;930,8;88,9;11,3;11,3;11,8;11;11,8;11;100;100;100;51;1,6;,9;
2026/05/31;1200 UTC;0;931,6;931,7;931,3;266,8;11,9;11,9;12,1;11,8;12,1;11,8;100;100;100;86;2,6;1,3;
2026/05/31;1300 UTC;0;931,9;932,1;931,7;656,3;12,2;12,2;12,8;11,8;12,7;11,8;100;99;100;76;2,8;1,4;
2026/05/31;1400 UTC;0;932;932,1;931,9;970,3;13,1;12,7;13,8;12,6;13,2;12,3;99;96;98;108;2,6;1,2;
2026/05/31;1500 UTC;0;931,5;931,9;931,2;1154,6;14,4;13,1;15;13,8;13,4;12,8;96;90;93;68;2,4;1,5;
2026/05/31;1600 UTC;;;;;;;;;;;;;;;;;;
2026/05/31;1700 UTC;0;930,7;930,7;930,7;1222,2;;;;;;;100;100;100;287;3,8;2,4;
2026/05/31;1800 UTC;0;930,7;930,7;930,7;1518,9;;;;;;;100;100;100;248;6,4;3,3;
2026/05/31;1900 UTC;0;930,7;930,7;930,7;849,9;;;;;;;100;100;100;225;4;2,5;
2026/05/31;2000 UTC;;;;;;;;;;;;;;;;;;
2026/05/31;2100 UTC;0;930,7;930,7;930,7;51,6;;;;;;;100;100;100;202;2,4;1;
2026/05/31;2200 UTC;0;930,7;930,7;930,7;0;;;;;;;100;100;100;197;,9;,5;
2026/05/31;2300 UTC;0;930,7;930,7;930,7;0;;;;;;;100;100;100;173;,5;,3;
2026/06/01;0000 UTC;;;;;;;;;;;;;;;;;;
2026/06/01;0100 UTC;;;;;;;;;;;;;;;;;;
2026/06/01;0200 UTC;0;930,3;930,4;930,3;0;12,8;12,9;13,1;12,6;13,1;12,6;100;100;100;66;1,5;,8;
2026/06/01;0300 UTC;0;930,3;930,4;930,3;0;12,5;12,5;12,6;12,4;12,7;12,4;100;100;100;63;1,6;,8;
2026/06/01;0400 UTC;0;930,1;930,3;929,9;0;12,8;12,8;12,9;12,6;12,9;12,7;100;100;100;53;2,3;1,1;
2026/06/01;0500 UTC;0;930;930,1;929,7;0;12,8;12,9;12,9;12,8;12,9;12,8;100;100;100;102;1,9;1,1;
2026/06/01;0600 UTC;0;929,5;929,7;929,4;0;12,7;12,8;12,9;12,6;12,9;12,6;100;100;100;251;1,7;1,1;
2026/06/01;0700 UTC;0;929,4;929,5;929,3;0;12,7;12,7;12,8;12,6;12,8;12,6;100;100;100;101;1;,5;
2026/06/01;0800 UTC;;;;;;;;;;;;;;;;;;
2026/06/01;0900 UTC;0;929,8;930;929,7;0;11,8;11,9;12,4;11,3;12,4;11,4;100;100;100;134;1,5;1;
2026/06/01;1000 UTC;0;930,5;931;930;0;11,3;11,3;11,5;10,9;11,6;11;100;100;100;154;2,8;1,9;
2026/06/01;1100 UTC;0;931;931,1;930,8;42,7;11,3;11,3;11,5;10,9;11,5;11;100;100;100;68;2,1;1,1;
2026/06/01;1200 UTC;0;931,3;931,5;931,1;268,1;11,5;11,6;11,8;11,4;11,9;11,4;100;100;100;107;2;,9;
2026/06/01;1300 UTC;0;931,7;932;931,4;495,5;12,1;12,1;12,5;11,8;12,4;11,8;100;98;100;159;3;2;
2026/06/01;1400 UTC;0;932;932,1;931,8;1252,5;13,2;11,4;13,8;12,4;12,6;10,5;98;84;91;171;2;1,1;
2026/06/01;1500 UTC;0;931,8;932;931,7;2475,6;15,3;10,5;16,9;13,5;12,2;9,2;100;64;78;200;3,2;1,6;
2026/06/01;1600 UTC;;;;;;;;;;;;;;;;;;
2026/06/01;1700 UTC;0;930,9;931,2;930,6;2463,2;17,3;9,6;17,9;16,6;10,2;9;100;57;63;170;2,9;1,6;
2026/06/01;1800 UTC;0;930,4;930,6;930,3;2105,1;17,9;9,9;18,6;17,3;10,9;9,4;63;56;60;189;3,8;2,3;
2026/06/01;1900 UTC;0;930,2;930,4;930,1;1523,5;18,4;10,3;19,1;17,7;11,2;9,6;63;56;59;247;3,6;1,7;
2026/06/01;2000 UTC;;;;;;;;;;;;;;;;;;
2026/06/01;2100 UTC;0;930,7;930,8;930,6;81,9;15,5;10,6;16,3;14,4;10,8;10,4;100;71;84;201;1,4;,9;
2026/06/01;2200 UTC;0;930,7;930,7;930,7;0;;;;;;;100;100;100;186;2,1;1,1;
2026/06/01;2300 UTC;0;930,7;930,7;930,7;0;;;;;;;100;100;100;167;2,6;1,8;
2026/06/02;0000 UTC;0;930,7;930,7;930,7;0;;;;;;;100;100;100;164;2,6;1,8;
2026/06/02;0100 UTC;0;931,6;931,7;931,6;0;12,6;9,3;13;12,3;9,4;9;85;82;83;147;2,9;1,8;
2026/06/02;0200 UTC;0;931,8;931,9;931,6;0;12,5;8,5;12,8;12,2;9;8,3;82;78;80;127;4,7;2,8;
2026/06/02;0300 UTC;0;931,8;931,9;931,6;0;12,3;8,4;12,7;11,7;8,5;8,4;84;79;81;108;5,2;2,5;
2026/06/02;0400 UTC;0;931,6;931,8;931,5;0;11;8,3;11,8;9,6;8,4;8,1;93;83;87;64;2,6;1,1;
2026/06/02;0500 UTC;0;931,9;932;931,7;0;9,5;8,3;9,6;9,3;8,5;8,2;95;93;94;171;2,1;,8;
2026/06/02;0600 UTC;0;931,6;931,8;931,4;0;9,5;8,2;9,9;9,1;8,6;8;95;91;93;68;3,1;1,7;
2026/06/02;0700 UTC;0;931,6;931,8;931,4;0;9,3;8;10;8,2;8,5;7,4;97;91;94;144;1,5;,6;
2026/06/02;0800 UTC;0;931,6;931,8;931,4;0;8,6;7,7;9,3;7,9;8,3;7,3;99;93;96;95;5,3;2,9;
2026/06/02;0900 UTC;0;931,6;931,8;931,5;0;8;8;8,6;7,5;8,6;7,2;100;96;100;94;5,2;2,5;
2026/06/02;1000 UTC;0;932;932,3;931,7;0;8,9;9;9,7;8,4;9,8;8,4;100;100;100;81;4,9;1,8;
2026/06/02;1100 UTC;0;932,4;932,7;932,2;70,4;10;10,1;10,4;9,8;10,3;9,8;100;99;100;63;5,5;2,6;
2026/06/02;1200 UTC;0;933,3;933,6;932,7;1004,7;11,5;10,4;12,3;10,4;10,8;10,1;99;91;95;71;5;2;
2026/06/02;1300 UTC;0;933,9;934,1;933,6;1368,9;13,3;10,5;14,2;12,3;11;10,2;92;81;86;65;5;2,3;
2026/06/02;1400 UTC;0;934,3;934,4;934,1;1946,5;14,9;10,4;15,7;14;10,8;9,9;82;73;78;74;4,2;1,7;
2026/06/02;1500 UTC;0;934;934,3;933,7;2293,4;16,3;10,6;17,3;15,6;11,3;10,1;100;67;74;170;3,7;2,1;
2026/06/02;1600 UTC;;;;;;;;;;;;;;;;;;
2026/06/02;1700 UTC;0;932,8;933,2;932,4;1592,5;18,1;10,8;19;17,2;11,4;10,3;100;59;65;94;2,1;1,1;
2026/06/02;1800 UTC;0;932,4;932,5;932,4;1496,8;18,9;10,8;19,3;18,5;11,7;10,3;65;56;60;258;3;,8;
2026/06/02;1900 UTC;0;932,4;932,4;932,4;1329,3;18,7;10,9;18,9;18,7;11,2;10,5;100;59;96;277;2,8;1,5;
2026/06/02;2000 UTC;0;932,4;932,4;932,4;605;;;;;;;100;100;100;314;2,3;1,3;
2026/06/02;2100 UTC;0;932,4;932,4;932,4;69,2;;;;;;;100;100;100;180;,7;,3;
2026/06/02;2200 UTC;0;932,4;932,4;932,4;0;;;;;;;100;100;100;192;1;,5;
2026/06/02;2300 UTC;0;932,4;932,4;932,4;0;;;;;;;100;100;100;63;1,2;,6;
2026/06/03;0000 UTC;0;932,4;932,4;932,4;0;;;;;;;100;100;100;134;1,2;,5;
2026/06/03;0100 UTC;0;934,1;934,3;933,8;0;13,2;10,7;13,8;12,9;10,8;10,5;89;85;88;80;3,1;1,4;
2026/06/03;0200 UTC;0;934,2;934,3;934,1;0;12,7;10,5;12,9;12,5;10,6;10,4;90;88;89;64;5,7;3,1;
2026/06/03;0300 UTC;0;934,2;934,3;934,2;0;12,4;10,3;12,6;12,3;10,4;10,1;90;89;90;65;5,9;3,3;
2026/06/03;0400 UTC;0;934,1;934,3;934;0;12,1;10;12,3;11,8;10,1;9,9;91;89;90;63;6,3;3,4;
2026/06/03;0500 UTC;0;934,2;934,3;934,1;0;11,7;9,9;11,8;11,5;10;9,7;92;91;91;67;5,8;3;
2026/06/03;0600 UTC;0;934;934,2;933,9;0;11,3;9,5;11,5;10,9;9,7;9,4;92;90;91;72;5;2,5;
2026/06/03;0700 UTC;0;933,8;934;933,7;0;10,8;9,4;11;10,7;9,6;9,3;94;92;93;81;5,2;2,5;
2026/06/03;0800 UTC;0;933,6;933,8;933,4;0;10,4;9,4;10,7;10,1;9,6;9,3;96;94;95;74;5,9;2,6;
2026/06/03;0900 UTC;0;933,6;933,8;933,4;0;9,9;9,2;10,1;9,5;9,3;8,9;98;96;96;81;4,5;1,8;
2026/06/03;1000 UTC;0;934,1;934,4;933,8;0;9,5;9;9,6;9,3;9,2;8,8;98;97;98;88;5,6;2,2;
2026/06/03;1100 UTC;0;934,7;935;934,4;88;9,6;9,1;9,8;9,3;9,2;8,9;98;97;97;77;6,8;2,9;
2026/06/03;1200 UTC;0;935;935,4;934,8;378;10,1;9,3;10,5;9,8;9,5;9,2;97;95;96;74;7,3;3,3;
2026/06/03;1300 UTC;0;935,5;935,8;935,2;1112,2;11,5;9,6;12,6;10,5;10;9,4;95;85;91;66;7,1;3,6;
2026/06/03;1400 UTC;0;936;936,2;935,8;1676,4;13,2;9,8;14,1;12,3;10,2;9,4;87;77;83;52;7,2;4,1;
2026/06/03;1500 UTC;0;935,6;936;935,3;2319,2;15,1;10;15,8;14,1;10,7;9,4;79;71;74;44;6,1;3,3;
2026/06/03;1600 UTC;;;;;;;;;;;;;;;;;;
2026/06/03;1700 UTC;0;934,3;934,6;934;2260,7;18,1;10,5;18,9;17,4;10,9;10;100;57;65;43;6,1;3,5;
2026/06/03;1800 UTC;0;934;934,1;933,9;1905;18,7;10,4;19,1;18,4;10,8;9,7;100;53;82;36;5,4;3;
2026/06/03;1900 UTC;0;934;934;934;1345,1;;;;;;;100;100;100;29;4,6;3,1;
2026/06/03;2000 UTC;0;934;934;934;639,4;;;;;;;100;100;100;71;2,6;1,3;
2026/06/03;2100 UTC;0;934;934;934;76,7;;;;;;;100;100;100;109;2,7;1,5;
2026/06/03;2200 UTC;0;934;934;934;0;;;;;;;100;100;100;72;4,9;2,5;
2026/06/03;2300 UTC;0;934;934;934;0;;;;;;;100;100;100;75;5,2;2,4;
2026/06/04;0000 UTC;0;934;934;934;0;;;;;;;100;100;100;66;5,2;2,5;
2026/06/04;0100 UTC;0;935,7;935,7;935,6;0;12,4;9,4;12,7;12,2;9,6;9,2;86;84;85;66;6,1;2,9;
2026/06/04;0200 UTC;;;;;;;;;;;;;;;;;;
2026/06/04;0300 UTC;0;935,9;936;935,8;0;11,5;8,8;11,8;11,3;9;8,6;87;85;87;52;5,8;3,2;
2026/06/04;0400 UTC;0;935,8;935,9;935,6;0;11,3;8,4;11,4;11;8,6;8,3;86;85;86;51;5,6;3;
2026/06/04;0500 UTC;0;935,8;936;935,6;0;10,9;8,4;11,1;10,6;8,5;8,3;89;86;87;57;6,2;3,1;
2026/06/04;0600 UTC;0;935,8;936;935,7;0;10,5;8,6;10,7;10,4;8,7;8,4;91;89;91;56;5,7;3;
2026/06/04;0700 UTC;0;935,6;935,7;935,4;0;10,3;8,7;10,6;10,2;8,8;8,6;93;91;92;56;6,3;3,4;
2026/06/04;0800 UTC;0;935,3;935,5;935,1;0;10,4;8,8;10,5;10,3;8,9;8,7;93;92;92;53;6,2;3,5;
2026/06/04;0900 UTC;0;935,2;935,5;935,1;0;10,3;8,9;10,4;10,2;8,9;8,8;93;92;93;51;6,4;3,5;
2026/06/04;1000 UTC;0;935,7;936;935,5;0;10,3;8,7;10,6;10,1;8,8;8,6;93;90;92;53;6,9;4,1;
2026/06/04;1100 UTC;0;936,2;936,3;936;124,4;10,9;8,7;11,5;10,5;8,8;8,6;91;86;89;59;6,8;3,8;
2026/06/04;1200 UTC;0;936,8;937,2;936,3;713,6;12,1;9;12,7;11,5;9,6;8,8;86;82;85;52;4,6;2,5;
2026/06/04;1300 UTC;0;937,4;937,6;937,1;1404,5;13,8;9,7;14,8;12,8;10,4;9,2;84;77;80;62;6,2;3,3;
2026/06/04;1400 UTC;0;937,5;937,6;937,3;1450,1;15,4;10,3;15,8;14,9;10,6;10,1;100;73;78;46;8,5;4,8;
2026/06/04;1500 UTC;0;937,6;937,6;937,6;2114,4;;;;;;;100;100;100;30;10,9;7,4;
2026/06/04;1600 UTC;;;;;;;;;;;;;;;;;;
2026/06/04;1700 UTC;0;937,6;937,6;937,6;2278,1;;;;;;;100;100;100;26;9,2;6,3;
2026/06/04;1800 UTC;0;937,6;937,6;937,6;1892,1;;;;;;;100;100;100;30;9,2;6,2;
2026/06/04;1900 UTC;0;937,6;937,6;937,6;1346,3;;;;;;;100;100;100;33;7,2;4,8;
2026/06/04;2000 UTC;0;937,6;937,6;937,6;653,4;;;;;;;100;100;100;33;8,7;5,3;
2026/06/04;2100 UTC;0;937,6;937,6;937,6;84,8;;;;;;;100;100;100;41;5,9;4,1;
2026/06/04;2200 UTC;0;937,6;937,6;937,6;0;;;;;;;100;100;100;50;5,9;3,7;
2026/06/04;2300 UTC;0;937,6;937,6;937,6;0;;;;;;;100;100;100;59;4,3;2,4;
2026/06/05;0000 UTC;0;937,6;937,6;937,6;0;;;;;;;100;100;100;52;5;3,1;
2026/06/05;0100 UTC;0;934,8;934,9;934,7;0;13,7;11,2;14,1;13,5;11,6;10,9;90;84;88;56;5,2;3,1;
2026/06/05;0200 UTC;;;;;;;;;;;;;;;;;;
2026/06/05;0300 UTC;0;934,7;934,8;934,7;0;13,2;11,9;13,3;13;12;11,8;94;93;94;56;5,6;3;
2026/06/05;0400 UTC;0;934,7;934,8;934,6;0;12,8;11,9;13;12,7;12;11,8;96;94;95;61;4,6;2,4;
2026/06/05;0500 UTC;0;934,5;934,7;934,2;0;13;12;13,3;12,7;12;11,9;96;93;95;58;6,4;3,7;
2026/06/05;0600 UTC;0;934;934,3;933,7;0;13,4;11,8;13,6;13,3;12;11,4;93;90;92;51;8;4,6;
2026/06/05;0700 UTC;0;933,4;933,6;933,1;0;13,3;11,3;13,5;13,2;11,5;11,3;90;89;90;58;6,9;4,5;
2026/06/05;0800 UTC;0;932,9;933,1;932,8;0;13,2;11,2;13,3;13,1;11,3;11,2;91;90;90;57;7,2;4,4;
2026/06/05;0900 UTC;0;933,2;933,3;932,9;0;13,1;11,5;13,2;13;11,6;11,2;92;91;92;60;7,9;4,1;
2026/06/05;1000 UTC;0;933,6;933,8;933,3;0;13,2;11,5;13,2;13,1;11,6;11,4;92;91;92;60;7,4;4,1;
2026/06/05;1100 UTC;0;934;934,2;933,7;116,2;13,4;11,4;13,8;13;11,4;11,3;92;88;90;55;7;3,9;
2026/06/05;1200 UTC;0;934,5;934,7;934,2;703,3;14,4;11,7;14,9;13,8;12;11,4;88;84;86;55;6,8;3,9;
2026/06/05;1300 UTC;0;935;935,2;934,7;1372,4;15,6;11,9;16,5;14,7;12,2;11,4;87;74;82;49;7,7;4,1;
2026/06/05;1400 UTC;0;934,9;935,1;934,8;1946,7;16,9;11,7;17,7;16,3;12,1;11,2;100;71;74;53;6,5;4,2;
2026/06/05;1500 UTC;0;934,7;934,9;934,4;2253,5;18,4;11,7;19,1;17,6;12,4;11;100;62;70;30;7,6;4,3;
2026/06/05;1600 UTC;;;;;;;;;;;;;;;;;;
2026/06/05;1700 UTC;0;933,2;933,8;932,8;2128,4;20;11,4;20,7;19,6;11,9;10,9;60;54;57;103;4,2;2,2;
2026/06/05;1800 UTC;0;932,4;932,8;932;1192,1;20,1;11,5;20,4;19,7;11,9;11,1;100;54;58;26;4,4;3;
2026/06/05;1900 UTC;0;932;932,1;931,9;912,8;19,9;11,5;20,3;19,7;12;11,2;60;56;58;30;3,4;2,2;
2026/06/05;2000 UTC;0;931,9;931,9;931,9;637,7;20,2;11,7;20,4;20,2;11,9;11,5;100;57;94;31;2,2;1,6;
2026/06/05;2100 UTC;0;931,9;931,9;931,9;76,2;;;;;;;100;100;100;90;1,1;,6;
2026/06/05;2200 UTC;0;931,9;931,9;931,9;0;;;;;;;100;100;100;83;2,1;1,3;
2026/06/05;2300 UTC;0;931,9;931,9;931,9;0;;;;;;;100;100;100;74;3,1;1,5;
2026/06/06;0000 UTC;0;931,9;931,9;931,9;0;;;;;;;100;100;100;72;3,2;1,6;
2026/06/06;0100 UTC;0;931,5;931,7;931,3;0;14,6;11;14,9;14,1;11,2;10,9;84;81;82;63;3,3;1,8;
2026/06/06;0200 UTC;0;931,2;931,4;931;0;13,8;10,8;14,2;13,5;10,9;10,8;86;84;85;77;3,3;1,6;
2026/06/06;0300 UTC;0;931;931,1;930,8;0;13,1;10,7;13,5;12,6;10,8;10,7;90;86;88;77;3,2;1,2;
2026/06/06;0400 UTC;0;930,6;930,8;930,5;0;12,5;10,6;12,6;12,4;10,7;10,6;91;90;91;83;3,7;1,6;
2026/06/06;0500 UTC;0;930,4;930,5;930,3;0;12,4;10,6;12,7;12,1;10,7;10,5;92;90;91;70;4;1,7;
2026/06/06;0600 UTC;0;930;930,3;929,8;0;12,1;10,5;12,2;12;10,5;10,4;92;91;92;71;3;1,6;
2026/06/06;0700 UTC;0;929,7;929,8;929,4;0;11,8;10,4;12,1;11,5;10,4;10,2;94;91;93;74;2,9;1,5;
2026/06/06;0800 UTC;0;929,3;929,4;929,3;0;11,6;10,2;11,7;11,4;10,3;10,1;94;93;93;76;2,8;1,4;
2026/06/06;0900 UTC;0;929,5;929,7;929,3;0;11,4;10;11,6;11;10,2;9,5;95;91;93;78;1,8;1,1;
2026/06/06;1000 UTC;0;929,8;929,9;929,6;0;11,5;10;11,6;11,1;10,1;9,8;94;91;92;74;2,2;1,2;
2026/06/06;1100 UTC;0;930,1;930,2;929,9;108,4;11,4;9,9;11,5;11;9,9;9,8;94;92;92;70;2,7;1,6;
2026/06/06;1200 UTC;0;930,1;930,2;930,1;688,1;11,5;9,7;11,7;11,3;9,9;9,3;92;88;91;64;3,2;1,7;
2026/06/06;1300 UTC;0;930,3;930,5;930,1;1353,7;12,9;10,1;14,2;11,3;10,6;9,7;92;80;86;46;2,8;1,5;
2026/06/06;1400 UTC;0;930,3;930,5;930,1;1883,3;15,4;10,8;16,3;14,2;11,6;10,1;81;73;77;204;2,8;1,7;
2026/06/06;1500 UTC;0;929,7;930,1;929,3;2181,7;17,7;11,6;19;16,2;12,3;11;100;65;73;301;3,2;1,8;
2026/06/06;1600 UTC;0;928,9;929,3;928,5;2182,7;19,4;12;19,9;18,7;12,9;11,4;70;60;63;276;4,8;2,8;
2026/06/06;1700 UTC;0;928,1;928,5;927,7;1955,9;19,6;12,1;20;19,2;12,4;11,8;64;59;62;265;5,5;3,2;
2026/06/06;1800 UTC;0;927,7;927,8;927,6;1631,4;20;12,3;20,4;19,5;12,8;11,9;64;59;61;283;6,1;3;
2026/06/06;1900 UTC;0;927,5;927,7;927,4;1010,9;19,9;12,4;20,4;19,5;12,8;12,1;65;60;62;300;4;2,6;
2026/06/06;2000 UTC;0;927,5;927,7;927,4;597,4;19,7;12,4;20,2;19,3;12,7;11,9;100;59;64;294;3,3;1,9;
2026/06/06;2100 UTC;0;927,6;927,7;927,4;49,7;18;12,7;19,3;17,4;13;12,5;100;67;74;121;1;,6;
2026/06/06;2200 UTC;0;927,6;927,9;927,5;0;16,8;12,5;17,3;16;12,7;12,3;82;76;78;192;,5;,2;
2026/06/06;2300 UTC;0;928,2;928,3;927,8;0;16,3;12,8;16,5;15,9;12,9;12,5;83;81;82;41;,8;,6;
2026/06/07;0000 UTC;0;928,3;928,4;928,3;0;16,1;12,8;16,3;15,4;12,9;12,6;87;82;83;75;,8;,4;
2026/06/07;0100 UTC;0;928,1;928,3;928;0;16;12,7;16,2;15,7;12,8;12,4;85;82;84;77;1,1;,5;
2026/06/07;0200 UTC;;;;;;;;;;;;;;;;;;
2026/06/07;0300 UTC;0;928,1;928,2;927,9;0;15,3;12,3;15,5;15;12,4;12,1;87;84;85;79;1,8;,9;
2026/06/07;0400 UTC;0;927,7;927,9;927,4;0;14,4;12,4;15,3;14,1;12,6;11,8;92;85;90;77;2,2;1,1;
2026/06/07;0500 UTC;0;927,5;927,6;927,4;0;13,7;12,3;14,1;13,5;12,6;11,9;94;92;93;71;2,2;1;
2026/06/07;0600 UTC;0;927,4;927,5;927,2;0;13,4;11,6;13,6;13,1;11,9;11;92;88;91;84;1,7;,8;
2026/06/07;0700 UTC;0;927;927,2;926,9;0;13,1;11,3;13,5;12,7;11,5;10,7;94;89;91;87;2,1;1,1;
2026/06/07;0800 UTC;0;926,7;926,8;926,5;0;12,9;11,2;13,2;12,6;11,2;11;93;90;91;82;2,4;1;
2026/06/07;0900 UTC;0;926,7;926,9;926,6;0;11,9;10,9;12,8;11,5;11,2;10,7;97;91;95;79;2,5;1,6;
2026/06/07;1000 UTC;0;927,1;927,4;926,8;0;11;10,4;11,4;10,6;10,8;10;98;95;97;70;2,3;1,2;
2026/06/07;1100 UTC;0;927,5;927,6;927,4;62,3;11,2;10,2;11,4;11;10,4;10;96;93;95;63;3,6;1,6;
2026/06/07;1200 UTC;0;927,9;928,2;927,5;634,8;12,7;10,4;13,2;11,5;10,9;10;93;86;89;62;2,4;1,3;
2026/06/07;1300 UTC;0;928,4;928,5;928,2;1288;13;10,4;14,1;12,5;10,9;9,8;89;82;87;76;2;1,1;
2026/06/07;1400 UTC;0;928,4;928,5;928,3;1421,7;14,9;11,4;16,1;14;12,4;10,6;86;79;83;67;3,1;1,9;
2026/06/07;1500 UTC;;;;;;;;;;;;;;;;;;
2026/06/07;1600 UTC;0;927,6;928;927,4;1945,2;19,1;12,6;19,7;18,4;13,1;11,9;100;65;68;247;3,6;2,1;
2026/06/07;1700 UTC;0;926,9;927,4;926,4;1578,2;19,6;12,4;20,4;19,2;13;12;100;59;65;250;3,6;1,8;
2026/06/07;1800 UTC;0;926,3;926,6;926,1;1154,6;19,7;12,5;20,6;19,1;13,2;11;69;55;64;276;2,7;1,3;
2026/06/07;1900 UTC;0;926,5;926,7;926,2;537,5;19,5;12,2;20,7;18,8;13;11,1;70;55;64;54;1,2;,7;
2026/06/07;2000 UTC;;;;;;;;;;;;;;;;;;
2026/06/07;2100 UTC;0;926,8;927,1;926,3;21;17,7;13;18,9;16,7;13,4;12,6;83;70;77;194;1,3;,7;
2026/06/07;2200 UTC;0;927,1;927,2;927;0;16,3;12,9;16,9;15,8;13;12,8;85;80;83;107;3,3;1,6;
2026/06/07;2300 UTC;0;927,4;927,5;927,2;0;15,6;12,5;15,9;15,2;12,8;12,2;87;83;84;110;4,8;2,9;
2026/06/08;0000 UTC;0;927,6;927,6;927,4;0;15,7;12,3;15,9;15,4;12,5;12,1;84;81;83;125;5,2;2,8;
2026/06/08;0100 UTC;0;927,8;927,9;927,6;0;14,6;12,3;15,3;13,8;12,5;12;93;84;88;70;2,6;1,1;
2026/06/08;0200 UTC;0;927,8;927,9;927,7;0;14,3;12,6;14,6;13,8;12,8;12,3;93;90;91;69;3,7;2;
2026/06/08;0300 UTC;0;927,9;928;927,8;0;14,1;12,6;14,6;13,9;12,8;12,5;94;91;93;64;2,6;1,3;
2026/06/08;0400 UTC;0;927,5;927,8;927,3;0;14;12,8;14,1;13,9;12,9;12,7;94;93;94;65;2,6;1,4;
2026/06/08;0500 UTC;0;927,4;927,5;927,3;0;13,8;12,4;14;13,6;12,7;11,9;95;91;93;71;4,5;1,8;
2026/06/08;0600 UTC;0;927,3;927,4;927,2;0;13,7;11,8;13,9;13,5;11,9;11,7;92;89;91;70;3,1;1,4;
2026/06/08;0700 UTC;;;;;;;;;;;;;;;;;;
2026/06/08;0800 UTC;;;;;;;;;;;;;;;;;;
2026/06/08;0900 UTC;;;;;;;;;;;;;;;;;;
2026/06/08;1000 UTC;;;;;;;;;;;;;;;;;;
2026/06/08;1100 UTC;;;;;;;;;;;;;;;;;;
2026/06/08;1200 UTC;0;928;928,3;927,8;227,8;13;11,1;13,3;12,8;11,3;10,9;92;89;91;65;2,8;1,3;
2026/06/08;1300 UTC;0;928,5;928,6;928,2;729;14,1;11,2;15,5;13,3;11,6;10,6;90;76;86;71;4;2,2;
2026/06/08;1400 UTC;0;928,7;928,8;928,6;1591,6;16,4;11,2;17,4;15,3;11,9;10,7;80;69;74;317;6;3,5;
2026/06/08;1500 UTC;0;928,5;928,7;928,3;1589,8;17,7;11,2;18,2;17,3;11,8;10,7;100;65;71;309;6,1;3,6;
2026/06/08;1600 UTC;0;928;928,4;927,7;1149,4;17,9;11,5;18,8;17,6;12;11,1;100;64;73;308;5,6;2,9;
2026/06/08;1700 UTC;0;927,3;927,8;927,1;762,4;17,5;11,9;17,8;17,1;12,3;11,7;100;71;74;322;4,6;2,7;
2026/06/08;1800 UTC;0;927,1;927,2;927;905,2;17,6;12,3;18,1;17,2;12,7;12;100;72;75;296;4,4;2,5;
2026/06/08;1900 UTC;0;927;927;926,9;497,4;17,8;12,6;18,1;17,4;12,9;12,3;100;72;76;280;4,8;3,1;
2026/06/08;2000 UTC;0;926,9;927;926,8;314;17,3;12,9;17,5;16,9;13,3;12,5;100;76;79;319;3;1,7;
2026/06/08;2100 UTC;0;927;927;926,9;34,9;14,6;11,1;16,9;;13,3;;100;81;94;300;2,8;1,4;
2026/06/08;2200 UTC;0;927;927;927;0;;;;;;;100;100;100;84;2,1;1,2;
2026/06/08;2300 UTC;0;927;927;927;0;;;;;;;100;100;100;326;1,8;1;
2026/06/09;0000 UTC;0;927;927;927;0;;;;;;;100;100;100;247;1,4;,5;
2026/06/09;0100 UTC;;;;;;;;;;;;;;;;;;
2026/06/09;0200 UTC;0;927,6;927,7;927,4;0;14,3;13,2;14,4;14,2;13,3;13;95;93;94;316;4;2,2;
2026/06/09;0300 UTC;1,8;927,3;927,5;927;0;14,4;13,4;14,4;14,3;13,5;13,3;95;95;95;267;1,5;,6;
2026/06/09;0400 UTC;10,3;927;927,4;926,9;0;14,2;13,8;14,4;14;13,9;13,6;99;96;98;252;7,6;2,8;
2026/06/09;0500 UTC;4,4;927,1;927,3;926,8;0;13,8;13,7;13,9;13,7;13,8;13,6;100;99;99;236;4;2,6;
2026/06/09;0600 UTC;;;;;;;;;;;;;;;;;;
2026/06/09;0700 UTC;,4;926,8;927;926,6;0;13,5;13,4;13,6;13,5;13,6;13,3;100;99;99;253;3,6;2,6;
2026/06/09;0800 UTC;0;926,9;927;926,8;0;13,3;13,2;13,5;13,2;13,4;13;99;99;99;256;3,5;2;
2026/06/09;0900 UTC;0;927,1;927,3;926,9;0;13,2;13,1;13,2;13,1;13,1;13;100;99;99;255;4;2,4;
2026/06/09;1000 UTC;0;927,5;927,8;927,3;0;13;12,8;13,1;12,8;13;12,6;99;99;99;248;4,3;2,7;
2026/06/09;1100 UTC;0;928,1;928,4;927,8;34,8;12,6;12,2;12,8;12,4;12,6;11,9;99;97;98;229;4,1;2,5;
2026/06/09;1200 UTC;0;928,6;928,8;928,4;278,2;12,5;12;12,8;12,4;12,3;11,8;98;95;97;275;3,5;2,2;
2026/06/09;1300 UTC;0;928,9;929;928,8;929,1;13,1;11,8;14,3;12,6;12,3;11,4;96;86;93;285;4,2;2,4;
2026/06/09;1400 UTC;;;;;;;;;;;;;;;;;;
2026/06/09;1500 UTC;0;928,3;928,5;927,9;2030,9;15,5;10,9;16,1;14,8;11,7;10,1;100;70;78;262;4,8;2,5;
2026/06/09;1600 UTC;0;927,6;927,8;927,3;2237,6;16,4;10,5;17;15,6;11,3;9,9;100;67;76;296;5,2;3,3;
2026/06/09;1700 UTC;0;926,9;927,3;926,5;2506,4;17,5;10,4;18;17,1;11,6;9,3;100;58;66;293;7,4;3,9;
2026/06/09;1800 UTC;0;926,3;926,6;926,1;2018,9;17,9;9,8;18,3;17,7;10,4;9,2;63;56;59;286;6,4;4,3;
2026/06/09;1900 UTC;0;925,9;926,1;925,7;1002,9;17,7;9,6;18,1;16,6;10,1;9,2;100;57;70;288;4,3;2;
2026/06/09;2000 UTC;0;925,8;925,8;925,8;439,7;;;;;;;100;100;100;270;4,1;2,3;
2026/06/09;2100 UTC;0;925,8;925,8;925,8;44,8;;;;;;;100;100;100;256;1,6;,9;
2026/06/09;2200 UTC;0;925,8;925,8;925,8;0;;;;;;;100;100;100;176;2,8;1,2;
2026/06/09;2300 UTC;0;925,8;925,8;925,8;0;;;;;;;100;100;100;211;1,4;,7;
2026/06/10;0000 UTC;0;925,8;925,8;925,8;0;;;;;;;100;100;100;140;1;,4;
2026/06/10;0100 UTC;;;;;;;;;;;;;;;;;;
2026/06/10;0200 UTC;0;927,4;927,5;927,3;0;11,1;7,9;11,4;10,4;8,1;7,6;89;82;84;137;2,8;1,3;
2026/06/10;0300 UTC;0;927,5;927,6;927,2;0;11,3;7,6;11,6;10,5;7,7;7,3;85;79;81;112;4,6;2,3;
2026/06/10;0400 UTC;0;927;927,3;926,8;0;11,1;7,8;11,4;10,5;8,1;7,6;87;82;84;112;6;3;
2026/06/10;0500 UTC;0;926,7;926,9;926,4;0;10,5;7,8;11,3;9;8,1;7,4;94;84;87;80;3,7;1,8;
2026/06/10;0600 UTC;0;925,8;926,4;925,6;0;9,4;7,7;10,1;8,5;7,9;7,4;96;88;91;85;3,4;1,5;
2026/06/10;0700 UTC;0;925,5;925,7;925,4;0;8,8;7,7;9,2;8,5;7,8;7,5;96;92;94;67;3,1;1,8;
2026/06/10;0800 UTC;0;925,3;925,6;925;0;8,9;7,8;9,4;8,7;8;7,6;96;92;95;66;3,2;1,8;
2026/06/10;0900 UTC;0;925,6;926,1;925,2;0;9;7,9;9,2;8,8;8;7,8;95;93;94;72;3,6;1,8;
2026/06/10;1000 UTC;0;926,1;926,2;925,9;0;9;8;9,5;8,6;8,3;7,7;97;92;95;70;4,8;2,2;
2026/06/10;1100 UTC;0;926,2;926,4;926;29,4;9,1;7,8;9,9;8,5;8,1;7,6;96;90;93;67;4,3;2,3;
2026/06/10;1200 UTC;0;926,4;926,6;926,2;164,9;9,2;8;9,7;8,7;8,4;7,8;95;93;94;67;3,7;2;
2026/06/10;1300 UTC;;;;;;;;;;;;;;;;;;
2026/06/10;1400 UTC;;;;;;;;;;;;;;;;;;
2026/06/10;1500 UTC;0;926,4;926,6;926,1;657,1;12,5;10,5;13,1;11,8;11,1;9,9;93;88;90;56;3,5;1,9;
2026/06/10;1600 UTC;0;926;926,2;925,6;837,7;13,7;11,4;14,3;13;12;10,8;90;87;89;51;5;2,1;
2026/06/10;1700 UTC;0;925,2;925,6;924,9;474;14,4;12,1;14,6;14,2;12,4;11,8;90;87;89;33;3,2;1,8;
2026/06/10;1800 UTC;,6;924,8;924,9;924,6;167;14,4;12,6;14,5;14,3;13,2;12,2;94;89;91;107;1,6;,4;
2026/06/10;1900 UTC;0;924,6;924,8;924,3;158,9;14,3;13,3;14,4;14,2;13,6;13;96;94;95;141;2;1;
2026/06/10;2000 UTC;0;924,4;924,5;924,1;81,8;14,2;13,4;14,4;14,1;13,7;13,1;97;95;96;79;2,5;1,1;
2026/06/10;2100 UTC;0;924,4;924,5;924,1;7,8;14,1;13,3;14,2;13,9;13,5;13,2;97;95;96;58;2,4;1,3;
2026/06/10;2200 UTC;0;924,6;924,9;924,3;0;13,6;13,1;13,9;13,5;13,3;13;98;96;98;82;4,5;1,7;
2026/06/10;2300 UTC;0;924,5;924,6;924,4;0;13,3;12,8;13,6;13;13,1;12,6;99;96;98;75;2,4;,9;
2026/06/11;0000 UTC;;;;;;;;;;;;;;;;;;
2026/06/11;0100 UTC;0;925,2;925,6;924,8;0;13;12,4;13,5;12,7;12,8;12,2;99;94;97;116;3,5;1,7;
2026/06/11;0200 UTC;0;925,4;925,6;925,2;0;12,9;12,3;13;12,8;12,4;12,2;98;96;97;81;4,3;1,7;
2026/06/11;0300 UTC;0;925,3;925,4;925,1;0;12,8;12,2;12,9;12,6;12,3;12,1;98;96;97;62;3,2;1,6;
2026/06/11;0400 UTC;0;925;925,3;924,7;0;12,9;12,2;13;12,7;12,3;12,2;97;96;97;60;4,8;2,7;
2026/06/11;0500 UTC;0;924,8;925,1;924,6;0;12,6;12,2;12,7;12,5;12,2;12,1;98;97;98;62;5,2;2,6;
2026/06/11;0600 UTC;0;924,3;924,9;923,8;0;12,6;12,1;12,7;12,2;12,2;11,7;98;96;98;71;6,3;1,9;
2026/06/11;0700 UTC;0;923,9;924,2;923,6;0;12,3;11,7;12,7;11,8;12;11,3;99;95;97;93;5,2;2,3;
2026/06/11;0800 UTC;0;924,1;924,4;923,6;0;12;11,5;12,3;11,6;11,8;11,1;99;96;98;106;7,2;4;
2026/06/11;0900 UTC;0;924,9;925,2;924,3;0;11,6;11,3;12;11,4;11,5;11;99;97;98;97;5,4;2,9;
2026/06/11;1000 UTC;,2;925,6;925,8;925,2;0;11,5;11,2;11,9;11,3;11,4;11,1;99;97;99;79;4,2;1,7;
2026/06/11;1100 UTC;0;925,9;926,1;925,7;78,6;11,4;11,1;11,8;11,2;11,4;10,9;99;98;99;83;3,3;1,4;
2026/06/11;1200 UTC;0;926;926,1;925,7;484,9;12,3;11,5;12,8;11,8;11,9;11,2;98;95;96;59;4,7;2,6;
2026/06/11;1300 UTC;0;926,1;926,3;926;749,8;13,2;12;13,8;12,8;12,5;11,8;96;92;94;65;4,5;2,2;
2026/06/11;1400 UTC;;;;;;;;;;;;;;;;;;
2026/06/11;1500 UTC;0;926,2;926,5;926;728,3;15,2;12,8;15,6;14,6;13,3;12,2;91;86;88;240;2,8;1,1;
2026/06/11;1600 UTC;0;925,8;926,1;925,5;790,8;16,1;12,9;16,7;15,6;13,4;12,5;89;80;84;314;5,4;2,6;
2026/06/11;1700 UTC;0;925,1;925,5;924,8;1080,1;16,5;12,9;17;16,2;13,3;12,5;100;79;83;323;5,8;3;
2026/06/11;1800 UTC;0;924,8;924,8;924,8;868;;;;;;;100;100;100;286;3,7;1,9;
2026/06/11;1900 UTC;;;;;;;;;;;;;;;;;;
2026/06/11;2000 UTC;0;924,8;924,8;924,8;620,3;;;;;;;100;100;100;42;3,2;1,7;
2026/06/11;2100 UTC;0;924,8;924,8;924,8;36,2;;;;;;;100;100;100;98;1,1;,6;
2026/06/11;2200 UTC;0;924,8;924,8;924,8;0;;;;;;;100;100;100;113;2,4;1,6;
2026/06/11;2300 UTC;;;;;;;;;;;;;;;;;;
2026/06/12;0000 UTC;0;924,8;924,8;924,8;0;;;;;;;100;100;100;65;5,2;2,7;
2026/06/12;0100 UTC;0;923;923,5;922,7;0;15,1;13,2;15,2;14,8;13,3;13;92;89;91;85;4,8;2,2;
2026/06/12;0200 UTC;0;923;923,1;922,7;0;14,8;13,3;15;14,7;13,5;13,1;94;91;92;71;5,1;2,5;
2026/06/12;0300 UTC;;;;;;;;;;;;;;;;;;
2026/06/12;0400 UTC;0;922,1;922,3;921,9;0;14,7;13,7;14,8;14,5;13,9;13,6;95;95;95;62;5,6;3,1;
2026/06/12;0500 UTC;0;921,5;922;921,1;0;14,8;13,8;14,8;14,7;13,9;13,8;96;95;95;65;6,3;2,8;
2026/06/12;0600 UTC;0;921;921,2;920,7;0;14,8;13,9;14,9;14,7;13,9;13,8;96;95;95;49;5,4;3,3;
2026/06/12;0700 UTC;,4;920,8;920,9;920,6;0;15;14,1;15,2;14,9;14,3;13,9;96;94;95;26;4,9;2,9;
2026/06/12;0800 UTC;1,4;920,6;920,8;920,4;0;15,4;14,5;15,5;14,9;14,8;14,2;97;94;96;89;6;3,6;
2026/06/12;0900 UTC;2,6;920,4;920,7;919,8;0;15,1;14,1;15,4;14,5;14,6;13,4;96;94;95;210;2,2;,8;
2026/06/12;1000 UTC;0;919,4;920,3;918,5;0;14,2;13,4;14,5;14,1;13,8;13;98;94;96;59;6,5;3,4;
2026/06/12;1100 UTC;,2;919,4;920;918,9;42,3;14,1;13,2;14,2;13,9;13,4;13;97;94;96;46;7,4;4;
2026/06/12;1200 UTC;,4;919,9;920,2;919,6;308,9;14,3;12,8;14,7;14,1;13,4;12,3;96;89;93;23;5;3;
2026/06/12;1300 UTC;1;920,2;920,7;919,8;434,4;14,8;12,8;15,1;14,3;13,4;12,1;95;85;90;311;5,6;1,9;
2026/06/12;1400 UTC;;;;;;;;;;;;;;;;;;
2026/06/12;1500 UTC;5,1;920,5;920,8;920,3;360,5;14,2;13,4;14,7;13,1;14;12,5;97;92;96;279;9,6;5,4;
2026/06/12;1600 UTC;,4;920,8;921;920,6;578;13,1;12,1;13,3;13;12,6;11,4;98;92;95;268;9;5;
2026/06/12;1700 UTC;0;920,7;920,9;920,4;500,1;13;11,2;13,2;12,5;11,8;10,6;94;88;91;286;7,5;4,4;
2026/06/12;1800 UTC;0;920,4;920,6;920,2;498,4;12,6;11,3;12,8;12,5;11,6;11,1;95;92;93;283;7,3;3,6;
2026/06/12;1900 UTC;0;920,8;921,1;920,5;246,4;12,3;11;12,6;12,1;11,5;10,2;95;90;93;280;8,7;4,7;
2026/06/12;2000 UTC;0;921,2;921,6;920,9;111;12;10,6;12,2;11,7;11;10,3;96;90;93;275;9,4;4,6;
2026/06/12;2100 UTC;,6;921,9;922,4;921,5;12,1;11,5;10,7;11,8;11,3;10,9;10,3;97;93;96;273;8,8;4,8;
2026/06/12;2200 UTC;0;922,6;922,9;922,4;0;11,2;10,5;11,3;11;10,7;10,1;97;95;96;273;8,3;4,5;
2026/06/12;2300 UTC;,2;923,2;923,4;922,9;0;11;10,1;11,1;10,8;10,3;10;97;95;96;279;7,3;3,8;
2026/06/13;0000 UTC;0;923,6;923,9;923,3;0;10,7;9,8;10,8;10,7;10;9,6;96;95;95;270;8,7;5,4;
2026/06/13;0100 UTC;0;924,1;924,3;923,7;0;10,6;9,9;10,7;10,6;10,1;9,7;98;95;96;280;7;3,6;
2026/06/13;0200 UTC;0;924,4;924,6;924,2;0;10,5;10,2;10,6;10,5;10,3;10,1;99;97;98;271;6,5;3,9;
2026/06/13;0300 UTC;;;;;;;;;;;;;;;;;;
2026/06/13;0400 UTC;,2;924,2;924,3;924,1;0;10,5;10,5;10,6;10,5;10,6;10,4;100;99;100;254;5,6;3,6;
2026/06/13;0500 UTC;,2;924,3;924,4;924,2;0;10,6;10,6;10,6;10,6;10,7;10,5;100;100;100;256;4,7;2,7;
2026/06/13;0600 UTC;,6;924,1;924,2;924,1;0;10,6;10,7;10,7;10,6;10,7;10,6;100;100;100;262;5,4;3,2;
2026/06/13;0700 UTC;;;;;;;;;;;;;;;;;;
2026/06/13;0800 UTC;0;924,1;924,2;924;0;10,6;10,5;10,6;10,6;10,6;10,4;100;99;100;246;5,1;2,9;
2026/06/13;0900 UTC;,6;924,6;924,9;924,2;0;10,5;10,5;10,7;10,3;10,7;10,2;100;99;100;241;6,1;3,4;
2026/06/13;1000 UTC;0;925,4;925,8;924,9;0;10,1;10,1;10,3;10,1;10,2;10;100;99;100;250;4,8;3;
2026/06/13;1100 UTC;,2;926,3;926,8;925,9;42,6;10,1;10;10,2;10;10,2;9,9;100;99;100;267;4,1;2,5;
2026/06/13;1200 UTC;,2;927,2;927,6;926,9;229,2;10;9,8;10,2;9,8;10;9,6;100;98;99;251;3,7;2,5;
2026/06/13;1300 UTC;0;928,1;928,5;927,6;474,5;10,4;10,1;11;10,2;10,5;9,8;100;94;98;267;3,9;2,3;
2026/06/13;1400 UTC;;;;;;;;;;;;;;;;;;
2026/06/13;1500 UTC;;;;;;;;;;;;;;;;;;
2026/06/13;1600 UTC;0;928;928,4;927,7;986;12,5;9,2;12,9;11,8;10;8,4;88;78;84;287;3;1,7;
2026/06/13;1700 UTC;0;927,3;927,9;926,9;805,6;12,8;9,2;13,1;12,7;9,9;8,5;85;78;82;275;3;1,8;
2026/06/13;1800 UTC;0;926,8;927;926,6;652,7;12,8;9;12,9;12,6;9,7;8,5;85;78;81;204;3,6;1,9;
2026/06/13;1900 UTC;0;926,6;926,7;926,4;336,3;12,7;8,8;12,8;12,5;9,5;8,4;84;78;80;157;1,4;,8;
2026/06/13;2000 UTC;0;926,3;926,4;926,2;182,8;12,7;8,9;12,8;12,6;9,4;8,4;84;79;81;140;1,7;,6;
2026/06/13;2100 UTC;0;926,4;926,5;926,2;19,5;12,4;8,9;12,6;12,1;9,6;8,2;87;79;82;139;,8;,4;
2026/06/13;2200 UTC;0;926,4;926,6;926,3;0;12;9,2;12,1;11,8;10,2;8,5;92;82;86;73;1,4;,7;
2026/06/13;2300 UTC;0;926,8;927;926,6;0;11,7;9,1;12;11,4;9,5;8,7;89;84;87;100;1,2;,7;
2026/06/14;0000 UTC;;;;;;;;;;;;;;;;;;
2026/06/14;0100 UTC;0;927,2;927,4;927;0;10,3;8,7;10,4;9,9;9,2;8,2;94;90;92;91;2,2;,7;
2026/06/14;0200 UTC;;;;;;;;;;;;;;;;;;
2026/06/14;0300 UTC;0;927,5;927,6;927,4;0;9;7,9;9,9;8,5;8,1;7,6;97;91;94;64;1,3;,6;
2026/06/14;0400 UTC;;;;;;;;;;;;;;;;;;
2026/06/14;0500 UTC;0;927,2;927,3;927,1;0;8,7;7,8;9,4;8,3;8,2;7,5;98;92;96;119;2,3;,8;
2026/06/14;0600 UTC;0;926,9;927,2;926,6;0;8,2;7,7;8,8;7,8;8,3;7,3;99;95;98;40;1,4;,8;
2026/06/14;0700 UTC;0;926,6;926,7;926,5;0;7,9;7,6;8,3;7,5;8;7,1;99;97;98;92;1,7;,6;
2026/06/14;0800 UTC;0;926,7;926,9;926,6;0;7,4;7,2;7,8;7,1;7,6;7;100;98;99;86;2,1;1,3;
2026/06/14;0900 UTC;0;926,8;927;926,7;0;6,2;6,2;7;5,7;6,9;5,7;100;99;100;177;,9;,3;
2026/06/14;1000 UTC;0;927,4;927,8;927;0;5,6;5,6;5,8;5,4;5,8;5,4;100;100;100;226;1,3;,6;
2026/06/14;1100 UTC;0;928;928,3;927,8;46,4;6,2;6,3;6,9;5,5;6,9;5,5;100;100;100;52;1,3;,7;
2026/06/14;1200 UTC;0;928,6;928,9;928,3;341,9;8,1;8,1;9,7;6,9;9,4;7;100;98;100;201;2,7;1,1;
2026/06/14;1300 UTC;;;;;;;;;;;;;;;;;;
2026/06/14;1400 UTC;,2;929,3;929,5;929,2;1378,9;11,6;7,3;12,1;11,3;8,7;6,2;86;71;79;215;5,7;3,4;
2026/06/14;1500 UTC;;;;;;;;;;;;;;;;;;
2026/06/14;1600 UTC;0;929,1;929,3;928,8;1615,1;12,9;7;13,5;12;7,7;6,2;75;66;71;222;5,7;3,4;
2026/06/14;1700 UTC;0;928,4;928,7;928,1;1770,1;13,2;6,7;14,2;12,4;7,5;5,8;73;60;68;230;5,5;3,2;
2026/06/14;1800 UTC;0;928,1;928,2;928,1;1566;14;6,5;14,1;13,8;6,9;6;100;61;89;220;5,3;3;
2026/06/14;1900 UTC;;;;;;;;;;;;;;;;;;
2026/06/14;2000 UTC;;;;;;;;;;;;;;;;;;
2026/06/14;2100 UTC;0;928,1;928,1;928,1;75,1;;;;;;;100;100;100;196;2,6;,9;
2026/06/14;2200 UTC;0;928,1;928,1;928,1;0;;;;;;;100;100;100;194;1,6;1,1;
2026/06/14;2300 UTC;0;928,1;928,1;928,1;0;;;;;;;100;100;100;187;2,3;,7;
2026/06/15;0000 UTC;;;;;;;;;;;;;;;;;;
2026/06/15;0100 UTC;0;929,6;929,7;929,5;0;9;4,9;9,2;8,9;5,3;4,7;81;78;80;104;2,5;1;
2026/06/15;0200 UTC;;;;;;;;;;;;;;;;;;
2026/06/15;0300 UTC;0;929,8;929,9;929,6;0;8,5;5,5;8,8;8,3;5,6;5,1;86;82;85;112;4,5;2,7;
2026/06/15;0400 UTC;0;929,7;929,8;929,6;0;8,1;5,5;8,4;7,9;5,6;5,4;88;86;87;111;4,9;2,7;
2026/06/15;0500 UTC;0;929,5;929,6;929,4;0;7,5;5,4;8;6;5,7;4,8;96;87;90;116;1,9;,8;
2026/06/15;0600 UTC;0;929,3;929,5;929,1;0;6,8;5,4;7,4;5,7;5,9;4,8;97;90;93;251;2,2;,7;
2026/06/15;0700 UTC;0;929;929,2;928,7;0;6,2;5,3;7,2;5,5;5,9;4,7;99;91;95;114;5;2,4;
2026/06/15;0800 UTC;0;928,7;928,8;928,7;0;6,4;5,1;7;5,9;5,3;4,8;95;92;94;138;4,5;1,6;
2026/06/15;0900 UTC;0;929;929,3;928,8;0;4,9;4,5;5,9;4,3;4,8;4,1;100;95;98;148;4;2,5;
2026/06/15;1000 UTC;0;929,5;929,7;929,3;0;4,6;4,6;4,9;4,3;4,9;4,2;100;100;100;147;4,6;1,8;
2026/06/15;1100 UTC;0;929,9;930,1;929,6;46;4,9;5;5,2;4,9;5,2;4,9;100;100;100;114;3,2;,8;
2026/06/15;1200 UTC;0;930,3;930,6;930;229,3;5;5,1;5,2;4,9;5,2;5;100;100;100;107;4,3;1,5;
2026/06/15;1300 UTC;;;;;;;;;;;;;;;;;;
2026/06/15;1400 UTC;0;931,3;931,4;931;808;5,8;5,5;6,6;5,2;6;5;100;95;98;84;3,5;1,5;
2026/06/15;1500 UTC;;;;;;;;;;;;;;;;;;
2026/06/15;1600 UTC;0;930;930,2;929,6;1190,3;9;6,4;10;8,4;7;5,9;92;82;87;255;3,2;1,9;
2026/06/15;1700 UTC;0;929,2;929,6;928,8;1196,9;10;6,3;10,6;9,4;7,1;6;87;78;82;309;2,6;1,2;
2026/06/15;1800 UTC;0;928,6;928,8;928,4;1542,9;11,4;6,4;12;10,6;7,4;5,9;78;72;75;299;2,1;1,2;
2026/06/15;1900 UTC;;;;;;;;;;;;;;;;;;
2026/06/15;2000 UTC;;;;;;;;;;;;;;;;;;
2026/06/15;2100 UTC;;;;;;;;;;;;;;;;;;
2026/06/15;2200 UTC;0;929,4;929,7;929,1;0;8,1;6,9;8,4;7,8;7;6,8;95;93;94;300;1,6;,8;
2026/06/15;2300 UTC;0;929,7;929,9;929,6;0;7,5;6,6;7,8;7;6,9;6;97;94;96;215;,8;,3;
2026/06/16;0000 UTC;;;;;;;;;;;;;;;;;;
2026/06/16;0100 UTC;0;929,8;930;929,6;0;6,9;6,3;7,1;6,4;6,6;5,5;98;94;97;73;1,2;,6;
2026/06/16;0200 UTC;;;;;;;;;;;;;;;;;;
2026/06/16;0300 UTC;0;929,9;930,1;929,8;0;5,4;5,1;6,2;4,9;6,1;4,4;100;95;98;128;,9;,5;
2026/06/16;0400 UTC;0;929,8;929,9;929,5;0;5,8;5,7;6,5;5,2;6,5;5;100;99;99;123;1;,5;
2026/06/16;0500 UTC;0;929,6;929,7;929,5;0;7,1;6,3;7,3;6,6;6,7;6,1;99;94;96;112;1,5;,6;
2026/06/16;0600 UTC;0;929,6;929,8;929,4;0;6,9;6;7,2;6,7;6,1;5,9;96;94;96;142;1,7;,7;
2026/06/16;0700 UTC;0;929,2;929,4;929,2;0;6,4;6;6,6;6,2;6,1;5,9;99;96;98;113;1,9;1;
2026/06/16;0800 UTC;0;929,1;929,2;929;0;5,9;5,8;6,2;5,7;6;5,8;100;99;100;92;3,2;1,7;
2026/06/16;0900 UTC;0;929,1;929,3;928,9;0;5,9;5,9;5,9;5,8;6;5,8;100;100;100;86;2,6;1,1;
2026/06/16;1000 UTC;0;929,6;930;929,3;0;5,8;5,8;5,9;5,7;5,9;5,7;100;100;100;88;2,5;1,1;
2026/06/16;1100 UTC;0;930,2;930,3;930;20,9;5,8;5,8;5,9;5,7;6;5,7;100;100;100;64;3,2;1,5;
2026/06/16;1200 UTC;0;930,7;931;930,3;185,2;5,9;6;6,1;5,8;6,2;5,9;100;100;100;85;2,4;1;
2026/06/16;1300 UTC;0;931,2;931,5;931;599,3;6,3;5,9;7,1;5,8;6,2;5,3;100;92;98;69;3,1;1,3;
2026/06/16;1400 UTC;0;931,6;931,7;931,5;1501,3;8,1;5,3;9,5;7,1;6,1;4,7;93;78;86;101;2,9;1,4;
2026/06/16;1500 UTC;;;;;;;;;;;;;;;;;;
2026/06/16;1600 UTC;0;930,7;931;930,3;2370,4;11,4;5,4;12,4;10,6;6,2;4,5;75;64;70;265;4,6;1,6;
2026/06/16;1700 UTC;0;929,8;930,3;929,4;2278,3;12,8;5,6;13,6;12,1;6,9;4,2;70;58;64;301;3,6;1,8;
2026/06/16;1800 UTC;0;929,3;929,5;929,2;1940,8;13,8;5,9;14,3;13,1;7;4,6;100;52;62;270;3,2;1,6;
2026/06/16;1900 UTC;0;929,1;929,2;928,9;1362,7;14,5;5,4;14,8;14,1;6,4;4,3;100;49;64;316;3,4;1,8;
2026/06/16;2000 UTC;0;928,9;928,9;928,9;651,7;;;;;;;100;100;100;270;4;2,4;
2026/06/16;2100 UTC;0;928,9;928,9;928,9;55,9;;;;;;;100;100;100;287;1,5;,6;
2026/06/16;2200 UTC;0;928,9;928,9;928,9;0;;;;;;;100;100;100;213;1,8;1,3;
2026/06/16;2300 UTC;0;928,9;928,9;928,9;0;;;;;;;100;100;100;210;,7;,4;
2026/06/17;0000 UTC;0;928,9;928,9;928,9;0;;;;;;;100;100;100;110;1;,6;
2026/06/17;0100 UTC;0;930,6;930,7;930,5;0;8;3,3;8,6;7,1;5,9;-,2;90;61;76;118;,8;,3;
2026/06/17;0200 UTC;0;930,7;930,8;930,6;0;7,8;-2,9;8,7;7;1,5;-5,1;70;33;46;75;2,9;1,2;
2026/06/17;0300 UTC;0;930,9;931;930,8;0;7,5;3,7;7,8;7,2;4,5;2;84;72;81;71;2,7;1,2;
2026/06/17;0400 UTC;0;931;931,1;930,9;0;7,3;3,7;7,5;7,1;3,9;3,5;84;80;82;70;2,5;1,3;
2026/06/17;0500 UTC;0;930,9;931;930,8;0;6,9;4,4;7,2;6,7;4,7;4;89;84;88;68;2,3;1,2;
2026/06/17;0600 UTC;0;930,8;930,9;930,6;0;6,8;5;7;6,6;5,3;4,4;92;89;91;71;2,6;1,3;
2026/06/17;0700 UTC;0;930,7;930,9;930,6;0;6,7;4,1;6,9;6,3;5;3,1;91;82;87;75;1,5;,8;
2026/06/17;0800 UTC;0;930,7;930,8;930,6;0;6,7;2,2;7,2;6,2;3;1,5;82;73;77;74;1,9;1,1;
2026/06/17;0900 UTC;0;930,8;931;930,7;0;5,6;1,4;6,9;4,4;1,7;1,1;86;71;79;161;,6;,3;
2026/06/17;1000 UTC;0;931,3;931,6;931;0;4,5;1,6;4,9;4,2;2,5;,5;92;80;85;101;1,8;,6;
2026/06/17;1100 UTC;0;931,8;932;931,5;90,2;4,6;2;5,3;4,1;2,6;1;93;81;87;73;2,7;1,5;
2026/06/17;1200 UTC;0;932,4;932,9;931,9;635,9;6,5;2,6;7,3;5,2;3,4;2,1;85;76;80;70;2,3;1,3;
2026/06/17;1300 UTC;0;933,2;933,6;932,9;1370,3;8,7;3,6;10,4;7,3;4,5;2,4;79;67;74;56;2,4;1,4;
2026/06/17;1400 UTC;0;933,6;933,8;933,5;1915,9;11,7;4,4;13,2;10,3;5,4;3,4;71;57;64;288;2,4;1,2;
2026/06/17;1500 UTC;;;;;;;;;;;;;;;;;;
2026/06/17;1600 UTC;0;933,2;933,4;933;2353,9;14,9;3,7;15,6;14,1;5,2;2,1;100;37;47;317;4,1;2,6;
2026/06/17;1700 UTC;0;932,6;932,9;932,3;2232,8;15,8;3;16,4;15,2;4;1,9;100;28;41;295;3,3;2,1;
2026/06/17;1800 UTC;0;932,2;932,3;932,2;1921,4;16,3;2,6;16,5;15,9;3,2;1,7;100;27;73;269;4,3;2;
2026/06/17;1900 UTC;0;932,2;932,2;932,2;1362,2;;;;;;;100;100;100;283;3,4;1,7;
2026/06/17;2000 UTC;0;932,2;932,2;932,2;666,5;;;;;;;100;100;100;288;3;1,7;
2026/06/17;2100 UTC;0;932,2;932,2;932,2;99,6;;;;;;;100;100;100;208;,6;,3;
2026/06/17;2200 UTC;0;932,2;932,2;932,2;0;;;;;;;100;100;100;139;,5;,2;
2026/06/17;2300 UTC;0;932,2;932,2;932,2;0;;;;;;;100;100;100;148;,8;,3;
2026/06/18;0000 UTC;0;932,2;932,2;932,2;0;;;;;;;100;100;100;73;,7;,3;
2026/06/18;0100 UTC;0;933,1;933,2;933;0;10,1;2,2;11,1;9,4;3;1,7;66;53;61;145;2,3;1,7;
2026/06/18;0200 UTC;0;933,1;933,2;933;0;10,7;1,7;11,5;8,3;3,4;,5;68;45;55;84;2,6;1,1;
2026/06/18;0300 UTC;0;933,1;933,2;933;0;9,4;2,8;10,5;8;3,5;1,8;72;62;67;106;4,8;2,7;
2026/06/18;0400 UTC;0;932,8;933;932,6;0;8,4;2,6;10,2;6,8;3,2;2,2;78;64;71;45;2,7;1,7;
2026/06/18;0500 UTC;0;932,4;932,6;932,2;0;6,8;2,4;7,8;6,3;2,6;2,3;80;74;78;73;3,8;1,8;
2026/06/18;0600 UTC;0;931,9;932,2;931,5;0;7,2;2,6;7,8;6,6;2,8;2,5;79;74;77;73;3,3;1,6;
2026/06/18;0700 UTC;0;931,2;931,4;931;0;7,1;2,6;7,5;6,8;2,7;2,5;79;75;78;73;3,5;1,5;
2026/06/18;0800 UTC;0;930,8;931;930,6;0;6,7;2,6;7,1;6,2;2,7;2,4;81;77;79;85;5,5;2,3;
2026/06/18;0900 UTC;0;930,6;930,7;930,3;0;6,2;2,4;6,8;5,6;2,5;2,2;84;77;81;69;4;1,8;
2026/06/18;1000 UTC;0;931,1;931,8;930,7;0;5,5;2,1;5,8;5,2;2,3;2;84;82;83;63;3,9;2;
2026/06/18;1100 UTC;0;932,1;932,3;931,8;102,9;5,3;2,4;6,4;4,6;2,7;2,1;89;81;86;68;5,6;2,7;
2026/06/18;1200 UTC;0;932,5;932,8;932,3;652,3;6,5;2,8;7,2;6,1;3,4;2,6;84;79;81;70;6,3;3,3;
2026/06/18;1300 UTC;0;933,1;933,4;932,7;955,1;7,8;4,2;8,2;7,2;4,9;3,3;84;80;82;74;6,1;2,9;
2026/06/18;1400 UTC;0;933,2;933,4;932,8;1156,9;9;5,3;10,1;8,2;5,9;4,7;84;77;81;57;7,4;3,7;
2026/06/18;1500 UTC;;;;;;;;;;;;;;;;;;
2026/06/18;1600 UTC;0;931,2;931,8;930,6;2118,4;14,1;6,7;15,5;13,1;7,3;6,2;69;56;63;51;6,5;3,7;
2026/06/18;1700 UTC;0;930,4;930,6;930,2;2129,4;16;6,8;17;15;7,4;6,2;58;51;54;55;7,5;4,3;
2026/06/18;1800 UTC;0;930;930,2;929,9;1669,7;16,8;7;17,1;16,6;7,4;6,8;100;50;85;41;7,3;3,7;
2026/06/18;1900 UTC;0;930;930;930;1191,5;;;;;;;100;100;100;62;6,3;3;
2026/06/18;2000 UTC;0;930;930;930;540,3;;;;;;;100;100;100;71;7,2;3,1;
2026/06/18;2100 UTC;;;;;;;;;;;;;;;;;;
2026/06/18;2200 UTC;0;930;930;930;0;;;;;;;100;100;100;76;6,9;2,8;
2026/06/18;2300 UTC;0;930;930;930;0;;;;;;;100;100;100;68;8,9;4,3;
2026/06/19;0000 UTC;0;930;930;930;0;;;;;;;100;100;100;63;7,8;4,5;
2026/06/19;0100 UTC;;;;;;;;;;;;;;;;;;
2026/06/19;0200 UTC;0;928,1;928,2;927,9;0;10,6;7,2;10,7;10,5;7,3;7;84;81;83;55;8,8;4,9;
2026/06/19;0300 UTC;0;927,4;927,9;927,1;0;10,6;6,5;10,8;10,5;7;6;83;76;79;58;13,7;7,1;
2026/06/19;0400 UTC;0;927,5;927,7;927,2;0;10,6;5,8;10,8;10,4;6;5,7;77;75;76;60;11,8;5,6;
2026/06/19;0500 UTC;0;927;927,6;926,4;0;10,4;5,6;10,5;10,4;5,8;5,5;77;75;76;62;11,7;6;
2026/06/19;0600 UTC;0;926,9;927,2;926,5;0;10,4;5,3;10,6;10,3;5,5;5,2;75;73;74;44;9,5;5,9;
2026/06/19;0700 UTC;0;926,6;926,9;926,2;0;10,2;5,3;10,5;10,1;5,3;5,2;76;74;75;52;8,5;5,3;
2026/06/19;0800 UTC;0;925,8;926,3;925,4;0;10;5,4;10,2;9,9;5,6;5,3;78;76;77;48;9,4;6;
2026/06/19;0900 UTC;0;925,5;925,7;925;0;10;5,8;10,1;9,9;6;5,5;80;78;79;55;7,9;4,9;
2026/06/19;1000 UTC;0;925,9;927,3;925,2;0;10,2;5,9;10,2;10,1;6;5,8;79;78;79;165;3,7;1,4;
2026/06/19;1100 UTC;0;928;928,5;927,3;37,3;9,8;6;10,2;9,5;6,2;5,8;83;78;81;177;3,6;1,9;
2026/06/19;1200 UTC;0;929,2;929,8;928,3;195,5;9,9;6,3;10,4;9,6;6,6;6;84;80;82;158;2,9;1,8;
2026/06/19;1300 UTC;0;929,7;930,2;929,3;243,9;11;6,5;11,2;10,5;7,3;6,1;80;75;78;176;2;1;
2026/06/19;1400 UTC;0;930,1;930,5;929,5;249,9;11,1;7,2;11,3;11;7,9;6,3;85;75;80;132;4,2;1,1;
2026/06/19;1500 UTC;;;;;;;;;;;;;;;;;;
2026/06/19;1600 UTC;1,6;928,8;929,2;928,5;200,8;10,1;9,2;10,2;10;9,4;8,9;97;94;96;51;5;2,9;
2026/06/19;1700 UTC;3,4;928,5;928,8;928,2;113,4;9,9;9,4;10;9,7;9,6;9,1;99;95;98;65;12,7;8,8;
2026/06/19;1800 UTC;2,4;928;928,6;927,4;139,9;9,6;9,3;9,7;9,6;9,4;9,2;99;98;98;31;7,5;4,8;
2026/06/19;1900 UTC;,6;926,5;927,4;925,8;0;9,8;9,6;9,9;9,6;9,9;9,4;100;99;99;26;9,3;6,1;
2026/06/19;2000 UTC;0;924,9;926,1;923,6;63,5;10,3;10,2;10,7;9,9;10,4;9,9;100;99;99;57;10,2;6,2;
2026/06/19;2100 UTC;;;;;;;;;;;;;;;;;;
2026/06/19;2200 UTC;0;925,9;926,2;925,5;0;10,8;10,6;10,9;10,7;10,6;10,6;99;99;99;216;3,6;2,5;
2026/06/19;2300 UTC;0;926,3;926,6;926,1;0;10,6;10,5;10,7;10,5;10,6;10,5;100;99;100;204;3;1,8;
2026/06/20;0000 UTC;;;;;;;;;;;;;;;;;;
2026/06/20;0100 UTC;;;;;;;;;;;;;;;;;;
2026/06/20;0200 UTC;0;926,8;927;926,7;0;10,6;10,3;10,8;10,4;10,6;10,2;99;99;99;252;3,1;1,2;
2026/06/20;0300 UTC;0;927;927,2;926,9;0;10,8;10,6;10,8;10,7;10,7;10,5;100;99;99;243;2,2;1,1;
2026/06/20;0400 UTC;0;927,1;927,3;926,9;0;10,8;10,7;10,8;10,8;10,8;10,7;100;100;100;313;,9;,6;
2026/06/20;0500 UTC;0;926,9;927;926,7;0;10,8;10,8;10,8;10,8;10,8;10,7;100;100;100;237;1,6;1;
2026/06/20;0600 UTC;0;926,6;926,8;926,4;0;10,7;10,8;10,8;10,7;10,8;10,7;100;100;100;222;2,2;1,3;
2026/06/20;0700 UTC;,2;926,2;926,4;926,1;0;10,7;10,8;10,8;10,7;10,8;10,7;100;100;100;139;1,6;1;
2026/06/20;0800 UTC;0;925,9;926,3;925,5;0;10,6;10,7;10,7;10,6;10,7;10,6;100;100;100;294;,9;,4;
2026/06/20;0900 UTC;,2;925,6;925,7;925,5;0;10,6;10,6;10,6;10,6;10,7;10,6;100;100;100;301;1,6;,8;
2026/06/20;1000 UTC;0;925,7;925,9;925,6;0;10,6;10,7;10,7;10,6;10,7;10,6;100;100;100;261;2,4;1,2;
2026/06/20;1100 UTC;0;926,1;926,2;925,9;13;10,6;10,7;10,6;10,6;10,7;10,6;100;100;100;277;1;,5;
2026/06/20;1200 UTC;0;926,3;926,5;926,1;95,3;10,7;10,7;10,8;10,6;10,8;10,6;100;100;100;243;2,7;1,8;
2026/06/20;1300 UTC;0;925,8;925,8;925,8;;11;11;11;11;11;11;100;100;100;;;;
2026/06/20;1400 UTC;,4;925,5;925,8;925,2;347,4;11,2;11;11,3;10,9;11,3;10,7;100;98;99;106;3,6;1,3;
2026/06/20;1500 UTC;0;924,8;925,4;924,4;304,6;11,6;10,7;11,9;11,3;11,1;10,4;98;94;96;6;3,3;,7;
2026/06/20;1600 UTC;0;924,7;924,9;924,3;259,5;12;10,6;12,1;11,8;11;10,1;95;91;93;246;2,2;1,3;
2026/06/20;1700 UTC;0;924,4;924,6;924,3;147,4;11,9;10,9;12;11,8;11,1;10,7;96;94;95;256;2,9;2,1;
2026/06/20;1800 UTC;0;924,1;924,2;923,6;155,5;11,7;11;11,8;11,6;11,2;10,8;97;95;96;251;2,9;,6;
2026/06/20;1900 UTC;0;923,2;923,8;922,8;349,4;12,1;11,2;12,2;11,8;11,4;11;96;94;95;271;3,2;2,2;
2026/06/20;2000 UTC;0;923,5;923,8;923,2;305,2;12,2;10,9;12,3;12,2;11,2;10,6;95;92;94;209;2,9;1;
2026/06/20;2100 UTC;0;923,7;923,8;923,6;39,8;12,1;11;12,3;11,8;11,2;10,8;96;93;95;186;2,3;,6;
2026/06/20;2200 UTC;0;923,7;923,8;923,6;0;11,6;11,1;11,8;11,5;11,2;11;98;96;97;277;3,2;1,5;
2026/06/20;2300 UTC;0;924,2;924,6;923,8;0;11,3;10,9;11,5;11,1;11,1;10,7;98;97;98;264;4,4;2,7;
2026/06/21;0000 UTC;0;924,5;924,6;924,4;0;11;10,7;11,1;11;10,7;10,6;98;98;98;232;3,6;,3;
2026/06/21;0100 UTC;0;924,6;924,8;924,4;0;10,9;10,6;11;10,8;10,7;10,5;99;98;98;80;1,5;,8;
2026/06/21;0200 UTC;0;924,3;924,3;924,3;0;10,8;10,6;10,8;10,8;10,6;10,5;99;99;99;92;1,5;1;
2026/06/21;0300 UTC;0;925;925,1;924,9;0;10,8;10,7;10,8;10,8;10,7;10,7;99;99;99;301;1,2;,9;
2026/06/21;0400 UTC;0;925;925;924,9;0;10,7;10,7;10,7;10,7;10,7;10,7;100;100;100;100;,8;,4;
2026/06/21;0500 UTC;0;924,9;924,9;924,9;0;10,7;10,7;10,7;10,7;10,7;10,7;100;100;100;101;,7;,4;
2026/06/21;0600 UTC;0;924,4;924,5;924,4;0;10,6;10,5;10,6;10,6;10,5;10,5;100;100;100;26;,9;,6;
2026/06/21;0700 UTC;0;924,4;924,4;924,4;0;10,4;10,4;10,4;10,4;10,5;10,4;100;100;100;18;2;1,4;
2026/06/21;0800 UTC;0;924,3;924,4;924,3;0;10,2;10,2;10,2;10,1;10,2;10,2;100;100;100;35;3;1,7;
2026/06/21;0900 UTC;0;925,1;925,1;925;0;9,9;9,9;9,9;9,9;10;9,9;100;100;100;4;2,7;1,8;
2026/06/21;1000 UTC;0;925,4;925,4;925,4;0;9,8;9,8;9,8;9,7;9,9;9,8;100;100;100;72;,9;,5;
2026/06/21;1100 UTC;0;925,8;925,8;925,8;124,2;9,5;9,5;9,5;9,5;9,5;9,5;100;100;100;95;2,8;1,5;
2026/06/21;1200 UTC;0;926,2;926,2;926,1;353;9,6;9,7;9,7;9,5;9,8;9,6;100;100;100;68;3,3;1,8;
2026/06/21;1300 UTC;0;926,7;926,8;926,7;1064;10,7;9,6;10,8;10,6;9,9;9,4;97;93;95;45;4,8;3,3;
2026/06/21;1400 UTC;0;927;927,1;927;2064,4;12,4;9;12,5;12,3;9,2;8,7;84;81;83;12;4,7;3,2;
2026/06/21;1500 UTC;0;926,3;926,4;926,3;2450,3;14,5;9,2;14,5;14,4;9,5;8,8;75;72;73;37;4,6;2,9;
2026/06/21;1600 UTC;0;925,5;925,6;925,4;2417,7;16;8,9;16,1;15,8;9,2;8,5;67;63;64;15;5,4;3,9;
2026/06/21;1700 UTC;0;924,6;924,6;924,6;2167,5;16,8;7,7;16,9;16,7;7,9;7,3;55;53;54;22;4,1;2,6;
2026/06/21;1800 UTC;0;923,6;923,7;923,5;1696,6;17,4;6,4;17,5;17,4;6,9;5,8;48;42;45;28;5,2;3;
2026/06/21;1900 UTC;0;923,4;923,5;923,4;1071,9;17,7;6,9;17,7;17,6;7,2;6,7;48;45;46;5;2,9;1,8;
2026/06/21;2000 UTC;0;923,8;923,8;923,8;351,3;17,5;8;17,6;17,3;8,4;7,5;55;50;52;342;1,4;,8;
2026/06/21;2100 UTC;;;;;;;;;;;;;;;;;;
2026/06/21;2200 UTC;0;924;924;924;0;12,2;6,2;12,2;12,1;6,4;5,8;71;68;70;164;1,3;1;
2026/06/21;2300 UTC;0;923,7;923,7;923,7;0;11,5;5,6;11,7;11,4;5,9;5,3;73;70;71;120;1,2;,6;
2026/06/22;0000 UTC;;923,9;923,9;923,8;0;12,1;6,6;12,6;11,4;6,8;6,3;75;71;72;95;3,6;1,9;
2026/06/22;0100 UTC;;;;;;;;;;;;;;;;;;
2026/06/22;0200 UTC;;924,2;924,3;924,2;0;11,7;9;11,8;11,7;9,1;9;87;86;86;57;7,6;4,8;
2026/06/22;0300 UTC;;924;924,1;924;0;12;9,1;12,1;11,9;9,1;9,1;86;85;85;56;8,1;5,2;
2026/06/22;0400 UTC;;923,4;923,5;923,4;0;11,4;9,1;11,5;11,4;9,1;9,1;89;88;88;58;8,2;4,8;
2026/06/22;0500 UTC;;923,6;923,9;923,5;0;11,6;9,3;11,6;11,6;9,3;9,2;88;88;88;66;6,3;3,9;
2026/06/22;0600 UTC;;922,7;922,8;922,6;0;10,9;9,1;11;10,9;9,1;9,1;91;91;91;59;8,2;5,4;
2026/06/22;0700 UTC;;922,5;922,6;922,5;0;11,1;9,2;11,2;11,1;9,2;9,2;91;90;90;57;6,9;4,2;
2026/06/22;0800 UTC;;921,7;921,8;921,7;0;11,4;8,9;11,4;11,3;9;8,9;89;87;88;54;7,3;5;
2026/06/22;0900 UTC;;921,5;921,5;921,4;0;11,8;8,6;11,9;11,8;8,6;8,5;84;84;84;57;5,6;3,6;
2026/06/22;1000 UTC;;920;920,1;919,9;0;12,1;8,3;12,1;12,1;8,3;8,2;81;81;81;68;7,2;3,3;
2026/06/22;1100 UTC;;919,9;920;919,8;149,2;13,2;8,9;13,2;13,1;9;8,9;79;79;79;52;6,9;4,7;
2026/06/22;1200 UTC;;919,1;919,2;919;120,2;14,1;10,8;14,2;14;10,9;10,6;84;83;83;50;8,3;4,8;
2026/06/22;1300 UTC;;918,5;918,6;918,3;39,3;14,5;11,7;14,5;14,5;11,7;11,6;86;86;86;50;9,6;5,8;
2026/06/22;1400 UTC;;920,6;920,9;920,5;30,4;12,3;11,8;12,3;12,2;11,9;11,8;98;98;98;226;9,3;5,4;
2026/06/22;1500 UTC;;920,7;920,8;920,5;110,7;12,1;11,9;12,1;12,1;11,9;11,9;99;99;99;232;5,2;3,6;
2026/06/22;1600 UTC;;919,9;920;919,8;118,6;11,9;11,8;11,9;11,9;11,8;11,8;100;99;99;212;1,4;1;
2026/06/22;1700 UTC;;920,2;920,3;920,1;53,9;12,5;12,4;12,5;12,4;12,4;12,3;100;100;100;291;5;3,1;
2026/06/22;1800 UTC;;920,2;920,2;920,1;85,5;12,3;12,1;12,3;12,3;12,2;12,1;99;99;99;318;4,5;2,4;
2026/06/22;1900 UTC;;920,8;920,8;920,7;211,5;12,2;11,9;12,2;12,2;12;11,8;99;98;98;274;8;4,6;
2026/06/22;2000 UTC;;921,6;921,7;921,5;16,2;11,7;11,5;11,8;11,7;11,5;11,5;99;99;99;264;6,2;4,2;
2026/06/22;2100 UTC;;922,8;922,8;922,7;0;11,2;10,9;11,2;11,2;11;10,9;99;98;98;268;4,9;2,4;
2026/06/22;2200 UTC;;923,6;923,6;923,5;0;10,7;10,5;10,8;10,7;10,5;10,5;99;99;99;261;6,1;3,4;
2026/06/22;2300 UTC;;924,1;924,2;924,1;0;10;9,4;10,1;10;9,5;9,3;97;96;97;238;7,1;4,8;
2026/06/23;0000 UTC;;925,2;925,2;925,2;0;9,6;8,7;9,6;9,6;8,7;8,6;96;95;96;255;5,8;3,9;
2026/06/23;0100 UTC;;;;;;;;;;;;;;;;;;
2026/06/23;0200 UTC;;926,2;926,2;926,1;0;7,3;6,2;7,4;7,3;6,3;6;95;94;94;232;5,8;3,8;
2026/06/23;0300 UTC;;925,6;925,6;925,5;0;6,4;5,1;6,4;6,4;5,2;5;94;93;94;227;7;3,8;
2026/06/23;0400 UTC;;925,6;925,7;925,6;0;6,4;4,8;6,4;6,4;4,9;4,8;92;92;92;220;5,6;4,1;
2026/06/23;0500 UTC;;;;;;;;;;;;;;;;;;
2026/06/23;0600 UTC;;926,4;926,4;926,4;0;6;5,1;6;6;5,2;5;96;95;95;250;4,1;2,7;
2026/06/23;0700 UTC;;926,4;926,4;926,4;0;5,2;4,6;5,2;5,2;4,6;4,5;97;97;97;245;2,8;1,8;
2026/06/23;0800 UTC;;926,4;926,4;926,3;0;4,6;4;4,6;4,6;4;3,9;97;97;97;224;2,8;1,8;
2026/06/23;0900 UTC;;926,3;926,3;926,2;0;3,9;3,7;4;3,9;3,7;3,6;99;99;99;224;2,8;2;
2026/06/23;1000 UTC;;;;;;;;;;;;;;;;;;
2026/06/23;1100 UTC;;927,1;927,1;927,1;165,4;4,1;3,5;4,2;4,1;3,6;3,5;97;97;97;241;2,7;1,8;
2026/06/23;1200 UTC;;;;;;;;;;;;;;;;;;
2026/06/23;1300 UTC;;928,8;928,9;928,8;615,9;5,6;2,2;5,8;5,4;2,3;2;84;82;83;260;5,1;3,3;
2026/06/23;1400 UTC;;;;;;;;;;;;;;;;;;
2026/06/23;1500 UTC;;928,6;928,7;928,6;940,5;6,6;1,6;6,7;6,4;1,7;1,4;76;74;75;232;8,1;5,2;
2026/06/23;1600 UTC;;928,1;928,1;928;2166;8;1,8;8,2;7,8;2,1;1,6;70;68;69;270;7;4,3;
2026/06/23;1700 UTC;;927,3;927,4;927,2;1532;7,8;,9;7,9;7,8;1,3;,6;68;64;65;238;5,7;3,8;
2026/06/23;1800 UTC;;926,9;926,9;926,8;1322,3;8;,9;8,3;7,8;1,2;,6;66;64;65;268;5;2,9;
2026/06/23;1900 UTC;;927;927;927;1390,4;9;1,5;9,3;8,8;1,8;1,2;64;60;62;278;4,4;2,5;
2026/06/23;2000 UTC;;;;;;;;;;;;;;;;;;
2026/06/23;2100 UTC;;927,8;927,8;927,7;0;6,3;1,1;6,4;6,3;1,4;,9;76;73;74;262;2,9;1,4;
2026/06/23;2200 UTC;;;;;;;;;;;;;;;;;;
2026/06/23;2300 UTC;;928,4;928,4;928,4;0;4,7;1,1;4,8;4,7;1,3;1;83;81;82;225;2,2;1,7;
2026/06/24;0000 UTC;;;;;;;;;;;;;;;;;;
2026/06/24;0100 UTC;;928,7;928,7;928,6;0;3,2;1;3,9;2,6;1,2;,7;92;84;89;199;2,1;,5;
2026/06/24;0200 UTC;;929,4;929,5;929,4;0;3;,8;3;3;,8;,8;89;89;89;24;1;,7;
2026/06/24;0300 UTC;;929,7;929,7;929,7;0;2,9;,3;3;2,9;,3;,3;87;87;87;63;,7;,3;
2026/06/24;0400 UTC;;929,4;929,5;929,4;0;2,8;,1;2,9;2,7;,1;0;87;86;86;83;2;1;
2026/06/24;0500 UTC;;929,4;929,5;929,4;0;2;,6;2;2;,6;,5;93;92;93;78;1,7;,9;
2026/06/24;0600 UTC;;928,9;928,9;928,8;0;2,1;,2;2,2;1,8;,3;0;91;90;91;61;1,3;,8;
2026/06/24;0700 UTC;;928,3;928,3;928,3;0;2,2;,1;2,3;2,2;,2;,1;90;89;90;67;1,6;,9;
2026/06/24;0800 UTC;;928,2;928,2;928,2;0;1;,2;1,1;1;,4;-,1;97;95;96;88;,6;,3;
2026/06/24;0900 UTC;;928,2;928,2;928,1;0;1,4;-,5;1,6;1,2;-,4;-,6;92;89;91;45;,6;,4;
2026/06/24;1000 UTC;;929;929;929;0;,4;0;,4;,4;0;0;98;98;98;149;,4;,3;
2026/06/24;1100 UTC;;929,5;929,6;929,5;461,8;,9;-,4;1;,9;-,3;-,5;94;93;93;29;1,5;1;
2026/06/24;1200 UTC;;;;;;;;;;;;;;;;;;
2026/06/24;1300 UTC;;930,5;930,5;930,5;1887,8;1,9;,5;2;1,8;1,2;,3;96;92;93;7;3,2;2,2;
2026/06/24;1400 UTC;;930,4;930,5;930,4;2226,7;4,4;1;4,5;4,3;1,3;,8;84;82;83;305;3,4;1,7;
2026/06/24;1500 UTC;;930,3;930,4;930,3;2381,6;6,6;,1;7;6,5;,6;-,2;70;67;68;275;5,8;3,5;
2026/06/24;1600 UTC;;929,6;929,7;929,5;2047,2;7,8;,4;8;7,7;,9;,1;65;61;63;296;6,9;4;
2026/06/24;1700 UTC;;928,7;928,7;928,6;2430,5;8,9;,5;9,2;8,7;1,1;,1;61;57;58;275;6;3,3;
2026/06/24;1800 UTC;;928;928;928;300,8;8,8;-,4;9,1;8,4;0;-,9;56;53;54;280;5;3,1;
2026/06/24;1900 UTC;;927,8;927,8;927,7;572,2;8,9;-,3;9;8,8;-,1;-,6;56;52;54;321;4,1;2,3;
2026/06/24;2000 UTC;;928;928,1;928;406,7;9;,2;9,1;9;,5;-,1;58;54;56;341;2,7;1,8;
2026/06/24;2100 UTC;;928,5;928,5;928,4;0;6,3;,3;6,4;6,3;,4;,1;70;68;70;71;1,2;,7;
2026/06/24;2200 UTC;;928,9;929;928,9;0;5,4;-,2;5,5;5,4;-,1;-,3;72;72;72;49;1,3;,8;
2026/06/24;2300 UTC;;929,4;929,5;929,4;0;5,6;,2;5,6;5,5;,2;,1;73;73;73;23;2,6;1,9;
2026/06/25;0000 UTC;;;;;;;;;;;;;;;;;;
2026/06/25;0100 UTC;;930,2;930,4;929,9;0;5,4;-,3;5,5;5,1;-,1;-,4;73;71;72;53;2,2;,8;
2026/06/25;0200 UTC;;930,1;930,1;930,1;0;4,8;-,2;4,8;4,8;-,1;-,3;76;74;75;49;1,9;1,1;
2026/06/25;0300 UTC;;930,4;930,5;930,4;0;5,1;-,2;5,3;4,9;-,1;-,2;75;73;74;48;1,6;1;
2026/06/25;0400 UTC;;930,6;930,7;930,6;0;4,6;0;4,7;4,5;,1;-,1;78;76;77;76;2;1,1;
2026/06/25;0500 UTC;;931,1;931,2;931,1;0;2,9;,3;3,1;2,7;,3;,1;87;86;87;64;1,5;,6;
2026/06/25;0600 UTC;;931,6;931,6;931,6;0;1,4;,3;1,5;1,4;,4;,3;95;94;94;258;,6;,3;
2026/06/25;0700 UTC;;931,7;931,7;931,7;0;3,2;-,7;3,2;3,1;-,6;-,7;81;80;81;83;2;1,2;
2026/06/25;0800 UTC;;931,6;931,6;931,5;0;1,9;-,5;2;1,8;-,4;-,7;89;87;88;71;1,8;1;
2026/06/25;0900 UTC;;931,5;931,5;931,4;0;,4;-,5;,4;,4;-,5;-,6;96;95;95;111;1,8;,6;
2026/06/25;1000 UTC;;932,3;932,3;932,3;0;-,1;-1,2;-,1;-,2;-1,2;-1,4;95;94;94;80;2,2;1,3;
2026/06/25;1100 UTC;;933,3;933,3;933,2;345,5;,9;-1,3;1,1;,7;-1,3;-1,3;90;88;89;85;2;1;
2026/06/25;1200 UTC;;933,2;933,3;933,2;1062,9;2,3;-,5;2,4;2,2;-,3;-,7;87;85;86;79;2,6;1,6;
2026/06/25;1300 UTC;;933,5;933,5;933,5;1351,4;1,4;,2;1,5;1,3;,4;0;95;94;94;61;5;2,4;
2026/06/25;1400 UTC;;934,3;934,3;934,2;2153,6;5,6;1,5;5,9;5,2;1,7;1,2;82;77;79;76;2,2;1,2;
2026/06/25;1500 UTC;;934,1;934,2;934;2296,4;8,4;2,2;8,5;8,2;2,6;2;71;67;69;57;4,1;2,2;
2026/06/25;1600 UTC;;933,1;933,2;933;2393;10,8;3;11;10,6;3,3;2,8;62;61;61;21;5,6;3,6;
2026/06/25;1700 UTC;;932;932,1;932;2329,7;13,2;4;13,3;13;4,3;3,5;57;52;54;23;5;3;
2026/06/25;1800 UTC;;932,3;932,3;932,3;1716,8;14;3,6;14,2;13,8;3,9;3,4;49;47;48;338;2,6;1,9;
2026/06/25;1900 UTC;;932,1;932,2;932,1;1076,3;14,3;3,8;14,3;14,2;4;3,6;49;46;48;36;1,6;,5;
2026/06/25;2000 UTC;;932,4;932,5;932,3;373,8;13,8;4;13,9;13,5;4;3,9;52;50;51;254;3,9;2,4;
2026/06/25;2100 UTC;;932,5;932,5;932,5;0;10;3,4;10,1;10;3,7;3,1;68;65;67;217;3,4;2,3;
2026/06/25;2200 UTC;;;;;;;;;;;;;;;;;;
2026/06/25;2300 UTC;;;;;;;;;;;;;;;;;;
2026/06/26;0000 UTC;;;;;;;;;;;;;;;;;;
2026/06/26;0100 UTC;;932,8;933,1;932,6;0;7,4;2,3;8,5;6,8;2,6;2;78;68;75;79;2,1;,3;
2026/06/26;0200 UTC;;933,4;933,4;933,4;0;7,2;2;7,2;7,2;2,1;1,9;74;73;74;53;1,1;,6;
2026/06/26;0300 UTC;;933,6;933,6;933,5;0;7,1;2,3;7,3;6,7;2,4;2,2;77;75;76;93;4,5;2,5;
2026/06/26;0400 UTC;;933,2;933,2;933,1;0;5,8;2,3;5,9;5,7;2,3;2,3;83;82;83;69;4,1;2,1;
2026/06/26;0500 UTC;;932,8;932,9;932,8;0;5,3;2,2;5,3;5,3;2,2;2,1;85;84;84;88;4,1;2,7;
2026/06/26;0600 UTC;;932,1;932,1;932,1;0;4,9;1,7;4,9;4,9;1,7;1,6;84;84;84;67;2,8;1,3;
2026/06/26;0700 UTC;;932,2;932,2;932,1;0;4,2;1,8;4,3;4,2;1,8;1,7;88;87;88;58;2,9;1,3;
2026/06/26;0800 UTC;;932,4;932,5;932,3;0;3,8;1,9;3,8;3,7;2;1,9;91;90;91;62;3,1;1,6;
2026/06/26;0900 UTC;;932,5;932,5;932,5;0;3,5;1,9;3,5;3,5;1,9;1,9;92;92;92;71;3,4;1,2;
2026/06/26;1000 UTC;;932,8;932,8;932,8;0;3,7;1,6;3,7;3,6;1,6;1,6;90;89;90;67;2,8;1,5;
2026/06/26;1100 UTC;;933,2;933,2;933,2;336,8;4,2;1,7;4,3;4,2;1,7;1,7;88;87;87;72;3,3;1,8;
2026/06/26;1200 UTC;;933,7;933,8;933,7;1067,3;5,4;2,5;5,4;5,4;2,6;2,4;86;85;86;60;5,9;3,7;
2026/06/26;1300 UTC;;934,3;934,3;934,2;1744,2;6,1;2,8;6,3;6;2,9;2,7;84;83;84;49;5,3;3,2;
2026/06/26;1400 UTC;;934,1;934,1;934,1;2225,1;7,1;3,9;7,2;7;4;3,8;85;83;84;48;4,5;2,9;
2026/06/26;1500 UTC;;933,5;933,6;933,5;2464,2;9,4;4,6;9,7;9,2;4,8;4,5;77;75;76;53;4,7;2,8;
2026/06/26;1600 UTC;;932,7;932,7;932,7;2470,4;11,5;4,6;11,7;11,4;4,9;4,4;68;64;66;41;4,8;2,6;
2026/06/26;1700 UTC;;931,9;931,9;931,9;2255,4;12,6;4,2;13;12,2;4,6;3,8;59;57;58;33;4,9;3,3;
2026/06/26;1800 UTC;;;;;;;;;;;;;;;;;;
2026/06/26;1900 UTC;;931,4;931,4;931,4;1092,8;13,3;4,6;13,5;13,1;5;4,4;59;55;57;67;3,4;1,5;
2026/06/26;2000 UTC;;931,5;931,6;931,5;362;12,9;4,8;12,9;12,8;4,9;4,6;60;59;59;97;2,4;1,3;
2026/06/26;2100 UTC;;931,8;931,8;931,7;0;10,3;4,5;10,4;10,2;4,5;4,4;71;70;71;132;3,9;2,4;
2026/06/26;2200 UTC;;;;;;;;;;;;;;;;;;
2026/06/26;2300 UTC;;;;;;;;;;;;;;;;;;
2026/06/27;0000 UTC;;932,5;932,6;932,5;0;9;3,9;9,3;8,8;4;3,8;75;73;74;81;2,9;1,7;
2026/06/27;0100 UTC;;;;;;;;;;;;;;;;;;
2026/06/27;0200 UTC;;932,5;932,6;932,5;0;10,1;5,6;10,1;10,1;5,6;5,6;78;77;77;62;6;3,2;
2026/06/27;0300 UTC;;932,3;932,3;932,3;0;9,2;5,6;9,3;9,2;5,6;5,6;82;82;82;51;3,8;2,1;
2026/06/27;0400 UTC;;932,2;932,3;932,2;0;9,6;5,7;9,7;9,5;5,7;5,6;81;80;80;62;4,6;2,6;
2026/06/27;0500 UTC;;932;932;932;0;9,3;5,8;9,3;9,2;5,8;5,8;83;82;83;64;2,1;1,3;
2026/06/27;0600 UTC;;931,4;931,5;931,4;0;9,3;5,9;9,4;9,3;5,9;5,8;83;83;83;87;3,2;1,6;
2026/06/27;0700 UTC;;931,2;931,2;931,2;0;10;6,2;10;10;6,2;6,1;81;81;81;78;3,3;1,7;
2026/06/27;0800 UTC;;930,8;930,8;930,8;0;9,9;6,2;9,9;9,9;6,2;6,2;81;81;81;79;4;2,3;
2026/06/27;0900 UTC;;931,1;931,2;931,1;0;9,5;6,3;9,6;9,4;6,3;6,2;84;83;84;80;4,8;2,4;
2026/06/27;1000 UTC;;931,6;931,7;931,6;0;9,2;6,4;9,2;9,2;6,4;6,4;86;86;86;69;3,9;2,5;
2026/06/27;1100 UTC;;931,9;932;931,9;258,1;10,3;7;10,4;10,2;7,1;6,9;84;83;83;74;4,1;2,6;
2026/06/27;1200 UTC;;932;932;931,9;972,2;11,3;7,7;11,5;11;7,9;7,6;83;82;82;72;5;3;
2026/06/27;1300 UTC;;;;;;;;;;;;;;;;;;
2026/06/27;1400 UTC;;932,2;932,2;932,1;1321,3;16;10,8;16,2;15,7;11,1;10,5;75;73;74;77;3,8;1,5;
2026/06/27;1500 UTC;;931,9;931,9;931,9;1615,4;17,7;12;17,7;17,6;12,3;11,9;73;71;71;41;3,2;1,9;
2026/06/27;1600 UTC;;930,9;931;930,9;657,2;16,7;13,7;16,7;16,7;13,9;13,6;86;84;85;61;2,3;1,4;
2026/06/27;1700 UTC;;930,4;930,4;930,4;882,3;17,8;13,7;17,9;17,8;14;13,5;81;78;79;36;2,6;1,9;
2026/06/27;1800 UTC;;930,1;930,1;930;319,7;17,4;14,4;17,5;17,4;14,6;14,2;86;84;85;30;1,9;1,3;
2026/06/27;1900 UTC;;930,2;930,3;930,2;141,5;17,4;13,8;17,4;17,4;13,9;13,8;83;82;82;290;2;1;
2026/06/27;2000 UTC;;930;930;929,9;98,4;16,9;13,6;16,9;16,9;13,6;13,5;84;83;83;28;2,1;1,3;
2026/06/27;2100 UTC;;930,2;930,2;930,1;0;15,8;13,4;15,9;15,8;13,4;13,4;88;88;88;39;2,5;1,4;
2026/06/27;2200 UTC;;930,3;930,3;930,2;0;15,3;13,1;15,5;15,1;13,2;13,1;90;88;89;51;2,4;1,5;
2026/06/27;2300 UTC;;;;;;;;;;;;;;;;;;
2026/06/28;0000 UTC;;;;;;;;;;;;;;;;;;
2026/06/28;0100 UTC;;;;;;;;;;;;;;;;;;
2026/06/28;0200 UTC;;;;;;;;;;;;;;;;;;
2026/06/28;0300 UTC;;930,3;930,4;930,3;0;14,7;11,8;14,7;14,6;11,8;11,7;86;85;86;23;4,2;3,1;
2026/06/28;0400 UTC;;930,6;930,6;930,5;0;14,4;11,9;14,5;14,3;11,9;11,9;88;87;87;0;2,5;1,4;
2026/06/28;0500 UTC;;929,5;929,6;929,4;0;14,3;11,9;14,4;14,2;12;11,8;89;87;88;32;7,3;5,4;
2026/06/28;0600 UTC;;929,3;929,4;929,2;0;13,3;12,3;13,3;13,3;12,4;12,3;95;95;95;48;4,4;3,5;
2026/06/28;0700 UTC;;929,9;929,9;929,8;0;13,4;12,6;13,4;13,4;12,7;12,6;96;96;96;320;3,2;1,4;
2026/06/28;0800 UTC;;;;;;;;;;;;;;;;;;
2026/06/28;0900 UTC;;928,4;928,7;928,1;0;13,5;12,5;13,5;13,5;12,6;12,5;95;95;95;58;4,3;1,8;
2026/06/28;1000 UTC;;;;;;;;;;;;;;;;;;
2026/06/28;1100 UTC;;926,8;926,9;926,7;0;14,1;12,6;14,2;14;12,6;12,5;93;92;92;109;8,5;4,8;
2026/06/28;1200 UTC;;928,7;928,8;928,6;0;14;13,2;14;13,9;13,2;13,2;97;96;96;209;5,6;3,5;
2026/06/28;1300 UTC;;;;;;;;;;;;;;;;;;
2026/06/28;1400 UTC;;927,8;928;927,6;66,1;13,8;13,6;13,8;13,8;13,6;13,6;99;99;99;102;5,5;3,3;
2026/06/28;1500 UTC;;928,1;928,3;927,9;38,8;13,4;13,2;13,5;13,3;13,3;13,1;99;99;99;213;6,6;3,9;
2026/06/28;1600 UTC;;927,7;927,8;927,5;47,4;13,3;13,1;13,3;13,3;13,1;13,1;99;99;99;234;3,9;2,4;
2026/06/28;1700 UTC;;927,1;927,2;927;182,9;13,5;13,3;13,5;13,5;13,4;13,3;99;99;99;188;1,9;1,1;
2026/06/28;1800 UTC;;928;928,1;927,9;124,9;13,5;13,5;13,6;13,5;13,5;13,5;100;100;100;240;4,7;2,8;
2026/06/28;1900 UTC;;928,4;928,5;928,4;178,3;13,6;13,5;13,6;13,6;13,5;13,4;100;99;99;230;5,9;4;
2026/06/28;2000 UTC;;929,5;929,6;929,5;10,3;13,6;12,9;13,6;13,6;13;12,9;97;97;97;225;5,8;3,2;
2026/06/28;2100 UTC;;929,1;929,2;929,1;0;13,1;12,6;13,1;13,1;12,6;12,5;97;97;97;153;2,6;1,7;
2026/06/28;2200 UTC;;;;;;;;;;;;;;;;;;
2026/06/28;2300 UTC;;927,5;927,5;927,5;0;13;12,3;13;13;12,4;12,3;97;96;97;28;5,7;3,1;
2026/06/29;0000 UTC;;927,8;927,9;927,7;0;13,1;12,3;13,1;13,1;12,4;12,3;97;96;96;3;7,3;4,7;
2026/06/29;0100 UTC;;927,3;928,3;927;0;13,1;12,4;13,2;12,9;12,5;12,3;98;96;97;2;10,2;4,5;
2026/06/29;0200 UTC;;;;;;;;;;;;;;;;;;
2026/06/29;0300 UTC;;927,4;927,6;927,3;0;13;12,4;13,1;13;12,4;12,3;97;96;97;350;2,6;1,5;
2026/06/29;0400 UTC;;926;926,2;925,8;0;13;12,2;13;13;12,2;12,2;96;96;96;37;3,5;1,9;
2026/06/29;0500 UTC;;927,1;927,3;927,1;0;12,7;12,6;12,7;12,7;12,7;12,6;100;100;100;214;5,5;3,4;
2026/06/29;0600 UTC;;927,6;927,6;927,5;0;12,7;12,8;12,8;12,7;12,8;12,8;100;100;100;220;3,1;2;
2026/06/29;0700 UTC;;927,2;927,3;927,2;0;12,7;12,7;12,7;12,6;12,7;12,7;100;100;100;26;,7;,2;
2026/06/29;0800 UTC;;;;;;;;;;;;;;;;;;
2026/06/29;0900 UTC;;927,4;927,4;927,4;0;12,7;12,6;12,7;12,7;12,6;12,6;100;99;99;158;,7;,5;
2026/06/29;1000 UTC;;927,9;928;927,8;0;12,6;12,5;12,6;12,6;12,5;12,5;100;100;100;222;2,3;1,3;
2026/06/29;1100 UTC;;928,1;928,1;928,1;34,6;11,4;11,3;11,4;11,4;11,4;11,3;100;99;100;134;3,6;1,6;
2026/06/29;1200 UTC;;928,6;928,6;928,6;230,8;11,3;10,4;11,3;11,3;10,5;10,3;96;95;96;155;4,3;2,6;
2026/06/29;1300 UTC;;929;929,1;929;431,4;11,8;10,8;11,8;11,7;10,9;10,7;95;95;95;133;3,3;2;
2026/06/29;1400 UTC;;;;;;;;;;;;;;;;;;
2026/06/29;1500 UTC;;928,8;928,9;928,8;991,3;13,2;12;13,2;13,1;12,2;11,8;95;93;94;112;3,1;1,6;
2026/06/29;1600 UTC;;928,2;928,2;928,2;721,3;14;12,2;14;14;12,3;12,1;92;91;91;140;2,8;1,5;
2026/06/29;1700 UTC;;927,8;927,9;927,8;568;14,3;12,2;14,4;14,3;12,4;12,1;90;89;89;108;2,8;1,8;
2026/06/29;1800 UTC;;927,3;927,3;927,3;579,1;14,9;12,5;14,9;14,8;12,8;12,4;90;87;88;70;2,5;1,3;
2026/06/29;1900 UTC;;927,1;927,2;927,1;442,9;14,9;12,7;15;14,9;12,8;12,5;89;88;89;121;2,4;1,2;
2026/06/29;2000 UTC;;927,3;927,3;927,2;44,8;14,7;12,9;14,8;14,7;13;12,8;92;90;91;101;1,5;,8;
2026/06/29;2100 UTC;;927,4;927,5;927,4;0;14,2;13,2;14,2;14,2;13,2;13,1;95;95;95;113;2,6;1,4;
2026/06/29;2200 UTC;;927,1;927,2;927,1;0;14,1;13,1;14,1;14,1;13,1;13;95;95;95;105;3,1;1,8;
2026/06/29;2300 UTC;;;;;;;;;;;;;;;;;;
2026/06/30;0000 UTC;;927,3;927,3;927,2;0;14,1;13,2;14,1;14,1;13,2;13,1;96;95;96;125;4,3;2,6;
2026/06/30;0100 UTC;;927,5;927,7;927,1;0;13,9;13,3;14,1;13,9;13,4;13,2;98;96;97;103;4,8;2;
2026/06/30;0200 UTC;;;;;;;;;;;;;;;;;;
2026/06/30;0300 UTC;;927;927,1;927;0;14,2;13,8;14,2;14,2;13,8;13,8;98;98;98;59;4,5;2,5;
2026/06/30;0400 UTC;;926,6;926,6;926,6;0;14,3;13,8;14,3;14,3;13,8;13,8;98;98;98;57;4,5;2,6;
2026/06/30;0500 UTC;;926,2;926,2;926,2;0;14,1;13,7;14,2;14,1;13,7;13,7;98;97;98;72;3,9;1,9;
2026/06/30;0600 UTC;;925,9;925,9;925,9;0;13,9;13,6;13,9;13,9;13,6;13,6;98;98;98;58;5,1;3,2;
2026/06/30;0700 UTC;;925,9;926;925,9;0;13,8;13,4;13,8;13,8;13,5;13,4;98;98;98;54;3,7;2,2;
2026/06/30;0800 UTC;;926;926,1;926;0;13,6;13,5;13,6;13,6;13,5;13,5;99;99;99;50;4,1;2,7;
2026/06/30;0900 UTC;;925,9;926;925,9;0;13,5;13,4;13,5;13,5;13,4;13,4;100;100;100;63;2,5;1,5;
2026/06/30;1000 UTC;;926,3;926,4;926,3;0;13,4;13,5;13,4;13,4;13,5;13,5;100;100;100;66;3,4;1,8;
2026/06/30;1100 UTC;;926,7;926,8;926,7;72,6;13,3;13,4;13,3;13,3;13,4;13,4;100;100;100;43;4,5;2,9;
2026/06/30;1200 UTC;;927,2;927,3;927,2;185,6;13,6;13,7;13,6;13,6;13,7;13,6;100;100;100;51;2,8;1,6;
2026/06/30;1300 UTC;;927,5;927,6;927,5;452,7;14,1;13,9;14,2;14;14;13,8;99;99;99;67;2,4;1,2;
2026/06/30;1400 UTC;;;;;;;;;;;;;;;;;;
2026/06/30;1500 UTC;;927,1;927,1;927;762,3;15,6;14,5;15,6;15,5;14,6;14,4;95;94;95;96;2,6;1,3;
2026/06/30;1600 UTC;;925,9;926;925,8;1186;16,7;15,1;16,7;16,7;15,2;15;93;91;92;100;3,5;1,9;
2026/06/30;1700 UTC;;925,2;925,2;925,1;761,3;17,7;15,3;17,8;17,7;15,7;15,2;90;87;88;68;2,2;,8;
2026/06/30;1800 UTC;;;;;;;;;;;;;;;;;;
2026/06/30;1900 UTC;;924,5;924,6;924,5;167,5;17,8;16;17,8;17,8;16,1;15,9;91;91;91;241;1,4;,9;
2026/06/30;2000 UTC;;924;924,1;924;174,2;17,4;16,2;17,4;17,4;16,3;16,1;95;94;94;224;1,2;,6;
2026/06/30;2100 UTC;;924,5;924,7;924,3;0;16,7;16,5;16,7;16,7;16,5;16,4;99;99;99;9;3,4;2,2;
2026/06/30;2200 UTC;;924,6;924,6;924,5;0;16,6;16,5;16,6;16,6;16,5;16,5;99;99;99;350;2,4;1,8;
2026/06/30;2300 UTC;;;;;;;;;;;;;;;;;;
2026/07/01;0000 UTC;;925,3;925,3;925,2;0;16,6;16,3;16,7;16,6;16,3;16,3;99;98;98;310;4;2,8;
2026/07/01;0100 UTC;;;;;;;;;;;;;;;;;;
2026/07/01;0200 UTC;;;;;;;;;;;;;;;;;;
2026/07/01;0300 UTC;;925,9;925,9;925,8;0;15,9;15,7;15,9;15,9;15,7;15,7;99;99;99;311;1,3;,5;
2026/07/01;0400 UTC;;926;926,1;925,9;0;15,7;15,6;15,7;15,7;15,6;15,6;100;100;100;50;1,6;,9;
2026/07/01;0500 UTC;;925,9;926;925,9;0;15,6;15,5;15,6;15,6;15,5;15,5;100;100;100;34;1,9;1,3;
2026/07/01;0600 UTC;;925,9;926;925,9;0;15,4;15,3;15,4;15,4;15,3;15,3;100;100;100;43;1,5;,8;
2026/07/01;0700 UTC;;925,9;926;925,9;0;15,4;15,3;15,4;15,3;15,3;15,3;100;100;100;67;1,9;,9;
2026/07/01;0800 UTC;;;;;;;;;;;;;;;;;;
2026/07/01;0900 UTC;;925,6;925,7;925,6;0;15,6;15,7;15,7;15,6;15,7;15,6;100;100;100;71;2,4;1,3;
2026/07/01;1000 UTC;;926,6;926,6;926,5;0;15,6;15,7;15,7;15,6;15,7;15,7;100;100;100;44;2,6;1,6;
2026/07/01;1100 UTC;;926,9;927,1;926,7;1,7;16;15,9;16,1;16;16;15,9;100;99;99;67;4,8;2,4;
2026/07/01;1200 UTC;;927,9;928;927,7;6,2;16,1;15,9;16,1;16,1;16;15,9;99;99;99;359;5,1;3,5;
2026/07/01;1300 UTC;;928;928,1;927,9;142,7;16,1;15,5;16,1;16,1;15,6;15,4;98;97;97;25;4,1;3,1;
2026/07/01;1400 UTC;;;;;;;;;;;;;;;;;;
2026/07/01;1500 UTC;;927,8;928;927,7;351,9;16,5;16,3;16,5;16,5;16,3;16,3;99;99;99;101;1,9;,7;
2026/07/01;1600 UTC;;926,6;926,7;926,5;15,1;16,7;16,6;16,7;16,7;16,6;16,5;99;99;99;114;2,4;1,2;
2026/07/01;1700 UTC;;925,7;925,8;925,6;47,6;16,6;16,4;16,6;16,6;16,4;16,4;99;99;99;106;5,3;3,7;
2026/07/01;1800 UTC;;925,6;925,7;925,4;29,3;16,6;16,5;16,6;16,6;16,5;16,5;100;99;99;125;2,8;1,5;
2026/07/01;1900 UTC;;926,2;926,3;926,1;21,6;17,3;16,2;17,3;17,2;16,3;16,2;95;94;95;167;3,3;2,6;
2026/07/01;2000 UTC;;926,1;926,1;926,1;29,4;16,7;16,3;16,7;16,7;16,3;16,3;98;98;98;85;2,7;1,3;
2026/07/01;2100 UTC;;925,3;925,4;925,2;0;16,5;16,1;16,6;16,5;16,1;16,1;98;98;98;84;5;2,3;
2026/07/01;2200 UTC;;927,2;927,3;926,9;0;16,8;16,7;16,9;16,8;16,7;16,6;99;99;99;40;3;1,8;
2026/07/01;2300 UTC;;;;;;;;;;;;;;;;;;
2026/07/02;0000 UTC;;927,8;927,8;927,7;0;16,8;16,8;16,8;16,8;16,8;16,8;100;100;100;73;2;,9;
2026/07/02;0100 UTC;;;;;;;;;;;;;;;;;;
2026/07/02;0200 UTC;;929,4;929,5;929,2;0;16,6;16,7;16,6;16,6;16,7;16,6;100;100;100;297;2,8;,9;
2026/07/02;0300 UTC;;928,5;928,6;928,3;0;16,6;16,5;16,6;16,6;16,5;16,5;100;100;100;83;2,9;1,6;
2026/07/02;0400 UTC;;928,6;928,6;928,5;0;16,4;16,4;16,5;16,4;16,4;16,4;100;100;100;48;2,1;,9;
2026/07/02;0500 UTC;;928,8;928,8;928,6;0;16,5;16,5;16,5;16,4;16,5;16,5;100;100;100;160;2,7;1,3;
2026/07/02;0600 UTC;;928,5;928,5;928,4;0;16,5;16,5;16,5;16,5;16,6;16,5;100;100;100;125;3;1,8;
2026/07/02;0700 UTC;;928,5;928,7;928,4;0;16,5;16,4;16,6;16,5;16,4;16,4;99;99;99;157;2,2;1;
2026/07/02;0800 UTC;;928,2;928,2;928,2;0;16,6;16,5;16,6;16,6;16,5;16,5;99;99;99;292;1,1;,6;
2026/07/02;0900 UTC;;927,7;927,7;927,7;0;16,8;16,6;16,8;16,8;16,6;16,6;99;99;99;77;2,6;1,2;
2026/07/02;1000 UTC;;929,4;929,5;929,3;0;16,6;16,6;16,7;16,4;16,7;16,4;100;100;100;15;1,7;,9;
2026/07/02;1100 UTC;;;;;;;;;;;;;;;;;;
2026/07/02;1200 UTC;;929,9;930;929,9;54,9;16,4;16,4;16,5;16,4;16,5;16,4;100;100;100;71;1,9;1,1;
2026/07/02;1300 UTC;;930,5;930,5;930,4;47,4;16,5;16,5;16,5;16,5;16,5;16,5;100;100;100;56;2,7;1,4;
2026/07/02;1400 UTC;;;;;;;;;;;;;;;;;;
2026/07/02;1500 UTC;;929,5;929,5;929,5;289,7;17,7;17,2;17,7;17,6;17,2;17;98;97;98;17;3,8;2,8;
2026/07/02;1600 UTC;;928,6;928,7;928,6;263,2;17,7;17,5;17,7;17,7;17,5;17,5;99;99;99;36;2,6;1,7;
2026/07/02;1700 UTC;;928,2;928,3;928,2;77,8;17,8;17,1;17,8;17,7;17,1;17;97;96;97;345;5;3,2;
2026/07/02;1800 UTC;;928,1;928,1;928;315;17,3;17,2;17,4;17,3;17,2;17,1;99;99;99;327;4,5;2,9;
2026/07/02;1900 UTC;;927,9;927,9;927,8;104,1;17,5;17,1;17,5;17,5;17,1;17,1;98;98;98;307;4,8;2,6;
2026/07/02;2000 UTC;;928,2;928,3;928,2;13,8;16,8;16,1;17,4;16,2;17,1;15,6;98;95;97;232;6,4;4,3;
2026/07/02;2100 UTC;;928,9;929;928,9;0;13;12,8;13,1;13;12,9;12,8;99;99;99;223;5,1;2,9;
2026/07/02;2200 UTC;;930;930;930;0;12,2;12;12,2;12,2;12,1;12;99;99;99;213;5,9;3,4;
2026/07/02;2300 UTC;;930,7;930,8;930,7;0;11,5;11,3;11,6;11,5;11,3;11,2;99;98;99;209;6,3;4,2;
2026/07/03;0000 UTC;;931,2;931,3;931,1;0;11;10,7;11;11;10,7;10,6;98;98;98;216;4,7;2,6;
2026/07/03;0100 UTC;;931,5;931,7;931,3;0;10,6;10,1;11;10,3;10,7;9,8;99;96;98;205;6,5;3,5;
2026/07/03;0200 UTC;;932,1;932,2;932;0;9,9;9,5;9,9;9,8;9,6;9,4;98;98;98;209;3,8;2,5;
2026/07/03;0300 UTC;;932,2;932,2;932,1;0;9,4;9,2;9,5;9,4;9,2;9,2;99;99;99;212;4,1;2,5;
2026/07/03;0400 UTC;;932,1;932,1;932,1;0;8,8;8,6;8,9;8,8;8,7;8,6;99;99;99;214;4,4;2,5;
2026/07/03;0500 UTC;;931,8;931,8;931,8;0;8,7;8,6;8,7;8,7;8,6;8,6;99;99;99;209;3,4;2,2;
2026/07/03;0600 UTC;;931,6;931,6;931,6;0;8,4;8,4;8,4;8,3;8,5;8,4;100;100;100;237;5,5;3,9;
2026/07/03;0700 UTC;;931,4;931,5;931,4;0;7,9;7,7;7,9;7,9;7,7;7,7;99;99;99;232;5,5;2,9;
2026/07/03;0800 UTC;;931,4;931,5;931,4;0;7,8;7,5;7,8;7,8;7,6;7,5;99;99;99;227;4,1;2,5;
2026/07/03;0900 UTC;;931,9;931,9;931,9;0;7,4;7,4;7,4;7,4;7,4;7,4;100;100;100;233;5,7;3,3;
2026/07/03;1000 UTC;;932,4;932,5;932,4;0;7;7;7;6,9;7,1;6,9;100;100;100;232;5,5;3,2;
2026/07/03;1100 UTC;;933;933;933;77,2;6,2;6;6,3;6,1;6,2;5,9;100;99;99;204;5,9;4,2;
2026/07/03;1200 UTC;;933,3;933,4;933,3;588,5;5,6;4,9;5,6;5,4;5,2;4,7;98;96;97;198;5,2;3,3;
2026/07/03;1300 UTC;;933,8;933,8;933,7;493,4;5,4;4,9;5,6;5,3;5,1;4,6;98;96;97;202;4,5;2,9;
2026/07/03;1400 UTC;;;;;;;;;;;;;;;;;;
2026/07/03;1500 UTC;;933,7;933,7;933,7;665,8;5,9;3,5;6;5,8;3,8;3,3;89;87;88;213;4;2,7;
2026/07/03;1600 UTC;;933;933;932,9;1306,7;6,4;3,2;6,7;6,3;3,5;2,8;85;82;84;291;3,1;2,2;
2026/07/03;1700 UTC;;932,1;932,1;932,1;1789,9;7,4;3,2;7,6;7,3;3,5;2,9;81;77;79;221;3,1;1,8;
2026/07/03;1800 UTC;;932,3;932,4;932,3;483,2;7,6;2,8;7,6;7,5;3,2;2,4;78;74;76;229;4,1;2,7;
2026/07/03;1900 UTC;;;;;;;;;;;;;;;;;;
2026/07/03;2000 UTC;;932,4;932,5;932,4;219,4;7,8;1,5;7,9;7,8;1,6;1,5;69;68;69;239;4,1;3;
2026/07/03;2100 UTC;;932,3;932,3;932,3;0;6,3;2,4;6,4;6,3;2,5;2,2;81;80;80;207;1,8;1,3;
2026/07/03;2200 UTC;;932,9;932,9;932,9;0;5,4;3;5,5;5,3;3,2;2,8;89;87;88;201;1,5;1,1;
2026/07/03;2300 UTC;;933,2;933,2;933,2;0;4,4;,1;4,5;4,4;,3;0;79;78;78;176;3;2,1;
2026/07/04;0000 UTC;;933,2;933,2;933,1;0;4;-1;4,1;4;-,9;-1,2;75;74;75;126;3;1,6;
2026/07/04;0100 UTC;;933,2;933,3;933,1;0;4;-1,2;4,2;3,7;-,9;-1,5;76;72;74;128;3,2;1,9;
2026/07/04;0200 UTC;;933,4;933,5;933,4;0;3,6;-3,3;3,6;3,5;-3,1;-3,5;67;65;66;101;2,6;1,7;
2026/07/04;0300 UTC;;933,5;933,6;933,5;0;3,2;-3,3;3,3;3;-3,2;-3,4;68;67;68;102;3,4;1,8;
2026/07/04;0400 UTC;;933,1;933,2;933,1;0;2,9;-2,5;2,9;2,9;-2,3;-2,6;74;72;73;110;3,4;2,3;
2026/07/04;0500 UTC;;932,6;932,7;932,6;0;2,3;-2,2;2,3;2,3;-2,1;-2,4;78;77;77;95;3,9;2,1;
2026/07/04;0600 UTC;;932,1;932,2;932,1;0;1,6;-1,5;1,7;1,5;-1,4;-1,5;85;84;85;95;4;1,7;
2026/07/04;0700 UTC;;932,1;932,1;932,1;0;1,2;-,7;1,2;1,2;-,6;-,8;91;90;90;117;3;1,5;
2026/07/04;0800 UTC;;931,9;931,9;931,8;0;,9;,8;1;,9;,8;,7;99;99;99;135;5,4;3,4;
2026/07/04;0900 UTC;;931,9;931,9;931,9;0;1,5;1,3;1,6;1,5;1,3;1,3;99;99;99;105;4,2;2;
2026/07/04;1000 UTC;;932,4;932,5;932,3;0;2;2;2;2;2;2;100;100;100;123;5;2;
2026/07/04;1100 UTC;;932,5;932,5;932,4;84,8;1,9;2;2;1,9;2;2;100;100;100;126;5,2;2,8;
2026/07/04;1200 UTC;;;;;;;;;;;;;;;;;;
2026/07/04;1300 UTC;;933,3;933,3;933,2;868,4;3;3;3,1;2,9;3;2,9;100;100;100;90;3,2;1,9;
2026/07/04;1400 UTC;;;;;;;;;;;;;;;;;;
2026/07/04;1500 UTC;;932,3;932,3;932,2;2431,5;8,2;4,7;8,5;8,1;5,1;4,5;83;82;83;102;2,6;1,4;
2026/07/04;1600 UTC;;931,4;931,4;931,3;1842;10,8;5,1;10,9;10,7;5,5;4,9;74;70;71;54;2,6;1,3;
2026/07/04;1700 UTC;;930,7;930,8;930,7;1753,4;12,4;6;12,5;12,3;6,3;5,6;70;66;68;83;2,3;1,3;
2026/07/04;1800 UTC;;;;;;;;;;;;;;;;;;
2026/07/04;1900 UTC;;929,2;929,2;929,2;1070,6;14,1;6,5;14,3;13,9;6,6;6,4;63;61;62;47;4,4;2,5;
2026/07/04;2000 UTC;;929,3;929,3;929,3;226,9;13,3;6,4;13,3;13,2;6,5;6,2;67;65;65;60;3,3;1,6;
2026/07/04;2100 UTC;;;;;;;;;;;;;;;;;;
2026/07/04;2200 UTC;;930,1;930,2;930;0;11,8;6,7;11,9;11,5;7,3;5,9;79;70;75;337;1,7;,9;
2026/07/04;2300 UTC;;930;930,1;930;0;10,3;7,3;10,5;10,1;7,5;7,1;86;83;85;70;1,4;,7;
2026/07/05;0000 UTC;;;;;;;;;;;;;;;;;;
2026/07/05;0100 UTC;;929,6;929,9;929,2;0;11;4,7;11,7;10,5;6,1;3,2;77;58;68;46;4,9;1,2;
2026/07/05;0200 UTC;;930;930,1;930;0;10,4;6;10,5;10,3;6,1;5,9;79;77;78;42;3,1;1,8;
2026/07/05;0300 UTC;;930,3;930,3;930,3;0;10,7;5,8;10,7;10,7;5,9;5,7;76;75;76;77;2,9;1,3;
2026/07/05;0400 UTC;;;;;;;;;;;;;;;;;;
2026/07/05;0500 UTC;;930,3;930,4;930,1;0;10,3;7,4;10,4;10,3;7,4;7,3;86;85;85;44;4,5;3;
2026/07/05;0600 UTC;;930;930;930;0;10,1;7,6;10,2;9,9;7,6;7,5;88;86;88;59;3,3;1,8;
2026/07/05;0700 UTC;;929,8;929,8;929,7;0;10;7,5;10;10;7,5;7,4;87;87;87;64;4;1,9;
2026/07/05;0800 UTC;;929,3;929,3;929,3;0;9,6;7,4;9,6;9,6;7,5;7,4;89;89;89;71;3,8;1,9;
2026/07/05;0900 UTC;;929,3;929,4;929,3;0;9,1;7,3;9,2;9,1;7,3;7,3;91;91;91;73;2,8;1,7;
2026/07/05;1000 UTC;;929,6;929,6;929,6;0;9,3;7,1;9,3;9,3;7,1;7,1;89;89;89;76;3,3;1,7;
2026/07/05;1100 UTC;;929,8;929,8;929,8;138,1;9,4;7,1;9,4;9,4;7,2;7,1;89;89;89;66;2,9;1,7;
2026/07/05;1200 UTC;;;;;;;;;;;;;;;;;;
2026/07/05;1300 UTC;;;;;;;;;;;;;;;;;;
2026/07/05;1400 UTC;;;;;;;;;;;;;;;;;;
2026/07/05;1500 UTC;;930,5;930,5;930,5;1369,5;16,4;10,4;16,7;16,2;10,7;10,2;72;69;70;36;3,7;2,6;
2026/07/05;1600 UTC;;929,6;929,6;929,5;1394,1;17,5;11,2;17,5;17,5;11,5;11,1;70;68;69;87;2,7;1,2;
2026/07/05;1700 UTC;;928,6;928,7;928,6;1146;17,8;11,4;17,9;17,7;11,5;11,3;69;68;68;35;3,7;2,4;
2026/07/05;1800 UTC;;928,3;928,4;928,3;942,2;18,9;12;19;18,6;12,2;11,8;68;65;66;14;2,8;1,8;
2026/07/05;1900 UTC;;928,3;928,4;928,3;420,3;18,6;11,6;18,6;18,5;12;11,3;67;64;65;36;1,2;,7;
2026/07/05;2000 UTC;;928,5;928,5;928,5;200,9;17,5;12;17,5;17,5;12,1;11,9;73;72;72;92;1,8;,8;
2026/07/05;2100 UTC;;928,7;928,7;928,6;0;16,7;11;16,7;16,6;11,1;10,9;72;71;72;76;1,5;,9;
2026/07/05;2200 UTC;;928,7;928,7;928,7;0;16,1;11,5;16,1;16,1;11,6;11,4;77;77;77;72;1,4;,8;
2026/07/05;2300 UTC;;928,8;928,9;928,8;0;15,5;11,6;15,6;15,5;11,7;11,6;81;80;81;72;1,8;,8;
2026/07/06;0000 UTC;;929;929,1;928,9;0;15,1;11,3;15,1;15;11,4;11,2;82;80;81;95;2,1;1,1;
2026/07/06;0100 UTC;;;;;;;;;;;;;;;;;;
2026/07/06;0200 UTC;;929,1;929,2;929,1;0;14,6;11,7;14,6;14,6;11,7;11,6;85;85;85;62;4,5;2,6;
2026/07/06;0300 UTC;;929,3;929,3;929,3;0;14,6;11,8;14,6;14,6;11,8;11,8;86;86;86;59;4,6;2,8;
2026/07/06;0400 UTC;;929,3;929,3;929,3;0;14,2;11,8;14,2;14,1;11,8;11,8;88;88;88;55;5,4;3,6;
2026/07/06;0500 UTC;;929,2;929,2;929,1;0;13,8;11,8;13,8;13,7;11,8;11,8;90;90;90;71;2,8;1,6;
2026/07/06;0600 UTC;;928,8;928,8;928,7;0;13,1;11,7;13,2;13;11,8;11,6;94;93;93;66;2,4;1,3;
2026/07/06;0700 UTC;;928,3;928,3;928,2;0;12,9;11,8;12,9;12,9;11,9;11,8;95;94;95;72;3,5;1,9;
2026/07/06;0800 UTC;;927,8;927,9;927,8;0;12,3;11,7;12,3;12,3;11,8;11,7;97;97;97;65;2,1;1;
2026/07/06;0900 UTC;;927,7;927,7;927,7;0;12,7;12;12,7;12,7;12;11,9;96;96;96;77;3;1,6;
2026/07/06;1000 UTC;;928,8;928,9;928,8;0;12,8;12,3;12,8;12,7;12,3;12,3;98;98;98;241;2,7;1,7;
2026/07/06;1100 UTC;;929;929;928,9;81,6;12,7;12,5;12,7;12,7;12,5;12,5;99;99;99;222;2,1;1,1;
2026/07/06;1200 UTC;;929,5;929,6;929,4;54,5;12,8;11,9;12,8;12,8;12;11,9;96;96;96;227;3,6;2,3;
2026/07/06;1300 UTC;;929,8;929,8;929,7;260,4;12,9;12;13;12,9;12;11,8;95;95;95;270;1,3;,9;
2026/07/06;1400 UTC;;929,7;929,8;929,7;337,7;13,3;12,3;13,3;13,2;12,4;12,2;96;95;95;356;3,3;2,3;
2026/07/06;1500 UTC;;929,3;929,3;929,3;272,7;13,4;12,2;13,5;13,4;12,3;12,1;94;93;94;346;3,5;2,2;
2026/07/06;1600 UTC;;928,7;928,8;928,7;140,6;13,3;12,5;13,3;13,3;12,5;12,4;96;96;96;285;2,3;1,6;
2026/07/06;1700 UTC;;928,2;928,2;928,1;94,2;12,6;12,3;12,6;12,5;12,3;12,2;99;98;99;250;3,9;2,7;
2026/07/06;1800 UTC;;928,1;928,1;928;69,9;11,1;10,8;11,2;11;10,8;10,6;98;98;98;241;5,3;3,3;
2026/07/06;1900 UTC;;928,4;928,4;928,3;60,7;9,4;9;9,5;9,4;9,1;9;98;98;98;216;3,7;1,9;
2026/07/06;2000 UTC;;928,9;928,9;928,7;20,2;9,2;8,7;9,3;9,2;8,8;8,6;97;97;97;233;6,8;4,5;
2026/07/06;2100 UTC;;929,2;929,2;929,1;0;9;8,9;9;9;8,9;8,8;99;99;99;239;4,2;2,9;
2026/07/06;2200 UTC;;929,4;929,4;929,4;0;8,8;8,6;8,9;8,8;8,7;8,6;99;99;99;237;5,4;2,9;
2026/07/06;2300 UTC;;929,8;929,8;929,7;0;8,3;7,9;8,3;8,3;7,9;7,9;98;98;98;234;5,9;4;
2026/07/07;0000 UTC;;929,9;929,9;929,9;0;8,1;7,6;8,1;8,1;7,6;7,5;98;97;98;251;4,6;3,1;
2026/07/07;0100 UTC;;929,8;930;929,6;0;7,9;6,8;8,1;7,7;7,5;5,5;97;89;94;225;5,5;3;
2026/07/07;0200 UTC;;930,3;930,4;930,3;0;6,8;4,9;6,8;6,8;5;4,9;91;90;91;241;3,8;2,5;
2026/07/07;0300 UTC;;930,9;931;930,9;0;7,1;5;7,1;7;5,1;4,9;90;89;90;247;4;2,8;
2026/07/07;0400 UTC;;;;;;;;;;;;;;;;;;
2026/07/07;0500 UTC;;931;931;931;0;5,8;3,3;5,9;5,8;3,6;3,1;88;86;87;234;4,4;2,8;
2026/07/07;0600 UTC;;930,4;930,5;930,4;0;5,4;2,3;5,4;5,4;2,5;2,1;86;84;85;239;2,7;1,7;
2026/07/07;0700 UTC;;930,3;930,3;930,3;0;5,1;2;5,1;5,1;2,2;1,9;85;84;84;236;2,4;1,3;
2026/07/07;0800 UTC;;929,9;929,9;929,9;0;4,7;1,8;4,7;4,7;1,9;1,5;86;84;85;252;1;,6;
2026/07/07;0900 UTC;;930,1;930,1;930,1;0;3,6;1,8;3,6;3,5;1,9;1,7;91;90;91;252;1;,6;
2026/07/07;1000 UTC;;930,5;930,5;930,5;0;3,1;1,6;3,2;2,9;1,8;1,2;93;91;92;122;,8;,5;
2026/07/07;1100 UTC;;930,9;930,9;930,8;406,7;3,4;1,6;3,7;3,3;1,9;1,5;92;91;91;54;,6;,4;
2026/07/07;1200 UTC;;931,3;931,4;931,3;1111;4,7;1,3;4,8;4,7;1,5;1,1;84;82;83;250;3,6;2;
2026/07/07;1300 UTC;;931,6;931,6;931,5;1743,4;5,9;1,3;5,9;5,8;1,7;1,1;79;76;77;283;2,9;1,7;
2026/07/07;1400 UTC;;931,5;931,6;931,5;2246,3;7;2,3;7,3;6,8;2,7;1,9;79;73;76;346;3,2;2;
2026/07/07;1500 UTC;;931,3;931,4;931,2;2485,4;8,6;2,3;8,9;8,4;3;1,4;72;65;68;301;2,8;1,9;
2026/07/07;1600 UTC;;930,8;930,8;930,8;2496;9,9;2,5;10;9,8;3,1;2,1;66;61;63;278;4,2;2,7;
2026/07/07;1700 UTC;;930,2;930,3;930,2;2264;10,4;1,9;10,4;10,3;2,1;1,7;58;57;58;248;4,9;2,9;
2026/07/07;1800 UTC;;930,1;930,1;930,1;1814,4;11,3;3,1;11,4;11,1;3,3;2,9;61;58;59;300;3,6;2,2;
2026/07/07;1900 UTC;;930,2;930,3;930,2;1173,2;11,5;2;11,6;11,4;2,4;1,8;55;51;53;293;4;2,8;
2026/07/07;2000 UTC;;930,2;930,2;930,2;438,2;11,1;2,4;11,1;11;2,5;2,3;58;56;57;281;3,6;2,5;
2026/07/07;2100 UTC;;930;930;930;0;8,5;2,5;8,6;8,5;2,7;2,3;71;69;70;127;,5;,2;
2026/07/07;2200 UTC;;930,1;930,1;930;0;7,2;2,2;7,3;7,2;2,5;2,1;76;74;75;85;,8;,4;
2026/07/07;2300 UTC;;930;930;930;0;7,1;1,6;7,2;7,1;1,7;1,5;73;72;72;88;1,5;,8;
2026/07/08;0000 UTC;;;;;;;;;;;;;;;;;;
2026/07/08;0100 UTC;;930,3;930,3;930,1;0;6,7;2;6,8;6,5;2,2;1,7;78;75;76;82;1,5;,7;
2026/07/08;0200 UTC;;930,6;930,7;930,6;0;4,6;2,6;4,6;4,6;2,6;2,5;90;90;90;217;,4;,2;
2026/07/08;0300 UTC;;930,2;930,2;930,1;0;5,7;1,7;5,8;5,6;1,7;1,6;80;79;80;57;2,6;1,4;
2026/07/08;0400 UTC;;929,9;929,9;929,8;0;4,8;3;4,8;4,8;3,1;3;91;91;91;86;2,7;1,6;
2026/07/08;0500 UTC;;929,8;929,8;929,8;0;3,9;2,5;3,9;3,8;2,6;2,4;94;93;93;83;3,2;2,1;
2026/07/08;0600 UTC;;;;;;;;;;;;;;;;;;
2026/07/08;0700 UTC;;929,1;929,1;929,1;0;3,5;2;3,5;3,5;2,1;2;93;92;92;88;3,1;1,8;
2026/07/08;0800 UTC;;928,7;928,8;928,6;0;2,8;1,3;2,9;2,8;1,4;1,3;93;92;92;84;3,1;1,9;
2026/07/08;0900 UTC;;929,4;929,4;929,4;0;1,7;,3;1,9;1,4;,5;,2;94;93;93;70;2,7;1,6;
2026/07/08;1000 UTC;;929,9;929,9;929,9;0;2,1;,8;2,1;2;1;,6;94;93;94;91;3;1,9;
2026/07/08;1100 UTC;;930,3;930,3;930,2;341;2,4;,6;2,7;2;,7;,5;92;90;91;77;3,6;2,4;
2026/07/08;1200 UTC;;930,8;930,8;930,7;1063,8;4,3;1,5;4,4;4,1;1,7;1,4;88;85;86;72;3,7;2,2;
2026/07/08;1300 UTC;;931,4;931,5;931,4;1713,5;6,9;2,8;6,9;6,7;3,1;2,6;82;78;80;61;4,1;2,2;
2026/07/08;1400 UTC;;931,3;931,3;931,3;2184;9,3;3,1;9,4;9,1;3,6;2,8;71;67;69;32;3;2;
2026/07/08;1500 UTC;;931;931,1;931;2424,5;13;3,6;13,2;12,8;4,1;3,1;55;50;53;353;2,4;1,5;
2026/07/08;1600 UTC;;930,2;930,2;930,1;2436,2;15,1;3,4;15,2;15;3,8;3,1;43;39;41;356;3,1;2,1;
2026/07/08;1700 UTC;;929,4;929,4;929,3;2196,7;17,1;4,3;17,2;17;4,6;4,1;37;35;36;292;2,1;1,2;
2026/07/08;1800 UTC;;929,1;929,2;929,1;1749,4;17,7;3,2;17,8;17,5;3,4;3;29;26;28;264;1,6;,7;
2026/07/08;1900 UTC;;928,8;928,8;928,8;1122,5;18;4,1;18;17,9;4,3;3,7;32;28;30;337;1,8;1,1;
2026/07/08;2000 UTC;;928,6;928,6;928,6;416,7;17,4;5;17,5;17,4;6,3;4,3;44;34;38;28;1,2;,7;
2026/07/08;2100 UTC;;928,7;928,7;928,6;0;14,6;2,2;15;14,3;3,2;1,3;43;35;38;102;1,3;1;
2026/07/08;2200 UTC;;928,9;928,9;928,8;0;14,2;1,1;14,3;14;1,4;,8;36;33;35;74;1,5;,7;
2026/07/08;2300 UTC;;;;;;;;;;;;;;;;;;
2026/07/09;0000 UTC;;;;;;;;;;;;;;;;;;
2026/07/09;0100 UTC;;929,6;929,7;929,5;0;13,8;1,2;14,3;13,5;2,3;,1;43;29;37;95;5,2;2,8;
2026/07/09;0200 UTC;;929,9;929,9;929,9;0;12,2;2,1;12,2;12,1;2,2;1,9;50;49;50;91;4,6;2,1;
2026/07/09;0300 UTC;;929,5;929,6;929,4;0;10,9;1,4;11;10,8;1,5;1,3;54;52;53;82;4,7;2,1;
2026/07/09;0400 UTC;;928,7;928,7;928,6;0;10,3;2,8;10,6;10;2,9;2,7;64;61;63;58;6,9;4,2;
2026/07/09;0500 UTC;;928,4;928,4;928,4;0;9,4;4;9,4;9,4;4,1;4;73;73;73;58;6;4,2;
2026/07/09;0600 UTC;;927,7;927,7;927,6;0;9,7;4;9,7;9,6;4,1;4;72;71;72;60;6,4;3,9;
2026/07/09;0700 UTC;;927,8;927,8;927,7;0;9,1;3;9,3;9,1;3,1;2,9;70;68;69;70;4,1;2,2;
2026/07/09;0800 UTC;;927,8;927,8;927,7;0;9;2,5;9;9;2,6;2,5;68;67;68;64;3,1;1,6;
2026/07/09;0900 UTC;;928,1;928,1;928,1;0;9,6;2;9,6;9,5;2;1,9;62;62;62;89;2,8;1,6;
2026/07/09;1000 UTC;;928,1;928,1;928,1;0;9,3;2,3;9,4;9,3;2,3;2,2;65;65;65;71;4,5;2,6;
2026/07/09;1100 UTC;;928,5;928,6;928,5;327,3;9,8;2,4;9,9;9,7;2,5;2,3;64;62;63;74;4,5;2,6;
2026/07/09;1200 UTC;;;;;;;;;;;;;;;;;;
2026/07/09;1300 UTC;;929,8;929,8;929,7;1802,2;13,7;5;13,8;13,6;5,2;4,8;58;55;56;59;5,3;3;
2026/07/09;1400 UTC;;929,6;929,6;929,6;2258,4;14,7;6,1;14,8;14,6;6,3;5,7;59;55;57;56;3,8;2,6;
2026/07/09;1500 UTC;;929,5;929,5;929,5;2489,3;17,7;7;17,7;17,6;7,1;6,7;47;45;47;332;2,1;,9;
2026/07/09;1600 UTC;;928,8;928,8;928,8;2437,6;19,5;6,7;19,6;19,5;7,1;6,3;38;34;36;308;4,2;2,7;
2026/07/09;1700 UTC;;928,1;928,1;928,1;2201,8;20,3;5,6;20,3;20,1;5,7;5,5;27;26;27;328;5,9;3,8;
2026/07/09;1800 UTC;;927,7;927,7;927,6;1741,6;20,3;7,3;20,4;20,2;7,6;7;36;34;35;327;4,7;2,9;
2026/07/09;1900 UTC;;927,4;927,4;927,4;1072,5;20;7,9;20,1;19,9;8,2;7,6;41;38;39;333;3,6;2,3;
2026/07/09;2000 UTC;;927,3;927,4;927,3;347;19;8,4;19,1;19;8,7;8,3;48;46;47;307;1,4;,9;
2026/07/09;2100 UTC;;927;927;926,9;0;17;8;17,1;17;8,1;7,9;56;54;55;65;1,3;,8;
2026/07/09;2200 UTC;;927,5;927,5;927,4;0;16;7,6;16,1;15,9;7,8;7,4;59;56;58;87;1,2;,5;
2026/07/09;2300 UTC;;;;;;;;;;;;;;;;;;
2026/07/10;0000 UTC;;927;927,1;927;0;15,7;7;15,7;15,7;7,1;6,8;57;56;57;83;2,9;1,7;
2026/07/10;0100 UTC;;927,1;927,3;926,9;0;15,4;6,4;15,7;15,2;6,9;6,2;57;54;55;45;3,1;1,4;
2026/07/10;0200 UTC;;927,1;927,1;927;0;15,4;7,2;15,4;15,3;7,2;7,2;59;59;59;67;2,8;1,3;
2026/07/10;0300 UTC;;926,8;926,8;926,8;0;15,2;6,6;15,3;15,1;6,8;6,5;58;56;57;62;3,2;1,6;
2026/07/10;0400 UTC;;;;;;;;;;;;;;;;;;
2026/07/10;0500 UTC;;926,5;926,5;926,4;0;14,5;7,2;14,5;14,4;7,2;7,2;64;64;64;76;2,2;1,2;
2026/07/10;0600 UTC;;;;;;;;;;;;;;;;;;
2026/07/10;0700 UTC;;925,5;925,6;925,5;0;13,9;7,8;14,1;13,8;7,8;7,7;69;69;69;78;2,7;1,6;
2026/07/10;0800 UTC;;925,5;925,6;925,2;0;13,2;8,4;13,3;13,1;8,7;8;77;74;76;130;2,4;1,1;
2026/07/10;0900 UTC;;925,3;925,4;925,3;0;13,3;8,1;13,3;13,2;8,2;8;74;74;74;68;2,5;1,4;
2026/07/10;1000 UTC;;925,9;926;925,9;0;12,8;8,5;12,8;12,8;8,5;8,5;79;78;78;62;2;1;
2026/07/10;1100 UTC;;926,5;926,5;926,4;8,7;12,6;9,2;12,7;12,6;9,3;9,1;84;82;83;58;2,6;1,5;
2026/07/10;1200 UTC;;926,6;926,7;926,6;458,5;12,4;11,4;12,5;12,4;11,6;11,2;95;94;95;80;2;,6;
2026/07/10;1300 UTC;;926,7;926,8;926,7;578,2;13,9;12,7;14;13,8;12,9;12,6;95;94;94;18;3,7;1,7;
2026/07/10;1400 UTC;;926,6;926,7;926,6;1936;15;13;15,1;14,8;13,2;12,8;92;89;90;4;3,9;2,7;
2026/07/10;1500 UTC;;926,4;926,4;926,3;99,3;14,6;13,2;14,6;14,6;13,3;13,2;93;93;93;69;2,3;,7;
2026/07/10;1600 UTC;;925,6;925,6;925,5;101,5;14,8;14,3;14,8;14,8;14,3;14,2;98;97;97;125;1,5;,6;
2026/07/10;1700 UTC;;924,7;924,7;924,6;304,1;15,2;14,8;15,2;15,1;14,8;14,7;98;98;98;0;3,5;2,2;
2026/07/10;1800 UTC;;924,2;924,2;924,2;240,4;15,7;15,2;15,8;15,7;15,3;15,2;98;97;97;359;3,2;1,7;
2026/07/10;1900 UTC;;;;;;;;;;;;;;;;;;
2026/07/10;2000 UTC;;924,1;924,2;924;17,2;15,5;15,2;15,5;15,5;15,2;15,2;99;98;99;11;3,6;2;
2026/07/10;2100 UTC;;;;;;;;;;;;;;;;;;
2026/07/10;2200 UTC;;;;;;;;;;;;;;;;;;
2026/07/10;2300 UTC;;;;;;;;;;;;;;;;;;
2026/07/11;0000 UTC;;925;925,1;925;0;15,2;15,1;15,2;15,2;15,1;15,1;100;100;100;44;3,6;2,2;
2026/07/11;0100 UTC;;924,9;925,4;924,5;0;15,1;15;15,2;15,1;15,1;15;100;99;99;31;6,4;4,1;
2026/07/11;0200 UTC;;924,2;924,2;924,2;0;14,8;14,8;14,8;14,8;14,9;14,8;100;100;100;28;4,9;3;
2026/07/11;0300 UTC;;923,8;923,9;923,8;0;14,6;14,7;14,6;14,6;14,7;14,7;100;100;100;55;4,7;3,2;
2026/07/11;0400 UTC;;923;923,1;922,9;0;14,7;14,5;14,7;14,7;14,5;14,5;99;99;99;44;7,3;4,3;
2026/07/11;0500 UTC;;923;923;922,9;0;15;14,4;15;15;14,4;14,4;97;97;97;30;7,1;4,8;
2026/07/11;0600 UTC;;922,5;922,5;922,4;0;14,7;14,2;14,7;14,7;14,3;14,2;98;97;98;50;4,6;2,9;
2026/07/11;0700 UTC;;;;;;;;;;;;;;;;;;
2026/07/11;0800 UTC;;921,2;921,2;921,2;0;14,9;14,7;14,9;14,9;14,7;14,6;99;99;99;84;1,5;,8;
2026/07/11;0900 UTC;;920,8;920,9;920,6;0;15,5;14,4;15,6;15,4;14,4;14,4;95;94;95;27;6,5;4,6;
2026/07/11;1000 UTC;;922,5;922,6;922,5;0;15,2;14,8;15,2;15,2;14,8;14,8;98;98;98;215;6,3;3,6;
2026/07/11;1100 UTC;;922,2;922,2;922,1;196,7;15,8;14,8;15,9;15,6;14,9;14,8;96;94;95;29;2,5;1,9;
2026/07/11;1200 UTC;;;;;;;;;;;;;;;;;;
2026/07/11;1300 UTC;;922,8;922,8;922,7;61,5;15,4;15,3;15,4;15,4;15,3;15,3;99;99;99;348;2,3;1,1;
2026/07/11;1400 UTC;;922,6;922,7;922,5;95,2;15,8;15,7;15,8;15,7;15,7;15,7;100;100;100;298;4,2;2,3;
2026/07/11;1500 UTC;;922,6;922,7;922,6;76,7;15,9;15,9;15,9;15,9;15,9;15,9;100;100;100;327;5,5;3,4;
2026/07/11;1600 UTC;;921,9;921,9;921,9;82,3;16;16,1;16;16;16,1;16;100;100;100;310;3,8;2,2;
2026/07/11;1700 UTC;;921,2;921,2;921,1;153,5;16,1;16,1;16,1;16,1;16,1;16,1;100;100;100;272;3,5;1,6;
2026/07/11;1800 UTC;;921,7;921,7;921,6;119,6;16,2;16,2;16,2;16,1;16,2;16,2;100;100;100;258;5,8;4;
2026/07/11;1900 UTC;;;;;;;;;;;;;;;;;;
2026/07/11;2000 UTC;;921,4;921,5;921,3;206;16,6;16,3;16,6;16,6;16,3;16,2;98;98;98;340;4;2,6;
2026/07/11;2100 UTC;;;;;;;;;;;;;;;;;;
2026/07/11;2200 UTC;;;;;;;;;;;;;;;;;;
2026/07/11;2300 UTC;;922,9;923;922,9;0;16,2;16,2;16,2;16,2;16,2;16,1;100;100;100;229;5,2;3,2;
2026/07/12;0000 UTC;;;;;;;;;;;;;;;;;;
2026/07/12;0100 UTC;;923,2;923,4;923,1;0;15,6;15,3;15,8;15,5;15,5;14,9;99;97;98;241;4;2,2;
2026/07/12;0200 UTC;;923,4;923,5;923,4;0;15,2;14,7;15,2;15,2;14,8;14,7;98;97;97;241;3,4;2,1;
2026/07/12;0300 UTC;;923,3;923,4;923,3;0;14,1;14;14,2;14,1;14,1;14;100;100;100;191;3,3;2,3;
2026/07/12;0400 UTC;;923,9;923,9;923,9;0;13,9;13,8;14;13,9;13,9;13,8;100;99;100;253;3,1;2,2;
2026/07/12;0500 UTC;;923,7;923,8;923,7;0;13,6;13,5;13,6;13,6;13,6;13,5;100;100;100;230;4,8;3,3;
2026/07/12;0600 UTC;;923,6;923,6;923,6;0;13,4;13;13,5;13,4;13,1;13;98;98;98;244;5,7;4,1;
2026/07/12;0700 UTC;;;;;;;;;;;;;;;;;;
2026/07/12;0800 UTC;;924,1;924,1;924;0;11,9;11;11,9;11,8;11;10,9;96;95;96;242;6,3;4,1;
2026/07/12;0900 UTC;;924,5;924,5;924,4;0;11,2;10,7;11,3;11,2;10,7;10,7;97;97;97;254;3,8;2,5;
2026/07/12;1000 UTC;;925,5;925,6;925,5;0;11,2;10,6;11,2;11,2;10,7;10,6;97;97;97;232;6,4;3,6;
2026/07/12;1100 UTC;;926,4;926,4;926,3;170,7;10,5;8,4;10,5;10,5;8,5;8,4;90;89;90;236;6,1;4;
2026/07/12;1200 UTC;;;;;;;;;;;;;;;;;;
2026/07/12;1300 UTC;;927,7;927,8;927,7;964,5;11,4;7,6;11,5;11,4;7,8;7,4;82;80;81;238;8,9;4,4;
2026/07/12;1400 UTC;;928;928;928;710,7;12,3;7,5;12,6;12,1;8;7,3;78;75;76;234;7,4;5,1;
2026/07/12;1500 UTC;;927,8;927,8;927,8;1957,7;13,5;8;13,6;13,4;8,2;7,7;74;71;72;244;7,7;4,5;
2026/07/12;1600 UTC;;927,4;927,4;927,3;1837,8;12,8;8;13;12,6;8,4;7,8;77;76;76;233;5,4;3,3;
2026/07/12;1700 UTC;;927,2;927,2;927,2;1369,4;13,3;5,9;13,4;13,3;6,3;5,8;64;62;63;255;7,8;5;
2026/07/12;1800 UTC;;927,3;927,4;927,3;687,3;13,3;6,6;13,4;13,2;6,7;6,5;67;66;67;258;6,4;4,4;
2026/07/12;1900 UTC;;927,4;927,5;927,4;607,8;12,8;6,3;12,9;12,7;6,5;6,1;68;66;67;250;7,5;4,9;
2026/07/12;2000 UTC;;927,9;928;927,9;224,8;11,8;6,2;11,8;11,7;6,2;6,1;73;71;72;250;6,7;4,1;
2026/07/12;2100 UTC;;928,4;928,5;928,4;0;10,9;6;10,9;10,9;6,1;6;76;76;76;253;5,5;3,4;
2026/07/12;2200 UTC;;;;;;;;;;;;;;;;;;
2026/07/12;2300 UTC;;929,2;929,3;929,1;0;9,4;5,7;9,4;9,3;5,8;5,7;82;81;82;234;3,8;2,4;
2026/07/13;0000 UTC;;929,7;929,7;929,6;0;8,4;6,2;8,5;8,4;6,3;6,2;89;89;89;232;4,5;3,1;
2026/07/13;0100 UTC;;929,8;930;929,7;0;8;6,4;8,3;7,6;6,6;6,3;94;90;92;214;4,9;2,5;
2026/07/13;0200 UTC;;;;;;;;;;;;;;;;;;
2026/07/13;0300 UTC;;930;930;929,9;0;6,9;5,8;6,9;6,8;5,8;5,7;95;94;95;237;5,4;3,7;
2026/07/13;0400 UTC;;929,8;929,9;929,8;0;6,6;5,5;6,6;6,6;5,6;5,4;95;94;95;245;3,6;1,7;
2026/07/13;0500 UTC;;929,7;929,7;929,7;0;6,3;5,1;6,3;6,3;5,1;5;94;94;94;238;3,7;2,7;
2026/07/13;0600 UTC;;929,7;929,7;929,7;0;6,1;5,1;6,1;6;5,1;5;95;95;95;242;3;2;
2026/07/13;0700 UTC;;929,8;929,8;929,8;0;6,1;5,2;6,1;6,1;5,2;5,1;96;95;96;237;2;1,3;
2026/07/13;0800 UTC;;929,8;929,8;929,8;0;6;2,5;6;6;2,6;2,3;83;82;83;170;3,8;2;
2026/07/13;0900 UTC;;930,3;930,3;930,2;0;5,9;3;5,9;5,9;3,1;2,9;86;85;86;151;1,6;,7;
2026/07/13;1000 UTC;;930,4;930,4;930,4;0;5,8;2,8;5,8;5,8;3;2,6;86;84;85;166;3,2;1,8;
2026/07/13;1100 UTC;;930,9;931;930,9;110,3;5,9;2,9;5,9;5,9;3;2,9;86;85;85;146;3,4;2,1;
2026/07/13;1200 UTC;;;;;;;;;;;;;;;;;;
2026/07/13;1300 UTC;;932;932;932;648;7,2;3,1;7,3;7,2;3,3;3;80;79;79;132;3,5;1,6;
2026/07/13;1400 UTC;;932,2;932,3;932,2;1004,2;8;3,6;8,1;8;3,8;3,5;79;77;78;168;4,9;2,7;
2026/07/13;1500 UTC;;932;932;931,9;1027,7;8,6;3,7;8,7;8,5;4,1;3,4;78;74;75;209;4,4;2,3;
2026/07/13;1600 UTC;;931,1;931,1;931;2029,4;10,7;4,4;10,8;10,7;4,9;3,9;71;66;68;98;3,5;1,8;
2026/07/13;1700 UTC;;;;;;;;;;;;;;;;;;
2026/07/13;1800 UTC;;930,3;930,3;930,3;1872,8;11,3;4,4;11,5;11,2;4,7;4,2;67;63;65;150;3,4;2,2;
2026/07/13;1900 UTC;;930,3;930,3;930,3;1336;11,9;4,8;12;11,8;4,9;4,6;65;63;64;132;3,9;2,3;
2026/07/13;2000 UTC;;930,4;930,4;930,3;462,5;11,7;4,7;11,7;11,7;4,9;4,6;66;64;65;156;2,3;1,4;
2026/07/13;2100 UTC;;;;;;;;;;;;;;;;;;
2026/07/13;2200 UTC;;;;;;;;;;;;;;;;;;
2026/07/13;2300 UTC;;931,3;931,4;931,3;0;8,1;4,5;8,2;8;4,6;4,5;83;82;82;137;2,4;1,3;
2026/07/14;0000 UTC;;931,7;931,7;931,6;0;8,9;4,6;9;8,9;4,6;4,6;79;78;78;141;4,5;3,3;
2026/07/14;0100 UTC;;931,9;932,1;931,6;0;7,3;4,7;8,7;6,5;4,8;4,4;92;79;87;140;4,4;2,1;
2026/07/14;0200 UTC;;931,7;931,7;931,7;0;8,4;4,3;8,5;8,3;4,3;4,2;80;79;79;114;5,2;2,8;
2026/07/14;0300 UTC;;932;932;931,9;0;5,6;4,2;5,6;5,6;4,2;4,2;93;93;93;30;1,5;,6;
2026/07/14;0400 UTC;;931,5;931,5;931,4;0;7,1;4,4;7,1;7;4,5;4,4;87;87;87;60;6,3;3,2;
2026/07/14;0500 UTC;;931,1;931,1;931,1;0;6,9;4,5;6,9;6,8;4,5;4,5;88;88;88;58;7,2;3,9;
2026/07/14;0600 UTC;;930,8;930,8;930,8;0;6,6;4,7;6,6;6,6;4,7;4,7;91;91;91;55;6,3;4,2;
2026/07/14;0700 UTC;;;;;;;;;;;;;;;;;;
2026/07/14;0800 UTC;;930,6;930,6;930,6;0;6,6;4,8;6,6;6,5;4,8;4,7;91;91;91;70;6,5;2,7;
2026/07/14;0900 UTC;;930,9;930,9;930,8;0;5,5;4,4;5,6;5,4;4,4;4,3;95;94;94;82;6;2,9;
2026/07/14;1000 UTC;;931;931,1;931;0;5,9;4,6;5,9;5,8;4,7;4,6;94;94;94;67;6,9;4,4;
2026/07/14;1100 UTC;;931,7;931,8;931,7;99,2;6,3;5;6,4;6,3;5,1;5;94;94;94;52;8,2;5;
2026/07/14;1200 UTC;;932,4;932,4;932,3;480,1;7,6;5,6;7,7;7,6;5,7;5,5;90;89;90;44;7,3;4,7;
2026/07/14;1300 UTC;;932,3;932,3;932,2;1614,2;9,3;5,5;9,5;9,2;5,7;5,4;82;80;81;57;12,6;7,2;
2026/07/14;1400 UTC;;932,8;932,8;932,7;2262,4;11,4;5,9;11,5;11,3;6,2;5,8;74;72;73;40;8,7;5,5;
2026/07/14;1500 UTC;;932,2;932,3;932,2;2516,2;13,1;6,6;13,1;13;6,7;6,4;68;67;68;44;8,9;5,2;
2026/07/14;1600 UTC;;931,8;931,9;931,7;2527,8;14,5;6,9;14,6;14,3;7,2;6,8;63;61;62;35;8,4;5,5;
2026/07/14;1700 UTC;;930,7;930,8;930,6;2300,4;15,4;7,4;15,5;15,2;7,8;7,1;63;58;60;27;9,4;5,5;
2026/07/14;1800 UTC;;930;930,1;930;1845,1;16,2;7,8;16,3;16,1;8,1;7,6;60;56;58;18;8,1;4,7;
2026/07/14;1900 UTC;;929,5;929,6;929,5;1207,8;15,8;7,7;15,8;15,7;7,8;7,5;60;59;60;17;7,6;5,2;
2026/07/14;2000 UTC;;929,4;929,4;929,4;482,6;15;7,4;15;15;7,5;7,3;62;62;62;23;5,6;4,1;
2026/07/14;2100 UTC;;929,8;929,9;929,8;0;13,2;6,9;13,2;13,1;7;6,9;70;68;69;34;4,8;2,5;
2026/07/14;2200 UTC;;;;;;;;;;;;;;;;;;
2026/07/14;2300 UTC;;930,8;930,8;930,8;0;11;6,3;11,1;10,9;6,4;6,3;77;76;77;39;6,7;4,4;
2026/07/15;0000 UTC;;931;931;930,9;0;10,6;6,2;10,6;10,5;6,3;6,2;79;78;78;55;3,6;2,1;
2026/07/15;0100 UTC;;930,7;930,9;930,5;0;10,5;6,4;10,6;10,3;6,5;6,2;81;78;80;57;6,5;3,9;
2026/07/15;0200 UTC;;930,6;930,6;930,6;0;9,9;6,4;9,9;9,8;6,4;6,4;83;82;83;58;6,4;4,2;
2026/07/15;0300 UTC;;930,7;930,7;930,7;0;9,4;7;9,5;9,4;7;7;88;88;88;57;6,8;4,3;
2026/07/15;0400 UTC;;930,3;930,3;930,2;0;9,1;7;9,3;9,1;7;7;90;89;89;59;5,4;3,1;
2026/07/15;0500 UTC;;930,1;930,2;930,1;0;8,9;7,2;8,9;8,9;7,2;7,1;92;91;91;66;6,6;3,9;
2026/07/15;0600 UTC;;929,1;929,2;929;0;9,1;6,7;9,1;9;6,7;6,7;89;88;88;59;9,1;4,9;
2026/07/15;0700 UTC;;;;;;;;;;;;;;;;;;
2026/07/15;0800 UTC;;928,5;928,6;928,3;0;8,7;6,1;8,7;8,6;6,1;6;87;87;87;66;7,7;4,3;
2026/07/15;0900 UTC;;929,3;929,4;929,3;0;8,4;5,8;8,4;8,4;5,8;5,7;87;87;87;57;7,1;4;
2026/07/15;1000 UTC;;929,5;929,5;929,4;0;8,6;5,5;8,6;8,5;5,5;5,5;85;85;85;63;7,6;4,5;
2026/07/15;1100 UTC;;930,1;930,1;930;349,6;9,1;5,6;9,1;9;5,6;5,5;83;82;82;73;6,6;3,7;
2026/07/15;1200 UTC;;930,3;930,3;930,2;1087,6;10,4;6,4;10,4;10,4;6,5;6,3;81;80;80;71;7,9;4,2;
2026/07/15;1300 UTC;;930,6;930,7;930,4;1768,9;12,4;7,1;12,5;12,3;7,3;7;75;73;74;58;11,3;6,1;
2026/07/15;1400 UTC;;930,5;930,6;930,4;2254,1;14;8;14,1;13,9;8;7,9;70;69;70;46;7,4;4,8;
2026/07/15;1500 UTC;;930,2;930,2;930,1;2512,5;15,8;8,9;16,2;15,6;9,2;8,6;67;64;66;31;7;4;
2026/07/15;1600 UTC;;929,5;929,5;929,4;2528,2;17,6;9,4;17,8;17,5;9,8;9,2;61;57;59;37;6;3,7;
2026/07/15;1700 UTC;;928,8;928,8;928,7;2309,8;18,7;9,4;18,9;18,5;9,5;9,1;55;52;53;32;5,9;3,6;
2026/07/15;1800 UTC;;928;928,1;928;1859;19,5;9;19,7;19,4;9,2;8,8;49;46;47;45;6,8;3,4;
2026/07/15;1900 UTC;;927,6;927,7;927,6;1203;19,8;9,2;19,9;19,7;9,4;8,9;48;45;47;26;4,8;3,2;
2026/07/15;2000 UTC;;927,5;927,5;927,5;475,8;19;9;19;18,9;9,1;8,9;51;50;50;43;4,7;3;
2026/07/15;2100 UTC;;927,5;927,5;927,5;0;16,7;8,2;16,8;16,6;8,3;8;58;57;57;53;4,5;3,1;
2026/07/15;2200 UTC;;;;;;;;;;;;;;;;;;
2026/07/15;2300 UTC;;928,2;928,3;928,2;0;15,2;7,8;15,3;15,1;7,8;7,7;63;62;63;58;6,1;3,9;
2026/07/16;0000 UTC;;928,2;928,2;928,2;0;13,7;8,3;13,8;13,6;8,3;8,2;73;72;73;61;5,4;3,4;
2026/07/16;0100 UTC;;928,4;928,6;928,2;0;13,3;8,5;13,6;13;8,6;8,4;78;74;76;59;7,2;3,9;
2026/07/16;0200 UTC;;928,7;928,7;928,6;0;12,6;8,4;12,7;12,6;8,4;8,3;79;78;79;61;8,1;4,9;
2026/07/16;0300 UTC;;;;;;;;;;;;;;;;;;
2026/07/16;0400 UTC;;928,4;928,5;928,4;0;11,6;8,8;11,6;11,5;8,9;8,8;87;86;86;74;7,2;3,8;
2026/07/16;0500 UTC;;928,2;928,3;928,2;0;11;8,7;11;10,9;8,7;8,7;89;88;89;81;6,1;3,8;
2026/07/16;0600 UTC;;927,7;927,7;927,7;0;10,6;8,6;10,6;10,6;8,7;8,6;91;90;90;72;7,9;4,2;
2026/07/16;0700 UTC;;;;;;;;;;;;;;;;;;
2026/07/16;0800 UTC;;927,7;927,7;927,6;0;10,8;8,6;10,9;10,7;8,6;8,6;89;89;89;70;6,3;3,5;
2026/07/16;0900 UTC;;928,3;928,4;928,2;0;10,7;8,5;10,7;10,6;8,5;8,4;89;89;89;71;5,8;3,2;
2026/07/16;1000 UTC;;929,2;929,2;929,1;0;10,9;8,3;10,9;10,8;8,4;8,3;88;87;87;64;6,7;3,9;
2026/07/16;1100 UTC;;930;930;929,9;341,7;11,2;8,2;11,3;11,2;8,2;8,1;85;84;85;65;5,6;3,5;
2026/07/16;1200 UTC;;930,3;930,4;930,3;1063,2;12,2;8,6;12,2;12,1;8,6;8,5;82;81;82;64;6,1;3,2;
2026/07/16;1300 UTC;;;;;;;;;;;;;;;;;;
2026/07/16;1400 UTC;;930;930,1;929,9;2207,6;17,2;9,8;17,3;17;10;9,7;64;62;63;58;5,1;3,2;
2026/07/16;1500 UTC;;929,2;929,2;929,1;2462,5;20,1;11,2;20,2;19,9;11,4;11;57;54;56;50;6,6;3,2;
2026/07/16;1600 UTC;;928,3;928,3;928,2;2469,4;21,8;11,6;21,9;21,7;11,9;11,4;50;48;49;51;5,4;3,2;
2026/07/16;1700 UTC;;927;927;927;2247,8;23,1;11,9;23,1;23;12,2;11,7;46;43;44;35;6,8;4,6;
2026/07/16;1800 UTC;;926,1;926,2;926;1788,1;23,7;12,6;23,8;23,6;12,8;12,5;45;44;45;29;6,8;4,4;
2026/07/16;1900 UTC;;925,5;925,5;925,4;1161,6;23,9;13,3;24;23,9;13,5;13,2;48;46;47;50;4,7;2,9;
2026/07/16;2000 UTC;;925,2;925,2;925,1;448,5;23,1;12,7;23,1;23;12,9;12,6;49;48;48;59;4,4;2,5;
2026/07/16;2100 UTC;;925,2;925,3;925,2;0;21,2;10,7;21,2;21,2;10,8;10,7;48;47;48;54;6;4,3;
2026/07/16;2200 UTC;;;;;;;;;;;;;;;;;;
2026/07/16;2300 UTC;;925,7;925,8;925,7;0;19,1;10,7;19,2;19,1;10,7;10,7;58;58;58;64;4,2;2,3;
2026/07/17;0000 UTC;;925,5;925,6;925,5;0;18,3;10,5;18,4;18,2;10,6;10,5;61;61;61;60;6,3;3,9;
2026/07/17;0100 UTC;;925,3;925,5;925;0;17,5;10,4;18,1;16,8;10,4;10,3;68;61;64;67;7,7;3,8;
2026/07/17;0200 UTC;;925;925;924,9;0;16,3;10,7;16,3;16,2;10,7;10,7;72;72;72;69;6,9;4;
2026/07/17;0300 UTC;;924,7;924,8;924,7;0;16,6;10,8;16,7;16,5;10,8;10,8;71;70;71;58;8,6;5,6;
2026/07/17;0400 UTC;;925;925,1;925;0;15,9;10,8;16;15,9;10,8;10,7;74;74;74;61;7,3;4,4;
2026/07/17;0500 UTC;;924,8;924,9;924,8;0;16,7;11,4;16,8;16,7;11,4;11,3;73;73;73;55;8,2;5,2;
2026/07/17;0600 UTC;;924,6;924,7;924,6;0;16,6;11,5;16,6;16,6;11,5;11,5;75;74;74;47;8,1;5,1;
2026/07/17;0700 UTC;;924,2;924,3;924,1;0;16,4;11,4;16,4;16,4;11,4;11,4;75;75;75;54;8;4,5;
2026/07/17;0800 UTC;;923,8;923,8;923,7;0;15,5;11,1;15,6;15,5;11,2;11,1;78;78;78;64;5,7;3,3;
2026/07/17;0900 UTC;;924;924,1;924;0;15,7;11,2;15,8;15,7;11,2;11,2;77;77;77;61;5,3;2,9;
2026/07/17;1000 UTC;;924,6;924,6;924,5;0;15,9;11,1;16;15,8;11,2;11,1;76;75;76;62;5,5;2,8;
2026/07/17;1100 UTC;;925,1;925,1;925;297,1;16,6;11,2;16,6;16,6;11,3;11,2;74;73;73;61;6;3,5;
2026/07/17;1200 UTC;;925,5;925,5;925,4;971,6;17,8;11,8;17,8;17,7;11,9;11,8;71;70;70;63;6,7;3,8;
2026/07/17;1300 UTC;;;;;;;;;;;;;;;;;;
2026/07/17;1400 UTC;;925,6;925,6;925,6;2073,9;22,8;13,9;22,9;22,6;14,1;13,6;57;54;55;31;6,4;4,2;
2026/07/17;1500 UTC;0;924,7;924,8;924,6;2343,6;24,9;13,9;25,1;24,7;14,2;13,7;46;44;45;22;12,8;7,3;
2026/07/17;1600 UTC;0;923,7;923,7;923,6;2369,9;25;14,2;25,1;24,9;14,4;14,1;48;45;46;14;12;7,6;
2026/07/17;1700 UTC;0;922,8;922,8;922,6;2152,6;25,6;14,8;25,7;25,5;14,9;14,6;47;45;46;20;10,5;7,3;
2026/07/17;1800 UTC;0;922,3;922,3;922,2;1708,5;26,2;15,5;26,3;26,1;15,6;15,4;47;46;46;22;9,2;5,8;
2026/07/17;1900 UTC;0;921,9;921,9;921,8;1088;26,7;16,2;26,7;26,6;16,4;16;49;46;48;22;7,1;4,8;
2026/07/17;2000 UTC;0;921,9;922;921,9;412,1;25,9;16,2;25,9;25,8;16,3;16,1;52;51;52;18;6,6;4,5;
2026/07/17;2100 UTC;0;921,9;922;921,9;0;24,3;15,6;24,3;24,3;15,7;15,6;57;56;56;27;8,8;4,7;
2026/07/17;2200 UTC;0;922,2;922,3;922,1;0;23,4;15,1;23,5;23,3;15,2;15,1;59;58;59;23;8,2;4,8;
2026/07/17;2300 UTC;0;922,6;922,6;922,6;0;21,3;14,8;21,4;21,2;14,8;14,7;68;67;67;58;5,9;3,8;
2026/07/18;0000 UTC;0;922,4;922,4;922,4;0;20,4;14,3;20,5;20,4;14,4;14,3;70;69;70;46;9,2;5,5;
2026/07/18;0100 UTC;0;922,3;922,4;922,1;0;20,1;14,2;20,5;19,8;14,3;14,1;71;69;71;48;10,9;5,8;
2026/07/18;0200 UTC;0;922,4;922,4;922,3;0;19,3;13,9;19,4;19,2;13,9;13,8;73;73;73;43;8,8;4,8;
2026/07/18;0300 UTC;0;922,6;922,7;922,6;0;19,1;13,6;19,2;19;13,6;13,6;73;72;72;38;8,5;5;
2026/07/18;0400 UTC;0;922,9;923;922,9;0;18,6;13,3;18,6;18,5;13,3;13,3;74;74;74;50;6,6;4,3;
2026/07/18;0500 UTC;0;923,3;923,3;923,3;0;18,5;13,1;18,5;18,4;13,2;13,1;74;73;73;59;4,9;2,8;
2026/07/18;0600 UTC;0;922,7;922,7;922,7;0;18;13;18;17,9;13,1;13;76;75;75;64;5,5;3,1;
2026/07/18;0700 UTC;0;922,6;922,6;922,6;0;17,1;13;17,2;17,1;13;13;80;79;79;60;5,5;3,2;
2026/07/18;0800 UTC;0;922,3;922,4;922,3;0;16,7;12,9;16,7;16,6;12,9;12,9;81;81;81;56;6,2;4,1;
2026/07/18;0900 UTC;0;922,5;922,5;922,4;0;17,2;12,6;17,2;17,1;12,6;12,6;77;77;77;54;7,2;4,1;
2026/07/18;1000 UTC;0;922,8;922,9;922,8;0;17;12,4;17,1;17;12,4;12,4;77;77;77;51;6,8;4,3;
2026/07/18;1100 UTC;0;923,1;923,2;923,1;297,5;17,3;12,3;17,3;17,2;12,4;12,3;76;75;75;60;6,2;3,9;
2026/07/18;1200 UTC;0;923,5;923,5;923,5;963,1;18,1;12,9;18,2;18,1;13;12,9;75;74;74;51;5;3,2;
2026/07/18;1300 UTC;;;;;;;;;;;;;;;;;;
2026/07/18;1400 UTC;0;923,3;923,3;923,2;1747,5;23,6;14,4;23,8;23,5;14,6;14,2;55;53;54;12;10,5;5,7;
2026/07/18;1500 UTC;0;922,4;922,4;922,3;2362,2;25,3;15,3;25,3;25,2;15,3;15,1;51;49;50;7;9,4;5,9;
2026/07/18;1600 UTC;0;921,3;921,4;921,1;2405,2;26,6;16;26,6;26,5;16,2;15,9;48;47;47;345;12,8;8,6;
2026/07/18;1700 UTC;0;921,1;921,1;921;1150,4;26,6;16,1;26,6;26,4;16,2;16,1;49;47;48;341;10,3;6,3;
2026/07/18;1800 UTC;0;920,7;920,7;920,6;1728,2;26,9;16,4;26,9;26,8;16,5;16,3;48;47;48;355;9;5,8;
2026/07/18;1900 UTC;;;;;;;;;;;;;;;;;;
2026/07/18;2000 UTC;0;920,4;920,4;920,3;445,2;25,7;16,1;25,7;25,7;16,2;16;53;52;52;2;6,8;3,9;
2026/07/18;2100 UTC;0;920,4;920,4;920,3;0;24,1;15,2;24,2;24;15,3;15,1;56;55;55;15;7,5;4,7;
2026/07/18;2200 UTC;0;920,7;920,8;920,6;0;23,3;14,6;23,4;23,2;14,7;14,6;57;57;57;19;8,3;5,1;
2026/07/18;2300 UTC;;;;;;;;;;;;;;;;;;
2026/07/19;0000 UTC;0;921,3;921,3;921,3;0;20,8;13,6;20,9;20,7;13,7;13,6;64;64;64;59;4,2;2,4;
2026/07/19;0100 UTC;0;921,6;922,1;921,3;0;20;13,5;20,7;19,5;13,7;13,3;69;65;68;62;4,9;2,1;
2026/07/19;0200 UTC;0;922,6;922,6;922,5;0;18,6;12,9;18,8;18,6;13;12,9;72;71;71;47;4,3;2,9;
2026/07/19;0300 UTC;0;923,1;923,1;923,1;0;18,3;12,4;18,4;18,3;12,4;12,4;71;70;70;64;4,4;2,7;
2026/07/19;0400 UTC;0;923,2;923,3;923,2;0;18,2;11,9;18,2;18,2;11,9;11,8;68;68;68;57;6,3;3,8;
2026/07/19;0500 UTC;0;923,1;923,1;923,1;0;17,8;11,3;17,9;17,8;11,4;11,3;68;67;68;54;6,3;3,6;
2026/07/19;0600 UTC;0;922,6;922,6;922,5;0;17,7;11;17,7;17,7;11;11;67;66;67;55;6,2;4;
2026/07/19;0700 UTC;0;922,3;922,4;922,3;0;17,1;10,9;17,2;17,1;10,9;10,9;69;69;69;60;5,8;3,6;
2026/07/19;0800 UTC;0;921,8;921,9;921,7;0;17;10,8;17;17;10,8;10,7;69;69;69;52;6,9;3,9;
2026/07/19;0900 UTC;0;922,1;922,1;922,1;0;16,7;10,6;16,8;16,7;10,7;10,6;69;69;69;47;5,1;3,3;
2026/07/19;1000 UTC;;;;;;;;;;;;;;;;;;
2026/07/19;1100 UTC;0;922,2;922,2;922,1;225,8;17,2;10,3;17,3;17,1;10,3;10,2;66;65;65;43;7,4;4,4;
2026/07/19;1200 UTC;0;922,5;922,6;922,4;664,6;18,3;10,8;18,3;18,2;10,9;10,6;63;62;63;36;7,8;4,9;
2026/07/19;1300 UTC;;;;;;;;;;;;;;;;;;
2026/07/19;1400 UTC;0;921,7;921,7;921,6;2133,8;22,8;12,3;22,8;22,7;12,5;12,1;49;47;48;6;10,4;6,8;
2026/07/19;1500 UTC;0;921;921;920,9;2446,1;24,3;13;24,5;24,2;13,1;13;44;43;44;11;10,7;7,5;
2026/07/19;1600 UTC;0;920,4;920,5;920,2;1883,7;25,2;13,3;25,3;25,1;13,5;13,1;41;40;41;358;12,1;7,2;
2026/07/19;1700 UTC;0;919,8;919,9;919,7;1747,7;26,5;14,5;26,8;26,4;14,9;14,2;41;39;40;358;9,6;6,3;
2026/07/19;1800 UTC;0;919,6;919,7;919,4;642,9;25,3;13,9;25,4;25,3;14;13,8;43;43;43;346;11,8;7,1;
2026/07/19;1900 UTC;0;919,5;919,6;919,5;244,8;24,6;13,6;24,7;24,6;13,6;13,5;45;45;45;350;9,2;5,7;
2026/07/19;2000 UTC;0;919,5;919,5;919,4;586;24,8;13,6;24,8;24,8;13,7;13,6;44;44;44;347;10,7;6,6;
2026/07/19;2100 UTC;0;919,5;919,6;919,5;0;23,3;13;23,3;23,2;13,1;13;49;48;49;3;6,4;4,1;
2026/07/19;2200 UTC;0;919,7;919,8;919,7;0;22,7;12,6;22,7;22,6;12,7;12,5;50;49;50;10;7,8;3,8;
2026/07/19;2300 UTC;;;;;;;;;;;;;;;;;;
2026/07/20;0000 UTC;0;920,5;920,5;920,4;0;21,9;12,2;22,1;21,8;12,3;12,1;52;51;51;14;6,9;3,9;
2026/07/20;0100 UTC;0;920,6;920,7;920,4;0;21,5;12,1;21,9;21,1;12,2;12;54;51;53;21;7,7;4,8;
2026/07/20;0200 UTC;0;921;921;920,9;0;20,7;11,9;20,8;20,7;11,9;11,8;56;55;56;43;5,3;3,4;
2026/07/20;0300 UTC;0;921,5;921,5;921,4;0;19,3;11,7;19,4;19,3;11,7;11,6;62;62;62;57;3,3;2,1;
2026/07/20;0400 UTC;0;921,9;922;921,9;0;19,4;11,7;19,4;19,3;11,7;11,7;62;61;62;44;5,1;3,6;
2026/07/20;0500 UTC;0;922,5;922,5;922,5;0;18,9;11,6;18,9;18,8;11,7;11,5;64;63;64;36;4,8;3,4;
2026/07/20;0600 UTC;,2;921,3;921,6;921,1;0;15,5;14,6;15,7;15,4;14,7;14,4;96;93;95;102;6,3;3,9;
2026/07/20;0700 UTC;0;921,4;921,4;921,3;0;15,3;14;15,4;15,3;14,1;13,9;94;93;94;69;3,3;1,9;
2026/07/20;0800 UTC;0;921,3;921,4;921,2;0;15,6;13,6;15,6;15,5;13,6;13,5;90;90;90;57;6,4;4,1;
2026/07/20;0900 UTC;0;921;921,1;920,9;0;16,7;12,4;16,8;16,7;12,5;12,4;79;78;79;58;6,4;4,4;
2026/07/20;1000 UTC;0;921,4;921,5;921,4;0;17,2;12;17,3;17,1;12,1;12;74;74;74;55;6,3;4,2;
2026/07/20;1100 UTC;0;921,7;921,8;921,7;111,4;17,3;12,1;17,4;17,3;12,1;12;74;74;74;58;6,7;3,9;
2026/07/20;1200 UTC;;;;;;;;;;;;;;;;;;
2026/07/20;1300 UTC;;;;;;;;;;;;;;;;;;
2026/07/20;1400 UTC;0;922,6;922,6;922,5;1257,6;21,8;14,2;22;21,5;14,3;13,9;64;61;62;9;6,5;4,5;
2026/07/20;1500 UTC;0;922,3;922,4;922,2;1150,2;22,3;14,2;22,5;22,3;14,4;13,8;61;58;59;357;5,3;3,4;
2026/07/20;1600 UTC;0;921,7;921,8;921,7;1045,9;21,9;14,2;22;21,9;14,4;14;63;60;62;0;9,3;5;
2026/07/20;1700 UTC;0;920,8;920,8;920,7;842,7;23,3;15,1;23,4;23,1;15,3;14,8;60;57;59;351;6,6;4,5;
2026/07/20;1800 UTC;0;920,6;920,6;920,5;1016,2;23,3;15,9;23,3;23,2;16,2;15,6;65;62;63;359;3,4;2,5;
2026/07/20;1900 UTC;0;920,4;920,4;920,4;440,3;24,6;15,9;24,8;24,5;16,1;15,6;57;56;56;345;7,7;4,6;
2026/07/20;2000 UTC;;;;;;;;;;;;;;;;;;
2026/07/20;2100 UTC;0;920,7;920,7;920,6;0;23;15;23,1;22,9;15,2;14,8;61;59;60;2;6,8;4,5;
2026/07/20;2200 UTC;0;921,1;921,1;921;0;22,6;14,8;22,6;22,5;14,9;14,8;62;61;61;7;4,6;3;
2026/07/20;2300 UTC;0;920,9;921;920,8;0;22,1;14,7;22,1;22;14,8;14,7;64;63;63;12;4,9;3,1;
2026/07/21;0000 UTC;;;;;;;;;;;;;;;;;;
2026/07/21;0100 UTC;0;921,6;921,9;921,2;0;21,6;14,7;22;21,3;14,8;14,5;67;64;65;60;4,5;1,9;
2026/07/21;0200 UTC;0;921,9;921,9;921,9;0;20,6;14,7;20,7;20,5;14,8;14,7;71;70;71;54;4,6;3,3;
2026/07/21;0300 UTC;0;922;922,1;921,9;0;20,1;14,8;20,1;20,1;14,9;14,7;74;73;73;34;3,1;2,2;
2026/07/21;0400 UTC;0;922,7;922,8;922,6;0;18,6;15,7;18,6;18,6;15,8;15,7;86;86;86;8;1,2;,5;
2026/07/21;0500 UTC;0;922,5;922,6;922,5;0;17,6;16,7;17,6;17,6;16,8;16,6;96;95;96;218;4,3;2,4;
2026/07/21;0600 UTC;0;921,8;921,9;921,8;0;17,3;17;17,3;17,3;17;17;99;98;98;73;2,4;1,6;
2026/07/21;0700 UTC;0;921,8;921,9;921,8;0;17;16,6;17;17;16,6;16,5;98;98;98;21;4,5;3,2;
2026/07/21;0800 UTC;,2;921,6;921,8;921,6;0;17,5;16,4;17,6;17,5;16,5;16,2;95;93;94;56;5,2;3,2;
2026/07/21;0900 UTC;,2;922,6;922,7;922,6;0;17,4;17;17,4;17,3;17,1;17;99;98;98;200;4,4;1,6;
2026/07/21;1000 UTC;,2;922,2;922,3;922,1;0;17,7;17,1;17,7;17,6;17,1;17,1;97;97;97;40;3,4;2,4;
2026/07/21;1100 UTC;1,2;922,5;922,7;922,4;11,3;17,5;16,9;17,6;17,4;16,9;16,8;97;96;97;35;5,5;3,6;
2026/07/21;1200 UTC;0;922,6;922,7;922,5;161,2;17,3;17,1;17,3;17,3;17,1;17,1;99;99;99;44;5,7;3,8;
2026/07/21;1300 UTC;0;922,6;922,6;922,5;158,8;17,7;17,2;17,7;17,6;17,2;17,2;98;98;98;47;6,8;4,7;
2026/07/21;1400 UTC;0;921,8;921,8;921,7;1301,3;19,1;17,4;19,2;19;17,6;17,3;93;91;91;45;5;3,5;
2026/07/21;1500 UTC;0;920,1;920,3;920,1;161,4;19,3;17,2;19,3;19,2;17,2;17,1;90;89;90;58;5,6;3,4;
2026/07/21;1600 UTC;0;919,4;919,4;919,4;56,3;19,5;17,6;19,6;19,5;17,7;17,5;91;89;90;255;2,3;1,3;
2026/07/21;1700 UTC;0;918,7;918,7;918,6;230,4;20,5;16,8;20,5;20,4;16,8;16,7;82;81;81;337;4;2,3;
2026/07/21;1800 UTC;0;918,4;918,5;918,4;132,4;20,9;16,2;20,9;20,9;16,4;16;77;76;76;357;5,5;3,2;
2026/07/21;1900 UTC;;;;;;;;;;;;;;;;;;
2026/07/21;2000 UTC;0;918,3;918,4;918,2;11,6;20,1;15,6;20,1;20,1;15,7;15,4;78;76;77;1;5,5;3,5;
2026/07/21;2100 UTC;,2;920,1;920,3;920;0;16,7;15,6;16,7;16,6;15,7;15,5;95;95;95;189;6,6;3,5;
2026/07/21;2200 UTC;,6;920,6;921;920,2;0;15,6;14,9;15,6;15,5;14,9;14,8;97;96;97;123;6,1;3,4;
2026/07/21;2300 UTC;1,4;920,2;920,4;920,1;0;15,2;15;15,3;15,2;15,1;15;99;99;99;84;4,6;1,9;
2026/07/22;0000 UTC;,2;920,6;921,1;920;0;15,5;15,2;15,5;15,5;15,3;15,2;99;99;99;211;4,8;2,6;
2026/07/22;0100 UTC;20,6;921;922;920,6;0;15,5;15,2;15,6;15,4;15,3;15;99;97;98;101;7;3,4;
2026/07/22;0200 UTC;,6;921,9;922,1;921,7;0;15,4;15,1;15,4;15,4;15,1;15,1;99;98;99;85;5,1;2,8;
2026/07/22;0300 UTC;;;;;;;;;;;;;;;;;;
2026/07/22;0400 UTC;,8;922,8;923,1;922,5;0;15,1;14,9;15,1;15,1;14,9;14,9;99;99;99;69;4,1;2,4;
2026/07/22;0500 UTC;,2;921,2;921,5;920,8;0;15;14,9;15;15;14,9;14,9;99;99;99;58;9,4;5,5;
2026/07/22;0600 UTC;0;920,7;920,9;920,6;0;14,9;14,7;14,9;14,9;14,7;14,7;99;99;99;70;5,1;2,7;
2026/07/22;0700 UTC;0;920,3;920,5;920;0;14,9;14,5;14,9;14,9;14,5;14,5;98;98;98;43;9,1;5,6;
2026/07/22;0800 UTC;,2;920,6;920,8;920,5;0;14,9;14,1;15;14,8;14,1;14;96;95;96;16;11;7,2;
2026/07/22;0900 UTC;,2;921;921,2;920,8;0;15;14,6;15;15;14,6;14,5;98;98;98;33;10,6;8;
2026/07/22;1000 UTC;0;919,2;919,6;918,9;0;15,3;14,7;15,3;15,3;14,7;14,6;97;97;97;32;14,3;10;
2026/07/22;1100 UTC;0;921,8;922;921,4;6,8;15,4;13,8;15,4;15,4;13,9;13,8;92;92;92;10;11,1;6,2;
2026/07/22;1200 UTC;,2;924,9;925,1;924,6;11,3;15,1;14,2;15,2;15,1;14,3;14,2;96;95;96;257;5,3;2,8;
2026/07/22;1300 UTC;0;924,1;924,2;924,1;32,6;14,9;13,9;14,9;14,9;13,9;13,8;95;94;95;7;10,6;7,6;
2026/07/22;1400 UTC;;;;;;;;;;;;;;;;;;
2026/07/22;1500 UTC;0;923,1;923,1;923;521,2;16,3;14,2;16,3;16,2;14,3;14,1;90;89;89;311;4,8;2,6;
2026/07/22;1600 UTC;0;921,8;921,9;921,7;956,4;16,3;14;16,3;16,3;14,3;13,6;90;87;89;3;8,3;4,9;
2026/07/22;1700 UTC;0;921,6;921,7;921,5;720,2;16,5;13,4;16,5;16,4;13,7;13,3;86;84;85;11;8,2;5,7;
2026/07/22;1800 UTC;0;921,3;921,4;921,3;804,5;16,4;13,9;16,4;16,4;13,9;13,8;88;87;88;14;5,2;3,7;
2026/07/22;1900 UTC;0;921,6;921,6;921,5;395;16,6;13,9;16,6;16,6;14;13,7;87;86;87;3;4,9;3,3;
2026/07/22;2000 UTC;0;921,9;921,9;921,8;197,9;16,5;14,1;16,5;16,5;14,2;14;89;88;88;315;1,5;1;
2026/07/22;2100 UTC;0;922,1;922,2;922,1;0;15,9;14,2;15,9;15,9;14,2;14,1;92;91;91;10;1,5;,8;
2026/07/22;2200 UTC;0;922,8;922,9;922,8;0;15,8;14,2;15,8;15,8;14,2;14,1;92;91;92;1;2,7;1,7;
2026/07/22;2300 UTC;0;923,3;923,4;923,3;0;15,4;14,7;15,4;15,4;14,8;14,6;97;96;96;350;3,1;2,2;
2026/07/23;0000 UTC;0;923,8;923,8;923,7;0;15,4;15,2;15,4;15,3;15,2;15,2;99;99;99;300;4,5;2,4;
2026/07/23;0100 UTC;,4;924,3;924,5;923,9;0;15,4;15;15,5;15,4;15,3;14,7;100;96;98;243;6,5;3,6;
2026/07/23;0200 UTC;0;925,1;925,1;925;0;15,2;14,7;15,2;15,1;14,7;14,7;98;97;98;232;4,7;3,3;
2026/07/23;0300 UTC;0;925,4;925,5;925,4;0;14,6;14;14,7;14,6;14,1;14;97;97;97;227;6,1;3,7;
2026/07/23;0400 UTC;0;925,2;925,2;925,1;0;14,3;13,8;14,4;14,3;13,8;13,7;97;97;97;227;5;2,4;
2026/07/23;0500 UTC;0;925,3;925,3;925,3;0;14,1;13,6;14,1;14,1;13,7;13,6;98;97;98;227;3,5;1,9;
2026/07/23;0600 UTC;0;925,7;925,8;925,7;0;14;13,2;14;14;13,3;13,1;96;96;96;225;5,1;3;
2026/07/23;0700 UTC;0;926,1;926,1;926,1;0;13,6;12,9;13,7;13,6;12,9;12,8;96;96;96;233;4,4;2,1;
2026/07/23;0800 UTC;0;926,2;926,3;926,2;0;12,3;11,3;12,4;12,3;11,4;11,3;95;94;95;188;6,8;3,4;
2026/07/23;0900 UTC;0;926,7;926,7;926,7;0;11,5;10,5;11,5;11,5;10,5;10,4;95;95;95;183;4,3;2,3;
2026/07/23;1000 UTC;0;927,3;927,4;927,2;0;11,5;10,6;11,5;11,5;10,6;10,5;95;95;95;113;3,4;1,3;
2026/07/23;1100 UTC;0;927,9;928;927,9;228,8;11,2;10,7;11,2;11,2;10,8;10,6;98;97;97;119;4,1;2;
2026/07/23;1200 UTC;0;928,3;928,4;928,2;812,8;11,8;9,8;11,9;11,7;10;9,6;91;89;90;133;4,5;2,3;
2026/07/23;1300 UTC;0;929;929,1;929;567,3;12,3;10,2;12,3;12,3;10,4;9,9;91;88;90;113;3,4;1,8;
2026/07/23;1400 UTC;0;928,8;928,8;928,8;1984,1;14,7;10,5;14,8;14,6;10,8;10;81;77;79;90;4,8;2,4;
2026/07/23;1500 UTC;0;928,3;928,3;928,3;2491,2;16,1;10,2;16,2;16;10,4;9,8;72;69;71;108;3,9;1,8;
2026/07/23;1600 UTC;0;927,9;928;927,8;1696,2;16,5;10,2;16,8;16,4;10,8;9,7;71;66;69;116;3,7;2;
2026/07/23;1700 UTC;0;927,3;927,3;927,3;1271,5;17,2;10,6;17,4;17;11;10,1;69;65;67;82;2,4;1,5;
2026/07/23;1800 UTC;0;926,8;926,8;926,8;1509,2;18;10,8;18,1;17,9;11,2;10,2;66;61;64;82;2,1;1,2;
2026/07/23;1900 UTC;0;926,9;926,9;926,8;1501,2;18,3;10,1;18,4;18,2;10,3;9,9;60;58;59;19;3,9;2,8;
2026/07/23;2000 UTC;0;926,7;926,7;926,6;442,5;17,9;10,1;18;17,9;10,3;9,9;62;60;61;103;2,7;1,6;
2026/07/23;2100 UTC;0;926,8;926,9;926,8;0;15,8;10;15,9;15,7;10,2;9,8;73;69;71;146;3,9;1,6;
2026/07/23;2200 UTC;0;927,1;927,2;927,1;0;14,2;10;14,2;14,2;10,1;9,9;79;79;79;138;3,4;1,8;
2026/07/23;2300 UTC;;;;;;;;;;;;;;;;;;
2026/07/24;0000 UTC;0;927,8;927,8;927,8;0;13;8,9;13;13;8,9;8,9;80;79;79;125;4,2;2,7;
2026/07/24;0100 UTC;0;927,9;928,1;927,7;0;12,6;8,8;12,8;12,5;9;8,7;81;80;81;120;5,6;3,3;
2026/07/24;0200 UTC;0;927,9;927,9;927,9;0;12,2;8,6;12,3;12,1;8,6;8,5;82;82;82;125;5,1;3,3;
2026/07/24;0300 UTC;0;927,6;927,7;927,5;0;11,6;8,1;11,7;11,6;8,1;8,1;83;82;82;112;6,2;3,8;
2026/07/24;0400 UTC;0;927,4;927,4;927,3;0;11,3;8,6;11,3;11,2;8,6;8,5;87;86;86;106;7;4,8;
2026/07/24;0500 UTC;0;926,9;927;926,8;0;11,8;9,9;11,9;11,7;10;9,8;91;90;90;105;7,8;5,6;
2026/07/24;0600 UTC;0;926,9;926,9;926,9;0;11,7;10,3;11,7;11,6;10,3;10,2;93;93;93;87;4,7;2,1;
2026/07/24;0700 UTC;0;926,4;926,5;926,4;0;12,1;10,7;12,1;12,1;10,7;10,7;93;93;93;94;6,8;3,5;
2026/07/24;0800 UTC;0;926,6;926,6;926,6;0;12,4;11;12,5;12,4;11,1;11;93;93;93;78;5,4;2,7;
2026/07/24;0900 UTC;0;927,1;927,1;927,1;0;12,6;11,2;12,6;12,6;11,2;11,2;93;93;93;78;4,9;2,6;
2026/07/24;1000 UTC;0;927,7;927,8;927,7;0;12,7;11,3;12,8;12,7;11,3;11,3;93;93;93;63;6,9;3,4;
2026/07/24;1100 UTC;;;;;;;;;;;;;;;;;;
2026/07/24;1200 UTC;0;928,7;928,8;928,7;235,7;13,5;11,4;13,5;13,4;11,4;11,4;90;89;90;60;6,3;4,2;
2026/07/24;1300 UTC;0;929,2;929,2;929,2;1139,1;14,4;11,6;14,6;14,3;11,8;11,4;86;85;86;57;9,3;5,1;
2026/07/24;1400 UTC;0;929,7;929,7;929,6;1440,4;15,7;11,9;15,9;15,5;12,1;11,6;82;79;81;41;6,3;3,4;
2026/07/24;1500 UTC;0;929,7;929,7;929,6;2341,3;16,7;11,9;16,9;16,4;12,1;11,7;78;74;76;29;6,2;4,1;
2026/07/24;1600 UTC;0;928,8;928,9;928,7;1273,5;16,5;11,7;16,5;16,4;11,9;11,4;77;74;76;39;7,8;5,3;
2026/07/24;1700 UTC;0;928;928,1;928;1233,9;16,3;11,4;16,3;16,2;11,6;11,2;77;75;76;22;8,6;6,2;
2026/07/24;1800 UTC;0;927,6;927,7;927,6;669,5;16,2;11,5;16,2;16,2;11,7;11,3;77;75;76;38;6,2;4,4;
2026/07/24;1900 UTC;0;927,4;927,5;927,4;75,1;15,6;11,4;15,6;15,6;11,5;11,3;79;78;79;50;5,8;3,3;
2026/07/24;2000 UTC;0;927,2;927,3;927,1;131,7;14,6;12,5;14,6;14,5;12,6;12,4;90;89;89;52;4,6;3,3;
2026/07/24;2100 UTC;0;926,1;926,2;926;0;14,5;11,7;14,5;14,4;11,8;11,6;87;86;86;81;5,1;2,4;
2026/07/24;2200 UTC;;;;;;;;;;;;;;;;;;
2026/07/24;2300 UTC;;;;;;;;;;;;;;;;;;
2026/07/25;0000 UTC;0;928,9;929,2;928,6;0;12,6;11,8;12,7;12,6;11,9;11,8;96;96;96;54;7,2;4,4;
2026/07/25;0100 UTC;3,2;929,3;929,8;928,5;0;12,5;11,8;12,6;12,4;11,9;11,7;97;96;97;102;7,1;2,4;
2026/07/25;0200 UTC;0;929,5;929,6;929,4;0;12,1;11,8;12,1;12,1;11,8;11,8;99;98;99;98;4,2;1,6;
2026/07/25;0300 UTC;0;929,4;929,5;929,3;0;12;11,4;12;12;11,5;11,4;97;97;97;111;5,3;2,9;
2026/07/25;0400 UTC;0;927,8;927,8;927,8;0;11,7;11,2;11,7;11,7;11,2;11,2;97;97;97;52;6,8;3,5;
2026/07/25;0500 UTC;0;927,7;927,7;927,7;0;11,5;11,3;11,5;11,5;11,3;11,3;99;99;99;29;6,5;4,2;
2026/07/25;0600 UTC;0;927,8;927,9;927,8;0;11,2;11,1;11,2;11,2;11,2;11;100;99;100;55;5,1;1,9;
2026/07/25;0700 UTC;0;927,6;927,6;927,6;0;11;10,5;11,1;10,9;10,7;10,5;98;98;98;80;2,6;1,1;
2026/07/25;0800 UTC;0;927,2;927,3;927,2;0;10,4;10,5;10,5;10,4;10,5;10,4;100;100;100;102;2,4;1;
2026/07/25;0900 UTC;0;927,6;927,6;927,6;0;10,6;10,5;10,7;10,6;10,6;10,5;100;99;100;74;3,5;2,3;
2026/07/25;1000 UTC;0;928;928,1;928;0;11;11;11;10,9;11;11;100;100;100;55;3,9;2,2;
2026/07/25;1100 UTC;0;929,3;929,3;929,3;92,3;11,2;11,3;11,2;11,2;11,3;11,3;100;100;100;58;3,4;2;
2026/07/25;1200 UTC;0;930;930,1;929,8;437,7;11,7;11,7;11,7;11,6;11,8;11,7;100;100;100;60;3,6;2,3;
2026/07/25;1300 UTC;0;930;930;929,9;669,6;12,3;12,2;12,4;12,2;12,3;12,1;99;99;99;71;3,1;1,5;
2026/07/25;1400 UTC;0;930,2;930,3;930,2;1076,3;13,6;12,7;13,7;13,6;12,9;12,5;96;94;95;70;2,2;1,2;
2026/07/25;1500 UTC;0;929,7;929,7;929,7;1230,6;14,4;12,7;14,5;14,4;12,9;12,5;92;91;91;75;2,8;1,6;
2026/07/25;1600 UTC;0;928,9;929;928,9;2790,8;16,6;13,7;16,8;16,4;14,1;13,1;89;82;85;57;4,1;2;
2026/07/25;1700 UTC;0;928,3;928,4;928,3;2345,5;17,9;14;18;17,9;14,2;13,8;82;79;81;57;2,9;1,9;
2026/07/25;1800 UTC;0;928,2;928,2;928,1;1897,6;19,3;14,6;19,4;19,3;14,8;14,4;78;76;77;96;3,1;1,8;
2026/07/25;1900 UTC;0;928;928;927,9;1254,4;19,8;14,8;19,9;19,8;14,9;14,6;76;74;75;104;2,6;1,6;
2026/07/25;2000 UTC;0;928,6;928,6;928,5;426,8;19,2;15,2;19,2;19,1;15,3;15;81;79;80;334;1,6;1,2;
2026/07/25;2100 UTC;0;928,8;928,9;928,8;0;18;14,8;18,1;17,9;14,9;14,8;85;84;84;91;1,4;,9;
2026/07/25;2200 UTC;;;;;;;;;;;;;;;;;;
2026/07/25;2300 UTC;0;928,6;928,7;928,6;0;15,9;13,5;16;15,9;13,8;13,3;89;87;88;58;4,2;2,6;
2026/07/26;0000 UTC;0;929;929;929;0;15,7;12,7;15,7;15,6;12,7;12,6;85;85;85;67;3,8;2,2;
2026/07/26;0100 UTC;0;929,2;929,2;929;0;15,2;12,7;15,5;14,9;12,8;12,3;88;86;87;62;5,1;2,5;
2026/07/26;0200 UTC;0;929,3;929,3;929,2;0;14,8;11,4;14,8;14,7;11,5;11,3;83;83;83;64;4,8;2,7;
2026/07/26;0300 UTC;0;929;929;929;0;14,4;11,7;14,4;14,3;11,7;11,6;87;86;86;57;6,2;4,1;
2026/07/26;0400 UTC;0;928,8;928,8;928,8;0;13,9;11,3;13,9;13,9;11,4;11,3;87;87;87;64;5,6;3,2;
2026/07/26;0500 UTC;;;;;;;;;;;;;;;;;;
2026/07/26;0600 UTC;0;928,2;928,2;928,1;0;13,5;10,7;13,5;13,5;10,7;10,6;86;86;86;62;7,2;4,1;
2026/07/26;0700 UTC;0;927,6;927,7;927,6;0;13,1;11,1;13,2;13,1;11,1;11;90;89;90;66;5,8;3,3;
2026/07/26;0800 UTC;0;927,9;928;927,9;0;13,3;11,7;13,3;13,2;11,7;11,7;92;92;92;68;4,6;1,8;
2026/07/26;0900 UTC;0;928,2;928,3;928,2;0;12,9;11,4;12,9;12,8;11,4;11,3;93;92;93;93;5,8;3,4;
2026/07/26;1000 UTC;0;928,7;928,8;928,7;0;12,4;11,2;12,5;12,3;11,2;11,1;94;94;94;68;3,1;1,6;
2026/07/26;1100 UTC;0;929,4;929,5;929,3;113,2;12,6;11,4;12,7;12,6;11,4;11,4;94;94;94;74;3,7;1,6;
2026/07/26;1200 UTC;0;929,2;929,3;929,2;473,1;14,1;12,1;14,2;14;12,2;12,1;91;89;90;61;5,2;2,8;
2026/07/26;1300 UTC;0;929,7;929,8;929,7;972;15,5;13,1;15,5;15,4;13,2;13;89;88;88;58;3,9;2,3;
2026/07/26;1400 UTC;0;929,2;929,3;929,2;2213,6;17,8;14;18;17,7;14,3;13,8;81;80;81;37;4,4;3;
2026/07/26;1500 UTC;0;928,6;928,6;928,5;2436,9;20;15,2;20;19,9;15,4;15,1;77;75;76;15;4,2;2,8;
2026/07/26;1600 UTC;;;;;;;;;;;;;;;;;;
2026/07/26;1700 UTC;0;927,1;927,1;927,1;953,5;21,7;16,1;21,7;21,6;16,2;16;73;72;72;296;5,4;3,5;
2026/07/26;1800 UTC;0;926,6;926,6;926,5;1199,9;22;16,4;22,1;21,9;16,4;16,3;73;72;72;280;5,3;3,4;
2026/07/26;1900 UTC;0;926,3;926,4;926,2;897,5;21,8;16,7;21,9;21,7;16,8;16,6;76;74;75;293;4,8;2,9;
2026/07/26;2000 UTC;0;926,3;926,3;926,3;238,4;21,2;17;21,2;21,2;17,1;17;79;79;79;270;3,9;2,8;
2026/07/26;2100 UTC;;;;;;;;;;;;;;;;;;
2026/07/26;2200 UTC;;;;;;;;;;;;;;;;;;
2026/07/26;2300 UTC;;;;;;;;;;;;;;;;;;
2026/07/27;0000 UTC;0;927,3;927,3;927,3;0;18,1;17,2;18,1;18,1;17,2;17,1;95;95;95;76;1,2;,7;
2026/07/27;0100 UTC;0;927,3;927,4;927,1;0;18,1;17,1;18,2;17,9;17,2;17;95;94;95;80;1,8;,7;
2026/07/27;0200 UTC;0;927,5;927,5;927,4;0;17,3;16,9;17,4;17,2;17;16,8;98;98;98;78;1,9;1,2;
2026/07/27;0300 UTC;0;927,3;927,3;927,3;0;17,7;16,9;17,8;17,7;16,9;16,9;96;95;96;79;1,8;1,2;
2026/07/27;0400 UTC;0;927;927;927;0;17,8;16,7;17,8;17,7;16,7;16,7;95;94;95;73;2,1;1;
2026/07/27;0500 UTC;0;926,5;926,5;926,4;0;17,4;16,7;17,4;17,4;16,7;16,7;97;96;96;57;2,3;1,6;
2026/07/27;0600 UTC;;;;;;;;;;;;;;;;;;
2026/07/27;0700 UTC;0;926,1;926,1;926,1;0;16,9;16,6;16,9;16,9;16,7;16,6;99;99;99;62;2,4;1,3;
2026/07/27;0800 UTC;0;925,9;925,9;925,8;0;16,7;16,7;16,7;16,7;16,7;16,6;100;100;100;55;2,4;1,4;
2026/07/27;0900 UTC;0;926,2;926,2;926,1;0;16,7;16,3;16,7;16,7;16,4;16,3;98;98;98;60;2;1,1;
2026/07/27;1000 UTC;0;926,2;926,2;926,2;0;16,7;16,2;16,7;16,7;16,2;16,1;97;97;97;41;4,5;3,2;
2026/07/27;1100 UTC;0;926,7;926,7;926,7;329,2;16,8;16;16,9;16,7;16,1;16;97;96;96;57;3,9;2,5;
2026/07/27;1200 UTC;0;927,2;927,2;927,2;630,5;18;16,5;18,1;17,9;16,6;16,4;93;92;92;55;3,3;2;
2026/07/27;1300 UTC;0;927,1;927,1;927,1;1706,7;20,1;16,6;20,1;20,1;16,7;16,5;83;82;83;31;5,5;3,8;
2026/07/27;1400 UTC;0;926,8;926,9;926,8;2199,2;21,9;17,6;22;21,7;17,9;17,3;80;76;79;16;4,6;2,9;
2026/07/27;1500 UTC;0;925,7;925,7;925,6;2312,5;23,6;17,7;23,7;23,4;17,8;17,6;72;71;71;357;5,3;3,2;
2026/07/27;1600 UTC;0;925,4;925,4;925,3;1981,8;24,5;17,7;24,7;24,4;17,8;17,6;66;65;66;306;6;4,1;
2026/07/27;1700 UTC;0;923,8;923,8;923,7;1104,2;24,1;17,9;24,1;24,1;18;17,9;70;69;69;356;4;2,7;
2026/07/27;1800 UTC;0;923,5;923,5;923,5;640,3;24;18,2;24;24;18,4;18;72;70;71;10;3,7;2,2;
2026/07/27;1900 UTC;0;923;923;923;487,2;23,6;18,5;23,6;23,5;18,6;18,4;75;74;75;20;3,1;2,4;
2026/07/27;2000 UTC;;;;;;;;;;;;;;;;;;
2026/07/27;2100 UTC;;;;;;;;;;;;;;;;;;
2026/07/27;2200 UTC;;;;;;;;;;;;;;;;;;
2026/07/27;2300 UTC;;;;;;;;;;;;;;;;;;
2026/07/28;0000 UTC;0;924,5;924,5;924,5;0;21,4;16,8;21,6;21,4;16,9;16,8;77;76;77;19;4,5;3;
2026/07/28;0100 UTC;0;924,5;924,6;924,4;0;21,4;16,8;21,6;21,2;16,9;16,7;78;76;77;15;4,9;3,2;
2026/07/28;0200 UTC;0;924,4;924,4;924,4;0;21,1;16,4;21,1;21,1;16,4;16,3;76;76;76;20;6;4,3;
2026/07/28;0300 UTC;0;923,8;923,8;923,8;0;20;16,4;20;19,9;16,5;16,3;82;82;82;26;6,8;5,1;
2026/07/28;0400 UTC;0;923,7;923,7;923,6;0;19,8;15,9;19,8;19,7;16;15,8;81;80;81;15;6,8;5,2;
2026/07/28;0500 UTC;0;923,4;923,5;923,3;0;19,7;15,4;19,8;19,7;15,4;15,4;78;78;78;14;7,1;4,8;
2026/07/28;0600 UTC;0;922,7;922,7;922,7;0;19,3;15;19,3;19,3;15,1;15;79;79;79;15;6,2;4,3;
2026/07/28;0700 UTC;0;922,2;922,2;922,1;0;19,3;14,8;19,3;19,2;14,8;14,8;78;77;77;21;6,1;4,1;
2026/07/28;0800 UTC;0;922;922,1;922;0;19,3;14,6;19,3;19,2;14,7;14,6;77;77;77;26;4,8;3,5;
2026/07/28;0900 UTC;0;921,7;921,8;921,7;0;19,1;14,3;19,1;19,1;14,4;14,3;77;76;76;25;5,5;4,3;
2026/07/28;1000 UTC;0;921,8;921,8;921,8;0;19,2;14,2;19,3;19,1;14,2;14,1;76;74;75;25;7,6;5,1;
2026/07/28;1100 UTC;;;;;;;;;;;;;;;;;;
2026/07/28;1200 UTC;;;;;;;;;;;;;;;;;;
2026/07/28;1300 UTC;0;924,4;924,5;924,3;1156,2;18;14,5;18,1;17,9;14,8;14,2;85;80;83;188;4,5;2,5;
2026/07/28;1400 UTC;0;923,8;923,9;923,7;1251,8;20,2;16,3;20,4;20,2;16,4;16,1;81;79;80;9;5,4;3,5;
2026/07/28;1500 UTC;0;924,2;924,2;924,2;1118,3;20,6;17,1;20,6;20,6;17,4;16,8;84;81;83;103;3,2;2,1;
2026/07/28;1600 UTC;0;924,7;924,8;924,7;105,6;18,5;16;18,6;18,4;16,1;15,9;88;87;87;186;6,8;3,9;
2026/07/28;1700 UTC;0;924,1;924,2;923,9;510,1;16;15;16,1;15,9;15,2;14,9;96;94;95;140;7,6;3;
2026/07/28;1800 UTC;,2;923,1;923,2;923,1;805,5;17,6;14,4;17,6;17,6;14,7;14,2;85;83;84;129;7,1;3,2;
2026/07/28;1900 UTC;0;923,5;923,6;923,4;454,8;17,7;14,3;17,8;17,6;14,4;14,2;84;83;83;115;7,1;4;
2026/07/28;2000 UTC;;;;;;;;;;;;;;;;;;
2026/07/28;2100 UTC;0;923,4;923,4;923,3;,1;15,6;14,3;15,6;15,6;14,4;14,2;94;93;93;92;7,5;3,9;
2026/07/28;2200 UTC;0;922,9;923,1;922,8;0;15,4;14,2;15,5;15,4;14,2;14,1;94;93;94;61;6,9;4,4;
2026/07/28;2300 UTC;0;922,9;923;922,9;0;15,1;13,7;15,1;15;13,8;13,7;94;93;93;57;6,9;3,7;
2026/07/29;0000 UTC;0;921,9;922;921,9;0;15;13,4;15;15;13,4;13,3;92;92;92;58;10;6,2;
2026/07/29;0100 UTC;,2;921,3;921,8;921;0;15,1;12,9;15,3;15;13,2;12,4;91;86;89;56;10;6,1;
2026/07/29;0200 UTC;0;921;921,1;920,9;0;15,7;12,2;15,7;15,7;12,2;12,1;83;82;83;58;8,3;5,6;
2026/07/29;0300 UTC;0;920,3;920,4;920,2;0;15,8;12,3;15,8;15,8;12,3;12,3;83;82;82;63;7,7;5;
2026/07/29;0400 UTC;0;919,3;919,4;919,2;0;16,6;13,1;16,6;16,5;13,2;13,1;83;83;83;55;10,2;6,5;
2026/07/29;0500 UTC;0;920,3;920,5;920,1;0;16,7;14;16,8;16,7;14,1;13,9;86;86;86;32;5,6;3,4;
2026/07/29;0600 UTC;,2;921;921,2;920,8;0;16,2;14,4;16,2;16,2;14,5;14,3;92;90;91;228;8,6;5,4;
2026/07/29;0700 UTC;0;921,2;921,5;921;0;15,6;14,6;15,7;15,5;14,8;14;96;93;95;241;5,6;2,6;
2026/07/29;0800 UTC;,4;922,1;922,3;922;0;14,2;13,2;14,2;14,2;13,3;13,2;95;95;95;169;6,7;4,2;
2026/07/29;0900 UTC;,8;924,3;924,5;924,2;0;13,6;13,1;13,6;13,6;13,1;13;97;97;97;189;7,6;5;
2026/07/29;1000 UTC;,4;924,7;924,9;924,2;0;13,5;12,8;13,5;13,5;13;12,3;97;94;97;9;3,5;1,8;
2026/07/29;1100 UTC;,6;928,5;928,7;928,5;,5;13,4;12,5;13,4;13,4;12,7;12,3;96;94;95;226;10,3;6,5;
2026/07/29;1200 UTC;;;;;;;;;;;;;;;;;;
2026/07/29;1300 UTC;0;924,8;925;924,5;674,7;13,2;12,2;13,2;13,2;12,3;12,1;96;95;95;116;4,5;2,5;
2026/07/29;1400 UTC;0;925,4;925,5;925,4;1187,7;14,5;12,6;14,5;14,5;12,9;12,5;92;90;91;15;3,9;2,6;
2026/07/29;1500 UTC;0;925,5;925,6;925,4;964,8;14,4;12,8;14,4;14,3;12,9;12,7;93;92;92;351;5;3,3;
2026/07/29;1600 UTC;0;924,5;924,5;924,5;1739,4;16,2;12,2;16,2;16,1;12,7;11,7;83;78;80;4;5,1;3,1;
2026/07/29;1700 UTC;0;924,8;924,9;924,7;2128,5;18,1;13,1;18,3;18,1;13,7;12,8;77;73;75;343;5,3;2,7;
2026/07/29;1800 UTC;0;924,9;924,9;924,8;1947,4;19;12,9;19,2;18,9;13,4;12,5;72;67;69;298;4,5;2,4;
2026/07/29;1900 UTC;0;925,2;925,2;925,1;1299,4;19,6;13,1;19,7;19,5;13,6;12,7;70;65;67;327;5,3;3,3;
2026/07/29;2000 UTC;0;925,6;925,6;925,6;554,9;19,3;13,5;19,4;19,2;13,7;13,2;72;69;71;280;3,2;2;
2026/07/29;2100 UTC;0;925,7;925,7;925,7;0;17,4;13,4;17,5;17,3;13,6;13,3;81;79;80;343;,8;,5;
2026/07/29;2200 UTC;0;926,3;926,4;926,3;0;16;13,2;16,1;15,9;13,2;13,2;86;86;86;171;,8;,3;
2026/07/29;2300 UTC;0;926,9;926,9;926,8;0;15,9;13;16;15,8;13;12,8;86;85;85;75;1,1;,5;
2026/07/30;0000 UTC;0;927,4;927,4;927,4;0;15,3;13;15,3;15,3;13;13;89;88;88;70;1,1;,6;
2026/07/30;0100 UTC;0;927,8;928,2;927,6;0;15,6;12,8;16,1;14,8;12,9;12,2;90;83;86;161;5,2;1,7;
2026/07/30;0200 UTC;0;928,3;928,4;928,2;0;14,6;12,4;14,7;14,5;12,4;12,4;89;88;89;124;4,4;2,4;
2026/07/30;0300 UTC;0;928,8;928,8;928,8;0;14,2;11,8;14,2;14,2;11,8;11,8;88;88;88;117;4,6;2,7;
2026/07/30;0400 UTC;;;;;;;;;;;;;;;;;;
2026/07/30;0500 UTC;0;928;928;927,9;0;11,7;11,5;11,8;11,6;11,5;11,4;99;99;99;75;3;1,5;
2026/07/30;0600 UTC;0;927,4;927,4;927,4;0;11,5;10,9;11,7;11,3;11;10,8;98;96;97;65;2,6;1,3;
2026/07/30;0700 UTC;0;927,1;927,1;927,1;0;12,1;11,2;12,4;11,6;11,5;10,8;96;95;96;83;3,9;2,1;
2026/07/30;0800 UTC;0;927,8;927,8;927,8;0;13,4;11,7;13,5;13,3;11,9;11,2;93;89;92;103;5,3;2,7;
2026/07/30;0900 UTC;0;928,9;929;928,8;0;10,5;10,4;10,6;10,5;10,4;10,4;100;99;99;61;4,4;2,7;
2026/07/30;1000 UTC;0;929,6;929,7;929,6;0;10,9;10,9;10,9;10,9;10,9;10,9;100;100;100;83;4,4;2,6;
2026/07/30;1100 UTC;0;930,1;930,2;930;179,5;10,9;10,4;11,1;10,8;10,5;10,4;98;97;97;58;4,8;2,7;
2026/07/30;1200 UTC;;;;;;;;;;;;;;;;;;
2026/07/30;1300 UTC;0;931,8;931,8;931,7;1145,6;13;12,4;13;13;12,5;12,3;98;97;97;75;6,7;2,6;
2026/07/30;1400 UTC;0;931,5;931,5;931,4;2246,8;15,6;13;15,7;15,5;13,4;12,5;89;84;87;68;6,3;3,3;
2026/07/30;1500 UTC;0;930,8;930,8;930,6;2585,4;17,3;13;17,4;17,1;13,4;12,8;81;77;79;58;7;3,3;
2026/07/30;1600 UTC;0;930;930,1;929,9;2591,2;18,5;13,5;18,5;18,4;13,7;13,4;76;74;75;66;6,9;3,9;
2026/07/30;1700 UTC;0;929,7;929,8;929,6;2333,1;19,3;14;19,4;19,2;14,5;13,8;76;72;74;68;5,2;2,6;
2026/07/30;1800 UTC;0;929;929,1;928,9;1880;20,4;15,1;20,4;20,3;15,5;14,9;76;72;74;69;5,7;3,1;
2026/07/30;1900 UTC;0;928,9;928,9;928,9;1225,7;20,7;15,3;20,8;20,5;15,6;15,1;74;72;73;94;5,2;2,8;
2026/07/30;2000 UTC;0;929,2;929,2;929,2;432,7;19,9;15,2;19,9;19,8;15,3;15,2;77;76;77;99;5,3;3,1;
2026/07/30;2100 UTC;;;;;;;;;;;;;;;;;;
2026/07/30;2200 UTC;0;929,4;929,5;929,4;0;17,7;14,4;17,8;17,7;14,5;14,3;84;83;83;70;7,2;3,4;
2026/07/30;2300 UTC;0;930,2;930,3;930,2;0;16,1;13,3;16,2;16;13,4;13,3;87;85;86;80;8,1;3,4;
2026/07/31;0000 UTC;0;930,8;930,8;930,7;0;14,8;12,8;14,8;14,8;12,8;12,8;90;90;90;75;7;3,8;
2026/07/31;0100 UTC;0;931;931,3;930,8;0;14,6;12,8;14,7;14,5;12,9;12,7;92;90;91;67;8,4;4,6;
2026/07/31;0200 UTC;0;931,3;931,3;931,2;0;14,4;12,6;14,5;14,4;12,6;12,6;91;91;91;58;8,8;5,2;
2026/07/31;0300 UTC;0;931,3;931,3;931,3;0;14,5;12,8;14,5;14,5;12,8;12,8;92;91;91;64;9,5;5;
2026/07/31;0400 UTC;0;930,7;930,7;930,6;0;14,4;12,9;14,4;14,4;12,9;12,9;92;92;92;65;10,6;5,1;
2026/07/31;0500 UTC;0;931,1;931,1;931;0;14,3;12,7;14,3;14,3;12,7;12,6;92;92;92;58;9,7;5,7;
2026/07/31;0600 UTC;0;930,7;930,8;930,6;0;14,1;12,6;14,2;14,1;12,6;12,5;92;92;92;60;7,7;4,2;
2026/07/31;0700 UTC;0;930,5;930,5;930,4;0;14;12,5;14;14;12,5;12,5;93;92;93;66;6,3;2,9;
2026/07/31;0800 UTC;0;930,4;930,4;930,4;0;13,8;12,4;13,8;13,8;12,4;12,4;93;93;93;70;8,3;3,5;
2026/07/31;0900 UTC;0;930,4;930,4;930,3;0;13,6;12,2;13,6;13,6;12,2;12,2;93;93;93;64;9,6;5;
2026/07/31;1000 UTC;0;931;931;931;0;13,4;12,2;13,4;13,4;12,2;12,1;94;94;94;60;7,6;3,8;
2026/07/31;1100 UTC;0;931,5;931,6;931,5;179,5;13,5;12;13,6;13,5;12;11,9;92;92;92;51;8,6;4,2;
2026/07/31;1200 UTC;;;;;;;;;;;;;;;;;;
2026/07/31;1300 UTC;0;932,2;932,3;932,2;1765,8;15,8;12,3;15,9;15,7;12,5;12,2;84;82;83;62;11,2;5,8;
2026/07/31;1400 UTC;0;932;932,1;931,9;2264;17,6;13,3;17,7;17,6;13,6;13,1;79;77;78;59;9,7;5,1;
2026/07/31;1500 UTC;0;931,4;931,4;931,4;2543,1;19,5;14,5;19,7;19,4;14,8;14,3;76;74;75;66;8;4;
2026/07/31;1600 UTC;0;930,3;930,4;930,2;2584,4;21;15,2;21,2;21;15,3;15,1;72;70;71;49;8,4;5,6;
2026/07/31;1700 UTC;0;929,4;929,4;929,3;2365,6;22,5;16,1;22,6;22,5;16,3;16;69;67;68;47;7,5;4,1;
2026/07/31;1800 UTC;0;928,9;928,9;928,8;1915,9;22,9;16,5;23;22,7;16,8;16,2;70;66;68;56;6,6;3,5;
2026/07/31;1900 UTC;0;928,3;928,3;928,3;1289,8;22,9;16,7;23;22,8;16,9;16,4;70;68;69;57;5,6;3,1;
2026/07/31;2000 UTC;0;928,2;928,2;928,1;569,4;22,1;16,6;22,1;22,1;16,7;16,5;73;72;72;56;6,2;3,3;
2026/07/31;2100 UTC;;;;;;;;;;;;;;;;;;
2026/07/31;2200 UTC;0;928,3;928,3;928,2;0;17,7;14,1;17,8;17,7;14,2;14;82;81;82;68;7,7;3,5;
2026/07/31;2300 UTC;0;928,7;928,8;928,6;0;16,2;12,5;16,2;16,2;12,6;12,4;82;81;81;83;5,9;3,5;
2026/08/01;0000 UTC;0;928,6;928,7;928,6;0;14,9;11,8;15;14,9;11,8;11,7;84;84;84;67;10;4,5;
2026/08/01;0100 UTC;0;928,7;928,8;928,4;0;14,7;11,4;14,9;14,3;11,7;11,3;85;83;84;68;9,6;4,6;
2026/08/01;0200 UTC;0;928,5;928,6;928,5;0;13,8;11,5;13,8;13,7;11,5;11,4;89;88;88;68;9,8;4,8;
2026/08/01;0300 UTC;0;928,2;928,2;928;0;13,2;11,5;13,3;13,2;11,5;11,4;92;91;91;79;7,4;4,1;
2026/08/01;0400 UTC;0;928,2;928,3;928,2;0;13,1;11,6;13,1;13,1;11,7;11,6;93;92;93;61;6,6;3,7;
2026/08/01;0500 UTC;0;928,3;928,3;928,2;0;13,4;11,7;13,4;13,4;11,8;11,7;92;91;92;55;7,9;4,3;
2026/08/01;0600 UTC;0;927,1;927,2;927;0;13,8;11,8;13,9;13,8;11,9;11,8;90;90;90;55;11,3;7,5;
2026/08/01;0700 UTC;0;926,9;927;926,8;0;13,9;11,9;14;13,9;11,9;11,8;90;89;90;53;11,7;5,5;
2026/08/01;0800 UTC;0;927;927,1;927;0;13,6;11,4;13,6;13,6;11,4;11,3;89;89;89;47;7,8;4,3;
2026/08/01;0900 UTC;0;927,3;927,3;927,2;0;13;10,9;13;13;10,9;10,8;89;89;89;56;7,8;4,2;
2026/08/01;1000 UTC;0;927,8;927,9;927,7;0;12,5;10,3;12,5;12,5;10,3;10,3;89;89;89;51;8,3;4,9;
2026/08/01;1100 UTC;0;928;928;927,9;409,7;12,8;10;12,8;12,7;10,1;10;87;86;86;50;7,6;4,2;
2026/08/01;1200 UTC;;;;;;;;;;;;;;;;;;
2026/08/01;1300 UTC;0;927,8;927,9;927,7;1684,7;16,9;11,5;17;16,8;11,6;11,3;74;72;73;59;7,8;4,5;
2026/08/01;1400 UTC;0;927,6;927,7;927,6;2291,5;19,9;13,1;20;19,7;13,3;12,9;67;64;66;53;5,1;3,1;
2026/08/01;1500 UTC;0;926,7;926,7;926,6;2563,1;22,3;13,8;22,4;22,2;14;13,6;59;57;58;39;6,6;4,3;
2026/08/01;1600 UTC;0;925,6;925,7;925,6;2576,5;24,4;14,9;24,6;24,3;15,4;14,7;55;51;53;19;7,3;4,7;
2026/08/01;1700 UTC;0;924,4;924,5;924,3;2342,8;25,7;15,4;25,8;25,7;15,5;15,1;49;47;48;22;8,8;5,6;
2026/08/01;1800 UTC;0;923,7;923,7;923,7;1875;26,4;15,9;26,5;26,3;16,2;15,7;49;47;47;5;7,9;5,4;
2026/08/01;1900 UTC;0;923;923,1;922,9;1272,8;26,3;16,4;26,3;26,2;16,6;16,2;52;50;50;18;7,3;4,8;
2026/08/01;2000 UTC;0;923,2;923,2;923,1;509,3;26;15,3;26,1;26;15,5;15,2;47;46;47;15;6,8;4,5;
2026/08/01;2100 UTC;0;923,6;923,7;923,6;0;24,4;14,9;24,6;24,3;14,9;14,8;53;51;52;12;5,7;3,5;
2026/08/01;2200 UTC;0;924,3;924,3;924,1;0;24,1;14,8;24,2;24;14,9;14,7;54;53;54;351;4,9;2,8;
2026/08/01;2300 UTC;0;926,8;927;926,7;0;19,6;15,7;19,7;19,4;15,7;15,6;81;80;81;251;10,2;7;
2026/08/02;0000 UTC;0;928,3;928,4;928,3;0;17,6;13,6;17,6;17,6;13,7;13,6;81;80;80;244;6,2;4,1;
2026/08/02;0100 UTC;0;928,9;929,2;928,5;0;17,2;12,6;17,6;16,9;13,4;11,9;80;74;77;282;7,2;3,2;
2026/08/02;0200 UTC;,2;927,4;927,5;927,3;0;14,8;13;14,9;14,8;13,1;12,9;91;90;91;27;8,3;5,7;
2026/08/02;0300 UTC;0;926,4;926,7;926;0;15,4;12,9;15,6;15,3;12,9;12,7;88;86;87;22;13,9;7,5;
2026/08/02;0400 UTC;;;;;;;;;;;;;;;;;;
2026/08/02;0500 UTC;0;927,4;927,4;927,3;0;14,2;13,3;14,2;14,2;13,3;13,3;96;95;96;233;,6;,4;
2026/08/02;0600 UTC;0;927,3;927,3;927,3;0;14,4;12,4;14,4;14,4;12,5;12,4;91;90;90;253;1,1;,6;
2026/08/02;0700 UTC;0;927;927;926,9;0;14,1;12,3;14,2;14;12,3;12,3;92;91;91;180;1,4;1,2;
2026/08/02;0800 UTC;0;926,8;926,9;926,7;0;13,4;12,5;13,5;13,4;12,6;12,5;96;95;95;202;1,6;,7;
2026/08/02;0900 UTC;;;;;;;;;;;;;;;;;;
2026/08/02;1000 UTC;0;927,6;927,7;927,6;0;13,1;12,3;13,3;13;12,3;12,2;96;95;96;84;2,3;1,5;
2026/08/02;1100 UTC;0;928,1;928,1;928;184,5;13,1;12,3;13,2;13,1;12,4;12,3;96;96;96;80;2,7;1,4;
2026/08/02;1200 UTC;;;;;;;;;;;;;;;;;;
2026/08/02;1300 UTC;0;929;929;928,9;1028,5;15,9;13;16;15,9;13,1;12,9;86;85;85;85;3,4;1,6;
2026/08/02;1400 UTC;0;929;929;929;1103,9;16,4;13,9;16,6;16,4;14,2;13,8;88;87;87;82;3,3;1,7;
2026/08/02;1500 UTC;0;928,6;928,6;928,6;1764,8;18,3;14,1;18,4;18,2;14,3;13,9;80;78;79;62;3,7;1,9;
2026/08/02;1600 UTC;0;928,1;928,1;928;1464,4;19,2;14,6;19,3;19,2;14,8;14,5;78;76;77;72;3,6;2;
2026/08/02;1700 UTC;0;927,6;927,7;927,6;1108,8;20,4;15,4;20,5;20,4;15,7;15;76;73;75;61;3,8;1,6;
2026/08/02;1800 UTC;0;927,5;927,5;927,5;1111,6;21,3;15,4;21,3;21,3;15,6;15,2;71;69;70;92;2,2;1,3;
2026/08/02;1900 UTC;0;927,7;927,8;927,7;572,3;21,6;16;21,6;21,5;16,2;15,8;73;71;72;61;1,7;,9;
2026/08/02;2000 UTC;0;927,8;927,8;927,8;185,4;20,6;16,3;20,7;20,6;16,5;16,1;79;78;78;65;1,1;,5;
2026/08/02;2100 UTC;0;928;928;928;0;19,6;16;19,6;19,5;16;15,9;83;82;82;86;2;1,2;
2026/08/02;2200 UTC;0;928,3;928,3;928,3;0;19,1;15,9;19,2;19;15,9;15,8;84;83;84;66;2,7;1,4;
2026/08/02;2300 UTC;0;928,5;928,5;928,5;0;19,1;15,8;19,2;19,1;15,8;15,7;83;83;83;61;4,4;2,7;
2026/08/03;0000 UTC;0;928,7;928,7;928,6;0;19,4;15,8;19,4;19,4;15,8;15,7;82;82;82;56;4;2,8;
2026/08/03;0100 UTC;0;928,8;928,9;928,6;0;19,3;15,9;19,5;19,1;15,9;15,8;84;82;83;62;4,8;2,2;
2026/08/03;0200 UTC;0;928,9;929;928,9;0;18,8;15,8;18,8;18,8;15,9;15,8;85;85;85;60;4,7;3,1;
2026/08/03;0300 UTC;0;928,9;928,9;928,9;0;18,2;15,8;18,2;18,2;15,9;15,8;88;88;88;90;3,8;1,8;
2026/08/03;0400 UTC;0;928,6;928,6;928,6;0;18,4;15,8;18,4;18,4;15,9;15,8;87;87;87;63;5,4;3,3;
2026/08/03;0500 UTC;0;928,2;928,3;928,2;0;18,1;15,6;18,1;18;15,6;15,5;88;87;88;61;6,2;4,1;
2026/08/03;0600 UTC;0;928,3;928,3;928,2;0;17,2;15,3;17,3;17,2;15,3;15,3;91;90;90;72;4,3;2,5;
2026/08/03;0700 UTC;0;928;928;928;0;16,9;15;16,9;16,8;15;14,9;91;91;91;75;5,4;2,8;
2026/08/03;0800 UTC;0;928,1;928,1;928;0;16,2;14,8;16,2;16,1;14,8;14,8;94;93;93;93;3,6;2,1;
2026/08/03;0900 UTC;0;928,4;928,4;928,3;0;15,8;14,6;15,9;15,8;14,6;14,6;94;94;94;76;3,2;1,8;
2026/08/03;1000 UTC;0;928,9;928,9;928,8;0;15,8;14,6;15,9;15,8;14,6;14,6;94;94;94;59;3,7;2;
2026/08/03;1100 UTC;;;;;;;;;;;;;;;;;;
2026/08/03;1200 UTC;;;;;;;;;;;;;;;;;;
2026/08/03;1300 UTC;4;930,2;930,2;930;1282,7;19,3;16,1;19,3;18,8;16,2;15,7;84;81;81;65;6,5;3,1;
2026/08/03;1400 UTC;0;929,8;930,3;929,8;1609,4;21;16,7;21;19,4;17;16;81;75;76;58;5,3;2,2;
2026/08/03;1500 UTC;0;929,2;929,8;929,2;1749,8;22,3;16,4;22,3;20,8;17,1;15,8;79;68;69;50;6,3;3,4;
2026/08/03;1600 UTC;0;928,6;929,1;928,6;2080,6;23,3;16,7;23,9;22,3;17,4;15,6;71;60;66;37;5,2;3,6;
2026/08/03;1700 UTC;0;928,2;928,6;928,2;1135,5;23,7;17,3;23,7;23,3;17,5;16,8;69;65;68;22;5,3;1,7;
2026/08/03;1800 UTC;;;;;;;;;;;;;;;;;;
2026/08/03;1900 UTC;0;928,4;928,4;928;280,8;22,8;17,7;23,7;22,8;17,9;16,3;73;64;73;287;3;1,7;
2026/08/03;2000 UTC;0;928,8;928,8;928,4;98,5;21,9;15,6;22,8;21,9;17,9;15,1;74;62;67;320;6,7;2,5;
2026/08/03;2100 UTC;0;929,4;929,4;928,8;20,7;19;15,4;21,9;18,8;15,9;14,6;81;67;80;341;9,2;3,9;
2026/08/03;2200 UTC;;;;;;;;;;;;;;;;;;
2026/08/03;2300 UTC;0;929,6;929,6;929,4;0;17,6;16,5;18,3;17,6;16,5;15,9;93;87;93;338;5,4;3;
2026/08/04;0000 UTC;,2;929;929,6;929;0;17;16,3;17,6;17;16,7;16,3;96;93;96;46;6,3;2,4;
2026/08/04;0100 UTC;0;928,8;929;928,7;0;16,8;15,8;17;16,8;16,3;15,8;96;94;94;54;7,2;3,7;
2026/08/04;0200 UTC;0;928,8;928,9;928,7;0;16,7;15,4;16,8;16,7;15,8;15,2;94;91;92;34;6;2;
2026/08/04;0300 UTC;0;928,1;928,8;928,1;0;16,6;15,1;16,7;16,4;15,4;15,1;93;91;91;43;5,6;3,4;
2026/08/04;0400 UTC;0;928,1;928,1;927,9;0;16;15;16,8;16;15,2;14,9;94;89;94;170;6;,8;
2026/08/04;0500 UTC;0;928;928,4;928;0;15,6;15,1;16,2;15,6;15,1;14,9;97;92;97;222;1,7;,8;
2026/08/04;0600 UTC;0;927;927,9;926,8;0;15,5;14,5;15,6;15,1;15,1;14,5;97;94;94;97;1,6;,7;
2026/08/04;0700 UTC;0;926,6;927;926,6;0;15,7;14,8;16;15,2;14,8;14,3;96;90;95;84;4,2;2,1;
2026/08/04;0800 UTC;0;926,6;926,6;926,4;0;15,9;14,6;15,9;15,5;14,8;14,5;96;92;92;79;4;1,7;
2026/08/04;0900 UTC;0;927,1;927,1;926,6;0;16;14,7;16,1;15,8;14,8;14,6;93;91;93;68;4,3;1,3;
2026/08/04;1000 UTC;0;927,6;927,6;927,1;0;16,1;14,5;16,3;15,9;14,7;14,5;93;90;91;80;4,2;1,9;
2026/08/04;1100 UTC;;;;;;;;;;;;;;;;;;
2026/08/04;1200 UTC;;;;;;;;;;;;;;;;;;
2026/08/04;1300 UTC;2,4;930,2;930,4;929,4;156,5;15,8;15,4;16,1;15,6;15,4;14,7;98;92;97;172;3,4;2,1;
2026/08/04;1400 UTC;,4;929,8;930,1;929,8;320,2;16,6;16;16,6;15,8;16,1;15,4;98;95;96;77;3;1,2;
2026/08/04;1500 UTC;0;928,8;929,7;928,8;947,5;18;16,4;18;16,6;16,9;15,6;97;90;90;71;4,8;1,7;
2026/08/04;1600 UTC;0;927,7;928,8;927,7;1022,5;19,1;16,9;19,1;18;17,4;16,4;93;86;87;61;4,6;2;
2026/08/04;1700 UTC;0;927,1;927,7;927,1;1773,5;20,5;15,9;20,6;19,1;18,2;15,9;91;75;75;59;4,4;1,9;
2026/08/04;1800 UTC;;;;;;;;;;;;;;;;;;
2026/08/04;1900 UTC;0;926,4;926,6;926,4;996,6;20,7;15,7;21,5;20,6;17,1;15,6;78;71;73;28;4,7;2,8;
2026/08/04;2000 UTC;0;926,4;926,4;926,3;788,1;20,7;16,5;21,4;20,7;16,6;15,6;77;70;77;48;4,6;2,8;
2026/08/04;2100 UTC;0;926,1;926,4;926;175,1;19,4;16,6;20,7;19,3;16,8;16,4;85;77;84;59;4,1;2,3;
2026/08/04;2200 UTC;0;926,6;926,6;926,1;0;19,2;16,6;19,4;19,1;16,8;16,5;86;84;85;84;3,4;,7;
2026/08/04;2300 UTC;0;926,6;926,7;926,5;0;19,6;15,7;19,6;18,9;16,6;15,4;85;77;78;112;2,9;1,7;
2026/08/05;0000 UTC;0;926,7;926,7;926,6;0;17,8;15,9;19,5;17,8;16,1;15,6;89;79;89;61;3,6;,7;
2026/08/05;0100 UTC;0;926,4;926,8;926,4;0;18,5;15,7;19;18,1;16;15,7;87;82;84;90;4,2;1,7;
2026/08/05;0200 UTC;0;926,4;926,5;926,4;0;17,3;15,8;19;17,3;16,1;15,8;91;82;91;62;4,6;1;
2026/08/05;0300 UTC;0;926,2;926,5;926,2;0;17,9;15,8;18,3;17,2;15,9;15,8;92;86;87;89;5,8;2,7;
2026/08/05;0400 UTC;0;926,2;926,3;926,2;0;17,5;15,7;18;17,1;15,8;15,6;92;87;89;77;5,1;1,6;
2026/08/05;0500 UTC;0;925,8;926,2;925,8;0;17,2;15,4;17,5;17,1;15,7;15,4;90;88;89;77;4,1;1,7;
2026/08/05;0600 UTC;0;925,6;925,8;925,6;0;16,6;15,1;17,2;16,6;15,4;15,1;91;89;91;72;3,8;1,3;
2026/08/05;0700 UTC;0;925;925,6;925;0;17;15,1;17,1;16,5;15,2;15;92;88;88;75;3,8;1,8;
2026/08/05;0800 UTC;0;924,6;925;924,6;0;16,8;14,8;17;16,2;15,1;14,8;92;88;88;74;3,9;1,8;
2026/08/05;0900 UTC;0;925;925;924,6;0;16,8;14,7;16,8;16,5;14,9;14,6;90;87;88;68;3,3;1,1;
2026/08/05;1000 UTC;0;926,3;926,3;925;0;16,3;15;16,8;16,2;15;14,7;92;88;92;4;3,1;1,5;
2026/08/05;1100 UTC;,6;926,9;926,9;926,3;14,2;15,7;15,3;16,4;15,7;15,3;14,9;97;91;97;327;4,9;2,5;
2026/08/05;1200 UTC;1,4;927;927;926,9;78,8;15,1;14,3;15,7;15,1;15,3;14,2;98;94;95;13;4,6;2,7;
2026/08/05;1300 UTC;;;;;;;;;;;;;;;;;;
2026/08/05;1400 UTC;1,2;926,6;927,1;926,6;576;15,7;15;15,7;14,9;15,1;14,4;98;96;96;58;6,1;2,5;
2026/08/05;1500 UTC;0;925,8;926,6;925,8;680,7;16,1;15,2;16,1;15,7;15,4;14,9;97;93;95;65;5,7;2,1;
2026/08/05;1600 UTC;0;924,5;925,8;924,5;836,3;17;15,5;17;16,1;15,7;14,8;94;91;91;58;5,5;3;
2026/08/05;1700 UTC;0;923,9;924,5;923,8;1551,5;17,5;15;18,3;17;16,2;14,8;92;83;85;39;6,3;3,3;
2026/08/05;1800 UTC;,2;923,4;923,9;923,4;520;17,3;15,6;17,5;17,1;15,7;14,8;91;86;90;42;4,8;2,2;
2026/08/05;1900 UTC;,2;923,4;923,5;923,3;317,7;16,6;15,8;17,3;16,5;16;15,3;96;88;95;16;3,2;1,8;
2026/08/05;2000 UTC;0;923,4;923,6;923,4;356,7;16,8;15,9;17,1;16,5;16,1;15,4;96;90;95;26;3;1,7;
2026/08/05;2100 UTC;0;923,7;923,7;923,3;114;16,2;15,7;16,9;16,2;16,1;15,7;97;94;97;52;3,7;1,1;
2026/08/05;2200 UTC;0;923,5;923,8;923,5;0;15,9;15,6;16,2;15,9;15,9;15,6;98;97;98;57;3,3;2;
2026/08/05;2300 UTC;;;;;;;;;;;;;;;;;;
2026/08/06;0000 UTC;0;923,9;923,9;923,7;0;14,7;14,7;15,2;14,7;15;14,7;100;98;100;55;3,5;2,1;
2026/08/06;0100 UTC;0;923,7;923,9;923,7;0;14,7;14,7;14,8;14,7;14,8;14,7;100;100;100;60;3,1;1,6;
2026/08/06;0200 UTC;0;923,7;923,8;923,7;0;14,5;14,5;14,8;14,5;14,8;14,5;100;100;100;67;2,1;1,1;
2026/08/06;0300 UTC;0;923,2;923,7;923,2;0;14,5;14,5;14,6;14,1;14,6;14,1;100;100;100;67;1,1;1,1;
2026/08/06;0400 UTC;0;922,8;923,2;922,8;0;13,9;13,9;14,5;13,9;14,5;13,9;100;100;100;67;1,1;1,1;
2026/08/06;0500 UTC;0;922,6;922,9;922,6;0;14;14;14;13,7;14;13,7;100;100;100;67;1,1;1,1;
2026/08/06;0600 UTC;0;922;922,6;922;0;14;14;14,1;13,8;14,1;13,8;100;100;100;67;1,1;1,1;
2026/08/06;0700 UTC;,2;921,5;922;921,5;0;13,9;13,9;14;13,8;14;13,8;100;100;100;67;1,1;1,1;
2026/08/06;0800 UTC;0;920,7;921,5;920,7;0;13,9;13,9;14,5;13,9;14,5;13,8;100;99;99;67;1,1;1,1;
2026/08/06;0900 UTC;0;920,5;920,8;920,4;0;14,1;14,1;14,1;13,9;14,1;13,8;100;100;100;75;3,7;1,5;
2026/08/06;1000 UTC;0;920,7;920,8;920,5;0;14,3;14,3;14,3;14;14,3;13,9;100;100;100;60;4,6;2,3;
2026/08/06;1100 UTC;0;921,5;921,5;920,6;50,1;14,6;14,5;14,6;14,3;14,5;14,2;100;99;99;35;4,5;2,8;
2026/08/06;1200 UTC;,4;921,1;921,5;921;317,1;15;14,7;15,7;14,7;15,3;14,5;99;97;98;78;5,5;2;
2026/08/06;1300 UTC;0;921,1;921,2;920,8;343;15,3;14,9;15,4;15;15;14,7;99;97;97;47;4,1;2,1;
2026/08/06;1400 UTC;4,2;921,6;921,9;921;55,6;16;15;16,3;15,3;15,4;14,8;99;92;94;342;10,1;4,8;
2026/08/06;1500 UTC;,2;921,4;921,7;921;682,9;17;15,9;17;15,8;16;14,9;95;92;93;351;7;2,6;
2026/08/06;1600 UTC;0;920,7;921,6;920,7;1066,1;17,5;16,3;18,3;17;16,8;15,6;94;88;93;338;6,8;3,4;
2026/08/06;1700 UTC;,2;919,2;920,7;919;777;18;16,9;18;17,5;16,9;15,8;95;88;93;43;7,4;4,7;
2026/08/06;1800 UTC;0;918,2;919,3;918,2;1402,2;19,5;16,4;19,7;18;17,3;16,1;93;81;82;50;7,3;3,4;
2026/08/06;1900 UTC;0;918,2;918,2;917,9;700,3;18,9;15,7;19,4;18,9;16,7;15,6;87;81;82;42;7,2;4,1;
2026/08/06;2000 UTC;0;919,1;919,1;918,1;335,6;19,4;15;19,4;18,8;16,1;15;83;76;76;336;7,6;4;
2026/08/06;2100 UTC;0;919,4;919,4;919;10,8;17,6;14,6;19,5;17,6;14,9;14,1;83;72;83;306;11,5;5,4;
2026/08/06;2200 UTC;;;;;;;;;;;;;;;;;;
2026/08/06;2300 UTC;1;917;919,8;916,9;0;15,4;14,9;16;15,4;15,2;14,9;98;94;97;44;7,1;4,2;
2026/08/07;0000 UTC;1,8;916,7;917,2;916,6;0;15,6;14,5;15,6;15,4;14,9;14,4;97;93;93;27;9,1;4,6;
2026/08/07;0100 UTC;0;917,4;917,5;916,5;0;15,6;14,5;15,8;15,3;14,6;14,2;95;91;93;250;8,9;2,1;
2026/08/07;0200 UTC;6,3;919,5;920,3;917,3;0;14,9;14,7;15,6;14,9;14,8;14,4;99;93;99;232;13;2,8;
2026/08/07;0300 UTC;;;;;;;;;;;;;;;;;;
2026/08/07;0400 UTC;;;;;;;;;;;;;;;;;;
2026/08/07;0500 UTC;,2;918,1;918,3;917,6;0;14,7;13,7;15,1;14,6;13,8;13,3;95;90;94;310;5,8;2,6;
2026/08/07;0600 UTC;0;918,4;918,5;918,1;0;14,8;14,4;14,8;14,5;14,4;13,7;98;93;97;288;7,4;3,5;
2026/08/07;0700 UTC;,2;918,6;918,7;918,4;0;14,8;14,2;14,8;14,7;14,5;14,2;98;96;97;291;7,7;3,9;
2026/08/07;0800 UTC;0;918,8;918,9;918,7;0;14,1;13,7;14,8;14,1;14,3;13,7;98;95;97;249;9,1;3,8;
2026/08/07;0900 UTC;0;919,7;919,8;918,7;0;12,6;11,5;14;12,6;13,6;11,3;97;91;93;236;9,5;4,1;
2026/08/07;1000 UTC;0;920,6;920,6;919,7;0;11,6;10,9;12,5;11,6;11,5;10,9;96;92;96;242;7,9;3,9;
2026/08/07;1100 UTC;0;921,9;921,9;920,6;82;11,1;9,9;11,6;11,1;10,9;9,9;96;92;93;250;7,9;4,9;
2026/08/07;1200 UTC;,2;922,7;922,8;921,8;457,7;10,4;8,4;11,1;10,2;10,1;8,1;94;87;88;233;11,6;3,6;
2026/08/07;1300 UTC;0;922,9;923,1;922,5;963,5;11,2;7,6;11,2;10,4;8,8;7,4;89;78;79;246;7,1;3,3;
2026/08/07;1400 UTC;0;922,9;923,3;922,6;2014;12,5;7,8;12,8;11,1;8,5;7,3;81;71;73;266;7,8;2,9;
2026/08/07;1500 UTC;0;922,9;923,3;922,8;2913;14,1;9;14,4;12,5;9,7;7,7;75;68;71;240;6,7;2,7;
2026/08/07;1600 UTC;0;922,6;922,8;922,3;2306,7;14,4;9,6;14,4;13,4;10,2;7,7;78;66;73;231;6,1;3,3;
2026/08/07;1700 UTC;0;921,8;922,6;921,7;2246,8;13,6;8,9;14,5;13,3;9,8;8,9;78;72;73;222;7,1;2,8;
2026/08/07;1800 UTC;0;921,2;921,8;921,2;2393,8;14,4;9,1;15;13,6;9,7;8,4;76;67;70;238;5,7;2,8;
2026/08/07;1900 UTC;0;921,4;921,4;921,1;1411;13,6;8,9;15;13,4;9,3;8,5;73;67;73;222;6,2;2,2;
2026/08/07;2000 UTC;0;921,8;921,8;921,3;961,5;14,1;8,8;14,1;13,6;9;8;72;67;70;262;5,6;1,8;
2026/08/07;2100 UTC;0;921,9;922;921,8;246,3;12;8,6;14,1;12;9;8,4;81;68;80;187;4,1;1,2;
2026/08/07;2200 UTC;;;;;;;;;;;;;;;;;;
2026/08/07;2300 UTC;0;921,7;921,8;921,6;0;9,8;7,8;10,5;9,7;8;7,5;88;83;87;87;1,5;,6;
2026/08/08;0000 UTC;0;921,6;921,7;921,4;0;9,1;7,6;10,1;9;7,8;7,6;91;85;90;76;2,5;1,2;
2026/08/08;0100 UTC;0;920,9;921,5;920,9;0;8,6;7,5;9,1;8,6;7,6;7,4;93;90;93;67;3,8;1,5;
2026/08/08;0200 UTC;0;920,8;920,9;920,7;0;8,7;7,8;9,1;8,5;7,8;7,4;94;91;94;55;3,1;1,9;
2026/08/08;0300 UTC;0;920,6;920,7;920,5;0;8,6;8,5;9,1;8,6;8,5;7,8;99;94;99;79;3,7;1,7;
2026/08/08;0400 UTC;0;920;920,6;920;0;9,3;9,3;9,3;8,6;9,3;8,5;100;99;100;64;5,2;3,6;
2026/08/08;0500 UTC;0;919,7;920;919,7;0;9,8;9,8;9,8;8,7;9,8;8,7;100;99;100;51;5,8;4,6;
2026/08/08;0600 UTC;0;918,7;919,7;918,7;0;10,9;10,4;11;9,7;10,6;9,7;100;97;97;66;4,1;1,4;
2026/08/08;0700 UTC;0;918,3;918,7;918,2;0;11,2;11,1;11,2;10,6;11,1;10,4;100;97;100;66;1,4;1,4;
2026/08/08;0800 UTC;0;918,2;918,3;918,1;0;11,7;11,7;11,7;11,2;11,7;11,1;100;100;100;66;1,4;1,4;
2026/08/08;0900 UTC;0;918,1;918,2;918;0;12,2;12,2;12,2;11,7;12,2;11,7;100;100;100;72;4,3;4,3;
2026/08/08;1000 UTC;;;;;;;;;;;;;;;;;;
2026/08/08;1100 UTC;0;918,1;918,4;918,1;27,2;13,4;12,8;13,4;12,6;12,8;12,2;98;95;96;60;6,3;3,4;
2026/08/08;1200 UTC;0;918,2;918,3;917,8;111,8;14;13,2;14;13,4;13,3;12,7;96;95;95;39;5,5;3,1;
2026/08/08;1300 UTC;4,8;917,5;918,3;917,5;111,1;14,4;14,2;14,8;13,9;14,6;13,3;99;96;99;50;5,7;2,6;
2026/08/08;1400 UTC;2,2;917,3;918,6;917,3;225,9;15;14,8;15;14,4;14,9;14,2;100;98;98;42;5,2;2,2;
2026/08/08;1500 UTC;3,2;916,8;917,3;916,5;244,4;15,7;15,5;15,8;15;15,6;14,8;99;98;99;251;4,4;2,3;
2026/08/08;1600 UTC;1,8;916,8;917,1;916,4;319,5;16,2;16,1;16,2;15,7;16,1;15,5;100;99;100;276;5,8;2,9;
2026/08/08;1700 UTC;,2;915,9;916,8;915,5;283,3;16,5;16,4;16,5;16,1;16,4;16;100;99;100;297;5,4;3,1;
2026/08/08;1800 UTC;1;915,9;915,9;915,6;164,1;16,5;16,4;17,1;16,5;16,8;16,4;100;98;99;251;8,4;4,3;
2026/08/08;1900 UTC;;;;;;;;;;;;;;;;;;
2026/08/08;2000 UTC;,2;918,2;918,4;917,1;75,9;12,8;12,3;14,9;12,8;14,3;12,2;98;96;97;233;11,9;4,6;
2026/08/08;2100 UTC;;;;;;;;;;;;;;;;;;
2026/08/08;2200 UTC;0;920;920;919,3;0;12,4;12,1;12,8;12,4;12,5;12,1;99;97;98;286;2,7;1,2;
2026/08/08;2300 UTC;0;921,4;921,5;920;0;11,8;11,8;12,4;11,7;12,1;11,6;100;98;100;229;3,6;1,3;
2026/08/09;0000 UTC;0;922,1;922,1;921,4;0;11,4;11,1;11,9;11,4;11,9;11,1;100;98;98;230;4,8;2,4;
2026/08/09;0100 UTC;0;922,7;922,9;922,4;0;10,6;10,3;11,5;10,6;11,1;10,3;98;98;98;0;0;0;
2026/08/09;0200 UTC;0;923,6;923,6;922,7;0;10;10;10,6;9,8;10,3;9,8;100;98;100;341;3,5;,6;
2026/08/09;0300 UTC;0;924,2;924,2;923,6;0;9,7;9,6;10;9,7;10;9,6;100;99;99;297;3,2;,6;
2026/08/09;0400 UTC;0;924,1;924,5;924,1;0;10;10;10;9,6;10;9,5;100;99;100;191;3,2;1,8;
2026/08/09;0500 UTC;0;923,8;924,3;923,8;0;10,1;9,1;10,1;10;10,1;9,1;100;94;94;190;4,3;1,8;
2026/08/09;0600 UTC;0;923,4;923,9;923,4;0;9,7;9,1;10,1;9,7;9,4;8,8;97;93;96;122;2,8;1,1;
2026/08/09;0700 UTC;0;924;924;923,1;0;9,5;8,8;9,7;9,3;9,3;8,5;99;94;95;180;3,5;1;
2026/08/09;0800 UTC;0;924,5;924,5;923,7;0;8,7;8,2;9,5;8,7;8,8;8,2;97;96;97;125;3,2;1,4;
2026/08/09;0900 UTC;0;925,2;925,2;924,5;0;8,1;7,3;8,6;8,1;8,1;7,1;97;92;94;102;3,1;1,3;
2026/08/09;1000 UTC;0;926,1;926,1;925,3;0;7;6,4;8,1;7;7,3;6,4;97;95;96;111;2,9;1,3;
2026/08/09;1100 UTC;0;926,4;926,6;926,1;152,3;8,1;6,7;8,1;6,7;6,8;6,1;97;91;91;101;2,9;1;
2026/08/09;1200 UTC;0;926,9;926,9;926,3;711,5;9,1;6,5;9,1;8,2;6,9;5,7;90;80;84;135;4,6;1,6;
2026/08/09;1300 UTC;0;927,6;927,9;926,7;1381,4;9,2;5,8;9,4;8,6;6,3;5;84;75;80;143;7,3;3,4;
2026/08/09;1400 UTC;0;927,7;928,1;927,5;1555,7;10,8;6,4;10,8;9,2;6,7;5,4;82;72;74;116;6,9;2,4;
2026/08/09;1500 UTC;0;927,6;927,7;926,9;1774,3;12,2;7,8;12,2;10,9;7,9;5,8;78;70;74;58;6,4;2,1;
2026/08/09;1600 UTC;0;926,9;927,9;926,9;1878,2;12,8;6,8;13,4;12,1;8,3;6,1;74;63;67;88;4,7;1,8;
2026/08/09;1700 UTC;0;927,2;927,7;926,5;711,7;12;7,8;13,4;12;8,7;5,7;80;60;76;59;4,1;1,1;
2026/08/09;1800 UTC;,4;926,9;927,5;926,8;341,3;11,8;9,5;12;11,6;10,1;7,8;90;76;86;62;2,4;1,1;
2026/08/09;1900 UTC;0;927,2;927,3;926,5;418,9;12;8,5;12;11,7;9,7;8,4;87;79;79;104;3,4;1,2;
2026/08/09;2000 UTC;0;927,8;927,8;927,1;498,1;11,7;10;12,6;11,7;10;8,4;89;78;89;80;3,2;1,1;
2026/08/09;2100 UTC;;;;;;;;;;;;;;;;;;
2026/08/09;2200 UTC;0;928,9;928,9;928,4;0;10,5;9,9;11,4;10,5;10,2;9,9;96;92;96;78;2,3;,6;
2026/08/09;2300 UTC;0;929,7;929,7;929;0;10,9;9,9;10,9;10,4;10;9,8;97;94;94;131;3;1,4;
2026/08/10;0000 UTC;0;930,1;930,1;929,7;0;10,9;9,4;11,2;10,9;9,9;9,2;94;88;91;109;4,5;2;
2026/08/10;0100 UTC;0;930,6;930,6;930,1;0;10;8;10,7;10;9,5;8;93;86;87;146;3,6;1,5;
2026/08/10;0200 UTC;0;931,1;931,1;930,6;0;9;4,7;10;9;7,9;4,7;87;75;75;124;5,2;2;
2026/08/10;0300 UTC;0;931,4;931,5;931;0;8,3;4,7;9;8,3;5;4,5;79;75;78;139;5,1;2,7;
2026/08/10;0400 UTC;0;931,6;931,8;931,4;0;8;4,2;8,3;7,9;4,8;3,8;79;74;77;142;6,7;3;
2026/08/10;0500 UTC;0;931,4;931,6;931,4;0;8,5;5,7;8,5;7,8;5,8;4,2;83;77;82;119;6,5;3,7;
2026/08/10;0600 UTC;0;931,3;931,5;931,3;0;9,2;6,4;9,2;8,5;6,5;5,8;83;83;83;113;6;2,9;
2026/08/10;0700 UTC;0;931,4;931,5;931,2;0;9,1;4,8;9,3;9,1;6,6;4,8;84;75;75;121;5,3;2,3;
2026/08/10;0800 UTC;0;932,4;932,4;931,4;0;8,6;3,5;9,1;8,6;5;2,8;76;65;70;154;5,1;2;
2026/08/10;0900 UTC;0;933,4;933,4;932,4;0;8,3;3,2;8,5;7,5;5,6;3,2;88;70;70;136;8;2,1;
2026/08/10;1000 UTC;0;934,7;934,7;933,4;0;8,3;,3;8,4;8,2;2,8;0;68;56;57;137;7,6;2,2;
2026/08/10;1100 UTC;0;935,8;935,8;934,7;37,1;8;-,3;8,3;8;,3;-,6;58;54;56;128;8,9;2,5;
2026/08/10;1200 UTC;0;936,4;936,4;935,8;360;8,3;-,3;8,3;8;,3;-1;57;53;54;111;7,9;3;
2026/08/10;1300 UTC;0;936,6;936,7;936,3;1064,5;10,3;,7;10,3;8,4;1,2;-,7;55;50;51;113;9,1;2,6;
2026/08/10;1400 UTC;0;937,2;937,2;936,6;1600;11,3;,5;11,3;10,3;,9;-,7;52;44;47;119;6,7;2,5;
2026/08/10;1500 UTC;;;;;;;;;;;;;;;;;;
2026/08/10;1600 UTC;0;936;936,8;936;2746,6;14,8;1;15,1;13,3;3,8;,7;50;39;39;81;5,9;1,9;
2026/08/10;1700 UTC;0;934,9;936,1;934,9;2575,5;15,6;5,2;15,6;14,7;5,2;1,2;51;39;50;91;6,2;2,7;
2026/08/10;1800 UTC;0;934,5;934,9;934,5;2124,3;16,1;6,2;16,4;15,4;7,2;3,9;55;46;52;100;7,2;3,3;
2026/08/10;1900 UTC;0;934,2;934,5;934,1;1524,6;16,4;7,6;16,5;15,6;7,8;5,3;57;50;56;85;6;1,7;
2026/08/10;2000 UTC;;;;;;;;;;;;;;;;;;
2026/08/10;2100 UTC;;;;;;;;;;;;;;;;;;
2026/08/10;2200 UTC;;;;;;;;;;;;;;;;;;
2026/08/10;2300 UTC;0;935,1;935,2;934,7;0;12,5;10,1;12,7;12,5;10,4;10,1;87;85;86;119;4,8;1,8;
2026/08/11;0000 UTC;0;935,6;935,7;935,1;0;12;10,2;12,5;12;10,4;10,1;89;85;89;95;3,8;1,2;
2026/08/11;0100 UTC;0;935,7;936,1;935,6;0;12;9,6;12,1;12;10,3;9,6;89;85;85;89;4,9;2,7;
2026/08/11;0200 UTC;0;935,6;935,8;935,5;0;11,7;9,6;12;11,7;9,8;9,5;88;85;87;83;6,9;2,3;
2026/08/11;0300 UTC;0;935,3;936;935,2;0;11,4;9,1;11,7;11,3;9,7;9;88;85;86;74;6,1;2,7;
2026/08/11;0400 UTC;0;935,1;935,6;935,1;0;11,1;8,2;11,4;11,1;9;8,1;85;81;82;68;7,3;2,6;
2026/08/11;0500 UTC;0;934,4;935,1;934,2;0;10,7;8,5;11,1;10,7;8,5;8,2;86;82;86;79;9,3;3,5;
2026/08/11;0600 UTC;0;933,9;934,3;933,9;0;10,5;7,8;10,7;10,5;8,6;7,8;87;83;84;76;10,7;2,7;
2026/08/11;0700 UTC;0;933,6;933,9;933,6;0;10,2;8;10,5;10,2;8,1;7,6;87;83;86;74;9,8;3,4;
2026/08/11;0800 UTC;0;933,4;933,6;933,4;0;9,7;7,7;10,2;9,6;8,2;7,6;88;87;88;75;8,1;3,1;
2026/08/11;0900 UTC;0;933,3;933,5;933,2;0;9,2;7,8;9,6;9,2;7,9;7,5;92;87;91;64;10,9;4,3;
2026/08/11;1000 UTC;1,2;934;934,2;933,2;0;8,7;8;9,2;8,7;8,2;7,8;96;91;96;74;10,5;3,6;
2026/08/11;1100 UTC;2,2;934,4;934,5;934;16,3;8,2;7,7;8,7;8,2;8,1;7,7;97;96;97;71;10,3;4,6;
2026/08/11;1200 UTC;,4;934,7;934,8;934,3;139,9;8;7,3;8,2;8;7,7;7,3;97;95;96;68;11,2;4,7;
2026/08/11;1300 UTC;,4;935,3;935,5;934,7;236,2;7,8;7,1;8;7,8;7,5;6,9;96;94;96;64;11,3;4,8;
2026/08/11;1400 UTC;2;935,1;935,8;935,1;117;7,4;7;7,8;7,4;7,2;7;98;96;97;67;10,2;4,1;
2026/08/11;1500 UTC;,8;934,8;935,5;934,6;134,9;7,6;7,1;7,6;7,4;7,2;6,9;98;96;97;70;10;3,8;
2026/08/11;1600 UTC;5,1;934,6;935,2;934,5;114,7;7,7;7,3;7,7;7,6;7,4;7,1;98;97;98;72;9,3;3,2;
2026/08/11;1700 UTC;3,2;933,5;934,6;933,5;264,2;8,1;7,9;8,1;7,7;7,9;7,3;98;98;98;84;9,1;3,2;
2026/08/11;1800 UTC;1,6;932,7;933,6;932,7;231,6;8,5;8,2;8,5;8,1;8,2;7,8;98;97;98;79;6,9;2,7;
2026/08/11;1900 UTC;,4;932,2;932,7;932,1;252,7;8,8;8,5;8,8;8,5;8,5;8,1;98;97;98;90;7,1;3,1;
2026/08/11;2000 UTC;;;;;;;;;;;;;;;;;;
2026/08/11;2100 UTC;1,2;932,4;932,5;932,1;27,6;9,1;8,7;9,1;8,9;8,8;8,6;98;98;98;84;7;2,8;
2026/08/11;2200 UTC;,6;932,3;932,5;932,1;0;9,1;8,8;9,1;9,1;8,8;8,7;98;98;98;76;7,1;2,5;
2026/08/11;2300 UTC;0;932,5;932,7;932,3;0;9,2;8,9;9,2;9,1;8,9;8,7;98;97;98;80;7,4;2,7;
2026/08/12;0000 UTC;,2;932,9;933;931,9;0;9,4;9;9,4;9,2;9;8,8;98;97;97;69;7,5;2,9;
2026/08/12;0100 UTC;,6;933;933;932,4;0;9,5;9,2;9,5;9,4;9,2;9;98;97;98;63;6,1;2,1;
2026/08/12;0200 UTC;1;932,5;933;932,4;0;9,6;9,3;9,6;9,6;9,3;9,2;98;97;98;75;6,7;2,4;
2026/08/12;0300 UTC;,8;931,8;932,5;931,8;0;9,6;9,4;9,6;9,6;9,4;9,3;99;98;98;75;6,5;2,6;
2026/08/12;0400 UTC;1;931,1;931,7;931,1;0;9,7;9,4;9,7;9,6;9,5;9,4;99;98;98;75;7,6;2,9;
2026/08/12;0500 UTC;,6;930,9;931;930,6;0;9,9;9,6;9,9;9,7;9,6;9,5;99;98;98;76;6,4;2,7;
2026/08/12;0600 UTC;,6;929,4;931,1;929,4;0;9,8;9,6;9,9;9,8;9,6;9,5;98;98;98;87;7,4;3,5;
2026/08/12;0700 UTC;0;928,7;929,4;928,5;0;9,9;9,6;9,9;9,8;9,6;9,5;98;98;98;69;8,2;3,6;
2026/08/12;0800 UTC;,2;927,7;928,8;927,7;0;10;9,8;10,1;9,9;9,8;9,6;99;98;98;65;8,9;4,5;
2026/08/12;0900 UTC;0;927,8;927,8;927,4;0;10,3;9,9;10,3;10;9,9;9,8;98;97;97;69;9;2,5;
2026/08/12;1000 UTC;;;;;;;;;;;;;;;;;;
2026/08/12;1100 UTC;0;928;928;927,3;32,8;10,6;9,8;10,6;10,3;9,9;9,8;97;95;95;91;10,2;3,5;
2026/08/12;1200 UTC;0;929;929,4;927,9;112,8;10,8;10;10,8;10,6;10,1;9,8;96;95;95;94;8,7;2,2;
2026/08/12;1300 UTC;0;928,2;929,1;928,2;318;11,3;10,1;11,3;10,8;10,2;10;96;92;92;76;9,1;3,8;
2026/08/12;1400 UTC;0;929;929,4;928,2;542,4;12,2;11;12,2;11,3;11;10,1;94;90;92;99;8,8;2,8;
2026/08/12;1500 UTC;0;928,4;929,2;928,4;860;13;11,1;13;12,1;11,3;10,6;92;88;89;96;7,8;4,2;
2026/08/12;1600 UTC;0;927,6;928,5;927,6;771,5;13;11,5;13,3;13;11,7;11,1;91;87;90;86;7,4;3;
2026/08/12;1700 UTC;0;926,5;927,7;926,5;684,3;13,2;11,8;13,3;13;11,8;11,2;91;88;91;67;7,6;3,3;
2026/08/12;1800 UTC;0;926,1;926,5;926,1;597;13,3;11,8;13,4;13,2;12;11,5;92;89;90;77;7,1;1,9;
2026/08/12;1900 UTC;0;925,7;926,1;925,7;422,1;13,4;11,9;13,4;13,3;12;11,6;92;90;91;82;6,4;2,2;
2026/08/12;2000 UTC;;;;;;;;;;;;;;;;;;
2026/08/12;2100 UTC;0;925,5;925,6;925,4;72,5;12,9;11,8;13,3;12,9;12;11,8;94;92;93;68;5,4;2,8;
2026/08/12;2200 UTC;0;925,8;925,8;925,5;0;12,7;11,8;12,9;12,7;11,9;11,7;94;93;94;71;5,9;2;
2026/08/12;2300 UTC;0;925,9;925,9;925,7;0;12,5;11,8;12,7;12,5;11,9;11,7;96;94;95;66;5,3;1,9;
2026/08/13;0000 UTC;0;925,9;926,1;925,9;0;12,6;11,8;12,6;12,5;11,9;11,8;96;95;95;59;4,1;1,9;
2026/08/13;0100 UTC;0;925,8;925,9;925,8;0;12,6;11,7;12,7;12,6;11,8;11,7;95;94;95;65;4,9;2,4;
2026/08/13;0200 UTC;0;926,2;926,2;925,7;0;12,7;11,8;12,7;12,6;11,8;11,7;95;94;95;64;5;2,4;
2026/08/13;0300 UTC;0;926,6;926,6;926,1;0;12,8;11,9;12,9;12,6;11,9;11,8;95;93;94;72;5,8;1,1;
2026/08/13;0400 UTC;0;926,5;926,8;926,5;0;12,8;11,9;13;12,7;12;11,9;95;93;94;69;3,8;1,9;
2026/08/13;0500 UTC;;;;;;;;;;;;;;;;;;
2026/08/13;0600 UTC;0;925,7;926,3;925,7;0;13,1;12,1;13,1;12,7;12,1;11,9;95;94;94;59;4,6;2,1;
2026/08/13;0700 UTC;0;925,2;925,7;925,2;0;12,8;11,9;13;12,8;12,1;11,9;95;94;94;84;4,1;1,8;
2026/08/13;0800 UTC;0;925;925,4;924,9;0;13,3;12,3;13,3;12,6;12,3;11,9;95;93;94;82;4,5;2;
2026/08/13;0900 UTC;0;924,7;925,1;924,7;0;13,2;12,3;13,5;13,1;12,5;12,2;95;93;94;71;3,9;1,9;
2026/08/13;1000 UTC;0;925;925,2;924,7;0;13;12,3;13,2;13;12,4;12,3;96;94;95;62;4,2;2,3;
2026/08/13;1100 UTC;0;924,9;925,1;924,8;137,1;13,6;12,6;13,6;13;12,6;12,3;96;94;94;60;4,6;1,9;
2026/08/13;1200 UTC;0;926,3;926,3;925;155,4;14,1;13,6;14,1;13,6;13,6;12,6;97;94;96;355;5,2;1,1;
2026/08/13;1300 UTC;4,4;927,7;927,9;926,3;43;13,9;13,7;15,2;13,9;14,6;13,5;99;94;99;229;8,7;3,6;
2026/08/13;1400 UTC;4,6;927,1;927,8;927,1;71;13,9;13,9;13,9;13,7;13,9;13,6;100;99;100;206;6,8;2,4;
2026/08/13;1500 UTC;4,9;927,3;927,6;926,3;104,2;14,2;14,2;14,4;13,9;14,4;13,9;100;100;100;39;5,1;2;
2026/08/13;1600 UTC;4,9;926,1;927,8;926,1;455,8;15,8;15,7;15,8;14,3;15,7;14,3;100;99;99;70;3,1;,6;
2026/08/13;1700 UTC;0;925,8;926,2;925,8;677,6;15,7;15,6;16,6;15,6;16,4;15,3;99;97;99;74;3,1;,6;
2026/08/13;1800 UTC;0;925,8;926,1;925,8;248,2;16,1;15,9;16,2;15,7;16;15,5;99;98;99;273;1,8;,7;
2026/08/13;1900 UTC;;;;;;;;;;;;;;;;;;
2026/08/13;2000 UTC;;;;;;;;;;;;;;;;;;
2026/08/13;2100 UTC;0;927;927;926,2;37,2;16;15,9;16,2;16;16;15,8;99;99;99;236;2,7;1,2;
2026/08/13;2200 UTC;;;;;;;;;;;;;;;;;;
2026/08/13;2300 UTC;0;927,9;927,9;927;0;15,5;15,5;15,6;15,5;15,5;15,4;100;99;100;222;2,8;1,2;
2026/08/14;0000 UTC;0;928,3;928,3;927,9;0;15,4;15,4;15,5;15,4;15,5;15,4;100;100;100;202;2,5;1,4;
2026/08/14;0100 UTC;0;928,3;928,4;928,3;0;15,3;15,3;15,4;15,3;15,4;15,3;100;100;100;190;3,1;1,8;
2026/08/14;0200 UTC;0;928,4;928,4;928,1;0;15,2;15,1;15,3;15,2;15,3;15,1;100;100;100;151;2,2;1;
2026/08/14;0300 UTC;;;;;;;;;;;;;;;;;;
2026/08/14;0400 UTC;0;928,5;928,6;928,5;0;14,9;14,9;15,1;14,9;15,1;14,9;100;100;100;114;2,4;,9;
2026/08/14;0500 UTC;0;928,3;928,6;928,3;0;14,8;14,8;14,9;14,8;14,9;14,8;100;100;100;105;2,3;1;
2026/08/14;0600 UTC;0;927,8;928,3;927,8;0;14,6;14,6;14,8;14,6;14,8;14,6;100;100;100;97;2,5;,3;
2026/08/14;0700 UTC;0;927,5;927,8;927,5;0;14,7;14,7;14,7;14,6;14,7;14,6;100;100;100;129;1,8;,8;
2026/08/14;0800 UTC;0;927,3;927,5;927,3;0;14,6;14,6;14,7;14,6;14,7;14,6;100;100;100;113;2,1;1;
2026/08/14;0900 UTC;;;;;;;;;;;;;;;;;;
2026/08/14;1000 UTC;0;928;928,1;927,5;0;14,7;14,7;14,7;14,5;14,7;14,5;100;100;100;66;3,6;1,6;
2026/08/14;1100 UTC;;;;;;;;;;;;;;;;;;
2026/08/14;1200 UTC;0;929;929;928,4;362,4;16,1;15,6;16,1;15,3;15,7;15,3;100;97;97;53;6,6;3,7;
2026/08/14;1300 UTC;0;929,5;929,7;929;630,3;16,7;15,6;16,7;16,1;15,9;15,5;97;93;94;63;8;3,3;
2026/08/14;1400 UTC;0;929,7;929,9;929,4;885,6;16,9;15,5;16,9;16,5;15,7;15,3;93;91;91;49;7,4;3,7;
2026/08/14;1500 UTC;0;929,6;929,8;929,5;1100,9;16,9;15,3;17,7;16,8;16;15,3;92;88;91;59;6,9;3,1;
2026/08/14;1600 UTC;0;928,9;929,6;928,9;908,7;17,7;15,8;17,7;16,9;16;15,4;92;88;89;59;6;2,6;
2026/08/14;1700 UTC;0;928,5;929;928,5;1122,2;18,5;16,1;18,5;17,7;16,3;15,6;90;85;86;65;5,5;2,4;
2026/08/14;1800 UTC;0;928,1;928,5;928;1221,5;18,4;15,9;18,8;18,4;16,7;15,7;88;83;85;93;6,4;2,3;
2026/08/14;1900 UTC;0;927,4;928,1;927,3;1342,9;18,5;16,1;19,2;18,4;16,8;15,7;87;80;86;82;6,4;2,5;
2026/08/14;2000 UTC;;;;;;;;;;;;;;;;;;
2026/08/14;2100 UTC;0;927,9;928;927;80,4;16,6;15;17,7;16,6;15,6;15;91;87;90;89;6,1;1,7;
2026/08/14;2200 UTC;1,6;928,2;928,5;927,8;0;15,4;14,7;16,6;15,4;15;14,7;96;89;95;99;7,4;4,1;
2026/08/14;2300 UTC;,4;927,7;928,3;927,1;0;14,8;14,1;15,4;14,8;14,7;14,1;96;95;96;78;8,3;3,2;
2026/08/15;0000 UTC;1,8;928,9;930;927,8;0;14,5;14,1;14,8;14,5;14,1;14;98;95;97;53;10,9;6,2;
2026/08/15;0100 UTC;1,6;929,6;929,8;928,3;0;14,3;13,8;14,5;14,2;14;13,8;98;97;97;47;8,3;4,3;
2026/08/15;0200 UTC;0;929,7;929,7;929,1;0;14,1;13,7;14,3;14,1;13,9;13,6;98;96;97;65;8,6;2,9;
2026/08/15;0300 UTC;;;;;;;;;;;;;;;;;;
2026/08/15;0400 UTC;2,2;930,3;930,6;929,1;0;13,9;13,4;14;13,8;13,6;13,3;98;96;97;70;8,9;2,6;
2026/08/15;0500 UTC;;;;;;;;;;;;;;;;;;
2026/08/15;0600 UTC;0;928,9;929,3;928,7;0;13,9;13,1;14,1;13,9;13,2;13,1;96;94;95;60;8,6;3,5;
2026/08/15;0700 UTC;0;928,3;929,1;928,3;0;14,1;13,1;14,2;13,8;13,2;13;96;93;94;45;9,1;5,5;
2026/08/15;0800 UTC;0;928,1;928,3;928;0;14;12,9;14,2;14;13,1;12,9;94;92;93;50;11,1;5,9;
2026/08/15;0900 UTC;0;928,1;928,2;927,9;0;14,1;12,9;14,1;13,8;13;12,9;94;92;92;48;10;5,4;
2026/08/15;1000 UTC;0;928,5;928,6;928,1;,1;14;12,9;14,3;14;13;12,8;93;91;93;59;8,8;4,7;
2026/08/15;1100 UTC;;;;;;;;;;;;;;;;;;
2026/08/15;1200 UTC;0;929,2;929,2;928,7;567,4;15,7;13,6;15,9;14,5;13,8;13,1;91;87;87;64;9,8;4,5;
2026/08/15;1300 UTC;0;929,5;929,5;929,2;1284,5;17,1;14;17,2;15,7;14,6;13,6;88;82;82;70;9,5;3,9;
2026/08/15;1400 UTC;0;929,2;929,6;929,1;1620;18,5;15,1;18,8;17,1;15,5;14,1;84;78;80;62;9,4;4,3;
2026/08/15;1500 UTC;0;928,9;929,2;928,9;1558,1;19,4;15,7;19,8;18,5;16,1;14,9;83;76;79;47;9,4;4,1;
2026/08/15;1600 UTC;0;928,3;928,9;928,3;1999,7;21;16,5;21;19,4;17;15,4;80;74;75;43;8,7;4,1;
2026/08/15;1700 UTC;0;927,8;928,4;927,8;2256;21,6;17;22,2;21,1;17,9;16,3;79;71;75;54;8,1;3;
2026/08/15;1800 UTC;0;927,2;927,8;927,1;1166,2;21,8;17,4;22,2;21;18,1;16,9;81;75;76;37;7,5;4,3;
2026/08/15;1900 UTC;0;926,7;927,2;926,7;1520,2;21,7;17,5;22,2;21,5;18,3;17,3;80;75;77;63;7,2;3,1;
2026/08/15;2000 UTC;;;;;;;;;;;;;;;;;;
2026/08/15;2100 UTC;0;926,8;926,8;926,5;132;19,1;16,9;20,8;19,1;17,6;16,9;88;81;87;73;7,3;2,8;
2026/08/15;2200 UTC;0;927,3;927,3;926,6;,1;18;16;19,1;18;16,9;16;88;87;88;71;7,2;3,2;
2026/08/15;2300 UTC;,6;927,7;927,8;927,1;0;17;16;18;17;16,3;15,9;94;88;93;63;9,4;4,8;
2026/08/16;0000 UTC;,2;927,9;928;927,6;0;16,6;15,7;17;16,6;16,1;15,7;94;94;94;59;11,6;5,5;
2026/08/16;0100 UTC;0;928,4;928,4;927,9;0;16,5;15,4;16,7;16,4;15,6;15,3;94;93;93;60;11,4;5,6;
2026/08/16;0200 UTC;0;928,4;928,5;928,2;0;16,3;15,1;16,5;16,3;15,4;15,1;93;93;93;57;9,9;5;
2026/08/16;0300 UTC;0;928,1;928,5;928,1;0;16;14,9;16,3;16;15,1;14,9;93;92;93;59;10,1;5,1;
2026/08/16;0400 UTC;0;928;928,2;928;0;15,7;14,7;16;15,7;14,9;14,7;94;93;94;62;12,1;4,9;
2026/08/16;0500 UTC;;;;;;;;;;;;;;;;;;
2026/08/16;0600 UTC;0;928,2;928,3;928,2;0;16,3;15,1;16,4;16,2;15,1;14,9;93;92;92;66;12,2;4,8;
2026/08/16;0700 UTC;0;927,9;928,2;927,8;0;16,3;15;16,4;16,3;15,1;14,9;92;92;92;61;12,5;5,8;
2026/08/16;0800 UTC;0;927,4;927,9;927,4;0;16,3;14,9;16,4;16,3;15;14,9;92;91;92;60;11,2;5,6;
2026/08/16;0900 UTC;0;927,4;927,6;927,4;0;16,3;14,9;16,3;16,2;15;14,9;92;91;92;56;11,1;4,9;
2026/08/16;1000 UTC;0;927,1;927,6;927,1;0;15,9;14,8;16,3;15,9;14,9;14,8;93;91;93;65;9,9;4,6;
2026/08/16;1100 UTC;;;;;;;;;;;;;;;;;;
2026/08/16;1200 UTC;0;927,4;927,5;927,3;735,7;17,6;15,4;17,6;16,5;15,5;14,9;90;86;87;59;11,6;5,9;
2026/08/16;1300 UTC;0;927,8;927,9;927,4;915,6;18,4;15,7;18,4;17,6;15,9;15,4;87;84;84;61;10,3;4,6;
2026/08/16;1400 UTC;0;927,3;927,9;927,3;1726,5;20,1;16,5;20,1;18,5;16,5;15,7;85;79;80;54;10,9;5,5;
2026/08/16;1500 UTC;0;927;927,3;926,9;2323;21,9;17,4;21,9;20,2;17,5;16,2;79;74;76;57;9,3;4,6;
2026/08/16;1600 UTC;0;926,3;927;926,3;2245,3;23,7;17,4;23,7;22;18;16,8;76;66;68;45;9,8;5,3;
2026/08/16;1700 UTC;;;;;;;;;;;;;;;;;;
2026/08/16;1800 UTC;0;925,2;925,8;925,2;2231,2;24,2;18,3;24,5;24,1;18,9;17,7;72;67;69;56;10,1;4,8;
2026/08/16;1900 UTC;0;924,9;925,2;924,8;1687,7;24;18,2;24,4;23,9;18,9;18,1;73;68;70;64;9,2;4,4;
2026/08/16;2000 UTC;0;925,1;925,1;924,9;956,2;22,7;17,8;24;22,7;18,5;17,8;74;70;74;63;9,8;3,7;
2026/08/16;2100 UTC;0;925,3;925,3;925,2;267;20,9;17,4;22,7;20,9;17,9;17,3;80;73;80;68;8,4;3,7;
2026/08/16;2200 UTC;0;925,4;925,4;925,3;1,2;19,5;16,4;20,8;19,5;17,3;16,4;83;80;82;62;10,2;5;
2026/08/16;2300 UTC;;;;;;;;;;;;;;;;;;
2026/08/17;0000 UTC;0;926,4;926,4;926;0;18,4;16;19;18,4;16,1;16;86;83;86;57;10,4;5,8;
2026/08/17;0100 UTC;0;926,4;926,4;926,3;0;17,9;16,1;18,3;17,9;16,1;16;89;86;89;60;10,6;5,6;
2026/08/17;0200 UTC;0;926,7;926,7;926,4;0;17,7;16,2;18;17,7;16,3;16,1;91;89;91;62;10,1;4,1;
2026/08/17;0300 UTC;0;926,8;926,9;926,8;0;17,7;16,4;17,8;17,6;16,4;16,2;92;91;92;65;9,7;4,1;
2026/08/17;0400 UTC;0;927,1;927,1;926,8;0;17,6;16,4;17,7;17,6;16,4;16,3;93;92;92;66;8;3,2;
2026/08/17;0500 UTC;;;;;;;;;;;;;;;;;;
2026/08/17;0600 UTC;0;927,1;927,3;927,1;0;17,4;16,2;17,6;17,3;16,4;16,2;93;92;93;64;9,1;3,4;
2026/08/17;0700 UTC;0;926,8;927,2;926,8;0;17,3;16;17,4;17,3;16,2;16;93;92;92;53;8,3;3,4;
2026/08/17;0800 UTC;;;;;;;;;;;;;;;;;;
2026/08/17;0900 UTC;0;926,8;926,9;926,7;0;17,2;16;17,3;17;16;15,9;93;92;92;44;7,3;3,5;
2026/08/17;1000 UTC;0;926,9;927;926,7;,4;17,1;15,9;17,3;17,1;16;15,9;93;92;93;64;9,1;3,6;
2026/08/17;1100 UTC;;;;;;;;;;;;;;;;;;
2026/08/17;1200 UTC;0;927,6;927,6;927;680,3;18,5;16,4;18,7;17,5;16,5;16;91;86;87;48;8;3,8;
2026/08/17;1300 UTC;0;927,8;927,8;927,5;1110,4;21,1;17,3;21,1;18,5;17,6;16,3;88;78;79;58;7;2,9;
2026/08/17;1400 UTC;;;;;;;;;;;;;;;;;;
2026/08/17;1500 UTC;0;927,6;927,6;927,5;2372,2;25,3;18,5;25,3;23,6;19,1;17,6;72;63;66;46;7;2,9;
2026/08/17;1600 UTC;0;927,2;927,7;927,2;2130,2;27,1;18,3;27,1;25,4;19,1;17,5;65;58;59;32;5;2,2;
2026/08/17;1700 UTC;;;;;;;;;;;;;;;;;;
2026/08/17;1800 UTC;0;925,2;926,2;925,2;2228,4;28,9;17,4;29,4;28,4;17,8;15,6;51;44;50;11;6,7;3,9;
2026/08/17;1900 UTC;0;925;925,2;925;1687,8;29,3;16,3;29,6;28,9;18,2;16,1;51;44;45;339;6;3,3;
2026/08/17;2000 UTC;0;925,2;925,2;925;928,2;29;17,5;29,4;29;18,2;16,2;52;45;50;333;5,1;1,8;
2026/08/17;2100 UTC;0;925,2;925,2;925,1;304;26,8;17,4;29,1;26,8;19,5;17,1;58;49;56;12;2,4;1,4;
2026/08/17;2200 UTC;0;925,5;925,5;925,2;,1;25,4;14,8;26,8;25,2;17,5;14,8;60;52;52;14;3,1;2;
2026/08/17;2300 UTC;0;926,1;926,1;925,5;0;25,4;14,4;25,7;25;14,9;14;53;49;51;10;3,1;1,8;
2026/08/18;0000 UTC;0;926,6;926,6;926,1;0;24,8;14,2;25,7;24,6;14,6;14,1;53;49;52;27;5,7;3,6;
2026/08/18;0100 UTC;0;927;927;926,7;0;21,3;15,9;24,8;21,3;15,9;14,3;71;52;71;54;4,9;2,8;
2026/08/18;0200 UTC;0;926,9;927;926,8;0;21,4;17,6;21,5;21,1;17,6;16;79;72;79;56;4,8;2,9;
2026/08/18;0300 UTC;0;926,8;926,9;926,7;0;21,1;17,4;21,5;21;17,7;17,4;80;79;79;59;5,6;3,3;
2026/08/18;0400 UTC;0;926,8;926,8;926,8;0;21,1;17,1;21,4;21;17,5;17;79;77;78;57;5,7;2,9;
2026/08/18;0500 UTC;0;926,6;926,9;926,6;0;20,5;16,6;21;20,4;17,1;16,6;79;78;79;58;4,9;2,8;
2026/08/18;0600 UTC;0;926,7;926,7;926,6;0;20;16,4;20,6;19,7;16,7;16,4;82;78;80;62;4,3;2,3;
2026/08/18;0700 UTC;0;926,7;926,8;926,6;0;19,9;16,3;20,1;19,8;16,5;16,2;81;79;80;57;4,9;3,2;
2026/08/18;0800 UTC;0;926,5;926,7;926,5;0;20;16,3;20,2;19,9;16,4;16,2;80;78;79;56;5,3;3,3;
2026/08/18;0900 UTC;0;927;927;926,5;0;19,3;16,1;20;19,3;16,4;16;83;79;82;55;4,9;3,1;
2026/08/18;1000 UTC;0;927,3;927,3;927;,4;19,4;15,9;19,5;19,2;16,1;15,8;82;80;80;53;5,1;3,6;
2026/08/18;1100 UTC;;;;;;;;;;;;;;;;;;
2026/08/18;1200 UTC;0;928,7;928,7;928;763,9;22,3;17,1;22,3;20,1;17,1;15,5;78;66;72;21;5,9;3,3;
2026/08/18;1300 UTC;0;928,8;928,9;928,7;893,6;24,1;16,5;24,2;22,4;17;15,6;70;60;62;13;6,4;4,1;
2026/08/18;1400 UTC;0;928,8;928,9;928,8;2107,2;26,2;17,1;26,2;24,1;17,7;16,3;64;56;58;349;7,6;3,8;
2026/08/18;1500 UTC;0;928,3;928,8;928,3;2376,1;27,7;16,9;27,7;26,2;17,7;16,5;58;51;52;358;8,3;4,4;
2026/08/18;1600 UTC;0;927,9;928,3;927,9;2263,8;28,9;17,5;28,9;27,7;17,5;15,6;51;47;50;340;10,3;4,1;
2026/08/18;1700 UTC;0;927,5;927,9;927,5;2509,4;29,5;17,1;29,5;28,5;17,8;16,1;51;46;47;319;9,6;3,7;
2026/08/18;1800 UTC;0;927,3;927,5;927,3;1606;28,7;16,2;29,7;28,6;17,1;15,1;48;44;47;332;8,5;4;
2026/08/18;1900 UTC;0;927,2;927,4;927,1;1411,2;28,6;16,3;29,4;28,4;16,8;15,3;48;43;47;323;7,1;3,3;
2026/08/18;2000 UTC;0;927,4;927,5;927,2;686,3;27,8;16;28,6;27,7;17,2;15,7;51;47;49;329;6;2,3;
2026/08/18;2100 UTC;;;;;;;;;;;;;;;;;;
2026/08/18;2200 UTC;0;928;928;927,4;,5;25,6;14,8;25,9;25,5;15,6;14,5;53;50;51;339;5,7;3;
2026/08/18;2300 UTC;0;928,2;928,3;928;0;24,6;14,8;25,7;24,5;15;14,5;55;50;54;359;5,3;2,5;
2026/08/19;0000 UTC;0;928,4;928,5;928,1;0;24,8;14,7;25;24,4;14,9;14,4;55;52;54;336;4,6;2,5;
2026/08/19;0100 UTC;0;929,3;929,5;928,6;0;21,5;16,5;24,4;21,5;16,5;14,7;73;55;73;177;8,7;1,6;
2026/08/19;0200 UTC;0;929,1;929,4;928,9;0;20,5;16,4;21,4;20,5;16,6;16,1;78;74;78;73;3,5;,9;
2026/08/19;0300 UTC;0;929,4;929,5;929;0;19,3;16,1;20,9;19,3;16,5;15,8;82;73;82;122;6,7;,8;
2026/08/19;0400 UTC;0;929;929,4;928,9;0;18,9;16,1;20;18,8;16,2;15,9;84;78;84;73;2,2;1,2;
2026/08/19;0500 UTC;0;928,9;929;928,8;0;19,7;16;19,8;18,9;16,2;15,9;84;79;79;85;2,8;1,5;
2026/08/19;0600 UTC;0;928,3;928,9;928,2;0;19,7;15,8;20;18,8;16,2;15,8;84;77;78;78;2,8;1,5;
2026/08/19;0700 UTC;0;928,1;928,2;928;0;19,7;15,9;19,8;19,3;16,1;15,7;81;77;79;86;2,7;1,5;
2026/08/19;0800 UTC;4,6;929;929,6;928,1;,5;17,6;17,1;19,8;17,5;17,1;15,9;97;79;97;7;8,9;2,7;
2026/08/19;0900 UTC;0;928,6;929,1;928,4;0;18,3;17,1;18,4;17,6;17,5;16,9;97;92;92;180;5,5;1;
2026/08/19;1000 UTC;1,4;929,6;929,6;928,7;1,4;17,5;17,3;18,3;17,5;17,6;17,2;98;93;98;215;4,7;2,6;
2026/08/19;1100 UTC;;;;;;;;;;;;;;;;;;
2026/08/19;1200 UTC;1;930,7;930,8;930,1;110,9;17,7;17,5;17,7;17,3;17,5;17,1;99;97;99;48;4,9;1,2;
2026/08/19;1300 UTC;0;930,6;931,2;930,5;333,1;18;17,6;18,1;17,7;17,9;17,5;99;97;97;70;3;1,6;
2026/08/19;1400 UTC;0;930,8;931,1;930,6;890,7;18,9;18,2;19,2;18,1;18,6;17,7;98;93;95;56;4;2;
2026/08/19;1500 UTC;0;930,3;930,8;930,3;985;19,8;18,3;19,8;18,9;18,8;17,8;96;90;91;56;4,5;1,3;
2026/08/19;1600 UTC;0;929,9;930,3;929,9;469,1;19,9;18,7;20;19,8;18,8;18;93;89;93;85;2,6;,7;
2026/08/19;1700 UTC;0;930;930,1;929,9;363,4;19,8;18,5;20;19,7;18,9;18,2;95;90;92;248;3,1;1,4;
2026/08/19;1800 UTC;;;;;;;;;;;;;;;;;;
2026/08/19;1900 UTC;0;929;929,4;929;451,2;20;18,9;20,5;20;19,1;18,6;93;89;93;194;5,6;3,5;
2026/08/19;2000 UTC;0;928,1;928,9;927,9;301,4;20,1;18,4;20,2;19,9;18,9;18,1;94;88;90;112;5,4;2,8;
2026/08/19;2100 UTC;;;;;;;;;;;;;;;;;;
2026/08/19;2200 UTC;0;927,7;927,8;927,5;,1;19,5;17,9;19,5;19;18,2;17,6;93;89;91;71;5,4;2;
2026/08/19;2300 UTC;0;928,1;928,1;927,7;0;19,4;17,5;19,6;19,2;18,1;17,5;92;89;89;64;3,7;2;
2026/08/20;0000 UTC;0;927,9;928,3;927,9;0;20,1;17,3;20,1;18,9;17,8;17,3;92;84;84;103;6,8;3,4;
2026/08/20;0100 UTC;0;928,1;928,2;928;0;18,9;17,5;20,1;18,8;17,7;17,5;92;85;92;49;5,3;1,5;
2026/08/20;0200 UTC;0;927,7;928,1;927,7;0;19,2;17,3;19,3;18,7;17,5;17,3;92;89;89;74;4,8;1,9;
2026/08/20;0300 UTC;0;926,9;927,6;926,9;0;19,6;17,6;19,7;19,1;17,7;17,3;90;88;88;69;8,8;3,2;
2026/08/20;0400 UTC;0;926,3;927;926,3;0;19,2;17,6;19,7;19,2;17,7;17,6;91;88;91;65;8;3,5;
2026/08/20;0500 UTC;0;925,6;926,3;925,6;0;18,9;17,3;19,3;18,9;17,7;17,3;92;90;91;66;8,6;3,7;
2026/08/20;0600 UTC;0;924,7;925,6;924,7;0;19;16,4;19;18,9;17,4;16,4;91;85;85;63;10,1;4,6;
2026/08/20;0700 UTC;,2;924,4;924,7;924,3;0;18,6;16,2;19;18,6;16,4;16,2;86;85;86;60;10,1;4,9;
2026/08/20;0800 UTC;0;924,3;924,4;924;0;18,3;16,2;18,7;18,3;16,3;16,2;88;86;87;58;11,5;4,8;
2026/08/20;0900 UTC;0;924,8;925;924,2;0;17,9;16,2;18,3;17,9;16,2;16,1;90;88;89;30;9,8;3,6;
2026/08/20;1000 UTC;;;;;;;;;;;;;;;;;;
2026/08/20;1100 UTC;;;;;;;;;;;;;;;;;;
2026/08/20;1200 UTC;0;925,5;925,5;924,9;578;19,1;16,4;19,1;17,9;16,7;16,2;90;84;85;36;6,1;3,4;
2026/08/20;1300 UTC;0;925,8;925,8;925,3;484,2;19,6;16,7;19,6;19,1;16,8;16,3;86;82;84;8;7,3;4,3;
2026/08/20;1400 UTC;0;925,4;925,8;925,4;547,8;19,8;17,4;19,8;19,3;17,7;16,4;88;82;86;320;7,4;2,9;
2026/08/20;1500 UTC;0;924,9;925,5;924,9;631,5;19,1;17,6;19,8;19,1;17,6;17,3;91;86;91;321;9,4;4,1;
2026/08/20;1600 UTC;4,4;924;924,7;923,9;277,8;18;17,5;19,1;18;18;17,5;97;90;97;309;8,1;3,7;
2026/08/20;1700 UTC;0;922,2;924;922,2;921,7;18,3;17,5;18,5;18;17,7;17,1;97;93;95;351;7,5;2,9;
2026/08/20;1800 UTC;0;921,6;922,4;921,6;567,3;18,5;17,7;18,7;18,3;18;17,4;96;94;95;312;5,9;2,6;
2026/08/20;1900 UTC;0;921,6;921,9;921,5;267,1;18,3;17,3;18,5;18,2;17,8;17,3;96;93;94;299;7,5;4;
2026/08/20;2000 UTC;,2;922,1;922,2;921,4;38,4;15,2;14,4;18,3;15,2;17,3;14,4;95;92;95;255;10;5,7;
2026/08/20;2100 UTC;;;;;;;;;;;;;;;;;;
2026/08/20;2200 UTC;;;;;;;;;;;;;;;;;;
2026/08/20;2300 UTC;0;924,4;924,4;923,5;0;14;12,2;14,3;14;12,9;12,2;92;89;89;268;7,4;3,8;
2026/08/21;0000 UTC;0;924,7;924,7;924,4;0;13,5;11,2;14;13,5;12,2;11;89;85;86;309;7,8;3,8;
2026/08/21;0100 UTC;0;924,8;924,8;924,6;0;12,7;10,4;13,4;12,7;10,8;9,9;86;83;86;285;9,9;4;
2026/08/21;0200 UTC;0;925,2;925,2;924,8;0;11,8;10;12,6;11,8;10,4;9,4;89;83;89;271;11,5;5,2;
2026/08/21;0300 UTC;0;925,8;925,9;925,1;0;9;8,3;11,8;9;10,2;8,2;96;89;96;257;13,7;6,2;
2026/08/21;0400 UTC;0;925,9;926,1;925,7;0;8,9;7,7;9;8,9;8,4;7,6;96;91;92;258;11;5;
2026/08/21;0500 UTC;0;926;926;925,7;0;8,7;6,6;8,9;8,7;7,5;6,6;91;86;87;274;10;5,7;
2026/08/21;0600 UTC;0;925,4;926;925,4;0;8,5;7,2;8,8;8,5;7,2;6,6;92;87;92;298;9,9;3,4;
2026/08/21;0700 UTC;0;925,8;925,8;925,3;0;8,4;7,3;8,5;8,4;7,4;7;93;90;93;290;7,3;4,3;
2026/08/21;0800 UTC;,4;926;926;925,7;0;8,1;8;8,4;8,1;8;7,4;99;93;99;266;7,5;3,8;
2026/08/21;0900 UTC;,2;925,9;926,1;925,8;0;8,2;8;8,2;8,1;8,1;7,9;99;98;99;268;9;3,4;
2026/08/21;1000 UTC;,2;926,2;926,2;925,8;,2;8,3;8,1;8,3;8,2;8,1;8;99;98;98;273;7;3,7;
2026/08/21;1100 UTC;0;927,2;927,2;926,2;62,3;8,5;8;8,5;8,3;8,2;8;98;97;97;276;8;3,8;
2026/08/21;1200 UTC;0;927,7;927,8;927,2;419,1;9,1;8,2;9,1;8,5;8,2;7,6;97;91;94;278;6,7;3,2;
2026/08/21;1300 UTC;0;928,5;928,5;927,7;478,4;9,4;8,1;9,5;9,1;8,2;7,6;94;89;92;272;8,4;4,3;
2026/08/21;1400 UTC;0;928,6;928,7;928,3;1068,6;10,6;8;10,7;9,3;8,7;7,7;92;84;84;288;7,7;3;
2026/08/21;1500 UTC;0;928,4;928,8;928,4;2032,4;12,8;7,4;12,9;10,4;9,2;7,2;88;69;69;289;7,8;3,6;
2026/08/21;1600 UTC;0;928,4;928,5;928,3;2573,4;14,2;6;14,2;12,2;8,5;5,8;76;58;58;276;7,4;3,9;
2026/08/21;1700 UTC;0;927,8;928,4;927,8;3142;15,2;6,8;15,3;14;8,2;5,6;65;55;57;272;8,5;4,2;
2026/08/21;1800 UTC;0;927,6;927,8;927,6;2103,7;14,7;6,2;15,7;14,5;7,3;5,3;59;52;56;257;9,6;3,3;
2026/08/21;1900 UTC;0;928;928;927,6;1640,4;14,5;5,9;16;14,5;6,2;4,6;56;49;56;231;9,8;4,6;
2026/08/21;2000 UTC;0;928,7;928,8;928,1;934,6;14;5,9;15,4;14;6,9;5,5;61;54;58;236;9,9;5,8;
2026/08/21;2100 UTC;;;;;;;;;;;;;;;;;;
2026/08/21;2200 UTC;0;929,9;929,9;929,4;1,3;11,4;6,8;12,2;11,4;6,9;6,5;74;69;73;230;6,7;2;
2026/08/21;2300 UTC;0;930,4;930,4;929,8;0;9,8;7;11,3;9,8;7,2;6,6;83;75;82;216;3,1;1,8;
2026/08/22;0000 UTC;0;930,8;930,8;930,4;0;9,1;7;9,8;9,1;7,2;6,8;87;82;87;313;2,5;,2;
2026/08/22;0100 UTC;0;930,8;931;930,7;0;8,9;7;9,2;8,7;7,1;6,8;90;87;87;246;2;,9;
2026/08/22;0200 UTC;0;930,8;930,9;930,7;0;8,6;6,9;9;8,6;7;6,9;89;87;89;249;2,2;1,4;
2026/08/22;0300 UTC;0;930,8;931,1;930,7;0;8;6,8;8,6;8;6,9;6,8;92;89;92;246;2,2;,9;
2026/08/22;0400 UTC;0;930,6;930,9;930,6;0;7,2;6,6;8,1;7,2;6,9;6,2;96;90;96;215;2,2;,4;
2026/08/22;0500 UTC;0;930,3;930,7;930,3;0;7,2;6,5;7,6;7,2;6,8;6,3;96;93;95;166;1,5;,1;
2026/08/22;0600 UTC;0;930,1;930,4;930,1;0;6,6;5,7;7,2;6,6;6,5;5,7;96;94;94;228;1,7;1,7;
2026/08/22;0700 UTC;0;929,8;930;929,7;0;5,9;5,7;6,5;5,8;5,8;5,3;98;95;98;228;1,7;1,7;
2026/08/22;0800 UTC;0;929,6;929,8;929,5;0;5,5;5,2;6;5,5;5,7;5,2;99;98;98;197;1,7;,2;
2026/08/22;0900 UTC;0;930,3;930,3;929,6;0;5,1;4,8;5,5;5,1;5,4;4,8;99;98;98;197;,2;,2;
2026/08/22;1000 UTC;0;930,8;930,9;930,3;0;5,1;4,8;5,1;4,6;4,9;4,3;99;98;98;197;,2;,2;
2026/08/22;1100 UTC;0;931,5;931,5;930,8;214,4;5,9;5,4;5,9;4,6;5,4;4,2;99;96;97;197;,2;,2;
2026/08/22;1200 UTC;0;932,2;932,2;931,4;1005,2;7,7;6;7,9;5,9;6,2;5,1;96;82;89;197;,2;,2;
2026/08/22;1300 UTC;0;932,6;932,6;932,2;1193,7;9,7;5,4;9,7;7,7;6,7;5;91;74;75;287;3,6;2,2;
2026/08/22;1400 UTC;0;932,6;932,8;932,6;1899,7;10,8;6;10,8;9,7;6,6;5,2;79;72;72;263;5;2,2;
2026/08/22;1500 UTC;0;932,3;932,6;932,2;2704,2;11,1;5,6;11,7;10,4;6,3;5,2;73;65;68;271;6,7;4,1;
2026/08/22;1600 UTC;0;931,7;932,2;931,6;2351,5;12,5;6,1;12,7;10,8;6,9;5,3;72;62;65;282;8,7;4,4;
2026/08/22;1700 UTC;0;930,9;931,7;930,9;3185,3;13,8;4,2;13,9;12,6;6,4;3,7;64;51;52;264;8,9;4,2;
2026/08/22;1800 UTC;0;930,3;931;930,2;2579,3;14,8;3,4;15;13,6;5,3;2,2;56;42;46;277;8,3;4,5;
2026/08/22;1900 UTC;0;930,1;930,3;930;1971,6;14,6;2;14,9;14,1;3,7;,9;49;40;42;277;8;3,7;
2026/08/22;2000 UTC;0;930,1;930,1;930;1188,8;14,1;1;14,6;13,9;2;-1,6;43;33;41;254;7,8;3,2;
2026/08/22;2100 UTC;0;930,2;930,2;930,1;350,7;12,4;2,1;14;12,4;2,6;1,1;50;42;49;271;5,3;2,4;
2026/08/22;2200 UTC;0;930,4;930,4;930,2;2,8;10;3,3;12,3;10;3,5;1,2;63;47;63;240;3,5;,9;
2026/08/22;2300 UTC;0;930,6;930,6;930,4;0;8,9;2,5;10;8,6;4;2,1;71;59;64;31;3,2;,4;
2026/08/23;0000 UTC;0;931,1;931,1;930,6;0;7,8;2,9;9;7,8;3,2;2,1;72;62;71;211;2,3;,9;
2026/08/23;0100 UTC;0;931,2;931,3;931,2;0;7;2,3;8;7;2,6;1,8;72;67;72;246;1,7;,6;
2026/08/23;0200 UTC;0;931,2;931,2;931,1;0;6,6;1,7;7,3;6,6;2,6;1,5;73;67;70;355;,8;,3;
2026/08/23;0300 UTC;0;930,9;931,2;930,9;0;6,2;1,3;6,6;6;2;1,3;74;70;71;173;1,1;,4;
2026/08/23;0400 UTC;0;930,9;930,9;930,8;0;5,5;1,3;6,5;5,4;1,8;1,2;75;69;74;59;2,2;1;
2026/08/23;0500 UTC;0;930,6;930,9;930,6;0;5,6;,9;6,4;5,1;1,7;,6;76;68;72;87;1,6;,4;
2026/08/23;0600 UTC;0;930,4;930,6;930,4;0;4,6;1,1;6;4,6;1,2;,8;78;70;78;69;2;,6;
2026/08/23;0700 UTC;0;930,3;930,4;930,2;0;4,7;1,1;5,3;4,4;1,4;1;80;74;78;85;1,8;,5;
2026/08/23;0800 UTC;0;930,3;930,3;930,1;0;3,7;1,1;5;3,7;1,2;,9;84;74;83;88;1,7;,5;
2026/08/23;0900 UTC;0;930,5;930,6;930,3;0;3,7;1;4;3,6;1,3;,8;83;80;82;69;2,3;,8;
2026/08/23;1000 UTC;0;931,3;931,3;930,5;1,6;2,5;,9;4,1;2,5;1;,9;89;80;89;92;2,1;,9;
2026/08/23;1100 UTC;0;931,5;931,5;931,3;271;4,5;2,5;4,5;2,5;2,5;,9;91;84;87;68;2,7;1,1;
2026/08/23;1200 UTC;0;931,9;931,9;931,5;1079,8;6,4;3,5;6,6;4,5;3,6;2,5;87;78;82;64;3,6;1,1;
2026/08/23;1300 UTC;0;932,4;932,4;931,9;1015,1;8,1;1,9;8,1;6,4;3,3;,3;80;59;65;131;3,5;1,4;
2026/08/23;1400 UTC;0;932,6;932,6;932,4;2538,7;9,9;,8;10,3;8,3;3,8;-,8;71;46;53;171;4;1,8;
2026/08/23;1500 UTC;0;932,3;932,6;932,3;2773,8;12,3;1,7;12,5;9,9;3,4;0;58;46;48;344;3,4;1,7;
2026/08/23;1600 UTC;0;931,4;932,3;931,4;2741,1;14,6;-1,2;14,6;12,1;3,2;-2,7;52;33;34;272;4,9;1,7;
2026/08/23;1700 UTC;0;931,1;931,4;931,1;2988,8;14,1;-6,4;14,8;13,8;1,6;-6,7;42;23;23;208;5,1;3;
2026/08/23;1800 UTC;0;930,7;931;930,6;2565,9;14,8;-5,9;15,4;14,3;-3,1;-6;29;23;23;190;6,3;3,5;
2026/08/23;1900 UTC;0;930,7;930,7;930,4;2023,2;15,1;-3,8;15,7;14,6;-2,4;-5,9;29;23;27;198;7,8;3,7;
2026/08/23;2000 UTC;;;;;;;;;;;;;;;;;;
2026/08/23;2100 UTC;0;931;931,1;931;373,5;13,7;-1,6;15;13,7;-1,4;-3,3;35;29;35;236;4,4;2;
2026/08/23;2200 UTC;0;931,3;931,3;931;1,4;11,1;-,1;13,6;10,9;2,3;-1,4;52;36;46;134;2,9;,7;
2026/08/23;2300 UTC;0;931,7;931,7;931,3;0;9,6;1,6;11,4;9,6;2;-1;58;42;57;177;1,5;,9;
2026/08/24;0000 UTC;0;931,9;931,9;931,7;0;9,3;,2;11,2;9,2;1,5;-,7;56;44;53;190;3,3;1,3;
2026/08/24;0100 UTC;0;932;932;931,9;0;9,6;-1,9;10,6;9,4;,5;-2,2;51;43;44;133;4,5;2,1;
2026/08/24;0200 UTC;0;931,9;932,1;931,9;0;9,1;-3,9;9,7;8,7;-2;-3,9;45;40;40;138;4,8;1,5;
2026/08/24;0300 UTC;0;931,8;931,9;931,8;0;8,8;-4,3;9,3;8,8;-3,2;-4,9;42;37;39;119;6,3;3,2;
2026/08/24;0400 UTC;0;931,3;931,8;931,3;0;7,2;-1,6;9;7,2;-1,6;-5,3;54;36;54;110;6,1;2;
2026/08/24;0500 UTC;0;931,2;931,5;931,2;0;7,5;-2,8;7,5;5,6;-,8;-3,8;62;46;48;108;6,7;3,6;
2026/08/24;0600 UTC;0;930,8;931,2;930,8;0;4,8;-1,3;7,5;4,8;-,9;-3;65;48;65;86;7,5;2,5;
2026/08/24;0700 UTC;0;930,7;930,9;930,7;0;5,1;-1,3;5,1;4,5;-1;-1,5;66;63;63;83;4,1;2,1;
2026/08/24;0800 UTC;0;930,5;930,7;930,5;0;3,5;-1,1;5,3;3,4;-,6;-1,3;73;63;72;67;5,3;1,8;
2026/08/24;0900 UTC;;;;;;;;;;;;;;;;;;
2026/08/24;1000 UTC;0;931,9;931,9;931;3;4,5;-,7;5,1;3,8;-,5;-1,3;73;64;69;81;4,9;2,2;
2026/08/24;1100 UTC;0;932,4;932,5;931,9;146,9;4,4;,4;4,9;4,1;,6;-,9;76;68;75;67;4,2;1,7;
2026/08/24;1200 UTC;0;932,9;933;932,4;1037,7;7;2,7;7;4,4;2,9;,5;76;69;74;73;5,8;2,3;
2026/08/24;1300 UTC;0;932,5;932,9;932,5;1093,2;9,1;4,4;9,1;7;4,5;2,7;77;71;72;98;6,2;3,1;
2026/08/24;1400 UTC;;;;;;;;;;;;;;;;;;
2026/08/24;1500 UTC;0;931,9;932,7;931,9;2796,5;15,1;4,7;15,1;13,3;6,7;4,4;62;50;50;62;6;1,9;
2026/08/24;1600 UTC;0;930,8;931,8;930,8;2719,1;16,9;4,5;16,9;15,1;6,3;3,7;55;42;44;87;5,2;1,2;
2026/08/24;1700 UTC;0;929,7;930,8;929,7;2952,1;17,7;5,3;18,2;16,6;5,6;3,4;46;39;44;140;3,2;1,6;
2026/08/24;1800 UTC;0;929;929,7;929;2532,6;19,1;4,6;19,2;17,8;5,5;2,8;44;36;38;135;3,6;1,1;
2026/08/24;1900 UTC;0;928,6;929;928,6;1805,7;19;4,9;19,4;18,9;5,8;2,5;42;32;39;178;4,4;1,6;
2026/08/24;2000 UTC;;;;;;;;;;;;;;;;;;
2026/08/24;2100 UTC;0;928,6;928,6;928,4;153;15,5;7,5;17,6;15,5;8,3;3,1;59;39;59;63;2,3;,8;
2026/08/24;2200 UTC;0;928,8;928,8;928,5;,1;15,4;7;15,9;15,1;7,3;4,6;58;47;57;169;1,8;,9;
2026/08/24;2300 UTC;0;928,8;929;928,7;0;14,5;5,4;15,2;14,2;6,8;3;59;45;54;116;3,9;1,9;
2026/08/25;0000 UTC;0;929,6;929,6;928,8;0;13,2;4,8;14,4;13,2;5,8;3;59;47;56;116;3,7;,6;
2026/08/25;0100 UTC;0;929,2;929,5;929,1;0;13,2;4,2;14;12,5;5,3;3,3;61;49;54;112;6,9;3,5;
2026/08/25;0200 UTC;;;;;;;;;;;;;;;;;;
2026/08/25;0300 UTC;0;929;929,2;929;0;11,9;8,9;12,5;11,7;9,6;6,6;83;71;82;84;5,8;2;
2026/08/25;0400 UTC;0;928,8;928,9;928,5;0;11,9;9,8;12,2;11,8;9,9;9;88;82;87;65;6,9;2,6;
2026/08/25;0500 UTC;0;928,2;928,8;928,2;0;11,1;9,6;11,9;11,1;9,8;9,6;90;87;90;84;6,3;2,4;
2026/08/25;0600 UTC;0;928,1;928,3;928;0;10,7;9,6;11,1;10,7;9,6;9,5;93;90;93;65;6,3;3,1;
2026/08/25;0700 UTC;0;927,6;928,3;927,6;0;10,9;9,7;10,9;10,6;9,7;9,6;93;92;93;60;7,2;3,6;
2026/08/25;0800 UTC;0;927,2;927,6;927,2;0;10,8;9,8;10,9;10,7;9,8;9,7;94;93;93;54;7,6;4,2;
2026/08/25;0900 UTC;0;927,3;927,3;927,1;0;10,8;9,9;10,9;10,7;9,9;9,8;94;93;94;56;8,3;3,7;
2026/08/25;1000 UTC;0;927,7;927,9;927,3;1,6;10,7;9,8;10,9;10,7;9,9;9,8;94;94;94;60;6,4;3,3;
2026/08/25;1100 UTC;0;928,5;928,5;927,7;187;11,2;10,1;11,2;10,8;10,1;9,9;94;93;93;65;5,8;2,3;
2026/08/25;1200 UTC;0;929;929;928,4;693,8;12,6;10,8;12,6;11,2;11;10,1;93;89;89;65;5,1;2,1;
2026/08/25;1300 UTC;0;929,1;929,1;928,9;1097,2;14,5;11,3;14,5;12,6;11,8;10,7;89;81;81;65;6,3;2,4;
2026/08/25;1400 UTC;0;928,9;929,2;928,9;2068,7;16,2;12,1;16,2;14,6;12,2;11;83;73;77;56;6;2,9;
2026/08/25;1500 UTC;0;928,5;929;928,4;2358,5;17,8;12,7;17,8;16,1;12,7;11,2;75;68;72;73;5,5;2;
2026/08/25;1600 UTC;0;927,4;928,5;927,4;2386,7;19;12,5;19,2;17,9;13;11,4;71;62;66;26;5,1;2,9;
2026/08/25;1700 UTC;0;927;927,5;927;2801,7;20,9;12,6;20,9;18,8;13;11,4;67;57;59;326;5,6;1,3;
2026/08/25;1800 UTC;0;926,3;927;926,2;2188,5;21,6;9,4;21,6;19,7;13,1;9;64;45;46;334;5,5;2,7;
2026/08/25;1900 UTC;;;;;;;;;;;;;;;;;;
2026/08/25;2000 UTC;;;;;;;;;;;;;;;;;;
2026/08/25;2100 UTC;0;925,8;925,9;925,3;272,3;19,5;11,2;21,1;19,5;11,2;9,4;59;47;59;292;4,3;1;
2026/08/25;2200 UTC;0;925,7;925,8;925,7;3;17,8;10,5;19,4;17,3;11,4;9,6;64;58;62;32;1,5;,6;
2026/08/25;2300 UTC;0;926,4;926,4;925,7;0;16,6;9,9;17,6;16,2;10,7;9,5;68;61;64;97;3,5;2,1;
2026/08/26;0000 UTC;0;926,5;926,5;926,3;0;15,5;12;17;15,2;12;9,8;80;63;80;73;3,5;1,3;
2026/08/26;0100 UTC;0;927;927,1;926,5;0;14,6;12;15,4;14,6;12,2;12;85;81;85;85;4,8;1,4;
2026/08/26;0200 UTC;0;926,8;927;926,8;0;13,8;12,1;14,5;13,8;12,2;11,9;90;85;89;54;5,7;3,5;
2026/08/26;0300 UTC;0;926,3;926,7;926,3;0;12,5;11,5;13,8;12,5;12,1;11,5;94;90;94;90;6,4;2,6;
2026/08/26;0400 UTC;0;926,1;926,5;926,1;0;11,9;11,1;12,8;11,8;11,6;11,1;96;91;95;64;6,5;2,4;
2026/08/26;0500 UTC;0;925,4;926,1;925,4;0;11,8;10,9;12,1;11,8;11,1;10,9;95;94;94;87;5;1,9;
2026/08/26;0600 UTC;0;925,1;925,4;925,1;0;12;10,8;12;11,6;10,9;10,7;94;93;93;83;4,6;2;
2026/08/26;0700 UTC;0;925;925,1;924,8;0;11,6;10,6;12,1;11,5;10,8;10,6;95;92;94;74;4,6;1,8;
2026/08/26;0800 UTC;0;924,7;925;924,7;0;11,6;10,5;11,9;11,2;10,8;10,3;96;92;93;95;6,6;3,1;
2026/08/26;0900 UTC;0;924,5;924,7;924,5;0;10,5;10;11,5;10,5;10,5;10;97;93;97;62;4,9;2,5;
2026/08/26;1000 UTC;0;925,3;925,3;924,5;3,6;10;9,8;10,6;10;10,1;9,7;99;97;99;61;5;2,6;
2026/08/26;1100 UTC;0;925,9;925,9;925,3;110,9;10,2;10,2;10,2;10;10,2;9,8;100;99;100;85;5,6;2,7;
2026/08/26;1200 UTC;0;926,5;926,6;925,9;461,1;11,2;11,2;11,2;10,2;11,2;10,2;100;100;100;79;6,1;2,5;
2026/08/26;1300 UTC;0;926,8;926,8;926,4;1268,7;13,9;12,3;13,9;11,2;12,5;11,2;100;90;90;86;5,8;2,2;
2026/08/26;1400 UTC;0;926,8;926,9;926,6;2390,6;17,8;13,9;17,8;13,9;13,9;12,2;90;77;78;57;7,2;2,9;
2026/08/26;1500 UTC;0;926;926,8;926;2521,4;19,8;13,3;19,8;17,6;14,1;12,8;79;64;66;40;6,4;3,6;
2026/08/26;1600 UTC;0;925,2;926;925,2;2618,4;20,9;13,6;21;19,4;14,1;12,2;69;60;63;51;6,3;3,3;
2026/08/26;1700 UTC;0;924,2;925,2;924,2;2807,1;22,3;13,8;22,3;21;14,3;12,6;66;57;59;41;6;2,8;
2026/08/26;1800 UTC;0;923,1;924,2;923,1;2391,8;23,5;14,7;23,5;22;14,9;13,1;62;53;58;78;6,7;1,5;
2026/08/26;1900 UTC;;;;;;;;;;;;;;;;;;
2026/08/26;2000 UTC;;;;;;;;;;;;;;;;;;
2026/08/26;2100 UTC;0;922,1;922,3;922;305,5;20,5;15,1;22,6;20,5;15,2;14,7;71;62;71;59;5,1;2,5;
2026/08/26;2200 UTC;0;922,4;922,5;922,1;2;19,1;14,8;20,5;19,1;15,1;14,8;76;71;76;65;5,2;2,2;
2026/08/26;2300 UTC;0;922,8;922,8;922,4;0;18,7;14,7;19,2;18,7;14,8;14,7;78;75;77;65;7,2;2,9;
2026/08/27;0000 UTC;0;923,6;923,6;922,8;0;18,2;14,9;18,8;18,2;14,9;14,7;81;77;81;61;6,3;3,1;
2026/08/27;0100 UTC;0;923,9;923,9;923,6;0;17;14,6;18,1;17;14,9;14,6;86;81;86;59;5,9;3,2;
2026/08/27;0200 UTC;0;924;924;923,8;0;16,3;14,3;17;16,3;14,6;14,3;88;86;88;61;6,1;3,1;
2026/08/27;0300 UTC;0;923,8;924;923,8;0;15,6;14;16,3;15,6;14,3;14;90;88;90;60;6;3;
2026/08/27;0400 UTC;0;923,7;923,8;923,7;0;15,1;13,7;15,6;15,1;14;13,7;92;90;92;61;7,6;3,8;
2026/08/27;0500 UTC;0;923,2;923,7;923,2;0;14,5;13,5;15,1;14,5;13,7;13,5;94;91;93;63;5,9;3;
2026/08/27;0600 UTC;0;922,6;923,1;922,6;0;14,2;13,4;14,6;14,2;13,5;13,3;95;93;95;64;7;3,9;
2026/08/27;0700 UTC;0;922,3;922,6;922,2;0;13,9;13,2;14,2;13,9;13,4;13,2;96;95;96;63;7,8;3,5;
2026/08/27;0800 UTC;0;922,4;922,4;922,3;0;13,5;13,1;13,8;13,5;13,2;13,1;97;96;97;68;7,9;3,1;
2026/08/27;0900 UTC;;;;;;;;;;;;;;;;;;
2026/08/27;1000 UTC;0;923;923;922,6;4,5;13,7;13,1;13,7;13,6;13,1;13;97;96;96;74;6,3;3;
2026/08/27;1100 UTC;0;923,7;923,7;923;283,8;14,4;13,5;14,4;13,7;13,5;13;96;93;94;63;8,5;3,3;
2026/08/27;1200 UTC;0;924,1;924,1;923,7;885,9;16,5;14,4;16,5;14,4;14,5;13,4;94;87;87;59;7,8;3,7;
2026/08/27;1300 UTC;0;924,1;924,2;924;1308,4;18,3;14,8;18,4;16,4;15,2;14,2;88;79;80;43;7,3;3,4;
2026/08/27;1400 UTC;0;923,4;924;923,4;2418,2;20,8;15,6;20,8;18,5;15,9;14,6;79;69;72;36;8;4,4;
2026/08/27;1500 UTC;0;922,5;923,4;922,5;2695;22,6;15,5;22,8;20,8;16,2;14,8;72;63;64;31;8,4;4,6;
2026/08/27;1600 UTC;0;921;922,5;921;2596,8;25,2;15,9;25,4;22,7;16,7;15,3;66;57;57;24;7,5;4,2;
2026/08/27;1700 UTC;0;920,1;921;920,1;2264,2;25,9;15,6;26,7;24,7;16,7;15,1;59;50;53;9;8,5;4,6;
2026/08/27;1800 UTC;;;;;;;;;;;;;;;;;;
2026/08/27;1900 UTC;;;;;;;;;;;;;;;;;;
2026/08/27;2000 UTC;;;;;;;;;;;;;;;;;;
2026/08/27;2100 UTC;0;918,8;918,8;918,5;319,4;25,2;17,2;27;25,2;17,6;16,8;62;54;61;5;5,2;2,6;
2026/08/27;2200 UTC;0;919,4;919,4;918,8;17,8;23,6;16,6;25,2;23,6;17,5;16,5;65;62;65;27;3,9;2,6;
2026/08/27;2300 UTC;0;919,9;920;919,4;0;23,7;16,3;24,2;23,5;16,6;16,2;65;62;63;20;5,7;3,4;
2026/08/28;0000 UTC;0;920,4;920,4;919,9;0;22,2;16,5;23,9;22,2;16,6;16,1;70;62;70;43;6,8;3,8;
2026/08/28;0100 UTC;0;920,5;920,5;920,3;0;21,1;16,7;21,8;21,1;16,9;16,5;76;73;76;45;9,5;5,7;
2026/08/28;0200 UTC;0;920,4;920,6;920,4;0;20,5;16,3;21,1;20,5;16,7;16,3;77;75;77;46;9,4;5,8;
2026/08/28;0300 UTC;0;920,7;920,7;920,4;0;20,2;16,1;20,5;20;16,3;16,1;79;77;78;55;9,3;4,6;
2026/08/28;0400 UTC;;;;;;;;;;;;;;;;;;
2026/08/28;0500 UTC;0;920,3;920,8;920,3;0;19,7;15,8;20;19,7;16;15,8;78;77;78;44;7,2;4,1;
2026/08/28;0600 UTC;0;919,8;920,4;919,8;0;19,1;15,7;19,7;19,1;15,8;15,7;81;78;81;50;6,7;4,5;
2026/08/28;0700 UTC;0;919,5;919,8;919,4;0;18,8;15,6;19,2;18,7;15,8;15,6;83;80;82;41;7,4;4,2;
2026/08/28;0800 UTC;0;919;919,5;919;0;19,1;15,5;19,2;18,7;15,7;15,5;83;80;80;19;7,8;4,3;
2026/08/28;0900 UTC;0;918,3;919;918,3;0;19,1;15,5;19,4;18,4;15,7;15,5;83;78;80;31;6,9;4,6;
2026/08/28;1000 UTC;0;918;918,3;918;8;19,4;15,4;19,4;19,1;15,6;15,4;79;78;78;21;9,5;5,6;
2026/08/28;1100 UTC;0;917,9;918,1;917,8;184,5;20,8;15,9;20,8;19,3;15,9;15,4;78;72;73;16;9,6;5,1;
2026/08/28;1200 UTC;0;918,2;918,3;917,9;812,4;23,2;16,9;23,2;20,8;16,9;15,8;73;67;68;1;8,2;4,3;
2026/08/28;1300 UTC;0;918,4;918,6;918,2;1095,1;24,7;17,2;24,7;23,2;17,2;16,7;68;62;63;347;9,6;6;
2026/08/28;1400 UTC;;;;;;;;;;;;;;;;;;
2026/08/28;1500 UTC;0;917,7;918,3;917,7;2157,4;27,2;17,1;27,6;25,9;17,8;16,9;60;53;54;305;12,4;6,2;
2026/08/28;1600 UTC;0;917;917,8;916,9;2129,5;28,4;17,2;28,5;27,1;17,8;16,9;56;50;51;310;12;5,9;
2026/08/28;1700 UTC;0;916,1;917;916,1;2168,2;29,9;16,9;30;28,4;17,5;16,4;51;44;46;308;14,5;6,6;
2026/08/28;1800 UTC;0;915,8;916,3;915,7;1434,5;28,7;16,3;29,8;28,7;16,8;15,7;48;43;47;308;17,6;7,4;
2026/08/28;1900 UTC;;;;;;;;;;;;;;;;;;
2026/08/28;2000 UTC;0;915,5;915,6;915,4;835,3;29,1;15;29,4;29;16,4;14,4;47;40;42;310;11,8;4,5;
2026/08/28;2100 UTC;;;;;;;;;;;;;;;;;;
2026/08/28;2200 UTC;0;917,1;917,1;916,4;2,6;26,3;15,8;27,9;26,3;15,8;15,3;53;47;53;322;4,6;1,5;
2026/08/28;2300 UTC;0;917,8;917,8;917,1;0;25,3;14,7;26,5;25,3;15,8;14,7;53;50;52;353;4,9;2,8;
2026/08/29;0000 UTC;0;918,2;918,3;917,8;0;25,1;14,4;25,6;25,1;15;14,2;53;50;51;0;5,4;2,7;
2026/08/29;0100 UTC;0;918,9;918,9;917,9;0;22,8;16,3;25,2;22,8;16,5;13,9;67;50;67;252;8,9;3,4;
2026/08/29;0200 UTC;0;919,1;919,2;919;0;20,1;16,9;22,7;20;17,3;16,6;83;68;82;165;6,1;,4;
2026/08/29;0300 UTC;0;919,6;919,6;919,1;0;20;16,6;20,1;19,7;17;16,6;83;80;81;34;1,8;,9;
2026/08/29;0400 UTC;0;919,6;919,7;919,5;0;20,3;16,5;21,9;20;16,6;16,2;81;71;79;174;1,3;,6;
2026/08/29;0500 UTC;0;919;919,6;919;0;21,5;16,4;21,5;20,3;16,5;16,2;79;73;73;69;,9;,2;
2026/08/29;0600 UTC;0;918,5;919;918,4;0;20,7;16,9;21,9;20,6;17,1;16,4;79;73;79;86;1,9;,9;
2026/08/29;0700 UTC;,8;918,1;918,9;918,1;0;20;17,1;20,9;19,5;17,3;16,2;87;75;83;80;2,9;,8;
2026/08/29;0800 UTC;;;;;;;;;;;;;;;;;;
2026/08/29;0900 UTC;2;918,3;918,9;917,9;,1;18,4;16,4;19,6;18,1;16,9;16,1;92;82;88;34;3,8;1,7;
2026/08/29;1000 UTC;;;;;;;;;;;;;;;;;;
2026/08/29;1100 UTC;1,2;919,2;919,3;918,9;75,1;18,9;18,2;19,1;17,5;18,2;16,9;98;94;95;17;4;2,6;
2026/08/29;1200 UTC;,2;919,9;920;919;97,4;18,5;18;19;18,5;18,2;17,8;98;94;97;126;5,9;,9;
2026/08/29;1300 UTC;5,7;920,5;921,2;919,9;135,3;18,3;18,1;18,7;18;18,3;17,7;99;97;99;160;9;,8;
2026/08/29;1400 UTC;0;920,7;921;920,4;195,4;18,4;17,9;18,5;18,3;18,2;17,8;99;97;97;169;3,9;1,7;
2026/08/29;1500 UTC;0;920,8;920,9;920,6;193,3;18,8;18,4;18,8;18,4;18,4;17,9;98;96;98;81;2,8;,6;
2026/08/29;1600 UTC;0;920,1;920,9;919,8;421,7;19,5;18,6;19,5;18,7;18,7;18,3;98;95;95;63;2,9;1,5;
2026/08/29;1700 UTC;0;919,1;920,1;919,1;2107,8;22,4;19,1;22,4;19,5;20,3;18,5;95;80;82;31;3,1;1,2;
2026/08/29;1800 UTC;0;918,7;919,1;918,5;2368,7;24,7;19,4;24,7;22,4;20,3;18,6;87;71;72;315;4,2;2,2;
2026/08/29;1900 UTC;0;918,6;918,9;918,6;1599,5;24,6;20;24,9;24,1;20;18,8;76;71;76;268;5,4;2,5;
2026/08/29;2000 UTC;0;919,2;919,2;918,5;724;22,2;19,4;24,5;22,2;20,3;19,3;85;75;84;208;7,7;4,1;
2026/08/29;2100 UTC;0;920,1;920,2;919,2;247,4;19,3;17,9;22,1;19,3;19,4;17,9;91;84;91;186;7,9;3,5;
2026/08/29;2200 UTC;0;921;921;920,2;1,8;16,9;16,1;19,3;16,9;17,9;16,1;96;92;95;163;7,4;2,9;
2026/08/29;2300 UTC;0;921,8;921,8;921;0;16,7;15,7;16,9;16,5;16,2;15,7;97;94;94;153;4,9;1,8;
2026/08/30;0000 UTC;0;922,4;922,5;921,6;0;16,7;15,4;17;16,7;15,6;15,3;94;90;92;79;6,1;1,2;
2026/08/30;0100 UTC;6,5;922,9;923,4;922,8;0;16,1;15,3;16,7;16;15,7;15,2;97;94;95;132;5;2,1;
2026/08/30;0200 UTC;0;923,3;923,5;923;0;16;14,8;16,1;16;15,3;14,8;96;93;93;153;5,4;1,8;
2026/08/30;0300 UTC;0;923,5;923,6;923,2;0;15,8;14,6;16;15,7;15;14,5;94;92;93;106;6;2;
2026/08/30;0400 UTC;;;;;;;;;;;;;;;;;;
2026/08/30;0500 UTC;0;922,8;923,2;922,8;0;15,5;14,6;15,6;15,5;14,6;14,5;95;93;94;111;7,1;3,3;
2026/08/30;0600 UTC;0;922,5;922,8;922,4;0;15,9;14,9;16;15,5;15,1;14,6;95;93;94;107;8,3;3,9;
2026/08/30;0700 UTC;0;922,1;922,9;922;0;15,7;15,5;15,9;15,6;15,5;14,8;99;94;99;100;8;3,7;
2026/08/30;0800 UTC;;;;;;;;;;;;;;;;;;
2026/08/30;0900 UTC;0;922,5;922,6;922,1;0;16,6;16,6;16,8;16,3;16,8;16,3;100;100;100;93;4,7;2,5;
2026/08/30;1000 UTC;;;;;;;;;;;;;;;;;;
2026/08/30;1100 UTC;0;922,9;922,9;922,5;166,5;17,5;17,1;17,5;17,1;17,1;16,9;99;97;97;103;6,9;3,7;
2026/08/30;1200 UTC;0;924;924,3;922,9;192,2;17,8;17,1;17,9;17,6;17,2;17;97;95;96;61;6,7;3,3;
2026/08/30;1300 UTC;0;923,5;924;923,5;725;19;17,2;19,1;17,7;17,6;16,7;96;86;90;56;7;1,7;
2026/08/30;1400 UTC;0;924,4;924,4;923,5;1047,2;19,3;17,8;19,8;19;17,8;16,9;93;86;91;20;6,7;3,6;
2026/08/30;1500 UTC;0;923,8;924,5;923,8;563,1;19,4;17,9;19,7;19,3;17,9;17,1;91;85;91;35;7,4;3;
2026/08/30;1600 UTC;0;923,1;923,7;922,8;1242;20,5;18,6;20,5;19,5;18,8;17,9;93;89;89;46;6;2,3;
2026/08/30;1700 UTC;0;922,2;923,1;922,2;858;20,6;18,8;21,1;20,4;19,3;18,4;91;85;90;12;5,4;2,6;
2026/08/30;1800 UTC;1;921,3;922,7;921,3;912,1;20,9;19,1;20,9;19,9;19,8;18,7;96;90;90;26;5,5;2,4;
2026/08/30;1900 UTC;;;;;;;;;;;;;;;;;;
2026/08/30;2000 UTC;0;921,7;921,8;921,4;260,9;20,3;18,5;21,1;20,3;19,1;18,2;90;84;89;351;5,2;2,1;
2026/08/30;2100 UTC;;;;;;;;;;;;;;;;;;
2026/08/30;2200 UTC;0;921,1;921,3;920,8;1;19,2;18,5;19,8;19,2;18,6;18,4;96;93;96;88;3,8;,7;
2026/08/30;2300 UTC;0;922,1;922,4;920,9;0;19,3;18,6;19,3;19,1;18,6;18,3;96;94;96;99;2,9;1,6;
2026/08/31;0000 UTC;0;923,1;923,1;922,1;0;18,9;18,3;19,3;18,9;18,7;18,3;98;96;96;35;4,1;2,3;
2026/08/31;0100 UTC;1,8;923,3;924,1;922,3;,3;17,7;17,2;18;17,1;17,2;16,6;98;93;97;69;8,4;1,8;
2026/08/31;0200 UTC;0;922,8;923,5;922,8;0;17,9;17;18;17,4;17,2;16,9;98;94;94;71;6,5;2,7;
2026/08/31;0300 UTC;0;922,7;922,8;922,5;0;17,4;16,7;17,9;17,4;17,1;16,7;98;94;96;84;6,3;2,7;
2026/08/31;0400 UTC;;;;;;;;;;;;;;;;;;
2026/08/31;0500 UTC;2,6;922,6;923,4;922,2;0;16,2;15,8;16,9;16,2;16,4;15,8;98;97;97;110;6;2,7;
2026/08/31;0600 UTC;,2;922,2;922,7;921,9;0;16,2;15,9;16,3;16;15,9;15,7;98;97;98;86;5,9;2,1;
2026/08/31;0700 UTC;,4;922,5;922,7;920,3;0;16;15,6;16,2;15,9;15,9;15,6;98;97;98;138;7,6;2,9;
2026/08/31;0800 UTC;3;920,3;922,1;920,2;0;15,6;15,2;16;15,5;15,6;15,1;99;97;98;73;7,3;3;
2026/08/31;0900 UTC;,2;920,7;921,1;919,7;0;15,5;15;15,6;15,5;15,2;15;98;97;97;59;9,1;4,8;
2026/08/31;1000 UTC;;;;;;;;;;;;;;;;;;
2026/08/31;1100 UTC;2,8;922,5;922,5;920,9;18,3;16,5;16,2;16,7;15,8;16,4;15,5;99;97;98;12;10,9;4,1;
2026/08/31;1200 UTC;2,4;923,1;923,1;922;87,4;16,2;16;16,8;16,2;16,5;16;99;97;99;159;6;3,3;
2026/08/31;1300 UTC;6,7;922,4;923,1;922,4;80,1;16,5;16,2;16,5;16,2;16,3;16;99;98;98;52;8,8;4,5;
2026/08/31;1400 UTC;4;923;923,2;922,4;160,7;16,6;16,4;16,6;16,4;16,4;16,2;99;98;98;32;7,6;3,7;
2026/08/31;1500 UTC;3,4;922,3;923,1;922,2;241,3;16,7;16,5;16,8;16,6;16,7;16,4;99;98;99;86;6;1,7;
2026/08/31;1600 UTC;2,8;921,1;923,1;921,1;312;16,9;16,6;16,9;16,7;16,7;16,4;99;98;98;95;5,6;2,5;
2026/08/31;1700 UTC;3,2;920,7;920,9;920,3;215,2;16,7;16,4;16,9;16,7;16,6;16,4;99;98;98;185;6,3;1,5;
2026/08/31;1800 UTC;6,7;921,4;921,4;919,8;109,1;16,1;15,9;16,7;16;16,5;15,8;99;98;99;221;5,1;2,8;
2026/08/31;1900 UTC;;;;;;;;;;;;;;;;;;
2026/08/31;2000 UTC;1,4;919,8;920,7;918,6;91,3;15;14,4;15,5;15;15,1;14,2;97;95;96;103;8,5;3,2;
2026/08/31;2100 UTC;;;;;;;;;;;;;;;;;;
2026/08/31;2200 UTC;1,2;920,4;920,9;918,4;0;14,5;14,2;14,6;14,4;14,2;14;98;96;98;52;7,9;3,7;
2026/08/31;2300 UTC;,8;920;922,2;917,8;0;14,5;13,9;15,1;14,5;14,4;12,9;98;89;96;48;13,6;5,9;
